order,min_memo,max_memo,sum_memo,memorized,d_moves,pin_changes,max_pin_changes
L R U DR D UR FS,2,7,25,6,3,14,4
L R U DR UR D FS,2,7,25,6,3,16,4
L U R DR D UR FS,2,7,25,6,3,10,3
L U R DR UR D FS,2,7,25,6,3,12,3
R L U DR D UR FS,2,7,25,6,3,14,4
R L U DR UR D FS,2,7,25,6,3,16,4
R U DR D L UR FS,2,7,25,6,3,12,3
R U DR D UR L FS,2,7,25,6,3,14,3
R U DR L D UR FS,2,7,25,6,3,14,3
R U DR L UR D FS,2,7,25,6,3,16,3
R U DR UR D L FS,2,7,25,6,3,14,3
R U DR UR L D FS,2,7,25,6,3,14,3
R U L DR D UR FS,2,7,25,6,3,12,3
R U L DR UR D FS,2,7,25,6,3,14,3
U L R DR D UR FS,2,7,25,6,3,12,4
U L R DR UR D FS,2,7,25,6,3,14,4
U R DR D L UR FS,2,7,25,6,3,10,3
U R DR D UR L FS,2,7,25,6,3,12,3
U R DR L D UR FS,2,7,25,6,3,12,3
U R DR L UR D FS,2,7,25,6,3,14,3
U R DR UR D L FS,2,7,25,6,3,12,3
U R DR UR L D FS,2,7,25,6,3,12,3
U R L DR D UR FS,2,7,25,6,3,14,4
U R L DR UR D FS,2,7,25,6,3,16,4
D L DR R U UR FS,2,12,26,6,3,10,3
D L DR U R UR FS,2,12,26,6,3,12,3
D L R DR U UR FS,2,12,26,6,3,12,4
D L U DR R UR FS,2,12,26,6,3,10,3
D R L DR U UR FS,2,12,26,6,3,14,4
D U L DR R UR FS,2,12,26,6,3,12,4
L D DR R U UR FS,2,12,26,6,3,8,2
L D DR U R UR FS,2,12,26,6,3,10,3
L D R DR U UR FS,2,12,26,6,3,10,3
L D U DR R UR FS,2,12,26,6,3,12,4
L R D DR U UR FS,2,12,26,6,3,12,4
L U D DR R UR FS,2,12,26,6,3,10,4
R D L DR U UR FS,2,12,26,6,3,12,3
R L D DR U UR FS,2,12,26,6,3,12,4
U D L DR R UR FS,2,12,26,6,3,12,4
U L D DR R UR FS,2,12,26,6,3,8,2
L R U UR DR D FS,2,11,29,6,3,12,4
L U R UR DR D FS,2,11,29,6,3,10,2
L U UR R DR D FS,2,11,29,6,3,8,2
R L U UR DR D FS,2,11,29,6,3,12,4
R U L UR DR D FS,2,11,29,6,3,12,3
R U UR D DR L FS,2,11,29,6,3,12,3
R U UR DR D L FS,2,11,29,6,3,10,2
R U UR DR L D FS,2,11,29,6,3,12,3
R U UR L DR D FS,2,11,29,6,3,12,3
U L R UR DR D FS,2,11,29,6,3,12,4
U L UR R DR D FS,2,11,29,6,3,10,3
U R L UR DR D FS,2,11,29,6,3,14,4
U R UR D DR L FS,2,11,29,6,3,12,3
U R UR DR D L FS,2,11,29,6,3,10,2
U R UR DR L D FS,2,11,29,6,3,12,3
U R UR L DR D FS,2,11,29,6,3,12,3
U UR L R DR D FS,2,11,29,6,3,12,4
U UR R D DR L FS,2,11,29,6,3,10,3
U UR R DR D L FS,2,11,29,6,3,8,2
U UR R DR L D FS,2,11,29,6,3,10,3
U UR R L DR D FS,2,11,29,6,3,12,4
DR D L R U UR FS,2,11,30,6,3,11,4
DR D L U R UR FS,2,11,30,6,3,9,2
DR D R L U UR FS,2,11,30,6,3,11,4
DR D R U L UR FS,2,11,30,6,3,11,3
DR D R U UR L FS,2,11,30,6,3,11,3
DR D U L R UR FS,2,11,30,6,3,13,4
DR D U R L UR FS,2,11,30,6,3,15,4
DR D U R UR L FS,2,11,30,6,3,13,4
DR L D R U UR FS,2,11,30,6,3,11,3
DR L D U R UR FS,2,11,30,6,3,13,4
DR L R D U UR FS,2,11,30,6,3,15,4
DR L R U D UR FS,2,11,30,6,3,17,4
DR L R U UR D FS,2,11,30,6,3,15,4
DR L U D R UR FS,2,11,30,6,3,13,4
DR L U R D UR FS,2,11,30,6,3,13,3
DR L U R UR D FS,2,11,30,6,3,13,3
DR R D L U UR FS,2,11,30,6,3,9,2
DR R D U L UR FS,2,11,30,6,3,13,4
DR R D U UR L FS,2,11,30,6,3,13,4
DR R L D U UR FS,2,11,30,6,3,13,4
DR R L U D UR FS,2,11,30,6,3,15,4
DR R L U UR D FS,2,11,30,6,3,13,4
DR R U D L UR FS,2,11,30,6,3,13,4
DR R U D UR L FS,2,11,30,6,3,15,4
DR R U L D UR FS,2,11,30,6,3,11,3
DR R U L UR D FS,2,11,30,6,3,13,3
DR R U UR D L FS,2,11,30,6,3,11,3
DR R U UR L D FS,2,11,30,6,3,11,3
DR U D L R UR FS,2,11,30,6,3,15,4
DR U D R L UR FS,2,11,30,6,3,17,4
DR U D R UR L FS,2,11,30,6,3,15,4
DR U L D R UR FS,2,11,30,6,3,11,3
DR U L R D UR FS,2,11,30,6,3,15,4
DR U L R UR D FS,2,11,30,6,3,15,4
DR U R D L UR FS,2,11,30,6,3,13,3
DR U R D UR L FS,2,11,30,6,3,15,3
DR U R L D UR FS,2,11,30,6,3,15,4
DR U R L UR D FS,2,11,30,6,3,17,4
DR U R UR D L FS,2,11,30,6,3,13,3
DR U R UR L D FS,2,11,30,6,3,13,3
L DR D R U UR FS,2,11,30,6,3,10,3
L DR D U R UR FS,2,11,30,6,3,12,4
L DR R D U UR FS,2,11,30,6,3,12,4
L DR R U D UR FS,2,11,30,6,3,14,4
L DR R U UR D FS,2,11,30,6,3,12,3
L DR U D R UR FS,2,11,30,6,3,14,4
L DR U R D UR FS,2,11,30,6,3,14,3
L DR U R UR D FS,2,11,30,6,3,14,3
L R DR D U UR FS,2,11,30,6,3,12,4
L R DR U D UR FS,2,11,30,6,3,16,4
L R DR U UR D FS,2,11,30,6,3,14,4
L R UR D DR U FS,2,11,30,6,3,14,4
L R UR U DR D FS,2,11,30,6,3,12,4
L U DR D R UR FS,2,11,30,6,3,10,3
L U DR R D UR FS,2,11,30,6,3,12,3
L U DR R UR D FS,2,11,30,6,3,12,3
L UR R D DR U FS,2,11,30,6,3,12,3
L UR R U DR D FS,2,11,30,6,3,12,3
L UR U R DR D FS,2,11,30,6,3,10,3
R DR D L U UR FS,2,11,30,6,3,8,2
R DR D U L UR FS,2,11,30,6,3,12,4
R DR D U UR L FS,2,11,30,6,3,12,4
R DR L D U UR FS,2,11,30,6,3,12,4
R DR L U D UR FS,2,11,30,6,3,14,4
R DR L U UR D FS,2,11,30,6,3,12,3
R DR U D L UR FS,2,11,30,6,3,14,4
R DR U D UR L FS,2,11,30,6,3,16,4
R DR U L D UR FS,2,11,30,6,3,12,3
R DR U L UR D FS,2,11,30,6,3,14,3
R DR U UR D L FS,2,11,30,6,3,12,3
R DR U UR L D FS,2,11,30,6,3,12,3
R L DR D U UR FS,2,11,30,6,3,14,4
R L DR U D UR FS,2,11,30,6,3,18,4
R L DR U UR D FS,2,11,30,6,3,16,4
R L UR D DR U FS,2,11,30,6,3,16,4
R L UR U DR D FS,2,11,30,6,3,14,4
R UR D L DR U FS,2,11,30,6,3,14,3
R UR D U DR L FS,2,11,30,6,3,16,4
R UR L D DR U FS,2,11,30,6,3,12,3
R UR L U DR D FS,2,11,30,6,3,12,3
R UR U D DR L FS,2,11,30,6,3,12,4
R UR U DR D L FS,2,11,30,6,3,10,3
R UR U DR L D FS,2,11,30,6,3,12,3
R UR U L DR D FS,2,11,30,6,3,10,3
U DR D L R UR FS,2,11,30,6,3,12,4
U DR D R L UR FS,2,11,30,6,3,14,4
U DR D R UR L FS,2,11,30,6,3,12,3
U DR L D R UR FS,2,11,30,6,3,12,3
U DR L R D UR FS,2,11,30,6,3,16,4
U DR L R UR D FS,2,11,30,6,3,16,4
U DR R D L UR FS,2,11,30,6,3,12,3
U DR R D UR L FS,2,11,30,6,3,14,3
U DR R L D UR FS,2,11,30,6,3,14,4
U DR R L UR D FS,2,11,30,6,3,16,4
U DR R UR D L FS,2,11,30,6,3,12,3
U DR R UR L D FS,2,11,30,6,3,12,3
U L DR D R UR FS,2,11,30,6,3,10,3
U L DR R D UR FS,2,11,30,6,3,12,3
U L DR R UR D FS,2,11,30,6,3,12,3
UR L R D DR U FS,2,11,30,6,3,15,4
UR L R U DR D FS,2,11,30,6,3,15,4
UR L U R DR D FS,2,11,30,6,3,11,3
UR R D L DR U FS,2,11,30,6,3,13,3
UR R D U DR L FS,2,11,30,6,3,15,4
UR R L D DR U FS,2,11,30,6,3,13,4
UR R L U DR D FS,2,11,30,6,3,13,4
UR R U D DR L FS,2,11,30,6,3,13,4
UR R U DR D L FS,2,11,30,6,3,11,3
UR R U DR L D FS,2,11,30,6,3,13,3
UR R U L DR D FS,2,11,30,6,3,11,3
UR U L R DR D FS,2,11,30,6,3,11,4
UR U R D DR L FS,2,11,30,6,3,11,3
UR U R DR D L FS,2,11,30,6,3,9,2
UR U R DR L D FS,2,11,30,6,3,11,3
UR U R L DR D FS,2,11,30,6,3,13,4
D DR L R U UR FS,2,12,31,6,3,12,4
D DR L U R UR FS,2,12,31,6,3,10,3
D DR R L U UR FS,2,12,31,6,3,10,4
D DR R U L UR FS,2,12,31,6,3,10,3
D DR R U UR L FS,2,12,31,6,3,10,3
D DR U L R UR FS,2,12,31,6,3,12,4
D DR U R L UR FS,2,12,31,6,3,14,4
D DR U R UR L FS,2,12,31,6,3,12,3
D R DR L U UR FS,2,12,31,6,3,10,3
D R DR U L UR FS,2,12,31,6,3,12,3
D R DR U UR L FS,2,12,31,6,3,12,3
D U DR L R UR FS,2,12,31,6,3,16,4
D U DR R L UR FS,2,12,31,6,3,16,4
D U DR R UR L FS,2,12,31,6,3,14,4
R D DR L U UR FS,2,12,31,6,3,10,3
R D DR U L UR FS,2,12,31,6,3,12,3
R D DR U UR L FS,2,12,31,6,3,12,3
U D DR L R UR FS,2,12,31,6,3,14,4
U D DR R L UR FS,2,12,31,6,3,14,4
U D DR R UR L FS,2,12,31,6,3,12,4
L R U UR D DR FS,2,11,31,7,3,14,4
L U R UR D DR FS,2,11,31,7,3,12,3
L U UR R D DR FS,2,11,31,7,3,10,3
R L U UR D DR FS,2,11,31,7,3,14,4
R U L UR D DR FS,2,11,31,7,3,14,3
R U UR D L DR FS,2,11,31,7,3,14,3
R U UR L D DR FS,2,11,31,7,3,12,3
U L R UR D DR FS,2,11,31,7,3,14,4
U L UR R D DR FS,2,11,31,7,3,12,3
U R L UR D DR FS,2,11,31,7,3,16,4
U R UR D L DR FS,2,11,31,7,3,14,3
U R UR L D DR FS,2,11,31,7,3,12,3
U UR L R D DR FS,2,11,31,7,3,14,4
U UR R D L DR FS,2,11,31,7,3,12,3
U UR R L D DR FS,2,11,31,7,3,12,4
L R UR D U DR FS,2,11,32,7,3,18,4
L R UR U D DR FS,2,11,32,7,3,14,4
L UR R D U DR FS,2,11,32,7,3,16,4
L UR R U D DR FS,2,11,32,7,3,14,4
L UR U R D DR FS,2,11,32,7,3,12,3
R L UR D U DR FS,2,11,32,7,3,20,4
R L UR U D DR FS,2,11,32,7,3,16,4
R UR D L U DR FS,2,11,32,7,3,14,3
R UR D U L DR FS,2,11,32,7,3,16,4
R UR L D U DR FS,2,11,32,7,3,16,4
R UR L U D DR FS,2,11,32,7,3,14,4
R UR U D L DR FS,2,11,32,7,3,14,4
R UR U L D DR FS,2,11,32,7,3,10,3
UR L R D U DR FS,2,11,32,7,3,19,4
UR L R U D DR FS,2,11,32,7,3,17,4
UR L U R D DR FS,2,11,32,7,3,13,3
UR R D L U DR FS,2,11,32,7,3,13,3
UR R D U L DR FS,2,11,32,7,3,15,4
UR R L D U DR FS,2,11,32,7,3,17,4
UR R L U D DR FS,2,11,32,7,3,15,4
UR R U D L DR FS,2,11,32,7,3,15,4
UR R U L D DR FS,2,11,32,7,3,11,3
UR U L R D DR FS,2,11,32,7,3,13,4
UR U R D L DR FS,2,11,32,7,3,13,3
UR U R L D DR FS,2,11,32,7,3,13,4
D L R U DR UR FS,2,12,32,7,3,14,4
D L U R DR UR FS,2,12,32,7,3,10,2
D R L U DR UR FS,2,12,32,7,3,14,4
D R U L DR UR FS,2,12,32,7,3,12,3
D U L R DR UR FS,2,12,32,7,3,14,4
D U R L DR UR FS,2,12,32,7,3,16,4
L D R U DR UR FS,2,12,32,7,3,12,3
L D U R DR UR FS,2,12,32,7,3,12,4
L R D U DR UR FS,2,12,32,7,3,16,4
L R U D DR UR FS,2,12,32,7,3,14,4
L U D R DR UR FS,2,12,32,7,3,12,4
L U R D DR UR FS,2,12,32,7,3,10,2
R D L U DR UR FS,2,12,32,7,3,12,3
R D U L DR UR FS,2,12,32,7,3,14,4
R L D U DR UR FS,2,12,32,7,3,16,4
R L U D DR UR FS,2,12,32,7,3,14,4
R U D L DR UR FS,2,12,32,7,3,14,4
R U L D DR UR FS,2,12,32,7,3,10,2
U D L R DR UR FS,2,12,32,7,3,14,4
U D R L DR UR FS,2,12,32,7,3,16,4
U L D R DR UR FS,2,12,32,7,3,10,2
U L R D DR UR FS,2,12,32,7,3,12,4
U R D L DR UR FS,2,12,32,7,3,12,3
U R L D DR UR FS,2,12,32,7,3,12,4
L R UR DR D U FS,2,11,35,6,3,14,4
L R UR DR U D FS,2,11,35,6,3,16,4
L UR R DR D U FS,2,11,35,6,3,12,4
L UR R DR U D FS,2,11,35,6,3,14,4
R L UR DR D U FS,2,11,35,6,3,16,4
R L UR DR U D FS,2,11,35,6,3,18,4
R UR D DR L U FS,2,11,35,6,3,12,3
R UR D DR U L FS,2,11,35,6,3,12,3
R UR DR D L U FS,2,11,35,6,3,10,2
R UR DR D U L FS,2,11,35,6,3,12,4
R UR DR L D U FS,2,11,35,6,3,14,4
R UR DR L U D FS,2,11,35,6,3,14,4
R UR DR U D L FS,2,11,35,6,3,14,4
R UR DR U L D FS,2,11,35,6,3,12,3
R UR L DR D U FS,2,11,35,6,3,14,4
R UR L DR U D FS,2,11,35,6,3,16,4
UR L R DR D U FS,2,11,35,6,3,15,4
UR L R DR U D FS,2,11,35,6,3,17,4
UR R D DR L U FS,2,11,35,6,3,11,3
UR R D DR U L FS,2,11,35,6,3,11,3
UR R DR D L U FS,2,11,35,6,3,9,2
UR R DR D U L FS,2,11,35,6,3,11,4
UR R DR L D U FS,2,11,35,6,3,13,4
UR R DR L U D FS,2,11,35,6,3,13,4
UR R DR U D L FS,2,11,35,6,3,13,4
UR R DR U L D FS,2,11,35,6,3,11,3
UR R L DR D U FS,2,11,35,6,3,15,4
UR R L DR U D FS,2,11,35,6,3,17,4
D L DR R UR U FS,2,12,35,6,3,10,3
D L DR U UR R FS,2,12,35,6,3,12,3
D L R DR UR U FS,2,12,35,6,3,12,4
D L R UR DR U FS,2,12,35,6,3,14,4
D L U DR UR R FS,2,12,35,6,3,12,3
D L U UR DR R FS,2,12,35,6,3,10,2
D R L DR UR U FS,2,12,35,6,3,14,4
D R L UR DR U FS,2,12,35,6,3,16,4
D R UR L DR U FS,2,12,35,6,3,14,3
D R UR U DR L FS,2,12,35,6,3,12,3
D U L DR UR R FS,2,12,35,6,3,14,4
D U L UR DR R FS,2,12,35,6,3,14,4
D U UR L DR R FS,2,12,35,6,3,14,4
D U UR R DR L FS,2,12,35,6,3,12,4
L D DR R UR U FS,2,12,35,6,3,8,2
L D DR U UR R FS,2,12,35,6,3,10,3
L D R DR UR U FS,2,12,35,6,3,10,2
L D R UR DR U FS,2,12,35,6,3,12,3
L D U DR UR R FS,2,12,35,6,3,14,4
L D U UR DR R FS,2,12,35,6,3,12,4
L R D DR UR U FS,2,12,35,6,3,12,4
L R D UR DR U FS,2,12,35,6,3,16,4
L U D DR UR R FS,2,12,35,6,3,12,4
L U D UR DR R FS,2,12,35,6,3,14,4
L U UR D DR R FS,2,12,35,6,3,10,3
R D L DR UR U FS,2,12,35,6,3,12,3
R D L UR DR U FS,2,12,35,6,3,14,3
R D UR L DR U FS,2,12,35,6,3,16,3
R D UR U DR L FS,2,12,35,6,3,14,3
R L D DR UR U FS,2,12,35,6,3,12,4
R L D UR DR U FS,2,12,35,6,3,16,4
U D L DR UR R FS,2,12,35,6,3,14,4
U D L UR DR R FS,2,12,35,6,3,14,4
U D UR L DR R FS,2,12,35,6,3,16,4
U D UR R DR L FS,2,12,35,6,3,14,4
U L D DR UR R FS,2,12,35,6,3,10,2
U L D UR DR R FS,2,12,35,6,3,12,3
U L UR D DR R FS,2,12,35,6,3,12,3
U UR D L DR R FS,2,12,35,6,3,12,3
U UR D R DR L FS,2,12,35,6,3,12,3
U UR L D DR R FS,2,12,35,6,3,10,3
D L DR UR R U FS,2,12,36,6,3,12,3
D L DR UR U R FS,2,12,36,6,3,12,3
D L UR DR R U FS,2,12,36,6,3,12,3
D L UR DR U R FS,2,12,36,6,3,14,3
D L UR R DR U FS,2,12,36,6,3,12,3
D L UR U DR R FS,2,12,36,6,3,12,3
D UR L DR R U FS,2,12,36,6,3,14,3
D UR L DR U R FS,2,12,36,6,3,16,3
D UR L R DR U FS,2,12,36,6,3,16,4
D UR L U DR R FS,2,12,36,6,3,14,3
D UR R L DR U FS,2,12,36,6,3,16,4
D UR R U DR L FS,2,12,36,6,3,14,3
D UR U L DR R FS,2,12,36,6,3,12,3
D UR U R DR L FS,2,12,36,6,3,12,3
L D DR UR R U FS,2,12,36,6,3,10,2
L D DR UR U R FS,2,12,36,6,3,10,2
L D UR DR R U FS,2,12,36,6,3,12,3
L D UR DR U R FS,2,12,36,6,3,14,3
L D UR R DR U FS,2,12,36,6,3,12,3
L D UR U DR R FS,2,12,36,6,3,12,3
L UR D DR R U FS,2,12,36,6,3,12,3
L UR D DR U R FS,2,12,36,6,3,14,3
L UR D R DR U FS,2,12,36,6,3,14,3
L UR D U DR R FS,2,12,36,6,3,16,4
L UR U D DR R FS,2,12,36,6,3,12,4
UR D L DR R U FS,2,12,36,6,3,13,3
UR D L DR U R FS,2,12,36,6,3,15,3
UR D L R DR U FS,2,12,36,6,3,15,4
UR D L U DR R FS,2,12,36,6,3,13,3
UR D R L DR U FS,2,12,36,6,3,17,4
UR D R U DR L FS,2,12,36,6,3,15,3
UR D U L DR R FS,2,12,36,6,3,15,4
UR D U R DR L FS,2,12,36,6,3,15,4
UR L D DR R U FS,2,12,36,6,3,11,3
UR L D DR U R FS,2,12,36,6,3,13,3
UR L D R DR U FS,2,12,36,6,3,13,3
UR L D U DR R FS,2,12,36,6,3,15,4
UR L U D DR R FS,2,12,36,6,3,13,4
UR U D L DR R FS,2,12,36,6,3,13,4
UR U D R DR L FS,2,12,36,6,3,13,4
UR U L D DR R FS,2,12,36,6,3,9,2
FS L R U UR DR D,2,9,36,7,3,12,4
FS L U R UR DR D,2,9,36,7,3,10,2
FS L U UR R DR D,2,9,36,7,3,8,2
FS R L U UR DR D,2,9,36,7,3,12,4
FS R U L UR DR D,2,9,36,7,3,12,3
FS U L R UR DR D,2,9,36,7,3,12,4
FS U L UR R DR D,2,9,36,7,3,10,3
FS U R L UR DR D,2,9,36,7,3,14,4
L FS R U UR DR D,2,9,36,7,3,10,2
L FS U R UR DR D,2,9,36,7,3,10,2
L FS U UR R DR D,2,9,36,7,3,8,2
L R FS U UR DR D,2,9,36,7,3,12,4
L R U FS UR DR D,2,9,36,7,3,12,4
L U FS R UR DR D,2,9,36,7,3,10,2
L U FS UR R DR D,2,9,36,7,3,8,2
L U R FS UR DR D,2,9,36,7,3,10,2
R FS L U UR DR D,2,9,36,7,3,10,2
R FS U L UR DR D,2,9,36,7,3,12,3
R L FS U UR DR D,2,9,36,7,3,12,4
R L U FS UR DR D,2,9,36,7,3,12,4
R U FS L UR DR D,2,9,36,7,3,12,3
R U L FS UR DR D,2,9,36,7,3,10,2
U FS L R UR DR D,2,9,36,7,3,12,4
U FS L UR R DR D,2,9,36,7,3,10,3
U FS R L UR DR D,2,9,36,7,3,14,4
U L FS R UR DR D,2,9,36,7,3,10,2
U L FS UR R DR D,2,9,36,7,3,8,2
U L R FS UR DR D,2,9,36,7,3,12,4
U R FS L UR DR D,2,9,36,7,3,12,3
U R L FS UR DR D,2,9,36,7,3,12,4
D L R UR U DR FS,2,12,37,7,3,14,4
D L U UR R DR FS,2,12,37,7,3,10,3
D R L UR U DR FS,2,12,37,7,3,16,4
D R U DR L UR FS,2,12,37,7,3,14,3
D R U DR UR L FS,2,12,37,7,3,14,3
D R UR L U DR FS,2,12,37,7,3,14,3
D R UR U L DR FS,2,12,37,7,3,12,3
D U L UR R DR FS,2,12,37,7,3,14,4
D U R DR L UR FS,2,12,37,7,3,14,4
D U R DR UR L FS,2,12,37,7,3,14,4
D U UR L R DR FS,2,12,37,7,3,16,4
D U UR R L DR FS,2,12,37,7,3,16,4
L D R UR U DR FS,2,12,37,7,3,12,3
L D U UR R DR FS,2,12,37,7,3,12,4
L R D UR U DR FS,2,12,37,7,3,16,4
L U D UR R DR FS,2,12,37,7,3,14,4
L U UR D R DR FS,2,12,37,7,3,12,3
R D L UR U DR FS,2,12,37,7,3,14,3
R D U DR L UR FS,2,12,37,7,3,16,4
R D U DR UR L FS,2,12,37,7,3,16,4
R D UR L U DR FS,2,12,37,7,3,16,3
R D UR U L DR FS,2,12,37,7,3,14,3
R L D UR U DR FS,2,12,37,7,3,16,4
R U D DR L UR FS,2,12,37,7,3,14,4
R U D DR UR L FS,2,12,37,7,3,14,4
U D L UR R DR FS,2,12,37,7,3,14,4
U D R DR L UR FS,2,12,37,7,3,14,4
U D R DR UR L FS,2,12,37,7,3,14,4
U D UR L R DR FS,2,12,37,7,3,18,4
U D UR R L DR FS,2,12,37,7,3,18,4
U L D UR R DR FS,2,12,37,7,3,12,3
U L UR D R DR FS,2,12,37,7,3,14,3
U R D DR L UR FS,2,12,37,7,3,12,3
U R D DR UR L FS,2,12,37,7,3,12,3
U UR D L R DR FS,2,12,37,7,3,14,4
U UR D R L DR FS,2,12,37,7,3,16,4
U UR L D R DR FS,2,12,37,7,3,12,3
D L UR R U DR FS,2,12,38,7,3,14,3
D L UR U R DR FS,2,12,38,7,3,12,3
D UR L R U DR FS,2,12,38,7,3,18,4
D UR L U R DR FS,2,12,38,7,3,14,3
D UR R L U DR FS,2,12,38,7,3,16,4
D UR R U L DR FS,2,12,38,7,3,14,3
D UR U L R DR FS,2,12,38,7,3,14,4
D UR U R L DR FS,2,12,38,7,3,16,4
L D UR R U DR FS,2,12,38,7,3,14,3
L D UR U R DR FS,2,12,38,7,3,12,3
L UR D R U DR FS,2,12,38,7,3,16,3
L UR D U R DR FS,2,12,38,7,3,16,4
L UR U D R DR FS,2,12,38,7,3,14,4
UR D L R U DR FS,2,12,38,7,3,17,4
UR D L U R DR FS,2,12,38,7,3,13,3
UR D R L U DR FS,2,12,38,7,3,17,4
UR D R U L DR FS,2,12,38,7,3,15,3
UR D U L R DR FS,2,12,38,7,3,17,4
UR D U R L DR FS,2,12,38,7,3,19,4
UR L D R U DR FS,2,12,38,7,3,15,3
UR L D U R DR FS,2,12,38,7,3,15,4
UR L U D R DR FS,2,12,38,7,3,15,4
UR U D L R DR FS,2,12,38,7,3,15,4
UR U D R L DR FS,2,12,38,7,3,17,4
UR U L D R DR FS,2,12,38,7,3,11,3
FS L R U UR D DR,2,9,38,8,3,13,4
FS L U R UR D DR,2,9,38,8,3,11,3
FS L U UR R D DR,2,9,38,8,3,9,2
FS R L U UR D DR,2,9,38,8,3,13,4
FS R U L UR D DR,2,9,38,8,3,13,3
FS U L R UR D DR,2,9,38,8,3,13,4
FS U L UR R D DR,2,9,38,8,3,11,3
FS U R L UR D DR,2,9,38,8,3,15,4
L FS R U UR D DR,2,9,38,8,3,11,3
L FS U R UR D DR,2,9,38,8,3,11,3
L FS U UR R D DR,2,9,38,8,3,9,2
L R FS U UR D DR,2,9,38,8,3,13,4
L R U FS UR D DR,2,9,38,8,3,13,4
L U FS R UR D DR,2,9,38,8,3,11,3
L U FS UR R D DR,2,9,38,8,3,9,2
L U R FS UR D DR,2,9,38,8,3,11,3
R FS L U UR D DR,2,9,38,8,3,11,3
R FS U L UR D DR,2,9,38,8,3,13,3
R L FS U UR D DR,2,9,38,8,3,13,4
R L U FS UR D DR,2,9,38,8,3,13,4
R U FS L UR D DR,2,9,38,8,3,13,3
R U L FS UR D DR,2,9,38,8,3,11,3
U FS L R UR D DR,2,9,38,8,3,13,4
U FS L UR R D DR,2,9,38,8,3,11,3
U FS R L UR D DR,2,9,38,8,3,15,4
U L FS R UR D DR,2,9,38,8,3,11,3
U L FS UR R D DR,2,9,38,8,3,9,2
U L R FS UR D DR,2,9,38,8,3,13,4
U R FS L UR D DR,2,9,38,8,3,13,3
U R L FS UR D DR,2,9,38,8,3,13,4
DR D L R UR U FS,2,11,39,6,3,11,4
DR D L U UR R FS,2,11,39,6,3,9,2
DR D R L UR U FS,2,11,39,6,3,13,4
DR D R UR L U FS,2,11,39,6,3,11,3
DR D R UR U L FS,2,11,39,6,3,9,2
DR D U L UR R FS,2,11,39,6,3,13,4
DR D U UR L R FS,2,11,39,6,3,15,4
DR D U UR R L FS,2,11,39,6,3,13,4
DR L D R UR U FS,2,11,39,6,3,11,3
DR L D U UR R FS,2,11,39,6,3,13,4
DR L R D UR U FS,2,11,39,6,3,15,4
DR L R UR D U FS,2,11,39,6,3,17,4
DR L R UR U D FS,2,11,39,6,3,15,4
DR L U D UR R FS,2,11,39,6,3,15,4
DR L U UR D R FS,2,11,39,6,3,13,3
DR L U UR R D FS,2,11,39,6,3,11,3
DR R D L UR U FS,2,11,39,6,3,11,3
DR R D UR L U FS,2,11,39,6,3,13,3
DR R D UR U L FS,2,11,39,6,3,11,3
DR R L D UR U FS,2,11,39,6,3,13,4
DR R L UR D U FS,2,11,39,6,3,17,4
DR R L UR U D FS,2,11,39,6,3,15,4
DR R UR D L U FS,2,11,39,6,3,11,3
DR R UR D U L FS,2,11,39,6,3,13,4
DR R UR L D U FS,2,11,39,6,3,13,4
DR R UR L U D FS,2,11,39,6,3,13,4
DR R UR U D L FS,2,11,39,6,3,11,4
DR R UR U L D FS,2,11,39,6,3,9,2
DR U D L UR R FS,2,11,39,6,3,15,4
DR U D UR L R FS,2,11,39,6,3,19,4
DR U D UR R L FS,2,11,39,6,3,17,4
DR U L D UR R FS,2,11,39,6,3,13,3
DR U L UR D R FS,2,11,39,6,3,15,3
DR U L UR R D FS,2,11,39,6,3,13,3
DR U UR D L R FS,2,11,39,6,3,15,4
DR U UR D R L FS,2,11,39,6,3,15,4
DR U UR L D R FS,2,11,39,6,3,13,3
DR U UR L R D FS,2,11,39,6,3,15,4
DR U UR R D L FS,2,11,39,6,3,11,3
DR U UR R L D FS,2,11,39,6,3,13,4
L DR D R UR U FS,2,11,39,6,3,10,3
L DR D U UR R FS,2,11,39,6,3,12,4
L DR R D UR U FS,2,11,39,6,3,12,3
L DR R UR D U FS,2,11,39,6,3,14,4
L DR R UR U D FS,2,11,39,6,3,12,4
L DR U D UR R FS,2,11,39,6,3,16,4
L DR U UR D R FS,2,11,39,6,3,14,3
L DR U UR R D FS,2,11,39,6,3,12,3
L R DR D UR U FS,2,11,39,6,3,12,4
L R DR UR D U FS,2,11,39,6,3,16,4
L R DR UR U D FS,2,11,39,6,3,14,4
L U DR D UR R FS,2,11,39,6,3,12,3
L U DR UR D R FS,2,11,39,6,3,14,3
L U DR UR R D FS,2,11,39,6,3,12,3
L U UR DR D R FS,2,11,39,6,3,10,2
L U UR DR R D FS,2,11,39,6,3,10,2
R DR D L UR U FS,2,11,39,6,3,10,3
R DR D UR L U FS,2,11,39,6,3,12,3
R DR D UR U L FS,2,11,39,6,3,10,3
R DR L D UR U FS,2,11,39,6,3,12,3
R DR L UR D U FS,2,11,39,6,3,16,4
R DR L UR U D FS,2,11,39,6,3,14,4
R DR UR D L U FS,2,11,39,6,3,12,3
R DR UR D U L FS,2,11,39,6,3,14,4
R DR UR L D U FS,2,11,39,6,3,14,4
R DR UR L U D FS,2,11,39,6,3,14,4
R DR UR U D L FS,2,11,39,6,3,12,4
R DR UR U L D FS,2,11,39,6,3,10,2
R L DR D UR U FS,2,11,39,6,3,14,4
R L DR UR D U FS,2,11,39,6,3,18,4
R L DR UR U D FS,2,11,39,6,3,16,4
U DR D L UR R FS,2,11,39,6,3,12,3
U DR D UR L R FS,2,11,39,6,3,16,4
U DR D UR R L FS,2,11,39,6,3,14,4
U DR L D UR R FS,2,11,39,6,3,14,3
U DR L UR D R FS,2,11,39,6,3,16,3
U DR L UR R D FS,2,11,39,6,3,14,3
U DR UR D L R FS,2,11,39,6,3,16,4
U DR UR D R L FS,2,11,39,6,3,16,4
U DR UR L D R FS,2,11,39,6,3,14,3
U DR UR L R D FS,2,11,39,6,3,16,4
U DR UR R D L FS,2,11,39,6,3,12,3
U DR UR R L D FS,2,11,39,6,3,14,4
U L DR D UR R FS,2,11,39,6,3,12,3
U L DR UR D R FS,2,11,39,6,3,14,3
U L DR UR R D FS,2,11,39,6,3,12,3
U L UR DR D R FS,2,11,39,6,3,12,3
U L UR DR R D FS,2,11,39,6,3,12,3
U UR DR D L R FS,2,11,39,6,3,12,4
U UR DR D R L FS,2,11,39,6,3,12,4
U UR DR L D R FS,2,11,39,6,3,12,3
U UR DR L R D FS,2,11,39,6,3,14,4
U UR DR R D L FS,2,11,39,6,3,10,2
U UR DR R L D FS,2,11,39,6,3,12,4
U UR L DR D R FS,2,11,39,6,3,12,3
U UR L DR R D FS,2,11,39,6,3,12,3
DR D L UR R U FS,2,11,40,6,3,11,3
DR D L UR U R FS,2,11,40,6,3,11,3
DR D UR L R U FS,2,11,40,6,3,15,4
DR D UR L U R FS,2,11,40,6,3,13,3
DR D UR R L U FS,2,11,40,6,3,13,4
DR D UR R U L FS,2,11,40,6,3,11,3
DR D UR U L R FS,2,11,40,6,3,13,4
DR D UR U R L FS,2,11,40,6,3,13,4
DR L D UR R U FS,2,11,40,6,3,13,3
DR L D UR U R FS,2,11,40,6,3,13,3
DR L UR D R U FS,2,11,40,6,3,15,3
DR L UR D U R FS,2,11,40,6,3,17,4
DR L UR R D U FS,2,11,40,6,3,15,4
DR L UR R U D FS,2,11,40,6,3,15,4
DR L UR U D R FS,2,11,40,6,3,15,4
DR L UR U R D FS,2,11,40,6,3,13,3
DR UR D L R U FS,2,11,40,6,3,15,4
DR UR D L U R FS,2,11,40,6,3,13,3
DR UR D R L U FS,2,11,40,6,3,15,4
DR UR D R U L FS,2,11,40,6,3,13,3
DR UR D U L R FS,2,11,40,6,3,17,4
DR UR D U R L FS,2,11,40,6,3,17,4
DR UR L D R U FS,2,11,40,6,3,13,3
DR UR L D U R FS,2,11,40,6,3,15,4
DR UR L R D U FS,2,11,40,6,3,17,4
DR UR L R U D FS,2,11,40,6,3,17,4
DR UR L U D R FS,2,11,40,6,3,15,4
DR UR L U R D FS,2,11,40,6,3,13,3
DR UR R D L U FS,2,11,40,6,3,11,2
DR UR R D U L FS,2,11,40,6,3,13,4
DR UR R L D U FS,2,11,40,6,3,15,4
DR UR R L U D FS,2,11,40,6,3,15,4
DR UR R U D L FS,2,11,40,6,3,13,4
DR UR R U L D FS,2,11,40,6,3,11,2
DR UR U D L R FS,2,11,40,6,3,15,4
DR UR U D R L FS,2,11,40,6,3,15,4
DR UR U L D R FS,2,11,40,6,3,11,2
DR UR U L R D FS,2,11,40,6,3,13,4
DR UR U R D L FS,2,11,40,6,3,11,2
DR UR U R L D FS,2,11,40,6,3,13,4
L DR D UR R U FS,2,11,40,6,3,12,3
L DR D UR U R FS,2,11,40,6,3,12,3
L DR UR D R U FS,2,11,40,6,3,14,3
L DR UR D U R FS,2,11,40,6,3,16,4
L DR UR R D U FS,2,11,40,6,3,14,4
L DR UR R U D FS,2,11,40,6,3,14,4
L DR UR U D R FS,2,11,40,6,3,14,4
L DR UR U R D FS,2,11,40,6,3,12,3
L UR DR D R U FS,2,11,40,6,3,12,3
L UR DR D U R FS,2,11,40,6,3,14,4
L UR DR R D U FS,2,11,40,6,3,14,4
L UR DR R U D FS,2,11,40,6,3,14,4
L UR DR U D R FS,2,11,40,6,3,16,4
L UR DR U R D FS,2,11,40,6,3,14,3
L UR U DR D R FS,2,11,40,6,3,12,3
L UR U DR R D FS,2,11,40,6,3,12,3
UR DR D L R U FS,2,11,40,6,3,13,4
UR DR D L U R FS,2,11,40,6,3,11,2
UR DR D R L U FS,2,11,40,6,3,13,4
UR DR D R U L FS,2,11,40,6,3,11,2
UR DR D U L R FS,2,11,40,6,3,15,4
UR DR D U R L FS,2,11,40,6,3,15,4
UR DR L D R U FS,2,11,40,6,3,13,3
UR DR L D U R FS,2,11,40,6,3,15,4
UR DR L R D U FS,2,11,40,6,3,17,4
UR DR L R U D FS,2,11,40,6,3,17,4
UR DR L U D R FS,2,11,40,6,3,15,4
UR DR L U R D FS,2,11,40,6,3,13,3
UR DR R D L U FS,2,11,40,6,3,11,2
UR DR R D U L FS,2,11,40,6,3,13,4
UR DR R L D U FS,2,11,40,6,3,15,4
UR DR R L U D FS,2,11,40,6,3,15,4
UR DR R U D L FS,2,11,40,6,3,13,4
UR DR R U L D FS,2,11,40,6,3,11,2
UR DR U D L R FS,2,11,40,6,3,17,4
UR DR U D R L FS,2,11,40,6,3,17,4
UR DR U L D R FS,2,11,40,6,3,13,3
UR DR U L R D FS,2,11,40,6,3,15,4
UR DR U R D L FS,2,11,40,6,3,13,3
UR DR U R L D FS,2,11,40,6,3,15,4
UR L DR D R U FS,2,11,40,6,3,13,3
UR L DR D U R FS,2,11,40,6,3,15,4
UR L DR R D U FS,2,11,40,6,3,15,4
UR L DR R U D FS,2,11,40,6,3,15,4
UR L DR U D R FS,2,11,40,6,3,17,4
UR L DR U R D FS,2,11,40,6,3,15,3
UR L U DR D R FS,2,11,40,6,3,13,3
UR L U DR R D FS,2,11,40,6,3,13,3
UR U DR D L R FS,2,11,40,6,3,13,4
UR U DR D R L FS,2,11,40,6,3,13,4
UR U DR L D R FS,2,11,40,6,3,13,3
UR U DR L R D FS,2,11,40,6,3,15,4
UR U DR R D L FS,2,11,40,6,3,11,3
UR U DR R L D FS,2,11,40,6,3,13,4
UR U L DR D R FS,2,11,40,6,3,11,3
UR U L DR R D FS,2,11,40,6,3,11,3
D DR L R UR U FS,2,12,40,6,3,12,4
D DR L U UR R FS,2,12,40,6,3,10,3
D DR R L UR U FS,2,12,40,6,3,12,4
D DR R UR L U FS,2,12,40,6,3,10,3
D DR R UR U L FS,2,12,40,6,3,8,2
D DR U L UR R FS,2,12,40,6,3,12,3
D DR U UR L R FS,2,12,40,6,3,14,4
D DR U UR R L FS,2,12,40,6,3,12,4
D R DR L UR U FS,2,12,40,6,3,12,3
D R DR UR L U FS,2,12,40,6,3,12,3
D R DR UR U L FS,2,12,40,6,3,10,2
D R UR DR L U FS,2,12,40,6,3,12,3
D R UR DR U L FS,2,12,40,6,3,12,3
D U DR L UR R FS,2,12,40,6,3,16,4
D U DR UR L R FS,2,12,40,6,3,18,4
D U DR UR R L FS,2,12,40,6,3,16,4
D U UR DR L R FS,2,12,40,6,3,16,4
D U UR DR R L FS,2,12,40,6,3,14,4
R D DR L UR U FS,2,12,40,6,3,12,3
R D DR UR L U FS,2,12,40,6,3,12,3
R D DR UR U L FS,2,12,40,6,3,10,2
R D UR DR L U FS,2,12,40,6,3,14,3
R D UR DR U L FS,2,12,40,6,3,14,3
U D DR L UR R FS,2,12,40,6,3,14,4
U D DR UR L R FS,2,12,40,6,3,16,4
U D DR UR R L FS,2,12,40,6,3,14,4
U D UR DR L R FS,2,12,40,6,3,18,4
U D UR DR R L FS,2,12,40,6,3,16,4
U UR D DR L R FS,2,12,40,6,3,14,4
U UR D DR R L FS,2,12,40,6,3,12,4
D DR L UR R U FS,2,12,41,6,3,12,3
D DR L UR U R FS,2,12,41,6,3,12,3
D DR UR L R U FS,2,12,41,6,3,14,4
D DR UR L U R FS,2,12,41,6,3,12,3
D DR UR R L U FS,2,12,41,6,3,12,4
D DR UR R U L FS,2,12,41,6,3,10,2
D DR UR U L R FS,2,12,41,6,3,12,4
D DR UR U R L FS,2,12,41,6,3,12,4
D UR DR L R U FS,2,12,41,6,3,16,4
D UR DR L U R FS,2,12,41,6,3,14,3
D UR DR R L U FS,2,12,41,6,3,14,4
D UR DR R U L FS,2,12,41,6,3,12,3
D UR DR U L R FS,2,12,41,6,3,16,4
D UR DR U R L FS,2,12,41,6,3,16,4
D UR R DR L U FS,2,12,41,6,3,12,3
D UR R DR U L FS,2,12,41,6,3,12,3
D UR U DR L R FS,2,12,41,6,3,16,4
D UR U DR R L FS,2,12,41,6,3,14,4
UR D DR L R U FS,2,12,41,6,3,15,4
UR D DR L U R FS,2,12,41,6,3,13,3
UR D DR R L U FS,2,12,41,6,3,13,4
UR D DR R U L FS,2,12,41,6,3,11,3
UR D DR U L R FS,2,12,41,6,3,15,4
UR D DR U R L FS,2,12,41,6,3,15,4
UR D R DR L U FS,2,12,41,6,3,13,3
UR D R DR U L FS,2,12,41,6,3,13,3
UR D U DR L R FS,2,12,41,6,3,19,4
UR D U DR R L FS,2,12,41,6,3,17,4
UR U D DR L R FS,2,12,41,6,3,15,4
UR U D DR R L FS,2,12,41,6,3,13,4
FS R U DR UR D L,2,9,41,7,3,14,3
FS R U DR UR L D,2,9,41,7,3,14,3
FS U R DR UR D L,2,9,41,7,3,12,3
FS U R DR UR L D,2,9,41,7,3,12,3
R FS U DR UR D L,2,9,41,7,3,14,3
R FS U DR UR L D,2,9,41,7,3,14,3
R U DR FS UR D L,2,9,41,7,3,14,3
R U DR FS UR L D,2,9,41,7,3,14,3
R U DR UR FS D L,2,9,41,7,3,12,3
R U DR UR FS L D,2,9,41,7,3,12,3
R U FS DR UR D L,2,9,41,7,3,14,3
R U FS DR UR L D,2,9,41,7,3,14,3
U FS R DR UR D L,2,9,41,7,3,12,3
U FS R DR UR L D,2,9,41,7,3,12,3
U R DR FS UR D L,2,9,41,7,3,12,3
U R DR FS UR L D,2,9,41,7,3,12,3
U R DR UR FS D L,2,9,41,7,3,10,2
U R DR UR FS L D,2,9,41,7,3,10,2
U R FS DR UR D L,2,9,41,7,3,14,3
U R FS DR UR L D,2,9,41,7,3,14,3
D R U UR DR L FS,2,12,41,7,3,12,3
D U R UR DR L FS,2,12,41,7,3,14,4
R D U UR DR L FS,2,12,41,7,3,14,4
R U D UR DR L FS,2,12,41,7,3,16,4
U D R UR DR L FS,2,12,41,7,3,14,4
U R D UR DR L FS,2,12,41,7,3,14,3
D FS L DR R UR U,2,12,42,7,3,10,3
D FS L DR U UR R,2,12,42,7,3,12,3
D FS L R DR UR U,2,12,42,7,3,12,4
D FS L U DR UR R,2,12,42,7,3,12,3
D FS L U UR DR R,2,12,42,7,3,10,2
D FS R L DR UR U,2,12,42,7,3,14,4
D FS U L DR UR R,2,12,42,7,3,12,3
D FS U L UR DR R,2,12,42,7,3,12,3
D L DR FS R UR U,2,12,42,7,3,12,3
D L DR FS U UR R,2,12,42,7,3,12,3
D L DR R FS UR U,2,12,42,7,3,10,3
D L DR U FS UR R,2,12,42,7,3,12,3
D L FS DR R UR U,2,12,42,7,3,10,3
D L FS DR U UR R,2,12,42,7,3,12,3
D L FS R DR UR U,2,12,42,7,3,10,2
D L FS U DR UR R,2,12,42,7,3,12,3
D L FS U UR DR R,2,12,42,7,3,10,2
D L R DR FS UR U,2,12,42,7,3,12,4
D L R FS DR UR U,2,12,42,7,3,14,4
D L U DR FS UR R,2,12,42,7,3,12,3
D L U FS DR UR R,2,12,42,7,3,12,3
D L U FS UR DR R,2,12,42,7,3,10,2
D R FS L DR UR U,2,12,42,7,3,12,3
D R L DR FS UR U,2,12,42,7,3,14,4
D R L FS DR UR U,2,12,42,7,3,14,4
D U FS L DR UR R,2,12,42,7,3,14,4
D U FS L UR DR R,2,12,42,7,3,14,4
D U L DR FS UR R,2,12,42,7,3,14,4
D U L FS DR UR R,2,12,42,7,3,14,4
D U L FS UR DR R,2,12,42,7,3,12,4
FS D L DR R UR U,2,12,42,7,3,10,3
FS D L DR U UR R,2,12,42,7,3,12,3
FS D L R DR UR U,2,12,42,7,3,12,4
FS D L U DR UR R,2,12,42,7,3,12,3
FS D L U UR DR R,2,12,42,7,3,10,2
FS D R L DR UR U,2,12,42,7,3,14,4
FS D U L DR UR R,2,12,42,7,3,14,4
FS D U L UR DR R,2,12,42,7,3,14,4
FS L D DR R UR U,2,12,42,7,3,8,2
FS L D DR U UR R,2,12,42,7,3,10,3
FS L D R DR UR U,2,12,42,7,3,10,2
FS L D U DR UR R,2,12,42,7,3,14,4
FS L D U UR DR R,2,12,42,7,3,12,4
FS L R D DR UR U,2,12,42,7,3,12,4
FS L U D DR UR R,2,12,42,7,3,12,4
FS L U D UR DR R,2,12,42,7,3,14,4
FS L U UR D DR R,2,12,42,7,3,10,3
FS R D L DR UR U,2,12,42,7,3,12,3
FS R L D DR UR U,2,12,42,7,3,12,4
FS U D L DR UR R,2,12,42,7,3,14,4
FS U D L UR DR R,2,12,42,7,3,14,4
FS U L D DR UR R,2,12,42,7,3,10,2
FS U L D UR DR R,2,12,42,7,3,12,3
FS U L UR D DR R,2,12,42,7,3,12,3
L D DR FS R UR U,2,12,42,7,3,10,3
L D DR FS U UR R,2,12,42,7,3,10,3
L D DR R FS UR U,2,12,42,7,3,8,2
L D DR U FS UR R,2,12,42,7,3,10,3
L D FS DR R UR U,2,12,42,7,3,10,3
L D FS DR U UR R,2,12,42,7,3,12,3
L D FS R DR UR U,2,12,42,7,3,10,2
L D FS U DR UR R,2,12,42,7,3,12,3
L D FS U UR DR R,2,12,42,7,3,10,2
L D R DR FS UR U,2,12,42,7,3,10,3
L D R FS DR UR U,2,12,42,7,3,12,3
L D U DR FS UR R,2,12,42,7,3,14,4
L D U FS DR UR R,2,12,42,7,3,14,4
L D U FS UR DR R,2,12,42,7,3,12,4
L FS D DR R UR U,2,12,42,7,3,8,2
L FS D DR U UR R,2,12,42,7,3,10,3
L FS D R DR UR U,2,12,42,7,3,10,2
L FS D U DR UR R,2,12,42,7,3,14,4
L FS D U UR DR R,2,12,42,7,3,12,4
L FS R D DR UR U,2,12,42,7,3,10,2
L FS U D DR UR R,2,12,42,7,3,12,4
L FS U D UR DR R,2,12,42,7,3,14,4
L FS U UR D DR R,2,12,42,7,3,10,3
L R D DR FS UR U,2,12,42,7,3,12,4
L R D FS DR UR U,2,12,42,7,3,14,4
L R FS D DR UR U,2,12,42,7,3,12,4
L U D DR FS UR R,2,12,42,7,3,12,4
L U D FS DR UR R,2,12,42,7,3,14,4
L U D FS UR DR R,2,12,42,7,3,12,4
L U FS D DR UR R,2,12,42,7,3,10,2
L U FS D UR DR R,2,12,42,7,3,12,3
L U FS UR D DR R,2,12,42,7,3,10,3
R D FS L DR UR U,2,12,42,7,3,12,3
R D L DR FS UR U,2,12,42,7,3,12,3
R D L FS DR UR U,2,12,42,7,3,12,3
R FS D L DR UR U,2,12,42,7,3,12,3
R FS L D DR UR U,2,12,42,7,3,10,2
R L D DR FS UR U,2,12,42,7,3,12,4
R L D FS DR UR U,2,12,42,7,3,14,4
R L FS D DR UR U,2,12,42,7,3,12,4
U D FS L DR UR R,2,12,42,7,3,14,4
U D FS L UR DR R,2,12,42,7,3,14,4
U D L DR FS UR R,2,12,42,7,3,14,4
U D L FS DR UR R,2,12,42,7,3,14,4
U D L FS UR DR R,2,12,42,7,3,12,4
U FS D L DR UR R,2,12,42,7,3,12,3
U FS D L UR DR R,2,12,42,7,3,12,3
U FS L D DR UR R,2,12,42,7,3,10,2
U FS L D UR DR R,2,12,42,7,3,12,3
U FS L UR D DR R,2,12,42,7,3,12,3
U L D DR FS UR R,2,12,42,7,3,10,3
U L D FS DR UR R,2,12,42,7,3,12,3
U L D FS UR DR R,2,12,42,7,3,10,2
U L FS D DR UR R,2,12,42,7,3,10,2
U L FS D UR DR R,2,12,42,7,3,12,3
U L FS UR D DR R,2,12,42,7,3,10,3
FS L R U DR D UR,2,9,43,8,3,15,4
FS L R U DR UR D,2,9,43,8,3,16,4
FS L U R DR D UR,2,9,43,8,3,11,3
FS L U R DR UR D,2,9,43,8,3,12,3
FS R L U DR D UR,2,9,43,8,3,15,4
FS R L U DR UR D,2,9,43,8,3,16,4
FS R U DR D L UR,2,9,43,8,3,13,3
FS R U DR D UR L,2,9,43,8,3,14,3
FS R U DR L D UR,2,9,43,8,3,15,3
FS R U DR L UR D,2,9,43,8,3,16,3
FS R U L DR D UR,2,9,43,8,3,13,3
FS R U L DR UR D,2,9,43,8,3,14,3
FS U L R DR D UR,2,9,43,8,3,13,4
FS U L R DR UR D,2,9,43,8,3,14,4
FS U R DR D L UR,2,9,43,8,3,11,3
FS U R DR D UR L,2,9,43,8,3,12,3
FS U R DR L D UR,2,9,43,8,3,13,3
FS U R DR L UR D,2,9,43,8,3,14,3
FS U R L DR D UR,2,9,43,8,3,15,4
FS U R L DR UR D,2,9,43,8,3,16,4
L FS R U DR D UR,2,9,43,8,3,13,3
L FS R U DR UR D,2,9,43,8,3,14,3
L FS U R DR D UR,2,9,43,8,3,11,3
L FS U R DR UR D,2,9,43,8,3,12,3
L R FS U DR D UR,2,9,43,8,3,15,4
L R FS U DR UR D,2,9,43,8,3,16,4
L R U DR D FS UR,2,9,43,8,3,13,4
L R U DR FS D UR,2,9,43,8,3,17,4
L R U DR FS UR D,2,9,43,8,3,16,4
L R U DR UR FS D,2,9,43,8,3,14,4
L R U FS DR D UR,2,9,43,8,3,15,4
L R U FS DR UR D,2,9,43,8,3,16,4
L U FS R DR D UR,2,9,43,8,3,11,3
L U FS R DR UR D,2,9,43,8,3,12,3
L U R DR D FS UR,2,9,43,8,3,9,2
L U R DR FS D UR,2,9,43,8,3,13,3
L U R DR FS UR D,2,9,43,8,3,12,3
L U R DR UR FS D,2,9,43,8,3,10,2
L U R FS DR D UR,2,9,43,8,3,13,3
L U R FS DR UR D,2,9,43,8,3,14,3
R FS L U DR D UR,2,9,43,8,3,13,3
R FS L U DR UR D,2,9,43,8,3,14,3
R FS U DR D L UR,2,9,43,8,3,13,3
R FS U DR D UR L,2,9,43,8,3,14,3
R FS U DR L D UR,2,9,43,8,3,15,3
R FS U DR L UR D,2,9,43,8,3,16,3
R FS U L DR D UR,2,9,43,8,3,13,3
R FS U L DR UR D,2,9,43,8,3,14,3
R L FS U DR D UR,2,9,43,8,3,15,4
R L FS U DR UR D,2,9,43,8,3,16,4
R L U DR D FS UR,2,9,43,8,3,13,4
R L U DR FS D UR,2,9,43,8,3,17,4
R L U DR FS UR D,2,9,43,8,3,16,4
R L U DR UR FS D,2,9,43,8,3,14,4
R L U FS DR D UR,2,9,43,8,3,15,4
R L U FS DR UR D,2,9,43,8,3,16,4
R U DR D FS L UR,2,9,43,8,3,13,3
R U DR D FS UR L,2,9,43,8,3,12,3
R U DR D L FS UR,2,9,43,8,3,11,3
R U DR D UR FS L,2,9,43,8,3,12,3
R U DR FS D L UR,2,9,43,8,3,15,3
R U DR FS D UR L,2,9,43,8,3,16,3
R U DR FS L D UR,2,9,43,8,3,15,3
R U DR FS L UR D,2,9,43,8,3,16,3
R U DR L D FS UR,2,9,43,8,3,13,3
R U DR L FS D UR,2,9,43,8,3,15,3
R U DR L FS UR D,2,9,43,8,3,14,3
R U DR L UR FS D,2,9,43,8,3,14,3
R U DR UR D FS L,2,9,43,8,3,14,3
R U DR UR L FS D,2,9,43,8,3,14,3
R U FS DR D L UR,2,9,43,8,3,13,3
R U FS DR D UR L,2,9,43,8,3,14,3
R U FS DR L D UR,2,9,43,8,3,15,3
R U FS DR L UR D,2,9,43,8,3,16,3
R U FS L DR D UR,2,9,43,8,3,13,3
R U FS L DR UR D,2,9,43,8,3,14,3
R U L DR D FS UR,2,9,43,8,3,11,3
R U L DR FS D UR,2,9,43,8,3,15,3
R U L DR FS UR D,2,9,43,8,3,14,3
R U L DR UR FS D,2,9,43,8,3,12,3
R U L FS DR D UR,2,9,43,8,3,13,3
R U L FS DR UR D,2,9,43,8,3,14,3
U FS L R DR D UR,2,9,43,8,3,13,4
U FS L R DR UR D,2,9,43,8,3,14,4
U FS R DR D L UR,2,9,43,8,3,11,3
U FS R DR D UR L,2,9,43,8,3,12,3
U FS R DR L D UR,2,9,43,8,3,13,3
U FS R DR L UR D,2,9,43,8,3,14,3
U FS R L DR D UR,2,9,43,8,3,15,4
U FS R L DR UR D,2,9,43,8,3,16,4
U L FS R DR D UR,2,9,43,8,3,11,3
U L FS R DR UR D,2,9,43,8,3,12,3
U L R DR D FS UR,2,9,43,8,3,11,4
U L R DR FS D UR,2,9,43,8,3,15,4
U L R DR FS UR D,2,9,43,8,3,14,4
U L R DR UR FS D,2,9,43,8,3,12,4
U L R FS DR D UR,2,9,43,8,3,15,4
U L R FS DR UR D,2,9,43,8,3,16,4
U R DR D FS L UR,2,9,43,8,3,11,3
U R DR D FS UR L,2,9,43,8,3,10,3
U R DR D L FS UR,2,9,43,8,3,9,2
U R DR D UR FS L,2,9,43,8,3,10,3
U R DR FS D L UR,2,9,43,8,3,13,3
U R DR FS D UR L,2,9,43,8,3,14,3
U R DR FS L D UR,2,9,43,8,3,13,3
U R DR FS L UR D,2,9,43,8,3,14,3
U R DR L D FS UR,2,9,43,8,3,11,3
U R DR L FS D UR,2,9,43,8,3,13,3
U R DR L FS UR D,2,9,43,8,3,12,3
U R DR L UR FS D,2,9,43,8,3,12,3
U R DR UR D FS L,2,9,43,8,3,12,3
U R DR UR L FS D,2,9,43,8,3,12,3
U R FS DR D L UR,2,9,43,8,3,13,3
U R FS DR D UR L,2,9,43,8,3,14,3
U R FS DR L D UR,2,9,43,8,3,15,3
U R FS DR L UR D,2,9,43,8,3,16,3
U R FS L DR D UR,2,9,43,8,3,13,3
U R FS L DR UR D,2,9,43,8,3,14,3
U R L DR D FS UR,2,9,43,8,3,13,4
U R L DR FS D UR,2,9,43,8,3,17,4
U R L DR FS UR D,2,9,43,8,3,16,4
U R L DR UR FS D,2,9,43,8,3,14,4
U R L FS DR D UR,2,9,43,8,3,15,4
U R L FS DR UR D,2,9,43,8,3,16,4
D L R U UR DR FS,2,12,43,8,3,14,4
D L U R UR DR FS,2,12,43,8,3,12,3
D R L U UR DR FS,2,12,43,8,3,14,4
D R U L UR DR FS,2,12,43,8,3,14,3
D R U UR L DR FS,2,12,43,8,3,14,3
D U L R UR DR FS,2,12,43,8,3,16,4
D U R L UR DR FS,2,12,43,8,3,18,4
D U R UR L DR FS,2,12,43,8,3,16,4
L D R U UR DR FS,2,12,43,8,3,12,3
L D U R UR DR FS,2,12,43,8,3,14,4
L R D U UR DR FS,2,12,43,8,3,16,4
L R U D UR DR FS,2,12,43,8,3,18,4
L U D R UR DR FS,2,12,43,8,3,14,4
L U R D UR DR FS,2,12,43,8,3,14,3
R D L U UR DR FS,2,12,43,8,3,12,3
R D U L UR DR FS,2,12,43,8,3,16,4
R D U UR L DR FS,2,12,43,8,3,16,4
R L D U UR DR FS,2,12,43,8,3,16,4
R L U D UR DR FS,2,12,43,8,3,18,4
R U D L UR DR FS,2,12,43,8,3,16,4
R U D UR L DR FS,2,12,43,8,3,18,4
R U L D UR DR FS,2,12,43,8,3,14,3
U D L R UR DR FS,2,12,43,8,3,16,4
U D R L UR DR FS,2,12,43,8,3,18,4
U D R UR L DR FS,2,12,43,8,3,16,4
U L D R UR DR FS,2,12,43,8,3,12,3
U L R D UR DR FS,2,12,43,8,3,16,4
U R D L UR DR FS,2,12,43,8,3,14,3
U R D UR L DR FS,2,12,43,8,3,16,3
U R L D UR DR FS,2,12,43,8,3,16,4
D FS L DR R U UR,2,12,44,8,3,11,3
D FS L DR U R UR,2,12,44,8,3,13,3
D FS L R DR U UR,2,12,44,8,3,13,4
D FS L U DR R UR,2,12,44,8,3,11,3
D FS L U UR R DR,2,12,44,8,3,9,2
D FS R L DR U UR,2,12,44,8,3,15,4
D FS U L DR R UR,2,12,44,8,3,11,3
D FS U L UR R DR,2,12,44,8,3,11,3
D L DR FS R U UR,2,12,44,8,3,13,3
D L DR FS U R UR,2,12,44,8,3,13,3
D L DR R FS U UR,2,12,44,8,3,11,3
D L DR R U FS UR,2,12,44,8,3,11,3
D L DR U FS R UR,2,12,44,8,3,13,3
D L DR U R FS UR,2,12,44,8,3,13,3
D L FS DR R U UR,2,12,44,8,3,11,3
D L FS DR U R UR,2,12,44,8,3,13,3
D L FS R DR U UR,2,12,44,8,3,11,3
D L FS U DR R UR,2,12,44,8,3,11,3
D L FS U UR R DR,2,12,44,8,3,9,2
D L R DR FS U UR,2,12,44,8,3,13,4
D L R DR U FS UR,2,12,44,8,3,13,4
D L R FS DR U UR,2,12,44,8,3,15,4
D L U DR FS R UR,2,12,44,8,3,13,3
D L U DR R FS UR,2,12,44,8,3,11,3
D L U FS DR R UR,2,12,44,8,3,11,3
D L U FS UR R DR,2,12,44,8,3,9,2
D R FS L DR U UR,2,12,44,8,3,13,3
D R L DR FS U UR,2,12,44,8,3,15,4
D R L DR U FS UR,2,12,44,8,3,15,4
D R L FS DR U UR,2,12,44,8,3,15,4
D U FS L DR R UR,2,12,44,8,3,13,4
D U FS L UR R DR,2,12,44,8,3,13,4
D U L DR FS R UR,2,12,44,8,3,15,4
D U L DR R FS UR,2,12,44,8,3,13,4
D U L FS DR R UR,2,12,44,8,3,13,4
D U L FS UR R DR,2,12,44,8,3,11,4
FS D L DR R U UR,2,12,44,8,3,11,3
FS D L DR U R UR,2,12,44,8,3,13,3
FS D L R DR U UR,2,12,44,8,3,13,4
FS D L U DR R UR,2,12,44,8,3,11,3
FS D L U UR R DR,2,12,44,8,3,9,2
FS D R L DR U UR,2,12,44,8,3,15,4
FS D U L DR R UR,2,12,44,8,3,13,4
FS D U L UR R DR,2,12,44,8,3,13,4
FS L D DR R U UR,2,12,44,8,3,9,2
FS L D DR U R UR,2,12,44,8,3,11,3
FS L D R DR U UR,2,12,44,8,3,11,3
FS L D U DR R UR,2,12,44,8,3,13,4
FS L D U UR R DR,2,12,44,8,3,11,4
FS L R D DR U UR,2,12,44,8,3,13,4
FS L U D DR R UR,2,12,44,8,3,11,4
FS L U D UR R DR,2,12,44,8,3,13,4
FS L U UR D R DR,2,12,44,8,3,11,3
FS R D L DR U UR,2,12,44,8,3,13,3
FS R L D DR U UR,2,12,44,8,3,13,4
FS U D L DR R UR,2,12,44,8,3,13,4
FS U D L UR R DR,2,12,44,8,3,13,4
FS U L D DR R UR,2,12,44,8,3,9,2
FS U L D UR R DR,2,12,44,8,3,11,3
FS U L UR D R DR,2,12,44,8,3,13,3
L D DR FS R U UR,2,12,44,8,3,11,3
L D DR FS U R UR,2,12,44,8,3,11,3
L D DR R FS U UR,2,12,44,8,3,9,2
L D DR R U FS UR,2,12,44,8,3,9,2
L D DR U FS R UR,2,12,44,8,3,11,3
L D DR U R FS UR,2,12,44,8,3,11,3
L D FS DR R U UR,2,12,44,8,3,11,3
L D FS DR U R UR,2,12,44,8,3,13,3
L D FS R DR U UR,2,12,44,8,3,11,3
L D FS U DR R UR,2,12,44,8,3,11,3
L D FS U UR R DR,2,12,44,8,3,9,2
L D R DR FS U UR,2,12,44,8,3,11,3
L D R DR U FS UR,2,12,44,8,3,11,3
L D R FS DR U UR,2,12,44,8,3,13,3
L D U DR FS R UR,2,12,44,8,3,15,4
L D U DR R FS UR,2,12,44,8,3,13,4
L D U FS DR R UR,2,12,44,8,3,13,4
L D U FS UR R DR,2,12,44,8,3,11,4
L FS D DR R U UR,2,12,44,8,3,9,2
L FS D DR U R UR,2,12,44,8,3,11,3
L FS D R DR U UR,2,12,44,8,3,11,3
L FS D U DR R UR,2,12,44,8,3,13,4
L FS D U UR R DR,2,12,44,8,3,11,4
L FS R D DR U UR,2,12,44,8,3,11,3
L FS U D DR R UR,2,12,44,8,3,11,4
L FS U D UR R DR,2,12,44,8,3,13,4
L FS U UR D R DR,2,12,44,8,3,11,3
L R D DR FS U UR,2,12,44,8,3,13,4
L R D DR U FS UR,2,12,44,8,3,13,4
L R D FS DR U UR,2,12,44,8,3,15,4
L R FS D DR U UR,2,12,44,8,3,13,4
L U D DR FS R UR,2,12,44,8,3,13,4
L U D DR R FS UR,2,12,44,8,3,11,4
L U D FS DR R UR,2,12,44,8,3,13,4
L U D FS UR R DR,2,12,44,8,3,11,4
L U FS D DR R UR,2,12,44,8,3,9,2
L U FS D UR R DR,2,12,44,8,3,11,3
L U FS UR D R DR,2,12,44,8,3,11,3
R D FS L DR U UR,2,12,44,8,3,13,3
R D L DR FS U UR,2,12,44,8,3,13,3
R D L DR U FS UR,2,12,44,8,3,13,3
R D L FS DR U UR,2,12,44,8,3,13,3
R FS D L DR U UR,2,12,44,8,3,13,3
R FS L D DR U UR,2,12,44,8,3,11,3
R L D DR FS U UR,2,12,44,8,3,13,4
R L D DR U FS UR,2,12,44,8,3,13,4
R L D FS DR U UR,2,12,44,8,3,15,4
R L FS D DR U UR,2,12,44,8,3,13,4
U D FS L DR R UR,2,12,44,8,3,13,4
U D FS L UR R DR,2,12,44,8,3,13,4
U D L DR FS R UR,2,12,44,8,3,15,4
U D L DR R FS UR,2,12,44,8,3,13,4
U D L FS DR R UR,2,12,44,8,3,13,4
U D L FS UR R DR,2,12,44,8,3,11,4
U FS D L DR R UR,2,12,44,8,3,11,3
U FS D L UR R DR,2,12,44,8,3,11,3
U FS L D DR R UR,2,12,44,8,3,9,2
U FS L D UR R DR,2,12,44,8,3,11,3
U FS L UR D R DR,2,12,44,8,3,13,3
U L D DR FS R UR,2,12,44,8,3,11,3
U L D DR R FS UR,2,12,44,8,3,9,2
U L D FS DR R UR,2,12,44,8,3,11,3
U L D FS UR R DR,2,12,44,8,3,9,2
U L FS D DR R UR,2,12,44,8,3,9,2
U L FS D UR R DR,2,12,44,8,3,11,3
U L FS UR D R DR,2,12,44,8,3,11,3
FS R U UR DR D L,2,11,45,7,3,10,2
FS R U UR DR L D,2,11,45,7,3,12,3
FS R U UR L DR D,2,11,45,7,3,12,3
FS U R UR DR D L,2,11,45,7,3,10,2
FS U R UR DR L D,2,11,45,7,3,12,3
FS U R UR L DR D,2,11,45,7,3,12,3
FS U UR L R DR D,2,11,45,7,3,12,4
FS U UR R DR D L,2,11,45,7,3,8,2
FS U UR R DR L D,2,11,45,7,3,10,3
FS U UR R L DR D,2,11,45,7,3,12,4
R FS U UR DR D L,2,11,45,7,3,10,2
R FS U UR DR L D,2,11,45,7,3,12,3
R FS U UR L DR D,2,11,45,7,3,12,3
R U FS UR DR D L,2,11,45,7,3,10,2
R U FS UR DR L D,2,11,45,7,3,12,3
R U FS UR L DR D,2,11,45,7,3,12,3
R U UR DR FS D L,2,11,45,7,3,12,3
R U UR DR FS L D,2,11,45,7,3,12,3
R U UR FS DR D L,2,11,45,7,3,10,3
R U UR FS DR L D,2,11,45,7,3,12,3
R U UR FS L DR D,2,11,45,7,3,10,3
U FS R UR DR D L,2,11,45,7,3,10,2
U FS R UR DR L D,2,11,45,7,3,12,3
U FS R UR L DR D,2,11,45,7,3,12,3
U FS UR L R DR D,2,11,45,7,3,12,4
U FS UR R DR D L,2,11,45,7,3,8,2
U FS UR R DR L D,2,11,45,7,3,10,3
U FS UR R L DR D,2,11,45,7,3,12,4
U R FS UR DR D L,2,11,45,7,3,10,2
U R FS UR DR L D,2,11,45,7,3,12,3
U R FS UR L DR D,2,11,45,7,3,12,3
U R UR DR FS D L,2,11,45,7,3,12,3
U R UR DR FS L D,2,11,45,7,3,12,3
U R UR FS DR D L,2,11,45,7,3,10,3
U R UR FS DR L D,2,11,45,7,3,12,3
U R UR FS L DR D,2,11,45,7,3,10,3
U UR FS L R DR D,2,11,45,7,3,10,4
U UR FS R DR D L,2,11,45,7,3,8,2
U UR FS R DR L D,2,11,45,7,3,10,3
U UR FS R L DR D,2,11,45,7,3,12,4
U UR R DR FS D L,2,11,45,7,3,10,3
U UR R DR FS L D,2,11,45,7,3,10,3
U UR R FS DR D L,2,11,45,7,3,10,3
U UR R FS DR L D,2,11,45,7,3,12,3
U UR R FS L DR D,2,11,45,7,3,10,3
DR D FS L R UR U,2,11,46,7,3,11,4
DR D FS L U UR R,2,11,46,7,3,9,2
DR D FS R L UR U,2,11,46,7,3,13,4
DR D FS R UR L U,2,11,46,7,3,11,3
DR D FS R UR U L,2,11,46,7,3,9,2
DR D FS U L UR R,2,11,46,7,3,11,3
DR D L FS R UR U,2,11,46,7,3,9,2
DR D L FS U UR R,2,11,46,7,3,9,2
DR D L R FS UR U,2,11,46,7,3,11,4
DR D L U FS UR R,2,11,46,7,3,9,2
DR D R FS L UR U,2,11,46,7,3,11,3
DR D R FS UR L U,2,11,46,7,3,11,3
DR D R FS UR U L,2,11,46,7,3,9,2
DR D R L FS UR U,2,11,46,7,3,11,4
DR D U FS L UR R,2,11,46,7,3,13,4
DR D U L FS UR R,2,11,46,7,3,11,4
DR FS D L R UR U,2,11,46,7,3,13,4
DR FS D L U UR R,2,11,46,7,3,11,3
DR FS D R L UR U,2,11,46,7,3,15,4
DR FS D R UR L U,2,11,46,7,3,13,3
DR FS D R UR U L,2,11,46,7,3,11,3
DR FS D U L UR R,2,11,46,7,3,15,4
DR FS L D R UR U,2,11,46,7,3,11,3
DR FS L D U UR R,2,11,46,7,3,13,4
DR FS L R D UR U,2,11,46,7,3,15,4
DR FS L U D UR R,2,11,46,7,3,15,4
DR FS L U UR D R,2,11,46,7,3,13,3
DR FS L U UR R D,2,11,46,7,3,11,3
DR FS R D L UR U,2,11,46,7,3,13,3
DR FS R D UR L U,2,11,46,7,3,15,3
DR FS R D UR U L,2,11,46,7,3,13,3
DR FS R L D UR U,2,11,46,7,3,15,4
DR FS R U UR D L,2,11,46,7,3,13,3
DR FS R U UR L D,2,11,46,7,3,13,3
DR FS U D L UR R,2,11,46,7,3,15,4
DR FS U L D UR R,2,11,46,7,3,13,3
DR FS U L UR D R,2,11,46,7,3,15,3
DR FS U L UR R D,2,11,46,7,3,13,3
DR FS U R UR D L,2,11,46,7,3,13,3
DR FS U R UR L D,2,11,46,7,3,13,3
DR L D FS R UR U,2,11,46,7,3,11,3
DR L D FS U UR R,2,11,46,7,3,11,3
DR L D R FS UR U,2,11,46,7,3,11,3
DR L D U FS UR R,2,11,46,7,3,13,4
DR L FS D R UR U,2,11,46,7,3,11,3
DR L FS D U UR R,2,11,46,7,3,13,4
DR L FS R D UR U,2,11,46,7,3,13,3
DR L FS U D UR R,2,11,46,7,3,15,4
DR L FS U UR D R,2,11,46,7,3,13,3
DR L FS U UR R D,2,11,46,7,3,11,3
DR L R D FS UR U,2,11,46,7,3,13,4
DR L R FS D UR U,2,11,46,7,3,15,4
DR L U D FS UR R,2,11,46,7,3,13,4
DR L U FS D UR R,2,11,46,7,3,13,3
DR L U FS UR D R,2,11,46,7,3,13,3
DR L U FS UR R D,2,11,46,7,3,11,3
DR R D FS L UR U,2,11,46,7,3,11,3
DR R D FS UR L U,2,11,46,7,3,11,3
DR R D FS UR U L,2,11,46,7,3,9,2
DR R D L FS UR U,2,11,46,7,3,9,2
DR R FS D L UR U,2,11,46,7,3,11,3
DR R FS D UR L U,2,11,46,7,3,13,3
DR R FS D UR U L,2,11,46,7,3,11,3
DR R FS L D UR U,2,11,46,7,3,11,3
DR R FS U UR D L,2,11,46,7,3,11,3
DR R FS U UR L D,2,11,46,7,3,11,3
DR R L D FS UR U,2,11,46,7,3,11,4
DR R L FS D UR U,2,11,46,7,3,13,4
DR R U FS UR D L,2,11,46,7,3,11,3
DR R U FS UR L D,2,11,46,7,3,11,3
DR R U UR FS D L,2,11,46,7,3,9,2
DR R U UR FS L D,2,11,46,7,3,9,2
DR U D FS L UR R,2,11,46,7,3,15,4
DR U D L FS UR R,2,11,46,7,3,13,4
DR U FS D L UR R,2,11,46,7,3,13,3
DR U FS L D UR R,2,11,46,7,3,13,3
DR U FS L UR D R,2,11,46,7,3,15,3
DR U FS L UR R D,2,11,46,7,3,13,3
DR U FS R UR D L,2,11,46,7,3,13,3
DR U FS R UR L D,2,11,46,7,3,13,3
DR U L D FS UR R,2,11,46,7,3,11,3
DR U L FS D UR R,2,11,46,7,3,13,3
DR U L FS UR D R,2,11,46,7,3,13,3
DR U L FS UR R D,2,11,46,7,3,11,3
DR U R FS UR D L,2,11,46,7,3,13,3
DR U R FS UR L D,2,11,46,7,3,13,3
DR U R UR FS D L,2,11,46,7,3,11,3
DR U R UR FS L D,2,11,46,7,3,11,3
FS DR D L R UR U,2,11,46,7,3,12,4
FS DR D L U UR R,2,11,46,7,3,10,3
FS DR D R L UR U,2,11,46,7,3,14,4
FS DR D R UR L U,2,11,46,7,3,12,3
FS DR D R UR U L,2,11,46,7,3,10,3
FS DR D U L UR R,2,11,46,7,3,14,4
FS DR L D R UR U,2,11,46,7,3,12,3
FS DR L D U UR R,2,11,46,7,3,14,4
FS DR L R D UR U,2,11,46,7,3,16,4
FS DR L U D UR R,2,11,46,7,3,16,4
FS DR L U UR D R,2,11,46,7,3,14,3
FS DR L U UR R D,2,11,46,7,3,12,3
FS DR R D L UR U,2,11,46,7,3,12,3
FS DR R D UR L U,2,11,46,7,3,14,3
FS DR R D UR U L,2,11,46,7,3,12,3
FS DR R L D UR U,2,11,46,7,3,14,4
FS DR R U UR D L,2,11,46,7,3,12,3
FS DR R U UR L D,2,11,46,7,3,12,3
FS DR U D L UR R,2,11,46,7,3,16,4
FS DR U L D UR R,2,11,46,7,3,14,3
FS DR U L UR D R,2,11,46,7,3,16,3
FS DR U L UR R D,2,11,46,7,3,14,3
FS DR U R UR D L,2,11,46,7,3,14,3
FS DR U R UR L D,2,11,46,7,3,14,3
FS L DR D R UR U,2,11,46,7,3,10,3
FS L DR D U UR R,2,11,46,7,3,12,4
FS L DR R D UR U,2,11,46,7,3,12,3
FS L DR U D UR R,2,11,46,7,3,16,4
FS L DR U UR D R,2,11,46,7,3,14,3
FS L DR U UR R D,2,11,46,7,3,12,3
FS L R DR D UR U,2,11,46,7,3,12,4
FS L R UR U DR D,2,11,46,7,3,12,4
FS L U DR D UR R,2,11,46,7,3,12,3
FS L U DR UR D R,2,11,46,7,3,14,3
FS L U DR UR R D,2,11,46,7,3,12,3
FS L U UR DR D R,2,11,46,7,3,10,2
FS L U UR DR R D,2,11,46,7,3,10,2
FS L UR R U DR D,2,11,46,7,3,12,3
FS L UR U R DR D,2,11,46,7,3,10,3
FS R DR D L UR U,2,11,46,7,3,10,3
FS R DR D UR L U,2,11,46,7,3,12,3
FS R DR D UR U L,2,11,46,7,3,10,3
FS R DR L D UR U,2,11,46,7,3,12,3
FS R DR U UR D L,2,11,46,7,3,12,3
FS R DR U UR L D,2,11,46,7,3,12,3
FS R L DR D UR U,2,11,46,7,3,14,4
FS R L UR U DR D,2,11,46,7,3,14,4
FS R UR D DR L U,2,11,46,7,3,12,3
FS R UR D DR U L,2,11,46,7,3,12,3
FS R UR L U DR D,2,11,46,7,3,12,3
FS R UR U DR D L,2,11,46,7,3,10,3
FS R UR U DR L D,2,11,46,7,3,12,3
FS R UR U L DR D,2,11,46,7,3,10,3
FS U DR D L UR R,2,11,46,7,3,12,3
FS U DR L D UR R,2,11,46,7,3,14,3
FS U DR L UR D R,2,11,46,7,3,16,3
FS U DR L UR R D,2,11,46,7,3,14,3
FS U DR R UR D L,2,11,46,7,3,12,3
FS U DR R UR L D,2,11,46,7,3,12,3
FS U L DR D UR R,2,11,46,7,3,12,3
FS U L DR UR D R,2,11,46,7,3,14,3
FS U L DR UR R D,2,11,46,7,3,12,3
FS U L UR DR D R,2,11,46,7,3,12,3
FS U L UR DR R D,2,11,46,7,3,12,3
FS UR L R U DR D,2,11,46,7,3,14,4
FS UR L U R DR D,2,11,46,7,3,10,3
FS UR R D DR L U,2,11,46,7,3,10,3
FS UR R D DR U L,2,11,46,7,3,10,3
FS UR R L U DR D,2,11,46,7,3,12,4
FS UR R U DR D L,2,11,46,7,3,10,3
FS UR R U DR L D,2,11,46,7,3,12,3
FS UR R U L DR D,2,11,46,7,3,10,3
FS UR U L R DR D,2,11,46,7,3,10,4
FS UR U R DR D L,2,11,46,7,3,8,2
FS UR U R DR L D,2,11,46,7,3,10,3
FS UR U R L DR D,2,11,46,7,3,12,4
L DR D FS R UR U,2,11,46,7,3,10,3
L DR D FS U UR R,2,11,46,7,3,10,3
L DR D R FS UR U,2,11,46,7,3,10,3
L DR D U FS UR R,2,11,46,7,3,12,4
L DR FS D R UR U,2,11,46,7,3,12,3
L DR FS D U UR R,2,11,46,7,3,14,4
L DR FS R D UR U,2,11,46,7,3,14,3
L DR FS U D UR R,2,11,46,7,3,16,4
L DR FS U UR D R,2,11,46,7,3,14,3
L DR FS U UR R D,2,11,46,7,3,12,3
L DR R D FS UR U,2,11,46,7,3,10,3
L DR R FS D UR U,2,11,46,7,3,12,3
L DR U D FS UR R,2,11,46,7,3,14,4
L DR U FS D UR R,2,11,46,7,3,14,3
L DR U FS UR D R,2,11,46,7,3,14,3
L DR U FS UR R D,2,11,46,7,3,12,3
L FS DR D R UR U,2,11,46,7,3,10,3
L FS DR D U UR R,2,11,46,7,3,12,4
L FS DR R D UR U,2,11,46,7,3,12,3
L FS DR U D UR R,2,11,46,7,3,16,4
L FS DR U UR D R,2,11,46,7,3,14,3
L FS DR U UR R D,2,11,46,7,3,12,3
L FS R DR D UR U,2,11,46,7,3,10,3
L FS R UR U DR D,2,11,46,7,3,10,3
L FS U DR D UR R,2,11,46,7,3,12,3
L FS U DR UR D R,2,11,46,7,3,14,3
L FS U DR UR R D,2,11,46,7,3,12,3
L FS U UR DR D R,2,11,46,7,3,10,2
L FS U UR DR R D,2,11,46,7,3,10,2
L FS UR R U DR D,2,11,46,7,3,10,3
L FS UR U R DR D,2,11,46,7,3,8,2
L R DR D FS UR U,2,11,46,7,3,10,4
L R DR FS D UR U,2,11,46,7,3,14,4
L R FS DR D UR U,2,11,46,7,3,14,4
L R FS UR U DR D,2,11,46,7,3,12,4
L R UR FS U DR D,2,11,46,7,3,12,4
L U DR D FS UR R,2,11,46,7,3,10,3
L U DR FS D UR R,2,11,46,7,3,14,3
L U DR FS UR D R,2,11,46,7,3,14,3
L U DR FS UR R D,2,11,46,7,3,12,3
L U FS DR D UR R,2,11,46,7,3,12,3
L U FS DR UR D R,2,11,46,7,3,14,3
L U FS DR UR R D,2,11,46,7,3,12,3
L U FS UR DR D R,2,11,46,7,3,10,2
L U FS UR DR R D,2,11,46,7,3,10,2
L UR FS R U DR D,2,11,46,7,3,12,3
L UR FS U R DR D,2,11,46,7,3,10,3
L UR R FS U DR D,2,11,46,7,3,12,3
R DR D FS L UR U,2,11,46,7,3,10,3
R DR D FS UR L U,2,11,46,7,3,10,3
R DR D FS UR U L,2,11,46,7,3,8,2
R DR D L FS UR U,2,11,46,7,3,8,2
R DR FS D L UR U,2,11,46,7,3,12,3
R DR FS D UR L U,2,11,46,7,3,14,3
R DR FS D UR U L,2,11,46,7,3,12,3
R DR FS L D UR U,2,11,46,7,3,12,3
R DR FS U UR D L,2,11,46,7,3,12,3
R DR FS U UR L D,2,11,46,7,3,12,3
R DR L D FS UR U,2,11,46,7,3,10,3
R DR L FS D UR U,2,11,46,7,3,12,3
R DR U FS UR D L,2,11,46,7,3,12,3
R DR U FS UR L D,2,11,46,7,3,12,3
R DR U UR FS D L,2,11,46,7,3,10,3
R DR U UR FS L D,2,11,46,7,3,10,3
R FS DR D L UR U,2,11,46,7,3,12,3
R FS DR D UR L U,2,11,46,7,3,14,3
R FS DR D UR U L,2,11,46,7,3,12,3
R FS DR L D UR U,2,11,46,7,3,14,3
R FS DR U UR D L,2,11,46,7,3,14,3
R FS DR U UR L D,2,11,46,7,3,14,3
R FS L DR D UR U,2,11,46,7,3,12,3
R FS L UR U DR D,2,11,46,7,3,12,3
R FS UR D DR L U,2,11,46,7,3,12,3
R FS UR D DR U L,2,11,46,7,3,12,3
R FS UR L U DR D,2,11,46,7,3,12,3
R FS UR U DR D L,2,11,46,7,3,10,3
R FS UR U DR L D,2,11,46,7,3,12,3
R FS UR U L DR D,2,11,46,7,3,10,3
R L DR D FS UR U,2,11,46,7,3,12,4
R L DR FS D UR U,2,11,46,7,3,16,4
R L FS DR D UR U,2,11,46,7,3,14,4
R L FS UR U DR D,2,11,46,7,3,12,4
R L UR FS U DR D,2,11,46,7,3,14,4
R UR D FS DR L U,2,11,46,7,3,14,3
R UR D FS DR U L,2,11,46,7,3,14,3
R UR FS D DR L U,2,11,46,7,3,10,3
R UR FS D DR U L,2,11,46,7,3,10,3
R UR FS L U DR D,2,11,46,7,3,10,3
R UR FS U DR D L,2,11,46,7,3,10,3
R UR FS U DR L D,2,11,46,7,3,12,3
R UR FS U L DR D,2,11,46,7,3,10,3
R UR L FS U DR D,2,11,46,7,3,12,3
R UR U DR FS D L,2,11,46,7,3,12,3
R UR U DR FS L D,2,11,46,7,3,12,3
R UR U FS DR D L,2,11,46,7,3,10,3
R UR U FS DR L D,2,11,46,7,3,12,3
R UR U FS L DR D,2,11,46,7,3,10,3
U DR D FS L UR R,2,11,46,7,3,12,3
U DR D L FS UR R,2,11,46,7,3,10,3
U DR FS D L UR R,2,11,46,7,3,14,3
U DR FS L D UR R,2,11,46,7,3,14,3
U DR FS L UR D R,2,11,46,7,3,16,3
U DR FS L UR R D,2,11,46,7,3,14,3
U DR FS R UR D L,2,11,46,7,3,14,3
U DR FS R UR L D,2,11,46,7,3,14,3
U DR L D FS UR R,2,11,46,7,3,12,3
U DR L FS D UR R,2,11,46,7,3,14,3
U DR L FS UR D R,2,11,46,7,3,14,3
U DR L FS UR R D,2,11,46,7,3,12,3
U DR R FS UR D L,2,11,46,7,3,12,3
U DR R FS UR L D,2,11,46,7,3,12,3
U DR R UR FS D L,2,11,46,7,3,10,3
U DR R UR FS L D,2,11,46,7,3,10,3
U FS DR D L UR R,2,11,46,7,3,12,3
U FS DR L D UR R,2,11,46,7,3,14,3
U FS DR L UR D R,2,11,46,7,3,16,3
U FS DR L UR R D,2,11,46,7,3,14,3
U FS DR R UR D L,2,11,46,7,3,12,3
U FS DR R UR L D,2,11,46,7,3,12,3
U FS L DR D UR R,2,11,46,7,3,12,3
U FS L DR UR D R,2,11,46,7,3,14,3
U FS L DR UR R D,2,11,46,7,3,12,3
U FS L UR DR D R,2,11,46,7,3,12,3
U FS L UR DR R D,2,11,46,7,3,12,3
U L DR D FS UR R,2,11,46,7,3,10,3
U L DR FS D UR R,2,11,46,7,3,14,3
U L DR FS UR D R,2,11,46,7,3,14,3
U L DR FS UR R D,2,11,46,7,3,12,3
U L FS DR D UR R,2,11,46,7,3,12,3
U L FS DR UR D R,2,11,46,7,3,14,3
U L FS DR UR R D,2,11,46,7,3,12,3
U L FS UR DR D R,2,11,46,7,3,10,2
U L FS UR DR R D,2,11,46,7,3,10,2
UR FS L R U DR D,2,11,46,7,3,13,4
UR FS L U R DR D,2,11,46,7,3,9,2
UR FS R D DR L U,2,11,46,7,3,11,3
UR FS R D DR U L,2,11,46,7,3,11,3
UR FS R L U DR D,2,11,46,7,3,13,4
UR FS R U DR D L,2,11,46,7,3,11,3
UR FS R U DR L D,2,11,46,7,3,13,3
UR FS R U L DR D,2,11,46,7,3,11,3
UR FS U L R DR D,2,11,46,7,3,11,4
UR FS U R DR D L,2,11,46,7,3,9,2
UR FS U R DR L D,2,11,46,7,3,11,3
UR FS U R L DR D,2,11,46,7,3,13,4
UR L FS R U DR D,2,11,46,7,3,13,3
UR L FS U R DR D,2,11,46,7,3,11,3
UR L R FS U DR D,2,11,46,7,3,15,4
UR R D FS DR L U,2,11,46,7,3,13,3
UR R D FS DR U L,2,11,46,7,3,13,3
UR R FS D DR L U,2,11,46,7,3,11,3
UR R FS D DR U L,2,11,46,7,3,11,3
UR R FS L U DR D,2,11,46,7,3,11,3
UR R FS U DR D L,2,11,46,7,3,11,3
UR R FS U DR L D,2,11,46,7,3,13,3
UR R FS U L DR D,2,11,46,7,3,11,3
UR R L FS U DR D,2,11,46,7,3,13,4
UR R U DR FS D L,2,11,46,7,3,13,3
UR R U DR FS L D,2,11,46,7,3,13,3
UR R U FS DR D L,2,11,46,7,3,11,3
UR R U FS DR L D,2,11,46,7,3,13,3
UR R U FS L DR D,2,11,46,7,3,11,3
UR U FS L R DR D,2,11,46,7,3,11,4
UR U FS R DR D L,2,11,46,7,3,9,2
UR U FS R DR L D,2,11,46,7,3,11,3
UR U FS R L DR D,2,11,46,7,3,13,4
UR U R DR FS D L,2,11,46,7,3,11,3
UR U R DR FS L D,2,11,46,7,3,11,3
UR U R FS DR D L,2,11,46,7,3,11,3
UR U R FS DR L D,2,11,46,7,3,13,3
UR U R FS L DR D,2,11,46,7,3,11,3
D DR FS L R UR U,2,12,47,7,3,12,4
D DR FS L U UR R,2,12,47,7,3,10,3
D DR FS R L UR U,2,12,47,7,3,14,4
D DR FS R UR L U,2,12,47,7,3,12,3
D DR FS R UR U L,2,12,47,7,3,10,3
D DR FS U L UR R,2,12,47,7,3,12,3
D DR L FS R UR U,2,12,47,7,3,10,3
D DR L FS U UR R,2,12,47,7,3,10,3
D DR L R FS UR U,2,12,47,7,3,12,4
D DR L U FS UR R,2,12,47,7,3,10,3
D DR R FS L UR U,2,12,47,7,3,10,3
D DR R FS UR L U,2,12,47,7,3,10,3
D DR R FS UR U L,2,12,47,7,3,8,2
D DR R L FS UR U,2,12,47,7,3,10,4
D DR U FS L UR R,2,12,47,7,3,12,3
D DR U L FS UR R,2,12,47,7,3,10,3
D FS DR L R UR U,2,12,47,7,3,14,4
D FS DR L U UR R,2,12,47,7,3,12,3
D FS DR R L UR U,2,12,47,7,3,14,4
D FS DR R UR L U,2,12,47,7,3,12,3
D FS DR R UR U L,2,12,47,7,3,10,3
D FS DR U L UR R,2,12,47,7,3,14,3
D FS R DR L UR U,2,12,47,7,3,12,3
D FS R DR UR L U,2,12,47,7,3,12,3
D FS R DR UR U L,2,12,47,7,3,10,2
D FS U DR L UR R,2,12,47,7,3,14,3
D R DR FS L UR U,2,12,47,7,3,12,3
D R DR FS UR L U,2,12,47,7,3,12,3
D R DR FS UR U L,2,12,47,7,3,10,3
D R DR L FS UR U,2,12,47,7,3,10,3
D R FS DR L UR U,2,12,47,7,3,14,3
D R FS DR UR L U,2,12,47,7,3,14,3
D R FS DR UR U L,2,12,47,7,3,12,3
D U DR FS L UR R,2,12,47,7,3,16,4
D U DR L FS UR R,2,12,47,7,3,14,4
D U FS DR L UR R,2,12,47,7,3,16,4
FS D DR L R UR U,2,12,47,7,3,12,4
FS D DR L U UR R,2,12,47,7,3,10,3
FS D DR R L UR U,2,12,47,7,3,12,4
FS D DR R UR L U,2,12,47,7,3,10,3
FS D DR R UR U L,2,12,47,7,3,8,2
FS D DR U L UR R,2,12,47,7,3,12,3
FS D R DR L UR U,2,12,47,7,3,12,3
FS D R DR UR L U,2,12,47,7,3,12,3
FS D R DR UR U L,2,12,47,7,3,10,2
FS D U DR L UR R,2,12,47,7,3,16,4
FS R D DR L UR U,2,12,47,7,3,12,3
FS R D DR UR L U,2,12,47,7,3,12,3
FS R D DR UR U L,2,12,47,7,3,10,2
FS U D DR L UR R,2,12,47,7,3,14,4
R D DR FS L UR U,2,12,47,7,3,12,3
R D DR FS UR L U,2,12,47,7,3,12,3
R D DR FS UR U L,2,12,47,7,3,10,3
R D DR L FS UR U,2,12,47,7,3,10,3
R D FS DR L UR U,2,12,47,7,3,14,3
R D FS DR UR L U,2,12,47,7,3,14,3
R D FS DR UR U L,2,12,47,7,3,12,3
R FS D DR L UR U,2,12,47,7,3,12,3
R FS D DR UR L U,2,12,47,7,3,12,3
R FS D DR UR U L,2,12,47,7,3,10,2
U D DR FS L UR R,2,12,47,7,3,14,4
U D DR L FS UR R,2,12,47,7,3,12,4
U D FS DR L UR R,2,12,47,7,3,16,4
U FS D DR L UR R,2,12,47,7,3,12,3
FS R U UR D DR L,2,11,47,8,3,12,3
FS R U UR D L DR,2,11,47,8,3,13,3
FS R U UR L D DR,2,11,47,8,3,11,3
FS U R UR D DR L,2,11,47,8,3,12,3
FS U R UR D L DR,2,11,47,8,3,13,3
FS U R UR L D DR,2,11,47,8,3,11,3
FS U UR L R D DR,2,11,47,8,3,13,4
FS U UR R D DR L,2,11,47,8,3,10,3
FS U UR R D L DR,2,11,47,8,3,11,3
FS U UR R L D DR,2,11,47,8,3,11,4
L R U UR DR FS D,2,11,47,8,3,14,4
L R U UR FS DR D,2,11,47,8,3,12,4
L U R UR DR FS D,2,11,47,8,3,12,3
L U R UR FS DR D,2,11,47,8,3,10,3
L U UR FS R DR D,2,11,47,8,3,8,2
L U UR R DR FS D,2,11,47,8,3,10,3
L U UR R FS DR D,2,11,47,8,3,10,3
R FS U UR D DR L,2,11,47,8,3,12,3
R FS U UR D L DR,2,11,47,8,3,13,3
R FS U UR L D DR,2,11,47,8,3,11,3
R L U UR DR FS D,2,11,47,8,3,14,4
R L U UR FS DR D,2,11,47,8,3,12,4
R U FS UR D DR L,2,11,47,8,3,12,3
R U FS UR D L DR,2,11,47,8,3,13,3
R U FS UR L D DR,2,11,47,8,3,11,3
R U L UR DR FS D,2,11,47,8,3,14,3
R U L UR FS DR D,2,11,47,8,3,12,3
R U UR D DR FS L,2,11,47,8,3,12,3
R U UR D FS DR L,2,11,47,8,3,14,3
R U UR D FS L DR,2,11,47,8,3,13,3
R U UR DR D FS L,2,11,47,8,3,10,2
R U UR DR L FS D,2,11,47,8,3,12,3
R U UR FS D DR L,2,11,47,8,3,10,3
R U UR FS D L DR,2,11,47,8,3,11,3
R U UR FS L D DR,2,11,47,8,3,9,2
R U UR L DR FS D,2,11,47,8,3,14,3
R U UR L FS DR D,2,11,47,8,3,12,3
U FS R UR D DR L,2,11,47,8,3,12,3
U FS R UR D L DR,2,11,47,8,3,13,3
U FS R UR L D DR,2,11,47,8,3,11,3
U FS UR L R D DR,2,11,47,8,3,13,4
U FS UR R D DR L,2,11,47,8,3,10,3
U FS UR R D L DR,2,11,47,8,3,11,3
U FS UR R L D DR,2,11,47,8,3,11,4
U L R UR DR FS D,2,11,47,8,3,14,4
U L R UR FS DR D,2,11,47,8,3,12,4
U L UR FS R DR D,2,11,47,8,3,10,3
U L UR R DR FS D,2,11,47,8,3,12,3
U L UR R FS DR D,2,11,47,8,3,12,3
U R FS UR D DR L,2,11,47,8,3,12,3
U R FS UR D L DR,2,11,47,8,3,13,3
U R FS UR L D DR,2,11,47,8,3,11,3
U R L UR DR FS D,2,11,47,8,3,16,4
U R L UR FS DR D,2,11,47,8,3,14,4
U R UR D DR FS L,2,11,47,8,3,12,3
U R UR D FS DR L,2,11,47,8,3,14,3
U R UR D FS L DR,2,11,47,8,3,13,3
U R UR DR D FS L,2,11,47,8,3,10,2
U R UR DR L FS D,2,11,47,8,3,12,3
U R UR FS D DR L,2,11,47,8,3,10,3
U R UR FS D L DR,2,11,47,8,3,11,3
U R UR FS L D DR,2,11,47,8,3,9,2
U R UR L DR FS D,2,11,47,8,3,14,3
U R UR L FS DR D,2,11,47,8,3,12,3
U UR FS L R D DR,2,11,47,8,3,11,4
U UR FS R D DR L,2,11,47,8,3,10,3
U UR FS R D L DR,2,11,47,8,3,11,3
U UR FS R L D DR,2,11,47,8,3,11,4
U UR L FS R DR D,2,11,47,8,3,10,3
U UR L R DR FS D,2,11,47,8,3,14,4
U UR L R FS DR D,2,11,47,8,3,14,4
U UR R D DR FS L,2,11,47,8,3,10,3
U UR R D FS DR L,2,11,47,8,3,12,3
U UR R D FS L DR,2,11,47,8,3,11,3
U UR R DR D FS L,2,11,47,8,3,8,2
U UR R DR L FS D,2,11,47,8,3,10,3
U UR R FS D DR L,2,11,47,8,3,10,3
U UR R FS D L DR,2,11,47,8,3,11,3
U UR R FS L D DR,2,11,47,8,3,9,2
U UR R L DR FS D,2,11,47,8,3,14,4
U UR R L FS DR D,2,11,47,8,3,12,4
DR D FS L R U UR,2,11,48,8,3,12,4
DR D FS L U R UR,2,11,48,8,3,10,2
DR D FS R L U UR,2,11,48,8,3,12,4
DR D FS R U L UR,2,11,48,8,3,12,3
DR D FS R U UR L,2,11,48,8,3,11,3
DR D FS U L R UR,2,11,48,8,3,12,4
DR D FS U R L UR,2,11,48,8,3,14,4
DR D FS U R UR L,2,11,48,8,3,11,3
DR D L FS R U UR,2,11,48,8,3,10,2
DR D L FS U R UR,2,11,48,8,3,10,2
DR D L R FS U UR,2,11,48,8,3,12,4
DR D L R U FS UR,2,11,48,8,3,12,4
DR D L U FS R UR,2,11,48,8,3,10,2
DR D L U R FS UR,2,11,48,8,3,10,2
DR D R FS L U UR,2,11,48,8,3,10,2
DR D R FS U L UR,2,11,48,8,3,12,3
DR D R FS U UR L,2,11,48,8,3,11,3
DR D R L FS U UR,2,11,48,8,3,12,4
DR D R L U FS UR,2,11,48,8,3,12,4
DR D R U FS L UR,2,11,48,8,3,12,3
DR D R U FS UR L,2,11,48,8,3,11,3
DR D R U L FS UR,2,11,48,8,3,10,2
DR D R U UR FS L,2,11,48,8,3,9,2
DR D U FS L R UR,2,11,48,8,3,14,4
DR D U FS R L UR,2,11,48,8,3,16,4
DR D U FS R UR L,2,11,48,8,3,13,4
DR D U L FS R UR,2,11,48,8,3,12,4
DR D U L R FS UR,2,11,48,8,3,14,4
DR D U R FS L UR,2,11,48,8,3,14,4
DR D U R FS UR L,2,11,48,8,3,13,4
DR D U R L FS UR,2,11,48,8,3,14,4
DR D U R UR FS L,2,11,48,8,3,11,4
DR FS D L R U UR,2,11,48,8,3,14,4
DR FS D L U R UR,2,11,48,8,3,12,3
DR FS D R L U UR,2,11,48,8,3,14,4
DR FS D R U L UR,2,11,48,8,3,14,3
DR FS D R U UR L,2,11,48,8,3,13,3
DR FS D U L R UR,2,11,48,8,3,16,4
DR FS D U R L UR,2,11,48,8,3,18,4
DR FS D U R UR L,2,11,48,8,3,15,4
DR FS L D R U UR,2,11,48,8,3,12,3
DR FS L D U R UR,2,11,48,8,3,14,4
DR FS L R D U UR,2,11,48,8,3,16,4
DR FS L R U D UR,2,11,48,8,3,18,4
DR FS L R U UR D,2,11,48,8,3,15,4
DR FS L U D R UR,2,11,48,8,3,14,4
DR FS L U R D UR,2,11,48,8,3,14,3
DR FS L U R UR D,2,11,48,8,3,13,3
DR FS R D L U UR,2,11,48,8,3,12,3
DR FS R D U L UR,2,11,48,8,3,16,4
DR FS R D U UR L,2,11,48,8,3,15,4
DR FS R L D U UR,2,11,48,8,3,16,4
DR FS R L U D UR,2,11,48,8,3,18,4
DR FS R L U UR D,2,11,48,8,3,15,4
DR FS R U D L UR,2,11,48,8,3,16,4
DR FS R U D UR L,2,11,48,8,3,17,4
DR FS R U L D UR,2,11,48,8,3,14,3
DR FS R U L UR D,2,11,48,8,3,15,3
DR FS U D L R UR,2,11,48,8,3,16,4
DR FS U D R L UR,2,11,48,8,3,18,4
DR FS U D R UR L,2,11,48,8,3,15,4
DR FS U L D R UR,2,11,48,8,3,12,3
DR FS U L R D UR,2,11,48,8,3,16,4
DR FS U L R UR D,2,11,48,8,3,15,4
DR FS U R D L UR,2,11,48,8,3,14,3
DR FS U R D UR L,2,11,48,8,3,15,3
DR FS U R L D UR,2,11,48,8,3,16,4
DR FS U R L UR D,2,11,48,8,3,17,4
DR L D FS R U UR,2,11,48,8,3,12,3
DR L D FS U R UR,2,11,48,8,3,12,3
DR L D R FS U UR,2,11,48,8,3,12,3
DR L D R U FS UR,2,11,48,8,3,12,3
DR L D U FS R UR,2,11,48,8,3,14,4
DR L D U R FS UR,2,11,48,8,3,14,4
DR L FS D R U UR,2,11,48,8,3,12,3
DR L FS D U R UR,2,11,48,8,3,14,4
DR L FS R D U UR,2,11,48,8,3,14,4
DR L FS R U D UR,2,11,48,8,3,16,4
DR L FS R U UR D,2,11,48,8,3,13,3
DR L FS U D R UR,2,11,48,8,3,14,4
DR L FS U R D UR,2,11,48,8,3,14,3
DR L FS U R UR D,2,11,48,8,3,13,3
DR L R D FS U UR,2,11,48,8,3,14,4
DR L R D U FS UR,2,11,48,8,3,16,4
DR L R FS D U UR,2,11,48,8,3,16,4
DR L R FS U D UR,2,11,48,8,3,18,4
DR L R FS U UR D,2,11,48,8,3,15,4
DR L R U D FS UR,2,11,48,8,3,16,4
DR L R U FS D UR,2,11,48,8,3,16,4
DR L R U FS UR D,2,11,48,8,3,15,4
DR L R U UR FS D,2,11,48,8,3,13,4
DR L U D FS R UR,2,11,48,8,3,14,4
DR L U D R FS UR,2,11,48,8,3,14,4
DR L U FS D R UR,2,11,48,8,3,12,3
DR L U FS R D UR,2,11,48,8,3,14,3
DR L U FS R UR D,2,11,48,8,3,13,3
DR L U R D FS UR,2,11,48,8,3,12,3
DR L U R FS D UR,2,11,48,8,3,14,3
DR L U R FS UR D,2,11,48,8,3,13,3
DR L U R UR FS D,2,11,48,8,3,11,3
DR R D FS L U UR,2,11,48,8,3,10,2
DR R D FS U L UR,2,11,48,8,3,12,3
DR R D FS U UR L,2,11,48,8,3,11,3
DR R D L FS U UR,2,11,48,8,3,10,2
DR R D L U FS UR,2,11,48,8,3,10,2
DR R D U FS L UR,2,11,48,8,3,14,4
DR R D U FS UR L,2,11,48,8,3,13,4
DR R D U L FS UR,2,11,48,8,3,12,4
DR R D U UR FS L,2,11,48,8,3,11,4
DR R FS D L U UR,2,11,48,8,3,10,2
DR R FS D U L UR,2,11,48,8,3,14,4
DR R FS D U UR L,2,11,48,8,3,13,4
DR R FS L D U UR,2,11,48,8,3,12,4
DR R FS L U D UR,2,11,48,8,3,14,4
DR R FS L U UR D,2,11,48,8,3,11,3
DR R FS U D L UR,2,11,48,8,3,14,4
DR R FS U D UR L,2,11,48,8,3,15,4
DR R FS U L D UR,2,11,48,8,3,12,3
DR R FS U L UR D,2,11,48,8,3,13,3
DR R L D FS U UR,2,11,48,8,3,12,4
DR R L D U FS UR,2,11,48,8,3,14,4
DR R L FS D U UR,2,11,48,8,3,14,4
DR R L FS U D UR,2,11,48,8,3,16,4
DR R L FS U UR D,2,11,48,8,3,13,4
DR R L U D FS UR,2,11,48,8,3,14,4
DR R L U FS D UR,2,11,48,8,3,14,4
DR R L U FS UR D,2,11,48,8,3,13,4
DR R L U UR FS D,2,11,48,8,3,11,4
DR R U D FS L UR,2,11,48,8,3,14,4
DR R U D FS UR L,2,11,48,8,3,13,4
DR R U D L FS UR,2,11,48,8,3,12,4
DR R U D UR FS L,2,11,48,8,3,13,4
DR R U FS D L UR,2,11,48,8,3,12,3
DR R U FS D UR L,2,11,48,8,3,13,3
DR R U FS L D UR,2,11,48,8,3,12,3
DR R U FS L UR D,2,11,48,8,3,13,3
DR R U L D FS UR,2,11,48,8,3,10,2
DR R U L FS D UR,2,11,48,8,3,12,3
DR R U L FS UR D,2,11,48,8,3,11,3
DR R U L UR FS D,2,11,48,8,3,11,3
DR R U UR D FS L,2,11,48,8,3,11,3
DR R U UR L FS D,2,11,48,8,3,11,3
DR U D FS L R UR,2,11,48,8,3,16,4
DR U D FS R L UR,2,11,48,8,3,18,4
DR U D FS R UR L,2,11,48,8,3,15,4
DR U D L FS R UR,2,11,48,8,3,14,4
DR U D L R FS UR,2,11,48,8,3,16,4
DR U D R FS L UR,2,11,48,8,3,16,4
DR U D R FS UR L,2,11,48,8,3,15,4
DR U D R L FS UR,2,11,48,8,3,16,4
DR U D R UR FS L,2,11,48,8,3,13,4
DR U FS D L R UR,2,11,48,8,3,14,4
DR U FS D R L UR,2,11,48,8,3,16,4
DR U FS D R UR L,2,11,48,8,3,13,3
DR U FS L D R UR,2,11,48,8,3,12,3
DR U FS L R D UR,2,11,48,8,3,16,4
DR U FS L R UR D,2,11,48,8,3,15,4
DR U FS R D L UR,2,11,48,8,3,14,3
DR U FS R D UR L,2,11,48,8,3,15,3
DR U FS R L D UR,2,11,48,8,3,16,4
DR U FS R L UR D,2,11,48,8,3,17,4
DR U L D FS R UR,2,11,48,8,3,12,3
DR U L D R FS UR,2,11,48,8,3,12,3
DR U L FS D R UR,2,11,48,8,3,12,3
DR U L FS R D UR,2,11,48,8,3,14,3
DR U L FS R UR D,2,11,48,8,3,13,3
DR U L R D FS UR,2,11,48,8,3,14,4
DR U L R FS D UR,2,11,48,8,3,16,4
DR U L R FS UR D,2,11,48,8,3,15,4
DR U L R UR FS D,2,11,48,8,3,13,4
DR U R D FS L UR,2,11,48,8,3,14,3
DR U R D FS UR L,2,11,48,8,3,13,3
DR U R D L FS UR,2,11,48,8,3,12,3
DR U R D UR FS L,2,11,48,8,3,13,3
DR U R FS D L UR,2,11,48,8,3,14,3
DR U R FS D UR L,2,11,48,8,3,15,3
DR U R FS L D UR,2,11,48,8,3,14,3
DR U R FS L UR D,2,11,48,8,3,15,3
DR U R L D FS UR,2,11,48,8,3,14,4
DR U R L FS D UR,2,11,48,8,3,16,4
DR U R L FS UR D,2,11,48,8,3,15,4
DR U R L UR FS D,2,11,48,8,3,15,4
DR U R UR D FS L,2,11,48,8,3,13,3
DR U R UR L FS D,2,11,48,8,3,13,3
FS DR D L R U UR,2,11,48,8,3,13,4
FS DR D L U R UR,2,11,48,8,3,11,3
FS DR D R L U UR,2,11,48,8,3,13,4
FS DR D R U L UR,2,11,48,8,3,13,3
FS DR D R U UR L,2,11,48,8,3,12,3
FS DR D U L R UR,2,11,48,8,3,15,4
FS DR D U R L UR,2,11,48,8,3,17,4
FS DR D U R UR L,2,11,48,8,3,14,4
FS DR L D R U UR,2,11,48,8,3,13,3
FS DR L D U R UR,2,11,48,8,3,15,4
FS DR L R D U UR,2,11,48,8,3,17,4
FS DR L R U D UR,2,11,48,8,3,19,4
FS DR L R U UR D,2,11,48,8,3,16,4
FS DR L U D R UR,2,11,48,8,3,15,4
FS DR L U R D UR,2,11,48,8,3,15,3
FS DR L U R UR D,2,11,48,8,3,14,3
FS DR R D L U UR,2,11,48,8,3,11,3
FS DR R D U L UR,2,11,48,8,3,15,4
FS DR R D U UR L,2,11,48,8,3,14,4
FS DR R L D U UR,2,11,48,8,3,15,4
FS DR R L U D UR,2,11,48,8,3,17,4
FS DR R L U UR D,2,11,48,8,3,14,4
FS DR R U D L UR,2,11,48,8,3,15,4
FS DR R U D UR L,2,11,48,8,3,16,4
FS DR R U L D UR,2,11,48,8,3,13,3
FS DR R U L UR D,2,11,48,8,3,14,3
FS DR U D L R UR,2,11,48,8,3,17,4
FS DR U D R L UR,2,11,48,8,3,19,4
FS DR U D R UR L,2,11,48,8,3,16,4
FS DR U L D R UR,2,11,48,8,3,13,3
FS DR U L R D UR,2,11,48,8,3,17,4
FS DR U L R UR D,2,11,48,8,3,16,4
FS DR U R D L UR,2,11,48,8,3,15,3
FS DR U R D UR L,2,11,48,8,3,16,3
FS DR U R L D UR,2,11,48,8,3,17,4
FS DR U R L UR D,2,11,48,8,3,18,4
FS L DR D R U UR,2,11,48,8,3,11,3
FS L DR D U R UR,2,11,48,8,3,13,4
FS L DR R D U UR,2,11,48,8,3,13,4
FS L DR R U D UR,2,11,48,8,3,15,4
FS L DR R U UR D,2,11,48,8,3,12,3
FS L DR U D R UR,2,11,48,8,3,15,4
FS L DR U R D UR,2,11,48,8,3,15,3
FS L DR U R UR D,2,11,48,8,3,14,3
FS L R DR D U UR,2,11,48,8,3,13,4
FS L R DR U D UR,2,11,48,8,3,17,4
FS L R DR U UR D,2,11,48,8,3,14,4
FS L R UR D DR U,2,11,48,8,3,14,4
FS L R UR D U DR,2,11,48,8,3,17,4
FS L R UR U D DR,2,11,48,8,3,13,4
FS L U DR D R UR,2,11,48,8,3,11,3
FS L U DR R D UR,2,11,48,8,3,13,3
FS L U DR R UR D,2,11,48,8,3,12,3
FS L UR R D DR U,2,11,48,8,3,12,3
FS L UR R D U DR,2,11,48,8,3,15,4
FS L UR R U D DR,2,11,48,8,3,13,4
FS L UR U R D DR,2,11,48,8,3,11,3
FS R DR D L U UR,2,11,48,8,3,9,2
FS R DR D U L UR,2,11,48,8,3,13,4
FS R DR D U UR L,2,11,48,8,3,12,4
FS R DR L D U UR,2,11,48,8,3,13,4
FS R DR L U D UR,2,11,48,8,3,15,4
FS R DR L U UR D,2,11,48,8,3,12,3
FS R DR U D L UR,2,11,48,8,3,15,4
FS R DR U D UR L,2,11,48,8,3,16,4
FS R DR U L D UR,2,11,48,8,3,13,3
FS R DR U L UR D,2,11,48,8,3,14,3
FS R L DR D U UR,2,11,48,8,3,15,4
FS R L DR U D UR,2,11,48,8,3,19,4
FS R L DR U UR D,2,11,48,8,3,16,4
FS R L UR D DR U,2,11,48,8,3,16,4
FS R L UR D U DR,2,11,48,8,3,19,4
FS R L UR U D DR,2,11,48,8,3,15,4
FS R UR D L DR U,2,11,48,8,3,14,3
FS R UR D L U DR,2,11,48,8,3,13,3
FS R UR D U DR L,2,11,48,8,3,16,4
FS R UR D U L DR,2,11,48,8,3,15,4
FS R UR L D DR U,2,11,48,8,3,12,3
FS R UR L D U DR,2,11,48,8,3,15,4
FS R UR L U D DR,2,11,48,8,3,13,4
FS R UR U D DR L,2,11,48,8,3,12,4
FS R UR U D L DR,2,11,48,8,3,13,4
FS R UR U L D DR,2,11,48,8,3,9,2
FS U DR D L R UR,2,11,48,8,3,13,4
FS U DR D R L UR,2,11,48,8,3,15,4
FS U DR D R UR L,2,11,48,8,3,12,3
FS U DR L D R UR,2,11,48,8,3,13,3
FS U DR L R D UR,2,11,48,8,3,17,4
FS U DR L R UR D,2,11,48,8,3,16,4
FS U DR R D L UR,2,11,48,8,3,13,3
FS U DR R D UR L,2,11,48,8,3,14,3
FS U DR R L D UR,2,11,48,8,3,15,4
FS U DR R L UR D,2,11,48,8,3,16,4
FS U L DR D R UR,2,11,48,8,3,11,3
FS U L DR R D UR,2,11,48,8,3,13,3
FS U L DR R UR D,2,11,48,8,3,12,3
FS UR L R D DR U,2,11,48,8,3,14,4
FS UR L R D U DR,2,11,48,8,3,17,4
FS UR L R U D DR,2,11,48,8,3,15,4
FS UR L U R D DR,2,11,48,8,3,11,3
FS UR R D L DR U,2,11,48,8,3,12,3
FS UR R D L U DR,2,11,48,8,3,11,3
FS UR R D U DR L,2,11,48,8,3,14,4
FS UR R D U L DR,2,11,48,8,3,13,4
FS UR R L D DR U,2,11,48,8,3,12,4
FS UR R L D U DR,2,11,48,8,3,15,4
FS UR R L U D DR,2,11,48,8,3,13,4
FS UR R U D DR L,2,11,48,8,3,12,4
FS UR R U D L DR,2,11,48,8,3,13,4
FS UR R U L D DR,2,11,48,8,3,9,2
FS UR U L R D DR,2,11,48,8,3,11,4
FS UR U R D DR L,2,11,48,8,3,10,3
FS UR U R D L DR,2,11,48,8,3,11,3
FS UR U R L D DR,2,11,48,8,3,11,4
L DR D FS R U UR,2,11,48,8,3,11,3
L DR D FS U R UR,2,11,48,8,3,11,3
L DR D R FS U UR,2,11,48,8,3,11,3
L DR D R U FS UR,2,11,48,8,3,11,3
L DR D U FS R UR,2,11,48,8,3,13,4
L DR D U R FS UR,2,11,48,8,3,13,4
L DR FS D R U UR,2,11,48,8,3,13,3
L DR FS D U R UR,2,11,48,8,3,15,4
L DR FS R D U UR,2,11,48,8,3,15,4
L DR FS R U D UR,2,11,48,8,3,17,4
L DR FS R U UR D,2,11,48,8,3,14,3
L DR FS U D R UR,2,11,48,8,3,15,4
L DR FS U R D UR,2,11,48,8,3,15,3
L DR FS U R UR D,2,11,48,8,3,14,3
L DR R D FS U UR,2,11,48,8,3,11,3
L DR R D U FS UR,2,11,48,8,3,13,4
L DR R FS D U UR,2,11,48,8,3,13,4
L DR R FS U D UR,2,11,48,8,3,15,4
L DR R FS U UR D,2,11,48,8,3,12,3
L DR R U D FS UR,2,11,48,8,3,13,4
L DR R U FS D UR,2,11,48,8,3,13,3
L DR R U FS UR D,2,11,48,8,3,12,3
L DR R U UR FS D,2,11,48,8,3,10,3
L DR U D FS R UR,2,11,48,8,3,15,4
L DR U D R FS UR,2,11,48,8,3,15,4
L DR U FS D R UR,2,11,48,8,3,13,3
L DR U FS R D UR,2,11,48,8,3,15,3
L DR U FS R UR D,2,11,48,8,3,14,3
L DR U R D FS UR,2,11,48,8,3,13,3
L DR U R FS D UR,2,11,48,8,3,15,3
L DR U R FS UR D,2,11,48,8,3,14,3
L DR U R UR FS D,2,11,48,8,3,12,3
L FS DR D R U UR,2,11,48,8,3,11,3
L FS DR D U R UR,2,11,48,8,3,13,4
L FS DR R D U UR,2,11,48,8,3,13,4
L FS DR R U D UR,2,11,48,8,3,15,4
L FS DR R U UR D,2,11,48,8,3,12,3
L FS DR U D R UR,2,11,48,8,3,15,4
L FS DR U R D UR,2,11,48,8,3,15,3
L FS DR U R UR D,2,11,48,8,3,14,3
L FS R DR D U UR,2,11,48,8,3,11,4
L FS R DR U D UR,2,11,48,8,3,15,4
L FS R DR U UR D,2,11,48,8,3,12,3
L FS R UR D DR U,2,11,48,8,3,12,3
L FS R UR D U DR,2,11,48,8,3,15,4
L FS R UR U D DR,2,11,48,8,3,11,4
L FS U DR D R UR,2,11,48,8,3,11,3
L FS U DR R D UR,2,11,48,8,3,13,3
L FS U DR R UR D,2,11,48,8,3,12,3
L FS UR R D DR U,2,11,48,8,3,10,3
L FS UR R D U DR,2,11,48,8,3,13,4
L FS UR R U D DR,2,11,48,8,3,11,4
L FS UR U R D DR,2,11,48,8,3,9,2
L R DR D FS U UR,2,11,48,8,3,11,4
L R DR D U FS UR,2,11,48,8,3,13,4
L R DR FS D U UR,2,11,48,8,3,15,4
L R DR FS U D UR,2,11,48,8,3,17,4
L R DR FS U UR D,2,11,48,8,3,14,4
L R DR U D FS UR,2,11,48,8,3,15,4
L R DR U FS D UR,2,11,48,8,3,15,4
L R DR U FS UR D,2,11,48,8,3,14,4
L R DR U UR FS D,2,11,48,8,3,12,4
L R FS DR D U UR,2,11,48,8,3,15,4
L R FS DR U D UR,2,11,48,8,3,19,4
L R FS DR U UR D,2,11,48,8,3,16,4
L R FS UR D DR U,2,11,48,8,3,14,4
L R FS UR D U DR,2,11,48,8,3,17,4
L R FS UR U D DR,2,11,48,8,3,13,4
L R UR D DR FS U,2,11,48,8,3,14,4
L R UR D FS DR U,2,11,48,8,3,16,4
L R UR D FS U DR,2,11,48,8,3,15,4
L R UR FS D DR U,2,11,48,8,3,12,4
L R UR FS D U DR,2,11,48,8,3,15,4
L R UR FS U D DR,2,11,48,8,3,13,4
L R UR U DR FS D,2,11,48,8,3,14,4
L R UR U FS DR D,2,11,48,8,3,12,4
L U DR D FS R UR,2,11,48,8,3,11,3
L U DR D R FS UR,2,11,48,8,3,11,3
L U DR FS D R UR,2,11,48,8,3,13,3
L U DR FS R D UR,2,11,48,8,3,15,3
L U DR FS R UR D,2,11,48,8,3,14,3
L U DR R D FS UR,2,11,48,8,3,11,3
L U DR R FS D UR,2,11,48,8,3,13,3
L U DR R FS UR D,2,11,48,8,3,12,3
L U DR R UR FS D,2,11,48,8,3,10,3
L U FS DR D R UR,2,11,48,8,3,11,3
L U FS DR R D UR,2,11,48,8,3,13,3
L U FS DR R UR D,2,11,48,8,3,12,3
L UR FS R D DR U,2,11,48,8,3,12,3
L UR FS R D U DR,2,11,48,8,3,15,4
L UR FS R U D DR,2,11,48,8,3,13,4
L UR FS U R D DR,2,11,48,8,3,11,3
L UR R D DR FS U,2,11,48,8,3,12,3
L UR R D FS DR U,2,11,48,8,3,14,3
L UR R D FS U DR,2,11,48,8,3,13,3
L UR R FS D DR U,2,11,48,8,3,12,3
L UR R FS D U DR,2,11,48,8,3,15,4
L UR R FS U D DR,2,11,48,8,3,13,4
L UR R U DR FS D,2,11,48,8,3,14,3
L UR R U FS DR D,2,11,48,8,3,12,3
L UR U FS R DR D,2,11,48,8,3,10,3
L UR U R DR FS D,2,11,48,8,3,12,3
L UR U R FS DR D,2,11,48,8,3,12,3
R DR D FS L U UR,2,11,48,8,3,9,2
R DR D FS U L UR,2,11,48,8,3,11,3
R DR D FS U UR L,2,11,48,8,3,10,3
R DR D L FS U UR,2,11,48,8,3,9,2
R DR D L U FS UR,2,11,48,8,3,9,2
R DR D U FS L UR,2,11,48,8,3,13,4
R DR D U FS UR L,2,11,48,8,3,12,4
R DR D U L FS UR,2,11,48,8,3,11,4
R DR D U UR FS L,2,11,48,8,3,10,4
R DR FS D L U UR,2,11,48,8,3,11,3
R DR FS D U L UR,2,11,48,8,3,15,4
R DR FS D U UR L,2,11,48,8,3,14,4
R DR FS L D U UR,2,11,48,8,3,13,4
R DR FS L U D UR,2,11,48,8,3,15,4
R DR FS L U UR D,2,11,48,8,3,12,3
R DR FS U D L UR,2,11,48,8,3,15,4
R DR FS U D UR L,2,11,48,8,3,16,4
R DR FS U L D UR,2,11,48,8,3,13,3
R DR FS U L UR D,2,11,48,8,3,14,3
R DR L D FS U UR,2,11,48,8,3,11,3
R DR L D U FS UR,2,11,48,8,3,13,4
R DR L FS D U UR,2,11,48,8,3,13,4
R DR L FS U D UR,2,11,48,8,3,15,4
R DR L FS U UR D,2,11,48,8,3,12,3
R DR L U D FS UR,2,11,48,8,3,13,4
R DR L U FS D UR,2,11,48,8,3,13,3
R DR L U FS UR D,2,11,48,8,3,12,3
R DR L U UR FS D,2,11,48,8,3,10,3
R DR U D FS L UR,2,11,48,8,3,15,4
R DR U D FS UR L,2,11,48,8,3,14,4
R DR U D L FS UR,2,11,48,8,3,13,4
R DR U D UR FS L,2,11,48,8,3,14,4
R DR U FS D L UR,2,11,48,8,3,13,3
R DR U FS D UR L,2,11,48,8,3,14,3
R DR U FS L D UR,2,11,48,8,3,13,3
R DR U FS L UR D,2,11,48,8,3,14,3
R DR U L D FS UR,2,11,48,8,3,11,3
R DR U L FS D UR,2,11,48,8,3,13,3
R DR U L FS UR D,2,11,48,8,3,12,3
R DR U L UR FS D,2,11,48,8,3,12,3
R DR U UR D FS L,2,11,48,8,3,12,3
R DR U UR L FS D,2,11,48,8,3,12,3
R FS DR D L U UR,2,11,48,8,3,11,3
R FS DR D U L UR,2,11,48,8,3,15,4
R FS DR D U UR L,2,11,48,8,3,14,4
R FS DR L D U UR,2,11,48,8,3,15,4
R FS DR L U D UR,2,11,48,8,3,17,4
R FS DR L U UR D,2,11,48,8,3,14,3
R FS DR U D L UR,2,11,48,8,3,17,4
R FS DR U D UR L,2,11,48,8,3,18,4
R FS DR U L D UR,2,11,48,8,3,15,3
R FS DR U L UR D,2,11,48,8,3,16,3
R FS L DR D U UR,2,11,48,8,3,13,4
R FS L DR U D UR,2,11,48,8,3,17,4
R FS L DR U UR D,2,11,48,8,3,14,3
R FS L UR D DR U,2,11,48,8,3,14,3
R FS L UR D U DR,2,11,48,8,3,17,4
R FS L UR U D DR,2,11,48,8,3,13,4
R FS UR D L DR U,2,11,48,8,3,14,3
R FS UR D L U DR,2,11,48,8,3,13,3
R FS UR D U DR L,2,11,48,8,3,16,4
R FS UR D U L DR,2,11,48,8,3,15,4
R FS UR L D DR U,2,11,48,8,3,12,3
R FS UR L D U DR,2,11,48,8,3,15,4
R FS UR L U D DR,2,11,48,8,3,13,4
R FS UR U D DR L,2,11,48,8,3,12,4
R FS UR U D L DR,2,11,48,8,3,13,4
R FS UR U L D DR,2,11,48,8,3,9,2
R L DR D FS U UR,2,11,48,8,3,13,4
R L DR D U FS UR,2,11,48,8,3,15,4
R L DR FS D U UR,2,11,48,8,3,17,4
R L DR FS U D UR,2,11,48,8,3,19,4
R L DR FS U UR D,2,11,48,8,3,16,4
R L DR U D FS UR,2,11,48,8,3,17,4
R L DR U FS D UR,2,11,48,8,3,17,4
R L DR U FS UR D,2,11,48,8,3,16,4
R L DR U UR FS D,2,11,48,8,3,14,4
R L FS DR D U UR,2,11,48,8,3,15,4
R L FS DR U D UR,2,11,48,8,3,19,4
R L FS DR U UR D,2,11,48,8,3,16,4
R L FS UR D DR U,2,11,48,8,3,14,4
R L FS UR D U DR,2,11,48,8,3,17,4
R L FS UR U D DR,2,11,48,8,3,13,4
R L UR D DR FS U,2,11,48,8,3,16,4
R L UR D FS DR U,2,11,48,8,3,18,4
R L UR D FS U DR,2,11,48,8,3,17,4
R L UR FS D DR U,2,11,48,8,3,14,4
R L UR FS D U DR,2,11,48,8,3,17,4
R L UR FS U D DR,2,11,48,8,3,15,4
R L UR U DR FS D,2,11,48,8,3,16,4
R L UR U FS DR D,2,11,48,8,3,14,4
R UR D FS L DR U,2,11,48,8,3,14,3
R UR D FS L U DR,2,11,48,8,3,13,3
R UR D FS U DR L,2,11,48,8,3,14,3
R UR D FS U L DR,2,11,48,8,3,13,3
R UR D L DR FS U,2,11,48,8,3,14,3
R UR D L FS DR U,2,11,48,8,3,14,3
R UR D L FS U DR,2,11,48,8,3,13,3
R UR D U DR FS L,2,11,48,8,3,16,4
R UR D U FS DR L,2,11,48,8,3,16,4
R UR D U FS L DR,2,11,48,8,3,15,4
R UR FS D L DR U,2,11,48,8,3,12,3
R UR FS D L U DR,2,11,48,8,3,11,3
R UR FS D U DR L,2,11,48,8,3,14,4
R UR FS D U L DR,2,11,48,8,3,13,4
R UR FS L D DR U,2,11,48,8,3,10,3
R UR FS L D U DR,2,11,48,8,3,13,4
R UR FS L U D DR,2,11,48,8,3,11,4
R UR FS U D DR L,2,11,48,8,3,12,4
R UR FS U D L DR,2,11,48,8,3,13,4
R UR FS U L D DR,2,11,48,8,3,9,2
R UR L D DR FS U,2,11,48,8,3,12,3
R UR L D FS DR U,2,11,48,8,3,14,3
R UR L D FS U DR,2,11,48,8,3,13,3
R UR L FS D DR U,2,11,48,8,3,12,3
R UR L FS D U DR,2,11,48,8,3,15,4
R UR L FS U D DR,2,11,48,8,3,13,4
R UR L U DR FS D,2,11,48,8,3,14,3
R UR L U FS DR D,2,11,48,8,3,12,3
R UR U D DR FS L,2,11,48,8,3,12,4
R UR U D FS DR L,2,11,48,8,3,14,4
R UR U D FS L DR,2,11,48,8,3,13,4
R UR U DR D FS L,2,11,48,8,3,10,3
R UR U DR L FS D,2,11,48,8,3,12,3
R UR U FS D DR L,2,11,48,8,3,10,3
R UR U FS D L DR,2,11,48,8,3,11,3
R UR U FS L D DR,2,11,48,8,3,9,2
R UR U L DR FS D,2,11,48,8,3,12,3
R UR U L FS DR D,2,11,48,8,3,10,3
U DR D FS L R UR,2,11,48,8,3,13,4
U DR D FS R L UR,2,11,48,8,3,15,4
U DR D FS R UR L,2,11,48,8,3,12,3
U DR D L FS R UR,2,11,48,8,3,11,3
U DR D L R FS UR,2,11,48,8,3,13,4
U DR D R FS L UR,2,11,48,8,3,13,3
U DR D R FS UR L,2,11,48,8,3,12,3
U DR D R L FS UR,2,11,48,8,3,13,4
U DR D R UR FS L,2,11,48,8,3,10,3
U DR FS D L R UR,2,11,48,8,3,15,4
U DR FS D R L UR,2,11,48,8,3,17,4
U DR FS D R UR L,2,11,48,8,3,14,3
U DR FS L D R UR,2,11,48,8,3,13,3
U DR FS L R D UR,2,11,48,8,3,17,4
U DR FS L R UR D,2,11,48,8,3,16,4
U DR FS R D L UR,2,11,48,8,3,15,3
U DR FS R D UR L,2,11,48,8,3,16,3
U DR FS R L D UR,2,11,48,8,3,17,4
U DR FS R L UR D,2,11,48,8,3,18,4
U DR L D FS R UR,2,11,48,8,3,13,3
U DR L D R FS UR,2,11,48,8,3,13,3
U DR L FS D R UR,2,11,48,8,3,13,3
U DR L FS R D UR,2,11,48,8,3,15,3
U DR L FS R UR D,2,11,48,8,3,14,3
U DR L R D FS UR,2,11,48,8,3,15,4
U DR L R FS D UR,2,11,48,8,3,17,4
U DR L R FS UR D,2,11,48,8,3,16,4
U DR L R UR FS D,2,11,48,8,3,14,4
U DR R D FS L UR,2,11,48,8,3,13,3
U DR R D FS UR L,2,11,48,8,3,12,3
U DR R D L FS UR,2,11,48,8,3,11,3
U DR R D UR FS L,2,11,48,8,3,12,3
U DR R FS D L UR,2,11,48,8,3,13,3
U DR R FS D UR L,2,11,48,8,3,14,3
U DR R FS L D UR,2,11,48,8,3,13,3
U DR R FS L UR D,2,11,48,8,3,14,3
U DR R L D FS UR,2,11,48,8,3,13,4
U DR R L FS D UR,2,11,48,8,3,15,4
U DR R L FS UR D,2,11,48,8,3,14,4
U DR R L UR FS D,2,11,48,8,3,14,4
U DR R UR D FS L,2,11,48,8,3,12,3
U DR R UR L FS D,2,11,48,8,3,12,3
U FS DR D L R UR,2,11,48,8,3,13,4
U FS DR D R L UR,2,11,48,8,3,15,4
U FS DR D R UR L,2,11,48,8,3,12,3
U FS DR L D R UR,2,11,48,8,3,13,3
U FS DR L R D UR,2,11,48,8,3,17,4
U FS DR L R UR D,2,11,48,8,3,16,4
U FS DR R D L UR,2,11,48,8,3,13,3
U FS DR R D UR L,2,11,48,8,3,14,3
U FS DR R L D UR,2,11,48,8,3,15,4
U FS DR R L UR D,2,11,48,8,3,16,4
U FS L DR D R UR,2,11,48,8,3,11,3
U FS L DR R D UR,2,11,48,8,3,13,3
U FS L DR R UR D,2,11,48,8,3,12,3
U L DR D FS R UR,2,11,48,8,3,11,3
U L DR D R FS UR,2,11,48,8,3,11,3
U L DR FS D R UR,2,11,48,8,3,13,3
U L DR FS R D UR,2,11,48,8,3,15,3
U L DR FS R UR D,2,11,48,8,3,14,3
U L DR R D FS UR,2,11,48,8,3,11,3
U L DR R FS D UR,2,11,48,8,3,13,3
U L DR R FS UR D,2,11,48,8,3,12,3
U L DR R UR FS D,2,11,48,8,3,10,3
U L FS DR D R UR,2,11,48,8,3,11,3
U L FS DR R D UR,2,11,48,8,3,13,3
U L FS DR R UR D,2,11,48,8,3,12,3
UR FS L R D DR U,2,11,48,8,3,13,4
UR FS L R D U DR,2,11,48,8,3,16,4
UR FS L R U D DR,2,11,48,8,3,14,4
UR FS L U R D DR,2,11,48,8,3,10,2
UR FS R D L DR U,2,11,48,8,3,13,3
UR FS R D L U DR,2,11,48,8,3,12,3
UR FS R D U DR L,2,11,48,8,3,15,4
UR FS R D U L DR,2,11,48,8,3,14,4
UR FS R L D DR U,2,11,48,8,3,13,4
UR FS R L D U DR,2,11,48,8,3,16,4
UR FS R L U D DR,2,11,48,8,3,14,4
UR FS R U D DR L,2,11,48,8,3,13,4
UR FS R U D L DR,2,11,48,8,3,14,4
UR FS R U L D DR,2,11,48,8,3,10,2
UR FS U L R D DR,2,11,48,8,3,12,4
UR FS U R D DR L,2,11,48,8,3,11,3
UR FS U R D L DR,2,11,48,8,3,12,3
UR FS U R L D DR,2,11,48,8,3,12,4
UR L FS R D DR U,2,11,48,8,3,13,3
UR L FS R D U DR,2,11,48,8,3,16,4
UR L FS R U D DR,2,11,48,8,3,14,4
UR L FS U R D DR,2,11,48,8,3,12,3
UR L R D DR FS U,2,11,48,8,3,15,4
UR L R D FS DR U,2,11,48,8,3,17,4
UR L R D FS U DR,2,11,48,8,3,16,4
UR L R FS D DR U,2,11,48,8,3,15,4
UR L R FS D U DR,2,11,48,8,3,18,4
UR L R FS U D DR,2,11,48,8,3,16,4
UR L R U DR FS D,2,11,48,8,3,17,4
UR L R U FS DR D,2,11,48,8,3,15,4
UR L U FS R DR D,2,11,48,8,3,11,3
UR L U R DR FS D,2,11,48,8,3,13,3
UR L U R FS DR D,2,11,48,8,3,13,3
UR R D FS L DR U,2,11,48,8,3,13,3
UR R D FS L U DR,2,11,48,8,3,12,3
UR R D FS U DR L,2,11,48,8,3,13,3
UR R D FS U L DR,2,11,48,8,3,12,3
UR R D L DR FS U,2,11,48,8,3,13,3
UR R D L FS DR U,2,11,48,8,3,13,3
UR R D L FS U DR,2,11,48,8,3,12,3
UR R D U DR FS L,2,11,48,8,3,15,4
UR R D U FS DR L,2,11,48,8,3,15,4
UR R D U FS L DR,2,11,48,8,3,14,4
UR R FS D L DR U,2,11,48,8,3,13,3
UR R FS D L U DR,2,11,48,8,3,12,3
UR R FS D U DR L,2,11,48,8,3,15,4
UR R FS D U L DR,2,11,48,8,3,14,4
UR R FS L D DR U,2,11,48,8,3,11,3
UR R FS L D U DR,2,11,48,8,3,14,4
UR R FS L U D DR,2,11,48,8,3,12,4
UR R FS U D DR L,2,11,48,8,3,13,4
UR R FS U D L DR,2,11,48,8,3,14,4
UR R FS U L D DR,2,11,48,8,3,10,2
UR R L D DR FS U,2,11,48,8,3,13,4
UR R L D FS DR U,2,11,48,8,3,15,4
UR R L D FS U DR,2,11,48,8,3,14,4
UR R L FS D DR U,2,11,48,8,3,13,4
UR R L FS D U DR,2,11,48,8,3,16,4
UR R L FS U D DR,2,11,48,8,3,14,4
UR R L U DR FS D,2,11,48,8,3,15,4
UR R L U FS DR D,2,11,48,8,3,13,4
UR R U D DR FS L,2,11,48,8,3,13,4
UR R U D FS DR L,2,11,48,8,3,15,4
UR R U D FS L DR,2,11,48,8,3,14,4
UR R U DR D FS L,2,11,48,8,3,11,3
UR R U DR L FS D,2,11,48,8,3,13,3
UR R U FS D DR L,2,11,48,8,3,11,3
UR R U FS D L DR,2,11,48,8,3,12,3
UR R U FS L D DR,2,11,48,8,3,10,2
UR R U L DR FS D,2,11,48,8,3,13,3
UR R U L FS DR D,2,11,48,8,3,11,3
UR U FS L R D DR,2,11,48,8,3,12,4
UR U FS R D DR L,2,11,48,8,3,11,3
UR U FS R D L DR,2,11,48,8,3,12,3
UR U FS R L D DR,2,11,48,8,3,12,4
UR U L FS R DR D,2,11,48,8,3,9,2
UR U L R DR FS D,2,11,48,8,3,13,4
UR U L R FS DR D,2,11,48,8,3,13,4
UR U R D DR FS L,2,11,48,8,3,11,3
UR U R D FS DR L,2,11,48,8,3,13,3
UR U R D FS L DR,2,11,48,8,3,12,3
UR U R DR D FS L,2,11,48,8,3,9,2
UR U R DR L FS D,2,11,48,8,3,11,3
UR U R FS D DR L,2,11,48,8,3,11,3
UR U R FS D L DR,2,11,48,8,3,12,3
UR U R FS L D DR,2,11,48,8,3,10,2
UR U R L DR FS D,2,11,48,8,3,15,4
UR U R L FS DR D,2,11,48,8,3,13,4
D DR FS L R U UR,2,12,49,8,3,13,4
D DR FS L U R UR,2,12,49,8,3,11,3
D DR FS R L U UR,2,12,49,8,3,13,4
D DR FS R U L UR,2,12,49,8,3,13,3
D DR FS R U UR L,2,12,49,8,3,12,3
D DR FS U L R UR,2,12,49,8,3,13,4
D DR FS U R L UR,2,12,49,8,3,15,4
D DR FS U R UR L,2,12,49,8,3,12,3
D DR L FS R U UR,2,12,49,8,3,11,3
D DR L FS U R UR,2,12,49,8,3,11,3
D DR L R FS U UR,2,12,49,8,3,13,4
D DR L R U FS UR,2,12,49,8,3,13,4
D DR L U FS R UR,2,12,49,8,3,11,3
D DR L U R FS UR,2,12,49,8,3,11,3
D DR R FS L U UR,2,12,49,8,3,9,2
D DR R FS U L UR,2,12,49,8,3,11,3
D DR R FS U UR L,2,12,49,8,3,10,3
D DR R L FS U UR,2,12,49,8,3,11,4
D DR R L U FS UR,2,12,49,8,3,11,4
D DR R U FS L UR,2,12,49,8,3,11,3
D DR R U FS UR L,2,12,49,8,3,10,3
D DR R U L FS UR,2,12,49,8,3,9,2
D DR R U UR FS L,2,12,49,8,3,8,2
D DR U FS L R UR,2,12,49,8,3,13,4
D DR U FS R L UR,2,12,49,8,3,15,4
D DR U FS R UR L,2,12,49,8,3,12,3
D DR U L FS R UR,2,12,49,8,3,11,3
D DR U L R FS UR,2,12,49,8,3,13,4
D DR U R FS L UR,2,12,49,8,3,13,3
D DR U R FS UR L,2,12,49,8,3,12,3
D DR U R L FS UR,2,12,49,8,3,13,4
D DR U R UR FS L,2,12,49,8,3,10,3
D FS DR L R U UR,2,12,49,8,3,15,4
D FS DR L U R UR,2,12,49,8,3,13,3
D FS DR R L U UR,2,12,49,8,3,13,4
D FS DR R U L UR,2,12,49,8,3,13,3
D FS DR R U UR L,2,12,49,8,3,12,3
D FS DR U L R UR,2,12,49,8,3,15,4
D FS DR U R L UR,2,12,49,8,3,17,4
D FS DR U R UR L,2,12,49,8,3,14,3
D FS R DR L U UR,2,12,49,8,3,11,3
D FS R DR U L UR,2,12,49,8,3,13,3
D FS R DR U UR L,2,12,49,8,3,12,3
D FS U DR L R UR,2,12,49,8,3,15,4
D FS U DR R L UR,2,12,49,8,3,15,4
D FS U DR R UR L,2,12,49,8,3,12,3
D R DR FS L U UR,2,12,49,8,3,11,3
D R DR FS U L UR,2,12,49,8,3,13,3
D R DR FS U UR L,2,12,49,8,3,12,3
D R DR L FS U UR,2,12,49,8,3,11,3
D R DR L U FS UR,2,12,49,8,3,11,3
D R DR U FS L UR,2,12,49,8,3,13,3
D R DR U FS UR L,2,12,49,8,3,12,3
D R DR U L FS UR,2,12,49,8,3,11,3
D R DR U UR FS L,2,12,49,8,3,10,3
D R FS DR L U UR,2,12,49,8,3,13,3
D R FS DR U L UR,2,12,49,8,3,15,3
D R FS DR U UR L,2,12,49,8,3,14,3
D U DR FS L R UR,2,12,49,8,3,17,4
D U DR FS R L UR,2,12,49,8,3,19,4
D U DR FS R UR L,2,12,49,8,3,16,4
D U DR L FS R UR,2,12,49,8,3,15,4
D U DR L R FS UR,2,12,49,8,3,17,4
D U DR R FS L UR,2,12,49,8,3,15,4
D U DR R FS UR L,2,12,49,8,3,14,4
D U DR R L FS UR,2,12,49,8,3,15,4
D U DR R UR FS L,2,12,49,8,3,12,4
D U FS DR L R UR,2,12,49,8,3,17,4
D U FS DR R L UR,2,12,49,8,3,17,4
D U FS DR R UR L,2,12,49,8,3,14,4
FS D DR L R U UR,2,12,49,8,3,13,4
FS D DR L U R UR,2,12,49,8,3,11,3
FS D DR R L U UR,2,12,49,8,3,11,4
FS D DR R U L UR,2,12,49,8,3,11,3
FS D DR R U UR L,2,12,49,8,3,10,3
FS D DR U L R UR,2,12,49,8,3,13,4
FS D DR U R L UR,2,12,49,8,3,15,4
FS D DR U R UR L,2,12,49,8,3,12,3
FS D R DR L U UR,2,12,49,8,3,11,3
FS D R DR U L UR,2,12,49,8,3,13,3
FS D R DR U UR L,2,12,49,8,3,12,3
FS D U DR L R UR,2,12,49,8,3,17,4
FS D U DR R L UR,2,12,49,8,3,17,4
FS D U DR R UR L,2,12,49,8,3,14,4
FS R D DR L U UR,2,12,49,8,3,11,3
FS R D DR U L UR,2,12,49,8,3,13,3
FS R D DR U UR L,2,12,49,8,3,12,3
FS U D DR L R UR,2,12,49,8,3,15,4
FS U D DR R L UR,2,12,49,8,3,15,4
FS U D DR R UR L,2,12,49,8,3,12,4
R D DR FS L U UR,2,12,49,8,3,11,3
R D DR FS U L UR,2,12,49,8,3,13,3
R D DR FS U UR L,2,12,49,8,3,12,3
R D DR L FS U UR,2,12,49,8,3,11,3
R D DR L U FS UR,2,12,49,8,3,11,3
R D DR U FS L UR,2,12,49,8,3,13,3
R D DR U FS UR L,2,12,49,8,3,12,3
R D DR U L FS UR,2,12,49,8,3,11,3
R D DR U UR FS L,2,12,49,8,3,10,3
R D FS DR L U UR,2,12,49,8,3,13,3
R D FS DR U L UR,2,12,49,8,3,15,3
R D FS DR U UR L,2,12,49,8,3,14,3
R FS D DR L U UR,2,12,49,8,3,11,3
R FS D DR U L UR,2,12,49,8,3,13,3
R FS D DR U UR L,2,12,49,8,3,12,3
U D DR FS L R UR,2,12,49,8,3,15,4
U D DR FS R L UR,2,12,49,8,3,17,4
U D DR FS R UR L,2,12,49,8,3,14,4
U D DR L FS R UR,2,12,49,8,3,13,4
U D DR L R FS UR,2,12,49,8,3,15,4
U D DR R FS L UR,2,12,49,8,3,13,4
U D DR R FS UR L,2,12,49,8,3,12,4
U D DR R L FS UR,2,12,49,8,3,13,4
U D DR R UR FS L,2,12,49,8,3,10,4
U D FS DR L R UR,2,12,49,8,3,17,4
U D FS DR R L UR,2,12,49,8,3,17,4
U D FS DR R UR L,2,12,49,8,3,14,4
U FS D DR L R UR,2,12,49,8,3,13,4
U FS D DR R L UR,2,12,49,8,3,13,4
U FS D DR R UR L,2,12,49,8,3,10,3
L R U UR D FS DR,2,11,49,9,3,15,4
L R U UR FS D DR,2,11,49,9,3,11,4
L U R UR D FS DR,2,11,49,9,3,13,3
L U R UR FS D DR,2,11,49,9,3,9,2
L U UR FS R D DR,2,11,49,9,3,9,2
L U UR R D FS DR,2,11,49,9,3,11,3
L U UR R FS D DR,2,11,49,9,3,9,2
R L U UR D FS DR,2,11,49,9,3,15,4
R L U UR FS D DR,2,11,49,9,3,11,4
R U L UR D FS DR,2,11,49,9,3,15,3
R U L UR FS D DR,2,11,49,9,3,11,3
R U UR D L FS DR,2,11,49,9,3,13,3
R U UR L D FS DR,2,11,49,9,3,13,3
R U UR L FS D DR,2,11,49,9,3,11,3
U L R UR D FS DR,2,11,49,9,3,15,4
U L R UR FS D DR,2,11,49,9,3,11,4
U L UR FS R D DR,2,11,49,9,3,11,3
U L UR R D FS DR,2,11,49,9,3,13,3
U L UR R FS D DR,2,11,49,9,3,11,3
U R L UR D FS DR,2,11,49,9,3,17,4
U R L UR FS D DR,2,11,49,9,3,13,4
U R UR D L FS DR,2,11,49,9,3,13,3
U R UR L D FS DR,2,11,49,9,3,13,3
U R UR L FS D DR,2,11,49,9,3,11,3
U UR L FS R D DR,2,11,49,9,3,11,3
U UR L R D FS DR,2,11,49,9,3,15,4
U UR L R FS D DR,2,11,49,9,3,13,4
U UR R D L FS DR,2,11,49,9,3,11,3
U UR R L D FS DR,2,11,49,9,3,13,4
U UR R L FS D DR,2,11,49,9,3,11,4
L R UR D U FS DR,2,11,50,9,3,17,4
L R UR U D FS DR,2,11,50,9,3,15,4
L R UR U FS D DR,2,11,50,9,3,11,4
L UR R D U FS DR,2,11,50,9,3,15,4
L UR R U D FS DR,2,11,50,9,3,15,4
L UR R U FS D DR,2,11,50,9,3,11,3
L UR U FS R D DR,2,11,50,9,3,11,3
L UR U R D FS DR,2,11,50,9,3,13,3
L UR U R FS D DR,2,11,50,9,3,11,3
R L UR D U FS DR,2,11,50,9,3,19,4
R L UR U D FS DR,2,11,50,9,3,17,4
R L UR U FS D DR,2,11,50,9,3,13,4
R UR D L U FS DR,2,11,50,9,3,13,3
R UR D U L FS DR,2,11,50,9,3,15,4
R UR L D U FS DR,2,11,50,9,3,15,4
R UR L U D FS DR,2,11,50,9,3,15,4
R UR L U FS D DR,2,11,50,9,3,11,3
R UR U D L FS DR,2,11,50,9,3,13,4
R UR U L D FS DR,2,11,50,9,3,11,3
R UR U L FS D DR,2,11,50,9,3,9,2
UR L R D U FS DR,2,11,50,9,3,18,4
UR L R U D FS DR,2,11,50,9,3,18,4
UR L R U FS D DR,2,11,50,9,3,14,4
UR L U FS R D DR,2,11,50,9,3,12,3
UR L U R D FS DR,2,11,50,9,3,14,3
UR L U R FS D DR,2,11,50,9,3,12,3
UR R D L U FS DR,2,11,50,9,3,12,3
UR R D U L FS DR,2,11,50,9,3,14,4
UR R L D U FS DR,2,11,50,9,3,16,4
UR R L U D FS DR,2,11,50,9,3,16,4
UR R L U FS D DR,2,11,50,9,3,12,4
UR R U D L FS DR,2,11,50,9,3,14,4
UR R U L D FS DR,2,11,50,9,3,12,3
UR R U L FS D DR,2,11,50,9,3,10,2
UR U L FS R D DR,2,11,50,9,3,10,2
UR U L R D FS DR,2,11,50,9,3,14,4
UR U L R FS D DR,2,11,50,9,3,12,4
UR U R D L FS DR,2,11,50,9,3,12,3
UR U R L D FS DR,2,11,50,9,3,14,4
UR U R L FS D DR,2,11,50,9,3,12,4
D FS L R U DR UR,2,12,50,9,3,15,4
D FS L R U UR DR,2,12,50,9,3,13,4
D FS L U R DR UR,2,12,50,9,3,11,2
D FS L U R UR DR,2,12,50,9,3,11,2
D FS R L U DR UR,2,12,50,9,3,15,4
D FS R L U UR DR,2,12,50,9,3,13,4
D FS R U L DR UR,2,12,50,9,3,13,3
D FS R U L UR DR,2,12,50,9,3,13,3
D FS U L R DR UR,2,12,50,9,3,13,4
D FS U L R UR DR,2,12,50,9,3,13,4
D FS U R L DR UR,2,12,50,9,3,15,4
D FS U R L UR DR,2,12,50,9,3,15,4
D L FS R U DR UR,2,12,50,9,3,13,3
D L FS R U UR DR,2,12,50,9,3,11,2
D L FS U R DR UR,2,12,50,9,3,11,2
D L FS U R UR DR,2,12,50,9,3,11,2
D L R FS U DR UR,2,12,50,9,3,15,4
D L R FS U UR DR,2,12,50,9,3,13,4
D L R U DR FS UR,2,12,50,9,3,15,4
D L R U FS DR UR,2,12,50,9,3,15,4
D L R U FS UR DR,2,12,50,9,3,13,4
D L U FS R DR UR,2,12,50,9,3,11,2
D L U FS R UR DR,2,12,50,9,3,11,2
D L U R DR FS UR,2,12,50,9,3,11,3
D L U R FS DR UR,2,12,50,9,3,13,3
D L U R FS UR DR,2,12,50,9,3,11,2
D R FS L U DR UR,2,12,50,9,3,13,3
D R FS L U UR DR,2,12,50,9,3,11,2
D R FS U L DR UR,2,12,50,9,3,13,3
D R FS U L UR DR,2,12,50,9,3,13,3
D R L FS U DR UR,2,12,50,9,3,15,4
D R L FS U UR DR,2,12,50,9,3,13,4
D R L U DR FS UR,2,12,50,9,3,15,4
D R L U FS DR UR,2,12,50,9,3,15,4
D R L U FS UR DR,2,12,50,9,3,13,4
D R U FS L DR UR,2,12,50,9,3,13,3
D R U FS L UR DR,2,12,50,9,3,13,3
D R U L DR FS UR,2,12,50,9,3,13,3
D R U L FS DR UR,2,12,50,9,3,13,3
D R U L FS UR DR,2,12,50,9,3,11,2
D U FS L R DR UR,2,12,50,9,3,15,4
D U FS L R UR DR,2,12,50,9,3,15,4
D U FS R L DR UR,2,12,50,9,3,17,4
D U FS R L UR DR,2,12,50,9,3,17,4
D U L FS R DR UR,2,12,50,9,3,13,4
D U L FS R UR DR,2,12,50,9,3,13,4
D U L R DR FS UR,2,12,50,9,3,15,4
D U L R FS DR UR,2,12,50,9,3,17,4
D U L R FS UR DR,2,12,50,9,3,15,4
D U R FS L DR UR,2,12,50,9,3,15,4
D U R FS L UR DR,2,12,50,9,3,15,4
D U R L DR FS UR,2,12,50,9,3,17,4
D U R L FS DR UR,2,12,50,9,3,17,4
D U R L FS UR DR,2,12,50,9,3,15,4
FS D L R U DR UR,2,12,50,9,3,15,4
FS D L R U UR DR,2,12,50,9,3,13,4
FS D L U R DR UR,2,12,50,9,3,11,2
FS D L U R UR DR,2,12,50,9,3,11,2
FS D R L U DR UR,2,12,50,9,3,15,4
FS D R L U UR DR,2,12,50,9,3,13,4
FS D R U L DR UR,2,12,50,9,3,13,3
FS D R U L UR DR,2,12,50,9,3,13,3
FS D U L R DR UR,2,12,50,9,3,15,4
FS D U L R UR DR,2,12,50,9,3,15,4
FS D U R L DR UR,2,12,50,9,3,17,4
FS D U R L UR DR,2,12,50,9,3,17,4
FS L D R U DR UR,2,12,50,9,3,13,3
FS L D R U UR DR,2,12,50,9,3,11,2
FS L D U R DR UR,2,12,50,9,3,13,4
FS L D U R UR DR,2,12,50,9,3,13,4
FS L R D U DR UR,2,12,50,9,3,17,4
FS L R D U UR DR,2,12,50,9,3,15,4
FS L R U D DR UR,2,12,50,9,3,15,4
FS L R U D UR DR,2,12,50,9,3,17,4
FS L U D R DR UR,2,12,50,9,3,13,4
FS L U D R UR DR,2,12,50,9,3,13,4
FS L U R D DR UR,2,12,50,9,3,11,2
FS L U R D UR DR,2,12,50,9,3,13,3
FS R D L U DR UR,2,12,50,9,3,13,3
FS R D L U UR DR,2,12,50,9,3,11,2
FS R D U L DR UR,2,12,50,9,3,15,4
FS R D U L UR DR,2,12,50,9,3,15,4
FS R L D U DR UR,2,12,50,9,3,17,4
FS R L D U UR DR,2,12,50,9,3,15,4
FS R L U D DR UR,2,12,50,9,3,15,4
FS R L U D UR DR,2,12,50,9,3,17,4
FS R U D L DR UR,2,12,50,9,3,15,4
FS R U D L UR DR,2,12,50,9,3,15,4
FS R U L D DR UR,2,12,50,9,3,11,2
FS R U L D UR DR,2,12,50,9,3,13,3
FS U D L R DR UR,2,12,50,9,3,15,4
FS U D L R UR DR,2,12,50,9,3,15,4
FS U D R L DR UR,2,12,50,9,3,17,4
FS U D R L UR DR,2,12,50,9,3,17,4
FS U L D R DR UR,2,12,50,9,3,11,2
FS U L D R UR DR,2,12,50,9,3,11,2
FS U L R D DR UR,2,12,50,9,3,13,4
FS U L R D UR DR,2,12,50,9,3,15,4
FS U R D L DR UR,2,12,50,9,3,13,3
FS U R D L UR DR,2,12,50,9,3,13,3
FS U R L D DR UR,2,12,50,9,3,13,4
FS U R L D UR DR,2,12,50,9,3,15,4
L D FS R U DR UR,2,12,50,9,3,13,3
L D FS R U UR DR,2,12,50,9,3,11,2
L D FS U R DR UR,2,12,50,9,3,11,2
L D FS U R UR DR,2,12,50,9,3,11,2
L D R FS U DR UR,2,12,50,9,3,13,3
L D R FS U UR DR,2,12,50,9,3,11,2
L D R U DR FS UR,2,12,50,9,3,13,3
L D R U FS DR UR,2,12,50,9,3,13,3
L D R U FS UR DR,2,12,50,9,3,11,2
L D U FS R DR UR,2,12,50,9,3,13,4
L D U FS R UR DR,2,12,50,9,3,13,4
L D U R DR FS UR,2,12,50,9,3,13,4
L D U R FS DR UR,2,12,50,9,3,15,4
L D U R FS UR DR,2,12,50,9,3,13,4
L FS D R U DR UR,2,12,50,9,3,13,3
L FS D R U UR DR,2,12,50,9,3,11,2
L FS D U R DR UR,2,12,50,9,3,13,4
L FS D U R UR DR,2,12,50,9,3,13,4
L FS R D U DR UR,2,12,50,9,3,15,4
L FS R D U UR DR,2,12,50,9,3,13,4
L FS R U D DR UR,2,12,50,9,3,13,4
L FS R U D UR DR,2,12,50,9,3,15,4
L FS U D R DR UR,2,12,50,9,3,13,4
L FS U D R UR DR,2,12,50,9,3,13,4
L FS U R D DR UR,2,12,50,9,3,11,2
L FS U R D UR DR,2,12,50,9,3,13,3
L R D FS U DR UR,2,12,50,9,3,15,4
L R D FS U UR DR,2,12,50,9,3,13,4
L R D U DR FS UR,2,12,50,9,3,17,4
L R D U FS DR UR,2,12,50,9,3,17,4
L R D U FS UR DR,2,12,50,9,3,15,4
L R FS D U DR UR,2,12,50,9,3,17,4
L R FS D U UR DR,2,12,50,9,3,15,4
L R FS U D DR UR,2,12,50,9,3,15,4
L R FS U D UR DR,2,12,50,9,3,17,4
L R U D DR FS UR,2,12,50,9,3,15,4
L R U D FS DR UR,2,12,50,9,3,17,4
L R U D FS UR DR,2,12,50,9,3,15,4
L R U FS D DR UR,2,12,50,9,3,13,4
L R U FS D UR DR,2,12,50,9,3,15,4
L U D FS R DR UR,2,12,50,9,3,13,4
L U D FS R UR DR,2,12,50,9,3,13,4
L U D R DR FS UR,2,12,50,9,3,13,4
L U D R FS DR UR,2,12,50,9,3,15,4
L U D R FS UR DR,2,12,50,9,3,13,4
L U FS D R DR UR,2,12,50,9,3,11,2
L U FS D R UR DR,2,12,50,9,3,11,2
L U FS R D DR UR,2,12,50,9,3,11,2
L U FS R D UR DR,2,12,50,9,3,13,3
L U R D DR FS UR,2,12,50,9,3,11,3
L U R D FS DR UR,2,12,50,9,3,13,3
L U R D FS UR DR,2,12,50,9,3,11,2
L U R FS D DR UR,2,12,50,9,3,11,2
L U R FS D UR DR,2,12,50,9,3,13,3
R D FS L U DR UR,2,12,50,9,3,13,3
R D FS L U UR DR,2,12,50,9,3,11,2
R D FS U L DR UR,2,12,50,9,3,13,3
R D FS U L UR DR,2,12,50,9,3,13,3
R D L FS U DR UR,2,12,50,9,3,13,3
R D L FS U UR DR,2,12,50,9,3,11,2
R D L U DR FS UR,2,12,50,9,3,13,3
R D L U FS DR UR,2,12,50,9,3,13,3
R D L U FS UR DR,2,12,50,9,3,11,2
R D U FS L DR UR,2,12,50,9,3,15,4
R D U FS L UR DR,2,12,50,9,3,15,4
R D U L DR FS UR,2,12,50,9,3,15,4
R D U L FS DR UR,2,12,50,9,3,15,4
R D U L FS UR DR,2,12,50,9,3,13,4
R FS D L U DR UR,2,12,50,9,3,13,3
R FS D L U UR DR,2,12,50,9,3,11,2
R FS D U L DR UR,2,12,50,9,3,15,4
R FS D U L UR DR,2,12,50,9,3,15,4
R FS L D U DR UR,2,12,50,9,3,15,4
R FS L D U UR DR,2,12,50,9,3,13,4
R FS L U D DR UR,2,12,50,9,3,13,4
R FS L U D UR DR,2,12,50,9,3,15,4
R FS U D L DR UR,2,12,50,9,3,15,4
R FS U D L UR DR,2,12,50,9,3,15,4
R FS U L D DR UR,2,12,50,9,3,11,2
R FS U L D UR DR,2,12,50,9,3,13,3
R L D FS U DR UR,2,12,50,9,3,15,4
R L D FS U UR DR,2,12,50,9,3,13,4
R L D U DR FS UR,2,12,50,9,3,17,4
R L D U FS DR UR,2,12,50,9,3,17,4
R L D U FS UR DR,2,12,50,9,3,15,4
R L FS D U DR UR,2,12,50,9,3,17,4
R L FS D U UR DR,2,12,50,9,3,15,4
R L FS U D DR UR,2,12,50,9,3,15,4
R L FS U D UR DR,2,12,50,9,3,17,4
R L U D DR FS UR,2,12,50,9,3,15,4
R L U D FS DR UR,2,12,50,9,3,17,4
R L U D FS UR DR,2,12,50,9,3,15,4
R L U FS D DR UR,2,12,50,9,3,13,4
R L U FS D UR DR,2,12,50,9,3,15,4
R U D FS L DR UR,2,12,50,9,3,15,4
R U D FS L UR DR,2,12,50,9,3,15,4
R U D L DR FS UR,2,12,50,9,3,15,4
R U D L FS DR UR,2,12,50,9,3,15,4
R U D L FS UR DR,2,12,50,9,3,13,4
R U FS D L DR UR,2,12,50,9,3,13,3
R U FS D L UR DR,2,12,50,9,3,13,3
R U FS L D DR UR,2,12,50,9,3,11,2
R U FS L D UR DR,2,12,50,9,3,13,3
R U L D DR FS UR,2,12,50,9,3,11,3
R U L D FS DR UR,2,12,50,9,3,13,3
R U L D FS UR DR,2,12,50,9,3,11,2
R U L FS D DR UR,2,12,50,9,3,11,2
R U L FS D UR DR,2,12,50,9,3,13,3
U D FS L R DR UR,2,12,50,9,3,15,4
U D FS L R UR DR,2,12,50,9,3,15,4
U D FS R L DR UR,2,12,50,9,3,17,4
U D FS R L UR DR,2,12,50,9,3,17,4
U D L FS R DR UR,2,12,50,9,3,13,4
U D L FS R UR DR,2,12,50,9,3,13,4
U D L R DR FS UR,2,12,50,9,3,15,4
U D L R FS DR UR,2,12,50,9,3,17,4
U D L R FS UR DR,2,12,50,9,3,15,4
U D R FS L DR UR,2,12,50,9,3,15,4
U D R FS L UR DR,2,12,50,9,3,15,4
U D R L DR FS UR,2,12,50,9,3,17,4
U D R L FS DR UR,2,12,50,9,3,17,4
U D R L FS UR DR,2,12,50,9,3,15,4
U FS D L R DR UR,2,12,50,9,3,13,4
U FS D L R UR DR,2,12,50,9,3,13,4
U FS D R L DR UR,2,12,50,9,3,15,4
U FS D R L UR DR,2,12,50,9,3,15,4
U FS L D R DR UR,2,12,50,9,3,11,2
U FS L D R UR DR,2,12,50,9,3,11,2
U FS L R D DR UR,2,12,50,9,3,13,4
U FS L R D UR DR,2,12,50,9,3,15,4
U FS R D L DR UR,2,12,50,9,3,13,3
U FS R D L UR DR,2,12,50,9,3,13,3
U FS R L D DR UR,2,12,50,9,3,13,4
U FS R L D UR DR,2,12,50,9,3,15,4
U L D FS R DR UR,2,12,50,9,3,11,2
U L D FS R UR DR,2,12,50,9,3,11,2
U L D R DR FS UR,2,12,50,9,3,11,3
U L D R FS DR UR,2,12,50,9,3,13,3
U L D R FS UR DR,2,12,50,9,3,11,2
U L FS D R DR UR,2,12,50,9,3,11,2
U L FS D R UR DR,2,12,50,9,3,11,2
U L FS R D DR UR,2,12,50,9,3,11,2
U L FS R D UR DR,2,12,50,9,3,13,3
U L R D DR FS UR,2,12,50,9,3,13,4
U L R D FS DR UR,2,12,50,9,3,15,4
U L R D FS UR DR,2,12,50,9,3,13,4
U L R FS D DR UR,2,12,50,9,3,13,4
U L R FS D UR DR,2,12,50,9,3,15,4
U R D FS L DR UR,2,12,50,9,3,13,3
U R D FS L UR DR,2,12,50,9,3,13,3
U R D L DR FS UR,2,12,50,9,3,13,3
U R D L FS DR UR,2,12,50,9,3,13,3
U R D L FS UR DR,2,12,50,9,3,11,2
U R FS D L DR UR,2,12,50,9,3,13,3
U R FS D L UR DR,2,12,50,9,3,13,3
U R FS L D DR UR,2,12,50,9,3,11,2
U R FS L D UR DR,2,12,50,9,3,13,3
U R L D DR FS UR,2,12,50,9,3,13,4
U R L D FS DR UR,2,12,50,9,3,15,4
U R L D FS UR DR,2,12,50,9,3,13,4
U R L FS D DR UR,2,12,50,9,3,13,4
U R L FS D UR DR,2,12,50,9,3,15,4
FS R UR DR D L U,2,11,51,7,3,10,2
FS R UR DR D U L,2,11,51,7,3,12,4
FS R UR DR U D L,2,11,51,7,3,14,4
FS R UR DR U L D,2,11,51,7,3,12,3
FS UR R DR D L U,2,11,51,7,3,8,2
FS UR R DR D U L,2,11,51,7,3,10,4
FS UR R DR U D L,2,11,51,7,3,12,4
FS UR R DR U L D,2,11,51,7,3,10,3
R FS UR DR D L U,2,11,51,7,3,10,2
R FS UR DR D U L,2,11,51,7,3,12,4
R FS UR DR U D L,2,11,51,7,3,14,4
R FS UR DR U L D,2,11,51,7,3,12,3
R UR DR FS D L U,2,11,51,7,3,12,3
R UR DR FS D U L,2,11,51,7,3,14,4
R UR DR FS U D L,2,11,51,7,3,14,4
R UR DR FS U L D,2,11,51,7,3,12,3
R UR DR U FS D L,2,11,51,7,3,12,3
R UR DR U FS L D,2,11,51,7,3,12,3
R UR FS DR D L U,2,11,51,7,3,10,3
R UR FS DR D U L,2,11,51,7,3,12,4
R UR FS DR U D L,2,11,51,7,3,14,4
R UR FS DR U L D,2,11,51,7,3,12,3
UR FS R DR D L U,2,11,51,7,3,9,2
UR FS R DR D U L,2,11,51,7,3,11,4
UR FS R DR U D L,2,11,51,7,3,13,4
UR FS R DR U L D,2,11,51,7,3,11,3
UR R DR FS D L U,2,11,51,7,3,11,3
UR R DR FS D U L,2,11,51,7,3,13,4
UR R DR FS U D L,2,11,51,7,3,13,4
UR R DR FS U L D,2,11,51,7,3,11,3
UR R DR U FS D L,2,11,51,7,3,11,3
UR R DR U FS L D,2,11,51,7,3,11,3
UR R FS DR D L U,2,11,51,7,3,11,3
UR R FS DR D U L,2,11,51,7,3,13,4
UR R FS DR U D L,2,11,51,7,3,15,4
UR R FS DR U L D,2,11,51,7,3,13,3
D FS R UR DR L U,2,12,51,7,3,12,3
D FS R UR DR U L,2,12,51,7,3,12,3
D FS U UR L DR R,2,12,51,7,3,12,3
D R FS UR DR L U,2,12,51,7,3,12,3
D R FS UR DR U L,2,12,51,7,3,12,3
D R UR FS DR L U,2,12,51,7,3,12,3
D R UR FS DR U L,2,12,51,7,3,12,3
D U FS UR L DR R,2,12,51,7,3,14,4
D U UR FS L DR R,2,12,51,7,3,12,4
FS D R UR DR L U,2,12,51,7,3,12,3
FS D R UR DR U L,2,12,51,7,3,12,3
FS D U UR L DR R,2,12,51,7,3,14,4
FS R D UR DR L U,2,12,51,7,3,14,3
FS R D UR DR U L,2,12,51,7,3,14,3
FS U D UR L DR R,2,12,51,7,3,16,4
FS U UR D L DR R,2,12,51,7,3,12,3
FS U UR L D DR R,2,12,51,7,3,10,3
R D FS UR DR L U,2,12,51,7,3,12,3
R D FS UR DR U L,2,12,51,7,3,12,3
R D UR FS DR L U,2,12,51,7,3,14,3
R D UR FS DR U L,2,12,51,7,3,14,3
R FS D UR DR L U,2,12,51,7,3,14,3
R FS D UR DR U L,2,12,51,7,3,14,3
U D FS UR L DR R,2,12,51,7,3,14,4
U D UR FS L DR R,2,12,51,7,3,14,4
U FS D UR L DR R,2,12,51,7,3,14,3
U FS UR D L DR R,2,12,51,7,3,12,3
U FS UR L D DR R,2,12,51,7,3,10,3
U UR D FS L DR R,2,12,51,7,3,12,3
U UR FS D L DR R,2,12,51,7,3,10,3
U UR FS L D DR R,2,12,51,7,3,8,2
D FS L DR UR R U,2,12,52,7,3,12,3
D FS L DR UR U R,2,12,52,7,3,12,3
D FS L UR DR R U,2,12,52,7,3,12,3
D FS L UR DR U R,2,12,52,7,3,14,3
D FS L UR U DR R,2,12,52,7,3,12,3
D FS UR L DR R U,2,12,52,7,3,12,3
D FS UR L DR U R,2,12,52,7,3,14,3
D FS UR L U DR R,2,12,52,7,3,12,3
D FS UR R DR L U,2,12,52,7,3,10,3
D FS UR R DR U L,2,12,52,7,3,10,3
D FS UR U L DR R,2,12,52,7,3,10,3
D L DR FS UR R U,2,12,52,7,3,12,3
D L DR FS UR U R,2,12,52,7,3,12,3
D L DR UR FS R U,2,12,52,7,3,12,3
D L DR UR FS U R,2,12,52,7,3,12,3
D L FS DR UR R U,2,12,52,7,3,12,3
D L FS DR UR U R,2,12,52,7,3,12,3
D L FS UR DR R U,2,12,52,7,3,10,2
D L FS UR DR U R,2,12,52,7,3,12,3
D L FS UR U DR R,2,12,52,7,3,10,3
D L UR DR FS R U,2,12,52,7,3,14,3
D L UR DR FS U R,2,12,52,7,3,14,3
D L UR FS DR R U,2,12,52,7,3,12,3
D L UR FS DR U R,2,12,52,7,3,14,3
D L UR FS U DR R,2,12,52,7,3,12,3
D UR FS L DR R U,2,12,52,7,3,12,3
D UR FS L DR U R,2,12,52,7,3,14,3
D UR FS L U DR R,2,12,52,7,3,12,3
D UR FS R DR L U,2,12,52,7,3,12,3
D UR FS R DR U L,2,12,52,7,3,12,3
D UR FS U L DR R,2,12,52,7,3,12,3
D UR L DR FS R U,2,12,52,7,3,16,3
D UR L DR FS U R,2,12,52,7,3,16,3
D UR L FS DR R U,2,12,52,7,3,14,3
D UR L FS DR U R,2,12,52,7,3,16,3
D UR L FS U DR R,2,12,52,7,3,14,3
D UR R FS DR L U,2,12,52,7,3,14,3
D UR R FS DR U L,2,12,52,7,3,14,3
D UR U FS L DR R,2,12,52,7,3,12,3
FS D L DR UR R U,2,12,52,7,3,12,3
FS D L DR UR U R,2,12,52,7,3,12,3
FS D L UR DR R U,2,12,52,7,3,12,3
FS D L UR DR U R,2,12,52,7,3,14,3
FS D L UR U DR R,2,12,52,7,3,12,3
FS D UR L DR R U,2,12,52,7,3,14,3
FS D UR L DR U R,2,12,52,7,3,16,3
FS D UR L U DR R,2,12,52,7,3,14,3
FS D UR R DR L U,2,12,52,7,3,12,3
FS D UR R DR U L,2,12,52,7,3,12,3
FS D UR U L DR R,2,12,52,7,3,12,3
FS L D DR UR R U,2,12,52,7,3,10,2
FS L D DR UR U R,2,12,52,7,3,10,2
FS L D UR DR R U,2,12,52,7,3,12,3
FS L D UR DR U R,2,12,52,7,3,14,3
FS L D UR U DR R,2,12,52,7,3,12,3
FS L UR D DR R U,2,12,52,7,3,12,3
FS L UR D DR U R,2,12,52,7,3,14,3
FS L UR D U DR R,2,12,52,7,3,16,4
FS L UR U D DR R,2,12,52,7,3,12,4
FS UR D L DR R U,2,12,52,7,3,12,3
FS UR D L DR U R,2,12,52,7,3,14,3
FS UR D L U DR R,2,12,52,7,3,12,3
FS UR D R DR L U,2,12,52,7,3,12,3
FS UR D R DR U L,2,12,52,7,3,12,3
FS UR D U L DR R,2,12,52,7,3,14,4
FS UR L D DR R U,2,12,52,7,3,10,3
FS UR L D DR U R,2,12,52,7,3,12,3
FS UR L D U DR R,2,12,52,7,3,14,4
FS UR L U D DR R,2,12,52,7,3,12,4
FS UR U D L DR R,2,12,52,7,3,12,4
FS UR U L D DR R,2,12,52,7,3,8,2
L D DR FS UR R U,2,12,52,7,3,10,3
L D DR FS UR U R,2,12,52,7,3,10,3
L D DR UR FS R U,2,12,52,7,3,10,2
L D DR UR FS U R,2,12,52,7,3,10,2
L D FS DR UR R U,2,12,52,7,3,12,3
L D FS DR UR U R,2,12,52,7,3,12,3
L D FS UR DR R U,2,12,52,7,3,10,2
L D FS UR DR U R,2,12,52,7,3,12,3
L D FS UR U DR R,2,12,52,7,3,10,3
L D UR DR FS R U,2,12,52,7,3,14,3
L D UR DR FS U R,2,12,52,7,3,14,3
L D UR FS DR R U,2,12,52,7,3,12,3
L D UR FS DR U R,2,12,52,7,3,14,3
L D UR FS U DR R,2,12,52,7,3,12,3
L FS D DR UR R U,2,12,52,7,3,10,2
L FS D DR UR U R,2,12,52,7,3,10,2
L FS D UR DR R U,2,12,52,7,3,12,3
L FS D UR DR U R,2,12,52,7,3,14,3
L FS D UR U DR R,2,12,52,7,3,12,3
L FS UR D DR R U,2,12,52,7,3,10,3
L FS UR D DR U R,2,12,52,7,3,12,3
L FS UR D U DR R,2,12,52,7,3,14,4
L FS UR U D DR R,2,12,52,7,3,10,4
L UR D DR FS R U,2,12,52,7,3,14,3
L UR D DR FS U R,2,12,52,7,3,14,3
L UR D FS DR R U,2,12,52,7,3,14,3
L UR D FS DR U R,2,12,52,7,3,16,3
L UR D FS U DR R,2,12,52,7,3,14,3
L UR FS D DR R U,2,12,52,7,3,10,3
L UR FS D DR U R,2,12,52,7,3,12,3
L UR FS D U DR R,2,12,52,7,3,14,4
L UR FS U D DR R,2,12,52,7,3,12,4
UR D FS L DR R U,2,12,52,7,3,13,3
UR D FS L DR U R,2,12,52,7,3,15,3
UR D FS L U DR R,2,12,52,7,3,13,3
UR D FS R DR L U,2,12,52,7,3,13,3
UR D FS R DR U L,2,12,52,7,3,13,3
UR D FS U L DR R,2,12,52,7,3,13,3
UR D L DR FS R U,2,12,52,7,3,15,3
UR D L DR FS U R,2,12,52,7,3,15,3
UR D L FS DR R U,2,12,52,7,3,13,3
UR D L FS DR U R,2,12,52,7,3,15,3
UR D L FS U DR R,2,12,52,7,3,13,3
UR D R FS DR L U,2,12,52,7,3,15,3
UR D R FS DR U L,2,12,52,7,3,15,3
UR D U FS L DR R,2,12,52,7,3,15,4
UR FS D L DR R U,2,12,52,7,3,11,3
UR FS D L DR U R,2,12,52,7,3,13,3
UR FS D L U DR R,2,12,52,7,3,11,3
UR FS D R DR L U,2,12,52,7,3,11,3
UR FS D R DR U L,2,12,52,7,3,11,3
UR FS D U L DR R,2,12,52,7,3,13,4
UR FS L D DR R U,2,12,52,7,3,9,2
UR FS L D DR U R,2,12,52,7,3,11,3
UR FS L D U DR R,2,12,52,7,3,13,4
UR FS L U D DR R,2,12,52,7,3,11,4
UR FS U D L DR R,2,12,52,7,3,13,4
UR FS U L D DR R,2,12,52,7,3,9,2
UR L D DR FS R U,2,12,52,7,3,13,3
UR L D DR FS U R,2,12,52,7,3,13,3
UR L D FS DR R U,2,12,52,7,3,13,3
UR L D FS DR U R,2,12,52,7,3,15,3
UR L D FS U DR R,2,12,52,7,3,13,3
UR L FS D DR R U,2,12,52,7,3,11,3
UR L FS D DR U R,2,12,52,7,3,13,3
UR L FS D U DR R,2,12,52,7,3,15,4
UR L FS U D DR R,2,12,52,7,3,13,4
UR U D FS L DR R,2,12,52,7,3,13,4
UR U FS D L DR R,2,12,52,7,3,11,3
UR U FS L D DR R,2,12,52,7,3,9,2
FS L R UR DR D U,2,11,53,8,3,14,4
FS L R UR DR U D,2,11,53,8,3,16,4
FS L UR R DR D U,2,11,53,8,3,12,4
FS L UR R DR U D,2,11,53,8,3,14,4
FS R L UR DR D U,2,11,53,8,3,16,4
FS R L UR DR U D,2,11,53,8,3,18,4
FS R UR DR L D U,2,11,53,8,3,14,4
FS R UR DR L U D,2,11,53,8,3,14,4
FS R UR L DR D U,2,11,53,8,3,14,4
FS R UR L DR U D,2,11,53,8,3,16,4
FS UR L R DR D U,2,11,53,8,3,14,4
FS UR L R DR U D,2,11,53,8,3,16,4
FS UR R DR L D U,2,11,53,8,3,12,4
FS UR R DR L U D,2,11,53,8,3,12,4
FS UR R L DR D U,2,11,53,8,3,14,4
FS UR R L DR U D,2,11,53,8,3,16,4
L FS R UR DR D U,2,11,53,8,3,12,4
L FS R UR DR U D,2,11,53,8,3,14,4
L FS UR R DR D U,2,11,53,8,3,10,4
L FS UR R DR U D,2,11,53,8,3,12,4
L R FS UR DR D U,2,11,53,8,3,14,4
L R FS UR DR U D,2,11,53,8,3,16,4
L R UR DR D FS U,2,11,53,8,3,12,4
L R UR DR FS D U,2,11,53,8,3,16,4
L R UR DR FS U D,2,11,53,8,3,16,4
L R UR DR U FS D,2,11,53,8,3,14,4
L R UR FS DR D U,2,11,53,8,3,14,4
L R UR FS DR U D,2,11,53,8,3,16,4
L UR FS R DR D U,2,11,53,8,3,12,4
L UR FS R DR U D,2,11,53,8,3,14,4
L UR R DR D FS U,2,11,53,8,3,10,3
L UR R DR FS D U,2,11,53,8,3,14,4
L UR R DR FS U D,2,11,53,8,3,14,4
L UR R DR U FS D,2,11,53,8,3,12,3
L UR R FS DR D U,2,11,53,8,3,14,4
L UR R FS DR U D,2,11,53,8,3,16,4
R FS L UR DR D U,2,11,53,8,3,14,4
R FS L UR DR U D,2,11,53,8,3,16,4
R FS UR DR L D U,2,11,53,8,3,14,4
R FS UR DR L U D,2,11,53,8,3,14,4
R FS UR L DR D U,2,11,53,8,3,14,4
R FS UR L DR U D,2,11,53,8,3,16,4
R L FS UR DR D U,2,11,53,8,3,14,4
R L FS UR DR U D,2,11,53,8,3,16,4
R L UR DR D FS U,2,11,53,8,3,14,4
R L UR DR FS D U,2,11,53,8,3,18,4
R L UR DR FS U D,2,11,53,8,3,18,4
R L UR DR U FS D,2,11,53,8,3,16,4
R L UR FS DR D U,2,11,53,8,3,16,4
R L UR FS DR U D,2,11,53,8,3,18,4
R UR D DR FS L U,2,11,53,8,3,12,3
R UR D DR FS U L,2,11,53,8,3,12,3
R UR D DR L FS U,2,11,53,8,3,12,3
R UR D DR U FS L,2,11,53,8,3,12,3
R UR DR D FS L U,2,11,53,8,3,10,2
R UR DR D FS U L,2,11,53,8,3,10,2
R UR DR D L FS U,2,11,53,8,3,10,2
R UR DR D U FS L,2,11,53,8,3,12,4
R UR DR FS L D U,2,11,53,8,3,14,4
R UR DR FS L U D,2,11,53,8,3,14,4
R UR DR L D FS U,2,11,53,8,3,12,3
R UR DR L FS D U,2,11,53,8,3,14,4
R UR DR L FS U D,2,11,53,8,3,14,4
R UR DR L U FS D,2,11,53,8,3,12,3
R UR DR U D FS L,2,11,53,8,3,14,4
R UR DR U L FS D,2,11,53,8,3,12,3
R UR FS DR L D U,2,11,53,8,3,14,4
R UR FS DR L U D,2,11,53,8,3,14,4
R UR FS L DR D U,2,11,53,8,3,12,4
R UR FS L DR U D,2,11,53,8,3,14,4
R UR L DR D FS U,2,11,53,8,3,12,3
R UR L DR FS D U,2,11,53,8,3,16,4
R UR L DR FS U D,2,11,53,8,3,16,4
R UR L DR U FS D,2,11,53,8,3,14,3
R UR L FS DR D U,2,11,53,8,3,14,4
R UR L FS DR U D,2,11,53,8,3,16,4
UR FS L R DR D U,2,11,53,8,3,13,4
UR FS L R DR U D,2,11,53,8,3,15,4
UR FS R DR L D U,2,11,53,8,3,13,4
UR FS R DR L U D,2,11,53,8,3,13,4
UR FS R L DR D U,2,11,53,8,3,15,4
UR FS R L DR U D,2,11,53,8,3,17,4
UR L FS R DR D U,2,11,53,8,3,13,4
UR L FS R DR U D,2,11,53,8,3,15,4
UR L R DR D FS U,2,11,53,8,3,13,4
UR L R DR FS D U,2,11,53,8,3,17,4
UR L R DR FS U D,2,11,53,8,3,17,4
UR L R DR U FS D,2,11,53,8,3,15,4
UR L R FS DR D U,2,11,53,8,3,17,4
UR L R FS DR U D,2,11,53,8,3,19,4
UR R D DR FS L U,2,11,53,8,3,11,3
UR R D DR FS U L,2,11,53,8,3,11,3
UR R D DR L FS U,2,11,53,8,3,11,3
UR R D DR U FS L,2,11,53,8,3,11,3
UR R DR D FS L U,2,11,53,8,3,9,2
UR R DR D FS U L,2,11,53,8,3,9,2
UR R DR D L FS U,2,11,53,8,3,9,2
UR R DR D U FS L,2,11,53,8,3,11,4
UR R DR FS L D U,2,11,53,8,3,13,4
UR R DR FS L U D,2,11,53,8,3,13,4
UR R DR L D FS U,2,11,53,8,3,11,3
UR R DR L FS D U,2,11,53,8,3,13,4
UR R DR L FS U D,2,11,53,8,3,13,4
UR R DR L U FS D,2,11,53,8,3,11,3
UR R DR U D FS L,2,11,53,8,3,13,4
UR R DR U L FS D,2,11,53,8,3,11,3
UR R FS DR L D U,2,11,53,8,3,15,4
UR R FS DR L U D,2,11,53,8,3,15,4
UR R FS L DR D U,2,11,53,8,3,13,4
UR R FS L DR U D,2,11,53,8,3,15,4
UR R L DR D FS U,2,11,53,8,3,13,4
UR R L DR FS D U,2,11,53,8,3,17,4
UR R L DR FS U D,2,11,53,8,3,17,4
UR R L DR U FS D,2,11,53,8,3,15,4
UR R L FS DR D U,2,11,53,8,3,15,4
UR R L FS DR U D,2,11,53,8,3,17,4
D FS L R UR DR U,2,12,53,8,3,14,4
D FS L R UR U DR,2,12,53,8,3,13,4
D FS R L UR DR U,2,12,53,8,3,16,4
D FS R L UR U DR,2,12,53,8,3,15,4
D FS R UR L DR U,2,12,53,8,3,14,3
D FS R UR L U DR,2,12,53,8,3,13,3
D FS R UR U DR L,2,12,53,8,3,12,3
D FS R UR U L DR,2,12,53,8,3,11,3
D FS U UR L R DR,2,12,53,8,3,13,4
D FS U UR R DR L,2,12,53,8,3,10,3
D FS U UR R L DR,2,12,53,8,3,13,4
D L DR R UR FS U,2,12,53,8,3,10,3
D L DR U UR FS R,2,12,53,8,3,12,3
D L FS R UR DR U,2,12,53,8,3,12,3
D L FS R UR U DR,2,12,53,8,3,11,3
D L R DR UR FS U,2,12,53,8,3,12,4
D L R FS UR DR U,2,12,53,8,3,14,4
D L R FS UR U DR,2,12,53,8,3,13,4
D L R UR DR FS U,2,12,53,8,3,14,4
D L R UR FS DR U,2,12,53,8,3,14,4
D L R UR FS U DR,2,12,53,8,3,13,4
D L U DR UR FS R,2,12,53,8,3,12,3
D L U UR DR FS R,2,12,53,8,3,12,3
D L U UR FS DR R,2,12,53,8,3,10,3
D R FS L UR DR U,2,12,53,8,3,14,3
D R FS L UR U DR,2,12,53,8,3,13,3
D R FS UR L DR U,2,12,53,8,3,14,3
D R FS UR L U DR,2,12,53,8,3,13,3
D R FS UR U DR L,2,12,53,8,3,12,3
D R FS UR U L DR,2,12,53,8,3,11,3
D R L DR UR FS U,2,12,53,8,3,14,4
D R L FS UR DR U,2,12,53,8,3,14,4
D R L FS UR U DR,2,12,53,8,3,13,4
D R L UR DR FS U,2,12,53,8,3,16,4
D R L UR FS DR U,2,12,53,8,3,16,4
D R L UR FS U DR,2,12,53,8,3,15,4
D R UR FS L DR U,2,12,53,8,3,12,3
D R UR FS L U DR,2,12,53,8,3,11,3
D R UR FS U DR L,2,12,53,8,3,12,3
D R UR FS U L DR,2,12,53,8,3,11,3
D R UR L DR FS U,2,12,53,8,3,14,3
D R UR L FS DR U,2,12,53,8,3,14,3
D R UR L FS U DR,2,12,53,8,3,13,3
D R UR U DR FS L,2,12,53,8,3,12,3
D R UR U FS DR L,2,12,53,8,3,12,3
D R UR U FS L DR,2,12,53,8,3,11,3
D U FS UR L R DR,2,12,53,8,3,15,4
D U FS UR R DR L,2,12,53,8,3,12,4
D U FS UR R L DR,2,12,53,8,3,15,4
D U L DR UR FS R,2,12,53,8,3,14,4
D U L UR DR FS R,2,12,53,8,3,16,4
D U L UR FS DR R,2,12,53,8,3,14,4
D U UR FS L R DR,2,12,53,8,3,13,4
D U UR FS R DR L,2,12,53,8,3,12,4
D U UR FS R L DR,2,12,53,8,3,15,4
D U UR L DR FS R,2,12,53,8,3,16,4
D U UR L FS DR R,2,12,53,8,3,14,4
D U UR R DR FS L,2,12,53,8,3,12,4
D U UR R FS DR L,2,12,53,8,3,14,4
D U UR R FS L DR,2,12,53,8,3,13,4
FS D L R UR DR U,2,12,53,8,3,14,4
FS D L R UR U DR,2,12,53,8,3,13,4
FS D R L UR DR U,2,12,53,8,3,16,4
FS D R L UR U DR,2,12,53,8,3,15,4
FS D R UR L DR U,2,12,53,8,3,14,3
FS D R UR L U DR,2,12,53,8,3,13,3
FS D R UR U DR L,2,12,53,8,3,12,3
FS D R UR U L DR,2,12,53,8,3,11,3
FS D U UR L R DR,2,12,53,8,3,15,4
FS D U UR R DR L,2,12,53,8,3,12,4
FS D U UR R L DR,2,12,53,8,3,15,4
FS L D R UR DR U,2,12,53,8,3,12,3
FS L D R UR U DR,2,12,53,8,3,11,3
FS L R D UR DR U,2,12,53,8,3,16,4
FS L R D UR U DR,2,12,53,8,3,15,4
FS R D L UR DR U,2,12,53,8,3,14,3
FS R D L UR U DR,2,12,53,8,3,13,3
FS R D UR L DR U,2,12,53,8,3,16,3
FS R D UR L U DR,2,12,53,8,3,15,3
FS R D UR U DR L,2,12,53,8,3,14,3
FS R D UR U L DR,2,12,53,8,3,13,3
FS R L D UR DR U,2,12,53,8,3,16,4
FS R L D UR U DR,2,12,53,8,3,15,4
FS U D UR L R DR,2,12,53,8,3,17,4
FS U D UR R DR L,2,12,53,8,3,14,4
FS U D UR R L DR,2,12,53,8,3,17,4
FS U UR D L R DR,2,12,53,8,3,13,4
FS U UR D R DR L,2,12,53,8,3,12,3
FS U UR D R L DR,2,12,53,8,3,15,4
FS U UR L D R DR,2,12,53,8,3,11,3
L D DR R UR FS U,2,12,53,8,3,8,2
L D DR U UR FS R,2,12,53,8,3,10,3
L D FS R UR DR U,2,12,53,8,3,12,3
L D FS R UR U DR,2,12,53,8,3,11,3
L D R DR UR FS U,2,12,53,8,3,10,2
L D R FS UR DR U,2,12,53,8,3,12,3
L D R FS UR U DR,2,12,53,8,3,11,3
L D R UR DR FS U,2,12,53,8,3,12,3
L D R UR FS DR U,2,12,53,8,3,12,3
L D R UR FS U DR,2,12,53,8,3,11,3
L D U DR UR FS R,2,12,53,8,3,14,4
L D U UR DR FS R,2,12,53,8,3,14,4
L D U UR FS DR R,2,12,53,8,3,12,4
L FS D R UR DR U,2,12,53,8,3,12,3
L FS D R UR U DR,2,12,53,8,3,11,3
L FS R D UR DR U,2,12,53,8,3,14,3
L FS R D UR U DR,2,12,53,8,3,13,3
L R D DR UR FS U,2,12,53,8,3,12,4
L R D FS UR DR U,2,12,53,8,3,14,4
L R D FS UR U DR,2,12,53,8,3,13,4
L R D UR DR FS U,2,12,53,8,3,16,4
L R D UR FS DR U,2,12,53,8,3,16,4
L R D UR FS U DR,2,12,53,8,3,15,4
L R FS D UR DR U,2,12,53,8,3,16,4
L R FS D UR U DR,2,12,53,8,3,15,4
L U D DR UR FS R,2,12,53,8,3,12,4
L U D UR DR FS R,2,12,53,8,3,16,4
L U D UR FS DR R,2,12,53,8,3,14,4
L U UR D DR FS R,2,12,53,8,3,12,3
L U UR D FS DR R,2,12,53,8,3,12,3
L U UR FS D DR R,2,12,53,8,3,8,2
R D FS L UR DR U,2,12,53,8,3,14,3
R D FS L UR U DR,2,12,53,8,3,13,3
R D FS UR L DR U,2,12,53,8,3,14,3
R D FS UR L U DR,2,12,53,8,3,13,3
R D FS UR U DR L,2,12,53,8,3,12,3
R D FS UR U L DR,2,12,53,8,3,11,3
R D L DR UR FS U,2,12,53,8,3,12,3
R D L FS UR DR U,2,12,53,8,3,12,3
R D L FS UR U DR,2,12,53,8,3,11,3
R D L UR DR FS U,2,12,53,8,3,14,3
R D L UR FS DR U,2,12,53,8,3,14,3
R D L UR FS U DR,2,12,53,8,3,13,3
R D UR FS L DR U,2,12,53,8,3,14,3
R D UR FS L U DR,2,12,53,8,3,13,3
R D UR FS U DR L,2,12,53,8,3,14,3
R D UR FS U L DR,2,12,53,8,3,13,3
R D UR L DR FS U,2,12,53,8,3,16,3
R D UR L FS DR U,2,12,53,8,3,16,3
R D UR L FS U DR,2,12,53,8,3,15,3
R D UR U DR FS L,2,12,53,8,3,14,3
R D UR U FS DR L,2,12,53,8,3,14,3
R D UR U FS L DR,2,12,53,8,3,13,3
R FS D L UR DR U,2,12,53,8,3,14,3
R FS D L UR U DR,2,12,53,8,3,13,3
R FS D UR L DR U,2,12,53,8,3,16,3
R FS D UR L U DR,2,12,53,8,3,15,3
R FS D UR U DR L,2,12,53,8,3,14,3
R FS D UR U L DR,2,12,53,8,3,13,3
R FS L D UR DR U,2,12,53,8,3,14,3
R FS L D UR U DR,2,12,53,8,3,13,3
R L D DR UR FS U,2,12,53,8,3,12,4
R L D FS UR DR U,2,12,53,8,3,14,4
R L D FS UR U DR,2,12,53,8,3,13,4
R L D UR DR FS U,2,12,53,8,3,16,4
R L D UR FS DR U,2,12,53,8,3,16,4
R L D UR FS U DR,2,12,53,8,3,15,4
R L FS D UR DR U,2,12,53,8,3,16,4
R L FS D UR U DR,2,12,53,8,3,15,4
U D FS UR L R DR,2,12,53,8,3,15,4
U D FS UR R DR L,2,12,53,8,3,12,4
U D FS UR R L DR,2,12,53,8,3,15,4
U D L DR UR FS R,2,12,53,8,3,14,4
U D L UR DR FS R,2,12,53,8,3,16,4
U D L UR FS DR R,2,12,53,8,3,14,4
U D UR FS L R DR,2,12,53,8,3,15,4
U D UR FS R DR L,2,12,53,8,3,14,4
U D UR FS R L DR,2,12,53,8,3,17,4
U D UR L DR FS R,2,12,53,8,3,18,4
U D UR L FS DR R,2,12,53,8,3,16,4
U D UR R DR FS L,2,12,53,8,3,14,4
U D UR R FS DR L,2,12,53,8,3,16,4
U D UR R FS L DR,2,12,53,8,3,15,4
U FS D UR L R DR,2,12,53,8,3,15,4
U FS D UR R DR L,2,12,53,8,3,12,3
U FS D UR R L DR,2,12,53,8,3,15,4
U FS UR D L R DR,2,12,53,8,3,13,4
U FS UR D R DR L,2,12,53,8,3,12,3
U FS UR D R L DR,2,12,53,8,3,15,4
U FS UR L D R DR,2,12,53,8,3,11,3
U L D DR UR FS R,2,12,53,8,3,10,2
U L D UR DR FS R,2,12,53,8,3,14,3
U L D UR FS DR R,2,12,53,8,3,12,3
U L UR D DR FS R,2,12,53,8,3,14,3
U L UR D FS DR R,2,12,53,8,3,14,3
U L UR FS D DR R,2,12,53,8,3,10,3
U UR D FS L R DR,2,12,53,8,3,13,4
U UR D FS R DR L,2,12,53,8,3,12,3
U UR D FS R L DR,2,12,53,8,3,15,4
U UR D L DR FS R,2,12,53,8,3,14,3
U UR D L FS DR R,2,12,53,8,3,12,3
U UR D R DR FS L,2,12,53,8,3,12,3
U UR D R FS DR L,2,12,53,8,3,14,3
U UR D R FS L DR,2,12,53,8,3,13,3
U UR FS D L R DR,2,12,53,8,3,11,4
U UR FS D R DR L,2,12,53,8,3,10,3
U UR FS D R L DR,2,12,53,8,3,13,4
U UR FS L D R DR,2,12,53,8,3,9,2
U UR L D DR FS R,2,12,53,8,3,12,3
U UR L D FS DR R,2,12,53,8,3,12,3
U UR L FS D DR R,2,12,53,8,3,10,3
D FS L UR R DR U,2,12,54,8,3,12,3
D FS L UR R U DR,2,12,54,8,3,13,3
D FS L UR U R DR,2,12,54,8,3,11,3
D FS UR L R DR U,2,12,54,8,3,14,4
D FS UR L R U DR,2,12,54,8,3,15,4
D FS UR L U R DR,2,12,54,8,3,11,3
D FS UR R L DR U,2,12,54,8,3,14,4
D FS UR R L U DR,2,12,54,8,3,13,4
D FS UR R U DR L,2,12,54,8,3,12,3
D FS UR R U L DR,2,12,54,8,3,11,3
D FS UR U L R DR,2,12,54,8,3,11,4
D FS UR U R DR L,2,12,54,8,3,10,3
D FS UR U R L DR,2,12,54,8,3,13,4
D L DR UR R FS U,2,12,54,8,3,12,3
D L DR UR U FS R,2,12,54,8,3,12,3
D L FS UR R DR U,2,12,54,8,3,10,3
D L FS UR R U DR,2,12,54,8,3,11,3
D L FS UR U R DR,2,12,54,8,3,9,2
D L UR DR R FS U,2,12,54,8,3,12,3
D L UR DR U FS R,2,12,54,8,3,14,3
D L UR FS R DR U,2,12,54,8,3,12,3
D L UR FS R U DR,2,12,54,8,3,13,3
D L UR FS U R DR,2,12,54,8,3,11,3
D L UR R DR FS U,2,12,54,8,3,12,3
D L UR R FS DR U,2,12,54,8,3,14,3
D L UR R FS U DR,2,12,54,8,3,13,3
D L UR U DR FS R,2,12,54,8,3,14,3
D L UR U FS DR R,2,12,54,8,3,12,3
D UR FS L R DR U,2,12,54,8,3,14,4
D UR FS L R U DR,2,12,54,8,3,15,4
D UR FS L U R DR,2,12,54,8,3,11,3
D UR FS R L DR U,2,12,54,8,3,16,4
D UR FS R L U DR,2,12,54,8,3,15,4
D UR FS R U DR L,2,12,54,8,3,14,3
D UR FS R U L DR,2,12,54,8,3,13,3
D UR FS U L R DR,2,12,54,8,3,13,4
D UR FS U R DR L,2,12,54,8,3,12,3
D UR FS U R L DR,2,12,54,8,3,15,4
D UR L DR R FS U,2,12,54,8,3,14,3
D UR L DR U FS R,2,12,54,8,3,16,3
D UR L FS R DR U,2,12,54,8,3,14,3
D UR L FS R U DR,2,12,54,8,3,15,3
D UR L FS U R DR,2,12,54,8,3,13,3
D UR L R DR FS U,2,12,54,8,3,16,4
D UR L R FS DR U,2,12,54,8,3,18,4
D UR L R FS U DR,2,12,54,8,3,17,4
D UR L U DR FS R,2,12,54,8,3,16,3
D UR L U FS DR R,2,12,54,8,3,14,3
D UR R FS L DR U,2,12,54,8,3,14,3
D UR R FS L U DR,2,12,54,8,3,13,3
D UR R FS U DR L,2,12,54,8,3,14,3
D UR R FS U L DR,2,12,54,8,3,13,3
D UR R L DR FS U,2,12,54,8,3,16,4
D UR R L FS DR U,2,12,54,8,3,16,4
D UR R L FS U DR,2,12,54,8,3,15,4
D UR R U DR FS L,2,12,54,8,3,14,3
D UR R U FS DR L,2,12,54,8,3,14,3
D UR R U FS L DR,2,12,54,8,3,13,3
D UR U FS L R DR,2,12,54,8,3,13,4
D UR U FS R DR L,2,12,54,8,3,12,3
D UR U FS R L DR,2,12,54,8,3,15,4
D UR U L DR FS R,2,12,54,8,3,14,3
D UR U L FS DR R,2,12,54,8,3,12,3
D UR U R DR FS L,2,12,54,8,3,12,3
D UR U R FS DR L,2,12,54,8,3,14,3
D UR U R FS L DR,2,12,54,8,3,13,3
FS D L UR R DR U,2,12,54,8,3,12,3
FS D L UR R U DR,2,12,54,8,3,13,3
FS D L UR U R DR,2,12,54,8,3,11,3
FS D UR L R DR U,2,12,54,8,3,16,4
FS D UR L R U DR,2,12,54,8,3,17,4
FS D UR L U R DR,2,12,54,8,3,13,3
FS D UR R L DR U,2,12,54,8,3,16,4
FS D UR R L U DR,2,12,54,8,3,15,4
FS D UR R U DR L,2,12,54,8,3,14,3
FS D UR R U L DR,2,12,54,8,3,13,3
FS D UR U L R DR,2,12,54,8,3,13,4
FS D UR U R DR L,2,12,54,8,3,12,3
FS D UR U R L DR,2,12,54,8,3,15,4
FS L D UR R DR U,2,12,54,8,3,12,3
FS L D UR R U DR,2,12,54,8,3,13,3
FS L D UR U R DR,2,12,54,8,3,11,3
FS L UR D R DR U,2,12,54,8,3,14,3
FS L UR D R U DR,2,12,54,8,3,15,3
FS L UR D U R DR,2,12,54,8,3,15,4
FS L UR U D R DR,2,12,54,8,3,13,4
FS UR D L R DR U,2,12,54,8,3,14,4
FS UR D L R U DR,2,12,54,8,3,15,4
FS UR D L U R DR,2,12,54,8,3,11,3
FS UR D R L DR U,2,12,54,8,3,16,4
FS UR D R L U DR,2,12,54,8,3,15,4
FS UR D R U DR L,2,12,54,8,3,14,3
FS UR D R U L DR,2,12,54,8,3,13,3
FS UR D U L R DR,2,12,54,8,3,15,4
FS UR D U R DR L,2,12,54,8,3,14,4
FS UR D U R L DR,2,12,54,8,3,17,4
FS UR L D R DR U,2,12,54,8,3,12,3
FS UR L D R U DR,2,12,54,8,3,13,3
FS UR L D U R DR,2,12,54,8,3,13,4
FS UR L U D R DR,2,12,54,8,3,13,4
FS UR U D L R DR,2,12,54,8,3,13,4
FS UR U D R DR L,2,12,54,8,3,12,4
FS UR U D R L DR,2,12,54,8,3,15,4
FS UR U L D R DR,2,12,54,8,3,9,2
L D DR UR R FS U,2,12,54,8,3,10,2
L D DR UR U FS R,2,12,54,8,3,10,2
L D FS UR R DR U,2,12,54,8,3,10,3
L D FS UR R U DR,2,12,54,8,3,11,3
L D FS UR U R DR,2,12,54,8,3,9,2
L D UR DR R FS U,2,12,54,8,3,12,3
L D UR DR U FS R,2,12,54,8,3,14,3
L D UR FS R DR U,2,12,54,8,3,12,3
L D UR FS R U DR,2,12,54,8,3,13,3
L D UR FS U R DR,2,12,54,8,3,11,3
L D UR R DR FS U,2,12,54,8,3,12,3
L D UR R FS DR U,2,12,54,8,3,14,3
L D UR R FS U DR,2,12,54,8,3,13,3
L D UR U DR FS R,2,12,54,8,3,14,3
L D UR U FS DR R,2,12,54,8,3,12,3
L FS D UR R DR U,2,12,54,8,3,12,3
L FS D UR R U DR,2,12,54,8,3,13,3
L FS D UR U R DR,2,12,54,8,3,11,3
L FS UR D R DR U,2,12,54,8,3,12,3
L FS UR D R U DR,2,12,54,8,3,13,3
L FS UR D U R DR,2,12,54,8,3,13,4
L FS UR U D R DR,2,12,54,8,3,11,4
L UR D DR R FS U,2,12,54,8,3,12,3
L UR D DR U FS R,2,12,54,8,3,14,3
L UR D FS R DR U,2,12,54,8,3,14,3
L UR D FS R U DR,2,12,54,8,3,15,3
L UR D FS U R DR,2,12,54,8,3,13,3
L UR D R DR FS U,2,12,54,8,3,14,3
L UR D R FS DR U,2,12,54,8,3,16,3
L UR D R FS U DR,2,12,54,8,3,15,3
L UR D U DR FS R,2,12,54,8,3,18,4
L UR D U FS DR R,2,12,54,8,3,16,4
L UR FS D R DR U,2,12,54,8,3,12,3
L UR FS D R U DR,2,12,54,8,3,13,3
L UR FS D U R DR,2,12,54,8,3,13,4
L UR FS U D R DR,2,12,54,8,3,13,4
L UR U D DR FS R,2,12,54,8,3,14,4
L UR U D FS DR R,2,12,54,8,3,14,4
L UR U FS D DR R,2,12,54,8,3,10,3
UR D FS L R DR U,2,12,54,8,3,15,4
UR D FS L R U DR,2,12,54,8,3,16,4
UR D FS L U R DR,2,12,54,8,3,12,3
UR D FS R L DR U,2,12,54,8,3,17,4
UR D FS R L U DR,2,12,54,8,3,16,4
UR D FS R U DR L,2,12,54,8,3,15,3
UR D FS R U L DR,2,12,54,8,3,14,3
UR D FS U L R DR,2,12,54,8,3,14,4
UR D FS U R DR L,2,12,54,8,3,13,3
UR D FS U R L DR,2,12,54,8,3,16,4
UR D L DR R FS U,2,12,54,8,3,13,3
UR D L DR U FS R,2,12,54,8,3,15,3
UR D L FS R DR U,2,12,54,8,3,13,3
UR D L FS R U DR,2,12,54,8,3,14,3
UR D L FS U R DR,2,12,54,8,3,12,3
UR D L R DR FS U,2,12,54,8,3,15,4
UR D L R FS DR U,2,12,54,8,3,17,4
UR D L R FS U DR,2,12,54,8,3,16,4
UR D L U DR FS R,2,12,54,8,3,15,3
UR D L U FS DR R,2,12,54,8,3,13,3
UR D R FS L DR U,2,12,54,8,3,15,3
UR D R FS L U DR,2,12,54,8,3,14,3
UR D R FS U DR L,2,12,54,8,3,15,3
UR D R FS U L DR,2,12,54,8,3,14,3
UR D R L DR FS U,2,12,54,8,3,17,4
UR D R L FS DR U,2,12,54,8,3,17,4
UR D R L FS U DR,2,12,54,8,3,16,4
UR D R U DR FS L,2,12,54,8,3,15,3
UR D R U FS DR L,2,12,54,8,3,15,3
UR D R U FS L DR,2,12,54,8,3,14,3
UR D U FS L R DR,2,12,54,8,3,16,4
UR D U FS R DR L,2,12,54,8,3,15,4
UR D U FS R L DR,2,12,54,8,3,18,4
UR D U L DR FS R,2,12,54,8,3,17,4
UR D U L FS DR R,2,12,54,8,3,15,4
UR D U R DR FS L,2,12,54,8,3,15,4
UR D U R FS DR L,2,12,54,8,3,17,4
UR D U R FS L DR,2,12,54,8,3,16,4
UR FS D L R DR U,2,12,54,8,3,13,4
UR FS D L R U DR,2,12,54,8,3,14,4
UR FS D L U R DR,2,12,54,8,3,10,2
UR FS D R L DR U,2,12,54,8,3,15,4
UR FS D R L U DR,2,12,54,8,3,14,4
UR FS D R U DR L,2,12,54,8,3,13,3
UR FS D R U L DR,2,12,54,8,3,12,3
UR FS D U L R DR,2,12,54,8,3,14,4
UR FS D U R DR L,2,12,54,8,3,13,4
UR FS D U R L DR,2,12,54,8,3,16,4
UR FS L D R DR U,2,12,54,8,3,11,3
UR FS L D R U DR,2,12,54,8,3,12,3
UR FS L D U R DR,2,12,54,8,3,12,4
UR FS L U D R DR,2,12,54,8,3,12,4
UR FS U D L R DR,2,12,54,8,3,14,4
UR FS U D R DR L,2,12,54,8,3,13,4
UR FS U D R L DR,2,12,54,8,3,16,4
UR FS U L D R DR,2,12,54,8,3,10,2
UR L D DR R FS U,2,12,54,8,3,11,3
UR L D DR U FS R,2,12,54,8,3,13,3
UR L D FS R DR U,2,12,54,8,3,13,3
UR L D FS R U DR,2,12,54,8,3,14,3
UR L D FS U R DR,2,12,54,8,3,12,3
UR L D R DR FS U,2,12,54,8,3,13,3
UR L D R FS DR U,2,12,54,8,3,15,3
UR L D R FS U DR,2,12,54,8,3,14,3
UR L D U DR FS R,2,12,54,8,3,17,4
UR L D U FS DR R,2,12,54,8,3,15,4
UR L FS D R DR U,2,12,54,8,3,13,3
UR L FS D R U DR,2,12,54,8,3,14,3
UR L FS D U R DR,2,12,54,8,3,14,4
UR L FS U D R DR,2,12,54,8,3,14,4
UR L U D DR FS R,2,12,54,8,3,15,4
UR L U D FS DR R,2,12,54,8,3,15,4
UR L U FS D DR R,2,12,54,8,3,11,3
UR U D FS L R DR,2,12,54,8,3,14,4
UR U D FS R DR L,2,12,54,8,3,13,4
UR U D FS R L DR,2,12,54,8,3,16,4
UR U D L DR FS R,2,12,54,8,3,15,4
UR U D L FS DR R,2,12,54,8,3,13,4
UR U D R DR FS L,2,12,54,8,3,13,4
UR U D R FS DR L,2,12,54,8,3,15,4
UR U D R FS L DR,2,12,54,8,3,14,4
UR U FS D L R DR,2,12,54,8,3,12,4
UR U FS D R DR L,2,12,54,8,3,11,3
UR U FS D R L DR,2,12,54,8,3,14,4
UR U FS L D R DR,2,12,54,8,3,10,2
UR U L D DR FS R,2,12,54,8,3,11,3
UR U L D FS DR R,2,12,54,8,3,11,3
UR U L FS D DR R,2,12,54,8,3,9,2
DR FS R UR D L U,2,11,55,7,3,13,3
DR FS R UR D U L,2,11,55,7,3,15,4
DR FS R UR U D L,2,11,55,7,3,13,4
DR FS R UR U L D,2,11,55,7,3,11,3
DR FS U UR L D R,2,11,55,7,3,13,3
DR FS U UR L R D,2,11,55,7,3,15,4
DR FS U UR R D L,2,11,55,7,3,11,3
DR FS U UR R L D,2,11,55,7,3,13,4
DR R FS UR D L U,2,11,55,7,3,11,3
DR R FS UR D U L,2,11,55,7,3,13,4
DR R FS UR U D L,2,11,55,7,3,11,4
DR R FS UR U L D,2,11,55,7,3,9,2
DR R UR FS D L U,2,11,55,7,3,9,2
DR R UR FS D U L,2,11,55,7,3,11,4
DR R UR FS U D L,2,11,55,7,3,11,4
DR R UR FS U L D,2,11,55,7,3,9,2
DR R UR U FS D L,2,11,55,7,3,9,2
DR R UR U FS L D,2,11,55,7,3,9,2
DR U FS UR L D R,2,11,55,7,3,13,3
DR U FS UR L R D,2,11,55,7,3,15,4
DR U FS UR R D L,2,11,55,7,3,11,3
DR U FS UR R L D,2,11,55,7,3,13,4
DR U UR FS L D R,2,11,55,7,3,11,3
DR U UR FS L R D,2,11,55,7,3,13,4
DR U UR FS R D L,2,11,55,7,3,11,3
DR U UR FS R L D,2,11,55,7,3,13,4
DR U UR R FS D L,2,11,55,7,3,11,3
DR U UR R FS L D,2,11,55,7,3,11,3
FS DR R UR D L U,2,11,55,7,3,12,3
FS DR R UR D U L,2,11,55,7,3,14,4
FS DR R UR U D L,2,11,55,7,3,12,4
FS DR R UR U L D,2,11,55,7,3,10,3
FS DR U UR L D R,2,11,55,7,3,14,3
FS DR U UR L R D,2,11,55,7,3,16,4
FS DR U UR R D L,2,11,55,7,3,12,3
FS DR U UR R L D,2,11,55,7,3,14,4
FS R DR UR D L U,2,11,55,7,3,12,3
FS R DR UR D U L,2,11,55,7,3,14,4
FS R DR UR U D L,2,11,55,7,3,12,4
FS R DR UR U L D,2,11,55,7,3,10,2
FS U DR UR L D R,2,11,55,7,3,14,3
FS U DR UR L R D,2,11,55,7,3,16,4
FS U DR UR R D L,2,11,55,7,3,12,3
FS U DR UR R L D,2,11,55,7,3,14,4
FS U UR DR L D R,2,11,55,7,3,12,3
FS U UR DR L R D,2,11,55,7,3,14,4
FS U UR DR R D L,2,11,55,7,3,10,2
FS U UR DR R L D,2,11,55,7,3,12,4
FS U UR L DR D R,2,11,55,7,3,12,3
FS U UR L DR R D,2,11,55,7,3,12,3
R DR FS UR D L U,2,11,55,7,3,12,3
R DR FS UR D U L,2,11,55,7,3,14,4
R DR FS UR U D L,2,11,55,7,3,12,4
R DR FS UR U L D,2,11,55,7,3,10,3
R DR UR FS D L U,2,11,55,7,3,10,2
R DR UR FS D U L,2,11,55,7,3,12,4
R DR UR FS U D L,2,11,55,7,3,12,4
R DR UR FS U L D,2,11,55,7,3,10,2
R DR UR U FS D L,2,11,55,7,3,10,2
R DR UR U FS L D,2,11,55,7,3,10,2
R FS DR UR D L U,2,11,55,7,3,14,3
R FS DR UR D U L,2,11,55,7,3,16,4
R FS DR UR U D L,2,11,55,7,3,14,4
R FS DR UR U L D,2,11,55,7,3,12,3
U DR FS UR L D R,2,11,55,7,3,14,3
U DR FS UR L R D,2,11,55,7,3,16,4
U DR FS UR R D L,2,11,55,7,3,12,3
U DR FS UR R L D,2,11,55,7,3,14,4
U DR UR FS L D R,2,11,55,7,3,12,3
U DR UR FS L R D,2,11,55,7,3,14,4
U DR UR FS R D L,2,11,55,7,3,12,3
U DR UR FS R L D,2,11,55,7,3,14,4
U DR UR R FS D L,2,11,55,7,3,12,3
U DR UR R FS L D,2,11,55,7,3,12,3
U FS DR UR L D R,2,11,55,7,3,14,3
U FS DR UR L R D,2,11,55,7,3,16,4
U FS DR UR R D L,2,11,55,7,3,12,3
U FS DR UR R L D,2,11,55,7,3,14,4
U FS UR DR L D R,2,11,55,7,3,12,3
U FS UR DR L R D,2,11,55,7,3,14,4
U FS UR DR R D L,2,11,55,7,3,10,2
U FS UR DR R L D,2,11,55,7,3,12,4
U FS UR L DR D R,2,11,55,7,3,12,3
U FS UR L DR R D,2,11,55,7,3,12,3
U UR DR FS L D R,2,11,55,7,3,12,3
U UR DR FS L R D,2,11,55,7,3,14,4
U UR DR FS R D L,2,11,55,7,3,12,3
U UR DR FS R L D,2,11,55,7,3,14,4
U UR DR R FS D L,2,11,55,7,3,10,2
U UR DR R FS L D,2,11,55,7,3,10,2
U UR FS DR L D R,2,11,55,7,3,12,3
U UR FS DR L R D,2,11,55,7,3,14,4
U UR FS DR R D L,2,11,55,7,3,10,3
U UR FS DR R L D,2,11,55,7,3,12,4
U UR FS L DR D R,2,11,55,7,3,10,3
U UR FS L DR R D,2,11,55,7,3,10,3
D FS R U DR L UR,2,12,55,9,3,15,3
D FS R U DR UR L,2,12,55,9,3,14,3
D FS U R DR L UR,2,12,55,9,3,13,3
D FS U R DR UR L,2,12,55,9,3,12,3
D L R UR U FS DR,2,12,55,9,3,13,4
D L U UR FS R DR,2,12,55,9,3,9,2
D L U UR R FS DR,2,12,55,9,3,11,3
D R FS U DR L UR,2,12,55,9,3,15,3
D R FS U DR UR L,2,12,55,9,3,14,3
D R L UR U FS DR,2,12,55,9,3,15,4
D R U DR FS L UR,2,12,55,9,3,15,3
D R U DR FS UR L,2,12,55,9,3,14,3
D R U DR L FS UR,2,12,55,9,3,13,3
D R U DR UR FS L,2,12,55,9,3,12,3
D R U FS DR L UR,2,12,55,9,3,15,3
D R U FS DR UR L,2,12,55,9,3,14,3
D R UR L U FS DR,2,12,55,9,3,13,3
D R UR U L FS DR,2,12,55,9,3,11,3
D U FS R DR L UR,2,12,55,9,3,15,4
D U FS R DR UR L,2,12,55,9,3,14,4
D U L UR FS R DR,2,12,55,9,3,13,4
D U L UR R FS DR,2,12,55,9,3,15,4
D U R DR FS L UR,2,12,55,9,3,15,4
D U R DR FS UR L,2,12,55,9,3,14,4
D U R DR L FS UR,2,12,55,9,3,13,4
D U R DR UR FS L,2,12,55,9,3,12,4
D U R FS DR L UR,2,12,55,9,3,17,4
D U R FS DR UR L,2,12,55,9,3,16,4
D U UR L FS R DR,2,12,55,9,3,13,4
D U UR L R FS DR,2,12,55,9,3,17,4
D U UR R L FS DR,2,12,55,9,3,15,4
FS D R U DR L UR,2,12,55,9,3,15,3
FS D R U DR UR L,2,12,55,9,3,14,3
FS D U R DR L UR,2,12,55,9,3,15,4
FS D U R DR UR L,2,12,55,9,3,14,4
FS R D U DR L UR,2,12,55,9,3,17,4
FS R D U DR UR L,2,12,55,9,3,16,4
FS R U D DR L UR,2,12,55,9,3,15,4
FS R U D DR UR L,2,12,55,9,3,14,4
FS U D R DR L UR,2,12,55,9,3,15,4
FS U D R DR UR L,2,12,55,9,3,14,4
FS U R D DR L UR,2,12,55,9,3,13,3
FS U R D DR UR L,2,12,55,9,3,12,3
L D R UR U FS DR,2,12,55,9,3,11,3
L D U UR FS R DR,2,12,55,9,3,11,4
L D U UR R FS DR,2,12,55,9,3,13,4
L R D UR U FS DR,2,12,55,9,3,15,4
L U D UR FS R DR,2,12,55,9,3,13,4
L U D UR R FS DR,2,12,55,9,3,15,4
L U UR D FS R DR,2,12,55,9,3,11,3
L U UR D R FS DR,2,12,55,9,3,13,3
L U UR FS D R DR,2,12,55,9,3,9,2
R D FS U DR L UR,2,12,55,9,3,15,3
R D FS U DR UR L,2,12,55,9,3,14,3
R D L UR U FS DR,2,12,55,9,3,13,3
R D U DR FS L UR,2,12,55,9,3,17,4
R D U DR FS UR L,2,12,55,9,3,16,4
R D U DR L FS UR,2,12,55,9,3,15,4
R D U DR UR FS L,2,12,55,9,3,14,4
R D U FS DR L UR,2,12,55,9,3,17,4
R D U FS DR UR L,2,12,55,9,3,16,4
R D UR L U FS DR,2,12,55,9,3,15,3
R D UR U L FS DR,2,12,55,9,3,13,3
R FS D U DR L UR,2,12,55,9,3,17,4
R FS D U DR UR L,2,12,55,9,3,16,4
R FS U D DR L UR,2,12,55,9,3,15,4
R FS U D DR UR L,2,12,55,9,3,14,4
R L D UR U FS DR,2,12,55,9,3,15,4
R U D DR FS L UR,2,12,55,9,3,15,4
R U D DR FS UR L,2,12,55,9,3,14,4
R U D DR L FS UR,2,12,55,9,3,13,4
R U D DR UR FS L,2,12,55,9,3,12,4
R U D FS DR L UR,2,12,55,9,3,17,4
R U D FS DR UR L,2,12,55,9,3,16,4
R U FS D DR L UR,2,12,55,9,3,13,3
R U FS D DR UR L,2,12,55,9,3,12,3
U D FS R DR L UR,2,12,55,9,3,15,4
U D FS R DR UR L,2,12,55,9,3,14,4
U D L UR FS R DR,2,12,55,9,3,13,4
U D L UR R FS DR,2,12,55,9,3,15,4
U D R DR FS L UR,2,12,55,9,3,15,4
U D R DR FS UR L,2,12,55,9,3,14,4
U D R DR L FS UR,2,12,55,9,3,13,4
U D R DR UR FS L,2,12,55,9,3,12,4
U D R FS DR L UR,2,12,55,9,3,17,4
U D R FS DR UR L,2,12,55,9,3,16,4
U D UR L FS R DR,2,12,55,9,3,15,4
U D UR L R FS DR,2,12,55,9,3,19,4
U D UR R L FS DR,2,12,55,9,3,17,4
U FS D R DR L UR,2,12,55,9,3,13,3
U FS D R DR UR L,2,12,55,9,3,12,3
U FS R D DR L UR,2,12,55,9,3,13,3
U FS R D DR UR L,2,12,55,9,3,12,3
U L D UR FS R DR,2,12,55,9,3,11,3
U L D UR R FS DR,2,12,55,9,3,13,3
U L UR D FS R DR,2,12,55,9,3,13,3
U L UR D R FS DR,2,12,55,9,3,15,3
U L UR FS D R DR,2,12,55,9,3,11,3
U R D DR FS L UR,2,12,55,9,3,13,3
U R D DR FS UR L,2,12,55,9,3,12,3
U R D DR L FS UR,2,12,55,9,3,11,3
U R D DR UR FS L,2,12,55,9,3,10,2
U R D FS DR L UR,2,12,55,9,3,15,3
U R D FS DR UR L,2,12,55,9,3,14,3
U R FS D DR L UR,2,12,55,9,3,13,3
U R FS D DR UR L,2,12,55,9,3,12,3
U UR D L FS R DR,2,12,55,9,3,11,3
U UR D L R FS DR,2,12,55,9,3,15,4
U UR D R L FS DR,2,12,55,9,3,15,4
U UR L D FS R DR,2,12,55,9,3,11,3
U UR L D R FS DR,2,12,55,9,3,13,3
U UR L FS D R DR,2,12,55,9,3,11,3
DR D FS L UR R U,2,11,56,7,3,11,3
DR D FS L UR U R,2,11,56,7,3,11,3
DR D FS UR L R U,2,11,56,7,3,13,4
DR D FS UR L U R,2,11,56,7,3,11,3
DR D FS UR R L U,2,11,56,7,3,11,4
DR D FS UR R U L,2,11,56,7,3,9,2
DR D L FS UR R U,2,11,56,7,3,9,2
DR D L FS UR U R,2,11,56,7,3,9,2
DR D L UR FS R U,2,11,56,7,3,11,3
DR D L UR FS U R,2,11,56,7,3,11,3
DR D UR FS L R U,2,11,56,7,3,13,4
DR D UR FS L U R,2,11,56,7,3,11,3
DR D UR FS R L U,2,11,56,7,3,13,4
DR D UR FS R U L,2,11,56,7,3,11,3
DR D UR L FS R U,2,11,56,7,3,13,3
DR D UR L FS U R,2,11,56,7,3,13,3
DR FS D L UR R U,2,11,56,7,3,13,3
DR FS D L UR U R,2,11,56,7,3,13,3
DR FS D UR L R U,2,11,56,7,3,17,4
DR FS D UR L U R,2,11,56,7,3,15,3
DR FS D UR R L U,2,11,56,7,3,15,4
DR FS D UR R U L,2,11,56,7,3,13,3
DR FS L D UR R U,2,11,56,7,3,13,3
DR FS L D UR U R,2,11,56,7,3,13,3
DR FS L UR D R U,2,11,56,7,3,15,3
DR FS L UR D U R,2,11,56,7,3,17,4
DR FS L UR U D R,2,11,56,7,3,15,4
DR FS L UR U R D,2,11,56,7,3,13,3
DR FS UR D L R U,2,11,56,7,3,15,4
DR FS UR D L U R,2,11,56,7,3,13,3
DR FS UR D R L U,2,11,56,7,3,15,4
DR FS UR D R U L,2,11,56,7,3,13,3
DR FS UR L D R U,2,11,56,7,3,13,3
DR FS UR L D U R,2,11,56,7,3,15,4
DR FS UR L U D R,2,11,56,7,3,15,4
DR FS UR L U R D,2,11,56,7,3,13,3
DR FS UR R D L U,2,11,56,7,3,11,3
DR FS UR R D U L,2,11,56,7,3,13,4
DR FS UR R U D L,2,11,56,7,3,13,4
DR FS UR R U L D,2,11,56,7,3,11,3
DR FS UR U L D R,2,11,56,7,3,11,3
DR FS UR U L R D,2,11,56,7,3,13,4
DR FS UR U R D L,2,11,56,7,3,11,3
DR FS UR U R L D,2,11,56,7,3,13,4
DR L D FS UR R U,2,11,56,7,3,11,3
DR L D FS UR U R,2,11,56,7,3,11,3
DR L D UR FS R U,2,11,56,7,3,13,3
DR L D UR FS U R,2,11,56,7,3,13,3
DR L FS D UR R U,2,11,56,7,3,13,3
DR L FS D UR U R,2,11,56,7,3,13,3
DR L FS UR D R U,2,11,56,7,3,13,3
DR L FS UR D U R,2,11,56,7,3,15,4
DR L FS UR U D R,2,11,56,7,3,13,4
DR L FS UR U R D,2,11,56,7,3,11,3
DR L UR D FS R U,2,11,56,7,3,15,3
DR L UR D FS U R,2,11,56,7,3,15,3
DR L UR FS D R U,2,11,56,7,3,13,3
DR L UR FS D U R,2,11,56,7,3,15,4
DR L UR FS U D R,2,11,56,7,3,15,4
DR L UR FS U R D,2,11,56,7,3,13,3
DR UR D FS L R U,2,11,56,7,3,15,4
DR UR D FS L U R,2,11,56,7,3,13,3
DR UR D FS R L U,2,11,56,7,3,15,4
DR UR D FS R U L,2,11,56,7,3,13,3
DR UR D L FS R U,2,11,56,7,3,13,3
DR UR D L FS U R,2,11,56,7,3,13,3
DR UR FS D L R U,2,11,56,7,3,13,4
DR UR FS D L U R,2,11,56,7,3,11,2
DR UR FS D R L U,2,11,56,7,3,13,4
DR UR FS D R U L,2,11,56,7,3,11,2
DR UR FS L D R U,2,11,56,7,3,11,2
DR UR FS L D U R,2,11,56,7,3,13,4
DR UR FS L U D R,2,11,56,7,3,13,4
DR UR FS L U R D,2,11,56,7,3,11,2
DR UR FS R D L U,2,11,56,7,3,11,2
DR UR FS R D U L,2,11,56,7,3,13,4
DR UR FS R U D L,2,11,56,7,3,13,4
DR UR FS R U L D,2,11,56,7,3,11,2
DR UR FS U L D R,2,11,56,7,3,11,2
DR UR FS U L R D,2,11,56,7,3,13,4
DR UR FS U R D L,2,11,56,7,3,11,2
DR UR FS U R L D,2,11,56,7,3,13,4
DR UR L D FS R U,2,11,56,7,3,13,3
DR UR L D FS U R,2,11,56,7,3,13,3
DR UR L FS D R U,2,11,56,7,3,13,3
DR UR L FS D U R,2,11,56,7,3,15,4
DR UR L FS U D R,2,11,56,7,3,15,4
DR UR L FS U R D,2,11,56,7,3,13,3
DR UR R FS D L U,2,11,56,7,3,11,2
DR UR R FS D U L,2,11,56,7,3,13,4
DR UR R FS U D L,2,11,56,7,3,13,4
DR UR R FS U L D,2,11,56,7,3,11,2
DR UR R U FS D L,2,11,56,7,3,11,2
DR UR R U FS L D,2,11,56,7,3,11,2
DR UR U FS L D R,2,11,56,7,3,11,2
DR UR U FS L R D,2,11,56,7,3,13,4
DR UR U FS R D L,2,11,56,7,3,11,2
DR UR U FS R L D,2,11,56,7,3,13,4
DR UR U R FS D L,2,11,56,7,3,11,2
DR UR U R FS L D,2,11,56,7,3,11,2
FS DR D L UR R U,2,11,56,7,3,12,3
FS DR D L UR U R,2,11,56,7,3,12,3
FS DR D UR L R U,2,11,56,7,3,16,4
FS DR D UR L U R,2,11,56,7,3,14,3
FS DR D UR R L U,2,11,56,7,3,14,4
FS DR D UR R U L,2,11,56,7,3,12,3
FS DR L D UR R U,2,11,56,7,3,14,3
FS DR L D UR U R,2,11,56,7,3,14,3
FS DR L UR D R U,2,11,56,7,3,16,3
FS DR L UR D U R,2,11,56,7,3,18,4
FS DR L UR U D R,2,11,56,7,3,16,4
FS DR L UR U R D,2,11,56,7,3,14,3
FS DR UR D L R U,2,11,56,7,3,16,4
FS DR UR D L U R,2,11,56,7,3,14,3
FS DR UR D R L U,2,11,56,7,3,16,4
FS DR UR D R U L,2,11,56,7,3,14,3
FS DR UR L D R U,2,11,56,7,3,14,3
FS DR UR L D U R,2,11,56,7,3,16,4
FS DR UR L U D R,2,11,56,7,3,16,4
FS DR UR L U R D,2,11,56,7,3,14,3
FS DR UR R D L U,2,11,56,7,3,12,3
FS DR UR R D U L,2,11,56,7,3,14,4
FS DR UR R U D L,2,11,56,7,3,14,4
FS DR UR R U L D,2,11,56,7,3,12,3
FS DR UR U L D R,2,11,56,7,3,12,3
FS DR UR U L R D,2,11,56,7,3,14,4
FS DR UR U R D L,2,11,56,7,3,12,3
FS DR UR U R L D,2,11,56,7,3,14,4
FS L DR D UR R U,2,11,56,7,3,12,3
FS L DR D UR U R,2,11,56,7,3,12,3
FS L DR UR D R U,2,11,56,7,3,14,3
FS L DR UR D U R,2,11,56,7,3,16,4
FS L DR UR U D R,2,11,56,7,3,14,4
FS L DR UR U R D,2,11,56,7,3,12,3
FS L UR DR D R U,2,11,56,7,3,12,3
FS L UR DR D U R,2,11,56,7,3,14,4
FS L UR DR U D R,2,11,56,7,3,16,4
FS L UR DR U R D,2,11,56,7,3,14,3
FS L UR U DR D R,2,11,56,7,3,12,3
FS L UR U DR R D,2,11,56,7,3,12,3
FS UR DR D L R U,2,11,56,7,3,12,4
FS UR DR D L U R,2,11,56,7,3,10,2
FS UR DR D R L U,2,11,56,7,3,12,4
FS UR DR D R U L,2,11,56,7,3,10,2
FS UR DR L D R U,2,11,56,7,3,12,3
FS UR DR L D U R,2,11,56,7,3,14,4
FS UR DR L U D R,2,11,56,7,3,14,4
FS UR DR L U R D,2,11,56,7,3,12,3
FS UR DR R D L U,2,11,56,7,3,10,2
FS UR DR R D U L,2,11,56,7,3,12,4
FS UR DR R U D L,2,11,56,7,3,12,4
FS UR DR R U L D,2,11,56,7,3,10,2
FS UR DR U L D R,2,11,56,7,3,12,3
FS UR DR U L R D,2,11,56,7,3,14,4
FS UR DR U R D L,2,11,56,7,3,12,3
FS UR DR U R L D,2,11,56,7,3,14,4
FS UR L DR D R U,2,11,56,7,3,12,3
FS UR L DR D U R,2,11,56,7,3,14,4
FS UR L DR U D R,2,11,56,7,3,16,4
FS UR L DR U R D,2,11,56,7,3,14,3
FS UR L U DR D R,2,11,56,7,3,12,3
FS UR L U DR R D,2,11,56,7,3,12,3
FS UR U DR L D R,2,11,56,7,3,12,3
FS UR U DR L R D,2,11,56,7,3,14,4
FS UR U DR R D L,2,11,56,7,3,10,3
FS UR U DR R L D,2,11,56,7,3,12,4
FS UR U L DR D R,2,11,56,7,3,10,3
FS UR U L DR R D,2,11,56,7,3,10,3
L DR D FS UR R U,2,11,56,7,3,10,3
L DR D FS UR U R,2,11,56,7,3,10,3
L DR D UR FS R U,2,11,56,7,3,12,3
L DR D UR FS U R,2,11,56,7,3,12,3
L DR FS D UR R U,2,11,56,7,3,14,3
L DR FS D UR U R,2,11,56,7,3,14,3
L DR FS UR D R U,2,11,56,7,3,14,3
L DR FS UR D U R,2,11,56,7,3,16,4
L DR FS UR U D R,2,11,56,7,3,14,4
L DR FS UR U R D,2,11,56,7,3,12,3
L DR UR D FS R U,2,11,56,7,3,14,3
L DR UR D FS U R,2,11,56,7,3,14,3
L DR UR FS D R U,2,11,56,7,3,12,3
L DR UR FS D U R,2,11,56,7,3,14,4
L DR UR FS U D R,2,11,56,7,3,14,4
L DR UR FS U R D,2,11,56,7,3,12,3
L FS DR D UR R U,2,11,56,7,3,12,3
L FS DR D UR U R,2,11,56,7,3,12,3
L FS DR UR D R U,2,11,56,7,3,14,3
L FS DR UR D U R,2,11,56,7,3,16,4
L FS DR UR U D R,2,11,56,7,3,14,4
L FS DR UR U R D,2,11,56,7,3,12,3
L FS UR DR D R U,2,11,56,7,3,10,2
L FS UR DR D U R,2,11,56,7,3,12,4
L FS UR DR U D R,2,11,56,7,3,14,4
L FS UR DR U R D,2,11,56,7,3,12,3
L FS UR U DR D R,2,11,56,7,3,10,3
L FS UR U DR R D,2,11,56,7,3,10,3
L UR DR D FS R U,2,11,56,7,3,12,3
L UR DR D FS U R,2,11,56,7,3,12,3
L UR DR FS D R U,2,11,56,7,3,14,3
L UR DR FS D U R,2,11,56,7,3,16,4
L UR DR FS U D R,2,11,56,7,3,16,4
L UR DR FS U R D,2,11,56,7,3,14,3
L UR FS DR D R U,2,11,56,7,3,12,3
L UR FS DR D U R,2,11,56,7,3,14,4
L UR FS DR U D R,2,11,56,7,3,16,4
L UR FS DR U R D,2,11,56,7,3,14,3
L UR FS U DR D R,2,11,56,7,3,12,3
L UR FS U DR R D,2,11,56,7,3,12,3
UR DR D FS L R U,2,11,56,7,3,13,4
UR DR D FS L U R,2,11,56,7,3,11,2
UR DR D FS R L U,2,11,56,7,3,13,4
UR DR D FS R U L,2,11,56,7,3,11,2
UR DR D L FS R U,2,11,56,7,3,11,2
UR DR D L FS U R,2,11,56,7,3,11,2
UR DR FS D L R U,2,11,56,7,3,15,4
UR DR FS D L U R,2,11,56,7,3,13,3
UR DR FS D R L U,2,11,56,7,3,15,4
UR DR FS D R U L,2,11,56,7,3,13,3
UR DR FS L D R U,2,11,56,7,3,13,3
UR DR FS L D U R,2,11,56,7,3,15,4
UR DR FS L U D R,2,11,56,7,3,15,4
UR DR FS L U R D,2,11,56,7,3,13,3
UR DR FS R D L U,2,11,56,7,3,13,3
UR DR FS R D U L,2,11,56,7,3,15,4
UR DR FS R U D L,2,11,56,7,3,15,4
UR DR FS R U L D,2,11,56,7,3,13,3
UR DR FS U L D R,2,11,56,7,3,13,3
UR DR FS U L R D,2,11,56,7,3,15,4
UR DR FS U R D L,2,11,56,7,3,13,3
UR DR FS U R L D,2,11,56,7,3,15,4
UR DR L D FS R U,2,11,56,7,3,13,3
UR DR L D FS U R,2,11,56,7,3,13,3
UR DR L FS D R U,2,11,56,7,3,13,3
UR DR L FS D U R,2,11,56,7,3,15,4
UR DR L FS U D R,2,11,56,7,3,15,4
UR DR L FS U R D,2,11,56,7,3,13,3
UR DR R FS D L U,2,11,56,7,3,11,2
UR DR R FS D U L,2,11,56,7,3,13,4
UR DR R FS U D L,2,11,56,7,3,13,4
UR DR R FS U L D,2,11,56,7,3,11,2
UR DR R U FS D L,2,11,56,7,3,11,2
UR DR R U FS L D,2,11,56,7,3,11,2
UR DR U FS L D R,2,11,56,7,3,13,3
UR DR U FS L R D,2,11,56,7,3,15,4
UR DR U FS R D L,2,11,56,7,3,13,3
UR DR U FS R L D,2,11,56,7,3,15,4
UR DR U R FS D L,2,11,56,7,3,13,3
UR DR U R FS L D,2,11,56,7,3,13,3
UR FS DR D L R U,2,11,56,7,3,13,4
UR FS DR D L U R,2,11,56,7,3,11,3
UR FS DR D R L U,2,11,56,7,3,13,4
UR FS DR D R U L,2,11,56,7,3,11,3
UR FS DR L D R U,2,11,56,7,3,13,3
UR FS DR L D U R,2,11,56,7,3,15,4
UR FS DR L U D R,2,11,56,7,3,15,4
UR FS DR L U R D,2,11,56,7,3,13,3
UR FS DR R D L U,2,11,56,7,3,11,3
UR FS DR R D U L,2,11,56,7,3,13,4
UR FS DR R U D L,2,11,56,7,3,13,4
UR FS DR R U L D,2,11,56,7,3,11,3
UR FS DR U L D R,2,11,56,7,3,13,3
UR FS DR U L R D,2,11,56,7,3,15,4
UR FS DR U R D L,2,11,56,7,3,13,3
UR FS DR U R L D,2,11,56,7,3,15,4
UR FS L DR D R U,2,11,56,7,3,11,3
UR FS L DR D U R,2,11,56,7,3,13,4
UR FS L DR U D R,2,11,56,7,3,15,4
UR FS L DR U R D,2,11,56,7,3,13,3
UR FS L U DR D R,2,11,56,7,3,11,3
UR FS L U DR R D,2,11,56,7,3,11,3
UR FS U DR L D R,2,11,56,7,3,13,3
UR FS U DR L R D,2,11,56,7,3,15,4
UR FS U DR R D L,2,11,56,7,3,11,3
UR FS U DR R L D,2,11,56,7,3,13,4
UR FS U L DR D R,2,11,56,7,3,11,3
UR FS U L DR R D,2,11,56,7,3,11,3
UR L DR D FS R U,2,11,56,7,3,13,3
UR L DR D FS U R,2,11,56,7,3,13,3
UR L DR FS D R U,2,11,56,7,3,15,3
UR L DR FS D U R,2,11,56,7,3,17,4
UR L DR FS U D R,2,11,56,7,3,17,4
UR L DR FS U R D,2,11,56,7,3,15,3
UR L FS DR D R U,2,11,56,7,3,13,3
UR L FS DR D U R,2,11,56,7,3,15,4
UR L FS DR U D R,2,11,56,7,3,17,4
UR L FS DR U R D,2,11,56,7,3,15,3
UR L FS U DR D R,2,11,56,7,3,13,3
UR L FS U DR R D,2,11,56,7,3,13,3
UR U DR FS L D R,2,11,56,7,3,13,3
UR U DR FS L R D,2,11,56,7,3,15,4
UR U DR FS R D L,2,11,56,7,3,13,3
UR U DR FS R L D,2,11,56,7,3,15,4
UR U DR R FS D L,2,11,56,7,3,11,3
UR U DR R FS L D,2,11,56,7,3,11,3
UR U FS DR L D R,2,11,56,7,3,13,3
UR U FS DR L R D,2,11,56,7,3,15,4
UR U FS DR R D L,2,11,56,7,3,11,3
UR U FS DR R L D,2,11,56,7,3,13,4
UR U FS L DR D R,2,11,56,7,3,11,3
UR U FS L DR R D,2,11,56,7,3,11,3
D L UR R U FS DR,2,12,56,9,3,13,3
D L UR U FS R DR,2,12,56,9,3,11,3
D L UR U R FS DR,2,12,56,9,3,13,3
D UR L R U FS DR,2,12,56,9,3,17,4
D UR L U FS R DR,2,12,56,9,3,13,3
D UR L U R FS DR,2,12,56,9,3,15,3
D UR R L U FS DR,2,12,56,9,3,15,4
D UR R U L FS DR,2,12,56,9,3,13,3
D UR U L FS R DR,2,12,56,9,3,11,3
D UR U L R FS DR,2,12,56,9,3,15,4
D UR U R L FS DR,2,12,56,9,3,15,4
L D UR R U FS DR,2,12,56,9,3,13,3
L D UR U FS R DR,2,12,56,9,3,11,3
L D UR U R FS DR,2,12,56,9,3,13,3
L UR D R U FS DR,2,12,56,9,3,15,3
L UR D U FS R DR,2,12,56,9,3,15,4
L UR D U R FS DR,2,12,56,9,3,17,4
L UR U D FS R DR,2,12,56,9,3,13,4
L UR U D R FS DR,2,12,56,9,3,15,4
L UR U FS D R DR,2,12,56,9,3,11,3
UR D L R U FS DR,2,12,56,9,3,16,4
UR D L U FS R DR,2,12,56,9,3,12,3
UR D L U R FS DR,2,12,56,9,3,14,3
UR D R L U FS DR,2,12,56,9,3,16,4
UR D R U L FS DR,2,12,56,9,3,14,3
UR D U L FS R DR,2,12,56,9,3,14,4
UR D U L R FS DR,2,12,56,9,3,18,4
UR D U R L FS DR,2,12,56,9,3,18,4
UR L D R U FS DR,2,12,56,9,3,14,3
UR L D U FS R DR,2,12,56,9,3,14,4
UR L D U R FS DR,2,12,56,9,3,16,4
UR L U D FS R DR,2,12,56,9,3,14,4
UR L U D R FS DR,2,12,56,9,3,16,4
UR L U FS D R DR,2,12,56,9,3,12,3
UR U D L FS R DR,2,12,56,9,3,12,4
UR U D L R FS DR,2,12,56,9,3,16,4
UR U D R L FS DR,2,12,56,9,3,16,4
UR U L D FS R DR,2,12,56,9,3,10,2
UR U L D R FS DR,2,12,56,9,3,12,3
UR U L FS D R DR,2,12,56,9,3,10,2
D DR FS L UR R U,2,12,57,7,3,12,3
D DR FS L UR U R,2,12,57,7,3,12,3
D DR FS UR L R U,2,12,57,7,3,14,4
D DR FS UR L U R,2,12,57,7,3,12,3
D DR FS UR R L U,2,12,57,7,3,12,4
D DR FS UR R U L,2,12,57,7,3,10,3
D DR L FS UR R U,2,12,57,7,3,10,3
D DR L FS UR U R,2,12,57,7,3,10,3
D DR L UR FS R U,2,12,57,7,3,12,3
D DR L UR FS U R,2,12,57,7,3,12,3
D DR UR FS L R U,2,12,57,7,3,12,4
D DR UR FS L U R,2,12,57,7,3,10,2
D DR UR FS R L U,2,12,57,7,3,12,4
D DR UR FS R U L,2,12,57,7,3,10,2
D DR UR L FS R U,2,12,57,7,3,12,3
D DR UR L FS U R,2,12,57,7,3,12,3
D FS DR L UR R U,2,12,57,7,3,14,3
D FS DR L UR U R,2,12,57,7,3,14,3
D FS DR UR L R U,2,12,57,7,3,16,4
D FS DR UR L U R,2,12,57,7,3,14,3
D FS DR UR R L U,2,12,57,7,3,14,4
D FS DR UR R U L,2,12,57,7,3,12,3
D FS UR DR L R U,2,12,57,7,3,14,4
D FS UR DR L U R,2,12,57,7,3,12,3
D FS UR DR R L U,2,12,57,7,3,12,4
D FS UR DR R U L,2,12,57,7,3,10,2
D UR DR FS L R U,2,12,57,7,3,16,4
D UR DR FS L U R,2,12,57,7,3,14,3
D UR DR FS R L U,2,12,57,7,3,16,4
D UR DR FS R U L,2,12,57,7,3,14,3
D UR DR L FS R U,2,12,57,7,3,14,3
D UR DR L FS U R,2,12,57,7,3,14,3
D UR FS DR L R U,2,12,57,7,3,16,4
D UR FS DR L U R,2,12,57,7,3,14,3
D UR FS DR R L U,2,12,57,7,3,14,4
D UR FS DR R U L,2,12,57,7,3,12,3
FS D DR L UR R U,2,12,57,7,3,12,3
FS D DR L UR U R,2,12,57,7,3,12,3
FS D DR UR L R U,2,12,57,7,3,14,4
FS D DR UR L U R,2,12,57,7,3,12,3
FS D DR UR R L U,2,12,57,7,3,12,4
FS D DR UR R U L,2,12,57,7,3,10,2
FS D UR DR L R U,2,12,57,7,3,16,4
FS D UR DR L U R,2,12,57,7,3,14,3
FS D UR DR R L U,2,12,57,7,3,14,4
FS D UR DR R U L,2,12,57,7,3,12,3
FS UR D DR L R U,2,12,57,7,3,14,4
FS UR D DR L U R,2,12,57,7,3,12,3
FS UR D DR R L U,2,12,57,7,3,12,4
FS UR D DR R U L,2,12,57,7,3,10,3
UR D DR FS L R U,2,12,57,7,3,15,4
UR D DR FS L U R,2,12,57,7,3,13,3
UR D DR FS R L U,2,12,57,7,3,15,4
UR D DR FS R U L,2,12,57,7,3,13,3
UR D DR L FS R U,2,12,57,7,3,13,3
UR D DR L FS U R,2,12,57,7,3,13,3
UR D FS DR L R U,2,12,57,7,3,17,4
UR D FS DR L U R,2,12,57,7,3,15,3
UR D FS DR R L U,2,12,57,7,3,15,4
UR D FS DR R U L,2,12,57,7,3,13,3
UR FS D DR L R U,2,12,57,7,3,13,4
UR FS D DR L U R,2,12,57,7,3,11,3
UR FS D DR R L U,2,12,57,7,3,11,4
UR FS D DR R U L,2,12,57,7,3,9,2
DR D FS U UR L R,2,11,57,8,3,13,4
DR D FS U UR R L,2,11,57,8,3,11,4
DR D L R UR FS U,2,11,57,8,3,11,4
DR D L U UR FS R,2,11,57,8,3,9,2
DR D R L UR FS U,2,11,57,8,3,13,4
DR D R UR FS L U,2,11,57,8,3,9,2
DR D R UR FS U L,2,11,57,8,3,9,2
DR D R UR L FS U,2,11,57,8,3,11,3
DR D R UR U FS L,2,11,57,8,3,9,2
DR D U FS UR L R,2,11,57,8,3,15,4
DR D U FS UR R L,2,11,57,8,3,13,4
DR D U L UR FS R,2,11,57,8,3,13,4
DR D U UR FS L R,2,11,57,8,3,13,4
DR D U UR FS R L,2,11,57,8,3,13,4
DR D U UR L FS R,2,11,57,8,3,13,4
DR D U UR R FS L,2,11,57,8,3,11,4
DR FS D U UR L R,2,11,57,8,3,17,4
DR FS D U UR R L,2,11,57,8,3,15,4
DR FS L R UR D U,2,11,57,8,3,17,4
DR FS L R UR U D,2,11,57,8,3,15,4
DR FS R L UR D U,2,11,57,8,3,19,4
DR FS R L UR U D,2,11,57,8,3,17,4
DR FS R UR L D U,2,11,57,8,3,15,4
DR FS R UR L U D,2,11,57,8,3,15,4
DR FS U D UR L R,2,11,57,8,3,19,4
DR FS U D UR R L,2,11,57,8,3,17,4
DR FS U UR D L R,2,11,57,8,3,15,4
DR FS U UR D R L,2,11,57,8,3,15,4
DR L D R UR FS U,2,11,57,8,3,11,3
DR L D U UR FS R,2,11,57,8,3,13,4
DR L FS R UR D U,2,11,57,8,3,15,4
DR L FS R UR U D,2,11,57,8,3,13,4
DR L R D UR FS U,2,11,57,8,3,15,4
DR L R FS UR D U,2,11,57,8,3,17,4
DR L R FS UR U D,2,11,57,8,3,15,4
DR L R UR D FS U,2,11,57,8,3,15,4
DR L R UR FS D U,2,11,57,8,3,15,4
DR L R UR FS U D,2,11,57,8,3,15,4
DR L R UR U FS D,2,11,57,8,3,13,4
DR L U D UR FS R,2,11,57,8,3,15,4
DR L U UR D FS R,2,11,57,8,3,13,3
DR L U UR FS D R,2,11,57,8,3,11,3
DR L U UR FS R D,2,11,57,8,3,11,3
DR L U UR R FS D,2,11,57,8,3,11,3
DR R D L UR FS U,2,11,57,8,3,11,3
DR R D UR FS L U,2,11,57,8,3,11,3
DR R D UR FS U L,2,11,57,8,3,11,3
DR R D UR L FS U,2,11,57,8,3,13,3
DR R D UR U FS L,2,11,57,8,3,11,3
DR R FS L UR D U,2,11,57,8,3,15,4
DR R FS L UR U D,2,11,57,8,3,13,4
DR R FS UR L D U,2,11,57,8,3,13,4
DR R FS UR L U D,2,11,57,8,3,13,4
DR R L D UR FS U,2,11,57,8,3,13,4
DR R L FS UR D U,2,11,57,8,3,15,4
DR R L FS UR U D,2,11,57,8,3,13,4
DR R L UR D FS U,2,11,57,8,3,15,4
DR R L UR FS D U,2,11,57,8,3,15,4
DR R L UR FS U D,2,11,57,8,3,15,4
DR R L UR U FS D,2,11,57,8,3,13,4
DR R UR D FS L U,2,11,57,8,3,11,3
DR R UR D FS U L,2,11,57,8,3,11,3
DR R UR D L FS U,2,11,57,8,3,11,3
DR R UR D U FS L,2,11,57,8,3,13,4
DR R UR FS L D U,2,11,57,8,3,11,4
DR R UR FS L U D,2,11,57,8,3,11,4
DR R UR L D FS U,2,11,57,8,3,11,3
DR R UR L FS D U,2,11,57,8,3,13,4
DR R UR L FS U D,2,11,57,8,3,13,4
DR R UR L U FS D,2,11,57,8,3,11,3
DR R UR U D FS L,2,11,57,8,3,11,4
DR R UR U L FS D,2,11,57,8,3,9,2
DR U D FS UR L R,2,11,57,8,3,17,4
DR U D FS UR R L,2,11,57,8,3,15,4
DR U D L UR FS R,2,11,57,8,3,15,4
DR U D UR FS L R,2,11,57,8,3,17,4
DR U D UR FS R L,2,11,57,8,3,17,4
DR U D UR L FS R,2,11,57,8,3,17,4
DR U D UR R FS L,2,11,57,8,3,15,4
DR U FS D UR L R,2,11,57,8,3,17,4
DR U FS D UR R L,2,11,57,8,3,15,4
DR U FS UR D L R,2,11,57,8,3,15,4
DR U FS UR D R L,2,11,57,8,3,15,4
DR U L D UR FS R,2,11,57,8,3,13,3
DR U L UR D FS R,2,11,57,8,3,15,3
DR U L UR FS D R,2,11,57,8,3,13,3
DR U L UR FS R D,2,11,57,8,3,13,3
DR U L UR R FS D,2,11,57,8,3,13,3
DR U UR D FS L R,2,11,57,8,3,15,4
DR U UR D FS R L,2,11,57,8,3,15,4
DR U UR D L FS R,2,11,57,8,3,13,3
DR U UR D R FS L,2,11,57,8,3,13,3
DR U UR FS D L R,2,11,57,8,3,13,4
DR U UR FS D R L,2,11,57,8,3,13,4
DR U UR L D FS R,2,11,57,8,3,13,3
DR U UR L FS D R,2,11,57,8,3,13,3
DR U UR L FS R D,2,11,57,8,3,13,3
DR U UR L R FS D,2,11,57,8,3,15,4
DR U UR R D FS L,2,11,57,8,3,11,3
DR U UR R L FS D,2,11,57,8,3,13,4
FS DR D U UR L R,2,11,57,8,3,16,4
FS DR D U UR R L,2,11,57,8,3,14,4
FS DR L R UR D U,2,11,57,8,3,18,4
FS DR L R UR U D,2,11,57,8,3,16,4
FS DR R L UR D U,2,11,57,8,3,18,4
FS DR R L UR U D,2,11,57,8,3,16,4
FS DR R UR L D U,2,11,57,8,3,14,4
FS DR R UR L U D,2,11,57,8,3,14,4
FS DR U D UR L R,2,11,57,8,3,20,4
FS DR U D UR R L,2,11,57,8,3,18,4
FS DR U UR D L R,2,11,57,8,3,16,4
FS DR U UR D R L,2,11,57,8,3,16,4
FS L DR R UR D U,2,11,57,8,3,14,4
FS L DR R UR U D,2,11,57,8,3,12,4
FS L R DR UR D U,2,11,57,8,3,16,4
FS L R DR UR U D,2,11,57,8,3,14,4
FS R DR L UR D U,2,11,57,8,3,16,4
FS R DR L UR U D,2,11,57,8,3,14,4
FS R DR UR L D U,2,11,57,8,3,14,4
FS R DR UR L U D,2,11,57,8,3,14,4
FS R L DR UR D U,2,11,57,8,3,18,4
FS R L DR UR U D,2,11,57,8,3,16,4
FS U DR D UR L R,2,11,57,8,3,16,4
FS U DR D UR R L,2,11,57,8,3,14,4
FS U DR UR D L R,2,11,57,8,3,16,4
FS U DR UR D R L,2,11,57,8,3,16,4
FS U UR DR D L R,2,11,57,8,3,12,4
FS U UR DR D R L,2,11,57,8,3,12,4
L DR D R UR FS U,2,11,57,8,3,10,3
L DR D U UR FS R,2,11,57,8,3,12,4
L DR FS R UR D U,2,11,57,8,3,16,4
L DR FS R UR U D,2,11,57,8,3,14,4
L DR R D UR FS U,2,11,57,8,3,12,3
L DR R FS UR D U,2,11,57,8,3,14,4
L DR R FS UR U D,2,11,57,8,3,12,4
L DR R UR D FS U,2,11,57,8,3,12,3
L DR R UR FS D U,2,11,57,8,3,12,4
L DR R UR FS U D,2,11,57,8,3,12,4
L DR R UR U FS D,2,11,57,8,3,10,3
L DR U D UR FS R,2,11,57,8,3,16,4
L DR U UR D FS R,2,11,57,8,3,14,3
L DR U UR FS D R,2,11,57,8,3,12,3
L DR U UR FS R D,2,11,57,8,3,12,3
L DR U UR R FS D,2,11,57,8,3,12,3
L FS DR R UR D U,2,11,57,8,3,14,4
L FS DR R UR U D,2,11,57,8,3,12,4
L FS R DR UR D U,2,11,57,8,3,14,4
L FS R DR UR U D,2,11,57,8,3,12,4
L R DR D UR FS U,2,11,57,8,3,12,4
L R DR FS UR D U,2,11,57,8,3,16,4
L R DR FS UR U D,2,11,57,8,3,14,4
L R DR UR D FS U,2,11,57,8,3,14,4
L R DR UR FS D U,2,11,57,8,3,14,4
L R DR UR FS U D,2,11,57,8,3,14,4
L R DR UR U FS D,2,11,57,8,3,12,4
L R FS DR UR D U,2,11,57,8,3,18,4
L R FS DR UR U D,2,11,57,8,3,16,4
L U DR D UR FS R,2,11,57,8,3,12,3
L U DR UR D FS R,2,11,57,8,3,14,3
L U DR UR FS D R,2,11,57,8,3,12,3
L U DR UR FS R D,2,11,57,8,3,12,3
L U DR UR R FS D,2,11,57,8,3,12,3
L U UR DR D FS R,2,11,57,8,3,10,2
L U UR DR FS D R,2,11,57,8,3,12,3
L U UR DR FS R D,2,11,57,8,3,12,3
L U UR DR R FS D,2,11,57,8,3,10,2
L U UR FS DR D R,2,11,57,8,3,10,3
L U UR FS DR R D,2,11,57,8,3,10,3
R DR D L UR FS U,2,11,57,8,3,10,3
R DR D UR FS L U,2,11,57,8,3,10,3
R DR D UR FS U L,2,11,57,8,3,10,3
R DR D UR L FS U,2,11,57,8,3,12,3
R DR D UR U FS L,2,11,57,8,3,10,3
R DR FS L UR D U,2,11,57,8,3,16,4
R DR FS L UR U D,2,11,57,8,3,14,4
R DR FS UR L D U,2,11,57,8,3,14,4
R DR FS UR L U D,2,11,57,8,3,14,4
R DR L D UR FS U,2,11,57,8,3,12,3
R DR L FS UR D U,2,11,57,8,3,14,4
R DR L FS UR U D,2,11,57,8,3,12,4
R DR L UR D FS U,2,11,57,8,3,14,3
R DR L UR FS D U,2,11,57,8,3,14,4
R DR L UR FS U D,2,11,57,8,3,14,4
R DR L UR U FS D,2,11,57,8,3,12,3
R DR UR D FS L U,2,11,57,8,3,12,3
R DR UR D FS U L,2,11,57,8,3,12,3
R DR UR D L FS U,2,11,57,8,3,12,3
R DR UR D U FS L,2,11,57,8,3,14,4
R DR UR FS L D U,2,11,57,8,3,12,4
R DR UR FS L U D,2,11,57,8,3,12,4
R DR UR L D FS U,2,11,57,8,3,12,3
R DR UR L FS D U,2,11,57,8,3,14,4
R DR UR L FS U D,2,11,57,8,3,14,4
R DR UR L U FS D,2,11,57,8,3,12,3
R DR UR U D FS L,2,11,57,8,3,12,4
R DR UR U L FS D,2,11,57,8,3,10,2
R FS DR L UR D U,2,11,57,8,3,18,4
R FS DR L UR U D,2,11,57,8,3,16,4
R FS DR UR L D U,2,11,57,8,3,16,4
R FS DR UR L U D,2,11,57,8,3,16,4
R FS L DR UR D U,2,11,57,8,3,16,4
R FS L DR UR U D,2,11,57,8,3,14,4
R L DR D UR FS U,2,11,57,8,3,14,4
R L DR FS UR D U,2,11,57,8,3,18,4
R L DR FS UR U D,2,11,57,8,3,16,4
R L DR UR D FS U,2,11,57,8,3,16,4
R L DR UR FS D U,2,11,57,8,3,16,4
R L DR UR FS U D,2,11,57,8,3,16,4
R L DR UR U FS D,2,11,57,8,3,14,4
R L FS DR UR D U,2,11,57,8,3,18,4
R L FS DR UR U D,2,11,57,8,3,16,4
U DR D FS UR L R,2,11,57,8,3,14,4
U DR D FS UR R L,2,11,57,8,3,12,4
U DR D L UR FS R,2,11,57,8,3,12,3
U DR D UR FS L R,2,11,57,8,3,14,4
U DR D UR FS R L,2,11,57,8,3,14,4
U DR D UR L FS R,2,11,57,8,3,14,3
U DR D UR R FS L,2,11,57,8,3,12,3
U DR FS D UR L R,2,11,57,8,3,18,4
U DR FS D UR R L,2,11,57,8,3,16,4
U DR FS UR D L R,2,11,57,8,3,16,4
U DR FS UR D R L,2,11,57,8,3,16,4
U DR L D UR FS R,2,11,57,8,3,14,3
U DR L UR D FS R,2,11,57,8,3,16,3
U DR L UR FS D R,2,11,57,8,3,14,3
U DR L UR FS R D,2,11,57,8,3,14,3
U DR L UR R FS D,2,11,57,8,3,14,3
U DR UR D FS L R,2,11,57,8,3,16,4
U DR UR D FS R L,2,11,57,8,3,16,4
U DR UR D L FS R,2,11,57,8,3,14,3
U DR UR D R FS L,2,11,57,8,3,14,3
U DR UR FS D L R,2,11,57,8,3,14,4
U DR UR FS D R L,2,11,57,8,3,14,4
U DR UR L D FS R,2,11,57,8,3,14,3
U DR UR L FS D R,2,11,57,8,3,14,3
U DR UR L FS R D,2,11,57,8,3,14,3
U DR UR L R FS D,2,11,57,8,3,16,4
U DR UR R D FS L,2,11,57,8,3,12,3
U DR UR R L FS D,2,11,57,8,3,14,4
U FS DR D UR L R,2,11,57,8,3,16,4
U FS DR D UR R L,2,11,57,8,3,14,4
U FS DR UR D L R,2,11,57,8,3,16,4
U FS DR UR D R L,2,11,57,8,3,16,4
U FS UR DR D L R,2,11,57,8,3,12,4
U FS UR DR D R L,2,11,57,8,3,12,4
U L DR D UR FS R,2,11,57,8,3,12,3
U L DR UR D FS R,2,11,57,8,3,14,3
U L DR UR FS D R,2,11,57,8,3,12,3
U L DR UR FS R D,2,11,57,8,3,12,3
U L DR UR R FS D,2,11,57,8,3,12,3
U L UR DR D FS R,2,11,57,8,3,12,3
U L UR DR FS D R,2,11,57,8,3,14,3
U L UR DR FS R D,2,11,57,8,3,14,3
U L UR DR R FS D,2,11,57,8,3,12,3
U L UR FS DR D R,2,11,57,8,3,12,3
U L UR FS DR R D,2,11,57,8,3,12,3
U UR DR D FS L R,2,11,57,8,3,12,4
U UR DR D FS R L,2,11,57,8,3,12,4
U UR DR D L FS R,2,11,57,8,3,10,2
U UR DR D R FS L,2,11,57,8,3,10,2
U UR DR FS D L R,2,11,57,8,3,14,4
U UR DR FS D R L,2,11,57,8,3,14,4
U UR DR L D FS R,2,11,57,8,3,12,3
U UR DR L FS D R,2,11,57,8,3,12,3
U UR DR L FS R D,2,11,57,8,3,12,3
U UR DR L R FS D,2,11,57,8,3,14,4
U UR DR R D FS L,2,11,57,8,3,10,2
U UR DR R L FS D,2,11,57,8,3,12,4
U UR FS DR D L R,2,11,57,8,3,12,4
U UR FS DR D R L,2,11,57,8,3,12,4
U UR L DR D FS R,2,11,57,8,3,12,3
U UR L DR FS D R,2,11,57,8,3,14,3
U UR L DR FS R D,2,11,57,8,3,14,3
U UR L DR R FS D,2,11,57,8,3,12,3
U UR L FS DR D R,2,11,57,8,3,12,3
U UR L FS DR R D,2,11,57,8,3,12,3
DR D FS UR U L R,2,11,58,8,3,11,4
DR D FS UR U R L,2,11,58,8,3,11,4
DR D L UR R FS U,2,11,58,8,3,11,3
DR D L UR U FS R,2,11,58,8,3,11,3
DR D UR FS U L R,2,11,58,8,3,13,4
DR D UR FS U R L,2,11,58,8,3,13,4
DR D UR L R FS U,2,11,58,8,3,15,4
DR D UR L U FS R,2,11,58,8,3,13,3
DR D UR R FS L U,2,11,58,8,3,11,3
DR D UR R FS U L,2,11,58,8,3,11,3
DR D UR R L FS U,2,11,58,8,3,13,4
DR D UR R U FS L,2,11,58,8,3,11,3
DR D UR U FS L R,2,11,58,8,3,13,4
DR D UR U FS R L,2,11,58,8,3,13,4
DR D UR U L FS R,2,11,58,8,3,11,3
DR D UR U R FS L,2,11,58,8,3,11,3
DR FS D UR U L R,2,11,58,8,3,15,4
DR FS D UR U R L,2,11,58,8,3,15,4
DR FS L UR R D U,2,11,58,8,3,15,4
DR FS L UR R U D,2,11,58,8,3,15,4
DR FS UR D U L R,2,11,58,8,3,17,4
DR FS UR D U R L,2,11,58,8,3,17,4
DR FS UR L R D U,2,11,58,8,3,17,4
DR FS UR L R U D,2,11,58,8,3,17,4
DR FS UR R L D U,2,11,58,8,3,15,4
DR FS UR R L U D,2,11,58,8,3,15,4
DR FS UR U D L R,2,11,58,8,3,15,4
DR FS UR U D R L,2,11,58,8,3,15,4
DR L D UR R FS U,2,11,58,8,3,13,3
DR L D UR U FS R,2,11,58,8,3,13,3
DR L FS UR R D U,2,11,58,8,3,13,4
DR L FS UR R U D,2,11,58,8,3,13,4
DR L UR D R FS U,2,11,58,8,3,15,3
DR L UR D U FS R,2,11,58,8,3,17,4
DR L UR FS R D U,2,11,58,8,3,15,4
DR L UR FS R U D,2,11,58,8,3,15,4
DR L UR R D FS U,2,11,58,8,3,13,3
DR L UR R FS D U,2,11,58,8,3,15,4
DR L UR R FS U D,2,11,58,8,3,15,4
DR L UR R U FS D,2,11,58,8,3,13,3
DR L UR U D FS R,2,11,58,8,3,15,4
DR L UR U FS D R,2,11,58,8,3,13,3
DR L UR U FS R D,2,11,58,8,3,13,3
DR L UR U R FS D,2,11,58,8,3,13,3
DR UR D FS U L R,2,11,58,8,3,15,4
DR UR D FS U R L,2,11,58,8,3,15,4
DR UR D L R FS U,2,11,58,8,3,15,4
DR UR D L U FS R,2,11,58,8,3,13,3
DR UR D R FS L U,2,11,58,8,3,13,3
DR UR D R FS U L,2,11,58,8,3,13,3
DR UR D R L FS U,2,11,58,8,3,15,4
DR UR D R U FS L,2,11,58,8,3,13,3
DR UR D U FS L R,2,11,58,8,3,17,4
DR UR D U FS R L,2,11,58,8,3,17,4
DR UR D U L FS R,2,11,58,8,3,15,4
DR UR D U R FS L,2,11,58,8,3,15,4
DR UR FS D U L R,2,11,58,8,3,15,4
DR UR FS D U R L,2,11,58,8,3,15,4
DR UR FS L R D U,2,11,58,8,3,15,4
DR UR FS L R U D,2,11,58,8,3,15,4
DR UR FS R L D U,2,11,58,8,3,15,4
DR UR FS R L U D,2,11,58,8,3,15,4
DR UR FS U D L R,2,11,58,8,3,15,4
DR UR FS U D R L,2,11,58,8,3,15,4
DR UR L D R FS U,2,11,58,8,3,13,3
DR UR L D U FS R,2,11,58,8,3,15,4
DR UR L FS R D U,2,11,58,8,3,15,4
DR UR L FS R U D,2,11,58,8,3,15,4
DR UR L R D FS U,2,11,58,8,3,15,4
DR UR L R FS D U,2,11,58,8,3,17,4
DR UR L R FS U D,2,11,58,8,3,17,4
DR UR L R U FS D,2,11,58,8,3,15,4
DR UR L U D FS R,2,11,58,8,3,15,4
DR UR L U FS D R,2,11,58,8,3,13,3
DR UR L U FS R D,2,11,58,8,3,13,3
DR UR L U R FS D,2,11,58,8,3,13,3
DR UR R D FS L U,2,11,58,8,3,11,2
DR UR R D FS U L,2,11,58,8,3,11,2
DR UR R D L FS U,2,11,58,8,3,11,2
DR UR R D U FS L,2,11,58,8,3,13,4
DR UR R FS L D U,2,11,58,8,3,13,4
DR UR R FS L U D,2,11,58,8,3,13,4
DR UR R L D FS U,2,11,58,8,3,13,4
DR UR R L FS D U,2,11,58,8,3,15,4
DR UR R L FS U D,2,11,58,8,3,15,4
DR UR R L U FS D,2,11,58,8,3,13,4
DR UR R U D FS L,2,11,58,8,3,13,4
DR UR R U L FS D,2,11,58,8,3,11,2
DR UR U D FS L R,2,11,58,8,3,15,4
DR UR U D FS R L,2,11,58,8,3,15,4
DR UR U D L FS R,2,11,58,8,3,13,4
DR UR U D R FS L,2,11,58,8,3,13,4
DR UR U FS D L R,2,11,58,8,3,13,4
DR UR U FS D R L,2,11,58,8,3,13,4
DR UR U L D FS R,2,11,58,8,3,11,2
DR UR U L FS D R,2,11,58,8,3,11,2
DR UR U L FS R D,2,11,58,8,3,11,2
DR UR U L R FS D,2,11,58,8,3,13,4
DR UR U R D FS L,2,11,58,8,3,11,2
DR UR U R L FS D,2,11,58,8,3,13,4
FS DR D UR U L R,2,11,58,8,3,14,4
FS DR D UR U R L,2,11,58,8,3,14,4
FS DR L UR R D U,2,11,58,8,3,16,4
FS DR L UR R U D,2,11,58,8,3,16,4
FS DR UR D U L R,2,11,58,8,3,18,4
FS DR UR D U R L,2,11,58,8,3,18,4
FS DR UR L R D U,2,11,58,8,3,18,4
FS DR UR L R U D,2,11,58,8,3,18,4
FS DR UR R L D U,2,11,58,8,3,16,4
FS DR UR R L U D,2,11,58,8,3,16,4
FS DR UR U D L R,2,11,58,8,3,16,4
FS DR UR U D R L,2,11,58,8,3,16,4
FS L DR UR R D U,2,11,58,8,3,14,4
FS L DR UR R U D,2,11,58,8,3,14,4
FS L UR DR R D U,2,11,58,8,3,14,4
FS L UR DR R U D,2,11,58,8,3,14,4
FS UR DR D U L R,2,11,58,8,3,14,4
FS UR DR D U R L,2,11,58,8,3,14,4
FS UR DR L R D U,2,11,58,8,3,16,4
FS UR DR L R U D,2,11,58,8,3,16,4
FS UR DR R L D U,2,11,58,8,3,14,4
FS UR DR R L U D,2,11,58,8,3,14,4
FS UR DR U D L R,2,11,58,8,3,16,4
FS UR DR U D R L,2,11,58,8,3,16,4
FS UR L DR R D U,2,11,58,8,3,14,4
FS UR L DR R U D,2,11,58,8,3,14,4
FS UR U DR D L R,2,11,58,8,3,12,4
FS UR U DR D R L,2,11,58,8,3,12,4
L DR D UR R FS U,2,11,58,8,3,12,3
L DR D UR U FS R,2,11,58,8,3,12,3
L DR FS UR R D U,2,11,58,8,3,14,4
L DR FS UR R U D,2,11,58,8,3,14,4
L DR UR D R FS U,2,11,58,8,3,14,3
L DR UR D U FS R,2,11,58,8,3,16,4
L DR UR FS R D U,2,11,58,8,3,14,4
L DR UR FS R U D,2,11,58,8,3,14,4
L DR UR R D FS U,2,11,58,8,3,12,3
L DR UR R FS D U,2,11,58,8,3,14,4
L DR UR R FS U D,2,11,58,8,3,14,4
L DR UR R U FS D,2,11,58,8,3,12,3
L DR UR U D FS R,2,11,58,8,3,14,4
L DR UR U FS D R,2,11,58,8,3,12,3
L DR UR U FS R D,2,11,58,8,3,12,3
L DR UR U R FS D,2,11,58,8,3,12,3
L FS DR UR R D U,2,11,58,8,3,14,4
L FS DR UR R U D,2,11,58,8,3,14,4
L FS UR DR R D U,2,11,58,8,3,12,4
L FS UR DR R U D,2,11,58,8,3,12,4
L UR DR D R FS U,2,11,58,8,3,12,3
L UR DR D U FS R,2,11,58,8,3,14,4
L UR DR FS R D U,2,11,58,8,3,16,4
L UR DR FS R U D,2,11,58,8,3,16,4
L UR DR R D FS U,2,11,58,8,3,12,3
L UR DR R FS D U,2,11,58,8,3,14,4
L UR DR R FS U D,2,11,58,8,3,14,4
L UR DR R U FS D,2,11,58,8,3,12,3
L UR DR U D FS R,2,11,58,8,3,16,4
L UR DR U FS D R,2,11,58,8,3,14,3
L UR DR U FS R D,2,11,58,8,3,14,3
L UR DR U R FS D,2,11,58,8,3,14,3
L UR FS DR R D U,2,11,58,8,3,14,4
L UR FS DR R U D,2,11,58,8,3,14,4
L UR U DR D FS R,2,11,58,8,3,12,3
L UR U DR FS D R,2,11,58,8,3,14,3
L UR U DR FS R D,2,11,58,8,3,14,3
L UR U DR R FS D,2,11,58,8,3,12,3
L UR U FS DR D R,2,11,58,8,3,12,3
L UR U FS DR R D,2,11,58,8,3,12,3
UR DR D FS U L R,2,11,58,8,3,13,4
UR DR D FS U R L,2,11,58,8,3,13,4
UR DR D L R FS U,2,11,58,8,3,13,4
UR DR D L U FS R,2,11,58,8,3,11,2
UR DR D R FS L U,2,11,58,8,3,11,2
UR DR D R FS U L,2,11,58,8,3,11,2
UR DR D R L FS U,2,11,58,8,3,13,4
UR DR D R U FS L,2,11,58,8,3,11,2
UR DR D U FS L R,2,11,58,8,3,15,4
UR DR D U FS R L,2,11,58,8,3,15,4
UR DR D U L FS R,2,11,58,8,3,13,4
UR DR D U R FS L,2,11,58,8,3,13,4
UR DR FS D U L R,2,11,58,8,3,17,4
UR DR FS D U R L,2,11,58,8,3,17,4
UR DR FS L R D U,2,11,58,8,3,17,4
UR DR FS L R U D,2,11,58,8,3,17,4
UR DR FS R L D U,2,11,58,8,3,17,4
UR DR FS R L U D,2,11,58,8,3,17,4
UR DR FS U D L R,2,11,58,8,3,17,4
UR DR FS U D R L,2,11,58,8,3,17,4
UR DR L D R FS U,2,11,58,8,3,13,3
UR DR L D U FS R,2,11,58,8,3,15,4
UR DR L FS R D U,2,11,58,8,3,15,4
UR DR L FS R U D,2,11,58,8,3,15,4
UR DR L R D FS U,2,11,58,8,3,15,4
UR DR L R FS D U,2,11,58,8,3,17,4
UR DR L R FS U D,2,11,58,8,3,17,4
UR DR L R U FS D,2,11,58,8,3,15,4
UR DR L U D FS R,2,11,58,8,3,15,4
UR DR L U FS D R,2,11,58,8,3,13,3
UR DR L U FS R D,2,11,58,8,3,13,3
UR DR L U R FS D,2,11,58,8,3,13,3
UR DR R D FS L U,2,11,58,8,3,11,2
UR DR R D FS U L,2,11,58,8,3,11,2
UR DR R D L FS U,2,11,58,8,3,11,2
UR DR R D U FS L,2,11,58,8,3,13,4
UR DR R FS L D U,2,11,58,8,3,13,4
UR DR R FS L U D,2,11,58,8,3,13,4
UR DR R L D FS U,2,11,58,8,3,13,4
UR DR R L FS D U,2,11,58,8,3,15,4
UR DR R L FS U D,2,11,58,8,3,15,4
UR DR R L U FS D,2,11,58,8,3,13,4
UR DR R U D FS L,2,11,58,8,3,13,4
UR DR R U L FS D,2,11,58,8,3,11,2
UR DR U D FS L R,2,11,58,8,3,17,4
UR DR U D FS R L,2,11,58,8,3,17,4
UR DR U D L FS R,2,11,58,8,3,15,4
UR DR U D R FS L,2,11,58,8,3,15,4
UR DR U FS D L R,2,11,58,8,3,15,4
UR DR U FS D R L,2,11,58,8,3,15,4
UR DR U L D FS R,2,11,58,8,3,13,3
UR DR U L FS D R,2,11,58,8,3,13,3
UR DR U L FS R D,2,11,58,8,3,13,3
UR DR U L R FS D,2,11,58,8,3,15,4
UR DR U R D FS L,2,11,58,8,3,13,3
UR DR U R L FS D,2,11,58,8,3,15,4
UR FS DR D U L R,2,11,58,8,3,15,4
UR FS DR D U R L,2,11,58,8,3,15,4
UR FS DR L R D U,2,11,58,8,3,17,4
UR FS DR L R U D,2,11,58,8,3,17,4
UR FS DR R L D U,2,11,58,8,3,15,4
UR FS DR R L U D,2,11,58,8,3,15,4
UR FS DR U D L R,2,11,58,8,3,17,4
UR FS DR U D R L,2,11,58,8,3,17,4
UR FS L DR R D U,2,11,58,8,3,13,4
UR FS L DR R U D,2,11,58,8,3,13,4
UR FS U DR D L R,2,11,58,8,3,13,4
UR FS U DR D R L,2,11,58,8,3,13,4
UR L DR D R FS U,2,11,58,8,3,13,3
UR L DR D U FS R,2,11,58,8,3,15,4
UR L DR FS R D U,2,11,58,8,3,17,4
UR L DR FS R U D,2,11,58,8,3,17,4
UR L DR R D FS U,2,11,58,8,3,13,3
UR L DR R FS D U,2,11,58,8,3,15,4
UR L DR R FS U D,2,11,58,8,3,15,4
UR L DR R U FS D,2,11,58,8,3,13,3
UR L DR U D FS R,2,11,58,8,3,17,4
UR L DR U FS D R,2,11,58,8,3,15,3
UR L DR U FS R D,2,11,58,8,3,15,3
UR L DR U R FS D,2,11,58,8,3,15,3
UR L FS DR R D U,2,11,58,8,3,15,4
UR L FS DR R U D,2,11,58,8,3,15,4
UR L U DR D FS R,2,11,58,8,3,13,3
UR L U DR FS D R,2,11,58,8,3,15,3
UR L U DR FS R D,2,11,58,8,3,15,3
UR L U DR R FS D,2,11,58,8,3,13,3
UR L U FS DR D R,2,11,58,8,3,13,3
UR L U FS DR R D,2,11,58,8,3,13,3
UR U DR D FS L R,2,11,58,8,3,13,4
UR U DR D FS R L,2,11,58,8,3,13,4
UR U DR D L FS R,2,11,58,8,3,11,3
UR U DR D R FS L,2,11,58,8,3,11,3
UR U DR FS D L R,2,11,58,8,3,15,4
UR U DR FS D R L,2,11,58,8,3,15,4
UR U DR L D FS R,2,11,58,8,3,13,3
UR U DR L FS D R,2,11,58,8,3,13,3
UR U DR L FS R D,2,11,58,8,3,13,3
UR U DR L R FS D,2,11,58,8,3,15,4
UR U DR R D FS L,2,11,58,8,3,11,3
UR U DR R L FS D,2,11,58,8,3,13,4
UR U FS DR D L R,2,11,58,8,3,13,4
UR U FS DR D R L,2,11,58,8,3,13,4
UR U L DR D FS R,2,11,58,8,3,11,3
UR U L DR FS D R,2,11,58,8,3,13,3
UR U L DR FS R D,2,11,58,8,3,13,3
UR U L DR R FS D,2,11,58,8,3,11,3
UR U L FS DR D R,2,11,58,8,3,11,3
UR U L FS DR R D,2,11,58,8,3,11,3
D DR FS U UR L R,2,12,58,8,3,14,4
D DR FS U UR R L,2,12,58,8,3,12,4
D DR L R UR FS U,2,12,58,8,3,12,4
D DR L U UR FS R,2,12,58,8,3,10,3
D DR R L UR FS U,2,12,58,8,3,12,4
D DR R UR FS L U,2,12,58,8,3,8,2
D DR R UR FS U L,2,12,58,8,3,8,2
D DR R UR L FS U,2,12,58,8,3,10,3
D DR R UR U FS L,2,12,58,8,3,8,2
D DR U FS UR L R,2,12,58,8,3,14,4
D DR U FS UR R L,2,12,58,8,3,12,4
D DR U L UR FS R,2,12,58,8,3,12,3
D DR U UR FS L R,2,12,58,8,3,12,4
D DR U UR FS R L,2,12,58,8,3,12,4
D DR U UR L FS R,2,12,58,8,3,12,3
D DR U UR R FS L,2,12,58,8,3,10,3
D FS DR U UR L R,2,12,58,8,3,16,4
D FS DR U UR R L,2,12,58,8,3,14,4
D FS U DR UR L R,2,12,58,8,3,16,4
D FS U DR UR R L,2,12,58,8,3,14,4
D FS U UR DR L R,2,12,58,8,3,14,4
D FS U UR DR R L,2,12,58,8,3,12,4
D R DR L UR FS U,2,12,58,8,3,12,3
D R DR UR FS L U,2,12,58,8,3,10,2
D R DR UR FS U L,2,12,58,8,3,10,2
D R DR UR L FS U,2,12,58,8,3,12,3
D R DR UR U FS L,2,12,58,8,3,10,2
D R UR DR FS L U,2,12,58,8,3,12,3
D R UR DR FS U L,2,12,58,8,3,12,3
D R UR DR L FS U,2,12,58,8,3,12,3
D R UR DR U FS L,2,12,58,8,3,12,3
D U DR FS UR L R,2,12,58,8,3,18,4
D U DR FS UR R L,2,12,58,8,3,16,4
D U DR L UR FS R,2,12,58,8,3,16,4
D U DR UR FS L R,2,12,58,8,3,16,4
D U DR UR FS R L,2,12,58,8,3,16,4
D U DR UR L FS R,2,12,58,8,3,16,4
D U DR UR R FS L,2,12,58,8,3,14,4
D U FS DR UR L R,2,12,58,8,3,18,4
D U FS DR UR R L,2,12,58,8,3,16,4
D U FS UR DR L R,2,12,58,8,3,16,4
D U FS UR DR R L,2,12,58,8,3,14,4
D U UR DR FS L R,2,12,58,8,3,16,4
D U UR DR FS R L,2,12,58,8,3,16,4
D U UR DR L FS R,2,12,58,8,3,14,4
D U UR DR R FS L,2,12,58,8,3,12,4
D U UR FS DR L R,2,12,58,8,3,16,4
D U UR FS DR R L,2,12,58,8,3,14,4
FS D DR U UR L R,2,12,58,8,3,14,4
FS D DR U UR R L,2,12,58,8,3,12,4
FS D U DR UR L R,2,12,58,8,3,18,4
FS D U DR UR R L,2,12,58,8,3,16,4
FS D U UR DR L R,2,12,58,8,3,16,4
FS D U UR DR R L,2,12,58,8,3,14,4
FS U D DR UR L R,2,12,58,8,3,16,4
FS U D DR UR R L,2,12,58,8,3,14,4
FS U D UR DR L R,2,12,58,8,3,18,4
FS U D UR DR R L,2,12,58,8,3,16,4
FS U UR D DR L R,2,12,58,8,3,14,4
FS U UR D DR R L,2,12,58,8,3,12,4
R D DR L UR FS U,2,12,58,8,3,12,3
R D DR UR FS L U,2,12,58,8,3,10,2
R D DR UR FS U L,2,12,58,8,3,10,2
R D DR UR L FS U,2,12,58,8,3,12,3
R D DR UR U FS L,2,12,58,8,3,10,2
R D UR DR FS L U,2,12,58,8,3,14,3
R D UR DR FS U L,2,12,58,8,3,14,3
R D UR DR L FS U,2,12,58,8,3,14,3
R D UR DR U FS L,2,12,58,8,3,14,3
U D DR FS UR L R,2,12,58,8,3,16,4
U D DR FS UR R L,2,12,58,8,3,14,4
U D DR L UR FS R,2,12,58,8,3,14,4
U D DR UR FS L R,2,12,58,8,3,14,4
U D DR UR FS R L,2,12,58,8,3,14,4
U D DR UR L FS R,2,12,58,8,3,14,4
U D DR UR R FS L,2,12,58,8,3,12,4
U D FS DR UR L R,2,12,58,8,3,18,4
U D FS DR UR R L,2,12,58,8,3,16,4
U D FS UR DR L R,2,12,58,8,3,16,4
U D FS UR DR R L,2,12,58,8,3,14,4
U D UR DR FS L R,2,12,58,8,3,18,4
U D UR DR FS R L,2,12,58,8,3,18,4
U D UR DR L FS R,2,12,58,8,3,16,4
U D UR DR R FS L,2,12,58,8,3,14,4
U D UR FS DR L R,2,12,58,8,3,18,4
U D UR FS DR R L,2,12,58,8,3,16,4
U FS D DR UR L R,2,12,58,8,3,14,4
U FS D DR UR R L,2,12,58,8,3,12,4
U FS D UR DR L R,2,12,58,8,3,16,4
U FS D UR DR R L,2,12,58,8,3,14,4
U FS UR D DR L R,2,12,58,8,3,14,4
U FS UR D DR R L,2,12,58,8,3,12,4
U UR D DR FS L R,2,12,58,8,3,14,4
U UR D DR FS R L,2,12,58,8,3,14,4
U UR D DR L FS R,2,12,58,8,3,12,3
U UR D DR R FS L,2,12,58,8,3,10,3
U UR D FS DR L R,2,12,58,8,3,16,4
U UR D FS DR R L,2,12,58,8,3,14,4
U UR FS D DR L R,2,12,58,8,3,12,4
U UR FS D DR R L,2,12,58,8,3,10,4
D DR FS UR U L R,2,12,59,8,3,12,4
D DR FS UR U R L,2,12,59,8,3,12,4
D DR L UR R FS U,2,12,59,8,3,12,3
D DR L UR U FS R,2,12,59,8,3,12,3
D DR UR FS U L R,2,12,59,8,3,12,4
D DR UR FS U R L,2,12,59,8,3,12,4
D DR UR L R FS U,2,12,59,8,3,14,4
D DR UR L U FS R,2,12,59,8,3,12,3
D DR UR R FS L U,2,12,59,8,3,10,2
D DR UR R FS U L,2,12,59,8,3,10,2
D DR UR R L FS U,2,12,59,8,3,12,4
D DR UR R U FS L,2,12,59,8,3,10,2
D DR UR U FS L R,2,12,59,8,3,12,4
D DR UR U FS R L,2,12,59,8,3,12,4
D DR UR U L FS R,2,12,59,8,3,10,2
D DR UR U R FS L,2,12,59,8,3,10,2
D FS DR UR U L R,2,12,59,8,3,14,4
D FS DR UR U R L,2,12,59,8,3,14,4
D FS UR DR U L R,2,12,59,8,3,14,4
D FS UR DR U R L,2,12,59,8,3,14,4
D FS UR U DR L R,2,12,59,8,3,14,4
D FS UR U DR R L,2,12,59,8,3,12,4
D UR DR FS U L R,2,12,59,8,3,16,4
D UR DR FS U R L,2,12,59,8,3,16,4
D UR DR L R FS U,2,12,59,8,3,16,4
D UR DR L U FS R,2,12,59,8,3,14,3
D UR DR R FS L U,2,12,59,8,3,12,3
D UR DR R FS U L,2,12,59,8,3,12,3
D UR DR R L FS U,2,12,59,8,3,14,4
D UR DR R U FS L,2,12,59,8,3,12,3
D UR DR U FS L R,2,12,59,8,3,16,4
D UR DR U FS R L,2,12,59,8,3,16,4
D UR DR U L FS R,2,12,59,8,3,14,3
D UR DR U R FS L,2,12,59,8,3,14,3
D UR FS DR U L R,2,12,59,8,3,16,4
D UR FS DR U R L,2,12,59,8,3,16,4
D UR FS U DR L R,2,12,59,8,3,16,4
D UR FS U DR R L,2,12,59,8,3,14,4
D UR R DR FS L U,2,12,59,8,3,12,3
D UR R DR FS U L,2,12,59,8,3,12,3
D UR R DR L FS U,2,12,59,8,3,12,3
D UR R DR U FS L,2,12,59,8,3,12,3
D UR U DR FS L R,2,12,59,8,3,16,4
D UR U DR FS R L,2,12,59,8,3,16,4
D UR U DR L FS R,2,12,59,8,3,14,3
D UR U DR R FS L,2,12,59,8,3,12,3
D UR U FS DR L R,2,12,59,8,3,16,4
D UR U FS DR R L,2,12,59,8,3,14,4
FS D DR UR U L R,2,12,59,8,3,12,4
FS D DR UR U R L,2,12,59,8,3,12,4
FS D UR DR U L R,2,12,59,8,3,16,4
FS D UR DR U R L,2,12,59,8,3,16,4
FS D UR U DR L R,2,12,59,8,3,16,4
FS D UR U DR R L,2,12,59,8,3,14,4
FS UR D DR U L R,2,12,59,8,3,14,4
FS UR D DR U R L,2,12,59,8,3,14,4
FS UR D U DR L R,2,12,59,8,3,18,4
FS UR D U DR R L,2,12,59,8,3,16,4
FS UR U D DR L R,2,12,59,8,3,14,4
FS UR U D DR R L,2,12,59,8,3,12,4
UR D DR FS U L R,2,12,59,8,3,15,4
UR D DR FS U R L,2,12,59,8,3,15,4
UR D DR L R FS U,2,12,59,8,3,15,4
UR D DR L U FS R,2,12,59,8,3,13,3
UR D DR R FS L U,2,12,59,8,3,11,3
UR D DR R FS U L,2,12,59,8,3,11,3
UR D DR R L FS U,2,12,59,8,3,13,4
UR D DR R U FS L,2,12,59,8,3,11,3
UR D DR U FS L R,2,12,59,8,3,15,4
UR D DR U FS R L,2,12,59,8,3,15,4
UR D DR U L FS R,2,12,59,8,3,13,3
UR D DR U R FS L,2,12,59,8,3,13,3
UR D FS DR U L R,2,12,59,8,3,17,4
UR D FS DR U R L,2,12,59,8,3,17,4
UR D FS U DR L R,2,12,59,8,3,17,4
UR D FS U DR R L,2,12,59,8,3,15,4
UR D R DR FS L U,2,12,59,8,3,13,3
UR D R DR FS U L,2,12,59,8,3,13,3
UR D R DR L FS U,2,12,59,8,3,13,3
UR D R DR U FS L,2,12,59,8,3,13,3
UR D U DR FS L R,2,12,59,8,3,19,4
UR D U DR FS R L,2,12,59,8,3,19,4
UR D U DR L FS R,2,12,59,8,3,17,4
UR D U DR R FS L,2,12,59,8,3,15,4
UR D U FS DR L R,2,12,59,8,3,19,4
UR D U FS DR R L,2,12,59,8,3,17,4
UR FS D DR U L R,2,12,59,8,3,13,4
UR FS D DR U R L,2,12,59,8,3,13,4
UR FS D U DR L R,2,12,59,8,3,17,4
UR FS D U DR R L,2,12,59,8,3,15,4
UR FS U D DR L R,2,12,59,8,3,15,4
UR FS U D DR R L,2,12,59,8,3,13,4
UR U D DR FS L R,2,12,59,8,3,15,4
UR U D DR FS R L,2,12,59,8,3,15,4
UR U D DR L FS R,2,12,59,8,3,13,4
UR U D DR R FS L,2,12,59,8,3,11,4
UR U D FS DR L R,2,12,59,8,3,17,4
UR U D FS DR R L,2,12,59,8,3,15,4
UR U FS D DR L R,2,12,59,8,3,13,4
UR U FS D DR R L,2,12,59,8,3,11,4
D FS R U UR DR L,2,12,59,9,3,12,3
D FS R U UR L DR,2,12,59,9,3,13,3
D FS U R UR DR L,2,12,59,9,3,12,3
D FS U R UR L DR,2,12,59,9,3,13,3
D R FS U UR DR L,2,12,59,9,3,12,3
D R FS U UR L DR,2,12,59,9,3,13,3
D R U FS UR DR L,2,12,59,9,3,12,3
D R U FS UR L DR,2,12,59,9,3,13,3
D R U UR DR FS L,2,12,59,9,3,12,3
D R U UR FS DR L,2,12,59,9,3,12,3
D R U UR FS L DR,2,12,59,9,3,11,3
D U FS R UR DR L,2,12,59,9,3,14,4
D U FS R UR L DR,2,12,59,9,3,15,4
D U R FS UR DR L,2,12,59,9,3,14,4
D U R FS UR L DR,2,12,59,9,3,15,4
D U R UR DR FS L,2,12,59,9,3,14,4
D U R UR FS DR L,2,12,59,9,3,14,4
D U R UR FS L DR,2,12,59,9,3,13,4
FS D R U UR DR L,2,12,59,9,3,12,3
FS D R U UR L DR,2,12,59,9,3,13,3
FS D U R UR DR L,2,12,59,9,3,14,4
FS D U R UR L DR,2,12,59,9,3,15,4
FS R D U UR DR L,2,12,59,9,3,14,4
FS R D U UR L DR,2,12,59,9,3,15,4
FS R U D UR DR L,2,12,59,9,3,16,4
FS R U D UR L DR,2,12,59,9,3,17,4
FS U D R UR DR L,2,12,59,9,3,14,4
FS U D R UR L DR,2,12,59,9,3,15,4
FS U R D UR DR L,2,12,59,9,3,14,3
FS U R D UR L DR,2,12,59,9,3,15,3
R D FS U UR DR L,2,12,59,9,3,12,3
R D FS U UR L DR,2,12,59,9,3,13,3
R D U FS UR DR L,2,12,59,9,3,14,4
R D U FS UR L DR,2,12,59,9,3,15,4
R D U UR DR FS L,2,12,59,9,3,14,4
R D U UR FS DR L,2,12,59,9,3,14,4
R D U UR FS L DR,2,12,59,9,3,13,4
R FS D U UR DR L,2,12,59,9,3,14,4
R FS D U UR L DR,2,12,59,9,3,15,4
R FS U D UR DR L,2,12,59,9,3,16,4
R FS U D UR L DR,2,12,59,9,3,17,4
R U D FS UR DR L,2,12,59,9,3,14,4
R U D FS UR L DR,2,12,59,9,3,15,4
R U D UR DR FS L,2,12,59,9,3,16,4
R U D UR FS DR L,2,12,59,9,3,16,4
R U D UR FS L DR,2,12,59,9,3,15,4
R U FS D UR DR L,2,12,59,9,3,14,3
R U FS D UR L DR,2,12,59,9,3,15,3
U D FS R UR DR L,2,12,59,9,3,14,4
U D FS R UR L DR,2,12,59,9,3,15,4
U D R FS UR DR L,2,12,59,9,3,14,4
U D R FS UR L DR,2,12,59,9,3,15,4
U D R UR DR FS L,2,12,59,9,3,14,4
U D R UR FS DR L,2,12,59,9,3,14,4
U D R UR FS L DR,2,12,59,9,3,13,4
U FS D R UR DR L,2,12,59,9,3,12,3
U FS D R UR L DR,2,12,59,9,3,13,3
U FS R D UR DR L,2,12,59,9,3,14,3
U FS R D UR L DR,2,12,59,9,3,15,3
U R D FS UR DR L,2,12,59,9,3,12,3
U R D FS UR L DR,2,12,59,9,3,13,3
U R D UR DR FS L,2,12,59,9,3,14,3
U R D UR FS DR L,2,12,59,9,3,14,3
U R D UR FS L DR,2,12,59,9,3,13,3
U R FS D UR DR L,2,12,59,9,3,14,3
U R FS D UR L DR,2,12,59,9,3,15,3
D L R U UR FS DR,2,12,61,10,3,13,4
D L U R UR FS DR,2,12,61,10,3,11,3
D R L U UR FS DR,2,12,61,10,3,13,4
D R U L UR FS DR,2,12,61,10,3,13,3
D R U UR L FS DR,2,12,61,10,3,13,3
D U L R UR FS DR,2,12,61,10,3,15,4
D U R L UR FS DR,2,12,61,10,3,17,4
D U R UR L FS DR,2,12,61,10,3,15,4
L D R U UR FS DR,2,12,61,10,3,11,3
L D U R UR FS DR,2,12,61,10,3,13,4
L R D U UR FS DR,2,12,61,10,3,15,4
L R U D UR FS DR,2,12,61,10,3,17,4
L U D R UR FS DR,2,12,61,10,3,13,4
L U R D UR FS DR,2,12,61,10,3,13,3
R D L U UR FS DR,2,12,61,10,3,11,3
R D U L UR FS DR,2,12,61,10,3,15,4
R D U UR L FS DR,2,12,61,10,3,15,4
R L D U UR FS DR,2,12,61,10,3,15,4
R L U D UR FS DR,2,12,61,10,3,17,4
R U D L UR FS DR,2,12,61,10,3,15,4
R U D UR L FS DR,2,12,61,10,3,17,4
R U L D UR FS DR,2,12,61,10,3,13,3
U D L R UR FS DR,2,12,61,10,3,15,4
U D R L UR FS DR,2,12,61,10,3,17,4
U D R UR L FS DR,2,12,61,10,3,15,4
U L D R UR FS DR,2,12,61,10,3,11,3
U L R D UR FS DR,2,12,61,10,3,15,4
U R D L UR FS DR,2,12,61,10,3,13,3
U R D UR L FS DR,2,12,61,10,3,15,3
U R L D UR FS DR,2,12,61,10,3,15,4
