order,min_memo,max_memo,sum_memo,memorized,d_moves,pin_changes,max_pin_changes
L U ul UR R DR BS,2,12,26,6,2,10,3
L U UR R ul DR BS,2,12,26,6,2,8,2
L U UR ul R DR BS,2,12,26,6,2,8,2
L ul U UR R DR BS,2,12,26,6,2,10,3
U L ul UR R DR BS,2,12,26,6,2,10,3
U L UR R ul DR BS,2,12,26,6,2,10,3
U L UR ul R DR BS,2,12,26,6,2,10,3
U ul L UR R DR BS,2,12,26,6,2,12,3
ul L U UR R DR BS,2,12,26,6,2,9,3
ul U L UR R DR BS,2,12,26,6,2,11,3
L R ul UR DR U BS,2,9,28,6,2,14,4
L R ul UR U DR BS,2,9,28,6,2,12,4
L R UR U ul DR BS,2,9,28,6,2,12,4
L R UR ul DR U BS,2,9,28,6,2,14,4
L R UR ul U DR BS,2,9,28,6,2,14,4
L ul R UR DR U BS,2,9,28,6,2,12,3
L ul R UR U DR BS,2,9,28,6,2,10,3
R L ul UR DR U BS,2,9,28,6,2,16,4
R L ul UR U DR BS,2,9,28,6,2,14,4
R L UR U ul DR BS,2,9,28,6,2,14,4
R L UR ul DR U BS,2,9,28,6,2,16,4
R L UR ul U DR BS,2,9,28,6,2,16,4
R ul L UR DR U BS,2,9,28,6,2,14,3
R ul L UR U DR BS,2,9,28,6,2,12,3
R ul UR DR L U BS,2,9,28,6,2,12,3
R ul UR DR U L BS,2,9,28,6,2,12,3
R ul UR L DR U BS,2,9,28,6,2,14,3
R ul UR L U DR BS,2,9,28,6,2,12,3
R ul UR U DR L BS,2,9,28,6,2,12,3
R ul UR U L DR BS,2,9,28,6,2,10,3
R UR L U ul DR BS,2,9,28,6,2,12,3
R UR L ul DR U BS,2,9,28,6,2,14,3
R UR L ul U DR BS,2,9,28,6,2,14,3
R UR U L ul DR BS,2,9,28,6,2,10,3
R UR U ul DR L BS,2,9,28,6,2,12,3
R UR U ul L DR BS,2,9,28,6,2,12,3
R UR ul DR L U BS,2,9,28,6,2,12,3
R UR ul DR U L BS,2,9,28,6,2,12,3
R UR ul L DR U BS,2,9,28,6,2,14,3
R UR ul L U DR BS,2,9,28,6,2,12,3
R UR ul U DR L BS,2,9,28,6,2,14,3
R UR ul U L DR BS,2,9,28,6,2,12,3
ul L R UR DR U BS,2,9,28,6,2,15,4
ul L R UR U DR BS,2,9,28,6,2,13,4
ul R L UR DR U BS,2,9,28,6,2,15,4
ul R L UR U DR BS,2,9,28,6,2,13,4
ul R UR DR L U BS,2,9,28,6,2,11,3
ul R UR DR U L BS,2,9,28,6,2,11,3
ul R UR L DR U BS,2,9,28,6,2,13,3
ul R UR L U DR BS,2,9,28,6,2,11,3
ul R UR U DR L BS,2,9,28,6,2,11,3
ul R UR U L DR BS,2,9,28,6,2,9,3
L ul UR R DR U BS,2,11,30,6,2,12,3
L ul UR R U DR BS,2,11,30,6,2,12,3
L ul UR U R DR BS,2,11,30,6,2,10,3
L UR R U ul DR BS,2,11,30,6,2,12,3
L UR R ul DR U BS,2,11,30,6,2,12,3
L UR R ul U DR BS,2,11,30,6,2,12,3
L UR U R ul DR BS,2,11,30,6,2,10,3
L UR U ul R DR BS,2,11,30,6,2,10,3
L UR ul R DR U BS,2,11,30,6,2,12,3
L UR ul R U DR BS,2,11,30,6,2,12,3
L UR ul U R DR BS,2,11,30,6,2,12,3
ul L UR R DR U BS,2,11,30,6,2,13,3
ul L UR R U DR BS,2,11,30,6,2,13,3
ul L UR U R DR BS,2,11,30,6,2,11,3
ul UR L R DR U BS,2,11,30,6,2,15,4
ul UR L R U DR BS,2,11,30,6,2,15,4
ul UR L U R DR BS,2,11,30,6,2,11,3
ul UR R DR L U BS,2,11,30,6,2,11,3
ul UR R DR U L BS,2,11,30,6,2,11,3
ul UR R L DR U BS,2,11,30,6,2,15,4
ul UR R L U DR BS,2,11,30,6,2,13,4
ul UR R U DR L BS,2,11,30,6,2,13,3
ul UR R U L DR BS,2,11,30,6,2,11,3
ul UR U L R DR BS,2,11,30,6,2,11,4
ul UR U R DR L BS,2,11,30,6,2,11,3
ul UR U R L DR BS,2,11,30,6,2,13,4
UR L R U ul DR BS,2,11,30,6,2,15,4
UR L R ul DR U BS,2,11,30,6,2,15,4
UR L R ul U DR BS,2,11,30,6,2,15,4
UR L U R ul DR BS,2,11,30,6,2,11,3
UR L U ul R DR BS,2,11,30,6,2,11,3
UR L ul R DR U BS,2,11,30,6,2,13,3
UR L ul R U DR BS,2,11,30,6,2,13,3
UR L ul U R DR BS,2,11,30,6,2,13,3
UR R L U ul DR BS,2,11,30,6,2,13,4
UR R L ul DR U BS,2,11,30,6,2,15,4
UR R L ul U DR BS,2,11,30,6,2,15,4
UR R U L ul DR BS,2,11,30,6,2,11,3
UR R U ul DR L BS,2,11,30,6,2,13,3
UR R U ul L DR BS,2,11,30,6,2,13,3
UR R ul DR L U BS,2,11,30,6,2,11,3
UR R ul DR U L BS,2,11,30,6,2,11,3
UR R ul L DR U BS,2,11,30,6,2,13,3
UR R ul L U DR BS,2,11,30,6,2,11,3
UR R ul U DR L BS,2,11,30,6,2,13,3
UR R ul U L DR BS,2,11,30,6,2,11,3
UR U L R ul DR BS,2,11,30,6,2,11,4
UR U L ul R DR BS,2,11,30,6,2,9,3
UR U R L ul DR BS,2,11,30,6,2,13,4
UR U R ul DR L BS,2,11,30,6,2,11,3
UR U R ul L DR BS,2,11,30,6,2,11,3
UR U ul L R DR BS,2,11,30,6,2,13,4
UR U ul R DR L BS,2,11,30,6,2,11,3
UR U ul R L DR BS,2,11,30,6,2,13,4
UR ul L R DR U BS,2,11,30,6,2,15,4
UR ul L R U DR BS,2,11,30,6,2,15,4
UR ul L U R DR BS,2,11,30,6,2,11,3
UR ul R DR L U BS,2,11,30,6,2,11,3
UR ul R DR U L BS,2,11,30,6,2,11,3
UR ul R L DR U BS,2,11,30,6,2,15,4
UR ul R L U DR BS,2,11,30,6,2,13,4
UR ul R U DR L BS,2,11,30,6,2,13,3
UR ul R U L DR BS,2,11,30,6,2,11,3
UR ul U L R DR BS,2,11,30,6,2,13,4
UR ul U R DR L BS,2,11,30,6,2,13,3
UR ul U R L DR BS,2,11,30,6,2,15,4
U ul UR L R DR BS,2,12,31,6,2,14,4
U ul UR R DR L BS,2,12,31,6,2,12,3
U ul UR R L DR BS,2,12,31,6,2,14,4
U UR L R ul DR BS,2,12,31,6,2,12,4
U UR L ul R DR BS,2,12,31,6,2,10,3
U UR R L ul DR BS,2,12,31,6,2,12,4
U UR R ul DR L BS,2,12,31,6,2,10,3
U UR R ul L DR BS,2,12,31,6,2,10,3
U UR ul L R DR BS,2,12,31,6,2,12,4
U UR ul R DR L BS,2,12,31,6,2,10,3
U UR ul R L DR BS,2,12,31,6,2,12,4
ul U UR L R DR BS,2,12,31,6,2,13,4
ul U UR R DR L BS,2,12,31,6,2,11,3
ul U UR R L DR BS,2,12,31,6,2,13,4
BS L DR R U UR ul,2,9,33,6,2,11,3
BS L R DR U UR ul,2,9,33,6,2,13,4
BS R L DR U UR ul,2,9,33,6,2,15,4
L BS DR R U UR ul,2,9,33,6,2,9,2
L BS R DR U UR ul,2,9,33,6,2,11,3
L R BS DR U UR ul,2,9,33,6,2,13,4
R BS L DR U UR ul,2,9,33,6,2,13,3
R L BS DR U UR ul,2,9,33,6,2,13,4
DR L R ul UR U BS,2,12,33,6,2,13,4
DR L ul R UR U BS,2,12,33,6,2,11,3
DR R L ul UR U BS,2,12,33,6,2,13,4
DR R U ul UR L BS,2,12,33,6,2,13,3
DR R ul L UR U BS,2,12,33,6,2,11,3
DR R ul U UR L BS,2,12,33,6,2,11,3
DR R ul UR L U BS,2,12,33,6,2,11,3
DR R ul UR U L BS,2,12,33,6,2,9,2
DR ul L R UR U BS,2,12,33,6,2,13,4
DR ul R L UR U BS,2,12,33,6,2,13,4
DR ul R U UR L BS,2,12,33,6,2,11,3
DR ul R UR L U BS,2,12,33,6,2,11,3
DR ul R UR U L BS,2,12,33,6,2,9,2
L DR R ul UR U BS,2,12,33,6,2,10,3
L DR ul R UR U BS,2,12,33,6,2,10,3
L R DR ul UR U BS,2,12,33,6,2,12,4
L R ul DR UR U BS,2,12,33,6,2,12,4
L ul DR R UR U BS,2,12,33,6,2,10,3
L ul R DR UR U BS,2,12,33,6,2,10,3
R DR L ul UR U BS,2,12,33,6,2,12,3
R DR U ul UR L BS,2,12,33,6,2,14,3
R DR ul L UR U BS,2,12,33,6,2,12,3
R DR ul U UR L BS,2,12,33,6,2,12,3
R DR ul UR L U BS,2,12,33,6,2,12,3
R DR ul UR U L BS,2,12,33,6,2,10,2
R L DR ul UR U BS,2,12,33,6,2,14,4
R L ul DR UR U BS,2,12,33,6,2,14,4
R ul DR L UR U BS,2,12,33,6,2,12,3
R ul DR U UR L BS,2,12,33,6,2,12,3
R ul DR UR L U BS,2,12,33,6,2,12,3
R ul DR UR U L BS,2,12,33,6,2,10,2
R ul L DR UR U BS,2,12,33,6,2,12,3
ul DR L R UR U BS,2,12,33,6,2,13,4
ul DR R L UR U BS,2,12,33,6,2,13,4
ul DR R U UR L BS,2,12,33,6,2,11,3
ul DR R UR L U BS,2,12,33,6,2,11,3
ul DR R UR U L BS,2,12,33,6,2,9,2
ul L DR R UR U BS,2,12,33,6,2,11,3
ul L R DR UR U BS,2,12,33,6,2,13,4
ul R DR L UR U BS,2,12,33,6,2,11,3
ul R DR U UR L BS,2,12,33,6,2,11,3
ul R DR UR L U BS,2,12,33,6,2,11,3
ul R DR UR U L BS,2,12,33,6,2,9,2
ul R L DR UR U BS,2,12,33,6,2,13,4
BS L DR U UR R ul,2,12,34,5,2,11,3
BS L U DR UR R ul,2,12,34,5,2,11,3
BS L U UR DR R ul,2,12,34,5,2,9,2
BS U L DR UR R ul,2,12,34,5,2,11,3
BS U L UR DR R ul,2,12,34,5,2,11,3
L BS DR U UR R ul,2,12,34,5,2,9,3
L BS U DR UR R ul,2,12,34,5,2,11,3
L BS U UR DR R ul,2,12,34,5,2,9,2
L U BS DR UR R ul,2,12,34,5,2,9,2
L U BS UR DR R ul,2,12,34,5,2,11,3
L U UR BS DR R ul,2,12,34,5,2,9,3
U BS L DR UR R ul,2,12,34,5,2,11,3
U BS L UR DR R ul,2,12,34,5,2,11,3
U L BS DR UR R ul,2,12,34,5,2,9,2
U L BS UR DR R ul,2,12,34,5,2,11,3
U L UR BS DR R ul,2,12,34,5,2,11,3
DR L R U ul UR BS,2,12,35,7,2,17,4
DR L R U UR ul BS,2,12,35,7,2,15,4
DR L R ul U UR BS,2,12,35,7,2,15,4
DR L ul R U UR BS,2,12,35,7,2,13,3
DR R L U ul UR BS,2,12,35,7,2,15,4
DR R L U UR ul BS,2,12,35,7,2,13,4
DR R L ul U UR BS,2,12,35,7,2,15,4
DR R U L ul UR BS,2,12,35,7,2,13,3
DR R U L UR ul BS,2,12,35,7,2,13,3
DR R U ul L UR BS,2,12,35,7,2,15,3
DR R ul L U UR BS,2,12,35,7,2,11,3
DR R ul U L UR BS,2,12,35,7,2,13,3
DR ul L R U UR BS,2,12,35,7,2,15,4
DR ul R L U UR BS,2,12,35,7,2,13,4
DR ul R U L UR BS,2,12,35,7,2,13,3
L DR R U ul UR BS,2,12,35,7,2,14,3
L DR R U UR ul BS,2,12,35,7,2,12,3
L DR R ul U UR BS,2,12,35,7,2,12,3
L DR ul R U UR BS,2,12,35,7,2,12,3
L R DR U ul UR BS,2,12,35,7,2,16,4
L R DR U UR ul BS,2,12,35,7,2,14,4
L R DR ul U UR BS,2,12,35,7,2,14,4
L R U ul UR DR BS,2,12,35,7,2,14,4
L R U UR ul DR BS,2,12,35,7,2,12,4
L R ul DR U UR BS,2,12,35,7,2,14,4
L R ul U UR DR BS,2,12,35,7,2,12,4
L U R ul UR DR BS,2,12,35,7,2,10,2
L U R UR ul DR BS,2,12,35,7,2,10,2
L U ul R UR DR BS,2,12,35,7,2,10,3
L ul DR R U UR BS,2,12,35,7,2,12,3
L ul R DR U UR BS,2,12,35,7,2,12,3
L ul R U UR DR BS,2,12,35,7,2,10,3
L ul U R UR DR BS,2,12,35,7,2,12,3
R DR L U ul UR BS,2,12,35,7,2,14,3
R DR L U UR ul BS,2,12,35,7,2,12,3
R DR L ul U UR BS,2,12,35,7,2,14,3
R DR U L ul UR BS,2,12,35,7,2,14,3
R DR U L UR ul BS,2,12,35,7,2,14,3
R DR U ul L UR BS,2,12,35,7,2,16,3
R DR ul L U UR BS,2,12,35,7,2,12,3
R DR ul U L UR BS,2,12,35,7,2,14,3
R L DR U ul UR BS,2,12,35,7,2,18,4
R L DR U UR ul BS,2,12,35,7,2,16,4
R L DR ul U UR BS,2,12,35,7,2,16,4
R L U ul UR DR BS,2,12,35,7,2,14,4
R L U UR ul DR BS,2,12,35,7,2,12,4
R L ul DR U UR BS,2,12,35,7,2,16,4
R L ul U UR DR BS,2,12,35,7,2,14,4
R U L ul UR DR BS,2,12,35,7,2,12,3
R U L UR ul DR BS,2,12,35,7,2,12,3
R U ul L UR DR BS,2,12,35,7,2,14,3
R ul DR L U UR BS,2,12,35,7,2,12,3
R ul DR U L UR BS,2,12,35,7,2,14,3
R ul L DR U UR BS,2,12,35,7,2,14,3
R ul L U UR DR BS,2,12,35,7,2,10,3
R ul U L UR DR BS,2,12,35,7,2,12,3
U L R ul UR DR BS,2,12,35,7,2,12,4
U L R UR ul DR BS,2,12,35,7,2,12,4
U L ul R UR DR BS,2,12,35,7,2,10,3
U R L ul UR DR BS,2,12,35,7,2,14,4
U R L UR ul DR BS,2,12,35,7,2,14,4
U R ul L UR DR BS,2,12,35,7,2,12,3
U ul L R UR DR BS,2,12,35,7,2,14,4
U ul R L UR DR BS,2,12,35,7,2,14,4
ul DR L R U UR BS,2,12,35,7,2,15,4
ul DR R L U UR BS,2,12,35,7,2,13,4
ul DR R U L UR BS,2,12,35,7,2,13,3
ul L DR R U UR BS,2,12,35,7,2,13,3
ul L R DR U UR BS,2,12,35,7,2,15,4
ul L R U UR DR BS,2,12,35,7,2,13,4
ul L U R UR DR BS,2,12,35,7,2,11,3
ul R DR L U UR BS,2,12,35,7,2,11,3
ul R DR U L UR BS,2,12,35,7,2,13,3
ul R L DR U UR BS,2,12,35,7,2,15,4
ul R L U UR DR BS,2,12,35,7,2,11,4
ul R U L UR DR BS,2,12,35,7,2,11,3
ul U L R UR DR BS,2,12,35,7,2,13,4
ul U R L UR DR BS,2,12,35,7,2,15,4
BS L DR U R UR ul,2,12,36,6,2,13,3
BS L U DR R UR ul,2,12,36,6,2,11,3
BS L U UR R DR ul,2,12,36,6,2,9,2
BS U L DR R UR ul,2,12,36,6,2,11,3
BS U L UR R DR ul,2,12,36,6,2,11,3
DR L U ul UR R BS,2,12,36,6,2,13,3
DR L U UR ul R BS,2,12,36,6,2,11,3
DR L ul U UR R BS,2,12,36,6,2,13,3
DR U L ul UR R BS,2,12,36,6,2,13,3
DR U L UR ul R BS,2,12,36,6,2,13,3
DR U R ul UR L BS,2,12,36,6,2,13,3
DR U ul L UR R BS,2,12,36,6,2,15,3
DR U ul R UR L BS,2,12,36,6,2,13,3
DR ul L U UR R BS,2,12,36,6,2,11,3
DR ul U L UR R BS,2,12,36,6,2,13,3
DR ul U R UR L BS,2,12,36,6,2,13,3
L BS DR U R UR ul,2,12,36,6,2,11,3
L BS U DR R UR ul,2,12,36,6,2,11,3
L BS U UR R DR ul,2,12,36,6,2,9,2
L DR U ul UR R BS,2,12,36,6,2,14,3
L DR U UR ul R BS,2,12,36,6,2,12,3
L DR ul U UR R BS,2,12,36,6,2,12,3
L U BS DR R UR ul,2,12,36,6,2,9,2
L U BS UR R DR ul,2,12,36,6,2,11,3
L U DR ul UR R BS,2,12,36,6,2,12,3
L U DR UR ul R BS,2,12,36,6,2,12,3
L U ul DR UR R BS,2,12,36,6,2,12,3
L U ul UR DR R BS,2,12,36,6,2,12,3
L U UR BS R DR ul,2,12,36,6,2,11,3
L U UR DR ul R BS,2,12,36,6,2,10,2
L U UR R BS DR ul,2,12,36,6,2,9,2
L U UR ul DR R BS,2,12,36,6,2,10,2
L ul DR U UR R BS,2,12,36,6,2,12,3
L ul U DR UR R BS,2,12,36,6,2,14,3
L ul U UR DR R BS,2,12,36,6,2,12,3
U BS L DR R UR ul,2,12,36,6,2,11,3
U BS L UR R DR ul,2,12,36,6,2,11,3
U DR L ul UR R BS,2,12,36,6,2,14,3
U DR L UR ul R BS,2,12,36,6,2,14,3
U DR R ul UR L BS,2,12,36,6,2,12,3
U DR ul L UR R BS,2,12,36,6,2,14,3
U DR ul R UR L BS,2,12,36,6,2,12,3
U L BS DR R UR ul,2,12,36,6,2,9,2
U L BS UR R DR ul,2,12,36,6,2,11,3
U L DR ul UR R BS,2,12,36,6,2,12,3
U L DR UR ul R BS,2,12,36,6,2,12,3
U L ul DR UR R BS,2,12,36,6,2,12,3
U L ul UR DR R BS,2,12,36,6,2,12,3
U L UR BS R DR ul,2,12,36,6,2,13,3
U L UR DR ul R BS,2,12,36,6,2,12,3
U L UR R BS DR ul,2,12,36,6,2,11,3
U L UR ul DR R BS,2,12,36,6,2,12,3
U ul DR L UR R BS,2,12,36,6,2,14,3
U ul DR R UR L BS,2,12,36,6,2,12,3
U ul L DR UR R BS,2,12,36,6,2,14,3
U ul L UR DR R BS,2,12,36,6,2,14,3
ul DR L U UR R BS,2,12,36,6,2,11,3
ul DR U L UR R BS,2,12,36,6,2,13,3
ul DR U R UR L BS,2,12,36,6,2,13,3
ul L DR U UR R BS,2,12,36,6,2,13,3
ul L U DR UR R BS,2,12,36,6,2,13,3
ul L U UR DR R BS,2,12,36,6,2,11,3
ul U DR L UR R BS,2,12,36,6,2,15,3
ul U DR R UR L BS,2,12,36,6,2,13,3
ul U L DR UR R BS,2,12,36,6,2,13,3
ul U L UR DR R BS,2,12,36,6,2,13,3
BS L DR UR U R ul,2,11,38,5,2,11,3
BS L UR DR U R ul,2,11,38,5,2,13,3
BS L UR U DR R ul,2,11,38,5,2,11,3
BS UR L DR U R ul,2,11,38,5,2,15,3
BS UR L U DR R ul,2,11,38,5,2,13,3
BS UR U L DR R ul,2,11,38,5,2,11,3
L BS DR UR U R ul,2,11,38,5,2,9,2
L BS UR DR U R ul,2,11,38,5,2,13,3
L BS UR U DR R ul,2,11,38,5,2,11,3
L UR BS DR U R ul,2,11,38,5,2,13,3
L UR BS U DR R ul,2,11,38,5,2,13,3
L UR U BS DR R ul,2,11,38,5,2,9,3
UR BS L DR U R ul,2,11,38,5,2,14,3
UR BS L U DR R ul,2,11,38,5,2,12,3
UR BS U L DR R ul,2,11,38,5,2,12,3
UR L BS DR U R ul,2,11,38,5,2,12,3
UR L BS U DR R ul,2,11,38,5,2,12,3
UR L U BS DR R ul,2,11,38,5,2,10,3
UR U BS L DR R ul,2,11,38,5,2,10,3
UR U L BS DR R ul,2,11,38,5,2,8,2
BS L DR R UR U ul,2,9,38,6,2,11,3
BS L R DR UR U ul,2,9,38,6,2,13,4
BS L R UR DR U ul,2,9,38,6,2,15,4
BS L R UR U DR ul,2,9,38,6,2,13,4
BS R L DR UR U ul,2,9,38,6,2,15,4
BS R L UR DR U ul,2,9,38,6,2,17,4
BS R L UR U DR ul,2,9,38,6,2,15,4
BS R UR L DR U ul,2,9,38,6,2,15,3
BS R UR L U DR ul,2,9,38,6,2,13,3
BS R UR U DR L ul,2,9,38,6,2,13,3
BS R UR U L DR ul,2,9,38,6,2,11,3
L BS DR R UR U ul,2,9,38,6,2,9,3
L BS R DR UR U ul,2,9,38,6,2,11,3
L BS R UR DR U ul,2,9,38,6,2,13,3
L BS R UR U DR ul,2,9,38,6,2,11,3
L R BS DR UR U ul,2,9,38,6,2,13,4
L R BS UR DR U ul,2,9,38,6,2,17,4
L R BS UR U DR ul,2,9,38,6,2,15,4
L R UR BS DR U ul,2,9,38,6,2,15,4
L R UR BS U DR ul,2,9,38,6,2,15,4
L R UR U BS DR ul,2,9,38,6,2,11,4
R BS L DR UR U ul,2,9,38,6,2,13,3
R BS L UR DR U ul,2,9,38,6,2,15,3
R BS L UR U DR ul,2,9,38,6,2,13,3
R BS UR L DR U ul,2,9,38,6,2,17,3
R BS UR L U DR ul,2,9,38,6,2,15,3
R BS UR U DR L ul,2,9,38,6,2,15,3
R BS UR U L DR ul,2,9,38,6,2,13,3
R L BS DR UR U ul,2,9,38,6,2,13,4
R L BS UR DR U ul,2,9,38,6,2,17,4
R L BS UR U DR ul,2,9,38,6,2,15,4
R L UR BS DR U ul,2,9,38,6,2,17,4
R L UR BS U DR ul,2,9,38,6,2,17,4
R L UR U BS DR ul,2,9,38,6,2,13,4
R UR BS L DR U ul,2,9,38,6,2,15,3
R UR BS L U DR ul,2,9,38,6,2,13,3
R UR BS U DR L ul,2,9,38,6,2,15,3
R UR BS U L DR ul,2,9,38,6,2,13,3
R UR L BS DR U ul,2,9,38,6,2,13,3
R UR L BS U DR ul,2,9,38,6,2,13,3
R UR L U BS DR ul,2,9,38,6,2,11,3
R UR U BS DR L ul,2,9,38,6,2,11,3
R UR U BS L DR ul,2,9,38,6,2,11,3
R UR U L BS DR ul,2,9,38,6,2,9,2
DR L U R ul UR BS,2,12,38,7,2,13,3
DR L U R UR ul BS,2,12,38,7,2,13,3
DR L U ul R UR BS,2,12,38,7,2,13,3
DR L U UR R ul BS,2,12,38,7,2,11,3
DR L ul U R UR BS,2,12,38,7,2,15,3
DR U L R ul UR BS,2,12,38,7,2,15,4
DR U L R UR ul BS,2,12,38,7,2,15,4
DR U L ul R UR BS,2,12,38,7,2,13,3
DR U L UR R ul BS,2,12,38,7,2,13,3
DR U R L ul UR BS,2,12,38,7,2,17,4
DR U R L UR ul BS,2,12,38,7,2,17,4
DR U R ul L UR BS,2,12,38,7,2,15,3
DR U ul L R UR BS,2,12,38,7,2,17,4
DR U ul R L UR BS,2,12,38,7,2,17,4
DR ul L U R UR BS,2,12,38,7,2,13,3
DR ul U L R UR BS,2,12,38,7,2,15,4
DR ul U R L UR BS,2,12,38,7,2,17,4
L DR U R ul UR BS,2,12,38,7,2,14,3
L DR U R UR ul BS,2,12,38,7,2,14,3
L DR U ul R UR BS,2,12,38,7,2,14,3
L DR U UR R ul BS,2,12,38,7,2,12,3
L DR ul U R UR BS,2,12,38,7,2,14,3
L U DR R ul UR BS,2,12,38,7,2,12,3
L U DR R UR ul BS,2,12,38,7,2,12,3
L U DR ul R UR BS,2,12,38,7,2,12,3
L U DR UR R ul BS,2,12,38,7,2,12,3
L U ul DR R UR BS,2,12,38,7,2,12,3
L U UR DR R ul BS,2,12,38,7,2,10,3
L U UR R DR ul BS,2,12,38,7,2,10,3
L ul DR U R UR BS,2,12,38,7,2,14,3
L ul U DR R UR BS,2,12,38,7,2,14,3
U DR L R ul UR BS,2,12,38,7,2,16,4
U DR L R UR ul BS,2,12,38,7,2,16,4
U DR L ul R UR BS,2,12,38,7,2,14,3
U DR L UR R ul BS,2,12,38,7,2,14,3
U DR R L ul UR BS,2,12,38,7,2,16,4
U DR R L UR ul BS,2,12,38,7,2,16,4
U DR R ul L UR BS,2,12,38,7,2,14,3
U DR ul L R UR BS,2,12,38,7,2,16,4
U DR ul R L UR BS,2,12,38,7,2,16,4
U L DR R ul UR BS,2,12,38,7,2,12,3
U L DR R UR ul BS,2,12,38,7,2,12,3
U L DR ul R UR BS,2,12,38,7,2,12,3
U L DR UR R ul BS,2,12,38,7,2,12,3
U L ul DR R UR BS,2,12,38,7,2,12,3
U L UR DR R ul BS,2,12,38,7,2,12,3
U L UR R DR ul BS,2,12,38,7,2,12,3
U ul DR L R UR BS,2,12,38,7,2,16,4
U ul DR R L UR BS,2,12,38,7,2,16,4
U ul L DR R UR BS,2,12,38,7,2,14,3
ul DR L U R UR BS,2,12,38,7,2,13,3
ul DR U L R UR BS,2,12,38,7,2,15,4
ul DR U R L UR BS,2,12,38,7,2,17,4
ul L DR U R UR BS,2,12,38,7,2,15,3
ul L U DR R UR BS,2,12,38,7,2,13,3
ul U DR L R UR BS,2,12,38,7,2,17,4
ul U DR R L UR BS,2,12,38,7,2,17,4
ul U L DR R UR BS,2,12,38,7,2,13,3
BS U UR L DR R ul,2,12,39,5,2,11,3
U BS UR L DR R ul,2,12,39,5,2,13,3
U UR BS L DR R ul,2,12,39,5,2,11,3
U UR L BS DR R ul,2,12,39,5,2,9,3
BS L DR R ul UR U,2,9,39,7,2,10,3
BS L DR ul R UR U,2,9,39,7,2,10,3
BS L R DR ul UR U,2,9,39,7,2,12,4
BS L R ul DR UR U,2,9,39,7,2,12,4
BS L ul DR R UR U,2,9,39,7,2,10,3
BS L ul R DR UR U,2,9,39,7,2,10,3
BS R L DR ul UR U,2,9,39,7,2,14,4
BS R L ul DR UR U,2,9,39,7,2,14,4
BS R ul L DR UR U,2,9,39,7,2,12,3
BS ul L DR R UR U,2,9,39,7,2,12,3
BS ul L R DR UR U,2,9,39,7,2,14,4
BS ul R L DR UR U,2,9,39,7,2,14,4
L BS DR R ul UR U,2,9,39,7,2,8,2
L BS DR ul R UR U,2,9,39,7,2,8,2
L BS R DR ul UR U,2,9,39,7,2,10,2
L BS R ul DR UR U,2,9,39,7,2,10,2
L BS ul DR R UR U,2,9,39,7,2,10,3
L BS ul R DR UR U,2,9,39,7,2,10,3
L R BS DR ul UR U,2,9,39,7,2,12,4
L R BS ul DR UR U,2,9,39,7,2,14,4
L R ul BS DR UR U,2,9,39,7,2,12,4
L ul BS DR R UR U,2,9,39,7,2,10,3
L ul BS R DR UR U,2,9,39,7,2,12,3
L ul R BS DR UR U,2,9,39,7,2,10,3
R BS L DR ul UR U,2,9,39,7,2,12,3
R BS L ul DR UR U,2,9,39,7,2,12,3
R BS ul L DR UR U,2,9,39,7,2,14,3
R L BS DR ul UR U,2,9,39,7,2,12,4
R L BS ul DR UR U,2,9,39,7,2,14,4
R L ul BS DR UR U,2,9,39,7,2,14,4
R ul BS L DR UR U,2,9,39,7,2,12,3
R ul L BS DR UR U,2,9,39,7,2,10,3
ul BS L DR R UR U,2,9,39,7,2,11,3
ul BS L R DR UR U,2,9,39,7,2,13,4
ul BS R L DR UR U,2,9,39,7,2,15,4
ul L BS DR R UR U,2,9,39,7,2,9,3
ul L BS R DR UR U,2,9,39,7,2,11,3
ul L R BS DR UR U,2,9,39,7,2,13,4
ul R BS L DR UR U,2,9,39,7,2,11,3
ul R L BS DR UR U,2,9,39,7,2,11,4
BS L DR UR R U ul,2,11,40,6,2,13,3
BS L UR DR R U ul,2,11,40,6,2,13,3
BS L UR R DR U ul,2,11,40,6,2,13,3
BS L UR R U DR ul,2,11,40,6,2,13,3
BS L UR U R DR ul,2,11,40,6,2,11,3
BS UR L DR R U ul,2,11,40,6,2,15,3
BS UR L R DR U ul,2,11,40,6,2,17,4
BS UR L R U DR ul,2,11,40,6,2,17,4
BS UR L U R DR ul,2,11,40,6,2,13,3
BS UR R L DR U ul,2,11,40,6,2,17,4
BS UR R L U DR ul,2,11,40,6,2,15,4
BS UR R U DR L ul,2,11,40,6,2,15,3
BS UR R U L DR ul,2,11,40,6,2,13,3
BS UR U L R DR ul,2,11,40,6,2,13,4
BS UR U R DR L ul,2,11,40,6,2,13,3
BS UR U R L DR ul,2,11,40,6,2,15,4
L BS DR UR R U ul,2,11,40,6,2,11,3
L BS UR DR R U ul,2,11,40,6,2,13,3
L BS UR R DR U ul,2,11,40,6,2,13,3
L BS UR R U DR ul,2,11,40,6,2,13,3
L BS UR U R DR ul,2,11,40,6,2,11,3
L UR BS DR R U ul,2,11,40,6,2,13,3
L UR BS R DR U ul,2,11,40,6,2,15,3
L UR BS R U DR ul,2,11,40,6,2,15,3
L UR BS U R DR ul,2,11,40,6,2,13,3
L UR R BS DR U ul,2,11,40,6,2,13,3
L UR R BS U DR ul,2,11,40,6,2,13,3
L UR R U BS DR ul,2,11,40,6,2,11,3
L UR U BS R DR ul,2,11,40,6,2,11,3
L UR U R BS DR ul,2,11,40,6,2,11,3
UR BS L DR R U ul,2,11,40,6,2,14,3
UR BS L R DR U ul,2,11,40,6,2,16,4
UR BS L R U DR ul,2,11,40,6,2,16,4
UR BS L U R DR ul,2,11,40,6,2,12,3
UR BS R L DR U ul,2,11,40,6,2,18,4
UR BS R L U DR ul,2,11,40,6,2,16,4
UR BS R U DR L ul,2,11,40,6,2,16,3
UR BS R U L DR ul,2,11,40,6,2,14,3
UR BS U L R DR ul,2,11,40,6,2,14,4
UR BS U R DR L ul,2,11,40,6,2,14,3
UR BS U R L DR ul,2,11,40,6,2,16,4
UR L BS DR R U ul,2,11,40,6,2,12,3
UR L BS R DR U ul,2,11,40,6,2,14,3
UR L BS R U DR ul,2,11,40,6,2,14,3
UR L BS U R DR ul,2,11,40,6,2,12,3
UR L R BS DR U ul,2,11,40,6,2,16,4
UR L R BS U DR ul,2,11,40,6,2,16,4
UR L R U BS DR ul,2,11,40,6,2,14,4
UR L U BS R DR ul,2,11,40,6,2,12,3
UR L U R BS DR ul,2,11,40,6,2,12,3
UR R BS L DR U ul,2,11,40,6,2,14,3
UR R BS L U DR ul,2,11,40,6,2,12,3
UR R BS U DR L ul,2,11,40,6,2,14,3
UR R BS U L DR ul,2,11,40,6,2,12,3
UR R L BS DR U ul,2,11,40,6,2,14,4
UR R L BS U DR ul,2,11,40,6,2,14,4
UR R L U BS DR ul,2,11,40,6,2,12,4
UR R U BS DR L ul,2,11,40,6,2,12,3
UR R U BS L DR ul,2,11,40,6,2,12,3
UR R U L BS DR ul,2,11,40,6,2,10,2
UR U BS L R DR ul,2,11,40,6,2,12,4
UR U BS R DR L ul,2,11,40,6,2,12,3
UR U BS R L DR ul,2,11,40,6,2,14,4
UR U L BS R DR ul,2,11,40,6,2,10,2
UR U L R BS DR ul,2,11,40,6,2,12,4
UR U R BS DR L ul,2,11,40,6,2,12,3
UR U R BS L DR ul,2,11,40,6,2,12,3
UR U R L BS DR ul,2,11,40,6,2,12,4
DR L ul UR R U BS,2,12,40,6,2,13,3
DR L ul UR U R BS,2,12,40,6,2,13,3
DR L UR U ul R BS,2,12,40,6,2,13,3
DR L UR ul R U BS,2,12,40,6,2,13,3
DR L UR ul U R BS,2,12,40,6,2,15,3
DR ul L UR R U BS,2,12,40,6,2,13,3
DR ul L UR U R BS,2,12,40,6,2,13,3
DR ul UR L R U BS,2,12,40,6,2,15,4
DR ul UR L U R BS,2,12,40,6,2,13,3
DR ul UR R L U BS,2,12,40,6,2,13,4
DR ul UR R U L BS,2,12,40,6,2,11,2
DR ul UR U L R BS,2,12,40,6,2,13,4
DR ul UR U R L BS,2,12,40,6,2,13,4
DR UR L U ul R BS,2,12,40,6,2,13,3
DR UR L ul R U BS,2,12,40,6,2,13,3
DR UR L ul U R BS,2,12,40,6,2,15,3
DR UR U L ul R BS,2,12,40,6,2,11,3
DR UR U ul L R BS,2,12,40,6,2,15,4
DR UR U ul R L BS,2,12,40,6,2,13,4
DR UR ul L R U BS,2,12,40,6,2,15,4
DR UR ul L U R BS,2,12,40,6,2,13,3
DR UR ul R L U BS,2,12,40,6,2,13,4
DR UR ul R U L BS,2,12,40,6,2,11,2
DR UR ul U L R BS,2,12,40,6,2,15,4
DR UR ul U R L BS,2,12,40,6,2,15,4
L DR ul UR R U BS,2,12,40,6,2,12,3
L DR ul UR U R BS,2,12,40,6,2,12,3
L DR UR U ul R BS,2,12,40,6,2,12,3
L DR UR ul R U BS,2,12,40,6,2,12,3
L DR UR ul U R BS,2,12,40,6,2,14,3
L ul DR UR R U BS,2,12,40,6,2,12,3
L ul DR UR U R BS,2,12,40,6,2,12,3
L ul UR DR R U BS,2,12,40,6,2,12,3
L ul UR DR U R BS,2,12,40,6,2,14,3
L ul UR U DR R BS,2,12,40,6,2,12,3
L UR DR U ul R BS,2,12,40,6,2,14,3
L UR DR ul R U BS,2,12,40,6,2,12,3
L UR DR ul U R BS,2,12,40,6,2,14,3
L UR U DR ul R BS,2,12,40,6,2,12,3
L UR U ul DR R BS,2,12,40,6,2,12,3
L UR ul DR R U BS,2,12,40,6,2,12,3
L UR ul DR U R BS,2,12,40,6,2,14,3
L UR ul U DR R BS,2,12,40,6,2,14,3
ul DR L UR R U BS,2,12,40,6,2,13,3
ul DR L UR U R BS,2,12,40,6,2,13,3
ul DR UR L R U BS,2,12,40,6,2,15,4
ul DR UR L U R BS,2,12,40,6,2,13,3
ul DR UR R L U BS,2,12,40,6,2,13,4
ul DR UR R U L BS,2,12,40,6,2,11,2
ul DR UR U L R BS,2,12,40,6,2,13,4
ul DR UR U R L BS,2,12,40,6,2,13,4
ul L DR UR R U BS,2,12,40,6,2,13,3
ul L DR UR U R BS,2,12,40,6,2,13,3
ul L UR DR R U BS,2,12,40,6,2,13,3
ul L UR DR U R BS,2,12,40,6,2,15,3
ul L UR U DR R BS,2,12,40,6,2,13,3
ul UR DR L R U BS,2,12,40,6,2,15,4
ul UR DR L U R BS,2,12,40,6,2,13,3
ul UR DR R L U BS,2,12,40,6,2,13,4
ul UR DR R U L BS,2,12,40,6,2,11,2
ul UR DR U L R BS,2,12,40,6,2,15,4
ul UR DR U R L BS,2,12,40,6,2,15,4
ul UR L DR R U BS,2,12,40,6,2,13,3
ul UR L DR U R BS,2,12,40,6,2,15,3
ul UR L U DR R BS,2,12,40,6,2,13,3
ul UR U DR L R BS,2,12,40,6,2,15,4
ul UR U DR R L BS,2,12,40,6,2,13,4
ul UR U L DR R BS,2,12,40,6,2,11,3
UR DR L U ul R BS,2,12,40,6,2,13,3
UR DR L ul R U BS,2,12,40,6,2,13,3
UR DR L ul U R BS,2,12,40,6,2,15,3
UR DR U L ul R BS,2,12,40,6,2,13,3
UR DR U ul L R BS,2,12,40,6,2,17,4
UR DR U ul R L BS,2,12,40,6,2,15,4
UR DR ul L R U BS,2,12,40,6,2,15,4
UR DR ul L U R BS,2,12,40,6,2,13,3
UR DR ul R L U BS,2,12,40,6,2,13,4
UR DR ul R U L BS,2,12,40,6,2,11,2
UR DR ul U L R BS,2,12,40,6,2,15,4
UR DR ul U R L BS,2,12,40,6,2,15,4
UR L DR U ul R BS,2,12,40,6,2,15,3
UR L DR ul R U BS,2,12,40,6,2,13,3
UR L DR ul U R BS,2,12,40,6,2,15,3
UR L U DR ul R BS,2,12,40,6,2,13,3
UR L U ul DR R BS,2,12,40,6,2,13,3
UR L ul DR R U BS,2,12,40,6,2,13,3
UR L ul DR U R BS,2,12,40,6,2,15,3
UR L ul U DR R BS,2,12,40,6,2,15,3
UR U DR L ul R BS,2,12,40,6,2,13,3
UR U DR ul L R BS,2,12,40,6,2,15,4
UR U DR ul R L BS,2,12,40,6,2,13,4
UR U L DR ul R BS,2,12,40,6,2,11,3
UR U L ul DR R BS,2,12,40,6,2,11,3
UR U ul DR L R BS,2,12,40,6,2,15,4
UR U ul DR R L BS,2,12,40,6,2,13,4
UR U ul L DR R BS,2,12,40,6,2,13,3
UR ul DR L R U BS,2,12,40,6,2,15,4
UR ul DR L U R BS,2,12,40,6,2,13,3
UR ul DR R L U BS,2,12,40,6,2,13,4
UR ul DR R U L BS,2,12,40,6,2,11,2
UR ul DR U L R BS,2,12,40,6,2,15,4
UR ul DR U R L BS,2,12,40,6,2,15,4
UR ul L DR R U BS,2,12,40,6,2,13,3
UR ul L DR U R BS,2,12,40,6,2,15,3
UR ul L U DR R BS,2,12,40,6,2,13,3
UR ul U DR L R BS,2,12,40,6,2,17,4
UR ul U DR R L BS,2,12,40,6,2,15,4
UR ul U L DR R BS,2,12,40,6,2,13,3
DR L R UR U ul BS,2,12,40,7,2,15,4
DR L R UR ul U BS,2,12,40,7,2,15,4
DR R L UR U ul BS,2,12,40,7,2,15,4
DR R L UR ul U BS,2,12,40,7,2,15,4
DR R U UR L ul BS,2,12,40,7,2,13,3
DR R U UR ul L BS,2,12,40,7,2,11,3
DR R UR L U ul BS,2,12,40,7,2,13,3
DR R UR L ul U BS,2,12,40,7,2,13,3
DR R UR U L ul BS,2,12,40,7,2,11,3
DR R UR U ul L BS,2,12,40,7,2,11,3
DR R UR ul L U BS,2,12,40,7,2,11,3
DR R UR ul U L BS,2,12,40,7,2,11,3
L DR R UR U ul BS,2,12,40,7,2,12,3
L DR R UR ul U BS,2,12,40,7,2,12,3
L R DR UR U ul BS,2,12,40,7,2,14,4
L R DR UR ul U BS,2,12,40,7,2,14,4
L R UR DR U ul BS,2,12,40,7,2,16,4
L R UR DR ul U BS,2,12,40,7,2,14,4
L R UR U DR ul BS,2,12,40,7,2,14,4
R DR L UR U ul BS,2,12,40,7,2,14,3
R DR L UR ul U BS,2,12,40,7,2,14,3
R DR U UR L ul BS,2,12,40,7,2,14,3
R DR U UR ul L BS,2,12,40,7,2,12,3
R DR UR L U ul BS,2,12,40,7,2,14,3
R DR UR L ul U BS,2,12,40,7,2,14,3
R DR UR U L ul BS,2,12,40,7,2,12,3
R DR UR U ul L BS,2,12,40,7,2,12,3
R DR UR ul L U BS,2,12,40,7,2,12,3
R DR UR ul U L BS,2,12,40,7,2,12,3
R L DR UR U ul BS,2,12,40,7,2,16,4
R L DR UR ul U BS,2,12,40,7,2,16,4
R L UR DR U ul BS,2,12,40,7,2,18,4
R L UR DR ul U BS,2,12,40,7,2,16,4
R L UR U DR ul BS,2,12,40,7,2,16,4
R U ul UR DR L BS,2,12,40,7,2,14,3
R U ul UR L DR BS,2,12,40,7,2,14,3
R U UR L ul DR BS,2,12,40,7,2,12,3
R U UR ul DR L BS,2,12,40,7,2,12,3
R U UR ul L DR BS,2,12,40,7,2,12,3
R ul U UR DR L BS,2,12,40,7,2,12,3
R ul U UR L DR BS,2,12,40,7,2,12,3
R UR DR L U ul BS,2,12,40,7,2,14,3
R UR DR L ul U BS,2,12,40,7,2,14,3
R UR DR U L ul BS,2,12,40,7,2,14,3
R UR DR U ul L BS,2,12,40,7,2,14,3
R UR DR ul L U BS,2,12,40,7,2,12,3
R UR DR ul U L BS,2,12,40,7,2,12,3
R UR L DR U ul BS,2,12,40,7,2,16,3
R UR L DR ul U BS,2,12,40,7,2,14,3
R UR L U DR ul BS,2,12,40,7,2,14,3
R UR U DR L ul BS,2,12,40,7,2,14,3
R UR U DR ul L BS,2,12,40,7,2,12,3
R UR U L DR ul BS,2,12,40,7,2,12,3
U R ul UR DR L BS,2,12,40,7,2,12,3
U R ul UR L DR BS,2,12,40,7,2,12,3
U R UR L ul DR BS,2,12,40,7,2,12,3
U R UR ul DR L BS,2,12,40,7,2,12,3
U R UR ul L DR BS,2,12,40,7,2,12,3
U ul R UR DR L BS,2,12,40,7,2,12,3
U ul R UR L DR BS,2,12,40,7,2,12,3
ul R U UR DR L BS,2,12,40,7,2,11,3
ul R U UR L DR BS,2,12,40,7,2,11,3
ul U R UR DR L BS,2,12,40,7,2,13,3
ul U R UR L DR BS,2,12,40,7,2,13,3
BS U UR L R DR ul,2,12,41,6,2,13,4
BS U UR R DR L ul,2,12,41,6,2,11,3
BS U UR R L DR ul,2,12,41,6,2,13,4
DR U ul UR L R BS,2,12,41,6,2,17,4
DR U ul UR R L BS,2,12,41,6,2,15,4
DR U UR L ul R BS,2,12,41,6,2,13,3
DR U UR ul L R BS,2,12,41,6,2,15,4
DR U UR ul R L BS,2,12,41,6,2,13,4
DR ul U UR L R BS,2,12,41,6,2,15,4
DR ul U UR R L BS,2,12,41,6,2,13,4
U BS UR L R DR ul,2,12,41,6,2,15,4
U BS UR R DR L ul,2,12,41,6,2,13,3
U BS UR R L DR ul,2,12,41,6,2,15,4
U DR ul UR L R BS,2,12,41,6,2,16,4
U DR ul UR R L BS,2,12,41,6,2,14,4
U DR UR L ul R BS,2,12,41,6,2,14,3
U DR UR ul L R BS,2,12,41,6,2,16,4
U DR UR ul R L BS,2,12,41,6,2,14,4
U ul DR UR L R BS,2,12,41,6,2,16,4
U ul DR UR R L BS,2,12,41,6,2,14,4
U ul UR DR L R BS,2,12,41,6,2,16,4
U ul UR DR R L BS,2,12,41,6,2,14,4
U ul UR L DR R BS,2,12,41,6,2,14,3
U UR BS L R DR ul,2,12,41,6,2,13,4
U UR BS R DR L ul,2,12,41,6,2,13,3
U UR BS R L DR ul,2,12,41,6,2,15,4
U UR DR L ul R BS,2,12,41,6,2,12,3
U UR DR ul L R BS,2,12,41,6,2,14,4
U UR DR ul R L BS,2,12,41,6,2,12,4
U UR L BS R DR ul,2,12,41,6,2,11,3
U UR L DR ul R BS,2,12,41,6,2,12,3
U UR L R BS DR ul,2,12,41,6,2,13,4
U UR L ul DR R BS,2,12,41,6,2,12,3
U UR R BS DR L ul,2,12,41,6,2,11,3
U UR R BS L DR ul,2,12,41,6,2,11,3
U UR R L BS DR ul,2,12,41,6,2,11,4
U UR ul DR L R BS,2,12,41,6,2,14,4
U UR ul DR R L BS,2,12,41,6,2,12,4
U UR ul L DR R BS,2,12,41,6,2,12,3
ul DR U UR L R BS,2,12,41,6,2,15,4
ul DR U UR R L BS,2,12,41,6,2,13,4
ul U DR UR L R BS,2,12,41,6,2,17,4
ul U DR UR R L BS,2,12,41,6,2,15,4
ul U UR DR L R BS,2,12,41,6,2,15,4
ul U UR DR R L BS,2,12,41,6,2,13,4
ul U UR L DR R BS,2,12,41,6,2,13,3
BS L DR R U ul UR,2,9,41,8,2,13,3
BS L DR R ul U UR,2,9,41,8,2,11,3
BS L DR ul R U UR,2,9,41,8,2,11,3
BS L R DR U ul UR,2,9,41,8,2,15,4
BS L R DR ul U UR,2,9,41,8,2,13,4
BS L R ul DR U UR,2,9,41,8,2,13,4
BS L ul DR R U UR,2,9,41,8,2,11,3
BS L ul R DR U UR,2,9,41,8,2,11,3
BS R L DR U ul UR,2,9,41,8,2,17,4
BS R L DR ul U UR,2,9,41,8,2,15,4
BS R L ul DR U UR,2,9,41,8,2,15,4
BS R ul L DR U UR,2,9,41,8,2,13,3
BS ul L DR R U UR,2,9,41,8,2,13,3
BS ul L R DR U UR,2,9,41,8,2,15,4
BS ul R L DR U UR,2,9,41,8,2,15,4
L BS DR R U ul UR,2,9,41,8,2,11,3
L BS DR R ul U UR,2,9,41,8,2,9,3
L BS DR ul R U UR,2,9,41,8,2,9,2
L BS R DR U ul UR,2,9,41,8,2,13,3
L BS R DR ul U UR,2,9,41,8,2,11,3
L BS R ul DR U UR,2,9,41,8,2,11,3
L BS ul DR R U UR,2,9,41,8,2,11,3
L BS ul R DR U UR,2,9,41,8,2,11,3
L R BS DR U ul UR,2,9,41,8,2,15,4
L R BS DR ul U UR,2,9,41,8,2,13,4
L R BS ul DR U UR,2,9,41,8,2,15,4
L R ul BS DR U UR,2,9,41,8,2,13,4
L ul BS DR R U UR,2,9,41,8,2,11,3
L ul BS R DR U UR,2,9,41,8,2,13,3
L ul R BS DR U UR,2,9,41,8,2,11,3
R BS L DR U ul UR,2,9,41,8,2,15,3
R BS L DR ul U UR,2,9,41,8,2,13,3
R BS L ul DR U UR,2,9,41,8,2,13,3
R BS ul L DR U UR,2,9,41,8,2,15,3
R L BS DR U ul UR,2,9,41,8,2,15,4
R L BS DR ul U UR,2,9,41,8,2,13,4
R L BS ul DR U UR,2,9,41,8,2,15,4
R L ul BS DR U UR,2,9,41,8,2,15,4
R ul BS L DR U UR,2,9,41,8,2,13,3
R ul L BS DR U UR,2,9,41,8,2,11,3
ul BS L DR R U UR,2,9,41,8,2,12,3
ul BS L R DR U UR,2,9,41,8,2,14,4
ul BS R L DR U UR,2,9,41,8,2,16,4
ul L BS DR R U UR,2,9,41,8,2,10,3
ul L BS R DR U UR,2,9,41,8,2,12,3
ul L R BS DR U UR,2,9,41,8,2,14,4
ul R BS L DR U UR,2,9,41,8,2,12,3
ul R L BS DR U UR,2,9,41,8,2,12,4
BS L DR U ul UR R,2,12,42,7,2,14,3
BS L DR U UR ul R,2,12,42,7,2,12,3
BS L DR ul U UR R,2,12,42,7,2,12,3
BS L U DR ul UR R,2,12,42,7,2,12,3
BS L U DR UR ul R,2,12,42,7,2,12,3
BS L U ul DR UR R,2,12,42,7,2,12,3
BS L U ul UR DR R,2,12,42,7,2,12,3
BS L U UR DR ul R,2,12,42,7,2,10,2
BS L U UR ul DR R,2,12,42,7,2,10,2
BS L ul DR U UR R,2,12,42,7,2,12,3
BS L ul U DR UR R,2,12,42,7,2,14,3
BS L ul U UR DR R,2,12,42,7,2,12,3
BS U L DR ul UR R,2,12,42,7,2,12,3
BS U L DR UR ul R,2,12,42,7,2,12,3
BS U L ul DR UR R,2,12,42,7,2,12,3
BS U L ul UR DR R,2,12,42,7,2,12,3
BS U L UR DR ul R,2,12,42,7,2,12,3
BS U L UR ul DR R,2,12,42,7,2,12,3
BS U ul L DR UR R,2,12,42,7,2,14,3
BS U ul L UR DR R,2,12,42,7,2,14,3
BS ul L DR U UR R,2,12,42,7,2,14,3
BS ul L U DR UR R,2,12,42,7,2,14,3
BS ul L U UR DR R,2,12,42,7,2,12,3
BS ul U L DR UR R,2,12,42,7,2,14,3
BS ul U L UR DR R,2,12,42,7,2,14,3
DR L UR R U ul BS,2,12,42,7,2,15,3
DR L UR R ul U BS,2,12,42,7,2,13,3
DR L UR U R ul BS,2,12,42,7,2,13,3
DR UR L R U ul BS,2,12,42,7,2,17,4
DR UR L R ul U BS,2,12,42,7,2,15,4
DR UR L U R ul BS,2,12,42,7,2,13,3
DR UR R L U ul BS,2,12,42,7,2,15,4
DR UR R L ul U BS,2,12,42,7,2,15,4
DR UR R U L ul BS,2,12,42,7,2,13,3
DR UR R U ul L BS,2,12,42,7,2,13,3
DR UR R ul L U BS,2,12,42,7,2,11,3
DR UR R ul U L BS,2,12,42,7,2,11,3
DR UR U L R ul BS,2,12,42,7,2,13,4
DR UR U R L ul BS,2,12,42,7,2,15,4
DR UR U R ul L BS,2,12,42,7,2,11,3
L BS DR U ul UR R,2,12,42,7,2,12,3
L BS DR U UR ul R,2,12,42,7,2,10,3
L BS DR ul U UR R,2,12,42,7,2,10,3
L BS U DR ul UR R,2,12,42,7,2,12,3
L BS U DR UR ul R,2,12,42,7,2,12,3
L BS U ul DR UR R,2,12,42,7,2,12,3
L BS U ul UR DR R,2,12,42,7,2,12,3
L BS U UR DR ul R,2,12,42,7,2,10,2
L BS U UR ul DR R,2,12,42,7,2,10,2
L BS ul DR U UR R,2,12,42,7,2,12,3
L BS ul U DR UR R,2,12,42,7,2,14,3
L BS ul U UR DR R,2,12,42,7,2,12,3
L DR UR R U ul BS,2,12,42,7,2,14,3
L DR UR R ul U BS,2,12,42,7,2,12,3
L DR UR U R ul BS,2,12,42,7,2,12,3
L U BS DR ul UR R,2,12,42,7,2,10,2
L U BS DR UR ul R,2,12,42,7,2,10,2
L U BS ul DR UR R,2,12,42,7,2,12,3
L U BS ul UR DR R,2,12,42,7,2,12,3
L U BS UR DR ul R,2,12,42,7,2,12,3
L U BS UR ul DR R,2,12,42,7,2,12,3
L U ul BS DR UR R,2,12,42,7,2,12,3
L U ul BS UR DR R,2,12,42,7,2,14,3
L U ul UR BS DR R,2,12,42,7,2,12,3
L U UR BS DR ul R,2,12,42,7,2,10,3
L U UR BS ul DR R,2,12,42,7,2,12,3
L U UR ul BS DR R,2,12,42,7,2,10,3
L ul BS DR U UR R,2,12,42,7,2,12,3
L ul BS U DR UR R,2,12,42,7,2,14,3
L ul BS U UR DR R,2,12,42,7,2,12,3
L ul U BS DR UR R,2,12,42,7,2,12,3
L ul U BS UR DR R,2,12,42,7,2,14,3
L ul U UR BS DR R,2,12,42,7,2,12,3
L UR DR R U ul BS,2,12,42,7,2,14,3
L UR DR R ul U BS,2,12,42,7,2,12,3
L UR DR U R ul BS,2,12,42,7,2,14,3
L UR R DR U ul BS,2,12,42,7,2,14,3
L UR R DR ul U BS,2,12,42,7,2,12,3
L UR R U DR ul BS,2,12,42,7,2,14,3
L UR U DR R ul BS,2,12,42,7,2,12,3
L UR U R DR ul BS,2,12,42,7,2,12,3
U BS L DR ul UR R,2,12,42,7,2,12,3
U BS L DR UR ul R,2,12,42,7,2,12,3
U BS L ul DR UR R,2,12,42,7,2,12,3
U BS L ul UR DR R,2,12,42,7,2,12,3
U BS L UR DR ul R,2,12,42,7,2,12,3
U BS L UR ul DR R,2,12,42,7,2,12,3
U BS ul L DR UR R,2,12,42,7,2,14,3
U BS ul L UR DR R,2,12,42,7,2,14,3
U L BS DR ul UR R,2,12,42,7,2,10,2
U L BS DR UR ul R,2,12,42,7,2,10,2
U L BS ul DR UR R,2,12,42,7,2,12,3
U L BS ul UR DR R,2,12,42,7,2,12,3
U L BS UR DR ul R,2,12,42,7,2,12,3
U L BS UR ul DR R,2,12,42,7,2,12,3
U L ul BS DR UR R,2,12,42,7,2,12,3
U L ul BS UR DR R,2,12,42,7,2,14,3
U L ul UR BS DR R,2,12,42,7,2,12,3
U L UR BS DR ul R,2,12,42,7,2,12,3
U L UR BS ul DR R,2,12,42,7,2,14,3
U L UR ul BS DR R,2,12,42,7,2,12,3
U ul BS L DR UR R,2,12,42,7,2,14,3
U ul BS L UR DR R,2,12,42,7,2,14,3
U ul L BS DR UR R,2,12,42,7,2,12,3
U ul L BS UR DR R,2,12,42,7,2,14,3
U ul L UR BS DR R,2,12,42,7,2,14,3
ul BS L DR U UR R,2,12,42,7,2,13,3
ul BS L U DR UR R,2,12,42,7,2,13,3
ul BS L U UR DR R,2,12,42,7,2,11,3
ul BS U L DR UR R,2,12,42,7,2,13,3
ul BS U L UR DR R,2,12,42,7,2,13,3
ul L BS DR U UR R,2,12,42,7,2,11,3
ul L BS U DR UR R,2,12,42,7,2,13,3
ul L BS U UR DR R,2,12,42,7,2,11,3
ul L U BS DR UR R,2,12,42,7,2,11,3
ul L U BS UR DR R,2,12,42,7,2,13,3
ul L U UR BS DR R,2,12,42,7,2,11,3
ul U BS L DR UR R,2,12,42,7,2,13,3
ul U BS L UR DR R,2,12,42,7,2,13,3
ul U L BS DR UR R,2,12,42,7,2,11,3
ul U L BS UR DR R,2,12,42,7,2,13,3
ul U L UR BS DR R,2,12,42,7,2,13,3
UR DR L R U ul BS,2,12,42,7,2,17,4
UR DR L R ul U BS,2,12,42,7,2,15,4
UR DR L U R ul BS,2,12,42,7,2,13,3
UR DR R L U ul BS,2,12,42,7,2,15,4
UR DR R L ul U BS,2,12,42,7,2,15,4
UR DR R U L ul BS,2,12,42,7,2,13,3
UR DR R U ul L BS,2,12,42,7,2,13,3
UR DR R ul L U BS,2,12,42,7,2,11,3
UR DR R ul U L BS,2,12,42,7,2,11,3
UR DR U L R ul BS,2,12,42,7,2,15,4
UR DR U R L ul BS,2,12,42,7,2,17,4
UR DR U R ul L BS,2,12,42,7,2,13,3
UR L DR R U ul BS,2,12,42,7,2,15,3
UR L DR R ul U BS,2,12,42,7,2,13,3
UR L DR U R ul BS,2,12,42,7,2,15,3
UR L R DR U ul BS,2,12,42,7,2,17,4
UR L R DR ul U BS,2,12,42,7,2,15,4
UR L R U DR ul BS,2,12,42,7,2,17,4
UR L U DR R ul BS,2,12,42,7,2,13,3
UR L U R DR ul BS,2,12,42,7,2,13,3
UR R DR L U ul BS,2,12,42,7,2,13,3
UR R DR L ul U BS,2,12,42,7,2,13,3
UR R DR U L ul BS,2,12,42,7,2,13,3
UR R DR U ul L BS,2,12,42,7,2,13,3
UR R DR ul L U BS,2,12,42,7,2,11,3
UR R DR ul U L BS,2,12,42,7,2,11,3
UR R L DR U ul BS,2,12,42,7,2,17,4
UR R L DR ul U BS,2,12,42,7,2,15,4
UR R L U DR ul BS,2,12,42,7,2,15,4
UR R U DR L ul BS,2,12,42,7,2,15,3
UR R U DR ul L BS,2,12,42,7,2,13,3
UR R U L DR ul BS,2,12,42,7,2,13,3
UR U DR L R ul BS,2,12,42,7,2,15,4
UR U DR R L ul BS,2,12,42,7,2,15,4
UR U DR R ul L BS,2,12,42,7,2,11,3
UR U L DR R ul BS,2,12,42,7,2,11,3
UR U L R DR ul BS,2,12,42,7,2,13,4
UR U R DR L ul BS,2,12,42,7,2,13,3
UR U R DR ul L BS,2,12,42,7,2,11,3
UR U R L DR ul BS,2,12,42,7,2,15,4
BS DR L R U UR ul,2,12,43,6,2,13,4
BS DR R L U UR ul,2,12,43,6,2,11,4
BS DR R U L UR ul,2,12,43,6,2,11,3
BS DR R U UR L ul,2,12,43,6,2,11,3
BS R DR L U UR ul,2,12,43,6,2,11,3
BS R DR U L UR ul,2,12,43,6,2,13,3
BS R DR U UR L ul,2,12,43,6,2,13,3
DR BS L R U UR ul,2,12,43,6,2,12,4
DR BS R L U UR ul,2,12,43,6,2,12,4
DR BS R U L UR ul,2,12,43,6,2,12,3
DR BS R U UR L ul,2,12,43,6,2,12,3
DR R BS L U UR ul,2,12,43,6,2,10,2
DR R BS U L UR ul,2,12,43,6,2,12,3
DR R BS U UR L ul,2,12,43,6,2,12,3
DR R U BS L UR ul,2,12,43,6,2,12,3
DR R U BS UR L ul,2,12,43,6,2,14,3
R BS DR L U UR ul,2,12,43,6,2,11,3
R BS DR U L UR ul,2,12,43,6,2,13,3
R BS DR U UR L ul,2,12,43,6,2,13,3
R DR BS L U UR ul,2,12,43,6,2,9,2
R DR BS U L UR ul,2,12,43,6,2,11,3
R DR BS U UR L ul,2,12,43,6,2,11,3
R DR U BS L UR ul,2,12,43,6,2,13,3
R DR U BS UR L ul,2,12,43,6,2,15,3
DR U R UR L ul BS,2,12,43,7,2,15,3
DR U R UR ul L BS,2,12,43,7,2,13,3
DR U UR L R ul BS,2,12,43,7,2,15,4
DR U UR R L ul BS,2,12,43,7,2,15,4
DR U UR R ul L BS,2,12,43,7,2,11,3
U DR R UR L ul BS,2,12,43,7,2,14,3
U DR R UR ul L BS,2,12,43,7,2,12,3
U DR UR L R ul BS,2,12,43,7,2,16,4
U DR UR R L ul BS,2,12,43,7,2,16,4
U DR UR R ul L BS,2,12,43,7,2,12,3
U UR DR L R ul BS,2,12,43,7,2,14,4
U UR DR R L ul BS,2,12,43,7,2,14,4
U UR DR R ul L BS,2,12,43,7,2,10,3
U UR L DR R ul BS,2,12,43,7,2,12,3
U UR L R DR ul BS,2,12,43,7,2,14,4
U UR R DR L ul BS,2,12,43,7,2,12,3
U UR R DR ul L BS,2,12,43,7,2,10,3
U UR R L DR ul BS,2,12,43,7,2,14,4
BS DR L U UR R ul,2,12,44,5,2,9,3
BS DR U L UR R ul,2,12,44,5,2,11,3
BS U DR L UR R ul,2,12,44,5,2,13,3
DR BS L U UR R ul,2,12,44,5,2,8,2
DR BS U L UR R ul,2,12,44,5,2,10,3
DR U BS L UR R ul,2,12,44,5,2,12,3
U BS DR L UR R ul,2,12,44,5,2,11,3
U DR BS L UR R ul,2,12,44,5,2,11,3
BS R ul UR DR L U,2,9,44,7,2,12,3
BS R ul UR DR U L,2,9,44,7,2,12,3
BS R UR ul DR L U,2,9,44,7,2,12,3
BS R UR ul DR U L,2,9,44,7,2,12,3
BS ul R UR DR L U,2,9,44,7,2,12,3
BS ul R UR DR U L,2,9,44,7,2,12,3
R BS ul UR DR L U,2,9,44,7,2,14,3
R BS ul UR DR U L,2,9,44,7,2,14,3
R BS UR ul DR L U,2,9,44,7,2,14,3
R BS UR ul DR U L,2,9,44,7,2,14,3
R ul BS UR DR L U,2,9,44,7,2,14,3
R ul BS UR DR U L,2,9,44,7,2,14,3
R ul UR BS DR L U,2,9,44,7,2,12,3
R ul UR BS DR U L,2,9,44,7,2,12,3
R ul UR DR BS L U,2,9,44,7,2,10,2
R ul UR DR BS U L,2,9,44,7,2,10,2
R UR BS ul DR L U,2,9,44,7,2,14,3
R UR BS ul DR U L,2,9,44,7,2,14,3
R UR ul BS DR L U,2,9,44,7,2,12,3
R UR ul BS DR U L,2,9,44,7,2,12,3
R UR ul DR BS L U,2,9,44,7,2,10,2
R UR ul DR BS U L,2,9,44,7,2,10,2
ul BS R UR DR L U,2,9,44,7,2,13,3
ul BS R UR DR U L,2,9,44,7,2,13,3
ul R BS UR DR L U,2,9,44,7,2,13,3
ul R BS UR DR U L,2,9,44,7,2,13,3
ul R UR BS DR L U,2,9,44,7,2,11,3
ul R UR BS DR U L,2,9,44,7,2,11,3
ul R UR DR BS L U,2,9,44,7,2,9,2
ul R UR DR BS U L,2,9,44,7,2,9,2
BS L DR U R ul UR,2,12,44,8,2,13,3
BS L DR U ul R UR,2,12,44,8,2,13,3
BS L DR ul U R UR,2,12,44,8,2,13,3
BS L U DR R ul UR,2,12,44,8,2,11,3
BS L U DR ul R UR,2,12,44,8,2,11,3
BS L U ul DR R UR,2,12,44,8,2,11,3
BS L U ul UR R DR,2,12,44,8,2,11,3
BS L U UR R ul DR,2,12,44,8,2,9,2
BS L U UR ul R DR,2,12,44,8,2,9,2
BS L ul DR U R UR,2,12,44,8,2,13,3
BS L ul U DR R UR,2,12,44,8,2,13,3
BS L ul U UR R DR,2,12,44,8,2,11,3
BS U L DR R ul UR,2,12,44,8,2,11,3
BS U L DR ul R UR,2,12,44,8,2,11,3
BS U L ul DR R UR,2,12,44,8,2,11,3
BS U L ul UR R DR,2,12,44,8,2,11,3
BS U L UR R ul DR,2,12,44,8,2,11,3
BS U L UR ul R DR,2,12,44,8,2,11,3
BS U ul L DR R UR,2,12,44,8,2,13,3
BS U ul L UR R DR,2,12,44,8,2,13,3
BS ul L DR U R UR,2,12,44,8,2,15,3
BS ul L U DR R UR,2,12,44,8,2,13,3
BS ul L U UR R DR,2,12,44,8,2,11,3
BS ul U L DR R UR,2,12,44,8,2,13,3
BS ul U L UR R DR,2,12,44,8,2,13,3
L BS DR U R ul UR,2,12,44,8,2,11,3
L BS DR U ul R UR,2,12,44,8,2,11,3
L BS DR ul U R UR,2,12,44,8,2,11,3
L BS U DR R ul UR,2,12,44,8,2,11,3
L BS U DR ul R UR,2,12,44,8,2,11,3
L BS U ul DR R UR,2,12,44,8,2,11,3
L BS U ul UR R DR,2,12,44,8,2,11,3
L BS U UR R ul DR,2,12,44,8,2,9,2
L BS U UR ul R DR,2,12,44,8,2,9,2
L BS ul DR U R UR,2,12,44,8,2,13,3
L BS ul U DR R UR,2,12,44,8,2,13,3
L BS ul U UR R DR,2,12,44,8,2,11,3
L U BS DR R ul UR,2,12,44,8,2,9,2
L U BS DR ul R UR,2,12,44,8,2,9,2
L U BS ul DR R UR,2,12,44,8,2,11,3
L U BS ul UR R DR,2,12,44,8,2,11,3
L U BS UR R ul DR,2,12,44,8,2,11,3
L U BS UR ul R DR,2,12,44,8,2,11,3
L U ul BS DR R UR,2,12,44,8,2,11,3
L U ul BS UR R DR,2,12,44,8,2,13,3
L U ul UR BS R DR,2,12,44,8,2,13,3
L U ul UR R BS DR,2,12,44,8,2,11,3
L U UR BS R ul DR,2,12,44,8,2,11,3
L U UR BS ul R DR,2,12,44,8,2,11,3
L U UR R BS ul DR,2,12,44,8,2,11,3
L U UR R ul BS DR,2,12,44,8,2,9,3
L U UR ul BS R DR,2,12,44,8,2,11,3
L U UR ul R BS DR,2,12,44,8,2,9,2
L ul BS DR U R UR,2,12,44,8,2,13,3
L ul BS U DR R UR,2,12,44,8,2,13,3
L ul BS U UR R DR,2,12,44,8,2,11,3
L ul U BS DR R UR,2,12,44,8,2,11,3
L ul U BS UR R DR,2,12,44,8,2,13,3
L ul U UR BS R DR,2,12,44,8,2,13,3
L ul U UR R BS DR,2,12,44,8,2,11,3
U BS L DR R ul UR,2,12,44,8,2,11,3
U BS L DR ul R UR,2,12,44,8,2,11,3
U BS L ul DR R UR,2,12,44,8,2,11,3
U BS L ul UR R DR,2,12,44,8,2,11,3
U BS L UR R ul DR,2,12,44,8,2,11,3
U BS L UR ul R DR,2,12,44,8,2,11,3
U BS ul L DR R UR,2,12,44,8,2,13,3
U BS ul L UR R DR,2,12,44,8,2,13,3
U L BS DR R ul UR,2,12,44,8,2,9,2
U L BS DR ul R UR,2,12,44,8,2,9,2
U L BS ul DR R UR,2,12,44,8,2,11,3
U L BS ul UR R DR,2,12,44,8,2,11,3
U L BS UR R ul DR,2,12,44,8,2,11,3
U L BS UR ul R DR,2,12,44,8,2,11,3
U L ul BS DR R UR,2,12,44,8,2,11,3
U L ul BS UR R DR,2,12,44,8,2,13,3
U L ul UR BS R DR,2,12,44,8,2,13,3
U L ul UR R BS DR,2,12,44,8,2,11,3
U L UR BS R ul DR,2,12,44,8,2,13,3
U L UR BS ul R DR,2,12,44,8,2,13,3
U L UR R BS ul DR,2,12,44,8,2,13,3
U L UR R ul BS DR,2,12,44,8,2,11,3
U L UR ul BS R DR,2,12,44,8,2,13,3
U L UR ul R BS DR,2,12,44,8,2,11,3
U ul BS L DR R UR,2,12,44,8,2,13,3
U ul BS L UR R DR,2,12,44,8,2,13,3
U ul L BS DR R UR,2,12,44,8,2,11,3
U ul L BS UR R DR,2,12,44,8,2,13,3
U ul L UR BS R DR,2,12,44,8,2,15,3
U ul L UR R BS DR,2,12,44,8,2,13,3
ul BS L DR U R UR,2,12,44,8,2,14,3
ul BS L U DR R UR,2,12,44,8,2,12,3
ul BS L U UR R DR,2,12,44,8,2,10,3
ul BS U L DR R UR,2,12,44,8,2,12,3
ul BS U L UR R DR,2,12,44,8,2,12,3
ul L BS DR U R UR,2,12,44,8,2,12,3
ul L BS U DR R UR,2,12,44,8,2,12,3
ul L BS U UR R DR,2,12,44,8,2,10,3
ul L U BS DR R UR,2,12,44,8,2,10,3
ul L U BS UR R DR,2,12,44,8,2,12,3
ul L U UR BS R DR,2,12,44,8,2,12,3
ul L U UR R BS DR,2,12,44,8,2,10,3
ul U BS L DR R UR,2,12,44,8,2,12,3
ul U BS L UR R DR,2,12,44,8,2,12,3
ul U L BS DR R UR,2,12,44,8,2,10,3
ul U L BS UR R DR,2,12,44,8,2,12,3
ul U L UR BS R DR,2,12,44,8,2,14,3
ul U L UR R BS DR,2,12,44,8,2,12,3
BS L R U DR UR ul,2,12,45,7,2,15,4
BS L R U UR DR ul,2,12,45,7,2,13,4
BS L U R DR UR ul,2,12,45,7,2,11,2
BS L U R UR DR ul,2,12,45,7,2,11,2
BS R L U DR UR ul,2,12,45,7,2,15,4
BS R L U UR DR ul,2,12,45,7,2,13,4
BS R U L DR UR ul,2,12,45,7,2,13,3
BS R U L UR DR ul,2,12,45,7,2,13,3
BS U L R DR UR ul,2,12,45,7,2,13,4
BS U L R UR DR ul,2,12,45,7,2,13,4
BS U R L DR UR ul,2,12,45,7,2,15,4
BS U R L UR DR ul,2,12,45,7,2,15,4
DR L BS R U UR ul,2,12,45,7,2,12,3
DR L R BS U UR ul,2,12,45,7,2,14,4
DR L R U BS UR ul,2,12,45,7,2,16,4
DR L R U UR BS ul,2,12,45,7,2,16,4
DR R L BS U UR ul,2,12,45,7,2,12,4
DR R L U BS UR ul,2,12,45,7,2,14,4
DR R L U UR BS ul,2,12,45,7,2,14,4
DR R U L BS UR ul,2,12,45,7,2,12,3
DR R U L UR BS ul,2,12,45,7,2,14,3
L BS R U DR UR ul,2,12,45,7,2,13,3
L BS R U UR DR ul,2,12,45,7,2,11,2
L BS U R DR UR ul,2,12,45,7,2,11,2
L BS U R UR DR ul,2,12,45,7,2,11,2
L DR BS R U UR ul,2,12,45,7,2,11,3
L DR R BS U UR ul,2,12,45,7,2,11,3
L DR R U BS UR ul,2,12,45,7,2,13,3
L DR R U UR BS ul,2,12,45,7,2,13,3
L R BS U DR UR ul,2,12,45,7,2,15,4
L R BS U UR DR ul,2,12,45,7,2,13,4
L R DR BS U UR ul,2,12,45,7,2,11,4
L R DR U BS UR ul,2,12,45,7,2,15,4
L R DR U UR BS ul,2,12,45,7,2,15,4
L R U BS DR UR ul,2,12,45,7,2,13,4
L R U BS UR DR ul,2,12,45,7,2,15,4
L R U UR BS DR ul,2,12,45,7,2,13,4
L U BS R DR UR ul,2,12,45,7,2,11,2
L U BS R UR DR ul,2,12,45,7,2,11,2
L U R BS DR UR ul,2,12,45,7,2,11,2
L U R BS UR DR ul,2,12,45,7,2,13,3
L U R UR BS DR ul,2,12,45,7,2,11,3
R BS L U DR UR ul,2,12,45,7,2,13,3
R BS L U UR DR ul,2,12,45,7,2,11,2
R BS U L DR UR ul,2,12,45,7,2,13,3
R BS U L UR DR ul,2,12,45,7,2,13,3
R DR L BS U UR ul,2,12,45,7,2,11,3
R DR L U BS UR ul,2,12,45,7,2,13,3
R DR L U UR BS ul,2,12,45,7,2,13,3
R DR U L BS UR ul,2,12,45,7,2,13,3
R DR U L UR BS ul,2,12,45,7,2,15,3
R L BS U DR UR ul,2,12,45,7,2,15,4
R L BS U UR DR ul,2,12,45,7,2,13,4
R L DR BS U UR ul,2,12,45,7,2,13,4
R L DR U BS UR ul,2,12,45,7,2,17,4
R L DR U UR BS ul,2,12,45,7,2,17,4
R L U BS DR UR ul,2,12,45,7,2,13,4
R L U BS UR DR ul,2,12,45,7,2,15,4
R L U UR BS DR ul,2,12,45,7,2,13,4
R U BS L DR UR ul,2,12,45,7,2,13,3
R U BS L UR DR ul,2,12,45,7,2,13,3
R U DR ul UR L BS,2,12,45,7,2,14,3
R U L BS DR UR ul,2,12,45,7,2,11,2
R U L BS UR DR ul,2,12,45,7,2,13,3
R U L UR BS DR ul,2,12,45,7,2,13,3
R U ul DR UR L BS,2,12,45,7,2,14,3
R ul U DR UR L BS,2,12,45,7,2,14,3
U BS L R DR UR ul,2,12,45,7,2,13,4
U BS L R UR DR ul,2,12,45,7,2,13,4
U BS R L DR UR ul,2,12,45,7,2,15,4
U BS R L UR DR ul,2,12,45,7,2,15,4
U L BS R DR UR ul,2,12,45,7,2,11,2
U L BS R UR DR ul,2,12,45,7,2,11,2
U L R BS DR UR ul,2,12,45,7,2,13,4
U L R BS UR DR ul,2,12,45,7,2,15,4
U L R UR BS DR ul,2,12,45,7,2,13,4
U R BS L DR UR ul,2,12,45,7,2,13,3
U R BS L UR DR ul,2,12,45,7,2,13,3
U R DR ul UR L BS,2,12,45,7,2,12,3
U R L BS DR UR ul,2,12,45,7,2,13,4
U R L BS UR DR ul,2,12,45,7,2,15,4
U R L UR BS DR ul,2,12,45,7,2,15,4
U R ul DR UR L BS,2,12,45,7,2,12,3
U ul R DR UR L BS,2,12,45,7,2,12,3
ul R U DR UR L BS,2,12,45,7,2,13,3
ul U R DR UR L BS,2,12,45,7,2,13,3
BS DR L U R UR ul,2,12,46,6,2,11,3
BS DR U L R UR ul,2,12,46,6,2,13,4
BS DR U R L UR ul,2,12,46,6,2,15,4
BS DR U R UR L ul,2,12,46,6,2,13,3
BS U DR L R UR ul,2,12,46,6,2,15,4
BS U DR R L UR ul,2,12,46,6,2,15,4
BS U DR R UR L ul,2,12,46,6,2,13,3
DR BS L U R UR ul,2,12,46,6,2,10,2
DR BS U L R UR ul,2,12,46,6,2,12,4
DR BS U R L UR ul,2,12,46,6,2,14,4
DR BS U R UR L ul,2,12,46,6,2,12,3
DR L BS U UR R ul,2,12,46,6,2,10,3
DR L U BS UR R ul,2,12,46,6,2,12,3
DR L U UR BS R ul,2,12,46,6,2,12,3
DR U BS L R UR ul,2,12,46,6,2,14,4
DR U BS R L UR ul,2,12,46,6,2,16,4
DR U BS R UR L ul,2,12,46,6,2,14,3
DR U L BS UR R ul,2,12,46,6,2,12,3
DR U L UR BS R ul,2,12,46,6,2,14,3
DR U R BS L UR ul,2,12,46,6,2,14,3
DR U R BS UR L ul,2,12,46,6,2,16,3
L DR BS U UR R ul,2,12,46,6,2,9,3
L DR U BS UR R ul,2,12,46,6,2,13,3
L DR U UR BS R ul,2,12,46,6,2,13,3
L U DR BS UR R ul,2,12,46,6,2,11,3
L U DR UR BS R ul,2,12,46,6,2,13,3
L U UR DR BS R ul,2,12,46,6,2,9,2
U BS DR L R UR ul,2,12,46,6,2,13,4
U BS DR R L UR ul,2,12,46,6,2,13,4
U BS DR R UR L ul,2,12,46,6,2,11,3
U DR BS L R UR ul,2,12,46,6,2,13,4
U DR BS R L UR ul,2,12,46,6,2,15,4
U DR BS R UR L ul,2,12,46,6,2,13,3
U DR L BS UR R ul,2,12,46,6,2,13,3
U DR L UR BS R ul,2,12,46,6,2,15,3
U DR R BS L UR ul,2,12,46,6,2,13,3
U DR R BS UR L ul,2,12,46,6,2,15,3
U L DR BS UR R ul,2,12,46,6,2,11,3
U L DR UR BS R ul,2,12,46,6,2,13,3
U L UR DR BS R ul,2,12,46,6,2,11,3
BS L DR ul UR R U,2,11,46,7,2,12,3
BS L DR ul UR U R,2,11,46,7,2,12,3
BS L DR UR U ul R,2,11,46,7,2,12,3
BS L DR UR ul R U,2,11,46,7,2,12,3
BS L DR UR ul U R,2,11,46,7,2,14,3
BS L ul DR UR R U,2,11,46,7,2,12,3
BS L ul DR UR U R,2,11,46,7,2,12,3
BS L ul UR DR R U,2,11,46,7,2,12,3
BS L ul UR DR U R,2,11,46,7,2,14,3
BS L ul UR U DR R,2,11,46,7,2,12,3
BS L UR DR U ul R,2,11,46,7,2,14,3
BS L UR DR ul R U,2,11,46,7,2,12,3
BS L UR DR ul U R,2,11,46,7,2,14,3
BS L UR U DR ul R,2,11,46,7,2,12,3
BS L UR U ul DR R,2,11,46,7,2,12,3
BS L UR ul DR R U,2,11,46,7,2,12,3
BS L UR ul DR U R,2,11,46,7,2,14,3
BS L UR ul U DR R,2,11,46,7,2,14,3
BS ul L DR UR R U,2,11,46,7,2,14,3
BS ul L DR UR U R,2,11,46,7,2,14,3
BS ul L UR DR R U,2,11,46,7,2,14,3
BS ul L UR DR U R,2,11,46,7,2,16,3
BS ul L UR U DR R,2,11,46,7,2,14,3
BS ul UR L DR R U,2,11,46,7,2,14,3
BS ul UR L DR U R,2,11,46,7,2,16,3
BS ul UR L U DR R,2,11,46,7,2,14,3
BS ul UR R DR L U,2,11,46,7,2,12,3
BS ul UR R DR U L,2,11,46,7,2,12,3
BS ul UR U L DR R,2,11,46,7,2,12,3
BS UR L DR U ul R,2,11,46,7,2,16,3
BS UR L DR ul R U,2,11,46,7,2,14,3
BS UR L DR ul U R,2,11,46,7,2,16,3
BS UR L U DR ul R,2,11,46,7,2,14,3
BS UR L U ul DR R,2,11,46,7,2,14,3
BS UR L ul DR R U,2,11,46,7,2,14,3
BS UR L ul DR U R,2,11,46,7,2,16,3
BS UR L ul U DR R,2,11,46,7,2,16,3
BS UR R ul DR L U,2,11,46,7,2,12,3
BS UR R ul DR U L,2,11,46,7,2,12,3
BS UR U L DR ul R,2,11,46,7,2,12,3
BS UR U L ul DR R,2,11,46,7,2,12,3
BS UR U ul L DR R,2,11,46,7,2,14,3
BS UR ul L DR R U,2,11,46,7,2,14,3
BS UR ul L DR U R,2,11,46,7,2,16,3
BS UR ul L U DR R,2,11,46,7,2,14,3
BS UR ul R DR L U,2,11,46,7,2,12,3
BS UR ul R DR U L,2,11,46,7,2,12,3
BS UR ul U L DR R,2,11,46,7,2,14,3
L BS DR ul UR R U,2,11,46,7,2,10,2
L BS DR ul UR U R,2,11,46,7,2,10,2
L BS DR UR U ul R,2,11,46,7,2,10,3
L BS DR UR ul R U,2,11,46,7,2,10,2
L BS DR UR ul U R,2,11,46,7,2,12,3
L BS ul DR UR R U,2,11,46,7,2,12,3
L BS ul DR UR U R,2,11,46,7,2,12,3
L BS ul UR DR R U,2,11,46,7,2,12,3
L BS ul UR DR U R,2,11,46,7,2,14,3
L BS ul UR U DR R,2,11,46,7,2,12,3
L BS UR DR U ul R,2,11,46,7,2,14,3
L BS UR DR ul R U,2,11,46,7,2,12,3
L BS UR DR ul U R,2,11,46,7,2,14,3
L BS UR U DR ul R,2,11,46,7,2,12,3
L BS UR U ul DR R,2,11,46,7,2,12,3
L BS UR ul DR R U,2,11,46,7,2,12,3
L BS UR ul DR U R,2,11,46,7,2,14,3
L BS UR ul U DR R,2,11,46,7,2,14,3
L ul BS DR UR R U,2,11,46,7,2,12,3
L ul BS DR UR U R,2,11,46,7,2,12,3
L ul BS UR DR R U,2,11,46,7,2,14,3
L ul BS UR DR U R,2,11,46,7,2,16,3
L ul BS UR U DR R,2,11,46,7,2,14,3
L ul UR BS DR R U,2,11,46,7,2,12,3
L ul UR BS DR U R,2,11,46,7,2,14,3
L ul UR BS U DR R,2,11,46,7,2,14,3
L ul UR U BS DR R,2,11,46,7,2,10,3
L UR BS DR U ul R,2,11,46,7,2,14,3
L UR BS DR ul R U,2,11,46,7,2,12,3
L UR BS DR ul U R,2,11,46,7,2,14,3
L UR BS U DR ul R,2,11,46,7,2,14,3
L UR BS U ul DR R,2,11,46,7,2,14,3
L UR BS ul DR R U,2,11,46,7,2,14,3
L UR BS ul DR U R,2,11,46,7,2,16,3
L UR BS ul U DR R,2,11,46,7,2,16,3
L UR U BS DR ul R,2,11,46,7,2,10,3
L UR U BS ul DR R,2,11,46,7,2,12,3
L UR U ul BS DR R,2,11,46,7,2,12,3
L UR ul BS DR R U,2,11,46,7,2,12,3
L UR ul BS DR U R,2,11,46,7,2,14,3
L UR ul BS U DR R,2,11,46,7,2,14,3
L UR ul U BS DR R,2,11,46,7,2,12,3
ul BS L DR UR R U,2,11,46,7,2,13,3
ul BS L DR UR U R,2,11,46,7,2,13,3
ul BS L UR DR R U,2,11,46,7,2,13,3
ul BS L UR DR U R,2,11,46,7,2,15,3
ul BS L UR U DR R,2,11,46,7,2,13,3
ul BS UR L DR R U,2,11,46,7,2,15,3
ul BS UR L DR U R,2,11,46,7,2,17,3
ul BS UR L U DR R,2,11,46,7,2,15,3
ul BS UR R DR L U,2,11,46,7,2,13,3
ul BS UR R DR U L,2,11,46,7,2,13,3
ul BS UR U L DR R,2,11,46,7,2,13,3
ul L BS DR UR R U,2,11,46,7,2,11,3
ul L BS DR UR U R,2,11,46,7,2,11,3
ul L BS UR DR R U,2,11,46,7,2,13,3
ul L BS UR DR U R,2,11,46,7,2,15,3
ul L BS UR U DR R,2,11,46,7,2,13,3
ul L UR BS DR R U,2,11,46,7,2,13,3
ul L UR BS DR U R,2,11,46,7,2,15,3
ul L UR BS U DR R,2,11,46,7,2,15,3
ul L UR U BS DR R,2,11,46,7,2,11,3
ul UR BS L DR R U,2,11,46,7,2,13,3
ul UR BS L DR U R,2,11,46,7,2,15,3
ul UR BS L U DR R,2,11,46,7,2,13,3
ul UR BS R DR L U,2,11,46,7,2,13,3
ul UR BS R DR U L,2,11,46,7,2,13,3
ul UR BS U L DR R,2,11,46,7,2,13,3
ul UR L BS DR R U,2,11,46,7,2,11,3
ul UR L BS DR U R,2,11,46,7,2,13,3
ul UR L BS U DR R,2,11,46,7,2,13,3
ul UR L U BS DR R,2,11,46,7,2,11,3
ul UR R BS DR L U,2,11,46,7,2,11,3
ul UR R BS DR U L,2,11,46,7,2,11,3
ul UR R DR BS L U,2,11,46,7,2,9,2
ul UR R DR BS U L,2,11,46,7,2,9,2
ul UR U BS L DR R,2,11,46,7,2,11,3
ul UR U L BS DR R,2,11,46,7,2,9,2
UR BS L DR U ul R,2,11,46,7,2,15,3
UR BS L DR ul R U,2,11,46,7,2,13,3
UR BS L DR ul U R,2,11,46,7,2,15,3
UR BS L U DR ul R,2,11,46,7,2,13,3
UR BS L U ul DR R,2,11,46,7,2,13,3
UR BS L ul DR R U,2,11,46,7,2,13,3
UR BS L ul DR U R,2,11,46,7,2,15,3
UR BS L ul U DR R,2,11,46,7,2,15,3
UR BS R ul DR L U,2,11,46,7,2,13,3
UR BS R ul DR U L,2,11,46,7,2,13,3
UR BS U L DR ul R,2,11,46,7,2,13,3
UR BS U L ul DR R,2,11,46,7,2,13,3
UR BS U ul L DR R,2,11,46,7,2,15,3
UR BS ul L DR R U,2,11,46,7,2,15,3
UR BS ul L DR U R,2,11,46,7,2,17,3
UR BS ul L U DR R,2,11,46,7,2,15,3
UR BS ul R DR L U,2,11,46,7,2,13,3
UR BS ul R DR U L,2,11,46,7,2,13,3
UR BS ul U L DR R,2,11,46,7,2,15,3
UR L BS DR U ul R,2,11,46,7,2,13,3
UR L BS DR ul R U,2,11,46,7,2,11,3
UR L BS DR ul U R,2,11,46,7,2,13,3
UR L BS U DR ul R,2,11,46,7,2,13,3
UR L BS U ul DR R,2,11,46,7,2,13,3
UR L BS ul DR R U,2,11,46,7,2,13,3
UR L BS ul DR U R,2,11,46,7,2,15,3
UR L BS ul U DR R,2,11,46,7,2,15,3
UR L U BS DR ul R,2,11,46,7,2,11,3
UR L U BS ul DR R,2,11,46,7,2,13,3
UR L U ul BS DR R,2,11,46,7,2,13,3
UR L ul BS DR R U,2,11,46,7,2,13,3
UR L ul BS DR U R,2,11,46,7,2,15,3
UR L ul BS U DR R,2,11,46,7,2,15,3
UR L ul U BS DR R,2,11,46,7,2,13,3
UR R BS ul DR L U,2,11,46,7,2,13,3
UR R BS ul DR U L,2,11,46,7,2,13,3
UR R ul BS DR L U,2,11,46,7,2,11,3
UR R ul BS DR U L,2,11,46,7,2,11,3
UR R ul DR BS L U,2,11,46,7,2,9,2
UR R ul DR BS U L,2,11,46,7,2,9,2
UR U BS L DR ul R,2,11,46,7,2,11,3
UR U BS L ul DR R,2,11,46,7,2,11,3
UR U BS ul L DR R,2,11,46,7,2,13,3
UR U L BS DR ul R,2,11,46,7,2,9,2
UR U L BS ul DR R,2,11,46,7,2,11,3
UR U L ul BS DR R,2,11,46,7,2,11,3
UR U ul BS L DR R,2,11,46,7,2,13,3
UR U ul L BS DR R,2,11,46,7,2,11,3
UR ul BS L DR R U,2,11,46,7,2,13,3
UR ul BS L DR U R,2,11,46,7,2,15,3
UR ul BS L U DR R,2,11,46,7,2,13,3
UR ul BS R DR L U,2,11,46,7,2,13,3
UR ul BS R DR U L,2,11,46,7,2,13,3
UR ul BS U L DR R,2,11,46,7,2,13,3
UR ul L BS DR R U,2,11,46,7,2,11,3
UR ul L BS DR U R,2,11,46,7,2,13,3
UR ul L BS U DR R,2,11,46,7,2,13,3
UR ul L U BS DR R,2,11,46,7,2,11,3
UR ul R BS DR L U,2,11,46,7,2,11,3
UR ul R BS DR U L,2,11,46,7,2,11,3
UR ul R DR BS L U,2,11,46,7,2,9,2
UR ul R DR BS U L,2,11,46,7,2,9,2
UR ul U BS L DR R,2,11,46,7,2,13,3
UR ul U L BS DR R,2,11,46,7,2,11,3
BS L DR R UR ul U,2,9,46,8,2,12,3
BS L R DR UR ul U,2,9,46,8,2,14,4
BS L R ul UR DR U,2,9,46,8,2,14,4
BS L R ul UR U DR,2,9,46,8,2,13,4
BS L R UR DR ul U,2,9,46,8,2,14,4
BS L R UR U ul DR,2,9,46,8,2,13,4
BS L R UR ul DR U,2,9,46,8,2,14,4
BS L R UR ul U DR,2,9,46,8,2,15,4
BS L ul R UR DR U,2,9,46,8,2,12,3
BS L ul R UR U DR,2,9,46,8,2,11,3
BS R L DR UR ul U,2,9,46,8,2,16,4
BS R L ul UR DR U,2,9,46,8,2,16,4
BS R L ul UR U DR,2,9,46,8,2,15,4
BS R L UR DR ul U,2,9,46,8,2,16,4
BS R L UR U ul DR,2,9,46,8,2,15,4
BS R L UR ul DR U,2,9,46,8,2,16,4
BS R L UR ul U DR,2,9,46,8,2,17,4
BS R ul L UR DR U,2,9,46,8,2,14,3
BS R ul L UR U DR,2,9,46,8,2,13,3
BS R ul UR L DR U,2,9,46,8,2,14,3
BS R ul UR L U DR,2,9,46,8,2,13,3
BS R ul UR U DR L,2,9,46,8,2,12,3
BS R ul UR U L DR,2,9,46,8,2,11,3
BS R UR L DR ul U,2,9,46,8,2,14,3
BS R UR L U ul DR,2,9,46,8,2,13,3
BS R UR L ul DR U,2,9,46,8,2,14,3
BS R UR L ul U DR,2,9,46,8,2,15,3
BS R UR U DR ul L,2,9,46,8,2,12,3
BS R UR U L ul DR,2,9,46,8,2,11,3
BS R UR U ul DR L,2,9,46,8,2,12,3
BS R UR U ul L DR,2,9,46,8,2,13,3
BS R UR ul L DR U,2,9,46,8,2,14,3
BS R UR ul L U DR,2,9,46,8,2,13,3
BS R UR ul U DR L,2,9,46,8,2,14,3
BS R UR ul U L DR,2,9,46,8,2,13,3
BS ul L R UR DR U,2,9,46,8,2,16,4
BS ul L R UR U DR,2,9,46,8,2,15,4
BS ul R L UR DR U,2,9,46,8,2,16,4
BS ul R L UR U DR,2,9,46,8,2,15,4
BS ul R UR L DR U,2,9,46,8,2,14,3
BS ul R UR L U DR,2,9,46,8,2,13,3
BS ul R UR U DR L,2,9,46,8,2,12,3
BS ul R UR U L DR,2,9,46,8,2,11,3
L BS DR R UR ul U,2,9,46,8,2,10,3
L BS R DR UR ul U,2,9,46,8,2,12,3
L BS R ul UR DR U,2,9,46,8,2,12,3
L BS R ul UR U DR,2,9,46,8,2,11,3
L BS R UR DR ul U,2,9,46,8,2,12,3
L BS R UR U ul DR,2,9,46,8,2,11,3
L BS R UR ul DR U,2,9,46,8,2,12,3
L BS R UR ul U DR,2,9,46,8,2,13,3
L BS ul R UR DR U,2,9,46,8,2,12,3
L BS ul R UR U DR,2,9,46,8,2,11,3
L R BS DR UR ul U,2,9,46,8,2,14,4
L R BS ul UR DR U,2,9,46,8,2,16,4
L R BS ul UR U DR,2,9,46,8,2,15,4
L R BS UR DR ul U,2,9,46,8,2,16,4
L R BS UR U ul DR,2,9,46,8,2,15,4
L R BS UR ul DR U,2,9,46,8,2,16,4
L R BS UR ul U DR,2,9,46,8,2,17,4
L R ul BS UR DR U,2,9,46,8,2,16,4
L R ul BS UR U DR,2,9,46,8,2,15,4
L R ul UR BS DR U,2,9,46,8,2,14,4
L R ul UR BS U DR,2,9,46,8,2,15,4
L R ul UR DR BS U,2,9,46,8,2,12,4
L R ul UR U BS DR,2,9,46,8,2,11,4
L R UR BS DR ul U,2,9,46,8,2,14,4
L R UR BS U ul DR,2,9,46,8,2,15,4
L R UR BS ul DR U,2,9,46,8,2,16,4
L R UR BS ul U DR,2,9,46,8,2,17,4
L R UR U BS ul DR,2,9,46,8,2,13,4
L R UR U ul BS DR,2,9,46,8,2,13,4
L R UR ul BS DR U,2,9,46,8,2,14,4
L R UR ul BS U DR,2,9,46,8,2,15,4
L R UR ul DR BS U,2,9,46,8,2,12,4
L R UR ul U BS DR,2,9,46,8,2,13,4
L ul BS R UR DR U,2,9,46,8,2,14,3
L ul BS R UR U DR,2,9,46,8,2,13,3
L ul R BS UR DR U,2,9,46,8,2,14,3
L ul R BS UR U DR,2,9,46,8,2,13,3
L ul R UR BS DR U,2,9,46,8,2,12,3
L ul R UR BS U DR,2,9,46,8,2,13,3
L ul R UR DR BS U,2,9,46,8,2,10,3
L ul R UR U BS DR,2,9,46,8,2,9,3
R BS L DR UR ul U,2,9,46,8,2,14,3
R BS L ul UR DR U,2,9,46,8,2,14,3
R BS L ul UR U DR,2,9,46,8,2,13,3
R BS L UR DR ul U,2,9,46,8,2,14,3
R BS L UR U ul DR,2,9,46,8,2,13,3
R BS L UR ul DR U,2,9,46,8,2,14,3
R BS L UR ul U DR,2,9,46,8,2,15,3
R BS ul L UR DR U,2,9,46,8,2,16,3
R BS ul L UR U DR,2,9,46,8,2,15,3
R BS ul UR L DR U,2,9,46,8,2,16,3
R BS ul UR L U DR,2,9,46,8,2,15,3
R BS ul UR U DR L,2,9,46,8,2,14,3
R BS ul UR U L DR,2,9,46,8,2,13,3
R BS UR L DR ul U,2,9,46,8,2,16,3
R BS UR L U ul DR,2,9,46,8,2,15,3
R BS UR L ul DR U,2,9,46,8,2,16,3
R BS UR L ul U DR,2,9,46,8,2,17,3
R BS UR U DR ul L,2,9,46,8,2,14,3
R BS UR U L ul DR,2,9,46,8,2,13,3
R BS UR U ul DR L,2,9,46,8,2,14,3
R BS UR U ul L DR,2,9,46,8,2,15,3
R BS UR ul L DR U,2,9,46,8,2,16,3
R BS UR ul L U DR,2,9,46,8,2,15,3
R BS UR ul U DR L,2,9,46,8,2,16,3
R BS UR ul U L DR,2,9,46,8,2,15,3
R L BS DR UR ul U,2,9,46,8,2,14,4
R L BS ul UR DR U,2,9,46,8,2,16,4
R L BS ul UR U DR,2,9,46,8,2,15,4
R L BS UR DR ul U,2,9,46,8,2,16,4
R L BS UR U ul DR,2,9,46,8,2,15,4
R L BS UR ul DR U,2,9,46,8,2,16,4
R L BS UR ul U DR,2,9,46,8,2,17,4
R L ul BS UR DR U,2,9,46,8,2,18,4
R L ul BS UR U DR,2,9,46,8,2,17,4
R L ul UR BS DR U,2,9,46,8,2,16,4
R L ul UR BS U DR,2,9,46,8,2,17,4
R L ul UR DR BS U,2,9,46,8,2,14,4
R L ul UR U BS DR,2,9,46,8,2,13,4
R L UR BS DR ul U,2,9,46,8,2,16,4
R L UR BS U ul DR,2,9,46,8,2,17,4
R L UR BS ul DR U,2,9,46,8,2,18,4
R L UR BS ul U DR,2,9,46,8,2,19,4
R L UR U BS ul DR,2,9,46,8,2,15,4
R L UR U ul BS DR,2,9,46,8,2,15,4
R L UR ul BS DR U,2,9,46,8,2,16,4
R L UR ul BS U DR,2,9,46,8,2,17,4
R L UR ul DR BS U,2,9,46,8,2,14,4
R L UR ul U BS DR,2,9,46,8,2,15,4
R ul BS L UR DR U,2,9,46,8,2,14,3
R ul BS L UR U DR,2,9,46,8,2,13,3
R ul BS UR L DR U,2,9,46,8,2,16,3
R ul BS UR L U DR,2,9,46,8,2,15,3
R ul BS UR U DR L,2,9,46,8,2,14,3
R ul BS UR U L DR,2,9,46,8,2,13,3
R ul L BS UR DR U,2,9,46,8,2,14,3
R ul L BS UR U DR,2,9,46,8,2,13,3
R ul L UR BS DR U,2,9,46,8,2,14,3
R ul L UR BS U DR,2,9,46,8,2,15,3
R ul L UR DR BS U,2,9,46,8,2,12,3
R ul L UR U BS DR,2,9,46,8,2,11,3
R ul UR BS L DR U,2,9,46,8,2,14,3
R ul UR BS L U DR,2,9,46,8,2,13,3
R ul UR BS U DR L,2,9,46,8,2,14,3
R ul UR BS U L DR,2,9,46,8,2,13,3
R ul UR DR L BS U,2,9,46,8,2,12,3
R ul UR DR U BS L,2,9,46,8,2,12,3
R ul UR L BS DR U,2,9,46,8,2,12,3
R ul UR L BS U DR,2,9,46,8,2,13,3
R ul UR L DR BS U,2,9,46,8,2,12,3
R ul UR L U BS DR,2,9,46,8,2,11,3
R ul UR U BS DR L,2,9,46,8,2,10,3
R ul UR U BS L DR,2,9,46,8,2,11,3
R ul UR U DR BS L,2,9,46,8,2,10,3
R ul UR U L BS DR,2,9,46,8,2,9,2
R UR BS L DR ul U,2,9,46,8,2,14,3
R UR BS L U ul DR,2,9,46,8,2,13,3
R UR BS L ul DR U,2,9,46,8,2,14,3
R UR BS L ul U DR,2,9,46,8,2,15,3
R UR BS U DR ul L,2,9,46,8,2,14,3
R UR BS U L ul DR,2,9,46,8,2,13,3
R UR BS U ul DR L,2,9,46,8,2,14,3
R UR BS U ul L DR,2,9,46,8,2,15,3
R UR BS ul L DR U,2,9,46,8,2,16,3
R UR BS ul L U DR,2,9,46,8,2,15,3
R UR BS ul U DR L,2,9,46,8,2,16,3
R UR BS ul U L DR,2,9,46,8,2,15,3
R UR L BS DR ul U,2,9,46,8,2,12,3
R UR L BS U ul DR,2,9,46,8,2,13,3
R UR L BS ul DR U,2,9,46,8,2,14,3
R UR L BS ul U DR,2,9,46,8,2,15,3
R UR L U BS ul DR,2,9,46,8,2,13,3
R UR L U ul BS DR,2,9,46,8,2,13,3
R UR L ul BS DR U,2,9,46,8,2,14,3
R UR L ul BS U DR,2,9,46,8,2,15,3
R UR L ul DR BS U,2,9,46,8,2,12,3
R UR L ul U BS DR,2,9,46,8,2,13,3
R UR U BS DR ul L,2,9,46,8,2,10,3
R UR U BS L ul DR,2,9,46,8,2,11,3
R UR U BS ul DR L,2,9,46,8,2,12,3
R UR U BS ul L DR,2,9,46,8,2,13,3
R UR U L BS ul DR,2,9,46,8,2,11,3
R UR U L ul BS DR,2,9,46,8,2,11,3
R UR U ul BS DR L,2,9,46,8,2,12,3
R UR U ul BS L DR,2,9,46,8,2,13,3
R UR U ul DR BS L,2,9,46,8,2,10,3
R UR U ul L BS DR,2,9,46,8,2,11,3
R UR ul BS L DR U,2,9,46,8,2,14,3
R UR ul BS L U DR,2,9,46,8,2,13,3
R UR ul BS U DR L,2,9,46,8,2,14,3
R UR ul BS U L DR,2,9,46,8,2,13,3
R UR ul DR L BS U,2,9,46,8,2,12,3
R UR ul DR U BS L,2,9,46,8,2,12,3
R UR ul L BS DR U,2,9,46,8,2,12,3
R UR ul L BS U DR,2,9,46,8,2,13,3
R UR ul L DR BS U,2,9,46,8,2,12,3
R UR ul L U BS DR,2,9,46,8,2,11,3
R UR ul U BS DR L,2,9,46,8,2,12,3
R UR ul U BS L DR,2,9,46,8,2,13,3
R UR ul U DR BS L,2,9,46,8,2,12,3
R UR ul U L BS DR,2,9,46,8,2,11,3
ul BS L R UR DR U,2,9,46,8,2,15,4
ul BS L R UR U DR,2,9,46,8,2,14,4
ul BS R L UR DR U,2,9,46,8,2,17,4
ul BS R L UR U DR,2,9,46,8,2,16,4
ul BS R UR L DR U,2,9,46,8,2,15,3
ul BS R UR L U DR,2,9,46,8,2,14,3
ul BS R UR U DR L,2,9,46,8,2,13,3
ul BS R UR U L DR,2,9,46,8,2,12,3
ul L BS R UR DR U,2,9,46,8,2,13,3
ul L BS R UR U DR,2,9,46,8,2,12,3
ul L R BS UR DR U,2,9,46,8,2,17,4
ul L R BS UR U DR,2,9,46,8,2,16,4
ul L R UR BS DR U,2,9,46,8,2,15,4
ul L R UR BS U DR,2,9,46,8,2,16,4
ul L R UR DR BS U,2,9,46,8,2,13,4
ul L R UR U BS DR,2,9,46,8,2,12,4
ul R BS L UR DR U,2,9,46,8,2,13,3
ul R BS L UR U DR,2,9,46,8,2,12,3
ul R BS UR L DR U,2,9,46,8,2,15,3
ul R BS UR L U DR,2,9,46,8,2,14,3
ul R BS UR U DR L,2,9,46,8,2,13,3
ul R BS UR U L DR,2,9,46,8,2,12,3
ul R L BS UR DR U,2,9,46,8,2,15,4
ul R L BS UR U DR,2,9,46,8,2,14,4
ul R L UR BS DR U,2,9,46,8,2,15,4
ul R L UR BS U DR,2,9,46,8,2,16,4
ul R L UR DR BS U,2,9,46,8,2,13,4
ul R L UR U BS DR,2,9,46,8,2,12,4
ul R UR BS L DR U,2,9,46,8,2,13,3
ul R UR BS L U DR,2,9,46,8,2,12,3
ul R UR BS U DR L,2,9,46,8,2,13,3
ul R UR BS U L DR,2,9,46,8,2,12,3
ul R UR DR L BS U,2,9,46,8,2,11,3
ul R UR DR U BS L,2,9,46,8,2,11,3
ul R UR L BS DR U,2,9,46,8,2,11,3
ul R UR L BS U DR,2,9,46,8,2,12,3
ul R UR L DR BS U,2,9,46,8,2,11,3
ul R UR L U BS DR,2,9,46,8,2,10,3
ul R UR U BS DR L,2,9,46,8,2,9,3
ul R UR U BS L DR,2,9,46,8,2,10,3
ul R UR U DR BS L,2,9,46,8,2,9,3
ul R UR U L BS DR,2,9,46,8,2,8,2
BS U ul UR L DR R,2,12,47,7,2,14,3
BS U UR L DR ul R,2,12,47,7,2,12,3
BS U UR L ul DR R,2,12,47,7,2,12,3
BS U UR ul L DR R,2,12,47,7,2,12,3
BS ul U UR L DR R,2,12,47,7,2,14,3
U BS ul UR L DR R,2,12,47,7,2,14,3
U BS UR L DR ul R,2,12,47,7,2,14,3
U BS UR L ul DR R,2,12,47,7,2,14,3
U BS UR ul L DR R,2,12,47,7,2,14,3
U ul BS UR L DR R,2,12,47,7,2,16,3
U ul UR BS L DR R,2,12,47,7,2,14,3
U ul UR L BS DR R,2,12,47,7,2,12,3
U UR BS L DR ul R,2,12,47,7,2,12,3
U UR BS L ul DR R,2,12,47,7,2,12,3
U UR BS ul L DR R,2,12,47,7,2,14,3
U UR L BS DR ul R,2,12,47,7,2,10,3
U UR L BS ul DR R,2,12,47,7,2,12,3
U UR L ul BS DR R,2,12,47,7,2,12,3
U UR ul BS L DR R,2,12,47,7,2,12,3
U UR ul L BS DR R,2,12,47,7,2,10,3
ul BS U UR L DR R,2,12,47,7,2,13,3
ul U BS UR L DR R,2,12,47,7,2,15,3
ul U UR BS L DR R,2,12,47,7,2,13,3
ul U UR L BS DR R,2,12,47,7,2,11,3
L R U DR ul UR BS,2,12,47,8,2,16,4
L R U DR UR ul BS,2,12,47,8,2,16,4
L R U ul DR UR BS,2,12,47,8,2,16,4
L R U UR DR ul BS,2,12,47,8,2,14,4
L R ul U DR UR BS,2,12,47,8,2,16,4
L U R DR ul UR BS,2,12,47,8,2,12,3
L U R DR UR ul BS,2,12,47,8,2,12,3
L U R ul DR UR BS,2,12,47,8,2,12,3
L U R UR DR ul BS,2,12,47,8,2,12,3
L U ul R DR UR BS,2,12,47,8,2,12,3
L ul R U DR UR BS,2,12,47,8,2,14,3
L ul U R DR UR BS,2,12,47,8,2,14,3
R L U DR ul UR BS,2,12,47,8,2,16,4
R L U DR UR ul BS,2,12,47,8,2,16,4
R L U ul DR UR BS,2,12,47,8,2,16,4
R L U UR DR ul BS,2,12,47,8,2,14,4
R L ul U DR UR BS,2,12,47,8,2,18,4
R U DR L ul UR BS,2,12,47,8,2,16,3
R U DR L UR ul BS,2,12,47,8,2,16,3
R U DR ul L UR BS,2,12,47,8,2,16,3
R U L DR ul UR BS,2,12,47,8,2,14,3
R U L DR UR ul BS,2,12,47,8,2,14,3
R U L ul DR UR BS,2,12,47,8,2,14,3
R U L UR DR ul BS,2,12,47,8,2,14,3
R U ul DR L UR BS,2,12,47,8,2,16,3
R U ul L DR UR BS,2,12,47,8,2,16,3
R ul L U DR UR BS,2,12,47,8,2,14,3
R ul U DR L UR BS,2,12,47,8,2,16,3
R ul U L DR UR BS,2,12,47,8,2,14,3
U L R DR ul UR BS,2,12,47,8,2,14,4
U L R DR UR ul BS,2,12,47,8,2,14,4
U L R ul DR UR BS,2,12,47,8,2,14,4
U L R UR DR ul BS,2,12,47,8,2,14,4
U L ul R DR UR BS,2,12,47,8,2,12,3
U R DR L ul UR BS,2,12,47,8,2,14,3
U R DR L UR ul BS,2,12,47,8,2,14,3
U R DR ul L UR BS,2,12,47,8,2,14,3
U R L DR ul UR BS,2,12,47,8,2,16,4
U R L DR UR ul BS,2,12,47,8,2,16,4
U R L ul DR UR BS,2,12,47,8,2,16,4
U R L UR DR ul BS,2,12,47,8,2,16,4
U R ul DR L UR BS,2,12,47,8,2,14,3
U R ul L DR UR BS,2,12,47,8,2,14,3
U ul L R DR UR BS,2,12,47,8,2,16,4
U ul R DR L UR BS,2,12,47,8,2,14,3
U ul R L DR UR BS,2,12,47,8,2,16,4
ul L R U DR UR BS,2,12,47,8,2,17,4
ul L U R DR UR BS,2,12,47,8,2,13,3
ul R L U DR UR BS,2,12,47,8,2,15,4
ul R U DR L UR BS,2,12,47,8,2,15,3
ul R U L DR UR BS,2,12,47,8,2,13,3
ul U L R DR UR BS,2,12,47,8,2,15,4
ul U R DR L UR BS,2,12,47,8,2,15,3
ul U R L DR UR BS,2,12,47,8,2,17,4
BS DR L UR U R ul,7,12,48,5,2,11,3
BS DR UR L U R ul,7,12,48,5,2,11,3
BS UR DR L U R ul,7,12,48,5,2,13,3
DR BS L UR U R ul,7,12,48,5,2,10,3
DR BS UR L U R ul,7,12,48,5,2,12,3
DR UR BS L U R ul,7,12,48,5,2,12,3
UR BS DR L U R ul,7,12,48,5,2,12,3
UR DR BS L U R ul,7,12,48,5,2,10,2
BS DR L R UR U ul,2,12,48,6,2,13,4
BS DR R L UR U ul,2,12,48,6,2,13,4
BS DR R UR L U ul,2,12,48,6,2,11,3
BS DR R UR U L ul,2,12,48,6,2,9,3
BS R DR L UR U ul,2,12,48,6,2,13,3
BS R DR UR L U ul,2,12,48,6,2,13,3
BS R DR UR U L ul,2,12,48,6,2,11,3
BS R UR DR L U ul,2,12,48,6,2,13,3
BS R UR DR U L ul,2,12,48,6,2,13,3
DR BS L R UR U ul,2,12,48,6,2,12,4
DR BS R L UR U ul,2,12,48,6,2,14,4
DR BS R UR L U ul,2,12,48,6,2,12,3
DR BS R UR U L ul,2,12,48,6,2,10,3
DR R BS L UR U ul,2,12,48,6,2,12,3
DR R BS UR L U ul,2,12,48,6,2,14,3
DR R BS UR U L ul,2,12,48,6,2,12,3
DR R UR BS L U ul,2,12,48,6,2,12,3
DR R UR BS U L ul,2,12,48,6,2,12,3
R BS DR L UR U ul,2,12,48,6,2,13,3
R BS DR UR L U ul,2,12,48,6,2,13,3
R BS DR UR U L ul,2,12,48,6,2,11,3
R BS UR DR L U ul,2,12,48,6,2,15,3
R BS UR DR U L ul,2,12,48,6,2,15,3
R DR BS L UR U ul,2,12,48,6,2,11,3
R DR BS UR L U ul,2,12,48,6,2,13,3
R DR BS UR U L ul,2,12,48,6,2,11,3
R DR UR BS L U ul,2,12,48,6,2,13,3
R DR UR BS U L ul,2,12,48,6,2,13,3
R UR BS DR L U ul,2,12,48,6,2,13,3
R UR BS DR U L ul,2,12,48,6,2,13,3
R UR DR BS L U ul,2,12,48,6,2,11,3
R UR DR BS U L ul,2,12,48,6,2,11,3
DR L BS U R UR ul,2,12,48,7,2,12,3
DR L U BS R UR ul,2,12,48,7,2,12,3
DR L U R BS UR ul,2,12,48,7,2,14,3
DR L U R UR BS ul,2,12,48,7,2,14,3
DR L U UR R BS ul,2,12,48,7,2,12,3
DR U L BS R UR ul,2,12,48,7,2,12,3
DR U L R BS UR ul,2,12,48,7,2,16,4
DR U L R UR BS ul,2,12,48,7,2,16,4
DR U L UR R BS ul,2,12,48,7,2,14,3
DR U R L BS UR ul,2,12,48,7,2,16,4
DR U R L UR BS ul,2,12,48,7,2,18,4
L DR BS U R UR ul,2,12,48,7,2,11,3
L DR U BS R UR ul,2,12,48,7,2,13,3
L DR U R BS UR ul,2,12,48,7,2,15,3
L DR U R UR BS ul,2,12,48,7,2,15,3
L DR U UR R BS ul,2,12,48,7,2,13,3
L U DR BS R UR ul,2,12,48,7,2,11,3
L U DR R BS UR ul,2,12,48,7,2,13,3
L U DR R UR BS ul,2,12,48,7,2,13,3
L U DR UR R BS ul,2,12,48,7,2,13,3
L U UR DR R BS ul,2,12,48,7,2,11,3
L U UR R DR BS ul,2,12,48,7,2,9,3
U DR L BS R UR ul,2,12,48,7,2,13,3
U DR L R BS UR ul,2,12,48,7,2,17,4
U DR L R UR BS ul,2,12,48,7,2,17,4
U DR L UR R BS ul,2,12,48,7,2,15,3
U DR R L BS UR ul,2,12,48,7,2,15,4
U DR R L UR BS ul,2,12,48,7,2,17,4
U L DR BS R UR ul,2,12,48,7,2,11,3
U L DR R BS UR ul,2,12,48,7,2,13,3
U L DR R UR BS ul,2,12,48,7,2,13,3
U L DR UR R BS ul,2,12,48,7,2,13,3
U L UR DR R BS ul,2,12,48,7,2,13,3
U L UR R DR BS ul,2,12,48,7,2,11,3
BS L DR UR R ul U,2,11,48,8,2,12,3
BS L ul UR R DR U,2,11,48,8,2,12,3
BS L ul UR R U DR,2,11,48,8,2,13,3
BS L ul UR U R DR,2,11,48,8,2,11,3
BS L UR DR R ul U,2,11,48,8,2,12,3
BS L UR R DR ul U,2,11,48,8,2,12,3
BS L UR R U ul DR,2,11,48,8,2,13,3
BS L UR R ul DR U,2,11,48,8,2,12,3
BS L UR R ul U DR,2,11,48,8,2,13,3
BS L UR U R ul DR,2,11,48,8,2,11,3
BS L UR U ul R DR,2,11,48,8,2,11,3
BS L UR ul R DR U,2,11,48,8,2,12,3
BS L UR ul R U DR,2,11,48,8,2,13,3
BS L UR ul U R DR,2,11,48,8,2,13,3
BS ul L UR R DR U,2,11,48,8,2,14,3
BS ul L UR R U DR,2,11,48,8,2,15,3
BS ul L UR U R DR,2,11,48,8,2,13,3
BS ul UR L R DR U,2,11,48,8,2,16,4
BS ul UR L R U DR,2,11,48,8,2,17,4
BS ul UR L U R DR,2,11,48,8,2,13,3
BS ul UR R L DR U,2,11,48,8,2,16,4
BS ul UR R L U DR,2,11,48,8,2,15,4
BS ul UR R U DR L,2,11,48,8,2,14,3
BS ul UR R U L DR,2,11,48,8,2,13,3
BS ul UR U L R DR,2,11,48,8,2,13,4
BS ul UR U R DR L,2,11,48,8,2,12,3
BS ul UR U R L DR,2,11,48,8,2,15,4
BS UR L DR R ul U,2,11,48,8,2,14,3
BS UR L R DR ul U,2,11,48,8,2,16,4
BS UR L R U ul DR,2,11,48,8,2,17,4
BS UR L R ul DR U,2,11,48,8,2,16,4
BS UR L R ul U DR,2,11,48,8,2,17,4
BS UR L U R ul DR,2,11,48,8,2,13,3
BS UR L U ul R DR,2,11,48,8,2,13,3
BS UR L ul R DR U,2,11,48,8,2,14,3
BS UR L ul R U DR,2,11,48,8,2,15,3
BS UR L ul U R DR,2,11,48,8,2,15,3
BS UR R L DR ul U,2,11,48,8,2,16,4
BS UR R L U ul DR,2,11,48,8,2,15,4
BS UR R L ul DR U,2,11,48,8,2,16,4
BS UR R L ul U DR,2,11,48,8,2,17,4
BS UR R U DR ul L,2,11,48,8,2,14,3
BS UR R U L ul DR,2,11,48,8,2,13,3
BS UR R U ul DR L,2,11,48,8,2,14,3
BS UR R U ul L DR,2,11,48,8,2,15,3
BS UR R ul L DR U,2,11,48,8,2,14,3
BS UR R ul L U DR,2,11,48,8,2,13,3
BS UR R ul U DR L,2,11,48,8,2,14,3
BS UR R ul U L DR,2,11,48,8,2,13,3
BS UR U L R ul DR,2,11,48,8,2,13,4
BS UR U L ul R DR,2,11,48,8,2,11,3
BS UR U R DR ul L,2,11,48,8,2,12,3
BS UR U R L ul DR,2,11,48,8,2,15,4
BS UR U R ul DR L,2,11,48,8,2,12,3
BS UR U R ul L DR,2,11,48,8,2,13,3
BS UR U ul L R DR,2,11,48,8,2,15,4
BS UR U ul R DR L,2,11,48,8,2,12,3
BS UR U ul R L DR,2,11,48,8,2,15,4
BS UR ul L R DR U,2,11,48,8,2,16,4
BS UR ul L R U DR,2,11,48,8,2,17,4
BS UR ul L U R DR,2,11,48,8,2,13,3
BS UR ul R L DR U,2,11,48,8,2,16,4
BS UR ul R L U DR,2,11,48,8,2,15,4
BS UR ul R U DR L,2,11,48,8,2,14,3
BS UR ul R U L DR,2,11,48,8,2,13,3
BS UR ul U L R DR,2,11,48,8,2,15,4
BS UR ul U R DR L,2,11,48,8,2,14,3
BS UR ul U R L DR,2,11,48,8,2,17,4
L BS DR UR R ul U,2,11,48,8,2,10,3
L BS ul UR R DR U,2,11,48,8,2,12,3
L BS ul UR R U DR,2,11,48,8,2,13,3
L BS ul UR U R DR,2,11,48,8,2,11,3
L BS UR DR R ul U,2,11,48,8,2,12,3
L BS UR R DR ul U,2,11,48,8,2,12,3
L BS UR R U ul DR,2,11,48,8,2,13,3
L BS UR R ul DR U,2,11,48,8,2,12,3
L BS UR R ul U DR,2,11,48,8,2,13,3
L BS UR U R ul DR,2,11,48,8,2,11,3
L BS UR U ul R DR,2,11,48,8,2,11,3
L BS UR ul R DR U,2,11,48,8,2,12,3
L BS UR ul R U DR,2,11,48,8,2,13,3
L BS UR ul U R DR,2,11,48,8,2,13,3
L ul BS UR R DR U,2,11,48,8,2,14,3
L ul BS UR R U DR,2,11,48,8,2,15,3
L ul BS UR U R DR,2,11,48,8,2,13,3
L ul UR BS R DR U,2,11,48,8,2,14,3
L ul UR BS R U DR,2,11,48,8,2,15,3
L ul UR BS U R DR,2,11,48,8,2,13,3
L ul UR R BS DR U,2,11,48,8,2,12,3
L ul UR R BS U DR,2,11,48,8,2,13,3
L ul UR R DR BS U,2,11,48,8,2,10,3
L ul UR R U BS DR,2,11,48,8,2,11,3
L ul UR U BS R DR,2,11,48,8,2,11,3
L ul UR U R BS DR,2,11,48,8,2,11,3
L UR BS DR R ul U,2,11,48,8,2,12,3
L UR BS R DR ul U,2,11,48,8,2,14,3
L UR BS R U ul DR,2,11,48,8,2,15,3
L UR BS R ul DR U,2,11,48,8,2,14,3
L UR BS R ul U DR,2,11,48,8,2,15,3
L UR BS U R ul DR,2,11,48,8,2,13,3
L UR BS U ul R DR,2,11,48,8,2,13,3
L UR BS ul R DR U,2,11,48,8,2,14,3
L UR BS ul R U DR,2,11,48,8,2,15,3
L UR BS ul U R DR,2,11,48,8,2,15,3
L UR R BS DR ul U,2,11,48,8,2,12,3
L UR R BS U ul DR,2,11,48,8,2,13,3
L UR R BS ul DR U,2,11,48,8,2,14,3
L UR R BS ul U DR,2,11,48,8,2,15,3
L UR R U BS ul DR,2,11,48,8,2,13,3
L UR R U ul BS DR,2,11,48,8,2,13,3
L UR R ul BS DR U,2,11,48,8,2,12,3
L UR R ul BS U DR,2,11,48,8,2,13,3
L UR R ul DR BS U,2,11,48,8,2,10,3
L UR R ul U BS DR,2,11,48,8,2,11,3
L UR U BS R ul DR,2,11,48,8,2,11,3
L UR U BS ul R DR,2,11,48,8,2,11,3
L UR U R BS ul DR,2,11,48,8,2,13,3
L UR U R ul BS DR,2,11,48,8,2,11,3
L UR U ul BS R DR,2,11,48,8,2,13,3
L UR U ul R BS DR,2,11,48,8,2,11,3
L UR ul BS R DR U,2,11,48,8,2,14,3
L UR ul BS R U DR,2,11,48,8,2,15,3
L UR ul BS U R DR,2,11,48,8,2,13,3
L UR ul R BS DR U,2,11,48,8,2,12,3
L UR ul R BS U DR,2,11,48,8,2,13,3
L UR ul R DR BS U,2,11,48,8,2,10,3
L UR ul R U BS DR,2,11,48,8,2,11,3
L UR ul U BS R DR,2,11,48,8,2,13,3
L UR ul U R BS DR,2,11,48,8,2,13,3
ul BS L UR R DR U,2,11,48,8,2,13,3
ul BS L UR R U DR,2,11,48,8,2,14,3
ul BS L UR U R DR,2,11,48,8,2,12,3
ul BS UR L R DR U,2,11,48,8,2,17,4
ul BS UR L R U DR,2,11,48,8,2,18,4
ul BS UR L U R DR,2,11,48,8,2,14,3
ul BS UR R L DR U,2,11,48,8,2,17,4
ul BS UR R L U DR,2,11,48,8,2,16,4
ul BS UR R U DR L,2,11,48,8,2,15,3
ul BS UR R U L DR,2,11,48,8,2,14,3
ul BS UR U L R DR,2,11,48,8,2,14,4
ul BS UR U R DR L,2,11,48,8,2,13,3
ul BS UR U R L DR,2,11,48,8,2,16,4
ul L BS UR R DR U,2,11,48,8,2,13,3
ul L BS UR R U DR,2,11,48,8,2,14,3
ul L BS UR U R DR,2,11,48,8,2,12,3
ul L UR BS R DR U,2,11,48,8,2,15,3
ul L UR BS R U DR,2,11,48,8,2,16,3
ul L UR BS U R DR,2,11,48,8,2,14,3
ul L UR R BS DR U,2,11,48,8,2,13,3
ul L UR R BS U DR,2,11,48,8,2,14,3
ul L UR R DR BS U,2,11,48,8,2,11,3
ul L UR R U BS DR,2,11,48,8,2,12,3
ul L UR U BS R DR,2,11,48,8,2,12,3
ul L UR U R BS DR,2,11,48,8,2,12,3
ul UR BS L R DR U,2,11,48,8,2,15,4
ul UR BS L R U DR,2,11,48,8,2,16,4
ul UR BS L U R DR,2,11,48,8,2,12,3
ul UR BS R L DR U,2,11,48,8,2,17,4
ul UR BS R L U DR,2,11,48,8,2,16,4
ul UR BS R U DR L,2,11,48,8,2,15,3
ul UR BS R U L DR,2,11,48,8,2,14,3
ul UR BS U L R DR,2,11,48,8,2,14,4
ul UR BS U R DR L,2,11,48,8,2,13,3
ul UR BS U R L DR,2,11,48,8,2,16,4
ul UR L BS R DR U,2,11,48,8,2,13,3
ul UR L BS R U DR,2,11,48,8,2,14,3
ul UR L BS U R DR,2,11,48,8,2,12,3
ul UR L R BS DR U,2,11,48,8,2,15,4
ul UR L R BS U DR,2,11,48,8,2,16,4
ul UR L R DR BS U,2,11,48,8,2,13,4
ul UR L R U BS DR,2,11,48,8,2,14,4
ul UR L U BS R DR,2,11,48,8,2,12,3
ul UR L U R BS DR,2,11,48,8,2,12,3
ul UR R BS L DR U,2,11,48,8,2,13,3
ul UR R BS L U DR,2,11,48,8,2,12,3
ul UR R BS U DR L,2,11,48,8,2,13,3
ul UR R BS U L DR,2,11,48,8,2,12,3
ul UR R DR L BS U,2,11,48,8,2,11,3
ul UR R DR U BS L,2,11,48,8,2,11,3
ul UR R L BS DR U,2,11,48,8,2,13,4
ul UR R L BS U DR,2,11,48,8,2,14,4
ul UR R L DR BS U,2,11,48,8,2,13,4
ul UR R L U BS DR,2,11,48,8,2,12,4
ul UR R U BS DR L,2,11,48,8,2,11,3
ul UR R U BS L DR,2,11,48,8,2,12,3
ul UR R U DR BS L,2,11,48,8,2,11,3
ul UR R U L BS DR,2,11,48,8,2,10,2
ul UR U BS L R DR,2,11,48,8,2,12,4
ul UR U BS R DR L,2,11,48,8,2,11,3
ul UR U BS R L DR,2,11,48,8,2,14,4
ul UR U L BS R DR,2,11,48,8,2,10,2
ul UR U L R BS DR,2,11,48,8,2,12,4
ul UR U R BS DR L,2,11,48,8,2,11,3
ul UR U R BS L DR,2,11,48,8,2,12,3
ul UR U R DR BS L,2,11,48,8,2,9,2
ul UR U R L BS DR,2,11,48,8,2,12,4
UR BS L DR R ul U,2,11,48,8,2,13,3
UR BS L R DR ul U,2,11,48,8,2,15,4
UR BS L R U ul DR,2,11,48,8,2,16,4
UR BS L R ul DR U,2,11,48,8,2,15,4
UR BS L R ul U DR,2,11,48,8,2,16,4
UR BS L U R ul DR,2,11,48,8,2,12,3
UR BS L U ul R DR,2,11,48,8,2,12,3
UR BS L ul R DR U,2,11,48,8,2,13,3
UR BS L ul R U DR,2,11,48,8,2,14,3
UR BS L ul U R DR,2,11,48,8,2,14,3
UR BS R L DR ul U,2,11,48,8,2,17,4
UR BS R L U ul DR,2,11,48,8,2,16,4
UR BS R L ul DR U,2,11,48,8,2,17,4
UR BS R L ul U DR,2,11,48,8,2,18,4
UR BS R U DR ul L,2,11,48,8,2,15,3
UR BS R U L ul DR,2,11,48,8,2,14,3
UR BS R U ul DR L,2,11,48,8,2,15,3
UR BS R U ul L DR,2,11,48,8,2,16,3
UR BS R ul L DR U,2,11,48,8,2,15,3
UR BS R ul L U DR,2,11,48,8,2,14,3
UR BS R ul U DR L,2,11,48,8,2,15,3
UR BS R ul U L DR,2,11,48,8,2,14,3
UR BS U L R ul DR,2,11,48,8,2,14,4
UR BS U L ul R DR,2,11,48,8,2,12,3
UR BS U R DR ul L,2,11,48,8,2,13,3
UR BS U R L ul DR,2,11,48,8,2,16,4
UR BS U R ul DR L,2,11,48,8,2,13,3
UR BS U R ul L DR,2,11,48,8,2,14,3
UR BS U ul L R DR,2,11,48,8,2,16,4
UR BS U ul R DR L,2,11,48,8,2,13,3
UR BS U ul R L DR,2,11,48,8,2,16,4
UR BS ul L R DR U,2,11,48,8,2,17,4
UR BS ul L R U DR,2,11,48,8,2,18,4
UR BS ul L U R DR,2,11,48,8,2,14,3
UR BS ul R L DR U,2,11,48,8,2,17,4
UR BS ul R L U DR,2,11,48,8,2,16,4
UR BS ul R U DR L,2,11,48,8,2,15,3
UR BS ul R U L DR,2,11,48,8,2,14,3
UR BS ul U L R DR,2,11,48,8,2,16,4
UR BS ul U R DR L,2,11,48,8,2,15,3
UR BS ul U R L DR,2,11,48,8,2,18,4
UR L BS DR R ul U,2,11,48,8,2,11,3
UR L BS R DR ul U,2,11,48,8,2,13,3
UR L BS R U ul DR,2,11,48,8,2,14,3
UR L BS R ul DR U,2,11,48,8,2,13,3
UR L BS R ul U DR,2,11,48,8,2,14,3
UR L BS U R ul DR,2,11,48,8,2,12,3
UR L BS U ul R DR,2,11,48,8,2,12,3
UR L BS ul R DR U,2,11,48,8,2,13,3
UR L BS ul R U DR,2,11,48,8,2,14,3
UR L BS ul U R DR,2,11,48,8,2,14,3
UR L R BS DR ul U,2,11,48,8,2,15,4
UR L R BS U ul DR,2,11,48,8,2,16,4
UR L R BS ul DR U,2,11,48,8,2,17,4
UR L R BS ul U DR,2,11,48,8,2,18,4
UR L R U BS ul DR,2,11,48,8,2,16,4
UR L R U ul BS DR,2,11,48,8,2,16,4
UR L R ul BS DR U,2,11,48,8,2,15,4
UR L R ul BS U DR,2,11,48,8,2,16,4
UR L R ul DR BS U,2,11,48,8,2,13,4
UR L R ul U BS DR,2,11,48,8,2,14,4
UR L U BS R ul DR,2,11,48,8,2,12,3
UR L U BS ul R DR,2,11,48,8,2,12,3
UR L U R BS ul DR,2,11,48,8,2,14,3
UR L U R ul BS DR,2,11,48,8,2,12,3
UR L U ul BS R DR,2,11,48,8,2,14,3
UR L U ul R BS DR,2,11,48,8,2,12,3
UR L ul BS R DR U,2,11,48,8,2,15,3
UR L ul BS R U DR,2,11,48,8,2,16,3
UR L ul BS U R DR,2,11,48,8,2,14,3
UR L ul R BS DR U,2,11,48,8,2,13,3
UR L ul R BS U DR,2,11,48,8,2,14,3
UR L ul R DR BS U,2,11,48,8,2,11,3
UR L ul R U BS DR,2,11,48,8,2,12,3
UR L ul U BS R DR,2,11,48,8,2,14,3
UR L ul U R BS DR,2,11,48,8,2,14,3
UR R BS L DR ul U,2,11,48,8,2,13,3
UR R BS L U ul DR,2,11,48,8,2,12,3
UR R BS L ul DR U,2,11,48,8,2,13,3
UR R BS L ul U DR,2,11,48,8,2,14,3
UR R BS U DR ul L,2,11,48,8,2,13,3
UR R BS U L ul DR,2,11,48,8,2,12,3
UR R BS U ul DR L,2,11,48,8,2,13,3
UR R BS U ul L DR,2,11,48,8,2,14,3
UR R BS ul L DR U,2,11,48,8,2,15,3
UR R BS ul L U DR,2,11,48,8,2,14,3
UR R BS ul U DR L,2,11,48,8,2,15,3
UR R BS ul U L DR,2,11,48,8,2,14,3
UR R L BS DR ul U,2,11,48,8,2,13,4
UR R L BS U ul DR,2,11,48,8,2,14,4
UR R L BS ul DR U,2,11,48,8,2,15,4
UR R L BS ul U DR,2,11,48,8,2,16,4
UR R L U BS ul DR,2,11,48,8,2,14,4
UR R L U ul BS DR,2,11,48,8,2,14,4
UR R L ul BS DR U,2,11,48,8,2,15,4
UR R L ul BS U DR,2,11,48,8,2,16,4
UR R L ul DR BS U,2,11,48,8,2,13,4
UR R L ul U BS DR,2,11,48,8,2,14,4
UR R U BS DR ul L,2,11,48,8,2,11,3
UR R U BS L ul DR,2,11,48,8,2,12,3
UR R U BS ul DR L,2,11,48,8,2,13,3
UR R U BS ul L DR,2,11,48,8,2,14,3
UR R U L BS ul DR,2,11,48,8,2,12,3
UR R U L ul BS DR,2,11,48,8,2,12,3
UR R U ul BS DR L,2,11,48,8,2,13,3
UR R U ul BS L DR,2,11,48,8,2,14,3
UR R U ul DR BS L,2,11,48,8,2,11,3
UR R U ul L BS DR,2,11,48,8,2,12,3
UR R ul BS L DR U,2,11,48,8,2,13,3
UR R ul BS L U DR,2,11,48,8,2,12,3
UR R ul BS U DR L,2,11,48,8,2,13,3
UR R ul BS U L DR,2,11,48,8,2,12,3
UR R ul DR L BS U,2,11,48,8,2,11,3
UR R ul DR U BS L,2,11,48,8,2,11,3
UR R ul L BS DR U,2,11,48,8,2,11,3
UR R ul L BS U DR,2,11,48,8,2,12,3
UR R ul L DR BS U,2,11,48,8,2,11,3
UR R ul L U BS DR,2,11,48,8,2,10,3
UR R ul U BS DR L,2,11,48,8,2,11,3
UR R ul U BS L DR,2,11,48,8,2,12,3
UR R ul U DR BS L,2,11,48,8,2,11,3
UR R ul U L BS DR,2,11,48,8,2,10,3
UR U BS L R ul DR,2,11,48,8,2,12,4
UR U BS L ul R DR,2,11,48,8,2,10,3
UR U BS R DR ul L,2,11,48,8,2,11,3
UR U BS R L ul DR,2,11,48,8,2,14,4
UR U BS R ul DR L,2,11,48,8,2,11,3
UR U BS R ul L DR,2,11,48,8,2,12,3
UR U BS ul L R DR,2,11,48,8,2,14,4
UR U BS ul R DR L,2,11,48,8,2,11,3
UR U BS ul R L DR,2,11,48,8,2,14,4
UR U L BS R ul DR,2,11,48,8,2,10,2
UR U L BS ul R DR,2,11,48,8,2,10,3
UR U L R BS ul DR,2,11,48,8,2,14,4
UR U L R ul BS DR,2,11,48,8,2,12,4
UR U L ul BS R DR,2,11,48,8,2,12,3
UR U L ul R BS DR,2,11,48,8,2,10,3
UR U R BS DR ul L,2,11,48,8,2,11,3
UR U R BS L ul DR,2,11,48,8,2,12,3
UR U R BS ul DR L,2,11,48,8,2,13,3
UR U R BS ul L DR,2,11,48,8,2,14,3
UR U R L BS ul DR,2,11,48,8,2,14,4
UR U R L ul BS DR,2,11,48,8,2,14,4
UR U R ul BS DR L,2,11,48,8,2,11,3
UR U R ul BS L DR,2,11,48,8,2,12,3
UR U R ul DR BS L,2,11,48,8,2,9,2
UR U R ul L BS DR,2,11,48,8,2,10,3
UR U ul BS L R DR,2,11,48,8,2,14,4
UR U ul BS R DR L,2,11,48,8,2,13,3
UR U ul BS R L DR,2,11,48,8,2,16,4
UR U ul L BS R DR,2,11,48,8,2,12,3
UR U ul L R BS DR,2,11,48,8,2,14,4
UR U ul R BS DR L,2,11,48,8,2,11,3
UR U ul R BS L DR,2,11,48,8,2,12,3
UR U ul R DR BS L,2,11,48,8,2,9,3
UR U ul R L BS DR,2,11,48,8,2,12,4
UR ul BS L R DR U,2,11,48,8,2,15,4
UR ul BS L R U DR,2,11,48,8,2,16,4
UR ul BS L U R DR,2,11,48,8,2,12,3
UR ul BS R L DR U,2,11,48,8,2,17,4
UR ul BS R L U DR,2,11,48,8,2,16,4
UR ul BS R U DR L,2,11,48,8,2,15,3
UR ul BS R U L DR,2,11,48,8,2,14,3
UR ul BS U L R DR,2,11,48,8,2,14,4
UR ul BS U R DR L,2,11,48,8,2,13,3
UR ul BS U R L DR,2,11,48,8,2,16,4
UR ul L BS R DR U,2,11,48,8,2,13,3
UR ul L BS R U DR,2,11,48,8,2,14,3
UR ul L BS U R DR,2,11,48,8,2,12,3
UR ul L R BS DR U,2,11,48,8,2,15,4
UR ul L R BS U DR,2,11,48,8,2,16,4
UR ul L R DR BS U,2,11,48,8,2,13,4
UR ul L R U BS DR,2,11,48,8,2,14,4
UR ul L U BS R DR,2,11,48,8,2,12,3
UR ul L U R BS DR,2,11,48,8,2,12,3
UR ul R BS L DR U,2,11,48,8,2,13,3
UR ul R BS L U DR,2,11,48,8,2,12,3
UR ul R BS U DR L,2,11,48,8,2,13,3
UR ul R BS U L DR,2,11,48,8,2,12,3
UR ul R DR L BS U,2,11,48,8,2,11,3
UR ul R DR U BS L,2,11,48,8,2,11,3
UR ul R L BS DR U,2,11,48,8,2,13,4
UR ul R L BS U DR,2,11,48,8,2,14,4
UR ul R L DR BS U,2,11,48,8,2,13,4
UR ul R L U BS DR,2,11,48,8,2,12,4
UR ul R U BS DR L,2,11,48,8,2,11,3
UR ul R U BS L DR,2,11,48,8,2,12,3
UR ul R U DR BS L,2,11,48,8,2,11,3
UR ul R U L BS DR,2,11,48,8,2,10,2
UR ul U BS L R DR,2,11,48,8,2,14,4
UR ul U BS R DR L,2,11,48,8,2,13,3
UR ul U BS R L DR,2,11,48,8,2,16,4
UR ul U L BS R DR,2,11,48,8,2,12,3
UR ul U L R BS DR,2,11,48,8,2,14,4
UR ul U R BS DR L,2,11,48,8,2,13,3
UR ul U R BS L DR,2,11,48,8,2,14,3
UR ul U R DR BS L,2,11,48,8,2,11,3
UR ul U R L BS DR,2,11,48,8,2,14,4
BS DR L R ul UR U,2,12,49,7,2,12,4
BS DR L ul R UR U,2,12,49,7,2,10,3
BS DR R L ul UR U,2,12,49,7,2,12,4
BS DR R ul L UR U,2,12,49,7,2,10,3
BS DR R ul UR L U,2,12,49,7,2,10,3
BS DR R ul UR U L,2,12,49,7,2,8,2
BS DR ul L R UR U,2,12,49,7,2,12,4
BS DR ul R L UR U,2,12,49,7,2,12,4
BS DR ul R UR L U,2,12,49,7,2,10,3
BS DR ul R UR U L,2,12,49,7,2,8,2
BS R DR L ul UR U,2,12,49,7,2,12,3
BS R DR ul L UR U,2,12,49,7,2,12,3
BS R DR ul UR L U,2,12,49,7,2,12,3
BS R DR ul UR U L,2,12,49,7,2,10,2
BS R ul DR L UR U,2,12,49,7,2,12,3
BS R ul DR UR L U,2,12,49,7,2,12,3
BS R ul DR UR U L,2,12,49,7,2,10,2
BS ul DR L R UR U,2,12,49,7,2,14,4
BS ul DR R L UR U,2,12,49,7,2,14,4
BS ul DR R UR L U,2,12,49,7,2,12,3
BS ul DR R UR U L,2,12,49,7,2,10,3
BS ul R DR L UR U,2,12,49,7,2,12,3
BS ul R DR UR L U,2,12,49,7,2,12,3
BS ul R DR UR U L,2,12,49,7,2,10,3
DR BS L R ul UR U,2,12,49,7,2,11,4
DR BS L ul R UR U,2,12,49,7,2,9,3
DR BS R L ul UR U,2,12,49,7,2,13,4
DR BS R ul L UR U,2,12,49,7,2,11,3
DR BS R ul UR L U,2,12,49,7,2,11,3
DR BS R ul UR U L,2,12,49,7,2,9,2
DR BS ul L R UR U,2,12,49,7,2,13,4
DR BS ul R L UR U,2,12,49,7,2,13,4
DR BS ul R UR L U,2,12,49,7,2,11,3
DR BS ul R UR U L,2,12,49,7,2,9,3
DR R BS L ul UR U,2,12,49,7,2,11,3
DR R BS ul L UR U,2,12,49,7,2,13,3
DR R BS ul UR L U,2,12,49,7,2,13,3
DR R BS ul UR U L,2,12,49,7,2,11,3
DR R ul BS L UR U,2,12,49,7,2,11,3
DR R ul BS UR L U,2,12,49,7,2,13,3
DR R ul BS UR U L,2,12,49,7,2,11,3
DR R ul UR BS L U,2,12,49,7,2,11,3
DR R ul UR BS U L,2,12,49,7,2,11,3
DR ul BS L R UR U,2,12,49,7,2,13,4
DR ul BS R L UR U,2,12,49,7,2,15,4
DR ul BS R UR L U,2,12,49,7,2,13,3
DR ul BS R UR U L,2,12,49,7,2,11,3
DR ul R BS L UR U,2,12,49,7,2,11,3
DR ul R BS UR L U,2,12,49,7,2,13,3
DR ul R BS UR U L,2,12,49,7,2,11,3
DR ul R UR BS L U,2,12,49,7,2,11,3
DR ul R UR BS U L,2,12,49,7,2,11,3
R BS DR L ul UR U,2,12,49,7,2,12,3
R BS DR ul L UR U,2,12,49,7,2,12,3
R BS DR ul UR L U,2,12,49,7,2,12,3
R BS DR ul UR U L,2,12,49,7,2,10,2
R BS ul DR L UR U,2,12,49,7,2,14,3
R BS ul DR UR L U,2,12,49,7,2,14,3
R BS ul DR UR U L,2,12,49,7,2,12,3
R DR BS L ul UR U,2,12,49,7,2,10,3
R DR BS ul L UR U,2,12,49,7,2,12,3
R DR BS ul UR L U,2,12,49,7,2,12,3
R DR BS ul UR U L,2,12,49,7,2,10,3
R DR ul BS L UR U,2,12,49,7,2,12,3
R DR ul BS UR L U,2,12,49,7,2,14,3
R DR ul BS UR U L,2,12,49,7,2,12,3
R DR ul UR BS L U,2,12,49,7,2,12,3
R DR ul UR BS U L,2,12,49,7,2,12,3
R ul BS DR L UR U,2,12,49,7,2,12,3
R ul BS DR UR L U,2,12,49,7,2,12,3
R ul BS DR UR U L,2,12,49,7,2,10,3
R ul DR BS L UR U,2,12,49,7,2,10,3
R ul DR BS UR L U,2,12,49,7,2,12,3
R ul DR BS UR U L,2,12,49,7,2,10,3
R ul DR UR BS L U,2,12,49,7,2,12,3
R ul DR UR BS U L,2,12,49,7,2,12,3
ul BS DR L R UR U,2,12,49,7,2,13,4
ul BS DR R L UR U,2,12,49,7,2,13,4
ul BS DR R UR L U,2,12,49,7,2,11,3
ul BS DR R UR U L,2,12,49,7,2,9,3
ul BS R DR L UR U,2,12,49,7,2,13,3
ul BS R DR UR L U,2,12,49,7,2,13,3
ul BS R DR UR U L,2,12,49,7,2,11,3
ul DR BS L R UR U,2,12,49,7,2,11,4
ul DR BS R L UR U,2,12,49,7,2,13,4
ul DR BS R UR L U,2,12,49,7,2,11,3
ul DR BS R UR U L,2,12,49,7,2,9,2
ul DR R BS L UR U,2,12,49,7,2,11,3
ul DR R BS UR L U,2,12,49,7,2,13,3
ul DR R BS UR U L,2,12,49,7,2,11,3
ul DR R UR BS L U,2,12,49,7,2,11,3
ul DR R UR BS U L,2,12,49,7,2,11,3
ul R BS DR L UR U,2,12,49,7,2,11,3
ul R BS DR UR L U,2,12,49,7,2,11,3
ul R BS DR UR U L,2,12,49,7,2,9,2
ul R DR BS L UR U,2,12,49,7,2,9,3
ul R DR BS UR L U,2,12,49,7,2,11,3
ul R DR BS UR U L,2,12,49,7,2,9,3
ul R DR UR BS L U,2,12,49,7,2,11,3
ul R DR UR BS U L,2,12,49,7,2,11,3
BS U ul UR L R DR,2,12,49,8,2,15,4
BS U ul UR R DR L,2,12,49,8,2,12,3
BS U ul UR R L DR,2,12,49,8,2,15,4
BS U UR L R ul DR,2,12,49,8,2,13,4
BS U UR L ul R DR,2,12,49,8,2,11,3
BS U UR R DR ul L,2,12,49,8,2,10,3
BS U UR R L ul DR,2,12,49,8,2,13,4
BS U UR R ul DR L,2,12,49,8,2,10,3
BS U UR R ul L DR,2,12,49,8,2,11,3
BS U UR ul L R DR,2,12,49,8,2,13,4
BS U UR ul R DR L,2,12,49,8,2,10,3
BS U UR ul R L DR,2,12,49,8,2,13,4
BS ul U UR L R DR,2,12,49,8,2,15,4
BS ul U UR R DR L,2,12,49,8,2,12,3
BS ul U UR R L DR,2,12,49,8,2,15,4
U BS ul UR L R DR,2,12,49,8,2,15,4
U BS ul UR R DR L,2,12,49,8,2,12,3
U BS ul UR R L DR,2,12,49,8,2,15,4
U BS UR L R ul DR,2,12,49,8,2,15,4
U BS UR L ul R DR,2,12,49,8,2,13,3
U BS UR R DR ul L,2,12,49,8,2,12,3
U BS UR R L ul DR,2,12,49,8,2,15,4
U BS UR R ul DR L,2,12,49,8,2,12,3
U BS UR R ul L DR,2,12,49,8,2,13,3
U BS UR ul L R DR,2,12,49,8,2,15,4
U BS UR ul R DR L,2,12,49,8,2,12,3
U BS UR ul R L DR,2,12,49,8,2,15,4
U ul BS UR L R DR,2,12,49,8,2,17,4
U ul BS UR R DR L,2,12,49,8,2,14,3
U ul BS UR R L DR,2,12,49,8,2,17,4
U ul UR BS L R DR,2,12,49,8,2,15,4
U ul UR BS R DR L,2,12,49,8,2,14,3
U ul UR BS R L DR,2,12,49,8,2,17,4
U ul UR L BS R DR,2,12,49,8,2,13,3
U ul UR L R BS DR,2,12,49,8,2,15,4
U ul UR R BS DR L,2,12,49,8,2,12,3
U ul UR R BS L DR,2,12,49,8,2,13,3
U ul UR R DR BS L,2,12,49,8,2,10,3
U ul UR R L BS DR,2,12,49,8,2,13,4
U UR BS L R ul DR,2,12,49,8,2,13,4
U UR BS L ul R DR,2,12,49,8,2,11,3
U UR BS R DR ul L,2,12,49,8,2,12,3
U UR BS R L ul DR,2,12,49,8,2,15,4
U UR BS R ul DR L,2,12,49,8,2,12,3
U UR BS R ul L DR,2,12,49,8,2,13,3
U UR BS ul L R DR,2,12,49,8,2,15,4
U UR BS ul R DR L,2,12,49,8,2,12,3
U UR BS ul R L DR,2,12,49,8,2,15,4
U UR L BS R ul DR,2,12,49,8,2,11,3
U UR L BS ul R DR,2,12,49,8,2,11,3
U UR L R BS ul DR,2,12,49,8,2,15,4
U UR L R ul BS DR,2,12,49,8,2,13,4
U UR L ul BS R DR,2,12,49,8,2,13,3
U UR L ul R BS DR,2,12,49,8,2,11,3
U UR R BS DR ul L,2,12,49,8,2,10,3
U UR R BS L ul DR,2,12,49,8,2,11,3
U UR R BS ul DR L,2,12,49,8,2,12,3
U UR R BS ul L DR,2,12,49,8,2,13,3
U UR R L BS ul DR,2,12,49,8,2,13,4
U UR R L ul BS DR,2,12,49,8,2,13,4
U UR R ul BS DR L,2,12,49,8,2,10,3
U UR R ul BS L DR,2,12,49,8,2,11,3
U UR R ul DR BS L,2,12,49,8,2,8,2
U UR R ul L BS DR,2,12,49,8,2,9,3
U UR ul BS L R DR,2,12,49,8,2,13,4
U UR ul BS R DR L,2,12,49,8,2,12,3
U UR ul BS R L DR,2,12,49,8,2,15,4
U UR ul L BS R DR,2,12,49,8,2,11,3
U UR ul L R BS DR,2,12,49,8,2,13,4
U UR ul R BS DR L,2,12,49,8,2,10,3
U UR ul R BS L DR,2,12,49,8,2,11,3
U UR ul R DR BS L,2,12,49,8,2,8,2
U UR ul R L BS DR,2,12,49,8,2,11,4
ul BS U UR L R DR,2,12,49,8,2,14,4
ul BS U UR R DR L,2,12,49,8,2,11,3
ul BS U UR R L DR,2,12,49,8,2,14,4
ul U BS UR L R DR,2,12,49,8,2,16,4
ul U BS UR R DR L,2,12,49,8,2,13,3
ul U BS UR R L DR,2,12,49,8,2,16,4
ul U UR BS L R DR,2,12,49,8,2,14,4
ul U UR BS R DR L,2,12,49,8,2,13,3
ul U UR BS R L DR,2,12,49,8,2,16,4
ul U UR L BS R DR,2,12,49,8,2,12,3
ul U UR L R BS DR,2,12,49,8,2,14,4
ul U UR R BS DR L,2,12,49,8,2,11,3
ul U UR R BS L DR,2,12,49,8,2,12,3
ul U UR R DR BS L,2,12,49,8,2,9,3
ul U UR R L BS DR,2,12,49,8,2,12,4
BS DR L UR R U ul,2,12,50,6,2,13,3
BS DR UR L R U ul,2,12,50,6,2,15,4
BS DR UR R L U ul,2,12,50,6,2,13,4
BS DR UR R U L ul,2,12,50,6,2,11,3
BS DR UR U L R ul,2,12,50,6,2,11,4
BS DR UR U R L ul,2,12,50,6,2,13,4
BS UR DR L R U ul,2,12,50,6,2,17,4
BS UR DR R L U ul,2,12,50,6,2,15,4
BS UR DR R U L ul,2,12,50,6,2,13,3
BS UR DR U L R ul,2,12,50,6,2,15,4
BS UR DR U R L ul,2,12,50,6,2,17,4
BS UR R DR L U ul,2,12,50,6,2,13,3
BS UR R DR U L ul,2,12,50,6,2,13,3
BS UR U DR L R ul,2,12,50,6,2,15,4
BS UR U DR R L ul,2,12,50,6,2,15,4
DR BS L UR R U ul,2,12,50,6,2,12,3
DR BS UR L R U ul,2,12,50,6,2,16,4
DR BS UR R L U ul,2,12,50,6,2,14,4
DR BS UR R U L ul,2,12,50,6,2,12,3
DR BS UR U L R ul,2,12,50,6,2,12,4
DR BS UR U R L ul,2,12,50,6,2,14,4
DR L BS UR U R ul,2,12,50,6,2,12,3
DR L UR BS U R ul,2,12,50,6,2,14,3
DR L UR U BS R ul,2,12,50,6,2,12,3
DR UR BS L R U ul,2,12,50,6,2,16,4
DR UR BS R L U ul,2,12,50,6,2,16,4
DR UR BS R U L ul,2,12,50,6,2,14,3
DR UR BS U L R ul,2,12,50,6,2,14,4
DR UR BS U R L ul,2,12,50,6,2,16,4
DR UR L BS U R ul,2,12,50,6,2,12,3
DR UR L U BS R ul,2,12,50,6,2,12,3
DR UR R BS L U ul,2,12,50,6,2,12,3
DR UR R BS U L ul,2,12,50,6,2,12,3
DR UR U BS L R ul,2,12,50,6,2,12,4
DR UR U BS R L ul,2,12,50,6,2,14,4
DR UR U L BS R ul,2,12,50,6,2,10,2
L DR BS UR U R ul,2,12,50,6,2,11,3
L DR UR BS U R ul,2,12,50,6,2,13,3
L DR UR U BS R ul,2,12,50,6,2,11,3
L UR DR BS U R ul,2,12,50,6,2,11,3
L UR DR U BS R ul,2,12,50,6,2,13,3
L UR U DR BS R ul,2,12,50,6,2,11,3
UR BS DR L R U ul,2,12,50,6,2,16,4
UR BS DR R L U ul,2,12,50,6,2,14,4
UR BS DR R U L ul,2,12,50,6,2,12,3
UR BS DR U L R ul,2,12,50,6,2,14,4
UR BS DR U R L ul,2,12,50,6,2,16,4
UR BS R DR L U ul,2,12,50,6,2,14,3
UR BS R DR U L ul,2,12,50,6,2,14,3
UR BS U DR L R ul,2,12,50,6,2,16,4
UR BS U DR R L ul,2,12,50,6,2,16,4
UR DR BS L R U ul,2,12,50,6,2,14,4
UR DR BS R L U ul,2,12,50,6,2,14,4
UR DR BS R U L ul,2,12,50,6,2,12,3
UR DR BS U L R ul,2,12,50,6,2,12,4
UR DR BS U R L ul,2,12,50,6,2,14,4
UR DR L BS U R ul,2,12,50,6,2,12,3
UR DR L U BS R ul,2,12,50,6,2,12,3
UR DR R BS L U ul,2,12,50,6,2,12,3
UR DR R BS U L ul,2,12,50,6,2,12,3
UR DR U BS L R ul,2,12,50,6,2,14,4
UR DR U BS R L ul,2,12,50,6,2,16,4
UR DR U L BS R ul,2,12,50,6,2,12,3
UR L DR BS U R ul,2,12,50,6,2,12,3
UR L DR U BS R ul,2,12,50,6,2,14,3
UR L U DR BS R ul,2,12,50,6,2,12,3
UR R BS DR L U ul,2,12,50,6,2,12,3
UR R BS DR U L ul,2,12,50,6,2,12,3
UR R DR BS L U ul,2,12,50,6,2,10,3
UR R DR BS U L ul,2,12,50,6,2,10,3
UR U BS DR L R ul,2,12,50,6,2,12,4
UR U BS DR R L ul,2,12,50,6,2,12,4
UR U DR BS L R ul,2,12,50,6,2,12,4
UR U DR BS R L ul,2,12,50,6,2,14,4
UR U DR L BS R ul,2,12,50,6,2,12,3
UR U L DR BS R ul,2,12,50,6,2,10,3
BS R U UR DR L ul,2,12,50,7,2,13,3
BS R U UR L DR ul,2,12,50,7,2,13,3
BS U R UR DR L ul,2,12,50,7,2,13,3
BS U R UR L DR ul,2,12,50,7,2,13,3
DR L BS R UR U ul,2,12,50,7,2,12,3
DR L R BS UR U ul,2,12,50,7,2,16,4
DR L R UR BS U ul,2,12,50,7,2,16,4
DR L R UR U BS ul,2,12,50,7,2,14,4
DR R L BS UR U ul,2,12,50,7,2,14,4
DR R L UR BS U ul,2,12,50,7,2,16,4
DR R L UR U BS ul,2,12,50,7,2,14,4
DR R U UR BS L ul,2,12,50,7,2,12,3
DR R U UR L BS ul,2,12,50,7,2,12,3
DR R UR L BS U ul,2,12,50,7,2,12,3
DR R UR L U BS ul,2,12,50,7,2,12,3
DR R UR U BS L ul,2,12,50,7,2,10,3
DR R UR U L BS ul,2,12,50,7,2,10,3
L DR BS R UR U ul,2,12,50,7,2,11,3
L DR R BS UR U ul,2,12,50,7,2,13,3
L DR R UR BS U ul,2,12,50,7,2,13,3
L DR R UR U BS ul,2,12,50,7,2,11,3
L R DR BS UR U ul,2,12,50,7,2,13,4
L R DR UR BS U ul,2,12,50,7,2,15,4
L R DR UR U BS ul,2,12,50,7,2,13,4
L R UR DR BS U ul,2,12,50,7,2,13,4
L R UR DR U BS ul,2,12,50,7,2,15,4
L R UR U DR BS ul,2,12,50,7,2,13,4
R BS U UR DR L ul,2,12,50,7,2,13,3
R BS U UR L DR ul,2,12,50,7,2,13,3
R DR L BS UR U ul,2,12,50,7,2,13,3
R DR L UR BS U ul,2,12,50,7,2,15,3
R DR L UR U BS ul,2,12,50,7,2,13,3
R DR U UR BS L ul,2,12,50,7,2,13,3
R DR U UR L BS ul,2,12,50,7,2,13,3
R DR UR L BS U ul,2,12,50,7,2,13,3
R DR UR L U BS ul,2,12,50,7,2,13,3
R DR UR U BS L ul,2,12,50,7,2,11,3
R DR UR U L BS ul,2,12,50,7,2,11,3
R L DR BS UR U ul,2,12,50,7,2,15,4
R L DR UR BS U ul,2,12,50,7,2,17,4
R L DR UR U BS ul,2,12,50,7,2,15,4
R L UR DR BS U ul,2,12,50,7,2,15,4
R L UR DR U BS ul,2,12,50,7,2,17,4
R L UR U DR BS ul,2,12,50,7,2,15,4
R U BS UR DR L ul,2,12,50,7,2,15,3
R U BS UR L DR ul,2,12,50,7,2,15,3
R U UR BS DR L ul,2,12,50,7,2,13,3
R U UR BS L DR ul,2,12,50,7,2,13,3
R U UR L BS DR ul,2,12,50,7,2,11,3
R UR DR L BS U ul,2,12,50,7,2,13,3
R UR DR L U BS ul,2,12,50,7,2,13,3
R UR DR U BS L ul,2,12,50,7,2,13,3
R UR DR U L BS ul,2,12,50,7,2,13,3
R UR L DR BS U ul,2,12,50,7,2,13,3
R UR L DR U BS ul,2,12,50,7,2,15,3
R UR L U DR BS ul,2,12,50,7,2,13,3
R UR U DR BS L ul,2,12,50,7,2,11,3
R UR U DR L BS ul,2,12,50,7,2,13,3
R UR U L DR BS ul,2,12,50,7,2,11,3
U BS R UR DR L ul,2,12,50,7,2,13,3
U BS R UR L DR ul,2,12,50,7,2,13,3
U R BS UR DR L ul,2,12,50,7,2,15,3
U R BS UR L DR ul,2,12,50,7,2,15,3
U R UR BS DR L ul,2,12,50,7,2,13,3
U R UR BS L DR ul,2,12,50,7,2,13,3
U R UR L BS DR ul,2,12,50,7,2,11,3
BS DR U UR L R ul,2,12,51,6,2,13,4
BS DR U UR R L ul,2,12,51,6,2,13,4
BS U DR UR L R ul,2,12,51,6,2,15,4
BS U DR UR R L ul,2,12,51,6,2,15,4
BS U UR DR L R ul,2,12,51,6,2,13,4
BS U UR DR R L ul,2,12,51,6,2,13,4
DR BS U UR L R ul,2,12,51,6,2,12,4
DR BS U UR R L ul,2,12,51,6,2,12,4
DR U BS UR L R ul,2,12,51,6,2,16,4
DR U BS UR R L ul,2,12,51,6,2,16,4
DR U UR BS L R ul,2,12,51,6,2,14,4
DR U UR BS R L ul,2,12,51,6,2,16,4
DR U UR L BS R ul,2,12,51,6,2,12,3
U BS DR UR L R ul,2,12,51,6,2,13,4
U BS DR UR R L ul,2,12,51,6,2,13,4
U BS UR DR L R ul,2,12,51,6,2,15,4
U BS UR DR R L ul,2,12,51,6,2,15,4
U DR BS UR L R ul,2,12,51,6,2,15,4
U DR BS UR R L ul,2,12,51,6,2,15,4
U DR UR BS L R ul,2,12,51,6,2,15,4
U DR UR BS R L ul,2,12,51,6,2,17,4
U DR UR L BS R ul,2,12,51,6,2,13,3
U UR BS DR L R ul,2,12,51,6,2,13,4
U UR BS DR R L ul,2,12,51,6,2,13,4
U UR DR BS L R ul,2,12,51,6,2,11,4
U UR DR BS R L ul,2,12,51,6,2,13,4
U UR DR L BS R ul,2,12,51,6,2,11,3
U UR L DR BS R ul,2,12,51,6,2,11,3
BS DR L R U ul UR,2,12,51,8,2,15,4
BS DR L R ul U UR,2,12,51,8,2,13,4
BS DR L ul R U UR,2,12,51,8,2,11,3
BS DR R L U ul UR,2,12,51,8,2,13,4
BS DR R L ul U UR,2,12,51,8,2,13,4
BS DR R U L ul UR,2,12,51,8,2,11,3
BS DR R U ul L UR,2,12,51,8,2,13,3
BS DR R U ul UR L,2,12,51,8,2,12,3
BS DR R U UR ul L,2,12,51,8,2,10,3
BS DR R ul L U UR,2,12,51,8,2,9,3
BS DR R ul U L UR,2,12,51,8,2,11,3
BS DR R ul U UR L,2,12,51,8,2,10,3
BS DR ul L R U UR,2,12,51,8,2,13,4
BS DR ul R L U UR,2,12,51,8,2,11,4
BS DR ul R U L UR,2,12,51,8,2,11,3
BS DR ul R U UR L,2,12,51,8,2,10,3
BS R DR L U ul UR,2,12,51,8,2,13,3
BS R DR L ul U UR,2,12,51,8,2,13,3
BS R DR U L ul UR,2,12,51,8,2,13,3
BS R DR U ul L UR,2,12,51,8,2,15,3
BS R DR U ul UR L,2,12,51,8,2,14,3
BS R DR U UR ul L,2,12,51,8,2,12,3
BS R DR ul L U UR,2,12,51,8,2,11,3
BS R DR ul U L UR,2,12,51,8,2,13,3
BS R DR ul U UR L,2,12,51,8,2,12,3
BS R ul DR L U UR,2,12,51,8,2,11,3
BS R ul DR U L UR,2,12,51,8,2,13,3
BS R ul DR U UR L,2,12,51,8,2,12,3
BS ul DR L R U UR,2,12,51,8,2,15,4
BS ul DR R L U UR,2,12,51,8,2,13,4
BS ul DR R U L UR,2,12,51,8,2,13,3
BS ul DR R U UR L,2,12,51,8,2,12,3
BS ul R DR L U UR,2,12,51,8,2,11,3
BS ul R DR U L UR,2,12,51,8,2,13,3
BS ul R DR U UR L,2,12,51,8,2,12,3
DR BS L R U ul UR,2,12,51,8,2,14,4
DR BS L R ul U UR,2,12,51,8,2,12,4
DR BS L ul R U UR,2,12,51,8,2,10,3
DR BS R L U ul UR,2,12,51,8,2,14,4
DR BS R L ul U UR,2,12,51,8,2,14,4
DR BS R U L ul UR,2,12,51,8,2,12,3
DR BS R U ul L UR,2,12,51,8,2,14,3
DR BS R U ul UR L,2,12,51,8,2,13,3
DR BS R U UR ul L,2,12,51,8,2,11,3
DR BS R ul L U UR,2,12,51,8,2,10,3
DR BS R ul U L UR,2,12,51,8,2,12,3
DR BS R ul U UR L,2,12,51,8,2,11,3
DR BS ul L R U UR,2,12,51,8,2,14,4
DR BS ul R L U UR,2,12,51,8,2,12,4
DR BS ul R U L UR,2,12,51,8,2,12,3
DR BS ul R U UR L,2,12,51,8,2,11,3
DR L BS R ul UR U,2,12,51,8,2,11,3
DR L BS ul R UR U,2,12,51,8,2,11,3
DR L R BS ul UR U,2,12,51,8,2,15,4
DR L R ul BS UR U,2,12,51,8,2,15,4
DR L R ul UR BS U,2,12,51,8,2,15,4
DR L ul BS R UR U,2,12,51,8,2,13,3
DR L ul R BS UR U,2,12,51,8,2,13,3
DR L ul R UR BS U,2,12,51,8,2,13,3
DR R BS L U ul UR,2,12,51,8,2,12,3
DR R BS L ul U UR,2,12,51,8,2,12,3
DR R BS U L ul UR,2,12,51,8,2,12,3
DR R BS U ul L UR,2,12,51,8,2,14,3
DR R BS U ul UR L,2,12,51,8,2,13,3
DR R BS U UR ul L,2,12,51,8,2,11,3
DR R BS ul L U UR,2,12,51,8,2,12,3
DR R BS ul U L UR,2,12,51,8,2,14,3
DR R BS ul U UR L,2,12,51,8,2,13,3
DR R L BS ul UR U,2,12,51,8,2,13,4
DR R L ul BS UR U,2,12,51,8,2,15,4
DR R L ul UR BS U,2,12,51,8,2,15,4
DR R U BS L ul UR,2,12,51,8,2,12,3
DR R U BS ul L UR,2,12,51,8,2,14,3
DR R U BS ul UR L,2,12,51,8,2,13,3
DR R U BS UR ul L,2,12,51,8,2,13,3
DR R U ul BS L UR,2,12,51,8,2,14,3
DR R U ul BS UR L,2,12,51,8,2,15,3
DR R U ul UR BS L,2,12,51,8,2,13,3
DR R ul BS L U UR,2,12,51,8,2,10,3
DR R ul BS U L UR,2,12,51,8,2,12,3
DR R ul BS U UR L,2,12,51,8,2,11,3
DR R ul L BS UR U,2,12,51,8,2,11,3
DR R ul L UR BS U,2,12,51,8,2,13,3
DR R ul U BS L UR,2,12,51,8,2,12,3
DR R ul U BS UR L,2,12,51,8,2,13,3
DR R ul U UR BS L,2,12,51,8,2,11,3
DR R ul UR L BS U,2,12,51,8,2,11,3
DR R ul UR U BS L,2,12,51,8,2,9,2
DR ul BS L R U UR,2,12,51,8,2,14,4
DR ul BS R L U UR,2,12,51,8,2,14,4
DR ul BS R U L UR,2,12,51,8,2,14,3
DR ul BS R U UR L,2,12,51,8,2,13,3
DR ul L BS R UR U,2,12,51,8,2,11,3
DR ul L R BS UR U,2,12,51,8,2,15,4
DR ul L R UR BS U,2,12,51,8,2,15,4
DR ul R BS L U UR,2,12,51,8,2,10,2
DR ul R BS U L UR,2,12,51,8,2,12,3
DR ul R BS U UR L,2,12,51,8,2,11,3
DR ul R L BS UR U,2,12,51,8,2,13,4
DR ul R L UR BS U,2,12,51,8,2,15,4
DR ul R U BS L UR,2,12,51,8,2,12,3
DR ul R U BS UR L,2,12,51,8,2,13,3
DR ul R U UR BS L,2,12,51,8,2,11,3
DR ul R UR L BS U,2,12,51,8,2,11,3
DR ul R UR U BS L,2,12,51,8,2,9,2
L DR BS R ul UR U,2,12,51,8,2,10,3
L DR BS ul R UR U,2,12,51,8,2,10,3
L DR R BS ul UR U,2,12,51,8,2,12,3
L DR R ul BS UR U,2,12,51,8,2,12,3
L DR R ul UR BS U,2,12,51,8,2,12,3
L DR ul BS R UR U,2,12,51,8,2,12,3
L DR ul R BS UR U,2,12,51,8,2,12,3
L DR ul R UR BS U,2,12,51,8,2,12,3
L R DR BS ul UR U,2,12,51,8,2,12,4
L R DR ul BS UR U,2,12,51,8,2,14,4
L R DR ul UR BS U,2,12,51,8,2,14,4
L R ul DR BS UR U,2,12,51,8,2,12,4
L R ul DR UR BS U,2,12,51,8,2,14,4
L ul DR BS R UR U,2,12,51,8,2,10,3
L ul DR R BS UR U,2,12,51,8,2,12,3
L ul DR R UR BS U,2,12,51,8,2,12,3
L ul R DR BS UR U,2,12,51,8,2,10,3
L ul R DR UR BS U,2,12,51,8,2,12,3
R BS DR L U ul UR,2,12,51,8,2,13,3
R BS DR L ul U UR,2,12,51,8,2,13,3
R BS DR U L ul UR,2,12,51,8,2,13,3
R BS DR U ul L UR,2,12,51,8,2,15,3
R BS DR U ul UR L,2,12,51,8,2,14,3
R BS DR U UR ul L,2,12,51,8,2,12,3
R BS DR ul L U UR,2,12,51,8,2,11,3
R BS DR ul U L UR,2,12,51,8,2,13,3
R BS DR ul U UR L,2,12,51,8,2,12,3
R BS ul DR L U UR,2,12,51,8,2,13,3
R BS ul DR U L UR,2,12,51,8,2,15,3
R BS ul DR U UR L,2,12,51,8,2,14,3
R DR BS L U ul UR,2,12,51,8,2,11,3
R DR BS L ul U UR,2,12,51,8,2,11,3
R DR BS U L ul UR,2,12,51,8,2,11,3
R DR BS U ul L UR,2,12,51,8,2,13,3
R DR BS U ul UR L,2,12,51,8,2,12,3
R DR BS U UR ul L,2,12,51,8,2,10,3
R DR BS ul L U UR,2,12,51,8,2,11,3
R DR BS ul U L UR,2,12,51,8,2,13,3
R DR BS ul U UR L,2,12,51,8,2,12,3
R DR L BS ul UR U,2,12,51,8,2,12,3
R DR L ul BS UR U,2,12,51,8,2,14,3
R DR L ul UR BS U,2,12,51,8,2,14,3
R DR U BS L ul UR,2,12,51,8,2,13,3
R DR U BS ul L UR,2,12,51,8,2,15,3
R DR U BS ul UR L,2,12,51,8,2,14,3
R DR U BS UR ul L,2,12,51,8,2,14,3
R DR U ul BS L UR,2,12,51,8,2,15,3
R DR U ul BS UR L,2,12,51,8,2,16,3
R DR U ul UR BS L,2,12,51,8,2,14,3
R DR ul BS L U UR,2,12,51,8,2,11,3
R DR ul BS U L UR,2,12,51,8,2,13,3
R DR ul BS U UR L,2,12,51,8,2,12,3
R DR ul L BS UR U,2,12,51,8,2,12,3
R DR ul L UR BS U,2,12,51,8,2,14,3
R DR ul U BS L UR,2,12,51,8,2,13,3
R DR ul U BS UR L,2,12,51,8,2,14,3
R DR ul U UR BS L,2,12,51,8,2,12,3
R DR ul UR L BS U,2,12,51,8,2,12,3
R DR ul UR U BS L,2,12,51,8,2,10,2
R L DR BS ul UR U,2,12,51,8,2,14,4
R L DR ul BS UR U,2,12,51,8,2,16,4
R L DR ul UR BS U,2,12,51,8,2,16,4
R L ul DR BS UR U,2,12,51,8,2,14,4
R L ul DR UR BS U,2,12,51,8,2,16,4
R ul BS DR L U UR,2,12,51,8,2,11,3
R ul BS DR U L UR,2,12,51,8,2,13,3
R ul BS DR U UR L,2,12,51,8,2,12,3
R ul DR BS L U UR,2,12,51,8,2,9,2
R ul DR BS U L UR,2,12,51,8,2,11,3
R ul DR BS U UR L,2,12,51,8,2,10,3
R ul DR L BS UR U,2,12,51,8,2,12,3
R ul DR L UR BS U,2,12,51,8,2,14,3
R ul DR U BS L UR,2,12,51,8,2,13,3
R ul DR U BS UR L,2,12,51,8,2,14,3
R ul DR U UR BS L,2,12,51,8,2,12,3
R ul DR UR L BS U,2,12,51,8,2,12,3
R ul DR UR U BS L,2,12,51,8,2,10,2
R ul L DR BS UR U,2,12,51,8,2,12,3
R ul L DR UR BS U,2,12,51,8,2,14,3
ul BS DR L R U UR,2,12,51,8,2,14,4
ul BS DR R L U UR,2,12,51,8,2,12,4
ul BS DR R U L UR,2,12,51,8,2,12,3
ul BS DR R U UR L,2,12,51,8,2,11,3
ul BS R DR L U UR,2,12,51,8,2,12,3
ul BS R DR U L UR,2,12,51,8,2,14,3
ul BS R DR U UR L,2,12,51,8,2,13,3
ul DR BS L R U UR,2,12,51,8,2,12,4
ul DR BS R L U UR,2,12,51,8,2,12,4
ul DR BS R U L UR,2,12,51,8,2,12,3
ul DR BS R U UR L,2,12,51,8,2,11,3
ul DR L BS R UR U,2,12,51,8,2,11,3
ul DR L R BS UR U,2,12,51,8,2,15,4
ul DR L R UR BS U,2,12,51,8,2,15,4
ul DR R BS L U UR,2,12,51,8,2,10,2
ul DR R BS U L UR,2,12,51,8,2,12,3
ul DR R BS U UR L,2,12,51,8,2,11,3
ul DR R L BS UR U,2,12,51,8,2,13,4
ul DR R L UR BS U,2,12,51,8,2,15,4
ul DR R U BS L UR,2,12,51,8,2,12,3
ul DR R U BS UR L,2,12,51,8,2,13,3
ul DR R U UR BS L,2,12,51,8,2,11,3
ul DR R UR L BS U,2,12,51,8,2,11,3
ul DR R UR U BS L,2,12,51,8,2,9,2
ul L DR BS R UR U,2,12,51,8,2,11,3
ul L DR R BS UR U,2,12,51,8,2,13,3
ul L DR R UR BS U,2,12,51,8,2,13,3
ul L R DR BS UR U,2,12,51,8,2,13,4
ul L R DR UR BS U,2,12,51,8,2,15,4
ul R BS DR L U UR,2,12,51,8,2,10,3
ul R BS DR U L UR,2,12,51,8,2,12,3
ul R BS DR U UR L,2,12,51,8,2,11,3
ul R DR BS L U UR,2,12,51,8,2,8,2
ul R DR BS U L UR,2,12,51,8,2,10,3
ul R DR BS U UR L,2,12,51,8,2,9,3
ul R DR L BS UR U,2,12,51,8,2,11,3
ul R DR L UR BS U,2,12,51,8,2,13,3
ul R DR U BS L UR,2,12,51,8,2,12,3
ul R DR U BS UR L,2,12,51,8,2,13,3
ul R DR U UR BS L,2,12,51,8,2,11,3
ul R DR UR L BS U,2,12,51,8,2,11,3
ul R DR UR U BS L,2,12,51,8,2,9,2
ul R L DR BS UR U,2,12,51,8,2,13,4
ul R L DR UR BS U,2,12,51,8,2,15,4
BS DR L U ul UR R,2,12,52,7,2,12,3
BS DR L U UR ul R,2,12,52,7,2,10,3
BS DR L ul U UR R,2,12,52,7,2,12,3
BS DR U L ul UR R,2,12,52,7,2,12,3
BS DR U L UR ul R,2,12,52,7,2,12,3
BS DR U ul L UR R,2,12,52,7,2,14,3
BS DR ul L U UR R,2,12,52,7,2,10,3
BS DR ul U L UR R,2,12,52,7,2,12,3
BS U DR L ul UR R,2,12,52,7,2,14,3
BS U DR L UR ul R,2,12,52,7,2,14,3
BS U DR ul L UR R,2,12,52,7,2,14,3
BS U ul DR L UR R,2,12,52,7,2,14,3
BS ul DR L U UR R,2,12,52,7,2,12,3
BS ul DR U L UR R,2,12,52,7,2,14,3
BS ul U DR L UR R,2,12,52,7,2,16,3
DR BS L U ul UR R,2,12,52,7,2,11,3
DR BS L U UR ul R,2,12,52,7,2,9,2
DR BS L ul U UR R,2,12,52,7,2,11,3
DR BS U L ul UR R,2,12,52,7,2,11,3
DR BS U L UR ul R,2,12,52,7,2,11,3
DR BS U ul L UR R,2,12,52,7,2,13,3
DR BS ul L U UR R,2,12,52,7,2,11,3
DR BS ul U L UR R,2,12,52,7,2,13,3
DR L BS UR R U ul,2,12,52,7,2,14,3
DR L UR BS R U ul,2,12,52,7,2,16,3
DR L UR R BS U ul,2,12,52,7,2,14,3
DR L UR R U BS ul,2,12,52,7,2,14,3
DR L UR U R BS ul,2,12,52,7,2,14,3
DR U BS L ul UR R,2,12,52,7,2,13,3
DR U BS L UR ul R,2,12,52,7,2,13,3
DR U BS ul L UR R,2,12,52,7,2,15,3
DR U ul BS L UR R,2,12,52,7,2,15,3
DR ul BS L U UR R,2,12,52,7,2,11,3
DR ul BS U L UR R,2,12,52,7,2,13,3
DR ul U BS L UR R,2,12,52,7,2,13,3
DR UR L BS R U ul,2,12,52,7,2,14,3
DR UR L R BS U ul,2,12,52,7,2,16,4
DR UR L R U BS ul,2,12,52,7,2,16,4
DR UR L U R BS ul,2,12,52,7,2,14,3
DR UR R L BS U ul,2,12,52,7,2,14,4
DR UR R L U BS ul,2,12,52,7,2,14,4
DR UR R U BS L ul,2,12,52,7,2,12,3
DR UR R U L BS ul,2,12,52,7,2,12,3
DR UR U L R BS ul,2,12,52,7,2,14,4
DR UR U R BS L ul,2,12,52,7,2,12,3
DR UR U R L BS ul,2,12,52,7,2,14,4
L DR BS UR R U ul,2,12,52,7,2,13,3
L DR UR BS R U ul,2,12,52,7,2,15,3
L DR UR R BS U ul,2,12,52,7,2,13,3
L DR UR R U BS ul,2,12,52,7,2,13,3
L DR UR U R BS ul,2,12,52,7,2,13,3
L UR DR BS R U ul,2,12,52,7,2,13,3
L UR DR R BS U ul,2,12,52,7,2,13,3
L UR DR R U BS ul,2,12,52,7,2,13,3
L UR DR U R BS ul,2,12,52,7,2,15,3
L UR R DR BS U ul,2,12,52,7,2,11,3
L UR R DR U BS ul,2,12,52,7,2,13,3
L UR R U DR BS ul,2,12,52,7,2,13,3
L UR U DR R BS ul,2,12,52,7,2,13,3
L UR U R DR BS ul,2,12,52,7,2,11,3
U BS DR L ul UR R,2,12,52,7,2,12,3
U BS DR L UR ul R,2,12,52,7,2,12,3
U BS DR ul L UR R,2,12,52,7,2,12,3
U BS ul DR L UR R,2,12,52,7,2,14,3
U DR BS L ul UR R,2,12,52,7,2,12,3
U DR BS L UR ul R,2,12,52,7,2,12,3
U DR BS ul L UR R,2,12,52,7,2,14,3
U DR ul BS L UR R,2,12,52,7,2,14,3
U ul BS DR L UR R,2,12,52,7,2,14,3
U ul DR BS L UR R,2,12,52,7,2,12,3
ul BS DR L U UR R,2,12,52,7,2,11,3
ul BS DR U L UR R,2,12,52,7,2,13,3
ul BS U DR L UR R,2,12,52,7,2,15,3
ul DR BS L U UR R,2,12,52,7,2,9,2
ul DR BS U L UR R,2,12,52,7,2,11,3
ul DR U BS L UR R,2,12,52,7,2,13,3
ul U BS DR L UR R,2,12,52,7,2,13,3
ul U DR BS L UR R,2,12,52,7,2,13,3
UR DR L BS R U ul,2,12,52,7,2,14,3
UR DR L R BS U ul,2,12,52,7,2,16,4
UR DR L R U BS ul,2,12,52,7,2,16,4
UR DR L U R BS ul,2,12,52,7,2,14,3
UR DR R L BS U ul,2,12,52,7,2,14,4
UR DR R L U BS ul,2,12,52,7,2,14,4
UR DR R U BS L ul,2,12,52,7,2,12,3
UR DR R U L BS ul,2,12,52,7,2,12,3
UR DR U L R BS ul,2,12,52,7,2,16,4
UR DR U R BS L ul,2,12,52,7,2,14,3
UR DR U R L BS ul,2,12,52,7,2,16,4
UR L DR BS R U ul,2,12,52,7,2,14,3
UR L DR R BS U ul,2,12,52,7,2,14,3
UR L DR R U BS ul,2,12,52,7,2,14,3
UR L DR U R BS ul,2,12,52,7,2,16,3
UR L R DR BS U ul,2,12,52,7,2,14,4
UR L R DR U BS ul,2,12,52,7,2,16,4
UR L R U DR BS ul,2,12,52,7,2,16,4
UR L U DR R BS ul,2,12,52,7,2,14,3
UR L U R DR BS ul,2,12,52,7,2,12,3
UR R DR L BS U ul,2,12,52,7,2,12,3
UR R DR L U BS ul,2,12,52,7,2,12,3
UR R DR U BS L ul,2,12,52,7,2,12,3
UR R DR U L BS ul,2,12,52,7,2,12,3
UR R L DR BS U ul,2,12,52,7,2,14,4
UR R L DR U BS ul,2,12,52,7,2,16,4
UR R L U DR BS ul,2,12,52,7,2,14,4
UR R U DR BS L ul,2,12,52,7,2,12,3
UR R U DR L BS ul,2,12,52,7,2,14,3
UR R U L DR BS ul,2,12,52,7,2,12,3
UR U DR L R BS ul,2,12,52,7,2,16,4
UR U DR R BS L ul,2,12,52,7,2,12,3
UR U DR R L BS ul,2,12,52,7,2,14,4
UR U L DR R BS ul,2,12,52,7,2,12,3
UR U L R DR BS ul,2,12,52,7,2,12,4
UR U R DR BS L ul,2,12,52,7,2,10,3
UR U R DR L BS ul,2,12,52,7,2,12,3
UR U R L DR BS ul,2,12,52,7,2,14,4
R U DR UR L ul BS,2,12,52,8,2,16,3
R U DR UR ul L BS,2,12,52,8,2,14,3
R U UR DR L ul BS,2,12,52,8,2,14,3
R U UR DR ul L BS,2,12,52,8,2,12,3
R U UR L DR ul BS,2,12,52,8,2,14,3
U R DR UR L ul BS,2,12,52,8,2,14,3
U R DR UR ul L BS,2,12,52,8,2,12,3
U R UR DR L ul BS,2,12,52,8,2,14,3
U R UR DR ul L BS,2,12,52,8,2,12,3
U R UR L DR ul BS,2,12,52,8,2,14,3
DR U R UR BS L ul,2,12,53,7,2,14,3
DR U R UR L BS ul,2,12,53,7,2,14,3
DR U UR L R BS ul,2,12,53,7,2,16,4
DR U UR R BS L ul,2,12,53,7,2,12,3
DR U UR R L BS ul,2,12,53,7,2,14,4
U DR R UR BS L ul,2,12,53,7,2,13,3
U DR R UR L BS ul,2,12,53,7,2,13,3
U DR UR L R BS ul,2,12,53,7,2,17,4
U DR UR R BS L ul,2,12,53,7,2,13,3
U DR UR R L BS ul,2,12,53,7,2,15,4
U UR DR L R BS ul,2,12,53,7,2,15,4
U UR DR R BS L ul,2,12,53,7,2,11,3
U UR DR R L BS ul,2,12,53,7,2,13,4
U UR L DR R BS ul,2,12,53,7,2,13,3
U UR L R DR BS ul,2,12,53,7,2,13,4
U UR R DR BS L ul,2,12,53,7,2,9,3
U UR R DR L BS ul,2,12,53,7,2,11,3
U UR R L DR BS ul,2,12,53,7,2,13,4
BS L R U DR ul UR,2,12,53,9,2,15,4
BS L R U ul DR UR,2,12,53,9,2,15,4
BS L R U ul UR DR,2,12,53,9,2,15,4
BS L R U UR ul DR,2,12,53,9,2,13,4
BS L R ul U DR UR,2,12,53,9,2,15,4
BS L R ul U UR DR,2,12,53,9,2,13,4
BS L U R DR ul UR,2,12,53,9,2,11,2
BS L U R ul DR UR,2,12,53,9,2,11,2
BS L U R ul UR DR,2,12,53,9,2,11,2
BS L U R UR ul DR,2,12,53,9,2,11,2
BS L U ul R DR UR,2,12,53,9,2,11,3
BS L U ul R UR DR,2,12,53,9,2,11,3
BS L ul R U DR UR,2,12,53,9,2,13,3
BS L ul R U UR DR,2,12,53,9,2,11,3
BS L ul U R DR UR,2,12,53,9,2,13,3
BS L ul U R UR DR,2,12,53,9,2,13,3
BS R L U DR ul UR,2,12,53,9,2,15,4
BS R L U ul DR UR,2,12,53,9,2,15,4
BS R L U ul UR DR,2,12,53,9,2,15,4
BS R L U UR ul DR,2,12,53,9,2,13,4
BS R L ul U DR UR,2,12,53,9,2,17,4
BS R L ul U UR DR,2,12,53,9,2,15,4
BS R U L DR ul UR,2,12,53,9,2,13,3
BS R U L ul DR UR,2,12,53,9,2,13,3
BS R U L ul UR DR,2,12,53,9,2,13,3
BS R U L UR ul DR,2,12,53,9,2,13,3
BS R U ul L DR UR,2,12,53,9,2,15,3
BS R U ul L UR DR,2,12,53,9,2,15,3
BS R ul L U DR UR,2,12,53,9,2,13,3
BS R ul L U UR DR,2,12,53,9,2,11,3
BS R ul U L DR UR,2,12,53,9,2,13,3
BS R ul U L UR DR,2,12,53,9,2,13,3
BS U L R DR ul UR,2,12,53,9,2,13,4
BS U L R ul DR UR,2,12,53,9,2,13,4
BS U L R ul UR DR,2,12,53,9,2,13,4
BS U L R UR ul DR,2,12,53,9,2,13,4
BS U L ul R DR UR,2,12,53,9,2,11,3
BS U L ul R UR DR,2,12,53,9,2,11,3
BS U R L DR ul UR,2,12,53,9,2,15,4
BS U R L ul DR UR,2,12,53,9,2,15,4
BS U R L ul UR DR,2,12,53,9,2,15,4
BS U R L UR ul DR,2,12,53,9,2,15,4
BS U R ul L DR UR,2,12,53,9,2,13,3
BS U R ul L UR DR,2,12,53,9,2,13,3
BS U ul L R DR UR,2,12,53,9,2,15,4
BS U ul L R UR DR,2,12,53,9,2,15,4
BS U ul R L DR UR,2,12,53,9,2,15,4
BS U ul R L UR DR,2,12,53,9,2,15,4
BS ul L R U DR UR,2,12,53,9,2,17,4
BS ul L R U UR DR,2,12,53,9,2,15,4
BS ul L U R DR UR,2,12,53,9,2,13,3
BS ul L U R UR DR,2,12,53,9,2,13,3
BS ul R L U DR UR,2,12,53,9,2,15,4
BS ul R L U UR DR,2,12,53,9,2,13,4
BS ul R U L DR UR,2,12,53,9,2,13,3
BS ul R U L UR DR,2,12,53,9,2,13,3
BS ul U L R DR UR,2,12,53,9,2,15,4
BS ul U L R UR DR,2,12,53,9,2,15,4
BS ul U R L DR UR,2,12,53,9,2,17,4
BS ul U R L UR DR,2,12,53,9,2,17,4
DR L BS R U ul UR,2,12,53,9,2,14,3
DR L BS R ul U UR,2,12,53,9,2,12,3
DR L BS ul R U UR,2,12,53,9,2,12,3
DR L R BS U ul UR,2,12,53,9,2,16,4
DR L R BS ul U UR,2,12,53,9,2,16,4
DR L R U BS ul UR,2,12,53,9,2,16,4
DR L R U ul BS UR,2,12,53,9,2,18,4
DR L R ul BS U UR,2,12,53,9,2,14,4
DR L R ul U BS UR,2,12,53,9,2,16,4
DR L ul BS R U UR,2,12,53,9,2,14,3
DR L ul R BS U UR,2,12,53,9,2,12,3
DR L ul R U BS UR,2,12,53,9,2,14,3
DR R L BS U ul UR,2,12,53,9,2,14,4
DR R L BS ul U UR,2,12,53,9,2,14,4
DR R L U BS ul UR,2,12,53,9,2,14,4
DR R L U ul BS UR,2,12,53,9,2,16,4
DR R L ul BS U UR,2,12,53,9,2,14,4
DR R L ul U BS UR,2,12,53,9,2,16,4
DR R U L BS ul UR,2,12,53,9,2,12,3
DR R U L ul BS UR,2,12,53,9,2,14,3
DR R U ul L BS UR,2,12,53,9,2,14,3
DR R ul L BS U UR,2,12,53,9,2,10,3
DR R ul L U BS UR,2,12,53,9,2,12,3
DR R ul U L BS UR,2,12,53,9,2,12,3
DR ul L BS R U UR,2,12,53,9,2,12,3
DR ul L R BS U UR,2,12,53,9,2,14,4
DR ul L R U BS UR,2,12,53,9,2,16,4
DR ul R L BS U UR,2,12,53,9,2,12,4
DR ul R L U BS UR,2,12,53,9,2,14,4
DR ul R U L BS UR,2,12,53,9,2,12,3
L BS R U DR ul UR,2,12,53,9,2,13,3
L BS R U ul DR UR,2,12,53,9,2,13,3
L BS R U ul UR DR,2,12,53,9,2,13,3
L BS R U UR ul DR,2,12,53,9,2,11,2
L BS R ul U DR UR,2,12,53,9,2,13,3
L BS R ul U UR DR,2,12,53,9,2,11,3
L BS U R DR ul UR,2,12,53,9,2,11,2
L BS U R ul DR UR,2,12,53,9,2,11,2
L BS U R ul UR DR,2,12,53,9,2,11,2
L BS U R UR ul DR,2,12,53,9,2,11,2
L BS U ul R DR UR,2,12,53,9,2,11,3
L BS U ul R UR DR,2,12,53,9,2,11,3
L BS ul R U DR UR,2,12,53,9,2,13,3
L BS ul R U UR DR,2,12,53,9,2,11,3
L BS ul U R DR UR,2,12,53,9,2,13,3
L BS ul U R UR DR,2,12,53,9,2,13,3
L DR BS R U ul UR,2,12,53,9,2,13,3
L DR BS R ul U UR,2,12,53,9,2,11,3
L DR BS ul R U UR,2,12,53,9,2,11,3
L DR R BS U ul UR,2,12,53,9,2,13,3
L DR R BS ul U UR,2,12,53,9,2,13,3
L DR R U BS ul UR,2,12,53,9,2,13,3
L DR R U ul BS UR,2,12,53,9,2,15,3
L DR R ul BS U UR,2,12,53,9,2,11,3
L DR R ul U BS UR,2,12,53,9,2,13,3
L DR ul BS R U UR,2,12,53,9,2,13,3
L DR ul R BS U UR,2,12,53,9,2,11,3
L DR ul R U BS UR,2,12,53,9,2,13,3
L R BS U DR ul UR,2,12,53,9,2,15,4
L R BS U ul DR UR,2,12,53,9,2,15,4
L R BS U ul UR DR,2,12,53,9,2,15,4
L R BS U UR ul DR,2,12,53,9,2,13,4
L R BS ul U DR UR,2,12,53,9,2,17,4
L R BS ul U UR DR,2,12,53,9,2,15,4
L R DR BS U ul UR,2,12,53,9,2,13,4
L R DR BS ul U UR,2,12,53,9,2,13,4
L R DR U BS ul UR,2,12,53,9,2,15,4
L R DR U ul BS UR,2,12,53,9,2,17,4
L R DR ul BS U UR,2,12,53,9,2,13,4
L R DR ul U BS UR,2,12,53,9,2,15,4
L R U BS DR ul UR,2,12,53,9,2,13,4
L R U BS ul DR UR,2,12,53,9,2,15,4
L R U BS ul UR DR,2,12,53,9,2,15,4
L R U BS UR ul DR,2,12,53,9,2,15,4
L R U ul BS DR UR,2,12,53,9,2,15,4
L R U ul BS UR DR,2,12,53,9,2,17,4
L R U ul UR BS DR,2,12,53,9,2,15,4
L R U UR BS ul DR,2,12,53,9,2,15,4
L R U UR ul BS DR,2,12,53,9,2,13,4
L R ul BS U DR UR,2,12,53,9,2,15,4
L R ul BS U UR DR,2,12,53,9,2,13,4
L R ul DR BS U UR,2,12,53,9,2,11,4
L R ul DR U BS UR,2,12,53,9,2,15,4
L R ul U BS DR UR,2,12,53,9,2,13,4
L R ul U BS UR DR,2,12,53,9,2,15,4
L R ul U UR BS DR,2,12,53,9,2,13,4
L U BS R DR ul UR,2,12,53,9,2,11,2
L U BS R ul DR UR,2,12,53,9,2,11,2
L U BS R ul UR DR,2,12,53,9,2,11,2
L U BS R UR ul DR,2,12,53,9,2,11,2
L U BS ul R DR UR,2,12,53,9,2,11,3
L U BS ul R UR DR,2,12,53,9,2,11,3
L U R BS DR ul UR,2,12,53,9,2,11,2
L U R BS ul DR UR,2,12,53,9,2,13,3
L U R BS ul UR DR,2,12,53,9,2,13,3
L U R BS UR ul DR,2,12,53,9,2,13,3
L U R ul BS DR UR,2,12,53,9,2,11,3
L U R ul BS UR DR,2,12,53,9,2,13,3
L U R ul UR BS DR,2,12,53,9,2,11,3
L U R UR BS ul DR,2,12,53,9,2,13,3
L U R UR ul BS DR,2,12,53,9,2,11,3
L U ul BS R DR UR,2,12,53,9,2,13,3
L U ul BS R UR DR,2,12,53,9,2,13,3
L U ul R BS DR UR,2,12,53,9,2,11,3
L U ul R BS UR DR,2,12,53,9,2,13,3
L U ul R UR BS DR,2,12,53,9,2,11,3
L ul BS R U DR UR,2,12,53,9,2,15,3
L ul BS R U UR DR,2,12,53,9,2,13,3
L ul BS U R DR UR,2,12,53,9,2,13,3
L ul BS U R UR DR,2,12,53,9,2,13,3
L ul DR BS R U UR,2,12,53,9,2,11,3
L ul DR R BS U UR,2,12,53,9,2,11,3
L ul DR R U BS UR,2,12,53,9,2,13,3
L ul R BS U DR UR,2,12,53,9,2,13,3
L ul R BS U UR DR,2,12,53,9,2,11,3
L ul R DR BS U UR,2,12,53,9,2,9,3
L ul R DR U BS UR,2,12,53,9,2,13,3
L ul R U BS DR UR,2,12,53,9,2,11,3
L ul R U BS UR DR,2,12,53,9,2,13,3
L ul R U UR BS DR,2,12,53,9,2,11,3
L ul U BS R DR UR,2,12,53,9,2,13,3
L ul U BS R UR DR,2,12,53,9,2,13,3
L ul U R BS DR UR,2,12,53,9,2,13,3
L ul U R BS UR DR,2,12,53,9,2,15,3
L ul U R UR BS DR,2,12,53,9,2,13,3
R BS L U DR ul UR,2,12,53,9,2,13,3
R BS L U ul DR UR,2,12,53,9,2,13,3
R BS L U ul UR DR,2,12,53,9,2,13,3
R BS L U UR ul DR,2,12,53,9,2,11,2
R BS L ul U DR UR,2,12,53,9,2,15,3
R BS L ul U UR DR,2,12,53,9,2,13,3
R BS U L DR ul UR,2,12,53,9,2,13,3
R BS U L ul DR UR,2,12,53,9,2,13,3
R BS U L ul UR DR,2,12,53,9,2,13,3
R BS U L UR ul DR,2,12,53,9,2,13,3
R BS U ul L DR UR,2,12,53,9,2,15,3
R BS U ul L UR DR,2,12,53,9,2,15,3
R BS ul L U DR UR,2,12,53,9,2,15,3
R BS ul L U UR DR,2,12,53,9,2,13,3
R BS ul U L DR UR,2,12,53,9,2,15,3
R BS ul U L UR DR,2,12,53,9,2,15,3
R DR L BS U ul UR,2,12,53,9,2,13,3
R DR L BS ul U UR,2,12,53,9,2,13,3
R DR L U BS ul UR,2,12,53,9,2,13,3
R DR L U ul BS UR,2,12,53,9,2,15,3
R DR L ul BS U UR,2,12,53,9,2,13,3
R DR L ul U BS UR,2,12,53,9,2,15,3
R DR U L BS ul UR,2,12,53,9,2,13,3
R DR U L ul BS UR,2,12,53,9,2,15,3
R DR U ul L BS UR,2,12,53,9,2,15,3
R DR ul L BS U UR,2,12,53,9,2,11,3
R DR ul L U BS UR,2,12,53,9,2,13,3
R DR ul U L BS UR,2,12,53,9,2,13,3
R L BS U DR ul UR,2,12,53,9,2,15,4
R L BS U ul DR UR,2,12,53,9,2,15,4
R L BS U ul UR DR,2,12,53,9,2,15,4
R L BS U UR ul DR,2,12,53,9,2,13,4
R L BS ul U DR UR,2,12,53,9,2,17,4
R L BS ul U UR DR,2,12,53,9,2,15,4
R L DR BS U ul UR,2,12,53,9,2,15,4
R L DR BS ul U UR,2,12,53,9,2,15,4
R L DR U BS ul UR,2,12,53,9,2,17,4
R L DR U ul BS UR,2,12,53,9,2,19,4
R L DR ul BS U UR,2,12,53,9,2,15,4
R L DR ul U BS UR,2,12,53,9,2,17,4
R L U BS DR ul UR,2,12,53,9,2,13,4
R L U BS ul DR UR,2,12,53,9,2,15,4
R L U BS ul UR DR,2,12,53,9,2,15,4
R L U BS UR ul DR,2,12,53,9,2,15,4
R L U ul BS DR UR,2,12,53,9,2,15,4
R L U ul BS UR DR,2,12,53,9,2,17,4
R L U ul UR BS DR,2,12,53,9,2,15,4
R L U UR BS ul DR,2,12,53,9,2,15,4
R L U UR ul BS DR,2,12,53,9,2,13,4
R L ul BS U DR UR,2,12,53,9,2,17,4
R L ul BS U UR DR,2,12,53,9,2,15,4
R L ul DR BS U UR,2,12,53,9,2,13,4
R L ul DR U BS UR,2,12,53,9,2,17,4
R L ul U BS DR UR,2,12,53,9,2,15,4
R L ul U BS UR DR,2,12,53,9,2,17,4
R L ul U UR BS DR,2,12,53,9,2,15,4
R U BS L DR ul UR,2,12,53,9,2,13,3
R U BS L ul DR UR,2,12,53,9,2,13,3
R U BS L ul UR DR,2,12,53,9,2,13,3
R U BS L UR ul DR,2,12,53,9,2,13,3
R U BS ul L DR UR,2,12,53,9,2,15,3
R U BS ul L UR DR,2,12,53,9,2,15,3
R U L BS DR ul UR,2,12,53,9,2,11,2
R U L BS ul DR UR,2,12,53,9,2,13,3
R U L BS ul UR DR,2,12,53,9,2,13,3
R U L BS UR ul DR,2,12,53,9,2,13,3
R U L ul BS DR UR,2,12,53,9,2,13,3
R U L ul BS UR DR,2,12,53,9,2,15,3
R U L ul UR BS DR,2,12,53,9,2,13,3
R U L UR BS ul DR,2,12,53,9,2,15,3
R U L UR ul BS DR,2,12,53,9,2,13,3
R U ul BS L DR UR,2,12,53,9,2,15,3
R U ul BS L UR DR,2,12,53,9,2,15,3
R U ul L BS DR UR,2,12,53,9,2,13,3
R U ul L BS UR DR,2,12,53,9,2,15,3
R U ul L UR BS DR,2,12,53,9,2,15,3
R ul BS L U DR UR,2,12,53,9,2,13,3
R ul BS L U UR DR,2,12,53,9,2,11,3
R ul BS U L DR UR,2,12,53,9,2,13,3
R ul BS U L UR DR,2,12,53,9,2,13,3
R ul DR L BS U UR,2,12,53,9,2,11,3
R ul DR L U BS UR,2,12,53,9,2,13,3
R ul DR U L BS UR,2,12,53,9,2,13,3
R ul L BS U DR UR,2,12,53,9,2,13,3
R ul L BS U UR DR,2,12,53,9,2,11,3
R ul L DR BS U UR,2,12,53,9,2,11,3
R ul L DR U BS UR,2,12,53,9,2,15,3
R ul L U BS DR UR,2,12,53,9,2,11,3
R ul L U BS UR DR,2,12,53,9,2,13,3
R ul L U UR BS DR,2,12,53,9,2,11,3
R ul U BS L DR UR,2,12,53,9,2,13,3
R ul U BS L UR DR,2,12,53,9,2,13,3
R ul U L BS DR UR,2,12,53,9,2,11,3
R ul U L BS UR DR,2,12,53,9,2,13,3
R ul U L UR BS DR,2,12,53,9,2,13,3
U BS L R DR ul UR,2,12,53,9,2,13,4
U BS L R ul DR UR,2,12,53,9,2,13,4
U BS L R ul UR DR,2,12,53,9,2,13,4
U BS L R UR ul DR,2,12,53,9,2,13,4
U BS L ul R DR UR,2,12,53,9,2,11,3
U BS L ul R UR DR,2,12,53,9,2,11,3
U BS R L DR ul UR,2,12,53,9,2,15,4
U BS R L ul DR UR,2,12,53,9,2,15,4
U BS R L ul UR DR,2,12,53,9,2,15,4
U BS R L UR ul DR,2,12,53,9,2,15,4
U BS R ul L DR UR,2,12,53,9,2,13,3
U BS R ul L UR DR,2,12,53,9,2,13,3
U BS ul L R DR UR,2,12,53,9,2,15,4
U BS ul L R UR DR,2,12,53,9,2,15,4
U BS ul R L DR UR,2,12,53,9,2,15,4
U BS ul R L UR DR,2,12,53,9,2,15,4
U L BS R DR ul UR,2,12,53,9,2,11,2
U L BS R ul DR UR,2,12,53,9,2,11,2
U L BS R ul UR DR,2,12,53,9,2,11,2
U L BS R UR ul DR,2,12,53,9,2,11,2
U L BS ul R DR UR,2,12,53,9,2,11,3
U L BS ul R UR DR,2,12,53,9,2,11,3
U L R BS DR ul UR,2,12,53,9,2,13,4
U L R BS ul DR UR,2,12,53,9,2,15,4
U L R BS ul UR DR,2,12,53,9,2,15,4
U L R BS UR ul DR,2,12,53,9,2,15,4
U L R ul BS DR UR,2,12,53,9,2,13,4
U L R ul BS UR DR,2,12,53,9,2,15,4
U L R ul UR BS DR,2,12,53,9,2,13,4
U L R UR BS ul DR,2,12,53,9,2,15,4
U L R UR ul BS DR,2,12,53,9,2,13,4
U L ul BS R DR UR,2,12,53,9,2,13,3
U L ul BS R UR DR,2,12,53,9,2,13,3
U L ul R BS DR UR,2,12,53,9,2,11,3
U L ul R BS UR DR,2,12,53,9,2,13,3
U L ul R UR BS DR,2,12,53,9,2,11,3
U R BS L DR ul UR,2,12,53,9,2,13,3
U R BS L ul DR UR,2,12,53,9,2,13,3
U R BS L ul UR DR,2,12,53,9,2,13,3
U R BS L UR ul DR,2,12,53,9,2,13,3
U R BS ul L DR UR,2,12,53,9,2,15,3
U R BS ul L UR DR,2,12,53,9,2,15,3
U R L BS DR ul UR,2,12,53,9,2,13,4
U R L BS ul DR UR,2,12,53,9,2,15,4
U R L BS ul UR DR,2,12,53,9,2,15,4
U R L BS UR ul DR,2,12,53,9,2,15,4
U R L ul BS DR UR,2,12,53,9,2,15,4
U R L ul BS UR DR,2,12,53,9,2,17,4
U R L ul UR BS DR,2,12,53,9,2,15,4
U R L UR BS ul DR,2,12,53,9,2,17,4
U R L UR ul BS DR,2,12,53,9,2,15,4
U R ul BS L DR UR,2,12,53,9,2,13,3
U R ul BS L UR DR,2,12,53,9,2,13,3
U R ul L BS DR UR,2,12,53,9,2,11,3
U R ul L BS UR DR,2,12,53,9,2,13,3
U R ul L UR BS DR,2,12,53,9,2,13,3
U ul BS L R DR UR,2,12,53,9,2,15,4
U ul BS L R UR DR,2,12,53,9,2,15,4
U ul BS R L DR UR,2,12,53,9,2,17,4
U ul BS R L UR DR,2,12,53,9,2,17,4
U ul L BS R DR UR,2,12,53,9,2,13,3
U ul L BS R UR DR,2,12,53,9,2,13,3
U ul L R BS DR UR,2,12,53,9,2,15,4
U ul L R BS UR DR,2,12,53,9,2,17,4
U ul L R UR BS DR,2,12,53,9,2,15,4
U ul R BS L DR UR,2,12,53,9,2,13,3
U ul R BS L UR DR,2,12,53,9,2,13,3
U ul R L BS DR UR,2,12,53,9,2,13,4
U ul R L BS UR DR,2,12,53,9,2,15,4
U ul R L UR BS DR,2,12,53,9,2,15,4
ul BS L R U DR UR,2,12,53,9,2,16,4
ul BS L R U UR DR,2,12,53,9,2,14,4
ul BS L U R DR UR,2,12,53,9,2,12,3
ul BS L U R UR DR,2,12,53,9,2,12,3
ul BS R L U DR UR,2,12,53,9,2,16,4
ul BS R L U UR DR,2,12,53,9,2,14,4
ul BS R U L DR UR,2,12,53,9,2,14,3
ul BS R U L UR DR,2,12,53,9,2,14,3
ul BS U L R DR UR,2,12,53,9,2,14,4
ul BS U L R UR DR,2,12,53,9,2,14,4
ul BS U R L DR UR,2,12,53,9,2,16,4
ul BS U R L UR DR,2,12,53,9,2,16,4
ul DR L BS R U UR,2,12,53,9,2,12,3
ul DR L R BS U UR,2,12,53,9,2,14,4
ul DR L R U BS UR,2,12,53,9,2,16,4
ul DR R L BS U UR,2,12,53,9,2,12,4
ul DR R L U BS UR,2,12,53,9,2,14,4
ul DR R U L BS UR,2,12,53,9,2,12,3
ul L BS R U DR UR,2,12,53,9,2,14,3
ul L BS R U UR DR,2,12,53,9,2,12,3
ul L BS U R DR UR,2,12,53,9,2,12,3
ul L BS U R UR DR,2,12,53,9,2,12,3
ul L DR BS R U UR,2,12,53,9,2,12,3
ul L DR R BS U UR,2,12,53,9,2,12,3
ul L DR R U BS UR,2,12,53,9,2,14,3
ul L R BS U DR UR,2,12,53,9,2,16,4
ul L R BS U UR DR,2,12,53,9,2,14,4
ul L R DR BS U UR,2,12,53,9,2,12,4
ul L R DR U BS UR,2,12,53,9,2,16,4
ul L R U BS DR UR,2,12,53,9,2,14,4
ul L R U BS UR DR,2,12,53,9,2,16,4
ul L R U UR BS DR,2,12,53,9,2,14,4
ul L U BS R DR UR,2,12,53,9,2,12,3
ul L U BS R UR DR,2,12,53,9,2,12,3
ul L U R BS DR UR,2,12,53,9,2,12,3
ul L U R BS UR DR,2,12,53,9,2,14,3
ul L U R UR BS DR,2,12,53,9,2,12,3
ul R BS L U DR UR,2,12,53,9,2,12,3
ul R BS L U UR DR,2,12,53,9,2,10,2
ul R BS U L DR UR,2,12,53,9,2,12,3
ul R BS U L UR DR,2,12,53,9,2,12,3
ul R DR L BS U UR,2,12,53,9,2,10,3
ul R DR L U BS UR,2,12,53,9,2,12,3
ul R DR U L BS UR,2,12,53,9,2,12,3
ul R L BS U DR UR,2,12,53,9,2,14,4
ul R L BS U UR DR,2,12,53,9,2,12,4
ul R L DR BS U UR,2,12,53,9,2,12,4
ul R L DR U BS UR,2,12,53,9,2,16,4
ul R L U BS DR UR,2,12,53,9,2,12,4
ul R L U BS UR DR,2,12,53,9,2,14,4
ul R L U UR BS DR,2,12,53,9,2,12,4
ul R U BS L DR UR,2,12,53,9,2,12,3
ul R U BS L UR DR,2,12,53,9,2,12,3
ul R U L BS DR UR,2,12,53,9,2,10,2
ul R U L BS UR DR,2,12,53,9,2,12,3
ul R U L UR BS DR,2,12,53,9,2,12,3
ul U BS L R DR UR,2,12,53,9,2,14,4
ul U BS L R UR DR,2,12,53,9,2,14,4
ul U BS R L DR UR,2,12,53,9,2,16,4
ul U BS R L UR DR,2,12,53,9,2,16,4
ul U L BS R DR UR,2,12,53,9,2,12,3
ul U L BS R UR DR,2,12,53,9,2,12,3
ul U L R BS DR UR,2,12,53,9,2,14,4
ul U L R BS UR DR,2,12,53,9,2,16,4
ul U L R UR BS DR,2,12,53,9,2,14,4
ul U R BS L DR UR,2,12,53,9,2,14,3
ul U R BS L UR DR,2,12,53,9,2,14,3
ul U R L BS DR UR,2,12,53,9,2,14,4
ul U R L BS UR DR,2,12,53,9,2,16,4
ul U R L UR BS DR,2,12,53,9,2,16,4
BS DR L U R ul UR,2,12,54,8,2,11,3
BS DR L U ul R UR,2,12,54,8,2,11,3
BS DR L ul U R UR,2,12,54,8,2,13,3
BS DR U L R ul UR,2,12,54,8,2,13,4
BS DR U L ul R UR,2,12,54,8,2,11,3
BS DR U R L ul UR,2,12,54,8,2,15,4
BS DR U R ul L UR,2,12,54,8,2,13,3
BS DR U R ul UR L,2,12,54,8,2,12,3
BS DR U R UR ul L,2,12,54,8,2,12,3
BS DR U ul L R UR,2,12,54,8,2,15,4
BS DR U ul R L UR,2,12,54,8,2,15,4
BS DR U ul R UR L,2,12,54,8,2,12,3
BS DR ul L U R UR,2,12,54,8,2,11,3
BS DR ul U L R UR,2,12,54,8,2,13,4
BS DR ul U R L UR,2,12,54,8,2,15,4
BS DR ul U R UR L,2,12,54,8,2,12,3
BS U DR L R ul UR,2,12,54,8,2,15,4
BS U DR L ul R UR,2,12,54,8,2,13,3
BS U DR R L ul UR,2,12,54,8,2,15,4
BS U DR R ul L UR,2,12,54,8,2,13,3
BS U DR R ul UR L,2,12,54,8,2,12,3
BS U DR R UR ul L,2,12,54,8,2,12,3
BS U DR ul L R UR,2,12,54,8,2,15,4
BS U DR ul R L UR,2,12,54,8,2,15,4
BS U DR ul R UR L,2,12,54,8,2,12,3
BS U ul DR L R UR,2,12,54,8,2,15,4
BS U ul DR R L UR,2,12,54,8,2,15,4
BS U ul DR R UR L,2,12,54,8,2,12,3
BS ul DR L U R UR,2,12,54,8,2,13,3
BS ul DR U L R UR,2,12,54,8,2,15,4
BS ul DR U R L UR,2,12,54,8,2,17,4
BS ul DR U R UR L,2,12,54,8,2,14,3
BS ul U DR L R UR,2,12,54,8,2,17,4
BS ul U DR R L UR,2,12,54,8,2,17,4
BS ul U DR R UR L,2,12,54,8,2,14,3
DR BS L U R ul UR,2,12,54,8,2,10,2
DR BS L U ul R UR,2,12,54,8,2,10,3
DR BS L ul U R UR,2,12,54,8,2,12,3
DR BS U L R ul UR,2,12,54,8,2,12,4
DR BS U L ul R UR,2,12,54,8,2,10,3
DR BS U R L ul UR,2,12,54,8,2,14,4
DR BS U R ul L UR,2,12,54,8,2,12,3
DR BS U R ul UR L,2,12,54,8,2,11,3
DR BS U R UR ul L,2,12,54,8,2,11,3
DR BS U ul L R UR,2,12,54,8,2,14,4
DR BS U ul R L UR,2,12,54,8,2,14,4
DR BS U ul R UR L,2,12,54,8,2,11,3
DR BS ul L U R UR,2,12,54,8,2,12,3
DR BS ul U L R UR,2,12,54,8,2,14,4
DR BS ul U R L UR,2,12,54,8,2,16,4
DR BS ul U R UR L,2,12,54,8,2,13,3
DR L BS U ul UR R,2,12,54,8,2,13,3
DR L BS U UR ul R,2,12,54,8,2,11,3
DR L BS ul U UR R,2,12,54,8,2,13,3
DR L U BS ul UR R,2,12,54,8,2,13,3
DR L U BS UR ul R,2,12,54,8,2,13,3
DR L U ul BS UR R,2,12,54,8,2,15,3
DR L U ul UR BS R,2,12,54,8,2,15,3
DR L U UR BS ul R,2,12,54,8,2,13,3
DR L U UR ul BS R,2,12,54,8,2,13,3
DR L ul BS U UR R,2,12,54,8,2,13,3
DR L ul U BS UR R,2,12,54,8,2,15,3
DR L ul U UR BS R,2,12,54,8,2,15,3
DR U BS L R ul UR,2,12,54,8,2,14,4
DR U BS L ul R UR,2,12,54,8,2,12,3
DR U BS R L ul UR,2,12,54,8,2,16,4
DR U BS R ul L UR,2,12,54,8,2,14,3
DR U BS R ul UR L,2,12,54,8,2,13,3
DR U BS R UR ul L,2,12,54,8,2,13,3
DR U BS ul L R UR,2,12,54,8,2,16,4
DR U BS ul R L UR,2,12,54,8,2,16,4
DR U BS ul R UR L,2,12,54,8,2,13,3
DR U L BS ul UR R,2,12,54,8,2,13,3
DR U L BS UR ul R,2,12,54,8,2,13,3
DR U L ul BS UR R,2,12,54,8,2,15,3
DR U L ul UR BS R,2,12,54,8,2,15,3
DR U L UR BS ul R,2,12,54,8,2,15,3
DR U L UR ul BS R,2,12,54,8,2,15,3
DR U R BS L ul UR,2,12,54,8,2,14,3
DR U R BS ul L UR,2,12,54,8,2,16,3
DR U R BS ul UR L,2,12,54,8,2,15,3
DR U R BS UR ul L,2,12,54,8,2,15,3
DR U R ul BS L UR,2,12,54,8,2,14,3
DR U R ul BS UR L,2,12,54,8,2,15,3
DR U R ul UR BS L,2,12,54,8,2,13,3
DR U ul BS L R UR,2,12,54,8,2,16,4
DR U ul BS R L UR,2,12,54,8,2,18,4
DR U ul BS R UR L,2,12,54,8,2,15,3
DR U ul L BS UR R,2,12,54,8,2,15,3
DR U ul L UR BS R,2,12,54,8,2,17,3
DR U ul R BS L UR,2,12,54,8,2,14,3
DR U ul R BS UR L,2,12,54,8,2,15,3
DR U ul R UR BS L,2,12,54,8,2,13,3
DR ul BS L U R UR,2,12,54,8,2,12,3
DR ul BS U L R UR,2,12,54,8,2,14,4
DR ul BS U R L UR,2,12,54,8,2,16,4
DR ul BS U R UR L,2,12,54,8,2,13,3
DR ul L BS U UR R,2,12,54,8,2,11,3
DR ul L U BS UR R,2,12,54,8,2,13,3
DR ul L U UR BS R,2,12,54,8,2,13,3
DR ul U BS L R UR,2,12,54,8,2,14,4
DR ul U BS R L UR,2,12,54,8,2,16,4
DR ul U BS R UR L,2,12,54,8,2,13,3
DR ul U L BS UR R,2,12,54,8,2,13,3
DR ul U L UR BS R,2,12,54,8,2,15,3
DR ul U R BS L UR,2,12,54,8,2,14,3
DR ul U R BS UR L,2,12,54,8,2,15,3
DR ul U R UR BS L,2,12,54,8,2,13,3
L DR BS U ul UR R,2,12,54,8,2,12,3
L DR BS U UR ul R,2,12,54,8,2,10,3
L DR BS ul U UR R,2,12,54,8,2,12,3
L DR U BS ul UR R,2,12,54,8,2,14,3
L DR U BS UR ul R,2,12,54,8,2,14,3
L DR U ul BS UR R,2,12,54,8,2,16,3
L DR U ul UR BS R,2,12,54,8,2,16,3
L DR U UR BS ul R,2,12,54,8,2,14,3
L DR U UR ul BS R,2,12,54,8,2,14,3
L DR ul BS U UR R,2,12,54,8,2,12,3
L DR ul U BS UR R,2,12,54,8,2,14,3
L DR ul U UR BS R,2,12,54,8,2,14,3
L U DR BS ul UR R,2,12,54,8,2,12,3
L U DR BS UR ul R,2,12,54,8,2,12,3
L U DR ul BS UR R,2,12,54,8,2,14,3
L U DR ul UR BS R,2,12,54,8,2,14,3
L U DR UR BS ul R,2,12,54,8,2,14,3
L U DR UR ul BS R,2,12,54,8,2,14,3
L U ul DR BS UR R,2,12,54,8,2,12,3
L U ul DR UR BS R,2,12,54,8,2,14,3
L U ul UR DR BS R,2,12,54,8,2,12,3
L U UR DR BS ul R,2,12,54,8,2,10,3
L U UR DR ul BS R,2,12,54,8,2,12,3
L U UR ul DR BS R,2,12,54,8,2,10,2
L ul DR BS U UR R,2,12,54,8,2,10,3
L ul DR U BS UR R,2,12,54,8,2,14,3
L ul DR U UR BS R,2,12,54,8,2,14,3
L ul U DR BS UR R,2,12,54,8,2,14,3
L ul U DR UR BS R,2,12,54,8,2,16,3
L ul U UR DR BS R,2,12,54,8,2,12,3
U BS DR L R ul UR,2,12,54,8,2,13,4
U BS DR L ul R UR,2,12,54,8,2,11,3
U BS DR R L ul UR,2,12,54,8,2,13,4
U BS DR R ul L UR,2,12,54,8,2,11,3
U BS DR R ul UR L,2,12,54,8,2,10,3
U BS DR R UR ul L,2,12,54,8,2,10,3
U BS DR ul L R UR,2,12,54,8,2,13,4
U BS DR ul R L UR,2,12,54,8,2,13,4
U BS DR ul R UR L,2,12,54,8,2,10,3
U BS ul DR L R UR,2,12,54,8,2,15,4
U BS ul DR R L UR,2,12,54,8,2,15,4
U BS ul DR R UR L,2,12,54,8,2,12,3
U DR BS L R ul UR,2,12,54,8,2,13,4
U DR BS L ul R UR,2,12,54,8,2,11,3
U DR BS R L ul UR,2,12,54,8,2,15,4
U DR BS R ul L UR,2,12,54,8,2,13,3
U DR BS R ul UR L,2,12,54,8,2,12,3
U DR BS R UR ul L,2,12,54,8,2,12,3
U DR BS ul L R UR,2,12,54,8,2,15,4
U DR BS ul R L UR,2,12,54,8,2,15,4
U DR BS ul R UR L,2,12,54,8,2,12,3
U DR L BS ul UR R,2,12,54,8,2,14,3
U DR L BS UR ul R,2,12,54,8,2,14,3
U DR L ul BS UR R,2,12,54,8,2,16,3
U DR L ul UR BS R,2,12,54,8,2,16,3
U DR L UR BS ul R,2,12,54,8,2,16,3
U DR L UR ul BS R,2,12,54,8,2,16,3
U DR R BS L ul UR,2,12,54,8,2,13,3
U DR R BS ul L UR,2,12,54,8,2,15,3
U DR R BS ul UR L,2,12,54,8,2,14,3
U DR R BS UR ul L,2,12,54,8,2,14,3
U DR R ul BS L UR,2,12,54,8,2,13,3
U DR R ul BS UR L,2,12,54,8,2,14,3
U DR R ul UR BS L,2,12,54,8,2,12,3
U DR ul BS L R UR,2,12,54,8,2,15,4
U DR ul BS R L UR,2,12,54,8,2,17,4
U DR ul BS R UR L,2,12,54,8,2,14,3
U DR ul L BS UR R,2,12,54,8,2,14,3
U DR ul L UR BS R,2,12,54,8,2,16,3
U DR ul R BS L UR,2,12,54,8,2,13,3
U DR ul R BS UR L,2,12,54,8,2,14,3
U DR ul R UR BS L,2,12,54,8,2,12,3
U L DR BS ul UR R,2,12,54,8,2,12,3
U L DR BS UR ul R,2,12,54,8,2,12,3
U L DR ul BS UR R,2,12,54,8,2,14,3
U L DR ul UR BS R,2,12,54,8,2,14,3
U L DR UR BS ul R,2,12,54,8,2,14,3
U L DR UR ul BS R,2,12,54,8,2,14,3
U L ul DR BS UR R,2,12,54,8,2,12,3
U L ul DR UR BS R,2,12,54,8,2,14,3
U L ul UR DR BS R,2,12,54,8,2,12,3
U L UR DR BS ul R,2,12,54,8,2,12,3
U L UR DR ul BS R,2,12,54,8,2,14,3
U L UR ul DR BS R,2,12,54,8,2,12,3
U ul BS DR L R UR,2,12,54,8,2,15,4
U ul BS DR R L UR,2,12,54,8,2,15,4
U ul BS DR R UR L,2,12,54,8,2,12,3
U ul DR BS L R UR,2,12,54,8,2,13,4
U ul DR BS R L UR,2,12,54,8,2,15,4
U ul DR BS R UR L,2,12,54,8,2,12,3
U ul DR L BS UR R,2,12,54,8,2,14,3
U ul DR L UR BS R,2,12,54,8,2,16,3
U ul DR R BS L UR,2,12,54,8,2,13,3
U ul DR R BS UR L,2,12,54,8,2,14,3
U ul DR R UR BS L,2,12,54,8,2,12,3
U ul L DR BS UR R,2,12,54,8,2,14,3
U ul L DR UR BS R,2,12,54,8,2,16,3
U ul L UR DR BS R,2,12,54,8,2,14,3
ul BS DR L U R UR,2,12,54,8,2,12,3
ul BS DR U L R UR,2,12,54,8,2,14,4
ul BS DR U R L UR,2,12,54,8,2,16,4
ul BS DR U R UR L,2,12,54,8,2,13,3
ul BS U DR L R UR,2,12,54,8,2,16,4
ul BS U DR R L UR,2,12,54,8,2,16,4
ul BS U DR R UR L,2,12,54,8,2,13,3
ul DR BS L U R UR,2,12,54,8,2,10,2
ul DR BS U L R UR,2,12,54,8,2,12,4
ul DR BS U R L UR,2,12,54,8,2,14,4
ul DR BS U R UR L,2,12,54,8,2,11,3
ul DR L BS U UR R,2,12,54,8,2,11,3
ul DR L U BS UR R,2,12,54,8,2,13,3
ul DR L U UR BS R,2,12,54,8,2,13,3
ul DR U BS L R UR,2,12,54,8,2,14,4
ul DR U BS R L UR,2,12,54,8,2,16,4
ul DR U BS R UR L,2,12,54,8,2,13,3
ul DR U L BS UR R,2,12,54,8,2,13,3
ul DR U L UR BS R,2,12,54,8,2,15,3
ul DR U R BS L UR,2,12,54,8,2,14,3
ul DR U R BS UR L,2,12,54,8,2,15,3
ul DR U R UR BS L,2,12,54,8,2,13,3
ul L DR BS U UR R,2,12,54,8,2,11,3
ul L DR U BS UR R,2,12,54,8,2,15,3
ul L DR U UR BS R,2,12,54,8,2,15,3
ul L U DR BS UR R,2,12,54,8,2,13,3
ul L U DR UR BS R,2,12,54,8,2,15,3
ul L U UR DR BS R,2,12,54,8,2,11,3
ul U BS DR L R UR,2,12,54,8,2,14,4
ul U BS DR R L UR,2,12,54,8,2,14,4
ul U BS DR R UR L,2,12,54,8,2,11,3
ul U DR BS L R UR,2,12,54,8,2,14,4
ul U DR BS R L UR,2,12,54,8,2,16,4
ul U DR BS R UR L,2,12,54,8,2,13,3
ul U DR L BS UR R,2,12,54,8,2,15,3
ul U DR L UR BS R,2,12,54,8,2,17,3
ul U DR R BS L UR,2,12,54,8,2,14,3
ul U DR R BS UR L,2,12,54,8,2,15,3
ul U DR R UR BS L,2,12,54,8,2,13,3
ul U L DR BS UR R,2,12,54,8,2,13,3
ul U L DR UR BS R,2,12,54,8,2,15,3
ul U L UR DR BS R,2,12,54,8,2,13,3
BS R U DR L UR ul,2,12,55,7,2,15,3
BS R U DR UR L ul,2,12,55,7,2,15,3
BS U R DR L UR ul,2,12,55,7,2,13,3
BS U R DR UR L ul,2,12,55,7,2,13,3
R BS U DR L UR ul,2,12,55,7,2,15,3
R BS U DR UR L ul,2,12,55,7,2,15,3
R U BS DR L UR ul,2,12,55,7,2,13,3
R U BS DR UR L ul,2,12,55,7,2,13,3
R U DR BS L UR ul,2,12,55,7,2,13,3
R U DR BS UR L ul,2,12,55,7,2,15,3
U BS R DR L UR ul,2,12,55,7,2,13,3
U BS R DR UR L ul,2,12,55,7,2,13,3
U R BS DR L UR ul,2,12,55,7,2,13,3
U R BS DR UR L ul,2,12,55,7,2,13,3
U R DR BS L UR ul,2,12,55,7,2,11,3
U R DR BS UR L ul,2,12,55,7,2,13,3
BS DR L ul UR R U,2,12,56,7,2,12,3
BS DR L ul UR U R,2,12,56,7,2,12,3
BS DR L UR U ul R,2,12,56,7,2,12,3
BS DR L UR ul R U,2,12,56,7,2,12,3
BS DR L UR ul U R,2,12,56,7,2,14,3
BS DR ul L UR R U,2,12,56,7,2,12,3
BS DR ul L UR U R,2,12,56,7,2,12,3
BS DR ul UR L R U,2,12,56,7,2,14,4
BS DR ul UR L U R,2,12,56,7,2,12,3
BS DR ul UR R L U,2,12,56,7,2,12,4
BS DR ul UR R U L,2,12,56,7,2,10,2
BS DR UR L U ul R,2,12,56,7,2,12,3
BS DR UR L ul R U,2,12,56,7,2,12,3
BS DR UR L ul U R,2,12,56,7,2,14,3
BS DR UR ul L R U,2,12,56,7,2,14,4
BS DR UR ul L U R,2,12,56,7,2,12,3
BS DR UR ul R L U,2,12,56,7,2,12,4
BS DR UR ul R U L,2,12,56,7,2,10,2
BS ul DR L UR R U,2,12,56,7,2,14,3
BS ul DR L UR U R,2,12,56,7,2,14,3
BS ul DR UR L R U,2,12,56,7,2,16,4
BS ul DR UR L U R,2,12,56,7,2,14,3
BS ul DR UR R L U,2,12,56,7,2,14,4
BS ul DR UR R U L,2,12,56,7,2,12,3
BS ul UR DR L R U,2,12,56,7,2,16,4
BS ul UR DR L U R,2,12,56,7,2,14,3
BS ul UR DR R L U,2,12,56,7,2,14,4
BS ul UR DR R U L,2,12,56,7,2,12,3
BS UR DR L U ul R,2,12,56,7,2,14,3
BS UR DR L ul R U,2,12,56,7,2,14,3
BS UR DR L ul U R,2,12,56,7,2,16,3
BS UR DR ul L R U,2,12,56,7,2,16,4
BS UR DR ul L U R,2,12,56,7,2,14,3
BS UR DR ul R L U,2,12,56,7,2,14,4
BS UR DR ul R U L,2,12,56,7,2,12,3
BS UR ul DR L R U,2,12,56,7,2,16,4
BS UR ul DR L U R,2,12,56,7,2,14,3
BS UR ul DR R L U,2,12,56,7,2,14,4
BS UR ul DR R U L,2,12,56,7,2,12,3
DR BS L ul UR R U,2,12,56,7,2,11,3
DR BS L ul UR U R,2,12,56,7,2,11,3
DR BS L UR U ul R,2,12,56,7,2,11,3
DR BS L UR ul R U,2,12,56,7,2,11,3
DR BS L UR ul U R,2,12,56,7,2,13,3
DR BS ul L UR R U,2,12,56,7,2,13,3
DR BS ul L UR U R,2,12,56,7,2,13,3
DR BS ul UR L R U,2,12,56,7,2,15,4
DR BS ul UR L U R,2,12,56,7,2,13,3
DR BS ul UR R L U,2,12,56,7,2,13,4
DR BS ul UR R U L,2,12,56,7,2,11,3
DR BS UR L U ul R,2,12,56,7,2,13,3
DR BS UR L ul R U,2,12,56,7,2,13,3
DR BS UR L ul U R,2,12,56,7,2,15,3
DR BS UR ul L R U,2,12,56,7,2,15,4
DR BS UR ul L U R,2,12,56,7,2,13,3
DR BS UR ul R L U,2,12,56,7,2,13,4
DR BS UR ul R U L,2,12,56,7,2,11,3
DR ul BS L UR R U,2,12,56,7,2,13,3
DR ul BS L UR U R,2,12,56,7,2,13,3
DR ul BS UR L R U,2,12,56,7,2,17,4
DR ul BS UR L U R,2,12,56,7,2,15,3
DR ul BS UR R L U,2,12,56,7,2,15,4
DR ul BS UR R U L,2,12,56,7,2,13,3
DR ul UR BS L R U,2,12,56,7,2,15,4
DR ul UR BS L U R,2,12,56,7,2,13,3
DR ul UR BS R L U,2,12,56,7,2,15,4
DR ul UR BS R U L,2,12,56,7,2,13,3
DR ul UR R BS L U,2,12,56,7,2,11,2
DR ul UR R BS U L,2,12,56,7,2,11,2
DR UR BS L U ul R,2,12,56,7,2,13,3
DR UR BS L ul R U,2,12,56,7,2,13,3
DR UR BS L ul U R,2,12,56,7,2,15,3
DR UR BS ul L R U,2,12,56,7,2,17,4
DR UR BS ul L U R,2,12,56,7,2,15,3
DR UR BS ul R L U,2,12,56,7,2,15,4
DR UR BS ul R U L,2,12,56,7,2,13,3
DR UR ul BS L R U,2,12,56,7,2,15,4
DR UR ul BS L U R,2,12,56,7,2,13,3
DR UR ul BS R L U,2,12,56,7,2,15,4
DR UR ul BS R U L,2,12,56,7,2,13,3
DR UR ul R BS L U,2,12,56,7,2,11,2
DR UR ul R BS U L,2,12,56,7,2,11,2
ul BS DR L UR R U,2,12,56,7,2,13,3
ul BS DR L UR U R,2,12,56,7,2,13,3
ul BS DR UR L R U,2,12,56,7,2,15,4
ul BS DR UR L U R,2,12,56,7,2,13,3
ul BS DR UR R L U,2,12,56,7,2,13,4
ul BS DR UR R U L,2,12,56,7,2,11,3
ul BS UR DR L R U,2,12,56,7,2,17,4
ul BS UR DR L U R,2,12,56,7,2,15,3
ul BS UR DR R L U,2,12,56,7,2,15,4
ul BS UR DR R U L,2,12,56,7,2,13,3
ul DR BS L UR R U,2,12,56,7,2,11,3
ul DR BS L UR U R,2,12,56,7,2,11,3
ul DR BS UR L R U,2,12,56,7,2,15,4
ul DR BS UR L U R,2,12,56,7,2,13,3
ul DR BS UR R L U,2,12,56,7,2,13,4
ul DR BS UR R U L,2,12,56,7,2,11,3
ul DR UR BS L R U,2,12,56,7,2,15,4
ul DR UR BS L U R,2,12,56,7,2,13,3
ul DR UR BS R L U,2,12,56,7,2,15,4
ul DR UR BS R U L,2,12,56,7,2,13,3
ul DR UR R BS L U,2,12,56,7,2,11,2
ul DR UR R BS U L,2,12,56,7,2,11,2
ul UR BS DR L R U,2,12,56,7,2,15,4
ul UR BS DR L U R,2,12,56,7,2,13,3
ul UR BS DR R L U,2,12,56,7,2,13,4
ul UR BS DR R U L,2,12,56,7,2,11,3
ul UR DR BS L R U,2,12,56,7,2,13,4
ul UR DR BS L U R,2,12,56,7,2,11,2
ul UR DR BS R L U,2,12,56,7,2,13,4
ul UR DR BS R U L,2,12,56,7,2,11,2
ul UR DR R BS L U,2,12,56,7,2,11,2
ul UR DR R BS U L,2,12,56,7,2,11,2
UR BS DR L U ul R,2,12,56,7,2,13,3
UR BS DR L ul R U,2,12,56,7,2,13,3
UR BS DR L ul U R,2,12,56,7,2,15,3
UR BS DR ul L R U,2,12,56,7,2,15,4
UR BS DR ul L U R,2,12,56,7,2,13,3
UR BS DR ul R L U,2,12,56,7,2,13,4
UR BS DR ul R U L,2,12,56,7,2,11,3
UR BS ul DR L R U,2,12,56,7,2,17,4
UR BS ul DR L U R,2,12,56,7,2,15,3
UR BS ul DR R L U,2,12,56,7,2,15,4
UR BS ul DR R U L,2,12,56,7,2,13,3
UR DR BS L U ul R,2,12,56,7,2,11,3
UR DR BS L ul R U,2,12,56,7,2,11,3
UR DR BS L ul U R,2,12,56,7,2,13,3
UR DR BS ul L R U,2,12,56,7,2,15,4
UR DR BS ul L U R,2,12,56,7,2,13,3
UR DR BS ul R L U,2,12,56,7,2,13,4
UR DR BS ul R U L,2,12,56,7,2,11,3
UR DR ul BS L R U,2,12,56,7,2,15,4
UR DR ul BS L U R,2,12,56,7,2,13,3
UR DR ul BS R L U,2,12,56,7,2,15,4
UR DR ul BS R U L,2,12,56,7,2,13,3
UR DR ul R BS L U,2,12,56,7,2,11,2
UR DR ul R BS U L,2,12,56,7,2,11,2
UR ul BS DR L R U,2,12,56,7,2,15,4
UR ul BS DR L U R,2,12,56,7,2,13,3
UR ul BS DR R L U,2,12,56,7,2,13,4
UR ul BS DR R U L,2,12,56,7,2,11,3
UR ul DR BS L R U,2,12,56,7,2,13,4
UR ul DR BS L U R,2,12,56,7,2,11,2
UR ul DR BS R L U,2,12,56,7,2,13,4
UR ul DR BS R U L,2,12,56,7,2,11,2
UR ul DR R BS L U,2,12,56,7,2,11,2
UR ul DR R BS U L,2,12,56,7,2,11,2
BS DR L R UR ul U,2,12,56,8,2,14,4
BS DR R L UR ul U,2,12,56,8,2,14,4
BS DR R UR L ul U,2,12,56,8,2,12,3
BS DR R UR U ul L,2,12,56,8,2,10,3
BS DR R UR ul L U,2,12,56,8,2,10,3
BS DR R UR ul U L,2,12,56,8,2,10,3
BS R DR L UR ul U,2,12,56,8,2,14,3
BS R DR UR L ul U,2,12,56,8,2,14,3
BS R DR UR U ul L,2,12,56,8,2,12,3
BS R DR UR ul L U,2,12,56,8,2,12,3
BS R DR UR ul U L,2,12,56,8,2,12,3
BS R UR DR L ul U,2,12,56,8,2,14,3
BS R UR DR U ul L,2,12,56,8,2,14,3
BS R UR DR ul L U,2,12,56,8,2,12,3
BS R UR DR ul U L,2,12,56,8,2,12,3
DR BS L R UR ul U,2,12,56,8,2,13,4
DR BS R L UR ul U,2,12,56,8,2,15,4
DR BS R UR L ul U,2,12,56,8,2,13,3
DR BS R UR U ul L,2,12,56,8,2,11,3
DR BS R UR ul L U,2,12,56,8,2,11,3
DR BS R UR ul U L,2,12,56,8,2,11,3
DR R BS L UR ul U,2,12,56,8,2,13,3
DR R BS UR L ul U,2,12,56,8,2,15,3
DR R BS UR U ul L,2,12,56,8,2,13,3
DR R BS UR ul L U,2,12,56,8,2,13,3
DR R BS UR ul U L,2,12,56,8,2,13,3
DR R UR BS L ul U,2,12,56,8,2,13,3
DR R UR BS U ul L,2,12,56,8,2,13,3
DR R UR BS ul L U,2,12,56,8,2,13,3
DR R UR BS ul U L,2,12,56,8,2,13,3
DR R UR ul BS L U,2,12,56,8,2,11,3
DR R UR ul BS U L,2,12,56,8,2,11,3
R BS DR L UR ul U,2,12,56,8,2,14,3
R BS DR UR L ul U,2,12,56,8,2,14,3
R BS DR UR U ul L,2,12,56,8,2,12,3
R BS DR UR ul L U,2,12,56,8,2,12,3
R BS DR UR ul U L,2,12,56,8,2,12,3
R BS UR DR L ul U,2,12,56,8,2,16,3
R BS UR DR U ul L,2,12,56,8,2,16,3
R BS UR DR ul L U,2,12,56,8,2,14,3
R BS UR DR ul U L,2,12,56,8,2,14,3
R DR BS L UR ul U,2,12,56,8,2,12,3
R DR BS UR L ul U,2,12,56,8,2,14,3
R DR BS UR U ul L,2,12,56,8,2,12,3
R DR BS UR ul L U,2,12,56,8,2,12,3
R DR BS UR ul U L,2,12,56,8,2,12,3
R DR UR BS L ul U,2,12,56,8,2,14,3
R DR UR BS U ul L,2,12,56,8,2,14,3
R DR UR BS ul L U,2,12,56,8,2,14,3
R DR UR BS ul U L,2,12,56,8,2,14,3
R DR UR ul BS L U,2,12,56,8,2,12,3
R DR UR ul BS U L,2,12,56,8,2,12,3
R UR BS DR L ul U,2,12,56,8,2,14,3
R UR BS DR U ul L,2,12,56,8,2,14,3
R UR BS DR ul L U,2,12,56,8,2,12,3
R UR BS DR ul U L,2,12,56,8,2,12,3
R UR DR BS L ul U,2,12,56,8,2,12,3
R UR DR BS U ul L,2,12,56,8,2,12,3
R UR DR BS ul L U,2,12,56,8,2,12,3
R UR DR BS ul U L,2,12,56,8,2,12,3
R UR DR ul BS L U,2,12,56,8,2,12,3
R UR DR ul BS U L,2,12,56,8,2,12,3
DR L BS U R ul UR,2,12,56,9,2,12,3
DR L BS U ul R UR,2,12,56,9,2,12,3
DR L BS ul U R UR,2,12,56,9,2,14,3
DR L U BS R ul UR,2,12,56,9,2,12,3
DR L U BS ul R UR,2,12,56,9,2,12,3
DR L U R BS ul UR,2,12,56,9,2,14,3
DR L U R ul BS UR,2,12,56,9,2,14,3
DR L U ul BS R UR,2,12,56,9,2,14,3
DR L U ul R BS UR,2,12,56,9,2,14,3
DR L ul BS U R UR,2,12,56,9,2,14,3
DR L ul U BS R UR,2,12,56,9,2,14,3
DR L ul U R BS UR,2,12,56,9,2,16,3
DR U L BS R ul UR,2,12,56,9,2,12,3
DR U L BS ul R UR,2,12,56,9,2,12,3
DR U L R BS ul UR,2,12,56,9,2,16,4
DR U L R ul BS UR,2,12,56,9,2,16,4
DR U L ul BS R UR,2,12,56,9,2,14,3
DR U L ul R BS UR,2,12,56,9,2,14,3
DR U R L BS ul UR,2,12,56,9,2,16,4
DR U R L ul BS UR,2,12,56,9,2,18,4
DR U R ul L BS UR,2,12,56,9,2,14,3
DR U ul L BS R UR,2,12,56,9,2,14,3
DR U ul L R BS UR,2,12,56,9,2,18,4
DR U ul R L BS UR,2,12,56,9,2,16,4
DR ul L BS U R UR,2,12,56,9,2,12,3
DR ul L U BS R UR,2,12,56,9,2,12,3
DR ul L U R BS UR,2,12,56,9,2,14,3
DR ul U L BS R UR,2,12,56,9,2,12,3
DR ul U L R BS UR,2,12,56,9,2,16,4
DR ul U R L BS UR,2,12,56,9,2,16,4
L DR BS U R ul UR,2,12,56,9,2,11,3
L DR BS U ul R UR,2,12,56,9,2,11,3
L DR BS ul U R UR,2,12,56,9,2,13,3
L DR U BS R ul UR,2,12,56,9,2,13,3
L DR U BS ul R UR,2,12,56,9,2,13,3
L DR U R BS ul UR,2,12,56,9,2,15,3
L DR U R ul BS UR,2,12,56,9,2,15,3
L DR U ul BS R UR,2,12,56,9,2,15,3
L DR U ul R BS UR,2,12,56,9,2,15,3
L DR ul BS U R UR,2,12,56,9,2,13,3
L DR ul U BS R UR,2,12,56,9,2,13,3
L DR ul U R BS UR,2,12,56,9,2,15,3
L U DR BS R ul UR,2,12,56,9,2,11,3
L U DR BS ul R UR,2,12,56,9,2,11,3
L U DR R BS ul UR,2,12,56,9,2,13,3
L U DR R ul BS UR,2,12,56,9,2,13,3
L U DR ul BS R UR,2,12,56,9,2,13,3
L U DR ul R BS UR,2,12,56,9,2,13,3
L U ul DR BS R UR,2,12,56,9,2,11,3
L U ul DR R BS UR,2,12,56,9,2,13,3
L ul DR BS U R UR,2,12,56,9,2,11,3
L ul DR U BS R UR,2,12,56,9,2,13,3
L ul DR U R BS UR,2,12,56,9,2,15,3
L ul U DR BS R UR,2,12,56,9,2,13,3
L ul U DR R BS UR,2,12,56,9,2,15,3
U DR L BS R ul UR,2,12,56,9,2,13,3
U DR L BS ul R UR,2,12,56,9,2,13,3
U DR L R BS ul UR,2,12,56,9,2,17,4
U DR L R ul BS UR,2,12,56,9,2,17,4
U DR L ul BS R UR,2,12,56,9,2,15,3
U DR L ul R BS UR,2,12,56,9,2,15,3
U DR R L BS ul UR,2,12,56,9,2,15,4
U DR R L ul BS UR,2,12,56,9,2,17,4
U DR R ul L BS UR,2,12,56,9,2,13,3
U DR ul L BS R UR,2,12,56,9,2,13,3
U DR ul L R BS UR,2,12,56,9,2,17,4
U DR ul R L BS UR,2,12,56,9,2,15,4
U L DR BS R ul UR,2,12,56,9,2,11,3
U L DR BS ul R UR,2,12,56,9,2,11,3
U L DR R BS ul UR,2,12,56,9,2,13,3
U L DR R ul BS UR,2,12,56,9,2,13,3
U L DR ul BS R UR,2,12,56,9,2,13,3
U L DR ul R BS UR,2,12,56,9,2,13,3
U L ul DR BS R UR,2,12,56,9,2,11,3
U L ul DR R BS UR,2,12,56,9,2,13,3
U ul DR L BS R UR,2,12,56,9,2,13,3
U ul DR L R BS UR,2,12,56,9,2,17,4
U ul DR R L BS UR,2,12,56,9,2,15,4
U ul L DR BS R UR,2,12,56,9,2,13,3
U ul L DR R BS UR,2,12,56,9,2,15,3
ul DR L BS U R UR,2,12,56,9,2,12,3
ul DR L U BS R UR,2,12,56,9,2,12,3
ul DR L U R BS UR,2,12,56,9,2,14,3
ul DR U L BS R UR,2,12,56,9,2,12,3
ul DR U L R BS UR,2,12,56,9,2,16,4
ul DR U R L BS UR,2,12,56,9,2,16,4
ul L DR BS U R UR,2,12,56,9,2,12,3
ul L DR U BS R UR,2,12,56,9,2,14,3
ul L DR U R BS UR,2,12,56,9,2,16,3
ul L U DR BS R UR,2,12,56,9,2,12,3
ul L U DR R BS UR,2,12,56,9,2,14,3
ul U DR L BS R UR,2,12,56,9,2,14,3
ul U DR L R BS UR,2,12,56,9,2,18,4
ul U DR R L BS UR,2,12,56,9,2,16,4
ul U L DR BS R UR,2,12,56,9,2,12,3
ul U L DR R BS UR,2,12,56,9,2,14,3
L R U DR BS UR ul,2,12,57,8,2,15,4
L R U DR UR BS ul,2,12,57,8,2,17,4
L R U UR DR BS ul,2,12,57,8,2,13,4
L U R DR BS UR ul,2,12,57,8,2,11,3
L U R DR UR BS ul,2,12,57,8,2,13,3
L U R UR DR BS ul,2,12,57,8,2,11,3
R L U DR BS UR ul,2,12,57,8,2,15,4
R L U DR UR BS ul,2,12,57,8,2,17,4
R L U UR DR BS ul,2,12,57,8,2,13,4
R U DR L BS UR ul,2,12,57,8,2,15,3
R U DR L UR BS ul,2,12,57,8,2,17,3
R U L DR BS UR ul,2,12,57,8,2,13,3
R U L DR UR BS ul,2,12,57,8,2,15,3
R U L UR DR BS ul,2,12,57,8,2,13,3
U L R DR BS UR ul,2,12,57,8,2,13,4
U L R DR UR BS ul,2,12,57,8,2,15,4
U L R UR DR BS ul,2,12,57,8,2,13,4
U R DR L BS UR ul,2,12,57,8,2,13,3
U R DR L UR BS ul,2,12,57,8,2,15,3
U R L DR BS UR ul,2,12,57,8,2,15,4
U R L DR UR BS ul,2,12,57,8,2,17,4
U R L UR DR BS ul,2,12,57,8,2,15,4
BS DR L UR R ul U,2,12,58,8,2,12,3
BS DR ul UR U L R,2,12,58,8,2,12,4
BS DR ul UR U R L,2,12,58,8,2,12,4
BS DR UR L R ul U,2,12,58,8,2,14,4
BS DR UR R L ul U,2,12,58,8,2,14,4
BS DR UR R U ul L,2,12,58,8,2,12,3
BS DR UR R ul L U,2,12,58,8,2,10,3
BS DR UR R ul U L,2,12,58,8,2,10,3
BS DR UR U L ul R,2,12,58,8,2,10,3
BS DR UR U R ul L,2,12,58,8,2,10,3
BS DR UR U ul L R,2,12,58,8,2,14,4
BS DR UR U ul R L,2,12,58,8,2,12,4
BS DR UR ul U L R,2,12,58,8,2,14,4
BS DR UR ul U R L,2,12,58,8,2,14,4
BS ul DR UR U L R,2,12,58,8,2,14,4
BS ul DR UR U R L,2,12,58,8,2,14,4
BS ul UR DR U L R,2,12,58,8,2,16,4
BS ul UR DR U R L,2,12,58,8,2,16,4
BS ul UR U DR L R,2,12,58,8,2,16,4
BS ul UR U DR R L,2,12,58,8,2,14,4
BS UR DR L R ul U,2,12,58,8,2,16,4
BS UR DR R L ul U,2,12,58,8,2,16,4
BS UR DR R U ul L,2,12,58,8,2,14,3
BS UR DR R ul L U,2,12,58,8,2,12,3
BS UR DR R ul U L,2,12,58,8,2,12,3
BS UR DR U L ul R,2,12,58,8,2,14,3
BS UR DR U R ul L,2,12,58,8,2,14,3
BS UR DR U ul L R,2,12,58,8,2,18,4
BS UR DR U ul R L,2,12,58,8,2,16,4
BS UR DR ul U L R,2,12,58,8,2,16,4
BS UR DR ul U R L,2,12,58,8,2,16,4
BS UR R DR L ul U,2,12,58,8,2,14,3
BS UR R DR U ul L,2,12,58,8,2,14,3
BS UR R DR ul L U,2,12,58,8,2,12,3
BS UR R DR ul U L,2,12,58,8,2,12,3
BS UR U DR L ul R,2,12,58,8,2,14,3
BS UR U DR R ul L,2,12,58,8,2,12,3
BS UR U DR ul L R,2,12,58,8,2,16,4
BS UR U DR ul R L,2,12,58,8,2,14,4
BS UR U ul DR L R,2,12,58,8,2,16,4
BS UR U ul DR R L,2,12,58,8,2,14,4
BS UR ul DR U L R,2,12,58,8,2,16,4
BS UR ul DR U R L,2,12,58,8,2,16,4
BS UR ul U DR L R,2,12,58,8,2,18,4
BS UR ul U DR R L,2,12,58,8,2,16,4
DR BS L UR R ul U,2,12,58,8,2,11,3
DR BS ul UR U L R,2,12,58,8,2,13,4
DR BS ul UR U R L,2,12,58,8,2,13,4
DR BS UR L R ul U,2,12,58,8,2,15,4
DR BS UR R L ul U,2,12,58,8,2,15,4
DR BS UR R U ul L,2,12,58,8,2,13,3
DR BS UR R ul L U,2,12,58,8,2,11,3
DR BS UR R ul U L,2,12,58,8,2,11,3
DR BS UR U L ul R,2,12,58,8,2,11,3
DR BS UR U R ul L,2,12,58,8,2,11,3
DR BS UR U ul L R,2,12,58,8,2,15,4
DR BS UR U ul R L,2,12,58,8,2,13,4
DR BS UR ul U L R,2,12,58,8,2,15,4
DR BS UR ul U R L,2,12,58,8,2,15,4
DR L BS ul UR R U,2,12,58,8,2,13,3
DR L BS ul UR U R,2,12,58,8,2,13,3
DR L BS UR U ul R,2,12,58,8,2,13,3
DR L BS UR ul R U,2,12,58,8,2,13,3
DR L BS UR ul U R,2,12,58,8,2,15,3
DR L ul BS UR R U,2,12,58,8,2,15,3
DR L ul BS UR U R,2,12,58,8,2,15,3
DR L ul UR BS R U,2,12,58,8,2,15,3
DR L ul UR BS U R,2,12,58,8,2,15,3
DR L ul UR R BS U,2,12,58,8,2,13,3
DR L ul UR U BS R,2,12,58,8,2,13,3
DR L UR BS U ul R,2,12,58,8,2,15,3
DR L UR BS ul R U,2,12,58,8,2,15,3
DR L UR BS ul U R,2,12,58,8,2,17,3
DR L UR U BS ul R,2,12,58,8,2,13,3
DR L UR U ul BS R,2,12,58,8,2,15,3
DR L UR ul BS R U,2,12,58,8,2,15,3
DR L UR ul BS U R,2,12,58,8,2,15,3
DR L UR ul R BS U,2,12,58,8,2,13,3
DR L UR ul U BS R,2,12,58,8,2,15,3
DR ul BS UR U L R,2,12,58,8,2,15,4
DR ul BS UR U R L,2,12,58,8,2,15,4
DR ul L BS UR R U,2,12,58,8,2,13,3
DR ul L BS UR U R,2,12,58,8,2,13,3
DR ul L UR BS R U,2,12,58,8,2,15,3
DR ul L UR BS U R,2,12,58,8,2,15,3
DR ul L UR R BS U,2,12,58,8,2,13,3
DR ul L UR U BS R,2,12,58,8,2,13,3
DR ul UR BS U L R,2,12,58,8,2,15,4
DR ul UR BS U R L,2,12,58,8,2,15,4
DR ul UR L BS R U,2,12,58,8,2,13,3
DR ul UR L BS U R,2,12,58,8,2,13,3
DR ul UR L R BS U,2,12,58,8,2,15,4
DR ul UR L U BS R,2,12,58,8,2,13,3
DR ul UR R L BS U,2,12,58,8,2,13,4
DR ul UR R U BS L,2,12,58,8,2,11,2
DR ul UR U BS L R,2,12,58,8,2,13,4
DR ul UR U BS R L,2,12,58,8,2,13,4
DR ul UR U L BS R,2,12,58,8,2,11,2
DR ul UR U R BS L,2,12,58,8,2,11,2
DR UR BS L R ul U,2,12,58,8,2,15,4
DR UR BS R L ul U,2,12,58,8,2,17,4
DR UR BS R U ul L,2,12,58,8,2,15,3
DR UR BS R ul L U,2,12,58,8,2,13,3
DR UR BS R ul U L,2,12,58,8,2,13,3
DR UR BS U L ul R,2,12,58,8,2,13,3
DR UR BS U R ul L,2,12,58,8,2,13,3
DR UR BS U ul L R,2,12,58,8,2,17,4
DR UR BS U ul R L,2,12,58,8,2,15,4
DR UR BS ul U L R,2,12,58,8,2,17,4
DR UR BS ul U R L,2,12,58,8,2,17,4
DR UR L BS U ul R,2,12,58,8,2,13,3
DR UR L BS ul R U,2,12,58,8,2,13,3
DR UR L BS ul U R,2,12,58,8,2,15,3
DR UR L U BS ul R,2,12,58,8,2,13,3
DR UR L U ul BS R,2,12,58,8,2,15,3
DR UR L ul BS R U,2,12,58,8,2,15,3
DR UR L ul BS U R,2,12,58,8,2,15,3
DR UR L ul R BS U,2,12,58,8,2,13,3
DR UR L ul U BS R,2,12,58,8,2,15,3
DR UR R BS L ul U,2,12,58,8,2,13,3
DR UR R BS U ul L,2,12,58,8,2,13,3
DR UR R BS ul L U,2,12,58,8,2,13,3
DR UR R BS ul U L,2,12,58,8,2,13,3
DR UR R ul BS L U,2,12,58,8,2,11,3
DR UR R ul BS U L,2,12,58,8,2,11,3
DR UR U BS L ul R,2,12,58,8,2,11,3
DR UR U BS R ul L,2,12,58,8,2,11,3
DR UR U BS ul L R,2,12,58,8,2,15,4
DR UR U BS ul R L,2,12,58,8,2,13,4
DR UR U L BS ul R,2,12,58,8,2,11,3
DR UR U L ul BS R,2,12,58,8,2,13,3
DR UR U ul BS L R,2,12,58,8,2,15,4
DR UR U ul BS R L,2,12,58,8,2,15,4
DR UR U ul L BS R,2,12,58,8,2,13,3
DR UR U ul R BS L,2,12,58,8,2,11,3
DR UR ul BS U L R,2,12,58,8,2,15,4
DR UR ul BS U R L,2,12,58,8,2,15,4
DR UR ul L BS R U,2,12,58,8,2,13,3
DR UR ul L BS U R,2,12,58,8,2,13,3
DR UR ul L R BS U,2,12,58,8,2,15,4
DR UR ul L U BS R,2,12,58,8,2,13,3
DR UR ul R L BS U,2,12,58,8,2,13,4
DR UR ul R U BS L,2,12,58,8,2,11,2
DR UR ul U BS L R,2,12,58,8,2,15,4
DR UR ul U BS R L,2,12,58,8,2,15,4
DR UR ul U L BS R,2,12,58,8,2,13,3
DR UR ul U R BS L,2,12,58,8,2,13,3
L DR BS ul UR R U,2,12,58,8,2,12,3
L DR BS ul UR U R,2,12,58,8,2,12,3
L DR BS UR U ul R,2,12,58,8,2,12,3
L DR BS UR ul R U,2,12,58,8,2,12,3
L DR BS UR ul U R,2,12,58,8,2,14,3
L DR ul BS UR R U,2,12,58,8,2,14,3
L DR ul BS UR U R,2,12,58,8,2,14,3
L DR ul UR BS R U,2,12,58,8,2,14,3
L DR ul UR BS U R,2,12,58,8,2,14,3
L DR ul UR R BS U,2,12,58,8,2,12,3
L DR ul UR U BS R,2,12,58,8,2,12,3
L DR UR BS U ul R,2,12,58,8,2,14,3
L DR UR BS ul R U,2,12,58,8,2,14,3
L DR UR BS ul U R,2,12,58,8,2,16,3
L DR UR U BS ul R,2,12,58,8,2,12,3
L DR UR U ul BS R,2,12,58,8,2,14,3
L DR UR ul BS R U,2,12,58,8,2,14,3
L DR UR ul BS U R,2,12,58,8,2,14,3
L DR UR ul R BS U,2,12,58,8,2,12,3
L DR UR ul U BS R,2,12,58,8,2,14,3
L ul DR BS UR R U,2,12,58,8,2,12,3
L ul DR BS UR U R,2,12,58,8,2,12,3
L ul DR UR BS R U,2,12,58,8,2,14,3
L ul DR UR BS U R,2,12,58,8,2,14,3
L ul DR UR R BS U,2,12,58,8,2,12,3
L ul DR UR U BS R,2,12,58,8,2,12,3
L ul UR DR BS R U,2,12,58,8,2,12,3
L ul UR DR BS U R,2,12,58,8,2,12,3
L ul UR DR R BS U,2,12,58,8,2,12,3
L ul UR DR U BS R,2,12,58,8,2,14,3
L ul UR U DR BS R,2,12,58,8,2,12,3
L UR DR BS U ul R,2,12,58,8,2,12,3
L UR DR BS ul R U,2,12,58,8,2,12,3
L UR DR BS ul U R,2,12,58,8,2,14,3
L UR DR U BS ul R,2,12,58,8,2,14,3
L UR DR U ul BS R,2,12,58,8,2,16,3
L UR DR ul BS R U,2,12,58,8,2,14,3
L UR DR ul BS U R,2,12,58,8,2,14,3
L UR DR ul R BS U,2,12,58,8,2,12,3
L UR DR ul U BS R,2,12,58,8,2,14,3
L UR U DR BS ul R,2,12,58,8,2,12,3
L UR U DR ul BS R,2,12,58,8,2,14,3
L UR U ul DR BS R,2,12,58,8,2,12,3
L UR ul DR BS R U,2,12,58,8,2,12,3
L UR ul DR BS U R,2,12,58,8,2,12,3
L UR ul DR R BS U,2,12,58,8,2,12,3
L UR ul DR U BS R,2,12,58,8,2,14,3
L UR ul U DR BS R,2,12,58,8,2,14,3
ul BS DR UR U L R,2,12,58,8,2,13,4
ul BS DR UR U R L,2,12,58,8,2,13,4
ul BS UR DR U L R,2,12,58,8,2,17,4
ul BS UR DR U R L,2,12,58,8,2,17,4
ul BS UR U DR L R,2,12,58,8,2,17,4
ul BS UR U DR R L,2,12,58,8,2,15,4
ul DR BS UR U L R,2,12,58,8,2,13,4
ul DR BS UR U R L,2,12,58,8,2,13,4
ul DR L BS UR R U,2,12,58,8,2,13,3
ul DR L BS UR U R,2,12,58,8,2,13,3
ul DR L UR BS R U,2,12,58,8,2,15,3
ul DR L UR BS U R,2,12,58,8,2,15,3
ul DR L UR R BS U,2,12,58,8,2,13,3
ul DR L UR U BS R,2,12,58,8,2,13,3
ul DR UR BS U L R,2,12,58,8,2,15,4
ul DR UR BS U R L,2,12,58,8,2,15,4
ul DR UR L BS R U,2,12,58,8,2,13,3
ul DR UR L BS U R,2,12,58,8,2,13,3
ul DR UR L R BS U,2,12,58,8,2,15,4
ul DR UR L U BS R,2,12,58,8,2,13,3
ul DR UR R L BS U,2,12,58,8,2,13,4
ul DR UR R U BS L,2,12,58,8,2,11,2
ul DR UR U BS L R,2,12,58,8,2,13,4
ul DR UR U BS R L,2,12,58,8,2,13,4
ul DR UR U L BS R,2,12,58,8,2,11,2
ul DR UR U R BS L,2,12,58,8,2,11,2
ul L DR BS UR R U,2,12,58,8,2,13,3
ul L DR BS UR U R,2,12,58,8,2,13,3
ul L DR UR BS R U,2,12,58,8,2,15,3
ul L DR UR BS U R,2,12,58,8,2,15,3
ul L DR UR R BS U,2,12,58,8,2,13,3
ul L DR UR U BS R,2,12,58,8,2,13,3
ul L UR DR BS R U,2,12,58,8,2,13,3
ul L UR DR BS U R,2,12,58,8,2,13,3
ul L UR DR R BS U,2,12,58,8,2,13,3
ul L UR DR U BS R,2,12,58,8,2,15,3
ul L UR U DR BS R,2,12,58,8,2,13,3
ul UR BS DR U L R,2,12,58,8,2,15,4
ul UR BS DR U R L,2,12,58,8,2,15,4
ul UR BS U DR L R,2,12,58,8,2,17,4
ul UR BS U DR R L,2,12,58,8,2,15,4
ul UR DR BS U L R,2,12,58,8,2,13,4
ul UR DR BS U R L,2,12,58,8,2,13,4
ul UR DR L BS R U,2,12,58,8,2,13,3
ul UR DR L BS U R,2,12,58,8,2,13,3
ul UR DR L R BS U,2,12,58,8,2,15,4
ul UR DR L U BS R,2,12,58,8,2,13,3
ul UR DR R L BS U,2,12,58,8,2,13,4
ul UR DR R U BS L,2,12,58,8,2,11,2
ul UR DR U BS L R,2,12,58,8,2,15,4
ul UR DR U BS R L,2,12,58,8,2,15,4
ul UR DR U L BS R,2,12,58,8,2,13,3
ul UR DR U R BS L,2,12,58,8,2,13,3
ul UR L DR BS R U,2,12,58,8,2,13,3
ul UR L DR BS U R,2,12,58,8,2,13,3
ul UR L DR R BS U,2,12,58,8,2,13,3
ul UR L DR U BS R,2,12,58,8,2,15,3
ul UR L U DR BS R,2,12,58,8,2,13,3
ul UR U BS DR L R,2,12,58,8,2,13,4
ul UR U BS DR R L,2,12,58,8,2,11,4
ul UR U DR BS L R,2,12,58,8,2,13,4
ul UR U DR BS R L,2,12,58,8,2,13,4
ul UR U DR L BS R,2,12,58,8,2,13,3
ul UR U DR R BS L,2,12,58,8,2,11,3
ul UR U L DR BS R,2,12,58,8,2,11,3
UR BS DR L R ul U,2,12,58,8,2,15,4
UR BS DR R L ul U,2,12,58,8,2,15,4
UR BS DR R U ul L,2,12,58,8,2,13,3
UR BS DR R ul L U,2,12,58,8,2,11,3
UR BS DR R ul U L,2,12,58,8,2,11,3
UR BS DR U L ul R,2,12,58,8,2,13,3
UR BS DR U R ul L,2,12,58,8,2,13,3
UR BS DR U ul L R,2,12,58,8,2,17,4
UR BS DR U ul R L,2,12,58,8,2,15,4
UR BS DR ul U L R,2,12,58,8,2,15,4
UR BS DR ul U R L,2,12,58,8,2,15,4
UR BS R DR L ul U,2,12,58,8,2,15,3
UR BS R DR U ul L,2,12,58,8,2,15,3
UR BS R DR ul L U,2,12,58,8,2,13,3
UR BS R DR ul U L,2,12,58,8,2,13,3
UR BS U DR L ul R,2,12,58,8,2,15,3
UR BS U DR R ul L,2,12,58,8,2,13,3
UR BS U DR ul L R,2,12,58,8,2,17,4
UR BS U DR ul R L,2,12,58,8,2,15,4
UR BS U ul DR L R,2,12,58,8,2,17,4
UR BS U ul DR R L,2,12,58,8,2,15,4
UR BS ul DR U L R,2,12,58,8,2,17,4
UR BS ul DR U R L,2,12,58,8,2,17,4
UR BS ul U DR L R,2,12,58,8,2,19,4
UR BS ul U DR R L,2,12,58,8,2,17,4
UR DR BS L R ul U,2,12,58,8,2,13,4
UR DR BS R L ul U,2,12,58,8,2,15,4
UR DR BS R U ul L,2,12,58,8,2,13,3
UR DR BS R ul L U,2,12,58,8,2,11,3
UR DR BS R ul U L,2,12,58,8,2,11,3
UR DR BS U L ul R,2,12,58,8,2,11,3
UR DR BS U R ul L,2,12,58,8,2,11,3
UR DR BS U ul L R,2,12,58,8,2,15,4
UR DR BS U ul R L,2,12,58,8,2,13,4
UR DR BS ul U L R,2,12,58,8,2,15,4
UR DR BS ul U R L,2,12,58,8,2,15,4
UR DR L BS U ul R,2,12,58,8,2,13,3
UR DR L BS ul R U,2,12,58,8,2,13,3
UR DR L BS ul U R,2,12,58,8,2,15,3
UR DR L U BS ul R,2,12,58,8,2,13,3
UR DR L U ul BS R,2,12,58,8,2,15,3
UR DR L ul BS R U,2,12,58,8,2,15,3
UR DR L ul BS U R,2,12,58,8,2,15,3
UR DR L ul R BS U,2,12,58,8,2,13,3
UR DR L ul U BS R,2,12,58,8,2,15,3
UR DR R BS L ul U,2,12,58,8,2,13,3
UR DR R BS U ul L,2,12,58,8,2,13,3
UR DR R BS ul L U,2,12,58,8,2,13,3
UR DR R BS ul U L,2,12,58,8,2,13,3
UR DR R ul BS L U,2,12,58,8,2,11,3
UR DR R ul BS U L,2,12,58,8,2,11,3
UR DR U BS L ul R,2,12,58,8,2,13,3
UR DR U BS R ul L,2,12,58,8,2,13,3
UR DR U BS ul L R,2,12,58,8,2,17,4
UR DR U BS ul R L,2,12,58,8,2,15,4
UR DR U L BS ul R,2,12,58,8,2,13,3
UR DR U L ul BS R,2,12,58,8,2,15,3
UR DR U ul BS L R,2,12,58,8,2,17,4
UR DR U ul BS R L,2,12,58,8,2,17,4
UR DR U ul L BS R,2,12,58,8,2,15,3
UR DR U ul R BS L,2,12,58,8,2,13,3
UR DR ul BS U L R,2,12,58,8,2,15,4
UR DR ul BS U R L,2,12,58,8,2,15,4
UR DR ul L BS R U,2,12,58,8,2,13,3
UR DR ul L BS U R,2,12,58,8,2,13,3
UR DR ul L R BS U,2,12,58,8,2,15,4
UR DR ul L U BS R,2,12,58,8,2,13,3
UR DR ul R L BS U,2,12,58,8,2,13,4
UR DR ul R U BS L,2,12,58,8,2,11,2
UR DR ul U BS L R,2,12,58,8,2,15,4
UR DR ul U BS R L,2,12,58,8,2,15,4
UR DR ul U L BS R,2,12,58,8,2,13,3
UR DR ul U R BS L,2,12,58,8,2,13,3
UR L DR BS U ul R,2,12,58,8,2,13,3
UR L DR BS ul R U,2,12,58,8,2,13,3
UR L DR BS ul U R,2,12,58,8,2,15,3
UR L DR U BS ul R,2,12,58,8,2,15,3
UR L DR U ul BS R,2,12,58,8,2,17,3
UR L DR ul BS R U,2,12,58,8,2,15,3
UR L DR ul BS U R,2,12,58,8,2,15,3
UR L DR ul R BS U,2,12,58,8,2,13,3
UR L DR ul U BS R,2,12,58,8,2,15,3
UR L U DR BS ul R,2,12,58,8,2,13,3
UR L U DR ul BS R,2,12,58,8,2,15,3
UR L U ul DR BS R,2,12,58,8,2,13,3
UR L ul DR BS R U,2,12,58,8,2,13,3
UR L ul DR BS U R,2,12,58,8,2,13,3
UR L ul DR R BS U,2,12,58,8,2,13,3
UR L ul DR U BS R,2,12,58,8,2,15,3
UR L ul U DR BS R,2,12,58,8,2,15,3
UR R BS DR L ul U,2,12,58,8,2,13,3
UR R BS DR U ul L,2,12,58,8,2,13,3
UR R BS DR ul L U,2,12,58,8,2,11,3
UR R BS DR ul U L,2,12,58,8,2,11,3
UR R DR BS L ul U,2,12,58,8,2,11,3
UR R DR BS U ul L,2,12,58,8,2,11,3
UR R DR BS ul L U,2,12,58,8,2,11,3
UR R DR BS ul U L,2,12,58,8,2,11,3
UR R DR ul BS L U,2,12,58,8,2,11,3
UR R DR ul BS U L,2,12,58,8,2,11,3
UR U BS DR L ul R,2,12,58,8,2,11,3
UR U BS DR R ul L,2,12,58,8,2,9,3
UR U BS DR ul L R,2,12,58,8,2,13,4
UR U BS DR ul R L,2,12,58,8,2,11,4
UR U BS ul DR L R,2,12,58,8,2,15,4
UR U BS ul DR R L,2,12,58,8,2,13,4
UR U DR BS L ul R,2,12,58,8,2,11,3
UR U DR BS R ul L,2,12,58,8,2,11,3
UR U DR BS ul L R,2,12,58,8,2,15,4
UR U DR BS ul R L,2,12,58,8,2,13,4
UR U DR L BS ul R,2,12,58,8,2,13,3
UR U DR L ul BS R,2,12,58,8,2,15,3
UR U DR ul BS L R,2,12,58,8,2,15,4
UR U DR ul BS R L,2,12,58,8,2,15,4
UR U DR ul L BS R,2,12,58,8,2,13,3
UR U DR ul R BS L,2,12,58,8,2,11,3
UR U L DR BS ul R,2,12,58,8,2,11,3
UR U L DR ul BS R,2,12,58,8,2,13,3
UR U L ul DR BS R,2,12,58,8,2,11,3
UR U ul BS DR L R,2,12,58,8,2,15,4
UR U ul BS DR R L,2,12,58,8,2,13,4
UR U ul DR BS L R,2,12,58,8,2,13,4
UR U ul DR BS R L,2,12,58,8,2,13,4
UR U ul DR L BS R,2,12,58,8,2,13,3
UR U ul DR R BS L,2,12,58,8,2,11,3
UR U ul L DR BS R,2,12,58,8,2,13,3
UR ul BS DR U L R,2,12,58,8,2,15,4
UR ul BS DR U R L,2,12,58,8,2,15,4
UR ul BS U DR L R,2,12,58,8,2,17,4
UR ul BS U DR R L,2,12,58,8,2,15,4
UR ul DR BS U L R,2,12,58,8,2,13,4
UR ul DR BS U R L,2,12,58,8,2,13,4
UR ul DR L BS R U,2,12,58,8,2,13,3
UR ul DR L BS U R,2,12,58,8,2,13,3
UR ul DR L R BS U,2,12,58,8,2,15,4
UR ul DR L U BS R,2,12,58,8,2,13,3
UR ul DR R L BS U,2,12,58,8,2,13,4
UR ul DR R U BS L,2,12,58,8,2,11,2
UR ul DR U BS L R,2,12,58,8,2,15,4
UR ul DR U BS R L,2,12,58,8,2,15,4
UR ul DR U L BS R,2,12,58,8,2,13,3
UR ul DR U R BS L,2,12,58,8,2,13,3
UR ul L DR BS R U,2,12,58,8,2,13,3
UR ul L DR BS U R,2,12,58,8,2,13,3
UR ul L DR R BS U,2,12,58,8,2,13,3
UR ul L DR U BS R,2,12,58,8,2,15,3
UR ul L U DR BS R,2,12,58,8,2,13,3
UR ul U BS DR L R,2,12,58,8,2,15,4
UR ul U BS DR R L,2,12,58,8,2,13,4
UR ul U DR BS L R,2,12,58,8,2,15,4
UR ul U DR BS R L,2,12,58,8,2,15,4
UR ul U DR L BS R,2,12,58,8,2,15,3
UR ul U DR R BS L,2,12,58,8,2,13,3
UR ul U L DR BS R,2,12,58,8,2,13,3
BS R U ul UR DR L,2,12,58,9,2,14,3
BS R U ul UR L DR,2,12,58,9,2,15,3
BS R U UR DR ul L,2,12,58,9,2,12,3
BS R U UR L ul DR,2,12,58,9,2,13,3
BS R U UR ul DR L,2,12,58,9,2,12,3
BS R U UR ul L DR,2,12,58,9,2,13,3
BS R ul U UR DR L,2,12,58,9,2,12,3
BS R ul U UR L DR,2,12,58,9,2,13,3
BS U R ul UR DR L,2,12,58,9,2,12,3
BS U R ul UR L DR,2,12,58,9,2,13,3
BS U R UR DR ul L,2,12,58,9,2,12,3
BS U R UR L ul DR,2,12,58,9,2,13,3
BS U R UR ul DR L,2,12,58,9,2,12,3
BS U R UR ul L DR,2,12,58,9,2,13,3
BS U ul R UR DR L,2,12,58,9,2,12,3
BS U ul R UR L DR,2,12,58,9,2,13,3
BS ul R U UR DR L,2,12,58,9,2,12,3
BS ul R U UR L DR,2,12,58,9,2,13,3
BS ul U R UR DR L,2,12,58,9,2,14,3
BS ul U R UR L DR,2,12,58,9,2,15,3
DR L BS R UR ul U,2,12,58,9,2,13,3
DR L R BS UR ul U,2,12,58,9,2,17,4
DR L R UR BS ul U,2,12,58,9,2,17,4
DR L R UR ul BS U,2,12,58,9,2,15,4
DR R L BS UR ul U,2,12,58,9,2,15,4
DR R L UR BS ul U,2,12,58,9,2,17,4
DR R L UR ul BS U,2,12,58,9,2,15,4
DR R U UR BS ul L,2,12,58,9,2,13,3
DR R U UR ul BS L,2,12,58,9,2,11,3
DR R UR L BS ul U,2,12,58,9,2,13,3
DR R UR L ul BS U,2,12,58,9,2,13,3
DR R UR U BS ul L,2,12,58,9,2,11,3
DR R UR U ul BS L,2,12,58,9,2,11,3
DR R UR ul L BS U,2,12,58,9,2,11,3
DR R UR ul U BS L,2,12,58,9,2,11,3
L DR BS R UR ul U,2,12,58,9,2,12,3
L DR R BS UR ul U,2,12,58,9,2,14,3
L DR R UR BS ul U,2,12,58,9,2,14,3
L DR R UR ul BS U,2,12,58,9,2,12,3
L R DR BS UR ul U,2,12,58,9,2,14,4
L R DR UR BS ul U,2,12,58,9,2,16,4
L R DR UR ul BS U,2,12,58,9,2,14,4
L R UR DR BS ul U,2,12,58,9,2,14,4
L R UR DR ul BS U,2,12,58,9,2,14,4
R BS U ul UR DR L,2,12,58,9,2,14,3
R BS U ul UR L DR,2,12,58,9,2,15,3
R BS U UR DR ul L,2,12,58,9,2,12,3
R BS U UR L ul DR,2,12,58,9,2,13,3
R BS U UR ul DR L,2,12,58,9,2,12,3
R BS U UR ul L DR,2,12,58,9,2,13,3
R BS ul U UR DR L,2,12,58,9,2,14,3
R BS ul U UR L DR,2,12,58,9,2,15,3
R DR L BS UR ul U,2,12,58,9,2,14,3
R DR L UR BS ul U,2,12,58,9,2,16,3
R DR L UR ul BS U,2,12,58,9,2,14,3
R DR U UR BS ul L,2,12,58,9,2,14,3
R DR U UR ul BS L,2,12,58,9,2,12,3
R DR UR L BS ul U,2,12,58,9,2,14,3
R DR UR L ul BS U,2,12,58,9,2,14,3
R DR UR U BS ul L,2,12,58,9,2,12,3
R DR UR U ul BS L,2,12,58,9,2,12,3
R DR UR ul L BS U,2,12,58,9,2,12,3
R DR UR ul U BS L,2,12,58,9,2,12,3
R L DR BS UR ul U,2,12,58,9,2,16,4
R L DR UR BS ul U,2,12,58,9,2,18,4
R L DR UR ul BS U,2,12,58,9,2,16,4
R L UR DR BS ul U,2,12,58,9,2,16,4
R L UR DR ul BS U,2,12,58,9,2,16,4
R U BS ul UR DR L,2,12,58,9,2,14,3
R U BS ul UR L DR,2,12,58,9,2,15,3
R U BS UR DR ul L,2,12,58,9,2,14,3
R U BS UR L ul DR,2,12,58,9,2,15,3
R U BS UR ul DR L,2,12,58,9,2,14,3
R U BS UR ul L DR,2,12,58,9,2,15,3
R U ul BS UR DR L,2,12,58,9,2,16,3
R U ul BS UR L DR,2,12,58,9,2,17,3
R U ul UR BS DR L,2,12,58,9,2,14,3
R U ul UR BS L DR,2,12,58,9,2,15,3
R U ul UR DR BS L,2,12,58,9,2,12,3
R U ul UR L BS DR,2,12,58,9,2,13,3
R U UR BS DR ul L,2,12,58,9,2,12,3
R U UR BS L ul DR,2,12,58,9,2,13,3
R U UR BS ul DR L,2,12,58,9,2,14,3
R U UR BS ul L DR,2,12,58,9,2,15,3
R U UR L BS ul DR,2,12,58,9,2,13,3
R U UR L ul BS DR,2,12,58,9,2,13,3
R U UR ul BS DR L,2,12,58,9,2,12,3
R U UR ul BS L DR,2,12,58,9,2,13,3
R U UR ul DR BS L,2,12,58,9,2,10,2
R U UR ul L BS DR,2,12,58,9,2,11,3
R ul BS U UR DR L,2,12,58,9,2,12,3
R ul BS U UR L DR,2,12,58,9,2,13,3
R ul U BS UR DR L,2,12,58,9,2,14,3
R ul U BS UR L DR,2,12,58,9,2,15,3
R ul U UR BS DR L,2,12,58,9,2,12,3
R ul U UR BS L DR,2,12,58,9,2,13,3
R ul U UR DR BS L,2,12,58,9,2,10,3
R ul U UR L BS DR,2,12,58,9,2,11,3
R UR DR L BS ul U,2,12,58,9,2,14,3
R UR DR L ul BS U,2,12,58,9,2,14,3
R UR DR U BS ul L,2,12,58,9,2,14,3
R UR DR U ul BS L,2,12,58,9,2,14,3
R UR DR ul L BS U,2,12,58,9,2,12,3
R UR DR ul U BS L,2,12,58,9,2,12,3
R UR L DR BS ul U,2,12,58,9,2,14,3
R UR L DR ul BS U,2,12,58,9,2,14,3
R UR U DR BS ul L,2,12,58,9,2,12,3
R UR U DR ul BS L,2,12,58,9,2,12,3
U BS R ul UR DR L,2,12,58,9,2,12,3
U BS R ul UR L DR,2,12,58,9,2,13,3
U BS R UR DR ul L,2,12,58,9,2,12,3
U BS R UR L ul DR,2,12,58,9,2,13,3
U BS R UR ul DR L,2,12,58,9,2,12,3
U BS R UR ul L DR,2,12,58,9,2,13,3
U BS ul R UR DR L,2,12,58,9,2,12,3
U BS ul R UR L DR,2,12,58,9,2,13,3
U R BS ul UR DR L,2,12,58,9,2,14,3
U R BS ul UR L DR,2,12,58,9,2,15,3
U R BS UR DR ul L,2,12,58,9,2,14,3
U R BS UR L ul DR,2,12,58,9,2,15,3
U R BS UR ul DR L,2,12,58,9,2,14,3
U R BS UR ul L DR,2,12,58,9,2,15,3
U R ul BS UR DR L,2,12,58,9,2,14,3
U R ul BS UR L DR,2,12,58,9,2,15,3
U R ul UR BS DR L,2,12,58,9,2,12,3
U R ul UR BS L DR,2,12,58,9,2,13,3
U R ul UR DR BS L,2,12,58,9,2,10,2
U R ul UR L BS DR,2,12,58,9,2,11,3
U R UR BS DR ul L,2,12,58,9,2,12,3
U R UR BS L ul DR,2,12,58,9,2,13,3
U R UR BS ul DR L,2,12,58,9,2,14,3
U R UR BS ul L DR,2,12,58,9,2,15,3
U R UR L BS ul DR,2,12,58,9,2,13,3
U R UR L ul BS DR,2,12,58,9,2,13,3
U R UR ul BS DR L,2,12,58,9,2,12,3
U R UR ul BS L DR,2,12,58,9,2,13,3
U R UR ul DR BS L,2,12,58,9,2,10,2
U R UR ul L BS DR,2,12,58,9,2,11,3
U ul BS R UR DR L,2,12,58,9,2,14,3
U ul BS R UR L DR,2,12,58,9,2,15,3
U ul R BS UR DR L,2,12,58,9,2,14,3
U ul R BS UR L DR,2,12,58,9,2,15,3
U ul R UR BS DR L,2,12,58,9,2,12,3
U ul R UR BS L DR,2,12,58,9,2,13,3
U ul R UR DR BS L,2,12,58,9,2,10,3
U ul R UR L BS DR,2,12,58,9,2,11,3
ul BS R U UR DR L,2,12,58,9,2,13,3
ul BS R U UR L DR,2,12,58,9,2,14,3
ul BS U R UR DR L,2,12,58,9,2,13,3
ul BS U R UR L DR,2,12,58,9,2,14,3
ul R BS U UR DR L,2,12,58,9,2,11,3
ul R BS U UR L DR,2,12,58,9,2,12,3
ul R U BS UR DR L,2,12,58,9,2,13,3
ul R U BS UR L DR,2,12,58,9,2,14,3
ul R U UR BS DR L,2,12,58,9,2,11,3
ul R U UR BS L DR,2,12,58,9,2,12,3
ul R U UR DR BS L,2,12,58,9,2,9,2
ul R U UR L BS DR,2,12,58,9,2,10,3
ul U BS R UR DR L,2,12,58,9,2,13,3
ul U BS R UR L DR,2,12,58,9,2,14,3
ul U R BS UR DR L,2,12,58,9,2,15,3
ul U R BS UR L DR,2,12,58,9,2,16,3
ul U R UR BS DR L,2,12,58,9,2,13,3
ul U R UR BS L DR,2,12,58,9,2,14,3
ul U R UR DR BS L,2,12,58,9,2,11,3
ul U R UR L BS DR,2,12,58,9,2,12,3
BS DR U ul UR L R,2,12,59,8,2,16,4
BS DR U ul UR R L,2,12,59,8,2,14,4
BS DR U UR L ul R,2,12,59,8,2,12,3
BS DR U UR R ul L,2,12,59,8,2,10,3
BS DR U UR ul L R,2,12,59,8,2,14,4
BS DR U UR ul R L,2,12,59,8,2,12,4
BS DR ul U UR L R,2,12,59,8,2,14,4
BS DR ul U UR R L,2,12,59,8,2,12,4
BS U DR ul UR L R,2,12,59,8,2,16,4
BS U DR ul UR R L,2,12,59,8,2,14,4
BS U DR UR L ul R,2,12,59,8,2,14,3
BS U DR UR R ul L,2,12,59,8,2,12,3
BS U DR UR ul L R,2,12,59,8,2,16,4
BS U DR UR ul R L,2,12,59,8,2,14,4
BS U ul DR UR L R,2,12,59,8,2,16,4
BS U ul DR UR R L,2,12,59,8,2,14,4
BS U ul UR DR L R,2,12,59,8,2,16,4
BS U ul UR DR R L,2,12,59,8,2,14,4
BS U UR DR L ul R,2,12,59,8,2,12,3
BS U UR DR R ul L,2,12,59,8,2,10,3
BS U UR DR ul L R,2,12,59,8,2,14,4
BS U UR DR ul R L,2,12,59,8,2,12,4
BS U UR ul DR L R,2,12,59,8,2,14,4
BS U UR ul DR R L,2,12,59,8,2,12,4
BS ul DR U UR L R,2,12,59,8,2,16,4
BS ul DR U UR R L,2,12,59,8,2,14,4
BS ul U DR UR L R,2,12,59,8,2,18,4
BS ul U DR UR R L,2,12,59,8,2,16,4
BS ul U UR DR L R,2,12,59,8,2,16,4
BS ul U UR DR R L,2,12,59,8,2,14,4
DR BS U ul UR L R,2,12,59,8,2,15,4
DR BS U ul UR R L,2,12,59,8,2,13,4
DR BS U UR L ul R,2,12,59,8,2,11,3
DR BS U UR R ul L,2,12,59,8,2,9,3
DR BS U UR ul L R,2,12,59,8,2,13,4
DR BS U UR ul R L,2,12,59,8,2,11,4
DR BS ul U UR L R,2,12,59,8,2,15,4
DR BS ul U UR R L,2,12,59,8,2,13,4
DR U BS ul UR L R,2,12,59,8,2,17,4
DR U BS ul UR R L,2,12,59,8,2,15,4
DR U BS UR L ul R,2,12,59,8,2,15,3
DR U BS UR R ul L,2,12,59,8,2,13,3
DR U BS UR ul L R,2,12,59,8,2,17,4
DR U BS UR ul R L,2,12,59,8,2,15,4
DR U ul BS UR L R,2,12,59,8,2,19,4
DR U ul BS UR R L,2,12,59,8,2,17,4
DR U ul UR BS L R,2,12,59,8,2,17,4
DR U ul UR BS R L,2,12,59,8,2,17,4
DR U ul UR L BS R,2,12,59,8,2,15,3
DR U ul UR R BS L,2,12,59,8,2,13,3
DR U UR BS L ul R,2,12,59,8,2,13,3
DR U UR BS R ul L,2,12,59,8,2,13,3
DR U UR BS ul L R,2,12,59,8,2,17,4
DR U UR BS ul R L,2,12,59,8,2,15,4
DR U UR L BS ul R,2,12,59,8,2,13,3
DR U UR L ul BS R,2,12,59,8,2,15,3
DR U UR ul BS L R,2,12,59,8,2,15,4
DR U UR ul BS R L,2,12,59,8,2,15,4
DR U UR ul L BS R,2,12,59,8,2,13,3
DR U UR ul R BS L,2,12,59,8,2,11,3
DR ul BS U UR L R,2,12,59,8,2,15,4
DR ul BS U UR R L,2,12,59,8,2,13,4
DR ul U BS UR L R,2,12,59,8,2,17,4
DR ul U BS UR R L,2,12,59,8,2,15,4
DR ul U UR BS L R,2,12,59,8,2,15,4
DR ul U UR BS R L,2,12,59,8,2,15,4
DR ul U UR L BS R,2,12,59,8,2,13,3
DR ul U UR R BS L,2,12,59,8,2,11,3
U BS DR ul UR L R,2,12,59,8,2,14,4
U BS DR ul UR R L,2,12,59,8,2,12,4
U BS DR UR L ul R,2,12,59,8,2,12,3
U BS DR UR R ul L,2,12,59,8,2,10,3
U BS DR UR ul L R,2,12,59,8,2,14,4
U BS DR UR ul R L,2,12,59,8,2,12,4
U BS ul DR UR L R,2,12,59,8,2,16,4
U BS ul DR UR R L,2,12,59,8,2,14,4
U BS ul UR DR L R,2,12,59,8,2,16,4
U BS ul UR DR R L,2,12,59,8,2,14,4
U BS UR DR L ul R,2,12,59,8,2,14,3
U BS UR DR R ul L,2,12,59,8,2,12,3
U BS UR DR ul L R,2,12,59,8,2,16,4
U BS UR DR ul R L,2,12,59,8,2,14,4
U BS UR ul DR L R,2,12,59,8,2,16,4
U BS UR ul DR R L,2,12,59,8,2,14,4
U DR BS ul UR L R,2,12,59,8,2,16,4
U DR BS ul UR R L,2,12,59,8,2,14,4
U DR BS UR L ul R,2,12,59,8,2,14,3
U DR BS UR R ul L,2,12,59,8,2,12,3
U DR BS UR ul L R,2,12,59,8,2,16,4
U DR BS UR ul R L,2,12,59,8,2,14,4
U DR ul BS UR L R,2,12,59,8,2,18,4
U DR ul BS UR R L,2,12,59,8,2,16,4
U DR ul UR BS L R,2,12,59,8,2,16,4
U DR ul UR BS R L,2,12,59,8,2,16,4
U DR ul UR L BS R,2,12,59,8,2,14,3
U DR ul UR R BS L,2,12,59,8,2,12,3
U DR UR BS L ul R,2,12,59,8,2,14,3
U DR UR BS R ul L,2,12,59,8,2,14,3
U DR UR BS ul L R,2,12,59,8,2,18,4
U DR UR BS ul R L,2,12,59,8,2,16,4
U DR UR L BS ul R,2,12,59,8,2,14,3
U DR UR L ul BS R,2,12,59,8,2,16,3
U DR UR ul BS L R,2,12,59,8,2,16,4
U DR UR ul BS R L,2,12,59,8,2,16,4
U DR UR ul L BS R,2,12,59,8,2,14,3
U DR UR ul R BS L,2,12,59,8,2,12,3
U ul BS DR UR L R,2,12,59,8,2,16,4
U ul BS DR UR R L,2,12,59,8,2,14,4
U ul BS UR DR L R,2,12,59,8,2,18,4
U ul BS UR DR R L,2,12,59,8,2,16,4
U ul DR BS UR L R,2,12,59,8,2,16,4
U ul DR BS UR R L,2,12,59,8,2,14,4
U ul DR UR BS L R,2,12,59,8,2,16,4
U ul DR UR BS R L,2,12,59,8,2,16,4
U ul DR UR L BS R,2,12,59,8,2,14,3
U ul DR UR R BS L,2,12,59,8,2,12,3
U ul UR BS DR L R,2,12,59,8,2,16,4
U ul UR BS DR R L,2,12,59,8,2,14,4
U ul UR DR BS L R,2,12,59,8,2,14,4
U ul UR DR BS R L,2,12,59,8,2,14,4
U ul UR DR L BS R,2,12,59,8,2,14,3
U ul UR DR R BS L,2,12,59,8,2,12,3
U ul UR L DR BS R,2,12,59,8,2,14,3
U UR BS DR L ul R,2,12,59,8,2,12,3
U UR BS DR R ul L,2,12,59,8,2,10,3
U UR BS DR ul L R,2,12,59,8,2,14,4
U UR BS DR ul R L,2,12,59,8,2,12,4
U UR BS ul DR L R,2,12,59,8,2,16,4
U UR BS ul DR R L,2,12,59,8,2,14,4
U UR DR BS L ul R,2,12,59,8,2,10,3
U UR DR BS R ul L,2,12,59,8,2,10,3
U UR DR BS ul L R,2,12,59,8,2,14,4
U UR DR BS ul R L,2,12,59,8,2,12,4
U UR DR L BS ul R,2,12,59,8,2,12,3
U UR DR L ul BS R,2,12,59,8,2,14,3
U UR DR ul BS L R,2,12,59,8,2,14,4
U UR DR ul BS R L,2,12,59,8,2,14,4
U UR DR ul L BS R,2,12,59,8,2,12,3
U UR DR ul R BS L,2,12,59,8,2,10,2
U UR L DR BS ul R,2,12,59,8,2,12,3
U UR L DR ul BS R,2,12,59,8,2,14,3
U UR L ul DR BS R,2,12,59,8,2,12,3
U UR ul BS DR L R,2,12,59,8,2,14,4
U UR ul BS DR R L,2,12,59,8,2,12,4
U UR ul DR BS L R,2,12,59,8,2,12,4
U UR ul DR BS R L,2,12,59,8,2,12,4
U UR ul DR L BS R,2,12,59,8,2,12,3
U UR ul DR R BS L,2,12,59,8,2,10,2
U UR ul L DR BS R,2,12,59,8,2,12,3
ul BS DR U UR L R,2,12,59,8,2,15,4
ul BS DR U UR R L,2,12,59,8,2,13,4
ul BS U DR UR L R,2,12,59,8,2,17,4
ul BS U DR UR R L,2,12,59,8,2,15,4
ul BS U UR DR L R,2,12,59,8,2,15,4
ul BS U UR DR R L,2,12,59,8,2,13,4
ul DR BS U UR L R,2,12,59,8,2,13,4
ul DR BS U UR R L,2,12,59,8,2,11,4
ul DR U BS UR L R,2,12,59,8,2,17,4
ul DR U BS UR R L,2,12,59,8,2,15,4
ul DR U UR BS L R,2,12,59,8,2,15,4
ul DR U UR BS R L,2,12,59,8,2,15,4
ul DR U UR L BS R,2,12,59,8,2,13,3
ul DR U UR R BS L,2,12,59,8,2,11,3
ul U BS DR UR L R,2,12,59,8,2,15,4
ul U BS DR UR R L,2,12,59,8,2,13,4
ul U BS UR DR L R,2,12,59,8,2,17,4
ul U BS UR DR R L,2,12,59,8,2,15,4
ul U DR BS UR L R,2,12,59,8,2,17,4
ul U DR BS UR R L,2,12,59,8,2,15,4
ul U DR UR BS L R,2,12,59,8,2,17,4
ul U DR UR BS R L,2,12,59,8,2,17,4
ul U DR UR L BS R,2,12,59,8,2,15,3
ul U DR UR R BS L,2,12,59,8,2,13,3
ul U UR BS DR L R,2,12,59,8,2,15,4
ul U UR BS DR R L,2,12,59,8,2,13,4
ul U UR DR BS L R,2,12,59,8,2,13,4
ul U UR DR BS R L,2,12,59,8,2,13,4
ul U UR DR L BS R,2,12,59,8,2,13,3
ul U UR DR R BS L,2,12,59,8,2,11,3
ul U UR L DR BS R,2,12,59,8,2,13,3
DR L BS UR R ul U,2,12,60,9,2,13,3
DR L UR BS R ul U,2,12,60,9,2,15,3
DR L UR R BS ul U,2,12,60,9,2,15,3
DR L UR R ul BS U,2,12,60,9,2,13,3
DR UR L BS R ul U,2,12,60,9,2,13,3
DR UR L R BS ul U,2,12,60,9,2,17,4
DR UR L R ul BS U,2,12,60,9,2,15,4
DR UR R L BS ul U,2,12,60,9,2,15,4
DR UR R L ul BS U,2,12,60,9,2,15,4
DR UR R U BS ul L,2,12,60,9,2,13,3
DR UR R U ul BS L,2,12,60,9,2,13,3
DR UR R ul L BS U,2,12,60,9,2,11,3
DR UR R ul U BS L,2,12,60,9,2,11,3
DR UR U R BS ul L,2,12,60,9,2,13,3
DR UR U R ul BS L,2,12,60,9,2,11,3
L DR BS UR R ul U,2,12,60,9,2,12,3
L DR UR BS R ul U,2,12,60,9,2,14,3
L DR UR R BS ul U,2,12,60,9,2,14,3
L DR UR R ul BS U,2,12,60,9,2,12,3
L UR DR BS R ul U,2,12,60,9,2,12,3
L UR DR R BS ul U,2,12,60,9,2,14,3
L UR DR R ul BS U,2,12,60,9,2,12,3
L UR R DR BS ul U,2,12,60,9,2,12,3
L UR R DR ul BS U,2,12,60,9,2,12,3
UR DR L BS R ul U,2,12,60,9,2,13,3
UR DR L R BS ul U,2,12,60,9,2,17,4
UR DR L R ul BS U,2,12,60,9,2,15,4
UR DR R L BS ul U,2,12,60,9,2,15,4
UR DR R L ul BS U,2,12,60,9,2,15,4
UR DR R U BS ul L,2,12,60,9,2,13,3
UR DR R U ul BS L,2,12,60,9,2,13,3
UR DR R ul L BS U,2,12,60,9,2,11,3
UR DR R ul U BS L,2,12,60,9,2,11,3
UR DR U R BS ul L,2,12,60,9,2,15,3
UR DR U R ul BS L,2,12,60,9,2,13,3
UR L DR BS R ul U,2,12,60,9,2,13,3
UR L DR R BS ul U,2,12,60,9,2,15,3
UR L DR R ul BS U,2,12,60,9,2,13,3
UR L R DR BS ul U,2,12,60,9,2,15,4
UR L R DR ul BS U,2,12,60,9,2,15,4
UR R DR L BS ul U,2,12,60,9,2,13,3
UR R DR L ul BS U,2,12,60,9,2,13,3
UR R DR U BS ul L,2,12,60,9,2,13,3
UR R DR U ul BS L,2,12,60,9,2,13,3
UR R DR ul L BS U,2,12,60,9,2,11,3
UR R DR ul U BS L,2,12,60,9,2,11,3
UR R L DR BS ul U,2,12,60,9,2,15,4
UR R L DR ul BS U,2,12,60,9,2,15,4
UR R U DR BS ul L,2,12,60,9,2,13,3
UR R U DR ul BS L,2,12,60,9,2,13,3
UR U DR R BS ul L,2,12,60,9,2,13,3
UR U DR R ul BS L,2,12,60,9,2,11,3
UR U R DR BS ul L,2,12,60,9,2,11,3
UR U R DR ul BS L,2,12,60,9,2,11,3
DR U R UR BS ul L,2,12,61,9,2,15,3
DR U R UR ul BS L,2,12,61,9,2,13,3
DR U UR R BS ul L,2,12,61,9,2,13,3
DR U UR R ul BS L,2,12,61,9,2,11,3
U DR R UR BS ul L,2,12,61,9,2,14,3
U DR R UR ul BS L,2,12,61,9,2,12,3
U DR UR R BS ul L,2,12,61,9,2,14,3
U DR UR R ul BS L,2,12,61,9,2,12,3
U UR DR R BS ul L,2,12,61,9,2,12,3
U UR DR R ul BS L,2,12,61,9,2,10,3
U UR R DR BS ul L,2,12,61,9,2,10,3
U UR R DR ul BS L,2,12,61,9,2,10,3
R U DR UR BS L ul,2,12,62,8,2,15,3
R U DR UR L BS ul,2,12,62,8,2,15,3
R U UR DR BS L ul,2,12,62,8,2,11,3
R U UR DR L BS ul,2,12,62,8,2,13,3
R U UR L DR BS ul,2,12,62,8,2,13,3
U R DR UR BS L ul,2,12,62,8,2,13,3
U R DR UR L BS ul,2,12,62,8,2,13,3
U R UR DR BS L ul,2,12,62,8,2,11,3
U R UR DR L BS ul,2,12,62,8,2,13,3
U R UR L DR BS ul,2,12,62,8,2,13,3
BS R U DR L ul UR,2,12,63,9,2,15,3
BS R U DR ul L UR,2,12,63,9,2,15,3
BS R U DR ul UR L,2,12,63,9,2,14,3
BS R U DR UR ul L,2,12,63,9,2,14,3
BS R U ul DR L UR,2,12,63,9,2,15,3
BS R U ul DR UR L,2,12,63,9,2,14,3
BS R ul U DR L UR,2,12,63,9,2,15,3
BS R ul U DR UR L,2,12,63,9,2,14,3
BS U R DR L ul UR,2,12,63,9,2,13,3
BS U R DR ul L UR,2,12,63,9,2,13,3
BS U R DR ul UR L,2,12,63,9,2,12,3
BS U R DR UR ul L,2,12,63,9,2,12,3
BS U R ul DR L UR,2,12,63,9,2,13,3
BS U R ul DR UR L,2,12,63,9,2,12,3
BS U ul R DR L UR,2,12,63,9,2,13,3
BS U ul R DR UR L,2,12,63,9,2,12,3
BS ul R U DR L UR,2,12,63,9,2,15,3
BS ul R U DR UR L,2,12,63,9,2,14,3
BS ul U R DR L UR,2,12,63,9,2,15,3
BS ul U R DR UR L,2,12,63,9,2,14,3
R BS U DR L ul UR,2,12,63,9,2,15,3
R BS U DR ul L UR,2,12,63,9,2,15,3
R BS U DR ul UR L,2,12,63,9,2,14,3
R BS U DR UR ul L,2,12,63,9,2,14,3
R BS U ul DR L UR,2,12,63,9,2,15,3
R BS U ul DR UR L,2,12,63,9,2,14,3
R BS ul U DR L UR,2,12,63,9,2,17,3
R BS ul U DR UR L,2,12,63,9,2,16,3
R U BS DR L ul UR,2,12,63,9,2,13,3
R U BS DR ul L UR,2,12,63,9,2,13,3
R U BS DR ul UR L,2,12,63,9,2,12,3
R U BS DR UR ul L,2,12,63,9,2,12,3
R U BS ul DR L UR,2,12,63,9,2,15,3
R U BS ul DR UR L,2,12,63,9,2,14,3
R U DR BS L ul UR,2,12,63,9,2,13,3
R U DR BS ul L UR,2,12,63,9,2,15,3
R U DR BS ul UR L,2,12,63,9,2,14,3
R U DR BS UR ul L,2,12,63,9,2,14,3
R U DR ul BS L UR,2,12,63,9,2,15,3
R U DR ul BS UR L,2,12,63,9,2,16,3
R U DR ul UR BS L,2,12,63,9,2,14,3
R U ul BS DR L UR,2,12,63,9,2,15,3
R U ul BS DR UR L,2,12,63,9,2,14,3
R U ul DR BS L UR,2,12,63,9,2,13,3
R U ul DR BS UR L,2,12,63,9,2,14,3
R U ul DR UR BS L,2,12,63,9,2,14,3
R ul BS U DR L UR,2,12,63,9,2,15,3
R ul BS U DR UR L,2,12,63,9,2,14,3
R ul U BS DR L UR,2,12,63,9,2,13,3
R ul U BS DR UR L,2,12,63,9,2,12,3
R ul U DR BS L UR,2,12,63,9,2,13,3
R ul U DR BS UR L,2,12,63,9,2,14,3
R ul U DR UR BS L,2,12,63,9,2,14,3
U BS R DR L ul UR,2,12,63,9,2,13,3
U BS R DR ul L UR,2,12,63,9,2,13,3
U BS R DR ul UR L,2,12,63,9,2,12,3
U BS R DR UR ul L,2,12,63,9,2,12,3
U BS R ul DR L UR,2,12,63,9,2,13,3
U BS R ul DR UR L,2,12,63,9,2,12,3
U BS ul R DR L UR,2,12,63,9,2,13,3
U BS ul R DR UR L,2,12,63,9,2,12,3
U R BS DR L ul UR,2,12,63,9,2,13,3
U R BS DR ul L UR,2,12,63,9,2,13,3
U R BS DR ul UR L,2,12,63,9,2,12,3
U R BS DR UR ul L,2,12,63,9,2,12,3
U R BS ul DR L UR,2,12,63,9,2,15,3
U R BS ul DR UR L,2,12,63,9,2,14,3
U R DR BS L ul UR,2,12,63,9,2,11,3
U R DR BS ul L UR,2,12,63,9,2,13,3
U R DR BS ul UR L,2,12,63,9,2,12,3
U R DR BS UR ul L,2,12,63,9,2,12,3
U R DR ul BS L UR,2,12,63,9,2,13,3
U R DR ul BS UR L,2,12,63,9,2,14,3
U R DR ul UR BS L,2,12,63,9,2,12,3
U R ul BS DR L UR,2,12,63,9,2,13,3
U R ul BS DR UR L,2,12,63,9,2,12,3
U R ul DR BS L UR,2,12,63,9,2,11,3
U R ul DR BS UR L,2,12,63,9,2,12,3
U R ul DR UR BS L,2,12,63,9,2,12,3
U ul BS R DR L UR,2,12,63,9,2,15,3
U ul BS R DR UR L,2,12,63,9,2,14,3
U ul R BS DR L UR,2,12,63,9,2,13,3
U ul R BS DR UR L,2,12,63,9,2,12,3
U ul R DR BS L UR,2,12,63,9,2,11,3
U ul R DR BS UR L,2,12,63,9,2,12,3
U ul R DR UR BS L,2,12,63,9,2,12,3
ul BS R U DR L UR,2,12,63,9,2,16,3
ul BS R U DR UR L,2,12,63,9,2,15,3
ul BS U R DR L UR,2,12,63,9,2,14,3
ul BS U R DR UR L,2,12,63,9,2,13,3
ul R BS U DR L UR,2,12,63,9,2,14,3
ul R BS U DR UR L,2,12,63,9,2,13,3
ul R U BS DR L UR,2,12,63,9,2,12,3
ul R U BS DR UR L,2,12,63,9,2,11,3
ul R U DR BS L UR,2,12,63,9,2,12,3
ul R U DR BS UR L,2,12,63,9,2,13,3
ul R U DR UR BS L,2,12,63,9,2,13,3
ul U BS R DR L UR,2,12,63,9,2,14,3
ul U BS R DR UR L,2,12,63,9,2,13,3
ul U R BS DR L UR,2,12,63,9,2,14,3
ul U R BS DR UR L,2,12,63,9,2,13,3
ul U R DR BS L UR,2,12,63,9,2,12,3
ul U R DR BS UR L,2,12,63,9,2,13,3
ul U R DR UR BS L,2,12,63,9,2,13,3
L R U DR BS ul UR,2,12,65,10,2,15,4
L R U DR ul BS UR,2,12,65,10,2,17,4
L R U ul DR BS UR,2,12,65,10,2,15,4
L R ul U DR BS UR,2,12,65,10,2,15,4
L U R DR BS ul UR,2,12,65,10,2,11,3
L U R DR ul BS UR,2,12,65,10,2,13,3
L U R ul DR BS UR,2,12,65,10,2,11,3
L U ul R DR BS UR,2,12,65,10,2,11,3
L ul R U DR BS UR,2,12,65,10,2,13,3
L ul U R DR BS UR,2,12,65,10,2,13,3
R L U DR BS ul UR,2,12,65,10,2,15,4
R L U DR ul BS UR,2,12,65,10,2,17,4
R L U ul DR BS UR,2,12,65,10,2,15,4
R L ul U DR BS UR,2,12,65,10,2,17,4
R U DR L BS ul UR,2,12,65,10,2,15,3
R U DR L ul BS UR,2,12,65,10,2,17,3
R U DR ul L BS UR,2,12,65,10,2,15,3
R U L DR BS ul UR,2,12,65,10,2,13,3
R U L DR ul BS UR,2,12,65,10,2,15,3
R U L ul DR BS UR,2,12,65,10,2,13,3
R U ul DR L BS UR,2,12,65,10,2,15,3
R U ul L DR BS UR,2,12,65,10,2,15,3
R ul L U DR BS UR,2,12,65,10,2,13,3
R ul U DR L BS UR,2,12,65,10,2,15,3
R ul U L DR BS UR,2,12,65,10,2,13,3
U L R DR BS ul UR,2,12,65,10,2,13,4
U L R DR ul BS UR,2,12,65,10,2,15,4
U L R ul DR BS UR,2,12,65,10,2,13,4
U L ul R DR BS UR,2,12,65,10,2,11,3
U R DR L BS ul UR,2,12,65,10,2,13,3
U R DR L ul BS UR,2,12,65,10,2,15,3
U R DR ul L BS UR,2,12,65,10,2,13,3
U R L DR BS ul UR,2,12,65,10,2,15,4
U R L DR ul BS UR,2,12,65,10,2,17,4
U R L ul DR BS UR,2,12,65,10,2,15,4
U R ul DR L BS UR,2,12,65,10,2,13,3
U R ul L DR BS UR,2,12,65,10,2,13,3
U ul L R DR BS UR,2,12,65,10,2,15,4
U ul R DR L BS UR,2,12,65,10,2,13,3
U ul R L DR BS UR,2,12,65,10,2,15,4
ul L R U DR BS UR,2,12,65,10,2,16,4
ul L U R DR BS UR,2,12,65,10,2,12,3
ul R L U DR BS UR,2,12,65,10,2,14,4
ul R U DR L BS UR,2,12,65,10,2,14,3
ul R U L DR BS UR,2,12,65,10,2,12,3
ul U L R DR BS UR,2,12,65,10,2,14,4
ul U R DR L BS UR,2,12,65,10,2,14,3
ul U R L DR BS UR,2,12,65,10,2,16,4
R U DR UR BS ul L,2,12,70,10,2,16,3
R U DR UR ul BS L,2,12,70,10,2,14,3
R U UR DR BS ul L,2,12,70,10,2,12,3
R U UR DR ul BS L,2,12,70,10,2,12,3
U R DR UR BS ul L,2,12,70,10,2,14,3
U R DR UR ul BS L,2,12,70,10,2,12,3
U R UR DR BS ul L,2,12,70,10,2,12,3
U R UR DR ul BS L,2,12,70,10,2,12,3
