order,min_memo,max_memo,sum_memo,memorized,d_moves,pin_changes,max_pin_changes
dl FS L UR R DR ur,2,10,30,6,2,12,3
dl L FS UR R DR ur,2,10,30,6,2,10,3
FS dl L UR R DR ur,2,10,30,6,2,13,3
FS L dl UR R DR ur,2,10,30,6,2,11,3
FS L UR dl R DR ur,2,10,30,6,2,11,3
FS L UR R dl DR ur,2,10,30,6,2,11,3
FS L UR R DR dl ur,2,10,30,6,2,11,3
L dl FS UR R DR ur,2,10,30,6,2,11,3
L FS dl UR R DR ur,2,10,30,6,2,11,3
L FS UR dl R DR ur,2,10,30,6,2,9,2
L FS UR R dl DR ur,2,10,30,6,2,9,2
L FS UR R DR dl ur,2,10,30,6,2,9,2
FS L ur DR UR R dl,2,13,31,5,2,9,2
FS L ur UR DR R dl,2,13,31,5,2,11,4
FS L UR ur DR R dl,2,13,31,5,2,13,4
FS ur L DR UR R dl,2,13,31,5,2,11,3
FS ur L UR DR R dl,2,13,31,5,2,11,3
L FS ur DR UR R dl,2,13,31,5,2,11,3
L FS ur UR DR R dl,2,13,31,5,2,13,4
L FS UR ur DR R dl,2,13,31,5,2,11,4
L ur DR FS UR R dl,2,13,31,5,2,9,3
L ur FS DR UR R dl,2,13,31,5,2,11,3
L ur FS UR DR R dl,2,13,31,5,2,9,3
ur FS L DR UR R dl,2,13,31,5,2,12,3
ur FS L UR DR R dl,2,13,31,5,2,12,3
ur L DR FS UR R dl,2,13,31,5,2,10,3
ur L FS DR UR R dl,2,13,31,5,2,10,3
ur L FS UR DR R dl,2,13,31,5,2,8,2
dl L ur DR R UR FS,2,13,31,6,2,9,3
dl ur L DR R UR FS,2,13,31,6,2,9,3
L dl ur DR R UR FS,2,13,31,6,2,10,3
L ur dl DR R UR FS,2,13,31,6,2,8,2
L ur DR dl R UR FS,2,13,31,6,2,8,2
L ur DR R dl UR FS,2,13,31,6,2,8,2
ur dl L DR R UR FS,2,13,31,6,2,11,3
ur L dl DR R UR FS,2,13,31,6,2,9,3
ur L DR dl R UR FS,2,13,31,6,2,9,3
ur L DR R dl UR FS,2,13,31,6,2,9,3
FS L ur DR R UR dl,2,13,33,6,2,9,2
FS L UR R DR ur dl,2,13,33,6,2,11,3
FS L UR R ur DR dl,2,13,33,6,2,13,3
FS L ur UR R DR dl,2,13,33,6,2,11,4
FS L UR ur R DR dl,2,13,33,6,2,15,4
FS ur L DR R UR dl,2,13,33,6,2,11,3
FS ur L UR R DR dl,2,13,33,6,2,11,3
L FS ur DR R UR dl,2,13,33,6,2,11,3
L FS UR R DR ur dl,2,13,33,6,2,9,2
L FS UR R ur DR dl,2,13,33,6,2,11,3
L FS ur UR R DR dl,2,13,33,6,2,13,4
L FS UR ur R DR dl,2,13,33,6,2,13,4
L ur DR FS R UR dl,2,13,33,6,2,11,3
L ur DR R FS UR dl,2,13,33,6,2,9,2
L ur FS DR R UR dl,2,13,33,6,2,11,3
L ur FS UR R DR dl,2,13,33,6,2,9,3
ur FS L DR R UR dl,2,13,33,6,2,12,3
ur FS L UR R DR dl,2,13,33,6,2,12,3
ur L DR FS R UR dl,2,13,33,6,2,12,3
ur L DR R FS UR dl,2,13,33,6,2,10,3
ur L FS DR R UR dl,2,13,33,6,2,10,3
ur L FS UR R DR dl,2,13,33,6,2,8,2
dl FS L R UR DR ur,2,10,34,7,2,14,4
dl FS R L UR DR ur,2,10,34,7,2,16,4
dl L FS R UR DR ur,2,10,34,7,2,12,3
dl L R FS UR DR ur,2,10,34,7,2,14,4
dl R FS L UR DR ur,2,10,34,7,2,12,3
dl R L FS UR DR ur,2,10,34,7,2,12,4
FS dl L R UR DR ur,2,10,34,7,2,15,4
FS dl R L UR DR ur,2,10,34,7,2,15,4
FS L dl R UR DR ur,2,10,34,7,2,11,3
FS L R dl UR DR ur,2,10,34,7,2,13,4
FS L R UR dl DR ur,2,10,34,7,2,13,4
FS L R UR DR dl ur,2,10,34,7,2,13,4
FS R dl L UR DR ur,2,10,34,7,2,13,3
FS R L dl UR DR ur,2,10,34,7,2,15,4
FS R L UR dl DR ur,2,10,34,7,2,15,4
FS R L UR DR dl ur,2,10,34,7,2,15,4
L dl FS R UR DR ur,2,10,34,7,2,13,3
L dl R FS UR DR ur,2,10,34,7,2,11,3
L FS dl R UR DR ur,2,10,34,7,2,11,3
L FS R dl UR DR ur,2,10,34,7,2,11,2
L FS R UR dl DR ur,2,10,34,7,2,11,2
L FS R UR DR dl ur,2,10,34,7,2,11,2
L R dl FS UR DR ur,2,10,34,7,2,13,4
L R FS dl UR DR ur,2,10,34,7,2,15,4
L R FS UR dl DR ur,2,10,34,7,2,13,4
L R FS UR DR dl ur,2,10,34,7,2,13,4
R dl FS L UR DR ur,2,10,34,7,2,13,3
R dl L FS UR DR ur,2,10,34,7,2,11,3
R FS dl L UR DR ur,2,10,34,7,2,15,3
R FS L dl UR DR ur,2,10,34,7,2,13,3
R FS L UR dl DR ur,2,10,34,7,2,13,3
R FS L UR DR dl ur,2,10,34,7,2,13,3
R L dl FS UR DR ur,2,10,34,7,2,15,4
R L FS dl UR DR ur,2,10,34,7,2,15,4
R L FS UR dl DR ur,2,10,34,7,2,13,4
R L FS UR DR dl ur,2,10,34,7,2,13,4
dl L R ur DR UR FS,2,13,35,7,2,15,4
dl L ur R DR UR FS,2,13,35,7,2,11,3
dl R L ur DR UR FS,2,13,35,7,2,11,4
dl R ur L DR UR FS,2,13,35,7,2,11,3
dl ur L R DR UR FS,2,13,35,7,2,11,4
dl ur R L DR UR FS,2,13,35,7,2,15,4
L dl R ur DR UR FS,2,13,35,7,2,12,3
L dl ur R DR UR FS,2,13,35,7,2,12,3
L R dl ur DR UR FS,2,13,35,7,2,12,4
L R ur dl DR UR FS,2,13,35,7,2,14,4
L R ur DR dl UR FS,2,13,35,7,2,14,4
L ur dl R DR UR FS,2,13,35,7,2,8,2
L ur R dl DR UR FS,2,13,35,7,2,10,3
L ur R DR dl UR FS,2,13,35,7,2,10,3
R dl L ur DR UR FS,2,13,35,7,2,10,3
R dl ur L DR UR FS,2,13,35,7,2,10,3
R L dl ur DR UR FS,2,13,35,7,2,14,4
R L ur dl DR UR FS,2,13,35,7,2,12,4
R L ur DR dl UR FS,2,13,35,7,2,12,4
R ur dl L DR UR FS,2,13,35,7,2,14,3
R ur L dl DR UR FS,2,13,35,7,2,12,3
R ur L DR dl UR FS,2,13,35,7,2,12,3
ur dl L R DR UR FS,2,13,35,7,2,13,4
ur dl R L DR UR FS,2,13,35,7,2,13,4
ur L dl R DR UR FS,2,13,35,7,2,9,3
ur L R dl DR UR FS,2,13,35,7,2,11,4
ur L R DR dl UR FS,2,13,35,7,2,11,4
ur R dl L DR UR FS,2,13,35,7,2,13,3
ur R L dl DR UR FS,2,13,35,7,2,15,4
ur R L DR dl UR FS,2,13,35,7,2,15,4
FS L R ur DR UR dl,2,13,37,7,2,15,4
FS L R UR DR ur dl,2,13,37,7,2,13,4
FS L R ur UR DR dl,2,13,37,7,2,17,4
FS L R UR ur DR dl,2,13,37,7,2,15,4
FS L ur R DR UR dl,2,13,37,7,2,11,3
FS L ur R UR DR dl,2,13,37,7,2,11,3
FS R L ur DR UR dl,2,13,37,7,2,13,4
FS R L UR DR ur dl,2,13,37,7,2,15,4
FS R L ur UR DR dl,2,13,37,7,2,15,4
FS R L UR ur DR dl,2,13,37,7,2,17,4
FS R ur L DR UR dl,2,13,37,7,2,13,3
FS R ur L UR DR dl,2,13,37,7,2,13,3
FS ur L R DR UR dl,2,13,37,7,2,13,4
FS ur L R UR DR dl,2,13,37,7,2,13,4
FS ur R L DR UR dl,2,13,37,7,2,17,4
FS ur R L UR DR dl,2,13,37,7,2,17,4
L FS R ur DR UR dl,2,13,37,7,2,13,3
L FS R UR DR ur dl,2,13,37,7,2,11,2
L FS R ur UR DR dl,2,13,37,7,2,15,4
L FS R UR ur DR dl,2,13,37,7,2,13,4
L FS ur R DR UR dl,2,13,37,7,2,13,3
L FS ur R UR DR dl,2,13,37,7,2,13,3
L R FS ur DR UR dl,2,13,37,7,2,15,4
L R FS UR DR ur dl,2,13,37,7,2,13,4
L R FS ur UR DR dl,2,13,37,7,2,17,4
L R FS UR ur DR dl,2,13,37,7,2,15,4
L R ur DR FS UR dl,2,13,37,7,2,15,4
L R ur FS DR UR dl,2,13,37,7,2,17,4
L R ur FS UR DR dl,2,13,37,7,2,15,4
L ur FS R DR UR dl,2,13,37,7,2,11,3
L ur FS R UR DR dl,2,13,37,7,2,11,3
L ur R DR FS UR dl,2,13,37,7,2,11,3
L ur R FS DR UR dl,2,13,37,7,2,13,3
L ur R FS UR DR dl,2,13,37,7,2,11,3
R FS L ur DR UR dl,2,13,37,7,2,11,2
R FS L UR DR ur dl,2,13,37,7,2,13,3
R FS L ur UR DR dl,2,13,37,7,2,13,4
R FS L UR ur DR dl,2,13,37,7,2,15,4
R FS ur L DR UR dl,2,13,37,7,2,13,3
R FS ur L UR DR dl,2,13,37,7,2,13,3
R L FS ur DR UR dl,2,13,37,7,2,15,4
R L FS UR DR ur dl,2,13,37,7,2,13,4
R L FS ur UR DR dl,2,13,37,7,2,17,4
R L FS UR ur DR dl,2,13,37,7,2,15,4
R L ur DR FS UR dl,2,13,37,7,2,13,4
R L ur FS DR UR dl,2,13,37,7,2,15,4
R L ur FS UR DR dl,2,13,37,7,2,13,4
R ur FS L DR UR dl,2,13,37,7,2,15,3
R ur FS L UR DR dl,2,13,37,7,2,15,3
R ur L DR FS UR dl,2,13,37,7,2,13,3
R ur L FS DR UR dl,2,13,37,7,2,13,3
R ur L FS UR DR dl,2,13,37,7,2,11,3
ur FS L R DR UR dl,2,13,37,7,2,14,4
ur FS L R UR DR dl,2,13,37,7,2,14,4
ur FS R L DR UR dl,2,13,37,7,2,16,4
ur FS R L UR DR dl,2,13,37,7,2,16,4
ur L FS R DR UR dl,2,13,37,7,2,10,2
ur L FS R UR DR dl,2,13,37,7,2,10,2
ur L R DR FS UR dl,2,13,37,7,2,12,4
ur L R FS DR UR dl,2,13,37,7,2,14,4
ur L R FS UR DR dl,2,13,37,7,2,12,4
ur R FS L DR UR dl,2,13,37,7,2,14,3
ur R FS L UR DR dl,2,13,37,7,2,14,3
ur R L DR FS UR dl,2,13,37,7,2,16,4
ur R L FS DR UR dl,2,13,37,7,2,16,4
ur R L FS UR DR dl,2,13,37,7,2,14,4
dl DR FS L UR R ur,2,10,38,6,2,14,3
dl DR FS R UR L ur,2,10,38,6,2,12,3
dl DR L FS UR R ur,2,10,38,6,2,12,3
dl DR R FS UR L ur,2,10,38,6,2,10,3
dl DR R UR FS L ur,2,10,38,6,2,8,2
dl FS DR L UR R ur,2,10,38,6,2,16,3
dl FS DR R UR L ur,2,10,38,6,2,12,3
dl FS L DR UR R ur,2,10,38,6,2,14,3
dl FS L UR DR R ur,2,10,38,6,2,14,3
dl L DR FS UR R ur,2,10,38,6,2,14,3
dl L FS DR UR R ur,2,10,38,6,2,14,3
dl L FS UR DR R ur,2,10,38,6,2,12,3
DR dl FS L UR R ur,2,10,38,6,2,14,3
DR dl FS R UR L ur,2,10,38,6,2,12,3
DR dl L FS UR R ur,2,10,38,6,2,12,3
DR dl R FS UR L ur,2,10,38,6,2,10,3
DR dl R UR FS L ur,2,10,38,6,2,8,2
DR FS dl L UR R ur,2,10,38,6,2,16,3
DR FS dl R UR L ur,2,10,38,6,2,12,3
DR FS L dl UR R ur,2,10,38,6,2,14,3
DR FS L UR dl R ur,2,10,38,6,2,14,3
DR FS L UR R dl ur,2,10,38,6,2,12,3
DR FS R dl UR L ur,2,10,38,6,2,12,3
DR FS R UR dl L ur,2,10,38,6,2,12,3
DR FS R UR L dl ur,2,10,38,6,2,14,3
DR L dl FS UR R ur,2,10,38,6,2,14,3
DR L FS dl UR R ur,2,10,38,6,2,14,3
DR L FS UR dl R ur,2,10,38,6,2,12,3
DR L FS UR R dl ur,2,10,38,6,2,10,3
DR R dl FS UR L ur,2,10,38,6,2,10,3
DR R dl UR FS L ur,2,10,38,6,2,8,2
DR R FS dl UR L ur,2,10,38,6,2,12,3
DR R FS UR dl L ur,2,10,38,6,2,10,3
DR R FS UR L dl ur,2,10,38,6,2,12,3
FS dl DR L UR R ur,2,10,38,6,2,15,3
FS dl DR R UR L ur,2,10,38,6,2,11,3
FS dl L DR UR R ur,2,10,38,6,2,15,3
FS dl L UR DR R ur,2,10,38,6,2,15,3
FS DR dl L UR R ur,2,10,38,6,2,15,3
FS DR dl R UR L ur,2,10,38,6,2,11,3
FS DR L dl UR R ur,2,10,38,6,2,15,3
FS DR L UR dl R ur,2,10,38,6,2,15,3
FS DR L UR R dl ur,2,10,38,6,2,13,3
FS DR R dl UR L ur,2,10,38,6,2,11,3
FS DR R UR dl L ur,2,10,38,6,2,11,3
FS DR R UR L dl ur,2,10,38,6,2,13,3
FS L dl DR UR R ur,2,10,38,6,2,13,3
FS L dl UR DR R ur,2,10,38,6,2,13,3
FS L DR dl UR R ur,2,10,38,6,2,13,3
FS L DR UR dl R ur,2,10,38,6,2,13,3
FS L DR UR R dl ur,2,10,38,6,2,11,3
FS L UR dl DR R ur,2,10,38,6,2,13,3
FS L UR DR dl R ur,2,10,38,6,2,13,3
FS L UR DR R dl ur,2,10,38,6,2,11,3
L dl DR FS UR R ur,2,10,38,6,2,13,3
L dl FS DR UR R ur,2,10,38,6,2,15,3
L dl FS UR DR R ur,2,10,38,6,2,13,3
L DR dl FS UR R ur,2,10,38,6,2,13,3
L DR FS dl UR R ur,2,10,38,6,2,15,3
L DR FS UR dl R ur,2,10,38,6,2,13,3
L DR FS UR R dl ur,2,10,38,6,2,11,3
L FS dl DR UR R ur,2,10,38,6,2,13,3
L FS dl UR DR R ur,2,10,38,6,2,13,3
L FS DR dl UR R ur,2,10,38,6,2,13,3
L FS DR UR dl R ur,2,10,38,6,2,13,3
L FS DR UR R dl ur,2,10,38,6,2,11,3
L FS UR dl DR R ur,2,10,38,6,2,11,3
L FS UR DR dl R ur,2,10,38,6,2,11,3
L FS UR DR R dl ur,2,10,38,6,2,9,2
DR FS ur L UR R dl,2,13,39,5,2,12,3
DR ur FS L UR R dl,2,13,39,5,2,12,3
DR ur L FS UR R dl,2,13,39,5,2,8,2
FS DR ur L UR R dl,2,13,39,5,2,11,3
FS ur DR L UR R dl,2,13,39,5,2,13,3
ur DR FS L UR R dl,2,13,39,5,2,12,3
ur DR L FS UR R dl,2,13,39,5,2,10,3
ur FS DR L UR R dl,2,13,39,5,2,14,3
dl DR R ur L UR FS,2,13,39,6,2,11,3
dl DR R ur UR L FS,2,13,39,6,2,15,4
dl DR R UR ur L FS,2,13,39,6,2,11,4
dl DR ur L R UR FS,2,13,39,6,2,11,4
dl DR ur R L UR FS,2,13,39,6,2,15,4
dl DR ur R UR L FS,2,13,39,6,2,13,3
dl ur DR L R UR FS,2,13,39,6,2,13,4
dl ur DR R L UR FS,2,13,39,6,2,13,4
dl ur DR R UR L FS,2,13,39,6,2,11,3
DR dl R ur L UR FS,2,13,39,6,2,11,3
DR dl R ur UR L FS,2,13,39,6,2,15,4
DR dl R UR ur L FS,2,13,39,6,2,11,4
DR dl ur L R UR FS,2,13,39,6,2,11,4
DR dl ur R L UR FS,2,13,39,6,2,15,4
DR dl ur R UR L FS,2,13,39,6,2,13,3
DR R dl ur L UR FS,2,13,39,6,2,9,3
DR R dl ur UR L FS,2,13,39,6,2,13,4
DR R dl UR ur L FS,2,13,39,6,2,11,4
DR R ur dl L UR FS,2,13,39,6,2,13,3
DR R ur dl UR L FS,2,13,39,6,2,13,3
DR R ur L dl UR FS,2,13,39,6,2,11,3
DR ur dl L R UR FS,2,13,39,6,2,13,4
DR ur dl R L UR FS,2,13,39,6,2,13,4
DR ur dl R UR L FS,2,13,39,6,2,11,3
DR ur L dl R UR FS,2,13,39,6,2,9,3
DR ur L R dl UR FS,2,13,39,6,2,11,4
DR ur R dl L UR FS,2,13,39,6,2,13,3
DR ur R dl UR L FS,2,13,39,6,2,13,3
DR ur R L dl UR FS,2,13,39,6,2,15,4
ur dl DR L R UR FS,2,13,39,6,2,13,4
ur dl DR R L UR FS,2,13,39,6,2,13,4
ur dl DR R UR L FS,2,13,39,6,2,11,3
ur DR dl L R UR FS,2,13,39,6,2,13,4
ur DR dl R L UR FS,2,13,39,6,2,13,4
ur DR dl R UR L FS,2,13,39,6,2,11,3
ur DR L dl R UR FS,2,13,39,6,2,11,3
ur DR L R dl UR FS,2,13,39,6,2,13,4
ur DR R dl L UR FS,2,13,39,6,2,11,3
ur DR R dl UR L FS,2,13,39,6,2,11,3
ur DR R L dl UR FS,2,13,39,6,2,13,4
dl DR FS L R UR ur,2,10,40,7,2,16,4
dl DR FS R L UR ur,2,10,40,7,2,18,4
dl DR L FS R UR ur,2,10,40,7,2,14,4
dl DR L R FS UR ur,2,10,40,7,2,16,4
dl DR L R UR FS ur,2,10,40,7,2,14,4
dl DR R FS L UR ur,2,10,40,7,2,14,4
dl DR R L FS UR ur,2,10,40,7,2,14,4
dl DR R L UR FS ur,2,10,40,7,2,14,4
dl DR R UR L FS ur,2,10,40,7,2,12,3
dl FS DR L R UR ur,2,10,40,7,2,18,4
dl FS DR R L UR ur,2,10,40,7,2,18,4
dl FS L DR R UR ur,2,10,40,7,2,14,4
dl L DR FS R UR ur,2,10,40,7,2,16,4
dl L DR R FS UR ur,2,10,40,7,2,14,4
dl L DR R UR FS ur,2,10,40,7,2,12,3
dl L FS DR R UR ur,2,10,40,7,2,14,4
DR dl FS L R UR ur,2,10,40,7,2,16,4
DR dl FS R L UR ur,2,10,40,7,2,18,4
DR dl L FS R UR ur,2,10,40,7,2,14,4
DR dl L R FS UR ur,2,10,40,7,2,16,4
DR dl L R UR FS ur,2,10,40,7,2,14,4
DR dl R FS L UR ur,2,10,40,7,2,14,4
DR dl R L FS UR ur,2,10,40,7,2,14,4
DR dl R L UR FS ur,2,10,40,7,2,14,4
DR dl R UR L FS ur,2,10,40,7,2,12,3
DR FS dl L R UR ur,2,10,40,7,2,18,4
DR FS dl R L UR ur,2,10,40,7,2,18,4
DR FS L dl R UR ur,2,10,40,7,2,14,4
DR FS L R dl UR ur,2,10,40,7,2,16,4
DR FS L R UR dl ur,2,10,40,7,2,14,4
DR FS R dl L UR ur,2,10,40,7,2,16,4
DR FS R L dl UR ur,2,10,40,7,2,18,4
DR FS R L UR dl ur,2,10,40,7,2,16,4
DR L dl FS R UR ur,2,10,40,7,2,16,4
DR L dl R FS UR ur,2,10,40,7,2,14,4
DR L dl R UR FS ur,2,10,40,7,2,12,3
DR L FS dl R UR ur,2,10,40,7,2,14,4
DR L FS R dl UR ur,2,10,40,7,2,14,4
DR L FS R UR dl ur,2,10,40,7,2,12,3
DR L R dl FS UR ur,2,10,40,7,2,16,4
DR L R dl UR FS ur,2,10,40,7,2,14,4
DR L R FS dl UR ur,2,10,40,7,2,18,4
DR L R FS UR dl ur,2,10,40,7,2,14,4
DR R dl FS L UR ur,2,10,40,7,2,14,4
DR R dl L FS UR ur,2,10,40,7,2,12,4
DR R dl L UR FS ur,2,10,40,7,2,12,3
DR R dl UR L FS ur,2,10,40,7,2,12,3
DR R FS dl L UR ur,2,10,40,7,2,16,4
DR R FS L dl UR ur,2,10,40,7,2,14,4
DR R FS L UR dl ur,2,10,40,7,2,12,3
DR R L dl FS UR ur,2,10,40,7,2,16,4
DR R L dl UR FS ur,2,10,40,7,2,14,4
DR R L FS dl UR ur,2,10,40,7,2,16,4
DR R L FS UR dl ur,2,10,40,7,2,12,4
FS dl DR L R UR ur,2,10,40,7,2,17,4
FS dl DR R L UR ur,2,10,40,7,2,17,4
FS dl L DR R UR ur,2,10,40,7,2,15,4
FS DR dl L R UR ur,2,10,40,7,2,17,4
FS DR dl R L UR ur,2,10,40,7,2,17,4
FS DR L dl R UR ur,2,10,40,7,2,15,4
FS DR L R dl UR ur,2,10,40,7,2,17,4
FS DR L R UR dl ur,2,10,40,7,2,15,4
FS DR R dl L UR ur,2,10,40,7,2,15,4
FS DR R L dl UR ur,2,10,40,7,2,17,4
FS DR R L UR dl ur,2,10,40,7,2,15,4
FS L dl DR R UR ur,2,10,40,7,2,13,4
FS L DR dl R UR ur,2,10,40,7,2,13,4
FS L DR R dl UR ur,2,10,40,7,2,13,4
FS L DR R UR dl ur,2,10,40,7,2,11,3
L dl DR FS R UR ur,2,10,40,7,2,15,4
L dl DR R FS UR ur,2,10,40,7,2,13,4
L dl DR R UR FS ur,2,10,40,7,2,11,3
L dl FS DR R UR ur,2,10,40,7,2,15,4
L DR dl FS R UR ur,2,10,40,7,2,15,4
L DR dl R FS UR ur,2,10,40,7,2,13,4
L DR dl R UR FS ur,2,10,40,7,2,11,3
L DR FS dl R UR ur,2,10,40,7,2,15,4
L DR FS R dl UR ur,2,10,40,7,2,15,4
L DR FS R UR dl ur,2,10,40,7,2,13,3
L DR R dl FS UR ur,2,10,40,7,2,13,4
L DR R dl UR FS ur,2,10,40,7,2,11,3
L DR R FS dl UR ur,2,10,40,7,2,15,4
L DR R FS UR dl ur,2,10,40,7,2,11,3
L FS dl DR R UR ur,2,10,40,7,2,13,4
L FS DR dl R UR ur,2,10,40,7,2,13,4
L FS DR R dl UR ur,2,10,40,7,2,13,4
L FS DR R UR dl ur,2,10,40,7,2,11,3
DR FS L UR R ur dl,2,13,41,6,2,14,3
DR FS L ur UR R dl,2,13,41,6,2,12,4
DR FS L UR ur R dl,2,13,41,6,2,16,4
DR FS R ur L UR dl,2,13,41,6,2,14,3
DR FS R UR L ur dl,2,13,41,6,2,12,3
DR FS R ur UR L dl,2,13,41,6,2,18,4
DR FS R UR ur L dl,2,13,41,6,2,14,4
DR FS ur L R UR dl,2,13,41,6,2,14,4
DR FS ur R L UR dl,2,13,41,6,2,18,4
DR FS ur R UR L dl,2,13,41,6,2,16,3
DR L FS UR R ur dl,2,13,41,6,2,12,3
DR L FS ur UR R dl,2,13,41,6,2,14,4
DR L FS UR ur R dl,2,13,41,6,2,14,4
DR L ur FS UR R dl,2,13,41,6,2,10,3
DR R FS ur L UR dl,2,13,41,6,2,12,3
DR R FS UR L ur dl,2,13,41,6,2,10,3
DR R FS ur UR L dl,2,13,41,6,2,16,4
DR R FS UR ur L dl,2,13,41,6,2,12,4
DR R ur FS L UR dl,2,13,41,6,2,14,3
DR R ur FS UR L dl,2,13,41,6,2,14,3
DR R ur L FS UR dl,2,13,41,6,2,10,3
DR ur FS L R UR dl,2,13,41,6,2,14,4
DR ur FS R L UR dl,2,13,41,6,2,16,4
DR ur FS R UR L dl,2,13,41,6,2,14,3
DR ur L FS R UR dl,2,13,41,6,2,10,2
DR ur L R FS UR dl,2,13,41,6,2,12,4
DR ur R FS L UR dl,2,13,41,6,2,14,3
DR ur R FS UR L dl,2,13,41,6,2,14,3
DR ur R L FS UR dl,2,13,41,6,2,14,4
FS DR L UR R ur dl,2,13,41,6,2,15,3
FS DR L ur UR R dl,2,13,41,6,2,13,4
FS DR L UR ur R dl,2,13,41,6,2,17,4
FS DR R ur L UR dl,2,13,41,6,2,13,3
FS DR R UR L ur dl,2,13,41,6,2,11,3
FS DR R ur UR L dl,2,13,41,6,2,17,4
FS DR R UR ur L dl,2,13,41,6,2,13,4
FS DR ur L R UR dl,2,13,41,6,2,13,4
FS DR ur R L UR dl,2,13,41,6,2,17,4
FS DR ur R UR L dl,2,13,41,6,2,15,3
FS L DR UR R ur dl,2,13,41,6,2,13,3
FS L DR ur UR R dl,2,13,41,6,2,13,4
FS L DR UR ur R dl,2,13,41,6,2,15,4
FS L UR DR R ur dl,2,13,41,6,2,13,3
FS L UR DR ur R dl,2,13,41,6,2,13,3
FS ur DR L R UR dl,2,13,41,6,2,15,4
FS ur DR R L UR dl,2,13,41,6,2,15,4
FS ur DR R UR L dl,2,13,41,6,2,13,3
L DR FS UR R ur dl,2,13,41,6,2,13,3
L DR FS ur UR R dl,2,13,41,6,2,15,4
L DR FS UR ur R dl,2,13,41,6,2,15,4
L DR ur FS UR R dl,2,13,41,6,2,11,3
L FS DR UR R ur dl,2,13,41,6,2,13,3
L FS DR ur UR R dl,2,13,41,6,2,13,4
L FS DR UR ur R dl,2,13,41,6,2,15,4
L FS UR DR R ur dl,2,13,41,6,2,11,3
L FS UR DR ur R dl,2,13,41,6,2,11,3
ur DR FS L R UR dl,2,13,41,6,2,14,4
ur DR FS R L UR dl,2,13,41,6,2,16,4
ur DR FS R UR L dl,2,13,41,6,2,14,3
ur DR L FS R UR dl,2,13,41,6,2,12,3
ur DR L R FS UR dl,2,13,41,6,2,14,4
ur DR R FS L UR dl,2,13,41,6,2,12,3
ur DR R FS UR L dl,2,13,41,6,2,12,3
ur DR R L FS UR dl,2,13,41,6,2,12,4
ur FS DR L R UR dl,2,13,41,6,2,16,4
ur FS DR R L UR dl,2,13,41,6,2,16,4
ur FS DR R UR L dl,2,13,41,6,2,14,3
dl DR L R ur UR FS,2,13,41,7,2,17,4
dl DR L R UR ur FS,2,13,41,7,2,17,4
dl DR L ur R UR FS,2,13,41,7,2,11,3
dl DR R L ur UR FS,2,13,41,7,2,13,4
dl DR R L UR ur FS,2,13,41,7,2,17,4
dl DR R UR L ur FS,2,13,41,7,2,11,3
dl L DR R ur UR FS,2,13,41,7,2,15,4
dl L DR R UR ur FS,2,13,41,7,2,15,4
dl L DR ur R UR FS,2,13,41,7,2,13,3
DR dl L R ur UR FS,2,13,41,7,2,17,4
DR dl L R UR ur FS,2,13,41,7,2,17,4
DR dl L ur R UR FS,2,13,41,7,2,11,3
DR dl R L ur UR FS,2,13,41,7,2,13,4
DR dl R L UR ur FS,2,13,41,7,2,17,4
DR dl R UR L ur FS,2,13,41,7,2,11,3
DR L dl R ur UR FS,2,13,41,7,2,15,4
DR L dl R UR ur FS,2,13,41,7,2,15,4
DR L dl ur R UR FS,2,13,41,7,2,13,3
DR L R dl ur UR FS,2,13,41,7,2,15,4
DR L R dl UR ur FS,2,13,41,7,2,17,4
DR L R ur dl UR FS,2,13,41,7,2,15,4
DR L ur dl R UR FS,2,13,41,7,2,9,3
DR L ur R dl UR FS,2,13,41,7,2,11,3
DR R dl L ur UR FS,2,13,41,7,2,11,4
DR R dl L UR ur FS,2,13,41,7,2,15,4
DR R dl UR L ur FS,2,13,41,7,2,11,3
DR R L dl ur UR FS,2,13,41,7,2,15,4
DR R L dl UR ur FS,2,13,41,7,2,17,4
DR R L ur dl UR FS,2,13,41,7,2,11,4
L dl DR R ur UR FS,2,13,41,7,2,14,4
L dl DR R UR ur FS,2,13,41,7,2,14,4
L dl DR ur R UR FS,2,13,41,7,2,12,3
L DR dl R ur UR FS,2,13,41,7,2,14,4
L DR dl R UR ur FS,2,13,41,7,2,14,4
L DR dl ur R UR FS,2,13,41,7,2,12,3
L DR R dl ur UR FS,2,13,41,7,2,12,4
L DR R dl UR ur FS,2,13,41,7,2,14,4
L DR R ur dl UR FS,2,13,41,7,2,12,3
L DR ur dl R UR FS,2,13,41,7,2,10,3
L DR ur R dl UR FS,2,13,41,7,2,12,3
dl FS UR L R DR ur,2,14,42,6,2,14,4
dl FS UR R DR L ur,2,14,42,6,2,10,3
dl FS UR R L DR ur,2,14,42,6,2,14,4
dl UR FS L R DR ur,2,14,42,6,2,12,4
dl UR FS R DR L ur,2,14,42,6,2,10,3
dl UR FS R L DR ur,2,14,42,6,2,14,4
dl UR R DR FS L ur,2,14,42,6,2,10,3
dl UR R FS DR L ur,2,14,42,6,2,12,3
dl UR R FS L DR ur,2,14,42,6,2,12,3
FS dl UR L R DR ur,2,14,42,6,2,15,4
FS dl UR R DR L ur,2,14,42,6,2,11,3
FS dl UR R L DR ur,2,14,42,6,2,15,4
FS UR dl L R DR ur,2,14,42,6,2,13,4
FS UR dl R DR L ur,2,14,42,6,2,9,3
FS UR dl R L DR ur,2,14,42,6,2,13,4
FS UR L dl R DR ur,2,14,42,6,2,11,3
FS UR L R dl DR ur,2,14,42,6,2,13,4
FS UR L R DR dl ur,2,14,42,6,2,13,4
FS UR R dl DR L ur,2,14,42,6,2,9,3
FS UR R dl L DR ur,2,14,42,6,2,11,3
FS UR R DR dl L ur,2,14,42,6,2,9,3
FS UR R DR L dl ur,2,14,42,6,2,11,3
FS UR R L dl DR ur,2,14,42,6,2,13,4
FS UR R L DR dl ur,2,14,42,6,2,13,4
UR dl FS L R DR ur,2,14,42,6,2,14,4
UR dl FS R DR L ur,2,14,42,6,2,12,3
UR dl FS R L DR ur,2,14,42,6,2,16,4
UR dl R DR FS L ur,2,14,42,6,2,10,3
UR dl R FS DR L ur,2,14,42,6,2,12,3
UR dl R FS L DR ur,2,14,42,6,2,12,3
UR FS dl L R DR ur,2,14,42,6,2,14,4
UR FS dl R DR L ur,2,14,42,6,2,10,3
UR FS dl R L DR ur,2,14,42,6,2,14,4
UR FS L dl R DR ur,2,14,42,6,2,10,3
UR FS L R dl DR ur,2,14,42,6,2,12,4
UR FS L R DR dl ur,2,14,42,6,2,12,4
UR FS R dl DR L ur,2,14,42,6,2,10,3
UR FS R dl L DR ur,2,14,42,6,2,12,3
UR FS R DR dl L ur,2,14,42,6,2,10,3
UR FS R DR L dl ur,2,14,42,6,2,12,3
UR FS R L dl DR ur,2,14,42,6,2,14,4
UR FS R L DR dl ur,2,14,42,6,2,14,4
UR R dl DR FS L ur,2,14,42,6,2,10,3
UR R dl FS DR L ur,2,14,42,6,2,12,3
UR R dl FS L DR ur,2,14,42,6,2,12,3
UR R FS dl DR L ur,2,14,42,6,2,12,3
UR R FS dl L DR ur,2,14,42,6,2,14,3
UR R FS DR dl L ur,2,14,42,6,2,12,3
UR R FS DR L dl ur,2,14,42,6,2,14,3
UR R FS L dl DR ur,2,14,42,6,2,12,3
UR R FS L DR dl ur,2,14,42,6,2,12,3
dl FS R DR UR L ur,2,10,42,7,2,12,3
dl R DR FS UR L ur,2,10,42,7,2,10,3
dl R DR UR FS L ur,2,10,42,7,2,8,2
dl R FS DR UR L ur,2,10,42,7,2,12,3
FS dl R DR UR L ur,2,10,42,7,2,11,3
FS R dl DR UR L ur,2,10,42,7,2,11,3
FS R DR dl UR L ur,2,10,42,7,2,11,3
FS R DR UR dl L ur,2,10,42,7,2,11,3
FS R DR UR L dl ur,2,10,42,7,2,13,3
R dl DR FS UR L ur,2,10,42,7,2,11,3
R dl DR UR FS L ur,2,10,42,7,2,9,2
R dl FS DR UR L ur,2,10,42,7,2,13,3
R DR dl FS UR L ur,2,10,42,7,2,11,3
R DR dl UR FS L ur,2,10,42,7,2,9,2
R DR FS dl UR L ur,2,10,42,7,2,13,3
R DR FS UR dl L ur,2,10,42,7,2,11,3
R DR FS UR L dl ur,2,10,42,7,2,13,3
R FS dl DR UR L ur,2,10,42,7,2,13,3
R FS DR dl UR L ur,2,10,42,7,2,13,3
R FS DR UR dl L ur,2,10,42,7,2,13,3
R FS DR UR L dl ur,2,10,42,7,2,15,3
FS UR L ur DR R dl,2,14,43,5,2,9,3
FS ur UR L DR R dl,2,14,43,5,2,15,4
FS UR ur L DR R dl,2,14,43,5,2,11,4
UR FS L ur DR R dl,2,14,43,5,2,8,2
ur FS UR L DR R dl,2,14,43,5,2,12,3
UR FS ur L DR R dl,2,14,43,5,2,10,3
ur UR FS L DR R dl,2,14,43,5,2,12,4
UR ur FS L DR R dl,2,14,43,5,2,14,4
dl L ur DR UR R FS,2,14,43,6,2,11,3
dl L ur UR DR R FS,2,14,43,6,2,13,4
dl L UR ur DR R FS,2,14,43,6,2,15,4
dl ur L DR UR R FS,2,14,43,6,2,11,3
dl ur L UR DR R FS,2,14,43,6,2,11,3
dl UR L ur DR R FS,2,14,43,6,2,11,3
dl UR R DR ur L FS,2,14,43,6,2,9,2
dl UR R ur DR L FS,2,14,43,6,2,13,3
dl ur UR L DR R FS,2,14,43,6,2,15,4
dl UR ur L DR R FS,2,14,43,6,2,13,4
dl ur UR R DR L FS,2,14,43,6,2,13,4
dl UR ur R DR L FS,2,14,43,6,2,15,4
L dl ur DR UR R FS,2,14,43,6,2,12,3
L dl ur UR DR R FS,2,14,43,6,2,14,4
L dl UR ur DR R FS,2,14,43,6,2,14,4
L ur dl DR UR R FS,2,14,43,6,2,10,2
L ur dl UR DR R FS,2,14,43,6,2,10,2
L UR dl ur DR R FS,2,14,43,6,2,12,3
L ur DR dl UR R FS,2,14,43,6,2,10,2
L ur DR UR dl R FS,2,14,43,6,2,10,2
L ur UR dl DR R FS,2,14,43,6,2,12,4
L UR ur dl DR R FS,2,14,43,6,2,14,4
L ur UR DR dl R FS,2,14,43,6,2,12,4
L UR ur DR dl R FS,2,14,43,6,2,14,4
ur dl L DR UR R FS,2,14,43,6,2,13,3
ur dl L UR DR R FS,2,14,43,6,2,13,3
UR dl L ur DR R FS,2,14,43,6,2,11,3
UR dl R DR ur L FS,2,14,43,6,2,9,2
UR dl R ur DR L FS,2,14,43,6,2,13,3
ur dl UR L DR R FS,2,14,43,6,2,13,3
UR dl ur L DR R FS,2,14,43,6,2,11,3
ur dl UR R DR L FS,2,14,43,6,2,11,3
UR dl ur R DR L FS,2,14,43,6,2,13,3
ur L dl DR UR R FS,2,14,43,6,2,11,3
ur L dl UR DR R FS,2,14,43,6,2,11,3
UR L dl ur DR R FS,2,14,43,6,2,13,3
ur L DR dl UR R FS,2,14,43,6,2,11,3
ur L DR UR dl R FS,2,14,43,6,2,11,3
ur L UR dl DR R FS,2,14,43,6,2,11,3
UR L ur dl DR R FS,2,14,43,6,2,11,3
ur L UR DR dl R FS,2,14,43,6,2,11,3
UR L ur DR dl R FS,2,14,43,6,2,11,3
UR R dl DR ur L FS,2,14,43,6,2,9,2
UR R dl ur DR L FS,2,14,43,6,2,11,3
UR R ur dl DR L FS,2,14,43,6,2,13,3
ur UR dl L DR R FS,2,14,43,6,2,15,4
UR ur dl L DR R FS,2,14,43,6,2,15,4
ur UR dl R DR L FS,2,14,43,6,2,13,4
UR ur dl R DR L FS,2,14,43,6,2,13,4
ur UR L dl DR R FS,2,14,43,6,2,15,4
UR ur L dl DR R FS,2,14,43,6,2,13,4
ur UR L DR dl R FS,2,14,43,6,2,15,4
UR ur L DR dl R FS,2,14,43,6,2,13,4
ur UR R dl DR L FS,2,14,43,6,2,13,4
UR ur R dl DR L FS,2,14,43,6,2,15,4
dl FS L ur DR UR R,2,13,43,7,2,11,3
dl FS L ur UR DR R,2,13,43,7,2,13,4
dl FS L UR ur DR R,2,13,43,7,2,15,4
dl FS ur L DR UR R,2,13,43,7,2,13,3
dl FS ur L UR DR R,2,13,43,7,2,13,3
dl L FS ur DR UR R,2,13,43,7,2,13,3
dl L FS ur UR DR R,2,13,43,7,2,15,4
dl L FS UR ur DR R,2,13,43,7,2,13,4
dl L ur DR FS UR R,2,13,43,7,2,11,3
dl L ur FS DR UR R,2,13,43,7,2,13,3
dl L ur FS UR DR R,2,13,43,7,2,11,3
dl R DR ur L UR FS,2,13,43,7,2,9,3
dl R DR ur UR L FS,2,13,43,7,2,13,4
dl R DR UR ur L FS,2,13,43,7,2,11,4
dl R ur DR L UR FS,2,13,43,7,2,13,3
dl R ur DR UR L FS,2,13,43,7,2,13,3
dl ur FS L DR UR R,2,13,43,7,2,13,3
dl ur FS L UR DR R,2,13,43,7,2,13,3
dl ur L DR FS UR R,2,13,43,7,2,11,3
dl ur L FS DR UR R,2,13,43,7,2,11,3
dl ur L FS UR DR R,2,13,43,7,2,9,2
dl ur R DR L UR FS,2,13,43,7,2,13,3
dl ur R DR UR L FS,2,13,43,7,2,13,3
DR FS L R ur UR dl,2,13,43,7,2,18,4
DR FS L R UR ur dl,2,13,43,7,2,16,4
DR FS L ur R UR dl,2,13,43,7,2,12,3
DR FS R L ur UR dl,2,13,43,7,2,16,4
DR FS R L UR ur dl,2,13,43,7,2,18,4
DR L FS R ur UR dl,2,13,43,7,2,16,4
DR L FS R UR ur dl,2,13,43,7,2,14,4
DR L FS ur R UR dl,2,13,43,7,2,14,3
DR L R FS ur UR dl,2,13,43,7,2,18,4
DR L R FS UR ur dl,2,13,43,7,2,16,4
DR L R ur FS UR dl,2,13,43,7,2,16,4
DR L ur FS R UR dl,2,13,43,7,2,12,3
DR L ur R FS UR dl,2,13,43,7,2,12,3
DR R FS L ur UR dl,2,13,43,7,2,12,4
DR R FS L UR ur dl,2,13,43,7,2,14,4
DR R L FS ur UR dl,2,13,43,7,2,16,4
DR R L FS UR ur dl,2,13,43,7,2,14,4
DR R L ur FS UR dl,2,13,43,7,2,12,4
FS dl L ur DR UR R,2,13,43,7,2,12,3
FS dl L ur UR DR R,2,13,43,7,2,14,4
FS dl L UR ur DR R,2,13,43,7,2,16,4
FS dl ur L DR UR R,2,13,43,7,2,12,3
FS dl ur L UR DR R,2,13,43,7,2,12,3
FS DR L R ur UR dl,2,13,43,7,2,19,4
FS DR L R UR ur dl,2,13,43,7,2,17,4
FS DR L ur R UR dl,2,13,43,7,2,13,3
FS DR R L ur UR dl,2,13,43,7,2,15,4
FS DR R L UR ur dl,2,13,43,7,2,17,4
FS L dl ur DR UR R,2,13,43,7,2,12,3
FS L dl ur UR DR R,2,13,43,7,2,14,4
FS L dl UR ur DR R,2,13,43,7,2,14,4
FS L DR R ur UR dl,2,13,43,7,2,15,4
FS L DR R UR ur dl,2,13,43,7,2,13,4
FS L DR ur R UR dl,2,13,43,7,2,13,3
FS L ur dl DR UR R,2,13,43,7,2,10,2
FS L ur dl UR DR R,2,13,43,7,2,10,2
FS L UR dl ur DR R,2,13,43,7,2,12,3
FS L ur DR dl UR R,2,13,43,7,2,10,2
FS L ur DR UR dl R,2,13,43,7,2,10,2
FS L ur UR dl DR R,2,13,43,7,2,12,4
FS L UR ur dl DR R,2,13,43,7,2,14,4
FS L ur UR DR dl R,2,13,43,7,2,12,4
FS L UR ur DR dl R,2,13,43,7,2,14,4
FS ur dl L DR UR R,2,13,43,7,2,14,3
FS ur dl L UR DR R,2,13,43,7,2,14,3
FS ur L dl DR UR R,2,13,43,7,2,12,3
FS ur L dl UR DR R,2,13,43,7,2,12,3
FS ur L DR dl UR R,2,13,43,7,2,12,3
FS ur L DR UR dl R,2,13,43,7,2,12,3
FS ur L UR dl DR R,2,13,43,7,2,12,3
FS ur L UR DR dl R,2,13,43,7,2,12,3
L dl FS ur DR UR R,2,13,43,7,2,14,3
L dl FS ur UR DR R,2,13,43,7,2,16,4
L dl FS UR ur DR R,2,13,43,7,2,14,4
L dl ur DR FS UR R,2,13,43,7,2,12,3
L dl ur FS DR UR R,2,13,43,7,2,14,3
L dl ur FS UR DR R,2,13,43,7,2,12,3
L DR FS R ur UR dl,2,13,43,7,2,17,4
L DR FS R UR ur dl,2,13,43,7,2,15,4
L DR FS ur R UR dl,2,13,43,7,2,15,3
L DR R FS ur UR dl,2,13,43,7,2,15,4
L DR R FS UR ur dl,2,13,43,7,2,13,4
L DR R ur FS UR dl,2,13,43,7,2,13,3
L DR ur FS R UR dl,2,13,43,7,2,13,3
L DR ur R FS UR dl,2,13,43,7,2,13,3
L FS dl ur DR UR R,2,13,43,7,2,12,3
L FS dl ur UR DR R,2,13,43,7,2,14,4
L FS dl UR ur DR R,2,13,43,7,2,14,4
L FS DR R ur UR dl,2,13,43,7,2,15,4
L FS DR R UR ur dl,2,13,43,7,2,13,4
L FS DR ur R UR dl,2,13,43,7,2,13,3
L FS ur dl DR UR R,2,13,43,7,2,12,3
L FS ur dl UR DR R,2,13,43,7,2,12,3
L FS UR dl ur DR R,2,13,43,7,2,10,2
L FS ur DR dl UR R,2,13,43,7,2,12,3
L FS ur DR UR dl R,2,13,43,7,2,12,3
L FS ur UR dl DR R,2,13,43,7,2,14,4
L FS UR ur dl DR R,2,13,43,7,2,12,4
L FS ur UR DR dl R,2,13,43,7,2,14,4
L FS UR ur DR dl R,2,13,43,7,2,12,4
L ur dl DR FS UR R,2,13,43,7,2,10,3
L ur dl FS DR UR R,2,13,43,7,2,12,3
L ur dl FS UR DR R,2,13,43,7,2,10,3
L ur DR dl FS UR R,2,13,43,7,2,10,3
L ur DR FS dl UR R,2,13,43,7,2,12,3
L ur DR FS UR dl R,2,13,43,7,2,10,3
L ur FS dl DR UR R,2,13,43,7,2,12,3
L ur FS dl UR DR R,2,13,43,7,2,12,3
L ur FS DR dl UR R,2,13,43,7,2,12,3
L ur FS DR UR dl R,2,13,43,7,2,12,3
L ur FS UR dl DR R,2,13,43,7,2,10,3
L ur FS UR DR dl R,2,13,43,7,2,10,3
R dl DR ur L UR FS,2,13,43,7,2,10,3
R dl DR ur UR L FS,2,13,43,7,2,14,4
R dl DR UR ur L FS,2,13,43,7,2,12,4
R dl ur DR L UR FS,2,13,43,7,2,12,3
R dl ur DR UR L FS,2,13,43,7,2,12,3
R DR dl ur L UR FS,2,13,43,7,2,10,3
R DR dl ur UR L FS,2,13,43,7,2,14,4
R DR dl UR ur L FS,2,13,43,7,2,12,4
R DR ur dl L UR FS,2,13,43,7,2,12,3
R DR ur dl UR L FS,2,13,43,7,2,12,3
R DR ur L dl UR FS,2,13,43,7,2,10,3
R ur dl DR L UR FS,2,13,43,7,2,14,3
R ur dl DR UR L FS,2,13,43,7,2,14,3
R ur DR dl L UR FS,2,13,43,7,2,14,3
R ur DR dl UR L FS,2,13,43,7,2,14,3
R ur DR L dl UR FS,2,13,43,7,2,14,3
ur dl FS L DR UR R,2,13,43,7,2,13,3
ur dl FS L UR DR R,2,13,43,7,2,13,3
ur dl L DR FS UR R,2,13,43,7,2,13,3
ur dl L FS DR UR R,2,13,43,7,2,13,3
ur dl L FS UR DR R,2,13,43,7,2,11,3
ur dl R DR L UR FS,2,13,43,7,2,11,3
ur dl R DR UR L FS,2,13,43,7,2,11,3
ur FS dl L DR UR R,2,13,43,7,2,15,3
ur FS dl L UR DR R,2,13,43,7,2,15,3
ur FS L dl DR UR R,2,13,43,7,2,13,3
ur FS L dl UR DR R,2,13,43,7,2,13,3
ur FS L DR dl UR R,2,13,43,7,2,13,3
ur FS L DR UR dl R,2,13,43,7,2,13,3
ur FS L UR dl DR R,2,13,43,7,2,13,3
ur FS L UR DR dl R,2,13,43,7,2,13,3
ur L dl DR FS UR R,2,13,43,7,2,11,3
ur L dl FS DR UR R,2,13,43,7,2,13,3
ur L dl FS UR DR R,2,13,43,7,2,11,3
ur L DR dl FS UR R,2,13,43,7,2,11,3
ur L DR FS dl UR R,2,13,43,7,2,13,3
ur L DR FS UR dl R,2,13,43,7,2,11,3
ur L FS dl DR UR R,2,13,43,7,2,11,3
ur L FS dl UR DR R,2,13,43,7,2,11,3
ur L FS DR dl UR R,2,13,43,7,2,11,3
ur L FS DR UR dl R,2,13,43,7,2,11,3
ur L FS UR dl DR R,2,13,43,7,2,9,2
ur L FS UR DR dl R,2,13,43,7,2,9,2
ur R dl DR L UR FS,2,13,43,7,2,13,3
ur R dl DR UR L FS,2,13,43,7,2,13,3
ur R DR dl L UR FS,2,13,43,7,2,13,3
ur R DR dl UR L FS,2,13,43,7,2,13,3
ur R DR L dl UR FS,2,13,43,7,2,13,3
dl L UR FS R DR ur,2,14,44,7,2,12,3
dl L UR R DR FS ur,2,14,44,7,2,14,3
dl L UR R FS DR ur,2,14,44,7,2,14,3
dl UR L FS R DR ur,2,14,44,7,2,12,3
dl UR L R DR FS ur,2,14,44,7,2,16,4
dl UR L R FS DR ur,2,14,44,7,2,16,4
dl UR R DR L FS ur,2,14,44,7,2,12,3
dl UR R L DR FS ur,2,14,44,7,2,16,4
dl UR R L FS DR ur,2,14,44,7,2,14,4
L dl UR FS R DR ur,2,14,44,7,2,11,3
L dl UR R DR FS ur,2,14,44,7,2,13,3
L dl UR R FS DR ur,2,14,44,7,2,13,3
L UR dl FS R DR ur,2,14,44,7,2,13,3
L UR dl R DR FS ur,2,14,44,7,2,13,3
L UR dl R FS DR ur,2,14,44,7,2,13,3
L UR FS dl R DR ur,2,14,44,7,2,11,3
L UR FS R dl DR ur,2,14,44,7,2,11,3
L UR FS R DR dl ur,2,14,44,7,2,11,3
L UR R dl DR FS ur,2,14,44,7,2,13,3
L UR R dl FS DR ur,2,14,44,7,2,13,3
L UR R FS dl DR ur,2,14,44,7,2,13,3
L UR R FS DR dl ur,2,14,44,7,2,13,3
UR dl L FS R DR ur,2,14,44,7,2,12,3
UR dl L R DR FS ur,2,14,44,7,2,16,4
UR dl L R FS DR ur,2,14,44,7,2,16,4
UR dl R DR L FS ur,2,14,44,7,2,12,3
UR dl R L DR FS ur,2,14,44,7,2,16,4
UR dl R L FS DR ur,2,14,44,7,2,14,4
UR L dl FS R DR ur,2,14,44,7,2,14,3
UR L dl R DR FS ur,2,14,44,7,2,14,3
UR L dl R FS DR ur,2,14,44,7,2,14,3
UR L FS dl R DR ur,2,14,44,7,2,12,3
UR L FS R dl DR ur,2,14,44,7,2,12,3
UR L FS R DR dl ur,2,14,44,7,2,12,3
UR L R dl DR FS ur,2,14,44,7,2,16,4
UR L R dl FS DR ur,2,14,44,7,2,16,4
UR L R FS dl DR ur,2,14,44,7,2,16,4
UR L R FS DR dl ur,2,14,44,7,2,16,4
UR R dl DR L FS ur,2,14,44,7,2,12,3
UR R dl L DR FS ur,2,14,44,7,2,14,3
UR R dl L FS DR ur,2,14,44,7,2,12,3
UR R L dl DR FS ur,2,14,44,7,2,16,4
UR R L dl FS DR ur,2,14,44,7,2,16,4
UR R L FS dl DR ur,2,14,44,7,2,14,4
UR R L FS DR dl ur,2,14,44,7,2,14,4
dl FS L R DR UR ur,2,10,44,8,2,16,4
dl FS R DR L UR ur,2,10,44,8,2,16,4
dl FS R L DR UR ur,2,10,44,8,2,18,4
dl L FS R DR UR ur,2,10,44,8,2,14,4
dl L R DR FS UR ur,2,10,44,8,2,16,4
dl L R DR UR FS ur,2,10,44,8,2,14,4
dl L R FS DR UR ur,2,10,44,8,2,18,4
dl R DR FS L UR ur,2,10,44,8,2,14,4
dl R DR L FS UR ur,2,10,44,8,2,12,4
dl R DR L UR FS ur,2,10,44,8,2,12,3
dl R DR UR L FS ur,2,10,44,8,2,12,3
dl R FS DR L UR ur,2,10,44,8,2,16,4
dl R FS L DR UR ur,2,10,44,8,2,14,4
dl R L DR FS UR ur,2,10,44,8,2,16,4
dl R L DR UR FS ur,2,10,44,8,2,14,4
dl R L FS DR UR ur,2,10,44,8,2,16,4
FS dl L R DR UR ur,2,10,44,8,2,17,4
FS dl R DR L UR ur,2,10,44,8,2,15,4
FS dl R L DR UR ur,2,10,44,8,2,17,4
FS L dl R DR UR ur,2,10,44,8,2,13,4
FS L R dl DR UR ur,2,10,44,8,2,15,4
FS L R DR dl UR ur,2,10,44,8,2,15,4
FS L R DR UR dl ur,2,10,44,8,2,13,4
FS R dl DR L UR ur,2,10,44,8,2,15,4
FS R dl L DR UR ur,2,10,44,8,2,15,4
FS R DR dl L UR ur,2,10,44,8,2,15,4
FS R DR L dl UR ur,2,10,44,8,2,15,4
FS R DR L UR dl ur,2,10,44,8,2,13,3
FS R L dl DR UR ur,2,10,44,8,2,17,4
FS R L DR dl UR ur,2,10,44,8,2,17,4
FS R L DR UR dl ur,2,10,44,8,2,15,4
L dl FS R DR UR ur,2,10,44,8,2,15,4
L dl R DR FS UR ur,2,10,44,8,2,13,4
L dl R DR UR FS ur,2,10,44,8,2,11,3
L dl R FS DR UR ur,2,10,44,8,2,15,4
L FS dl R DR UR ur,2,10,44,8,2,13,4
L FS R dl DR UR ur,2,10,44,8,2,13,4
L FS R DR dl UR ur,2,10,44,8,2,13,4
L FS R DR UR dl ur,2,10,44,8,2,11,2
L R dl DR FS UR ur,2,10,44,8,2,15,4
L R dl DR UR FS ur,2,10,44,8,2,13,4
L R dl FS DR UR ur,2,10,44,8,2,17,4
L R DR dl FS UR ur,2,10,44,8,2,15,4
L R DR dl UR FS ur,2,10,44,8,2,13,4
L R DR FS dl UR ur,2,10,44,8,2,17,4
L R DR FS UR dl ur,2,10,44,8,2,13,4
L R FS dl DR UR ur,2,10,44,8,2,17,4
L R FS DR dl UR ur,2,10,44,8,2,17,4
L R FS DR UR dl ur,2,10,44,8,2,15,4
R dl DR FS L UR ur,2,10,44,8,2,15,4
R dl DR L FS UR ur,2,10,44,8,2,13,4
R dl DR L UR FS ur,2,10,44,8,2,13,3
R dl DR UR L FS ur,2,10,44,8,2,13,3
R dl FS DR L UR ur,2,10,44,8,2,17,4
R dl FS L DR UR ur,2,10,44,8,2,15,4
R dl L DR FS UR ur,2,10,44,8,2,15,4
R dl L DR UR FS ur,2,10,44,8,2,13,3
R dl L FS DR UR ur,2,10,44,8,2,15,4
R DR dl FS L UR ur,2,10,44,8,2,15,4
R DR dl L FS UR ur,2,10,44,8,2,13,4
R DR dl L UR FS ur,2,10,44,8,2,13,3
R DR dl UR L FS ur,2,10,44,8,2,13,3
R DR FS dl L UR ur,2,10,44,8,2,17,4
R DR FS L dl UR ur,2,10,44,8,2,15,4
R DR FS L UR dl ur,2,10,44,8,2,13,3
R DR L dl FS UR ur,2,10,44,8,2,15,4
R DR L dl UR FS ur,2,10,44,8,2,13,3
R DR L FS dl UR ur,2,10,44,8,2,15,4
R DR L FS UR dl ur,2,10,44,8,2,11,3
R FS dl DR L UR ur,2,10,44,8,2,17,4
R FS dl L DR UR ur,2,10,44,8,2,17,4
R FS DR dl L UR ur,2,10,44,8,2,17,4
R FS DR L dl UR ur,2,10,44,8,2,17,4
R FS DR L UR dl ur,2,10,44,8,2,15,3
R FS L dl DR UR ur,2,10,44,8,2,15,4
R FS L DR dl UR ur,2,10,44,8,2,15,4
R FS L DR UR dl ur,2,10,44,8,2,13,3
R L dl DR FS UR ur,2,10,44,8,2,17,4
R L dl DR UR FS ur,2,10,44,8,2,15,4
R L dl FS DR UR ur,2,10,44,8,2,19,4
R L DR dl FS UR ur,2,10,44,8,2,17,4
R L DR dl UR FS ur,2,10,44,8,2,15,4
R L DR FS dl UR ur,2,10,44,8,2,19,4
R L DR FS UR dl ur,2,10,44,8,2,15,4
R L FS dl DR UR ur,2,10,44,8,2,17,4
R L FS DR dl UR ur,2,10,44,8,2,17,4
R L FS DR UR dl ur,2,10,44,8,2,15,4
FS UR L R DR ur dl,2,14,45,6,2,13,4
FS UR L R ur DR dl,2,14,45,6,2,15,4
FS UR L ur R DR dl,2,14,45,6,2,11,3
FS UR R DR L ur dl,2,14,45,6,2,9,3
FS UR R DR ur L dl,2,14,45,6,2,9,3
FS UR R L DR ur dl,2,14,45,6,2,13,4
FS UR R L ur DR dl,2,14,45,6,2,11,4
FS UR R ur DR L dl,2,14,45,6,2,13,3
FS UR R ur L DR dl,2,14,45,6,2,11,3
FS ur UR L R DR dl,2,14,45,6,2,17,4
FS UR ur L R DR dl,2,14,45,6,2,13,4
FS ur UR R DR L dl,2,14,45,6,2,15,4
FS UR ur R DR L dl,2,14,45,6,2,15,4
FS ur UR R L DR dl,2,14,45,6,2,17,4
FS UR ur R L DR dl,2,14,45,6,2,17,4
L ur DR UR FS R dl,2,14,45,6,2,9,2
L UR FS ur DR R dl,2,14,45,6,2,11,3
L ur UR DR FS R dl,2,14,45,6,2,13,4
L UR ur DR FS R dl,2,14,45,6,2,15,4
L ur UR FS DR R dl,2,14,45,6,2,11,4
L UR ur FS DR R dl,2,14,45,6,2,15,4
UR FS L R DR ur dl,2,14,45,6,2,12,4
UR FS L R ur DR dl,2,14,45,6,2,14,4
UR FS L ur R DR dl,2,14,45,6,2,10,3
UR FS R DR L ur dl,2,14,45,6,2,10,3
UR FS R DR ur L dl,2,14,45,6,2,10,3
UR FS R L DR ur dl,2,14,45,6,2,14,4
UR FS R L ur DR dl,2,14,45,6,2,12,4
UR FS R ur DR L dl,2,14,45,6,2,14,3
UR FS R ur L DR dl,2,14,45,6,2,12,3
ur FS UR L R DR dl,2,14,45,6,2,14,4
UR FS ur L R DR dl,2,14,45,6,2,12,4
ur FS UR R DR L dl,2,14,45,6,2,12,3
UR FS ur R DR L dl,2,14,45,6,2,14,3
ur FS UR R L DR dl,2,14,45,6,2,14,4
UR FS ur R L DR dl,2,14,45,6,2,16,4
ur L DR UR FS R dl,2,14,45,6,2,10,3
UR L FS ur DR R dl,2,14,45,6,2,12,3
ur L UR DR FS R dl,2,14,45,6,2,12,3
UR L ur DR FS R dl,2,14,45,6,2,12,3
ur L UR FS DR R dl,2,14,45,6,2,10,3
UR L ur FS DR R dl,2,14,45,6,2,12,3
UR R FS DR L ur dl,2,14,45,6,2,12,3
UR R FS DR ur L dl,2,14,45,6,2,12,3
UR R FS L DR ur dl,2,14,45,6,2,12,3
UR R FS L ur DR dl,2,14,45,6,2,10,2
UR R FS ur DR L dl,2,14,45,6,2,14,3
UR R FS ur L DR dl,2,14,45,6,2,12,3
UR R ur FS DR L dl,2,14,45,6,2,16,3
UR R ur FS L DR dl,2,14,45,6,2,14,3
ur UR FS L R DR dl,2,14,45,6,2,14,4
UR ur FS L R DR dl,2,14,45,6,2,16,4
ur UR FS R DR L dl,2,14,45,6,2,14,4
UR ur FS R DR L dl,2,14,45,6,2,16,4
ur UR FS R L DR dl,2,14,45,6,2,16,4
UR ur FS R L DR dl,2,14,45,6,2,18,4
ur UR L DR FS R dl,2,14,45,6,2,16,4
UR ur L DR FS R dl,2,14,45,6,2,14,4
ur UR L FS DR R dl,2,14,45,6,2,14,4
UR ur L FS DR R dl,2,14,45,6,2,12,4
ur UR R FS DR L dl,2,14,45,6,2,16,4
UR ur R FS DR L dl,2,14,45,6,2,18,4
ur UR R FS L DR dl,2,14,45,6,2,14,4
UR ur R FS L DR dl,2,14,45,6,2,16,4
FS R DR ur L UR dl,2,13,45,7,2,11,3
FS R DR UR L ur dl,2,13,45,7,2,11,3
FS R DR ur UR L dl,2,13,45,7,2,15,4
FS R DR UR ur L dl,2,13,45,7,2,13,4
FS R ur DR L UR dl,2,13,45,7,2,15,3
FS R ur DR UR L dl,2,13,45,7,2,15,3
FS ur R DR L UR dl,2,13,45,7,2,15,3
FS ur R DR UR L dl,2,13,45,7,2,15,3
R DR FS ur L UR dl,2,13,45,7,2,13,3
R DR FS UR L ur dl,2,13,45,7,2,11,3
R DR FS ur UR L dl,2,13,45,7,2,17,4
R DR FS UR ur L dl,2,13,45,7,2,13,4
R DR ur FS L UR dl,2,13,45,7,2,13,3
R DR ur FS UR L dl,2,13,45,7,2,13,3
R DR ur L FS UR dl,2,13,45,7,2,9,2
R FS DR ur L UR dl,2,13,45,7,2,13,3
R FS DR UR L ur dl,2,13,45,7,2,13,3
R FS DR ur UR L dl,2,13,45,7,2,17,4
R FS DR UR ur L dl,2,13,45,7,2,15,4
R FS ur DR L UR dl,2,13,45,7,2,15,3
R FS ur DR UR L dl,2,13,45,7,2,15,3
R ur DR FS L UR dl,2,13,45,7,2,15,3
R ur DR FS UR L dl,2,13,45,7,2,15,3
R ur DR L FS UR dl,2,13,45,7,2,13,3
R ur FS DR L UR dl,2,13,45,7,2,17,3
R ur FS DR UR L dl,2,13,45,7,2,17,3
ur FS R DR L UR dl,2,13,45,7,2,14,3
ur FS R DR UR L dl,2,13,45,7,2,14,3
ur R DR FS L UR dl,2,13,45,7,2,14,3
ur R DR FS UR L dl,2,13,45,7,2,14,3
ur R DR L FS UR dl,2,13,45,7,2,12,3
ur R FS DR L UR dl,2,13,45,7,2,16,3
ur R FS DR UR L dl,2,13,45,7,2,16,3
dl L UR R DR ur FS,2,14,45,7,2,13,3
dl L UR R ur DR FS,2,14,45,7,2,15,3
dl L ur UR R DR FS,2,14,45,7,2,13,4
dl L UR ur R DR FS,2,14,45,7,2,17,4
dl UR L R DR ur FS,2,14,45,7,2,15,4
dl UR L R ur DR FS,2,14,45,7,2,17,4
dl ur L UR R DR FS,2,14,45,7,2,11,3
dl UR L ur R DR FS,2,14,45,7,2,13,3
dl UR R DR L ur FS,2,14,45,7,2,11,3
dl UR R L DR ur FS,2,14,45,7,2,15,4
dl UR R L ur DR FS,2,14,45,7,2,13,4
dl UR R ur L DR FS,2,14,45,7,2,13,3
dl ur UR L R DR FS,2,14,45,7,2,17,4
dl UR ur L R DR FS,2,14,45,7,2,15,4
dl ur UR R L DR FS,2,14,45,7,2,17,4
dl UR ur R L DR FS,2,14,45,7,2,19,4
L dl UR R DR ur FS,2,14,45,7,2,12,3
L dl UR R ur DR FS,2,14,45,7,2,14,3
L dl ur UR R DR FS,2,14,45,7,2,14,4
L dl UR ur R DR FS,2,14,45,7,2,16,4
L UR dl R DR ur FS,2,14,45,7,2,12,3
L UR dl R ur DR FS,2,14,45,7,2,14,3
L ur dl UR R DR FS,2,14,45,7,2,10,3
L UR dl ur R DR FS,2,14,45,7,2,14,3
L ur DR R UR dl FS,2,14,45,7,2,10,3
L ur DR UR R dl FS,2,14,45,7,2,10,3
L UR R dl DR ur FS,2,14,45,7,2,12,3
L UR R dl ur DR FS,2,14,45,7,2,12,3
L UR R ur dl DR FS,2,14,45,7,2,14,3
L UR R ur DR dl FS,2,14,45,7,2,14,3
L ur UR dl R DR FS,2,14,45,7,2,12,4
L UR ur dl R DR FS,2,14,45,7,2,14,4
L ur UR DR R dl FS,2,14,45,7,2,12,4
L UR ur DR R dl FS,2,14,45,7,2,14,4
L ur UR R dl DR FS,2,14,45,7,2,12,4
L UR ur R dl DR FS,2,14,45,7,2,16,4
L ur UR R DR dl FS,2,14,45,7,2,12,4
L UR ur R DR dl FS,2,14,45,7,2,16,4
UR dl L R DR ur FS,2,14,45,7,2,15,4
UR dl L R ur DR FS,2,14,45,7,2,17,4
ur dl L UR R DR FS,2,14,45,7,2,13,3
UR dl L ur R DR FS,2,14,45,7,2,13,3
UR dl R DR L ur FS,2,14,45,7,2,11,3
UR dl R L DR ur FS,2,14,45,7,2,15,4
UR dl R L ur DR FS,2,14,45,7,2,13,4
UR dl R ur L DR FS,2,14,45,7,2,13,3
ur dl UR L R DR FS,2,14,45,7,2,15,4
UR dl ur L R DR FS,2,14,45,7,2,13,4
ur dl UR R L DR FS,2,14,45,7,2,15,4
UR dl ur R L DR FS,2,14,45,7,2,17,4
UR L dl R DR ur FS,2,14,45,7,2,13,3
UR L dl R ur DR FS,2,14,45,7,2,15,3
ur L dl UR R DR FS,2,14,45,7,2,11,3
UR L dl ur R DR FS,2,14,45,7,2,15,3
ur L DR R UR dl FS,2,14,45,7,2,11,3
ur L DR UR R dl FS,2,14,45,7,2,11,3
UR L R dl DR ur FS,2,14,45,7,2,15,4
UR L R dl ur DR FS,2,14,45,7,2,15,4
UR L R ur dl DR FS,2,14,45,7,2,17,4
UR L R ur DR dl FS,2,14,45,7,2,17,4
ur L UR dl R DR FS,2,14,45,7,2,11,3
UR L ur dl R DR FS,2,14,45,7,2,11,3
ur L UR DR R dl FS,2,14,45,7,2,11,3
UR L ur DR R dl FS,2,14,45,7,2,11,3
ur L UR R dl DR FS,2,14,45,7,2,11,3
UR L ur R dl DR FS,2,14,45,7,2,13,3
ur L UR R DR dl FS,2,14,45,7,2,11,3
UR L ur R DR dl FS,2,14,45,7,2,13,3
UR R dl DR L ur FS,2,14,45,7,2,11,3
UR R dl L DR ur FS,2,14,45,7,2,13,3
UR R dl L ur DR FS,2,14,45,7,2,11,3
UR R dl ur L DR FS,2,14,45,7,2,11,3
UR R L dl DR ur FS,2,14,45,7,2,15,4
UR R L dl ur DR FS,2,14,45,7,2,15,4
UR R L ur dl DR FS,2,14,45,7,2,13,4
UR R L ur DR dl FS,2,14,45,7,2,13,4
UR R ur dl L DR FS,2,14,45,7,2,15,3
UR R ur L dl DR FS,2,14,45,7,2,13,3
UR R ur L DR dl FS,2,14,45,7,2,13,3
ur UR dl L R DR FS,2,14,45,7,2,17,4
UR ur dl L R DR FS,2,14,45,7,2,17,4
ur UR dl R L DR FS,2,14,45,7,2,17,4
UR ur dl R L DR FS,2,14,45,7,2,17,4
ur UR L dl R DR FS,2,14,45,7,2,15,4
UR ur L dl R DR FS,2,14,45,7,2,13,4
ur UR L DR R dl FS,2,14,45,7,2,15,4
UR ur L DR R dl FS,2,14,45,7,2,13,4
ur UR L R dl DR FS,2,14,45,7,2,17,4
UR ur L R dl DR FS,2,14,45,7,2,15,4
ur UR L R DR dl FS,2,14,45,7,2,17,4
UR ur L R DR dl FS,2,14,45,7,2,15,4
ur UR R dl L DR FS,2,14,45,7,2,15,4
UR ur R dl L DR FS,2,14,45,7,2,17,4
ur UR R L dl DR FS,2,14,45,7,2,17,4
UR ur R L dl DR FS,2,14,45,7,2,19,4
ur UR R L DR dl FS,2,14,45,7,2,17,4
UR ur R L DR dl FS,2,14,45,7,2,19,4
dl FS L ur DR R UR,2,13,45,8,2,10,3
dl FS L UR R ur DR,2,13,45,8,2,14,3
dl FS L ur UR R DR,2,13,45,8,2,12,4
dl FS L UR ur R DR,2,13,45,8,2,16,4
dl FS ur L DR R UR,2,13,45,8,2,12,3
dl FS ur L UR R DR,2,13,45,8,2,12,3
dl L FS ur DR R UR,2,13,45,8,2,12,3
dl L FS UR R ur DR,2,13,45,8,2,12,3
dl L FS ur UR R DR,2,13,45,8,2,14,4
dl L FS UR ur R DR,2,13,45,8,2,14,4
dl L R DR ur UR FS,2,13,45,8,2,15,4
dl L R DR UR ur FS,2,13,45,8,2,17,4
dl L ur DR FS R UR,2,13,45,8,2,12,3
dl L ur DR R FS UR,2,13,45,8,2,10,3
dl L ur FS DR R UR,2,13,45,8,2,12,3
dl L ur FS UR R DR,2,13,45,8,2,10,3
dl R DR L ur UR FS,2,13,45,8,2,11,4
dl R DR L UR ur FS,2,13,45,8,2,15,4
dl R DR UR L ur FS,2,13,45,8,2,11,3
dl R L DR ur UR FS,2,13,45,8,2,15,4
dl R L DR UR ur FS,2,13,45,8,2,17,4
dl ur FS L DR R UR,2,13,45,8,2,12,3
dl ur FS L UR R DR,2,13,45,8,2,12,3
dl ur L DR FS R UR,2,13,45,8,2,12,3
dl ur L DR R FS UR,2,13,45,8,2,10,3
dl ur L FS DR R UR,2,13,45,8,2,10,3
dl ur L FS UR R DR,2,13,45,8,2,8,2
FS dl L ur DR R UR,2,13,45,8,2,11,3
FS dl L UR R ur DR,2,13,45,8,2,15,3
FS dl L ur UR R DR,2,13,45,8,2,13,4
FS dl L UR ur R DR,2,13,45,8,2,17,4
FS dl ur L DR R UR,2,13,45,8,2,11,3
FS dl ur L UR R DR,2,13,45,8,2,11,3
FS L dl ur DR R UR,2,13,45,8,2,11,3
FS L dl UR R ur DR,2,13,45,8,2,13,3
FS L dl ur UR R DR,2,13,45,8,2,13,4
FS L dl UR ur R DR,2,13,45,8,2,15,4
FS L ur dl DR R UR,2,13,45,8,2,9,2
FS L UR dl R ur DR,2,13,45,8,2,13,3
FS L ur dl UR R DR,2,13,45,8,2,9,2
FS L UR dl ur R DR,2,13,45,8,2,13,3
FS L ur DR dl R UR,2,13,45,8,2,9,2
FS L ur DR R dl UR,2,13,45,8,2,9,2
FS L UR R dl ur DR,2,13,45,8,2,11,3
FS L UR R ur dl DR,2,13,45,8,2,13,3
FS L ur UR dl R DR,2,13,45,8,2,11,4
FS L UR ur dl R DR,2,13,45,8,2,13,4
FS L ur UR R dl DR,2,13,45,8,2,11,4
FS L UR ur R dl DR,2,13,45,8,2,15,4
FS ur dl L DR R UR,2,13,45,8,2,13,3
FS ur dl L UR R DR,2,13,45,8,2,13,3
FS ur L dl DR R UR,2,13,45,8,2,11,3
FS ur L dl UR R DR,2,13,45,8,2,11,3
FS ur L DR dl R UR,2,13,45,8,2,11,3
FS ur L DR R dl UR,2,13,45,8,2,11,3
FS ur L UR dl R DR,2,13,45,8,2,11,3
FS ur L UR R dl DR,2,13,45,8,2,11,3
L dl FS ur DR R UR,2,13,45,8,2,13,3
L dl FS UR R ur DR,2,13,45,8,2,13,3
L dl FS ur UR R DR,2,13,45,8,2,15,4
L dl FS UR ur R DR,2,13,45,8,2,15,4
L dl R DR ur UR FS,2,13,45,8,2,12,4
L dl R DR UR ur FS,2,13,45,8,2,14,4
L dl ur DR FS R UR,2,13,45,8,2,13,3
L dl ur DR R FS UR,2,13,45,8,2,11,3
L dl ur FS DR R UR,2,13,45,8,2,13,3
L dl ur FS UR R DR,2,13,45,8,2,11,3
L FS dl ur DR R UR,2,13,45,8,2,11,3
L FS dl UR R ur DR,2,13,45,8,2,13,3
L FS dl ur UR R DR,2,13,45,8,2,13,4
L FS dl UR ur R DR,2,13,45,8,2,15,4
L FS ur dl DR R UR,2,13,45,8,2,11,3
L FS UR dl R ur DR,2,13,45,8,2,11,3
L FS ur dl UR R DR,2,13,45,8,2,11,3
L FS UR dl ur R DR,2,13,45,8,2,11,3
L FS ur DR dl R UR,2,13,45,8,2,11,3
L FS ur DR R dl UR,2,13,45,8,2,11,3
L FS UR R dl ur DR,2,13,45,8,2,9,2
L FS UR R ur dl DR,2,13,45,8,2,11,3
L FS ur UR dl R DR,2,13,45,8,2,13,4
L FS UR ur dl R DR,2,13,45,8,2,11,4
L FS ur UR R dl DR,2,13,45,8,2,13,4
L FS UR ur R dl DR,2,13,45,8,2,13,4
L R dl DR ur UR FS,2,13,45,8,2,14,4
L R dl DR UR ur FS,2,13,45,8,2,16,4
L R DR dl ur UR FS,2,13,45,8,2,14,4
L R DR dl UR ur FS,2,13,45,8,2,16,4
L R DR ur dl UR FS,2,13,45,8,2,12,4
L ur dl DR FS R UR,2,13,45,8,2,11,3
L ur dl DR R FS UR,2,13,45,8,2,9,2
L ur dl FS DR R UR,2,13,45,8,2,11,3
L ur dl FS UR R DR,2,13,45,8,2,9,3
L ur DR dl FS R UR,2,13,45,8,2,11,3
L ur DR dl R FS UR,2,13,45,8,2,9,2
L ur DR FS dl R UR,2,13,45,8,2,11,3
L ur DR FS R dl UR,2,13,45,8,2,11,3
L ur DR R dl FS UR,2,13,45,8,2,9,3
L ur DR R FS dl UR,2,13,45,8,2,11,3
L ur FS dl DR R UR,2,13,45,8,2,11,3
L ur FS dl UR R DR,2,13,45,8,2,11,3
L ur FS DR dl R UR,2,13,45,8,2,11,3
L ur FS DR R dl UR,2,13,45,8,2,11,3
L ur FS UR dl R DR,2,13,45,8,2,9,3
L ur FS UR R dl DR,2,13,45,8,2,9,3
R dl DR L ur UR FS,2,13,45,8,2,12,4
R dl DR L UR ur FS,2,13,45,8,2,16,4
R dl DR UR L ur FS,2,13,45,8,2,12,3
R dl L DR ur UR FS,2,13,45,8,2,14,4
R dl L DR UR ur FS,2,13,45,8,2,16,4
R DR dl L ur UR FS,2,13,45,8,2,12,4
R DR dl L UR ur FS,2,13,45,8,2,16,4
R DR dl UR L ur FS,2,13,45,8,2,12,3
R DR L dl ur UR FS,2,13,45,8,2,14,4
R DR L dl UR ur FS,2,13,45,8,2,16,4
R DR L ur dl UR FS,2,13,45,8,2,10,3
R L dl DR ur UR FS,2,13,45,8,2,16,4
R L dl DR UR ur FS,2,13,45,8,2,18,4
R L DR dl ur UR FS,2,13,45,8,2,16,4
R L DR dl UR ur FS,2,13,45,8,2,18,4
R L DR ur dl UR FS,2,13,45,8,2,14,4
ur dl FS L DR R UR,2,13,45,8,2,12,3
ur dl FS L UR R DR,2,13,45,8,2,12,3
ur dl L DR FS R UR,2,13,45,8,2,14,3
ur dl L DR R FS UR,2,13,45,8,2,12,3
ur dl L FS DR R UR,2,13,45,8,2,12,3
ur dl L FS UR R DR,2,13,45,8,2,10,3
ur FS dl L DR R UR,2,13,45,8,2,14,3
ur FS dl L UR R DR,2,13,45,8,2,14,3
ur FS L dl DR R UR,2,13,45,8,2,12,3
ur FS L dl UR R DR,2,13,45,8,2,12,3
ur FS L DR dl R UR,2,13,45,8,2,12,3
ur FS L DR R dl UR,2,13,45,8,2,12,3
ur FS L UR dl R DR,2,13,45,8,2,12,3
ur FS L UR R dl DR,2,13,45,8,2,12,3
ur L dl DR FS R UR,2,13,45,8,2,12,3
ur L dl DR R FS UR,2,13,45,8,2,10,3
ur L dl FS DR R UR,2,13,45,8,2,12,3
ur L dl FS UR R DR,2,13,45,8,2,10,3
ur L DR dl FS R UR,2,13,45,8,2,12,3
ur L DR dl R FS UR,2,13,45,8,2,10,3
ur L DR FS dl R UR,2,13,45,8,2,12,3
ur L DR FS R dl UR,2,13,45,8,2,12,3
ur L DR R dl FS UR,2,13,45,8,2,10,3
ur L DR R FS dl UR,2,13,45,8,2,12,3
ur L FS dl DR R UR,2,13,45,8,2,10,3
ur L FS dl UR R DR,2,13,45,8,2,10,3
ur L FS DR dl R UR,2,13,45,8,2,10,3
ur L FS DR R dl UR,2,13,45,8,2,10,3
ur L FS UR dl R DR,2,13,45,8,2,8,2
ur L FS UR R dl DR,2,13,45,8,2,8,2
dl FS R UR DR L ur,2,14,46,7,2,12,3
dl FS R UR L DR ur,2,14,46,7,2,14,3
dl R FS UR DR L ur,2,14,46,7,2,10,3
dl R FS UR L DR ur,2,14,46,7,2,12,3
dl R UR DR FS L ur,2,14,46,7,2,10,3
dl R UR FS DR L ur,2,14,46,7,2,10,3
dl R UR FS L DR ur,2,14,46,7,2,10,3
FS dl R UR DR L ur,2,14,46,7,2,11,3
FS dl R UR L DR ur,2,14,46,7,2,13,3
FS R dl UR DR L ur,2,14,46,7,2,11,3
FS R dl UR L DR ur,2,14,46,7,2,13,3
FS R UR dl DR L ur,2,14,46,7,2,11,3
FS R UR dl L DR ur,2,14,46,7,2,13,3
FS R UR DR dl L ur,2,14,46,7,2,11,3
FS R UR DR L dl ur,2,14,46,7,2,13,3
FS R UR L dl DR ur,2,14,46,7,2,13,3
FS R UR L DR dl ur,2,14,46,7,2,13,3
R dl FS UR DR L ur,2,14,46,7,2,11,3
R dl FS UR L DR ur,2,14,46,7,2,13,3
R dl UR DR FS L ur,2,14,46,7,2,11,3
R dl UR FS DR L ur,2,14,46,7,2,11,3
R dl UR FS L DR ur,2,14,46,7,2,11,3
R FS dl UR DR L ur,2,14,46,7,2,13,3
R FS dl UR L DR ur,2,14,46,7,2,15,3
R FS UR dl DR L ur,2,14,46,7,2,11,3
R FS UR dl L DR ur,2,14,46,7,2,13,3
R FS UR DR dl L ur,2,14,46,7,2,11,3
R FS UR DR L dl ur,2,14,46,7,2,13,3
R FS UR L dl DR ur,2,14,46,7,2,13,3
R FS UR L DR dl ur,2,14,46,7,2,13,3
R UR dl DR FS L ur,2,14,46,7,2,11,3
R UR dl FS DR L ur,2,14,46,7,2,13,3
R UR dl FS L DR ur,2,14,46,7,2,13,3
R UR FS dl DR L ur,2,14,46,7,2,11,3
R UR FS dl L DR ur,2,14,46,7,2,13,3
R UR FS DR dl L ur,2,14,46,7,2,11,3
R UR FS DR L dl ur,2,14,46,7,2,13,3
R UR FS L dl DR ur,2,14,46,7,2,11,3
R UR FS L DR dl ur,2,14,46,7,2,11,3
dl R UR DR ur L FS,2,14,47,7,2,9,2
dl R ur UR DR L FS,2,14,47,7,2,15,4
dl R UR ur DR L FS,2,14,47,7,2,13,4
dl ur R UR DR L FS,2,14,47,7,2,13,3
L ur DR R UR FS dl,2,14,47,7,2,9,3
L ur DR UR R FS dl,2,14,47,7,2,11,3
L UR FS R DR ur dl,2,14,47,7,2,11,3
L UR FS R ur DR dl,2,14,47,7,2,13,3
L UR FS ur R DR dl,2,14,47,7,2,13,3
L UR R FS DR ur dl,2,14,47,7,2,13,3
L UR R FS ur DR dl,2,14,47,7,2,13,3
L UR R ur DR FS dl,2,14,47,7,2,15,3
L UR R ur FS DR dl,2,14,47,7,2,15,3
L ur UR DR R FS dl,2,14,47,7,2,13,4
L UR ur DR R FS dl,2,14,47,7,2,15,4
L ur UR FS R DR dl,2,14,47,7,2,11,4
L UR ur FS R DR dl,2,14,47,7,2,15,4
L ur UR R DR FS dl,2,14,47,7,2,13,4
L UR ur R DR FS dl,2,14,47,7,2,17,4
L ur UR R FS DR dl,2,14,47,7,2,13,4
L UR ur R FS DR dl,2,14,47,7,2,17,4
R dl UR DR ur L FS,2,14,47,7,2,10,2
R dl ur UR DR L FS,2,14,47,7,2,14,4
R dl UR ur DR L FS,2,14,47,7,2,14,4
R UR dl DR ur L FS,2,14,47,7,2,10,2
R ur dl UR DR L FS,2,14,47,7,2,14,3
R UR dl ur DR L FS,2,14,47,7,2,12,3
R ur UR dl DR L FS,2,14,47,7,2,16,4
R UR ur dl DR L FS,2,14,47,7,2,14,4
ur dl R UR DR L FS,2,14,47,7,2,11,3
ur L DR R UR FS dl,2,14,47,7,2,10,3
ur L DR UR R FS dl,2,14,47,7,2,12,3
UR L FS R DR ur dl,2,14,47,7,2,12,3
UR L FS R ur DR dl,2,14,47,7,2,14,3
UR L FS ur R DR dl,2,14,47,7,2,14,3
UR L R FS DR ur dl,2,14,47,7,2,16,4
UR L R FS ur DR dl,2,14,47,7,2,16,4
UR L R ur DR FS dl,2,14,47,7,2,18,4
UR L R ur FS DR dl,2,14,47,7,2,18,4
ur L UR DR R FS dl,2,14,47,7,2,12,3
UR L ur DR R FS dl,2,14,47,7,2,12,3
ur L UR FS R DR dl,2,14,47,7,2,10,3
UR L ur FS R DR dl,2,14,47,7,2,12,3
ur L UR R DR FS dl,2,14,47,7,2,12,3
UR L ur R DR FS dl,2,14,47,7,2,14,3
ur L UR R FS DR dl,2,14,47,7,2,12,3
UR L ur R FS DR dl,2,14,47,7,2,14,3
ur R dl UR DR L FS,2,14,47,7,2,13,3
UR R L FS DR ur dl,2,14,47,7,2,14,4
UR R L FS ur DR dl,2,14,47,7,2,14,4
UR R L ur DR FS dl,2,14,47,7,2,14,4
UR R L ur FS DR dl,2,14,47,7,2,14,4
ur R UR dl DR L FS,2,14,47,7,2,13,3
UR R ur L DR FS dl,2,14,47,7,2,14,3
UR R ur L FS DR dl,2,14,47,7,2,12,3
ur UR L DR R FS dl,2,14,47,7,2,16,4
UR ur L DR R FS dl,2,14,47,7,2,14,4
ur UR L FS R DR dl,2,14,47,7,2,14,4
UR ur L FS R DR dl,2,14,47,7,2,12,4
ur UR L R DR FS dl,2,14,47,7,2,18,4
UR ur L R DR FS dl,2,14,47,7,2,16,4
ur UR L R FS DR dl,2,14,47,7,2,18,4
UR ur L R FS DR dl,2,14,47,7,2,16,4
ur UR R L DR FS dl,2,14,47,7,2,18,4
UR ur R L DR FS dl,2,14,47,7,2,20,4
ur UR R L FS DR dl,2,14,47,7,2,16,4
UR ur R L FS DR dl,2,14,47,7,2,18,4
FS L R DR ur UR dl,2,13,47,8,2,15,4
FS L R DR UR ur dl,2,13,47,8,2,15,4
FS R DR L ur UR dl,2,13,47,8,2,13,4
FS R DR L UR ur dl,2,13,47,8,2,15,4
FS R L DR ur UR dl,2,13,47,8,2,17,4
FS R L DR UR ur dl,2,13,47,8,2,17,4
L FS R DR ur UR dl,2,13,47,8,2,13,4
L FS R DR UR ur dl,2,13,47,8,2,13,4
L R DR FS ur UR dl,2,13,47,8,2,17,4
L R DR FS UR ur dl,2,13,47,8,2,15,4
L R DR ur FS UR dl,2,13,47,8,2,13,4
L R FS DR ur UR dl,2,13,47,8,2,17,4
L R FS DR UR ur dl,2,13,47,8,2,17,4
R DR FS L ur UR dl,2,13,47,8,2,13,4
R DR FS L UR ur dl,2,13,47,8,2,15,4
R DR L FS ur UR dl,2,13,47,8,2,15,4
R DR L FS UR ur dl,2,13,47,8,2,13,4
R DR L ur FS UR dl,2,13,47,8,2,11,3
R FS DR L ur UR dl,2,13,47,8,2,15,4
R FS DR L UR ur dl,2,13,47,8,2,17,4
R FS L DR ur UR dl,2,13,47,8,2,15,4
R FS L DR UR ur dl,2,13,47,8,2,15,4
R L DR FS ur UR dl,2,13,47,8,2,19,4
R L DR FS UR ur dl,2,13,47,8,2,17,4
R L DR ur FS UR dl,2,13,47,8,2,15,4
R L FS DR ur UR dl,2,13,47,8,2,17,4
R L FS DR UR ur dl,2,13,47,8,2,17,4
dl L R UR DR FS ur,2,14,48,8,2,16,4
dl L R UR FS DR ur,2,14,48,8,2,14,4
dl R L UR DR FS ur,2,14,48,8,2,16,4
dl R L UR FS DR ur,2,14,48,8,2,14,4
dl R UR DR L FS ur,2,14,48,8,2,12,3
dl R UR L DR FS ur,2,14,48,8,2,14,3
dl R UR L FS DR ur,2,14,48,8,2,12,3
L dl R UR DR FS ur,2,14,48,8,2,13,3
L dl R UR FS DR ur,2,14,48,8,2,11,3
L R dl UR DR FS ur,2,14,48,8,2,15,4
L R dl UR FS DR ur,2,14,48,8,2,13,4
L R UR dl DR FS ur,2,14,48,8,2,15,4
L R UR dl FS DR ur,2,14,48,8,2,15,4
L R UR FS dl DR ur,2,14,48,8,2,13,4
L R UR FS DR dl ur,2,14,48,8,2,13,4
R dl L UR DR FS ur,2,14,48,8,2,15,3
R dl L UR FS DR ur,2,14,48,8,2,13,3
R dl UR DR L FS ur,2,14,48,8,2,13,3
R dl UR L DR FS ur,2,14,48,8,2,15,3
R dl UR L FS DR ur,2,14,48,8,2,13,3
R L dl UR DR FS ur,2,14,48,8,2,17,4
R L dl UR FS DR ur,2,14,48,8,2,15,4
R L UR dl DR FS ur,2,14,48,8,2,17,4
R L UR dl FS DR ur,2,14,48,8,2,17,4
R L UR FS dl DR ur,2,14,48,8,2,15,4
R L UR FS DR dl ur,2,14,48,8,2,15,4
R UR dl DR L FS ur,2,14,48,8,2,13,3
R UR dl L DR FS ur,2,14,48,8,2,15,3
R UR dl L FS DR ur,2,14,48,8,2,13,3
R UR L dl DR FS ur,2,14,48,8,2,15,3
R UR L dl FS DR ur,2,14,48,8,2,15,3
R UR L FS dl DR ur,2,14,48,8,2,13,3
R UR L FS DR dl ur,2,14,48,8,2,13,3
FS R UR DR L ur dl,2,14,49,7,2,11,3
FS R UR DR ur L dl,2,14,49,7,2,11,3
FS R UR L DR ur dl,2,14,49,7,2,13,3
FS R UR L ur DR dl,2,14,49,7,2,11,3
FS R ur UR DR L dl,2,14,49,7,2,17,4
FS R UR ur DR L dl,2,14,49,7,2,15,4
FS R ur UR L DR dl,2,14,49,7,2,17,4
FS R UR ur L DR dl,2,14,49,7,2,13,4
FS ur R UR DR L dl,2,14,49,7,2,15,3
FS ur R UR L DR dl,2,14,49,7,2,15,3
R FS UR DR L ur dl,2,14,49,7,2,11,3
R FS UR DR ur L dl,2,14,49,7,2,11,3
R FS UR L DR ur dl,2,14,49,7,2,13,3
R FS UR L ur DR dl,2,14,49,7,2,11,3
R FS ur UR DR L dl,2,14,49,7,2,17,4
R FS UR ur DR L dl,2,14,49,7,2,15,4
R FS ur UR L DR dl,2,14,49,7,2,17,4
R FS UR ur L DR dl,2,14,49,7,2,13,4
R UR FS DR L ur dl,2,14,49,7,2,11,3
R UR FS DR ur L dl,2,14,49,7,2,11,3
R UR FS L DR ur dl,2,14,49,7,2,11,3
R UR FS L ur DR dl,2,14,49,7,2,9,2
R ur FS UR DR L dl,2,14,49,7,2,15,3
R UR FS ur DR L dl,2,14,49,7,2,13,3
R ur FS UR L DR dl,2,14,49,7,2,15,3
R UR FS ur L DR dl,2,14,49,7,2,11,3
R ur UR FS DR L dl,2,14,49,7,2,17,4
R UR ur FS DR L dl,2,14,49,7,2,17,4
R ur UR FS L DR dl,2,14,49,7,2,15,4
R UR ur FS L DR dl,2,14,49,7,2,15,4
ur FS R UR DR L dl,2,14,49,7,2,14,3
ur FS R UR L DR dl,2,14,49,7,2,14,3
ur R FS UR DR L dl,2,14,49,7,2,14,3
ur R FS UR L DR dl,2,14,49,7,2,14,3
ur R UR FS DR L dl,2,14,49,7,2,14,3
ur R UR FS L DR dl,2,14,49,7,2,12,3
dl L R UR DR ur FS,2,14,49,8,2,15,4
dl L R ur UR DR FS,2,14,49,8,2,19,4
dl L R UR ur DR FS,2,14,49,8,2,17,4
dl L ur R UR DR FS,2,14,49,8,2,13,3
dl R L UR DR ur FS,2,14,49,8,2,15,4
dl R L ur UR DR FS,2,14,49,8,2,15,4
dl R L UR ur DR FS,2,14,49,8,2,17,4
dl R UR DR L ur FS,2,14,49,8,2,11,3
dl R UR L DR ur FS,2,14,49,8,2,13,3
dl R ur L UR DR FS,2,14,49,8,2,13,3
dl R UR L ur DR FS,2,14,49,8,2,11,3
dl R ur UR L DR FS,2,14,49,8,2,17,4
dl R UR ur L DR FS,2,14,49,8,2,13,4
dl ur L R UR DR FS,2,14,49,8,2,13,4
dl ur R L UR DR FS,2,14,49,8,2,17,4
dl ur R UR L DR FS,2,14,49,8,2,15,3
L dl R UR DR ur FS,2,14,49,8,2,12,3
L dl R ur UR DR FS,2,14,49,8,2,16,4
L dl R UR ur DR FS,2,14,49,8,2,14,4
L dl ur R UR DR FS,2,14,49,8,2,14,3
L R dl UR DR ur FS,2,14,49,8,2,14,4
L R dl ur UR DR FS,2,14,49,8,2,16,4
L R dl UR ur DR FS,2,14,49,8,2,16,4
L R UR dl DR ur FS,2,14,49,8,2,14,4
L R ur dl UR DR FS,2,14,49,8,2,16,4
L R UR dl ur DR FS,2,14,49,8,2,14,4
L R ur DR UR dl FS,2,14,49,8,2,16,4
L R ur UR dl DR FS,2,14,49,8,2,18,4
L R UR ur dl DR FS,2,14,49,8,2,16,4
L R ur UR DR dl FS,2,14,49,8,2,18,4
L R UR ur DR dl FS,2,14,49,8,2,16,4
L ur dl R UR DR FS,2,14,49,8,2,10,3
L ur R dl UR DR FS,2,14,49,8,2,12,3
L ur R DR UR dl FS,2,14,49,8,2,12,3
L ur R UR dl DR FS,2,14,49,8,2,12,3
L ur R UR DR dl FS,2,14,49,8,2,12,3
R dl L UR DR ur FS,2,14,49,8,2,14,3
R dl L ur UR DR FS,2,14,49,8,2,14,4
R dl L UR ur DR FS,2,14,49,8,2,16,4
R dl UR DR L ur FS,2,14,49,8,2,12,3
R dl UR L DR ur FS,2,14,49,8,2,14,3
R dl ur L UR DR FS,2,14,49,8,2,12,3
R dl UR L ur DR FS,2,14,49,8,2,12,3
R dl ur UR L DR FS,2,14,49,8,2,16,4
R dl UR ur L DR FS,2,14,49,8,2,14,4
R L dl UR DR ur FS,2,14,49,8,2,16,4
R L dl ur UR DR FS,2,14,49,8,2,18,4
R L dl UR ur DR FS,2,14,49,8,2,18,4
R L UR dl DR ur FS,2,14,49,8,2,16,4
R L ur dl UR DR FS,2,14,49,8,2,14,4
R L UR dl ur DR FS,2,14,49,8,2,16,4
R L ur DR UR dl FS,2,14,49,8,2,14,4
R L ur UR dl DR FS,2,14,49,8,2,16,4
R L UR ur dl DR FS,2,14,49,8,2,18,4
R L ur UR DR dl FS,2,14,49,8,2,16,4
R L UR ur DR dl FS,2,14,49,8,2,18,4
R UR dl DR L ur FS,2,14,49,8,2,12,3
R UR dl L DR ur FS,2,14,49,8,2,14,3
R ur dl L UR DR FS,2,14,49,8,2,16,3
R UR dl L ur DR FS,2,14,49,8,2,12,3
R ur dl UR L DR FS,2,14,49,8,2,16,3
R UR dl ur L DR FS,2,14,49,8,2,12,3
R UR L dl DR ur FS,2,14,49,8,2,14,3
R ur L dl UR DR FS,2,14,49,8,2,14,3
R UR L dl ur DR FS,2,14,49,8,2,14,3
R ur L DR UR dl FS,2,14,49,8,2,14,3
R ur L UR dl DR FS,2,14,49,8,2,14,3
R UR L ur dl DR FS,2,14,49,8,2,12,3
R ur L UR DR dl FS,2,14,49,8,2,14,3
R UR L ur DR dl FS,2,14,49,8,2,12,3
R ur UR dl L DR FS,2,14,49,8,2,18,4
R UR ur dl L DR FS,2,14,49,8,2,16,4
R ur UR L dl DR FS,2,14,49,8,2,18,4
R UR ur L dl DR FS,2,14,49,8,2,14,4
R ur UR L DR dl FS,2,14,49,8,2,18,4
R UR ur L DR dl FS,2,14,49,8,2,14,4
ur dl L R UR DR FS,2,14,49,8,2,15,4
ur dl R L UR DR FS,2,14,49,8,2,15,4
ur dl R UR L DR FS,2,14,49,8,2,13,3
ur L dl R UR DR FS,2,14,49,8,2,11,3
ur L R dl UR DR FS,2,14,49,8,2,13,4
ur L R DR UR dl FS,2,14,49,8,2,13,4
ur L R UR dl DR FS,2,14,49,8,2,13,4
ur L R UR DR dl FS,2,14,49,8,2,13,4
ur R dl L UR DR FS,2,14,49,8,2,15,3
ur R dl UR L DR FS,2,14,49,8,2,15,3
ur R L dl UR DR FS,2,14,49,8,2,17,4
ur R L DR UR dl FS,2,14,49,8,2,17,4
ur R L UR dl DR FS,2,14,49,8,2,17,4
ur R L UR DR dl FS,2,14,49,8,2,17,4
ur R UR dl L DR FS,2,14,49,8,2,15,3
ur R UR L dl DR FS,2,14,49,8,2,15,3
ur R UR L DR dl FS,2,14,49,8,2,15,3
dl FS L R ur DR UR,2,13,49,9,2,16,4
dl FS L R ur UR DR,2,13,49,9,2,18,4
dl FS L R UR ur DR,2,13,49,9,2,16,4
dl FS L ur R DR UR,2,13,49,9,2,12,3
dl FS L ur R UR DR,2,13,49,9,2,12,3
dl FS R L ur DR UR,2,13,49,9,2,14,4
dl FS R L ur UR DR,2,13,49,9,2,16,4
dl FS R L UR ur DR,2,13,49,9,2,18,4
dl FS R ur L DR UR,2,13,49,9,2,14,3
dl FS R ur L UR DR,2,13,49,9,2,14,3
dl FS ur L R DR UR,2,13,49,9,2,14,4
dl FS ur L R UR DR,2,13,49,9,2,14,4
dl FS ur R L DR UR,2,13,49,9,2,18,4
dl FS ur R L UR DR,2,13,49,9,2,18,4
dl L FS R ur DR UR,2,13,49,9,2,14,3
dl L FS R ur UR DR,2,13,49,9,2,16,4
dl L FS R UR ur DR,2,13,49,9,2,14,4
dl L FS ur R DR UR,2,13,49,9,2,14,3
dl L FS ur R UR DR,2,13,49,9,2,14,3
dl L R FS ur DR UR,2,13,49,9,2,16,4
dl L R FS ur UR DR,2,13,49,9,2,18,4
dl L R FS UR ur DR,2,13,49,9,2,16,4
dl L R ur DR FS UR,2,13,49,9,2,16,4
dl L R ur FS DR UR,2,13,49,9,2,18,4
dl L R ur FS UR DR,2,13,49,9,2,16,4
dl L ur FS R DR UR,2,13,49,9,2,12,3
dl L ur FS R UR DR,2,13,49,9,2,12,3
dl L ur R DR FS UR,2,13,49,9,2,12,3
dl L ur R FS DR UR,2,13,49,9,2,14,3
dl L ur R FS UR DR,2,13,49,9,2,12,3
dl R FS L ur DR UR,2,13,49,9,2,10,2
dl R FS L ur UR DR,2,13,49,9,2,12,4
dl R FS L UR ur DR,2,13,49,9,2,14,4
dl R FS ur L DR UR,2,13,49,9,2,12,3
dl R FS ur L UR DR,2,13,49,9,2,12,3
dl R L FS ur DR UR,2,13,49,9,2,14,4
dl R L FS ur UR DR,2,13,49,9,2,16,4
dl R L FS UR ur DR,2,13,49,9,2,14,4
dl R L ur DR FS UR,2,13,49,9,2,12,4
dl R L ur FS DR UR,2,13,49,9,2,14,4
dl R L ur FS UR DR,2,13,49,9,2,12,4
dl R ur FS L DR UR,2,13,49,9,2,14,3
dl R ur FS L UR DR,2,13,49,9,2,14,3
dl R ur L DR FS UR,2,13,49,9,2,12,3
dl R ur L FS DR UR,2,13,49,9,2,12,3
dl R ur L FS UR DR,2,13,49,9,2,10,3
dl ur FS L R DR UR,2,13,49,9,2,14,4
dl ur FS L R UR DR,2,13,49,9,2,14,4
dl ur FS R L DR UR,2,13,49,9,2,16,4
dl ur FS R L UR DR,2,13,49,9,2,16,4
dl ur L FS R DR UR,2,13,49,9,2,10,2
dl ur L FS R UR DR,2,13,49,9,2,10,2
dl ur L R DR FS UR,2,13,49,9,2,12,4
dl ur L R FS DR UR,2,13,49,9,2,14,4
dl ur L R FS UR DR,2,13,49,9,2,12,4
dl ur R FS L DR UR,2,13,49,9,2,14,3
dl ur R FS L UR DR,2,13,49,9,2,14,3
dl ur R L DR FS UR,2,13,49,9,2,16,4
dl ur R L FS DR UR,2,13,49,9,2,16,4
dl ur R L FS UR DR,2,13,49,9,2,14,4
FS dl L R ur DR UR,2,13,49,9,2,17,4
FS dl L R ur UR DR,2,13,49,9,2,19,4
FS dl L R UR ur DR,2,13,49,9,2,17,4
FS dl L ur R DR UR,2,13,49,9,2,13,3
FS dl L ur R UR DR,2,13,49,9,2,13,3
FS dl R L ur DR UR,2,13,49,9,2,13,4
FS dl R L ur UR DR,2,13,49,9,2,15,4
FS dl R L UR ur DR,2,13,49,9,2,17,4
FS dl R ur L DR UR,2,13,49,9,2,13,3
FS dl R ur L UR DR,2,13,49,9,2,13,3
FS dl ur L R DR UR,2,13,49,9,2,13,4
FS dl ur L R UR DR,2,13,49,9,2,13,4
FS dl ur R L DR UR,2,13,49,9,2,17,4
FS dl ur R L UR DR,2,13,49,9,2,17,4
FS L dl R ur DR UR,2,13,49,9,2,13,3
FS L dl R ur UR DR,2,13,49,9,2,15,4
FS L dl R UR ur DR,2,13,49,9,2,13,4
FS L dl ur R DR UR,2,13,49,9,2,13,3
FS L dl ur R UR DR,2,13,49,9,2,13,3
FS L R dl ur DR UR,2,13,49,9,2,13,4
FS L R dl ur UR DR,2,13,49,9,2,15,4
FS L R dl UR ur DR,2,13,49,9,2,15,4
FS L R ur dl DR UR,2,13,49,9,2,15,4
FS L R ur dl UR DR,2,13,49,9,2,15,4
FS L R UR dl ur DR,2,13,49,9,2,13,4
FS L R ur DR dl UR,2,13,49,9,2,15,4
FS L R ur UR dl DR,2,13,49,9,2,17,4
FS L R UR ur dl DR,2,13,49,9,2,15,4
FS L ur dl R DR UR,2,13,49,9,2,9,2
FS L ur dl R UR DR,2,13,49,9,2,9,2
FS L ur R dl DR UR,2,13,49,9,2,11,3
FS L ur R dl UR DR,2,13,49,9,2,11,3
FS L ur R DR dl UR,2,13,49,9,2,11,3
FS L ur R UR dl DR,2,13,49,9,2,11,3
FS R dl L ur DR UR,2,13,49,9,2,11,3
FS R dl L ur UR DR,2,13,49,9,2,13,4
FS R dl L UR ur DR,2,13,49,9,2,15,4
FS R dl ur L DR UR,2,13,49,9,2,11,3
FS R dl ur L UR DR,2,13,49,9,2,11,3
FS R L dl ur DR UR,2,13,49,9,2,15,4
FS R L dl ur UR DR,2,13,49,9,2,17,4
FS R L dl UR ur DR,2,13,49,9,2,17,4
FS R L ur dl DR UR,2,13,49,9,2,13,4
FS R L ur dl UR DR,2,13,49,9,2,13,4
FS R L UR dl ur DR,2,13,49,9,2,15,4
FS R L ur DR dl UR,2,13,49,9,2,13,4
FS R L ur UR dl DR,2,13,49,9,2,15,4
FS R L UR ur dl DR,2,13,49,9,2,17,4
FS R ur dl L DR UR,2,13,49,9,2,15,3
FS R ur dl L UR DR,2,13,49,9,2,15,3
FS R ur L dl DR UR,2,13,49,9,2,13,3
FS R ur L dl UR DR,2,13,49,9,2,13,3
FS R ur L DR dl UR,2,13,49,9,2,13,3
FS R ur L UR dl DR,2,13,49,9,2,13,3
FS ur dl L R DR UR,2,13,49,9,2,15,4
FS ur dl L R UR DR,2,13,49,9,2,15,4
FS ur dl R L DR UR,2,13,49,9,2,15,4
FS ur dl R L UR DR,2,13,49,9,2,15,4
FS ur L dl R DR UR,2,13,49,9,2,11,3
FS ur L dl R UR DR,2,13,49,9,2,11,3
FS ur L R dl DR UR,2,13,49,9,2,13,4
FS ur L R dl UR DR,2,13,49,9,2,13,4
FS ur L R DR dl UR,2,13,49,9,2,13,4
FS ur L R UR dl DR,2,13,49,9,2,13,4
FS ur R dl L DR UR,2,13,49,9,2,15,3
FS ur R dl L UR DR,2,13,49,9,2,15,3
FS ur R L dl DR UR,2,13,49,9,2,17,4
FS ur R L dl UR DR,2,13,49,9,2,17,4
FS ur R L DR dl UR,2,13,49,9,2,17,4
FS ur R L UR dl DR,2,13,49,9,2,17,4
L dl FS R ur DR UR,2,13,49,9,2,15,3
L dl FS R ur UR DR,2,13,49,9,2,17,4
L dl FS R UR ur DR,2,13,49,9,2,15,4
L dl FS ur R DR UR,2,13,49,9,2,15,3
L dl FS ur R UR DR,2,13,49,9,2,15,3
L dl R FS ur DR UR,2,13,49,9,2,13,3
L dl R FS ur UR DR,2,13,49,9,2,15,4
L dl R FS UR ur DR,2,13,49,9,2,13,4
L dl R ur DR FS UR,2,13,49,9,2,13,3
L dl R ur FS DR UR,2,13,49,9,2,15,3
L dl R ur FS UR DR,2,13,49,9,2,13,3
L dl ur FS R DR UR,2,13,49,9,2,13,3
L dl ur FS R UR DR,2,13,49,9,2,13,3
L dl ur R DR FS UR,2,13,49,9,2,13,3
L dl ur R FS DR UR,2,13,49,9,2,15,3
L dl ur R FS UR DR,2,13,49,9,2,13,3
L FS dl R ur DR UR,2,13,49,9,2,13,3
L FS dl R ur UR DR,2,13,49,9,2,15,4
L FS dl R UR ur DR,2,13,49,9,2,13,4
L FS dl ur R DR UR,2,13,49,9,2,13,3
L FS dl ur R UR DR,2,13,49,9,2,13,3
L FS R dl ur DR UR,2,13,49,9,2,11,2
L FS R dl ur UR DR,2,13,49,9,2,13,4
L FS R dl UR ur DR,2,13,49,9,2,13,4
L FS R ur dl DR UR,2,13,49,9,2,13,3
L FS R ur dl UR DR,2,13,49,9,2,13,3
L FS R UR dl ur DR,2,13,49,9,2,11,2
L FS R ur DR dl UR,2,13,49,9,2,13,3
L FS R ur UR dl DR,2,13,49,9,2,15,4
L FS R UR ur dl DR,2,13,49,9,2,13,4
L FS ur dl R DR UR,2,13,49,9,2,11,3
L FS ur dl R UR DR,2,13,49,9,2,11,3
L FS ur R dl DR UR,2,13,49,9,2,13,3
L FS ur R dl UR DR,2,13,49,9,2,13,3
L FS ur R DR dl UR,2,13,49,9,2,13,3
L FS ur R UR dl DR,2,13,49,9,2,13,3
L R dl FS ur DR UR,2,13,49,9,2,15,4
L R dl FS ur UR DR,2,13,49,9,2,17,4
L R dl FS UR ur DR,2,13,49,9,2,15,4
L R dl ur DR FS UR,2,13,49,9,2,13,4
L R dl ur FS DR UR,2,13,49,9,2,15,4
L R dl ur FS UR DR,2,13,49,9,2,13,4
L R FS dl ur DR UR,2,13,49,9,2,15,4
L R FS dl ur UR DR,2,13,49,9,2,17,4
L R FS dl UR ur DR,2,13,49,9,2,17,4
L R FS ur dl DR UR,2,13,49,9,2,15,4
L R FS ur dl UR DR,2,13,49,9,2,15,4
L R FS UR dl ur DR,2,13,49,9,2,13,4
L R FS ur DR dl UR,2,13,49,9,2,15,4
L R FS ur UR dl DR,2,13,49,9,2,17,4
L R FS UR ur dl DR,2,13,49,9,2,15,4
L R ur dl DR FS UR,2,13,49,9,2,15,4
L R ur dl FS DR UR,2,13,49,9,2,17,4
L R ur dl FS UR DR,2,13,49,9,2,15,4
L R ur DR dl FS UR,2,13,49,9,2,15,4
L R ur DR FS dl UR,2,13,49,9,2,17,4
L R ur FS dl DR UR,2,13,49,9,2,17,4
L R ur FS dl UR DR,2,13,49,9,2,17,4
L R ur FS DR dl UR,2,13,49,9,2,17,4
L R ur FS UR dl DR,2,13,49,9,2,15,4
L ur dl FS R DR UR,2,13,49,9,2,11,3
L ur dl FS R UR DR,2,13,49,9,2,11,3
L ur dl R DR FS UR,2,13,49,9,2,9,3
L ur dl R FS DR UR,2,13,49,9,2,11,3
L ur dl R FS UR DR,2,13,49,9,2,9,2
L ur FS dl R DR UR,2,13,49,9,2,11,3
L ur FS dl R UR DR,2,13,49,9,2,11,3
L ur FS R dl DR UR,2,13,49,9,2,11,3
L ur FS R dl UR DR,2,13,49,9,2,11,3
L ur FS R DR dl UR,2,13,49,9,2,11,3
L ur FS R UR dl DR,2,13,49,9,2,11,3
L ur R dl DR FS UR,2,13,49,9,2,11,3
L ur R dl FS DR UR,2,13,49,9,2,13,3
L ur R dl FS UR DR,2,13,49,9,2,11,3
L ur R DR dl FS UR,2,13,49,9,2,11,3
L ur R DR FS dl UR,2,13,49,9,2,13,3
L ur R FS dl DR UR,2,13,49,9,2,13,3
L ur R FS dl UR DR,2,13,49,9,2,13,3
L ur R FS DR dl UR,2,13,49,9,2,13,3
L ur R FS UR dl DR,2,13,49,9,2,11,3
R dl FS L ur DR UR,2,13,49,9,2,11,3
R dl FS L ur UR DR,2,13,49,9,2,13,4
R dl FS L UR ur DR,2,13,49,9,2,15,4
R dl FS ur L DR UR,2,13,49,9,2,13,3
R dl FS ur L UR DR,2,13,49,9,2,13,3
R dl L FS ur DR UR,2,13,49,9,2,13,3
R dl L FS ur UR DR,2,13,49,9,2,15,4
R dl L FS UR ur DR,2,13,49,9,2,13,4
R dl L ur DR FS UR,2,13,49,9,2,11,3
R dl L ur FS DR UR,2,13,49,9,2,13,3
R dl L ur FS UR DR,2,13,49,9,2,11,3
R dl ur FS L DR UR,2,13,49,9,2,13,3
R dl ur FS L UR DR,2,13,49,9,2,13,3
R dl ur L DR FS UR,2,13,49,9,2,11,3
R dl ur L FS DR UR,2,13,49,9,2,11,3
R dl ur L FS UR DR,2,13,49,9,2,9,2
R FS dl L ur DR UR,2,13,49,9,2,13,3
R FS dl L ur UR DR,2,13,49,9,2,15,4
R FS dl L UR ur DR,2,13,49,9,2,17,4
R FS dl ur L DR UR,2,13,49,9,2,13,3
R FS dl ur L UR DR,2,13,49,9,2,13,3
R FS L dl ur DR UR,2,13,49,9,2,13,3
R FS L dl ur UR DR,2,13,49,9,2,15,4
R FS L dl UR ur DR,2,13,49,9,2,15,4
R FS L ur dl DR UR,2,13,49,9,2,11,2
R FS L ur dl UR DR,2,13,49,9,2,11,2
R FS L UR dl ur DR,2,13,49,9,2,13,3
R FS L ur DR dl UR,2,13,49,9,2,11,2
R FS L ur UR dl DR,2,13,49,9,2,13,4
R FS L UR ur dl DR,2,13,49,9,2,15,4
R FS ur dl L DR UR,2,13,49,9,2,15,3
R FS ur dl L UR DR,2,13,49,9,2,15,3
R FS ur L dl DR UR,2,13,49,9,2,13,3
R FS ur L dl UR DR,2,13,49,9,2,13,3
R FS ur L DR dl UR,2,13,49,9,2,13,3
R FS ur L UR dl DR,2,13,49,9,2,13,3
R L dl FS ur DR UR,2,13,49,9,2,17,4
R L dl FS ur UR DR,2,13,49,9,2,19,4
R L dl FS UR ur DR,2,13,49,9,2,17,4
R L dl ur DR FS UR,2,13,49,9,2,15,4
R L dl ur FS DR UR,2,13,49,9,2,17,4
R L dl ur FS UR DR,2,13,49,9,2,15,4
R L FS dl ur DR UR,2,13,49,9,2,15,4
R L FS dl ur UR DR,2,13,49,9,2,17,4
R L FS dl UR ur DR,2,13,49,9,2,17,4
R L FS ur dl DR UR,2,13,49,9,2,15,4
R L FS ur dl UR DR,2,13,49,9,2,15,4
R L FS UR dl ur DR,2,13,49,9,2,13,4
R L FS ur DR dl UR,2,13,49,9,2,15,4
R L FS ur UR dl DR,2,13,49,9,2,17,4
R L FS UR ur dl DR,2,13,49,9,2,15,4
R L ur dl DR FS UR,2,13,49,9,2,13,4
R L ur dl FS DR UR,2,13,49,9,2,15,4
R L ur dl FS UR DR,2,13,49,9,2,13,4
R L ur DR dl FS UR,2,13,49,9,2,13,4
R L ur DR FS dl UR,2,13,49,9,2,15,4
R L ur FS dl DR UR,2,13,49,9,2,15,4
R L ur FS dl UR DR,2,13,49,9,2,15,4
R L ur FS DR dl UR,2,13,49,9,2,15,4
R L ur FS UR dl DR,2,13,49,9,2,13,4
R ur dl FS L DR UR,2,13,49,9,2,15,3
R ur dl FS L UR DR,2,13,49,9,2,15,3
R ur dl L DR FS UR,2,13,49,9,2,15,3
R ur dl L FS DR UR,2,13,49,9,2,15,3
R ur dl L FS UR DR,2,13,49,9,2,13,3
R ur FS dl L DR UR,2,13,49,9,2,17,3
R ur FS dl L UR DR,2,13,49,9,2,17,3
R ur FS L dl DR UR,2,13,49,9,2,15,3
R ur FS L dl UR DR,2,13,49,9,2,15,3
R ur FS L DR dl UR,2,13,49,9,2,15,3
R ur FS L UR dl DR,2,13,49,9,2,15,3
R ur L dl DR FS UR,2,13,49,9,2,13,3
R ur L dl FS DR UR,2,13,49,9,2,15,3
R ur L dl FS UR DR,2,13,49,9,2,13,3
R ur L DR dl FS UR,2,13,49,9,2,13,3
R ur L DR FS dl UR,2,13,49,9,2,15,3
R ur L FS dl DR UR,2,13,49,9,2,13,3
R ur L FS dl UR DR,2,13,49,9,2,13,3
R ur L FS DR dl UR,2,13,49,9,2,13,3
R ur L FS UR dl DR,2,13,49,9,2,11,3
ur dl FS L R DR UR,2,13,49,9,2,14,4
ur dl FS L R UR DR,2,13,49,9,2,14,4
ur dl FS R L DR UR,2,13,49,9,2,16,4
ur dl FS R L UR DR,2,13,49,9,2,16,4
ur dl L FS R DR UR,2,13,49,9,2,12,3
ur dl L FS R UR DR,2,13,49,9,2,12,3
ur dl L R DR FS UR,2,13,49,9,2,14,4
ur dl L R FS DR UR,2,13,49,9,2,16,4
ur dl L R FS UR DR,2,13,49,9,2,14,4
ur dl R FS L DR UR,2,13,49,9,2,12,3
ur dl R FS L UR DR,2,13,49,9,2,12,3
ur dl R L DR FS UR,2,13,49,9,2,14,4
ur dl R L FS DR UR,2,13,49,9,2,14,4
ur dl R L FS UR DR,2,13,49,9,2,12,4
ur FS dl L R DR UR,2,13,49,9,2,16,4
ur FS dl L R UR DR,2,13,49,9,2,16,4
ur FS dl R L DR UR,2,13,49,9,2,16,4
ur FS dl R L UR DR,2,13,49,9,2,16,4
ur FS L dl R DR UR,2,13,49,9,2,12,3
ur FS L dl R UR DR,2,13,49,9,2,12,3
ur FS L R dl DR UR,2,13,49,9,2,14,4
ur FS L R dl UR DR,2,13,49,9,2,14,4
ur FS L R DR dl UR,2,13,49,9,2,14,4
ur FS L R UR dl DR,2,13,49,9,2,14,4
ur FS R dl L DR UR,2,13,49,9,2,14,3
ur FS R dl L UR DR,2,13,49,9,2,14,3
ur FS R L dl DR UR,2,13,49,9,2,16,4
ur FS R L dl UR DR,2,13,49,9,2,16,4
ur FS R L DR dl UR,2,13,49,9,2,16,4
ur FS R L UR dl DR,2,13,49,9,2,16,4
ur L dl FS R DR UR,2,13,49,9,2,12,3
ur L dl FS R UR DR,2,13,49,9,2,12,3
ur L dl R DR FS UR,2,13,49,9,2,10,3
ur L dl R FS DR UR,2,13,49,9,2,12,3
ur L dl R FS UR DR,2,13,49,9,2,10,3
ur L FS dl R DR UR,2,13,49,9,2,10,3
ur L FS dl R UR DR,2,13,49,9,2,10,3
ur L FS R dl DR UR,2,13,49,9,2,10,2
ur L FS R dl UR DR,2,13,49,9,2,10,2
ur L FS R DR dl UR,2,13,49,9,2,10,2
ur L FS R UR dl DR,2,13,49,9,2,10,2
ur L R dl DR FS UR,2,13,49,9,2,12,4
ur L R dl FS DR UR,2,13,49,9,2,14,4
ur L R dl FS UR DR,2,13,49,9,2,12,4
ur L R DR dl FS UR,2,13,49,9,2,12,4
ur L R DR FS dl UR,2,13,49,9,2,14,4
ur L R FS dl DR UR,2,13,49,9,2,14,4
ur L R FS dl UR DR,2,13,49,9,2,14,4
ur L R FS DR dl UR,2,13,49,9,2,14,4
ur L R FS UR dl DR,2,13,49,9,2,12,4
ur R dl FS L DR UR,2,13,49,9,2,14,3
ur R dl FS L UR DR,2,13,49,9,2,14,3
ur R dl L DR FS UR,2,13,49,9,2,14,3
ur R dl L FS DR UR,2,13,49,9,2,14,3
ur R dl L FS UR DR,2,13,49,9,2,12,3
ur R FS dl L DR UR,2,13,49,9,2,16,3
ur R FS dl L UR DR,2,13,49,9,2,16,3
ur R FS L dl DR UR,2,13,49,9,2,14,3
ur R FS L dl UR DR,2,13,49,9,2,14,3
ur R FS L DR dl UR,2,13,49,9,2,14,3
ur R FS L UR dl DR,2,13,49,9,2,14,3
ur R L dl DR FS UR,2,13,49,9,2,16,4
ur R L dl FS DR UR,2,13,49,9,2,18,4
ur R L dl FS UR DR,2,13,49,9,2,16,4
ur R L DR dl FS UR,2,13,49,9,2,16,4
ur R L DR FS dl UR,2,13,49,9,2,18,4
ur R L FS dl DR UR,2,13,49,9,2,16,4
ur R L FS dl UR DR,2,13,49,9,2,16,4
ur R L FS DR dl UR,2,13,49,9,2,16,4
ur R L FS UR dl DR,2,13,49,9,2,14,4
dl DR FS UR L R ur,2,14,50,6,2,16,4
dl DR FS UR R L ur,2,14,50,6,2,12,4
dl DR UR FS L R ur,2,14,50,6,2,14,4
dl DR UR FS R L ur,2,14,50,6,2,12,4
dl DR UR R FS L ur,2,14,50,6,2,10,2
dl FS DR UR L R ur,2,14,50,6,2,18,4
dl FS DR UR R L ur,2,14,50,6,2,14,4
dl FS UR DR L R ur,2,14,50,6,2,16,4
dl FS UR DR R L ur,2,14,50,6,2,12,4
dl FS UR L DR R ur,2,14,50,6,2,14,3
dl UR DR FS L R ur,2,14,50,6,2,16,4
dl UR DR FS R L ur,2,14,50,6,2,14,4
dl UR DR R FS L ur,2,14,50,6,2,10,2
dl UR FS DR L R ur,2,14,50,6,2,16,4
dl UR FS DR R L ur,2,14,50,6,2,12,4
dl UR FS L DR R ur,2,14,50,6,2,12,3
DR dl FS UR L R ur,2,14,50,6,2,16,4
DR dl FS UR R L ur,2,14,50,6,2,12,4
DR dl UR FS L R ur,2,14,50,6,2,14,4
DR dl UR FS R L ur,2,14,50,6,2,12,4
DR dl UR R FS L ur,2,14,50,6,2,10,2
DR FS dl UR L R ur,2,14,50,6,2,18,4
DR FS dl UR R L ur,2,14,50,6,2,14,4
DR FS UR dl L R ur,2,14,50,6,2,16,4
DR FS UR dl R L ur,2,14,50,6,2,12,4
DR FS UR L dl R ur,2,14,50,6,2,14,3
DR FS UR L R dl ur,2,14,50,6,2,14,4
DR FS UR R dl L ur,2,14,50,6,2,10,3
DR FS UR R L dl ur,2,14,50,6,2,14,4
DR UR dl FS L R ur,2,14,50,6,2,16,4
DR UR dl FS R L ur,2,14,50,6,2,14,4
DR UR dl R FS L ur,2,14,50,6,2,10,2
DR UR FS dl L R ur,2,14,50,6,2,16,4
DR UR FS dl R L ur,2,14,50,6,2,12,4
DR UR FS L dl R ur,2,14,50,6,2,12,3
DR UR FS L R dl ur,2,14,50,6,2,12,4
DR UR FS R dl L ur,2,14,50,6,2,10,3
DR UR FS R L dl ur,2,14,50,6,2,14,4
FS dl DR UR L R ur,2,14,50,6,2,17,4
FS dl DR UR R L ur,2,14,50,6,2,13,4
FS dl UR DR L R ur,2,14,50,6,2,17,4
FS dl UR DR R L ur,2,14,50,6,2,13,4
FS dl UR L DR R ur,2,14,50,6,2,15,3
FS DR dl UR L R ur,2,14,50,6,2,17,4
FS DR dl UR R L ur,2,14,50,6,2,13,4
FS DR UR dl L R ur,2,14,50,6,2,17,4
FS DR UR dl R L ur,2,14,50,6,2,13,4
FS DR UR L dl R ur,2,14,50,6,2,15,3
FS DR UR L R dl ur,2,14,50,6,2,15,4
FS DR UR R dl L ur,2,14,50,6,2,11,3
FS DR UR R L dl ur,2,14,50,6,2,15,4
FS UR dl DR L R ur,2,14,50,6,2,15,4
FS UR dl DR R L ur,2,14,50,6,2,11,4
FS UR dl L DR R ur,2,14,50,6,2,13,3
FS UR DR dl L R ur,2,14,50,6,2,15,4
FS UR DR dl R L ur,2,14,50,6,2,11,4
FS UR DR L dl R ur,2,14,50,6,2,13,3
FS UR DR L R dl ur,2,14,50,6,2,13,4
FS UR DR R dl L ur,2,14,50,6,2,9,3
FS UR DR R L dl ur,2,14,50,6,2,13,4
FS UR L dl DR R ur,2,14,50,6,2,13,3
FS UR L DR dl R ur,2,14,50,6,2,13,3
FS UR L DR R dl ur,2,14,50,6,2,11,3
UR dl DR FS L R ur,2,14,50,6,2,16,4
UR dl DR FS R L ur,2,14,50,6,2,14,4
UR dl DR R FS L ur,2,14,50,6,2,10,2
UR dl FS DR L R ur,2,14,50,6,2,18,4
UR dl FS DR R L ur,2,14,50,6,2,14,4
UR dl FS L DR R ur,2,14,50,6,2,14,3
UR DR dl FS L R ur,2,14,50,6,2,16,4
UR DR dl FS R L ur,2,14,50,6,2,14,4
UR DR dl R FS L ur,2,14,50,6,2,10,2
UR DR FS dl L R ur,2,14,50,6,2,18,4
UR DR FS dl R L ur,2,14,50,6,2,14,4
UR DR FS L dl R ur,2,14,50,6,2,14,3
UR DR FS L R dl ur,2,14,50,6,2,14,4
UR DR FS R dl L ur,2,14,50,6,2,12,3
UR DR FS R L dl ur,2,14,50,6,2,16,4
UR FS dl DR L R ur,2,14,50,6,2,16,4
UR FS dl DR R L ur,2,14,50,6,2,12,4
UR FS dl L DR R ur,2,14,50,6,2,14,3
UR FS DR dl L R ur,2,14,50,6,2,16,4
UR FS DR dl R L ur,2,14,50,6,2,12,4
UR FS DR L dl R ur,2,14,50,6,2,14,3
UR FS DR L R dl ur,2,14,50,6,2,14,4
UR FS DR R dl L ur,2,14,50,6,2,10,3
UR FS DR R L dl ur,2,14,50,6,2,14,4
UR FS L dl DR R ur,2,14,50,6,2,12,3
UR FS L DR dl R ur,2,14,50,6,2,12,3
UR FS L DR R dl ur,2,14,50,6,2,10,3
dl DR ur L UR R FS,2,14,51,6,2,11,3
dl DR UR R ur L FS,2,14,51,6,2,11,3
dl DR ur UR L R FS,2,14,51,6,2,17,4
dl DR UR ur L R FS,2,14,51,6,2,15,4
dl DR ur UR R L FS,2,14,51,6,2,15,4
dl DR UR ur R L FS,2,14,51,6,2,17,4
dl ur DR L UR R FS,2,14,51,6,2,13,3
dl UR DR R ur L FS,2,14,51,6,2,11,3
dl ur DR UR L R FS,2,14,51,6,2,15,4
dl UR DR ur L R FS,2,14,51,6,2,13,4
dl ur DR UR R L FS,2,14,51,6,2,13,4
dl UR DR ur R L FS,2,14,51,6,2,15,4
dl ur UR DR L R FS,2,14,51,6,2,17,4
dl UR ur DR L R FS,2,14,51,6,2,17,4
dl ur UR DR R L FS,2,14,51,6,2,15,4
dl UR ur DR R L FS,2,14,51,6,2,15,4
DR dl ur L UR R FS,2,14,51,6,2,11,3
DR dl UR R ur L FS,2,14,51,6,2,11,3
DR dl ur UR L R FS,2,14,51,6,2,17,4
DR dl UR ur L R FS,2,14,51,6,2,15,4
DR dl ur UR R L FS,2,14,51,6,2,15,4
DR dl UR ur R L FS,2,14,51,6,2,17,4
DR ur dl L UR R FS,2,14,51,6,2,13,3
DR UR dl R ur L FS,2,14,51,6,2,11,3
DR ur dl UR L R FS,2,14,51,6,2,15,4
DR UR dl ur L R FS,2,14,51,6,2,13,4
DR ur dl UR R L FS,2,14,51,6,2,13,4
DR UR dl ur R L FS,2,14,51,6,2,15,4
DR ur L dl UR R FS,2,14,51,6,2,11,3
DR ur L UR dl R FS,2,14,51,6,2,11,3
DR ur UR dl L R FS,2,14,51,6,2,17,4
DR UR ur dl L R FS,2,14,51,6,2,17,4
DR ur UR dl R L FS,2,14,51,6,2,15,4
DR UR ur dl R L FS,2,14,51,6,2,15,4
DR ur UR L dl R FS,2,14,51,6,2,15,4
DR UR ur L dl R FS,2,14,51,6,2,13,4
ur dl DR L UR R FS,2,14,51,6,2,13,3
UR dl DR R ur L FS,2,14,51,6,2,11,3
ur dl DR UR L R FS,2,14,51,6,2,15,4
UR dl DR ur L R FS,2,14,51,6,2,13,4
ur dl DR UR R L FS,2,14,51,6,2,13,4
UR dl DR ur R L FS,2,14,51,6,2,15,4
ur dl UR DR L R FS,2,14,51,6,2,15,4
UR dl ur DR L R FS,2,14,51,6,2,15,4
ur dl UR DR R L FS,2,14,51,6,2,13,4
UR dl ur DR R L FS,2,14,51,6,2,13,4
ur DR dl L UR R FS,2,14,51,6,2,13,3
UR DR dl R ur L FS,2,14,51,6,2,11,3
ur DR dl UR L R FS,2,14,51,6,2,15,4
UR DR dl ur L R FS,2,14,51,6,2,13,4
ur DR dl UR R L FS,2,14,51,6,2,13,4
UR DR dl ur R L FS,2,14,51,6,2,15,4
ur DR L dl UR R FS,2,14,51,6,2,13,3
ur DR L UR dl R FS,2,14,51,6,2,13,3
ur DR UR dl L R FS,2,14,51,6,2,15,4
UR DR ur dl L R FS,2,14,51,6,2,15,4
ur DR UR dl R L FS,2,14,51,6,2,13,4
UR DR ur dl R L FS,2,14,51,6,2,13,4
ur DR UR L dl R FS,2,14,51,6,2,13,3
UR DR ur L dl R FS,2,14,51,6,2,11,3
ur UR dl DR L R FS,2,14,51,6,2,17,4
UR ur dl DR L R FS,2,14,51,6,2,17,4
ur UR dl DR R L FS,2,14,51,6,2,15,4
UR ur dl DR R L FS,2,14,51,6,2,15,4
ur UR DR dl L R FS,2,14,51,6,2,17,4
UR ur DR dl L R FS,2,14,51,6,2,17,4
ur UR DR dl R L FS,2,14,51,6,2,15,4
UR ur DR dl R L FS,2,14,51,6,2,15,4
ur UR DR L dl R FS,2,14,51,6,2,15,4
UR ur DR L dl R FS,2,14,51,6,2,15,4
dl DR FS ur L UR R,2,13,51,7,2,13,3
dl DR ur FS L UR R,2,13,51,7,2,13,3
dl DR ur L FS UR R,2,13,51,7,2,9,2
dl FS DR ur L UR R,2,13,51,7,2,13,3
dl FS ur DR L UR R,2,13,51,7,2,15,3
dl ur DR FS L UR R,2,13,51,7,2,13,3
dl ur DR L FS UR R,2,13,51,7,2,11,3
dl ur FS DR L UR R,2,13,51,7,2,15,3
DR dl FS ur L UR R,2,13,51,7,2,13,3
DR dl ur FS L UR R,2,13,51,7,2,13,3
DR dl ur L FS UR R,2,13,51,7,2,9,2
DR FS dl ur L UR R,2,13,51,7,2,13,3
DR FS ur dl L UR R,2,13,51,7,2,15,3
DR FS ur L dl UR R,2,13,51,7,2,13,3
DR FS ur L UR dl R,2,13,51,7,2,13,3
DR ur dl FS L UR R,2,13,51,7,2,13,3
DR ur dl L FS UR R,2,13,51,7,2,11,3
DR ur FS dl L UR R,2,13,51,7,2,15,3
DR ur FS L dl UR R,2,13,51,7,2,13,3
DR ur FS L UR dl R,2,13,51,7,2,13,3
DR ur L dl FS UR R,2,13,51,7,2,11,3
DR ur L FS dl UR R,2,13,51,7,2,11,3
DR ur L FS UR dl R,2,13,51,7,2,9,2
FS dl DR ur L UR R,2,13,51,7,2,12,3
FS dl ur DR L UR R,2,13,51,7,2,14,3
FS DR dl ur L UR R,2,13,51,7,2,12,3
FS DR ur dl L UR R,2,13,51,7,2,14,3
FS DR ur L dl UR R,2,13,51,7,2,12,3
FS DR ur L UR dl R,2,13,51,7,2,12,3
FS ur dl DR L UR R,2,13,51,7,2,14,3
FS ur DR dl L UR R,2,13,51,7,2,14,3
FS ur DR L dl UR R,2,13,51,7,2,14,3
FS ur DR L UR dl R,2,13,51,7,2,14,3
ur dl DR FS L UR R,2,13,51,7,2,13,3
ur dl DR L FS UR R,2,13,51,7,2,11,3
ur dl FS DR L UR R,2,13,51,7,2,15,3
ur DR dl FS L UR R,2,13,51,7,2,13,3
ur DR dl L FS UR R,2,13,51,7,2,11,3
ur DR FS dl L UR R,2,13,51,7,2,15,3
ur DR FS L dl UR R,2,13,51,7,2,13,3
ur DR FS L UR dl R,2,13,51,7,2,13,3
ur DR L dl FS UR R,2,13,51,7,2,13,3
ur DR L FS dl UR R,2,13,51,7,2,13,3
ur DR L FS UR dl R,2,13,51,7,2,11,3
ur FS dl DR L UR R,2,13,51,7,2,15,3
ur FS DR dl L UR R,2,13,51,7,2,15,3
ur FS DR L dl UR R,2,13,51,7,2,15,3
ur FS DR L UR dl R,2,13,51,7,2,15,3
L R ur DR UR FS dl,2,14,51,8,2,15,4
L R UR FS DR ur dl,2,14,51,8,2,13,4
L R UR FS ur DR dl,2,14,51,8,2,13,4
L R ur UR DR FS dl,2,14,51,8,2,19,4
L R UR ur DR FS dl,2,14,51,8,2,17,4
L R ur UR FS DR dl,2,14,51,8,2,17,4
L R UR ur FS DR dl,2,14,51,8,2,17,4
L ur R DR UR FS dl,2,14,51,8,2,11,3
L ur R UR DR FS dl,2,14,51,8,2,13,3
L ur R UR FS DR dl,2,14,51,8,2,11,3
R L ur DR UR FS dl,2,14,51,8,2,13,4
R L UR FS DR ur dl,2,14,51,8,2,15,4
R L UR FS ur DR dl,2,14,51,8,2,15,4
R L ur UR DR FS dl,2,14,51,8,2,17,4
R L UR ur DR FS dl,2,14,51,8,2,19,4
R L ur UR FS DR dl,2,14,51,8,2,15,4
R L UR ur FS DR dl,2,14,51,8,2,19,4
R ur L DR UR FS dl,2,14,51,8,2,13,3
R UR L FS DR ur dl,2,14,51,8,2,13,3
R UR L FS ur DR dl,2,14,51,8,2,13,3
R ur L UR DR FS dl,2,14,51,8,2,15,3
R UR L ur DR FS dl,2,14,51,8,2,13,3
R ur L UR FS DR dl,2,14,51,8,2,13,3
R UR L ur FS DR dl,2,14,51,8,2,13,3
R ur UR L DR FS dl,2,14,51,8,2,19,4
R UR ur L DR FS dl,2,14,51,8,2,15,4
R ur UR L FS DR dl,2,14,51,8,2,17,4
R UR ur L FS DR dl,2,14,51,8,2,13,4
ur L R DR UR FS dl,2,14,51,8,2,12,4
ur L R UR DR FS dl,2,14,51,8,2,14,4
ur L R UR FS DR dl,2,14,51,8,2,12,4
ur R L DR UR FS dl,2,14,51,8,2,16,4
ur R L UR DR FS dl,2,14,51,8,2,18,4
ur R L UR FS DR dl,2,14,51,8,2,16,4
ur R UR L DR FS dl,2,14,51,8,2,16,3
ur R UR L FS DR dl,2,14,51,8,2,14,3
dl DR L UR FS R ur,2,14,52,7,2,14,3
dl DR L UR R FS ur,2,14,52,7,2,14,3
dl DR UR L FS R ur,2,14,52,7,2,14,3
dl DR UR L R FS ur,2,14,52,7,2,16,4
dl DR UR R L FS ur,2,14,52,7,2,14,4
dl L DR UR FS R ur,2,14,52,7,2,14,3
dl L DR UR R FS ur,2,14,52,7,2,14,3
dl L UR DR FS R ur,2,14,52,7,2,16,3
dl L UR DR R FS ur,2,14,52,7,2,14,3
dl L UR FS DR R ur,2,14,52,7,2,14,3
dl UR DR L FS R ur,2,14,52,7,2,14,3
dl UR DR L R FS ur,2,14,52,7,2,16,4
dl UR DR R L FS ur,2,14,52,7,2,14,4
dl UR L DR FS R ur,2,14,52,7,2,16,3
dl UR L DR R FS ur,2,14,52,7,2,14,3
dl UR L FS DR R ur,2,14,52,7,2,14,3
DR dl L UR FS R ur,2,14,52,7,2,14,3
DR dl L UR R FS ur,2,14,52,7,2,14,3
DR dl UR L FS R ur,2,14,52,7,2,14,3
DR dl UR L R FS ur,2,14,52,7,2,16,4
DR dl UR R L FS ur,2,14,52,7,2,14,4
DR L dl UR FS R ur,2,14,52,7,2,14,3
DR L dl UR R FS ur,2,14,52,7,2,14,3
DR L UR dl FS R ur,2,14,52,7,2,16,3
DR L UR dl R FS ur,2,14,52,7,2,14,3
DR L UR FS dl R ur,2,14,52,7,2,14,3
DR L UR FS R dl ur,2,14,52,7,2,12,3
DR R UR dl FS L ur,2,14,52,7,2,10,3
DR R UR FS dl L ur,2,14,52,7,2,10,3
DR R UR FS L dl ur,2,14,52,7,2,10,3
DR UR dl L FS R ur,2,14,52,7,2,14,3
DR UR dl L R FS ur,2,14,52,7,2,16,4
DR UR dl R L FS ur,2,14,52,7,2,14,4
DR UR L dl FS R ur,2,14,52,7,2,16,3
DR UR L dl R FS ur,2,14,52,7,2,14,3
DR UR L FS dl R ur,2,14,52,7,2,14,3
DR UR L FS R dl ur,2,14,52,7,2,12,3
DR UR R dl FS L ur,2,14,52,7,2,10,3
DR UR R FS dl L ur,2,14,52,7,2,12,3
DR UR R FS L dl ur,2,14,52,7,2,12,3
L dl DR UR FS R ur,2,14,52,7,2,13,3
L dl DR UR R FS ur,2,14,52,7,2,13,3
L dl UR DR FS R ur,2,14,52,7,2,15,3
L dl UR DR R FS ur,2,14,52,7,2,13,3
L dl UR FS DR R ur,2,14,52,7,2,13,3
L DR dl UR FS R ur,2,14,52,7,2,13,3
L DR dl UR R FS ur,2,14,52,7,2,13,3
L DR UR dl FS R ur,2,14,52,7,2,15,3
L DR UR dl R FS ur,2,14,52,7,2,13,3
L DR UR FS dl R ur,2,14,52,7,2,13,3
L DR UR FS R dl ur,2,14,52,7,2,11,3
L UR dl DR FS R ur,2,14,52,7,2,15,3
L UR dl DR R FS ur,2,14,52,7,2,13,3
L UR dl FS DR R ur,2,14,52,7,2,15,3
L UR DR dl FS R ur,2,14,52,7,2,15,3
L UR DR dl R FS ur,2,14,52,7,2,13,3
L UR DR FS dl R ur,2,14,52,7,2,15,3
L UR DR FS R dl ur,2,14,52,7,2,13,3
L UR FS dl DR R ur,2,14,52,7,2,13,3
L UR FS DR dl R ur,2,14,52,7,2,13,3
L UR FS DR R dl ur,2,14,52,7,2,11,3
UR dl DR L FS R ur,2,14,52,7,2,14,3
UR dl DR L R FS ur,2,14,52,7,2,16,4
UR dl DR R L FS ur,2,14,52,7,2,14,4
UR dl L DR FS R ur,2,14,52,7,2,16,3
UR dl L DR R FS ur,2,14,52,7,2,14,3
UR dl L FS DR R ur,2,14,52,7,2,14,3
UR DR dl L FS R ur,2,14,52,7,2,14,3
UR DR dl L R FS ur,2,14,52,7,2,16,4
UR DR dl R L FS ur,2,14,52,7,2,14,4
UR DR L dl FS R ur,2,14,52,7,2,16,3
UR DR L dl R FS ur,2,14,52,7,2,14,3
UR DR L FS dl R ur,2,14,52,7,2,14,3
UR DR L FS R dl ur,2,14,52,7,2,12,3
UR DR R dl FS L ur,2,14,52,7,2,10,3
UR DR R FS dl L ur,2,14,52,7,2,12,3
UR DR R FS L dl ur,2,14,52,7,2,12,3
UR L dl DR FS R ur,2,14,52,7,2,16,3
UR L dl DR R FS ur,2,14,52,7,2,14,3
UR L dl FS DR R ur,2,14,52,7,2,16,3
UR L DR dl FS R ur,2,14,52,7,2,16,3
UR L DR dl R FS ur,2,14,52,7,2,14,3
UR L DR FS dl R ur,2,14,52,7,2,16,3
UR L DR FS R dl ur,2,14,52,7,2,14,3
UR L FS dl DR R ur,2,14,52,7,2,14,3
UR L FS DR dl R ur,2,14,52,7,2,14,3
UR L FS DR R dl ur,2,14,52,7,2,12,3
UR R DR dl FS L ur,2,14,52,7,2,10,3
UR R DR FS dl L ur,2,14,52,7,2,12,3
UR R DR FS L dl ur,2,14,52,7,2,12,3
DR FS UR L R ur dl,2,14,53,6,2,16,4
DR FS UR L ur R dl,2,14,53,6,2,12,3
DR FS UR R L ur dl,2,14,53,6,2,12,4
DR FS UR R ur L dl,2,14,53,6,2,12,3
DR FS ur UR L R dl,2,14,53,6,2,18,4
DR FS UR ur L R dl,2,14,53,6,2,14,4
DR FS ur UR R L dl,2,14,53,6,2,18,4
DR FS UR ur R L dl,2,14,53,6,2,18,4
DR UR FS L R ur dl,2,14,53,6,2,14,4
DR UR FS L ur R dl,2,14,53,6,2,10,3
DR UR FS R L ur dl,2,14,53,6,2,12,4
DR UR FS R ur L dl,2,14,53,6,2,12,3
DR ur FS UR L R dl,2,14,53,6,2,14,4
DR UR FS ur L R dl,2,14,53,6,2,12,4
DR ur FS UR R L dl,2,14,53,6,2,14,4
DR UR FS ur R L dl,2,14,53,6,2,16,4
DR ur L UR FS R dl,2,14,53,6,2,10,3
DR ur UR FS L R dl,2,14,53,6,2,14,4
DR UR ur FS L R dl,2,14,53,6,2,16,4
DR ur UR FS R L dl,2,14,53,6,2,16,4
DR UR ur FS R L dl,2,14,53,6,2,18,4
DR ur UR L FS R dl,2,14,53,6,2,14,4
DR UR ur L FS R dl,2,14,53,6,2,12,4
FS DR UR L R ur dl,2,14,53,6,2,17,4
FS DR UR L ur R dl,2,14,53,6,2,13,3
FS DR UR R L ur dl,2,14,53,6,2,13,4
FS DR UR R ur L dl,2,14,53,6,2,13,3
FS DR ur UR L R dl,2,14,53,6,2,17,4
FS DR UR ur L R dl,2,14,53,6,2,15,4
FS DR ur UR R L dl,2,14,53,6,2,17,4
FS DR UR ur R L dl,2,14,53,6,2,19,4
FS UR DR L R ur dl,2,14,53,6,2,15,4
FS UR DR L ur R dl,2,14,53,6,2,11,3
FS UR DR R L ur dl,2,14,53,6,2,11,4
FS UR DR R ur L dl,2,14,53,6,2,11,3
FS ur DR UR L R dl,2,14,53,6,2,15,4
FS UR DR ur L R dl,2,14,53,6,2,11,4
FS ur DR UR R L dl,2,14,53,6,2,15,4
FS UR DR ur R L dl,2,14,53,6,2,15,4
FS UR L DR R ur dl,2,14,53,6,2,13,3
FS UR L DR ur R dl,2,14,53,6,2,13,3
FS ur UR DR L R dl,2,14,53,6,2,17,4
FS UR ur DR L R dl,2,14,53,6,2,15,4
FS ur UR DR R L dl,2,14,53,6,2,17,4
FS UR ur DR R L dl,2,14,53,6,2,15,4
UR DR FS L R ur dl,2,14,53,6,2,16,4
UR DR FS L ur R dl,2,14,53,6,2,12,3
UR DR FS R L ur dl,2,14,53,6,2,14,4
UR DR FS R ur L dl,2,14,53,6,2,14,3
ur DR FS UR L R dl,2,14,53,6,2,14,4
UR DR FS ur L R dl,2,14,53,6,2,14,4
ur DR FS UR R L dl,2,14,53,6,2,14,4
UR DR FS ur R L dl,2,14,53,6,2,18,4
ur DR L UR FS R dl,2,14,53,6,2,12,3
ur DR UR FS L R dl,2,14,53,6,2,12,4
UR DR ur FS L R dl,2,14,53,6,2,14,4
ur DR UR FS R L dl,2,14,53,6,2,14,4
UR DR ur FS R L dl,2,14,53,6,2,16,4
ur DR UR L FS R dl,2,14,53,6,2,12,3
UR DR ur L FS R dl,2,14,53,6,2,10,2
UR FS DR L R ur dl,2,14,53,6,2,16,4
UR FS DR L ur R dl,2,14,53,6,2,12,3
UR FS DR R L ur dl,2,14,53,6,2,12,4
UR FS DR R ur L dl,2,14,53,6,2,12,3
ur FS DR UR L R dl,2,14,53,6,2,16,4
UR FS DR ur L R dl,2,14,53,6,2,12,4
ur FS DR UR R L dl,2,14,53,6,2,16,4
UR FS DR ur R L dl,2,14,53,6,2,16,4
UR FS L DR R ur dl,2,14,53,6,2,12,3
UR FS L DR ur R dl,2,14,53,6,2,12,3
ur FS UR DR L R dl,2,14,53,6,2,14,4
UR FS ur DR L R dl,2,14,53,6,2,14,4
ur FS UR DR R L dl,2,14,53,6,2,14,4
UR FS ur DR R L dl,2,14,53,6,2,14,4
ur UR DR FS L R dl,2,14,53,6,2,16,4
UR ur DR FS L R dl,2,14,53,6,2,16,4
ur UR DR FS R L dl,2,14,53,6,2,18,4
UR ur DR FS R L dl,2,14,53,6,2,18,4
ur UR DR L FS R dl,2,14,53,6,2,14,4
UR ur DR L FS R dl,2,14,53,6,2,14,4
ur UR FS DR L R dl,2,14,53,6,2,16,4
UR ur FS DR L R dl,2,14,53,6,2,18,4
ur UR FS DR R L dl,2,14,53,6,2,16,4
UR ur FS DR R L dl,2,14,53,6,2,18,4
dl DR L UR R ur FS,2,14,53,7,2,15,3
dl DR L ur UR R FS,2,14,53,7,2,13,4
dl DR L UR ur R FS,2,14,53,7,2,17,4
dl DR UR L R ur FS,2,14,53,7,2,17,4
dl DR UR L ur R FS,2,14,53,7,2,13,3
dl DR UR R L ur FS,2,14,53,7,2,13,4
dl L DR UR R ur FS,2,14,53,7,2,15,3
dl L DR ur UR R FS,2,14,53,7,2,15,4
dl L DR UR ur R FS,2,14,53,7,2,17,4
dl L UR DR R ur FS,2,14,53,7,2,15,3
dl L UR DR ur R FS,2,14,53,7,2,15,3
dl UR DR L R ur FS,2,14,53,7,2,17,4
dl UR DR L ur R FS,2,14,53,7,2,13,3
dl UR DR R L ur FS,2,14,53,7,2,13,4
dl UR L DR R ur FS,2,14,53,7,2,15,3
dl UR L DR ur R FS,2,14,53,7,2,15,3
DR dl L UR R ur FS,2,14,53,7,2,15,3
DR dl L ur UR R FS,2,14,53,7,2,13,4
DR dl L UR ur R FS,2,14,53,7,2,17,4
DR dl UR L R ur FS,2,14,53,7,2,17,4
DR dl UR L ur R FS,2,14,53,7,2,13,3
DR dl UR R L ur FS,2,14,53,7,2,13,4
DR L dl UR R ur FS,2,14,53,7,2,15,3
DR L dl ur UR R FS,2,14,53,7,2,15,4
DR L dl UR ur R FS,2,14,53,7,2,17,4
DR L UR dl R ur FS,2,14,53,7,2,15,3
DR L ur dl UR R FS,2,14,53,7,2,11,3
DR L UR dl ur R FS,2,14,53,7,2,15,3
DR L ur UR dl R FS,2,14,53,7,2,13,4
DR L UR ur dl R FS,2,14,53,7,2,15,4
DR R UR dl ur L FS,2,14,53,7,2,9,2
DR R ur L UR dl FS,2,14,53,7,2,13,3
DR R ur UR dl L FS,2,14,53,7,2,15,4
DR R UR ur dl L FS,2,14,53,7,2,13,4
DR R ur UR L dl FS,2,14,53,7,2,17,4
DR R UR ur L dl FS,2,14,53,7,2,13,4
DR UR dl L R ur FS,2,14,53,7,2,17,4
DR UR dl L ur R FS,2,14,53,7,2,13,3
DR UR dl R L ur FS,2,14,53,7,2,13,4
DR UR L dl R ur FS,2,14,53,7,2,15,3
DR UR L dl ur R FS,2,14,53,7,2,15,3
DR ur L R UR dl FS,2,14,53,7,2,13,4
DR UR L ur dl R FS,2,14,53,7,2,11,3
DR ur L UR R dl FS,2,14,53,7,2,11,3
DR UR R dl ur L FS,2,14,53,7,2,9,2
DR ur R L UR dl FS,2,14,53,7,2,17,4
DR ur R UR dl L FS,2,14,53,7,2,13,3
DR UR R ur dl L FS,2,14,53,7,2,13,3
DR ur R UR L dl FS,2,14,53,7,2,15,3
DR UR R ur L dl FS,2,14,53,7,2,13,3
DR ur UR L R dl FS,2,14,53,7,2,17,4
DR UR ur L R dl FS,2,14,53,7,2,15,4
DR ur UR R dl L FS,2,14,53,7,2,13,4
DR UR ur R dl L FS,2,14,53,7,2,15,4
DR ur UR R L dl FS,2,14,53,7,2,17,4
DR UR ur R L dl FS,2,14,53,7,2,19,4
L dl DR UR R ur FS,2,14,53,7,2,14,3
L dl DR ur UR R FS,2,14,53,7,2,14,4
L dl DR UR ur R FS,2,14,53,7,2,16,4
L dl UR DR R ur FS,2,14,53,7,2,14,3
L dl UR DR ur R FS,2,14,53,7,2,14,3
L DR dl UR R ur FS,2,14,53,7,2,14,3
L DR dl ur UR R FS,2,14,53,7,2,14,4
L DR dl UR ur R FS,2,14,53,7,2,16,4
L DR UR dl R ur FS,2,14,53,7,2,14,3
L DR ur dl UR R FS,2,14,53,7,2,12,3
L DR UR dl ur R FS,2,14,53,7,2,14,3
L DR ur UR dl R FS,2,14,53,7,2,14,4
L DR UR ur dl R FS,2,14,53,7,2,14,4
L UR dl DR R ur FS,2,14,53,7,2,14,3
L UR dl DR ur R FS,2,14,53,7,2,14,3
L UR DR dl R ur FS,2,14,53,7,2,14,3
L UR DR dl ur R FS,2,14,53,7,2,14,3
L UR DR ur dl R FS,2,14,53,7,2,12,3
UR dl DR L R ur FS,2,14,53,7,2,17,4
UR dl DR L ur R FS,2,14,53,7,2,13,3
UR dl DR R L ur FS,2,14,53,7,2,13,4
UR dl L DR R ur FS,2,14,53,7,2,15,3
UR dl L DR ur R FS,2,14,53,7,2,15,3
UR DR dl L R ur FS,2,14,53,7,2,17,4
UR DR dl L ur R FS,2,14,53,7,2,13,3
UR DR dl R L ur FS,2,14,53,7,2,13,4
UR DR L dl R ur FS,2,14,53,7,2,15,3
UR DR L dl ur R FS,2,14,53,7,2,15,3
ur DR L R UR dl FS,2,14,53,7,2,15,4
UR DR L ur dl R FS,2,14,53,7,2,11,3
ur DR L UR R dl FS,2,14,53,7,2,13,3
UR DR R dl ur L FS,2,14,53,7,2,9,2
ur DR R L UR dl FS,2,14,53,7,2,15,4
ur DR R UR dl L FS,2,14,53,7,2,11,3
UR DR R ur dl L FS,2,14,53,7,2,13,3
ur DR R UR L dl FS,2,14,53,7,2,13,3
UR DR R ur L dl FS,2,14,53,7,2,13,3
ur DR UR L R dl FS,2,14,53,7,2,15,4
UR DR ur L R dl FS,2,14,53,7,2,13,4
ur DR UR R dl L FS,2,14,53,7,2,11,3
UR DR ur R dl L FS,2,14,53,7,2,13,3
ur DR UR R L dl FS,2,14,53,7,2,15,4
UR DR ur R L dl FS,2,14,53,7,2,17,4
UR L dl DR R ur FS,2,14,53,7,2,15,3
UR L dl DR ur R FS,2,14,53,7,2,15,3
UR L DR dl R ur FS,2,14,53,7,2,15,3
UR L DR dl ur R FS,2,14,53,7,2,15,3
UR L DR ur dl R FS,2,14,53,7,2,13,3
UR R DR dl ur L FS,2,14,53,7,2,9,2
UR R DR ur dl L FS,2,14,53,7,2,11,3
UR R DR ur L dl FS,2,14,53,7,2,11,3
UR R ur DR dl L FS,2,14,53,7,2,13,3
UR R ur DR L dl FS,2,14,53,7,2,15,3
ur UR DR L R dl FS,2,14,53,7,2,17,4
UR ur DR L R dl FS,2,14,53,7,2,17,4
ur UR DR R dl L FS,2,14,53,7,2,13,4
UR ur DR R dl L FS,2,14,53,7,2,13,4
ur UR DR R L dl FS,2,14,53,7,2,17,4
UR ur DR R L dl FS,2,14,53,7,2,17,4
ur UR R DR dl L FS,2,14,53,7,2,13,4
UR ur R DR dl L FS,2,14,53,7,2,15,4
ur UR R DR L dl FS,2,14,53,7,2,15,4
UR ur R DR L dl FS,2,14,53,7,2,17,4
dl DR FS L ur UR R,2,13,53,8,2,13,4
dl DR FS L UR ur R,2,13,53,8,2,17,4
dl DR FS R ur L UR,2,13,53,8,2,14,3
dl DR FS R ur UR L,2,13,53,8,2,17,4
dl DR FS R UR ur L,2,13,53,8,2,13,4
dl DR FS ur L R UR,2,13,53,8,2,14,4
dl DR FS ur R L UR,2,13,53,8,2,18,4
dl DR FS ur R UR L,2,13,53,8,2,15,3
dl DR L FS ur UR R,2,13,53,8,2,15,4
dl DR L FS UR ur R,2,13,53,8,2,15,4
dl DR L ur FS UR R,2,13,53,8,2,11,3
dl DR R FS ur L UR,2,13,53,8,2,12,3
dl DR R FS ur UR L,2,13,53,8,2,15,4
dl DR R FS UR ur L,2,13,53,8,2,11,4
dl DR R ur FS L UR,2,13,53,8,2,14,3
dl DR R ur FS UR L,2,13,53,8,2,13,3
dl DR R UR FS ur L,2,13,53,8,2,9,3
dl DR R ur L FS UR,2,13,53,8,2,10,3
dl DR R ur UR FS L,2,13,53,8,2,13,4
dl DR R UR ur FS L,2,13,53,8,2,13,4
dl DR ur FS L R UR,2,13,53,8,2,14,4
dl DR ur FS R L UR,2,13,53,8,2,16,4
dl DR ur FS R UR L,2,13,53,8,2,13,3
dl DR ur L FS R UR,2,13,53,8,2,10,2
dl DR ur L R FS UR,2,13,53,8,2,12,4
dl DR ur R FS L UR,2,13,53,8,2,14,3
dl DR ur R FS UR L,2,13,53,8,2,13,3
dl DR ur R L FS UR,2,13,53,8,2,14,4
dl DR ur R UR FS L,2,13,53,8,2,11,3
dl FS DR L ur UR R,2,13,53,8,2,15,4
dl FS DR L UR ur R,2,13,53,8,2,19,4
dl FS DR R ur L UR,2,13,53,8,2,14,3
dl FS DR R ur UR L,2,13,53,8,2,17,4
dl FS DR R UR ur L,2,13,53,8,2,13,4
dl FS DR ur L R UR,2,13,53,8,2,14,4
dl FS DR ur R L UR,2,13,53,8,2,18,4
dl FS DR ur R UR L,2,13,53,8,2,15,3
dl FS L DR ur UR R,2,13,53,8,2,15,4
dl FS L DR UR ur R,2,13,53,8,2,17,4
dl FS L UR DR ur R,2,13,53,8,2,15,3
dl FS ur DR L R UR,2,13,53,8,2,16,4
dl FS ur DR R L UR,2,13,53,8,2,16,4
dl FS ur DR R UR L,2,13,53,8,2,13,3
dl L DR FS ur UR R,2,13,53,8,2,17,4
dl L DR FS UR ur R,2,13,53,8,2,17,4
dl L DR ur FS UR R,2,13,53,8,2,13,3
dl L FS DR ur UR R,2,13,53,8,2,15,4
dl L FS DR UR ur R,2,13,53,8,2,17,4
dl L FS UR DR ur R,2,13,53,8,2,13,3
dl ur DR FS L R UR,2,13,53,8,2,14,4
dl ur DR FS R L UR,2,13,53,8,2,16,4
dl ur DR FS R UR L,2,13,53,8,2,13,3
dl ur DR L FS R UR,2,13,53,8,2,12,3
dl ur DR L R FS UR,2,13,53,8,2,14,4
dl ur DR R FS L UR,2,13,53,8,2,12,3
dl ur DR R FS UR L,2,13,53,8,2,11,3
dl ur DR R L FS UR,2,13,53,8,2,12,4
dl ur DR R UR FS L,2,13,53,8,2,9,2
dl ur FS DR L R UR,2,13,53,8,2,16,4
dl ur FS DR R L UR,2,13,53,8,2,16,4
dl ur FS DR R UR L,2,13,53,8,2,13,3
DR dl FS L ur UR R,2,13,53,8,2,13,4
DR dl FS L UR ur R,2,13,53,8,2,17,4
DR dl FS R ur L UR,2,13,53,8,2,14,3
DR dl FS R ur UR L,2,13,53,8,2,17,4
DR dl FS R UR ur L,2,13,53,8,2,13,4
DR dl FS ur L R UR,2,13,53,8,2,14,4
DR dl FS ur R L UR,2,13,53,8,2,18,4
DR dl FS ur R UR L,2,13,53,8,2,15,3
DR dl L FS ur UR R,2,13,53,8,2,15,4
DR dl L FS UR ur R,2,13,53,8,2,15,4
DR dl L ur FS UR R,2,13,53,8,2,11,3
DR dl R FS ur L UR,2,13,53,8,2,12,3
DR dl R FS ur UR L,2,13,53,8,2,15,4
DR dl R FS UR ur L,2,13,53,8,2,11,4
DR dl R ur FS L UR,2,13,53,8,2,14,3
DR dl R ur FS UR L,2,13,53,8,2,13,3
DR dl R UR FS ur L,2,13,53,8,2,9,3
DR dl R ur L FS UR,2,13,53,8,2,10,3
DR dl R ur UR FS L,2,13,53,8,2,13,4
DR dl R UR ur FS L,2,13,53,8,2,13,4
DR dl ur FS L R UR,2,13,53,8,2,14,4
DR dl ur FS R L UR,2,13,53,8,2,16,4
DR dl ur FS R UR L,2,13,53,8,2,13,3
DR dl ur L FS R UR,2,13,53,8,2,10,2
DR dl ur L R FS UR,2,13,53,8,2,12,4
DR dl ur R FS L UR,2,13,53,8,2,14,3
DR dl ur R FS UR L,2,13,53,8,2,13,3
DR dl ur R L FS UR,2,13,53,8,2,14,4
DR dl ur R UR FS L,2,13,53,8,2,11,3
DR FS dl L ur UR R,2,13,53,8,2,15,4
DR FS dl L UR ur R,2,13,53,8,2,19,4
DR FS dl R ur L UR,2,13,53,8,2,14,3
DR FS dl R ur UR L,2,13,53,8,2,17,4
DR FS dl R UR ur L,2,13,53,8,2,13,4
DR FS dl ur L R UR,2,13,53,8,2,14,4
DR FS dl ur R L UR,2,13,53,8,2,18,4
DR FS dl ur R UR L,2,13,53,8,2,15,3
DR FS L dl ur UR R,2,13,53,8,2,15,4
DR FS L dl UR ur R,2,13,53,8,2,17,4
DR FS L ur dl UR R,2,13,53,8,2,11,3
DR FS L UR dl ur R,2,13,53,8,2,15,3
DR FS L ur UR dl R,2,13,53,8,2,13,4
DR FS L UR ur dl R,2,13,53,8,2,15,4
DR FS R dl ur L UR,2,13,53,8,2,12,3
DR FS R dl ur UR L,2,13,53,8,2,15,4
DR FS R dl UR ur L,2,13,53,8,2,13,4
DR FS R ur dl L UR,2,13,53,8,2,16,3
DR FS R ur dl UR L,2,13,53,8,2,15,3
DR FS R UR dl ur L,2,13,53,8,2,11,3
DR FS R ur L dl UR,2,13,53,8,2,14,3
DR FS R ur UR dl L,2,13,53,8,2,17,4
DR FS R UR ur dl L,2,13,53,8,2,15,4
DR FS ur dl L R UR,2,13,53,8,2,16,4
DR FS ur dl R L UR,2,13,53,8,2,16,4
DR FS ur dl R UR L,2,13,53,8,2,13,3
DR FS ur L dl R UR,2,13,53,8,2,12,3
DR FS ur L R dl UR,2,13,53,8,2,14,4
DR FS ur R dl L UR,2,13,53,8,2,16,3
DR FS ur R dl UR L,2,13,53,8,2,15,3
DR FS ur R L dl UR,2,13,53,8,2,18,4
DR FS ur R UR dl L,2,13,53,8,2,15,3
DR L dl FS ur UR R,2,13,53,8,2,17,4
DR L dl FS UR ur R,2,13,53,8,2,17,4
DR L dl ur FS UR R,2,13,53,8,2,13,3
DR L FS dl ur UR R,2,13,53,8,2,15,4
DR L FS dl UR ur R,2,13,53,8,2,17,4
DR L FS ur dl UR R,2,13,53,8,2,13,3
DR L FS UR dl ur R,2,13,53,8,2,13,3
DR L FS ur UR dl R,2,13,53,8,2,15,4
DR L FS UR ur dl R,2,13,53,8,2,13,4
DR L ur dl FS UR R,2,13,53,8,2,11,3
DR L ur FS dl UR R,2,13,53,8,2,13,3
DR L ur FS UR dl R,2,13,53,8,2,11,3
DR R dl FS ur L UR,2,13,53,8,2,12,3
DR R dl FS ur UR L,2,13,53,8,2,15,4
DR R dl FS UR ur L,2,13,53,8,2,11,4
DR R dl ur FS L UR,2,13,53,8,2,12,3
DR R dl ur FS UR L,2,13,53,8,2,11,3
DR R dl UR FS ur L,2,13,53,8,2,9,3
DR R dl ur L FS UR,2,13,53,8,2,8,2
DR R dl ur UR FS L,2,13,53,8,2,11,4
DR R dl UR ur FS L,2,13,53,8,2,13,4
DR R FS dl ur L UR,2,13,53,8,2,12,3
DR R FS dl ur UR L,2,13,53,8,2,15,4
DR R FS dl UR ur L,2,13,53,8,2,13,4
DR R FS ur dl L UR,2,13,53,8,2,14,3
DR R FS ur dl UR L,2,13,53,8,2,13,3
DR R FS UR dl ur L,2,13,53,8,2,9,2
DR R FS ur L dl UR,2,13,53,8,2,12,3
DR R FS ur UR dl L,2,13,53,8,2,15,4
DR R FS UR ur dl L,2,13,53,8,2,13,4
DR R ur dl FS L UR,2,13,53,8,2,14,3
DR R ur dl FS UR L,2,13,53,8,2,13,3
DR R ur dl L FS UR,2,13,53,8,2,12,3
DR R ur dl UR FS L,2,13,53,8,2,11,3
DR R ur FS dl L UR,2,13,53,8,2,16,3
DR R ur FS dl UR L,2,13,53,8,2,15,3
DR R ur FS L dl UR,2,13,53,8,2,14,3
DR R ur FS UR dl L,2,13,53,8,2,13,3
DR R ur L dl FS UR,2,13,53,8,2,12,3
DR R ur L FS dl UR,2,13,53,8,2,12,3
DR ur dl FS L R UR,2,13,53,8,2,14,4
DR ur dl FS R L UR,2,13,53,8,2,16,4
DR ur dl FS R UR L,2,13,53,8,2,13,3
DR ur dl L FS R UR,2,13,53,8,2,12,3
DR ur dl L R FS UR,2,13,53,8,2,14,4
DR ur dl R FS L UR,2,13,53,8,2,12,3
DR ur dl R FS UR L,2,13,53,8,2,11,3
DR ur dl R L FS UR,2,13,53,8,2,12,4
DR ur dl R UR FS L,2,13,53,8,2,9,2
DR ur FS dl L R UR,2,13,53,8,2,16,4
DR ur FS dl R L UR,2,13,53,8,2,16,4
DR ur FS dl R UR L,2,13,53,8,2,13,3
DR ur FS L dl R UR,2,13,53,8,2,12,3
DR ur FS L R dl UR,2,13,53,8,2,14,4
DR ur FS R dl L UR,2,13,53,8,2,14,3
DR ur FS R dl UR L,2,13,53,8,2,13,3
DR ur FS R L dl UR,2,13,53,8,2,16,4
DR ur FS R UR dl L,2,13,53,8,2,13,3
DR ur L dl FS R UR,2,13,53,8,2,12,3
DR ur L dl R FS UR,2,13,53,8,2,10,3
DR ur L FS dl R UR,2,13,53,8,2,10,3
DR ur L FS R dl UR,2,13,53,8,2,10,2
DR ur L R dl FS UR,2,13,53,8,2,12,4
DR ur L R FS dl UR,2,13,53,8,2,14,4
DR ur R dl FS L UR,2,13,53,8,2,14,3
DR ur R dl FS UR L,2,13,53,8,2,13,3
DR ur R dl L FS UR,2,13,53,8,2,12,3
DR ur R dl UR FS L,2,13,53,8,2,11,3
DR ur R FS dl L UR,2,13,53,8,2,16,3
DR ur R FS dl UR L,2,13,53,8,2,15,3
DR ur R FS L dl UR,2,13,53,8,2,14,3
DR ur R FS UR dl L,2,13,53,8,2,13,3
DR ur R L dl FS UR,2,13,53,8,2,16,4
DR ur R L FS dl UR,2,13,53,8,2,16,4
FS dl DR L ur UR R,2,13,53,8,2,14,4
FS dl DR L UR ur R,2,13,53,8,2,18,4
FS dl DR R ur L UR,2,13,53,8,2,13,3
FS dl DR R ur UR L,2,13,53,8,2,16,4
FS dl DR R UR ur L,2,13,53,8,2,12,4
FS dl DR ur L R UR,2,13,53,8,2,13,4
FS dl DR ur R L UR,2,13,53,8,2,17,4
FS dl DR ur R UR L,2,13,53,8,2,14,3
FS dl L DR ur UR R,2,13,53,8,2,16,4
FS dl L DR UR ur R,2,13,53,8,2,18,4
FS dl L UR DR ur R,2,13,53,8,2,16,3
FS dl ur DR L R UR,2,13,53,8,2,15,4
FS dl ur DR R L UR,2,13,53,8,2,15,4
FS dl ur DR R UR L,2,13,53,8,2,12,3
FS DR dl L ur UR R,2,13,53,8,2,14,4
FS DR dl L UR ur R,2,13,53,8,2,18,4
FS DR dl R ur L UR,2,13,53,8,2,13,3
FS DR dl R ur UR L,2,13,53,8,2,16,4
FS DR dl R UR ur L,2,13,53,8,2,12,4
FS DR dl ur L R UR,2,13,53,8,2,13,4
FS DR dl ur R L UR,2,13,53,8,2,17,4
FS DR dl ur R UR L,2,13,53,8,2,14,3
FS DR L dl ur UR R,2,13,53,8,2,16,4
FS DR L dl UR ur R,2,13,53,8,2,18,4
FS DR L ur dl UR R,2,13,53,8,2,12,3
FS DR L UR dl ur R,2,13,53,8,2,16,3
FS DR L ur UR dl R,2,13,53,8,2,14,4
FS DR L UR ur dl R,2,13,53,8,2,16,4
FS DR R dl ur L UR,2,13,53,8,2,11,3
FS DR R dl ur UR L,2,13,53,8,2,14,4
FS DR R dl UR ur L,2,13,53,8,2,12,4
FS DR R ur dl L UR,2,13,53,8,2,15,3
FS DR R ur dl UR L,2,13,53,8,2,14,3
FS DR R UR dl ur L,2,13,53,8,2,10,3
FS DR R ur L dl UR,2,13,53,8,2,13,3
FS DR R ur UR dl L,2,13,53,8,2,16,4
FS DR R UR ur dl L,2,13,53,8,2,14,4
FS DR ur dl L R UR,2,13,53,8,2,15,4
FS DR ur dl R L UR,2,13,53,8,2,15,4
FS DR ur dl R UR L,2,13,53,8,2,12,3
FS DR ur L dl R UR,2,13,53,8,2,11,3
FS DR ur L R dl UR,2,13,53,8,2,13,4
FS DR ur R dl L UR,2,13,53,8,2,15,3
FS DR ur R dl UR L,2,13,53,8,2,14,3
FS DR ur R L dl UR,2,13,53,8,2,17,4
FS DR ur R UR dl L,2,13,53,8,2,14,3
FS L dl DR ur UR R,2,13,53,8,2,14,4
FS L dl DR UR ur R,2,13,53,8,2,16,4
FS L dl UR DR ur R,2,13,53,8,2,14,3
FS L DR dl ur UR R,2,13,53,8,2,14,4
FS L DR dl UR ur R,2,13,53,8,2,16,4
FS L DR ur dl UR R,2,13,53,8,2,12,3
FS L DR UR dl ur R,2,13,53,8,2,14,3
FS L DR ur UR dl R,2,13,53,8,2,14,4
FS L DR UR ur dl R,2,13,53,8,2,14,4
FS L UR dl DR ur R,2,13,53,8,2,14,3
FS L UR DR dl ur R,2,13,53,8,2,14,3
FS L UR DR ur dl R,2,13,53,8,2,12,3
FS ur dl DR L R UR,2,13,53,8,2,15,4
FS ur dl DR R L UR,2,13,53,8,2,15,4
FS ur dl DR R UR L,2,13,53,8,2,12,3
FS ur DR dl L R UR,2,13,53,8,2,15,4
FS ur DR dl R L UR,2,13,53,8,2,15,4
FS ur DR dl R UR L,2,13,53,8,2,12,3
FS ur DR L dl R UR,2,13,53,8,2,13,3
FS ur DR L R dl UR,2,13,53,8,2,15,4
FS ur DR R dl L UR,2,13,53,8,2,13,3
FS ur DR R dl UR L,2,13,53,8,2,12,3
FS ur DR R L dl UR,2,13,53,8,2,15,4
FS ur DR R UR dl L,2,13,53,8,2,12,3
L dl DR FS ur UR R,2,13,53,8,2,16,4
L dl DR FS UR ur R,2,13,53,8,2,16,4
L dl DR ur FS UR R,2,13,53,8,2,12,3
L dl FS DR ur UR R,2,13,53,8,2,16,4
L dl FS DR UR ur R,2,13,53,8,2,18,4
L dl FS UR DR ur R,2,13,53,8,2,14,3
L DR dl FS ur UR R,2,13,53,8,2,16,4
L DR dl FS UR ur R,2,13,53,8,2,16,4
L DR dl ur FS UR R,2,13,53,8,2,12,3
L DR FS dl ur UR R,2,13,53,8,2,16,4
L DR FS dl UR ur R,2,13,53,8,2,18,4
L DR FS ur dl UR R,2,13,53,8,2,14,3
L DR FS UR dl ur R,2,13,53,8,2,14,3
L DR FS ur UR dl R,2,13,53,8,2,16,4
L DR FS UR ur dl R,2,13,53,8,2,14,4
L DR ur dl FS UR R,2,13,53,8,2,12,3
L DR ur FS dl UR R,2,13,53,8,2,14,3
L DR ur FS UR dl R,2,13,53,8,2,12,3
L FS dl DR ur UR R,2,13,53,8,2,14,4
L FS dl DR UR ur R,2,13,53,8,2,16,4
L FS dl UR DR ur R,2,13,53,8,2,14,3
L FS DR dl ur UR R,2,13,53,8,2,14,4
L FS DR dl UR ur R,2,13,53,8,2,16,4
L FS DR ur dl UR R,2,13,53,8,2,12,3
L FS DR UR dl ur R,2,13,53,8,2,14,3
L FS DR ur UR dl R,2,13,53,8,2,14,4
L FS DR UR ur dl R,2,13,53,8,2,14,4
L FS UR dl DR ur R,2,13,53,8,2,12,3
L FS UR DR dl ur R,2,13,53,8,2,12,3
L FS UR DR ur dl R,2,13,53,8,2,10,2
ur dl DR FS L R UR,2,13,53,8,2,14,4
ur dl DR FS R L UR,2,13,53,8,2,16,4
ur dl DR FS R UR L,2,13,53,8,2,13,3
ur dl DR L FS R UR,2,13,53,8,2,12,3
ur dl DR L R FS UR,2,13,53,8,2,14,4
ur dl DR R FS L UR,2,13,53,8,2,12,3
ur dl DR R FS UR L,2,13,53,8,2,11,3
ur dl DR R L FS UR,2,13,53,8,2,12,4
ur dl DR R UR FS L,2,13,53,8,2,9,2
ur dl FS DR L R UR,2,13,53,8,2,16,4
ur dl FS DR R L UR,2,13,53,8,2,16,4
ur dl FS DR R UR L,2,13,53,8,2,13,3
ur DR dl FS L R UR,2,13,53,8,2,14,4
ur DR dl FS R L UR,2,13,53,8,2,16,4
ur DR dl FS R UR L,2,13,53,8,2,13,3
ur DR dl L FS R UR,2,13,53,8,2,12,3
ur DR dl L R FS UR,2,13,53,8,2,14,4
ur DR dl R FS L UR,2,13,53,8,2,12,3
ur DR dl R FS UR L,2,13,53,8,2,11,3
ur DR dl R L FS UR,2,13,53,8,2,12,4
ur DR dl R UR FS L,2,13,53,8,2,9,2
ur DR FS dl L R UR,2,13,53,8,2,16,4
ur DR FS dl R L UR,2,13,53,8,2,16,4
ur DR FS dl R UR L,2,13,53,8,2,13,3
ur DR FS L dl R UR,2,13,53,8,2,12,3
ur DR FS L R dl UR,2,13,53,8,2,14,4
ur DR FS R dl L UR,2,13,53,8,2,14,3
ur DR FS R dl UR L,2,13,53,8,2,13,3
ur DR FS R L dl UR,2,13,53,8,2,16,4
ur DR FS R UR dl L,2,13,53,8,2,13,3
ur DR L dl FS R UR,2,13,53,8,2,14,3
ur DR L dl R FS UR,2,13,53,8,2,12,3
ur DR L FS dl R UR,2,13,53,8,2,12,3
ur DR L FS R dl UR,2,13,53,8,2,12,3
ur DR L R dl FS UR,2,13,53,8,2,14,4
ur DR L R FS dl UR,2,13,53,8,2,16,4
ur DR R dl FS L UR,2,13,53,8,2,12,3
ur DR R dl FS UR L,2,13,53,8,2,11,3
ur DR R dl L FS UR,2,13,53,8,2,10,3
ur DR R dl UR FS L,2,13,53,8,2,9,2
ur DR R FS dl L UR,2,13,53,8,2,14,3
ur DR R FS dl UR L,2,13,53,8,2,13,3
ur DR R FS L dl UR,2,13,53,8,2,12,3
ur DR R FS UR dl L,2,13,53,8,2,11,3
ur DR R L dl FS UR,2,13,53,8,2,14,4
ur DR R L FS dl UR,2,13,53,8,2,14,4
ur FS dl DR L R UR,2,13,53,8,2,16,4
ur FS dl DR R L UR,2,13,53,8,2,16,4
ur FS dl DR R UR L,2,13,53,8,2,13,3
ur FS DR dl L R UR,2,13,53,8,2,16,4
ur FS DR dl R L UR,2,13,53,8,2,16,4
ur FS DR dl R UR L,2,13,53,8,2,13,3
ur FS DR L dl R UR,2,13,53,8,2,14,3
ur FS DR L R dl UR,2,13,53,8,2,16,4
ur FS DR R dl L UR,2,13,53,8,2,14,3
ur FS DR R dl UR L,2,13,53,8,2,13,3
ur FS DR R L dl UR,2,13,53,8,2,16,4
ur FS DR R UR dl L,2,13,53,8,2,13,3
DR L R UR dl FS ur,2,14,54,8,2,16,4
DR L R UR FS dl ur,2,14,54,8,2,14,4
DR L UR R dl FS ur,2,14,54,8,2,14,3
DR L UR R FS dl ur,2,14,54,8,2,14,3
DR R L UR dl FS ur,2,14,54,8,2,16,4
DR R L UR FS dl ur,2,14,54,8,2,14,4
DR R UR dl L FS ur,2,14,54,8,2,12,3
DR R UR L dl FS ur,2,14,54,8,2,14,3
DR R UR L FS dl ur,2,14,54,8,2,12,3
DR UR L R dl FS ur,2,14,54,8,2,16,4
DR UR L R FS dl ur,2,14,54,8,2,16,4
DR UR R dl L FS ur,2,14,54,8,2,12,3
DR UR R L dl FS ur,2,14,54,8,2,16,4
DR UR R L FS dl ur,2,14,54,8,2,14,4
L DR R UR dl FS ur,2,14,54,8,2,13,3
L DR R UR FS dl ur,2,14,54,8,2,11,3
L DR UR R dl FS ur,2,14,54,8,2,13,3
L DR UR R FS dl ur,2,14,54,8,2,13,3
L UR DR R dl FS ur,2,14,54,8,2,13,3
L UR DR R FS dl ur,2,14,54,8,2,13,3
L UR R DR dl FS ur,2,14,54,8,2,13,3
L UR R DR FS dl ur,2,14,54,8,2,13,3
UR DR L R dl FS ur,2,14,54,8,2,16,4
UR DR L R FS dl ur,2,14,54,8,2,16,4
UR DR R dl L FS ur,2,14,54,8,2,12,3
UR DR R L dl FS ur,2,14,54,8,2,16,4
UR DR R L FS dl ur,2,14,54,8,2,14,4
UR L DR R dl FS ur,2,14,54,8,2,14,3
UR L DR R FS dl ur,2,14,54,8,2,14,3
UR L R DR dl FS ur,2,14,54,8,2,16,4
UR L R DR FS dl ur,2,14,54,8,2,16,4
UR R DR dl L FS ur,2,14,54,8,2,12,3
UR R DR L dl FS ur,2,14,54,8,2,14,3
UR R DR L FS dl ur,2,14,54,8,2,12,3
UR R L DR dl FS ur,2,14,54,8,2,16,4
UR R L DR FS dl ur,2,14,54,8,2,16,4
dl FS UR L ur DR R,2,14,55,7,2,11,3
dl FS ur UR L DR R,2,14,55,7,2,17,4
dl FS UR ur L DR R,2,14,55,7,2,13,4
dl UR FS L ur DR R,2,14,55,7,2,9,2
dl ur FS UR L DR R,2,14,55,7,2,13,3
dl UR FS ur L DR R,2,14,55,7,2,11,3
dl ur UR FS L DR R,2,14,55,7,2,13,4
dl UR ur FS L DR R,2,14,55,7,2,15,4
DR L UR FS R ur dl,2,14,55,7,2,14,3
DR L UR FS ur R dl,2,14,55,7,2,14,3
DR L ur UR FS R dl,2,14,55,7,2,12,4
DR L UR ur FS R dl,2,14,55,7,2,16,4
DR R UR FS L ur dl,2,14,55,7,2,8,2
DR R UR FS ur L dl,2,14,55,7,2,10,3
DR R ur L UR FS dl,2,14,55,7,2,12,3
DR R ur UR FS L dl,2,14,55,7,2,14,4
DR R UR ur FS L dl,2,14,55,7,2,14,4
DR R ur UR L FS dl,2,14,55,7,2,16,4
DR R UR ur L FS dl,2,14,55,7,2,12,4
DR UR L FS R ur dl,2,14,55,7,2,14,3
DR UR L FS ur R dl,2,14,55,7,2,14,3
DR ur L R UR FS dl,2,14,55,7,2,12,4
DR UR L ur FS R dl,2,14,55,7,2,12,3
DR ur L UR R FS dl,2,14,55,7,2,12,3
DR UR R FS L ur dl,2,14,55,7,2,10,2
DR UR R FS ur L dl,2,14,55,7,2,12,3
DR ur R L UR FS dl,2,14,55,7,2,16,4
DR ur R UR FS L dl,2,14,55,7,2,12,3
DR UR R ur FS L dl,2,14,55,7,2,14,3
DR ur R UR L FS dl,2,14,55,7,2,14,3
DR UR R ur L FS dl,2,14,55,7,2,12,3
DR ur UR L R FS dl,2,14,55,7,2,18,4
DR UR ur L R FS dl,2,14,55,7,2,16,4
DR ur UR R FS L dl,2,14,55,7,2,14,4
DR UR ur R FS L dl,2,14,55,7,2,16,4
DR ur UR R L FS dl,2,14,55,7,2,16,4
DR UR ur R L FS dl,2,14,55,7,2,18,4
FS dl UR L ur DR R,2,14,55,7,2,12,3
FS dl ur UR L DR R,2,14,55,7,2,16,4
FS dl UR ur L DR R,2,14,55,7,2,14,4
FS UR dl L ur DR R,2,14,55,7,2,10,3
FS ur dl UR L DR R,2,14,55,7,2,14,3
FS UR dl ur L DR R,2,14,55,7,2,10,3
FS UR L dl ur DR R,2,14,55,7,2,12,3
FS UR L ur dl DR R,2,14,55,7,2,10,3
FS UR L ur DR dl R,2,14,55,7,2,10,3
FS ur UR dl L DR R,2,14,55,7,2,16,4
FS UR ur dl L DR R,2,14,55,7,2,14,4
FS ur UR L dl DR R,2,14,55,7,2,16,4
FS UR ur L dl DR R,2,14,55,7,2,12,4
FS ur UR L DR dl R,2,14,55,7,2,16,4
FS UR ur L DR dl R,2,14,55,7,2,12,4
L DR UR FS R ur dl,2,14,55,7,2,13,3
L DR UR FS ur R dl,2,14,55,7,2,13,3
L DR ur UR FS R dl,2,14,55,7,2,13,4
L DR UR ur FS R dl,2,14,55,7,2,15,4
L UR DR FS R ur dl,2,14,55,7,2,15,3
L UR DR FS ur R dl,2,14,55,7,2,15,3
L UR DR ur FS R dl,2,14,55,7,2,13,3
L UR FS DR R ur dl,2,14,55,7,2,13,3
L UR FS DR ur R dl,2,14,55,7,2,13,3
UR dl FS L ur DR R,2,14,55,7,2,11,3
ur dl FS UR L DR R,2,14,55,7,2,13,3
UR dl FS ur L DR R,2,14,55,7,2,13,3
ur dl UR FS L DR R,2,14,55,7,2,11,3
UR dl ur FS L DR R,2,14,55,7,2,13,3
UR DR L FS R ur dl,2,14,55,7,2,14,3
UR DR L FS ur R dl,2,14,55,7,2,14,3
ur DR L R UR FS dl,2,14,55,7,2,14,4
UR DR L ur FS R dl,2,14,55,7,2,12,3
ur DR L UR R FS dl,2,14,55,7,2,14,3
UR DR R FS L ur dl,2,14,55,7,2,10,2
UR DR R FS ur L dl,2,14,55,7,2,12,3
ur DR R L UR FS dl,2,14,55,7,2,14,4
ur DR R UR FS L dl,2,14,55,7,2,10,3
UR DR R ur FS L dl,2,14,55,7,2,14,3
ur DR R UR L FS dl,2,14,55,7,2,12,3
UR DR R ur L FS dl,2,14,55,7,2,12,3
ur DR UR L R FS dl,2,14,55,7,2,16,4
UR DR ur L R FS dl,2,14,55,7,2,14,4
ur DR UR R FS L dl,2,14,55,7,2,12,3
UR DR ur R FS L dl,2,14,55,7,2,14,3
ur DR UR R L FS dl,2,14,55,7,2,14,4
UR DR ur R L FS dl,2,14,55,7,2,16,4
UR FS dl L ur DR R,2,14,55,7,2,11,3
ur FS dl UR L DR R,2,14,55,7,2,15,3
UR FS dl ur L DR R,2,14,55,7,2,11,3
UR FS L dl ur DR R,2,14,55,7,2,11,3
UR FS L ur dl DR R,2,14,55,7,2,9,2
UR FS L ur DR dl R,2,14,55,7,2,9,2
ur FS UR dl L DR R,2,14,55,7,2,13,3
UR FS ur dl L DR R,2,14,55,7,2,13,3
ur FS UR L dl DR R,2,14,55,7,2,13,3
UR FS ur L dl DR R,2,14,55,7,2,11,3
ur FS UR L DR dl R,2,14,55,7,2,13,3
UR FS ur L DR dl R,2,14,55,7,2,11,3
UR L DR FS R ur dl,2,14,55,7,2,16,3
UR L DR FS ur R dl,2,14,55,7,2,16,3
UR L DR ur FS R dl,2,14,55,7,2,14,3
UR L FS DR R ur dl,2,14,55,7,2,14,3
UR L FS DR ur R dl,2,14,55,7,2,14,3
UR R DR FS L ur dl,2,14,55,7,2,10,3
UR R DR FS ur L dl,2,14,55,7,2,12,3
UR R DR ur FS L dl,2,14,55,7,2,12,3
UR R DR ur L FS dl,2,14,55,7,2,10,3
UR R ur DR FS L dl,2,14,55,7,2,14,3
UR R ur DR L FS dl,2,14,55,7,2,14,3
ur UR dl FS L DR R,2,14,55,7,2,15,4
UR ur dl FS L DR R,2,14,55,7,2,15,4
ur UR DR L R FS dl,2,14,55,7,2,18,4
UR ur DR L R FS dl,2,14,55,7,2,18,4
ur UR DR R FS L dl,2,14,55,7,2,14,4
UR ur DR R FS L dl,2,14,55,7,2,14,4
ur UR DR R L FS dl,2,14,55,7,2,16,4
UR ur DR R L FS dl,2,14,55,7,2,16,4
ur UR FS dl L DR R,2,14,55,7,2,15,4
UR ur FS dl L DR R,2,14,55,7,2,17,4
ur UR FS L dl DR R,2,14,55,7,2,13,4
UR ur FS L dl DR R,2,14,55,7,2,15,4
ur UR FS L DR dl R,2,14,55,7,2,13,4
UR ur FS L DR dl R,2,14,55,7,2,15,4
ur UR R DR FS L dl,2,14,55,7,2,14,4
UR ur R DR FS L dl,2,14,55,7,2,16,4
ur UR R DR L FS dl,2,14,55,7,2,14,4
UR ur R DR L FS dl,2,14,55,7,2,16,4
DR L R UR dl ur FS,2,14,55,8,2,15,4
DR L R ur UR dl FS,2,14,55,8,2,19,4
DR L R UR ur dl FS,2,14,55,8,2,17,4
DR L UR R dl ur FS,2,14,55,8,2,13,3
DR L ur R UR dl FS,2,14,55,8,2,13,3
DR L UR R ur dl FS,2,14,55,8,2,15,3
DR L ur UR R dl FS,2,14,55,8,2,13,4
DR L UR ur R dl FS,2,14,55,8,2,17,4
DR R L UR dl ur FS,2,14,55,8,2,15,4
DR R L ur UR dl FS,2,14,55,8,2,15,4
DR R L UR ur dl FS,2,14,55,8,2,17,4
DR R UR dl L ur FS,2,14,55,8,2,11,3
DR R UR L dl ur FS,2,14,55,8,2,13,3
DR R UR L ur dl FS,2,14,55,8,2,11,3
DR UR L R dl ur FS,2,14,55,8,2,15,4
DR UR L R ur dl FS,2,14,55,8,2,17,4
DR UR L ur R dl FS,2,14,55,8,2,13,3
DR UR R dl L ur FS,2,14,55,8,2,11,3
DR UR R L dl ur FS,2,14,55,8,2,15,4
DR UR R L ur dl FS,2,14,55,8,2,13,4
L DR R UR dl ur FS,2,14,55,8,2,12,3
L DR R ur UR dl FS,2,14,55,8,2,16,4
L DR R UR ur dl FS,2,14,55,8,2,14,4
L DR UR R dl ur FS,2,14,55,8,2,12,3
L DR ur R UR dl FS,2,14,55,8,2,14,3
L DR UR R ur dl FS,2,14,55,8,2,14,3
L DR ur UR R dl FS,2,14,55,8,2,14,4
L DR UR ur R dl FS,2,14,55,8,2,16,4
L UR DR R dl ur FS,2,14,55,8,2,12,3
L UR DR R ur dl FS,2,14,55,8,2,14,3
L UR DR ur R dl FS,2,14,55,8,2,14,3
L UR R DR dl ur FS,2,14,55,8,2,12,3
L UR R DR ur dl FS,2,14,55,8,2,12,3
UR DR L R dl ur FS,2,14,55,8,2,15,4
UR DR L R ur dl FS,2,14,55,8,2,17,4
UR DR L ur R dl FS,2,14,55,8,2,13,3
UR DR R dl L ur FS,2,14,55,8,2,11,3
UR DR R L dl ur FS,2,14,55,8,2,15,4
UR DR R L ur dl FS,2,14,55,8,2,13,4
UR L DR R dl ur FS,2,14,55,8,2,13,3
UR L DR R ur dl FS,2,14,55,8,2,15,3
UR L DR ur R dl FS,2,14,55,8,2,15,3
UR L R DR dl ur FS,2,14,55,8,2,15,4
UR L R DR ur dl FS,2,14,55,8,2,15,4
UR R DR dl L ur FS,2,14,55,8,2,11,3
UR R DR L dl ur FS,2,14,55,8,2,13,3
UR R DR L ur dl FS,2,14,55,8,2,11,3
UR R L DR dl ur FS,2,14,55,8,2,15,4
UR R L DR ur dl FS,2,14,55,8,2,15,4
dl DR FS L R ur UR,2,13,55,9,2,18,4
dl DR FS L ur R UR,2,13,55,9,2,12,3
dl DR FS R L ur UR,2,13,55,9,2,16,4
dl DR L FS R ur UR,2,13,55,9,2,16,4
dl DR L FS ur R UR,2,13,55,9,2,14,3
dl DR L R FS ur UR,2,13,55,9,2,18,4
dl DR L R ur FS UR,2,13,55,9,2,16,4
dl DR L ur FS R UR,2,13,55,9,2,12,3
dl DR L ur R FS UR,2,13,55,9,2,12,3
dl DR R FS L ur UR,2,13,55,9,2,12,4
dl DR R L FS ur UR,2,13,55,9,2,16,4
dl DR R L ur FS UR,2,13,55,9,2,12,4
dl FS DR L R ur UR,2,13,55,9,2,20,4
dl FS DR L ur R UR,2,13,55,9,2,14,3
dl FS DR R L ur UR,2,13,55,9,2,16,4
dl FS L DR R ur UR,2,13,55,9,2,16,4
dl FS L DR ur R UR,2,13,55,9,2,14,3
dl L DR FS R ur UR,2,13,55,9,2,18,4
dl L DR FS ur R UR,2,13,55,9,2,16,3
dl L DR R FS ur UR,2,13,55,9,2,16,4
dl L DR R ur FS UR,2,13,55,9,2,14,3
dl L DR ur FS R UR,2,13,55,9,2,14,3
dl L DR ur R FS UR,2,13,55,9,2,14,3
dl L FS DR R ur UR,2,13,55,9,2,16,4
dl L FS DR ur R UR,2,13,55,9,2,14,3
DR dl FS L R ur UR,2,13,55,9,2,18,4
DR dl FS L ur R UR,2,13,55,9,2,12,3
DR dl FS R L ur UR,2,13,55,9,2,16,4
DR dl L FS R ur UR,2,13,55,9,2,16,4
DR dl L FS ur R UR,2,13,55,9,2,14,3
DR dl L R FS ur UR,2,13,55,9,2,18,4
DR dl L R ur FS UR,2,13,55,9,2,16,4
DR dl L ur FS R UR,2,13,55,9,2,12,3
DR dl L ur R FS UR,2,13,55,9,2,12,3
DR dl R FS L ur UR,2,13,55,9,2,12,4
DR dl R L FS ur UR,2,13,55,9,2,16,4
DR dl R L ur FS UR,2,13,55,9,2,12,4
DR FS dl L R ur UR,2,13,55,9,2,20,4
DR FS dl L ur R UR,2,13,55,9,2,14,3
DR FS dl R L ur UR,2,13,55,9,2,16,4
DR FS L dl R ur UR,2,13,55,9,2,16,4
DR FS L dl ur R UR,2,13,55,9,2,14,3
DR FS L R dl ur UR,2,13,55,9,2,16,4
DR FS L R ur dl UR,2,13,55,9,2,16,4
DR FS L ur dl R UR,2,13,55,9,2,10,3
DR FS L ur R dl UR,2,13,55,9,2,12,3
DR FS R dl L ur UR,2,13,55,9,2,14,4
DR FS R L dl ur UR,2,13,55,9,2,18,4
DR FS R L ur dl UR,2,13,55,9,2,14,4
DR L dl FS R ur UR,2,13,55,9,2,18,4
DR L dl FS ur R UR,2,13,55,9,2,16,3
DR L dl R FS ur UR,2,13,55,9,2,16,4
DR L dl R ur FS UR,2,13,55,9,2,14,3
DR L dl ur FS R UR,2,13,55,9,2,14,3
DR L dl ur R FS UR,2,13,55,9,2,14,3
DR L FS dl R ur UR,2,13,55,9,2,16,4
DR L FS dl ur R UR,2,13,55,9,2,14,3
DR L FS R dl ur UR,2,13,55,9,2,14,4
DR L FS R ur dl UR,2,13,55,9,2,14,3
DR L FS ur dl R UR,2,13,55,9,2,12,3
DR L FS ur R dl UR,2,13,55,9,2,14,3
DR L R dl FS ur UR,2,13,55,9,2,18,4
DR L R dl ur FS UR,2,13,55,9,2,14,4
DR L R FS dl ur UR,2,13,55,9,2,18,4
DR L R FS ur dl UR,2,13,55,9,2,16,4
DR L R ur dl FS UR,2,13,55,9,2,16,4
DR L R ur FS dl UR,2,13,55,9,2,18,4
DR L ur dl FS R UR,2,13,55,9,2,12,3
DR L ur dl R FS UR,2,13,55,9,2,10,3
DR L ur FS dl R UR,2,13,55,9,2,12,3
DR L ur FS R dl UR,2,13,55,9,2,12,3
DR L ur R dl FS UR,2,13,55,9,2,12,3
DR L ur R FS dl UR,2,13,55,9,2,14,3
DR R dl FS L ur UR,2,13,55,9,2,12,4
DR R dl L FS ur UR,2,13,55,9,2,14,4
DR R dl L ur FS UR,2,13,55,9,2,10,3
DR R FS dl L ur UR,2,13,55,9,2,14,4
DR R FS L dl ur UR,2,13,55,9,2,14,4
DR R FS L ur dl UR,2,13,55,9,2,10,2
DR R L dl FS ur UR,2,13,55,9,2,18,4
DR R L dl ur FS UR,2,13,55,9,2,14,4
DR R L FS dl ur UR,2,13,55,9,2,16,4
DR R L FS ur dl UR,2,13,55,9,2,14,4
DR R L ur dl FS UR,2,13,55,9,2,12,4
DR R L ur FS dl UR,2,13,55,9,2,14,4
FS dl DR L R ur UR,2,13,55,9,2,19,4
FS dl DR L ur R UR,2,13,55,9,2,13,3
FS dl DR R L ur UR,2,13,55,9,2,15,4
FS dl L DR R ur UR,2,13,55,9,2,17,4
FS dl L DR ur R UR,2,13,55,9,2,15,3
FS DR dl L R ur UR,2,13,55,9,2,19,4
FS DR dl L ur R UR,2,13,55,9,2,13,3
FS DR dl R L ur UR,2,13,55,9,2,15,4
FS DR L dl R ur UR,2,13,55,9,2,17,4
FS DR L dl ur R UR,2,13,55,9,2,15,3
FS DR L R dl ur UR,2,13,55,9,2,17,4
FS DR L R ur dl UR,2,13,55,9,2,17,4
FS DR L ur dl R UR,2,13,55,9,2,11,3
FS DR L ur R dl UR,2,13,55,9,2,13,3
FS DR R dl L ur UR,2,13,55,9,2,13,4
FS DR R L dl ur UR,2,13,55,9,2,17,4
FS DR R L ur dl UR,2,13,55,9,2,13,4
FS L dl DR R ur UR,2,13,55,9,2,15,4
FS L dl DR ur R UR,2,13,55,9,2,13,3
FS L DR dl R ur UR,2,13,55,9,2,15,4
FS L DR dl ur R UR,2,13,55,9,2,13,3
FS L DR R dl ur UR,2,13,55,9,2,13,4
FS L DR R ur dl UR,2,13,55,9,2,13,3
FS L DR ur dl R UR,2,13,55,9,2,11,3
FS L DR ur R dl UR,2,13,55,9,2,13,3
L dl DR FS R ur UR,2,13,55,9,2,17,4
L dl DR FS ur R UR,2,13,55,9,2,15,3
L dl DR R FS ur UR,2,13,55,9,2,15,4
L dl DR R ur FS UR,2,13,55,9,2,13,3
L dl DR ur FS R UR,2,13,55,9,2,13,3
L dl DR ur R FS UR,2,13,55,9,2,13,3
L dl FS DR R ur UR,2,13,55,9,2,17,4
L dl FS DR ur R UR,2,13,55,9,2,15,3
L DR dl FS R ur UR,2,13,55,9,2,17,4
L DR dl FS ur R UR,2,13,55,9,2,15,3
L DR dl R FS ur UR,2,13,55,9,2,15,4
L DR dl R ur FS UR,2,13,55,9,2,13,3
L DR dl ur FS R UR,2,13,55,9,2,13,3
L DR dl ur R FS UR,2,13,55,9,2,13,3
L DR FS dl R ur UR,2,13,55,9,2,17,4
L DR FS dl ur R UR,2,13,55,9,2,15,3
L DR FS R dl ur UR,2,13,55,9,2,15,4
L DR FS R ur dl UR,2,13,55,9,2,15,3
L DR FS ur dl R UR,2,13,55,9,2,13,3
L DR FS ur R dl UR,2,13,55,9,2,15,3
L DR R dl FS ur UR,2,13,55,9,2,15,4
L DR R dl ur FS UR,2,13,55,9,2,11,3
L DR R FS dl ur UR,2,13,55,9,2,15,4
L DR R FS ur dl UR,2,13,55,9,2,13,3
L DR R ur dl FS UR,2,13,55,9,2,13,3
L DR R ur FS dl UR,2,13,55,9,2,15,3
L DR ur dl FS R UR,2,13,55,9,2,13,3
L DR ur dl R FS UR,2,13,55,9,2,11,3
L DR ur FS dl R UR,2,13,55,9,2,13,3
L DR ur FS R dl UR,2,13,55,9,2,13,3
L DR ur R dl FS UR,2,13,55,9,2,13,3
L DR ur R FS dl UR,2,13,55,9,2,15,3
L FS dl DR R ur UR,2,13,55,9,2,15,4
L FS dl DR ur R UR,2,13,55,9,2,13,3
L FS DR dl R ur UR,2,13,55,9,2,15,4
L FS DR dl ur R UR,2,13,55,9,2,13,3
L FS DR R dl ur UR,2,13,55,9,2,13,4
L FS DR R ur dl UR,2,13,55,9,2,13,3
L FS DR ur dl R UR,2,13,55,9,2,11,3
L FS DR ur R dl UR,2,13,55,9,2,13,3
R DR UR dl FS L ur,2,14,56,8,2,11,3
R DR UR FS dl L ur,2,14,56,8,2,11,3
R DR UR FS L dl ur,2,14,56,8,2,11,3
R UR DR dl FS L ur,2,14,56,8,2,11,3
R UR DR FS dl L ur,2,14,56,8,2,13,3
R UR DR FS L dl ur,2,14,56,8,2,13,3
dl FS UR L R ur DR,2,14,57,8,2,16,4
dl FS UR L ur R DR,2,14,57,8,2,12,3
dl FS UR R DR ur L,2,14,57,8,2,9,3
dl FS UR R L ur DR,2,14,57,8,2,12,4
dl FS UR R ur DR L,2,14,57,8,2,13,3
dl FS UR R ur L DR,2,14,57,8,2,12,3
dl FS ur UR L R DR,2,14,57,8,2,18,4
dl FS UR ur L R DR,2,14,57,8,2,14,4
dl FS ur UR R DR L,2,14,57,8,2,15,4
dl FS UR ur R DR L,2,14,57,8,2,15,4
dl FS ur UR R L DR,2,14,57,8,2,18,4
dl FS UR ur R L DR,2,14,57,8,2,18,4
dl L ur DR UR FS R,2,14,57,8,2,11,3
dl L UR FS ur DR R,2,14,57,8,2,13,3
dl L ur UR DR FS R,2,14,57,8,2,15,4
dl L UR ur DR FS R,2,14,57,8,2,17,4
dl L ur UR FS DR R,2,14,57,8,2,13,4
dl L UR ur FS DR R,2,14,57,8,2,17,4
dl UR FS L R ur DR,2,14,57,8,2,14,4
dl UR FS L ur R DR,2,14,57,8,2,10,3
dl UR FS R DR ur L,2,14,57,8,2,9,2
dl UR FS R L ur DR,2,14,57,8,2,12,4
dl UR FS R ur DR L,2,14,57,8,2,13,3
dl UR FS R ur L DR,2,14,57,8,2,12,3
dl ur FS UR L R DR,2,14,57,8,2,14,4
dl UR FS ur L R DR,2,14,57,8,2,12,4
dl ur FS UR R DR L,2,14,57,8,2,11,3
dl UR FS ur R DR L,2,14,57,8,2,13,3
dl ur FS UR R L DR,2,14,57,8,2,14,4
dl UR FS ur R L DR,2,14,57,8,2,16,4
dl ur L DR UR FS R,2,14,57,8,2,11,3
dl UR L FS ur DR R,2,14,57,8,2,13,3
dl ur L UR DR FS R,2,14,57,8,2,13,3
dl UR L ur DR FS R,2,14,57,8,2,13,3
dl ur L UR FS DR R,2,14,57,8,2,11,3
dl UR L ur FS DR R,2,14,57,8,2,13,3
dl UR R DR FS ur L,2,14,57,8,2,11,3
dl UR R DR ur FS L,2,14,57,8,2,11,3
dl UR R FS DR ur L,2,14,57,8,2,11,3
dl UR R FS L ur DR,2,14,57,8,2,10,2
dl UR R FS ur DR L,2,14,57,8,2,13,3
dl UR R FS ur L DR,2,14,57,8,2,12,3
dl UR R ur DR FS L,2,14,57,8,2,13,3
dl UR R ur FS DR L,2,14,57,8,2,15,3
dl UR R ur FS L DR,2,14,57,8,2,14,3
dl ur UR FS L R DR,2,14,57,8,2,14,4
dl UR ur FS L R DR,2,14,57,8,2,16,4
dl ur UR FS R DR L,2,14,57,8,2,13,4
dl UR ur FS R DR L,2,14,57,8,2,15,4
dl ur UR FS R L DR,2,14,57,8,2,16,4
dl UR ur FS R L DR,2,14,57,8,2,18,4
dl ur UR L DR FS R,2,14,57,8,2,17,4
dl UR ur L DR FS R,2,14,57,8,2,15,4
dl ur UR L FS DR R,2,14,57,8,2,15,4
dl UR ur L FS DR R,2,14,57,8,2,13,4
dl ur UR R DR FS L,2,14,57,8,2,13,4
dl UR ur R DR FS L,2,14,57,8,2,15,4
dl ur UR R FS DR L,2,14,57,8,2,15,4
dl UR ur R FS DR L,2,14,57,8,2,17,4
dl ur UR R FS L DR,2,14,57,8,2,14,4
dl UR ur R FS L DR,2,14,57,8,2,16,4
DR L R UR FS ur dl,2,14,57,8,2,14,4
DR L R ur UR FS dl,2,14,57,8,2,18,4
DR L R UR ur FS dl,2,14,57,8,2,18,4
DR L UR R FS ur dl,2,14,57,8,2,14,3
DR L ur R UR FS dl,2,14,57,8,2,12,3
DR L UR R ur FS dl,2,14,57,8,2,16,3
DR L ur UR R FS dl,2,14,57,8,2,14,4
DR L UR ur R FS dl,2,14,57,8,2,18,4
DR R L UR FS ur dl,2,14,57,8,2,14,4
DR R L ur UR FS dl,2,14,57,8,2,14,4
DR R L UR ur FS dl,2,14,57,8,2,18,4
DR R UR L FS ur dl,2,14,57,8,2,12,3
DR R UR L ur FS dl,2,14,57,8,2,12,3
DR UR L R FS ur dl,2,14,57,8,2,16,4
DR UR L R ur FS dl,2,14,57,8,2,18,4
DR UR L ur R FS dl,2,14,57,8,2,14,3
DR UR R L FS ur dl,2,14,57,8,2,14,4
DR UR R L ur FS dl,2,14,57,8,2,14,4
FS dl UR L R ur DR,2,14,57,8,2,17,4
FS dl UR L ur R DR,2,14,57,8,2,13,3
FS dl UR R DR ur L,2,14,57,8,2,10,3
FS dl UR R L ur DR,2,14,57,8,2,13,4
FS dl UR R ur DR L,2,14,57,8,2,14,3
FS dl UR R ur L DR,2,14,57,8,2,13,3
FS dl ur UR L R DR,2,14,57,8,2,17,4
FS dl UR ur L R DR,2,14,57,8,2,15,4
FS dl ur UR R DR L,2,14,57,8,2,14,4
FS dl UR ur R DR L,2,14,57,8,2,16,4
FS dl ur UR R L DR,2,14,57,8,2,17,4
FS dl UR ur R L DR,2,14,57,8,2,19,4
FS UR dl L R ur DR,2,14,57,8,2,15,4
FS UR dl L ur R DR,2,14,57,8,2,11,3
FS UR dl R DR ur L,2,14,57,8,2,8,2
FS UR dl R L ur DR,2,14,57,8,2,11,4
FS UR dl R ur DR L,2,14,57,8,2,12,3
FS UR dl R ur L DR,2,14,57,8,2,11,3
FS ur dl UR L R DR,2,14,57,8,2,15,4
FS UR dl ur L R DR,2,14,57,8,2,11,4
FS ur dl UR R DR L,2,14,57,8,2,12,3
FS UR dl ur R DR L,2,14,57,8,2,12,3
FS ur dl UR R L DR,2,14,57,8,2,15,4
FS UR dl ur R L DR,2,14,57,8,2,15,4
FS UR L dl R ur DR,2,14,57,8,2,13,3
FS UR L dl ur R DR,2,14,57,8,2,13,3
FS UR L R dl ur DR,2,14,57,8,2,13,4
FS UR L R ur dl DR,2,14,57,8,2,15,4
FS UR L ur dl R DR,2,14,57,8,2,9,3
FS UR L ur R dl DR,2,14,57,8,2,11,3
FS UR R dl DR ur L,2,14,57,8,2,8,2
FS UR R dl L ur DR,2,14,57,8,2,9,3
FS UR R dl ur DR L,2,14,57,8,2,10,3
FS UR R dl ur L DR,2,14,57,8,2,9,3
FS UR R DR dl ur L,2,14,57,8,2,8,2
FS UR R DR ur dl L,2,14,57,8,2,10,3
FS UR R L dl ur DR,2,14,57,8,2,13,4
FS UR R L ur dl DR,2,14,57,8,2,11,4
FS UR R ur dl DR L,2,14,57,8,2,12,3
FS UR R ur dl L DR,2,14,57,8,2,13,3
FS UR R ur DR dl L,2,14,57,8,2,12,3
FS UR R ur L dl DR,2,14,57,8,2,11,3
FS ur UR dl L R DR,2,14,57,8,2,17,4
FS UR ur dl L R DR,2,14,57,8,2,15,4
FS ur UR dl R DR L,2,14,57,8,2,14,4
FS UR ur dl R DR L,2,14,57,8,2,12,4
FS ur UR dl R L DR,2,14,57,8,2,17,4
FS UR ur dl R L DR,2,14,57,8,2,15,4
FS ur UR L dl R DR,2,14,57,8,2,15,4
FS UR ur L dl R DR,2,14,57,8,2,11,4
FS ur UR L R dl DR,2,14,57,8,2,17,4
FS UR ur L R dl DR,2,14,57,8,2,13,4
FS ur UR R dl DR L,2,14,57,8,2,14,4
FS UR ur R dl DR L,2,14,57,8,2,14,4
FS ur UR R dl L DR,2,14,57,8,2,15,4
FS UR ur R dl L DR,2,14,57,8,2,15,4
FS ur UR R DR dl L,2,14,57,8,2,14,4
FS UR ur R DR dl L,2,14,57,8,2,14,4
FS ur UR R L dl DR,2,14,57,8,2,17,4
FS UR ur R L dl DR,2,14,57,8,2,17,4
L dl ur DR UR FS R,2,14,57,8,2,12,3
L dl UR FS ur DR R,2,14,57,8,2,12,3
L dl ur UR DR FS R,2,14,57,8,2,16,4
L dl UR ur DR FS R,2,14,57,8,2,16,4
L dl ur UR FS DR R,2,14,57,8,2,14,4
L dl UR ur FS DR R,2,14,57,8,2,16,4
L DR R UR FS ur dl,2,14,57,8,2,11,3
L DR R ur UR FS dl,2,14,57,8,2,15,4
L DR R UR ur FS dl,2,14,57,8,2,15,4
L DR UR R FS ur dl,2,14,57,8,2,13,3
L DR ur R UR FS dl,2,14,57,8,2,13,3
L DR UR R ur FS dl,2,14,57,8,2,15,3
L DR ur UR R FS dl,2,14,57,8,2,15,4
L DR UR ur R FS dl,2,14,57,8,2,17,4
L ur dl DR UR FS R,2,14,57,8,2,10,2
L UR dl FS ur DR R,2,14,57,8,2,14,3
L ur dl UR DR FS R,2,14,57,8,2,12,3
L UR dl ur DR FS R,2,14,57,8,2,14,3
L ur dl UR FS DR R,2,14,57,8,2,10,3
L UR dl ur FS DR R,2,14,57,8,2,14,3
L ur DR dl UR FS R,2,14,57,8,2,10,2
L UR DR R FS ur dl,2,14,57,8,2,13,3
L UR DR R ur FS dl,2,14,57,8,2,15,3
L ur DR UR dl FS R,2,14,57,8,2,12,3
L ur DR UR FS dl R,2,14,57,8,2,10,3
L UR DR ur R FS dl,2,14,57,8,2,15,3
L UR FS dl ur DR R,2,14,57,8,2,12,3
L UR FS ur dl DR R,2,14,57,8,2,12,3
L UR FS ur DR dl R,2,14,57,8,2,12,3
L UR R DR FS ur dl,2,14,57,8,2,13,3
L UR R DR ur FS dl,2,14,57,8,2,13,3
L ur UR dl DR FS R,2,14,57,8,2,14,4
L UR ur dl DR FS R,2,14,57,8,2,16,4
L ur UR dl FS DR R,2,14,57,8,2,14,4
L UR ur dl FS DR R,2,14,57,8,2,16,4
L ur UR DR dl FS R,2,14,57,8,2,14,4
L UR ur DR dl FS R,2,14,57,8,2,16,4
L ur UR DR FS dl R,2,14,57,8,2,14,4
L UR ur DR FS dl R,2,14,57,8,2,16,4
L ur UR FS dl DR R,2,14,57,8,2,12,4
L UR ur FS dl DR R,2,14,57,8,2,16,4
L ur UR FS DR dl R,2,14,57,8,2,12,4
L UR ur FS DR dl R,2,14,57,8,2,16,4
R DR UR dl ur L FS,2,14,57,8,2,10,2
R DR ur L UR dl FS,2,14,57,8,2,12,3
R DR ur UR dl L FS,2,14,57,8,2,14,4
R DR UR ur dl L FS,2,14,57,8,2,14,4
R DR ur UR L dl FS,2,14,57,8,2,16,4
R DR UR ur L dl FS,2,14,57,8,2,14,4
R UR DR dl ur L FS,2,14,57,8,2,10,2
R ur DR L UR dl FS,2,14,57,8,2,16,3
R ur DR UR dl L FS,2,14,57,8,2,14,3
R UR DR ur dl L FS,2,14,57,8,2,12,3
R ur DR UR L dl FS,2,14,57,8,2,16,3
R UR DR ur L dl FS,2,14,57,8,2,12,3
R ur UR DR dl L FS,2,14,57,8,2,16,4
R UR ur DR dl L FS,2,14,57,8,2,14,4
R ur UR DR L dl FS,2,14,57,8,2,18,4
R UR ur DR L dl FS,2,14,57,8,2,16,4
UR dl FS L R ur DR,2,14,57,8,2,16,4
UR dl FS L ur R DR,2,14,57,8,2,12,3
UR dl FS R DR ur L,2,14,57,8,2,11,3
UR dl FS R L ur DR,2,14,57,8,2,14,4
UR dl FS R ur DR L,2,14,57,8,2,15,3
UR dl FS R ur L DR,2,14,57,8,2,14,3
ur dl FS UR L R DR,2,14,57,8,2,14,4
UR dl FS ur L R DR,2,14,57,8,2,14,4
ur dl FS UR R DR L,2,14,57,8,2,11,3
UR dl FS ur R DR L,2,14,57,8,2,15,3
ur dl FS UR R L DR,2,14,57,8,2,14,4
UR dl FS ur R L DR,2,14,57,8,2,18,4
ur dl L DR UR FS R,2,14,57,8,2,13,3
UR dl L FS ur DR R,2,14,57,8,2,13,3
ur dl L UR DR FS R,2,14,57,8,2,15,3
UR dl L ur DR FS R,2,14,57,8,2,13,3
ur dl L UR FS DR R,2,14,57,8,2,13,3
UR dl L ur FS DR R,2,14,57,8,2,13,3
UR dl R DR FS ur L,2,14,57,8,2,11,3
UR dl R DR ur FS L,2,14,57,8,2,11,3
UR dl R FS DR ur L,2,14,57,8,2,11,3
UR dl R FS L ur DR,2,14,57,8,2,10,2
UR dl R FS ur DR L,2,14,57,8,2,13,3
UR dl R FS ur L DR,2,14,57,8,2,12,3
UR dl R ur DR FS L,2,14,57,8,2,13,3
UR dl R ur FS DR L,2,14,57,8,2,15,3
UR dl R ur FS L DR,2,14,57,8,2,14,3
ur dl UR FS L R DR,2,14,57,8,2,12,4
UR dl ur FS L R DR,2,14,57,8,2,14,4
ur dl UR FS R DR L,2,14,57,8,2,11,3
UR dl ur FS R DR L,2,14,57,8,2,13,3
ur dl UR FS R L DR,2,14,57,8,2,14,4
UR dl ur FS R L DR,2,14,57,8,2,16,4
ur dl UR L DR FS R,2,14,57,8,2,15,3
UR dl ur L DR FS R,2,14,57,8,2,13,3
ur dl UR L FS DR R,2,14,57,8,2,13,3
UR dl ur L FS DR R,2,14,57,8,2,11,3
ur dl UR R DR FS L,2,14,57,8,2,11,3
UR dl ur R DR FS L,2,14,57,8,2,13,3
ur dl UR R FS DR L,2,14,57,8,2,13,3
UR dl ur R FS DR L,2,14,57,8,2,15,3
ur dl UR R FS L DR,2,14,57,8,2,12,3
UR dl ur R FS L DR,2,14,57,8,2,14,3
UR DR L R FS ur dl,2,14,57,8,2,16,4
UR DR L R ur FS dl,2,14,57,8,2,18,4
UR DR L ur R FS dl,2,14,57,8,2,14,3
UR DR R L FS ur dl,2,14,57,8,2,14,4
UR DR R L ur FS dl,2,14,57,8,2,14,4
UR FS dl L R ur DR,2,14,57,8,2,16,4
UR FS dl L ur R DR,2,14,57,8,2,12,3
UR FS dl R DR ur L,2,14,57,8,2,9,3
UR FS dl R L ur DR,2,14,57,8,2,12,4
UR FS dl R ur DR L,2,14,57,8,2,13,3
UR FS dl R ur L DR,2,14,57,8,2,12,3
ur FS dl UR L R DR,2,14,57,8,2,16,4
UR FS dl ur L R DR,2,14,57,8,2,12,4
ur FS dl UR R DR L,2,14,57,8,2,13,3
UR FS dl ur R DR L,2,14,57,8,2,13,3
ur FS dl UR R L DR,2,14,57,8,2,16,4
UR FS dl ur R L DR,2,14,57,8,2,16,4
UR FS L dl R ur DR,2,14,57,8,2,12,3
UR FS L dl ur R DR,2,14,57,8,2,12,3
UR FS L R dl ur DR,2,14,57,8,2,12,4
UR FS L R ur dl DR,2,14,57,8,2,14,4
UR FS L ur dl R DR,2,14,57,8,2,8,2
UR FS L ur R dl DR,2,14,57,8,2,10,3
UR FS R dl DR ur L,2,14,57,8,2,9,2
UR FS R dl L ur DR,2,14,57,8,2,10,3
UR FS R dl ur DR L,2,14,57,8,2,11,3
UR FS R dl ur L DR,2,14,57,8,2,10,3
UR FS R DR dl ur L,2,14,57,8,2,9,2
UR FS R DR ur dl L,2,14,57,8,2,11,3
UR FS R L dl ur DR,2,14,57,8,2,14,4
UR FS R L ur dl DR,2,14,57,8,2,12,4
UR FS R ur dl DR L,2,14,57,8,2,13,3
UR FS R ur dl L DR,2,14,57,8,2,14,3
UR FS R ur DR dl L,2,14,57,8,2,13,3
UR FS R ur L dl DR,2,14,57,8,2,12,3
ur FS UR dl L R DR,2,14,57,8,2,14,4
UR FS ur dl L R DR,2,14,57,8,2,14,4
ur FS UR dl R DR L,2,14,57,8,2,11,3
UR FS ur dl R DR L,2,14,57,8,2,11,3
ur FS UR dl R L DR,2,14,57,8,2,14,4
UR FS ur dl R L DR,2,14,57,8,2,14,4
ur FS UR L dl R DR,2,14,57,8,2,12,3
UR FS ur L dl R DR,2,14,57,8,2,10,3
ur FS UR L R dl DR,2,14,57,8,2,14,4
UR FS ur L R dl DR,2,14,57,8,2,12,4
ur FS UR R dl DR L,2,14,57,8,2,11,3
UR FS ur R dl DR L,2,14,57,8,2,13,3
ur FS UR R dl L DR,2,14,57,8,2,12,3
UR FS ur R dl L DR,2,14,57,8,2,14,3
ur FS UR R DR dl L,2,14,57,8,2,11,3
UR FS ur R DR dl L,2,14,57,8,2,13,3
ur FS UR R L dl DR,2,14,57,8,2,14,4
UR FS ur R L dl DR,2,14,57,8,2,16,4
ur L dl DR UR FS R,2,14,57,8,2,11,3
UR L dl FS ur DR R,2,14,57,8,2,15,3
ur L dl UR DR FS R,2,14,57,8,2,13,3
UR L dl ur DR FS R,2,14,57,8,2,15,3
ur L dl UR FS DR R,2,14,57,8,2,11,3
UR L dl ur FS DR R,2,14,57,8,2,15,3
ur L DR dl UR FS R,2,14,57,8,2,11,3
UR L DR R FS ur dl,2,14,57,8,2,14,3
UR L DR R ur FS dl,2,14,57,8,2,16,3
ur L DR UR dl FS R,2,14,57,8,2,13,3
ur L DR UR FS dl R,2,14,57,8,2,11,3
UR L DR ur R FS dl,2,14,57,8,2,16,3
UR L FS dl ur DR R,2,14,57,8,2,13,3
UR L FS ur dl DR R,2,14,57,8,2,13,3
UR L FS ur DR dl R,2,14,57,8,2,13,3
UR L R DR FS ur dl,2,14,57,8,2,16,4
UR L R DR ur FS dl,2,14,57,8,2,16,4
ur L UR dl DR FS R,2,14,57,8,2,13,3
UR L ur dl DR FS R,2,14,57,8,2,13,3
ur L UR dl FS DR R,2,14,57,8,2,13,3
UR L ur dl FS DR R,2,14,57,8,2,13,3
ur L UR DR dl FS R,2,14,57,8,2,13,3
UR L ur DR dl FS R,2,14,57,8,2,13,3
ur L UR DR FS dl R,2,14,57,8,2,13,3
UR L ur DR FS dl R,2,14,57,8,2,13,3
ur L UR FS dl DR R,2,14,57,8,2,11,3
UR L ur FS dl DR R,2,14,57,8,2,13,3
ur L UR FS DR dl R,2,14,57,8,2,11,3
UR L ur FS DR dl R,2,14,57,8,2,13,3
UR R dl DR FS ur L,2,14,57,8,2,11,3
UR R dl DR ur FS L,2,14,57,8,2,11,3
UR R dl FS DR ur L,2,14,57,8,2,11,3
UR R dl FS L ur DR,2,14,57,8,2,10,3
UR R dl FS ur DR L,2,14,57,8,2,13,3
UR R dl FS ur L DR,2,14,57,8,2,12,3
UR R dl ur DR FS L,2,14,57,8,2,11,3
UR R dl ur FS DR L,2,14,57,8,2,13,3
UR R dl ur FS L DR,2,14,57,8,2,12,3
UR R DR L FS ur dl,2,14,57,8,2,12,3
ur R DR L UR dl FS,2,14,57,8,2,15,3
UR R DR L ur FS dl,2,14,57,8,2,12,3
ur R DR UR dl L FS,2,14,57,8,2,13,3
ur R DR UR L dl FS,2,14,57,8,2,15,3
UR R FS dl DR ur L,2,14,57,8,2,11,3
UR R FS dl L ur DR,2,14,57,8,2,12,3
UR R FS dl ur DR L,2,14,57,8,2,13,3
UR R FS dl ur L DR,2,14,57,8,2,12,3
UR R FS DR dl ur L,2,14,57,8,2,11,3
UR R FS DR ur dl L,2,14,57,8,2,13,3
UR R FS L dl ur DR,2,14,57,8,2,12,3
UR R FS L ur dl DR,2,14,57,8,2,10,2
UR R FS ur dl DR L,2,14,57,8,2,13,3
UR R FS ur dl L DR,2,14,57,8,2,14,3
UR R FS ur DR dl L,2,14,57,8,2,13,3
UR R FS ur L dl DR,2,14,57,8,2,12,3
UR R L DR FS ur dl,2,14,57,8,2,16,4
UR R L DR ur FS dl,2,14,57,8,2,16,4
UR R ur dl DR FS L,2,14,57,8,2,13,3
UR R ur dl FS DR L,2,14,57,8,2,15,3
UR R ur dl FS L DR,2,14,57,8,2,14,3
ur R UR DR dl L FS,2,14,57,8,2,13,3
ur R UR DR L dl FS,2,14,57,8,2,15,3
UR R ur FS dl DR L,2,14,57,8,2,15,3
UR R ur FS dl L DR,2,14,57,8,2,16,3
UR R ur FS DR dl L,2,14,57,8,2,15,3
UR R ur FS L dl DR,2,14,57,8,2,14,3
ur UR dl FS L R DR,2,14,57,8,2,16,4
UR ur dl FS L R DR,2,14,57,8,2,16,4
ur UR dl FS R DR L,2,14,57,8,2,15,4
UR ur dl FS R DR L,2,14,57,8,2,15,4
ur UR dl FS R L DR,2,14,57,8,2,18,4
UR ur dl FS R L DR,2,14,57,8,2,18,4
ur UR dl L DR FS R,2,14,57,8,2,17,4
UR ur dl L DR FS R,2,14,57,8,2,17,4
ur UR dl L FS DR R,2,14,57,8,2,15,4
UR ur dl L FS DR R,2,14,57,8,2,15,4
ur UR dl R DR FS L,2,14,57,8,2,13,4
UR ur dl R DR FS L,2,14,57,8,2,13,4
ur UR dl R FS DR L,2,14,57,8,2,15,4
UR ur dl R FS DR L,2,14,57,8,2,15,4
ur UR dl R FS L DR,2,14,57,8,2,14,4
UR ur dl R FS L DR,2,14,57,8,2,14,4
ur UR FS dl L R DR,2,14,57,8,2,16,4
UR ur FS dl L R DR,2,14,57,8,2,18,4
ur UR FS dl R DR L,2,14,57,8,2,13,4
UR ur FS dl R DR L,2,14,57,8,2,15,4
ur UR FS dl R L DR,2,14,57,8,2,16,4
UR ur FS dl R L DR,2,14,57,8,2,18,4
ur UR FS L dl R DR,2,14,57,8,2,12,4
UR ur FS L dl R DR,2,14,57,8,2,14,4
ur UR FS L R dl DR,2,14,57,8,2,14,4
UR ur FS L R dl DR,2,14,57,8,2,16,4
ur UR FS R dl DR L,2,14,57,8,2,13,4
UR ur FS R dl DR L,2,14,57,8,2,15,4
ur UR FS R dl L DR,2,14,57,8,2,14,4
UR ur FS R dl L DR,2,14,57,8,2,16,4
ur UR FS R DR dl L,2,14,57,8,2,13,4
UR ur FS R DR dl L,2,14,57,8,2,15,4
ur UR FS R L dl DR,2,14,57,8,2,16,4
UR ur FS R L dl DR,2,14,57,8,2,18,4
ur UR L dl DR FS R,2,14,57,8,2,17,4
UR ur L dl DR FS R,2,14,57,8,2,15,4
ur UR L dl FS DR R,2,14,57,8,2,17,4
UR ur L dl FS DR R,2,14,57,8,2,15,4
ur UR L DR dl FS R,2,14,57,8,2,17,4
UR ur L DR dl FS R,2,14,57,8,2,15,4
ur UR L DR FS dl R,2,14,57,8,2,17,4
UR ur L DR FS dl R,2,14,57,8,2,15,4
ur UR L FS dl DR R,2,14,57,8,2,15,4
UR ur L FS dl DR R,2,14,57,8,2,13,4
ur UR L FS DR dl R,2,14,57,8,2,15,4
UR ur L FS DR dl R,2,14,57,8,2,13,4
ur UR R dl DR FS L,2,14,57,8,2,13,4
UR ur R dl DR FS L,2,14,57,8,2,15,4
ur UR R dl FS DR L,2,14,57,8,2,15,4
UR ur R dl FS DR L,2,14,57,8,2,17,4
ur UR R dl FS L DR,2,14,57,8,2,14,4
UR ur R dl FS L DR,2,14,57,8,2,16,4
ur UR R FS dl DR L,2,14,57,8,2,15,4
UR ur R FS dl DR L,2,14,57,8,2,17,4
ur UR R FS dl L DR,2,14,57,8,2,16,4
UR ur R FS dl L DR,2,14,57,8,2,18,4
ur UR R FS DR dl L,2,14,57,8,2,15,4
UR ur R FS DR dl L,2,14,57,8,2,17,4
ur UR R FS L dl DR,2,14,57,8,2,14,4
UR ur R FS L dl DR,2,14,57,8,2,16,4
dl FS R DR ur L UR,2,13,57,9,2,12,3
dl FS R DR ur UR L,2,13,57,9,2,15,4
dl FS R DR UR ur L,2,13,57,9,2,13,4
dl FS R ur DR L UR,2,13,57,9,2,16,3
dl FS R ur DR UR L,2,13,57,9,2,15,3
dl FS ur R DR L UR,2,13,57,9,2,16,3
dl FS ur R DR UR L,2,13,57,9,2,15,3
dl R DR FS ur L UR,2,13,57,9,2,12,3
dl R DR FS ur UR L,2,13,57,9,2,15,4
dl R DR FS UR ur L,2,13,57,9,2,11,4
dl R DR ur FS L UR,2,13,57,9,2,12,3
dl R DR ur FS UR L,2,13,57,9,2,11,3
dl R DR UR FS ur L,2,13,57,9,2,9,3
dl R DR ur L FS UR,2,13,57,9,2,8,2
dl R DR ur UR FS L,2,13,57,9,2,11,4
dl R DR UR ur FS L,2,13,57,9,2,13,4
dl R FS DR ur L UR,2,13,57,9,2,12,3
dl R FS DR ur UR L,2,13,57,9,2,15,4
dl R FS DR UR ur L,2,13,57,9,2,13,4
dl R FS ur DR L UR,2,13,57,9,2,14,3
dl R FS ur DR UR L,2,13,57,9,2,13,3
dl R ur DR FS L UR,2,13,57,9,2,14,3
dl R ur DR FS UR L,2,13,57,9,2,13,3
dl R ur DR L FS UR,2,13,57,9,2,12,3
dl R ur DR UR FS L,2,13,57,9,2,11,3
dl R ur FS DR L UR,2,13,57,9,2,16,3
dl R ur FS DR UR L,2,13,57,9,2,15,3
dl ur FS R DR L UR,2,13,57,9,2,14,3
dl ur FS R DR UR L,2,13,57,9,2,13,3
dl ur R DR FS L UR,2,13,57,9,2,14,3
dl ur R DR FS UR L,2,13,57,9,2,13,3
dl ur R DR L FS UR,2,13,57,9,2,12,3
dl ur R DR UR FS L,2,13,57,9,2,11,3
dl ur R FS DR L UR,2,13,57,9,2,16,3
dl ur R FS DR UR L,2,13,57,9,2,15,3
FS dl R DR ur L UR,2,13,57,9,2,11,3
FS dl R DR ur UR L,2,13,57,9,2,14,4
FS dl R DR UR ur L,2,13,57,9,2,12,4
FS dl R ur DR L UR,2,13,57,9,2,15,3
FS dl R ur DR UR L,2,13,57,9,2,14,3
FS dl ur R DR L UR,2,13,57,9,2,15,3
FS dl ur R DR UR L,2,13,57,9,2,14,3
FS R dl DR ur L UR,2,13,57,9,2,11,3
FS R dl DR ur UR L,2,13,57,9,2,14,4
FS R dl DR UR ur L,2,13,57,9,2,12,4
FS R dl ur DR L UR,2,13,57,9,2,13,3
FS R dl ur DR UR L,2,13,57,9,2,12,3
FS R DR dl ur L UR,2,13,57,9,2,11,3
FS R DR dl ur UR L,2,13,57,9,2,14,4
FS R DR dl UR ur L,2,13,57,9,2,12,4
FS R DR ur dl L UR,2,13,57,9,2,13,3
FS R DR ur dl UR L,2,13,57,9,2,12,3
FS R DR UR dl ur L,2,13,57,9,2,10,2
FS R DR ur L dl UR,2,13,57,9,2,11,3
FS R DR ur UR dl L,2,13,57,9,2,14,4
FS R DR UR ur dl L,2,13,57,9,2,14,4
FS R ur dl DR L UR,2,13,57,9,2,15,3
FS R ur dl DR UR L,2,13,57,9,2,14,3
FS R ur DR dl L UR,2,13,57,9,2,15,3
FS R ur DR dl UR L,2,13,57,9,2,14,3
FS R ur DR L dl UR,2,13,57,9,2,15,3
FS R ur DR UR dl L,2,13,57,9,2,14,3
FS ur dl R DR L UR,2,13,57,9,2,13,3
FS ur dl R DR UR L,2,13,57,9,2,12,3
FS ur R dl DR L UR,2,13,57,9,2,15,3
FS ur R dl DR UR L,2,13,57,9,2,14,3
FS ur R DR dl L UR,2,13,57,9,2,15,3
FS ur R DR dl UR L,2,13,57,9,2,14,3
FS ur R DR L dl UR,2,13,57,9,2,15,3
FS ur R DR UR dl L,2,13,57,9,2,14,3
R dl DR FS ur L UR,2,13,57,9,2,13,3
R dl DR FS ur UR L,2,13,57,9,2,16,4
R dl DR FS UR ur L,2,13,57,9,2,12,4
R dl DR ur FS L UR,2,13,57,9,2,13,3
R dl DR ur FS UR L,2,13,57,9,2,12,3
R dl DR UR FS ur L,2,13,57,9,2,10,3
R dl DR ur L FS UR,2,13,57,9,2,9,2
R dl DR ur UR FS L,2,13,57,9,2,12,4
R dl DR UR ur FS L,2,13,57,9,2,14,4
R dl FS DR ur L UR,2,13,57,9,2,13,3
R dl FS DR ur UR L,2,13,57,9,2,16,4
R dl FS DR UR ur L,2,13,57,9,2,14,4
R dl FS ur DR L UR,2,13,57,9,2,15,3
R dl FS ur DR UR L,2,13,57,9,2,14,3
R dl ur DR FS L UR,2,13,57,9,2,13,3
R dl ur DR FS UR L,2,13,57,9,2,12,3
R dl ur DR L FS UR,2,13,57,9,2,11,3
R dl ur DR UR FS L,2,13,57,9,2,10,2
R dl ur FS DR L UR,2,13,57,9,2,15,3
R dl ur FS DR UR L,2,13,57,9,2,14,3
R DR dl FS ur L UR,2,13,57,9,2,13,3
R DR dl FS ur UR L,2,13,57,9,2,16,4
R DR dl FS UR ur L,2,13,57,9,2,12,4
R DR dl ur FS L UR,2,13,57,9,2,13,3
R DR dl ur FS UR L,2,13,57,9,2,12,3
R DR dl UR FS ur L,2,13,57,9,2,10,3
R DR dl ur L FS UR,2,13,57,9,2,9,2
R DR dl ur UR FS L,2,13,57,9,2,12,4
R DR dl UR ur FS L,2,13,57,9,2,14,4
R DR FS dl ur L UR,2,13,57,9,2,13,3
R DR FS dl ur UR L,2,13,57,9,2,16,4
R DR FS dl UR ur L,2,13,57,9,2,14,4
R DR FS ur dl L UR,2,13,57,9,2,15,3
R DR FS ur dl UR L,2,13,57,9,2,14,3
R DR FS UR dl ur L,2,13,57,9,2,10,3
R DR FS ur L dl UR,2,13,57,9,2,13,3
R DR FS ur UR dl L,2,13,57,9,2,16,4
R DR FS UR ur dl L,2,13,57,9,2,14,4
R DR ur dl FS L UR,2,13,57,9,2,13,3
R DR ur dl FS UR L,2,13,57,9,2,12,3
R DR ur dl L FS UR,2,13,57,9,2,11,3
R DR ur dl UR FS L,2,13,57,9,2,10,2
R DR ur FS dl L UR,2,13,57,9,2,15,3
R DR ur FS dl UR L,2,13,57,9,2,14,3
R DR ur FS L dl UR,2,13,57,9,2,13,3
R DR ur FS UR dl L,2,13,57,9,2,12,3
R DR ur L dl FS UR,2,13,57,9,2,11,3
R DR ur L FS dl UR,2,13,57,9,2,11,3
R FS dl DR ur L UR,2,13,57,9,2,13,3
R FS dl DR ur UR L,2,13,57,9,2,16,4
R FS dl DR UR ur L,2,13,57,9,2,14,4
R FS dl ur DR L UR,2,13,57,9,2,15,3
R FS dl ur DR UR L,2,13,57,9,2,14,3
R FS DR dl ur L UR,2,13,57,9,2,13,3
R FS DR dl ur UR L,2,13,57,9,2,16,4
R FS DR dl UR ur L,2,13,57,9,2,14,4
R FS DR ur dl L UR,2,13,57,9,2,15,3
R FS DR ur dl UR L,2,13,57,9,2,14,3
R FS DR UR dl ur L,2,13,57,9,2,12,3
R FS DR ur L dl UR,2,13,57,9,2,13,3
R FS DR ur UR dl L,2,13,57,9,2,16,4
R FS DR UR ur dl L,2,13,57,9,2,16,4
R FS ur dl DR L UR,2,13,57,9,2,15,3
R FS ur dl DR UR L,2,13,57,9,2,14,3
R FS ur DR dl L UR,2,13,57,9,2,15,3
R FS ur DR dl UR L,2,13,57,9,2,14,3
R FS ur DR L dl UR,2,13,57,9,2,15,3
R FS ur DR UR dl L,2,13,57,9,2,14,3
R ur dl DR FS L UR,2,13,57,9,2,15,3
R ur dl DR FS UR L,2,13,57,9,2,14,3
R ur dl DR L FS UR,2,13,57,9,2,13,3
R ur dl DR UR FS L,2,13,57,9,2,12,3
R ur dl FS DR L UR,2,13,57,9,2,17,3
R ur dl FS DR UR L,2,13,57,9,2,16,3
R ur DR dl FS L UR,2,13,57,9,2,15,3
R ur DR dl FS UR L,2,13,57,9,2,14,3
R ur DR dl L FS UR,2,13,57,9,2,13,3
R ur DR dl UR FS L,2,13,57,9,2,12,3
R ur DR FS dl L UR,2,13,57,9,2,17,3
R ur DR FS dl UR L,2,13,57,9,2,16,3
R ur DR FS L dl UR,2,13,57,9,2,15,3
R ur DR FS UR dl L,2,13,57,9,2,14,3
R ur DR L dl FS UR,2,13,57,9,2,15,3
R ur DR L FS dl UR,2,13,57,9,2,15,3
R ur FS dl DR L UR,2,13,57,9,2,17,3
R ur FS dl DR UR L,2,13,57,9,2,16,3
R ur FS DR dl L UR,2,13,57,9,2,17,3
R ur FS DR dl UR L,2,13,57,9,2,16,3
R ur FS DR L dl UR,2,13,57,9,2,17,3
R ur FS DR UR dl L,2,13,57,9,2,16,3
ur dl FS R DR L UR,2,13,57,9,2,14,3
ur dl FS R DR UR L,2,13,57,9,2,13,3
ur dl R DR FS L UR,2,13,57,9,2,12,3
ur dl R DR FS UR L,2,13,57,9,2,11,3
ur dl R DR L FS UR,2,13,57,9,2,10,3
ur dl R DR UR FS L,2,13,57,9,2,9,2
ur dl R FS DR L UR,2,13,57,9,2,14,3
ur dl R FS DR UR L,2,13,57,9,2,13,3
ur FS dl R DR L UR,2,13,57,9,2,14,3
ur FS dl R DR UR L,2,13,57,9,2,13,3
ur FS R dl DR L UR,2,13,57,9,2,14,3
ur FS R dl DR UR L,2,13,57,9,2,13,3
ur FS R DR dl L UR,2,13,57,9,2,14,3
ur FS R DR dl UR L,2,13,57,9,2,13,3
ur FS R DR L dl UR,2,13,57,9,2,14,3
ur FS R DR UR dl L,2,13,57,9,2,13,3
ur R dl DR FS L UR,2,13,57,9,2,14,3
ur R dl DR FS UR L,2,13,57,9,2,13,3
ur R dl DR L FS UR,2,13,57,9,2,12,3
ur R dl DR UR FS L,2,13,57,9,2,11,3
ur R dl FS DR L UR,2,13,57,9,2,16,3
ur R dl FS DR UR L,2,13,57,9,2,15,3
ur R DR dl FS L UR,2,13,57,9,2,14,3
ur R DR dl FS UR L,2,13,57,9,2,13,3
ur R DR dl L FS UR,2,13,57,9,2,12,3
ur R DR dl UR FS L,2,13,57,9,2,11,3
ur R DR FS dl L UR,2,13,57,9,2,16,3
ur R DR FS dl UR L,2,13,57,9,2,15,3
ur R DR FS L dl UR,2,13,57,9,2,14,3
ur R DR FS UR dl L,2,13,57,9,2,13,3
ur R DR L dl FS UR,2,13,57,9,2,14,3
ur R DR L FS dl UR,2,13,57,9,2,14,3
ur R FS dl DR L UR,2,13,57,9,2,16,3
ur R FS dl DR UR L,2,13,57,9,2,15,3
ur R FS DR dl L UR,2,13,57,9,2,16,3
ur R FS DR dl UR L,2,13,57,9,2,15,3
ur R FS DR L dl UR,2,13,57,9,2,16,3
ur R FS DR UR dl L,2,13,57,9,2,15,3
L R DR UR dl FS ur,2,14,58,9,2,15,4
L R DR UR FS dl ur,2,14,58,9,2,13,4
L R UR DR dl FS ur,2,14,58,9,2,15,4
L R UR DR FS dl ur,2,14,58,9,2,15,4
R DR L UR dl FS ur,2,14,58,9,2,15,3
R DR L UR FS dl ur,2,14,58,9,2,13,3
R DR UR dl L FS ur,2,14,58,9,2,13,3
R DR UR L dl FS ur,2,14,58,9,2,15,3
R DR UR L FS dl ur,2,14,58,9,2,13,3
R L DR UR dl FS ur,2,14,58,9,2,17,4
R L DR UR FS dl ur,2,14,58,9,2,15,4
R L UR DR dl FS ur,2,14,58,9,2,17,4
R L UR DR FS dl ur,2,14,58,9,2,17,4
R UR DR dl L FS ur,2,14,58,9,2,13,3
R UR DR L dl FS ur,2,14,58,9,2,15,3
R UR DR L FS dl ur,2,14,58,9,2,13,3
R UR L DR dl FS ur,2,14,58,9,2,15,3
R UR L DR FS dl ur,2,14,58,9,2,15,3
R DR UR FS L ur dl,2,14,59,8,2,9,2
R DR UR FS ur L dl,2,14,59,8,2,11,3
R DR ur L UR FS dl,2,14,59,8,2,11,3
R DR ur UR FS L dl,2,14,59,8,2,13,4
R DR UR ur FS L dl,2,14,59,8,2,15,4
R DR ur UR L FS dl,2,14,59,8,2,15,4
R DR UR ur L FS dl,2,14,59,8,2,13,4
R UR DR FS L ur dl,2,14,59,8,2,11,3
R UR DR FS ur L dl,2,14,59,8,2,13,3
R ur DR L UR FS dl,2,14,59,8,2,15,3
R ur DR UR FS L dl,2,14,59,8,2,13,3
R UR DR ur FS L dl,2,14,59,8,2,13,3
R ur DR UR L FS dl,2,14,59,8,2,15,3
R UR DR ur L FS dl,2,14,59,8,2,11,3
R ur UR DR FS L dl,2,14,59,8,2,17,4
R UR ur DR FS L dl,2,14,59,8,2,15,4
R ur UR DR L FS dl,2,14,59,8,2,17,4
R UR ur DR L FS dl,2,14,59,8,2,15,4
ur R DR L UR FS dl,2,14,59,8,2,14,3
ur R DR UR FS L dl,2,14,59,8,2,12,3
ur R DR UR L FS dl,2,14,59,8,2,14,3
ur R UR DR FS L dl,2,14,59,8,2,14,3
ur R UR DR L FS dl,2,14,59,8,2,14,3
dl L UR FS R ur DR,2,14,59,9,2,14,3
dl L UR FS ur R DR,2,14,59,9,2,14,3
dl L UR R FS ur DR,2,14,59,9,2,14,3
dl L UR R ur FS DR,2,14,59,9,2,16,3
dl L ur UR FS R DR,2,14,59,9,2,12,4
dl L UR ur FS R DR,2,14,59,9,2,16,4
dl L ur UR R FS DR,2,14,59,9,2,14,4
dl L UR ur R FS DR,2,14,59,9,2,18,4
dl UR L FS R ur DR,2,14,59,9,2,14,3
dl UR L FS ur R DR,2,14,59,9,2,14,3
dl UR L R FS ur DR,2,14,59,9,2,16,4
dl UR L R ur FS DR,2,14,59,9,2,18,4
dl ur L UR FS R DR,2,14,59,9,2,10,3
dl UR L ur FS R DR,2,14,59,9,2,12,3
dl ur L UR R FS DR,2,14,59,9,2,12,3
dl UR L ur R FS DR,2,14,59,9,2,14,3
dl UR R L FS ur DR,2,14,59,9,2,14,4
dl UR R L ur FS DR,2,14,59,9,2,14,4
dl UR R ur L FS DR,2,14,59,9,2,12,3
dl ur UR L FS R DR,2,14,59,9,2,14,4
dl UR ur L FS R DR,2,14,59,9,2,12,4
dl ur UR L R FS DR,2,14,59,9,2,18,4
dl UR ur L R FS DR,2,14,59,9,2,16,4
dl ur UR R L FS DR,2,14,59,9,2,16,4
dl UR ur R L FS DR,2,14,59,9,2,18,4
L dl UR FS R ur DR,2,14,59,9,2,13,3
L dl UR FS ur R DR,2,14,59,9,2,13,3
L dl UR R FS ur DR,2,14,59,9,2,13,3
L dl UR R ur FS DR,2,14,59,9,2,15,3
L dl ur UR FS R DR,2,14,59,9,2,13,4
L dl UR ur FS R DR,2,14,59,9,2,15,4
L dl ur UR R FS DR,2,14,59,9,2,15,4
L dl UR ur R FS DR,2,14,59,9,2,17,4
L R DR UR dl ur FS,2,14,59,9,2,14,4
L R DR ur UR dl FS,2,14,59,9,2,16,4
L R DR UR ur dl FS,2,14,59,9,2,16,4
L R UR DR dl ur FS,2,14,59,9,2,14,4
L R UR DR ur dl FS,2,14,59,9,2,14,4
L UR dl FS R ur DR,2,14,59,9,2,15,3
L UR dl FS ur R DR,2,14,59,9,2,15,3
L UR dl R FS ur DR,2,14,59,9,2,13,3
L UR dl R ur FS DR,2,14,59,9,2,15,3
L ur dl UR FS R DR,2,14,59,9,2,9,2
L UR dl ur FS R DR,2,14,59,9,2,13,3
L ur dl UR R FS DR,2,14,59,9,2,11,3
L UR dl ur R FS DR,2,14,59,9,2,15,3
L UR FS dl R ur DR,2,14,59,9,2,13,3
L UR FS dl ur R DR,2,14,59,9,2,13,3
L UR FS R dl ur DR,2,14,59,9,2,11,3
L UR FS R ur dl DR,2,14,59,9,2,13,3
L UR FS ur dl R DR,2,14,59,9,2,11,3
L UR FS ur R dl DR,2,14,59,9,2,13,3
L UR R dl FS ur DR,2,14,59,9,2,13,3
L UR R dl ur FS DR,2,14,59,9,2,13,3
L UR R FS dl ur DR,2,14,59,9,2,13,3
L UR R FS ur dl DR,2,14,59,9,2,13,3
L UR R ur dl FS DR,2,14,59,9,2,15,3
L UR R ur FS dl DR,2,14,59,9,2,15,3
L ur UR dl FS R DR,2,14,59,9,2,13,4
L UR ur dl FS R DR,2,14,59,9,2,15,4
L ur UR dl R FS DR,2,14,59,9,2,13,4
L UR ur dl R FS DR,2,14,59,9,2,15,4
L ur UR FS dl R DR,2,14,59,9,2,11,4
L UR ur FS dl R DR,2,14,59,9,2,15,4
L ur UR FS R dl DR,2,14,59,9,2,11,4
L UR ur FS R dl DR,2,14,59,9,2,15,4
L ur UR R dl FS DR,2,14,59,9,2,13,4
L UR ur R dl FS DR,2,14,59,9,2,17,4
L ur UR R FS dl DR,2,14,59,9,2,13,4
L UR ur R FS dl DR,2,14,59,9,2,17,4
R DR L UR dl ur FS,2,14,59,9,2,14,3
R DR L ur UR dl FS,2,14,59,9,2,14,4
R DR L UR ur dl FS,2,14,59,9,2,16,4
R DR UR dl L ur FS,2,14,59,9,2,12,3
R DR UR L dl ur FS,2,14,59,9,2,14,3
R DR UR L ur dl FS,2,14,59,9,2,12,3
R L DR UR dl ur FS,2,14,59,9,2,16,4
R L DR ur UR dl FS,2,14,59,9,2,18,4
R L DR UR ur dl FS,2,14,59,9,2,18,4
R L UR DR dl ur FS,2,14,59,9,2,16,4
R L UR DR ur dl FS,2,14,59,9,2,16,4
R UR DR dl L ur FS,2,14,59,9,2,12,3
R UR DR L dl ur FS,2,14,59,9,2,14,3
R UR DR L ur dl FS,2,14,59,9,2,12,3
R UR L DR dl ur FS,2,14,59,9,2,14,3
R UR L DR ur dl FS,2,14,59,9,2,14,3
UR dl L FS R ur DR,2,14,59,9,2,14,3
UR dl L FS ur R DR,2,14,59,9,2,14,3
UR dl L R FS ur DR,2,14,59,9,2,16,4
UR dl L R ur FS DR,2,14,59,9,2,18,4
ur dl L UR FS R DR,2,14,59,9,2,12,3
UR dl L ur FS R DR,2,14,59,9,2,12,3
ur dl L UR R FS DR,2,14,59,9,2,14,3
UR dl L ur R FS DR,2,14,59,9,2,14,3
UR dl R L FS ur DR,2,14,59,9,2,14,4
UR dl R L ur FS DR,2,14,59,9,2,14,4
UR dl R ur L FS DR,2,14,59,9,2,12,3
ur dl UR L FS R DR,2,14,59,9,2,12,3
UR dl ur L FS R DR,2,14,59,9,2,10,2
ur dl UR L R FS DR,2,14,59,9,2,16,4
UR dl ur L R FS DR,2,14,59,9,2,14,4
ur dl UR R L FS DR,2,14,59,9,2,14,4
UR dl ur R L FS DR,2,14,59,9,2,16,4
UR L dl FS R ur DR,2,14,59,9,2,16,3
UR L dl FS ur R DR,2,14,59,9,2,16,3
UR L dl R FS ur DR,2,14,59,9,2,14,3
UR L dl R ur FS DR,2,14,59,9,2,16,3
ur L dl UR FS R DR,2,14,59,9,2,10,3
UR L dl ur FS R DR,2,14,59,9,2,14,3
ur L dl UR R FS DR,2,14,59,9,2,12,3
UR L dl ur R FS DR,2,14,59,9,2,16,3
UR L FS dl R ur DR,2,14,59,9,2,14,3
UR L FS dl ur R DR,2,14,59,9,2,14,3
UR L FS R dl ur DR,2,14,59,9,2,12,3
UR L FS R ur dl DR,2,14,59,9,2,14,3
UR L FS ur dl R DR,2,14,59,9,2,12,3
UR L FS ur R dl DR,2,14,59,9,2,14,3
UR L R dl FS ur DR,2,14,59,9,2,16,4
UR L R dl ur FS DR,2,14,59,9,2,16,4
UR L R FS dl ur DR,2,14,59,9,2,16,4
UR L R FS ur dl DR,2,14,59,9,2,16,4
UR L R ur dl FS DR,2,14,59,9,2,18,4
UR L R ur FS dl DR,2,14,59,9,2,18,4
ur L UR dl FS R DR,2,14,59,9,2,12,3
UR L ur dl FS R DR,2,14,59,9,2,12,3
ur L UR dl R FS DR,2,14,59,9,2,12,3
UR L ur dl R FS DR,2,14,59,9,2,12,3
ur L UR FS dl R DR,2,14,59,9,2,10,3
UR L ur FS dl R DR,2,14,59,9,2,12,3
ur L UR FS R dl DR,2,14,59,9,2,10,3
UR L ur FS R dl DR,2,14,59,9,2,12,3
ur L UR R dl FS DR,2,14,59,9,2,12,3
UR L ur R dl FS DR,2,14,59,9,2,14,3
ur L UR R FS dl DR,2,14,59,9,2,12,3
UR L ur R FS dl DR,2,14,59,9,2,14,3
UR R dl L FS ur DR,2,14,59,9,2,12,3
UR R dl L ur FS DR,2,14,59,9,2,12,3
UR R dl ur L FS DR,2,14,59,9,2,10,3
UR R L dl FS ur DR,2,14,59,9,2,16,4
UR R L dl ur FS DR,2,14,59,9,2,16,4
UR R L FS dl ur DR,2,14,59,9,2,14,4
UR R L FS ur dl DR,2,14,59,9,2,14,4
UR R L ur dl FS DR,2,14,59,9,2,14,4
UR R L ur FS dl DR,2,14,59,9,2,14,4
UR R ur dl L FS DR,2,14,59,9,2,14,3
UR R ur L dl FS DR,2,14,59,9,2,14,3
UR R ur L FS dl DR,2,14,59,9,2,12,3
ur UR dl L FS R DR,2,14,59,9,2,14,4
UR ur dl L FS R DR,2,14,59,9,2,14,4
ur UR dl L R FS DR,2,14,59,9,2,18,4
UR ur dl L R FS DR,2,14,59,9,2,18,4
ur UR dl R L FS DR,2,14,59,9,2,16,4
UR ur dl R L FS DR,2,14,59,9,2,16,4
ur UR L dl FS R DR,2,14,59,9,2,16,4
UR ur L dl FS R DR,2,14,59,9,2,14,4
ur UR L dl R FS DR,2,14,59,9,2,16,4
UR ur L dl R FS DR,2,14,59,9,2,14,4
ur UR L FS dl R DR,2,14,59,9,2,14,4
UR ur L FS dl R DR,2,14,59,9,2,12,4
ur UR L FS R dl DR,2,14,59,9,2,14,4
UR ur L FS R dl DR,2,14,59,9,2,12,4
ur UR L R dl FS DR,2,14,59,9,2,18,4
UR ur L R dl FS DR,2,14,59,9,2,16,4
ur UR L R FS dl DR,2,14,59,9,2,18,4
UR ur L R FS dl DR,2,14,59,9,2,16,4
ur UR R dl L FS DR,2,14,59,9,2,14,4
UR ur R dl L FS DR,2,14,59,9,2,16,4
ur UR R L dl FS DR,2,14,59,9,2,18,4
UR ur R L dl FS DR,2,14,59,9,2,20,4
ur UR R L FS dl DR,2,14,59,9,2,16,4
UR ur R L FS dl DR,2,14,59,9,2,18,4
dl FS L R DR ur UR,2,13,59,10,2,16,4
dl FS R DR L ur UR,2,13,59,10,2,14,4
dl FS R L DR ur UR,2,13,59,10,2,18,4
dl L FS R DR ur UR,2,13,59,10,2,14,4
dl L R DR FS ur UR,2,13,59,10,2,18,4
dl L R DR ur FS UR,2,13,59,10,2,14,4
dl L R FS DR ur UR,2,13,59,10,2,18,4
dl R DR FS L ur UR,2,13,59,10,2,12,4
dl R DR L FS ur UR,2,13,59,10,2,14,4
dl R DR L ur FS UR,2,13,59,10,2,10,3
dl R FS DR L ur UR,2,13,59,10,2,14,4
dl R FS L DR ur UR,2,13,59,10,2,14,4
dl R L DR FS ur UR,2,13,59,10,2,18,4
dl R L DR ur FS UR,2,13,59,10,2,14,4
dl R L FS DR ur UR,2,13,59,10,2,16,4
FS dl L R DR ur UR,2,13,59,10,2,17,4
FS dl R DR L ur UR,2,13,59,10,2,13,4
FS dl R L DR ur UR,2,13,59,10,2,17,4
FS L dl R DR ur UR,2,13,59,10,2,13,4
FS L R dl DR ur UR,2,13,59,10,2,15,4
FS L R DR dl ur UR,2,13,59,10,2,15,4
FS L R DR ur dl UR,2,13,59,10,2,13,4
FS R dl DR L ur UR,2,13,59,10,2,13,4
FS R dl L DR ur UR,2,13,59,10,2,15,4
FS R DR dl L ur UR,2,13,59,10,2,13,4
FS R DR L dl ur UR,2,13,59,10,2,15,4
FS R DR L ur dl UR,2,13,59,10,2,11,3
FS R L dl DR ur UR,2,13,59,10,2,17,4
FS R L DR dl ur UR,2,13,59,10,2,17,4
FS R L DR ur dl UR,2,13,59,10,2,15,4
L dl FS R DR ur UR,2,13,59,10,2,15,4
L dl R DR FS ur UR,2,13,59,10,2,15,4
L dl R DR ur FS UR,2,13,59,10,2,11,3
L dl R FS DR ur UR,2,13,59,10,2,15,4
L FS dl R DR ur UR,2,13,59,10,2,13,4
L FS R dl DR ur UR,2,13,59,10,2,13,4
L FS R DR dl ur UR,2,13,59,10,2,13,4
L FS R DR ur dl UR,2,13,59,10,2,11,2
L R dl DR FS ur UR,2,13,59,10,2,17,4
L R dl DR ur FS UR,2,13,59,10,2,13,4
L R dl FS DR ur UR,2,13,59,10,2,17,4
L R DR dl FS ur UR,2,13,59,10,2,17,4
L R DR dl ur FS UR,2,13,59,10,2,13,4
L R DR FS dl ur UR,2,13,59,10,2,17,4
L R DR FS ur dl UR,2,13,59,10,2,15,4
L R DR ur dl FS UR,2,13,59,10,2,13,4
L R DR ur FS dl UR,2,13,59,10,2,15,4
L R FS dl DR ur UR,2,13,59,10,2,17,4
L R FS DR dl ur UR,2,13,59,10,2,17,4
L R FS DR ur dl UR,2,13,59,10,2,15,4
R dl DR FS L ur UR,2,13,59,10,2,13,4
R dl DR L FS ur UR,2,13,59,10,2,15,4
R dl DR L ur FS UR,2,13,59,10,2,11,3
R dl FS DR L ur UR,2,13,59,10,2,15,4
R dl FS L DR ur UR,2,13,59,10,2,15,4
R dl L DR FS ur UR,2,13,59,10,2,17,4
R dl L DR ur FS UR,2,13,59,10,2,13,3
R dl L FS DR ur UR,2,13,59,10,2,15,4
R DR dl FS L ur UR,2,13,59,10,2,13,4
R DR dl L FS ur UR,2,13,59,10,2,15,4
R DR dl L ur FS UR,2,13,59,10,2,11,3
R DR FS dl L ur UR,2,13,59,10,2,15,4
R DR FS L dl ur UR,2,13,59,10,2,15,4
R DR FS L ur dl UR,2,13,59,10,2,11,3
R DR L dl FS ur UR,2,13,59,10,2,17,4
R DR L dl ur FS UR,2,13,59,10,2,13,3
R DR L FS dl ur UR,2,13,59,10,2,15,4
R DR L FS ur dl UR,2,13,59,10,2,13,3
R DR L ur dl FS UR,2,13,59,10,2,11,3
R DR L ur FS dl UR,2,13,59,10,2,13,3
R FS dl DR L ur UR,2,13,59,10,2,15,4
R FS dl L DR ur UR,2,13,59,10,2,17,4
R FS DR dl L ur UR,2,13,59,10,2,15,4
R FS DR L dl ur UR,2,13,59,10,2,17,4
R FS DR L ur dl UR,2,13,59,10,2,13,3
R FS L dl DR ur UR,2,13,59,10,2,15,4
R FS L DR dl ur UR,2,13,59,10,2,15,4
R FS L DR ur dl UR,2,13,59,10,2,13,3
R L dl DR FS ur UR,2,13,59,10,2,19,4
R L dl DR ur FS UR,2,13,59,10,2,15,4
R L dl FS DR ur UR,2,13,59,10,2,19,4
R L DR dl FS ur UR,2,13,59,10,2,19,4
R L DR dl ur FS UR,2,13,59,10,2,15,4
R L DR FS dl ur UR,2,13,59,10,2,19,4
R L DR FS ur dl UR,2,13,59,10,2,17,4
R L DR ur dl FS UR,2,13,59,10,2,15,4
R L DR ur FS dl UR,2,13,59,10,2,17,4
R L FS dl DR ur UR,2,13,59,10,2,17,4
R L FS DR dl ur UR,2,13,59,10,2,17,4
R L FS DR ur dl UR,2,13,59,10,2,15,4
dl FS R UR DR ur L,2,14,61,9,2,11,3
dl FS R UR L ur DR,2,14,61,9,2,12,3
dl FS R ur UR DR L,2,14,61,9,2,17,4
dl FS R UR ur DR L,2,14,61,9,2,15,4
dl FS R ur UR L DR,2,14,61,9,2,18,4
dl FS R UR ur L DR,2,14,61,9,2,14,4
dl FS ur R UR DR L,2,14,61,9,2,15,3
dl FS ur R UR L DR,2,14,61,9,2,16,3
dl R FS UR DR ur L,2,14,61,9,2,9,2
dl R FS UR L ur DR,2,14,61,9,2,10,3
dl R FS ur UR DR L,2,14,61,9,2,15,4
dl R FS UR ur DR L,2,14,61,9,2,13,4
dl R FS ur UR L DR,2,14,61,9,2,16,4
dl R FS UR ur L DR,2,14,61,9,2,12,4
dl R UR DR FS ur L,2,14,61,9,2,11,3
dl R UR DR ur FS L,2,14,61,9,2,11,3
dl R UR FS DR ur L,2,14,61,9,2,9,3
dl R UR FS L ur DR,2,14,61,9,2,8,2
dl R ur FS UR DR L,2,14,61,9,2,13,3
dl R UR FS ur DR L,2,14,61,9,2,11,3
dl R ur FS UR L DR,2,14,61,9,2,14,3
dl R UR FS ur L DR,2,14,61,9,2,10,3
dl R ur UR DR FS L,2,14,61,9,2,15,4
dl R UR ur DR FS L,2,14,61,9,2,13,4
dl R ur UR FS DR L,2,14,61,9,2,15,4
dl R UR ur FS DR L,2,14,61,9,2,15,4
dl R ur UR FS L DR,2,14,61,9,2,14,4
dl R UR ur FS L DR,2,14,61,9,2,14,4
dl ur FS R UR DR L,2,14,61,9,2,13,3
dl ur FS R UR L DR,2,14,61,9,2,14,3
dl ur R FS UR DR L,2,14,61,9,2,13,3
dl ur R FS UR L DR,2,14,61,9,2,14,3
dl ur R UR DR FS L,2,14,61,9,2,13,3
dl ur R UR FS DR L,2,14,61,9,2,13,3
dl ur R UR FS L DR,2,14,61,9,2,12,3
FS dl R UR DR ur L,2,14,61,9,2,10,3
FS dl R UR L ur DR,2,14,61,9,2,11,3
FS dl R ur UR DR L,2,14,61,9,2,16,4
FS dl R UR ur DR L,2,14,61,9,2,14,4
FS dl R ur UR L DR,2,14,61,9,2,17,4
FS dl R UR ur L DR,2,14,61,9,2,13,4
FS dl ur R UR DR L,2,14,61,9,2,14,3
FS dl ur R UR L DR,2,14,61,9,2,15,3
FS R dl UR DR ur L,2,14,61,9,2,10,2
FS R dl UR L ur DR,2,14,61,9,2,11,3
FS R dl ur UR DR L,2,14,61,9,2,14,4
FS R dl UR ur DR L,2,14,61,9,2,14,4
FS R dl ur UR L DR,2,14,61,9,2,15,4
FS R dl UR ur L DR,2,14,61,9,2,13,4
FS R UR dl DR ur L,2,14,61,9,2,10,2
FS R UR dl L ur DR,2,14,61,9,2,11,3
FS R ur dl UR DR L,2,14,61,9,2,14,3
FS R UR dl ur DR L,2,14,61,9,2,12,3
FS R ur dl UR L DR,2,14,61,9,2,15,3
FS R UR dl ur L DR,2,14,61,9,2,11,3
FS R UR DR dl ur L,2,14,61,9,2,10,2
FS R UR DR ur dl L,2,14,61,9,2,12,3
FS R UR L dl ur DR,2,14,61,9,2,13,3
FS R UR L ur dl DR,2,14,61,9,2,11,3
FS R ur UR dl DR L,2,14,61,9,2,16,4
FS R UR ur dl DR L,2,14,61,9,2,14,4
FS R ur UR dl L DR,2,14,61,9,2,17,4
FS R UR ur dl L DR,2,14,61,9,2,15,4
FS R ur UR DR dl L,2,14,61,9,2,16,4
FS R UR ur DR dl L,2,14,61,9,2,14,4
FS R ur UR L dl DR,2,14,61,9,2,17,4
FS R UR ur L dl DR,2,14,61,9,2,13,4
FS ur dl R UR DR L,2,14,61,9,2,12,3
FS ur dl R UR L DR,2,14,61,9,2,13,3
FS ur R dl UR DR L,2,14,61,9,2,14,3
FS ur R dl UR L DR,2,14,61,9,2,15,3
FS ur R UR dl DR L,2,14,61,9,2,14,3
FS ur R UR dl L DR,2,14,61,9,2,15,3
FS ur R UR DR dl L,2,14,61,9,2,14,3
FS ur R UR L dl DR,2,14,61,9,2,15,3
L R DR UR FS ur dl,2,14,61,9,2,13,4
L R DR ur UR FS dl,2,14,61,9,2,15,4
L R DR UR ur FS dl,2,14,61,9,2,17,4
L R UR DR FS ur dl,2,14,61,9,2,15,4
L R UR DR ur FS dl,2,14,61,9,2,15,4
R dl FS UR DR ur L,2,14,61,9,2,10,3
R dl FS UR L ur DR,2,14,61,9,2,11,3
R dl FS ur UR DR L,2,14,61,9,2,16,4
R dl FS UR ur DR L,2,14,61,9,2,14,4
R dl FS ur UR L DR,2,14,61,9,2,17,4
R dl FS UR ur L DR,2,14,61,9,2,13,4
R dl UR DR FS ur L,2,14,61,9,2,12,3
R dl UR DR ur FS L,2,14,61,9,2,12,3
R dl UR FS DR ur L,2,14,61,9,2,10,3
R dl UR FS L ur DR,2,14,61,9,2,9,2
R dl ur FS UR DR L,2,14,61,9,2,12,3
R dl UR FS ur DR L,2,14,61,9,2,12,3
R dl ur FS UR L DR,2,14,61,9,2,13,3
R dl UR FS ur L DR,2,14,61,9,2,11,3
R dl ur UR DR FS L,2,14,61,9,2,14,4
R dl UR ur DR FS L,2,14,61,9,2,14,4
R dl ur UR FS DR L,2,14,61,9,2,14,4
R dl UR ur FS DR L,2,14,61,9,2,16,4
R dl ur UR FS L DR,2,14,61,9,2,13,4
R dl UR ur FS L DR,2,14,61,9,2,15,4
R DR L UR FS ur dl,2,14,61,9,2,13,3
R DR L ur UR FS dl,2,14,61,9,2,13,4
R DR L UR ur FS dl,2,14,61,9,2,17,4
R DR UR L FS ur dl,2,14,61,9,2,13,3
R DR UR L ur FS dl,2,14,61,9,2,13,3
R FS dl UR DR ur L,2,14,61,9,2,12,3
R FS dl UR L ur DR,2,14,61,9,2,13,3
R FS dl ur UR DR L,2,14,61,9,2,16,4
R FS dl UR ur DR L,2,14,61,9,2,16,4
R FS dl ur UR L DR,2,14,61,9,2,17,4
R FS dl UR ur L DR,2,14,61,9,2,15,4
R FS UR dl DR ur L,2,14,61,9,2,10,2
R FS UR dl L ur DR,2,14,61,9,2,11,3
R FS ur dl UR DR L,2,14,61,9,2,14,3
R FS UR dl ur DR L,2,14,61,9,2,12,3
R FS ur dl UR L DR,2,14,61,9,2,15,3
R FS UR dl ur L DR,2,14,61,9,2,11,3
R FS UR DR dl ur L,2,14,61,9,2,10,2
R FS UR DR ur dl L,2,14,61,9,2,12,3
R FS UR L dl ur DR,2,14,61,9,2,13,3
R FS UR L ur dl DR,2,14,61,9,2,11,3
R FS ur UR dl DR L,2,14,61,9,2,16,4
R FS UR ur dl DR L,2,14,61,9,2,14,4
R FS ur UR dl L DR,2,14,61,9,2,17,4
R FS UR ur dl L DR,2,14,61,9,2,15,4
R FS ur UR DR dl L,2,14,61,9,2,16,4
R FS UR ur DR dl L,2,14,61,9,2,14,4
R FS ur UR L dl DR,2,14,61,9,2,17,4
R FS UR ur L dl DR,2,14,61,9,2,13,4
R L DR UR FS ur dl,2,14,61,9,2,15,4
R L DR ur UR FS dl,2,14,61,9,2,17,4
R L DR UR ur FS dl,2,14,61,9,2,19,4
R L UR DR FS ur dl,2,14,61,9,2,17,4
R L UR DR ur FS dl,2,14,61,9,2,17,4
R UR dl DR FS ur L,2,14,61,9,2,12,3
R UR dl DR ur FS L,2,14,61,9,2,12,3
R UR dl FS DR ur L,2,14,61,9,2,12,3
R UR dl FS L ur DR,2,14,61,9,2,11,3
R ur dl FS UR DR L,2,14,61,9,2,14,3
R UR dl FS ur DR L,2,14,61,9,2,14,3
R ur dl FS UR L DR,2,14,61,9,2,15,3
R UR dl FS ur L DR,2,14,61,9,2,13,3
R ur dl UR DR FS L,2,14,61,9,2,14,3
R UR dl ur DR FS L,2,14,61,9,2,12,3
R ur dl UR FS DR L,2,14,61,9,2,14,3
R UR dl ur FS DR L,2,14,61,9,2,14,3
R ur dl UR FS L DR,2,14,61,9,2,13,3
R UR dl ur FS L DR,2,14,61,9,2,13,3
R UR DR L FS ur dl,2,14,61,9,2,13,3
R UR DR L ur FS dl,2,14,61,9,2,13,3
R UR FS dl DR ur L,2,14,61,9,2,10,3
R UR FS dl L ur DR,2,14,61,9,2,11,3
R ur FS dl UR DR L,2,14,61,9,2,16,3
R UR FS dl ur DR L,2,14,61,9,2,12,3
R ur FS dl UR L DR,2,14,61,9,2,17,3
R UR FS dl ur L DR,2,14,61,9,2,11,3
R UR FS DR dl ur L,2,14,61,9,2,10,3
R UR FS DR ur dl L,2,14,61,9,2,12,3
R UR FS L dl ur DR,2,14,61,9,2,11,3
R UR FS L ur dl DR,2,14,61,9,2,9,2
R ur FS UR dl DR L,2,14,61,9,2,14,3
R UR FS ur dl DR L,2,14,61,9,2,12,3
R ur FS UR dl L DR,2,14,61,9,2,15,3
R UR FS ur dl L DR,2,14,61,9,2,13,3
R ur FS UR DR dl L,2,14,61,9,2,14,3
R UR FS ur DR dl L,2,14,61,9,2,12,3
R ur FS UR L dl DR,2,14,61,9,2,15,3
R UR FS ur L dl DR,2,14,61,9,2,11,3
R UR L DR FS ur dl,2,14,61,9,2,15,3
R UR L DR ur FS dl,2,14,61,9,2,15,3
R ur UR dl DR FS L,2,14,61,9,2,16,4
R UR ur dl DR FS L,2,14,61,9,2,14,4
R ur UR dl FS DR L,2,14,61,9,2,18,4
R UR ur dl FS DR L,2,14,61,9,2,16,4
R ur UR dl FS L DR,2,14,61,9,2,17,4
R UR ur dl FS L DR,2,14,61,9,2,15,4
R ur UR FS dl DR L,2,14,61,9,2,16,4
R UR ur FS dl DR L,2,14,61,9,2,16,4
R ur UR FS dl L DR,2,14,61,9,2,17,4
R UR ur FS dl L DR,2,14,61,9,2,17,4
R ur UR FS DR dl L,2,14,61,9,2,16,4
R UR ur FS DR dl L,2,14,61,9,2,16,4
R ur UR FS L dl DR,2,14,61,9,2,15,4
R UR ur FS L dl DR,2,14,61,9,2,15,4
ur dl FS R UR DR L,2,14,61,9,2,13,3
ur dl FS R UR L DR,2,14,61,9,2,14,3
ur dl R FS UR DR L,2,14,61,9,2,11,3
ur dl R FS UR L DR,2,14,61,9,2,12,3
ur dl R UR DR FS L,2,14,61,9,2,11,3
ur dl R UR FS DR L,2,14,61,9,2,11,3
ur dl R UR FS L DR,2,14,61,9,2,10,3
ur FS dl R UR DR L,2,14,61,9,2,13,3
ur FS dl R UR L DR,2,14,61,9,2,14,3
ur FS R dl UR DR L,2,14,61,9,2,13,3
ur FS R dl UR L DR,2,14,61,9,2,14,3
ur FS R UR dl DR L,2,14,61,9,2,13,3
ur FS R UR dl L DR,2,14,61,9,2,14,3
ur FS R UR DR dl L,2,14,61,9,2,13,3
ur FS R UR L dl DR,2,14,61,9,2,14,3
ur R dl FS UR DR L,2,14,61,9,2,13,3
ur R dl FS UR L DR,2,14,61,9,2,14,3
ur R dl UR DR FS L,2,14,61,9,2,13,3
ur R dl UR FS DR L,2,14,61,9,2,13,3
ur R dl UR FS L DR,2,14,61,9,2,12,3
ur R FS dl UR DR L,2,14,61,9,2,15,3
ur R FS dl UR L DR,2,14,61,9,2,16,3
ur R FS UR dl DR L,2,14,61,9,2,13,3
ur R FS UR dl L DR,2,14,61,9,2,14,3
ur R FS UR DR dl L,2,14,61,9,2,13,3
ur R FS UR L dl DR,2,14,61,9,2,14,3
ur R UR dl DR FS L,2,14,61,9,2,13,3
ur R UR dl FS DR L,2,14,61,9,2,15,3
ur R UR dl FS L DR,2,14,61,9,2,14,3
ur R UR FS dl DR L,2,14,61,9,2,13,3
ur R UR FS dl L DR,2,14,61,9,2,14,3
ur R UR FS DR dl L,2,14,61,9,2,13,3
ur R UR FS L dl DR,2,14,61,9,2,12,3
dl L R UR FS ur DR,2,14,63,10,2,14,4
dl L R ur UR FS DR,2,14,63,10,2,18,4
dl L R UR ur FS DR,2,14,63,10,2,18,4
dl L ur R UR FS DR,2,14,63,10,2,12,3
dl R L UR FS ur DR,2,14,63,10,2,14,4
dl R L ur UR FS DR,2,14,63,10,2,14,4
dl R L UR ur FS DR,2,14,63,10,2,18,4
dl R UR L FS ur DR,2,14,63,10,2,12,3
dl R ur L UR FS DR,2,14,63,10,2,12,3
dl R UR L ur FS DR,2,14,63,10,2,12,3
dl R ur UR L FS DR,2,14,63,10,2,16,4
dl R UR ur L FS DR,2,14,63,10,2,12,4
dl ur L R UR FS DR,2,14,63,10,2,12,4
dl ur R L UR FS DR,2,14,63,10,2,16,4
dl ur R UR L FS DR,2,14,63,10,2,14,3
L dl R UR FS ur DR,2,14,63,10,2,11,3
L dl R ur UR FS DR,2,14,63,10,2,15,4
L dl R UR ur FS DR,2,14,63,10,2,15,4
L dl ur R UR FS DR,2,14,63,10,2,13,3
L R dl UR FS ur DR,2,14,63,10,2,13,4
L R dl ur UR FS DR,2,14,63,10,2,15,4
L R dl UR ur FS DR,2,14,63,10,2,17,4
L R UR dl FS ur DR,2,14,63,10,2,15,4
L R ur dl UR FS DR,2,14,63,10,2,15,4
L R UR dl ur FS DR,2,14,63,10,2,15,4
L R UR FS dl ur DR,2,14,63,10,2,13,4
L R UR FS ur dl DR,2,14,63,10,2,13,4
L R ur UR dl FS DR,2,14,63,10,2,19,4
L R UR ur dl FS DR,2,14,63,10,2,17,4
L R ur UR FS dl DR,2,14,63,10,2,17,4
L R UR ur FS dl DR,2,14,63,10,2,17,4
L ur dl R UR FS DR,2,14,63,10,2,9,3
L ur R dl UR FS DR,2,14,63,10,2,11,3
L ur R UR dl FS DR,2,14,63,10,2,13,3
L ur R UR FS dl DR,2,14,63,10,2,11,3
R dl L UR FS ur DR,2,14,63,10,2,13,3
R dl L ur UR FS DR,2,14,63,10,2,13,4
R dl L UR ur FS DR,2,14,63,10,2,17,4
R dl UR L FS ur DR,2,14,63,10,2,13,3
R dl ur L UR FS DR,2,14,63,10,2,11,3
R dl UR L ur FS DR,2,14,63,10,2,13,3
R dl ur UR L FS DR,2,14,63,10,2,15,4
R dl UR ur L FS DR,2,14,63,10,2,13,4
R L dl UR FS ur DR,2,14,63,10,2,15,4
R L dl ur UR FS DR,2,14,63,10,2,17,4
R L dl UR ur FS DR,2,14,63,10,2,19,4
R L UR dl FS ur DR,2,14,63,10,2,17,4
R L ur dl UR FS DR,2,14,63,10,2,13,4
R L UR dl ur FS DR,2,14,63,10,2,17,4
R L UR FS dl ur DR,2,14,63,10,2,15,4
R L UR FS ur dl DR,2,14,63,10,2,15,4
R L ur UR dl FS DR,2,14,63,10,2,17,4
R L UR ur dl FS DR,2,14,63,10,2,19,4
R L ur UR FS dl DR,2,14,63,10,2,15,4
R L UR ur FS dl DR,2,14,63,10,2,19,4
R UR dl L FS ur DR,2,14,63,10,2,13,3
R ur dl L UR FS DR,2,14,63,10,2,15,3
R UR dl L ur FS DR,2,14,63,10,2,13,3
R ur dl UR L FS DR,2,14,63,10,2,15,3
R UR dl ur L FS DR,2,14,63,10,2,11,3
R UR L dl FS ur DR,2,14,63,10,2,15,3
R ur L dl UR FS DR,2,14,63,10,2,13,3
R UR L dl ur FS DR,2,14,63,10,2,15,3
R UR L FS dl ur DR,2,14,63,10,2,13,3
R UR L FS ur dl DR,2,14,63,10,2,13,3
R ur L UR dl FS DR,2,14,63,10,2,15,3
R UR L ur dl FS DR,2,14,63,10,2,13,3
R ur L UR FS dl DR,2,14,63,10,2,13,3
R UR L ur FS dl DR,2,14,63,10,2,13,3
R ur UR dl L FS DR,2,14,63,10,2,17,4
R UR ur dl L FS DR,2,14,63,10,2,15,4
R ur UR L dl FS DR,2,14,63,10,2,19,4
R UR ur L dl FS DR,2,14,63,10,2,15,4
R ur UR L FS dl DR,2,14,63,10,2,17,4
R UR ur L FS dl DR,2,14,63,10,2,13,4
ur dl L R UR FS DR,2,14,63,10,2,14,4
ur dl R L UR FS DR,2,14,63,10,2,14,4
ur dl R UR L FS DR,2,14,63,10,2,12,3
ur L dl R UR FS DR,2,14,63,10,2,10,3
ur L R dl UR FS DR,2,14,63,10,2,12,4
ur L R UR dl FS DR,2,14,63,10,2,14,4
ur L R UR FS dl DR,2,14,63,10,2,12,4
ur R dl L UR FS DR,2,14,63,10,2,14,3
ur R dl UR L FS DR,2,14,63,10,2,14,3
ur R L dl UR FS DR,2,14,63,10,2,16,4
ur R L UR dl FS DR,2,14,63,10,2,18,4
ur R L UR FS dl DR,2,14,63,10,2,16,4
ur R UR dl L FS DR,2,14,63,10,2,14,3
ur R UR L dl FS DR,2,14,63,10,2,16,3
ur R UR L FS dl DR,2,14,63,10,2,14,3
dl DR FS UR L ur R,2,14,65,8,2,13,3
dl DR FS UR R ur L,2,14,65,8,2,11,3
dl DR FS ur UR L R,2,14,65,8,2,19,4
dl DR FS UR ur L R,2,14,65,8,2,15,4
dl DR FS ur UR R L,2,14,65,8,2,17,4
dl DR FS UR ur R L,2,14,65,8,2,17,4
dl DR UR FS L ur R,2,14,65,8,2,11,3
dl DR UR FS R ur L,2,14,65,8,2,11,3
dl DR ur FS UR L R,2,14,65,8,2,15,4
dl DR UR FS ur L R,2,14,65,8,2,13,4
dl DR ur FS UR R L,2,14,65,8,2,13,4
dl DR UR FS ur R L,2,14,65,8,2,15,4
dl DR ur L UR FS R,2,14,65,8,2,11,3
dl DR UR R FS ur L,2,14,65,8,2,11,3
dl DR UR R ur FS L,2,14,65,8,2,13,3
dl DR ur UR FS L R,2,14,65,8,2,15,4
dl DR UR ur FS L R,2,14,65,8,2,17,4
dl DR ur UR FS R L,2,14,65,8,2,15,4
dl DR UR ur FS R L,2,14,65,8,2,17,4
dl DR ur UR L FS R,2,14,65,8,2,15,4
dl DR UR ur L FS R,2,14,65,8,2,13,4
dl DR ur UR R FS L,2,14,65,8,2,13,4
dl DR UR ur R FS L,2,14,65,8,2,15,4
dl FS DR UR L ur R,2,14,65,8,2,15,3
dl FS DR UR R ur L,2,14,65,8,2,13,3
dl FS DR ur UR L R,2,14,65,8,2,19,4
dl FS DR UR ur L R,2,14,65,8,2,17,4
dl FS DR ur UR R L,2,14,65,8,2,17,4
dl FS DR UR ur R L,2,14,65,8,2,19,4
dl FS UR DR L ur R,2,14,65,8,2,13,3
dl FS UR DR R ur L,2,14,65,8,2,11,3
dl FS ur DR UR L R,2,14,65,8,2,17,4
dl FS UR DR ur L R,2,14,65,8,2,13,4
dl FS ur DR UR R L,2,14,65,8,2,15,4
dl FS UR DR ur R L,2,14,65,8,2,15,4
dl FS UR L DR ur R,2,14,65,8,2,15,3
dl FS ur UR DR L R,2,14,65,8,2,19,4
dl FS UR ur DR L R,2,14,65,8,2,17,4
dl FS ur UR DR R L,2,14,65,8,2,17,4
dl FS UR ur DR R L,2,14,65,8,2,15,4
dl UR DR FS L ur R,2,14,65,8,2,13,3
dl UR DR FS R ur L,2,14,65,8,2,13,3
dl ur DR FS UR L R,2,14,65,8,2,15,4
dl UR DR FS ur L R,2,14,65,8,2,15,4
dl ur DR FS UR R L,2,14,65,8,2,13,4
dl UR DR FS ur R L,2,14,65,8,2,17,4
dl ur DR L UR FS R,2,14,65,8,2,13,3
dl UR DR R FS ur L,2,14,65,8,2,11,3
dl UR DR R ur FS L,2,14,65,8,2,13,3
dl ur DR UR FS L R,2,14,65,8,2,13,4
dl UR DR ur FS L R,2,14,65,8,2,15,4
dl ur DR UR FS R L,2,14,65,8,2,13,4
dl UR DR ur FS R L,2,14,65,8,2,15,4
dl ur DR UR L FS R,2,14,65,8,2,13,3
dl UR DR ur L FS R,2,14,65,8,2,11,2
dl ur DR UR R FS L,2,14,65,8,2,11,2
dl UR DR ur R FS L,2,14,65,8,2,13,3
dl UR FS DR L ur R,2,14,65,8,2,13,3
dl UR FS DR R ur L,2,14,65,8,2,11,3
dl ur FS DR UR L R,2,14,65,8,2,17,4
dl UR FS DR ur L R,2,14,65,8,2,13,4
dl ur FS DR UR R L,2,14,65,8,2,15,4
dl UR FS DR ur R L,2,14,65,8,2,15,4
dl UR FS L DR ur R,2,14,65,8,2,13,3
dl ur FS UR DR L R,2,14,65,8,2,15,4
dl UR FS ur DR L R,2,14,65,8,2,15,4
dl ur FS UR DR R L,2,14,65,8,2,13,4
dl UR FS ur DR R L,2,14,65,8,2,13,4
dl ur UR DR FS L R,2,14,65,8,2,17,4
dl UR ur DR FS L R,2,14,65,8,2,17,4
dl ur UR DR FS R L,2,14,65,8,2,17,4
dl UR ur DR FS R L,2,14,65,8,2,17,4
dl ur UR DR L FS R,2,14,65,8,2,15,4
dl UR ur DR L FS R,2,14,65,8,2,15,4
dl ur UR DR R FS L,2,14,65,8,2,13,4
dl UR ur DR R FS L,2,14,65,8,2,13,4
dl ur UR FS DR L R,2,14,65,8,2,17,4
dl UR ur FS DR L R,2,14,65,8,2,19,4
dl ur UR FS DR R L,2,14,65,8,2,15,4
dl UR ur FS DR R L,2,14,65,8,2,17,4
DR dl FS UR L ur R,2,14,65,8,2,13,3
DR dl FS UR R ur L,2,14,65,8,2,11,3
DR dl FS ur UR L R,2,14,65,8,2,19,4
DR dl FS UR ur L R,2,14,65,8,2,15,4
DR dl FS ur UR R L,2,14,65,8,2,17,4
DR dl FS UR ur R L,2,14,65,8,2,17,4
DR dl UR FS L ur R,2,14,65,8,2,11,3
DR dl UR FS R ur L,2,14,65,8,2,11,3
DR dl ur FS UR L R,2,14,65,8,2,15,4
DR dl UR FS ur L R,2,14,65,8,2,13,4
DR dl ur FS UR R L,2,14,65,8,2,13,4
DR dl UR FS ur R L,2,14,65,8,2,15,4
DR dl ur L UR FS R,2,14,65,8,2,11,3
DR dl UR R FS ur L,2,14,65,8,2,11,3
DR dl UR R ur FS L,2,14,65,8,2,13,3
DR dl ur UR FS L R,2,14,65,8,2,15,4
DR dl UR ur FS L R,2,14,65,8,2,17,4
DR dl ur UR FS R L,2,14,65,8,2,15,4
DR dl UR ur FS R L,2,14,65,8,2,17,4
DR dl ur UR L FS R,2,14,65,8,2,15,4
DR dl UR ur L FS R,2,14,65,8,2,13,4
DR dl ur UR R FS L,2,14,65,8,2,13,4
DR dl UR ur R FS L,2,14,65,8,2,15,4
DR FS dl UR L ur R,2,14,65,8,2,15,3
DR FS dl UR R ur L,2,14,65,8,2,13,3
DR FS dl ur UR L R,2,14,65,8,2,19,4
DR FS dl UR ur L R,2,14,65,8,2,17,4
DR FS dl ur UR R L,2,14,65,8,2,17,4
DR FS dl UR ur R L,2,14,65,8,2,19,4
DR FS UR dl L ur R,2,14,65,8,2,13,3
DR FS UR dl R ur L,2,14,65,8,2,11,3
DR FS ur dl UR L R,2,14,65,8,2,17,4
DR FS UR dl ur L R,2,14,65,8,2,13,4
DR FS ur dl UR R L,2,14,65,8,2,15,4
DR FS UR dl ur R L,2,14,65,8,2,15,4
DR FS UR L dl ur R,2,14,65,8,2,15,3
DR FS UR L ur dl R,2,14,65,8,2,11,3
DR FS UR R dl ur L,2,14,65,8,2,9,3
DR FS UR R ur dl L,2,14,65,8,2,13,3
DR FS ur UR dl L R,2,14,65,8,2,19,4
DR FS UR ur dl L R,2,14,65,8,2,17,4
DR FS ur UR dl R L,2,14,65,8,2,17,4
DR FS UR ur dl R L,2,14,65,8,2,15,4
DR FS ur UR L dl R,2,14,65,8,2,17,4
DR FS UR ur L dl R,2,14,65,8,2,13,4
DR FS ur UR R dl L,2,14,65,8,2,15,4
DR FS UR ur R dl L,2,14,65,8,2,15,4
DR UR dl FS L ur R,2,14,65,8,2,13,3
DR UR dl FS R ur L,2,14,65,8,2,13,3
DR ur dl FS UR L R,2,14,65,8,2,15,4
DR UR dl FS ur L R,2,14,65,8,2,15,4
DR ur dl FS UR R L,2,14,65,8,2,13,4
DR UR dl FS ur R L,2,14,65,8,2,17,4
DR ur dl L UR FS R,2,14,65,8,2,13,3
DR UR dl R FS ur L,2,14,65,8,2,11,3
DR UR dl R ur FS L,2,14,65,8,2,13,3
DR ur dl UR FS L R,2,14,65,8,2,13,4
DR UR dl ur FS L R,2,14,65,8,2,15,4
DR ur dl UR FS R L,2,14,65,8,2,13,4
DR UR dl ur FS R L,2,14,65,8,2,15,4
DR ur dl UR L FS R,2,14,65,8,2,13,3
DR UR dl ur L FS R,2,14,65,8,2,11,2
DR ur dl UR R FS L,2,14,65,8,2,11,2
DR UR dl ur R FS L,2,14,65,8,2,13,3
DR UR FS dl L ur R,2,14,65,8,2,13,3
DR UR FS dl R ur L,2,14,65,8,2,11,3
DR ur FS dl UR L R,2,14,65,8,2,17,4
DR UR FS dl ur L R,2,14,65,8,2,13,4
DR ur FS dl UR R L,2,14,65,8,2,15,4
DR UR FS dl ur R L,2,14,65,8,2,15,4
DR UR FS L dl ur R,2,14,65,8,2,13,3
DR UR FS L ur dl R,2,14,65,8,2,9,2
DR UR FS R dl ur L,2,14,65,8,2,9,2
DR UR FS R ur dl L,2,14,65,8,2,13,3
DR ur FS UR dl L R,2,14,65,8,2,15,4
DR UR FS ur dl L R,2,14,65,8,2,15,4
DR ur FS UR dl R L,2,14,65,8,2,13,4
DR UR FS ur dl R L,2,14,65,8,2,13,4
DR ur FS UR L dl R,2,14,65,8,2,13,3
DR UR FS ur L dl R,2,14,65,8,2,11,3
DR ur FS UR R dl L,2,14,65,8,2,11,3
DR UR FS ur R dl L,2,14,65,8,2,13,3
DR ur L dl UR FS R,2,14,65,8,2,11,3
DR ur L UR dl FS R,2,14,65,8,2,13,3
DR ur L UR FS dl R,2,14,65,8,2,11,3
DR ur UR dl FS L R,2,14,65,8,2,17,4
DR UR ur dl FS L R,2,14,65,8,2,17,4
DR ur UR dl FS R L,2,14,65,8,2,17,4
DR UR ur dl FS R L,2,14,65,8,2,17,4
DR ur UR dl L FS R,2,14,65,8,2,15,4
DR UR ur dl L FS R,2,14,65,8,2,15,4
DR ur UR dl R FS L,2,14,65,8,2,13,4
DR UR ur dl R FS L,2,14,65,8,2,13,4
DR ur UR FS dl L R,2,14,65,8,2,17,4
DR UR ur FS dl L R,2,14,65,8,2,19,4
DR ur UR FS dl R L,2,14,65,8,2,15,4
DR UR ur FS dl R L,2,14,65,8,2,17,4
DR ur UR FS L dl R,2,14,65,8,2,13,4
DR UR ur FS L dl R,2,14,65,8,2,15,4
DR ur UR FS R dl L,2,14,65,8,2,13,4
DR UR ur FS R dl L,2,14,65,8,2,15,4
DR ur UR L dl FS R,2,14,65,8,2,17,4
DR UR ur L dl FS R,2,14,65,8,2,15,4
DR ur UR L FS dl R,2,14,65,8,2,15,4
DR UR ur L FS dl R,2,14,65,8,2,13,4
FS dl DR UR L ur R,2,14,65,8,2,14,3
FS dl DR UR R ur L,2,14,65,8,2,12,3
FS dl DR ur UR L R,2,14,65,8,2,18,4
FS dl DR UR ur L R,2,14,65,8,2,16,4
FS dl DR ur UR R L,2,14,65,8,2,16,4
FS dl DR UR ur R L,2,14,65,8,2,18,4
FS dl UR DR L ur R,2,14,65,8,2,14,3
FS dl UR DR R ur L,2,14,65,8,2,12,3
FS dl ur DR UR L R,2,14,65,8,2,16,4
FS dl UR DR ur L R,2,14,65,8,2,14,4
FS dl ur DR UR R L,2,14,65,8,2,14,4
FS dl UR DR ur R L,2,14,65,8,2,16,4
FS dl UR L DR ur R,2,14,65,8,2,16,3
FS dl ur UR DR L R,2,14,65,8,2,18,4
FS dl UR ur DR L R,2,14,65,8,2,18,4
FS dl ur UR DR R L,2,14,65,8,2,16,4
FS dl UR ur DR R L,2,14,65,8,2,16,4
FS DR dl UR L ur R,2,14,65,8,2,14,3
FS DR dl UR R ur L,2,14,65,8,2,12,3
FS DR dl ur UR L R,2,14,65,8,2,18,4
FS DR dl UR ur L R,2,14,65,8,2,16,4
FS DR dl ur UR R L,2,14,65,8,2,16,4
FS DR dl UR ur R L,2,14,65,8,2,18,4
FS DR UR dl L ur R,2,14,65,8,2,14,3
FS DR UR dl R ur L,2,14,65,8,2,12,3
FS DR ur dl UR L R,2,14,65,8,2,16,4
FS DR UR dl ur L R,2,14,65,8,2,14,4
FS DR ur dl UR R L,2,14,65,8,2,14,4
FS DR UR dl ur R L,2,14,65,8,2,16,4
FS DR UR L dl ur R,2,14,65,8,2,16,3
FS DR UR L ur dl R,2,14,65,8,2,12,3
FS DR UR R dl ur L,2,14,65,8,2,10,3
FS DR UR R ur dl L,2,14,65,8,2,14,3
FS DR ur UR dl L R,2,14,65,8,2,18,4
FS DR UR ur dl L R,2,14,65,8,2,18,4
FS DR ur UR dl R L,2,14,65,8,2,16,4
FS DR UR ur dl R L,2,14,65,8,2,16,4
FS DR ur UR L dl R,2,14,65,8,2,16,4
FS DR UR ur L dl R,2,14,65,8,2,14,4
FS DR ur UR R dl L,2,14,65,8,2,14,4
FS DR UR ur R dl L,2,14,65,8,2,16,4
FS UR dl DR L ur R,2,14,65,8,2,12,3
FS UR dl DR R ur L,2,14,65,8,2,10,3
FS ur dl DR UR L R,2,14,65,8,2,16,4
FS UR dl DR ur L R,2,14,65,8,2,12,4
FS ur dl DR UR R L,2,14,65,8,2,14,4
FS UR dl DR ur R L,2,14,65,8,2,14,4
FS UR dl L DR ur R,2,14,65,8,2,14,3
FS ur dl UR DR L R,2,14,65,8,2,16,4
FS UR dl ur DR L R,2,14,65,8,2,14,4
FS ur dl UR DR R L,2,14,65,8,2,14,4
FS UR dl ur DR R L,2,14,65,8,2,12,4
FS UR DR dl L ur R,2,14,65,8,2,12,3
FS UR DR dl R ur L,2,14,65,8,2,10,3
FS ur DR dl UR L R,2,14,65,8,2,16,4
FS UR DR dl ur L R,2,14,65,8,2,12,4
FS ur DR dl UR R L,2,14,65,8,2,14,4
FS UR DR dl ur R L,2,14,65,8,2,14,4
FS UR DR L dl ur R,2,14,65,8,2,14,3
FS UR DR L ur dl R,2,14,65,8,2,10,3
FS UR DR R dl ur L,2,14,65,8,2,8,2
FS UR DR R ur dl L,2,14,65,8,2,12,3
FS ur DR UR dl L R,2,14,65,8,2,16,4
FS UR DR ur dl L R,2,14,65,8,2,14,4
FS ur DR UR dl R L,2,14,65,8,2,14,4
FS UR DR ur dl R L,2,14,65,8,2,12,4
FS ur DR UR L dl R,2,14,65,8,2,14,3
FS UR DR ur L dl R,2,14,65,8,2,10,3
FS ur DR UR R dl L,2,14,65,8,2,12,3
FS UR DR ur R dl L,2,14,65,8,2,12,3
FS UR L dl DR ur R,2,14,65,8,2,14,3
FS UR L DR dl ur R,2,14,65,8,2,14,3
FS UR L DR ur dl R,2,14,65,8,2,12,3
FS ur UR dl DR L R,2,14,65,8,2,18,4
FS UR ur dl DR L R,2,14,65,8,2,16,4
FS ur UR dl DR R L,2,14,65,8,2,16,4
FS UR ur dl DR R L,2,14,65,8,2,14,4
FS ur UR DR dl L R,2,14,65,8,2,18,4
FS UR ur DR dl L R,2,14,65,8,2,16,4
FS ur UR DR dl R L,2,14,65,8,2,16,4
FS UR ur DR dl R L,2,14,65,8,2,14,4
FS ur UR DR L dl R,2,14,65,8,2,16,4
FS UR ur DR L dl R,2,14,65,8,2,14,4
FS ur UR DR R dl L,2,14,65,8,2,14,4
FS UR ur DR R dl L,2,14,65,8,2,12,4
UR dl DR FS L ur R,2,14,65,8,2,13,3
UR dl DR FS R ur L,2,14,65,8,2,13,3
ur dl DR FS UR L R,2,14,65,8,2,15,4
UR dl DR FS ur L R,2,14,65,8,2,15,4
ur dl DR FS UR R L,2,14,65,8,2,13,4
UR dl DR FS ur R L,2,14,65,8,2,17,4
ur dl DR L UR FS R,2,14,65,8,2,13,3
UR dl DR R FS ur L,2,14,65,8,2,11,3
UR dl DR R ur FS L,2,14,65,8,2,13,3
ur dl DR UR FS L R,2,14,65,8,2,13,4
UR dl DR ur FS L R,2,14,65,8,2,15,4
ur dl DR UR FS R L,2,14,65,8,2,13,4
UR dl DR ur FS R L,2,14,65,8,2,15,4
ur dl DR UR L FS R,2,14,65,8,2,13,3
UR dl DR ur L FS R,2,14,65,8,2,11,2
ur dl DR UR R FS L,2,14,65,8,2,11,2
UR dl DR ur R FS L,2,14,65,8,2,13,3
UR dl FS DR L ur R,2,14,65,8,2,15,3
UR dl FS DR R ur L,2,14,65,8,2,13,3
ur dl FS DR UR L R,2,14,65,8,2,17,4
UR dl FS DR ur L R,2,14,65,8,2,15,4
ur dl FS DR UR R L,2,14,65,8,2,15,4
UR dl FS DR ur R L,2,14,65,8,2,17,4
UR dl FS L DR ur R,2,14,65,8,2,15,3
ur dl FS UR DR L R,2,14,65,8,2,15,4
UR dl FS ur DR L R,2,14,65,8,2,17,4
ur dl FS UR DR R L,2,14,65,8,2,13,4
UR dl FS ur DR R L,2,14,65,8,2,15,4
ur dl UR DR FS L R,2,14,65,8,2,15,4
UR dl ur DR FS L R,2,14,65,8,2,15,4
ur dl UR DR FS R L,2,14,65,8,2,15,4
UR dl ur DR FS R L,2,14,65,8,2,15,4
ur dl UR DR L FS R,2,14,65,8,2,13,3
UR dl ur DR L FS R,2,14,65,8,2,13,3
ur dl UR DR R FS L,2,14,65,8,2,11,2
UR dl ur DR R FS L,2,14,65,8,2,11,2
ur dl UR FS DR L R,2,14,65,8,2,15,4
UR dl ur FS DR L R,2,14,65,8,2,17,4
ur dl UR FS DR R L,2,14,65,8,2,13,4
UR dl ur FS DR R L,2,14,65,8,2,15,4
UR DR dl FS L ur R,2,14,65,8,2,13,3
UR DR dl FS R ur L,2,14,65,8,2,13,3
ur DR dl FS UR L R,2,14,65,8,2,15,4
UR DR dl FS ur L R,2,14,65,8,2,15,4
ur DR dl FS UR R L,2,14,65,8,2,13,4
UR DR dl FS ur R L,2,14,65,8,2,17,4
ur DR dl L UR FS R,2,14,65,8,2,13,3
UR DR dl R FS ur L,2,14,65,8,2,11,3
UR DR dl R ur FS L,2,14,65,8,2,13,3
ur DR dl UR FS L R,2,14,65,8,2,13,4
UR DR dl ur FS L R,2,14,65,8,2,15,4
ur DR dl UR FS R L,2,14,65,8,2,13,4
UR DR dl ur FS R L,2,14,65,8,2,15,4
ur DR dl UR L FS R,2,14,65,8,2,13,3
UR DR dl ur L FS R,2,14,65,8,2,11,2
ur DR dl UR R FS L,2,14,65,8,2,11,2
UR DR dl ur R FS L,2,14,65,8,2,13,3
UR DR FS dl L ur R,2,14,65,8,2,15,3
UR DR FS dl R ur L,2,14,65,8,2,13,3
ur DR FS dl UR L R,2,14,65,8,2,17,4
UR DR FS dl ur L R,2,14,65,8,2,15,4
ur DR FS dl UR R L,2,14,65,8,2,15,4
UR DR FS dl ur R L,2,14,65,8,2,17,4
UR DR FS L dl ur R,2,14,65,8,2,15,3
UR DR FS L ur dl R,2,14,65,8,2,11,3
UR DR FS R dl ur L,2,14,65,8,2,11,3
UR DR FS R ur dl L,2,14,65,8,2,15,3
ur DR FS UR dl L R,2,14,65,8,2,15,4
UR DR FS ur dl L R,2,14,65,8,2,17,4
ur DR FS UR dl R L,2,14,65,8,2,13,4
UR DR FS ur dl R L,2,14,65,8,2,15,4
ur DR FS UR L dl R,2,14,65,8,2,13,3
UR DR FS ur L dl R,2,14,65,8,2,13,3
ur DR FS UR R dl L,2,14,65,8,2,11,3
UR DR FS ur R dl L,2,14,65,8,2,15,3
ur DR L dl UR FS R,2,14,65,8,2,13,3
ur DR L UR dl FS R,2,14,65,8,2,15,3
ur DR L UR FS dl R,2,14,65,8,2,13,3
ur DR UR dl FS L R,2,14,65,8,2,15,4
UR DR ur dl FS L R,2,14,65,8,2,15,4
ur DR UR dl FS R L,2,14,65,8,2,15,4
UR DR ur dl FS R L,2,14,65,8,2,15,4
ur DR UR dl L FS R,2,14,65,8,2,13,3
UR DR ur dl L FS R,2,14,65,8,2,13,3
ur DR UR dl R FS L,2,14,65,8,2,11,2
UR DR ur dl R FS L,2,14,65,8,2,11,2
ur DR UR FS dl L R,2,14,65,8,2,15,4
UR DR ur FS dl L R,2,14,65,8,2,17,4
ur DR UR FS dl R L,2,14,65,8,2,13,4
UR DR ur FS dl R L,2,14,65,8,2,15,4
ur DR UR FS L dl R,2,14,65,8,2,11,3
UR DR ur FS L dl R,2,14,65,8,2,13,3
ur DR UR FS R dl L,2,14,65,8,2,11,3
UR DR ur FS R dl L,2,14,65,8,2,13,3
ur DR UR L dl FS R,2,14,65,8,2,15,3
UR DR ur L dl FS R,2,14,65,8,2,13,3
ur DR UR L FS dl R,2,14,65,8,2,13,3
UR DR ur L FS dl R,2,14,65,8,2,11,3
UR FS dl DR L ur R,2,14,65,8,2,13,3
UR FS dl DR R ur L,2,14,65,8,2,11,3
ur FS dl DR UR L R,2,14,65,8,2,17,4
UR FS dl DR ur L R,2,14,65,8,2,13,4
ur FS dl DR UR R L,2,14,65,8,2,15,4
UR FS dl DR ur R L,2,14,65,8,2,15,4
UR FS dl L DR ur R,2,14,65,8,2,15,3
ur FS dl UR DR L R,2,14,65,8,2,17,4
UR FS dl ur DR L R,2,14,65,8,2,15,4
ur FS dl UR DR R L,2,14,65,8,2,15,4
UR FS dl ur DR R L,2,14,65,8,2,13,4
UR FS DR dl L ur R,2,14,65,8,2,13,3
UR FS DR dl R ur L,2,14,65,8,2,11,3
ur FS DR dl UR L R,2,14,65,8,2,17,4
UR FS DR dl ur L R,2,14,65,8,2,13,4
ur FS DR dl UR R L,2,14,65,8,2,15,4
UR FS DR dl ur R L,2,14,65,8,2,15,4
UR FS DR L dl ur R,2,14,65,8,2,15,3
UR FS DR L ur dl R,2,14,65,8,2,11,3
UR FS DR R dl ur L,2,14,65,8,2,9,3
UR FS DR R ur dl L,2,14,65,8,2,13,3
ur FS DR UR dl L R,2,14,65,8,2,17,4
UR FS DR ur dl L R,2,14,65,8,2,15,4
ur FS DR UR dl R L,2,14,65,8,2,15,4
UR FS DR ur dl R L,2,14,65,8,2,13,4
ur FS DR UR L dl R,2,14,65,8,2,15,3
UR FS DR ur L dl R,2,14,65,8,2,11,3
ur FS DR UR R dl L,2,14,65,8,2,13,3
UR FS DR ur R dl L,2,14,65,8,2,13,3
UR FS L dl DR ur R,2,14,65,8,2,13,3
UR FS L DR dl ur R,2,14,65,8,2,13,3
UR FS L DR ur dl R,2,14,65,8,2,11,3
ur FS UR dl DR L R,2,14,65,8,2,15,4
UR FS ur dl DR L R,2,14,65,8,2,15,4
ur FS UR dl DR R L,2,14,65,8,2,13,4
UR FS ur dl DR R L,2,14,65,8,2,13,4
ur FS UR DR dl L R,2,14,65,8,2,15,4
UR FS ur DR dl L R,2,14,65,8,2,15,4
ur FS UR DR dl R L,2,14,65,8,2,13,4
UR FS ur DR dl R L,2,14,65,8,2,13,4
ur FS UR DR L dl R,2,14,65,8,2,13,3
UR FS ur DR L dl R,2,14,65,8,2,13,3
ur FS UR DR R dl L,2,14,65,8,2,11,3
UR FS ur DR R dl L,2,14,65,8,2,11,3
ur UR dl DR FS L R,2,14,65,8,2,17,4
UR ur dl DR FS L R,2,14,65,8,2,17,4
ur UR dl DR FS R L,2,14,65,8,2,17,4
UR ur dl DR FS R L,2,14,65,8,2,17,4
ur UR dl DR L FS R,2,14,65,8,2,15,4
UR ur dl DR L FS R,2,14,65,8,2,15,4
ur UR dl DR R FS L,2,14,65,8,2,13,4
UR ur dl DR R FS L,2,14,65,8,2,13,4
ur UR dl FS DR L R,2,14,65,8,2,19,4
UR ur dl FS DR L R,2,14,65,8,2,19,4
ur UR dl FS DR R L,2,14,65,8,2,17,4
UR ur dl FS DR R L,2,14,65,8,2,17,4
ur UR DR dl FS L R,2,14,65,8,2,17,4
UR ur DR dl FS L R,2,14,65,8,2,17,4
ur UR DR dl FS R L,2,14,65,8,2,17,4
UR ur DR dl FS R L,2,14,65,8,2,17,4
ur UR DR dl L FS R,2,14,65,8,2,15,4
UR ur DR dl L FS R,2,14,65,8,2,15,4
ur UR DR dl R FS L,2,14,65,8,2,13,4
UR ur DR dl R FS L,2,14,65,8,2,13,4
ur UR DR FS dl L R,2,14,65,8,2,19,4
UR ur DR FS dl L R,2,14,65,8,2,19,4
ur UR DR FS dl R L,2,14,65,8,2,17,4
UR ur DR FS dl R L,2,14,65,8,2,17,4
ur UR DR FS L dl R,2,14,65,8,2,15,4
UR ur DR FS L dl R,2,14,65,8,2,15,4
ur UR DR FS R dl L,2,14,65,8,2,15,4
UR ur DR FS R dl L,2,14,65,8,2,15,4
ur UR DR L dl FS R,2,14,65,8,2,17,4
UR ur DR L dl FS R,2,14,65,8,2,17,4
ur UR DR L FS dl R,2,14,65,8,2,15,4
UR ur DR L FS dl R,2,14,65,8,2,15,4
ur UR FS dl DR L R,2,14,65,8,2,17,4
UR ur FS dl DR L R,2,14,65,8,2,19,4
ur UR FS dl DR R L,2,14,65,8,2,15,4
UR ur FS dl DR R L,2,14,65,8,2,17,4
ur UR FS DR dl L R,2,14,65,8,2,17,4
UR ur FS DR dl L R,2,14,65,8,2,19,4
ur UR FS DR dl R L,2,14,65,8,2,15,4
UR ur FS DR dl R L,2,14,65,8,2,17,4
ur UR FS DR L dl R,2,14,65,8,2,15,4
UR ur FS DR L dl R,2,14,65,8,2,17,4
ur UR FS DR R dl L,2,14,65,8,2,13,4
UR ur FS DR R dl L,2,14,65,8,2,15,4
dl DR L UR FS ur R,2,14,67,9,2,15,3
dl DR L ur UR FS R,2,14,67,9,2,13,4
dl DR L UR ur FS R,2,14,67,9,2,17,4
dl DR UR L FS ur R,2,14,67,9,2,15,3
dl DR UR L ur FS R,2,14,67,9,2,13,3
dl L DR UR FS ur R,2,14,67,9,2,15,3
dl L DR ur UR FS R,2,14,67,9,2,15,4
dl L DR UR ur FS R,2,14,67,9,2,17,4
dl L UR DR FS ur R,2,14,67,9,2,17,3
dl L UR DR ur FS R,2,14,67,9,2,15,3
dl L UR FS DR ur R,2,14,67,9,2,15,3
dl UR DR L FS ur R,2,14,67,9,2,15,3
dl UR DR L ur FS R,2,14,67,9,2,13,3
dl UR L DR FS ur R,2,14,67,9,2,17,3
dl UR L DR ur FS R,2,14,67,9,2,15,3
dl UR L FS DR ur R,2,14,67,9,2,15,3
DR dl L UR FS ur R,2,14,67,9,2,15,3
DR dl L ur UR FS R,2,14,67,9,2,13,4
DR dl L UR ur FS R,2,14,67,9,2,17,4
DR dl UR L FS ur R,2,14,67,9,2,15,3
DR dl UR L ur FS R,2,14,67,9,2,13,3
DR L dl UR FS ur R,2,14,67,9,2,15,3
DR L dl ur UR FS R,2,14,67,9,2,15,4
DR L dl UR ur FS R,2,14,67,9,2,17,4
DR L UR dl FS ur R,2,14,67,9,2,17,3
DR L ur dl UR FS R,2,14,67,9,2,11,3
DR L UR dl ur FS R,2,14,67,9,2,15,3
DR L UR FS dl ur R,2,14,67,9,2,15,3
DR L UR FS ur dl R,2,14,67,9,2,13,3
DR L ur UR dl FS R,2,14,67,9,2,15,4
DR L UR ur dl FS R,2,14,67,9,2,17,4
DR L ur UR FS dl R,2,14,67,9,2,13,4
DR L UR ur FS dl R,2,14,67,9,2,17,4
DR R UR dl FS ur L,2,14,67,9,2,11,3
DR R UR dl ur FS L,2,14,67,9,2,11,3
DR R UR FS dl ur L,2,14,67,9,2,9,3
DR R UR FS ur dl L,2,14,67,9,2,11,3
DR R ur UR dl FS L,2,14,67,9,2,15,4
DR R UR ur dl FS L,2,14,67,9,2,13,4
DR R ur UR FS dl L,2,14,67,9,2,15,4
DR R UR ur FS dl L,2,14,67,9,2,15,4
DR UR dl L FS ur R,2,14,67,9,2,15,3
DR UR dl L ur FS R,2,14,67,9,2,13,3
DR UR L dl FS ur R,2,14,67,9,2,17,3
DR UR L dl ur FS R,2,14,67,9,2,15,3
DR UR L FS dl ur R,2,14,67,9,2,15,3
DR UR L FS ur dl R,2,14,67,9,2,13,3
DR UR L ur dl FS R,2,14,67,9,2,13,3
DR UR L ur FS dl R,2,14,67,9,2,13,3
DR UR R dl FS ur L,2,14,67,9,2,11,3
DR UR R dl ur FS L,2,14,67,9,2,11,3
DR UR R FS dl ur L,2,14,67,9,2,11,3
DR UR R FS ur dl L,2,14,67,9,2,13,3
DR ur R UR dl FS L,2,14,67,9,2,13,3
DR UR R ur dl FS L,2,14,67,9,2,13,3
DR ur R UR FS dl L,2,14,67,9,2,13,3
DR UR R ur FS dl L,2,14,67,9,2,15,3
DR ur UR R dl FS L,2,14,67,9,2,13,4
DR UR ur R dl FS L,2,14,67,9,2,15,4
DR ur UR R FS dl L,2,14,67,9,2,15,4
DR UR ur R FS dl L,2,14,67,9,2,17,4
L dl DR UR FS ur R,2,14,67,9,2,14,3
L dl DR ur UR FS R,2,14,67,9,2,14,4
L dl DR UR ur FS R,2,14,67,9,2,16,4
L dl UR DR FS ur R,2,14,67,9,2,16,3
L dl UR DR ur FS R,2,14,67,9,2,14,3
L dl UR FS DR ur R,2,14,67,9,2,14,3
L DR dl UR FS ur R,2,14,67,9,2,14,3
L DR dl ur UR FS R,2,14,67,9,2,14,4
L DR dl UR ur FS R,2,14,67,9,2,16,4
L DR UR dl FS ur R,2,14,67,9,2,16,3
L DR ur dl UR FS R,2,14,67,9,2,12,3
L DR UR dl ur FS R,2,14,67,9,2,14,3
L DR UR FS dl ur R,2,14,67,9,2,14,3
L DR UR FS ur dl R,2,14,67,9,2,12,3
L DR ur UR dl FS R,2,14,67,9,2,16,4
L DR UR ur dl FS R,2,14,67,9,2,16,4
L DR ur UR FS dl R,2,14,67,9,2,14,4
L DR UR ur FS dl R,2,14,67,9,2,16,4
L UR dl DR FS ur R,2,14,67,9,2,16,3
L UR dl DR ur FS R,2,14,67,9,2,14,3
L UR dl FS DR ur R,2,14,67,9,2,16,3
L UR DR dl FS ur R,2,14,67,9,2,16,3
L UR DR dl ur FS R,2,14,67,9,2,14,3
L UR DR FS dl ur R,2,14,67,9,2,16,3
L UR DR FS ur dl R,2,14,67,9,2,14,3
L UR DR ur dl FS R,2,14,67,9,2,14,3
L UR DR ur FS dl R,2,14,67,9,2,14,3
L UR FS dl DR ur R,2,14,67,9,2,14,3
L UR FS DR dl ur R,2,14,67,9,2,14,3
L UR FS DR ur dl R,2,14,67,9,2,12,3
UR dl DR L FS ur R,2,14,67,9,2,15,3
UR dl DR L ur FS R,2,14,67,9,2,13,3
UR dl L DR FS ur R,2,14,67,9,2,17,3
UR dl L DR ur FS R,2,14,67,9,2,15,3
UR dl L FS DR ur R,2,14,67,9,2,15,3
UR DR dl L FS ur R,2,14,67,9,2,15,3
UR DR dl L ur FS R,2,14,67,9,2,13,3
UR DR L dl FS ur R,2,14,67,9,2,17,3
UR DR L dl ur FS R,2,14,67,9,2,15,3
UR DR L FS dl ur R,2,14,67,9,2,15,3
UR DR L FS ur dl R,2,14,67,9,2,13,3
UR DR L ur dl FS R,2,14,67,9,2,13,3
UR DR L ur FS dl R,2,14,67,9,2,13,3
UR DR R dl FS ur L,2,14,67,9,2,11,3
UR DR R dl ur FS L,2,14,67,9,2,11,3
UR DR R FS dl ur L,2,14,67,9,2,11,3
UR DR R FS ur dl L,2,14,67,9,2,13,3
ur DR R UR dl FS L,2,14,67,9,2,11,3
UR DR R ur dl FS L,2,14,67,9,2,13,3
ur DR R UR FS dl L,2,14,67,9,2,11,3
UR DR R ur FS dl L,2,14,67,9,2,15,3
ur DR UR R dl FS L,2,14,67,9,2,11,3
UR DR ur R dl FS L,2,14,67,9,2,13,3
ur DR UR R FS dl L,2,14,67,9,2,13,3
UR DR ur R FS dl L,2,14,67,9,2,15,3
UR L dl DR FS ur R,2,14,67,9,2,17,3
UR L dl DR ur FS R,2,14,67,9,2,15,3
UR L dl FS DR ur R,2,14,67,9,2,17,3
UR L DR dl FS ur R,2,14,67,9,2,17,3
UR L DR dl ur FS R,2,14,67,9,2,15,3
UR L DR FS dl ur R,2,14,67,9,2,17,3
UR L DR FS ur dl R,2,14,67,9,2,15,3
UR L DR ur dl FS R,2,14,67,9,2,15,3
UR L DR ur FS dl R,2,14,67,9,2,15,3
UR L FS dl DR ur R,2,14,67,9,2,15,3
UR L FS DR dl ur R,2,14,67,9,2,15,3
UR L FS DR ur dl R,2,14,67,9,2,13,3
UR R DR dl FS ur L,2,14,67,9,2,11,3
UR R DR dl ur FS L,2,14,67,9,2,11,3
UR R DR FS dl ur L,2,14,67,9,2,11,3
UR R DR FS ur dl L,2,14,67,9,2,13,3
UR R DR ur dl FS L,2,14,67,9,2,11,3
UR R DR ur FS dl L,2,14,67,9,2,13,3
UR R ur DR dl FS L,2,14,67,9,2,13,3
UR R ur DR FS dl L,2,14,67,9,2,15,3
ur UR DR R dl FS L,2,14,67,9,2,13,4
UR ur DR R dl FS L,2,14,67,9,2,13,4
ur UR DR R FS dl L,2,14,67,9,2,15,4
UR ur DR R FS dl L,2,14,67,9,2,15,4
ur UR R DR dl FS L,2,14,67,9,2,13,4
UR ur R DR dl FS L,2,14,67,9,2,15,4
ur UR R DR FS dl L,2,14,67,9,2,15,4
UR ur R DR FS dl L,2,14,67,9,2,17,4
R DR UR dl FS ur L,2,14,71,10,2,12,3
R DR UR dl ur FS L,2,14,71,10,2,12,3
R DR UR FS dl ur L,2,14,71,10,2,10,3
R DR UR FS ur dl L,2,14,71,10,2,12,3
R DR ur UR dl FS L,2,14,71,10,2,14,4
R DR UR ur dl FS L,2,14,71,10,2,14,4
R DR ur UR FS dl L,2,14,71,10,2,14,4
R DR UR ur FS dl L,2,14,71,10,2,16,4
R UR DR dl FS ur L,2,14,71,10,2,12,3
R UR DR dl ur FS L,2,14,71,10,2,12,3
R UR DR FS dl ur L,2,14,71,10,2,12,3
R UR DR FS ur dl L,2,14,71,10,2,14,3
R ur DR UR dl FS L,2,14,71,10,2,14,3
R UR DR ur dl FS L,2,14,71,10,2,12,3
R ur DR UR FS dl L,2,14,71,10,2,14,3
R UR DR ur FS dl L,2,14,71,10,2,14,3
R ur UR DR dl FS L,2,14,71,10,2,16,4
R UR ur DR dl FS L,2,14,71,10,2,14,4
R ur UR DR FS dl L,2,14,71,10,2,18,4
R UR ur DR FS dl L,2,14,71,10,2,16,4
ur R DR UR dl FS L,2,14,71,10,2,13,3
ur R DR UR FS dl L,2,14,71,10,2,13,3
ur R UR DR dl FS L,2,14,71,10,2,13,3
ur R UR DR FS dl L,2,14,71,10,2,15,3
