order,min_memo,max_memo,sum_memo,memorized,d_moves,pin_changes,max_pin_changes
BS U ul UR DL D ur,2,10,28,5,3,11,3
BS U UR DL ul D ur,2,10,28,5,3,9,2
BS U UR ul DL D ur,2,10,28,5,3,9,2
BS ul U UR DL D ur,2,10,28,5,3,11,3
U BS ul UR DL D ur,2,10,28,5,3,11,3
U BS UR DL ul D ur,2,10,28,5,3,11,3
U BS UR ul DL D ur,2,10,28,5,3,11,3
U ul BS UR DL D ur,2,10,28,5,3,13,3
ul BS U UR DL D ur,2,10,28,5,3,10,3
ul U BS UR DL D ur,2,10,28,5,3,12,3
BS U UR DL ur D ul,2,14,32,5,3,9,2
BS U ur UR DL D ul,2,14,32,5,3,13,4
BS U UR ur DL D ul,2,14,32,5,3,11,4
BS ur U UR DL D ul,2,14,32,5,3,9,3
U BS UR DL ur D ul,2,14,32,5,3,11,3
U BS ur UR DL D ul,2,14,32,5,3,11,4
U BS UR ur DL D ul,2,14,32,5,3,13,4
U ur BS UR DL D ul,2,14,32,5,3,11,3
ur BS U UR DL D ul,2,14,32,5,3,8,2
ur U BS UR DL D ul,2,14,32,5,3,12,3
BS D U ul UR DL ur,2,10,32,6,3,15,4
BS D U UR DL ul ur,2,10,32,6,3,13,4
BS D U UR ul DL ur,2,10,32,6,3,13,4
BS D ul U UR DL ur,2,10,32,6,3,11,3
BS U D ul UR DL ur,2,10,32,6,3,13,4
BS U D UR DL ul ur,2,10,32,6,3,15,4
BS U D UR ul DL ur,2,10,32,6,3,15,4
BS U ul D UR DL ur,2,10,32,6,3,13,3
BS U ul UR D DL ur,2,10,32,6,3,13,3
BS U UR D DL ul ur,2,10,32,6,3,11,3
BS U UR D ul DL ur,2,10,32,6,3,11,3
BS U UR DL D ul ur,2,10,32,6,3,9,2
BS U UR ul D DL ur,2,10,32,6,3,9,2
BS ul D U UR DL ur,2,10,32,6,3,13,4
BS ul U D UR DL ur,2,10,32,6,3,17,4
BS ul U UR D DL ur,2,10,32,6,3,13,3
D BS U ul UR DL ur,2,10,32,6,3,13,3
D BS U UR DL ul ur,2,10,32,6,3,11,2
D BS U UR ul DL ur,2,10,32,6,3,11,2
D BS ul U UR DL ur,2,10,32,6,3,13,3
D U BS ul UR DL ur,2,10,32,6,3,15,4
D U BS UR DL ul ur,2,10,32,6,3,15,4
D U BS UR ul DL ur,2,10,32,6,3,15,4
D U ul BS UR DL ur,2,10,32,6,3,17,4
D ul BS U UR DL ur,2,10,32,6,3,11,3
D ul U BS UR DL ur,2,10,32,6,3,13,3
U BS D ul UR DL ur,2,10,32,6,3,11,2
U BS D UR DL ul ur,2,10,32,6,3,13,3
U BS D UR ul DL ur,2,10,32,6,3,13,3
U BS ul D UR DL ur,2,10,32,6,3,13,3
U BS ul UR D DL ur,2,10,32,6,3,13,3
U BS UR D DL ul ur,2,10,32,6,3,13,3
U BS UR D ul DL ur,2,10,32,6,3,13,3
U BS UR DL D ul ur,2,10,32,6,3,11,3
U BS UR ul D DL ur,2,10,32,6,3,11,3
U D BS ul UR DL ur,2,10,32,6,3,15,4
U D BS UR DL ul ur,2,10,32,6,3,15,4
U D BS UR ul DL ur,2,10,32,6,3,15,4
U D ul BS UR DL ur,2,10,32,6,3,15,4
U ul BS D UR DL ur,2,10,32,6,3,15,3
U ul BS UR D DL ur,2,10,32,6,3,15,3
U ul D BS UR DL ur,2,10,32,6,3,13,3
ul BS D U UR DL ur,2,10,32,6,3,14,4
ul BS U D UR DL ur,2,10,32,6,3,16,4
ul BS U UR D DL ur,2,10,32,6,3,12,3
ul D BS U UR DL ur,2,10,32,6,3,10,2
ul D U BS UR DL ur,2,10,32,6,3,14,4
ul U BS D UR DL ur,2,10,32,6,3,14,3
ul U BS UR D DL ur,2,10,32,6,3,14,3
ul U D BS UR DL ur,2,10,32,6,3,16,4
BS D U ur DL UR ul,2,14,36,6,3,15,4
BS D U UR DL ur ul,2,14,36,6,3,13,4
BS D U ur UR DL ul,2,14,36,6,3,17,4
BS D U UR ur DL ul,2,14,36,6,3,15,4
BS D ur DL U UR ul,2,14,36,6,3,11,3
BS D ur U DL UR ul,2,14,36,6,3,13,3
BS D ur U UR DL ul,2,14,36,6,3,11,3
BS U D ur DL UR ul,2,14,36,6,3,13,4
BS U D UR DL ur ul,2,14,36,6,3,15,4
BS U D ur UR DL ul,2,14,36,6,3,15,4
BS U D UR ur DL ul,2,14,36,6,3,17,4
BS U ur D DL UR ul,2,14,36,6,3,11,3
BS U UR D DL ur ul,2,14,36,6,3,11,3
BS U ur D UR DL ul,2,14,36,6,3,13,3
BS U UR D ur DL ul,2,14,36,6,3,11,3
BS U UR DL D ur ul,2,14,36,6,3,9,2
BS U ur UR D DL ul,2,14,36,6,3,15,4
BS U UR ur D DL ul,2,14,36,6,3,11,4
BS ur D DL U UR ul,2,14,36,6,3,9,3
BS ur D U DL UR ul,2,14,36,6,3,13,4
BS ur D U UR DL ul,2,14,36,6,3,11,4
BS ur U D DL UR ul,2,14,36,6,3,13,4
BS ur U D UR DL ul,2,14,36,6,3,15,4
BS ur U UR D DL ul,2,14,36,6,3,11,3
D BS U ur DL UR ul,2,14,36,6,3,13,3
D BS U UR DL ur ul,2,14,36,6,3,11,2
D BS U ur UR DL ul,2,14,36,6,3,15,4
D BS U UR ur DL ul,2,14,36,6,3,13,4
D BS ur DL U UR ul,2,14,36,6,3,11,3
D BS ur U DL UR ul,2,14,36,6,3,13,3
D BS ur U UR DL ul,2,14,36,6,3,11,3
D U BS ur DL UR ul,2,14,36,6,3,13,4
D U BS UR DL ur ul,2,14,36,6,3,15,4
D U BS ur UR DL ul,2,14,36,6,3,15,4
D U BS UR ur DL ul,2,14,36,6,3,17,4
D U ur BS DL UR ul,2,14,36,6,3,15,4
D U ur BS UR DL ul,2,14,36,6,3,15,4
D ur BS DL U UR ul,2,14,36,6,3,11,3
D ur BS U DL UR ul,2,14,36,6,3,11,3
D ur BS U UR DL ul,2,14,36,6,3,9,2
D ur U BS DL UR ul,2,14,36,6,3,13,3
D ur U BS UR DL ul,2,14,36,6,3,13,3
U BS D ur DL UR ul,2,14,36,6,3,11,2
U BS D UR DL ur ul,2,14,36,6,3,13,3
U BS D ur UR DL ul,2,14,36,6,3,13,4
U BS D UR ur DL ul,2,14,36,6,3,15,4
U BS ur D DL UR ul,2,14,36,6,3,9,2
U BS UR D DL ur ul,2,14,36,6,3,13,3
U BS ur D UR DL ul,2,14,36,6,3,11,3
U BS UR D ur DL ul,2,14,36,6,3,13,3
U BS UR DL D ur ul,2,14,36,6,3,11,3
U BS ur UR D DL ul,2,14,36,6,3,13,4
U BS UR ur D DL ul,2,14,36,6,3,13,4
U D BS ur DL UR ul,2,14,36,6,3,13,4
U D BS UR DL ur ul,2,14,36,6,3,15,4
U D BS ur UR DL ul,2,14,36,6,3,15,4
U D BS UR ur DL ul,2,14,36,6,3,17,4
U D ur BS DL UR ul,2,14,36,6,3,13,4
U D ur BS UR DL ul,2,14,36,6,3,13,4
U ur BS D DL UR ul,2,14,36,6,3,11,3
U ur BS D UR DL ul,2,14,36,6,3,13,3
U ur BS UR D DL ul,2,14,36,6,3,13,3
U ur D BS DL UR ul,2,14,36,6,3,13,3
U ur D BS UR DL ul,2,14,36,6,3,13,3
ur BS D DL U UR ul,2,14,36,6,3,10,3
ur BS D U DL UR ul,2,14,36,6,3,14,4
ur BS D U UR DL ul,2,14,36,6,3,12,4
ur BS U D DL UR ul,2,14,36,6,3,12,4
ur BS U D UR DL ul,2,14,36,6,3,14,4
ur BS U UR D DL ul,2,14,36,6,3,10,3
ur D BS DL U UR ul,2,14,36,6,3,12,3
ur D BS U DL UR ul,2,14,36,6,3,12,3
ur D BS U UR DL ul,2,14,36,6,3,10,2
ur D U BS DL UR ul,2,14,36,6,3,14,4
ur D U BS UR DL ul,2,14,36,6,3,14,4
ur U BS D DL UR ul,2,14,36,6,3,12,3
ur U BS D UR DL ul,2,14,36,6,3,14,3
ur U BS UR D DL ul,2,14,36,6,3,14,3
ur U D BS DL UR ul,2,14,36,6,3,16,4
ur U D BS UR DL ul,2,14,36,6,3,16,4
BS DL U ul UR D ur,2,10,38,6,3,15,3
BS DL U UR ul D ur,2,10,38,6,3,11,3
BS DL ul U UR D ur,2,10,38,6,3,13,3
BS U DL ul UR D ur,2,10,38,6,3,13,3
BS U DL UR ul D ur,2,10,38,6,3,11,3
BS U ul DL UR D ur,2,10,38,6,3,13,3
BS ul DL U UR D ur,2,10,38,6,3,13,3
BS ul U DL UR D ur,2,10,38,6,3,15,3
DL BS U ul UR D ur,2,10,38,6,3,14,3
DL BS U UR ul D ur,2,10,38,6,3,10,3
DL BS ul U UR D ur,2,10,38,6,3,14,3
DL U BS ul UR D ur,2,10,38,6,3,14,3
DL U BS UR ul D ur,2,10,38,6,3,12,3
DL U ul BS UR D ur,2,10,38,6,3,16,3
DL U ul UR BS D ur,2,10,38,6,3,14,3
DL U ul UR D BS ur,2,10,38,6,3,14,3
DL U UR BS ul D ur,2,10,38,6,3,12,3
DL U UR ul BS D ur,2,10,38,6,3,12,3
DL U UR ul D BS ur,2,10,38,6,3,10,3
DL ul BS U UR D ur,2,10,38,6,3,12,3
DL ul U BS UR D ur,2,10,38,6,3,14,3
DL ul U UR BS D ur,2,10,38,6,3,12,3
DL ul U UR D BS ur,2,10,38,6,3,12,3
U BS DL ul UR D ur,2,10,38,6,3,13,3
U BS DL UR ul D ur,2,10,38,6,3,11,3
U BS ul DL UR D ur,2,10,38,6,3,13,3
U DL BS ul UR D ur,2,10,38,6,3,15,3
U DL BS UR ul D ur,2,10,38,6,3,13,3
U DL ul BS UR D ur,2,10,38,6,3,15,3
U DL ul UR BS D ur,2,10,38,6,3,13,3
U DL ul UR D BS ur,2,10,38,6,3,13,3
U DL UR BS ul D ur,2,10,38,6,3,13,3
U DL UR ul BS D ur,2,10,38,6,3,13,3
U DL UR ul D BS ur,2,10,38,6,3,11,3
U ul BS DL UR D ur,2,10,38,6,3,15,3
U ul DL BS UR D ur,2,10,38,6,3,15,3
U ul DL UR BS D ur,2,10,38,6,3,13,3
U ul DL UR D BS ur,2,10,38,6,3,13,3
ul BS DL U UR D ur,2,10,38,6,3,14,3
ul BS U DL UR D ur,2,10,38,6,3,14,3
ul DL BS U UR D ur,2,10,38,6,3,12,3
ul DL U BS UR D ur,2,10,38,6,3,14,3
ul DL U UR BS D ur,2,10,38,6,3,12,3
ul DL U UR D BS ur,2,10,38,6,3,12,3
ul U BS DL UR D ur,2,10,38,6,3,14,3
ul U DL BS UR D ur,2,10,38,6,3,16,3
ul U DL UR BS D ur,2,10,38,6,3,14,3
ul U DL UR D BS ur,2,10,38,6,3,14,3
BS ul UR U DL D ur,2,13,39,5,3,11,3
BS UR U DL ul D ur,2,13,39,5,3,11,3
BS UR U ul DL D ur,2,13,39,5,3,11,3
BS UR ul U DL D ur,2,13,39,5,3,13,3
ul BS UR U DL D ur,2,13,39,5,3,12,3
ul UR BS U DL D ur,2,13,39,5,3,12,3
UR BS U DL ul D ur,2,13,39,5,3,12,3
UR BS U ul DL D ur,2,13,39,5,3,12,3
UR BS ul U DL D ur,2,13,39,5,3,14,3
UR ul BS U DL D ur,2,13,39,5,3,12,3
BS D DL ul UR U ur,2,10,40,6,3,11,3
BS D ul DL UR U ur,2,10,40,6,3,11,3
BS DL D ul UR U ur,2,10,40,6,3,11,3
BS DL ul D UR U ur,2,10,40,6,3,13,3
BS ul D DL UR U ur,2,10,40,6,3,11,3
BS ul DL D UR U ur,2,10,40,6,3,13,3
D BS DL ul UR U ur,2,10,40,6,3,13,3
D BS ul DL UR U ur,2,10,40,6,3,13,3
D DL BS ul UR U ur,2,10,40,6,3,13,3
D DL ul BS UR U ur,2,10,40,6,3,13,3
D DL ul UR BS U ur,2,10,40,6,3,13,3
D DL ul UR U BS ur,2,10,40,6,3,9,2
D ul BS DL UR U ur,2,10,40,6,3,13,3
D ul DL BS UR U ur,2,10,40,6,3,13,3
D ul DL UR BS U ur,2,10,40,6,3,13,3
D ul DL UR U BS ur,2,10,40,6,3,9,2
DL BS D ul UR U ur,2,10,40,6,3,12,3
DL BS ul D UR U ur,2,10,40,6,3,14,3
DL D BS ul UR U ur,2,10,40,6,3,12,3
DL D ul BS UR U ur,2,10,40,6,3,12,3
DL D ul UR BS U ur,2,10,40,6,3,12,3
DL D ul UR U BS ur,2,10,40,6,3,8,2
DL ul BS D UR U ur,2,10,40,6,3,14,3
DL ul D BS UR U ur,2,10,40,6,3,12,3
DL ul D UR BS U ur,2,10,40,6,3,14,3
DL ul D UR U BS ur,2,10,40,6,3,10,3
ul BS D DL UR U ur,2,10,40,6,3,12,3
ul BS DL D UR U ur,2,10,40,6,3,14,3
ul D BS DL UR U ur,2,10,40,6,3,12,3
ul D DL BS UR U ur,2,10,40,6,3,12,3
ul D DL UR BS U ur,2,10,40,6,3,12,3
ul D DL UR U BS ur,2,10,40,6,3,8,2
ul DL BS D UR U ur,2,10,40,6,3,14,3
ul DL D BS UR U ur,2,10,40,6,3,12,3
ul DL D UR BS U ur,2,10,40,6,3,14,3
ul DL D UR U BS ur,2,10,40,6,3,10,3
DL U ul UR D ur BS,2,14,40,6,3,13,3
DL U ul ur UR D BS,2,14,40,6,3,17,4
DL U ul UR ur D BS,2,14,40,6,3,15,4
DL U UR ul D ur BS,2,14,40,6,3,9,3
DL U ur ul UR D BS,2,14,40,6,3,15,3
DL U UR ul ur D BS,2,14,40,6,3,11,3
DL U ur UR ul D BS,2,14,40,6,3,15,4
DL U UR ur ul D BS,2,14,40,6,3,13,4
DL ul U UR D ur BS,2,14,40,6,3,11,3
DL ul U ur UR D BS,2,14,40,6,3,17,4
DL ul U UR ur D BS,2,14,40,6,3,13,4
DL ul ur U UR D BS,2,14,40,6,3,13,3
DL ur U ul UR D BS,2,14,40,6,3,15,3
DL ur U UR ul D BS,2,14,40,6,3,11,3
DL ur ul U UR D BS,2,14,40,6,3,13,3
U DL ul UR D ur BS,2,14,40,6,3,12,3
U DL ul ur UR D BS,2,14,40,6,3,16,4
U DL ul UR ur D BS,2,14,40,6,3,14,4
U DL UR ul D ur BS,2,14,40,6,3,10,3
U DL ur ul UR D BS,2,14,40,6,3,14,3
U DL UR ul ur D BS,2,14,40,6,3,12,3
U DL ur UR ul D BS,2,14,40,6,3,14,4
U DL UR ur ul D BS,2,14,40,6,3,14,4
U ul DL UR D ur BS,2,14,40,6,3,12,3
U ul DL ur UR D BS,2,14,40,6,3,16,4
U ul DL UR ur D BS,2,14,40,6,3,14,4
U ul ur DL UR D BS,2,14,40,6,3,14,3
U ur DL ul UR D BS,2,14,40,6,3,14,3
U ur DL UR ul D BS,2,14,40,6,3,12,3
U ur ul DL UR D BS,2,14,40,6,3,14,3
ul DL U UR D ur BS,2,14,40,6,3,11,3
ul DL U ur UR D BS,2,14,40,6,3,17,4
ul DL U UR ur D BS,2,14,40,6,3,13,4
ul DL ur U UR D BS,2,14,40,6,3,13,3
ul U DL UR D ur BS,2,14,40,6,3,13,3
ul U DL ur UR D BS,2,14,40,6,3,17,4
ul U DL UR ur D BS,2,14,40,6,3,15,4
ul U ur DL UR D BS,2,14,40,6,3,15,3
ul ur DL U UR D BS,2,14,40,6,3,13,3
ul ur U DL UR D BS,2,14,40,6,3,15,3
ur DL U ul UR D BS,2,14,40,6,3,15,3
ur DL U UR ul D BS,2,14,40,6,3,11,3
ur DL ul U UR D BS,2,14,40,6,3,13,3
ur U DL ul UR D BS,2,14,40,6,3,15,3
ur U DL UR ul D BS,2,14,40,6,3,13,3
ur U ul DL UR D BS,2,14,40,6,3,15,3
ur ul DL U UR D BS,2,14,40,6,3,13,3
ur ul U DL UR D BS,2,14,40,6,3,15,3
U ul UR BS DL D ur,2,13,41,6,3,13,3
U ul UR DL BS D ur,2,13,41,6,3,13,3
U ul UR DL D BS ur,2,13,41,6,3,11,3
U UR BS DL ul D ur,2,13,41,6,3,11,3
U UR BS ul DL D ur,2,13,41,6,3,11,3
U UR DL BS ul D ur,2,13,41,6,3,11,3
U UR DL ul BS D ur,2,13,41,6,3,11,3
U UR DL ul D BS ur,2,13,41,6,3,9,2
U UR ul BS DL D ur,2,13,41,6,3,11,3
U UR ul DL BS D ur,2,13,41,6,3,11,3
U UR ul DL D BS ur,2,13,41,6,3,9,2
ul U UR BS DL D ur,2,13,41,6,3,12,3
ul U UR DL BS D ur,2,13,41,6,3,12,3
ul U UR DL D BS ur,2,13,41,6,3,10,3
ul UR U BS DL D ur,2,13,41,6,3,10,3
ul UR U DL BS D ur,2,13,41,6,3,12,3
ul UR U DL D BS ur,2,13,41,6,3,10,3
UR U BS DL ul D ur,2,13,41,6,3,10,3
UR U BS ul DL D ur,2,13,41,6,3,10,3
UR U DL BS ul D ur,2,13,41,6,3,12,3
UR U DL ul BS D ur,2,13,41,6,3,12,3
UR U DL ul D BS ur,2,13,41,6,3,10,3
UR U ul BS DL D ur,2,13,41,6,3,12,3
UR U ul DL BS D ur,2,13,41,6,3,12,3
UR U ul DL D BS ur,2,13,41,6,3,10,3
UR ul U BS DL D ur,2,13,41,6,3,12,3
UR ul U DL BS D ur,2,13,41,6,3,14,3
UR ul U DL D BS ur,2,13,41,6,3,12,3
BS DL U ur D UR ul,2,14,42,6,3,15,3
BS DL U ur UR D ul,2,14,42,6,3,17,4
BS DL U UR ur D ul,2,14,42,6,3,13,4
BS DL ur D U UR ul,2,14,42,6,3,13,4
BS DL ur U D UR ul,2,14,42,6,3,17,4
BS DL ur U UR D ul,2,14,42,6,3,13,3
BS U DL ur D UR ul,2,14,42,6,3,13,3
BS U DL ur UR D ul,2,14,42,6,3,15,4
BS U DL UR ur D ul,2,14,42,6,3,13,4
BS U ur DL D UR ul,2,14,42,6,3,13,3
BS U ur DL UR D ul,2,14,42,6,3,13,3
BS ur DL D U UR ul,2,14,42,6,3,11,4
BS ur DL U D UR ul,2,14,42,6,3,15,4
BS ur DL U UR D ul,2,14,42,6,3,11,3
BS ur U DL D UR ul,2,14,42,6,3,13,3
BS ur U DL UR D ul,2,14,42,6,3,13,3
D DL ul UR U ur BS,2,14,42,6,3,10,3
D DL ul ur UR U BS,2,14,42,6,3,12,4
D DL ul UR ur U BS,2,14,42,6,3,14,4
D DL ur ul UR U BS,2,14,42,6,3,10,2
D ul DL UR U ur BS,2,14,42,6,3,10,3
D ul DL ur UR U BS,2,14,42,6,3,12,4
D ul DL UR ur U BS,2,14,42,6,3,14,4
D ul ur DL UR U BS,2,14,42,6,3,10,2
D ur DL ul UR U BS,2,14,42,6,3,10,2
D ur ul DL UR U BS,2,14,42,6,3,10,2
DL BS U ur D UR ul,2,14,42,6,3,14,3
DL BS U ur UR D ul,2,14,42,6,3,16,4
DL BS U UR ur D ul,2,14,42,6,3,12,4
DL BS ur D U UR ul,2,14,42,6,3,12,4
DL BS ur U D UR ul,2,14,42,6,3,16,4
DL BS ur U UR D ul,2,14,42,6,3,12,3
DL D ul UR U ur BS,2,14,42,6,3,9,3
DL D ul ur UR U BS,2,14,42,6,3,11,4
DL D ul UR ur U BS,2,14,42,6,3,13,4
DL D ur ul UR U BS,2,14,42,6,3,9,2
DL U BS ur D UR ul,2,14,42,6,3,12,3
DL U BS ur UR D ul,2,14,42,6,3,14,4
DL U BS UR ur D ul,2,14,42,6,3,14,4
DL U ur BS D UR ul,2,14,42,6,3,14,3
DL U ur BS UR D ul,2,14,42,6,3,14,3
DL U UR BS ur D ul,2,14,42,6,3,10,3
DL U ur UR BS D ul,2,14,42,6,3,16,4
DL U UR ur BS D ul,2,14,42,6,3,12,4
DL ul D UR U ur BS,2,14,42,6,3,11,3
DL ul D ur UR U BS,2,14,42,6,3,11,4
DL ul D UR ur U BS,2,14,42,6,3,15,4
DL ul ur D UR U BS,2,14,42,6,3,11,3
DL ur BS D U UR ul,2,14,42,6,3,12,4
DL ur BS U D UR ul,2,14,42,6,3,14,4
DL ur BS U UR D ul,2,14,42,6,3,10,3
DL ur D ul UR U BS,2,14,42,6,3,9,2
DL ur U BS D UR ul,2,14,42,6,3,14,3
DL ur U BS UR D ul,2,14,42,6,3,14,3
DL ur U UR BS D ul,2,14,42,6,3,12,3
DL ur ul D UR U BS,2,14,42,6,3,11,3
U BS DL ur D UR ul,2,14,42,6,3,13,3
U BS DL ur UR D ul,2,14,42,6,3,15,4
U BS DL UR ur D ul,2,14,42,6,3,13,4
U BS ur DL D UR ul,2,14,42,6,3,11,3
U BS ur DL UR D ul,2,14,42,6,3,11,3
U DL BS ur D UR ul,2,14,42,6,3,13,3
U DL BS ur UR D ul,2,14,42,6,3,15,4
U DL BS UR ur D ul,2,14,42,6,3,15,4
U DL ur BS D UR ul,2,14,42,6,3,13,3
U DL ur BS UR D ul,2,14,42,6,3,13,3
U DL UR BS ur D ul,2,14,42,6,3,11,3
U DL ur UR BS D ul,2,14,42,6,3,15,4
U DL UR ur BS D ul,2,14,42,6,3,13,4
U ur BS DL D UR ul,2,14,42,6,3,13,3
U ur BS DL UR D ul,2,14,42,6,3,13,3
U ur DL BS D UR ul,2,14,42,6,3,15,3
U ur DL BS UR D ul,2,14,42,6,3,15,3
U ur DL UR BS D ul,2,14,42,6,3,13,3
ul D DL UR U ur BS,2,14,42,6,3,9,3
ul D DL ur UR U BS,2,14,42,6,3,11,4
ul D DL UR ur U BS,2,14,42,6,3,13,4
ul D ur DL UR U BS,2,14,42,6,3,9,2
ul DL D UR U ur BS,2,14,42,6,3,11,3
ul DL D ur UR U BS,2,14,42,6,3,11,4
ul DL D UR ur U BS,2,14,42,6,3,15,4
ul DL ur D UR U BS,2,14,42,6,3,11,3
ul ur D DL UR U BS,2,14,42,6,3,9,2
ul ur DL D UR U BS,2,14,42,6,3,11,3
ur BS DL D U UR ul,2,14,42,6,3,12,4
ur BS DL U D UR ul,2,14,42,6,3,16,4
ur BS DL U UR D ul,2,14,42,6,3,12,3
ur BS U DL D UR ul,2,14,42,6,3,12,3
ur BS U DL UR D ul,2,14,42,6,3,12,3
ur D DL ul UR U BS,2,14,42,6,3,9,2
ur D ul DL UR U BS,2,14,42,6,3,9,2
ur DL BS D U UR ul,2,14,42,6,3,14,4
ur DL BS U D UR ul,2,14,42,6,3,16,4
ur DL BS U UR D ul,2,14,42,6,3,12,3
ur DL D ul UR U BS,2,14,42,6,3,9,2
ur DL U BS D UR ul,2,14,42,6,3,14,3
ur DL U BS UR D ul,2,14,42,6,3,14,3
ur DL U UR BS D ul,2,14,42,6,3,12,3
ur DL ul D UR U BS,2,14,42,6,3,11,3
ur U BS DL D UR ul,2,14,42,6,3,14,3
ur U BS DL UR D ul,2,14,42,6,3,14,3
ur U DL BS D UR ul,2,14,42,6,3,16,3
ur U DL BS UR D ul,2,14,42,6,3,16,3
ur U DL UR BS D ul,2,14,42,6,3,14,3
ur ul D DL UR U BS,2,14,42,6,3,9,2
ur ul DL D UR U BS,2,14,42,6,3,11,3
BS D DL U ul UR ur,2,10,42,7,3,15,4
BS D DL U UR ul ur,2,10,42,7,3,11,3
BS D DL ul U UR ur,2,10,42,7,3,13,4
BS D U DL ul UR ur,2,10,42,7,3,17,4
BS D U DL UR ul ur,2,10,42,7,3,15,4
BS D U ul DL UR ur,2,10,42,7,3,17,4
BS D ul DL U UR ur,2,10,42,7,3,13,4
BS D ul U DL UR ur,2,10,42,7,3,15,4
BS DL D U ul UR ur,2,10,42,7,3,17,4
BS DL D U UR ul ur,2,10,42,7,3,13,4
BS DL D ul U UR ur,2,10,42,7,3,13,4
BS DL U D ul UR ur,2,10,42,7,3,17,4
BS DL U D UR ul ur,2,10,42,7,3,17,4
BS DL U ul D UR ur,2,10,42,7,3,17,4
BS DL U UR D ul ur,2,10,42,7,3,13,3
BS DL ul D U UR ur,2,10,42,7,3,15,4
BS DL ul U D UR ur,2,10,42,7,3,19,4
BS U D DL ul UR ur,2,10,42,7,3,15,4
BS U D DL UR ul ur,2,10,42,7,3,13,4
BS U D ul DL UR ur,2,10,42,7,3,15,4
BS U DL D ul UR ur,2,10,42,7,3,13,4
BS U DL D UR ul ur,2,10,42,7,3,13,3
BS U DL ul D UR ur,2,10,42,7,3,15,4
BS U DL UR D ul ur,2,10,42,7,3,13,3
BS U ul D DL UR ur,2,10,42,7,3,13,4
BS U ul DL D UR ur,2,10,42,7,3,15,4
BS ul D DL U UR ur,2,10,42,7,3,13,4
BS ul D U DL UR ur,2,10,42,7,3,17,4
BS ul DL D U UR ur,2,10,42,7,3,15,4
BS ul DL U D UR ur,2,10,42,7,3,19,4
BS ul U D DL UR ur,2,10,42,7,3,17,4
BS ul U DL D UR ur,2,10,42,7,3,17,4
D BS DL U ul UR ur,2,10,42,7,3,17,4
D BS DL U UR ul ur,2,10,42,7,3,13,3
D BS DL ul U UR ur,2,10,42,7,3,15,4
D BS U DL ul UR ur,2,10,42,7,3,15,4
D BS U DL UR ul ur,2,10,42,7,3,13,3
D BS U ul DL UR ur,2,10,42,7,3,15,4
D BS ul DL U UR ur,2,10,42,7,3,15,4
D BS ul U DL UR ur,2,10,42,7,3,17,4
D DL BS U ul UR ur,2,10,42,7,3,15,4
D DL BS U UR ul ur,2,10,42,7,3,11,3
D DL BS ul U UR ur,2,10,42,7,3,15,4
D DL U BS ul UR ur,2,10,42,7,3,15,4
D DL U BS UR ul ur,2,10,42,7,3,13,3
D DL U ul BS UR ur,2,10,42,7,3,17,4
D DL U ul UR BS ur,2,10,42,7,3,13,3
D DL U UR BS ul ur,2,10,42,7,3,13,3
D DL U UR ul BS ur,2,10,42,7,3,11,3
D DL ul BS U UR ur,2,10,42,7,3,13,4
D DL ul U BS UR ur,2,10,42,7,3,15,4
D DL ul U UR BS ur,2,10,42,7,3,11,3
D U BS DL ul UR ur,2,10,42,7,3,17,4
D U BS DL UR ul ur,2,10,42,7,3,15,4
D U BS ul DL UR ur,2,10,42,7,3,17,4
D U DL BS ul UR ur,2,10,42,7,3,19,4
D U DL BS UR ul ur,2,10,42,7,3,17,4
D U DL ul BS UR ur,2,10,42,7,3,19,4
D U DL ul UR BS ur,2,10,42,7,3,15,4
D U DL UR BS ul ur,2,10,42,7,3,17,4
D U DL UR ul BS ur,2,10,42,7,3,15,4
D U ul BS DL UR ur,2,10,42,7,3,19,4
D U ul DL BS UR ur,2,10,42,7,3,19,4
D U ul DL UR BS ur,2,10,42,7,3,15,4
D ul BS DL U UR ur,2,10,42,7,3,15,4
D ul BS U DL UR ur,2,10,42,7,3,15,4
D ul DL BS U UR ur,2,10,42,7,3,13,4
D ul DL U BS UR ur,2,10,42,7,3,15,4
D ul DL U UR BS ur,2,10,42,7,3,11,3
D ul U BS DL UR ur,2,10,42,7,3,15,4
D ul U DL BS UR ur,2,10,42,7,3,17,4
D ul U DL UR BS ur,2,10,42,7,3,13,3
DL BS D U ul UR ur,2,10,42,7,3,18,4
DL BS D U UR ul ur,2,10,42,7,3,14,4
DL BS D ul U UR ur,2,10,42,7,3,14,4
DL BS U D ul UR ur,2,10,42,7,3,16,4
DL BS U D UR ul ur,2,10,42,7,3,16,4
DL BS U ul D UR ur,2,10,42,7,3,16,4
DL BS U UR D ul ur,2,10,42,7,3,12,3
DL BS ul D U UR ur,2,10,42,7,3,16,4
DL BS ul U D UR ur,2,10,42,7,3,20,4
DL D BS U ul UR ur,2,10,42,7,3,14,4
DL D BS U UR ul ur,2,10,42,7,3,10,2
DL D BS ul U UR ur,2,10,42,7,3,14,4
DL D U BS ul UR ur,2,10,42,7,3,16,4
DL D U BS UR ul ur,2,10,42,7,3,14,4
DL D U ul BS UR ur,2,10,42,7,3,18,4
DL D U ul UR BS ur,2,10,42,7,3,14,4
DL D U UR BS ul ur,2,10,42,7,3,14,4
DL D U UR ul BS ur,2,10,42,7,3,12,4
DL D ul BS U UR ur,2,10,42,7,3,12,4
DL D ul U BS UR ur,2,10,42,7,3,14,4
DL D ul U UR BS ur,2,10,42,7,3,10,3
DL U BS D ul UR ur,2,10,42,7,3,14,4
DL U BS D UR ul ur,2,10,42,7,3,14,3
DL U BS ul D UR ur,2,10,42,7,3,16,4
DL U BS UR D ul ur,2,10,42,7,3,14,3
DL U D BS ul UR ur,2,10,42,7,3,18,4
DL U D BS UR ul ur,2,10,42,7,3,16,4
DL U D ul BS UR ur,2,10,42,7,3,18,4
DL U D ul UR BS ur,2,10,42,7,3,14,4
DL U D UR BS ul ur,2,10,42,7,3,18,4
DL U D UR ul BS ur,2,10,42,7,3,16,4
DL U ul BS D UR ur,2,10,42,7,3,18,4
DL U ul D BS UR ur,2,10,42,7,3,16,4
DL U ul D UR BS ur,2,10,42,7,3,14,3
DL U UR BS D ul ur,2,10,42,7,3,12,3
DL U UR D BS ul ur,2,10,42,7,3,14,3
DL U UR D ul BS ur,2,10,42,7,3,12,3
DL ul BS D U UR ur,2,10,42,7,3,16,4
DL ul BS U D UR ur,2,10,42,7,3,18,4
DL ul D BS U UR ur,2,10,42,7,3,12,4
DL ul D U BS UR ur,2,10,42,7,3,16,4
DL ul D U UR BS ur,2,10,42,7,3,12,4
DL ul U BS D UR ur,2,10,42,7,3,16,4
DL ul U D BS UR ur,2,10,42,7,3,18,4
DL ul U D UR BS ur,2,10,42,7,3,16,4
U BS D DL ul UR ur,2,10,42,7,3,13,4
U BS D DL UR ul ur,2,10,42,7,3,11,2
U BS D ul DL UR ur,2,10,42,7,3,13,4
U BS DL D ul UR ur,2,10,42,7,3,13,4
U BS DL D UR ul ur,2,10,42,7,3,13,3
U BS DL ul D UR ur,2,10,42,7,3,15,4
U BS DL UR D ul ur,2,10,42,7,3,13,3
U BS ul D DL UR ur,2,10,42,7,3,13,4
U BS ul DL D UR ur,2,10,42,7,3,15,4
U D BS DL ul UR ur,2,10,42,7,3,17,4
U D BS DL UR ul ur,2,10,42,7,3,15,4
U D BS ul DL UR ur,2,10,42,7,3,17,4
U D DL BS ul UR ur,2,10,42,7,3,17,4
U D DL BS UR ul ur,2,10,42,7,3,15,4
U D DL ul BS UR ur,2,10,42,7,3,17,4
U D DL ul UR BS ur,2,10,42,7,3,13,4
U D DL UR BS ul ur,2,10,42,7,3,15,4
U D DL UR ul BS ur,2,10,42,7,3,13,4
U D ul BS DL UR ur,2,10,42,7,3,17,4
U D ul DL BS UR ur,2,10,42,7,3,17,4
U D ul DL UR BS ur,2,10,42,7,3,13,4
U DL BS D ul UR ur,2,10,42,7,3,15,4
U DL BS D UR ul ur,2,10,42,7,3,15,3
U DL BS ul D UR ur,2,10,42,7,3,17,4
U DL BS UR D ul ur,2,10,42,7,3,15,3
U DL D BS ul UR ur,2,10,42,7,3,15,4
U DL D BS UR ul ur,2,10,42,7,3,13,3
U DL D ul BS UR ur,2,10,42,7,3,15,4
U DL D ul UR BS ur,2,10,42,7,3,11,3
U DL D UR BS ul ur,2,10,42,7,3,15,3
U DL D UR ul BS ur,2,10,42,7,3,13,3
U DL ul BS D UR ur,2,10,42,7,3,17,4
U DL ul D BS UR ur,2,10,42,7,3,15,4
U DL ul D UR BS ur,2,10,42,7,3,13,3
U DL UR BS D ul ur,2,10,42,7,3,13,3
U DL UR D BS ul ur,2,10,42,7,3,15,3
U DL UR D ul BS ur,2,10,42,7,3,13,3
U ul BS D DL UR ur,2,10,42,7,3,15,4
U ul BS DL D UR ur,2,10,42,7,3,17,4
U ul D BS DL UR ur,2,10,42,7,3,15,4
U ul D DL BS UR ur,2,10,42,7,3,15,4
U ul D DL UR BS ur,2,10,42,7,3,11,3
U ul DL BS D UR ur,2,10,42,7,3,17,4
U ul DL D BS UR ur,2,10,42,7,3,15,4
U ul DL D UR BS ur,2,10,42,7,3,13,3
ul BS D DL U UR ur,2,10,42,7,3,14,4
ul BS D U DL UR ur,2,10,42,7,3,18,4
ul BS DL D U UR ur,2,10,42,7,3,16,4
ul BS DL U D UR ur,2,10,42,7,3,20,4
ul BS U D DL UR ur,2,10,42,7,3,16,4
ul BS U DL D UR ur,2,10,42,7,3,16,4
ul D BS DL U UR ur,2,10,42,7,3,14,4
ul D BS U DL UR ur,2,10,42,7,3,14,4
ul D DL BS U UR ur,2,10,42,7,3,12,4
ul D DL U BS UR ur,2,10,42,7,3,14,4
ul D DL U UR BS ur,2,10,42,7,3,10,3
ul D U BS DL UR ur,2,10,42,7,3,16,4
ul D U DL BS UR ur,2,10,42,7,3,18,4
ul D U DL UR BS ur,2,10,42,7,3,14,4
ul DL BS D U UR ur,2,10,42,7,3,16,4
ul DL BS U D UR ur,2,10,42,7,3,18,4
ul DL D BS U UR ur,2,10,42,7,3,12,4
ul DL D U BS UR ur,2,10,42,7,3,16,4
ul DL D U UR BS ur,2,10,42,7,3,12,4
ul DL U BS D UR ur,2,10,42,7,3,16,4
ul DL U D BS UR ur,2,10,42,7,3,18,4
ul DL U D UR BS ur,2,10,42,7,3,16,4
ul U BS D DL UR ur,2,10,42,7,3,14,4
ul U BS DL D UR ur,2,10,42,7,3,16,4
ul U D BS DL UR ur,2,10,42,7,3,18,4
ul U D DL BS UR ur,2,10,42,7,3,18,4
ul U D DL UR BS ur,2,10,42,7,3,14,4
ul U DL BS D UR ur,2,10,42,7,3,18,4
ul U DL D BS UR ur,2,10,42,7,3,16,4
ul U DL D UR BS ur,2,10,42,7,3,14,3
BS UR U DL ur D ul,2,14,43,5,3,11,3
BS UR U ur DL D ul,2,14,43,5,3,11,3
BS ur UR U DL D ul,2,14,43,5,3,11,4
BS UR ur U DL D ul,2,14,43,5,3,15,4
UR BS U DL ur D ul,2,14,43,5,3,12,3
UR BS U ur DL D ul,2,14,43,5,3,12,3
ur BS UR U DL D ul,2,14,43,5,3,10,3
UR BS ur U DL D ul,2,14,43,5,3,12,3
ur UR BS U DL D ul,2,14,43,5,3,14,4
UR ur BS U DL D ul,2,14,43,5,3,12,4
BS D ul UR DL U ur,2,13,43,6,3,13,3
BS D ul UR U DL ur,2,13,43,6,3,11,3
BS D UR U DL ul ur,2,13,43,6,3,13,3
BS D UR U ul DL ur,2,13,43,6,3,13,3
BS D UR ul DL U ur,2,13,43,6,3,15,3
BS D UR ul U DL ur,2,13,43,6,3,15,3
BS ul D UR DL U ur,2,13,43,6,3,15,3
BS ul D UR U DL ur,2,13,43,6,3,13,3
BS ul UR D DL U ur,2,13,43,6,3,15,3
BS ul UR D U DL ur,2,13,43,6,3,17,4
BS ul UR U D DL ur,2,13,43,6,3,13,4
BS UR D U DL ul ur,2,13,43,6,3,17,4
BS UR D U ul DL ur,2,13,43,6,3,17,4
BS UR D ul DL U ur,2,13,43,6,3,15,3
BS UR D ul U DL ur,2,13,43,6,3,15,3
BS UR U D DL ul ur,2,13,43,6,3,13,4
BS UR U D ul DL ur,2,13,43,6,3,13,4
BS UR U DL D ul ur,2,13,43,6,3,11,3
BS UR U ul D DL ur,2,13,43,6,3,11,3
BS UR ul D DL U ur,2,13,43,6,3,13,3
BS UR ul D U DL ur,2,13,43,6,3,15,4
BS UR ul U D DL ur,2,13,43,6,3,15,4
D BS ul UR DL U ur,2,13,43,6,3,15,3
D BS ul UR U DL ur,2,13,43,6,3,13,3
D BS UR U DL ul ur,2,13,43,6,3,13,3
D BS UR U ul DL ur,2,13,43,6,3,13,3
D BS UR ul DL U ur,2,13,43,6,3,15,3
D BS UR ul U DL ur,2,13,43,6,3,15,3
D ul BS UR DL U ur,2,13,43,6,3,15,3
D ul BS UR U DL ur,2,13,43,6,3,13,3
D ul UR BS DL U ur,2,13,43,6,3,15,3
D ul UR BS U DL ur,2,13,43,6,3,13,3
D ul UR DL BS U ur,2,13,43,6,3,13,3
D ul UR DL U BS ur,2,13,43,6,3,11,3
D UR BS U DL ul ur,2,13,43,6,3,15,3
D UR BS U ul DL ur,2,13,43,6,3,15,3
D UR BS ul DL U ur,2,13,43,6,3,17,3
D UR BS ul U DL ur,2,13,43,6,3,17,3
D UR ul BS DL U ur,2,13,43,6,3,17,3
D UR ul BS U DL ur,2,13,43,6,3,15,3
D UR ul DL BS U ur,2,13,43,6,3,15,3
D UR ul DL U BS ur,2,13,43,6,3,13,3
ul BS D UR DL U ur,2,13,43,6,3,16,3
ul BS D UR U DL ur,2,13,43,6,3,14,3
ul BS UR D DL U ur,2,13,43,6,3,16,3
ul BS UR D U DL ur,2,13,43,6,3,18,4
ul BS UR U D DL ur,2,13,43,6,3,14,4
ul D BS UR DL U ur,2,13,43,6,3,14,3
ul D BS UR U DL ur,2,13,43,6,3,12,3
ul D UR BS DL U ur,2,13,43,6,3,16,3
ul D UR BS U DL ur,2,13,43,6,3,14,3
ul D UR DL BS U ur,2,13,43,6,3,14,3
ul D UR DL U BS ur,2,13,43,6,3,12,3
ul UR BS D DL U ur,2,13,43,6,3,14,3
ul UR BS D U DL ur,2,13,43,6,3,16,4
ul UR BS U D DL ur,2,13,43,6,3,14,4
ul UR D BS DL U ur,2,13,43,6,3,16,3
ul UR D BS U DL ur,2,13,43,6,3,14,3
ul UR D DL BS U ur,2,13,43,6,3,14,3
ul UR D DL U BS ur,2,13,43,6,3,12,3
UR BS D U DL ul ur,2,13,43,6,3,16,4
UR BS D U ul DL ur,2,13,43,6,3,16,4
UR BS D ul DL U ur,2,13,43,6,3,14,3
UR BS D ul U DL ur,2,13,43,6,3,14,3
UR BS U D DL ul ur,2,13,43,6,3,14,4
UR BS U D ul DL ur,2,13,43,6,3,14,4
UR BS U DL D ul ur,2,13,43,6,3,12,3
UR BS U ul D DL ur,2,13,43,6,3,12,3
UR BS ul D DL U ur,2,13,43,6,3,14,3
UR BS ul D U DL ur,2,13,43,6,3,16,4
UR BS ul U D DL ur,2,13,43,6,3,16,4
UR D BS U DL ul ur,2,13,43,6,3,14,3
UR D BS U ul DL ur,2,13,43,6,3,14,3
UR D BS ul DL U ur,2,13,43,6,3,16,3
UR D BS ul U DL ur,2,13,43,6,3,16,3
UR D ul BS DL U ur,2,13,43,6,3,16,3
UR D ul BS U DL ur,2,13,43,6,3,14,3
UR D ul DL BS U ur,2,13,43,6,3,14,3
UR D ul DL U BS ur,2,13,43,6,3,12,3
UR ul BS D DL U ur,2,13,43,6,3,14,3
UR ul BS D U DL ur,2,13,43,6,3,16,4
UR ul BS U D DL ur,2,13,43,6,3,14,4
UR ul D BS DL U ur,2,13,43,6,3,14,3
UR ul D BS U DL ur,2,13,43,6,3,12,3
UR ul D DL BS U ur,2,13,43,6,3,12,3
UR ul D DL U BS ur,2,13,43,6,3,10,3
U ul UR DL D ur BS,2,14,43,6,3,10,3
U ul UR DL ur D BS,2,14,43,6,3,12,3
U ul ur UR DL D BS,2,14,43,6,3,14,4
U ul UR ur DL D BS,2,14,43,6,3,14,4
U UR DL ul D ur BS,2,14,43,6,3,8,2
U UR DL ul ur D BS,2,14,43,6,3,10,2
U UR DL ur ul D BS,2,14,43,6,3,10,2
U UR ul DL D ur BS,2,14,43,6,3,8,2
U UR ul DL ur D BS,2,14,43,6,3,10,2
U ur ul UR DL D BS,2,14,43,6,3,12,3
U UR ul ur DL D BS,2,14,43,6,3,10,2
U ur UR DL ul D BS,2,14,43,6,3,14,4
U UR ur DL ul D BS,2,14,43,6,3,12,4
U ur UR ul DL D BS,2,14,43,6,3,14,4
U UR ur ul DL D BS,2,14,43,6,3,12,4
ul U UR DL D ur BS,2,14,43,6,3,9,3
ul U UR DL ur D BS,2,14,43,6,3,11,3
ul U ur UR DL D BS,2,14,43,6,3,15,4
ul U UR ur DL D BS,2,14,43,6,3,13,4
ul UR U DL D ur BS,2,14,43,6,3,9,3
ul UR U DL ur D BS,2,14,43,6,3,11,3
ul ur U UR DL D BS,2,14,43,6,3,11,3
ul UR U ur DL D BS,2,14,43,6,3,11,3
ul ur UR U DL D BS,2,14,43,6,3,13,4
ul UR ur U DL D BS,2,14,43,6,3,15,4
UR U DL ul D ur BS,2,14,43,6,3,9,3
UR U DL ul ur D BS,2,14,43,6,3,11,3
UR U DL ur ul D BS,2,14,43,6,3,11,3
UR U ul DL D ur BS,2,14,43,6,3,9,3
UR U ul DL ur D BS,2,14,43,6,3,11,3
ur U ul UR DL D BS,2,14,43,6,3,13,3
UR U ul ur DL D BS,2,14,43,6,3,11,3
ur U UR DL ul D BS,2,14,43,6,3,11,3
UR U ur DL ul D BS,2,14,43,6,3,11,3
ur U UR ul DL D BS,2,14,43,6,3,11,3
UR U ur ul DL D BS,2,14,43,6,3,11,3
UR ul U DL D ur BS,2,14,43,6,3,11,3
UR ul U DL ur D BS,2,14,43,6,3,13,3
ur ul U UR DL D BS,2,14,43,6,3,11,3
UR ul U ur DL D BS,2,14,43,6,3,13,3
ur ul UR U DL D BS,2,14,43,6,3,11,3
UR ul ur U DL D BS,2,14,43,6,3,13,3
ur UR U DL ul D BS,2,14,43,6,3,13,4
UR ur U DL ul D BS,2,14,43,6,3,15,4
ur UR U ul DL D BS,2,14,43,6,3,13,4
UR ur U ul DL D BS,2,14,43,6,3,15,4
ur UR ul U DL D BS,2,14,43,6,3,15,4
UR ur ul U DL D BS,2,14,43,6,3,15,4
BS U ul UR DL ur D,2,14,44,7,3,12,3
BS U ul ur UR DL D,2,14,44,7,3,14,4
BS U ul UR ur DL D,2,14,44,7,3,14,4
BS U UR DL ul ur D,2,14,44,7,3,10,2
BS U UR DL ur ul D,2,14,44,7,3,10,2
BS U UR ul DL ur D,2,14,44,7,3,10,2
BS U ur ul UR DL D,2,14,44,7,3,12,3
BS U UR ul ur DL D,2,14,44,7,3,10,2
BS U ur UR DL ul D,2,14,44,7,3,14,4
BS U UR ur DL ul D,2,14,44,7,3,12,4
BS U ur UR ul DL D,2,14,44,7,3,14,4
BS U UR ur ul DL D,2,14,44,7,3,12,4
BS ul U UR DL ur D,2,14,44,7,3,12,3
BS ul U ur UR DL D,2,14,44,7,3,16,4
BS ul U UR ur DL D,2,14,44,7,3,14,4
BS ul ur U UR DL D,2,14,44,7,3,12,3
BS ur U ul UR DL D,2,14,44,7,3,12,3
BS ur U UR DL ul D,2,14,44,7,3,10,3
BS ur U UR ul DL D,2,14,44,7,3,10,3
BS ur ul U UR DL D,2,14,44,7,3,10,3
D DL U ul ur UR BS,2,14,44,7,3,16,4
D DL U ul UR ur BS,2,14,44,7,3,14,4
D DL U ur ul UR BS,2,14,44,7,3,14,3
D DL U UR ul ur BS,2,14,44,7,3,10,3
D DL U ur UR ul BS,2,14,44,7,3,16,4
D DL U UR ur ul BS,2,14,44,7,3,14,4
D DL ul U ur UR BS,2,14,44,7,3,16,4
D DL ul U UR ur BS,2,14,44,7,3,12,4
D DL ul ur U UR BS,2,14,44,7,3,12,3
D DL ur U ul UR BS,2,14,44,7,3,14,3
D DL ur U UR ul BS,2,14,44,7,3,12,3
D DL ur ul U UR BS,2,14,44,7,3,12,3
D U DL ul ur UR BS,2,14,44,7,3,18,4
D U DL ul UR ur BS,2,14,44,7,3,16,4
D U DL ur ul UR BS,2,14,44,7,3,16,4
D U DL UR ul ur BS,2,14,44,7,3,14,4
D U DL ur UR ul BS,2,14,44,7,3,18,4
D U DL UR ur ul BS,2,14,44,7,3,18,4
D U ul DL ur UR BS,2,14,44,7,3,18,4
D U ul DL UR ur BS,2,14,44,7,3,16,4
D U ul ur DL UR BS,2,14,44,7,3,16,4
D U ur DL ul UR BS,2,14,44,7,3,16,4
D U ur DL UR ul BS,2,14,44,7,3,16,4
D U ur ul DL UR BS,2,14,44,7,3,16,4
D ul DL U ur UR BS,2,14,44,7,3,16,4
D ul DL U UR ur BS,2,14,44,7,3,12,4
D ul DL ur U UR BS,2,14,44,7,3,12,3
D ul U DL ur UR BS,2,14,44,7,3,16,4
D ul U DL UR ur BS,2,14,44,7,3,14,4
D ul U ur DL UR BS,2,14,44,7,3,14,3
D ul ur DL U UR BS,2,14,44,7,3,12,3
D ul ur U DL UR BS,2,14,44,7,3,14,3
D ur DL U ul UR BS,2,14,44,7,3,14,3
D ur DL U UR ul BS,2,14,44,7,3,12,3
D ur DL ul U UR BS,2,14,44,7,3,12,3
D ur U DL ul UR BS,2,14,44,7,3,14,3
D ur U DL UR ul BS,2,14,44,7,3,14,3
D ur U ul DL UR BS,2,14,44,7,3,14,3
D ur ul DL U UR BS,2,14,44,7,3,12,3
D ur ul U DL UR BS,2,14,44,7,3,14,3
DL D U ul ur UR BS,2,14,44,7,3,17,4
DL D U ul UR ur BS,2,14,44,7,3,15,4
DL D U ur ul UR BS,2,14,44,7,3,15,4
DL D U UR ul ur BS,2,14,44,7,3,11,4
DL D U ur UR ul BS,2,14,44,7,3,17,4
DL D U UR ur ul BS,2,14,44,7,3,15,4
DL D ul U ur UR BS,2,14,44,7,3,15,4
DL D ul U UR ur BS,2,14,44,7,3,11,4
DL D ul ur U UR BS,2,14,44,7,3,11,3
DL D ur U ul UR BS,2,14,44,7,3,13,3
DL D ur U UR ul BS,2,14,44,7,3,11,3
DL D ur ul U UR BS,2,14,44,7,3,11,3
DL U D ul ur UR BS,2,14,44,7,3,17,4
DL U D ul UR ur BS,2,14,44,7,3,15,4
DL U D ur ul UR BS,2,14,44,7,3,15,4
DL U D UR ul ur BS,2,14,44,7,3,15,4
DL U D ur UR ul BS,2,14,44,7,3,17,4
DL U D UR ur ul BS,2,14,44,7,3,19,4
DL U ul D ur UR BS,2,14,44,7,3,15,4
DL U ul D UR ur BS,2,14,44,7,3,15,4
DL U ul ur D UR BS,2,14,44,7,3,15,3
DL U ur D ul UR BS,2,14,44,7,3,13,3
DL U UR D ul ur BS,2,14,44,7,3,11,3
DL U ur D UR ul BS,2,14,44,7,3,15,3
DL U UR D ur ul BS,2,14,44,7,3,13,3
DL U ur ul D UR BS,2,14,44,7,3,15,3
DL U ur UR D ul BS,2,14,44,7,3,17,4
DL U UR ur D ul BS,2,14,44,7,3,13,4
DL ul D U ur UR BS,2,14,44,7,3,17,4
DL ul D U UR ur BS,2,14,44,7,3,13,4
DL ul D ur U UR BS,2,14,44,7,3,11,3
DL ul U D ur UR BS,2,14,44,7,3,17,4
DL ul U D UR ur BS,2,14,44,7,3,17,4
DL ul U ur D UR BS,2,14,44,7,3,15,3
DL ul ur D U UR BS,2,14,44,7,3,13,4
DL ul ur U D UR BS,2,14,44,7,3,17,4
DL ur D U ul UR BS,2,14,44,7,3,15,4
DL ur D U UR ul BS,2,14,44,7,3,13,4
DL ur D ul U UR BS,2,14,44,7,3,11,3
DL ur U D ul UR BS,2,14,44,7,3,15,4
DL ur U D UR ul BS,2,14,44,7,3,17,4
DL ur U ul D UR BS,2,14,44,7,3,15,3
DL ur U UR D ul BS,2,14,44,7,3,13,3
DL ur ul D U UR BS,2,14,44,7,3,13,4
DL ur ul U D UR BS,2,14,44,7,3,17,4
U BS ul UR DL ur D,2,14,44,7,3,12,3
U BS ul ur UR DL D,2,14,44,7,3,14,4
U BS ul UR ur DL D,2,14,44,7,3,14,4
U BS UR DL ul ur D,2,14,44,7,3,12,3
U BS UR DL ur ul D,2,14,44,7,3,12,3
U BS UR ul DL ur D,2,14,44,7,3,12,3
U BS ur ul UR DL D,2,14,44,7,3,10,2
U BS UR ul ur DL D,2,14,44,7,3,12,3
U BS ur UR DL ul D,2,14,44,7,3,12,4
U BS UR ur DL ul D,2,14,44,7,3,14,4
U BS ur UR ul DL D,2,14,44,7,3,12,4
U BS UR ur ul DL D,2,14,44,7,3,14,4
U D DL ul ur UR BS,2,14,44,7,3,16,4
U D DL ul UR ur BS,2,14,44,7,3,14,4
U D DL ur ul UR BS,2,14,44,7,3,14,4
U D DL UR ul ur BS,2,14,44,7,3,12,4
U D DL ur UR ul BS,2,14,44,7,3,16,4
U D DL UR ur ul BS,2,14,44,7,3,16,4
U D ul DL ur UR BS,2,14,44,7,3,16,4
U D ul DL UR ur BS,2,14,44,7,3,14,4
U D ul ur DL UR BS,2,14,44,7,3,14,4
U D ur DL ul UR BS,2,14,44,7,3,14,4
U D ur DL UR ul BS,2,14,44,7,3,14,4
U D ur ul DL UR BS,2,14,44,7,3,14,4
U DL D ul ur UR BS,2,14,44,7,3,14,4
U DL D ul UR ur BS,2,14,44,7,3,12,4
U DL D ur ul UR BS,2,14,44,7,3,12,3
U DL D UR ul ur BS,2,14,44,7,3,12,3
U DL D ur UR ul BS,2,14,44,7,3,14,4
U DL D UR ur ul BS,2,14,44,7,3,16,4
U DL ul D ur UR BS,2,14,44,7,3,14,4
U DL ul D UR ur BS,2,14,44,7,3,14,4
U DL ul ur D UR BS,2,14,44,7,3,14,3
U DL ur D ul UR BS,2,14,44,7,3,12,3
U DL UR D ul ur BS,2,14,44,7,3,12,3
U DL ur D UR ul BS,2,14,44,7,3,14,3
U DL UR D ur ul BS,2,14,44,7,3,14,3
U DL ur ul D UR BS,2,14,44,7,3,14,3
U DL ur UR D ul BS,2,14,44,7,3,16,4
U DL UR ur D ul BS,2,14,44,7,3,14,4
U ul BS UR DL ur D,2,14,44,7,3,14,3
U ul BS ur UR DL D,2,14,44,7,3,14,4
U ul BS UR ur DL D,2,14,44,7,3,16,4
U ul D DL ur UR BS,2,14,44,7,3,14,4
U ul D DL UR ur BS,2,14,44,7,3,12,4
U ul D ur DL UR BS,2,14,44,7,3,12,3
U ul DL D ur UR BS,2,14,44,7,3,14,4
U ul DL D UR ur BS,2,14,44,7,3,14,4
U ul DL ur D UR BS,2,14,44,7,3,14,3
U ul ur BS UR DL D,2,14,44,7,3,12,3
U ul ur D DL UR BS,2,14,44,7,3,12,3
U ul ur DL D UR BS,2,14,44,7,3,14,3
U ur BS ul UR DL D,2,14,44,7,3,12,3
U ur BS UR DL ul D,2,14,44,7,3,12,3
U ur BS UR ul DL D,2,14,44,7,3,12,3
U ur D DL ul UR BS,2,14,44,7,3,12,3
U ur D DL UR ul BS,2,14,44,7,3,12,3
U ur D ul DL UR BS,2,14,44,7,3,12,3
U ur DL D ul UR BS,2,14,44,7,3,12,3
U ur DL D UR ul BS,2,14,44,7,3,14,3
U ur DL ul D UR BS,2,14,44,7,3,14,3
U ur DL UR D ul BS,2,14,44,7,3,14,3
U ur ul BS UR DL D,2,14,44,7,3,14,3
U ur ul D DL UR BS,2,14,44,7,3,12,3
U ur ul DL D UR BS,2,14,44,7,3,14,3
ul BS U UR DL ur D,2,14,44,7,3,11,3
ul BS U ur UR DL D,2,14,44,7,3,15,4
ul BS U UR ur DL D,2,14,44,7,3,13,4
ul BS ur U UR DL D,2,14,44,7,3,11,3
ul D DL U ur UR BS,2,14,44,7,3,15,4
ul D DL U UR ur BS,2,14,44,7,3,11,4
ul D DL ur U UR BS,2,14,44,7,3,11,3
ul D U DL ur UR BS,2,14,44,7,3,17,4
ul D U DL UR ur BS,2,14,44,7,3,15,4
ul D U ur DL UR BS,2,14,44,7,3,15,4
ul D ur DL U UR BS,2,14,44,7,3,11,3
ul D ur U DL UR BS,2,14,44,7,3,13,3
ul DL D U ur UR BS,2,14,44,7,3,17,4
ul DL D U UR ur BS,2,14,44,7,3,13,4
ul DL D ur U UR BS,2,14,44,7,3,11,3
ul DL U D ur UR BS,2,14,44,7,3,17,4
ul DL U D UR ur BS,2,14,44,7,3,17,4
ul DL U ur D UR BS,2,14,44,7,3,15,3
ul DL ur D U UR BS,2,14,44,7,3,13,4
ul DL ur U D UR BS,2,14,44,7,3,17,4
ul U BS UR DL ur D,2,14,44,7,3,13,3
ul U BS ur UR DL D,2,14,44,7,3,13,4
ul U BS UR ur DL D,2,14,44,7,3,15,4
ul U D DL ur UR BS,2,14,44,7,3,17,4
ul U D DL UR ur BS,2,14,44,7,3,15,4
ul U D ur DL UR BS,2,14,44,7,3,15,4
ul U DL D ur UR BS,2,14,44,7,3,15,4
ul U DL D UR ur BS,2,14,44,7,3,15,4
ul U DL ur D UR BS,2,14,44,7,3,15,3
ul U ur BS UR DL D,2,14,44,7,3,13,3
ul U ur D DL UR BS,2,14,44,7,3,13,3
ul U ur DL D UR BS,2,14,44,7,3,15,3
ul ur BS U UR DL D,2,14,44,7,3,9,2
ul ur D DL U UR BS,2,14,44,7,3,11,3
ul ur D U DL UR BS,2,14,44,7,3,15,4
ul ur DL D U UR BS,2,14,44,7,3,13,4
ul ur DL U D UR BS,2,14,44,7,3,17,4
ul ur U BS UR DL D,2,14,44,7,3,13,3
ul ur U D DL UR BS,2,14,44,7,3,15,4
ul ur U DL D UR BS,2,14,44,7,3,15,3
ur BS U ul UR DL D,2,14,44,7,3,11,3
ur BS U UR DL ul D,2,14,44,7,3,9,2
ur BS U UR ul DL D,2,14,44,7,3,9,2
ur BS ul U UR DL D,2,14,44,7,3,11,3
ur D DL U ul UR BS,2,14,44,7,3,13,3
ur D DL U UR ul BS,2,14,44,7,3,11,3
ur D DL ul U UR BS,2,14,44,7,3,11,3
ur D U DL ul UR BS,2,14,44,7,3,15,4
ur D U DL UR ul BS,2,14,44,7,3,15,4
ur D U ul DL UR BS,2,14,44,7,3,15,4
ur D ul DL U UR BS,2,14,44,7,3,11,3
ur D ul U DL UR BS,2,14,44,7,3,13,3
ur DL D U ul UR BS,2,14,44,7,3,15,4
ur DL D U UR ul BS,2,14,44,7,3,13,4
ur DL D ul U UR BS,2,14,44,7,3,11,3
ur DL U D ul UR BS,2,14,44,7,3,15,4
ur DL U D UR ul BS,2,14,44,7,3,17,4
ur DL U ul D UR BS,2,14,44,7,3,15,3
ur DL U UR D ul BS,2,14,44,7,3,13,3
ur DL ul D U UR BS,2,14,44,7,3,13,4
ur DL ul U D UR BS,2,14,44,7,3,17,4
ur U BS ul UR DL D,2,14,44,7,3,13,3
ur U BS UR DL ul D,2,14,44,7,3,13,3
ur U BS UR ul DL D,2,14,44,7,3,13,3
ur U D DL ul UR BS,2,14,44,7,3,15,4
ur U D DL UR ul BS,2,14,44,7,3,15,4
ur U D ul DL UR BS,2,14,44,7,3,15,4
ur U DL D ul UR BS,2,14,44,7,3,13,3
ur U DL D UR ul BS,2,14,44,7,3,15,3
ur U DL ul D UR BS,2,14,44,7,3,15,3
ur U DL UR D ul BS,2,14,44,7,3,15,3
ur U ul BS UR DL D,2,14,44,7,3,15,3
ur U ul D DL UR BS,2,14,44,7,3,13,3
ur U ul DL D UR BS,2,14,44,7,3,15,3
ur ul BS U UR DL D,2,14,44,7,3,11,3
ur ul D DL U UR BS,2,14,44,7,3,11,3
ur ul D U DL UR BS,2,14,44,7,3,15,4
ur ul DL D U UR BS,2,14,44,7,3,13,4
ur ul DL U D UR BS,2,14,44,7,3,17,4
ur ul U BS UR DL D,2,14,44,7,3,13,3
ur ul U D DL UR BS,2,14,44,7,3,15,4
ur ul U DL D UR BS,2,14,44,7,3,15,3
D ul UR DL U ur BS,2,14,45,6,3,12,3
D ul UR DL ur U BS,2,14,45,6,3,12,3
D ul ur UR DL U BS,2,14,45,6,3,14,4
D ul UR ur DL U BS,2,14,45,6,3,14,4
D UR ul DL U ur BS,2,14,45,6,3,14,3
D UR ul DL ur U BS,2,14,45,6,3,14,3
D ur ul UR DL U BS,2,14,45,6,3,12,3
D UR ul ur DL U BS,2,14,45,6,3,14,3
D ur UR ul DL U BS,2,14,45,6,3,14,4
D UR ur ul DL U BS,2,14,45,6,3,16,4
U UR BS DL ur D ul,2,14,45,6,3,11,3
U UR BS ur DL D ul,2,14,45,6,3,9,3
U UR DL BS ur D ul,2,14,45,6,3,9,3
U UR DL ur BS D ul,2,14,45,6,3,9,2
U ur UR BS DL D ul,2,14,45,6,3,15,4
U UR ur BS DL D ul,2,14,45,6,3,11,4
U ur UR DL BS D ul,2,14,45,6,3,15,4
U UR ur DL BS D ul,2,14,45,6,3,13,4
ul D UR DL U ur BS,2,14,45,6,3,13,3
ul D UR DL ur U BS,2,14,45,6,3,13,3
ul D ur UR DL U BS,2,14,45,6,3,13,4
ul D UR ur DL U BS,2,14,45,6,3,15,4
ul UR D DL U ur BS,2,14,45,6,3,13,3
ul UR D DL ur U BS,2,14,45,6,3,13,3
ul ur D UR DL U BS,2,14,45,6,3,13,3
ul UR D ur DL U BS,2,14,45,6,3,13,3
ul ur UR D DL U BS,2,14,45,6,3,15,4
ul UR ur D DL U BS,2,14,45,6,3,13,4
UR D ul DL U ur BS,2,14,45,6,3,13,3
UR D ul DL ur U BS,2,14,45,6,3,13,3
ur D ul UR DL U BS,2,14,45,6,3,11,3
UR D ul ur DL U BS,2,14,45,6,3,13,3
ur D UR ul DL U BS,2,14,45,6,3,13,3
UR D ur ul DL U BS,2,14,45,6,3,13,3
UR U BS DL ur D ul,2,14,45,6,3,10,3
UR U BS ur DL D ul,2,14,45,6,3,8,2
UR U DL BS ur D ul,2,14,45,6,3,10,3
UR U DL ur BS D ul,2,14,45,6,3,10,3
ur U UR BS DL D ul,2,14,45,6,3,12,3
UR U ur BS DL D ul,2,14,45,6,3,10,3
ur U UR DL BS D ul,2,14,45,6,3,12,3
UR U ur DL BS D ul,2,14,45,6,3,12,3
UR ul D DL U ur BS,2,14,45,6,3,11,3
UR ul D DL ur U BS,2,14,45,6,3,11,3
ur ul D UR DL U BS,2,14,45,6,3,13,3
UR ul D ur DL U BS,2,14,45,6,3,11,3
ur ul UR D DL U BS,2,14,45,6,3,13,3
UR ul ur D DL U BS,2,14,45,6,3,11,3
ur UR D ul DL U BS,2,14,45,6,3,15,4
UR ur D ul DL U BS,2,14,45,6,3,13,4
ur UR U BS DL D ul,2,14,45,6,3,12,4
UR ur U BS DL D ul,2,14,45,6,3,14,4
ur UR U DL BS D ul,2,14,45,6,3,14,4
UR ur U DL BS D ul,2,14,45,6,3,16,4
ur UR ul D DL U BS,2,14,45,6,3,13,4
UR ur ul D DL U BS,2,14,45,6,3,13,4
D U ul UR BS DL ur,2,13,45,7,3,17,4
D U ul UR DL BS ur,2,13,45,7,3,15,4
D U UR BS DL ul ur,2,13,45,7,3,15,4
D U UR BS ul DL ur,2,13,45,7,3,15,4
D U UR DL BS ul ur,2,13,45,7,3,15,4
D U UR DL ul BS ur,2,13,45,7,3,13,4
D U UR ul BS DL ur,2,13,45,7,3,15,4
D U UR ul DL BS ur,2,13,45,7,3,13,4
D ul U UR BS DL ur,2,13,45,7,3,13,3
D ul U UR DL BS ur,2,13,45,7,3,11,3
D ul UR U BS DL ur,2,13,45,7,3,11,3
D ul UR U DL BS ur,2,13,45,7,3,11,3
D UR U BS DL ul ur,2,13,45,7,3,13,3
D UR U BS ul DL ur,2,13,45,7,3,13,3
D UR U DL BS ul ur,2,13,45,7,3,15,3
D UR U DL ul BS ur,2,13,45,7,3,13,3
D UR U ul BS DL ur,2,13,45,7,3,15,3
D UR U ul DL BS ur,2,13,45,7,3,13,3
D UR ul U BS DL ur,2,13,45,7,3,15,3
D UR ul U DL BS ur,2,13,45,7,3,15,3
U D ul UR BS DL ur,2,13,45,7,3,15,4
U D ul UR DL BS ur,2,13,45,7,3,13,4
U D UR BS DL ul ur,2,13,45,7,3,17,4
U D UR BS ul DL ur,2,13,45,7,3,17,4
U D UR DL BS ul ur,2,13,45,7,3,17,4
U D UR DL ul BS ur,2,13,45,7,3,15,4
U D UR ul BS DL ur,2,13,45,7,3,17,4
U D UR ul DL BS ur,2,13,45,7,3,15,4
U ul D UR BS DL ur,2,13,45,7,3,15,3
U ul D UR DL BS ur,2,13,45,7,3,13,3
U ul UR BS D DL ur,2,13,45,7,3,13,3
U ul UR D BS DL ur,2,13,45,7,3,15,3
U ul UR D DL BS ur,2,13,45,7,3,13,3
U UR BS D DL ul ur,2,13,45,7,3,11,3
U UR BS D ul DL ur,2,13,45,7,3,11,3
U UR BS DL D ul ur,2,13,45,7,3,11,3
U UR BS ul D DL ur,2,13,45,7,3,11,3
U UR D BS DL ul ur,2,13,45,7,3,13,3
U UR D BS ul DL ur,2,13,45,7,3,13,3
U UR D DL BS ul ur,2,13,45,7,3,13,3
U UR D DL ul BS ur,2,13,45,7,3,11,3
U UR D ul BS DL ur,2,13,45,7,3,13,3
U UR D ul DL BS ur,2,13,45,7,3,11,3
U UR DL BS D ul ur,2,13,45,7,3,11,3
U UR DL D BS ul ur,2,13,45,7,3,11,3
U UR DL D ul BS ur,2,13,45,7,3,9,3
U UR ul BS D DL ur,2,13,45,7,3,11,3
U UR ul D BS DL ur,2,13,45,7,3,11,3
U UR ul D DL BS ur,2,13,45,7,3,9,3
ul D U UR BS DL ur,2,13,45,7,3,14,4
ul D U UR DL BS ur,2,13,45,7,3,12,4
ul D UR U BS DL ur,2,13,45,7,3,12,3
ul D UR U DL BS ur,2,13,45,7,3,12,3
ul U D UR BS DL ur,2,13,45,7,3,18,4
ul U D UR DL BS ur,2,13,45,7,3,16,4
ul U UR BS D DL ur,2,13,45,7,3,12,3
ul U UR D BS DL ur,2,13,45,7,3,14,3
ul U UR D DL BS ur,2,13,45,7,3,12,3
ul UR D U BS DL ur,2,13,45,7,3,16,4
ul UR D U DL BS ur,2,13,45,7,3,16,4
ul UR U BS D DL ur,2,13,45,7,3,10,2
ul UR U D BS DL ur,2,13,45,7,3,14,4
ul UR U D DL BS ur,2,13,45,7,3,12,4
UR D U BS DL ul ur,2,13,45,7,3,16,4
UR D U BS ul DL ur,2,13,45,7,3,16,4
UR D U DL BS ul ur,2,13,45,7,3,18,4
UR D U DL ul BS ur,2,13,45,7,3,16,4
UR D U ul BS DL ur,2,13,45,7,3,18,4
UR D U ul DL BS ur,2,13,45,7,3,16,4
UR D ul U BS DL ur,2,13,45,7,3,14,3
UR D ul U DL BS ur,2,13,45,7,3,14,3
UR U BS D DL ul ur,2,13,45,7,3,10,2
UR U BS D ul DL ur,2,13,45,7,3,10,2
UR U BS DL D ul ur,2,13,45,7,3,10,3
UR U BS ul D DL ur,2,13,45,7,3,10,3
UR U D BS DL ul ur,2,13,45,7,3,14,4
UR U D BS ul DL ur,2,13,45,7,3,14,4
UR U D DL BS ul ur,2,13,45,7,3,14,4
UR U D DL ul BS ur,2,13,45,7,3,12,4
UR U D ul BS DL ur,2,13,45,7,3,14,4
UR U D ul DL BS ur,2,13,45,7,3,12,4
UR U DL BS D ul ur,2,13,45,7,3,12,3
UR U DL D BS ul ur,2,13,45,7,3,12,3
UR U DL D ul BS ur,2,13,45,7,3,10,3
UR U ul BS D DL ur,2,13,45,7,3,12,3
UR U ul D BS DL ur,2,13,45,7,3,12,3
UR U ul D DL BS ur,2,13,45,7,3,10,3
UR ul D U BS DL ur,2,13,45,7,3,14,4
UR ul D U DL BS ur,2,13,45,7,3,14,4
UR ul U BS D DL ur,2,13,45,7,3,12,3
UR ul U D BS DL ur,2,13,45,7,3,16,4
UR ul U D DL BS ur,2,13,45,7,3,14,4
BS D DL U ur UR ul,2,14,46,7,3,15,4
BS D DL U UR ur ul,2,14,46,7,3,13,4
BS D DL ur U UR ul,2,14,46,7,3,11,3
BS D U DL ur UR ul,2,14,46,7,3,17,4
BS D U DL UR ur ul,2,14,46,7,3,17,4
BS D ul ur DL UR U,2,14,46,7,3,10,2
BS D ur DL ul UR U,2,14,46,7,3,10,2
BS D ur ul DL UR U,2,14,46,7,3,10,2
BS DL D U ur UR ul,2,14,46,7,3,17,4
BS DL D U UR ur ul,2,14,46,7,3,15,4
BS DL D ur U UR ul,2,14,46,7,3,11,3
BS DL U D ur UR ul,2,14,46,7,3,17,4
BS DL U D UR ur ul,2,14,46,7,3,19,4
BS DL U UR D ur ul,2,14,46,7,3,13,3
BS U D DL ur UR ul,2,14,46,7,3,15,4
BS U D DL UR ur ul,2,14,46,7,3,15,4
BS U DL D ur UR ul,2,14,46,7,3,13,4
BS U DL D UR ur ul,2,14,46,7,3,15,4
BS U DL UR D ur ul,2,14,46,7,3,13,3
BS ul D ur DL UR U,2,14,46,7,3,10,3
BS ul ur D DL UR U,2,14,46,7,3,10,3
BS ur D DL ul UR U,2,14,46,7,3,8,2
BS ur D ul DL UR U,2,14,46,7,3,8,2
BS ur ul D DL UR U,2,14,46,7,3,8,2
D BS DL U ur UR ul,2,14,46,7,3,17,4
D BS DL U UR ur ul,2,14,46,7,3,15,4
D BS DL ur U UR ul,2,14,46,7,3,13,3
D BS U DL ur UR ul,2,14,46,7,3,15,4
D BS U DL UR ur ul,2,14,46,7,3,15,4
D BS ul ur DL UR U,2,14,46,7,3,12,3
D BS ur DL ul UR U,2,14,46,7,3,10,2
D BS ur ul DL UR U,2,14,46,7,3,10,2
D DL BS U ur UR ul,2,14,46,7,3,15,4
D DL BS U UR ur ul,2,14,46,7,3,13,4
D DL BS ur U UR ul,2,14,46,7,3,11,3
D DL U BS ur UR ul,2,14,46,7,3,13,4
D DL U BS UR ur ul,2,14,46,7,3,15,4
D DL U ur BS UR ul,2,14,46,7,3,13,3
D DL U UR BS ur ul,2,14,46,7,3,11,3
D DL U ur UR BS ul,2,14,46,7,3,17,4
D DL U UR ur BS ul,2,14,46,7,3,13,4
D DL ur BS U UR ul,2,14,46,7,3,9,2
D DL ur U BS UR ul,2,14,46,7,3,13,3
D DL ur U UR BS ul,2,14,46,7,3,13,3
D U BS DL ur UR ul,2,14,46,7,3,17,4
D U BS DL UR ur ul,2,14,46,7,3,17,4
D U DL BS ur UR ul,2,14,46,7,3,17,4
D U DL BS UR ur ul,2,14,46,7,3,19,4
D U DL ur BS UR ul,2,14,46,7,3,15,4
D U DL UR BS ur ul,2,14,46,7,3,15,4
D U DL ur UR BS ul,2,14,46,7,3,19,4
D U DL UR ur BS ul,2,14,46,7,3,17,4
D U ur DL BS UR ul,2,14,46,7,3,17,4
D U ur DL UR BS ul,2,14,46,7,3,17,4
D ul BS ur DL UR U,2,14,46,7,3,10,3
D ul ur BS DL UR U,2,14,46,7,3,10,3
D ur BS DL ul UR U,2,14,46,7,3,10,3
D ur BS ul DL UR U,2,14,46,7,3,10,3
D ur DL BS U UR ul,2,14,46,7,3,11,3
D ur DL U BS UR ul,2,14,46,7,3,13,3
D ur DL U UR BS ul,2,14,46,7,3,13,3
D ur U DL BS UR ul,2,14,46,7,3,15,3
D ur U DL UR BS ul,2,14,46,7,3,15,3
D ur ul BS DL UR U,2,14,46,7,3,12,3
DL BS D U ur UR ul,2,14,46,7,3,18,4
DL BS D U UR ur ul,2,14,46,7,3,16,4
DL BS D ur U UR ul,2,14,46,7,3,12,3
DL BS U D ur UR ul,2,14,46,7,3,16,4
DL BS U D UR ur ul,2,14,46,7,3,18,4
DL BS U UR D ur ul,2,14,46,7,3,12,3
DL D BS U ur UR ul,2,14,46,7,3,14,4
DL D BS U UR ur ul,2,14,46,7,3,12,4
DL D BS ur U UR ul,2,14,46,7,3,10,3
DL D U BS ur UR ul,2,14,46,7,3,14,4
DL D U BS UR ur ul,2,14,46,7,3,16,4
DL D U ur BS UR ul,2,14,46,7,3,14,4
DL D U UR BS ur ul,2,14,46,7,3,12,4
DL D U ur UR BS ul,2,14,46,7,3,18,4
DL D U UR ur BS ul,2,14,46,7,3,14,4
DL D ur BS U UR ul,2,14,46,7,3,8,2
DL D ur U BS UR ul,2,14,46,7,3,12,3
DL D ur U UR BS ul,2,14,46,7,3,12,3
DL U BS D ur UR ul,2,14,46,7,3,14,4
DL U BS D UR ur ul,2,14,46,7,3,16,4
DL U BS UR D ur ul,2,14,46,7,3,14,3
DL U D BS ur UR ul,2,14,46,7,3,16,4
DL U D BS UR ur ul,2,14,46,7,3,18,4
DL U D ur BS UR ul,2,14,46,7,3,14,4
DL U D UR BS ur ul,2,14,46,7,3,16,4
DL U D ur UR BS ul,2,14,46,7,3,18,4
DL U D UR ur BS ul,2,14,46,7,3,18,4
DL U UR BS D ur ul,2,14,46,7,3,12,3
DL U ur D BS UR ul,2,14,46,7,3,14,3
DL U UR D BS ur ul,2,14,46,7,3,12,3
DL U ur D UR BS ul,2,14,46,7,3,16,3
DL U UR D ur BS ul,2,14,46,7,3,12,3
DL U ur UR D BS ul,2,14,46,7,3,18,4
DL U UR ur D BS ul,2,14,46,7,3,14,4
DL ur D BS U UR ul,2,14,46,7,3,10,2
DL ur D U BS UR ul,2,14,46,7,3,14,4
DL ur D U UR BS ul,2,14,46,7,3,14,4
DL ur U D BS UR ul,2,14,46,7,3,16,4
DL ur U D UR BS ul,2,14,46,7,3,18,4
DL ur U UR D BS ul,2,14,46,7,3,14,3
U BS D DL ur UR ul,2,14,46,7,3,13,4
U BS D DL UR ur ul,2,14,46,7,3,13,4
U BS DL D ur UR ul,2,14,46,7,3,13,4
U BS DL D UR ur ul,2,14,46,7,3,15,4
U BS DL UR D ur ul,2,14,46,7,3,13,3
U D BS DL ur UR ul,2,14,46,7,3,17,4
U D BS DL UR ur ul,2,14,46,7,3,17,4
U D DL BS ur UR ul,2,14,46,7,3,15,4
U D DL BS UR ur ul,2,14,46,7,3,17,4
U D DL ur BS UR ul,2,14,46,7,3,13,4
U D DL UR BS ur ul,2,14,46,7,3,13,4
U D DL ur UR BS ul,2,14,46,7,3,17,4
U D DL UR ur BS ul,2,14,46,7,3,15,4
U D ur DL BS UR ul,2,14,46,7,3,15,4
U D ur DL UR BS ul,2,14,46,7,3,15,4
U DL BS D ur UR ul,2,14,46,7,3,15,4
U DL BS D UR ur ul,2,14,46,7,3,17,4
U DL BS UR D ur ul,2,14,46,7,3,15,3
U DL D BS ur UR ul,2,14,46,7,3,13,4
U DL D BS UR ur ul,2,14,46,7,3,15,4
U DL D ur BS UR ul,2,14,46,7,3,11,3
U DL D UR BS ur ul,2,14,46,7,3,13,3
U DL D ur UR BS ul,2,14,46,7,3,15,4
U DL D UR ur BS ul,2,14,46,7,3,15,4
U DL UR BS D ur ul,2,14,46,7,3,13,3
U DL ur D BS UR ul,2,14,46,7,3,13,3
U DL UR D BS ur ul,2,14,46,7,3,13,3
U DL ur D UR BS ul,2,14,46,7,3,15,3
U DL UR D ur BS ul,2,14,46,7,3,13,3
U DL ur UR D BS ul,2,14,46,7,3,17,4
U DL UR ur D BS ul,2,14,46,7,3,15,4
U ur D DL BS UR ul,2,14,46,7,3,13,3
U ur D DL UR BS ul,2,14,46,7,3,13,3
U ur DL D BS UR ul,2,14,46,7,3,13,3
U ur DL D UR BS ul,2,14,46,7,3,15,3
U ur DL UR D BS ul,2,14,46,7,3,15,3
ul BS D ur DL UR U,2,14,46,7,3,11,3
ul BS ur D DL UR U,2,14,46,7,3,9,3
ul D BS ur DL UR U,2,14,46,7,3,9,2
ul D ur BS DL UR U,2,14,46,7,3,9,3
ul ur BS D DL UR U,2,14,46,7,3,9,2
ul ur D BS DL UR U,2,14,46,7,3,11,3
ur BS D DL ul UR U,2,14,46,7,3,9,2
ur BS D ul DL UR U,2,14,46,7,3,9,2
ur BS ul D DL UR U,2,14,46,7,3,9,3
ur D BS DL ul UR U,2,14,46,7,3,11,3
ur D BS ul DL UR U,2,14,46,7,3,11,3
ur D DL BS U UR ul,2,14,46,7,3,10,3
ur D DL U BS UR ul,2,14,46,7,3,12,3
ur D DL U UR BS ul,2,14,46,7,3,12,3
ur D U DL BS UR ul,2,14,46,7,3,16,4
ur D U DL UR BS ul,2,14,46,7,3,16,4
ur D ul BS DL UR U,2,14,46,7,3,11,3
ur DL D BS U UR ul,2,14,46,7,3,10,2
ur DL D U BS UR ul,2,14,46,7,3,14,4
ur DL D U UR BS ul,2,14,46,7,3,14,4
ur DL U D BS UR ul,2,14,46,7,3,16,4
ur DL U D UR BS ul,2,14,46,7,3,18,4
ur DL U UR D BS ul,2,14,46,7,3,14,3
ur U D DL BS UR ul,2,14,46,7,3,16,4
ur U D DL UR BS ul,2,14,46,7,3,16,4
ur U DL D BS UR ul,2,14,46,7,3,14,3
ur U DL D UR BS ul,2,14,46,7,3,16,3
ur U DL UR D BS ul,2,14,46,7,3,16,3
ur ul BS D DL UR U,2,14,46,7,3,11,3
ur ul D BS DL UR U,2,14,46,7,3,11,3
BS D ur DL UR U ul,2,14,47,6,3,11,3
BS D UR U DL ur ul,2,14,47,6,3,13,3
BS D UR U ur DL ul,2,14,47,6,3,13,3
BS D ur UR DL U ul,2,14,47,6,3,15,4
BS D UR ur DL U ul,2,14,47,6,3,17,4
BS D ur UR U DL ul,2,14,47,6,3,13,4
BS D UR ur U DL ul,2,14,47,6,3,17,4
BS ur D DL UR U ul,2,14,47,6,3,9,3
BS UR D U DL ur ul,2,14,47,6,3,17,4
BS UR D U ur DL ul,2,14,47,6,3,17,4
BS ur D UR DL U ul,2,14,47,6,3,13,3
BS UR D ur DL U ul,2,14,47,6,3,15,3
BS ur D UR U DL ul,2,14,47,6,3,11,3
BS UR D ur U DL ul,2,14,47,6,3,15,3
BS UR U D DL ur ul,2,14,47,6,3,13,4
BS UR U D ur DL ul,2,14,47,6,3,13,4
BS UR U DL D ur ul,2,14,47,6,3,11,3
BS UR U ur D DL ul,2,14,47,6,3,11,3
BS ur UR D DL U ul,2,14,47,6,3,15,4
BS UR ur D DL U ul,2,14,47,6,3,15,4
BS ur UR D U DL ul,2,14,47,6,3,17,4
BS UR ur D U DL ul,2,14,47,6,3,17,4
BS ur UR U D DL ul,2,14,47,6,3,13,4
BS UR ur U D DL ul,2,14,47,6,3,17,4
D BS ur DL UR U ul,2,14,47,6,3,11,3
D BS UR U DL ur ul,2,14,47,6,3,13,3
D BS UR U ur DL ul,2,14,47,6,3,13,3
D BS ur UR DL U ul,2,14,47,6,3,15,4
D BS UR ur DL U ul,2,14,47,6,3,17,4
D BS ur UR U DL ul,2,14,47,6,3,13,4
D BS UR ur U DL ul,2,14,47,6,3,17,4
D ur BS DL UR U ul,2,14,47,6,3,11,3
D UR BS U DL ur ul,2,14,47,6,3,15,3
D UR BS U ur DL ul,2,14,47,6,3,15,3
D ur BS UR DL U ul,2,14,47,6,3,13,3
D UR BS ur DL U ul,2,14,47,6,3,15,3
D ur BS UR U DL ul,2,14,47,6,3,11,3
D UR BS ur U DL ul,2,14,47,6,3,15,3
D ur UR BS DL U ul,2,14,47,6,3,17,4
D UR ur BS DL U ul,2,14,47,6,3,17,4
D ur UR BS U DL ul,2,14,47,6,3,15,4
D UR ur BS U DL ul,2,14,47,6,3,15,4
ur BS D DL UR U ul,2,14,47,6,3,10,3
UR BS D U DL ur ul,2,14,47,6,3,16,4
UR BS D U ur DL ul,2,14,47,6,3,16,4
ur BS D UR DL U ul,2,14,47,6,3,14,3
UR BS D ur DL U ul,2,14,47,6,3,14,3
ur BS D UR U DL ul,2,14,47,6,3,12,3
UR BS D ur U DL ul,2,14,47,6,3,14,3
UR BS U D DL ur ul,2,14,47,6,3,14,4
UR BS U D ur DL ul,2,14,47,6,3,14,4
UR BS U DL D ur ul,2,14,47,6,3,12,3
UR BS U ur D DL ul,2,14,47,6,3,12,3
ur BS UR D DL U ul,2,14,47,6,3,14,3
UR BS ur D DL U ul,2,14,47,6,3,12,3
ur BS UR D U DL ul,2,14,47,6,3,16,4
UR BS ur D U DL ul,2,14,47,6,3,14,4
ur BS UR U D DL ul,2,14,47,6,3,12,4
UR BS ur U D DL ul,2,14,47,6,3,14,4
ur D BS DL UR U ul,2,14,47,6,3,12,3
UR D BS U DL ur ul,2,14,47,6,3,14,3
UR D BS U ur DL ul,2,14,47,6,3,14,3
ur D BS UR DL U ul,2,14,47,6,3,14,3
UR D BS ur DL U ul,2,14,47,6,3,14,3
ur D BS UR U DL ul,2,14,47,6,3,12,3
UR D BS ur U DL ul,2,14,47,6,3,14,3
ur D UR BS DL U ul,2,14,47,6,3,16,3
UR D ur BS DL U ul,2,14,47,6,3,14,3
ur D UR BS U DL ul,2,14,47,6,3,14,3
UR D ur BS U DL ul,2,14,47,6,3,12,3
ur UR BS D DL U ul,2,14,47,6,3,16,4
UR ur BS D DL U ul,2,14,47,6,3,14,4
ur UR BS D U DL ul,2,14,47,6,3,18,4
UR ur BS D U DL ul,2,14,47,6,3,16,4
ur UR BS U D DL ul,2,14,47,6,3,16,4
UR ur BS U D DL ul,2,14,47,6,3,14,4
ur UR D BS DL U ul,2,14,47,6,3,18,4
UR ur D BS DL U ul,2,14,47,6,3,16,4
ur UR D BS U DL ul,2,14,47,6,3,16,4
UR ur D BS U DL ul,2,14,47,6,3,14,4
D U ul UR DL ur BS,2,14,47,7,3,14,4
D U ul ur UR DL BS,2,14,47,7,3,18,4
D U ul UR ur DL BS,2,14,47,7,3,18,4
D U UR DL ul ur BS,2,14,47,7,3,12,4
D U UR DL ur ul BS,2,14,47,7,3,14,4
D U UR ul DL ur BS,2,14,47,7,3,12,4
D U ur ul UR DL BS,2,14,47,7,3,16,4
D U UR ul ur DL BS,2,14,47,7,3,14,4
D U ur UR DL ul BS,2,14,47,7,3,18,4
D U UR ur DL ul BS,2,14,47,7,3,16,4
D U ur UR ul DL BS,2,14,47,7,3,18,4
D U UR ur ul DL BS,2,14,47,7,3,16,4
D ul U UR DL ur BS,2,14,47,7,3,10,3
D ul U ur UR DL BS,2,14,47,7,3,16,4
D ul U UR ur DL BS,2,14,47,7,3,14,4
D ul UR U DL ur BS,2,14,47,7,3,10,3
D ul ur U UR DL BS,2,14,47,7,3,12,3
D ul UR U ur DL BS,2,14,47,7,3,12,3
D ul ur UR U DL BS,2,14,47,7,3,14,4
D ul UR ur U DL BS,2,14,47,7,3,16,4
D UR U DL ul ur BS,2,14,47,7,3,12,3
D UR U DL ur ul BS,2,14,47,7,3,14,3
D UR U ul DL ur BS,2,14,47,7,3,12,3
D ur U ul UR DL BS,2,14,47,7,3,14,3
D UR U ul ur DL BS,2,14,47,7,3,14,3
D ur U UR DL ul BS,2,14,47,7,3,12,3
D UR U ur DL ul BS,2,14,47,7,3,14,3
D ur U UR ul DL BS,2,14,47,7,3,12,3
D UR U ur ul DL BS,2,14,47,7,3,14,3
D UR ul U DL ur BS,2,14,47,7,3,14,3
D ur ul U UR DL BS,2,14,47,7,3,12,3
D UR ul U ur DL BS,2,14,47,7,3,16,3
D ur ul UR U DL BS,2,14,47,7,3,12,3
D UR ul ur U DL BS,2,14,47,7,3,16,3
D ur UR U DL ul BS,2,14,47,7,3,14,4
D UR ur U DL ul BS,2,14,47,7,3,18,4
D ur UR U ul DL BS,2,14,47,7,3,14,4
D UR ur U ul DL BS,2,14,47,7,3,18,4
D ur UR ul U DL BS,2,14,47,7,3,16,4
D UR ur ul U DL BS,2,14,47,7,3,18,4
U D ul UR DL ur BS,2,14,47,7,3,12,4
U D ul ur UR DL BS,2,14,47,7,3,16,4
U D ul UR ur DL BS,2,14,47,7,3,16,4
U D UR DL ul ur BS,2,14,47,7,3,14,4
U D UR DL ur ul BS,2,14,47,7,3,16,4
U D UR ul DL ur BS,2,14,47,7,3,14,4
U D ur ul UR DL BS,2,14,47,7,3,14,4
U D UR ul ur DL BS,2,14,47,7,3,16,4
U D ur UR DL ul BS,2,14,47,7,3,16,4
U D UR ur DL ul BS,2,14,47,7,3,18,4
U D ur UR ul DL BS,2,14,47,7,3,16,4
U D UR ur ul DL BS,2,14,47,7,3,18,4
U ul D UR DL ur BS,2,14,47,7,3,12,3
U ul D ur UR DL BS,2,14,47,7,3,14,4
U ul D UR ur DL BS,2,14,47,7,3,16,4
U ul UR D DL ur BS,2,14,47,7,3,12,3
U ul ur D UR DL BS,2,14,47,7,3,14,3
U ul UR D ur DL BS,2,14,47,7,3,14,3
U ul ur UR D DL BS,2,14,47,7,3,16,4
U ul UR ur D DL BS,2,14,47,7,3,14,4
U UR D DL ul ur BS,2,14,47,7,3,10,3
U UR D DL ur ul BS,2,14,47,7,3,12,3
U UR D ul DL ur BS,2,14,47,7,3,10,3
U ur D ul UR DL BS,2,14,47,7,3,12,3
U UR D ul ur DL BS,2,14,47,7,3,12,3
U ur D UR DL ul BS,2,14,47,7,3,14,3
U UR D ur DL ul BS,2,14,47,7,3,12,3
U ur D UR ul DL BS,2,14,47,7,3,14,3
U UR D ur ul DL BS,2,14,47,7,3,12,3
U UR DL D ul ur BS,2,14,47,7,3,8,2
U UR DL D ur ul BS,2,14,47,7,3,10,3
U UR DL ur D ul BS,2,14,47,7,3,10,3
U UR ul D DL ur BS,2,14,47,7,3,8,2
U ur ul D UR DL BS,2,14,47,7,3,14,3
U UR ul D ur DL BS,2,14,47,7,3,10,3
U ur ul UR D DL BS,2,14,47,7,3,14,3
U UR ul ur D DL BS,2,14,47,7,3,10,3
U ur UR D DL ul BS,2,14,47,7,3,16,4
U UR ur D DL ul BS,2,14,47,7,3,12,4
U ur UR D ul DL BS,2,14,47,7,3,16,4
U UR ur D ul DL BS,2,14,47,7,3,12,4
U ur UR DL D ul BS,2,14,47,7,3,14,4
U UR ur DL D ul BS,2,14,47,7,3,12,4
U ur UR ul D DL BS,2,14,47,7,3,14,4
U UR ur ul D DL BS,2,14,47,7,3,12,4
ul D U UR DL ur BS,2,14,47,7,3,11,4
ul D U ur UR DL BS,2,14,47,7,3,17,4
ul D U UR ur DL BS,2,14,47,7,3,15,4
ul D UR U DL ur BS,2,14,47,7,3,11,3
ul D ur U UR DL BS,2,14,47,7,3,11,3
ul D UR U ur DL BS,2,14,47,7,3,13,3
ul D ur UR U DL BS,2,14,47,7,3,13,4
ul D UR ur U DL BS,2,14,47,7,3,17,4
ul U D UR DL ur BS,2,14,47,7,3,15,4
ul U D ur UR DL BS,2,14,47,7,3,17,4
ul U D UR ur DL BS,2,14,47,7,3,19,4
ul U UR D DL ur BS,2,14,47,7,3,11,3
ul U ur D UR DL BS,2,14,47,7,3,15,3
ul U UR D ur DL BS,2,14,47,7,3,13,3
ul U ur UR D DL BS,2,14,47,7,3,17,4
ul U UR ur D DL BS,2,14,47,7,3,13,4
ul UR D U DL ur BS,2,14,47,7,3,15,4
ul ur D U UR DL BS,2,14,47,7,3,13,4
ul UR D U ur DL BS,2,14,47,7,3,17,4
ul ur D UR U DL BS,2,14,47,7,3,13,3
ul UR D ur U DL BS,2,14,47,7,3,15,3
ul UR U D DL ur BS,2,14,47,7,3,11,4
ul ur U D UR DL BS,2,14,47,7,3,17,4
ul UR U D ur DL BS,2,14,47,7,3,13,4
ul ur U UR D DL BS,2,14,47,7,3,13,3
ul UR U ur D DL BS,2,14,47,7,3,11,3
ul ur UR D U DL BS,2,14,47,7,3,19,4
ul UR ur D U DL BS,2,14,47,7,3,17,4
ul ur UR U D DL BS,2,14,47,7,3,15,4
ul UR ur U D DL BS,2,14,47,7,3,17,4
UR D U DL ul ur BS,2,14,47,7,3,15,4
UR D U DL ur ul BS,2,14,47,7,3,17,4
UR D U ul DL ur BS,2,14,47,7,3,15,4
ur D U ul UR DL BS,2,14,47,7,3,15,4
UR D U ul ur DL BS,2,14,47,7,3,17,4
ur D U UR DL ul BS,2,14,47,7,3,13,4
UR D U ur DL ul BS,2,14,47,7,3,17,4
ur D U UR ul DL BS,2,14,47,7,3,13,4
UR D U ur ul DL BS,2,14,47,7,3,17,4
UR D ul U DL ur BS,2,14,47,7,3,13,3
ur D ul U UR DL BS,2,14,47,7,3,11,3
UR D ul U ur DL BS,2,14,47,7,3,15,3
ur D ul UR U DL BS,2,14,47,7,3,11,3
UR D ul ur U DL BS,2,14,47,7,3,15,3
ur D UR U DL ul BS,2,14,47,7,3,13,3
UR D ur U DL ul BS,2,14,47,7,3,15,3
ur D UR U ul DL BS,2,14,47,7,3,13,3
UR D ur U ul DL BS,2,14,47,7,3,15,3
ur D UR ul U DL BS,2,14,47,7,3,15,3
UR D ur ul U DL BS,2,14,47,7,3,15,3
UR U D DL ul ur BS,2,14,47,7,3,11,4
UR U D DL ur ul BS,2,14,47,7,3,13,4
UR U D ul DL ur BS,2,14,47,7,3,11,4
ur U D ul UR DL BS,2,14,47,7,3,15,4
UR U D ul ur DL BS,2,14,47,7,3,13,4
ur U D UR DL ul BS,2,14,47,7,3,17,4
UR U D ur DL ul BS,2,14,47,7,3,13,4
ur U D UR ul DL BS,2,14,47,7,3,17,4
UR U D ur ul DL BS,2,14,47,7,3,13,4
UR U DL D ul ur BS,2,14,47,7,3,9,3
UR U DL D ur ul BS,2,14,47,7,3,11,3
UR U DL ur D ul BS,2,14,47,7,3,11,3
UR U ul D DL ur BS,2,14,47,7,3,9,3
ur U ul D UR DL BS,2,14,47,7,3,15,3
UR U ul D ur DL BS,2,14,47,7,3,11,3
ur U ul UR D DL BS,2,14,47,7,3,15,3
UR U ul ur D DL BS,2,14,47,7,3,11,3
ur U UR D DL ul BS,2,14,47,7,3,13,3
UR U ur D DL ul BS,2,14,47,7,3,11,3
ur U UR D ul DL BS,2,14,47,7,3,13,3
UR U ur D ul DL BS,2,14,47,7,3,11,3
ur U UR DL D ul BS,2,14,47,7,3,11,3
UR U ur DL D ul BS,2,14,47,7,3,11,3
ur U UR ul D DL BS,2,14,47,7,3,11,3
UR U ur ul D DL BS,2,14,47,7,3,11,3
UR ul D U DL ur BS,2,14,47,7,3,13,4
ur ul D U UR DL BS,2,14,47,7,3,13,4
UR ul D U ur DL BS,2,14,47,7,3,15,4
ur ul D UR U DL BS,2,14,47,7,3,13,3
UR ul D ur U DL BS,2,14,47,7,3,13,3
UR ul U D DL ur BS,2,14,47,7,3,13,4
ur ul U D UR DL BS,2,14,47,7,3,17,4
UR ul U D ur DL BS,2,14,47,7,3,15,4
ur ul U UR D DL BS,2,14,47,7,3,13,3
UR ul U ur D DL BS,2,14,47,7,3,13,3
ur ul UR D U DL BS,2,14,47,7,3,17,4
UR ul ur D U DL BS,2,14,47,7,3,15,4
ur ul UR U D DL BS,2,14,47,7,3,13,4
UR ul ur U D DL BS,2,14,47,7,3,15,4
ur UR D U DL ul BS,2,14,47,7,3,19,4
UR ur D U DL ul BS,2,14,47,7,3,17,4
ur UR D U ul DL BS,2,14,47,7,3,19,4
UR ur D U ul DL BS,2,14,47,7,3,17,4
ur UR D ul U DL BS,2,14,47,7,3,17,4
UR ur D ul U DL BS,2,14,47,7,3,15,4
ur UR U D DL ul BS,2,14,47,7,3,15,4
UR ur U D DL ul BS,2,14,47,7,3,17,4
ur UR U D ul DL BS,2,14,47,7,3,15,4
UR ur U D ul DL BS,2,14,47,7,3,17,4
ur UR U DL D ul BS,2,14,47,7,3,13,4
UR ur U DL D ul BS,2,14,47,7,3,15,4
ur UR U ul D DL BS,2,14,47,7,3,13,4
UR ur U ul D DL BS,2,14,47,7,3,15,4
ur UR ul D U DL BS,2,14,47,7,3,17,4
UR ur ul D U DL BS,2,14,47,7,3,17,4
ur UR ul U D DL BS,2,14,47,7,3,17,4
UR ur ul U D DL BS,2,14,47,7,3,17,4
BS D U ul ur DL UR,2,14,48,8,3,15,4
BS D U ul ur UR DL,2,14,48,8,3,17,4
BS D U ul UR ur DL,2,14,48,8,3,17,4
BS D U ur DL ul UR,2,14,48,8,3,15,4
BS D U ur ul DL UR,2,14,48,8,3,15,4
BS D U ur ul UR DL,2,14,48,8,3,15,4
BS D U UR ul ur DL,2,14,48,8,3,13,4
BS D U ur UR ul DL,2,14,48,8,3,17,4
BS D U UR ur ul DL,2,14,48,8,3,15,4
BS D ul U ur DL UR,2,14,48,8,3,13,3
BS D ul U ur UR DL,2,14,48,8,3,15,4
BS D ul U UR ur DL,2,14,48,8,3,13,4
BS D ul ur DL U UR,2,14,48,8,3,11,3
BS D ul ur U DL UR,2,14,48,8,3,13,3
BS D ul ur U UR DL,2,14,48,8,3,11,3
BS D ur DL U ul UR,2,14,48,8,3,13,3
BS D ur DL ul U UR,2,14,48,8,3,11,3
BS D ur U DL ul UR,2,14,48,8,3,13,3
BS D ur U ul DL UR,2,14,48,8,3,13,3
BS D ur U ul UR DL,2,14,48,8,3,13,3
BS D ur U UR ul DL,2,14,48,8,3,11,3
BS D ur ul DL U UR,2,14,48,8,3,11,3
BS D ur ul U DL UR,2,14,48,8,3,13,3
BS D ur ul U UR DL,2,14,48,8,3,11,3
BS U D ul ur DL UR,2,14,48,8,3,13,4
BS U D ul ur UR DL,2,14,48,8,3,15,4
BS U D ul UR ur DL,2,14,48,8,3,15,4
BS U D ur DL ul UR,2,14,48,8,3,13,4
BS U D ur ul DL UR,2,14,48,8,3,13,4
BS U D ur ul UR DL,2,14,48,8,3,13,4
BS U D UR ul ur DL,2,14,48,8,3,15,4
BS U D ur UR ul DL,2,14,48,8,3,15,4
BS U D UR ur ul DL,2,14,48,8,3,17,4
BS U ul D ur DL UR,2,14,48,8,3,11,3
BS U ul D ur UR DL,2,14,48,8,3,13,4
BS U ul D UR ur DL,2,14,48,8,3,15,4
BS U ul ur D DL UR,2,14,48,8,3,11,3
BS U ul ur D UR DL,2,14,48,8,3,13,3
BS U ul UR D ur DL,2,14,48,8,3,13,3
BS U ul ur UR D DL,2,14,48,8,3,15,4
BS U ul UR ur D DL,2,14,48,8,3,13,4
BS U ur D DL ul UR,2,14,48,8,3,11,3
BS U ur D ul DL UR,2,14,48,8,3,11,3
BS U ur D ul UR DL,2,14,48,8,3,11,3
BS U UR D ul ur DL,2,14,48,8,3,11,3
BS U ur D UR ul DL,2,14,48,8,3,13,3
BS U UR D ur ul DL,2,14,48,8,3,11,3
BS U ur ul D DL UR,2,14,48,8,3,11,3
BS U ur ul D UR DL,2,14,48,8,3,13,3
BS U UR ul D ur DL,2,14,48,8,3,9,2
BS U ur ul UR D DL,2,14,48,8,3,13,3
BS U UR ul ur D DL,2,14,48,8,3,9,2
BS U ur UR D ul DL,2,14,48,8,3,15,4
BS U UR ur D ul DL,2,14,48,8,3,11,4
BS U ur UR ul D DL,2,14,48,8,3,13,4
BS U UR ur ul D DL,2,14,48,8,3,11,4
BS ul D U ur DL UR,2,14,48,8,3,15,4
BS ul D U ur UR DL,2,14,48,8,3,17,4
BS ul D U UR ur DL,2,14,48,8,3,15,4
BS ul D ur DL U UR,2,14,48,8,3,11,3
BS ul D ur U DL UR,2,14,48,8,3,13,3
BS ul D ur U UR DL,2,14,48,8,3,11,3
BS ul U D ur DL UR,2,14,48,8,3,15,4
BS ul U D ur UR DL,2,14,48,8,3,17,4
BS ul U D UR ur DL,2,14,48,8,3,19,4
BS ul U ur D DL UR,2,14,48,8,3,13,3
BS ul U ur D UR DL,2,14,48,8,3,15,3
BS ul U UR D ur DL,2,14,48,8,3,13,3
BS ul U ur UR D DL,2,14,48,8,3,17,4
BS ul U UR ur D DL,2,14,48,8,3,13,4
BS ul ur D DL U UR,2,14,48,8,3,11,3
BS ul ur D U DL UR,2,14,48,8,3,15,4
BS ul ur D U UR DL,2,14,48,8,3,13,4
BS ul ur U D DL UR,2,14,48,8,3,15,4
BS ul ur U D UR DL,2,14,48,8,3,17,4
BS ul ur U UR D DL,2,14,48,8,3,13,3
BS ur D DL U ul UR,2,14,48,8,3,11,3
BS ur D DL ul U UR,2,14,48,8,3,9,3
BS ur D U DL ul UR,2,14,48,8,3,13,4
BS ur D U ul DL UR,2,14,48,8,3,13,4
BS ur D U ul UR DL,2,14,48,8,3,13,4
BS ur D U UR ul DL,2,14,48,8,3,11,4
BS ur D ul DL U UR,2,14,48,8,3,9,3
BS ur D ul U DL UR,2,14,48,8,3,11,3
BS ur D ul U UR DL,2,14,48,8,3,9,3
BS ur U D DL ul UR,2,14,48,8,3,13,4
BS ur U D ul DL UR,2,14,48,8,3,13,4
BS ur U D ul UR DL,2,14,48,8,3,13,4
BS ur U D UR ul DL,2,14,48,8,3,15,4
BS ur U ul D DL UR,2,14,48,8,3,11,3
BS ur U ul D UR DL,2,14,48,8,3,13,3
BS ur U ul UR D DL,2,14,48,8,3,13,3
BS ur U UR D ul DL,2,14,48,8,3,11,3
BS ur U UR ul D DL,2,14,48,8,3,9,3
BS ur ul D DL U UR,2,14,48,8,3,9,3
BS ur ul D U DL UR,2,14,48,8,3,13,4
BS ur ul D U UR DL,2,14,48,8,3,11,4
BS ur ul U D DL UR,2,14,48,8,3,13,4
BS ur ul U D UR DL,2,14,48,8,3,15,4
BS ur ul U UR D DL,2,14,48,8,3,11,3
D BS U ul ur DL UR,2,14,48,8,3,13,3
D BS U ul ur UR DL,2,14,48,8,3,15,4
D BS U ul UR ur DL,2,14,48,8,3,15,4
D BS U ur DL ul UR,2,14,48,8,3,13,3
D BS U ur ul DL UR,2,14,48,8,3,13,3
D BS U ur ul UR DL,2,14,48,8,3,13,3
D BS U UR ul ur DL,2,14,48,8,3,11,2
D BS U ur UR ul DL,2,14,48,8,3,15,4
D BS U UR ur ul DL,2,14,48,8,3,13,4
D BS ul U ur DL UR,2,14,48,8,3,15,3
D BS ul U ur UR DL,2,14,48,8,3,17,4
D BS ul U UR ur DL,2,14,48,8,3,15,4
D BS ul ur DL U UR,2,14,48,8,3,13,3
D BS ul ur U DL UR,2,14,48,8,3,15,3
D BS ul ur U UR DL,2,14,48,8,3,13,3
D BS ur DL U ul UR,2,14,48,8,3,13,3
D BS ur DL ul U UR,2,14,48,8,3,11,3
D BS ur U DL ul UR,2,14,48,8,3,13,3
D BS ur U ul DL UR,2,14,48,8,3,13,3
D BS ur U ul UR DL,2,14,48,8,3,13,3
D BS ur U UR ul DL,2,14,48,8,3,11,3
D BS ur ul DL U UR,2,14,48,8,3,11,3
D BS ur ul U DL UR,2,14,48,8,3,13,3
D BS ur ul U UR DL,2,14,48,8,3,11,3
D U BS ul ur DL UR,2,14,48,8,3,15,4
D U BS ul ur UR DL,2,14,48,8,3,17,4
D U BS ul UR ur DL,2,14,48,8,3,17,4
D U BS ur DL ul UR,2,14,48,8,3,13,4
D U BS ur ul DL UR,2,14,48,8,3,13,4
D U BS ur ul UR DL,2,14,48,8,3,13,4
D U BS UR ul ur DL,2,14,48,8,3,15,4
D U BS ur UR ul DL,2,14,48,8,3,15,4
D U BS UR ur ul DL,2,14,48,8,3,17,4
D U ul BS ur DL UR,2,14,48,8,3,15,4
D U ul BS ur UR DL,2,14,48,8,3,17,4
D U ul BS UR ur DL,2,14,48,8,3,19,4
D U ul ur BS DL UR,2,14,48,8,3,15,4
D U ul ur BS UR DL,2,14,48,8,3,15,4
D U ur BS DL ul UR,2,14,48,8,3,15,4
D U ur BS ul DL UR,2,14,48,8,3,15,4
D U ur BS ul UR DL,2,14,48,8,3,15,4
D U ur BS UR ul DL,2,14,48,8,3,15,4
D U ur ul BS DL UR,2,14,48,8,3,17,4
D U ur ul BS UR DL,2,14,48,8,3,17,4
D ul BS U ur DL UR,2,14,48,8,3,13,3
D ul BS U ur UR DL,2,14,48,8,3,15,4
D ul BS U UR ur DL,2,14,48,8,3,13,4
D ul BS ur DL U UR,2,14,48,8,3,11,3
D ul BS ur U DL UR,2,14,48,8,3,13,3
D ul BS ur U UR DL,2,14,48,8,3,11,3
D ul U BS ur DL UR,2,14,48,8,3,11,3
D ul U BS ur UR DL,2,14,48,8,3,13,4
D ul U BS UR ur DL,2,14,48,8,3,15,4
D ul U ur BS DL UR,2,14,48,8,3,13,3
D ul U ur BS UR DL,2,14,48,8,3,13,3
D ul ur BS DL U UR,2,14,48,8,3,11,3
D ul ur BS U DL UR,2,14,48,8,3,11,3
D ul ur BS U UR DL,2,14,48,8,3,9,2
D ul ur U BS DL UR,2,14,48,8,3,13,3
D ul ur U BS UR DL,2,14,48,8,3,13,3
D ur BS DL U ul UR,2,14,48,8,3,13,3
D ur BS DL ul U UR,2,14,48,8,3,11,3
D ur BS U DL ul UR,2,14,48,8,3,11,3
D ur BS U ul DL UR,2,14,48,8,3,11,3
D ur BS U ul UR DL,2,14,48,8,3,11,3
D ur BS U UR ul DL,2,14,48,8,3,9,2
D ur BS ul DL U UR,2,14,48,8,3,11,3
D ur BS ul U DL UR,2,14,48,8,3,13,3
D ur BS ul U UR DL,2,14,48,8,3,11,3
D ur U BS DL ul UR,2,14,48,8,3,13,3
D ur U BS ul DL UR,2,14,48,8,3,13,3
D ur U BS ul UR DL,2,14,48,8,3,13,3
D ur U BS UR ul DL,2,14,48,8,3,13,3
D ur U ul BS DL UR,2,14,48,8,3,15,3
D ur U ul BS UR DL,2,14,48,8,3,15,3
D ur ul BS DL U UR,2,14,48,8,3,13,3
D ur ul BS U DL UR,2,14,48,8,3,13,3
D ur ul BS U UR DL,2,14,48,8,3,11,3
D ur ul U BS DL UR,2,14,48,8,3,13,3
D ur ul U BS UR DL,2,14,48,8,3,13,3
U BS D ul ur DL UR,2,14,48,8,3,11,2
U BS D ul ur UR DL,2,14,48,8,3,13,4
U BS D ul UR ur DL,2,14,48,8,3,13,4
U BS D ur DL ul UR,2,14,48,8,3,11,2
U BS D ur ul DL UR,2,14,48,8,3,11,2
U BS D ur ul UR DL,2,14,48,8,3,11,2
U BS D UR ul ur DL,2,14,48,8,3,13,3
U BS D ur UR ul DL,2,14,48,8,3,13,4
U BS D UR ur ul DL,2,14,48,8,3,15,4
U BS ul D ur DL UR,2,14,48,8,3,11,3
U BS ul D ur UR DL,2,14,48,8,3,13,4
U BS ul D UR ur DL,2,14,48,8,3,15,4
U BS ul ur D DL UR,2,14,48,8,3,11,3
U BS ul ur D UR DL,2,14,48,8,3,13,3
U BS ul UR D ur DL,2,14,48,8,3,13,3
U BS ul ur UR D DL,2,14,48,8,3,15,4
U BS ul UR ur D DL,2,14,48,8,3,13,4
U BS ur D DL ul UR,2,14,48,8,3,9,2
U BS ur D ul DL UR,2,14,48,8,3,9,2
U BS ur D ul UR DL,2,14,48,8,3,9,2
U BS UR D ul ur DL,2,14,48,8,3,13,3
U BS ur D UR ul DL,2,14,48,8,3,11,3
U BS UR D ur ul DL,2,14,48,8,3,13,3
U BS ur ul D DL UR,2,14,48,8,3,9,2
U BS ur ul D UR DL,2,14,48,8,3,11,3
U BS UR ul D ur DL,2,14,48,8,3,11,3
U BS ur ul UR D DL,2,14,48,8,3,11,3
U BS UR ul ur D DL,2,14,48,8,3,11,3
U BS ur UR D ul DL,2,14,48,8,3,13,4
U BS UR ur D ul DL,2,14,48,8,3,13,4
U BS ur UR ul D DL,2,14,48,8,3,11,4
U BS UR ur ul D DL,2,14,48,8,3,13,4
U D BS ul ur DL UR,2,14,48,8,3,15,4
U D BS ul ur UR DL,2,14,48,8,3,17,4
U D BS ul UR ur DL,2,14,48,8,3,17,4
U D BS ur DL ul UR,2,14,48,8,3,13,4
U D BS ur ul DL UR,2,14,48,8,3,13,4
U D BS ur ul UR DL,2,14,48,8,3,13,4
U D BS UR ul ur DL,2,14,48,8,3,15,4
U D BS ur UR ul DL,2,14,48,8,3,15,4
U D BS UR ur ul DL,2,14,48,8,3,17,4
U D ul BS ur DL UR,2,14,48,8,3,13,4
U D ul BS ur UR DL,2,14,48,8,3,15,4
U D ul BS UR ur DL,2,14,48,8,3,17,4
U D ul ur BS DL UR,2,14,48,8,3,13,4
U D ul ur BS UR DL,2,14,48,8,3,13,4
U D ur BS DL ul UR,2,14,48,8,3,13,4
U D ur BS ul DL UR,2,14,48,8,3,13,4
U D ur BS ul UR DL,2,14,48,8,3,13,4
U D ur BS UR ul DL,2,14,48,8,3,13,4
U D ur ul BS DL UR,2,14,48,8,3,15,4
U D ur ul BS UR DL,2,14,48,8,3,15,4
U ul BS D ur DL UR,2,14,48,8,3,13,3
U ul BS D ur UR DL,2,14,48,8,3,15,4
U ul BS D UR ur DL,2,14,48,8,3,17,4
U ul BS ur D DL UR,2,14,48,8,3,11,3
U ul BS ur D UR DL,2,14,48,8,3,13,3
U ul BS UR D ur DL,2,14,48,8,3,15,3
U ul BS ur UR D DL,2,14,48,8,3,15,4
U ul BS UR ur D DL,2,14,48,8,3,15,4
U ul D BS ur DL UR,2,14,48,8,3,11,3
U ul D BS ur UR DL,2,14,48,8,3,13,4
U ul D BS UR ur DL,2,14,48,8,3,15,4
U ul D ur BS DL UR,2,14,48,8,3,11,3
U ul D ur BS UR DL,2,14,48,8,3,11,3
U ul ur BS D DL UR,2,14,48,8,3,11,3
U ul ur BS D UR DL,2,14,48,8,3,13,3
U ul ur BS UR D DL,2,14,48,8,3,13,3
U ul ur D BS DL UR,2,14,48,8,3,13,3
U ul ur D BS UR DL,2,14,48,8,3,13,3
U ur BS D DL ul UR,2,14,48,8,3,11,3
U ur BS D ul DL UR,2,14,48,8,3,11,3
U ur BS D ul UR DL,2,14,48,8,3,11,3
U ur BS D UR ul DL,2,14,48,8,3,13,3
U ur BS ul D DL UR,2,14,48,8,3,11,3
U ur BS ul D UR DL,2,14,48,8,3,13,3
U ur BS ul UR D DL,2,14,48,8,3,13,3
U ur BS UR D ul DL,2,14,48,8,3,13,3
U ur BS UR ul D DL,2,14,48,8,3,11,3
U ur D BS DL ul UR,2,14,48,8,3,13,3
U ur D BS ul DL UR,2,14,48,8,3,13,3
U ur D BS ul UR DL,2,14,48,8,3,13,3
U ur D BS UR ul DL,2,14,48,8,3,13,3
U ur D ul BS DL UR,2,14,48,8,3,13,3
U ur D ul BS UR DL,2,14,48,8,3,13,3
U ur ul BS D DL UR,2,14,48,8,3,13,3
U ur ul BS D UR DL,2,14,48,8,3,15,3
U ur ul BS UR D DL,2,14,48,8,3,15,3
U ur ul D BS DL UR,2,14,48,8,3,13,3
U ur ul D BS UR DL,2,14,48,8,3,13,3
ul BS D U ur DL UR,2,14,48,8,3,16,4
ul BS D U ur UR DL,2,14,48,8,3,18,4
ul BS D U UR ur DL,2,14,48,8,3,16,4
ul BS D ur DL U UR,2,14,48,8,3,12,3
ul BS D ur U DL UR,2,14,48,8,3,14,3
ul BS D ur U UR DL,2,14,48,8,3,12,3
ul BS U D ur DL UR,2,14,48,8,3,14,4
ul BS U D ur UR DL,2,14,48,8,3,16,4
ul BS U D UR ur DL,2,14,48,8,3,18,4
ul BS U ur D DL UR,2,14,48,8,3,12,3
ul BS U ur D UR DL,2,14,48,8,3,14,3
ul BS U UR D ur DL,2,14,48,8,3,12,3
ul BS U ur UR D DL,2,14,48,8,3,16,4
ul BS U UR ur D DL,2,14,48,8,3,12,4
ul BS ur D DL U UR,2,14,48,8,3,10,3
ul BS ur D U DL UR,2,14,48,8,3,14,4
ul BS ur D U UR DL,2,14,48,8,3,12,4
ul BS ur U D DL UR,2,14,48,8,3,14,4
ul BS ur U D UR DL,2,14,48,8,3,16,4
ul BS ur U UR D DL,2,14,48,8,3,12,3
ul D BS U ur DL UR,2,14,48,8,3,12,3
ul D BS U ur UR DL,2,14,48,8,3,14,4
ul D BS U UR ur DL,2,14,48,8,3,12,4
ul D BS ur DL U UR,2,14,48,8,3,10,3
ul D BS ur U DL UR,2,14,48,8,3,12,3
ul D BS ur U UR DL,2,14,48,8,3,10,3
ul D U BS ur DL UR,2,14,48,8,3,12,4
ul D U BS ur UR DL,2,14,48,8,3,14,4
ul D U BS UR ur DL,2,14,48,8,3,16,4
ul D U ur BS DL UR,2,14,48,8,3,14,4
ul D U ur BS UR DL,2,14,48,8,3,14,4
ul D ur BS DL U UR,2,14,48,8,3,10,3
ul D ur BS U DL UR,2,14,48,8,3,10,3
ul D ur BS U UR DL,2,14,48,8,3,8,2
ul D ur U BS DL UR,2,14,48,8,3,12,3
ul D ur U BS UR DL,2,14,48,8,3,12,3
ul U BS D ur DL UR,2,14,48,8,3,12,3
ul U BS D ur UR DL,2,14,48,8,3,14,4
ul U BS D UR ur DL,2,14,48,8,3,16,4
ul U BS ur D DL UR,2,14,48,8,3,10,3
ul U BS ur D UR DL,2,14,48,8,3,12,3
ul U BS UR D ur DL,2,14,48,8,3,14,3
ul U BS ur UR D DL,2,14,48,8,3,14,4
ul U BS UR ur D DL,2,14,48,8,3,14,4
ul U D BS ur DL UR,2,14,48,8,3,14,4
ul U D BS ur UR DL,2,14,48,8,3,16,4
ul U D BS UR ur DL,2,14,48,8,3,18,4
ul U D ur BS DL UR,2,14,48,8,3,14,4
ul U D ur BS UR DL,2,14,48,8,3,14,4
ul U ur BS D DL UR,2,14,48,8,3,12,3
ul U ur BS D UR DL,2,14,48,8,3,14,3
ul U ur BS UR D DL,2,14,48,8,3,14,3
ul U ur D BS DL UR,2,14,48,8,3,14,3
ul U ur D BS UR DL,2,14,48,8,3,14,3
ul ur BS D DL U UR,2,14,48,8,3,10,3
ul ur BS D U DL UR,2,14,48,8,3,14,4
ul ur BS D U UR DL,2,14,48,8,3,12,4
ul ur BS U D DL UR,2,14,48,8,3,12,4
ul ur BS U D UR DL,2,14,48,8,3,14,4
ul ur BS U UR D DL,2,14,48,8,3,10,3
ul ur D BS DL U UR,2,14,48,8,3,12,3
ul ur D BS U DL UR,2,14,48,8,3,12,3
ul ur D BS U UR DL,2,14,48,8,3,10,2
ul ur D U BS DL UR,2,14,48,8,3,14,4
ul ur D U BS UR DL,2,14,48,8,3,14,4
ul ur U BS D DL UR,2,14,48,8,3,12,3
ul ur U BS D UR DL,2,14,48,8,3,14,3
ul ur U BS UR D DL,2,14,48,8,3,14,3
ul ur U D BS DL UR,2,14,48,8,3,16,4
ul ur U D BS UR DL,2,14,48,8,3,16,4
ur BS D DL U ul UR,2,14,48,8,3,12,3
ur BS D DL ul U UR,2,14,48,8,3,10,3
ur BS D U DL ul UR,2,14,48,8,3,14,4
ur BS D U ul DL UR,2,14,48,8,3,14,4
ur BS D U ul UR DL,2,14,48,8,3,14,4
ur BS D U UR ul DL,2,14,48,8,3,12,4
ur BS D ul DL U UR,2,14,48,8,3,10,3
ur BS D ul U DL UR,2,14,48,8,3,12,3
ur BS D ul U UR DL,2,14,48,8,3,10,3
ur BS U D DL ul UR,2,14,48,8,3,12,4
ur BS U D ul DL UR,2,14,48,8,3,12,4
ur BS U D ul UR DL,2,14,48,8,3,12,4
ur BS U D UR ul DL,2,14,48,8,3,14,4
ur BS U ul D DL UR,2,14,48,8,3,10,3
ur BS U ul D UR DL,2,14,48,8,3,12,3
ur BS U ul UR D DL,2,14,48,8,3,12,3
ur BS U UR D ul DL,2,14,48,8,3,10,3
ur BS U UR ul D DL,2,14,48,8,3,8,2
ur BS ul D DL U UR,2,14,48,8,3,10,3
ur BS ul D U DL UR,2,14,48,8,3,14,4
ur BS ul D U UR DL,2,14,48,8,3,12,4
ur BS ul U D DL UR,2,14,48,8,3,14,4
ur BS ul U D UR DL,2,14,48,8,3,16,4
ur BS ul U UR D DL,2,14,48,8,3,12,3
ur D BS DL U ul UR,2,14,48,8,3,14,3
ur D BS DL ul U UR,2,14,48,8,3,12,3
ur D BS U DL ul UR,2,14,48,8,3,12,3
ur D BS U ul DL UR,2,14,48,8,3,12,3
ur D BS U ul UR DL,2,14,48,8,3,12,3
ur D BS U UR ul DL,2,14,48,8,3,10,2
ur D BS ul DL U UR,2,14,48,8,3,12,3
ur D BS ul U DL UR,2,14,48,8,3,14,3
ur D BS ul U UR DL,2,14,48,8,3,12,3
ur D U BS DL ul UR,2,14,48,8,3,14,4
ur D U BS ul DL UR,2,14,48,8,3,14,4
ur D U BS ul UR DL,2,14,48,8,3,14,4
ur D U BS UR ul DL,2,14,48,8,3,14,4
ur D U ul BS DL UR,2,14,48,8,3,16,4
ur D U ul BS UR DL,2,14,48,8,3,16,4
ur D ul BS DL U UR,2,14,48,8,3,12,3
ur D ul BS U DL UR,2,14,48,8,3,12,3
ur D ul BS U UR DL,2,14,48,8,3,10,3
ur D ul U BS DL UR,2,14,48,8,3,12,3
ur D ul U BS UR DL,2,14,48,8,3,12,3
ur U BS D DL ul UR,2,14,48,8,3,12,3
ur U BS D ul DL UR,2,14,48,8,3,12,3
ur U BS D ul UR DL,2,14,48,8,3,12,3
ur U BS D UR ul DL,2,14,48,8,3,14,3
ur U BS ul D DL UR,2,14,48,8,3,12,3
ur U BS ul D UR DL,2,14,48,8,3,14,3
ur U BS ul UR D DL,2,14,48,8,3,14,3
ur U BS UR D ul DL,2,14,48,8,3,14,3
ur U BS UR ul D DL,2,14,48,8,3,12,3
ur U D BS DL ul UR,2,14,48,8,3,16,4
ur U D BS ul DL UR,2,14,48,8,3,16,4
ur U D BS ul UR DL,2,14,48,8,3,16,4
ur U D BS UR ul DL,2,14,48,8,3,16,4
ur U D ul BS DL UR,2,14,48,8,3,16,4
ur U D ul BS UR DL,2,14,48,8,3,16,4
ur U ul BS D DL UR,2,14,48,8,3,14,3
ur U ul BS D UR DL,2,14,48,8,3,16,3
ur U ul BS UR D DL,2,14,48,8,3,16,3
ur U ul D BS DL UR,2,14,48,8,3,14,3
ur U ul D BS UR DL,2,14,48,8,3,14,3
ur ul BS D DL U UR,2,14,48,8,3,12,3
ur ul BS D U DL UR,2,14,48,8,3,16,4
ur ul BS D U UR DL,2,14,48,8,3,14,4
ur ul BS U D DL UR,2,14,48,8,3,14,4
ur ul BS U D UR DL,2,14,48,8,3,16,4
ur ul BS U UR D DL,2,14,48,8,3,12,3
ur ul D BS DL U UR,2,14,48,8,3,12,3
ur ul D BS U DL UR,2,14,48,8,3,12,3
ur ul D BS U UR DL,2,14,48,8,3,10,2
ur ul D U BS DL UR,2,14,48,8,3,14,4
ur ul D U BS UR DL,2,14,48,8,3,14,4
ur ul U BS D DL UR,2,14,48,8,3,12,3
ur ul U BS D UR DL,2,14,48,8,3,14,3
ur ul U BS UR D DL,2,14,48,8,3,14,3
ur ul U D BS DL UR,2,14,48,8,3,16,4
ur ul U D BS UR DL,2,14,48,8,3,16,4
BS DL ul UR D U ur,2,13,49,6,3,17,4
BS DL ul UR U D ur,2,13,49,6,3,13,4
BS DL UR U ul D ur,2,13,49,6,3,11,3
BS DL UR ul D U ur,2,13,49,6,3,15,4
BS DL UR ul U D ur,2,13,49,6,3,15,4
BS ul DL UR D U ur,2,13,49,6,3,17,4
BS ul DL UR U D ur,2,13,49,6,3,13,4
BS ul UR DL D U ur,2,13,49,6,3,15,4
BS ul UR DL U D ur,2,13,49,6,3,15,4
BS UR DL U ul D ur,2,13,49,6,3,13,3
BS UR DL ul D U ur,2,13,49,6,3,15,4
BS UR DL ul U D ur,2,13,49,6,3,15,4
BS UR ul DL D U ur,2,13,49,6,3,15,4
BS UR ul DL U D ur,2,13,49,6,3,15,4
DL BS ul UR D U ur,2,13,49,6,3,18,4
DL BS ul UR U D ur,2,13,49,6,3,14,4
DL BS UR U ul D ur,2,13,49,6,3,12,3
DL BS UR ul D U ur,2,13,49,6,3,16,4
DL BS UR ul U D ur,2,13,49,6,3,16,4
DL ul BS UR D U ur,2,13,49,6,3,18,4
DL ul BS UR U D ur,2,13,49,6,3,14,4
DL ul UR BS D U ur,2,13,49,6,3,16,4
DL ul UR BS U D ur,2,13,49,6,3,14,4
DL ul UR D BS U ur,2,13,49,6,3,14,3
DL ul UR D U BS ur,2,13,49,6,3,14,4
DL ul UR U BS D ur,2,13,49,6,3,10,2
DL ul UR U D BS ur,2,13,49,6,3,12,4
DL UR BS U ul D ur,2,13,49,6,3,12,3
DL UR BS ul D U ur,2,13,49,6,3,16,4
DL UR BS ul U D ur,2,13,49,6,3,16,4
DL UR U BS ul D ur,2,13,49,6,3,10,3
DL UR U ul BS D ur,2,13,49,6,3,12,3
DL UR U ul D BS ur,2,13,49,6,3,10,3
DL UR ul BS D U ur,2,13,49,6,3,16,4
DL UR ul BS U D ur,2,13,49,6,3,14,4
DL UR ul D BS U ur,2,13,49,6,3,12,3
DL UR ul D U BS ur,2,13,49,6,3,12,4
DL UR ul U BS D ur,2,13,49,6,3,12,3
DL UR ul U D BS ur,2,13,49,6,3,14,4
ul BS DL UR D U ur,2,13,49,6,3,18,4
ul BS DL UR U D ur,2,13,49,6,3,14,4
ul BS UR DL D U ur,2,13,49,6,3,16,4
ul BS UR DL U D ur,2,13,49,6,3,16,4
ul DL BS UR D U ur,2,13,49,6,3,18,4
ul DL BS UR U D ur,2,13,49,6,3,14,4
ul DL UR BS D U ur,2,13,49,6,3,16,4
ul DL UR BS U D ur,2,13,49,6,3,14,4
ul DL UR D BS U ur,2,13,49,6,3,14,3
ul DL UR D U BS ur,2,13,49,6,3,14,4
ul DL UR U BS D ur,2,13,49,6,3,10,2
ul DL UR U D BS ur,2,13,49,6,3,12,4
ul UR BS DL D U ur,2,13,49,6,3,16,4
ul UR BS DL U D ur,2,13,49,6,3,16,4
ul UR DL BS D U ur,2,13,49,6,3,16,4
ul UR DL BS U D ur,2,13,49,6,3,14,4
ul UR DL D BS U ur,2,13,49,6,3,12,3
ul UR DL D U BS ur,2,13,49,6,3,12,4
ul UR DL U BS D ur,2,13,49,6,3,12,3
ul UR DL U D BS ur,2,13,49,6,3,14,4
UR BS DL U ul D ur,2,13,49,6,3,14,3
UR BS DL ul D U ur,2,13,49,6,3,16,4
UR BS DL ul U D ur,2,13,49,6,3,16,4
UR BS ul DL D U ur,2,13,49,6,3,16,4
UR BS ul DL U D ur,2,13,49,6,3,16,4
UR DL BS U ul D ur,2,13,49,6,3,12,3
UR DL BS ul D U ur,2,13,49,6,3,16,4
UR DL BS ul U D ur,2,13,49,6,3,16,4
UR DL U BS ul D ur,2,13,49,6,3,12,3
UR DL U ul BS D ur,2,13,49,6,3,14,3
UR DL U ul D BS ur,2,13,49,6,3,12,3
UR DL ul BS D U ur,2,13,49,6,3,16,4
UR DL ul BS U D ur,2,13,49,6,3,14,4
UR DL ul D BS U ur,2,13,49,6,3,12,3
UR DL ul D U BS ur,2,13,49,6,3,12,4
UR DL ul U BS D ur,2,13,49,6,3,12,3
UR DL ul U D BS ur,2,13,49,6,3,14,4
UR ul BS DL D U ur,2,13,49,6,3,16,4
UR ul BS DL U D ur,2,13,49,6,3,16,4
UR ul DL BS D U ur,2,13,49,6,3,16,4
UR ul DL BS U D ur,2,13,49,6,3,14,4
UR ul DL D BS U ur,2,13,49,6,3,12,3
UR ul DL D U BS ur,2,13,49,6,3,12,4
UR ul DL U BS D ur,2,13,49,6,3,12,3
UR ul DL U D BS ur,2,13,49,6,3,14,4
D U UR BS DL ur ul,2,14,49,7,3,15,4
D U UR BS ur DL ul,2,14,49,7,3,13,4
D U UR DL BS ur ul,2,14,49,7,3,13,4
D U UR DL ur BS ul,2,14,49,7,3,13,4
D U ur UR BS DL ul,2,14,49,7,3,19,4
D U UR ur BS DL ul,2,14,49,7,3,15,4
D U ur UR DL BS ul,2,14,49,7,3,19,4
D U UR ur DL BS ul,2,14,49,7,3,17,4
D UR U BS DL ur ul,2,14,49,7,3,13,3
D UR U BS ur DL ul,2,14,49,7,3,11,3
D UR U DL BS ur ul,2,14,49,7,3,13,3
D UR U DL ur BS ul,2,14,49,7,3,13,3
D ur U UR BS DL ul,2,14,49,7,3,13,3
D UR U ur BS DL ul,2,14,49,7,3,13,3
D ur U UR DL BS ul,2,14,49,7,3,13,3
D UR U ur DL BS ul,2,14,49,7,3,15,3
D ur UR U BS DL ul,2,14,49,7,3,13,4
D UR ur U BS DL ul,2,14,49,7,3,17,4
D ur UR U DL BS ul,2,14,49,7,3,15,4
D UR ur U DL BS ul,2,14,49,7,3,19,4
U D UR BS DL ur ul,2,14,49,7,3,17,4
U D UR BS ur DL ul,2,14,49,7,3,15,4
U D UR DL BS ur ul,2,14,49,7,3,15,4
U D UR DL ur BS ul,2,14,49,7,3,15,4
U D ur UR BS DL ul,2,14,49,7,3,17,4
U D UR ur BS DL ul,2,14,49,7,3,17,4
U D ur UR DL BS ul,2,14,49,7,3,17,4
U D UR ur DL BS ul,2,14,49,7,3,19,4
U UR BS D DL ur ul,2,14,49,7,3,11,3
U UR BS D ur DL ul,2,14,49,7,3,11,3
U UR BS DL D ur ul,2,14,49,7,3,11,3
U UR BS ur D DL ul,2,14,49,7,3,9,3
U UR D BS DL ur ul,2,14,49,7,3,13,3
U UR D BS ur DL ul,2,14,49,7,3,11,3
U UR D DL BS ur ul,2,14,49,7,3,11,3
U UR D DL ur BS ul,2,14,49,7,3,11,3
U ur D UR BS DL ul,2,14,49,7,3,15,3
U UR D ur BS DL ul,2,14,49,7,3,11,3
U ur D UR DL BS ul,2,14,49,7,3,15,3
U UR D ur DL BS ul,2,14,49,7,3,13,3
U UR DL BS D ur ul,2,14,49,7,3,11,3
U UR DL D BS ur ul,2,14,49,7,3,9,2
U UR DL D ur BS ul,2,14,49,7,3,9,3
U UR DL ur D BS ul,2,14,49,7,3,11,3
U ur UR BS D DL ul,2,14,49,7,3,15,4
U UR ur BS D DL ul,2,14,49,7,3,11,4
U ur UR D BS DL ul,2,14,49,7,3,17,4
U UR ur D BS DL ul,2,14,49,7,3,13,4
U ur UR D DL BS ul,2,14,49,7,3,17,4
U UR ur D DL BS ul,2,14,49,7,3,13,4
U ur UR DL D BS ul,2,14,49,7,3,15,4
U UR ur DL D BS ul,2,14,49,7,3,13,4
UR D U BS DL ur ul,2,14,49,7,3,16,4
UR D U BS ur DL ul,2,14,49,7,3,14,4
UR D U DL BS ur ul,2,14,49,7,3,16,4
UR D U DL ur BS ul,2,14,49,7,3,16,4
ur D U UR BS DL ul,2,14,49,7,3,14,4
UR D U ur BS DL ul,2,14,49,7,3,16,4
ur D U UR DL BS ul,2,14,49,7,3,14,4
UR D U ur DL BS ul,2,14,49,7,3,18,4
ur D UR U BS DL ul,2,14,49,7,3,12,3
UR D ur U BS DL ul,2,14,49,7,3,14,3
ur D UR U DL BS ul,2,14,49,7,3,14,3
UR D ur U DL BS ul,2,14,49,7,3,16,3
UR U BS D DL ur ul,2,14,49,7,3,10,2
UR U BS D ur DL ul,2,14,49,7,3,10,2
UR U BS DL D ur ul,2,14,49,7,3,10,3
UR U BS ur D DL ul,2,14,49,7,3,8,2
UR U D BS DL ur ul,2,14,49,7,3,14,4
UR U D BS ur DL ul,2,14,49,7,3,12,4
UR U D DL BS ur ul,2,14,49,7,3,12,4
UR U D DL ur BS ul,2,14,49,7,3,12,4
ur U D UR BS DL ul,2,14,49,7,3,18,4
UR U D ur BS DL ul,2,14,49,7,3,12,4
ur U D UR DL BS ul,2,14,49,7,3,18,4
UR U D ur DL BS ul,2,14,49,7,3,14,4
UR U DL BS D ur ul,2,14,49,7,3,12,3
UR U DL D BS ur ul,2,14,49,7,3,10,3
UR U DL D ur BS ul,2,14,49,7,3,10,3
UR U DL ur D BS ul,2,14,49,7,3,12,3
ur U UR BS D DL ul,2,14,49,7,3,12,3
UR U ur BS D DL ul,2,14,49,7,3,10,3
ur U UR D BS DL ul,2,14,49,7,3,14,3
UR U ur D BS DL ul,2,14,49,7,3,12,3
ur U UR D DL BS ul,2,14,49,7,3,14,3
UR U ur D DL BS ul,2,14,49,7,3,12,3
ur U UR DL D BS ul,2,14,49,7,3,12,3
UR U ur DL D BS ul,2,14,49,7,3,12,3
ur UR D U BS DL ul,2,14,49,7,3,18,4
UR ur D U BS DL ul,2,14,49,7,3,16,4
ur UR D U DL BS ul,2,14,49,7,3,20,4
UR ur D U DL BS ul,2,14,49,7,3,18,4
ur UR U BS D DL ul,2,14,49,7,3,12,4
UR ur U BS D DL ul,2,14,49,7,3,14,4
ur UR U D BS DL ul,2,14,49,7,3,16,4
UR ur U D BS DL ul,2,14,49,7,3,18,4
ur UR U D DL BS ul,2,14,49,7,3,16,4
UR ur U D DL BS ul,2,14,49,7,3,18,4
ur UR U DL D BS ul,2,14,49,7,3,14,4
UR ur U DL D BS ul,2,14,49,7,3,16,4
DL ul UR D U ur BS,2,14,51,6,3,15,4
DL ul UR D ur U BS,2,14,51,6,3,13,3
DL ul UR U D ur BS,2,14,51,6,3,11,4
DL ul UR U ur D BS,2,14,51,6,3,11,3
DL ul ur UR D U BS,2,14,51,6,3,17,4
DL ul UR ur D U BS,2,14,51,6,3,15,4
DL ul ur UR U D BS,2,14,51,6,3,15,4
DL ul UR ur U D BS,2,14,51,6,3,17,4
DL UR U ul D ur BS,2,14,51,6,3,9,3
DL UR U ul ur D BS,2,14,51,6,3,11,3
DL UR U ur ul D BS,2,14,51,6,3,11,3
DL UR ul D U ur BS,2,14,51,6,3,13,4
DL UR ul D ur U BS,2,14,51,6,3,11,3
DL UR ul U D ur BS,2,14,51,6,3,13,4
DL UR ul U ur D BS,2,14,51,6,3,13,3
DL ur ul UR D U BS,2,14,51,6,3,15,4
DL UR ul ur D U BS,2,14,51,6,3,13,4
DL ur ul UR U D BS,2,14,51,6,3,13,4
DL UR ul ur U D BS,2,14,51,6,3,15,4
DL ur UR U ul D BS,2,14,51,6,3,13,4
DL UR ur U ul D BS,2,14,51,6,3,15,4
DL ur UR ul D U BS,2,14,51,6,3,15,4
DL UR ur ul D U BS,2,14,51,6,3,15,4
DL ur UR ul U D BS,2,14,51,6,3,17,4
DL UR ur ul U D BS,2,14,51,6,3,17,4
ul DL UR D U ur BS,2,14,51,6,3,15,4
ul DL UR D ur U BS,2,14,51,6,3,13,3
ul DL UR U D ur BS,2,14,51,6,3,11,4
ul DL UR U ur D BS,2,14,51,6,3,11,3
ul DL ur UR D U BS,2,14,51,6,3,17,4
ul DL UR ur D U BS,2,14,51,6,3,15,4
ul DL ur UR U D BS,2,14,51,6,3,15,4
ul DL UR ur U D BS,2,14,51,6,3,17,4
ul UR DL D U ur BS,2,14,51,6,3,13,4
ul UR DL D ur U BS,2,14,51,6,3,11,3
ul UR DL U D ur BS,2,14,51,6,3,13,4
ul UR DL U ur D BS,2,14,51,6,3,13,3
ul ur DL UR D U BS,2,14,51,6,3,15,4
ul UR DL ur D U BS,2,14,51,6,3,13,4
ul ur DL UR U D BS,2,14,51,6,3,13,4
ul UR DL ur U D BS,2,14,51,6,3,15,4
ul ur UR DL D U BS,2,14,51,6,3,15,4
ul UR ur DL D U BS,2,14,51,6,3,15,4
ul ur UR DL U D BS,2,14,51,6,3,17,4
ul UR ur DL U D BS,2,14,51,6,3,17,4
UR DL U ul D ur BS,2,14,51,6,3,11,3
UR DL U ul ur D BS,2,14,51,6,3,13,3
UR DL U ur ul D BS,2,14,51,6,3,13,3
UR DL ul D U ur BS,2,14,51,6,3,13,4
UR DL ul D ur U BS,2,14,51,6,3,11,3
UR DL ul U D ur BS,2,14,51,6,3,13,4
UR DL ul U ur D BS,2,14,51,6,3,13,3
ur DL ul UR D U BS,2,14,51,6,3,15,4
UR DL ul ur D U BS,2,14,51,6,3,13,4
ur DL ul UR U D BS,2,14,51,6,3,13,4
UR DL ul ur U D BS,2,14,51,6,3,15,4
ur DL UR U ul D BS,2,14,51,6,3,11,3
UR DL ur U ul D BS,2,14,51,6,3,13,3
ur DL UR ul D U BS,2,14,51,6,3,13,4
UR DL ur ul D U BS,2,14,51,6,3,13,4
ur DL UR ul U D BS,2,14,51,6,3,15,4
UR DL ur ul U D BS,2,14,51,6,3,15,4
UR ul DL D U ur BS,2,14,51,6,3,13,4
UR ul DL D ur U BS,2,14,51,6,3,11,3
UR ul DL U D ur BS,2,14,51,6,3,13,4
UR ul DL U ur D BS,2,14,51,6,3,13,3
ur ul DL UR D U BS,2,14,51,6,3,15,4
UR ul DL ur D U BS,2,14,51,6,3,13,4
ur ul DL UR U D BS,2,14,51,6,3,13,4
UR ul DL ur U D BS,2,14,51,6,3,15,4
ur ul UR DL D U BS,2,14,51,6,3,13,4
UR ul ur DL D U BS,2,14,51,6,3,13,4
ur ul UR DL U D BS,2,14,51,6,3,15,4
UR ul ur DL U D BS,2,14,51,6,3,15,4
ur UR DL U ul D BS,2,14,51,6,3,15,4
UR ur DL U ul D BS,2,14,51,6,3,15,4
ur UR DL ul D U BS,2,14,51,6,3,15,4
UR ur DL ul D U BS,2,14,51,6,3,15,4
ur UR DL ul U D BS,2,14,51,6,3,17,4
UR ur DL ul U D BS,2,14,51,6,3,17,4
ur UR ul DL D U BS,2,14,51,6,3,15,4
UR ur ul DL D U BS,2,14,51,6,3,15,4
ur UR ul DL U D BS,2,14,51,6,3,17,4
UR ur ul DL U D BS,2,14,51,6,3,17,4
BS DL ul ur D UR U,2,14,52,7,3,12,3
BS DL ur D ul UR U,2,14,52,7,3,10,3
BS DL ur ul D UR U,2,14,52,7,3,12,3
BS ul DL ur D UR U,2,14,52,7,3,12,3
BS ul ur DL D UR U,2,14,52,7,3,12,3
BS ur DL D ul UR U,2,14,52,7,3,8,2
BS ur DL ul D UR U,2,14,52,7,3,10,3
BS ur ul DL D UR U,2,14,52,7,3,10,3
DL BS ul ur D UR U,2,14,52,7,3,13,3
DL BS ur D ul UR U,2,14,52,7,3,9,3
DL BS ur ul D UR U,2,14,52,7,3,11,3
DL ul BS ur D UR U,2,14,52,7,3,11,3
DL ul ur BS D UR U,2,14,52,7,3,11,3
DL ur BS D ul UR U,2,14,52,7,3,9,2
DL ur BS ul D UR U,2,14,52,7,3,11,3
DL ur ul BS D UR U,2,14,52,7,3,13,3
ul BS DL ur D UR U,2,14,52,7,3,13,3
ul BS ur DL D UR U,2,14,52,7,3,11,3
ul DL BS ur D UR U,2,14,52,7,3,11,3
ul DL ur BS D UR U,2,14,52,7,3,11,3
ul ur BS DL D UR U,2,14,52,7,3,11,3
ul ur DL BS D UR U,2,14,52,7,3,13,3
ur BS DL D ul UR U,2,14,52,7,3,9,3
ur BS DL ul D UR U,2,14,52,7,3,11,3
ur BS ul DL D UR U,2,14,52,7,3,11,3
ur DL BS D ul UR U,2,14,52,7,3,11,3
ur DL BS ul D UR U,2,14,52,7,3,13,3
ur DL ul BS D UR U,2,14,52,7,3,13,3
ur ul BS DL D UR U,2,14,52,7,3,13,3
ur ul DL BS D UR U,2,14,52,7,3,13,3
BS DL ur D UR U ul,2,14,53,6,3,13,3
BS DL UR U ur D ul,2,14,53,6,3,11,3
BS DL ur UR D U ul,2,14,53,6,3,19,4
BS DL UR ur D U ul,2,14,53,6,3,17,4
BS DL ur UR U D ul,2,14,53,6,3,15,4
BS DL UR ur U D ul,2,14,53,6,3,17,4
BS ur DL D UR U ul,2,14,53,6,3,11,3
BS UR DL U ur D ul,2,14,53,6,3,13,3
BS ur DL UR D U ul,2,14,53,6,3,15,4
BS UR DL ur D U ul,2,14,53,6,3,15,4
BS ur DL UR U D ul,2,14,53,6,3,11,4
BS UR DL ur U D ul,2,14,53,6,3,15,4
BS ur UR DL D U ul,2,14,53,6,3,15,4
BS UR ur DL D U ul,2,14,53,6,3,17,4
BS ur UR DL U D ul,2,14,53,6,3,15,4
BS UR ur DL U D ul,2,14,53,6,3,17,4
DL BS ur D UR U ul,2,14,53,6,3,12,3
DL BS UR U ur D ul,2,14,53,6,3,12,3
DL BS ur UR D U ul,2,14,53,6,3,18,4
DL BS UR ur D U ul,2,14,53,6,3,18,4
DL BS ur UR U D ul,2,14,53,6,3,14,4
DL BS UR ur U D ul,2,14,53,6,3,18,4
DL ur BS D UR U ul,2,14,53,6,3,12,3
DL UR BS U ur D ul,2,14,53,6,3,12,3
DL ur BS UR D U ul,2,14,53,6,3,16,4
DL UR BS ur D U ul,2,14,53,6,3,14,4
DL ur BS UR U D ul,2,14,53,6,3,12,4
DL UR BS ur U D ul,2,14,53,6,3,14,4
DL UR U BS ur D ul,2,14,53,6,3,8,2
DL UR U ur BS D ul,2,14,53,6,3,10,3
DL ur UR BS D U ul,2,14,53,6,3,18,4
DL UR ur BS D U ul,2,14,53,6,3,16,4
DL ur UR BS U D ul,2,14,53,6,3,16,4
DL UR ur BS U D ul,2,14,53,6,3,14,4
DL ur UR U BS D ul,2,14,53,6,3,12,4
DL UR ur U BS D ul,2,14,53,6,3,14,4
ur BS DL D UR U ul,2,14,53,6,3,12,3
UR BS DL U ur D ul,2,14,53,6,3,14,3
ur BS DL UR D U ul,2,14,53,6,3,16,4
UR BS DL ur D U ul,2,14,53,6,3,16,4
ur BS DL UR U D ul,2,14,53,6,3,12,4
UR BS DL ur U D ul,2,14,53,6,3,16,4
ur BS UR DL D U ul,2,14,53,6,3,14,4
UR BS ur DL D U ul,2,14,53,6,3,14,4
ur BS UR DL U D ul,2,14,53,6,3,14,4
UR BS ur DL U D ul,2,14,53,6,3,14,4
ur DL BS D UR U ul,2,14,53,6,3,14,3
UR DL BS U ur D ul,2,14,53,6,3,12,3
ur DL BS UR D U ul,2,14,53,6,3,18,4
UR DL BS ur D U ul,2,14,53,6,3,14,4
ur DL BS UR U D ul,2,14,53,6,3,14,4
UR DL BS ur U D ul,2,14,53,6,3,14,4
UR DL U BS ur D ul,2,14,53,6,3,10,3
UR DL U ur BS D ul,2,14,53,6,3,12,3
ur DL UR BS D U ul,2,14,53,6,3,16,4
UR DL ur BS D U ul,2,14,53,6,3,14,4
ur DL UR BS U D ul,2,14,53,6,3,14,4
UR DL ur BS U D ul,2,14,53,6,3,12,4
ur DL UR U BS D ul,2,14,53,6,3,10,2
UR DL ur U BS D ul,2,14,53,6,3,12,3
ur UR BS DL D U ul,2,14,53,6,3,18,4
UR ur BS DL D U ul,2,14,53,6,3,16,4
ur UR BS DL U D ul,2,14,53,6,3,18,4
UR ur BS DL U D ul,2,14,53,6,3,16,4
ur UR DL BS D U ul,2,14,53,6,3,18,4
UR ur DL BS D U ul,2,14,53,6,3,18,4
ur UR DL BS U D ul,2,14,53,6,3,16,4
UR ur DL BS U D ul,2,14,53,6,3,16,4
ur UR DL U BS D ul,2,14,53,6,3,14,4
UR ur DL U BS D ul,2,14,53,6,3,14,4
BS D DL UR U ul ur,2,13,53,7,3,11,3
BS D DL UR ul U ur,2,13,53,7,3,13,3
BS D UR DL U ul ur,2,13,53,7,3,15,3
BS D UR DL ul U ur,2,13,53,7,3,15,3
BS DL D UR U ul ur,2,13,53,7,3,13,3
BS DL D UR ul U ur,2,13,53,7,3,15,3
BS DL UR D U ul ur,2,13,53,7,3,17,4
BS DL UR D ul U ur,2,13,53,7,3,15,3
BS DL UR U D ul ur,2,13,53,7,3,13,4
BS UR D DL U ul ur,2,13,53,7,3,15,3
BS UR D DL ul U ur,2,13,53,7,3,15,3
BS UR DL D U ul ur,2,13,53,7,3,15,4
BS UR DL D ul U ur,2,13,53,7,3,13,3
BS UR DL U D ul ur,2,13,53,7,3,15,4
D BS DL UR U ul ur,2,13,53,7,3,13,3
D BS DL UR ul U ur,2,13,53,7,3,15,3
D BS UR DL U ul ur,2,13,53,7,3,15,3
D BS UR DL ul U ur,2,13,53,7,3,15,3
D DL BS UR U ul ur,2,13,53,7,3,13,3
D DL BS UR ul U ur,2,13,53,7,3,15,3
D DL UR BS U ul ur,2,13,53,7,3,13,3
D DL UR BS ul U ur,2,13,53,7,3,15,3
D DL UR U BS ul ur,2,13,53,7,3,11,3
D DL UR U ul BS ur,2,13,53,7,3,11,3
D DL UR ul BS U ur,2,13,53,7,3,13,3
D DL UR ul U BS ur,2,13,53,7,3,11,3
D UR BS DL U ul ur,2,13,53,7,3,17,3
D UR BS DL ul U ur,2,13,53,7,3,17,3
D UR DL BS U ul ur,2,13,53,7,3,15,3
D UR DL BS ul U ur,2,13,53,7,3,17,3
D UR DL U BS ul ur,2,13,53,7,3,15,3
D UR DL U ul BS ur,2,13,53,7,3,15,3
D UR DL ul BS U ur,2,13,53,7,3,15,3
D UR DL ul U BS ur,2,13,53,7,3,13,3
DL BS D UR U ul ur,2,13,53,7,3,14,3
DL BS D UR ul U ur,2,13,53,7,3,16,3
DL BS UR D U ul ur,2,13,53,7,3,18,4
DL BS UR D ul U ur,2,13,53,7,3,16,3
DL BS UR U D ul ur,2,13,53,7,3,14,4
DL D BS UR U ul ur,2,13,53,7,3,12,3
DL D BS UR ul U ur,2,13,53,7,3,14,3
DL D UR BS U ul ur,2,13,53,7,3,14,3
DL D UR BS ul U ur,2,13,53,7,3,16,3
DL D UR U BS ul ur,2,13,53,7,3,12,3
DL D UR U ul BS ur,2,13,53,7,3,12,3
DL D UR ul BS U ur,2,13,53,7,3,14,3
DL D UR ul U BS ur,2,13,53,7,3,12,3
DL UR BS D U ul ur,2,13,53,7,3,16,4
DL UR BS D ul U ur,2,13,53,7,3,14,3
DL UR BS U D ul ur,2,13,53,7,3,14,4
DL UR D BS U ul ur,2,13,53,7,3,14,3
DL UR D BS ul U ur,2,13,53,7,3,16,3
DL UR D U BS ul ur,2,13,53,7,3,16,4
DL UR D U ul BS ur,2,13,53,7,3,16,4
DL UR D ul BS U ur,2,13,53,7,3,14,3
DL UR D ul U BS ur,2,13,53,7,3,12,3
DL UR U BS D ul ur,2,13,53,7,3,10,2
DL UR U D BS ul ur,2,13,53,7,3,14,4
DL UR U D ul BS ur,2,13,53,7,3,12,4
UR BS D DL U ul ur,2,13,53,7,3,14,3
UR BS D DL ul U ur,2,13,53,7,3,14,3
UR BS DL D U ul ur,2,13,53,7,3,16,4
UR BS DL D ul U ur,2,13,53,7,3,14,3
UR BS DL U D ul ur,2,13,53,7,3,16,4
UR D BS DL U ul ur,2,13,53,7,3,16,3
UR D BS DL ul U ur,2,13,53,7,3,16,3
UR D DL BS U ul ur,2,13,53,7,3,14,3
UR D DL BS ul U ur,2,13,53,7,3,16,3
UR D DL U BS ul ur,2,13,53,7,3,14,3
UR D DL U ul BS ur,2,13,53,7,3,14,3
UR D DL ul BS U ur,2,13,53,7,3,14,3
UR D DL ul U BS ur,2,13,53,7,3,12,3
UR DL BS D U ul ur,2,13,53,7,3,16,4
UR DL BS D ul U ur,2,13,53,7,3,14,3
UR DL BS U D ul ur,2,13,53,7,3,14,4
UR DL D BS U ul ur,2,13,53,7,3,12,3
UR DL D BS ul U ur,2,13,53,7,3,14,3
UR DL D U BS ul ur,2,13,53,7,3,14,4
UR DL D U ul BS ur,2,13,53,7,3,14,4
UR DL D ul BS U ur,2,13,53,7,3,12,3
UR DL D ul U BS ur,2,13,53,7,3,10,3
UR DL U BS D ul ur,2,13,53,7,3,12,3
UR DL U D BS ul ur,2,13,53,7,3,16,4
UR DL U D ul BS ur,2,13,53,7,3,14,4
BS DL U ul ur D UR,2,14,54,8,3,15,3
BS DL U ul ur UR D,2,14,54,8,3,18,4
BS DL U ul UR ur D,2,14,54,8,3,16,4
BS DL U ur D ul UR,2,14,54,8,3,13,3
BS DL U ur ul D UR,2,14,54,8,3,15,3
BS DL U ur ul UR D,2,14,54,8,3,16,3
BS DL U UR ul ur D,2,14,54,8,3,12,3
BS DL U ur UR ul D,2,14,54,8,3,16,4
BS DL U UR ur ul D,2,14,54,8,3,14,4
BS DL ul U ur D UR,2,14,54,8,3,15,3
BS DL ul U ur UR D,2,14,54,8,3,18,4
BS DL ul U UR ur D,2,14,54,8,3,14,4
BS DL ul ur D U UR,2,14,54,8,3,13,4
BS DL ul ur U D UR,2,14,54,8,3,17,4
BS DL ul ur U UR D,2,14,54,8,3,14,3
BS DL ur D U ul UR,2,14,54,8,3,15,4
BS DL ur D ul U UR,2,14,54,8,3,11,3
BS DL ur U D ul UR,2,14,54,8,3,15,4
BS DL ur U ul D UR,2,14,54,8,3,15,3
BS DL ur U ul UR D,2,14,54,8,3,16,3
BS DL ur U UR ul D,2,14,54,8,3,12,3
BS DL ur ul D U UR,2,14,54,8,3,13,4
BS DL ur ul U D UR,2,14,54,8,3,17,4
BS DL ur ul U UR D,2,14,54,8,3,14,3
BS U DL ul ur D UR,2,14,54,8,3,13,3
BS U DL ul ur UR D,2,14,54,8,3,16,4
BS U DL ul UR ur D,2,14,54,8,3,14,4
BS U DL ur D ul UR,2,14,54,8,3,11,3
BS U DL ur ul D UR,2,14,54,8,3,13,3
BS U DL ur ul UR D,2,14,54,8,3,14,3
BS U DL UR ul ur D,2,14,54,8,3,12,3
BS U DL ur UR ul D,2,14,54,8,3,14,4
BS U DL UR ur ul D,2,14,54,8,3,14,4
BS U ul DL ur D UR,2,14,54,8,3,13,3
BS U ul DL ur UR D,2,14,54,8,3,16,4
BS U ul DL UR ur D,2,14,54,8,3,14,4
BS U ul ur DL D UR,2,14,54,8,3,13,3
BS U ul ur DL UR D,2,14,54,8,3,14,3
BS U ur DL D ul UR,2,14,54,8,3,11,3
BS U ur DL ul D UR,2,14,54,8,3,13,3
BS U ur DL ul UR D,2,14,54,8,3,14,3
BS U ur DL UR ul D,2,14,54,8,3,12,3
BS U ur ul DL D UR,2,14,54,8,3,13,3
BS U ur ul DL UR D,2,14,54,8,3,14,3
BS ul DL U ur D UR,2,14,54,8,3,15,3
BS ul DL U ur UR D,2,14,54,8,3,18,4
BS ul DL U UR ur D,2,14,54,8,3,14,4
BS ul DL ur D U UR,2,14,54,8,3,13,4
BS ul DL ur U D UR,2,14,54,8,3,17,4
BS ul DL ur U UR D,2,14,54,8,3,14,3
BS ul U DL ur D UR,2,14,54,8,3,15,3
BS ul U DL ur UR D,2,14,54,8,3,18,4
BS ul U DL UR ur D,2,14,54,8,3,16,4
BS ul U ur DL D UR,2,14,54,8,3,15,3
BS ul U ur DL UR D,2,14,54,8,3,16,3
BS ul ur DL D U UR,2,14,54,8,3,13,4
BS ul ur DL U D UR,2,14,54,8,3,17,4
BS ul ur DL U UR D,2,14,54,8,3,14,3
BS ul ur U DL D UR,2,14,54,8,3,15,3
BS ul ur U DL UR D,2,14,54,8,3,16,3
BS ur DL D U ul UR,2,14,54,8,3,13,4
BS ur DL D ul U UR,2,14,54,8,3,9,3
BS ur DL U D ul UR,2,14,54,8,3,13,4
BS ur DL U ul D UR,2,14,54,8,3,13,3
BS ur DL U ul UR D,2,14,54,8,3,14,3
BS ur DL U UR ul D,2,14,54,8,3,10,3
BS ur DL ul D U UR,2,14,54,8,3,11,4
BS ur DL ul U D UR,2,14,54,8,3,15,4
BS ur DL ul U UR D,2,14,54,8,3,12,3
BS ur U DL D ul UR,2,14,54,8,3,11,3
BS ur U DL ul D UR,2,14,54,8,3,13,3
BS ur U DL ul UR D,2,14,54,8,3,14,3
BS ur U DL UR ul D,2,14,54,8,3,12,3
BS ur U ul DL D UR,2,14,54,8,3,13,3
BS ur U ul DL UR D,2,14,54,8,3,14,3
BS ur ul DL D U UR,2,14,54,8,3,11,4
BS ur ul DL U D UR,2,14,54,8,3,15,4
BS ur ul DL U UR D,2,14,54,8,3,12,3
BS ur ul U DL D UR,2,14,54,8,3,13,3
BS ur ul U DL UR D,2,14,54,8,3,14,3
DL BS U ul ur D UR,2,14,54,8,3,14,3
DL BS U ul ur UR D,2,14,54,8,3,17,4
DL BS U ul UR ur D,2,14,54,8,3,15,4
DL BS U ur D ul UR,2,14,54,8,3,12,3
DL BS U ur ul D UR,2,14,54,8,3,14,3
DL BS U ur ul UR D,2,14,54,8,3,15,3
DL BS U UR ul ur D,2,14,54,8,3,11,3
DL BS U ur UR ul D,2,14,54,8,3,15,4
DL BS U UR ur ul D,2,14,54,8,3,13,4
DL BS ul U ur D UR,2,14,54,8,3,16,3
DL BS ul U ur UR D,2,14,54,8,3,19,4
DL BS ul U UR ur D,2,14,54,8,3,15,4
DL BS ul ur D U UR,2,14,54,8,3,14,4
DL BS ul ur U D UR,2,14,54,8,3,18,4
DL BS ul ur U UR D,2,14,54,8,3,15,3
DL BS ur D U ul UR,2,14,54,8,3,14,4
DL BS ur D ul U UR,2,14,54,8,3,10,3
DL BS ur U D ul UR,2,14,54,8,3,14,4
DL BS ur U ul D UR,2,14,54,8,3,14,3
DL BS ur U ul UR D,2,14,54,8,3,15,3
DL BS ur U UR ul D,2,14,54,8,3,11,3
DL BS ur ul D U UR,2,14,54,8,3,12,4
DL BS ur ul U D UR,2,14,54,8,3,16,4
DL BS ur ul U UR D,2,14,54,8,3,13,3
DL U BS ul ur D UR,2,14,54,8,3,14,3
DL U BS ul ur UR D,2,14,54,8,3,17,4
DL U BS ul UR ur D,2,14,54,8,3,15,4
DL U BS ur D ul UR,2,14,54,8,3,10,3
DL U BS ur ul D UR,2,14,54,8,3,12,3
DL U BS ur ul UR D,2,14,54,8,3,13,3
DL U BS UR ul ur D,2,14,54,8,3,13,3
DL U BS ur UR ul D,2,14,54,8,3,13,4
DL U BS UR ur ul D,2,14,54,8,3,15,4
DL U ul BS ur D UR,2,14,54,8,3,14,3
DL U ul BS ur UR D,2,14,54,8,3,17,4
DL U ul BS UR ur D,2,14,54,8,3,17,4
DL U ul ur BS D UR,2,14,54,8,3,14,3
DL U ul ur BS UR D,2,14,54,8,3,15,3
DL U ul UR BS ur D,2,14,54,8,3,13,3
DL U ul ur UR BS D,2,14,54,8,3,17,4
DL U ul UR ur BS D,2,14,54,8,3,15,4
DL U ur BS D ul UR,2,14,54,8,3,12,3
DL U ur BS ul D UR,2,14,54,8,3,14,3
DL U ur BS ul UR D,2,14,54,8,3,15,3
DL U UR BS ul ur D,2,14,54,8,3,13,3
DL U ur BS UR ul D,2,14,54,8,3,13,3
DL U UR BS ur ul D,2,14,54,8,3,11,3
DL U ur ul BS D UR,2,14,54,8,3,16,3
DL U ur ul BS UR D,2,14,54,8,3,17,3
DL U UR ul BS ur D,2,14,54,8,3,11,3
DL U ur ul UR BS D,2,14,54,8,3,15,3
DL U UR ul ur BS D,2,14,54,8,3,11,3
DL U ur UR BS ul D,2,14,54,8,3,17,4
DL U UR ur BS ul D,2,14,54,8,3,13,4
DL U ur UR ul BS D,2,14,54,8,3,17,4
DL U UR ur ul BS D,2,14,54,8,3,15,4
DL ul BS U ur D UR,2,14,54,8,3,14,3
DL ul BS U ur UR D,2,14,54,8,3,17,4
DL ul BS U UR ur D,2,14,54,8,3,13,4
DL ul BS ur D U UR,2,14,54,8,3,12,4
DL ul BS ur U D UR,2,14,54,8,3,16,4
DL ul BS ur U UR D,2,14,54,8,3,13,3
DL ul U BS ur D UR,2,14,54,8,3,12,3
DL ul U BS ur UR D,2,14,54,8,3,15,4
DL ul U BS UR ur D,2,14,54,8,3,15,4
DL ul U ur BS D UR,2,14,54,8,3,14,3
DL ul U ur BS UR D,2,14,54,8,3,15,3
DL ul U UR BS ur D,2,14,54,8,3,11,3
DL ul U ur UR BS D,2,14,54,8,3,17,4
DL ul U UR ur BS D,2,14,54,8,3,13,4
DL ul ur BS D U UR,2,14,54,8,3,12,4
DL ul ur BS U D UR,2,14,54,8,3,14,4
DL ul ur BS U UR D,2,14,54,8,3,11,3
DL ul ur U BS D UR,2,14,54,8,3,14,3
DL ul ur U BS UR D,2,14,54,8,3,15,3
DL ul ur U UR BS D,2,14,54,8,3,13,3
DL ur BS D U ul UR,2,14,54,8,3,14,4
DL ur BS D ul U UR,2,14,54,8,3,10,3
DL ur BS U D ul UR,2,14,54,8,3,12,4
DL ur BS U ul D UR,2,14,54,8,3,12,3
DL ur BS U ul UR D,2,14,54,8,3,13,3
DL ur BS U UR ul D,2,14,54,8,3,9,2
DL ur BS ul D U UR,2,14,54,8,3,12,4
DL ur BS ul U D UR,2,14,54,8,3,16,4
DL ur BS ul U UR D,2,14,54,8,3,13,3
DL ur U BS D ul UR,2,14,54,8,3,12,3
DL ur U BS ul D UR,2,14,54,8,3,14,3
DL ur U BS ul UR D,2,14,54,8,3,15,3
DL ur U BS UR ul D,2,14,54,8,3,13,3
DL ur U ul BS D UR,2,14,54,8,3,16,3
DL ur U ul BS UR D,2,14,54,8,3,17,3
DL ur U ul UR BS D,2,14,54,8,3,15,3
DL ur U UR BS ul D,2,14,54,8,3,13,3
DL ur U UR ul BS D,2,14,54,8,3,13,3
DL ur ul BS D U UR,2,14,54,8,3,14,4
DL ur ul BS U D UR,2,14,54,8,3,16,4
DL ur ul BS U UR D,2,14,54,8,3,13,3
DL ur ul U BS D UR,2,14,54,8,3,14,3
DL ur ul U BS UR D,2,14,54,8,3,15,3
DL ur ul U UR BS D,2,14,54,8,3,13,3
U BS DL ul ur D UR,2,14,54,8,3,13,3
U BS DL ul ur UR D,2,14,54,8,3,16,4
U BS DL ul UR ur D,2,14,54,8,3,14,4
U BS DL ur D ul UR,2,14,54,8,3,11,3
U BS DL ur ul D UR,2,14,54,8,3,13,3
U BS DL ur ul UR D,2,14,54,8,3,14,3
U BS DL UR ul ur D,2,14,54,8,3,12,3
U BS DL ur UR ul D,2,14,54,8,3,14,4
U BS DL UR ur ul D,2,14,54,8,3,14,4
U BS ul DL ur D UR,2,14,54,8,3,13,3
U BS ul DL ur UR D,2,14,54,8,3,16,4
U BS ul DL UR ur D,2,14,54,8,3,14,4
U BS ul ur DL D UR,2,14,54,8,3,13,3
U BS ul ur DL UR D,2,14,54,8,3,14,3
U BS ur DL D ul UR,2,14,54,8,3,9,2
U BS ur DL ul D UR,2,14,54,8,3,11,3
U BS ur DL ul UR D,2,14,54,8,3,12,3
U BS ur DL UR ul D,2,14,54,8,3,10,2
U BS ur ul DL D UR,2,14,54,8,3,11,3
U BS ur ul DL UR D,2,14,54,8,3,12,3
U DL BS ul ur D UR,2,14,54,8,3,15,3
U DL BS ul ur UR D,2,14,54,8,3,18,4
U DL BS ul UR ur D,2,14,54,8,3,16,4
U DL BS ur D ul UR,2,14,54,8,3,11,3
U DL BS ur ul D UR,2,14,54,8,3,13,3
U DL BS ur ul UR D,2,14,54,8,3,14,3
U DL BS UR ul ur D,2,14,54,8,3,14,3
U DL BS ur UR ul D,2,14,54,8,3,14,4
U DL BS UR ur ul D,2,14,54,8,3,16,4
U DL ul BS ur D UR,2,14,54,8,3,13,3
U DL ul BS ur UR D,2,14,54,8,3,16,4
U DL ul BS UR ur D,2,14,54,8,3,16,4
U DL ul ur BS D UR,2,14,54,8,3,13,3
U DL ul ur BS UR D,2,14,54,8,3,14,3
U DL ul UR BS ur D,2,14,54,8,3,12,3
U DL ul ur UR BS D,2,14,54,8,3,16,4
U DL ul UR ur BS D,2,14,54,8,3,14,4
U DL ur BS D ul UR,2,14,54,8,3,11,3
U DL ur BS ul D UR,2,14,54,8,3,13,3
U DL ur BS ul UR D,2,14,54,8,3,14,3
U DL UR BS ul ur D,2,14,54,8,3,14,3
U DL ur BS UR ul D,2,14,54,8,3,12,3
U DL UR BS ur ul D,2,14,54,8,3,12,3
U DL ur ul BS D UR,2,14,54,8,3,15,3
U DL ur ul BS UR D,2,14,54,8,3,16,3
U DL UR ul BS ur D,2,14,54,8,3,12,3
U DL ur ul UR BS D,2,14,54,8,3,14,3
U DL UR ul ur BS D,2,14,54,8,3,12,3
U DL ur UR BS ul D,2,14,54,8,3,16,4
U DL UR ur BS ul D,2,14,54,8,3,14,4
U DL ur UR ul BS D,2,14,54,8,3,16,4
U DL UR ur ul BS D,2,14,54,8,3,16,4
U ul BS DL ur D UR,2,14,54,8,3,15,3
U ul BS DL ur UR D,2,14,54,8,3,18,4
U ul BS DL UR ur D,2,14,54,8,3,16,4
U ul BS ur DL D UR,2,14,54,8,3,13,3
U ul BS ur DL UR D,2,14,54,8,3,14,3
U ul DL BS ur D UR,2,14,54,8,3,13,3
U ul DL BS ur UR D,2,14,54,8,3,16,4
U ul DL BS UR ur D,2,14,54,8,3,16,4
U ul DL ur BS D UR,2,14,54,8,3,13,3
U ul DL ur BS UR D,2,14,54,8,3,14,3
U ul DL UR BS ur D,2,14,54,8,3,12,3
U ul DL ur UR BS D,2,14,54,8,3,16,4
U ul DL UR ur BS D,2,14,54,8,3,14,4
U ul ur BS DL D UR,2,14,54,8,3,13,3
U ul ur BS DL UR D,2,14,54,8,3,14,3
U ul ur DL BS D UR,2,14,54,8,3,15,3
U ul ur DL BS UR D,2,14,54,8,3,16,3
U ul ur DL UR BS D,2,14,54,8,3,14,3
U ur BS DL D ul UR,2,14,54,8,3,11,3
U ur BS DL ul D UR,2,14,54,8,3,13,3
U ur BS DL ul UR D,2,14,54,8,3,14,3
U ur BS DL UR ul D,2,14,54,8,3,12,3
U ur BS ul DL D UR,2,14,54,8,3,13,3
U ur BS ul DL UR D,2,14,54,8,3,14,3
U ur DL BS D ul UR,2,14,54,8,3,13,3
U ur DL BS ul D UR,2,14,54,8,3,15,3
U ur DL BS ul UR D,2,14,54,8,3,16,3
U ur DL BS UR ul D,2,14,54,8,3,14,3
U ur DL ul BS D UR,2,14,54,8,3,15,3
U ur DL ul BS UR D,2,14,54,8,3,16,3
U ur DL ul UR BS D,2,14,54,8,3,14,3
U ur DL UR BS ul D,2,14,54,8,3,14,3
U ur DL UR ul BS D,2,14,54,8,3,14,3
U ur ul BS DL D UR,2,14,54,8,3,15,3
U ur ul BS DL UR D,2,14,54,8,3,16,3
U ur ul DL BS D UR,2,14,54,8,3,15,3
U ur ul DL BS UR D,2,14,54,8,3,16,3
U ur ul DL UR BS D,2,14,54,8,3,14,3
ul BS DL U ur D UR,2,14,54,8,3,16,3
ul BS DL U ur UR D,2,14,54,8,3,19,4
ul BS DL U UR ur D,2,14,54,8,3,15,4
ul BS DL ur D U UR,2,14,54,8,3,14,4
ul BS DL ur U D UR,2,14,54,8,3,18,4
ul BS DL ur U UR D,2,14,54,8,3,15,3
ul BS U DL ur D UR,2,14,54,8,3,14,3
ul BS U DL ur UR D,2,14,54,8,3,17,4
ul BS U DL UR ur D,2,14,54,8,3,15,4
ul BS U ur DL D UR,2,14,54,8,3,14,3
ul BS U ur DL UR D,2,14,54,8,3,15,3
ul BS ur DL D U UR,2,14,54,8,3,12,4
ul BS ur DL U D UR,2,14,54,8,3,16,4
ul BS ur DL U UR D,2,14,54,8,3,13,3
ul BS ur U DL D UR,2,14,54,8,3,14,3
ul BS ur U DL UR D,2,14,54,8,3,15,3
ul DL BS U ur D UR,2,14,54,8,3,14,3
ul DL BS U ur UR D,2,14,54,8,3,17,4
ul DL BS U UR ur D,2,14,54,8,3,13,4
ul DL BS ur D U UR,2,14,54,8,3,12,4
ul DL BS ur U D UR,2,14,54,8,3,16,4
ul DL BS ur U UR D,2,14,54,8,3,13,3
ul DL U BS ur D UR,2,14,54,8,3,12,3
ul DL U BS ur UR D,2,14,54,8,3,15,4
ul DL U BS UR ur D,2,14,54,8,3,15,4
ul DL U ur BS D UR,2,14,54,8,3,14,3
ul DL U ur BS UR D,2,14,54,8,3,15,3
ul DL U UR BS ur D,2,14,54,8,3,11,3
ul DL U ur UR BS D,2,14,54,8,3,17,4
ul DL U UR ur BS D,2,14,54,8,3,13,4
ul DL ur BS D U UR,2,14,54,8,3,12,4
ul DL ur BS U D UR,2,14,54,8,3,14,4
ul DL ur BS U UR D,2,14,54,8,3,11,3
ul DL ur U BS D UR,2,14,54,8,3,14,3
ul DL ur U BS UR D,2,14,54,8,3,15,3
ul DL ur U UR BS D,2,14,54,8,3,13,3
ul U BS DL ur D UR,2,14,54,8,3,14,3
ul U BS DL ur UR D,2,14,54,8,3,17,4
ul U BS DL UR ur D,2,14,54,8,3,15,4
ul U BS ur DL D UR,2,14,54,8,3,12,3
ul U BS ur DL UR D,2,14,54,8,3,13,3
ul U DL BS ur D UR,2,14,54,8,3,14,3
ul U DL BS ur UR D,2,14,54,8,3,17,4
ul U DL BS UR ur D,2,14,54,8,3,17,4
ul U DL ur BS D UR,2,14,54,8,3,14,3
ul U DL ur BS UR D,2,14,54,8,3,15,3
ul U DL UR BS ur D,2,14,54,8,3,13,3
ul U DL ur UR BS D,2,14,54,8,3,17,4
ul U DL UR ur BS D,2,14,54,8,3,15,4
ul U ur BS DL D UR,2,14,54,8,3,14,3
ul U ur BS DL UR D,2,14,54,8,3,15,3
ul U ur DL BS D UR,2,14,54,8,3,16,3
ul U ur DL BS UR D,2,14,54,8,3,17,3
ul U ur DL UR BS D,2,14,54,8,3,15,3
ul ur BS DL D U UR,2,14,54,8,3,12,4
ul ur BS DL U D UR,2,14,54,8,3,16,4
ul ur BS DL U UR D,2,14,54,8,3,13,3
ul ur BS U DL D UR,2,14,54,8,3,12,3
ul ur BS U DL UR D,2,14,54,8,3,13,3
ul ur DL BS D U UR,2,14,54,8,3,14,4
ul ur DL BS U D UR,2,14,54,8,3,16,4
ul ur DL BS U UR D,2,14,54,8,3,13,3
ul ur DL U BS D UR,2,14,54,8,3,14,3
ul ur DL U BS UR D,2,14,54,8,3,15,3
ul ur DL U UR BS D,2,14,54,8,3,13,3
ul ur U BS DL D UR,2,14,54,8,3,14,3
ul ur U BS DL UR D,2,14,54,8,3,15,3
ul ur U DL BS D UR,2,14,54,8,3,16,3
ul ur U DL BS UR D,2,14,54,8,3,17,3
ul ur U DL UR BS D,2,14,54,8,3,15,3
ur BS DL D U ul UR,2,14,54,8,3,14,4
ur BS DL D ul U UR,2,14,54,8,3,10,3
ur BS DL U D ul UR,2,14,54,8,3,14,4
ur BS DL U ul D UR,2,14,54,8,3,14,3
ur BS DL U ul UR D,2,14,54,8,3,15,3
ur BS DL U UR ul D,2,14,54,8,3,11,3
ur BS DL ul D U UR,2,14,54,8,3,12,4
ur BS DL ul U D UR,2,14,54,8,3,16,4
ur BS DL ul U UR D,2,14,54,8,3,13,3
ur BS U DL D ul UR,2,14,54,8,3,10,3
ur BS U DL ul D UR,2,14,54,8,3,12,3
ur BS U DL ul UR D,2,14,54,8,3,13,3
ur BS U DL UR ul D,2,14,54,8,3,11,3
ur BS U ul DL D UR,2,14,54,8,3,12,3
ur BS U ul DL UR D,2,14,54,8,3,13,3
ur BS ul DL D U UR,2,14,54,8,3,12,4
ur BS ul DL U D UR,2,14,54,8,3,16,4
ur BS ul DL U UR D,2,14,54,8,3,13,3
ur BS ul U DL D UR,2,14,54,8,3,14,3
ur BS ul U DL UR D,2,14,54,8,3,15,3
ur DL BS D U ul UR,2,14,54,8,3,16,4
ur DL BS D ul U UR,2,14,54,8,3,12,3
ur DL BS U D ul UR,2,14,54,8,3,14,4
ur DL BS U ul D UR,2,14,54,8,3,14,3
ur DL BS U ul UR D,2,14,54,8,3,15,3
ur DL BS U UR ul D,2,14,54,8,3,11,3
ur DL BS ul D U UR,2,14,54,8,3,14,4
ur DL BS ul U D UR,2,14,54,8,3,18,4
ur DL BS ul U UR D,2,14,54,8,3,15,3
ur DL U BS D ul UR,2,14,54,8,3,12,3
ur DL U BS ul D UR,2,14,54,8,3,14,3
ur DL U BS ul UR D,2,14,54,8,3,15,3
ur DL U BS UR ul D,2,14,54,8,3,13,3
ur DL U ul BS D UR,2,14,54,8,3,16,3
ur DL U ul BS UR D,2,14,54,8,3,17,3
ur DL U ul UR BS D,2,14,54,8,3,15,3
ur DL U UR BS ul D,2,14,54,8,3,13,3
ur DL U UR ul BS D,2,14,54,8,3,13,3
ur DL ul BS D U UR,2,14,54,8,3,14,4
ur DL ul BS U D UR,2,14,54,8,3,16,4
ur DL ul BS U UR D,2,14,54,8,3,13,3
ur DL ul U BS D UR,2,14,54,8,3,14,3
ur DL ul U BS UR D,2,14,54,8,3,15,3
ur DL ul U UR BS D,2,14,54,8,3,13,3
ur U BS DL D ul UR,2,14,54,8,3,12,3
ur U BS DL ul D UR,2,14,54,8,3,14,3
ur U BS DL ul UR D,2,14,54,8,3,15,3
ur U BS DL UR ul D,2,14,54,8,3,13,3
ur U BS ul DL D UR,2,14,54,8,3,14,3
ur U BS ul DL UR D,2,14,54,8,3,15,3
ur U DL BS D ul UR,2,14,54,8,3,14,3
ur U DL BS ul D UR,2,14,54,8,3,16,3
ur U DL BS ul UR D,2,14,54,8,3,17,3
ur U DL BS UR ul D,2,14,54,8,3,15,3
ur U DL ul BS D UR,2,14,54,8,3,16,3
ur U DL ul BS UR D,2,14,54,8,3,17,3
ur U DL ul UR BS D,2,14,54,8,3,15,3
ur U DL UR BS ul D,2,14,54,8,3,15,3
ur U DL UR ul BS D,2,14,54,8,3,15,3
ur U ul BS DL D UR,2,14,54,8,3,16,3
ur U ul BS DL UR D,2,14,54,8,3,17,3
ur U ul DL BS D UR,2,14,54,8,3,16,3
ur U ul DL BS UR D,2,14,54,8,3,17,3
ur U ul DL UR BS D,2,14,54,8,3,15,3
ur ul BS DL D U UR,2,14,54,8,3,14,4
ur ul BS DL U D UR,2,14,54,8,3,18,4
ur ul BS DL U UR D,2,14,54,8,3,15,3
ur ul BS U DL D UR,2,14,54,8,3,14,3
ur ul BS U DL UR D,2,14,54,8,3,15,3
ur ul DL BS D U UR,2,14,54,8,3,14,4
ur ul DL BS U D UR,2,14,54,8,3,16,4
ur ul DL BS U UR D,2,14,54,8,3,13,3
ur ul DL U BS D UR,2,14,54,8,3,14,3
ur ul DL U BS UR D,2,14,54,8,3,15,3
ur ul DL U UR BS D,2,14,54,8,3,13,3
ur ul U BS DL D UR,2,14,54,8,3,14,3
ur ul U BS DL UR D,2,14,54,8,3,15,3
ur ul U DL BS D UR,2,14,54,8,3,16,3
ur ul U DL BS UR D,2,14,54,8,3,17,3
ur ul U DL UR BS D,2,14,54,8,3,15,3
BS ul UR U DL ur D,2,14,55,7,3,12,3
BS ul UR U ur DL D,2,14,55,7,3,12,3
BS ul ur UR U DL D,2,14,55,7,3,14,4
BS ul UR ur U DL D,2,14,55,7,3,16,4
BS UR U DL ul ur D,2,14,55,7,3,12,3
BS UR U DL ur ul D,2,14,55,7,3,12,3
BS UR U ul DL ur D,2,14,55,7,3,12,3
BS UR U ul ur DL D,2,14,55,7,3,12,3
BS UR U ur DL ul D,2,14,55,7,3,12,3
BS UR U ur ul DL D,2,14,55,7,3,12,3
BS UR ul U DL ur D,2,14,55,7,3,14,3
BS UR ul U ur DL D,2,14,55,7,3,14,3
BS ur ul UR U DL D,2,14,55,7,3,10,3
BS UR ul ur U DL D,2,14,55,7,3,14,3
BS ur UR U DL ul D,2,14,55,7,3,12,4
BS UR ur U DL ul D,2,14,55,7,3,16,4
BS ur UR U ul DL D,2,14,55,7,3,12,4
BS UR ur U ul DL D,2,14,55,7,3,16,4
BS ur UR ul U DL D,2,14,55,7,3,14,4
BS UR ur ul U DL D,2,14,55,7,3,16,4
D DL UR U ul ur BS,2,14,55,7,3,10,3
D DL UR U ur ul BS,2,14,55,7,3,12,3
D DL UR ul U ur BS,2,14,55,7,3,12,3
D DL UR ul ur U BS,2,14,55,7,3,12,3
D DL ur UR U ul BS,2,14,55,7,3,14,4
D DL UR ur U ul BS,2,14,55,7,3,16,4
D DL ur UR ul U BS,2,14,55,7,3,14,4
D DL UR ur ul U BS,2,14,55,7,3,14,4
D UR DL U ul ur BS,2,14,55,7,3,14,3
D UR DL U ur ul BS,2,14,55,7,3,16,3
D UR DL ul U ur BS,2,14,55,7,3,14,3
D UR DL ul ur U BS,2,14,55,7,3,14,3
D ur DL UR U ul BS,2,14,55,7,3,12,3
D UR DL ur U ul BS,2,14,55,7,3,16,3
D ur DL UR ul U BS,2,14,55,7,3,12,3
D UR DL ur ul U BS,2,14,55,7,3,14,3
D ur UR DL U ul BS,2,14,55,7,3,16,4
D UR ur DL U ul BS,2,14,55,7,3,18,4
D ur UR DL ul U BS,2,14,55,7,3,14,4
D UR ur DL ul U BS,2,14,55,7,3,16,4
DL D UR U ul ur BS,2,14,55,7,3,11,3
DL D UR U ur ul BS,2,14,55,7,3,13,3
DL D UR ul U ur BS,2,14,55,7,3,13,3
DL D UR ul ur U BS,2,14,55,7,3,13,3
DL D ur UR U ul BS,2,14,55,7,3,13,4
DL D UR ur U ul BS,2,14,55,7,3,17,4
DL D ur UR ul U BS,2,14,55,7,3,13,4
DL D UR ur ul U BS,2,14,55,7,3,15,4
DL UR D U ul ur BS,2,14,55,7,3,15,4
DL UR D U ur ul BS,2,14,55,7,3,17,4
DL UR D ul U ur BS,2,14,55,7,3,13,3
DL UR D ul ur U BS,2,14,55,7,3,13,3
DL ur D UR U ul BS,2,14,55,7,3,13,3
DL UR D ur U ul BS,2,14,55,7,3,15,3
DL ur D UR ul U BS,2,14,55,7,3,13,3
DL UR D ur ul U BS,2,14,55,7,3,13,3
DL UR U D ul ur BS,2,14,55,7,3,11,4
DL UR U D ur ul BS,2,14,55,7,3,13,4
DL UR U ur D ul BS,2,14,55,7,3,11,3
DL ur UR D U ul BS,2,14,55,7,3,19,4
DL UR ur D U ul BS,2,14,55,7,3,17,4
DL ur UR D ul U BS,2,14,55,7,3,15,4
DL UR ur D ul U BS,2,14,55,7,3,13,4
DL ur UR U D ul BS,2,14,55,7,3,15,4
DL UR ur U D ul BS,2,14,55,7,3,17,4
ul BS UR U DL ur D,2,14,55,7,3,13,3
ul BS UR U ur DL D,2,14,55,7,3,13,3
ul BS ur UR U DL D,2,14,55,7,3,13,4
ul BS UR ur U DL D,2,14,55,7,3,17,4
ul UR BS U DL ur D,2,14,55,7,3,13,3
ul UR BS U ur DL D,2,14,55,7,3,13,3
ul ur BS UR U DL D,2,14,55,7,3,11,3
ul UR BS ur U DL D,2,14,55,7,3,13,3
ul ur UR BS U DL D,2,14,55,7,3,15,4
ul UR ur BS U DL D,2,14,55,7,3,13,4
UR BS U DL ul ur D,2,14,55,7,3,13,3
UR BS U DL ur ul D,2,14,55,7,3,13,3
UR BS U ul DL ur D,2,14,55,7,3,13,3
UR BS U ul ur DL D,2,14,55,7,3,13,3
UR BS U ur DL ul D,2,14,55,7,3,13,3
UR BS U ur ul DL D,2,14,55,7,3,13,3
UR BS ul U DL ur D,2,14,55,7,3,15,3
UR BS ul U ur DL D,2,14,55,7,3,15,3
ur BS ul UR U DL D,2,14,55,7,3,11,3
UR BS ul ur U DL D,2,14,55,7,3,15,3
ur BS UR U DL ul D,2,14,55,7,3,11,3
UR BS ur U DL ul D,2,14,55,7,3,13,3
ur BS UR U ul DL D,2,14,55,7,3,11,3
UR BS ur U ul DL D,2,14,55,7,3,13,3
ur BS UR ul U DL D,2,14,55,7,3,13,3
UR BS ur ul U DL D,2,14,55,7,3,13,3
UR D DL U ul ur BS,2,14,55,7,3,13,3
UR D DL U ur ul BS,2,14,55,7,3,15,3
UR D DL ul U ur BS,2,14,55,7,3,13,3
UR D DL ul ur U BS,2,14,55,7,3,13,3
ur D DL UR U ul BS,2,14,55,7,3,11,3
UR D DL ur U ul BS,2,14,55,7,3,15,3
ur D DL UR ul U BS,2,14,55,7,3,11,3
UR D DL ur ul U BS,2,14,55,7,3,13,3
ur D UR DL U ul BS,2,14,55,7,3,15,3
UR D ur DL U ul BS,2,14,55,7,3,15,3
ur D UR DL ul U BS,2,14,55,7,3,13,3
UR D ur DL ul U BS,2,14,55,7,3,13,3
UR DL D U ul ur BS,2,14,55,7,3,13,4
UR DL D U ur ul BS,2,14,55,7,3,15,4
UR DL D ul U ur BS,2,14,55,7,3,11,3
UR DL D ul ur U BS,2,14,55,7,3,11,3
ur DL D UR U ul BS,2,14,55,7,3,13,3
UR DL D ur U ul BS,2,14,55,7,3,13,3
ur DL D UR ul U BS,2,14,55,7,3,13,3
UR DL D ur ul U BS,2,14,55,7,3,11,3
UR DL U D ul ur BS,2,14,55,7,3,13,4
UR DL U D ur ul BS,2,14,55,7,3,15,4
UR DL U ur D ul BS,2,14,55,7,3,13,3
ur DL UR D U ul BS,2,14,55,7,3,17,4
UR DL ur D U ul BS,2,14,55,7,3,15,4
ur DL UR D ul U BS,2,14,55,7,3,13,3
UR DL ur D ul U BS,2,14,55,7,3,11,3
ur DL UR U D ul BS,2,14,55,7,3,13,4
UR DL ur U D ul BS,2,14,55,7,3,15,4
UR ul BS U DL ur D,2,14,55,7,3,13,3
UR ul BS U ur DL D,2,14,55,7,3,13,3
ur ul BS UR U DL D,2,14,55,7,3,13,3
UR ul BS ur U DL D,2,14,55,7,3,13,3
ur ul UR BS U DL D,2,14,55,7,3,13,3
UR ul ur BS U DL D,2,14,55,7,3,11,3
ur UR BS U DL ul D,2,14,55,7,3,15,4
UR ur BS U DL ul D,2,14,55,7,3,13,4
ur UR BS U ul DL D,2,14,55,7,3,15,4
UR ur BS U ul DL D,2,14,55,7,3,13,4
ur UR BS ul U DL D,2,14,55,7,3,17,4
UR ur BS ul U DL D,2,14,55,7,3,15,4
ur UR D DL U ul BS,2,14,55,7,3,17,4
UR ur D DL U ul BS,2,14,55,7,3,15,4
ur UR D DL ul U BS,2,14,55,7,3,15,4
UR ur D DL ul U BS,2,14,55,7,3,13,4
ur UR DL D U ul BS,2,14,55,7,3,17,4
UR ur DL D U ul BS,2,14,55,7,3,17,4
ur UR DL D ul U BS,2,14,55,7,3,13,4
UR ur DL D ul U BS,2,14,55,7,3,13,4
ur UR DL U D ul BS,2,14,55,7,3,17,4
UR ur DL U D ul BS,2,14,55,7,3,17,4
ur UR ul BS U DL D,2,14,55,7,3,15,4
UR ur ul BS U DL D,2,14,55,7,3,15,4
BS D DL ul ur UR U,2,14,56,8,3,12,4
BS D DL ul UR ur U,2,14,56,8,3,14,4
BS D DL ur ul UR U,2,14,56,8,3,10,2
BS D ul DL ur UR U,2,14,56,8,3,12,4
BS D ul DL UR ur U,2,14,56,8,3,14,4
BS DL D ul ur UR U,2,14,56,8,3,12,4
BS DL D ul UR ur U,2,14,56,8,3,14,4
BS DL D ur ul UR U,2,14,56,8,3,10,3
BS DL ul D ur UR U,2,14,56,8,3,12,4
BS DL ul D UR ur U,2,14,56,8,3,16,4
BS ul D DL ur UR U,2,14,56,8,3,12,4
BS ul D DL UR ur U,2,14,56,8,3,14,4
BS ul DL D ur UR U,2,14,56,8,3,12,4
BS ul DL D UR ur U,2,14,56,8,3,16,4
D BS DL ul ur UR U,2,14,56,8,3,14,4
D BS DL ul UR ur U,2,14,56,8,3,16,4
D BS DL ur ul UR U,2,14,56,8,3,12,3
D BS ul DL ur UR U,2,14,56,8,3,14,4
D BS ul DL UR ur U,2,14,56,8,3,16,4
D DL BS ul ur UR U,2,14,56,8,3,14,4
D DL BS ul UR ur U,2,14,56,8,3,16,4
D DL BS ur ul UR U,2,14,56,8,3,10,3
D DL ul BS ur UR U,2,14,56,8,3,12,4
D DL ul BS UR ur U,2,14,56,8,3,16,4
D DL ul ur BS UR U,2,14,56,8,3,10,3
D DL ul UR BS ur U,2,14,56,8,3,12,3
D DL ul ur UR BS U,2,14,56,8,3,14,4
D DL ul UR ur BS U,2,14,56,8,3,12,4
D DL ur BS ul UR U,2,14,56,8,3,10,3
D DL ur ul BS UR U,2,14,56,8,3,12,3
D DL ur ul UR BS U,2,14,56,8,3,12,3
D ul BS DL ur UR U,2,14,56,8,3,14,4
D ul BS DL UR ur U,2,14,56,8,3,16,4
D ul DL BS ur UR U,2,14,56,8,3,12,4
D ul DL BS UR ur U,2,14,56,8,3,16,4
D ul DL ur BS UR U,2,14,56,8,3,10,3
D ul DL UR BS ur U,2,14,56,8,3,12,3
D ul DL ur UR BS U,2,14,56,8,3,14,4
D ul DL UR ur BS U,2,14,56,8,3,12,4
D ul ur DL BS UR U,2,14,56,8,3,12,3
D ul ur DL UR BS U,2,14,56,8,3,12,3
D ur DL BS ul UR U,2,14,56,8,3,12,3
D ur DL ul BS UR U,2,14,56,8,3,12,3
D ur DL ul UR BS U,2,14,56,8,3,12,3
D ur ul DL BS UR U,2,14,56,8,3,12,3
D ur ul DL UR BS U,2,14,56,8,3,12,3
DL BS D ul ur UR U,2,14,56,8,3,13,4
DL BS D ul UR ur U,2,14,56,8,3,15,4
DL BS D ur ul UR U,2,14,56,8,3,11,3
DL BS ul D ur UR U,2,14,56,8,3,13,4
DL BS ul D UR ur U,2,14,56,8,3,17,4
DL D BS ul ur UR U,2,14,56,8,3,13,4
DL D BS ul UR ur U,2,14,56,8,3,15,4
DL D BS ur ul UR U,2,14,56,8,3,9,2
DL D ul BS ur UR U,2,14,56,8,3,11,4
DL D ul BS UR ur U,2,14,56,8,3,15,4
DL D ul ur BS UR U,2,14,56,8,3,9,3
DL D ul UR BS ur U,2,14,56,8,3,11,3
DL D ul ur UR BS U,2,14,56,8,3,13,4
DL D ul UR ur BS U,2,14,56,8,3,11,4
DL D ur BS ul UR U,2,14,56,8,3,9,3
DL D ur ul BS UR U,2,14,56,8,3,11,3
DL D ur ul UR BS U,2,14,56,8,3,11,3
DL ul BS D ur UR U,2,14,56,8,3,13,4
DL ul BS D UR ur U,2,14,56,8,3,17,4
DL ul D BS ur UR U,2,14,56,8,3,11,4
DL ul D BS UR ur U,2,14,56,8,3,15,4
DL ul D ur BS UR U,2,14,56,8,3,9,3
DL ul D UR BS ur U,2,14,56,8,3,13,3
DL ul D ur UR BS U,2,14,56,8,3,13,4
DL ul D UR ur BS U,2,14,56,8,3,13,4
DL ul ur D BS UR U,2,14,56,8,3,11,3
DL ul ur D UR BS U,2,14,56,8,3,13,3
DL ur D BS ul UR U,2,14,56,8,3,11,3
DL ur D ul BS UR U,2,14,56,8,3,11,3
DL ur D ul UR BS U,2,14,56,8,3,11,3
DL ur ul D BS UR U,2,14,56,8,3,11,3
DL ur ul D UR BS U,2,14,56,8,3,13,3
ul BS D DL ur UR U,2,14,56,8,3,13,4
ul BS D DL UR ur U,2,14,56,8,3,15,4
ul BS DL D ur UR U,2,14,56,8,3,13,4
ul BS DL D UR ur U,2,14,56,8,3,17,4
ul D BS DL ur UR U,2,14,56,8,3,13,4
ul D BS DL UR ur U,2,14,56,8,3,15,4
ul D DL BS ur UR U,2,14,56,8,3,11,4
ul D DL BS UR ur U,2,14,56,8,3,15,4
ul D DL ur BS UR U,2,14,56,8,3,9,3
ul D DL UR BS ur U,2,14,56,8,3,11,3
ul D DL ur UR BS U,2,14,56,8,3,13,4
ul D DL UR ur BS U,2,14,56,8,3,11,4
ul D ur DL BS UR U,2,14,56,8,3,11,3
ul D ur DL UR BS U,2,14,56,8,3,11,3
ul DL BS D ur UR U,2,14,56,8,3,13,4
ul DL BS D UR ur U,2,14,56,8,3,17,4
ul DL D BS ur UR U,2,14,56,8,3,11,4
ul DL D BS UR ur U,2,14,56,8,3,15,4
ul DL D ur BS UR U,2,14,56,8,3,9,3
ul DL D UR BS ur U,2,14,56,8,3,13,3
ul DL D ur UR BS U,2,14,56,8,3,13,4
ul DL D UR ur BS U,2,14,56,8,3,13,4
ul DL ur D BS UR U,2,14,56,8,3,11,3
ul DL ur D UR BS U,2,14,56,8,3,13,3
ul ur D DL BS UR U,2,14,56,8,3,11,3
ul ur D DL UR BS U,2,14,56,8,3,11,3
ul ur DL D BS UR U,2,14,56,8,3,11,3
ul ur DL D UR BS U,2,14,56,8,3,13,3
ur D DL BS ul UR U,2,14,56,8,3,11,3
ur D DL ul BS UR U,2,14,56,8,3,11,3
ur D DL ul UR BS U,2,14,56,8,3,11,3
ur D ul DL BS UR U,2,14,56,8,3,11,3
ur D ul DL UR BS U,2,14,56,8,3,11,3
ur DL D BS ul UR U,2,14,56,8,3,11,3
ur DL D ul BS UR U,2,14,56,8,3,11,3
ur DL D ul UR BS U,2,14,56,8,3,11,3
ur DL ul D BS UR U,2,14,56,8,3,11,3
ur DL ul D UR BS U,2,14,56,8,3,13,3
ur ul D DL BS UR U,2,14,56,8,3,11,3
ur ul D DL UR BS U,2,14,56,8,3,11,3
ur ul DL D BS UR U,2,14,56,8,3,11,3
ur ul DL D UR BS U,2,14,56,8,3,13,3
BS D DL UR U ur ul,2,14,57,7,3,11,3
BS D DL ur UR U ul,2,14,57,7,3,13,4
BS D DL UR ur U ul,2,14,57,7,3,15,4
BS D UR DL U ur ul,2,14,57,7,3,15,3
BS D UR DL ur U ul,2,14,57,7,3,15,3
BS DL D UR U ur ul,2,14,57,7,3,13,3
BS DL D ur UR U ul,2,14,57,7,3,13,4
BS DL D UR ur U ul,2,14,57,7,3,17,4
BS DL UR D U ur ul,2,14,57,7,3,17,4
BS DL UR D ur U ul,2,14,57,7,3,15,3
BS DL UR U D ur ul,2,14,57,7,3,13,4
BS UR D DL U ur ul,2,14,57,7,3,15,3
BS UR D DL ur U ul,2,14,57,7,3,15,3
BS UR DL D U ur ul,2,14,57,7,3,15,4
BS UR DL D ur U ul,2,14,57,7,3,13,3
BS UR DL U D ur ul,2,14,57,7,3,15,4
D BS DL UR U ur ul,2,14,57,7,3,13,3
D BS DL ur UR U ul,2,14,57,7,3,15,4
D BS DL UR ur U ul,2,14,57,7,3,17,4
D BS UR DL U ur ul,2,14,57,7,3,15,3
D BS UR DL ur U ul,2,14,57,7,3,15,3
D DL BS UR U ur ul,2,14,57,7,3,13,3
D DL BS ur UR U ul,2,14,57,7,3,13,4
D DL BS UR ur U ul,2,14,57,7,3,17,4
D DL UR BS U ur ul,2,14,57,7,3,13,3
D DL ur BS UR U ul,2,14,57,7,3,11,3
D DL UR BS ur U ul,2,14,57,7,3,13,3
D DL UR U BS ur ul,2,14,57,7,3,9,2
D DL UR U ur BS ul,2,14,57,7,3,11,3
D DL ur UR BS U ul,2,14,57,7,3,15,4
D DL UR ur BS U ul,2,14,57,7,3,13,4
D DL ur UR U BS ul,2,14,57,7,3,13,4
D DL UR ur U BS ul,2,14,57,7,3,15,4
D UR BS DL U ur ul,2,14,57,7,3,17,3
D UR BS DL ur U ul,2,14,57,7,3,17,3
D UR DL BS U ur ul,2,14,57,7,3,15,3
D ur DL BS UR U ul,2,14,57,7,3,13,3
D UR DL BS ur U ul,2,14,57,7,3,15,3
D UR DL U BS ur ul,2,14,57,7,3,13,3
D UR DL U ur BS ul,2,14,57,7,3,15,3
D ur DL UR BS U ul,2,14,57,7,3,13,3
D UR DL ur BS U ul,2,14,57,7,3,13,3
D ur DL UR U BS ul,2,14,57,7,3,11,3
D UR DL ur U BS ul,2,14,57,7,3,15,3
D ur UR DL BS U ul,2,14,57,7,3,15,4
D UR ur DL BS U ul,2,14,57,7,3,17,4
D ur UR DL U BS ul,2,14,57,7,3,15,4
D UR ur DL U BS ul,2,14,57,7,3,17,4
DL BS D UR U ur ul,2,14,57,7,3,14,3
DL BS D ur UR U ul,2,14,57,7,3,14,4
DL BS D UR ur U ul,2,14,57,7,3,18,4
DL BS UR D U ur ul,2,14,57,7,3,18,4
DL BS UR D ur U ul,2,14,57,7,3,16,3
DL BS UR U D ur ul,2,14,57,7,3,14,4
DL D BS UR U ur ul,2,14,57,7,3,12,3
DL D BS ur UR U ul,2,14,57,7,3,12,4
DL D BS UR ur U ul,2,14,57,7,3,16,4
DL D UR BS U ur ul,2,14,57,7,3,14,3
DL D ur BS UR U ul,2,14,57,7,3,10,3
DL D UR BS ur U ul,2,14,57,7,3,14,3
DL D UR U BS ur ul,2,14,57,7,3,10,3
DL D UR U ur BS ul,2,14,57,7,3,12,3
DL D ur UR BS U ul,2,14,57,7,3,14,4
DL D UR ur BS U ul,2,14,57,7,3,14,4
DL D ur UR U BS ul,2,14,57,7,3,12,4
DL D UR ur U BS ul,2,14,57,7,3,16,4
DL UR BS D U ur ul,2,14,57,7,3,16,4
DL UR BS D ur U ul,2,14,57,7,3,14,3
DL UR BS U D ur ul,2,14,57,7,3,14,4
DL UR D BS U ur ul,2,14,57,7,3,14,3
DL ur D BS UR U ul,2,14,57,7,3,12,3
DL UR D BS ur U ul,2,14,57,7,3,14,3
DL UR D U BS ur ul,2,14,57,7,3,14,4
DL UR D U ur BS ul,2,14,57,7,3,16,4
DL ur D UR BS U ul,2,14,57,7,3,14,3
DL UR D ur BS U ul,2,14,57,7,3,12,3
DL ur D UR U BS ul,2,14,57,7,3,12,3
DL UR D ur U BS ul,2,14,57,7,3,14,3
DL UR U BS D ur ul,2,14,57,7,3,10,2
DL UR U D BS ur ul,2,14,57,7,3,12,4
DL UR U D ur BS ul,2,14,57,7,3,12,4
DL UR U ur D BS ul,2,14,57,7,3,12,3
DL ur UR D BS U ul,2,14,57,7,3,16,4
DL UR ur D BS U ul,2,14,57,7,3,14,4
DL ur UR D U BS ul,2,14,57,7,3,18,4
DL UR ur D U BS ul,2,14,57,7,3,16,4
DL ur UR U D BS ul,2,14,57,7,3,16,4
DL UR ur U D BS ul,2,14,57,7,3,18,4
UR BS D DL U ur ul,2,14,57,7,3,14,3
UR BS D DL ur U ul,2,14,57,7,3,14,3
UR BS DL D U ur ul,2,14,57,7,3,16,4
UR BS DL D ur U ul,2,14,57,7,3,14,3
UR BS DL U D ur ul,2,14,57,7,3,16,4
UR D BS DL U ur ul,2,14,57,7,3,16,3
UR D BS DL ur U ul,2,14,57,7,3,16,3
UR D DL BS U ur ul,2,14,57,7,3,14,3
ur D DL BS UR U ul,2,14,57,7,3,12,3
UR D DL BS ur U ul,2,14,57,7,3,14,3
UR D DL U BS ur ul,2,14,57,7,3,12,3
UR D DL U ur BS ul,2,14,57,7,3,14,3
ur D DL UR BS U ul,2,14,57,7,3,12,3
UR D DL ur BS U ul,2,14,57,7,3,12,3
ur D DL UR U BS ul,2,14,57,7,3,10,3
UR D DL ur U BS ul,2,14,57,7,3,14,3
ur D UR DL BS U ul,2,14,57,7,3,14,3
UR D ur DL BS U ul,2,14,57,7,3,14,3
ur D UR DL U BS ul,2,14,57,7,3,14,3
UR D ur DL U BS ul,2,14,57,7,3,14,3
UR DL BS D U ur ul,2,14,57,7,3,16,4
UR DL BS D ur U ul,2,14,57,7,3,14,3
UR DL BS U D ur ul,2,14,57,7,3,14,4
UR DL D BS U ur ul,2,14,57,7,3,12,3
ur DL D BS UR U ul,2,14,57,7,3,12,3
UR DL D BS ur U ul,2,14,57,7,3,12,3
UR DL D U BS ur ul,2,14,57,7,3,12,4
UR DL D U ur BS ul,2,14,57,7,3,14,4
ur DL D UR BS U ul,2,14,57,7,3,14,3
UR DL D ur BS U ul,2,14,57,7,3,10,3
ur DL D UR U BS ul,2,14,57,7,3,12,3
UR DL D ur U BS ul,2,14,57,7,3,12,3
UR DL U BS D ur ul,2,14,57,7,3,12,3
UR DL U D BS ur ul,2,14,57,7,3,14,4
UR DL U D ur BS ul,2,14,57,7,3,14,4
UR DL U ur D BS ul,2,14,57,7,3,14,3
ur DL UR D BS U ul,2,14,57,7,3,14,3
UR DL ur D BS U ul,2,14,57,7,3,12,3
ur DL UR D U BS ul,2,14,57,7,3,16,4
UR DL ur D U BS ul,2,14,57,7,3,14,4
ur DL UR U D BS ul,2,14,57,7,3,14,4
UR DL ur U D BS ul,2,14,57,7,3,16,4
ur UR D DL BS U ul,2,14,57,7,3,16,4
UR ur D DL BS U ul,2,14,57,7,3,14,4
ur UR D DL U BS ul,2,14,57,7,3,16,4
UR ur D DL U BS ul,2,14,57,7,3,14,4
ur UR DL D BS U ul,2,14,57,7,3,14,4
UR ur DL D BS U ul,2,14,57,7,3,14,4
ur UR DL D U BS ul,2,14,57,7,3,16,4
UR ur DL D U BS ul,2,14,57,7,3,16,4
ur UR DL U D BS ul,2,14,57,7,3,18,4
UR ur DL U D BS ul,2,14,57,7,3,18,4
U ul UR BS DL ur D,2,14,57,8,3,14,3
U ul UR BS ur DL D,2,14,57,8,3,12,3
U ul UR DL BS ur D,2,14,57,8,3,12,3
U ul UR DL ur BS D,2,14,57,8,3,12,3
U ul ur UR BS DL D,2,14,57,8,3,16,4
U ul UR ur BS DL D,2,14,57,8,3,14,4
U ul ur UR DL BS D,2,14,57,8,3,16,4
U ul UR ur DL BS D,2,14,57,8,3,16,4
U UR BS DL ul ur D,2,14,57,8,3,12,3
U UR BS DL ur ul D,2,14,57,8,3,12,3
U UR BS ul DL ur D,2,14,57,8,3,12,3
U UR BS ul ur DL D,2,14,57,8,3,12,3
U UR BS ur DL ul D,2,14,57,8,3,10,3
U UR BS ur ul DL D,2,14,57,8,3,10,3
U UR DL BS ul ur D,2,14,57,8,3,12,3
U UR DL BS ur ul D,2,14,57,8,3,10,3
U UR DL ul BS ur D,2,14,57,8,3,10,3
U UR DL ul ur BS D,2,14,57,8,3,10,2
U UR DL ur BS ul D,2,14,57,8,3,10,3
U UR DL ur ul BS D,2,14,57,8,3,12,3
U UR ul BS DL ur D,2,14,57,8,3,12,3
U UR ul BS ur DL D,2,14,57,8,3,10,3
U UR ul DL BS ur D,2,14,57,8,3,10,3
U UR ul DL ur BS D,2,14,57,8,3,10,2
U ur ul UR BS DL D,2,14,57,8,3,14,3
U UR ul ur BS DL D,2,14,57,8,3,10,3
U ur ul UR DL BS D,2,14,57,8,3,14,3
U UR ul ur DL BS D,2,14,57,8,3,12,3
U ur UR BS DL ul D,2,14,57,8,3,16,4
U UR ur BS DL ul D,2,14,57,8,3,12,4
U ur UR BS ul DL D,2,14,57,8,3,16,4
U UR ur BS ul DL D,2,14,57,8,3,12,4
U ur UR DL BS ul D,2,14,57,8,3,16,4
U UR ur DL BS ul D,2,14,57,8,3,14,4
U ur UR DL ul BS D,2,14,57,8,3,16,4
U UR ur DL ul BS D,2,14,57,8,3,14,4
U ur UR ul BS DL D,2,14,57,8,3,16,4
U UR ur ul BS DL D,2,14,57,8,3,14,4
U ur UR ul DL BS D,2,14,57,8,3,16,4
U UR ur ul DL BS D,2,14,57,8,3,14,4
ul U UR BS DL ur D,2,14,57,8,3,13,3
ul U UR BS ur DL D,2,14,57,8,3,11,3
ul U UR DL BS ur D,2,14,57,8,3,11,3
ul U UR DL ur BS D,2,14,57,8,3,11,3
ul U ur UR BS DL D,2,14,57,8,3,17,4
ul U UR ur BS DL D,2,14,57,8,3,13,4
ul U ur UR DL BS D,2,14,57,8,3,17,4
ul U UR ur DL BS D,2,14,57,8,3,15,4
ul UR U BS DL ur D,2,14,57,8,3,11,3
ul UR U BS ur DL D,2,14,57,8,3,9,2
ul UR U DL BS ur D,2,14,57,8,3,11,3
ul UR U DL ur BS D,2,14,57,8,3,11,3
ul ur U UR BS DL D,2,14,57,8,3,13,3
ul UR U ur BS DL D,2,14,57,8,3,11,3
ul ur U UR DL BS D,2,14,57,8,3,13,3
ul UR U ur DL BS D,2,14,57,8,3,13,3
ul ur UR U BS DL D,2,14,57,8,3,13,4
ul UR ur U BS DL D,2,14,57,8,3,15,4
ul ur UR U DL BS D,2,14,57,8,3,15,4
ul UR ur U DL BS D,2,14,57,8,3,17,4
UR U BS DL ul ur D,2,14,57,8,3,11,3
UR U BS DL ur ul D,2,14,57,8,3,11,3
UR U BS ul DL ur D,2,14,57,8,3,11,3
UR U BS ul ur DL D,2,14,57,8,3,11,3
UR U BS ur DL ul D,2,14,57,8,3,9,2
UR U BS ur ul DL D,2,14,57,8,3,9,2
UR U DL BS ul ur D,2,14,57,8,3,13,3
UR U DL BS ur ul D,2,14,57,8,3,11,3
UR U DL ul BS ur D,2,14,57,8,3,11,3
UR U DL ul ur BS D,2,14,57,8,3,11,3
UR U DL ur BS ul D,2,14,57,8,3,11,3
UR U DL ur ul BS D,2,14,57,8,3,13,3
UR U ul BS DL ur D,2,14,57,8,3,13,3
UR U ul BS ur DL D,2,14,57,8,3,11,3
UR U ul DL BS ur D,2,14,57,8,3,11,3
UR U ul DL ur BS D,2,14,57,8,3,11,3
ur U ul UR BS DL D,2,14,57,8,3,15,3
UR U ul ur BS DL D,2,14,57,8,3,11,3
ur U ul UR DL BS D,2,14,57,8,3,15,3
UR U ul ur DL BS D,2,14,57,8,3,13,3
ur U UR BS DL ul D,2,14,57,8,3,13,3
UR U ur BS DL ul D,2,14,57,8,3,11,3
ur U UR BS ul DL D,2,14,57,8,3,13,3
UR U ur BS ul DL D,2,14,57,8,3,11,3
ur U UR DL BS ul D,2,14,57,8,3,13,3
UR U ur DL BS ul D,2,14,57,8,3,13,3
ur U UR DL ul BS D,2,14,57,8,3,13,3
UR U ur DL ul BS D,2,14,57,8,3,13,3
ur U UR ul BS DL D,2,14,57,8,3,13,3
UR U ur ul BS DL D,2,14,57,8,3,13,3
ur U UR ul DL BS D,2,14,57,8,3,13,3
UR U ur ul DL BS D,2,14,57,8,3,13,3
UR ul U BS DL ur D,2,14,57,8,3,13,3
UR ul U BS ur DL D,2,14,57,8,3,11,3
UR ul U DL BS ur D,2,14,57,8,3,13,3
UR ul U DL ur BS D,2,14,57,8,3,13,3
ur ul U UR BS DL D,2,14,57,8,3,13,3
UR ul U ur BS DL D,2,14,57,8,3,13,3
ur ul U UR DL BS D,2,14,57,8,3,13,3
UR ul U ur DL BS D,2,14,57,8,3,15,3
ur ul UR U BS DL D,2,14,57,8,3,11,3
UR ul ur U BS DL D,2,14,57,8,3,13,3
ur ul UR U DL BS D,2,14,57,8,3,13,3
UR ul ur U DL BS D,2,14,57,8,3,15,3
ur UR U BS DL ul D,2,14,57,8,3,13,4
UR ur U BS DL ul D,2,14,57,8,3,15,4
ur UR U BS ul DL D,2,14,57,8,3,13,4
UR ur U BS ul DL D,2,14,57,8,3,15,4
ur UR U DL BS ul D,2,14,57,8,3,15,4
UR ur U DL BS ul D,2,14,57,8,3,17,4
ur UR U DL ul BS D,2,14,57,8,3,15,4
UR ur U DL ul BS D,2,14,57,8,3,17,4
ur UR U ul BS DL D,2,14,57,8,3,15,4
UR ur U ul BS DL D,2,14,57,8,3,17,4
ur UR U ul DL BS D,2,14,57,8,3,15,4
UR ur U ul DL BS D,2,14,57,8,3,17,4
ur UR ul U BS DL D,2,14,57,8,3,15,4
UR ur ul U BS DL D,2,14,57,8,3,15,4
ur UR ul U DL BS D,2,14,57,8,3,17,4
UR ur ul U DL BS D,2,14,57,8,3,17,4
BS D DL U ul ur UR,2,14,58,9,3,15,4
BS D DL U ur ul UR,2,14,58,9,3,13,3
BS D DL ul U ur UR,2,14,58,9,3,15,4
BS D DL ul ur U UR,2,14,58,9,3,11,3
BS D DL ur U ul UR,2,14,58,9,3,13,3
BS D DL ur ul U UR,2,14,58,9,3,11,3
BS D U DL ul ur UR,2,14,58,9,3,17,4
BS D U DL ur ul UR,2,14,58,9,3,15,4
BS D U ul DL ur UR,2,14,58,9,3,17,4
BS D ul DL U ur UR,2,14,58,9,3,15,4
BS D ul DL ur U UR,2,14,58,9,3,11,3
BS D ul U DL ur UR,2,14,58,9,3,15,4
BS DL D U ul ur UR,2,14,58,9,3,17,4
BS DL D U ur ul UR,2,14,58,9,3,15,4
BS DL D ul U ur UR,2,14,58,9,3,15,4
BS DL D ul ur U UR,2,14,58,9,3,11,3
BS DL D ur U ul UR,2,14,58,9,3,13,3
BS DL D ur ul U UR,2,14,58,9,3,11,3
BS DL U D ul ur UR,2,14,58,9,3,17,4
BS DL U D ur ul UR,2,14,58,9,3,15,4
BS DL U ul D ur UR,2,14,58,9,3,15,4
BS DL ul D U ur UR,2,14,58,9,3,17,4
BS DL ul D ur U UR,2,14,58,9,3,11,3
BS DL ul U D ur UR,2,14,58,9,3,17,4
BS U D DL ul ur UR,2,14,58,9,3,15,4
BS U D DL ur ul UR,2,14,58,9,3,13,4
BS U D ul DL ur UR,2,14,58,9,3,15,4
BS U DL D ul ur UR,2,14,58,9,3,13,4
BS U DL D ur ul UR,2,14,58,9,3,11,3
BS U DL ul D ur UR,2,14,58,9,3,13,4
BS U ul D DL ur UR,2,14,58,9,3,13,4
BS U ul DL D ur UR,2,14,58,9,3,13,4
BS ul D DL U ur UR,2,14,58,9,3,15,4
BS ul D DL ur U UR,2,14,58,9,3,11,3
BS ul D U DL ur UR,2,14,58,9,3,17,4
BS ul DL D U ur UR,2,14,58,9,3,17,4
BS ul DL D ur U UR,2,14,58,9,3,11,3
BS ul DL U D ur UR,2,14,58,9,3,17,4
BS ul U D DL ur UR,2,14,58,9,3,17,4
BS ul U DL D ur UR,2,14,58,9,3,15,4
D BS DL U ul ur UR,2,14,58,9,3,17,4
D BS DL U ur ul UR,2,14,58,9,3,15,3
D BS DL ul U ur UR,2,14,58,9,3,17,4
D BS DL ul ur U UR,2,14,58,9,3,13,3
D BS DL ur U ul UR,2,14,58,9,3,15,3
D BS DL ur ul U UR,2,14,58,9,3,13,3
D BS U DL ul ur UR,2,14,58,9,3,15,4
D BS U DL ur ul UR,2,14,58,9,3,13,3
D BS U ul DL ur UR,2,14,58,9,3,15,4
D BS ul DL U ur UR,2,14,58,9,3,17,4
D BS ul DL ur U UR,2,14,58,9,3,13,3
D BS ul U DL ur UR,2,14,58,9,3,17,4
D DL BS U ul ur UR,2,14,58,9,3,15,4
D DL BS U ur ul UR,2,14,58,9,3,13,3
D DL BS ul U ur UR,2,14,58,9,3,17,4
D DL BS ul ur U UR,2,14,58,9,3,13,3
D DL BS ur U ul UR,2,14,58,9,3,13,3
D DL BS ur ul U UR,2,14,58,9,3,11,3
D DL U BS ul ur UR,2,14,58,9,3,15,4
D DL U BS ur ul UR,2,14,58,9,3,11,3
D DL U ul BS ur UR,2,14,58,9,3,15,4
D DL U ul ur BS UR,2,14,58,9,3,13,3
D DL U ur BS ul UR,2,14,58,9,3,13,3
D DL U ur ul BS UR,2,14,58,9,3,15,3
D DL ul BS U ur UR,2,14,58,9,3,15,4
D DL ul BS ur U UR,2,14,58,9,3,11,3
D DL ul U BS ur UR,2,14,58,9,3,13,4
D DL ul U ur BS UR,2,14,58,9,3,13,3
D DL ul ur BS U UR,2,14,58,9,3,9,2
D DL ul ur U BS UR,2,14,58,9,3,13,3
D DL ur BS U ul UR,2,14,58,9,3,11,3
D DL ur BS ul U UR,2,14,58,9,3,11,3
D DL ur U BS ul UR,2,14,58,9,3,13,3
D DL ur U ul BS UR,2,14,58,9,3,15,3
D DL ur ul BS U UR,2,14,58,9,3,11,3
D DL ur ul U BS UR,2,14,58,9,3,13,3
D U BS DL ul ur UR,2,14,58,9,3,17,4
D U BS DL ur ul UR,2,14,58,9,3,15,4
D U BS ul DL ur UR,2,14,58,9,3,17,4
D U DL BS ul ur UR,2,14,58,9,3,19,4
D U DL BS ur ul UR,2,14,58,9,3,15,4
D U DL ul BS ur UR,2,14,58,9,3,17,4
D U DL ul ur BS UR,2,14,58,9,3,15,4
D U DL ur BS ul UR,2,14,58,9,3,15,4
D U DL ur ul BS UR,2,14,58,9,3,17,4
D U ul BS DL ur UR,2,14,58,9,3,19,4
D U ul DL BS ur UR,2,14,58,9,3,17,4
D U ul DL ur BS UR,2,14,58,9,3,15,4
D U ul ur DL BS UR,2,14,58,9,3,17,4
D U ur DL BS ul UR,2,14,58,9,3,17,4
D U ur DL ul BS UR,2,14,58,9,3,17,4
D U ur ul DL BS UR,2,14,58,9,3,17,4
D ul BS DL U ur UR,2,14,58,9,3,17,4
D ul BS DL ur U UR,2,14,58,9,3,13,3
D ul BS U DL ur UR,2,14,58,9,3,15,4
D ul DL BS U ur UR,2,14,58,9,3,15,4
D ul DL BS ur U UR,2,14,58,9,3,11,3
D ul DL U BS ur UR,2,14,58,9,3,13,4
D ul DL U ur BS UR,2,14,58,9,3,13,3
D ul DL ur BS U UR,2,14,58,9,3,9,2
D ul DL ur U BS UR,2,14,58,9,3,13,3
D ul U BS DL ur UR,2,14,58,9,3,15,4
D ul U DL BS ur UR,2,14,58,9,3,15,4
D ul U DL ur BS UR,2,14,58,9,3,13,3
D ul U ur DL BS UR,2,14,58,9,3,15,3
D ul ur DL BS U UR,2,14,58,9,3,11,3
D ul ur DL U BS UR,2,14,58,9,3,13,3
D ul ur U DL BS UR,2,14,58,9,3,15,3
D ur DL BS U ul UR,2,14,58,9,3,13,3
D ur DL BS ul U UR,2,14,58,9,3,13,3
D ur DL U BS ul UR,2,14,58,9,3,13,3
D ur DL U ul BS UR,2,14,58,9,3,15,3
D ur DL ul BS U UR,2,14,58,9,3,11,3
D ur DL ul U BS UR,2,14,58,9,3,13,3
D ur U DL BS ul UR,2,14,58,9,3,15,3
D ur U DL ul BS UR,2,14,58,9,3,15,3
D ur U ul DL BS UR,2,14,58,9,3,15,3
D ur ul DL BS U UR,2,14,58,9,3,11,3
D ur ul DL U BS UR,2,14,58,9,3,13,3
D ur ul U DL BS UR,2,14,58,9,3,15,3
DL BS D U ul ur UR,2,14,58,9,3,18,4
DL BS D U ur ul UR,2,14,58,9,3,16,4
DL BS D ul U ur UR,2,14,58,9,3,16,4
DL BS D ul ur U UR,2,14,58,9,3,12,3
DL BS D ur U ul UR,2,14,58,9,3,14,3
DL BS D ur ul U UR,2,14,58,9,3,12,3
DL BS U D ul ur UR,2,14,58,9,3,16,4
DL BS U D ur ul UR,2,14,58,9,3,14,4
DL BS U ul D ur UR,2,14,58,9,3,14,4
DL BS ul D U ur UR,2,14,58,9,3,18,4
DL BS ul D ur U UR,2,14,58,9,3,12,3
DL BS ul U D ur UR,2,14,58,9,3,18,4
DL D BS U ul ur UR,2,14,58,9,3,14,4
DL D BS U ur ul UR,2,14,58,9,3,12,3
DL D BS ul U ur UR,2,14,58,9,3,16,4
DL D BS ul ur U UR,2,14,58,9,3,12,3
DL D BS ur U ul UR,2,14,58,9,3,12,3
DL D BS ur ul U UR,2,14,58,9,3,10,3
DL D U BS ul ur UR,2,14,58,9,3,16,4
DL D U BS ur ul UR,2,14,58,9,3,12,4
DL D U ul BS ur UR,2,14,58,9,3,16,4
DL D U ul ur BS UR,2,14,58,9,3,14,4
DL D U ur BS ul UR,2,14,58,9,3,14,4
DL D U ur ul BS UR,2,14,58,9,3,16,4
DL D ul BS U ur UR,2,14,58,9,3,14,4
DL D ul BS ur U UR,2,14,58,9,3,10,3
DL D ul U BS ur UR,2,14,58,9,3,12,4
DL D ul U ur BS UR,2,14,58,9,3,12,3
DL D ul ur BS U UR,2,14,58,9,3,8,2
DL D ul ur U BS UR,2,14,58,9,3,12,3
DL D ur BS U ul UR,2,14,58,9,3,10,3
DL D ur BS ul U UR,2,14,58,9,3,10,3
DL D ur U BS ul UR,2,14,58,9,3,12,3
DL D ur U ul BS UR,2,14,58,9,3,14,3
DL D ur ul BS U UR,2,14,58,9,3,10,3
DL D ur ul U BS UR,2,14,58,9,3,12,3
DL U BS D ul ur UR,2,14,58,9,3,14,4
DL U BS D ur ul UR,2,14,58,9,3,12,3
DL U BS ul D ur UR,2,14,58,9,3,14,4
DL U D BS ul ur UR,2,14,58,9,3,18,4
DL U D BS ur ul UR,2,14,58,9,3,14,4
DL U D ul BS ur UR,2,14,58,9,3,16,4
DL U D ul ur BS UR,2,14,58,9,3,14,4
DL U D ur BS ul UR,2,14,58,9,3,14,4
DL U D ur ul BS UR,2,14,58,9,3,16,4
DL U ul BS D ur UR,2,14,58,9,3,16,4
DL U ul D BS ur UR,2,14,58,9,3,14,4
DL U ul D ur BS UR,2,14,58,9,3,12,3
DL U ul ur D BS UR,2,14,58,9,3,14,3
DL U ur D BS ul UR,2,14,58,9,3,14,3
DL U ur D ul BS UR,2,14,58,9,3,14,3
DL U ur ul D BS UR,2,14,58,9,3,14,3
DL ul BS D U ur UR,2,14,58,9,3,18,4
DL ul BS D ur U UR,2,14,58,9,3,12,3
DL ul BS U D ur UR,2,14,58,9,3,16,4
DL ul D BS U ur UR,2,14,58,9,3,14,4
DL ul D BS ur U UR,2,14,58,9,3,10,3
DL ul D U BS ur UR,2,14,58,9,3,14,4
DL ul D U ur BS UR,2,14,58,9,3,14,4
DL ul D ur BS U UR,2,14,58,9,3,8,2
DL ul D ur U BS UR,2,14,58,9,3,12,3
DL ul U BS D ur UR,2,14,58,9,3,14,4
DL ul U D BS ur UR,2,14,58,9,3,16,4
DL ul U D ur BS UR,2,14,58,9,3,14,4
DL ul U ur D BS UR,2,14,58,9,3,14,3
DL ul ur D BS U UR,2,14,58,9,3,10,2
DL ul ur D U BS UR,2,14,58,9,3,14,4
DL ul ur U D BS UR,2,14,58,9,3,16,4
DL ur D BS U ul UR,2,14,58,9,3,12,3
DL ur D BS ul U UR,2,14,58,9,3,12,3
DL ur D U BS ul UR,2,14,58,9,3,14,4
DL ur D U ul BS UR,2,14,58,9,3,16,4
DL ur D ul BS U UR,2,14,58,9,3,10,3
DL ur D ul U BS UR,2,14,58,9,3,12,3
DL ur U D BS ul UR,2,14,58,9,3,16,4
DL ur U D ul BS UR,2,14,58,9,3,16,4
DL ur U ul D BS UR,2,14,58,9,3,14,3
DL ur ul D BS U UR,2,14,58,9,3,10,2
DL ur ul D U BS UR,2,14,58,9,3,14,4
DL ur ul U D BS UR,2,14,58,9,3,16,4
U BS D DL ul ur UR,2,14,58,9,3,13,4
U BS D DL ur ul UR,2,14,58,9,3,11,2
U BS D ul DL ur UR,2,14,58,9,3,13,4
U BS DL D ul ur UR,2,14,58,9,3,13,4
U BS DL D ur ul UR,2,14,58,9,3,11,3
U BS DL ul D ur UR,2,14,58,9,3,13,4
U BS ul D DL ur UR,2,14,58,9,3,13,4
U BS ul DL D ur UR,2,14,58,9,3,13,4
U D BS DL ul ur UR,2,14,58,9,3,17,4
U D BS DL ur ul UR,2,14,58,9,3,15,4
U D BS ul DL ur UR,2,14,58,9,3,17,4
U D DL BS ul ur UR,2,14,58,9,3,17,4
U D DL BS ur ul UR,2,14,58,9,3,13,4
U D DL ul BS ur UR,2,14,58,9,3,15,4
U D DL ul ur BS UR,2,14,58,9,3,13,4
U D DL ur BS ul UR,2,14,58,9,3,13,4
U D DL ur ul BS UR,2,14,58,9,3,15,4
U D ul BS DL ur UR,2,14,58,9,3,17,4
U D ul DL BS ur UR,2,14,58,9,3,15,4
U D ul DL ur BS UR,2,14,58,9,3,13,4
U D ul ur DL BS UR,2,14,58,9,3,15,4
U D ur DL BS ul UR,2,14,58,9,3,15,4
U D ur DL ul BS UR,2,14,58,9,3,15,4
U D ur ul DL BS UR,2,14,58,9,3,15,4
U DL BS D ul ur UR,2,14,58,9,3,15,4
U DL BS D ur ul UR,2,14,58,9,3,13,3
U DL BS ul D ur UR,2,14,58,9,3,15,4
U DL D BS ul ur UR,2,14,58,9,3,15,4
U DL D BS ur ul UR,2,14,58,9,3,11,3
U DL D ul BS ur UR,2,14,58,9,3,13,4
U DL D ul ur BS UR,2,14,58,9,3,11,3
U DL D ur BS ul UR,2,14,58,9,3,11,3
U DL D ur ul BS UR,2,14,58,9,3,13,3
U DL ul BS D ur UR,2,14,58,9,3,15,4
U DL ul D BS ur UR,2,14,58,9,3,13,4
U DL ul D ur BS UR,2,14,58,9,3,11,3
U DL ul ur D BS UR,2,14,58,9,3,13,3
U DL ur D BS ul UR,2,14,58,9,3,13,3
U DL ur D ul BS UR,2,14,58,9,3,13,3
U DL ur ul D BS UR,2,14,58,9,3,13,3
U ul BS D DL ur UR,2,14,58,9,3,15,4
U ul BS DL D ur UR,2,14,58,9,3,15,4
U ul D BS DL ur UR,2,14,58,9,3,15,4
U ul D DL BS ur UR,2,14,58,9,3,13,4
U ul D DL ur BS UR,2,14,58,9,3,11,3
U ul D ur DL BS UR,2,14,58,9,3,13,3
U ul DL BS D ur UR,2,14,58,9,3,15,4
U ul DL D BS ur UR,2,14,58,9,3,13,4
U ul DL D ur BS UR,2,14,58,9,3,11,3
U ul DL ur D BS UR,2,14,58,9,3,13,3
U ul ur D DL BS UR,2,14,58,9,3,13,3
U ul ur DL D BS UR,2,14,58,9,3,13,3
U ur D DL BS ul UR,2,14,58,9,3,13,3
U ur D DL ul BS UR,2,14,58,9,3,13,3
U ur D ul DL BS UR,2,14,58,9,3,13,3
U ur DL D BS ul UR,2,14,58,9,3,13,3
U ur DL D ul BS UR,2,14,58,9,3,13,3
U ur DL ul D BS UR,2,14,58,9,3,13,3
U ur ul D DL BS UR,2,14,58,9,3,13,3
U ur ul DL D BS UR,2,14,58,9,3,13,3
ul BS D DL U ur UR,2,14,58,9,3,16,4
ul BS D DL ur U UR,2,14,58,9,3,12,3
ul BS D U DL ur UR,2,14,58,9,3,18,4
ul BS DL D U ur UR,2,14,58,9,3,18,4
ul BS DL D ur U UR,2,14,58,9,3,12,3
ul BS DL U D ur UR,2,14,58,9,3,18,4
ul BS U D DL ur UR,2,14,58,9,3,16,4
ul BS U DL D ur UR,2,14,58,9,3,14,4
ul D BS DL U ur UR,2,14,58,9,3,16,4
ul D BS DL ur U UR,2,14,58,9,3,12,3
ul D BS U DL ur UR,2,14,58,9,3,14,4
ul D DL BS U ur UR,2,14,58,9,3,14,4
ul D DL BS ur U UR,2,14,58,9,3,10,3
ul D DL U BS ur UR,2,14,58,9,3,12,4
ul D DL U ur BS UR,2,14,58,9,3,12,3
ul D DL ur BS U UR,2,14,58,9,3,8,2
ul D DL ur U BS UR,2,14,58,9,3,12,3
ul D U BS DL ur UR,2,14,58,9,3,16,4
ul D U DL BS ur UR,2,14,58,9,3,16,4
ul D U DL ur BS UR,2,14,58,9,3,14,4
ul D U ur DL BS UR,2,14,58,9,3,16,4
ul D ur DL BS U UR,2,14,58,9,3,10,3
ul D ur DL U BS UR,2,14,58,9,3,12,3
ul D ur U DL BS UR,2,14,58,9,3,14,3
ul DL BS D U ur UR,2,14,58,9,3,18,4
ul DL BS D ur U UR,2,14,58,9,3,12,3
ul DL BS U D ur UR,2,14,58,9,3,16,4
ul DL D BS U ur UR,2,14,58,9,3,14,4
ul DL D BS ur U UR,2,14,58,9,3,10,3
ul DL D U BS ur UR,2,14,58,9,3,14,4
ul DL D U ur BS UR,2,14,58,9,3,14,4
ul DL D ur BS U UR,2,14,58,9,3,8,2
ul DL D ur U BS UR,2,14,58,9,3,12,3
ul DL U BS D ur UR,2,14,58,9,3,14,4
ul DL U D BS ur UR,2,14,58,9,3,16,4
ul DL U D ur BS UR,2,14,58,9,3,14,4
ul DL U ur D BS UR,2,14,58,9,3,14,3
ul DL ur D BS U UR,2,14,58,9,3,10,2
ul DL ur D U BS UR,2,14,58,9,3,14,4
ul DL ur U D BS UR,2,14,58,9,3,16,4
ul U BS D DL ur UR,2,14,58,9,3,14,4
ul U BS DL D ur UR,2,14,58,9,3,14,4
ul U D BS DL ur UR,2,14,58,9,3,18,4
ul U D DL BS ur UR,2,14,58,9,3,16,4
ul U D DL ur BS UR,2,14,58,9,3,14,4
ul U D ur DL BS UR,2,14,58,9,3,16,4
ul U DL BS D ur UR,2,14,58,9,3,16,4
ul U DL D BS ur UR,2,14,58,9,3,14,4
ul U DL D ur BS UR,2,14,58,9,3,12,3
ul U DL ur D BS UR,2,14,58,9,3,14,3
ul U ur D DL BS UR,2,14,58,9,3,14,3
ul U ur DL D BS UR,2,14,58,9,3,14,3
ul ur D DL BS U UR,2,14,58,9,3,10,3
ul ur D DL U BS UR,2,14,58,9,3,12,3
ul ur D U DL BS UR,2,14,58,9,3,16,4
ul ur DL D BS U UR,2,14,58,9,3,10,2
ul ur DL D U BS UR,2,14,58,9,3,14,4
ul ur DL U D BS UR,2,14,58,9,3,16,4
ul ur U D DL BS UR,2,14,58,9,3,16,4
ul ur U DL D BS UR,2,14,58,9,3,14,3
ur D DL BS U ul UR,2,14,58,9,3,12,3
ur D DL BS ul U UR,2,14,58,9,3,12,3
ur D DL U BS ul UR,2,14,58,9,3,12,3
ur D DL U ul BS UR,2,14,58,9,3,14,3
ur D DL ul BS U UR,2,14,58,9,3,10,3
ur D DL ul U BS UR,2,14,58,9,3,12,3
ur D U DL BS ul UR,2,14,58,9,3,16,4
ur D U DL ul BS UR,2,14,58,9,3,16,4
ur D U ul DL BS UR,2,14,58,9,3,16,4
ur D ul DL BS U UR,2,14,58,9,3,10,3
ur D ul DL U BS UR,2,14,58,9,3,12,3
ur D ul U DL BS UR,2,14,58,9,3,14,3
ur DL D BS U ul UR,2,14,58,9,3,12,3
ur DL D BS ul U UR,2,14,58,9,3,12,3
ur DL D U BS ul UR,2,14,58,9,3,14,4
ur DL D U ul BS UR,2,14,58,9,3,16,4
ur DL D ul BS U UR,2,14,58,9,3,10,3
ur DL D ul U BS UR,2,14,58,9,3,12,3
ur DL U D BS ul UR,2,14,58,9,3,16,4
ur DL U D ul BS UR,2,14,58,9,3,16,4
ur DL U ul D BS UR,2,14,58,9,3,14,3
ur DL ul D BS U UR,2,14,58,9,3,10,2
ur DL ul D U BS UR,2,14,58,9,3,14,4
ur DL ul U D BS UR,2,14,58,9,3,16,4
ur U D DL BS ul UR,2,14,58,9,3,16,4
ur U D DL ul BS UR,2,14,58,9,3,16,4
ur U D ul DL BS UR,2,14,58,9,3,16,4
ur U DL D BS ul UR,2,14,58,9,3,14,3
ur U DL D ul BS UR,2,14,58,9,3,14,3
ur U DL ul D BS UR,2,14,58,9,3,14,3
ur U ul D DL BS UR,2,14,58,9,3,14,3
ur U ul DL D BS UR,2,14,58,9,3,14,3
ur ul D DL BS U UR,2,14,58,9,3,10,3
ur ul D DL U BS UR,2,14,58,9,3,12,3
ur ul D U DL BS UR,2,14,58,9,3,16,4
ur ul DL D BS U UR,2,14,58,9,3,10,2
ur ul DL D U BS UR,2,14,58,9,3,14,4
ur ul DL U D BS UR,2,14,58,9,3,16,4
ur ul U D DL BS UR,2,14,58,9,3,16,4
ur ul U DL D BS UR,2,14,58,9,3,14,3
BS D ul UR DL ur U,2,14,59,8,3,12,3
BS D ul UR U ur DL,2,14,59,8,3,11,3
BS D ul ur UR DL U,2,14,59,8,3,14,4
BS D ul UR ur DL U,2,14,59,8,3,14,4
BS D ul ur UR U DL,2,14,59,8,3,13,4
BS D ul UR ur U DL,2,14,59,8,3,15,4
BS D ur DL UR ul U,2,14,59,8,3,12,3
BS D UR U ul ur DL,2,14,59,8,3,13,3
BS D UR U ur ul DL,2,14,59,8,3,13,3
BS D UR ul DL ur U,2,14,59,8,3,14,3
BS D UR ul U ur DL,2,14,59,8,3,15,3
BS D ur ul UR DL U,2,14,59,8,3,12,3
BS D UR ul ur DL U,2,14,59,8,3,14,3
BS D ur ul UR U DL,2,14,59,8,3,11,3
BS D UR ul ur U DL,2,14,59,8,3,15,3
BS D ur UR DL ul U,2,14,59,8,3,14,4
BS D UR ur DL ul U,2,14,59,8,3,16,4
BS D ur UR U ul DL,2,14,59,8,3,13,4
BS D UR ur U ul DL,2,14,59,8,3,17,4
BS D ur UR ul DL U,2,14,59,8,3,14,4
BS D UR ur ul DL U,2,14,59,8,3,16,4
BS D ur UR ul U DL,2,14,59,8,3,15,4
BS D UR ur ul U DL,2,14,59,8,3,17,4
BS ul D UR DL ur U,2,14,59,8,3,14,3
BS ul D UR U ur DL,2,14,59,8,3,13,3
BS ul D ur UR DL U,2,14,59,8,3,14,4
BS ul D UR ur DL U,2,14,59,8,3,16,4
BS ul D ur UR U DL,2,14,59,8,3,13,4
BS ul D UR ur U DL,2,14,59,8,3,17,4
BS ul UR D DL ur U,2,14,59,8,3,14,3
BS ul UR D U ur DL,2,14,59,8,3,17,4
BS ul ur D UR DL U,2,14,59,8,3,14,3
BS ul UR D ur DL U,2,14,59,8,3,14,3
BS ul ur D UR U DL,2,14,59,8,3,13,3
BS ul UR D ur U DL,2,14,59,8,3,15,3
BS ul UR U D ur DL,2,14,59,8,3,13,4
BS ul UR U ur D DL,2,14,59,8,3,11,3
BS ul ur UR D DL U,2,14,59,8,3,16,4
BS ul UR ur D DL U,2,14,59,8,3,14,4
BS ul ur UR D U DL,2,14,59,8,3,19,4
BS ul UR ur D U DL,2,14,59,8,3,17,4
BS ul ur UR U D DL,2,14,59,8,3,15,4
BS ul UR ur U D DL,2,14,59,8,3,17,4
BS ur D DL UR ul U,2,14,59,8,3,10,3
BS UR D U ul ur DL,2,14,59,8,3,17,4
BS UR D U ur ul DL,2,14,59,8,3,17,4
BS UR D ul DL ur U,2,14,59,8,3,14,3
BS UR D ul U ur DL,2,14,59,8,3,15,3
BS ur D ul UR DL U,2,14,59,8,3,10,3
BS UR D ul ur DL U,2,14,59,8,3,14,3
BS ur D ul UR U DL,2,14,59,8,3,9,3
BS UR D ul ur U DL,2,14,59,8,3,15,3
BS ur D UR DL ul U,2,14,59,8,3,12,3
BS UR D ur DL ul U,2,14,59,8,3,14,3
BS ur D UR U ul DL,2,14,59,8,3,11,3
BS UR D ur U ul DL,2,14,59,8,3,15,3
BS ur D UR ul DL U,2,14,59,8,3,12,3
BS UR D ur ul DL U,2,14,59,8,3,14,3
BS ur D UR ul U DL,2,14,59,8,3,13,3
BS UR D ur ul U DL,2,14,59,8,3,15,3
BS UR U D ul ur DL,2,14,59,8,3,13,4
BS UR U D ur ul DL,2,14,59,8,3,13,4
BS UR U ul D ur DL,2,14,59,8,3,11,3
BS UR U ul ur D DL,2,14,59,8,3,11,3
BS UR U ur D ul DL,2,14,59,8,3,11,3
BS UR U ur ul D DL,2,14,59,8,3,11,3
BS UR ul D DL ur U,2,14,59,8,3,12,3
BS UR ul D U ur DL,2,14,59,8,3,15,4
BS ur ul D UR DL U,2,14,59,8,3,12,3
BS UR ul D ur DL U,2,14,59,8,3,12,3
BS ur ul D UR U DL,2,14,59,8,3,11,3
BS UR ul D ur U DL,2,14,59,8,3,13,3
BS UR ul U D ur DL,2,14,59,8,3,15,4
BS UR ul U ur D DL,2,14,59,8,3,13,3
BS ur ul UR D DL U,2,14,59,8,3,12,3
BS UR ul ur D DL U,2,14,59,8,3,12,3
BS ur ul UR D U DL,2,14,59,8,3,15,4
BS UR ul ur D U DL,2,14,59,8,3,15,4
BS ur ul UR U D DL,2,14,59,8,3,11,4
BS UR ul ur U D DL,2,14,59,8,3,15,4
BS ur UR D DL ul U,2,14,59,8,3,14,4
BS UR ur D DL ul U,2,14,59,8,3,14,4
BS ur UR D U ul DL,2,14,59,8,3,17,4
BS UR ur D U ul DL,2,14,59,8,3,17,4
BS ur UR D ul DL U,2,14,59,8,3,14,4
BS UR ur D ul DL U,2,14,59,8,3,14,4
BS ur UR D ul U DL,2,14,59,8,3,15,4
BS UR ur D ul U DL,2,14,59,8,3,15,4
BS ur UR U D ul DL,2,14,59,8,3,13,4
BS UR ur U D ul DL,2,14,59,8,3,17,4
BS ur UR U ul D DL,2,14,59,8,3,11,4
BS UR ur U ul D DL,2,14,59,8,3,15,4
BS ur UR ul D DL U,2,14,59,8,3,12,4
BS UR ur ul D DL U,2,14,59,8,3,14,4
BS ur UR ul D U DL,2,14,59,8,3,15,4
BS UR ur ul D U DL,2,14,59,8,3,17,4
BS ur UR ul U D DL,2,14,59,8,3,15,4
BS UR ur ul U D DL,2,14,59,8,3,17,4
D BS ul UR DL ur U,2,14,59,8,3,14,3
D BS ul UR U ur DL,2,14,59,8,3,13,3
D BS ul ur UR DL U,2,14,59,8,3,16,4
D BS ul UR ur DL U,2,14,59,8,3,16,4
D BS ul ur UR U DL,2,14,59,8,3,15,4
D BS ul UR ur U DL,2,14,59,8,3,17,4
D BS ur DL UR ul U,2,14,59,8,3,12,3
D BS UR U ul ur DL,2,14,59,8,3,13,3
D BS UR U ur ul DL,2,14,59,8,3,13,3
D BS UR ul DL ur U,2,14,59,8,3,14,3
D BS UR ul U ur DL,2,14,59,8,3,15,3
D BS ur ul UR DL U,2,14,59,8,3,12,3
D BS UR ul ur DL U,2,14,59,8,3,14,3
D BS ur ul UR U DL,2,14,59,8,3,11,3
D BS UR ul ur U DL,2,14,59,8,3,15,3
D BS ur UR DL ul U,2,14,59,8,3,14,4
D BS UR ur DL ul U,2,14,59,8,3,16,4
D BS ur UR U ul DL,2,14,59,8,3,13,4
D BS UR ur U ul DL,2,14,59,8,3,17,4
D BS ur UR ul DL U,2,14,59,8,3,14,4
D BS UR ur ul DL U,2,14,59,8,3,16,4
D BS ur UR ul U DL,2,14,59,8,3,15,4
D BS UR ur ul U DL,2,14,59,8,3,17,4
D ul BS UR DL ur U,2,14,59,8,3,14,3
D ul BS UR U ur DL,2,14,59,8,3,13,3
D ul BS ur UR DL U,2,14,59,8,3,14,4
D ul BS UR ur DL U,2,14,59,8,3,16,4
D ul BS ur UR U DL,2,14,59,8,3,13,4
D ul BS UR ur U DL,2,14,59,8,3,17,4
D ul UR BS DL ur U,2,14,59,8,3,14,3
D ul UR BS U ur DL,2,14,59,8,3,13,3
D ul ur BS UR DL U,2,14,59,8,3,12,3
D ul UR BS ur DL U,2,14,59,8,3,12,3
D ul ur BS UR U DL,2,14,59,8,3,11,3
D ul UR BS ur U DL,2,14,59,8,3,13,3
D ul UR DL BS ur U,2,14,59,8,3,12,3
D ul UR DL ur BS U,2,14,59,8,3,10,2
D ul ur UR BS DL U,2,14,59,8,3,16,4
D ul UR ur BS DL U,2,14,59,8,3,14,4
D ul ur UR BS U DL,2,14,59,8,3,15,4
D ul UR ur BS U DL,2,14,59,8,3,13,4
D ul ur UR DL BS U,2,14,59,8,3,14,4
D ul UR ur DL BS U,2,14,59,8,3,14,4
D ur BS DL UR ul U,2,14,59,8,3,12,3
D UR BS U ul ur DL,2,14,59,8,3,15,3
D UR BS U ur ul DL,2,14,59,8,3,15,3
D UR BS ul DL ur U,2,14,59,8,3,16,3
D UR BS ul U ur DL,2,14,59,8,3,17,3
D ur BS ul UR DL U,2,14,59,8,3,12,3
D UR BS ul ur DL U,2,14,59,8,3,16,3
D ur BS ul UR U DL,2,14,59,8,3,11,3
D UR BS ul ur U DL,2,14,59,8,3,17,3
D ur BS UR DL ul U,2,14,59,8,3,12,3
D UR BS ur DL ul U,2,14,59,8,3,14,3
D ur BS UR U ul DL,2,14,59,8,3,11,3
D UR BS ur U ul DL,2,14,59,8,3,15,3
D ur BS UR ul DL U,2,14,59,8,3,12,3
D UR BS ur ul DL U,2,14,59,8,3,14,3
D ur BS UR ul U DL,2,14,59,8,3,13,3
D UR BS ur ul U DL,2,14,59,8,3,15,3
D UR ul BS DL ur U,2,14,59,8,3,16,3
D UR ul BS U ur DL,2,14,59,8,3,15,3
D ur ul BS UR DL U,2,14,59,8,3,14,3
D UR ul BS ur DL U,2,14,59,8,3,14,3
D ur ul BS UR U DL,2,14,59,8,3,13,3
D UR ul BS ur U DL,2,14,59,8,3,15,3
D UR ul DL BS ur U,2,14,59,8,3,14,3
D UR ul DL ur BS U,2,14,59,8,3,12,3
D ur ul UR BS DL U,2,14,59,8,3,14,3
D UR ul ur BS DL U,2,14,59,8,3,14,3
D ur ul UR BS U DL,2,14,59,8,3,13,3
D UR ul ur BS U DL,2,14,59,8,3,13,3
D ur ul UR DL BS U,2,14,59,8,3,12,3
D UR ul ur DL BS U,2,14,59,8,3,14,3
D ur UR BS DL ul U,2,14,59,8,3,16,4
D UR ur BS DL ul U,2,14,59,8,3,16,4
D ur UR BS U ul DL,2,14,59,8,3,15,4
D UR ur BS U ul DL,2,14,59,8,3,15,4
D ur UR BS ul DL U,2,14,59,8,3,16,4
D UR ur BS ul DL U,2,14,59,8,3,16,4
D ur UR BS ul U DL,2,14,59,8,3,17,4
D UR ur BS ul U DL,2,14,59,8,3,17,4
D ur UR ul BS DL U,2,14,59,8,3,16,4
D UR ur ul BS DL U,2,14,59,8,3,18,4
D ur UR ul BS U DL,2,14,59,8,3,15,4
D UR ur ul BS U DL,2,14,59,8,3,17,4
D ur UR ul DL BS U,2,14,59,8,3,14,4
D UR ur ul DL BS U,2,14,59,8,3,16,4
ul BS D UR DL ur U,2,14,59,8,3,15,3
ul BS D UR U ur DL,2,14,59,8,3,14,3
ul BS D ur UR DL U,2,14,59,8,3,15,4
ul BS D UR ur DL U,2,14,59,8,3,17,4
ul BS D ur UR U DL,2,14,59,8,3,14,4
ul BS D UR ur U DL,2,14,59,8,3,18,4
ul BS UR D DL ur U,2,14,59,8,3,15,3
ul BS UR D U ur DL,2,14,59,8,3,18,4
ul BS ur D UR DL U,2,14,59,8,3,13,3
ul BS UR D ur DL U,2,14,59,8,3,15,3
ul BS ur D UR U DL,2,14,59,8,3,12,3
ul BS UR D ur U DL,2,14,59,8,3,16,3
ul BS UR U D ur DL,2,14,59,8,3,14,4
ul BS UR U ur D DL,2,14,59,8,3,12,3
ul BS ur UR D DL U,2,14,59,8,3,15,4
ul BS UR ur D DL U,2,14,59,8,3,15,4
ul BS ur UR D U DL,2,14,59,8,3,18,4
ul BS UR ur D U DL,2,14,59,8,3,18,4
ul BS ur UR U D DL,2,14,59,8,3,14,4
ul BS UR ur U D DL,2,14,59,8,3,18,4
ul D BS UR DL ur U,2,14,59,8,3,13,3
ul D BS UR U ur DL,2,14,59,8,3,12,3
ul D BS ur UR DL U,2,14,59,8,3,13,4
ul D BS UR ur DL U,2,14,59,8,3,15,4
ul D BS ur UR U DL,2,14,59,8,3,12,4
ul D BS UR ur U DL,2,14,59,8,3,16,4
ul D UR BS DL ur U,2,14,59,8,3,15,3
ul D UR BS U ur DL,2,14,59,8,3,14,3
ul D ur BS UR DL U,2,14,59,8,3,11,3
ul D UR BS ur DL U,2,14,59,8,3,13,3
ul D ur BS UR U DL,2,14,59,8,3,10,3
ul D UR BS ur U DL,2,14,59,8,3,14,3
ul D UR DL BS ur U,2,14,59,8,3,13,3
ul D UR DL ur BS U,2,14,59,8,3,11,3
ul D ur UR BS DL U,2,14,59,8,3,15,4
ul D UR ur BS DL U,2,14,59,8,3,15,4
ul D ur UR BS U DL,2,14,59,8,3,14,4
ul D UR ur BS U DL,2,14,59,8,3,14,4
ul D ur UR DL BS U,2,14,59,8,3,13,4
ul D UR ur DL BS U,2,14,59,8,3,15,4
ul UR BS D DL ur U,2,14,59,8,3,13,3
ul UR BS D U ur DL,2,14,59,8,3,16,4
ul ur BS D UR DL U,2,14,59,8,3,13,3
ul UR BS D ur DL U,2,14,59,8,3,13,3
ul ur BS D UR U DL,2,14,59,8,3,12,3
ul UR BS D ur U DL,2,14,59,8,3,14,3
ul UR BS U D ur DL,2,14,59,8,3,14,4
ul UR BS U ur D DL,2,14,59,8,3,12,3
ul ur BS UR D DL U,2,14,59,8,3,13,3
ul UR BS ur D DL U,2,14,59,8,3,11,3
ul ur BS UR D U DL,2,14,59,8,3,16,4
ul UR BS ur D U DL,2,14,59,8,3,14,4
ul ur BS UR U D DL,2,14,59,8,3,12,4
ul UR BS ur U D DL,2,14,59,8,3,14,4
ul UR D BS DL ur U,2,14,59,8,3,15,3
ul UR D BS U ur DL,2,14,59,8,3,14,3
ul ur D BS UR DL U,2,14,59,8,3,13,3
ul UR D BS ur DL U,2,14,59,8,3,13,3
ul ur D BS UR U DL,2,14,59,8,3,12,3
ul UR D BS ur U DL,2,14,59,8,3,14,3
ul UR D DL BS ur U,2,14,59,8,3,13,3
ul UR D DL ur BS U,2,14,59,8,3,11,3
ul ur D UR BS DL U,2,14,59,8,3,15,3
ul UR D ur BS DL U,2,14,59,8,3,13,3
ul ur D UR BS U DL,2,14,59,8,3,14,3
ul UR D ur BS U DL,2,14,59,8,3,12,3
ul ur D UR DL BS U,2,14,59,8,3,13,3
ul UR D ur DL BS U,2,14,59,8,3,13,3
ul ur UR BS D DL U,2,14,59,8,3,15,4
ul UR ur BS D DL U,2,14,59,8,3,13,4
ul ur UR BS D U DL,2,14,59,8,3,18,4
ul UR ur BS D U DL,2,14,59,8,3,16,4
ul ur UR BS U D DL,2,14,59,8,3,16,4
ul UR ur BS U D DL,2,14,59,8,3,14,4
ul ur UR D BS DL U,2,14,59,8,3,17,4
ul UR ur D BS DL U,2,14,59,8,3,15,4
ul ur UR D BS U DL,2,14,59,8,3,16,4
ul UR ur D BS U DL,2,14,59,8,3,14,4
ul ur UR D DL BS U,2,14,59,8,3,15,4
ul UR ur D DL BS U,2,14,59,8,3,13,4
ur BS D DL UR ul U,2,14,59,8,3,11,3
UR BS D U ul ur DL,2,14,59,8,3,16,4
UR BS D U ur ul DL,2,14,59,8,3,16,4
UR BS D ul DL ur U,2,14,59,8,3,13,3
UR BS D ul U ur DL,2,14,59,8,3,14,3
ur BS D ul UR DL U,2,14,59,8,3,11,3
UR BS D ul ur DL U,2,14,59,8,3,13,3
ur BS D ul UR U DL,2,14,59,8,3,10,3
UR BS D ul ur U DL,2,14,59,8,3,14,3
ur BS D UR DL ul U,2,14,59,8,3,13,3
UR BS D ur DL ul U,2,14,59,8,3,13,3
ur BS D UR U ul DL,2,14,59,8,3,12,3
UR BS D ur U ul DL,2,14,59,8,3,14,3
ur BS D UR ul DL U,2,14,59,8,3,13,3
UR BS D ur ul DL U,2,14,59,8,3,13,3
ur BS D UR ul U DL,2,14,59,8,3,14,3
UR BS D ur ul U DL,2,14,59,8,3,14,3
UR BS U D ul ur DL,2,14,59,8,3,14,4
UR BS U D ur ul DL,2,14,59,8,3,14,4
UR BS U ul D ur DL,2,14,59,8,3,12,3
UR BS U ul ur D DL,2,14,59,8,3,12,3
UR BS U ur D ul DL,2,14,59,8,3,12,3
UR BS U ur ul D DL,2,14,59,8,3,12,3
UR BS ul D DL ur U,2,14,59,8,3,13,3
UR BS ul D U ur DL,2,14,59,8,3,16,4
ur BS ul D UR DL U,2,14,59,8,3,13,3
UR BS ul D ur DL U,2,14,59,8,3,13,3
ur BS ul D UR U DL,2,14,59,8,3,12,3
UR BS ul D ur U DL,2,14,59,8,3,14,3
UR BS ul U D ur DL,2,14,59,8,3,16,4
UR BS ul U ur D DL,2,14,59,8,3,14,3
ur BS ul UR D DL U,2,14,59,8,3,13,3
UR BS ul ur D DL U,2,14,59,8,3,13,3
ur BS ul UR D U DL,2,14,59,8,3,16,4
UR BS ul ur D U DL,2,14,59,8,3,16,4
ur BS ul UR U D DL,2,14,59,8,3,12,4
UR BS ul ur U D DL,2,14,59,8,3,16,4
ur BS UR D DL ul U,2,14,59,8,3,13,3
UR BS ur D DL ul U,2,14,59,8,3,11,3
ur BS UR D U ul DL,2,14,59,8,3,16,4
UR BS ur D U ul DL,2,14,59,8,3,14,4
ur BS UR D ul DL U,2,14,59,8,3,13,3
UR BS ur D ul DL U,2,14,59,8,3,11,3
ur BS UR D ul U DL,2,14,59,8,3,14,3
UR BS ur D ul U DL,2,14,59,8,3,12,3
ur BS UR U D ul DL,2,14,59,8,3,12,4
UR BS ur U D ul DL,2,14,59,8,3,14,4
ur BS UR U ul D DL,2,14,59,8,3,10,3
UR BS ur U ul D DL,2,14,59,8,3,12,3
ur BS UR ul D DL U,2,14,59,8,3,11,3
UR BS ur ul D DL U,2,14,59,8,3,11,3
ur BS UR ul D U DL,2,14,59,8,3,14,4
UR BS ur ul D U DL,2,14,59,8,3,14,4
ur BS UR ul U D DL,2,14,59,8,3,14,4
UR BS ur ul U D DL,2,14,59,8,3,14,4
ur D BS DL UR ul U,2,14,59,8,3,13,3
UR D BS U ul ur DL,2,14,59,8,3,14,3
UR D BS U ur ul DL,2,14,59,8,3,14,3
UR D BS ul DL ur U,2,14,59,8,3,15,3
UR D BS ul U ur DL,2,14,59,8,3,16,3
ur D BS ul UR DL U,2,14,59,8,3,13,3
UR D BS ul ur DL U,2,14,59,8,3,15,3
ur D BS ul UR U DL,2,14,59,8,3,12,3
UR D BS ul ur U DL,2,14,59,8,3,16,3
ur D BS UR DL ul U,2,14,59,8,3,13,3
UR D BS ur DL ul U,2,14,59,8,3,13,3
ur D BS UR U ul DL,2,14,59,8,3,12,3
UR D BS ur U ul DL,2,14,59,8,3,14,3
ur D BS UR ul DL U,2,14,59,8,3,13,3
UR D BS ur ul DL U,2,14,59,8,3,13,3
ur D BS UR ul U DL,2,14,59,8,3,14,3
UR D BS ur ul U DL,2,14,59,8,3,14,3
UR D ul BS DL ur U,2,14,59,8,3,15,3
UR D ul BS U ur DL,2,14,59,8,3,14,3
ur D ul BS UR DL U,2,14,59,8,3,13,3
UR D ul BS ur DL U,2,14,59,8,3,13,3
ur D ul BS UR U DL,2,14,59,8,3,12,3
UR D ul BS ur U DL,2,14,59,8,3,14,3
UR D ul DL BS ur U,2,14,59,8,3,13,3
UR D ul DL ur BS U,2,14,59,8,3,11,3
ur D ul UR BS DL U,2,14,59,8,3,13,3
UR D ul ur BS DL U,2,14,59,8,3,13,3
ur D ul UR BS U DL,2,14,59,8,3,12,3
UR D ul ur BS U DL,2,14,59,8,3,12,3
ur D ul UR DL BS U,2,14,59,8,3,11,3
UR D ul ur DL BS U,2,14,59,8,3,13,3
ur D UR BS DL ul U,2,14,59,8,3,15,3
UR D ur BS DL ul U,2,14,59,8,3,13,3
ur D UR BS U ul DL,2,14,59,8,3,14,3
UR D ur BS U ul DL,2,14,59,8,3,12,3
ur D UR BS ul DL U,2,14,59,8,3,15,3
UR D ur BS ul DL U,2,14,59,8,3,13,3
ur D UR BS ul U DL,2,14,59,8,3,16,3
UR D ur BS ul U DL,2,14,59,8,3,14,3
ur D UR ul BS DL U,2,14,59,8,3,15,3
UR D ur ul BS DL U,2,14,59,8,3,15,3
ur D UR ul BS U DL,2,14,59,8,3,14,3
UR D ur ul BS U DL,2,14,59,8,3,14,3
ur D UR ul DL BS U,2,14,59,8,3,13,3
UR D ur ul DL BS U,2,14,59,8,3,13,3
UR ul BS D DL ur U,2,14,59,8,3,13,3
UR ul BS D U ur DL,2,14,59,8,3,16,4
ur ul BS D UR DL U,2,14,59,8,3,15,3
UR ul BS D ur DL U,2,14,59,8,3,13,3
ur ul BS D UR U DL,2,14,59,8,3,14,3
UR ul BS D ur U DL,2,14,59,8,3,14,3
UR ul BS U D ur DL,2,14,59,8,3,14,4
UR ul BS U ur D DL,2,14,59,8,3,12,3
ur ul BS UR D DL U,2,14,59,8,3,15,3
UR ul BS ur D DL U,2,14,59,8,3,11,3
ur ul BS UR D U DL,2,14,59,8,3,18,4
UR ul BS ur D U DL,2,14,59,8,3,14,4
ur ul BS UR U D DL,2,14,59,8,3,14,4
UR ul BS ur U D DL,2,14,59,8,3,14,4
UR ul D BS DL ur U,2,14,59,8,3,13,3
UR ul D BS U ur DL,2,14,59,8,3,12,3
ur ul D BS UR DL U,2,14,59,8,3,13,3
UR ul D BS ur DL U,2,14,59,8,3,11,3
ur ul D BS UR U DL,2,14,59,8,3,12,3
UR ul D BS ur U DL,2,14,59,8,3,12,3
UR ul D DL BS ur U,2,14,59,8,3,11,3
UR ul D DL ur BS U,2,14,59,8,3,9,2
ur ul D UR BS DL U,2,14,59,8,3,15,3
UR ul D ur BS DL U,2,14,59,8,3,11,3
ur ul D UR BS U DL,2,14,59,8,3,14,3
UR ul D ur BS U DL,2,14,59,8,3,10,3
ur ul D UR DL BS U,2,14,59,8,3,13,3
UR ul D ur DL BS U,2,14,59,8,3,11,3
ur ul UR BS D DL U,2,14,59,8,3,13,3
UR ul ur BS D DL U,2,14,59,8,3,11,3
ur ul UR BS D U DL,2,14,59,8,3,16,4
UR ul ur BS D U DL,2,14,59,8,3,14,4
ur ul UR BS U D DL,2,14,59,8,3,14,4
UR ul ur BS U D DL,2,14,59,8,3,12,4
ur ul UR D BS DL U,2,14,59,8,3,15,3
UR ul ur D BS DL U,2,14,59,8,3,13,3
ur ul UR D BS U DL,2,14,59,8,3,14,3
UR ul ur D BS U DL,2,14,59,8,3,12,3
ur ul UR D DL BS U,2,14,59,8,3,13,3
UR ul ur D DL BS U,2,14,59,8,3,11,3
ur UR BS D DL ul U,2,14,59,8,3,15,4
UR ur BS D DL ul U,2,14,59,8,3,13,4
ur UR BS D U ul DL,2,14,59,8,3,18,4
UR ur BS D U ul DL,2,14,59,8,3,16,4
ur UR BS D ul DL U,2,14,59,8,3,15,4
UR ur BS D ul DL U,2,14,59,8,3,13,4
ur UR BS D ul U DL,2,14,59,8,3,16,4
UR ur BS D ul U DL,2,14,59,8,3,14,4
ur UR BS U D ul DL,2,14,59,8,3,16,4
UR ur BS U D ul DL,2,14,59,8,3,14,4
ur UR BS U ul D DL,2,14,59,8,3,14,4
UR ur BS U ul D DL,2,14,59,8,3,12,4
ur UR BS ul D DL U,2,14,59,8,3,15,4
UR ur BS ul D DL U,2,14,59,8,3,13,4
ur UR BS ul D U DL,2,14,59,8,3,18,4
UR ur BS ul D U DL,2,14,59,8,3,16,4
ur UR BS ul U D DL,2,14,59,8,3,18,4
UR ur BS ul U D DL,2,14,59,8,3,16,4
ur UR D BS DL ul U,2,14,59,8,3,17,4
UR ur D BS DL ul U,2,14,59,8,3,15,4
ur UR D BS U ul DL,2,14,59,8,3,16,4
UR ur D BS U ul DL,2,14,59,8,3,14,4
ur UR D BS ul DL U,2,14,59,8,3,17,4
UR ur D BS ul DL U,2,14,59,8,3,15,4
ur UR D BS ul U DL,2,14,59,8,3,18,4
UR ur D BS ul U DL,2,14,59,8,3,16,4
ur UR D ul BS DL U,2,14,59,8,3,17,4
UR ur D ul BS DL U,2,14,59,8,3,15,4
ur UR D ul BS U DL,2,14,59,8,3,16,4
UR ur D ul BS U DL,2,14,59,8,3,14,4
ur UR D ul DL BS U,2,14,59,8,3,15,4
UR ur D ul DL BS U,2,14,59,8,3,13,4
ur UR ul BS D DL U,2,14,59,8,3,15,4
UR ur ul BS D DL U,2,14,59,8,3,15,4
ur UR ul BS D U DL,2,14,59,8,3,18,4
UR ur ul BS D U DL,2,14,59,8,3,18,4
ur UR ul BS U D DL,2,14,59,8,3,16,4
UR ur ul BS U D DL,2,14,59,8,3,16,4
ur UR ul D BS DL U,2,14,59,8,3,15,4
UR ur ul D BS DL U,2,14,59,8,3,15,4
ur UR ul D BS U DL,2,14,59,8,3,14,4
UR ur ul D BS U DL,2,14,59,8,3,14,4
ur UR ul D DL BS U,2,14,59,8,3,13,4
UR ur ul D DL BS U,2,14,59,8,3,13,4
D U ul UR BS ur DL,2,14,61,9,3,15,4
D U ul ur UR BS DL,2,14,61,9,3,19,4
D U ul UR ur BS DL,2,14,61,9,3,17,4
D U UR BS ul ur DL,2,14,61,9,3,15,4
D U UR BS ur ul DL,2,14,61,9,3,13,4
D U UR ul BS ur DL,2,14,61,9,3,13,4
D U ur ul UR BS DL,2,14,61,9,3,17,4
D U UR ul ur BS DL,2,14,61,9,3,13,4
D U ur UR BS ul DL,2,14,61,9,3,19,4
D U UR ur BS ul DL,2,14,61,9,3,15,4
D U ur UR ul BS DL,2,14,61,9,3,19,4
D U UR ur ul BS DL,2,14,61,9,3,17,4
D ul U UR BS ur DL,2,14,61,9,3,11,3
D ul U ur UR BS DL,2,14,61,9,3,17,4
D ul U UR ur BS DL,2,14,61,9,3,13,4
D ul UR U BS ur DL,2,14,61,9,3,9,2
D ul ur U UR BS DL,2,14,61,9,3,13,3
D ul UR U ur BS DL,2,14,61,9,3,11,3
D ul ur UR U BS DL,2,14,61,9,3,13,4
D ul UR ur U BS DL,2,14,61,9,3,15,4
D UR U BS ul ur DL,2,14,61,9,3,13,3
D UR U BS ur ul DL,2,14,61,9,3,11,3
D UR U ul BS ur DL,2,14,61,9,3,13,3
D ur U ul UR BS DL,2,14,61,9,3,15,3
D UR U ul ur BS DL,2,14,61,9,3,13,3
D ur U UR BS ul DL,2,14,61,9,3,13,3
D UR U ur BS ul DL,2,14,61,9,3,13,3
D ur U UR ul BS DL,2,14,61,9,3,13,3
D UR U ur ul BS DL,2,14,61,9,3,15,3
D UR ul U BS ur DL,2,14,61,9,3,13,3
D ur ul U UR BS DL,2,14,61,9,3,13,3
D UR ul U ur BS DL,2,14,61,9,3,15,3
D ur ul UR U BS DL,2,14,61,9,3,11,3
D UR ul ur U BS DL,2,14,61,9,3,15,3
D ur UR U BS ul DL,2,14,61,9,3,13,4
D UR ur U BS ul DL,2,14,61,9,3,17,4
D ur UR U ul BS DL,2,14,61,9,3,15,4
D UR ur U ul BS DL,2,14,61,9,3,19,4
D ur UR ul U BS DL,2,14,61,9,3,15,4
D UR ur ul U BS DL,2,14,61,9,3,17,4
U D ul UR BS ur DL,2,14,61,9,3,13,4
U D ul ur UR BS DL,2,14,61,9,3,17,4
U D ul UR ur BS DL,2,14,61,9,3,15,4
U D UR BS ul ur DL,2,14,61,9,3,17,4
U D UR BS ur ul DL,2,14,61,9,3,15,4
U D UR ul BS ur DL,2,14,61,9,3,15,4
U D ur ul UR BS DL,2,14,61,9,3,15,4
U D UR ul ur BS DL,2,14,61,9,3,15,4
U D ur UR BS ul DL,2,14,61,9,3,17,4
U D UR ur BS ul DL,2,14,61,9,3,17,4
U D ur UR ul BS DL,2,14,61,9,3,17,4
U D UR ur ul BS DL,2,14,61,9,3,19,4
U ul D UR BS ur DL,2,14,61,9,3,13,3
U ul D ur UR BS DL,2,14,61,9,3,15,4
U ul D UR ur BS DL,2,14,61,9,3,15,4
U ul UR BS D ur DL,2,14,61,9,3,13,3
U ul UR BS ur D DL,2,14,61,9,3,11,3
U ul UR D BS ur DL,2,14,61,9,3,13,3
U ul ur D UR BS DL,2,14,61,9,3,15,3
U ul UR D ur BS DL,2,14,61,9,3,13,3
U ul ur UR BS D DL,2,14,61,9,3,15,4
U ul UR ur BS D DL,2,14,61,9,3,13,4
U ul ur UR D BS DL,2,14,61,9,3,17,4
U ul UR ur D BS DL,2,14,61,9,3,15,4
U UR BS D ul ur DL,2,14,61,9,3,11,3
U UR BS D ur ul DL,2,14,61,9,3,11,3
U UR BS ul D ur DL,2,14,61,9,3,11,3
U UR BS ul ur D DL,2,14,61,9,3,11,3
U UR BS ur D ul DL,2,14,61,9,3,9,3
U UR BS ur ul D DL,2,14,61,9,3,9,3
U UR D BS ul ur DL,2,14,61,9,3,13,3
U UR D BS ur ul DL,2,14,61,9,3,11,3
U UR D ul BS ur DL,2,14,61,9,3,11,3
U ur D ul UR BS DL,2,14,61,9,3,13,3
U UR D ul ur BS DL,2,14,61,9,3,11,3
U ur D UR BS ul DL,2,14,61,9,3,15,3
U UR D ur BS ul DL,2,14,61,9,3,11,3
U ur D UR ul BS DL,2,14,61,9,3,15,3
U UR D ur ul BS DL,2,14,61,9,3,13,3
U UR ul BS D ur DL,2,14,61,9,3,11,3
U UR ul BS ur D DL,2,14,61,9,3,9,3
U UR ul D BS ur DL,2,14,61,9,3,9,2
U ur ul D UR BS DL,2,14,61,9,3,15,3
U UR ul D ur BS DL,2,14,61,9,3,9,3
U ur ul UR BS D DL,2,14,61,9,3,13,3
U UR ul ur BS D DL,2,14,61,9,3,9,2
U ur ul UR D BS DL,2,14,61,9,3,15,3
U UR ul ur D BS DL,2,14,61,9,3,11,3
U ur UR BS D ul DL,2,14,61,9,3,15,4
U UR ur BS D ul DL,2,14,61,9,3,11,4
U ur UR BS ul D DL,2,14,61,9,3,15,4
U UR ur BS ul D DL,2,14,61,9,3,11,4
U ur UR D BS ul DL,2,14,61,9,3,17,4
U UR ur D BS ul DL,2,14,61,9,3,13,4
U ur UR D ul BS DL,2,14,61,9,3,17,4
U UR ur D ul BS DL,2,14,61,9,3,13,4
U ur UR ul BS D DL,2,14,61,9,3,15,4
U UR ur ul BS D DL,2,14,61,9,3,13,4
U ur UR ul D BS DL,2,14,61,9,3,15,4
U UR ur ul D BS DL,2,14,61,9,3,13,4
ul D U UR BS ur DL,2,14,61,9,3,12,4
ul D U ur UR BS DL,2,14,61,9,3,18,4
ul D U UR ur BS DL,2,14,61,9,3,14,4
ul D UR U BS ur DL,2,14,61,9,3,10,3
ul D ur U UR BS DL,2,14,61,9,3,12,3
ul D UR U ur BS DL,2,14,61,9,3,12,3
ul D ur UR U BS DL,2,14,61,9,3,12,4
ul D UR ur U BS DL,2,14,61,9,3,16,4
ul U D UR BS ur DL,2,14,61,9,3,16,4
ul U D ur UR BS DL,2,14,61,9,3,18,4
ul U D UR ur BS DL,2,14,61,9,3,18,4
ul U UR BS D ur DL,2,14,61,9,3,12,3
ul U UR BS ur D DL,2,14,61,9,3,10,3
ul U UR D BS ur DL,2,14,61,9,3,12,3
ul U ur D UR BS DL,2,14,61,9,3,16,3
ul U UR D ur BS DL,2,14,61,9,3,12,3
ul U ur UR BS D DL,2,14,61,9,3,16,4
ul U UR ur BS D DL,2,14,61,9,3,12,4
ul U ur UR D BS DL,2,14,61,9,3,18,4
ul U UR ur D BS DL,2,14,61,9,3,14,4
ul UR D U BS ur DL,2,14,61,9,3,14,4
ul ur D U UR BS DL,2,14,61,9,3,14,4
ul UR D U ur BS DL,2,14,61,9,3,16,4
ul ur D UR U BS DL,2,14,61,9,3,12,3
ul UR D ur U BS DL,2,14,61,9,3,14,3
ul UR U BS D ur DL,2,14,61,9,3,10,2
ul UR U BS ur D DL,2,14,61,9,3,8,2
ul UR U D BS ur DL,2,14,61,9,3,12,4
ul ur U D UR BS DL,2,14,61,9,3,18,4
ul UR U D ur BS DL,2,14,61,9,3,12,4
ul ur U UR BS D DL,2,14,61,9,3,12,3
ul UR U ur BS D DL,2,14,61,9,3,10,3
ul ur U UR D BS DL,2,14,61,9,3,14,3
ul UR U ur D BS DL,2,14,61,9,3,12,3
ul ur UR D U BS DL,2,14,61,9,3,18,4
ul UR ur D U BS DL,2,14,61,9,3,16,4
ul ur UR U BS D DL,2,14,61,9,3,12,4
ul UR ur U BS D DL,2,14,61,9,3,14,4
ul ur UR U D BS DL,2,14,61,9,3,16,4
ul UR ur U D BS DL,2,14,61,9,3,18,4
UR D U BS ul ur DL,2,14,61,9,3,16,4
UR D U BS ur ul DL,2,14,61,9,3,14,4
UR D U ul BS ur DL,2,14,61,9,3,16,4
ur D U ul UR BS DL,2,14,61,9,3,16,4
UR D U ul ur BS DL,2,14,61,9,3,16,4
ur D U UR BS ul DL,2,14,61,9,3,14,4
UR D U ur BS ul DL,2,14,61,9,3,16,4
ur D U UR ul BS DL,2,14,61,9,3,14,4
UR D U ur ul BS DL,2,14,61,9,3,18,4
UR D ul U BS ur DL,2,14,61,9,3,12,3
ur D ul U UR BS DL,2,14,61,9,3,12,3
UR D ul U ur BS DL,2,14,61,9,3,14,3
ur D ul UR U BS DL,2,14,61,9,3,10,3
UR D ul ur U BS DL,2,14,61,9,3,14,3
ur D UR U BS ul DL,2,14,61,9,3,12,3
UR D ur U BS ul DL,2,14,61,9,3,14,3
ur D UR U ul BS DL,2,14,61,9,3,14,3
UR D ur U ul BS DL,2,14,61,9,3,16,3
ur D UR ul U BS DL,2,14,61,9,3,14,3
UR D ur ul U BS DL,2,14,61,9,3,14,3
UR U BS D ul ur DL,2,14,61,9,3,10,2
UR U BS D ur ul DL,2,14,61,9,3,10,2
UR U BS ul D ur DL,2,14,61,9,3,10,3
UR U BS ul ur D DL,2,14,61,9,3,10,3
UR U BS ur D ul DL,2,14,61,9,3,8,2
UR U BS ur ul D DL,2,14,61,9,3,8,2
UR U D BS ul ur DL,2,14,61,9,3,14,4
UR U D BS ur ul DL,2,14,61,9,3,12,4
UR U D ul BS ur DL,2,14,61,9,3,12,4
ur U D ul UR BS DL,2,14,61,9,3,16,4
UR U D ul ur BS DL,2,14,61,9,3,12,4
ur U D UR BS ul DL,2,14,61,9,3,18,4
UR U D ur BS ul DL,2,14,61,9,3,12,4
ur U D UR ul BS DL,2,14,61,9,3,18,4
UR U D ur ul BS DL,2,14,61,9,3,14,4
UR U ul BS D ur DL,2,14,61,9,3,12,3
UR U ul BS ur D DL,2,14,61,9,3,10,3
UR U ul D BS ur DL,2,14,61,9,3,10,3
ur U ul D UR BS DL,2,14,61,9,3,16,3
UR U ul D ur BS DL,2,14,61,9,3,10,3
ur U ul UR BS D DL,2,14,61,9,3,14,3
UR U ul ur BS D DL,2,14,61,9,3,10,3
ur U ul UR D BS DL,2,14,61,9,3,16,3
UR U ul ur D BS DL,2,14,61,9,3,12,3
ur U UR BS D ul DL,2,14,61,9,3,12,3
UR U ur BS D ul DL,2,14,61,9,3,10,3
ur U UR BS ul D DL,2,14,61,9,3,12,3
UR U ur BS ul D DL,2,14,61,9,3,10,3
ur U UR D BS ul DL,2,14,61,9,3,14,3
UR U ur D BS ul DL,2,14,61,9,3,12,3
ur U UR D ul BS DL,2,14,61,9,3,14,3
UR U ur D ul BS DL,2,14,61,9,3,12,3
ur U UR ul BS D DL,2,14,61,9,3,12,3
UR U ur ul BS D DL,2,14,61,9,3,12,3
ur U UR ul D BS DL,2,14,61,9,3,12,3
UR U ur ul D BS DL,2,14,61,9,3,12,3
UR ul D U BS ur DL,2,14,61,9,3,12,4
ur ul D U UR BS DL,2,14,61,9,3,14,4
UR ul D U ur BS DL,2,14,61,9,3,14,4
ur ul D UR U BS DL,2,14,61,9,3,12,3
UR ul D ur U BS DL,2,14,61,9,3,12,3
UR ul U BS D ur DL,2,14,61,9,3,12,3
UR ul U BS ur D DL,2,14,61,9,3,10,3
UR ul U D BS ur DL,2,14,61,9,3,14,4
ur ul U D UR BS DL,2,14,61,9,3,18,4
UR ul U D ur BS DL,2,14,61,9,3,14,4
ur ul U UR BS D DL,2,14,61,9,3,12,3
UR ul U ur BS D DL,2,14,61,9,3,12,3
ur ul U UR D BS DL,2,14,61,9,3,14,3
UR ul U ur D BS DL,2,14,61,9,3,14,3
ur ul UR D U BS DL,2,14,61,9,3,16,4
UR ul ur D U BS DL,2,14,61,9,3,14,4
ur ul UR U BS D DL,2,14,61,9,3,10,2
UR ul ur U BS D DL,2,14,61,9,3,12,3
ur ul UR U D BS DL,2,14,61,9,3,14,4
UR ul ur U D BS DL,2,14,61,9,3,16,4
ur UR D U BS ul DL,2,14,61,9,3,18,4
UR ur D U BS ul DL,2,14,61,9,3,16,4
ur UR D U ul BS DL,2,14,61,9,3,20,4
UR ur D U ul BS DL,2,14,61,9,3,18,4
ur UR D ul U BS DL,2,14,61,9,3,16,4
UR ur D ul U BS DL,2,14,61,9,3,14,4
ur UR U BS D ul DL,2,14,61,9,3,12,4
UR ur U BS D ul DL,2,14,61,9,3,14,4
ur UR U BS ul D DL,2,14,61,9,3,12,4
UR ur U BS ul D DL,2,14,61,9,3,14,4
ur UR U D BS ul DL,2,14,61,9,3,16,4
UR ur U D BS ul DL,2,14,61,9,3,18,4
ur UR U D ul BS DL,2,14,61,9,3,16,4
UR ur U D ul BS DL,2,14,61,9,3,18,4
ur UR U ul BS D DL,2,14,61,9,3,14,4
UR ur U ul BS D DL,2,14,61,9,3,16,4
ur UR U ul D BS DL,2,14,61,9,3,14,4
UR ur U ul D BS DL,2,14,61,9,3,16,4
ur UR ul D U BS DL,2,14,61,9,3,16,4
UR ur ul D U BS DL,2,14,61,9,3,16,4
ur UR ul U BS D DL,2,14,61,9,3,14,4
UR ur ul U BS D DL,2,14,61,9,3,14,4
ur UR ul U D BS DL,2,14,61,9,3,18,4
UR ur ul U D BS DL,2,14,61,9,3,18,4
BS DL ul UR D ur U,2,14,65,8,3,14,3
BS DL ul UR U ur D,2,14,65,8,3,12,3
BS DL ul ur UR D U,2,14,65,8,3,18,4
BS DL ul UR ur D U,2,14,65,8,3,16,4
BS DL ul ur UR U D,2,14,65,8,3,16,4
BS DL ul UR ur U D,2,14,65,8,3,18,4
BS DL ur D UR ul U,2,14,65,8,3,14,3
BS DL UR U ul ur D,2,14,65,8,3,12,3
BS DL UR U ur ul D,2,14,65,8,3,12,3
BS DL UR ul D ur U,2,14,65,8,3,12,3
BS DL UR ul U ur D,2,14,65,8,3,14,3
BS DL ur ul UR D U,2,14,65,8,3,16,4
BS DL UR ul ur D U,2,14,65,8,3,14,4
BS DL ur ul UR U D,2,14,65,8,3,14,4
BS DL UR ul ur U D,2,14,65,8,3,16,4
BS DL ur UR D ul U,2,14,65,8,3,16,4
BS DL UR ur D ul U,2,14,65,8,3,14,4
BS DL ur UR U ul D,2,14,65,8,3,14,4
BS DL UR ur U ul D,2,14,65,8,3,16,4
BS DL ur UR ul D U,2,14,65,8,3,16,4
BS DL UR ur ul D U,2,14,65,8,3,16,4
BS DL ur UR ul U D,2,14,65,8,3,18,4
BS DL UR ur ul U D,2,14,65,8,3,18,4
BS ul DL UR D ur U,2,14,65,8,3,14,3
BS ul DL UR U ur D,2,14,65,8,3,12,3
BS ul DL ur UR D U,2,14,65,8,3,18,4
BS ul DL UR ur D U,2,14,65,8,3,16,4
BS ul DL ur UR U D,2,14,65,8,3,16,4
BS ul DL UR ur U D,2,14,65,8,3,18,4
BS ul UR DL D ur U,2,14,65,8,3,12,3
BS ul UR DL U ur D,2,14,65,8,3,14,3
BS ul ur DL UR D U,2,14,65,8,3,16,4
BS ul UR DL ur D U,2,14,65,8,3,14,4
BS ul ur DL UR U D,2,14,65,8,3,14,4
BS ul UR DL ur U D,2,14,65,8,3,16,4
BS ul ur UR DL D U,2,14,65,8,3,16,4
BS ul UR ur DL D U,2,14,65,8,3,16,4
BS ul ur UR DL U D,2,14,65,8,3,18,4
BS ul UR ur DL U D,2,14,65,8,3,18,4
BS ur DL D UR ul U,2,14,65,8,3,12,3
BS UR DL U ul ur D,2,14,65,8,3,14,3
BS UR DL U ur ul D,2,14,65,8,3,14,3
BS UR DL ul D ur U,2,14,65,8,3,12,3
BS UR DL ul U ur D,2,14,65,8,3,14,3
BS ur DL ul UR D U,2,14,65,8,3,14,4
BS UR DL ul ur D U,2,14,65,8,3,14,4
BS ur DL ul UR U D,2,14,65,8,3,12,4
BS UR DL ul ur U D,2,14,65,8,3,16,4
BS ur DL UR D ul U,2,14,65,8,3,12,3
BS UR DL ur D ul U,2,14,65,8,3,12,3
BS ur DL UR U ul D,2,14,65,8,3,10,3
BS UR DL ur U ul D,2,14,65,8,3,14,3
BS ur DL UR ul D U,2,14,65,8,3,12,4
BS UR DL ur ul D U,2,14,65,8,3,14,4
BS ur DL UR ul U D,2,14,65,8,3,14,4
BS UR DL ur ul U D,2,14,65,8,3,16,4
BS UR ul DL D ur U,2,14,65,8,3,12,3
BS UR ul DL U ur D,2,14,65,8,3,14,3
BS ur ul DL UR D U,2,14,65,8,3,14,4
BS UR ul DL ur D U,2,14,65,8,3,14,4
BS ur ul DL UR U D,2,14,65,8,3,12,4
BS UR ul DL ur U D,2,14,65,8,3,16,4
BS ur ul UR DL D U,2,14,65,8,3,12,4
BS UR ul ur DL D U,2,14,65,8,3,14,4
BS ur ul UR DL U D,2,14,65,8,3,14,4
BS UR ul ur DL U D,2,14,65,8,3,16,4
BS ur UR DL D ul U,2,14,65,8,3,12,4
BS UR ur DL D ul U,2,14,65,8,3,14,4
BS ur UR DL U ul D,2,14,65,8,3,14,4
BS UR ur DL U ul D,2,14,65,8,3,16,4
BS ur UR DL ul D U,2,14,65,8,3,14,4
BS UR ur DL ul D U,2,14,65,8,3,16,4
BS ur UR DL ul U D,2,14,65,8,3,16,4
BS UR ur DL ul U D,2,14,65,8,3,18,4
BS ur UR ul DL D U,2,14,65,8,3,14,4
BS UR ur ul DL D U,2,14,65,8,3,16,4
BS ur UR ul DL U D,2,14,65,8,3,16,4
BS UR ur ul DL U D,2,14,65,8,3,18,4
DL BS ul UR D ur U,2,14,65,8,3,15,3
DL BS ul UR U ur D,2,14,65,8,3,13,3
DL BS ul ur UR D U,2,14,65,8,3,19,4
DL BS ul UR ur D U,2,14,65,8,3,17,4
DL BS ul ur UR U D,2,14,65,8,3,17,4
DL BS ul UR ur U D,2,14,65,8,3,19,4
DL BS ur D UR ul U,2,14,65,8,3,13,3
DL BS UR U ul ur D,2,14,65,8,3,13,3
DL BS UR U ur ul D,2,14,65,8,3,13,3
DL BS UR ul D ur U,2,14,65,8,3,13,3
DL BS UR ul U ur D,2,14,65,8,3,15,3
DL BS ur ul UR D U,2,14,65,8,3,15,4
DL BS UR ul ur D U,2,14,65,8,3,15,4
DL BS ur ul UR U D,2,14,65,8,3,13,4
DL BS UR ul ur U D,2,14,65,8,3,17,4
DL BS ur UR D ul U,2,14,65,8,3,15,4
DL BS UR ur D ul U,2,14,65,8,3,15,4
DL BS ur UR U ul D,2,14,65,8,3,13,4
DL BS UR ur U ul D,2,14,65,8,3,17,4
DL BS ur UR ul D U,2,14,65,8,3,15,4
DL BS UR ur ul D U,2,14,65,8,3,17,4
DL BS ur UR ul U D,2,14,65,8,3,17,4
DL BS UR ur ul U D,2,14,65,8,3,19,4
DL ul BS UR D ur U,2,14,65,8,3,15,3
DL ul BS UR U ur D,2,14,65,8,3,13,3
DL ul BS ur UR D U,2,14,65,8,3,17,4
DL ul BS UR ur D U,2,14,65,8,3,17,4
DL ul BS ur UR U D,2,14,65,8,3,15,4
DL ul BS UR ur U D,2,14,65,8,3,19,4
DL ul UR BS D ur U,2,14,65,8,3,13,3
DL ul UR BS U ur D,2,14,65,8,3,13,3
DL ul ur BS UR D U,2,14,65,8,3,15,4
DL ul UR BS ur D U,2,14,65,8,3,13,4
DL ul ur BS UR U D,2,14,65,8,3,13,4
DL ul UR BS ur U D,2,14,65,8,3,15,4
DL ul UR D BS ur U,2,14,65,8,3,13,3
DL ul UR D ur BS U,2,14,65,8,3,11,3
DL ul UR U BS ur D,2,14,65,8,3,9,2
DL ul UR U ur BS D,2,14,65,8,3,11,3
DL ul ur UR BS D U,2,14,65,8,3,17,4
DL ul UR ur BS D U,2,14,65,8,3,15,4
DL ul ur UR BS U D,2,14,65,8,3,17,4
DL ul UR ur BS U D,2,14,65,8,3,15,4
DL ul ur UR D BS U,2,14,65,8,3,15,4
DL ul UR ur D BS U,2,14,65,8,3,13,4
DL ul ur UR U BS D,2,14,65,8,3,13,4
DL ul UR ur U BS D,2,14,65,8,3,15,4
DL ur BS D UR ul U,2,14,65,8,3,13,3
DL UR BS U ul ur D,2,14,65,8,3,13,3
DL UR BS U ur ul D,2,14,65,8,3,13,3
DL UR BS ul D ur U,2,14,65,8,3,13,3
DL UR BS ul U ur D,2,14,65,8,3,15,3
DL ur BS ul UR D U,2,14,65,8,3,15,4
DL UR BS ul ur D U,2,14,65,8,3,15,4
DL ur BS ul UR U D,2,14,65,8,3,13,4
DL UR BS ul ur U D,2,14,65,8,3,17,4
DL ur BS UR D ul U,2,14,65,8,3,13,3
DL UR BS ur D ul U,2,14,65,8,3,11,3
DL ur BS UR U ul D,2,14,65,8,3,11,3
DL UR BS ur U ul D,2,14,65,8,3,13,3
DL ur BS UR ul D U,2,14,65,8,3,13,4
DL UR BS ur ul D U,2,14,65,8,3,13,4
DL ur BS UR ul U D,2,14,65,8,3,15,4
DL UR BS ur ul U D,2,14,65,8,3,15,4
DL UR U BS ul ur D,2,14,65,8,3,11,3
DL UR U BS ur ul D,2,14,65,8,3,9,2
DL UR U ul BS ur D,2,14,65,8,3,11,3
DL UR U ul ur BS D,2,14,65,8,3,11,3
DL UR U ur BS ul D,2,14,65,8,3,11,3
DL UR U ur ul BS D,2,14,65,8,3,13,3
DL UR ul BS D ur U,2,14,65,8,3,13,3
DL UR ul BS U ur D,2,14,65,8,3,13,3
DL ur ul BS UR D U,2,14,65,8,3,17,4
DL UR ul BS ur D U,2,14,65,8,3,13,4
DL ur ul BS UR U D,2,14,65,8,3,15,4
DL UR ul BS ur U D,2,14,65,8,3,15,4
DL UR ul D BS ur U,2,14,65,8,3,11,3
DL UR ul D ur BS U,2,14,65,8,3,9,2
DL UR ul U BS ur D,2,14,65,8,3,11,3
DL UR ul U ur BS D,2,14,65,8,3,13,3
DL ur ul UR BS D U,2,14,65,8,3,15,4
DL UR ul ur BS D U,2,14,65,8,3,13,4
DL ur ul UR BS U D,2,14,65,8,3,15,4
DL UR ul ur BS U D,2,14,65,8,3,13,4
DL ur ul UR D BS U,2,14,65,8,3,13,3
DL UR ul ur D BS U,2,14,65,8,3,11,2
DL ur ul UR U BS D,2,14,65,8,3,11,2
DL UR ul ur U BS D,2,14,65,8,3,13,3
DL ur UR BS D ul U,2,14,65,8,3,15,4
DL UR ur BS D ul U,2,14,65,8,3,13,4
DL ur UR BS U ul D,2,14,65,8,3,15,4
DL UR ur BS U ul D,2,14,65,8,3,13,4
DL ur UR BS ul D U,2,14,65,8,3,17,4
DL UR ur BS ul D U,2,14,65,8,3,15,4
DL ur UR BS ul U D,2,14,65,8,3,19,4
DL UR ur BS ul U D,2,14,65,8,3,17,4
DL ur UR U BS ul D,2,14,65,8,3,13,4
DL UR ur U BS ul D,2,14,65,8,3,15,4
DL ur UR U ul BS D,2,14,65,8,3,15,4
DL UR ur U ul BS D,2,14,65,8,3,17,4
DL ur UR ul BS D U,2,14,65,8,3,17,4
DL UR ur ul BS D U,2,14,65,8,3,17,4
DL ur UR ul BS U D,2,14,65,8,3,17,4
DL UR ur ul BS U D,2,14,65,8,3,17,4
DL ur UR ul D BS U,2,14,65,8,3,13,4
DL UR ur ul D BS U,2,14,65,8,3,13,4
DL ur UR ul U BS D,2,14,65,8,3,15,4
DL UR ur ul U BS D,2,14,65,8,3,15,4
ul BS DL UR D ur U,2,14,65,8,3,15,3
ul BS DL UR U ur D,2,14,65,8,3,13,3
ul BS DL ur UR D U,2,14,65,8,3,19,4
ul BS DL UR ur D U,2,14,65,8,3,17,4
ul BS DL ur UR U D,2,14,65,8,3,17,4
ul BS DL UR ur U D,2,14,65,8,3,19,4
ul BS UR DL D ur U,2,14,65,8,3,13,3
ul BS UR DL U ur D,2,14,65,8,3,15,3
ul BS ur DL UR D U,2,14,65,8,3,15,4
ul BS UR DL ur D U,2,14,65,8,3,15,4
ul BS ur DL UR U D,2,14,65,8,3,13,4
ul BS UR DL ur U D,2,14,65,8,3,17,4
ul BS ur UR DL D U,2,14,65,8,3,15,4
ul BS UR ur DL D U,2,14,65,8,3,17,4
ul BS ur UR DL U D,2,14,65,8,3,17,4
ul BS UR ur DL U D,2,14,65,8,3,19,4
ul DL BS UR D ur U,2,14,65,8,3,15,3
ul DL BS UR U ur D,2,14,65,8,3,13,3
ul DL BS ur UR D U,2,14,65,8,3,17,4
ul DL BS UR ur D U,2,14,65,8,3,17,4
ul DL BS ur UR U D,2,14,65,8,3,15,4
ul DL BS UR ur U D,2,14,65,8,3,19,4
ul DL UR BS D ur U,2,14,65,8,3,13,3
ul DL UR BS U ur D,2,14,65,8,3,13,3
ul DL ur BS UR D U,2,14,65,8,3,15,4
ul DL UR BS ur D U,2,14,65,8,3,13,4
ul DL ur BS UR U D,2,14,65,8,3,13,4
ul DL UR BS ur U D,2,14,65,8,3,15,4
ul DL UR D BS ur U,2,14,65,8,3,13,3
ul DL UR D ur BS U,2,14,65,8,3,11,3
ul DL UR U BS ur D,2,14,65,8,3,9,2
ul DL UR U ur BS D,2,14,65,8,3,11,3
ul DL ur UR BS D U,2,14,65,8,3,17,4
ul DL UR ur BS D U,2,14,65,8,3,15,4
ul DL ur UR BS U D,2,14,65,8,3,17,4
ul DL UR ur BS U D,2,14,65,8,3,15,4
ul DL ur UR D BS U,2,14,65,8,3,15,4
ul DL UR ur D BS U,2,14,65,8,3,13,4
ul DL ur UR U BS D,2,14,65,8,3,13,4
ul DL UR ur U BS D,2,14,65,8,3,15,4
ul UR BS DL D ur U,2,14,65,8,3,13,3
ul UR BS DL U ur D,2,14,65,8,3,15,3
ul ur BS DL UR D U,2,14,65,8,3,15,4
ul UR BS DL ur D U,2,14,65,8,3,15,4
ul ur BS DL UR U D,2,14,65,8,3,13,4
ul UR BS DL ur U D,2,14,65,8,3,17,4
ul ur BS UR DL D U,2,14,65,8,3,13,4
ul UR BS ur DL D U,2,14,65,8,3,13,4
ul ur BS UR DL U D,2,14,65,8,3,15,4
ul UR BS ur DL U D,2,14,65,8,3,15,4
ul UR DL BS D ur U,2,14,65,8,3,13,3
ul UR DL BS U ur D,2,14,65,8,3,13,3
ul ur DL BS UR D U,2,14,65,8,3,17,4
ul UR DL BS ur D U,2,14,65,8,3,13,4
ul ur DL BS UR U D,2,14,65,8,3,15,4
ul UR DL BS ur U D,2,14,65,8,3,15,4
ul UR DL D BS ur U,2,14,65,8,3,11,3
ul UR DL D ur BS U,2,14,65,8,3,9,2
ul UR DL U BS ur D,2,14,65,8,3,11,3
ul UR DL U ur BS D,2,14,65,8,3,13,3
ul ur DL UR BS D U,2,14,65,8,3,15,4
ul UR DL ur BS D U,2,14,65,8,3,13,4
ul ur DL UR BS U D,2,14,65,8,3,15,4
ul UR DL ur BS U D,2,14,65,8,3,13,4
ul ur DL UR D BS U,2,14,65,8,3,13,3
ul UR DL ur D BS U,2,14,65,8,3,11,2
ul ur DL UR U BS D,2,14,65,8,3,11,2
ul UR DL ur U BS D,2,14,65,8,3,13,3
ul ur UR BS DL D U,2,14,65,8,3,17,4
ul UR ur BS DL D U,2,14,65,8,3,15,4
ul ur UR BS DL U D,2,14,65,8,3,19,4
ul UR ur BS DL U D,2,14,65,8,3,17,4
ul ur UR DL BS D U,2,14,65,8,3,17,4
ul UR ur DL BS D U,2,14,65,8,3,17,4
ul ur UR DL BS U D,2,14,65,8,3,17,4
ul UR ur DL BS U D,2,14,65,8,3,17,4
ul ur UR DL D BS U,2,14,65,8,3,13,4
ul UR ur DL D BS U,2,14,65,8,3,13,4
ul ur UR DL U BS D,2,14,65,8,3,15,4
ul UR ur DL U BS D,2,14,65,8,3,15,4
ur BS DL D UR ul U,2,14,65,8,3,13,3
UR BS DL U ul ur D,2,14,65,8,3,15,3
UR BS DL U ur ul D,2,14,65,8,3,15,3
UR BS DL ul D ur U,2,14,65,8,3,13,3
UR BS DL ul U ur D,2,14,65,8,3,15,3
ur BS DL ul UR D U,2,14,65,8,3,15,4
UR BS DL ul ur D U,2,14,65,8,3,15,4
ur BS DL ul UR U D,2,14,65,8,3,13,4
UR BS DL ul ur U D,2,14,65,8,3,17,4
ur BS DL UR D ul U,2,14,65,8,3,13,3
UR BS DL ur D ul U,2,14,65,8,3,13,3
ur BS DL UR U ul D,2,14,65,8,3,11,3
UR BS DL ur U ul D,2,14,65,8,3,15,3
ur BS DL UR ul D U,2,14,65,8,3,13,4
UR BS DL ur ul D U,2,14,65,8,3,15,4
ur BS DL UR ul U D,2,14,65,8,3,15,4
UR BS DL ur ul U D,2,14,65,8,3,17,4
UR BS ul DL D ur U,2,14,65,8,3,13,3
UR BS ul DL U ur D,2,14,65,8,3,15,3
ur BS ul DL UR D U,2,14,65,8,3,15,4
UR BS ul DL ur D U,2,14,65,8,3,15,4
ur BS ul DL UR U D,2,14,65,8,3,13,4
UR BS ul DL ur U D,2,14,65,8,3,17,4
ur BS ul UR DL D U,2,14,65,8,3,13,4
UR BS ul ur DL D U,2,14,65,8,3,15,4
ur BS ul UR DL U D,2,14,65,8,3,15,4
UR BS ul ur DL U D,2,14,65,8,3,17,4
ur BS UR DL D ul U,2,14,65,8,3,11,3
UR BS ur DL D ul U,2,14,65,8,3,11,3
ur BS UR DL U ul D,2,14,65,8,3,13,3
UR BS ur DL U ul D,2,14,65,8,3,13,3
ur BS UR DL ul D U,2,14,65,8,3,13,4
UR BS ur DL ul D U,2,14,65,8,3,13,4
ur BS UR DL ul U D,2,14,65,8,3,15,4
UR BS ur DL ul U D,2,14,65,8,3,15,4
ur BS UR ul DL D U,2,14,65,8,3,13,4
UR BS ur ul DL D U,2,14,65,8,3,13,4
ur BS UR ul DL U D,2,14,65,8,3,15,4
UR BS ur ul DL U D,2,14,65,8,3,15,4
ur DL BS D UR ul U,2,14,65,8,3,15,3
UR DL BS U ul ur D,2,14,65,8,3,13,3
UR DL BS U ur ul D,2,14,65,8,3,13,3
UR DL BS ul D ur U,2,14,65,8,3,13,3
UR DL BS ul U ur D,2,14,65,8,3,15,3
ur DL BS ul UR D U,2,14,65,8,3,17,4
UR DL BS ul ur D U,2,14,65,8,3,15,4
ur DL BS ul UR U D,2,14,65,8,3,15,4
UR DL BS ul ur U D,2,14,65,8,3,17,4
ur DL BS UR D ul U,2,14,65,8,3,15,3
UR DL BS ur D ul U,2,14,65,8,3,11,3
ur DL BS UR U ul D,2,14,65,8,3,13,3
UR DL BS ur U ul D,2,14,65,8,3,13,3
ur DL BS UR ul D U,2,14,65,8,3,15,4
UR DL BS ur ul D U,2,14,65,8,3,13,4
ur DL BS UR ul U D,2,14,65,8,3,17,4
UR DL BS ur ul U D,2,14,65,8,3,15,4
UR DL U BS ul ur D,2,14,65,8,3,13,3
UR DL U BS ur ul D,2,14,65,8,3,11,3
UR DL U ul BS ur D,2,14,65,8,3,13,3
UR DL U ul ur BS D,2,14,65,8,3,13,3
UR DL U ur BS ul D,2,14,65,8,3,13,3
UR DL U ur ul BS D,2,14,65,8,3,15,3
UR DL ul BS D ur U,2,14,65,8,3,13,3
UR DL ul BS U ur D,2,14,65,8,3,13,3
ur DL ul BS UR D U,2,14,65,8,3,17,4
UR DL ul BS ur D U,2,14,65,8,3,13,4
ur DL ul BS UR U D,2,14,65,8,3,15,4
UR DL ul BS ur U D,2,14,65,8,3,15,4
UR DL ul D BS ur U,2,14,65,8,3,11,3
UR DL ul D ur BS U,2,14,65,8,3,9,2
UR DL ul U BS ur D,2,14,65,8,3,11,3
UR DL ul U ur BS D,2,14,65,8,3,13,3
ur DL ul UR BS D U,2,14,65,8,3,15,4
UR DL ul ur BS D U,2,14,65,8,3,13,4
ur DL ul UR BS U D,2,14,65,8,3,15,4
UR DL ul ur BS U D,2,14,65,8,3,13,4
ur DL ul UR D BS U,2,14,65,8,3,13,3
UR DL ul ur D BS U,2,14,65,8,3,11,2
ur DL ul UR U BS D,2,14,65,8,3,11,2
UR DL ul ur U BS D,2,14,65,8,3,13,3
ur DL UR BS D ul U,2,14,65,8,3,13,3
UR DL ur BS D ul U,2,14,65,8,3,11,3
ur DL UR BS U ul D,2,14,65,8,3,13,3
UR DL ur BS U ul D,2,14,65,8,3,11,3
ur DL UR BS ul D U,2,14,65,8,3,15,4
UR DL ur BS ul D U,2,14,65,8,3,13,4
ur DL UR BS ul U D,2,14,65,8,3,17,4
UR DL ur BS ul U D,2,14,65,8,3,15,4
ur DL UR U BS ul D,2,14,65,8,3,11,3
UR DL ur U BS ul D,2,14,65,8,3,13,3
ur DL UR U ul BS D,2,14,65,8,3,13,3
UR DL ur U ul BS D,2,14,65,8,3,15,3
ur DL UR ul BS D U,2,14,65,8,3,15,4
UR DL ur ul BS D U,2,14,65,8,3,15,4
ur DL UR ul BS U D,2,14,65,8,3,15,4
UR DL ur ul BS U D,2,14,65,8,3,15,4
ur DL UR ul D BS U,2,14,65,8,3,11,2
UR DL ur ul D BS U,2,14,65,8,3,11,2
ur DL UR ul U BS D,2,14,65,8,3,13,3
UR DL ur ul U BS D,2,14,65,8,3,13,3
UR ul BS DL D ur U,2,14,65,8,3,13,3
UR ul BS DL U ur D,2,14,65,8,3,15,3
ur ul BS DL UR D U,2,14,65,8,3,17,4
UR ul BS DL ur D U,2,14,65,8,3,15,4
ur ul BS DL UR U D,2,14,65,8,3,15,4
UR ul BS DL ur U D,2,14,65,8,3,17,4
ur ul BS UR DL D U,2,14,65,8,3,15,4
UR ul BS ur DL D U,2,14,65,8,3,13,4
ur ul BS UR DL U D,2,14,65,8,3,17,4
UR ul BS ur DL U D,2,14,65,8,3,15,4
UR ul DL BS D ur U,2,14,65,8,3,13,3
UR ul DL BS U ur D,2,14,65,8,3,13,3
ur ul DL BS UR D U,2,14,65,8,3,17,4
UR ul DL BS ur D U,2,14,65,8,3,13,4
ur ul DL BS UR U D,2,14,65,8,3,15,4
UR ul DL BS ur U D,2,14,65,8,3,15,4
UR ul DL D BS ur U,2,14,65,8,3,11,3
UR ul DL D ur BS U,2,14,65,8,3,9,2
UR ul DL U BS ur D,2,14,65,8,3,11,3
UR ul DL U ur BS D,2,14,65,8,3,13,3
ur ul DL UR BS D U,2,14,65,8,3,15,4
UR ul DL ur BS D U,2,14,65,8,3,13,4
ur ul DL UR BS U D,2,14,65,8,3,15,4
UR ul DL ur BS U D,2,14,65,8,3,13,4
ur ul DL UR D BS U,2,14,65,8,3,13,3
UR ul DL ur D BS U,2,14,65,8,3,11,2
ur ul DL UR U BS D,2,14,65,8,3,11,2
UR ul DL ur U BS D,2,14,65,8,3,13,3
ur ul UR BS DL D U,2,14,65,8,3,15,4
UR ul ur BS DL D U,2,14,65,8,3,13,4
ur ul UR BS DL U D,2,14,65,8,3,17,4
UR ul ur BS DL U D,2,14,65,8,3,15,4
ur ul UR DL BS D U,2,14,65,8,3,15,4
UR ul ur DL BS D U,2,14,65,8,3,15,4
ur ul UR DL BS U D,2,14,65,8,3,15,4
UR ul ur DL BS U D,2,14,65,8,3,15,4
ur ul UR DL D BS U,2,14,65,8,3,11,2
UR ul ur DL D BS U,2,14,65,8,3,11,2
ur ul UR DL U BS D,2,14,65,8,3,13,3
UR ul ur DL U BS D,2,14,65,8,3,13,3
ur UR BS DL D ul U,2,14,65,8,3,15,4
UR ur BS DL D ul U,2,14,65,8,3,13,4
ur UR BS DL U ul D,2,14,65,8,3,17,4
UR ur BS DL U ul D,2,14,65,8,3,15,4
ur UR BS DL ul D U,2,14,65,8,3,17,4
UR ur BS DL ul D U,2,14,65,8,3,15,4
ur UR BS DL ul U D,2,14,65,8,3,19,4
UR ur BS DL ul U D,2,14,65,8,3,17,4
ur UR BS ul DL D U,2,14,65,8,3,17,4
UR ur BS ul DL D U,2,14,65,8,3,15,4
ur UR BS ul DL U D,2,14,65,8,3,19,4
UR ur BS ul DL U D,2,14,65,8,3,17,4
ur UR DL BS D ul U,2,14,65,8,3,15,4
UR ur DL BS D ul U,2,14,65,8,3,15,4
ur UR DL BS U ul D,2,14,65,8,3,15,4
UR ur DL BS U ul D,2,14,65,8,3,15,4
ur UR DL BS ul D U,2,14,65,8,3,17,4
UR ur DL BS ul D U,2,14,65,8,3,17,4
ur UR DL BS ul U D,2,14,65,8,3,19,4
UR ur DL BS ul U D,2,14,65,8,3,19,4
ur UR DL U BS ul D,2,14,65,8,3,15,4
UR ur DL U BS ul D,2,14,65,8,3,15,4
ur UR DL U ul BS D,2,14,65,8,3,17,4
UR ur DL U ul BS D,2,14,65,8,3,17,4
ur UR DL ul BS D U,2,14,65,8,3,17,4
UR ur DL ul BS D U,2,14,65,8,3,17,4
ur UR DL ul BS U D,2,14,65,8,3,17,4
UR ur DL ul BS U D,2,14,65,8,3,17,4
ur UR DL ul D BS U,2,14,65,8,3,13,4
UR ur DL ul D BS U,2,14,65,8,3,13,4
ur UR DL ul U BS D,2,14,65,8,3,15,4
UR ur DL ul U BS D,2,14,65,8,3,15,4
ur UR ul BS DL D U,2,14,65,8,3,17,4
UR ur ul BS DL D U,2,14,65,8,3,17,4
ur UR ul BS DL U D,2,14,65,8,3,19,4
UR ur ul BS DL U D,2,14,65,8,3,19,4
ur UR ul DL BS D U,2,14,65,8,3,17,4
UR ur ul DL BS D U,2,14,65,8,3,17,4
ur UR ul DL BS U D,2,14,65,8,3,17,4
UR ur ul DL BS U D,2,14,65,8,3,17,4
ur UR ul DL D BS U,2,14,65,8,3,13,4
UR ur ul DL D BS U,2,14,65,8,3,13,4
ur UR ul DL U BS D,2,14,65,8,3,15,4
UR ur ul DL U BS D,2,14,65,8,3,15,4
BS D DL UR ul ur U,2,14,69,9,3,12,3
BS D DL ur UR ul U,2,14,69,9,3,14,4
BS D DL UR ur ul U,2,14,69,9,3,14,4
BS D UR DL ul ur U,2,14,69,9,3,14,3
BS D UR DL ur ul U,2,14,69,9,3,14,3
BS DL D UR ul ur U,2,14,69,9,3,14,3
BS DL D ur UR ul U,2,14,69,9,3,14,4
BS DL D UR ur ul U,2,14,69,9,3,16,4
BS DL UR D ul ur U,2,14,69,9,3,14,3
BS DL UR D ur ul U,2,14,69,9,3,14,3
BS UR D DL ul ur U,2,14,69,9,3,14,3
BS UR D DL ur ul U,2,14,69,9,3,14,3
BS UR DL D ul ur U,2,14,69,9,3,12,3
BS UR DL D ur ul U,2,14,69,9,3,12,3
D BS DL UR ul ur U,2,14,69,9,3,14,3
D BS DL ur UR ul U,2,14,69,9,3,16,4
D BS DL UR ur ul U,2,14,69,9,3,16,4
D BS UR DL ul ur U,2,14,69,9,3,14,3
D BS UR DL ur ul U,2,14,69,9,3,14,3
D DL BS UR ul ur U,2,14,69,9,3,14,3
D DL BS ur UR ul U,2,14,69,9,3,14,4
D DL BS UR ur ul U,2,14,69,9,3,16,4
D DL UR BS ul ur U,2,14,69,9,3,14,3
D DL ur BS UR ul U,2,14,69,9,3,12,3
D DL UR BS ur ul U,2,14,69,9,3,12,3
D DL UR ul BS ur U,2,14,69,9,3,12,3
D DL UR ul ur BS U,2,14,69,9,3,10,2
D DL ur UR BS ul U,2,14,69,9,3,16,4
D DL UR ur BS ul U,2,14,69,9,3,14,4
D DL ur UR ul BS U,2,14,69,9,3,14,4
D DL UR ur ul BS U,2,14,69,9,3,14,4
D UR BS DL ul ur U,2,14,69,9,3,16,3
D UR BS DL ur ul U,2,14,69,9,3,16,3
D UR DL BS ul ur U,2,14,69,9,3,16,3
D ur DL BS UR ul U,2,14,69,9,3,14,3
D UR DL BS ur ul U,2,14,69,9,3,14,3
D UR DL ul BS ur U,2,14,69,9,3,14,3
D UR DL ul ur BS U,2,14,69,9,3,12,3
D ur DL UR BS ul U,2,14,69,9,3,14,3
D UR DL ur BS ul U,2,14,69,9,3,14,3
D ur DL UR ul BS U,2,14,69,9,3,12,3
D UR DL ur ul BS U,2,14,69,9,3,14,3
D ur UR DL BS ul U,2,14,69,9,3,16,4
D UR ur DL BS ul U,2,14,69,9,3,18,4
D ur UR DL ul BS U,2,14,69,9,3,14,4
D UR ur DL ul BS U,2,14,69,9,3,16,4
DL BS D UR ul ur U,2,14,69,9,3,15,3
DL BS D ur UR ul U,2,14,69,9,3,15,4
DL BS D UR ur ul U,2,14,69,9,3,17,4
DL BS UR D ul ur U,2,14,69,9,3,15,3
DL BS UR D ur ul U,2,14,69,9,3,15,3
DL D BS UR ul ur U,2,14,69,9,3,13,3
DL D BS ur UR ul U,2,14,69,9,3,13,4
DL D BS UR ur ul U,2,14,69,9,3,15,4
DL D UR BS ul ur U,2,14,69,9,3,15,3
DL D ur BS UR ul U,2,14,69,9,3,11,3
DL D UR BS ur ul U,2,14,69,9,3,13,3
DL D UR ul BS ur U,2,14,69,9,3,13,3
DL D UR ul ur BS U,2,14,69,9,3,11,3
DL D ur UR BS ul U,2,14,69,9,3,15,4
DL D UR ur BS ul U,2,14,69,9,3,15,4
DL D ur UR ul BS U,2,14,69,9,3,13,4
DL D UR ur ul BS U,2,14,69,9,3,15,4
DL UR BS D ul ur U,2,14,69,9,3,13,3
DL UR BS D ur ul U,2,14,69,9,3,13,3
DL UR D BS ul ur U,2,14,69,9,3,15,3
DL ur D BS UR ul U,2,14,69,9,3,13,3
DL UR D BS ur ul U,2,14,69,9,3,13,3
DL UR D ul BS ur U,2,14,69,9,3,13,3
DL UR D ul ur BS U,2,14,69,9,3,11,3
DL ur D UR BS ul U,2,14,69,9,3,15,3
DL UR D ur BS ul U,2,14,69,9,3,13,3
DL ur D UR ul BS U,2,14,69,9,3,13,3
DL UR D ur ul BS U,2,14,69,9,3,13,3
DL ur UR D BS ul U,2,14,69,9,3,17,4
DL UR ur D BS ul U,2,14,69,9,3,15,4
DL ur UR D ul BS U,2,14,69,9,3,15,4
DL UR ur D ul BS U,2,14,69,9,3,13,4
UR BS D DL ul ur U,2,14,69,9,3,13,3
UR BS D DL ur ul U,2,14,69,9,3,13,3
UR BS DL D ul ur U,2,14,69,9,3,13,3
UR BS DL D ur ul U,2,14,69,9,3,13,3
UR D BS DL ul ur U,2,14,69,9,3,15,3
UR D BS DL ur ul U,2,14,69,9,3,15,3
UR D DL BS ul ur U,2,14,69,9,3,15,3
ur D DL BS UR ul U,2,14,69,9,3,13,3
UR D DL BS ur ul U,2,14,69,9,3,13,3
UR D DL ul BS ur U,2,14,69,9,3,13,3
UR D DL ul ur BS U,2,14,69,9,3,11,3
ur D DL UR BS ul U,2,14,69,9,3,13,3
UR D DL ur BS ul U,2,14,69,9,3,13,3
ur D DL UR ul BS U,2,14,69,9,3,11,3
UR D DL ur ul BS U,2,14,69,9,3,13,3
ur D UR DL BS ul U,2,14,69,9,3,15,3
UR D ur DL BS ul U,2,14,69,9,3,15,3
ur D UR DL ul BS U,2,14,69,9,3,13,3
UR D ur DL ul BS U,2,14,69,9,3,13,3
UR DL BS D ul ur U,2,14,69,9,3,13,3
UR DL BS D ur ul U,2,14,69,9,3,13,3
UR DL D BS ul ur U,2,14,69,9,3,13,3
ur DL D BS UR ul U,2,14,69,9,3,13,3
UR DL D BS ur ul U,2,14,69,9,3,11,3
UR DL D ul BS ur U,2,14,69,9,3,11,3
UR DL D ul ur BS U,2,14,69,9,3,9,2
ur DL D UR BS ul U,2,14,69,9,3,15,3
UR DL D ur BS ul U,2,14,69,9,3,11,3
ur DL D UR ul BS U,2,14,69,9,3,13,3
UR DL D ur ul BS U,2,14,69,9,3,11,3
ur DL UR D BS ul U,2,14,69,9,3,15,3
UR DL ur D BS ul U,2,14,69,9,3,13,3
ur DL UR D ul BS U,2,14,69,9,3,13,3
UR DL ur D ul BS U,2,14,69,9,3,11,3
ur UR D DL BS ul U,2,14,69,9,3,17,4
UR ur D DL BS ul U,2,14,69,9,3,15,4
ur UR D DL ul BS U,2,14,69,9,3,15,4
UR ur D DL ul BS U,2,14,69,9,3,13,4
ur UR DL D BS ul U,2,14,69,9,3,15,4
UR ur DL D BS ul U,2,14,69,9,3,15,4
ur UR DL D ul BS U,2,14,69,9,3,13,4
UR ur DL D ul BS U,2,14,69,9,3,13,4
