order,min_memo,max_memo,sum_memo,memorized,d_moves,pin_changes,max_pin_changes
BS dr R UR DL L ur,2,10,28,5,2,11,3
BS R dr UR DL L ur,2,10,28,5,2,11,3
BS R UR DL dr L ur,2,10,28,5,2,9,2
BS R UR dr DL L ur,2,10,28,5,2,9,2
dr BS R UR DL L ur,2,10,28,5,2,10,3
dr R BS UR DL L ur,2,10,28,5,2,12,3
R BS dr UR DL L ur,2,10,28,5,2,11,3
R BS UR DL dr L ur,2,10,28,5,2,11,3
R BS UR dr DL L ur,2,10,28,5,2,11,3
R dr BS UR DL L ur,2,10,28,5,2,13,3
BS R UR DL ur L dr,2,14,32,5,2,9,2
BS R ur UR DL L dr,2,14,32,5,2,13,4
BS R UR ur DL L dr,2,14,32,5,2,11,4
BS ur R UR DL L dr,2,14,32,5,2,9,3
R BS UR DL ur L dr,2,14,32,5,2,11,3
R BS ur UR DL L dr,2,14,32,5,2,11,4
R BS UR ur DL L dr,2,14,32,5,2,13,4
R ur BS UR DL L dr,2,14,32,5,2,11,3
ur BS R UR DL L dr,2,14,32,5,2,8,2
ur R BS UR DL L dr,2,14,32,5,2,12,3
BS dr L R UR DL ur,2,10,32,6,2,13,4
BS dr R L UR DL ur,2,10,32,6,2,17,4
BS dr R UR L DL ur,2,10,32,6,2,13,3
BS L dr R UR DL ur,2,10,32,6,2,11,3
BS L R dr UR DL ur,2,10,32,6,2,15,4
BS L R UR DL dr ur,2,10,32,6,2,13,4
BS L R UR dr DL ur,2,10,32,6,2,13,4
BS R dr L UR DL ur,2,10,32,6,2,13,3
BS R dr UR L DL ur,2,10,32,6,2,13,3
BS R L dr UR DL ur,2,10,32,6,2,13,4
BS R L UR DL dr ur,2,10,32,6,2,15,4
BS R L UR dr DL ur,2,10,32,6,2,15,4
BS R UR DL L dr ur,2,10,32,6,2,9,2
BS R UR dr L DL ur,2,10,32,6,2,9,2
BS R UR L DL dr ur,2,10,32,6,2,11,3
BS R UR L dr DL ur,2,10,32,6,2,11,3
dr BS L R UR DL ur,2,10,32,6,2,14,4
dr BS R L UR DL ur,2,10,32,6,2,16,4
dr BS R UR L DL ur,2,10,32,6,2,12,3
dr L BS R UR DL ur,2,10,32,6,2,10,2
dr L R BS UR DL ur,2,10,32,6,2,14,4
dr R BS L UR DL ur,2,10,32,6,2,14,3
dr R BS UR L DL ur,2,10,32,6,2,14,3
dr R L BS UR DL ur,2,10,32,6,2,16,4
L BS dr R UR DL ur,2,10,32,6,2,13,3
L BS R dr UR DL ur,2,10,32,6,2,13,3
L BS R UR DL dr ur,2,10,32,6,2,11,2
L BS R UR dr DL ur,2,10,32,6,2,11,2
L dr BS R UR DL ur,2,10,32,6,2,11,3
L dr R BS UR DL ur,2,10,32,6,2,13,3
L R BS dr UR DL ur,2,10,32,6,2,15,4
L R BS UR DL dr ur,2,10,32,6,2,15,4
L R BS UR dr DL ur,2,10,32,6,2,15,4
L R dr BS UR DL ur,2,10,32,6,2,17,4
R BS dr L UR DL ur,2,10,32,6,2,13,3
R BS dr UR L DL ur,2,10,32,6,2,13,3
R BS L dr UR DL ur,2,10,32,6,2,11,2
R BS L UR DL dr ur,2,10,32,6,2,13,3
R BS L UR dr DL ur,2,10,32,6,2,13,3
R BS UR DL L dr ur,2,10,32,6,2,11,3
R BS UR dr L DL ur,2,10,32,6,2,11,3
R BS UR L DL dr ur,2,10,32,6,2,13,3
R BS UR L dr DL ur,2,10,32,6,2,13,3
R dr BS L UR DL ur,2,10,32,6,2,15,3
R dr BS UR L DL ur,2,10,32,6,2,15,3
R dr L BS UR DL ur,2,10,32,6,2,13,3
R L BS dr UR DL ur,2,10,32,6,2,15,4
R L BS UR DL dr ur,2,10,32,6,2,15,4
R L BS UR dr DL ur,2,10,32,6,2,15,4
R L dr BS UR DL ur,2,10,32,6,2,15,4
BS L R ur DL UR dr,2,14,36,6,2,15,4
BS L R UR DL ur dr,2,14,36,6,2,13,4
BS L R ur UR DL dr,2,14,36,6,2,17,4
BS L R UR ur DL dr,2,14,36,6,2,15,4
BS L ur DL R UR dr,2,14,36,6,2,11,3
BS L ur R DL UR dr,2,14,36,6,2,13,3
BS L ur R UR DL dr,2,14,36,6,2,11,3
BS R L ur DL UR dr,2,14,36,6,2,13,4
BS R L UR DL ur dr,2,14,36,6,2,15,4
BS R L ur UR DL dr,2,14,36,6,2,15,4
BS R L UR ur DL dr,2,14,36,6,2,17,4
BS R UR DL L ur dr,2,14,36,6,2,9,2
BS R ur L DL UR dr,2,14,36,6,2,11,3
BS R UR L DL ur dr,2,14,36,6,2,11,3
BS R ur L UR DL dr,2,14,36,6,2,13,3
BS R UR L ur DL dr,2,14,36,6,2,11,3
BS R ur UR L DL dr,2,14,36,6,2,15,4
BS R UR ur L DL dr,2,14,36,6,2,11,4
BS ur L DL R UR dr,2,14,36,6,2,9,3
BS ur L R DL UR dr,2,14,36,6,2,13,4
BS ur L R UR DL dr,2,14,36,6,2,11,4
BS ur R L DL UR dr,2,14,36,6,2,13,4
BS ur R L UR DL dr,2,14,36,6,2,15,4
BS ur R UR L DL dr,2,14,36,6,2,11,3
L BS R ur DL UR dr,2,14,36,6,2,13,3
L BS R UR DL ur dr,2,14,36,6,2,11,2
L BS R ur UR DL dr,2,14,36,6,2,15,4
L BS R UR ur DL dr,2,14,36,6,2,13,4
L BS ur DL R UR dr,2,14,36,6,2,11,3
L BS ur R DL UR dr,2,14,36,6,2,13,3
L BS ur R UR DL dr,2,14,36,6,2,11,3
L R BS ur DL UR dr,2,14,36,6,2,13,4
L R BS UR DL ur dr,2,14,36,6,2,15,4
L R BS ur UR DL dr,2,14,36,6,2,15,4
L R BS UR ur DL dr,2,14,36,6,2,17,4
L R ur BS DL UR dr,2,14,36,6,2,15,4
L R ur BS UR DL dr,2,14,36,6,2,15,4
L ur BS DL R UR dr,2,14,36,6,2,11,3
L ur BS R DL UR dr,2,14,36,6,2,11,3
L ur BS R UR DL dr,2,14,36,6,2,9,2
L ur R BS DL UR dr,2,14,36,6,2,13,3
L ur R BS UR DL dr,2,14,36,6,2,13,3
R BS L ur DL UR dr,2,14,36,6,2,11,2
R BS L UR DL ur dr,2,14,36,6,2,13,3
R BS L ur UR DL dr,2,14,36,6,2,13,4
R BS L UR ur DL dr,2,14,36,6,2,15,4
R BS UR DL L ur dr,2,14,36,6,2,11,3
R BS ur L DL UR dr,2,14,36,6,2,9,2
R BS UR L DL ur dr,2,14,36,6,2,13,3
R BS ur L UR DL dr,2,14,36,6,2,11,3
R BS UR L ur DL dr,2,14,36,6,2,13,3
R BS ur UR L DL dr,2,14,36,6,2,13,4
R BS UR ur L DL dr,2,14,36,6,2,13,4
R L BS ur DL UR dr,2,14,36,6,2,13,4
R L BS UR DL ur dr,2,14,36,6,2,15,4
R L BS ur UR DL dr,2,14,36,6,2,15,4
R L BS UR ur DL dr,2,14,36,6,2,17,4
R L ur BS DL UR dr,2,14,36,6,2,13,4
R L ur BS UR DL dr,2,14,36,6,2,13,4
R ur BS L DL UR dr,2,14,36,6,2,11,3
R ur BS L UR DL dr,2,14,36,6,2,13,3
R ur BS UR L DL dr,2,14,36,6,2,13,3
R ur L BS DL UR dr,2,14,36,6,2,13,3
R ur L BS UR DL dr,2,14,36,6,2,13,3
ur BS L DL R UR dr,2,14,36,6,2,10,3
ur BS L R DL UR dr,2,14,36,6,2,14,4
ur BS L R UR DL dr,2,14,36,6,2,12,4
ur BS R L DL UR dr,2,14,36,6,2,12,4
ur BS R L UR DL dr,2,14,36,6,2,14,4
ur BS R UR L DL dr,2,14,36,6,2,10,3
ur L BS DL R UR dr,2,14,36,6,2,12,3
ur L BS R DL UR dr,2,14,36,6,2,12,3
ur L BS R UR DL dr,2,14,36,6,2,10,2
ur L R BS DL UR dr,2,14,36,6,2,14,4
ur L R BS UR DL dr,2,14,36,6,2,14,4
ur R BS L DL UR dr,2,14,36,6,2,12,3
ur R BS L UR DL dr,2,14,36,6,2,14,3
ur R BS UR L DL dr,2,14,36,6,2,14,3
ur R L BS DL UR dr,2,14,36,6,2,16,4
ur R L BS UR DL dr,2,14,36,6,2,16,4
BS DL dr R UR L ur,2,10,38,6,2,13,3
BS DL R dr UR L ur,2,10,38,6,2,15,3
BS DL R UR dr L ur,2,10,38,6,2,11,3
BS dr DL R UR L ur,2,10,38,6,2,13,3
BS dr R DL UR L ur,2,10,38,6,2,15,3
BS R DL dr UR L ur,2,10,38,6,2,13,3
BS R DL UR dr L ur,2,10,38,6,2,11,3
BS R dr DL UR L ur,2,10,38,6,2,13,3
DL BS dr R UR L ur,2,10,38,6,2,14,3
DL BS R dr UR L ur,2,10,38,6,2,14,3
DL BS R UR dr L ur,2,10,38,6,2,10,3
DL dr BS R UR L ur,2,10,38,6,2,12,3
DL dr R BS UR L ur,2,10,38,6,2,14,3
DL dr R UR BS L ur,2,10,38,6,2,12,3
DL dr R UR L BS ur,2,10,38,6,2,12,3
DL R BS dr UR L ur,2,10,38,6,2,14,3
DL R BS UR dr L ur,2,10,38,6,2,12,3
DL R dr BS UR L ur,2,10,38,6,2,16,3
DL R dr UR BS L ur,2,10,38,6,2,14,3
DL R dr UR L BS ur,2,10,38,6,2,14,3
DL R UR BS dr L ur,2,10,38,6,2,12,3
DL R UR dr BS L ur,2,10,38,6,2,12,3
DL R UR dr L BS ur,2,10,38,6,2,10,3
dr BS DL R UR L ur,2,10,38,6,2,14,3
dr BS R DL UR L ur,2,10,38,6,2,14,3
dr DL BS R UR L ur,2,10,38,6,2,12,3
dr DL R BS UR L ur,2,10,38,6,2,14,3
dr DL R UR BS L ur,2,10,38,6,2,12,3
dr DL R UR L BS ur,2,10,38,6,2,12,3
dr R BS DL UR L ur,2,10,38,6,2,14,3
dr R DL BS UR L ur,2,10,38,6,2,16,3
dr R DL UR BS L ur,2,10,38,6,2,14,3
dr R DL UR L BS ur,2,10,38,6,2,14,3
R BS DL dr UR L ur,2,10,38,6,2,13,3
R BS DL UR dr L ur,2,10,38,6,2,11,3
R BS dr DL UR L ur,2,10,38,6,2,13,3
R DL BS dr UR L ur,2,10,38,6,2,15,3
R DL BS UR dr L ur,2,10,38,6,2,13,3
R DL dr BS UR L ur,2,10,38,6,2,15,3
R DL dr UR BS L ur,2,10,38,6,2,13,3
R DL dr UR L BS ur,2,10,38,6,2,13,3
R DL UR BS dr L ur,2,10,38,6,2,13,3
R DL UR dr BS L ur,2,10,38,6,2,13,3
R DL UR dr L BS ur,2,10,38,6,2,11,3
R dr BS DL UR L ur,2,10,38,6,2,15,3
R dr DL BS UR L ur,2,10,38,6,2,15,3
R dr DL UR BS L ur,2,10,38,6,2,13,3
R dr DL UR L BS ur,2,10,38,6,2,13,3
BS dr UR R DL L ur,2,13,39,5,2,11,3
BS UR dr R DL L ur,2,13,39,5,2,13,3
BS UR R DL dr L ur,2,13,39,5,2,11,3
BS UR R dr DL L ur,2,13,39,5,2,11,3
dr BS UR R DL L ur,2,13,39,5,2,12,3
dr UR BS R DL L ur,2,13,39,5,2,12,3
UR BS dr R DL L ur,2,13,39,5,2,14,3
UR BS R DL dr L ur,2,13,39,5,2,12,3
UR BS R dr DL L ur,2,13,39,5,2,12,3
UR dr BS R DL L ur,2,13,39,5,2,12,3
BS DL dr L UR R ur,2,10,40,6,2,13,3
BS DL L dr UR R ur,2,10,40,6,2,11,3
BS dr DL L UR R ur,2,10,40,6,2,13,3
BS dr L DL UR R ur,2,10,40,6,2,11,3
BS L DL dr UR R ur,2,10,40,6,2,11,3
BS L dr DL UR R ur,2,10,40,6,2,11,3
DL BS dr L UR R ur,2,10,40,6,2,14,3
DL BS L dr UR R ur,2,10,40,6,2,12,3
DL dr BS L UR R ur,2,10,40,6,2,14,3
DL dr L BS UR R ur,2,10,40,6,2,12,3
DL dr L UR BS R ur,2,10,40,6,2,14,3
DL dr L UR R BS ur,2,10,40,6,2,10,3
DL L BS dr UR R ur,2,10,40,6,2,12,3
DL L dr BS UR R ur,2,10,40,6,2,12,3
DL L dr UR BS R ur,2,10,40,6,2,12,3
DL L dr UR R BS ur,2,10,40,6,2,8,2
dr BS DL L UR R ur,2,10,40,6,2,14,3
dr BS L DL UR R ur,2,10,40,6,2,12,3
dr DL BS L UR R ur,2,10,40,6,2,14,3
dr DL L BS UR R ur,2,10,40,6,2,12,3
dr DL L UR BS R ur,2,10,40,6,2,14,3
dr DL L UR R BS ur,2,10,40,6,2,10,3
dr L BS DL UR R ur,2,10,40,6,2,12,3
dr L DL BS UR R ur,2,10,40,6,2,12,3
dr L DL UR BS R ur,2,10,40,6,2,12,3
dr L DL UR R BS ur,2,10,40,6,2,8,2
L BS DL dr UR R ur,2,10,40,6,2,13,3
L BS dr DL UR R ur,2,10,40,6,2,13,3
L DL BS dr UR R ur,2,10,40,6,2,13,3
L DL dr BS UR R ur,2,10,40,6,2,13,3
L DL dr UR BS R ur,2,10,40,6,2,13,3
L DL dr UR R BS ur,2,10,40,6,2,9,2
L dr BS DL UR R ur,2,10,40,6,2,13,3
L dr DL BS UR R ur,2,10,40,6,2,13,3
L dr DL UR BS R ur,2,10,40,6,2,13,3
L dr DL UR R BS ur,2,10,40,6,2,9,2
DL dr R UR L ur BS,2,14,40,6,2,11,3
DL dr R ur UR L BS,2,14,40,6,2,17,4
DL dr R UR ur L BS,2,14,40,6,2,13,4
DL dr ur R UR L BS,2,14,40,6,2,13,3
DL R dr UR L ur BS,2,14,40,6,2,13,3
DL R dr ur UR L BS,2,14,40,6,2,17,4
DL R dr UR ur L BS,2,14,40,6,2,15,4
DL R UR dr L ur BS,2,14,40,6,2,9,3
DL R ur dr UR L BS,2,14,40,6,2,15,3
DL R UR dr ur L BS,2,14,40,6,2,11,3
DL R ur UR dr L BS,2,14,40,6,2,15,4
DL R UR ur dr L BS,2,14,40,6,2,13,4
DL ur dr R UR L BS,2,14,40,6,2,13,3
DL ur R dr UR L BS,2,14,40,6,2,15,3
DL ur R UR dr L BS,2,14,40,6,2,11,3
dr DL R UR L ur BS,2,14,40,6,2,11,3
dr DL R ur UR L BS,2,14,40,6,2,17,4
dr DL R UR ur L BS,2,14,40,6,2,13,4
dr DL ur R UR L BS,2,14,40,6,2,13,3
dr R DL UR L ur BS,2,14,40,6,2,13,3
dr R DL ur UR L BS,2,14,40,6,2,17,4
dr R DL UR ur L BS,2,14,40,6,2,15,4
dr R ur DL UR L BS,2,14,40,6,2,15,3
dr ur DL R UR L BS,2,14,40,6,2,13,3
dr ur R DL UR L BS,2,14,40,6,2,15,3
R DL dr UR L ur BS,2,14,40,6,2,12,3
R DL dr ur UR L BS,2,14,40,6,2,16,4
R DL dr UR ur L BS,2,14,40,6,2,14,4
R DL UR dr L ur BS,2,14,40,6,2,10,3
R DL ur dr UR L BS,2,14,40,6,2,14,3
R DL UR dr ur L BS,2,14,40,6,2,12,3
R DL ur UR dr L BS,2,14,40,6,2,14,4
R DL UR ur dr L BS,2,14,40,6,2,14,4
R dr DL UR L ur BS,2,14,40,6,2,12,3
R dr DL ur UR L BS,2,14,40,6,2,16,4
R dr DL UR ur L BS,2,14,40,6,2,14,4
R dr ur DL UR L BS,2,14,40,6,2,14,3
R ur DL dr UR L BS,2,14,40,6,2,14,3
R ur DL UR dr L BS,2,14,40,6,2,12,3
R ur dr DL UR L BS,2,14,40,6,2,14,3
ur DL dr R UR L BS,2,14,40,6,2,13,3
ur DL R dr UR L BS,2,14,40,6,2,15,3
ur DL R UR dr L BS,2,14,40,6,2,11,3
ur dr DL R UR L BS,2,14,40,6,2,13,3
ur dr R DL UR L BS,2,14,40,6,2,15,3
ur R DL dr UR L BS,2,14,40,6,2,15,3
ur R DL UR dr L BS,2,14,40,6,2,13,3
ur R dr DL UR L BS,2,14,40,6,2,15,3
dr R UR BS DL L ur,2,13,41,6,2,12,3
dr R UR DL BS L ur,2,13,41,6,2,12,3
dr R UR DL L BS ur,2,13,41,6,2,10,3
dr UR R BS DL L ur,2,13,41,6,2,10,3
dr UR R DL BS L ur,2,13,41,6,2,12,3
dr UR R DL L BS ur,2,13,41,6,2,10,3
R dr UR BS DL L ur,2,13,41,6,2,13,3
R dr UR DL BS L ur,2,13,41,6,2,13,3
R dr UR DL L BS ur,2,13,41,6,2,11,3
R UR BS DL dr L ur,2,13,41,6,2,11,3
R UR BS dr DL L ur,2,13,41,6,2,11,3
R UR DL BS dr L ur,2,13,41,6,2,11,3
R UR DL dr BS L ur,2,13,41,6,2,11,3
R UR DL dr L BS ur,2,13,41,6,2,9,2
R UR dr BS DL L ur,2,13,41,6,2,11,3
R UR dr DL BS L ur,2,13,41,6,2,11,3
R UR dr DL L BS ur,2,13,41,6,2,9,2
UR dr R BS DL L ur,2,13,41,6,2,12,3
UR dr R DL BS L ur,2,13,41,6,2,14,3
UR dr R DL L BS ur,2,13,41,6,2,12,3
UR R BS DL dr L ur,2,13,41,6,2,10,3
UR R BS dr DL L ur,2,13,41,6,2,10,3
UR R DL BS dr L ur,2,13,41,6,2,12,3
UR R DL dr BS L ur,2,13,41,6,2,12,3
UR R DL dr L BS ur,2,13,41,6,2,10,3
UR R dr BS DL L ur,2,13,41,6,2,12,3
UR R dr DL BS L ur,2,13,41,6,2,12,3
UR R dr DL L BS ur,2,13,41,6,2,10,3
BS DL R ur L UR dr,2,14,42,6,2,15,3
BS DL R ur UR L dr,2,14,42,6,2,17,4
BS DL R UR ur L dr,2,14,42,6,2,13,4
BS DL ur L R UR dr,2,14,42,6,2,13,4
BS DL ur R L UR dr,2,14,42,6,2,17,4
BS DL ur R UR L dr,2,14,42,6,2,13,3
BS R DL ur L UR dr,2,14,42,6,2,13,3
BS R DL ur UR L dr,2,14,42,6,2,15,4
BS R DL UR ur L dr,2,14,42,6,2,13,4
BS R ur DL L UR dr,2,14,42,6,2,13,3
BS R ur DL UR L dr,2,14,42,6,2,13,3
BS ur DL L R UR dr,2,14,42,6,2,11,4
BS ur DL R L UR dr,2,14,42,6,2,15,4
BS ur DL R UR L dr,2,14,42,6,2,11,3
BS ur R DL L UR dr,2,14,42,6,2,13,3
BS ur R DL UR L dr,2,14,42,6,2,13,3
DL BS R ur L UR dr,2,14,42,6,2,14,3
DL BS R ur UR L dr,2,14,42,6,2,16,4
DL BS R UR ur L dr,2,14,42,6,2,12,4
DL BS ur L R UR dr,2,14,42,6,2,12,4
DL BS ur R L UR dr,2,14,42,6,2,16,4
DL BS ur R UR L dr,2,14,42,6,2,12,3
DL dr L UR R ur BS,2,14,42,6,2,11,3
DL dr L ur UR R BS,2,14,42,6,2,11,4
DL dr L UR ur R BS,2,14,42,6,2,15,4
DL dr ur L UR R BS,2,14,42,6,2,11,3
DL L dr UR R ur BS,2,14,42,6,2,9,3
DL L dr ur UR R BS,2,14,42,6,2,11,4
DL L dr UR ur R BS,2,14,42,6,2,13,4
DL L ur dr UR R BS,2,14,42,6,2,9,2
DL R BS ur L UR dr,2,14,42,6,2,12,3
DL R BS ur UR L dr,2,14,42,6,2,14,4
DL R BS UR ur L dr,2,14,42,6,2,14,4
DL R ur BS L UR dr,2,14,42,6,2,14,3
DL R ur BS UR L dr,2,14,42,6,2,14,3
DL R UR BS ur L dr,2,14,42,6,2,10,3
DL R ur UR BS L dr,2,14,42,6,2,16,4
DL R UR ur BS L dr,2,14,42,6,2,12,4
DL ur BS L R UR dr,2,14,42,6,2,12,4
DL ur BS R L UR dr,2,14,42,6,2,14,4
DL ur BS R UR L dr,2,14,42,6,2,10,3
DL ur dr L UR R BS,2,14,42,6,2,11,3
DL ur L dr UR R BS,2,14,42,6,2,9,2
DL ur R BS L UR dr,2,14,42,6,2,14,3
DL ur R BS UR L dr,2,14,42,6,2,14,3
DL ur R UR BS L dr,2,14,42,6,2,12,3
dr DL L UR R ur BS,2,14,42,6,2,11,3
dr DL L ur UR R BS,2,14,42,6,2,11,4
dr DL L UR ur R BS,2,14,42,6,2,15,4
dr DL ur L UR R BS,2,14,42,6,2,11,3
dr L DL UR R ur BS,2,14,42,6,2,9,3
dr L DL ur UR R BS,2,14,42,6,2,11,4
dr L DL UR ur R BS,2,14,42,6,2,13,4
dr L ur DL UR R BS,2,14,42,6,2,9,2
dr ur DL L UR R BS,2,14,42,6,2,11,3
dr ur L DL UR R BS,2,14,42,6,2,9,2
L DL dr UR R ur BS,2,14,42,6,2,10,3
L DL dr ur UR R BS,2,14,42,6,2,12,4
L DL dr UR ur R BS,2,14,42,6,2,14,4
L DL ur dr UR R BS,2,14,42,6,2,10,2
L dr DL UR R ur BS,2,14,42,6,2,10,3
L dr DL ur UR R BS,2,14,42,6,2,12,4
L dr DL UR ur R BS,2,14,42,6,2,14,4
L dr ur DL UR R BS,2,14,42,6,2,10,2
L ur DL dr UR R BS,2,14,42,6,2,10,2
L ur dr DL UR R BS,2,14,42,6,2,10,2
R BS DL ur L UR dr,2,14,42,6,2,13,3
R BS DL ur UR L dr,2,14,42,6,2,15,4
R BS DL UR ur L dr,2,14,42,6,2,13,4
R BS ur DL L UR dr,2,14,42,6,2,11,3
R BS ur DL UR L dr,2,14,42,6,2,11,3
R DL BS ur L UR dr,2,14,42,6,2,13,3
R DL BS ur UR L dr,2,14,42,6,2,15,4
R DL BS UR ur L dr,2,14,42,6,2,15,4
R DL ur BS L UR dr,2,14,42,6,2,13,3
R DL ur BS UR L dr,2,14,42,6,2,13,3
R DL UR BS ur L dr,2,14,42,6,2,11,3
R DL ur UR BS L dr,2,14,42,6,2,15,4
R DL UR ur BS L dr,2,14,42,6,2,13,4
R ur BS DL L UR dr,2,14,42,6,2,13,3
R ur BS DL UR L dr,2,14,42,6,2,13,3
R ur DL BS L UR dr,2,14,42,6,2,15,3
R ur DL BS UR L dr,2,14,42,6,2,15,3
R ur DL UR BS L dr,2,14,42,6,2,13,3
ur BS DL L R UR dr,2,14,42,6,2,12,4
ur BS DL R L UR dr,2,14,42,6,2,16,4
ur BS DL R UR L dr,2,14,42,6,2,12,3
ur BS R DL L UR dr,2,14,42,6,2,12,3
ur BS R DL UR L dr,2,14,42,6,2,12,3
ur DL BS L R UR dr,2,14,42,6,2,14,4
ur DL BS R L UR dr,2,14,42,6,2,16,4
ur DL BS R UR L dr,2,14,42,6,2,12,3
ur DL dr L UR R BS,2,14,42,6,2,11,3
ur DL L dr UR R BS,2,14,42,6,2,9,2
ur DL R BS L UR dr,2,14,42,6,2,14,3
ur DL R BS UR L dr,2,14,42,6,2,14,3
ur DL R UR BS L dr,2,14,42,6,2,12,3
ur dr DL L UR R BS,2,14,42,6,2,11,3
ur dr L DL UR R BS,2,14,42,6,2,9,2
ur L DL dr UR R BS,2,14,42,6,2,9,2
ur L dr DL UR R BS,2,14,42,6,2,9,2
ur R BS DL L UR dr,2,14,42,6,2,14,3
ur R BS DL UR L dr,2,14,42,6,2,14,3
ur R DL BS L UR dr,2,14,42,6,2,16,3
ur R DL BS UR L dr,2,14,42,6,2,16,3
ur R DL UR BS L dr,2,14,42,6,2,14,3
BS DL dr L R UR ur,2,10,42,7,2,15,4
BS DL dr R L UR ur,2,10,42,7,2,19,4
BS DL L dr R UR ur,2,10,42,7,2,13,4
BS DL L R dr UR ur,2,10,42,7,2,17,4
BS DL L R UR dr ur,2,10,42,7,2,13,4
BS DL R dr L UR ur,2,10,42,7,2,17,4
BS DL R L dr UR ur,2,10,42,7,2,17,4
BS DL R L UR dr ur,2,10,42,7,2,17,4
BS DL R UR L dr ur,2,10,42,7,2,13,3
BS dr DL L R UR ur,2,10,42,7,2,15,4
BS dr DL R L UR ur,2,10,42,7,2,19,4
BS dr L DL R UR ur,2,10,42,7,2,13,4
BS dr L R DL UR ur,2,10,42,7,2,17,4
BS dr R DL L UR ur,2,10,42,7,2,17,4
BS dr R L DL UR ur,2,10,42,7,2,17,4
BS L DL dr R UR ur,2,10,42,7,2,13,4
BS L DL R dr UR ur,2,10,42,7,2,15,4
BS L DL R UR dr ur,2,10,42,7,2,11,3
BS L dr DL R UR ur,2,10,42,7,2,13,4
BS L dr R DL UR ur,2,10,42,7,2,15,4
BS L R DL dr UR ur,2,10,42,7,2,17,4
BS L R DL UR dr ur,2,10,42,7,2,15,4
BS L R dr DL UR ur,2,10,42,7,2,17,4
BS R DL dr L UR ur,2,10,42,7,2,15,4
BS R DL L dr UR ur,2,10,42,7,2,13,4
BS R DL L UR dr ur,2,10,42,7,2,13,3
BS R DL UR L dr ur,2,10,42,7,2,13,3
BS R dr DL L UR ur,2,10,42,7,2,15,4
BS R dr L DL UR ur,2,10,42,7,2,13,4
BS R L DL dr UR ur,2,10,42,7,2,15,4
BS R L DL UR dr ur,2,10,42,7,2,13,4
BS R L dr DL UR ur,2,10,42,7,2,15,4
DL BS dr L R UR ur,2,10,42,7,2,16,4
DL BS dr R L UR ur,2,10,42,7,2,20,4
DL BS L dr R UR ur,2,10,42,7,2,14,4
DL BS L R dr UR ur,2,10,42,7,2,18,4
DL BS L R UR dr ur,2,10,42,7,2,14,4
DL BS R dr L UR ur,2,10,42,7,2,16,4
DL BS R L dr UR ur,2,10,42,7,2,16,4
DL BS R L UR dr ur,2,10,42,7,2,16,4
DL BS R UR L dr ur,2,10,42,7,2,12,3
DL dr BS L R UR ur,2,10,42,7,2,16,4
DL dr BS R L UR ur,2,10,42,7,2,18,4
DL dr L BS R UR ur,2,10,42,7,2,12,4
DL dr L R BS UR ur,2,10,42,7,2,16,4
DL dr L R UR BS ur,2,10,42,7,2,12,4
DL dr R BS L UR ur,2,10,42,7,2,16,4
DL dr R L BS UR ur,2,10,42,7,2,18,4
DL dr R L UR BS ur,2,10,42,7,2,16,4
DL L BS dr R UR ur,2,10,42,7,2,14,4
DL L BS R dr UR ur,2,10,42,7,2,14,4
DL L BS R UR dr ur,2,10,42,7,2,10,2
DL L dr BS R UR ur,2,10,42,7,2,12,4
DL L dr R BS UR ur,2,10,42,7,2,14,4
DL L dr R UR BS ur,2,10,42,7,2,10,3
DL L R BS dr UR ur,2,10,42,7,2,16,4
DL L R BS UR dr ur,2,10,42,7,2,14,4
DL L R dr BS UR ur,2,10,42,7,2,18,4
DL L R dr UR BS ur,2,10,42,7,2,14,4
DL L R UR BS dr ur,2,10,42,7,2,14,4
DL L R UR dr BS ur,2,10,42,7,2,12,4
DL R BS dr L UR ur,2,10,42,7,2,16,4
DL R BS L dr UR ur,2,10,42,7,2,14,4
DL R BS L UR dr ur,2,10,42,7,2,14,3
DL R BS UR L dr ur,2,10,42,7,2,14,3
DL R dr BS L UR ur,2,10,42,7,2,18,4
DL R dr L BS UR ur,2,10,42,7,2,16,4
DL R dr L UR BS ur,2,10,42,7,2,14,3
DL R L BS dr UR ur,2,10,42,7,2,18,4
DL R L BS UR dr ur,2,10,42,7,2,16,4
DL R L dr BS UR ur,2,10,42,7,2,18,4
DL R L dr UR BS ur,2,10,42,7,2,14,4
DL R L UR BS dr ur,2,10,42,7,2,18,4
DL R L UR dr BS ur,2,10,42,7,2,16,4
DL R UR BS L dr ur,2,10,42,7,2,12,3
DL R UR L BS dr ur,2,10,42,7,2,14,3
DL R UR L dr BS ur,2,10,42,7,2,12,3
dr BS DL L R UR ur,2,10,42,7,2,16,4
dr BS DL R L UR ur,2,10,42,7,2,20,4
dr BS L DL R UR ur,2,10,42,7,2,14,4
dr BS L R DL UR ur,2,10,42,7,2,18,4
dr BS R DL L UR ur,2,10,42,7,2,16,4
dr BS R L DL UR ur,2,10,42,7,2,16,4
dr DL BS L R UR ur,2,10,42,7,2,16,4
dr DL BS R L UR ur,2,10,42,7,2,18,4
dr DL L BS R UR ur,2,10,42,7,2,12,4
dr DL L R BS UR ur,2,10,42,7,2,16,4
dr DL L R UR BS ur,2,10,42,7,2,12,4
dr DL R BS L UR ur,2,10,42,7,2,16,4
dr DL R L BS UR ur,2,10,42,7,2,18,4
dr DL R L UR BS ur,2,10,42,7,2,16,4
dr L BS DL R UR ur,2,10,42,7,2,14,4
dr L BS R DL UR ur,2,10,42,7,2,14,4
dr L DL BS R UR ur,2,10,42,7,2,12,4
dr L DL R BS UR ur,2,10,42,7,2,14,4
dr L DL R UR BS ur,2,10,42,7,2,10,3
dr L R BS DL UR ur,2,10,42,7,2,16,4
dr L R DL BS UR ur,2,10,42,7,2,18,4
dr L R DL UR BS ur,2,10,42,7,2,14,4
dr R BS DL L UR ur,2,10,42,7,2,16,4
dr R BS L DL UR ur,2,10,42,7,2,14,4
dr R DL BS L UR ur,2,10,42,7,2,18,4
dr R DL L BS UR ur,2,10,42,7,2,16,4
dr R DL L UR BS ur,2,10,42,7,2,14,3
dr R L BS DL UR ur,2,10,42,7,2,18,4
dr R L DL BS UR ur,2,10,42,7,2,18,4
dr R L DL UR BS ur,2,10,42,7,2,14,4
L BS DL dr R UR ur,2,10,42,7,2,15,4
L BS DL R dr UR ur,2,10,42,7,2,17,4
L BS DL R UR dr ur,2,10,42,7,2,13,3
L BS dr DL R UR ur,2,10,42,7,2,15,4
L BS dr R DL UR ur,2,10,42,7,2,17,4
L BS R DL dr UR ur,2,10,42,7,2,15,4
L BS R DL UR dr ur,2,10,42,7,2,13,3
L BS R dr DL UR ur,2,10,42,7,2,15,4
L DL BS dr R UR ur,2,10,42,7,2,15,4
L DL BS R dr UR ur,2,10,42,7,2,15,4
L DL BS R UR dr ur,2,10,42,7,2,11,3
L DL dr BS R UR ur,2,10,42,7,2,13,4
L DL dr R BS UR ur,2,10,42,7,2,15,4
L DL dr R UR BS ur,2,10,42,7,2,11,3
L DL R BS dr UR ur,2,10,42,7,2,15,4
L DL R BS UR dr ur,2,10,42,7,2,13,3
L DL R dr BS UR ur,2,10,42,7,2,17,4
L DL R dr UR BS ur,2,10,42,7,2,13,3
L DL R UR BS dr ur,2,10,42,7,2,13,3
L DL R UR dr BS ur,2,10,42,7,2,11,3
L dr BS DL R UR ur,2,10,42,7,2,15,4
L dr BS R DL UR ur,2,10,42,7,2,15,4
L dr DL BS R UR ur,2,10,42,7,2,13,4
L dr DL R BS UR ur,2,10,42,7,2,15,4
L dr DL R UR BS ur,2,10,42,7,2,11,3
L dr R BS DL UR ur,2,10,42,7,2,15,4
L dr R DL BS UR ur,2,10,42,7,2,17,4
L dr R DL UR BS ur,2,10,42,7,2,13,3
L R BS DL dr UR ur,2,10,42,7,2,17,4
L R BS DL UR dr ur,2,10,42,7,2,15,4
L R BS dr DL UR ur,2,10,42,7,2,17,4
L R DL BS dr UR ur,2,10,42,7,2,19,4
L R DL BS UR dr ur,2,10,42,7,2,17,4
L R DL dr BS UR ur,2,10,42,7,2,19,4
L R DL dr UR BS ur,2,10,42,7,2,15,4
L R DL UR BS dr ur,2,10,42,7,2,17,4
L R DL UR dr BS ur,2,10,42,7,2,15,4
L R dr BS DL UR ur,2,10,42,7,2,19,4
L R dr DL BS UR ur,2,10,42,7,2,19,4
L R dr DL UR BS ur,2,10,42,7,2,15,4
R BS DL dr L UR ur,2,10,42,7,2,15,4
R BS DL L dr UR ur,2,10,42,7,2,13,4
R BS DL L UR dr ur,2,10,42,7,2,13,3
R BS DL UR L dr ur,2,10,42,7,2,13,3
R BS dr DL L UR ur,2,10,42,7,2,15,4
R BS dr L DL UR ur,2,10,42,7,2,13,4
R BS L DL dr UR ur,2,10,42,7,2,13,4
R BS L DL UR dr ur,2,10,42,7,2,11,2
R BS L dr DL UR ur,2,10,42,7,2,13,4
R DL BS dr L UR ur,2,10,42,7,2,17,4
R DL BS L dr UR ur,2,10,42,7,2,15,4
R DL BS L UR dr ur,2,10,42,7,2,15,3
R DL BS UR L dr ur,2,10,42,7,2,15,3
R DL dr BS L UR ur,2,10,42,7,2,17,4
R DL dr L BS UR ur,2,10,42,7,2,15,4
R DL dr L UR BS ur,2,10,42,7,2,13,3
R DL L BS dr UR ur,2,10,42,7,2,15,4
R DL L BS UR dr ur,2,10,42,7,2,13,3
R DL L dr BS UR ur,2,10,42,7,2,15,4
R DL L dr UR BS ur,2,10,42,7,2,11,3
R DL L UR BS dr ur,2,10,42,7,2,15,3
R DL L UR dr BS ur,2,10,42,7,2,13,3
R DL UR BS L dr ur,2,10,42,7,2,13,3
R DL UR L BS dr ur,2,10,42,7,2,15,3
R DL UR L dr BS ur,2,10,42,7,2,13,3
R dr BS DL L UR ur,2,10,42,7,2,17,4
R dr BS L DL UR ur,2,10,42,7,2,15,4
R dr DL BS L UR ur,2,10,42,7,2,17,4
R dr DL L BS UR ur,2,10,42,7,2,15,4
R dr DL L UR BS ur,2,10,42,7,2,13,3
R dr L BS DL UR ur,2,10,42,7,2,15,4
R dr L DL BS UR ur,2,10,42,7,2,15,4
R dr L DL UR BS ur,2,10,42,7,2,11,3
R L BS DL dr UR ur,2,10,42,7,2,17,4
R L BS DL UR dr ur,2,10,42,7,2,15,4
R L BS dr DL UR ur,2,10,42,7,2,17,4
R L DL BS dr UR ur,2,10,42,7,2,17,4
R L DL BS UR dr ur,2,10,42,7,2,15,4
R L DL dr BS UR ur,2,10,42,7,2,17,4
R L DL dr UR BS ur,2,10,42,7,2,13,4
R L DL UR BS dr ur,2,10,42,7,2,15,4
R L DL UR dr BS ur,2,10,42,7,2,13,4
R L dr BS DL UR ur,2,10,42,7,2,17,4
R L dr DL BS UR ur,2,10,42,7,2,17,4
R L dr DL UR BS ur,2,10,42,7,2,13,4
BS UR R DL ur L dr,2,14,43,5,2,11,3
BS UR R ur DL L dr,2,14,43,5,2,11,3
BS ur UR R DL L dr,2,14,43,5,2,11,4
BS UR ur R DL L dr,2,14,43,5,2,15,4
UR BS R DL ur L dr,2,14,43,5,2,12,3
UR BS R ur DL L dr,2,14,43,5,2,12,3
ur BS UR R DL L dr,2,14,43,5,2,10,3
UR BS ur R DL L dr,2,14,43,5,2,12,3
ur UR BS R DL L dr,2,14,43,5,2,14,4
UR ur BS R DL L dr,2,14,43,5,2,12,4
BS dr L UR DL R ur,2,13,43,6,2,15,3
BS dr L UR R DL ur,2,13,43,6,2,13,3
BS dr UR L DL R ur,2,13,43,6,2,15,3
BS dr UR L R DL ur,2,13,43,6,2,17,4
BS dr UR R L DL ur,2,13,43,6,2,13,4
BS L dr UR DL R ur,2,13,43,6,2,13,3
BS L dr UR R DL ur,2,13,43,6,2,11,3
BS L UR dr DL R ur,2,13,43,6,2,15,3
BS L UR dr R DL ur,2,13,43,6,2,15,3
BS L UR R DL dr ur,2,13,43,6,2,13,3
BS L UR R dr DL ur,2,13,43,6,2,13,3
BS UR dr L DL R ur,2,13,43,6,2,13,3
BS UR dr L R DL ur,2,13,43,6,2,15,4
BS UR dr R L DL ur,2,13,43,6,2,15,4
BS UR L dr DL R ur,2,13,43,6,2,15,3
BS UR L dr R DL ur,2,13,43,6,2,15,3
BS UR L R DL dr ur,2,13,43,6,2,17,4
BS UR L R dr DL ur,2,13,43,6,2,17,4
BS UR R DL L dr ur,2,13,43,6,2,11,3
BS UR R dr L DL ur,2,13,43,6,2,11,3
BS UR R L DL dr ur,2,13,43,6,2,13,4
BS UR R L dr DL ur,2,13,43,6,2,13,4
dr BS L UR DL R ur,2,13,43,6,2,16,3
dr BS L UR R DL ur,2,13,43,6,2,14,3
dr BS UR L DL R ur,2,13,43,6,2,16,3
dr BS UR L R DL ur,2,13,43,6,2,18,4
dr BS UR R L DL ur,2,13,43,6,2,14,4
dr L BS UR DL R ur,2,13,43,6,2,14,3
dr L BS UR R DL ur,2,13,43,6,2,12,3
dr L UR BS DL R ur,2,13,43,6,2,16,3
dr L UR BS R DL ur,2,13,43,6,2,14,3
dr L UR DL BS R ur,2,13,43,6,2,14,3
dr L UR DL R BS ur,2,13,43,6,2,12,3
dr UR BS L DL R ur,2,13,43,6,2,14,3
dr UR BS L R DL ur,2,13,43,6,2,16,4
dr UR BS R L DL ur,2,13,43,6,2,14,4
dr UR L BS DL R ur,2,13,43,6,2,16,3
dr UR L BS R DL ur,2,13,43,6,2,14,3
dr UR L DL BS R ur,2,13,43,6,2,14,3
dr UR L DL R BS ur,2,13,43,6,2,12,3
L BS dr UR DL R ur,2,13,43,6,2,15,3
L BS dr UR R DL ur,2,13,43,6,2,13,3
L BS UR dr DL R ur,2,13,43,6,2,15,3
L BS UR dr R DL ur,2,13,43,6,2,15,3
L BS UR R DL dr ur,2,13,43,6,2,13,3
L BS UR R dr DL ur,2,13,43,6,2,13,3
L dr BS UR DL R ur,2,13,43,6,2,15,3
L dr BS UR R DL ur,2,13,43,6,2,13,3
L dr UR BS DL R ur,2,13,43,6,2,15,3
L dr UR BS R DL ur,2,13,43,6,2,13,3
L dr UR DL BS R ur,2,13,43,6,2,13,3
L dr UR DL R BS ur,2,13,43,6,2,11,3
L UR BS dr DL R ur,2,13,43,6,2,17,3
L UR BS dr R DL ur,2,13,43,6,2,17,3
L UR BS R DL dr ur,2,13,43,6,2,15,3
L UR BS R dr DL ur,2,13,43,6,2,15,3
L UR dr BS DL R ur,2,13,43,6,2,17,3
L UR dr BS R DL ur,2,13,43,6,2,15,3
L UR dr DL BS R ur,2,13,43,6,2,15,3
L UR dr DL R BS ur,2,13,43,6,2,13,3
UR BS dr L DL R ur,2,13,43,6,2,14,3
UR BS dr L R DL ur,2,13,43,6,2,16,4
UR BS dr R L DL ur,2,13,43,6,2,16,4
UR BS L dr DL R ur,2,13,43,6,2,14,3
UR BS L dr R DL ur,2,13,43,6,2,14,3
UR BS L R DL dr ur,2,13,43,6,2,16,4
UR BS L R dr DL ur,2,13,43,6,2,16,4
UR BS R DL L dr ur,2,13,43,6,2,12,3
UR BS R dr L DL ur,2,13,43,6,2,12,3
UR BS R L DL dr ur,2,13,43,6,2,14,4
UR BS R L dr DL ur,2,13,43,6,2,14,4
UR dr BS L DL R ur,2,13,43,6,2,14,3
UR dr BS L R DL ur,2,13,43,6,2,16,4
UR dr BS R L DL ur,2,13,43,6,2,14,4
UR dr L BS DL R ur,2,13,43,6,2,14,3
UR dr L BS R DL ur,2,13,43,6,2,12,3
UR dr L DL BS R ur,2,13,43,6,2,12,3
UR dr L DL R BS ur,2,13,43,6,2,10,3
UR L BS dr DL R ur,2,13,43,6,2,16,3
UR L BS dr R DL ur,2,13,43,6,2,16,3
UR L BS R DL dr ur,2,13,43,6,2,14,3
UR L BS R dr DL ur,2,13,43,6,2,14,3
UR L dr BS DL R ur,2,13,43,6,2,16,3
UR L dr BS R DL ur,2,13,43,6,2,14,3
UR L dr DL BS R ur,2,13,43,6,2,14,3
UR L dr DL R BS ur,2,13,43,6,2,12,3
dr R UR DL L ur BS,2,14,43,6,2,9,3
dr R UR DL ur L BS,2,14,43,6,2,11,3
dr R ur UR DL L BS,2,14,43,6,2,15,4
dr R UR ur DL L BS,2,14,43,6,2,13,4
dr UR R DL L ur BS,2,14,43,6,2,9,3
dr UR R DL ur L BS,2,14,43,6,2,11,3
dr ur R UR DL L BS,2,14,43,6,2,11,3
dr UR R ur DL L BS,2,14,43,6,2,11,3
dr ur UR R DL L BS,2,14,43,6,2,13,4
dr UR ur R DL L BS,2,14,43,6,2,15,4
R dr UR DL L ur BS,2,14,43,6,2,10,3
R dr UR DL ur L BS,2,14,43,6,2,12,3
R dr ur UR DL L BS,2,14,43,6,2,14,4
R dr UR ur DL L BS,2,14,43,6,2,14,4
R UR DL dr L ur BS,2,14,43,6,2,8,2
R UR DL dr ur L BS,2,14,43,6,2,10,2
R UR DL ur dr L BS,2,14,43,6,2,10,2
R UR dr DL L ur BS,2,14,43,6,2,8,2
R UR dr DL ur L BS,2,14,43,6,2,10,2
R ur dr UR DL L BS,2,14,43,6,2,12,3
R UR dr ur DL L BS,2,14,43,6,2,10,2
R ur UR DL dr L BS,2,14,43,6,2,14,4
R UR ur DL dr L BS,2,14,43,6,2,12,4
R ur UR dr DL L BS,2,14,43,6,2,14,4
R UR ur dr DL L BS,2,14,43,6,2,12,4
UR dr R DL L ur BS,2,14,43,6,2,11,3
UR dr R DL ur L BS,2,14,43,6,2,13,3
ur dr R UR DL L BS,2,14,43,6,2,11,3
UR dr R ur DL L BS,2,14,43,6,2,13,3
ur dr UR R DL L BS,2,14,43,6,2,11,3
UR dr ur R DL L BS,2,14,43,6,2,13,3
UR R DL dr L ur BS,2,14,43,6,2,9,3
UR R DL dr ur L BS,2,14,43,6,2,11,3
UR R DL ur dr L BS,2,14,43,6,2,11,3
UR R dr DL L ur BS,2,14,43,6,2,9,3
UR R dr DL ur L BS,2,14,43,6,2,11,3
ur R dr UR DL L BS,2,14,43,6,2,13,3
UR R dr ur DL L BS,2,14,43,6,2,11,3
ur R UR DL dr L BS,2,14,43,6,2,11,3
UR R ur DL dr L BS,2,14,43,6,2,11,3
ur R UR dr DL L BS,2,14,43,6,2,11,3
UR R ur dr DL L BS,2,14,43,6,2,11,3
ur UR dr R DL L BS,2,14,43,6,2,15,4
UR ur dr R DL L BS,2,14,43,6,2,15,4
ur UR R DL dr L BS,2,14,43,6,2,13,4
UR ur R DL dr L BS,2,14,43,6,2,15,4
ur UR R dr DL L BS,2,14,43,6,2,13,4
UR ur R dr DL L BS,2,14,43,6,2,15,4
BS dr R UR DL ur L,2,14,44,7,2,12,3
BS dr R ur UR DL L,2,14,44,7,2,16,4
BS dr R UR ur DL L,2,14,44,7,2,14,4
BS dr ur R UR DL L,2,14,44,7,2,12,3
BS R dr UR DL ur L,2,14,44,7,2,12,3
BS R dr ur UR DL L,2,14,44,7,2,14,4
BS R dr UR ur DL L,2,14,44,7,2,14,4
BS R UR DL dr ur L,2,14,44,7,2,10,2
BS R UR DL ur dr L,2,14,44,7,2,10,2
BS R UR dr DL ur L,2,14,44,7,2,10,2
BS R ur dr UR DL L,2,14,44,7,2,12,3
BS R UR dr ur DL L,2,14,44,7,2,10,2
BS R ur UR DL dr L,2,14,44,7,2,14,4
BS R UR ur DL dr L,2,14,44,7,2,12,4
BS R ur UR dr DL L,2,14,44,7,2,14,4
BS R UR ur dr DL L,2,14,44,7,2,12,4
BS ur dr R UR DL L,2,14,44,7,2,10,3
BS ur R dr UR DL L,2,14,44,7,2,12,3
BS ur R UR DL dr L,2,14,44,7,2,10,3
BS ur R UR dr DL L,2,14,44,7,2,10,3
DL dr L R ur UR BS,2,14,44,7,2,17,4
DL dr L R UR ur BS,2,14,44,7,2,13,4
DL dr L ur R UR BS,2,14,44,7,2,11,3
DL dr R L ur UR BS,2,14,44,7,2,17,4
DL dr R L UR ur BS,2,14,44,7,2,17,4
DL dr R ur L UR BS,2,14,44,7,2,15,3
DL dr ur L R UR BS,2,14,44,7,2,13,4
DL dr ur R L UR BS,2,14,44,7,2,17,4
DL L dr R ur UR BS,2,14,44,7,2,15,4
DL L dr R UR ur BS,2,14,44,7,2,11,4
DL L dr ur R UR BS,2,14,44,7,2,11,3
DL L R dr ur UR BS,2,14,44,7,2,17,4
DL L R dr UR ur BS,2,14,44,7,2,15,4
DL L R ur dr UR BS,2,14,44,7,2,15,4
DL L R UR dr ur BS,2,14,44,7,2,11,4
DL L R ur UR dr BS,2,14,44,7,2,17,4
DL L R UR ur dr BS,2,14,44,7,2,15,4
DL L ur dr R UR BS,2,14,44,7,2,11,3
DL L ur R dr UR BS,2,14,44,7,2,13,3
DL L ur R UR dr BS,2,14,44,7,2,11,3
DL R dr L ur UR BS,2,14,44,7,2,15,4
DL R dr L UR ur BS,2,14,44,7,2,15,4
DL R dr ur L UR BS,2,14,44,7,2,15,3
DL R L dr ur UR BS,2,14,44,7,2,17,4
DL R L dr UR ur BS,2,14,44,7,2,15,4
DL R L ur dr UR BS,2,14,44,7,2,15,4
DL R L UR dr ur BS,2,14,44,7,2,15,4
DL R L ur UR dr BS,2,14,44,7,2,17,4
DL R L UR ur dr BS,2,14,44,7,2,19,4
DL R ur dr L UR BS,2,14,44,7,2,15,3
DL R ur L dr UR BS,2,14,44,7,2,13,3
DL R UR L dr ur BS,2,14,44,7,2,11,3
DL R ur L UR dr BS,2,14,44,7,2,15,3
DL R UR L ur dr BS,2,14,44,7,2,13,3
DL R ur UR L dr BS,2,14,44,7,2,17,4
DL R UR ur L dr BS,2,14,44,7,2,13,4
DL ur dr L R UR BS,2,14,44,7,2,13,4
DL ur dr R L UR BS,2,14,44,7,2,17,4
DL ur L dr R UR BS,2,14,44,7,2,11,3
DL ur L R dr UR BS,2,14,44,7,2,15,4
DL ur L R UR dr BS,2,14,44,7,2,13,4
DL ur R dr L UR BS,2,14,44,7,2,15,3
DL ur R L dr UR BS,2,14,44,7,2,15,4
DL ur R L UR dr BS,2,14,44,7,2,17,4
DL ur R UR L dr BS,2,14,44,7,2,13,3
dr BS R UR DL ur L,2,14,44,7,2,11,3
dr BS R ur UR DL L,2,14,44,7,2,15,4
dr BS R UR ur DL L,2,14,44,7,2,13,4
dr BS ur R UR DL L,2,14,44,7,2,11,3
dr DL L R ur UR BS,2,14,44,7,2,17,4
dr DL L R UR ur BS,2,14,44,7,2,13,4
dr DL L ur R UR BS,2,14,44,7,2,11,3
dr DL R L ur UR BS,2,14,44,7,2,17,4
dr DL R L UR ur BS,2,14,44,7,2,17,4
dr DL R ur L UR BS,2,14,44,7,2,15,3
dr DL ur L R UR BS,2,14,44,7,2,13,4
dr DL ur R L UR BS,2,14,44,7,2,17,4
dr L DL R ur UR BS,2,14,44,7,2,15,4
dr L DL R UR ur BS,2,14,44,7,2,11,4
dr L DL ur R UR BS,2,14,44,7,2,11,3
dr L R DL ur UR BS,2,14,44,7,2,17,4
dr L R DL UR ur BS,2,14,44,7,2,15,4
dr L R ur DL UR BS,2,14,44,7,2,15,4
dr L ur DL R UR BS,2,14,44,7,2,11,3
dr L ur R DL UR BS,2,14,44,7,2,13,3
dr R BS UR DL ur L,2,14,44,7,2,13,3
dr R BS ur UR DL L,2,14,44,7,2,13,4
dr R BS UR ur DL L,2,14,44,7,2,15,4
dr R DL L ur UR BS,2,14,44,7,2,15,4
dr R DL L UR ur BS,2,14,44,7,2,15,4
dr R DL ur L UR BS,2,14,44,7,2,15,3
dr R L DL ur UR BS,2,14,44,7,2,17,4
dr R L DL UR ur BS,2,14,44,7,2,15,4
dr R L ur DL UR BS,2,14,44,7,2,15,4
dr R ur BS UR DL L,2,14,44,7,2,13,3
dr R ur DL L UR BS,2,14,44,7,2,15,3
dr R ur L DL UR BS,2,14,44,7,2,13,3
dr ur BS R UR DL L,2,14,44,7,2,9,2
dr ur DL L R UR BS,2,14,44,7,2,13,4
dr ur DL R L UR BS,2,14,44,7,2,17,4
dr ur L DL R UR BS,2,14,44,7,2,11,3
dr ur L R DL UR BS,2,14,44,7,2,15,4
dr ur R BS UR DL L,2,14,44,7,2,13,3
dr ur R DL L UR BS,2,14,44,7,2,15,3
dr ur R L DL UR BS,2,14,44,7,2,15,4
L DL dr R ur UR BS,2,14,44,7,2,16,4
L DL dr R UR ur BS,2,14,44,7,2,12,4
L DL dr ur R UR BS,2,14,44,7,2,12,3
L DL R dr ur UR BS,2,14,44,7,2,16,4
L DL R dr UR ur BS,2,14,44,7,2,14,4
L DL R ur dr UR BS,2,14,44,7,2,14,3
L DL R UR dr ur BS,2,14,44,7,2,10,3
L DL R ur UR dr BS,2,14,44,7,2,16,4
L DL R UR ur dr BS,2,14,44,7,2,14,4
L DL ur dr R UR BS,2,14,44,7,2,12,3
L DL ur R dr UR BS,2,14,44,7,2,14,3
L DL ur R UR dr BS,2,14,44,7,2,12,3
L dr DL R ur UR BS,2,14,44,7,2,16,4
L dr DL R UR ur BS,2,14,44,7,2,12,4
L dr DL ur R UR BS,2,14,44,7,2,12,3
L dr R DL ur UR BS,2,14,44,7,2,16,4
L dr R DL UR ur BS,2,14,44,7,2,14,4
L dr R ur DL UR BS,2,14,44,7,2,14,3
L dr ur DL R UR BS,2,14,44,7,2,12,3
L dr ur R DL UR BS,2,14,44,7,2,14,3
L R DL dr ur UR BS,2,14,44,7,2,18,4
L R DL dr UR ur BS,2,14,44,7,2,16,4
L R DL ur dr UR BS,2,14,44,7,2,16,4
L R DL UR dr ur BS,2,14,44,7,2,14,4
L R DL ur UR dr BS,2,14,44,7,2,18,4
L R DL UR ur dr BS,2,14,44,7,2,18,4
L R dr DL ur UR BS,2,14,44,7,2,18,4
L R dr DL UR ur BS,2,14,44,7,2,16,4
L R dr ur DL UR BS,2,14,44,7,2,16,4
L R ur DL dr UR BS,2,14,44,7,2,16,4
L R ur DL UR dr BS,2,14,44,7,2,16,4
L R ur dr DL UR BS,2,14,44,7,2,16,4
L ur DL dr R UR BS,2,14,44,7,2,12,3
L ur DL R dr UR BS,2,14,44,7,2,14,3
L ur DL R UR dr BS,2,14,44,7,2,12,3
L ur dr DL R UR BS,2,14,44,7,2,12,3
L ur dr R DL UR BS,2,14,44,7,2,14,3
L ur R DL dr UR BS,2,14,44,7,2,14,3
L ur R DL UR dr BS,2,14,44,7,2,14,3
L ur R dr DL UR BS,2,14,44,7,2,14,3
R BS dr UR DL ur L,2,14,44,7,2,12,3
R BS dr ur UR DL L,2,14,44,7,2,14,4
R BS dr UR ur DL L,2,14,44,7,2,14,4
R BS UR DL dr ur L,2,14,44,7,2,12,3
R BS UR DL ur dr L,2,14,44,7,2,12,3
R BS UR dr DL ur L,2,14,44,7,2,12,3
R BS ur dr UR DL L,2,14,44,7,2,10,2
R BS UR dr ur DL L,2,14,44,7,2,12,3
R BS ur UR DL dr L,2,14,44,7,2,12,4
R BS UR ur DL dr L,2,14,44,7,2,14,4
R BS ur UR dr DL L,2,14,44,7,2,12,4
R BS UR ur dr DL L,2,14,44,7,2,14,4
R DL dr L ur UR BS,2,14,44,7,2,14,4
R DL dr L UR ur BS,2,14,44,7,2,14,4
R DL dr ur L UR BS,2,14,44,7,2,14,3
R DL L dr ur UR BS,2,14,44,7,2,14,4
R DL L dr UR ur BS,2,14,44,7,2,12,4
R DL L ur dr UR BS,2,14,44,7,2,12,3
R DL L UR dr ur BS,2,14,44,7,2,12,3
R DL L ur UR dr BS,2,14,44,7,2,14,4
R DL L UR ur dr BS,2,14,44,7,2,16,4
R DL ur dr L UR BS,2,14,44,7,2,14,3
R DL ur L dr UR BS,2,14,44,7,2,12,3
R DL UR L dr ur BS,2,14,44,7,2,12,3
R DL ur L UR dr BS,2,14,44,7,2,14,3
R DL UR L ur dr BS,2,14,44,7,2,14,3
R DL ur UR L dr BS,2,14,44,7,2,16,4
R DL UR ur L dr BS,2,14,44,7,2,14,4
R dr BS UR DL ur L,2,14,44,7,2,14,3
R dr BS ur UR DL L,2,14,44,7,2,14,4
R dr BS UR ur DL L,2,14,44,7,2,16,4
R dr DL L ur UR BS,2,14,44,7,2,14,4
R dr DL L UR ur BS,2,14,44,7,2,14,4
R dr DL ur L UR BS,2,14,44,7,2,14,3
R dr L DL ur UR BS,2,14,44,7,2,14,4
R dr L DL UR ur BS,2,14,44,7,2,12,4
R dr L ur DL UR BS,2,14,44,7,2,12,3
R dr ur BS UR DL L,2,14,44,7,2,12,3
R dr ur DL L UR BS,2,14,44,7,2,14,3
R dr ur L DL UR BS,2,14,44,7,2,12,3
R L DL dr ur UR BS,2,14,44,7,2,16,4
R L DL dr UR ur BS,2,14,44,7,2,14,4
R L DL ur dr UR BS,2,14,44,7,2,14,4
R L DL UR dr ur BS,2,14,44,7,2,12,4
R L DL ur UR dr BS,2,14,44,7,2,16,4
R L DL UR ur dr BS,2,14,44,7,2,16,4
R L dr DL ur UR BS,2,14,44,7,2,16,4
R L dr DL UR ur BS,2,14,44,7,2,14,4
R L dr ur DL UR BS,2,14,44,7,2,14,4
R L ur DL dr UR BS,2,14,44,7,2,14,4
R L ur DL UR dr BS,2,14,44,7,2,14,4
R L ur dr DL UR BS,2,14,44,7,2,14,4
R ur BS dr UR DL L,2,14,44,7,2,12,3
R ur BS UR DL dr L,2,14,44,7,2,12,3
R ur BS UR dr DL L,2,14,44,7,2,12,3
R ur DL dr L UR BS,2,14,44,7,2,14,3
R ur DL L dr UR BS,2,14,44,7,2,12,3
R ur DL L UR dr BS,2,14,44,7,2,14,3
R ur DL UR L dr BS,2,14,44,7,2,14,3
R ur dr BS UR DL L,2,14,44,7,2,14,3
R ur dr DL L UR BS,2,14,44,7,2,14,3
R ur dr L DL UR BS,2,14,44,7,2,12,3
R ur L DL dr UR BS,2,14,44,7,2,12,3
R ur L DL UR dr BS,2,14,44,7,2,12,3
R ur L dr DL UR BS,2,14,44,7,2,12,3
ur BS dr R UR DL L,2,14,44,7,2,11,3
ur BS R dr UR DL L,2,14,44,7,2,11,3
ur BS R UR DL dr L,2,14,44,7,2,9,2
ur BS R UR dr DL L,2,14,44,7,2,9,2
ur DL dr L R UR BS,2,14,44,7,2,13,4
ur DL dr R L UR BS,2,14,44,7,2,17,4
ur DL L dr R UR BS,2,14,44,7,2,11,3
ur DL L R dr UR BS,2,14,44,7,2,15,4
ur DL L R UR dr BS,2,14,44,7,2,13,4
ur DL R dr L UR BS,2,14,44,7,2,15,3
ur DL R L dr UR BS,2,14,44,7,2,15,4
ur DL R L UR dr BS,2,14,44,7,2,17,4
ur DL R UR L dr BS,2,14,44,7,2,13,3
ur dr BS R UR DL L,2,14,44,7,2,11,3
ur dr DL L R UR BS,2,14,44,7,2,13,4
ur dr DL R L UR BS,2,14,44,7,2,17,4
ur dr L DL R UR BS,2,14,44,7,2,11,3
ur dr L R DL UR BS,2,14,44,7,2,15,4
ur dr R BS UR DL L,2,14,44,7,2,13,3
ur dr R DL L UR BS,2,14,44,7,2,15,3
ur dr R L DL UR BS,2,14,44,7,2,15,4
ur L DL dr R UR BS,2,14,44,7,2,11,3
ur L DL R dr UR BS,2,14,44,7,2,13,3
ur L DL R UR dr BS,2,14,44,7,2,11,3
ur L dr DL R UR BS,2,14,44,7,2,11,3
ur L dr R DL UR BS,2,14,44,7,2,13,3
ur L R DL dr UR BS,2,14,44,7,2,15,4
ur L R DL UR dr BS,2,14,44,7,2,15,4
ur L R dr DL UR BS,2,14,44,7,2,15,4
ur R BS dr UR DL L,2,14,44,7,2,13,3
ur R BS UR DL dr L,2,14,44,7,2,13,3
ur R BS UR dr DL L,2,14,44,7,2,13,3
ur R DL dr L UR BS,2,14,44,7,2,15,3
ur R DL L dr UR BS,2,14,44,7,2,13,3
ur R DL L UR dr BS,2,14,44,7,2,15,3
ur R DL UR L dr BS,2,14,44,7,2,15,3
ur R dr BS UR DL L,2,14,44,7,2,15,3
ur R dr DL L UR BS,2,14,44,7,2,15,3
ur R dr L DL UR BS,2,14,44,7,2,13,3
ur R L DL dr UR BS,2,14,44,7,2,15,4
ur R L DL UR dr BS,2,14,44,7,2,15,4
ur R L dr DL UR BS,2,14,44,7,2,15,4
dr L UR DL R ur BS,2,14,45,6,2,13,3
dr L UR DL ur R BS,2,14,45,6,2,13,3
dr L ur UR DL R BS,2,14,45,6,2,13,4
dr L UR ur DL R BS,2,14,45,6,2,15,4
dr UR L DL R ur BS,2,14,45,6,2,13,3
dr UR L DL ur R BS,2,14,45,6,2,13,3
dr ur L UR DL R BS,2,14,45,6,2,13,3
dr UR L ur DL R BS,2,14,45,6,2,13,3
dr ur UR L DL R BS,2,14,45,6,2,15,4
dr UR ur L DL R BS,2,14,45,6,2,13,4
L dr UR DL R ur BS,2,14,45,6,2,12,3
L dr UR DL ur R BS,2,14,45,6,2,12,3
L dr ur UR DL R BS,2,14,45,6,2,14,4
L dr UR ur DL R BS,2,14,45,6,2,14,4
L UR dr DL R ur BS,2,14,45,6,2,14,3
L UR dr DL ur R BS,2,14,45,6,2,14,3
L ur dr UR DL R BS,2,14,45,6,2,12,3
L UR dr ur DL R BS,2,14,45,6,2,14,3
L ur UR dr DL R BS,2,14,45,6,2,14,4
L UR ur dr DL R BS,2,14,45,6,2,16,4
R UR BS DL ur L dr,2,14,45,6,2,11,3
R UR BS ur DL L dr,2,14,45,6,2,9,3
R UR DL BS ur L dr,2,14,45,6,2,9,3
R UR DL ur BS L dr,2,14,45,6,2,9,2
R ur UR BS DL L dr,2,14,45,6,2,15,4
R UR ur BS DL L dr,2,14,45,6,2,11,4
R ur UR DL BS L dr,2,14,45,6,2,15,4
R UR ur DL BS L dr,2,14,45,6,2,13,4
UR dr L DL R ur BS,2,14,45,6,2,11,3
UR dr L DL ur R BS,2,14,45,6,2,11,3
ur dr L UR DL R BS,2,14,45,6,2,13,3
UR dr L ur DL R BS,2,14,45,6,2,11,3
ur dr UR L DL R BS,2,14,45,6,2,13,3
UR dr ur L DL R BS,2,14,45,6,2,11,3
UR L dr DL R ur BS,2,14,45,6,2,13,3
UR L dr DL ur R BS,2,14,45,6,2,13,3
ur L dr UR DL R BS,2,14,45,6,2,11,3
UR L dr ur DL R BS,2,14,45,6,2,13,3
ur L UR dr DL R BS,2,14,45,6,2,13,3
UR L ur dr DL R BS,2,14,45,6,2,13,3
UR R BS DL ur L dr,2,14,45,6,2,10,3
UR R BS ur DL L dr,2,14,45,6,2,8,2
UR R DL BS ur L dr,2,14,45,6,2,10,3
UR R DL ur BS L dr,2,14,45,6,2,10,3
ur R UR BS DL L dr,2,14,45,6,2,12,3
UR R ur BS DL L dr,2,14,45,6,2,10,3
ur R UR DL BS L dr,2,14,45,6,2,12,3
UR R ur DL BS L dr,2,14,45,6,2,12,3
ur UR dr L DL R BS,2,14,45,6,2,13,4
UR ur dr L DL R BS,2,14,45,6,2,13,4
ur UR L dr DL R BS,2,14,45,6,2,15,4
UR ur L dr DL R BS,2,14,45,6,2,13,4
ur UR R BS DL L dr,2,14,45,6,2,12,4
UR ur R BS DL L dr,2,14,45,6,2,14,4
ur UR R DL BS L dr,2,14,45,6,2,14,4
UR ur R DL BS L dr,2,14,45,6,2,16,4
dr L R UR BS DL ur,2,13,45,7,2,14,4
dr L R UR DL BS ur,2,13,45,7,2,12,4
dr L UR R BS DL ur,2,13,45,7,2,12,3
dr L UR R DL BS ur,2,13,45,7,2,12,3
dr R L UR BS DL ur,2,13,45,7,2,18,4
dr R L UR DL BS ur,2,13,45,7,2,16,4
dr R UR BS L DL ur,2,13,45,7,2,12,3
dr R UR L BS DL ur,2,13,45,7,2,14,3
dr R UR L DL BS ur,2,13,45,7,2,12,3
dr UR L R BS DL ur,2,13,45,7,2,16,4
dr UR L R DL BS ur,2,13,45,7,2,16,4
dr UR R BS L DL ur,2,13,45,7,2,10,2
dr UR R L BS DL ur,2,13,45,7,2,14,4
dr UR R L DL BS ur,2,13,45,7,2,12,4
L dr R UR BS DL ur,2,13,45,7,2,13,3
L dr R UR DL BS ur,2,13,45,7,2,11,3
L dr UR R BS DL ur,2,13,45,7,2,11,3
L dr UR R DL BS ur,2,13,45,7,2,11,3
L R dr UR BS DL ur,2,13,45,7,2,17,4
L R dr UR DL BS ur,2,13,45,7,2,15,4
L R UR BS DL dr ur,2,13,45,7,2,15,4
L R UR BS dr DL ur,2,13,45,7,2,15,4
L R UR DL BS dr ur,2,13,45,7,2,15,4
L R UR DL dr BS ur,2,13,45,7,2,13,4
L R UR dr BS DL ur,2,13,45,7,2,15,4
L R UR dr DL BS ur,2,13,45,7,2,13,4
L UR dr R BS DL ur,2,13,45,7,2,15,3
L UR dr R DL BS ur,2,13,45,7,2,15,3
L UR R BS DL dr ur,2,13,45,7,2,13,3
L UR R BS dr DL ur,2,13,45,7,2,13,3
L UR R DL BS dr ur,2,13,45,7,2,15,3
L UR R DL dr BS ur,2,13,45,7,2,13,3
L UR R dr BS DL ur,2,13,45,7,2,15,3
L UR R dr DL BS ur,2,13,45,7,2,13,3
R dr L UR BS DL ur,2,13,45,7,2,15,3
R dr L UR DL BS ur,2,13,45,7,2,13,3
R dr UR BS L DL ur,2,13,45,7,2,13,3
R dr UR L BS DL ur,2,13,45,7,2,15,3
R dr UR L DL BS ur,2,13,45,7,2,13,3
R L dr UR BS DL ur,2,13,45,7,2,15,4
R L dr UR DL BS ur,2,13,45,7,2,13,4
R L UR BS DL dr ur,2,13,45,7,2,17,4
R L UR BS dr DL ur,2,13,45,7,2,17,4
R L UR DL BS dr ur,2,13,45,7,2,17,4
R L UR DL dr BS ur,2,13,45,7,2,15,4
R L UR dr BS DL ur,2,13,45,7,2,17,4
R L UR dr DL BS ur,2,13,45,7,2,15,4
R UR BS DL L dr ur,2,13,45,7,2,11,3
R UR BS dr L DL ur,2,13,45,7,2,11,3
R UR BS L DL dr ur,2,13,45,7,2,11,3
R UR BS L dr DL ur,2,13,45,7,2,11,3
R UR DL BS L dr ur,2,13,45,7,2,11,3
R UR DL L BS dr ur,2,13,45,7,2,11,3
R UR DL L dr BS ur,2,13,45,7,2,9,3
R UR dr BS L DL ur,2,13,45,7,2,11,3
R UR dr L BS DL ur,2,13,45,7,2,11,3
R UR dr L DL BS ur,2,13,45,7,2,9,3
R UR L BS DL dr ur,2,13,45,7,2,13,3
R UR L BS dr DL ur,2,13,45,7,2,13,3
R UR L DL BS dr ur,2,13,45,7,2,13,3
R UR L DL dr BS ur,2,13,45,7,2,11,3
R UR L dr BS DL ur,2,13,45,7,2,13,3
R UR L dr DL BS ur,2,13,45,7,2,11,3
UR dr L R BS DL ur,2,13,45,7,2,14,4
UR dr L R DL BS ur,2,13,45,7,2,14,4
UR dr R BS L DL ur,2,13,45,7,2,12,3
UR dr R L BS DL ur,2,13,45,7,2,16,4
UR dr R L DL BS ur,2,13,45,7,2,14,4
UR L dr R BS DL ur,2,13,45,7,2,14,3
UR L dr R DL BS ur,2,13,45,7,2,14,3
UR L R BS DL dr ur,2,13,45,7,2,16,4
UR L R BS dr DL ur,2,13,45,7,2,16,4
UR L R DL BS dr ur,2,13,45,7,2,18,4
UR L R DL dr BS ur,2,13,45,7,2,16,4
UR L R dr BS DL ur,2,13,45,7,2,18,4
UR L R dr DL BS ur,2,13,45,7,2,16,4
UR R BS DL L dr ur,2,13,45,7,2,10,3
UR R BS dr L DL ur,2,13,45,7,2,10,3
UR R BS L DL dr ur,2,13,45,7,2,10,2
UR R BS L dr DL ur,2,13,45,7,2,10,2
UR R DL BS L dr ur,2,13,45,7,2,12,3
UR R DL L BS dr ur,2,13,45,7,2,12,3
UR R DL L dr BS ur,2,13,45,7,2,10,3
UR R dr BS L DL ur,2,13,45,7,2,12,3
UR R dr L BS DL ur,2,13,45,7,2,12,3
UR R dr L DL BS ur,2,13,45,7,2,10,3
UR R L BS DL dr ur,2,13,45,7,2,14,4
UR R L BS dr DL ur,2,13,45,7,2,14,4
UR R L DL BS dr ur,2,13,45,7,2,14,4
UR R L DL dr BS ur,2,13,45,7,2,12,4
UR R L dr BS DL ur,2,13,45,7,2,14,4
UR R L dr DL BS ur,2,13,45,7,2,12,4
BS DL L R ur UR dr,2,14,46,7,2,17,4
BS DL L R UR ur dr,2,14,46,7,2,15,4
BS DL L ur R UR dr,2,14,46,7,2,11,3
BS DL R L ur UR dr,2,14,46,7,2,17,4
BS DL R L UR ur dr,2,14,46,7,2,19,4
BS DL R UR L ur dr,2,14,46,7,2,13,3
BS dr L ur DL UR R,2,14,46,7,2,10,3
BS dr ur L DL UR R,2,14,46,7,2,10,3
BS L DL R ur UR dr,2,14,46,7,2,15,4
BS L DL R UR ur dr,2,14,46,7,2,13,4
BS L DL ur R UR dr,2,14,46,7,2,11,3
BS L dr ur DL UR R,2,14,46,7,2,10,2
BS L R DL ur UR dr,2,14,46,7,2,17,4
BS L R DL UR ur dr,2,14,46,7,2,17,4
BS L ur DL dr UR R,2,14,46,7,2,10,2
BS L ur dr DL UR R,2,14,46,7,2,10,2
BS R DL L ur UR dr,2,14,46,7,2,13,4
BS R DL L UR ur dr,2,14,46,7,2,15,4
BS R DL UR L ur dr,2,14,46,7,2,13,3
BS R L DL ur UR dr,2,14,46,7,2,15,4
BS R L DL UR ur dr,2,14,46,7,2,15,4
BS ur dr L DL UR R,2,14,46,7,2,8,2
BS ur L DL dr UR R,2,14,46,7,2,8,2
BS ur L dr DL UR R,2,14,46,7,2,8,2
DL BS L R ur UR dr,2,14,46,7,2,18,4
DL BS L R UR ur dr,2,14,46,7,2,16,4
DL BS L ur R UR dr,2,14,46,7,2,12,3
DL BS R L ur UR dr,2,14,46,7,2,16,4
DL BS R L UR ur dr,2,14,46,7,2,18,4
DL BS R UR L ur dr,2,14,46,7,2,12,3
DL L BS R ur UR dr,2,14,46,7,2,14,4
DL L BS R UR ur dr,2,14,46,7,2,12,4
DL L BS ur R UR dr,2,14,46,7,2,10,3
DL L R BS ur UR dr,2,14,46,7,2,14,4
DL L R BS UR ur dr,2,14,46,7,2,16,4
DL L R ur BS UR dr,2,14,46,7,2,14,4
DL L R UR BS ur dr,2,14,46,7,2,12,4
DL L R ur UR BS dr,2,14,46,7,2,18,4
DL L R UR ur BS dr,2,14,46,7,2,14,4
DL L ur BS R UR dr,2,14,46,7,2,8,2
DL L ur R BS UR dr,2,14,46,7,2,12,3
DL L ur R UR BS dr,2,14,46,7,2,12,3
DL R BS L ur UR dr,2,14,46,7,2,14,4
DL R BS L UR ur dr,2,14,46,7,2,16,4
DL R BS UR L ur dr,2,14,46,7,2,14,3
DL R L BS ur UR dr,2,14,46,7,2,16,4
DL R L BS UR ur dr,2,14,46,7,2,18,4
DL R L ur BS UR dr,2,14,46,7,2,14,4
DL R L UR BS ur dr,2,14,46,7,2,16,4
DL R L ur UR BS dr,2,14,46,7,2,18,4
DL R L UR ur BS dr,2,14,46,7,2,18,4
DL R UR BS L ur dr,2,14,46,7,2,12,3
DL R ur L BS UR dr,2,14,46,7,2,14,3
DL R UR L BS ur dr,2,14,46,7,2,12,3
DL R ur L UR BS dr,2,14,46,7,2,16,3
DL R UR L ur BS dr,2,14,46,7,2,12,3
DL R ur UR L BS dr,2,14,46,7,2,18,4
DL R UR ur L BS dr,2,14,46,7,2,14,4
DL ur L BS R UR dr,2,14,46,7,2,10,2
DL ur L R BS UR dr,2,14,46,7,2,14,4
DL ur L R UR BS dr,2,14,46,7,2,14,4
DL ur R L BS UR dr,2,14,46,7,2,16,4
DL ur R L UR BS dr,2,14,46,7,2,18,4
DL ur R UR L BS dr,2,14,46,7,2,14,3
dr BS L ur DL UR R,2,14,46,7,2,11,3
dr BS ur L DL UR R,2,14,46,7,2,9,3
dr L BS ur DL UR R,2,14,46,7,2,9,2
dr L ur BS DL UR R,2,14,46,7,2,9,3
dr ur BS L DL UR R,2,14,46,7,2,9,2
dr ur L BS DL UR R,2,14,46,7,2,11,3
L BS DL R ur UR dr,2,14,46,7,2,17,4
L BS DL R UR ur dr,2,14,46,7,2,15,4
L BS DL ur R UR dr,2,14,46,7,2,13,3
L BS dr ur DL UR R,2,14,46,7,2,12,3
L BS R DL ur UR dr,2,14,46,7,2,15,4
L BS R DL UR ur dr,2,14,46,7,2,15,4
L BS ur DL dr UR R,2,14,46,7,2,10,2
L BS ur dr DL UR R,2,14,46,7,2,10,2
L DL BS R ur UR dr,2,14,46,7,2,15,4
L DL BS R UR ur dr,2,14,46,7,2,13,4
L DL BS ur R UR dr,2,14,46,7,2,11,3
L DL R BS ur UR dr,2,14,46,7,2,13,4
L DL R BS UR ur dr,2,14,46,7,2,15,4
L DL R ur BS UR dr,2,14,46,7,2,13,3
L DL R UR BS ur dr,2,14,46,7,2,11,3
L DL R ur UR BS dr,2,14,46,7,2,17,4
L DL R UR ur BS dr,2,14,46,7,2,13,4
L DL ur BS R UR dr,2,14,46,7,2,9,2
L DL ur R BS UR dr,2,14,46,7,2,13,3
L DL ur R UR BS dr,2,14,46,7,2,13,3
L dr BS ur DL UR R,2,14,46,7,2,10,3
L dr ur BS DL UR R,2,14,46,7,2,10,3
L R BS DL ur UR dr,2,14,46,7,2,17,4
L R BS DL UR ur dr,2,14,46,7,2,17,4
L R DL BS ur UR dr,2,14,46,7,2,17,4
L R DL BS UR ur dr,2,14,46,7,2,19,4
L R DL ur BS UR dr,2,14,46,7,2,15,4
L R DL UR BS ur dr,2,14,46,7,2,15,4
L R DL ur UR BS dr,2,14,46,7,2,19,4
L R DL UR ur BS dr,2,14,46,7,2,17,4
L R ur DL BS UR dr,2,14,46,7,2,17,4
L R ur DL UR BS dr,2,14,46,7,2,17,4
L ur BS DL dr UR R,2,14,46,7,2,10,3
L ur BS dr DL UR R,2,14,46,7,2,10,3
L ur DL BS R UR dr,2,14,46,7,2,11,3
L ur DL R BS UR dr,2,14,46,7,2,13,3
L ur DL R UR BS dr,2,14,46,7,2,13,3
L ur dr BS DL UR R,2,14,46,7,2,12,3
L ur R DL BS UR dr,2,14,46,7,2,15,3
L ur R DL UR BS dr,2,14,46,7,2,15,3
R BS DL L ur UR dr,2,14,46,7,2,13,4
R BS DL L UR ur dr,2,14,46,7,2,15,4
R BS DL UR L ur dr,2,14,46,7,2,13,3
R BS L DL ur UR dr,2,14,46,7,2,13,4
R BS L DL UR ur dr,2,14,46,7,2,13,4
R DL BS L ur UR dr,2,14,46,7,2,15,4
R DL BS L UR ur dr,2,14,46,7,2,17,4
R DL BS UR L ur dr,2,14,46,7,2,15,3
R DL L BS ur UR dr,2,14,46,7,2,13,4
R DL L BS UR ur dr,2,14,46,7,2,15,4
R DL L ur BS UR dr,2,14,46,7,2,11,3
R DL L UR BS ur dr,2,14,46,7,2,13,3
R DL L ur UR BS dr,2,14,46,7,2,15,4
R DL L UR ur BS dr,2,14,46,7,2,15,4
R DL UR BS L ur dr,2,14,46,7,2,13,3
R DL ur L BS UR dr,2,14,46,7,2,13,3
R DL UR L BS ur dr,2,14,46,7,2,13,3
R DL ur L UR BS dr,2,14,46,7,2,15,3
R DL UR L ur BS dr,2,14,46,7,2,13,3
R DL ur UR L BS dr,2,14,46,7,2,17,4
R DL UR ur L BS dr,2,14,46,7,2,15,4
R L BS DL ur UR dr,2,14,46,7,2,17,4
R L BS DL UR ur dr,2,14,46,7,2,17,4
R L DL BS ur UR dr,2,14,46,7,2,15,4
R L DL BS UR ur dr,2,14,46,7,2,17,4
R L DL ur BS UR dr,2,14,46,7,2,13,4
R L DL UR BS ur dr,2,14,46,7,2,13,4
R L DL ur UR BS dr,2,14,46,7,2,17,4
R L DL UR ur BS dr,2,14,46,7,2,15,4
R L ur DL BS UR dr,2,14,46,7,2,15,4
R L ur DL UR BS dr,2,14,46,7,2,15,4
R ur DL L BS UR dr,2,14,46,7,2,13,3
R ur DL L UR BS dr,2,14,46,7,2,15,3
R ur DL UR L BS dr,2,14,46,7,2,15,3
R ur L DL BS UR dr,2,14,46,7,2,13,3
R ur L DL UR BS dr,2,14,46,7,2,13,3
ur BS dr L DL UR R,2,14,46,7,2,9,3
ur BS L DL dr UR R,2,14,46,7,2,9,2
ur BS L dr DL UR R,2,14,46,7,2,9,2
ur DL L BS R UR dr,2,14,46,7,2,10,2
ur DL L R BS UR dr,2,14,46,7,2,14,4
ur DL L R UR BS dr,2,14,46,7,2,14,4
ur DL R L BS UR dr,2,14,46,7,2,16,4
ur DL R L UR BS dr,2,14,46,7,2,18,4
ur DL R UR L BS dr,2,14,46,7,2,14,3
ur dr BS L DL UR R,2,14,46,7,2,11,3
ur dr L BS DL UR R,2,14,46,7,2,11,3
ur L BS DL dr UR R,2,14,46,7,2,11,3
ur L BS dr DL UR R,2,14,46,7,2,11,3
ur L DL BS R UR dr,2,14,46,7,2,10,3
ur L DL R BS UR dr,2,14,46,7,2,12,3
ur L DL R UR BS dr,2,14,46,7,2,12,3
ur L dr BS DL UR R,2,14,46,7,2,11,3
ur L R DL BS UR dr,2,14,46,7,2,16,4
ur L R DL UR BS dr,2,14,46,7,2,16,4
ur R DL L BS UR dr,2,14,46,7,2,14,3
ur R DL L UR BS dr,2,14,46,7,2,16,3
ur R DL UR L BS dr,2,14,46,7,2,16,3
ur R L DL BS UR dr,2,14,46,7,2,16,4
ur R L DL UR BS dr,2,14,46,7,2,16,4
BS L ur DL UR R dr,2,14,47,6,2,11,3
BS L UR R DL ur dr,2,14,47,6,2,13,3
BS L UR R ur DL dr,2,14,47,6,2,13,3
BS L ur UR DL R dr,2,14,47,6,2,15,4
BS L UR ur DL R dr,2,14,47,6,2,17,4
BS L ur UR R DL dr,2,14,47,6,2,13,4
BS L UR ur R DL dr,2,14,47,6,2,17,4
BS ur L DL UR R dr,2,14,47,6,2,9,3
BS UR L R DL ur dr,2,14,47,6,2,17,4
BS UR L R ur DL dr,2,14,47,6,2,17,4
BS ur L UR DL R dr,2,14,47,6,2,13,3
BS UR L ur DL R dr,2,14,47,6,2,15,3
BS ur L UR R DL dr,2,14,47,6,2,11,3
BS UR L ur R DL dr,2,14,47,6,2,15,3
BS UR R DL L ur dr,2,14,47,6,2,11,3
BS UR R L DL ur dr,2,14,47,6,2,13,4
BS UR R L ur DL dr,2,14,47,6,2,13,4
BS UR R ur L DL dr,2,14,47,6,2,11,3
BS ur UR L DL R dr,2,14,47,6,2,15,4
BS UR ur L DL R dr,2,14,47,6,2,15,4
BS ur UR L R DL dr,2,14,47,6,2,17,4
BS UR ur L R DL dr,2,14,47,6,2,17,4
BS ur UR R L DL dr,2,14,47,6,2,13,4
BS UR ur R L DL dr,2,14,47,6,2,17,4
L BS ur DL UR R dr,2,14,47,6,2,11,3
L BS UR R DL ur dr,2,14,47,6,2,13,3
L BS UR R ur DL dr,2,14,47,6,2,13,3
L BS ur UR DL R dr,2,14,47,6,2,15,4
L BS UR ur DL R dr,2,14,47,6,2,17,4
L BS ur UR R DL dr,2,14,47,6,2,13,4
L BS UR ur R DL dr,2,14,47,6,2,17,4
L ur BS DL UR R dr,2,14,47,6,2,11,3
L UR BS R DL ur dr,2,14,47,6,2,15,3
L UR BS R ur DL dr,2,14,47,6,2,15,3
L ur BS UR DL R dr,2,14,47,6,2,13,3
L UR BS ur DL R dr,2,14,47,6,2,15,3
L ur BS UR R DL dr,2,14,47,6,2,11,3
L UR BS ur R DL dr,2,14,47,6,2,15,3
L ur UR BS DL R dr,2,14,47,6,2,17,4
L UR ur BS DL R dr,2,14,47,6,2,17,4
L ur UR BS R DL dr,2,14,47,6,2,15,4
L UR ur BS R DL dr,2,14,47,6,2,15,4
ur BS L DL UR R dr,2,14,47,6,2,10,3
UR BS L R DL ur dr,2,14,47,6,2,16,4
UR BS L R ur DL dr,2,14,47,6,2,16,4
ur BS L UR DL R dr,2,14,47,6,2,14,3
UR BS L ur DL R dr,2,14,47,6,2,14,3
ur BS L UR R DL dr,2,14,47,6,2,12,3
UR BS L ur R DL dr,2,14,47,6,2,14,3
UR BS R DL L ur dr,2,14,47,6,2,12,3
UR BS R L DL ur dr,2,14,47,6,2,14,4
UR BS R L ur DL dr,2,14,47,6,2,14,4
UR BS R ur L DL dr,2,14,47,6,2,12,3
ur BS UR L DL R dr,2,14,47,6,2,14,3
UR BS ur L DL R dr,2,14,47,6,2,12,3
ur BS UR L R DL dr,2,14,47,6,2,16,4
UR BS ur L R DL dr,2,14,47,6,2,14,4
ur BS UR R L DL dr,2,14,47,6,2,12,4
UR BS ur R L DL dr,2,14,47,6,2,14,4
ur L BS DL UR R dr,2,14,47,6,2,12,3
UR L BS R DL ur dr,2,14,47,6,2,14,3
UR L BS R ur DL dr,2,14,47,6,2,14,3
ur L BS UR DL R dr,2,14,47,6,2,14,3
UR L BS ur DL R dr,2,14,47,6,2,14,3
ur L BS UR R DL dr,2,14,47,6,2,12,3
UR L BS ur R DL dr,2,14,47,6,2,14,3
ur L UR BS DL R dr,2,14,47,6,2,16,3
UR L ur BS DL R dr,2,14,47,6,2,14,3
ur L UR BS R DL dr,2,14,47,6,2,14,3
UR L ur BS R DL dr,2,14,47,6,2,12,3
ur UR BS L DL R dr,2,14,47,6,2,16,4
UR ur BS L DL R dr,2,14,47,6,2,14,4
ur UR BS L R DL dr,2,14,47,6,2,18,4
UR ur BS L R DL dr,2,14,47,6,2,16,4
ur UR BS R L DL dr,2,14,47,6,2,16,4
UR ur BS R L DL dr,2,14,47,6,2,14,4
ur UR L BS DL R dr,2,14,47,6,2,18,4
UR ur L BS DL R dr,2,14,47,6,2,16,4
ur UR L BS R DL dr,2,14,47,6,2,16,4
UR ur L BS R DL dr,2,14,47,6,2,14,4
dr L R UR DL ur BS,2,14,47,7,2,11,4
dr L R ur UR DL BS,2,14,47,7,2,17,4
dr L R UR ur DL BS,2,14,47,7,2,15,4
dr L UR R DL ur BS,2,14,47,7,2,11,3
dr L ur R UR DL BS,2,14,47,7,2,11,3
dr L UR R ur DL BS,2,14,47,7,2,13,3
dr L ur UR R DL BS,2,14,47,7,2,13,4
dr L UR ur R DL BS,2,14,47,7,2,17,4
dr R L UR DL ur BS,2,14,47,7,2,15,4
dr R L ur UR DL BS,2,14,47,7,2,17,4
dr R L UR ur DL BS,2,14,47,7,2,19,4
dr R UR L DL ur BS,2,14,47,7,2,11,3
dr R ur L UR DL BS,2,14,47,7,2,15,3
dr R UR L ur DL BS,2,14,47,7,2,13,3
dr R ur UR L DL BS,2,14,47,7,2,17,4
dr R UR ur L DL BS,2,14,47,7,2,13,4
dr UR L R DL ur BS,2,14,47,7,2,15,4
dr ur L R UR DL BS,2,14,47,7,2,13,4
dr UR L R ur DL BS,2,14,47,7,2,17,4
dr ur L UR R DL BS,2,14,47,7,2,13,3
dr UR L ur R DL BS,2,14,47,7,2,15,3
dr UR R L DL ur BS,2,14,47,7,2,11,4
dr ur R L UR DL BS,2,14,47,7,2,17,4
dr UR R L ur DL BS,2,14,47,7,2,13,4
dr ur R UR L DL BS,2,14,47,7,2,13,3
dr UR R ur L DL BS,2,14,47,7,2,11,3
dr ur UR L R DL BS,2,14,47,7,2,19,4
dr UR ur L R DL BS,2,14,47,7,2,17,4
dr ur UR R L DL BS,2,14,47,7,2,15,4
dr UR ur R L DL BS,2,14,47,7,2,17,4
L dr R UR DL ur BS,2,14,47,7,2,10,3
L dr R ur UR DL BS,2,14,47,7,2,16,4
L dr R UR ur DL BS,2,14,47,7,2,14,4
L dr UR R DL ur BS,2,14,47,7,2,10,3
L dr ur R UR DL BS,2,14,47,7,2,12,3
L dr UR R ur DL BS,2,14,47,7,2,12,3
L dr ur UR R DL BS,2,14,47,7,2,14,4
L dr UR ur R DL BS,2,14,47,7,2,16,4
L R dr UR DL ur BS,2,14,47,7,2,14,4
L R dr ur UR DL BS,2,14,47,7,2,18,4
L R dr UR ur DL BS,2,14,47,7,2,18,4
L R UR DL dr ur BS,2,14,47,7,2,12,4
L R UR DL ur dr BS,2,14,47,7,2,14,4
L R UR dr DL ur BS,2,14,47,7,2,12,4
L R ur dr UR DL BS,2,14,47,7,2,16,4
L R UR dr ur DL BS,2,14,47,7,2,14,4
L R ur UR DL dr BS,2,14,47,7,2,18,4
L R UR ur DL dr BS,2,14,47,7,2,16,4
L R ur UR dr DL BS,2,14,47,7,2,18,4
L R UR ur dr DL BS,2,14,47,7,2,16,4
L UR dr R DL ur BS,2,14,47,7,2,14,3
L ur dr R UR DL BS,2,14,47,7,2,12,3
L UR dr R ur DL BS,2,14,47,7,2,16,3
L ur dr UR R DL BS,2,14,47,7,2,12,3
L UR dr ur R DL BS,2,14,47,7,2,16,3
L UR R DL dr ur BS,2,14,47,7,2,12,3
L UR R DL ur dr BS,2,14,47,7,2,14,3
L UR R dr DL ur BS,2,14,47,7,2,12,3
L ur R dr UR DL BS,2,14,47,7,2,14,3
L UR R dr ur DL BS,2,14,47,7,2,14,3
L ur R UR DL dr BS,2,14,47,7,2,12,3
L UR R ur DL dr BS,2,14,47,7,2,14,3
L ur R UR dr DL BS,2,14,47,7,2,12,3
L UR R ur dr DL BS,2,14,47,7,2,14,3
L ur UR dr R DL BS,2,14,47,7,2,16,4
L UR ur dr R DL BS,2,14,47,7,2,18,4
L ur UR R DL dr BS,2,14,47,7,2,14,4
L UR ur R DL dr BS,2,14,47,7,2,18,4
L ur UR R dr DL BS,2,14,47,7,2,14,4
L UR ur R dr DL BS,2,14,47,7,2,18,4
R dr L UR DL ur BS,2,14,47,7,2,12,3
R dr L ur UR DL BS,2,14,47,7,2,14,4
R dr L UR ur DL BS,2,14,47,7,2,16,4
R dr UR L DL ur BS,2,14,47,7,2,12,3
R dr ur L UR DL BS,2,14,47,7,2,14,3
R dr UR L ur DL BS,2,14,47,7,2,14,3
R dr ur UR L DL BS,2,14,47,7,2,16,4
R dr UR ur L DL BS,2,14,47,7,2,14,4
R L dr UR DL ur BS,2,14,47,7,2,12,4
R L dr ur UR DL BS,2,14,47,7,2,16,4
R L dr UR ur DL BS,2,14,47,7,2,16,4
R L UR DL dr ur BS,2,14,47,7,2,14,4
R L UR DL ur dr BS,2,14,47,7,2,16,4
R L UR dr DL ur BS,2,14,47,7,2,14,4
R L ur dr UR DL BS,2,14,47,7,2,14,4
R L UR dr ur DL BS,2,14,47,7,2,16,4
R L ur UR DL dr BS,2,14,47,7,2,16,4
R L UR ur DL dr BS,2,14,47,7,2,18,4
R L ur UR dr DL BS,2,14,47,7,2,16,4
R L UR ur dr DL BS,2,14,47,7,2,18,4
R UR DL L dr ur BS,2,14,47,7,2,8,2
R UR DL L ur dr BS,2,14,47,7,2,10,3
R UR DL ur L dr BS,2,14,47,7,2,10,3
R UR dr L DL ur BS,2,14,47,7,2,8,2
R ur dr L UR DL BS,2,14,47,7,2,14,3
R UR dr L ur DL BS,2,14,47,7,2,10,3
R ur dr UR L DL BS,2,14,47,7,2,14,3
R UR dr ur L DL BS,2,14,47,7,2,10,3
R UR L DL dr ur BS,2,14,47,7,2,10,3
R UR L DL ur dr BS,2,14,47,7,2,12,3
R UR L dr DL ur BS,2,14,47,7,2,10,3
R ur L dr UR DL BS,2,14,47,7,2,12,3
R UR L dr ur DL BS,2,14,47,7,2,12,3
R ur L UR DL dr BS,2,14,47,7,2,14,3
R UR L ur DL dr BS,2,14,47,7,2,12,3
R ur L UR dr DL BS,2,14,47,7,2,14,3
R UR L ur dr DL BS,2,14,47,7,2,12,3
R ur UR DL L dr BS,2,14,47,7,2,14,4
R UR ur DL L dr BS,2,14,47,7,2,12,4
R ur UR dr L DL BS,2,14,47,7,2,14,4
R UR ur dr L DL BS,2,14,47,7,2,12,4
R ur UR L DL dr BS,2,14,47,7,2,16,4
R UR ur L DL dr BS,2,14,47,7,2,12,4
R ur UR L dr DL BS,2,14,47,7,2,16,4
R UR ur L dr DL BS,2,14,47,7,2,12,4
UR dr L R DL ur BS,2,14,47,7,2,13,4
ur dr L R UR DL BS,2,14,47,7,2,13,4
UR dr L R ur DL BS,2,14,47,7,2,15,4
ur dr L UR R DL BS,2,14,47,7,2,13,3
UR dr L ur R DL BS,2,14,47,7,2,13,3
UR dr R L DL ur BS,2,14,47,7,2,13,4
ur dr R L UR DL BS,2,14,47,7,2,17,4
UR dr R L ur DL BS,2,14,47,7,2,15,4
ur dr R UR L DL BS,2,14,47,7,2,13,3
UR dr R ur L DL BS,2,14,47,7,2,13,3
ur dr UR L R DL BS,2,14,47,7,2,17,4
UR dr ur L R DL BS,2,14,47,7,2,15,4
ur dr UR R L DL BS,2,14,47,7,2,13,4
UR dr ur R L DL BS,2,14,47,7,2,15,4
UR L dr R DL ur BS,2,14,47,7,2,13,3
ur L dr R UR DL BS,2,14,47,7,2,11,3
UR L dr R ur DL BS,2,14,47,7,2,15,3
ur L dr UR R DL BS,2,14,47,7,2,11,3
UR L dr ur R DL BS,2,14,47,7,2,15,3
UR L R DL dr ur BS,2,14,47,7,2,15,4
UR L R DL ur dr BS,2,14,47,7,2,17,4
UR L R dr DL ur BS,2,14,47,7,2,15,4
ur L R dr UR DL BS,2,14,47,7,2,15,4
UR L R dr ur DL BS,2,14,47,7,2,17,4
ur L R UR DL dr BS,2,14,47,7,2,13,4
UR L R ur DL dr BS,2,14,47,7,2,17,4
ur L R UR dr DL BS,2,14,47,7,2,13,4
UR L R ur dr DL BS,2,14,47,7,2,17,4
ur L UR dr R DL BS,2,14,47,7,2,15,3
UR L ur dr R DL BS,2,14,47,7,2,15,3
ur L UR R DL dr BS,2,14,47,7,2,13,3
UR L ur R DL dr BS,2,14,47,7,2,15,3
ur L UR R dr DL BS,2,14,47,7,2,13,3
UR L ur R dr DL BS,2,14,47,7,2,15,3
UR R DL L dr ur BS,2,14,47,7,2,9,3
UR R DL L ur dr BS,2,14,47,7,2,11,3
UR R DL ur L dr BS,2,14,47,7,2,11,3
UR R dr L DL ur BS,2,14,47,7,2,9,3
ur R dr L UR DL BS,2,14,47,7,2,15,3
UR R dr L ur DL BS,2,14,47,7,2,11,3
ur R dr UR L DL BS,2,14,47,7,2,15,3
UR R dr ur L DL BS,2,14,47,7,2,11,3
UR R L DL dr ur BS,2,14,47,7,2,11,4
UR R L DL ur dr BS,2,14,47,7,2,13,4
UR R L dr DL ur BS,2,14,47,7,2,11,4
ur R L dr UR DL BS,2,14,47,7,2,15,4
UR R L dr ur DL BS,2,14,47,7,2,13,4
ur R L UR DL dr BS,2,14,47,7,2,17,4
UR R L ur DL dr BS,2,14,47,7,2,13,4
ur R L UR dr DL BS,2,14,47,7,2,17,4
UR R L ur dr DL BS,2,14,47,7,2,13,4
ur R UR DL L dr BS,2,14,47,7,2,11,3
UR R ur DL L dr BS,2,14,47,7,2,11,3
ur R UR dr L DL BS,2,14,47,7,2,11,3
UR R ur dr L DL BS,2,14,47,7,2,11,3
ur R UR L DL dr BS,2,14,47,7,2,13,3
UR R ur L DL dr BS,2,14,47,7,2,11,3
ur R UR L dr DL BS,2,14,47,7,2,13,3
UR R ur L dr DL BS,2,14,47,7,2,11,3
ur UR dr L R DL BS,2,14,47,7,2,17,4
UR ur dr L R DL BS,2,14,47,7,2,17,4
ur UR dr R L DL BS,2,14,47,7,2,17,4
UR ur dr R L DL BS,2,14,47,7,2,17,4
ur UR L dr R DL BS,2,14,47,7,2,17,4
UR ur L dr R DL BS,2,14,47,7,2,15,4
ur UR L R DL dr BS,2,14,47,7,2,19,4
UR ur L R DL dr BS,2,14,47,7,2,17,4
ur UR L R dr DL BS,2,14,47,7,2,19,4
UR ur L R dr DL BS,2,14,47,7,2,17,4
ur UR R DL L dr BS,2,14,47,7,2,13,4
UR ur R DL L dr BS,2,14,47,7,2,15,4
ur UR R dr L DL BS,2,14,47,7,2,13,4
UR ur R dr L DL BS,2,14,47,7,2,15,4
ur UR R L DL dr BS,2,14,47,7,2,15,4
UR ur R L DL dr BS,2,14,47,7,2,17,4
ur UR R L dr DL BS,2,14,47,7,2,15,4
UR ur R L dr DL BS,2,14,47,7,2,17,4
BS dr L R ur DL UR,2,14,48,8,2,15,4
BS dr L R ur UR DL,2,14,48,8,2,17,4
BS dr L R UR ur DL,2,14,48,8,2,15,4
BS dr L ur DL R UR,2,14,48,8,2,11,3
BS dr L ur R DL UR,2,14,48,8,2,13,3
BS dr L ur R UR DL,2,14,48,8,2,11,3
BS dr R L ur DL UR,2,14,48,8,2,15,4
BS dr R L ur UR DL,2,14,48,8,2,17,4
BS dr R L UR ur DL,2,14,48,8,2,19,4
BS dr R ur L DL UR,2,14,48,8,2,13,3
BS dr R ur L UR DL,2,14,48,8,2,15,3
BS dr R UR L ur DL,2,14,48,8,2,13,3
BS dr R ur UR L DL,2,14,48,8,2,17,4
BS dr R UR ur L DL,2,14,48,8,2,13,4
BS dr ur L DL R UR,2,14,48,8,2,11,3
BS dr ur L R DL UR,2,14,48,8,2,15,4
BS dr ur L R UR DL,2,14,48,8,2,13,4
BS dr ur R L DL UR,2,14,48,8,2,15,4
BS dr ur R L UR DL,2,14,48,8,2,17,4
BS dr ur R UR L DL,2,14,48,8,2,13,3
BS L dr R ur DL UR,2,14,48,8,2,13,3
BS L dr R ur UR DL,2,14,48,8,2,15,4
BS L dr R UR ur DL,2,14,48,8,2,13,4
BS L dr ur DL R UR,2,14,48,8,2,11,3
BS L dr ur R DL UR,2,14,48,8,2,13,3
BS L dr ur R UR DL,2,14,48,8,2,11,3
BS L R dr ur DL UR,2,14,48,8,2,15,4
BS L R dr ur UR DL,2,14,48,8,2,17,4
BS L R dr UR ur DL,2,14,48,8,2,17,4
BS L R ur DL dr UR,2,14,48,8,2,15,4
BS L R ur dr DL UR,2,14,48,8,2,15,4
BS L R ur dr UR DL,2,14,48,8,2,15,4
BS L R UR dr ur DL,2,14,48,8,2,13,4
BS L R ur UR dr DL,2,14,48,8,2,17,4
BS L R UR ur dr DL,2,14,48,8,2,15,4
BS L ur DL dr R UR,2,14,48,8,2,11,3
BS L ur DL R dr UR,2,14,48,8,2,13,3
BS L ur dr DL R UR,2,14,48,8,2,11,3
BS L ur dr R DL UR,2,14,48,8,2,13,3
BS L ur dr R UR DL,2,14,48,8,2,11,3
BS L ur R DL dr UR,2,14,48,8,2,13,3
BS L ur R dr DL UR,2,14,48,8,2,13,3
BS L ur R dr UR DL,2,14,48,8,2,13,3
BS L ur R UR dr DL,2,14,48,8,2,11,3
BS R dr L ur DL UR,2,14,48,8,2,11,3
BS R dr L ur UR DL,2,14,48,8,2,13,4
BS R dr L UR ur DL,2,14,48,8,2,15,4
BS R dr ur L DL UR,2,14,48,8,2,11,3
BS R dr ur L UR DL,2,14,48,8,2,13,3
BS R dr UR L ur DL,2,14,48,8,2,13,3
BS R dr ur UR L DL,2,14,48,8,2,15,4
BS R dr UR ur L DL,2,14,48,8,2,13,4
BS R L dr ur DL UR,2,14,48,8,2,13,4
BS R L dr ur UR DL,2,14,48,8,2,15,4
BS R L dr UR ur DL,2,14,48,8,2,15,4
BS R L ur DL dr UR,2,14,48,8,2,13,4
BS R L ur dr DL UR,2,14,48,8,2,13,4
BS R L ur dr UR DL,2,14,48,8,2,13,4
BS R L UR dr ur DL,2,14,48,8,2,15,4
BS R L ur UR dr DL,2,14,48,8,2,15,4
BS R L UR ur dr DL,2,14,48,8,2,17,4
BS R ur dr L DL UR,2,14,48,8,2,11,3
BS R ur dr L UR DL,2,14,48,8,2,13,3
BS R UR dr L ur DL,2,14,48,8,2,9,2
BS R ur dr UR L DL,2,14,48,8,2,13,3
BS R UR dr ur L DL,2,14,48,8,2,9,2
BS R ur L DL dr UR,2,14,48,8,2,11,3
BS R ur L dr DL UR,2,14,48,8,2,11,3
BS R ur L dr UR DL,2,14,48,8,2,11,3
BS R UR L dr ur DL,2,14,48,8,2,11,3
BS R ur L UR dr DL,2,14,48,8,2,13,3
BS R UR L ur dr DL,2,14,48,8,2,11,3
BS R ur UR dr L DL,2,14,48,8,2,13,4
BS R UR ur dr L DL,2,14,48,8,2,11,4
BS R ur UR L dr DL,2,14,48,8,2,15,4
BS R UR ur L dr DL,2,14,48,8,2,11,4
BS ur dr L DL R UR,2,14,48,8,2,9,3
BS ur dr L R DL UR,2,14,48,8,2,13,4
BS ur dr L R UR DL,2,14,48,8,2,11,4
BS ur dr R L DL UR,2,14,48,8,2,13,4
BS ur dr R L UR DL,2,14,48,8,2,15,4
BS ur dr R UR L DL,2,14,48,8,2,11,3
BS ur L DL dr R UR,2,14,48,8,2,9,3
BS ur L DL R dr UR,2,14,48,8,2,11,3
BS ur L dr DL R UR,2,14,48,8,2,9,3
BS ur L dr R DL UR,2,14,48,8,2,11,3
BS ur L dr R UR DL,2,14,48,8,2,9,3
BS ur L R DL dr UR,2,14,48,8,2,13,4
BS ur L R dr DL UR,2,14,48,8,2,13,4
BS ur L R dr UR DL,2,14,48,8,2,13,4
BS ur L R UR dr DL,2,14,48,8,2,11,4
BS ur R dr L DL UR,2,14,48,8,2,11,3
BS ur R dr L UR DL,2,14,48,8,2,13,3
BS ur R dr UR L DL,2,14,48,8,2,13,3
BS ur R L DL dr UR,2,14,48,8,2,13,4
BS ur R L dr DL UR,2,14,48,8,2,13,4
BS ur R L dr UR DL,2,14,48,8,2,13,4
BS ur R L UR dr DL,2,14,48,8,2,15,4
BS ur R UR dr L DL,2,14,48,8,2,9,3
BS ur R UR L dr DL,2,14,48,8,2,11,3
dr BS L R ur DL UR,2,14,48,8,2,16,4
dr BS L R ur UR DL,2,14,48,8,2,18,4
dr BS L R UR ur DL,2,14,48,8,2,16,4
dr BS L ur DL R UR,2,14,48,8,2,12,3
dr BS L ur R DL UR,2,14,48,8,2,14,3
dr BS L ur R UR DL,2,14,48,8,2,12,3
dr BS R L ur DL UR,2,14,48,8,2,14,4
dr BS R L ur UR DL,2,14,48,8,2,16,4
dr BS R L UR ur DL,2,14,48,8,2,18,4
dr BS R ur L DL UR,2,14,48,8,2,12,3
dr BS R ur L UR DL,2,14,48,8,2,14,3
dr BS R UR L ur DL,2,14,48,8,2,12,3
dr BS R ur UR L DL,2,14,48,8,2,16,4
dr BS R UR ur L DL,2,14,48,8,2,12,4
dr BS ur L DL R UR,2,14,48,8,2,10,3
dr BS ur L R DL UR,2,14,48,8,2,14,4
dr BS ur L R UR DL,2,14,48,8,2,12,4
dr BS ur R L DL UR,2,14,48,8,2,14,4
dr BS ur R L UR DL,2,14,48,8,2,16,4
dr BS ur R UR L DL,2,14,48,8,2,12,3
dr L BS R ur DL UR,2,14,48,8,2,12,3
dr L BS R ur UR DL,2,14,48,8,2,14,4
dr L BS R UR ur DL,2,14,48,8,2,12,4
dr L BS ur DL R UR,2,14,48,8,2,10,3
dr L BS ur R DL UR,2,14,48,8,2,12,3
dr L BS ur R UR DL,2,14,48,8,2,10,3
dr L R BS ur DL UR,2,14,48,8,2,12,4
dr L R BS ur UR DL,2,14,48,8,2,14,4
dr L R BS UR ur DL,2,14,48,8,2,16,4
dr L R ur BS DL UR,2,14,48,8,2,14,4
dr L R ur BS UR DL,2,14,48,8,2,14,4
dr L ur BS DL R UR,2,14,48,8,2,10,3
dr L ur BS R DL UR,2,14,48,8,2,10,3
dr L ur BS R UR DL,2,14,48,8,2,8,2
dr L ur R BS DL UR,2,14,48,8,2,12,3
dr L ur R BS UR DL,2,14,48,8,2,12,3
dr R BS L ur DL UR,2,14,48,8,2,12,3
dr R BS L ur UR DL,2,14,48,8,2,14,4
dr R BS L UR ur DL,2,14,48,8,2,16,4
dr R BS ur L DL UR,2,14,48,8,2,10,3
dr R BS ur L UR DL,2,14,48,8,2,12,3
dr R BS UR L ur DL,2,14,48,8,2,14,3
dr R BS ur UR L DL,2,14,48,8,2,14,4
dr R BS UR ur L DL,2,14,48,8,2,14,4
dr R L BS ur DL UR,2,14,48,8,2,14,4
dr R L BS ur UR DL,2,14,48,8,2,16,4
dr R L BS UR ur DL,2,14,48,8,2,18,4
dr R L ur BS DL UR,2,14,48,8,2,14,4
dr R L ur BS UR DL,2,14,48,8,2,14,4
dr R ur BS L DL UR,2,14,48,8,2,12,3
dr R ur BS L UR DL,2,14,48,8,2,14,3
dr R ur BS UR L DL,2,14,48,8,2,14,3
dr R ur L BS DL UR,2,14,48,8,2,14,3
dr R ur L BS UR DL,2,14,48,8,2,14,3
dr ur BS L DL R UR,2,14,48,8,2,10,3
dr ur BS L R DL UR,2,14,48,8,2,14,4
dr ur BS L R UR DL,2,14,48,8,2,12,4
dr ur BS R L DL UR,2,14,48,8,2,12,4
dr ur BS R L UR DL,2,14,48,8,2,14,4
dr ur BS R UR L DL,2,14,48,8,2,10,3
dr ur L BS DL R UR,2,14,48,8,2,12,3
dr ur L BS R DL UR,2,14,48,8,2,12,3
dr ur L BS R UR DL,2,14,48,8,2,10,2
dr ur L R BS DL UR,2,14,48,8,2,14,4
dr ur L R BS UR DL,2,14,48,8,2,14,4
dr ur R BS L DL UR,2,14,48,8,2,12,3
dr ur R BS L UR DL,2,14,48,8,2,14,3
dr ur R BS UR L DL,2,14,48,8,2,14,3
dr ur R L BS DL UR,2,14,48,8,2,16,4
dr ur R L BS UR DL,2,14,48,8,2,16,4
L BS dr R ur DL UR,2,14,48,8,2,15,3
L BS dr R ur UR DL,2,14,48,8,2,17,4
L BS dr R UR ur DL,2,14,48,8,2,15,4
L BS dr ur DL R UR,2,14,48,8,2,13,3
L BS dr ur R DL UR,2,14,48,8,2,15,3
L BS dr ur R UR DL,2,14,48,8,2,13,3
L BS R dr ur DL UR,2,14,48,8,2,13,3
L BS R dr ur UR DL,2,14,48,8,2,15,4
L BS R dr UR ur DL,2,14,48,8,2,15,4
L BS R ur DL dr UR,2,14,48,8,2,13,3
L BS R ur dr DL UR,2,14,48,8,2,13,3
L BS R ur dr UR DL,2,14,48,8,2,13,3
L BS R UR dr ur DL,2,14,48,8,2,11,2
L BS R ur UR dr DL,2,14,48,8,2,15,4
L BS R UR ur dr DL,2,14,48,8,2,13,4
L BS ur DL dr R UR,2,14,48,8,2,11,3
L BS ur DL R dr UR,2,14,48,8,2,13,3
L BS ur dr DL R UR,2,14,48,8,2,11,3
L BS ur dr R DL UR,2,14,48,8,2,13,3
L BS ur dr R UR DL,2,14,48,8,2,11,3
L BS ur R DL dr UR,2,14,48,8,2,13,3
L BS ur R dr DL UR,2,14,48,8,2,13,3
L BS ur R dr UR DL,2,14,48,8,2,13,3
L BS ur R UR dr DL,2,14,48,8,2,11,3
L dr BS R ur DL UR,2,14,48,8,2,13,3
L dr BS R ur UR DL,2,14,48,8,2,15,4
L dr BS R UR ur DL,2,14,48,8,2,13,4
L dr BS ur DL R UR,2,14,48,8,2,11,3
L dr BS ur R DL UR,2,14,48,8,2,13,3
L dr BS ur R UR DL,2,14,48,8,2,11,3
L dr R BS ur DL UR,2,14,48,8,2,11,3
L dr R BS ur UR DL,2,14,48,8,2,13,4
L dr R BS UR ur DL,2,14,48,8,2,15,4
L dr R ur BS DL UR,2,14,48,8,2,13,3
L dr R ur BS UR DL,2,14,48,8,2,13,3
L dr ur BS DL R UR,2,14,48,8,2,11,3
L dr ur BS R DL UR,2,14,48,8,2,11,3
L dr ur BS R UR DL,2,14,48,8,2,9,2
L dr ur R BS DL UR,2,14,48,8,2,13,3
L dr ur R BS UR DL,2,14,48,8,2,13,3
L R BS dr ur DL UR,2,14,48,8,2,15,4
L R BS dr ur UR DL,2,14,48,8,2,17,4
L R BS dr UR ur DL,2,14,48,8,2,17,4
L R BS ur DL dr UR,2,14,48,8,2,13,4
L R BS ur dr DL UR,2,14,48,8,2,13,4
L R BS ur dr UR DL,2,14,48,8,2,13,4
L R BS UR dr ur DL,2,14,48,8,2,15,4
L R BS ur UR dr DL,2,14,48,8,2,15,4
L R BS UR ur dr DL,2,14,48,8,2,17,4
L R dr BS ur DL UR,2,14,48,8,2,15,4
L R dr BS ur UR DL,2,14,48,8,2,17,4
L R dr BS UR ur DL,2,14,48,8,2,19,4
L R dr ur BS DL UR,2,14,48,8,2,15,4
L R dr ur BS UR DL,2,14,48,8,2,15,4
L R ur BS DL dr UR,2,14,48,8,2,15,4
L R ur BS dr DL UR,2,14,48,8,2,15,4
L R ur BS dr UR DL,2,14,48,8,2,15,4
L R ur BS UR dr DL,2,14,48,8,2,15,4
L R ur dr BS DL UR,2,14,48,8,2,17,4
L R ur dr BS UR DL,2,14,48,8,2,17,4
L ur BS DL dr R UR,2,14,48,8,2,11,3
L ur BS DL R dr UR,2,14,48,8,2,13,3
L ur BS dr DL R UR,2,14,48,8,2,11,3
L ur BS dr R DL UR,2,14,48,8,2,13,3
L ur BS dr R UR DL,2,14,48,8,2,11,3
L ur BS R DL dr UR,2,14,48,8,2,11,3
L ur BS R dr DL UR,2,14,48,8,2,11,3
L ur BS R dr UR DL,2,14,48,8,2,11,3
L ur BS R UR dr DL,2,14,48,8,2,9,2
L ur dr BS DL R UR,2,14,48,8,2,13,3
L ur dr BS R DL UR,2,14,48,8,2,13,3
L ur dr BS R UR DL,2,14,48,8,2,11,3
L ur dr R BS DL UR,2,14,48,8,2,13,3
L ur dr R BS UR DL,2,14,48,8,2,13,3
L ur R BS DL dr UR,2,14,48,8,2,13,3
L ur R BS dr DL UR,2,14,48,8,2,13,3
L ur R BS dr UR DL,2,14,48,8,2,13,3
L ur R BS UR dr DL,2,14,48,8,2,13,3
L ur R dr BS DL UR,2,14,48,8,2,15,3
L ur R dr BS UR DL,2,14,48,8,2,15,3
R BS dr L ur DL UR,2,14,48,8,2,11,3
R BS dr L ur UR DL,2,14,48,8,2,13,4
R BS dr L UR ur DL,2,14,48,8,2,15,4
R BS dr ur L DL UR,2,14,48,8,2,11,3
R BS dr ur L UR DL,2,14,48,8,2,13,3
R BS dr UR L ur DL,2,14,48,8,2,13,3
R BS dr ur UR L DL,2,14,48,8,2,15,4
R BS dr UR ur L DL,2,14,48,8,2,13,4
R BS L dr ur DL UR,2,14,48,8,2,11,2
R BS L dr ur UR DL,2,14,48,8,2,13,4
R BS L dr UR ur DL,2,14,48,8,2,13,4
R BS L ur DL dr UR,2,14,48,8,2,11,2
R BS L ur dr DL UR,2,14,48,8,2,11,2
R BS L ur dr UR DL,2,14,48,8,2,11,2
R BS L UR dr ur DL,2,14,48,8,2,13,3
R BS L ur UR dr DL,2,14,48,8,2,13,4
R BS L UR ur dr DL,2,14,48,8,2,15,4
R BS ur dr L DL UR,2,14,48,8,2,9,2
R BS ur dr L UR DL,2,14,48,8,2,11,3
R BS UR dr L ur DL,2,14,48,8,2,11,3
R BS ur dr UR L DL,2,14,48,8,2,11,3
R BS UR dr ur L DL,2,14,48,8,2,11,3
R BS ur L DL dr UR,2,14,48,8,2,9,2
R BS ur L dr DL UR,2,14,48,8,2,9,2
R BS ur L dr UR DL,2,14,48,8,2,9,2
R BS UR L dr ur DL,2,14,48,8,2,13,3
R BS ur L UR dr DL,2,14,48,8,2,11,3
R BS UR L ur dr DL,2,14,48,8,2,13,3
R BS ur UR dr L DL,2,14,48,8,2,11,4
R BS UR ur dr L DL,2,14,48,8,2,13,4
R BS ur UR L dr DL,2,14,48,8,2,13,4
R BS UR ur L dr DL,2,14,48,8,2,13,4
R dr BS L ur DL UR,2,14,48,8,2,13,3
R dr BS L ur UR DL,2,14,48,8,2,15,4
R dr BS L UR ur DL,2,14,48,8,2,17,4
R dr BS ur L DL UR,2,14,48,8,2,11,3
R dr BS ur L UR DL,2,14,48,8,2,13,3
R dr BS UR L ur DL,2,14,48,8,2,15,3
R dr BS ur UR L DL,2,14,48,8,2,15,4
R dr BS UR ur L DL,2,14,48,8,2,15,4
R dr L BS ur DL UR,2,14,48,8,2,11,3
R dr L BS ur UR DL,2,14,48,8,2,13,4
R dr L BS UR ur DL,2,14,48,8,2,15,4
R dr L ur BS DL UR,2,14,48,8,2,11,3
R dr L ur BS UR DL,2,14,48,8,2,11,3
R dr ur BS L DL UR,2,14,48,8,2,11,3
R dr ur BS L UR DL,2,14,48,8,2,13,3
R dr ur BS UR L DL,2,14,48,8,2,13,3
R dr ur L BS DL UR,2,14,48,8,2,13,3
R dr ur L BS UR DL,2,14,48,8,2,13,3
R L BS dr ur DL UR,2,14,48,8,2,15,4
R L BS dr ur UR DL,2,14,48,8,2,17,4
R L BS dr UR ur DL,2,14,48,8,2,17,4
R L BS ur DL dr UR,2,14,48,8,2,13,4
R L BS ur dr DL UR,2,14,48,8,2,13,4
R L BS ur dr UR DL,2,14,48,8,2,13,4
R L BS UR dr ur DL,2,14,48,8,2,15,4
R L BS ur UR dr DL,2,14,48,8,2,15,4
R L BS UR ur dr DL,2,14,48,8,2,17,4
R L dr BS ur DL UR,2,14,48,8,2,13,4
R L dr BS ur UR DL,2,14,48,8,2,15,4
R L dr BS UR ur DL,2,14,48,8,2,17,4
R L dr ur BS DL UR,2,14,48,8,2,13,4
R L dr ur BS UR DL,2,14,48,8,2,13,4
R L ur BS DL dr UR,2,14,48,8,2,13,4
R L ur BS dr DL UR,2,14,48,8,2,13,4
R L ur BS dr UR DL,2,14,48,8,2,13,4
R L ur BS UR dr DL,2,14,48,8,2,13,4
R L ur dr BS DL UR,2,14,48,8,2,15,4
R L ur dr BS UR DL,2,14,48,8,2,15,4
R ur BS dr L DL UR,2,14,48,8,2,11,3
R ur BS dr L UR DL,2,14,48,8,2,13,3
R ur BS dr UR L DL,2,14,48,8,2,13,3
R ur BS L DL dr UR,2,14,48,8,2,11,3
R ur BS L dr DL UR,2,14,48,8,2,11,3
R ur BS L dr UR DL,2,14,48,8,2,11,3
R ur BS L UR dr DL,2,14,48,8,2,13,3
R ur BS UR dr L DL,2,14,48,8,2,11,3
R ur BS UR L dr DL,2,14,48,8,2,13,3
R ur dr BS L DL UR,2,14,48,8,2,13,3
R ur dr BS L UR DL,2,14,48,8,2,15,3
R ur dr BS UR L DL,2,14,48,8,2,15,3
R ur dr L BS DL UR,2,14,48,8,2,13,3
R ur dr L BS UR DL,2,14,48,8,2,13,3
R ur L BS DL dr UR,2,14,48,8,2,13,3
R ur L BS dr DL UR,2,14,48,8,2,13,3
R ur L BS dr UR DL,2,14,48,8,2,13,3
R ur L BS UR dr DL,2,14,48,8,2,13,3
R ur L dr BS DL UR,2,14,48,8,2,13,3
R ur L dr BS UR DL,2,14,48,8,2,13,3
ur BS dr L DL R UR,2,14,48,8,2,10,3
ur BS dr L R DL UR,2,14,48,8,2,14,4
ur BS dr L R UR DL,2,14,48,8,2,12,4
ur BS dr R L DL UR,2,14,48,8,2,14,4
ur BS dr R L UR DL,2,14,48,8,2,16,4
ur BS dr R UR L DL,2,14,48,8,2,12,3
ur BS L DL dr R UR,2,14,48,8,2,10,3
ur BS L DL R dr UR,2,14,48,8,2,12,3
ur BS L dr DL R UR,2,14,48,8,2,10,3
ur BS L dr R DL UR,2,14,48,8,2,12,3
ur BS L dr R UR DL,2,14,48,8,2,10,3
ur BS L R DL dr UR,2,14,48,8,2,14,4
ur BS L R dr DL UR,2,14,48,8,2,14,4
ur BS L R dr UR DL,2,14,48,8,2,14,4
ur BS L R UR dr DL,2,14,48,8,2,12,4
ur BS R dr L DL UR,2,14,48,8,2,10,3
ur BS R dr L UR DL,2,14,48,8,2,12,3
ur BS R dr UR L DL,2,14,48,8,2,12,3
ur BS R L DL dr UR,2,14,48,8,2,12,4
ur BS R L dr DL UR,2,14,48,8,2,12,4
ur BS R L dr UR DL,2,14,48,8,2,12,4
ur BS R L UR dr DL,2,14,48,8,2,14,4
ur BS R UR dr L DL,2,14,48,8,2,8,2
ur BS R UR L dr DL,2,14,48,8,2,10,3
ur dr BS L DL R UR,2,14,48,8,2,12,3
ur dr BS L R DL UR,2,14,48,8,2,16,4
ur dr BS L R UR DL,2,14,48,8,2,14,4
ur dr BS R L DL UR,2,14,48,8,2,14,4
ur dr BS R L UR DL,2,14,48,8,2,16,4
ur dr BS R UR L DL,2,14,48,8,2,12,3
ur dr L BS DL R UR,2,14,48,8,2,12,3
ur dr L BS R DL UR,2,14,48,8,2,12,3
ur dr L BS R UR DL,2,14,48,8,2,10,2
ur dr L R BS DL UR,2,14,48,8,2,14,4
ur dr L R BS UR DL,2,14,48,8,2,14,4
ur dr R BS L DL UR,2,14,48,8,2,12,3
ur dr R BS L UR DL,2,14,48,8,2,14,3
ur dr R BS UR L DL,2,14,48,8,2,14,3
ur dr R L BS DL UR,2,14,48,8,2,16,4
ur dr R L BS UR DL,2,14,48,8,2,16,4
ur L BS DL dr R UR,2,14,48,8,2,12,3
ur L BS DL R dr UR,2,14,48,8,2,14,3
ur L BS dr DL R UR,2,14,48,8,2,12,3
ur L BS dr R DL UR,2,14,48,8,2,14,3
ur L BS dr R UR DL,2,14,48,8,2,12,3
ur L BS R DL dr UR,2,14,48,8,2,12,3
ur L BS R dr DL UR,2,14,48,8,2,12,3
ur L BS R dr UR DL,2,14,48,8,2,12,3
ur L BS R UR dr DL,2,14,48,8,2,10,2
ur L dr BS DL R UR,2,14,48,8,2,12,3
ur L dr BS R DL UR,2,14,48,8,2,12,3
ur L dr BS R UR DL,2,14,48,8,2,10,3
ur L dr R BS DL UR,2,14,48,8,2,12,3
ur L dr R BS UR DL,2,14,48,8,2,12,3
ur L R BS DL dr UR,2,14,48,8,2,14,4
ur L R BS dr DL UR,2,14,48,8,2,14,4
ur L R BS dr UR DL,2,14,48,8,2,14,4
ur L R BS UR dr DL,2,14,48,8,2,14,4
ur L R dr BS DL UR,2,14,48,8,2,16,4
ur L R dr BS UR DL,2,14,48,8,2,16,4
ur R BS dr L DL UR,2,14,48,8,2,12,3
ur R BS dr L UR DL,2,14,48,8,2,14,3
ur R BS dr UR L DL,2,14,48,8,2,14,3
ur R BS L DL dr UR,2,14,48,8,2,12,3
ur R BS L dr DL UR,2,14,48,8,2,12,3
ur R BS L dr UR DL,2,14,48,8,2,12,3
ur R BS L UR dr DL,2,14,48,8,2,14,3
ur R BS UR dr L DL,2,14,48,8,2,12,3
ur R BS UR L dr DL,2,14,48,8,2,14,3
ur R dr BS L DL UR,2,14,48,8,2,14,3
ur R dr BS L UR DL,2,14,48,8,2,16,3
ur R dr BS UR L DL,2,14,48,8,2,16,3
ur R dr L BS DL UR,2,14,48,8,2,14,3
ur R dr L BS UR DL,2,14,48,8,2,14,3
ur R L BS DL dr UR,2,14,48,8,2,16,4
ur R L BS dr DL UR,2,14,48,8,2,16,4
ur R L BS dr UR DL,2,14,48,8,2,16,4
ur R L BS UR dr DL,2,14,48,8,2,16,4
ur R L dr BS DL UR,2,14,48,8,2,16,4
ur R L dr BS UR DL,2,14,48,8,2,16,4
BS DL dr UR L R ur,2,13,49,6,2,17,4
BS DL dr UR R L ur,2,13,49,6,2,13,4
BS DL UR dr L R ur,2,13,49,6,2,15,4
BS DL UR dr R L ur,2,13,49,6,2,15,4
BS DL UR R dr L ur,2,13,49,6,2,11,3
BS dr DL UR L R ur,2,13,49,6,2,17,4
BS dr DL UR R L ur,2,13,49,6,2,13,4
BS dr UR DL L R ur,2,13,49,6,2,15,4
BS dr UR DL R L ur,2,13,49,6,2,15,4
BS UR DL dr L R ur,2,13,49,6,2,15,4
BS UR DL dr R L ur,2,13,49,6,2,15,4
BS UR DL R dr L ur,2,13,49,6,2,13,3
BS UR dr DL L R ur,2,13,49,6,2,15,4
BS UR dr DL R L ur,2,13,49,6,2,15,4
DL BS dr UR L R ur,2,13,49,6,2,18,4
DL BS dr UR R L ur,2,13,49,6,2,14,4
DL BS UR dr L R ur,2,13,49,6,2,16,4
DL BS UR dr R L ur,2,13,49,6,2,16,4
DL BS UR R dr L ur,2,13,49,6,2,12,3
DL dr BS UR L R ur,2,13,49,6,2,18,4
DL dr BS UR R L ur,2,13,49,6,2,14,4
DL dr UR BS L R ur,2,13,49,6,2,16,4
DL dr UR BS R L ur,2,13,49,6,2,14,4
DL dr UR L BS R ur,2,13,49,6,2,14,3
DL dr UR L R BS ur,2,13,49,6,2,14,4
DL dr UR R BS L ur,2,13,49,6,2,10,2
DL dr UR R L BS ur,2,13,49,6,2,12,4
DL UR BS dr L R ur,2,13,49,6,2,16,4
DL UR BS dr R L ur,2,13,49,6,2,16,4
DL UR BS R dr L ur,2,13,49,6,2,12,3
DL UR dr BS L R ur,2,13,49,6,2,16,4
DL UR dr BS R L ur,2,13,49,6,2,14,4
DL UR dr L BS R ur,2,13,49,6,2,12,3
DL UR dr L R BS ur,2,13,49,6,2,12,4
DL UR dr R BS L ur,2,13,49,6,2,12,3
DL UR dr R L BS ur,2,13,49,6,2,14,4
DL UR R BS dr L ur,2,13,49,6,2,10,3
DL UR R dr BS L ur,2,13,49,6,2,12,3
DL UR R dr L BS ur,2,13,49,6,2,10,3
dr BS DL UR L R ur,2,13,49,6,2,18,4
dr BS DL UR R L ur,2,13,49,6,2,14,4
dr BS UR DL L R ur,2,13,49,6,2,16,4
dr BS UR DL R L ur,2,13,49,6,2,16,4
dr DL BS UR L R ur,2,13,49,6,2,18,4
dr DL BS UR R L ur,2,13,49,6,2,14,4
dr DL UR BS L R ur,2,13,49,6,2,16,4
dr DL UR BS R L ur,2,13,49,6,2,14,4
dr DL UR L BS R ur,2,13,49,6,2,14,3
dr DL UR L R BS ur,2,13,49,6,2,14,4
dr DL UR R BS L ur,2,13,49,6,2,10,2
dr DL UR R L BS ur,2,13,49,6,2,12,4
dr UR BS DL L R ur,2,13,49,6,2,16,4
dr UR BS DL R L ur,2,13,49,6,2,16,4
dr UR DL BS L R ur,2,13,49,6,2,16,4
dr UR DL BS R L ur,2,13,49,6,2,14,4
dr UR DL L BS R ur,2,13,49,6,2,12,3
dr UR DL L R BS ur,2,13,49,6,2,12,4
dr UR DL R BS L ur,2,13,49,6,2,12,3
dr UR DL R L BS ur,2,13,49,6,2,14,4
UR BS DL dr L R ur,2,13,49,6,2,16,4
UR BS DL dr R L ur,2,13,49,6,2,16,4
UR BS DL R dr L ur,2,13,49,6,2,14,3
UR BS dr DL L R ur,2,13,49,6,2,16,4
UR BS dr DL R L ur,2,13,49,6,2,16,4
UR DL BS dr L R ur,2,13,49,6,2,16,4
UR DL BS dr R L ur,2,13,49,6,2,16,4
UR DL BS R dr L ur,2,13,49,6,2,12,3
UR DL dr BS L R ur,2,13,49,6,2,16,4
UR DL dr BS R L ur,2,13,49,6,2,14,4
UR DL dr L BS R ur,2,13,49,6,2,12,3
UR DL dr L R BS ur,2,13,49,6,2,12,4
UR DL dr R BS L ur,2,13,49,6,2,12,3
UR DL dr R L BS ur,2,13,49,6,2,14,4
UR DL R BS dr L ur,2,13,49,6,2,12,3
UR DL R dr BS L ur,2,13,49,6,2,14,3
UR DL R dr L BS ur,2,13,49,6,2,12,3
UR dr BS DL L R ur,2,13,49,6,2,16,4
UR dr BS DL R L ur,2,13,49,6,2,16,4
UR dr DL BS L R ur,2,13,49,6,2,16,4
UR dr DL BS R L ur,2,13,49,6,2,14,4
UR dr DL L BS R ur,2,13,49,6,2,12,3
UR dr DL L R BS ur,2,13,49,6,2,12,4
UR dr DL R BS L ur,2,13,49,6,2,12,3
UR dr DL R L BS ur,2,13,49,6,2,14,4
L R UR BS DL ur dr,2,14,49,7,2,15,4
L R UR BS ur DL dr,2,14,49,7,2,13,4
L R UR DL BS ur dr,2,14,49,7,2,13,4
L R UR DL ur BS dr,2,14,49,7,2,13,4
L R ur UR BS DL dr,2,14,49,7,2,19,4
L R UR ur BS DL dr,2,14,49,7,2,15,4
L R ur UR DL BS dr,2,14,49,7,2,19,4
L R UR ur DL BS dr,2,14,49,7,2,17,4
L UR R BS DL ur dr,2,14,49,7,2,13,3
L UR R BS ur DL dr,2,14,49,7,2,11,3
L UR R DL BS ur dr,2,14,49,7,2,13,3
L UR R DL ur BS dr,2,14,49,7,2,13,3
L ur R UR BS DL dr,2,14,49,7,2,13,3
L UR R ur BS DL dr,2,14,49,7,2,13,3
L ur R UR DL BS dr,2,14,49,7,2,13,3
L UR R ur DL BS dr,2,14,49,7,2,15,3
L ur UR R BS DL dr,2,14,49,7,2,13,4
L UR ur R BS DL dr,2,14,49,7,2,17,4
L ur UR R DL BS dr,2,14,49,7,2,15,4
L UR ur R DL BS dr,2,14,49,7,2,19,4
R L UR BS DL ur dr,2,14,49,7,2,17,4
R L UR BS ur DL dr,2,14,49,7,2,15,4
R L UR DL BS ur dr,2,14,49,7,2,15,4
R L UR DL ur BS dr,2,14,49,7,2,15,4
R L ur UR BS DL dr,2,14,49,7,2,17,4
R L UR ur BS DL dr,2,14,49,7,2,17,4
R L ur UR DL BS dr,2,14,49,7,2,17,4
R L UR ur DL BS dr,2,14,49,7,2,19,4
R UR BS DL L ur dr,2,14,49,7,2,11,3
R UR BS L DL ur dr,2,14,49,7,2,11,3
R UR BS L ur DL dr,2,14,49,7,2,11,3
R UR BS ur L DL dr,2,14,49,7,2,9,3
R UR DL BS L ur dr,2,14,49,7,2,11,3
R UR DL L BS ur dr,2,14,49,7,2,9,2
R UR DL L ur BS dr,2,14,49,7,2,9,3
R UR DL ur L BS dr,2,14,49,7,2,11,3
R UR L BS DL ur dr,2,14,49,7,2,13,3
R UR L BS ur DL dr,2,14,49,7,2,11,3
R UR L DL BS ur dr,2,14,49,7,2,11,3
R UR L DL ur BS dr,2,14,49,7,2,11,3
R ur L UR BS DL dr,2,14,49,7,2,15,3
R UR L ur BS DL dr,2,14,49,7,2,11,3
R ur L UR DL BS dr,2,14,49,7,2,15,3
R UR L ur DL BS dr,2,14,49,7,2,13,3
R ur UR BS L DL dr,2,14,49,7,2,15,4
R UR ur BS L DL dr,2,14,49,7,2,11,4
R ur UR DL L BS dr,2,14,49,7,2,15,4
R UR ur DL L BS dr,2,14,49,7,2,13,4
R ur UR L BS DL dr,2,14,49,7,2,17,4
R UR ur L BS DL dr,2,14,49,7,2,13,4
R ur UR L DL BS dr,2,14,49,7,2,17,4
R UR ur L DL BS dr,2,14,49,7,2,13,4
UR L R BS DL ur dr,2,14,49,7,2,16,4
UR L R BS ur DL dr,2,14,49,7,2,14,4
UR L R DL BS ur dr,2,14,49,7,2,16,4
UR L R DL ur BS dr,2,14,49,7,2,16,4
ur L R UR BS DL dr,2,14,49,7,2,14,4
UR L R ur BS DL dr,2,14,49,7,2,16,4
ur L R UR DL BS dr,2,14,49,7,2,14,4
UR L R ur DL BS dr,2,14,49,7,2,18,4
ur L UR R BS DL dr,2,14,49,7,2,12,3
UR L ur R BS DL dr,2,14,49,7,2,14,3
ur L UR R DL BS dr,2,14,49,7,2,14,3
UR L ur R DL BS dr,2,14,49,7,2,16,3
UR R BS DL L ur dr,2,14,49,7,2,10,3
UR R BS L DL ur dr,2,14,49,7,2,10,2
UR R BS L ur DL dr,2,14,49,7,2,10,2
UR R BS ur L DL dr,2,14,49,7,2,8,2
UR R DL BS L ur dr,2,14,49,7,2,12,3
UR R DL L BS ur dr,2,14,49,7,2,10,3
UR R DL L ur BS dr,2,14,49,7,2,10,3
UR R DL ur L BS dr,2,14,49,7,2,12,3
UR R L BS DL ur dr,2,14,49,7,2,14,4
UR R L BS ur DL dr,2,14,49,7,2,12,4
UR R L DL BS ur dr,2,14,49,7,2,12,4
UR R L DL ur BS dr,2,14,49,7,2,12,4
ur R L UR BS DL dr,2,14,49,7,2,18,4
UR R L ur BS DL dr,2,14,49,7,2,12,4
ur R L UR DL BS dr,2,14,49,7,2,18,4
UR R L ur DL BS dr,2,14,49,7,2,14,4
ur R UR BS L DL dr,2,14,49,7,2,12,3
UR R ur BS L DL dr,2,14,49,7,2,10,3
ur R UR DL L BS dr,2,14,49,7,2,12,3
UR R ur DL L BS dr,2,14,49,7,2,12,3
ur R UR L BS DL dr,2,14,49,7,2,14,3
UR R ur L BS DL dr,2,14,49,7,2,12,3
ur R UR L DL BS dr,2,14,49,7,2,14,3
UR R ur L DL BS dr,2,14,49,7,2,12,3
ur UR L R BS DL dr,2,14,49,7,2,18,4
UR ur L R BS DL dr,2,14,49,7,2,16,4
ur UR L R DL BS dr,2,14,49,7,2,20,4
UR ur L R DL BS dr,2,14,49,7,2,18,4
ur UR R BS L DL dr,2,14,49,7,2,12,4
UR ur R BS L DL dr,2,14,49,7,2,14,4
ur UR R DL L BS dr,2,14,49,7,2,14,4
UR ur R DL L BS dr,2,14,49,7,2,16,4
ur UR R L BS DL dr,2,14,49,7,2,16,4
UR ur R L BS DL dr,2,14,49,7,2,18,4
ur UR R L DL BS dr,2,14,49,7,2,16,4
UR ur R L DL BS dr,2,14,49,7,2,18,4
DL dr UR L R ur BS,2,14,51,6,2,15,4
DL dr UR L ur R BS,2,14,51,6,2,13,3
DL dr UR R L ur BS,2,14,51,6,2,11,4
DL dr UR R ur L BS,2,14,51,6,2,11,3
DL dr ur UR L R BS,2,14,51,6,2,17,4
DL dr UR ur L R BS,2,14,51,6,2,15,4
DL dr ur UR R L BS,2,14,51,6,2,15,4
DL dr UR ur R L BS,2,14,51,6,2,17,4
DL UR dr L R ur BS,2,14,51,6,2,13,4
DL UR dr L ur R BS,2,14,51,6,2,11,3
DL UR dr R L ur BS,2,14,51,6,2,13,4
DL UR dr R ur L BS,2,14,51,6,2,13,3
DL ur dr UR L R BS,2,14,51,6,2,15,4
DL UR dr ur L R BS,2,14,51,6,2,13,4
DL ur dr UR R L BS,2,14,51,6,2,13,4
DL UR dr ur R L BS,2,14,51,6,2,15,4
DL UR R dr L ur BS,2,14,51,6,2,9,3
DL UR R dr ur L BS,2,14,51,6,2,11,3
DL UR R ur dr L BS,2,14,51,6,2,11,3
DL ur UR dr L R BS,2,14,51,6,2,15,4
DL UR ur dr L R BS,2,14,51,6,2,15,4
DL ur UR dr R L BS,2,14,51,6,2,17,4
DL UR ur dr R L BS,2,14,51,6,2,17,4
DL ur UR R dr L BS,2,14,51,6,2,13,4
DL UR ur R dr L BS,2,14,51,6,2,15,4
dr DL UR L R ur BS,2,14,51,6,2,15,4
dr DL UR L ur R BS,2,14,51,6,2,13,3
dr DL UR R L ur BS,2,14,51,6,2,11,4
dr DL UR R ur L BS,2,14,51,6,2,11,3
dr DL ur UR L R BS,2,14,51,6,2,17,4
dr DL UR ur L R BS,2,14,51,6,2,15,4
dr DL ur UR R L BS,2,14,51,6,2,15,4
dr DL UR ur R L BS,2,14,51,6,2,17,4
dr UR DL L R ur BS,2,14,51,6,2,13,4
dr UR DL L ur R BS,2,14,51,6,2,11,3
dr UR DL R L ur BS,2,14,51,6,2,13,4
dr UR DL R ur L BS,2,14,51,6,2,13,3
dr ur DL UR L R BS,2,14,51,6,2,15,4
dr UR DL ur L R BS,2,14,51,6,2,13,4
dr ur DL UR R L BS,2,14,51,6,2,13,4
dr UR DL ur R L BS,2,14,51,6,2,15,4
dr ur UR DL L R BS,2,14,51,6,2,15,4
dr UR ur DL L R BS,2,14,51,6,2,15,4
dr ur UR DL R L BS,2,14,51,6,2,17,4
dr UR ur DL R L BS,2,14,51,6,2,17,4
UR DL dr L R ur BS,2,14,51,6,2,13,4
UR DL dr L ur R BS,2,14,51,6,2,11,3
UR DL dr R L ur BS,2,14,51,6,2,13,4
UR DL dr R ur L BS,2,14,51,6,2,13,3
ur DL dr UR L R BS,2,14,51,6,2,15,4
UR DL dr ur L R BS,2,14,51,6,2,13,4
ur DL dr UR R L BS,2,14,51,6,2,13,4
UR DL dr ur R L BS,2,14,51,6,2,15,4
UR DL R dr L ur BS,2,14,51,6,2,11,3
UR DL R dr ur L BS,2,14,51,6,2,13,3
UR DL R ur dr L BS,2,14,51,6,2,13,3
ur DL UR dr L R BS,2,14,51,6,2,13,4
UR DL ur dr L R BS,2,14,51,6,2,13,4
ur DL UR dr R L BS,2,14,51,6,2,15,4
UR DL ur dr R L BS,2,14,51,6,2,15,4
ur DL UR R dr L BS,2,14,51,6,2,11,3
UR DL ur R dr L BS,2,14,51,6,2,13,3
UR dr DL L R ur BS,2,14,51,6,2,13,4
UR dr DL L ur R BS,2,14,51,6,2,11,3
UR dr DL R L ur BS,2,14,51,6,2,13,4
UR dr DL R ur L BS,2,14,51,6,2,13,3
ur dr DL UR L R BS,2,14,51,6,2,15,4
UR dr DL ur L R BS,2,14,51,6,2,13,4
ur dr DL UR R L BS,2,14,51,6,2,13,4
UR dr DL ur R L BS,2,14,51,6,2,15,4
ur dr UR DL L R BS,2,14,51,6,2,13,4
UR dr ur DL L R BS,2,14,51,6,2,13,4
ur dr UR DL R L BS,2,14,51,6,2,15,4
UR dr ur DL R L BS,2,14,51,6,2,15,4
ur UR DL dr L R BS,2,14,51,6,2,15,4
UR ur DL dr L R BS,2,14,51,6,2,15,4
ur UR DL dr R L BS,2,14,51,6,2,17,4
UR ur DL dr R L BS,2,14,51,6,2,17,4
ur UR DL R dr L BS,2,14,51,6,2,15,4
UR ur DL R dr L BS,2,14,51,6,2,15,4
ur UR dr DL L R BS,2,14,51,6,2,15,4
UR ur dr DL L R BS,2,14,51,6,2,15,4
ur UR dr DL R L BS,2,14,51,6,2,17,4
UR ur dr DL R L BS,2,14,51,6,2,17,4
BS DL dr ur L UR R,2,14,52,7,2,12,3
BS DL ur dr L UR R,2,14,52,7,2,12,3
BS DL ur L dr UR R,2,14,52,7,2,10,3
BS dr DL ur L UR R,2,14,52,7,2,12,3
BS dr ur DL L UR R,2,14,52,7,2,12,3
BS ur DL dr L UR R,2,14,52,7,2,10,3
BS ur DL L dr UR R,2,14,52,7,2,8,2
BS ur dr DL L UR R,2,14,52,7,2,10,3
DL BS dr ur L UR R,2,14,52,7,2,13,3
DL BS ur dr L UR R,2,14,52,7,2,11,3
DL BS ur L dr UR R,2,14,52,7,2,9,3
DL dr BS ur L UR R,2,14,52,7,2,11,3
DL dr ur BS L UR R,2,14,52,7,2,11,3
DL ur BS dr L UR R,2,14,52,7,2,11,3
DL ur BS L dr UR R,2,14,52,7,2,9,2
DL ur dr BS L UR R,2,14,52,7,2,13,3
dr BS DL ur L UR R,2,14,52,7,2,13,3
dr BS ur DL L UR R,2,14,52,7,2,11,3
dr DL BS ur L UR R,2,14,52,7,2,11,3
dr DL ur BS L UR R,2,14,52,7,2,11,3
dr ur BS DL L UR R,2,14,52,7,2,11,3
dr ur DL BS L UR R,2,14,52,7,2,13,3
ur BS DL dr L UR R,2,14,52,7,2,11,3
ur BS DL L dr UR R,2,14,52,7,2,9,3
ur BS dr DL L UR R,2,14,52,7,2,11,3
ur DL BS dr L UR R,2,14,52,7,2,13,3
ur DL BS L dr UR R,2,14,52,7,2,11,3
ur DL dr BS L UR R,2,14,52,7,2,13,3
ur dr BS DL L UR R,2,14,52,7,2,13,3
ur dr DL BS L UR R,2,14,52,7,2,13,3
BS DL ur L UR R dr,2,14,53,6,2,13,3
BS DL UR R ur L dr,2,14,53,6,2,11,3
BS DL ur UR L R dr,2,14,53,6,2,19,4
BS DL UR ur L R dr,2,14,53,6,2,17,4
BS DL ur UR R L dr,2,14,53,6,2,15,4
BS DL UR ur R L dr,2,14,53,6,2,17,4
BS ur DL L UR R dr,2,14,53,6,2,11,3
BS UR DL R ur L dr,2,14,53,6,2,13,3
BS ur DL UR L R dr,2,14,53,6,2,15,4
BS UR DL ur L R dr,2,14,53,6,2,15,4
BS ur DL UR R L dr,2,14,53,6,2,11,4
BS UR DL ur R L dr,2,14,53,6,2,15,4
BS ur UR DL L R dr,2,14,53,6,2,15,4
BS UR ur DL L R dr,2,14,53,6,2,17,4
BS ur UR DL R L dr,2,14,53,6,2,15,4
BS UR ur DL R L dr,2,14,53,6,2,17,4
DL BS ur L UR R dr,2,14,53,6,2,12,3
DL BS UR R ur L dr,2,14,53,6,2,12,3
DL BS ur UR L R dr,2,14,53,6,2,18,4
DL BS UR ur L R dr,2,14,53,6,2,18,4
DL BS ur UR R L dr,2,14,53,6,2,14,4
DL BS UR ur R L dr,2,14,53,6,2,18,4
DL ur BS L UR R dr,2,14,53,6,2,12,3
DL UR BS R ur L dr,2,14,53,6,2,12,3
DL ur BS UR L R dr,2,14,53,6,2,16,4
DL UR BS ur L R dr,2,14,53,6,2,14,4
DL ur BS UR R L dr,2,14,53,6,2,12,4
DL UR BS ur R L dr,2,14,53,6,2,14,4
DL UR R BS ur L dr,2,14,53,6,2,8,2
DL UR R ur BS L dr,2,14,53,6,2,10,3
DL ur UR BS L R dr,2,14,53,6,2,18,4
DL UR ur BS L R dr,2,14,53,6,2,16,4
DL ur UR BS R L dr,2,14,53,6,2,16,4
DL UR ur BS R L dr,2,14,53,6,2,14,4
DL ur UR R BS L dr,2,14,53,6,2,12,4
DL UR ur R BS L dr,2,14,53,6,2,14,4
ur BS DL L UR R dr,2,14,53,6,2,12,3
UR BS DL R ur L dr,2,14,53,6,2,14,3
ur BS DL UR L R dr,2,14,53,6,2,16,4
UR BS DL ur L R dr,2,14,53,6,2,16,4
ur BS DL UR R L dr,2,14,53,6,2,12,4
UR BS DL ur R L dr,2,14,53,6,2,16,4
ur BS UR DL L R dr,2,14,53,6,2,14,4
UR BS ur DL L R dr,2,14,53,6,2,14,4
ur BS UR DL R L dr,2,14,53,6,2,14,4
UR BS ur DL R L dr,2,14,53,6,2,14,4
ur DL BS L UR R dr,2,14,53,6,2,14,3
UR DL BS R ur L dr,2,14,53,6,2,12,3
ur DL BS UR L R dr,2,14,53,6,2,18,4
UR DL BS ur L R dr,2,14,53,6,2,14,4
ur DL BS UR R L dr,2,14,53,6,2,14,4
UR DL BS ur R L dr,2,14,53,6,2,14,4
UR DL R BS ur L dr,2,14,53,6,2,10,3
UR DL R ur BS L dr,2,14,53,6,2,12,3
ur DL UR BS L R dr,2,14,53,6,2,16,4
UR DL ur BS L R dr,2,14,53,6,2,14,4
ur DL UR BS R L dr,2,14,53,6,2,14,4
UR DL ur BS R L dr,2,14,53,6,2,12,4
ur DL UR R BS L dr,2,14,53,6,2,10,2
UR DL ur R BS L dr,2,14,53,6,2,12,3
ur UR BS DL L R dr,2,14,53,6,2,18,4
UR ur BS DL L R dr,2,14,53,6,2,16,4
ur UR BS DL R L dr,2,14,53,6,2,18,4
UR ur BS DL R L dr,2,14,53,6,2,16,4
ur UR DL BS L R dr,2,14,53,6,2,18,4
UR ur DL BS L R dr,2,14,53,6,2,18,4
ur UR DL BS R L dr,2,14,53,6,2,16,4
UR ur DL BS R L dr,2,14,53,6,2,16,4
ur UR DL R BS L dr,2,14,53,6,2,14,4
UR ur DL R BS L dr,2,14,53,6,2,14,4
BS DL L UR dr R ur,2,13,53,7,2,15,3
BS DL L UR R dr ur,2,13,53,7,2,13,3
BS DL UR L dr R ur,2,13,53,7,2,15,3
BS DL UR L R dr ur,2,13,53,7,2,17,4
BS DL UR R L dr ur,2,13,53,7,2,13,4
BS L DL UR dr R ur,2,13,53,7,2,13,3
BS L DL UR R dr ur,2,13,53,7,2,11,3
BS L UR DL dr R ur,2,13,53,7,2,15,3
BS L UR DL R dr ur,2,13,53,7,2,15,3
BS UR DL L dr R ur,2,13,53,7,2,13,3
BS UR DL L R dr ur,2,13,53,7,2,15,4
BS UR DL R L dr ur,2,13,53,7,2,15,4
BS UR L DL dr R ur,2,13,53,7,2,15,3
BS UR L DL R dr ur,2,13,53,7,2,15,3
DL BS L UR dr R ur,2,13,53,7,2,16,3
DL BS L UR R dr ur,2,13,53,7,2,14,3
DL BS UR L dr R ur,2,13,53,7,2,16,3
DL BS UR L R dr ur,2,13,53,7,2,18,4
DL BS UR R L dr ur,2,13,53,7,2,14,4
DL L BS UR dr R ur,2,13,53,7,2,14,3
DL L BS UR R dr ur,2,13,53,7,2,12,3
DL L UR BS dr R ur,2,13,53,7,2,16,3
DL L UR BS R dr ur,2,13,53,7,2,14,3
DL L UR dr BS R ur,2,13,53,7,2,14,3
DL L UR dr R BS ur,2,13,53,7,2,12,3
DL L UR R BS dr ur,2,13,53,7,2,12,3
DL L UR R dr BS ur,2,13,53,7,2,12,3
DL UR BS L dr R ur,2,13,53,7,2,14,3
DL UR BS L R dr ur,2,13,53,7,2,16,4
DL UR BS R L dr ur,2,13,53,7,2,14,4
DL UR L BS dr R ur,2,13,53,7,2,16,3
DL UR L BS R dr ur,2,13,53,7,2,14,3
DL UR L dr BS R ur,2,13,53,7,2,14,3
DL UR L dr R BS ur,2,13,53,7,2,12,3
DL UR L R BS dr ur,2,13,53,7,2,16,4
DL UR L R dr BS ur,2,13,53,7,2,16,4
DL UR R BS L dr ur,2,13,53,7,2,10,2
DL UR R L BS dr ur,2,13,53,7,2,14,4
DL UR R L dr BS ur,2,13,53,7,2,12,4
L BS DL UR dr R ur,2,13,53,7,2,15,3
L BS DL UR R dr ur,2,13,53,7,2,13,3
L BS UR DL dr R ur,2,13,53,7,2,15,3
L BS UR DL R dr ur,2,13,53,7,2,15,3
L DL BS UR dr R ur,2,13,53,7,2,15,3
L DL BS UR R dr ur,2,13,53,7,2,13,3
L DL UR BS dr R ur,2,13,53,7,2,15,3
L DL UR BS R dr ur,2,13,53,7,2,13,3
L DL UR dr BS R ur,2,13,53,7,2,13,3
L DL UR dr R BS ur,2,13,53,7,2,11,3
L DL UR R BS dr ur,2,13,53,7,2,11,3
L DL UR R dr BS ur,2,13,53,7,2,11,3
L UR BS DL dr R ur,2,13,53,7,2,17,3
L UR BS DL R dr ur,2,13,53,7,2,17,3
L UR DL BS dr R ur,2,13,53,7,2,17,3
L UR DL BS R dr ur,2,13,53,7,2,15,3
L UR DL dr BS R ur,2,13,53,7,2,15,3
L UR DL dr R BS ur,2,13,53,7,2,13,3
L UR DL R BS dr ur,2,13,53,7,2,15,3
L UR DL R dr BS ur,2,13,53,7,2,15,3
UR BS DL L dr R ur,2,13,53,7,2,14,3
UR BS DL L R dr ur,2,13,53,7,2,16,4
UR BS DL R L dr ur,2,13,53,7,2,16,4
UR BS L DL dr R ur,2,13,53,7,2,14,3
UR BS L DL R dr ur,2,13,53,7,2,14,3
UR DL BS L dr R ur,2,13,53,7,2,14,3
UR DL BS L R dr ur,2,13,53,7,2,16,4
UR DL BS R L dr ur,2,13,53,7,2,14,4
UR DL L BS dr R ur,2,13,53,7,2,14,3
UR DL L BS R dr ur,2,13,53,7,2,12,3
UR DL L dr BS R ur,2,13,53,7,2,12,3
UR DL L dr R BS ur,2,13,53,7,2,10,3
UR DL L R BS dr ur,2,13,53,7,2,14,4
UR DL L R dr BS ur,2,13,53,7,2,14,4
UR DL R BS L dr ur,2,13,53,7,2,12,3
UR DL R L BS dr ur,2,13,53,7,2,16,4
UR DL R L dr BS ur,2,13,53,7,2,14,4
UR L BS DL dr R ur,2,13,53,7,2,16,3
UR L BS DL R dr ur,2,13,53,7,2,16,3
UR L DL BS dr R ur,2,13,53,7,2,16,3
UR L DL BS R dr ur,2,13,53,7,2,14,3
UR L DL dr BS R ur,2,13,53,7,2,14,3
UR L DL dr R BS ur,2,13,53,7,2,12,3
UR L DL R BS dr ur,2,13,53,7,2,14,3
UR L DL R dr BS ur,2,13,53,7,2,14,3
BS DL dr R ur L UR,2,14,54,8,2,15,3
BS DL dr R ur UR L,2,14,54,8,2,18,4
BS DL dr R UR ur L,2,14,54,8,2,14,4
BS DL dr ur L R UR,2,14,54,8,2,13,4
BS DL dr ur R L UR,2,14,54,8,2,17,4
BS DL dr ur R UR L,2,14,54,8,2,14,3
BS DL R dr ur L UR,2,14,54,8,2,15,3
BS DL R dr ur UR L,2,14,54,8,2,18,4
BS DL R dr UR ur L,2,14,54,8,2,16,4
BS DL R ur dr L UR,2,14,54,8,2,15,3
BS DL R ur dr UR L,2,14,54,8,2,16,3
BS DL R UR dr ur L,2,14,54,8,2,12,3
BS DL R ur L dr UR,2,14,54,8,2,13,3
BS DL R ur UR dr L,2,14,54,8,2,16,4
BS DL R UR ur dr L,2,14,54,8,2,14,4
BS DL ur dr L R UR,2,14,54,8,2,13,4
BS DL ur dr R L UR,2,14,54,8,2,17,4
BS DL ur dr R UR L,2,14,54,8,2,14,3
BS DL ur L dr R UR,2,14,54,8,2,11,3
BS DL ur L R dr UR,2,14,54,8,2,15,4
BS DL ur R dr L UR,2,14,54,8,2,15,3
BS DL ur R dr UR L,2,14,54,8,2,16,3
BS DL ur R L dr UR,2,14,54,8,2,15,4
BS DL ur R UR dr L,2,14,54,8,2,12,3
BS dr DL R ur L UR,2,14,54,8,2,15,3
BS dr DL R ur UR L,2,14,54,8,2,18,4
BS dr DL R UR ur L,2,14,54,8,2,14,4
BS dr DL ur L R UR,2,14,54,8,2,13,4
BS dr DL ur R L UR,2,14,54,8,2,17,4
BS dr DL ur R UR L,2,14,54,8,2,14,3
BS dr R DL ur L UR,2,14,54,8,2,15,3
BS dr R DL ur UR L,2,14,54,8,2,18,4
BS dr R DL UR ur L,2,14,54,8,2,16,4
BS dr R ur DL L UR,2,14,54,8,2,15,3
BS dr R ur DL UR L,2,14,54,8,2,16,3
BS dr ur DL L R UR,2,14,54,8,2,13,4
BS dr ur DL R L UR,2,14,54,8,2,17,4
BS dr ur DL R UR L,2,14,54,8,2,14,3
BS dr ur R DL L UR,2,14,54,8,2,15,3
BS dr ur R DL UR L,2,14,54,8,2,16,3
BS R DL dr ur L UR,2,14,54,8,2,13,3
BS R DL dr ur UR L,2,14,54,8,2,16,4
BS R DL dr UR ur L,2,14,54,8,2,14,4
BS R DL ur dr L UR,2,14,54,8,2,13,3
BS R DL ur dr UR L,2,14,54,8,2,14,3
BS R DL UR dr ur L,2,14,54,8,2,12,3
BS R DL ur L dr UR,2,14,54,8,2,11,3
BS R DL ur UR dr L,2,14,54,8,2,14,4
BS R DL UR ur dr L,2,14,54,8,2,14,4
BS R dr DL ur L UR,2,14,54,8,2,13,3
BS R dr DL ur UR L,2,14,54,8,2,16,4
BS R dr DL UR ur L,2,14,54,8,2,14,4
BS R dr ur DL L UR,2,14,54,8,2,13,3
BS R dr ur DL UR L,2,14,54,8,2,14,3
BS R ur DL dr L UR,2,14,54,8,2,13,3
BS R ur DL dr UR L,2,14,54,8,2,14,3
BS R ur DL L dr UR,2,14,54,8,2,11,3
BS R ur DL UR dr L,2,14,54,8,2,12,3
BS R ur dr DL L UR,2,14,54,8,2,13,3
BS R ur dr DL UR L,2,14,54,8,2,14,3
BS ur DL dr L R UR,2,14,54,8,2,11,4
BS ur DL dr R L UR,2,14,54,8,2,15,4
BS ur DL dr R UR L,2,14,54,8,2,12,3
BS ur DL L dr R UR,2,14,54,8,2,9,3
BS ur DL L R dr UR,2,14,54,8,2,13,4
BS ur DL R dr L UR,2,14,54,8,2,13,3
BS ur DL R dr UR L,2,14,54,8,2,14,3
BS ur DL R L dr UR,2,14,54,8,2,13,4
BS ur DL R UR dr L,2,14,54,8,2,10,3
BS ur dr DL L R UR,2,14,54,8,2,11,4
BS ur dr DL R L UR,2,14,54,8,2,15,4
BS ur dr DL R UR L,2,14,54,8,2,12,3
BS ur dr R DL L UR,2,14,54,8,2,13,3
BS ur dr R DL UR L,2,14,54,8,2,14,3
BS ur R DL dr L UR,2,14,54,8,2,13,3
BS ur R DL dr UR L,2,14,54,8,2,14,3
BS ur R DL L dr UR,2,14,54,8,2,11,3
BS ur R DL UR dr L,2,14,54,8,2,12,3
BS ur R dr DL L UR,2,14,54,8,2,13,3
BS ur R dr DL UR L,2,14,54,8,2,14,3
DL BS dr R ur L UR,2,14,54,8,2,16,3
DL BS dr R ur UR L,2,14,54,8,2,19,4
DL BS dr R UR ur L,2,14,54,8,2,15,4
DL BS dr ur L R UR,2,14,54,8,2,14,4
DL BS dr ur R L UR,2,14,54,8,2,18,4
DL BS dr ur R UR L,2,14,54,8,2,15,3
DL BS R dr ur L UR,2,14,54,8,2,14,3
DL BS R dr ur UR L,2,14,54,8,2,17,4
DL BS R dr UR ur L,2,14,54,8,2,15,4
DL BS R ur dr L UR,2,14,54,8,2,14,3
DL BS R ur dr UR L,2,14,54,8,2,15,3
DL BS R UR dr ur L,2,14,54,8,2,11,3
DL BS R ur L dr UR,2,14,54,8,2,12,3
DL BS R ur UR dr L,2,14,54,8,2,15,4
DL BS R UR ur dr L,2,14,54,8,2,13,4
DL BS ur dr L R UR,2,14,54,8,2,12,4
DL BS ur dr R L UR,2,14,54,8,2,16,4
DL BS ur dr R UR L,2,14,54,8,2,13,3
DL BS ur L dr R UR,2,14,54,8,2,10,3
DL BS ur L R dr UR,2,14,54,8,2,14,4
DL BS ur R dr L UR,2,14,54,8,2,14,3
DL BS ur R dr UR L,2,14,54,8,2,15,3
DL BS ur R L dr UR,2,14,54,8,2,14,4
DL BS ur R UR dr L,2,14,54,8,2,11,3
DL dr BS R ur L UR,2,14,54,8,2,14,3
DL dr BS R ur UR L,2,14,54,8,2,17,4
DL dr BS R UR ur L,2,14,54,8,2,13,4
DL dr BS ur L R UR,2,14,54,8,2,12,4
DL dr BS ur R L UR,2,14,54,8,2,16,4
DL dr BS ur R UR L,2,14,54,8,2,13,3
DL dr R BS ur L UR,2,14,54,8,2,12,3
DL dr R BS ur UR L,2,14,54,8,2,15,4
DL dr R BS UR ur L,2,14,54,8,2,15,4
DL dr R ur BS L UR,2,14,54,8,2,14,3
DL dr R ur BS UR L,2,14,54,8,2,15,3
DL dr R UR BS ur L,2,14,54,8,2,11,3
DL dr R ur UR BS L,2,14,54,8,2,17,4
DL dr R UR ur BS L,2,14,54,8,2,13,4
DL dr ur BS L R UR,2,14,54,8,2,12,4
DL dr ur BS R L UR,2,14,54,8,2,14,4
DL dr ur BS R UR L,2,14,54,8,2,11,3
DL dr ur R BS L UR,2,14,54,8,2,14,3
DL dr ur R BS UR L,2,14,54,8,2,15,3
DL dr ur R UR BS L,2,14,54,8,2,13,3
DL R BS dr ur L UR,2,14,54,8,2,14,3
DL R BS dr ur UR L,2,14,54,8,2,17,4
DL R BS dr UR ur L,2,14,54,8,2,15,4
DL R BS ur dr L UR,2,14,54,8,2,12,3
DL R BS ur dr UR L,2,14,54,8,2,13,3
DL R BS UR dr ur L,2,14,54,8,2,13,3
DL R BS ur L dr UR,2,14,54,8,2,10,3
DL R BS ur UR dr L,2,14,54,8,2,13,4
DL R BS UR ur dr L,2,14,54,8,2,15,4
DL R dr BS ur L UR,2,14,54,8,2,14,3
DL R dr BS ur UR L,2,14,54,8,2,17,4
DL R dr BS UR ur L,2,14,54,8,2,17,4
DL R dr ur BS L UR,2,14,54,8,2,14,3
DL R dr ur BS UR L,2,14,54,8,2,15,3
DL R dr UR BS ur L,2,14,54,8,2,13,3
DL R dr ur UR BS L,2,14,54,8,2,17,4
DL R dr UR ur BS L,2,14,54,8,2,15,4
DL R ur BS dr L UR,2,14,54,8,2,14,3
DL R ur BS dr UR L,2,14,54,8,2,15,3
DL R UR BS dr ur L,2,14,54,8,2,13,3
DL R ur BS L dr UR,2,14,54,8,2,12,3
DL R ur BS UR dr L,2,14,54,8,2,13,3
DL R UR BS ur dr L,2,14,54,8,2,11,3
DL R ur dr BS L UR,2,14,54,8,2,16,3
DL R ur dr BS UR L,2,14,54,8,2,17,3
DL R UR dr BS ur L,2,14,54,8,2,11,3
DL R ur dr UR BS L,2,14,54,8,2,15,3
DL R UR dr ur BS L,2,14,54,8,2,11,3
DL R ur UR BS dr L,2,14,54,8,2,17,4
DL R UR ur BS dr L,2,14,54,8,2,13,4
DL R ur UR dr BS L,2,14,54,8,2,17,4
DL R UR ur dr BS L,2,14,54,8,2,15,4
DL ur BS dr L R UR,2,14,54,8,2,12,4
DL ur BS dr R L UR,2,14,54,8,2,16,4
DL ur BS dr R UR L,2,14,54,8,2,13,3
DL ur BS L dr R UR,2,14,54,8,2,10,3
DL ur BS L R dr UR,2,14,54,8,2,14,4
DL ur BS R dr L UR,2,14,54,8,2,12,3
DL ur BS R dr UR L,2,14,54,8,2,13,3
DL ur BS R L dr UR,2,14,54,8,2,12,4
DL ur BS R UR dr L,2,14,54,8,2,9,2
DL ur dr BS L R UR,2,14,54,8,2,14,4
DL ur dr BS R L UR,2,14,54,8,2,16,4
DL ur dr BS R UR L,2,14,54,8,2,13,3
DL ur dr R BS L UR,2,14,54,8,2,14,3
DL ur dr R BS UR L,2,14,54,8,2,15,3
DL ur dr R UR BS L,2,14,54,8,2,13,3
DL ur R BS dr L UR,2,14,54,8,2,14,3
DL ur R BS dr UR L,2,14,54,8,2,15,3
DL ur R BS L dr UR,2,14,54,8,2,12,3
DL ur R BS UR dr L,2,14,54,8,2,13,3
DL ur R dr BS L UR,2,14,54,8,2,16,3
DL ur R dr BS UR L,2,14,54,8,2,17,3
DL ur R dr UR BS L,2,14,54,8,2,15,3
DL ur R UR BS dr L,2,14,54,8,2,13,3
DL ur R UR dr BS L,2,14,54,8,2,13,3
dr BS DL R ur L UR,2,14,54,8,2,16,3
dr BS DL R ur UR L,2,14,54,8,2,19,4
dr BS DL R UR ur L,2,14,54,8,2,15,4
dr BS DL ur L R UR,2,14,54,8,2,14,4
dr BS DL ur R L UR,2,14,54,8,2,18,4
dr BS DL ur R UR L,2,14,54,8,2,15,3
dr BS R DL ur L UR,2,14,54,8,2,14,3
dr BS R DL ur UR L,2,14,54,8,2,17,4
dr BS R DL UR ur L,2,14,54,8,2,15,4
dr BS R ur DL L UR,2,14,54,8,2,14,3
dr BS R ur DL UR L,2,14,54,8,2,15,3
dr BS ur DL L R UR,2,14,54,8,2,12,4
dr BS ur DL R L UR,2,14,54,8,2,16,4
dr BS ur DL R UR L,2,14,54,8,2,13,3
dr BS ur R DL L UR,2,14,54,8,2,14,3
dr BS ur R DL UR L,2,14,54,8,2,15,3
dr DL BS R ur L UR,2,14,54,8,2,14,3
dr DL BS R ur UR L,2,14,54,8,2,17,4
dr DL BS R UR ur L,2,14,54,8,2,13,4
dr DL BS ur L R UR,2,14,54,8,2,12,4
dr DL BS ur R L UR,2,14,54,8,2,16,4
dr DL BS ur R UR L,2,14,54,8,2,13,3
dr DL R BS ur L UR,2,14,54,8,2,12,3
dr DL R BS ur UR L,2,14,54,8,2,15,4
dr DL R BS UR ur L,2,14,54,8,2,15,4
dr DL R ur BS L UR,2,14,54,8,2,14,3
dr DL R ur BS UR L,2,14,54,8,2,15,3
dr DL R UR BS ur L,2,14,54,8,2,11,3
dr DL R ur UR BS L,2,14,54,8,2,17,4
dr DL R UR ur BS L,2,14,54,8,2,13,4
dr DL ur BS L R UR,2,14,54,8,2,12,4
dr DL ur BS R L UR,2,14,54,8,2,14,4
dr DL ur BS R UR L,2,14,54,8,2,11,3
dr DL ur R BS L UR,2,14,54,8,2,14,3
dr DL ur R BS UR L,2,14,54,8,2,15,3
dr DL ur R UR BS L,2,14,54,8,2,13,3
dr R BS DL ur L UR,2,14,54,8,2,14,3
dr R BS DL ur UR L,2,14,54,8,2,17,4
dr R BS DL UR ur L,2,14,54,8,2,15,4
dr R BS ur DL L UR,2,14,54,8,2,12,3
dr R BS ur DL UR L,2,14,54,8,2,13,3
dr R DL BS ur L UR,2,14,54,8,2,14,3
dr R DL BS ur UR L,2,14,54,8,2,17,4
dr R DL BS UR ur L,2,14,54,8,2,17,4
dr R DL ur BS L UR,2,14,54,8,2,14,3
dr R DL ur BS UR L,2,14,54,8,2,15,3
dr R DL UR BS ur L,2,14,54,8,2,13,3
dr R DL ur UR BS L,2,14,54,8,2,17,4
dr R DL UR ur BS L,2,14,54,8,2,15,4
dr R ur BS DL L UR,2,14,54,8,2,14,3
dr R ur BS DL UR L,2,14,54,8,2,15,3
dr R ur DL BS L UR,2,14,54,8,2,16,3
dr R ur DL BS UR L,2,14,54,8,2,17,3
dr R ur DL UR BS L,2,14,54,8,2,15,3
dr ur BS DL L R UR,2,14,54,8,2,12,4
dr ur BS DL R L UR,2,14,54,8,2,16,4
dr ur BS DL R UR L,2,14,54,8,2,13,3
dr ur BS R DL L UR,2,14,54,8,2,12,3
dr ur BS R DL UR L,2,14,54,8,2,13,3
dr ur DL BS L R UR,2,14,54,8,2,14,4
dr ur DL BS R L UR,2,14,54,8,2,16,4
dr ur DL BS R UR L,2,14,54,8,2,13,3
dr ur DL R BS L UR,2,14,54,8,2,14,3
dr ur DL R BS UR L,2,14,54,8,2,15,3
dr ur DL R UR BS L,2,14,54,8,2,13,3
dr ur R BS DL L UR,2,14,54,8,2,14,3
dr ur R BS DL UR L,2,14,54,8,2,15,3
dr ur R DL BS L UR,2,14,54,8,2,16,3
dr ur R DL BS UR L,2,14,54,8,2,17,3
dr ur R DL UR BS L,2,14,54,8,2,15,3
R BS DL dr ur L UR,2,14,54,8,2,13,3
R BS DL dr ur UR L,2,14,54,8,2,16,4
R BS DL dr UR ur L,2,14,54,8,2,14,4
R BS DL ur dr L UR,2,14,54,8,2,13,3
R BS DL ur dr UR L,2,14,54,8,2,14,3
R BS DL UR dr ur L,2,14,54,8,2,12,3
R BS DL ur L dr UR,2,14,54,8,2,11,3
R BS DL ur UR dr L,2,14,54,8,2,14,4
R BS DL UR ur dr L,2,14,54,8,2,14,4
R BS dr DL ur L UR,2,14,54,8,2,13,3
R BS dr DL ur UR L,2,14,54,8,2,16,4
R BS dr DL UR ur L,2,14,54,8,2,14,4
R BS dr ur DL L UR,2,14,54,8,2,13,3
R BS dr ur DL UR L,2,14,54,8,2,14,3
R BS ur DL dr L UR,2,14,54,8,2,11,3
R BS ur DL dr UR L,2,14,54,8,2,12,3
R BS ur DL L dr UR,2,14,54,8,2,9,2
R BS ur DL UR dr L,2,14,54,8,2,10,2
R BS ur dr DL L UR,2,14,54,8,2,11,3
R BS ur dr DL UR L,2,14,54,8,2,12,3
R DL BS dr ur L UR,2,14,54,8,2,15,3
R DL BS dr ur UR L,2,14,54,8,2,18,4
R DL BS dr UR ur L,2,14,54,8,2,16,4
R DL BS ur dr L UR,2,14,54,8,2,13,3
R DL BS ur dr UR L,2,14,54,8,2,14,3
R DL BS UR dr ur L,2,14,54,8,2,14,3
R DL BS ur L dr UR,2,14,54,8,2,11,3
R DL BS ur UR dr L,2,14,54,8,2,14,4
R DL BS UR ur dr L,2,14,54,8,2,16,4
R DL dr BS ur L UR,2,14,54,8,2,13,3
R DL dr BS ur UR L,2,14,54,8,2,16,4
R DL dr BS UR ur L,2,14,54,8,2,16,4
R DL dr ur BS L UR,2,14,54,8,2,13,3
R DL dr ur BS UR L,2,14,54,8,2,14,3
R DL dr UR BS ur L,2,14,54,8,2,12,3
R DL dr ur UR BS L,2,14,54,8,2,16,4
R DL dr UR ur BS L,2,14,54,8,2,14,4
R DL ur BS dr L UR,2,14,54,8,2,13,3
R DL ur BS dr UR L,2,14,54,8,2,14,3
R DL UR BS dr ur L,2,14,54,8,2,14,3
R DL ur BS L dr UR,2,14,54,8,2,11,3
R DL ur BS UR dr L,2,14,54,8,2,12,3
R DL UR BS ur dr L,2,14,54,8,2,12,3
R DL ur dr BS L UR,2,14,54,8,2,15,3
R DL ur dr BS UR L,2,14,54,8,2,16,3
R DL UR dr BS ur L,2,14,54,8,2,12,3
R DL ur dr UR BS L,2,14,54,8,2,14,3
R DL UR dr ur BS L,2,14,54,8,2,12,3
R DL ur UR BS dr L,2,14,54,8,2,16,4
R DL UR ur BS dr L,2,14,54,8,2,14,4
R DL ur UR dr BS L,2,14,54,8,2,16,4
R DL UR ur dr BS L,2,14,54,8,2,16,4
R dr BS DL ur L UR,2,14,54,8,2,15,3
R dr BS DL ur UR L,2,14,54,8,2,18,4
R dr BS DL UR ur L,2,14,54,8,2,16,4
R dr BS ur DL L UR,2,14,54,8,2,13,3
R dr BS ur DL UR L,2,14,54,8,2,14,3
R dr DL BS ur L UR,2,14,54,8,2,13,3
R dr DL BS ur UR L,2,14,54,8,2,16,4
R dr DL BS UR ur L,2,14,54,8,2,16,4
R dr DL ur BS L UR,2,14,54,8,2,13,3
R dr DL ur BS UR L,2,14,54,8,2,14,3
R dr DL UR BS ur L,2,14,54,8,2,12,3
R dr DL ur UR BS L,2,14,54,8,2,16,4
R dr DL UR ur BS L,2,14,54,8,2,14,4
R dr ur BS DL L UR,2,14,54,8,2,13,3
R dr ur BS DL UR L,2,14,54,8,2,14,3
R dr ur DL BS L UR,2,14,54,8,2,15,3
R dr ur DL BS UR L,2,14,54,8,2,16,3
R dr ur DL UR BS L,2,14,54,8,2,14,3
R ur BS DL dr L UR,2,14,54,8,2,13,3
R ur BS DL dr UR L,2,14,54,8,2,14,3
R ur BS DL L dr UR,2,14,54,8,2,11,3
R ur BS DL UR dr L,2,14,54,8,2,12,3
R ur BS dr DL L UR,2,14,54,8,2,13,3
R ur BS dr DL UR L,2,14,54,8,2,14,3
R ur DL BS dr L UR,2,14,54,8,2,15,3
R ur DL BS dr UR L,2,14,54,8,2,16,3
R ur DL BS L dr UR,2,14,54,8,2,13,3
R ur DL BS UR dr L,2,14,54,8,2,14,3
R ur DL dr BS L UR,2,14,54,8,2,15,3
R ur DL dr BS UR L,2,14,54,8,2,16,3
R ur DL dr UR BS L,2,14,54,8,2,14,3
R ur DL UR BS dr L,2,14,54,8,2,14,3
R ur DL UR dr BS L,2,14,54,8,2,14,3
R ur dr BS DL L UR,2,14,54,8,2,15,3
R ur dr BS DL UR L,2,14,54,8,2,16,3
R ur dr DL BS L UR,2,14,54,8,2,15,3
R ur dr DL BS UR L,2,14,54,8,2,16,3
R ur dr DL UR BS L,2,14,54,8,2,14,3
ur BS DL dr L R UR,2,14,54,8,2,12,4
ur BS DL dr R L UR,2,14,54,8,2,16,4
ur BS DL dr R UR L,2,14,54,8,2,13,3
ur BS DL L dr R UR,2,14,54,8,2,10,3
ur BS DL L R dr UR,2,14,54,8,2,14,4
ur BS DL R dr L UR,2,14,54,8,2,14,3
ur BS DL R dr UR L,2,14,54,8,2,15,3
ur BS DL R L dr UR,2,14,54,8,2,14,4
ur BS DL R UR dr L,2,14,54,8,2,11,3
ur BS dr DL L R UR,2,14,54,8,2,12,4
ur BS dr DL R L UR,2,14,54,8,2,16,4
ur BS dr DL R UR L,2,14,54,8,2,13,3
ur BS dr R DL L UR,2,14,54,8,2,14,3
ur BS dr R DL UR L,2,14,54,8,2,15,3
ur BS R DL dr L UR,2,14,54,8,2,12,3
ur BS R DL dr UR L,2,14,54,8,2,13,3
ur BS R DL L dr UR,2,14,54,8,2,10,3
ur BS R DL UR dr L,2,14,54,8,2,11,3
ur BS R dr DL L UR,2,14,54,8,2,12,3
ur BS R dr DL UR L,2,14,54,8,2,13,3
ur DL BS dr L R UR,2,14,54,8,2,14,4
ur DL BS dr R L UR,2,14,54,8,2,18,4
ur DL BS dr R UR L,2,14,54,8,2,15,3
ur DL BS L dr R UR,2,14,54,8,2,12,3
ur DL BS L R dr UR,2,14,54,8,2,16,4
ur DL BS R dr L UR,2,14,54,8,2,14,3
ur DL BS R dr UR L,2,14,54,8,2,15,3
ur DL BS R L dr UR,2,14,54,8,2,14,4
ur DL BS R UR dr L,2,14,54,8,2,11,3
ur DL dr BS L R UR,2,14,54,8,2,14,4
ur DL dr BS R L UR,2,14,54,8,2,16,4
ur DL dr BS R UR L,2,14,54,8,2,13,3
ur DL dr R BS L UR,2,14,54,8,2,14,3
ur DL dr R BS UR L,2,14,54,8,2,15,3
ur DL dr R UR BS L,2,14,54,8,2,13,3
ur DL R BS dr L UR,2,14,54,8,2,14,3
ur DL R BS dr UR L,2,14,54,8,2,15,3
ur DL R BS L dr UR,2,14,54,8,2,12,3
ur DL R BS UR dr L,2,14,54,8,2,13,3
ur DL R dr BS L UR,2,14,54,8,2,16,3
ur DL R dr BS UR L,2,14,54,8,2,17,3
ur DL R dr UR BS L,2,14,54,8,2,15,3
ur DL R UR BS dr L,2,14,54,8,2,13,3
ur DL R UR dr BS L,2,14,54,8,2,13,3
ur dr BS DL L R UR,2,14,54,8,2,14,4
ur dr BS DL R L UR,2,14,54,8,2,18,4
ur dr BS DL R UR L,2,14,54,8,2,15,3
ur dr BS R DL L UR,2,14,54,8,2,14,3
ur dr BS R DL UR L,2,14,54,8,2,15,3
ur dr DL BS L R UR,2,14,54,8,2,14,4
ur dr DL BS R L UR,2,14,54,8,2,16,4
ur dr DL BS R UR L,2,14,54,8,2,13,3
ur dr DL R BS L UR,2,14,54,8,2,14,3
ur dr DL R BS UR L,2,14,54,8,2,15,3
ur dr DL R UR BS L,2,14,54,8,2,13,3
ur dr R BS DL L UR,2,14,54,8,2,14,3
ur dr R BS DL UR L,2,14,54,8,2,15,3
ur dr R DL BS L UR,2,14,54,8,2,16,3
ur dr R DL BS UR L,2,14,54,8,2,17,3
ur dr R DL UR BS L,2,14,54,8,2,15,3
ur R BS DL dr L UR,2,14,54,8,2,14,3
ur R BS DL dr UR L,2,14,54,8,2,15,3
ur R BS DL L dr UR,2,14,54,8,2,12,3
ur R BS DL UR dr L,2,14,54,8,2,13,3
ur R BS dr DL L UR,2,14,54,8,2,14,3
ur R BS dr DL UR L,2,14,54,8,2,15,3
ur R DL BS dr L UR,2,14,54,8,2,16,3
ur R DL BS dr UR L,2,14,54,8,2,17,3
ur R DL BS L dr UR,2,14,54,8,2,14,3
ur R DL BS UR dr L,2,14,54,8,2,15,3
ur R DL dr BS L UR,2,14,54,8,2,16,3
ur R DL dr BS UR L,2,14,54,8,2,17,3
ur R DL dr UR BS L,2,14,54,8,2,15,3
ur R DL UR BS dr L,2,14,54,8,2,15,3
ur R DL UR dr BS L,2,14,54,8,2,15,3
ur R dr BS DL L UR,2,14,54,8,2,16,3
ur R dr BS DL UR L,2,14,54,8,2,17,3
ur R dr DL BS L UR,2,14,54,8,2,16,3
ur R dr DL BS UR L,2,14,54,8,2,17,3
ur R dr DL UR BS L,2,14,54,8,2,15,3
BS dr UR R DL ur L,2,14,55,7,2,12,3
BS dr UR R ur DL L,2,14,55,7,2,12,3
BS dr ur UR R DL L,2,14,55,7,2,14,4
BS dr UR ur R DL L,2,14,55,7,2,16,4
BS UR dr R DL ur L,2,14,55,7,2,14,3
BS UR dr R ur DL L,2,14,55,7,2,14,3
BS ur dr UR R DL L,2,14,55,7,2,10,3
BS UR dr ur R DL L,2,14,55,7,2,14,3
BS UR R DL dr ur L,2,14,55,7,2,12,3
BS UR R DL ur dr L,2,14,55,7,2,12,3
BS UR R dr DL ur L,2,14,55,7,2,12,3
BS UR R dr ur DL L,2,14,55,7,2,12,3
BS UR R ur DL dr L,2,14,55,7,2,12,3
BS UR R ur dr DL L,2,14,55,7,2,12,3
BS ur UR dr R DL L,2,14,55,7,2,14,4
BS UR ur dr R DL L,2,14,55,7,2,16,4
BS ur UR R DL dr L,2,14,55,7,2,12,4
BS UR ur R DL dr L,2,14,55,7,2,16,4
BS ur UR R dr DL L,2,14,55,7,2,12,4
BS UR ur R dr DL L,2,14,55,7,2,16,4
DL L UR dr R ur BS,2,14,55,7,2,13,3
DL L UR dr ur R BS,2,14,55,7,2,13,3
DL L UR R dr ur BS,2,14,55,7,2,11,3
DL L UR R ur dr BS,2,14,55,7,2,13,3
DL L ur UR dr R BS,2,14,55,7,2,13,4
DL L UR ur dr R BS,2,14,55,7,2,15,4
DL L ur UR R dr BS,2,14,55,7,2,13,4
DL L UR ur R dr BS,2,14,55,7,2,17,4
DL UR L dr R ur BS,2,14,55,7,2,13,3
DL UR L dr ur R BS,2,14,55,7,2,13,3
DL UR L R dr ur BS,2,14,55,7,2,15,4
DL UR L R ur dr BS,2,14,55,7,2,17,4
DL ur L UR dr R BS,2,14,55,7,2,13,3
DL UR L ur dr R BS,2,14,55,7,2,13,3
DL ur L UR R dr BS,2,14,55,7,2,13,3
DL UR L ur R dr BS,2,14,55,7,2,15,3
DL UR R L dr ur BS,2,14,55,7,2,11,4
DL UR R L ur dr BS,2,14,55,7,2,13,4
DL UR R ur L dr BS,2,14,55,7,2,11,3
DL ur UR L dr R BS,2,14,55,7,2,15,4
DL UR ur L dr R BS,2,14,55,7,2,13,4
DL ur UR L R dr BS,2,14,55,7,2,19,4
DL UR ur L R dr BS,2,14,55,7,2,17,4
DL ur UR R L dr BS,2,14,55,7,2,15,4
DL UR ur R L dr BS,2,14,55,7,2,17,4
dr BS UR R DL ur L,2,14,55,7,2,13,3
dr BS UR R ur DL L,2,14,55,7,2,13,3
dr BS ur UR R DL L,2,14,55,7,2,13,4
dr BS UR ur R DL L,2,14,55,7,2,17,4
dr UR BS R DL ur L,2,14,55,7,2,13,3
dr UR BS R ur DL L,2,14,55,7,2,13,3
dr ur BS UR R DL L,2,14,55,7,2,11,3
dr UR BS ur R DL L,2,14,55,7,2,13,3
dr ur UR BS R DL L,2,14,55,7,2,15,4
dr UR ur BS R DL L,2,14,55,7,2,13,4
L DL UR dr R ur BS,2,14,55,7,2,12,3
L DL UR dr ur R BS,2,14,55,7,2,12,3
L DL UR R dr ur BS,2,14,55,7,2,10,3
L DL UR R ur dr BS,2,14,55,7,2,12,3
L DL ur UR dr R BS,2,14,55,7,2,14,4
L DL UR ur dr R BS,2,14,55,7,2,14,4
L DL ur UR R dr BS,2,14,55,7,2,14,4
L DL UR ur R dr BS,2,14,55,7,2,16,4
L UR DL dr R ur BS,2,14,55,7,2,14,3
L UR DL dr ur R BS,2,14,55,7,2,14,3
L UR DL R dr ur BS,2,14,55,7,2,14,3
L UR DL R ur dr BS,2,14,55,7,2,16,3
L ur DL UR dr R BS,2,14,55,7,2,12,3
L UR DL ur dr R BS,2,14,55,7,2,14,3
L ur DL UR R dr BS,2,14,55,7,2,12,3
L UR DL ur R dr BS,2,14,55,7,2,16,3
L ur UR DL dr R BS,2,14,55,7,2,14,4
L UR ur DL dr R BS,2,14,55,7,2,16,4
L ur UR DL R dr BS,2,14,55,7,2,16,4
L UR ur DL R dr BS,2,14,55,7,2,18,4
UR BS dr R DL ur L,2,14,55,7,2,15,3
UR BS dr R ur DL L,2,14,55,7,2,15,3
ur BS dr UR R DL L,2,14,55,7,2,11,3
UR BS dr ur R DL L,2,14,55,7,2,15,3
UR BS R DL dr ur L,2,14,55,7,2,13,3
UR BS R DL ur dr L,2,14,55,7,2,13,3
UR BS R dr DL ur L,2,14,55,7,2,13,3
UR BS R dr ur DL L,2,14,55,7,2,13,3
UR BS R ur DL dr L,2,14,55,7,2,13,3
UR BS R ur dr DL L,2,14,55,7,2,13,3
ur BS UR dr R DL L,2,14,55,7,2,13,3
UR BS ur dr R DL L,2,14,55,7,2,13,3
ur BS UR R DL dr L,2,14,55,7,2,11,3
UR BS ur R DL dr L,2,14,55,7,2,13,3
ur BS UR R dr DL L,2,14,55,7,2,11,3
UR BS ur R dr DL L,2,14,55,7,2,13,3
UR DL L dr R ur BS,2,14,55,7,2,11,3
UR DL L dr ur R BS,2,14,55,7,2,11,3
UR DL L R dr ur BS,2,14,55,7,2,13,4
UR DL L R ur dr BS,2,14,55,7,2,15,4
ur DL L UR dr R BS,2,14,55,7,2,13,3
UR DL L ur dr R BS,2,14,55,7,2,11,3
ur DL L UR R dr BS,2,14,55,7,2,13,3
UR DL L ur R dr BS,2,14,55,7,2,13,3
UR DL R L dr ur BS,2,14,55,7,2,13,4
UR DL R L ur dr BS,2,14,55,7,2,15,4
UR DL R ur L dr BS,2,14,55,7,2,13,3
ur DL UR L dr R BS,2,14,55,7,2,13,3
UR DL ur L dr R BS,2,14,55,7,2,11,3
ur DL UR L R dr BS,2,14,55,7,2,17,4
UR DL ur L R dr BS,2,14,55,7,2,15,4
ur DL UR R L dr BS,2,14,55,7,2,13,4
UR DL ur R L dr BS,2,14,55,7,2,15,4
UR dr BS R DL ur L,2,14,55,7,2,13,3
UR dr BS R ur DL L,2,14,55,7,2,13,3
ur dr BS UR R DL L,2,14,55,7,2,13,3
UR dr BS ur R DL L,2,14,55,7,2,13,3
ur dr UR BS R DL L,2,14,55,7,2,13,3
UR dr ur BS R DL L,2,14,55,7,2,11,3
UR L DL dr R ur BS,2,14,55,7,2,13,3
UR L DL dr ur R BS,2,14,55,7,2,13,3
UR L DL R dr ur BS,2,14,55,7,2,13,3
UR L DL R ur dr BS,2,14,55,7,2,15,3
ur L DL UR dr R BS,2,14,55,7,2,11,3
UR L DL ur dr R BS,2,14,55,7,2,13,3
ur L DL UR R dr BS,2,14,55,7,2,11,3
UR L DL ur R dr BS,2,14,55,7,2,15,3
ur L UR DL dr R BS,2,14,55,7,2,13,3
UR L ur DL dr R BS,2,14,55,7,2,13,3
ur L UR DL R dr BS,2,14,55,7,2,15,3
UR L ur DL R dr BS,2,14,55,7,2,15,3
ur UR BS dr R DL L,2,14,55,7,2,17,4
UR ur BS dr R DL L,2,14,55,7,2,15,4
ur UR BS R DL dr L,2,14,55,7,2,15,4
UR ur BS R DL dr L,2,14,55,7,2,13,4
ur UR BS R dr DL L,2,14,55,7,2,15,4
UR ur BS R dr DL L,2,14,55,7,2,13,4
ur UR DL L dr R BS,2,14,55,7,2,13,4
UR ur DL L dr R BS,2,14,55,7,2,13,4
ur UR DL L R dr BS,2,14,55,7,2,17,4
UR ur DL L R dr BS,2,14,55,7,2,17,4
ur UR DL R L dr BS,2,14,55,7,2,17,4
UR ur DL R L dr BS,2,14,55,7,2,17,4
ur UR dr BS R DL L,2,14,55,7,2,15,4
UR ur dr BS R DL L,2,14,55,7,2,15,4
ur UR L DL dr R BS,2,14,55,7,2,15,4
UR ur L DL dr R BS,2,14,55,7,2,13,4
ur UR L DL R dr BS,2,14,55,7,2,17,4
UR ur L DL R dr BS,2,14,55,7,2,15,4
BS DL dr L ur UR R,2,14,56,8,2,12,4
BS DL dr L UR ur R,2,14,56,8,2,16,4
BS DL L dr ur UR R,2,14,56,8,2,12,4
BS DL L dr UR ur R,2,14,56,8,2,14,4
BS DL L ur dr UR R,2,14,56,8,2,10,3
BS dr DL L ur UR R,2,14,56,8,2,12,4
BS dr DL L UR ur R,2,14,56,8,2,16,4
BS dr L DL ur UR R,2,14,56,8,2,12,4
BS dr L DL UR ur R,2,14,56,8,2,14,4
BS L DL dr ur UR R,2,14,56,8,2,12,4
BS L DL dr UR ur R,2,14,56,8,2,14,4
BS L DL ur dr UR R,2,14,56,8,2,10,2
BS L dr DL ur UR R,2,14,56,8,2,12,4
BS L dr DL UR ur R,2,14,56,8,2,14,4
DL BS dr L ur UR R,2,14,56,8,2,13,4
DL BS dr L UR ur R,2,14,56,8,2,17,4
DL BS L dr ur UR R,2,14,56,8,2,13,4
DL BS L dr UR ur R,2,14,56,8,2,15,4
DL BS L ur dr UR R,2,14,56,8,2,11,3
DL dr BS L ur UR R,2,14,56,8,2,13,4
DL dr BS L UR ur R,2,14,56,8,2,17,4
DL dr L BS ur UR R,2,14,56,8,2,11,4
DL dr L BS UR ur R,2,14,56,8,2,15,4
DL dr L ur BS UR R,2,14,56,8,2,9,3
DL dr L UR BS ur R,2,14,56,8,2,13,3
DL dr L ur UR BS R,2,14,56,8,2,13,4
DL dr L UR ur BS R,2,14,56,8,2,13,4
DL dr ur L BS UR R,2,14,56,8,2,11,3
DL dr ur L UR BS R,2,14,56,8,2,13,3
DL L BS dr ur UR R,2,14,56,8,2,13,4
DL L BS dr UR ur R,2,14,56,8,2,15,4
DL L BS ur dr UR R,2,14,56,8,2,9,2
DL L dr BS ur UR R,2,14,56,8,2,11,4
DL L dr BS UR ur R,2,14,56,8,2,15,4
DL L dr ur BS UR R,2,14,56,8,2,9,3
DL L dr UR BS ur R,2,14,56,8,2,11,3
DL L dr ur UR BS R,2,14,56,8,2,13,4
DL L dr UR ur BS R,2,14,56,8,2,11,4
DL L ur BS dr UR R,2,14,56,8,2,9,3
DL L ur dr BS UR R,2,14,56,8,2,11,3
DL L ur dr UR BS R,2,14,56,8,2,11,3
DL ur dr L BS UR R,2,14,56,8,2,11,3
DL ur dr L UR BS R,2,14,56,8,2,13,3
DL ur L BS dr UR R,2,14,56,8,2,11,3
DL ur L dr BS UR R,2,14,56,8,2,11,3
DL ur L dr UR BS R,2,14,56,8,2,11,3
dr BS DL L ur UR R,2,14,56,8,2,13,4
dr BS DL L UR ur R,2,14,56,8,2,17,4
dr BS L DL ur UR R,2,14,56,8,2,13,4
dr BS L DL UR ur R,2,14,56,8,2,15,4
dr DL BS L ur UR R,2,14,56,8,2,13,4
dr DL BS L UR ur R,2,14,56,8,2,17,4
dr DL L BS ur UR R,2,14,56,8,2,11,4
dr DL L BS UR ur R,2,14,56,8,2,15,4
dr DL L ur BS UR R,2,14,56,8,2,9,3
dr DL L UR BS ur R,2,14,56,8,2,13,3
dr DL L ur UR BS R,2,14,56,8,2,13,4
dr DL L UR ur BS R,2,14,56,8,2,13,4
dr DL ur L BS UR R,2,14,56,8,2,11,3
dr DL ur L UR BS R,2,14,56,8,2,13,3
dr L BS DL ur UR R,2,14,56,8,2,13,4
dr L BS DL UR ur R,2,14,56,8,2,15,4
dr L DL BS ur UR R,2,14,56,8,2,11,4
dr L DL BS UR ur R,2,14,56,8,2,15,4
dr L DL ur BS UR R,2,14,56,8,2,9,3
dr L DL UR BS ur R,2,14,56,8,2,11,3
dr L DL ur UR BS R,2,14,56,8,2,13,4
dr L DL UR ur BS R,2,14,56,8,2,11,4
dr L ur DL BS UR R,2,14,56,8,2,11,3
dr L ur DL UR BS R,2,14,56,8,2,11,3
dr ur DL L BS UR R,2,14,56,8,2,11,3
dr ur DL L UR BS R,2,14,56,8,2,13,3
dr ur L DL BS UR R,2,14,56,8,2,11,3
dr ur L DL UR BS R,2,14,56,8,2,11,3
L BS DL dr ur UR R,2,14,56,8,2,14,4
L BS DL dr UR ur R,2,14,56,8,2,16,4
L BS DL ur dr UR R,2,14,56,8,2,12,3
L BS dr DL ur UR R,2,14,56,8,2,14,4
L BS dr DL UR ur R,2,14,56,8,2,16,4
L DL BS dr ur UR R,2,14,56,8,2,14,4
L DL BS dr UR ur R,2,14,56,8,2,16,4
L DL BS ur dr UR R,2,14,56,8,2,10,3
L DL dr BS ur UR R,2,14,56,8,2,12,4
L DL dr BS UR ur R,2,14,56,8,2,16,4
L DL dr ur BS UR R,2,14,56,8,2,10,3
L DL dr UR BS ur R,2,14,56,8,2,12,3
L DL dr ur UR BS R,2,14,56,8,2,14,4
L DL dr UR ur BS R,2,14,56,8,2,12,4
L DL ur BS dr UR R,2,14,56,8,2,10,3
L DL ur dr BS UR R,2,14,56,8,2,12,3
L DL ur dr UR BS R,2,14,56,8,2,12,3
L dr BS DL ur UR R,2,14,56,8,2,14,4
L dr BS DL UR ur R,2,14,56,8,2,16,4
L dr DL BS ur UR R,2,14,56,8,2,12,4
L dr DL BS UR ur R,2,14,56,8,2,16,4
L dr DL ur BS UR R,2,14,56,8,2,10,3
L dr DL UR BS ur R,2,14,56,8,2,12,3
L dr DL ur UR BS R,2,14,56,8,2,14,4
L dr DL UR ur BS R,2,14,56,8,2,12,4
L dr ur DL BS UR R,2,14,56,8,2,12,3
L dr ur DL UR BS R,2,14,56,8,2,12,3
L ur DL BS dr UR R,2,14,56,8,2,12,3
L ur DL dr BS UR R,2,14,56,8,2,12,3
L ur DL dr UR BS R,2,14,56,8,2,12,3
L ur dr DL BS UR R,2,14,56,8,2,12,3
L ur dr DL UR BS R,2,14,56,8,2,12,3
ur DL dr L BS UR R,2,14,56,8,2,11,3
ur DL dr L UR BS R,2,14,56,8,2,13,3
ur DL L BS dr UR R,2,14,56,8,2,11,3
ur DL L dr BS UR R,2,14,56,8,2,11,3
ur DL L dr UR BS R,2,14,56,8,2,11,3
ur dr DL L BS UR R,2,14,56,8,2,11,3
ur dr DL L UR BS R,2,14,56,8,2,13,3
ur dr L DL BS UR R,2,14,56,8,2,11,3
ur dr L DL UR BS R,2,14,56,8,2,11,3
ur L DL BS dr UR R,2,14,56,8,2,11,3
ur L DL dr BS UR R,2,14,56,8,2,11,3
ur L DL dr UR BS R,2,14,56,8,2,11,3
ur L dr DL BS UR R,2,14,56,8,2,11,3
ur L dr DL UR BS R,2,14,56,8,2,11,3
BS DL L UR R ur dr,2,14,57,7,2,13,3
BS DL L ur UR R dr,2,14,57,7,2,13,4
BS DL L UR ur R dr,2,14,57,7,2,17,4
BS DL UR L R ur dr,2,14,57,7,2,17,4
BS DL UR L ur R dr,2,14,57,7,2,15,3
BS DL UR R L ur dr,2,14,57,7,2,13,4
BS L DL UR R ur dr,2,14,57,7,2,11,3
BS L DL ur UR R dr,2,14,57,7,2,13,4
BS L DL UR ur R dr,2,14,57,7,2,15,4
BS L UR DL R ur dr,2,14,57,7,2,15,3
BS L UR DL ur R dr,2,14,57,7,2,15,3
BS UR DL L R ur dr,2,14,57,7,2,15,4
BS UR DL L ur R dr,2,14,57,7,2,13,3
BS UR DL R L ur dr,2,14,57,7,2,15,4
BS UR L DL R ur dr,2,14,57,7,2,15,3
BS UR L DL ur R dr,2,14,57,7,2,15,3
DL BS L UR R ur dr,2,14,57,7,2,14,3
DL BS L ur UR R dr,2,14,57,7,2,14,4
DL BS L UR ur R dr,2,14,57,7,2,18,4
DL BS UR L R ur dr,2,14,57,7,2,18,4
DL BS UR L ur R dr,2,14,57,7,2,16,3
DL BS UR R L ur dr,2,14,57,7,2,14,4
DL L BS UR R ur dr,2,14,57,7,2,12,3
DL L BS ur UR R dr,2,14,57,7,2,12,4
DL L BS UR ur R dr,2,14,57,7,2,16,4
DL L UR BS R ur dr,2,14,57,7,2,14,3
DL L ur BS UR R dr,2,14,57,7,2,10,3
DL L UR BS ur R dr,2,14,57,7,2,14,3
DL L UR R BS ur dr,2,14,57,7,2,10,3
DL L UR R ur BS dr,2,14,57,7,2,12,3
DL L ur UR BS R dr,2,14,57,7,2,14,4
DL L UR ur BS R dr,2,14,57,7,2,14,4
DL L ur UR R BS dr,2,14,57,7,2,12,4
DL L UR ur R BS dr,2,14,57,7,2,16,4
DL UR BS L R ur dr,2,14,57,7,2,16,4
DL UR BS L ur R dr,2,14,57,7,2,14,3
DL UR BS R L ur dr,2,14,57,7,2,14,4
DL UR L BS R ur dr,2,14,57,7,2,14,3
DL ur L BS UR R dr,2,14,57,7,2,12,3
DL UR L BS ur R dr,2,14,57,7,2,14,3
DL UR L R BS ur dr,2,14,57,7,2,14,4
DL UR L R ur BS dr,2,14,57,7,2,16,4
DL ur L UR BS R dr,2,14,57,7,2,14,3
DL UR L ur BS R dr,2,14,57,7,2,12,3
DL ur L UR R BS dr,2,14,57,7,2,12,3
DL UR L ur R BS dr,2,14,57,7,2,14,3
DL UR R BS L ur dr,2,14,57,7,2,10,2
DL UR R L BS ur dr,2,14,57,7,2,12,4
DL UR R L ur BS dr,2,14,57,7,2,12,4
DL UR R ur L BS dr,2,14,57,7,2,12,3
DL ur UR L BS R dr,2,14,57,7,2,16,4
DL UR ur L BS R dr,2,14,57,7,2,14,4
DL ur UR L R BS dr,2,14,57,7,2,18,4
DL UR ur L R BS dr,2,14,57,7,2,16,4
DL ur UR R L BS dr,2,14,57,7,2,16,4
DL UR ur R L BS dr,2,14,57,7,2,18,4
L BS DL UR R ur dr,2,14,57,7,2,13,3
L BS DL ur UR R dr,2,14,57,7,2,15,4
L BS DL UR ur R dr,2,14,57,7,2,17,4
L BS UR DL R ur dr,2,14,57,7,2,15,3
L BS UR DL ur R dr,2,14,57,7,2,15,3
L DL BS UR R ur dr,2,14,57,7,2,13,3
L DL BS ur UR R dr,2,14,57,7,2,13,4
L DL BS UR ur R dr,2,14,57,7,2,17,4
L DL UR BS R ur dr,2,14,57,7,2,13,3
L DL ur BS UR R dr,2,14,57,7,2,11,3
L DL UR BS ur R dr,2,14,57,7,2,13,3
L DL UR R BS ur dr,2,14,57,7,2,9,2
L DL UR R ur BS dr,2,14,57,7,2,11,3
L DL ur UR BS R dr,2,14,57,7,2,15,4
L DL UR ur BS R dr,2,14,57,7,2,13,4
L DL ur UR R BS dr,2,14,57,7,2,13,4
L DL UR ur R BS dr,2,14,57,7,2,15,4
L UR BS DL R ur dr,2,14,57,7,2,17,3
L UR BS DL ur R dr,2,14,57,7,2,17,3
L UR DL BS R ur dr,2,14,57,7,2,15,3
L ur DL BS UR R dr,2,14,57,7,2,13,3
L UR DL BS ur R dr,2,14,57,7,2,15,3
L UR DL R BS ur dr,2,14,57,7,2,13,3
L UR DL R ur BS dr,2,14,57,7,2,15,3
L ur DL UR BS R dr,2,14,57,7,2,13,3
L UR DL ur BS R dr,2,14,57,7,2,13,3
L ur DL UR R BS dr,2,14,57,7,2,11,3
L UR DL ur R BS dr,2,14,57,7,2,15,3
L ur UR DL BS R dr,2,14,57,7,2,15,4
L UR ur DL BS R dr,2,14,57,7,2,17,4
L ur UR DL R BS dr,2,14,57,7,2,15,4
L UR ur DL R BS dr,2,14,57,7,2,17,4
UR BS DL L R ur dr,2,14,57,7,2,16,4
UR BS DL L ur R dr,2,14,57,7,2,14,3
UR BS DL R L ur dr,2,14,57,7,2,16,4
UR BS L DL R ur dr,2,14,57,7,2,14,3
UR BS L DL ur R dr,2,14,57,7,2,14,3
UR DL BS L R ur dr,2,14,57,7,2,16,4
UR DL BS L ur R dr,2,14,57,7,2,14,3
UR DL BS R L ur dr,2,14,57,7,2,14,4
UR DL L BS R ur dr,2,14,57,7,2,12,3
ur DL L BS UR R dr,2,14,57,7,2,12,3
UR DL L BS ur R dr,2,14,57,7,2,12,3
UR DL L R BS ur dr,2,14,57,7,2,12,4
UR DL L R ur BS dr,2,14,57,7,2,14,4
ur DL L UR BS R dr,2,14,57,7,2,14,3
UR DL L ur BS R dr,2,14,57,7,2,10,3
ur DL L UR R BS dr,2,14,57,7,2,12,3
UR DL L ur R BS dr,2,14,57,7,2,12,3
UR DL R BS L ur dr,2,14,57,7,2,12,3
UR DL R L BS ur dr,2,14,57,7,2,14,4
UR DL R L ur BS dr,2,14,57,7,2,14,4
UR DL R ur L BS dr,2,14,57,7,2,14,3
ur DL UR L BS R dr,2,14,57,7,2,14,3
UR DL ur L BS R dr,2,14,57,7,2,12,3
ur DL UR L R BS dr,2,14,57,7,2,16,4
UR DL ur L R BS dr,2,14,57,7,2,14,4
ur DL UR R L BS dr,2,14,57,7,2,14,4
UR DL ur R L BS dr,2,14,57,7,2,16,4
UR L BS DL R ur dr,2,14,57,7,2,16,3
UR L BS DL ur R dr,2,14,57,7,2,16,3
UR L DL BS R ur dr,2,14,57,7,2,14,3
ur L DL BS UR R dr,2,14,57,7,2,12,3
UR L DL BS ur R dr,2,14,57,7,2,14,3
UR L DL R BS ur dr,2,14,57,7,2,12,3
UR L DL R ur BS dr,2,14,57,7,2,14,3
ur L DL UR BS R dr,2,14,57,7,2,12,3
UR L DL ur BS R dr,2,14,57,7,2,12,3
ur L DL UR R BS dr,2,14,57,7,2,10,3
UR L DL ur R BS dr,2,14,57,7,2,14,3
ur L UR DL BS R dr,2,14,57,7,2,14,3
UR L ur DL BS R dr,2,14,57,7,2,14,3
ur L UR DL R BS dr,2,14,57,7,2,14,3
UR L ur DL R BS dr,2,14,57,7,2,14,3
ur UR DL L BS R dr,2,14,57,7,2,14,4
UR ur DL L BS R dr,2,14,57,7,2,14,4
ur UR DL L R BS dr,2,14,57,7,2,16,4
UR ur DL L R BS dr,2,14,57,7,2,16,4
ur UR DL R L BS dr,2,14,57,7,2,18,4
UR ur DL R L BS dr,2,14,57,7,2,18,4
ur UR L DL BS R dr,2,14,57,7,2,16,4
UR ur L DL BS R dr,2,14,57,7,2,14,4
ur UR L DL R BS dr,2,14,57,7,2,16,4
UR ur L DL R BS dr,2,14,57,7,2,14,4
dr R UR BS DL ur L,2,14,57,8,2,13,3
dr R UR BS ur DL L,2,14,57,8,2,11,3
dr R UR DL BS ur L,2,14,57,8,2,11,3
dr R UR DL ur BS L,2,14,57,8,2,11,3
dr R ur UR BS DL L,2,14,57,8,2,17,4
dr R UR ur BS DL L,2,14,57,8,2,13,4
dr R ur UR DL BS L,2,14,57,8,2,17,4
dr R UR ur DL BS L,2,14,57,8,2,15,4
dr UR R BS DL ur L,2,14,57,8,2,11,3
dr UR R BS ur DL L,2,14,57,8,2,9,2
dr UR R DL BS ur L,2,14,57,8,2,11,3
dr UR R DL ur BS L,2,14,57,8,2,11,3
dr ur R UR BS DL L,2,14,57,8,2,13,3
dr UR R ur BS DL L,2,14,57,8,2,11,3
dr ur R UR DL BS L,2,14,57,8,2,13,3
dr UR R ur DL BS L,2,14,57,8,2,13,3
dr ur UR R BS DL L,2,14,57,8,2,13,4
dr UR ur R BS DL L,2,14,57,8,2,15,4
dr ur UR R DL BS L,2,14,57,8,2,15,4
dr UR ur R DL BS L,2,14,57,8,2,17,4
R dr UR BS DL ur L,2,14,57,8,2,14,3
R dr UR BS ur DL L,2,14,57,8,2,12,3
R dr UR DL BS ur L,2,14,57,8,2,12,3
R dr UR DL ur BS L,2,14,57,8,2,12,3
R dr ur UR BS DL L,2,14,57,8,2,16,4
R dr UR ur BS DL L,2,14,57,8,2,14,4
R dr ur UR DL BS L,2,14,57,8,2,16,4
R dr UR ur DL BS L,2,14,57,8,2,16,4
R UR BS DL dr ur L,2,14,57,8,2,12,3
R UR BS DL ur dr L,2,14,57,8,2,12,3
R UR BS dr DL ur L,2,14,57,8,2,12,3
R UR BS dr ur DL L,2,14,57,8,2,12,3
R UR BS ur DL dr L,2,14,57,8,2,10,3
R UR BS ur dr DL L,2,14,57,8,2,10,3
R UR DL BS dr ur L,2,14,57,8,2,12,3
R UR DL BS ur dr L,2,14,57,8,2,10,3
R UR DL dr BS ur L,2,14,57,8,2,10,3
R UR DL dr ur BS L,2,14,57,8,2,10,2
R UR DL ur BS dr L,2,14,57,8,2,10,3
R UR DL ur dr BS L,2,14,57,8,2,12,3
R UR dr BS DL ur L,2,14,57,8,2,12,3
R UR dr BS ur DL L,2,14,57,8,2,10,3
R UR dr DL BS ur L,2,14,57,8,2,10,3
R UR dr DL ur BS L,2,14,57,8,2,10,2
R ur dr UR BS DL L,2,14,57,8,2,14,3
R UR dr ur BS DL L,2,14,57,8,2,10,3
R ur dr UR DL BS L,2,14,57,8,2,14,3
R UR dr ur DL BS L,2,14,57,8,2,12,3
R ur UR BS DL dr L,2,14,57,8,2,16,4
R UR ur BS DL dr L,2,14,57,8,2,12,4
R ur UR BS dr DL L,2,14,57,8,2,16,4
R UR ur BS dr DL L,2,14,57,8,2,12,4
R ur UR DL BS dr L,2,14,57,8,2,16,4
R UR ur DL BS dr L,2,14,57,8,2,14,4
R ur UR DL dr BS L,2,14,57,8,2,16,4
R UR ur DL dr BS L,2,14,57,8,2,14,4
R ur UR dr BS DL L,2,14,57,8,2,16,4
R UR ur dr BS DL L,2,14,57,8,2,14,4
R ur UR dr DL BS L,2,14,57,8,2,16,4
R UR ur dr DL BS L,2,14,57,8,2,14,4
UR dr R BS DL ur L,2,14,57,8,2,13,3
UR dr R BS ur DL L,2,14,57,8,2,11,3
UR dr R DL BS ur L,2,14,57,8,2,13,3
UR dr R DL ur BS L,2,14,57,8,2,13,3
ur dr R UR BS DL L,2,14,57,8,2,13,3
UR dr R ur BS DL L,2,14,57,8,2,13,3
ur dr R UR DL BS L,2,14,57,8,2,13,3
UR dr R ur DL BS L,2,14,57,8,2,15,3
ur dr UR R BS DL L,2,14,57,8,2,11,3
UR dr ur R BS DL L,2,14,57,8,2,13,3
ur dr UR R DL BS L,2,14,57,8,2,13,3
UR dr ur R DL BS L,2,14,57,8,2,15,3
UR R BS DL dr ur L,2,14,57,8,2,11,3
UR R BS DL ur dr L,2,14,57,8,2,11,3
UR R BS dr DL ur L,2,14,57,8,2,11,3
UR R BS dr ur DL L,2,14,57,8,2,11,3
UR R BS ur DL dr L,2,14,57,8,2,9,2
UR R BS ur dr DL L,2,14,57,8,2,9,2
UR R DL BS dr ur L,2,14,57,8,2,13,3
UR R DL BS ur dr L,2,14,57,8,2,11,3
UR R DL dr BS ur L,2,14,57,8,2,11,3
UR R DL dr ur BS L,2,14,57,8,2,11,3
UR R DL ur BS dr L,2,14,57,8,2,11,3
UR R DL ur dr BS L,2,14,57,8,2,13,3
UR R dr BS DL ur L,2,14,57,8,2,13,3
UR R dr BS ur DL L,2,14,57,8,2,11,3
UR R dr DL BS ur L,2,14,57,8,2,11,3
UR R dr DL ur BS L,2,14,57,8,2,11,3
ur R dr UR BS DL L,2,14,57,8,2,15,3
UR R dr ur BS DL L,2,14,57,8,2,11,3
ur R dr UR DL BS L,2,14,57,8,2,15,3
UR R dr ur DL BS L,2,14,57,8,2,13,3
ur R UR BS DL dr L,2,14,57,8,2,13,3
UR R ur BS DL dr L,2,14,57,8,2,11,3
ur R UR BS dr DL L,2,14,57,8,2,13,3
UR R ur BS dr DL L,2,14,57,8,2,11,3
ur R UR DL BS dr L,2,14,57,8,2,13,3
UR R ur DL BS dr L,2,14,57,8,2,13,3
ur R UR DL dr BS L,2,14,57,8,2,13,3
UR R ur DL dr BS L,2,14,57,8,2,13,3
ur R UR dr BS DL L,2,14,57,8,2,13,3
UR R ur dr BS DL L,2,14,57,8,2,13,3
ur R UR dr DL BS L,2,14,57,8,2,13,3
UR R ur dr DL BS L,2,14,57,8,2,13,3
ur UR dr R BS DL L,2,14,57,8,2,15,4
UR ur dr R BS DL L,2,14,57,8,2,15,4
ur UR dr R DL BS L,2,14,57,8,2,17,4
UR ur dr R DL BS L,2,14,57,8,2,17,4
ur UR R BS DL dr L,2,14,57,8,2,13,4
UR ur R BS DL dr L,2,14,57,8,2,15,4
ur UR R BS dr DL L,2,14,57,8,2,13,4
UR ur R BS dr DL L,2,14,57,8,2,15,4
ur UR R DL BS dr L,2,14,57,8,2,15,4
UR ur R DL BS dr L,2,14,57,8,2,17,4
ur UR R DL dr BS L,2,14,57,8,2,15,4
UR ur R DL dr BS L,2,14,57,8,2,17,4
ur UR R dr BS DL L,2,14,57,8,2,15,4
UR ur R dr BS DL L,2,14,57,8,2,17,4
ur UR R dr DL BS L,2,14,57,8,2,15,4
UR ur R dr DL BS L,2,14,57,8,2,17,4
BS DL dr L R ur UR,2,14,58,9,2,17,4
BS DL dr L ur R UR,2,14,58,9,2,11,3
BS DL dr R L ur UR,2,14,58,9,2,17,4
BS DL L dr R ur UR,2,14,58,9,2,15,4
BS DL L dr ur R UR,2,14,58,9,2,11,3
BS DL L R dr ur UR,2,14,58,9,2,17,4
BS DL L R ur dr UR,2,14,58,9,2,15,4
BS DL L ur dr R UR,2,14,58,9,2,11,3
BS DL L ur R dr UR,2,14,58,9,2,13,3
BS DL R dr L ur UR,2,14,58,9,2,15,4
BS DL R L dr ur UR,2,14,58,9,2,17,4
BS DL R L ur dr UR,2,14,58,9,2,15,4
BS dr DL L R ur UR,2,14,58,9,2,17,4
BS dr DL L ur R UR,2,14,58,9,2,11,3
BS dr DL R L ur UR,2,14,58,9,2,17,4
BS dr L DL R ur UR,2,14,58,9,2,15,4
BS dr L DL ur R UR,2,14,58,9,2,11,3
BS dr L R DL ur UR,2,14,58,9,2,17,4
BS dr R DL L ur UR,2,14,58,9,2,15,4
BS dr R L DL ur UR,2,14,58,9,2,17,4
BS L DL dr R ur UR,2,14,58,9,2,15,4
BS L DL dr ur R UR,2,14,58,9,2,11,3
BS L DL R dr ur UR,2,14,58,9,2,15,4
BS L DL R ur dr UR,2,14,58,9,2,13,3
BS L DL ur dr R UR,2,14,58,9,2,11,3
BS L DL ur R dr UR,2,14,58,9,2,13,3
BS L dr DL R ur UR,2,14,58,9,2,15,4
BS L dr DL ur R UR,2,14,58,9,2,11,3
BS L dr R DL ur UR,2,14,58,9,2,15,4
BS L R DL dr ur UR,2,14,58,9,2,17,4
BS L R DL ur dr UR,2,14,58,9,2,15,4
BS L R dr DL ur UR,2,14,58,9,2,17,4
BS R DL dr L ur UR,2,14,58,9,2,13,4
BS R DL L dr ur UR,2,14,58,9,2,13,4
BS R DL L ur dr UR,2,14,58,9,2,11,3
BS R dr DL L ur UR,2,14,58,9,2,13,4
BS R dr L DL ur UR,2,14,58,9,2,13,4
BS R L DL dr ur UR,2,14,58,9,2,15,4
BS R L DL ur dr UR,2,14,58,9,2,13,4
BS R L dr DL ur UR,2,14,58,9,2,15,4
DL BS dr L R ur UR,2,14,58,9,2,18,4
DL BS dr L ur R UR,2,14,58,9,2,12,3
DL BS dr R L ur UR,2,14,58,9,2,18,4
DL BS L dr R ur UR,2,14,58,9,2,16,4
DL BS L dr ur R UR,2,14,58,9,2,12,3
DL BS L R dr ur UR,2,14,58,9,2,18,4
DL BS L R ur dr UR,2,14,58,9,2,16,4
DL BS L ur dr R UR,2,14,58,9,2,12,3
DL BS L ur R dr UR,2,14,58,9,2,14,3
DL BS R dr L ur UR,2,14,58,9,2,14,4
DL BS R L dr ur UR,2,14,58,9,2,16,4
DL BS R L ur dr UR,2,14,58,9,2,14,4
DL dr BS L R ur UR,2,14,58,9,2,18,4
DL dr BS L ur R UR,2,14,58,9,2,12,3
DL dr BS R L ur UR,2,14,58,9,2,16,4
DL dr L BS R ur UR,2,14,58,9,2,14,4
DL dr L BS ur R UR,2,14,58,9,2,10,3
DL dr L R BS ur UR,2,14,58,9,2,14,4
DL dr L R ur BS UR,2,14,58,9,2,14,4
DL dr L ur BS R UR,2,14,58,9,2,8,2
DL dr L ur R BS UR,2,14,58,9,2,12,3
DL dr R BS L ur UR,2,14,58,9,2,14,4
DL dr R L BS ur UR,2,14,58,9,2,16,4
DL dr R L ur BS UR,2,14,58,9,2,14,4
DL dr R ur L BS UR,2,14,58,9,2,14,3
DL dr ur L BS R UR,2,14,58,9,2,10,2
DL dr ur L R BS UR,2,14,58,9,2,14,4
DL dr ur R L BS UR,2,14,58,9,2,16,4
DL L BS dr R ur UR,2,14,58,9,2,16,4
DL L BS dr ur R UR,2,14,58,9,2,12,3
DL L BS R dr ur UR,2,14,58,9,2,14,4
DL L BS R ur dr UR,2,14,58,9,2,12,3
DL L BS ur dr R UR,2,14,58,9,2,10,3
DL L BS ur R dr UR,2,14,58,9,2,12,3
DL L dr BS R ur UR,2,14,58,9,2,14,4
DL L dr BS ur R UR,2,14,58,9,2,10,3
DL L dr R BS ur UR,2,14,58,9,2,12,4
DL L dr R ur BS UR,2,14,58,9,2,12,3
DL L dr ur BS R UR,2,14,58,9,2,8,2
DL L dr ur R BS UR,2,14,58,9,2,12,3
DL L R BS dr ur UR,2,14,58,9,2,16,4
DL L R BS ur dr UR,2,14,58,9,2,12,4
DL L R dr BS ur UR,2,14,58,9,2,16,4
DL L R dr ur BS UR,2,14,58,9,2,14,4
DL L R ur BS dr UR,2,14,58,9,2,14,4
DL L R ur dr BS UR,2,14,58,9,2,16,4
DL L ur BS dr R UR,2,14,58,9,2,10,3
DL L ur BS R dr UR,2,14,58,9,2,10,3
DL L ur dr BS R UR,2,14,58,9,2,10,3
DL L ur dr R BS UR,2,14,58,9,2,12,3
DL L ur R BS dr UR,2,14,58,9,2,12,3
DL L ur R dr BS UR,2,14,58,9,2,14,3
DL R BS dr L ur UR,2,14,58,9,2,14,4
DL R BS L dr ur UR,2,14,58,9,2,14,4
DL R BS L ur dr UR,2,14,58,9,2,12,3
DL R dr BS L ur UR,2,14,58,9,2,16,4
DL R dr L BS ur UR,2,14,58,9,2,14,4
DL R dr L ur BS UR,2,14,58,9,2,12,3
DL R dr ur L BS UR,2,14,58,9,2,14,3
DL R L BS dr ur UR,2,14,58,9,2,18,4
DL R L BS ur dr UR,2,14,58,9,2,14,4
DL R L dr BS ur UR,2,14,58,9,2,16,4
DL R L dr ur BS UR,2,14,58,9,2,14,4
DL R L ur BS dr UR,2,14,58,9,2,14,4
DL R L ur dr BS UR,2,14,58,9,2,16,4
DL R ur dr L BS UR,2,14,58,9,2,14,3
DL R ur L BS dr UR,2,14,58,9,2,14,3
DL R ur L dr BS UR,2,14,58,9,2,14,3
DL ur dr L BS R UR,2,14,58,9,2,10,2
DL ur dr L R BS UR,2,14,58,9,2,14,4
DL ur dr R L BS UR,2,14,58,9,2,16,4
DL ur L BS dr R UR,2,14,58,9,2,12,3
DL ur L BS R dr UR,2,14,58,9,2,12,3
DL ur L dr BS R UR,2,14,58,9,2,10,3
DL ur L dr R BS UR,2,14,58,9,2,12,3
DL ur L R BS dr UR,2,14,58,9,2,14,4
DL ur L R dr BS UR,2,14,58,9,2,16,4
DL ur R dr L BS UR,2,14,58,9,2,14,3
DL ur R L BS dr UR,2,14,58,9,2,16,4
DL ur R L dr BS UR,2,14,58,9,2,16,4
dr BS DL L R ur UR,2,14,58,9,2,18,4
dr BS DL L ur R UR,2,14,58,9,2,12,3
dr BS DL R L ur UR,2,14,58,9,2,18,4
dr BS L DL R ur UR,2,14,58,9,2,16,4
dr BS L DL ur R UR,2,14,58,9,2,12,3
dr BS L R DL ur UR,2,14,58,9,2,18,4
dr BS R DL L ur UR,2,14,58,9,2,14,4
dr BS R L DL ur UR,2,14,58,9,2,16,4
dr DL BS L R ur UR,2,14,58,9,2,18,4
dr DL BS L ur R UR,2,14,58,9,2,12,3
dr DL BS R L ur UR,2,14,58,9,2,16,4
dr DL L BS R ur UR,2,14,58,9,2,14,4
dr DL L BS ur R UR,2,14,58,9,2,10,3
dr DL L R BS ur UR,2,14,58,9,2,14,4
dr DL L R ur BS UR,2,14,58,9,2,14,4
dr DL L ur BS R UR,2,14,58,9,2,8,2
dr DL L ur R BS UR,2,14,58,9,2,12,3
dr DL R BS L ur UR,2,14,58,9,2,14,4
dr DL R L BS ur UR,2,14,58,9,2,16,4
dr DL R L ur BS UR,2,14,58,9,2,14,4
dr DL R ur L BS UR,2,14,58,9,2,14,3
dr DL ur L BS R UR,2,14,58,9,2,10,2
dr DL ur L R BS UR,2,14,58,9,2,14,4
dr DL ur R L BS UR,2,14,58,9,2,16,4
dr L BS DL R ur UR,2,14,58,9,2,16,4
dr L BS DL ur R UR,2,14,58,9,2,12,3
dr L BS R DL ur UR,2,14,58,9,2,14,4
dr L DL BS R ur UR,2,14,58,9,2,14,4
dr L DL BS ur R UR,2,14,58,9,2,10,3
dr L DL R BS ur UR,2,14,58,9,2,12,4
dr L DL R ur BS UR,2,14,58,9,2,12,3
dr L DL ur BS R UR,2,14,58,9,2,8,2
dr L DL ur R BS UR,2,14,58,9,2,12,3
dr L R BS DL ur UR,2,14,58,9,2,16,4
dr L R DL BS ur UR,2,14,58,9,2,16,4
dr L R DL ur BS UR,2,14,58,9,2,14,4
dr L R ur DL BS UR,2,14,58,9,2,16,4
dr L ur DL BS R UR,2,14,58,9,2,10,3
dr L ur DL R BS UR,2,14,58,9,2,12,3
dr L ur R DL BS UR,2,14,58,9,2,14,3
dr R BS DL L ur UR,2,14,58,9,2,14,4
dr R BS L DL ur UR,2,14,58,9,2,14,4
dr R DL BS L ur UR,2,14,58,9,2,16,4
dr R DL L BS ur UR,2,14,58,9,2,14,4
dr R DL L ur BS UR,2,14,58,9,2,12,3
dr R DL ur L BS UR,2,14,58,9,2,14,3
dr R L BS DL ur UR,2,14,58,9,2,18,4
dr R L DL BS ur UR,2,14,58,9,2,16,4
dr R L DL ur BS UR,2,14,58,9,2,14,4
dr R L ur DL BS UR,2,14,58,9,2,16,4
dr R ur DL L BS UR,2,14,58,9,2,14,3
dr R ur L DL BS UR,2,14,58,9,2,14,3
dr ur DL L BS R UR,2,14,58,9,2,10,2
dr ur DL L R BS UR,2,14,58,9,2,14,4
dr ur DL R L BS UR,2,14,58,9,2,16,4
dr ur L DL BS R UR,2,14,58,9,2,10,3
dr ur L DL R BS UR,2,14,58,9,2,12,3
dr ur L R DL BS UR,2,14,58,9,2,16,4
dr ur R DL L BS UR,2,14,58,9,2,14,3
dr ur R L DL BS UR,2,14,58,9,2,16,4
L BS DL dr R ur UR,2,14,58,9,2,17,4
L BS DL dr ur R UR,2,14,58,9,2,13,3
L BS DL R dr ur UR,2,14,58,9,2,17,4
L BS DL R ur dr UR,2,14,58,9,2,15,3
L BS DL ur dr R UR,2,14,58,9,2,13,3
L BS DL ur R dr UR,2,14,58,9,2,15,3
L BS dr DL R ur UR,2,14,58,9,2,17,4
L BS dr DL ur R UR,2,14,58,9,2,13,3
L BS dr R DL ur UR,2,14,58,9,2,17,4
L BS R DL dr ur UR,2,14,58,9,2,15,4
L BS R DL ur dr UR,2,14,58,9,2,13,3
L BS R dr DL ur UR,2,14,58,9,2,15,4
L DL BS dr R ur UR,2,14,58,9,2,17,4
L DL BS dr ur R UR,2,14,58,9,2,13,3
L DL BS R dr ur UR,2,14,58,9,2,15,4
L DL BS R ur dr UR,2,14,58,9,2,13,3
L DL BS ur dr R UR,2,14,58,9,2,11,3
L DL BS ur R dr UR,2,14,58,9,2,13,3
L DL dr BS R ur UR,2,14,58,9,2,15,4
L DL dr BS ur R UR,2,14,58,9,2,11,3
L DL dr R BS ur UR,2,14,58,9,2,13,4
L DL dr R ur BS UR,2,14,58,9,2,13,3
L DL dr ur BS R UR,2,14,58,9,2,9,2
L DL dr ur R BS UR,2,14,58,9,2,13,3
L DL R BS dr ur UR,2,14,58,9,2,15,4
L DL R BS ur dr UR,2,14,58,9,2,11,3
L DL R dr BS ur UR,2,14,58,9,2,15,4
L DL R dr ur BS UR,2,14,58,9,2,13,3
L DL R ur BS dr UR,2,14,58,9,2,13,3
L DL R ur dr BS UR,2,14,58,9,2,15,3
L DL ur BS dr R UR,2,14,58,9,2,11,3
L DL ur BS R dr UR,2,14,58,9,2,11,3
L DL ur dr BS R UR,2,14,58,9,2,11,3
L DL ur dr R BS UR,2,14,58,9,2,13,3
L DL ur R BS dr UR,2,14,58,9,2,13,3
L DL ur R dr BS UR,2,14,58,9,2,15,3
L dr BS DL R ur UR,2,14,58,9,2,17,4
L dr BS DL ur R UR,2,14,58,9,2,13,3
L dr BS R DL ur UR,2,14,58,9,2,15,4
L dr DL BS R ur UR,2,14,58,9,2,15,4
L dr DL BS ur R UR,2,14,58,9,2,11,3
L dr DL R BS ur UR,2,14,58,9,2,13,4
L dr DL R ur BS UR,2,14,58,9,2,13,3
L dr DL ur BS R UR,2,14,58,9,2,9,2
L dr DL ur R BS UR,2,14,58,9,2,13,3
L dr R BS DL ur UR,2,14,58,9,2,15,4
L dr R DL BS ur UR,2,14,58,9,2,15,4
L dr R DL ur BS UR,2,14,58,9,2,13,3
L dr R ur DL BS UR,2,14,58,9,2,15,3
L dr ur DL BS R UR,2,14,58,9,2,11,3
L dr ur DL R BS UR,2,14,58,9,2,13,3
L dr ur R DL BS UR,2,14,58,9,2,15,3
L R BS DL dr ur UR,2,14,58,9,2,17,4
L R BS DL ur dr UR,2,14,58,9,2,15,4
L R BS dr DL ur UR,2,14,58,9,2,17,4
L R DL BS dr ur UR,2,14,58,9,2,19,4
L R DL BS ur dr UR,2,14,58,9,2,15,4
L R DL dr BS ur UR,2,14,58,9,2,17,4
L R DL dr ur BS UR,2,14,58,9,2,15,4
L R DL ur BS dr UR,2,14,58,9,2,15,4
L R DL ur dr BS UR,2,14,58,9,2,17,4
L R dr BS DL ur UR,2,14,58,9,2,19,4
L R dr DL BS ur UR,2,14,58,9,2,17,4
L R dr DL ur BS UR,2,14,58,9,2,15,4
L R dr ur DL BS UR,2,14,58,9,2,17,4
L R ur DL BS dr UR,2,14,58,9,2,17,4
L R ur DL dr BS UR,2,14,58,9,2,17,4
L R ur dr DL BS UR,2,14,58,9,2,17,4
L ur DL BS dr R UR,2,14,58,9,2,13,3
L ur DL BS R dr UR,2,14,58,9,2,13,3
L ur DL dr BS R UR,2,14,58,9,2,11,3
L ur DL dr R BS UR,2,14,58,9,2,13,3
L ur DL R BS dr UR,2,14,58,9,2,13,3
L ur DL R dr BS UR,2,14,58,9,2,15,3
L ur dr DL BS R UR,2,14,58,9,2,11,3
L ur dr DL R BS UR,2,14,58,9,2,13,3
L ur dr R DL BS UR,2,14,58,9,2,15,3
L ur R DL BS dr UR,2,14,58,9,2,15,3
L ur R DL dr BS UR,2,14,58,9,2,15,3
L ur R dr DL BS UR,2,14,58,9,2,15,3
R BS DL dr L ur UR,2,14,58,9,2,13,4
R BS DL L dr ur UR,2,14,58,9,2,13,4
R BS DL L ur dr UR,2,14,58,9,2,11,3
R BS dr DL L ur UR,2,14,58,9,2,13,4
R BS dr L DL ur UR,2,14,58,9,2,13,4
R BS L DL dr ur UR,2,14,58,9,2,13,4
R BS L DL ur dr UR,2,14,58,9,2,11,2
R BS L dr DL ur UR,2,14,58,9,2,13,4
R DL BS dr L ur UR,2,14,58,9,2,15,4
R DL BS L dr ur UR,2,14,58,9,2,15,4
R DL BS L ur dr UR,2,14,58,9,2,13,3
R DL dr BS L ur UR,2,14,58,9,2,15,4
R DL dr L BS ur UR,2,14,58,9,2,13,4
R DL dr L ur BS UR,2,14,58,9,2,11,3
R DL dr ur L BS UR,2,14,58,9,2,13,3
R DL L BS dr ur UR,2,14,58,9,2,15,4
R DL L BS ur dr UR,2,14,58,9,2,11,3
R DL L dr BS ur UR,2,14,58,9,2,13,4
R DL L dr ur BS UR,2,14,58,9,2,11,3
R DL L ur BS dr UR,2,14,58,9,2,11,3
R DL L ur dr BS UR,2,14,58,9,2,13,3
R DL ur dr L BS UR,2,14,58,9,2,13,3
R DL ur L BS dr UR,2,14,58,9,2,13,3
R DL ur L dr BS UR,2,14,58,9,2,13,3
R dr BS DL L ur UR,2,14,58,9,2,15,4
R dr BS L DL ur UR,2,14,58,9,2,15,4
R dr DL BS L ur UR,2,14,58,9,2,15,4
R dr DL L BS ur UR,2,14,58,9,2,13,4
R dr DL L ur BS UR,2,14,58,9,2,11,3
R dr DL ur L BS UR,2,14,58,9,2,13,3
R dr L BS DL ur UR,2,14,58,9,2,15,4
R dr L DL BS ur UR,2,14,58,9,2,13,4
R dr L DL ur BS UR,2,14,58,9,2,11,3
R dr L ur DL BS UR,2,14,58,9,2,13,3
R dr ur DL L BS UR,2,14,58,9,2,13,3
R dr ur L DL BS UR,2,14,58,9,2,13,3
R L BS DL dr ur UR,2,14,58,9,2,17,4
R L BS DL ur dr UR,2,14,58,9,2,15,4
R L BS dr DL ur UR,2,14,58,9,2,17,4
R L DL BS dr ur UR,2,14,58,9,2,17,4
R L DL BS ur dr UR,2,14,58,9,2,13,4
R L DL dr BS ur UR,2,14,58,9,2,15,4
R L DL dr ur BS UR,2,14,58,9,2,13,4
R L DL ur BS dr UR,2,14,58,9,2,13,4
R L DL ur dr BS UR,2,14,58,9,2,15,4
R L dr BS DL ur UR,2,14,58,9,2,17,4
R L dr DL BS ur UR,2,14,58,9,2,15,4
R L dr DL ur BS UR,2,14,58,9,2,13,4
R L dr ur DL BS UR,2,14,58,9,2,15,4
R L ur DL BS dr UR,2,14,58,9,2,15,4
R L ur DL dr BS UR,2,14,58,9,2,15,4
R L ur dr DL BS UR,2,14,58,9,2,15,4
R ur DL dr L BS UR,2,14,58,9,2,13,3
R ur DL L BS dr UR,2,14,58,9,2,13,3
R ur DL L dr BS UR,2,14,58,9,2,13,3
R ur dr DL L BS UR,2,14,58,9,2,13,3
R ur dr L DL BS UR,2,14,58,9,2,13,3
R ur L DL BS dr UR,2,14,58,9,2,13,3
R ur L DL dr BS UR,2,14,58,9,2,13,3
R ur L dr DL BS UR,2,14,58,9,2,13,3
ur DL dr L BS R UR,2,14,58,9,2,10,2
ur DL dr L R BS UR,2,14,58,9,2,14,4
ur DL dr R L BS UR,2,14,58,9,2,16,4
ur DL L BS dr R UR,2,14,58,9,2,12,3
ur DL L BS R dr UR,2,14,58,9,2,12,3
ur DL L dr BS R UR,2,14,58,9,2,10,3
ur DL L dr R BS UR,2,14,58,9,2,12,3
ur DL L R BS dr UR,2,14,58,9,2,14,4
ur DL L R dr BS UR,2,14,58,9,2,16,4
ur DL R dr L BS UR,2,14,58,9,2,14,3
ur DL R L BS dr UR,2,14,58,9,2,16,4
ur DL R L dr BS UR,2,14,58,9,2,16,4
ur dr DL L BS R UR,2,14,58,9,2,10,2
ur dr DL L R BS UR,2,14,58,9,2,14,4
ur dr DL R L BS UR,2,14,58,9,2,16,4
ur dr L DL BS R UR,2,14,58,9,2,10,3
ur dr L DL R BS UR,2,14,58,9,2,12,3
ur dr L R DL BS UR,2,14,58,9,2,16,4
ur dr R DL L BS UR,2,14,58,9,2,14,3
ur dr R L DL BS UR,2,14,58,9,2,16,4
ur L DL BS dr R UR,2,14,58,9,2,12,3
ur L DL BS R dr UR,2,14,58,9,2,12,3
ur L DL dr BS R UR,2,14,58,9,2,10,3
ur L DL dr R BS UR,2,14,58,9,2,12,3
ur L DL R BS dr UR,2,14,58,9,2,12,3
ur L DL R dr BS UR,2,14,58,9,2,14,3
ur L dr DL BS R UR,2,14,58,9,2,10,3
ur L dr DL R BS UR,2,14,58,9,2,12,3
ur L dr R DL BS UR,2,14,58,9,2,14,3
ur L R DL BS dr UR,2,14,58,9,2,16,4
ur L R DL dr BS UR,2,14,58,9,2,16,4
ur L R dr DL BS UR,2,14,58,9,2,16,4
ur R DL dr L BS UR,2,14,58,9,2,14,3
ur R DL L BS dr UR,2,14,58,9,2,14,3
ur R DL L dr BS UR,2,14,58,9,2,14,3
ur R dr DL L BS UR,2,14,58,9,2,14,3
ur R dr L DL BS UR,2,14,58,9,2,14,3
ur R L DL BS dr UR,2,14,58,9,2,16,4
ur R L DL dr BS UR,2,14,58,9,2,16,4
ur R L dr DL BS UR,2,14,58,9,2,16,4
BS dr L UR DL ur R,2,14,59,8,2,14,3
BS dr L UR R ur DL,2,14,59,8,2,13,3
BS dr L ur UR DL R,2,14,59,8,2,14,4
BS dr L UR ur DL R,2,14,59,8,2,16,4
BS dr L ur UR R DL,2,14,59,8,2,13,4
BS dr L UR ur R DL,2,14,59,8,2,17,4
BS dr UR L DL ur R,2,14,59,8,2,14,3
BS dr UR L R ur DL,2,14,59,8,2,17,4
BS dr ur L UR DL R,2,14,59,8,2,14,3
BS dr UR L ur DL R,2,14,59,8,2,14,3
BS dr ur L UR R DL,2,14,59,8,2,13,3
BS dr UR L ur R DL,2,14,59,8,2,15,3
BS dr UR R L ur DL,2,14,59,8,2,13,4
BS dr UR R ur L DL,2,14,59,8,2,11,3
BS dr ur UR L DL R,2,14,59,8,2,16,4
BS dr UR ur L DL R,2,14,59,8,2,14,4
BS dr ur UR L R DL,2,14,59,8,2,19,4
BS dr UR ur L R DL,2,14,59,8,2,17,4
BS dr ur UR R L DL,2,14,59,8,2,15,4
BS dr UR ur R L DL,2,14,59,8,2,17,4
BS L dr UR DL ur R,2,14,59,8,2,12,3
BS L dr UR R ur DL,2,14,59,8,2,11,3
BS L dr ur UR DL R,2,14,59,8,2,14,4
BS L dr UR ur DL R,2,14,59,8,2,14,4
BS L dr ur UR R DL,2,14,59,8,2,13,4
BS L dr UR ur R DL,2,14,59,8,2,15,4
BS L ur DL UR dr R,2,14,59,8,2,12,3
BS L UR dr DL ur R,2,14,59,8,2,14,3
BS L UR dr R ur DL,2,14,59,8,2,15,3
BS L ur dr UR DL R,2,14,59,8,2,12,3
BS L UR dr ur DL R,2,14,59,8,2,14,3
BS L ur dr UR R DL,2,14,59,8,2,11,3
BS L UR dr ur R DL,2,14,59,8,2,15,3
BS L UR R dr ur DL,2,14,59,8,2,13,3
BS L UR R ur dr DL,2,14,59,8,2,13,3
BS L ur UR DL dr R,2,14,59,8,2,14,4
BS L UR ur DL dr R,2,14,59,8,2,16,4
BS L ur UR dr DL R,2,14,59,8,2,14,4
BS L UR ur dr DL R,2,14,59,8,2,16,4
BS L ur UR dr R DL,2,14,59,8,2,15,4
BS L UR ur dr R DL,2,14,59,8,2,17,4
BS L ur UR R dr DL,2,14,59,8,2,13,4
BS L UR ur R dr DL,2,14,59,8,2,17,4
BS UR dr L DL ur R,2,14,59,8,2,12,3
BS UR dr L R ur DL,2,14,59,8,2,15,4
BS ur dr L UR DL R,2,14,59,8,2,12,3
BS UR dr L ur DL R,2,14,59,8,2,12,3
BS ur dr L UR R DL,2,14,59,8,2,11,3
BS UR dr L ur R DL,2,14,59,8,2,13,3
BS UR dr R L ur DL,2,14,59,8,2,15,4
BS UR dr R ur L DL,2,14,59,8,2,13,3
BS ur dr UR L DL R,2,14,59,8,2,12,3
BS UR dr ur L DL R,2,14,59,8,2,12,3
BS ur dr UR L R DL,2,14,59,8,2,15,4
BS UR dr ur L R DL,2,14,59,8,2,15,4
BS ur dr UR R L DL,2,14,59,8,2,11,4
BS UR dr ur R L DL,2,14,59,8,2,15,4
BS ur L DL UR dr R,2,14,59,8,2,10,3
BS UR L dr DL ur R,2,14,59,8,2,14,3
BS UR L dr R ur DL,2,14,59,8,2,15,3
BS ur L dr UR DL R,2,14,59,8,2,10,3
BS UR L dr ur DL R,2,14,59,8,2,14,3
BS ur L dr UR R DL,2,14,59,8,2,9,3
BS UR L dr ur R DL,2,14,59,8,2,15,3
BS UR L R dr ur DL,2,14,59,8,2,17,4
BS UR L R ur dr DL,2,14,59,8,2,17,4
BS ur L UR DL dr R,2,14,59,8,2,12,3
BS UR L ur DL dr R,2,14,59,8,2,14,3
BS ur L UR dr DL R,2,14,59,8,2,12,3
BS UR L ur dr DL R,2,14,59,8,2,14,3
BS ur L UR dr R DL,2,14,59,8,2,13,3
BS UR L ur dr R DL,2,14,59,8,2,15,3
BS ur L UR R dr DL,2,14,59,8,2,11,3
BS UR L ur R dr DL,2,14,59,8,2,15,3
BS UR R dr L ur DL,2,14,59,8,2,11,3
BS UR R dr ur L DL,2,14,59,8,2,11,3
BS UR R L dr ur DL,2,14,59,8,2,13,4
BS UR R L ur dr DL,2,14,59,8,2,13,4
BS UR R ur dr L DL,2,14,59,8,2,11,3
BS UR R ur L dr DL,2,14,59,8,2,11,3
BS ur UR dr L DL R,2,14,59,8,2,12,4
BS UR ur dr L DL R,2,14,59,8,2,14,4
BS ur UR dr L R DL,2,14,59,8,2,15,4
BS UR ur dr L R DL,2,14,59,8,2,17,4
BS ur UR dr R L DL,2,14,59,8,2,15,4
BS UR ur dr R L DL,2,14,59,8,2,17,4
BS ur UR L DL dr R,2,14,59,8,2,14,4
BS UR ur L DL dr R,2,14,59,8,2,14,4
BS ur UR L dr DL R,2,14,59,8,2,14,4
BS UR ur L dr DL R,2,14,59,8,2,14,4
BS ur UR L dr R DL,2,14,59,8,2,15,4
BS UR ur L dr R DL,2,14,59,8,2,15,4
BS ur UR L R dr DL,2,14,59,8,2,17,4
BS UR ur L R dr DL,2,14,59,8,2,17,4
BS ur UR R dr L DL,2,14,59,8,2,11,4
BS UR ur R dr L DL,2,14,59,8,2,15,4
BS ur UR R L dr DL,2,14,59,8,2,13,4
BS UR ur R L dr DL,2,14,59,8,2,17,4
dr BS L UR DL ur R,2,14,59,8,2,15,3
dr BS L UR R ur DL,2,14,59,8,2,14,3
dr BS L ur UR DL R,2,14,59,8,2,15,4
dr BS L UR ur DL R,2,14,59,8,2,17,4
dr BS L ur UR R DL,2,14,59,8,2,14,4
dr BS L UR ur R DL,2,14,59,8,2,18,4
dr BS UR L DL ur R,2,14,59,8,2,15,3
dr BS UR L R ur DL,2,14,59,8,2,18,4
dr BS ur L UR DL R,2,14,59,8,2,13,3
dr BS UR L ur DL R,2,14,59,8,2,15,3
dr BS ur L UR R DL,2,14,59,8,2,12,3
dr BS UR L ur R DL,2,14,59,8,2,16,3
dr BS UR R L ur DL,2,14,59,8,2,14,4
dr BS UR R ur L DL,2,14,59,8,2,12,3
dr BS ur UR L DL R,2,14,59,8,2,15,4
dr BS UR ur L DL R,2,14,59,8,2,15,4
dr BS ur UR L R DL,2,14,59,8,2,18,4
dr BS UR ur L R DL,2,14,59,8,2,18,4
dr BS ur UR R L DL,2,14,59,8,2,14,4
dr BS UR ur R L DL,2,14,59,8,2,18,4
dr L BS UR DL ur R,2,14,59,8,2,13,3
dr L BS UR R ur DL,2,14,59,8,2,12,3
dr L BS ur UR DL R,2,14,59,8,2,13,4
dr L BS UR ur DL R,2,14,59,8,2,15,4
dr L BS ur UR R DL,2,14,59,8,2,12,4
dr L BS UR ur R DL,2,14,59,8,2,16,4
dr L UR BS DL ur R,2,14,59,8,2,15,3
dr L UR BS R ur DL,2,14,59,8,2,14,3
dr L ur BS UR DL R,2,14,59,8,2,11,3
dr L UR BS ur DL R,2,14,59,8,2,13,3
dr L ur BS UR R DL,2,14,59,8,2,10,3
dr L UR BS ur R DL,2,14,59,8,2,14,3
dr L UR DL BS ur R,2,14,59,8,2,13,3
dr L UR DL ur BS R,2,14,59,8,2,11,3
dr L ur UR BS DL R,2,14,59,8,2,15,4
dr L UR ur BS DL R,2,14,59,8,2,15,4
dr L ur UR BS R DL,2,14,59,8,2,14,4
dr L UR ur BS R DL,2,14,59,8,2,14,4
dr L ur UR DL BS R,2,14,59,8,2,13,4
dr L UR ur DL BS R,2,14,59,8,2,15,4
dr UR BS L DL ur R,2,14,59,8,2,13,3
dr UR BS L R ur DL,2,14,59,8,2,16,4
dr ur BS L UR DL R,2,14,59,8,2,13,3
dr UR BS L ur DL R,2,14,59,8,2,13,3
dr ur BS L UR R DL,2,14,59,8,2,12,3
dr UR BS L ur R DL,2,14,59,8,2,14,3
dr UR BS R L ur DL,2,14,59,8,2,14,4
dr UR BS R ur L DL,2,14,59,8,2,12,3
dr ur BS UR L DL R,2,14,59,8,2,13,3
dr UR BS ur L DL R,2,14,59,8,2,11,3
dr ur BS UR L R DL,2,14,59,8,2,16,4
dr UR BS ur L R DL,2,14,59,8,2,14,4
dr ur BS UR R L DL,2,14,59,8,2,12,4
dr UR BS ur R L DL,2,14,59,8,2,14,4
dr UR L BS DL ur R,2,14,59,8,2,15,3
dr UR L BS R ur DL,2,14,59,8,2,14,3
dr ur L BS UR DL R,2,14,59,8,2,13,3
dr UR L BS ur DL R,2,14,59,8,2,13,3
dr ur L BS UR R DL,2,14,59,8,2,12,3
dr UR L BS ur R DL,2,14,59,8,2,14,3
dr UR L DL BS ur R,2,14,59,8,2,13,3
dr UR L DL ur BS R,2,14,59,8,2,11,3
dr ur L UR BS DL R,2,14,59,8,2,15,3
dr UR L ur BS DL R,2,14,59,8,2,13,3
dr ur L UR BS R DL,2,14,59,8,2,14,3
dr UR L ur BS R DL,2,14,59,8,2,12,3
dr ur L UR DL BS R,2,14,59,8,2,13,3
dr UR L ur DL BS R,2,14,59,8,2,13,3
dr ur UR BS L DL R,2,14,59,8,2,15,4
dr UR ur BS L DL R,2,14,59,8,2,13,4
dr ur UR BS L R DL,2,14,59,8,2,18,4
dr UR ur BS L R DL,2,14,59,8,2,16,4
dr ur UR BS R L DL,2,14,59,8,2,16,4
dr UR ur BS R L DL,2,14,59,8,2,14,4
dr ur UR L BS DL R,2,14,59,8,2,17,4
dr UR ur L BS DL R,2,14,59,8,2,15,4
dr ur UR L BS R DL,2,14,59,8,2,16,4
dr UR ur L BS R DL,2,14,59,8,2,14,4
dr ur UR L DL BS R,2,14,59,8,2,15,4
dr UR ur L DL BS R,2,14,59,8,2,13,4
L BS dr UR DL ur R,2,14,59,8,2,14,3
L BS dr UR R ur DL,2,14,59,8,2,13,3
L BS dr ur UR DL R,2,14,59,8,2,16,4
L BS dr UR ur DL R,2,14,59,8,2,16,4
L BS dr ur UR R DL,2,14,59,8,2,15,4
L BS dr UR ur R DL,2,14,59,8,2,17,4
L BS ur DL UR dr R,2,14,59,8,2,12,3
L BS UR dr DL ur R,2,14,59,8,2,14,3
L BS UR dr R ur DL,2,14,59,8,2,15,3
L BS ur dr UR DL R,2,14,59,8,2,12,3
L BS UR dr ur DL R,2,14,59,8,2,14,3
L BS ur dr UR R DL,2,14,59,8,2,11,3
L BS UR dr ur R DL,2,14,59,8,2,15,3
L BS UR R dr ur DL,2,14,59,8,2,13,3
L BS UR R ur dr DL,2,14,59,8,2,13,3
L BS ur UR DL dr R,2,14,59,8,2,14,4
L BS UR ur DL dr R,2,14,59,8,2,16,4
L BS ur UR dr DL R,2,14,59,8,2,14,4
L BS UR ur dr DL R,2,14,59,8,2,16,4
L BS ur UR dr R DL,2,14,59,8,2,15,4
L BS UR ur dr R DL,2,14,59,8,2,17,4
L BS ur UR R dr DL,2,14,59,8,2,13,4
L BS UR ur R dr DL,2,14,59,8,2,17,4
L dr BS UR DL ur R,2,14,59,8,2,14,3
L dr BS UR R ur DL,2,14,59,8,2,13,3
L dr BS ur UR DL R,2,14,59,8,2,14,4
L dr BS UR ur DL R,2,14,59,8,2,16,4
L dr BS ur UR R DL,2,14,59,8,2,13,4
L dr BS UR ur R DL,2,14,59,8,2,17,4
L dr UR BS DL ur R,2,14,59,8,2,14,3
L dr UR BS R ur DL,2,14,59,8,2,13,3
L dr ur BS UR DL R,2,14,59,8,2,12,3
L dr UR BS ur DL R,2,14,59,8,2,12,3
L dr ur BS UR R DL,2,14,59,8,2,11,3
L dr UR BS ur R DL,2,14,59,8,2,13,3
L dr UR DL BS ur R,2,14,59,8,2,12,3
L dr UR DL ur BS R,2,14,59,8,2,10,2
L dr ur UR BS DL R,2,14,59,8,2,16,4
L dr UR ur BS DL R,2,14,59,8,2,14,4
L dr ur UR BS R DL,2,14,59,8,2,15,4
L dr UR ur BS R DL,2,14,59,8,2,13,4
L dr ur UR DL BS R,2,14,59,8,2,14,4
L dr UR ur DL BS R,2,14,59,8,2,14,4
L ur BS DL UR dr R,2,14,59,8,2,12,3
L UR BS dr DL ur R,2,14,59,8,2,16,3
L UR BS dr R ur DL,2,14,59,8,2,17,3
L ur BS dr UR DL R,2,14,59,8,2,12,3
L UR BS dr ur DL R,2,14,59,8,2,16,3
L ur BS dr UR R DL,2,14,59,8,2,11,3
L UR BS dr ur R DL,2,14,59,8,2,17,3
L UR BS R dr ur DL,2,14,59,8,2,15,3
L UR BS R ur dr DL,2,14,59,8,2,15,3
L ur BS UR DL dr R,2,14,59,8,2,12,3
L UR BS ur DL dr R,2,14,59,8,2,14,3
L ur BS UR dr DL R,2,14,59,8,2,12,3
L UR BS ur dr DL R,2,14,59,8,2,14,3
L ur BS UR dr R DL,2,14,59,8,2,13,3
L UR BS ur dr R DL,2,14,59,8,2,15,3
L ur BS UR R dr DL,2,14,59,8,2,11,3
L UR BS ur R dr DL,2,14,59,8,2,15,3
L UR dr BS DL ur R,2,14,59,8,2,16,3
L UR dr BS R ur DL,2,14,59,8,2,15,3
L ur dr BS UR DL R,2,14,59,8,2,14,3
L UR dr BS ur DL R,2,14,59,8,2,14,3
L ur dr BS UR R DL,2,14,59,8,2,13,3
L UR dr BS ur R DL,2,14,59,8,2,15,3
L UR dr DL BS ur R,2,14,59,8,2,14,3
L UR dr DL ur BS R,2,14,59,8,2,12,3
L ur dr UR BS DL R,2,14,59,8,2,14,3
L UR dr ur BS DL R,2,14,59,8,2,14,3
L ur dr UR BS R DL,2,14,59,8,2,13,3
L UR dr ur BS R DL,2,14,59,8,2,13,3
L ur dr UR DL BS R,2,14,59,8,2,12,3
L UR dr ur DL BS R,2,14,59,8,2,14,3
L ur UR BS DL dr R,2,14,59,8,2,16,4
L UR ur BS DL dr R,2,14,59,8,2,16,4
L ur UR BS dr DL R,2,14,59,8,2,16,4
L UR ur BS dr DL R,2,14,59,8,2,16,4
L ur UR BS dr R DL,2,14,59,8,2,17,4
L UR ur BS dr R DL,2,14,59,8,2,17,4
L ur UR BS R dr DL,2,14,59,8,2,15,4
L UR ur BS R dr DL,2,14,59,8,2,15,4
L ur UR dr BS DL R,2,14,59,8,2,16,4
L UR ur dr BS DL R,2,14,59,8,2,18,4
L ur UR dr BS R DL,2,14,59,8,2,15,4
L UR ur dr BS R DL,2,14,59,8,2,17,4
L ur UR dr DL BS R,2,14,59,8,2,14,4
L UR ur dr DL BS R,2,14,59,8,2,16,4
UR BS dr L DL ur R,2,14,59,8,2,13,3
UR BS dr L R ur DL,2,14,59,8,2,16,4
ur BS dr L UR DL R,2,14,59,8,2,13,3
UR BS dr L ur DL R,2,14,59,8,2,13,3
ur BS dr L UR R DL,2,14,59,8,2,12,3
UR BS dr L ur R DL,2,14,59,8,2,14,3
UR BS dr R L ur DL,2,14,59,8,2,16,4
UR BS dr R ur L DL,2,14,59,8,2,14,3
ur BS dr UR L DL R,2,14,59,8,2,13,3
UR BS dr ur L DL R,2,14,59,8,2,13,3
ur BS dr UR L R DL,2,14,59,8,2,16,4
UR BS dr ur L R DL,2,14,59,8,2,16,4
ur BS dr UR R L DL,2,14,59,8,2,12,4
UR BS dr ur R L DL,2,14,59,8,2,16,4
ur BS L DL UR dr R,2,14,59,8,2,11,3
UR BS L dr DL ur R,2,14,59,8,2,13,3
UR BS L dr R ur DL,2,14,59,8,2,14,3
ur BS L dr UR DL R,2,14,59,8,2,11,3
UR BS L dr ur DL R,2,14,59,8,2,13,3
ur BS L dr UR R DL,2,14,59,8,2,10,3
UR BS L dr ur R DL,2,14,59,8,2,14,3
UR BS L R dr ur DL,2,14,59,8,2,16,4
UR BS L R ur dr DL,2,14,59,8,2,16,4
ur BS L UR DL dr R,2,14,59,8,2,13,3
UR BS L ur DL dr R,2,14,59,8,2,13,3
ur BS L UR dr DL R,2,14,59,8,2,13,3
UR BS L ur dr DL R,2,14,59,8,2,13,3
ur BS L UR dr R DL,2,14,59,8,2,14,3
UR BS L ur dr R DL,2,14,59,8,2,14,3
ur BS L UR R dr DL,2,14,59,8,2,12,3
UR BS L ur R dr DL,2,14,59,8,2,14,3
UR BS R dr L ur DL,2,14,59,8,2,12,3
UR BS R dr ur L DL,2,14,59,8,2,12,3
UR BS R L dr ur DL,2,14,59,8,2,14,4
UR BS R L ur dr DL,2,14,59,8,2,14,4
UR BS R ur dr L DL,2,14,59,8,2,12,3
UR BS R ur L dr DL,2,14,59,8,2,12,3
ur BS UR dr L DL R,2,14,59,8,2,11,3
UR BS ur dr L DL R,2,14,59,8,2,11,3
ur BS UR dr L R DL,2,14,59,8,2,14,4
UR BS ur dr L R DL,2,14,59,8,2,14,4
ur BS UR dr R L DL,2,14,59,8,2,14,4
UR BS ur dr R L DL,2,14,59,8,2,14,4
ur BS UR L DL dr R,2,14,59,8,2,13,3
UR BS ur L DL dr R,2,14,59,8,2,11,3
ur BS UR L dr DL R,2,14,59,8,2,13,3
UR BS ur L dr DL R,2,14,59,8,2,11,3
ur BS UR L dr R DL,2,14,59,8,2,14,3
UR BS ur L dr R DL,2,14,59,8,2,12,3
ur BS UR L R dr DL,2,14,59,8,2,16,4
UR BS ur L R dr DL,2,14,59,8,2,14,4
ur BS UR R dr L DL,2,14,59,8,2,10,3
UR BS ur R dr L DL,2,14,59,8,2,12,3
ur BS UR R L dr DL,2,14,59,8,2,12,4
UR BS ur R L dr DL,2,14,59,8,2,14,4
UR dr BS L DL ur R,2,14,59,8,2,13,3
UR dr BS L R ur DL,2,14,59,8,2,16,4
ur dr BS L UR DL R,2,14,59,8,2,15,3
UR dr BS L ur DL R,2,14,59,8,2,13,3
ur dr BS L UR R DL,2,14,59,8,2,14,3
UR dr BS L ur R DL,2,14,59,8,2,14,3
UR dr BS R L ur DL,2,14,59,8,2,14,4
UR dr BS R ur L DL,2,14,59,8,2,12,3
ur dr BS UR L DL R,2,14,59,8,2,15,3
UR dr BS ur L DL R,2,14,59,8,2,11,3
ur dr BS UR L R DL,2,14,59,8,2,18,4
UR dr BS ur L R DL,2,14,59,8,2,14,4
ur dr BS UR R L DL,2,14,59,8,2,14,4
UR dr BS ur R L DL,2,14,59,8,2,14,4
UR dr L BS DL ur R,2,14,59,8,2,13,3
UR dr L BS R ur DL,2,14,59,8,2,12,3
ur dr L BS UR DL R,2,14,59,8,2,13,3
UR dr L BS ur DL R,2,14,59,8,2,11,3
ur dr L BS UR R DL,2,14,59,8,2,12,3
UR dr L BS ur R DL,2,14,59,8,2,12,3
UR dr L DL BS ur R,2,14,59,8,2,11,3
UR dr L DL ur BS R,2,14,59,8,2,9,2
ur dr L UR BS DL R,2,14,59,8,2,15,3
UR dr L ur BS DL R,2,14,59,8,2,11,3
ur dr L UR BS R DL,2,14,59,8,2,14,3
UR dr L ur BS R DL,2,14,59,8,2,10,3
ur dr L UR DL BS R,2,14,59,8,2,13,3
UR dr L ur DL BS R,2,14,59,8,2,11,3
ur dr UR BS L DL R,2,14,59,8,2,13,3
UR dr ur BS L DL R,2,14,59,8,2,11,3
ur dr UR BS L R DL,2,14,59,8,2,16,4
UR dr ur BS L R DL,2,14,59,8,2,14,4
ur dr UR BS R L DL,2,14,59,8,2,14,4
UR dr ur BS R L DL,2,14,59,8,2,12,4
ur dr UR L BS DL R,2,14,59,8,2,15,3
UR dr ur L BS DL R,2,14,59,8,2,13,3
ur dr UR L BS R DL,2,14,59,8,2,14,3
UR dr ur L BS R DL,2,14,59,8,2,12,3
ur dr UR L DL BS R,2,14,59,8,2,13,3
UR dr ur L DL BS R,2,14,59,8,2,11,3
ur L BS DL UR dr R,2,14,59,8,2,13,3
UR L BS dr DL ur R,2,14,59,8,2,15,3
UR L BS dr R ur DL,2,14,59,8,2,16,3
ur L BS dr UR DL R,2,14,59,8,2,13,3
UR L BS dr ur DL R,2,14,59,8,2,15,3
ur L BS dr UR R DL,2,14,59,8,2,12,3
UR L BS dr ur R DL,2,14,59,8,2,16,3
UR L BS R dr ur DL,2,14,59,8,2,14,3
UR L BS R ur dr DL,2,14,59,8,2,14,3
ur L BS UR DL dr R,2,14,59,8,2,13,3
UR L BS ur DL dr R,2,14,59,8,2,13,3
ur L BS UR dr DL R,2,14,59,8,2,13,3
UR L BS ur dr DL R,2,14,59,8,2,13,3
ur L BS UR dr R DL,2,14,59,8,2,14,3
UR L BS ur dr R DL,2,14,59,8,2,14,3
ur L BS UR R dr DL,2,14,59,8,2,12,3
UR L BS ur R dr DL,2,14,59,8,2,14,3
UR L dr BS DL ur R,2,14,59,8,2,15,3
UR L dr BS R ur DL,2,14,59,8,2,14,3
ur L dr BS UR DL R,2,14,59,8,2,13,3
UR L dr BS ur DL R,2,14,59,8,2,13,3
ur L dr BS UR R DL,2,14,59,8,2,12,3
UR L dr BS ur R DL,2,14,59,8,2,14,3
UR L dr DL BS ur R,2,14,59,8,2,13,3
UR L dr DL ur BS R,2,14,59,8,2,11,3
ur L dr UR BS DL R,2,14,59,8,2,13,3
UR L dr ur BS DL R,2,14,59,8,2,13,3
ur L dr UR BS R DL,2,14,59,8,2,12,3
UR L dr ur BS R DL,2,14,59,8,2,12,3
ur L dr UR DL BS R,2,14,59,8,2,11,3
UR L dr ur DL BS R,2,14,59,8,2,13,3
ur L UR BS DL dr R,2,14,59,8,2,15,3
UR L ur BS DL dr R,2,14,59,8,2,13,3
ur L UR BS dr DL R,2,14,59,8,2,15,3
UR L ur BS dr DL R,2,14,59,8,2,13,3
ur L UR BS dr R DL,2,14,59,8,2,16,3
UR L ur BS dr R DL,2,14,59,8,2,14,3
ur L UR BS R dr DL,2,14,59,8,2,14,3
UR L ur BS R dr DL,2,14,59,8,2,12,3
ur L UR dr BS DL R,2,14,59,8,2,15,3
UR L ur dr BS DL R,2,14,59,8,2,15,3
ur L UR dr BS R DL,2,14,59,8,2,14,3
UR L ur dr BS R DL,2,14,59,8,2,14,3
ur L UR dr DL BS R,2,14,59,8,2,13,3
UR L ur dr DL BS R,2,14,59,8,2,13,3
ur UR BS dr L DL R,2,14,59,8,2,15,4
UR ur BS dr L DL R,2,14,59,8,2,13,4
ur UR BS dr L R DL,2,14,59,8,2,18,4
UR ur BS dr L R DL,2,14,59,8,2,16,4
ur UR BS dr R L DL,2,14,59,8,2,18,4
UR ur BS dr R L DL,2,14,59,8,2,16,4
ur UR BS L DL dr R,2,14,59,8,2,15,4
UR ur BS L DL dr R,2,14,59,8,2,13,4
ur UR BS L dr DL R,2,14,59,8,2,15,4
UR ur BS L dr DL R,2,14,59,8,2,13,4
ur UR BS L dr R DL,2,14,59,8,2,16,4
UR ur BS L dr R DL,2,14,59,8,2,14,4
ur UR BS L R dr DL,2,14,59,8,2,18,4
UR ur BS L R dr DL,2,14,59,8,2,16,4
ur UR BS R dr L DL,2,14,59,8,2,14,4
UR ur BS R dr L DL,2,14,59,8,2,12,4
ur UR BS R L dr DL,2,14,59,8,2,16,4
UR ur BS R L dr DL,2,14,59,8,2,14,4
ur UR dr BS L DL R,2,14,59,8,2,15,4
UR ur dr BS L DL R,2,14,59,8,2,15,4
ur UR dr BS L R DL,2,14,59,8,2,18,4
UR ur dr BS L R DL,2,14,59,8,2,18,4
ur UR dr BS R L DL,2,14,59,8,2,16,4
UR ur dr BS R L DL,2,14,59,8,2,16,4
ur UR dr L BS DL R,2,14,59,8,2,15,4
UR ur dr L BS DL R,2,14,59,8,2,15,4
ur UR dr L BS R DL,2,14,59,8,2,14,4
UR ur dr L BS R DL,2,14,59,8,2,14,4
ur UR dr L DL BS R,2,14,59,8,2,13,4
UR ur dr L DL BS R,2,14,59,8,2,13,4
ur UR L BS DL dr R,2,14,59,8,2,17,4
UR ur L BS DL dr R,2,14,59,8,2,15,4
ur UR L BS dr DL R,2,14,59,8,2,17,4
UR ur L BS dr DL R,2,14,59,8,2,15,4
ur UR L BS dr R DL,2,14,59,8,2,18,4
UR ur L BS dr R DL,2,14,59,8,2,16,4
ur UR L BS R dr DL,2,14,59,8,2,16,4
UR ur L BS R dr DL,2,14,59,8,2,14,4
ur UR L dr BS DL R,2,14,59,8,2,17,4
UR ur L dr BS DL R,2,14,59,8,2,15,4
ur UR L dr BS R DL,2,14,59,8,2,16,4
UR ur L dr BS R DL,2,14,59,8,2,14,4
ur UR L dr DL BS R,2,14,59,8,2,15,4
UR ur L dr DL BS R,2,14,59,8,2,13,4
dr L R UR BS ur DL,2,14,61,9,2,12,4
dr L R ur UR BS DL,2,14,61,9,2,18,4
dr L R UR ur BS DL,2,14,61,9,2,14,4
dr L UR R BS ur DL,2,14,61,9,2,10,3
dr L ur R UR BS DL,2,14,61,9,2,12,3
dr L UR R ur BS DL,2,14,61,9,2,12,3
dr L ur UR R BS DL,2,14,61,9,2,12,4
dr L UR ur R BS DL,2,14,61,9,2,16,4
dr R L UR BS ur DL,2,14,61,9,2,16,4
dr R L ur UR BS DL,2,14,61,9,2,18,4
dr R L UR ur BS DL,2,14,61,9,2,18,4
dr R UR BS L ur DL,2,14,61,9,2,12,3
dr R UR BS ur L DL,2,14,61,9,2,10,3
dr R UR L BS ur DL,2,14,61,9,2,12,3
dr R ur L UR BS DL,2,14,61,9,2,16,3
dr R UR L ur BS DL,2,14,61,9,2,12,3
dr R ur UR BS L DL,2,14,61,9,2,16,4
dr R UR ur BS L DL,2,14,61,9,2,12,4
dr R ur UR L BS DL,2,14,61,9,2,18,4
dr R UR ur L BS DL,2,14,61,9,2,14,4
dr UR L R BS ur DL,2,14,61,9,2,14,4
dr ur L R UR BS DL,2,14,61,9,2,14,4
dr UR L R ur BS DL,2,14,61,9,2,16,4
dr ur L UR R BS DL,2,14,61,9,2,12,3
dr UR L ur R BS DL,2,14,61,9,2,14,3
dr UR R BS L ur DL,2,14,61,9,2,10,2
dr UR R BS ur L DL,2,14,61,9,2,8,2
dr UR R L BS ur DL,2,14,61,9,2,12,4
dr ur R L UR BS DL,2,14,61,9,2,18,4
dr UR R L ur BS DL,2,14,61,9,2,12,4
dr ur R UR BS L DL,2,14,61,9,2,12,3
dr UR R ur BS L DL,2,14,61,9,2,10,3
dr ur R UR L BS DL,2,14,61,9,2,14,3
dr UR R ur L BS DL,2,14,61,9,2,12,3
dr ur UR L R BS DL,2,14,61,9,2,18,4
dr UR ur L R BS DL,2,14,61,9,2,16,4
dr ur UR R BS L DL,2,14,61,9,2,12,4
dr UR ur R BS L DL,2,14,61,9,2,14,4
dr ur UR R L BS DL,2,14,61,9,2,16,4
dr UR ur R L BS DL,2,14,61,9,2,18,4
L dr R UR BS ur DL,2,14,61,9,2,11,3
L dr R ur UR BS DL,2,14,61,9,2,17,4
L dr R UR ur BS DL,2,14,61,9,2,13,4
L dr UR R BS ur DL,2,14,61,9,2,9,2
L dr ur R UR BS DL,2,14,61,9,2,13,3
L dr UR R ur BS DL,2,14,61,9,2,11,3
L dr ur UR R BS DL,2,14,61,9,2,13,4
L dr UR ur R BS DL,2,14,61,9,2,15,4
L R dr UR BS ur DL,2,14,61,9,2,15,4
L R dr ur UR BS DL,2,14,61,9,2,19,4
L R dr UR ur BS DL,2,14,61,9,2,17,4
L R UR BS dr ur DL,2,14,61,9,2,15,4
L R UR BS ur dr DL,2,14,61,9,2,13,4
L R UR dr BS ur DL,2,14,61,9,2,13,4
L R ur dr UR BS DL,2,14,61,9,2,17,4
L R UR dr ur BS DL,2,14,61,9,2,13,4
L R ur UR BS dr DL,2,14,61,9,2,19,4
L R UR ur BS dr DL,2,14,61,9,2,15,4
L R ur UR dr BS DL,2,14,61,9,2,19,4
L R UR ur dr BS DL,2,14,61,9,2,17,4
L UR dr R BS ur DL,2,14,61,9,2,13,3
L ur dr R UR BS DL,2,14,61,9,2,13,3
L UR dr R ur BS DL,2,14,61,9,2,15,3
L ur dr UR R BS DL,2,14,61,9,2,11,3
L UR dr ur R BS DL,2,14,61,9,2,15,3
L UR R BS dr ur DL,2,14,61,9,2,13,3
L UR R BS ur dr DL,2,14,61,9,2,11,3
L UR R dr BS ur DL,2,14,61,9,2,13,3
L ur R dr UR BS DL,2,14,61,9,2,15,3
L UR R dr ur BS DL,2,14,61,9,2,13,3
L ur R UR BS dr DL,2,14,61,9,2,13,3
L UR R ur BS dr DL,2,14,61,9,2,13,3
L ur R UR dr BS DL,2,14,61,9,2,13,3
L UR R ur dr BS DL,2,14,61,9,2,15,3
L ur UR dr R BS DL,2,14,61,9,2,15,4
L UR ur dr R BS DL,2,14,61,9,2,17,4
L ur UR R BS dr DL,2,14,61,9,2,13,4
L UR ur R BS dr DL,2,14,61,9,2,17,4
L ur UR R dr BS DL,2,14,61,9,2,15,4
L UR ur R dr BS DL,2,14,61,9,2,19,4
R dr L UR BS ur DL,2,14,61,9,2,13,3
R dr L ur UR BS DL,2,14,61,9,2,15,4
R dr L UR ur BS DL,2,14,61,9,2,15,4
R dr UR BS L ur DL,2,14,61,9,2,13,3
R dr UR BS ur L DL,2,14,61,9,2,11,3
R dr UR L BS ur DL,2,14,61,9,2,13,3
R dr ur L UR BS DL,2,14,61,9,2,15,3
R dr UR L ur BS DL,2,14,61,9,2,13,3
R dr ur UR BS L DL,2,14,61,9,2,15,4
R dr UR ur BS L DL,2,14,61,9,2,13,4
R dr ur UR L BS DL,2,14,61,9,2,17,4
R dr UR ur L BS DL,2,14,61,9,2,15,4
R L dr UR BS ur DL,2,14,61,9,2,13,4
R L dr ur UR BS DL,2,14,61,9,2,17,4
R L dr UR ur BS DL,2,14,61,9,2,15,4
R L UR BS dr ur DL,2,14,61,9,2,17,4
R L UR BS ur dr DL,2,14,61,9,2,15,4
R L UR dr BS ur DL,2,14,61,9,2,15,4
R L ur dr UR BS DL,2,14,61,9,2,15,4
R L UR dr ur BS DL,2,14,61,9,2,15,4
R L ur UR BS dr DL,2,14,61,9,2,17,4
R L UR ur BS dr DL,2,14,61,9,2,17,4
R L ur UR dr BS DL,2,14,61,9,2,17,4
R L UR ur dr BS DL,2,14,61,9,2,19,4
R UR BS dr L ur DL,2,14,61,9,2,11,3
R UR BS dr ur L DL,2,14,61,9,2,11,3
R UR BS L dr ur DL,2,14,61,9,2,11,3
R UR BS L ur dr DL,2,14,61,9,2,11,3
R UR BS ur dr L DL,2,14,61,9,2,9,3
R UR BS ur L dr DL,2,14,61,9,2,9,3
R UR dr BS L ur DL,2,14,61,9,2,11,3
R UR dr BS ur L DL,2,14,61,9,2,9,3
R UR dr L BS ur DL,2,14,61,9,2,9,2
R ur dr L UR BS DL,2,14,61,9,2,15,3
R UR dr L ur BS DL,2,14,61,9,2,9,3
R ur dr UR BS L DL,2,14,61,9,2,13,3
R UR dr ur BS L DL,2,14,61,9,2,9,2
R ur dr UR L BS DL,2,14,61,9,2,15,3
R UR dr ur L BS DL,2,14,61,9,2,11,3
R UR L BS dr ur DL,2,14,61,9,2,13,3
R UR L BS ur dr DL,2,14,61,9,2,11,3
R UR L dr BS ur DL,2,14,61,9,2,11,3
R ur L dr UR BS DL,2,14,61,9,2,13,3
R UR L dr ur BS DL,2,14,61,9,2,11,3
R ur L UR BS dr DL,2,14,61,9,2,15,3
R UR L ur BS dr DL,2,14,61,9,2,11,3
R ur L UR dr BS DL,2,14,61,9,2,15,3
R UR L ur dr BS DL,2,14,61,9,2,13,3
R ur UR BS dr L DL,2,14,61,9,2,15,4
R UR ur BS dr L DL,2,14,61,9,2,11,4
R ur UR BS L dr DL,2,14,61,9,2,15,4
R UR ur BS L dr DL,2,14,61,9,2,11,4
R ur UR dr BS L DL,2,14,61,9,2,15,4
R UR ur dr BS L DL,2,14,61,9,2,13,4
R ur UR dr L BS DL,2,14,61,9,2,15,4
R UR ur dr L BS DL,2,14,61,9,2,13,4
R ur UR L BS dr DL,2,14,61,9,2,17,4
R UR ur L BS dr DL,2,14,61,9,2,13,4
R ur UR L dr BS DL,2,14,61,9,2,17,4
R UR ur L dr BS DL,2,14,61,9,2,13,4
UR dr L R BS ur DL,2,14,61,9,2,12,4
ur dr L R UR BS DL,2,14,61,9,2,14,4
UR dr L R ur BS DL,2,14,61,9,2,14,4
ur dr L UR R BS DL,2,14,61,9,2,12,3
UR dr L ur R BS DL,2,14,61,9,2,12,3
UR dr R BS L ur DL,2,14,61,9,2,12,3
UR dr R BS ur L DL,2,14,61,9,2,10,3
UR dr R L BS ur DL,2,14,61,9,2,14,4
ur dr R L UR BS DL,2,14,61,9,2,18,4
UR dr R L ur BS DL,2,14,61,9,2,14,4
ur dr R UR BS L DL,2,14,61,9,2,12,3
UR dr R ur BS L DL,2,14,61,9,2,12,3
ur dr R UR L BS DL,2,14,61,9,2,14,3
UR dr R ur L BS DL,2,14,61,9,2,14,3
ur dr UR L R BS DL,2,14,61,9,2,16,4
UR dr ur L R BS DL,2,14,61,9,2,14,4
ur dr UR R BS L DL,2,14,61,9,2,10,2
UR dr ur R BS L DL,2,14,61,9,2,12,3
ur dr UR R L BS DL,2,14,61,9,2,14,4
UR dr ur R L BS DL,2,14,61,9,2,16,4
UR L dr R BS ur DL,2,14,61,9,2,12,3
ur L dr R UR BS DL,2,14,61,9,2,12,3
UR L dr R ur BS DL,2,14,61,9,2,14,3
ur L dr UR R BS DL,2,14,61,9,2,10,3
UR L dr ur R BS DL,2,14,61,9,2,14,3
UR L R BS dr ur DL,2,14,61,9,2,16,4
UR L R BS ur dr DL,2,14,61,9,2,14,4
UR L R dr BS ur DL,2,14,61,9,2,16,4
ur L R dr UR BS DL,2,14,61,9,2,16,4
UR L R dr ur BS DL,2,14,61,9,2,16,4
ur L R UR BS dr DL,2,14,61,9,2,14,4
UR L R ur BS dr DL,2,14,61,9,2,16,4
ur L R UR dr BS DL,2,14,61,9,2,14,4
UR L R ur dr BS DL,2,14,61,9,2,18,4
ur L UR dr R BS DL,2,14,61,9,2,14,3
UR L ur dr R BS DL,2,14,61,9,2,14,3
ur L UR R BS dr DL,2,14,61,9,2,12,3
UR L ur R BS dr DL,2,14,61,9,2,14,3
ur L UR R dr BS DL,2,14,61,9,2,14,3
UR L ur R dr BS DL,2,14,61,9,2,16,3
UR R BS dr L ur DL,2,14,61,9,2,10,3
UR R BS dr ur L DL,2,14,61,9,2,10,3
UR R BS L dr ur DL,2,14,61,9,2,10,2
UR R BS L ur dr DL,2,14,61,9,2,10,2
UR R BS ur dr L DL,2,14,61,9,2,8,2
UR R BS ur L dr DL,2,14,61,9,2,8,2
UR R dr BS L ur DL,2,14,61,9,2,12,3
UR R dr BS ur L DL,2,14,61,9,2,10,3
UR R dr L BS ur DL,2,14,61,9,2,10,3
ur R dr L UR BS DL,2,14,61,9,2,16,3
UR R dr L ur BS DL,2,14,61,9,2,10,3
ur R dr UR BS L DL,2,14,61,9,2,14,3
UR R dr ur BS L DL,2,14,61,9,2,10,3
ur R dr UR L BS DL,2,14,61,9,2,16,3
UR R dr ur L BS DL,2,14,61,9,2,12,3
UR R L BS dr ur DL,2,14,61,9,2,14,4
UR R L BS ur dr DL,2,14,61,9,2,12,4
UR R L dr BS ur DL,2,14,61,9,2,12,4
ur R L dr UR BS DL,2,14,61,9,2,16,4
UR R L dr ur BS DL,2,14,61,9,2,12,4
ur R L UR BS dr DL,2,14,61,9,2,18,4
UR R L ur BS dr DL,2,14,61,9,2,12,4
ur R L UR dr BS DL,2,14,61,9,2,18,4
UR R L ur dr BS DL,2,14,61,9,2,14,4
ur R UR BS dr L DL,2,14,61,9,2,12,3
UR R ur BS dr L DL,2,14,61,9,2,10,3
ur R UR BS L dr DL,2,14,61,9,2,12,3
UR R ur BS L dr DL,2,14,61,9,2,10,3
ur R UR dr BS L DL,2,14,61,9,2,12,3
UR R ur dr BS L DL,2,14,61,9,2,12,3
ur R UR dr L BS DL,2,14,61,9,2,12,3
UR R ur dr L BS DL,2,14,61,9,2,12,3
ur R UR L BS dr DL,2,14,61,9,2,14,3
UR R ur L BS dr DL,2,14,61,9,2,12,3
ur R UR L dr BS DL,2,14,61,9,2,14,3
UR R ur L dr BS DL,2,14,61,9,2,12,3
ur UR dr L R BS DL,2,14,61,9,2,16,4
UR ur dr L R BS DL,2,14,61,9,2,16,4
ur UR dr R BS L DL,2,14,61,9,2,14,4
UR ur dr R BS L DL,2,14,61,9,2,14,4
ur UR dr R L BS DL,2,14,61,9,2,18,4
UR ur dr R L BS DL,2,14,61,9,2,18,4
ur UR L dr R BS DL,2,14,61,9,2,16,4
UR ur L dr R BS DL,2,14,61,9,2,14,4
ur UR L R BS dr DL,2,14,61,9,2,18,4
UR ur L R BS dr DL,2,14,61,9,2,16,4
ur UR L R dr BS DL,2,14,61,9,2,20,4
UR ur L R dr BS DL,2,14,61,9,2,18,4
ur UR R BS dr L DL,2,14,61,9,2,12,4
UR ur R BS dr L DL,2,14,61,9,2,14,4
ur UR R BS L dr DL,2,14,61,9,2,12,4
UR ur R BS L dr DL,2,14,61,9,2,14,4
ur UR R dr BS L DL,2,14,61,9,2,14,4
UR ur R dr BS L DL,2,14,61,9,2,16,4
ur UR R dr L BS DL,2,14,61,9,2,14,4
UR ur R dr L BS DL,2,14,61,9,2,16,4
ur UR R L BS dr DL,2,14,61,9,2,16,4
UR ur R L BS dr DL,2,14,61,9,2,18,4
ur UR R L dr BS DL,2,14,61,9,2,16,4
UR ur R L dr BS DL,2,14,61,9,2,18,4
BS DL dr UR L ur R,2,14,65,8,2,14,3
BS DL dr UR R ur L,2,14,65,8,2,12,3
BS DL dr ur UR L R,2,14,65,8,2,18,4
BS DL dr UR ur L R,2,14,65,8,2,16,4
BS DL dr ur UR R L,2,14,65,8,2,16,4
BS DL dr UR ur R L,2,14,65,8,2,18,4
BS DL UR dr L ur R,2,14,65,8,2,12,3
BS DL UR dr R ur L,2,14,65,8,2,14,3
BS DL ur dr UR L R,2,14,65,8,2,16,4
BS DL UR dr ur L R,2,14,65,8,2,14,4
BS DL ur dr UR R L,2,14,65,8,2,14,4
BS DL UR dr ur R L,2,14,65,8,2,16,4
BS DL ur L UR dr R,2,14,65,8,2,14,3
BS DL UR R dr ur L,2,14,65,8,2,12,3
BS DL UR R ur dr L,2,14,65,8,2,12,3
BS DL ur UR dr L R,2,14,65,8,2,16,4
BS DL UR ur dr L R,2,14,65,8,2,16,4
BS DL ur UR dr R L,2,14,65,8,2,18,4
BS DL UR ur dr R L,2,14,65,8,2,18,4
BS DL ur UR L dr R,2,14,65,8,2,16,4
BS DL UR ur L dr R,2,14,65,8,2,14,4
BS DL ur UR R dr L,2,14,65,8,2,14,4
BS DL UR ur R dr L,2,14,65,8,2,16,4
BS dr DL UR L ur R,2,14,65,8,2,14,3
BS dr DL UR R ur L,2,14,65,8,2,12,3
BS dr DL ur UR L R,2,14,65,8,2,18,4
BS dr DL UR ur L R,2,14,65,8,2,16,4
BS dr DL ur UR R L,2,14,65,8,2,16,4
BS dr DL UR ur R L,2,14,65,8,2,18,4
BS dr UR DL L ur R,2,14,65,8,2,12,3
BS dr UR DL R ur L,2,14,65,8,2,14,3
BS dr ur DL UR L R,2,14,65,8,2,16,4
BS dr UR DL ur L R,2,14,65,8,2,14,4
BS dr ur DL UR R L,2,14,65,8,2,14,4
BS dr UR DL ur R L,2,14,65,8,2,16,4
BS dr ur UR DL L R,2,14,65,8,2,16,4
BS dr UR ur DL L R,2,14,65,8,2,16,4
BS dr ur UR DL R L,2,14,65,8,2,18,4
BS dr UR ur DL R L,2,14,65,8,2,18,4
BS UR DL dr L ur R,2,14,65,8,2,12,3
BS UR DL dr R ur L,2,14,65,8,2,14,3
BS ur DL dr UR L R,2,14,65,8,2,14,4
BS UR DL dr ur L R,2,14,65,8,2,14,4
BS ur DL dr UR R L,2,14,65,8,2,12,4
BS UR DL dr ur R L,2,14,65,8,2,16,4
BS ur DL L UR dr R,2,14,65,8,2,12,3
BS UR DL R dr ur L,2,14,65,8,2,14,3
BS UR DL R ur dr L,2,14,65,8,2,14,3
BS ur DL UR dr L R,2,14,65,8,2,12,4
BS UR DL ur dr L R,2,14,65,8,2,14,4
BS ur DL UR dr R L,2,14,65,8,2,14,4
BS UR DL ur dr R L,2,14,65,8,2,16,4
BS ur DL UR L dr R,2,14,65,8,2,12,3
BS UR DL ur L dr R,2,14,65,8,2,12,3
BS ur DL UR R dr L,2,14,65,8,2,10,3
BS UR DL ur R dr L,2,14,65,8,2,14,3
BS UR dr DL L ur R,2,14,65,8,2,12,3
BS UR dr DL R ur L,2,14,65,8,2,14,3
BS ur dr DL UR L R,2,14,65,8,2,14,4
BS UR dr DL ur L R,2,14,65,8,2,14,4
BS ur dr DL UR R L,2,14,65,8,2,12,4
BS UR dr DL ur R L,2,14,65,8,2,16,4
BS ur dr UR DL L R,2,14,65,8,2,12,4
BS UR dr ur DL L R,2,14,65,8,2,14,4
BS ur dr UR DL R L,2,14,65,8,2,14,4
BS UR dr ur DL R L,2,14,65,8,2,16,4
BS ur UR DL dr L R,2,14,65,8,2,14,4
BS UR ur DL dr L R,2,14,65,8,2,16,4
BS ur UR DL dr R L,2,14,65,8,2,16,4
BS UR ur DL dr R L,2,14,65,8,2,18,4
BS ur UR DL L dr R,2,14,65,8,2,12,4
BS UR ur DL L dr R,2,14,65,8,2,14,4
BS ur UR DL R dr L,2,14,65,8,2,14,4
BS UR ur DL R dr L,2,14,65,8,2,16,4
BS ur UR dr DL L R,2,14,65,8,2,14,4
BS UR ur dr DL L R,2,14,65,8,2,16,4
BS ur UR dr DL R L,2,14,65,8,2,16,4
BS UR ur dr DL R L,2,14,65,8,2,18,4
DL BS dr UR L ur R,2,14,65,8,2,15,3
DL BS dr UR R ur L,2,14,65,8,2,13,3
DL BS dr ur UR L R,2,14,65,8,2,19,4
DL BS dr UR ur L R,2,14,65,8,2,17,4
DL BS dr ur UR R L,2,14,65,8,2,17,4
DL BS dr UR ur R L,2,14,65,8,2,19,4
DL BS UR dr L ur R,2,14,65,8,2,13,3
DL BS UR dr R ur L,2,14,65,8,2,15,3
DL BS ur dr UR L R,2,14,65,8,2,15,4
DL BS UR dr ur L R,2,14,65,8,2,15,4
DL BS ur dr UR R L,2,14,65,8,2,13,4
DL BS UR dr ur R L,2,14,65,8,2,17,4
DL BS ur L UR dr R,2,14,65,8,2,13,3
DL BS UR R dr ur L,2,14,65,8,2,13,3
DL BS UR R ur dr L,2,14,65,8,2,13,3
DL BS ur UR dr L R,2,14,65,8,2,15,4
DL BS UR ur dr L R,2,14,65,8,2,17,4
DL BS ur UR dr R L,2,14,65,8,2,17,4
DL BS UR ur dr R L,2,14,65,8,2,19,4
DL BS ur UR L dr R,2,14,65,8,2,15,4
DL BS UR ur L dr R,2,14,65,8,2,15,4
DL BS ur UR R dr L,2,14,65,8,2,13,4
DL BS UR ur R dr L,2,14,65,8,2,17,4
DL dr BS UR L ur R,2,14,65,8,2,15,3
DL dr BS UR R ur L,2,14,65,8,2,13,3
DL dr BS ur UR L R,2,14,65,8,2,17,4
DL dr BS UR ur L R,2,14,65,8,2,17,4
DL dr BS ur UR R L,2,14,65,8,2,15,4
DL dr BS UR ur R L,2,14,65,8,2,19,4
DL dr UR BS L ur R,2,14,65,8,2,13,3
DL dr UR BS R ur L,2,14,65,8,2,13,3
DL dr ur BS UR L R,2,14,65,8,2,15,4
DL dr UR BS ur L R,2,14,65,8,2,13,4
DL dr ur BS UR R L,2,14,65,8,2,13,4
DL dr UR BS ur R L,2,14,65,8,2,15,4
DL dr UR L BS ur R,2,14,65,8,2,13,3
DL dr UR L ur BS R,2,14,65,8,2,11,3
DL dr UR R BS ur L,2,14,65,8,2,9,2
DL dr UR R ur BS L,2,14,65,8,2,11,3
DL dr ur UR BS L R,2,14,65,8,2,17,4
DL dr UR ur BS L R,2,14,65,8,2,15,4
DL dr ur UR BS R L,2,14,65,8,2,17,4
DL dr UR ur BS R L,2,14,65,8,2,15,4
DL dr ur UR L BS R,2,14,65,8,2,15,4
DL dr UR ur L BS R,2,14,65,8,2,13,4
DL dr ur UR R BS L,2,14,65,8,2,13,4
DL dr UR ur R BS L,2,14,65,8,2,15,4
DL UR BS dr L ur R,2,14,65,8,2,13,3
DL UR BS dr R ur L,2,14,65,8,2,15,3
DL ur BS dr UR L R,2,14,65,8,2,15,4
DL UR BS dr ur L R,2,14,65,8,2,15,4
DL ur BS dr UR R L,2,14,65,8,2,13,4
DL UR BS dr ur R L,2,14,65,8,2,17,4
DL ur BS L UR dr R,2,14,65,8,2,13,3
DL UR BS R dr ur L,2,14,65,8,2,13,3
DL UR BS R ur dr L,2,14,65,8,2,13,3
DL ur BS UR dr L R,2,14,65,8,2,13,4
DL UR BS ur dr L R,2,14,65,8,2,13,4
DL ur BS UR dr R L,2,14,65,8,2,15,4
DL UR BS ur dr R L,2,14,65,8,2,15,4
DL ur BS UR L dr R,2,14,65,8,2,13,3
DL UR BS ur L dr R,2,14,65,8,2,11,3
DL ur BS UR R dr L,2,14,65,8,2,11,3
DL UR BS ur R dr L,2,14,65,8,2,13,3
DL UR dr BS L ur R,2,14,65,8,2,13,3
DL UR dr BS R ur L,2,14,65,8,2,13,3
DL ur dr BS UR L R,2,14,65,8,2,17,4
DL UR dr BS ur L R,2,14,65,8,2,13,4
DL ur dr BS UR R L,2,14,65,8,2,15,4
DL UR dr BS ur R L,2,14,65,8,2,15,4
DL UR dr L BS ur R,2,14,65,8,2,11,3
DL UR dr L ur BS R,2,14,65,8,2,9,2
DL UR dr R BS ur L,2,14,65,8,2,11,3
DL UR dr R ur BS L,2,14,65,8,2,13,3
DL ur dr UR BS L R,2,14,65,8,2,15,4
DL UR dr ur BS L R,2,14,65,8,2,13,4
DL ur dr UR BS R L,2,14,65,8,2,15,4
DL UR dr ur BS R L,2,14,65,8,2,13,4
DL ur dr UR L BS R,2,14,65,8,2,13,3
DL UR dr ur L BS R,2,14,65,8,2,11,2
DL ur dr UR R BS L,2,14,65,8,2,11,2
DL UR dr ur R BS L,2,14,65,8,2,13,3
DL UR R BS dr ur L,2,14,65,8,2,11,3
DL UR R BS ur dr L,2,14,65,8,2,9,2
DL UR R dr BS ur L,2,14,65,8,2,11,3
DL UR R dr ur BS L,2,14,65,8,2,11,3
DL UR R ur BS dr L,2,14,65,8,2,11,3
DL UR R ur dr BS L,2,14,65,8,2,13,3
DL ur UR BS dr L R,2,14,65,8,2,17,4
DL UR ur BS dr L R,2,14,65,8,2,15,4
DL ur UR BS dr R L,2,14,65,8,2,19,4
DL UR ur BS dr R L,2,14,65,8,2,17,4
DL ur UR BS L dr R,2,14,65,8,2,15,4
DL UR ur BS L dr R,2,14,65,8,2,13,4
DL ur UR BS R dr L,2,14,65,8,2,15,4
DL UR ur BS R dr L,2,14,65,8,2,13,4
DL ur UR dr BS L R,2,14,65,8,2,17,4
DL UR ur dr BS L R,2,14,65,8,2,17,4
DL ur UR dr BS R L,2,14,65,8,2,17,4
DL UR ur dr BS R L,2,14,65,8,2,17,4
DL ur UR dr L BS R,2,14,65,8,2,13,4
DL UR ur dr L BS R,2,14,65,8,2,13,4
DL ur UR dr R BS L,2,14,65,8,2,15,4
DL UR ur dr R BS L,2,14,65,8,2,15,4
DL ur UR R BS dr L,2,14,65,8,2,13,4
DL UR ur R BS dr L,2,14,65,8,2,15,4
DL ur UR R dr BS L,2,14,65,8,2,15,4
DL UR ur R dr BS L,2,14,65,8,2,17,4
dr BS DL UR L ur R,2,14,65,8,2,15,3
dr BS DL UR R ur L,2,14,65,8,2,13,3
dr BS DL ur UR L R,2,14,65,8,2,19,4
dr BS DL UR ur L R,2,14,65,8,2,17,4
dr BS DL ur UR R L,2,14,65,8,2,17,4
dr BS DL UR ur R L,2,14,65,8,2,19,4
dr BS UR DL L ur R,2,14,65,8,2,13,3
dr BS UR DL R ur L,2,14,65,8,2,15,3
dr BS ur DL UR L R,2,14,65,8,2,15,4
dr BS UR DL ur L R,2,14,65,8,2,15,4
dr BS ur DL UR R L,2,14,65,8,2,13,4
dr BS UR DL ur R L,2,14,65,8,2,17,4
dr BS ur UR DL L R,2,14,65,8,2,15,4
dr BS UR ur DL L R,2,14,65,8,2,17,4
dr BS ur UR DL R L,2,14,65,8,2,17,4
dr BS UR ur DL R L,2,14,65,8,2,19,4
dr DL BS UR L ur R,2,14,65,8,2,15,3
dr DL BS UR R ur L,2,14,65,8,2,13,3
dr DL BS ur UR L R,2,14,65,8,2,17,4
dr DL BS UR ur L R,2,14,65,8,2,17,4
dr DL BS ur UR R L,2,14,65,8,2,15,4
dr DL BS UR ur R L,2,14,65,8,2,19,4
dr DL UR BS L ur R,2,14,65,8,2,13,3
dr DL UR BS R ur L,2,14,65,8,2,13,3
dr DL ur BS UR L R,2,14,65,8,2,15,4
dr DL UR BS ur L R,2,14,65,8,2,13,4
dr DL ur BS UR R L,2,14,65,8,2,13,4
dr DL UR BS ur R L,2,14,65,8,2,15,4
dr DL UR L BS ur R,2,14,65,8,2,13,3
dr DL UR L ur BS R,2,14,65,8,2,11,3
dr DL UR R BS ur L,2,14,65,8,2,9,2
dr DL UR R ur BS L,2,14,65,8,2,11,3
dr DL ur UR BS L R,2,14,65,8,2,17,4
dr DL UR ur BS L R,2,14,65,8,2,15,4
dr DL ur UR BS R L,2,14,65,8,2,17,4
dr DL UR ur BS R L,2,14,65,8,2,15,4
dr DL ur UR L BS R,2,14,65,8,2,15,4
dr DL UR ur L BS R,2,14,65,8,2,13,4
dr DL ur UR R BS L,2,14,65,8,2,13,4
dr DL UR ur R BS L,2,14,65,8,2,15,4
dr UR BS DL L ur R,2,14,65,8,2,13,3
dr UR BS DL R ur L,2,14,65,8,2,15,3
dr ur BS DL UR L R,2,14,65,8,2,15,4
dr UR BS DL ur L R,2,14,65,8,2,15,4
dr ur BS DL UR R L,2,14,65,8,2,13,4
dr UR BS DL ur R L,2,14,65,8,2,17,4
dr ur BS UR DL L R,2,14,65,8,2,13,4
dr UR BS ur DL L R,2,14,65,8,2,13,4
dr ur BS UR DL R L,2,14,65,8,2,15,4
dr UR BS ur DL R L,2,14,65,8,2,15,4
dr UR DL BS L ur R,2,14,65,8,2,13,3
dr UR DL BS R ur L,2,14,65,8,2,13,3
dr ur DL BS UR L R,2,14,65,8,2,17,4
dr UR DL BS ur L R,2,14,65,8,2,13,4
dr ur DL BS UR R L,2,14,65,8,2,15,4
dr UR DL BS ur R L,2,14,65,8,2,15,4
dr UR DL L BS ur R,2,14,65,8,2,11,3
dr UR DL L ur BS R,2,14,65,8,2,9,2
dr UR DL R BS ur L,2,14,65,8,2,11,3
dr UR DL R ur BS L,2,14,65,8,2,13,3
dr ur DL UR BS L R,2,14,65,8,2,15,4
dr UR DL ur BS L R,2,14,65,8,2,13,4
dr ur DL UR BS R L,2,14,65,8,2,15,4
dr UR DL ur BS R L,2,14,65,8,2,13,4
dr ur DL UR L BS R,2,14,65,8,2,13,3
dr UR DL ur L BS R,2,14,65,8,2,11,2
dr ur DL UR R BS L,2,14,65,8,2,11,2
dr UR DL ur R BS L,2,14,65,8,2,13,3
dr ur UR BS DL L R,2,14,65,8,2,17,4
dr UR ur BS DL L R,2,14,65,8,2,15,4
dr ur UR BS DL R L,2,14,65,8,2,19,4
dr UR ur BS DL R L,2,14,65,8,2,17,4
dr ur UR DL BS L R,2,14,65,8,2,17,4
dr UR ur DL BS L R,2,14,65,8,2,17,4
dr ur UR DL BS R L,2,14,65,8,2,17,4
dr UR ur DL BS R L,2,14,65,8,2,17,4
dr ur UR DL L BS R,2,14,65,8,2,13,4
dr UR ur DL L BS R,2,14,65,8,2,13,4
dr ur UR DL R BS L,2,14,65,8,2,15,4
dr UR ur DL R BS L,2,14,65,8,2,15,4
UR BS DL dr L ur R,2,14,65,8,2,13,3
UR BS DL dr R ur L,2,14,65,8,2,15,3
ur BS DL dr UR L R,2,14,65,8,2,15,4
UR BS DL dr ur L R,2,14,65,8,2,15,4
ur BS DL dr UR R L,2,14,65,8,2,13,4
UR BS DL dr ur R L,2,14,65,8,2,17,4
ur BS DL L UR dr R,2,14,65,8,2,13,3
UR BS DL R dr ur L,2,14,65,8,2,15,3
UR BS DL R ur dr L,2,14,65,8,2,15,3
ur BS DL UR dr L R,2,14,65,8,2,13,4
UR BS DL ur dr L R,2,14,65,8,2,15,4
ur BS DL UR dr R L,2,14,65,8,2,15,4
UR BS DL ur dr R L,2,14,65,8,2,17,4
ur BS DL UR L dr R,2,14,65,8,2,13,3
UR BS DL ur L dr R,2,14,65,8,2,13,3
ur BS DL UR R dr L,2,14,65,8,2,11,3
UR BS DL ur R dr L,2,14,65,8,2,15,3
UR BS dr DL L ur R,2,14,65,8,2,13,3
UR BS dr DL R ur L,2,14,65,8,2,15,3
ur BS dr DL UR L R,2,14,65,8,2,15,4
UR BS dr DL ur L R,2,14,65,8,2,15,4
ur BS dr DL UR R L,2,14,65,8,2,13,4
UR BS dr DL ur R L,2,14,65,8,2,17,4
ur BS dr UR DL L R,2,14,65,8,2,13,4
UR BS dr ur DL L R,2,14,65,8,2,15,4
ur BS dr UR DL R L,2,14,65,8,2,15,4
UR BS dr ur DL R L,2,14,65,8,2,17,4
ur BS UR DL dr L R,2,14,65,8,2,13,4
UR BS ur DL dr L R,2,14,65,8,2,13,4
ur BS UR DL dr R L,2,14,65,8,2,15,4
UR BS ur DL dr R L,2,14,65,8,2,15,4
ur BS UR DL L dr R,2,14,65,8,2,11,3
UR BS ur DL L dr R,2,14,65,8,2,11,3
ur BS UR DL R dr L,2,14,65,8,2,13,3
UR BS ur DL R dr L,2,14,65,8,2,13,3
ur BS UR dr DL L R,2,14,65,8,2,13,4
UR BS ur dr DL L R,2,14,65,8,2,13,4
ur BS UR dr DL R L,2,14,65,8,2,15,4
UR BS ur dr DL R L,2,14,65,8,2,15,4
UR DL BS dr L ur R,2,14,65,8,2,13,3
UR DL BS dr R ur L,2,14,65,8,2,15,3
ur DL BS dr UR L R,2,14,65,8,2,17,4
UR DL BS dr ur L R,2,14,65,8,2,15,4
ur DL BS dr UR R L,2,14,65,8,2,15,4
UR DL BS dr ur R L,2,14,65,8,2,17,4
ur DL BS L UR dr R,2,14,65,8,2,15,3
UR DL BS R dr ur L,2,14,65,8,2,13,3
UR DL BS R ur dr L,2,14,65,8,2,13,3
ur DL BS UR dr L R,2,14,65,8,2,15,4
UR DL BS ur dr L R,2,14,65,8,2,13,4
ur DL BS UR dr R L,2,14,65,8,2,17,4
UR DL BS ur dr R L,2,14,65,8,2,15,4
ur DL BS UR L dr R,2,14,65,8,2,15,3
UR DL BS ur L dr R,2,14,65,8,2,11,3
ur DL BS UR R dr L,2,14,65,8,2,13,3
UR DL BS ur R dr L,2,14,65,8,2,13,3
UR DL dr BS L ur R,2,14,65,8,2,13,3
UR DL dr BS R ur L,2,14,65,8,2,13,3
ur DL dr BS UR L R,2,14,65,8,2,17,4
UR DL dr BS ur L R,2,14,65,8,2,13,4
ur DL dr BS UR R L,2,14,65,8,2,15,4
UR DL dr BS ur R L,2,14,65,8,2,15,4
UR DL dr L BS ur R,2,14,65,8,2,11,3
UR DL dr L ur BS R,2,14,65,8,2,9,2
UR DL dr R BS ur L,2,14,65,8,2,11,3
UR DL dr R ur BS L,2,14,65,8,2,13,3
ur DL dr UR BS L R,2,14,65,8,2,15,4
UR DL dr ur BS L R,2,14,65,8,2,13,4
ur DL dr UR BS R L,2,14,65,8,2,15,4
UR DL dr ur BS R L,2,14,65,8,2,13,4
ur DL dr UR L BS R,2,14,65,8,2,13,3
UR DL dr ur L BS R,2,14,65,8,2,11,2
ur DL dr UR R BS L,2,14,65,8,2,11,2
UR DL dr ur R BS L,2,14,65,8,2,13,3
UR DL R BS dr ur L,2,14,65,8,2,13,3
UR DL R BS ur dr L,2,14,65,8,2,11,3
UR DL R dr BS ur L,2,14,65,8,2,13,3
UR DL R dr ur BS L,2,14,65,8,2,13,3
UR DL R ur BS dr L,2,14,65,8,2,13,3
UR DL R ur dr BS L,2,14,65,8,2,15,3
ur DL UR BS dr L R,2,14,65,8,2,15,4
UR DL ur BS dr L R,2,14,65,8,2,13,4
ur DL UR BS dr R L,2,14,65,8,2,17,4
UR DL ur BS dr R L,2,14,65,8,2,15,4
ur DL UR BS L dr R,2,14,65,8,2,13,3
UR DL ur BS L dr R,2,14,65,8,2,11,3
ur DL UR BS R dr L,2,14,65,8,2,13,3
UR DL ur BS R dr L,2,14,65,8,2,11,3
ur DL UR dr BS L R,2,14,65,8,2,15,4
UR DL ur dr BS L R,2,14,65,8,2,15,4
ur DL UR dr BS R L,2,14,65,8,2,15,4
UR DL ur dr BS R L,2,14,65,8,2,15,4
ur DL UR dr L BS R,2,14,65,8,2,11,2
UR DL ur dr L BS R,2,14,65,8,2,11,2
ur DL UR dr R BS L,2,14,65,8,2,13,3
UR DL ur dr R BS L,2,14,65,8,2,13,3
ur DL UR R BS dr L,2,14,65,8,2,11,3
UR DL ur R BS dr L,2,14,65,8,2,13,3
ur DL UR R dr BS L,2,14,65,8,2,13,3
UR DL ur R dr BS L,2,14,65,8,2,15,3
UR dr BS DL L ur R,2,14,65,8,2,13,3
UR dr BS DL R ur L,2,14,65,8,2,15,3
ur dr BS DL UR L R,2,14,65,8,2,17,4
UR dr BS DL ur L R,2,14,65,8,2,15,4
ur dr BS DL UR R L,2,14,65,8,2,15,4
UR dr BS DL ur R L,2,14,65,8,2,17,4
ur dr BS UR DL L R,2,14,65,8,2,15,4
UR dr BS ur DL L R,2,14,65,8,2,13,4
ur dr BS UR DL R L,2,14,65,8,2,17,4
UR dr BS ur DL R L,2,14,65,8,2,15,4
UR dr DL BS L ur R,2,14,65,8,2,13,3
UR dr DL BS R ur L,2,14,65,8,2,13,3
ur dr DL BS UR L R,2,14,65,8,2,17,4
UR dr DL BS ur L R,2,14,65,8,2,13,4
ur dr DL BS UR R L,2,14,65,8,2,15,4
UR dr DL BS ur R L,2,14,65,8,2,15,4
UR dr DL L BS ur R,2,14,65,8,2,11,3
UR dr DL L ur BS R,2,14,65,8,2,9,2
UR dr DL R BS ur L,2,14,65,8,2,11,3
UR dr DL R ur BS L,2,14,65,8,2,13,3
ur dr DL UR BS L R,2,14,65,8,2,15,4
UR dr DL ur BS L R,2,14,65,8,2,13,4
ur dr DL UR BS R L,2,14,65,8,2,15,4
UR dr DL ur BS R L,2,14,65,8,2,13,4
ur dr DL UR L BS R,2,14,65,8,2,13,3
UR dr DL ur L BS R,2,14,65,8,2,11,2
ur dr DL UR R BS L,2,14,65,8,2,11,2
UR dr DL ur R BS L,2,14,65,8,2,13,3
ur dr UR BS DL L R,2,14,65,8,2,15,4
UR dr ur BS DL L R,2,14,65,8,2,13,4
ur dr UR BS DL R L,2,14,65,8,2,17,4
UR dr ur BS DL R L,2,14,65,8,2,15,4
ur dr UR DL BS L R,2,14,65,8,2,15,4
UR dr ur DL BS L R,2,14,65,8,2,15,4
ur dr UR DL BS R L,2,14,65,8,2,15,4
UR dr ur DL BS R L,2,14,65,8,2,15,4
ur dr UR DL L BS R,2,14,65,8,2,11,2
UR dr ur DL L BS R,2,14,65,8,2,11,2
ur dr UR DL R BS L,2,14,65,8,2,13,3
UR dr ur DL R BS L,2,14,65,8,2,13,3
ur UR BS DL dr L R,2,14,65,8,2,17,4
UR ur BS DL dr L R,2,14,65,8,2,15,4
ur UR BS DL dr R L,2,14,65,8,2,19,4
UR ur BS DL dr R L,2,14,65,8,2,17,4
ur UR BS DL L dr R,2,14,65,8,2,15,4
UR ur BS DL L dr R,2,14,65,8,2,13,4
ur UR BS DL R dr L,2,14,65,8,2,17,4
UR ur BS DL R dr L,2,14,65,8,2,15,4
ur UR BS dr DL L R,2,14,65,8,2,17,4
UR ur BS dr DL L R,2,14,65,8,2,15,4
ur UR BS dr DL R L,2,14,65,8,2,19,4
UR ur BS dr DL R L,2,14,65,8,2,17,4
ur UR DL BS dr L R,2,14,65,8,2,17,4
UR ur DL BS dr L R,2,14,65,8,2,17,4
ur UR DL BS dr R L,2,14,65,8,2,19,4
UR ur DL BS dr R L,2,14,65,8,2,19,4
ur UR DL BS L dr R,2,14,65,8,2,15,4
UR ur DL BS L dr R,2,14,65,8,2,15,4
ur UR DL BS R dr L,2,14,65,8,2,15,4
UR ur DL BS R dr L,2,14,65,8,2,15,4
ur UR DL dr BS L R,2,14,65,8,2,17,4
UR ur DL dr BS L R,2,14,65,8,2,17,4
ur UR DL dr BS R L,2,14,65,8,2,17,4
UR ur DL dr BS R L,2,14,65,8,2,17,4
ur UR DL dr L BS R,2,14,65,8,2,13,4
UR ur DL dr L BS R,2,14,65,8,2,13,4
ur UR DL dr R BS L,2,14,65,8,2,15,4
UR ur DL dr R BS L,2,14,65,8,2,15,4
ur UR DL R BS dr L,2,14,65,8,2,15,4
UR ur DL R BS dr L,2,14,65,8,2,15,4
ur UR DL R dr BS L,2,14,65,8,2,17,4
UR ur DL R dr BS L,2,14,65,8,2,17,4
ur UR dr BS DL L R,2,14,65,8,2,17,4
UR ur dr BS DL L R,2,14,65,8,2,17,4
ur UR dr BS DL R L,2,14,65,8,2,19,4
UR ur dr BS DL R L,2,14,65,8,2,19,4
ur UR dr DL BS L R,2,14,65,8,2,17,4
UR ur dr DL BS L R,2,14,65,8,2,17,4
ur UR dr DL BS R L,2,14,65,8,2,17,4
UR ur dr DL BS R L,2,14,65,8,2,17,4
ur UR dr DL L BS R,2,14,65,8,2,13,4
UR ur dr DL L BS R,2,14,65,8,2,13,4
ur UR dr DL R BS L,2,14,65,8,2,15,4
UR ur dr DL R BS L,2,14,65,8,2,15,4
BS DL L UR dr ur R,2,14,69,9,2,14,3
BS DL L ur UR dr R,2,14,69,9,2,14,4
BS DL L UR ur dr R,2,14,69,9,2,16,4
BS DL UR L dr ur R,2,14,69,9,2,14,3
BS DL UR L ur dr R,2,14,69,9,2,14,3
BS L DL UR dr ur R,2,14,69,9,2,12,3
BS L DL ur UR dr R,2,14,69,9,2,14,4
BS L DL UR ur dr R,2,14,69,9,2,14,4
BS L UR DL dr ur R,2,14,69,9,2,14,3
BS L UR DL ur dr R,2,14,69,9,2,14,3
BS UR DL L dr ur R,2,14,69,9,2,12,3
BS UR DL L ur dr R,2,14,69,9,2,12,3
BS UR L DL dr ur R,2,14,69,9,2,14,3
BS UR L DL ur dr R,2,14,69,9,2,14,3
DL BS L UR dr ur R,2,14,69,9,2,15,3
DL BS L ur UR dr R,2,14,69,9,2,15,4
DL BS L UR ur dr R,2,14,69,9,2,17,4
DL BS UR L dr ur R,2,14,69,9,2,15,3
DL BS UR L ur dr R,2,14,69,9,2,15,3
DL L BS UR dr ur R,2,14,69,9,2,13,3
DL L BS ur UR dr R,2,14,69,9,2,13,4
DL L BS UR ur dr R,2,14,69,9,2,15,4
DL L UR BS dr ur R,2,14,69,9,2,15,3
DL L ur BS UR dr R,2,14,69,9,2,11,3
DL L UR BS ur dr R,2,14,69,9,2,13,3
DL L UR dr BS ur R,2,14,69,9,2,13,3
DL L UR dr ur BS R,2,14,69,9,2,11,3
DL L ur UR BS dr R,2,14,69,9,2,15,4
DL L UR ur BS dr R,2,14,69,9,2,15,4
DL L ur UR dr BS R,2,14,69,9,2,13,4
DL L UR ur dr BS R,2,14,69,9,2,15,4
DL UR BS L dr ur R,2,14,69,9,2,13,3
DL UR BS L ur dr R,2,14,69,9,2,13,3
DL UR L BS dr ur R,2,14,69,9,2,15,3
DL ur L BS UR dr R,2,14,69,9,2,13,3
DL UR L BS ur dr R,2,14,69,9,2,13,3
DL UR L dr BS ur R,2,14,69,9,2,13,3
DL UR L dr ur BS R,2,14,69,9,2,11,3
DL ur L UR BS dr R,2,14,69,9,2,15,3
DL UR L ur BS dr R,2,14,69,9,2,13,3
DL ur L UR dr BS R,2,14,69,9,2,13,3
DL UR L ur dr BS R,2,14,69,9,2,13,3
DL ur UR L BS dr R,2,14,69,9,2,17,4
DL UR ur L BS dr R,2,14,69,9,2,15,4
DL ur UR L dr BS R,2,14,69,9,2,15,4
DL UR ur L dr BS R,2,14,69,9,2,13,4
L BS DL UR dr ur R,2,14,69,9,2,14,3
L BS DL ur UR dr R,2,14,69,9,2,16,4
L BS DL UR ur dr R,2,14,69,9,2,16,4
L BS UR DL dr ur R,2,14,69,9,2,14,3
L BS UR DL ur dr R,2,14,69,9,2,14,3
L DL BS UR dr ur R,2,14,69,9,2,14,3
L DL BS ur UR dr R,2,14,69,9,2,14,4
L DL BS UR ur dr R,2,14,69,9,2,16,4
L DL UR BS dr ur R,2,14,69,9,2,14,3
L DL ur BS UR dr R,2,14,69,9,2,12,3
L DL UR BS ur dr R,2,14,69,9,2,12,3
L DL UR dr BS ur R,2,14,69,9,2,12,3
L DL UR dr ur BS R,2,14,69,9,2,10,2
L DL ur UR BS dr R,2,14,69,9,2,16,4
L DL UR ur BS dr R,2,14,69,9,2,14,4
L DL ur UR dr BS R,2,14,69,9,2,14,4
L DL UR ur dr BS R,2,14,69,9,2,14,4
L UR BS DL dr ur R,2,14,69,9,2,16,3
L UR BS DL ur dr R,2,14,69,9,2,16,3
L UR DL BS dr ur R,2,14,69,9,2,16,3
L ur DL BS UR dr R,2,14,69,9,2,14,3
L UR DL BS ur dr R,2,14,69,9,2,14,3
L UR DL dr BS ur R,2,14,69,9,2,14,3
L UR DL dr ur BS R,2,14,69,9,2,12,3
L ur DL UR BS dr R,2,14,69,9,2,14,3
L UR DL ur BS dr R,2,14,69,9,2,14,3
L ur DL UR dr BS R,2,14,69,9,2,12,3
L UR DL ur dr BS R,2,14,69,9,2,14,3
L ur UR DL BS dr R,2,14,69,9,2,16,4
L UR ur DL BS dr R,2,14,69,9,2,18,4
L ur UR DL dr BS R,2,14,69,9,2,14,4
L UR ur DL dr BS R,2,14,69,9,2,16,4
UR BS DL L dr ur R,2,14,69,9,2,13,3
UR BS DL L ur dr R,2,14,69,9,2,13,3
UR BS L DL dr ur R,2,14,69,9,2,13,3
UR BS L DL ur dr R,2,14,69,9,2,13,3
UR DL BS L dr ur R,2,14,69,9,2,13,3
UR DL BS L ur dr R,2,14,69,9,2,13,3
UR DL L BS dr ur R,2,14,69,9,2,13,3
ur DL L BS UR dr R,2,14,69,9,2,13,3
UR DL L BS ur dr R,2,14,69,9,2,11,3
UR DL L dr BS ur R,2,14,69,9,2,11,3
UR DL L dr ur BS R,2,14,69,9,2,9,2
ur DL L UR BS dr R,2,14,69,9,2,15,3
UR DL L ur BS dr R,2,14,69,9,2,11,3
ur DL L UR dr BS R,2,14,69,9,2,13,3
UR DL L ur dr BS R,2,14,69,9,2,11,3
ur DL UR L BS dr R,2,14,69,9,2,15,3
UR DL ur L BS dr R,2,14,69,9,2,13,3
ur DL UR L dr BS R,2,14,69,9,2,13,3
UR DL ur L dr BS R,2,14,69,9,2,11,3
UR L BS DL dr ur R,2,14,69,9,2,15,3
UR L BS DL ur dr R,2,14,69,9,2,15,3
UR L DL BS dr ur R,2,14,69,9,2,15,3
ur L DL BS UR dr R,2,14,69,9,2,13,3
UR L DL BS ur dr R,2,14,69,9,2,13,3
UR L DL dr BS ur R,2,14,69,9,2,13,3
UR L DL dr ur BS R,2,14,69,9,2,11,3
ur L DL UR BS dr R,2,14,69,9,2,13,3
UR L DL ur BS dr R,2,14,69,9,2,13,3
ur L DL UR dr BS R,2,14,69,9,2,11,3
UR L DL ur dr BS R,2,14,69,9,2,13,3
ur L UR DL BS dr R,2,14,69,9,2,15,3
UR L ur DL BS dr R,2,14,69,9,2,15,3
ur L UR DL dr BS R,2,14,69,9,2,13,3
UR L ur DL dr BS R,2,14,69,9,2,13,3
ur UR DL L BS dr R,2,14,69,9,2,15,4
UR ur DL L BS dr R,2,14,69,9,2,15,4
ur UR DL L dr BS R,2,14,69,9,2,13,4
UR ur DL L dr BS R,2,14,69,9,2,13,4
ur UR L DL BS dr R,2,14,69,9,2,17,4
UR ur L DL BS dr R,2,14,69,9,2,15,4
ur UR L DL dr BS R,2,14,69,9,2,15,4
UR ur L DL dr BS R,2,14,69,9,2,13,4
