order,min_memo,max_memo,sum_memo,memorized,d_moves,pin_changes,max_pin_changes
FS R UR DL ur L dr,2,9,24,5,2,9,2
FS R ur UR DL L dr,2,9,24,5,2,13,4
FS R UR ur DL L dr,2,9,24,5,2,11,4
FS ur R UR DL L dr,2,9,24,5,2,11,3
R FS UR DL ur L dr,2,9,24,5,2,9,2
R FS ur UR DL L dr,2,9,24,5,2,13,4
R FS UR ur DL L dr,2,9,24,5,2,11,4
R UR FS DL ur L dr,2,9,24,5,2,7,2
R ur FS UR DL L dr,2,9,24,5,2,11,3
R UR FS ur DL L dr,2,9,24,5,2,9,3
R ur UR FS DL L dr,2,9,24,5,2,11,4
R UR ur FS DL L dr,2,9,24,5,2,11,4
ur FS R UR DL L dr,2,9,24,5,2,10,3
ur R FS UR DL L dr,2,9,24,5,2,10,3
ur R UR FS DL L dr,2,9,24,5,2,8,3
FS UR R DL ur L dr,2,9,26,5,2,9,3
FS UR R ur DL L dr,2,9,26,5,2,9,3
FS ur UR R DL L dr,2,9,26,5,2,13,4
FS UR ur R DL L dr,2,9,26,5,2,13,4
UR FS R DL ur L dr,2,9,26,5,2,10,3
UR FS R ur DL L dr,2,9,26,5,2,10,3
ur FS UR R DL L dr,2,9,26,5,2,10,3
UR FS ur R DL L dr,2,9,26,5,2,12,3
UR R FS DL ur L dr,2,9,26,5,2,8,2
UR R FS ur DL L dr,2,9,26,5,2,10,3
UR R ur FS DL L dr,2,9,26,5,2,10,3
ur UR FS R DL L dr,2,9,26,5,2,12,4
UR ur FS R DL L dr,2,9,26,5,2,14,4
ur UR R FS DL L dr,2,9,26,5,2,10,4
UR ur R FS DL L dr,2,9,26,5,2,12,4
dr L R ur DL UR FS,2,10,26,6,2,13,4
dr L R ur UR DL FS,2,10,26,6,2,15,4
dr L R UR ur DL FS,2,10,26,6,2,13,4
dr L ur DL R UR FS,2,10,26,6,2,9,3
dr L ur R DL UR FS,2,10,26,6,2,11,3
dr L ur R UR DL FS,2,10,26,6,2,9,3
dr R L ur DL UR FS,2,10,26,6,2,13,4
dr R L ur UR DL FS,2,10,26,6,2,15,4
dr R L UR ur DL FS,2,10,26,6,2,17,4
dr R ur L DL UR FS,2,10,26,6,2,11,3
dr R ur L UR DL FS,2,10,26,6,2,13,3
dr R UR L ur DL FS,2,10,26,6,2,11,3
dr R ur UR L DL FS,2,10,26,6,2,15,4
dr R UR ur L DL FS,2,10,26,6,2,11,4
dr ur L DL R UR FS,2,10,26,6,2,9,3
dr ur L R DL UR FS,2,10,26,6,2,13,4
dr ur L R UR DL FS,2,10,26,6,2,11,4
dr ur R L DL UR FS,2,10,26,6,2,13,4
dr ur R L UR DL FS,2,10,26,6,2,15,4
dr ur R UR L DL FS,2,10,26,6,2,11,3
L dr R ur DL UR FS,2,10,26,6,2,12,3
L dr R ur UR DL FS,2,10,26,6,2,14,4
L dr R UR ur DL FS,2,10,26,6,2,12,4
L dr ur DL R UR FS,2,10,26,6,2,10,3
L dr ur R DL UR FS,2,10,26,6,2,12,3
L dr ur R UR DL FS,2,10,26,6,2,10,3
L R dr ur DL UR FS,2,10,26,6,2,14,4
L R dr ur UR DL FS,2,10,26,6,2,16,4
L R dr UR ur DL FS,2,10,26,6,2,16,4
L R ur DL dr UR FS,2,10,26,6,2,14,4
L R ur DL UR dr FS,2,10,26,6,2,14,4
L R ur dr DL UR FS,2,10,26,6,2,14,4
L R ur dr UR DL FS,2,10,26,6,2,14,4
L R UR dr ur DL FS,2,10,26,6,2,12,4
L R ur UR DL dr FS,2,10,26,6,2,16,4
L R UR ur DL dr FS,2,10,26,6,2,14,4
L R ur UR dr DL FS,2,10,26,6,2,16,4
L R UR ur dr DL FS,2,10,26,6,2,14,4
L ur DL dr R UR FS,2,10,26,6,2,10,3
L ur DL R dr UR FS,2,10,26,6,2,12,3
L ur DL R UR dr FS,2,10,26,6,2,10,3
L ur dr DL R UR FS,2,10,26,6,2,10,3
L ur dr R DL UR FS,2,10,26,6,2,12,3
L ur dr R UR DL FS,2,10,26,6,2,10,3
L ur R DL dr UR FS,2,10,26,6,2,12,3
L ur R DL UR dr FS,2,10,26,6,2,12,3
L ur R dr DL UR FS,2,10,26,6,2,12,3
L ur R dr UR DL FS,2,10,26,6,2,12,3
L ur R UR DL dr FS,2,10,26,6,2,10,3
L ur R UR dr DL FS,2,10,26,6,2,10,3
R dr L ur DL UR FS,2,10,26,6,2,10,3
R dr L ur UR DL FS,2,10,26,6,2,12,4
R dr L UR ur DL FS,2,10,26,6,2,14,4
R dr ur L DL UR FS,2,10,26,6,2,10,3
R dr ur L UR DL FS,2,10,26,6,2,12,3
R dr UR L ur DL FS,2,10,26,6,2,12,3
R dr ur UR L DL FS,2,10,26,6,2,14,4
R dr UR ur L DL FS,2,10,26,6,2,12,4
R L dr ur DL UR FS,2,10,26,6,2,12,4
R L dr ur UR DL FS,2,10,26,6,2,14,4
R L dr UR ur DL FS,2,10,26,6,2,14,4
R L ur DL dr UR FS,2,10,26,6,2,12,4
R L ur DL UR dr FS,2,10,26,6,2,12,4
R L ur dr DL UR FS,2,10,26,6,2,12,4
R L ur dr UR DL FS,2,10,26,6,2,12,4
R L UR dr ur DL FS,2,10,26,6,2,14,4
R L ur UR DL dr FS,2,10,26,6,2,14,4
R L UR ur DL dr FS,2,10,26,6,2,16,4
R L ur UR dr DL FS,2,10,26,6,2,14,4
R L UR ur dr DL FS,2,10,26,6,2,16,4
R ur dr L DL UR FS,2,10,26,6,2,10,3
R ur dr L UR DL FS,2,10,26,6,2,12,3
R UR dr L ur DL FS,2,10,26,6,2,8,2
R ur dr UR L DL FS,2,10,26,6,2,12,3
R UR dr ur L DL FS,2,10,26,6,2,8,2
R ur L DL dr UR FS,2,10,26,6,2,10,3
R ur L DL UR dr FS,2,10,26,6,2,10,3
R ur L dr DL UR FS,2,10,26,6,2,10,3
R ur L dr UR DL FS,2,10,26,6,2,10,3
R UR L dr ur DL FS,2,10,26,6,2,10,3
R ur L UR DL dr FS,2,10,26,6,2,12,3
R UR L ur DL dr FS,2,10,26,6,2,10,3
R ur L UR dr DL FS,2,10,26,6,2,12,3
R UR L ur dr DL FS,2,10,26,6,2,10,3
R ur UR dr L DL FS,2,10,26,6,2,12,4
R UR ur dr L DL FS,2,10,26,6,2,10,4
R ur UR L DL dr FS,2,10,26,6,2,14,4
R UR ur L DL dr FS,2,10,26,6,2,10,4
R ur UR L dr DL FS,2,10,26,6,2,14,4
R UR ur L dr DL FS,2,10,26,6,2,10,4
ur dr L DL R UR FS,2,10,26,6,2,9,3
ur dr L R DL UR FS,2,10,26,6,2,13,4
ur dr L R UR DL FS,2,10,26,6,2,11,4
ur dr R L DL UR FS,2,10,26,6,2,13,4
ur dr R L UR DL FS,2,10,26,6,2,15,4
ur dr R UR L DL FS,2,10,26,6,2,11,3
ur L DL dr R UR FS,2,10,26,6,2,9,3
ur L DL R dr UR FS,2,10,26,6,2,11,3
ur L DL R UR dr FS,2,10,26,6,2,9,3
ur L dr DL R UR FS,2,10,26,6,2,9,3
ur L dr R DL UR FS,2,10,26,6,2,11,3
ur L dr R UR DL FS,2,10,26,6,2,9,3
ur L R DL dr UR FS,2,10,26,6,2,13,4
ur L R DL UR dr FS,2,10,26,6,2,13,4
ur L R dr DL UR FS,2,10,26,6,2,13,4
ur L R dr UR DL FS,2,10,26,6,2,13,4
ur L R UR DL dr FS,2,10,26,6,2,11,4
ur L R UR dr DL FS,2,10,26,6,2,11,4
ur R dr L DL UR FS,2,10,26,6,2,11,3
ur R dr L UR DL FS,2,10,26,6,2,13,3
ur R dr UR L DL FS,2,10,26,6,2,13,3
ur R L DL dr UR FS,2,10,26,6,2,13,4
ur R L DL UR dr FS,2,10,26,6,2,13,4
ur R L dr DL UR FS,2,10,26,6,2,13,4
ur R L dr UR DL FS,2,10,26,6,2,13,4
ur R L UR DL dr FS,2,10,26,6,2,15,4
ur R L UR dr DL FS,2,10,26,6,2,15,4
ur R UR dr L DL FS,2,10,26,6,2,9,3
ur R UR L DL dr FS,2,10,26,6,2,11,3
ur R UR L dr DL FS,2,10,26,6,2,11,3
dr FS R UR DL L ur,2,10,28,5,2,8,2
dr R FS UR DL L ur,2,10,28,5,2,10,3
dr R UR FS DL L ur,2,10,28,5,2,8,3
FS dr R UR DL L ur,2,10,28,5,2,9,3
FS R dr UR DL L ur,2,10,28,5,2,11,3
FS R UR DL dr L ur,2,10,28,5,2,9,2
FS R UR dr DL L ur,2,10,28,5,2,9,2
R dr FS UR DL L ur,2,10,28,5,2,9,3
R dr UR FS DL L ur,2,10,28,5,2,9,3
R FS dr UR DL L ur,2,10,28,5,2,9,2
R FS UR DL dr L ur,2,10,28,5,2,9,2
R FS UR dr DL L ur,2,10,28,5,2,9,2
R UR dr FS DL L ur,2,10,28,5,2,7,2
R UR FS DL dr L ur,2,10,28,5,2,7,2
R UR FS dr DL L ur,2,10,28,5,2,7,2
FS L R ur DL UR dr,2,9,28,6,2,15,4
FS L R UR DL ur dr,2,9,28,6,2,13,4
FS L R ur UR DL dr,2,9,28,6,2,17,4
FS L R UR ur DL dr,2,9,28,6,2,15,4
FS L ur DL R UR dr,2,9,28,6,2,11,3
FS L ur R DL UR dr,2,9,28,6,2,13,3
FS L ur R UR DL dr,2,9,28,6,2,11,3
FS R L ur DL UR dr,2,9,28,6,2,13,4
FS R L UR DL ur dr,2,9,28,6,2,15,4
FS R L ur UR DL dr,2,9,28,6,2,15,4
FS R L UR ur DL dr,2,9,28,6,2,17,4
FS R UR DL L ur dr,2,9,28,6,2,9,2
FS R ur L DL UR dr,2,9,28,6,2,11,3
FS R UR L DL ur dr,2,9,28,6,2,11,3
FS R ur L UR DL dr,2,9,28,6,2,13,3
FS R UR L ur DL dr,2,9,28,6,2,11,3
FS R ur UR L DL dr,2,9,28,6,2,15,4
FS R UR ur L DL dr,2,9,28,6,2,11,4
FS ur L DL R UR dr,2,9,28,6,2,11,3
FS ur L R DL UR dr,2,9,28,6,2,15,4
FS ur L R UR DL dr,2,9,28,6,2,13,4
FS ur R L DL UR dr,2,9,28,6,2,15,4
FS ur R L UR DL dr,2,9,28,6,2,17,4
FS ur R UR L DL dr,2,9,28,6,2,13,3
L FS R ur DL UR dr,2,9,28,6,2,13,3
L FS R UR DL ur dr,2,9,28,6,2,11,2
L FS R ur UR DL dr,2,9,28,6,2,15,4
L FS R UR ur DL dr,2,9,28,6,2,13,4
L FS ur DL R UR dr,2,9,28,6,2,13,3
L FS ur R DL UR dr,2,9,28,6,2,15,3
L FS ur R UR DL dr,2,9,28,6,2,13,3
L R FS ur DL UR dr,2,9,28,6,2,15,4
L R FS UR DL ur dr,2,9,28,6,2,13,4
L R FS ur UR DL dr,2,9,28,6,2,17,4
L R FS UR ur DL dr,2,9,28,6,2,15,4
L R ur DL FS UR dr,2,9,28,6,2,13,4
L R ur DL UR FS dr,2,9,28,6,2,13,4
L R ur FS DL UR dr,2,9,28,6,2,15,4
L R UR FS DL ur dr,2,9,28,6,2,11,4
L R ur FS UR DL dr,2,9,28,6,2,15,4
L R UR FS ur DL dr,2,9,28,6,2,13,4
L R ur UR DL FS dr,2,9,28,6,2,15,4
L R UR ur DL FS dr,2,9,28,6,2,13,4
L R ur UR FS DL dr,2,9,28,6,2,15,4
L R UR ur FS DL dr,2,9,28,6,2,15,4
L ur DL FS R UR dr,2,9,28,6,2,9,2
L ur DL R FS UR dr,2,9,28,6,2,11,3
L ur DL R UR FS dr,2,9,28,6,2,9,3
L ur FS DL R UR dr,2,9,28,6,2,11,3
L ur FS R DL UR dr,2,9,28,6,2,13,3
L ur FS R UR DL dr,2,9,28,6,2,11,3
L ur R DL FS UR dr,2,9,28,6,2,11,3
L ur R DL UR FS dr,2,9,28,6,2,11,3
L ur R FS DL UR dr,2,9,28,6,2,11,3
L ur R FS UR DL dr,2,9,28,6,2,11,3
L ur R UR DL FS dr,2,9,28,6,2,9,3
L ur R UR FS DL dr,2,9,28,6,2,9,3
R FS L ur DL UR dr,2,9,28,6,2,11,2
R FS L UR DL ur dr,2,9,28,6,2,13,3
R FS L ur UR DL dr,2,9,28,6,2,13,4
R FS L UR ur DL dr,2,9,28,6,2,15,4
R FS UR DL L ur dr,2,9,28,6,2,9,2
R FS ur L DL UR dr,2,9,28,6,2,11,3
R FS UR L DL ur dr,2,9,28,6,2,11,3
R FS ur L UR DL dr,2,9,28,6,2,13,3
R FS UR L ur DL dr,2,9,28,6,2,11,3
R FS ur UR L DL dr,2,9,28,6,2,15,4
R FS UR ur L DL dr,2,9,28,6,2,11,4
R L FS ur DL UR dr,2,9,28,6,2,15,4
R L FS UR DL ur dr,2,9,28,6,2,13,4
R L FS ur UR DL dr,2,9,28,6,2,17,4
R L FS UR ur DL dr,2,9,28,6,2,15,4
R L ur DL FS UR dr,2,9,28,6,2,11,4
R L ur DL UR FS dr,2,9,28,6,2,11,4
R L ur FS DL UR dr,2,9,28,6,2,13,4
R L UR FS DL ur dr,2,9,28,6,2,13,4
R L ur FS UR DL dr,2,9,28,6,2,13,4
R L UR FS ur DL dr,2,9,28,6,2,15,4
R L ur UR DL FS dr,2,9,28,6,2,13,4
R L UR ur DL FS dr,2,9,28,6,2,15,4
R L ur UR FS DL dr,2,9,28,6,2,13,4
R L UR ur FS DL dr,2,9,28,6,2,17,4
R UR FS DL L ur dr,2,9,28,6,2,7,2
R ur FS L DL UR dr,2,9,28,6,2,13,3
R UR FS L DL ur dr,2,9,28,6,2,9,2
R ur FS L UR DL dr,2,9,28,6,2,15,3
R UR FS L ur DL dr,2,9,28,6,2,9,2
R ur FS UR L DL dr,2,9,28,6,2,13,3
R UR FS ur L DL dr,2,9,28,6,2,9,3
R ur L DL FS UR dr,2,9,28,6,2,9,3
R ur L DL UR FS dr,2,9,28,6,2,9,3
R ur L FS DL UR dr,2,9,28,6,2,11,3
R UR L FS DL ur dr,2,9,28,6,2,11,3
R ur L FS UR DL dr,2,9,28,6,2,11,3
R UR L FS ur DL dr,2,9,28,6,2,13,3
R ur L UR DL FS dr,2,9,28,6,2,11,3
R UR L ur DL FS dr,2,9,28,6,2,9,3
R ur L UR FS DL dr,2,9,28,6,2,11,3
R UR L ur FS DL dr,2,9,28,6,2,11,3
R ur UR FS L DL dr,2,9,28,6,2,13,4
R UR ur FS L DL dr,2,9,28,6,2,13,4
R ur UR L DL FS dr,2,9,28,6,2,13,4
R UR ur L DL FS dr,2,9,28,6,2,9,4
R ur UR L FS DL dr,2,9,28,6,2,15,4
R UR ur L FS DL dr,2,9,28,6,2,11,4
ur FS L DL R UR dr,2,9,28,6,2,12,3
ur FS L R DL UR dr,2,9,28,6,2,16,4
ur FS L R UR DL dr,2,9,28,6,2,14,4
ur FS R L DL UR dr,2,9,28,6,2,14,4
ur FS R L UR DL dr,2,9,28,6,2,16,4
ur FS R UR L DL dr,2,9,28,6,2,12,3
ur L DL FS R UR dr,2,9,28,6,2,8,2
ur L DL R FS UR dr,2,9,28,6,2,10,3
ur L DL R UR FS dr,2,9,28,6,2,8,3
ur L FS DL R UR dr,2,9,28,6,2,10,3
ur L FS R DL UR dr,2,9,28,6,2,12,3
ur L FS R UR DL dr,2,9,28,6,2,10,2
ur L R DL FS UR dr,2,9,28,6,2,12,4
ur L R DL UR FS dr,2,9,28,6,2,12,4
ur L R FS DL UR dr,2,9,28,6,2,12,4
ur L R FS UR DL dr,2,9,28,6,2,12,4
ur L R UR DL FS dr,2,9,28,6,2,10,4
ur L R UR FS DL dr,2,9,28,6,2,10,4
ur R FS L DL UR dr,2,9,28,6,2,12,3
ur R FS L UR DL dr,2,9,28,6,2,14,3
ur R FS UR L DL dr,2,9,28,6,2,12,3
ur R L DL FS UR dr,2,9,28,6,2,12,4
ur R L DL UR FS dr,2,9,28,6,2,12,4
ur R L FS DL UR dr,2,9,28,6,2,14,4
ur R L FS UR DL dr,2,9,28,6,2,14,4
ur R L UR DL FS dr,2,9,28,6,2,14,4
ur R L UR FS DL dr,2,9,28,6,2,14,4
ur R UR FS L DL dr,2,9,28,6,2,10,3
ur R UR L DL FS dr,2,9,28,6,2,10,3
ur R UR L FS DL dr,2,9,28,6,2,12,3
dr L ur DL UR R FS,2,10,28,6,2,9,2
dr L UR R ur DL FS,2,10,28,6,2,11,3
dr L ur UR DL R FS,2,10,28,6,2,13,4
dr L UR ur DL R FS,2,10,28,6,2,15,4
dr L ur UR R DL FS,2,10,28,6,2,11,4
dr L UR ur R DL FS,2,10,28,6,2,15,4
dr ur L DL UR R FS,2,10,28,6,2,9,2
dr UR L R ur DL FS,2,10,28,6,2,15,4
dr ur L UR DL R FS,2,10,28,6,2,13,3
dr UR L ur DL R FS,2,10,28,6,2,13,3
dr ur L UR R DL FS,2,10,28,6,2,11,3
dr UR L ur R DL FS,2,10,28,6,2,13,3
dr UR R L ur DL FS,2,10,28,6,2,11,4
dr UR R ur L DL FS,2,10,28,6,2,9,3
dr ur UR L DL R FS,2,10,28,6,2,15,4
dr UR ur L DL R FS,2,10,28,6,2,13,4
dr ur UR L R DL FS,2,10,28,6,2,17,4
dr UR ur L R DL FS,2,10,28,6,2,15,4
dr ur UR R L DL FS,2,10,28,6,2,13,4
dr UR ur R L DL FS,2,10,28,6,2,15,4
L dr ur DL UR R FS,2,10,28,6,2,10,2
L dr UR R ur DL FS,2,10,28,6,2,10,3
L dr ur UR DL R FS,2,10,28,6,2,14,4
L dr UR ur DL R FS,2,10,28,6,2,14,4
L dr ur UR R DL FS,2,10,28,6,2,12,4
L dr UR ur R DL FS,2,10,28,6,2,14,4
L ur DL dr UR R FS,2,10,28,6,2,10,2
L ur DL UR dr R FS,2,10,28,6,2,12,3
L ur DL UR R dr FS,2,10,28,6,2,10,3
L ur dr DL UR R FS,2,10,28,6,2,10,2
L UR dr R ur DL FS,2,10,28,6,2,14,3
L ur dr UR DL R FS,2,10,28,6,2,12,3
L UR dr ur DL R FS,2,10,28,6,2,14,3
L ur dr UR R DL FS,2,10,28,6,2,10,3
L UR dr ur R DL FS,2,10,28,6,2,14,3
L UR R dr ur DL FS,2,10,28,6,2,12,3
L UR R ur DL dr FS,2,10,28,6,2,12,3
L UR R ur dr DL FS,2,10,28,6,2,12,3
L ur UR DL dr R FS,2,10,28,6,2,14,4
L UR ur DL dr R FS,2,10,28,6,2,16,4
L ur UR DL R dr FS,2,10,28,6,2,14,4
L UR ur DL R dr FS,2,10,28,6,2,16,4
L ur UR dr DL R FS,2,10,28,6,2,14,4
L UR ur dr DL R FS,2,10,28,6,2,16,4
L ur UR dr R DL FS,2,10,28,6,2,14,4
L UR ur dr R DL FS,2,10,28,6,2,16,4
L ur UR R DL dr FS,2,10,28,6,2,12,4
L UR ur R DL dr FS,2,10,28,6,2,16,4
L ur UR R dr DL FS,2,10,28,6,2,12,4
L UR ur R dr DL FS,2,10,28,6,2,16,4
ur dr L DL UR R FS,2,10,28,6,2,9,2
UR dr L R ur DL FS,2,10,28,6,2,13,4
ur dr L UR DL R FS,2,10,28,6,2,13,3
UR dr L ur DL R FS,2,10,28,6,2,11,3
ur dr L UR R DL FS,2,10,28,6,2,11,3
UR dr L ur R DL FS,2,10,28,6,2,11,3
UR dr R L ur DL FS,2,10,28,6,2,13,4
UR dr R ur L DL FS,2,10,28,6,2,11,3
ur dr UR L DL R FS,2,10,28,6,2,13,3
UR dr ur L DL R FS,2,10,28,6,2,11,3
ur dr UR L R DL FS,2,10,28,6,2,15,4
UR dr ur L R DL FS,2,10,28,6,2,13,4
ur dr UR R L DL FS,2,10,28,6,2,11,4
UR dr ur R L DL FS,2,10,28,6,2,13,4
ur L DL dr UR R FS,2,10,28,6,2,9,2
ur L DL UR dr R FS,2,10,28,6,2,11,3
ur L DL UR R dr FS,2,10,28,6,2,9,3
ur L dr DL UR R FS,2,10,28,6,2,9,2
UR L dr R ur DL FS,2,10,28,6,2,13,3
ur L dr UR DL R FS,2,10,28,6,2,11,3
UR L dr ur DL R FS,2,10,28,6,2,13,3
ur L dr UR R DL FS,2,10,28,6,2,9,3
UR L dr ur R DL FS,2,10,28,6,2,13,3
UR L R dr ur DL FS,2,10,28,6,2,15,4
UR L R ur DL dr FS,2,10,28,6,2,15,4
UR L R ur dr DL FS,2,10,28,6,2,15,4
ur L UR DL dr R FS,2,10,28,6,2,13,3
UR L ur DL dr R FS,2,10,28,6,2,13,3
ur L UR DL R dr FS,2,10,28,6,2,13,3
UR L ur DL R dr FS,2,10,28,6,2,13,3
ur L UR dr DL R FS,2,10,28,6,2,13,3
UR L ur dr DL R FS,2,10,28,6,2,13,3
ur L UR dr R DL FS,2,10,28,6,2,13,3
UR L ur dr R DL FS,2,10,28,6,2,13,3
ur L UR R DL dr FS,2,10,28,6,2,11,3
UR L ur R DL dr FS,2,10,28,6,2,13,3
ur L UR R dr DL FS,2,10,28,6,2,11,3
UR L ur R dr DL FS,2,10,28,6,2,13,3
UR R dr L ur DL FS,2,10,28,6,2,9,3
UR R dr ur L DL FS,2,10,28,6,2,9,3
UR R L dr ur DL FS,2,10,28,6,2,11,4
UR R L ur DL dr FS,2,10,28,6,2,11,4
UR R L ur dr DL FS,2,10,28,6,2,11,4
UR R ur dr L DL FS,2,10,28,6,2,9,3
UR R ur L DL dr FS,2,10,28,6,2,9,3
UR R ur L dr DL FS,2,10,28,6,2,9,3
ur UR dr L DL R FS,2,10,28,6,2,13,4
UR ur dr L DL R FS,2,10,28,6,2,13,4
ur UR dr L R DL FS,2,10,28,6,2,15,4
UR ur dr L R DL FS,2,10,28,6,2,15,4
ur UR dr R L DL FS,2,10,28,6,2,15,4
UR ur dr R L DL FS,2,10,28,6,2,15,4
ur UR L DL dr R FS,2,10,28,6,2,15,4
UR ur L DL dr R FS,2,10,28,6,2,13,4
ur UR L DL R dr FS,2,10,28,6,2,15,4
UR ur L DL R dr FS,2,10,28,6,2,13,4
ur UR L dr DL R FS,2,10,28,6,2,15,4
UR ur L dr DL R FS,2,10,28,6,2,13,4
ur UR L dr R DL FS,2,10,28,6,2,15,4
UR ur L dr R DL FS,2,10,28,6,2,13,4
ur UR L R DL dr FS,2,10,28,6,2,17,4
UR ur L R DL dr FS,2,10,28,6,2,15,4
ur UR L R dr DL FS,2,10,28,6,2,17,4
UR ur L R dr DL FS,2,10,28,6,2,15,4
ur UR R dr L DL FS,2,10,28,6,2,11,4
UR ur R dr L DL FS,2,10,28,6,2,13,4
ur UR R L DL dr FS,2,10,28,6,2,13,4
UR ur R L DL dr FS,2,10,28,6,2,15,4
ur UR R L dr DL FS,2,10,28,6,2,13,4
UR ur R L dr DL FS,2,10,28,6,2,15,4
dr FS UR R DL L ur,2,10,30,5,2,8,3
dr UR FS R DL L ur,2,10,30,5,2,10,3
dr UR R FS DL L ur,2,10,30,5,2,8,2
FS dr UR R DL L ur,2,10,30,5,2,9,3
FS UR dr R DL L ur,2,10,30,5,2,11,3
FS UR R DL dr L ur,2,10,30,5,2,9,3
FS UR R dr DL L ur,2,10,30,5,2,9,3
UR dr FS R DL L ur,2,10,30,5,2,10,3
UR dr R FS DL L ur,2,10,30,5,2,10,3
UR FS dr R DL L ur,2,10,30,5,2,10,3
UR FS R DL dr L ur,2,10,30,5,2,10,3
UR FS R dr DL L ur,2,10,30,5,2,10,3
UR R dr FS DL L ur,2,10,30,5,2,8,3
UR R FS DL dr L ur,2,10,30,5,2,8,2
UR R FS dr DL L ur,2,10,30,5,2,8,2
FS L ur DL UR R dr,2,9,30,6,2,11,3
FS L UR R DL ur dr,2,9,30,6,2,13,3
FS L UR R ur DL dr,2,9,30,6,2,13,3
FS L ur UR DL R dr,2,9,30,6,2,15,4
FS L UR ur DL R dr,2,9,30,6,2,17,4
FS L ur UR R DL dr,2,9,30,6,2,13,4
FS L UR ur R DL dr,2,9,30,6,2,17,4
FS ur L DL UR R dr,2,9,30,6,2,11,3
FS UR L R DL ur dr,2,9,30,6,2,15,4
FS UR L R ur DL dr,2,9,30,6,2,15,4
FS ur L UR DL R dr,2,9,30,6,2,15,3
FS UR L ur DL R dr,2,9,30,6,2,13,3
FS ur L UR R DL dr,2,9,30,6,2,13,3
FS UR L ur R DL dr,2,9,30,6,2,13,3
FS UR R DL L ur dr,2,9,30,6,2,9,3
FS UR R L DL ur dr,2,9,30,6,2,11,4
FS UR R L ur DL dr,2,9,30,6,2,11,4
FS UR R ur L DL dr,2,9,30,6,2,9,3
FS ur UR L DL R dr,2,9,30,6,2,17,4
FS UR ur L DL R dr,2,9,30,6,2,13,4
FS ur UR L R DL dr,2,9,30,6,2,19,4
FS UR ur L R DL dr,2,9,30,6,2,15,4
FS ur UR R L DL dr,2,9,30,6,2,15,4
FS UR ur R L DL dr,2,9,30,6,2,15,4
L FS ur DL UR R dr,2,9,30,6,2,13,3
L FS UR R DL ur dr,2,9,30,6,2,11,3
L FS UR R ur DL dr,2,9,30,6,2,11,3
L FS ur UR DL R dr,2,9,30,6,2,17,4
L FS UR ur DL R dr,2,9,30,6,2,15,4
L FS ur UR R DL dr,2,9,30,6,2,15,4
L FS UR ur R DL dr,2,9,30,6,2,15,4
L ur DL FS UR R dr,2,9,30,6,2,9,3
L ur DL UR FS R dr,2,9,30,6,2,11,3
L ur DL UR R FS dr,2,9,30,6,2,9,2
L ur FS DL UR R dr,2,9,30,6,2,11,3
L UR FS R DL ur dr,2,9,30,6,2,13,3
L UR FS R ur DL dr,2,9,30,6,2,13,3
L ur FS UR DL R dr,2,9,30,6,2,13,3
L UR FS ur DL R dr,2,9,30,6,2,15,3
L ur FS UR R DL dr,2,9,30,6,2,11,3
L UR FS ur R DL dr,2,9,30,6,2,15,3
L UR R FS DL ur dr,2,9,30,6,2,11,3
L UR R FS ur DL dr,2,9,30,6,2,13,3
L UR R ur DL FS dr,2,9,30,6,2,11,3
L UR R ur FS DL dr,2,9,30,6,2,13,3
L ur UR DL FS R dr,2,9,30,6,2,13,4
L UR ur DL FS R dr,2,9,30,6,2,15,4
L ur UR DL R FS dr,2,9,30,6,2,13,4
L UR ur DL R FS dr,2,9,30,6,2,15,4
L ur UR FS DL R dr,2,9,30,6,2,13,4
L UR ur FS DL R dr,2,9,30,6,2,17,4
L ur UR FS R DL dr,2,9,30,6,2,13,4
L UR ur FS R DL dr,2,9,30,6,2,17,4
L ur UR R DL FS dr,2,9,30,6,2,11,4
L UR ur R DL FS dr,2,9,30,6,2,15,4
L ur UR R FS DL dr,2,9,30,6,2,11,4
L UR ur R FS DL dr,2,9,30,6,2,15,4
ur FS L DL UR R dr,2,9,30,6,2,12,3
UR FS L R DL ur dr,2,9,30,6,2,14,4
UR FS L R ur DL dr,2,9,30,6,2,14,4
ur FS L UR DL R dr,2,9,30,6,2,16,3
UR FS L ur DL R dr,2,9,30,6,2,12,3
ur FS L UR R DL dr,2,9,30,6,2,14,3
UR FS L ur R DL dr,2,9,30,6,2,12,3
UR FS R DL L ur dr,2,9,30,6,2,10,3
UR FS R L DL ur dr,2,9,30,6,2,12,4
UR FS R L ur DL dr,2,9,30,6,2,12,4
UR FS R ur L DL dr,2,9,30,6,2,10,3
ur FS UR L DL R dr,2,9,30,6,2,14,3
UR FS ur L DL R dr,2,9,30,6,2,12,3
ur FS UR L R DL dr,2,9,30,6,2,16,4
UR FS ur L R DL dr,2,9,30,6,2,14,4
ur FS UR R L DL dr,2,9,30,6,2,12,4
UR FS ur R L DL dr,2,9,30,6,2,14,4
ur L DL FS UR R dr,2,9,30,6,2,8,3
ur L DL UR FS R dr,2,9,30,6,2,10,3
ur L DL UR R FS dr,2,9,30,6,2,8,2
ur L FS DL UR R dr,2,9,30,6,2,10,3
UR L FS R DL ur dr,2,9,30,6,2,14,3
UR L FS R ur DL dr,2,9,30,6,2,14,3
ur L FS UR DL R dr,2,9,30,6,2,12,3
UR L FS ur DL R dr,2,9,30,6,2,16,3
ur L FS UR R DL dr,2,9,30,6,2,10,3
UR L FS ur R DL dr,2,9,30,6,2,16,3
UR L R FS DL ur dr,2,9,30,6,2,14,4
UR L R FS ur DL dr,2,9,30,6,2,16,4
UR L R ur DL FS dr,2,9,30,6,2,14,4
UR L R ur FS DL dr,2,9,30,6,2,16,4
ur L UR DL FS R dr,2,9,30,6,2,12,3
UR L ur DL FS R dr,2,9,30,6,2,12,3
ur L UR DL R FS dr,2,9,30,6,2,12,3
UR L ur DL R FS dr,2,9,30,6,2,12,3
ur L UR FS DL R dr,2,9,30,6,2,12,3
UR L ur FS DL R dr,2,9,30,6,2,14,3
ur L UR FS R DL dr,2,9,30,6,2,12,3
UR L ur FS R DL dr,2,9,30,6,2,14,3
ur L UR R DL FS dr,2,9,30,6,2,10,3
UR L ur R DL FS dr,2,9,30,6,2,12,3
ur L UR R FS DL dr,2,9,30,6,2,10,3
UR L ur R FS DL dr,2,9,30,6,2,12,3
UR R FS DL L ur dr,2,9,30,6,2,8,2
UR R FS L DL ur dr,2,9,30,6,2,10,2
UR R FS L ur DL dr,2,9,30,6,2,10,2
UR R FS ur L DL dr,2,9,30,6,2,10,3
UR R L FS DL ur dr,2,9,30,6,2,12,4
UR R L FS ur DL dr,2,9,30,6,2,14,4
UR R L ur DL FS dr,2,9,30,6,2,10,4
UR R L ur FS DL dr,2,9,30,6,2,12,4
UR R ur FS L DL dr,2,9,30,6,2,12,3
UR R ur L DL FS dr,2,9,30,6,2,8,3
UR R ur L FS DL dr,2,9,30,6,2,10,3
ur UR FS L DL R dr,2,9,30,6,2,14,4
UR ur FS L DL R dr,2,9,30,6,2,16,4
ur UR FS L R DL dr,2,9,30,6,2,16,4
UR ur FS L R DL dr,2,9,30,6,2,18,4
ur UR FS R L DL dr,2,9,30,6,2,14,4
UR ur FS R L DL dr,2,9,30,6,2,16,4
ur UR L DL FS R dr,2,9,30,6,2,14,4
UR ur L DL FS R dr,2,9,30,6,2,12,4
ur UR L DL R FS dr,2,9,30,6,2,14,4
UR ur L DL R FS dr,2,9,30,6,2,12,4
ur UR L FS DL R dr,2,9,30,6,2,16,4
UR ur L FS DL R dr,2,9,30,6,2,14,4
ur UR L FS R DL dr,2,9,30,6,2,16,4
UR ur L FS R DL dr,2,9,30,6,2,14,4
ur UR L R DL FS dr,2,9,30,6,2,16,4
UR ur L R DL FS dr,2,9,30,6,2,14,4
ur UR L R FS DL dr,2,9,30,6,2,16,4
UR ur L R FS DL dr,2,9,30,6,2,14,4
ur UR R FS L DL dr,2,9,30,6,2,12,4
UR ur R FS L DL dr,2,9,30,6,2,14,4
ur UR R L DL FS dr,2,9,30,6,2,12,4
UR ur R L DL FS dr,2,9,30,6,2,14,4
ur UR R L FS DL dr,2,9,30,6,2,14,4
UR ur R L FS DL dr,2,9,30,6,2,16,4
DL dr R ur L UR FS,2,10,32,6,2,13,3
DL dr R ur UR L FS,2,10,32,6,2,17,4
DL dr R UR ur L FS,2,10,32,6,2,13,4
DL dr ur L R UR FS,2,10,32,6,2,11,4
DL dr ur R L UR FS,2,10,32,6,2,15,4
DL dr ur R UR L FS,2,10,32,6,2,13,3
DL R dr ur L UR FS,2,10,32,6,2,13,3
DL R dr ur UR L FS,2,10,32,6,2,17,4
DL R dr UR ur L FS,2,10,32,6,2,15,4
DL R ur dr L UR FS,2,10,32,6,2,13,3
DL R ur dr UR L FS,2,10,32,6,2,15,3
DL R UR dr ur L FS,2,10,32,6,2,11,3
DL R ur L dr UR FS,2,10,32,6,2,11,3
DL R ur L UR dr FS,2,10,32,6,2,13,3
DL R ur UR dr L FS,2,10,32,6,2,15,4
DL R UR ur dr L FS,2,10,32,6,2,13,4
DL R ur UR L dr FS,2,10,32,6,2,15,4
DL R UR ur L dr FS,2,10,32,6,2,11,4
DL ur dr L R UR FS,2,10,32,6,2,11,4
DL ur dr R L UR FS,2,10,32,6,2,15,4
DL ur dr R UR L FS,2,10,32,6,2,13,3
DL ur L dr R UR FS,2,10,32,6,2,9,3
DL ur L R dr UR FS,2,10,32,6,2,13,4
DL ur L R UR dr FS,2,10,32,6,2,11,4
DL ur R dr L UR FS,2,10,32,6,2,13,3
DL ur R dr UR L FS,2,10,32,6,2,15,3
DL ur R L dr UR FS,2,10,32,6,2,13,4
DL ur R L UR dr FS,2,10,32,6,2,15,4
DL ur R UR dr L FS,2,10,32,6,2,11,3
DL ur R UR L dr FS,2,10,32,6,2,11,3
dr DL R ur L UR FS,2,10,32,6,2,13,3
dr DL R ur UR L FS,2,10,32,6,2,17,4
dr DL R UR ur L FS,2,10,32,6,2,13,4
dr DL ur L R UR FS,2,10,32,6,2,11,4
dr DL ur R L UR FS,2,10,32,6,2,15,4
dr DL ur R UR L FS,2,10,32,6,2,13,3
dr FS L R UR DL ur,2,10,32,6,2,12,4
dr FS R L UR DL ur,2,10,32,6,2,14,4
dr FS R UR L DL ur,2,10,32,6,2,10,3
dr L FS R UR DL ur,2,10,32,6,2,10,2
dr L R FS UR DL ur,2,10,32,6,2,12,4
dr L R UR FS DL ur,2,10,32,6,2,10,4
dr R DL ur L UR FS,2,10,32,6,2,13,3
dr R DL ur UR L FS,2,10,32,6,2,17,4
dr R DL UR ur L FS,2,10,32,6,2,15,4
dr R FS L UR DL ur,2,10,32,6,2,14,3
dr R FS UR L DL ur,2,10,32,6,2,12,3
dr R L FS UR DL ur,2,10,32,6,2,14,4
dr R L UR FS DL ur,2,10,32,6,2,14,4
dr R ur DL L UR FS,2,10,32,6,2,13,3
dr R ur DL UR L FS,2,10,32,6,2,15,3
dr R UR DL ur L FS,2,10,32,6,2,11,3
dr R UR FS L DL ur,2,10,32,6,2,10,3
dr R UR L FS DL ur,2,10,32,6,2,12,3
dr R ur UR DL L FS,2,10,32,6,2,15,4
dr R UR ur DL L FS,2,10,32,6,2,13,4
dr ur DL L R UR FS,2,10,32,6,2,11,4
dr ur DL R L UR FS,2,10,32,6,2,15,4
dr ur DL R UR L FS,2,10,32,6,2,13,3
dr ur R DL L UR FS,2,10,32,6,2,13,3
dr ur R DL UR L FS,2,10,32,6,2,15,3
dr ur R UR DL L FS,2,10,32,6,2,11,3
FS dr L R UR DL ur,2,10,32,6,2,11,4
FS dr R L UR DL ur,2,10,32,6,2,15,4
FS dr R UR L DL ur,2,10,32,6,2,11,3
FS L dr R UR DL ur,2,10,32,6,2,11,3
FS L R dr UR DL ur,2,10,32,6,2,15,4
FS L R UR DL dr ur,2,10,32,6,2,13,4
FS L R UR dr DL ur,2,10,32,6,2,13,4
FS R dr L UR DL ur,2,10,32,6,2,13,3
FS R dr UR L DL ur,2,10,32,6,2,13,3
FS R L dr UR DL ur,2,10,32,6,2,13,4
FS R L UR DL dr ur,2,10,32,6,2,15,4
FS R L UR dr DL ur,2,10,32,6,2,15,4
FS R UR DL L dr ur,2,10,32,6,2,9,2
FS R UR dr L DL ur,2,10,32,6,2,9,2
FS R UR L DL dr ur,2,10,32,6,2,11,3
FS R UR L dr DL ur,2,10,32,6,2,11,3
L dr FS R UR DL ur,2,10,32,6,2,9,2
L dr R FS UR DL ur,2,10,32,6,2,11,3
L dr R UR FS DL ur,2,10,32,6,2,9,3
L FS dr R UR DL ur,2,10,32,6,2,11,3
L FS R dr UR DL ur,2,10,32,6,2,13,3
L FS R UR DL dr ur,2,10,32,6,2,11,2
L FS R UR dr DL ur,2,10,32,6,2,11,2
L R dr FS UR DL ur,2,10,32,6,2,13,4
L R dr UR FS DL ur,2,10,32,6,2,13,4
L R FS dr UR DL ur,2,10,32,6,2,13,4
L R FS UR DL dr ur,2,10,32,6,2,13,4
L R FS UR dr DL ur,2,10,32,6,2,13,4
L R UR dr FS DL ur,2,10,32,6,2,11,4
L R UR FS DL dr ur,2,10,32,6,2,11,4
L R UR FS dr DL ur,2,10,32,6,2,11,4
R DL dr ur L UR FS,2,10,32,6,2,12,3
R DL dr ur UR L FS,2,10,32,6,2,16,4
R DL dr UR ur L FS,2,10,32,6,2,14,4
R DL ur dr L UR FS,2,10,32,6,2,12,3
R DL ur dr UR L FS,2,10,32,6,2,14,3
R DL UR dr ur L FS,2,10,32,6,2,12,3
R DL ur L dr UR FS,2,10,32,6,2,10,3
R DL ur L UR dr FS,2,10,32,6,2,12,3
R DL ur UR dr L FS,2,10,32,6,2,14,4
R DL UR ur dr L FS,2,10,32,6,2,14,4
R DL ur UR L dr FS,2,10,32,6,2,14,4
R DL UR ur L dr FS,2,10,32,6,2,12,4
R dr DL ur L UR FS,2,10,32,6,2,12,3
R dr DL ur UR L FS,2,10,32,6,2,16,4
R dr DL UR ur L FS,2,10,32,6,2,14,4
R dr FS L UR DL ur,2,10,32,6,2,13,3
R dr FS UR L DL ur,2,10,32,6,2,11,3
R dr L FS UR DL ur,2,10,32,6,2,11,3
R dr L UR FS DL ur,2,10,32,6,2,11,3
R dr ur DL L UR FS,2,10,32,6,2,12,3
R dr ur DL UR L FS,2,10,32,6,2,14,3
R dr UR DL ur L FS,2,10,32,6,2,12,3
R dr UR FS L DL ur,2,10,32,6,2,11,3
R dr UR L FS DL ur,2,10,32,6,2,13,3
R dr ur UR DL L FS,2,10,32,6,2,14,4
R dr UR ur DL L FS,2,10,32,6,2,14,4
R FS dr L UR DL ur,2,10,32,6,2,11,3
R FS dr UR L DL ur,2,10,32,6,2,11,3
R FS L dr UR DL ur,2,10,32,6,2,11,2
R FS L UR DL dr ur,2,10,32,6,2,13,3
R FS L UR dr DL ur,2,10,32,6,2,13,3
R FS UR DL L dr ur,2,10,32,6,2,9,2
R FS UR dr L DL ur,2,10,32,6,2,9,2
R FS UR L DL dr ur,2,10,32,6,2,11,3
R FS UR L dr DL ur,2,10,32,6,2,11,3
R L dr FS UR DL ur,2,10,32,6,2,11,4
R L dr UR FS DL ur,2,10,32,6,2,11,4
R L FS dr UR DL ur,2,10,32,6,2,13,4
R L FS UR DL dr ur,2,10,32,6,2,13,4
R L FS UR dr DL ur,2,10,32,6,2,13,4
R L UR dr FS DL ur,2,10,32,6,2,13,4
R L UR FS DL dr ur,2,10,32,6,2,13,4
R L UR FS dr DL ur,2,10,32,6,2,13,4
R ur DL dr L UR FS,2,10,32,6,2,12,3
R ur DL dr UR L FS,2,10,32,6,2,14,3
R UR DL dr ur L FS,2,10,32,6,2,10,2
R ur DL L dr UR FS,2,10,32,6,2,10,3
R ur DL L UR dr FS,2,10,32,6,2,12,3
R ur DL UR dr L FS,2,10,32,6,2,12,3
R UR DL ur dr L FS,2,10,32,6,2,10,2
R ur DL UR L dr FS,2,10,32,6,2,12,3
R UR DL ur L dr FS,2,10,32,6,2,8,2
R ur dr DL L UR FS,2,10,32,6,2,12,3
R ur dr DL UR L FS,2,10,32,6,2,14,3
R UR dr DL ur L FS,2,10,32,6,2,10,2
R UR dr FS L DL ur,2,10,32,6,2,9,2
R UR dr L FS DL ur,2,10,32,6,2,9,2
R ur dr UR DL L FS,2,10,32,6,2,12,3
R UR dr ur DL L FS,2,10,32,6,2,10,2
R UR FS DL L dr ur,2,10,32,6,2,7,2
R UR FS dr L DL ur,2,10,32,6,2,7,2
R UR FS L DL dr ur,2,10,32,6,2,9,2
R UR FS L dr DL ur,2,10,32,6,2,9,2
R UR L dr FS DL ur,2,10,32,6,2,9,3
R UR L FS DL dr ur,2,10,32,6,2,11,3
R UR L FS dr DL ur,2,10,32,6,2,11,3
R ur UR DL dr L FS,2,10,32,6,2,14,4
R UR ur DL dr L FS,2,10,32,6,2,12,4
R ur UR DL L dr FS,2,10,32,6,2,12,4
R UR ur DL L dr FS,2,10,32,6,2,10,4
R ur UR dr DL L FS,2,10,32,6,2,14,4
R UR ur dr DL L FS,2,10,32,6,2,12,4
ur DL dr L R UR FS,2,10,32,6,2,11,4
ur DL dr R L UR FS,2,10,32,6,2,15,4
ur DL dr R UR L FS,2,10,32,6,2,13,3
ur DL L dr R UR FS,2,10,32,6,2,9,3
ur DL L R dr UR FS,2,10,32,6,2,13,4
ur DL L R UR dr FS,2,10,32,6,2,11,4
ur DL R dr L UR FS,2,10,32,6,2,13,3
ur DL R dr UR L FS,2,10,32,6,2,15,3
ur DL R L dr UR FS,2,10,32,6,2,13,4
ur DL R L UR dr FS,2,10,32,6,2,15,4
ur DL R UR dr L FS,2,10,32,6,2,11,3
ur DL R UR L dr FS,2,10,32,6,2,11,3
ur dr DL L R UR FS,2,10,32,6,2,11,4
ur dr DL R L UR FS,2,10,32,6,2,15,4
ur dr DL R UR L FS,2,10,32,6,2,13,3
ur dr R DL L UR FS,2,10,32,6,2,13,3
ur dr R DL UR L FS,2,10,32,6,2,15,3
ur dr R UR DL L FS,2,10,32,6,2,11,3
ur R DL dr L UR FS,2,10,32,6,2,13,3
ur R DL dr UR L FS,2,10,32,6,2,15,3
ur R DL L dr UR FS,2,10,32,6,2,11,3
ur R DL L UR dr FS,2,10,32,6,2,13,3
ur R DL UR dr L FS,2,10,32,6,2,13,3
ur R DL UR L dr FS,2,10,32,6,2,13,3
ur R dr DL L UR FS,2,10,32,6,2,13,3
ur R dr DL UR L FS,2,10,32,6,2,15,3
ur R dr UR DL L FS,2,10,32,6,2,13,3
ur R UR DL dr L FS,2,10,32,6,2,11,3
ur R UR DL L dr FS,2,10,32,6,2,9,3
ur R UR dr DL L FS,2,10,32,6,2,11,3
DL dr ur L UR R FS,2,10,34,6,2,11,3
DL dr UR R ur L FS,2,10,34,6,2,11,3
DL dr ur UR L R FS,2,10,34,6,2,17,4
DL dr UR ur L R FS,2,10,34,6,2,15,4
DL dr ur UR R L FS,2,10,34,6,2,15,4
DL dr UR ur R L FS,2,10,34,6,2,17,4
DL FS R ur L UR dr,2,10,34,6,2,12,3
DL FS R ur UR L dr,2,10,34,6,2,14,4
DL FS R UR ur L dr,2,10,34,6,2,10,4
DL FS ur L R UR dr,2,10,34,6,2,12,4
DL FS ur R L UR dr,2,10,34,6,2,16,4
DL FS ur R UR L dr,2,10,34,6,2,12,3
DL R FS ur L UR dr,2,10,34,6,2,14,3
DL R FS ur UR L dr,2,10,34,6,2,16,4
DL R FS UR ur L dr,2,10,34,6,2,12,4
DL R ur FS L UR dr,2,10,34,6,2,16,3
DL R ur FS UR L dr,2,10,34,6,2,14,3
DL R UR FS ur L dr,2,10,34,6,2,10,3
DL R ur L FS UR dr,2,10,34,6,2,12,3
DL R ur L UR FS dr,2,10,34,6,2,12,3
DL R ur UR FS L dr,2,10,34,6,2,14,4
DL R UR ur FS L dr,2,10,34,6,2,14,4
DL R ur UR L FS dr,2,10,34,6,2,16,4
DL R UR ur L FS dr,2,10,34,6,2,12,4
DL ur dr L UR R FS,2,10,34,6,2,11,3
DL UR dr R ur L FS,2,10,34,6,2,13,3
DL ur dr UR L R FS,2,10,34,6,2,15,4
DL UR dr ur L R FS,2,10,34,6,2,13,4
DL ur dr UR R L FS,2,10,34,6,2,13,4
DL UR dr ur R L FS,2,10,34,6,2,15,4
DL ur FS L R UR dr,2,10,34,6,2,14,4
DL ur FS R L UR dr,2,10,34,6,2,16,4
DL ur FS R UR L dr,2,10,34,6,2,12,3
DL ur L dr UR R FS,2,10,34,6,2,9,2
DL ur L FS R UR dr,2,10,34,6,2,10,2
DL ur L R FS UR dr,2,10,34,6,2,12,4
DL ur L R UR FS dr,2,10,34,6,2,10,4
DL ur L UR dr R FS,2,10,34,6,2,13,3
DL ur L UR R dr FS,2,10,34,6,2,11,3
DL UR R dr ur L FS,2,10,34,6,2,11,3
DL ur R FS L UR dr,2,10,34,6,2,14,3
DL ur R FS UR L dr,2,10,34,6,2,12,3
DL ur R L FS UR dr,2,10,34,6,2,14,4
DL ur R L UR FS dr,2,10,34,6,2,14,4
DL UR R ur dr L FS,2,10,34,6,2,11,3
DL ur R UR FS L dr,2,10,34,6,2,10,3
DL UR R ur L dr FS,2,10,34,6,2,9,3
DL ur R UR L FS dr,2,10,34,6,2,12,3
DL ur UR dr L R FS,2,10,34,6,2,15,4
DL UR ur dr L R FS,2,10,34,6,2,15,4
DL ur UR dr R L FS,2,10,34,6,2,17,4
DL UR ur dr R L FS,2,10,34,6,2,17,4
DL ur UR L dr R FS,2,10,34,6,2,15,4
DL UR ur L dr R FS,2,10,34,6,2,13,4
DL ur UR L R dr FS,2,10,34,6,2,17,4
DL UR ur L R dr FS,2,10,34,6,2,15,4
DL ur UR R dr L FS,2,10,34,6,2,13,4
DL UR ur R dr L FS,2,10,34,6,2,15,4
DL ur UR R L dr FS,2,10,34,6,2,13,4
DL UR ur R L dr FS,2,10,34,6,2,15,4
dr DL ur L UR R FS,2,10,34,6,2,11,3
dr DL UR R ur L FS,2,10,34,6,2,11,3
dr DL ur UR L R FS,2,10,34,6,2,17,4
dr DL UR ur L R FS,2,10,34,6,2,15,4
dr DL ur UR R L FS,2,10,34,6,2,15,4
dr DL UR ur R L FS,2,10,34,6,2,17,4
dr FS L UR DL R ur,2,10,34,6,2,14,3
dr FS L UR R DL ur,2,10,34,6,2,12,3
dr FS UR L DL R ur,2,10,34,6,2,12,3
dr FS UR L R DL ur,2,10,34,6,2,14,4
dr FS UR R L DL ur,2,10,34,6,2,10,4
dr L FS UR DL R ur,2,10,34,6,2,12,3
dr L FS UR R DL ur,2,10,34,6,2,10,3
dr L UR FS DL R ur,2,10,34,6,2,12,3
dr L UR FS R DL ur,2,10,34,6,2,12,3
dr L UR R FS DL ur,2,10,34,6,2,10,3
dr ur DL L UR R FS,2,10,34,6,2,11,3
dr UR DL R ur L FS,2,10,34,6,2,13,3
dr ur DL UR L R FS,2,10,34,6,2,15,4
dr UR DL ur L R FS,2,10,34,6,2,13,4
dr ur DL UR R L FS,2,10,34,6,2,13,4
dr UR DL ur R L FS,2,10,34,6,2,15,4
dr UR FS L DL R ur,2,10,34,6,2,12,3
dr UR FS L R DL ur,2,10,34,6,2,14,4
dr UR FS R L DL ur,2,10,34,6,2,12,4
dr UR L FS DL R ur,2,10,34,6,2,14,3
dr UR L FS R DL ur,2,10,34,6,2,14,3
dr UR L R FS DL ur,2,10,34,6,2,14,4
dr UR R DL ur L FS,2,10,34,6,2,11,3
dr UR R FS L DL ur,2,10,34,6,2,10,2
dr UR R L FS DL ur,2,10,34,6,2,12,4
dr UR R ur DL L FS,2,10,34,6,2,11,3
dr ur UR DL L R FS,2,10,34,6,2,15,4
dr UR ur DL L R FS,2,10,34,6,2,15,4
dr ur UR DL R L FS,2,10,34,6,2,17,4
dr UR ur DL R L FS,2,10,34,6,2,17,4
dr ur UR R DL L FS,2,10,34,6,2,13,4
dr UR ur R DL L FS,2,10,34,6,2,15,4
FS DL R ur L UR dr,2,10,34,6,2,13,3
FS DL R ur UR L dr,2,10,34,6,2,15,4
FS DL R UR ur L dr,2,10,34,6,2,11,4
FS DL ur L R UR dr,2,10,34,6,2,11,4
FS DL ur R L UR dr,2,10,34,6,2,15,4
FS DL ur R UR L dr,2,10,34,6,2,11,3
FS dr L UR DL R ur,2,10,34,6,2,13,3
FS dr L UR R DL ur,2,10,34,6,2,11,3
FS dr UR L DL R ur,2,10,34,6,2,13,3
FS dr UR L R DL ur,2,10,34,6,2,15,4
FS dr UR R L DL ur,2,10,34,6,2,11,4
FS L dr UR DL R ur,2,10,34,6,2,13,3
FS L dr UR R DL ur,2,10,34,6,2,11,3
FS L UR dr DL R ur,2,10,34,6,2,15,3
FS L UR dr R DL ur,2,10,34,6,2,15,3
FS L UR R DL dr ur,2,10,34,6,2,13,3
FS L UR R dr DL ur,2,10,34,6,2,13,3
FS R DL ur L UR dr,2,10,34,6,2,13,3
FS R DL ur UR L dr,2,10,34,6,2,15,4
FS R DL UR ur L dr,2,10,34,6,2,13,4
FS R ur DL L UR dr,2,10,34,6,2,13,3
FS R ur DL UR L dr,2,10,34,6,2,13,3
FS ur DL L R UR dr,2,10,34,6,2,13,4
FS ur DL R L UR dr,2,10,34,6,2,17,4
FS ur DL R UR L dr,2,10,34,6,2,13,3
FS UR dr L DL R ur,2,10,34,6,2,11,3
FS UR dr L R DL ur,2,10,34,6,2,13,4
FS UR dr R L DL ur,2,10,34,6,2,13,4
FS UR L dr DL R ur,2,10,34,6,2,13,3
FS UR L dr R DL ur,2,10,34,6,2,13,3
FS UR L R DL dr ur,2,10,34,6,2,15,4
FS UR L R dr DL ur,2,10,34,6,2,15,4
FS UR R DL L dr ur,2,10,34,6,2,9,3
FS ur R DL L UR dr,2,10,34,6,2,15,3
FS ur R DL UR L dr,2,10,34,6,2,15,3
FS UR R dr L DL ur,2,10,34,6,2,9,3
FS UR R L DL dr ur,2,10,34,6,2,11,4
FS UR R L dr DL ur,2,10,34,6,2,11,4
L dr FS UR DL R ur,2,10,34,6,2,11,3
L dr FS UR R DL ur,2,10,34,6,2,9,3
L dr UR FS DL R ur,2,10,34,6,2,11,3
L dr UR FS R DL ur,2,10,34,6,2,11,3
L dr UR R FS DL ur,2,10,34,6,2,9,2
L FS dr UR DL R ur,2,10,34,6,2,13,3
L FS dr UR R DL ur,2,10,34,6,2,11,3
L FS UR dr DL R ur,2,10,34,6,2,13,3
L FS UR dr R DL ur,2,10,34,6,2,13,3
L FS UR R DL dr ur,2,10,34,6,2,11,3
L FS UR R dr DL ur,2,10,34,6,2,11,3
L UR dr FS DL R ur,2,10,34,6,2,13,3
L UR dr FS R DL ur,2,10,34,6,2,13,3
L UR dr R FS DL ur,2,10,34,6,2,13,3
L UR FS dr DL R ur,2,10,34,6,2,13,3
L UR FS dr R DL ur,2,10,34,6,2,13,3
L UR FS R DL dr ur,2,10,34,6,2,13,3
L UR FS R dr DL ur,2,10,34,6,2,13,3
L UR R dr FS DL ur,2,10,34,6,2,11,3
L UR R FS DL dr ur,2,10,34,6,2,11,3
L UR R FS dr DL ur,2,10,34,6,2,11,3
R DL FS ur L UR dr,2,10,34,6,2,13,3
R DL FS ur UR L dr,2,10,34,6,2,15,4
R DL FS UR ur L dr,2,10,34,6,2,11,4
R DL ur FS L UR dr,2,10,34,6,2,15,3
R DL ur FS UR L dr,2,10,34,6,2,13,3
R DL UR FS ur L dr,2,10,34,6,2,11,3
R DL ur L FS UR dr,2,10,34,6,2,11,3
R DL ur L UR FS dr,2,10,34,6,2,11,3
R DL ur UR FS L dr,2,10,34,6,2,13,4
R DL UR ur FS L dr,2,10,34,6,2,15,4
R DL ur UR L FS dr,2,10,34,6,2,15,4
R DL UR ur L FS dr,2,10,34,6,2,13,4
R FS DL ur L UR dr,2,10,34,6,2,11,3
R FS DL ur UR L dr,2,10,34,6,2,13,4
R FS DL UR ur L dr,2,10,34,6,2,11,4
R FS ur DL L UR dr,2,10,34,6,2,13,3
R FS ur DL UR L dr,2,10,34,6,2,13,3
R ur DL FS L UR dr,2,10,34,6,2,13,3
R ur DL FS UR L dr,2,10,34,6,2,11,3
R UR DL FS ur L dr,2,10,34,6,2,9,3
R ur DL L FS UR dr,2,10,34,6,2,11,3
R ur DL L UR FS dr,2,10,34,6,2,11,3
R ur DL UR FS L dr,2,10,34,6,2,11,3
R UR DL ur FS L dr,2,10,34,6,2,11,3
R ur DL UR L FS dr,2,10,34,6,2,13,3
R UR DL ur L FS dr,2,10,34,6,2,9,2
R ur FS DL L UR dr,2,10,34,6,2,13,3
R ur FS DL UR L dr,2,10,34,6,2,13,3
R ur UR DL FS L dr,2,10,34,6,2,13,4
R UR ur DL FS L dr,2,10,34,6,2,11,4
R ur UR DL L FS dr,2,10,34,6,2,13,4
R UR ur DL L FS dr,2,10,34,6,2,11,4
ur DL dr L UR R FS,2,10,34,6,2,11,3
UR DL dr R ur L FS,2,10,34,6,2,13,3
ur DL dr UR L R FS,2,10,34,6,2,15,4
UR DL dr ur L R FS,2,10,34,6,2,13,4
ur DL dr UR R L FS,2,10,34,6,2,13,4
UR DL dr ur R L FS,2,10,34,6,2,15,4
ur DL FS L R UR dr,2,10,34,6,2,12,4
ur DL FS R L UR dr,2,10,34,6,2,14,4
ur DL FS R UR L dr,2,10,34,6,2,10,3
ur DL L dr UR R FS,2,10,34,6,2,9,2
ur DL L FS R UR dr,2,10,34,6,2,10,2
ur DL L R FS UR dr,2,10,34,6,2,12,4
ur DL L R UR FS dr,2,10,34,6,2,10,4
ur DL L UR dr R FS,2,10,34,6,2,13,3
ur DL L UR R dr FS,2,10,34,6,2,11,3
UR DL R dr ur L FS,2,10,34,6,2,13,3
ur DL R FS L UR dr,2,10,34,6,2,14,3
ur DL R FS UR L dr,2,10,34,6,2,12,3
ur DL R L FS UR dr,2,10,34,6,2,14,4
ur DL R L UR FS dr,2,10,34,6,2,14,4
UR DL R ur dr L FS,2,10,34,6,2,13,3
ur DL R UR FS L dr,2,10,34,6,2,10,3
UR DL R ur L dr FS,2,10,34,6,2,11,3
ur DL R UR L FS dr,2,10,34,6,2,12,3
ur DL UR dr L R FS,2,10,34,6,2,13,4
UR DL ur dr L R FS,2,10,34,6,2,13,4
ur DL UR dr R L FS,2,10,34,6,2,15,4
UR DL ur dr R L FS,2,10,34,6,2,15,4
ur DL UR L dr R FS,2,10,34,6,2,13,3
UR DL ur L dr R FS,2,10,34,6,2,11,3
ur DL UR L R dr FS,2,10,34,6,2,15,4
UR DL ur L R dr FS,2,10,34,6,2,13,4
ur DL UR R dr L FS,2,10,34,6,2,11,3
UR DL ur R dr L FS,2,10,34,6,2,13,3
ur DL UR R L dr FS,2,10,34,6,2,11,4
UR DL ur R L dr FS,2,10,34,6,2,13,4
ur dr DL L UR R FS,2,10,34,6,2,11,3
UR dr DL R ur L FS,2,10,34,6,2,13,3
ur dr DL UR L R FS,2,10,34,6,2,15,4
UR dr DL ur L R FS,2,10,34,6,2,13,4
ur dr DL UR R L FS,2,10,34,6,2,13,4
UR dr DL ur R L FS,2,10,34,6,2,15,4
UR dr FS L DL R ur,2,10,34,6,2,12,3
UR dr FS L R DL ur,2,10,34,6,2,14,4
UR dr FS R L DL ur,2,10,34,6,2,12,4
UR dr L FS DL R ur,2,10,34,6,2,12,3
UR dr L FS R DL ur,2,10,34,6,2,12,3
UR dr L R FS DL ur,2,10,34,6,2,12,4
UR dr R DL ur L FS,2,10,34,6,2,13,3
UR dr R FS L DL ur,2,10,34,6,2,12,3
UR dr R L FS DL ur,2,10,34,6,2,14,4
UR dr R ur DL L FS,2,10,34,6,2,13,3
ur dr UR DL L R FS,2,10,34,6,2,13,4
UR dr ur DL L R FS,2,10,34,6,2,13,4
ur dr UR DL R L FS,2,10,34,6,2,15,4
UR dr ur DL R L FS,2,10,34,6,2,15,4
ur dr UR R DL L FS,2,10,34,6,2,11,3
UR dr ur R DL L FS,2,10,34,6,2,13,3
ur FS DL L R UR dr,2,10,34,6,2,12,4
ur FS DL R L UR dr,2,10,34,6,2,16,4
ur FS DL R UR L dr,2,10,34,6,2,12,3
UR FS dr L DL R ur,2,10,34,6,2,10,3
UR FS dr L R DL ur,2,10,34,6,2,12,4
UR FS dr R L DL ur,2,10,34,6,2,12,4
UR FS L dr DL R ur,2,10,34,6,2,12,3
UR FS L dr R DL ur,2,10,34,6,2,12,3
UR FS L R DL dr ur,2,10,34,6,2,14,4
UR FS L R dr DL ur,2,10,34,6,2,14,4
UR FS R DL L dr ur,2,10,34,6,2,10,3
ur FS R DL L UR dr,2,10,34,6,2,14,3
ur FS R DL UR L dr,2,10,34,6,2,14,3
UR FS R dr L DL ur,2,10,34,6,2,10,3
UR FS R L DL dr ur,2,10,34,6,2,12,4
UR FS R L dr DL ur,2,10,34,6,2,12,4
UR L dr FS DL R ur,2,10,34,6,2,12,3
UR L dr FS R DL ur,2,10,34,6,2,12,3
UR L dr R FS DL ur,2,10,34,6,2,12,3
UR L FS dr DL R ur,2,10,34,6,2,14,3
UR L FS dr R DL ur,2,10,34,6,2,14,3
UR L FS R DL dr ur,2,10,34,6,2,14,3
UR L FS R dr DL ur,2,10,34,6,2,14,3
UR L R dr FS DL ur,2,10,34,6,2,14,4
UR L R FS DL dr ur,2,10,34,6,2,14,4
UR L R FS dr DL ur,2,10,34,6,2,14,4
UR R DL dr ur L FS,2,10,34,6,2,11,3
ur R DL FS L UR dr,2,10,34,6,2,14,3
ur R DL FS UR L dr,2,10,34,6,2,12,3
ur R DL L FS UR dr,2,10,34,6,2,12,3
ur R DL L UR FS dr,2,10,34,6,2,12,3
UR R DL ur dr L FS,2,10,34,6,2,11,3
ur R DL UR FS L dr,2,10,34,6,2,12,3
UR R DL ur L dr FS,2,10,34,6,2,9,3
ur R DL UR L FS dr,2,10,34,6,2,14,3
UR R dr DL ur L FS,2,10,34,6,2,11,3
UR R dr FS L DL ur,2,10,34,6,2,10,3
UR R dr L FS DL ur,2,10,34,6,2,10,3
UR R dr ur DL L FS,2,10,34,6,2,11,3
UR R FS DL L dr ur,2,10,34,6,2,8,2
ur R FS DL L UR dr,2,10,34,6,2,12,3
ur R FS DL UR L dr,2,10,34,6,2,12,3
UR R FS dr L DL ur,2,10,34,6,2,8,2
UR R FS L DL dr ur,2,10,34,6,2,10,2
UR R FS L dr DL ur,2,10,34,6,2,10,2
UR R L dr FS DL ur,2,10,34,6,2,10,4
UR R L FS DL dr ur,2,10,34,6,2,12,4
UR R L FS dr DL ur,2,10,34,6,2,12,4
UR R ur DL dr L FS,2,10,34,6,2,11,3
ur R UR DL FS L dr,2,10,34,6,2,10,3
UR R ur DL L dr FS,2,10,34,6,2,9,3
ur R UR DL L FS dr,2,10,34,6,2,10,3
UR R ur dr DL L FS,2,10,34,6,2,11,3
ur UR DL dr L R FS,2,10,34,6,2,15,4
UR ur DL dr L R FS,2,10,34,6,2,15,4
ur UR DL dr R L FS,2,10,34,6,2,17,4
UR ur DL dr R L FS,2,10,34,6,2,17,4
ur UR DL L dr R FS,2,10,34,6,2,13,4
UR ur DL L dr R FS,2,10,34,6,2,13,4
ur UR DL L R dr FS,2,10,34,6,2,15,4
UR ur DL L R dr FS,2,10,34,6,2,15,4
ur UR DL R dr L FS,2,10,34,6,2,15,4
UR ur DL R dr L FS,2,10,34,6,2,15,4
ur UR DL R L dr FS,2,10,34,6,2,15,4
UR ur DL R L dr FS,2,10,34,6,2,15,4
ur UR dr DL L R FS,2,10,34,6,2,15,4
UR ur dr DL L R FS,2,10,34,6,2,15,4
ur UR dr DL R L FS,2,10,34,6,2,17,4
UR ur dr DL R L FS,2,10,34,6,2,17,4
ur UR dr R DL L FS,2,10,34,6,2,15,4
UR ur dr R DL L FS,2,10,34,6,2,15,4
ur UR R DL dr L FS,2,10,34,6,2,13,4
UR ur R DL dr L FS,2,10,34,6,2,15,4
ur UR R DL L dr FS,2,10,34,6,2,11,4
UR ur R DL L dr FS,2,10,34,6,2,13,4
ur UR R dr DL L FS,2,10,34,6,2,13,4
UR ur R dr DL L FS,2,10,34,6,2,15,4
DL FS ur L UR R dr,2,10,36,6,2,12,3
DL FS UR R ur L dr,2,10,36,6,2,8,3
DL FS ur UR L R dr,2,10,36,6,2,18,4
DL FS UR ur L R dr,2,10,36,6,2,14,4
DL FS ur UR R L dr,2,10,36,6,2,14,4
DL FS UR ur R L dr,2,10,36,6,2,14,4
DL ur FS L UR R dr,2,10,36,6,2,14,3
DL UR FS R ur L dr,2,10,36,6,2,10,3
DL ur FS UR L R dr,2,10,36,6,2,16,4
DL UR FS ur L R dr,2,10,36,6,2,14,4
DL ur FS UR R L dr,2,10,36,6,2,12,4
DL UR FS ur R L dr,2,10,36,6,2,14,4
DL ur L FS UR R dr,2,10,36,6,2,10,3
DL ur L UR FS R dr,2,10,36,6,2,12,3
DL ur L UR R FS dr,2,10,36,6,2,10,3
DL UR R FS ur L dr,2,10,36,6,2,10,3
DL UR R ur FS L dr,2,10,36,6,2,12,3
DL UR R ur L FS dr,2,10,36,6,2,10,3
DL ur UR FS L R dr,2,10,36,6,2,16,4
DL UR ur FS L R dr,2,10,36,6,2,18,4
DL ur UR FS R L dr,2,10,36,6,2,14,4
DL UR ur FS R L dr,2,10,36,6,2,16,4
DL ur UR L FS R dr,2,10,36,6,2,16,4
DL UR ur L FS R dr,2,10,36,6,2,14,4
DL ur UR L R FS dr,2,10,36,6,2,16,4
DL UR ur L R FS dr,2,10,36,6,2,14,4
DL ur UR R FS L dr,2,10,36,6,2,12,4
DL UR ur R FS L dr,2,10,36,6,2,14,4
DL ur UR R L FS dr,2,10,36,6,2,14,4
DL UR ur R L FS dr,2,10,36,6,2,16,4
FS DL ur L UR R dr,2,10,36,6,2,11,3
FS DL UR R ur L dr,2,10,36,6,2,9,3
FS DL ur UR L R dr,2,10,36,6,2,17,4
FS DL UR ur L R dr,2,10,36,6,2,15,4
FS DL ur UR R L dr,2,10,36,6,2,13,4
FS DL UR ur R L dr,2,10,36,6,2,15,4
FS ur DL L UR R dr,2,10,36,6,2,13,3
FS UR DL R ur L dr,2,10,36,6,2,11,3
FS ur DL UR L R dr,2,10,36,6,2,17,4
FS UR DL ur L R dr,2,10,36,6,2,13,4
FS ur DL UR R L dr,2,10,36,6,2,13,4
FS UR DL ur R L dr,2,10,36,6,2,13,4
FS ur UR DL L R dr,2,10,36,6,2,17,4
FS UR ur DL L R dr,2,10,36,6,2,15,4
FS ur UR DL R L dr,2,10,36,6,2,17,4
FS UR ur DL R L dr,2,10,36,6,2,15,4
ur DL FS L UR R dr,2,10,36,6,2,12,3
UR DL FS R ur L dr,2,10,36,6,2,10,3
ur DL FS UR L R dr,2,10,36,6,2,14,4
UR DL FS ur L R dr,2,10,36,6,2,14,4
ur DL FS UR R L dr,2,10,36,6,2,10,4
UR DL FS ur R L dr,2,10,36,6,2,14,4
ur DL L FS UR R dr,2,10,36,6,2,10,3
ur DL L UR FS R dr,2,10,36,6,2,12,3
ur DL L UR R FS dr,2,10,36,6,2,10,3
UR DL R FS ur L dr,2,10,36,6,2,12,3
UR DL R ur FS L dr,2,10,36,6,2,14,3
UR DL R ur L FS dr,2,10,36,6,2,12,3
ur DL UR FS L R dr,2,10,36,6,2,14,4
UR DL ur FS L R dr,2,10,36,6,2,16,4
ur DL UR FS R L dr,2,10,36,6,2,12,4
UR DL ur FS R L dr,2,10,36,6,2,14,4
ur DL UR L FS R dr,2,10,36,6,2,14,3
UR DL ur L FS R dr,2,10,36,6,2,12,3
ur DL UR L R FS dr,2,10,36,6,2,14,4
UR DL ur L R FS dr,2,10,36,6,2,12,4
ur DL UR R FS L dr,2,10,36,6,2,10,2
UR DL ur R FS L dr,2,10,36,6,2,12,3
ur DL UR R L FS dr,2,10,36,6,2,12,4
UR DL ur R L FS dr,2,10,36,6,2,14,4
ur FS DL L UR R dr,2,10,36,6,2,12,3
UR FS DL R ur L dr,2,10,36,6,2,10,3
ur FS DL UR L R dr,2,10,36,6,2,16,4
UR FS DL ur L R dr,2,10,36,6,2,12,4
ur FS DL UR R L dr,2,10,36,6,2,12,4
UR FS DL ur R L dr,2,10,36,6,2,12,4
ur FS UR DL L R dr,2,10,36,6,2,14,4
UR FS ur DL L R dr,2,10,36,6,2,14,4
ur FS UR DL R L dr,2,10,36,6,2,14,4
UR FS ur DL R L dr,2,10,36,6,2,14,4
UR R DL FS ur L dr,2,10,36,6,2,10,3
UR R DL ur FS L dr,2,10,36,6,2,12,3
UR R DL ur L FS dr,2,10,36,6,2,10,3
UR R ur DL FS L dr,2,10,36,6,2,10,3
UR R ur DL L FS dr,2,10,36,6,2,10,3
ur UR DL FS L R dr,2,10,36,6,2,16,4
UR ur DL FS L R dr,2,10,36,6,2,16,4
ur UR DL FS R L dr,2,10,36,6,2,14,4
UR ur DL FS R L dr,2,10,36,6,2,14,4
ur UR DL L FS R dr,2,10,36,6,2,14,4
UR ur DL L FS R dr,2,10,36,6,2,14,4
ur UR DL L R FS dr,2,10,36,6,2,14,4
UR ur DL L R FS dr,2,10,36,6,2,14,4
ur UR DL R FS L dr,2,10,36,6,2,14,4
UR ur DL R FS L dr,2,10,36,6,2,14,4
ur UR DL R L FS dr,2,10,36,6,2,16,4
UR ur DL R L FS dr,2,10,36,6,2,16,4
ur UR FS DL L R dr,2,10,36,6,2,14,4
UR ur FS DL L R dr,2,10,36,6,2,16,4
ur UR FS DL R L dr,2,10,36,6,2,14,4
UR ur FS DL R L dr,2,10,36,6,2,16,4
ur UR R DL FS L dr,2,10,36,6,2,12,4
UR ur R DL FS L dr,2,10,36,6,2,14,4
ur UR R DL L FS dr,2,10,36,6,2,12,4
UR ur R DL L FS dr,2,10,36,6,2,14,4
DL dr L R ur UR FS,2,10,36,7,2,15,4
DL dr L R UR ur FS,2,10,36,7,2,15,4
DL dr L ur R UR FS,2,10,36,7,2,9,3
DL dr R L ur UR FS,2,10,36,7,2,15,4
DL dr R L UR ur FS,2,10,36,7,2,19,4
DL dr R UR L ur FS,2,10,36,7,2,13,3
DL L dr R ur UR FS,2,10,36,7,2,13,4
DL L dr R UR ur FS,2,10,36,7,2,13,4
DL L dr ur R UR FS,2,10,36,7,2,9,3
DL L R dr ur UR FS,2,10,36,7,2,15,4
DL L R dr UR ur FS,2,10,36,7,2,17,4
DL L R ur dr UR FS,2,10,36,7,2,13,4
DL L R UR dr ur FS,2,10,36,7,2,13,4
DL L R ur UR dr FS,2,10,36,7,2,15,4
DL L R UR ur dr FS,2,10,36,7,2,13,4
DL L ur dr R UR FS,2,10,36,7,2,9,3
DL L ur R dr UR FS,2,10,36,7,2,11,3
DL L ur R UR dr FS,2,10,36,7,2,9,3
DL R dr L ur UR FS,2,10,36,7,2,13,4
DL R dr L UR ur FS,2,10,36,7,2,17,4
DL R dr UR L ur FS,2,10,36,7,2,15,3
DL R L dr ur UR FS,2,10,36,7,2,15,4
DL R L dr UR ur FS,2,10,36,7,2,17,4
DL R L ur dr UR FS,2,10,36,7,2,13,4
DL R L UR dr ur FS,2,10,36,7,2,17,4
DL R L ur UR dr FS,2,10,36,7,2,15,4
DL R L UR ur dr FS,2,10,36,7,2,17,4
DL R UR dr L ur FS,2,10,36,7,2,11,3
DL R UR L dr ur FS,2,10,36,7,2,13,3
DL R UR L ur dr FS,2,10,36,7,2,11,3
dr DL L R ur UR FS,2,10,36,7,2,15,4
dr DL L R UR ur FS,2,10,36,7,2,15,4
dr DL L ur R UR FS,2,10,36,7,2,9,3
dr DL R L ur UR FS,2,10,36,7,2,15,4
dr DL R L UR ur FS,2,10,36,7,2,19,4
dr DL R UR L ur FS,2,10,36,7,2,13,3
dr FS R UR DL ur L,2,10,36,7,2,9,2
dr FS R ur UR DL L,2,10,36,7,2,13,4
dr FS R UR ur DL L,2,10,36,7,2,11,4
dr FS ur R UR DL L,2,10,36,7,2,11,3
dr L DL R ur UR FS,2,10,36,7,2,13,4
dr L DL R UR ur FS,2,10,36,7,2,13,4
dr L DL ur R UR FS,2,10,36,7,2,9,3
dr L R DL ur UR FS,2,10,36,7,2,15,4
dr L R DL UR ur FS,2,10,36,7,2,17,4
dr L R UR DL ur FS,2,10,36,7,2,13,4
dr R DL L ur UR FS,2,10,36,7,2,13,4
dr R DL L UR ur FS,2,10,36,7,2,17,4
dr R DL UR L ur FS,2,10,36,7,2,15,3
dr R FS UR DL ur L,2,10,36,7,2,11,3
dr R FS ur UR DL L,2,10,36,7,2,15,4
dr R FS UR ur DL L,2,10,36,7,2,13,4
dr R L DL ur UR FS,2,10,36,7,2,15,4
dr R L DL UR ur FS,2,10,36,7,2,17,4
dr R L UR DL ur FS,2,10,36,7,2,17,4
dr R UR DL L ur FS,2,10,36,7,2,11,3
dr R UR FS DL ur L,2,10,36,7,2,9,3
dr R ur FS UR DL L,2,10,36,7,2,13,3
dr R UR FS ur DL L,2,10,36,7,2,11,3
dr R UR L DL ur FS,2,10,36,7,2,13,3
dr R ur UR FS DL L,2,10,36,7,2,13,4
dr R UR ur FS DL L,2,10,36,7,2,13,4
dr ur FS R UR DL L,2,10,36,7,2,11,3
dr ur R FS UR DL L,2,10,36,7,2,11,3
dr ur R UR FS DL L,2,10,36,7,2,9,3
FS dr R UR DL ur L,2,10,36,7,2,10,3
FS dr R ur UR DL L,2,10,36,7,2,14,4
FS dr R UR ur DL L,2,10,36,7,2,12,4
FS dr ur R UR DL L,2,10,36,7,2,10,3
FS R dr UR DL ur L,2,10,36,7,2,12,3
FS R dr ur UR DL L,2,10,36,7,2,14,4
FS R dr UR ur DL L,2,10,36,7,2,14,4
FS R UR DL dr ur L,2,10,36,7,2,10,2
FS R UR DL ur dr L,2,10,36,7,2,10,2
FS R UR dr DL ur L,2,10,36,7,2,10,2
FS R ur dr UR DL L,2,10,36,7,2,12,3
FS R UR dr ur DL L,2,10,36,7,2,10,2
FS R ur UR DL dr L,2,10,36,7,2,14,4
FS R UR ur DL dr L,2,10,36,7,2,12,4
FS R ur UR dr DL L,2,10,36,7,2,14,4
FS R UR ur dr DL L,2,10,36,7,2,12,4
FS ur dr R UR DL L,2,10,36,7,2,12,3
FS ur R dr UR DL L,2,10,36,7,2,14,3
FS ur R UR DL dr L,2,10,36,7,2,12,3
FS ur R UR dr DL L,2,10,36,7,2,12,3
L DL dr R ur UR FS,2,10,36,7,2,14,4
L DL dr R UR ur FS,2,10,36,7,2,14,4
L DL dr ur R UR FS,2,10,36,7,2,10,3
L DL R dr ur UR FS,2,10,36,7,2,14,4
L DL R dr UR ur FS,2,10,36,7,2,16,4
L DL R ur dr UR FS,2,10,36,7,2,12,3
L DL R UR dr ur FS,2,10,36,7,2,12,3
L DL R ur UR dr FS,2,10,36,7,2,14,4
L DL R UR ur dr FS,2,10,36,7,2,12,4
L DL ur dr R UR FS,2,10,36,7,2,10,3
L DL ur R dr UR FS,2,10,36,7,2,12,3
L DL ur R UR dr FS,2,10,36,7,2,10,3
L dr DL R ur UR FS,2,10,36,7,2,14,4
L dr DL R UR ur FS,2,10,36,7,2,14,4
L dr DL ur R UR FS,2,10,36,7,2,10,3
L dr R DL ur UR FS,2,10,36,7,2,14,4
L dr R DL UR ur FS,2,10,36,7,2,16,4
L dr R UR DL ur FS,2,10,36,7,2,12,3
L R DL dr ur UR FS,2,10,36,7,2,16,4
L R DL dr UR ur FS,2,10,36,7,2,18,4
L R DL ur dr UR FS,2,10,36,7,2,14,4
L R DL UR dr ur FS,2,10,36,7,2,16,4
L R DL ur UR dr FS,2,10,36,7,2,16,4
L R DL UR ur dr FS,2,10,36,7,2,16,4
L R dr DL ur UR FS,2,10,36,7,2,16,4
L R dr DL UR ur FS,2,10,36,7,2,18,4
L R dr UR DL ur FS,2,10,36,7,2,16,4
L R UR DL dr ur FS,2,10,36,7,2,14,4
L R UR DL ur dr FS,2,10,36,7,2,12,4
L R UR dr DL ur FS,2,10,36,7,2,14,4
R DL dr L ur UR FS,2,10,36,7,2,12,4
R DL dr L UR ur FS,2,10,36,7,2,16,4
R DL dr UR L ur FS,2,10,36,7,2,14,3
R DL L dr ur UR FS,2,10,36,7,2,12,4
R DL L dr UR ur FS,2,10,36,7,2,14,4
R DL L ur dr UR FS,2,10,36,7,2,10,3
R DL L UR dr ur FS,2,10,36,7,2,14,3
R DL L ur UR dr FS,2,10,36,7,2,12,4
R DL L UR ur dr FS,2,10,36,7,2,14,4
R DL UR dr L ur FS,2,10,36,7,2,12,3
R DL UR L dr ur FS,2,10,36,7,2,14,3
R DL UR L ur dr FS,2,10,36,7,2,12,3
R dr DL L ur UR FS,2,10,36,7,2,12,4
R dr DL L UR ur FS,2,10,36,7,2,16,4
R dr DL UR L ur FS,2,10,36,7,2,14,3
R dr FS UR DL ur L,2,10,36,7,2,10,3
R dr FS ur UR DL L,2,10,36,7,2,14,4
R dr FS UR ur DL L,2,10,36,7,2,12,4
R dr L DL ur UR FS,2,10,36,7,2,12,4
R dr L DL UR ur FS,2,10,36,7,2,14,4
R dr L UR DL ur FS,2,10,36,7,2,14,3
R dr UR DL L ur FS,2,10,36,7,2,12,3
R dr UR FS DL ur L,2,10,36,7,2,10,3
R dr ur FS UR DL L,2,10,36,7,2,12,3
R dr UR FS ur DL L,2,10,36,7,2,12,3
R dr UR L DL ur FS,2,10,36,7,2,14,3
R dr ur UR FS DL L,2,10,36,7,2,12,4
R dr UR ur FS DL L,2,10,36,7,2,14,4
R FS dr UR DL ur L,2,10,36,7,2,10,2
R FS dr ur UR DL L,2,10,36,7,2,12,4
R FS dr UR ur DL L,2,10,36,7,2,12,4
R FS UR DL dr ur L,2,10,36,7,2,10,2
R FS UR DL ur dr L,2,10,36,7,2,10,2
R FS UR dr DL ur L,2,10,36,7,2,10,2
R FS ur dr UR DL L,2,10,36,7,2,12,3
R FS UR dr ur DL L,2,10,36,7,2,10,2
R FS ur UR DL dr L,2,10,36,7,2,14,4
R FS UR ur DL dr L,2,10,36,7,2,12,4
R FS ur UR dr DL L,2,10,36,7,2,14,4
R FS UR ur dr DL L,2,10,36,7,2,12,4
R L DL dr ur UR FS,2,10,36,7,2,14,4
R L DL dr UR ur FS,2,10,36,7,2,16,4
R L DL ur dr UR FS,2,10,36,7,2,12,4
R L DL UR dr ur FS,2,10,36,7,2,14,4
R L DL ur UR dr FS,2,10,36,7,2,14,4
R L DL UR ur dr FS,2,10,36,7,2,14,4
R L dr DL ur UR FS,2,10,36,7,2,14,4
R L dr DL UR ur FS,2,10,36,7,2,16,4
R L dr UR DL ur FS,2,10,36,7,2,14,4
R L UR DL dr ur FS,2,10,36,7,2,16,4
R L UR DL ur dr FS,2,10,36,7,2,14,4
R L UR dr DL ur FS,2,10,36,7,2,16,4
R UR DL dr L ur FS,2,10,36,7,2,10,3
R UR DL L dr ur FS,2,10,36,7,2,10,3
R UR DL L ur dr FS,2,10,36,7,2,8,2
R UR dr DL L ur FS,2,10,36,7,2,10,3
R UR dr FS DL ur L,2,10,36,7,2,8,2
R ur dr FS UR DL L,2,10,36,7,2,10,3
R UR dr FS ur DL L,2,10,36,7,2,10,3
R UR dr L DL ur FS,2,10,36,7,2,10,3
R ur dr UR FS DL L,2,10,36,7,2,10,3
R UR dr ur FS DL L,2,10,36,7,2,10,3
R UR FS DL dr ur L,2,10,36,7,2,8,2
R UR FS DL ur dr L,2,10,36,7,2,8,2
R UR FS dr DL ur L,2,10,36,7,2,8,2
R ur FS dr UR DL L,2,10,36,7,2,12,3
R UR FS dr ur DL L,2,10,36,7,2,8,2
R ur FS UR DL dr L,2,10,36,7,2,12,3
R UR FS ur DL dr L,2,10,36,7,2,10,3
R ur FS UR dr DL L,2,10,36,7,2,12,3
R UR FS ur dr DL L,2,10,36,7,2,10,3
R UR L DL dr ur FS,2,10,36,7,2,12,3
R UR L DL ur dr FS,2,10,36,7,2,10,3
R UR L dr DL ur FS,2,10,36,7,2,12,3
R ur UR dr FS DL L,2,10,36,7,2,12,4
R UR ur dr FS DL L,2,10,36,7,2,10,4
R ur UR FS DL dr L,2,10,36,7,2,12,4
R UR ur FS DL dr L,2,10,36,7,2,12,4
R ur UR FS dr DL L,2,10,36,7,2,12,4
R UR ur FS dr DL L,2,10,36,7,2,12,4
ur dr FS R UR DL L,2,10,36,7,2,9,2
ur dr R FS UR DL L,2,10,36,7,2,11,3
ur dr R UR FS DL L,2,10,36,7,2,9,3
ur FS dr R UR DL L,2,10,36,7,2,11,3
ur FS R dr UR DL L,2,10,36,7,2,13,3
ur FS R UR DL dr L,2,10,36,7,2,11,3
ur FS R UR dr DL L,2,10,36,7,2,11,3
ur R dr FS UR DL L,2,10,36,7,2,11,3
ur R dr UR FS DL L,2,10,36,7,2,11,3
ur R FS dr UR DL L,2,10,36,7,2,11,3
ur R FS UR DL dr L,2,10,36,7,2,11,3
ur R FS UR dr DL L,2,10,36,7,2,11,3
ur R UR dr FS DL L,2,10,36,7,2,9,3
ur R UR FS DL dr L,2,10,36,7,2,9,3
ur R UR FS dr DL L,2,10,36,7,2,9,3
DL dr FS R UR L ur,2,10,38,6,2,10,3
DL dr R FS UR L ur,2,10,38,6,2,12,3
DL dr R UR FS L ur,2,10,38,6,2,10,3
DL FS dr R UR L ur,2,10,38,6,2,10,3
DL FS R dr UR L ur,2,10,38,6,2,12,3
DL FS R UR dr L ur,2,10,38,6,2,8,2
DL R dr FS UR L ur,2,10,38,6,2,12,3
DL R dr UR FS L ur,2,10,38,6,2,12,3
DL R FS dr UR L ur,2,10,38,6,2,12,3
DL R FS UR dr L ur,2,10,38,6,2,10,3
DL R UR dr FS L ur,2,10,38,6,2,10,3
DL R UR FS dr L ur,2,10,38,6,2,8,3
dr DL FS R UR L ur,2,10,38,6,2,10,3
dr DL R FS UR L ur,2,10,38,6,2,12,3
dr DL R UR FS L ur,2,10,38,6,2,10,3
dr FS DL R UR L ur,2,10,38,6,2,10,3
dr FS R DL UR L ur,2,10,38,6,2,12,3
dr R DL FS UR L ur,2,10,38,6,2,12,3
dr R DL UR FS L ur,2,10,38,6,2,12,3
dr R FS DL UR L ur,2,10,38,6,2,12,3
dr R UR DL FS L ur,2,10,38,6,2,10,3
FS DL dr R UR L ur,2,10,38,6,2,11,3
FS DL R dr UR L ur,2,10,38,6,2,13,3
FS DL R UR dr L ur,2,10,38,6,2,9,3
FS dr DL R UR L ur,2,10,38,6,2,11,3
FS dr R DL UR L ur,2,10,38,6,2,13,3
FS R DL dr UR L ur,2,10,38,6,2,13,3
FS R DL UR dr L ur,2,10,38,6,2,11,3
FS R dr DL UR L ur,2,10,38,6,2,13,3
R DL dr FS UR L ur,2,10,38,6,2,11,3
R DL dr UR FS L ur,2,10,38,6,2,11,3
R DL FS dr UR L ur,2,10,38,6,2,11,3
R DL FS UR dr L ur,2,10,38,6,2,9,3
R DL UR dr FS L ur,2,10,38,6,2,11,3
R DL UR FS dr L ur,2,10,38,6,2,9,3
R dr DL FS UR L ur,2,10,38,6,2,11,3
R dr DL UR FS L ur,2,10,38,6,2,11,3
R dr FS DL UR L ur,2,10,38,6,2,11,3
R dr UR DL FS L ur,2,10,38,6,2,11,3
R FS DL dr UR L ur,2,10,38,6,2,11,3
R FS DL UR dr L ur,2,10,38,6,2,9,2
R FS dr DL UR L ur,2,10,38,6,2,11,3
R UR DL dr FS L ur,2,10,38,6,2,9,2
R UR DL FS dr L ur,2,10,38,6,2,7,2
R UR dr DL FS L ur,2,10,38,6,2,9,2
DL dr L UR R ur FS,2,10,38,7,2,13,3
DL dr L ur UR R FS,2,10,38,7,2,11,4
DL dr L UR ur R FS,2,10,38,7,2,15,4
DL dr UR L R ur FS,2,10,38,7,2,17,4
DL dr UR L ur R FS,2,10,38,7,2,13,3
DL dr UR R L ur FS,2,10,38,7,2,13,4
DL FS L R ur UR dr,2,10,38,7,2,16,4
DL FS L R UR ur dr,2,10,38,7,2,14,4
DL FS L ur R UR dr,2,10,38,7,2,10,3
DL FS R L ur UR dr,2,10,38,7,2,14,4
DL FS R L UR ur dr,2,10,38,7,2,16,4
DL FS R UR L ur dr,2,10,38,7,2,10,3
DL L dr UR R ur FS,2,10,38,7,2,11,3
DL L dr ur UR R FS,2,10,38,7,2,11,4
DL L dr UR ur R FS,2,10,38,7,2,13,4
DL L FS R ur UR dr,2,10,38,7,2,14,4
DL L FS R UR ur dr,2,10,38,7,2,12,4
DL L FS ur R UR dr,2,10,38,7,2,12,3
DL L R FS ur UR dr,2,10,38,7,2,16,4
DL L R FS UR ur dr,2,10,38,7,2,14,4
DL L R ur FS UR dr,2,10,38,7,2,14,4
DL L R UR FS ur dr,2,10,38,7,2,12,4
DL L R ur UR FS dr,2,10,38,7,2,14,4
DL L R UR ur FS dr,2,10,38,7,2,14,4
DL L UR dr R ur FS,2,10,38,7,2,15,3
DL L ur dr UR R FS,2,10,38,7,2,9,2
DL L UR dr ur R FS,2,10,38,7,2,13,3
DL L ur FS R UR dr,2,10,38,7,2,10,3
DL L UR R dr ur FS,2,10,38,7,2,13,3
DL L ur R FS UR dr,2,10,38,7,2,10,3
DL L UR R ur dr FS,2,10,38,7,2,11,3
DL L ur R UR FS dr,2,10,38,7,2,8,3
DL L ur UR dr R FS,2,10,38,7,2,13,4
DL L UR ur dr R FS,2,10,38,7,2,15,4
DL L ur UR R dr FS,2,10,38,7,2,11,4
DL L UR ur R dr FS,2,10,38,7,2,15,4
DL R FS L ur UR dr,2,10,38,7,2,14,4
DL R FS L UR ur dr,2,10,38,7,2,16,4
DL R FS UR L ur dr,2,10,38,7,2,12,3
DL R L FS ur UR dr,2,10,38,7,2,18,4
DL R L FS UR ur dr,2,10,38,7,2,16,4
DL R L ur FS UR dr,2,10,38,7,2,14,4
DL R L UR FS ur dr,2,10,38,7,2,16,4
DL R L ur UR FS dr,2,10,38,7,2,14,4
DL R L UR ur FS dr,2,10,38,7,2,18,4
DL R UR FS L ur dr,2,10,38,7,2,10,3
DL R UR L FS ur dr,2,10,38,7,2,14,3
DL R UR L ur FS dr,2,10,38,7,2,12,3
DL UR dr L R ur FS,2,10,38,7,2,15,4
DL UR dr L ur R FS,2,10,38,7,2,11,3
DL UR dr R L ur FS,2,10,38,7,2,15,4
DL UR L dr R ur FS,2,10,38,7,2,15,3
DL UR L dr ur R FS,2,10,38,7,2,13,3
DL UR L R dr ur FS,2,10,38,7,2,17,4
DL UR L R ur dr FS,2,10,38,7,2,15,4
DL UR L ur dr R FS,2,10,38,7,2,13,3
DL UR L ur R dr FS,2,10,38,7,2,13,3
DL UR R dr L ur FS,2,10,38,7,2,11,3
DL UR R L dr ur FS,2,10,38,7,2,13,4
DL UR R L ur dr FS,2,10,38,7,2,11,4
dr DL L UR R ur FS,2,10,38,7,2,13,3
dr DL L ur UR R FS,2,10,38,7,2,11,4
dr DL L UR ur R FS,2,10,38,7,2,15,4
dr DL UR L R ur FS,2,10,38,7,2,17,4
dr DL UR L ur R FS,2,10,38,7,2,13,3
dr DL UR R L ur FS,2,10,38,7,2,13,4
dr FS L ur DL UR R,2,10,38,7,2,9,2
dr FS ur L DL UR R,2,10,38,7,2,9,3
dr FS UR R DL ur L,2,10,38,7,2,9,3
dr FS UR R ur DL L,2,10,38,7,2,9,3
dr FS ur UR R DL L,2,10,38,7,2,13,4
dr FS UR ur R DL L,2,10,38,7,2,13,4
dr L DL UR R ur FS,2,10,38,7,2,11,3
dr L DL ur UR R FS,2,10,38,7,2,11,4
dr L DL UR ur R FS,2,10,38,7,2,13,4
dr L FS ur DL UR R,2,10,38,7,2,11,3
dr L ur DL FS UR R,2,10,38,7,2,7,2
dr L UR DL R ur FS,2,10,38,7,2,15,3
dr L UR DL ur R FS,2,10,38,7,2,13,3
dr L ur FS DL UR R,2,10,38,7,2,9,3
dr L UR R DL ur FS,2,10,38,7,2,13,3
dr UR DL L R ur FS,2,10,38,7,2,15,4
dr UR DL L ur R FS,2,10,38,7,2,11,3
dr UR DL R L ur FS,2,10,38,7,2,15,4
dr ur FS L DL UR R,2,10,38,7,2,11,3
dr UR FS R DL ur L,2,10,38,7,2,11,3
dr UR FS R ur DL L,2,10,38,7,2,11,3
dr ur FS UR R DL L,2,10,38,7,2,11,3
dr UR FS ur R DL L,2,10,38,7,2,13,3
dr ur L DL FS UR R,2,10,38,7,2,7,2
dr UR L DL R ur FS,2,10,38,7,2,15,3
dr UR L DL ur R FS,2,10,38,7,2,13,3
dr ur L FS DL UR R,2,10,38,7,2,9,2
dr UR L R DL ur FS,2,10,38,7,2,17,4
dr UR R DL L ur FS,2,10,38,7,2,11,3
dr UR R FS DL ur L,2,10,38,7,2,9,2
dr UR R FS ur DL L,2,10,38,7,2,11,3
dr UR R L DL ur FS,2,10,38,7,2,13,4
dr UR R ur FS DL L,2,10,38,7,2,11,3
dr ur UR FS R DL L,2,10,38,7,2,13,4
dr UR ur FS R DL L,2,10,38,7,2,15,4
dr ur UR R FS DL L,2,10,38,7,2,11,4
dr UR ur R FS DL L,2,10,38,7,2,13,4
FS DL L R ur UR dr,2,10,38,7,2,15,4
FS DL L R UR ur dr,2,10,38,7,2,13,4
FS DL L ur R UR dr,2,10,38,7,2,9,3
FS DL R L ur UR dr,2,10,38,7,2,15,4
FS DL R L UR ur dr,2,10,38,7,2,17,4
FS DL R UR L ur dr,2,10,38,7,2,11,3
FS dr L ur DL UR R,2,10,38,7,2,8,2
FS dr ur L DL UR R,2,10,38,7,2,8,2
FS dr UR R DL ur L,2,10,38,7,2,10,3
FS dr UR R ur DL L,2,10,38,7,2,10,3
FS dr ur UR R DL L,2,10,38,7,2,12,4
FS dr UR ur R DL L,2,10,38,7,2,14,4
FS L DL R ur UR dr,2,10,38,7,2,15,4
FS L DL R UR ur dr,2,10,38,7,2,13,4
FS L DL ur R UR dr,2,10,38,7,2,11,3
FS L dr ur DL UR R,2,10,38,7,2,10,2
FS L R DL ur UR dr,2,10,38,7,2,17,4
FS L R DL UR ur dr,2,10,38,7,2,17,4
FS L ur DL dr UR R,2,10,38,7,2,10,2
FS L ur dr DL UR R,2,10,38,7,2,10,2
FS R DL L ur UR dr,2,10,38,7,2,13,4
FS R DL L UR ur dr,2,10,38,7,2,15,4
FS R DL UR L ur dr,2,10,38,7,2,13,3
FS R L DL ur UR dr,2,10,38,7,2,15,4
FS R L DL UR ur dr,2,10,38,7,2,15,4
FS ur dr L DL UR R,2,10,38,7,2,10,3
FS UR dr R DL ur L,2,10,38,7,2,12,3
FS UR dr R ur DL L,2,10,38,7,2,12,3
FS ur dr UR R DL L,2,10,38,7,2,12,3
FS UR dr ur R DL L,2,10,38,7,2,12,3
FS ur L DL dr UR R,2,10,38,7,2,10,3
FS ur L dr DL UR R,2,10,38,7,2,10,3
FS UR R DL dr ur L,2,10,38,7,2,10,3
FS UR R DL ur dr L,2,10,38,7,2,10,3
FS UR R dr DL ur L,2,10,38,7,2,10,3
FS UR R dr ur DL L,2,10,38,7,2,10,3
FS UR R ur DL dr L,2,10,38,7,2,10,3
FS UR R ur dr DL L,2,10,38,7,2,10,3
FS ur UR dr R DL L,2,10,38,7,2,16,4
FS UR ur dr R DL L,2,10,38,7,2,14,4
FS ur UR R DL dr L,2,10,38,7,2,14,4
FS UR ur R DL dr L,2,10,38,7,2,14,4
FS ur UR R dr DL L,2,10,38,7,2,14,4
FS UR ur R dr DL L,2,10,38,7,2,14,4
L DL dr UR R ur FS,2,10,38,7,2,12,3
L DL dr ur UR R FS,2,10,38,7,2,12,4
L DL dr UR ur R FS,2,10,38,7,2,14,4
L DL FS R ur UR dr,2,10,38,7,2,13,4
L DL FS R UR ur dr,2,10,38,7,2,11,4
L DL FS ur R UR dr,2,10,38,7,2,11,3
L DL R FS ur UR dr,2,10,38,7,2,15,4
L DL R FS UR ur dr,2,10,38,7,2,13,4
L DL R ur FS UR dr,2,10,38,7,2,13,3
L DL R UR FS ur dr,2,10,38,7,2,11,3
L DL R ur UR FS dr,2,10,38,7,2,13,4
L DL R UR ur FS dr,2,10,38,7,2,13,4
L DL UR dr R ur FS,2,10,38,7,2,14,3
L DL ur dr UR R FS,2,10,38,7,2,10,2
L DL UR dr ur R FS,2,10,38,7,2,12,3
L DL ur FS R UR dr,2,10,38,7,2,11,3
L DL UR R dr ur FS,2,10,38,7,2,12,3
L DL ur R FS UR dr,2,10,38,7,2,11,3
L DL UR R ur dr FS,2,10,38,7,2,10,3
L DL ur R UR FS dr,2,10,38,7,2,9,3
L DL ur UR dr R FS,2,10,38,7,2,14,4
L DL UR ur dr R FS,2,10,38,7,2,14,4
L DL ur UR R dr FS,2,10,38,7,2,12,4
L DL UR ur R dr FS,2,10,38,7,2,14,4
L dr DL UR R ur FS,2,10,38,7,2,12,3
L dr DL ur UR R FS,2,10,38,7,2,12,4
L dr DL UR ur R FS,2,10,38,7,2,14,4
L dr FS ur DL UR R,2,10,38,7,2,10,3
L dr ur DL FS UR R,2,10,38,7,2,8,2
L dr UR DL R ur FS,2,10,38,7,2,14,3
L dr UR DL ur R FS,2,10,38,7,2,12,3
L dr ur FS DL UR R,2,10,38,7,2,10,3
L dr UR R DL ur FS,2,10,38,7,2,12,3
L FS DL R ur UR dr,2,10,38,7,2,15,4
L FS DL R UR ur dr,2,10,38,7,2,13,4
L FS DL ur R UR dr,2,10,38,7,2,11,3
L FS dr ur DL UR R,2,10,38,7,2,10,2
L FS R DL ur UR dr,2,10,38,7,2,15,4
L FS R DL UR ur dr,2,10,38,7,2,15,4
L FS ur DL dr UR R,2,10,38,7,2,12,3
L FS ur dr DL UR R,2,10,38,7,2,12,3
L R DL FS ur UR dr,2,10,38,7,2,17,4
L R DL FS UR ur dr,2,10,38,7,2,15,4
L R DL ur FS UR dr,2,10,38,7,2,15,4
L R DL UR FS ur dr,2,10,38,7,2,15,4
L R DL ur UR FS dr,2,10,38,7,2,15,4
L R DL UR ur FS dr,2,10,38,7,2,17,4
L R FS DL ur UR dr,2,10,38,7,2,15,4
L R FS DL UR ur dr,2,10,38,7,2,15,4
L R UR DL FS ur dr,2,10,38,7,2,13,4
L R UR DL ur FS dr,2,10,38,7,2,13,4
L ur DL dr FS UR R,2,10,38,7,2,8,2
L UR DL dr R ur FS,2,10,38,7,2,16,3
L UR DL dr ur R FS,2,10,38,7,2,14,3
L ur DL FS dr UR R,2,10,38,7,2,8,2
L UR DL R dr ur FS,2,10,38,7,2,16,3
L UR DL R ur dr FS,2,10,38,7,2,14,3
L UR DL ur dr R FS,2,10,38,7,2,14,3
L UR DL ur R dr FS,2,10,38,7,2,14,3
L ur dr DL FS UR R,2,10,38,7,2,8,2
L UR dr DL R ur FS,2,10,38,7,2,16,3
L UR dr DL ur R FS,2,10,38,7,2,14,3
L ur dr FS DL UR R,2,10,38,7,2,8,2
L UR dr R DL ur FS,2,10,38,7,2,16,3
L ur FS DL dr UR R,2,10,38,7,2,10,3
L ur FS dr DL UR R,2,10,38,7,2,10,3
L UR R DL dr ur FS,2,10,38,7,2,14,3
L UR R DL ur dr FS,2,10,38,7,2,12,3
L UR R dr DL ur FS,2,10,38,7,2,14,3
R DL FS L ur UR dr,2,10,38,7,2,13,4
R DL FS L UR ur dr,2,10,38,7,2,15,4
R DL FS UR L ur dr,2,10,38,7,2,11,3
R DL L FS ur UR dr,2,10,38,7,2,15,4
R DL L FS UR ur dr,2,10,38,7,2,13,4
R DL L ur FS UR dr,2,10,38,7,2,11,3
R DL L UR FS ur dr,2,10,38,7,2,13,3
R DL L ur UR FS dr,2,10,38,7,2,11,4
R DL L UR ur FS dr,2,10,38,7,2,15,4
R DL UR FS L ur dr,2,10,38,7,2,11,3
R DL UR L FS ur dr,2,10,38,7,2,15,3
R DL UR L ur FS dr,2,10,38,7,2,13,3
R FS DL L ur UR dr,2,10,38,7,2,11,4
R FS DL L UR ur dr,2,10,38,7,2,13,4
R FS DL UR L ur dr,2,10,38,7,2,11,3
R FS L DL ur UR dr,2,10,38,7,2,13,4
R FS L DL UR ur dr,2,10,38,7,2,13,4
R L DL FS ur UR dr,2,10,38,7,2,15,4
R L DL FS UR ur dr,2,10,38,7,2,13,4
R L DL ur FS UR dr,2,10,38,7,2,13,4
R L DL UR FS ur dr,2,10,38,7,2,13,4
R L DL ur UR FS dr,2,10,38,7,2,13,4
R L DL UR ur FS dr,2,10,38,7,2,15,4
R L FS DL ur UR dr,2,10,38,7,2,15,4
R L FS DL UR ur dr,2,10,38,7,2,15,4
R L UR DL FS ur dr,2,10,38,7,2,15,4
R L UR DL ur FS dr,2,10,38,7,2,15,4
R UR DL FS L ur dr,2,10,38,7,2,9,2
R UR DL L FS ur dr,2,10,38,7,2,11,3
R UR DL L ur FS dr,2,10,38,7,2,9,3
R UR L DL FS ur dr,2,10,38,7,2,11,3
R UR L DL ur FS dr,2,10,38,7,2,11,3
UR DL dr L R ur FS,2,10,38,7,2,15,4
UR DL dr L ur R FS,2,10,38,7,2,11,3
UR DL dr R L ur FS,2,10,38,7,2,15,4
UR DL L dr R ur FS,2,10,38,7,2,13,3
UR DL L dr ur R FS,2,10,38,7,2,11,3
UR DL L R dr ur FS,2,10,38,7,2,15,4
UR DL L R ur dr FS,2,10,38,7,2,13,4
UR DL L ur dr R FS,2,10,38,7,2,11,3
UR DL L ur R dr FS,2,10,38,7,2,11,3
UR DL R dr L ur FS,2,10,38,7,2,13,3
UR DL R L dr ur FS,2,10,38,7,2,15,4
UR DL R L ur dr FS,2,10,38,7,2,13,4
UR dr DL L R ur FS,2,10,38,7,2,15,4
UR dr DL L ur R FS,2,10,38,7,2,11,3
UR dr DL R L ur FS,2,10,38,7,2,15,4
ur dr FS L DL UR R,2,10,38,7,2,9,2
UR dr FS R DL ur L,2,10,38,7,2,11,3
UR dr FS R ur DL L,2,10,38,7,2,11,3
ur dr FS UR R DL L,2,10,38,7,2,9,3
UR dr FS ur R DL L,2,10,38,7,2,13,3
ur dr L DL FS UR R,2,10,38,7,2,7,2
UR dr L DL R ur FS,2,10,38,7,2,13,3
UR dr L DL ur R FS,2,10,38,7,2,11,3
ur dr L FS DL UR R,2,10,38,7,2,9,2
UR dr L R DL ur FS,2,10,38,7,2,15,4
UR dr R DL L ur FS,2,10,38,7,2,13,3
UR dr R FS DL ur L,2,10,38,7,2,11,3
UR dr R FS ur DL L,2,10,38,7,2,13,3
UR dr R L DL ur FS,2,10,38,7,2,15,4
UR dr R ur FS DL L,2,10,38,7,2,13,3
ur dr UR FS R DL L,2,10,38,7,2,11,3
UR dr ur FS R DL L,2,10,38,7,2,13,3
ur dr UR R FS DL L,2,10,38,7,2,9,2
UR dr ur R FS DL L,2,10,38,7,2,11,3
ur FS dr L DL UR R,2,10,38,7,2,9,3
UR FS dr R DL ur L,2,10,38,7,2,11,3
UR FS dr R ur DL L,2,10,38,7,2,11,3
ur FS dr UR R DL L,2,10,38,7,2,11,3
UR FS dr ur R DL L,2,10,38,7,2,11,3
ur FS L DL dr UR R,2,10,38,7,2,11,3
ur FS L dr DL UR R,2,10,38,7,2,11,3
UR FS R DL dr ur L,2,10,38,7,2,11,3
UR FS R DL ur dr L,2,10,38,7,2,11,3
UR FS R dr DL ur L,2,10,38,7,2,11,3
UR FS R dr ur DL L,2,10,38,7,2,11,3
UR FS R ur DL dr L,2,10,38,7,2,11,3
UR FS R ur dr DL L,2,10,38,7,2,11,3
ur FS UR dr R DL L,2,10,38,7,2,13,3
UR FS ur dr R DL L,2,10,38,7,2,13,3
ur FS UR R DL dr L,2,10,38,7,2,11,3
UR FS ur R DL dr L,2,10,38,7,2,13,3
ur FS UR R dr DL L,2,10,38,7,2,11,3
UR FS ur R dr DL L,2,10,38,7,2,13,3
ur L DL dr FS UR R,2,10,38,7,2,7,2
UR L DL dr R ur FS,2,10,38,7,2,15,3
UR L DL dr ur R FS,2,10,38,7,2,13,3
ur L DL FS dr UR R,2,10,38,7,2,7,2
UR L DL R dr ur FS,2,10,38,7,2,15,3
UR L DL R ur dr FS,2,10,38,7,2,13,3
UR L DL ur dr R FS,2,10,38,7,2,13,3
UR L DL ur R dr FS,2,10,38,7,2,13,3
ur L dr DL FS UR R,2,10,38,7,2,7,2
UR L dr DL R ur FS,2,10,38,7,2,15,3
UR L dr DL ur R FS,2,10,38,7,2,13,3
ur L dr FS DL UR R,2,10,38,7,2,7,2
UR L dr R DL ur FS,2,10,38,7,2,15,3
ur L FS DL dr UR R,2,10,38,7,2,9,2
ur L FS dr DL UR R,2,10,38,7,2,9,2
UR L R DL dr ur FS,2,10,38,7,2,17,4
UR L R DL ur dr FS,2,10,38,7,2,15,4
UR L R dr DL ur FS,2,10,38,7,2,17,4
UR R DL dr L ur FS,2,10,38,7,2,11,3
UR R DL L dr ur FS,2,10,38,7,2,11,3
UR R DL L ur dr FS,2,10,38,7,2,9,3
UR R dr DL L ur FS,2,10,38,7,2,11,3
UR R dr FS DL ur L,2,10,38,7,2,9,3
UR R dr FS ur DL L,2,10,38,7,2,11,3
UR R dr L DL ur FS,2,10,38,7,2,11,3
UR R dr ur FS DL L,2,10,38,7,2,11,3
UR R FS DL dr ur L,2,10,38,7,2,9,2
UR R FS DL ur dr L,2,10,38,7,2,9,2
UR R FS dr DL ur L,2,10,38,7,2,9,2
UR R FS dr ur DL L,2,10,38,7,2,9,2
UR R FS ur DL dr L,2,10,38,7,2,11,3
UR R FS ur dr DL L,2,10,38,7,2,11,3
UR R L DL dr ur FS,2,10,38,7,2,13,4
UR R L DL ur dr FS,2,10,38,7,2,11,4
UR R L dr DL ur FS,2,10,38,7,2,13,4
UR R ur dr FS DL L,2,10,38,7,2,9,3
UR R ur FS DL dr L,2,10,38,7,2,11,3
UR R ur FS dr DL L,2,10,38,7,2,11,3
ur UR dr FS R DL L,2,10,38,7,2,13,4
UR ur dr FS R DL L,2,10,38,7,2,13,4
ur UR dr R FS DL L,2,10,38,7,2,13,4
UR ur dr R FS DL L,2,10,38,7,2,13,4
ur UR FS dr R DL L,2,10,38,7,2,13,4
UR ur FS dr R DL L,2,10,38,7,2,15,4
ur UR FS R DL dr L,2,10,38,7,2,13,4
UR ur FS R DL dr L,2,10,38,7,2,15,4
ur UR FS R dr DL L,2,10,38,7,2,13,4
UR ur FS R dr DL L,2,10,38,7,2,15,4
ur UR R dr FS DL L,2,10,38,7,2,11,4
UR ur R dr FS DL L,2,10,38,7,2,13,4
ur UR R FS DL dr L,2,10,38,7,2,11,4
UR ur R FS DL dr L,2,10,38,7,2,13,4
ur UR R FS dr DL L,2,10,38,7,2,11,4
UR ur R FS dr DL L,2,10,38,7,2,13,4
DL dr FS L UR R ur,2,10,40,6,2,12,3
DL dr FS UR L R ur,2,10,40,6,2,14,4
DL dr FS UR R L ur,2,10,40,6,2,10,4
DL dr L FS UR R ur,2,10,40,6,2,10,3
DL dr UR FS L R ur,2,10,40,6,2,14,4
DL dr UR FS R L ur,2,10,40,6,2,12,4
DL dr UR R FS L ur,2,10,40,6,2,10,2
DL FS dr L UR R ur,2,10,40,6,2,10,3
DL FS dr UR L R ur,2,10,40,6,2,14,4
DL FS dr UR R L ur,2,10,40,6,2,10,4
DL FS L dr UR R ur,2,10,40,6,2,10,3
DL FS UR dr L R ur,2,10,40,6,2,12,4
DL FS UR dr R L ur,2,10,40,6,2,12,4
DL FS UR R dr L ur,2,10,40,6,2,8,3
DL L dr FS UR R ur,2,10,40,6,2,8,3
DL L FS dr UR R ur,2,10,40,6,2,10,3
DL UR dr FS L R ur,2,10,40,6,2,14,4
DL UR dr FS R L ur,2,10,40,6,2,12,4
DL UR dr R FS L ur,2,10,40,6,2,12,3
DL UR FS dr L R ur,2,10,40,6,2,12,4
DL UR FS dr R L ur,2,10,40,6,2,12,4
DL UR FS R dr L ur,2,10,40,6,2,10,3
DL UR R dr FS L ur,2,10,40,6,2,10,3
DL UR R FS dr L ur,2,10,40,6,2,8,2
dr DL FS L UR R ur,2,10,40,6,2,12,3
dr DL FS UR L R ur,2,10,40,6,2,14,4
dr DL FS UR R L ur,2,10,40,6,2,10,4
dr DL L FS UR R ur,2,10,40,6,2,10,3
dr DL UR FS L R ur,2,10,40,6,2,14,4
dr DL UR FS R L ur,2,10,40,6,2,12,4
dr DL UR R FS L ur,2,10,40,6,2,10,2
dr FS DL L UR R ur,2,10,40,6,2,10,3
dr FS DL UR L R ur,2,10,40,6,2,14,4
dr FS DL UR R L ur,2,10,40,6,2,10,4
dr FS L DL UR R ur,2,10,40,6,2,10,3
dr FS UR DL L R ur,2,10,40,6,2,12,4
dr FS UR DL R L ur,2,10,40,6,2,12,4
dr L DL FS UR R ur,2,10,40,6,2,8,3
dr L FS DL UR R ur,2,10,40,6,2,10,3
dr UR DL FS L R ur,2,10,40,6,2,14,4
dr UR DL FS R L ur,2,10,40,6,2,12,4
dr UR DL R FS L ur,2,10,40,6,2,12,3
dr UR FS DL L R ur,2,10,40,6,2,12,4
dr UR FS DL R L ur,2,10,40,6,2,12,4
dr UR R DL FS L ur,2,10,40,6,2,10,3
FS DL dr L UR R ur,2,10,40,6,2,11,3
FS DL dr UR L R ur,2,10,40,6,2,15,4
FS DL dr UR R L ur,2,10,40,6,2,11,4
FS DL L dr UR R ur,2,10,40,6,2,9,3
FS DL UR dr L R ur,2,10,40,6,2,13,4
FS DL UR dr R L ur,2,10,40,6,2,13,4
FS DL UR R dr L ur,2,10,40,6,2,9,3
FS dr DL L UR R ur,2,10,40,6,2,11,3
FS dr DL UR L R ur,2,10,40,6,2,15,4
FS dr DL UR R L ur,2,10,40,6,2,11,4
FS dr L DL UR R ur,2,10,40,6,2,9,3
FS dr UR DL L R ur,2,10,40,6,2,13,4
FS dr UR DL R L ur,2,10,40,6,2,13,4
FS L DL dr UR R ur,2,10,40,6,2,11,3
FS L dr DL UR R ur,2,10,40,6,2,11,3
FS UR DL dr L R ur,2,10,40,6,2,13,4
FS UR DL dr R L ur,2,10,40,6,2,13,4
FS UR DL R dr L ur,2,10,40,6,2,11,3
FS UR dr DL L R ur,2,10,40,6,2,13,4
FS UR dr DL R L ur,2,10,40,6,2,13,4
L DL dr FS UR R ur,2,10,40,6,2,9,3
L DL FS dr UR R ur,2,10,40,6,2,9,3
L dr DL FS UR R ur,2,10,40,6,2,9,3
L dr FS DL UR R ur,2,10,40,6,2,9,3
L FS DL dr UR R ur,2,10,40,6,2,11,3
L FS dr DL UR R ur,2,10,40,6,2,11,3
UR DL dr FS L R ur,2,10,40,6,2,14,4
UR DL dr FS R L ur,2,10,40,6,2,12,4
UR DL dr R FS L ur,2,10,40,6,2,12,3
UR DL FS dr L R ur,2,10,40,6,2,12,4
UR DL FS dr R L ur,2,10,40,6,2,12,4
UR DL FS R dr L ur,2,10,40,6,2,10,3
UR DL R dr FS L ur,2,10,40,6,2,12,3
UR DL R FS dr L ur,2,10,40,6,2,10,3
UR dr DL FS L R ur,2,10,40,6,2,14,4
UR dr DL FS R L ur,2,10,40,6,2,12,4
UR dr DL R FS L ur,2,10,40,6,2,12,3
UR dr FS DL L R ur,2,10,40,6,2,12,4
UR dr FS DL R L ur,2,10,40,6,2,12,4
UR dr R DL FS L ur,2,10,40,6,2,12,3
UR FS DL dr L R ur,2,10,40,6,2,12,4
UR FS DL dr R L ur,2,10,40,6,2,12,4
UR FS DL R dr L ur,2,10,40,6,2,10,3
UR FS dr DL L R ur,2,10,40,6,2,12,4
UR FS dr DL R L ur,2,10,40,6,2,12,4
UR R DL dr FS L ur,2,10,40,6,2,10,3
UR R DL FS dr L ur,2,10,40,6,2,8,3
UR R dr DL FS L ur,2,10,40,6,2,10,3
DL FS L UR R ur dr,2,10,40,7,2,12,3
DL FS L ur UR R dr,2,10,40,7,2,12,4
DL FS L UR ur R dr,2,10,40,7,2,16,4
DL FS UR L R ur dr,2,10,40,7,2,14,4
DL FS UR L ur R dr,2,10,40,7,2,12,3
DL FS UR R L ur dr,2,10,40,7,2,10,4
DL L FS UR R ur dr,2,10,40,7,2,10,3
DL L FS ur UR R dr,2,10,40,7,2,14,4
DL L FS UR ur R dr,2,10,40,7,2,14,4
DL L UR FS R ur dr,2,10,40,7,2,12,3
DL L ur FS UR R dr,2,10,40,7,2,10,3
DL L UR FS ur R dr,2,10,40,7,2,14,3
DL L UR R FS ur dr,2,10,40,7,2,12,3
DL L UR R ur FS dr,2,10,40,7,2,12,3
DL L ur UR FS R dr,2,10,40,7,2,12,4
DL L UR ur FS R dr,2,10,40,7,2,16,4
DL L ur UR R FS dr,2,10,40,7,2,10,4
DL L UR ur R FS dr,2,10,40,7,2,14,4
DL UR FS L R ur dr,2,10,40,7,2,14,4
DL UR FS L ur R dr,2,10,40,7,2,12,3
DL UR FS R L ur dr,2,10,40,7,2,12,4
DL UR L FS R ur dr,2,10,40,7,2,14,3
DL UR L FS ur R dr,2,10,40,7,2,16,3
DL UR L R FS ur dr,2,10,40,7,2,16,4
DL UR L R ur FS dr,2,10,40,7,2,16,4
DL UR L ur FS R dr,2,10,40,7,2,14,3
DL UR L ur R FS dr,2,10,40,7,2,12,3
DL UR R FS L ur dr,2,10,40,7,2,10,2
DL UR R L FS ur dr,2,10,40,7,2,14,4
DL UR R L ur FS dr,2,10,40,7,2,12,4
FS DL L UR R ur dr,2,10,40,7,2,11,3
FS DL L ur UR R dr,2,10,40,7,2,11,4
FS DL L UR ur R dr,2,10,40,7,2,15,4
FS DL UR L R ur dr,2,10,40,7,2,15,4
FS DL UR L ur R dr,2,10,40,7,2,13,3
FS DL UR R L ur dr,2,10,40,7,2,11,4
FS L DL UR R ur dr,2,10,40,7,2,11,3
FS L DL ur UR R dr,2,10,40,7,2,13,4
FS L DL UR ur R dr,2,10,40,7,2,15,4
FS L UR DL R ur dr,2,10,40,7,2,15,3
FS L UR DL ur R dr,2,10,40,7,2,15,3
FS UR DL L R ur dr,2,10,40,7,2,13,4
FS UR DL L ur R dr,2,10,40,7,2,11,3
FS UR DL R L ur dr,2,10,40,7,2,13,4
FS UR L DL R ur dr,2,10,40,7,2,13,3
FS UR L DL ur R dr,2,10,40,7,2,13,3
L DL FS UR R ur dr,2,10,40,7,2,9,3
L DL FS ur UR R dr,2,10,40,7,2,13,4
L DL FS UR ur R dr,2,10,40,7,2,13,4
L DL UR FS R ur dr,2,10,40,7,2,11,3
L DL ur FS UR R dr,2,10,40,7,2,11,3
L DL UR FS ur R dr,2,10,40,7,2,13,3
L DL UR R FS ur dr,2,10,40,7,2,11,3
L DL UR R ur FS dr,2,10,40,7,2,11,3
L DL ur UR FS R dr,2,10,40,7,2,13,4
L DL UR ur FS R dr,2,10,40,7,2,15,4
L DL ur UR R FS dr,2,10,40,7,2,11,4
L DL UR ur R FS dr,2,10,40,7,2,13,4
L FS DL UR R ur dr,2,10,40,7,2,11,3
L FS DL ur UR R dr,2,10,40,7,2,13,4
L FS DL UR ur R dr,2,10,40,7,2,15,4
L FS UR DL R ur dr,2,10,40,7,2,13,3
L FS UR DL ur R dr,2,10,40,7,2,13,3
L UR DL FS R ur dr,2,10,40,7,2,13,3
L UR DL FS ur R dr,2,10,40,7,2,15,3
L UR DL R FS ur dr,2,10,40,7,2,15,3
L UR DL R ur FS dr,2,10,40,7,2,15,3
L UR DL ur FS R dr,2,10,40,7,2,15,3
L UR DL ur R FS dr,2,10,40,7,2,13,3
L UR FS DL R ur dr,2,10,40,7,2,13,3
L UR FS DL ur R dr,2,10,40,7,2,13,3
L UR R DL FS ur dr,2,10,40,7,2,13,3
L UR R DL ur FS dr,2,10,40,7,2,13,3
UR DL FS L R ur dr,2,10,40,7,2,14,4
UR DL FS L ur R dr,2,10,40,7,2,12,3
UR DL FS R L ur dr,2,10,40,7,2,12,4
UR DL L FS R ur dr,2,10,40,7,2,12,3
UR DL L FS ur R dr,2,10,40,7,2,14,3
UR DL L R FS ur dr,2,10,40,7,2,14,4
UR DL L R ur FS dr,2,10,40,7,2,14,4
UR DL L ur FS R dr,2,10,40,7,2,12,3
UR DL L ur R FS dr,2,10,40,7,2,10,3
UR DL R FS L ur dr,2,10,40,7,2,12,3
UR DL R L FS ur dr,2,10,40,7,2,16,4
UR DL R L ur FS dr,2,10,40,7,2,14,4
UR FS DL L R ur dr,2,10,40,7,2,12,4
UR FS DL L ur R dr,2,10,40,7,2,10,3
UR FS DL R L ur dr,2,10,40,7,2,12,4
UR FS L DL R ur dr,2,10,40,7,2,12,3
UR FS L DL ur R dr,2,10,40,7,2,12,3
UR L DL FS R ur dr,2,10,40,7,2,12,3
UR L DL FS ur R dr,2,10,40,7,2,14,3
UR L DL R FS ur dr,2,10,40,7,2,14,3
UR L DL R ur FS dr,2,10,40,7,2,14,3
UR L DL ur FS R dr,2,10,40,7,2,14,3
UR L DL ur R FS dr,2,10,40,7,2,12,3
UR L FS DL R ur dr,2,10,40,7,2,14,3
UR L FS DL ur R dr,2,10,40,7,2,14,3
UR L R DL FS ur dr,2,10,40,7,2,16,4
UR L R DL ur FS dr,2,10,40,7,2,16,4
UR R DL FS L ur dr,2,10,40,7,2,10,3
UR R DL L FS ur dr,2,10,40,7,2,12,3
UR R DL L ur FS dr,2,10,40,7,2,10,3
UR R L DL FS ur dr,2,10,40,7,2,12,4
UR R L DL ur FS dr,2,10,40,7,2,12,4
dr FS L R ur DL UR,2,10,40,8,2,14,4
dr FS L R ur UR DL,2,10,40,8,2,16,4
dr FS L R UR ur DL,2,10,40,8,2,14,4
dr FS L ur DL R UR,2,10,40,8,2,10,3
dr FS L ur R DL UR,2,10,40,8,2,12,3
dr FS L ur R UR DL,2,10,40,8,2,10,3
dr FS R L ur DL UR,2,10,40,8,2,12,4
dr FS R L ur UR DL,2,10,40,8,2,14,4
dr FS R L UR ur DL,2,10,40,8,2,16,4
dr FS R ur L DL UR,2,10,40,8,2,10,3
dr FS R ur L UR DL,2,10,40,8,2,12,3
dr FS R UR L ur DL,2,10,40,8,2,10,3
dr FS R ur UR L DL,2,10,40,8,2,14,4
dr FS R UR ur L DL,2,10,40,8,2,10,4
dr FS ur L DL R UR,2,10,40,8,2,10,3
dr FS ur L R DL UR,2,10,40,8,2,14,4
dr FS ur L R UR DL,2,10,40,8,2,12,4
dr FS ur R L DL UR,2,10,40,8,2,14,4
dr FS ur R L UR DL,2,10,40,8,2,16,4
dr FS ur R UR L DL,2,10,40,8,2,12,3
dr L FS R ur DL UR,2,10,40,8,2,12,3
dr L FS R ur UR DL,2,10,40,8,2,14,4
dr L FS R UR ur DL,2,10,40,8,2,12,4
dr L FS ur DL R UR,2,10,40,8,2,12,3
dr L FS ur R DL UR,2,10,40,8,2,14,3
dr L FS ur R UR DL,2,10,40,8,2,12,3
dr L R FS ur DL UR,2,10,40,8,2,14,4
dr L R FS ur UR DL,2,10,40,8,2,16,4
dr L R FS UR ur DL,2,10,40,8,2,14,4
dr L R ur DL FS UR,2,10,40,8,2,12,4
dr L R ur FS DL UR,2,10,40,8,2,14,4
dr L R ur FS UR DL,2,10,40,8,2,14,4
dr L R UR FS ur DL,2,10,40,8,2,12,4
dr L R ur UR FS DL,2,10,40,8,2,14,4
dr L R UR ur FS DL,2,10,40,8,2,14,4
dr L ur DL FS R UR,2,10,40,8,2,8,2
dr L ur DL R FS UR,2,10,40,8,2,10,3
dr L ur FS DL R UR,2,10,40,8,2,10,3
dr L ur FS R DL UR,2,10,40,8,2,12,3
dr L ur FS R UR DL,2,10,40,8,2,10,3
dr L ur R DL FS UR,2,10,40,8,2,10,3
dr L ur R FS DL UR,2,10,40,8,2,10,3
dr L ur R FS UR DL,2,10,40,8,2,10,3
dr L ur R UR FS DL,2,10,40,8,2,8,3
dr R FS L ur DL UR,2,10,40,8,2,12,3
dr R FS L ur UR DL,2,10,40,8,2,14,4
dr R FS L UR ur DL,2,10,40,8,2,16,4
dr R FS ur L DL UR,2,10,40,8,2,12,3
dr R FS ur L UR DL,2,10,40,8,2,14,3
dr R FS UR L ur DL,2,10,40,8,2,12,3
dr R FS ur UR L DL,2,10,40,8,2,16,4
dr R FS UR ur L DL,2,10,40,8,2,12,4
dr R L FS ur DL UR,2,10,40,8,2,16,4
dr R L FS ur UR DL,2,10,40,8,2,18,4
dr R L FS UR ur DL,2,10,40,8,2,16,4
dr R L ur DL FS UR,2,10,40,8,2,12,4
dr R L ur FS DL UR,2,10,40,8,2,14,4
dr R L ur FS UR DL,2,10,40,8,2,14,4
dr R L UR FS ur DL,2,10,40,8,2,16,4
dr R L ur UR FS DL,2,10,40,8,2,14,4
dr R L UR ur FS DL,2,10,40,8,2,18,4
dr R ur FS L DL UR,2,10,40,8,2,14,3
dr R ur FS L UR DL,2,10,40,8,2,16,3
dr R UR FS L ur DL,2,10,40,8,2,10,3
dr R ur FS UR L DL,2,10,40,8,2,14,3
dr R UR FS ur L DL,2,10,40,8,2,10,3
dr R ur L DL FS UR,2,10,40,8,2,10,3
dr R ur L FS DL UR,2,10,40,8,2,12,3
dr R ur L FS UR DL,2,10,40,8,2,12,3
dr R UR L FS ur DL,2,10,40,8,2,14,3
dr R ur L UR FS DL,2,10,40,8,2,12,3
dr R UR L ur FS DL,2,10,40,8,2,12,3
dr R ur UR FS L DL,2,10,40,8,2,14,4
dr R UR ur FS L DL,2,10,40,8,2,14,4
dr R ur UR L FS DL,2,10,40,8,2,16,4
dr R UR ur L FS DL,2,10,40,8,2,12,4
dr ur FS L DL R UR,2,10,40,8,2,12,3
dr ur FS L R DL UR,2,10,40,8,2,16,4
dr ur FS L R UR DL,2,10,40,8,2,14,4
dr ur FS R L DL UR,2,10,40,8,2,14,4
dr ur FS R L UR DL,2,10,40,8,2,16,4
dr ur FS R UR L DL,2,10,40,8,2,12,3
dr ur L DL FS R UR,2,10,40,8,2,8,2
dr ur L DL R FS UR,2,10,40,8,2,10,3
dr ur L FS DL R UR,2,10,40,8,2,10,3
dr ur L FS R DL UR,2,10,40,8,2,12,3
dr ur L FS R UR DL,2,10,40,8,2,10,2
dr ur L R DL FS UR,2,10,40,8,2,12,4
dr ur L R FS DL UR,2,10,40,8,2,12,4
dr ur L R FS UR DL,2,10,40,8,2,12,4
dr ur L R UR FS DL,2,10,40,8,2,10,4
dr ur R FS L DL UR,2,10,40,8,2,12,3
dr ur R FS L UR DL,2,10,40,8,2,14,3
dr ur R FS UR L DL,2,10,40,8,2,12,3
dr ur R L DL FS UR,2,10,40,8,2,12,4
dr ur R L FS DL UR,2,10,40,8,2,14,4
dr ur R L FS UR DL,2,10,40,8,2,14,4
dr ur R L UR FS DL,2,10,40,8,2,14,4
dr ur R UR FS L DL,2,10,40,8,2,10,3
dr ur R UR L FS DL,2,10,40,8,2,12,3
FS dr L R ur DL UR,2,10,40,8,2,13,4
FS dr L R ur UR DL,2,10,40,8,2,15,4
FS dr L R UR ur DL,2,10,40,8,2,13,4
FS dr L ur DL R UR,2,10,40,8,2,9,3
FS dr L ur R DL UR,2,10,40,8,2,11,3
FS dr L ur R UR DL,2,10,40,8,2,9,3
FS dr R L ur DL UR,2,10,40,8,2,13,4
FS dr R L ur UR DL,2,10,40,8,2,15,4
FS dr R L UR ur DL,2,10,40,8,2,17,4
FS dr R ur L DL UR,2,10,40,8,2,11,3
FS dr R ur L UR DL,2,10,40,8,2,13,3
FS dr R UR L ur DL,2,10,40,8,2,11,3
FS dr R ur UR L DL,2,10,40,8,2,15,4
FS dr R UR ur L DL,2,10,40,8,2,11,4
FS dr ur L DL R UR,2,10,40,8,2,9,3
FS dr ur L R DL UR,2,10,40,8,2,13,4
FS dr ur L R UR DL,2,10,40,8,2,11,4
FS dr ur R L DL UR,2,10,40,8,2,13,4
FS dr ur R L UR DL,2,10,40,8,2,15,4
FS dr ur R UR L DL,2,10,40,8,2,11,3
FS L dr R ur DL UR,2,10,40,8,2,13,3
FS L dr R ur UR DL,2,10,40,8,2,15,4
FS L dr R UR ur DL,2,10,40,8,2,13,4
FS L dr ur DL R UR,2,10,40,8,2,11,3
FS L dr ur R DL UR,2,10,40,8,2,13,3
FS L dr ur R UR DL,2,10,40,8,2,11,3
FS L R dr ur DL UR,2,10,40,8,2,15,4
FS L R dr ur UR DL,2,10,40,8,2,17,4
FS L R dr UR ur DL,2,10,40,8,2,17,4
FS L R ur DL dr UR,2,10,40,8,2,15,4
FS L R ur dr DL UR,2,10,40,8,2,15,4
FS L R ur dr UR DL,2,10,40,8,2,15,4
FS L R UR dr ur DL,2,10,40,8,2,13,4
FS L R ur UR dr DL,2,10,40,8,2,17,4
FS L R UR ur dr DL,2,10,40,8,2,15,4
FS L ur DL dr R UR,2,10,40,8,2,11,3
FS L ur DL R dr UR,2,10,40,8,2,13,3
FS L ur dr DL R UR,2,10,40,8,2,11,3
FS L ur dr R DL UR,2,10,40,8,2,13,3
FS L ur dr R UR DL,2,10,40,8,2,11,3
FS L ur R DL dr UR,2,10,40,8,2,13,3
FS L ur R dr DL UR,2,10,40,8,2,13,3
FS L ur R dr UR DL,2,10,40,8,2,13,3
FS L ur R UR dr DL,2,10,40,8,2,11,3
FS R dr L ur DL UR,2,10,40,8,2,11,3
FS R dr L ur UR DL,2,10,40,8,2,13,4
FS R dr L UR ur DL,2,10,40,8,2,15,4
FS R dr ur L DL UR,2,10,40,8,2,11,3
FS R dr ur L UR DL,2,10,40,8,2,13,3
FS R dr UR L ur DL,2,10,40,8,2,13,3
FS R dr ur UR L DL,2,10,40,8,2,15,4
FS R dr UR ur L DL,2,10,40,8,2,13,4
FS R L dr ur DL UR,2,10,40,8,2,13,4
FS R L dr ur UR DL,2,10,40,8,2,15,4
FS R L dr UR ur DL,2,10,40,8,2,15,4
FS R L ur DL dr UR,2,10,40,8,2,13,4
FS R L ur dr DL UR,2,10,40,8,2,13,4
FS R L ur dr UR DL,2,10,40,8,2,13,4
FS R L UR dr ur DL,2,10,40,8,2,15,4
FS R L ur UR dr DL,2,10,40,8,2,15,4
FS R L UR ur dr DL,2,10,40,8,2,17,4
FS R ur dr L DL UR,2,10,40,8,2,11,3
FS R ur dr L UR DL,2,10,40,8,2,13,3
FS R UR dr L ur DL,2,10,40,8,2,9,2
FS R ur dr UR L DL,2,10,40,8,2,13,3
FS R UR dr ur L DL,2,10,40,8,2,9,2
FS R ur L DL dr UR,2,10,40,8,2,11,3
FS R ur L dr DL UR,2,10,40,8,2,11,3
FS R ur L dr UR DL,2,10,40,8,2,11,3
FS R UR L dr ur DL,2,10,40,8,2,11,3
FS R ur L UR dr DL,2,10,40,8,2,13,3
FS R UR L ur dr DL,2,10,40,8,2,11,3
FS R ur UR dr L DL,2,10,40,8,2,13,4
FS R UR ur dr L DL,2,10,40,8,2,11,4
FS R ur UR L dr DL,2,10,40,8,2,15,4
FS R UR ur L dr DL,2,10,40,8,2,11,4
FS ur dr L DL R UR,2,10,40,8,2,11,3
FS ur dr L R DL UR,2,10,40,8,2,15,4
FS ur dr L R UR DL,2,10,40,8,2,13,4
FS ur dr R L DL UR,2,10,40,8,2,15,4
FS ur dr R L UR DL,2,10,40,8,2,17,4
FS ur dr R UR L DL,2,10,40,8,2,13,3
FS ur L DL dr R UR,2,10,40,8,2,11,3
FS ur L DL R dr UR,2,10,40,8,2,13,3
FS ur L dr DL R UR,2,10,40,8,2,11,3
FS ur L dr R DL UR,2,10,40,8,2,13,3
FS ur L dr R UR DL,2,10,40,8,2,11,3
FS ur L R DL dr UR,2,10,40,8,2,15,4
FS ur L R dr DL UR,2,10,40,8,2,15,4
FS ur L R dr UR DL,2,10,40,8,2,15,4
FS ur L R UR dr DL,2,10,40,8,2,13,4
FS ur R dr L DL UR,2,10,40,8,2,13,3
FS ur R dr L UR DL,2,10,40,8,2,15,3
FS ur R dr UR L DL,2,10,40,8,2,15,3
FS ur R L DL dr UR,2,10,40,8,2,15,4
FS ur R L dr DL UR,2,10,40,8,2,15,4
FS ur R L dr UR DL,2,10,40,8,2,15,4
FS ur R L UR dr DL,2,10,40,8,2,17,4
FS ur R UR dr L DL,2,10,40,8,2,11,3
FS ur R UR L dr DL,2,10,40,8,2,13,3
L dr FS R ur DL UR,2,10,40,8,2,11,3
L dr FS R ur UR DL,2,10,40,8,2,13,4
L dr FS R UR ur DL,2,10,40,8,2,11,4
L dr FS ur DL R UR,2,10,40,8,2,11,3
L dr FS ur R DL UR,2,10,40,8,2,13,3
L dr FS ur R UR DL,2,10,40,8,2,11,3
L dr R FS ur DL UR,2,10,40,8,2,13,3
L dr R FS ur UR DL,2,10,40,8,2,15,4
L dr R FS UR ur DL,2,10,40,8,2,13,4
L dr R ur DL FS UR,2,10,40,8,2,11,3
L dr R ur FS DL UR,2,10,40,8,2,13,3
L dr R ur FS UR DL,2,10,40,8,2,13,3
L dr R UR FS ur DL,2,10,40,8,2,11,3
L dr R ur UR FS DL,2,10,40,8,2,13,4
L dr R UR ur FS DL,2,10,40,8,2,13,4
L dr ur DL FS R UR,2,10,40,8,2,9,2
L dr ur DL R FS UR,2,10,40,8,2,11,3
L dr ur FS DL R UR,2,10,40,8,2,11,3
L dr ur FS R DL UR,2,10,40,8,2,13,3
L dr ur FS R UR DL,2,10,40,8,2,11,3
L dr ur R DL FS UR,2,10,40,8,2,11,3
L dr ur R FS DL UR,2,10,40,8,2,11,3
L dr ur R FS UR DL,2,10,40,8,2,11,3
L dr ur R UR FS DL,2,10,40,8,2,9,3
L FS dr R ur DL UR,2,10,40,8,2,13,3
L FS dr R ur UR DL,2,10,40,8,2,15,4
L FS dr R UR ur DL,2,10,40,8,2,13,4
L FS dr ur DL R UR,2,10,40,8,2,11,3
L FS dr ur R DL UR,2,10,40,8,2,13,3
L FS dr ur R UR DL,2,10,40,8,2,11,3
L FS R dr ur DL UR,2,10,40,8,2,13,3
L FS R dr ur UR DL,2,10,40,8,2,15,4
L FS R dr UR ur DL,2,10,40,8,2,15,4
L FS R ur DL dr UR,2,10,40,8,2,13,3
L FS R ur dr DL UR,2,10,40,8,2,13,3
L FS R ur dr UR DL,2,10,40,8,2,13,3
L FS R UR dr ur DL,2,10,40,8,2,11,2
L FS R ur UR dr DL,2,10,40,8,2,15,4
L FS R UR ur dr DL,2,10,40,8,2,13,4
L FS ur DL dr R UR,2,10,40,8,2,13,3
L FS ur DL R dr UR,2,10,40,8,2,15,3
L FS ur dr DL R UR,2,10,40,8,2,13,3
L FS ur dr R DL UR,2,10,40,8,2,15,3
L FS ur dr R UR DL,2,10,40,8,2,13,3
L FS ur R DL dr UR,2,10,40,8,2,15,3
L FS ur R dr DL UR,2,10,40,8,2,15,3
L FS ur R dr UR DL,2,10,40,8,2,15,3
L FS ur R UR dr DL,2,10,40,8,2,13,3
L R dr FS ur DL UR,2,10,40,8,2,15,4
L R dr FS ur UR DL,2,10,40,8,2,17,4
L R dr FS UR ur DL,2,10,40,8,2,15,4
L R dr ur DL FS UR,2,10,40,8,2,13,4
L R dr ur FS DL UR,2,10,40,8,2,15,4
L R dr ur FS UR DL,2,10,40,8,2,15,4
L R dr UR FS ur DL,2,10,40,8,2,15,4
L R dr ur UR FS DL,2,10,40,8,2,15,4
L R dr UR ur FS DL,2,10,40,8,2,17,4
L R FS dr ur DL UR,2,10,40,8,2,13,4
L R FS dr ur UR DL,2,10,40,8,2,15,4
L R FS dr UR ur DL,2,10,40,8,2,15,4
L R FS ur DL dr UR,2,10,40,8,2,15,4
L R FS ur dr DL UR,2,10,40,8,2,15,4
L R FS ur dr UR DL,2,10,40,8,2,15,4
L R FS UR dr ur DL,2,10,40,8,2,13,4
L R FS ur UR dr DL,2,10,40,8,2,17,4
L R FS UR ur dr DL,2,10,40,8,2,15,4
L R ur DL dr FS UR,2,10,40,8,2,13,4
L R ur DL FS dr UR,2,10,40,8,2,13,4
L R ur dr DL FS UR,2,10,40,8,2,13,4
L R ur dr FS DL UR,2,10,40,8,2,13,4
L R ur dr FS UR DL,2,10,40,8,2,13,4
L R UR dr FS ur DL,2,10,40,8,2,13,4
L R ur dr UR FS DL,2,10,40,8,2,13,4
L R UR dr ur FS DL,2,10,40,8,2,13,4
L R ur FS DL dr UR,2,10,40,8,2,15,4
L R ur FS dr DL UR,2,10,40,8,2,15,4
L R ur FS dr UR DL,2,10,40,8,2,15,4
L R UR FS dr ur DL,2,10,40,8,2,11,4
L R ur FS UR dr DL,2,10,40,8,2,15,4
L R UR FS ur dr DL,2,10,40,8,2,13,4
L R ur UR dr FS DL,2,10,40,8,2,15,4
L R UR ur dr FS DL,2,10,40,8,2,13,4
L R ur UR FS dr DL,2,10,40,8,2,15,4
L R UR ur FS dr DL,2,10,40,8,2,15,4
L ur DL dr FS R UR,2,10,40,8,2,9,2
L ur DL dr R FS UR,2,10,40,8,2,11,3
L ur DL FS dr R UR,2,10,40,8,2,9,3
L ur DL FS R dr UR,2,10,40,8,2,11,3
L ur DL R dr FS UR,2,10,40,8,2,11,3
L ur DL R FS dr UR,2,10,40,8,2,11,3
L ur dr DL FS R UR,2,10,40,8,2,9,2
L ur dr DL R FS UR,2,10,40,8,2,11,3
L ur dr FS DL R UR,2,10,40,8,2,9,3
L ur dr FS R DL UR,2,10,40,8,2,11,3
L ur dr FS R UR DL,2,10,40,8,2,9,2
L ur dr R DL FS UR,2,10,40,8,2,11,3
L ur dr R FS DL UR,2,10,40,8,2,11,3
L ur dr R FS UR DL,2,10,40,8,2,11,3
L ur dr R UR FS DL,2,10,40,8,2,9,3
L ur FS DL dr R UR,2,10,40,8,2,11,3
L ur FS DL R dr UR,2,10,40,8,2,13,3
L ur FS dr DL R UR,2,10,40,8,2,11,3
L ur FS dr R DL UR,2,10,40,8,2,13,3
L ur FS dr R UR DL,2,10,40,8,2,11,3
L ur FS R DL dr UR,2,10,40,8,2,13,3
L ur FS R dr DL UR,2,10,40,8,2,13,3
L ur FS R dr UR DL,2,10,40,8,2,13,3
L ur FS R UR dr DL,2,10,40,8,2,11,3
L ur R DL dr FS UR,2,10,40,8,2,11,3
L ur R DL FS dr UR,2,10,40,8,2,11,3
L ur R dr DL FS UR,2,10,40,8,2,11,3
L ur R dr FS DL UR,2,10,40,8,2,11,3
L ur R dr FS UR DL,2,10,40,8,2,11,3
L ur R dr UR FS DL,2,10,40,8,2,11,3
L ur R FS DL dr UR,2,10,40,8,2,11,3
L ur R FS dr DL UR,2,10,40,8,2,11,3
L ur R FS dr UR DL,2,10,40,8,2,11,3
L ur R FS UR dr DL,2,10,40,8,2,11,3
L ur R UR dr FS DL,2,10,40,8,2,9,3
L ur R UR FS dr DL,2,10,40,8,2,9,3
R dr FS L ur DL UR,2,10,40,8,2,11,3
R dr FS L ur UR DL,2,10,40,8,2,13,4
R dr FS L UR ur DL,2,10,40,8,2,15,4
R dr FS ur L DL UR,2,10,40,8,2,11,3
R dr FS ur L UR DL,2,10,40,8,2,13,3
R dr FS UR L ur DL,2,10,40,8,2,11,3
R dr FS ur UR L DL,2,10,40,8,2,15,4
R dr FS UR ur L DL,2,10,40,8,2,11,4
R dr L FS ur DL UR,2,10,40,8,2,13,3
R dr L FS ur UR DL,2,10,40,8,2,15,4
R dr L FS UR ur DL,2,10,40,8,2,13,4
R dr L ur DL FS UR,2,10,40,8,2,9,3
R dr L ur FS DL UR,2,10,40,8,2,11,3
R dr L ur FS UR DL,2,10,40,8,2,11,3
R dr L UR FS ur DL,2,10,40,8,2,13,3
R dr L ur UR FS DL,2,10,40,8,2,11,4
R dr L UR ur FS DL,2,10,40,8,2,15,4
R dr ur FS L DL UR,2,10,40,8,2,13,3
R dr ur FS L UR DL,2,10,40,8,2,15,3
R dr UR FS L ur DL,2,10,40,8,2,11,3
R dr ur FS UR L DL,2,10,40,8,2,13,3
R dr UR FS ur L DL,2,10,40,8,2,11,3
R dr ur L DL FS UR,2,10,40,8,2,9,3
R dr ur L FS DL UR,2,10,40,8,2,11,3
R dr ur L FS UR DL,2,10,40,8,2,11,3
R dr UR L FS ur DL,2,10,40,8,2,15,3
R dr ur L UR FS DL,2,10,40,8,2,11,3
R dr UR L ur FS DL,2,10,40,8,2,13,3
R dr ur UR FS L DL,2,10,40,8,2,13,4
R dr UR ur FS L DL,2,10,40,8,2,15,4
R dr ur UR L FS DL,2,10,40,8,2,15,4
R dr UR ur L FS DL,2,10,40,8,2,13,4
R FS dr L ur DL UR,2,10,40,8,2,9,2
R FS dr L ur UR DL,2,10,40,8,2,11,4
R FS dr L UR ur DL,2,10,40,8,2,13,4
R FS dr ur L DL UR,2,10,40,8,2,9,2
R FS dr ur L UR DL,2,10,40,8,2,11,3
R FS dr UR L ur DL,2,10,40,8,2,11,3
R FS dr ur UR L DL,2,10,40,8,2,13,4
R FS dr UR ur L DL,2,10,40,8,2,11,4
R FS L dr ur DL UR,2,10,40,8,2,11,2
R FS L dr ur UR DL,2,10,40,8,2,13,4
R FS L dr UR ur DL,2,10,40,8,2,13,4
R FS L ur DL dr UR,2,10,40,8,2,11,2
R FS L ur dr DL UR,2,10,40,8,2,11,2
R FS L ur dr UR DL,2,10,40,8,2,11,2
R FS L UR dr ur DL,2,10,40,8,2,13,3
R FS L ur UR dr DL,2,10,40,8,2,13,4
R FS L UR ur dr DL,2,10,40,8,2,15,4
R FS ur dr L DL UR,2,10,40,8,2,11,3
R FS ur dr L UR DL,2,10,40,8,2,13,3
R FS UR dr L ur DL,2,10,40,8,2,9,2
R FS ur dr UR L DL,2,10,40,8,2,13,3
R FS UR dr ur L DL,2,10,40,8,2,9,2
R FS ur L DL dr UR,2,10,40,8,2,11,3
R FS ur L dr DL UR,2,10,40,8,2,11,3
R FS ur L dr UR DL,2,10,40,8,2,11,3
R FS UR L dr ur DL,2,10,40,8,2,11,3
R FS ur L UR dr DL,2,10,40,8,2,13,3
R FS UR L ur dr DL,2,10,40,8,2,11,3
R FS ur UR dr L DL,2,10,40,8,2,13,4
R FS UR ur dr L DL,2,10,40,8,2,11,4
R FS ur UR L dr DL,2,10,40,8,2,15,4
R FS UR ur L dr DL,2,10,40,8,2,11,4
R L dr FS ur DL UR,2,10,40,8,2,13,4
R L dr FS ur UR DL,2,10,40,8,2,15,4
R L dr FS UR ur DL,2,10,40,8,2,13,4
R L dr ur DL FS UR,2,10,40,8,2,11,4
R L dr ur FS DL UR,2,10,40,8,2,13,4
R L dr ur FS UR DL,2,10,40,8,2,13,4
R L dr UR FS ur DL,2,10,40,8,2,13,4
R L dr ur UR FS DL,2,10,40,8,2,13,4
R L dr UR ur FS DL,2,10,40,8,2,15,4
R L FS dr ur DL UR,2,10,40,8,2,13,4
R L FS dr ur UR DL,2,10,40,8,2,15,4
R L FS dr UR ur DL,2,10,40,8,2,15,4
R L FS ur DL dr UR,2,10,40,8,2,15,4
R L FS ur dr DL UR,2,10,40,8,2,15,4
R L FS ur dr UR DL,2,10,40,8,2,15,4
R L FS UR dr ur DL,2,10,40,8,2,13,4
R L FS ur UR dr DL,2,10,40,8,2,17,4
R L FS UR ur dr DL,2,10,40,8,2,15,4
R L ur DL dr FS UR,2,10,40,8,2,11,4
R L ur DL FS dr UR,2,10,40,8,2,11,4
R L ur dr DL FS UR,2,10,40,8,2,11,4
R L ur dr FS DL UR,2,10,40,8,2,11,4
R L ur dr FS UR DL,2,10,40,8,2,11,4
R L UR dr FS ur DL,2,10,40,8,2,15,4
R L ur dr UR FS DL,2,10,40,8,2,11,4
R L UR dr ur FS DL,2,10,40,8,2,15,4
R L ur FS DL dr UR,2,10,40,8,2,13,4
R L ur FS dr DL UR,2,10,40,8,2,13,4
R L ur FS dr UR DL,2,10,40,8,2,13,4
R L UR FS dr ur DL,2,10,40,8,2,13,4
R L ur FS UR dr DL,2,10,40,8,2,13,4
R L UR FS ur dr DL,2,10,40,8,2,15,4
R L ur UR dr FS DL,2,10,40,8,2,13,4
R L UR ur dr FS DL,2,10,40,8,2,15,4
R L ur UR FS dr DL,2,10,40,8,2,13,4
R L UR ur FS dr DL,2,10,40,8,2,17,4
R ur dr FS L DL UR,2,10,40,8,2,11,3
R ur dr FS L UR DL,2,10,40,8,2,13,3
R UR dr FS L ur DL,2,10,40,8,2,9,2
R ur dr FS UR L DL,2,10,40,8,2,11,3
R UR dr FS ur L DL,2,10,40,8,2,9,3
R ur dr L DL FS UR,2,10,40,8,2,9,3
R ur dr L FS DL UR,2,10,40,8,2,11,3
R ur dr L FS UR DL,2,10,40,8,2,11,3
R UR dr L FS ur DL,2,10,40,8,2,11,3
R ur dr L UR FS DL,2,10,40,8,2,11,3
R UR dr L ur FS DL,2,10,40,8,2,9,3
R ur dr UR FS L DL,2,10,40,8,2,11,3
R UR dr ur FS L DL,2,10,40,8,2,11,3
R ur dr UR L FS DL,2,10,40,8,2,13,3
R UR dr ur L FS DL,2,10,40,8,2,9,2
R ur FS dr L DL UR,2,10,40,8,2,11,3
R ur FS dr L UR DL,2,10,40,8,2,13,3
R UR FS dr L ur DL,2,10,40,8,2,7,2
R ur FS dr UR L DL,2,10,40,8,2,13,3
R UR FS dr ur L DL,2,10,40,8,2,7,2
R ur FS L DL dr UR,2,10,40,8,2,13,3
R ur FS L dr DL UR,2,10,40,8,2,13,3
R ur FS L dr UR DL,2,10,40,8,2,13,3
R UR FS L dr ur DL,2,10,40,8,2,9,2
R ur FS L UR dr DL,2,10,40,8,2,15,3
R UR FS L ur dr DL,2,10,40,8,2,9,2
R ur FS UR dr L DL,2,10,40,8,2,11,3
R UR FS ur dr L DL,2,10,40,8,2,9,3
R ur FS UR L dr DL,2,10,40,8,2,13,3
R UR FS ur L dr DL,2,10,40,8,2,9,3
R ur L DL dr FS UR,2,10,40,8,2,9,3
R ur L DL FS dr UR,2,10,40,8,2,9,3
R ur L dr DL FS UR,2,10,40,8,2,9,3
R ur L dr FS DL UR,2,10,40,8,2,9,3
R ur L dr FS UR DL,2,10,40,8,2,9,3
R UR L dr FS ur DL,2,10,40,8,2,11,3
R ur L dr UR FS DL,2,10,40,8,2,9,3
R UR L dr ur FS DL,2,10,40,8,2,11,3
R ur L FS DL dr UR,2,10,40,8,2,11,3
R ur L FS dr DL UR,2,10,40,8,2,11,3
R ur L FS dr UR DL,2,10,40,8,2,11,3
R UR L FS dr ur DL,2,10,40,8,2,11,3
R ur L FS UR dr DL,2,10,40,8,2,11,3
R UR L FS ur dr DL,2,10,40,8,2,13,3
R ur L UR dr FS DL,2,10,40,8,2,11,3
R UR L ur dr FS DL,2,10,40,8,2,9,3
R ur L UR FS dr DL,2,10,40,8,2,11,3
R UR L ur FS dr DL,2,10,40,8,2,11,3
R ur UR dr FS L DL,2,10,40,8,2,13,4
R UR ur dr FS L DL,2,10,40,8,2,11,4
R ur UR dr L FS DL,2,10,40,8,2,13,4
R UR ur dr L FS DL,2,10,40,8,2,11,4
R ur UR FS dr L DL,2,10,40,8,2,11,4
R UR ur FS dr L DL,2,10,40,8,2,11,4
R ur UR FS L dr DL,2,10,40,8,2,13,4
R UR ur FS L dr DL,2,10,40,8,2,13,4
R ur UR L dr FS DL,2,10,40,8,2,13,4
R UR ur L dr FS DL,2,10,40,8,2,9,4
R ur UR L FS dr DL,2,10,40,8,2,15,4
R UR ur L FS dr DL,2,10,40,8,2,11,4
ur dr FS L DL R UR,2,10,40,8,2,10,3
ur dr FS L R DL UR,2,10,40,8,2,14,4
ur dr FS L R UR DL,2,10,40,8,2,12,4
ur dr FS R L DL UR,2,10,40,8,2,12,4
ur dr FS R L UR DL,2,10,40,8,2,14,4
ur dr FS R UR L DL,2,10,40,8,2,10,3
ur dr L DL FS R UR,2,10,40,8,2,8,2
ur dr L DL R FS UR,2,10,40,8,2,10,3
ur dr L FS DL R UR,2,10,40,8,2,10,3
ur dr L FS R DL UR,2,10,40,8,2,12,3
ur dr L FS R UR DL,2,10,40,8,2,10,2
ur dr L R DL FS UR,2,10,40,8,2,12,4
ur dr L R FS DL UR,2,10,40,8,2,12,4
ur dr L R FS UR DL,2,10,40,8,2,12,4
ur dr L R UR FS DL,2,10,40,8,2,10,4
ur dr R FS L DL UR,2,10,40,8,2,12,3
ur dr R FS L UR DL,2,10,40,8,2,14,3
ur dr R FS UR L DL,2,10,40,8,2,12,3
ur dr R L DL FS UR,2,10,40,8,2,12,4
ur dr R L FS DL UR,2,10,40,8,2,14,4
ur dr R L FS UR DL,2,10,40,8,2,14,4
ur dr R L UR FS DL,2,10,40,8,2,14,4
ur dr R UR FS L DL,2,10,40,8,2,10,3
ur dr R UR L FS DL,2,10,40,8,2,12,3
ur FS dr L DL R UR,2,10,40,8,2,10,3
ur FS dr L R DL UR,2,10,40,8,2,14,4
ur FS dr L R UR DL,2,10,40,8,2,12,4
ur FS dr R L DL UR,2,10,40,8,2,14,4
ur FS dr R L UR DL,2,10,40,8,2,16,4
ur FS dr R UR L DL,2,10,40,8,2,12,3
ur FS L DL dr R UR,2,10,40,8,2,12,3
ur FS L DL R dr UR,2,10,40,8,2,14,3
ur FS L dr DL R UR,2,10,40,8,2,12,3
ur FS L dr R DL UR,2,10,40,8,2,14,3
ur FS L dr R UR DL,2,10,40,8,2,12,3
ur FS L R DL dr UR,2,10,40,8,2,16,4
ur FS L R dr DL UR,2,10,40,8,2,16,4
ur FS L R dr UR DL,2,10,40,8,2,16,4
ur FS L R UR dr DL,2,10,40,8,2,14,4
ur FS R dr L DL UR,2,10,40,8,2,12,3
ur FS R dr L UR DL,2,10,40,8,2,14,3
ur FS R dr UR L DL,2,10,40,8,2,14,3
ur FS R L DL dr UR,2,10,40,8,2,14,4
ur FS R L dr DL UR,2,10,40,8,2,14,4
ur FS R L dr UR DL,2,10,40,8,2,14,4
ur FS R L UR dr DL,2,10,40,8,2,16,4
ur FS R UR dr L DL,2,10,40,8,2,10,3
ur FS R UR L dr DL,2,10,40,8,2,12,3
ur L DL dr FS R UR,2,10,40,8,2,8,2
ur L DL dr R FS UR,2,10,40,8,2,10,3
ur L DL FS dr R UR,2,10,40,8,2,8,3
ur L DL FS R dr UR,2,10,40,8,2,10,3
ur L DL R dr FS UR,2,10,40,8,2,10,3
ur L DL R FS dr UR,2,10,40,8,2,10,3
ur L dr DL FS R UR,2,10,40,8,2,8,2
ur L dr DL R FS UR,2,10,40,8,2,10,3
ur L dr FS DL R UR,2,10,40,8,2,8,3
ur L dr FS R DL UR,2,10,40,8,2,10,3
ur L dr FS R UR DL,2,10,40,8,2,8,2
ur L dr R DL FS UR,2,10,40,8,2,10,3
ur L dr R FS DL UR,2,10,40,8,2,10,3
ur L dr R FS UR DL,2,10,40,8,2,10,3
ur L dr R UR FS DL,2,10,40,8,2,8,3
ur L FS DL dr R UR,2,10,40,8,2,10,3
ur L FS DL R dr UR,2,10,40,8,2,12,3
ur L FS dr DL R UR,2,10,40,8,2,10,3
ur L FS dr R DL UR,2,10,40,8,2,12,3
ur L FS dr R UR DL,2,10,40,8,2,10,3
ur L FS R DL dr UR,2,10,40,8,2,12,3
ur L FS R dr DL UR,2,10,40,8,2,12,3
ur L FS R dr UR DL,2,10,40,8,2,12,3
ur L FS R UR dr DL,2,10,40,8,2,10,2
ur L R DL dr FS UR,2,10,40,8,2,12,4
ur L R DL FS dr UR,2,10,40,8,2,12,4
ur L R dr DL FS UR,2,10,40,8,2,12,4
ur L R dr FS DL UR,2,10,40,8,2,12,4
ur L R dr FS UR DL,2,10,40,8,2,12,4
ur L R dr UR FS DL,2,10,40,8,2,12,4
ur L R FS DL dr UR,2,10,40,8,2,12,4
ur L R FS dr DL UR,2,10,40,8,2,12,4
ur L R FS dr UR DL,2,10,40,8,2,12,4
ur L R FS UR dr DL,2,10,40,8,2,12,4
ur L R UR dr FS DL,2,10,40,8,2,10,4
ur L R UR FS dr DL,2,10,40,8,2,10,4
ur R dr FS L DL UR,2,10,40,8,2,12,3
ur R dr FS L UR DL,2,10,40,8,2,14,3
ur R dr FS UR L DL,2,10,40,8,2,12,3
ur R dr L DL FS UR,2,10,40,8,2,10,3
ur R dr L FS DL UR,2,10,40,8,2,12,3
ur R dr L FS UR DL,2,10,40,8,2,12,3
ur R dr L UR FS DL,2,10,40,8,2,12,3
ur R dr UR FS L DL,2,10,40,8,2,12,3
ur R dr UR L FS DL,2,10,40,8,2,14,3
ur R FS dr L DL UR,2,10,40,8,2,10,3
ur R FS dr L UR DL,2,10,40,8,2,12,3
ur R FS dr UR L DL,2,10,40,8,2,12,3
ur R FS L DL dr UR,2,10,40,8,2,12,3
ur R FS L dr DL UR,2,10,40,8,2,12,3
ur R FS L dr UR DL,2,10,40,8,2,12,3
ur R FS L UR dr DL,2,10,40,8,2,14,3
ur R FS UR dr L DL,2,10,40,8,2,10,3
ur R FS UR L dr DL,2,10,40,8,2,12,3
ur R L DL dr FS UR,2,10,40,8,2,12,4
ur R L DL FS dr UR,2,10,40,8,2,12,4
ur R L dr DL FS UR,2,10,40,8,2,12,4
ur R L dr FS DL UR,2,10,40,8,2,12,4
ur R L dr FS UR DL,2,10,40,8,2,12,4
ur R L dr UR FS DL,2,10,40,8,2,12,4
ur R L FS DL dr UR,2,10,40,8,2,14,4
ur R L FS dr DL UR,2,10,40,8,2,14,4
ur R L FS dr UR DL,2,10,40,8,2,14,4
ur R L FS UR dr DL,2,10,40,8,2,14,4
ur R L UR dr FS DL,2,10,40,8,2,14,4
ur R L UR FS dr DL,2,10,40,8,2,14,4
ur R UR dr FS L DL,2,10,40,8,2,10,3
ur R UR dr L FS DL,2,10,40,8,2,10,3
ur R UR FS dr L DL,2,10,40,8,2,8,3
ur R UR FS L dr DL,2,10,40,8,2,10,3
ur R UR L dr FS DL,2,10,40,8,2,10,3
ur R UR L FS dr DL,2,10,40,8,2,12,3
DL dr FS L R UR ur,2,10,42,7,2,14,4
DL dr FS R L UR ur,2,10,42,7,2,16,4
DL dr L FS R UR ur,2,10,42,7,2,12,4
DL dr L R FS UR ur,2,10,42,7,2,14,4
DL dr L R UR FS ur,2,10,42,7,2,12,4
DL dr R FS L UR ur,2,10,42,7,2,16,4
DL dr R L FS UR ur,2,10,42,7,2,16,4
DL dr R L UR FS ur,2,10,42,7,2,16,4
DL dr R UR L FS ur,2,10,42,7,2,14,3
DL FS dr L R UR ur,2,10,42,7,2,12,4
DL FS dr R L UR ur,2,10,42,7,2,16,4
DL FS L dr R UR ur,2,10,42,7,2,12,4
DL FS L R dr UR ur,2,10,42,7,2,16,4
DL FS L R UR dr ur,2,10,42,7,2,12,4
DL FS R dr L UR ur,2,10,42,7,2,14,4
DL FS R L dr UR ur,2,10,42,7,2,14,4
DL FS R L UR dr ur,2,10,42,7,2,14,4
DL FS R UR L dr ur,2,10,42,7,2,10,3
DL L dr FS R UR ur,2,10,42,7,2,10,4
DL L dr R FS UR ur,2,10,42,7,2,12,4
DL L dr R UR FS ur,2,10,42,7,2,10,3
DL L FS dr R UR ur,2,10,42,7,2,12,4
DL L FS R dr UR ur,2,10,42,7,2,14,4
DL L FS R UR dr ur,2,10,42,7,2,10,2
DL L R dr FS UR ur,2,10,42,7,2,14,4
DL L R dr UR FS ur,2,10,42,7,2,14,4
DL L R FS dr UR ur,2,10,42,7,2,14,4
DL L R FS UR dr ur,2,10,42,7,2,12,4
DL L R UR dr FS ur,2,10,42,7,2,12,4
DL L R UR FS dr ur,2,10,42,7,2,10,4
DL R dr FS L UR ur,2,10,42,7,2,16,4
DL R dr L FS UR ur,2,10,42,7,2,14,4
DL R dr L UR FS ur,2,10,42,7,2,14,3
DL R dr UR L FS ur,2,10,42,7,2,16,3
DL R FS dr L UR ur,2,10,42,7,2,14,4
DL R FS L dr UR ur,2,10,42,7,2,14,4
DL R FS L UR dr ur,2,10,42,7,2,14,3
DL R FS UR L dr ur,2,10,42,7,2,12,3
DL R L dr FS UR ur,2,10,42,7,2,14,4
DL R L dr UR FS ur,2,10,42,7,2,14,4
DL R L FS dr UR ur,2,10,42,7,2,16,4
DL R L FS UR dr ur,2,10,42,7,2,14,4
DL R L UR dr FS ur,2,10,42,7,2,16,4
DL R L UR FS dr ur,2,10,42,7,2,14,4
DL R UR dr L FS ur,2,10,42,7,2,12,3
DL R UR FS L dr ur,2,10,42,7,2,10,3
DL R UR L dr FS ur,2,10,42,7,2,12,3
DL R UR L FS dr ur,2,10,42,7,2,12,3
dr DL FS L R UR ur,2,10,42,7,2,14,4
dr DL FS R L UR ur,2,10,42,7,2,16,4
dr DL L FS R UR ur,2,10,42,7,2,12,4
dr DL L R FS UR ur,2,10,42,7,2,14,4
dr DL L R UR FS ur,2,10,42,7,2,12,4
dr DL R FS L UR ur,2,10,42,7,2,16,4
dr DL R L FS UR ur,2,10,42,7,2,16,4
dr DL R L UR FS ur,2,10,42,7,2,16,4
dr DL R UR L FS ur,2,10,42,7,2,14,3
dr FS DL L R UR ur,2,10,42,7,2,12,4
dr FS DL R L UR ur,2,10,42,7,2,16,4
dr FS L DL R UR ur,2,10,42,7,2,12,4
dr FS L R DL UR ur,2,10,42,7,2,16,4
dr FS R DL L UR ur,2,10,42,7,2,14,4
dr FS R L DL UR ur,2,10,42,7,2,14,4
dr L DL FS R UR ur,2,10,42,7,2,10,4
dr L DL R FS UR ur,2,10,42,7,2,12,4
dr L DL R UR FS ur,2,10,42,7,2,10,3
dr L FS DL R UR ur,2,10,42,7,2,12,4
dr L FS R DL UR ur,2,10,42,7,2,14,4
dr L R DL FS UR ur,2,10,42,7,2,14,4
dr L R DL UR FS ur,2,10,42,7,2,14,4
dr L R FS DL UR ur,2,10,42,7,2,14,4
dr L R UR DL FS ur,2,10,42,7,2,12,4
dr R DL FS L UR ur,2,10,42,7,2,16,4
dr R DL L FS UR ur,2,10,42,7,2,14,4
dr R DL L UR FS ur,2,10,42,7,2,14,3
dr R DL UR L FS ur,2,10,42,7,2,16,3
dr R FS DL L UR ur,2,10,42,7,2,14,4
dr R FS L DL UR ur,2,10,42,7,2,14,4
dr R L DL FS UR ur,2,10,42,7,2,14,4
dr R L DL UR FS ur,2,10,42,7,2,14,4
dr R L FS DL UR ur,2,10,42,7,2,16,4
dr R L UR DL FS ur,2,10,42,7,2,16,4
dr R UR DL L FS ur,2,10,42,7,2,12,3
dr R UR L DL FS ur,2,10,42,7,2,12,3
FS DL dr L R UR ur,2,10,42,7,2,13,4
FS DL dr R L UR ur,2,10,42,7,2,17,4
FS DL L dr R UR ur,2,10,42,7,2,11,4
FS DL L R dr UR ur,2,10,42,7,2,15,4
FS DL L R UR dr ur,2,10,42,7,2,11,4
FS DL R dr L UR ur,2,10,42,7,2,15,4
FS DL R L dr UR ur,2,10,42,7,2,15,4
FS DL R L UR dr ur,2,10,42,7,2,15,4
FS DL R UR L dr ur,2,10,42,7,2,11,3
FS dr DL L R UR ur,2,10,42,7,2,13,4
FS dr DL R L UR ur,2,10,42,7,2,17,4
FS dr L DL R UR ur,2,10,42,7,2,11,4
FS dr L R DL UR ur,2,10,42,7,2,15,4
FS dr R DL L UR ur,2,10,42,7,2,15,4
FS dr R L DL UR ur,2,10,42,7,2,15,4
FS L DL dr R UR ur,2,10,42,7,2,13,4
FS L DL R dr UR ur,2,10,42,7,2,15,4
FS L DL R UR dr ur,2,10,42,7,2,11,3
FS L dr DL R UR ur,2,10,42,7,2,13,4
FS L dr R DL UR ur,2,10,42,7,2,15,4
FS L R DL dr UR ur,2,10,42,7,2,17,4
FS L R DL UR dr ur,2,10,42,7,2,15,4
FS L R dr DL UR ur,2,10,42,7,2,17,4
FS R DL dr L UR ur,2,10,42,7,2,15,4
FS R DL L dr UR ur,2,10,42,7,2,13,4
FS R DL L UR dr ur,2,10,42,7,2,13,3
FS R DL UR L dr ur,2,10,42,7,2,13,3
FS R dr DL L UR ur,2,10,42,7,2,15,4
FS R dr L DL UR ur,2,10,42,7,2,13,4
FS R L DL dr UR ur,2,10,42,7,2,15,4
FS R L DL UR dr ur,2,10,42,7,2,13,4
FS R L dr DL UR ur,2,10,42,7,2,15,4
L DL dr FS R UR ur,2,10,42,7,2,11,4
L DL dr R FS UR ur,2,10,42,7,2,13,4
L DL dr R UR FS ur,2,10,42,7,2,11,3
L DL FS dr R UR ur,2,10,42,7,2,11,4
L DL FS R dr UR ur,2,10,42,7,2,13,4
L DL FS R UR dr ur,2,10,42,7,2,9,2
L DL R dr FS UR ur,2,10,42,7,2,13,4
L DL R dr UR FS ur,2,10,42,7,2,13,3
L DL R FS dr UR ur,2,10,42,7,2,13,4
L DL R FS UR dr ur,2,10,42,7,2,11,3
L DL R UR dr FS ur,2,10,42,7,2,11,3
L DL R UR FS dr ur,2,10,42,7,2,9,3
L dr DL FS R UR ur,2,10,42,7,2,11,4
L dr DL R FS UR ur,2,10,42,7,2,13,4
L dr DL R UR FS ur,2,10,42,7,2,11,3
L dr FS DL R UR ur,2,10,42,7,2,11,4
L dr FS R DL UR ur,2,10,42,7,2,13,4
L dr R DL FS UR ur,2,10,42,7,2,13,4
L dr R DL UR FS ur,2,10,42,7,2,13,3
L dr R FS DL UR ur,2,10,42,7,2,13,4
L dr R UR DL FS ur,2,10,42,7,2,11,3
L FS DL dr R UR ur,2,10,42,7,2,13,4
L FS DL R dr UR ur,2,10,42,7,2,15,4
L FS DL R UR dr ur,2,10,42,7,2,11,3
L FS dr DL R UR ur,2,10,42,7,2,13,4
L FS dr R DL UR ur,2,10,42,7,2,15,4
L FS R DL dr UR ur,2,10,42,7,2,15,4
L FS R DL UR dr ur,2,10,42,7,2,13,3
L FS R dr DL UR ur,2,10,42,7,2,15,4
L R DL dr FS UR ur,2,10,42,7,2,15,4
L R DL dr UR FS ur,2,10,42,7,2,15,4
L R DL FS dr UR ur,2,10,42,7,2,15,4
L R DL FS UR dr ur,2,10,42,7,2,13,4
L R DL UR dr FS ur,2,10,42,7,2,15,4
L R DL UR FS dr ur,2,10,42,7,2,13,4
L R dr DL FS UR ur,2,10,42,7,2,15,4
L R dr DL UR FS ur,2,10,42,7,2,15,4
L R dr FS DL UR ur,2,10,42,7,2,15,4
L R dr UR DL FS ur,2,10,42,7,2,15,4
L R FS DL dr UR ur,2,10,42,7,2,15,4
L R FS DL UR dr ur,2,10,42,7,2,13,4
L R FS dr DL UR ur,2,10,42,7,2,15,4
L R UR DL dr FS ur,2,10,42,7,2,13,4
L R UR DL FS dr ur,2,10,42,7,2,11,4
L R UR dr DL FS ur,2,10,42,7,2,13,4
R DL dr FS L UR ur,2,10,42,7,2,15,4
R DL dr L FS UR ur,2,10,42,7,2,13,4
R DL dr L UR FS ur,2,10,42,7,2,13,3
R DL dr UR L FS ur,2,10,42,7,2,15,3
R DL FS dr L UR ur,2,10,42,7,2,13,4
R DL FS L dr UR ur,2,10,42,7,2,13,4
R DL FS L UR dr ur,2,10,42,7,2,13,3
R DL FS UR L dr ur,2,10,42,7,2,11,3
R DL L dr FS UR ur,2,10,42,7,2,11,4
R DL L dr UR FS ur,2,10,42,7,2,11,3
R DL L FS dr UR ur,2,10,42,7,2,13,4
R DL L FS UR dr ur,2,10,42,7,2,11,3
R DL L UR dr FS ur,2,10,42,7,2,13,3
R DL L UR FS dr ur,2,10,42,7,2,11,3
R DL UR dr L FS ur,2,10,42,7,2,13,3
R DL UR FS L dr ur,2,10,42,7,2,11,3
R DL UR L dr FS ur,2,10,42,7,2,13,3
R DL UR L FS dr ur,2,10,42,7,2,13,3
R dr DL FS L UR ur,2,10,42,7,2,15,4
R dr DL L FS UR ur,2,10,42,7,2,13,4
R dr DL L UR FS ur,2,10,42,7,2,13,3
R dr DL UR L FS ur,2,10,42,7,2,15,3
R dr FS DL L UR ur,2,10,42,7,2,13,4
R dr FS L DL UR ur,2,10,42,7,2,13,4
R dr L DL FS UR ur,2,10,42,7,2,11,4
R dr L DL UR FS ur,2,10,42,7,2,11,3
R dr L FS DL UR ur,2,10,42,7,2,13,4
R dr L UR DL FS ur,2,10,42,7,2,13,3
R dr UR DL L FS ur,2,10,42,7,2,13,3
R dr UR L DL FS ur,2,10,42,7,2,13,3
R FS DL dr L UR ur,2,10,42,7,2,13,4
R FS DL L dr UR ur,2,10,42,7,2,11,4
R FS DL L UR dr ur,2,10,42,7,2,11,3
R FS DL UR L dr ur,2,10,42,7,2,11,3
R FS dr DL L UR ur,2,10,42,7,2,13,4
R FS dr L DL UR ur,2,10,42,7,2,11,4
R FS L DL dr UR ur,2,10,42,7,2,13,4
R FS L DL UR dr ur,2,10,42,7,2,11,2
R FS L dr DL UR ur,2,10,42,7,2,13,4
R L DL dr FS UR ur,2,10,42,7,2,13,4
R L DL dr UR FS ur,2,10,42,7,2,13,4
R L DL FS dr UR ur,2,10,42,7,2,13,4
R L DL FS UR dr ur,2,10,42,7,2,11,4
R L DL UR dr FS ur,2,10,42,7,2,13,4
R L DL UR FS dr ur,2,10,42,7,2,11,4
R L dr DL FS UR ur,2,10,42,7,2,13,4
R L dr DL UR FS ur,2,10,42,7,2,13,4
R L dr FS DL UR ur,2,10,42,7,2,13,4
R L dr UR DL FS ur,2,10,42,7,2,13,4
R L FS DL dr UR ur,2,10,42,7,2,15,4
R L FS DL UR dr ur,2,10,42,7,2,13,4
R L FS dr DL UR ur,2,10,42,7,2,15,4
R L UR DL dr FS ur,2,10,42,7,2,15,4
R L UR DL FS dr ur,2,10,42,7,2,13,4
R L UR dr DL FS ur,2,10,42,7,2,15,4
R UR DL dr L FS ur,2,10,42,7,2,11,3
R UR DL FS L dr ur,2,10,42,7,2,9,2
R UR DL L dr FS ur,2,10,42,7,2,9,3
R UR DL L FS dr ur,2,10,42,7,2,9,2
R UR dr DL L FS ur,2,10,42,7,2,11,3
R UR dr L DL FS ur,2,10,42,7,2,9,3
R UR L DL dr FS ur,2,10,42,7,2,11,3
R UR L DL FS dr ur,2,10,42,7,2,9,3
R UR L dr DL FS ur,2,10,42,7,2,11,3
dr FS L UR DL ur R,2,10,42,8,2,13,3
dr FS L UR R ur DL,2,10,42,8,2,12,3
dr FS L ur UR DL R,2,10,42,8,2,13,4
dr FS L UR ur DL R,2,10,42,8,2,15,4
dr FS L ur UR R DL,2,10,42,8,2,12,4
dr FS L UR ur R DL,2,10,42,8,2,16,4
dr FS UR L DL ur R,2,10,42,8,2,11,3
dr FS UR L R ur DL,2,10,42,8,2,14,4
dr FS ur L UR DL R,2,10,42,8,2,13,3
dr FS UR L ur DL R,2,10,42,8,2,11,3
dr FS ur L UR R DL,2,10,42,8,2,12,3
dr FS UR L ur R DL,2,10,42,8,2,12,3
dr FS UR R L ur DL,2,10,42,8,2,10,4
dr FS UR R ur L DL,2,10,42,8,2,8,3
dr FS ur UR L DL R,2,10,42,8,2,15,4
dr FS UR ur L DL R,2,10,42,8,2,11,4
dr FS ur UR L R DL,2,10,42,8,2,18,4
dr FS UR ur L R DL,2,10,42,8,2,14,4
dr FS ur UR R L DL,2,10,42,8,2,14,4
dr FS UR ur R L DL,2,10,42,8,2,14,4
dr L FS UR DL ur R,2,10,42,8,2,11,3
dr L FS UR R ur DL,2,10,42,8,2,10,3
dr L FS ur UR DL R,2,10,42,8,2,15,4
dr L FS UR ur DL R,2,10,42,8,2,13,4
dr L FS ur UR R DL,2,10,42,8,2,14,4
dr L FS UR ur R DL,2,10,42,8,2,14,4
dr L ur DL UR FS R,2,10,42,8,2,9,2
dr L UR FS DL ur R,2,10,42,8,2,11,3
dr L UR FS R ur DL,2,10,42,8,2,12,3
dr L ur FS UR DL R,2,10,42,8,2,11,3
dr L UR FS ur DL R,2,10,42,8,2,13,3
dr L ur FS UR R DL,2,10,42,8,2,10,3
dr L UR FS ur R DL,2,10,42,8,2,14,3
dr L UR R FS ur DL,2,10,42,8,2,12,3
dr L UR R ur FS DL,2,10,42,8,2,12,3
dr L ur UR DL FS R,2,10,42,8,2,11,4
dr L UR ur DL FS R,2,10,42,8,2,13,4
dr L ur UR FS DL R,2,10,42,8,2,11,4
dr L UR ur FS DL R,2,10,42,8,2,15,4
dr L ur UR FS R DL,2,10,42,8,2,12,4
dr L UR ur FS R DL,2,10,42,8,2,16,4
dr L ur UR R FS DL,2,10,42,8,2,10,4
dr L UR ur R FS DL,2,10,42,8,2,14,4
dr UR FS L DL ur R,2,10,42,8,2,11,3
dr UR FS L R ur DL,2,10,42,8,2,14,4
dr ur FS L UR DL R,2,10,42,8,2,15,3
dr UR FS L ur DL R,2,10,42,8,2,11,3
dr ur FS L UR R DL,2,10,42,8,2,14,3
dr UR FS L ur R DL,2,10,42,8,2,12,3
dr UR FS R L ur DL,2,10,42,8,2,12,4
dr UR FS R ur L DL,2,10,42,8,2,10,3
dr ur FS UR L DL R,2,10,42,8,2,13,3
dr UR FS ur L DL R,2,10,42,8,2,11,3
dr ur FS UR L R DL,2,10,42,8,2,16,4
dr UR FS ur L R DL,2,10,42,8,2,14,4
dr ur FS UR R L DL,2,10,42,8,2,12,4
dr UR FS ur R L DL,2,10,42,8,2,14,4
dr ur L DL UR FS R,2,10,42,8,2,9,2
dr UR L FS DL ur R,2,10,42,8,2,13,3
dr UR L FS R ur DL,2,10,42,8,2,14,3
dr ur L FS UR DL R,2,10,42,8,2,11,3
dr UR L FS ur DL R,2,10,42,8,2,15,3
dr ur L FS UR R DL,2,10,42,8,2,10,3
dr UR L FS ur R DL,2,10,42,8,2,16,3
dr UR L R FS ur DL,2,10,42,8,2,16,4
dr UR L R ur FS DL,2,10,42,8,2,16,4
dr ur L UR DL FS R,2,10,42,8,2,11,3
dr UR L ur DL FS R,2,10,42,8,2,11,3
dr ur L UR FS DL R,2,10,42,8,2,11,3
dr UR L ur FS DL R,2,10,42,8,2,13,3
dr ur L UR FS R DL,2,10,42,8,2,12,3
dr UR L ur FS R DL,2,10,42,8,2,14,3
dr ur L UR R FS DL,2,10,42,8,2,10,3
dr UR L ur R FS DL,2,10,42,8,2,12,3
dr UR R FS L ur DL,2,10,42,8,2,10,2
dr UR R FS ur L DL,2,10,42,8,2,10,3
dr UR R L FS ur DL,2,10,42,8,2,14,4
dr UR R L ur FS DL,2,10,42,8,2,12,4
dr UR R ur FS L DL,2,10,42,8,2,12,3
dr UR R ur L FS DL,2,10,42,8,2,10,3
dr ur UR FS L DL R,2,10,42,8,2,13,4
dr UR ur FS L DL R,2,10,42,8,2,15,4
dr ur UR FS L R DL,2,10,42,8,2,16,4
dr UR ur FS L R DL,2,10,42,8,2,18,4
dr ur UR FS R L DL,2,10,42,8,2,14,4
dr UR ur FS R L DL,2,10,42,8,2,16,4
dr ur UR L DL FS R,2,10,42,8,2,13,4
dr UR ur L DL FS R,2,10,42,8,2,11,4
dr ur UR L FS DL R,2,10,42,8,2,15,4
dr UR ur L FS DL R,2,10,42,8,2,13,4
dr ur UR L FS R DL,2,10,42,8,2,16,4
dr UR ur L FS R DL,2,10,42,8,2,14,4
dr ur UR L R FS DL,2,10,42,8,2,16,4
dr UR ur L R FS DL,2,10,42,8,2,14,4
dr ur UR R FS L DL,2,10,42,8,2,12,4
dr UR ur R FS L DL,2,10,42,8,2,14,4
dr ur UR R L FS DL,2,10,42,8,2,14,4
dr UR ur R L FS DL,2,10,42,8,2,16,4
FS dr L UR DL ur R,2,10,42,8,2,12,3
FS dr L UR R ur DL,2,10,42,8,2,11,3
FS dr L ur UR DL R,2,10,42,8,2,12,4
FS dr L UR ur DL R,2,10,42,8,2,14,4
FS dr L ur UR R DL,2,10,42,8,2,11,4
FS dr L UR ur R DL,2,10,42,8,2,15,4
FS dr UR L DL ur R,2,10,42,8,2,12,3
FS dr UR L R ur DL,2,10,42,8,2,15,4
FS dr ur L UR DL R,2,10,42,8,2,12,3
FS dr UR L ur DL R,2,10,42,8,2,12,3
FS dr ur L UR R DL,2,10,42,8,2,11,3
FS dr UR L ur R DL,2,10,42,8,2,13,3
FS dr UR R L ur DL,2,10,42,8,2,11,4
FS dr UR R ur L DL,2,10,42,8,2,9,3
FS dr ur UR L DL R,2,10,42,8,2,14,4
FS dr UR ur L DL R,2,10,42,8,2,12,4
FS dr ur UR L R DL,2,10,42,8,2,17,4
FS dr UR ur L R DL,2,10,42,8,2,15,4
FS dr ur UR R L DL,2,10,42,8,2,13,4
FS dr UR ur R L DL,2,10,42,8,2,15,4
FS L dr UR DL ur R,2,10,42,8,2,12,3
FS L dr UR R ur DL,2,10,42,8,2,11,3
FS L dr ur UR DL R,2,10,42,8,2,14,4
FS L dr UR ur DL R,2,10,42,8,2,14,4
FS L dr ur UR R DL,2,10,42,8,2,13,4
FS L dr UR ur R DL,2,10,42,8,2,15,4
FS L ur DL UR dr R,2,10,42,8,2,12,3
FS L UR dr DL ur R,2,10,42,8,2,14,3
FS L UR dr R ur DL,2,10,42,8,2,15,3
FS L ur dr UR DL R,2,10,42,8,2,12,3
FS L UR dr ur DL R,2,10,42,8,2,14,3
FS L ur dr UR R DL,2,10,42,8,2,11,3
FS L UR dr ur R DL,2,10,42,8,2,15,3
FS L UR R dr ur DL,2,10,42,8,2,13,3
FS L UR R ur dr DL,2,10,42,8,2,13,3
FS L ur UR DL dr R,2,10,42,8,2,14,4
FS L UR ur DL dr R,2,10,42,8,2,16,4
FS L ur UR dr DL R,2,10,42,8,2,14,4
FS L UR ur dr DL R,2,10,42,8,2,16,4
FS L ur UR dr R DL,2,10,42,8,2,15,4
FS L UR ur dr R DL,2,10,42,8,2,17,4
FS L ur UR R dr DL,2,10,42,8,2,13,4
FS L UR ur R dr DL,2,10,42,8,2,17,4
FS UR dr L DL ur R,2,10,42,8,2,10,3
FS UR dr L R ur DL,2,10,42,8,2,13,4
FS ur dr L UR DL R,2,10,42,8,2,14,3
FS UR dr L ur DL R,2,10,42,8,2,10,3
FS ur dr L UR R DL,2,10,42,8,2,13,3
FS UR dr L ur R DL,2,10,42,8,2,11,3
FS UR dr R L ur DL,2,10,42,8,2,13,4
FS UR dr R ur L DL,2,10,42,8,2,11,3
FS ur dr UR L DL R,2,10,42,8,2,14,3
FS UR dr ur L DL R,2,10,42,8,2,10,3
FS ur dr UR L R DL,2,10,42,8,2,17,4
FS UR dr ur L R DL,2,10,42,8,2,13,4
FS ur dr UR R L DL,2,10,42,8,2,13,4
FS UR dr ur R L DL,2,10,42,8,2,13,4
FS ur L DL UR dr R,2,10,42,8,2,12,3
FS UR L dr DL ur R,2,10,42,8,2,12,3
FS UR L dr R ur DL,2,10,42,8,2,13,3
FS ur L dr UR DL R,2,10,42,8,2,12,3
FS UR L dr ur DL R,2,10,42,8,2,12,3
FS ur L dr UR R DL,2,10,42,8,2,11,3
FS UR L dr ur R DL,2,10,42,8,2,13,3
FS UR L R dr ur DL,2,10,42,8,2,15,4
FS UR L R ur dr DL,2,10,42,8,2,15,4
FS ur L UR DL dr R,2,10,42,8,2,14,3
FS UR L ur DL dr R,2,10,42,8,2,12,3
FS ur L UR dr DL R,2,10,42,8,2,14,3
FS UR L ur dr DL R,2,10,42,8,2,12,3
FS ur L UR dr R DL,2,10,42,8,2,15,3
FS UR L ur dr R DL,2,10,42,8,2,13,3
FS ur L UR R dr DL,2,10,42,8,2,13,3
FS UR L ur R dr DL,2,10,42,8,2,13,3
FS UR R dr L ur DL,2,10,42,8,2,9,3
FS UR R dr ur L DL,2,10,42,8,2,9,3
FS UR R L dr ur DL,2,10,42,8,2,11,4
FS UR R L ur dr DL,2,10,42,8,2,11,4
FS UR R ur dr L DL,2,10,42,8,2,9,3
FS UR R ur L dr DL,2,10,42,8,2,9,3
FS ur UR dr L DL R,2,10,42,8,2,14,4
FS UR ur dr L DL R,2,10,42,8,2,12,4
FS ur UR dr L R DL,2,10,42,8,2,17,4
FS UR ur dr L R DL,2,10,42,8,2,15,4
FS ur UR dr R L DL,2,10,42,8,2,17,4
FS UR ur dr R L DL,2,10,42,8,2,15,4
FS ur UR L DL dr R,2,10,42,8,2,16,4
FS UR ur L DL dr R,2,10,42,8,2,12,4
FS ur UR L dr DL R,2,10,42,8,2,16,4
FS UR ur L dr DL R,2,10,42,8,2,12,4
FS ur UR L dr R DL,2,10,42,8,2,17,4
FS UR ur L dr R DL,2,10,42,8,2,13,4
FS ur UR L R dr DL,2,10,42,8,2,19,4
FS UR ur L R dr DL,2,10,42,8,2,15,4
FS ur UR R dr L DL,2,10,42,8,2,13,4
FS UR ur R dr L DL,2,10,42,8,2,13,4
FS ur UR R L dr DL,2,10,42,8,2,15,4
FS UR ur R L dr DL,2,10,42,8,2,15,4
L dr FS UR DL ur R,2,10,42,8,2,10,3
L dr FS UR R ur DL,2,10,42,8,2,9,3
L dr FS ur UR DL R,2,10,42,8,2,14,4
L dr FS UR ur DL R,2,10,42,8,2,12,4
L dr FS ur UR R DL,2,10,42,8,2,13,4
L dr FS UR ur R DL,2,10,42,8,2,13,4
L dr ur DL UR FS R,2,10,42,8,2,10,2
L dr UR FS DL ur R,2,10,42,8,2,10,3
L dr UR FS R ur DL,2,10,42,8,2,11,3
L dr ur FS UR DL R,2,10,42,8,2,12,3
L dr UR FS ur DL R,2,10,42,8,2,12,3
L dr ur FS UR R DL,2,10,42,8,2,11,3
L dr UR FS ur R DL,2,10,42,8,2,13,3
L dr UR R FS ur DL,2,10,42,8,2,11,3
L dr UR R ur FS DL,2,10,42,8,2,11,3
L dr ur UR DL FS R,2,10,42,8,2,12,4
L dr UR ur DL FS R,2,10,42,8,2,12,4
L dr ur UR FS DL R,2,10,42,8,2,12,4
L dr UR ur FS DL R,2,10,42,8,2,14,4
L dr ur UR FS R DL,2,10,42,8,2,13,4
L dr UR ur FS R DL,2,10,42,8,2,15,4
L dr ur UR R FS DL,2,10,42,8,2,11,4
L dr UR ur R FS DL,2,10,42,8,2,13,4
L FS dr UR DL ur R,2,10,42,8,2,12,3
L FS dr UR R ur DL,2,10,42,8,2,11,3
L FS dr ur UR DL R,2,10,42,8,2,14,4
L FS dr UR ur DL R,2,10,42,8,2,14,4
L FS dr ur UR R DL,2,10,42,8,2,13,4
L FS dr UR ur R DL,2,10,42,8,2,15,4
L FS ur DL UR dr R,2,10,42,8,2,14,3
L FS UR dr DL ur R,2,10,42,8,2,12,3
L FS UR dr R ur DL,2,10,42,8,2,13,3
L FS ur dr UR DL R,2,10,42,8,2,14,3
L FS UR dr ur DL R,2,10,42,8,2,12,3
L FS ur dr UR R DL,2,10,42,8,2,13,3
L FS UR dr ur R DL,2,10,42,8,2,13,3
L FS UR R dr ur DL,2,10,42,8,2,11,3
L FS UR R ur dr DL,2,10,42,8,2,11,3
L FS ur UR DL dr R,2,10,42,8,2,16,4
L FS UR ur DL dr R,2,10,42,8,2,14,4
L FS ur UR dr DL R,2,10,42,8,2,16,4
L FS UR ur dr DL R,2,10,42,8,2,14,4
L FS ur UR dr R DL,2,10,42,8,2,17,4
L FS UR ur dr R DL,2,10,42,8,2,15,4
L FS ur UR R dr DL,2,10,42,8,2,15,4
L FS UR ur R dr DL,2,10,42,8,2,15,4
L ur DL dr UR FS R,2,10,42,8,2,10,2
L ur DL FS UR dr R,2,10,42,8,2,10,3
L ur DL UR dr FS R,2,10,42,8,2,10,2
L ur DL UR FS dr R,2,10,42,8,2,10,3
L ur dr DL UR FS R,2,10,42,8,2,10,2
L UR dr FS DL ur R,2,10,42,8,2,12,3
L UR dr FS R ur DL,2,10,42,8,2,13,3
L ur dr FS UR DL R,2,10,42,8,2,10,3
L UR dr FS ur DL R,2,10,42,8,2,14,3
L ur dr FS UR R DL,2,10,42,8,2,9,3
L UR dr FS ur R DL,2,10,42,8,2,15,3
L UR dr R FS ur DL,2,10,42,8,2,15,3
L UR dr R ur FS DL,2,10,42,8,2,15,3
L ur dr UR DL FS R,2,10,42,8,2,10,2
L UR dr ur DL FS R,2,10,42,8,2,12,3
L ur dr UR FS DL R,2,10,42,8,2,10,3
L UR dr ur FS DL R,2,10,42,8,2,14,3
L ur dr UR FS R DL,2,10,42,8,2,11,3
L UR dr ur FS R DL,2,10,42,8,2,15,3
L ur dr UR R FS DL,2,10,42,8,2,9,2
L UR dr ur R FS DL,2,10,42,8,2,13,3
L ur FS DL UR dr R,2,10,42,8,2,12,3
L UR FS dr DL ur R,2,10,42,8,2,12,3
L UR FS dr R ur DL,2,10,42,8,2,13,3
L ur FS dr UR DL R,2,10,42,8,2,12,3
L UR FS dr ur DL R,2,10,42,8,2,12,3
L ur FS dr UR R DL,2,10,42,8,2,11,3
L UR FS dr ur R DL,2,10,42,8,2,13,3
L UR FS R dr ur DL,2,10,42,8,2,13,3
L UR FS R ur dr DL,2,10,42,8,2,13,3
L ur FS UR DL dr R,2,10,42,8,2,12,3
L UR FS ur DL dr R,2,10,42,8,2,14,3
L ur FS UR dr DL R,2,10,42,8,2,12,3
L UR FS ur dr DL R,2,10,42,8,2,14,3
L ur FS UR dr R DL,2,10,42,8,2,13,3
L UR FS ur dr R DL,2,10,42,8,2,15,3
L ur FS UR R dr DL,2,10,42,8,2,11,3
L UR FS ur R dr DL,2,10,42,8,2,15,3
L UR R dr FS ur DL,2,10,42,8,2,13,3
L UR R dr ur FS DL,2,10,42,8,2,13,3
L UR R FS dr ur DL,2,10,42,8,2,11,3
L UR R FS ur dr DL,2,10,42,8,2,13,3
L UR R ur dr FS DL,2,10,42,8,2,11,3
L UR R ur FS dr DL,2,10,42,8,2,13,3
L ur UR DL dr FS R,2,10,42,8,2,12,4
L UR ur DL dr FS R,2,10,42,8,2,14,4
L ur UR DL FS dr R,2,10,42,8,2,12,4
L UR ur DL FS dr R,2,10,42,8,2,14,4
L ur UR dr DL FS R,2,10,42,8,2,12,4
L UR ur dr DL FS R,2,10,42,8,2,14,4
L ur UR dr FS DL R,2,10,42,8,2,12,4
L UR ur dr FS DL R,2,10,42,8,2,14,4
L ur UR dr FS R DL,2,10,42,8,2,13,4
L UR ur dr FS R DL,2,10,42,8,2,15,4
L ur UR dr R FS DL,2,10,42,8,2,13,4
L UR ur dr R FS DL,2,10,42,8,2,15,4
L ur UR FS DL dr R,2,10,42,8,2,12,4
L UR ur FS DL dr R,2,10,42,8,2,16,4
L ur UR FS dr DL R,2,10,42,8,2,12,4
L UR ur FS dr DL R,2,10,42,8,2,16,4
L ur UR FS dr R DL,2,10,42,8,2,13,4
L UR ur FS dr R DL,2,10,42,8,2,17,4
L ur UR FS R dr DL,2,10,42,8,2,13,4
L UR ur FS R dr DL,2,10,42,8,2,17,4
L ur UR R dr FS DL,2,10,42,8,2,11,4
L UR ur R dr FS DL,2,10,42,8,2,15,4
L ur UR R FS dr DL,2,10,42,8,2,11,4
L UR ur R FS dr DL,2,10,42,8,2,15,4
UR dr FS L DL ur R,2,10,42,8,2,11,3
UR dr FS L R ur DL,2,10,42,8,2,14,4
ur dr FS L UR DL R,2,10,42,8,2,13,3
UR dr FS L ur DL R,2,10,42,8,2,11,3
ur dr FS L UR R DL,2,10,42,8,2,12,3
UR dr FS L ur R DL,2,10,42,8,2,12,3
UR dr FS R L ur DL,2,10,42,8,2,12,4
UR dr FS R ur L DL,2,10,42,8,2,10,3
ur dr FS UR L DL R,2,10,42,8,2,11,3
UR dr FS ur L DL R,2,10,42,8,2,11,3
ur dr FS UR L R DL,2,10,42,8,2,14,4
UR dr FS ur L R DL,2,10,42,8,2,14,4
ur dr FS UR R L DL,2,10,42,8,2,10,4
UR dr FS ur R L DL,2,10,42,8,2,14,4
ur dr L DL UR FS R,2,10,42,8,2,9,2
UR dr L FS DL ur R,2,10,42,8,2,11,3
UR dr L FS R ur DL,2,10,42,8,2,12,3
ur dr L FS UR DL R,2,10,42,8,2,11,3
UR dr L FS ur DL R,2,10,42,8,2,13,3
ur dr L FS UR R DL,2,10,42,8,2,10,3
UR dr L FS ur R DL,2,10,42,8,2,14,3
UR dr L R FS ur DL,2,10,42,8,2,14,4
UR dr L R ur FS DL,2,10,42,8,2,14,4
ur dr L UR DL FS R,2,10,42,8,2,11,3
UR dr L ur DL FS R,2,10,42,8,2,9,2
ur dr L UR FS DL R,2,10,42,8,2,11,3
UR dr L ur FS DL R,2,10,42,8,2,11,3
ur dr L UR FS R DL,2,10,42,8,2,12,3
UR dr L ur FS R DL,2,10,42,8,2,12,3
ur dr L UR R FS DL,2,10,42,8,2,10,3
UR dr L ur R FS DL,2,10,42,8,2,10,3
UR dr R FS L ur DL,2,10,42,8,2,12,3
UR dr R FS ur L DL,2,10,42,8,2,12,3
UR dr R L FS ur DL,2,10,42,8,2,16,4
UR dr R L ur FS DL,2,10,42,8,2,14,4
UR dr R ur FS L DL,2,10,42,8,2,14,3
UR dr R ur L FS DL,2,10,42,8,2,12,3
ur dr UR FS L DL R,2,10,42,8,2,11,3
UR dr ur FS L DL R,2,10,42,8,2,13,3
ur dr UR FS L R DL,2,10,42,8,2,14,4
UR dr ur FS L R DL,2,10,42,8,2,16,4
ur dr UR FS R L DL,2,10,42,8,2,12,4
UR dr ur FS R L DL,2,10,42,8,2,14,4
ur dr UR L DL FS R,2,10,42,8,2,11,3
UR dr ur L DL FS R,2,10,42,8,2,9,2
ur dr UR L FS DL R,2,10,42,8,2,13,3
UR dr ur L FS DL R,2,10,42,8,2,11,3
ur dr UR L FS R DL,2,10,42,8,2,14,3
UR dr ur L FS R DL,2,10,42,8,2,12,3
ur dr UR L R FS DL,2,10,42,8,2,14,4
UR dr ur L R FS DL,2,10,42,8,2,12,4
ur dr UR R FS L DL,2,10,42,8,2,10,2
UR dr ur R FS L DL,2,10,42,8,2,12,3
ur dr UR R L FS DL,2,10,42,8,2,12,4
UR dr ur R L FS DL,2,10,42,8,2,14,4
UR FS dr L DL ur R,2,10,42,8,2,9,3
UR FS dr L R ur DL,2,10,42,8,2,12,4
ur FS dr L UR DL R,2,10,42,8,2,13,3
UR FS dr L ur DL R,2,10,42,8,2,9,3
ur FS dr L UR R DL,2,10,42,8,2,12,3
UR FS dr L ur R DL,2,10,42,8,2,10,3
UR FS dr R L ur DL,2,10,42,8,2,12,4
UR FS dr R ur L DL,2,10,42,8,2,10,3
ur FS dr UR L DL R,2,10,42,8,2,13,3
UR FS dr ur L DL R,2,10,42,8,2,9,3
ur FS dr UR L R DL,2,10,42,8,2,16,4
UR FS dr ur L R DL,2,10,42,8,2,12,4
ur FS dr UR R L DL,2,10,42,8,2,12,4
UR FS dr ur R L DL,2,10,42,8,2,12,4
ur FS L DL UR dr R,2,10,42,8,2,13,3
UR FS L dr DL ur R,2,10,42,8,2,11,3
UR FS L dr R ur DL,2,10,42,8,2,12,3
ur FS L dr UR DL R,2,10,42,8,2,13,3
UR FS L dr ur DL R,2,10,42,8,2,11,3
ur FS L dr UR R DL,2,10,42,8,2,12,3
UR FS L dr ur R DL,2,10,42,8,2,12,3
UR FS L R dr ur DL,2,10,42,8,2,14,4
UR FS L R ur dr DL,2,10,42,8,2,14,4
ur FS L UR DL dr R,2,10,42,8,2,15,3
UR FS L ur DL dr R,2,10,42,8,2,11,3
ur FS L UR dr DL R,2,10,42,8,2,15,3
UR FS L ur dr DL R,2,10,42,8,2,11,3
ur FS L UR dr R DL,2,10,42,8,2,16,3
UR FS L ur dr R DL,2,10,42,8,2,12,3
ur FS L UR R dr DL,2,10,42,8,2,14,3
UR FS L ur R dr DL,2,10,42,8,2,12,3
UR FS R dr L ur DL,2,10,42,8,2,10,3
UR FS R dr ur L DL,2,10,42,8,2,10,3
UR FS R L dr ur DL,2,10,42,8,2,12,4
UR FS R L ur dr DL,2,10,42,8,2,12,4
UR FS R ur dr L DL,2,10,42,8,2,10,3
UR FS R ur L dr DL,2,10,42,8,2,10,3
ur FS UR dr L DL R,2,10,42,8,2,11,3
UR FS ur dr L DL R,2,10,42,8,2,11,3
ur FS UR dr L R DL,2,10,42,8,2,14,4
UR FS ur dr L R DL,2,10,42,8,2,14,4
ur FS UR dr R L DL,2,10,42,8,2,14,4
UR FS ur dr R L DL,2,10,42,8,2,14,4
ur FS UR L DL dr R,2,10,42,8,2,13,3
UR FS ur L DL dr R,2,10,42,8,2,11,3
ur FS UR L dr DL R,2,10,42,8,2,13,3
UR FS ur L dr DL R,2,10,42,8,2,11,3
ur FS UR L dr R DL,2,10,42,8,2,14,3
UR FS ur L dr R DL,2,10,42,8,2,12,3
ur FS UR L R dr DL,2,10,42,8,2,16,4
UR FS ur L R dr DL,2,10,42,8,2,14,4
ur FS UR R dr L DL,2,10,42,8,2,10,3
UR FS ur R dr L DL,2,10,42,8,2,12,3
ur FS UR R L dr DL,2,10,42,8,2,12,4
UR FS ur R L dr DL,2,10,42,8,2,14,4
ur L DL dr UR FS R,2,10,42,8,2,9,2
ur L DL FS UR dr R,2,10,42,8,2,9,3
ur L DL UR dr FS R,2,10,42,8,2,9,2
ur L DL UR FS dr R,2,10,42,8,2,9,3
ur L dr DL UR FS R,2,10,42,8,2,9,2
UR L dr FS DL ur R,2,10,42,8,2,11,3
UR L dr FS R ur DL,2,10,42,8,2,12,3
ur L dr FS UR DL R,2,10,42,8,2,9,3
UR L dr FS ur DL R,2,10,42,8,2,13,3
ur L dr FS UR R DL,2,10,42,8,2,8,3
UR L dr FS ur R DL,2,10,42,8,2,14,3
UR L dr R FS ur DL,2,10,42,8,2,14,3
UR L dr R ur FS DL,2,10,42,8,2,14,3
ur L dr UR DL FS R,2,10,42,8,2,9,2
UR L dr ur DL FS R,2,10,42,8,2,11,3
ur L dr UR FS DL R,2,10,42,8,2,9,3
UR L dr ur FS DL R,2,10,42,8,2,13,3
ur L dr UR FS R DL,2,10,42,8,2,10,3
UR L dr ur FS R DL,2,10,42,8,2,14,3
ur L dr UR R FS DL,2,10,42,8,2,8,2
UR L dr ur R FS DL,2,10,42,8,2,12,3
ur L FS DL UR dr R,2,10,42,8,2,11,3
UR L FS dr DL ur R,2,10,42,8,2,13,3
UR L FS dr R ur DL,2,10,42,8,2,14,3
ur L FS dr UR DL R,2,10,42,8,2,11,3
UR L FS dr ur DL R,2,10,42,8,2,13,3
ur L FS dr UR R DL,2,10,42,8,2,10,3
UR L FS dr ur R DL,2,10,42,8,2,14,3
UR L FS R dr ur DL,2,10,42,8,2,14,3
UR L FS R ur dr DL,2,10,42,8,2,14,3
ur L FS UR DL dr R,2,10,42,8,2,11,3
UR L FS ur DL dr R,2,10,42,8,2,15,3
ur L FS UR dr DL R,2,10,42,8,2,11,3
UR L FS ur dr DL R,2,10,42,8,2,15,3
ur L FS UR dr R DL,2,10,42,8,2,12,3
UR L FS ur dr R DL,2,10,42,8,2,16,3
ur L FS UR R dr DL,2,10,42,8,2,10,3
UR L FS ur R dr DL,2,10,42,8,2,16,3
UR L R dr FS ur DL,2,10,42,8,2,16,4
UR L R dr ur FS DL,2,10,42,8,2,16,4
UR L R FS dr ur DL,2,10,42,8,2,14,4
UR L R FS ur dr DL,2,10,42,8,2,16,4
UR L R ur dr FS DL,2,10,42,8,2,14,4
UR L R ur FS dr DL,2,10,42,8,2,16,4
ur L UR DL dr FS R,2,10,42,8,2,11,3
UR L ur DL dr FS R,2,10,42,8,2,11,3
ur L UR DL FS dr R,2,10,42,8,2,11,3
UR L ur DL FS dr R,2,10,42,8,2,11,3
ur L UR dr DL FS R,2,10,42,8,2,11,3
UR L ur dr DL FS R,2,10,42,8,2,11,3
ur L UR dr FS DL R,2,10,42,8,2,11,3
UR L ur dr FS DL R,2,10,42,8,2,11,3
ur L UR dr FS R DL,2,10,42,8,2,12,3
UR L ur dr FS R DL,2,10,42,8,2,12,3
ur L UR dr R FS DL,2,10,42,8,2,12,3
UR L ur dr R FS DL,2,10,42,8,2,12,3
ur L UR FS DL dr R,2,10,42,8,2,11,3
UR L ur FS DL dr R,2,10,42,8,2,13,3
ur L UR FS dr DL R,2,10,42,8,2,11,3
UR L ur FS dr DL R,2,10,42,8,2,13,3
ur L UR FS dr R DL,2,10,42,8,2,12,3
UR L ur FS dr R DL,2,10,42,8,2,14,3
ur L UR FS R dr DL,2,10,42,8,2,12,3
UR L ur FS R dr DL,2,10,42,8,2,14,3
ur L UR R dr FS DL,2,10,42,8,2,10,3
UR L ur R dr FS DL,2,10,42,8,2,12,3
ur L UR R FS dr DL,2,10,42,8,2,10,3
UR L ur R FS dr DL,2,10,42,8,2,12,3
UR R dr FS L ur DL,2,10,42,8,2,10,3
UR R dr FS ur L DL,2,10,42,8,2,10,3
UR R dr L FS ur DL,2,10,42,8,2,12,3
UR R dr L ur FS DL,2,10,42,8,2,10,3
UR R dr ur FS L DL,2,10,42,8,2,12,3
UR R dr ur L FS DL,2,10,42,8,2,10,3
UR R FS dr L ur DL,2,10,42,8,2,8,2
UR R FS dr ur L DL,2,10,42,8,2,8,2
UR R FS L dr ur DL,2,10,42,8,2,10,2
UR R FS L ur dr DL,2,10,42,8,2,10,2
UR R FS ur dr L DL,2,10,42,8,2,10,3
UR R FS ur L dr DL,2,10,42,8,2,10,3
UR R L dr FS ur DL,2,10,42,8,2,12,4
UR R L dr ur FS DL,2,10,42,8,2,12,4
UR R L FS dr ur DL,2,10,42,8,2,12,4
UR R L FS ur dr DL,2,10,42,8,2,14,4
UR R L ur dr FS DL,2,10,42,8,2,10,4
UR R L ur FS dr DL,2,10,42,8,2,12,4
UR R ur dr FS L DL,2,10,42,8,2,10,3
UR R ur dr L FS DL,2,10,42,8,2,10,3
UR R ur FS dr L DL,2,10,42,8,2,10,3
UR R ur FS L dr DL,2,10,42,8,2,12,3
UR R ur L dr FS DL,2,10,42,8,2,8,3
UR R ur L FS dr DL,2,10,42,8,2,10,3
ur UR dr FS L DL R,2,10,42,8,2,13,4
UR ur dr FS L DL R,2,10,42,8,2,13,4
ur UR dr FS L R DL,2,10,42,8,2,16,4
UR ur dr FS L R DL,2,10,42,8,2,16,4
ur UR dr FS R L DL,2,10,42,8,2,14,4
UR ur dr FS R L DL,2,10,42,8,2,14,4
ur UR dr L DL FS R,2,10,42,8,2,11,4
UR ur dr L DL FS R,2,10,42,8,2,11,4
ur UR dr L FS DL R,2,10,42,8,2,13,4
UR ur dr L FS DL R,2,10,42,8,2,13,4
ur UR dr L FS R DL,2,10,42,8,2,14,4
UR ur dr L FS R DL,2,10,42,8,2,14,4
ur UR dr L R FS DL,2,10,42,8,2,14,4
UR ur dr L R FS DL,2,10,42,8,2,14,4
ur UR dr R FS L DL,2,10,42,8,2,14,4
UR ur dr R FS L DL,2,10,42,8,2,14,4
ur UR dr R L FS DL,2,10,42,8,2,16,4
UR ur dr R L FS DL,2,10,42,8,2,16,4
ur UR FS dr L DL R,2,10,42,8,2,11,4
UR ur FS dr L DL R,2,10,42,8,2,13,4
ur UR FS dr L R DL,2,10,42,8,2,14,4
UR ur FS dr L R DL,2,10,42,8,2,16,4
ur UR FS dr R L DL,2,10,42,8,2,14,4
UR ur FS dr R L DL,2,10,42,8,2,16,4
ur UR FS L DL dr R,2,10,42,8,2,13,4
UR ur FS L DL dr R,2,10,42,8,2,15,4
ur UR FS L dr DL R,2,10,42,8,2,13,4
UR ur FS L dr DL R,2,10,42,8,2,15,4
ur UR FS L dr R DL,2,10,42,8,2,14,4
UR ur FS L dr R DL,2,10,42,8,2,16,4
ur UR FS L R dr DL,2,10,42,8,2,16,4
UR ur FS L R dr DL,2,10,42,8,2,18,4
ur UR FS R dr L DL,2,10,42,8,2,12,4
UR ur FS R dr L DL,2,10,42,8,2,14,4
ur UR FS R L dr DL,2,10,42,8,2,14,4
UR ur FS R L dr DL,2,10,42,8,2,16,4
ur UR L DL dr FS R,2,10,42,8,2,13,4
UR ur L DL dr FS R,2,10,42,8,2,11,4
ur UR L DL FS dr R,2,10,42,8,2,13,4
UR ur L DL FS dr R,2,10,42,8,2,11,4
ur UR L dr DL FS R,2,10,42,8,2,13,4
UR ur L dr DL FS R,2,10,42,8,2,11,4
ur UR L dr FS DL R,2,10,42,8,2,13,4
UR ur L dr FS DL R,2,10,42,8,2,11,4
ur UR L dr FS R DL,2,10,42,8,2,14,4
UR ur L dr FS R DL,2,10,42,8,2,12,4
ur UR L dr R FS DL,2,10,42,8,2,14,4
UR ur L dr R FS DL,2,10,42,8,2,12,4
ur UR L FS DL dr R,2,10,42,8,2,15,4
UR ur L FS DL dr R,2,10,42,8,2,13,4
ur UR L FS dr DL R,2,10,42,8,2,15,4
UR ur L FS dr DL R,2,10,42,8,2,13,4
ur UR L FS dr R DL,2,10,42,8,2,16,4
UR ur L FS dr R DL,2,10,42,8,2,14,4
ur UR L FS R dr DL,2,10,42,8,2,16,4
UR ur L FS R dr DL,2,10,42,8,2,14,4
ur UR L R dr FS DL,2,10,42,8,2,16,4
UR ur L R dr FS DL,2,10,42,8,2,14,4
ur UR L R FS dr DL,2,10,42,8,2,16,4
UR ur L R FS dr DL,2,10,42,8,2,14,4
ur UR R dr FS L DL,2,10,42,8,2,12,4
UR ur R dr FS L DL,2,10,42,8,2,14,4
ur UR R dr L FS DL,2,10,42,8,2,12,4
UR ur R dr L FS DL,2,10,42,8,2,14,4
ur UR R FS dr L DL,2,10,42,8,2,10,4
UR ur R FS dr L DL,2,10,42,8,2,12,4
ur UR R FS L dr DL,2,10,42,8,2,12,4
UR ur R FS L dr DL,2,10,42,8,2,14,4
ur UR R L dr FS DL,2,10,42,8,2,12,4
UR ur R L dr FS DL,2,10,42,8,2,14,4
ur UR R L FS dr DL,2,10,42,8,2,14,4
UR ur R L FS dr DL,2,10,42,8,2,16,4
DL dr FS ur L UR R,2,10,44,7,2,11,3
DL dr L UR FS R ur,2,10,44,7,2,12,3
DL dr L UR R FS ur,2,10,44,7,2,12,3
DL dr ur FS L UR R,2,10,44,7,2,13,3
DL dr UR L FS R ur,2,10,44,7,2,14,3
DL dr ur L FS UR R,2,10,44,7,2,9,2
DL dr UR L R FS ur,2,10,44,7,2,16,4
DL dr UR R L FS ur,2,10,44,7,2,14,4
DL FS dr ur L UR R,2,10,44,7,2,9,3
DL FS L UR dr R ur,2,10,44,7,2,14,3
DL FS L UR R dr ur,2,10,44,7,2,12,3
DL FS ur dr L UR R,2,10,44,7,2,11,3
DL FS UR L dr R ur,2,10,44,7,2,12,3
DL FS ur L dr UR R,2,10,44,7,2,9,3
DL FS UR L R dr ur,2,10,44,7,2,14,4
DL FS UR R L dr ur,2,10,44,7,2,10,4
DL L dr UR FS R ur,2,10,44,7,2,10,3
DL L dr UR R FS ur,2,10,44,7,2,10,3
DL L FS UR dr R ur,2,10,44,7,2,12,3
DL L FS UR R dr ur,2,10,44,7,2,10,3
DL L UR dr FS R ur,2,10,44,7,2,12,3
DL L UR dr R FS ur,2,10,44,7,2,14,3
DL L UR FS dr R ur,2,10,44,7,2,12,3
DL L UR FS R dr ur,2,10,44,7,2,12,3
DL L UR R dr FS ur,2,10,44,7,2,12,3
DL L UR R FS dr ur,2,10,44,7,2,10,3
DL ur dr FS L UR R,2,10,44,7,2,11,3
DL UR dr L FS R ur,2,10,44,7,2,12,3
DL ur dr L FS UR R,2,10,44,7,2,9,2
DL UR dr L R FS ur,2,10,44,7,2,14,4
DL UR dr R L FS ur,2,10,44,7,2,16,4
DL ur FS dr L UR R,2,10,44,7,2,11,3
DL UR FS L dr R ur,2,10,44,7,2,12,3
DL ur FS L dr UR R,2,10,44,7,2,11,3
DL UR FS L R dr ur,2,10,44,7,2,14,4
DL UR FS R L dr ur,2,10,44,7,2,12,4
DL UR L dr FS R ur,2,10,44,7,2,12,3
DL ur L dr FS UR R,2,10,44,7,2,7,2
DL UR L dr R FS ur,2,10,44,7,2,14,3
DL UR L FS dr R ur,2,10,44,7,2,14,3
DL ur L FS dr UR R,2,10,44,7,2,9,2
DL UR L FS R dr ur,2,10,44,7,2,14,3
DL UR L R dr FS ur,2,10,44,7,2,16,4
DL UR L R FS dr ur,2,10,44,7,2,14,4
DL UR R dr L FS ur,2,10,44,7,2,12,3
DL UR R FS L dr ur,2,10,44,7,2,10,2
DL UR R L dr FS ur,2,10,44,7,2,12,4
DL UR R L FS dr ur,2,10,44,7,2,12,4
dr DL FS ur L UR R,2,10,44,7,2,11,3
dr DL L UR FS R ur,2,10,44,7,2,12,3
dr DL L UR R FS ur,2,10,44,7,2,12,3
dr DL ur FS L UR R,2,10,44,7,2,13,3
dr DL UR L FS R ur,2,10,44,7,2,14,3
dr DL ur L FS UR R,2,10,44,7,2,9,2
dr DL UR L R FS ur,2,10,44,7,2,16,4
dr DL UR R L FS ur,2,10,44,7,2,14,4
dr FS DL ur L UR R,2,10,44,7,2,9,3
dr FS ur DL L UR R,2,10,44,7,2,11,3
dr L DL UR FS R ur,2,10,44,7,2,10,3
dr L DL UR R FS ur,2,10,44,7,2,10,3
dr L UR DL FS R ur,2,10,44,7,2,12,3
dr L UR DL R FS ur,2,10,44,7,2,14,3
dr L UR R DL FS ur,2,10,44,7,2,12,3
dr ur DL FS L UR R,2,10,44,7,2,11,3
dr UR DL L FS R ur,2,10,44,7,2,12,3
dr ur DL L FS UR R,2,10,44,7,2,9,2
dr UR DL L R FS ur,2,10,44,7,2,14,4
dr UR DL R L FS ur,2,10,44,7,2,16,4
dr ur FS DL L UR R,2,10,44,7,2,11,3
dr UR L DL FS R ur,2,10,44,7,2,12,3
dr UR L DL R FS ur,2,10,44,7,2,14,3
dr UR L R DL FS ur,2,10,44,7,2,16,4
dr UR R DL L FS ur,2,10,44,7,2,12,3
dr UR R L DL FS ur,2,10,44,7,2,12,4
FS DL dr ur L UR R,2,10,44,7,2,10,3
FS DL L UR dr R ur,2,10,44,7,2,13,3
FS DL L UR R dr ur,2,10,44,7,2,11,3
FS DL ur dr L UR R,2,10,44,7,2,10,3
FS DL UR L dr R ur,2,10,44,7,2,13,3
FS DL ur L dr UR R,2,10,44,7,2,8,2
FS DL UR L R dr ur,2,10,44,7,2,15,4
FS DL UR R L dr ur,2,10,44,7,2,11,4
FS dr DL ur L UR R,2,10,44,7,2,10,3
FS dr ur DL L UR R,2,10,44,7,2,10,3
FS L DL UR dr R ur,2,10,44,7,2,13,3
FS L DL UR R dr ur,2,10,44,7,2,11,3
FS L UR DL dr R ur,2,10,44,7,2,15,3
FS L UR DL R dr ur,2,10,44,7,2,15,3
FS ur DL dr L UR R,2,10,44,7,2,12,3
FS UR DL L dr R ur,2,10,44,7,2,11,3
FS ur DL L dr UR R,2,10,44,7,2,10,3
FS UR DL L R dr ur,2,10,44,7,2,13,4
FS UR DL R L dr ur,2,10,44,7,2,13,4
FS ur dr DL L UR R,2,10,44,7,2,12,3
FS UR L DL dr R ur,2,10,44,7,2,13,3
FS UR L DL R dr ur,2,10,44,7,2,13,3
L DL dr UR FS R ur,2,10,44,7,2,11,3
L DL dr UR R FS ur,2,10,44,7,2,11,3
L DL FS UR dr R ur,2,10,44,7,2,11,3
L DL FS UR R dr ur,2,10,44,7,2,9,3
L DL UR dr FS R ur,2,10,44,7,2,11,3
L DL UR dr R FS ur,2,10,44,7,2,13,3
L DL UR FS dr R ur,2,10,44,7,2,11,3
L DL UR FS R dr ur,2,10,44,7,2,11,3
L DL UR R dr FS ur,2,10,44,7,2,11,3
L DL UR R FS dr ur,2,10,44,7,2,9,2
L dr DL UR FS R ur,2,10,44,7,2,11,3
L dr DL UR R FS ur,2,10,44,7,2,11,3
L dr UR DL FS R ur,2,10,44,7,2,11,3
L dr UR DL R FS ur,2,10,44,7,2,13,3
L dr UR R DL FS ur,2,10,44,7,2,11,3
L FS DL UR dr R ur,2,10,44,7,2,13,3
L FS DL UR R dr ur,2,10,44,7,2,11,3
L FS UR DL dr R ur,2,10,44,7,2,13,3
L FS UR DL R dr ur,2,10,44,7,2,13,3
L UR DL dr FS R ur,2,10,44,7,2,13,3
L UR DL dr R FS ur,2,10,44,7,2,15,3
L UR DL FS dr R ur,2,10,44,7,2,13,3
L UR DL FS R dr ur,2,10,44,7,2,13,3
L UR DL R dr FS ur,2,10,44,7,2,15,3
L UR DL R FS dr ur,2,10,44,7,2,13,3
L UR dr DL FS R ur,2,10,44,7,2,13,3
L UR dr DL R FS ur,2,10,44,7,2,15,3
L UR dr R DL FS ur,2,10,44,7,2,15,3
L UR FS DL dr R ur,2,10,44,7,2,13,3
L UR FS DL R dr ur,2,10,44,7,2,13,3
L UR R DL dr FS ur,2,10,44,7,2,13,3
L UR R DL FS dr ur,2,10,44,7,2,11,3
L UR R dr DL FS ur,2,10,44,7,2,13,3
ur DL dr FS L UR R,2,10,44,7,2,11,3
UR DL dr L FS R ur,2,10,44,7,2,12,3
ur DL dr L FS UR R,2,10,44,7,2,9,2
UR DL dr L R FS ur,2,10,44,7,2,14,4
UR DL dr R L FS ur,2,10,44,7,2,16,4
ur DL FS dr L UR R,2,10,44,7,2,9,3
UR DL FS L dr R ur,2,10,44,7,2,12,3
ur DL FS L dr UR R,2,10,44,7,2,9,2
UR DL FS L R dr ur,2,10,44,7,2,14,4
UR DL FS R L dr ur,2,10,44,7,2,12,4
UR DL L dr FS R ur,2,10,44,7,2,10,3
ur DL L dr FS UR R,2,10,44,7,2,7,2
UR DL L dr R FS ur,2,10,44,7,2,12,3
UR DL L FS dr R ur,2,10,44,7,2,12,3
ur DL L FS dr UR R,2,10,44,7,2,9,2
UR DL L FS R dr ur,2,10,44,7,2,12,3
UR DL L R dr FS ur,2,10,44,7,2,14,4
UR DL L R FS dr ur,2,10,44,7,2,12,4
UR DL R dr L FS ur,2,10,44,7,2,14,3
UR DL R FS L dr ur,2,10,44,7,2,12,3
UR DL R L dr FS ur,2,10,44,7,2,14,4
UR DL R L FS dr ur,2,10,44,7,2,14,4
ur dr DL FS L UR R,2,10,44,7,2,11,3
UR dr DL L FS R ur,2,10,44,7,2,12,3
ur dr DL L FS UR R,2,10,44,7,2,9,2
UR dr DL L R FS ur,2,10,44,7,2,14,4
UR dr DL R L FS ur,2,10,44,7,2,16,4
ur dr FS DL L UR R,2,10,44,7,2,9,3
UR dr L DL FS R ur,2,10,44,7,2,10,3
UR dr L DL R FS ur,2,10,44,7,2,12,3
UR dr L R DL FS ur,2,10,44,7,2,14,4
UR dr R DL L FS ur,2,10,44,7,2,14,3
UR dr R L DL FS ur,2,10,44,7,2,14,4
ur FS DL dr L UR R,2,10,44,7,2,11,3
UR FS DL L dr R ur,2,10,44,7,2,10,3
ur FS DL L dr UR R,2,10,44,7,2,9,3
UR FS DL L R dr ur,2,10,44,7,2,12,4
UR FS DL R L dr ur,2,10,44,7,2,12,4
ur FS dr DL L UR R,2,10,44,7,2,11,3
UR FS L DL dr R ur,2,10,44,7,2,12,3
UR FS L DL R dr ur,2,10,44,7,2,12,3
UR L DL dr FS R ur,2,10,44,7,2,12,3
UR L DL dr R FS ur,2,10,44,7,2,14,3
UR L DL FS dr R ur,2,10,44,7,2,12,3
UR L DL FS R dr ur,2,10,44,7,2,12,3
UR L DL R dr FS ur,2,10,44,7,2,14,3
UR L DL R FS dr ur,2,10,44,7,2,12,3
UR L dr DL FS R ur,2,10,44,7,2,12,3
UR L dr DL R FS ur,2,10,44,7,2,14,3
UR L dr R DL FS ur,2,10,44,7,2,14,3
UR L FS DL dr R ur,2,10,44,7,2,14,3
UR L FS DL R dr ur,2,10,44,7,2,14,3
UR L R DL dr FS ur,2,10,44,7,2,16,4
UR L R DL FS dr ur,2,10,44,7,2,14,4
UR L R dr DL FS ur,2,10,44,7,2,16,4
UR R DL dr L FS ur,2,10,44,7,2,12,3
UR R DL FS L dr ur,2,10,44,7,2,10,3
UR R DL L dr FS ur,2,10,44,7,2,10,3
UR R DL L FS dr ur,2,10,44,7,2,10,3
UR R dr DL L FS ur,2,10,44,7,2,12,3
UR R dr L DL FS ur,2,10,44,7,2,10,3
UR R L DL dr FS ur,2,10,44,7,2,12,4
UR R L DL FS dr ur,2,10,44,7,2,10,4
UR R L dr DL FS ur,2,10,44,7,2,12,4
DL dr FS R ur L UR,2,10,46,8,2,12,3
DL dr FS R ur UR L,2,10,46,8,2,15,4
DL dr FS R UR ur L,2,10,46,8,2,11,4
DL dr FS ur L R UR,2,10,46,8,2,12,4
DL dr FS ur R L UR,2,10,46,8,2,16,4
DL dr FS ur R UR L,2,10,46,8,2,13,3
DL dr R FS ur L UR,2,10,46,8,2,14,3
DL dr R FS ur UR L,2,10,46,8,2,17,4
DL dr R FS UR ur L,2,10,46,8,2,13,4
DL dr R ur FS L UR,2,10,46,8,2,16,3
DL dr R ur FS UR L,2,10,46,8,2,15,3
DL dr R UR FS ur L,2,10,46,8,2,11,3
DL dr R ur L FS UR,2,10,46,8,2,12,3
DL dr R ur UR FS L,2,10,46,8,2,15,4
DL dr R UR ur FS L,2,10,46,8,2,15,4
DL dr ur FS L R UR,2,10,46,8,2,14,4
DL dr ur FS R L UR,2,10,46,8,2,16,4
DL dr ur FS R UR L,2,10,46,8,2,13,3
DL dr ur L FS R UR,2,10,46,8,2,10,2
DL dr ur L R FS UR,2,10,46,8,2,12,4
DL dr ur R FS L UR,2,10,46,8,2,14,3
DL dr ur R FS UR L,2,10,46,8,2,13,3
DL dr ur R L FS UR,2,10,46,8,2,14,4
DL dr ur R UR FS L,2,10,46,8,2,11,3
DL FS dr R ur L UR,2,10,46,8,2,12,3
DL FS dr R ur UR L,2,10,46,8,2,15,4
DL FS dr R UR ur L,2,10,46,8,2,11,4
DL FS dr ur L R UR,2,10,46,8,2,10,4
DL FS dr ur R L UR,2,10,46,8,2,14,4
DL FS dr ur R UR L,2,10,46,8,2,11,3
DL FS R dr ur L UR,2,10,46,8,2,12,3
DL FS R dr ur UR L,2,10,46,8,2,15,4
DL FS R dr UR ur L,2,10,46,8,2,13,4
DL FS R ur dr L UR,2,10,46,8,2,12,3
DL FS R ur dr UR L,2,10,46,8,2,13,3
DL FS R UR dr ur L,2,10,46,8,2,9,2
DL FS R ur L dr UR,2,10,46,8,2,10,3
DL FS R ur UR dr L,2,10,46,8,2,13,4
DL FS R UR ur dr L,2,10,46,8,2,11,4
DL FS ur dr L R UR,2,10,46,8,2,12,4
DL FS ur dr R L UR,2,10,46,8,2,16,4
DL FS ur dr R UR L,2,10,46,8,2,13,3
DL FS ur L dr R UR,2,10,46,8,2,10,3
DL FS ur L R dr UR,2,10,46,8,2,14,4
DL FS ur R dr L UR,2,10,46,8,2,14,3
DL FS ur R dr UR L,2,10,46,8,2,15,3
DL FS ur R L dr UR,2,10,46,8,2,14,4
DL FS ur R UR dr L,2,10,46,8,2,11,3
DL R dr FS ur L UR,2,10,46,8,2,14,3
DL R dr FS ur UR L,2,10,46,8,2,17,4
DL R dr FS UR ur L,2,10,46,8,2,13,4
DL R dr ur FS L UR,2,10,46,8,2,16,3
DL R dr ur FS UR L,2,10,46,8,2,15,3
DL R dr UR FS ur L,2,10,46,8,2,13,3
DL R dr ur L FS UR,2,10,46,8,2,12,3
DL R dr ur UR FS L,2,10,46,8,2,15,4
DL R dr UR ur FS L,2,10,46,8,2,17,4
DL R FS dr ur L UR,2,10,46,8,2,12,3
DL R FS dr ur UR L,2,10,46,8,2,15,4
DL R FS dr UR ur L,2,10,46,8,2,13,4
DL R FS ur dr L UR,2,10,46,8,2,14,3
DL R FS ur dr UR L,2,10,46,8,2,15,3
DL R FS UR dr ur L,2,10,46,8,2,11,3
DL R FS ur L dr UR,2,10,46,8,2,12,3
DL R FS ur UR dr L,2,10,46,8,2,15,4
DL R FS UR ur dr L,2,10,46,8,2,13,4
DL R ur dr FS L UR,2,10,46,8,2,14,3
DL R ur dr FS UR L,2,10,46,8,2,13,3
DL R UR dr FS ur L,2,10,46,8,2,11,3
DL R ur dr L FS UR,2,10,46,8,2,12,3
DL R ur dr UR FS L,2,10,46,8,2,13,3
DL R UR dr ur FS L,2,10,46,8,2,13,3
DL R ur FS dr L UR,2,10,46,8,2,14,3
DL R ur FS dr UR L,2,10,46,8,2,15,3
DL R UR FS dr ur L,2,10,46,8,2,9,3
DL R ur FS L dr UR,2,10,46,8,2,14,3
DL R ur FS UR dr L,2,10,46,8,2,13,3
DL R UR FS ur dr L,2,10,46,8,2,11,3
DL R ur L dr FS UR,2,10,46,8,2,10,3
DL R ur L FS dr UR,2,10,46,8,2,12,3
DL R ur UR dr FS L,2,10,46,8,2,15,4
DL R UR ur dr FS L,2,10,46,8,2,13,4
DL R ur UR FS dr L,2,10,46,8,2,13,4
DL R UR ur FS dr L,2,10,46,8,2,13,4
DL ur dr FS L R UR,2,10,46,8,2,12,4
DL ur dr FS R L UR,2,10,46,8,2,14,4
DL ur dr FS R UR L,2,10,46,8,2,11,3
DL ur dr L FS R UR,2,10,46,8,2,10,2
DL ur dr L R FS UR,2,10,46,8,2,12,4
DL ur dr R FS L UR,2,10,46,8,2,14,3
DL ur dr R FS UR L,2,10,46,8,2,13,3
DL ur dr R L FS UR,2,10,46,8,2,14,4
DL ur dr R UR FS L,2,10,46,8,2,11,3
DL ur FS dr L R UR,2,10,46,8,2,12,4
DL ur FS dr R L UR,2,10,46,8,2,16,4
DL ur FS dr R UR L,2,10,46,8,2,13,3
DL ur FS L dr R UR,2,10,46,8,2,12,3
DL ur FS L R dr UR,2,10,46,8,2,16,4
DL ur FS R dr L UR,2,10,46,8,2,14,3
DL ur FS R dr UR L,2,10,46,8,2,15,3
DL ur FS R L dr UR,2,10,46,8,2,14,4
DL ur FS R UR dr L,2,10,46,8,2,11,3
DL ur L dr FS R UR,2,10,46,8,2,8,2
DL ur L dr R FS UR,2,10,46,8,2,10,3
DL ur L FS dr R UR,2,10,46,8,2,10,3
DL ur L FS R dr UR,2,10,46,8,2,12,3
DL ur L R dr FS UR,2,10,46,8,2,12,4
DL ur L R FS dr UR,2,10,46,8,2,12,4
DL ur R dr FS L UR,2,10,46,8,2,14,3
DL ur R dr FS UR L,2,10,46,8,2,13,3
DL ur R dr L FS UR,2,10,46,8,2,12,3
DL ur R dr UR FS L,2,10,46,8,2,13,3
DL ur R FS dr L UR,2,10,46,8,2,12,3
DL ur R FS dr UR L,2,10,46,8,2,13,3
DL ur R FS L dr UR,2,10,46,8,2,12,3
DL ur R FS UR dr L,2,10,46,8,2,11,3
DL ur R L dr FS UR,2,10,46,8,2,12,4
DL ur R L FS dr UR,2,10,46,8,2,14,4
DL ur R UR dr FS L,2,10,46,8,2,11,3
DL ur R UR FS dr L,2,10,46,8,2,9,3
dr DL FS R ur L UR,2,10,46,8,2,12,3
dr DL FS R ur UR L,2,10,46,8,2,15,4
dr DL FS R UR ur L,2,10,46,8,2,11,4
dr DL FS ur L R UR,2,10,46,8,2,12,4
dr DL FS ur R L UR,2,10,46,8,2,16,4
dr DL FS ur R UR L,2,10,46,8,2,13,3
dr DL R FS ur L UR,2,10,46,8,2,14,3
dr DL R FS ur UR L,2,10,46,8,2,17,4
dr DL R FS UR ur L,2,10,46,8,2,13,4
dr DL R ur FS L UR,2,10,46,8,2,16,3
dr DL R ur FS UR L,2,10,46,8,2,15,3
dr DL R UR FS ur L,2,10,46,8,2,11,3
dr DL R ur L FS UR,2,10,46,8,2,12,3
dr DL R ur UR FS L,2,10,46,8,2,15,4
dr DL R UR ur FS L,2,10,46,8,2,15,4
dr DL ur FS L R UR,2,10,46,8,2,14,4
dr DL ur FS R L UR,2,10,46,8,2,16,4
dr DL ur FS R UR L,2,10,46,8,2,13,3
dr DL ur L FS R UR,2,10,46,8,2,10,2
dr DL ur L R FS UR,2,10,46,8,2,12,4
dr DL ur R FS L UR,2,10,46,8,2,14,3
dr DL ur R FS UR L,2,10,46,8,2,13,3
dr DL ur R L FS UR,2,10,46,8,2,14,4
dr DL ur R UR FS L,2,10,46,8,2,11,3
dr FS DL R ur L UR,2,10,46,8,2,12,3
dr FS DL R ur UR L,2,10,46,8,2,15,4
dr FS DL R UR ur L,2,10,46,8,2,11,4
dr FS DL ur L R UR,2,10,46,8,2,10,4
dr FS DL ur R L UR,2,10,46,8,2,14,4
dr FS DL ur R UR L,2,10,46,8,2,11,3
dr FS R DL ur L UR,2,10,46,8,2,12,3
dr FS R DL ur UR L,2,10,46,8,2,15,4
dr FS R DL UR ur L,2,10,46,8,2,13,4
dr FS R ur DL L UR,2,10,46,8,2,12,3
dr FS R ur DL UR L,2,10,46,8,2,13,3
dr FS ur DL L R UR,2,10,46,8,2,12,4
dr FS ur DL R L UR,2,10,46,8,2,16,4
dr FS ur DL R UR L,2,10,46,8,2,13,3
dr FS ur R DL L UR,2,10,46,8,2,14,3
dr FS ur R DL UR L,2,10,46,8,2,15,3
dr R DL FS ur L UR,2,10,46,8,2,14,3
dr R DL FS ur UR L,2,10,46,8,2,17,4
dr R DL FS UR ur L,2,10,46,8,2,13,4
dr R DL ur FS L UR,2,10,46,8,2,16,3
dr R DL ur FS UR L,2,10,46,8,2,15,3
dr R DL UR FS ur L,2,10,46,8,2,13,3
dr R DL ur L FS UR,2,10,46,8,2,12,3
dr R DL ur UR FS L,2,10,46,8,2,15,4
dr R DL UR ur FS L,2,10,46,8,2,17,4
dr R FS DL ur L UR,2,10,46,8,2,12,3
dr R FS DL ur UR L,2,10,46,8,2,15,4
dr R FS DL UR ur L,2,10,46,8,2,13,4
dr R FS ur DL L UR,2,10,46,8,2,14,3
dr R FS ur DL UR L,2,10,46,8,2,15,3
dr R ur DL FS L UR,2,10,46,8,2,14,3
dr R ur DL FS UR L,2,10,46,8,2,13,3
dr R UR DL FS ur L,2,10,46,8,2,11,3
dr R ur DL L FS UR,2,10,46,8,2,12,3
dr R ur DL UR FS L,2,10,46,8,2,13,3
dr R UR DL ur FS L,2,10,46,8,2,13,3
dr R ur FS DL L UR,2,10,46,8,2,14,3
dr R ur FS DL UR L,2,10,46,8,2,15,3
dr R ur UR DL FS L,2,10,46,8,2,15,4
dr R UR ur DL FS L,2,10,46,8,2,13,4
dr ur DL FS L R UR,2,10,46,8,2,12,4
dr ur DL FS R L UR,2,10,46,8,2,14,4
dr ur DL FS R UR L,2,10,46,8,2,11,3
dr ur DL L FS R UR,2,10,46,8,2,10,2
dr ur DL L R FS UR,2,10,46,8,2,12,4
dr ur DL R FS L UR,2,10,46,8,2,14,3
dr ur DL R FS UR L,2,10,46,8,2,13,3
dr ur DL R L FS UR,2,10,46,8,2,14,4
dr ur DL R UR FS L,2,10,46,8,2,11,3
dr ur FS DL L R UR,2,10,46,8,2,12,4
dr ur FS DL R L UR,2,10,46,8,2,16,4
dr ur FS DL R UR L,2,10,46,8,2,13,3
dr ur FS R DL L UR,2,10,46,8,2,14,3
dr ur FS R DL UR L,2,10,46,8,2,15,3
dr ur R DL FS L UR,2,10,46,8,2,14,3
dr ur R DL FS UR L,2,10,46,8,2,13,3
dr ur R DL L FS UR,2,10,46,8,2,12,3
dr ur R DL UR FS L,2,10,46,8,2,13,3
dr ur R FS DL L UR,2,10,46,8,2,12,3
dr ur R FS DL UR L,2,10,46,8,2,13,3
dr ur R UR DL FS L,2,10,46,8,2,11,3
FS DL dr R ur L UR,2,10,46,8,2,13,3
FS DL dr R ur UR L,2,10,46,8,2,16,4
FS DL dr R UR ur L,2,10,46,8,2,12,4
FS DL dr ur L R UR,2,10,46,8,2,11,4
FS DL dr ur R L UR,2,10,46,8,2,15,4
FS DL dr ur R UR L,2,10,46,8,2,12,3
FS DL R dr ur L UR,2,10,46,8,2,13,3
FS DL R dr ur UR L,2,10,46,8,2,16,4
FS DL R dr UR ur L,2,10,46,8,2,14,4
FS DL R ur dr L UR,2,10,46,8,2,13,3
FS DL R ur dr UR L,2,10,46,8,2,14,3
FS DL R UR dr ur L,2,10,46,8,2,10,3
FS DL R ur L dr UR,2,10,46,8,2,11,3
FS DL R ur UR dr L,2,10,46,8,2,14,4
FS DL R UR ur dr L,2,10,46,8,2,12,4
FS DL ur dr L R UR,2,10,46,8,2,11,4
FS DL ur dr R L UR,2,10,46,8,2,15,4
FS DL ur dr R UR L,2,10,46,8,2,12,3
FS DL ur L dr R UR,2,10,46,8,2,9,3
FS DL ur L R dr UR,2,10,46,8,2,13,4
FS DL ur R dr L UR,2,10,46,8,2,13,3
FS DL ur R dr UR L,2,10,46,8,2,14,3
FS DL ur R L dr UR,2,10,46,8,2,13,4
FS DL ur R UR dr L,2,10,46,8,2,10,3
FS dr DL R ur L UR,2,10,46,8,2,13,3
FS dr DL R ur UR L,2,10,46,8,2,16,4
FS dr DL R UR ur L,2,10,46,8,2,12,4
FS dr DL ur L R UR,2,10,46,8,2,11,4
FS dr DL ur R L UR,2,10,46,8,2,15,4
FS dr DL ur R UR L,2,10,46,8,2,12,3
FS dr R DL ur L UR,2,10,46,8,2,13,3
FS dr R DL ur UR L,2,10,46,8,2,16,4
FS dr R DL UR ur L,2,10,46,8,2,14,4
FS dr R ur DL L UR,2,10,46,8,2,13,3
FS dr R ur DL UR L,2,10,46,8,2,14,3
FS dr ur DL L R UR,2,10,46,8,2,11,4
FS dr ur DL R L UR,2,10,46,8,2,15,4
FS dr ur DL R UR L,2,10,46,8,2,12,3
FS dr ur R DL L UR,2,10,46,8,2,13,3
FS dr ur R DL UR L,2,10,46,8,2,14,3
FS R DL dr ur L UR,2,10,46,8,2,13,3
FS R DL dr ur UR L,2,10,46,8,2,16,4
FS R DL dr UR ur L,2,10,46,8,2,14,4
FS R DL ur dr L UR,2,10,46,8,2,13,3
FS R DL ur dr UR L,2,10,46,8,2,14,3
FS R DL UR dr ur L,2,10,46,8,2,12,3
FS R DL ur L dr UR,2,10,46,8,2,11,3
FS R DL ur UR dr L,2,10,46,8,2,14,4
FS R DL UR ur dr L,2,10,46,8,2,14,4
FS R dr DL ur L UR,2,10,46,8,2,13,3
FS R dr DL ur UR L,2,10,46,8,2,16,4
FS R dr DL UR ur L,2,10,46,8,2,14,4
FS R dr ur DL L UR,2,10,46,8,2,13,3
FS R dr ur DL UR L,2,10,46,8,2,14,3
FS R ur DL dr L UR,2,10,46,8,2,13,3
FS R ur DL dr UR L,2,10,46,8,2,14,3
FS R ur DL L dr UR,2,10,46,8,2,11,3
FS R ur DL UR dr L,2,10,46,8,2,12,3
FS R ur dr DL L UR,2,10,46,8,2,13,3
FS R ur dr DL UR L,2,10,46,8,2,14,3
FS ur DL dr L R UR,2,10,46,8,2,13,4
FS ur DL dr R L UR,2,10,46,8,2,17,4
FS ur DL dr R UR L,2,10,46,8,2,14,3
FS ur DL L dr R UR,2,10,46,8,2,11,3
FS ur DL L R dr UR,2,10,46,8,2,15,4
FS ur DL R dr L UR,2,10,46,8,2,15,3
FS ur DL R dr UR L,2,10,46,8,2,16,3
FS ur DL R L dr UR,2,10,46,8,2,15,4
FS ur DL R UR dr L,2,10,46,8,2,12,3
FS ur dr DL L R UR,2,10,46,8,2,13,4
FS ur dr DL R L UR,2,10,46,8,2,17,4
FS ur dr DL R UR L,2,10,46,8,2,14,3
FS ur dr R DL L UR,2,10,46,8,2,15,3
FS ur dr R DL UR L,2,10,46,8,2,16,3
FS ur R DL dr L UR,2,10,46,8,2,15,3
FS ur R DL dr UR L,2,10,46,8,2,16,3
FS ur R DL L dr UR,2,10,46,8,2,13,3
FS ur R DL UR dr L,2,10,46,8,2,14,3
FS ur R dr DL L UR,2,10,46,8,2,15,3
FS ur R dr DL UR L,2,10,46,8,2,16,3
R DL dr FS ur L UR,2,10,46,8,2,13,3
R DL dr FS ur UR L,2,10,46,8,2,16,4
R DL dr FS UR ur L,2,10,46,8,2,12,4
R DL dr ur FS L UR,2,10,46,8,2,15,3
R DL dr ur FS UR L,2,10,46,8,2,14,3
R DL dr UR FS ur L,2,10,46,8,2,12,3
R DL dr ur L FS UR,2,10,46,8,2,11,3
R DL dr ur UR FS L,2,10,46,8,2,14,4
R DL dr UR ur FS L,2,10,46,8,2,16,4
R DL FS dr ur L UR,2,10,46,8,2,11,3
R DL FS dr ur UR L,2,10,46,8,2,14,4
R DL FS dr UR ur L,2,10,46,8,2,12,4
R DL FS ur dr L UR,2,10,46,8,2,13,3
R DL FS ur dr UR L,2,10,46,8,2,14,3
R DL FS UR dr ur L,2,10,46,8,2,10,3
R DL FS ur L dr UR,2,10,46,8,2,11,3
R DL FS ur UR dr L,2,10,46,8,2,14,4
R DL FS UR ur dr L,2,10,46,8,2,12,4
R DL ur dr FS L UR,2,10,46,8,2,13,3
R DL ur dr FS UR L,2,10,46,8,2,12,3
R DL UR dr FS ur L,2,10,46,8,2,12,3
R DL ur dr L FS UR,2,10,46,8,2,11,3
R DL ur dr UR FS L,2,10,46,8,2,12,3
R DL UR dr ur FS L,2,10,46,8,2,14,3
R DL ur FS dr L UR,2,10,46,8,2,13,3
R DL ur FS dr UR L,2,10,46,8,2,14,3
R DL UR FS dr ur L,2,10,46,8,2,10,3
R DL ur FS L dr UR,2,10,46,8,2,13,3
R DL ur FS UR dr L,2,10,46,8,2,12,3
R DL UR FS ur dr L,2,10,46,8,2,12,3
R DL ur L dr FS UR,2,10,46,8,2,9,3
R DL ur L FS dr UR,2,10,46,8,2,11,3
R DL ur UR dr FS L,2,10,46,8,2,14,4
R DL UR ur dr FS L,2,10,46,8,2,14,4
R DL ur UR FS dr L,2,10,46,8,2,12,4
R DL UR ur FS dr L,2,10,46,8,2,14,4
R dr DL FS ur L UR,2,10,46,8,2,13,3
R dr DL FS ur UR L,2,10,46,8,2,16,4
R dr DL FS UR ur L,2,10,46,8,2,12,4
R dr DL ur FS L UR,2,10,46,8,2,15,3
R dr DL ur FS UR L,2,10,46,8,2,14,3
R dr DL UR FS ur L,2,10,46,8,2,12,3
R dr DL ur L FS UR,2,10,46,8,2,11,3
R dr DL ur UR FS L,2,10,46,8,2,14,4
R dr DL UR ur FS L,2,10,46,8,2,16,4
R dr FS DL ur L UR,2,10,46,8,2,11,3
R dr FS DL ur UR L,2,10,46,8,2,14,4
R dr FS DL UR ur L,2,10,46,8,2,12,4
R dr FS ur DL L UR,2,10,46,8,2,13,3
R dr FS ur DL UR L,2,10,46,8,2,14,3
R dr ur DL FS L UR,2,10,46,8,2,13,3
R dr ur DL FS UR L,2,10,46,8,2,12,3
R dr UR DL FS ur L,2,10,46,8,2,12,3
R dr ur DL L FS UR,2,10,46,8,2,11,3
R dr ur DL UR FS L,2,10,46,8,2,12,3
R dr UR DL ur FS L,2,10,46,8,2,14,3
R dr ur FS DL L UR,2,10,46,8,2,13,3
R dr ur FS DL UR L,2,10,46,8,2,14,3
R dr ur UR DL FS L,2,10,46,8,2,14,4
R dr UR ur DL FS L,2,10,46,8,2,14,4
R FS DL dr ur L UR,2,10,46,8,2,11,3
R FS DL dr ur UR L,2,10,46,8,2,14,4
R FS DL dr UR ur L,2,10,46,8,2,12,4
R FS DL ur dr L UR,2,10,46,8,2,11,3
R FS DL ur dr UR L,2,10,46,8,2,12,3
R FS DL UR dr ur L,2,10,46,8,2,10,2
R FS DL ur L dr UR,2,10,46,8,2,9,2
R FS DL ur UR dr L,2,10,46,8,2,12,4
R FS DL UR ur dr L,2,10,46,8,2,12,4
R FS dr DL ur L UR,2,10,46,8,2,11,3
R FS dr DL ur UR L,2,10,46,8,2,14,4
R FS dr DL UR ur L,2,10,46,8,2,12,4
R FS dr ur DL L UR,2,10,46,8,2,11,3
R FS dr ur DL UR L,2,10,46,8,2,12,3
R FS ur DL dr L UR,2,10,46,8,2,13,3
R FS ur DL dr UR L,2,10,46,8,2,14,3
R FS ur DL L dr UR,2,10,46,8,2,11,3
R FS ur DL UR dr L,2,10,46,8,2,12,3
R FS ur dr DL L UR,2,10,46,8,2,13,3
R FS ur dr DL UR L,2,10,46,8,2,14,3
R ur DL dr FS L UR,2,10,46,8,2,13,3
R ur DL dr FS UR L,2,10,46,8,2,12,3
R UR DL dr FS ur L,2,10,46,8,2,10,3
R ur DL dr L FS UR,2,10,46,8,2,11,3
R ur DL dr UR FS L,2,10,46,8,2,12,3
R UR DL dr ur FS L,2,10,46,8,2,12,3
R ur DL FS dr L UR,2,10,46,8,2,11,3
R ur DL FS dr UR L,2,10,46,8,2,12,3
R UR DL FS dr ur L,2,10,46,8,2,8,2
R ur DL FS L dr UR,2,10,46,8,2,11,3
R ur DL FS UR dr L,2,10,46,8,2,10,3
R UR DL FS ur dr L,2,10,46,8,2,10,3
R ur DL L dr FS UR,2,10,46,8,2,9,3
R ur DL L FS dr UR,2,10,46,8,2,11,3
R ur DL UR dr FS L,2,10,46,8,2,12,3
R UR DL ur dr FS L,2,10,46,8,2,10,2
R ur DL UR FS dr L,2,10,46,8,2,10,3
R UR DL ur FS dr L,2,10,46,8,2,10,3
R ur dr DL FS L UR,2,10,46,8,2,13,3
R ur dr DL FS UR L,2,10,46,8,2,12,3
R UR dr DL FS ur L,2,10,46,8,2,10,3
R ur dr DL L FS UR,2,10,46,8,2,11,3
R ur dr DL UR FS L,2,10,46,8,2,12,3
R UR dr DL ur FS L,2,10,46,8,2,12,3
R ur dr FS DL L UR,2,10,46,8,2,11,3
R ur dr FS DL UR L,2,10,46,8,2,12,3
R ur dr UR DL FS L,2,10,46,8,2,12,3
R UR dr ur DL FS L,2,10,46,8,2,10,2
R ur FS DL dr L UR,2,10,46,8,2,13,3
R ur FS DL dr UR L,2,10,46,8,2,14,3
R ur FS DL L dr UR,2,10,46,8,2,11,3
R ur FS DL UR dr L,2,10,46,8,2,12,3
R ur FS dr DL L UR,2,10,46,8,2,13,3
R ur FS dr DL UR L,2,10,46,8,2,14,3
R ur UR DL dr FS L,2,10,46,8,2,14,4
R UR ur DL dr FS L,2,10,46,8,2,12,4
R ur UR DL FS dr L,2,10,46,8,2,12,4
R UR ur DL FS dr L,2,10,46,8,2,10,4
R ur UR dr DL FS L,2,10,46,8,2,14,4
R UR ur dr DL FS L,2,10,46,8,2,12,4
ur DL dr FS L R UR,2,10,46,8,2,12,4
ur DL dr FS R L UR,2,10,46,8,2,14,4
ur DL dr FS R UR L,2,10,46,8,2,11,3
ur DL dr L FS R UR,2,10,46,8,2,10,2
ur DL dr L R FS UR,2,10,46,8,2,12,4
ur DL dr R FS L UR,2,10,46,8,2,14,3
ur DL dr R FS UR L,2,10,46,8,2,13,3
ur DL dr R L FS UR,2,10,46,8,2,14,4
ur DL dr R UR FS L,2,10,46,8,2,11,3
ur DL FS dr L R UR,2,10,46,8,2,10,4
ur DL FS dr R L UR,2,10,46,8,2,14,4
ur DL FS dr R UR L,2,10,46,8,2,11,3
ur DL FS L dr R UR,2,10,46,8,2,10,3
ur DL FS L R dr UR,2,10,46,8,2,14,4
ur DL FS R dr L UR,2,10,46,8,2,12,3
ur DL FS R dr UR L,2,10,46,8,2,13,3
ur DL FS R L dr UR,2,10,46,8,2,12,4
ur DL FS R UR dr L,2,10,46,8,2,9,2
ur DL L dr FS R UR,2,10,46,8,2,8,2
ur DL L dr R FS UR,2,10,46,8,2,10,3
ur DL L FS dr R UR,2,10,46,8,2,10,3
ur DL L FS R dr UR,2,10,46,8,2,12,3
ur DL L R dr FS UR,2,10,46,8,2,12,4
ur DL L R FS dr UR,2,10,46,8,2,12,4
ur DL R dr FS L UR,2,10,46,8,2,14,3
ur DL R dr FS UR L,2,10,46,8,2,13,3
ur DL R dr L FS UR,2,10,46,8,2,12,3
ur DL R dr UR FS L,2,10,46,8,2,13,3
ur DL R FS dr L UR,2,10,46,8,2,12,3
ur DL R FS dr UR L,2,10,46,8,2,13,3
ur DL R FS L dr UR,2,10,46,8,2,12,3
ur DL R FS UR dr L,2,10,46,8,2,11,3
ur DL R L dr FS UR,2,10,46,8,2,12,4
ur DL R L FS dr UR,2,10,46,8,2,14,4
ur DL R UR dr FS L,2,10,46,8,2,11,3
ur DL R UR FS dr L,2,10,46,8,2,9,3
ur dr DL FS L R UR,2,10,46,8,2,12,4
ur dr DL FS R L UR,2,10,46,8,2,14,4
ur dr DL FS R UR L,2,10,46,8,2,11,3
ur dr DL L FS R UR,2,10,46,8,2,10,2
ur dr DL L R FS UR,2,10,46,8,2,12,4
ur dr DL R FS L UR,2,10,46,8,2,14,3
ur dr DL R FS UR L,2,10,46,8,2,13,3
ur dr DL R L FS UR,2,10,46,8,2,14,4
ur dr DL R UR FS L,2,10,46,8,2,11,3
ur dr FS DL L R UR,2,10,46,8,2,10,4
ur dr FS DL R L UR,2,10,46,8,2,14,4
ur dr FS DL R UR L,2,10,46,8,2,11,3
ur dr FS R DL L UR,2,10,46,8,2,12,3
ur dr FS R DL UR L,2,10,46,8,2,13,3
ur dr R DL FS L UR,2,10,46,8,2,14,3
ur dr R DL FS UR L,2,10,46,8,2,13,3
ur dr R DL L FS UR,2,10,46,8,2,12,3
ur dr R DL UR FS L,2,10,46,8,2,13,3
ur dr R FS DL L UR,2,10,46,8,2,12,3
ur dr R FS DL UR L,2,10,46,8,2,13,3
ur dr R UR DL FS L,2,10,46,8,2,11,3
ur FS DL dr L R UR,2,10,46,8,2,12,4
ur FS DL dr R L UR,2,10,46,8,2,16,4
ur FS DL dr R UR L,2,10,46,8,2,13,3
ur FS DL L dr R UR,2,10,46,8,2,10,3
ur FS DL L R dr UR,2,10,46,8,2,14,4
ur FS DL R dr L UR,2,10,46,8,2,14,3
ur FS DL R dr UR L,2,10,46,8,2,15,3
ur FS DL R L dr UR,2,10,46,8,2,14,4
ur FS DL R UR dr L,2,10,46,8,2,11,3
ur FS dr DL L R UR,2,10,46,8,2,12,4
ur FS dr DL R L UR,2,10,46,8,2,16,4
ur FS dr DL R UR L,2,10,46,8,2,13,3
ur FS dr R DL L UR,2,10,46,8,2,14,3
ur FS dr R DL UR L,2,10,46,8,2,15,3
ur FS R DL dr L UR,2,10,46,8,2,14,3
ur FS R DL dr UR L,2,10,46,8,2,15,3
ur FS R DL L dr UR,2,10,46,8,2,12,3
ur FS R DL UR dr L,2,10,46,8,2,13,3
ur FS R dr DL L UR,2,10,46,8,2,14,3
ur FS R dr DL UR L,2,10,46,8,2,15,3
ur R DL dr FS L UR,2,10,46,8,2,14,3
ur R DL dr FS UR L,2,10,46,8,2,13,3
ur R DL dr L FS UR,2,10,46,8,2,12,3
ur R DL dr UR FS L,2,10,46,8,2,13,3
ur R DL FS dr L UR,2,10,46,8,2,12,3
ur R DL FS dr UR L,2,10,46,8,2,13,3
ur R DL FS L dr UR,2,10,46,8,2,12,3
ur R DL FS UR dr L,2,10,46,8,2,11,3
ur R DL L dr FS UR,2,10,46,8,2,10,3
ur R DL L FS dr UR,2,10,46,8,2,12,3
ur R DL UR dr FS L,2,10,46,8,2,13,3
ur R DL UR FS dr L,2,10,46,8,2,11,3
ur R dr DL FS L UR,2,10,46,8,2,14,3
ur R dr DL FS UR L,2,10,46,8,2,13,3
ur R dr DL L FS UR,2,10,46,8,2,12,3
ur R dr DL UR FS L,2,10,46,8,2,13,3
ur R dr FS DL L UR,2,10,46,8,2,12,3
ur R dr FS DL UR L,2,10,46,8,2,13,3
ur R dr UR DL FS L,2,10,46,8,2,13,3
ur R FS DL dr L UR,2,10,46,8,2,12,3
ur R FS DL dr UR L,2,10,46,8,2,13,3
ur R FS DL L dr UR,2,10,46,8,2,10,3
ur R FS DL UR dr L,2,10,46,8,2,11,3
ur R FS dr DL L UR,2,10,46,8,2,12,3
ur R FS dr DL UR L,2,10,46,8,2,13,3
ur R UR DL dr FS L,2,10,46,8,2,11,3
ur R UR DL FS dr L,2,10,46,8,2,9,3
ur R UR dr DL FS L,2,10,46,8,2,11,3
DL dr FS L ur UR R,2,10,48,8,2,11,4
DL dr FS L UR ur R,2,10,48,8,2,15,4
DL dr FS UR L ur R,2,10,48,8,2,11,3
DL dr FS UR R ur L,2,10,48,8,2,9,3
DL dr FS ur UR L R,2,10,48,8,2,17,4
DL dr FS UR ur L R,2,10,48,8,2,13,4
DL dr FS ur UR R L,2,10,48,8,2,15,4
DL dr FS UR ur R L,2,10,48,8,2,15,4
DL dr L FS ur UR R,2,10,48,8,2,13,4
DL dr L FS UR ur R,2,10,48,8,2,13,4
DL dr L ur FS UR R,2,10,48,8,2,9,3
DL dr UR FS L ur R,2,10,48,8,2,11,3
DL dr UR FS R ur L,2,10,48,8,2,11,3
DL dr ur FS UR L R,2,10,48,8,2,15,4
DL dr UR FS ur L R,2,10,48,8,2,13,4
DL dr ur FS UR R L,2,10,48,8,2,13,4
DL dr UR FS ur R L,2,10,48,8,2,15,4
DL dr ur L UR FS R,2,10,48,8,2,11,3
DL dr UR R FS ur L,2,10,48,8,2,11,3
DL dr UR R ur FS L,2,10,48,8,2,13,3
DL dr ur UR FS L R,2,10,48,8,2,15,4
DL dr UR ur FS L R,2,10,48,8,2,17,4
DL dr ur UR FS R L,2,10,48,8,2,15,4
DL dr UR ur FS R L,2,10,48,8,2,17,4
DL dr ur UR L FS R,2,10,48,8,2,15,4
DL dr UR ur L FS R,2,10,48,8,2,13,4
DL dr ur UR R FS L,2,10,48,8,2,13,4
DL dr UR ur R FS L,2,10,48,8,2,15,4
DL FS dr L ur UR R,2,10,48,8,2,9,4
DL FS dr L UR ur R,2,10,48,8,2,13,4
DL FS dr UR L ur R,2,10,48,8,2,11,3
DL FS dr UR R ur L,2,10,48,8,2,9,3
DL FS dr ur UR L R,2,10,48,8,2,15,4
DL FS dr UR ur L R,2,10,48,8,2,13,4
DL FS dr ur UR R L,2,10,48,8,2,13,4
DL FS dr UR ur R L,2,10,48,8,2,15,4
DL FS L dr ur UR R,2,10,48,8,2,11,4
DL FS L dr UR ur R,2,10,48,8,2,13,4
DL FS L ur dr UR R,2,10,48,8,2,9,2
DL FS UR dr L ur R,2,10,48,8,2,9,3
DL FS UR dr R ur L,2,10,48,8,2,11,3
DL FS ur dr UR L R,2,10,48,8,2,15,4
DL FS UR dr ur L R,2,10,48,8,2,11,4
DL FS ur dr UR R L,2,10,48,8,2,13,4
DL FS UR dr ur R L,2,10,48,8,2,13,4
DL FS ur L UR dr R,2,10,48,8,2,13,3
DL FS UR R dr ur L,2,10,48,8,2,9,3
DL FS UR R ur dr L,2,10,48,8,2,9,3
DL FS ur UR dr L R,2,10,48,8,2,15,4
DL FS UR ur dr L R,2,10,48,8,2,13,4
DL FS ur UR dr R L,2,10,48,8,2,17,4
DL FS UR ur dr R L,2,10,48,8,2,15,4
DL FS ur UR L dr R,2,10,48,8,2,15,4
DL FS UR ur L dr R,2,10,48,8,2,11,4
DL FS ur UR R dr L,2,10,48,8,2,13,4
DL FS UR ur R dr L,2,10,48,8,2,13,4
DL L dr FS ur UR R,2,10,48,8,2,11,4
DL L dr FS UR ur R,2,10,48,8,2,11,4
DL L dr ur FS UR R,2,10,48,8,2,9,3
DL L FS dr ur UR R,2,10,48,8,2,11,4
DL L FS dr UR ur R,2,10,48,8,2,13,4
DL L FS ur dr UR R,2,10,48,8,2,11,3
DL L ur dr FS UR R,2,10,48,8,2,7,2
DL L ur FS dr UR R,2,10,48,8,2,9,3
DL UR dr FS L ur R,2,10,48,8,2,11,3
DL UR dr FS R ur L,2,10,48,8,2,11,3
DL ur dr FS UR L R,2,10,48,8,2,13,4
DL UR dr FS ur L R,2,10,48,8,2,13,4
DL ur dr FS UR R L,2,10,48,8,2,11,4
DL UR dr FS ur R L,2,10,48,8,2,15,4
DL ur dr L UR FS R,2,10,48,8,2,11,3
DL UR dr R FS ur L,2,10,48,8,2,13,3
DL UR dr R ur FS L,2,10,48,8,2,15,3
DL ur dr UR FS L R,2,10,48,8,2,13,4
DL UR dr ur FS L R,2,10,48,8,2,15,4
DL ur dr UR FS R L,2,10,48,8,2,13,4
DL UR dr ur FS R L,2,10,48,8,2,15,4
DL ur dr UR L FS R,2,10,48,8,2,13,3
DL UR dr ur L FS R,2,10,48,8,2,11,2
DL ur dr UR R FS L,2,10,48,8,2,11,2
DL UR dr ur R FS L,2,10,48,8,2,13,3
DL UR FS dr L ur R,2,10,48,8,2,9,3
DL UR FS dr R ur L,2,10,48,8,2,11,3
DL ur FS dr UR L R,2,10,48,8,2,15,4
DL UR FS dr ur L R,2,10,48,8,2,11,4
DL ur FS dr UR R L,2,10,48,8,2,13,4
DL UR FS dr ur R L,2,10,48,8,2,13,4
DL ur FS L UR dr R,2,10,48,8,2,15,3
DL UR FS R dr ur L,2,10,48,8,2,11,3
DL UR FS R ur dr L,2,10,48,8,2,11,3
DL ur FS UR dr L R,2,10,48,8,2,13,4
DL UR FS ur dr L R,2,10,48,8,2,13,4
DL ur FS UR dr R L,2,10,48,8,2,15,4
DL UR FS ur dr R L,2,10,48,8,2,15,4
DL ur FS UR L dr R,2,10,48,8,2,13,3
DL UR FS ur L dr R,2,10,48,8,2,11,3
DL ur FS UR R dr L,2,10,48,8,2,11,3
DL UR FS ur R dr L,2,10,48,8,2,13,3
DL ur L dr UR FS R,2,10,48,8,2,9,2
DL ur L FS UR dr R,2,10,48,8,2,11,3
DL ur L UR dr FS R,2,10,48,8,2,11,3
DL ur L UR FS dr R,2,10,48,8,2,11,3
DL UR R dr FS ur L,2,10,48,8,2,11,3
DL UR R dr ur FS L,2,10,48,8,2,13,3
DL UR R FS dr ur L,2,10,48,8,2,9,2
DL UR R FS ur dr L,2,10,48,8,2,11,3
DL UR R ur dr FS L,2,10,48,8,2,11,3
DL UR R ur FS dr L,2,10,48,8,2,11,3
DL ur UR dr FS L R,2,10,48,8,2,15,4
DL UR ur dr FS L R,2,10,48,8,2,15,4
DL ur UR dr FS R L,2,10,48,8,2,15,4
DL UR ur dr FS R L,2,10,48,8,2,15,4
DL ur UR dr L FS R,2,10,48,8,2,13,4
DL UR ur dr L FS R,2,10,48,8,2,13,4
DL ur UR dr R FS L,2,10,48,8,2,15,4
DL UR ur dr R FS L,2,10,48,8,2,15,4
DL ur UR FS dr L R,2,10,48,8,2,13,4
DL UR ur FS dr L R,2,10,48,8,2,15,4
DL ur UR FS dr R L,2,10,48,8,2,15,4
DL UR ur FS dr R L,2,10,48,8,2,17,4
DL ur UR FS L dr R,2,10,48,8,2,13,4
DL UR ur FS L dr R,2,10,48,8,2,15,4
DL ur UR FS R dr L,2,10,48,8,2,13,4
DL UR ur FS R dr L,2,10,48,8,2,15,4
DL ur UR L dr FS R,2,10,48,8,2,13,4
DL UR ur L dr FS R,2,10,48,8,2,11,4
DL ur UR L FS dr R,2,10,48,8,2,15,4
DL UR ur L FS dr R,2,10,48,8,2,13,4
DL ur UR R dr FS L,2,10,48,8,2,13,4
DL UR ur R dr FS L,2,10,48,8,2,15,4
DL ur UR R FS dr L,2,10,48,8,2,11,4
DL UR ur R FS dr L,2,10,48,8,2,13,4
dr DL FS L ur UR R,2,10,48,8,2,11,4
dr DL FS L UR ur R,2,10,48,8,2,15,4
dr DL FS UR L ur R,2,10,48,8,2,11,3
dr DL FS UR R ur L,2,10,48,8,2,9,3
dr DL FS ur UR L R,2,10,48,8,2,17,4
dr DL FS UR ur L R,2,10,48,8,2,13,4
dr DL FS ur UR R L,2,10,48,8,2,15,4
dr DL FS UR ur R L,2,10,48,8,2,15,4
dr DL L FS ur UR R,2,10,48,8,2,13,4
dr DL L FS UR ur R,2,10,48,8,2,13,4
dr DL L ur FS UR R,2,10,48,8,2,9,3
dr DL UR FS L ur R,2,10,48,8,2,11,3
dr DL UR FS R ur L,2,10,48,8,2,11,3
dr DL ur FS UR L R,2,10,48,8,2,15,4
dr DL UR FS ur L R,2,10,48,8,2,13,4
dr DL ur FS UR R L,2,10,48,8,2,13,4
dr DL UR FS ur R L,2,10,48,8,2,15,4
dr DL ur L UR FS R,2,10,48,8,2,11,3
dr DL UR R FS ur L,2,10,48,8,2,11,3
dr DL UR R ur FS L,2,10,48,8,2,13,3
dr DL ur UR FS L R,2,10,48,8,2,15,4
dr DL UR ur FS L R,2,10,48,8,2,17,4
dr DL ur UR FS R L,2,10,48,8,2,15,4
dr DL UR ur FS R L,2,10,48,8,2,17,4
dr DL ur UR L FS R,2,10,48,8,2,15,4
dr DL UR ur L FS R,2,10,48,8,2,13,4
dr DL ur UR R FS L,2,10,48,8,2,13,4
dr DL UR ur R FS L,2,10,48,8,2,15,4
dr FS DL L ur UR R,2,10,48,8,2,9,4
dr FS DL L UR ur R,2,10,48,8,2,13,4
dr FS DL UR L ur R,2,10,48,8,2,11,3
dr FS DL UR R ur L,2,10,48,8,2,9,3
dr FS DL ur UR L R,2,10,48,8,2,15,4
dr FS DL UR ur L R,2,10,48,8,2,13,4
dr FS DL ur UR R L,2,10,48,8,2,13,4
dr FS DL UR ur R L,2,10,48,8,2,15,4
dr FS L DL ur UR R,2,10,48,8,2,11,4
dr FS L DL UR ur R,2,10,48,8,2,13,4
dr FS UR DL L ur R,2,10,48,8,2,9,3
dr FS UR DL R ur L,2,10,48,8,2,11,3
dr FS ur DL UR L R,2,10,48,8,2,15,4
dr FS UR DL ur L R,2,10,48,8,2,11,4
dr FS ur DL UR R L,2,10,48,8,2,13,4
dr FS UR DL ur R L,2,10,48,8,2,13,4
dr FS ur UR DL L R,2,10,48,8,2,15,4
dr FS UR ur DL L R,2,10,48,8,2,13,4
dr FS ur UR DL R L,2,10,48,8,2,17,4
dr FS UR ur DL R L,2,10,48,8,2,15,4
dr L DL FS ur UR R,2,10,48,8,2,11,4
dr L DL FS UR ur R,2,10,48,8,2,11,4
dr L DL ur FS UR R,2,10,48,8,2,9,3
dr L FS DL ur UR R,2,10,48,8,2,11,4
dr L FS DL UR ur R,2,10,48,8,2,13,4
dr UR DL FS L ur R,2,10,48,8,2,11,3
dr UR DL FS R ur L,2,10,48,8,2,11,3
dr ur DL FS UR L R,2,10,48,8,2,13,4
dr UR DL FS ur L R,2,10,48,8,2,13,4
dr ur DL FS UR R L,2,10,48,8,2,11,4
dr UR DL FS ur R L,2,10,48,8,2,15,4
dr ur DL L UR FS R,2,10,48,8,2,11,3
dr UR DL R FS ur L,2,10,48,8,2,13,3
dr UR DL R ur FS L,2,10,48,8,2,15,3
dr ur DL UR FS L R,2,10,48,8,2,13,4
dr UR DL ur FS L R,2,10,48,8,2,15,4
dr ur DL UR FS R L,2,10,48,8,2,13,4
dr UR DL ur FS R L,2,10,48,8,2,15,4
dr ur DL UR L FS R,2,10,48,8,2,13,3
dr UR DL ur L FS R,2,10,48,8,2,11,2
dr ur DL UR R FS L,2,10,48,8,2,11,2
dr UR DL ur R FS L,2,10,48,8,2,13,3
dr UR FS DL L ur R,2,10,48,8,2,9,3
dr UR FS DL R ur L,2,10,48,8,2,11,3
dr ur FS DL UR L R,2,10,48,8,2,15,4
dr UR FS DL ur L R,2,10,48,8,2,11,4
dr ur FS DL UR R L,2,10,48,8,2,13,4
dr UR FS DL ur R L,2,10,48,8,2,13,4
dr ur FS UR DL L R,2,10,48,8,2,13,4
dr UR FS ur DL L R,2,10,48,8,2,13,4
dr ur FS UR DL R L,2,10,48,8,2,15,4
dr UR FS ur DL R L,2,10,48,8,2,15,4
dr UR R DL FS ur L,2,10,48,8,2,11,3
dr UR R DL ur FS L,2,10,48,8,2,13,3
dr UR R ur DL FS L,2,10,48,8,2,11,3
dr ur UR DL FS L R,2,10,48,8,2,15,4
dr UR ur DL FS L R,2,10,48,8,2,15,4
dr ur UR DL FS R L,2,10,48,8,2,15,4
dr UR ur DL FS R L,2,10,48,8,2,15,4
dr ur UR DL L FS R,2,10,48,8,2,13,4
dr UR ur DL L FS R,2,10,48,8,2,13,4
dr ur UR DL R FS L,2,10,48,8,2,15,4
dr UR ur DL R FS L,2,10,48,8,2,15,4
dr ur UR FS DL L R,2,10,48,8,2,13,4
dr UR ur FS DL L R,2,10,48,8,2,15,4
dr ur UR FS DL R L,2,10,48,8,2,15,4
dr UR ur FS DL R L,2,10,48,8,2,17,4
dr ur UR R DL FS L,2,10,48,8,2,13,4
dr UR ur R DL FS L,2,10,48,8,2,15,4
FS DL dr L ur UR R,2,10,48,8,2,10,4
FS DL dr L UR ur R,2,10,48,8,2,14,4
FS DL dr UR L ur R,2,10,48,8,2,12,3
FS DL dr UR R ur L,2,10,48,8,2,10,3
FS DL dr ur UR L R,2,10,48,8,2,16,4
FS DL dr UR ur L R,2,10,48,8,2,14,4
FS DL dr ur UR R L,2,10,48,8,2,14,4
FS DL dr UR ur R L,2,10,48,8,2,16,4
FS DL L dr ur UR R,2,10,48,8,2,10,4
FS DL L dr UR ur R,2,10,48,8,2,12,4
FS DL L ur dr UR R,2,10,48,8,2,8,2
FS DL UR dr L ur R,2,10,48,8,2,10,3
FS DL UR dr R ur L,2,10,48,8,2,12,3
FS DL ur dr UR L R,2,10,48,8,2,14,4
FS DL UR dr ur L R,2,10,48,8,2,12,4
FS DL ur dr UR R L,2,10,48,8,2,12,4
FS DL UR dr ur R L,2,10,48,8,2,14,4
FS DL ur L UR dr R,2,10,48,8,2,12,3
FS DL UR R dr ur L,2,10,48,8,2,10,3
FS DL UR R ur dr L,2,10,48,8,2,10,3
FS DL ur UR dr L R,2,10,48,8,2,14,4
FS DL UR ur dr L R,2,10,48,8,2,14,4
FS DL ur UR dr R L,2,10,48,8,2,16,4
FS DL UR ur dr R L,2,10,48,8,2,16,4
FS DL ur UR L dr R,2,10,48,8,2,14,4
FS DL UR ur L dr R,2,10,48,8,2,12,4
FS DL ur UR R dr L,2,10,48,8,2,12,4
FS DL UR ur R dr L,2,10,48,8,2,14,4
FS dr DL L ur UR R,2,10,48,8,2,10,4
FS dr DL L UR ur R,2,10,48,8,2,14,4
FS dr DL UR L ur R,2,10,48,8,2,12,3
FS dr DL UR R ur L,2,10,48,8,2,10,3
FS dr DL ur UR L R,2,10,48,8,2,16,4
FS dr DL UR ur L R,2,10,48,8,2,14,4
FS dr DL ur UR R L,2,10,48,8,2,14,4
FS dr DL UR ur R L,2,10,48,8,2,16,4
FS dr L DL ur UR R,2,10,48,8,2,10,4
FS dr L DL UR ur R,2,10,48,8,2,12,4
FS dr UR DL L ur R,2,10,48,8,2,10,3
FS dr UR DL R ur L,2,10,48,8,2,12,3
FS dr ur DL UR L R,2,10,48,8,2,14,4
FS dr UR DL ur L R,2,10,48,8,2,12,4
FS dr ur DL UR R L,2,10,48,8,2,12,4
FS dr UR DL ur R L,2,10,48,8,2,14,4
FS dr ur UR DL L R,2,10,48,8,2,14,4
FS dr UR ur DL L R,2,10,48,8,2,14,4
FS dr ur UR DL R L,2,10,48,8,2,16,4
FS dr UR ur DL R L,2,10,48,8,2,16,4
FS L DL dr ur UR R,2,10,48,8,2,12,4
FS L DL dr UR ur R,2,10,48,8,2,14,4
FS L DL ur dr UR R,2,10,48,8,2,10,2
FS L dr DL ur UR R,2,10,48,8,2,12,4
FS L dr DL UR ur R,2,10,48,8,2,14,4
FS UR DL dr L ur R,2,10,48,8,2,10,3
FS UR DL dr R ur L,2,10,48,8,2,12,3
FS ur DL dr UR L R,2,10,48,8,2,16,4
FS UR DL dr ur L R,2,10,48,8,2,12,4
FS ur DL dr UR R L,2,10,48,8,2,14,4
FS UR DL dr ur R L,2,10,48,8,2,14,4
FS ur DL L UR dr R,2,10,48,8,2,14,3
FS UR DL R dr ur L,2,10,48,8,2,12,3
FS UR DL R ur dr L,2,10,48,8,2,12,3
FS ur DL UR dr L R,2,10,48,8,2,14,4
FS UR DL ur dr L R,2,10,48,8,2,12,4
FS ur DL UR dr R L,2,10,48,8,2,16,4
FS UR DL ur dr R L,2,10,48,8,2,14,4
FS ur DL UR L dr R,2,10,48,8,2,14,3
FS UR DL ur L dr R,2,10,48,8,2,10,3
FS ur DL UR R dr L,2,10,48,8,2,12,3
FS UR DL ur R dr L,2,10,48,8,2,12,3
FS UR dr DL L ur R,2,10,48,8,2,10,3
FS UR dr DL R ur L,2,10,48,8,2,12,3
FS ur dr DL UR L R,2,10,48,8,2,16,4
FS UR dr DL ur L R,2,10,48,8,2,12,4
FS ur dr DL UR R L,2,10,48,8,2,14,4
FS UR dr DL ur R L,2,10,48,8,2,14,4
FS ur dr UR DL L R,2,10,48,8,2,14,4
FS UR dr ur DL L R,2,10,48,8,2,12,4
FS ur dr UR DL R L,2,10,48,8,2,16,4
FS UR dr ur DL R L,2,10,48,8,2,14,4
FS ur UR DL dr L R,2,10,48,8,2,16,4
FS UR ur DL dr L R,2,10,48,8,2,14,4
FS ur UR DL dr R L,2,10,48,8,2,18,4
FS UR ur DL dr R L,2,10,48,8,2,16,4
FS ur UR DL L dr R,2,10,48,8,2,14,4
FS UR ur DL L dr R,2,10,48,8,2,12,4
FS ur UR DL R dr L,2,10,48,8,2,16,4
FS UR ur DL R dr L,2,10,48,8,2,14,4
FS ur UR dr DL L R,2,10,48,8,2,16,4
FS UR ur dr DL L R,2,10,48,8,2,14,4
FS ur UR dr DL R L,2,10,48,8,2,18,4
FS UR ur dr DL R L,2,10,48,8,2,16,4
L DL dr FS ur UR R,2,10,48,8,2,12,4
L DL dr FS UR ur R,2,10,48,8,2,12,4
L DL dr ur FS UR R,2,10,48,8,2,10,3
L DL FS dr ur UR R,2,10,48,8,2,10,4
L DL FS dr UR ur R,2,10,48,8,2,12,4
L DL FS ur dr UR R,2,10,48,8,2,10,3
L DL ur dr FS UR R,2,10,48,8,2,8,2
L DL ur FS dr UR R,2,10,48,8,2,10,3
L dr DL FS ur UR R,2,10,48,8,2,12,4
L dr DL FS UR ur R,2,10,48,8,2,12,4
L dr DL ur FS UR R,2,10,48,8,2,10,3
L dr FS DL ur UR R,2,10,48,8,2,10,4
L dr FS DL UR ur R,2,10,48,8,2,12,4
L FS DL dr ur UR R,2,10,48,8,2,12,4
L FS DL dr UR ur R,2,10,48,8,2,14,4
L FS DL ur dr UR R,2,10,48,8,2,10,2
L FS dr DL ur UR R,2,10,48,8,2,12,4
L FS dr DL UR ur R,2,10,48,8,2,14,4
UR DL dr FS L ur R,2,10,48,8,2,11,3
UR DL dr FS R ur L,2,10,48,8,2,11,3
ur DL dr FS UR L R,2,10,48,8,2,13,4
UR DL dr FS ur L R,2,10,48,8,2,13,4
ur DL dr FS UR R L,2,10,48,8,2,11,4
UR DL dr FS ur R L,2,10,48,8,2,15,4
ur DL dr L UR FS R,2,10,48,8,2,11,3
UR DL dr R FS ur L,2,10,48,8,2,13,3
UR DL dr R ur FS L,2,10,48,8,2,15,3
ur DL dr UR FS L R,2,10,48,8,2,13,4
UR DL dr ur FS L R,2,10,48,8,2,15,4
ur DL dr UR FS R L,2,10,48,8,2,13,4
UR DL dr ur FS R L,2,10,48,8,2,15,4
ur DL dr UR L FS R,2,10,48,8,2,13,3
UR DL dr ur L FS R,2,10,48,8,2,11,2
ur DL dr UR R FS L,2,10,48,8,2,11,2
UR DL dr ur R FS L,2,10,48,8,2,13,3
UR DL FS dr L ur R,2,10,48,8,2,9,3
UR DL FS dr R ur L,2,10,48,8,2,11,3
ur DL FS dr UR L R,2,10,48,8,2,13,4
UR DL FS dr ur L R,2,10,48,8,2,11,4
ur DL FS dr UR R L,2,10,48,8,2,11,4
UR DL FS dr ur R L,2,10,48,8,2,13,4
ur DL FS L UR dr R,2,10,48,8,2,13,3
UR DL FS R dr ur L,2,10,48,8,2,11,3
UR DL FS R ur dr L,2,10,48,8,2,11,3
ur DL FS UR dr L R,2,10,48,8,2,11,4
UR DL FS ur dr L R,2,10,48,8,2,13,4
ur DL FS UR dr R L,2,10,48,8,2,13,4
UR DL FS ur dr R L,2,10,48,8,2,15,4
ur DL FS UR L dr R,2,10,48,8,2,11,3
UR DL FS ur L dr R,2,10,48,8,2,11,3
ur DL FS UR R dr L,2,10,48,8,2,9,3
UR DL FS ur R dr L,2,10,48,8,2,13,3
ur DL L dr UR FS R,2,10,48,8,2,9,2
ur DL L FS UR dr R,2,10,48,8,2,11,3
ur DL L UR dr FS R,2,10,48,8,2,11,3
ur DL L UR FS dr R,2,10,48,8,2,11,3
UR DL R dr FS ur L,2,10,48,8,2,13,3
UR DL R dr ur FS L,2,10,48,8,2,15,3
UR DL R FS dr ur L,2,10,48,8,2,11,3
UR DL R FS ur dr L,2,10,48,8,2,13,3
UR DL R ur dr FS L,2,10,48,8,2,13,3
UR DL R ur FS dr L,2,10,48,8,2,13,3
ur DL UR dr FS L R,2,10,48,8,2,13,4
UR DL ur dr FS L R,2,10,48,8,2,13,4
ur DL UR dr FS R L,2,10,48,8,2,13,4
UR DL ur dr FS R L,2,10,48,8,2,13,4
ur DL UR dr L FS R,2,10,48,8,2,11,2
UR DL ur dr L FS R,2,10,48,8,2,11,2
ur DL UR dr R FS L,2,10,48,8,2,13,3
UR DL ur dr R FS L,2,10,48,8,2,13,3
ur DL UR FS dr L R,2,10,48,8,2,11,4
UR DL ur FS dr L R,2,10,48,8,2,13,4
ur DL UR FS dr R L,2,10,48,8,2,13,4
UR DL ur FS dr R L,2,10,48,8,2,15,4
ur DL UR FS L dr R,2,10,48,8,2,11,3
UR DL ur FS L dr R,2,10,48,8,2,13,3
ur DL UR FS R dr L,2,10,48,8,2,11,3
UR DL ur FS R dr L,2,10,48,8,2,13,3
ur DL UR L dr FS R,2,10,48,8,2,11,3
UR DL ur L dr FS R,2,10,48,8,2,9,2
ur DL UR L FS dr R,2,10,48,8,2,13,3
UR DL ur L FS dr R,2,10,48,8,2,11,3
ur DL UR R dr FS L,2,10,48,8,2,11,3
UR DL ur R dr FS L,2,10,48,8,2,13,3
ur DL UR R FS dr L,2,10,48,8,2,9,2
UR DL ur R FS dr L,2,10,48,8,2,11,3
UR dr DL FS L ur R,2,10,48,8,2,11,3
UR dr DL FS R ur L,2,10,48,8,2,11,3
ur dr DL FS UR L R,2,10,48,8,2,13,4
UR dr DL FS ur L R,2,10,48,8,2,13,4
ur dr DL FS UR R L,2,10,48,8,2,11,4
UR dr DL FS ur R L,2,10,48,8,2,15,4
ur dr DL L UR FS R,2,10,48,8,2,11,3
UR dr DL R FS ur L,2,10,48,8,2,13,3
UR dr DL R ur FS L,2,10,48,8,2,15,3
ur dr DL UR FS L R,2,10,48,8,2,13,4
UR dr DL ur FS L R,2,10,48,8,2,15,4
ur dr DL UR FS R L,2,10,48,8,2,13,4
UR dr DL ur FS R L,2,10,48,8,2,15,4
ur dr DL UR L FS R,2,10,48,8,2,13,3
UR dr DL ur L FS R,2,10,48,8,2,11,2
ur dr DL UR R FS L,2,10,48,8,2,11,2
UR dr DL ur R FS L,2,10,48,8,2,13,3
UR dr FS DL L ur R,2,10,48,8,2,9,3
UR dr FS DL R ur L,2,10,48,8,2,11,3
ur dr FS DL UR L R,2,10,48,8,2,13,4
UR dr FS DL ur L R,2,10,48,8,2,11,4
ur dr FS DL UR R L,2,10,48,8,2,11,4
UR dr FS DL ur R L,2,10,48,8,2,13,4
ur dr FS UR DL L R,2,10,48,8,2,11,4
UR dr FS ur DL L R,2,10,48,8,2,13,4
ur dr FS UR DL R L,2,10,48,8,2,13,4
UR dr FS ur DL R L,2,10,48,8,2,15,4
UR dr R DL FS ur L,2,10,48,8,2,13,3
UR dr R DL ur FS L,2,10,48,8,2,15,3
UR dr R ur DL FS L,2,10,48,8,2,13,3
ur dr UR DL FS L R,2,10,48,8,2,13,4
UR dr ur DL FS L R,2,10,48,8,2,13,4
ur dr UR DL FS R L,2,10,48,8,2,13,4
UR dr ur DL FS R L,2,10,48,8,2,13,4
ur dr UR DL L FS R,2,10,48,8,2,11,2
UR dr ur DL L FS R,2,10,48,8,2,11,2
ur dr UR DL R FS L,2,10,48,8,2,13,3
UR dr ur DL R FS L,2,10,48,8,2,13,3
ur dr UR FS DL L R,2,10,48,8,2,11,4
UR dr ur FS DL L R,2,10,48,8,2,13,4
ur dr UR FS DL R L,2,10,48,8,2,13,4
UR dr ur FS DL R L,2,10,48,8,2,15,4
ur dr UR R DL FS L,2,10,48,8,2,11,3
UR dr ur R DL FS L,2,10,48,8,2,13,3
UR FS DL dr L ur R,2,10,48,8,2,9,3
UR FS DL dr R ur L,2,10,48,8,2,11,3
ur FS DL dr UR L R,2,10,48,8,2,15,4
UR FS DL dr ur L R,2,10,48,8,2,11,4
ur FS DL dr UR R L,2,10,48,8,2,13,4
UR FS DL dr ur R L,2,10,48,8,2,13,4
ur FS DL L UR dr R,2,10,48,8,2,13,3
UR FS DL R dr ur L,2,10,48,8,2,11,3
UR FS DL R ur dr L,2,10,48,8,2,11,3
ur FS DL UR dr L R,2,10,48,8,2,13,4
UR FS DL ur dr L R,2,10,48,8,2,11,4
ur FS DL UR dr R L,2,10,48,8,2,15,4
UR FS DL ur dr R L,2,10,48,8,2,13,4
ur FS DL UR L dr R,2,10,48,8,2,13,3
UR FS DL ur L dr R,2,10,48,8,2,9,3
ur FS DL UR R dr L,2,10,48,8,2,11,3
UR FS DL ur R dr L,2,10,48,8,2,11,3
UR FS dr DL L ur R,2,10,48,8,2,9,3
UR FS dr DL R ur L,2,10,48,8,2,11,3
ur FS dr DL UR L R,2,10,48,8,2,15,4
UR FS dr DL ur L R,2,10,48,8,2,11,4
ur FS dr DL UR R L,2,10,48,8,2,13,4
UR FS dr DL ur R L,2,10,48,8,2,13,4
ur FS dr UR DL L R,2,10,48,8,2,13,4
UR FS dr ur DL L R,2,10,48,8,2,11,4
ur FS dr UR DL R L,2,10,48,8,2,15,4
UR FS dr ur DL R L,2,10,48,8,2,13,4
ur FS UR DL dr L R,2,10,48,8,2,13,4
UR FS ur DL dr L R,2,10,48,8,2,13,4
ur FS UR DL dr R L,2,10,48,8,2,15,4
UR FS ur DL dr R L,2,10,48,8,2,15,4
ur FS UR DL L dr R,2,10,48,8,2,11,3
UR FS ur DL L dr R,2,10,48,8,2,11,3
ur FS UR DL R dr L,2,10,48,8,2,13,3
UR FS ur DL R dr L,2,10,48,8,2,13,3
ur FS UR dr DL L R,2,10,48,8,2,13,4
UR FS ur dr DL L R,2,10,48,8,2,13,4
ur FS UR dr DL R L,2,10,48,8,2,15,4
UR FS ur dr DL R L,2,10,48,8,2,15,4
UR R DL dr FS ur L,2,10,48,8,2,11,3
UR R DL dr ur FS L,2,10,48,8,2,13,3
UR R DL FS dr ur L,2,10,48,8,2,9,3
UR R DL FS ur dr L,2,10,48,8,2,11,3
UR R DL ur dr FS L,2,10,48,8,2,11,3
UR R DL ur FS dr L,2,10,48,8,2,11,3
UR R dr DL FS ur L,2,10,48,8,2,11,3
UR R dr DL ur FS L,2,10,48,8,2,13,3
UR R dr ur DL FS L,2,10,48,8,2,11,3
UR R ur DL dr FS L,2,10,48,8,2,11,3
UR R ur DL FS dr L,2,10,48,8,2,9,3
UR R ur dr DL FS L,2,10,48,8,2,11,3
ur UR DL dr FS L R,2,10,48,8,2,15,4
UR ur DL dr FS L R,2,10,48,8,2,15,4
ur UR DL dr FS R L,2,10,48,8,2,15,4
UR ur DL dr FS R L,2,10,48,8,2,15,4
ur UR DL dr L FS R,2,10,48,8,2,13,4
UR ur DL dr L FS R,2,10,48,8,2,13,4
ur UR DL dr R FS L,2,10,48,8,2,15,4
UR ur DL dr R FS L,2,10,48,8,2,15,4
ur UR DL FS dr L R,2,10,48,8,2,13,4
UR ur DL FS dr L R,2,10,48,8,2,13,4
ur UR DL FS dr R L,2,10,48,8,2,15,4
UR ur DL FS dr R L,2,10,48,8,2,15,4
ur UR DL FS L dr R,2,10,48,8,2,13,4
UR ur DL FS L dr R,2,10,48,8,2,13,4
ur UR DL FS R dr L,2,10,48,8,2,13,4
UR ur DL FS R dr L,2,10,48,8,2,13,4
ur UR DL L dr FS R,2,10,48,8,2,11,4
UR ur DL L dr FS R,2,10,48,8,2,11,4
ur UR DL L FS dr R,2,10,48,8,2,13,4
UR ur DL L FS dr R,2,10,48,8,2,13,4
ur UR DL R dr FS L,2,10,48,8,2,15,4
UR ur DL R dr FS L,2,10,48,8,2,15,4
ur UR DL R FS dr L,2,10,48,8,2,13,4
UR ur DL R FS dr L,2,10,48,8,2,13,4
ur UR dr DL FS L R,2,10,48,8,2,15,4
UR ur dr DL FS L R,2,10,48,8,2,15,4
ur UR dr DL FS R L,2,10,48,8,2,15,4
UR ur dr DL FS R L,2,10,48,8,2,15,4
ur UR dr DL L FS R,2,10,48,8,2,13,4
UR ur dr DL L FS R,2,10,48,8,2,13,4
ur UR dr DL R FS L,2,10,48,8,2,15,4
UR ur dr DL R FS L,2,10,48,8,2,15,4
ur UR dr FS DL L R,2,10,48,8,2,13,4
UR ur dr FS DL L R,2,10,48,8,2,13,4
ur UR dr FS DL R L,2,10,48,8,2,15,4
UR ur dr FS DL R L,2,10,48,8,2,15,4
ur UR dr R DL FS L,2,10,48,8,2,15,4
UR ur dr R DL FS L,2,10,48,8,2,15,4
ur UR FS DL dr L R,2,10,48,8,2,13,4
UR ur FS DL dr L R,2,10,48,8,2,15,4
ur UR FS DL dr R L,2,10,48,8,2,15,4
UR ur FS DL dr R L,2,10,48,8,2,17,4
ur UR FS DL L dr R,2,10,48,8,2,11,4
UR ur FS DL L dr R,2,10,48,8,2,13,4
ur UR FS DL R dr L,2,10,48,8,2,13,4
UR ur FS DL R dr L,2,10,48,8,2,15,4
ur UR FS dr DL L R,2,10,48,8,2,13,4
UR ur FS dr DL L R,2,10,48,8,2,15,4
ur UR FS dr DL R L,2,10,48,8,2,15,4
UR ur FS dr DL R L,2,10,48,8,2,17,4
ur UR R DL dr FS L,2,10,48,8,2,13,4
UR ur R DL dr FS L,2,10,48,8,2,15,4
ur UR R DL FS dr L,2,10,48,8,2,11,4
UR ur R DL FS dr L,2,10,48,8,2,13,4
ur UR R dr DL FS L,2,10,48,8,2,13,4
UR ur R dr DL FS L,2,10,48,8,2,15,4
DL dr FS L R ur UR,2,10,50,9,2,16,4
DL dr FS L ur R UR,2,10,50,9,2,10,3
DL dr FS R L ur UR,2,10,50,9,2,14,4
DL dr L FS R ur UR,2,10,50,9,2,14,4
DL dr L FS ur R UR,2,10,50,9,2,12,3
DL dr L R FS ur UR,2,10,50,9,2,16,4
DL dr L R ur FS UR,2,10,50,9,2,14,4
DL dr L ur FS R UR,2,10,50,9,2,10,3
DL dr L ur R FS UR,2,10,50,9,2,10,3
DL dr R FS L ur UR,2,10,50,9,2,14,4
DL dr R L FS ur UR,2,10,50,9,2,18,4
DL dr R L ur FS UR,2,10,50,9,2,14,4
DL FS dr L R ur UR,2,10,50,9,2,14,4
DL FS dr L ur R UR,2,10,50,9,2,8,3
DL FS dr R L ur UR,2,10,50,9,2,14,4
DL FS L dr R ur UR,2,10,50,9,2,14,4
DL FS L dr ur R UR,2,10,50,9,2,10,3
DL FS L R dr ur UR,2,10,50,9,2,16,4
DL FS L R ur dr UR,2,10,50,9,2,14,4
DL FS L ur dr R UR,2,10,50,9,2,10,3
DL FS L ur R dr UR,2,10,50,9,2,12,3
DL FS R dr L ur UR,2,10,50,9,2,12,4
DL FS R L dr ur UR,2,10,50,9,2,14,4
DL FS R L ur dr UR,2,10,50,9,2,12,4
DL L dr FS R ur UR,2,10,50,9,2,12,4
DL L dr FS ur R UR,2,10,50,9,2,10,3
DL L dr R FS ur UR,2,10,50,9,2,14,4
DL L dr R ur FS UR,2,10,50,9,2,12,3
DL L dr ur FS R UR,2,10,50,9,2,10,3
DL L dr ur R FS UR,2,10,50,9,2,10,3
DL L FS dr R ur UR,2,10,50,9,2,14,4
DL L FS dr ur R UR,2,10,50,9,2,10,3
DL L FS R dr ur UR,2,10,50,9,2,14,4
DL L FS R ur dr UR,2,10,50,9,2,12,3
DL L FS ur dr R UR,2,10,50,9,2,12,3
DL L FS ur R dr UR,2,10,50,9,2,14,3
DL L R dr FS ur UR,2,10,50,9,2,16,4
DL L R dr ur FS UR,2,10,50,9,2,14,4
DL L R FS dr ur UR,2,10,50,9,2,14,4
DL L R FS ur dr UR,2,10,50,9,2,14,4
DL L R ur dr FS UR,2,10,50,9,2,12,4
DL L R ur FS dr UR,2,10,50,9,2,14,4
DL L ur dr FS R UR,2,10,50,9,2,8,2
DL L ur dr R FS UR,2,10,50,9,2,10,3
DL L ur FS dr R UR,2,10,50,9,2,10,3
DL L ur FS R dr UR,2,10,50,9,2,12,3
DL L ur R dr FS UR,2,10,50,9,2,10,3
DL L ur R FS dr UR,2,10,50,9,2,10,3
DL R dr FS L ur UR,2,10,50,9,2,14,4
DL R dr L FS ur UR,2,10,50,9,2,16,4
DL R dr L ur FS UR,2,10,50,9,2,12,3
DL R FS dr L ur UR,2,10,50,9,2,12,4
DL R FS L dr ur UR,2,10,50,9,2,14,4
DL R FS L ur dr UR,2,10,50,9,2,12,3
DL R L dr FS ur UR,2,10,50,9,2,16,4
DL R L dr ur FS UR,2,10,50,9,2,14,4
DL R L FS dr ur UR,2,10,50,9,2,16,4
DL R L FS ur dr UR,2,10,50,9,2,16,4
DL R L ur dr FS UR,2,10,50,9,2,12,4
DL R L ur FS dr UR,2,10,50,9,2,14,4
dr DL FS L R ur UR,2,10,50,9,2,16,4
dr DL FS L ur R UR,2,10,50,9,2,10,3
dr DL FS R L ur UR,2,10,50,9,2,14,4
dr DL L FS R ur UR,2,10,50,9,2,14,4
dr DL L FS ur R UR,2,10,50,9,2,12,3
dr DL L R FS ur UR,2,10,50,9,2,16,4
dr DL L R ur FS UR,2,10,50,9,2,14,4
dr DL L ur FS R UR,2,10,50,9,2,10,3
dr DL L ur R FS UR,2,10,50,9,2,10,3
dr DL R FS L ur UR,2,10,50,9,2,14,4
dr DL R L FS ur UR,2,10,50,9,2,18,4
dr DL R L ur FS UR,2,10,50,9,2,14,4
dr FS DL L R ur UR,2,10,50,9,2,14,4
dr FS DL L ur R UR,2,10,50,9,2,8,3
dr FS DL R L ur UR,2,10,50,9,2,14,4
dr FS L DL R ur UR,2,10,50,9,2,14,4
dr FS L DL ur R UR,2,10,50,9,2,10,3
dr FS L R DL ur UR,2,10,50,9,2,16,4
dr FS R DL L ur UR,2,10,50,9,2,12,4
dr FS R L DL ur UR,2,10,50,9,2,14,4
dr L DL FS R ur UR,2,10,50,9,2,12,4
dr L DL FS ur R UR,2,10,50,9,2,10,3
dr L DL R FS ur UR,2,10,50,9,2,14,4
dr L DL R ur FS UR,2,10,50,9,2,12,3
dr L DL ur FS R UR,2,10,50,9,2,10,3
dr L DL ur R FS UR,2,10,50,9,2,10,3
dr L FS DL R ur UR,2,10,50,9,2,14,4
dr L FS DL ur R UR,2,10,50,9,2,10,3
dr L FS R DL ur UR,2,10,50,9,2,14,4
dr L R DL FS ur UR,2,10,50,9,2,16,4
dr L R DL ur FS UR,2,10,50,9,2,14,4
dr L R FS DL ur UR,2,10,50,9,2,14,4
dr R DL FS L ur UR,2,10,50,9,2,14,4
dr R DL L FS ur UR,2,10,50,9,2,16,4
dr R DL L ur FS UR,2,10,50,9,2,12,3
dr R FS DL L ur UR,2,10,50,9,2,12,4
dr R FS L DL ur UR,2,10,50,9,2,14,4
dr R L DL FS ur UR,2,10,50,9,2,16,4
dr R L DL ur FS UR,2,10,50,9,2,14,4
dr R L FS DL ur UR,2,10,50,9,2,16,4
FS DL dr L R ur UR,2,10,50,9,2,15,4
FS DL dr L ur R UR,2,10,50,9,2,9,3
FS DL dr R L ur UR,2,10,50,9,2,15,4
FS DL L dr R ur UR,2,10,50,9,2,13,4
FS DL L dr ur R UR,2,10,50,9,2,9,3
FS DL L R dr ur UR,2,10,50,9,2,15,4
FS DL L R ur dr UR,2,10,50,9,2,13,4
FS DL L ur dr R UR,2,10,50,9,2,9,3
FS DL L ur R dr UR,2,10,50,9,2,11,3
FS DL R dr L ur UR,2,10,50,9,2,13,4
FS DL R L dr ur UR,2,10,50,9,2,15,4
FS DL R L ur dr UR,2,10,50,9,2,13,4
FS dr DL L R ur UR,2,10,50,9,2,15,4
FS dr DL L ur R UR,2,10,50,9,2,9,3
FS dr DL R L ur UR,2,10,50,9,2,15,4
FS dr L DL R ur UR,2,10,50,9,2,13,4
FS dr L DL ur R UR,2,10,50,9,2,9,3
FS dr L R DL ur UR,2,10,50,9,2,15,4
FS dr R DL L ur UR,2,10,50,9,2,13,4
FS dr R L DL ur UR,2,10,50,9,2,15,4
FS L DL dr R ur UR,2,10,50,9,2,15,4
FS L DL dr ur R UR,2,10,50,9,2,11,3
FS L DL R dr ur UR,2,10,50,9,2,15,4
FS L DL R ur dr UR,2,10,50,9,2,13,3
FS L DL ur dr R UR,2,10,50,9,2,11,3
FS L DL ur R dr UR,2,10,50,9,2,13,3
FS L dr DL R ur UR,2,10,50,9,2,15,4
FS L dr DL ur R UR,2,10,50,9,2,11,3
FS L dr R DL ur UR,2,10,50,9,2,15,4
FS L R DL dr ur UR,2,10,50,9,2,17,4
FS L R DL ur dr UR,2,10,50,9,2,15,4
FS L R dr DL ur UR,2,10,50,9,2,17,4
FS R DL dr L ur UR,2,10,50,9,2,13,4
FS R DL L dr ur UR,2,10,50,9,2,13,4
FS R DL L ur dr UR,2,10,50,9,2,11,3
FS R dr DL L ur UR,2,10,50,9,2,13,4
FS R dr L DL ur UR,2,10,50,9,2,13,4
FS R L DL dr ur UR,2,10,50,9,2,15,4
FS R L DL ur dr UR,2,10,50,9,2,13,4
FS R L dr DL ur UR,2,10,50,9,2,15,4
L DL dr FS R ur UR,2,10,50,9,2,13,4
L DL dr FS ur R UR,2,10,50,9,2,11,3
L DL dr R FS ur UR,2,10,50,9,2,15,4
L DL dr R ur FS UR,2,10,50,9,2,13,3
L DL dr ur FS R UR,2,10,50,9,2,11,3
L DL dr ur R FS UR,2,10,50,9,2,11,3
L DL FS dr R ur UR,2,10,50,9,2,13,4
L DL FS dr ur R UR,2,10,50,9,2,9,3
L DL FS R dr ur UR,2,10,50,9,2,13,4
L DL FS R ur dr UR,2,10,50,9,2,11,3
L DL FS ur dr R UR,2,10,50,9,2,11,3
L DL FS ur R dr UR,2,10,50,9,2,13,3
L DL R dr FS ur UR,2,10,50,9,2,15,4
L DL R dr ur FS UR,2,10,50,9,2,13,3
L DL R FS dr ur UR,2,10,50,9,2,13,4
L DL R FS ur dr UR,2,10,50,9,2,13,3
L DL R ur dr FS UR,2,10,50,9,2,11,3
L DL R ur FS dr UR,2,10,50,9,2,13,3
L DL ur dr FS R UR,2,10,50,9,2,9,2
L DL ur dr R FS UR,2,10,50,9,2,11,3
L DL ur FS dr R UR,2,10,50,9,2,11,3
L DL ur FS R dr UR,2,10,50,9,2,13,3
L DL ur R dr FS UR,2,10,50,9,2,11,3
L DL ur R FS dr UR,2,10,50,9,2,11,3
L dr DL FS R ur UR,2,10,50,9,2,13,4
L dr DL FS ur R UR,2,10,50,9,2,11,3
L dr DL R FS ur UR,2,10,50,9,2,15,4
L dr DL R ur FS UR,2,10,50,9,2,13,3
L dr DL ur FS R UR,2,10,50,9,2,11,3
L dr DL ur R FS UR,2,10,50,9,2,11,3
L dr FS DL R ur UR,2,10,50,9,2,13,4
L dr FS DL ur R UR,2,10,50,9,2,9,3
L dr FS R DL ur UR,2,10,50,9,2,13,4
L dr R DL FS ur UR,2,10,50,9,2,15,4
L dr R DL ur FS UR,2,10,50,9,2,13,3
L dr R FS DL ur UR,2,10,50,9,2,13,4
L FS DL dr R ur UR,2,10,50,9,2,15,4
L FS DL dr ur R UR,2,10,50,9,2,11,3
L FS DL R dr ur UR,2,10,50,9,2,15,4
L FS DL R ur dr UR,2,10,50,9,2,13,3
L FS DL ur dr R UR,2,10,50,9,2,11,3
L FS DL ur R dr UR,2,10,50,9,2,13,3
L FS dr DL R ur UR,2,10,50,9,2,15,4
L FS dr DL ur R UR,2,10,50,9,2,11,3
L FS dr R DL ur UR,2,10,50,9,2,15,4
L FS R DL dr ur UR,2,10,50,9,2,15,4
L FS R DL ur dr UR,2,10,50,9,2,13,3
L FS R dr DL ur UR,2,10,50,9,2,15,4
L R DL dr FS ur UR,2,10,50,9,2,17,4
L R DL dr ur FS UR,2,10,50,9,2,15,4
L R DL FS dr ur UR,2,10,50,9,2,15,4
L R DL FS ur dr UR,2,10,50,9,2,15,4
L R DL ur dr FS UR,2,10,50,9,2,13,4
L R DL ur FS dr UR,2,10,50,9,2,15,4
L R dr DL FS ur UR,2,10,50,9,2,17,4
L R dr DL ur FS UR,2,10,50,9,2,15,4
L R dr FS DL ur UR,2,10,50,9,2,15,4
L R FS DL dr ur UR,2,10,50,9,2,15,4
L R FS DL ur dr UR,2,10,50,9,2,13,4
L R FS dr DL ur UR,2,10,50,9,2,15,4
R DL dr FS L ur UR,2,10,50,9,2,13,4
R DL dr L FS ur UR,2,10,50,9,2,15,4
R DL dr L ur FS UR,2,10,50,9,2,11,3
R DL FS dr L ur UR,2,10,50,9,2,11,4
R DL FS L dr ur UR,2,10,50,9,2,13,4
R DL FS L ur dr UR,2,10,50,9,2,11,3
R DL L dr FS ur UR,2,10,50,9,2,13,4
R DL L dr ur FS UR,2,10,50,9,2,11,3
R DL L FS dr ur UR,2,10,50,9,2,13,4
R DL L FS ur dr UR,2,10,50,9,2,13,3
R DL L ur dr FS UR,2,10,50,9,2,9,3
R DL L ur FS dr UR,2,10,50,9,2,11,3
R dr DL FS L ur UR,2,10,50,9,2,13,4
R dr DL L FS ur UR,2,10,50,9,2,15,4
R dr DL L ur FS UR,2,10,50,9,2,11,3
R dr FS DL L ur UR,2,10,50,9,2,11,4
R dr FS L DL ur UR,2,10,50,9,2,13,4
R dr L DL FS ur UR,2,10,50,9,2,13,4
R dr L DL ur FS UR,2,10,50,9,2,11,3
R dr L FS DL ur UR,2,10,50,9,2,13,4
R FS DL dr L ur UR,2,10,50,9,2,11,4
R FS DL L dr ur UR,2,10,50,9,2,11,4
R FS DL L ur dr UR,2,10,50,9,2,9,2
R FS dr DL L ur UR,2,10,50,9,2,11,4
R FS dr L DL ur UR,2,10,50,9,2,11,4
R FS L DL dr ur UR,2,10,50,9,2,13,4
R FS L DL ur dr UR,2,10,50,9,2,11,2
R FS L dr DL ur UR,2,10,50,9,2,13,4
R L DL dr FS ur UR,2,10,50,9,2,15,4
R L DL dr ur FS UR,2,10,50,9,2,13,4
R L DL FS dr ur UR,2,10,50,9,2,13,4
R L DL FS ur dr UR,2,10,50,9,2,13,4
R L DL ur dr FS UR,2,10,50,9,2,11,4
R L DL ur FS dr UR,2,10,50,9,2,13,4
R L dr DL FS ur UR,2,10,50,9,2,15,4
R L dr DL ur FS UR,2,10,50,9,2,13,4
R L dr FS DL ur UR,2,10,50,9,2,13,4
R L FS DL dr ur UR,2,10,50,9,2,15,4
R L FS DL ur dr UR,2,10,50,9,2,13,4
R L FS dr DL ur UR,2,10,50,9,2,15,4
DL dr L UR FS ur R,2,10,52,9,2,13,3
DL dr L ur UR FS R,2,10,52,9,2,11,4
DL dr L UR ur FS R,2,10,52,9,2,15,4
DL dr UR L FS ur R,2,10,52,9,2,15,3
DL dr UR L ur FS R,2,10,52,9,2,13,3
DL FS L UR dr ur R,2,10,52,9,2,13,3
DL FS L ur UR dr R,2,10,52,9,2,13,4
DL FS L UR ur dr R,2,10,52,9,2,15,4
DL FS UR L dr ur R,2,10,52,9,2,11,3
DL FS UR L ur dr R,2,10,52,9,2,11,3
DL L dr UR FS ur R,2,10,52,9,2,11,3
DL L dr ur UR FS R,2,10,52,9,2,11,4
DL L dr UR ur FS R,2,10,52,9,2,13,4
DL L FS UR dr ur R,2,10,52,9,2,11,3
DL L FS ur UR dr R,2,10,52,9,2,15,4
DL L FS UR ur dr R,2,10,52,9,2,13,4
DL L UR dr FS ur R,2,10,52,9,2,13,3
DL L ur dr UR FS R,2,10,52,9,2,9,2
DL L UR dr ur FS R,2,10,52,9,2,13,3
DL L UR FS dr ur R,2,10,52,9,2,11,3
DL L ur FS UR dr R,2,10,52,9,2,11,3
DL L UR FS ur dr R,2,10,52,9,2,13,3
DL L ur UR dr FS R,2,10,52,9,2,11,4
DL L UR ur dr FS R,2,10,52,9,2,13,4
DL L ur UR FS dr R,2,10,52,9,2,11,4
DL L UR ur FS dr R,2,10,52,9,2,15,4
DL UR dr L FS ur R,2,10,52,9,2,13,3
DL UR dr L ur FS R,2,10,52,9,2,11,3
DL UR FS L dr ur R,2,10,52,9,2,11,3
DL UR FS L ur dr R,2,10,52,9,2,11,3
DL UR L dr FS ur R,2,10,52,9,2,13,3
DL UR L dr ur FS R,2,10,52,9,2,13,3
DL UR L FS dr ur R,2,10,52,9,2,13,3
DL UR L FS ur dr R,2,10,52,9,2,15,3
DL UR L ur dr FS R,2,10,52,9,2,11,3
DL UR L ur FS dr R,2,10,52,9,2,13,3
dr DL L UR FS ur R,2,10,52,9,2,13,3
dr DL L ur UR FS R,2,10,52,9,2,11,4
dr DL L UR ur FS R,2,10,52,9,2,15,4
dr DL UR L FS ur R,2,10,52,9,2,15,3
dr DL UR L ur FS R,2,10,52,9,2,13,3
dr L DL UR FS ur R,2,10,52,9,2,11,3
dr L DL ur UR FS R,2,10,52,9,2,11,4
dr L DL UR ur FS R,2,10,52,9,2,13,4
dr L UR DL FS ur R,2,10,52,9,2,13,3
dr L UR DL ur FS R,2,10,52,9,2,13,3
dr UR DL L FS ur R,2,10,52,9,2,13,3
dr UR DL L ur FS R,2,10,52,9,2,11,3
dr UR L DL FS ur R,2,10,52,9,2,13,3
dr UR L DL ur FS R,2,10,52,9,2,13,3
FS DL L UR dr ur R,2,10,52,9,2,12,3
FS DL L ur UR dr R,2,10,52,9,2,12,4
FS DL L UR ur dr R,2,10,52,9,2,14,4
FS DL UR L dr ur R,2,10,52,9,2,12,3
FS DL UR L ur dr R,2,10,52,9,2,12,3
FS L DL UR dr ur R,2,10,52,9,2,12,3
FS L DL ur UR dr R,2,10,52,9,2,14,4
FS L DL UR ur dr R,2,10,52,9,2,14,4
FS L UR DL dr ur R,2,10,52,9,2,14,3
FS L UR DL ur dr R,2,10,52,9,2,14,3
FS UR DL L dr ur R,2,10,52,9,2,10,3
FS UR DL L ur dr R,2,10,52,9,2,10,3
FS UR L DL dr ur R,2,10,52,9,2,12,3
FS UR L DL ur dr R,2,10,52,9,2,12,3
L DL dr UR FS ur R,2,10,52,9,2,12,3
L DL dr ur UR FS R,2,10,52,9,2,12,4
L DL dr UR ur FS R,2,10,52,9,2,14,4
L DL FS UR dr ur R,2,10,52,9,2,10,3
L DL FS ur UR dr R,2,10,52,9,2,14,4
L DL FS UR ur dr R,2,10,52,9,2,12,4
L DL UR dr FS ur R,2,10,52,9,2,12,3
L DL ur dr UR FS R,2,10,52,9,2,10,2
L DL UR dr ur FS R,2,10,52,9,2,12,3
L DL UR FS dr ur R,2,10,52,9,2,10,3
L DL ur FS UR dr R,2,10,52,9,2,12,3
L DL UR FS ur dr R,2,10,52,9,2,12,3
L DL ur UR dr FS R,2,10,52,9,2,12,4
L DL UR ur dr FS R,2,10,52,9,2,12,4
L DL ur UR FS dr R,2,10,52,9,2,12,4
L DL UR ur FS dr R,2,10,52,9,2,14,4
L dr DL UR FS ur R,2,10,52,9,2,12,3
L dr DL ur UR FS R,2,10,52,9,2,12,4
L dr DL UR ur FS R,2,10,52,9,2,14,4
L dr UR DL FS ur R,2,10,52,9,2,12,3
L dr UR DL ur FS R,2,10,52,9,2,12,3
L FS DL UR dr ur R,2,10,52,9,2,12,3
L FS DL ur UR dr R,2,10,52,9,2,14,4
L FS DL UR ur dr R,2,10,52,9,2,14,4
L FS UR DL dr ur R,2,10,52,9,2,12,3
L FS UR DL ur dr R,2,10,52,9,2,12,3
L UR DL dr FS ur R,2,10,52,9,2,14,3
L UR DL dr ur FS R,2,10,52,9,2,14,3
L UR DL FS dr ur R,2,10,52,9,2,12,3
L UR DL FS ur dr R,2,10,52,9,2,14,3
L UR DL ur dr FS R,2,10,52,9,2,12,3
L UR DL ur FS dr R,2,10,52,9,2,14,3
L UR dr DL FS ur R,2,10,52,9,2,14,3
L UR dr DL ur FS R,2,10,52,9,2,14,3
L UR FS DL dr ur R,2,10,52,9,2,12,3
L UR FS DL ur dr R,2,10,52,9,2,12,3
UR DL dr L FS ur R,2,10,52,9,2,13,3
UR DL dr L ur FS R,2,10,52,9,2,11,3
UR DL FS L dr ur R,2,10,52,9,2,11,3
UR DL FS L ur dr R,2,10,52,9,2,11,3
UR DL L dr FS ur R,2,10,52,9,2,11,3
UR DL L dr ur FS R,2,10,52,9,2,11,3
UR DL L FS dr ur R,2,10,52,9,2,11,3
UR DL L FS ur dr R,2,10,52,9,2,13,3
UR DL L ur dr FS R,2,10,52,9,2,9,2
UR DL L ur FS dr R,2,10,52,9,2,11,3
UR dr DL L FS ur R,2,10,52,9,2,13,3
UR dr DL L ur FS R,2,10,52,9,2,11,3
UR dr L DL FS ur R,2,10,52,9,2,11,3
UR dr L DL ur FS R,2,10,52,9,2,11,3
UR FS DL L dr ur R,2,10,52,9,2,9,3
UR FS DL L ur dr R,2,10,52,9,2,9,3
UR FS L DL dr ur R,2,10,52,9,2,11,3
UR FS L DL ur dr R,2,10,52,9,2,11,3
UR L DL dr FS ur R,2,10,52,9,2,13,3
UR L DL dr ur FS R,2,10,52,9,2,13,3
UR L DL FS dr ur R,2,10,52,9,2,11,3
UR L DL FS ur dr R,2,10,52,9,2,13,3
UR L DL ur dr FS R,2,10,52,9,2,11,3
UR L DL ur FS dr R,2,10,52,9,2,13,3
UR L dr DL FS ur R,2,10,52,9,2,13,3
UR L dr DL ur FS R,2,10,52,9,2,13,3
UR L FS DL dr ur R,2,10,52,9,2,13,3
UR L FS DL ur dr R,2,10,52,9,2,13,3
