order,min_memo,max_memo,sum_memo,memorized,d_moves,pin_changes,max_pin_changes
D L U UR R UL BS,2,7,25,6,2,10,3
D L U UR UL R BS,2,7,25,6,2,12,3
D U L UR R UL BS,2,7,25,6,2,14,4
D U L UR UL R BS,2,7,25,6,2,16,4
L D U UR R UL BS,2,7,25,6,2,12,4
L D U UR UL R BS,2,7,25,6,2,14,4
L U D UR R UL BS,2,7,25,6,2,14,4
L U D UR UL R BS,2,7,25,6,2,16,4
L U UR D R UL BS,2,7,25,6,2,12,3
L U UR D UL R BS,2,7,25,6,2,14,3
L U UR R D UL BS,2,7,25,6,2,10,3
L U UR R UL D BS,2,7,25,6,2,12,3
L U UR UL D R BS,2,7,25,6,2,12,3
L U UR UL R D BS,2,7,25,6,2,12,3
U D L UR R UL BS,2,7,25,6,2,14,4
U D L UR UL R BS,2,7,25,6,2,16,4
U L D UR R UL BS,2,7,25,6,2,12,3
U L D UR UL R BS,2,7,25,6,2,14,3
U L UR D R UL BS,2,7,25,6,2,14,3
U L UR D UL R BS,2,7,25,6,2,16,3
U L UR R D UL BS,2,7,25,6,2,12,3
U L UR R UL D BS,2,7,25,6,2,14,3
U L UR UL D R BS,2,7,25,6,2,14,3
U L UR UL R D BS,2,7,25,6,2,14,3
D L R UR U UL BS,2,12,26,6,2,10,4
D R L UR U UL BS,2,12,26,6,2,12,4
D R U UR L UL BS,2,12,26,6,2,10,3
D R UR L U UL BS,2,12,26,6,2,10,3
D R UR U L UL BS,2,12,26,6,2,8,2
D U R UR L UL BS,2,12,26,6,2,12,4
L D R UR U UL BS,2,12,26,6,2,8,2
L R D UR U UL BS,2,12,26,6,2,12,4
R D L UR U UL BS,2,12,26,6,2,10,3
R D U UR L UL BS,2,12,26,6,2,12,4
R D UR L U UL BS,2,12,26,6,2,12,3
R D UR U L UL BS,2,12,26,6,2,10,3
R L D UR U UL BS,2,12,26,6,2,12,4
R U D UR L UL BS,2,12,26,6,2,14,4
U D R UR L UL BS,2,12,26,6,2,12,4
U R D UR L UL BS,2,12,26,6,2,12,3
D L U UL UR R BS,2,11,29,6,2,10,2
D L UL U UR R BS,2,11,29,6,2,8,2
D U L UL UR R BS,2,11,29,6,2,12,4
L D U UL UR R BS,2,11,29,6,2,12,4
L D UL U UR R BS,2,11,29,6,2,10,3
L U D UL UR R BS,2,11,29,6,2,14,4
L U UL D UR R BS,2,11,29,6,2,12,3
L U UL R UR D BS,2,11,29,6,2,12,3
L U UL UR D R BS,2,11,29,6,2,12,3
L U UL UR R D BS,2,11,29,6,2,10,2
L UL D U UR R BS,2,11,29,6,2,12,4
L UL U D UR R BS,2,11,29,6,2,12,4
L UL U R UR D BS,2,11,29,6,2,10,3
L UL U UR D R BS,2,11,29,6,2,10,3
L UL U UR R D BS,2,11,29,6,2,8,2
U D L UL UR R BS,2,11,29,6,2,12,4
U L D UL UR R BS,2,11,29,6,2,12,3
U L UL D UR R BS,2,11,29,6,2,12,3
U L UL R UR D BS,2,11,29,6,2,12,3
U L UL UR D R BS,2,11,29,6,2,12,3
U L UL UR R D BS,2,11,29,6,2,10,2
D L UR R U UL BS,2,11,30,6,2,10,3
D L UR U R UL BS,2,11,30,6,2,12,3
D L UR U UL R BS,2,11,30,6,2,12,3
D U UL L UR R BS,2,11,30,6,2,12,4
D U UL R UR L BS,2,11,30,6,2,14,4
D U UR L R UL BS,2,11,30,6,2,16,4
D U UR L UL R BS,2,11,30,6,2,14,4
D U UR R L UL BS,2,11,30,6,2,12,4
D UL L U UR R BS,2,11,30,6,2,10,3
D UL U L UR R BS,2,11,30,6,2,12,3
D UL U R UR L BS,2,11,30,6,2,12,3
D UR L R U UL BS,2,11,30,6,2,14,4
D UR L U R UL BS,2,11,30,6,2,14,3
D UR L U UL R BS,2,11,30,6,2,14,3
D UR R L U UL BS,2,11,30,6,2,12,4
D UR R U L UL BS,2,11,30,6,2,10,3
D UR U L R UL BS,2,11,30,6,2,14,4
D UR U L UL R BS,2,11,30,6,2,12,3
D UR U R L UL BS,2,11,30,6,2,12,4
L D UR R U UL BS,2,11,30,6,2,10,3
L D UR U R UL BS,2,11,30,6,2,12,3
L D UR U UL R BS,2,11,30,6,2,12,3
L UR D R U UL BS,2,11,30,6,2,12,3
L UR D U R UL BS,2,11,30,6,2,16,4
L UR D U UL R BS,2,11,30,6,2,16,4
L UR R D U UL BS,2,11,30,6,2,12,4
L UR R U D UL BS,2,11,30,6,2,14,4
L UR R U UL D BS,2,11,30,6,2,12,3
L UR U D R UL BS,2,11,30,6,2,14,4
L UR U D UL R BS,2,11,30,6,2,16,4
L UR U R D UL BS,2,11,30,6,2,12,3
L UR U R UL D BS,2,11,30,6,2,14,3
L UR U UL D R BS,2,11,30,6,2,12,3
L UR U UL R D BS,2,11,30,6,2,12,3
U D UL L UR R BS,2,11,30,6,2,14,4
U D UL R UR L BS,2,11,30,6,2,16,4
U D UR L R UL BS,2,11,30,6,2,18,4
U D UR L UL R BS,2,11,30,6,2,16,4
U D UR R L UL BS,2,11,30,6,2,14,4
U UL D L UR R BS,2,11,30,6,2,12,3
U UL D R UR L BS,2,11,30,6,2,12,3
U UL L D UR R BS,2,11,30,6,2,10,3
U UL L R UR D BS,2,11,30,6,2,12,4
U UL L UR D R BS,2,11,30,6,2,12,3
U UL L UR R D BS,2,11,30,6,2,10,3
U UL R D UR L BS,2,11,30,6,2,14,3
U UL R L UR D BS,2,11,30,6,2,16,4
U UR D L R UL BS,2,11,30,6,2,14,4
U UR D L UL R BS,2,11,30,6,2,12,3
U UR D R L UL BS,2,11,30,6,2,12,4
U UR L D R UL BS,2,11,30,6,2,12,3
U UR L D UL R BS,2,11,30,6,2,14,3
U UR L R D UL BS,2,11,30,6,2,14,4
U UR L R UL D BS,2,11,30,6,2,16,4
U UR L UL D R BS,2,11,30,6,2,12,3
U UR L UL R D BS,2,11,30,6,2,12,3
U UR R D L UL BS,2,11,30,6,2,8,2
U UR R L D UL BS,2,11,30,6,2,12,4
U UR R L UL D BS,2,11,30,6,2,12,4
UL D L U UR R BS,2,11,30,6,2,11,3
UL D U L UR R BS,2,11,30,6,2,15,4
UL D U R UR L BS,2,11,30,6,2,15,4
UL L D U UR R BS,2,11,30,6,2,11,4
UL L U D UR R BS,2,11,30,6,2,13,4
UL L U R UR D BS,2,11,30,6,2,11,3
UL L U UR D R BS,2,11,30,6,2,11,3
UL L U UR R D BS,2,11,30,6,2,9,2
UL U D L UR R BS,2,11,30,6,2,13,4
UL U D R UR L BS,2,11,30,6,2,13,4
UL U L D UR R BS,2,11,30,6,2,11,3
UL U L R UR D BS,2,11,30,6,2,13,4
UL U L UR D R BS,2,11,30,6,2,13,3
UL U L UR R D BS,2,11,30,6,2,11,3
UL U R D UR L BS,2,11,30,6,2,13,3
UL U R L UR D BS,2,11,30,6,2,15,4
UR D L R U UL BS,2,11,30,6,2,13,4
UR D L U R UL BS,2,11,30,6,2,13,3
UR D L U UL R BS,2,11,30,6,2,13,3
UR D R L U UL BS,2,11,30,6,2,13,4
UR D R U L UL BS,2,11,30,6,2,11,3
UR D U L R UL BS,2,11,30,6,2,17,4
UR D U L UL R BS,2,11,30,6,2,15,4
UR D U R L UL BS,2,11,30,6,2,15,4
UR L D R U UL BS,2,11,30,6,2,11,3
UR L D U R UL BS,2,11,30,6,2,15,4
UR L D U UL R BS,2,11,30,6,2,15,4
UR L R D U UL BS,2,11,30,6,2,15,4
UR L R U D UL BS,2,11,30,6,2,17,4
UR L R U UL D BS,2,11,30,6,2,15,4
UR L U D R UL BS,2,11,30,6,2,15,4
UR L U D UL R BS,2,11,30,6,2,17,4
UR L U R D UL BS,2,11,30,6,2,13,3
UR L U R UL D BS,2,11,30,6,2,15,3
UR L U UL D R BS,2,11,30,6,2,13,3
UR L U UL R D BS,2,11,30,6,2,13,3
UR R D L U UL BS,2,11,30,6,2,9,2
UR R D U L UL BS,2,11,30,6,2,11,4
UR R L D U UL BS,2,11,30,6,2,13,4
UR R L U D UL BS,2,11,30,6,2,15,4
UR R L U UL D BS,2,11,30,6,2,13,4
UR R U D L UL BS,2,11,30,6,2,11,4
UR R U L D UL BS,2,11,30,6,2,11,3
UR R U L UL D BS,2,11,30,6,2,11,3
UR U D L R UL BS,2,11,30,6,2,15,4
UR U D L UL R BS,2,11,30,6,2,13,4
UR U D R L UL BS,2,11,30,6,2,13,4
UR U L D R UL BS,2,11,30,6,2,11,3
UR U L D UL R BS,2,11,30,6,2,13,3
UR U L R D UL BS,2,11,30,6,2,13,4
UR U L R UL D BS,2,11,30,6,2,15,4
UR U L UL D R BS,2,11,30,6,2,11,3
UR U L UL R D BS,2,11,30,6,2,11,3
UR U R D L UL BS,2,11,30,6,2,9,2
UR U R L D UL BS,2,11,30,6,2,13,4
UR U R L UL D BS,2,11,30,6,2,13,4
L R UR D U UL BS,2,12,31,6,2,14,4
L R UR U D UL BS,2,12,31,6,2,14,4
L R UR U UL D BS,2,12,31,6,2,12,4
R L UR D U UL BS,2,12,31,6,2,16,4
R L UR U D UL BS,2,12,31,6,2,16,4
R L UR U UL D BS,2,12,31,6,2,14,4
R U UR D L UL BS,2,12,31,6,2,10,3
R U UR L D UL BS,2,12,31,6,2,12,3
R U UR L UL D BS,2,12,31,6,2,12,3
R UR D L U UL BS,2,12,31,6,2,10,3
R UR D U L UL BS,2,12,31,6,2,12,4
R UR L D U UL BS,2,12,31,6,2,12,4
R UR L U D UL BS,2,12,31,6,2,14,4
R UR L U UL D BS,2,12,31,6,2,12,3
R UR U D L UL BS,2,12,31,6,2,10,4
R UR U L D UL BS,2,12,31,6,2,10,3
R UR U L UL D BS,2,12,31,6,2,10,3
U R UR D L UL BS,2,12,31,6,2,10,3
U R UR L D UL BS,2,12,31,6,2,12,3
U R UR L UL D BS,2,12,31,6,2,12,3
D L U UL R UR BS,2,11,31,7,2,12,3
D L UL U R UR BS,2,11,31,7,2,10,3
D U L UL R UR BS,2,11,31,7,2,14,4
L D U UL R UR BS,2,11,31,7,2,14,4
L D UL U R UR BS,2,11,31,7,2,12,3
L U D UL R UR BS,2,11,31,7,2,16,4
L U UL D R UR BS,2,11,31,7,2,12,3
L U UL R D UR BS,2,11,31,7,2,14,3
L UL D U R UR BS,2,11,31,7,2,14,4
L UL U D R UR BS,2,11,31,7,2,12,4
L UL U R D UR BS,2,11,31,7,2,12,3
U D L UL R UR BS,2,11,31,7,2,14,4
U L D UL R UR BS,2,11,31,7,2,14,3
U L UL D R UR BS,2,11,31,7,2,12,3
U L UL R D UR BS,2,11,31,7,2,14,3
D U UL L R UR BS,2,11,32,7,2,14,4
D U UL R L UR BS,2,11,32,7,2,18,4
D UL L U R UR BS,2,11,32,7,2,12,3
D UL U L R UR BS,2,11,32,7,2,14,4
D UL U R L UR BS,2,11,32,7,2,16,4
U D UL L R UR BS,2,11,32,7,2,16,4
U D UL R L UR BS,2,11,32,7,2,20,4
U UL D L R UR BS,2,11,32,7,2,14,4
U UL D R L UR BS,2,11,32,7,2,16,4
U UL L D R UR BS,2,11,32,7,2,10,3
U UL L R D UR BS,2,11,32,7,2,14,4
U UL R D L UR BS,2,11,32,7,2,14,3
U UL R L D UR BS,2,11,32,7,2,16,4
UL D L U R UR BS,2,11,32,7,2,13,3
UL D U L R UR BS,2,11,32,7,2,17,4
UL D U R L UR BS,2,11,32,7,2,19,4
UL L D U R UR BS,2,11,32,7,2,13,4
UL L U D R UR BS,2,11,32,7,2,13,4
UL L U R D UR BS,2,11,32,7,2,13,3
UL U D L R UR BS,2,11,32,7,2,15,4
UL U D R L UR BS,2,11,32,7,2,17,4
UL U L D R UR BS,2,11,32,7,2,11,3
UL U L R D UR BS,2,11,32,7,2,15,4
UL U R D L UR BS,2,11,32,7,2,13,3
UL U R L D UR BS,2,11,32,7,2,15,4
D L R U UR UL BS,2,12,32,7,2,12,4
D L U R UR UL BS,2,12,32,7,2,10,2
D R L U UR UL BS,2,12,32,7,2,12,4
D R U L UR UL BS,2,12,32,7,2,12,3
D U L R UR UL BS,2,12,32,7,2,14,4
D U R L UR UL BS,2,12,32,7,2,16,4
L D R U UR UL BS,2,12,32,7,2,10,2
L D U R UR UL BS,2,12,32,7,2,12,4
L R D U UR UL BS,2,12,32,7,2,14,4
L R U D UR UL BS,2,12,32,7,2,16,4
L U D R UR UL BS,2,12,32,7,2,12,4
L U R D UR UL BS,2,12,32,7,2,12,3
R D L U UR UL BS,2,12,32,7,2,10,2
R D U L UR UL BS,2,12,32,7,2,14,4
R L D U UR UL BS,2,12,32,7,2,14,4
R L U D UR UL BS,2,12,32,7,2,16,4
R U D L UR UL BS,2,12,32,7,2,14,4
R U L D UR UL BS,2,12,32,7,2,12,3
U D L R UR UL BS,2,12,32,7,2,14,4
U D R L UR UL BS,2,12,32,7,2,16,4
U L D R UR UL BS,2,12,32,7,2,10,2
U L R D UR UL BS,2,12,32,7,2,14,4
U R D L UR UL BS,2,12,32,7,2,12,3
U R L D UR UL BS,2,12,32,7,2,14,4
D U UL UR L R BS,2,11,35,6,2,16,4
D U UL UR R L BS,2,11,35,6,2,14,4
D UL U UR L R BS,2,11,35,6,2,14,4
D UL U UR R L BS,2,11,35,6,2,12,4
U D UL UR L R BS,2,11,35,6,2,18,4
U D UL UR R L BS,2,11,35,6,2,16,4
U UL D UR L R BS,2,11,35,6,2,16,4
U UL D UR R L BS,2,11,35,6,2,14,4
U UL R UR D L BS,2,11,35,6,2,12,3
U UL R UR L D BS,2,11,35,6,2,12,3
U UL UR D L R BS,2,11,35,6,2,14,4
U UL UR D R L BS,2,11,35,6,2,14,4
U UL UR L D R BS,2,11,35,6,2,12,3
U UL UR L R D BS,2,11,35,6,2,14,4
U UL UR R D L BS,2,11,35,6,2,10,2
U UL UR R L D BS,2,11,35,6,2,12,4
UL D U UR L R BS,2,11,35,6,2,17,4
UL D U UR R L BS,2,11,35,6,2,15,4
UL U D UR L R BS,2,11,35,6,2,17,4
UL U D UR R L BS,2,11,35,6,2,15,4
UL U R UR D L BS,2,11,35,6,2,11,3
UL U R UR L D BS,2,11,35,6,2,11,3
UL U UR D L R BS,2,11,35,6,2,13,4
UL U UR D R L BS,2,11,35,6,2,13,4
UL U UR L D R BS,2,11,35,6,2,11,3
UL U UR L R D BS,2,11,35,6,2,13,4
UL U UR R D L BS,2,11,35,6,2,9,2
UL U UR R L D BS,2,11,35,6,2,11,4
D L R UL UR U BS,2,12,35,6,2,14,4
D L R UR UL U BS,2,12,35,6,2,12,4
D L UL R UR U BS,2,12,35,6,2,10,3
D R L UL UR U BS,2,12,35,6,2,12,4
D R L UR UL U BS,2,12,35,6,2,14,4
D R U UL UR L BS,2,12,35,6,2,12,3
D R U UR UL L BS,2,12,35,6,2,10,2
D R UR L UL U BS,2,12,35,6,2,10,3
D R UR U UL L BS,2,12,35,6,2,8,2
D U R UL UR L BS,2,12,35,6,2,16,4
D U R UR UL L BS,2,12,35,6,2,12,4
L D R UL UR U BS,2,12,35,6,2,12,3
L D R UR UL U BS,2,12,35,6,2,10,2
L D UL R UR U BS,2,12,35,6,2,12,3
L R D UL UR U BS,2,12,35,6,2,14,4
L R D UR UL U BS,2,12,35,6,2,14,4
L R UL D UR U BS,2,12,35,6,2,16,4
L R UL U UR D BS,2,12,35,6,2,14,4
L UL D R UR U BS,2,12,35,6,2,10,3
L UL R D UR U BS,2,12,35,6,2,12,3
L UL R U UR D BS,2,12,35,6,2,12,3
R D L UL UR U BS,2,12,35,6,2,10,2
R D L UR UL U BS,2,12,35,6,2,12,3
R D U UL UR L BS,2,12,35,6,2,14,4
R D U UR UL L BS,2,12,35,6,2,12,4
R D UR L UL U BS,2,12,35,6,2,12,3
R D UR U UL L BS,2,12,35,6,2,10,3
R L D UL UR U BS,2,12,35,6,2,14,4
R L D UR UL U BS,2,12,35,6,2,14,4
R L UL D UR U BS,2,12,35,6,2,14,4
R L UL U UR D BS,2,12,35,6,2,12,4
R U D UL UR L BS,2,12,35,6,2,16,4
R U D UR UL L BS,2,12,35,6,2,14,4
R U UL D UR L BS,2,12,35,6,2,14,3
R U UL L UR D BS,2,12,35,6,2,12,3
U D R UL UR L BS,2,12,35,6,2,16,4
U D R UR UL L BS,2,12,35,6,2,12,4
U R D UL UR L BS,2,12,35,6,2,14,3
U R D UR UL L BS,2,12,35,6,2,12,3
U R UL D UR L BS,2,12,35,6,2,16,3
U R UL L UR D BS,2,12,35,6,2,14,3
D R UL L UR U BS,2,12,36,6,2,12,3
D R UL U UR L BS,2,12,36,6,2,12,3
D R UL UR L U BS,2,12,36,6,2,14,3
D R UL UR U L BS,2,12,36,6,2,12,3
D R UR UL L U BS,2,12,36,6,2,10,2
D R UR UL U L BS,2,12,36,6,2,10,2
D UL L R UR U BS,2,12,36,6,2,12,4
D UL R L UR U BS,2,12,36,6,2,16,4
D UL R U UR L BS,2,12,36,6,2,14,3
D UL R UR L U BS,2,12,36,6,2,14,3
D UL R UR U L BS,2,12,36,6,2,12,3
R D UL L UR U BS,2,12,36,6,2,12,3
R D UL U UR L BS,2,12,36,6,2,12,3
R D UL UR L U BS,2,12,36,6,2,14,3
R D UL UR U L BS,2,12,36,6,2,12,3
R D UR UL L U BS,2,12,36,6,2,12,3
R D UR UL U L BS,2,12,36,6,2,12,3
R UL D L UR U BS,2,12,36,6,2,14,3
R UL D U UR L BS,2,12,36,6,2,16,4
R UL D UR L U BS,2,12,36,6,2,16,3
R UL D UR U L BS,2,12,36,6,2,14,3
R UL L D UR U BS,2,12,36,6,2,12,3
R UL L U UR D BS,2,12,36,6,2,12,3
R UL U D UR L BS,2,12,36,6,2,16,4
R UL U L UR D BS,2,12,36,6,2,14,3
UL D L R UR U BS,2,12,36,6,2,13,4
UL D R L UR U BS,2,12,36,6,2,15,4
UL D R U UR L BS,2,12,36,6,2,13,3
UL D R UR L U BS,2,12,36,6,2,13,3
UL D R UR U L BS,2,12,36,6,2,11,3
UL L D R UR U BS,2,12,36,6,2,9,2
UL L R D UR U BS,2,12,36,6,2,13,4
UL L R U UR D BS,2,12,36,6,2,13,4
UL R D L UR U BS,2,12,36,6,2,13,3
UL R D U UR L BS,2,12,36,6,2,15,4
UL R D UR L U BS,2,12,36,6,2,15,3
UL R D UR U L BS,2,12,36,6,2,13,3
UL R L D UR U BS,2,12,36,6,2,15,4
UL R L U UR D BS,2,12,36,6,2,15,4
UL R U D UR L BS,2,12,36,6,2,17,4
UL R U L UR D BS,2,12,36,6,2,15,3
BS D L U UL UR R,2,9,36,7,2,10,2
BS D L UL U UR R,2,9,36,7,2,8,2
BS D U L UL UR R,2,9,36,7,2,12,4
BS L D U UL UR R,2,9,36,7,2,12,4
BS L D UL U UR R,2,9,36,7,2,10,3
BS L U D UL UR R,2,9,36,7,2,14,4
BS U D L UL UR R,2,9,36,7,2,12,4
BS U L D UL UR R,2,9,36,7,2,12,3
D BS L U UL UR R,2,9,36,7,2,10,2
D BS L UL U UR R,2,9,36,7,2,8,2
D BS U L UL UR R,2,9,36,7,2,10,2
D L BS U UL UR R,2,9,36,7,2,10,2
D L BS UL U UR R,2,9,36,7,2,8,2
D L U BS UL UR R,2,9,36,7,2,10,2
D U BS L UL UR R,2,9,36,7,2,12,4
D U L BS UL UR R,2,9,36,7,2,12,4
L BS D U UL UR R,2,9,36,7,2,12,4
L BS D UL U UR R,2,9,36,7,2,10,3
L BS U D UL UR R,2,9,36,7,2,14,4
L D BS U UL UR R,2,9,36,7,2,10,2
L D BS UL U UR R,2,9,36,7,2,8,2
L D U BS UL UR R,2,9,36,7,2,12,4
L U BS D UL UR R,2,9,36,7,2,12,3
L U D BS UL UR R,2,9,36,7,2,12,4
U BS D L UL UR R,2,9,36,7,2,10,2
U BS L D UL UR R,2,9,36,7,2,12,3
U D BS L UL UR R,2,9,36,7,2,12,4
U D L BS UL UR R,2,9,36,7,2,12,4
U L BS D UL UR R,2,9,36,7,2,12,3
U L D BS UL UR R,2,9,36,7,2,10,2
D L R UL U UR BS,2,12,37,7,2,14,4
D L UL R U UR BS,2,12,37,7,2,12,3
D R L UL U UR BS,2,12,37,7,2,12,4
D R U UL L UR BS,2,12,37,7,2,12,3
D U R UL L UR BS,2,12,37,7,2,16,4
L D R UL U UR BS,2,12,37,7,2,12,3
L D UL R U UR BS,2,12,37,7,2,14,3
L R D UL U UR BS,2,12,37,7,2,14,4
L R U UR D UL BS,2,12,37,7,2,14,4
L R U UR UL D BS,2,12,37,7,2,14,4
L R UL D U UR BS,2,12,37,7,2,18,4
L R UL U D UR BS,2,12,37,7,2,18,4
L U R UR D UL BS,2,12,37,7,2,12,3
L U R UR UL D BS,2,12,37,7,2,12,3
L UL D R U UR BS,2,12,37,7,2,12,3
L UL R D U UR BS,2,12,37,7,2,14,4
L UL R U D UR BS,2,12,37,7,2,16,4
R D L UL U UR BS,2,12,37,7,2,10,3
R D U UL L UR BS,2,12,37,7,2,14,4
R L D UL U UR BS,2,12,37,7,2,14,4
R L U UR D UL BS,2,12,37,7,2,14,4
R L U UR UL D BS,2,12,37,7,2,14,4
R L UL D U UR BS,2,12,37,7,2,16,4
R L UL U D UR BS,2,12,37,7,2,16,4
R U D UL L UR BS,2,12,37,7,2,16,4
R U L UR D UL BS,2,12,37,7,2,14,3
R U L UR UL D BS,2,12,37,7,2,14,3
R U UL D L UR BS,2,12,37,7,2,14,3
R U UL L D UR BS,2,12,37,7,2,12,3
U D R UL L UR BS,2,12,37,7,2,16,4
U L R UR D UL BS,2,12,37,7,2,14,4
U L R UR UL D BS,2,12,37,7,2,14,4
U R D UL L UR BS,2,12,37,7,2,14,3
U R L UR D UL BS,2,12,37,7,2,16,4
U R L UR UL D BS,2,12,37,7,2,16,4
U R UL D L UR BS,2,12,37,7,2,16,3
U R UL L D UR BS,2,12,37,7,2,14,3
D R UL L U UR BS,2,12,38,7,2,12,3
D R UL U L UR BS,2,12,38,7,2,14,3
D UL L R U UR BS,2,12,38,7,2,14,4
D UL R L U UR BS,2,12,38,7,2,16,4
D UL R U L UR BS,2,12,38,7,2,16,3
R D UL L U UR BS,2,12,38,7,2,12,3
R D UL U L UR BS,2,12,38,7,2,14,3
R UL D L U UR BS,2,12,38,7,2,14,3
R UL D U L UR BS,2,12,38,7,2,18,4
R UL L D U UR BS,2,12,38,7,2,14,4
R UL L U D UR BS,2,12,38,7,2,16,4
R UL U D L UR BS,2,12,38,7,2,16,4
R UL U L D UR BS,2,12,38,7,2,14,3
UL D L R U UR BS,2,12,38,7,2,15,4
UL D R L U UR BS,2,12,38,7,2,15,4
UL D R U L UR BS,2,12,38,7,2,15,3
UL L D R U UR BS,2,12,38,7,2,11,3
UL L R D U UR BS,2,12,38,7,2,15,4
UL L R U D UR BS,2,12,38,7,2,17,4
UL R D L U UR BS,2,12,38,7,2,13,3
UL R D U L UR BS,2,12,38,7,2,17,4
UL R L D U UR BS,2,12,38,7,2,17,4
UL R L U D UR BS,2,12,38,7,2,19,4
UL R U D L UR BS,2,12,38,7,2,17,4
UL R U L D UR BS,2,12,38,7,2,15,3
BS D L U UL R UR,2,9,38,8,2,11,3
BS D L UL U R UR,2,9,38,8,2,9,2
BS D U L UL R UR,2,9,38,8,2,13,4
BS L D U UL R UR,2,9,38,8,2,13,4
BS L D UL U R UR,2,9,38,8,2,11,3
BS L U D UL R UR,2,9,38,8,2,15,4
BS U D L UL R UR,2,9,38,8,2,13,4
BS U L D UL R UR,2,9,38,8,2,13,3
D BS L U UL R UR,2,9,38,8,2,11,3
D BS L UL U R UR,2,9,38,8,2,9,2
D BS U L UL R UR,2,9,38,8,2,11,3
D L BS U UL R UR,2,9,38,8,2,11,3
D L BS UL U R UR,2,9,38,8,2,9,2
D L U BS UL R UR,2,9,38,8,2,11,3
D U BS L UL R UR,2,9,38,8,2,13,4
D U L BS UL R UR,2,9,38,8,2,13,4
L BS D U UL R UR,2,9,38,8,2,13,4
L BS D UL U R UR,2,9,38,8,2,11,3
L BS U D UL R UR,2,9,38,8,2,15,4
L D BS U UL R UR,2,9,38,8,2,11,3
L D BS UL U R UR,2,9,38,8,2,9,2
L D U BS UL R UR,2,9,38,8,2,13,4
L U BS D UL R UR,2,9,38,8,2,13,3
L U D BS UL R UR,2,9,38,8,2,13,4
U BS D L UL R UR,2,9,38,8,2,11,3
U BS L D UL R UR,2,9,38,8,2,13,3
U D BS L UL R UR,2,9,38,8,2,13,4
U D L BS UL R UR,2,9,38,8,2,13,4
U L BS D UL R UR,2,9,38,8,2,13,3
U L D BS UL R UR,2,9,38,8,2,11,3
D L UL UR R U BS,2,11,39,6,2,10,2
D L UL UR U R BS,2,11,39,6,2,10,2
D L UR R UL U BS,2,11,39,6,2,12,3
D L UR UL R U BS,2,11,39,6,2,14,3
D L UR UL U R BS,2,11,39,6,2,12,3
D U UR R UL L BS,2,11,39,6,2,12,4
D U UR UL L R BS,2,11,39,6,2,14,4
D U UR UL R L BS,2,11,39,6,2,16,4
D UR L R UL U BS,2,11,39,6,2,16,4
D UR L UL R U BS,2,11,39,6,2,14,3
D UR L UL U R BS,2,11,39,6,2,12,3
D UR R L UL U BS,2,11,39,6,2,12,4
D UR R U UL L BS,2,11,39,6,2,10,3
D UR U R UL L BS,2,11,39,6,2,12,3
D UR U UL L R BS,2,11,39,6,2,12,4
D UR U UL R L BS,2,11,39,6,2,14,4
L D UL UR R U BS,2,11,39,6,2,12,3
L D UL UR U R BS,2,11,39,6,2,12,3
L D UR R UL U BS,2,11,39,6,2,12,3
L D UR UL R U BS,2,11,39,6,2,14,3
L D UR UL U R BS,2,11,39,6,2,12,3
L UL D UR R U BS,2,11,39,6,2,12,3
L UL D UR U R BS,2,11,39,6,2,12,3
L UL UR D R U BS,2,11,39,6,2,12,3
L UL UR D U R BS,2,11,39,6,2,14,4
L UL UR R D U BS,2,11,39,6,2,12,4
L UL UR R U D BS,2,11,39,6,2,12,4
L UL UR U D R BS,2,11,39,6,2,12,4
L UL UR U R D BS,2,11,39,6,2,10,2
L UR D R UL U BS,2,11,39,6,2,14,3
L UR D UL R U BS,2,11,39,6,2,16,3
L UR D UL U R BS,2,11,39,6,2,14,3
L UR R D UL U BS,2,11,39,6,2,12,3
L UR R UL D U BS,2,11,39,6,2,16,4
L UR R UL U D BS,2,11,39,6,2,14,4
L UR UL D R U BS,2,11,39,6,2,14,3
L UR UL D U R BS,2,11,39,6,2,16,4
L UR UL R D U BS,2,11,39,6,2,16,4
L UR UL R U D BS,2,11,39,6,2,16,4
L UR UL U D R BS,2,11,39,6,2,14,4
L UR UL U R D BS,2,11,39,6,2,12,3
U D UR R UL L BS,2,11,39,6,2,14,4
U D UR UL L R BS,2,11,39,6,2,16,4
U D UR UL R L BS,2,11,39,6,2,18,4
U UR D R UL L BS,2,11,39,6,2,12,3
U UR D UL L R BS,2,11,39,6,2,14,4
U UR D UL R L BS,2,11,39,6,2,16,4
U UR R D UL L BS,2,11,39,6,2,10,3
U UR R UL D L BS,2,11,39,6,2,12,3
U UR R UL L D BS,2,11,39,6,2,10,3
U UR UL D L R BS,2,11,39,6,2,14,4
U UR UL D R L BS,2,11,39,6,2,14,4
U UR UL L D R BS,2,11,39,6,2,10,2
U UR UL L R D BS,2,11,39,6,2,12,4
U UR UL R D L BS,2,11,39,6,2,12,3
U UR UL R L D BS,2,11,39,6,2,14,4
UR D L R UL U BS,2,11,39,6,2,15,4
UR D L UL R U BS,2,11,39,6,2,13,3
UR D L UL U R BS,2,11,39,6,2,11,3
UR D R L UL U BS,2,11,39,6,2,13,4
UR D R U UL L BS,2,11,39,6,2,11,3
UR D U R UL L BS,2,11,39,6,2,15,4
UR D U UL L R BS,2,11,39,6,2,15,4
UR D U UL R L BS,2,11,39,6,2,17,4
UR L D R UL U BS,2,11,39,6,2,13,3
UR L D UL R U BS,2,11,39,6,2,15,3
UR L D UL U R BS,2,11,39,6,2,13,3
UR L R D UL U BS,2,11,39,6,2,15,4
UR L R UL D U BS,2,11,39,6,2,19,4
UR L R UL U D BS,2,11,39,6,2,17,4
UR L UL D R U BS,2,11,39,6,2,13,3
UR L UL D U R BS,2,11,39,6,2,15,4
UR L UL R D U BS,2,11,39,6,2,15,4
UR L UL R U D BS,2,11,39,6,2,15,4
UR L UL U D R BS,2,11,39,6,2,13,4
UR L UL U R D BS,2,11,39,6,2,11,3
UR R D L UL U BS,2,11,39,6,2,9,2
UR R D U UL L BS,2,11,39,6,2,11,4
UR R L D UL U BS,2,11,39,6,2,13,4
UR R L UL D U BS,2,11,39,6,2,15,4
UR R L UL U D BS,2,11,39,6,2,13,4
UR R U D UL L BS,2,11,39,6,2,13,4
UR R U UL D L BS,2,11,39,6,2,11,3
UR R U UL L D BS,2,11,39,6,2,9,2
UR U D R UL L BS,2,11,39,6,2,13,4
UR U D UL L R BS,2,11,39,6,2,15,4
UR U D UL R L BS,2,11,39,6,2,17,4
UR U R D UL L BS,2,11,39,6,2,11,3
UR U R UL D L BS,2,11,39,6,2,13,3
UR U R UL L D BS,2,11,39,6,2,11,3
UR U UL D L R BS,2,11,39,6,2,13,4
UR U UL D R L BS,2,11,39,6,2,13,4
UR U UL L D R BS,2,11,39,6,2,9,2
UR U UL L R D BS,2,11,39,6,2,11,4
UR U UL R D L BS,2,11,39,6,2,11,3
UR U UL R L D BS,2,11,39,6,2,13,4
D UL L UR R U BS,2,11,40,6,2,12,3
D UL L UR U R BS,2,11,40,6,2,12,3
D UL UR L R U BS,2,11,40,6,2,16,4
D UL UR L U R BS,2,11,40,6,2,14,3
D UL UR R L U BS,2,11,40,6,2,14,4
D UL UR R U L BS,2,11,40,6,2,12,3
D UL UR U L R BS,2,11,40,6,2,14,4
D UL UR U R L BS,2,11,40,6,2,14,4
D UR R UL L U BS,2,11,40,6,2,12,3
D UR R UL U L BS,2,11,40,6,2,12,3
D UR UL L R U BS,2,11,40,6,2,14,4
D UR UL L U R BS,2,11,40,6,2,12,3
D UR UL R L U BS,2,11,40,6,2,16,4
D UR UL R U L BS,2,11,40,6,2,14,3
D UR UL U L R BS,2,11,40,6,2,14,4
D UR UL U R L BS,2,11,40,6,2,14,4
UL D L UR R U BS,2,11,40,6,2,13,3
UL D L UR U R BS,2,11,40,6,2,13,3
UL D UR L R U BS,2,11,40,6,2,17,4
UL D UR L U R BS,2,11,40,6,2,15,3
UL D UR R L U BS,2,11,40,6,2,15,4
UL D UR R U L BS,2,11,40,6,2,13,3
UL D UR U L R BS,2,11,40,6,2,15,4
UL D UR U R L BS,2,11,40,6,2,15,4
UL L D UR R U BS,2,11,40,6,2,11,3
UL L D UR U R BS,2,11,40,6,2,11,3
UL L UR D R U BS,2,11,40,6,2,13,3
UL L UR D U R BS,2,11,40,6,2,15,4
UL L UR R D U BS,2,11,40,6,2,13,4
UL L UR R U D BS,2,11,40,6,2,13,4
UL L UR U D R BS,2,11,40,6,2,13,4
UL L UR U R D BS,2,11,40,6,2,11,3
UL UR D L R U BS,2,11,40,6,2,15,4
UL UR D L U R BS,2,11,40,6,2,13,3
UL UR D R L U BS,2,11,40,6,2,15,4
UL UR D R U L BS,2,11,40,6,2,13,3
UL UR D U L R BS,2,11,40,6,2,17,4
UL UR D U R L BS,2,11,40,6,2,17,4
UL UR L D R U BS,2,11,40,6,2,13,3
UL UR L D U R BS,2,11,40,6,2,15,4
UL UR L R D U BS,2,11,40,6,2,17,4
UL UR L R U D BS,2,11,40,6,2,17,4
UL UR L U D R BS,2,11,40,6,2,15,4
UL UR L U R D BS,2,11,40,6,2,13,3
UL UR R D L U BS,2,11,40,6,2,11,2
UL UR R D U L BS,2,11,40,6,2,13,4
UL UR R L D U BS,2,11,40,6,2,15,4
UL UR R L U D BS,2,11,40,6,2,15,4
UL UR R U D L BS,2,11,40,6,2,13,4
UL UR R U L D BS,2,11,40,6,2,11,2
UL UR U D L R BS,2,11,40,6,2,15,4
UL UR U D R L BS,2,11,40,6,2,15,4
UL UR U L D R BS,2,11,40,6,2,11,2
UL UR U L R D BS,2,11,40,6,2,13,4
UL UR U R D L BS,2,11,40,6,2,11,2
UL UR U R L D BS,2,11,40,6,2,13,4
UR D R UL L U BS,2,11,40,6,2,13,3
UR D R UL U L BS,2,11,40,6,2,13,3
UR D UL L R U BS,2,11,40,6,2,15,4
UR D UL L U R BS,2,11,40,6,2,13,3
UR D UL R L U BS,2,11,40,6,2,17,4
UR D UL R U L BS,2,11,40,6,2,15,3
UR D UL U L R BS,2,11,40,6,2,15,4
UR D UL U R L BS,2,11,40,6,2,15,4
UR R D UL L U BS,2,11,40,6,2,11,3
UR R D UL U L BS,2,11,40,6,2,11,3
UR R UL D L U BS,2,11,40,6,2,13,3
UR R UL D U L BS,2,11,40,6,2,15,4
UR R UL L D U BS,2,11,40,6,2,13,4
UR R UL L U D BS,2,11,40,6,2,13,4
UR R UL U D L BS,2,11,40,6,2,13,4
UR R UL U L D BS,2,11,40,6,2,11,3
UR UL D L R U BS,2,11,40,6,2,15,4
UR UL D L U R BS,2,11,40,6,2,13,3
UR UL D R L U BS,2,11,40,6,2,15,4
UR UL D R U L BS,2,11,40,6,2,13,3
UR UL D U L R BS,2,11,40,6,2,17,4
UR UL D U R L BS,2,11,40,6,2,17,4
UR UL L D R U BS,2,11,40,6,2,11,2
UR UL L D U R BS,2,11,40,6,2,13,4
UR UL L R D U BS,2,11,40,6,2,15,4
UR UL L R U D BS,2,11,40,6,2,15,4
UR UL L U D R BS,2,11,40,6,2,13,4
UR UL L U R D BS,2,11,40,6,2,11,2
UR UL R D L U BS,2,11,40,6,2,13,3
UR UL R D U L BS,2,11,40,6,2,15,4
UR UL R L D U BS,2,11,40,6,2,17,4
UR UL R L U D BS,2,11,40,6,2,17,4
UR UL R U D L BS,2,11,40,6,2,15,4
UR UL R U L D BS,2,11,40,6,2,13,3
UR UL U D L R BS,2,11,40,6,2,15,4
UR UL U D R L BS,2,11,40,6,2,15,4
UR UL U L D R BS,2,11,40,6,2,11,2
UR UL U L R D BS,2,11,40,6,2,13,4
UR UL U R D L BS,2,11,40,6,2,11,2
UR UL U R L D BS,2,11,40,6,2,13,4
L R UL UR D U BS,2,12,40,6,2,18,4
L R UL UR U D BS,2,12,40,6,2,16,4
L R UR D UL U BS,2,12,40,6,2,14,4
L R UR UL D U BS,2,12,40,6,2,16,4
L R UR UL U D BS,2,12,40,6,2,14,4
L UL R UR D U BS,2,12,40,6,2,14,4
L UL R UR U D BS,2,12,40,6,2,12,4
R L UL UR D U BS,2,12,40,6,2,16,4
R L UL UR U D BS,2,12,40,6,2,14,4
R L UR D UL U BS,2,12,40,6,2,16,4
R L UR UL D U BS,2,12,40,6,2,18,4
R L UR UL U D BS,2,12,40,6,2,16,4
R U UL UR D L BS,2,12,40,6,2,12,3
R U UL UR L D BS,2,12,40,6,2,12,3
R U UR D UL L BS,2,12,40,6,2,12,3
R U UR UL D L BS,2,12,40,6,2,12,3
R U UR UL L D BS,2,12,40,6,2,10,2
R UR D L UL U BS,2,12,40,6,2,10,3
R UR D U UL L BS,2,12,40,6,2,12,4
R UR L D UL U BS,2,12,40,6,2,12,3
R UR L UL D U BS,2,12,40,6,2,14,4
R UR L UL U D BS,2,12,40,6,2,12,4
R UR U D UL L BS,2,12,40,6,2,12,4
R UR U UL D L BS,2,12,40,6,2,10,3
R UR U UL L D BS,2,12,40,6,2,8,2
U R UL UR D L BS,2,12,40,6,2,14,3
U R UL UR L D BS,2,12,40,6,2,14,3
U R UR D UL L BS,2,12,40,6,2,12,3
U R UR UL D L BS,2,12,40,6,2,12,3
U R UR UL L D BS,2,12,40,6,2,10,2
R UL L UR D U BS,2,12,41,6,2,16,4
R UL L UR U D BS,2,12,41,6,2,14,4
R UL U UR D L BS,2,12,41,6,2,12,3
R UL U UR L D BS,2,12,41,6,2,12,3
R UL UR D L U BS,2,12,41,6,2,14,3
R UL UR D U L BS,2,12,41,6,2,16,4
R UL UR L D U BS,2,12,41,6,2,16,4
R UL UR L U D BS,2,12,41,6,2,16,4
R UL UR U D L BS,2,12,41,6,2,14,4
R UL UR U L D BS,2,12,41,6,2,12,3
R UR D UL L U BS,2,12,41,6,2,12,3
R UR D UL U L BS,2,12,41,6,2,12,3
R UR UL D L U BS,2,12,41,6,2,12,3
R UR UL D U L BS,2,12,41,6,2,14,4
R UR UL L D U BS,2,12,41,6,2,12,4
R UR UL L U D BS,2,12,41,6,2,12,4
R UR UL U D L BS,2,12,41,6,2,12,4
R UR UL U L D BS,2,12,41,6,2,10,2
UL L R UR D U BS,2,12,41,6,2,15,4
UL L R UR U D BS,2,12,41,6,2,13,4
UL R L UR D U BS,2,12,41,6,2,19,4
UL R L UR U D BS,2,12,41,6,2,17,4
UL R U UR D L BS,2,12,41,6,2,13,3
UL R U UR L D BS,2,12,41,6,2,13,3
UL R UR D L U BS,2,12,41,6,2,13,3
UL R UR D U L BS,2,12,41,6,2,15,4
UL R UR L D U BS,2,12,41,6,2,15,4
UL R UR L U D BS,2,12,41,6,2,15,4
UL R UR U D L BS,2,12,41,6,2,13,4
UL R UR U L D BS,2,12,41,6,2,11,3
BS L U UR UL D R,2,9,41,7,2,12,3
BS L U UR UL R D,2,9,41,7,2,12,3
BS U L UR UL D R,2,9,41,7,2,14,3
BS U L UR UL R D,2,9,41,7,2,14,3
L BS U UR UL D R,2,9,41,7,2,12,3
L BS U UR UL R D,2,9,41,7,2,12,3
L U BS UR UL D R,2,9,41,7,2,14,3
L U BS UR UL R D,2,9,41,7,2,14,3
L U UR BS UL D R,2,9,41,7,2,12,3
L U UR BS UL R D,2,9,41,7,2,12,3
L U UR UL BS D R,2,9,41,7,2,10,2
L U UR UL BS R D,2,9,41,7,2,10,2
U BS L UR UL D R,2,9,41,7,2,14,3
U BS L UR UL R D,2,9,41,7,2,14,3
U L BS UR UL D R,2,9,41,7,2,14,3
U L BS UR UL R D,2,9,41,7,2,14,3
U L UR BS UL D R,2,9,41,7,2,14,3
U L UR BS UL R D,2,9,41,7,2,14,3
U L UR UL BS D R,2,9,41,7,2,12,3
U L UR UL BS R D,2,9,41,7,2,12,3
L R U UL UR D BS,2,12,41,7,2,14,4
L U R UL UR D BS,2,12,41,7,2,14,3
R L U UL UR D BS,2,12,41,7,2,14,4
R U L UL UR D BS,2,12,41,7,2,12,3
U L R UL UR D BS,2,12,41,7,2,16,4
U R L UL UR D BS,2,12,41,7,2,14,4
BS D L R UL UR U,2,12,42,7,2,14,4
BS D L R UR UL U,2,12,42,7,2,12,4
BS D L UL R UR U,2,12,42,7,2,10,3
BS D R L UL UR U,2,12,42,7,2,12,4
BS D R L UR UL U,2,12,42,7,2,14,4
BS D R U UR UL L,2,12,42,7,2,10,2
BS D R UR L UL U,2,12,42,7,2,10,3
BS D R UR U UL L,2,12,42,7,2,8,2
BS D U R UR UL L,2,12,42,7,2,12,4
BS L D R UL UR U,2,12,42,7,2,12,3
BS L D R UR UL U,2,12,42,7,2,10,2
BS L D UL R UR U,2,12,42,7,2,12,3
BS L R D UL UR U,2,12,42,7,2,14,4
BS L R D UR UL U,2,12,42,7,2,14,4
BS R D L UL UR U,2,12,42,7,2,10,2
BS R D L UR UL U,2,12,42,7,2,12,3
BS R D U UR UL L,2,12,42,7,2,12,4
BS R D UR L UL U,2,12,42,7,2,12,3
BS R D UR U UL L,2,12,42,7,2,10,3
BS R L D UL UR U,2,12,42,7,2,14,4
BS R L D UR UL U,2,12,42,7,2,14,4
BS R U D UR UL L,2,12,42,7,2,14,4
BS U D R UR UL L,2,12,42,7,2,12,4
BS U R D UR UL L,2,12,42,7,2,12,3
D BS L R UL UR U,2,12,42,7,2,14,4
D BS L R UR UL U,2,12,42,7,2,12,4
D BS L UL R UR U,2,12,42,7,2,10,3
D BS R L UL UR U,2,12,42,7,2,12,4
D BS R L UR UL U,2,12,42,7,2,14,4
D BS R U UR UL L,2,12,42,7,2,10,2
D BS R UR L UL U,2,12,42,7,2,10,3
D BS R UR U UL L,2,12,42,7,2,8,2
D BS U R UR UL L,2,12,42,7,2,10,2
D L BS R UL UR U,2,12,42,7,2,12,3
D L BS R UR UL U,2,12,42,7,2,10,2
D L BS UL R UR U,2,12,42,7,2,10,3
D L R BS UL UR U,2,12,42,7,2,12,4
D L R BS UR UL U,2,12,42,7,2,14,4
D L R UR BS UL U,2,12,42,7,2,12,4
D R BS L UL UR U,2,12,42,7,2,10,2
D R BS L UR UL U,2,12,42,7,2,12,3
D R BS U UR UL L,2,12,42,7,2,10,2
D R BS UR L UL U,2,12,42,7,2,12,3
D R BS UR U UL L,2,12,42,7,2,10,3
D R L BS UL UR U,2,12,42,7,2,12,4
D R L BS UR UL U,2,12,42,7,2,14,4
D R L UR BS UL U,2,12,42,7,2,14,4
D R U BS UR UL L,2,12,42,7,2,12,3
D R U UR BS UL L,2,12,42,7,2,10,3
D R UR BS L UL U,2,12,42,7,2,10,3
D R UR BS U UL L,2,12,42,7,2,10,3
D R UR L BS UL U,2,12,42,7,2,10,3
D R UR U BS UL L,2,12,42,7,2,8,2
D U BS R UR UL L,2,12,42,7,2,12,4
D U R BS UR UL L,2,12,42,7,2,14,4
D U R UR BS UL L,2,12,42,7,2,12,4
L BS D R UL UR U,2,12,42,7,2,12,3
L BS D R UR UL U,2,12,42,7,2,10,2
L BS D UL R UR U,2,12,42,7,2,12,3
L BS R D UL UR U,2,12,42,7,2,12,3
L BS R D UR UL U,2,12,42,7,2,12,3
L D BS R UL UR U,2,12,42,7,2,12,3
L D BS R UR UL U,2,12,42,7,2,10,2
L D BS UL R UR U,2,12,42,7,2,10,3
L D R BS UL UR U,2,12,42,7,2,10,2
L D R BS UR UL U,2,12,42,7,2,12,3
L D R UR BS UL U,2,12,42,7,2,10,3
L R BS D UL UR U,2,12,42,7,2,14,4
L R BS D UR UL U,2,12,42,7,2,14,4
L R D BS UL UR U,2,12,42,7,2,12,4
L R D BS UR UL U,2,12,42,7,2,14,4
L R D UR BS UL U,2,12,42,7,2,14,4
R BS D L UL UR U,2,12,42,7,2,10,2
R BS D L UR UL U,2,12,42,7,2,12,3
R BS D U UR UL L,2,12,42,7,2,12,4
R BS D UR L UL U,2,12,42,7,2,12,3
R BS D UR U UL L,2,12,42,7,2,10,3
R BS L D UL UR U,2,12,42,7,2,12,3
R BS L D UR UL U,2,12,42,7,2,12,3
R BS U D UR UL L,2,12,42,7,2,14,4
R D BS L UL UR U,2,12,42,7,2,10,2
R D BS L UR UL U,2,12,42,7,2,12,3
R D BS U UR UL L,2,12,42,7,2,10,2
R D BS UR L UL U,2,12,42,7,2,12,3
R D BS UR U UL L,2,12,42,7,2,10,3
R D L BS UL UR U,2,12,42,7,2,10,2
R D L BS UR UL U,2,12,42,7,2,12,3
R D L UR BS UL U,2,12,42,7,2,12,3
R D U BS UR UL L,2,12,42,7,2,14,4
R D U UR BS UL L,2,12,42,7,2,12,4
R D UR BS L UL U,2,12,42,7,2,12,3
R D UR BS U UL L,2,12,42,7,2,12,3
R D UR L BS UL U,2,12,42,7,2,12,3
R D UR U BS UL L,2,12,42,7,2,10,3
R L BS D UL UR U,2,12,42,7,2,14,4
R L BS D UR UL U,2,12,42,7,2,14,4
R L D BS UL UR U,2,12,42,7,2,12,4
R L D BS UR UL U,2,12,42,7,2,14,4
R L D UR BS UL U,2,12,42,7,2,14,4
R U BS D UR UL L,2,12,42,7,2,12,3
R U D BS UR UL L,2,12,42,7,2,14,4
R U D UR BS UL L,2,12,42,7,2,14,4
U BS D R UR UL L,2,12,42,7,2,10,2
U BS R D UR UL L,2,12,42,7,2,12,3
U D BS R UR UL L,2,12,42,7,2,12,4
U D R BS UR UL L,2,12,42,7,2,14,4
U D R UR BS UL L,2,12,42,7,2,12,4
U R BS D UR UL L,2,12,42,7,2,12,3
U R D BS UR UL L,2,12,42,7,2,12,3
U R D UR BS UL L,2,12,42,7,2,12,3
BS D L U UR R UL,2,9,43,8,2,11,3
BS D L U UR UL R,2,9,43,8,2,12,3
BS D U L UR R UL,2,9,43,8,2,15,4
BS D U L UR UL R,2,9,43,8,2,16,4
BS L D U UR R UL,2,9,43,8,2,13,4
BS L D U UR UL R,2,9,43,8,2,14,4
BS L U D UR R UL,2,9,43,8,2,15,4
BS L U D UR UL R,2,9,43,8,2,16,4
BS L U UR D R UL,2,9,43,8,2,13,3
BS L U UR D UL R,2,9,43,8,2,14,3
BS L U UR R D UL,2,9,43,8,2,11,3
BS L U UR R UL D,2,9,43,8,2,12,3
BS U D L UR R UL,2,9,43,8,2,15,4
BS U D L UR UL R,2,9,43,8,2,16,4
BS U L D UR R UL,2,9,43,8,2,13,3
BS U L D UR UL R,2,9,43,8,2,14,3
BS U L UR D R UL,2,9,43,8,2,15,3
BS U L UR D UL R,2,9,43,8,2,16,3
BS U L UR R D UL,2,9,43,8,2,13,3
BS U L UR R UL D,2,9,43,8,2,14,3
D BS L U UR R UL,2,9,43,8,2,11,3
D BS L U UR UL R,2,9,43,8,2,12,3
D BS U L UR R UL,2,9,43,8,2,13,3
D BS U L UR UL R,2,9,43,8,2,14,3
D L BS U UR R UL,2,9,43,8,2,11,3
D L BS U UR UL R,2,9,43,8,2,12,3
D L U BS UR R UL,2,9,43,8,2,13,3
D L U BS UR UL R,2,9,43,8,2,14,3
D L U UR BS R UL,2,9,43,8,2,13,3
D L U UR BS UL R,2,9,43,8,2,12,3
D L U UR R BS UL,2,9,43,8,2,9,2
D L U UR UL BS R,2,9,43,8,2,10,2
D U BS L UR R UL,2,9,43,8,2,15,4
D U BS L UR UL R,2,9,43,8,2,16,4
D U L BS UR R UL,2,9,43,8,2,15,4
D U L BS UR UL R,2,9,43,8,2,16,4
D U L UR BS R UL,2,9,43,8,2,17,4
D U L UR BS UL R,2,9,43,8,2,16,4
D U L UR R BS UL,2,9,43,8,2,13,4
D U L UR UL BS R,2,9,43,8,2,14,4
L BS D U UR R UL,2,9,43,8,2,13,4
L BS D U UR UL R,2,9,43,8,2,14,4
L BS U D UR R UL,2,9,43,8,2,15,4
L BS U D UR UL R,2,9,43,8,2,16,4
L BS U UR D R UL,2,9,43,8,2,13,3
L BS U UR D UL R,2,9,43,8,2,14,3
L BS U UR R D UL,2,9,43,8,2,11,3
L BS U UR R UL D,2,9,43,8,2,12,3
L D BS U UR R UL,2,9,43,8,2,11,3
L D BS U UR UL R,2,9,43,8,2,12,3
L D U BS UR R UL,2,9,43,8,2,15,4
L D U BS UR UL R,2,9,43,8,2,16,4
L D U UR BS R UL,2,9,43,8,2,15,4
L D U UR BS UL R,2,9,43,8,2,14,4
L D U UR R BS UL,2,9,43,8,2,11,4
L D U UR UL BS R,2,9,43,8,2,12,4
L U BS D UR R UL,2,9,43,8,2,13,3
L U BS D UR UL R,2,9,43,8,2,14,3
L U BS UR D R UL,2,9,43,8,2,15,3
L U BS UR D UL R,2,9,43,8,2,16,3
L U BS UR R D UL,2,9,43,8,2,13,3
L U BS UR R UL D,2,9,43,8,2,14,3
L U D BS UR R UL,2,9,43,8,2,15,4
L U D BS UR UL R,2,9,43,8,2,16,4
L U D UR BS R UL,2,9,43,8,2,17,4
L U D UR BS UL R,2,9,43,8,2,16,4
L U D UR R BS UL,2,9,43,8,2,13,4
L U D UR UL BS R,2,9,43,8,2,14,4
L U UR BS D R UL,2,9,43,8,2,13,3
L U UR BS D UL R,2,9,43,8,2,14,3
L U UR BS R D UL,2,9,43,8,2,13,3
L U UR BS R UL D,2,9,43,8,2,14,3
L U UR D BS R UL,2,9,43,8,2,13,3
L U UR D BS UL R,2,9,43,8,2,12,3
L U UR D R BS UL,2,9,43,8,2,11,3
L U UR D UL BS R,2,9,43,8,2,12,3
L U UR R BS D UL,2,9,43,8,2,11,3
L U UR R BS UL D,2,9,43,8,2,10,3
L U UR R D BS UL,2,9,43,8,2,9,2
L U UR R UL BS D,2,9,43,8,2,10,3
L U UR UL D BS R,2,9,43,8,2,12,3
L U UR UL R BS D,2,9,43,8,2,12,3
U BS D L UR R UL,2,9,43,8,2,13,3
U BS D L UR UL R,2,9,43,8,2,14,3
U BS L D UR R UL,2,9,43,8,2,13,3
U BS L D UR UL R,2,9,43,8,2,14,3
U BS L UR D R UL,2,9,43,8,2,15,3
U BS L UR D UL R,2,9,43,8,2,16,3
U BS L UR R D UL,2,9,43,8,2,13,3
U BS L UR R UL D,2,9,43,8,2,14,3
U D BS L UR R UL,2,9,43,8,2,15,4
U D BS L UR UL R,2,9,43,8,2,16,4
U D L BS UR R UL,2,9,43,8,2,15,4
U D L BS UR UL R,2,9,43,8,2,16,4
U D L UR BS R UL,2,9,43,8,2,17,4
U D L UR BS UL R,2,9,43,8,2,16,4
U D L UR R BS UL,2,9,43,8,2,13,4
U D L UR UL BS R,2,9,43,8,2,14,4
U L BS D UR R UL,2,9,43,8,2,13,3
U L BS D UR UL R,2,9,43,8,2,14,3
U L BS UR D R UL,2,9,43,8,2,15,3
U L BS UR D UL R,2,9,43,8,2,16,3
U L BS UR R D UL,2,9,43,8,2,13,3
U L BS UR R UL D,2,9,43,8,2,14,3
U L D BS UR R UL,2,9,43,8,2,13,3
U L D BS UR UL R,2,9,43,8,2,14,3
U L D UR BS R UL,2,9,43,8,2,15,3
U L D UR BS UL R,2,9,43,8,2,14,3
U L D UR R BS UL,2,9,43,8,2,11,3
U L D UR UL BS R,2,9,43,8,2,12,3
U L UR BS D R UL,2,9,43,8,2,15,3
U L UR BS D UL R,2,9,43,8,2,16,3
U L UR BS R D UL,2,9,43,8,2,15,3
U L UR BS R UL D,2,9,43,8,2,16,3
U L UR D BS R UL,2,9,43,8,2,15,3
U L UR D BS UL R,2,9,43,8,2,14,3
U L UR D R BS UL,2,9,43,8,2,13,3
U L UR D UL BS R,2,9,43,8,2,14,3
U L UR R BS D UL,2,9,43,8,2,13,3
U L UR R BS UL D,2,9,43,8,2,12,3
U L UR R D BS UL,2,9,43,8,2,11,3
U L UR R UL BS D,2,9,43,8,2,12,3
U L UR UL D BS R,2,9,43,8,2,14,3
U L UR UL R BS D,2,9,43,8,2,14,3
D L R U UL UR BS,2,12,43,8,2,14,4
D L U R UL UR BS,2,12,43,8,2,14,3
D R L U UL UR BS,2,12,43,8,2,14,4
D R U L UL UR BS,2,12,43,8,2,12,3
D U L R UL UR BS,2,12,43,8,2,18,4
D U R L UL UR BS,2,12,43,8,2,16,4
L D R U UL UR BS,2,12,43,8,2,12,3
L D U R UL UR BS,2,12,43,8,2,16,4
L R D U UL UR BS,2,12,43,8,2,16,4
L R U D UL UR BS,2,12,43,8,2,18,4
L R U UL D UR BS,2,12,43,8,2,16,4
L U D R UL UR BS,2,12,43,8,2,16,4
L U R D UL UR BS,2,12,43,8,2,14,3
L U R UL D UR BS,2,12,43,8,2,16,3
R D L U UL UR BS,2,12,43,8,2,12,3
R D U L UL UR BS,2,12,43,8,2,14,4
R L D U UL UR BS,2,12,43,8,2,16,4
R L U D UL UR BS,2,12,43,8,2,18,4
R L U UL D UR BS,2,12,43,8,2,16,4
R U D L UL UR BS,2,12,43,8,2,14,4
R U L D UL UR BS,2,12,43,8,2,14,3
R U L UL D UR BS,2,12,43,8,2,14,3
U D L R UL UR BS,2,12,43,8,2,18,4
U D R L UL UR BS,2,12,43,8,2,16,4
U L D R UL UR BS,2,12,43,8,2,14,3
U L R D UL UR BS,2,12,43,8,2,16,4
U L R UL D UR BS,2,12,43,8,2,18,4
U R D L UL UR BS,2,12,43,8,2,12,3
U R L D UL UR BS,2,12,43,8,2,16,4
U R L UL D UR BS,2,12,43,8,2,16,4
BS D L R UL U UR,2,12,44,8,2,13,4
BS D L R UR U UL,2,12,44,8,2,11,4
BS D L UL R U UR,2,12,44,8,2,11,3
BS D R L UL U UR,2,12,44,8,2,11,4
BS D R L UR U UL,2,12,44,8,2,13,4
BS D R U UR L UL,2,12,44,8,2,11,3
BS D R UR L U UL,2,12,44,8,2,11,3
BS D R UR U L UL,2,12,44,8,2,9,2
BS D U R UR L UL,2,12,44,8,2,13,4
BS L D R UL U UR,2,12,44,8,2,11,3
BS L D R UR U UL,2,12,44,8,2,9,2
BS L D UL R U UR,2,12,44,8,2,13,3
BS L R D UL U UR,2,12,44,8,2,13,4
BS L R D UR U UL,2,12,44,8,2,13,4
BS R D L UL U UR,2,12,44,8,2,9,2
BS R D L UR U UL,2,12,44,8,2,11,3
BS R D U UR L UL,2,12,44,8,2,13,4
BS R D UR L U UL,2,12,44,8,2,13,3
BS R D UR U L UL,2,12,44,8,2,11,3
BS R L D UL U UR,2,12,44,8,2,13,4
BS R L D UR U UL,2,12,44,8,2,13,4
BS R U D UR L UL,2,12,44,8,2,15,4
BS U D R UR L UL,2,12,44,8,2,13,4
BS U R D UR L UL,2,12,44,8,2,13,3
D BS L R UL U UR,2,12,44,8,2,13,4
D BS L R UR U UL,2,12,44,8,2,11,4
D BS L UL R U UR,2,12,44,8,2,11,3
D BS R L UL U UR,2,12,44,8,2,11,4
D BS R L UR U UL,2,12,44,8,2,13,4
D BS R U UR L UL,2,12,44,8,2,11,3
D BS R UR L U UL,2,12,44,8,2,11,3
D BS R UR U L UL,2,12,44,8,2,9,2
D BS U R UR L UL,2,12,44,8,2,11,3
D L BS R UL U UR,2,12,44,8,2,11,3
D L BS R UR U UL,2,12,44,8,2,9,2
D L BS UL R U UR,2,12,44,8,2,11,3
D L R BS UL U UR,2,12,44,8,2,11,4
D L R BS UR U UL,2,12,44,8,2,13,4
D L R UR BS U UL,2,12,44,8,2,13,4
D L R UR U BS UL,2,12,44,8,2,11,4
D R BS L UL U UR,2,12,44,8,2,9,2
D R BS L UR U UL,2,12,44,8,2,11,3
D R BS U UR L UL,2,12,44,8,2,11,3
D R BS UR L U UL,2,12,44,8,2,13,3
D R BS UR U L UL,2,12,44,8,2,11,3
D R L BS UL U UR,2,12,44,8,2,11,4
D R L BS UR U UL,2,12,44,8,2,13,4
D R L UR BS U UL,2,12,44,8,2,15,4
D R L UR U BS UL,2,12,44,8,2,13,4
D R U BS UR L UL,2,12,44,8,2,13,3
D R U UR BS L UL,2,12,44,8,2,11,3
D R U UR L BS UL,2,12,44,8,2,11,3
D R UR BS L U UL,2,12,44,8,2,11,3
D R UR BS U L UL,2,12,44,8,2,11,3
D R UR L BS U UL,2,12,44,8,2,11,3
D R UR L U BS UL,2,12,44,8,2,11,3
D R UR U BS L UL,2,12,44,8,2,9,2
D R UR U L BS UL,2,12,44,8,2,9,2
D U BS R UR L UL,2,12,44,8,2,13,4
D U R BS UR L UL,2,12,44,8,2,15,4
D U R UR BS L UL,2,12,44,8,2,13,4
D U R UR L BS UL,2,12,44,8,2,13,4
L BS D R UL U UR,2,12,44,8,2,11,3
L BS D R UR U UL,2,12,44,8,2,9,2
L BS D UL R U UR,2,12,44,8,2,13,3
L BS R D UL U UR,2,12,44,8,2,11,3
L BS R D UR U UL,2,12,44,8,2,11,3
L D BS R UL U UR,2,12,44,8,2,11,3
L D BS R UR U UL,2,12,44,8,2,9,2
L D BS UL R U UR,2,12,44,8,2,11,3
L D R BS UL U UR,2,12,44,8,2,9,2
L D R BS UR U UL,2,12,44,8,2,11,3
L D R UR BS U UL,2,12,44,8,2,11,3
L D R UR U BS UL,2,12,44,8,2,9,2
L R BS D UL U UR,2,12,44,8,2,13,4
L R BS D UR U UL,2,12,44,8,2,13,4
L R D BS UL U UR,2,12,44,8,2,11,4
L R D BS UR U UL,2,12,44,8,2,13,4
L R D UR BS U UL,2,12,44,8,2,15,4
L R D UR U BS UL,2,12,44,8,2,13,4
R BS D L UL U UR,2,12,44,8,2,9,2
R BS D L UR U UL,2,12,44,8,2,11,3
R BS D U UR L UL,2,12,44,8,2,13,4
R BS D UR L U UL,2,12,44,8,2,13,3
R BS D UR U L UL,2,12,44,8,2,11,3
R BS L D UL U UR,2,12,44,8,2,11,3
R BS L D UR U UL,2,12,44,8,2,11,3
R BS U D UR L UL,2,12,44,8,2,15,4
R D BS L UL U UR,2,12,44,8,2,9,2
R D BS L UR U UL,2,12,44,8,2,11,3
R D BS U UR L UL,2,12,44,8,2,11,3
R D BS UR L U UL,2,12,44,8,2,13,3
R D BS UR U L UL,2,12,44,8,2,11,3
R D L BS UL U UR,2,12,44,8,2,9,2
R D L BS UR U UL,2,12,44,8,2,11,3
R D L UR BS U UL,2,12,44,8,2,13,3
R D L UR U BS UL,2,12,44,8,2,11,3
R D U BS UR L UL,2,12,44,8,2,15,4
R D U UR BS L UL,2,12,44,8,2,13,4
R D U UR L BS UL,2,12,44,8,2,13,4
R D UR BS L U UL,2,12,44,8,2,13,3
R D UR BS U L UL,2,12,44,8,2,13,3
R D UR L BS U UL,2,12,44,8,2,13,3
R D UR L U BS UL,2,12,44,8,2,13,3
R D UR U BS L UL,2,12,44,8,2,11,3
R D UR U L BS UL,2,12,44,8,2,11,3
R L BS D UL U UR,2,12,44,8,2,13,4
R L BS D UR U UL,2,12,44,8,2,13,4
R L D BS UL U UR,2,12,44,8,2,11,4
R L D BS UR U UL,2,12,44,8,2,13,4
R L D UR BS U UL,2,12,44,8,2,15,4
R L D UR U BS UL,2,12,44,8,2,13,4
R U BS D UR L UL,2,12,44,8,2,13,3
R U D BS UR L UL,2,12,44,8,2,15,4
R U D UR BS L UL,2,12,44,8,2,15,4
R U D UR L BS UL,2,12,44,8,2,15,4
U BS D R UR L UL,2,12,44,8,2,11,3
U BS R D UR L UL,2,12,44,8,2,13,3
U D BS R UR L UL,2,12,44,8,2,13,4
U D R BS UR L UL,2,12,44,8,2,15,4
U D R UR BS L UL,2,12,44,8,2,13,4
U D R UR L BS UL,2,12,44,8,2,13,4
U R BS D UR L UL,2,12,44,8,2,13,3
U R D BS UR L UL,2,12,44,8,2,13,3
U R D UR BS L UL,2,12,44,8,2,13,3
U R D UR L BS UL,2,12,44,8,2,13,3
BS L U UL D UR R,2,11,45,7,2,12,3
BS L U UL UR D R,2,11,45,7,2,12,3
BS L U UL UR R D,2,11,45,7,2,10,2
BS L UL D U UR R,2,11,45,7,2,12,4
BS L UL U D UR R,2,11,45,7,2,12,4
BS L UL U UR D R,2,11,45,7,2,10,3
BS L UL U UR R D,2,11,45,7,2,8,2
BS U L UL D UR R,2,11,45,7,2,12,3
BS U L UL UR D R,2,11,45,7,2,12,3
BS U L UL UR R D,2,11,45,7,2,10,2
L BS U UL D UR R,2,11,45,7,2,12,3
L BS U UL UR D R,2,11,45,7,2,12,3
L BS U UL UR R D,2,11,45,7,2,10,2
L BS UL D U UR R,2,11,45,7,2,12,4
L BS UL U D UR R,2,11,45,7,2,12,4
L BS UL U UR D R,2,11,45,7,2,10,3
L BS UL U UR R D,2,11,45,7,2,8,2
L U BS UL D UR R,2,11,45,7,2,12,3
L U BS UL UR D R,2,11,45,7,2,12,3
L U BS UL UR R D,2,11,45,7,2,10,2
L U UL BS D UR R,2,11,45,7,2,10,3
L U UL BS UR D R,2,11,45,7,2,12,3
L U UL BS UR R D,2,11,45,7,2,10,3
L U UL UR BS D R,2,11,45,7,2,12,3
L U UL UR BS R D,2,11,45,7,2,12,3
L UL BS D U UR R,2,11,45,7,2,10,4
L UL BS U D UR R,2,11,45,7,2,12,4
L UL BS U UR D R,2,11,45,7,2,10,3
L UL BS U UR R D,2,11,45,7,2,8,2
L UL U BS D UR R,2,11,45,7,2,10,3
L UL U BS UR D R,2,11,45,7,2,12,3
L UL U BS UR R D,2,11,45,7,2,10,3
L UL U UR BS D R,2,11,45,7,2,10,3
L UL U UR BS R D,2,11,45,7,2,10,3
U BS L UL D UR R,2,11,45,7,2,12,3
U BS L UL UR D R,2,11,45,7,2,12,3
U BS L UL UR R D,2,11,45,7,2,10,2
U L BS UL D UR R,2,11,45,7,2,12,3
U L BS UL UR D R,2,11,45,7,2,12,3
U L BS UL UR R D,2,11,45,7,2,10,2
U L UL BS D UR R,2,11,45,7,2,10,3
U L UL BS UR D R,2,11,45,7,2,12,3
U L UL BS UR R D,2,11,45,7,2,10,3
U L UL UR BS D R,2,11,45,7,2,12,3
U L UL UR BS R D,2,11,45,7,2,12,3
BS D L UL UR R U,2,11,46,7,2,10,2
BS D L UL UR U R,2,11,46,7,2,10,2
BS D L UR R UL U,2,11,46,7,2,12,3
BS D L UR UL R U,2,11,46,7,2,14,3
BS D L UR UL U R,2,11,46,7,2,12,3
BS D U UL L UR R,2,11,46,7,2,12,4
BS D U UR R UL L,2,11,46,7,2,12,4
BS D UL L U UR R,2,11,46,7,2,10,3
BS D UL U L UR R,2,11,46,7,2,12,3
BS D UR L R UL U,2,11,46,7,2,16,4
BS D UR L UL R U,2,11,46,7,2,14,3
BS D UR L UL U R,2,11,46,7,2,12,3
BS D UR R L UL U,2,11,46,7,2,12,4
BS D UR R U UL L,2,11,46,7,2,10,3
BS D UR U R UL L,2,11,46,7,2,12,3
BS L D UL UR R U,2,11,46,7,2,12,3
BS L D UL UR U R,2,11,46,7,2,12,3
BS L D UR R UL U,2,11,46,7,2,12,3
BS L D UR UL R U,2,11,46,7,2,14,3
BS L D UR UL U R,2,11,46,7,2,12,3
BS L UR D R UL U,2,11,46,7,2,14,3
BS L UR D UL R U,2,11,46,7,2,16,3
BS L UR D UL U R,2,11,46,7,2,14,3
BS L UR R D UL U,2,11,46,7,2,12,3
BS L UR U UL D R,2,11,46,7,2,12,3
BS L UR U UL R D,2,11,46,7,2,12,3
BS U D UL L UR R,2,11,46,7,2,14,4
BS U D UR R UL L,2,11,46,7,2,14,4
BS U UL D L UR R,2,11,46,7,2,12,3
BS U UL L D UR R,2,11,46,7,2,10,3
BS U UL L UR D R,2,11,46,7,2,12,3
BS U UL L UR R D,2,11,46,7,2,10,3
BS U UL R UR D L,2,11,46,7,2,12,3
BS U UL R UR L D,2,11,46,7,2,12,3
BS U UR D R UL L,2,11,46,7,2,12,3
BS U UR L UL D R,2,11,46,7,2,12,3
BS U UR L UL R D,2,11,46,7,2,12,3
BS U UR R D UL L,2,11,46,7,2,10,3
BS U UR R UL D L,2,11,46,7,2,12,3
BS U UR R UL L D,2,11,46,7,2,10,3
BS UL D L U UR R,2,11,46,7,2,10,3
BS UL D U L UR R,2,11,46,7,2,14,4
BS UL L D U UR R,2,11,46,7,2,10,4
BS UL L U D UR R,2,11,46,7,2,12,4
BS UL L U UR D R,2,11,46,7,2,10,3
BS UL L U UR R D,2,11,46,7,2,8,2
BS UL U D L UR R,2,11,46,7,2,12,4
BS UL U L D UR R,2,11,46,7,2,10,3
BS UL U L UR D R,2,11,46,7,2,12,3
BS UL U L UR R D,2,11,46,7,2,10,3
BS UL U R UR D L,2,11,46,7,2,10,3
BS UL U R UR L D,2,11,46,7,2,10,3
BS UR D L R UL U,2,11,46,7,2,16,4
BS UR D L UL R U,2,11,46,7,2,14,3
BS UR D L UL U R,2,11,46,7,2,12,3
BS UR D R L UL U,2,11,46,7,2,14,4
BS UR D R U UL L,2,11,46,7,2,12,3
BS UR D U R UL L,2,11,46,7,2,16,4
BS UR L D R UL U,2,11,46,7,2,14,3
BS UR L D UL R U,2,11,46,7,2,16,3
BS UR L D UL U R,2,11,46,7,2,14,3
BS UR L R D UL U,2,11,46,7,2,16,4
BS UR L U UL D R,2,11,46,7,2,14,3
BS UR L U UL R D,2,11,46,7,2,14,3
BS UR R D L UL U,2,11,46,7,2,10,3
BS UR R D U UL L,2,11,46,7,2,12,4
BS UR R L D UL U,2,11,46,7,2,14,4
BS UR R U D UL L,2,11,46,7,2,14,4
BS UR R U UL D L,2,11,46,7,2,12,3
BS UR R U UL L D,2,11,46,7,2,10,3
BS UR U D R UL L,2,11,46,7,2,14,4
BS UR U L UL D R,2,11,46,7,2,12,3
BS UR U L UL R D,2,11,46,7,2,12,3
BS UR U R D UL L,2,11,46,7,2,12,3
BS UR U R UL D L,2,11,46,7,2,14,3
BS UR U R UL L D,2,11,46,7,2,12,3
D BS L UL UR R U,2,11,46,7,2,10,2
D BS L UL UR U R,2,11,46,7,2,10,2
D BS L UR R UL U,2,11,46,7,2,12,3
D BS L UR UL R U,2,11,46,7,2,14,3
D BS L UR UL U R,2,11,46,7,2,12,3
D BS U UL L UR R,2,11,46,7,2,10,3
D BS U UR R UL L,2,11,46,7,2,10,3
D BS UL L U UR R,2,11,46,7,2,8,2
D BS UL U L UR R,2,11,46,7,2,10,3
D BS UR L R UL U,2,11,46,7,2,16,4
D BS UR L UL R U,2,11,46,7,2,14,3
D BS UR L UL U R,2,11,46,7,2,12,3
D BS UR R L UL U,2,11,46,7,2,12,4
D BS UR R U UL L,2,11,46,7,2,10,3
D BS UR U R UL L,2,11,46,7,2,12,3
D L BS UL UR R U,2,11,46,7,2,10,2
D L BS UL UR U R,2,11,46,7,2,10,2
D L BS UR R UL U,2,11,46,7,2,12,3
D L BS UR UL R U,2,11,46,7,2,14,3
D L BS UR UL U R,2,11,46,7,2,12,3
D L UR BS R UL U,2,11,46,7,2,14,3
D L UR BS UL R U,2,11,46,7,2,14,3
D L UR BS UL U R,2,11,46,7,2,12,3
D L UR R BS UL U,2,11,46,7,2,10,3
D U BS UL L UR R,2,11,46,7,2,12,4
D U BS UR R UL L,2,11,46,7,2,14,4
D U UL BS L UR R,2,11,46,7,2,12,4
D U UR BS R UL L,2,11,46,7,2,14,4
D U UR R BS UL L,2,11,46,7,2,10,4
D UL BS L U UR R,2,11,46,7,2,10,3
D UL BS U L UR R,2,11,46,7,2,12,3
D UL U BS L UR R,2,11,46,7,2,12,3
D UR BS L R UL U,2,11,46,7,2,16,4
D UR BS L UL R U,2,11,46,7,2,14,3
D UR BS L UL U R,2,11,46,7,2,12,3
D UR BS R L UL U,2,11,46,7,2,14,4
D UR BS R U UL L,2,11,46,7,2,12,3
D UR BS U R UL L,2,11,46,7,2,14,3
D UR L BS R UL U,2,11,46,7,2,14,3
D UR L BS UL R U,2,11,46,7,2,14,3
D UR L BS UL U R,2,11,46,7,2,12,3
D UR L R BS UL U,2,11,46,7,2,14,4
D UR R BS L UL U,2,11,46,7,2,10,3
D UR R BS U UL L,2,11,46,7,2,10,3
D UR R L BS UL U,2,11,46,7,2,12,4
D UR R U BS UL L,2,11,46,7,2,10,3
D UR U BS R UL L,2,11,46,7,2,12,3
D UR U R BS UL L,2,11,46,7,2,10,3
L BS D UL UR R U,2,11,46,7,2,12,3
L BS D UL UR U R,2,11,46,7,2,12,3
L BS D UR R UL U,2,11,46,7,2,12,3
L BS D UR UL R U,2,11,46,7,2,14,3
L BS D UR UL U R,2,11,46,7,2,12,3
L BS UR D R UL U,2,11,46,7,2,14,3
L BS UR D UL R U,2,11,46,7,2,16,3
L BS UR D UL U R,2,11,46,7,2,14,3
L BS UR R D UL U,2,11,46,7,2,12,3
L BS UR U UL D R,2,11,46,7,2,12,3
L BS UR U UL R D,2,11,46,7,2,12,3
L D BS UL UR R U,2,11,46,7,2,10,2
L D BS UL UR U R,2,11,46,7,2,10,2
L D BS UR R UL U,2,11,46,7,2,12,3
L D BS UR UL R U,2,11,46,7,2,14,3
L D BS UR UL U R,2,11,46,7,2,12,3
L D UR BS R UL U,2,11,46,7,2,14,3
L D UR BS UL R U,2,11,46,7,2,14,3
L D UR BS UL U R,2,11,46,7,2,12,3
L D UR R BS UL U,2,11,46,7,2,10,3
L UR BS D R UL U,2,11,46,7,2,14,3
L UR BS D UL R U,2,11,46,7,2,16,3
L UR BS D UL U R,2,11,46,7,2,14,3
L UR BS R D UL U,2,11,46,7,2,14,3
L UR BS U UL D R,2,11,46,7,2,14,3
L UR BS U UL R D,2,11,46,7,2,14,3
L UR D BS R UL U,2,11,46,7,2,14,3
L UR D BS UL R U,2,11,46,7,2,14,3
L UR D BS UL U R,2,11,46,7,2,12,3
L UR D R BS UL U,2,11,46,7,2,12,3
L UR R BS D UL U,2,11,46,7,2,12,3
L UR R D BS UL U,2,11,46,7,2,10,3
L UR U BS UL D R,2,11,46,7,2,12,3
L UR U BS UL R D,2,11,46,7,2,12,3
L UR U UL BS D R,2,11,46,7,2,10,3
L UR U UL BS R D,2,11,46,7,2,10,3
U BS D UL L UR R,2,11,46,7,2,12,3
U BS D UR R UL L,2,11,46,7,2,12,3
U BS UL D L UR R,2,11,46,7,2,12,3
U BS UL L D UR R,2,11,46,7,2,10,3
U BS UL L UR D R,2,11,46,7,2,12,3
U BS UL L UR R D,2,11,46,7,2,10,3
U BS UL R UR D L,2,11,46,7,2,12,3
U BS UL R UR L D,2,11,46,7,2,12,3
U BS UR D R UL L,2,11,46,7,2,14,3
U BS UR L UL D R,2,11,46,7,2,14,3
U BS UR L UL R D,2,11,46,7,2,14,3
U BS UR R D UL L,2,11,46,7,2,12,3
U BS UR R UL D L,2,11,46,7,2,14,3
U BS UR R UL L D,2,11,46,7,2,12,3
U D BS UL L UR R,2,11,46,7,2,12,4
U D BS UR R UL L,2,11,46,7,2,14,4
U D UL BS L UR R,2,11,46,7,2,14,4
U D UR BS R UL L,2,11,46,7,2,16,4
U D UR R BS UL L,2,11,46,7,2,12,4
U UL BS D L UR R,2,11,46,7,2,10,3
U UL BS L D UR R,2,11,46,7,2,10,3
U UL BS L UR D R,2,11,46,7,2,12,3
U UL BS L UR R D,2,11,46,7,2,10,3
U UL BS R UR D L,2,11,46,7,2,10,3
U UL BS R UR L D,2,11,46,7,2,10,3
U UL D BS L UR R,2,11,46,7,2,12,3
U UL L BS D UR R,2,11,46,7,2,10,3
U UL L BS UR D R,2,11,46,7,2,12,3
U UL L BS UR R D,2,11,46,7,2,10,3
U UL L UR BS D R,2,11,46,7,2,12,3
U UL L UR BS R D,2,11,46,7,2,12,3
U UL R BS UR D L,2,11,46,7,2,14,3
U UL R BS UR L D,2,11,46,7,2,14,3
U UR BS D R UL L,2,11,46,7,2,12,3
U UR BS L UL D R,2,11,46,7,2,12,3
U UR BS L UL R D,2,11,46,7,2,12,3
U UR BS R D UL L,2,11,46,7,2,12,3
U UR BS R UL D L,2,11,46,7,2,14,3
U UR BS R UL L D,2,11,46,7,2,12,3
U UR D BS R UL L,2,11,46,7,2,12,3
U UR D R BS UL L,2,11,46,7,2,10,3
U UR L BS UL D R,2,11,46,7,2,12,3
U UR L BS UL R D,2,11,46,7,2,12,3
U UR L UL BS D R,2,11,46,7,2,10,3
U UR L UL BS R D,2,11,46,7,2,10,3
U UR R BS D UL L,2,11,46,7,2,10,3
U UR R BS UL D L,2,11,46,7,2,10,3
U UR R BS UL L D,2,11,46,7,2,8,2
U UR R D BS UL L,2,11,46,7,2,8,2
UL BS D L U UR R,2,11,46,7,2,9,2
UL BS D U L UR R,2,11,46,7,2,13,4
UL BS L D U UR R,2,11,46,7,2,11,4
UL BS L U D UR R,2,11,46,7,2,13,4
UL BS L U UR D R,2,11,46,7,2,11,3
UL BS L U UR R D,2,11,46,7,2,9,2
UL BS U D L UR R,2,11,46,7,2,13,4
UL BS U L D UR R,2,11,46,7,2,11,3
UL BS U L UR D R,2,11,46,7,2,13,3
UL BS U L UR R D,2,11,46,7,2,11,3
UL BS U R UR D L,2,11,46,7,2,11,3
UL BS U R UR L D,2,11,46,7,2,11,3
UL D BS L U UR R,2,11,46,7,2,11,3
UL D BS U L UR R,2,11,46,7,2,13,3
UL D U BS L UR R,2,11,46,7,2,15,4
UL L BS D U UR R,2,11,46,7,2,11,4
UL L BS U D UR R,2,11,46,7,2,13,4
UL L BS U UR D R,2,11,46,7,2,11,3
UL L BS U UR R D,2,11,46,7,2,9,2
UL L U BS D UR R,2,11,46,7,2,11,3
UL L U BS UR D R,2,11,46,7,2,13,3
UL L U BS UR R D,2,11,46,7,2,11,3
UL L U UR BS D R,2,11,46,7,2,11,3
UL L U UR BS R D,2,11,46,7,2,11,3
UL U BS D L UR R,2,11,46,7,2,11,3
UL U BS L D UR R,2,11,46,7,2,11,3
UL U BS L UR D R,2,11,46,7,2,13,3
UL U BS L UR R D,2,11,46,7,2,11,3
UL U BS R UR D L,2,11,46,7,2,11,3
UL U BS R UR L D,2,11,46,7,2,11,3
UL U D BS L UR R,2,11,46,7,2,13,4
UL U L BS D UR R,2,11,46,7,2,11,3
UL U L BS UR D R,2,11,46,7,2,13,3
UL U L BS UR R D,2,11,46,7,2,11,3
UL U L UR BS D R,2,11,46,7,2,13,3
UL U L UR BS R D,2,11,46,7,2,13,3
UL U R BS UR D L,2,11,46,7,2,13,3
UL U R BS UR L D,2,11,46,7,2,13,3
UR BS D L R UL U,2,11,46,7,2,15,4
UR BS D L UL R U,2,11,46,7,2,13,3
UR BS D L UL U R,2,11,46,7,2,11,3
UR BS D R L UL U,2,11,46,7,2,13,4
UR BS D R U UL L,2,11,46,7,2,11,3
UR BS D U R UL L,2,11,46,7,2,15,4
UR BS L D R UL U,2,11,46,7,2,13,3
UR BS L D UL R U,2,11,46,7,2,15,3
UR BS L D UL U R,2,11,46,7,2,13,3
UR BS L R D UL U,2,11,46,7,2,15,4
UR BS L U UL D R,2,11,46,7,2,13,3
UR BS L U UL R D,2,11,46,7,2,13,3
UR BS R D L UL U,2,11,46,7,2,11,3
UR BS R D U UL L,2,11,46,7,2,13,4
UR BS R L D UL U,2,11,46,7,2,15,4
UR BS R U D UL L,2,11,46,7,2,15,4
UR BS R U UL D L,2,11,46,7,2,13,3
UR BS R U UL L D,2,11,46,7,2,11,3
UR BS U D R UL L,2,11,46,7,2,15,4
UR BS U L UL D R,2,11,46,7,2,13,3
UR BS U L UL R D,2,11,46,7,2,13,3
UR BS U R D UL L,2,11,46,7,2,13,3
UR BS U R UL D L,2,11,46,7,2,15,3
UR BS U R UL L D,2,11,46,7,2,13,3
UR D BS L R UL U,2,11,46,7,2,15,4
UR D BS L UL R U,2,11,46,7,2,13,3
UR D BS L UL U R,2,11,46,7,2,11,3
UR D BS R L UL U,2,11,46,7,2,13,4
UR D BS R U UL L,2,11,46,7,2,11,3
UR D BS U R UL L,2,11,46,7,2,13,3
UR D L BS R UL U,2,11,46,7,2,13,3
UR D L BS UL R U,2,11,46,7,2,13,3
UR D L BS UL U R,2,11,46,7,2,11,3
UR D L R BS UL U,2,11,46,7,2,13,4
UR D R BS L UL U,2,11,46,7,2,11,3
UR D R BS U UL L,2,11,46,7,2,11,3
UR D R L BS UL U,2,11,46,7,2,13,4
UR D R U BS UL L,2,11,46,7,2,11,3
UR D U BS R UL L,2,11,46,7,2,15,4
UR D U R BS UL L,2,11,46,7,2,13,4
UR L BS D R UL U,2,11,46,7,2,13,3
UR L BS D UL R U,2,11,46,7,2,15,3
UR L BS D UL U R,2,11,46,7,2,13,3
UR L BS R D UL U,2,11,46,7,2,13,3
UR L BS U UL D R,2,11,46,7,2,13,3
UR L BS U UL R D,2,11,46,7,2,13,3
UR L D BS R UL U,2,11,46,7,2,13,3
UR L D BS UL R U,2,11,46,7,2,13,3
UR L D BS UL U R,2,11,46,7,2,11,3
UR L D R BS UL U,2,11,46,7,2,11,3
UR L R BS D UL U,2,11,46,7,2,15,4
UR L R D BS UL U,2,11,46,7,2,13,4
UR L U BS UL D R,2,11,46,7,2,13,3
UR L U BS UL R D,2,11,46,7,2,13,3
UR L U UL BS D R,2,11,46,7,2,11,3
UR L U UL BS R D,2,11,46,7,2,11,3
UR R BS D L UL U,2,11,46,7,2,9,2
UR R BS D U UL L,2,11,46,7,2,11,4
UR R BS L D UL U,2,11,46,7,2,11,3
UR R BS U D UL L,2,11,46,7,2,13,4
UR R BS U UL D L,2,11,46,7,2,11,3
UR R BS U UL L D,2,11,46,7,2,9,2
UR R D BS L UL U,2,11,46,7,2,9,2
UR R D BS U UL L,2,11,46,7,2,9,2
UR R D L BS UL U,2,11,46,7,2,9,2
UR R D U BS UL L,2,11,46,7,2,11,4
UR R L BS D UL U,2,11,46,7,2,13,4
UR R L D BS UL U,2,11,46,7,2,11,4
UR R U BS D UL L,2,11,46,7,2,11,3
UR R U BS UL D L,2,11,46,7,2,11,3
UR R U BS UL L D,2,11,46,7,2,9,2
UR R U D BS UL L,2,11,46,7,2,11,4
UR U BS D R UL L,2,11,46,7,2,11,3
UR U BS L UL D R,2,11,46,7,2,11,3
UR U BS L UL R D,2,11,46,7,2,11,3
UR U BS R D UL L,2,11,46,7,2,11,3
UR U BS R UL D L,2,11,46,7,2,13,3
UR U BS R UL L D,2,11,46,7,2,11,3
UR U D BS R UL L,2,11,46,7,2,13,4
UR U D R BS UL L,2,11,46,7,2,11,4
UR U L BS UL D R,2,11,46,7,2,11,3
UR U L BS UL R D,2,11,46,7,2,11,3
UR U L UL BS D R,2,11,46,7,2,9,2
UR U L UL BS R D,2,11,46,7,2,9,2
UR U R BS D UL L,2,11,46,7,2,11,3
UR U R BS UL D L,2,11,46,7,2,11,3
UR U R BS UL L D,2,11,46,7,2,9,2
UR U R D BS UL L,2,11,46,7,2,9,2
BS L R UR D UL U,2,12,47,7,2,14,4
BS R L UR D UL U,2,12,47,7,2,16,4
BS R U UR D UL L,2,12,47,7,2,12,3
BS R U UR UL D L,2,12,47,7,2,12,3
BS R U UR UL L D,2,12,47,7,2,10,2
BS R UR D L UL U,2,12,47,7,2,10,3
BS R UR D U UL L,2,12,47,7,2,12,4
BS R UR L D UL U,2,12,47,7,2,12,3
BS R UR U D UL L,2,12,47,7,2,12,4
BS R UR U UL D L,2,12,47,7,2,10,3
BS R UR U UL L D,2,12,47,7,2,8,2
BS U R UR D UL L,2,12,47,7,2,12,3
BS U R UR UL D L,2,12,47,7,2,12,3
BS U R UR UL L D,2,12,47,7,2,10,2
L BS R UR D UL U,2,12,47,7,2,12,3
L R BS UR D UL U,2,12,47,7,2,16,4
L R UR BS D UL U,2,12,47,7,2,14,4
L R UR D BS UL U,2,12,47,7,2,12,4
R BS L UR D UL U,2,12,47,7,2,14,3
R BS U UR D UL L,2,12,47,7,2,12,3
R BS U UR UL D L,2,12,47,7,2,12,3
R BS U UR UL L D,2,12,47,7,2,10,2
R BS UR D L UL U,2,12,47,7,2,12,3
R BS UR D U UL L,2,12,47,7,2,14,4
R BS UR L D UL U,2,12,47,7,2,14,3
R BS UR U D UL L,2,12,47,7,2,14,4
R BS UR U UL D L,2,12,47,7,2,12,3
R BS UR U UL L D,2,12,47,7,2,10,3
R L BS UR D UL U,2,12,47,7,2,16,4
R L UR BS D UL U,2,12,47,7,2,16,4
R L UR D BS UL U,2,12,47,7,2,14,4
R U BS UR D UL L,2,12,47,7,2,14,3
R U BS UR UL D L,2,12,47,7,2,14,3
R U BS UR UL L D,2,12,47,7,2,12,3
R U UR BS D UL L,2,12,47,7,2,12,3
R U UR BS UL D L,2,12,47,7,2,12,3
R U UR BS UL L D,2,12,47,7,2,10,3
R U UR D BS UL L,2,12,47,7,2,10,3
R UR BS D L UL U,2,12,47,7,2,10,3
R UR BS D U UL L,2,12,47,7,2,12,4
R UR BS L D UL U,2,12,47,7,2,12,3
R UR BS U D UL L,2,12,47,7,2,14,4
R UR BS U UL D L,2,12,47,7,2,12,3
R UR BS U UL L D,2,12,47,7,2,10,3
R UR D BS L UL U,2,12,47,7,2,10,3
R UR D BS U UL L,2,12,47,7,2,10,3
R UR D L BS UL U,2,12,47,7,2,10,3
R UR D U BS UL L,2,12,47,7,2,12,4
R UR L BS D UL U,2,12,47,7,2,12,3
R UR L D BS UL U,2,12,47,7,2,10,3
R UR U BS D UL L,2,12,47,7,2,10,3
R UR U BS UL D L,2,12,47,7,2,10,3
R UR U BS UL L D,2,12,47,7,2,8,2
R UR U D BS UL L,2,12,47,7,2,10,4
U BS R UR D UL L,2,12,47,7,2,12,3
U BS R UR UL D L,2,12,47,7,2,12,3
U BS R UR UL L D,2,12,47,7,2,10,2
U R BS UR D UL L,2,12,47,7,2,14,3
U R BS UR UL D L,2,12,47,7,2,14,3
U R BS UR UL L D,2,12,47,7,2,12,3
U R UR BS D UL L,2,12,47,7,2,12,3
U R UR BS UL D L,2,12,47,7,2,12,3
U R UR BS UL L D,2,12,47,7,2,10,3
U R UR D BS UL L,2,12,47,7,2,10,3
BS L U UL D R UR,2,11,47,8,2,11,3
BS L U UL R D UR,2,11,47,8,2,13,3
BS L U UL R UR D,2,11,47,8,2,12,3
BS L UL D U R UR,2,11,47,8,2,13,4
BS L UL U D R UR,2,11,47,8,2,11,4
BS L UL U R D UR,2,11,47,8,2,11,3
BS L UL U R UR D,2,11,47,8,2,10,3
BS U L UL D R UR,2,11,47,8,2,11,3
BS U L UL R D UR,2,11,47,8,2,13,3
BS U L UL R UR D,2,11,47,8,2,12,3
D L U UL BS UR R,2,11,47,8,2,10,3
D L U UL UR BS R,2,11,47,8,2,12,3
D L UL BS U UR R,2,11,47,8,2,8,2
D L UL U BS UR R,2,11,47,8,2,10,3
D L UL U UR BS R,2,11,47,8,2,10,3
D U L UL BS UR R,2,11,47,8,2,12,4
D U L UL UR BS R,2,11,47,8,2,14,4
L BS U UL D R UR,2,11,47,8,2,11,3
L BS U UL R D UR,2,11,47,8,2,13,3
L BS U UL R UR D,2,11,47,8,2,12,3
L BS UL D U R UR,2,11,47,8,2,13,4
L BS UL U D R UR,2,11,47,8,2,11,4
L BS UL U R D UR,2,11,47,8,2,11,3
L BS UL U R UR D,2,11,47,8,2,10,3
L D U UL BS UR R,2,11,47,8,2,12,4
L D U UL UR BS R,2,11,47,8,2,14,4
L D UL BS U UR R,2,11,47,8,2,10,3
L D UL U BS UR R,2,11,47,8,2,12,3
L D UL U UR BS R,2,11,47,8,2,12,3
L U BS UL D R UR,2,11,47,8,2,11,3
L U BS UL R D UR,2,11,47,8,2,13,3
L U BS UL R UR D,2,11,47,8,2,12,3
L U D UL BS UR R,2,11,47,8,2,14,4
L U D UL UR BS R,2,11,47,8,2,16,4
L U UL BS D R UR,2,11,47,8,2,9,2
L U UL BS R D UR,2,11,47,8,2,11,3
L U UL BS R UR D,2,11,47,8,2,10,3
L U UL D BS UR R,2,11,47,8,2,12,3
L U UL D UR BS R,2,11,47,8,2,14,3
L U UL R BS D UR,2,11,47,8,2,13,3
L U UL R BS UR D,2,11,47,8,2,14,3
L U UL R UR BS D,2,11,47,8,2,12,3
L U UL UR D BS R,2,11,47,8,2,12,3
L U UL UR R BS D,2,11,47,8,2,10,2
L UL BS D U R UR,2,11,47,8,2,11,4
L UL BS U D R UR,2,11,47,8,2,11,4
L UL BS U R D UR,2,11,47,8,2,11,3
L UL BS U R UR D,2,11,47,8,2,10,3
L UL D BS U UR R,2,11,47,8,2,10,3
L UL D U BS UR R,2,11,47,8,2,14,4
L UL D U UR BS R,2,11,47,8,2,14,4
L UL U BS D R UR,2,11,47,8,2,9,2
L UL U BS R D UR,2,11,47,8,2,11,3
L UL U BS R UR D,2,11,47,8,2,10,3
L UL U D BS UR R,2,11,47,8,2,12,4
L UL U D UR BS R,2,11,47,8,2,14,4
L UL U R BS D UR,2,11,47,8,2,11,3
L UL U R BS UR D,2,11,47,8,2,12,3
L UL U R UR BS D,2,11,47,8,2,10,3
L UL U UR D BS R,2,11,47,8,2,10,3
L UL U UR R BS D,2,11,47,8,2,8,2
U BS L UL D R UR,2,11,47,8,2,11,3
U BS L UL R D UR,2,11,47,8,2,13,3
U BS L UL R UR D,2,11,47,8,2,12,3
U D L UL BS UR R,2,11,47,8,2,12,4
U D L UL UR BS R,2,11,47,8,2,14,4
U L BS UL D R UR,2,11,47,8,2,11,3
U L BS UL R D UR,2,11,47,8,2,13,3
U L BS UL R UR D,2,11,47,8,2,12,3
U L D UL BS UR R,2,11,47,8,2,12,3
U L D UL UR BS R,2,11,47,8,2,14,3
U L UL BS D R UR,2,11,47,8,2,9,2
U L UL BS R D UR,2,11,47,8,2,11,3
U L UL BS R UR D,2,11,47,8,2,10,3
U L UL D BS UR R,2,11,47,8,2,12,3
U L UL D UR BS R,2,11,47,8,2,14,3
U L UL R BS D UR,2,11,47,8,2,13,3
U L UL R BS UR D,2,11,47,8,2,14,3
U L UL R UR BS D,2,11,47,8,2,12,3
U L UL UR D BS R,2,11,47,8,2,12,3
U L UL UR R BS D,2,11,47,8,2,10,2
BS D L UR R U UL,2,11,48,8,2,11,3
BS D L UR U R UL,2,11,48,8,2,13,3
BS D L UR U UL R,2,11,48,8,2,12,3
BS D U UL L R UR,2,11,48,8,2,13,4
BS D U UL R L UR,2,11,48,8,2,17,4
BS D U UL R UR L,2,11,48,8,2,14,4
BS D U UR L R UL,2,11,48,8,2,17,4
BS D U UR L UL R,2,11,48,8,2,14,4
BS D U UR R L UL,2,11,48,8,2,13,4
BS D UL L U R UR,2,11,48,8,2,11,3
BS D UL U L R UR,2,11,48,8,2,13,4
BS D UL U R L UR,2,11,48,8,2,15,4
BS D UL U R UR L,2,11,48,8,2,12,3
BS D UR L R U UL,2,11,48,8,2,15,4
BS D UR L U R UL,2,11,48,8,2,15,3
BS D UR L U UL R,2,11,48,8,2,14,3
BS D UR R L U UL,2,11,48,8,2,13,4
BS D UR R U L UL,2,11,48,8,2,11,3
BS D UR U L R UL,2,11,48,8,2,15,4
BS D UR U L UL R,2,11,48,8,2,12,3
BS D UR U R L UL,2,11,48,8,2,13,4
BS L D UR R U UL,2,11,48,8,2,11,3
BS L D UR U R UL,2,11,48,8,2,13,3
BS L D UR U UL R,2,11,48,8,2,12,3
BS L UR D R U UL,2,11,48,8,2,13,3
BS L UR D U R UL,2,11,48,8,2,17,4
BS L UR D U UL R,2,11,48,8,2,16,4
BS L UR R D U UL,2,11,48,8,2,13,4
BS L UR R U D UL,2,11,48,8,2,15,4
BS L UR R U UL D,2,11,48,8,2,12,3
BS L UR U D R UL,2,11,48,8,2,15,4
BS L UR U D UL R,2,11,48,8,2,16,4
BS L UR U R D UL,2,11,48,8,2,13,3
BS L UR U R UL D,2,11,48,8,2,14,3
BS U D UL L R UR,2,11,48,8,2,15,4
BS U D UL R L UR,2,11,48,8,2,19,4
BS U D UL R UR L,2,11,48,8,2,16,4
BS U D UR L R UL,2,11,48,8,2,19,4
BS U D UR L UL R,2,11,48,8,2,16,4
BS U D UR R L UL,2,11,48,8,2,15,4
BS U UL D L R UR,2,11,48,8,2,13,4
BS U UL D R L UR,2,11,48,8,2,15,4
BS U UL D R UR L,2,11,48,8,2,12,3
BS U UL L D R UR,2,11,48,8,2,9,2
BS U UL L R D UR,2,11,48,8,2,13,4
BS U UL L R UR D,2,11,48,8,2,12,4
BS U UL R D L UR,2,11,48,8,2,13,3
BS U UL R D UR L,2,11,48,8,2,14,3
BS U UL R L D UR,2,11,48,8,2,15,4
BS U UL R L UR D,2,11,48,8,2,16,4
BS U UR D L R UL,2,11,48,8,2,15,4
BS U UR D L UL R,2,11,48,8,2,12,3
BS U UR D R L UL,2,11,48,8,2,13,4
BS U UR L D R UL,2,11,48,8,2,13,3
BS U UR L D UL R,2,11,48,8,2,14,3
BS U UR L R D UL,2,11,48,8,2,15,4
BS U UR L R UL D,2,11,48,8,2,16,4
BS U UR R D L UL,2,11,48,8,2,9,2
BS U UR R L D UL,2,11,48,8,2,13,4
BS U UR R L UL D,2,11,48,8,2,12,4
BS UL D L U R UR,2,11,48,8,2,11,3
BS UL D U L R UR,2,11,48,8,2,15,4
BS UL D U R L UR,2,11,48,8,2,17,4
BS UL D U R UR L,2,11,48,8,2,14,4
BS UL L D U R UR,2,11,48,8,2,11,4
BS UL L U D R UR,2,11,48,8,2,11,4
BS UL L U R D UR,2,11,48,8,2,11,3
BS UL L U R UR D,2,11,48,8,2,10,3
BS UL U D L R UR,2,11,48,8,2,13,4
BS UL U D R L UR,2,11,48,8,2,15,4
BS UL U D R UR L,2,11,48,8,2,12,4
BS UL U L D R UR,2,11,48,8,2,9,2
BS UL U L R D UR,2,11,48,8,2,13,4
BS UL U L R UR D,2,11,48,8,2,12,4
BS UL U R D L UR,2,11,48,8,2,11,3
BS UL U R D UR L,2,11,48,8,2,12,3
BS UL U R L D UR,2,11,48,8,2,13,4
BS UL U R L UR D,2,11,48,8,2,14,4
BS UR D L R U UL,2,11,48,8,2,15,4
BS UR D L U R UL,2,11,48,8,2,15,3
BS UR D L U UL R,2,11,48,8,2,14,3
BS UR D R L U UL,2,11,48,8,2,15,4
BS UR D R U L UL,2,11,48,8,2,13,3
BS UR D U L R UL,2,11,48,8,2,19,4
BS UR D U L UL R,2,11,48,8,2,16,4
BS UR D U R L UL,2,11,48,8,2,17,4
BS UR L D R U UL,2,11,48,8,2,13,3
BS UR L D U R UL,2,11,48,8,2,17,4
BS UR L D U UL R,2,11,48,8,2,16,4
BS UR L R D U UL,2,11,48,8,2,17,4
BS UR L R U D UL,2,11,48,8,2,19,4
BS UR L R U UL D,2,11,48,8,2,16,4
BS UR L U D R UL,2,11,48,8,2,17,4
BS UR L U D UL R,2,11,48,8,2,18,4
BS UR L U R D UL,2,11,48,8,2,15,3
BS UR L U R UL D,2,11,48,8,2,16,3
BS UR R D L U UL,2,11,48,8,2,11,3
BS UR R D U L UL,2,11,48,8,2,13,4
BS UR R L D U UL,2,11,48,8,2,15,4
BS UR R L U D UL,2,11,48,8,2,17,4
BS UR R L U UL D,2,11,48,8,2,14,4
BS UR R U D L UL,2,11,48,8,2,13,4
BS UR R U L D UL,2,11,48,8,2,13,3
BS UR R U L UL D,2,11,48,8,2,12,3
BS UR U D L R UL,2,11,48,8,2,17,4
BS UR U D L UL R,2,11,48,8,2,14,4
BS UR U D R L UL,2,11,48,8,2,15,4
BS UR U L D R UL,2,11,48,8,2,13,3
BS UR U L D UL R,2,11,48,8,2,14,3
BS UR U L R D UL,2,11,48,8,2,15,4
BS UR U L R UL D,2,11,48,8,2,16,4
BS UR U R D L UL,2,11,48,8,2,11,3
BS UR U R L D UL,2,11,48,8,2,15,4
BS UR U R L UL D,2,11,48,8,2,14,4
D BS L UR R U UL,2,11,48,8,2,11,3
D BS L UR U R UL,2,11,48,8,2,13,3
D BS L UR U UL R,2,11,48,8,2,12,3
D BS U UL L R UR,2,11,48,8,2,11,4
D BS U UL R L UR,2,11,48,8,2,15,4
D BS U UL R UR L,2,11,48,8,2,12,3
D BS U UR L R UL,2,11,48,8,2,15,4
D BS U UR L UL R,2,11,48,8,2,12,3
D BS U UR R L UL,2,11,48,8,2,11,4
D BS UL L U R UR,2,11,48,8,2,9,2
D BS UL U L R UR,2,11,48,8,2,11,4
D BS UL U R L UR,2,11,48,8,2,13,4
D BS UL U R UR L,2,11,48,8,2,10,3
D BS UR L R U UL,2,11,48,8,2,15,4
D BS UR L U R UL,2,11,48,8,2,15,3
D BS UR L U UL R,2,11,48,8,2,14,3
D BS UR R L U UL,2,11,48,8,2,13,4
D BS UR R U L UL,2,11,48,8,2,11,3
D BS UR U L R UL,2,11,48,8,2,15,4
D BS UR U L UL R,2,11,48,8,2,12,3
D BS UR U R L UL,2,11,48,8,2,13,4
D L BS UR R U UL,2,11,48,8,2,11,3
D L BS UR U R UL,2,11,48,8,2,13,3
D L BS UR U UL R,2,11,48,8,2,12,3
D L UR BS R U UL,2,11,48,8,2,13,3
D L UR BS U R UL,2,11,48,8,2,15,3
D L UR BS U UL R,2,11,48,8,2,14,3
D L UR R BS U UL,2,11,48,8,2,11,3
D L UR R U BS UL,2,11,48,8,2,11,3
D L UR U BS R UL,2,11,48,8,2,13,3
D L UR U BS UL R,2,11,48,8,2,12,3
D L UR U R BS UL,2,11,48,8,2,11,3
D L UR U UL BS R,2,11,48,8,2,10,3
D U BS UL L R UR,2,11,48,8,2,13,4
D U BS UL R L UR,2,11,48,8,2,17,4
D U BS UL R UR L,2,11,48,8,2,14,4
D U BS UR L R UL,2,11,48,8,2,19,4
D U BS UR L UL R,2,11,48,8,2,16,4
D U BS UR R L UL,2,11,48,8,2,15,4
D U UL BS L R UR,2,11,48,8,2,13,4
D U UL BS R L UR,2,11,48,8,2,15,4
D U UL BS R UR L,2,11,48,8,2,12,4
D U UL L BS UR R,2,11,48,8,2,12,4
D U UL L UR BS R,2,11,48,8,2,14,4
D U UL R BS L UR,2,11,48,8,2,15,4
D U UL R BS UR L,2,11,48,8,2,16,4
D U UL R UR BS L,2,11,48,8,2,14,4
D U UR BS L R UL,2,11,48,8,2,17,4
D U UR BS L UL R,2,11,48,8,2,14,4
D U UR BS R L UL,2,11,48,8,2,15,4
D U UR L BS R UL,2,11,48,8,2,15,4
D U UR L BS UL R,2,11,48,8,2,14,4
D U UR L R BS UL,2,11,48,8,2,15,4
D U UR L UL BS R,2,11,48,8,2,12,4
D U UR R BS L UL,2,11,48,8,2,11,4
D U UR R L BS UL,2,11,48,8,2,13,4
D UL BS L U R UR,2,11,48,8,2,11,3
D UL BS U L R UR,2,11,48,8,2,13,4
D UL BS U R L UR,2,11,48,8,2,15,4
D UL BS U R UR L,2,11,48,8,2,12,3
D UL L BS U UR R,2,11,48,8,2,10,3
D UL L U BS UR R,2,11,48,8,2,12,3
D UL L U UR BS R,2,11,48,8,2,12,3
D UL U BS L R UR,2,11,48,8,2,13,4
D UL U BS R L UR,2,11,48,8,2,15,4
D UL U BS R UR L,2,11,48,8,2,12,3
D UL U L BS UR R,2,11,48,8,2,12,3
D UL U L UR BS R,2,11,48,8,2,14,3
D UL U R BS L UR,2,11,48,8,2,13,3
D UL U R BS UR L,2,11,48,8,2,14,3
D UL U R UR BS L,2,11,48,8,2,12,3
D UR BS L R U UL,2,11,48,8,2,15,4
D UR BS L U R UL,2,11,48,8,2,15,3
D UR BS L U UL R,2,11,48,8,2,14,3
D UR BS R L U UL,2,11,48,8,2,15,4
D UR BS R U L UL,2,11,48,8,2,13,3
D UR BS U L R UL,2,11,48,8,2,17,4
D UR BS U L UL R,2,11,48,8,2,14,3
D UR BS U R L UL,2,11,48,8,2,15,4
D UR L BS R U UL,2,11,48,8,2,13,3
D UR L BS U R UL,2,11,48,8,2,15,3
D UR L BS U UL R,2,11,48,8,2,14,3
D UR L R BS U UL,2,11,48,8,2,15,4
D UR L R U BS UL,2,11,48,8,2,15,4
D UR L U BS R UL,2,11,48,8,2,15,3
D UR L U BS UL R,2,11,48,8,2,14,3
D UR L U R BS UL,2,11,48,8,2,13,3
D UR L U UL BS R,2,11,48,8,2,12,3
D UR R BS L U UL,2,11,48,8,2,11,3
D UR R BS U L UL,2,11,48,8,2,11,3
D UR R L BS U UL,2,11,48,8,2,13,4
D UR R L U BS UL,2,11,48,8,2,13,4
D UR R U BS L UL,2,11,48,8,2,11,3
D UR R U L BS UL,2,11,48,8,2,11,3
D UR U BS L R UL,2,11,48,8,2,15,4
D UR U BS L UL R,2,11,48,8,2,12,3
D UR U BS R L UL,2,11,48,8,2,13,4
D UR U L BS R UL,2,11,48,8,2,13,3
D UR U L BS UL R,2,11,48,8,2,12,3
D UR U L R BS UL,2,11,48,8,2,13,4
D UR U L UL BS R,2,11,48,8,2,10,3
D UR U R BS L UL,2,11,48,8,2,11,3
D UR U R L BS UL,2,11,48,8,2,13,4
L BS D UR R U UL,2,11,48,8,2,11,3
L BS D UR U R UL,2,11,48,8,2,13,3
L BS D UR U UL R,2,11,48,8,2,12,3
L BS UR D R U UL,2,11,48,8,2,13,3
L BS UR D U R UL,2,11,48,8,2,17,4
L BS UR D U UL R,2,11,48,8,2,16,4
L BS UR R D U UL,2,11,48,8,2,13,4
L BS UR R U D UL,2,11,48,8,2,15,4
L BS UR R U UL D,2,11,48,8,2,12,3
L BS UR U D R UL,2,11,48,8,2,15,4
L BS UR U D UL R,2,11,48,8,2,16,4
L BS UR U R D UL,2,11,48,8,2,13,3
L BS UR U R UL D,2,11,48,8,2,14,3
L D BS UR R U UL,2,11,48,8,2,11,3
L D BS UR U R UL,2,11,48,8,2,13,3
L D BS UR U UL R,2,11,48,8,2,12,3
L D UR BS R U UL,2,11,48,8,2,13,3
L D UR BS U R UL,2,11,48,8,2,15,3
L D UR BS U UL R,2,11,48,8,2,14,3
L D UR R BS U UL,2,11,48,8,2,11,3
L D UR R U BS UL,2,11,48,8,2,11,3
L D UR U BS R UL,2,11,48,8,2,13,3
L D UR U BS UL R,2,11,48,8,2,12,3
L D UR U R BS UL,2,11,48,8,2,11,3
L D UR U UL BS R,2,11,48,8,2,10,3
L UR BS D R U UL,2,11,48,8,2,13,3
L UR BS D U R UL,2,11,48,8,2,17,4
L UR BS D U UL R,2,11,48,8,2,16,4
L UR BS R D U UL,2,11,48,8,2,15,4
L UR BS R U D UL,2,11,48,8,2,17,4
L UR BS R U UL D,2,11,48,8,2,14,3
L UR BS U D R UL,2,11,48,8,2,17,4
L UR BS U D UL R,2,11,48,8,2,18,4
L UR BS U R D UL,2,11,48,8,2,15,3
L UR BS U R UL D,2,11,48,8,2,16,3
L UR D BS R U UL,2,11,48,8,2,13,3
L UR D BS U R UL,2,11,48,8,2,15,3
L UR D BS U UL R,2,11,48,8,2,14,3
L UR D R BS U UL,2,11,48,8,2,13,3
L UR D R U BS UL,2,11,48,8,2,13,3
L UR D U BS R UL,2,11,48,8,2,17,4
L UR D U BS UL R,2,11,48,8,2,16,4
L UR D U R BS UL,2,11,48,8,2,15,4
L UR D U UL BS R,2,11,48,8,2,14,4
L UR R BS D U UL,2,11,48,8,2,13,4
L UR R BS U D UL,2,11,48,8,2,15,4
L UR R BS U UL D,2,11,48,8,2,12,3
L UR R D BS U UL,2,11,48,8,2,11,3
L UR R D U BS UL,2,11,48,8,2,13,4
L UR R U BS D UL,2,11,48,8,2,13,3
L UR R U BS UL D,2,11,48,8,2,12,3
L UR R U D BS UL,2,11,48,8,2,13,4
L UR R U UL BS D,2,11,48,8,2,10,3
L UR U BS D R UL,2,11,48,8,2,13,3
L UR U BS D UL R,2,11,48,8,2,14,3
L UR U BS R D UL,2,11,48,8,2,13,3
L UR U BS R UL D,2,11,48,8,2,14,3
L UR U D BS R UL,2,11,48,8,2,15,4
L UR U D BS UL R,2,11,48,8,2,14,4
L UR U D R BS UL,2,11,48,8,2,13,4
L UR U D UL BS R,2,11,48,8,2,14,4
L UR U R BS D UL,2,11,48,8,2,13,3
L UR U R BS UL D,2,11,48,8,2,12,3
L UR U R D BS UL,2,11,48,8,2,11,3
L UR U R UL BS D,2,11,48,8,2,12,3
L UR U UL D BS R,2,11,48,8,2,12,3
L UR U UL R BS D,2,11,48,8,2,12,3
U BS D UL L R UR,2,11,48,8,2,13,4
U BS D UL R L UR,2,11,48,8,2,17,4
U BS D UL R UR L,2,11,48,8,2,14,3
U BS D UR L R UL,2,11,48,8,2,17,4
U BS D UR L UL R,2,11,48,8,2,14,3
U BS D UR R L UL,2,11,48,8,2,13,4
U BS UL D L R UR,2,11,48,8,2,13,4
U BS UL D R L UR,2,11,48,8,2,15,4
U BS UL D R UR L,2,11,48,8,2,12,3
U BS UL L D R UR,2,11,48,8,2,9,2
U BS UL L R D UR,2,11,48,8,2,13,4
U BS UL L R UR D,2,11,48,8,2,12,4
U BS UL R D L UR,2,11,48,8,2,13,3
U BS UL R D UR L,2,11,48,8,2,14,3
U BS UL R L D UR,2,11,48,8,2,15,4
U BS UL R L UR D,2,11,48,8,2,16,4
U BS UR D L R UL,2,11,48,8,2,17,4
U BS UR D L UL R,2,11,48,8,2,14,3
U BS UR D R L UL,2,11,48,8,2,15,4
U BS UR L D R UL,2,11,48,8,2,15,3
U BS UR L D UL R,2,11,48,8,2,16,3
U BS UR L R D UL,2,11,48,8,2,17,4
U BS UR L R UL D,2,11,48,8,2,18,4
U BS UR R D L UL,2,11,48,8,2,11,3
U BS UR R L D UL,2,11,48,8,2,15,4
U BS UR R L UL D,2,11,48,8,2,14,4
U D BS UL L R UR,2,11,48,8,2,13,4
U D BS UL R L UR,2,11,48,8,2,17,4
U D BS UL R UR L,2,11,48,8,2,14,4
U D BS UR L R UL,2,11,48,8,2,19,4
U D BS UR L UL R,2,11,48,8,2,16,4
U D BS UR R L UL,2,11,48,8,2,15,4
U D UL BS L R UR,2,11,48,8,2,15,4
U D UL BS R L UR,2,11,48,8,2,17,4
U D UL BS R UR L,2,11,48,8,2,14,4
U D UL L BS UR R,2,11,48,8,2,14,4
U D UL L UR BS R,2,11,48,8,2,16,4
U D UL R BS L UR,2,11,48,8,2,17,4
U D UL R BS UR L,2,11,48,8,2,18,4
U D UL R UR BS L,2,11,48,8,2,16,4
U D UR BS L R UL,2,11,48,8,2,19,4
U D UR BS L UL R,2,11,48,8,2,16,4
U D UR BS R L UL,2,11,48,8,2,17,4
U D UR L BS R UL,2,11,48,8,2,17,4
U D UR L BS UL R,2,11,48,8,2,16,4
U D UR L R BS UL,2,11,48,8,2,17,4
U D UR L UL BS R,2,11,48,8,2,14,4
U D UR R BS L UL,2,11,48,8,2,13,4
U D UR R L BS UL,2,11,48,8,2,15,4
U UL BS D L R UR,2,11,48,8,2,11,4
U UL BS D R L UR,2,11,48,8,2,13,4
U UL BS D R UR L,2,11,48,8,2,10,3
U UL BS L D R UR,2,11,48,8,2,9,2
U UL BS L R D UR,2,11,48,8,2,13,4
U UL BS L R UR D,2,11,48,8,2,12,4
U UL BS R D L UR,2,11,48,8,2,11,3
U UL BS R D UR L,2,11,48,8,2,12,3
U UL BS R L D UR,2,11,48,8,2,13,4
U UL BS R L UR D,2,11,48,8,2,14,4
U UL D BS L R UR,2,11,48,8,2,13,4
U UL D BS R L UR,2,11,48,8,2,15,4
U UL D BS R UR L,2,11,48,8,2,12,3
U UL D L BS UR R,2,11,48,8,2,12,3
U UL D L UR BS R,2,11,48,8,2,14,3
U UL D R BS L UR,2,11,48,8,2,13,3
U UL D R BS UR L,2,11,48,8,2,14,3
U UL D R UR BS L,2,11,48,8,2,12,3
U UL L BS D R UR,2,11,48,8,2,9,2
U UL L BS R D UR,2,11,48,8,2,11,3
U UL L BS R UR D,2,11,48,8,2,10,3
U UL L D BS UR R,2,11,48,8,2,10,3
U UL L D UR BS R,2,11,48,8,2,12,3
U UL L R BS D UR,2,11,48,8,2,13,4
U UL L R BS UR D,2,11,48,8,2,14,4
U UL L R UR BS D,2,11,48,8,2,12,4
U UL L UR D BS R,2,11,48,8,2,12,3
U UL L UR R BS D,2,11,48,8,2,10,3
U UL R BS D L UR,2,11,48,8,2,13,3
U UL R BS D UR L,2,11,48,8,2,14,3
U UL R BS L D UR,2,11,48,8,2,13,3
U UL R BS L UR D,2,11,48,8,2,14,3
U UL R D BS L UR,2,11,48,8,2,13,3
U UL R D BS UR L,2,11,48,8,2,14,3
U UL R D UR BS L,2,11,48,8,2,14,3
U UL R L BS D UR,2,11,48,8,2,15,4
U UL R L BS UR D,2,11,48,8,2,16,4
U UL R L UR BS D,2,11,48,8,2,16,4
U UR BS D L R UL,2,11,48,8,2,15,4
U UR BS D L UL R,2,11,48,8,2,12,3
U UR BS D R L UL,2,11,48,8,2,13,4
U UR BS L D R UL,2,11,48,8,2,13,3
U UR BS L D UL R,2,11,48,8,2,14,3
U UR BS L R D UL,2,11,48,8,2,15,4
U UR BS L R UL D,2,11,48,8,2,16,4
U UR BS R D L UL,2,11,48,8,2,11,3
U UR BS R L D UL,2,11,48,8,2,15,4
U UR BS R L UL D,2,11,48,8,2,14,4
U UR D BS L R UL,2,11,48,8,2,15,4
U UR D BS L UL R,2,11,48,8,2,12,3
U UR D BS R L UL,2,11,48,8,2,13,4
U UR D L BS R UL,2,11,48,8,2,13,3
U UR D L BS UL R,2,11,48,8,2,12,3
U UR D L R BS UL,2,11,48,8,2,13,4
U UR D L UL BS R,2,11,48,8,2,10,3
U UR D R BS L UL,2,11,48,8,2,11,3
U UR D R L BS UL,2,11,48,8,2,13,4
U UR L BS D R UL,2,11,48,8,2,13,3
U UR L BS D UL R,2,11,48,8,2,14,3
U UR L BS R D UL,2,11,48,8,2,13,3
U UR L BS R UL D,2,11,48,8,2,14,3
U UR L D BS R UL,2,11,48,8,2,13,3
U UR L D BS UL R,2,11,48,8,2,12,3
U UR L D R BS UL,2,11,48,8,2,11,3
U UR L D UL BS R,2,11,48,8,2,12,3
U UR L R BS D UL,2,11,48,8,2,15,4
U UR L R BS UL D,2,11,48,8,2,14,4
U UR L R D BS UL,2,11,48,8,2,13,4
U UR L R UL BS D,2,11,48,8,2,14,4
U UR L UL D BS R,2,11,48,8,2,12,3
U UR L UL R BS D,2,11,48,8,2,12,3
U UR R BS D L UL,2,11,48,8,2,9,2
U UR R BS L D UL,2,11,48,8,2,11,3
U UR R BS L UL D,2,11,48,8,2,10,3
U UR R D BS L UL,2,11,48,8,2,9,2
U UR R D L BS UL,2,11,48,8,2,9,2
U UR R L BS D UL,2,11,48,8,2,13,4
U UR R L BS UL D,2,11,48,8,2,12,4
U UR R L D BS UL,2,11,48,8,2,11,4
U UR R L UL BS D,2,11,48,8,2,10,4
UL BS D L U R UR,2,11,48,8,2,10,2
UL BS D U L R UR,2,11,48,8,2,14,4
UL BS D U R L UR,2,11,48,8,2,16,4
UL BS D U R UR L,2,11,48,8,2,13,4
UL BS L D U R UR,2,11,48,8,2,12,4
UL BS L U D R UR,2,11,48,8,2,12,4
UL BS L U R D UR,2,11,48,8,2,12,3
UL BS L U R UR D,2,11,48,8,2,11,3
UL BS U D L R UR,2,11,48,8,2,14,4
UL BS U D R L UR,2,11,48,8,2,16,4
UL BS U D R UR L,2,11,48,8,2,13,4
UL BS U L D R UR,2,11,48,8,2,10,2
UL BS U L R D UR,2,11,48,8,2,14,4
UL BS U L R UR D,2,11,48,8,2,13,4
UL BS U R D L UR,2,11,48,8,2,12,3
UL BS U R D UR L,2,11,48,8,2,13,3
UL BS U R L D UR,2,11,48,8,2,14,4
UL BS U R L UR D,2,11,48,8,2,15,4
UL D BS L U R UR,2,11,48,8,2,12,3
UL D BS U L R UR,2,11,48,8,2,14,4
UL D BS U R L UR,2,11,48,8,2,16,4
UL D BS U R UR L,2,11,48,8,2,13,3
UL D L BS U UR R,2,11,48,8,2,11,3
UL D L U BS UR R,2,11,48,8,2,13,3
UL D L U UR BS R,2,11,48,8,2,13,3
UL D U BS L R UR,2,11,48,8,2,16,4
UL D U BS R L UR,2,11,48,8,2,18,4
UL D U BS R UR L,2,11,48,8,2,15,4
UL D U L BS UR R,2,11,48,8,2,15,4
UL D U L UR BS R,2,11,48,8,2,17,4
UL D U R BS L UR,2,11,48,8,2,16,4
UL D U R BS UR L,2,11,48,8,2,17,4
UL D U R UR BS L,2,11,48,8,2,15,4
UL L BS D U R UR,2,11,48,8,2,12,4
UL L BS U D R UR,2,11,48,8,2,12,4
UL L BS U R D UR,2,11,48,8,2,12,3
UL L BS U R UR D,2,11,48,8,2,11,3
UL L D BS U UR R,2,11,48,8,2,9,2
UL L D U BS UR R,2,11,48,8,2,13,4
UL L D U UR BS R,2,11,48,8,2,13,4
UL L U BS D R UR,2,11,48,8,2,10,2
UL L U BS R D UR,2,11,48,8,2,12,3
UL L U BS R UR D,2,11,48,8,2,11,3
UL L U D BS UR R,2,11,48,8,2,13,4
UL L U D UR BS R,2,11,48,8,2,15,4
UL L U R BS D UR,2,11,48,8,2,12,3
UL L U R BS UR D,2,11,48,8,2,13,3
UL L U R UR BS D,2,11,48,8,2,11,3
UL L U UR D BS R,2,11,48,8,2,11,3
UL L U UR R BS D,2,11,48,8,2,9,2
UL U BS D L R UR,2,11,48,8,2,12,4
UL U BS D R L UR,2,11,48,8,2,14,4
UL U BS D R UR L,2,11,48,8,2,11,3
UL U BS L D R UR,2,11,48,8,2,10,2
UL U BS L R D UR,2,11,48,8,2,14,4
UL U BS L R UR D,2,11,48,8,2,13,4
UL U BS R D L UR,2,11,48,8,2,12,3
UL U BS R D UR L,2,11,48,8,2,13,3
UL U BS R L D UR,2,11,48,8,2,14,4
UL U BS R L UR D,2,11,48,8,2,15,4
UL U D BS L R UR,2,11,48,8,2,14,4
UL U D BS R L UR,2,11,48,8,2,16,4
UL U D BS R UR L,2,11,48,8,2,13,4
UL U D L BS UR R,2,11,48,8,2,13,4
UL U D L UR BS R,2,11,48,8,2,15,4
UL U D R BS L UR,2,11,48,8,2,14,4
UL U D R BS UR L,2,11,48,8,2,15,4
UL U D R UR BS L,2,11,48,8,2,13,4
UL U L BS D R UR,2,11,48,8,2,10,2
UL U L BS R D UR,2,11,48,8,2,12,3
UL U L BS R UR D,2,11,48,8,2,11,3
UL U L D BS UR R,2,11,48,8,2,11,3
UL U L D UR BS R,2,11,48,8,2,13,3
UL U L R BS D UR,2,11,48,8,2,14,4
UL U L R BS UR D,2,11,48,8,2,15,4
UL U L R UR BS D,2,11,48,8,2,13,4
UL U L UR D BS R,2,11,48,8,2,13,3
UL U L UR R BS D,2,11,48,8,2,11,3
UL U R BS D L UR,2,11,48,8,2,12,3
UL U R BS D UR L,2,11,48,8,2,13,3
UL U R BS L D UR,2,11,48,8,2,12,3
UL U R BS L UR D,2,11,48,8,2,13,3
UL U R D BS L UR,2,11,48,8,2,12,3
UL U R D BS UR L,2,11,48,8,2,13,3
UL U R D UR BS L,2,11,48,8,2,13,3
UL U R L BS D UR,2,11,48,8,2,14,4
UL U R L BS UR D,2,11,48,8,2,15,4
UL U R L UR BS D,2,11,48,8,2,15,4
UR BS D L R U UL,2,11,48,8,2,14,4
UR BS D L U R UL,2,11,48,8,2,14,3
UR BS D L U UL R,2,11,48,8,2,13,3
UR BS D R L U UL,2,11,48,8,2,14,4
UR BS D R U L UL,2,11,48,8,2,12,3
UR BS D U L R UL,2,11,48,8,2,18,4
UR BS D U L UL R,2,11,48,8,2,15,4
UR BS D U R L UL,2,11,48,8,2,16,4
UR BS L D R U UL,2,11,48,8,2,12,3
UR BS L D U R UL,2,11,48,8,2,16,4
UR BS L D U UL R,2,11,48,8,2,15,4
UR BS L R D U UL,2,11,48,8,2,16,4
UR BS L R U D UL,2,11,48,8,2,18,4
UR BS L R U UL D,2,11,48,8,2,15,4
UR BS L U D R UL,2,11,48,8,2,16,4
UR BS L U D UL R,2,11,48,8,2,17,4
UR BS L U R D UL,2,11,48,8,2,14,3
UR BS L U R UL D,2,11,48,8,2,15,3
UR BS R D L U UL,2,11,48,8,2,12,3
UR BS R D U L UL,2,11,48,8,2,14,4
UR BS R L D U UL,2,11,48,8,2,16,4
UR BS R L U D UL,2,11,48,8,2,18,4
UR BS R L U UL D,2,11,48,8,2,15,4
UR BS R U D L UL,2,11,48,8,2,14,4
UR BS R U L D UL,2,11,48,8,2,14,3
UR BS R U L UL D,2,11,48,8,2,13,3
UR BS U D L R UL,2,11,48,8,2,18,4
UR BS U D L UL R,2,11,48,8,2,15,4
UR BS U D R L UL,2,11,48,8,2,16,4
UR BS U L D R UL,2,11,48,8,2,14,3
UR BS U L D UL R,2,11,48,8,2,15,3
UR BS U L R D UL,2,11,48,8,2,16,4
UR BS U L R UL D,2,11,48,8,2,17,4
UR BS U R D L UL,2,11,48,8,2,12,3
UR BS U R L D UL,2,11,48,8,2,16,4
UR BS U R L UL D,2,11,48,8,2,15,4
UR D BS L R U UL,2,11,48,8,2,14,4
UR D BS L U R UL,2,11,48,8,2,14,3
UR D BS L U UL R,2,11,48,8,2,13,3
UR D BS R L U UL,2,11,48,8,2,14,4
UR D BS R U L UL,2,11,48,8,2,12,3
UR D BS U L R UL,2,11,48,8,2,16,4
UR D BS U L UL R,2,11,48,8,2,13,3
UR D BS U R L UL,2,11,48,8,2,14,4
UR D L BS R U UL,2,11,48,8,2,12,3
UR D L BS U R UL,2,11,48,8,2,14,3
UR D L BS U UL R,2,11,48,8,2,13,3
UR D L R BS U UL,2,11,48,8,2,14,4
UR D L R U BS UL,2,11,48,8,2,14,4
UR D L U BS R UL,2,11,48,8,2,14,3
UR D L U BS UL R,2,11,48,8,2,13,3
UR D L U R BS UL,2,11,48,8,2,12,3
UR D L U UL BS R,2,11,48,8,2,11,3
UR D R BS L U UL,2,11,48,8,2,12,3
UR D R BS U L UL,2,11,48,8,2,12,3
UR D R L BS U UL,2,11,48,8,2,14,4
UR D R L U BS UL,2,11,48,8,2,14,4
UR D R U BS L UL,2,11,48,8,2,12,3
UR D R U L BS UL,2,11,48,8,2,12,3
UR D U BS L R UL,2,11,48,8,2,18,4
UR D U BS L UL R,2,11,48,8,2,15,4
UR D U BS R L UL,2,11,48,8,2,16,4
UR D U L BS R UL,2,11,48,8,2,16,4
UR D U L BS UL R,2,11,48,8,2,15,4
UR D U L R BS UL,2,11,48,8,2,16,4
UR D U L UL BS R,2,11,48,8,2,13,4
UR D U R BS L UL,2,11,48,8,2,14,4
UR D U R L BS UL,2,11,48,8,2,16,4
UR L BS D R U UL,2,11,48,8,2,12,3
UR L BS D U R UL,2,11,48,8,2,16,4
UR L BS D U UL R,2,11,48,8,2,15,4
UR L BS R D U UL,2,11,48,8,2,14,4
UR L BS R U D UL,2,11,48,8,2,16,4
UR L BS R U UL D,2,11,48,8,2,13,3
UR L BS U D R UL,2,11,48,8,2,16,4
UR L BS U D UL R,2,11,48,8,2,17,4
UR L BS U R D UL,2,11,48,8,2,14,3
UR L BS U R UL D,2,11,48,8,2,15,3
UR L D BS R U UL,2,11,48,8,2,12,3
UR L D BS U R UL,2,11,48,8,2,14,3
UR L D BS U UL R,2,11,48,8,2,13,3
UR L D R BS U UL,2,11,48,8,2,12,3
UR L D R U BS UL,2,11,48,8,2,12,3
UR L D U BS R UL,2,11,48,8,2,16,4
UR L D U BS UL R,2,11,48,8,2,15,4
UR L D U R BS UL,2,11,48,8,2,14,4
UR L D U UL BS R,2,11,48,8,2,13,4
UR L R BS D U UL,2,11,48,8,2,16,4
UR L R BS U D UL,2,11,48,8,2,18,4
UR L R BS U UL D,2,11,48,8,2,15,4
UR L R D BS U UL,2,11,48,8,2,14,4
UR L R D U BS UL,2,11,48,8,2,16,4
UR L R U BS D UL,2,11,48,8,2,16,4
UR L R U BS UL D,2,11,48,8,2,15,4
UR L R U D BS UL,2,11,48,8,2,16,4
UR L R U UL BS D,2,11,48,8,2,13,4
UR L U BS D R UL,2,11,48,8,2,14,3
UR L U BS D UL R,2,11,48,8,2,15,3
UR L U BS R D UL,2,11,48,8,2,14,3
UR L U BS R UL D,2,11,48,8,2,15,3
UR L U D BS R UL,2,11,48,8,2,16,4
UR L U D BS UL R,2,11,48,8,2,15,4
UR L U D R BS UL,2,11,48,8,2,14,4
UR L U D UL BS R,2,11,48,8,2,15,4
UR L U R BS D UL,2,11,48,8,2,14,3
UR L U R BS UL D,2,11,48,8,2,13,3
UR L U R D BS UL,2,11,48,8,2,12,3
UR L U R UL BS D,2,11,48,8,2,13,3
UR L U UL D BS R,2,11,48,8,2,13,3
UR L U UL R BS D,2,11,48,8,2,13,3
UR R BS D L U UL,2,11,48,8,2,10,2
UR R BS D U L UL,2,11,48,8,2,12,4
UR R BS L D U UL,2,11,48,8,2,12,4
UR R BS L U D UL,2,11,48,8,2,14,4
UR R BS L U UL D,2,11,48,8,2,11,3
UR R BS U D L UL,2,11,48,8,2,12,4
UR R BS U L D UL,2,11,48,8,2,12,3
UR R BS U L UL D,2,11,48,8,2,11,3
UR R D BS L U UL,2,11,48,8,2,10,2
UR R D BS U L UL,2,11,48,8,2,10,2
UR R D L BS U UL,2,11,48,8,2,10,2
UR R D L U BS UL,2,11,48,8,2,10,2
UR R D U BS L UL,2,11,48,8,2,12,4
UR R D U L BS UL,2,11,48,8,2,12,4
UR R L BS D U UL,2,11,48,8,2,14,4
UR R L BS U D UL,2,11,48,8,2,16,4
UR R L BS U UL D,2,11,48,8,2,13,4
UR R L D BS U UL,2,11,48,8,2,12,4
UR R L D U BS UL,2,11,48,8,2,14,4
UR R L U BS D UL,2,11,48,8,2,14,4
UR R L U BS UL D,2,11,48,8,2,13,4
UR R L U D BS UL,2,11,48,8,2,14,4
UR R L U UL BS D,2,11,48,8,2,11,4
UR R U BS D L UL,2,11,48,8,2,10,2
UR R U BS L D UL,2,11,48,8,2,12,3
UR R U BS L UL D,2,11,48,8,2,11,3
UR R U D BS L UL,2,11,48,8,2,12,4
UR R U D L BS UL,2,11,48,8,2,12,4
UR R U L BS D UL,2,11,48,8,2,12,3
UR R U L BS UL D,2,11,48,8,2,11,3
UR R U L D BS UL,2,11,48,8,2,10,2
UR R U L UL BS D,2,11,48,8,2,9,2
UR U BS D L R UL,2,11,48,8,2,14,4
UR U BS D L UL R,2,11,48,8,2,11,3
UR U BS D R L UL,2,11,48,8,2,12,4
UR U BS L D R UL,2,11,48,8,2,12,3
UR U BS L D UL R,2,11,48,8,2,13,3
UR U BS L R D UL,2,11,48,8,2,14,4
UR U BS L R UL D,2,11,48,8,2,15,4
UR U BS R D L UL,2,11,48,8,2,10,2
UR U BS R L D UL,2,11,48,8,2,14,4
UR U BS R L UL D,2,11,48,8,2,13,4
UR U D BS L R UL,2,11,48,8,2,16,4
UR U D BS L UL R,2,11,48,8,2,13,4
UR U D BS R L UL,2,11,48,8,2,14,4
UR U D L BS R UL,2,11,48,8,2,14,4
UR U D L BS UL R,2,11,48,8,2,13,4
UR U D L R BS UL,2,11,48,8,2,14,4
UR U D L UL BS R,2,11,48,8,2,11,4
UR U D R BS L UL,2,11,48,8,2,12,4
UR U D R L BS UL,2,11,48,8,2,14,4
UR U L BS D R UL,2,11,48,8,2,12,3
UR U L BS D UL R,2,11,48,8,2,13,3
UR U L BS R D UL,2,11,48,8,2,12,3
UR U L BS R UL D,2,11,48,8,2,13,3
UR U L D BS R UL,2,11,48,8,2,12,3
UR U L D BS UL R,2,11,48,8,2,11,3
UR U L D R BS UL,2,11,48,8,2,10,2
UR U L D UL BS R,2,11,48,8,2,11,3
UR U L R BS D UL,2,11,48,8,2,14,4
UR U L R BS UL D,2,11,48,8,2,13,4
UR U L R D BS UL,2,11,48,8,2,12,4
UR U L R UL BS D,2,11,48,8,2,13,4
UR U L UL D BS R,2,11,48,8,2,11,3
UR U L UL R BS D,2,11,48,8,2,11,3
UR U R BS D L UL,2,11,48,8,2,10,2
UR U R BS L D UL,2,11,48,8,2,12,3
UR U R BS L UL D,2,11,48,8,2,11,3
UR U R D BS L UL,2,11,48,8,2,10,2
UR U R D L BS UL,2,11,48,8,2,10,2
UR U R L BS D UL,2,11,48,8,2,14,4
UR U R L BS UL D,2,11,48,8,2,13,4
UR U R L D BS UL,2,11,48,8,2,12,4
UR U R L UL BS D,2,11,48,8,2,11,4
BS L R UR D U UL,2,12,49,8,2,15,4
BS L R UR U D UL,2,12,49,8,2,15,4
BS L R UR U UL D,2,12,49,8,2,12,4
BS R L UR D U UL,2,12,49,8,2,17,4
BS R L UR U D UL,2,12,49,8,2,17,4
BS R L UR U UL D,2,12,49,8,2,14,4
BS R U UR D L UL,2,12,49,8,2,11,3
BS R U UR L D UL,2,12,49,8,2,13,3
BS R U UR L UL D,2,12,49,8,2,12,3
BS R UR D L U UL,2,12,49,8,2,11,3
BS R UR D U L UL,2,12,49,8,2,13,4
BS R UR L D U UL,2,12,49,8,2,13,4
BS R UR L U D UL,2,12,49,8,2,15,4
BS R UR L U UL D,2,12,49,8,2,12,3
BS R UR U D L UL,2,12,49,8,2,11,4
BS R UR U L D UL,2,12,49,8,2,11,3
BS R UR U L UL D,2,12,49,8,2,10,3
BS U R UR D L UL,2,12,49,8,2,11,3
BS U R UR L D UL,2,12,49,8,2,13,3
BS U R UR L UL D,2,12,49,8,2,12,3
L BS R UR D U UL,2,12,49,8,2,13,4
L BS R UR U D UL,2,12,49,8,2,13,4
L BS R UR U UL D,2,12,49,8,2,10,3
L R BS UR D U UL,2,12,49,8,2,17,4
L R BS UR U D UL,2,12,49,8,2,17,4
L R BS UR U UL D,2,12,49,8,2,14,4
L R UR BS D U UL,2,12,49,8,2,15,4
L R UR BS U D UL,2,12,49,8,2,17,4
L R UR BS U UL D,2,12,49,8,2,14,4
L R UR D BS U UL,2,12,49,8,2,13,4
L R UR D U BS UL,2,12,49,8,2,15,4
L R UR U BS D UL,2,12,49,8,2,13,4
L R UR U BS UL D,2,12,49,8,2,12,4
L R UR U D BS UL,2,12,49,8,2,13,4
L R UR U UL BS D,2,12,49,8,2,10,4
R BS L UR D U UL,2,12,49,8,2,15,4
R BS L UR U D UL,2,12,49,8,2,15,4
R BS L UR U UL D,2,12,49,8,2,12,3
R BS U UR D L UL,2,12,49,8,2,11,3
R BS U UR L D UL,2,12,49,8,2,13,3
R BS U UR L UL D,2,12,49,8,2,12,3
R BS UR D L U UL,2,12,49,8,2,13,3
R BS UR D U L UL,2,12,49,8,2,15,4
R BS UR L D U UL,2,12,49,8,2,15,4
R BS UR L U D UL,2,12,49,8,2,17,4
R BS UR L U UL D,2,12,49,8,2,14,3
R BS UR U D L UL,2,12,49,8,2,13,4
R BS UR U L D UL,2,12,49,8,2,13,3
R BS UR U L UL D,2,12,49,8,2,12,3
R L BS UR D U UL,2,12,49,8,2,17,4
R L BS UR U D UL,2,12,49,8,2,17,4
R L BS UR U UL D,2,12,49,8,2,14,4
R L UR BS D U UL,2,12,49,8,2,17,4
R L UR BS U D UL,2,12,49,8,2,19,4
R L UR BS U UL D,2,12,49,8,2,16,4
R L UR D BS U UL,2,12,49,8,2,15,4
R L UR D U BS UL,2,12,49,8,2,17,4
R L UR U BS D UL,2,12,49,8,2,15,4
R L UR U BS UL D,2,12,49,8,2,14,4
R L UR U D BS UL,2,12,49,8,2,15,4
R L UR U UL BS D,2,12,49,8,2,12,4
R U BS UR D L UL,2,12,49,8,2,13,3
R U BS UR L D UL,2,12,49,8,2,15,3
R U BS UR L UL D,2,12,49,8,2,14,3
R U UR BS D L UL,2,12,49,8,2,11,3
R U UR BS L D UL,2,12,49,8,2,13,3
R U UR BS L UL D,2,12,49,8,2,12,3
R U UR D BS L UL,2,12,49,8,2,11,3
R U UR D L BS UL,2,12,49,8,2,11,3
R U UR L BS D UL,2,12,49,8,2,13,3
R U UR L BS UL D,2,12,49,8,2,12,3
R U UR L D BS UL,2,12,49,8,2,11,3
R U UR L UL BS D,2,12,49,8,2,10,3
R UR BS D L U UL,2,12,49,8,2,11,3
R UR BS D U L UL,2,12,49,8,2,13,4
R UR BS L D U UL,2,12,49,8,2,13,4
R UR BS L U D UL,2,12,49,8,2,15,4
R UR BS L U UL D,2,12,49,8,2,12,3
R UR BS U D L UL,2,12,49,8,2,13,4
R UR BS U L D UL,2,12,49,8,2,13,3
R UR BS U L UL D,2,12,49,8,2,12,3
R UR D BS L U UL,2,12,49,8,2,11,3
R UR D BS U L UL,2,12,49,8,2,11,3
R UR D L BS U UL,2,12,49,8,2,11,3
R UR D L U BS UL,2,12,49,8,2,11,3
R UR D U BS L UL,2,12,49,8,2,13,4
R UR D U L BS UL,2,12,49,8,2,13,4
R UR L BS D U UL,2,12,49,8,2,13,4
R UR L BS U D UL,2,12,49,8,2,15,4
R UR L BS U UL D,2,12,49,8,2,12,3
R UR L D BS U UL,2,12,49,8,2,11,3
R UR L D U BS UL,2,12,49,8,2,13,4
R UR L U BS D UL,2,12,49,8,2,13,3
R UR L U BS UL D,2,12,49,8,2,12,3
R UR L U D BS UL,2,12,49,8,2,13,4
R UR L U UL BS D,2,12,49,8,2,10,3
R UR U BS D L UL,2,12,49,8,2,9,2
R UR U BS L D UL,2,12,49,8,2,11,3
R UR U BS L UL D,2,12,49,8,2,10,3
R UR U D BS L UL,2,12,49,8,2,11,4
R UR U D L BS UL,2,12,49,8,2,11,4
R UR U L BS D UL,2,12,49,8,2,11,3
R UR U L BS UL D,2,12,49,8,2,10,3
R UR U L D BS UL,2,12,49,8,2,9,2
R UR U L UL BS D,2,12,49,8,2,8,2
U BS R UR D L UL,2,12,49,8,2,11,3
U BS R UR L D UL,2,12,49,8,2,13,3
U BS R UR L UL D,2,12,49,8,2,12,3
U R BS UR D L UL,2,12,49,8,2,13,3
U R BS UR L D UL,2,12,49,8,2,15,3
U R BS UR L UL D,2,12,49,8,2,14,3
U R UR BS D L UL,2,12,49,8,2,11,3
U R UR BS L D UL,2,12,49,8,2,13,3
U R UR BS L UL D,2,12,49,8,2,12,3
U R UR D BS L UL,2,12,49,8,2,11,3
U R UR D L BS UL,2,12,49,8,2,11,3
U R UR L BS D UL,2,12,49,8,2,13,3
U R UR L BS UL D,2,12,49,8,2,12,3
U R UR L D BS UL,2,12,49,8,2,11,3
U R UR L UL BS D,2,12,49,8,2,10,3
D L U UL BS R UR,2,11,49,9,2,9,2
D L U UL R BS UR,2,11,49,9,2,13,3
D L UL BS U R UR,2,11,49,9,2,9,2
D L UL U BS R UR,2,11,49,9,2,9,2
D L UL U R BS UR,2,11,49,9,2,11,3
D U L UL BS R UR,2,11,49,9,2,11,4
D U L UL R BS UR,2,11,49,9,2,15,4
L D U UL BS R UR,2,11,49,9,2,11,4
L D U UL R BS UR,2,11,49,9,2,15,4
L D UL BS U R UR,2,11,49,9,2,11,3
L D UL U BS R UR,2,11,49,9,2,11,3
L D UL U R BS UR,2,11,49,9,2,13,3
L U D UL BS R UR,2,11,49,9,2,13,4
L U D UL R BS UR,2,11,49,9,2,17,4
L U UL D BS R UR,2,11,49,9,2,11,3
L U UL D R BS UR,2,11,49,9,2,13,3
L U UL R D BS UR,2,11,49,9,2,13,3
L UL D BS U R UR,2,11,49,9,2,11,3
L UL D U BS R UR,2,11,49,9,2,13,4
L UL D U R BS UR,2,11,49,9,2,15,4
L UL U D BS R UR,2,11,49,9,2,11,4
L UL U D R BS UR,2,11,49,9,2,13,4
L UL U R D BS UR,2,11,49,9,2,11,3
U D L UL BS R UR,2,11,49,9,2,11,4
U D L UL R BS UR,2,11,49,9,2,15,4
U L D UL BS R UR,2,11,49,9,2,11,3
U L D UL R BS UR,2,11,49,9,2,15,3
U L UL D BS R UR,2,11,49,9,2,11,3
U L UL D R BS UR,2,11,49,9,2,13,3
U L UL R D BS UR,2,11,49,9,2,13,3
D U UL L BS R UR,2,11,50,9,2,11,4
D U UL L R BS UR,2,11,50,9,2,15,4
D U UL R L BS UR,2,11,50,9,2,17,4
D UL L BS U R UR,2,11,50,9,2,11,3
D UL L U BS R UR,2,11,50,9,2,11,3
D UL L U R BS UR,2,11,50,9,2,13,3
D UL U L BS R UR,2,11,50,9,2,11,3
D UL U L R BS UR,2,11,50,9,2,15,4
D UL U R L BS UR,2,11,50,9,2,15,4
U D UL L BS R UR,2,11,50,9,2,13,4
U D UL L R BS UR,2,11,50,9,2,17,4
U D UL R L BS UR,2,11,50,9,2,19,4
U UL D L BS R UR,2,11,50,9,2,11,3
U UL D L R BS UR,2,11,50,9,2,15,4
U UL D R L BS UR,2,11,50,9,2,15,4
U UL L D BS R UR,2,11,50,9,2,9,2
U UL L D R BS UR,2,11,50,9,2,11,3
U UL L R D BS UR,2,11,50,9,2,13,4
U UL R D L BS UR,2,11,50,9,2,13,3
U UL R L D BS UR,2,11,50,9,2,15,4
UL D L BS U R UR,2,11,50,9,2,12,3
UL D L U BS R UR,2,11,50,9,2,12,3
UL D L U R BS UR,2,11,50,9,2,14,3
UL D U L BS R UR,2,11,50,9,2,14,4
UL D U L R BS UR,2,11,50,9,2,18,4
UL D U R L BS UR,2,11,50,9,2,18,4
UL L D BS U R UR,2,11,50,9,2,10,2
UL L D U BS R UR,2,11,50,9,2,12,4
UL L D U R BS UR,2,11,50,9,2,14,4
UL L U D BS R UR,2,11,50,9,2,12,4
UL L U D R BS UR,2,11,50,9,2,14,4
UL L U R D BS UR,2,11,50,9,2,12,3
UL U D L BS R UR,2,11,50,9,2,12,4
UL U D L R BS UR,2,11,50,9,2,16,4
UL U D R L BS UR,2,11,50,9,2,16,4
UL U L D BS R UR,2,11,50,9,2,10,2
UL U L D R BS UR,2,11,50,9,2,12,3
UL U L R D BS UR,2,11,50,9,2,14,4
UL U R D L BS UR,2,11,50,9,2,12,3
UL U R L D BS UR,2,11,50,9,2,14,4
BS D L R U UL UR,2,12,50,9,2,13,4
BS D L R U UR UL,2,12,50,9,2,13,4
BS D L U R UL UR,2,12,50,9,2,13,3
BS D L U R UR UL,2,12,50,9,2,11,2
BS D R L U UL UR,2,12,50,9,2,13,4
BS D R L U UR UL,2,12,50,9,2,13,4
BS D R U L UL UR,2,12,50,9,2,11,2
BS D R U L UR UL,2,12,50,9,2,13,3
BS D U L R UL UR,2,12,50,9,2,17,4
BS D U L R UR UL,2,12,50,9,2,15,4
BS D U R L UL UR,2,12,50,9,2,15,4
BS D U R L UR UL,2,12,50,9,2,17,4
BS L D R U UL UR,2,12,50,9,2,11,2
BS L D R U UR UL,2,12,50,9,2,11,2
BS L D U R UL UR,2,12,50,9,2,15,4
BS L D U R UR UL,2,12,50,9,2,13,4
BS L R D U UL UR,2,12,50,9,2,15,4
BS L R D U UR UL,2,12,50,9,2,15,4
BS L R U D UL UR,2,12,50,9,2,17,4
BS L R U D UR UL,2,12,50,9,2,17,4
BS L U D R UL UR,2,12,50,9,2,15,4
BS L U D R UR UL,2,12,50,9,2,13,4
BS L U R D UL UR,2,12,50,9,2,13,3
BS L U R D UR UL,2,12,50,9,2,13,3
BS R D L U UL UR,2,12,50,9,2,11,2
BS R D L U UR UL,2,12,50,9,2,11,2
BS R D U L UL UR,2,12,50,9,2,13,4
BS R D U L UR UL,2,12,50,9,2,15,4
BS R L D U UL UR,2,12,50,9,2,15,4
BS R L D U UR UL,2,12,50,9,2,15,4
BS R L U D UL UR,2,12,50,9,2,17,4
BS R L U D UR UL,2,12,50,9,2,17,4
BS R U D L UL UR,2,12,50,9,2,13,4
BS R U D L UR UL,2,12,50,9,2,15,4
BS R U L D UL UR,2,12,50,9,2,13,3
BS R U L D UR UL,2,12,50,9,2,13,3
BS U D L R UL UR,2,12,50,9,2,17,4
BS U D L R UR UL,2,12,50,9,2,15,4
BS U D R L UL UR,2,12,50,9,2,15,4
BS U D R L UR UL,2,12,50,9,2,17,4
BS U L D R UL UR,2,12,50,9,2,13,3
BS U L D R UR UL,2,12,50,9,2,11,2
BS U L R D UL UR,2,12,50,9,2,15,4
BS U L R D UR UL,2,12,50,9,2,15,4
BS U R D L UL UR,2,12,50,9,2,11,2
BS U R D L UR UL,2,12,50,9,2,13,3
BS U R L D UL UR,2,12,50,9,2,15,4
BS U R L D UR UL,2,12,50,9,2,15,4
D BS L R U UL UR,2,12,50,9,2,13,4
D BS L R U UR UL,2,12,50,9,2,13,4
D BS L U R UL UR,2,12,50,9,2,13,3
D BS L U R UR UL,2,12,50,9,2,11,2
D BS R L U UL UR,2,12,50,9,2,13,4
D BS R L U UR UL,2,12,50,9,2,13,4
D BS R U L UL UR,2,12,50,9,2,11,2
D BS R U L UR UL,2,12,50,9,2,13,3
D BS U L R UL UR,2,12,50,9,2,15,4
D BS U L R UR UL,2,12,50,9,2,13,4
D BS U R L UL UR,2,12,50,9,2,13,4
D BS U R L UR UL,2,12,50,9,2,15,4
D L BS R U UL UR,2,12,50,9,2,11,2
D L BS R U UR UL,2,12,50,9,2,11,2
D L BS U R UL UR,2,12,50,9,2,13,3
D L BS U R UR UL,2,12,50,9,2,11,2
D L R BS U UL UR,2,12,50,9,2,13,4
D L R BS U UR UL,2,12,50,9,2,13,4
D L R U BS UL UR,2,12,50,9,2,13,4
D L R U BS UR UL,2,12,50,9,2,15,4
D L R U UR BS UL,2,12,50,9,2,13,4
D L U BS R UL UR,2,12,50,9,2,13,3
D L U BS R UR UL,2,12,50,9,2,11,2
D L U R BS UL UR,2,12,50,9,2,11,2
D L U R BS UR UL,2,12,50,9,2,13,3
D L U R UR BS UL,2,12,50,9,2,11,3
D R BS L U UL UR,2,12,50,9,2,11,2
D R BS L U UR UL,2,12,50,9,2,11,2
D R BS U L UL UR,2,12,50,9,2,11,2
D R BS U L UR UL,2,12,50,9,2,13,3
D R L BS U UL UR,2,12,50,9,2,13,4
D R L BS U UR UL,2,12,50,9,2,13,4
D R L U BS UL UR,2,12,50,9,2,13,4
D R L U BS UR UL,2,12,50,9,2,15,4
D R L U UR BS UL,2,12,50,9,2,13,4
D R U BS L UL UR,2,12,50,9,2,11,2
D R U BS L UR UL,2,12,50,9,2,13,3
D R U L BS UL UR,2,12,50,9,2,11,2
D R U L BS UR UL,2,12,50,9,2,13,3
D R U L UR BS UL,2,12,50,9,2,13,3
D U BS L R UL UR,2,12,50,9,2,17,4
D U BS L R UR UL,2,12,50,9,2,15,4
D U BS R L UL UR,2,12,50,9,2,15,4
D U BS R L UR UL,2,12,50,9,2,17,4
D U L BS R UL UR,2,12,50,9,2,15,4
D U L BS R UR UL,2,12,50,9,2,13,4
D U L R BS UL UR,2,12,50,9,2,15,4
D U L R BS UR UL,2,12,50,9,2,17,4
D U L R UR BS UL,2,12,50,9,2,15,4
D U R BS L UL UR,2,12,50,9,2,13,4
D U R BS L UR UL,2,12,50,9,2,15,4
D U R L BS UL UR,2,12,50,9,2,15,4
D U R L BS UR UL,2,12,50,9,2,17,4
D U R L UR BS UL,2,12,50,9,2,17,4
L BS D R U UL UR,2,12,50,9,2,11,2
L BS D R U UR UL,2,12,50,9,2,11,2
L BS D U R UL UR,2,12,50,9,2,15,4
L BS D U R UR UL,2,12,50,9,2,13,4
L BS R D U UL UR,2,12,50,9,2,13,4
L BS R D U UR UL,2,12,50,9,2,13,4
L BS R U D UL UR,2,12,50,9,2,15,4
L BS R U D UR UL,2,12,50,9,2,15,4
L BS U D R UL UR,2,12,50,9,2,15,4
L BS U D R UR UL,2,12,50,9,2,13,4
L BS U R D UL UR,2,12,50,9,2,13,3
L BS U R D UR UL,2,12,50,9,2,13,3
L D BS R U UL UR,2,12,50,9,2,11,2
L D BS R U UR UL,2,12,50,9,2,11,2
L D BS U R UL UR,2,12,50,9,2,13,3
L D BS U R UR UL,2,12,50,9,2,11,2
L D R BS U UL UR,2,12,50,9,2,11,2
L D R BS U UR UL,2,12,50,9,2,11,2
L D R U BS UL UR,2,12,50,9,2,11,2
L D R U BS UR UL,2,12,50,9,2,13,3
L D R U UR BS UL,2,12,50,9,2,11,3
L D U BS R UL UR,2,12,50,9,2,15,4
L D U BS R UR UL,2,12,50,9,2,13,4
L D U R BS UL UR,2,12,50,9,2,13,4
L D U R BS UR UL,2,12,50,9,2,15,4
L D U R UR BS UL,2,12,50,9,2,13,4
L R BS D U UL UR,2,12,50,9,2,15,4
L R BS D U UR UL,2,12,50,9,2,15,4
L R BS U D UL UR,2,12,50,9,2,17,4
L R BS U D UR UL,2,12,50,9,2,17,4
L R D BS U UL UR,2,12,50,9,2,13,4
L R D BS U UR UL,2,12,50,9,2,13,4
L R D U BS UL UR,2,12,50,9,2,15,4
L R D U BS UR UL,2,12,50,9,2,17,4
L R D U UR BS UL,2,12,50,9,2,15,4
L R U BS D UL UR,2,12,50,9,2,15,4
L R U BS D UR UL,2,12,50,9,2,15,4
L R U D BS UL UR,2,12,50,9,2,15,4
L R U D BS UR UL,2,12,50,9,2,17,4
L R U D UR BS UL,2,12,50,9,2,17,4
L U BS D R UL UR,2,12,50,9,2,13,3
L U BS D R UR UL,2,12,50,9,2,11,2
L U BS R D UL UR,2,12,50,9,2,13,3
L U BS R D UR UL,2,12,50,9,2,13,3
L U D BS R UL UR,2,12,50,9,2,15,4
L U D BS R UR UL,2,12,50,9,2,13,4
L U D R BS UL UR,2,12,50,9,2,13,4
L U D R BS UR UL,2,12,50,9,2,15,4
L U D R UR BS UL,2,12,50,9,2,13,4
L U R BS D UL UR,2,12,50,9,2,13,3
L U R BS D UR UL,2,12,50,9,2,13,3
L U R D BS UL UR,2,12,50,9,2,11,2
L U R D BS UR UL,2,12,50,9,2,13,3
L U R D UR BS UL,2,12,50,9,2,13,3
R BS D L U UL UR,2,12,50,9,2,11,2
R BS D L U UR UL,2,12,50,9,2,11,2
R BS D U L UL UR,2,12,50,9,2,13,4
R BS D U L UR UL,2,12,50,9,2,15,4
R BS L D U UL UR,2,12,50,9,2,13,4
R BS L D U UR UL,2,12,50,9,2,13,4
R BS L U D UL UR,2,12,50,9,2,15,4
R BS L U D UR UL,2,12,50,9,2,15,4
R BS U D L UL UR,2,12,50,9,2,13,4
R BS U D L UR UL,2,12,50,9,2,15,4
R BS U L D UL UR,2,12,50,9,2,13,3
R BS U L D UR UL,2,12,50,9,2,13,3
R D BS L U UL UR,2,12,50,9,2,11,2
R D BS L U UR UL,2,12,50,9,2,11,2
R D BS U L UL UR,2,12,50,9,2,11,2
R D BS U L UR UL,2,12,50,9,2,13,3
R D L BS U UL UR,2,12,50,9,2,11,2
R D L BS U UR UL,2,12,50,9,2,11,2
R D L U BS UL UR,2,12,50,9,2,11,2
R D L U BS UR UL,2,12,50,9,2,13,3
R D L U UR BS UL,2,12,50,9,2,11,3
R D U BS L UL UR,2,12,50,9,2,13,4
R D U BS L UR UL,2,12,50,9,2,15,4
R D U L BS UL UR,2,12,50,9,2,13,4
R D U L BS UR UL,2,12,50,9,2,15,4
R D U L UR BS UL,2,12,50,9,2,15,4
R L BS D U UL UR,2,12,50,9,2,15,4
R L BS D U UR UL,2,12,50,9,2,15,4
R L BS U D UL UR,2,12,50,9,2,17,4
R L BS U D UR UL,2,12,50,9,2,17,4
R L D BS U UL UR,2,12,50,9,2,13,4
R L D BS U UR UL,2,12,50,9,2,13,4
R L D U BS UL UR,2,12,50,9,2,15,4
R L D U BS UR UL,2,12,50,9,2,17,4
R L D U UR BS UL,2,12,50,9,2,15,4
R L U BS D UL UR,2,12,50,9,2,15,4
R L U BS D UR UL,2,12,50,9,2,15,4
R L U D BS UL UR,2,12,50,9,2,15,4
R L U D BS UR UL,2,12,50,9,2,17,4
R L U D UR BS UL,2,12,50,9,2,17,4
R U BS D L UL UR,2,12,50,9,2,11,2
R U BS D L UR UL,2,12,50,9,2,13,3
R U BS L D UL UR,2,12,50,9,2,13,3
R U BS L D UR UL,2,12,50,9,2,13,3
R U D BS L UL UR,2,12,50,9,2,13,4
R U D BS L UR UL,2,12,50,9,2,15,4
R U D L BS UL UR,2,12,50,9,2,13,4
R U D L BS UR UL,2,12,50,9,2,15,4
R U D L UR BS UL,2,12,50,9,2,15,4
R U L BS D UL UR,2,12,50,9,2,13,3
R U L BS D UR UL,2,12,50,9,2,13,3
R U L D BS UL UR,2,12,50,9,2,11,2
R U L D BS UR UL,2,12,50,9,2,13,3
R U L D UR BS UL,2,12,50,9,2,13,3
U BS D L R UL UR,2,12,50,9,2,15,4
U BS D L R UR UL,2,12,50,9,2,13,4
U BS D R L UL UR,2,12,50,9,2,13,4
U BS D R L UR UL,2,12,50,9,2,15,4
U BS L D R UL UR,2,12,50,9,2,13,3
U BS L D R UR UL,2,12,50,9,2,11,2
U BS L R D UL UR,2,12,50,9,2,15,4
U BS L R D UR UL,2,12,50,9,2,15,4
U BS R D L UL UR,2,12,50,9,2,11,2
U BS R D L UR UL,2,12,50,9,2,13,3
U BS R L D UL UR,2,12,50,9,2,15,4
U BS R L D UR UL,2,12,50,9,2,15,4
U D BS L R UL UR,2,12,50,9,2,17,4
U D BS L R UR UL,2,12,50,9,2,15,4
U D BS R L UL UR,2,12,50,9,2,15,4
U D BS R L UR UL,2,12,50,9,2,17,4
U D L BS R UL UR,2,12,50,9,2,15,4
U D L BS R UR UL,2,12,50,9,2,13,4
U D L R BS UL UR,2,12,50,9,2,15,4
U D L R BS UR UL,2,12,50,9,2,17,4
U D L R UR BS UL,2,12,50,9,2,15,4
U D R BS L UL UR,2,12,50,9,2,13,4
U D R BS L UR UL,2,12,50,9,2,15,4
U D R L BS UL UR,2,12,50,9,2,15,4
U D R L BS UR UL,2,12,50,9,2,17,4
U D R L UR BS UL,2,12,50,9,2,17,4
U L BS D R UL UR,2,12,50,9,2,13,3
U L BS D R UR UL,2,12,50,9,2,11,2
U L BS R D UL UR,2,12,50,9,2,13,3
U L BS R D UR UL,2,12,50,9,2,13,3
U L D BS R UL UR,2,12,50,9,2,13,3
U L D BS R UR UL,2,12,50,9,2,11,2
U L D R BS UL UR,2,12,50,9,2,11,2
U L D R BS UR UL,2,12,50,9,2,13,3
U L D R UR BS UL,2,12,50,9,2,11,3
U L R BS D UL UR,2,12,50,9,2,15,4
U L R BS D UR UL,2,12,50,9,2,15,4
U L R D BS UL UR,2,12,50,9,2,13,4
U L R D BS UR UL,2,12,50,9,2,15,4
U L R D UR BS UL,2,12,50,9,2,15,4
U R BS D L UL UR,2,12,50,9,2,11,2
U R BS D L UR UL,2,12,50,9,2,13,3
U R BS L D UL UR,2,12,50,9,2,13,3
U R BS L D UR UL,2,12,50,9,2,13,3
U R D BS L UL UR,2,12,50,9,2,11,2
U R D BS L UR UL,2,12,50,9,2,13,3
U R D L BS UL UR,2,12,50,9,2,11,2
U R D L BS UR UL,2,12,50,9,2,13,3
U R D L UR BS UL,2,12,50,9,2,13,3
U R L BS D UL UR,2,12,50,9,2,15,4
U R L BS D UR UL,2,12,50,9,2,15,4
U R L D BS UL UR,2,12,50,9,2,13,4
U R L D BS UR UL,2,12,50,9,2,15,4
U R L D UR BS UL,2,12,50,9,2,15,4
BS U UL UR L D R,2,11,51,7,2,12,3
BS U UL UR L R D,2,11,51,7,2,14,4
BS U UL UR R D L,2,11,51,7,2,10,2
BS U UL UR R L D,2,11,51,7,2,12,4
BS UL U UR L D R,2,11,51,7,2,10,3
BS UL U UR L R D,2,11,51,7,2,12,4
BS UL U UR R D L,2,11,51,7,2,8,2
BS UL U UR R L D,2,11,51,7,2,10,4
U BS UL UR L D R,2,11,51,7,2,12,3
U BS UL UR L R D,2,11,51,7,2,14,4
U BS UL UR R D L,2,11,51,7,2,10,2
U BS UL UR R L D,2,11,51,7,2,12,4
U UL BS UR L D R,2,11,51,7,2,12,3
U UL BS UR L R D,2,11,51,7,2,14,4
U UL BS UR R D L,2,11,51,7,2,10,3
U UL BS UR R L D,2,11,51,7,2,12,4
U UL UR BS L D R,2,11,51,7,2,12,3
U UL UR BS L R D,2,11,51,7,2,14,4
U UL UR BS R D L,2,11,51,7,2,12,3
U UL UR BS R L D,2,11,51,7,2,14,4
U UL UR L BS D R,2,11,51,7,2,12,3
U UL UR L BS R D,2,11,51,7,2,12,3
UL BS U UR L D R,2,11,51,7,2,11,3
UL BS U UR L R D,2,11,51,7,2,13,4
UL BS U UR R D L,2,11,51,7,2,9,2
UL BS U UR R L D,2,11,51,7,2,11,4
UL U BS UR L D R,2,11,51,7,2,13,3
UL U BS UR L R D,2,11,51,7,2,15,4
UL U BS UR R D L,2,11,51,7,2,11,3
UL U BS UR R L D,2,11,51,7,2,13,4
UL U UR BS L D R,2,11,51,7,2,11,3
UL U UR BS L R D,2,11,51,7,2,13,4
UL U UR BS R D L,2,11,51,7,2,11,3
UL U UR BS R L D,2,11,51,7,2,13,4
UL U UR L BS D R,2,11,51,7,2,11,3
UL U UR L BS R D,2,11,51,7,2,11,3
BS L R UL D UR U,2,12,51,7,2,16,4
BS L UL D R UR U,2,12,51,7,2,10,3
BS L UL R D UR U,2,12,51,7,2,12,3
BS R L UL D UR U,2,12,51,7,2,14,4
BS R U UL UR D L,2,12,51,7,2,12,3
BS R U UL UR L D,2,12,51,7,2,12,3
BS U R UL UR D L,2,12,51,7,2,14,3
BS U R UL UR L D,2,12,51,7,2,14,3
L BS R UL D UR U,2,12,51,7,2,14,3
L BS UL D R UR U,2,12,51,7,2,10,3
L BS UL R D UR U,2,12,51,7,2,12,3
L R BS UL D UR U,2,12,51,7,2,14,4
L R UL BS D UR U,2,12,51,7,2,14,4
L UL BS D R UR U,2,12,51,7,2,8,2
L UL BS R D UR U,2,12,51,7,2,10,3
L UL R BS D UR U,2,12,51,7,2,12,3
R BS L UL D UR U,2,12,51,7,2,12,3
R BS U UL UR D L,2,12,51,7,2,12,3
R BS U UL UR L D,2,12,51,7,2,12,3
R L BS UL D UR U,2,12,51,7,2,14,4
R L UL BS D UR U,2,12,51,7,2,12,4
R U BS UL UR D L,2,12,51,7,2,12,3
R U BS UL UR L D,2,12,51,7,2,12,3
R U UL BS UR D L,2,12,51,7,2,12,3
R U UL BS UR L D,2,12,51,7,2,12,3
U BS R UL UR D L,2,12,51,7,2,14,3
U BS R UL UR L D,2,12,51,7,2,14,3
U R BS UL UR D L,2,12,51,7,2,12,3
U R BS UL UR L D,2,12,51,7,2,12,3
U R UL BS UR D L,2,12,51,7,2,14,3
U R UL BS UR L D,2,12,51,7,2,14,3
BS D R UL L UR U,2,12,52,7,2,12,3
BS D R UL UR L U,2,12,52,7,2,14,3
BS D R UL UR U L,2,12,52,7,2,12,3
BS D R UR UL L U,2,12,52,7,2,10,2
BS D R UR UL U L,2,12,52,7,2,10,2
BS D UL L R UR U,2,12,52,7,2,12,4
BS D UL R L UR U,2,12,52,7,2,16,4
BS D UL R UR L U,2,12,52,7,2,14,3
BS D UL R UR U L,2,12,52,7,2,12,3
BS R D UL L UR U,2,12,52,7,2,12,3
BS R D UL UR L U,2,12,52,7,2,14,3
BS R D UL UR U L,2,12,52,7,2,12,3
BS R D UR UL L U,2,12,52,7,2,12,3
BS R D UR UL U L,2,12,52,7,2,12,3
BS R UL D L UR U,2,12,52,7,2,14,3
BS R UL D UR L U,2,12,52,7,2,16,3
BS R UL D UR U L,2,12,52,7,2,14,3
BS R UL L D UR U,2,12,52,7,2,12,3
BS R UL U UR D L,2,12,52,7,2,12,3
BS R UL U UR L D,2,12,52,7,2,12,3
BS UL D L R UR U,2,12,52,7,2,12,4
BS UL D R L UR U,2,12,52,7,2,14,4
BS UL D R UR L U,2,12,52,7,2,12,3
BS UL D R UR U L,2,12,52,7,2,10,3
BS UL L D R UR U,2,12,52,7,2,8,2
BS UL L R D UR U,2,12,52,7,2,12,4
BS UL R D L UR U,2,12,52,7,2,12,3
BS UL R D UR L U,2,12,52,7,2,14,3
BS UL R D UR U L,2,12,52,7,2,12,3
BS UL R L D UR U,2,12,52,7,2,14,4
BS UL R U UR D L,2,12,52,7,2,12,3
BS UL R U UR L D,2,12,52,7,2,12,3
D BS R UL L UR U,2,12,52,7,2,12,3
D BS R UL UR L U,2,12,52,7,2,14,3
D BS R UL UR U L,2,12,52,7,2,12,3
D BS R UR UL L U,2,12,52,7,2,10,2
D BS R UR UL U L,2,12,52,7,2,10,2
D BS UL L R UR U,2,12,52,7,2,10,4
D BS UL R L UR U,2,12,52,7,2,14,4
D BS UL R UR L U,2,12,52,7,2,12,3
D BS UL R UR U L,2,12,52,7,2,10,3
D R BS UL L UR U,2,12,52,7,2,10,3
D R BS UL UR L U,2,12,52,7,2,12,3
D R BS UL UR U L,2,12,52,7,2,10,2
D R BS UR UL L U,2,12,52,7,2,12,3
D R BS UR UL U L,2,12,52,7,2,12,3
D R UL BS L UR U,2,12,52,7,2,12,3
D R UL BS UR L U,2,12,52,7,2,14,3
D R UL BS UR U L,2,12,52,7,2,12,3
D R UL UR BS L U,2,12,52,7,2,14,3
D R UL UR BS U L,2,12,52,7,2,14,3
D R UR BS UL L U,2,12,52,7,2,10,3
D R UR BS UL U L,2,12,52,7,2,10,3
D R UR UL BS L U,2,12,52,7,2,10,2
D R UR UL BS U L,2,12,52,7,2,10,2
D UL BS L R UR U,2,12,52,7,2,12,4
D UL BS R L UR U,2,12,52,7,2,14,4
D UL BS R UR L U,2,12,52,7,2,12,3
D UL BS R UR U L,2,12,52,7,2,10,3
D UL R BS L UR U,2,12,52,7,2,14,3
D UL R BS UR L U,2,12,52,7,2,16,3
D UL R BS UR U L,2,12,52,7,2,14,3
D UL R UR BS L U,2,12,52,7,2,14,3
D UL R UR BS U L,2,12,52,7,2,14,3
R BS D UL L UR U,2,12,52,7,2,12,3
R BS D UL UR L U,2,12,52,7,2,14,3
R BS D UL UR U L,2,12,52,7,2,12,3
R BS D UR UL L U,2,12,52,7,2,12,3
R BS D UR UL U L,2,12,52,7,2,12,3
R BS UL D L UR U,2,12,52,7,2,12,3
R BS UL D UR L U,2,12,52,7,2,14,3
R BS UL D UR U L,2,12,52,7,2,12,3
R BS UL L D UR U,2,12,52,7,2,10,3
R BS UL U UR D L,2,12,52,7,2,10,3
R BS UL U UR L D,2,12,52,7,2,10,3
R D BS UL L UR U,2,12,52,7,2,10,3
R D BS UL UR L U,2,12,52,7,2,12,3
R D BS UL UR U L,2,12,52,7,2,10,2
R D BS UR UL L U,2,12,52,7,2,12,3
R D BS UR UL U L,2,12,52,7,2,12,3
R D UL BS L UR U,2,12,52,7,2,12,3
R D UL BS UR L U,2,12,52,7,2,14,3
R D UL BS UR U L,2,12,52,7,2,12,3
R D UL UR BS L U,2,12,52,7,2,14,3
R D UL UR BS U L,2,12,52,7,2,14,3
R D UR BS UL L U,2,12,52,7,2,12,3
R D UR BS UL U L,2,12,52,7,2,12,3
R D UR UL BS L U,2,12,52,7,2,12,3
R D UR UL BS U L,2,12,52,7,2,12,3
R UL BS D L UR U,2,12,52,7,2,12,3
R UL BS D UR L U,2,12,52,7,2,14,3
R UL BS D UR U L,2,12,52,7,2,12,3
R UL BS L D UR U,2,12,52,7,2,12,3
R UL BS U UR D L,2,12,52,7,2,12,3
R UL BS U UR L D,2,12,52,7,2,12,3
R UL D BS L UR U,2,12,52,7,2,14,3
R UL D BS UR L U,2,12,52,7,2,16,3
R UL D BS UR U L,2,12,52,7,2,14,3
R UL D UR BS L U,2,12,52,7,2,16,3
R UL D UR BS U L,2,12,52,7,2,16,3
R UL L BS D UR U,2,12,52,7,2,12,3
R UL U BS UR D L,2,12,52,7,2,14,3
R UL U BS UR L D,2,12,52,7,2,14,3
UL BS D L R UR U,2,12,52,7,2,11,4
UL BS D R L UR U,2,12,52,7,2,13,4
UL BS D R UR L U,2,12,52,7,2,11,3
UL BS D R UR U L,2,12,52,7,2,9,2
UL BS L D R UR U,2,12,52,7,2,9,2
UL BS L R D UR U,2,12,52,7,2,13,4
UL BS R D L UR U,2,12,52,7,2,11,3
UL BS R D UR L U,2,12,52,7,2,13,3
UL BS R D UR U L,2,12,52,7,2,11,3
UL BS R L D UR U,2,12,52,7,2,13,4
UL BS R U UR D L,2,12,52,7,2,11,3
UL BS R U UR L D,2,12,52,7,2,11,3
UL D BS L R UR U,2,12,52,7,2,13,4
UL D BS R L UR U,2,12,52,7,2,15,4
UL D BS R UR L U,2,12,52,7,2,13,3
UL D BS R UR U L,2,12,52,7,2,11,3
UL D R BS L UR U,2,12,52,7,2,13,3
UL D R BS UR L U,2,12,52,7,2,15,3
UL D R BS UR U L,2,12,52,7,2,13,3
UL D R UR BS L U,2,12,52,7,2,13,3
UL D R UR BS U L,2,12,52,7,2,13,3
UL L BS D R UR U,2,12,52,7,2,9,2
UL L BS R D UR U,2,12,52,7,2,11,3
UL L R BS D UR U,2,12,52,7,2,13,4
UL R BS D L UR U,2,12,52,7,2,13,3
UL R BS D UR L U,2,12,52,7,2,15,3
UL R BS D UR U L,2,12,52,7,2,13,3
UL R BS L D UR U,2,12,52,7,2,13,3
UL R BS U UR D L,2,12,52,7,2,13,3
UL R BS U UR L D,2,12,52,7,2,13,3
UL R D BS L UR U,2,12,52,7,2,13,3
UL R D BS UR L U,2,12,52,7,2,15,3
UL R D BS UR U L,2,12,52,7,2,13,3
UL R D UR BS L U,2,12,52,7,2,15,3
UL R D UR BS U L,2,12,52,7,2,15,3
UL R L BS D UR U,2,12,52,7,2,15,4
UL R U BS UR D L,2,12,52,7,2,15,3
UL R U BS UR L D,2,12,52,7,2,15,3
BS D U UL UR L R,2,11,53,8,2,16,4
BS D U UL UR R L,2,11,53,8,2,14,4
BS D UL U UR L R,2,11,53,8,2,14,4
BS D UL U UR R L,2,11,53,8,2,12,4
BS U D UL UR L R,2,11,53,8,2,18,4
BS U D UL UR R L,2,11,53,8,2,16,4
BS U UL D UR L R,2,11,53,8,2,16,4
BS U UL D UR R L,2,11,53,8,2,14,4
BS U UL UR D L R,2,11,53,8,2,14,4
BS U UL UR D R L,2,11,53,8,2,14,4
BS UL D U UR L R,2,11,53,8,2,16,4
BS UL D U UR R L,2,11,53,8,2,14,4
BS UL U D UR L R,2,11,53,8,2,16,4
BS UL U D UR R L,2,11,53,8,2,14,4
BS UL U UR D L R,2,11,53,8,2,12,4
BS UL U UR D R L,2,11,53,8,2,12,4
D BS U UL UR L R,2,11,53,8,2,14,4
D BS U UL UR R L,2,11,53,8,2,12,4
D BS UL U UR L R,2,11,53,8,2,12,4
D BS UL U UR R L,2,11,53,8,2,10,4
D U BS UL UR L R,2,11,53,8,2,16,4
D U BS UL UR R L,2,11,53,8,2,14,4
D U UL BS UR L R,2,11,53,8,2,16,4
D U UL BS UR R L,2,11,53,8,2,14,4
D U UL UR BS L R,2,11,53,8,2,16,4
D U UL UR BS R L,2,11,53,8,2,16,4
D U UL UR L BS R,2,11,53,8,2,14,4
D U UL UR R BS L,2,11,53,8,2,12,4
D UL BS U UR L R,2,11,53,8,2,14,4
D UL BS U UR R L,2,11,53,8,2,12,4
D UL U BS UR L R,2,11,53,8,2,16,4
D UL U BS UR R L,2,11,53,8,2,14,4
D UL U UR BS L R,2,11,53,8,2,14,4
D UL U UR BS R L,2,11,53,8,2,14,4
D UL U UR L BS R,2,11,53,8,2,12,3
D UL U UR R BS L,2,11,53,8,2,10,3
U BS D UL UR L R,2,11,53,8,2,16,4
U BS D UL UR R L,2,11,53,8,2,14,4
U BS UL D UR L R,2,11,53,8,2,16,4
U BS UL D UR R L,2,11,53,8,2,14,4
U BS UL UR D L R,2,11,53,8,2,14,4
U BS UL UR D R L,2,11,53,8,2,14,4
U D BS UL UR L R,2,11,53,8,2,16,4
U D BS UL UR R L,2,11,53,8,2,14,4
U D UL BS UR L R,2,11,53,8,2,18,4
U D UL BS UR R L,2,11,53,8,2,16,4
U D UL UR BS L R,2,11,53,8,2,18,4
U D UL UR BS R L,2,11,53,8,2,18,4
U D UL UR L BS R,2,11,53,8,2,16,4
U D UL UR R BS L,2,11,53,8,2,14,4
U UL BS D UR L R,2,11,53,8,2,14,4
U UL BS D UR R L,2,11,53,8,2,12,4
U UL BS UR D L R,2,11,53,8,2,14,4
U UL BS UR D R L,2,11,53,8,2,14,4
U UL D BS UR L R,2,11,53,8,2,16,4
U UL D BS UR R L,2,11,53,8,2,14,4
U UL D UR BS L R,2,11,53,8,2,16,4
U UL D UR BS R L,2,11,53,8,2,16,4
U UL D UR L BS R,2,11,53,8,2,14,3
U UL D UR R BS L,2,11,53,8,2,12,3
U UL R UR BS D L,2,11,53,8,2,12,3
U UL R UR BS L D,2,11,53,8,2,12,3
U UL R UR D BS L,2,11,53,8,2,12,3
U UL R UR L BS D,2,11,53,8,2,12,3
U UL UR BS D L R,2,11,53,8,2,14,4
U UL UR BS D R L,2,11,53,8,2,14,4
U UL UR D BS L R,2,11,53,8,2,14,4
U UL UR D BS R L,2,11,53,8,2,14,4
U UL UR D L BS R,2,11,53,8,2,12,3
U UL UR D R BS L,2,11,53,8,2,12,3
U UL UR L D BS R,2,11,53,8,2,12,3
U UL UR L R BS D,2,11,53,8,2,14,4
U UL UR R BS D L,2,11,53,8,2,10,2
U UL UR R BS L D,2,11,53,8,2,10,2
U UL UR R D BS L,2,11,53,8,2,10,2
U UL UR R L BS D,2,11,53,8,2,12,4
UL BS D U UR L R,2,11,53,8,2,15,4
UL BS D U UR R L,2,11,53,8,2,13,4
UL BS U D UR L R,2,11,53,8,2,17,4
UL BS U D UR R L,2,11,53,8,2,15,4
UL BS U UR D L R,2,11,53,8,2,13,4
UL BS U UR D R L,2,11,53,8,2,13,4
UL D BS U UR L R,2,11,53,8,2,15,4
UL D BS U UR R L,2,11,53,8,2,13,4
UL D U BS UR L R,2,11,53,8,2,19,4
UL D U BS UR R L,2,11,53,8,2,17,4
UL D U UR BS L R,2,11,53,8,2,17,4
UL D U UR BS R L,2,11,53,8,2,17,4
UL D U UR L BS R,2,11,53,8,2,15,4
UL D U UR R BS L,2,11,53,8,2,13,4
UL U BS D UR L R,2,11,53,8,2,15,4
UL U BS D UR R L,2,11,53,8,2,13,4
UL U BS UR D L R,2,11,53,8,2,15,4
UL U BS UR D R L,2,11,53,8,2,15,4
UL U D BS UR L R,2,11,53,8,2,17,4
UL U D BS UR R L,2,11,53,8,2,15,4
UL U D UR BS L R,2,11,53,8,2,17,4
UL U D UR BS R L,2,11,53,8,2,17,4
UL U D UR L BS R,2,11,53,8,2,15,4
UL U D UR R BS L,2,11,53,8,2,13,4
UL U R UR BS D L,2,11,53,8,2,11,3
UL U R UR BS L D,2,11,53,8,2,11,3
UL U R UR D BS L,2,11,53,8,2,11,3
UL U R UR L BS D,2,11,53,8,2,11,3
UL U UR BS D L R,2,11,53,8,2,13,4
UL U UR BS D R L,2,11,53,8,2,13,4
UL U UR D BS L R,2,11,53,8,2,13,4
UL U UR D BS R L,2,11,53,8,2,13,4
UL U UR D L BS R,2,11,53,8,2,11,3
UL U UR D R BS L,2,11,53,8,2,11,3
UL U UR L D BS R,2,11,53,8,2,11,3
UL U UR L R BS D,2,11,53,8,2,13,4
UL U UR R BS D L,2,11,53,8,2,9,2
UL U UR R BS L D,2,11,53,8,2,9,2
UL U UR R D BS L,2,11,53,8,2,9,2
UL U UR R L BS D,2,11,53,8,2,11,4
BS D R U UL L UR,2,12,53,8,2,11,3
BS D R U UL UR L,2,12,53,8,2,12,3
BS D U R UL L UR,2,12,53,8,2,15,4
BS D U R UL UR L,2,12,53,8,2,16,4
BS L R UL D U UR,2,12,53,8,2,17,4
BS L R UL U D UR,2,12,53,8,2,17,4
BS L R UL U UR D,2,12,53,8,2,14,4
BS L UL D R U UR,2,12,53,8,2,11,3
BS L UL R D U UR,2,12,53,8,2,13,4
BS L UL R U D UR,2,12,53,8,2,15,4
BS L UL R U UR D,2,12,53,8,2,12,3
BS R D U UL L UR,2,12,53,8,2,13,4
BS R D U UL UR L,2,12,53,8,2,14,4
BS R L UL D U UR,2,12,53,8,2,15,4
BS R L UL U D UR,2,12,53,8,2,15,4
BS R L UL U UR D,2,12,53,8,2,12,4
BS R U D UL L UR,2,12,53,8,2,15,4
BS R U D UL UR L,2,12,53,8,2,16,4
BS R U UL D L UR,2,12,53,8,2,13,3
BS R U UL D UR L,2,12,53,8,2,14,3
BS R U UL L D UR,2,12,53,8,2,11,3
BS R U UL L UR D,2,12,53,8,2,12,3
BS U D R UL L UR,2,12,53,8,2,15,4
BS U D R UL UR L,2,12,53,8,2,16,4
BS U R D UL L UR,2,12,53,8,2,13,3
BS U R D UL UR L,2,12,53,8,2,14,3
BS U R UL D L UR,2,12,53,8,2,15,3
BS U R UL D UR L,2,12,53,8,2,16,3
BS U R UL L D UR,2,12,53,8,2,13,3
BS U R UL L UR D,2,12,53,8,2,14,3
D BS R U UL L UR,2,12,53,8,2,11,3
D BS R U UL UR L,2,12,53,8,2,12,3
D BS U R UL L UR,2,12,53,8,2,13,3
D BS U R UL UR L,2,12,53,8,2,14,3
D L R UL BS UR U,2,12,53,8,2,14,4
D L R UL UR BS U,2,12,53,8,2,16,4
D L R UR UL BS U,2,12,53,8,2,12,4
D L UL BS R UR U,2,12,53,8,2,8,2
D L UL R BS UR U,2,12,53,8,2,12,3
D L UL R UR BS U,2,12,53,8,2,12,3
D R BS U UL L UR,2,12,53,8,2,11,3
D R BS U UL UR L,2,12,53,8,2,12,3
D R L UL BS UR U,2,12,53,8,2,12,4
D R L UL UR BS U,2,12,53,8,2,14,4
D R L UR UL BS U,2,12,53,8,2,14,4
D R U BS UL L UR,2,12,53,8,2,11,3
D R U BS UL UR L,2,12,53,8,2,12,3
D R U UL BS L UR,2,12,53,8,2,11,3
D R U UL BS UR L,2,12,53,8,2,12,3
D R U UL UR BS L,2,12,53,8,2,12,3
D R U UR UL BS L,2,12,53,8,2,10,2
D R UR L UL BS U,2,12,53,8,2,10,3
D R UR U UL BS L,2,12,53,8,2,8,2
D U BS R UL L UR,2,12,53,8,2,15,4
D U BS R UL UR L,2,12,53,8,2,16,4
D U R BS UL L UR,2,12,53,8,2,13,4
D U R BS UL UR L,2,12,53,8,2,14,4
D U R UL BS L UR,2,12,53,8,2,15,4
D U R UL BS UR L,2,12,53,8,2,16,4
D U R UL UR BS L,2,12,53,8,2,16,4
D U R UR UL BS L,2,12,53,8,2,12,4
L BS R UL D U UR,2,12,53,8,2,15,4
L BS R UL U D UR,2,12,53,8,2,15,4
L BS R UL U UR D,2,12,53,8,2,12,3
L BS UL D R U UR,2,12,53,8,2,11,3
L BS UL R D U UR,2,12,53,8,2,13,4
L BS UL R U D UR,2,12,53,8,2,15,4
L BS UL R U UR D,2,12,53,8,2,12,3
L D R UL BS UR U,2,12,53,8,2,12,3
L D R UL UR BS U,2,12,53,8,2,14,3
L D R UR UL BS U,2,12,53,8,2,10,2
L D UL BS R UR U,2,12,53,8,2,10,3
L D UL R BS UR U,2,12,53,8,2,14,3
L D UL R UR BS U,2,12,53,8,2,14,3
L R BS UL D U UR,2,12,53,8,2,15,4
L R BS UL U D UR,2,12,53,8,2,15,4
L R BS UL U UR D,2,12,53,8,2,12,4
L R D UL BS UR U,2,12,53,8,2,14,4
L R D UL UR BS U,2,12,53,8,2,16,4
L R D UR UL BS U,2,12,53,8,2,14,4
L R UL BS D U UR,2,12,53,8,2,15,4
L R UL BS U D UR,2,12,53,8,2,17,4
L R UL BS U UR D,2,12,53,8,2,14,4
L R UL D BS UR U,2,12,53,8,2,16,4
L R UL D UR BS U,2,12,53,8,2,18,4
L R UL U BS D UR,2,12,53,8,2,15,4
L R UL U BS UR D,2,12,53,8,2,16,4
L R UL U UR BS D,2,12,53,8,2,14,4
L UL BS D R U UR,2,12,53,8,2,9,2
L UL BS R D U UR,2,12,53,8,2,11,4
L UL BS R U D UR,2,12,53,8,2,13,4
L UL BS R U UR D,2,12,53,8,2,10,3
L UL D BS R UR U,2,12,53,8,2,10,3
L UL D R BS UR U,2,12,53,8,2,12,3
L UL D R UR BS U,2,12,53,8,2,12,3
L UL R BS D U UR,2,12,53,8,2,13,4
L UL R BS U D UR,2,12,53,8,2,15,4
L UL R BS U UR D,2,12,53,8,2,12,3
L UL R D BS UR U,2,12,53,8,2,12,3
L UL R D UR BS U,2,12,53,8,2,14,3
L UL R U BS D UR,2,12,53,8,2,13,3
L UL R U BS UR D,2,12,53,8,2,14,3
L UL R U UR BS D,2,12,53,8,2,12,3
R BS D U UL L UR,2,12,53,8,2,13,4
R BS D U UL UR L,2,12,53,8,2,14,4
R BS L UL D U UR,2,12,53,8,2,13,4
R BS L UL U D UR,2,12,53,8,2,13,4
R BS L UL U UR D,2,12,53,8,2,10,3
R BS U D UL L UR,2,12,53,8,2,15,4
R BS U D UL UR L,2,12,53,8,2,16,4
R BS U UL D L UR,2,12,53,8,2,13,3
R BS U UL D UR L,2,12,53,8,2,14,3
R BS U UL L D UR,2,12,53,8,2,11,3
R BS U UL L UR D,2,12,53,8,2,12,3
R D BS U UL L UR,2,12,53,8,2,11,3
R D BS U UL UR L,2,12,53,8,2,12,3
R D L UL BS UR U,2,12,53,8,2,10,3
R D L UL UR BS U,2,12,53,8,2,12,3
R D L UR UL BS U,2,12,53,8,2,12,3
R D U BS UL L UR,2,12,53,8,2,13,4
R D U BS UL UR L,2,12,53,8,2,14,4
R D U UL BS L UR,2,12,53,8,2,13,4
R D U UL BS UR L,2,12,53,8,2,14,4
R D U UL UR BS L,2,12,53,8,2,14,4
R D U UR UL BS L,2,12,53,8,2,12,4
R D UR L UL BS U,2,12,53,8,2,12,3
R D UR U UL BS L,2,12,53,8,2,10,3
R L BS UL D U UR,2,12,53,8,2,15,4
R L BS UL U D UR,2,12,53,8,2,15,4
R L BS UL U UR D,2,12,53,8,2,12,4
R L D UL BS UR U,2,12,53,8,2,14,4
R L D UL UR BS U,2,12,53,8,2,16,4
R L D UR UL BS U,2,12,53,8,2,14,4
R L UL BS D U UR,2,12,53,8,2,13,4
R L UL BS U D UR,2,12,53,8,2,15,4
R L UL BS U UR D,2,12,53,8,2,12,4
R L UL D BS UR U,2,12,53,8,2,14,4
R L UL D UR BS U,2,12,53,8,2,16,4
R L UL U BS D UR,2,12,53,8,2,13,4
R L UL U BS UR D,2,12,53,8,2,14,4
R L UL U UR BS D,2,12,53,8,2,12,4
R U BS D UL L UR,2,12,53,8,2,13,3
R U BS D UL UR L,2,12,53,8,2,14,3
R U BS UL D L UR,2,12,53,8,2,13,3
R U BS UL D UR L,2,12,53,8,2,14,3
R U BS UL L D UR,2,12,53,8,2,11,3
R U BS UL L UR D,2,12,53,8,2,12,3
R U D BS UL L UR,2,12,53,8,2,13,4
R U D BS UL UR L,2,12,53,8,2,14,4
R U D UL BS L UR,2,12,53,8,2,15,4
R U D UL BS UR L,2,12,53,8,2,16,4
R U D UL UR BS L,2,12,53,8,2,16,4
R U D UR UL BS L,2,12,53,8,2,14,4
R U UL BS D L UR,2,12,53,8,2,11,3
R U UL BS D UR L,2,12,53,8,2,12,3
R U UL BS L D UR,2,12,53,8,2,11,3
R U UL BS L UR D,2,12,53,8,2,12,3
R U UL D BS L UR,2,12,53,8,2,13,3
R U UL D BS UR L,2,12,53,8,2,14,3
R U UL D UR BS L,2,12,53,8,2,14,3
R U UL L BS D UR,2,12,53,8,2,11,3
R U UL L BS UR D,2,12,53,8,2,12,3
R U UL L UR BS D,2,12,53,8,2,12,3
U BS D R UL L UR,2,12,53,8,2,13,3
U BS D R UL UR L,2,12,53,8,2,14,3
U BS R D UL L UR,2,12,53,8,2,13,3
U BS R D UL UR L,2,12,53,8,2,14,3
U BS R UL D L UR,2,12,53,8,2,15,3
U BS R UL D UR L,2,12,53,8,2,16,3
U BS R UL L D UR,2,12,53,8,2,13,3
U BS R UL L UR D,2,12,53,8,2,14,3
U D BS R UL L UR,2,12,53,8,2,15,4
U D BS R UL UR L,2,12,53,8,2,16,4
U D R BS UL L UR,2,12,53,8,2,13,4
U D R BS UL UR L,2,12,53,8,2,14,4
U D R UL BS L UR,2,12,53,8,2,15,4
U D R UL BS UR L,2,12,53,8,2,16,4
U D R UL UR BS L,2,12,53,8,2,16,4
U D R UR UL BS L,2,12,53,8,2,12,4
U R BS D UL L UR,2,12,53,8,2,13,3
U R BS D UL UR L,2,12,53,8,2,14,3
U R BS UL D L UR,2,12,53,8,2,13,3
U R BS UL D UR L,2,12,53,8,2,14,3
U R BS UL L D UR,2,12,53,8,2,11,3
U R BS UL L UR D,2,12,53,8,2,12,3
U R D BS UL L UR,2,12,53,8,2,11,3
U R D BS UL UR L,2,12,53,8,2,12,3
U R D UL BS L UR,2,12,53,8,2,13,3
U R D UL BS UR L,2,12,53,8,2,14,3
U R D UL UR BS L,2,12,53,8,2,14,3
U R D UR UL BS L,2,12,53,8,2,12,3
U R UL BS D L UR,2,12,53,8,2,13,3
U R UL BS D UR L,2,12,53,8,2,14,3
U R UL BS L D UR,2,12,53,8,2,13,3
U R UL BS L UR D,2,12,53,8,2,14,3
U R UL D BS L UR,2,12,53,8,2,15,3
U R UL D BS UR L,2,12,53,8,2,16,3
U R UL D UR BS L,2,12,53,8,2,16,3
U R UL L BS D UR,2,12,53,8,2,13,3
U R UL L BS UR D,2,12,53,8,2,14,3
U R UL L UR BS D,2,12,53,8,2,14,3
BS D R UL L U UR,2,12,54,8,2,11,3
BS D R UL U L UR,2,12,54,8,2,13,3
BS D R UL U UR L,2,12,54,8,2,12,3
BS D UL L R U UR,2,12,54,8,2,13,4
BS D UL R L U UR,2,12,54,8,2,15,4
BS D UL R U L UR,2,12,54,8,2,15,3
BS D UL R U UR L,2,12,54,8,2,14,3
BS R D UL L U UR,2,12,54,8,2,11,3
BS R D UL U L UR,2,12,54,8,2,13,3
BS R D UL U UR L,2,12,54,8,2,12,3
BS R UL D L U UR,2,12,54,8,2,13,3
BS R UL D U L UR,2,12,54,8,2,17,4
BS R UL D U UR L,2,12,54,8,2,16,4
BS R UL L D U UR,2,12,54,8,2,13,4
BS R UL L U D UR,2,12,54,8,2,15,4
BS R UL L U UR D,2,12,54,8,2,12,3
BS R UL U D L UR,2,12,54,8,2,15,4
BS R UL U D UR L,2,12,54,8,2,16,4
BS R UL U L D UR,2,12,54,8,2,13,3
BS R UL U L UR D,2,12,54,8,2,14,3
BS UL D L R U UR,2,12,54,8,2,13,4
BS UL D R L U UR,2,12,54,8,2,13,4
BS UL D R U L UR,2,12,54,8,2,13,3
BS UL D R U UR L,2,12,54,8,2,12,3
BS UL L D R U UR,2,12,54,8,2,9,2
BS UL L R D U UR,2,12,54,8,2,13,4
BS UL L R U D UR,2,12,54,8,2,15,4
BS UL L R U UR D,2,12,54,8,2,12,4
BS UL R D L U UR,2,12,54,8,2,11,3
BS UL R D U L UR,2,12,54,8,2,15,4
BS UL R D U UR L,2,12,54,8,2,14,4
BS UL R L D U UR,2,12,54,8,2,15,4
BS UL R L U D UR,2,12,54,8,2,17,4
BS UL R L U UR D,2,12,54,8,2,14,4
BS UL R U D L UR,2,12,54,8,2,15,4
BS UL R U D UR L,2,12,54,8,2,16,4
BS UL R U L D UR,2,12,54,8,2,13,3
BS UL R U L UR D,2,12,54,8,2,14,3
D BS R UL L U UR,2,12,54,8,2,11,3
D BS R UL U L UR,2,12,54,8,2,13,3
D BS R UL U UR L,2,12,54,8,2,12,3
D BS UL L R U UR,2,12,54,8,2,11,4
D BS UL R L U UR,2,12,54,8,2,13,4
D BS UL R U L UR,2,12,54,8,2,13,3
D BS UL R U UR L,2,12,54,8,2,12,3
D R BS UL L U UR,2,12,54,8,2,9,2
D R BS UL U L UR,2,12,54,8,2,11,3
D R BS UL U UR L,2,12,54,8,2,10,3
D R UL BS L U UR,2,12,54,8,2,11,3
D R UL BS U L UR,2,12,54,8,2,13,3
D R UL BS U UR L,2,12,54,8,2,12,3
D R UL L BS UR U,2,12,54,8,2,12,3
D R UL L UR BS U,2,12,54,8,2,14,3
D R UL U BS L UR,2,12,54,8,2,13,3
D R UL U BS UR L,2,12,54,8,2,14,3
D R UL U UR BS L,2,12,54,8,2,12,3
D R UL UR L BS U,2,12,54,8,2,14,3
D R UL UR U BS L,2,12,54,8,2,12,3
D R UR UL L BS U,2,12,54,8,2,10,2
D R UR UL U BS L,2,12,54,8,2,10,2
D UL BS L R U UR,2,12,54,8,2,13,4
D UL BS R L U UR,2,12,54,8,2,13,4
D UL BS R U L UR,2,12,54,8,2,13,3
D UL BS R U UR L,2,12,54,8,2,12,3
D UL L BS R UR U,2,12,54,8,2,10,3
D UL L R BS UR U,2,12,54,8,2,14,4
D UL L R UR BS U,2,12,54,8,2,14,4
D UL R BS L U UR,2,12,54,8,2,13,3
D UL R BS U L UR,2,12,54,8,2,15,3
D UL R BS U UR L,2,12,54,8,2,14,3
D UL R L BS UR U,2,12,54,8,2,16,4
D UL R L UR BS U,2,12,54,8,2,18,4
D UL R U BS L UR,2,12,54,8,2,15,3
D UL R U BS UR L,2,12,54,8,2,16,3
D UL R U UR BS L,2,12,54,8,2,14,3
D UL R UR L BS U,2,12,54,8,2,14,3
D UL R UR U BS L,2,12,54,8,2,12,3
R BS D UL L U UR,2,12,54,8,2,11,3
R BS D UL U L UR,2,12,54,8,2,13,3
R BS D UL U UR L,2,12,54,8,2,12,3
R BS UL D L U UR,2,12,54,8,2,11,3
R BS UL D U L UR,2,12,54,8,2,15,4
R BS UL D U UR L,2,12,54,8,2,14,4
R BS UL L D U UR,2,12,54,8,2,11,4
R BS UL L U D UR,2,12,54,8,2,13,4
R BS UL L U UR D,2,12,54,8,2,10,3
R BS UL U D L UR,2,12,54,8,2,13,4
R BS UL U D UR L,2,12,54,8,2,14,4
R BS UL U L D UR,2,12,54,8,2,11,3
R BS UL U L UR D,2,12,54,8,2,12,3
R D BS UL L U UR,2,12,54,8,2,9,2
R D BS UL U L UR,2,12,54,8,2,11,3
R D BS UL U UR L,2,12,54,8,2,10,3
R D UL BS L U UR,2,12,54,8,2,11,3
R D UL BS U L UR,2,12,54,8,2,13,3
R D UL BS U UR L,2,12,54,8,2,12,3
R D UL L BS UR U,2,12,54,8,2,12,3
R D UL L UR BS U,2,12,54,8,2,14,3
R D UL U BS L UR,2,12,54,8,2,13,3
R D UL U BS UR L,2,12,54,8,2,14,3
R D UL U UR BS L,2,12,54,8,2,12,3
R D UL UR L BS U,2,12,54,8,2,14,3
R D UL UR U BS L,2,12,54,8,2,12,3
R D UR UL L BS U,2,12,54,8,2,12,3
R D UR UL U BS L,2,12,54,8,2,12,3
R UL BS D L U UR,2,12,54,8,2,11,3
R UL BS D U L UR,2,12,54,8,2,15,4
R UL BS D U UR L,2,12,54,8,2,14,4
R UL BS L D U UR,2,12,54,8,2,13,4
R UL BS L U D UR,2,12,54,8,2,15,4
R UL BS L U UR D,2,12,54,8,2,12,3
R UL BS U D L UR,2,12,54,8,2,15,4
R UL BS U D UR L,2,12,54,8,2,16,4
R UL BS U L D UR,2,12,54,8,2,13,3
R UL BS U L UR D,2,12,54,8,2,14,3
R UL D BS L U UR,2,12,54,8,2,13,3
R UL D BS U L UR,2,12,54,8,2,15,3
R UL D BS U UR L,2,12,54,8,2,14,3
R UL D L BS UR U,2,12,54,8,2,14,3
R UL D L UR BS U,2,12,54,8,2,16,3
R UL D U BS L UR,2,12,54,8,2,17,4
R UL D U BS UR L,2,12,54,8,2,18,4
R UL D U UR BS L,2,12,54,8,2,16,4
R UL D UR L BS U,2,12,54,8,2,16,3
R UL D UR U BS L,2,12,54,8,2,14,3
R UL L BS D U UR,2,12,54,8,2,13,4
R UL L BS U D UR,2,12,54,8,2,15,4
R UL L BS U UR D,2,12,54,8,2,12,3
R UL L D BS UR U,2,12,54,8,2,12,3
R UL L D UR BS U,2,12,54,8,2,14,3
R UL L U BS D UR,2,12,54,8,2,13,3
R UL L U BS UR D,2,12,54,8,2,14,3
R UL L U UR BS D,2,12,54,8,2,12,3
R UL U BS D L UR,2,12,54,8,2,13,3
R UL U BS D UR L,2,12,54,8,2,14,3
R UL U BS L D UR,2,12,54,8,2,13,3
R UL U BS L UR D,2,12,54,8,2,14,3
R UL U D BS L UR,2,12,54,8,2,15,4
R UL U D BS UR L,2,12,54,8,2,16,4
R UL U D UR BS L,2,12,54,8,2,16,4
R UL U L BS D UR,2,12,54,8,2,13,3
R UL U L BS UR D,2,12,54,8,2,14,3
R UL U L UR BS D,2,12,54,8,2,14,3
UL BS D L R U UR,2,12,54,8,2,12,4
UL BS D R L U UR,2,12,54,8,2,12,4
UL BS D R U L UR,2,12,54,8,2,12,3
UL BS D R U UR L,2,12,54,8,2,11,3
UL BS L D R U UR,2,12,54,8,2,10,2
UL BS L R D U UR,2,12,54,8,2,14,4
UL BS L R U D UR,2,12,54,8,2,16,4
UL BS L R U UR D,2,12,54,8,2,13,4
UL BS R D L U UR,2,12,54,8,2,10,2
UL BS R D U L UR,2,12,54,8,2,14,4
UL BS R D U UR L,2,12,54,8,2,13,4
UL BS R L D U UR,2,12,54,8,2,14,4
UL BS R L U D UR,2,12,54,8,2,16,4
UL BS R L U UR D,2,12,54,8,2,13,4
UL BS R U D L UR,2,12,54,8,2,14,4
UL BS R U D UR L,2,12,54,8,2,15,4
UL BS R U L D UR,2,12,54,8,2,12,3
UL BS R U L UR D,2,12,54,8,2,13,3
UL D BS L R U UR,2,12,54,8,2,14,4
UL D BS R L U UR,2,12,54,8,2,14,4
UL D BS R U L UR,2,12,54,8,2,14,3
UL D BS R U UR L,2,12,54,8,2,13,3
UL D L BS R UR U,2,12,54,8,2,11,3
UL D L R BS UR U,2,12,54,8,2,15,4
UL D L R UR BS U,2,12,54,8,2,15,4
UL D R BS L U UR,2,12,54,8,2,12,3
UL D R BS U L UR,2,12,54,8,2,14,3
UL D R BS U UR L,2,12,54,8,2,13,3
UL D R L BS UR U,2,12,54,8,2,15,4
UL D R L UR BS U,2,12,54,8,2,17,4
UL D R U BS L UR,2,12,54,8,2,14,3
UL D R U BS UR L,2,12,54,8,2,15,3
UL D R U UR BS L,2,12,54,8,2,13,3
UL D R UR L BS U,2,12,54,8,2,13,3
UL D R UR U BS L,2,12,54,8,2,11,3
UL L BS D R U UR,2,12,54,8,2,10,2
UL L BS R D U UR,2,12,54,8,2,12,4
UL L BS R U D UR,2,12,54,8,2,14,4
UL L BS R U UR D,2,12,54,8,2,11,3
UL L D BS R UR U,2,12,54,8,2,9,2
UL L D R BS UR U,2,12,54,8,2,11,3
UL L D R UR BS U,2,12,54,8,2,11,3
UL L R BS D U UR,2,12,54,8,2,14,4
UL L R BS U D UR,2,12,54,8,2,16,4
UL L R BS U UR D,2,12,54,8,2,13,4
UL L R D BS UR U,2,12,54,8,2,13,4
UL L R D UR BS U,2,12,54,8,2,15,4
UL L R U BS D UR,2,12,54,8,2,14,4
UL L R U BS UR D,2,12,54,8,2,15,4
UL L R U UR BS D,2,12,54,8,2,13,4
UL R BS D L U UR,2,12,54,8,2,12,3
UL R BS D U L UR,2,12,54,8,2,16,4
UL R BS D U UR L,2,12,54,8,2,15,4
UL R BS L D U UR,2,12,54,8,2,14,4
UL R BS L U D UR,2,12,54,8,2,16,4
UL R BS L U UR D,2,12,54,8,2,13,3
UL R BS U D L UR,2,12,54,8,2,16,4
UL R BS U D UR L,2,12,54,8,2,17,4
UL R BS U L D UR,2,12,54,8,2,14,3
UL R BS U L UR D,2,12,54,8,2,15,3
UL R D BS L U UR,2,12,54,8,2,12,3
UL R D BS U L UR,2,12,54,8,2,14,3
UL R D BS U UR L,2,12,54,8,2,13,3
UL R D L BS UR U,2,12,54,8,2,13,3
UL R D L UR BS U,2,12,54,8,2,15,3
UL R D U BS L UR,2,12,54,8,2,16,4
UL R D U BS UR L,2,12,54,8,2,17,4
UL R D U UR BS L,2,12,54,8,2,15,4
UL R D UR L BS U,2,12,54,8,2,15,3
UL R D UR U BS L,2,12,54,8,2,13,3
UL R L BS D U UR,2,12,54,8,2,16,4
UL R L BS U D UR,2,12,54,8,2,18,4
UL R L BS U UR D,2,12,54,8,2,15,4
UL R L D BS UR U,2,12,54,8,2,15,4
UL R L D UR BS U,2,12,54,8,2,17,4
UL R L U BS D UR,2,12,54,8,2,16,4
UL R L U BS UR D,2,12,54,8,2,17,4
UL R L U UR BS D,2,12,54,8,2,15,4
UL R U BS D L UR,2,12,54,8,2,14,3
UL R U BS D UR L,2,12,54,8,2,15,3
UL R U BS L D UR,2,12,54,8,2,14,3
UL R U BS L UR D,2,12,54,8,2,15,3
UL R U D BS L UR,2,12,54,8,2,16,4
UL R U D BS UR L,2,12,54,8,2,17,4
UL R U D UR BS L,2,12,54,8,2,17,4
UL R U L BS D UR,2,12,54,8,2,14,3
UL R U L BS UR D,2,12,54,8,2,15,3
UL R U L UR BS D,2,12,54,8,2,15,3
BS L UL D UR R U,2,11,55,7,2,12,3
BS L UL D UR U R,2,11,55,7,2,12,3
BS L UL UR D R U,2,11,55,7,2,12,3
BS L UL UR D U R,2,11,55,7,2,14,4
BS L UL UR U D R,2,11,55,7,2,12,4
BS L UL UR U R D,2,11,55,7,2,10,2
BS L UR UL D R U,2,11,55,7,2,14,3
BS L UR UL D U R,2,11,55,7,2,16,4
BS L UR UL U D R,2,11,55,7,2,14,4
BS L UR UL U R D,2,11,55,7,2,12,3
BS U UR UL L D R,2,11,55,7,2,10,2
BS U UR UL L R D,2,11,55,7,2,12,4
BS U UR UL R D L,2,11,55,7,2,12,3
BS U UR UL R L D,2,11,55,7,2,14,4
BS UR L UL D R U,2,11,55,7,2,14,3
BS UR L UL D U R,2,11,55,7,2,16,4
BS UR L UL U D R,2,11,55,7,2,14,4
BS UR L UL U R D,2,11,55,7,2,12,3
BS UR U UL L D R,2,11,55,7,2,10,3
BS UR U UL L R D,2,11,55,7,2,12,4
BS UR U UL R D L,2,11,55,7,2,12,3
BS UR U UL R L D,2,11,55,7,2,14,4
L BS UL D UR R U,2,11,55,7,2,12,3
L BS UL D UR U R,2,11,55,7,2,12,3
L BS UL UR D R U,2,11,55,7,2,12,3
L BS UL UR D U R,2,11,55,7,2,14,4
L BS UL UR U D R,2,11,55,7,2,12,4
L BS UL UR U R D,2,11,55,7,2,10,2
L BS UR UL D R U,2,11,55,7,2,14,3
L BS UR UL D U R,2,11,55,7,2,16,4
L BS UR UL U D R,2,11,55,7,2,14,4
L BS UR UL U R D,2,11,55,7,2,12,3
L UL BS D UR R U,2,11,55,7,2,10,3
L UL BS D UR U R,2,11,55,7,2,10,3
L UL BS UR D R U,2,11,55,7,2,12,3
L UL BS UR D U R,2,11,55,7,2,14,4
L UL BS UR U D R,2,11,55,7,2,12,4
L UL BS UR U R D,2,11,55,7,2,10,3
L UL UR BS D R U,2,11,55,7,2,12,3
L UL UR BS D U R,2,11,55,7,2,14,4
L UL UR BS U D R,2,11,55,7,2,14,4
L UL UR BS U R D,2,11,55,7,2,12,3
L UL UR U BS D R,2,11,55,7,2,10,2
L UL UR U BS R D,2,11,55,7,2,10,2
L UR BS UL D R U,2,11,55,7,2,14,3
L UR BS UL D U R,2,11,55,7,2,16,4
L UR BS UL U D R,2,11,55,7,2,14,4
L UR BS UL U R D,2,11,55,7,2,12,3
L UR UL BS D R U,2,11,55,7,2,12,3
L UR UL BS D U R,2,11,55,7,2,14,4
L UR UL BS U D R,2,11,55,7,2,14,4
L UR UL BS U R D,2,11,55,7,2,12,3
L UR UL U BS D R,2,11,55,7,2,12,3
L UR UL U BS R D,2,11,55,7,2,12,3
U BS UR UL L D R,2,11,55,7,2,12,3
U BS UR UL L R D,2,11,55,7,2,14,4
U BS UR UL R D L,2,11,55,7,2,14,3
U BS UR UL R L D,2,11,55,7,2,16,4
U UR BS UL L D R,2,11,55,7,2,10,3
U UR BS UL L R D,2,11,55,7,2,12,4
U UR BS UL R D L,2,11,55,7,2,12,3
U UR BS UL R L D,2,11,55,7,2,14,4
U UR UL BS L D R,2,11,55,7,2,10,2
U UR UL BS L R D,2,11,55,7,2,12,4
U UR UL BS R D L,2,11,55,7,2,10,2
U UR UL BS R L D,2,11,55,7,2,12,4
U UR UL L BS D R,2,11,55,7,2,10,2
U UR UL L BS R D,2,11,55,7,2,10,2
UR BS L UL D R U,2,11,55,7,2,13,3
UR BS L UL D U R,2,11,55,7,2,15,4
UR BS L UL U D R,2,11,55,7,2,13,4
UR BS L UL U R D,2,11,55,7,2,11,3
UR BS U UL L D R,2,11,55,7,2,11,3
UR BS U UL L R D,2,11,55,7,2,13,4
UR BS U UL R D L,2,11,55,7,2,13,3
UR BS U UL R L D,2,11,55,7,2,15,4
UR L BS UL D R U,2,11,55,7,2,13,3
UR L BS UL D U R,2,11,55,7,2,15,4
UR L BS UL U D R,2,11,55,7,2,13,4
UR L BS UL U R D,2,11,55,7,2,11,3
UR L UL BS D R U,2,11,55,7,2,11,3
UR L UL BS D U R,2,11,55,7,2,13,4
UR L UL BS U D R,2,11,55,7,2,13,4
UR L UL BS U R D,2,11,55,7,2,11,3
UR L UL U BS D R,2,11,55,7,2,11,3
UR L UL U BS R D,2,11,55,7,2,11,3
UR U BS UL L D R,2,11,55,7,2,9,2
UR U BS UL L R D,2,11,55,7,2,11,4
UR U BS UL R D L,2,11,55,7,2,11,3
UR U BS UL R L D,2,11,55,7,2,13,4
UR U UL BS L D R,2,11,55,7,2,9,2
UR U UL BS L R D,2,11,55,7,2,11,4
UR U UL BS R D L,2,11,55,7,2,9,2
UR U UL BS R L D,2,11,55,7,2,11,4
UR U UL L BS D R,2,11,55,7,2,9,2
UR U UL L BS R D,2,11,55,7,2,9,2
BS L R U UR D UL,2,12,55,9,2,15,4
BS L R U UR UL D,2,12,55,9,2,14,4
BS L U R UR D UL,2,12,55,9,2,13,3
BS L U R UR UL D,2,12,55,9,2,12,3
BS R L U UR D UL,2,12,55,9,2,15,4
BS R L U UR UL D,2,12,55,9,2,14,4
BS R U L UR D UL,2,12,55,9,2,15,3
BS R U L UR UL D,2,12,55,9,2,14,3
BS U L R UR D UL,2,12,55,9,2,15,4
BS U L R UR UL D,2,12,55,9,2,14,4
BS U R L UR D UL,2,12,55,9,2,17,4
BS U R L UR UL D,2,12,55,9,2,16,4
D L R UL BS U UR,2,12,55,9,2,13,4
D L R UL U BS UR,2,12,55,9,2,15,4
D L UL BS R U UR,2,12,55,9,2,9,2
D L UL R BS U UR,2,12,55,9,2,11,3
D L UL R U BS UR,2,12,55,9,2,13,3
D R L UL BS U UR,2,12,55,9,2,11,4
D R L UL U BS UR,2,12,55,9,2,13,4
D R U UL L BS UR,2,12,55,9,2,11,3
D U R UL L BS UR,2,12,55,9,2,15,4
L BS R U UR D UL,2,12,55,9,2,13,3
L BS R U UR UL D,2,12,55,9,2,12,3
L BS U R UR D UL,2,12,55,9,2,13,3
L BS U R UR UL D,2,12,55,9,2,12,3
L D R UL BS U UR,2,12,55,9,2,11,3
L D R UL U BS UR,2,12,55,9,2,13,3
L D UL BS R U UR,2,12,55,9,2,11,3
L D UL R BS U UR,2,12,55,9,2,13,3
L D UL R U BS UR,2,12,55,9,2,15,3
L R BS U UR D UL,2,12,55,9,2,15,4
L R BS U UR UL D,2,12,55,9,2,14,4
L R D UL BS U UR,2,12,55,9,2,13,4
L R D UL U BS UR,2,12,55,9,2,15,4
L R U BS UR D UL,2,12,55,9,2,17,4
L R U BS UR UL D,2,12,55,9,2,16,4
L R U UR BS D UL,2,12,55,9,2,15,4
L R U UR BS UL D,2,12,55,9,2,14,4
L R U UR D BS UL,2,12,55,9,2,13,4
L R U UR UL BS D,2,12,55,9,2,12,4
L R UL D BS U UR,2,12,55,9,2,15,4
L R UL D U BS UR,2,12,55,9,2,19,4
L R UL U D BS UR,2,12,55,9,2,17,4
L U BS R UR D UL,2,12,55,9,2,13,3
L U BS R UR UL D,2,12,55,9,2,12,3
L U R BS UR D UL,2,12,55,9,2,15,3
L U R BS UR UL D,2,12,55,9,2,14,3
L U R UR BS D UL,2,12,55,9,2,13,3
L U R UR BS UL D,2,12,55,9,2,12,3
L U R UR D BS UL,2,12,55,9,2,11,3
L U R UR UL BS D,2,12,55,9,2,10,2
L UL D BS R U UR,2,12,55,9,2,11,3
L UL D R BS U UR,2,12,55,9,2,11,3
L UL D R U BS UR,2,12,55,9,2,13,3
L UL R D BS U UR,2,12,55,9,2,11,3
L UL R D U BS UR,2,12,55,9,2,15,4
L UL R U D BS UR,2,12,55,9,2,15,4
R BS L U UR D UL,2,12,55,9,2,13,3
R BS L U UR UL D,2,12,55,9,2,12,3
R BS U L UR D UL,2,12,55,9,2,15,3
R BS U L UR UL D,2,12,55,9,2,14,3
R D L UL BS U UR,2,12,55,9,2,9,2
R D L UL U BS UR,2,12,55,9,2,11,3
R D U UL L BS UR,2,12,55,9,2,13,4
R L BS U UR D UL,2,12,55,9,2,15,4
R L BS U UR UL D,2,12,55,9,2,14,4
R L D UL BS U UR,2,12,55,9,2,13,4
R L D UL U BS UR,2,12,55,9,2,15,4
R L U BS UR D UL,2,12,55,9,2,17,4
R L U BS UR UL D,2,12,55,9,2,16,4
R L U UR BS D UL,2,12,55,9,2,15,4
R L U UR BS UL D,2,12,55,9,2,14,4
R L U UR D BS UL,2,12,55,9,2,13,4
R L U UR UL BS D,2,12,55,9,2,12,4
R L UL D BS U UR,2,12,55,9,2,13,4
R L UL D U BS UR,2,12,55,9,2,17,4
R L UL U D BS UR,2,12,55,9,2,15,4
R U BS L UR D UL,2,12,55,9,2,15,3
R U BS L UR UL D,2,12,55,9,2,14,3
R U D UL L BS UR,2,12,55,9,2,15,4
R U L BS UR D UL,2,12,55,9,2,15,3
R U L BS UR UL D,2,12,55,9,2,14,3
R U L UR BS D UL,2,12,55,9,2,15,3
R U L UR BS UL D,2,12,55,9,2,14,3
R U L UR D BS UL,2,12,55,9,2,13,3
R U L UR UL BS D,2,12,55,9,2,12,3
R U UL D L BS UR,2,12,55,9,2,13,3
R U UL L D BS UR,2,12,55,9,2,11,3
U BS L R UR D UL,2,12,55,9,2,15,4
U BS L R UR UL D,2,12,55,9,2,14,4
U BS R L UR D UL,2,12,55,9,2,17,4
U BS R L UR UL D,2,12,55,9,2,16,4
U D R UL L BS UR,2,12,55,9,2,15,4
U L BS R UR D UL,2,12,55,9,2,13,3
U L BS R UR UL D,2,12,55,9,2,12,3
U L R BS UR D UL,2,12,55,9,2,17,4
U L R BS UR UL D,2,12,55,9,2,16,4
U L R UR BS D UL,2,12,55,9,2,15,4
U L R UR BS UL D,2,12,55,9,2,14,4
U L R UR D BS UL,2,12,55,9,2,13,4
U L R UR UL BS D,2,12,55,9,2,12,4
U R BS L UR D UL,2,12,55,9,2,15,3
U R BS L UR UL D,2,12,55,9,2,14,3
U R D UL L BS UR,2,12,55,9,2,13,3
U R L BS UR D UL,2,12,55,9,2,17,4
U R L BS UR UL D,2,12,55,9,2,16,4
U R L UR BS D UL,2,12,55,9,2,17,4
U R L UR BS UL D,2,12,55,9,2,16,4
U R L UR D BS UL,2,12,55,9,2,15,4
U R L UR UL BS D,2,12,55,9,2,14,4
U R UL D L BS UR,2,12,55,9,2,15,3
U R UL L D BS UR,2,12,55,9,2,13,3
BS D UL L UR R U,2,11,56,7,2,12,3
BS D UL L UR U R,2,11,56,7,2,12,3
BS D UL UR L R U,2,11,56,7,2,16,4
BS D UL UR L U R,2,11,56,7,2,14,3
BS D UL UR R L U,2,11,56,7,2,14,4
BS D UL UR R U L,2,11,56,7,2,12,3
BS D UR R UL L U,2,11,56,7,2,12,3
BS D UR R UL U L,2,11,56,7,2,12,3
BS D UR UL L R U,2,11,56,7,2,14,4
BS D UR UL L U R,2,11,56,7,2,12,3
BS D UR UL R L U,2,11,56,7,2,16,4
BS D UR UL R U L,2,11,56,7,2,14,3
BS UL D L UR R U,2,11,56,7,2,12,3
BS UL D L UR U R,2,11,56,7,2,12,3
BS UL D UR L R U,2,11,56,7,2,16,4
BS UL D UR L U R,2,11,56,7,2,14,3
BS UL D UR R L U,2,11,56,7,2,14,4
BS UL D UR R U L,2,11,56,7,2,12,3
BS UL L D UR R U,2,11,56,7,2,10,3
BS UL L D UR U R,2,11,56,7,2,10,3
BS UL L UR D R U,2,11,56,7,2,12,3
BS UL L UR D U R,2,11,56,7,2,14,4
BS UL L UR U D R,2,11,56,7,2,12,4
BS UL L UR U R D,2,11,56,7,2,10,3
BS UL UR D L R U,2,11,56,7,2,14,4
BS UL UR D L U R,2,11,56,7,2,12,3
BS UL UR D R L U,2,11,56,7,2,14,4
BS UL UR D R U L,2,11,56,7,2,12,3
BS UL UR L D R U,2,11,56,7,2,12,3
BS UL UR L D U R,2,11,56,7,2,14,4
BS UL UR L U D R,2,11,56,7,2,14,4
BS UL UR L U R D,2,11,56,7,2,12,3
BS UL UR R D L U,2,11,56,7,2,10,2
BS UL UR R D U L,2,11,56,7,2,12,4
BS UL UR R U D L,2,11,56,7,2,12,4
BS UL UR R U L D,2,11,56,7,2,10,2
BS UL UR U L D R,2,11,56,7,2,10,2
BS UL UR U L R D,2,11,56,7,2,12,4
BS UL UR U R D L,2,11,56,7,2,10,2
BS UL UR U R L D,2,11,56,7,2,12,4
BS UR D R UL L U,2,11,56,7,2,14,3
BS UR D R UL U L,2,11,56,7,2,14,3
BS UR D UL L R U,2,11,56,7,2,16,4
BS UR D UL L U R,2,11,56,7,2,14,3
BS UR D UL R L U,2,11,56,7,2,18,4
BS UR D UL R U L,2,11,56,7,2,16,3
BS UR R D UL L U,2,11,56,7,2,12,3
BS UR R D UL U L,2,11,56,7,2,12,3
BS UR R UL D L U,2,11,56,7,2,14,3
BS UR R UL D U L,2,11,56,7,2,16,4
BS UR R UL U D L,2,11,56,7,2,14,4
BS UR R UL U L D,2,11,56,7,2,12,3
BS UR UL D L R U,2,11,56,7,2,16,4
BS UR UL D L U R,2,11,56,7,2,14,3
BS UR UL D R L U,2,11,56,7,2,16,4
BS UR UL D R U L,2,11,56,7,2,14,3
BS UR UL L D R U,2,11,56,7,2,12,3
BS UR UL L D U R,2,11,56,7,2,14,4
BS UR UL L U D R,2,11,56,7,2,14,4
BS UR UL L U R D,2,11,56,7,2,12,3
BS UR UL R D L U,2,11,56,7,2,14,3
BS UR UL R D U L,2,11,56,7,2,16,4
BS UR UL R U D L,2,11,56,7,2,16,4
BS UR UL R U L D,2,11,56,7,2,14,3
BS UR UL U L D R,2,11,56,7,2,12,3
BS UR UL U L R D,2,11,56,7,2,14,4
BS UR UL U R D L,2,11,56,7,2,12,3
BS UR UL U R L D,2,11,56,7,2,14,4
D BS UL L UR R U,2,11,56,7,2,10,3
D BS UL L UR U R,2,11,56,7,2,10,3
D BS UL UR L R U,2,11,56,7,2,14,4
D BS UL UR L U R,2,11,56,7,2,12,3
D BS UL UR R L U,2,11,56,7,2,12,4
D BS UL UR R U L,2,11,56,7,2,10,2
D BS UR R UL L U,2,11,56,7,2,12,3
D BS UR R UL U L,2,11,56,7,2,12,3
D BS UR UL L R U,2,11,56,7,2,14,4
D BS UR UL L U R,2,11,56,7,2,12,3
D BS UR UL R L U,2,11,56,7,2,16,4
D BS UR UL R U L,2,11,56,7,2,14,3
D UL BS L UR R U,2,11,56,7,2,12,3
D UL BS L UR U R,2,11,56,7,2,12,3
D UL BS UR L R U,2,11,56,7,2,16,4
D UL BS UR L U R,2,11,56,7,2,14,3
D UL BS UR R L U,2,11,56,7,2,14,4
D UL BS UR R U L,2,11,56,7,2,12,3
D UL UR BS L R U,2,11,56,7,2,16,4
D UL UR BS L U R,2,11,56,7,2,14,3
D UL UR BS R L U,2,11,56,7,2,16,4
D UL UR BS R U L,2,11,56,7,2,14,3
D UL UR R BS L U,2,11,56,7,2,12,3
D UL UR R BS U L,2,11,56,7,2,12,3
D UR BS R UL L U,2,11,56,7,2,14,3
D UR BS R UL U L,2,11,56,7,2,14,3
D UR BS UL L R U,2,11,56,7,2,14,4
D UR BS UL L U R,2,11,56,7,2,12,3
D UR BS UL R L U,2,11,56,7,2,16,4
D UR BS UL R U L,2,11,56,7,2,14,3
D UR R BS UL L U,2,11,56,7,2,10,3
D UR R BS UL U L,2,11,56,7,2,10,3
D UR R UL BS L U,2,11,56,7,2,12,3
D UR R UL BS U L,2,11,56,7,2,12,3
D UR UL BS L R U,2,11,56,7,2,14,4
D UR UL BS L U R,2,11,56,7,2,12,3
D UR UL BS R L U,2,11,56,7,2,14,4
D UR UL BS R U L,2,11,56,7,2,12,3
D UR UL R BS L U,2,11,56,7,2,14,3
D UR UL R BS U L,2,11,56,7,2,14,3
UL BS D L UR R U,2,11,56,7,2,11,3
UL BS D L UR U R,2,11,56,7,2,11,3
UL BS D UR L R U,2,11,56,7,2,15,4
UL BS D UR L U R,2,11,56,7,2,13,3
UL BS D UR R L U,2,11,56,7,2,13,4
UL BS D UR R U L,2,11,56,7,2,11,3
UL BS L D UR R U,2,11,56,7,2,11,3
UL BS L D UR U R,2,11,56,7,2,11,3
UL BS L UR D R U,2,11,56,7,2,13,3
UL BS L UR D U R,2,11,56,7,2,15,4
UL BS L UR U D R,2,11,56,7,2,13,4
UL BS L UR U R D,2,11,56,7,2,11,3
UL BS UR D L R U,2,11,56,7,2,15,4
UL BS UR D L U R,2,11,56,7,2,13,3
UL BS UR D R L U,2,11,56,7,2,15,4
UL BS UR D R U L,2,11,56,7,2,13,3
UL BS UR L D R U,2,11,56,7,2,13,3
UL BS UR L D U R,2,11,56,7,2,15,4
UL BS UR L U D R,2,11,56,7,2,15,4
UL BS UR L U R D,2,11,56,7,2,13,3
UL BS UR R D L U,2,11,56,7,2,11,3
UL BS UR R D U L,2,11,56,7,2,13,4
UL BS UR R U D L,2,11,56,7,2,13,4
UL BS UR R U L D,2,11,56,7,2,11,3
UL BS UR U L D R,2,11,56,7,2,11,3
UL BS UR U L R D,2,11,56,7,2,13,4
UL BS UR U R D L,2,11,56,7,2,11,3
UL BS UR U R L D,2,11,56,7,2,13,4
UL D BS L UR R U,2,11,56,7,2,13,3
UL D BS L UR U R,2,11,56,7,2,13,3
UL D BS UR L R U,2,11,56,7,2,17,4
UL D BS UR L U R,2,11,56,7,2,15,3
UL D BS UR R L U,2,11,56,7,2,15,4
UL D BS UR R U L,2,11,56,7,2,13,3
UL D UR BS L R U,2,11,56,7,2,17,4
UL D UR BS L U R,2,11,56,7,2,15,3
UL D UR BS R L U,2,11,56,7,2,17,4
UL D UR BS R U L,2,11,56,7,2,15,3
UL D UR R BS L U,2,11,56,7,2,13,3
UL D UR R BS U L,2,11,56,7,2,13,3
UL L BS D UR R U,2,11,56,7,2,11,3
UL L BS D UR U R,2,11,56,7,2,11,3
UL L BS UR D R U,2,11,56,7,2,13,3
UL L BS UR D U R,2,11,56,7,2,15,4
UL L BS UR U D R,2,11,56,7,2,13,4
UL L BS UR U R D,2,11,56,7,2,11,3
UL L UR BS D R U,2,11,56,7,2,13,3
UL L UR BS D U R,2,11,56,7,2,15,4
UL L UR BS U D R,2,11,56,7,2,15,4
UL L UR BS U R D,2,11,56,7,2,13,3
UL L UR U BS D R,2,11,56,7,2,11,3
UL L UR U BS R D,2,11,56,7,2,11,3
UL UR BS D L R U,2,11,56,7,2,15,4
UL UR BS D L U R,2,11,56,7,2,13,3
UL UR BS D R L U,2,11,56,7,2,15,4
UL UR BS D R U L,2,11,56,7,2,13,3
UL UR BS L D R U,2,11,56,7,2,13,3
UL UR BS L D U R,2,11,56,7,2,15,4
UL UR BS L U D R,2,11,56,7,2,15,4
UL UR BS L U R D,2,11,56,7,2,13,3
UL UR BS R D L U,2,11,56,7,2,13,3
UL UR BS R D U L,2,11,56,7,2,15,4
UL UR BS R U D L,2,11,56,7,2,15,4
UL UR BS R U L D,2,11,56,7,2,13,3
UL UR BS U L D R,2,11,56,7,2,13,3
UL UR BS U L R D,2,11,56,7,2,15,4
UL UR BS U R D L,2,11,56,7,2,13,3
UL UR BS U R L D,2,11,56,7,2,15,4
UL UR D BS L R U,2,11,56,7,2,15,4
UL UR D BS L U R,2,11,56,7,2,13,3
UL UR D BS R L U,2,11,56,7,2,15,4
UL UR D BS R U L,2,11,56,7,2,13,3
UL UR D R BS L U,2,11,56,7,2,13,3
UL UR D R BS U L,2,11,56,7,2,13,3
UL UR L BS D R U,2,11,56,7,2,13,3
UL UR L BS D U R,2,11,56,7,2,15,4
UL UR L BS U D R,2,11,56,7,2,15,4
UL UR L BS U R D,2,11,56,7,2,13,3
UL UR L U BS D R,2,11,56,7,2,13,3
UL UR L U BS R D,2,11,56,7,2,13,3
UL UR R BS D L U,2,11,56,7,2,11,2
UL UR R BS D U L,2,11,56,7,2,13,4
UL UR R BS U D L,2,11,56,7,2,13,4
UL UR R BS U L D,2,11,56,7,2,11,2
UL UR R D BS L U,2,11,56,7,2,11,2
UL UR R D BS U L,2,11,56,7,2,11,2
UL UR U BS L D R,2,11,56,7,2,11,2
UL UR U BS L R D,2,11,56,7,2,13,4
UL UR U BS R D L,2,11,56,7,2,11,2
UL UR U BS R L D,2,11,56,7,2,13,4
UL UR U L BS D R,2,11,56,7,2,11,2
UL UR U L BS R D,2,11,56,7,2,11,2
UR BS D R UL L U,2,11,56,7,2,13,3
UR BS D R UL U L,2,11,56,7,2,13,3
UR BS D UL L R U,2,11,56,7,2,15,4
UR BS D UL L U R,2,11,56,7,2,13,3
UR BS D UL R L U,2,11,56,7,2,17,4
UR BS D UL R U L,2,11,56,7,2,15,3
UR BS R D UL L U,2,11,56,7,2,13,3
UR BS R D UL U L,2,11,56,7,2,13,3
UR BS R UL D L U,2,11,56,7,2,15,3
UR BS R UL D U L,2,11,56,7,2,17,4
UR BS R UL U D L,2,11,56,7,2,15,4
UR BS R UL U L D,2,11,56,7,2,13,3
UR BS UL D L R U,2,11,56,7,2,15,4
UR BS UL D L U R,2,11,56,7,2,13,3
UR BS UL D R L U,2,11,56,7,2,15,4
UR BS UL D R U L,2,11,56,7,2,13,3
UR BS UL L D R U,2,11,56,7,2,11,3
UR BS UL L D U R,2,11,56,7,2,13,4
UR BS UL L U D R,2,11,56,7,2,13,4
UR BS UL L U R D,2,11,56,7,2,11,3
UR BS UL R D L U,2,11,56,7,2,13,3
UR BS UL R D U L,2,11,56,7,2,15,4
UR BS UL R U D L,2,11,56,7,2,15,4
UR BS UL R U L D,2,11,56,7,2,13,3
UR BS UL U L D R,2,11,56,7,2,11,3
UR BS UL U L R D,2,11,56,7,2,13,4
UR BS UL U R D L,2,11,56,7,2,11,3
UR BS UL U R L D,2,11,56,7,2,13,4
UR D BS R UL L U,2,11,56,7,2,13,3
UR D BS R UL U L,2,11,56,7,2,13,3
UR D BS UL L R U,2,11,56,7,2,13,4
UR D BS UL L U R,2,11,56,7,2,11,3
UR D BS UL R L U,2,11,56,7,2,15,4
UR D BS UL R U L,2,11,56,7,2,13,3
UR D R BS UL L U,2,11,56,7,2,11,3
UR D R BS UL U L,2,11,56,7,2,11,3
UR D R UL BS L U,2,11,56,7,2,13,3
UR D R UL BS U L,2,11,56,7,2,13,3
UR D UL BS L R U,2,11,56,7,2,15,4
UR D UL BS L U R,2,11,56,7,2,13,3
UR D UL BS R L U,2,11,56,7,2,15,4
UR D UL BS R U L,2,11,56,7,2,13,3
UR D UL R BS L U,2,11,56,7,2,15,3
UR D UL R BS U L,2,11,56,7,2,15,3
UR R BS D UL L U,2,11,56,7,2,11,3
UR R BS D UL U L,2,11,56,7,2,11,3
UR R BS UL D L U,2,11,56,7,2,11,3
UR R BS UL D U L,2,11,56,7,2,13,4
UR R BS UL U D L,2,11,56,7,2,11,4
UR R BS UL U L D,2,11,56,7,2,9,2
UR R D BS UL L U,2,11,56,7,2,9,2
UR R D BS UL U L,2,11,56,7,2,9,2
UR R D UL BS L U,2,11,56,7,2,11,3
UR R D UL BS U L,2,11,56,7,2,11,3
UR R UL BS D L U,2,11,56,7,2,11,3
UR R UL BS D U L,2,11,56,7,2,13,4
UR R UL BS U D L,2,11,56,7,2,13,4
UR R UL BS U L D,2,11,56,7,2,11,3
UR R UL D BS L U,2,11,56,7,2,13,3
UR R UL D BS U L,2,11,56,7,2,13,3
UR UL BS D L R U,2,11,56,7,2,13,4
UR UL BS D L U R,2,11,56,7,2,11,2
UR UL BS D R L U,2,11,56,7,2,13,4
UR UL BS D R U L,2,11,56,7,2,11,2
UR UL BS L D R U,2,11,56,7,2,11,2
UR UL BS L D U R,2,11,56,7,2,13,4
UR UL BS L U D R,2,11,56,7,2,13,4
UR UL BS L U R D,2,11,56,7,2,11,2
UR UL BS R D L U,2,11,56,7,2,11,2
UR UL BS R D U L,2,11,56,7,2,13,4
UR UL BS R U D L,2,11,56,7,2,13,4
UR UL BS R U L D,2,11,56,7,2,11,2
UR UL BS U L D R,2,11,56,7,2,11,2
UR UL BS U L R D,2,11,56,7,2,13,4
UR UL BS U R D L,2,11,56,7,2,11,2
UR UL BS U R L D,2,11,56,7,2,13,4
UR UL D BS L R U,2,11,56,7,2,15,4
UR UL D BS L U R,2,11,56,7,2,13,3
UR UL D BS R L U,2,11,56,7,2,15,4
UR UL D BS R U L,2,11,56,7,2,13,3
UR UL D R BS L U,2,11,56,7,2,13,3
UR UL D R BS U L,2,11,56,7,2,13,3
UR UL L BS D R U,2,11,56,7,2,11,2
UR UL L BS D U R,2,11,56,7,2,13,4
UR UL L BS U D R,2,11,56,7,2,13,4
UR UL L BS U R D,2,11,56,7,2,11,2
UR UL L U BS D R,2,11,56,7,2,11,2
UR UL L U BS R D,2,11,56,7,2,11,2
UR UL R BS D L U,2,11,56,7,2,13,3
UR UL R BS D U L,2,11,56,7,2,15,4
UR UL R BS U D L,2,11,56,7,2,15,4
UR UL R BS U L D,2,11,56,7,2,13,3
UR UL R D BS L U,2,11,56,7,2,13,3
UR UL R D BS U L,2,11,56,7,2,13,3
UR UL U BS L D R,2,11,56,7,2,11,2
UR UL U BS L R D,2,11,56,7,2,13,4
UR UL U BS R D L,2,11,56,7,2,11,2
UR UL U BS R L D,2,11,56,7,2,13,4
UR UL U L BS D R,2,11,56,7,2,11,2
UR UL U L BS R D,2,11,56,7,2,11,2
D R UL L BS U UR,2,12,56,9,2,11,3
D R UL L U BS UR,2,12,56,9,2,13,3
D R UL U L BS UR,2,12,56,9,2,13,3
D UL L BS R U UR,2,12,56,9,2,11,3
D UL L R BS U UR,2,12,56,9,2,13,4
D UL L R U BS UR,2,12,56,9,2,15,4
D UL R L BS U UR,2,12,56,9,2,15,4
D UL R L U BS UR,2,12,56,9,2,17,4
D UL R U L BS UR,2,12,56,9,2,15,3
R D UL L BS U UR,2,12,56,9,2,11,3
R D UL L U BS UR,2,12,56,9,2,13,3
R D UL U L BS UR,2,12,56,9,2,13,3
R UL D L BS U UR,2,12,56,9,2,13,3
R UL D L U BS UR,2,12,56,9,2,15,3
R UL D U L BS UR,2,12,56,9,2,17,4
R UL L D BS U UR,2,12,56,9,2,11,3
R UL L D U BS UR,2,12,56,9,2,15,4
R UL L U D BS UR,2,12,56,9,2,15,4
R UL U D L BS UR,2,12,56,9,2,15,4
R UL U L D BS UR,2,12,56,9,2,13,3
UL D L BS R U UR,2,12,56,9,2,12,3
UL D L R BS U UR,2,12,56,9,2,14,4
UL D L R U BS UR,2,12,56,9,2,16,4
UL D R L BS U UR,2,12,56,9,2,14,4
UL D R L U BS UR,2,12,56,9,2,16,4
UL D R U L BS UR,2,12,56,9,2,14,3
UL L D BS R U UR,2,12,56,9,2,10,2
UL L D R BS U UR,2,12,56,9,2,10,2
UL L D R U BS UR,2,12,56,9,2,12,3
UL L R D BS U UR,2,12,56,9,2,12,4
UL L R D U BS UR,2,12,56,9,2,16,4
UL L R U D BS UR,2,12,56,9,2,16,4
UL R D L BS U UR,2,12,56,9,2,12,3
UL R D L U BS UR,2,12,56,9,2,14,3
UL R D U L BS UR,2,12,56,9,2,16,4
UL R L D BS U UR,2,12,56,9,2,14,4
UL R L D U BS UR,2,12,56,9,2,18,4
UL R L U D BS UR,2,12,56,9,2,18,4
UL R U D L BS UR,2,12,56,9,2,16,4
UL R U L D BS UR,2,12,56,9,2,14,3
BS R UL UR D L U,2,12,57,7,2,14,3
BS R UL UR D U L,2,12,57,7,2,16,4
BS R UL UR U D L,2,12,57,7,2,14,4
BS R UL UR U L D,2,12,57,7,2,12,3
BS R UR D UL L U,2,12,57,7,2,12,3
BS R UR D UL U L,2,12,57,7,2,12,3
BS R UR UL D L U,2,12,57,7,2,12,3
BS R UR UL D U L,2,12,57,7,2,14,4
BS R UR UL U D L,2,12,57,7,2,12,4
BS R UR UL U L D,2,12,57,7,2,10,2
BS UL R UR D L U,2,12,57,7,2,12,3
BS UL R UR D U L,2,12,57,7,2,14,4
BS UL R UR U D L,2,12,57,7,2,12,4
BS UL R UR U L D,2,12,57,7,2,10,3
R BS UL UR D L U,2,12,57,7,2,12,3
R BS UL UR D U L,2,12,57,7,2,14,4
R BS UL UR U D L,2,12,57,7,2,12,4
R BS UL UR U L D,2,12,57,7,2,10,2
R BS UR D UL L U,2,12,57,7,2,14,3
R BS UR D UL U L,2,12,57,7,2,14,3
R BS UR UL D L U,2,12,57,7,2,14,3
R BS UR UL D U L,2,12,57,7,2,16,4
R BS UR UL U D L,2,12,57,7,2,14,4
R BS UR UL U L D,2,12,57,7,2,12,3
R UL BS UR D L U,2,12,57,7,2,14,3
R UL BS UR D U L,2,12,57,7,2,16,4
R UL BS UR U D L,2,12,57,7,2,14,4
R UL BS UR U L D,2,12,57,7,2,12,3
R UL UR BS D L U,2,12,57,7,2,14,3
R UL UR BS D U L,2,12,57,7,2,16,4
R UL UR BS U D L,2,12,57,7,2,16,4
R UL UR BS U L D,2,12,57,7,2,14,3
R UL UR D BS L U,2,12,57,7,2,14,3
R UL UR D BS U L,2,12,57,7,2,14,3
R UR BS D UL L U,2,12,57,7,2,12,3
R UR BS D UL U L,2,12,57,7,2,12,3
R UR BS UL D L U,2,12,57,7,2,12,3
R UR BS UL D U L,2,12,57,7,2,14,4
R UR BS UL U D L,2,12,57,7,2,12,4
R UR BS UL U L D,2,12,57,7,2,10,3
R UR D BS UL L U,2,12,57,7,2,10,3
R UR D BS UL U L,2,12,57,7,2,10,3
R UR D UL BS L U,2,12,57,7,2,12,3
R UR D UL BS U L,2,12,57,7,2,12,3
R UR UL BS D L U,2,12,57,7,2,10,2
R UR UL BS D U L,2,12,57,7,2,12,4
R UR UL BS U D L,2,12,57,7,2,12,4
R UR UL BS U L D,2,12,57,7,2,10,2
R UR UL D BS L U,2,12,57,7,2,12,3
R UR UL D BS U L,2,12,57,7,2,12,3
UL BS R UR D L U,2,12,57,7,2,11,3
UL BS R UR D U L,2,12,57,7,2,13,4
UL BS R UR U D L,2,12,57,7,2,11,4
UL BS R UR U L D,2,12,57,7,2,9,2
UL R BS UR D L U,2,12,57,7,2,15,3
UL R BS UR D U L,2,12,57,7,2,17,4
UL R BS UR U D L,2,12,57,7,2,15,4
UL R BS UR U L D,2,12,57,7,2,13,3
UL R UR BS D L U,2,12,57,7,2,13,3
UL R UR BS D U L,2,12,57,7,2,15,4
UL R UR BS U D L,2,12,57,7,2,15,4
UL R UR BS U L D,2,12,57,7,2,13,3
UL R UR D BS L U,2,12,57,7,2,13,3
UL R UR D BS U L,2,12,57,7,2,13,3
BS D U UR UL L R,2,11,57,8,2,14,4
BS D U UR UL R L,2,11,57,8,2,16,4
BS D UR U UL L R,2,11,57,8,2,12,4
BS D UR U UL R L,2,11,57,8,2,14,4
BS L UL UR R D U,2,11,57,8,2,12,4
BS L UL UR R U D,2,11,57,8,2,12,4
BS L UR R UL D U,2,11,57,8,2,16,4
BS L UR R UL U D,2,11,57,8,2,14,4
BS L UR UL R D U,2,11,57,8,2,16,4
BS L UR UL R U D,2,11,57,8,2,16,4
BS U D UR UL L R,2,11,57,8,2,16,4
BS U D UR UL R L,2,11,57,8,2,18,4
BS U UR D UL L R,2,11,57,8,2,14,4
BS U UR D UL R L,2,11,57,8,2,16,4
BS U UR UL D L R,2,11,57,8,2,14,4
BS U UR UL D R L,2,11,57,8,2,14,4
BS UR D U UL L R,2,11,57,8,2,16,4
BS UR D U UL R L,2,11,57,8,2,18,4
BS UR L R UL D U,2,11,57,8,2,20,4
BS UR L R UL U D,2,11,57,8,2,18,4
BS UR L UL R D U,2,11,57,8,2,16,4
BS UR L UL R U D,2,11,57,8,2,16,4
BS UR R L UL D U,2,11,57,8,2,16,4
BS UR R L UL U D,2,11,57,8,2,14,4
BS UR U D UL L R,2,11,57,8,2,16,4
BS UR U D UL R L,2,11,57,8,2,18,4
BS UR U UL D L R,2,11,57,8,2,14,4
BS UR U UL D R L,2,11,57,8,2,14,4
D BS U UR UL L R,2,11,57,8,2,12,4
D BS U UR UL R L,2,11,57,8,2,14,4
D BS UR U UL L R,2,11,57,8,2,12,4
D BS UR U UL R L,2,11,57,8,2,14,4
D L UL BS UR R U,2,11,57,8,2,10,3
D L UL BS UR U R,2,11,57,8,2,10,3
D L UL UR BS R U,2,11,57,8,2,12,3
D L UL UR BS U R,2,11,57,8,2,12,3
D L UL UR R BS U,2,11,57,8,2,10,2
D L UL UR U BS R,2,11,57,8,2,10,2
D L UR R UL BS U,2,11,57,8,2,12,3
D L UR UL BS R U,2,11,57,8,2,12,3
D L UR UL BS U R,2,11,57,8,2,12,3
D L UR UL R BS U,2,11,57,8,2,14,3
D L UR UL U BS R,2,11,57,8,2,12,3
D U BS UR UL L R,2,11,57,8,2,16,4
D U BS UR UL R L,2,11,57,8,2,18,4
D U UR BS UL L R,2,11,57,8,2,14,4
D U UR BS UL R L,2,11,57,8,2,16,4
D U UR R UL BS L,2,11,57,8,2,12,4
D U UR UL BS L R,2,11,57,8,2,14,4
D U UR UL BS R L,2,11,57,8,2,14,4
D U UR UL L BS R,2,11,57,8,2,12,4
D U UR UL R BS L,2,11,57,8,2,14,4
D UR BS U UL L R,2,11,57,8,2,14,4
D UR BS U UL R L,2,11,57,8,2,16,4
D UR L R UL BS U,2,11,57,8,2,16,4
D UR L UL BS R U,2,11,57,8,2,12,3
D UR L UL BS U R,2,11,57,8,2,12,3
D UR L UL R BS U,2,11,57,8,2,14,3
D UR L UL U BS R,2,11,57,8,2,12,3
D UR R L UL BS U,2,11,57,8,2,12,4
D UR R U UL BS L,2,11,57,8,2,10,3
D UR U BS UL L R,2,11,57,8,2,12,4
D UR U BS UL R L,2,11,57,8,2,14,4
D UR U R UL BS L,2,11,57,8,2,12,3
D UR U UL BS L R,2,11,57,8,2,12,4
D UR U UL BS R L,2,11,57,8,2,12,4
D UR U UL L BS R,2,11,57,8,2,10,3
D UR U UL R BS L,2,11,57,8,2,12,3
L BS UL UR R D U,2,11,57,8,2,12,4
L BS UL UR R U D,2,11,57,8,2,12,4
L BS UR R UL D U,2,11,57,8,2,16,4
L BS UR R UL U D,2,11,57,8,2,14,4
L BS UR UL R D U,2,11,57,8,2,16,4
L BS UR UL R U D,2,11,57,8,2,16,4
L D UL BS UR R U,2,11,57,8,2,12,3
L D UL BS UR U R,2,11,57,8,2,12,3
L D UL UR BS R U,2,11,57,8,2,14,3
L D UL UR BS U R,2,11,57,8,2,14,3
L D UL UR R BS U,2,11,57,8,2,12,3
L D UL UR U BS R,2,11,57,8,2,12,3
L D UR R UL BS U,2,11,57,8,2,12,3
L D UR UL BS R U,2,11,57,8,2,12,3
L D UR UL BS U R,2,11,57,8,2,12,3
L D UR UL R BS U,2,11,57,8,2,14,3
L D UR UL U BS R,2,11,57,8,2,12,3
L UL BS UR R D U,2,11,57,8,2,12,4
L UL BS UR R U D,2,11,57,8,2,12,4
L UL D BS UR R U,2,11,57,8,2,12,3
L UL D BS UR U R,2,11,57,8,2,12,3
L UL D UR BS R U,2,11,57,8,2,14,3
L UL D UR BS U R,2,11,57,8,2,14,3
L UL D UR R BS U,2,11,57,8,2,12,3
L UL D UR U BS R,2,11,57,8,2,12,3
L UL UR BS R D U,2,11,57,8,2,14,4
L UL UR BS R U D,2,11,57,8,2,14,4
L UL UR D BS R U,2,11,57,8,2,12,3
L UL UR D BS U R,2,11,57,8,2,12,3
L UL UR D R BS U,2,11,57,8,2,12,3
L UL UR D U BS R,2,11,57,8,2,14,4
L UL UR R BS D U,2,11,57,8,2,12,4
L UL UR R BS U D,2,11,57,8,2,12,4
L UL UR R D BS U,2,11,57,8,2,10,2
L UL UR R U BS D,2,11,57,8,2,10,2
L UL UR U D BS R,2,11,57,8,2,12,4
L UL UR U R BS D,2,11,57,8,2,10,2
L UR BS R UL D U,2,11,57,8,2,18,4
L UR BS R UL U D,2,11,57,8,2,16,4
L UR BS UL R D U,2,11,57,8,2,16,4
L UR BS UL R U D,2,11,57,8,2,16,4
L UR D R UL BS U,2,11,57,8,2,14,3
L UR D UL BS R U,2,11,57,8,2,14,3
L UR D UL BS U R,2,11,57,8,2,14,3
L UR D UL R BS U,2,11,57,8,2,16,3
L UR D UL U BS R,2,11,57,8,2,14,3
L UR R BS UL D U,2,11,57,8,2,14,4
L UR R BS UL U D,2,11,57,8,2,12,4
L UR R D UL BS U,2,11,57,8,2,12,3
L UR R UL BS D U,2,11,57,8,2,14,4
L UR R UL BS U D,2,11,57,8,2,14,4
L UR R UL D BS U,2,11,57,8,2,14,3
L UR R UL U BS D,2,11,57,8,2,12,3
L UR UL BS R D U,2,11,57,8,2,14,4
L UR UL BS R U D,2,11,57,8,2,14,4
L UR UL D BS R U,2,11,57,8,2,14,3
L UR UL D BS U R,2,11,57,8,2,14,3
L UR UL D R BS U,2,11,57,8,2,14,3
L UR UL D U BS R,2,11,57,8,2,16,4
L UR UL R BS D U,2,11,57,8,2,16,4
L UR UL R BS U D,2,11,57,8,2,16,4
L UR UL R D BS U,2,11,57,8,2,14,3
L UR UL R U BS D,2,11,57,8,2,14,3
L UR UL U D BS R,2,11,57,8,2,14,4
L UR UL U R BS D,2,11,57,8,2,12,3
U BS D UR UL L R,2,11,57,8,2,14,4
U BS D UR UL R L,2,11,57,8,2,16,4
U BS UR D UL L R,2,11,57,8,2,16,4
U BS UR D UL R L,2,11,57,8,2,18,4
U BS UR UL D L R,2,11,57,8,2,16,4
U BS UR UL D R L,2,11,57,8,2,16,4
U D BS UR UL L R,2,11,57,8,2,16,4
U D BS UR UL R L,2,11,57,8,2,18,4
U D UR BS UL L R,2,11,57,8,2,16,4
U D UR BS UL R L,2,11,57,8,2,18,4
U D UR R UL BS L,2,11,57,8,2,14,4
U D UR UL BS L R,2,11,57,8,2,16,4
U D UR UL BS R L,2,11,57,8,2,16,4
U D UR UL L BS R,2,11,57,8,2,14,4
U D UR UL R BS L,2,11,57,8,2,16,4
U UR BS D UL L R,2,11,57,8,2,14,4
U UR BS D UL R L,2,11,57,8,2,16,4
U UR BS UL D L R,2,11,57,8,2,14,4
U UR BS UL D R L,2,11,57,8,2,14,4
U UR D BS UL L R,2,11,57,8,2,12,4
U UR D BS UL R L,2,11,57,8,2,14,4
U UR D R UL BS L,2,11,57,8,2,12,3
U UR D UL BS L R,2,11,57,8,2,14,4
U UR D UL BS R L,2,11,57,8,2,14,4
U UR D UL L BS R,2,11,57,8,2,12,3
U UR D UL R BS L,2,11,57,8,2,14,3
U UR R D UL BS L,2,11,57,8,2,10,3
U UR R UL BS D L,2,11,57,8,2,10,3
U UR R UL BS L D,2,11,57,8,2,10,3
U UR R UL D BS L,2,11,57,8,2,12,3
U UR R UL L BS D,2,11,57,8,2,10,3
U UR UL BS D L R,2,11,57,8,2,12,4
U UR UL BS D R L,2,11,57,8,2,12,4
U UR UL D BS L R,2,11,57,8,2,14,4
U UR UL D BS R L,2,11,57,8,2,14,4
U UR UL D L BS R,2,11,57,8,2,12,3
U UR UL D R BS L,2,11,57,8,2,12,3
U UR UL L D BS R,2,11,57,8,2,10,2
U UR UL L R BS D,2,11,57,8,2,12,4
U UR UL R BS D L,2,11,57,8,2,12,3
U UR UL R BS L D,2,11,57,8,2,12,3
U UR UL R D BS L,2,11,57,8,2,12,3
U UR UL R L BS D,2,11,57,8,2,14,4
UR BS D U UL L R,2,11,57,8,2,15,4
UR BS D U UL R L,2,11,57,8,2,17,4
UR BS L R UL D U,2,11,57,8,2,19,4
UR BS L R UL U D,2,11,57,8,2,17,4
UR BS L UL R D U,2,11,57,8,2,15,4
UR BS L UL R U D,2,11,57,8,2,15,4
UR BS R L UL D U,2,11,57,8,2,17,4
UR BS R L UL U D,2,11,57,8,2,15,4
UR BS U D UL L R,2,11,57,8,2,17,4
UR BS U D UL R L,2,11,57,8,2,19,4
UR BS U UL D L R,2,11,57,8,2,15,4
UR BS U UL D R L,2,11,57,8,2,15,4
UR D BS U UL L R,2,11,57,8,2,13,4
UR D BS U UL R L,2,11,57,8,2,15,4
UR D L R UL BS U,2,11,57,8,2,15,4
UR D L UL BS R U,2,11,57,8,2,11,3
UR D L UL BS U R,2,11,57,8,2,11,3
UR D L UL R BS U,2,11,57,8,2,13,3
UR D L UL U BS R,2,11,57,8,2,11,3
UR D R L UL BS U,2,11,57,8,2,13,4
UR D R U UL BS L,2,11,57,8,2,11,3
UR D U BS UL L R,2,11,57,8,2,15,4
UR D U BS UL R L,2,11,57,8,2,17,4
UR D U R UL BS L,2,11,57,8,2,15,4
UR D U UL BS L R,2,11,57,8,2,15,4
UR D U UL BS R L,2,11,57,8,2,15,4
UR D U UL L BS R,2,11,57,8,2,13,4
UR D U UL R BS L,2,11,57,8,2,15,4
UR L BS R UL D U,2,11,57,8,2,17,4
UR L BS R UL U D,2,11,57,8,2,15,4
UR L BS UL R D U,2,11,57,8,2,15,4
UR L BS UL R U D,2,11,57,8,2,15,4
UR L D R UL BS U,2,11,57,8,2,13,3
UR L D UL BS R U,2,11,57,8,2,13,3
UR L D UL BS U R,2,11,57,8,2,13,3
UR L D UL R BS U,2,11,57,8,2,15,3
UR L D UL U BS R,2,11,57,8,2,13,3
UR L R BS UL D U,2,11,57,8,2,17,4
UR L R BS UL U D,2,11,57,8,2,15,4
UR L R D UL BS U,2,11,57,8,2,15,4
UR L R UL BS D U,2,11,57,8,2,17,4
UR L R UL BS U D,2,11,57,8,2,17,4
UR L R UL D BS U,2,11,57,8,2,17,4
UR L R UL U BS D,2,11,57,8,2,15,4
UR L UL BS R D U,2,11,57,8,2,13,4
UR L UL BS R U D,2,11,57,8,2,13,4
UR L UL D BS R U,2,11,57,8,2,13,3
UR L UL D BS U R,2,11,57,8,2,13,3
UR L UL D R BS U,2,11,57,8,2,13,3
UR L UL D U BS R,2,11,57,8,2,15,4
UR L UL R BS D U,2,11,57,8,2,15,4
UR L UL R BS U D,2,11,57,8,2,15,4
UR L UL R D BS U,2,11,57,8,2,13,3
UR L UL R U BS D,2,11,57,8,2,13,3
UR L UL U D BS R,2,11,57,8,2,13,4
UR L UL U R BS D,2,11,57,8,2,11,3
UR R BS L UL D U,2,11,57,8,2,13,4
UR R BS L UL U D,2,11,57,8,2,11,4
UR R D L UL BS U,2,11,57,8,2,9,2
UR R D U UL BS L,2,11,57,8,2,11,4
UR R L BS UL D U,2,11,57,8,2,15,4
UR R L BS UL U D,2,11,57,8,2,13,4
UR R L D UL BS U,2,11,57,8,2,13,4
UR R L UL BS D U,2,11,57,8,2,13,4
UR R L UL BS U D,2,11,57,8,2,13,4
UR R L UL D BS U,2,11,57,8,2,13,4
UR R L UL U BS D,2,11,57,8,2,11,4
UR R U D UL BS L,2,11,57,8,2,13,4
UR R U UL BS D L,2,11,57,8,2,9,2
UR R U UL BS L D,2,11,57,8,2,9,2
UR R U UL D BS L,2,11,57,8,2,11,3
UR R U UL L BS D,2,11,57,8,2,9,2
UR U BS D UL L R,2,11,57,8,2,13,4
UR U BS D UL R L,2,11,57,8,2,15,4
UR U BS UL D L R,2,11,57,8,2,13,4
UR U BS UL D R L,2,11,57,8,2,13,4
UR U D BS UL L R,2,11,57,8,2,13,4
UR U D BS UL R L,2,11,57,8,2,15,4
UR U D R UL BS L,2,11,57,8,2,13,4
UR U D UL BS L R,2,11,57,8,2,15,4
UR U D UL BS R L,2,11,57,8,2,15,4
UR U D UL L BS R,2,11,57,8,2,13,4
UR U D UL R BS L,2,11,57,8,2,15,4
UR U R D UL BS L,2,11,57,8,2,11,3
UR U R UL BS D L,2,11,57,8,2,11,3
UR U R UL BS L D,2,11,57,8,2,11,3
UR U R UL D BS L,2,11,57,8,2,13,3
UR U R UL L BS D,2,11,57,8,2,11,3
UR U UL BS D L R,2,11,57,8,2,11,4
UR U UL BS D R L,2,11,57,8,2,11,4
UR U UL D BS L R,2,11,57,8,2,13,4
UR U UL D BS R L,2,11,57,8,2,13,4
UR U UL D L BS R,2,11,57,8,2,11,3
UR U UL D R BS L,2,11,57,8,2,11,3
UR U UL L D BS R,2,11,57,8,2,9,2
UR U UL L R BS D,2,11,57,8,2,11,4
UR U UL R BS D L,2,11,57,8,2,11,3
UR U UL R BS L D,2,11,57,8,2,11,3
UR U UL R D BS L,2,11,57,8,2,11,3
UR U UL R L BS D,2,11,57,8,2,13,4
BS D UL UR U L R,2,11,58,8,2,14,4
BS D UL UR U R L,2,11,58,8,2,14,4
BS D UR UL U L R,2,11,58,8,2,14,4
BS D UR UL U R L,2,11,58,8,2,14,4
BS UL D UR U L R,2,11,58,8,2,14,4
BS UL D UR U R L,2,11,58,8,2,14,4
BS UL L UR R D U,2,11,58,8,2,12,4
BS UL L UR R U D,2,11,58,8,2,12,4
BS UL UR D U L R,2,11,58,8,2,16,4
BS UL UR D U R L,2,11,58,8,2,16,4
BS UL UR L R D U,2,11,58,8,2,16,4
BS UL UR L R U D,2,11,58,8,2,16,4
BS UL UR R L D U,2,11,58,8,2,14,4
BS UL UR R L U D,2,11,58,8,2,14,4
BS UL UR U D L R,2,11,58,8,2,14,4
BS UL UR U D R L,2,11,58,8,2,14,4
BS UR D UL U L R,2,11,58,8,2,16,4
BS UR D UL U R L,2,11,58,8,2,16,4
BS UR R UL L D U,2,11,58,8,2,14,4
BS UR R UL L U D,2,11,58,8,2,14,4
BS UR UL D U L R,2,11,58,8,2,18,4
BS UR UL D U R L,2,11,58,8,2,18,4
BS UR UL L R D U,2,11,58,8,2,16,4
BS UR UL L R U D,2,11,58,8,2,16,4
BS UR UL R L D U,2,11,58,8,2,18,4
BS UR UL R L U D,2,11,58,8,2,18,4
BS UR UL U D L R,2,11,58,8,2,16,4
BS UR UL U D R L,2,11,58,8,2,16,4
D BS UL UR U L R,2,11,58,8,2,12,4
D BS UL UR U R L,2,11,58,8,2,12,4
D BS UR UL U L R,2,11,58,8,2,14,4
D BS UR UL U R L,2,11,58,8,2,14,4
D UL BS UR U L R,2,11,58,8,2,14,4
D UL BS UR U R L,2,11,58,8,2,14,4
D UL L BS UR R U,2,11,58,8,2,12,3
D UL L BS UR U R,2,11,58,8,2,12,3
D UL L UR BS R U,2,11,58,8,2,14,3
D UL L UR BS U R,2,11,58,8,2,14,3
D UL L UR R BS U,2,11,58,8,2,12,3
D UL L UR U BS R,2,11,58,8,2,12,3
D UL UR BS U L R,2,11,58,8,2,16,4
D UL UR BS U R L,2,11,58,8,2,16,4
D UL UR L BS R U,2,11,58,8,2,14,3
D UL UR L BS U R,2,11,58,8,2,14,3
D UL UR L R BS U,2,11,58,8,2,16,4
D UL UR L U BS R,2,11,58,8,2,14,3
D UL UR R L BS U,2,11,58,8,2,14,4
D UL UR R U BS L,2,11,58,8,2,12,3
D UL UR U BS L R,2,11,58,8,2,14,4
D UL UR U BS R L,2,11,58,8,2,14,4
D UL UR U L BS R,2,11,58,8,2,12,3
D UL UR U R BS L,2,11,58,8,2,12,3
D UR BS UL U L R,2,11,58,8,2,14,4
D UR BS UL U R L,2,11,58,8,2,14,4
D UR R UL L BS U,2,11,58,8,2,12,3
D UR R UL U BS L,2,11,58,8,2,12,3
D UR UL BS U L R,2,11,58,8,2,14,4
D UR UL BS U R L,2,11,58,8,2,14,4
D UR UL L BS R U,2,11,58,8,2,12,3
D UR UL L BS U R,2,11,58,8,2,12,3
D UR UL L R BS U,2,11,58,8,2,14,4
D UR UL L U BS R,2,11,58,8,2,12,3
D UR UL R L BS U,2,11,58,8,2,16,4
D UR UL R U BS L,2,11,58,8,2,14,3
D UR UL U BS L R,2,11,58,8,2,14,4
D UR UL U BS R L,2,11,58,8,2,14,4
D UR UL U L BS R,2,11,58,8,2,12,3
D UR UL U R BS L,2,11,58,8,2,12,3
UL BS D UR U L R,2,11,58,8,2,13,4
UL BS D UR U R L,2,11,58,8,2,13,4
UL BS L UR R D U,2,11,58,8,2,13,4
UL BS L UR R U D,2,11,58,8,2,13,4
UL BS UR D U L R,2,11,58,8,2,17,4
UL BS UR D U R L,2,11,58,8,2,17,4
UL BS UR L R D U,2,11,58,8,2,17,4
UL BS UR L R U D,2,11,58,8,2,17,4
UL BS UR R L D U,2,11,58,8,2,15,4
UL BS UR R L U D,2,11,58,8,2,15,4
UL BS UR U D L R,2,11,58,8,2,15,4
UL BS UR U D R L,2,11,58,8,2,15,4
UL D BS UR U L R,2,11,58,8,2,15,4
UL D BS UR U R L,2,11,58,8,2,15,4
UL D L BS UR R U,2,11,58,8,2,13,3
UL D L BS UR U R,2,11,58,8,2,13,3
UL D L UR BS R U,2,11,58,8,2,15,3
UL D L UR BS U R,2,11,58,8,2,15,3
UL D L UR R BS U,2,11,58,8,2,13,3
UL D L UR U BS R,2,11,58,8,2,13,3
UL D UR BS U L R,2,11,58,8,2,17,4
UL D UR BS U R L,2,11,58,8,2,17,4
UL D UR L BS R U,2,11,58,8,2,15,3
UL D UR L BS U R,2,11,58,8,2,15,3
UL D UR L R BS U,2,11,58,8,2,17,4
UL D UR L U BS R,2,11,58,8,2,15,3
UL D UR R L BS U,2,11,58,8,2,15,4
UL D UR R U BS L,2,11,58,8,2,13,3
UL D UR U BS L R,2,11,58,8,2,15,4
UL D UR U BS R L,2,11,58,8,2,15,4
UL D UR U L BS R,2,11,58,8,2,13,3
UL D UR U R BS L,2,11,58,8,2,13,3
UL L BS UR R D U,2,11,58,8,2,13,4
UL L BS UR R U D,2,11,58,8,2,13,4
UL L D BS UR R U,2,11,58,8,2,11,3
UL L D BS UR U R,2,11,58,8,2,11,3
UL L D UR BS R U,2,11,58,8,2,13,3
UL L D UR BS U R,2,11,58,8,2,13,3
UL L D UR R BS U,2,11,58,8,2,11,3
UL L D UR U BS R,2,11,58,8,2,11,3
UL L UR BS R D U,2,11,58,8,2,15,4
UL L UR BS R U D,2,11,58,8,2,15,4
UL L UR D BS R U,2,11,58,8,2,13,3
UL L UR D BS U R,2,11,58,8,2,13,3
UL L UR D R BS U,2,11,58,8,2,13,3
UL L UR D U BS R,2,11,58,8,2,15,4
UL L UR R BS D U,2,11,58,8,2,13,4
UL L UR R BS U D,2,11,58,8,2,13,4
UL L UR R D BS U,2,11,58,8,2,11,3
UL L UR R U BS D,2,11,58,8,2,11,3
UL L UR U D BS R,2,11,58,8,2,13,4
UL L UR U R BS D,2,11,58,8,2,11,3
UL UR BS D U L R,2,11,58,8,2,17,4
UL UR BS D U R L,2,11,58,8,2,17,4
UL UR BS L R D U,2,11,58,8,2,17,4
UL UR BS L R U D,2,11,58,8,2,17,4
UL UR BS R L D U,2,11,58,8,2,17,4
UL UR BS R L U D,2,11,58,8,2,17,4
UL UR BS U D L R,2,11,58,8,2,17,4
UL UR BS U D R L,2,11,58,8,2,17,4
UL UR D BS U L R,2,11,58,8,2,15,4
UL UR D BS U R L,2,11,58,8,2,15,4
UL UR D L BS R U,2,11,58,8,2,13,3
UL UR D L BS U R,2,11,58,8,2,13,3
UL UR D L R BS U,2,11,58,8,2,15,4
UL UR D L U BS R,2,11,58,8,2,13,3
UL UR D R L BS U,2,11,58,8,2,15,4
UL UR D R U BS L,2,11,58,8,2,13,3
UL UR D U BS L R,2,11,58,8,2,17,4
UL UR D U BS R L,2,11,58,8,2,17,4
UL UR D U L BS R,2,11,58,8,2,15,4
UL UR D U R BS L,2,11,58,8,2,15,4
UL UR L BS R D U,2,11,58,8,2,15,4
UL UR L BS R U D,2,11,58,8,2,15,4
UL UR L D BS R U,2,11,58,8,2,13,3
UL UR L D BS U R,2,11,58,8,2,13,3
UL UR L D R BS U,2,11,58,8,2,13,3
UL UR L D U BS R,2,11,58,8,2,15,4
UL UR L R BS D U,2,11,58,8,2,17,4
UL UR L R BS U D,2,11,58,8,2,17,4
UL UR L R D BS U,2,11,58,8,2,15,4
UL UR L R U BS D,2,11,58,8,2,15,4
UL UR L U D BS R,2,11,58,8,2,15,4
UL UR L U R BS D,2,11,58,8,2,13,3
UL UR R BS L D U,2,11,58,8,2,13,4
UL UR R BS L U D,2,11,58,8,2,13,4
UL UR R D L BS U,2,11,58,8,2,11,2
UL UR R D U BS L,2,11,58,8,2,13,4
UL UR R L BS D U,2,11,58,8,2,15,4
UL UR R L BS U D,2,11,58,8,2,15,4
UL UR R L D BS U,2,11,58,8,2,13,4
UL UR R L U BS D,2,11,58,8,2,13,4
UL UR R U BS D L,2,11,58,8,2,11,2
UL UR R U BS L D,2,11,58,8,2,11,2
UL UR R U D BS L,2,11,58,8,2,13,4
UL UR R U L BS D,2,11,58,8,2,11,2
UL UR U BS D L R,2,11,58,8,2,13,4
UL UR U BS D R L,2,11,58,8,2,13,4
UL UR U D BS L R,2,11,58,8,2,15,4
UL UR U D BS R L,2,11,58,8,2,15,4
UL UR U D L BS R,2,11,58,8,2,13,4
UL UR U D R BS L,2,11,58,8,2,13,4
UL UR U L D BS R,2,11,58,8,2,11,2
UL UR U L R BS D,2,11,58,8,2,13,4
UL UR U R BS D L,2,11,58,8,2,11,2
UL UR U R BS L D,2,11,58,8,2,11,2
UL UR U R D BS L,2,11,58,8,2,11,2
UL UR U R L BS D,2,11,58,8,2,13,4
UR BS D UL U L R,2,11,58,8,2,15,4
UR BS D UL U R L,2,11,58,8,2,15,4
UR BS R UL L D U,2,11,58,8,2,15,4
UR BS R UL L U D,2,11,58,8,2,15,4
UR BS UL D U L R,2,11,58,8,2,17,4
UR BS UL D U R L,2,11,58,8,2,17,4
UR BS UL L R D U,2,11,58,8,2,15,4
UR BS UL L R U D,2,11,58,8,2,15,4
UR BS UL R L D U,2,11,58,8,2,17,4
UR BS UL R L U D,2,11,58,8,2,17,4
UR BS UL U D L R,2,11,58,8,2,15,4
UR BS UL U D R L,2,11,58,8,2,15,4
UR D BS UL U L R,2,11,58,8,2,13,4
UR D BS UL U R L,2,11,58,8,2,13,4
UR D R UL L BS U,2,11,58,8,2,13,3
UR D R UL U BS L,2,11,58,8,2,13,3
UR D UL BS U L R,2,11,58,8,2,15,4
UR D UL BS U R L,2,11,58,8,2,15,4
UR D UL L BS R U,2,11,58,8,2,13,3
UR D UL L BS U R,2,11,58,8,2,13,3
UR D UL L R BS U,2,11,58,8,2,15,4
UR D UL L U BS R,2,11,58,8,2,13,3
UR D UL R L BS U,2,11,58,8,2,17,4
UR D UL R U BS L,2,11,58,8,2,15,3
UR D UL U BS L R,2,11,58,8,2,15,4
UR D UL U BS R L,2,11,58,8,2,15,4
UR D UL U L BS R,2,11,58,8,2,13,3
UR D UL U R BS L,2,11,58,8,2,13,3
UR R BS UL L D U,2,11,58,8,2,11,4
UR R BS UL L U D,2,11,58,8,2,11,4
UR R D UL L BS U,2,11,58,8,2,11,3
UR R D UL U BS L,2,11,58,8,2,11,3
UR R UL BS L D U,2,11,58,8,2,13,4
UR R UL BS L U D,2,11,58,8,2,13,4
UR R UL D L BS U,2,11,58,8,2,13,3
UR R UL D U BS L,2,11,58,8,2,15,4
UR R UL L BS D U,2,11,58,8,2,13,4
UR R UL L BS U D,2,11,58,8,2,13,4
UR R UL L D BS U,2,11,58,8,2,11,3
UR R UL L U BS D,2,11,58,8,2,11,3
UR R UL U BS D L,2,11,58,8,2,11,3
UR R UL U BS L D,2,11,58,8,2,11,3
UR R UL U D BS L,2,11,58,8,2,13,4
UR R UL U L BS D,2,11,58,8,2,11,3
UR UL BS D U L R,2,11,58,8,2,15,4
UR UL BS D U R L,2,11,58,8,2,15,4
UR UL BS L R D U,2,11,58,8,2,15,4
UR UL BS L R U D,2,11,58,8,2,15,4
UR UL BS R L D U,2,11,58,8,2,15,4
UR UL BS R L U D,2,11,58,8,2,15,4
UR UL BS U D L R,2,11,58,8,2,15,4
UR UL BS U D R L,2,11,58,8,2,15,4
UR UL D BS U L R,2,11,58,8,2,15,4
UR UL D BS U R L,2,11,58,8,2,15,4
UR UL D L BS R U,2,11,58,8,2,13,3
UR UL D L BS U R,2,11,58,8,2,13,3
UR UL D L R BS U,2,11,58,8,2,15,4
UR UL D L U BS R,2,11,58,8,2,13,3
UR UL D R L BS U,2,11,58,8,2,15,4
UR UL D R U BS L,2,11,58,8,2,13,3
UR UL D U BS L R,2,11,58,8,2,17,4
UR UL D U BS R L,2,11,58,8,2,17,4
UR UL D U L BS R,2,11,58,8,2,15,4
UR UL D U R BS L,2,11,58,8,2,15,4
UR UL L BS R D U,2,11,58,8,2,13,4
UR UL L BS R U D,2,11,58,8,2,13,4
UR UL L D BS R U,2,11,58,8,2,11,2
UR UL L D BS U R,2,11,58,8,2,11,2
UR UL L D R BS U,2,11,58,8,2,11,2
UR UL L D U BS R,2,11,58,8,2,13,4
UR UL L R BS D U,2,11,58,8,2,15,4
UR UL L R BS U D,2,11,58,8,2,15,4
UR UL L R D BS U,2,11,58,8,2,13,4
UR UL L R U BS D,2,11,58,8,2,13,4
UR UL L U D BS R,2,11,58,8,2,13,4
UR UL L U R BS D,2,11,58,8,2,11,2
UR UL R BS L D U,2,11,58,8,2,15,4
UR UL R BS L U D,2,11,58,8,2,15,4
UR UL R D L BS U,2,11,58,8,2,13,3
UR UL R D U BS L,2,11,58,8,2,15,4
UR UL R L BS D U,2,11,58,8,2,17,4
UR UL R L BS U D,2,11,58,8,2,17,4
UR UL R L D BS U,2,11,58,8,2,15,4
UR UL R L U BS D,2,11,58,8,2,15,4
UR UL R U BS D L,2,11,58,8,2,13,3
UR UL R U BS L D,2,11,58,8,2,13,3
UR UL R U D BS L,2,11,58,8,2,15,4
UR UL R U L BS D,2,11,58,8,2,13,3
UR UL U BS D L R,2,11,58,8,2,13,4
UR UL U BS D R L,2,11,58,8,2,13,4
UR UL U D BS L R,2,11,58,8,2,15,4
UR UL U D BS R L,2,11,58,8,2,15,4
UR UL U D L BS R,2,11,58,8,2,13,4
UR UL U D R BS L,2,11,58,8,2,13,4
UR UL U L D BS R,2,11,58,8,2,11,2
UR UL U L R BS D,2,11,58,8,2,13,4
UR UL U R BS D L,2,11,58,8,2,11,2
UR UL U R BS L D,2,11,58,8,2,11,2
UR UL U R D BS L,2,11,58,8,2,11,2
UR UL U R L BS D,2,11,58,8,2,13,4
BS L R UL UR D U,2,12,58,8,2,18,4
BS L R UL UR U D,2,12,58,8,2,16,4
BS L R UR UL D U,2,12,58,8,2,16,4
BS L R UR UL U D,2,12,58,8,2,14,4
BS L UL R UR D U,2,12,58,8,2,14,4
BS L UL R UR U D,2,12,58,8,2,12,4
BS R L UL UR D U,2,12,58,8,2,16,4
BS R L UL UR U D,2,12,58,8,2,14,4
BS R L UR UL D U,2,12,58,8,2,18,4
BS R L UR UL U D,2,12,58,8,2,16,4
BS R UR L UL D U,2,12,58,8,2,14,4
BS R UR L UL U D,2,12,58,8,2,12,4
L BS R UL UR D U,2,12,58,8,2,16,4
L BS R UL UR U D,2,12,58,8,2,14,4
L BS R UR UL D U,2,12,58,8,2,14,4
L BS R UR UL U D,2,12,58,8,2,12,4
L BS UL R UR D U,2,12,58,8,2,14,4
L BS UL R UR U D,2,12,58,8,2,12,4
L R BS UL UR D U,2,12,58,8,2,16,4
L R BS UL UR U D,2,12,58,8,2,14,4
L R BS UR UL D U,2,12,58,8,2,18,4
L R BS UR UL U D,2,12,58,8,2,16,4
L R UL BS UR D U,2,12,58,8,2,18,4
L R UL BS UR U D,2,12,58,8,2,16,4
L R UL UR BS D U,2,12,58,8,2,18,4
L R UL UR BS U D,2,12,58,8,2,18,4
L R UL UR D BS U,2,12,58,8,2,16,4
L R UL UR U BS D,2,12,58,8,2,14,4
L R UR BS UL D U,2,12,58,8,2,16,4
L R UR BS UL U D,2,12,58,8,2,14,4
L R UR D UL BS U,2,12,58,8,2,14,4
L R UR UL BS D U,2,12,58,8,2,14,4
L R UR UL BS U D,2,12,58,8,2,14,4
L R UR UL D BS U,2,12,58,8,2,14,4
L R UR UL U BS D,2,12,58,8,2,12,4
L UL BS R UR D U,2,12,58,8,2,12,4
L UL BS R UR U D,2,12,58,8,2,10,4
L UL R BS UR D U,2,12,58,8,2,16,4
L UL R BS UR U D,2,12,58,8,2,14,4
L UL R UR BS D U,2,12,58,8,2,14,4
L UL R UR BS U D,2,12,58,8,2,14,4
L UL R UR D BS U,2,12,58,8,2,12,3
L UL R UR U BS D,2,12,58,8,2,10,3
R BS L UL UR D U,2,12,58,8,2,14,4
R BS L UL UR U D,2,12,58,8,2,12,4
R BS L UR UL D U,2,12,58,8,2,16,4
R BS L UR UL U D,2,12,58,8,2,14,4
R BS UR L UL D U,2,12,58,8,2,16,4
R BS UR L UL U D,2,12,58,8,2,14,4
R L BS UL UR D U,2,12,58,8,2,16,4
R L BS UL UR U D,2,12,58,8,2,14,4
R L BS UR UL D U,2,12,58,8,2,18,4
R L BS UR UL U D,2,12,58,8,2,16,4
R L UL BS UR D U,2,12,58,8,2,16,4
R L UL BS UR U D,2,12,58,8,2,14,4
R L UL UR BS D U,2,12,58,8,2,16,4
R L UL UR BS U D,2,12,58,8,2,16,4
R L UL UR D BS U,2,12,58,8,2,14,4
R L UL UR U BS D,2,12,58,8,2,12,4
R L UR BS UL D U,2,12,58,8,2,18,4
R L UR BS UL U D,2,12,58,8,2,16,4
R L UR D UL BS U,2,12,58,8,2,16,4
R L UR UL BS D U,2,12,58,8,2,16,4
R L UR UL BS U D,2,12,58,8,2,16,4
R L UR UL D BS U,2,12,58,8,2,16,4
R L UR UL U BS D,2,12,58,8,2,14,4
R U UL UR BS D L,2,12,58,8,2,12,3
R U UL UR BS L D,2,12,58,8,2,12,3
R U UL UR D BS L,2,12,58,8,2,12,3
R U UL UR L BS D,2,12,58,8,2,12,3
R U UR D UL BS L,2,12,58,8,2,12,3
R U UR UL BS D L,2,12,58,8,2,10,2
R U UR UL BS L D,2,12,58,8,2,10,2
R U UR UL D BS L,2,12,58,8,2,12,3
R U UR UL L BS D,2,12,58,8,2,10,2
R UR BS L UL D U,2,12,58,8,2,14,4
R UR BS L UL U D,2,12,58,8,2,12,4
R UR D L UL BS U,2,12,58,8,2,10,3
R UR D U UL BS L,2,12,58,8,2,12,4
R UR L BS UL D U,2,12,58,8,2,14,4
R UR L BS UL U D,2,12,58,8,2,12,4
R UR L D UL BS U,2,12,58,8,2,12,3
R UR L UL BS D U,2,12,58,8,2,12,4
R UR L UL BS U D,2,12,58,8,2,12,4
R UR L UL D BS U,2,12,58,8,2,12,3
R UR L UL U BS D,2,12,58,8,2,10,3
R UR U D UL BS L,2,12,58,8,2,12,4
R UR U UL BS D L,2,12,58,8,2,8,2
R UR U UL BS L D,2,12,58,8,2,8,2
R UR U UL D BS L,2,12,58,8,2,10,3
R UR U UL L BS D,2,12,58,8,2,8,2
U R UL UR BS D L,2,12,58,8,2,14,3
U R UL UR BS L D,2,12,58,8,2,14,3
U R UL UR D BS L,2,12,58,8,2,14,3
U R UL UR L BS D,2,12,58,8,2,14,3
U R UR D UL BS L,2,12,58,8,2,12,3
U R UR UL BS D L,2,12,58,8,2,10,2
U R UR UL BS L D,2,12,58,8,2,10,2
U R UR UL D BS L,2,12,58,8,2,12,3
U R UR UL L BS D,2,12,58,8,2,10,2
BS R UL L UR D U,2,12,59,8,2,16,4
BS R UL L UR U D,2,12,59,8,2,14,4
BS R UL UR L D U,2,12,59,8,2,16,4
BS R UL UR L U D,2,12,59,8,2,16,4
BS R UR UL L D U,2,12,59,8,2,12,4
BS R UR UL L U D,2,12,59,8,2,12,4
BS UL L R UR D U,2,12,59,8,2,14,4
BS UL L R UR U D,2,12,59,8,2,12,4
BS UL R L UR D U,2,12,59,8,2,18,4
BS UL R L UR U D,2,12,59,8,2,16,4
BS UL R UR L D U,2,12,59,8,2,14,4
BS UL R UR L U D,2,12,59,8,2,14,4
R BS UL L UR D U,2,12,59,8,2,14,4
R BS UL L UR U D,2,12,59,8,2,12,4
R BS UL UR L D U,2,12,59,8,2,14,4
R BS UL UR L U D,2,12,59,8,2,14,4
R BS UR UL L D U,2,12,59,8,2,14,4
R BS UR UL L U D,2,12,59,8,2,14,4
R UL BS L UR D U,2,12,59,8,2,16,4
R UL BS L UR U D,2,12,59,8,2,14,4
R UL BS UR L D U,2,12,59,8,2,16,4
R UL BS UR L U D,2,12,59,8,2,16,4
R UL L BS UR D U,2,12,59,8,2,16,4
R UL L BS UR U D,2,12,59,8,2,14,4
R UL L UR BS D U,2,12,59,8,2,16,4
R UL L UR BS U D,2,12,59,8,2,16,4
R UL L UR D BS U,2,12,59,8,2,14,3
R UL L UR U BS D,2,12,59,8,2,12,3
R UL U UR BS D L,2,12,59,8,2,12,3
R UL U UR BS L D,2,12,59,8,2,12,3
R UL U UR D BS L,2,12,59,8,2,12,3
R UL U UR L BS D,2,12,59,8,2,12,3
R UL UR BS L D U,2,12,59,8,2,16,4
R UL UR BS L U D,2,12,59,8,2,16,4
R UL UR D L BS U,2,12,59,8,2,14,3
R UL UR D U BS L,2,12,59,8,2,16,4
R UL UR L BS D U,2,12,59,8,2,16,4
R UL UR L BS U D,2,12,59,8,2,16,4
R UL UR L D BS U,2,12,59,8,2,14,3
R UL UR L U BS D,2,12,59,8,2,14,3
R UL UR U BS D L,2,12,59,8,2,12,3
R UL UR U BS L D,2,12,59,8,2,12,3
R UL UR U D BS L,2,12,59,8,2,14,4
R UL UR U L BS D,2,12,59,8,2,12,3
R UR BS UL L D U,2,12,59,8,2,12,4
R UR BS UL L U D,2,12,59,8,2,12,4
R UR D UL L BS U,2,12,59,8,2,12,3
R UR D UL U BS L,2,12,59,8,2,12,3
R UR UL BS L D U,2,12,59,8,2,12,4
R UR UL BS L U D,2,12,59,8,2,12,4
R UR UL D L BS U,2,12,59,8,2,12,3
R UR UL D U BS L,2,12,59,8,2,14,4
R UR UL L BS D U,2,12,59,8,2,12,4
R UR UL L BS U D,2,12,59,8,2,12,4
R UR UL L D BS U,2,12,59,8,2,10,2
R UR UL L U BS D,2,12,59,8,2,10,2
R UR UL U BS D L,2,12,59,8,2,10,2
R UR UL U BS L D,2,12,59,8,2,10,2
R UR UL U D BS L,2,12,59,8,2,12,4
R UR UL U L BS D,2,12,59,8,2,10,2
UL BS L R UR D U,2,12,59,8,2,15,4
UL BS L R UR U D,2,12,59,8,2,13,4
UL BS R L UR D U,2,12,59,8,2,17,4
UL BS R L UR U D,2,12,59,8,2,15,4
UL BS R UR L D U,2,12,59,8,2,13,4
UL BS R UR L U D,2,12,59,8,2,13,4
UL L BS R UR D U,2,12,59,8,2,13,4
UL L BS R UR U D,2,12,59,8,2,11,4
UL L R BS UR D U,2,12,59,8,2,17,4
UL L R BS UR U D,2,12,59,8,2,15,4
UL L R UR BS D U,2,12,59,8,2,15,4
UL L R UR BS U D,2,12,59,8,2,15,4
UL L R UR D BS U,2,12,59,8,2,13,4
UL L R UR U BS D,2,12,59,8,2,11,4
UL R BS L UR D U,2,12,59,8,2,17,4
UL R BS L UR U D,2,12,59,8,2,15,4
UL R BS UR L D U,2,12,59,8,2,17,4
UL R BS UR L U D,2,12,59,8,2,17,4
UL R L BS UR D U,2,12,59,8,2,19,4
UL R L BS UR U D,2,12,59,8,2,17,4
UL R L UR BS D U,2,12,59,8,2,19,4
UL R L UR BS U D,2,12,59,8,2,19,4
UL R L UR D BS U,2,12,59,8,2,17,4
UL R L UR U BS D,2,12,59,8,2,15,4
UL R U UR BS D L,2,12,59,8,2,13,3
UL R U UR BS L D,2,12,59,8,2,13,3
UL R U UR D BS L,2,12,59,8,2,13,3
UL R U UR L BS D,2,12,59,8,2,13,3
UL R UR BS L D U,2,12,59,8,2,15,4
UL R UR BS L U D,2,12,59,8,2,15,4
UL R UR D L BS U,2,12,59,8,2,13,3
UL R UR D U BS L,2,12,59,8,2,15,4
UL R UR L BS D U,2,12,59,8,2,15,4
UL R UR L BS U D,2,12,59,8,2,15,4
UL R UR L D BS U,2,12,59,8,2,13,3
UL R UR L U BS D,2,12,59,8,2,13,3
UL R UR U BS D L,2,12,59,8,2,11,3
UL R UR U BS L D,2,12,59,8,2,11,3
UL R UR U D BS L,2,12,59,8,2,13,4
UL R UR U L BS D,2,12,59,8,2,11,3
BS L R U UL D UR,2,12,59,9,2,15,4
BS L R U UL UR D,2,12,59,9,2,14,4
BS L U R UL D UR,2,12,59,9,2,15,3
BS L U R UL UR D,2,12,59,9,2,14,3
BS R L U UL D UR,2,12,59,9,2,15,4
BS R L U UL UR D,2,12,59,9,2,14,4
BS R U L UL D UR,2,12,59,9,2,13,3
BS R U L UL UR D,2,12,59,9,2,12,3
BS U L R UL D UR,2,12,59,9,2,17,4
BS U L R UL UR D,2,12,59,9,2,16,4
BS U R L UL D UR,2,12,59,9,2,15,4
BS U R L UL UR D,2,12,59,9,2,14,4
L BS R U UL D UR,2,12,59,9,2,13,3
L BS R U UL UR D,2,12,59,9,2,12,3
L BS U R UL D UR,2,12,59,9,2,15,3
L BS U R UL UR D,2,12,59,9,2,14,3
L R BS U UL D UR,2,12,59,9,2,15,4
L R BS U UL UR D,2,12,59,9,2,14,4
L R U BS UL D UR,2,12,59,9,2,15,4
L R U BS UL UR D,2,12,59,9,2,14,4
L R U UL BS D UR,2,12,59,9,2,13,4
L R U UL BS UR D,2,12,59,9,2,14,4
L R U UL UR BS D,2,12,59,9,2,14,4
L U BS R UL D UR,2,12,59,9,2,15,3
L U BS R UL UR D,2,12,59,9,2,14,3
L U R BS UL D UR,2,12,59,9,2,13,3
L U R BS UL UR D,2,12,59,9,2,12,3
L U R UL BS D UR,2,12,59,9,2,13,3
L U R UL BS UR D,2,12,59,9,2,14,3
L U R UL UR BS D,2,12,59,9,2,14,3
R BS L U UL D UR,2,12,59,9,2,13,3
R BS L U UL UR D,2,12,59,9,2,12,3
R BS U L UL D UR,2,12,59,9,2,13,3
R BS U L UL UR D,2,12,59,9,2,12,3
R L BS U UL D UR,2,12,59,9,2,15,4
R L BS U UL UR D,2,12,59,9,2,14,4
R L U BS UL D UR,2,12,59,9,2,15,4
R L U BS UL UR D,2,12,59,9,2,14,4
R L U UL BS D UR,2,12,59,9,2,13,4
R L U UL BS UR D,2,12,59,9,2,14,4
R L U UL UR BS D,2,12,59,9,2,14,4
R U BS L UL D UR,2,12,59,9,2,13,3
R U BS L UL UR D,2,12,59,9,2,12,3
R U L BS UL D UR,2,12,59,9,2,13,3
R U L BS UL UR D,2,12,59,9,2,12,3
R U L UL BS D UR,2,12,59,9,2,11,3
R U L UL BS UR D,2,12,59,9,2,12,3
R U L UL UR BS D,2,12,59,9,2,12,3
U BS L R UL D UR,2,12,59,9,2,17,4
U BS L R UL UR D,2,12,59,9,2,16,4
U BS R L UL D UR,2,12,59,9,2,15,4
U BS R L UL UR D,2,12,59,9,2,14,4
U L BS R UL D UR,2,12,59,9,2,15,3
U L BS R UL UR D,2,12,59,9,2,14,3
U L R BS UL D UR,2,12,59,9,2,15,4
U L R BS UL UR D,2,12,59,9,2,14,4
U L R UL BS D UR,2,12,59,9,2,15,4
U L R UL BS UR D,2,12,59,9,2,16,4
U L R UL UR BS D,2,12,59,9,2,16,4
U R BS L UL D UR,2,12,59,9,2,13,3
U R BS L UL UR D,2,12,59,9,2,12,3
U R L BS UL D UR,2,12,59,9,2,15,4
U R L BS UL UR D,2,12,59,9,2,14,4
U R L UL BS D UR,2,12,59,9,2,13,4
U R L UL BS UR D,2,12,59,9,2,14,4
U R L UL UR BS D,2,12,59,9,2,14,4
D L R U UL BS UR,2,12,61,10,2,13,4
D L U R UL BS UR,2,12,61,10,2,13,3
D R L U UL BS UR,2,12,61,10,2,13,4
D R U L UL BS UR,2,12,61,10,2,11,3
D U L R UL BS UR,2,12,61,10,2,17,4
D U R L UL BS UR,2,12,61,10,2,15,4
L D R U UL BS UR,2,12,61,10,2,11,3
L D U R UL BS UR,2,12,61,10,2,15,4
L R D U UL BS UR,2,12,61,10,2,15,4
L R U D UL BS UR,2,12,61,10,2,17,4
L R U UL D BS UR,2,12,61,10,2,15,4
L U D R UL BS UR,2,12,61,10,2,15,4
L U R D UL BS UR,2,12,61,10,2,13,3
L U R UL D BS UR,2,12,61,10,2,15,3
R D L U UL BS UR,2,12,61,10,2,11,3
R D U L UL BS UR,2,12,61,10,2,13,4
R L D U UL BS UR,2,12,61,10,2,15,4
R L U D UL BS UR,2,12,61,10,2,17,4
R L U UL D BS UR,2,12,61,10,2,15,4
R U D L UL BS UR,2,12,61,10,2,13,4
R U L D UL BS UR,2,12,61,10,2,13,3
R U L UL D BS UR,2,12,61,10,2,13,3
U D L R UL BS UR,2,12,61,10,2,17,4
U D R L UL BS UR,2,12,61,10,2,15,4
U L D R UL BS UR,2,12,61,10,2,13,3
U L R D UL BS UR,2,12,61,10,2,15,4
U L R UL D BS UR,2,12,61,10,2,17,4
U R D L UL BS UR,2,12,61,10,2,11,3
U R L D UL BS UR,2,12,61,10,2,15,4
U R L UL D BS UR,2,12,61,10,2,15,4
