order,min_memo,max_memo,sum_memo,memorized,d_moves,pin_changes,max_pin_changes
D dl ul UR L UL BS,2,9,25,6,2,12,3
D ul dl UR L UL BS,2,9,25,6,2,10,3
D ul UR dl L UL BS,2,9,25,6,2,10,3
D ul UR L dl UL BS,2,9,25,6,2,12,3
D ul UR L UL dl BS,2,9,25,6,2,10,3
dl D ul UR L UL BS,2,9,25,6,2,11,3
dl ul D UR L UL BS,2,9,25,6,2,11,3
ul D dl UR L UL BS,2,9,25,6,2,11,3
ul D UR dl L UL BS,2,9,25,6,2,11,3
ul D UR L dl UL BS,2,9,25,6,2,13,3
ul D UR L UL dl BS,2,9,25,6,2,11,3
ul dl D UR L UL BS,2,9,25,6,2,13,3
dl ul UR D L UL BS,2,9,27,6,2,11,3
dl ul UR L D UL BS,2,9,27,6,2,13,3
dl ul UR L UL D BS,2,9,27,6,2,13,3
dl UR L ul D UL BS,2,9,27,6,2,13,3
dl UR L ul UL D BS,2,9,27,6,2,17,4
dl UR L UL ul D BS,2,9,27,6,2,13,4
dl UR ul D L UL BS,2,9,27,6,2,9,2
dl UR ul L D UL BS,2,9,27,6,2,13,3
dl UR ul L UL D BS,2,9,27,6,2,13,3
ul dl UR D L UL BS,2,9,27,6,2,11,3
ul dl UR L D UL BS,2,9,27,6,2,13,3
ul dl UR L UL D BS,2,9,27,6,2,13,3
ul UR D dl L UL BS,2,9,27,6,2,13,3
ul UR D L dl UL BS,2,9,27,6,2,13,3
ul UR D L UL dl BS,2,9,27,6,2,11,3
ul UR dl D L UL BS,2,9,27,6,2,11,3
ul UR dl L D UL BS,2,9,27,6,2,13,3
ul UR dl L UL D BS,2,9,27,6,2,13,3
ul UR L D dl UL BS,2,9,27,6,2,13,3
ul UR L D UL dl BS,2,9,27,6,2,13,3
ul UR L dl D UL BS,2,9,27,6,2,15,3
ul UR L dl UL D BS,2,9,27,6,2,15,3
ul UR L UL D dl BS,2,9,27,6,2,13,3
ul UR L UL dl D BS,2,9,27,6,2,13,3
UR dl L ul D UL BS,2,9,27,6,2,13,3
UR dl L ul UL D BS,2,9,27,6,2,17,4
UR dl L UL ul D BS,2,9,27,6,2,13,4
UR dl ul D L UL BS,2,9,27,6,2,9,2
UR dl ul L D UL BS,2,9,27,6,2,13,3
UR dl ul L UL D BS,2,9,27,6,2,13,3
UR L dl ul D UL BS,2,9,27,6,2,13,3
UR L dl ul UL D BS,2,9,27,6,2,17,4
UR L dl UL ul D BS,2,9,27,6,2,15,4
UR L ul D dl UL BS,2,9,27,6,2,13,3
UR L ul D UL dl BS,2,9,27,6,2,13,3
UR L ul dl D UL BS,2,9,27,6,2,15,3
UR L ul dl UL D BS,2,9,27,6,2,15,3
UR L UL dl ul D BS,2,9,27,6,2,11,3
UR L ul UL D dl BS,2,9,27,6,2,17,4
UR L UL ul D dl BS,2,9,27,6,2,13,4
UR L ul UL dl D BS,2,9,27,6,2,17,4
UR L UL ul dl D BS,2,9,27,6,2,15,4
UR ul D dl L UL BS,2,9,27,6,2,11,3
UR ul D L dl UL BS,2,9,27,6,2,11,3
UR ul D L UL dl BS,2,9,27,6,2,9,2
UR ul dl D L UL BS,2,9,27,6,2,11,3
UR ul dl L D UL BS,2,9,27,6,2,13,3
UR ul dl L UL D BS,2,9,27,6,2,13,3
UR ul L D dl UL BS,2,9,27,6,2,13,3
UR ul L D UL dl BS,2,9,27,6,2,13,3
UR ul L dl D UL BS,2,9,27,6,2,15,3
UR ul L dl UL D BS,2,9,27,6,2,15,3
UR ul L UL D dl BS,2,9,27,6,2,13,3
UR ul L UL dl D BS,2,9,27,6,2,13,3
BS dl UR UL L D ul,2,7,28,5,2,9,2
BS UR dl UL L D ul,2,7,28,5,2,11,3
dl BS UR UL L D ul,2,7,28,5,2,10,3
dl UR BS UL L D ul,2,7,28,5,2,10,3
UR BS dl UL L D ul,2,7,28,5,2,10,3
UR dl BS UL L D ul,2,7,28,5,2,8,2
D dl L ul UR UL BS,2,9,29,7,2,14,3
D dl ul L UR UL BS,2,9,29,7,2,14,3
D L dl ul UR UL BS,2,9,29,7,2,12,3
D L ul dl UR UL BS,2,9,29,7,2,12,3
D L ul UR dl UL BS,2,9,29,7,2,12,3
D L ul UR UL dl BS,2,9,29,7,2,12,3
D ul dl L UR UL BS,2,9,29,7,2,12,3
D ul L dl UR UL BS,2,9,29,7,2,12,3
D ul L UR dl UL BS,2,9,29,7,2,12,3
D ul L UR UL dl BS,2,9,29,7,2,12,3
dl D L ul UR UL BS,2,9,29,7,2,13,3
dl D ul L UR UL BS,2,9,29,7,2,13,3
dl L D ul UR UL BS,2,9,29,7,2,11,3
dl L ul D UR UL BS,2,9,29,7,2,13,3
dl ul D L UR UL BS,2,9,29,7,2,11,3
dl ul L D UR UL BS,2,9,29,7,2,13,3
L D dl ul UR UL BS,2,9,29,7,2,12,3
L D ul dl UR UL BS,2,9,29,7,2,10,2
L D ul UR dl UL BS,2,9,29,7,2,10,2
L D ul UR UL dl BS,2,9,29,7,2,10,2
L dl D ul UR UL BS,2,9,29,7,2,12,3
L dl ul D UR UL BS,2,9,29,7,2,12,3
L ul D dl UR UL BS,2,9,29,7,2,12,3
L ul D UR dl UL BS,2,9,29,7,2,12,3
L ul D UR UL dl BS,2,9,29,7,2,12,3
L ul dl D UR UL BS,2,9,29,7,2,14,3
ul D dl L UR UL BS,2,9,29,7,2,13,3
ul D L dl UR UL BS,2,9,29,7,2,11,3
ul D L UR dl UL BS,2,9,29,7,2,11,3
ul D L UR UL dl BS,2,9,29,7,2,11,3
ul dl D L UR UL BS,2,9,29,7,2,13,3
ul dl L D UR UL BS,2,9,29,7,2,13,3
ul L D dl UR UL BS,2,9,29,7,2,13,3
ul L D UR dl UL BS,2,9,29,7,2,13,3
ul L D UR UL dl BS,2,9,29,7,2,13,3
ul L dl D UR UL BS,2,9,29,7,2,15,3
BS dl UR L UL D ul,2,7,30,6,2,11,3
BS UR dl L UL D ul,2,7,30,6,2,13,3
BS UR L dl UL D ul,2,7,30,6,2,15,3
BS UR L UL D dl ul,2,7,30,6,2,15,3
BS UR L UL dl D ul,2,7,30,6,2,13,3
dl BS UR L UL D ul,2,7,30,6,2,12,3
dl UR BS L UL D ul,2,7,30,6,2,12,3
dl UR L BS UL D ul,2,7,30,6,2,12,3
dl UR L UL BS D ul,2,7,30,6,2,10,3
UR BS dl L UL D ul,2,7,30,6,2,12,3
UR BS L dl UL D ul,2,7,30,6,2,14,3
UR BS L UL D dl ul,2,7,30,6,2,14,3
UR BS L UL dl D ul,2,7,30,6,2,12,3
UR dl BS L UL D ul,2,7,30,6,2,10,3
UR dl L BS UL D ul,2,7,30,6,2,12,3
UR dl L UL BS D ul,2,7,30,6,2,10,3
UR L BS dl UL D ul,2,7,30,6,2,12,3
UR L BS UL D dl ul,2,7,30,6,2,14,3
UR L BS UL dl D ul,2,7,30,6,2,12,3
UR L dl BS UL D ul,2,7,30,6,2,12,3
UR L dl UL BS D ul,2,7,30,6,2,12,3
UR L UL BS D dl ul,2,7,30,6,2,12,3
UR L UL BS dl D ul,2,7,30,6,2,10,3
UR L UL dl BS D ul,2,7,30,6,2,10,3
dl UL L ul UR D BS,2,9,30,6,2,13,3
dl UL L UR ul D BS,2,9,30,6,2,11,3
dl ul UL L UR D BS,2,9,30,6,2,15,4
dl UL ul L UR D BS,2,9,30,6,2,17,4
UL dl L ul UR D BS,2,9,30,6,2,15,3
UL dl L UR ul D BS,2,9,30,6,2,13,3
ul dl UL L UR D BS,2,9,30,6,2,13,3
UL dl ul L UR D BS,2,9,30,6,2,15,3
UL L dl ul UR D BS,2,9,30,6,2,13,3
UL L dl UR ul D BS,2,9,30,6,2,11,3
UL L ul dl UR D BS,2,9,30,6,2,13,3
UL L ul UR D dl BS,2,9,30,6,2,13,3
UL L ul UR dl D BS,2,9,30,6,2,13,3
UL L UR dl ul D BS,2,9,30,6,2,11,3
UL L UR ul D dl BS,2,9,30,6,2,11,3
UL L UR ul dl D BS,2,9,30,6,2,13,3
ul UL dl L UR D BS,2,9,30,6,2,17,4
UL ul dl L UR D BS,2,9,30,6,2,17,4
ul UL L dl UR D BS,2,9,30,6,2,15,4
UL ul L dl UR D BS,2,9,30,6,2,17,4
ul UL L UR D dl BS,2,9,30,6,2,15,4
UL ul L UR D dl BS,2,9,30,6,2,17,4
ul UL L UR dl D BS,2,9,30,6,2,15,4
UL ul L UR dl D BS,2,9,30,6,2,17,4
BS dl UL UR L D ul,2,9,31,5,2,11,3
BS UL dl UR L D ul,2,9,31,5,2,11,3
dl BS UL UR L D ul,2,9,31,5,2,10,3
dl UL BS UR L D ul,2,9,31,5,2,12,3
UL BS dl UR L D ul,2,9,31,5,2,10,3
UL dl BS UR L D ul,2,9,31,5,2,12,3
BS D ul UR L UL dl,2,9,31,6,2,11,3
BS ul D UR L UL dl,2,9,31,6,2,13,3
D BS ul UR L UL dl,2,9,31,6,2,13,3
D ul BS UR L UL dl,2,9,31,6,2,13,3
D ul UR BS L UL dl,2,9,31,6,2,11,3
D ul UR L BS UL dl,2,9,31,6,2,11,3
D ul UR L UL BS dl,2,9,31,6,2,9,3
ul BS D UR L UL dl,2,9,31,6,2,14,3
ul D BS UR L UL dl,2,9,31,6,2,12,3
ul D UR BS L UL dl,2,9,31,6,2,12,3
ul D UR L BS UL dl,2,9,31,6,2,12,3
ul D UR L UL BS dl,2,9,31,6,2,10,3
D dl UR L ul UL BS,2,9,31,7,2,16,4
D dl UR L UL ul BS,2,9,31,7,2,16,4
D dl UR ul L UL BS,2,9,31,7,2,12,3
D UR dl L ul UL BS,2,9,31,7,2,16,4
D UR dl L UL ul BS,2,9,31,7,2,16,4
D UR dl ul L UL BS,2,9,31,7,2,12,3
D UR L dl ul UL BS,2,9,31,7,2,16,4
D UR L dl UL ul BS,2,9,31,7,2,18,4
D UR L ul dl UL BS,2,9,31,7,2,14,3
D UR L UL dl ul BS,2,9,31,7,2,14,3
D UR L ul UL dl BS,2,9,31,7,2,16,4
D UR L UL ul dl BS,2,9,31,7,2,14,4
D UR ul dl L UL BS,2,9,31,7,2,12,3
D UR ul L dl UL BS,2,9,31,7,2,14,3
D UR ul L UL dl BS,2,9,31,7,2,12,3
dl D UR L ul UL BS,2,9,31,7,2,17,4
dl D UR L UL ul BS,2,9,31,7,2,17,4
dl D UR ul L UL BS,2,9,31,7,2,13,3
dl L ul UR D UL BS,2,9,31,7,2,15,3
dl L ul UR UL D BS,2,9,31,7,2,15,3
dl L UR ul D UL BS,2,9,31,7,2,13,3
dl L UR ul UL D BS,2,9,31,7,2,17,4
dl L UR UL ul D BS,2,9,31,7,2,15,4
dl ul L UR D UL BS,2,9,31,7,2,15,3
dl ul L UR UL D BS,2,9,31,7,2,15,3
dl UR D L ul UL BS,2,9,31,7,2,15,4
dl UR D L UL ul BS,2,9,31,7,2,15,4
dl UR D ul L UL BS,2,9,31,7,2,11,3
dl UR L D ul UL BS,2,9,31,7,2,13,4
dl UR L D UL ul BS,2,9,31,7,2,17,4
dl UR L UL D ul BS,2,9,31,7,2,13,3
L dl ul UR D UL BS,2,9,31,7,2,14,3
L dl ul UR UL D BS,2,9,31,7,2,14,3
L dl UR ul D UL BS,2,9,31,7,2,12,3
L dl UR ul UL D BS,2,9,31,7,2,16,4
L dl UR UL ul D BS,2,9,31,7,2,14,4
L ul dl UR D UL BS,2,9,31,7,2,14,3
L ul dl UR UL D BS,2,9,31,7,2,14,3
L ul UR D dl UL BS,2,9,31,7,2,14,3
L ul UR D UL dl BS,2,9,31,7,2,14,3
L ul UR dl D UL BS,2,9,31,7,2,14,3
L ul UR dl UL D BS,2,9,31,7,2,14,3
L ul UR UL D dl BS,2,9,31,7,2,14,3
L ul UR UL dl D BS,2,9,31,7,2,14,3
L UR dl ul D UL BS,2,9,31,7,2,12,3
L UR dl ul UL D BS,2,9,31,7,2,16,4
L UR dl UL ul D BS,2,9,31,7,2,14,4
L UR ul D dl UL BS,2,9,31,7,2,12,3
L UR ul D UL dl BS,2,9,31,7,2,12,3
L UR ul dl D UL BS,2,9,31,7,2,14,3
L UR ul dl UL D BS,2,9,31,7,2,14,3
L UR UL dl ul D BS,2,9,31,7,2,12,3
L UR ul UL D dl BS,2,9,31,7,2,16,4
L UR UL ul D dl BS,2,9,31,7,2,14,4
L UR ul UL dl D BS,2,9,31,7,2,16,4
L UR UL ul dl D BS,2,9,31,7,2,16,4
ul dl L UR D UL BS,2,9,31,7,2,15,3
ul dl L UR UL D BS,2,9,31,7,2,15,3
ul L dl UR D UL BS,2,9,31,7,2,15,3
ul L dl UR UL D BS,2,9,31,7,2,15,3
ul L UR D dl UL BS,2,9,31,7,2,15,3
ul L UR D UL dl BS,2,9,31,7,2,15,3
ul L UR dl D UL BS,2,9,31,7,2,15,3
ul L UR dl UL D BS,2,9,31,7,2,15,3
ul L UR UL D dl BS,2,9,31,7,2,15,3
ul L UR UL dl D BS,2,9,31,7,2,15,3
UR D dl L ul UL BS,2,9,31,7,2,17,4
UR D dl L UL ul BS,2,9,31,7,2,17,4
UR D dl ul L UL BS,2,9,31,7,2,13,3
UR D L dl ul UL BS,2,9,31,7,2,15,4
UR D L dl UL ul BS,2,9,31,7,2,17,4
UR D L ul dl UL BS,2,9,31,7,2,13,3
UR D L UL dl ul BS,2,9,31,7,2,13,3
UR D L ul UL dl BS,2,9,31,7,2,15,4
UR D L UL ul dl BS,2,9,31,7,2,13,4
UR D ul dl L UL BS,2,9,31,7,2,11,3
UR D ul L dl UL BS,2,9,31,7,2,13,3
UR D ul L UL dl BS,2,9,31,7,2,11,3
UR dl D L ul UL BS,2,9,31,7,2,15,4
UR dl D L UL ul BS,2,9,31,7,2,15,4
UR dl D ul L UL BS,2,9,31,7,2,11,3
UR dl L D ul UL BS,2,9,31,7,2,13,4
UR dl L D UL ul BS,2,9,31,7,2,17,4
UR dl L UL D ul BS,2,9,31,7,2,13,3
UR L D dl ul UL BS,2,9,31,7,2,15,4
UR L D dl UL ul BS,2,9,31,7,2,17,4
UR L D ul dl UL BS,2,9,31,7,2,11,3
UR L D UL dl ul BS,2,9,31,7,2,15,3
UR L D ul UL dl BS,2,9,31,7,2,13,4
UR L D UL ul dl BS,2,9,31,7,2,15,4
UR L dl D ul UL BS,2,9,31,7,2,15,4
UR L dl D UL ul BS,2,9,31,7,2,19,4
UR L dl UL D ul BS,2,9,31,7,2,15,3
UR L UL D dl ul BS,2,9,31,7,2,15,3
UR L UL D ul dl BS,2,9,31,7,2,11,3
UR L UL dl D ul BS,2,9,31,7,2,13,3
BS D dl UR UL L ul,2,7,32,6,2,13,3
BS D UR dl UL L ul,2,7,32,6,2,13,3
BS dl D UR UL L ul,2,7,32,6,2,13,3
BS dl UR D UL L ul,2,7,32,6,2,13,3
BS dl UR UL D L ul,2,7,32,6,2,13,3
BS UR D dl UL L ul,2,7,32,6,2,15,3
BS UR dl D UL L ul,2,7,32,6,2,15,3
BS UR dl UL D L ul,2,7,32,6,2,15,3
D BS dl UR UL L ul,2,7,32,6,2,11,3
D BS UR dl UL L ul,2,7,32,6,2,13,3
D dl BS UR UL L ul,2,7,32,6,2,13,3
D dl UR BS UL L ul,2,7,32,6,2,13,3
D UR BS dl UL L ul,2,7,32,6,2,13,3
D UR dl BS UL L ul,2,7,32,6,2,11,3
dl BS D UR UL L ul,2,7,32,6,2,12,3
dl BS UR D UL L ul,2,7,32,6,2,14,3
dl BS UR UL D L ul,2,7,32,6,2,14,3
dl D BS UR UL L ul,2,7,32,6,2,14,3
dl D UR BS UL L ul,2,7,32,6,2,14,3
dl UR BS D UL L ul,2,7,32,6,2,14,3
dl UR BS UL D L ul,2,7,32,6,2,14,3
dl UR D BS UL L ul,2,7,32,6,2,12,3
UR BS D dl UL L ul,2,7,32,6,2,14,3
UR BS dl D UL L ul,2,7,32,6,2,14,3
UR BS dl UL D L ul,2,7,32,6,2,14,3
UR D BS dl UL L ul,2,7,32,6,2,12,3
UR D dl BS UL L ul,2,7,32,6,2,12,3
UR dl BS D UL L ul,2,7,32,6,2,12,3
UR dl BS UL D L ul,2,7,32,6,2,12,3
UR dl D BS UL L ul,2,7,32,6,2,12,3
D dl ul UL UR L BS,2,9,32,6,2,16,4
D dl UL ul UR L BS,2,9,32,6,2,16,4
D dl ul UR UL L BS,2,9,32,6,2,12,3
D ul dl UL UR L BS,2,9,32,6,2,12,3
D UL dl ul UR L BS,2,9,32,6,2,14,3
D ul dl UR UL L BS,2,9,32,6,2,10,2
D ul UL dl UR L BS,2,9,32,6,2,14,4
D UL ul dl UR L BS,2,9,32,6,2,16,4
D ul UL UR dl L BS,2,9,32,6,2,14,4
D UL ul UR dl L BS,2,9,32,6,2,16,4
D ul UL UR L dl BS,2,9,32,6,2,14,4
D UL ul UR L dl BS,2,9,32,6,2,16,4
D ul UR dl UL L BS,2,9,32,6,2,10,2
D ul UR UL dl L BS,2,9,32,6,2,12,3
D ul UR UL L dl BS,2,9,32,6,2,10,3
dl D ul UL UR L BS,2,9,32,6,2,15,4
dl D UL ul UR L BS,2,9,32,6,2,17,4
dl D ul UR UL L BS,2,9,32,6,2,11,3
dl ul D UL UR L BS,2,9,32,6,2,13,3
dl UL D ul UR L BS,2,9,32,6,2,13,3
dl ul D UR UL L BS,2,9,32,6,2,11,3
dl ul UL D UR L BS,2,9,32,6,2,17,4
dl UL ul D UR L BS,2,9,32,6,2,15,4
ul D dl UL UR L BS,2,9,32,6,2,13,3
UL D dl ul UR L BS,2,9,32,6,2,15,3
ul D dl UR UL L BS,2,9,32,6,2,11,3
ul D UL dl UR L BS,2,9,32,6,2,13,3
UL D ul dl UR L BS,2,9,32,6,2,13,3
ul D UL UR dl L BS,2,9,32,6,2,13,3
UL D ul UR dl L BS,2,9,32,6,2,13,3
ul D UL UR L dl BS,2,9,32,6,2,13,3
UL D ul UR L dl BS,2,9,32,6,2,13,3
ul D UR dl UL L BS,2,9,32,6,2,11,3
ul D UR UL dl L BS,2,9,32,6,2,13,3
ul D UR UL L dl BS,2,9,32,6,2,11,3
ul dl D UL UR L BS,2,9,32,6,2,15,3
UL dl D ul UR L BS,2,9,32,6,2,13,3
ul dl D UR UL L BS,2,9,32,6,2,13,3
ul dl UL D UR L BS,2,9,32,6,2,15,3
UL dl ul D UR L BS,2,9,32,6,2,13,3
ul UL D dl UR L BS,2,9,32,6,2,17,4
UL ul D dl UR L BS,2,9,32,6,2,15,4
ul UL D UR dl L BS,2,9,32,6,2,17,4
UL ul D UR dl L BS,2,9,32,6,2,15,4
ul UL D UR L dl BS,2,9,32,6,2,17,4
UL ul D UR L dl BS,2,9,32,6,2,15,4
ul UL dl D UR L BS,2,9,32,6,2,17,4
UL ul dl D UR L BS,2,9,32,6,2,17,4
BS D dl L UL UR ul,2,7,32,7,2,13,3
BS D L dl UL UR ul,2,7,32,7,2,13,3
BS D L UL dl UR ul,2,7,32,7,2,11,2
BS D L UL UR dl ul,2,7,32,7,2,11,2
BS dl D L UL UR ul,2,7,32,7,2,11,3
BS dl L D UL UR ul,2,7,32,7,2,13,3
BS L D dl UL UR ul,2,7,32,7,2,13,3
BS L D UL dl UR ul,2,7,32,7,2,13,3
BS L D UL UR dl ul,2,7,32,7,2,13,3
BS L dl D UL UR ul,2,7,32,7,2,15,3
D BS dl L UL UR ul,2,7,32,7,2,11,3
D BS L dl UL UR ul,2,7,32,7,2,13,3
D BS L UL dl UR ul,2,7,32,7,2,11,2
D BS L UL UR dl ul,2,7,32,7,2,11,2
D dl BS L UL UR ul,2,7,32,7,2,11,3
D dl L BS UL UR ul,2,7,32,7,2,13,3
D L BS dl UL UR ul,2,7,32,7,2,11,2
D L BS UL dl UR ul,2,7,32,7,2,11,2
D L BS UL UR dl ul,2,7,32,7,2,11,2
D L dl BS UL UR ul,2,7,32,7,2,11,3
dl BS D L UL UR ul,2,7,32,7,2,10,2
dl BS L D UL UR ul,2,7,32,7,2,12,3
dl D BS L UL UR ul,2,7,32,7,2,12,3
dl D L BS UL UR ul,2,7,32,7,2,12,3
dl L BS D UL UR ul,2,7,32,7,2,14,3
dl L D BS UL UR ul,2,7,32,7,2,12,3
L BS D dl UL UR ul,2,7,32,7,2,13,3
L BS D UL dl UR ul,2,7,32,7,2,13,3
L BS D UL UR dl ul,2,7,32,7,2,13,3
L BS dl D UL UR ul,2,7,32,7,2,13,3
L D BS dl UL UR ul,2,7,32,7,2,11,2
L D BS UL dl UR ul,2,7,32,7,2,11,2
L D BS UL UR dl ul,2,7,32,7,2,11,2
L D dl BS UL UR ul,2,7,32,7,2,11,3
L dl BS D UL UR ul,2,7,32,7,2,13,3
L dl D BS UL UR ul,2,7,32,7,2,13,3
BS dl UL L D UR ul,2,9,33,6,2,11,3
BS dl UL L UR D ul,2,9,33,6,2,11,3
BS UL dl L D UR ul,2,9,33,6,2,13,3
BS UL dl L UR D ul,2,9,33,6,2,13,3
BS UL L D dl UR ul,2,9,33,6,2,11,3
BS UL L D UR dl ul,2,9,33,6,2,11,3
BS UL L dl D UR ul,2,9,33,6,2,13,3
BS UL L dl UR D ul,2,9,33,6,2,11,3
BS UL L UR D dl ul,2,9,33,6,2,13,3
BS UL L UR dl D ul,2,9,33,6,2,11,3
BS ul UR D L UL dl,2,9,33,6,2,13,3
BS ul UR L D UL dl,2,9,33,6,2,15,3
BS ul UR L UL D dl,2,9,33,6,2,15,3
BS UR L ul D UL dl,2,9,33,6,2,15,3
BS UR L UL D ul dl,2,9,33,6,2,13,3
BS UR L ul UL D dl,2,9,33,6,2,19,4
BS UR L UL ul D dl,2,9,33,6,2,15,4
BS UR ul D L UL dl,2,9,33,6,2,11,3
BS UR ul L D UL dl,2,9,33,6,2,15,3
BS UR ul L UL D dl,2,9,33,6,2,15,3
dl BS UL L D UR ul,2,9,33,6,2,10,3
dl BS UL L UR D ul,2,9,33,6,2,10,3
dl UL BS L D UR ul,2,9,33,6,2,12,3
dl UL BS L UR D ul,2,9,33,6,2,12,3
dl UL L BS D UR ul,2,9,33,6,2,12,3
dl UL L BS UR D ul,2,9,33,6,2,12,3
dl UL L UR BS D ul,2,9,33,6,2,12,3
UL BS dl L D UR ul,2,9,33,6,2,12,3
UL BS dl L UR D ul,2,9,33,6,2,12,3
UL BS L D dl UR ul,2,9,33,6,2,12,3
UL BS L D UR dl ul,2,9,33,6,2,12,3
UL BS L dl D UR ul,2,9,33,6,2,14,3
UL BS L dl UR D ul,2,9,33,6,2,12,3
UL BS L UR D dl ul,2,9,33,6,2,14,3
UL BS L UR dl D ul,2,9,33,6,2,12,3
ul BS UR D L UL dl,2,9,33,6,2,14,3
ul BS UR L D UL dl,2,9,33,6,2,16,3
ul BS UR L UL D dl,2,9,33,6,2,16,3
UL dl BS L D UR ul,2,9,33,6,2,12,3
UL dl BS L UR D ul,2,9,33,6,2,12,3
UL dl L BS D UR ul,2,9,33,6,2,14,3
UL dl L BS UR D ul,2,9,33,6,2,14,3
UL dl L UR BS D ul,2,9,33,6,2,14,3
UL L BS D dl UR ul,2,9,33,6,2,12,3
UL L BS D UR dl ul,2,9,33,6,2,12,3
UL L BS dl D UR ul,2,9,33,6,2,12,3
UL L BS dl UR D ul,2,9,33,6,2,10,3
UL L BS UR D dl ul,2,9,33,6,2,14,3
UL L BS UR dl D ul,2,9,33,6,2,12,3
UL L dl BS D UR ul,2,9,33,6,2,12,3
UL L dl BS UR D ul,2,9,33,6,2,12,3
UL L dl UR BS D ul,2,9,33,6,2,12,3
UL L UR BS D dl ul,2,9,33,6,2,14,3
UL L UR BS dl D ul,2,9,33,6,2,12,3
UL L UR dl BS D ul,2,9,33,6,2,10,3
ul UR BS D L UL dl,2,9,33,6,2,12,3
ul UR BS L D UL dl,2,9,33,6,2,14,3
ul UR BS L UL D dl,2,9,33,6,2,14,3
ul UR D BS L UL dl,2,9,33,6,2,12,3
ul UR D L BS UL dl,2,9,33,6,2,12,3
ul UR D L UL BS dl,2,9,33,6,2,10,3
ul UR L BS D UL dl,2,9,33,6,2,14,3
ul UR L BS UL D dl,2,9,33,6,2,14,3
ul UR L D BS UL dl,2,9,33,6,2,12,3
ul UR L D UL BS dl,2,9,33,6,2,12,3
ul UR L UL BS D dl,2,9,33,6,2,12,3
ul UR L UL D BS dl,2,9,33,6,2,12,3
UR BS L ul D UL dl,2,9,33,6,2,14,3
UR BS L UL D ul dl,2,9,33,6,2,12,3
UR BS L ul UL D dl,2,9,33,6,2,18,4
UR BS L UL ul D dl,2,9,33,6,2,14,4
UR BS ul D L UL dl,2,9,33,6,2,12,3
UR BS ul L D UL dl,2,9,33,6,2,16,3
UR BS ul L UL D dl,2,9,33,6,2,16,3
UR L BS ul D UL dl,2,9,33,6,2,14,3
UR L BS UL D ul dl,2,9,33,6,2,12,3
UR L BS ul UL D dl,2,9,33,6,2,18,4
UR L BS UL ul D dl,2,9,33,6,2,14,4
UR L ul BS D UL dl,2,9,33,6,2,16,3
UR L UL BS D ul dl,2,9,33,6,2,10,3
UR L ul BS UL D dl,2,9,33,6,2,16,3
UR L UL BS ul D dl,2,9,33,6,2,12,3
UR L ul D BS UL dl,2,9,33,6,2,12,3
UR L ul D UL BS dl,2,9,33,6,2,12,3
UR L ul UL BS D dl,2,9,33,6,2,16,4
UR L UL ul BS D dl,2,9,33,6,2,16,4
UR L ul UL D BS dl,2,9,33,6,2,16,4
UR L UL ul D BS dl,2,9,33,6,2,12,4
UR ul BS D L UL dl,2,9,33,6,2,12,3
UR ul BS L D UL dl,2,9,33,6,2,14,3
UR ul BS L UL D dl,2,9,33,6,2,14,3
UR ul D BS L UL dl,2,9,33,6,2,10,2
UR ul D L BS UL dl,2,9,33,6,2,10,2
UR ul D L UL BS dl,2,9,33,6,2,8,2
UR ul L BS D UL dl,2,9,33,6,2,14,3
UR ul L BS UL D dl,2,9,33,6,2,14,3
UR ul L D BS UL dl,2,9,33,6,2,12,3
UR ul L D UL BS dl,2,9,33,6,2,12,3
UR ul L UL BS D dl,2,9,33,6,2,12,3
UR ul L UL D BS dl,2,9,33,6,2,12,3
dl ul UL UR D L BS,2,9,34,6,2,15,4
dl UL ul UR D L BS,2,9,34,6,2,15,4
dl ul UL UR L D BS,2,9,34,6,2,15,4
dl UL ul UR L D BS,2,9,34,6,2,15,4
dl ul UR D UL L BS,2,9,34,6,2,13,3
dl UL UR L ul D BS,2,9,34,6,2,13,3
dl ul UR UL D L BS,2,9,34,6,2,13,3
dl UL UR ul D L BS,2,9,34,6,2,11,2
dl ul UR UL L D BS,2,9,34,6,2,11,2
dl UL UR ul L D BS,2,9,34,6,2,13,3
dl UR ul D UL L BS,2,9,34,6,2,11,3
dl UR UL L ul D BS,2,9,34,6,2,11,3
dl UR ul UL D L BS,2,9,34,6,2,15,4
dl UR UL ul D L BS,2,9,34,6,2,13,4
dl UR ul UL L D BS,2,9,34,6,2,13,4
dl UR UL ul L D BS,2,9,34,6,2,15,4
ul dl UL UR D L BS,2,9,34,6,2,13,3
UL dl ul UR D L BS,2,9,34,6,2,13,3
ul dl UL UR L D BS,2,9,34,6,2,13,3
UL dl ul UR L D BS,2,9,34,6,2,13,3
ul dl UR D UL L BS,2,9,34,6,2,13,3
UL dl UR L ul D BS,2,9,34,6,2,13,3
ul dl UR UL D L BS,2,9,34,6,2,13,3
UL dl UR ul D L BS,2,9,34,6,2,11,2
ul dl UR UL L D BS,2,9,34,6,2,11,2
UL dl UR ul L D BS,2,9,34,6,2,13,3
ul UL dl UR D L BS,2,9,34,6,2,15,4
UL ul dl UR D L BS,2,9,34,6,2,15,4
ul UL dl UR L D BS,2,9,34,6,2,15,4
UL ul dl UR L D BS,2,9,34,6,2,15,4
ul UL UR D dl L BS,2,9,34,6,2,17,4
UL ul UR D dl L BS,2,9,34,6,2,17,4
ul UL UR D L dl BS,2,9,34,6,2,15,4
UL ul UR D L dl BS,2,9,34,6,2,15,4
ul UL UR dl D L BS,2,9,34,6,2,15,4
UL ul UR dl D L BS,2,9,34,6,2,15,4
ul UL UR dl L D BS,2,9,34,6,2,15,4
UL ul UR dl L D BS,2,9,34,6,2,15,4
ul UL UR L D dl BS,2,9,34,6,2,15,4
UL ul UR L D dl BS,2,9,34,6,2,15,4
ul UL UR L dl D BS,2,9,34,6,2,17,4
UL ul UR L dl D BS,2,9,34,6,2,17,4
ul UR D dl UL L BS,2,9,34,6,2,13,3
ul UR D UL dl L BS,2,9,34,6,2,15,3
ul UR D UL L dl BS,2,9,34,6,2,13,3
ul UR dl D UL L BS,2,9,34,6,2,13,3
UL UR dl L ul D BS,2,9,34,6,2,13,3
ul UR dl UL D L BS,2,9,34,6,2,13,3
UL UR dl ul D L BS,2,9,34,6,2,11,2
ul UR dl UL L D BS,2,9,34,6,2,11,2
UL UR dl ul L D BS,2,9,34,6,2,13,3
UL UR L dl ul D BS,2,9,34,6,2,13,3
UL UR L ul D dl BS,2,9,34,6,2,13,3
UL UR L ul dl D BS,2,9,34,6,2,15,3
ul UR UL D dl L BS,2,9,34,6,2,15,3
UL UR ul D dl L BS,2,9,34,6,2,13,3
ul UR UL D L dl BS,2,9,34,6,2,13,3
UL UR ul D L dl BS,2,9,34,6,2,11,3
ul UR UL dl D L BS,2,9,34,6,2,13,3
UL UR ul dl D L BS,2,9,34,6,2,13,3
ul UR UL dl L D BS,2,9,34,6,2,13,3
UL UR ul dl L D BS,2,9,34,6,2,13,3
ul UR UL L D dl BS,2,9,34,6,2,11,3
UL UR ul L D dl BS,2,9,34,6,2,13,3
ul UR UL L dl D BS,2,9,34,6,2,13,3
UL UR ul L dl D BS,2,9,34,6,2,15,3
UR dl ul D UL L BS,2,9,34,6,2,11,3
UR dl UL L ul D BS,2,9,34,6,2,11,3
UR dl ul UL D L BS,2,9,34,6,2,15,4
UR dl UL ul D L BS,2,9,34,6,2,13,4
UR dl ul UL L D BS,2,9,34,6,2,13,4
UR dl UL ul L D BS,2,9,34,6,2,15,4
UR ul D dl UL L BS,2,9,34,6,2,11,3
UR ul D UL dl L BS,2,9,34,6,2,13,3
UR ul D UL L dl BS,2,9,34,6,2,11,3
UR ul dl D UL L BS,2,9,34,6,2,13,3
UR UL dl L ul D BS,2,9,34,6,2,13,3
UR ul dl UL D L BS,2,9,34,6,2,13,3
UR UL dl ul D L BS,2,9,34,6,2,11,2
UR ul dl UL L D BS,2,9,34,6,2,11,2
UR UL dl ul L D BS,2,9,34,6,2,13,3
UR UL L dl ul D BS,2,9,34,6,2,11,3
UR UL L ul D dl BS,2,9,34,6,2,11,3
UR UL L ul dl D BS,2,9,34,6,2,13,3
UR ul UL D dl L BS,2,9,34,6,2,17,4
UR UL ul D dl L BS,2,9,34,6,2,15,4
UR ul UL D L dl BS,2,9,34,6,2,15,4
UR UL ul D L dl BS,2,9,34,6,2,13,4
UR ul UL dl D L BS,2,9,34,6,2,15,4
UR UL ul dl D L BS,2,9,34,6,2,15,4
UR ul UL dl L D BS,2,9,34,6,2,15,4
UR UL ul dl L D BS,2,9,34,6,2,15,4
UR ul UL L D dl BS,2,9,34,6,2,13,4
UR UL ul L D dl BS,2,9,34,6,2,15,4
UR ul UL L dl D BS,2,9,34,6,2,15,4
UR UL ul L dl D BS,2,9,34,6,2,17,4
BS D dl UR L UL ul,2,7,34,7,2,15,4
BS D UR dl L UL ul,2,7,34,7,2,15,4
BS D UR L dl UL ul,2,7,34,7,2,17,4
BS D UR L UL dl ul,2,7,34,7,2,13,3
BS dl D UR L UL ul,2,7,34,7,2,15,4
BS dl L UR UL D ul,2,7,34,7,2,13,3
BS dl UR D L UL ul,2,7,34,7,2,13,4
BS dl UR L D UL ul,2,7,34,7,2,15,4
BS L dl UR UL D ul,2,7,34,7,2,13,3
BS L UR dl UL D ul,2,7,34,7,2,13,3
BS L UR UL D dl ul,2,7,34,7,2,15,3
BS L UR UL dl D ul,2,7,34,7,2,13,3
BS UR D dl L UL ul,2,7,34,7,2,17,4
BS UR D L dl UL ul,2,7,34,7,2,17,4
BS UR D L UL dl ul,2,7,34,7,2,13,3
BS UR dl D L UL ul,2,7,34,7,2,15,4
BS UR dl L D UL ul,2,7,34,7,2,17,4
BS UR L D dl UL ul,2,7,34,7,2,17,4
BS UR L D UL dl ul,2,7,34,7,2,15,3
BS UR L dl D UL ul,2,7,34,7,2,19,4
D BS dl UR L UL ul,2,7,34,7,2,13,4
D BS UR dl L UL ul,2,7,34,7,2,15,4
D BS UR L dl UL ul,2,7,34,7,2,17,4
D BS UR L UL dl ul,2,7,34,7,2,13,3
D dl BS UR L UL ul,2,7,34,7,2,15,4
D dl UR BS L UL ul,2,7,34,7,2,15,4
D dl UR L BS UL ul,2,7,34,7,2,15,4
D dl UR L UL BS ul,2,7,34,7,2,13,3
D UR BS dl L UL ul,2,7,34,7,2,15,4
D UR BS L dl UL ul,2,7,34,7,2,17,4
D UR BS L UL dl ul,2,7,34,7,2,13,3
D UR dl BS L UL ul,2,7,34,7,2,13,4
D UR dl L BS UL ul,2,7,34,7,2,15,4
D UR dl L UL BS ul,2,7,34,7,2,13,3
D UR L BS dl UL ul,2,7,34,7,2,15,4
D UR L BS UL dl ul,2,7,34,7,2,13,3
D UR L dl BS UL ul,2,7,34,7,2,15,4
D UR L dl UL BS ul,2,7,34,7,2,15,3
D UR L UL BS dl ul,2,7,34,7,2,11,3
D UR L UL dl BS ul,2,7,34,7,2,13,3
dl BS D UR L UL ul,2,7,34,7,2,14,4
dl BS L UR UL D ul,2,7,34,7,2,12,3
dl BS UR D L UL ul,2,7,34,7,2,14,4
dl BS UR L D UL ul,2,7,34,7,2,16,4
dl D BS UR L UL ul,2,7,34,7,2,16,4
dl D UR BS L UL ul,2,7,34,7,2,16,4
dl D UR L BS UL ul,2,7,34,7,2,16,4
dl D UR L UL BS ul,2,7,34,7,2,14,3
dl L BS UR UL D ul,2,7,34,7,2,14,3
dl L UR BS UL D ul,2,7,34,7,2,14,3
dl L UR UL BS D ul,2,7,34,7,2,12,3
dl UR BS D L UL ul,2,7,34,7,2,14,4
dl UR BS L D UL ul,2,7,34,7,2,16,4
dl UR D BS L UL ul,2,7,34,7,2,14,4
dl UR D L BS UL ul,2,7,34,7,2,14,4
dl UR D L UL BS ul,2,7,34,7,2,12,3
dl UR L BS D UL ul,2,7,34,7,2,16,4
dl UR L D BS UL ul,2,7,34,7,2,14,4
dl UR L D UL BS ul,2,7,34,7,2,14,3
dl UR L UL D BS ul,2,7,34,7,2,14,3
L BS dl UR UL D ul,2,7,34,7,2,11,3
L BS UR dl UL D ul,2,7,34,7,2,13,3
L BS UR UL D dl ul,2,7,34,7,2,15,3
L BS UR UL dl D ul,2,7,34,7,2,13,3
L dl BS UR UL D ul,2,7,34,7,2,13,3
L dl UR BS UL D ul,2,7,34,7,2,13,3
L dl UR UL BS D ul,2,7,34,7,2,11,3
L UR BS dl UL D ul,2,7,34,7,2,13,3
L UR BS UL D dl ul,2,7,34,7,2,15,3
L UR BS UL dl D ul,2,7,34,7,2,13,3
L UR dl BS UL D ul,2,7,34,7,2,11,3
L UR dl UL BS D ul,2,7,34,7,2,11,3
L UR UL BS D dl ul,2,7,34,7,2,13,3
L UR UL BS dl D ul,2,7,34,7,2,11,3
L UR UL dl BS D ul,2,7,34,7,2,11,3
UR BS D dl L UL ul,2,7,34,7,2,16,4
UR BS D L dl UL ul,2,7,34,7,2,16,4
UR BS D L UL dl ul,2,7,34,7,2,12,3
UR BS dl D L UL ul,2,7,34,7,2,14,4
UR BS dl L D UL ul,2,7,34,7,2,16,4
UR BS L D dl UL ul,2,7,34,7,2,16,4
UR BS L D UL dl ul,2,7,34,7,2,14,3
UR BS L dl D UL ul,2,7,34,7,2,18,4
UR D BS dl L UL ul,2,7,34,7,2,14,4
UR D BS L dl UL ul,2,7,34,7,2,16,4
UR D BS L UL dl ul,2,7,34,7,2,12,3
UR D dl BS L UL ul,2,7,34,7,2,14,4
UR D dl L BS UL ul,2,7,34,7,2,16,4
UR D dl L UL BS ul,2,7,34,7,2,14,3
UR D L BS dl UL ul,2,7,34,7,2,14,4
UR D L BS UL dl ul,2,7,34,7,2,12,3
UR D L dl BS UL ul,2,7,34,7,2,14,4
UR D L dl UL BS ul,2,7,34,7,2,14,3
UR D L UL BS dl ul,2,7,34,7,2,10,3
UR D L UL dl BS ul,2,7,34,7,2,12,3
UR dl BS D L UL ul,2,7,34,7,2,12,4
UR dl BS L D UL ul,2,7,34,7,2,14,4
UR dl D BS L UL ul,2,7,34,7,2,14,4
UR dl D L BS UL ul,2,7,34,7,2,14,4
UR dl D L UL BS ul,2,7,34,7,2,12,3
UR dl L BS D UL ul,2,7,34,7,2,16,4
UR dl L D BS UL ul,2,7,34,7,2,14,4
UR dl L D UL BS ul,2,7,34,7,2,14,3
UR dl L UL D BS ul,2,7,34,7,2,14,3
UR L BS D dl UL ul,2,7,34,7,2,16,4
UR L BS D UL dl ul,2,7,34,7,2,14,3
UR L BS dl D UL ul,2,7,34,7,2,16,4
UR L D BS dl UL ul,2,7,34,7,2,14,4
UR L D BS UL dl ul,2,7,34,7,2,12,3
UR L D dl BS UL ul,2,7,34,7,2,14,4
UR L D dl UL BS ul,2,7,34,7,2,14,3
UR L D UL BS dl ul,2,7,34,7,2,12,3
UR L D UL dl BS ul,2,7,34,7,2,14,3
UR L dl BS D UL ul,2,7,34,7,2,16,4
UR L dl D BS UL ul,2,7,34,7,2,16,4
UR L dl D UL BS ul,2,7,34,7,2,16,3
UR L dl UL D BS ul,2,7,34,7,2,16,3
UR L UL D BS dl ul,2,7,34,7,2,12,3
UR L UL D dl BS ul,2,7,34,7,2,14,3
UR L UL dl D BS ul,2,7,34,7,2,14,3
D dl UL L ul UR BS,2,9,34,7,2,14,3
D dl UL L UR ul BS,2,9,34,7,2,14,3
D dl ul UL L UR BS,2,9,34,7,2,16,4
D dl UL ul L UR BS,2,9,34,7,2,18,4
D UL dl L ul UR BS,2,9,34,7,2,16,3
D UL dl L UR ul BS,2,9,34,7,2,16,3
D ul dl UL L UR BS,2,9,34,7,2,12,3
D UL dl ul L UR BS,2,9,34,7,2,16,3
D UL L dl ul UR BS,2,9,34,7,2,14,3
D UL L dl UR ul BS,2,9,34,7,2,14,3
D UL L ul dl UR BS,2,9,34,7,2,14,3
D UL L ul UR dl BS,2,9,34,7,2,12,3
D UL L UR dl ul BS,2,9,34,7,2,14,3
D UL L UR ul dl BS,2,9,34,7,2,12,3
D ul UL dl L UR BS,2,9,34,7,2,16,4
D UL ul dl L UR BS,2,9,34,7,2,18,4
D ul UL L dl UR BS,2,9,34,7,2,14,4
D UL ul L dl UR BS,2,9,34,7,2,18,4
D ul UL L UR dl BS,2,9,34,7,2,12,4
D UL ul L UR dl BS,2,9,34,7,2,16,4
dl D UL L ul UR BS,2,9,34,7,2,15,3
dl D UL L UR ul BS,2,9,34,7,2,15,3
dl D ul UL L UR BS,2,9,34,7,2,15,4
dl D UL ul L UR BS,2,9,34,7,2,19,4
dl L ul UL UR D BS,2,9,34,7,2,17,4
dl L UL ul UR D BS,2,9,34,7,2,15,4
dl L UL UR ul D BS,2,9,34,7,2,11,3
dl UL D L ul UR BS,2,9,34,7,2,15,3
dl UL D L UR ul BS,2,9,34,7,2,15,3
dl ul D UL L UR BS,2,9,34,7,2,13,3
dl UL D ul L UR BS,2,9,34,7,2,15,3
dl UL L D ul UR BS,2,9,34,7,2,11,3
dl UL L D UR ul BS,2,9,34,7,2,13,3
dl UL L ul D UR BS,2,9,34,7,2,13,3
dl ul L UL UR D BS,2,9,34,7,2,13,3
dl UL L UR D ul BS,2,9,34,7,2,13,3
dl ul UL D L UR BS,2,9,34,7,2,17,4
dl UL ul D L UR BS,2,9,34,7,2,15,4
dl ul UL L D UR BS,2,9,34,7,2,15,4
dl UL ul L D UR BS,2,9,34,7,2,17,4
L dl ul UL UR D BS,2,9,34,7,2,16,4
L dl UL ul UR D BS,2,9,34,7,2,16,4
L dl UL UR ul D BS,2,9,34,7,2,12,3
L ul dl UL UR D BS,2,9,34,7,2,14,3
L UL dl ul UR D BS,2,9,34,7,2,12,3
L UL dl UR ul D BS,2,9,34,7,2,10,2
L ul UL dl UR D BS,2,9,34,7,2,16,4
L UL ul dl UR D BS,2,9,34,7,2,14,4
L ul UL UR D dl BS,2,9,34,7,2,16,4
L UL ul UR D dl BS,2,9,34,7,2,14,4
L ul UL UR dl D BS,2,9,34,7,2,16,4
L UL ul UR dl D BS,2,9,34,7,2,14,4
L UL UR dl ul D BS,2,9,34,7,2,10,2
L UL UR ul D dl BS,2,9,34,7,2,10,3
L UL UR ul dl D BS,2,9,34,7,2,12,3
UL D dl L ul UR BS,2,9,34,7,2,17,3
UL D dl L UR ul BS,2,9,34,7,2,17,3
ul D dl UL L UR BS,2,9,34,7,2,13,3
UL D dl ul L UR BS,2,9,34,7,2,17,3
UL D L dl ul UR BS,2,9,34,7,2,15,3
UL D L dl UR ul BS,2,9,34,7,2,15,3
UL D L ul dl UR BS,2,9,34,7,2,15,3
UL D L ul UR dl BS,2,9,34,7,2,13,3
UL D L UR dl ul BS,2,9,34,7,2,15,3
UL D L UR ul dl BS,2,9,34,7,2,13,3
ul D UL dl L UR BS,2,9,34,7,2,15,3
UL D ul dl L UR BS,2,9,34,7,2,15,3
ul D UL L dl UR BS,2,9,34,7,2,13,3
UL D ul L dl UR BS,2,9,34,7,2,15,3
ul D UL L UR dl BS,2,9,34,7,2,11,3
UL D ul L UR dl BS,2,9,34,7,2,13,3
UL dl D L ul UR BS,2,9,34,7,2,15,3
UL dl D L UR ul BS,2,9,34,7,2,15,3
ul dl D UL L UR BS,2,9,34,7,2,15,3
UL dl D ul L UR BS,2,9,34,7,2,15,3
UL dl L D ul UR BS,2,9,34,7,2,13,3
UL dl L D UR ul BS,2,9,34,7,2,15,3
UL dl L ul D UR BS,2,9,34,7,2,15,3
ul dl L UL UR D BS,2,9,34,7,2,13,3
UL dl L UR D ul BS,2,9,34,7,2,15,3
ul dl UL D L UR BS,2,9,34,7,2,15,3
UL dl ul D L UR BS,2,9,34,7,2,13,3
ul dl UL L D UR BS,2,9,34,7,2,13,3
UL dl ul L D UR BS,2,9,34,7,2,15,3
UL L D dl ul UR BS,2,9,34,7,2,13,3
UL L D dl UR ul BS,2,9,34,7,2,13,3
UL L D ul dl UR BS,2,9,34,7,2,11,3
UL L D ul UR dl BS,2,9,34,7,2,9,2
UL L D UR dl ul BS,2,9,34,7,2,13,3
UL L D UR ul dl BS,2,9,34,7,2,11,3
UL L dl D ul UR BS,2,9,34,7,2,13,3
UL L dl D UR ul BS,2,9,34,7,2,15,3
UL L dl ul D UR BS,2,9,34,7,2,13,3
ul L dl UL UR D BS,2,9,34,7,2,15,3
UL L dl UR D ul BS,2,9,34,7,2,13,3
UL L ul D dl UR BS,2,9,34,7,2,13,3
UL L ul D UR dl BS,2,9,34,7,2,11,3
UL L ul dl D UR BS,2,9,34,7,2,15,3
ul L UL dl UR D BS,2,9,34,7,2,13,3
ul L UL UR D dl BS,2,9,34,7,2,13,3
ul L UL UR dl D BS,2,9,34,7,2,13,3
UL L UR D dl ul BS,2,9,34,7,2,15,3
UL L UR D ul dl BS,2,9,34,7,2,11,3
UL L UR dl D ul BS,2,9,34,7,2,13,3
ul UL D dl L UR BS,2,9,34,7,2,19,4
UL ul D dl L UR BS,2,9,34,7,2,17,4
ul UL D L dl UR BS,2,9,34,7,2,17,4
UL ul D L dl UR BS,2,9,34,7,2,15,4
ul UL D L UR dl BS,2,9,34,7,2,15,4
UL ul D L UR dl BS,2,9,34,7,2,13,4
ul UL dl D L UR BS,2,9,34,7,2,17,4
UL ul dl D L UR BS,2,9,34,7,2,17,4
ul UL dl L D UR BS,2,9,34,7,2,17,4
UL ul dl L D UR BS,2,9,34,7,2,17,4
ul UL L D dl UR BS,2,9,34,7,2,15,4
UL ul L D dl UR BS,2,9,34,7,2,17,4
ul UL L D UR dl BS,2,9,34,7,2,13,4
UL ul L D UR dl BS,2,9,34,7,2,15,4
ul UL L dl D UR BS,2,9,34,7,2,17,4
UL ul L dl D UR BS,2,9,34,7,2,19,4
BS D dl UL L UR ul,2,9,35,6,2,13,3
BS D dl UL UR L ul,2,9,35,6,2,15,3
BS D UL dl L UR ul,2,9,35,6,2,15,3
BS D UL dl UR L ul,2,9,35,6,2,15,3
BS D UL L dl UR ul,2,9,35,6,2,13,3
BS D UL L UR dl ul,2,9,35,6,2,13,3
BS dl D UL L UR ul,2,9,35,6,2,13,3
BS dl D UL UR L ul,2,9,35,6,2,15,3
BS dl UL D L UR ul,2,9,35,6,2,13,3
BS dl UL D UR L ul,2,9,35,6,2,15,3
BS dl UL UR D L ul,2,9,35,6,2,13,3
BS UL D dl L UR ul,2,9,35,6,2,15,3
BS UL D dl UR L ul,2,9,35,6,2,15,3
BS UL D L dl UR ul,2,9,35,6,2,13,3
BS UL D L UR dl ul,2,9,35,6,2,13,3
BS UL dl D L UR ul,2,9,35,6,2,13,3
BS UL dl D UR L ul,2,9,35,6,2,15,3
BS UL dl UR D L ul,2,9,35,6,2,13,3
D BS dl UL L UR ul,2,9,35,6,2,11,3
D BS dl UL UR L ul,2,9,35,6,2,13,3
D BS UL dl L UR ul,2,9,35,6,2,13,3
D BS UL dl UR L ul,2,9,35,6,2,13,3
D BS UL L dl UR ul,2,9,35,6,2,11,3
D BS UL L UR dl ul,2,9,35,6,2,11,3
D dl BS UL L UR ul,2,9,35,6,2,11,3
D dl BS UL UR L ul,2,9,35,6,2,13,3
D dl UL BS L UR ul,2,9,35,6,2,13,3
D dl UL BS UR L ul,2,9,35,6,2,15,3
D UL BS dl L UR ul,2,9,35,6,2,13,3
D UL BS dl UR L ul,2,9,35,6,2,13,3
D UL BS L dl UR ul,2,9,35,6,2,13,3
D UL BS L UR dl ul,2,9,35,6,2,13,3
D UL dl BS L UR ul,2,9,35,6,2,13,3
D UL dl BS UR L ul,2,9,35,6,2,15,3
dl BS D UL L UR ul,2,9,35,6,2,12,3
dl BS D UL UR L ul,2,9,35,6,2,14,3
dl BS UL D L UR ul,2,9,35,6,2,12,3
dl BS UL D UR L ul,2,9,35,6,2,14,3
dl BS UL UR D L ul,2,9,35,6,2,12,3
dl D BS UL L UR ul,2,9,35,6,2,12,3
dl D BS UL UR L ul,2,9,35,6,2,14,3
dl D UL BS L UR ul,2,9,35,6,2,14,3
dl D UL BS UR L ul,2,9,35,6,2,16,3
dl UL BS D L UR ul,2,9,35,6,2,12,3
dl UL BS D UR L ul,2,9,35,6,2,14,3
dl UL BS UR D L ul,2,9,35,6,2,14,3
dl UL D BS L UR ul,2,9,35,6,2,14,3
dl UL D BS UR L ul,2,9,35,6,2,16,3
UL BS D dl L UR ul,2,9,35,6,2,14,3
UL BS D dl UR L ul,2,9,35,6,2,14,3
UL BS D L dl UR ul,2,9,35,6,2,12,3
UL BS D L UR dl ul,2,9,35,6,2,12,3
UL BS dl D L UR ul,2,9,35,6,2,12,3
UL BS dl D UR L ul,2,9,35,6,2,14,3
UL BS dl UR D L ul,2,9,35,6,2,12,3
UL D BS dl L UR ul,2,9,35,6,2,14,3
UL D BS dl UR L ul,2,9,35,6,2,14,3
UL D BS L dl UR ul,2,9,35,6,2,14,3
UL D BS L UR dl ul,2,9,35,6,2,14,3
UL D dl BS L UR ul,2,9,35,6,2,14,3
UL D dl BS UR L ul,2,9,35,6,2,16,3
UL dl BS D L UR ul,2,9,35,6,2,12,3
UL dl BS D UR L ul,2,9,35,6,2,14,3
UL dl BS UR D L ul,2,9,35,6,2,14,3
UL dl D BS L UR ul,2,9,35,6,2,14,3
UL dl D BS UR L ul,2,9,35,6,2,16,3
BS D L ul UL UR dl,2,9,35,7,2,15,4
BS D L UL ul UR dl,2,9,35,7,2,13,4
BS D L ul UR UL dl,2,9,35,7,2,13,3
BS D L UL UR ul dl,2,9,35,7,2,11,2
BS D ul L UL UR dl,2,9,35,7,2,11,3
BS D ul L UR UL dl,2,9,35,7,2,13,3
BS L D ul UL UR dl,2,9,35,7,2,13,4
BS L D UL ul UR dl,2,9,35,7,2,15,4
BS L D ul UR UL dl,2,9,35,7,2,11,2
BS L D UL UR ul dl,2,9,35,7,2,13,3
BS L ul D UL UR dl,2,9,35,7,2,13,3
BS L ul D UR UL dl,2,9,35,7,2,13,3
BS ul D L UL UR dl,2,9,35,7,2,11,3
BS ul D L UR UL dl,2,9,35,7,2,13,3
BS ul L D UL UR dl,2,9,35,7,2,15,3
BS ul L D UR UL dl,2,9,35,7,2,15,3
D BS L ul UL UR dl,2,9,35,7,2,15,4
D BS L UL ul UR dl,2,9,35,7,2,13,4
D BS L ul UR UL dl,2,9,35,7,2,13,3
D BS L UL UR ul dl,2,9,35,7,2,11,2
D BS ul L UL UR dl,2,9,35,7,2,13,3
D BS ul L UR UL dl,2,9,35,7,2,15,3
D L BS ul UL UR dl,2,9,35,7,2,15,4
D L BS UL ul UR dl,2,9,35,7,2,13,4
D L BS ul UR UL dl,2,9,35,7,2,13,3
D L BS UL UR ul dl,2,9,35,7,2,11,2
D L ul BS UL UR dl,2,9,35,7,2,13,3
D L ul BS UR UL dl,2,9,35,7,2,15,3
D L ul UR BS UL dl,2,9,35,7,2,13,3
D L ul UR UL BS dl,2,9,35,7,2,11,3
D ul BS L UL UR dl,2,9,35,7,2,11,3
D ul BS L UR UL dl,2,9,35,7,2,13,3
D ul L BS UL UR dl,2,9,35,7,2,11,3
D ul L BS UR UL dl,2,9,35,7,2,13,3
D ul L UR BS UL dl,2,9,35,7,2,13,3
D ul L UR UL BS dl,2,9,35,7,2,11,3
L BS D ul UL UR dl,2,9,35,7,2,13,4
L BS D UL ul UR dl,2,9,35,7,2,15,4
L BS D ul UR UL dl,2,9,35,7,2,11,2
L BS D UL UR ul dl,2,9,35,7,2,13,3
L BS ul D UL UR dl,2,9,35,7,2,13,3
L BS ul D UR UL dl,2,9,35,7,2,13,3
L D BS ul UL UR dl,2,9,35,7,2,15,4
L D BS UL ul UR dl,2,9,35,7,2,13,4
L D BS ul UR UL dl,2,9,35,7,2,13,3
L D BS UL UR ul dl,2,9,35,7,2,11,2
L D ul BS UL UR dl,2,9,35,7,2,11,3
L D ul BS UR UL dl,2,9,35,7,2,13,3
L D ul UR BS UL dl,2,9,35,7,2,11,3
L D ul UR UL BS dl,2,9,35,7,2,9,2
L ul BS D UL UR dl,2,9,35,7,2,15,3
L ul BS D UR UL dl,2,9,35,7,2,15,3
L ul D BS UL UR dl,2,9,35,7,2,11,3
L ul D BS UR UL dl,2,9,35,7,2,13,3
L ul D UR BS UL dl,2,9,35,7,2,13,3
L ul D UR UL BS dl,2,9,35,7,2,11,3
ul BS D L UL UR dl,2,9,35,7,2,12,3
ul BS D L UR UL dl,2,9,35,7,2,14,3
ul BS L D UL UR dl,2,9,35,7,2,14,3
ul BS L D UR UL dl,2,9,35,7,2,14,3
ul D BS L UL UR dl,2,9,35,7,2,10,2
ul D BS L UR UL dl,2,9,35,7,2,12,3
ul D L BS UL UR dl,2,9,35,7,2,10,2
ul D L BS UR UL dl,2,9,35,7,2,12,3
ul D L UR BS UL dl,2,9,35,7,2,12,3
ul D L UR UL BS dl,2,9,35,7,2,10,3
ul L BS D UL UR dl,2,9,35,7,2,14,3
ul L BS D UR UL dl,2,9,35,7,2,14,3
ul L D BS UL UR dl,2,9,35,7,2,12,3
ul L D BS UR UL dl,2,9,35,7,2,14,3
ul L D UR BS UL dl,2,9,35,7,2,14,3
ul L D UR UL BS dl,2,9,35,7,2,12,3
D dl L UR ul UL BS,2,9,35,8,2,16,4
D dl L UR UL ul BS,2,9,35,8,2,18,4
D L dl UR ul UL BS,2,9,35,8,2,14,4
D L dl UR UL ul BS,2,9,35,8,2,16,4
D L UR dl ul UL BS,2,9,35,8,2,14,4
D L UR dl UL ul BS,2,9,35,8,2,16,4
D L UR ul dl UL BS,2,9,35,8,2,12,3
D L UR UL dl ul BS,2,9,35,8,2,14,3
D L UR ul UL dl BS,2,9,35,8,2,14,4
D L UR UL ul dl BS,2,9,35,8,2,14,4
dl D L UR ul UL BS,2,9,35,8,2,15,4
dl D L UR UL ul BS,2,9,35,8,2,17,4
dl L D UR ul UL BS,2,9,35,8,2,15,4
dl L D UR UL ul BS,2,9,35,8,2,17,4
dl L UR D ul UL BS,2,9,35,8,2,15,4
dl L UR D UL ul BS,2,9,35,8,2,19,4
dl L UR UL D ul BS,2,9,35,8,2,15,3
L D dl UR ul UL BS,2,9,35,8,2,14,4
L D dl UR UL ul BS,2,9,35,8,2,16,4
L D UR dl ul UL BS,2,9,35,8,2,14,4
L D UR dl UL ul BS,2,9,35,8,2,16,4
L D UR ul dl UL BS,2,9,35,8,2,12,3
L D UR UL dl ul BS,2,9,35,8,2,14,3
L D UR ul UL dl BS,2,9,35,8,2,14,4
L D UR UL ul dl BS,2,9,35,8,2,14,4
L dl D UR ul UL BS,2,9,35,8,2,16,4
L dl D UR UL ul BS,2,9,35,8,2,18,4
L dl UR D ul UL BS,2,9,35,8,2,14,4
L dl UR D UL ul BS,2,9,35,8,2,18,4
L dl UR UL D ul BS,2,9,35,8,2,14,3
L UR D dl ul UL BS,2,9,35,8,2,16,4
L UR D dl UL ul BS,2,9,35,8,2,18,4
L UR D ul dl UL BS,2,9,35,8,2,12,3
L UR D UL dl ul BS,2,9,35,8,2,16,3
L UR D ul UL dl BS,2,9,35,8,2,14,4
L UR D UL ul dl BS,2,9,35,8,2,16,4
L UR dl D ul UL BS,2,9,35,8,2,14,4
L UR dl D UL ul BS,2,9,35,8,2,18,4
L UR dl UL D ul BS,2,9,35,8,2,14,3
L UR UL D dl ul BS,2,9,35,8,2,16,3
L UR UL D ul dl BS,2,9,35,8,2,12,3
L UR UL dl D ul BS,2,9,35,8,2,14,3
BS UL L D ul UR dl,2,9,36,6,2,9,2
BS UL L D UR ul dl,2,9,36,6,2,11,3
BS UL L ul D UR dl,2,9,36,6,2,11,3
BS UL L ul UR D dl,2,9,36,6,2,13,3
BS UL L UR D ul dl,2,9,36,6,2,11,3
BS UL L UR ul D dl,2,9,36,6,2,11,3
BS ul UL L D UR dl,2,9,36,6,2,15,4
BS UL ul L D UR dl,2,9,36,6,2,15,4
BS ul UL L UR D dl,2,9,36,6,2,17,4
BS UL ul L UR D dl,2,9,36,6,2,17,4
UL BS L D ul UR dl,2,9,36,6,2,10,2
UL BS L D UR ul dl,2,9,36,6,2,12,3
UL BS L ul D UR dl,2,9,36,6,2,12,3
UL BS L ul UR D dl,2,9,36,6,2,14,3
UL BS L UR D ul dl,2,9,36,6,2,12,3
UL BS L UR ul D dl,2,9,36,6,2,12,3
ul BS UL L D UR dl,2,9,36,6,2,12,3
UL BS ul L D UR dl,2,9,36,6,2,14,3
ul BS UL L UR D dl,2,9,36,6,2,14,3
UL BS ul L UR D dl,2,9,36,6,2,16,3
UL L BS D ul UR dl,2,9,36,6,2,10,2
UL L BS D UR ul dl,2,9,36,6,2,12,3
UL L BS ul D UR dl,2,9,36,6,2,12,3
UL L BS ul UR D dl,2,9,36,6,2,14,3
UL L BS UR D ul dl,2,9,36,6,2,12,3
UL L BS UR ul D dl,2,9,36,6,2,12,3
UL L ul BS D UR dl,2,9,36,6,2,14,3
UL L ul BS UR D dl,2,9,36,6,2,16,3
UL L ul UR BS D dl,2,9,36,6,2,14,3
UL L ul UR D BS dl,2,9,36,6,2,12,3
UL L UR BS D ul dl,2,9,36,6,2,12,3
UL L UR BS ul D dl,2,9,36,6,2,14,3
UL L UR ul BS D dl,2,9,36,6,2,14,3
UL L UR ul D BS dl,2,9,36,6,2,10,3
ul UL BS L D UR dl,2,9,36,6,2,14,4
UL ul BS L D UR dl,2,9,36,6,2,16,4
ul UL BS L UR D dl,2,9,36,6,2,16,4
UL ul BS L UR D dl,2,9,36,6,2,18,4
ul UL L BS D UR dl,2,9,36,6,2,14,4
UL ul L BS D UR dl,2,9,36,6,2,16,4
ul UL L BS UR D dl,2,9,36,6,2,16,4
UL ul L BS UR D dl,2,9,36,6,2,18,4
ul UL L UR BS D dl,2,9,36,6,2,16,4
UL ul L UR BS D dl,2,9,36,6,2,18,4
ul UL L UR D BS dl,2,9,36,6,2,14,4
UL ul L UR D BS dl,2,9,36,6,2,16,4
BS UL UR dl L D ul,2,9,37,6,2,11,3
BS UL UR L D dl ul,2,9,37,6,2,13,3
BS UL UR L dl D ul,2,9,37,6,2,13,3
BS UR UL dl L D ul,2,9,37,6,2,13,3
BS UR UL L D dl ul,2,9,37,6,2,13,3
BS UR UL L dl D ul,2,9,37,6,2,13,3
dl UL UR BS L D ul,2,9,37,6,2,12,3
dl UL UR L BS D ul,2,9,37,6,2,12,3
dl UR UL BS L D ul,2,9,37,6,2,10,2
dl UR UL L BS D ul,2,9,37,6,2,10,2
UL BS UR dl L D ul,2,9,37,6,2,12,3
UL BS UR L D dl ul,2,9,37,6,2,14,3
UL BS UR L dl D ul,2,9,37,6,2,14,3
UL dl UR BS L D ul,2,9,37,6,2,12,3
UL dl UR L BS D ul,2,9,37,6,2,12,3
UL UR BS dl L D ul,2,9,37,6,2,12,3
UL UR BS L D dl ul,2,9,37,6,2,14,3
UL UR BS L dl D ul,2,9,37,6,2,14,3
UL UR dl BS L D ul,2,9,37,6,2,10,2
UL UR dl L BS D ul,2,9,37,6,2,12,3
UL UR L BS D dl ul,2,9,37,6,2,14,3
UL UR L BS dl D ul,2,9,37,6,2,12,3
UL UR L dl BS D ul,2,9,37,6,2,12,3
UR BS UL dl L D ul,2,9,37,6,2,12,3
UR BS UL L D dl ul,2,9,37,6,2,12,3
UR BS UL L dl D ul,2,9,37,6,2,12,3
UR dl UL BS L D ul,2,9,37,6,2,10,2
UR dl UL L BS D ul,2,9,37,6,2,10,2
UR UL BS dl L D ul,2,9,37,6,2,10,3
UR UL BS L D dl ul,2,9,37,6,2,12,3
UR UL BS L dl D ul,2,9,37,6,2,12,3
UR UL dl BS L D ul,2,9,37,6,2,10,2
UR UL dl L BS D ul,2,9,37,6,2,12,3
UR UL L BS D dl ul,2,9,37,6,2,12,3
UR UL L BS dl D ul,2,9,37,6,2,10,3
UR UL L dl BS D ul,2,9,37,6,2,10,3
BS D dl ul UR UL L,2,9,37,7,2,12,3
BS D ul dl UR UL L,2,9,37,7,2,10,2
BS D ul UR dl UL L,2,9,37,7,2,10,2
BS D UR L ul UL dl,2,9,37,7,2,17,4
BS D UR L UL ul dl,2,9,37,7,2,15,4
BS D UR ul L UL dl,2,9,37,7,2,13,3
BS dl D ul UR UL L,2,9,37,7,2,10,3
BS dl L UL D UR ul,2,9,37,7,2,13,3
BS dl L UL UR D ul,2,9,37,7,2,11,3
BS dl ul D UR UL L,2,9,37,7,2,10,3
BS L dl UL D UR ul,2,9,37,7,2,15,3
BS L dl UL UR D ul,2,9,37,7,2,13,3
BS L UL D dl UR ul,2,9,37,7,2,13,3
BS L UL D UR dl ul,2,9,37,7,2,13,3
BS L UL dl D UR ul,2,9,37,7,2,13,3
BS L UL dl UR D ul,2,9,37,7,2,11,3
BS L UL UR D dl ul,2,9,37,7,2,13,3
BS L ul UR D UL dl,2,9,37,7,2,15,3
BS L UL UR dl D ul,2,9,37,7,2,11,3
BS L ul UR UL D dl,2,9,37,7,2,15,3
BS L UR ul D UL dl,2,9,37,7,2,13,3
BS L UR UL D ul dl,2,9,37,7,2,13,3
BS L UR ul UL D dl,2,9,37,7,2,17,4
BS L UR UL ul D dl,2,9,37,7,2,15,4
BS ul D dl UR UL L,2,9,37,7,2,12,3
BS ul D UR dl UL L,2,9,37,7,2,12,3
BS ul dl D UR UL L,2,9,37,7,2,14,3
BS ul L UR D UL dl,2,9,37,7,2,17,3
BS ul L UR UL D dl,2,9,37,7,2,17,3
BS UR D L ul UL dl,2,9,37,7,2,17,4
BS UR D L UL ul dl,2,9,37,7,2,15,4
BS UR D ul L UL dl,2,9,37,7,2,13,3
BS UR L D ul UL dl,2,9,37,7,2,15,4
BS UR L D UL ul dl,2,9,37,7,2,17,4
D BS dl ul UR UL L,2,9,37,7,2,10,2
D BS ul dl UR UL L,2,9,37,7,2,12,3
D BS ul UR dl UL L,2,9,37,7,2,12,3
D BS UR L ul UL dl,2,9,37,7,2,17,4
D BS UR L UL ul dl,2,9,37,7,2,15,4
D BS UR ul L UL dl,2,9,37,7,2,13,3
D dl BS ul UR UL L,2,9,37,7,2,12,3
D dl ul BS UR UL L,2,9,37,7,2,14,3
D dl UL L BS UR ul,2,9,37,7,2,13,3
D dl UL L UR BS ul,2,9,37,7,2,15,3
D dl ul UR BS UL L,2,9,37,7,2,12,3
D ul BS dl UR UL L,2,9,37,7,2,10,3
D ul BS UR dl UL L,2,9,37,7,2,12,3
D ul dl BS UR UL L,2,9,37,7,2,10,3
D UL dl L BS UR ul,2,9,37,7,2,15,3
D UL dl L UR BS ul,2,9,37,7,2,17,3
D ul dl UR BS UL L,2,9,37,7,2,10,3
D UL L BS dl UR ul,2,9,37,7,2,11,3
D UL L BS UR dl ul,2,9,37,7,2,13,3
D UL L dl BS UR ul,2,9,37,7,2,13,3
D UL L dl UR BS ul,2,9,37,7,2,15,3
D UL L UR BS dl ul,2,9,37,7,2,13,3
D UL L UR dl BS ul,2,9,37,7,2,13,3
D ul UR BS dl UL L,2,9,37,7,2,10,3
D ul UR dl BS UL L,2,9,37,7,2,8,2
D UR BS L ul UL dl,2,9,37,7,2,17,4
D UR BS L UL ul dl,2,9,37,7,2,15,4
D UR BS ul L UL dl,2,9,37,7,2,15,3
D UR L BS ul UL dl,2,9,37,7,2,17,4
D UR L BS UL ul dl,2,9,37,7,2,15,4
D UR L ul BS UL dl,2,9,37,7,2,15,3
D UR L UL BS ul dl,2,9,37,7,2,13,3
D UR L ul UL BS dl,2,9,37,7,2,15,4
D UR L UL ul BS dl,2,9,37,7,2,15,4
D UR ul BS L UL dl,2,9,37,7,2,13,3
D UR ul L BS UL dl,2,9,37,7,2,13,3
D UR ul L UL BS dl,2,9,37,7,2,11,3
dl BS D ul UR UL L,2,9,37,7,2,9,2
dl BS L UL D UR ul,2,9,37,7,2,12,3
dl BS L UL UR D ul,2,9,37,7,2,10,3
dl BS ul D UR UL L,2,9,37,7,2,11,3
dl D BS ul UR UL L,2,9,37,7,2,13,3
dl D ul BS UR UL L,2,9,37,7,2,13,3
dl D UL L BS UR ul,2,9,37,7,2,14,3
dl D UL L UR BS ul,2,9,37,7,2,16,3
dl D ul UR BS UL L,2,9,37,7,2,11,3
dl L BS UL D UR ul,2,9,37,7,2,14,3
dl L BS UL UR D ul,2,9,37,7,2,12,3
dl L UL BS D UR ul,2,9,37,7,2,12,3
dl L UL BS UR D ul,2,9,37,7,2,12,3
dl L UL UR BS D ul,2,9,37,7,2,12,3
dl ul BS D UR UL L,2,9,37,7,2,13,3
dl ul D BS UR UL L,2,9,37,7,2,11,3
dl UL D L BS UR ul,2,9,37,7,2,14,3
dl UL D L UR BS ul,2,9,37,7,2,16,3
dl ul D UR BS UL L,2,9,37,7,2,11,3
dl UL L D BS UR ul,2,9,37,7,2,12,3
dl UL L D UR BS ul,2,9,37,7,2,14,3
dl UL L UR D BS ul,2,9,37,7,2,14,3
L BS dl UL D UR ul,2,9,37,7,2,13,3
L BS dl UL UR D ul,2,9,37,7,2,11,3
L BS UL D dl UR ul,2,9,37,7,2,13,3
L BS UL D UR dl ul,2,9,37,7,2,13,3
L BS UL dl D UR ul,2,9,37,7,2,13,3
L BS UL dl UR D ul,2,9,37,7,2,11,3
L BS UL UR D dl ul,2,9,37,7,2,13,3
L BS ul UR D UL dl,2,9,37,7,2,15,3
L BS UL UR dl D ul,2,9,37,7,2,11,3
L BS ul UR UL D dl,2,9,37,7,2,15,3
L BS UR ul D UL dl,2,9,37,7,2,13,3
L BS UR UL D ul dl,2,9,37,7,2,13,3
L BS UR ul UL D dl,2,9,37,7,2,17,4
L BS UR UL ul D dl,2,9,37,7,2,15,4
L dl BS UL D UR ul,2,9,37,7,2,13,3
L dl BS UL UR D ul,2,9,37,7,2,11,3
L dl UL BS D UR ul,2,9,37,7,2,13,3
L dl UL BS UR D ul,2,9,37,7,2,13,3
L dl UL UR BS D ul,2,9,37,7,2,13,3
L UL BS D dl UR ul,2,9,37,7,2,11,3
L UL BS D UR dl ul,2,9,37,7,2,11,3
L UL BS dl D UR ul,2,9,37,7,2,11,3
L UL BS dl UR D ul,2,9,37,7,2,9,3
L UL BS UR D dl ul,2,9,37,7,2,13,3
L ul BS UR D UL dl,2,9,37,7,2,17,3
L UL BS UR dl D ul,2,9,37,7,2,11,3
L ul BS UR UL D dl,2,9,37,7,2,17,3
L UL dl BS D UR ul,2,9,37,7,2,11,3
L UL dl BS UR D ul,2,9,37,7,2,11,3
L UL dl UR BS D ul,2,9,37,7,2,11,3
L UL UR BS D dl ul,2,9,37,7,2,13,3
L ul UR BS D UL dl,2,9,37,7,2,15,3
L UL UR BS dl D ul,2,9,37,7,2,11,3
L ul UR BS UL D dl,2,9,37,7,2,15,3
L ul UR D BS UL dl,2,9,37,7,2,13,3
L ul UR D UL BS dl,2,9,37,7,2,13,3
L UL UR dl BS D ul,2,9,37,7,2,9,2
L ul UR UL BS D dl,2,9,37,7,2,13,3
L ul UR UL D BS dl,2,9,37,7,2,13,3
L UR BS ul D UL dl,2,9,37,7,2,15,3
L UR BS UL D ul dl,2,9,37,7,2,13,3
L UR BS ul UL D dl,2,9,37,7,2,19,4
L UR BS UL ul D dl,2,9,37,7,2,15,4
L UR ul BS D UL dl,2,9,37,7,2,15,3
L UR UL BS D ul dl,2,9,37,7,2,11,3
L UR ul BS UL D dl,2,9,37,7,2,15,3
L UR UL BS ul D dl,2,9,37,7,2,13,3
L UR ul D BS UL dl,2,9,37,7,2,11,3
L UR ul D UL BS dl,2,9,37,7,2,11,3
L UR ul UL BS D dl,2,9,37,7,2,15,4
L UR UL ul BS D dl,2,9,37,7,2,17,4
L UR ul UL D BS dl,2,9,37,7,2,15,4
L UR UL ul D BS dl,2,9,37,7,2,13,4
ul BS D dl UR UL L,2,9,37,7,2,13,3
ul BS D UR dl UL L,2,9,37,7,2,13,3
ul BS dl D UR UL L,2,9,37,7,2,13,3
ul BS L UR D UL dl,2,9,37,7,2,16,3
ul BS L UR UL D dl,2,9,37,7,2,16,3
ul D BS dl UR UL L,2,9,37,7,2,9,2
ul D BS UR dl UL L,2,9,37,7,2,11,3
ul D dl BS UR UL L,2,9,37,7,2,11,3
UL D dl L BS UR ul,2,9,37,7,2,16,3
UL D dl L UR BS ul,2,9,37,7,2,18,3
ul D dl UR BS UL L,2,9,37,7,2,11,3
UL D L BS dl UR ul,2,9,37,7,2,12,3
UL D L BS UR dl ul,2,9,37,7,2,14,3
UL D L dl BS UR ul,2,9,37,7,2,14,3
UL D L dl UR BS ul,2,9,37,7,2,16,3
UL D L UR BS dl ul,2,9,37,7,2,14,3
UL D L UR dl BS ul,2,9,37,7,2,14,3
ul D UR BS dl UL L,2,9,37,7,2,11,3
ul D UR dl BS UL L,2,9,37,7,2,9,3
ul dl BS D UR UL L,2,9,37,7,2,11,3
ul dl D BS UR UL L,2,9,37,7,2,13,3
UL dl D L BS UR ul,2,9,37,7,2,14,3
UL dl D L UR BS ul,2,9,37,7,2,16,3
ul dl D UR BS UL L,2,9,37,7,2,13,3
UL dl L D BS UR ul,2,9,37,7,2,14,3
UL dl L D UR BS ul,2,9,37,7,2,16,3
UL dl L UR D BS ul,2,9,37,7,2,16,3
ul L BS UR D UL dl,2,9,37,7,2,16,3
ul L BS UR UL D dl,2,9,37,7,2,16,3
UL L D BS dl UR ul,2,9,37,7,2,10,2
UL L D BS UR dl ul,2,9,37,7,2,12,3
UL L D dl BS UR ul,2,9,37,7,2,12,3
UL L D dl UR BS ul,2,9,37,7,2,14,3
UL L D UR BS dl ul,2,9,37,7,2,12,3
UL L D UR dl BS ul,2,9,37,7,2,12,3
UL L dl D BS UR ul,2,9,37,7,2,14,3
UL L dl D UR BS ul,2,9,37,7,2,16,3
UL L dl UR D BS ul,2,9,37,7,2,14,3
ul L UR BS D UL dl,2,9,37,7,2,16,3
ul L UR BS UL D dl,2,9,37,7,2,16,3
UL L UR D BS dl ul,2,9,37,7,2,12,3
ul L UR D BS UL dl,2,9,37,7,2,14,3
UL L UR D dl BS ul,2,9,37,7,2,14,3
ul L UR D UL BS dl,2,9,37,7,2,14,3
UL L UR dl D BS ul,2,9,37,7,2,14,3
ul L UR UL BS D dl,2,9,37,7,2,14,3
ul L UR UL D BS dl,2,9,37,7,2,14,3
UR BS D L ul UL dl,2,9,37,7,2,16,4
UR BS D L UL ul dl,2,9,37,7,2,14,4
UR BS D ul L UL dl,2,9,37,7,2,12,3
UR BS L D ul UL dl,2,9,37,7,2,14,4
UR BS L D UL ul dl,2,9,37,7,2,16,4
UR D BS L ul UL dl,2,9,37,7,2,16,4
UR D BS L UL ul dl,2,9,37,7,2,14,4
UR D BS ul L UL dl,2,9,37,7,2,14,3
UR D L BS ul UL dl,2,9,37,7,2,16,4
UR D L BS UL ul dl,2,9,37,7,2,14,4
UR D L ul BS UL dl,2,9,37,7,2,14,3
UR D L UL BS ul dl,2,9,37,7,2,12,3
UR D L ul UL BS dl,2,9,37,7,2,14,4
UR D L UL ul BS dl,2,9,37,7,2,14,4
UR D ul BS L UL dl,2,9,37,7,2,12,3
UR D ul L BS UL dl,2,9,37,7,2,12,3
UR D ul L UL BS dl,2,9,37,7,2,10,3
UR L BS D ul UL dl,2,9,37,7,2,14,4
UR L BS D UL ul dl,2,9,37,7,2,16,4
UR L D BS ul UL dl,2,9,37,7,2,16,4
UR L D BS UL ul dl,2,9,37,7,2,14,4
UR L D ul BS UL dl,2,9,37,7,2,12,3
UR L D UL BS ul dl,2,9,37,7,2,14,3
UR L D ul UL BS dl,2,9,37,7,2,12,4
UR L D UL ul BS dl,2,9,37,7,2,16,4
UR L UL D BS ul dl,2,9,37,7,2,14,3
UR L UL D ul BS dl,2,9,37,7,2,12,3
BS D UL L ul UR dl,2,9,38,6,2,13,3
BS D UL L UR ul dl,2,9,38,6,2,13,3
BS D ul UL L UR dl,2,9,38,6,2,13,4
BS D UL ul L UR dl,2,9,38,6,2,17,4
BS D ul UL UR L dl,2,9,38,6,2,15,4
BS D UL ul UR L dl,2,9,38,6,2,17,4
BS D ul UR UL L dl,2,9,38,6,2,11,3
BS UL D L ul UR dl,2,9,38,6,2,13,3
BS UL D L UR ul dl,2,9,38,6,2,13,3
BS ul D UL L UR dl,2,9,38,6,2,13,3
BS UL D ul L UR dl,2,9,38,6,2,13,3
BS ul D UL UR L dl,2,9,38,6,2,15,3
BS UL D ul UR L dl,2,9,38,6,2,13,3
BS ul D UR UL L dl,2,9,38,6,2,13,3
BS ul UL D L UR dl,2,9,38,6,2,17,4
BS UL ul D L UR dl,2,9,38,6,2,13,4
BS ul UL D UR L dl,2,9,38,6,2,19,4
BS UL ul D UR L dl,2,9,38,6,2,15,4
D BS UL L ul UR dl,2,9,38,6,2,11,3
D BS UL L UR ul dl,2,9,38,6,2,11,3
D BS ul UL L UR dl,2,9,38,6,2,15,4
D BS UL ul L UR dl,2,9,38,6,2,15,4
D BS ul UL UR L dl,2,9,38,6,2,17,4
D BS UL ul UR L dl,2,9,38,6,2,15,4
D BS ul UR UL L dl,2,9,38,6,2,13,3
D UL BS L ul UR dl,2,9,38,6,2,13,3
D UL BS L UR ul dl,2,9,38,6,2,13,3
D ul BS UL L UR dl,2,9,38,6,2,11,3
D UL BS ul L UR dl,2,9,38,6,2,15,3
D ul BS UL UR L dl,2,9,38,6,2,13,3
D UL BS ul UR L dl,2,9,38,6,2,15,3
D ul BS UR UL L dl,2,9,38,6,2,13,3
D ul UL BS L UR dl,2,9,38,6,2,13,4
D UL ul BS L UR dl,2,9,38,6,2,17,4
D ul UL BS UR L dl,2,9,38,6,2,15,4
D UL ul BS UR L dl,2,9,38,6,2,19,4
D ul UL UR BS L dl,2,9,38,6,2,15,4
D UL ul UR BS L dl,2,9,38,6,2,17,4
D ul UL UR L BS dl,2,9,38,6,2,13,4
D UL ul UR L BS dl,2,9,38,6,2,15,4
D ul UR BS UL L dl,2,9,38,6,2,11,3
D ul UR UL BS L dl,2,9,38,6,2,11,3
D ul UR UL L BS dl,2,9,38,6,2,9,2
UL BS D L ul UR dl,2,9,38,6,2,12,3
UL BS D L UR ul dl,2,9,38,6,2,12,3
ul BS D UL L UR dl,2,9,38,6,2,14,3
UL BS D ul L UR dl,2,9,38,6,2,12,3
ul BS D UL UR L dl,2,9,38,6,2,16,3
UL BS D ul UR L dl,2,9,38,6,2,12,3
ul BS D UR UL L dl,2,9,38,6,2,14,3
ul BS UL D L UR dl,2,9,38,6,2,14,3
UL BS ul D L UR dl,2,9,38,6,2,12,3
ul BS UL D UR L dl,2,9,38,6,2,16,3
UL BS ul D UR L dl,2,9,38,6,2,14,3
UL D BS L ul UR dl,2,9,38,6,2,14,3
UL D BS L UR ul dl,2,9,38,6,2,14,3
ul D BS UL L UR dl,2,9,38,6,2,10,3
UL D BS ul L UR dl,2,9,38,6,2,16,3
ul D BS UL UR L dl,2,9,38,6,2,12,3
UL D BS ul UR L dl,2,9,38,6,2,16,3
ul D BS UR UL L dl,2,9,38,6,2,12,3
ul D UL BS L UR dl,2,9,38,6,2,12,3
UL D ul BS L UR dl,2,9,38,6,2,14,3
ul D UL BS UR L dl,2,9,38,6,2,14,3
UL D ul BS UR L dl,2,9,38,6,2,16,3
ul D UL UR BS L dl,2,9,38,6,2,14,3
UL D ul UR BS L dl,2,9,38,6,2,14,3
ul D UL UR L BS dl,2,9,38,6,2,12,3
UL D ul UR L BS dl,2,9,38,6,2,12,3
ul D UR BS UL L dl,2,9,38,6,2,12,3
ul D UR UL BS L dl,2,9,38,6,2,12,3
ul D UR UL L BS dl,2,9,38,6,2,10,3
ul UL BS D L UR dl,2,9,38,6,2,14,4
UL ul BS D L UR dl,2,9,38,6,2,16,4
ul UL BS D UR L dl,2,9,38,6,2,16,4
UL ul BS D UR L dl,2,9,38,6,2,18,4
ul UL D BS L UR dl,2,9,38,6,2,16,4
UL ul D BS L UR dl,2,9,38,6,2,14,4
ul UL D BS UR L dl,2,9,38,6,2,18,4
UL ul D BS UR L dl,2,9,38,6,2,16,4
ul UL D UR BS L dl,2,9,38,6,2,18,4
UL ul D UR BS L dl,2,9,38,6,2,16,4
ul UL D UR L BS dl,2,9,38,6,2,16,4
UL ul D UR L BS dl,2,9,38,6,2,14,4
D dl UL UR L ul BS,2,9,38,7,2,16,3
D dl UL UR ul L BS,2,9,38,7,2,14,3
D dl UR UL L ul BS,2,9,38,7,2,14,3
D dl UR ul UL L BS,2,9,38,7,2,14,4
D dl UR UL ul L BS,2,9,38,7,2,16,4
D UL dl UR L ul BS,2,9,38,7,2,16,3
D UL dl UR ul L BS,2,9,38,7,2,14,3
D UL UR dl L ul BS,2,9,38,7,2,16,3
D UL UR dl ul L BS,2,9,38,7,2,14,3
D UL UR L dl ul BS,2,9,38,7,2,16,3
D UL UR L ul dl BS,2,9,38,7,2,14,3
D UL UR ul dl L BS,2,9,38,7,2,14,3
D UL UR ul L dl BS,2,9,38,7,2,14,3
D UR dl UL L ul BS,2,9,38,7,2,14,3
D UR dl ul UL L BS,2,9,38,7,2,14,4
D UR dl UL ul L BS,2,9,38,7,2,16,4
D UR UL dl L ul BS,2,9,38,7,2,16,3
D UR ul dl UL L BS,2,9,38,7,2,12,3
D UR UL dl ul L BS,2,9,38,7,2,14,3
D UR UL L dl ul BS,2,9,38,7,2,14,3
D UR UL L ul dl BS,2,9,38,7,2,12,3
D UR ul UL dl L BS,2,9,38,7,2,16,4
D UR UL ul dl L BS,2,9,38,7,2,16,4
D UR ul UL L dl BS,2,9,38,7,2,14,4
D UR UL ul L dl BS,2,9,38,7,2,16,4
dl D UL UR L ul BS,2,9,38,7,2,17,3
dl D UL UR ul L BS,2,9,38,7,2,15,3
dl D UR UL L ul BS,2,9,38,7,2,15,3
dl D UR ul UL L BS,2,9,38,7,2,15,4
dl D UR UL ul L BS,2,9,38,7,2,17,4
dl UL D UR L ul BS,2,9,38,7,2,17,3
dl UL D UR ul L BS,2,9,38,7,2,15,3
dl UL UR D L ul BS,2,9,38,7,2,15,3
dl UL UR D ul L BS,2,9,38,7,2,13,3
dl UL UR L D ul BS,2,9,38,7,2,13,3
dl UR D UL L ul BS,2,9,38,7,2,15,3
dl UR D ul UL L BS,2,9,38,7,2,13,4
dl UR D UL ul L BS,2,9,38,7,2,17,4
dl UR UL D L ul BS,2,9,38,7,2,15,3
dl UR UL D ul L BS,2,9,38,7,2,13,3
dl UR UL L D ul BS,2,9,38,7,2,11,3
UL D dl UR L ul BS,2,9,38,7,2,17,3
UL D dl UR ul L BS,2,9,38,7,2,15,3
UL D UR dl L ul BS,2,9,38,7,2,17,3
UL D UR dl ul L BS,2,9,38,7,2,15,3
UL D UR L dl ul BS,2,9,38,7,2,17,3
UL D UR L ul dl BS,2,9,38,7,2,15,3
UL D UR ul dl L BS,2,9,38,7,2,15,3
UL D UR ul L dl BS,2,9,38,7,2,15,3
UL dl D UR L ul BS,2,9,38,7,2,17,3
UL dl D UR ul L BS,2,9,38,7,2,15,3
UL dl UR D L ul BS,2,9,38,7,2,15,3
UL dl UR D ul L BS,2,9,38,7,2,13,3
UL dl UR L D ul BS,2,9,38,7,2,13,3
UL UR D dl L ul BS,2,9,38,7,2,17,3
UL UR D dl ul L BS,2,9,38,7,2,15,3
UL UR D L dl ul BS,2,9,38,7,2,15,3
UL UR D L ul dl BS,2,9,38,7,2,13,3
UL UR D ul dl L BS,2,9,38,7,2,13,3
UL UR D ul L dl BS,2,9,38,7,2,13,3
UL UR dl D L ul BS,2,9,38,7,2,15,3
UL UR dl D ul L BS,2,9,38,7,2,13,3
UL UR dl L D ul BS,2,9,38,7,2,13,3
UL UR L D dl ul BS,2,9,38,7,2,15,3
UL UR L D ul dl BS,2,9,38,7,2,11,3
UL UR L dl D ul BS,2,9,38,7,2,15,3
UR D dl UL L ul BS,2,9,38,7,2,15,3
UR D dl ul UL L BS,2,9,38,7,2,15,4
UR D dl UL ul L BS,2,9,38,7,2,17,4
UR D UL dl L ul BS,2,9,38,7,2,17,3
UR D ul dl UL L BS,2,9,38,7,2,11,3
UR D UL dl ul L BS,2,9,38,7,2,15,3
UR D UL L dl ul BS,2,9,38,7,2,15,3
UR D UL L ul dl BS,2,9,38,7,2,13,3
UR D ul UL dl L BS,2,9,38,7,2,15,4
UR D UL ul dl L BS,2,9,38,7,2,17,4
UR D ul UL L dl BS,2,9,38,7,2,13,4
UR D UL ul L dl BS,2,9,38,7,2,17,4
UR dl D UL L ul BS,2,9,38,7,2,15,3
UR dl D ul UL L BS,2,9,38,7,2,13,4
UR dl D UL ul L BS,2,9,38,7,2,17,4
UR dl UL D L ul BS,2,9,38,7,2,15,3
UR dl UL D ul L BS,2,9,38,7,2,13,3
UR dl UL L D ul BS,2,9,38,7,2,11,3
UR UL D dl L ul BS,2,9,38,7,2,17,3
UR UL D dl ul L BS,2,9,38,7,2,15,3
UR UL D L dl ul BS,2,9,38,7,2,15,3
UR UL D L ul dl BS,2,9,38,7,2,13,3
UR UL D ul dl L BS,2,9,38,7,2,13,3
UR UL D ul L dl BS,2,9,38,7,2,13,3
UR UL dl D L ul BS,2,9,38,7,2,15,3
UR UL dl D ul L BS,2,9,38,7,2,13,3
UR UL dl L D ul BS,2,9,38,7,2,13,3
UR UL L D dl ul BS,2,9,38,7,2,13,3
UR UL L D ul dl BS,2,9,38,7,2,9,2
UR UL L dl D ul BS,2,9,38,7,2,13,3
BS D dl L UR UL ul,2,7,38,8,2,17,4
BS D L dl UR UL ul,2,7,38,8,2,15,4
BS D L UR dl UL ul,2,7,38,8,2,15,4
BS D L UR UL dl ul,2,7,38,8,2,13,3
BS dl D L UR UL ul,2,7,38,8,2,15,4
BS dl L D UR UL ul,2,7,38,8,2,15,4
BS dl L UR D UL ul,2,7,38,8,2,17,4
BS L D dl UR UL ul,2,7,38,8,2,15,4
BS L D UR dl UL ul,2,7,38,8,2,15,4
BS L D UR UL dl ul,2,7,38,8,2,13,3
BS L dl D UR UL ul,2,7,38,8,2,17,4
BS L dl UR D UL ul,2,7,38,8,2,17,4
BS L UR D dl UL ul,2,7,38,8,2,17,4
BS L UR D UL dl ul,2,7,38,8,2,15,3
BS L UR dl D UL ul,2,7,38,8,2,17,4
D BS dl L UR UL ul,2,7,38,8,2,15,4
D BS L dl UR UL ul,2,7,38,8,2,15,4
D BS L UR dl UL ul,2,7,38,8,2,15,4
D BS L UR UL dl ul,2,7,38,8,2,13,3
D dl BS L UR UL ul,2,7,38,8,2,15,4
D dl L BS UR UL ul,2,7,38,8,2,17,4
D dl L UR BS UL ul,2,7,38,8,2,17,4
D dl L UR UL BS ul,2,7,38,8,2,15,3
D L BS dl UR UL ul,2,7,38,8,2,13,4
D L BS UR dl UL ul,2,7,38,8,2,15,4
D L BS UR UL dl ul,2,7,38,8,2,13,3
D L dl BS UR UL ul,2,7,38,8,2,15,4
D L dl UR BS UL ul,2,7,38,8,2,15,4
D L dl UR UL BS ul,2,7,38,8,2,13,3
D L UR BS dl UL ul,2,7,38,8,2,15,4
D L UR BS UL dl ul,2,7,38,8,2,13,3
D L UR dl BS UL ul,2,7,38,8,2,13,4
D L UR dl UL BS ul,2,7,38,8,2,13,3
D L UR UL BS dl ul,2,7,38,8,2,11,3
D L UR UL dl BS ul,2,7,38,8,2,13,3
dl BS D L UR UL ul,2,7,38,8,2,14,4
dl BS L D UR UL ul,2,7,38,8,2,14,4
dl BS L UR D UL ul,2,7,38,8,2,16,4
dl D BS L UR UL ul,2,7,38,8,2,16,4
dl D L BS UR UL ul,2,7,38,8,2,16,4
dl D L UR BS UL ul,2,7,38,8,2,16,4
dl D L UR UL BS ul,2,7,38,8,2,14,3
dl L BS D UR UL ul,2,7,38,8,2,16,4
dl L BS UR D UL ul,2,7,38,8,2,18,4
dl L D BS UR UL ul,2,7,38,8,2,16,4
dl L D UR BS UL ul,2,7,38,8,2,16,4
dl L D UR UL BS ul,2,7,38,8,2,14,3
dl L UR BS D UL ul,2,7,38,8,2,18,4
dl L UR D BS UL ul,2,7,38,8,2,16,4
dl L UR D UL BS ul,2,7,38,8,2,16,3
dl L UR UL D BS ul,2,7,38,8,2,16,3
L BS D dl UR UL ul,2,7,38,8,2,15,4
L BS D UR dl UL ul,2,7,38,8,2,15,4
L BS D UR UL dl ul,2,7,38,8,2,13,3
L BS dl D UR UL ul,2,7,38,8,2,15,4
L BS dl UR D UL ul,2,7,38,8,2,15,4
L BS UR D dl UL ul,2,7,38,8,2,17,4
L BS UR D UL dl ul,2,7,38,8,2,15,3
L BS UR dl D UL ul,2,7,38,8,2,17,4
L D BS dl UR UL ul,2,7,38,8,2,13,4
L D BS UR dl UL ul,2,7,38,8,2,15,4
L D BS UR UL dl ul,2,7,38,8,2,13,3
L D dl BS UR UL ul,2,7,38,8,2,15,4
L D dl UR BS UL ul,2,7,38,8,2,15,4
L D dl UR UL BS ul,2,7,38,8,2,13,3
L D UR BS dl UL ul,2,7,38,8,2,15,4
L D UR BS UL dl ul,2,7,38,8,2,13,3
L D UR dl BS UL ul,2,7,38,8,2,13,4
L D UR dl UL BS ul,2,7,38,8,2,13,3
L D UR UL BS dl ul,2,7,38,8,2,11,3
L D UR UL dl BS ul,2,7,38,8,2,13,3
L dl BS D UR UL ul,2,7,38,8,2,15,4
L dl BS UR D UL ul,2,7,38,8,2,17,4
L dl D BS UR UL ul,2,7,38,8,2,17,4
L dl D UR BS UL ul,2,7,38,8,2,17,4
L dl D UR UL BS ul,2,7,38,8,2,15,3
L dl UR BS D UL ul,2,7,38,8,2,17,4
L dl UR D BS UL ul,2,7,38,8,2,15,4
L dl UR D UL BS ul,2,7,38,8,2,15,3
L dl UR UL D BS ul,2,7,38,8,2,15,3
L UR BS D dl UL ul,2,7,38,8,2,17,4
L UR BS D UL dl ul,2,7,38,8,2,15,3
L UR BS dl D UL ul,2,7,38,8,2,17,4
L UR D BS dl UL ul,2,7,38,8,2,15,4
L UR D BS UL dl ul,2,7,38,8,2,13,3
L UR D dl BS UL ul,2,7,38,8,2,15,4
L UR D dl UL BS ul,2,7,38,8,2,15,3
L UR D UL BS dl ul,2,7,38,8,2,13,3
L UR D UL dl BS ul,2,7,38,8,2,15,3
L UR dl BS D UL ul,2,7,38,8,2,15,4
L UR dl D BS UL ul,2,7,38,8,2,15,4
L UR dl D UL BS ul,2,7,38,8,2,15,3
L UR dl UL D BS ul,2,7,38,8,2,15,3
L UR UL D BS dl ul,2,7,38,8,2,13,3
L UR UL D dl BS ul,2,7,38,8,2,15,3
L UR UL dl D BS ul,2,7,38,8,2,15,3
D dl L ul UL UR BS,2,9,38,8,2,18,4
D dl L UL ul UR BS,2,9,38,8,2,16,4
D dl L UL UR ul BS,2,9,38,8,2,14,3
D dl ul L UL UR BS,2,9,38,8,2,14,3
D L dl ul UL UR BS,2,9,38,8,2,16,4
D L dl UL ul UR BS,2,9,38,8,2,16,4
D L dl UL UR ul BS,2,9,38,8,2,14,3
D L ul dl UL UR BS,2,9,38,8,2,14,3
D L UL dl ul UR BS,2,9,38,8,2,12,3
D L UL dl UR ul BS,2,9,38,8,2,12,3
D L ul UL dl UR BS,2,9,38,8,2,16,4
D L UL ul dl UR BS,2,9,38,8,2,14,4
D L ul UL UR dl BS,2,9,38,8,2,14,4
D L UL ul UR dl BS,2,9,38,8,2,12,4
D L UL UR dl ul BS,2,9,38,8,2,12,3
D L UL UR ul dl BS,2,9,38,8,2,10,2
D ul dl L UL UR BS,2,9,38,8,2,12,3
D ul L dl UL UR BS,2,9,38,8,2,14,3
D ul L UL dl UR BS,2,9,38,8,2,12,3
D ul L UL UR dl BS,2,9,38,8,2,10,3
dl D L ul UL UR BS,2,9,38,8,2,17,4
dl D L UL ul UR BS,2,9,38,8,2,15,4
dl D L UL UR ul BS,2,9,38,8,2,13,3
dl D ul L UL UR BS,2,9,38,8,2,13,3
dl L D ul UL UR BS,2,9,38,8,2,15,4
dl L D UL ul UR BS,2,9,38,8,2,17,4
dl L D UL UR ul BS,2,9,38,8,2,15,3
dl L ul D UL UR BS,2,9,38,8,2,15,3
dl L UL D ul UR BS,2,9,38,8,2,13,3
dl L UL D UR ul BS,2,9,38,8,2,15,3
dl L ul UL D UR BS,2,9,38,8,2,19,4
dl L UL ul D UR BS,2,9,38,8,2,15,4
dl L UL UR D ul BS,2,9,38,8,2,13,3
dl ul D L UL UR BS,2,9,38,8,2,11,3
dl ul L D UL UR BS,2,9,38,8,2,15,3
dl ul L UL D UR BS,2,9,38,8,2,15,3
L D dl ul UL UR BS,2,9,38,8,2,16,4
L D dl UL ul UR BS,2,9,38,8,2,16,4
L D dl UL UR ul BS,2,9,38,8,2,14,3
L D ul dl UL UR BS,2,9,38,8,2,12,3
L D UL dl ul UR BS,2,9,38,8,2,14,3
L D UL dl UR ul BS,2,9,38,8,2,14,3
L D ul UL dl UR BS,2,9,38,8,2,14,4
L D UL ul dl UR BS,2,9,38,8,2,16,4
L D ul UL UR dl BS,2,9,38,8,2,12,4
L D UL ul UR dl BS,2,9,38,8,2,14,4
L D UL UR dl ul BS,2,9,38,8,2,14,3
L D UL UR ul dl BS,2,9,38,8,2,12,3
L dl D ul UL UR BS,2,9,38,8,2,16,4
L dl D UL ul UR BS,2,9,38,8,2,18,4
L dl D UL UR ul BS,2,9,38,8,2,16,3
L dl ul D UL UR BS,2,9,38,8,2,14,3
L dl UL D ul UR BS,2,9,38,8,2,14,3
L dl UL D UR ul BS,2,9,38,8,2,16,3
L dl ul UL D UR BS,2,9,38,8,2,18,4
L dl UL ul D UR BS,2,9,38,8,2,16,4
L dl UL UR D ul BS,2,9,38,8,2,14,3
L ul D dl UL UR BS,2,9,38,8,2,14,3
L UL D dl ul UR BS,2,9,38,8,2,14,3
L UL D dl UR ul BS,2,9,38,8,2,14,3
L ul D UL dl UR BS,2,9,38,8,2,14,3
L UL D ul dl UR BS,2,9,38,8,2,12,3
L ul D UL UR dl BS,2,9,38,8,2,12,3
L UL D ul UR dl BS,2,9,38,8,2,10,3
L UL D UR dl ul BS,2,9,38,8,2,14,3
L UL D UR ul dl BS,2,9,38,8,2,12,3
L ul dl D UL UR BS,2,9,38,8,2,16,3
L UL dl D ul UR BS,2,9,38,8,2,12,3
L UL dl D UR ul BS,2,9,38,8,2,14,3
L ul dl UL D UR BS,2,9,38,8,2,16,3
L UL dl ul D UR BS,2,9,38,8,2,12,3
L UL dl UR D ul BS,2,9,38,8,2,12,3
L ul UL D dl UR BS,2,9,38,8,2,18,4
L UL ul D dl UR BS,2,9,38,8,2,14,4
L ul UL D UR dl BS,2,9,38,8,2,16,4
L UL ul D UR dl BS,2,9,38,8,2,12,4
L ul UL dl D UR BS,2,9,38,8,2,18,4
L UL ul dl D UR BS,2,9,38,8,2,16,4
L UL UR D dl ul BS,2,9,38,8,2,14,3
L UL UR D ul dl BS,2,9,38,8,2,10,3
L UL UR dl D ul BS,2,9,38,8,2,12,3
ul D dl L UL UR BS,2,9,38,8,2,13,3
ul D L dl UL UR BS,2,9,38,8,2,13,3
ul D L UL dl UR BS,2,9,38,8,2,11,3
ul D L UL UR dl BS,2,9,38,8,2,9,2
ul dl D L UL UR BS,2,9,38,8,2,13,3
ul dl L D UL UR BS,2,9,38,8,2,15,3
ul dl L UL D UR BS,2,9,38,8,2,15,3
ul L D dl UL UR BS,2,9,38,8,2,15,3
ul L D UL dl UR BS,2,9,38,8,2,15,3
ul L D UL UR dl BS,2,9,38,8,2,13,3
ul L dl D UL UR BS,2,9,38,8,2,17,3
ul L dl UL D UR BS,2,9,38,8,2,17,3
ul L UL D dl UR BS,2,9,38,8,2,15,3
ul L UL D UR dl BS,2,9,38,8,2,13,3
ul L UL dl D UR BS,2,9,38,8,2,15,3
BS dl ul UR D UL L,2,9,39,7,2,12,3
BS dl ul UR UL D L,2,9,39,7,2,12,3
BS dl ul UR UL L D,2,9,39,7,2,10,2
BS dl UR ul D UL L,2,9,39,7,2,10,3
BS dl UR UL L ul D,2,9,39,7,2,10,3
BS dl UR ul UL D L,2,9,39,7,2,14,4
BS dl UR UL ul D L,2,9,39,7,2,12,4
BS dl UR ul UL L D,2,9,39,7,2,12,4
BS dl UR UL ul L D,2,9,39,7,2,14,4
BS ul dl UR D UL L,2,9,39,7,2,14,3
BS ul dl UR UL D L,2,9,39,7,2,14,3
BS ul dl UR UL L D,2,9,39,7,2,12,3
BS ul UR D dl UL L,2,9,39,7,2,14,3
BS ul UR dl D UL L,2,9,39,7,2,14,3
BS ul UR dl UL D L,2,9,39,7,2,14,3
BS ul UR dl UL L D,2,9,39,7,2,12,3
BS UR dl ul D UL L,2,9,39,7,2,12,3
BS UR dl UL L ul D,2,9,39,7,2,12,3
BS UR dl ul UL D L,2,9,39,7,2,16,4
BS UR dl UL ul D L,2,9,39,7,2,14,4
BS UR dl ul UL L D,2,9,39,7,2,14,4
BS UR dl UL ul L D,2,9,39,7,2,16,4
BS UR ul D dl UL L,2,9,39,7,2,12,3
BS UR ul dl D UL L,2,9,39,7,2,14,3
BS UR ul dl UL D L,2,9,39,7,2,14,3
BS UR ul dl UL L D,2,9,39,7,2,12,3
dl BS ul UR D UL L,2,9,39,7,2,13,3
dl BS ul UR UL D L,2,9,39,7,2,13,3
dl BS ul UR UL L D,2,9,39,7,2,11,3
dl BS UR ul D UL L,2,9,39,7,2,11,3
dl BS UR UL L ul D,2,9,39,7,2,11,3
dl BS UR ul UL D L,2,9,39,7,2,15,4
dl BS UR UL ul D L,2,9,39,7,2,13,4
dl BS UR ul UL L D,2,9,39,7,2,13,4
dl BS UR UL ul L D,2,9,39,7,2,15,4
dl ul BS UR D UL L,2,9,39,7,2,15,3
dl ul BS UR UL D L,2,9,39,7,2,15,3
dl ul BS UR UL L D,2,9,39,7,2,13,3
dl ul UR BS D UL L,2,9,39,7,2,13,3
dl ul UR BS UL D L,2,9,39,7,2,13,3
dl ul UR BS UL L D,2,9,39,7,2,11,3
dl ul UR D BS UL L,2,9,39,7,2,11,3
dl UR BS ul D UL L,2,9,39,7,2,13,3
dl UR BS UL L ul D,2,9,39,7,2,11,3
dl UR BS ul UL D L,2,9,39,7,2,17,4
dl UR BS UL ul D L,2,9,39,7,2,13,4
dl UR BS ul UL L D,2,9,39,7,2,15,4
dl UR BS UL ul L D,2,9,39,7,2,15,4
dl UR ul BS D UL L,2,9,39,7,2,13,3
dl UR ul BS UL D L,2,9,39,7,2,13,3
dl UR ul BS UL L D,2,9,39,7,2,11,3
dl UR ul D BS UL L,2,9,39,7,2,9,2
ul BS dl UR D UL L,2,9,39,7,2,13,3
ul BS dl UR UL D L,2,9,39,7,2,13,3
ul BS dl UR UL L D,2,9,39,7,2,11,3
ul BS UR D dl UL L,2,9,39,7,2,15,3
ul BS UR dl D UL L,2,9,39,7,2,15,3
ul BS UR dl UL D L,2,9,39,7,2,15,3
ul BS UR dl UL L D,2,9,39,7,2,13,3
ul dl BS UR D UL L,2,9,39,7,2,13,3
ul dl BS UR UL D L,2,9,39,7,2,13,3
ul dl BS UR UL L D,2,9,39,7,2,11,3
ul dl UR BS D UL L,2,9,39,7,2,13,3
ul dl UR BS UL D L,2,9,39,7,2,13,3
ul dl UR BS UL L D,2,9,39,7,2,11,3
ul dl UR D BS UL L,2,9,39,7,2,11,3
ul UR BS D dl UL L,2,9,39,7,2,13,3
ul UR BS dl D UL L,2,9,39,7,2,13,3
ul UR BS dl UL D L,2,9,39,7,2,13,3
ul UR BS dl UL L D,2,9,39,7,2,11,3
ul UR D BS dl UL L,2,9,39,7,2,11,3
ul UR D dl BS UL L,2,9,39,7,2,11,3
ul UR dl BS D UL L,2,9,39,7,2,11,3
ul UR dl BS UL D L,2,9,39,7,2,11,3
ul UR dl BS UL L D,2,9,39,7,2,9,2
ul UR dl D BS UL L,2,9,39,7,2,11,3
UR BS dl ul D UL L,2,9,39,7,2,11,3
UR BS dl UL L ul D,2,9,39,7,2,11,3
UR BS dl ul UL D L,2,9,39,7,2,15,4
UR BS dl UL ul D L,2,9,39,7,2,13,4
UR BS dl ul UL L D,2,9,39,7,2,13,4
UR BS dl UL ul L D,2,9,39,7,2,15,4
UR BS ul D dl UL L,2,9,39,7,2,13,3
UR BS ul dl D UL L,2,9,39,7,2,15,3
UR BS ul dl UL D L,2,9,39,7,2,15,3
UR BS ul dl UL L D,2,9,39,7,2,13,3
UR dl BS ul D UL L,2,9,39,7,2,11,3
UR dl BS UL L ul D,2,9,39,7,2,9,3
UR dl BS ul UL D L,2,9,39,7,2,15,4
UR dl BS UL ul D L,2,9,39,7,2,11,4
UR dl BS ul UL L D,2,9,39,7,2,13,4
UR dl BS UL ul L D,2,9,39,7,2,13,4
UR dl ul BS D UL L,2,9,39,7,2,13,3
UR dl ul BS UL D L,2,9,39,7,2,13,3
UR dl ul BS UL L D,2,9,39,7,2,11,3
UR dl ul D BS UL L,2,9,39,7,2,9,2
UR ul BS D dl UL L,2,9,39,7,2,13,3
UR ul BS dl D UL L,2,9,39,7,2,13,3
UR ul BS dl UL D L,2,9,39,7,2,13,3
UR ul BS dl UL L D,2,9,39,7,2,11,3
UR ul D BS dl UL L,2,9,39,7,2,9,2
UR ul D dl BS UL L,2,9,39,7,2,9,3
UR ul dl BS D UL L,2,9,39,7,2,11,3
UR ul dl BS UL D L,2,9,39,7,2,11,3
UR ul dl BS UL L D,2,9,39,7,2,9,2
UR ul dl D BS UL L,2,9,39,7,2,11,3
BS D dl ul UR L UL,2,9,39,8,2,13,3
BS D ul dl UR L UL,2,9,39,8,2,11,3
BS D ul UR dl L UL,2,9,39,8,2,11,3
BS D ul UR L dl UL,2,9,39,8,2,13,3
BS dl D ul UR L UL,2,9,39,8,2,11,3
BS dl ul D UR L UL,2,9,39,8,2,11,3
BS ul D dl UR L UL,2,9,39,8,2,13,3
BS ul D UR dl L UL,2,9,39,8,2,13,3
BS ul D UR L dl UL,2,9,39,8,2,15,3
BS ul dl D UR L UL,2,9,39,8,2,15,3
D BS dl ul UR L UL,2,9,39,8,2,11,3
D BS ul dl UR L UL,2,9,39,8,2,13,3
D BS ul UR dl L UL,2,9,39,8,2,13,3
D BS ul UR L dl UL,2,9,39,8,2,15,3
D dl BS ul UR L UL,2,9,39,8,2,13,3
D dl ul BS UR L UL,2,9,39,8,2,15,3
D dl ul UR BS L UL,2,9,39,8,2,13,3
D dl ul UR L BS UL,2,9,39,8,2,13,3
D ul BS dl UR L UL,2,9,39,8,2,11,3
D ul BS UR dl L UL,2,9,39,8,2,13,3
D ul BS UR L dl UL,2,9,39,8,2,15,3
D ul dl BS UR L UL,2,9,39,8,2,11,3
D ul dl UR BS L UL,2,9,39,8,2,11,3
D ul dl UR L BS UL,2,9,39,8,2,11,3
D ul UR BS dl L UL,2,9,39,8,2,11,3
D ul UR BS L dl UL,2,9,39,8,2,13,3
D ul UR dl BS L UL,2,9,39,8,2,9,2
D ul UR dl L BS UL,2,9,39,8,2,11,3
D ul UR L BS dl UL,2,9,39,8,2,11,3
D ul UR L dl BS UL,2,9,39,8,2,11,3
dl BS D ul UR L UL,2,9,39,8,2,10,3
dl BS ul D UR L UL,2,9,39,8,2,12,3
dl D BS ul UR L UL,2,9,39,8,2,14,3
dl D ul BS UR L UL,2,9,39,8,2,14,3
dl D ul UR BS L UL,2,9,39,8,2,12,3
dl D ul UR L BS UL,2,9,39,8,2,12,3
dl ul BS D UR L UL,2,9,39,8,2,14,3
dl ul D BS UR L UL,2,9,39,8,2,12,3
dl ul D UR BS L UL,2,9,39,8,2,12,3
dl ul D UR L BS UL,2,9,39,8,2,12,3
ul BS D dl UR L UL,2,9,39,8,2,14,3
ul BS D UR dl L UL,2,9,39,8,2,14,3
ul BS D UR L dl UL,2,9,39,8,2,16,3
ul BS dl D UR L UL,2,9,39,8,2,14,3
ul D BS dl UR L UL,2,9,39,8,2,10,3
ul D BS UR dl L UL,2,9,39,8,2,12,3
ul D BS UR L dl UL,2,9,39,8,2,14,3
ul D dl BS UR L UL,2,9,39,8,2,12,3
ul D dl UR BS L UL,2,9,39,8,2,12,3
ul D dl UR L BS UL,2,9,39,8,2,12,3
ul D UR BS dl L UL,2,9,39,8,2,12,3
ul D UR BS L dl UL,2,9,39,8,2,14,3
ul D UR dl BS L UL,2,9,39,8,2,10,3
ul D UR dl L BS UL,2,9,39,8,2,12,3
ul D UR L BS dl UL,2,9,39,8,2,12,3
ul D UR L dl BS UL,2,9,39,8,2,12,3
ul dl BS D UR L UL,2,9,39,8,2,12,3
ul dl D BS UR L UL,2,9,39,8,2,14,3
ul dl D UR BS L UL,2,9,39,8,2,14,3
ul dl D UR L BS UL,2,9,39,8,2,14,3
BS ul UL UR D L dl,2,9,40,6,2,17,4
BS UL ul UR D L dl,2,9,40,6,2,15,4
BS ul UL UR L D dl,2,9,40,6,2,17,4
BS UL ul UR L D dl,2,9,40,6,2,15,4
BS ul UR D UL L dl,2,9,40,6,2,15,3
BS UL UR L D ul dl,2,9,40,6,2,11,3
BS UL UR L ul D dl,2,9,40,6,2,13,3
BS ul UR UL D L dl,2,9,40,6,2,15,3
BS UL UR ul D L dl,2,9,40,6,2,11,3
BS ul UR UL L D dl,2,9,40,6,2,13,3
BS UL UR ul L D dl,2,9,40,6,2,13,3
BS UR ul D UL L dl,2,9,40,6,2,13,3
BS UR UL L D ul dl,2,9,40,6,2,11,3
BS UR UL L ul D dl,2,9,40,6,2,13,3
BS UR ul UL D L dl,2,9,40,6,2,17,4
BS UR UL ul D L dl,2,9,40,6,2,15,4
BS UR ul UL L D dl,2,9,40,6,2,15,4
BS UR UL ul L D dl,2,9,40,6,2,17,4
ul BS UL UR D L dl,2,9,40,6,2,14,3
UL BS ul UR D L dl,2,9,40,6,2,14,3
ul BS UL UR L D dl,2,9,40,6,2,14,3
UL BS ul UR L D dl,2,9,40,6,2,14,3
ul BS UR D UL L dl,2,9,40,6,2,16,3
UL BS UR L D ul dl,2,9,40,6,2,12,3
UL BS UR L ul D dl,2,9,40,6,2,14,3
ul BS UR UL D L dl,2,9,40,6,2,16,3
UL BS UR ul D L dl,2,9,40,6,2,12,3
ul BS UR UL L D dl,2,9,40,6,2,14,3
UL BS UR ul L D dl,2,9,40,6,2,14,3
ul UL BS UR D L dl,2,9,40,6,2,16,4
UL ul BS UR D L dl,2,9,40,6,2,18,4
ul UL BS UR L D dl,2,9,40,6,2,16,4
UL ul BS UR L D dl,2,9,40,6,2,18,4
ul UL UR BS D L dl,2,9,40,6,2,16,4
UL ul UR BS D L dl,2,9,40,6,2,16,4
ul UL UR BS L D dl,2,9,40,6,2,16,4
UL ul UR BS L D dl,2,9,40,6,2,16,4
ul UL UR D BS L dl,2,9,40,6,2,16,4
UL ul UR D BS L dl,2,9,40,6,2,16,4
ul UL UR D L BS dl,2,9,40,6,2,14,4
UL ul UR D L BS dl,2,9,40,6,2,14,4
ul UL UR L BS D dl,2,9,40,6,2,16,4
UL ul UR L BS D dl,2,9,40,6,2,16,4
ul UL UR L D BS dl,2,9,40,6,2,14,4
UL ul UR L D BS dl,2,9,40,6,2,14,4
ul UR BS D UL L dl,2,9,40,6,2,14,3
UL UR BS L D ul dl,2,9,40,6,2,12,3
UL UR BS L ul D dl,2,9,40,6,2,14,3
ul UR BS UL D L dl,2,9,40,6,2,14,3
UL UR BS ul D L dl,2,9,40,6,2,14,3
ul UR BS UL L D dl,2,9,40,6,2,12,3
UL UR BS ul L D dl,2,9,40,6,2,16,3
ul UR D BS UL L dl,2,9,40,6,2,12,3
ul UR D UL BS L dl,2,9,40,6,2,14,3
ul UR D UL L BS dl,2,9,40,6,2,12,3
UL UR L BS D ul dl,2,9,40,6,2,12,3
UL UR L BS ul D dl,2,9,40,6,2,14,3
UL UR L ul BS D dl,2,9,40,6,2,16,3
UL UR L ul D BS dl,2,9,40,6,2,12,3
ul UR UL BS D L dl,2,9,40,6,2,12,3
UL UR ul BS D L dl,2,9,40,6,2,14,3
ul UR UL BS L D dl,2,9,40,6,2,12,3
UL UR ul BS L D dl,2,9,40,6,2,14,3
ul UR UL D BS L dl,2,9,40,6,2,14,3
UL UR ul D BS L dl,2,9,40,6,2,12,3
ul UR UL D L BS dl,2,9,40,6,2,12,3
UL UR ul D L BS dl,2,9,40,6,2,10,2
ul UR UL L BS D dl,2,9,40,6,2,12,3
UL UR ul L BS D dl,2,9,40,6,2,14,3
ul UR UL L D BS dl,2,9,40,6,2,10,2
UL UR ul L D BS dl,2,9,40,6,2,12,3
UR BS ul D UL L dl,2,9,40,6,2,14,3
UR BS UL L D ul dl,2,9,40,6,2,10,3
UR BS UL L ul D dl,2,9,40,6,2,12,3
UR BS ul UL D L dl,2,9,40,6,2,18,4
UR BS UL ul D L dl,2,9,40,6,2,14,4
UR BS ul UL L D dl,2,9,40,6,2,16,4
UR BS UL ul L D dl,2,9,40,6,2,16,4
UR ul BS D UL L dl,2,9,40,6,2,14,3
UR UL BS L D ul dl,2,9,40,6,2,10,2
UR UL BS L ul D dl,2,9,40,6,2,12,3
UR ul BS UL D L dl,2,9,40,6,2,14,3
UR UL BS ul D L dl,2,9,40,6,2,12,3
UR ul BS UL L D dl,2,9,40,6,2,12,3
UR UL BS ul L D dl,2,9,40,6,2,14,3
UR ul D BS UL L dl,2,9,40,6,2,10,3
UR ul D UL BS L dl,2,9,40,6,2,12,3
UR ul D UL L BS dl,2,9,40,6,2,10,3
UR UL L BS D ul dl,2,9,40,6,2,10,2
UR UL L BS ul D dl,2,9,40,6,2,12,3
UR UL L ul BS D dl,2,9,40,6,2,14,3
UR UL L ul D BS dl,2,9,40,6,2,10,3
UR ul UL BS D L dl,2,9,40,6,2,14,4
UR UL ul BS D L dl,2,9,40,6,2,16,4
UR ul UL BS L D dl,2,9,40,6,2,14,4
UR UL ul BS L D dl,2,9,40,6,2,16,4
UR ul UL D BS L dl,2,9,40,6,2,16,4
UR UL ul D BS L dl,2,9,40,6,2,14,4
UR ul UL D L BS dl,2,9,40,6,2,14,4
UR UL ul D L BS dl,2,9,40,6,2,12,4
UR ul UL L BS D dl,2,9,40,6,2,14,4
UR UL ul L BS D dl,2,9,40,6,2,16,4
UR ul UL L D BS dl,2,9,40,6,2,12,4
UR UL ul L D BS dl,2,9,40,6,2,14,4
BS L UL D ul UR dl,2,9,40,7,2,11,3
BS L UL D UR ul dl,2,9,40,7,2,13,3
BS L ul UL D UR dl,2,9,40,7,2,17,4
BS L UL ul D UR dl,2,9,40,7,2,13,4
BS L ul UL UR D dl,2,9,40,7,2,17,4
BS L UL ul UR D dl,2,9,40,7,2,15,4
BS L UL UR D ul dl,2,9,40,7,2,11,3
BS L UL UR ul D dl,2,9,40,7,2,11,3
BS ul L UL D UR dl,2,9,40,7,2,15,3
BS ul L UL UR D dl,2,9,40,7,2,15,3
D UL L BS ul UR dl,2,9,40,7,2,13,3
D UL L BS UR ul dl,2,9,40,7,2,13,3
D UL L ul BS UR dl,2,9,40,7,2,15,3
D UL L ul UR BS dl,2,9,40,7,2,13,3
D UL L UR BS ul dl,2,9,40,7,2,15,3
D UL L UR ul BS dl,2,9,40,7,2,13,3
D ul UL L BS UR dl,2,9,40,7,2,13,4
D UL ul L BS UR dl,2,9,40,7,2,17,4
D ul UL L UR BS dl,2,9,40,7,2,13,4
D UL ul L UR BS dl,2,9,40,7,2,17,4
L BS UL D ul UR dl,2,9,40,7,2,11,3
L BS UL D UR ul dl,2,9,40,7,2,13,3
L BS ul UL D UR dl,2,9,40,7,2,17,4
L BS UL ul D UR dl,2,9,40,7,2,13,4
L BS ul UL UR D dl,2,9,40,7,2,17,4
L BS UL ul UR D dl,2,9,40,7,2,15,4
L BS UL UR D ul dl,2,9,40,7,2,11,3
L BS UL UR ul D dl,2,9,40,7,2,11,3
L UL BS D ul UR dl,2,9,40,7,2,9,2
L UL BS D UR ul dl,2,9,40,7,2,11,3
L ul BS UL D UR dl,2,9,40,7,2,15,3
L UL BS ul D UR dl,2,9,40,7,2,11,3
L ul BS UL UR D dl,2,9,40,7,2,15,3
L UL BS ul UR D dl,2,9,40,7,2,13,3
L UL BS UR D ul dl,2,9,40,7,2,11,3
L UL BS UR ul D dl,2,9,40,7,2,11,3
L ul UL BS D UR dl,2,9,40,7,2,15,4
L UL ul BS D UR dl,2,9,40,7,2,15,4
L ul UL BS UR D dl,2,9,40,7,2,17,4
L UL ul BS UR D dl,2,9,40,7,2,17,4
L ul UL UR BS D dl,2,9,40,7,2,17,4
L UL ul UR BS D dl,2,9,40,7,2,15,4
L ul UL UR D BS dl,2,9,40,7,2,15,4
L UL ul UR D BS dl,2,9,40,7,2,13,4
L UL UR BS D ul dl,2,9,40,7,2,11,3
L UL UR BS ul D dl,2,9,40,7,2,13,3
L UL UR ul BS D dl,2,9,40,7,2,13,3
L UL UR ul D BS dl,2,9,40,7,2,9,2
ul BS L UL D UR dl,2,9,40,7,2,14,3
ul BS L UL UR D dl,2,9,40,7,2,14,3
UL D L BS ul UR dl,2,9,40,7,2,14,3
UL D L BS UR ul dl,2,9,40,7,2,14,3
UL D L ul BS UR dl,2,9,40,7,2,16,3
UL D L ul UR BS dl,2,9,40,7,2,14,3
UL D L UR BS ul dl,2,9,40,7,2,16,3
UL D L UR ul BS dl,2,9,40,7,2,14,3
ul D UL L BS UR dl,2,9,40,7,2,12,3
UL D ul L BS UR dl,2,9,40,7,2,14,3
ul D UL L UR BS dl,2,9,40,7,2,12,3
UL D ul L UR BS dl,2,9,40,7,2,14,3
ul L BS UL D UR dl,2,9,40,7,2,14,3
ul L BS UL UR D dl,2,9,40,7,2,14,3
UL L D BS ul UR dl,2,9,40,7,2,12,3
UL L D BS UR ul dl,2,9,40,7,2,12,3
UL L D ul BS UR dl,2,9,40,7,2,12,3
UL L D ul UR BS dl,2,9,40,7,2,10,3
UL L D UR BS ul dl,2,9,40,7,2,14,3
UL L D UR ul BS dl,2,9,40,7,2,12,3
ul L UL BS D UR dl,2,9,40,7,2,12,3
ul L UL BS UR D dl,2,9,40,7,2,14,3
UL L ul D BS UR dl,2,9,40,7,2,12,3
UL L ul D UR BS dl,2,9,40,7,2,12,3
ul L UL UR BS D dl,2,9,40,7,2,14,3
ul L UL UR D BS dl,2,9,40,7,2,12,3
UL L UR D BS ul dl,2,9,40,7,2,14,3
UL L UR D ul BS dl,2,9,40,7,2,12,3
ul UL D L BS UR dl,2,9,40,7,2,16,4
UL ul D L BS UR dl,2,9,40,7,2,14,4
ul UL D L UR BS dl,2,9,40,7,2,16,4
UL ul D L UR BS dl,2,9,40,7,2,14,4
ul UL L D BS UR dl,2,9,40,7,2,14,4
UL ul L D BS UR dl,2,9,40,7,2,16,4
ul UL L D UR BS dl,2,9,40,7,2,14,4
UL ul L D UR BS dl,2,9,40,7,2,16,4
BS D UL UR dl L ul,2,9,41,7,2,15,3
BS D UL UR L dl ul,2,9,41,7,2,15,3
BS D UR UL dl L ul,2,9,41,7,2,15,3
BS D UR UL L dl ul,2,9,41,7,2,13,3
BS UL D UR dl L ul,2,9,41,7,2,15,3
BS UL D UR L dl ul,2,9,41,7,2,15,3
BS UL UR D dl L ul,2,9,41,7,2,15,3
BS UL UR D L dl ul,2,9,41,7,2,13,3
BS UL UR dl D L ul,2,9,41,7,2,13,3
BS UR D UL dl L ul,2,9,41,7,2,17,3
BS UR D UL L dl ul,2,9,41,7,2,15,3
BS UR UL D dl L ul,2,9,41,7,2,17,3
BS UR UL D L dl ul,2,9,41,7,2,15,3
BS UR UL dl D L ul,2,9,41,7,2,15,3
D BS UL UR dl L ul,2,9,41,7,2,13,3
D BS UL UR L dl ul,2,9,41,7,2,13,3
D BS UR UL dl L ul,2,9,41,7,2,15,3
D BS UR UL L dl ul,2,9,41,7,2,13,3
D dl UL UR BS L ul,2,9,41,7,2,15,3
D dl UL UR L BS ul,2,9,41,7,2,15,3
D dl UR UL BS L ul,2,9,41,7,2,13,3
D dl UR UL L BS ul,2,9,41,7,2,13,3
D UL BS UR dl L ul,2,9,41,7,2,15,3
D UL BS UR L dl ul,2,9,41,7,2,15,3
D UL dl UR BS L ul,2,9,41,7,2,15,3
D UL dl UR L BS ul,2,9,41,7,2,15,3
D UL UR BS dl L ul,2,9,41,7,2,15,3
D UL UR BS L dl ul,2,9,41,7,2,15,3
D UL UR dl BS L ul,2,9,41,7,2,13,3
D UL UR dl L BS ul,2,9,41,7,2,15,3
D UL UR L BS dl ul,2,9,41,7,2,13,3
D UL UR L dl BS ul,2,9,41,7,2,15,3
D UR BS UL dl L ul,2,9,41,7,2,15,3
D UR BS UL L dl ul,2,9,41,7,2,13,3
D UR dl UL BS L ul,2,9,41,7,2,13,3
D UR dl UL L BS ul,2,9,41,7,2,13,3
D UR UL BS dl L ul,2,9,41,7,2,13,3
D UR UL BS L dl ul,2,9,41,7,2,13,3
D UR UL dl BS L ul,2,9,41,7,2,13,3
D UR UL dl L BS ul,2,9,41,7,2,15,3
D UR UL L BS dl ul,2,9,41,7,2,11,3
D UR UL L dl BS ul,2,9,41,7,2,13,3
dl D UL UR BS L ul,2,9,41,7,2,16,3
dl D UL UR L BS ul,2,9,41,7,2,16,3
dl D UR UL BS L ul,2,9,41,7,2,14,3
dl D UR UL L BS ul,2,9,41,7,2,14,3
dl UL D UR BS L ul,2,9,41,7,2,16,3
dl UL D UR L BS ul,2,9,41,7,2,16,3
dl UL UR BS D L ul,2,9,41,7,2,14,3
dl UL UR D BS L ul,2,9,41,7,2,14,3
dl UL UR D L BS ul,2,9,41,7,2,14,3
dl UL UR L D BS ul,2,9,41,7,2,14,3
dl UR D UL BS L ul,2,9,41,7,2,14,3
dl UR D UL L BS ul,2,9,41,7,2,14,3
dl UR UL BS D L ul,2,9,41,7,2,12,3
dl UR UL D BS L ul,2,9,41,7,2,14,3
dl UR UL D L BS ul,2,9,41,7,2,14,3
dl UR UL L D BS ul,2,9,41,7,2,12,3
UL BS D UR dl L ul,2,9,41,7,2,14,3
UL BS D UR L dl ul,2,9,41,7,2,14,3
UL BS UR D dl L ul,2,9,41,7,2,16,3
UL BS UR D L dl ul,2,9,41,7,2,14,3
UL BS UR dl D L ul,2,9,41,7,2,14,3
UL D BS UR dl L ul,2,9,41,7,2,16,3
UL D BS UR L dl ul,2,9,41,7,2,16,3
UL D dl UR BS L ul,2,9,41,7,2,16,3
UL D dl UR L BS ul,2,9,41,7,2,16,3
UL D UR BS dl L ul,2,9,41,7,2,16,3
UL D UR BS L dl ul,2,9,41,7,2,16,3
UL D UR dl BS L ul,2,9,41,7,2,14,3
UL D UR dl L BS ul,2,9,41,7,2,16,3
UL D UR L BS dl ul,2,9,41,7,2,14,3
UL D UR L dl BS ul,2,9,41,7,2,16,3
UL dl D UR BS L ul,2,9,41,7,2,16,3
UL dl D UR L BS ul,2,9,41,7,2,16,3
UL dl UR BS D L ul,2,9,41,7,2,14,3
UL dl UR D BS L ul,2,9,41,7,2,14,3
UL dl UR D L BS ul,2,9,41,7,2,14,3
UL dl UR L D BS ul,2,9,41,7,2,14,3
UL UR BS D dl L ul,2,9,41,7,2,16,3
UL UR BS D L dl ul,2,9,41,7,2,14,3
UL UR BS dl D L ul,2,9,41,7,2,14,3
UL UR D BS dl L ul,2,9,41,7,2,14,3
UL UR D BS L dl ul,2,9,41,7,2,14,3
UL UR D dl BS L ul,2,9,41,7,2,14,3
UL UR D dl L BS ul,2,9,41,7,2,16,3
UL UR D L BS dl ul,2,9,41,7,2,12,3
UL UR D L dl BS ul,2,9,41,7,2,14,3
UL UR dl BS D L ul,2,9,41,7,2,12,3
UL UR dl D BS L ul,2,9,41,7,2,14,3
UL UR dl D L BS ul,2,9,41,7,2,14,3
UL UR dl L D BS ul,2,9,41,7,2,14,3
UL UR L D BS dl ul,2,9,41,7,2,12,3
UL UR L D dl BS ul,2,9,41,7,2,14,3
UL UR L dl D BS ul,2,9,41,7,2,16,3
UR BS D UL dl L ul,2,9,41,7,2,16,3
UR BS D UL L dl ul,2,9,41,7,2,14,3
UR BS UL D dl L ul,2,9,41,7,2,16,3
UR BS UL D L dl ul,2,9,41,7,2,14,3
UR BS UL dl D L ul,2,9,41,7,2,14,3
UR D BS UL dl L ul,2,9,41,7,2,14,3
UR D BS UL L dl ul,2,9,41,7,2,12,3
UR D dl UL BS L ul,2,9,41,7,2,14,3
UR D dl UL L BS ul,2,9,41,7,2,14,3
UR D UL BS dl L ul,2,9,41,7,2,14,3
UR D UL BS L dl ul,2,9,41,7,2,14,3
UR D UL dl BS L ul,2,9,41,7,2,14,3
UR D UL dl L BS ul,2,9,41,7,2,16,3
UR D UL L BS dl ul,2,9,41,7,2,12,3
UR D UL L dl BS ul,2,9,41,7,2,14,3
UR dl D UL BS L ul,2,9,41,7,2,14,3
UR dl D UL L BS ul,2,9,41,7,2,14,3
UR dl UL BS D L ul,2,9,41,7,2,12,3
UR dl UL D BS L ul,2,9,41,7,2,14,3
UR dl UL D L BS ul,2,9,41,7,2,14,3
UR dl UL L D BS ul,2,9,41,7,2,12,3
UR UL BS D dl L ul,2,9,41,7,2,14,3
UR UL BS D L dl ul,2,9,41,7,2,12,3
UR UL BS dl D L ul,2,9,41,7,2,12,3
UR UL D BS dl L ul,2,9,41,7,2,14,3
UR UL D BS L dl ul,2,9,41,7,2,14,3
UR UL D dl BS L ul,2,9,41,7,2,14,3
UR UL D dl L BS ul,2,9,41,7,2,16,3
UR UL D L BS dl ul,2,9,41,7,2,12,3
UR UL D L dl BS ul,2,9,41,7,2,14,3
UR UL dl BS D L ul,2,9,41,7,2,12,3
UR UL dl D BS L ul,2,9,41,7,2,14,3
UR UL dl D L BS ul,2,9,41,7,2,14,3
UR UL dl L D BS ul,2,9,41,7,2,14,3
UR UL L D BS dl ul,2,9,41,7,2,10,2
UR UL L D dl BS ul,2,9,41,7,2,12,3
UR UL L dl D BS ul,2,9,41,7,2,14,3
BS D L UR ul UL dl,2,9,41,8,2,15,4
BS D L UR UL ul dl,2,9,41,8,2,15,4
BS dl ul UR D L UL,2,9,41,8,2,11,3
BS dl ul UR L D UL,2,9,41,8,2,13,3
BS dl ul UR L UL D,2,9,41,8,2,12,3
BS dl UR L ul D UL,2,9,41,8,2,13,3
BS dl UR L ul UL D,2,9,41,8,2,16,4
BS dl UR L UL ul D,2,9,41,8,2,12,4
BS dl UR ul D L UL,2,9,41,8,2,9,2
BS dl UR ul L D UL,2,9,41,8,2,13,3
BS dl UR ul L UL D,2,9,41,8,2,12,3
BS L D UR ul UL dl,2,9,41,8,2,15,4
BS L D UR UL ul dl,2,9,41,8,2,15,4
BS L UR D ul UL dl,2,9,41,8,2,15,4
BS L UR D UL ul dl,2,9,41,8,2,17,4
BS ul dl UR D L UL,2,9,41,8,2,13,3
BS ul dl UR L D UL,2,9,41,8,2,15,3
BS ul dl UR L UL D,2,9,41,8,2,14,3
BS ul UR D dl L UL,2,9,41,8,2,15,3
BS ul UR D L dl UL,2,9,41,8,2,15,3
BS ul UR dl D L UL,2,9,41,8,2,13,3
BS ul UR dl L D UL,2,9,41,8,2,15,3
BS ul UR dl L UL D,2,9,41,8,2,14,3
BS ul UR L D dl UL,2,9,41,8,2,15,3
BS ul UR L dl D UL,2,9,41,8,2,17,3
BS ul UR L dl UL D,2,9,41,8,2,16,3
BS ul UR L UL dl D,2,9,41,8,2,14,3
BS UR dl L ul D UL,2,9,41,8,2,15,3
BS UR dl L ul UL D,2,9,41,8,2,18,4
BS UR dl L UL ul D,2,9,41,8,2,14,4
BS UR dl ul D L UL,2,9,41,8,2,11,3
BS UR dl ul L D UL,2,9,41,8,2,15,3
BS UR dl ul L UL D,2,9,41,8,2,14,3
BS UR L dl ul D UL,2,9,41,8,2,15,3
BS UR L dl ul UL D,2,9,41,8,2,18,4
BS UR L dl UL ul D,2,9,41,8,2,16,4
BS UR L ul D dl UL,2,9,41,8,2,15,3
BS UR L ul dl D UL,2,9,41,8,2,17,3
BS UR L ul dl UL D,2,9,41,8,2,16,3
BS UR L UL dl ul D,2,9,41,8,2,12,3
BS UR L ul UL dl D,2,9,41,8,2,18,4
BS UR L UL ul dl D,2,9,41,8,2,16,4
BS UR ul D dl L UL,2,9,41,8,2,13,3
BS UR ul D L dl UL,2,9,41,8,2,13,3
BS UR ul dl D L UL,2,9,41,8,2,13,3
BS UR ul dl L D UL,2,9,41,8,2,15,3
BS UR ul dl L UL D,2,9,41,8,2,14,3
BS UR ul L D dl UL,2,9,41,8,2,15,3
BS UR ul L dl D UL,2,9,41,8,2,17,3
BS UR ul L dl UL D,2,9,41,8,2,16,3
BS UR ul L UL dl D,2,9,41,8,2,14,3
D BS L UR ul UL dl,2,9,41,8,2,15,4
D BS L UR UL ul dl,2,9,41,8,2,15,4
D dl L UL BS UR ul,2,9,41,8,2,13,3
D dl L UL UR BS ul,2,9,41,8,2,15,3
D L BS UR ul UL dl,2,9,41,8,2,15,4
D L BS UR UL ul dl,2,9,41,8,2,15,4
D L dl UL BS UR ul,2,9,41,8,2,13,3
D L dl UL UR BS ul,2,9,41,8,2,15,3
D L UL BS dl UR ul,2,9,41,8,2,9,2
D L UL BS UR dl ul,2,9,41,8,2,11,3
D L UL dl BS UR ul,2,9,41,8,2,11,3
D L UL dl UR BS ul,2,9,41,8,2,13,3
D L UL UR BS dl ul,2,9,41,8,2,11,3
D L UL UR dl BS ul,2,9,41,8,2,11,3
D L UR BS ul UL dl,2,9,41,8,2,17,4
D L UR BS UL ul dl,2,9,41,8,2,15,4
D L UR ul BS UL dl,2,9,41,8,2,13,3
D L UR UL BS ul dl,2,9,41,8,2,13,3
D L UR ul UL BS dl,2,9,41,8,2,13,4
D L UR UL ul BS dl,2,9,41,8,2,15,4
dl BS ul UR D L UL,2,9,41,8,2,12,3
dl BS ul UR L D UL,2,9,41,8,2,14,3
dl BS ul UR L UL D,2,9,41,8,2,13,3
dl BS UR L ul D UL,2,9,41,8,2,14,3
dl BS UR L ul UL D,2,9,41,8,2,17,4
dl BS UR L UL ul D,2,9,41,8,2,13,4
dl BS UR ul D L UL,2,9,41,8,2,10,3
dl BS UR ul L D UL,2,9,41,8,2,14,3
dl BS UR ul L UL D,2,9,41,8,2,13,3
dl D L UL BS UR ul,2,9,41,8,2,12,3
dl D L UL UR BS ul,2,9,41,8,2,14,3
dl L D UL BS UR ul,2,9,41,8,2,14,3
dl L D UL UR BS ul,2,9,41,8,2,16,3
dl L UL D BS UR ul,2,9,41,8,2,14,3
dl L UL D UR BS ul,2,9,41,8,2,16,3
dl L UL UR D BS ul,2,9,41,8,2,14,3
dl ul BS UR D L UL,2,9,41,8,2,14,3
dl ul BS UR L D UL,2,9,41,8,2,16,3
dl ul BS UR L UL D,2,9,41,8,2,15,3
dl ul UR BS D L UL,2,9,41,8,2,12,3
dl ul UR BS L D UL,2,9,41,8,2,14,3
dl ul UR BS L UL D,2,9,41,8,2,13,3
dl ul UR D BS L UL,2,9,41,8,2,12,3
dl ul UR D L BS UL,2,9,41,8,2,12,3
dl ul UR L BS D UL,2,9,41,8,2,14,3
dl ul UR L BS UL D,2,9,41,8,2,13,3
dl ul UR L D BS UL,2,9,41,8,2,12,3
dl ul UR L UL BS D,2,9,41,8,2,11,3
dl UR BS L ul D UL,2,9,41,8,2,14,3
dl UR BS L ul UL D,2,9,41,8,2,17,4
dl UR BS L UL ul D,2,9,41,8,2,13,4
dl UR BS ul D L UL,2,9,41,8,2,12,3
dl UR BS ul L D UL,2,9,41,8,2,16,3
dl UR BS ul L UL D,2,9,41,8,2,15,3
dl UR L BS ul D UL,2,9,41,8,2,14,3
dl UR L BS ul UL D,2,9,41,8,2,17,4
dl UR L BS UL ul D,2,9,41,8,2,13,4
dl UR L ul BS D UL,2,9,41,8,2,16,3
dl UR L ul BS UL D,2,9,41,8,2,15,3
dl UR L UL BS ul D,2,9,41,8,2,11,3
dl UR L ul D BS UL,2,9,41,8,2,12,3
dl UR L ul UL BS D,2,9,41,8,2,15,4
dl UR L UL ul BS D,2,9,41,8,2,15,4
dl UR ul BS D L UL,2,9,41,8,2,12,3
dl UR ul BS L D UL,2,9,41,8,2,14,3
dl UR ul BS L UL D,2,9,41,8,2,13,3
dl UR ul D BS L UL,2,9,41,8,2,10,2
dl UR ul D L BS UL,2,9,41,8,2,10,2
dl UR ul L BS D UL,2,9,41,8,2,14,3
dl UR ul L BS UL D,2,9,41,8,2,13,3
dl UR ul L D BS UL,2,9,41,8,2,12,3
dl UR ul L UL BS D,2,9,41,8,2,11,3
L BS D UR ul UL dl,2,9,41,8,2,15,4
L BS D UR UL ul dl,2,9,41,8,2,15,4
L BS UR D ul UL dl,2,9,41,8,2,15,4
L BS UR D UL ul dl,2,9,41,8,2,17,4
L D BS UR ul UL dl,2,9,41,8,2,15,4
L D BS UR UL ul dl,2,9,41,8,2,15,4
L D dl UL BS UR ul,2,9,41,8,2,13,3
L D dl UL UR BS ul,2,9,41,8,2,15,3
L D UL BS dl UR ul,2,9,41,8,2,11,3
L D UL BS UR dl ul,2,9,41,8,2,13,3
L D UL dl BS UR ul,2,9,41,8,2,13,3
L D UL dl UR BS ul,2,9,41,8,2,15,3
L D UL UR BS dl ul,2,9,41,8,2,13,3
L D UL UR dl BS ul,2,9,41,8,2,13,3
L D UR BS ul UL dl,2,9,41,8,2,17,4
L D UR BS UL ul dl,2,9,41,8,2,15,4
L D UR ul BS UL dl,2,9,41,8,2,13,3
L D UR UL BS ul dl,2,9,41,8,2,13,3
L D UR ul UL BS dl,2,9,41,8,2,13,4
L D UR UL ul BS dl,2,9,41,8,2,15,4
L dl D UL BS UR ul,2,9,41,8,2,15,3
L dl D UL UR BS ul,2,9,41,8,2,17,3
L dl UL D BS UR ul,2,9,41,8,2,15,3
L dl UL D UR BS ul,2,9,41,8,2,17,3
L dl UL UR D BS ul,2,9,41,8,2,15,3
L UL D BS dl UR ul,2,9,41,8,2,11,3
L UL D BS UR dl ul,2,9,41,8,2,13,3
L UL D dl BS UR ul,2,9,41,8,2,13,3
L UL D dl UR BS ul,2,9,41,8,2,15,3
L UL D UR BS dl ul,2,9,41,8,2,13,3
L UL D UR dl BS ul,2,9,41,8,2,13,3
L UL dl D BS UR ul,2,9,41,8,2,13,3
L UL dl D UR BS ul,2,9,41,8,2,15,3
L UL dl UR D BS ul,2,9,41,8,2,13,3
L UL UR D BS dl ul,2,9,41,8,2,11,3
L UL UR D dl BS ul,2,9,41,8,2,13,3
L UL UR dl D BS ul,2,9,41,8,2,13,3
L UR BS D ul UL dl,2,9,41,8,2,15,4
L UR BS D UL ul dl,2,9,41,8,2,17,4
L UR D BS ul UL dl,2,9,41,8,2,17,4
L UR D BS UL ul dl,2,9,41,8,2,15,4
L UR D ul BS UL dl,2,9,41,8,2,13,3
L UR D UL BS ul dl,2,9,41,8,2,15,3
L UR D ul UL BS dl,2,9,41,8,2,13,4
L UR D UL ul BS dl,2,9,41,8,2,17,4
L UR UL D BS ul dl,2,9,41,8,2,15,3
L UR UL D ul BS dl,2,9,41,8,2,13,3
ul BS dl UR D L UL,2,9,41,8,2,12,3
ul BS dl UR L D UL,2,9,41,8,2,14,3
ul BS dl UR L UL D,2,9,41,8,2,13,3
ul BS UR D dl L UL,2,9,41,8,2,16,3
ul BS UR D L dl UL,2,9,41,8,2,16,3
ul BS UR dl D L UL,2,9,41,8,2,14,3
ul BS UR dl L D UL,2,9,41,8,2,16,3
ul BS UR dl L UL D,2,9,41,8,2,15,3
ul BS UR L D dl UL,2,9,41,8,2,16,3
ul BS UR L dl D UL,2,9,41,8,2,18,3
ul BS UR L dl UL D,2,9,41,8,2,17,3
ul BS UR L UL dl D,2,9,41,8,2,15,3
ul dl BS UR D L UL,2,9,41,8,2,12,3
ul dl BS UR L D UL,2,9,41,8,2,14,3
ul dl BS UR L UL D,2,9,41,8,2,13,3
ul dl UR BS D L UL,2,9,41,8,2,12,3
ul dl UR BS L D UL,2,9,41,8,2,14,3
ul dl UR BS L UL D,2,9,41,8,2,13,3
ul dl UR D BS L UL,2,9,41,8,2,12,3
ul dl UR D L BS UL,2,9,41,8,2,12,3
ul dl UR L BS D UL,2,9,41,8,2,14,3
ul dl UR L BS UL D,2,9,41,8,2,13,3
ul dl UR L D BS UL,2,9,41,8,2,12,3
ul dl UR L UL BS D,2,9,41,8,2,11,3
ul UR BS D dl L UL,2,9,41,8,2,14,3
ul UR BS D L dl UL,2,9,41,8,2,14,3
ul UR BS dl D L UL,2,9,41,8,2,12,3
ul UR BS dl L D UL,2,9,41,8,2,14,3
ul UR BS dl L UL D,2,9,41,8,2,13,3
ul UR BS L D dl UL,2,9,41,8,2,14,3
ul UR BS L dl D UL,2,9,41,8,2,16,3
ul UR BS L dl UL D,2,9,41,8,2,15,3
ul UR BS L UL dl D,2,9,41,8,2,13,3
ul UR D BS dl L UL,2,9,41,8,2,12,3
ul UR D BS L dl UL,2,9,41,8,2,14,3
ul UR D dl BS L UL,2,9,41,8,2,12,3
ul UR D dl L BS UL,2,9,41,8,2,14,3
ul UR D L BS dl UL,2,9,41,8,2,12,3
ul UR D L dl BS UL,2,9,41,8,2,12,3
ul UR dl BS D L UL,2,9,41,8,2,10,2
ul UR dl BS L D UL,2,9,41,8,2,12,3
ul UR dl BS L UL D,2,9,41,8,2,11,3
ul UR dl D BS L UL,2,9,41,8,2,12,3
ul UR dl D L BS UL,2,9,41,8,2,12,3
ul UR dl L BS D UL,2,9,41,8,2,14,3
ul UR dl L BS UL D,2,9,41,8,2,13,3
ul UR dl L D BS UL,2,9,41,8,2,12,3
ul UR dl L UL BS D,2,9,41,8,2,11,3
ul UR L BS D dl UL,2,9,41,8,2,14,3
ul UR L BS dl D UL,2,9,41,8,2,14,3
ul UR L BS dl UL D,2,9,41,8,2,13,3
ul UR L BS UL dl D,2,9,41,8,2,13,3
ul UR L D BS dl UL,2,9,41,8,2,12,3
ul UR L D dl BS UL,2,9,41,8,2,12,3
ul UR L dl BS D UL,2,9,41,8,2,14,3
ul UR L dl BS UL D,2,9,41,8,2,13,3
ul UR L dl D BS UL,2,9,41,8,2,14,3
ul UR L dl UL BS D,2,9,41,8,2,13,3
ul UR L UL BS dl D,2,9,41,8,2,11,3
ul UR L UL dl BS D,2,9,41,8,2,11,3
UR BS dl L ul D UL,2,9,41,8,2,14,3
UR BS dl L ul UL D,2,9,41,8,2,17,4
UR BS dl L UL ul D,2,9,41,8,2,13,4
UR BS dl ul D L UL,2,9,41,8,2,10,3
UR BS dl ul L D UL,2,9,41,8,2,14,3
UR BS dl ul L UL D,2,9,41,8,2,13,3
UR BS L dl ul D UL,2,9,41,8,2,14,3
UR BS L dl ul UL D,2,9,41,8,2,17,4
UR BS L dl UL ul D,2,9,41,8,2,15,4
UR BS L ul D dl UL,2,9,41,8,2,14,3
UR BS L ul dl D UL,2,9,41,8,2,16,3
UR BS L ul dl UL D,2,9,41,8,2,15,3
UR BS L UL dl ul D,2,9,41,8,2,11,3
UR BS L ul UL dl D,2,9,41,8,2,17,4
UR BS L UL ul dl D,2,9,41,8,2,15,4
UR BS ul D dl L UL,2,9,41,8,2,14,3
UR BS ul D L dl UL,2,9,41,8,2,14,3
UR BS ul dl D L UL,2,9,41,8,2,14,3
UR BS ul dl L D UL,2,9,41,8,2,16,3
UR BS ul dl L UL D,2,9,41,8,2,15,3
UR BS ul L D dl UL,2,9,41,8,2,16,3
UR BS ul L dl D UL,2,9,41,8,2,18,3
UR BS ul L dl UL D,2,9,41,8,2,17,3
UR BS ul L UL dl D,2,9,41,8,2,15,3
UR dl BS L ul D UL,2,9,41,8,2,12,3
UR dl BS L ul UL D,2,9,41,8,2,15,4
UR dl BS L UL ul D,2,9,41,8,2,11,4
UR dl BS ul D L UL,2,9,41,8,2,10,3
UR dl BS ul L D UL,2,9,41,8,2,14,3
UR dl BS ul L UL D,2,9,41,8,2,13,3
UR dl L BS ul D UL,2,9,41,8,2,14,3
UR dl L BS ul UL D,2,9,41,8,2,17,4
UR dl L BS UL ul D,2,9,41,8,2,13,4
UR dl L ul BS D UL,2,9,41,8,2,16,3
UR dl L ul BS UL D,2,9,41,8,2,15,3
UR dl L UL BS ul D,2,9,41,8,2,11,3
UR dl L ul D BS UL,2,9,41,8,2,12,3
UR dl L ul UL BS D,2,9,41,8,2,15,4
UR dl L UL ul BS D,2,9,41,8,2,15,4
UR dl ul BS D L UL,2,9,41,8,2,12,3
UR dl ul BS L D UL,2,9,41,8,2,14,3
UR dl ul BS L UL D,2,9,41,8,2,13,3
UR dl ul D BS L UL,2,9,41,8,2,10,2
UR dl ul D L BS UL,2,9,41,8,2,10,2
UR dl ul L BS D UL,2,9,41,8,2,14,3
UR dl ul L BS UL D,2,9,41,8,2,13,3
UR dl ul L D BS UL,2,9,41,8,2,12,3
UR dl ul L UL BS D,2,9,41,8,2,11,3
UR L BS dl ul D UL,2,9,41,8,2,12,3
UR L BS dl ul UL D,2,9,41,8,2,15,4
UR L BS dl UL ul D,2,9,41,8,2,13,4
UR L BS ul D dl UL,2,9,41,8,2,14,3
UR L BS ul dl D UL,2,9,41,8,2,16,3
UR L BS ul dl UL D,2,9,41,8,2,15,3
UR L BS UL dl ul D,2,9,41,8,2,11,3
UR L BS ul UL dl D,2,9,41,8,2,17,4
UR L BS UL ul dl D,2,9,41,8,2,15,4
UR L dl BS ul D UL,2,9,41,8,2,14,3
UR L dl BS ul UL D,2,9,41,8,2,17,4
UR L dl BS UL ul D,2,9,41,8,2,13,4
UR L dl ul BS D UL,2,9,41,8,2,16,3
UR L dl ul BS UL D,2,9,41,8,2,15,3
UR L dl UL BS ul D,2,9,41,8,2,13,3
UR L dl ul D BS UL,2,9,41,8,2,12,3
UR L dl ul UL BS D,2,9,41,8,2,15,4
UR L dl UL ul BS D,2,9,41,8,2,17,4
UR L ul BS D dl UL,2,9,41,8,2,16,3
UR L ul BS dl D UL,2,9,41,8,2,16,3
UR L ul BS dl UL D,2,9,41,8,2,15,3
UR L UL BS dl ul D,2,9,41,8,2,9,3
UR L ul BS UL dl D,2,9,41,8,2,15,3
UR L UL BS ul dl D,2,9,41,8,2,13,3
UR L ul D BS dl UL,2,9,41,8,2,12,3
UR L ul D dl BS UL,2,9,41,8,2,12,3
UR L ul dl BS D UL,2,9,41,8,2,14,3
UR L ul dl BS UL D,2,9,41,8,2,13,3
UR L UL dl BS ul D,2,9,41,8,2,11,3
UR L ul dl D BS UL,2,9,41,8,2,14,3
UR L ul dl UL BS D,2,9,41,8,2,13,3
UR L UL dl ul BS D,2,9,41,8,2,13,3
UR L ul UL BS dl D,2,9,41,8,2,15,4
UR L UL ul BS dl D,2,9,41,8,2,15,4
UR L ul UL dl BS D,2,9,41,8,2,15,4
UR L UL ul dl BS D,2,9,41,8,2,13,4
UR ul BS D dl L UL,2,9,41,8,2,14,3
UR ul BS D L dl UL,2,9,41,8,2,14,3
UR ul BS dl D L UL,2,9,41,8,2,12,3
UR ul BS dl L D UL,2,9,41,8,2,14,3
UR ul BS dl L UL D,2,9,41,8,2,13,3
UR ul BS L D dl UL,2,9,41,8,2,14,3
UR ul BS L dl D UL,2,9,41,8,2,16,3
UR ul BS L dl UL D,2,9,41,8,2,15,3
UR ul BS L UL dl D,2,9,41,8,2,13,3
UR ul D BS dl L UL,2,9,41,8,2,10,3
UR ul D BS L dl UL,2,9,41,8,2,12,3
UR ul D dl BS L UL,2,9,41,8,2,10,3
UR ul D dl L BS UL,2,9,41,8,2,12,3
UR ul D L BS dl UL,2,9,41,8,2,10,2
UR ul D L dl BS UL,2,9,41,8,2,10,3
UR ul dl BS D L UL,2,9,41,8,2,10,2
UR ul dl BS L D UL,2,9,41,8,2,12,3
UR ul dl BS L UL D,2,9,41,8,2,11,3
UR ul dl D BS L UL,2,9,41,8,2,12,3
UR ul dl D L BS UL,2,9,41,8,2,12,3
UR ul dl L BS D UL,2,9,41,8,2,14,3
UR ul dl L BS UL D,2,9,41,8,2,13,3
UR ul dl L D BS UL,2,9,41,8,2,12,3
UR ul dl L UL BS D,2,9,41,8,2,11,3
UR ul L BS D dl UL,2,9,41,8,2,14,3
UR ul L BS dl D UL,2,9,41,8,2,14,3
UR ul L BS dl UL D,2,9,41,8,2,13,3
UR ul L BS UL dl D,2,9,41,8,2,13,3
UR ul L D BS dl UL,2,9,41,8,2,12,3
UR ul L D dl BS UL,2,9,41,8,2,12,3
UR ul L dl BS D UL,2,9,41,8,2,14,3
UR ul L dl BS UL D,2,9,41,8,2,13,3
UR ul L dl D BS UL,2,9,41,8,2,14,3
UR ul L dl UL BS D,2,9,41,8,2,13,3
UR ul L UL BS dl D,2,9,41,8,2,11,3
UR ul L UL dl BS D,2,9,41,8,2,11,3
BS dl ul UL UR D L,2,9,42,7,2,14,4
BS dl UL ul UR D L,2,9,42,7,2,14,4
BS dl ul UL UR L D,2,9,42,7,2,14,4
BS dl UL ul UR L D,2,9,42,7,2,14,4
BS dl UL UR L ul D,2,9,42,7,2,12,3
BS dl UL UR ul D L,2,9,42,7,2,10,2
BS dl UL UR ul L D,2,9,42,7,2,12,3
BS ul dl UL UR D L,2,9,42,7,2,14,3
BS UL dl ul UR D L,2,9,42,7,2,12,3
BS ul dl UL UR L D,2,9,42,7,2,14,3
BS UL dl ul UR L D,2,9,42,7,2,12,3
BS UL dl UR L ul D,2,9,42,7,2,12,3
BS UL dl UR ul D L,2,9,42,7,2,10,2
BS UL dl UR ul L D,2,9,42,7,2,12,3
BS ul UL dl UR D L,2,9,42,7,2,16,4
BS UL ul dl UR D L,2,9,42,7,2,14,4
BS ul UL dl UR L D,2,9,42,7,2,16,4
BS UL ul dl UR L D,2,9,42,7,2,14,4
dl BS ul UL UR D L,2,9,42,7,2,15,4
dl BS UL ul UR D L,2,9,42,7,2,13,4
dl BS ul UL UR L D,2,9,42,7,2,15,4
dl BS UL ul UR L D,2,9,42,7,2,13,4
dl BS UL UR L ul D,2,9,42,7,2,11,3
dl BS UL UR ul D L,2,9,42,7,2,9,2
dl BS UL UR ul L D,2,9,42,7,2,11,3
dl ul BS UL UR D L,2,9,42,7,2,13,3
dl UL BS ul UR D L,2,9,42,7,2,13,3
dl ul BS UL UR L D,2,9,42,7,2,13,3
dl UL BS ul UR L D,2,9,42,7,2,13,3
dl UL BS UR L ul D,2,9,42,7,2,13,3
dl UL BS UR ul D L,2,9,42,7,2,11,3
dl UL BS UR ul L D,2,9,42,7,2,13,3
dl ul UL BS UR D L,2,9,42,7,2,15,4
dl UL ul BS UR D L,2,9,42,7,2,17,4
dl ul UL BS UR L D,2,9,42,7,2,15,4
dl UL ul BS UR L D,2,9,42,7,2,17,4
ul BS dl UL UR D L,2,9,42,7,2,13,3
UL BS dl ul UR D L,2,9,42,7,2,11,3
ul BS dl UL UR L D,2,9,42,7,2,13,3
UL BS dl ul UR L D,2,9,42,7,2,11,3
UL BS dl UR L ul D,2,9,42,7,2,11,3
UL BS dl UR ul D L,2,9,42,7,2,9,2
UL BS dl UR ul L D,2,9,42,7,2,11,3
ul BS UL dl UR D L,2,9,42,7,2,13,3
UL BS ul dl UR D L,2,9,42,7,2,13,3
ul BS UL dl UR L D,2,9,42,7,2,13,3
UL BS ul dl UR L D,2,9,42,7,2,13,3
ul dl BS UL UR D L,2,9,42,7,2,11,3
UL dl BS ul UR D L,2,9,42,7,2,13,3
ul dl BS UL UR L D,2,9,42,7,2,11,3
UL dl BS ul UR L D,2,9,42,7,2,13,3
UL dl BS UR L ul D,2,9,42,7,2,13,3
UL dl BS UR ul D L,2,9,42,7,2,11,3
UL dl BS UR ul L D,2,9,42,7,2,13,3
ul dl UL BS UR D L,2,9,42,7,2,13,3
UL dl ul BS UR D L,2,9,42,7,2,15,3
ul dl UL BS UR L D,2,9,42,7,2,13,3
UL dl ul BS UR L D,2,9,42,7,2,15,3
ul UL BS dl UR D L,2,9,42,7,2,13,4
UL ul BS dl UR D L,2,9,42,7,2,15,4
ul UL BS dl UR L D,2,9,42,7,2,13,4
UL ul BS dl UR L D,2,9,42,7,2,15,4
ul UL dl BS UR D L,2,9,42,7,2,15,4
UL ul dl BS UR D L,2,9,42,7,2,15,4
ul UL dl BS UR L D,2,9,42,7,2,15,4
UL ul dl BS UR L D,2,9,42,7,2,15,4
BS D dl UR ul UL L,2,9,43,8,2,14,4
BS D dl UR UL ul L,2,9,43,8,2,16,4
BS D UR dl ul UL L,2,9,43,8,2,14,4
BS D UR dl UL ul L,2,9,43,8,2,16,4
BS D UR ul dl UL L,2,9,43,8,2,12,3
BS dl D UR ul UL L,2,9,43,8,2,14,4
BS dl D UR UL ul L,2,9,43,8,2,16,4
BS dl UR D ul UL L,2,9,43,8,2,12,4
BS dl UR D UL ul L,2,9,43,8,2,16,4
BS dl UR UL D ul L,2,9,43,8,2,12,3
BS UR D dl ul UL L,2,9,43,8,2,16,4
BS UR D dl UL ul L,2,9,43,8,2,18,4
BS UR D ul dl UL L,2,9,43,8,2,12,3
BS UR dl D ul UL L,2,9,43,8,2,14,4
BS UR dl D UL ul L,2,9,43,8,2,18,4
BS UR dl UL D ul L,2,9,43,8,2,14,3
D BS dl UR ul UL L,2,9,43,8,2,12,4
D BS dl UR UL ul L,2,9,43,8,2,14,4
D BS UR dl ul UL L,2,9,43,8,2,14,4
D BS UR dl UL ul L,2,9,43,8,2,16,4
D BS UR ul dl UL L,2,9,43,8,2,12,3
D dl BS UR ul UL L,2,9,43,8,2,14,4
D dl BS UR UL ul L,2,9,43,8,2,16,4
D dl UR BS ul UL L,2,9,43,8,2,16,4
D dl UR BS UL ul L,2,9,43,8,2,16,4
D dl UR ul BS UL L,2,9,43,8,2,12,3
D UR BS dl ul UL L,2,9,43,8,2,14,4
D UR BS dl UL ul L,2,9,43,8,2,16,4
D UR BS ul dl UL L,2,9,43,8,2,14,3
D UR dl BS ul UL L,2,9,43,8,2,14,4
D UR dl BS UL ul L,2,9,43,8,2,14,4
D UR dl ul BS UL L,2,9,43,8,2,12,3
D UR ul BS dl UL L,2,9,43,8,2,12,3
D UR ul dl BS UL L,2,9,43,8,2,10,3
dl BS D UR ul UL L,2,9,43,8,2,13,4
dl BS D UR UL ul L,2,9,43,8,2,15,4
dl BS UR D ul UL L,2,9,43,8,2,13,4
dl BS UR D UL ul L,2,9,43,8,2,17,4
dl BS UR UL D ul L,2,9,43,8,2,13,3
dl D BS UR ul UL L,2,9,43,8,2,15,4
dl D BS UR UL ul L,2,9,43,8,2,17,4
dl D UR BS ul UL L,2,9,43,8,2,17,4
dl D UR BS UL ul L,2,9,43,8,2,17,4
dl D UR ul BS UL L,2,9,43,8,2,13,3
dl UR BS D ul UL L,2,9,43,8,2,13,4
dl UR BS D UL ul L,2,9,43,8,2,17,4
dl UR BS UL D ul L,2,9,43,8,2,13,3
dl UR D BS ul UL L,2,9,43,8,2,15,4
dl UR D BS UL ul L,2,9,43,8,2,15,4
dl UR D ul BS UL L,2,9,43,8,2,11,3
UR BS D dl ul UL L,2,9,43,8,2,15,4
UR BS D dl UL ul L,2,9,43,8,2,17,4
UR BS D ul dl UL L,2,9,43,8,2,11,3
UR BS dl D ul UL L,2,9,43,8,2,13,4
UR BS dl D UL ul L,2,9,43,8,2,17,4
UR BS dl UL D ul L,2,9,43,8,2,13,3
UR D BS dl ul UL L,2,9,43,8,2,13,4
UR D BS dl UL ul L,2,9,43,8,2,15,4
UR D BS ul dl UL L,2,9,43,8,2,13,3
UR D dl BS ul UL L,2,9,43,8,2,15,4
UR D dl BS UL ul L,2,9,43,8,2,15,4
UR D dl ul BS UL L,2,9,43,8,2,13,3
UR D ul BS dl UL L,2,9,43,8,2,11,3
UR D ul dl BS UL L,2,9,43,8,2,9,3
UR dl BS D ul UL L,2,9,43,8,2,11,4
UR dl BS D UL ul L,2,9,43,8,2,15,4
UR dl BS UL D ul L,2,9,43,8,2,11,3
UR dl D BS ul UL L,2,9,43,8,2,15,4
UR dl D BS UL ul L,2,9,43,8,2,15,4
UR dl D ul BS UL L,2,9,43,8,2,11,3
BS D dl L ul UL UR,2,9,43,9,2,17,4
BS D dl L UL ul UR,2,9,43,9,2,15,4
BS D dl L ul UR UL,2,9,43,9,2,15,3
BS D dl ul L UL UR,2,9,43,9,2,13,3
BS D dl ul L UR UL,2,9,43,9,2,15,3
BS D L dl ul UL UR,2,9,43,9,2,15,4
BS D L dl UL ul UR,2,9,43,9,2,15,4
BS D L dl ul UR UL,2,9,43,9,2,13,3
BS D L ul dl UL UR,2,9,43,9,2,13,3
BS D L UL dl ul UR,2,9,43,9,2,11,2
BS D L ul dl UR UL,2,9,43,9,2,13,3
BS D L ul UL dl UR,2,9,43,9,2,15,4
BS D L UL ul dl UR,2,9,43,9,2,13,4
BS D L ul UR dl UL,2,9,43,9,2,13,3
BS D ul dl L UL UR,2,9,43,9,2,11,3
BS D ul dl L UR UL,2,9,43,9,2,13,3
BS D ul L dl UL UR,2,9,43,9,2,13,3
BS D ul L dl UR UL,2,9,43,9,2,13,3
BS D ul L UL dl UR,2,9,43,9,2,11,3
BS D ul L UR dl UL,2,9,43,9,2,13,3
BS dl D L ul UL UR,2,9,43,9,2,15,4
BS dl D L UL ul UR,2,9,43,9,2,13,4
BS dl D L ul UR UL,2,9,43,9,2,13,3
BS dl D ul L UL UR,2,9,43,9,2,11,3
BS dl D ul L UR UL,2,9,43,9,2,13,3
BS dl L D ul UL UR,2,9,43,9,2,13,4
BS dl L D UL ul UR,2,9,43,9,2,15,4
BS dl L D ul UR UL,2,9,43,9,2,11,3
BS dl L ul D UL UR,2,9,43,9,2,13,3
BS dl L ul D UR UL,2,9,43,9,2,13,3
BS dl ul D L UL UR,2,9,43,9,2,9,2
BS dl ul D L UR UL,2,9,43,9,2,11,3
BS dl ul L D UL UR,2,9,43,9,2,13,3
BS dl ul L D UR UL,2,9,43,9,2,13,3
BS L D dl ul UL UR,2,9,43,9,2,15,4
BS L D dl UL ul UR,2,9,43,9,2,15,4
BS L D dl ul UR UL,2,9,43,9,2,13,3
BS L D ul dl UL UR,2,9,43,9,2,11,2
BS L D UL dl ul UR,2,9,43,9,2,13,3
BS L D ul dl UR UL,2,9,43,9,2,11,2
BS L D ul UL dl UR,2,9,43,9,2,13,4
BS L D UL ul dl UR,2,9,43,9,2,15,4
BS L D ul UR dl UL,2,9,43,9,2,11,2
BS L dl D ul UL UR,2,9,43,9,2,15,4
BS L dl D UL ul UR,2,9,43,9,2,17,4
BS L dl D ul UR UL,2,9,43,9,2,13,3
BS L dl ul D UL UR,2,9,43,9,2,13,3
BS L dl ul D UR UL,2,9,43,9,2,13,3
BS L ul D dl UL UR,2,9,43,9,2,13,3
BS L ul D dl UR UL,2,9,43,9,2,13,3
BS L ul D UL dl UR,2,9,43,9,2,13,3
BS L ul D UR dl UL,2,9,43,9,2,13,3
BS L ul dl D UL UR,2,9,43,9,2,15,3
BS L ul dl D UR UL,2,9,43,9,2,15,3
BS ul D dl L UL UR,2,9,43,9,2,13,3
BS ul D dl L UR UL,2,9,43,9,2,15,3
BS ul D L dl UL UR,2,9,43,9,2,13,3
BS ul D L dl UR UL,2,9,43,9,2,13,3
BS ul D L UL dl UR,2,9,43,9,2,11,3
BS ul D L UR dl UL,2,9,43,9,2,13,3
BS ul dl D L UL UR,2,9,43,9,2,13,3
BS ul dl D L UR UL,2,9,43,9,2,15,3
BS ul dl L D UL UR,2,9,43,9,2,15,3
BS ul dl L D UR UL,2,9,43,9,2,15,3
BS ul L D dl UL UR,2,9,43,9,2,15,3
BS ul L D dl UR UL,2,9,43,9,2,15,3
BS ul L D UL dl UR,2,9,43,9,2,15,3
BS ul L D UR dl UL,2,9,43,9,2,15,3
BS ul L dl D UL UR,2,9,43,9,2,17,3
BS ul L dl D UR UL,2,9,43,9,2,17,3
D BS dl L ul UL UR,2,9,43,9,2,15,4
D BS dl L UL ul UR,2,9,43,9,2,13,4
D BS dl L ul UR UL,2,9,43,9,2,13,3
D BS dl ul L UL UR,2,9,43,9,2,11,3
D BS dl ul L UR UL,2,9,43,9,2,13,3
D BS L dl ul UL UR,2,9,43,9,2,15,4
D BS L dl UL ul UR,2,9,43,9,2,15,4
D BS L dl ul UR UL,2,9,43,9,2,13,3
D BS L ul dl UL UR,2,9,43,9,2,13,3
D BS L UL dl ul UR,2,9,43,9,2,11,2
D BS L ul dl UR UL,2,9,43,9,2,13,3
D BS L ul UL dl UR,2,9,43,9,2,15,4
D BS L UL ul dl UR,2,9,43,9,2,13,4
D BS L ul UR dl UL,2,9,43,9,2,13,3
D BS ul dl L UL UR,2,9,43,9,2,13,3
D BS ul dl L UR UL,2,9,43,9,2,15,3
D BS ul L dl UL UR,2,9,43,9,2,15,3
D BS ul L dl UR UL,2,9,43,9,2,15,3
D BS ul L UL dl UR,2,9,43,9,2,13,3
D BS ul L UR dl UL,2,9,43,9,2,15,3
D dl BS L ul UL UR,2,9,43,9,2,15,4
D dl BS L UL ul UR,2,9,43,9,2,13,4
D dl BS L ul UR UL,2,9,43,9,2,13,3
D dl BS ul L UL UR,2,9,43,9,2,13,3
D dl BS ul L UR UL,2,9,43,9,2,15,3
D dl L BS ul UL UR,2,9,43,9,2,17,4
D dl L BS UL ul UR,2,9,43,9,2,15,4
D dl L BS ul UR UL,2,9,43,9,2,15,3
D dl L ul BS UL UR,2,9,43,9,2,15,3
D dl L ul BS UR UL,2,9,43,9,2,17,3
D dl L ul UR BS UL,2,9,43,9,2,15,3
D dl ul BS L UL UR,2,9,43,9,2,13,3
D dl ul BS L UR UL,2,9,43,9,2,15,3
D dl ul L BS UL UR,2,9,43,9,2,13,3
D dl ul L BS UR UL,2,9,43,9,2,15,3
D dl ul L UR BS UL,2,9,43,9,2,15,3
D L BS dl ul UL UR,2,9,43,9,2,13,4
D L BS dl UL ul UR,2,9,43,9,2,13,4
D L BS dl ul UR UL,2,9,43,9,2,11,2
D L BS ul dl UL UR,2,9,43,9,2,13,3
D L BS UL dl ul UR,2,9,43,9,2,11,2
D L BS ul dl UR UL,2,9,43,9,2,13,3
D L BS ul UL dl UR,2,9,43,9,2,15,4
D L BS UL ul dl UR,2,9,43,9,2,13,4
D L BS ul UR dl UL,2,9,43,9,2,13,3
D L dl BS ul UL UR,2,9,43,9,2,15,4
D L dl BS UL ul UR,2,9,43,9,2,13,4
D L dl BS ul UR UL,2,9,43,9,2,13,3
D L dl ul BS UL UR,2,9,43,9,2,13,3
D L dl ul BS UR UL,2,9,43,9,2,15,3
D L dl ul UR BS UL,2,9,43,9,2,13,3
D L ul BS dl UL UR,2,9,43,9,2,13,3
D L ul BS dl UR UL,2,9,43,9,2,13,3
D L ul BS UL dl UR,2,9,43,9,2,13,3
D L ul BS UR dl UL,2,9,43,9,2,15,3
D L ul dl BS UL UR,2,9,43,9,2,11,3
D L ul dl BS UR UL,2,9,43,9,2,13,3
D L ul dl UR BS UL,2,9,43,9,2,13,3
D L ul UR BS dl UL,2,9,43,9,2,13,3
D L ul UR dl BS UL,2,9,43,9,2,11,3
D ul BS dl L UL UR,2,9,43,9,2,11,3
D ul BS dl L UR UL,2,9,43,9,2,13,3
D ul BS L dl UL UR,2,9,43,9,2,13,3
D ul BS L dl UR UL,2,9,43,9,2,13,3
D ul BS L UL dl UR,2,9,43,9,2,11,3
D ul BS L UR dl UL,2,9,43,9,2,13,3
D ul dl BS L UL UR,2,9,43,9,2,9,2
D ul dl BS L UR UL,2,9,43,9,2,11,3
D ul dl L BS UL UR,2,9,43,9,2,11,3
D ul dl L BS UR UL,2,9,43,9,2,13,3
D ul dl L UR BS UL,2,9,43,9,2,13,3
D ul L BS dl UL UR,2,9,43,9,2,11,3
D ul L BS dl UR UL,2,9,43,9,2,11,3
D ul L BS UL dl UR,2,9,43,9,2,11,3
D ul L BS UR dl UL,2,9,43,9,2,13,3
D ul L dl BS UL UR,2,9,43,9,2,11,3
D ul L dl BS UR UL,2,9,43,9,2,13,3
D ul L dl UR BS UL,2,9,43,9,2,13,3
D ul L UR BS dl UL,2,9,43,9,2,13,3
D ul L UR dl BS UL,2,9,43,9,2,11,3
dl BS D L ul UL UR,2,9,43,9,2,14,4
dl BS D L UL ul UR,2,9,43,9,2,12,4
dl BS D L ul UR UL,2,9,43,9,2,12,3
dl BS D ul L UL UR,2,9,43,9,2,10,3
dl BS D ul L UR UL,2,9,43,9,2,12,3
dl BS L D ul UL UR,2,9,43,9,2,12,4
dl BS L D UL ul UR,2,9,43,9,2,14,4
dl BS L D ul UR UL,2,9,43,9,2,10,2
dl BS L ul D UL UR,2,9,43,9,2,12,3
dl BS L ul D UR UL,2,9,43,9,2,12,3
dl BS ul D L UL UR,2,9,43,9,2,10,3
dl BS ul D L UR UL,2,9,43,9,2,12,3
dl BS ul L D UL UR,2,9,43,9,2,14,3
dl BS ul L D UR UL,2,9,43,9,2,14,3
dl D BS L ul UL UR,2,9,43,9,2,16,4
dl D BS L UL ul UR,2,9,43,9,2,14,4
dl D BS L ul UR UL,2,9,43,9,2,14,3
dl D BS ul L UL UR,2,9,43,9,2,14,3
dl D BS ul L UR UL,2,9,43,9,2,16,3
dl D L BS ul UL UR,2,9,43,9,2,16,4
dl D L BS UL ul UR,2,9,43,9,2,14,4
dl D L BS ul UR UL,2,9,43,9,2,14,3
dl D L ul BS UL UR,2,9,43,9,2,14,3
dl D L ul BS UR UL,2,9,43,9,2,16,3
dl D L ul UR BS UL,2,9,43,9,2,14,3
dl D ul BS L UL UR,2,9,43,9,2,12,3
dl D ul BS L UR UL,2,9,43,9,2,14,3
dl D ul L BS UL UR,2,9,43,9,2,12,3
dl D ul L BS UR UL,2,9,43,9,2,14,3
dl D ul L UR BS UL,2,9,43,9,2,14,3
dl L BS D ul UL UR,2,9,43,9,2,14,4
dl L BS D UL ul UR,2,9,43,9,2,16,4
dl L BS D ul UR UL,2,9,43,9,2,12,3
dl L BS ul D UL UR,2,9,43,9,2,14,3
dl L BS ul D UR UL,2,9,43,9,2,14,3
dl L D BS ul UL UR,2,9,43,9,2,16,4
dl L D BS UL ul UR,2,9,43,9,2,14,4
dl L D BS ul UR UL,2,9,43,9,2,14,3
dl L D ul BS UL UR,2,9,43,9,2,12,3
dl L D ul BS UR UL,2,9,43,9,2,14,3
dl L D ul UR BS UL,2,9,43,9,2,12,3
dl L ul BS D UL UR,2,9,43,9,2,16,3
dl L ul BS D UR UL,2,9,43,9,2,16,3
dl L ul D BS UL UR,2,9,43,9,2,12,3
dl L ul D BS UR UL,2,9,43,9,2,14,3
dl L ul D UR BS UL,2,9,43,9,2,14,3
dl ul BS D L UL UR,2,9,43,9,2,12,3
dl ul BS D L UR UL,2,9,43,9,2,14,3
dl ul BS L D UL UR,2,9,43,9,2,14,3
dl ul BS L D UR UL,2,9,43,9,2,14,3
dl ul D BS L UL UR,2,9,43,9,2,10,2
dl ul D BS L UR UL,2,9,43,9,2,12,3
dl ul D L BS UL UR,2,9,43,9,2,10,2
dl ul D L BS UR UL,2,9,43,9,2,12,3
dl ul D L UR BS UL,2,9,43,9,2,12,3
dl ul L BS D UL UR,2,9,43,9,2,14,3
dl ul L BS D UR UL,2,9,43,9,2,14,3
dl ul L D BS UL UR,2,9,43,9,2,12,3
dl ul L D BS UR UL,2,9,43,9,2,14,3
dl ul L D UR BS UL,2,9,43,9,2,14,3
L BS D dl ul UL UR,2,9,43,9,2,15,4
L BS D dl UL ul UR,2,9,43,9,2,15,4
L BS D dl ul UR UL,2,9,43,9,2,13,3
L BS D ul dl UL UR,2,9,43,9,2,11,2
L BS D UL dl ul UR,2,9,43,9,2,13,3
L BS D ul dl UR UL,2,9,43,9,2,11,2
L BS D ul UL dl UR,2,9,43,9,2,13,4
L BS D UL ul dl UR,2,9,43,9,2,15,4
L BS D ul UR dl UL,2,9,43,9,2,11,2
L BS dl D ul UL UR,2,9,43,9,2,13,4
L BS dl D UL ul UR,2,9,43,9,2,15,4
L BS dl D ul UR UL,2,9,43,9,2,11,3
L BS dl ul D UL UR,2,9,43,9,2,11,3
L BS dl ul D UR UL,2,9,43,9,2,11,3
L BS ul D dl UL UR,2,9,43,9,2,13,3
L BS ul D dl UR UL,2,9,43,9,2,13,3
L BS ul D UL dl UR,2,9,43,9,2,13,3
L BS ul D UR dl UL,2,9,43,9,2,13,3
L BS ul dl D UL UR,2,9,43,9,2,15,3
L BS ul dl D UR UL,2,9,43,9,2,15,3
L D BS dl ul UL UR,2,9,43,9,2,13,4
L D BS dl UL ul UR,2,9,43,9,2,13,4
L D BS dl ul UR UL,2,9,43,9,2,11,2
L D BS ul dl UL UR,2,9,43,9,2,13,3
L D BS UL dl ul UR,2,9,43,9,2,11,2
L D BS ul dl UR UL,2,9,43,9,2,13,3
L D BS ul UL dl UR,2,9,43,9,2,15,4
L D BS UL ul dl UR,2,9,43,9,2,13,4
L D BS ul UR dl UL,2,9,43,9,2,13,3
L D dl BS ul UL UR,2,9,43,9,2,15,4
L D dl BS UL ul UR,2,9,43,9,2,13,4
L D dl BS ul UR UL,2,9,43,9,2,13,3
L D dl ul BS UL UR,2,9,43,9,2,13,3
L D dl ul BS UR UL,2,9,43,9,2,15,3
L D dl ul UR BS UL,2,9,43,9,2,13,3
L D ul BS dl UL UR,2,9,43,9,2,11,3
L D ul BS dl UR UL,2,9,43,9,2,11,3
L D ul BS UL dl UR,2,9,43,9,2,11,3
L D ul BS UR dl UL,2,9,43,9,2,13,3
L D ul dl BS UL UR,2,9,43,9,2,9,2
L D ul dl BS UR UL,2,9,43,9,2,11,3
L D ul dl UR BS UL,2,9,43,9,2,11,3
L D ul UR BS dl UL,2,9,43,9,2,11,3
L D ul UR dl BS UL,2,9,43,9,2,9,2
L dl BS D ul UL UR,2,9,43,9,2,13,4
L dl BS D UL ul UR,2,9,43,9,2,15,4
L dl BS D ul UR UL,2,9,43,9,2,11,3
L dl BS ul D UL UR,2,9,43,9,2,13,3
L dl BS ul D UR UL,2,9,43,9,2,13,3
L dl D BS ul UL UR,2,9,43,9,2,17,4
L dl D BS UL ul UR,2,9,43,9,2,15,4
L dl D BS ul UR UL,2,9,43,9,2,15,3
L dl D ul BS UL UR,2,9,43,9,2,13,3
L dl D ul BS UR UL,2,9,43,9,2,15,3
L dl D ul UR BS UL,2,9,43,9,2,13,3
L dl ul BS D UL UR,2,9,43,9,2,15,3
L dl ul BS D UR UL,2,9,43,9,2,15,3
L dl ul D BS UL UR,2,9,43,9,2,11,3
L dl ul D BS UR UL,2,9,43,9,2,13,3
L dl ul D UR BS UL,2,9,43,9,2,13,3
L ul BS D dl UL UR,2,9,43,9,2,15,3
L ul BS D dl UR UL,2,9,43,9,2,15,3
L ul BS D UL dl UR,2,9,43,9,2,15,3
L ul BS D UR dl UL,2,9,43,9,2,15,3
L ul BS dl D UL UR,2,9,43,9,2,15,3
L ul BS dl D UR UL,2,9,43,9,2,15,3
L ul D BS dl UL UR,2,9,43,9,2,11,3
L ul D BS dl UR UL,2,9,43,9,2,11,3
L ul D BS UL dl UR,2,9,43,9,2,11,3
L ul D BS UR dl UL,2,9,43,9,2,13,3
L ul D dl BS UL UR,2,9,43,9,2,11,3
L ul D dl BS UR UL,2,9,43,9,2,13,3
L ul D dl UR BS UL,2,9,43,9,2,13,3
L ul D UR BS dl UL,2,9,43,9,2,13,3
L ul D UR dl BS UL,2,9,43,9,2,11,3
L ul dl BS D UL UR,2,9,43,9,2,13,3
L ul dl BS D UR UL,2,9,43,9,2,13,3
L ul dl D BS UL UR,2,9,43,9,2,13,3
L ul dl D BS UR UL,2,9,43,9,2,15,3
L ul dl D UR BS UL,2,9,43,9,2,15,3
ul BS D dl L UL UR,2,9,43,9,2,14,3
ul BS D dl L UR UL,2,9,43,9,2,16,3
ul BS D L dl UL UR,2,9,43,9,2,14,3
ul BS D L dl UR UL,2,9,43,9,2,14,3
ul BS D L UL dl UR,2,9,43,9,2,12,3
ul BS D L UR dl UL,2,9,43,9,2,14,3
ul BS dl D L UL UR,2,9,43,9,2,12,3
ul BS dl D L UR UL,2,9,43,9,2,14,3
ul BS dl L D UL UR,2,9,43,9,2,14,3
ul BS dl L D UR UL,2,9,43,9,2,14,3
ul BS L D dl UL UR,2,9,43,9,2,14,3
ul BS L D dl UR UL,2,9,43,9,2,14,3
ul BS L D UL dl UR,2,9,43,9,2,14,3
ul BS L D UR dl UL,2,9,43,9,2,14,3
ul BS L dl D UL UR,2,9,43,9,2,16,3
ul BS L dl D UR UL,2,9,43,9,2,16,3
ul D BS dl L UL UR,2,9,43,9,2,10,3
ul D BS dl L UR UL,2,9,43,9,2,12,3
ul D BS L dl UL UR,2,9,43,9,2,12,3
ul D BS L dl UR UL,2,9,43,9,2,12,3
ul D BS L UL dl UR,2,9,43,9,2,10,2
ul D BS L UR dl UL,2,9,43,9,2,12,3
ul D dl BS L UL UR,2,9,43,9,2,10,3
ul D dl BS L UR UL,2,9,43,9,2,12,3
ul D dl L BS UL UR,2,9,43,9,2,12,3
ul D dl L BS UR UL,2,9,43,9,2,14,3
ul D dl L UR BS UL,2,9,43,9,2,14,3
ul D L BS dl UL UR,2,9,43,9,2,10,2
ul D L BS dl UR UL,2,9,43,9,2,10,2
ul D L BS UL dl UR,2,9,43,9,2,10,2
ul D L BS UR dl UL,2,9,43,9,2,12,3
ul D L dl BS UL UR,2,9,43,9,2,10,3
ul D L dl BS UR UL,2,9,43,9,2,12,3
ul D L dl UR BS UL,2,9,43,9,2,12,3
ul D L UR BS dl UL,2,9,43,9,2,12,3
ul D L UR dl BS UL,2,9,43,9,2,10,3
ul dl BS D L UL UR,2,9,43,9,2,10,2
ul dl BS D L UR UL,2,9,43,9,2,12,3
ul dl BS L D UL UR,2,9,43,9,2,12,3
ul dl BS L D UR UL,2,9,43,9,2,12,3
ul dl D BS L UL UR,2,9,43,9,2,12,3
ul dl D BS L UR UL,2,9,43,9,2,14,3
ul dl D L BS UL UR,2,9,43,9,2,12,3
ul dl D L BS UR UL,2,9,43,9,2,14,3
ul dl D L UR BS UL,2,9,43,9,2,14,3
ul dl L BS D UL UR,2,9,43,9,2,14,3
ul dl L BS D UR UL,2,9,43,9,2,14,3
ul dl L D BS UL UR,2,9,43,9,2,12,3
ul dl L D BS UR UL,2,9,43,9,2,14,3
ul dl L D UR BS UL,2,9,43,9,2,14,3
ul L BS D dl UL UR,2,9,43,9,2,14,3
ul L BS D dl UR UL,2,9,43,9,2,14,3
ul L BS D UL dl UR,2,9,43,9,2,14,3
ul L BS D UR dl UL,2,9,43,9,2,14,3
ul L BS dl D UL UR,2,9,43,9,2,14,3
ul L BS dl D UR UL,2,9,43,9,2,14,3
ul L D BS dl UL UR,2,9,43,9,2,12,3
ul L D BS dl UR UL,2,9,43,9,2,12,3
ul L D BS UL dl UR,2,9,43,9,2,12,3
ul L D BS UR dl UL,2,9,43,9,2,14,3
ul L D dl BS UL UR,2,9,43,9,2,12,3
ul L D dl BS UR UL,2,9,43,9,2,14,3
ul L D dl UR BS UL,2,9,43,9,2,14,3
ul L D UR BS dl UL,2,9,43,9,2,14,3
ul L D UR dl BS UL,2,9,43,9,2,12,3
ul L dl BS D UL UR,2,9,43,9,2,14,3
ul L dl BS D UR UL,2,9,43,9,2,14,3
ul L dl D BS UL UR,2,9,43,9,2,14,3
ul L dl D BS UR UL,2,9,43,9,2,16,3
ul L dl D UR BS UL,2,9,43,9,2,16,3
BS D UL UR L ul dl,2,9,44,7,2,15,3
BS D UL UR ul L dl,2,9,44,7,2,15,3
BS D UR UL L ul dl,2,9,44,7,2,13,3
BS D UR ul UL L dl,2,9,44,7,2,15,4
BS D UR UL ul L dl,2,9,44,7,2,17,4
BS UL D UR L ul dl,2,9,44,7,2,15,3
BS UL D UR ul L dl,2,9,44,7,2,15,3
BS UL UR D L ul dl,2,9,44,7,2,13,3
BS UL UR D ul L dl,2,9,44,7,2,13,3
BS UR D UL L ul dl,2,9,44,7,2,15,3
BS UR D ul UL L dl,2,9,44,7,2,15,4
BS UR D UL ul L dl,2,9,44,7,2,19,4
BS UR UL D L ul dl,2,9,44,7,2,15,3
BS UR UL D ul L dl,2,9,44,7,2,15,3
D BS UL UR L ul dl,2,9,44,7,2,13,3
D BS UL UR ul L dl,2,9,44,7,2,13,3
D BS UR UL L ul dl,2,9,44,7,2,13,3
D BS UR ul UL L dl,2,9,44,7,2,15,4
D BS UR UL ul L dl,2,9,44,7,2,17,4
D UL BS UR L ul dl,2,9,44,7,2,15,3
D UL BS UR ul L dl,2,9,44,7,2,15,3
D UL UR BS L ul dl,2,9,44,7,2,15,3
D UL UR BS ul L dl,2,9,44,7,2,17,3
D UL UR L BS ul dl,2,9,44,7,2,15,3
D UL UR L ul BS dl,2,9,44,7,2,15,3
D UL UR ul BS L dl,2,9,44,7,2,15,3
D UL UR ul L BS dl,2,9,44,7,2,13,3
D UR BS UL L ul dl,2,9,44,7,2,13,3
D UR BS ul UL L dl,2,9,44,7,2,17,4
D UR BS UL ul L dl,2,9,44,7,2,17,4
D UR UL BS L ul dl,2,9,44,7,2,13,3
D UR ul BS UL L dl,2,9,44,7,2,13,3
D UR UL BS ul L dl,2,9,44,7,2,15,3
D UR UL L BS ul dl,2,9,44,7,2,13,3
D UR UL L ul BS dl,2,9,44,7,2,13,3
D UR ul UL BS L dl,2,9,44,7,2,15,4
D UR UL ul BS L dl,2,9,44,7,2,17,4
D UR ul UL L BS dl,2,9,44,7,2,13,4
D UR UL ul L BS dl,2,9,44,7,2,15,4
UL BS D UR L ul dl,2,9,44,7,2,14,3
UL BS D UR ul L dl,2,9,44,7,2,14,3
UL BS UR D L ul dl,2,9,44,7,2,14,3
UL BS UR D ul L dl,2,9,44,7,2,14,3
UL D BS UR L ul dl,2,9,44,7,2,16,3
UL D BS UR ul L dl,2,9,44,7,2,16,3
UL D UR BS L ul dl,2,9,44,7,2,16,3
UL D UR BS ul L dl,2,9,44,7,2,18,3
UL D UR L BS ul dl,2,9,44,7,2,16,3
UL D UR L ul BS dl,2,9,44,7,2,16,3
UL D UR ul BS L dl,2,9,44,7,2,16,3
UL D UR ul L BS dl,2,9,44,7,2,14,3
UL UR BS D L ul dl,2,9,44,7,2,14,3
UL UR BS D ul L dl,2,9,44,7,2,14,3
UL UR D BS L ul dl,2,9,44,7,2,14,3
UL UR D BS ul L dl,2,9,44,7,2,16,3
UL UR D L BS ul dl,2,9,44,7,2,14,3
UL UR D L ul BS dl,2,9,44,7,2,14,3
UL UR D ul BS L dl,2,9,44,7,2,14,3
UL UR D ul L BS dl,2,9,44,7,2,12,3
UL UR L D BS ul dl,2,9,44,7,2,14,3
UL UR L D ul BS dl,2,9,44,7,2,12,3
UR BS D UL L ul dl,2,9,44,7,2,14,3
UR BS D ul UL L dl,2,9,44,7,2,14,4
UR BS D UL ul L dl,2,9,44,7,2,18,4
UR BS UL D L ul dl,2,9,44,7,2,14,3
UR BS UL D ul L dl,2,9,44,7,2,14,3
UR D BS UL L ul dl,2,9,44,7,2,12,3
UR D BS ul UL L dl,2,9,44,7,2,16,4
UR D BS UL ul L dl,2,9,44,7,2,16,4
UR D UL BS L ul dl,2,9,44,7,2,14,3
UR D ul BS UL L dl,2,9,44,7,2,12,3
UR D UL BS ul L dl,2,9,44,7,2,16,3
UR D UL L BS ul dl,2,9,44,7,2,14,3
UR D UL L ul BS dl,2,9,44,7,2,14,3
UR D ul UL BS L dl,2,9,44,7,2,14,4
UR D UL ul BS L dl,2,9,44,7,2,18,4
UR D ul UL L BS dl,2,9,44,7,2,12,4
UR D UL ul L BS dl,2,9,44,7,2,16,4
UR UL BS D L ul dl,2,9,44,7,2,12,3
UR UL BS D ul L dl,2,9,44,7,2,12,3
UR UL D BS L ul dl,2,9,44,7,2,14,3
UR UL D BS ul L dl,2,9,44,7,2,16,3
UR UL D L BS ul dl,2,9,44,7,2,14,3
UR UL D L ul BS dl,2,9,44,7,2,14,3
UR UL D ul BS L dl,2,9,44,7,2,14,3
UR UL D ul L BS dl,2,9,44,7,2,12,3
UR UL L D BS ul dl,2,9,44,7,2,12,3
UR UL L D ul BS dl,2,9,44,7,2,10,3
BS dl UL L D ul UR,2,9,44,8,2,9,2
BS dl UL L ul D UR,2,9,44,8,2,11,3
BS dl UL L ul UR D,2,9,44,8,2,12,3
BS dl UL L UR ul D,2,9,44,8,2,10,3
BS dl ul UL L D UR,2,9,44,8,2,13,4
BS dl UL ul L D UR,2,9,44,8,2,15,4
BS dl ul UL L UR D,2,9,44,8,2,14,4
BS dl UL ul L UR D,2,9,44,8,2,16,4
BS UL dl L D ul UR,2,9,44,8,2,11,3
BS UL dl L ul D UR,2,9,44,8,2,13,3
BS UL dl L ul UR D,2,9,44,8,2,14,3
BS UL dl L UR ul D,2,9,44,8,2,12,3
BS ul dl UL L D UR,2,9,44,8,2,13,3
BS UL dl ul L D UR,2,9,44,8,2,13,3
BS ul dl UL L UR D,2,9,44,8,2,14,3
BS UL dl ul L UR D,2,9,44,8,2,14,3
BS UL L D dl ul UR,2,9,44,8,2,11,3
BS UL L D ul dl UR,2,9,44,8,2,9,2
BS UL L dl D ul UR,2,9,44,8,2,11,3
BS UL L dl ul D UR,2,9,44,8,2,11,3
BS UL L dl ul UR D,2,9,44,8,2,12,3
BS UL L dl UR ul D,2,9,44,8,2,10,3
BS UL L ul D dl UR,2,9,44,8,2,11,3
BS UL L ul dl D UR,2,9,44,8,2,13,3
BS UL L ul dl UR D,2,9,44,8,2,12,3
BS UL L ul UR dl D,2,9,44,8,2,12,3
BS UL L UR dl ul D,2,9,44,8,2,10,3
BS UL L UR ul dl D,2,9,44,8,2,12,3
BS ul UL dl L D UR,2,9,44,8,2,17,4
BS UL ul dl L D UR,2,9,44,8,2,15,4
BS ul UL dl L UR D,2,9,44,8,2,18,4
BS UL ul dl L UR D,2,9,44,8,2,16,4
BS ul UL L D dl UR,2,9,44,8,2,15,4
BS UL ul L D dl UR,2,9,44,8,2,15,4
BS ul UL L dl D UR,2,9,44,8,2,17,4
BS UL ul L dl D UR,2,9,44,8,2,17,4
BS ul UL L dl UR D,2,9,44,8,2,16,4
BS UL ul L dl UR D,2,9,44,8,2,16,4
BS ul UL L UR dl D,2,9,44,8,2,16,4
BS UL ul L UR dl D,2,9,44,8,2,16,4
D L UL BS ul UR dl,2,9,44,8,2,11,3
D L UL BS UR ul dl,2,9,44,8,2,11,3
D L ul UL BS UR dl,2,9,44,8,2,15,4
D L UL ul BS UR dl,2,9,44,8,2,15,4
D L ul UL UR BS dl,2,9,44,8,2,15,4
D L UL ul UR BS dl,2,9,44,8,2,13,4
D L UL UR BS ul dl,2,9,44,8,2,13,3
D L UL UR ul BS dl,2,9,44,8,2,11,3
D ul L UL BS UR dl,2,9,44,8,2,11,3
D ul L UL UR BS dl,2,9,44,8,2,11,3
dl BS UL L D ul UR,2,9,44,8,2,8,2
dl BS UL L ul D UR,2,9,44,8,2,10,3
dl BS UL L ul UR D,2,9,44,8,2,11,3
dl BS UL L UR ul D,2,9,44,8,2,9,3
dl BS ul UL L D UR,2,9,44,8,2,14,4
dl BS UL ul L D UR,2,9,44,8,2,14,4
dl BS ul UL L UR D,2,9,44,8,2,15,4
dl BS UL ul L UR D,2,9,44,8,2,15,4
dl UL BS L D ul UR,2,9,44,8,2,10,2
dl UL BS L ul D UR,2,9,44,8,2,12,3
dl UL BS L ul UR D,2,9,44,8,2,13,3
dl UL BS L UR ul D,2,9,44,8,2,11,3
dl ul BS UL L D UR,2,9,44,8,2,12,3
dl UL BS ul L D UR,2,9,44,8,2,14,3
dl ul BS UL L UR D,2,9,44,8,2,13,3
dl UL BS ul L UR D,2,9,44,8,2,15,3
dl UL L BS D ul UR,2,9,44,8,2,10,2
dl UL L BS ul D UR,2,9,44,8,2,12,3
dl UL L BS ul UR D,2,9,44,8,2,13,3
dl UL L BS UR ul D,2,9,44,8,2,11,3
dl UL L ul BS D UR,2,9,44,8,2,14,3
dl UL L ul BS UR D,2,9,44,8,2,15,3
dl UL L ul UR BS D,2,9,44,8,2,13,3
dl UL L UR BS ul D,2,9,44,8,2,13,3
dl UL L UR ul BS D,2,9,44,8,2,13,3
dl ul UL BS L D UR,2,9,44,8,2,14,4
dl UL ul BS L D UR,2,9,44,8,2,16,4
dl ul UL BS L UR D,2,9,44,8,2,15,4
dl UL ul BS L UR D,2,9,44,8,2,17,4
dl ul UL L BS D UR,2,9,44,8,2,14,4
dl UL ul L BS D UR,2,9,44,8,2,16,4
dl ul UL L BS UR D,2,9,44,8,2,15,4
dl UL ul L BS UR D,2,9,44,8,2,17,4
dl ul UL L UR BS D,2,9,44,8,2,15,4
dl UL ul L UR BS D,2,9,44,8,2,17,4
L D UL BS ul UR dl,2,9,44,8,2,13,3
L D UL BS UR ul dl,2,9,44,8,2,13,3
L D ul UL BS UR dl,2,9,44,8,2,13,4
L D UL ul BS UR dl,2,9,44,8,2,17,4
L D ul UL UR BS dl,2,9,44,8,2,13,4
L D UL ul UR BS dl,2,9,44,8,2,15,4
L D UL UR BS ul dl,2,9,44,8,2,15,3
L D UL UR ul BS dl,2,9,44,8,2,13,3
L UL D BS ul UR dl,2,9,44,8,2,13,3
L UL D BS UR ul dl,2,9,44,8,2,13,3
L ul D UL BS UR dl,2,9,44,8,2,13,3
L UL D ul BS UR dl,2,9,44,8,2,13,3
L ul D UL UR BS dl,2,9,44,8,2,13,3
L UL D ul UR BS dl,2,9,44,8,2,11,3
L UL D UR BS ul dl,2,9,44,8,2,15,3
L UL D UR ul BS dl,2,9,44,8,2,13,3
L ul UL D BS UR dl,2,9,44,8,2,17,4
L UL ul D BS UR dl,2,9,44,8,2,13,4
L ul UL D UR BS dl,2,9,44,8,2,17,4
L UL ul D UR BS dl,2,9,44,8,2,13,4
L UL UR D BS ul dl,2,9,44,8,2,13,3
L UL UR D ul BS dl,2,9,44,8,2,11,3
UL BS dl L D ul UR,2,9,44,8,2,10,3
UL BS dl L ul D UR,2,9,44,8,2,12,3
UL BS dl L ul UR D,2,9,44,8,2,13,3
UL BS dl L UR ul D,2,9,44,8,2,11,3
ul BS dl UL L D UR,2,9,44,8,2,12,3
UL BS dl ul L D UR,2,9,44,8,2,12,3
ul BS dl UL L UR D,2,9,44,8,2,13,3
UL BS dl ul L UR D,2,9,44,8,2,13,3
UL BS L D dl ul UR,2,9,44,8,2,12,3
UL BS L D ul dl UR,2,9,44,8,2,10,2
UL BS L dl D ul UR,2,9,44,8,2,12,3
UL BS L dl ul D UR,2,9,44,8,2,12,3
UL BS L dl ul UR D,2,9,44,8,2,13,3
UL BS L dl UR ul D,2,9,44,8,2,11,3
UL BS L ul D dl UR,2,9,44,8,2,12,3
UL BS L ul dl D UR,2,9,44,8,2,14,3
UL BS L ul dl UR D,2,9,44,8,2,13,3
UL BS L ul UR dl D,2,9,44,8,2,13,3
UL BS L UR dl ul D,2,9,44,8,2,11,3
UL BS L UR ul dl D,2,9,44,8,2,13,3
ul BS UL dl L D UR,2,9,44,8,2,14,3
UL BS ul dl L D UR,2,9,44,8,2,14,3
ul BS UL dl L UR D,2,9,44,8,2,15,3
UL BS ul dl L UR D,2,9,44,8,2,15,3
ul BS UL L D dl UR,2,9,44,8,2,12,3
UL BS ul L D dl UR,2,9,44,8,2,14,3
ul BS UL L dl D UR,2,9,44,8,2,14,3
UL BS ul L dl D UR,2,9,44,8,2,16,3
ul BS UL L dl UR D,2,9,44,8,2,13,3
UL BS ul L dl UR D,2,9,44,8,2,15,3
ul BS UL L UR dl D,2,9,44,8,2,13,3
UL BS ul L UR dl D,2,9,44,8,2,15,3
ul D L UL BS UR dl,2,9,44,8,2,10,3
ul D L UL UR BS dl,2,9,44,8,2,10,3
UL dl BS L D ul UR,2,9,44,8,2,10,2
UL dl BS L ul D UR,2,9,44,8,2,12,3
UL dl BS L ul UR D,2,9,44,8,2,13,3
UL dl BS L UR ul D,2,9,44,8,2,11,3
ul dl BS UL L D UR,2,9,44,8,2,10,3
UL dl BS ul L D UR,2,9,44,8,2,14,3
ul dl BS UL L UR D,2,9,44,8,2,11,3
UL dl BS ul L UR D,2,9,44,8,2,15,3
UL dl L BS D ul UR,2,9,44,8,2,12,3
UL dl L BS ul D UR,2,9,44,8,2,14,3
UL dl L BS ul UR D,2,9,44,8,2,15,3
UL dl L BS UR ul D,2,9,44,8,2,13,3
UL dl L ul BS D UR,2,9,44,8,2,16,3
UL dl L ul BS UR D,2,9,44,8,2,17,3
UL dl L ul UR BS D,2,9,44,8,2,15,3
UL dl L UR BS ul D,2,9,44,8,2,15,3
UL dl L UR ul BS D,2,9,44,8,2,15,3
ul dl UL BS L D UR,2,9,44,8,2,12,3
UL dl ul BS L D UR,2,9,44,8,2,14,3
ul dl UL BS L UR D,2,9,44,8,2,13,3
UL dl ul BS L UR D,2,9,44,8,2,15,3
ul dl UL L BS D UR,2,9,44,8,2,12,3
UL dl ul L BS D UR,2,9,44,8,2,14,3
ul dl UL L BS UR D,2,9,44,8,2,13,3
UL dl ul L BS UR D,2,9,44,8,2,15,3
ul dl UL L UR BS D,2,9,44,8,2,13,3
UL dl ul L UR BS D,2,9,44,8,2,15,3
UL L BS D dl ul UR,2,9,44,8,2,12,3
UL L BS D ul dl UR,2,9,44,8,2,10,2
UL L BS dl D ul UR,2,9,44,8,2,10,3
UL L BS dl ul D UR,2,9,44,8,2,10,3
UL L BS dl ul UR D,2,9,44,8,2,11,3
UL L BS dl UR ul D,2,9,44,8,2,9,2
UL L BS ul D dl UR,2,9,44,8,2,12,3
UL L BS ul dl D UR,2,9,44,8,2,14,3
UL L BS ul dl UR D,2,9,44,8,2,13,3
UL L BS ul UR dl D,2,9,44,8,2,13,3
UL L BS UR dl ul D,2,9,44,8,2,11,3
UL L BS UR ul dl D,2,9,44,8,2,13,3
ul L D UL BS UR dl,2,9,44,8,2,14,3
ul L D UL UR BS dl,2,9,44,8,2,14,3
UL L dl BS D ul UR,2,9,44,8,2,10,3
UL L dl BS ul D UR,2,9,44,8,2,12,3
UL L dl BS ul UR D,2,9,44,8,2,13,3
UL L dl BS UR ul D,2,9,44,8,2,11,3
UL L dl ul BS D UR,2,9,44,8,2,14,3
UL L dl ul BS UR D,2,9,44,8,2,15,3
UL L dl ul UR BS D,2,9,44,8,2,13,3
UL L dl UR BS ul D,2,9,44,8,2,13,3
UL L dl UR ul BS D,2,9,44,8,2,13,3
UL L ul BS D dl UR,2,9,44,8,2,14,3
UL L ul BS dl D UR,2,9,44,8,2,14,3
UL L ul BS dl UR D,2,9,44,8,2,13,3
UL L ul BS UR dl D,2,9,44,8,2,15,3
ul L UL D BS UR dl,2,9,44,8,2,14,3
ul L UL D UR BS dl,2,9,44,8,2,14,3
UL L ul dl BS D UR,2,9,44,8,2,12,3
UL L ul dl BS UR D,2,9,44,8,2,13,3
UL L ul dl UR BS D,2,9,44,8,2,13,3
UL L ul UR BS dl D,2,9,44,8,2,13,3
UL L ul UR dl BS D,2,9,44,8,2,11,3
UL L UR BS dl ul D,2,9,44,8,2,11,3
UL L UR BS ul dl D,2,9,44,8,2,15,3
UL L UR dl BS ul D,2,9,44,8,2,11,3
UL L UR dl ul BS D,2,9,44,8,2,13,3
UL L UR ul BS dl D,2,9,44,8,2,13,3
UL L UR ul dl BS D,2,9,44,8,2,11,3
ul UL BS dl L D UR,2,9,44,8,2,14,4
UL ul BS dl L D UR,2,9,44,8,2,16,4
ul UL BS dl L UR D,2,9,44,8,2,15,4
UL ul BS dl L UR D,2,9,44,8,2,17,4
ul UL BS L D dl UR,2,9,44,8,2,14,4
UL ul BS L D dl UR,2,9,44,8,2,16,4
ul UL BS L dl D UR,2,9,44,8,2,16,4
UL ul BS L dl D UR,2,9,44,8,2,18,4
ul UL BS L dl UR D,2,9,44,8,2,15,4
UL ul BS L dl UR D,2,9,44,8,2,17,4
ul UL BS L UR dl D,2,9,44,8,2,15,4
UL ul BS L UR dl D,2,9,44,8,2,17,4
ul UL dl BS L D UR,2,9,44,8,2,14,4
UL ul dl BS L D UR,2,9,44,8,2,14,4
ul UL dl BS L UR D,2,9,44,8,2,15,4
UL ul dl BS L UR D,2,9,44,8,2,15,4
ul UL dl L BS D UR,2,9,44,8,2,16,4
UL ul dl L BS D UR,2,9,44,8,2,16,4
ul UL dl L BS UR D,2,9,44,8,2,17,4
UL ul dl L BS UR D,2,9,44,8,2,17,4
ul UL dl L UR BS D,2,9,44,8,2,17,4
UL ul dl L UR BS D,2,9,44,8,2,17,4
ul UL L BS D dl UR,2,9,44,8,2,14,4
UL ul L BS D dl UR,2,9,44,8,2,16,4
ul UL L BS dl D UR,2,9,44,8,2,14,4
UL ul L BS dl D UR,2,9,44,8,2,16,4
ul UL L BS dl UR D,2,9,44,8,2,13,4
UL ul L BS dl UR D,2,9,44,8,2,15,4
ul UL L BS UR dl D,2,9,44,8,2,15,4
UL ul L BS UR dl D,2,9,44,8,2,17,4
ul UL L dl BS D UR,2,9,44,8,2,14,4
UL ul L dl BS D UR,2,9,44,8,2,16,4
ul UL L dl BS UR D,2,9,44,8,2,15,4
UL ul L dl BS UR D,2,9,44,8,2,17,4
ul UL L dl UR BS D,2,9,44,8,2,15,4
UL ul L dl UR BS D,2,9,44,8,2,17,4
ul UL L UR BS dl D,2,9,44,8,2,15,4
UL ul L UR BS dl D,2,9,44,8,2,17,4
ul UL L UR dl BS D,2,9,44,8,2,13,4
UL ul L UR dl BS D,2,9,44,8,2,15,4
BS D dl UR L ul UL,2,9,45,9,2,17,4
BS D dl UR ul L UL,2,9,45,9,2,13,3
BS D UR dl L ul UL,2,9,45,9,2,17,4
BS D UR dl ul L UL,2,9,45,9,2,13,3
BS D UR L dl ul UL,2,9,45,9,2,17,4
BS D UR L ul dl UL,2,9,45,9,2,15,3
BS D UR ul dl L UL,2,9,45,9,2,13,3
BS D UR ul L dl UL,2,9,45,9,2,15,3
BS dl D UR L ul UL,2,9,45,9,2,17,4
BS dl D UR ul L UL,2,9,45,9,2,13,3
BS dl L ul UR D UL,2,9,45,9,2,15,3
BS dl L ul UR UL D,2,9,45,9,2,14,3
BS dl L UR ul D UL,2,9,45,9,2,13,3
BS dl L UR ul UL D,2,9,45,9,2,16,4
BS dl L UR UL ul D,2,9,45,9,2,14,4
BS dl ul L UR D UL,2,9,45,9,2,15,3
BS dl ul L UR UL D,2,9,45,9,2,14,3
BS dl UR D L ul UL,2,9,45,9,2,15,4
BS dl UR D ul L UL,2,9,45,9,2,11,3
BS dl UR L D ul UL,2,9,45,9,2,13,4
BS L dl ul UR D UL,2,9,45,9,2,15,3
BS L dl ul UR UL D,2,9,45,9,2,14,3
BS L dl UR ul D UL,2,9,45,9,2,13,3
BS L dl UR ul UL D,2,9,45,9,2,16,4
BS L dl UR UL ul D,2,9,45,9,2,14,4
BS L ul dl UR D UL,2,9,45,9,2,15,3
BS L ul dl UR UL D,2,9,45,9,2,14,3
BS L ul UR D dl UL,2,9,45,9,2,15,3
BS L ul UR dl D UL,2,9,45,9,2,15,3
BS L ul UR dl UL D,2,9,45,9,2,14,3
BS L ul UR UL dl D,2,9,45,9,2,14,3
BS L UR dl ul D UL,2,9,45,9,2,13,3
BS L UR dl ul UL D,2,9,45,9,2,16,4
BS L UR dl UL ul D,2,9,45,9,2,14,4
BS L UR ul D dl UL,2,9,45,9,2,13,3
BS L UR ul dl D UL,2,9,45,9,2,15,3
BS L UR ul dl UL D,2,9,45,9,2,14,3
BS L UR UL dl ul D,2,9,45,9,2,12,3
BS L UR ul UL dl D,2,9,45,9,2,16,4
BS L UR UL ul dl D,2,9,45,9,2,16,4
BS ul dl L UR D UL,2,9,45,9,2,17,3
BS ul dl L UR UL D,2,9,45,9,2,16,3
BS ul L dl UR D UL,2,9,45,9,2,17,3
BS ul L dl UR UL D,2,9,45,9,2,16,3
BS ul L UR D dl UL,2,9,45,9,2,17,3
BS ul L UR dl D UL,2,9,45,9,2,17,3
BS ul L UR dl UL D,2,9,45,9,2,16,3
BS ul L UR UL dl D,2,9,45,9,2,16,3
BS UR D dl L ul UL,2,9,45,9,2,19,4
BS UR D dl ul L UL,2,9,45,9,2,15,3
BS UR D L dl ul UL,2,9,45,9,2,17,4
BS UR D L ul dl UL,2,9,45,9,2,15,3
BS UR D ul dl L UL,2,9,45,9,2,13,3
BS UR D ul L dl UL,2,9,45,9,2,15,3
BS UR dl D L ul UL,2,9,45,9,2,17,4
BS UR dl D ul L UL,2,9,45,9,2,13,3
BS UR dl L D ul UL,2,9,45,9,2,15,4
BS UR L D dl ul UL,2,9,45,9,2,17,4
BS UR L D ul dl UL,2,9,45,9,2,13,3
BS UR L dl D ul UL,2,9,45,9,2,17,4
D BS dl UR L ul UL,2,9,45,9,2,15,4
D BS dl UR ul L UL,2,9,45,9,2,11,3
D BS UR dl L ul UL,2,9,45,9,2,17,4
D BS UR dl ul L UL,2,9,45,9,2,13,3
D BS UR L dl ul UL,2,9,45,9,2,17,4
D BS UR L ul dl UL,2,9,45,9,2,15,3
D BS UR ul dl L UL,2,9,45,9,2,13,3
D BS UR ul L dl UL,2,9,45,9,2,15,3
D dl BS UR L ul UL,2,9,45,9,2,17,4
D dl BS UR ul L UL,2,9,45,9,2,13,3
D dl UR BS L ul UL,2,9,45,9,2,17,4
D dl UR BS ul L UL,2,9,45,9,2,15,3
D dl UR L BS ul UL,2,9,45,9,2,17,4
D dl UR L ul BS UL,2,9,45,9,2,15,3
D dl UR ul BS L UL,2,9,45,9,2,13,3
D dl UR ul L BS UL,2,9,45,9,2,13,3
D UR BS dl L ul UL,2,9,45,9,2,17,4
D UR BS dl ul L UL,2,9,45,9,2,13,3
D UR BS L dl ul UL,2,9,45,9,2,17,4
D UR BS L ul dl UL,2,9,45,9,2,15,3
D UR BS ul dl L UL,2,9,45,9,2,15,3
D UR BS ul L dl UL,2,9,45,9,2,17,3
D UR dl BS L ul UL,2,9,45,9,2,15,4
D UR dl BS ul L UL,2,9,45,9,2,13,3
D UR dl L BS ul UL,2,9,45,9,2,17,4
D UR dl L ul BS UL,2,9,45,9,2,15,3
D UR dl ul BS L UL,2,9,45,9,2,13,3
D UR dl ul L BS UL,2,9,45,9,2,13,3
D UR L BS dl ul UL,2,9,45,9,2,15,4
D UR L BS ul dl UL,2,9,45,9,2,15,3
D UR L dl BS ul UL,2,9,45,9,2,17,4
D UR L dl ul BS UL,2,9,45,9,2,15,3
D UR L ul BS dl UL,2,9,45,9,2,15,3
D UR L ul dl BS UL,2,9,45,9,2,13,3
D UR ul BS dl L UL,2,9,45,9,2,13,3
D UR ul BS L dl UL,2,9,45,9,2,15,3
D UR ul dl BS L UL,2,9,45,9,2,11,3
D UR ul dl L BS UL,2,9,45,9,2,13,3
D UR ul L BS dl UL,2,9,45,9,2,13,3
D UR ul L dl BS UL,2,9,45,9,2,13,3
dl BS D UR L ul UL,2,9,45,9,2,16,4
dl BS D UR ul L UL,2,9,45,9,2,12,3
dl BS L ul UR D UL,2,9,45,9,2,14,3
dl BS L ul UR UL D,2,9,45,9,2,13,3
dl BS L UR ul D UL,2,9,45,9,2,12,3
dl BS L UR ul UL D,2,9,45,9,2,15,4
dl BS L UR UL ul D,2,9,45,9,2,13,4
dl BS ul L UR D UL,2,9,45,9,2,16,3
dl BS ul L UR UL D,2,9,45,9,2,15,3
dl BS UR D L ul UL,2,9,45,9,2,16,4
dl BS UR D ul L UL,2,9,45,9,2,12,3
dl BS UR L D ul UL,2,9,45,9,2,14,4
dl D BS UR L ul UL,2,9,45,9,2,18,4
dl D BS UR ul L UL,2,9,45,9,2,14,3
dl D UR BS L ul UL,2,9,45,9,2,18,4
dl D UR BS ul L UL,2,9,45,9,2,16,3
dl D UR L BS ul UL,2,9,45,9,2,18,4
dl D UR L ul BS UL,2,9,45,9,2,16,3
dl D UR ul BS L UL,2,9,45,9,2,14,3
dl D UR ul L BS UL,2,9,45,9,2,14,3
dl L BS ul UR D UL,2,9,45,9,2,16,3
dl L BS ul UR UL D,2,9,45,9,2,15,3
dl L BS UR ul D UL,2,9,45,9,2,14,3
dl L BS UR ul UL D,2,9,45,9,2,17,4
dl L BS UR UL ul D,2,9,45,9,2,15,4
dl L ul BS UR D UL,2,9,45,9,2,18,3
dl L ul BS UR UL D,2,9,45,9,2,17,3
dl L ul UR BS D UL,2,9,45,9,2,16,3
dl L ul UR BS UL D,2,9,45,9,2,15,3
dl L ul UR D BS UL,2,9,45,9,2,14,3
dl L ul UR UL BS D,2,9,45,9,2,13,3
dl L UR BS ul D UL,2,9,45,9,2,16,3
dl L UR BS ul UL D,2,9,45,9,2,19,4
dl L UR BS UL ul D,2,9,45,9,2,15,4
dl L UR ul BS D UL,2,9,45,9,2,16,3
dl L UR ul BS UL D,2,9,45,9,2,15,3
dl L UR UL BS ul D,2,9,45,9,2,13,3
dl L UR ul D BS UL,2,9,45,9,2,12,3
dl L UR ul UL BS D,2,9,45,9,2,15,4
dl L UR UL ul BS D,2,9,45,9,2,17,4
dl ul BS L UR D UL,2,9,45,9,2,16,3
dl ul BS L UR UL D,2,9,45,9,2,15,3
dl ul L BS UR D UL,2,9,45,9,2,16,3
dl ul L BS UR UL D,2,9,45,9,2,15,3
dl ul L UR BS D UL,2,9,45,9,2,16,3
dl ul L UR BS UL D,2,9,45,9,2,15,3
dl ul L UR D BS UL,2,9,45,9,2,14,3
dl ul L UR UL BS D,2,9,45,9,2,13,3
dl UR BS D L ul UL,2,9,45,9,2,16,4
dl UR BS D ul L UL,2,9,45,9,2,12,3
dl UR BS L D ul UL,2,9,45,9,2,14,4
dl UR D BS L ul UL,2,9,45,9,2,16,4
dl UR D BS ul L UL,2,9,45,9,2,14,3
dl UR D L BS ul UL,2,9,45,9,2,16,4
dl UR D L ul BS UL,2,9,45,9,2,14,3
dl UR D ul BS L UL,2,9,45,9,2,12,3
dl UR D ul L BS UL,2,9,45,9,2,12,3
dl UR L BS D ul UL,2,9,45,9,2,14,4
dl UR L D BS ul UL,2,9,45,9,2,16,4
dl UR L D ul BS UL,2,9,45,9,2,12,3
L BS dl ul UR D UL,2,9,45,9,2,13,3
L BS dl ul UR UL D,2,9,45,9,2,12,3
L BS dl UR ul D UL,2,9,45,9,2,11,3
L BS dl UR ul UL D,2,9,45,9,2,14,4
L BS dl UR UL ul D,2,9,45,9,2,12,4
L BS ul dl UR D UL,2,9,45,9,2,15,3
L BS ul dl UR UL D,2,9,45,9,2,14,3
L BS ul UR D dl UL,2,9,45,9,2,15,3
L BS ul UR dl D UL,2,9,45,9,2,15,3
L BS ul UR dl UL D,2,9,45,9,2,14,3
L BS ul UR UL dl D,2,9,45,9,2,14,3
L BS UR dl ul D UL,2,9,45,9,2,13,3
L BS UR dl ul UL D,2,9,45,9,2,16,4
L BS UR dl UL ul D,2,9,45,9,2,14,4
L BS UR ul D dl UL,2,9,45,9,2,13,3
L BS UR ul dl D UL,2,9,45,9,2,15,3
L BS UR ul dl UL D,2,9,45,9,2,14,3
L BS UR UL dl ul D,2,9,45,9,2,12,3
L BS UR ul UL dl D,2,9,45,9,2,16,4
L BS UR UL ul dl D,2,9,45,9,2,16,4
L dl BS ul UR D UL,2,9,45,9,2,15,3
L dl BS ul UR UL D,2,9,45,9,2,14,3
L dl BS UR ul D UL,2,9,45,9,2,13,3
L dl BS UR ul UL D,2,9,45,9,2,16,4
L dl BS UR UL ul D,2,9,45,9,2,14,4
L dl ul BS UR D UL,2,9,45,9,2,17,3
L dl ul BS UR UL D,2,9,45,9,2,16,3
L dl ul UR BS D UL,2,9,45,9,2,15,3
L dl ul UR BS UL D,2,9,45,9,2,14,3
L dl ul UR D BS UL,2,9,45,9,2,13,3
L dl ul UR UL BS D,2,9,45,9,2,12,3
L dl UR BS ul D UL,2,9,45,9,2,15,3
L dl UR BS ul UL D,2,9,45,9,2,18,4
L dl UR BS UL ul D,2,9,45,9,2,14,4
L dl UR ul BS D UL,2,9,45,9,2,15,3
L dl UR ul BS UL D,2,9,45,9,2,14,3
L dl UR UL BS ul D,2,9,45,9,2,12,3
L dl UR ul D BS UL,2,9,45,9,2,11,3
L dl UR ul UL BS D,2,9,45,9,2,14,4
L dl UR UL ul BS D,2,9,45,9,2,16,4
L ul BS dl UR D UL,2,9,45,9,2,15,3
L ul BS dl UR UL D,2,9,45,9,2,14,3
L ul BS UR D dl UL,2,9,45,9,2,17,3
L ul BS UR dl D UL,2,9,45,9,2,17,3
L ul BS UR dl UL D,2,9,45,9,2,16,3
L ul BS UR UL dl D,2,9,45,9,2,16,3
L ul dl BS UR D UL,2,9,45,9,2,15,3
L ul dl BS UR UL D,2,9,45,9,2,14,3
L ul dl UR BS D UL,2,9,45,9,2,15,3
L ul dl UR BS UL D,2,9,45,9,2,14,3
L ul dl UR D BS UL,2,9,45,9,2,13,3
L ul dl UR UL BS D,2,9,45,9,2,12,3
L ul UR BS D dl UL,2,9,45,9,2,15,3
L ul UR BS dl D UL,2,9,45,9,2,15,3
L ul UR BS dl UL D,2,9,45,9,2,14,3
L ul UR BS UL dl D,2,9,45,9,2,14,3
L ul UR D BS dl UL,2,9,45,9,2,13,3
L ul UR D dl BS UL,2,9,45,9,2,13,3
L ul UR dl BS D UL,2,9,45,9,2,13,3
L ul UR dl BS UL D,2,9,45,9,2,12,3
L ul UR dl D BS UL,2,9,45,9,2,13,3
L ul UR dl UL BS D,2,9,45,9,2,12,3
L ul UR UL BS dl D,2,9,45,9,2,12,3
L ul UR UL dl BS D,2,9,45,9,2,12,3
L UR BS dl ul D UL,2,9,45,9,2,13,3
L UR BS dl ul UL D,2,9,45,9,2,16,4
L UR BS dl UL ul D,2,9,45,9,2,14,4
L UR BS ul D dl UL,2,9,45,9,2,15,3
L UR BS ul dl D UL,2,9,45,9,2,17,3
L UR BS ul dl UL D,2,9,45,9,2,16,3
L UR BS UL dl ul D,2,9,45,9,2,12,3
L UR BS ul UL dl D,2,9,45,9,2,18,4
L UR BS UL ul dl D,2,9,45,9,2,16,4
L UR dl BS ul D UL,2,9,45,9,2,13,3
L UR dl BS ul UL D,2,9,45,9,2,16,4
L UR dl BS UL ul D,2,9,45,9,2,12,4
L UR dl ul BS D UL,2,9,45,9,2,15,3
L UR dl ul BS UL D,2,9,45,9,2,14,3
L UR dl UL BS ul D,2,9,45,9,2,12,3
L UR dl ul D BS UL,2,9,45,9,2,11,3
L UR dl ul UL BS D,2,9,45,9,2,14,4
L UR dl UL ul BS D,2,9,45,9,2,16,4
L UR ul BS D dl UL,2,9,45,9,2,15,3
L UR ul BS dl D UL,2,9,45,9,2,15,3
L UR ul BS dl UL D,2,9,45,9,2,14,3
L UR UL BS dl ul D,2,9,45,9,2,10,3
L UR ul BS UL dl D,2,9,45,9,2,14,3
L UR UL BS ul dl D,2,9,45,9,2,14,3
L UR ul D BS dl UL,2,9,45,9,2,11,3
L UR ul D dl BS UL,2,9,45,9,2,11,3
L UR ul dl BS D UL,2,9,45,9,2,13,3
L UR ul dl BS UL D,2,9,45,9,2,12,3
L UR UL dl BS ul D,2,9,45,9,2,12,3
L UR ul dl D BS UL,2,9,45,9,2,13,3
L UR ul dl UL BS D,2,9,45,9,2,12,3
L UR UL dl ul BS D,2,9,45,9,2,14,3
L UR ul UL BS dl D,2,9,45,9,2,14,4
L UR UL ul BS dl D,2,9,45,9,2,16,4
L UR ul UL dl BS D,2,9,45,9,2,14,4
L UR UL ul dl BS D,2,9,45,9,2,14,4
ul BS dl L UR D UL,2,9,45,9,2,16,3
ul BS dl L UR UL D,2,9,45,9,2,15,3
ul BS L dl UR D UL,2,9,45,9,2,16,3
ul BS L dl UR UL D,2,9,45,9,2,15,3
ul BS L UR D dl UL,2,9,45,9,2,16,3
ul BS L UR dl D UL,2,9,45,9,2,16,3
ul BS L UR dl UL D,2,9,45,9,2,15,3
ul BS L UR UL dl D,2,9,45,9,2,15,3
ul dl BS L UR D UL,2,9,45,9,2,14,3
ul dl BS L UR UL D,2,9,45,9,2,13,3
ul dl L BS UR D UL,2,9,45,9,2,16,3
ul dl L BS UR UL D,2,9,45,9,2,15,3
ul dl L UR BS D UL,2,9,45,9,2,16,3
ul dl L UR BS UL D,2,9,45,9,2,15,3
ul dl L UR D BS UL,2,9,45,9,2,14,3
ul dl L UR UL BS D,2,9,45,9,2,13,3
ul L BS dl UR D UL,2,9,45,9,2,14,3
ul L BS dl UR UL D,2,9,45,9,2,13,3
ul L BS UR D dl UL,2,9,45,9,2,16,3
ul L BS UR dl D UL,2,9,45,9,2,16,3
ul L BS UR dl UL D,2,9,45,9,2,15,3
ul L BS UR UL dl D,2,9,45,9,2,15,3
ul L dl BS UR D UL,2,9,45,9,2,16,3
ul L dl BS UR UL D,2,9,45,9,2,15,3
ul L dl UR BS D UL,2,9,45,9,2,16,3
ul L dl UR BS UL D,2,9,45,9,2,15,3
ul L dl UR D BS UL,2,9,45,9,2,14,3
ul L dl UR UL BS D,2,9,45,9,2,13,3
ul L UR BS D dl UL,2,9,45,9,2,16,3
ul L UR BS dl D UL,2,9,45,9,2,16,3
ul L UR BS dl UL D,2,9,45,9,2,15,3
ul L UR BS UL dl D,2,9,45,9,2,15,3
ul L UR D BS dl UL,2,9,45,9,2,14,3
ul L UR D dl BS UL,2,9,45,9,2,14,3
ul L UR dl BS D UL,2,9,45,9,2,14,3
ul L UR dl BS UL D,2,9,45,9,2,13,3
ul L UR dl D BS UL,2,9,45,9,2,14,3
ul L UR dl UL BS D,2,9,45,9,2,13,3
ul L UR UL BS dl D,2,9,45,9,2,13,3
ul L UR UL dl BS D,2,9,45,9,2,13,3
UR BS D dl L ul UL,2,9,45,9,2,18,4
UR BS D dl ul L UL,2,9,45,9,2,14,3
UR BS D L dl ul UL,2,9,45,9,2,16,4
UR BS D L ul dl UL,2,9,45,9,2,14,3
UR BS D ul dl L UL,2,9,45,9,2,12,3
UR BS D ul L dl UL,2,9,45,9,2,14,3
UR BS dl D L ul UL,2,9,45,9,2,16,4
UR BS dl D ul L UL,2,9,45,9,2,12,3
UR BS dl L D ul UL,2,9,45,9,2,14,4
UR BS L D dl ul UL,2,9,45,9,2,16,4
UR BS L D ul dl UL,2,9,45,9,2,12,3
UR BS L dl D ul UL,2,9,45,9,2,16,4
UR D BS dl L ul UL,2,9,45,9,2,16,4
UR D BS dl ul L UL,2,9,45,9,2,12,3
UR D BS L dl ul UL,2,9,45,9,2,16,4
UR D BS L ul dl UL,2,9,45,9,2,14,3
UR D BS ul dl L UL,2,9,45,9,2,14,3
UR D BS ul L dl UL,2,9,45,9,2,16,3
UR D dl BS L ul UL,2,9,45,9,2,16,4
UR D dl BS ul L UL,2,9,45,9,2,14,3
UR D dl L BS ul UL,2,9,45,9,2,18,4
UR D dl L ul BS UL,2,9,45,9,2,16,3
UR D dl ul BS L UL,2,9,45,9,2,14,3
UR D dl ul L BS UL,2,9,45,9,2,14,3
UR D L BS dl ul UL,2,9,45,9,2,14,4
UR D L BS ul dl UL,2,9,45,9,2,14,3
UR D L dl BS ul UL,2,9,45,9,2,16,4
UR D L dl ul BS UL,2,9,45,9,2,14,3
UR D L ul BS dl UL,2,9,45,9,2,14,3
UR D L ul dl BS UL,2,9,45,9,2,12,3
UR D ul BS dl L UL,2,9,45,9,2,12,3
UR D ul BS L dl UL,2,9,45,9,2,14,3
UR D ul dl BS L UL,2,9,45,9,2,10,3
UR D ul dl L BS UL,2,9,45,9,2,12,3
UR D ul L BS dl UL,2,9,45,9,2,12,3
UR D ul L dl BS UL,2,9,45,9,2,12,3
UR dl BS D L ul UL,2,9,45,9,2,14,4
UR dl BS D ul L UL,2,9,45,9,2,10,3
UR dl BS L D ul UL,2,9,45,9,2,12,4
UR dl D BS L ul UL,2,9,45,9,2,16,4
UR dl D BS ul L UL,2,9,45,9,2,14,3
UR dl D L BS ul UL,2,9,45,9,2,16,4
UR dl D L ul BS UL,2,9,45,9,2,14,3
UR dl D ul BS L UL,2,9,45,9,2,12,3
UR dl D ul L BS UL,2,9,45,9,2,12,3
UR dl L BS D ul UL,2,9,45,9,2,14,4
UR dl L D BS ul UL,2,9,45,9,2,16,4
UR dl L D ul BS UL,2,9,45,9,2,12,3
UR L BS D dl ul UL,2,9,45,9,2,16,4
UR L BS D ul dl UL,2,9,45,9,2,12,3
UR L BS dl D ul UL,2,9,45,9,2,14,4
UR L D BS dl ul UL,2,9,45,9,2,14,4
UR L D BS ul dl UL,2,9,45,9,2,14,3
UR L D dl BS ul UL,2,9,45,9,2,16,4
UR L D dl ul BS UL,2,9,45,9,2,14,3
UR L D ul BS dl UL,2,9,45,9,2,12,3
UR L D ul dl BS UL,2,9,45,9,2,10,3
UR L dl BS D ul UL,2,9,45,9,2,14,4
UR L dl D BS ul UL,2,9,45,9,2,18,4
UR L dl D ul BS UL,2,9,45,9,2,14,3
BS D dl UL L ul UR,2,9,46,8,2,13,3
BS D dl ul UL L UR,2,9,46,8,2,15,4
BS D dl UL ul L UR,2,9,46,8,2,17,4
BS D dl ul UL UR L,2,9,46,8,2,16,4
BS D dl UL ul UR L,2,9,46,8,2,16,4
BS D dl UL UR ul L,2,9,46,8,2,14,3
BS D UL dl L ul UR,2,9,46,8,2,15,3
BS D ul dl UL L UR,2,9,46,8,2,11,3
BS D UL dl ul L UR,2,9,46,8,2,15,3
BS D ul dl UL UR L,2,9,46,8,2,12,3
BS D UL dl ul UR L,2,9,46,8,2,14,3
BS D UL dl UR ul L,2,9,46,8,2,14,3
BS D UL L dl ul UR,2,9,46,8,2,13,3
BS D UL L ul dl UR,2,9,46,8,2,13,3
BS D ul UL dl L UR,2,9,46,8,2,15,4
BS D UL ul dl L UR,2,9,46,8,2,17,4
BS D ul UL dl UR L,2,9,46,8,2,14,4
BS D UL ul dl UR L,2,9,46,8,2,16,4
BS D ul UL L dl UR,2,9,46,8,2,13,4
BS D UL ul L dl UR,2,9,46,8,2,17,4
BS D ul UL UR dl L,2,9,46,8,2,14,4
BS D UL ul UR dl L,2,9,46,8,2,16,4
BS D ul UR UL dl L,2,9,46,8,2,12,3
BS dl D UL L ul UR,2,9,46,8,2,13,3
BS dl D ul UL L UR,2,9,46,8,2,13,4
BS dl D UL ul L UR,2,9,46,8,2,17,4
BS dl D ul UL UR L,2,9,46,8,2,14,4
BS dl D UL ul UR L,2,9,46,8,2,16,4
BS dl D UL UR ul L,2,9,46,8,2,14,3
BS dl UL D L ul UR,2,9,46,8,2,13,3
BS dl ul D UL L UR,2,9,46,8,2,11,3
BS dl UL D ul L UR,2,9,46,8,2,13,3
BS dl ul D UL UR L,2,9,46,8,2,12,3
BS dl UL D ul UR L,2,9,46,8,2,12,3
BS dl UL D UR ul L,2,9,46,8,2,14,3
BS dl ul UL D L UR,2,9,46,8,2,15,4
BS dl UL ul D L UR,2,9,46,8,2,13,4
BS dl ul UL D UR L,2,9,46,8,2,16,4
BS dl UL ul D UR L,2,9,46,8,2,14,4
BS dl UL UR D ul L,2,9,46,8,2,12,3
BS UL D dl L ul UR,2,9,46,8,2,15,3
BS ul D dl UL L UR,2,9,46,8,2,13,3
BS UL D dl ul L UR,2,9,46,8,2,15,3
BS ul D dl UL UR L,2,9,46,8,2,14,3
BS UL D dl ul UR L,2,9,46,8,2,14,3
BS UL D dl UR ul L,2,9,46,8,2,14,3
BS UL D L dl ul UR,2,9,46,8,2,13,3
BS UL D L ul dl UR,2,9,46,8,2,13,3
BS ul D UL dl L UR,2,9,46,8,2,15,3
BS UL D ul dl L UR,2,9,46,8,2,13,3
BS ul D UL dl UR L,2,9,46,8,2,14,3
BS UL D ul dl UR L,2,9,46,8,2,12,3
BS ul D UL L dl UR,2,9,46,8,2,13,3
BS UL D ul L dl UR,2,9,46,8,2,13,3
BS ul D UL UR dl L,2,9,46,8,2,14,3
BS UL D ul UR dl L,2,9,46,8,2,12,3
BS ul D UR UL dl L,2,9,46,8,2,14,3
BS UL dl D L ul UR,2,9,46,8,2,13,3
BS ul dl D UL L UR,2,9,46,8,2,15,3
BS UL dl D ul L UR,2,9,46,8,2,13,3
BS ul dl D UL UR L,2,9,46,8,2,16,3
BS UL dl D ul UR L,2,9,46,8,2,12,3
BS UL dl D UR ul L,2,9,46,8,2,14,3
BS ul dl UL D L UR,2,9,46,8,2,15,3
BS UL dl ul D L UR,2,9,46,8,2,11,3
BS ul dl UL D UR L,2,9,46,8,2,16,3
BS UL dl ul D UR L,2,9,46,8,2,12,3
BS UL dl UR D ul L,2,9,46,8,2,12,3
BS ul UL D dl L UR,2,9,46,8,2,19,4
BS UL ul D dl L UR,2,9,46,8,2,15,4
BS ul UL D dl UR L,2,9,46,8,2,18,4
BS UL ul D dl UR L,2,9,46,8,2,14,4
BS ul UL D L dl UR,2,9,46,8,2,17,4
BS UL ul D L dl UR,2,9,46,8,2,13,4
BS ul UL D UR dl L,2,9,46,8,2,18,4
BS UL ul D UR dl L,2,9,46,8,2,14,4
BS ul UL dl D L UR,2,9,46,8,2,17,4
BS UL ul dl D L UR,2,9,46,8,2,15,4
BS ul UL dl D UR L,2,9,46,8,2,18,4
BS UL ul dl D UR L,2,9,46,8,2,16,4
D BS dl UL L ul UR,2,9,46,8,2,11,3
D BS dl ul UL L UR,2,9,46,8,2,13,4
D BS dl UL ul L UR,2,9,46,8,2,15,4
D BS dl ul UL UR L,2,9,46,8,2,14,4
D BS dl UL ul UR L,2,9,46,8,2,14,4
D BS dl UL UR ul L,2,9,46,8,2,12,3
D BS UL dl L ul UR,2,9,46,8,2,13,3
D BS ul dl UL L UR,2,9,46,8,2,13,3
D BS UL dl ul L UR,2,9,46,8,2,13,3
D BS ul dl UL UR L,2,9,46,8,2,14,3
D BS UL dl ul UR L,2,9,46,8,2,12,3
D BS UL dl UR ul L,2,9,46,8,2,12,3
D BS UL L dl ul UR,2,9,46,8,2,11,3
D BS UL L ul dl UR,2,9,46,8,2,11,3
D BS ul UL dl L UR,2,9,46,8,2,17,4
D BS UL ul dl L UR,2,9,46,8,2,15,4
D BS ul UL dl UR L,2,9,46,8,2,16,4
D BS UL ul dl UR L,2,9,46,8,2,14,4
D BS ul UL L dl UR,2,9,46,8,2,15,4
D BS UL ul L dl UR,2,9,46,8,2,15,4
D BS ul UL UR dl L,2,9,46,8,2,16,4
D BS UL ul UR dl L,2,9,46,8,2,14,4
D BS ul UR UL dl L,2,9,46,8,2,14,3
D dl BS UL L ul UR,2,9,46,8,2,11,3
D dl BS ul UL L UR,2,9,46,8,2,15,4
D dl BS UL ul L UR,2,9,46,8,2,15,4
D dl BS ul UL UR L,2,9,46,8,2,16,4
D dl BS UL ul UR L,2,9,46,8,2,14,4
D dl BS UL UR ul L,2,9,46,8,2,12,3
D dl UL BS L ul UR,2,9,46,8,2,13,3
D dl ul BS UL L UR,2,9,46,8,2,13,3
D dl UL BS ul L UR,2,9,46,8,2,15,3
D dl ul BS UL UR L,2,9,46,8,2,14,3
D dl UL BS ul UR L,2,9,46,8,2,14,3
D dl UL BS UR ul L,2,9,46,8,2,14,3
D dl ul UL BS L UR,2,9,46,8,2,15,4
D dl UL ul BS L UR,2,9,46,8,2,17,4
D dl ul UL BS UR L,2,9,46,8,2,16,4
D dl UL ul BS UR L,2,9,46,8,2,18,4
D dl ul UL UR BS L,2,9,46,8,2,16,4
D dl UL ul UR BS L,2,9,46,8,2,16,4
D dl ul UR UL BS L,2,9,46,8,2,12,3
D UL BS dl L ul UR,2,9,46,8,2,13,3
D ul BS dl UL L UR,2,9,46,8,2,11,3
D UL BS dl ul L UR,2,9,46,8,2,13,3
D ul BS dl UL UR L,2,9,46,8,2,12,3
D UL BS dl ul UR L,2,9,46,8,2,12,3
D UL BS dl UR ul L,2,9,46,8,2,12,3
D UL BS L dl ul UR,2,9,46,8,2,13,3
D UL BS L ul dl UR,2,9,46,8,2,13,3
D ul BS UL dl L UR,2,9,46,8,2,13,3
D UL BS ul dl L UR,2,9,46,8,2,15,3
D ul BS UL dl UR L,2,9,46,8,2,12,3
D UL BS ul dl UR L,2,9,46,8,2,14,3
D ul BS UL L dl UR,2,9,46,8,2,11,3
D UL BS ul L dl UR,2,9,46,8,2,15,3
D ul BS UL UR dl L,2,9,46,8,2,12,3
D UL BS ul UR dl L,2,9,46,8,2,14,3
D ul BS UR UL dl L,2,9,46,8,2,14,3
D UL dl BS L ul UR,2,9,46,8,2,13,3
D ul dl BS UL L UR,2,9,46,8,2,9,3
D UL dl BS ul L UR,2,9,46,8,2,15,3
D ul dl BS UL UR L,2,9,46,8,2,10,3
D UL dl BS ul UR L,2,9,46,8,2,14,3
D UL dl BS UR ul L,2,9,46,8,2,14,3
D ul dl UL BS L UR,2,9,46,8,2,11,3
D UL dl ul BS L UR,2,9,46,8,2,15,3
D ul dl UL BS UR L,2,9,46,8,2,12,3
D UL dl ul BS UR L,2,9,46,8,2,16,3
D ul dl UL UR BS L,2,9,46,8,2,12,3
D UL dl ul UR BS L,2,9,46,8,2,14,3
D ul dl UR UL BS L,2,9,46,8,2,10,2
D ul UL BS dl L UR,2,9,46,8,2,13,4
D UL ul BS dl L UR,2,9,46,8,2,17,4
D ul UL BS dl UR L,2,9,46,8,2,12,4
D UL ul BS dl UR L,2,9,46,8,2,16,4
D ul UL BS L dl UR,2,9,46,8,2,13,4
D UL ul BS L dl UR,2,9,46,8,2,17,4
D ul UL BS UR dl L,2,9,46,8,2,14,4
D UL ul BS UR dl L,2,9,46,8,2,18,4
D ul UL dl BS L UR,2,9,46,8,2,13,4
D UL ul dl BS L UR,2,9,46,8,2,15,4
D ul UL dl BS UR L,2,9,46,8,2,14,4
D UL ul dl BS UR L,2,9,46,8,2,16,4
D ul UL dl UR BS L,2,9,46,8,2,14,4
D UL ul dl UR BS L,2,9,46,8,2,16,4
D ul UL UR BS dl L,2,9,46,8,2,14,4
D UL ul UR BS dl L,2,9,46,8,2,16,4
D ul UL UR dl BS L,2,9,46,8,2,12,4
D UL ul UR dl BS L,2,9,46,8,2,14,4
D ul UR BS UL dl L,2,9,46,8,2,12,3
D ul UR dl UL BS L,2,9,46,8,2,10,2
D ul UR UL BS dl L,2,9,46,8,2,10,3
D ul UR UL dl BS L,2,9,46,8,2,10,2
dl BS D UL L ul UR,2,9,46,8,2,12,3
dl BS D ul UL L UR,2,9,46,8,2,12,4
dl BS D UL ul L UR,2,9,46,8,2,16,4
dl BS D ul UL UR L,2,9,46,8,2,13,4
dl BS D UL ul UR L,2,9,46,8,2,15,4
dl BS D UL UR ul L,2,9,46,8,2,13,3
dl BS UL D L ul UR,2,9,46,8,2,12,3
dl BS ul D UL L UR,2,9,46,8,2,12,3
dl BS UL D ul L UR,2,9,46,8,2,12,3
dl BS ul D UL UR L,2,9,46,8,2,13,3
dl BS UL D ul UR L,2,9,46,8,2,11,3
dl BS UL D UR ul L,2,9,46,8,2,13,3
dl BS ul UL D L UR,2,9,46,8,2,16,4
dl BS UL ul D L UR,2,9,46,8,2,12,4
dl BS ul UL D UR L,2,9,46,8,2,17,4
dl BS UL ul D UR L,2,9,46,8,2,13,4
dl BS UL UR D ul L,2,9,46,8,2,11,3
dl D BS UL L ul UR,2,9,46,8,2,12,3
dl D BS ul UL L UR,2,9,46,8,2,16,4
dl D BS UL ul L UR,2,9,46,8,2,16,4
dl D BS ul UL UR L,2,9,46,8,2,17,4
dl D BS UL ul UR L,2,9,46,8,2,15,4
dl D BS UL UR ul L,2,9,46,8,2,13,3
dl D UL BS L ul UR,2,9,46,8,2,14,3
dl D ul BS UL L UR,2,9,46,8,2,12,3
dl D UL BS ul L UR,2,9,46,8,2,16,3
dl D ul BS UL UR L,2,9,46,8,2,13,3
dl D UL BS ul UR L,2,9,46,8,2,15,3
dl D UL BS UR ul L,2,9,46,8,2,15,3
dl D ul UL BS L UR,2,9,46,8,2,14,4
dl D UL ul BS L UR,2,9,46,8,2,18,4
dl D ul UL BS UR L,2,9,46,8,2,15,4
dl D UL ul BS UR L,2,9,46,8,2,19,4
dl D ul UL UR BS L,2,9,46,8,2,15,4
dl D UL ul UR BS L,2,9,46,8,2,17,4
dl D ul UR UL BS L,2,9,46,8,2,11,3
dl UL BS D L ul UR,2,9,46,8,2,12,3
dl ul BS D UL L UR,2,9,46,8,2,14,3
dl UL BS D ul L UR,2,9,46,8,2,12,3
dl ul BS D UL UR L,2,9,46,8,2,15,3
dl UL BS D ul UR L,2,9,46,8,2,11,3
dl UL BS D UR ul L,2,9,46,8,2,13,3
dl ul BS UL D L UR,2,9,46,8,2,14,3
dl UL BS ul D L UR,2,9,46,8,2,12,3
dl ul BS UL D UR L,2,9,46,8,2,15,3
dl UL BS ul D UR L,2,9,46,8,2,13,3
dl UL BS UR D ul L,2,9,46,8,2,13,3
dl UL D BS L ul UR,2,9,46,8,2,14,3
dl ul D BS UL L UR,2,9,46,8,2,10,3
dl UL D BS ul L UR,2,9,46,8,2,16,3
dl ul D BS UL UR L,2,9,46,8,2,11,3
dl UL D BS ul UR L,2,9,46,8,2,15,3
dl UL D BS UR ul L,2,9,46,8,2,15,3
dl ul D UL BS L UR,2,9,46,8,2,12,3
dl UL D ul BS L UR,2,9,46,8,2,14,3
dl ul D UL BS UR L,2,9,46,8,2,13,3
dl UL D ul BS UR L,2,9,46,8,2,15,3
dl ul D UL UR BS L,2,9,46,8,2,13,3
dl UL D ul UR BS L,2,9,46,8,2,13,3
dl ul D UR UL BS L,2,9,46,8,2,11,3
dl ul UL BS D L UR,2,9,46,8,2,14,4
dl UL ul BS D L UR,2,9,46,8,2,16,4
dl ul UL BS D UR L,2,9,46,8,2,15,4
dl UL ul BS D UR L,2,9,46,8,2,17,4
dl ul UL D BS L UR,2,9,46,8,2,16,4
dl UL ul D BS L UR,2,9,46,8,2,14,4
dl ul UL D BS UR L,2,9,46,8,2,17,4
dl UL ul D BS UR L,2,9,46,8,2,15,4
dl ul UL D UR BS L,2,9,46,8,2,17,4
dl UL ul D UR BS L,2,9,46,8,2,15,4
UL BS D dl L ul UR,2,9,46,8,2,14,3
ul BS D dl UL L UR,2,9,46,8,2,14,3
UL BS D dl ul L UR,2,9,46,8,2,14,3
ul BS D dl UL UR L,2,9,46,8,2,15,3
UL BS D dl ul UR L,2,9,46,8,2,13,3
UL BS D dl UR ul L,2,9,46,8,2,13,3
UL BS D L dl ul UR,2,9,46,8,2,12,3
UL BS D L ul dl UR,2,9,46,8,2,12,3
ul BS D UL dl L UR,2,9,46,8,2,16,3
UL BS D ul dl L UR,2,9,46,8,2,12,3
ul BS D UL dl UR L,2,9,46,8,2,15,3
UL BS D ul dl UR L,2,9,46,8,2,11,3
ul BS D UL L dl UR,2,9,46,8,2,14,3
UL BS D ul L dl UR,2,9,46,8,2,12,3
ul BS D UL UR dl L,2,9,46,8,2,15,3
UL BS D ul UR dl L,2,9,46,8,2,11,3
ul BS D UR UL dl L,2,9,46,8,2,15,3
UL BS dl D L ul UR,2,9,46,8,2,12,3
ul BS dl D UL L UR,2,9,46,8,2,14,3
UL BS dl D ul L UR,2,9,46,8,2,12,3
ul BS dl D UL UR L,2,9,46,8,2,15,3
UL BS dl D ul UR L,2,9,46,8,2,11,3
UL BS dl D UR ul L,2,9,46,8,2,13,3
ul BS dl UL D L UR,2,9,46,8,2,14,3
UL BS dl ul D L UR,2,9,46,8,2,10,3
ul BS dl UL D UR L,2,9,46,8,2,15,3
UL BS dl ul D UR L,2,9,46,8,2,11,3
UL BS dl UR D ul L,2,9,46,8,2,11,3
ul BS UL D dl L UR,2,9,46,8,2,16,3
UL BS ul D dl L UR,2,9,46,8,2,14,3
ul BS UL D dl UR L,2,9,46,8,2,15,3
UL BS ul D dl UR L,2,9,46,8,2,13,3
ul BS UL D L dl UR,2,9,46,8,2,14,3
UL BS ul D L dl UR,2,9,46,8,2,12,3
ul BS UL D UR dl L,2,9,46,8,2,15,3
UL BS ul D UR dl L,2,9,46,8,2,13,3
ul BS UL dl D L UR,2,9,46,8,2,14,3
UL BS ul dl D L UR,2,9,46,8,2,14,3
ul BS UL dl D UR L,2,9,46,8,2,15,3
UL BS ul dl D UR L,2,9,46,8,2,15,3
UL D BS dl L ul UR,2,9,46,8,2,14,3
ul D BS dl UL L UR,2,9,46,8,2,10,3
UL D BS dl ul L UR,2,9,46,8,2,14,3
ul D BS dl UL UR L,2,9,46,8,2,11,3
UL D BS dl ul UR L,2,9,46,8,2,13,3
UL D BS dl UR ul L,2,9,46,8,2,13,3
UL D BS L dl ul UR,2,9,46,8,2,14,3
UL D BS L ul dl UR,2,9,46,8,2,14,3
ul D BS UL dl L UR,2,9,46,8,2,12,3
UL D BS ul dl L UR,2,9,46,8,2,16,3
ul D BS UL dl UR L,2,9,46,8,2,11,3
UL D BS ul dl UR L,2,9,46,8,2,15,3
ul D BS UL L dl UR,2,9,46,8,2,10,3
UL D BS ul L dl UR,2,9,46,8,2,16,3
ul D BS UL UR dl L,2,9,46,8,2,11,3
UL D BS ul UR dl L,2,9,46,8,2,15,3
ul D BS UR UL dl L,2,9,46,8,2,13,3
UL D dl BS L ul UR,2,9,46,8,2,14,3
ul D dl BS UL L UR,2,9,46,8,2,10,3
UL D dl BS ul L UR,2,9,46,8,2,16,3
ul D dl BS UL UR L,2,9,46,8,2,11,3
UL D dl BS ul UR L,2,9,46,8,2,15,3
UL D dl BS UR ul L,2,9,46,8,2,15,3
ul D dl UL BS L UR,2,9,46,8,2,12,3
UL D dl ul BS L UR,2,9,46,8,2,16,3
ul D dl UL BS UR L,2,9,46,8,2,13,3
UL D dl ul BS UR L,2,9,46,8,2,17,3
ul D dl UL UR BS L,2,9,46,8,2,13,3
UL D dl ul UR BS L,2,9,46,8,2,15,3
ul D dl UR UL BS L,2,9,46,8,2,11,3
ul D UL BS dl L UR,2,9,46,8,2,12,3
UL D ul BS dl L UR,2,9,46,8,2,14,3
ul D UL BS dl UR L,2,9,46,8,2,11,3
UL D ul BS dl UR L,2,9,46,8,2,13,3
ul D UL BS L dl UR,2,9,46,8,2,12,3
UL D ul BS L dl UR,2,9,46,8,2,14,3
ul D UL BS UR dl L,2,9,46,8,2,13,3
UL D ul BS UR dl L,2,9,46,8,2,15,3
ul D UL dl BS L UR,2,9,46,8,2,12,3
UL D ul dl BS L UR,2,9,46,8,2,12,3
ul D UL dl BS UR L,2,9,46,8,2,13,3
UL D ul dl BS UR L,2,9,46,8,2,13,3
ul D UL dl UR BS L,2,9,46,8,2,13,3
UL D ul dl UR BS L,2,9,46,8,2,13,3
ul D UL UR BS dl L,2,9,46,8,2,13,3
UL D ul UR BS dl L,2,9,46,8,2,13,3
ul D UL UR dl BS L,2,9,46,8,2,11,3
UL D ul UR dl BS L,2,9,46,8,2,11,3
ul D UR BS UL dl L,2,9,46,8,2,13,3
ul D UR dl UL BS L,2,9,46,8,2,11,3
ul D UR UL BS dl L,2,9,46,8,2,11,3
ul D UR UL dl BS L,2,9,46,8,2,11,3
UL dl BS D L ul UR,2,9,46,8,2,12,3
ul dl BS D UL L UR,2,9,46,8,2,12,3
UL dl BS D ul L UR,2,9,46,8,2,12,3
ul dl BS D UL UR L,2,9,46,8,2,13,3
UL dl BS D ul UR L,2,9,46,8,2,11,3
UL dl BS D UR ul L,2,9,46,8,2,13,3
ul dl BS UL D L UR,2,9,46,8,2,12,3
UL dl BS ul D L UR,2,9,46,8,2,12,3
ul dl BS UL D UR L,2,9,46,8,2,13,3
UL dl BS ul D UR L,2,9,46,8,2,13,3
UL dl BS UR D ul L,2,9,46,8,2,13,3
UL dl D BS L ul UR,2,9,46,8,2,14,3
ul dl D BS UL L UR,2,9,46,8,2,12,3
UL dl D BS ul L UR,2,9,46,8,2,16,3
ul dl D BS UL UR L,2,9,46,8,2,13,3
UL dl D BS ul UR L,2,9,46,8,2,15,3
UL dl D BS UR ul L,2,9,46,8,2,15,3
ul dl D UL BS L UR,2,9,46,8,2,14,3
UL dl D ul BS L UR,2,9,46,8,2,14,3
ul dl D UL BS UR L,2,9,46,8,2,15,3
UL dl D ul BS UR L,2,9,46,8,2,15,3
ul dl D UL UR BS L,2,9,46,8,2,15,3
UL dl D ul UR BS L,2,9,46,8,2,13,3
ul dl D UR UL BS L,2,9,46,8,2,13,3
ul dl UL BS D L UR,2,9,46,8,2,12,3
UL dl ul BS D L UR,2,9,46,8,2,14,3
ul dl UL BS D UR L,2,9,46,8,2,13,3
UL dl ul BS D UR L,2,9,46,8,2,15,3
ul dl UL D BS L UR,2,9,46,8,2,14,3
UL dl ul D BS L UR,2,9,46,8,2,12,3
ul dl UL D BS UR L,2,9,46,8,2,15,3
UL dl ul D BS UR L,2,9,46,8,2,13,3
ul dl UL D UR BS L,2,9,46,8,2,15,3
UL dl ul D UR BS L,2,9,46,8,2,13,3
ul UL BS D dl L UR,2,9,46,8,2,16,4
UL ul BS D dl L UR,2,9,46,8,2,18,4
ul UL BS D dl UR L,2,9,46,8,2,15,4
UL ul BS D dl UR L,2,9,46,8,2,17,4
ul UL BS D L dl UR,2,9,46,8,2,14,4
UL ul BS D L dl UR,2,9,46,8,2,16,4
ul UL BS D UR dl L,2,9,46,8,2,15,4
UL ul BS D UR dl L,2,9,46,8,2,17,4
ul UL BS dl D L UR,2,9,46,8,2,14,4
UL ul BS dl D L UR,2,9,46,8,2,16,4
ul UL BS dl D UR L,2,9,46,8,2,15,4
UL ul BS dl D UR L,2,9,46,8,2,17,4
ul UL D BS dl L UR,2,9,46,8,2,16,4
UL ul D BS dl L UR,2,9,46,8,2,14,4
ul UL D BS dl UR L,2,9,46,8,2,15,4
UL ul D BS dl UR L,2,9,46,8,2,13,4
ul UL D BS L dl UR,2,9,46,8,2,16,4
UL ul D BS L dl UR,2,9,46,8,2,14,4
ul UL D BS UR dl L,2,9,46,8,2,17,4
UL ul D BS UR dl L,2,9,46,8,2,15,4
ul UL D dl BS L UR,2,9,46,8,2,16,4
UL ul D dl BS L UR,2,9,46,8,2,14,4
ul UL D dl BS UR L,2,9,46,8,2,17,4
UL ul D dl BS UR L,2,9,46,8,2,15,4
ul UL D dl UR BS L,2,9,46,8,2,17,4
UL ul D dl UR BS L,2,9,46,8,2,15,4
ul UL D UR BS dl L,2,9,46,8,2,17,4
UL ul D UR BS dl L,2,9,46,8,2,15,4
ul UL D UR dl BS L,2,9,46,8,2,15,4
UL ul D UR dl BS L,2,9,46,8,2,13,4
ul UL dl BS D L UR,2,9,46,8,2,14,4
UL ul dl BS D L UR,2,9,46,8,2,14,4
ul UL dl BS D UR L,2,9,46,8,2,15,4
UL ul dl BS D UR L,2,9,46,8,2,15,4
ul UL dl D BS L UR,2,9,46,8,2,16,4
UL ul dl D BS L UR,2,9,46,8,2,16,4
ul UL dl D BS UR L,2,9,46,8,2,17,4
UL ul dl D BS UR L,2,9,46,8,2,17,4
ul UL dl D UR BS L,2,9,46,8,2,17,4
UL ul dl D UR BS L,2,9,46,8,2,17,4
BS ul UL UR D dl L,2,9,48,8,2,18,4
BS UL ul UR D dl L,2,9,48,8,2,16,4
BS ul UL UR dl D L,2,9,48,8,2,16,4
BS UL ul UR dl D L,2,9,48,8,2,14,4
BS ul UL UR dl L D,2,9,48,8,2,16,4
BS UL ul UR dl L D,2,9,48,8,2,14,4
BS ul UL UR L dl D,2,9,48,8,2,18,4
BS UL ul UR L dl D,2,9,48,8,2,16,4
BS ul UR D UL dl L,2,9,48,8,2,16,3
BS UL UR dl L ul D,2,9,48,8,2,12,3
BS UL UR dl ul D L,2,9,48,8,2,10,2
BS UL UR dl ul L D,2,9,48,8,2,12,3
BS UL UR L dl ul D,2,9,48,8,2,12,3
BS UL UR L ul dl D,2,9,48,8,2,14,3
BS ul UR UL D dl L,2,9,48,8,2,16,3
BS UL UR ul D dl L,2,9,48,8,2,12,3
BS ul UR UL dl D L,2,9,48,8,2,14,3
BS UL UR ul dl D L,2,9,48,8,2,12,3
BS ul UR UL dl L D,2,9,48,8,2,14,3
BS UL UR ul dl L D,2,9,48,8,2,12,3
BS ul UR UL L dl D,2,9,48,8,2,14,3
BS UL UR ul L dl D,2,9,48,8,2,14,3
BS UR ul D UL dl L,2,9,48,8,2,14,3
BS UR UL dl L ul D,2,9,48,8,2,14,3
BS UR UL dl ul D L,2,9,48,8,2,12,3
BS UR UL dl ul L D,2,9,48,8,2,14,3
BS UR UL L dl ul D,2,9,48,8,2,12,3
BS UR UL L ul dl D,2,9,48,8,2,14,3
BS UR ul UL D dl L,2,9,48,8,2,18,4
BS UR UL ul D dl L,2,9,48,8,2,16,4
BS UR ul UL dl D L,2,9,48,8,2,16,4
BS UR UL ul dl D L,2,9,48,8,2,16,4
BS UR ul UL dl L D,2,9,48,8,2,16,4
BS UR UL ul dl L D,2,9,48,8,2,16,4
BS UR ul UL L dl D,2,9,48,8,2,16,4
BS UR UL ul L dl D,2,9,48,8,2,18,4
dl ul UL UR BS D L,2,9,48,8,2,15,4
dl UL ul UR BS D L,2,9,48,8,2,15,4
dl ul UL UR BS L D,2,9,48,8,2,15,4
dl UL ul UR BS L D,2,9,48,8,2,15,4
dl ul UL UR D BS L,2,9,48,8,2,15,4
dl UL ul UR D BS L,2,9,48,8,2,15,4
dl ul UL UR L BS D,2,9,48,8,2,15,4
dl UL ul UR L BS D,2,9,48,8,2,15,4
dl UL UR BS L ul D,2,9,48,8,2,13,3
dl UL UR BS ul D L,2,9,48,8,2,13,3
dl UL UR BS ul L D,2,9,48,8,2,15,3
dl ul UR D UL BS L,2,9,48,8,2,13,3
dl UL UR L BS ul D,2,9,48,8,2,13,3
dl UL UR L ul BS D,2,9,48,8,2,15,3
dl ul UR UL BS D L,2,9,48,8,2,11,2
dl UL UR ul BS D L,2,9,48,8,2,13,3
dl ul UR UL BS L D,2,9,48,8,2,11,2
dl UL UR ul BS L D,2,9,48,8,2,13,3
dl ul UR UL D BS L,2,9,48,8,2,13,3
dl UL UR ul D BS L,2,9,48,8,2,11,2
dl ul UR UL L BS D,2,9,48,8,2,11,2
dl UL UR ul L BS D,2,9,48,8,2,13,3
dl UR UL BS L ul D,2,9,48,8,2,11,3
dl UR UL BS ul D L,2,9,48,8,2,11,3
dl UR UL BS ul L D,2,9,48,8,2,13,3
dl UR ul D UL BS L,2,9,48,8,2,11,3
dl UR UL L BS ul D,2,9,48,8,2,11,3
dl UR UL L ul BS D,2,9,48,8,2,13,3
dl UR ul UL BS D L,2,9,48,8,2,13,4
dl UR UL ul BS D L,2,9,48,8,2,15,4
dl UR ul UL BS L D,2,9,48,8,2,13,4
dl UR UL ul BS L D,2,9,48,8,2,15,4
dl UR ul UL D BS L,2,9,48,8,2,15,4
dl UR UL ul D BS L,2,9,48,8,2,13,4
dl UR ul UL L BS D,2,9,48,8,2,13,4
dl UR UL ul L BS D,2,9,48,8,2,15,4
ul BS UL UR D dl L,2,9,48,8,2,15,3
UL BS ul UR D dl L,2,9,48,8,2,15,3
ul BS UL UR dl D L,2,9,48,8,2,13,3
UL BS ul UR dl D L,2,9,48,8,2,13,3
ul BS UL UR dl L D,2,9,48,8,2,13,3
UL BS ul UR dl L D,2,9,48,8,2,13,3
ul BS UL UR L dl D,2,9,48,8,2,15,3
UL BS ul UR L dl D,2,9,48,8,2,15,3
ul BS UR D UL dl L,2,9,48,8,2,17,3
UL BS UR dl L ul D,2,9,48,8,2,13,3
UL BS UR dl ul D L,2,9,48,8,2,11,3
UL BS UR dl ul L D,2,9,48,8,2,13,3
UL BS UR L dl ul D,2,9,48,8,2,13,3
UL BS UR L ul dl D,2,9,48,8,2,15,3
ul BS UR UL D dl L,2,9,48,8,2,17,3
UL BS UR ul D dl L,2,9,48,8,2,13,3
ul BS UR UL dl D L,2,9,48,8,2,15,3
UL BS UR ul dl D L,2,9,48,8,2,13,3
ul BS UR UL dl L D,2,9,48,8,2,15,3
UL BS UR ul dl L D,2,9,48,8,2,13,3
ul BS UR UL L dl D,2,9,48,8,2,15,3
UL BS UR ul L dl D,2,9,48,8,2,15,3
ul dl UL UR BS D L,2,9,48,8,2,13,3
UL dl ul UR BS D L,2,9,48,8,2,13,3
ul dl UL UR BS L D,2,9,48,8,2,13,3
UL dl ul UR BS L D,2,9,48,8,2,13,3
ul dl UL UR D BS L,2,9,48,8,2,13,3
UL dl ul UR D BS L,2,9,48,8,2,13,3
ul dl UL UR L BS D,2,9,48,8,2,13,3
UL dl ul UR L BS D,2,9,48,8,2,13,3
UL dl UR BS L ul D,2,9,48,8,2,13,3
UL dl UR BS ul D L,2,9,48,8,2,13,3
UL dl UR BS ul L D,2,9,48,8,2,15,3
ul dl UR D UL BS L,2,9,48,8,2,13,3
UL dl UR L BS ul D,2,9,48,8,2,13,3
UL dl UR L ul BS D,2,9,48,8,2,15,3
ul dl UR UL BS D L,2,9,48,8,2,11,2
UL dl UR ul BS D L,2,9,48,8,2,13,3
ul dl UR UL BS L D,2,9,48,8,2,11,2
UL dl UR ul BS L D,2,9,48,8,2,13,3
ul dl UR UL D BS L,2,9,48,8,2,13,3
UL dl UR ul D BS L,2,9,48,8,2,11,2
ul dl UR UL L BS D,2,9,48,8,2,11,2
UL dl UR ul L BS D,2,9,48,8,2,13,3
ul UL BS UR D dl L,2,9,48,8,2,17,4
UL ul BS UR D dl L,2,9,48,8,2,19,4
ul UL BS UR dl D L,2,9,48,8,2,15,4
UL ul BS UR dl D L,2,9,48,8,2,17,4
ul UL BS UR dl L D,2,9,48,8,2,15,4
UL ul BS UR dl L D,2,9,48,8,2,17,4
ul UL BS UR L dl D,2,9,48,8,2,17,4
UL ul BS UR L dl D,2,9,48,8,2,19,4
ul UL dl UR BS D L,2,9,48,8,2,15,4
UL ul dl UR BS D L,2,9,48,8,2,15,4
ul UL dl UR BS L D,2,9,48,8,2,15,4
UL ul dl UR BS L D,2,9,48,8,2,15,4
ul UL dl UR D BS L,2,9,48,8,2,15,4
UL ul dl UR D BS L,2,9,48,8,2,15,4
ul UL dl UR L BS D,2,9,48,8,2,15,4
UL ul dl UR L BS D,2,9,48,8,2,15,4
ul UL UR BS D dl L,2,9,48,8,2,17,4
UL ul UR BS D dl L,2,9,48,8,2,17,4
ul UL UR BS dl D L,2,9,48,8,2,15,4
UL ul UR BS dl D L,2,9,48,8,2,15,4
ul UL UR BS dl L D,2,9,48,8,2,15,4
UL ul UR BS dl L D,2,9,48,8,2,15,4
ul UL UR BS L dl D,2,9,48,8,2,17,4
UL ul UR BS L dl D,2,9,48,8,2,17,4
ul UL UR D BS dl L,2,9,48,8,2,15,4
UL ul UR D BS dl L,2,9,48,8,2,15,4
ul UL UR D dl BS L,2,9,48,8,2,15,4
UL ul UR D dl BS L,2,9,48,8,2,15,4
ul UL UR dl BS D L,2,9,48,8,2,13,4
UL ul UR dl BS D L,2,9,48,8,2,13,4
ul UL UR dl BS L D,2,9,48,8,2,13,4
UL ul UR dl BS L D,2,9,48,8,2,13,4
ul UL UR dl D BS L,2,9,48,8,2,15,4
UL ul UR dl D BS L,2,9,48,8,2,15,4
ul UL UR dl L BS D,2,9,48,8,2,15,4
UL ul UR dl L BS D,2,9,48,8,2,15,4
ul UL UR L BS dl D,2,9,48,8,2,15,4
UL ul UR L BS dl D,2,9,48,8,2,15,4
ul UL UR L dl BS D,2,9,48,8,2,15,4
UL ul UR L dl BS D,2,9,48,8,2,15,4
ul UR BS D UL dl L,2,9,48,8,2,15,3
UL UR BS dl L ul D,2,9,48,8,2,13,3
UL UR BS dl ul D L,2,9,48,8,2,11,3
UL UR BS dl ul L D,2,9,48,8,2,13,3
UL UR BS L dl ul D,2,9,48,8,2,13,3
UL UR BS L ul dl D,2,9,48,8,2,15,3
ul UR BS UL D dl L,2,9,48,8,2,15,3
UL UR BS ul D dl L,2,9,48,8,2,15,3
ul UR BS UL dl D L,2,9,48,8,2,13,3
UL UR BS ul dl D L,2,9,48,8,2,15,3
ul UR BS UL dl L D,2,9,48,8,2,13,3
UL UR BS ul dl L D,2,9,48,8,2,15,3
ul UR BS UL L dl D,2,9,48,8,2,13,3
UL UR BS ul L dl D,2,9,48,8,2,17,3
ul UR D BS UL dl L,2,9,48,8,2,13,3
ul UR D dl UL BS L,2,9,48,8,2,13,3
ul UR D UL BS dl L,2,9,48,8,2,13,3
ul UR D UL dl BS L,2,9,48,8,2,13,3
UL UR dl BS L ul D,2,9,48,8,2,11,3
UL UR dl BS ul D L,2,9,48,8,2,11,3
UL UR dl BS ul L D,2,9,48,8,2,13,3
ul UR dl D UL BS L,2,9,48,8,2,13,3
UL UR dl L BS ul D,2,9,48,8,2,13,3
UL UR dl L ul BS D,2,9,48,8,2,15,3
ul UR dl UL BS D L,2,9,48,8,2,11,2
UL UR dl ul BS D L,2,9,48,8,2,13,3
ul UR dl UL BS L D,2,9,48,8,2,11,2
UL UR dl ul BS L D,2,9,48,8,2,13,3
ul UR dl UL D BS L,2,9,48,8,2,13,3
UL UR dl ul D BS L,2,9,48,8,2,11,2
ul UR dl UL L BS D,2,9,48,8,2,11,2
UL UR dl ul L BS D,2,9,48,8,2,13,3
UL UR L BS dl ul D,2,9,48,8,2,11,3
UL UR L BS ul dl D,2,9,48,8,2,15,3
UL UR L dl BS ul D,2,9,48,8,2,13,3
UL UR L dl ul BS D,2,9,48,8,2,15,3
UL UR L ul BS dl D,2,9,48,8,2,15,3
UL UR L ul dl BS D,2,9,48,8,2,13,3
ul UR UL BS D dl L,2,9,48,8,2,13,3
UL UR ul BS D dl L,2,9,48,8,2,15,3
ul UR UL BS dl D L,2,9,48,8,2,11,3
UL UR ul BS dl D L,2,9,48,8,2,13,3
ul UR UL BS dl L D,2,9,48,8,2,11,3
UL UR ul BS dl L D,2,9,48,8,2,13,3
ul UR UL BS L dl D,2,9,48,8,2,13,3
UL UR ul BS L dl D,2,9,48,8,2,15,3
ul UR UL D BS dl L,2,9,48,8,2,13,3
UL UR ul D BS dl L,2,9,48,8,2,11,3
ul UR UL D dl BS L,2,9,48,8,2,13,3
UL UR ul D dl BS L,2,9,48,8,2,11,3
ul UR UL dl BS D L,2,9,48,8,2,11,2
UL UR ul dl BS D L,2,9,48,8,2,11,2
ul UR UL dl BS L D,2,9,48,8,2,11,2
UL UR ul dl BS L D,2,9,48,8,2,11,2
ul UR UL dl D BS L,2,9,48,8,2,13,3
UL UR ul dl D BS L,2,9,48,8,2,13,3
ul UR UL dl L BS D,2,9,48,8,2,13,3
UL UR ul dl L BS D,2,9,48,8,2,13,3
ul UR UL L BS dl D,2,9,48,8,2,11,3
UL UR ul L BS dl D,2,9,48,8,2,13,3
ul UR UL L dl BS D,2,9,48,8,2,11,3
UL UR ul L dl BS D,2,9,48,8,2,13,3
UR BS ul D UL dl L,2,9,48,8,2,15,3
UR BS UL dl L ul D,2,9,48,8,2,13,3
UR BS UL dl ul D L,2,9,48,8,2,11,3
UR BS UL dl ul L D,2,9,48,8,2,13,3
UR BS UL L dl ul D,2,9,48,8,2,11,3
UR BS UL L ul dl D,2,9,48,8,2,13,3
UR BS ul UL D dl L,2,9,48,8,2,19,4
UR BS UL ul D dl L,2,9,48,8,2,15,4
UR BS ul UL dl D L,2,9,48,8,2,17,4
UR BS UL ul dl D L,2,9,48,8,2,15,4
UR BS ul UL dl L D,2,9,48,8,2,17,4
UR BS UL ul dl L D,2,9,48,8,2,15,4
UR BS ul UL L dl D,2,9,48,8,2,17,4
UR BS UL ul L dl D,2,9,48,8,2,17,4
UR dl UL BS L ul D,2,9,48,8,2,11,3
UR dl UL BS ul D L,2,9,48,8,2,11,3
UR dl UL BS ul L D,2,9,48,8,2,13,3
UR dl ul D UL BS L,2,9,48,8,2,11,3
UR dl UL L BS ul D,2,9,48,8,2,11,3
UR dl UL L ul BS D,2,9,48,8,2,13,3
UR dl ul UL BS D L,2,9,48,8,2,13,4
UR dl UL ul BS D L,2,9,48,8,2,15,4
UR dl ul UL BS L D,2,9,48,8,2,13,4
UR dl UL ul BS L D,2,9,48,8,2,15,4
UR dl ul UL D BS L,2,9,48,8,2,15,4
UR dl UL ul D BS L,2,9,48,8,2,13,4
UR dl ul UL L BS D,2,9,48,8,2,13,4
UR dl UL ul L BS D,2,9,48,8,2,15,4
UR ul BS D UL dl L,2,9,48,8,2,15,3
UR UL BS dl L ul D,2,9,48,8,2,11,3
UR UL BS dl ul D L,2,9,48,8,2,9,2
UR UL BS dl ul L D,2,9,48,8,2,11,3
UR UL BS L dl ul D,2,9,48,8,2,11,3
UR UL BS L ul dl D,2,9,48,8,2,13,3
UR ul BS UL D dl L,2,9,48,8,2,15,3
UR UL BS ul D dl L,2,9,48,8,2,13,3
UR ul BS UL dl D L,2,9,48,8,2,13,3
UR UL BS ul dl D L,2,9,48,8,2,13,3
UR ul BS UL dl L D,2,9,48,8,2,13,3
UR UL BS ul dl L D,2,9,48,8,2,13,3
UR ul BS UL L dl D,2,9,48,8,2,13,3
UR UL BS ul L dl D,2,9,48,8,2,15,3
UR ul D BS UL dl L,2,9,48,8,2,11,3
UR ul D dl UL BS L,2,9,48,8,2,11,3
UR ul D UL BS dl L,2,9,48,8,2,11,3
UR ul D UL dl BS L,2,9,48,8,2,11,3
UR UL dl BS L ul D,2,9,48,8,2,11,3
UR UL dl BS ul D L,2,9,48,8,2,11,3
UR UL dl BS ul L D,2,9,48,8,2,13,3
UR ul dl D UL BS L,2,9,48,8,2,13,3
UR UL dl L BS ul D,2,9,48,8,2,13,3
UR UL dl L ul BS D,2,9,48,8,2,15,3
UR ul dl UL BS D L,2,9,48,8,2,11,2
UR UL dl ul BS D L,2,9,48,8,2,13,3
UR ul dl UL BS L D,2,9,48,8,2,11,2
UR UL dl ul BS L D,2,9,48,8,2,13,3
UR ul dl UL D BS L,2,9,48,8,2,13,3
UR UL dl ul D BS L,2,9,48,8,2,11,2
UR ul dl UL L BS D,2,9,48,8,2,11,2
UR UL dl ul L BS D,2,9,48,8,2,13,3
UR UL L BS dl ul D,2,9,48,8,2,9,2
UR UL L BS ul dl D,2,9,48,8,2,13,3
UR UL L dl BS ul D,2,9,48,8,2,11,3
UR UL L dl ul BS D,2,9,48,8,2,13,3
UR UL L ul BS dl D,2,9,48,8,2,13,3
UR UL L ul dl BS D,2,9,48,8,2,11,3
UR ul UL BS D dl L,2,9,48,8,2,15,4
UR UL ul BS D dl L,2,9,48,8,2,17,4
UR ul UL BS dl D L,2,9,48,8,2,13,4
UR UL ul BS dl D L,2,9,48,8,2,15,4
UR ul UL BS dl L D,2,9,48,8,2,13,4
UR UL ul BS dl L D,2,9,48,8,2,15,4
UR ul UL BS L dl D,2,9,48,8,2,15,4
UR UL ul BS L dl D,2,9,48,8,2,17,4
UR ul UL D BS dl L,2,9,48,8,2,15,4
UR UL ul D BS dl L,2,9,48,8,2,13,4
UR ul UL D dl BS L,2,9,48,8,2,15,4
UR UL ul D dl BS L,2,9,48,8,2,13,4
UR ul UL dl BS D L,2,9,48,8,2,13,4
UR UL ul dl BS D L,2,9,48,8,2,13,4
UR ul UL dl BS L D,2,9,48,8,2,13,4
UR UL ul dl BS L D,2,9,48,8,2,13,4
UR ul UL dl D BS L,2,9,48,8,2,15,4
UR UL ul dl D BS L,2,9,48,8,2,15,4
UR ul UL dl L BS D,2,9,48,8,2,15,4
UR UL ul dl L BS D,2,9,48,8,2,15,4
UR ul UL L BS dl D,2,9,48,8,2,13,4
UR UL ul L BS dl D,2,9,48,8,2,15,4
UR ul UL L dl BS D,2,9,48,8,2,13,4
UR UL ul L dl BS D,2,9,48,8,2,15,4
BS dl L UL D ul UR,2,9,48,9,2,11,3
BS dl L ul UL D UR,2,9,48,9,2,17,4
BS dl L UL ul D UR,2,9,48,9,2,13,4
BS dl L ul UL UR D,2,9,48,9,2,16,4
BS dl L UL ul UR D,2,9,48,9,2,14,4
BS dl L UL UR ul D,2,9,48,9,2,10,3
BS dl ul L UL D UR,2,9,48,9,2,13,3
BS dl ul L UL UR D,2,9,48,9,2,12,3
BS L dl UL D ul UR,2,9,48,9,2,13,3
BS L dl ul UL D UR,2,9,48,9,2,17,4
BS L dl UL ul D UR,2,9,48,9,2,15,4
BS L dl ul UL UR D,2,9,48,9,2,16,4
BS L dl UL ul UR D,2,9,48,9,2,16,4
BS L dl UL UR ul D,2,9,48,9,2,12,3
BS L UL D dl ul UR,2,9,48,9,2,13,3
BS L UL D ul dl UR,2,9,48,9,2,11,3
BS L UL dl D ul UR,2,9,48,9,2,11,3
BS L ul dl UL D UR,2,9,48,9,2,15,3
BS L UL dl ul D UR,2,9,48,9,2,11,3
BS L ul dl UL UR D,2,9,48,9,2,14,3
BS L UL dl ul UR D,2,9,48,9,2,12,3
BS L UL dl UR ul D,2,9,48,9,2,10,2
BS L ul UL D dl UR,2,9,48,9,2,17,4
BS L UL ul D dl UR,2,9,48,9,2,13,4
BS L ul UL dl D UR,2,9,48,9,2,17,4
BS L UL ul dl D UR,2,9,48,9,2,15,4
BS L ul UL dl UR D,2,9,48,9,2,16,4
BS L UL ul dl UR D,2,9,48,9,2,14,4
BS L ul UL UR dl D,2,9,48,9,2,16,4
BS L UL ul UR dl D,2,9,48,9,2,14,4
BS L UL UR dl ul D,2,9,48,9,2,10,2
BS L UL UR ul dl D,2,9,48,9,2,12,3
BS ul dl L UL D UR,2,9,48,9,2,15,3
BS ul dl L UL UR D,2,9,48,9,2,14,3
BS ul L dl UL D UR,2,9,48,9,2,17,3
BS ul L dl UL UR D,2,9,48,9,2,16,3
BS ul L UL D dl UR,2,9,48,9,2,15,3
BS ul L UL dl D UR,2,9,48,9,2,15,3
BS ul L UL dl UR D,2,9,48,9,2,14,3
BS ul L UL UR dl D,2,9,48,9,2,14,3
D dl UL L BS ul UR,2,9,48,9,2,13,3
D dl UL L ul BS UR,2,9,48,9,2,15,3
D dl ul UL L BS UR,2,9,48,9,2,15,4
D dl UL ul L BS UR,2,9,48,9,2,17,4
D UL dl L BS ul UR,2,9,48,9,2,15,3
D UL dl L ul BS UR,2,9,48,9,2,17,3
D ul dl UL L BS UR,2,9,48,9,2,11,3
D UL dl ul L BS UR,2,9,48,9,2,15,3
D UL L BS dl ul UR,2,9,48,9,2,11,3
D UL L BS ul dl UR,2,9,48,9,2,13,3
D UL L dl BS ul UR,2,9,48,9,2,13,3
D UL L dl ul BS UR,2,9,48,9,2,15,3
D UL L ul BS dl UR,2,9,48,9,2,13,3
D UL L ul dl BS UR,2,9,48,9,2,13,3
D ul UL dl L BS UR,2,9,48,9,2,15,4
D UL ul dl L BS UR,2,9,48,9,2,17,4
D ul UL L BS dl UR,2,9,48,9,2,11,4
D UL ul L BS dl UR,2,9,48,9,2,15,4
D ul UL L dl BS UR,2,9,48,9,2,13,4
D UL ul L dl BS UR,2,9,48,9,2,17,4
dl BS L UL D ul UR,2,9,48,9,2,10,3
dl BS L ul UL D UR,2,9,48,9,2,16,4
dl BS L UL ul D UR,2,9,48,9,2,12,4
dl BS L ul UL UR D,2,9,48,9,2,15,4
dl BS L UL ul UR D,2,9,48,9,2,13,4
dl BS L UL UR ul D,2,9,48,9,2,9,2
dl BS ul L UL D UR,2,9,48,9,2,14,3
dl BS ul L UL UR D,2,9,48,9,2,13,3
dl D UL L BS ul UR,2,9,48,9,2,14,3
dl D UL L ul BS UR,2,9,48,9,2,16,3
dl D ul UL L BS UR,2,9,48,9,2,14,4
dl D UL ul L BS UR,2,9,48,9,2,18,4
dl L BS UL D ul UR,2,9,48,9,2,12,3
dl L BS ul UL D UR,2,9,48,9,2,18,4
dl L BS UL ul D UR,2,9,48,9,2,14,4
dl L BS ul UL UR D,2,9,48,9,2,17,4
dl L BS UL ul UR D,2,9,48,9,2,15,4
dl L BS UL UR ul D,2,9,48,9,2,11,3
dl L UL BS D ul UR,2,9,48,9,2,10,3
dl L ul BS UL D UR,2,9,48,9,2,16,3
dl L UL BS ul D UR,2,9,48,9,2,12,3
dl L ul BS UL UR D,2,9,48,9,2,15,3
dl L UL BS ul UR D,2,9,48,9,2,13,3
dl L UL BS UR ul D,2,9,48,9,2,11,3
dl L ul UL BS D UR,2,9,48,9,2,16,4
dl L UL ul BS D UR,2,9,48,9,2,16,4
dl L ul UL BS UR D,2,9,48,9,2,17,4
dl L UL ul BS UR D,2,9,48,9,2,17,4
dl L ul UL UR BS D,2,9,48,9,2,17,4
dl L UL ul UR BS D,2,9,48,9,2,15,4
dl L UL UR BS ul D,2,9,48,9,2,13,3
dl L UL UR ul BS D,2,9,48,9,2,13,3
dl ul BS L UL D UR,2,9,48,9,2,14,3
dl ul BS L UL UR D,2,9,48,9,2,13,3
dl UL D L BS ul UR,2,9,48,9,2,14,3
dl UL D L ul BS UR,2,9,48,9,2,16,3
dl ul D UL L BS UR,2,9,48,9,2,12,3
dl UL D ul L BS UR,2,9,48,9,2,14,3
dl ul L BS UL D UR,2,9,48,9,2,14,3
dl ul L BS UL UR D,2,9,48,9,2,13,3
dl UL L D BS ul UR,2,9,48,9,2,12,3
dl UL L D ul BS UR,2,9,48,9,2,12,3
dl ul L UL BS D UR,2,9,48,9,2,12,3
dl ul L UL BS UR D,2,9,48,9,2,13,3
dl UL L ul D BS UR,2,9,48,9,2,12,3
dl ul L UL UR BS D,2,9,48,9,2,13,3
dl ul UL D L BS UR,2,9,48,9,2,16,4
dl UL ul D L BS UR,2,9,48,9,2,14,4
dl ul UL L D BS UR,2,9,48,9,2,14,4
dl UL ul L D BS UR,2,9,48,9,2,16,4
L BS dl UL D ul UR,2,9,48,9,2,11,3
L BS dl ul UL D UR,2,9,48,9,2,15,4
L BS dl UL ul D UR,2,9,48,9,2,13,4
L BS dl ul UL UR D,2,9,48,9,2,14,4
L BS dl UL ul UR D,2,9,48,9,2,14,4
L BS dl UL UR ul D,2,9,48,9,2,10,2
L BS UL D dl ul UR,2,9,48,9,2,13,3
L BS UL D ul dl UR,2,9,48,9,2,11,3
L BS UL dl D ul UR,2,9,48,9,2,11,3
L BS ul dl UL D UR,2,9,48,9,2,15,3
L BS UL dl ul D UR,2,9,48,9,2,11,3
L BS ul dl UL UR D,2,9,48,9,2,14,3
L BS UL dl ul UR D,2,9,48,9,2,12,3
L BS UL dl UR ul D,2,9,48,9,2,10,2
L BS ul UL D dl UR,2,9,48,9,2,17,4
L BS UL ul D dl UR,2,9,48,9,2,13,4
L BS ul UL dl D UR,2,9,48,9,2,17,4
L BS UL ul dl D UR,2,9,48,9,2,15,4
L BS ul UL dl UR D,2,9,48,9,2,16,4
L BS UL ul dl UR D,2,9,48,9,2,14,4
L BS ul UL UR dl D,2,9,48,9,2,16,4
L BS UL ul UR dl D,2,9,48,9,2,14,4
L BS UL UR dl ul D,2,9,48,9,2,10,2
L BS UL UR ul dl D,2,9,48,9,2,12,3
L dl BS UL D ul UR,2,9,48,9,2,11,3
L dl BS ul UL D UR,2,9,48,9,2,17,4
L dl BS UL ul D UR,2,9,48,9,2,13,4
L dl BS ul UL UR D,2,9,48,9,2,16,4
L dl BS UL ul UR D,2,9,48,9,2,14,4
L dl BS UL UR ul D,2,9,48,9,2,10,3
L dl UL BS D ul UR,2,9,48,9,2,11,3
L dl ul BS UL D UR,2,9,48,9,2,15,3
L dl UL BS ul D UR,2,9,48,9,2,13,3
L dl ul BS UL UR D,2,9,48,9,2,14,3
L dl UL BS ul UR D,2,9,48,9,2,14,3
L dl UL BS UR ul D,2,9,48,9,2,12,3
L dl ul UL BS D UR,2,9,48,9,2,15,4
L dl UL ul BS D UR,2,9,48,9,2,17,4
L dl ul UL BS UR D,2,9,48,9,2,16,4
L dl UL ul BS UR D,2,9,48,9,2,18,4
L dl ul UL UR BS D,2,9,48,9,2,16,4
L dl UL ul UR BS D,2,9,48,9,2,16,4
L dl UL UR BS ul D,2,9,48,9,2,14,3
L dl UL UR ul BS D,2,9,48,9,2,14,3
L UL BS D dl ul UR,2,9,48,9,2,11,3
L UL BS D ul dl UR,2,9,48,9,2,9,2
L UL BS dl D ul UR,2,9,48,9,2,9,3
L ul BS dl UL D UR,2,9,48,9,2,15,3
L UL BS dl ul D UR,2,9,48,9,2,9,3
L ul BS dl UL UR D,2,9,48,9,2,14,3
L UL BS dl ul UR D,2,9,48,9,2,10,3
L UL BS dl UR ul D,2,9,48,9,2,8,2
L ul BS UL D dl UR,2,9,48,9,2,15,3
L UL BS ul D dl UR,2,9,48,9,2,11,3
L ul BS UL dl D UR,2,9,48,9,2,15,3
L UL BS ul dl D UR,2,9,48,9,2,13,3
L ul BS UL dl UR D,2,9,48,9,2,14,3
L UL BS ul dl UR D,2,9,48,9,2,12,3
L ul BS UL UR dl D,2,9,48,9,2,14,3
L UL BS ul UR dl D,2,9,48,9,2,12,3
L UL BS UR dl ul D,2,9,48,9,2,10,3
L UL BS UR ul dl D,2,9,48,9,2,12,3
L UL dl BS D ul UR,2,9,48,9,2,9,2
L ul dl BS UL D UR,2,9,48,9,2,13,3
L UL dl BS ul D UR,2,9,48,9,2,11,3
L ul dl BS UL UR D,2,9,48,9,2,12,3
L UL dl BS ul UR D,2,9,48,9,2,12,3
L UL dl BS UR ul D,2,9,48,9,2,10,3
L ul dl UL BS D UR,2,9,48,9,2,13,3
L UL dl ul BS D UR,2,9,48,9,2,13,3
L ul dl UL BS UR D,2,9,48,9,2,14,3
L UL dl ul BS UR D,2,9,48,9,2,14,3
L ul dl UL UR BS D,2,9,48,9,2,14,3
L UL dl ul UR BS D,2,9,48,9,2,12,3
L UL dl UR BS ul D,2,9,48,9,2,12,3
L UL dl UR ul BS D,2,9,48,9,2,12,3
L ul UL BS D dl UR,2,9,48,9,2,15,4
L UL ul BS D dl UR,2,9,48,9,2,15,4
L ul UL BS dl D UR,2,9,48,9,2,15,4
L UL ul BS dl D UR,2,9,48,9,2,15,4
L ul UL BS dl UR D,2,9,48,9,2,14,4
L UL ul BS dl UR D,2,9,48,9,2,14,4
L ul UL BS UR dl D,2,9,48,9,2,16,4
L UL ul BS UR dl D,2,9,48,9,2,16,4
L ul UL dl BS D UR,2,9,48,9,2,15,4
L UL ul dl BS D UR,2,9,48,9,2,13,4
L ul UL dl BS UR D,2,9,48,9,2,16,4
L UL ul dl BS UR D,2,9,48,9,2,14,4
L ul UL dl UR BS D,2,9,48,9,2,16,4
L UL ul dl UR BS D,2,9,48,9,2,14,4
L ul UL UR BS dl D,2,9,48,9,2,16,4
L UL ul UR BS dl D,2,9,48,9,2,14,4
L ul UL UR dl BS D,2,9,48,9,2,14,4
L UL ul UR dl BS D,2,9,48,9,2,12,4
L UL UR BS dl ul D,2,9,48,9,2,10,3
L UL UR BS ul dl D,2,9,48,9,2,14,3
L UL UR dl BS ul D,2,9,48,9,2,10,3
L UL UR dl ul BS D,2,9,48,9,2,12,3
L UL UR ul BS dl D,2,9,48,9,2,12,3
L UL UR ul dl BS D,2,9,48,9,2,10,2
ul BS dl L UL D UR,2,9,48,9,2,14,3
ul BS dl L UL UR D,2,9,48,9,2,13,3
ul BS L dl UL D UR,2,9,48,9,2,16,3
ul BS L dl UL UR D,2,9,48,9,2,15,3
ul BS L UL D dl UR,2,9,48,9,2,14,3
ul BS L UL dl D UR,2,9,48,9,2,14,3
ul BS L UL dl UR D,2,9,48,9,2,13,3
ul BS L UL UR dl D,2,9,48,9,2,13,3
UL D dl L BS ul UR,2,9,48,9,2,16,3
UL D dl L ul BS UR,2,9,48,9,2,18,3
ul D dl UL L BS UR,2,9,48,9,2,12,3
UL D dl ul L BS UR,2,9,48,9,2,16,3
UL D L BS dl ul UR,2,9,48,9,2,12,3
UL D L BS ul dl UR,2,9,48,9,2,14,3
UL D L dl BS ul UR,2,9,48,9,2,14,3
UL D L dl ul BS UR,2,9,48,9,2,16,3
UL D L ul BS dl UR,2,9,48,9,2,14,3
UL D L ul dl BS UR,2,9,48,9,2,14,3
ul D UL dl L BS UR,2,9,48,9,2,14,3
UL D ul dl L BS UR,2,9,48,9,2,14,3
ul D UL L BS dl UR,2,9,48,9,2,10,3
UL D ul L BS dl UR,2,9,48,9,2,12,3
ul D UL L dl BS UR,2,9,48,9,2,12,3
UL D ul L dl BS UR,2,9,48,9,2,14,3
ul dl BS L UL D UR,2,9,48,9,2,12,3
ul dl BS L UL UR D,2,9,48,9,2,11,3
UL dl D L BS ul UR,2,9,48,9,2,14,3
UL dl D L ul BS UR,2,9,48,9,2,16,3
ul dl D UL L BS UR,2,9,48,9,2,14,3
UL dl D ul L BS UR,2,9,48,9,2,14,3
ul dl L BS UL D UR,2,9,48,9,2,14,3
ul dl L BS UL UR D,2,9,48,9,2,13,3
UL dl L D BS ul UR,2,9,48,9,2,14,3
UL dl L D ul BS UR,2,9,48,9,2,14,3
ul dl L UL BS D UR,2,9,48,9,2,12,3
ul dl L UL BS UR D,2,9,48,9,2,13,3
UL dl L ul D BS UR,2,9,48,9,2,14,3
ul dl L UL UR BS D,2,9,48,9,2,13,3
ul dl UL D L BS UR,2,9,48,9,2,14,3
UL dl ul D L BS UR,2,9,48,9,2,12,3
ul dl UL L D BS UR,2,9,48,9,2,12,3
UL dl ul L D BS UR,2,9,48,9,2,14,3
ul L BS dl UL D UR,2,9,48,9,2,14,3
ul L BS dl UL UR D,2,9,48,9,2,13,3
ul L BS UL D dl UR,2,9,48,9,2,14,3
ul L BS UL dl D UR,2,9,48,9,2,14,3
ul L BS UL dl UR D,2,9,48,9,2,13,3
ul L BS UL UR dl D,2,9,48,9,2,13,3
UL L D BS dl ul UR,2,9,48,9,2,10,2
UL L D BS ul dl UR,2,9,48,9,2,12,3
UL L D dl BS ul UR,2,9,48,9,2,12,3
UL L D dl ul BS UR,2,9,48,9,2,14,3
UL L D ul BS dl UR,2,9,48,9,2,10,3
UL L D ul dl BS UR,2,9,48,9,2,10,3
ul L dl BS UL D UR,2,9,48,9,2,14,3
ul L dl BS UL UR D,2,9,48,9,2,13,3
UL L dl D BS ul UR,2,9,48,9,2,14,3
UL L dl D ul BS UR,2,9,48,9,2,14,3
ul L dl UL BS D UR,2,9,48,9,2,14,3
ul L dl UL BS UR D,2,9,48,9,2,15,3
UL L dl ul D BS UR,2,9,48,9,2,12,3
ul L dl UL UR BS D,2,9,48,9,2,15,3
ul L UL BS D dl UR,2,9,48,9,2,12,3
ul L UL BS dl D UR,2,9,48,9,2,12,3
ul L UL BS dl UR D,2,9,48,9,2,11,3
ul L UL BS UR dl D,2,9,48,9,2,13,3
UL L ul D BS dl UR,2,9,48,9,2,10,3
UL L ul D dl BS UR,2,9,48,9,2,12,3
ul L UL dl BS D UR,2,9,48,9,2,12,3
ul L UL dl BS UR D,2,9,48,9,2,13,3
UL L ul dl D BS UR,2,9,48,9,2,14,3
ul L UL dl UR BS D,2,9,48,9,2,13,3
ul L UL UR BS dl D,2,9,48,9,2,13,3
ul L UL UR dl BS D,2,9,48,9,2,11,3
ul UL D dl L BS UR,2,9,48,9,2,18,4
UL ul D dl L BS UR,2,9,48,9,2,16,4
ul UL D L BS dl UR,2,9,48,9,2,14,4
UL ul D L BS dl UR,2,9,48,9,2,12,4
ul UL D L dl BS UR,2,9,48,9,2,16,4
UL ul D L dl BS UR,2,9,48,9,2,14,4
ul UL dl D L BS UR,2,9,48,9,2,16,4
UL ul dl D L BS UR,2,9,48,9,2,16,4
ul UL dl L D BS UR,2,9,48,9,2,16,4
UL ul dl L D BS UR,2,9,48,9,2,16,4
ul UL L D BS dl UR,2,9,48,9,2,12,4
UL ul L D BS dl UR,2,9,48,9,2,14,4
ul UL L D dl BS UR,2,9,48,9,2,14,4
UL ul L D dl BS UR,2,9,48,9,2,16,4
ul UL L dl D BS UR,2,9,48,9,2,16,4
UL ul L dl D BS UR,2,9,48,9,2,18,4
BS D dl L UR ul UL,2,9,49,10,2,17,4
BS D L dl UR ul UL,2,9,49,10,2,15,4
BS D L UR dl ul UL,2,9,49,10,2,15,4
BS D L UR ul dl UL,2,9,49,10,2,13,3
BS dl D L UR ul UL,2,9,49,10,2,15,4
BS dl L D UR ul UL,2,9,49,10,2,15,4
BS dl L UR D ul UL,2,9,49,10,2,15,4
BS L D dl UR ul UL,2,9,49,10,2,15,4
BS L D UR dl ul UL,2,9,49,10,2,15,4
BS L D UR ul dl UL,2,9,49,10,2,13,3
BS L dl D UR ul UL,2,9,49,10,2,17,4
BS L dl UR D ul UL,2,9,49,10,2,15,4
BS L UR D dl ul UL,2,9,49,10,2,17,4
BS L UR D ul dl UL,2,9,49,10,2,13,3
BS L UR dl D ul UL,2,9,49,10,2,15,4
D BS dl L UR ul UL,2,9,49,10,2,15,4
D BS L dl UR ul UL,2,9,49,10,2,15,4
D BS L UR dl ul UL,2,9,49,10,2,15,4
D BS L UR ul dl UL,2,9,49,10,2,13,3
D dl BS L UR ul UL,2,9,49,10,2,15,4
D dl L BS UR ul UL,2,9,49,10,2,17,4
D dl L UR BS ul UL,2,9,49,10,2,19,4
D dl L UR ul BS UL,2,9,49,10,2,15,3
D L BS dl UR ul UL,2,9,49,10,2,13,4
D L BS UR dl ul UL,2,9,49,10,2,15,4
D L BS UR ul dl UL,2,9,49,10,2,13,3
D L dl BS UR ul UL,2,9,49,10,2,15,4
D L dl UR BS ul UL,2,9,49,10,2,17,4
D L dl UR ul BS UL,2,9,49,10,2,13,3
D L UR BS dl ul UL,2,9,49,10,2,15,4
D L UR BS ul dl UL,2,9,49,10,2,15,3
D L UR dl BS ul UL,2,9,49,10,2,15,4
D L UR dl ul BS UL,2,9,49,10,2,13,3
D L UR ul BS dl UL,2,9,49,10,2,13,3
D L UR ul dl BS UL,2,9,49,10,2,11,3
dl BS D L UR ul UL,2,9,49,10,2,14,4
dl BS L D UR ul UL,2,9,49,10,2,14,4
dl BS L UR D ul UL,2,9,49,10,2,14,4
dl D BS L UR ul UL,2,9,49,10,2,16,4
dl D L BS UR ul UL,2,9,49,10,2,16,4
dl D L UR BS ul UL,2,9,49,10,2,18,4
dl D L UR ul BS UL,2,9,49,10,2,14,3
dl L BS D UR ul UL,2,9,49,10,2,16,4
dl L BS UR D ul UL,2,9,49,10,2,16,4
dl L D BS UR ul UL,2,9,49,10,2,16,4
dl L D UR BS ul UL,2,9,49,10,2,18,4
dl L D UR ul BS UL,2,9,49,10,2,14,3
dl L UR BS D ul UL,2,9,49,10,2,16,4
dl L UR D BS ul UL,2,9,49,10,2,18,4
dl L UR D ul BS UL,2,9,49,10,2,14,3
L BS D dl UR ul UL,2,9,49,10,2,15,4
L BS D UR dl ul UL,2,9,49,10,2,15,4
L BS D UR ul dl UL,2,9,49,10,2,13,3
L BS dl D UR ul UL,2,9,49,10,2,15,4
L BS dl UR D ul UL,2,9,49,10,2,13,4
L BS UR D dl ul UL,2,9,49,10,2,17,4
L BS UR D ul dl UL,2,9,49,10,2,13,3
L BS UR dl D ul UL,2,9,49,10,2,15,4
L D BS dl UR ul UL,2,9,49,10,2,13,4
L D BS UR dl ul UL,2,9,49,10,2,15,4
L D BS UR ul dl UL,2,9,49,10,2,13,3
L D dl BS UR ul UL,2,9,49,10,2,15,4
L D dl UR BS ul UL,2,9,49,10,2,17,4
L D dl UR ul BS UL,2,9,49,10,2,13,3
L D UR BS dl ul UL,2,9,49,10,2,15,4
L D UR BS ul dl UL,2,9,49,10,2,15,3
L D UR dl BS ul UL,2,9,49,10,2,15,4
L D UR dl ul BS UL,2,9,49,10,2,13,3
L D UR ul BS dl UL,2,9,49,10,2,13,3
L D UR ul dl BS UL,2,9,49,10,2,11,3
L dl BS D UR ul UL,2,9,49,10,2,15,4
L dl BS UR D ul UL,2,9,49,10,2,15,4
L dl D BS UR ul UL,2,9,49,10,2,17,4
L dl D UR BS ul UL,2,9,49,10,2,19,4
L dl D UR ul BS UL,2,9,49,10,2,15,3
L dl UR BS D ul UL,2,9,49,10,2,15,4
L dl UR D BS ul UL,2,9,49,10,2,17,4
L dl UR D ul BS UL,2,9,49,10,2,13,3
L UR BS D dl ul UL,2,9,49,10,2,17,4
L UR BS D ul dl UL,2,9,49,10,2,13,3
L UR BS dl D ul UL,2,9,49,10,2,15,4
L UR D BS dl ul UL,2,9,49,10,2,15,4
L UR D BS ul dl UL,2,9,49,10,2,15,3
L UR D dl BS ul UL,2,9,49,10,2,17,4
L UR D dl ul BS UL,2,9,49,10,2,15,3
L UR D ul BS dl UL,2,9,49,10,2,13,3
L UR D ul dl BS UL,2,9,49,10,2,11,3
L UR dl BS D ul UL,2,9,49,10,2,13,4
L UR dl D BS ul UL,2,9,49,10,2,17,4
L UR dl D ul BS UL,2,9,49,10,2,13,3
BS D UL UR dl ul L,2,9,52,9,2,14,3
BS D UL UR ul dl L,2,9,52,9,2,14,3
BS D UR UL dl ul L,2,9,52,9,2,14,3
BS D UR ul UL dl L,2,9,52,9,2,16,4
BS D UR UL ul dl L,2,9,52,9,2,16,4
BS UL D UR dl ul L,2,9,52,9,2,14,3
BS UL D UR ul dl L,2,9,52,9,2,14,3
BS UL UR D dl ul L,2,9,52,9,2,14,3
BS UL UR D ul dl L,2,9,52,9,2,12,3
BS UL UR dl D ul L,2,9,52,9,2,12,3
BS UR D UL dl ul L,2,9,52,9,2,16,3
BS UR D ul UL dl L,2,9,52,9,2,16,4
BS UR D UL ul dl L,2,9,52,9,2,18,4
BS UR UL D dl ul L,2,9,52,9,2,16,3
BS UR UL D ul dl L,2,9,52,9,2,14,3
BS UR UL dl D ul L,2,9,52,9,2,14,3
D BS UL UR dl ul L,2,9,52,9,2,12,3
D BS UL UR ul dl L,2,9,52,9,2,12,3
D BS UR UL dl ul L,2,9,52,9,2,14,3
D BS UR ul UL dl L,2,9,52,9,2,16,4
D BS UR UL ul dl L,2,9,52,9,2,16,4
D dl UL UR BS ul L,2,9,52,9,2,16,3
D dl UL UR ul BS L,2,9,52,9,2,14,3
D dl UR UL BS ul L,2,9,52,9,2,14,3
D dl UR ul UL BS L,2,9,52,9,2,14,4
D dl UR UL ul BS L,2,9,52,9,2,16,4
D UL BS UR dl ul L,2,9,52,9,2,14,3
D UL BS UR ul dl L,2,9,52,9,2,14,3
D UL dl UR BS ul L,2,9,52,9,2,16,3
D UL dl UR ul BS L,2,9,52,9,2,14,3
D UL UR BS dl ul L,2,9,52,9,2,14,3
D UL UR BS ul dl L,2,9,52,9,2,16,3
D UL UR dl BS ul L,2,9,52,9,2,14,3
D UL UR dl ul BS L,2,9,52,9,2,14,3
D UL UR ul BS dl L,2,9,52,9,2,14,3
D UL UR ul dl BS L,2,9,52,9,2,12,3
D UR BS UL dl ul L,2,9,52,9,2,14,3
D UR BS ul UL dl L,2,9,52,9,2,18,4
D UR BS UL ul dl L,2,9,52,9,2,16,4
D UR dl UL BS ul L,2,9,52,9,2,14,3
D UR dl ul UL BS L,2,9,52,9,2,14,4
D UR dl UL ul BS L,2,9,52,9,2,16,4
D UR UL BS dl ul L,2,9,52,9,2,12,3
D UR ul BS UL dl L,2,9,52,9,2,14,3
D UR UL BS ul dl L,2,9,52,9,2,14,3
D UR UL dl BS ul L,2,9,52,9,2,14,3
D UR ul dl UL BS L,2,9,52,9,2,12,3
D UR UL dl ul BS L,2,9,52,9,2,14,3
D UR ul UL BS dl L,2,9,52,9,2,14,4
D UR UL ul BS dl L,2,9,52,9,2,16,4
D UR ul UL dl BS L,2,9,52,9,2,14,4
D UR UL ul dl BS L,2,9,52,9,2,14,4
dl D UL UR BS ul L,2,9,52,9,2,17,3
dl D UL UR ul BS L,2,9,52,9,2,15,3
dl D UR UL BS ul L,2,9,52,9,2,15,3
dl D UR ul UL BS L,2,9,52,9,2,15,4
dl D UR UL ul BS L,2,9,52,9,2,17,4
dl UL D UR BS ul L,2,9,52,9,2,17,3
dl UL D UR ul BS L,2,9,52,9,2,15,3
dl UL UR BS D ul L,2,9,52,9,2,13,3
dl UL UR D BS ul L,2,9,52,9,2,15,3
dl UL UR D ul BS L,2,9,52,9,2,13,3
dl UR D UL BS ul L,2,9,52,9,2,15,3
dl UR D ul UL BS L,2,9,52,9,2,13,4
dl UR D UL ul BS L,2,9,52,9,2,17,4
dl UR UL BS D ul L,2,9,52,9,2,11,3
dl UR UL D BS ul L,2,9,52,9,2,15,3
dl UR UL D ul BS L,2,9,52,9,2,13,3
UL BS D UR dl ul L,2,9,52,9,2,13,3
UL BS D UR ul dl L,2,9,52,9,2,13,3
UL BS UR D dl ul L,2,9,52,9,2,15,3
UL BS UR D ul dl L,2,9,52,9,2,13,3
UL BS UR dl D ul L,2,9,52,9,2,13,3
UL D BS UR dl ul L,2,9,52,9,2,15,3
UL D BS UR ul dl L,2,9,52,9,2,15,3
UL D dl UR BS ul L,2,9,52,9,2,17,3
UL D dl UR ul BS L,2,9,52,9,2,15,3
UL D UR BS dl ul L,2,9,52,9,2,15,3
UL D UR BS ul dl L,2,9,52,9,2,17,3
UL D UR dl BS ul L,2,9,52,9,2,15,3
UL D UR dl ul BS L,2,9,52,9,2,15,3
UL D UR ul BS dl L,2,9,52,9,2,15,3
UL D UR ul dl BS L,2,9,52,9,2,13,3
UL dl D UR BS ul L,2,9,52,9,2,17,3
UL dl D UR ul BS L,2,9,52,9,2,15,3
UL dl UR BS D ul L,2,9,52,9,2,13,3
UL dl UR D BS ul L,2,9,52,9,2,15,3
UL dl UR D ul BS L,2,9,52,9,2,13,3
UL UR BS D dl ul L,2,9,52,9,2,15,3
UL UR BS D ul dl L,2,9,52,9,2,13,3
UL UR BS dl D ul L,2,9,52,9,2,13,3
UL UR D BS dl ul L,2,9,52,9,2,13,3
UL UR D BS ul dl L,2,9,52,9,2,15,3
UL UR D dl BS ul L,2,9,52,9,2,15,3
UL UR D dl ul BS L,2,9,52,9,2,15,3
UL UR D ul BS dl L,2,9,52,9,2,13,3
UL UR D ul dl BS L,2,9,52,9,2,11,3
UL UR dl BS D ul L,2,9,52,9,2,11,3
UL UR dl D BS ul L,2,9,52,9,2,15,3
UL UR dl D ul BS L,2,9,52,9,2,13,3
UR BS D UL dl ul L,2,9,52,9,2,15,3
UR BS D ul UL dl L,2,9,52,9,2,15,4
UR BS D UL ul dl L,2,9,52,9,2,17,4
UR BS UL D dl ul L,2,9,52,9,2,15,3
UR BS UL D ul dl L,2,9,52,9,2,13,3
UR BS UL dl D ul L,2,9,52,9,2,13,3
UR D BS UL dl ul L,2,9,52,9,2,13,3
UR D BS ul UL dl L,2,9,52,9,2,17,4
UR D BS UL ul dl L,2,9,52,9,2,15,4
UR D dl UL BS ul L,2,9,52,9,2,15,3
UR D dl ul UL BS L,2,9,52,9,2,15,4
UR D dl UL ul BS L,2,9,52,9,2,17,4
UR D UL BS dl ul L,2,9,52,9,2,13,3
UR D ul BS UL dl L,2,9,52,9,2,13,3
UR D UL BS ul dl L,2,9,52,9,2,15,3
UR D UL dl BS ul L,2,9,52,9,2,15,3
UR D ul dl UL BS L,2,9,52,9,2,11,3
UR D UL dl ul BS L,2,9,52,9,2,15,3
UR D ul UL BS dl L,2,9,52,9,2,13,4
UR D UL ul BS dl L,2,9,52,9,2,17,4
UR D ul UL dl BS L,2,9,52,9,2,13,4
UR D UL ul dl BS L,2,9,52,9,2,15,4
UR dl D UL BS ul L,2,9,52,9,2,15,3
UR dl D ul UL BS L,2,9,52,9,2,13,4
UR dl D UL ul BS L,2,9,52,9,2,17,4
UR dl UL BS D ul L,2,9,52,9,2,11,3
UR dl UL D BS ul L,2,9,52,9,2,15,3
UR dl UL D ul BS L,2,9,52,9,2,13,3
UR UL BS D dl ul L,2,9,52,9,2,13,3
UR UL BS D ul dl L,2,9,52,9,2,11,3
UR UL BS dl D ul L,2,9,52,9,2,11,3
UR UL D BS dl ul L,2,9,52,9,2,13,3
UR UL D BS ul dl L,2,9,52,9,2,15,3
UR UL D dl BS ul L,2,9,52,9,2,15,3
UR UL D dl ul BS L,2,9,52,9,2,15,3
UR UL D ul BS dl L,2,9,52,9,2,13,3
UR UL D ul dl BS L,2,9,52,9,2,11,3
UR UL dl BS D ul L,2,9,52,9,2,11,3
UR UL dl D BS ul L,2,9,52,9,2,15,3
UR UL dl D ul BS L,2,9,52,9,2,13,3
D dl L UL BS ul UR,2,9,52,10,2,13,3
D dl L ul UL BS UR,2,9,52,10,2,17,4
D dl L UL ul BS UR,2,9,52,10,2,17,4
D dl ul L UL BS UR,2,9,52,10,2,13,3
D L dl UL BS ul UR,2,9,52,10,2,13,3
D L dl ul UL BS UR,2,9,52,10,2,15,4
D L dl UL ul BS UR,2,9,52,10,2,17,4
D L UL BS dl ul UR,2,9,52,10,2,9,2
D L UL BS ul dl UR,2,9,52,10,2,11,3
D L UL dl BS ul UR,2,9,52,10,2,11,3
D L ul dl UL BS UR,2,9,52,10,2,13,3
D L UL dl ul BS UR,2,9,52,10,2,13,3
D L ul UL BS dl UR,2,9,52,10,2,13,4
D L UL ul BS dl UR,2,9,52,10,2,13,4
D L ul UL dl BS UR,2,9,52,10,2,15,4
D L UL ul dl BS UR,2,9,52,10,2,13,4
D ul dl L UL BS UR,2,9,52,10,2,11,3
D ul L dl UL BS UR,2,9,52,10,2,13,3
D ul L UL BS dl UR,2,9,52,10,2,9,3
D ul L UL dl BS UR,2,9,52,10,2,11,3
dl D L UL BS ul UR,2,9,52,10,2,12,3
dl D L ul UL BS UR,2,9,52,10,2,16,4
dl D L UL ul BS UR,2,9,52,10,2,16,4
dl D ul L UL BS UR,2,9,52,10,2,12,3
dl L D UL BS ul UR,2,9,52,10,2,14,3
dl L D ul UL BS UR,2,9,52,10,2,14,4
dl L D UL ul BS UR,2,9,52,10,2,18,4
dl L UL D BS ul UR,2,9,52,10,2,14,3
dl L ul D UL BS UR,2,9,52,10,2,14,3
dl L UL D ul BS UR,2,9,52,10,2,14,3
dl L ul UL D BS UR,2,9,52,10,2,18,4
dl L UL ul D BS UR,2,9,52,10,2,14,4
dl ul D L UL BS UR,2,9,52,10,2,10,3
dl ul L D UL BS UR,2,9,52,10,2,14,3
dl ul L UL D BS UR,2,9,52,10,2,14,3
L D dl UL BS ul UR,2,9,52,10,2,13,3
L D dl ul UL BS UR,2,9,52,10,2,15,4
L D dl UL ul BS UR,2,9,52,10,2,17,4
L D UL BS dl ul UR,2,9,52,10,2,11,3
L D UL BS ul dl UR,2,9,52,10,2,13,3
L D UL dl BS ul UR,2,9,52,10,2,13,3
L D ul dl UL BS UR,2,9,52,10,2,11,3
L D UL dl ul BS UR,2,9,52,10,2,15,3
L D ul UL BS dl UR,2,9,52,10,2,11,4
L D UL ul BS dl UR,2,9,52,10,2,15,4
L D ul UL dl BS UR,2,9,52,10,2,13,4
L D UL ul dl BS UR,2,9,52,10,2,15,4
L dl D UL BS ul UR,2,9,52,10,2,15,3
L dl D ul UL BS UR,2,9,52,10,2,15,4
L dl D UL ul BS UR,2,9,52,10,2,19,4
L dl UL D BS ul UR,2,9,52,10,2,15,3
L dl ul D UL BS UR,2,9,52,10,2,13,3
L dl UL D ul BS UR,2,9,52,10,2,15,3
L dl ul UL D BS UR,2,9,52,10,2,17,4
L dl UL ul D BS UR,2,9,52,10,2,15,4
L UL D BS dl ul UR,2,9,52,10,2,11,3
L UL D BS ul dl UR,2,9,52,10,2,13,3
L UL D dl BS ul UR,2,9,52,10,2,13,3
L ul D dl UL BS UR,2,9,52,10,2,13,3
L UL D dl ul BS UR,2,9,52,10,2,15,3
L ul D UL BS dl UR,2,9,52,10,2,11,3
L UL D ul BS dl UR,2,9,52,10,2,11,3
L ul D UL dl BS UR,2,9,52,10,2,13,3
L UL D ul dl BS UR,2,9,52,10,2,11,3
L UL dl D BS ul UR,2,9,52,10,2,13,3
L ul dl D UL BS UR,2,9,52,10,2,15,3
L UL dl D ul BS UR,2,9,52,10,2,13,3
L ul dl UL D BS UR,2,9,52,10,2,15,3
L UL dl ul D BS UR,2,9,52,10,2,11,3
L ul UL D BS dl UR,2,9,52,10,2,15,4
L UL ul D BS dl UR,2,9,52,10,2,11,4
L ul UL D dl BS UR,2,9,52,10,2,17,4
L UL ul D dl BS UR,2,9,52,10,2,13,4
L ul UL dl D BS UR,2,9,52,10,2,17,4
L UL ul dl D BS UR,2,9,52,10,2,15,4
ul D dl L UL BS UR,2,9,52,10,2,12,3
ul D L dl UL BS UR,2,9,52,10,2,12,3
ul D L UL BS dl UR,2,9,52,10,2,8,2
ul D L UL dl BS UR,2,9,52,10,2,10,3
ul dl D L UL BS UR,2,9,52,10,2,12,3
ul dl L D UL BS UR,2,9,52,10,2,14,3
ul dl L UL D BS UR,2,9,52,10,2,14,3
ul L D dl UL BS UR,2,9,52,10,2,14,3
ul L D UL BS dl UR,2,9,52,10,2,12,3
ul L D UL dl BS UR,2,9,52,10,2,14,3
ul L dl D UL BS UR,2,9,52,10,2,16,3
ul L dl UL D BS UR,2,9,52,10,2,16,3
ul L UL D BS dl UR,2,9,52,10,2,12,3
ul L UL D dl BS UR,2,9,52,10,2,14,3
ul L UL dl D BS UR,2,9,52,10,2,14,3
