order,min_memo,max_memo,sum_memo,memorized,d_moves,pin_changes,max_pin_changes
dr UL R UR D ur BS,2,9,27,6,2,11,3
dr UL R ur UR D BS,2,9,27,6,2,17,4
dr UL R UR ur D BS,2,9,27,6,2,13,4
dr UL UR R D ur BS,2,9,27,6,2,9,2
dr UL ur R UR D BS,2,9,27,6,2,13,3
dr UL UR R ur D BS,2,9,27,6,2,11,3
dr UL ur UR R D BS,2,9,27,6,2,13,4
dr UL UR ur R D BS,2,9,27,6,2,15,4
dr ur UL R UR D BS,2,9,27,6,2,13,3
dr ur UL UR R D BS,2,9,27,6,2,11,2
UL dr R UR D ur BS,2,9,27,6,2,11,3
UL dr R ur UR D BS,2,9,27,6,2,17,4
UL dr R UR ur D BS,2,9,27,6,2,13,4
UL dr UR R D ur BS,2,9,27,6,2,9,2
UL dr ur R UR D BS,2,9,27,6,2,13,3
UL dr UR R ur D BS,2,9,27,6,2,11,3
UL dr ur UR R D BS,2,9,27,6,2,13,4
UL dr UR ur R D BS,2,9,27,6,2,15,4
UL R dr UR D ur BS,2,9,27,6,2,13,3
UL R dr ur UR D BS,2,9,27,6,2,17,4
UL R dr UR ur D BS,2,9,27,6,2,15,4
UL R ur dr UR D BS,2,9,27,6,2,15,3
UL ur dr R UR D BS,2,9,27,6,2,13,3
UL ur dr UR R D BS,2,9,27,6,2,11,2
UL ur R dr UR D BS,2,9,27,6,2,15,3
ur dr UL R UR D BS,2,9,27,6,2,13,3
ur dr UL UR R D BS,2,9,27,6,2,11,2
ur UL dr R UR D BS,2,9,27,6,2,13,3
ur UL dr UR R D BS,2,9,27,6,2,11,2
ur UL R dr UR D BS,2,9,27,6,2,15,3
BS dr UL UR R D ur,2,7,28,5,2,11,3
BS UL dr UR R D ur,2,7,28,5,2,9,2
dr BS UL UR R D ur,2,7,28,5,2,10,3
dr UL BS UR R D ur,2,7,28,5,2,10,3
dr UL UR BS R D ur,2,7,28,5,2,12,3
UL BS dr UR R D ur,2,7,28,5,2,10,3
UL dr BS UR R D ur,2,7,28,5,2,12,3
UL dr UR BS R D ur,2,7,28,5,2,12,3
D dr UL UR R ur BS,2,9,29,6,2,12,3
D dr UL ur UR R BS,2,9,29,6,2,14,4
D dr UL UR ur R BS,2,9,29,6,2,16,4
D dr ur UL UR R BS,2,9,29,6,2,12,3
D UL dr UR R ur BS,2,9,29,6,2,12,3
D UL dr ur UR R BS,2,9,29,6,2,14,4
D UL dr UR ur R BS,2,9,29,6,2,16,4
D UL ur dr UR R BS,2,9,29,6,2,12,3
D ur dr UL UR R BS,2,9,29,6,2,10,2
D ur UL dr UR R BS,2,9,29,6,2,10,2
dr D UL UR R ur BS,2,9,29,6,2,13,3
dr D UL ur UR R BS,2,9,29,6,2,15,4
dr D UL UR ur R BS,2,9,29,6,2,17,4
dr D ur UL UR R BS,2,9,29,6,2,11,3
dr UL D UR R ur BS,2,9,29,6,2,13,3
dr UL D ur UR R BS,2,9,29,6,2,13,4
dr UL D UR ur R BS,2,9,29,6,2,17,4
dr UL UR D R ur BS,2,9,29,6,2,13,3
dr UL ur D UR R BS,2,9,29,6,2,11,3
dr UL UR D ur R BS,2,9,29,6,2,13,3
dr UL ur UR D R BS,2,9,29,6,2,15,4
dr UL UR ur D R BS,2,9,29,6,2,13,4
dr ur D UL UR R BS,2,9,29,6,2,11,3
dr ur UL D UR R BS,2,9,29,6,2,13,3
dr ur UL UR D R BS,2,9,29,6,2,13,3
UL D dr UR R ur BS,2,9,29,6,2,13,3
UL D dr ur UR R BS,2,9,29,6,2,15,4
UL D dr UR ur R BS,2,9,29,6,2,17,4
UL D ur dr UR R BS,2,9,29,6,2,11,3
UL dr D UR R ur BS,2,9,29,6,2,13,3
UL dr D ur UR R BS,2,9,29,6,2,13,4
UL dr D UR ur R BS,2,9,29,6,2,17,4
UL dr UR D R ur BS,2,9,29,6,2,13,3
UL dr ur D UR R BS,2,9,29,6,2,11,3
UL dr UR D ur R BS,2,9,29,6,2,13,3
UL dr ur UR D R BS,2,9,29,6,2,15,4
UL dr UR ur D R BS,2,9,29,6,2,13,4
UL ur D dr UR R BS,2,9,29,6,2,11,3
UL ur dr D UR R BS,2,9,29,6,2,13,3
UL ur dr UR D R BS,2,9,29,6,2,13,3
ur D dr UL UR R BS,2,9,29,6,2,11,3
ur D UL dr UR R BS,2,9,29,6,2,11,3
ur dr D UL UR R BS,2,9,29,6,2,13,3
ur dr UL D UR R BS,2,9,29,6,2,13,3
ur dr UL UR D R BS,2,9,29,6,2,13,3
ur UL D dr UR R BS,2,9,29,6,2,13,3
ur UL dr D UR R BS,2,9,29,6,2,13,3
ur UL dr UR D R BS,2,9,29,6,2,13,3
D dr R UR UL ur BS,2,9,29,7,2,12,3
D dr R ur UR UL BS,2,9,29,7,2,16,4
D dr R UR ur UL BS,2,9,29,7,2,14,4
D dr ur R UR UL BS,2,9,29,7,2,12,3
D R dr UR UL ur BS,2,9,29,7,2,12,3
D R dr ur UR UL BS,2,9,29,7,2,14,4
D R dr UR ur UL BS,2,9,29,7,2,14,4
D R UR dr UL ur BS,2,9,29,7,2,10,2
D R ur dr UR UL BS,2,9,29,7,2,12,3
D R UR dr ur UL BS,2,9,29,7,2,10,2
D R ur UR dr UL BS,2,9,29,7,2,14,4
D R UR ur dr UL BS,2,9,29,7,2,12,4
D ur dr R UR UL BS,2,9,29,7,2,10,3
D ur R dr UR UL BS,2,9,29,7,2,12,3
D ur R UR dr UL BS,2,9,29,7,2,10,3
dr D R UR UL ur BS,2,9,29,7,2,11,3
dr D R ur UR UL BS,2,9,29,7,2,15,4
dr D R UR ur UL BS,2,9,29,7,2,13,4
dr D ur R UR UL BS,2,9,29,7,2,11,3
dr R D UR UL ur BS,2,9,29,7,2,13,3
dr R D ur UR UL BS,2,9,29,7,2,13,4
dr R D UR ur UL BS,2,9,29,7,2,15,4
dr R ur D UR UL BS,2,9,29,7,2,13,3
dr ur D R UR UL BS,2,9,29,7,2,9,2
dr ur R D UR UL BS,2,9,29,7,2,13,3
R D dr UR UL ur BS,2,9,29,7,2,12,3
R D dr ur UR UL BS,2,9,29,7,2,14,4
R D dr UR ur UL BS,2,9,29,7,2,14,4
R D UR dr UL ur BS,2,9,29,7,2,12,3
R D ur dr UR UL BS,2,9,29,7,2,10,2
R D UR dr ur UL BS,2,9,29,7,2,12,3
R D ur UR dr UL BS,2,9,29,7,2,12,4
R D UR ur dr UL BS,2,9,29,7,2,14,4
R dr D UR UL ur BS,2,9,29,7,2,14,3
R dr D ur UR UL BS,2,9,29,7,2,14,4
R dr D UR ur UL BS,2,9,29,7,2,16,4
R dr ur D UR UL BS,2,9,29,7,2,12,3
R ur D dr UR UL BS,2,9,29,7,2,12,3
R ur D UR dr UL BS,2,9,29,7,2,12,3
R ur dr D UR UL BS,2,9,29,7,2,14,3
ur D dr R UR UL BS,2,9,29,7,2,11,3
ur D R dr UR UL BS,2,9,29,7,2,11,3
ur D R UR dr UL BS,2,9,29,7,2,9,2
ur dr D R UR UL BS,2,9,29,7,2,11,3
ur dr R D UR UL BS,2,9,29,7,2,13,3
ur R D dr UR UL BS,2,9,29,7,2,13,3
ur R D UR dr UL BS,2,9,29,7,2,13,3
ur R dr D UR UL BS,2,9,29,7,2,15,3
BS dr UL R UR D ur,2,7,30,6,2,13,3
BS UL dr R UR D ur,2,7,30,6,2,11,3
BS UL R dr UR D ur,2,7,30,6,2,13,3
BS UL R UR D dr ur,2,7,30,6,2,13,3
BS UL R UR dr D ur,2,7,30,6,2,11,3
dr BS UL R UR D ur,2,7,30,6,2,12,3
dr UL BS R UR D ur,2,7,30,6,2,10,3
dr UL R BS UR D ur,2,7,30,6,2,14,3
dr UL R UR BS D ur,2,7,30,6,2,12,3
dr UL R UR D BS ur,2,7,30,6,2,12,3
dr UL UR R BS D ur,2,7,30,6,2,10,2
dr UL UR R D BS ur,2,7,30,6,2,10,2
UL BS dr R UR D ur,2,7,30,6,2,12,3
UL BS R dr UR D ur,2,7,30,6,2,12,3
UL BS R UR D dr ur,2,7,30,6,2,12,3
UL BS R UR dr D ur,2,7,30,6,2,10,3
UL dr BS R UR D ur,2,7,30,6,2,12,3
UL dr R BS UR D ur,2,7,30,6,2,14,3
UL dr R UR BS D ur,2,7,30,6,2,12,3
UL dr R UR D BS ur,2,7,30,6,2,12,3
UL dr UR R BS D ur,2,7,30,6,2,10,2
UL dr UR R D BS ur,2,7,30,6,2,10,2
UL R BS dr UR D ur,2,7,30,6,2,14,3
UL R BS UR D dr ur,2,7,30,6,2,16,3
UL R BS UR dr D ur,2,7,30,6,2,14,3
UL R dr BS UR D ur,2,7,30,6,2,16,3
UL R dr UR BS D ur,2,7,30,6,2,14,3
UL R dr UR D BS ur,2,7,30,6,2,14,3
dr UR R D UL ur BS,2,9,30,6,2,11,3
dr UR R D ur UL BS,2,9,30,6,2,9,2
dr UR R UL D ur BS,2,9,30,6,2,11,3
dr UR R UL ur D BS,2,9,30,6,2,11,3
dr UR R ur D UL BS,2,9,30,6,2,11,3
dr UR R ur UL D BS,2,9,30,6,2,13,3
dr UR UL R D ur BS,2,9,30,6,2,11,3
dr UR UL R ur D BS,2,9,30,6,2,13,3
dr UR UL ur R D BS,2,9,30,6,2,13,3
dr ur UR R D UL BS,2,9,30,6,2,13,4
dr UR ur R D UL BS,2,9,30,6,2,15,4
dr ur UR R UL D BS,2,9,30,6,2,15,4
dr UR ur R UL D BS,2,9,30,6,2,17,4
dr ur UR UL R D BS,2,9,30,6,2,15,4
dr UR ur UL R D BS,2,9,30,6,2,15,4
UR dr R D UL ur BS,2,9,30,6,2,13,3
UR dr R D ur UL BS,2,9,30,6,2,11,3
UR dr R UL D ur BS,2,9,30,6,2,13,3
UR dr R UL ur D BS,2,9,30,6,2,13,3
UR dr R ur D UL BS,2,9,30,6,2,13,3
UR dr R ur UL D BS,2,9,30,6,2,15,3
UR dr UL R D ur BS,2,9,30,6,2,11,3
UR dr UL R ur D BS,2,9,30,6,2,13,3
UR dr UL ur R D BS,2,9,30,6,2,13,3
ur dr UR R D UL BS,2,9,30,6,2,11,3
UR dr ur R D UL BS,2,9,30,6,2,13,3
ur dr UR R UL D BS,2,9,30,6,2,13,3
UR dr ur R UL D BS,2,9,30,6,2,15,3
ur dr UR UL R D BS,2,9,30,6,2,13,3
UR dr ur UL R D BS,2,9,30,6,2,13,3
UR R D dr UL ur BS,2,9,30,6,2,11,3
UR R D dr ur UL BS,2,9,30,6,2,11,3
UR R D ur dr UL BS,2,9,30,6,2,9,2
UR R dr D UL ur BS,2,9,30,6,2,13,3
UR R dr D ur UL BS,2,9,30,6,2,11,3
UR R dr UL D ur BS,2,9,30,6,2,11,3
UR R dr UL ur D BS,2,9,30,6,2,11,3
UR R dr ur D UL BS,2,9,30,6,2,11,3
UR R dr ur UL D BS,2,9,30,6,2,13,3
UR R ur D dr UL BS,2,9,30,6,2,11,3
UR R ur dr D UL BS,2,9,30,6,2,13,3
UR R ur dr UL D BS,2,9,30,6,2,13,3
ur UR dr R D UL BS,2,9,30,6,2,15,4
UR ur dr R D UL BS,2,9,30,6,2,15,4
ur UR dr R UL D BS,2,9,30,6,2,17,4
UR ur dr R UL D BS,2,9,30,6,2,17,4
ur UR dr UL R D BS,2,9,30,6,2,15,4
UR ur dr UL R D BS,2,9,30,6,2,15,4
ur UR R D dr UL BS,2,9,30,6,2,13,4
UR ur R D dr UL BS,2,9,30,6,2,15,4
ur UR R dr D UL BS,2,9,30,6,2,15,4
UR ur R dr D UL BS,2,9,30,6,2,17,4
ur UR R dr UL D BS,2,9,30,6,2,15,4
UR ur R dr UL D BS,2,9,30,6,2,17,4
BS dr UR UL R D ur,2,9,31,5,2,13,3
BS UR dr UL R D ur,2,9,31,5,2,13,3
dr BS UR UL R D ur,2,9,31,5,2,14,3
dr UR BS UL R D ur,2,9,31,5,2,12,3
dr UR UL BS R D ur,2,9,31,5,2,10,2
UR BS dr UL R D ur,2,9,31,5,2,14,3
UR dr BS UL R D ur,2,9,31,5,2,12,3
UR dr UL BS R D ur,2,9,31,5,2,10,2
BS D ur UL R UR dr,2,9,31,6,2,11,3
BS ur D UL R UR dr,2,9,31,6,2,11,3
D BS ur UL R UR dr,2,9,31,6,2,11,3
D ur BS UL R UR dr,2,9,31,6,2,9,3
ur BS D UL R UR dr,2,9,31,6,2,12,3
ur D BS UL R UR dr,2,9,31,6,2,10,3
D dr UL R ur UR BS,2,9,31,7,2,18,4
D dr UL R UR ur BS,2,9,31,7,2,14,4
D dr UL ur R UR BS,2,9,31,7,2,14,3
D dr ur UL R UR BS,2,9,31,7,2,14,3
D UL dr R ur UR BS,2,9,31,7,2,18,4
D UL dr R UR ur BS,2,9,31,7,2,14,4
D UL dr ur R UR BS,2,9,31,7,2,14,3
D UL R dr ur UR BS,2,9,31,7,2,18,4
D UL R dr UR ur BS,2,9,31,7,2,16,4
D UL R ur dr UR BS,2,9,31,7,2,16,3
D UL R UR dr ur BS,2,9,31,7,2,12,3
D UL R ur UR dr BS,2,9,31,7,2,18,4
D UL R UR ur dr BS,2,9,31,7,2,16,4
D UL ur dr R UR BS,2,9,31,7,2,14,3
D UL ur R dr UR BS,2,9,31,7,2,16,3
D UL ur R UR dr BS,2,9,31,7,2,14,3
D ur dr UL R UR BS,2,9,31,7,2,12,3
D ur UL dr R UR BS,2,9,31,7,2,12,3
D ur UL R dr UR BS,2,9,31,7,2,14,3
D ur UL R UR dr BS,2,9,31,7,2,12,3
dr D UL R ur UR BS,2,9,31,7,2,19,4
dr D UL R UR ur BS,2,9,31,7,2,15,4
dr D UL ur R UR BS,2,9,31,7,2,15,3
dr D ur UL R UR BS,2,9,31,7,2,13,3
dr R UL UR D ur BS,2,9,31,7,2,13,3
dr R UL ur UR D BS,2,9,31,7,2,17,4
dr R UL UR ur D BS,2,9,31,7,2,15,4
dr R ur UL UR D BS,2,9,31,7,2,15,3
dr UL D R ur UR BS,2,9,31,7,2,17,4
dr UL D R UR ur BS,2,9,31,7,2,13,4
dr UL D ur R UR BS,2,9,31,7,2,13,3
dr UL R D ur UR BS,2,9,31,7,2,15,4
dr UL R D UR ur BS,2,9,31,7,2,15,4
dr UL R ur D UR BS,2,9,31,7,2,15,3
dr UL ur D R UR BS,2,9,31,7,2,11,3
dr UL ur R D UR BS,2,9,31,7,2,15,3
dr ur D UL R UR BS,2,9,31,7,2,13,3
dr ur R UL UR D BS,2,9,31,7,2,15,3
dr ur UL D R UR BS,2,9,31,7,2,13,3
dr ur UL R D UR BS,2,9,31,7,2,15,3
R dr UL UR D ur BS,2,9,31,7,2,12,3
R dr UL ur UR D BS,2,9,31,7,2,16,4
R dr UL UR ur D BS,2,9,31,7,2,14,4
R dr ur UL UR D BS,2,9,31,7,2,14,3
R UL dr UR D ur BS,2,9,31,7,2,12,3
R UL dr ur UR D BS,2,9,31,7,2,16,4
R UL dr UR ur D BS,2,9,31,7,2,14,4
R UL ur dr UR D BS,2,9,31,7,2,14,3
R ur dr UL UR D BS,2,9,31,7,2,14,3
R ur UL dr UR D BS,2,9,31,7,2,14,3
UL D dr R ur UR BS,2,9,31,7,2,19,4
UL D dr R UR ur BS,2,9,31,7,2,15,4
UL D dr ur R UR BS,2,9,31,7,2,15,3
UL D R dr ur UR BS,2,9,31,7,2,17,4
UL D R dr UR ur BS,2,9,31,7,2,15,4
UL D R ur dr UR BS,2,9,31,7,2,15,3
UL D R UR dr ur BS,2,9,31,7,2,11,3
UL D R ur UR dr BS,2,9,31,7,2,17,4
UL D R UR ur dr BS,2,9,31,7,2,15,4
UL D ur dr R UR BS,2,9,31,7,2,13,3
UL D ur R dr UR BS,2,9,31,7,2,15,3
UL D ur R UR dr BS,2,9,31,7,2,13,3
UL dr D R ur UR BS,2,9,31,7,2,17,4
UL dr D R UR ur BS,2,9,31,7,2,13,4
UL dr D ur R UR BS,2,9,31,7,2,13,3
UL dr R D ur UR BS,2,9,31,7,2,15,4
UL dr R D UR ur BS,2,9,31,7,2,15,4
UL dr R ur D UR BS,2,9,31,7,2,15,3
UL dr ur D R UR BS,2,9,31,7,2,11,3
UL dr ur R D UR BS,2,9,31,7,2,15,3
UL R D dr ur UR BS,2,9,31,7,2,17,4
UL R D dr UR ur BS,2,9,31,7,2,15,4
UL R D ur dr UR BS,2,9,31,7,2,13,3
UL R D UR dr ur BS,2,9,31,7,2,13,3
UL R D ur UR dr BS,2,9,31,7,2,15,4
UL R D UR ur dr BS,2,9,31,7,2,17,4
UL R dr D ur UR BS,2,9,31,7,2,17,4
UL R dr D UR ur BS,2,9,31,7,2,17,4
UL R dr ur D UR BS,2,9,31,7,2,15,3
UL R ur D dr UR BS,2,9,31,7,2,15,3
UL R ur D UR dr BS,2,9,31,7,2,15,3
UL R ur dr D UR BS,2,9,31,7,2,17,3
UL ur D dr R UR BS,2,9,31,7,2,13,3
UL ur D R dr UR BS,2,9,31,7,2,13,3
UL ur D R UR dr BS,2,9,31,7,2,11,3
UL ur dr D R UR BS,2,9,31,7,2,13,3
UL ur dr R D UR BS,2,9,31,7,2,15,3
UL ur R D dr UR BS,2,9,31,7,2,15,3
UL ur R D UR dr BS,2,9,31,7,2,15,3
UL ur R dr D UR BS,2,9,31,7,2,17,3
ur D dr UL R UR BS,2,9,31,7,2,13,3
ur D UL dr R UR BS,2,9,31,7,2,13,3
ur D UL R dr UR BS,2,9,31,7,2,15,3
ur D UL R UR dr BS,2,9,31,7,2,13,3
ur dr D UL R UR BS,2,9,31,7,2,15,3
ur dr R UL UR D BS,2,9,31,7,2,15,3
ur dr UL D R UR BS,2,9,31,7,2,13,3
ur dr UL R D UR BS,2,9,31,7,2,15,3
ur R dr UL UR D BS,2,9,31,7,2,15,3
ur R UL dr UR D BS,2,9,31,7,2,15,3
ur UL D dr R UR BS,2,9,31,7,2,15,3
ur UL D R dr UR BS,2,9,31,7,2,15,3
ur UL D R UR dr BS,2,9,31,7,2,13,3
ur UL dr D R UR BS,2,9,31,7,2,13,3
ur UL dr R D UR BS,2,9,31,7,2,15,3
ur UL R D dr UR BS,2,9,31,7,2,15,3
ur UL R D UR dr BS,2,9,31,7,2,15,3
ur UL R dr D UR BS,2,9,31,7,2,17,3
BS D dr UL UR R ur,2,7,32,6,2,13,3
BS D UL dr UR R ur,2,7,32,6,2,13,3
BS dr D UL UR R ur,2,7,32,6,2,15,3
BS dr UL D UR R ur,2,7,32,6,2,15,3
BS dr UL UR D R ur,2,7,32,6,2,15,3
BS UL D dr UR R ur,2,7,32,6,2,13,3
BS UL dr D UR R ur,2,7,32,6,2,13,3
BS UL dr UR D R ur,2,7,32,6,2,13,3
D BS dr UL UR R ur,2,7,32,6,2,13,3
D BS UL dr UR R ur,2,7,32,6,2,11,3
D dr BS UL UR R ur,2,7,32,6,2,13,3
D dr UL BS UR R ur,2,7,32,6,2,13,3
D dr UL UR BS R ur,2,7,32,6,2,15,3
D dr UL UR R BS ur,2,7,32,6,2,11,3
D UL BS dr UR R ur,2,7,32,6,2,13,3
D UL dr BS UR R ur,2,7,32,6,2,15,3
D UL dr UR BS R ur,2,7,32,6,2,15,3
D UL dr UR R BS ur,2,7,32,6,2,11,3
dr BS D UL UR R ur,2,7,32,6,2,14,3
dr BS UL D UR R ur,2,7,32,6,2,14,3
dr BS UL UR D R ur,2,7,32,6,2,14,3
dr D BS UL UR R ur,2,7,32,6,2,12,3
dr D UL BS UR R ur,2,7,32,6,2,14,3
dr D UL UR BS R ur,2,7,32,6,2,16,3
dr D UL UR R BS ur,2,7,32,6,2,12,3
dr UL BS D UR R ur,2,7,32,6,2,12,3
dr UL BS UR D R ur,2,7,32,6,2,14,3
dr UL D BS UR R ur,2,7,32,6,2,14,3
dr UL D UR BS R ur,2,7,32,6,2,16,3
dr UL D UR R BS ur,2,7,32,6,2,12,3
dr UL UR BS D R ur,2,7,32,6,2,14,3
dr UL UR D BS R ur,2,7,32,6,2,14,3
dr UL UR D R BS ur,2,7,32,6,2,12,3
UL BS D dr UR R ur,2,7,32,6,2,12,3
UL BS dr D UR R ur,2,7,32,6,2,14,3
UL BS dr UR D R ur,2,7,32,6,2,14,3
UL D BS dr UR R ur,2,7,32,6,2,14,3
UL D dr BS UR R ur,2,7,32,6,2,16,3
UL D dr UR BS R ur,2,7,32,6,2,16,3
UL D dr UR R BS ur,2,7,32,6,2,12,3
UL dr BS D UR R ur,2,7,32,6,2,14,3
UL dr BS UR D R ur,2,7,32,6,2,16,3
UL dr D BS UR R ur,2,7,32,6,2,14,3
UL dr D UR BS R ur,2,7,32,6,2,16,3
UL dr D UR R BS ur,2,7,32,6,2,12,3
UL dr UR BS D R ur,2,7,32,6,2,14,3
UL dr UR D BS R ur,2,7,32,6,2,14,3
UL dr UR D R BS ur,2,7,32,6,2,12,3
D dr UR R UL ur BS,2,9,32,6,2,12,3
D dr UR R ur UL BS,2,9,32,6,2,12,3
D dr UR UL R ur BS,2,9,32,6,2,14,3
D dr UR UL ur R BS,2,9,32,6,2,14,3
D dr ur UR R UL BS,2,9,32,6,2,14,4
D dr UR ur R UL BS,2,9,32,6,2,16,4
D dr ur UR UL R BS,2,9,32,6,2,16,4
D dr UR ur UL R BS,2,9,32,6,2,16,4
D UR dr R UL ur BS,2,9,32,6,2,14,3
D UR dr R ur UL BS,2,9,32,6,2,14,3
D UR dr UL R ur BS,2,9,32,6,2,14,3
D UR dr UL ur R BS,2,9,32,6,2,14,3
D ur dr UR R UL BS,2,9,32,6,2,10,3
D UR dr ur R UL BS,2,9,32,6,2,14,3
D ur dr UR UL R BS,2,9,32,6,2,12,3
D UR dr ur UL R BS,2,9,32,6,2,14,3
D UR R dr UL ur BS,2,9,32,6,2,12,3
D UR R dr ur UL BS,2,9,32,6,2,12,3
D UR R ur dr UL BS,2,9,32,6,2,12,3
D ur UR dr R UL BS,2,9,32,6,2,14,4
D UR ur dr R UL BS,2,9,32,6,2,16,4
D ur UR dr UL R BS,2,9,32,6,2,14,4
D UR ur dr UL R BS,2,9,32,6,2,16,4
D ur UR R dr UL BS,2,9,32,6,2,12,4
D UR ur R dr UL BS,2,9,32,6,2,16,4
dr D UR R UL ur BS,2,9,32,6,2,13,3
dr D UR R ur UL BS,2,9,32,6,2,13,3
dr D UR UL R ur BS,2,9,32,6,2,15,3
dr D UR UL ur R BS,2,9,32,6,2,15,3
dr D ur UR R UL BS,2,9,32,6,2,13,4
dr D UR ur R UL BS,2,9,32,6,2,17,4
dr D ur UR UL R BS,2,9,32,6,2,15,4
dr D UR ur UL R BS,2,9,32,6,2,17,4
dr UR D R UL ur BS,2,9,32,6,2,13,3
dr UR D R ur UL BS,2,9,32,6,2,13,3
dr UR D UL R ur BS,2,9,32,6,2,15,3
dr UR D UL ur R BS,2,9,32,6,2,15,3
dr ur D UR R UL BS,2,9,32,6,2,11,3
dr UR D ur R UL BS,2,9,32,6,2,13,3
dr ur D UR UL R BS,2,9,32,6,2,13,3
dr UR D ur UL R BS,2,9,32,6,2,13,3
dr UR UL D R ur BS,2,9,32,6,2,13,3
dr UR UL D ur R BS,2,9,32,6,2,13,3
dr UR UL ur D R BS,2,9,32,6,2,11,2
dr ur UR D R UL BS,2,9,32,6,2,15,4
dr UR ur D R UL BS,2,9,32,6,2,13,4
dr ur UR D UL R BS,2,9,32,6,2,17,4
dr UR ur D UL R BS,2,9,32,6,2,15,4
dr ur UR UL D R BS,2,9,32,6,2,15,4
dr UR ur UL D R BS,2,9,32,6,2,15,4
UR D dr R UL ur BS,2,9,32,6,2,15,3
UR D dr R ur UL BS,2,9,32,6,2,15,3
UR D dr UL R ur BS,2,9,32,6,2,15,3
UR D dr UL ur R BS,2,9,32,6,2,15,3
ur D dr UR R UL BS,2,9,32,6,2,11,3
UR D dr ur R UL BS,2,9,32,6,2,15,3
ur D dr UR UL R BS,2,9,32,6,2,13,3
UR D dr ur UL R BS,2,9,32,6,2,15,3
UR D R dr UL ur BS,2,9,32,6,2,13,3
UR D R dr ur UL BS,2,9,32,6,2,13,3
UR D R ur dr UL BS,2,9,32,6,2,13,3
ur D UR dr R UL BS,2,9,32,6,2,13,3
UR D ur dr R UL BS,2,9,32,6,2,13,3
ur D UR dr UL R BS,2,9,32,6,2,13,3
UR D ur dr UL R BS,2,9,32,6,2,13,3
ur D UR R dr UL BS,2,9,32,6,2,11,3
UR D ur R dr UL BS,2,9,32,6,2,13,3
UR dr D R UL ur BS,2,9,32,6,2,13,3
UR dr D R ur UL BS,2,9,32,6,2,13,3
UR dr D UL R ur BS,2,9,32,6,2,15,3
UR dr D UL ur R BS,2,9,32,6,2,15,3
ur dr D UR R UL BS,2,9,32,6,2,13,3
UR dr D ur R UL BS,2,9,32,6,2,13,3
ur dr D UR UL R BS,2,9,32,6,2,15,3
UR dr D ur UL R BS,2,9,32,6,2,13,3
UR dr UL D R ur BS,2,9,32,6,2,13,3
UR dr UL D ur R BS,2,9,32,6,2,13,3
UR dr UL ur D R BS,2,9,32,6,2,11,2
ur dr UR D R UL BS,2,9,32,6,2,13,3
UR dr ur D R UL BS,2,9,32,6,2,11,3
ur dr UR D UL R BS,2,9,32,6,2,15,3
UR dr ur D UL R BS,2,9,32,6,2,13,3
ur dr UR UL D R BS,2,9,32,6,2,13,3
UR dr ur UL D R BS,2,9,32,6,2,13,3
ur UR D dr R UL BS,2,9,32,6,2,17,4
UR ur D dr R UL BS,2,9,32,6,2,15,4
ur UR D dr UL R BS,2,9,32,6,2,17,4
UR ur D dr UL R BS,2,9,32,6,2,15,4
ur UR D R dr UL BS,2,9,32,6,2,15,4
UR ur D R dr UL BS,2,9,32,6,2,13,4
ur UR dr D R UL BS,2,9,32,6,2,15,4
UR ur dr D R UL BS,2,9,32,6,2,15,4
ur UR dr D UL R BS,2,9,32,6,2,17,4
UR ur dr D UL R BS,2,9,32,6,2,17,4
ur UR dr UL D R BS,2,9,32,6,2,15,4
UR ur dr UL D R BS,2,9,32,6,2,15,4
BS D dr R UR UL ur,2,7,32,7,2,13,3
BS D R dr UR UL ur,2,7,32,7,2,13,3
BS D R UR dr UL ur,2,7,32,7,2,11,2
BS D R UR UL dr ur,2,7,32,7,2,11,2
BS dr D R UR UL ur,2,7,32,7,2,13,3
BS dr R D UR UL ur,2,7,32,7,2,15,3
BS R D dr UR UL ur,2,7,32,7,2,13,3
BS R D UR dr UL ur,2,7,32,7,2,13,3
BS R D UR UL dr ur,2,7,32,7,2,13,3
BS R dr D UR UL ur,2,7,32,7,2,15,3
D BS dr R UR UL ur,2,7,32,7,2,13,3
D BS R dr UR UL ur,2,7,32,7,2,13,3
D BS R UR dr UL ur,2,7,32,7,2,11,2
D BS R UR UL dr ur,2,7,32,7,2,11,2
D dr BS R UR UL ur,2,7,32,7,2,13,3
D dr R BS UR UL ur,2,7,32,7,2,15,3
D dr R UR BS UL ur,2,7,32,7,2,13,3
D dr R UR UL BS ur,2,7,32,7,2,11,3
D R BS dr UR UL ur,2,7,32,7,2,13,3
D R BS UR dr UL ur,2,7,32,7,2,13,3
D R BS UR UL dr ur,2,7,32,7,2,13,3
D R dr BS UR UL ur,2,7,32,7,2,15,3
D R dr UR BS UL ur,2,7,32,7,2,13,3
D R dr UR UL BS ur,2,7,32,7,2,11,3
D R UR BS dr UL ur,2,7,32,7,2,13,3
D R UR BS UL dr ur,2,7,32,7,2,11,3
D R UR dr BS UL ur,2,7,32,7,2,11,3
D R UR dr UL BS ur,2,7,32,7,2,9,2
dr BS D R UR UL ur,2,7,32,7,2,12,3
dr BS R D UR UL ur,2,7,32,7,2,14,3
dr D BS R UR UL ur,2,7,32,7,2,12,3
dr D R BS UR UL ur,2,7,32,7,2,14,3
dr D R UR BS UL ur,2,7,32,7,2,12,3
dr D R UR UL BS ur,2,7,32,7,2,10,3
dr R BS D UR UL ur,2,7,32,7,2,14,3
dr R D BS UR UL ur,2,7,32,7,2,14,3
dr R D UR BS UL ur,2,7,32,7,2,14,3
dr R D UR UL BS ur,2,7,32,7,2,12,3
R BS D dr UR UL ur,2,7,32,7,2,13,3
R BS D UR dr UL ur,2,7,32,7,2,13,3
R BS D UR UL dr ur,2,7,32,7,2,13,3
R BS dr D UR UL ur,2,7,32,7,2,15,3
R D BS dr UR UL ur,2,7,32,7,2,13,3
R D BS UR dr UL ur,2,7,32,7,2,13,3
R D BS UR UL dr ur,2,7,32,7,2,13,3
R D dr BS UR UL ur,2,7,32,7,2,15,3
R D dr UR BS UL ur,2,7,32,7,2,13,3
R D dr UR UL BS ur,2,7,32,7,2,11,3
R D UR BS dr UL ur,2,7,32,7,2,15,3
R D UR BS UL dr ur,2,7,32,7,2,13,3
R D UR dr BS UL ur,2,7,32,7,2,13,3
R D UR dr UL BS ur,2,7,32,7,2,11,3
R dr BS D UR UL ur,2,7,32,7,2,15,3
R dr D BS UR UL ur,2,7,32,7,2,15,3
R dr D UR BS UL ur,2,7,32,7,2,15,3
R dr D UR UL BS ur,2,7,32,7,2,13,3
BS dr UR R D UL ur,2,9,33,6,2,13,3
BS dr UR R UL D ur,2,9,33,6,2,13,3
BS UL R ur D UR dr,2,9,33,6,2,13,3
BS UL R UR D ur dr,2,9,33,6,2,11,3
BS UL R ur UR D dr,2,9,33,6,2,17,4
BS UL R UR ur D dr,2,9,33,6,2,13,4
BS UL ur D R UR dr,2,9,33,6,2,9,2
BS UL ur R D UR dr,2,9,33,6,2,13,3
BS UL ur R UR D dr,2,9,33,6,2,13,3
BS UR dr R D UL ur,2,9,33,6,2,15,3
BS UR dr R UL D ur,2,9,33,6,2,15,3
BS UR R D dr UL ur,2,9,33,6,2,13,3
BS UR R D UL dr ur,2,9,33,6,2,13,3
BS UR R dr D UL ur,2,9,33,6,2,15,3
BS UR R dr UL D ur,2,9,33,6,2,13,3
BS UR R UL D dr ur,2,9,33,6,2,15,3
BS UR R UL dr D ur,2,9,33,6,2,13,3
BS ur UL D R UR dr,2,9,33,6,2,11,3
BS ur UL R D UR dr,2,9,33,6,2,13,3
BS ur UL R UR D dr,2,9,33,6,2,13,3
dr BS UR R D UL ur,2,9,33,6,2,14,3
dr BS UR R UL D ur,2,9,33,6,2,14,3
dr UR BS R D UL ur,2,9,33,6,2,14,3
dr UR BS R UL D ur,2,9,33,6,2,14,3
dr UR R BS D UL ur,2,9,33,6,2,12,3
dr UR R BS UL D ur,2,9,33,6,2,10,3
dr UR R D BS UL ur,2,9,33,6,2,10,2
dr UR R D UL BS ur,2,9,33,6,2,10,3
dr UR R UL BS D ur,2,9,33,6,2,10,3
dr UR R UL D BS ur,2,9,33,6,2,12,3
dr UR UL R BS D ur,2,9,33,6,2,12,3
dr UR UL R D BS ur,2,9,33,6,2,12,3
UL BS R ur D UR dr,2,9,33,6,2,12,3
UL BS R UR D ur dr,2,9,33,6,2,10,3
UL BS R ur UR D dr,2,9,33,6,2,16,4
UL BS R UR ur D dr,2,9,33,6,2,12,4
UL BS ur D R UR dr,2,9,33,6,2,8,2
UL BS ur R D UR dr,2,9,33,6,2,12,3
UL BS ur R UR D dr,2,9,33,6,2,12,3
UL R BS ur D UR dr,2,9,33,6,2,12,3
UL R BS UR D ur dr,2,9,33,6,2,14,3
UL R BS ur UR D dr,2,9,33,6,2,16,4
UL R BS UR ur D dr,2,9,33,6,2,16,4
UL R ur BS D UR dr,2,9,33,6,2,14,3
UL R ur BS UR D dr,2,9,33,6,2,16,3
UL ur BS D R UR dr,2,9,33,6,2,10,2
UL ur BS R D UR dr,2,9,33,6,2,12,3
UL ur BS R UR D dr,2,9,33,6,2,12,3
UL ur R BS D UR dr,2,9,33,6,2,14,3
UL ur R BS UR D dr,2,9,33,6,2,16,3
UR BS dr R D UL ur,2,9,33,6,2,16,3
UR BS dr R UL D ur,2,9,33,6,2,16,3
UR BS R D dr UL ur,2,9,33,6,2,14,3
UR BS R D UL dr ur,2,9,33,6,2,14,3
UR BS R dr D UL ur,2,9,33,6,2,16,3
UR BS R dr UL D ur,2,9,33,6,2,14,3
UR BS R UL D dr ur,2,9,33,6,2,16,3
UR BS R UL dr D ur,2,9,33,6,2,14,3
ur BS UL D R UR dr,2,9,33,6,2,10,3
ur BS UL R D UR dr,2,9,33,6,2,12,3
ur BS UL R UR D dr,2,9,33,6,2,12,3
UR dr BS R D UL ur,2,9,33,6,2,14,3
UR dr BS R UL D ur,2,9,33,6,2,14,3
UR dr R BS D UL ur,2,9,33,6,2,14,3
UR dr R BS UL D ur,2,9,33,6,2,12,3
UR dr R D BS UL ur,2,9,33,6,2,12,3
UR dr R D UL BS ur,2,9,33,6,2,12,3
UR dr R UL BS D ur,2,9,33,6,2,12,3
UR dr R UL D BS ur,2,9,33,6,2,14,3
UR dr UL R BS D ur,2,9,33,6,2,12,3
UR dr UL R D BS ur,2,9,33,6,2,12,3
UR R BS D dr UL ur,2,9,33,6,2,12,3
UR R BS D UL dr ur,2,9,33,6,2,12,3
UR R BS dr D UL ur,2,9,33,6,2,14,3
UR R BS dr UL D ur,2,9,33,6,2,12,3
UR R BS UL D dr ur,2,9,33,6,2,12,3
UR R BS UL dr D ur,2,9,33,6,2,10,3
UR R D BS dr UL ur,2,9,33,6,2,12,3
UR R D BS UL dr ur,2,9,33,6,2,10,2
UR R D dr BS UL ur,2,9,33,6,2,12,3
UR R D dr UL BS ur,2,9,33,6,2,10,3
UR R dr BS D UL ur,2,9,33,6,2,14,3
UR R dr BS UL D ur,2,9,33,6,2,12,3
UR R dr D BS UL ur,2,9,33,6,2,12,3
UR R dr D UL BS ur,2,9,33,6,2,12,3
UR R dr UL BS D ur,2,9,33,6,2,10,3
UR R dr UL D BS ur,2,9,33,6,2,12,3
ur UL BS D R UR dr,2,9,33,6,2,10,2
ur UL BS R D UR dr,2,9,33,6,2,12,3
ur UL BS R UR D dr,2,9,33,6,2,12,3
ur UL R BS D UR dr,2,9,33,6,2,14,3
ur UL R BS UR D dr,2,9,33,6,2,16,3
BS D dr UL R UR ur,2,7,34,7,2,15,4
BS D UL dr R UR ur,2,7,34,7,2,15,4
BS D UL R dr UR ur,2,7,34,7,2,17,4
BS D UL R UR dr ur,2,7,34,7,2,13,3
BS dr D UL R UR ur,2,7,34,7,2,17,4
BS dr R UL UR D ur,2,7,34,7,2,15,3
BS dr UL D R UR ur,2,7,34,7,2,15,4
BS dr UL R D UR ur,2,7,34,7,2,17,4
BS R dr UL UR D ur,2,7,34,7,2,13,3
BS R UL dr UR D ur,2,7,34,7,2,13,3
BS R UL UR D dr ur,2,7,34,7,2,15,3
BS R UL UR dr D ur,2,7,34,7,2,13,3
BS UL D dr R UR ur,2,7,34,7,2,15,4
BS UL D R dr UR ur,2,7,34,7,2,15,4
BS UL D R UR dr ur,2,7,34,7,2,11,3
BS UL dr D R UR ur,2,7,34,7,2,13,4
BS UL dr R D UR ur,2,7,34,7,2,15,4
BS UL R D dr UR ur,2,7,34,7,2,15,4
BS UL R D UR dr ur,2,7,34,7,2,13,3
BS UL R dr D UR ur,2,7,34,7,2,17,4
D BS dr UL R UR ur,2,7,34,7,2,15,4
D BS UL dr R UR ur,2,7,34,7,2,13,4
D BS UL R dr UR ur,2,7,34,7,2,15,4
D BS UL R UR dr ur,2,7,34,7,2,11,3
D dr BS UL R UR ur,2,7,34,7,2,15,4
D dr UL BS R UR ur,2,7,34,7,2,13,4
D dr UL R BS UR ur,2,7,34,7,2,17,4
D dr UL R UR BS ur,2,7,34,7,2,13,3
D UL BS dr R UR ur,2,7,34,7,2,15,4
D UL BS R dr UR ur,2,7,34,7,2,15,4
D UL BS R UR dr ur,2,7,34,7,2,11,3
D UL dr BS R UR ur,2,7,34,7,2,15,4
D UL dr R BS UR ur,2,7,34,7,2,17,4
D UL dr R UR BS ur,2,7,34,7,2,13,3
D UL R BS dr UR ur,2,7,34,7,2,17,4
D UL R BS UR dr ur,2,7,34,7,2,15,3
D UL R dr BS UR ur,2,7,34,7,2,19,4
D UL R dr UR BS ur,2,7,34,7,2,15,3
D UL R UR BS dr ur,2,7,34,7,2,15,3
D UL R UR dr BS ur,2,7,34,7,2,13,3
dr BS D UL R UR ur,2,7,34,7,2,16,4
dr BS R UL UR D ur,2,7,34,7,2,14,3
dr BS UL D R UR ur,2,7,34,7,2,14,4
dr BS UL R D UR ur,2,7,34,7,2,16,4
dr D BS UL R UR ur,2,7,34,7,2,14,4
dr D UL BS R UR ur,2,7,34,7,2,14,4
dr D UL R BS UR ur,2,7,34,7,2,18,4
dr D UL R UR BS ur,2,7,34,7,2,14,3
dr R BS UL UR D ur,2,7,34,7,2,12,3
dr R UL BS UR D ur,2,7,34,7,2,14,3
dr R UL UR BS D ur,2,7,34,7,2,14,3
dr R UL UR D BS ur,2,7,34,7,2,14,3
dr UL BS D R UR ur,2,7,34,7,2,12,4
dr UL BS R D UR ur,2,7,34,7,2,14,4
dr UL D BS R UR ur,2,7,34,7,2,14,4
dr UL D R BS UR ur,2,7,34,7,2,16,4
dr UL D R UR BS ur,2,7,34,7,2,12,3
dr UL R BS D UR ur,2,7,34,7,2,16,4
dr UL R D BS UR ur,2,7,34,7,2,16,4
dr UL R D UR BS ur,2,7,34,7,2,14,3
R BS dr UL UR D ur,2,7,34,7,2,13,3
R BS UL dr UR D ur,2,7,34,7,2,11,3
R BS UL UR D dr ur,2,7,34,7,2,13,3
R BS UL UR dr D ur,2,7,34,7,2,11,3
R dr BS UL UR D ur,2,7,34,7,2,13,3
R dr UL BS UR D ur,2,7,34,7,2,13,3
R dr UL UR BS D ur,2,7,34,7,2,13,3
R dr UL UR D BS ur,2,7,34,7,2,13,3
R UL BS dr UR D ur,2,7,34,7,2,13,3
R UL BS UR D dr ur,2,7,34,7,2,15,3
R UL BS UR dr D ur,2,7,34,7,2,13,3
R UL dr BS UR D ur,2,7,34,7,2,15,3
R UL dr UR BS D ur,2,7,34,7,2,13,3
R UL dr UR D BS ur,2,7,34,7,2,13,3
UL BS D dr R UR ur,2,7,34,7,2,14,4
UL BS D R dr UR ur,2,7,34,7,2,14,4
UL BS D R UR dr ur,2,7,34,7,2,10,2
UL BS dr D R UR ur,2,7,34,7,2,14,4
UL BS dr R D UR ur,2,7,34,7,2,16,4
UL BS R D dr UR ur,2,7,34,7,2,14,4
UL BS R D UR dr ur,2,7,34,7,2,12,3
UL BS R dr D UR ur,2,7,34,7,2,16,4
UL D BS dr R UR ur,2,7,34,7,2,16,4
UL D BS R dr UR ur,2,7,34,7,2,16,4
UL D BS R UR dr ur,2,7,34,7,2,12,3
UL D dr BS R UR ur,2,7,34,7,2,16,4
UL D dr R BS UR ur,2,7,34,7,2,18,4
UL D dr R UR BS ur,2,7,34,7,2,14,3
UL D R BS dr UR ur,2,7,34,7,2,16,4
UL D R BS UR dr ur,2,7,34,7,2,14,3
UL D R dr BS UR ur,2,7,34,7,2,18,4
UL D R dr UR BS ur,2,7,34,7,2,14,3
UL D R UR BS dr ur,2,7,34,7,2,14,3
UL D R UR dr BS ur,2,7,34,7,2,12,3
UL dr BS D R UR ur,2,7,34,7,2,14,4
UL dr BS R D UR ur,2,7,34,7,2,16,4
UL dr D BS R UR ur,2,7,34,7,2,14,4
UL dr D R BS UR ur,2,7,34,7,2,16,4
UL dr D R UR BS ur,2,7,34,7,2,12,3
UL dr R BS D UR ur,2,7,34,7,2,16,4
UL dr R D BS UR ur,2,7,34,7,2,16,4
UL dr R D UR BS ur,2,7,34,7,2,14,3
UL R BS D dr UR ur,2,7,34,7,2,16,4
UL R BS D UR dr ur,2,7,34,7,2,14,3
UL R BS dr D UR ur,2,7,34,7,2,18,4
UL R D BS dr UR ur,2,7,34,7,2,16,4
UL R D BS UR dr ur,2,7,34,7,2,14,3
UL R D dr BS UR ur,2,7,34,7,2,18,4
UL R D dr UR BS ur,2,7,34,7,2,14,3
UL R D UR BS dr ur,2,7,34,7,2,16,3
UL R D UR dr BS ur,2,7,34,7,2,14,3
UL R dr BS D UR ur,2,7,34,7,2,18,4
UL R dr D BS UR ur,2,7,34,7,2,18,4
UL R dr D UR BS ur,2,7,34,7,2,16,3
dr R UR D UL ur BS,2,9,34,7,2,13,3
dr R UR D ur UL BS,2,9,34,7,2,11,3
dr R UR UL D ur BS,2,9,34,7,2,11,3
dr R UR UL ur D BS,2,9,34,7,2,11,3
dr R ur UR D UL BS,2,9,34,7,2,17,4
dr R UR ur D UL BS,2,9,34,7,2,13,4
dr R ur UR UL D BS,2,9,34,7,2,17,4
dr R UR ur UL D BS,2,9,34,7,2,15,4
dr ur R UR D UL BS,2,9,34,7,2,13,3
dr ur R UR UL D BS,2,9,34,7,2,13,3
R dr UR D UL ur BS,2,9,34,7,2,14,3
R dr UR D ur UL BS,2,9,34,7,2,12,3
R dr UR UL D ur BS,2,9,34,7,2,12,3
R dr UR UL ur D BS,2,9,34,7,2,12,3
R dr ur UR D UL BS,2,9,34,7,2,16,4
R dr UR ur D UL BS,2,9,34,7,2,14,4
R dr ur UR UL D BS,2,9,34,7,2,16,4
R dr UR ur UL D BS,2,9,34,7,2,16,4
R UR D dr UL ur BS,2,9,34,7,2,12,3
R UR D dr ur UL BS,2,9,34,7,2,12,3
R UR D ur dr UL BS,2,9,34,7,2,10,3
R UR dr D UL ur BS,2,9,34,7,2,12,3
R UR dr D ur UL BS,2,9,34,7,2,10,3
R UR dr UL D ur BS,2,9,34,7,2,10,3
R UR dr UL ur D BS,2,9,34,7,2,10,2
R ur dr UR D UL BS,2,9,34,7,2,14,3
R UR dr ur D UL BS,2,9,34,7,2,10,3
R ur dr UR UL D BS,2,9,34,7,2,14,3
R UR dr ur UL D BS,2,9,34,7,2,12,3
R ur UR D dr UL BS,2,9,34,7,2,16,4
R UR ur D dr UL BS,2,9,34,7,2,12,4
R ur UR dr D UL BS,2,9,34,7,2,16,4
R UR ur dr D UL BS,2,9,34,7,2,14,4
R ur UR dr UL D BS,2,9,34,7,2,16,4
R UR ur dr UL D BS,2,9,34,7,2,14,4
ur dr R UR D UL BS,2,9,34,7,2,13,3
ur dr R UR UL D BS,2,9,34,7,2,13,3
ur R dr UR D UL BS,2,9,34,7,2,15,3
ur R dr UR UL D BS,2,9,34,7,2,15,3
ur R UR D dr UL BS,2,9,34,7,2,13,3
ur R UR dr D UL BS,2,9,34,7,2,13,3
ur R UR dr UL D BS,2,9,34,7,2,13,3
BS D dr UR R UL ur,2,9,35,6,2,13,3
BS D dr UR UL R ur,2,9,35,6,2,15,3
BS D UR dr R UL ur,2,9,35,6,2,15,3
BS D UR dr UL R ur,2,9,35,6,2,15,3
BS D UR R dr UL ur,2,9,35,6,2,13,3
BS D UR R UL dr ur,2,9,35,6,2,13,3
BS dr D UR R UL ur,2,9,35,6,2,15,3
BS dr D UR UL R ur,2,9,35,6,2,17,3
BS dr UR D R UL ur,2,9,35,6,2,15,3
BS dr UR D UL R ur,2,9,35,6,2,17,3
BS dr UR UL D R ur,2,9,35,6,2,15,3
BS UR D dr R UL ur,2,9,35,6,2,17,3
BS UR D dr UL R ur,2,9,35,6,2,17,3
BS UR D R dr UL ur,2,9,35,6,2,15,3
BS UR D R UL dr ur,2,9,35,6,2,15,3
BS UR dr D R UL ur,2,9,35,6,2,15,3
BS UR dr D UL R ur,2,9,35,6,2,17,3
BS UR dr UL D R ur,2,9,35,6,2,15,3
D BS dr UR R UL ur,2,9,35,6,2,13,3
D BS dr UR UL R ur,2,9,35,6,2,15,3
D BS UR dr R UL ur,2,9,35,6,2,15,3
D BS UR dr UL R ur,2,9,35,6,2,15,3
D BS UR R dr UL ur,2,9,35,6,2,13,3
D BS UR R UL dr ur,2,9,35,6,2,13,3
D dr BS UR R UL ur,2,9,35,6,2,15,3
D dr BS UR UL R ur,2,9,35,6,2,17,3
D dr UR BS R UL ur,2,9,35,6,2,15,3
D dr UR BS UL R ur,2,9,35,6,2,15,3
D dr UR R BS UL ur,2,9,35,6,2,11,3
D dr UR R UL BS ur,2,9,35,6,2,11,3
D dr UR UL BS R ur,2,9,35,6,2,13,3
D dr UR UL R BS ur,2,9,35,6,2,13,3
D UR BS dr R UL ur,2,9,35,6,2,17,3
D UR BS dr UL R ur,2,9,35,6,2,17,3
D UR BS R dr UL ur,2,9,35,6,2,15,3
D UR BS R UL dr ur,2,9,35,6,2,15,3
D UR dr BS R UL ur,2,9,35,6,2,15,3
D UR dr BS UL R ur,2,9,35,6,2,15,3
D UR dr R BS UL ur,2,9,35,6,2,13,3
D UR dr R UL BS ur,2,9,35,6,2,13,3
D UR dr UL BS R ur,2,9,35,6,2,13,3
D UR dr UL R BS ur,2,9,35,6,2,13,3
D UR R BS dr UL ur,2,9,35,6,2,13,3
D UR R BS UL dr ur,2,9,35,6,2,11,3
D UR R dr BS UL ur,2,9,35,6,2,13,3
D UR R dr UL BS ur,2,9,35,6,2,11,3
dr BS D UR R UL ur,2,9,35,6,2,14,3
dr BS D UR UL R ur,2,9,35,6,2,16,3
dr BS UR D R UL ur,2,9,35,6,2,16,3
dr BS UR D UL R ur,2,9,35,6,2,18,3
dr BS UR UL D R ur,2,9,35,6,2,16,3
dr D BS UR R UL ur,2,9,35,6,2,14,3
dr D BS UR UL R ur,2,9,35,6,2,16,3
dr D UR BS R UL ur,2,9,35,6,2,16,3
dr D UR BS UL R ur,2,9,35,6,2,16,3
dr D UR R BS UL ur,2,9,35,6,2,12,3
dr D UR R UL BS ur,2,9,35,6,2,12,3
dr D UR UL BS R ur,2,9,35,6,2,14,3
dr D UR UL R BS ur,2,9,35,6,2,14,3
dr UR BS D R UL ur,2,9,35,6,2,14,3
dr UR BS D UL R ur,2,9,35,6,2,16,3
dr UR BS UL D R ur,2,9,35,6,2,14,3
dr UR D BS R UL ur,2,9,35,6,2,14,3
dr UR D BS UL R ur,2,9,35,6,2,14,3
dr UR D R BS UL ur,2,9,35,6,2,12,3
dr UR D R UL BS ur,2,9,35,6,2,12,3
dr UR D UL BS R ur,2,9,35,6,2,14,3
dr UR D UL R BS ur,2,9,35,6,2,14,3
dr UR UL BS D R ur,2,9,35,6,2,12,3
dr UR UL D BS R ur,2,9,35,6,2,14,3
dr UR UL D R BS ur,2,9,35,6,2,12,3
UR BS D dr R UL ur,2,9,35,6,2,16,3
UR BS D dr UL R ur,2,9,35,6,2,16,3
UR BS D R dr UL ur,2,9,35,6,2,14,3
UR BS D R UL dr ur,2,9,35,6,2,14,3
UR BS dr D R UL ur,2,9,35,6,2,16,3
UR BS dr D UL R ur,2,9,35,6,2,18,3
UR BS dr UL D R ur,2,9,35,6,2,16,3
UR D BS dr R UL ur,2,9,35,6,2,16,3
UR D BS dr UL R ur,2,9,35,6,2,16,3
UR D BS R dr UL ur,2,9,35,6,2,14,3
UR D BS R UL dr ur,2,9,35,6,2,14,3
UR D dr BS R UL ur,2,9,35,6,2,16,3
UR D dr BS UL R ur,2,9,35,6,2,16,3
UR D dr R BS UL ur,2,9,35,6,2,14,3
UR D dr R UL BS ur,2,9,35,6,2,14,3
UR D dr UL BS R ur,2,9,35,6,2,14,3
UR D dr UL R BS ur,2,9,35,6,2,14,3
UR D R BS dr UL ur,2,9,35,6,2,14,3
UR D R BS UL dr ur,2,9,35,6,2,12,3
UR D R dr BS UL ur,2,9,35,6,2,14,3
UR D R dr UL BS ur,2,9,35,6,2,12,3
UR dr BS D R UL ur,2,9,35,6,2,14,3
UR dr BS D UL R ur,2,9,35,6,2,16,3
UR dr BS UL D R ur,2,9,35,6,2,14,3
UR dr D BS R UL ur,2,9,35,6,2,14,3
UR dr D BS UL R ur,2,9,35,6,2,14,3
UR dr D R BS UL ur,2,9,35,6,2,12,3
UR dr D R UL BS ur,2,9,35,6,2,12,3
UR dr D UL BS R ur,2,9,35,6,2,14,3
UR dr D UL R BS ur,2,9,35,6,2,14,3
UR dr UL BS D R ur,2,9,35,6,2,12,3
UR dr UL D BS R ur,2,9,35,6,2,14,3
UR dr UL D R BS ur,2,9,35,6,2,12,3
BS D R ur UL UR dr,2,9,35,7,2,13,3
BS D R UR UL ur dr,2,9,35,7,2,11,2
BS D R ur UR UL dr,2,9,35,7,2,15,4
BS D R UR ur UL dr,2,9,35,7,2,13,4
BS D ur R UL UR dr,2,9,35,7,2,13,3
BS D ur R UR UL dr,2,9,35,7,2,11,3
BS R D ur UL UR dr,2,9,35,7,2,11,2
BS R D UR UL ur dr,2,9,35,7,2,13,3
BS R D ur UR UL dr,2,9,35,7,2,13,4
BS R D UR ur UL dr,2,9,35,7,2,15,4
BS R ur D UL UR dr,2,9,35,7,2,13,3
BS R ur D UR UL dr,2,9,35,7,2,13,3
BS ur D R UL UR dr,2,9,35,7,2,11,3
BS ur D R UR UL dr,2,9,35,7,2,9,2
BS ur R D UL UR dr,2,9,35,7,2,13,3
BS ur R D UR UL dr,2,9,35,7,2,13,3
D BS R ur UL UR dr,2,9,35,7,2,13,3
D BS R UR UL ur dr,2,9,35,7,2,11,2
D BS R ur UR UL dr,2,9,35,7,2,15,4
D BS R UR ur UL dr,2,9,35,7,2,13,4
D BS ur R UL UR dr,2,9,35,7,2,13,3
D BS ur R UR UL dr,2,9,35,7,2,11,3
D R BS ur UL UR dr,2,9,35,7,2,11,2
D R BS UR UL ur dr,2,9,35,7,2,13,3
D R BS ur UR UL dr,2,9,35,7,2,13,4
D R BS UR ur UL dr,2,9,35,7,2,15,4
D R ur BS UL UR dr,2,9,35,7,2,11,3
D R UR BS UL ur dr,2,9,35,7,2,11,3
D R ur BS UR UL dr,2,9,35,7,2,13,3
D R UR BS ur UL dr,2,9,35,7,2,11,3
D R ur UR BS UL dr,2,9,35,7,2,15,4
D R UR ur BS UL dr,2,9,35,7,2,11,4
D ur BS R UL UR dr,2,9,35,7,2,11,3
D ur BS R UR UL dr,2,9,35,7,2,9,2
D ur R BS UL UR dr,2,9,35,7,2,11,3
D ur R BS UR UL dr,2,9,35,7,2,13,3
D ur R UR BS UL dr,2,9,35,7,2,11,3
R BS D ur UL UR dr,2,9,35,7,2,11,2
R BS D UR UL ur dr,2,9,35,7,2,13,3
R BS D ur UR UL dr,2,9,35,7,2,13,4
R BS D UR ur UL dr,2,9,35,7,2,15,4
R BS ur D UL UR dr,2,9,35,7,2,11,3
R BS ur D UR UL dr,2,9,35,7,2,11,3
R D BS ur UL UR dr,2,9,35,7,2,11,2
R D BS UR UL ur dr,2,9,35,7,2,13,3
R D BS ur UR UL dr,2,9,35,7,2,13,4
R D BS UR ur UL dr,2,9,35,7,2,15,4
R D ur BS UL UR dr,2,9,35,7,2,9,2
R D UR BS UL ur dr,2,9,35,7,2,13,3
R D ur BS UR UL dr,2,9,35,7,2,11,3
R D UR BS ur UL dr,2,9,35,7,2,13,3
R D ur UR BS UL dr,2,9,35,7,2,13,4
R D UR ur BS UL dr,2,9,35,7,2,13,4
R ur BS D UL UR dr,2,9,35,7,2,13,3
R ur BS D UR UL dr,2,9,35,7,2,13,3
R ur D BS UL UR dr,2,9,35,7,2,11,3
R ur D BS UR UL dr,2,9,35,7,2,13,3
R ur D UR BS UL dr,2,9,35,7,2,13,3
ur BS D R UL UR dr,2,9,35,7,2,12,3
ur BS D R UR UL dr,2,9,35,7,2,10,2
ur BS R D UL UR dr,2,9,35,7,2,12,3
ur BS R D UR UL dr,2,9,35,7,2,12,3
ur D BS R UL UR dr,2,9,35,7,2,12,3
ur D BS R UR UL dr,2,9,35,7,2,10,2
ur D R BS UL UR dr,2,9,35,7,2,10,2
ur D R BS UR UL dr,2,9,35,7,2,12,3
ur D R UR BS UL dr,2,9,35,7,2,10,3
ur R BS D UL UR dr,2,9,35,7,2,14,3
ur R BS D UR UL dr,2,9,35,7,2,14,3
ur R D BS UL UR dr,2,9,35,7,2,12,3
ur R D BS UR UL dr,2,9,35,7,2,14,3
ur R D UR BS UL dr,2,9,35,7,2,14,3
D dr R UL ur UR BS,2,9,35,8,2,18,4
D dr R UL UR ur BS,2,9,35,8,2,16,4
D dr R ur UL UR BS,2,9,35,8,2,16,3
D dr ur R UL UR BS,2,9,35,8,2,16,3
D R dr UL ur UR BS,2,9,35,8,2,16,4
D R dr UL UR ur BS,2,9,35,8,2,14,4
D R dr ur UL UR BS,2,9,35,8,2,14,3
D R UL dr ur UR BS,2,9,35,8,2,16,4
D R UL dr UR ur BS,2,9,35,8,2,14,4
D R UL ur dr UR BS,2,9,35,8,2,14,3
D R UL UR dr ur BS,2,9,35,8,2,12,3
D R UL ur UR dr BS,2,9,35,8,2,16,4
D R UL UR ur dr BS,2,9,35,8,2,16,4
D R ur dr UL UR BS,2,9,35,8,2,14,3
D R ur UL dr UR BS,2,9,35,8,2,14,3
D R UR UL dr ur BS,2,9,35,8,2,10,2
D R ur UL UR dr BS,2,9,35,8,2,14,3
D R UR UL ur dr BS,2,9,35,8,2,12,3
D R ur UR UL dr BS,2,9,35,8,2,16,4
D R UR ur UL dr BS,2,9,35,8,2,14,4
D ur dr R UL UR BS,2,9,35,8,2,14,3
D ur R dr UL UR BS,2,9,35,8,2,14,3
D ur R UL dr UR BS,2,9,35,8,2,14,3
D ur R UL UR dr BS,2,9,35,8,2,14,3
D ur R UR UL dr BS,2,9,35,8,2,12,3
dr D R UL ur UR BS,2,9,35,8,2,17,4
dr D R UL UR ur BS,2,9,35,8,2,15,4
dr D R ur UL UR BS,2,9,35,8,2,15,3
dr D ur R UL UR BS,2,9,35,8,2,15,3
dr R D UL ur UR BS,2,9,35,8,2,17,4
dr R D UL UR ur BS,2,9,35,8,2,15,4
dr R D ur UL UR BS,2,9,35,8,2,13,3
dr R UL D ur UR BS,2,9,35,8,2,17,4
dr R UL D UR ur BS,2,9,35,8,2,17,4
dr R UL ur D UR BS,2,9,35,8,2,15,3
dr R ur D UL UR BS,2,9,35,8,2,15,3
dr R ur UL D UR BS,2,9,35,8,2,17,3
dr ur D R UL UR BS,2,9,35,8,2,13,3
dr ur R D UL UR BS,2,9,35,8,2,15,3
dr ur R UL D UR BS,2,9,35,8,2,17,3
R D dr UL ur UR BS,2,9,35,8,2,16,4
R D dr UL UR ur BS,2,9,35,8,2,14,4
R D dr ur UL UR BS,2,9,35,8,2,14,3
R D UL dr ur UR BS,2,9,35,8,2,16,4
R D UL dr UR ur BS,2,9,35,8,2,14,4
R D UL ur dr UR BS,2,9,35,8,2,14,3
R D UL UR dr ur BS,2,9,35,8,2,12,3
R D UL ur UR dr BS,2,9,35,8,2,16,4
R D UL UR ur dr BS,2,9,35,8,2,16,4
R D ur dr UL UR BS,2,9,35,8,2,12,3
R D ur UL dr UR BS,2,9,35,8,2,12,3
R D UR UL dr ur BS,2,9,35,8,2,12,3
R D ur UL UR dr BS,2,9,35,8,2,12,3
R D UR UL ur dr BS,2,9,35,8,2,14,3
R D ur UR UL dr BS,2,9,35,8,2,14,4
R D UR ur UL dr BS,2,9,35,8,2,16,4
R dr D UL ur UR BS,2,9,35,8,2,18,4
R dr D UL UR ur BS,2,9,35,8,2,16,4
R dr D ur UL UR BS,2,9,35,8,2,14,3
R dr UL D ur UR BS,2,9,35,8,2,16,4
R dr UL D UR ur BS,2,9,35,8,2,16,4
R dr UL ur D UR BS,2,9,35,8,2,14,3
R dr ur D UL UR BS,2,9,35,8,2,14,3
R dr ur UL D UR BS,2,9,35,8,2,16,3
R UL D dr ur UR BS,2,9,35,8,2,18,4
R UL D dr UR ur BS,2,9,35,8,2,16,4
R UL D ur dr UR BS,2,9,35,8,2,14,3
R UL D UR dr ur BS,2,9,35,8,2,14,3
R UL D ur UR dr BS,2,9,35,8,2,16,4
R UL D UR ur dr BS,2,9,35,8,2,18,4
R UL dr D ur UR BS,2,9,35,8,2,16,4
R UL dr D UR ur BS,2,9,35,8,2,16,4
R UL dr ur D UR BS,2,9,35,8,2,14,3
R UL ur D dr UR BS,2,9,35,8,2,14,3
R UL ur D UR dr BS,2,9,35,8,2,14,3
R UL ur dr D UR BS,2,9,35,8,2,16,3
R ur D dr UL UR BS,2,9,35,8,2,14,3
R ur D UL dr UR BS,2,9,35,8,2,14,3
R ur D UL UR dr BS,2,9,35,8,2,14,3
R ur D UR UL dr BS,2,9,35,8,2,14,3
R ur dr D UL UR BS,2,9,35,8,2,16,3
R ur dr UL D UR BS,2,9,35,8,2,16,3
R ur UL D dr UR BS,2,9,35,8,2,16,3
R ur UL D UR dr BS,2,9,35,8,2,16,3
R ur UL dr D UR BS,2,9,35,8,2,16,3
ur D dr R UL UR BS,2,9,35,8,2,15,3
ur D R dr UL UR BS,2,9,35,8,2,13,3
ur D R UL dr UR BS,2,9,35,8,2,13,3
ur D R UL UR dr BS,2,9,35,8,2,13,3
ur D R UR UL dr BS,2,9,35,8,2,11,3
ur dr D R UL UR BS,2,9,35,8,2,15,3
ur dr R D UL UR BS,2,9,35,8,2,15,3
ur dr R UL D UR BS,2,9,35,8,2,17,3
ur R D dr UL UR BS,2,9,35,8,2,15,3
ur R D UL dr UR BS,2,9,35,8,2,15,3
ur R D UL UR dr BS,2,9,35,8,2,15,3
ur R D UR UL dr BS,2,9,35,8,2,15,3
ur R dr D UL UR BS,2,9,35,8,2,17,3
ur R dr UL D UR BS,2,9,35,8,2,17,3
ur R UL D dr UR BS,2,9,35,8,2,17,3
ur R UL D UR dr BS,2,9,35,8,2,17,3
ur R UL dr D UR BS,2,9,35,8,2,17,3
BS UR R D UL ur dr,2,9,36,6,2,13,3
BS UR R D ur UL dr,2,9,36,6,2,11,3
BS UR R UL D ur dr,2,9,36,6,2,13,3
BS UR R UL ur D dr,2,9,36,6,2,13,3
BS UR R ur D UL dr,2,9,36,6,2,13,3
BS UR R ur UL D dr,2,9,36,6,2,15,3
BS ur UR R D UL dr,2,9,36,6,2,13,4
BS UR ur R D UL dr,2,9,36,6,2,17,4
BS ur UR R UL D dr,2,9,36,6,2,15,4
BS UR ur R UL D dr,2,9,36,6,2,19,4
UR BS R D UL ur dr,2,9,36,6,2,14,3
UR BS R D ur UL dr,2,9,36,6,2,12,3
UR BS R UL D ur dr,2,9,36,6,2,14,3
UR BS R UL ur D dr,2,9,36,6,2,14,3
UR BS R ur D UL dr,2,9,36,6,2,14,3
UR BS R ur UL D dr,2,9,36,6,2,16,3
ur BS UR R D UL dr,2,9,36,6,2,12,3
UR BS ur R D UL dr,2,9,36,6,2,14,3
ur BS UR R UL D dr,2,9,36,6,2,14,3
UR BS ur R UL D dr,2,9,36,6,2,16,3
UR R BS D UL ur dr,2,9,36,6,2,12,3
UR R BS D ur UL dr,2,9,36,6,2,10,2
UR R BS UL D ur dr,2,9,36,6,2,10,3
UR R BS UL ur D dr,2,9,36,6,2,10,3
UR R BS ur D UL dr,2,9,36,6,2,10,3
UR R BS ur UL D dr,2,9,36,6,2,12,3
UR R D BS UL ur dr,2,9,36,6,2,10,2
UR R D BS ur UL dr,2,9,36,6,2,10,2
UR R D ur BS UL dr,2,9,36,6,2,8,2
UR R ur BS D UL dr,2,9,36,6,2,12,3
UR R ur BS UL D dr,2,9,36,6,2,12,3
UR R ur D BS UL dr,2,9,36,6,2,10,3
ur UR BS R D UL dr,2,9,36,6,2,16,4
UR ur BS R D UL dr,2,9,36,6,2,14,4
ur UR BS R UL D dr,2,9,36,6,2,18,4
UR ur BS R UL D dr,2,9,36,6,2,16,4
ur UR R BS D UL dr,2,9,36,6,2,14,4
UR ur R BS D UL dr,2,9,36,6,2,16,4
ur UR R BS UL D dr,2,9,36,6,2,14,4
UR ur R BS UL D dr,2,9,36,6,2,16,4
ur UR R D BS UL dr,2,9,36,6,2,12,4
UR ur R D BS UL dr,2,9,36,6,2,14,4
UL R UR D dr ur BS,2,9,36,7,2,13,3
UL R UR D ur dr BS,2,9,36,7,2,13,3
UL R UR dr D ur BS,2,9,36,7,2,11,3
UL R UR dr ur D BS,2,9,36,7,2,11,3
UL R ur UR D dr BS,2,9,36,7,2,19,4
UL R UR ur D dr BS,2,9,36,7,2,15,4
UL R ur UR dr D BS,2,9,36,7,2,17,4
UL R UR ur dr D BS,2,9,36,7,2,15,4
UL UR dr R D ur BS,2,9,36,7,2,11,3
UL UR dr R ur D BS,2,9,36,7,2,13,3
UL UR dr ur R D BS,2,9,36,7,2,13,3
UL UR R D dr ur BS,2,9,36,7,2,11,3
UL UR R D ur dr BS,2,9,36,7,2,11,3
UL UR R dr D ur BS,2,9,36,7,2,11,3
UL UR R dr ur D BS,2,9,36,7,2,11,3
UL ur R UR D dr BS,2,9,36,7,2,15,3
UL UR R ur D dr BS,2,9,36,7,2,13,3
UL ur R UR dr D BS,2,9,36,7,2,13,3
UL UR R ur dr D BS,2,9,36,7,2,13,3
UL ur UR dr R D BS,2,9,36,7,2,15,4
UL UR ur dr R D BS,2,9,36,7,2,15,4
UL ur UR R D dr BS,2,9,36,7,2,15,4
UL UR ur R D dr BS,2,9,36,7,2,17,4
UL ur UR R dr D BS,2,9,36,7,2,15,4
UL UR ur R dr D BS,2,9,36,7,2,17,4
UR R D UL dr ur BS,2,9,36,7,2,11,3
UR R D UL ur dr BS,2,9,36,7,2,13,3
UR R D ur UL dr BS,2,9,36,7,2,11,3
UR R UL D dr ur BS,2,9,36,7,2,13,3
UR R UL D ur dr BS,2,9,36,7,2,13,3
UR R UL dr D ur BS,2,9,36,7,2,11,3
UR R UL dr ur D BS,2,9,36,7,2,11,3
UR R UL ur D dr BS,2,9,36,7,2,13,3
UR R UL ur dr D BS,2,9,36,7,2,13,3
UR R ur D UL dr BS,2,9,36,7,2,13,3
UR R ur UL D dr BS,2,9,36,7,2,15,3
UR R ur UL dr D BS,2,9,36,7,2,13,3
UR UL dr R D ur BS,2,9,36,7,2,11,3
UR UL dr R ur D BS,2,9,36,7,2,13,3
UR UL dr ur R D BS,2,9,36,7,2,13,3
UR UL R D dr ur BS,2,9,36,7,2,13,3
UR UL R D ur dr BS,2,9,36,7,2,13,3
UR UL R dr D ur BS,2,9,36,7,2,13,3
UR UL R dr ur D BS,2,9,36,7,2,13,3
ur UL R UR D dr BS,2,9,36,7,2,15,3
UR UL R ur D dr BS,2,9,36,7,2,15,3
ur UL R UR dr D BS,2,9,36,7,2,13,3
UR UL R ur dr D BS,2,9,36,7,2,15,3
ur UL UR dr R D BS,2,9,36,7,2,13,3
UR UL ur dr R D BS,2,9,36,7,2,13,3
ur UL UR R D dr BS,2,9,36,7,2,13,3
UR UL ur R D dr BS,2,9,36,7,2,15,3
ur UL UR R dr D BS,2,9,36,7,2,13,3
UR UL ur R dr D BS,2,9,36,7,2,15,3
ur UR R D UL dr BS,2,9,36,7,2,15,4
UR ur R D UL dr BS,2,9,36,7,2,17,4
ur UR R UL D dr BS,2,9,36,7,2,17,4
UR ur R UL D dr BS,2,9,36,7,2,19,4
ur UR R UL dr D BS,2,9,36,7,2,15,4
UR ur R UL dr D BS,2,9,36,7,2,17,4
ur UR UL dr R D BS,2,9,36,7,2,15,4
UR ur UL dr R D BS,2,9,36,7,2,15,4
ur UR UL R D dr BS,2,9,36,7,2,17,4
UR ur UL R D dr BS,2,9,36,7,2,17,4
ur UR UL R dr D BS,2,9,36,7,2,17,4
UR ur UL R dr D BS,2,9,36,7,2,17,4
BS UL UR dr R D ur,2,9,37,6,2,11,3
BS UL UR R D dr ur,2,9,37,6,2,11,3
BS UL UR R dr D ur,2,9,37,6,2,11,3
BS UR UL dr R D ur,2,9,37,6,2,13,3
BS UR UL R D dr ur,2,9,37,6,2,15,3
BS UR UL R dr D ur,2,9,37,6,2,15,3
UL BS UR dr R D ur,2,9,37,6,2,12,3
UL BS UR R D dr ur,2,9,37,6,2,12,3
UL BS UR R dr D ur,2,9,37,6,2,12,3
UL UR BS dr R D ur,2,9,37,6,2,14,3
UL UR BS R D dr ur,2,9,37,6,2,14,3
UL UR BS R dr D ur,2,9,37,6,2,14,3
UL UR dr BS R D ur,2,9,37,6,2,12,3
UR BS UL dr R D ur,2,9,37,6,2,12,3
UR BS UL R D dr ur,2,9,37,6,2,14,3
UR BS UL R dr D ur,2,9,37,6,2,14,3
UR UL BS dr R D ur,2,9,37,6,2,12,3
UR UL BS R D dr ur,2,9,37,6,2,12,3
UR UL BS R dr D ur,2,9,37,6,2,12,3
UR UL dr BS R D ur,2,9,37,6,2,12,3
BS D dr ur UL UR R,2,9,37,7,2,12,3
BS D UL R ur UR dr,2,9,37,7,2,17,4
BS D UL R UR ur dr,2,9,37,7,2,15,4
BS D UL ur R UR dr,2,9,37,7,2,13,3
BS D ur dr UL UR R,2,9,37,7,2,10,2
BS D ur UL dr UR R,2,9,37,7,2,10,2
BS dr D ur UL UR R,2,9,37,7,2,12,3
BS dr R UR D UL ur,2,9,37,7,2,15,3
BS dr R UR UL D ur,2,9,37,7,2,13,3
BS dr ur D UL UR R,2,9,37,7,2,12,3
BS R dr UR D UL ur,2,9,37,7,2,15,3
BS R dr UR UL D ur,2,9,37,7,2,13,3
BS R UL ur D UR dr,2,9,37,7,2,13,3
BS R UL UR D ur dr,2,9,37,7,2,13,3
BS R UL ur UR D dr,2,9,37,7,2,17,4
BS R UL UR ur D dr,2,9,37,7,2,15,4
BS R UR D dr UL ur,2,9,37,7,2,13,3
BS R UR D UL dr ur,2,9,37,7,2,13,3
BS R UR dr D UL ur,2,9,37,7,2,13,3
BS R UR dr UL D ur,2,9,37,7,2,11,3
BS R UR UL D dr ur,2,9,37,7,2,13,3
BS R ur UL D UR dr,2,9,37,7,2,15,3
BS R UR UL dr D ur,2,9,37,7,2,11,3
BS R ur UL UR D dr,2,9,37,7,2,15,3
BS UL D R ur UR dr,2,9,37,7,2,15,4
BS UL D R UR ur dr,2,9,37,7,2,13,4
BS UL D ur R UR dr,2,9,37,7,2,11,3
BS UL R D ur UR dr,2,9,37,7,2,13,4
BS UL R D UR ur dr,2,9,37,7,2,15,4
BS ur D dr UL UR R,2,9,37,7,2,10,3
BS ur D UL dr UR R,2,9,37,7,2,10,3
BS ur dr D UL UR R,2,9,37,7,2,12,3
BS ur R UL D UR dr,2,9,37,7,2,15,3
BS ur R UL UR D dr,2,9,37,7,2,15,3
D BS dr ur UL UR R,2,9,37,7,2,12,3
D BS UL R ur UR dr,2,9,37,7,2,15,4
D BS UL R UR ur dr,2,9,37,7,2,13,4
D BS UL ur R UR dr,2,9,37,7,2,11,3
D BS ur dr UL UR R,2,9,37,7,2,10,2
D BS ur UL dr UR R,2,9,37,7,2,10,2
D dr BS ur UL UR R,2,9,37,7,2,12,3
D dr ur BS UL UR R,2,9,37,7,2,10,3
D UL BS R ur UR dr,2,9,37,7,2,15,4
D UL BS R UR ur dr,2,9,37,7,2,13,4
D UL BS ur R UR dr,2,9,37,7,2,11,3
D UL R BS ur UR dr,2,9,37,7,2,15,4
D UL R BS UR ur dr,2,9,37,7,2,17,4
D UL R ur BS UR dr,2,9,37,7,2,15,3
D UL R UR BS ur dr,2,9,37,7,2,13,3
D UL R ur UR BS dr,2,9,37,7,2,19,4
D UL R UR ur BS dr,2,9,37,7,2,15,4
D UL ur BS R UR dr,2,9,37,7,2,11,3
D UL ur R BS UR dr,2,9,37,7,2,15,3
D UL ur R UR BS dr,2,9,37,7,2,15,3
D ur BS dr UL UR R,2,9,37,7,2,10,3
D ur BS UL dr UR R,2,9,37,7,2,8,2
D ur dr BS UL UR R,2,9,37,7,2,10,3
D ur UL BS R UR dr,2,9,37,7,2,9,2
D ur UL R BS UR dr,2,9,37,7,2,13,3
D ur UL R UR BS dr,2,9,37,7,2,13,3
dr BS D ur UL UR R,2,9,37,7,2,11,3
dr BS R UR D UL ur,2,9,37,7,2,14,3
dr BS R UR UL D ur,2,9,37,7,2,12,3
dr BS ur D UL UR R,2,9,37,7,2,11,3
dr D BS ur UL UR R,2,9,37,7,2,11,3
dr D ur BS UL UR R,2,9,37,7,2,9,3
dr R BS UR D UL ur,2,9,37,7,2,16,3
dr R BS UR UL D ur,2,9,37,7,2,14,3
dr R UR BS D UL ur,2,9,37,7,2,14,3
dr R UR BS UL D ur,2,9,37,7,2,12,3
dr R UR D BS UL ur,2,9,37,7,2,12,3
dr R UR D UL BS ur,2,9,37,7,2,12,3
dr R UR UL BS D ur,2,9,37,7,2,10,3
dr R UR UL D BS ur,2,9,37,7,2,12,3
dr ur BS D UL UR R,2,9,37,7,2,11,3
dr ur D BS UL UR R,2,9,37,7,2,9,2
R BS dr UR D UL ur,2,9,37,7,2,15,3
R BS dr UR UL D ur,2,9,37,7,2,13,3
R BS UL ur D UR dr,2,9,37,7,2,11,3
R BS UL UR D ur dr,2,9,37,7,2,11,3
R BS UL ur UR D dr,2,9,37,7,2,15,4
R BS UL UR ur D dr,2,9,37,7,2,13,4
R BS UR D dr UL ur,2,9,37,7,2,15,3
R BS UR D UL dr ur,2,9,37,7,2,15,3
R BS UR dr D UL ur,2,9,37,7,2,15,3
R BS UR dr UL D ur,2,9,37,7,2,13,3
R BS UR UL D dr ur,2,9,37,7,2,15,3
R BS ur UL D UR dr,2,9,37,7,2,13,3
R BS UR UL dr D ur,2,9,37,7,2,13,3
R BS ur UL UR D dr,2,9,37,7,2,13,3
R dr BS UR D UL ur,2,9,37,7,2,17,3
R dr BS UR UL D ur,2,9,37,7,2,15,3
R dr UR BS D UL ur,2,9,37,7,2,15,3
R dr UR BS UL D ur,2,9,37,7,2,13,3
R dr UR D BS UL ur,2,9,37,7,2,13,3
R dr UR D UL BS ur,2,9,37,7,2,13,3
R dr UR UL BS D ur,2,9,37,7,2,11,3
R dr UR UL D BS ur,2,9,37,7,2,13,3
R UL BS ur D UR dr,2,9,37,7,2,11,3
R UL BS UR D ur dr,2,9,37,7,2,13,3
R UL BS ur UR D dr,2,9,37,7,2,15,4
R UL BS UR ur D dr,2,9,37,7,2,15,4
R UL ur BS D UR dr,2,9,37,7,2,13,3
R UL ur BS UR D dr,2,9,37,7,2,15,3
R UR BS D dr UL ur,2,9,37,7,2,13,3
R UR BS D UL dr ur,2,9,37,7,2,13,3
R UR BS dr D UL ur,2,9,37,7,2,15,3
R UR BS dr UL D ur,2,9,37,7,2,13,3
R UR BS UL D dr ur,2,9,37,7,2,13,3
R ur BS UL D UR dr,2,9,37,7,2,13,3
R UR BS UL dr D ur,2,9,37,7,2,11,3
R ur BS UL UR D dr,2,9,37,7,2,13,3
R UR D BS dr UL ur,2,9,37,7,2,13,3
R UR D BS UL dr ur,2,9,37,7,2,11,3
R UR D dr BS UL ur,2,9,37,7,2,13,3
R UR D dr UL BS ur,2,9,37,7,2,11,3
R UR dr BS D UL ur,2,9,37,7,2,13,3
R UR dr BS UL D ur,2,9,37,7,2,11,3
R UR dr D BS UL ur,2,9,37,7,2,11,3
R UR dr D UL BS ur,2,9,37,7,2,11,3
R UR dr UL BS D ur,2,9,37,7,2,9,2
R UR dr UL D BS ur,2,9,37,7,2,11,3
R ur UL BS D UR dr,2,9,37,7,2,13,3
R ur UL BS UR D dr,2,9,37,7,2,15,3
UL BS D R ur UR dr,2,9,37,7,2,14,4
UL BS D R UR ur dr,2,9,37,7,2,12,4
UL BS D ur R UR dr,2,9,37,7,2,10,3
UL BS R D ur UR dr,2,9,37,7,2,12,4
UL BS R D UR ur dr,2,9,37,7,2,14,4
UL D BS R ur UR dr,2,9,37,7,2,16,4
UL D BS R UR ur dr,2,9,37,7,2,14,4
UL D BS ur R UR dr,2,9,37,7,2,12,3
UL D R BS ur UR dr,2,9,37,7,2,14,4
UL D R BS UR ur dr,2,9,37,7,2,16,4
UL D R ur BS UR dr,2,9,37,7,2,14,3
UL D R UR BS ur dr,2,9,37,7,2,12,3
UL D R ur UR BS dr,2,9,37,7,2,18,4
UL D R UR ur BS dr,2,9,37,7,2,14,4
UL D ur BS R UR dr,2,9,37,7,2,10,3
UL D ur R BS UR dr,2,9,37,7,2,14,3
UL D ur R UR BS dr,2,9,37,7,2,14,3
UL R BS D ur UR dr,2,9,37,7,2,14,4
UL R BS D UR ur dr,2,9,37,7,2,16,4
UL R D BS ur UR dr,2,9,37,7,2,14,4
UL R D BS UR ur dr,2,9,37,7,2,16,4
UL R D ur BS UR dr,2,9,37,7,2,12,3
UL R D UR BS ur dr,2,9,37,7,2,14,3
UL R D ur UR BS dr,2,9,37,7,2,16,4
UL R D UR ur BS dr,2,9,37,7,2,16,4
UL R ur D BS UR dr,2,9,37,7,2,14,3
UL R ur D UR BS dr,2,9,37,7,2,16,3
UL ur D BS R UR dr,2,9,37,7,2,10,2
UL ur D R BS UR dr,2,9,37,7,2,12,3
UL ur D R UR BS dr,2,9,37,7,2,12,3
UL ur R D BS UR dr,2,9,37,7,2,14,3
UL ur R D UR BS dr,2,9,37,7,2,16,3
ur BS D dr UL UR R,2,9,37,7,2,11,3
ur BS D UL dr UR R,2,9,37,7,2,11,3
ur BS dr D UL UR R,2,9,37,7,2,13,3
ur BS R UL D UR dr,2,9,37,7,2,14,3
ur BS R UL UR D dr,2,9,37,7,2,14,3
ur D BS dr UL UR R,2,9,37,7,2,11,3
ur D BS UL dr UR R,2,9,37,7,2,9,2
ur D dr BS UL UR R,2,9,37,7,2,11,3
ur D UL BS R UR dr,2,9,37,7,2,10,3
ur D UL R BS UR dr,2,9,37,7,2,14,3
ur D UL R UR BS dr,2,9,37,7,2,14,3
ur dr BS D UL UR R,2,9,37,7,2,13,3
ur dr D BS UL UR R,2,9,37,7,2,11,3
ur R BS UL D UR dr,2,9,37,7,2,14,3
ur R BS UL UR D dr,2,9,37,7,2,14,3
ur R UL BS D UR dr,2,9,37,7,2,14,3
ur R UL BS UR D dr,2,9,37,7,2,16,3
ur UL D BS R UR dr,2,9,37,7,2,12,3
ur UL D R BS UR dr,2,9,37,7,2,14,3
ur UL D R UR BS dr,2,9,37,7,2,14,3
ur UL R D BS UR dr,2,9,37,7,2,14,3
ur UL R D UR BS dr,2,9,37,7,2,16,3
BS D UR R UL ur dr,2,9,38,6,2,13,3
BS D UR R ur UL dr,2,9,38,6,2,13,3
BS D ur UL UR R dr,2,9,38,6,2,11,3
BS D ur UR R UL dr,2,9,38,6,2,13,4
BS D UR ur R UL dr,2,9,38,6,2,17,4
BS D ur UR UL R dr,2,9,38,6,2,15,4
BS D UR ur UL R dr,2,9,38,6,2,17,4
BS UR D R UL ur dr,2,9,38,6,2,15,3
BS UR D R ur UL dr,2,9,38,6,2,15,3
BS ur D UL UR R dr,2,9,38,6,2,11,3
BS ur D UR R UL dr,2,9,38,6,2,11,3
BS UR D ur R UL dr,2,9,38,6,2,15,3
BS ur D UR UL R dr,2,9,38,6,2,13,3
BS UR D ur UL R dr,2,9,38,6,2,15,3
BS ur UR D R UL dr,2,9,38,6,2,15,4
BS UR ur D R UL dr,2,9,38,6,2,15,4
BS ur UR D UL R dr,2,9,38,6,2,17,4
BS UR ur D UL R dr,2,9,38,6,2,17,4
D BS UR R UL ur dr,2,9,38,6,2,13,3
D BS UR R ur UL dr,2,9,38,6,2,13,3
D BS ur UL UR R dr,2,9,38,6,2,11,3
D BS ur UR R UL dr,2,9,38,6,2,13,4
D BS UR ur R UL dr,2,9,38,6,2,17,4
D BS ur UR UL R dr,2,9,38,6,2,15,4
D BS UR ur UL R dr,2,9,38,6,2,17,4
D UR BS R UL ur dr,2,9,38,6,2,15,3
D UR BS R ur UL dr,2,9,38,6,2,15,3
D ur BS UL UR R dr,2,9,38,6,2,9,3
D ur BS UR R UL dr,2,9,38,6,2,11,3
D UR BS ur R UL dr,2,9,38,6,2,15,3
D ur BS UR UL R dr,2,9,38,6,2,13,3
D UR BS ur UL R dr,2,9,38,6,2,15,3
D UR R BS UL ur dr,2,9,38,6,2,11,3
D UR R BS ur UL dr,2,9,38,6,2,11,3
D UR R ur BS UL dr,2,9,38,6,2,11,3
D ur UR BS R UL dr,2,9,38,6,2,15,4
D UR ur BS R UL dr,2,9,38,6,2,15,4
D ur UR BS UL R dr,2,9,38,6,2,15,4
D UR ur BS UL R dr,2,9,38,6,2,15,4
D ur UR R BS UL dr,2,9,38,6,2,11,4
D UR ur R BS UL dr,2,9,38,6,2,15,4
UR BS D R UL ur dr,2,9,38,6,2,14,3
UR BS D R ur UL dr,2,9,38,6,2,14,3
ur BS D UL UR R dr,2,9,38,6,2,12,3
ur BS D UR R UL dr,2,9,38,6,2,12,3
UR BS D ur R UL dr,2,9,38,6,2,14,3
ur BS D UR UL R dr,2,9,38,6,2,14,3
UR BS D ur UL R dr,2,9,38,6,2,14,3
ur BS UR D R UL dr,2,9,38,6,2,14,3
UR BS ur D R UL dr,2,9,38,6,2,12,3
ur BS UR D UL R dr,2,9,38,6,2,16,3
UR BS ur D UL R dr,2,9,38,6,2,14,3
UR D BS R UL ur dr,2,9,38,6,2,14,3
UR D BS R ur UL dr,2,9,38,6,2,14,3
ur D BS UL UR R dr,2,9,38,6,2,10,3
ur D BS UR R UL dr,2,9,38,6,2,12,3
UR D BS ur R UL dr,2,9,38,6,2,14,3
ur D BS UR UL R dr,2,9,38,6,2,14,3
UR D BS ur UL R dr,2,9,38,6,2,14,3
UR D R BS UL ur dr,2,9,38,6,2,12,3
UR D R BS ur UL dr,2,9,38,6,2,12,3
UR D R ur BS UL dr,2,9,38,6,2,12,3
ur D UR BS R UL dr,2,9,38,6,2,14,3
UR D ur BS R UL dr,2,9,38,6,2,12,3
ur D UR BS UL R dr,2,9,38,6,2,14,3
UR D ur BS UL R dr,2,9,38,6,2,12,3
ur D UR R BS UL dr,2,9,38,6,2,10,3
UR D ur R BS UL dr,2,9,38,6,2,12,3
ur UR BS D R UL dr,2,9,38,6,2,16,4
UR ur BS D R UL dr,2,9,38,6,2,14,4
ur UR BS D UL R dr,2,9,38,6,2,18,4
UR ur BS D UL R dr,2,9,38,6,2,16,4
ur UR D BS R UL dr,2,9,38,6,2,16,4
UR ur D BS R UL dr,2,9,38,6,2,14,4
ur UR D BS UL R dr,2,9,38,6,2,16,4
UR ur D BS UL R dr,2,9,38,6,2,14,4
ur UR D R BS UL dr,2,9,38,6,2,14,4
UR ur D R BS UL dr,2,9,38,6,2,12,4
D UL UR dr R ur BS,2,9,38,7,2,14,3
D UL UR dr ur R BS,2,9,38,7,2,14,3
D UL UR R dr ur BS,2,9,38,7,2,12,3
D UL UR R ur dr BS,2,9,38,7,2,14,3
D UL ur UR dr R BS,2,9,38,7,2,16,4
D UL UR ur dr R BS,2,9,38,7,2,16,4
D UL ur UR R dr BS,2,9,38,7,2,16,4
D UL UR ur R dr BS,2,9,38,7,2,18,4
D UR R UL dr ur BS,2,9,38,7,2,12,3
D UR R UL ur dr BS,2,9,38,7,2,14,3
D UR R ur UL dr BS,2,9,38,7,2,14,3
D UR UL dr R ur BS,2,9,38,7,2,14,3
D UR UL dr ur R BS,2,9,38,7,2,14,3
D UR UL R dr ur BS,2,9,38,7,2,14,3
D UR UL R ur dr BS,2,9,38,7,2,16,3
D ur UL UR dr R BS,2,9,38,7,2,12,3
D UR UL ur dr R BS,2,9,38,7,2,14,3
D ur UL UR R dr BS,2,9,38,7,2,12,3
D UR UL ur R dr BS,2,9,38,7,2,16,3
D ur UR R UL dr BS,2,9,38,7,2,14,4
D UR ur R UL dr BS,2,9,38,7,2,18,4
D ur UR UL dr R BS,2,9,38,7,2,14,4
D UR ur UL dr R BS,2,9,38,7,2,16,4
D ur UR UL R dr BS,2,9,38,7,2,16,4
D UR ur UL R dr BS,2,9,38,7,2,18,4
UL D UR dr R ur BS,2,9,38,7,2,15,3
UL D UR dr ur R BS,2,9,38,7,2,15,3
UL D UR R dr ur BS,2,9,38,7,2,13,3
UL D UR R ur dr BS,2,9,38,7,2,15,3
UL D ur UR dr R BS,2,9,38,7,2,15,4
UL D UR ur dr R BS,2,9,38,7,2,17,4
UL D ur UR R dr BS,2,9,38,7,2,15,4
UL D UR ur R dr BS,2,9,38,7,2,19,4
UL UR D dr R ur BS,2,9,38,7,2,15,3
UL UR D dr ur R BS,2,9,38,7,2,15,3
UL UR D R dr ur BS,2,9,38,7,2,13,3
UL UR D R ur dr BS,2,9,38,7,2,15,3
UL ur D UR dr R BS,2,9,38,7,2,13,3
UL UR D ur dr R BS,2,9,38,7,2,13,3
UL ur D UR R dr BS,2,9,38,7,2,13,3
UL UR D ur R dr BS,2,9,38,7,2,15,3
UL UR dr D R ur BS,2,9,38,7,2,13,3
UL UR dr D ur R BS,2,9,38,7,2,13,3
UL UR dr ur D R BS,2,9,38,7,2,11,2
UL ur UR D dr R BS,2,9,38,7,2,17,4
UL UR ur D dr R BS,2,9,38,7,2,15,4
UL ur UR D R dr BS,2,9,38,7,2,17,4
UL UR ur D R dr BS,2,9,38,7,2,15,4
UL ur UR dr D R BS,2,9,38,7,2,15,4
UL UR ur dr D R BS,2,9,38,7,2,15,4
UR D R UL dr ur BS,2,9,38,7,2,13,3
UR D R UL ur dr BS,2,9,38,7,2,15,3
UR D R ur UL dr BS,2,9,38,7,2,15,3
UR D UL dr R ur BS,2,9,38,7,2,15,3
UR D UL dr ur R BS,2,9,38,7,2,15,3
UR D UL R dr ur BS,2,9,38,7,2,15,3
UR D UL R ur dr BS,2,9,38,7,2,17,3
ur D UL UR dr R BS,2,9,38,7,2,13,3
UR D UL ur dr R BS,2,9,38,7,2,15,3
ur D UL UR R dr BS,2,9,38,7,2,13,3
UR D UL ur R dr BS,2,9,38,7,2,17,3
ur D UR R UL dr BS,2,9,38,7,2,13,3
UR D ur R UL dr BS,2,9,38,7,2,15,3
ur D UR UL dr R BS,2,9,38,7,2,13,3
UR D ur UL dr R BS,2,9,38,7,2,13,3
ur D UR UL R dr BS,2,9,38,7,2,15,3
UR D ur UL R dr BS,2,9,38,7,2,15,3
UR UL D dr R ur BS,2,9,38,7,2,15,3
UR UL D dr ur R BS,2,9,38,7,2,15,3
UR UL D R dr ur BS,2,9,38,7,2,13,3
UR UL D R ur dr BS,2,9,38,7,2,15,3
ur UL D UR dr R BS,2,9,38,7,2,15,3
UR UL D ur dr R BS,2,9,38,7,2,13,3
ur UL D UR R dr BS,2,9,38,7,2,15,3
UR UL D ur R dr BS,2,9,38,7,2,15,3
UR UL dr D R ur BS,2,9,38,7,2,13,3
UR UL dr D ur R BS,2,9,38,7,2,13,3
UR UL dr ur D R BS,2,9,38,7,2,11,2
ur UL UR D dr R BS,2,9,38,7,2,15,3
UR UL ur D dr R BS,2,9,38,7,2,13,3
ur UL UR D R dr BS,2,9,38,7,2,15,3
UR UL ur D R dr BS,2,9,38,7,2,13,3
ur UL UR dr D R BS,2,9,38,7,2,13,3
UR UL ur dr D R BS,2,9,38,7,2,13,3
ur UR D R UL dr BS,2,9,38,7,2,17,4
UR ur D R UL dr BS,2,9,38,7,2,15,4
ur UR D UL dr R BS,2,9,38,7,2,17,4
UR ur D UL dr R BS,2,9,38,7,2,15,4
ur UR D UL R dr BS,2,9,38,7,2,19,4
UR ur D UL R dr BS,2,9,38,7,2,17,4
ur UR UL D dr R BS,2,9,38,7,2,17,4
UR ur UL D dr R BS,2,9,38,7,2,17,4
ur UR UL D R dr BS,2,9,38,7,2,17,4
UR ur UL D R dr BS,2,9,38,7,2,17,4
ur UR UL dr D R BS,2,9,38,7,2,15,4
UR ur UL dr D R BS,2,9,38,7,2,15,4
BS D dr R UL UR ur,2,7,38,8,2,17,4
BS D R dr UL UR ur,2,7,38,8,2,15,4
BS D R UL dr UR ur,2,7,38,8,2,15,4
BS D R UL UR dr ur,2,7,38,8,2,13,3
BS dr D R UL UR ur,2,7,38,8,2,17,4
BS dr R D UL UR ur,2,7,38,8,2,17,4
BS dr R UL D UR ur,2,7,38,8,2,19,4
BS R D dr UL UR ur,2,7,38,8,2,15,4
BS R D UL dr UR ur,2,7,38,8,2,15,4
BS R D UL UR dr ur,2,7,38,8,2,13,3
BS R dr D UL UR ur,2,7,38,8,2,17,4
BS R dr UL D UR ur,2,7,38,8,2,17,4
BS R UL D dr UR ur,2,7,38,8,2,17,4
BS R UL D UR dr ur,2,7,38,8,2,15,3
BS R UL dr D UR ur,2,7,38,8,2,17,4
D BS dr R UL UR ur,2,7,38,8,2,17,4
D BS R dr UL UR ur,2,7,38,8,2,15,4
D BS R UL dr UR ur,2,7,38,8,2,15,4
D BS R UL UR dr ur,2,7,38,8,2,13,3
D dr BS R UL UR ur,2,7,38,8,2,17,4
D dr R BS UL UR ur,2,7,38,8,2,15,4
D dr R UL BS UR ur,2,7,38,8,2,17,4
D dr R UL UR BS ur,2,7,38,8,2,15,3
D R BS dr UL UR ur,2,7,38,8,2,15,4
D R BS UL dr UR ur,2,7,38,8,2,13,4
D R BS UL UR dr ur,2,7,38,8,2,11,2
D R dr BS UL UR ur,2,7,38,8,2,15,4
D R dr UL BS UR ur,2,7,38,8,2,15,4
D R dr UL UR BS ur,2,7,38,8,2,13,3
D R UL BS dr UR ur,2,7,38,8,2,15,4
D R UL BS UR dr ur,2,7,38,8,2,13,3
D R UL dr BS UR ur,2,7,38,8,2,17,4
D R UL dr UR BS ur,2,7,38,8,2,13,3
D R UL UR BS dr ur,2,7,38,8,2,15,3
D R UL UR dr BS ur,2,7,38,8,2,13,3
D R UR UL BS dr ur,2,7,38,8,2,11,3
D R UR UL dr BS ur,2,7,38,8,2,11,3
dr BS D R UL UR ur,2,7,38,8,2,16,4
dr BS R D UL UR ur,2,7,38,8,2,16,4
dr BS R UL D UR ur,2,7,38,8,2,18,4
dr D BS R UL UR ur,2,7,38,8,2,16,4
dr D R BS UL UR ur,2,7,38,8,2,14,4
dr D R UL BS UR ur,2,7,38,8,2,16,4
dr D R UL UR BS ur,2,7,38,8,2,14,3
dr R BS D UL UR ur,2,7,38,8,2,16,4
dr R BS UL D UR ur,2,7,38,8,2,16,4
dr R D BS UL UR ur,2,7,38,8,2,14,4
dr R D UL BS UR ur,2,7,38,8,2,16,4
dr R D UL UR BS ur,2,7,38,8,2,14,3
dr R UL BS D UR ur,2,7,38,8,2,16,4
dr R UL D BS UR ur,2,7,38,8,2,18,4
dr R UL D UR BS ur,2,7,38,8,2,16,3
R BS D dr UL UR ur,2,7,38,8,2,15,4
R BS D UL dr UR ur,2,7,38,8,2,15,4
R BS D UL UR dr ur,2,7,38,8,2,13,3
R BS dr D UL UR ur,2,7,38,8,2,17,4
R BS dr UL D UR ur,2,7,38,8,2,17,4
R BS UL D dr UR ur,2,7,38,8,2,15,4
R BS UL D UR dr ur,2,7,38,8,2,13,3
R BS UL dr D UR ur,2,7,38,8,2,15,4
R D BS dr UL UR ur,2,7,38,8,2,15,4
R D BS UL dr UR ur,2,7,38,8,2,13,4
R D BS UL UR dr ur,2,7,38,8,2,11,2
R D dr BS UL UR ur,2,7,38,8,2,15,4
R D dr UL BS UR ur,2,7,38,8,2,15,4
R D dr UL UR BS ur,2,7,38,8,2,13,3
R D UL BS dr UR ur,2,7,38,8,2,15,4
R D UL BS UR dr ur,2,7,38,8,2,13,3
R D UL dr BS UR ur,2,7,38,8,2,17,4
R D UL dr UR BS ur,2,7,38,8,2,13,3
R D UL UR BS dr ur,2,7,38,8,2,15,3
R D UL UR dr BS ur,2,7,38,8,2,13,3
R D UR UL BS dr ur,2,7,38,8,2,13,3
R D UR UL dr BS ur,2,7,38,8,2,13,3
R dr BS D UL UR ur,2,7,38,8,2,17,4
R dr BS UL D UR ur,2,7,38,8,2,17,4
R dr D BS UL UR ur,2,7,38,8,2,15,4
R dr D UL BS UR ur,2,7,38,8,2,17,4
R dr D UL UR BS ur,2,7,38,8,2,15,3
R dr UL BS D UR ur,2,7,38,8,2,15,4
R dr UL D BS UR ur,2,7,38,8,2,17,4
R dr UL D UR BS ur,2,7,38,8,2,15,3
R UL BS D dr UR ur,2,7,38,8,2,15,4
R UL BS D UR dr ur,2,7,38,8,2,13,3
R UL BS dr D UR ur,2,7,38,8,2,17,4
R UL D BS dr UR ur,2,7,38,8,2,17,4
R UL D BS UR dr ur,2,7,38,8,2,15,3
R UL D dr BS UR ur,2,7,38,8,2,19,4
R UL D dr UR BS ur,2,7,38,8,2,15,3
R UL D UR BS dr ur,2,7,38,8,2,17,3
R UL D UR dr BS ur,2,7,38,8,2,15,3
R UL dr BS D UR ur,2,7,38,8,2,17,4
R UL dr D BS UR ur,2,7,38,8,2,17,4
R UL dr D UR BS ur,2,7,38,8,2,15,3
BS dr UL ur D UR R,2,9,39,7,2,12,3
BS dr UL UR R ur D,2,9,39,7,2,12,3
BS dr UL ur UR D R,2,9,39,7,2,16,4
BS dr UL UR ur D R,2,9,39,7,2,14,4
BS dr UL ur UR R D,2,9,39,7,2,14,4
BS dr UL UR ur R D,2,9,39,7,2,16,4
BS dr ur UL D UR R,2,9,39,7,2,14,3
BS dr ur UL UR D R,2,9,39,7,2,14,3
BS dr ur UL UR R D,2,9,39,7,2,12,3
BS UL dr ur D UR R,2,9,39,7,2,10,3
BS UL dr UR R ur D,2,9,39,7,2,10,3
BS UL dr ur UR D R,2,9,39,7,2,14,4
BS UL dr UR ur D R,2,9,39,7,2,12,4
BS UL dr ur UR R D,2,9,39,7,2,12,4
BS UL dr UR ur R D,2,9,39,7,2,14,4
BS UL ur D dr UR R,2,9,39,7,2,10,3
BS UL ur dr D UR R,2,9,39,7,2,12,3
BS UL ur dr UR D R,2,9,39,7,2,12,3
BS UL ur dr UR R D,2,9,39,7,2,10,2
BS ur dr UL D UR R,2,9,39,7,2,12,3
BS ur dr UL UR D R,2,9,39,7,2,12,3
BS ur dr UL UR R D,2,9,39,7,2,10,2
BS ur UL D dr UR R,2,9,39,7,2,12,3
BS ur UL dr D UR R,2,9,39,7,2,12,3
BS ur UL dr UR D R,2,9,39,7,2,12,3
BS ur UL dr UR R D,2,9,39,7,2,10,2
dr BS UL ur D UR R,2,9,39,7,2,11,3
dr BS UL UR R ur D,2,9,39,7,2,11,3
dr BS UL ur UR D R,2,9,39,7,2,15,4
dr BS UL UR ur D R,2,9,39,7,2,13,4
dr BS UL ur UR R D,2,9,39,7,2,13,4
dr BS UL UR ur R D,2,9,39,7,2,15,4
dr BS ur UL D UR R,2,9,39,7,2,13,3
dr BS ur UL UR D R,2,9,39,7,2,13,3
dr BS ur UL UR R D,2,9,39,7,2,11,3
dr UL BS ur D UR R,2,9,39,7,2,9,3
dr UL BS UR R ur D,2,9,39,7,2,11,3
dr UL BS ur UR D R,2,9,39,7,2,13,4
dr UL BS UR ur D R,2,9,39,7,2,13,4
dr UL BS ur UR R D,2,9,39,7,2,11,4
dr UL BS UR ur R D,2,9,39,7,2,15,4
dr UL ur BS D UR R,2,9,39,7,2,11,3
dr UL UR BS R ur D,2,9,39,7,2,13,3
dr UL ur BS UR D R,2,9,39,7,2,13,3
dr UL UR BS ur D R,2,9,39,7,2,11,3
dr UL ur BS UR R D,2,9,39,7,2,11,3
dr UL UR BS ur R D,2,9,39,7,2,13,3
dr UL ur UR BS D R,2,9,39,7,2,15,4
dr UL UR ur BS D R,2,9,39,7,2,13,4
dr UL ur UR BS R D,2,9,39,7,2,15,4
dr UL UR ur BS R D,2,9,39,7,2,13,4
dr ur BS UL D UR R,2,9,39,7,2,11,3
dr ur BS UL UR D R,2,9,39,7,2,11,3
dr ur BS UL UR R D,2,9,39,7,2,9,2
dr ur UL BS D UR R,2,9,39,7,2,11,3
dr ur UL BS UR D R,2,9,39,7,2,13,3
dr ur UL BS UR R D,2,9,39,7,2,11,3
dr ur UL UR BS D R,2,9,39,7,2,13,3
dr ur UL UR BS R D,2,9,39,7,2,13,3
UL BS dr ur D UR R,2,9,39,7,2,11,3
UL BS dr UR R ur D,2,9,39,7,2,11,3
UL BS dr ur UR D R,2,9,39,7,2,15,4
UL BS dr UR ur D R,2,9,39,7,2,13,4
UL BS dr ur UR R D,2,9,39,7,2,13,4
UL BS dr UR ur R D,2,9,39,7,2,15,4
UL BS ur D dr UR R,2,9,39,7,2,9,3
UL BS ur dr D UR R,2,9,39,7,2,11,3
UL BS ur dr UR D R,2,9,39,7,2,11,3
UL BS ur dr UR R D,2,9,39,7,2,9,2
UL dr BS ur D UR R,2,9,39,7,2,11,3
UL dr BS UR R ur D,2,9,39,7,2,13,3
UL dr BS ur UR D R,2,9,39,7,2,15,4
UL dr BS UR ur D R,2,9,39,7,2,15,4
UL dr BS ur UR R D,2,9,39,7,2,13,4
UL dr BS UR ur R D,2,9,39,7,2,17,4
UL dr ur BS D UR R,2,9,39,7,2,11,3
UL dr UR BS R ur D,2,9,39,7,2,13,3
UL dr ur BS UR D R,2,9,39,7,2,13,3
UL dr UR BS ur D R,2,9,39,7,2,11,3
UL dr ur BS UR R D,2,9,39,7,2,11,3
UL dr UR BS ur R D,2,9,39,7,2,13,3
UL dr ur UR BS D R,2,9,39,7,2,15,4
UL dr UR ur BS D R,2,9,39,7,2,13,4
UL dr ur UR BS R D,2,9,39,7,2,15,4
UL dr UR ur BS R D,2,9,39,7,2,13,4
UL R UR BS D dr ur,2,9,39,7,2,14,3
UL R UR BS dr D ur,2,9,39,7,2,14,3
UL R UR D BS dr ur,2,9,39,7,2,14,3
UL R UR D dr BS ur,2,9,39,7,2,14,3
UL R UR dr BS D ur,2,9,39,7,2,12,3
UL R UR dr D BS ur,2,9,39,7,2,12,3
UL ur BS D dr UR R,2,9,39,7,2,11,3
UL ur BS dr D UR R,2,9,39,7,2,13,3
UL ur BS dr UR D R,2,9,39,7,2,13,3
UL ur BS dr UR R D,2,9,39,7,2,11,3
UL ur dr BS D UR R,2,9,39,7,2,13,3
UL ur dr BS UR D R,2,9,39,7,2,15,3
UL ur dr BS UR R D,2,9,39,7,2,13,3
UL UR dr R BS D ur,2,9,39,7,2,12,3
UL UR dr R D BS ur,2,9,39,7,2,12,3
UL ur dr UR BS D R,2,9,39,7,2,13,3
UL ur dr UR BS R D,2,9,39,7,2,13,3
UL UR R BS D dr ur,2,9,39,7,2,12,3
UL UR R BS dr D ur,2,9,39,7,2,12,3
UL UR R D BS dr ur,2,9,39,7,2,12,3
UL UR R D dr BS ur,2,9,39,7,2,12,3
UL UR R dr BS D ur,2,9,39,7,2,12,3
UL UR R dr D BS ur,2,9,39,7,2,12,3
ur BS dr UL D UR R,2,9,39,7,2,13,3
ur BS dr UL UR D R,2,9,39,7,2,13,3
ur BS dr UL UR R D,2,9,39,7,2,11,3
ur BS UL D dr UR R,2,9,39,7,2,11,3
ur BS UL dr D UR R,2,9,39,7,2,11,3
ur BS UL dr UR D R,2,9,39,7,2,11,3
ur BS UL dr UR R D,2,9,39,7,2,9,2
ur dr BS UL D UR R,2,9,39,7,2,13,3
ur dr BS UL UR D R,2,9,39,7,2,13,3
ur dr BS UL UR R D,2,9,39,7,2,11,3
ur dr UL BS D UR R,2,9,39,7,2,11,3
ur dr UL BS UR D R,2,9,39,7,2,13,3
ur dr UL BS UR R D,2,9,39,7,2,11,3
ur dr UL UR BS D R,2,9,39,7,2,13,3
ur dr UL UR BS R D,2,9,39,7,2,13,3
UR R D UL BS dr ur,2,9,39,7,2,12,3
UR R D UL dr BS ur,2,9,39,7,2,12,3
UR R UL BS D dr ur,2,9,39,7,2,12,3
UR R UL BS dr D ur,2,9,39,7,2,12,3
UR R UL D BS dr ur,2,9,39,7,2,14,3
UR R UL D dr BS ur,2,9,39,7,2,14,3
UR R UL dr BS D ur,2,9,39,7,2,12,3
UR R UL dr D BS ur,2,9,39,7,2,12,3
ur UL BS D dr UR R,2,9,39,7,2,11,3
ur UL BS dr D UR R,2,9,39,7,2,13,3
ur UL BS dr UR D R,2,9,39,7,2,13,3
ur UL BS dr UR R D,2,9,39,7,2,11,3
ur UL dr BS D UR R,2,9,39,7,2,13,3
ur UL dr BS UR D R,2,9,39,7,2,15,3
ur UL dr BS UR R D,2,9,39,7,2,13,3
UR UL dr R BS D ur,2,9,39,7,2,12,3
UR UL dr R D BS ur,2,9,39,7,2,12,3
ur UL dr UR BS D R,2,9,39,7,2,13,3
ur UL dr UR BS R D,2,9,39,7,2,13,3
UR UL R BS D dr ur,2,9,39,7,2,14,3
UR UL R BS dr D ur,2,9,39,7,2,14,3
UR UL R D BS dr ur,2,9,39,7,2,14,3
UR UL R D dr BS ur,2,9,39,7,2,14,3
UR UL R dr BS D ur,2,9,39,7,2,14,3
UR UL R dr D BS ur,2,9,39,7,2,14,3
BS D dr ur UL R UR,2,9,39,8,2,13,3
BS D ur dr UL R UR,2,9,39,8,2,11,3
BS D ur UL dr R UR,2,9,39,8,2,11,3
BS D ur UL R dr UR,2,9,39,8,2,13,3
BS dr D ur UL R UR,2,9,39,8,2,13,3
BS dr ur D UL R UR,2,9,39,8,2,13,3
BS ur D dr UL R UR,2,9,39,8,2,11,3
BS ur D UL dr R UR,2,9,39,8,2,11,3
BS ur D UL R dr UR,2,9,39,8,2,13,3
BS ur dr D UL R UR,2,9,39,8,2,13,3
D BS dr ur UL R UR,2,9,39,8,2,13,3
D BS ur dr UL R UR,2,9,39,8,2,11,3
D BS ur UL dr R UR,2,9,39,8,2,11,3
D BS ur UL R dr UR,2,9,39,8,2,13,3
D dr BS ur UL R UR,2,9,39,8,2,13,3
D dr ur BS UL R UR,2,9,39,8,2,11,3
D ur BS dr UL R UR,2,9,39,8,2,11,3
D ur BS UL dr R UR,2,9,39,8,2,9,3
D ur BS UL R dr UR,2,9,39,8,2,11,3
D ur dr BS UL R UR,2,9,39,8,2,11,3
dr BS D ur UL R UR,2,9,39,8,2,12,3
dr BS ur D UL R UR,2,9,39,8,2,12,3
dr D BS ur UL R UR,2,9,39,8,2,12,3
dr D ur BS UL R UR,2,9,39,8,2,10,3
dr ur BS D UL R UR,2,9,39,8,2,12,3
dr ur D BS UL R UR,2,9,39,8,2,10,3
ur BS D dr UL R UR,2,9,39,8,2,12,3
ur BS D UL dr R UR,2,9,39,8,2,12,3
ur BS D UL R dr UR,2,9,39,8,2,14,3
ur BS dr D UL R UR,2,9,39,8,2,14,3
ur D BS dr UL R UR,2,9,39,8,2,12,3
ur D BS UL dr R UR,2,9,39,8,2,10,3
ur D BS UL R dr UR,2,9,39,8,2,12,3
ur D dr BS UL R UR,2,9,39,8,2,12,3
ur dr BS D UL R UR,2,9,39,8,2,14,3
ur dr D BS UL R UR,2,9,39,8,2,12,3
BS UL ur D UR R dr,2,9,40,6,2,11,3
BS UL UR R D ur dr,2,9,40,6,2,9,2
BS UL UR R ur D dr,2,9,40,6,2,11,3
BS UL ur UR D R dr,2,9,40,6,2,15,4
BS UL UR ur D R dr,2,9,40,6,2,13,4
BS UL ur UR R D dr,2,9,40,6,2,13,4
BS UL UR ur R D dr,2,9,40,6,2,15,4
BS ur UL D UR R dr,2,9,40,6,2,13,3
BS UR UL R D ur dr,2,9,40,6,2,13,3
BS UR UL R ur D dr,2,9,40,6,2,15,3
BS ur UL UR D R dr,2,9,40,6,2,13,3
BS UR UL ur D R dr,2,9,40,6,2,13,3
BS ur UL UR R D dr,2,9,40,6,2,11,3
BS UR UL ur R D dr,2,9,40,6,2,15,3
BS ur UR UL D R dr,2,9,40,6,2,15,4
BS UR ur UL D R dr,2,9,40,6,2,17,4
BS ur UR UL R D dr,2,9,40,6,2,15,4
BS UR ur UL R D dr,2,9,40,6,2,17,4
UL BS ur D UR R dr,2,9,40,6,2,10,3
UL BS UR R D ur dr,2,9,40,6,2,10,3
UL BS UR R ur D dr,2,9,40,6,2,12,3
UL BS ur UR D R dr,2,9,40,6,2,14,4
UL BS UR ur D R dr,2,9,40,6,2,14,4
UL BS ur UR R D dr,2,9,40,6,2,12,4
UL BS UR ur R D dr,2,9,40,6,2,16,4
UL ur BS D UR R dr,2,9,40,6,2,12,3
UL UR BS R D ur dr,2,9,40,6,2,12,3
UL UR BS R ur D dr,2,9,40,6,2,14,3
UL ur BS UR D R dr,2,9,40,6,2,14,3
UL UR BS ur D R dr,2,9,40,6,2,12,3
UL ur BS UR R D dr,2,9,40,6,2,12,3
UL UR BS ur R D dr,2,9,40,6,2,14,3
UL ur UR BS D R dr,2,9,40,6,2,16,4
UL UR ur BS D R dr,2,9,40,6,2,14,4
UL ur UR BS R D dr,2,9,40,6,2,16,4
UL UR ur BS R D dr,2,9,40,6,2,14,4
ur BS UL D UR R dr,2,9,40,6,2,12,3
UR BS UL R D ur dr,2,9,40,6,2,12,3
UR BS UL R ur D dr,2,9,40,6,2,14,3
ur BS UL UR D R dr,2,9,40,6,2,12,3
UR BS UL ur D R dr,2,9,40,6,2,12,3
ur BS UL UR R D dr,2,9,40,6,2,10,3
UR BS UL ur R D dr,2,9,40,6,2,14,3
ur BS UR UL D R dr,2,9,40,6,2,14,3
UR BS ur UL D R dr,2,9,40,6,2,14,3
ur BS UR UL R D dr,2,9,40,6,2,14,3
UR BS ur UL R D dr,2,9,40,6,2,14,3
ur UL BS D UR R dr,2,9,40,6,2,12,3
UR UL BS R D ur dr,2,9,40,6,2,10,2
UR UL BS R ur D dr,2,9,40,6,2,12,3
ur UL BS UR D R dr,2,9,40,6,2,14,3
UR UL BS ur D R dr,2,9,40,6,2,10,3
ur UL BS UR R D dr,2,9,40,6,2,12,3
UR UL BS ur R D dr,2,9,40,6,2,12,3
ur UL UR BS D R dr,2,9,40,6,2,14,3
UR UL ur BS D R dr,2,9,40,6,2,12,3
ur UL UR BS R D dr,2,9,40,6,2,14,3
UR UL ur BS R D dr,2,9,40,6,2,12,3
ur UR BS UL D R dr,2,9,40,6,2,16,4
UR ur BS UL D R dr,2,9,40,6,2,14,4
ur UR BS UL R D dr,2,9,40,6,2,16,4
UR ur BS UL R D dr,2,9,40,6,2,14,4
ur UR UL BS D R dr,2,9,40,6,2,14,4
UR ur UL BS D R dr,2,9,40,6,2,14,4
ur UR UL BS R D dr,2,9,40,6,2,14,4
UR ur UL BS R D dr,2,9,40,6,2,14,4
BS R UR D UL ur dr,2,9,40,7,2,13,3
BS R UR D ur UL dr,2,9,40,7,2,11,3
BS R UR UL D ur dr,2,9,40,7,2,11,3
BS R UR UL ur D dr,2,9,40,7,2,11,3
BS R ur UR D UL dr,2,9,40,7,2,17,4
BS R UR ur D UL dr,2,9,40,7,2,13,4
BS R ur UR UL D dr,2,9,40,7,2,17,4
BS R UR ur UL D dr,2,9,40,7,2,15,4
BS ur R UR D UL dr,2,9,40,7,2,13,3
BS ur R UR UL D dr,2,9,40,7,2,13,3
R BS UR D UL ur dr,2,9,40,7,2,15,3
R BS UR D ur UL dr,2,9,40,7,2,13,3
R BS UR UL D ur dr,2,9,40,7,2,13,3
R BS UR UL ur D dr,2,9,40,7,2,13,3
R BS ur UR D UL dr,2,9,40,7,2,15,4
R BS UR ur D UL dr,2,9,40,7,2,15,4
R BS ur UR UL D dr,2,9,40,7,2,15,4
R BS UR ur UL D dr,2,9,40,7,2,17,4
R UR BS D UL ur dr,2,9,40,7,2,13,3
R UR BS D ur UL dr,2,9,40,7,2,11,3
R UR BS UL D ur dr,2,9,40,7,2,11,3
R UR BS UL ur D dr,2,9,40,7,2,11,3
R ur BS UR D UL dr,2,9,40,7,2,15,3
R UR BS ur D UL dr,2,9,40,7,2,11,3
R ur BS UR UL D dr,2,9,40,7,2,15,3
R UR BS ur UL D dr,2,9,40,7,2,13,3
R UR D BS UL ur dr,2,9,40,7,2,11,3
R UR D BS ur UL dr,2,9,40,7,2,11,3
R UR D ur BS UL dr,2,9,40,7,2,9,3
R ur UR BS D UL dr,2,9,40,7,2,17,4
R UR ur BS D UL dr,2,9,40,7,2,13,4
R ur UR BS UL D dr,2,9,40,7,2,17,4
R UR ur BS UL D dr,2,9,40,7,2,13,4
R ur UR D BS UL dr,2,9,40,7,2,15,4
R UR ur D BS UL dr,2,9,40,7,2,11,4
ur BS R UR D UL dr,2,9,40,7,2,12,3
ur BS R UR UL D dr,2,9,40,7,2,12,3
ur R BS UR D UL dr,2,9,40,7,2,16,3
ur R BS UR UL D dr,2,9,40,7,2,16,3
ur R UR BS D UL dr,2,9,40,7,2,14,3
ur R UR BS UL D dr,2,9,40,7,2,14,3
ur R UR D BS UL dr,2,9,40,7,2,12,3
R UL UR D dr ur BS,2,9,40,8,2,14,3
R UL UR D ur dr BS,2,9,40,8,2,14,3
R UL UR dr D ur BS,2,9,40,8,2,12,3
R UL UR dr ur D BS,2,9,40,8,2,12,3
R UL ur UR D dr BS,2,9,40,8,2,18,4
R UL UR ur D dr BS,2,9,40,8,2,16,4
R UL ur UR dr D BS,2,9,40,8,2,16,4
R UL UR ur dr D BS,2,9,40,8,2,16,4
R UR D UL dr ur BS,2,9,40,8,2,12,3
R UR D UL ur dr BS,2,9,40,8,2,14,3
R UR D ur UL dr BS,2,9,40,8,2,12,3
R UR UL D dr ur BS,2,9,40,8,2,12,3
R UR UL D ur dr BS,2,9,40,8,2,12,3
R UR UL dr D ur BS,2,9,40,8,2,10,3
R UR UL dr ur D BS,2,9,40,8,2,10,2
R ur UL UR D dr BS,2,9,40,8,2,16,3
R UR UL ur D dr BS,2,9,40,8,2,12,3
R ur UL UR dr D BS,2,9,40,8,2,14,3
R UR UL ur dr D BS,2,9,40,8,2,12,3
R ur UR D UL dr BS,2,9,40,8,2,18,4
R UR ur D UL dr BS,2,9,40,8,2,14,4
R ur UR UL D dr BS,2,9,40,8,2,18,4
R UR ur UL D dr BS,2,9,40,8,2,16,4
R ur UR UL dr D BS,2,9,40,8,2,16,4
R UR ur UL dr D BS,2,9,40,8,2,14,4
ur R UL UR D dr BS,2,9,40,8,2,17,3
ur R UL UR dr D BS,2,9,40,8,2,15,3
ur R UR D UL dr BS,2,9,40,8,2,15,3
ur R UR UL D dr BS,2,9,40,8,2,15,3
ur R UR UL dr D BS,2,9,40,8,2,13,3
BS D UL UR dr R ur,2,9,41,7,2,15,3
BS D UL UR R dr ur,2,9,41,7,2,13,3
BS D UR UL dr R ur,2,9,41,7,2,15,3
BS D UR UL R dr ur,2,9,41,7,2,15,3
BS UL D UR dr R ur,2,9,41,7,2,15,3
BS UL D UR R dr ur,2,9,41,7,2,13,3
BS UL UR D dr R ur,2,9,41,7,2,15,3
BS UL UR D R dr ur,2,9,41,7,2,13,3
BS UL UR dr D R ur,2,9,41,7,2,13,3
BS UR D UL dr R ur,2,9,41,7,2,17,3
BS UR D UL R dr ur,2,9,41,7,2,17,3
BS UR UL D dr R ur,2,9,41,7,2,17,3
BS UR UL D R dr ur,2,9,41,7,2,15,3
BS UR UL dr D R ur,2,9,41,7,2,15,3
D BS UL UR dr R ur,2,9,41,7,2,13,3
D BS UL UR R dr ur,2,9,41,7,2,11,3
D BS UR UL dr R ur,2,9,41,7,2,15,3
D BS UR UL R dr ur,2,9,41,7,2,15,3
D UL BS UR dr R ur,2,9,41,7,2,15,3
D UL BS UR R dr ur,2,9,41,7,2,13,3
D UL UR BS dr R ur,2,9,41,7,2,17,3
D UL UR BS R dr ur,2,9,41,7,2,15,3
D UL UR dr BS R ur,2,9,41,7,2,15,3
D UL UR dr R BS ur,2,9,41,7,2,13,3
D UL UR R BS dr ur,2,9,41,7,2,13,3
D UL UR R dr BS ur,2,9,41,7,2,13,3
D UR BS UL dr R ur,2,9,41,7,2,15,3
D UR BS UL R dr ur,2,9,41,7,2,15,3
D UR R UL BS dr ur,2,9,41,7,2,13,3
D UR R UL dr BS ur,2,9,41,7,2,13,3
D UR UL BS dr R ur,2,9,41,7,2,15,3
D UR UL BS R dr ur,2,9,41,7,2,13,3
D UR UL dr BS R ur,2,9,41,7,2,15,3
D UR UL dr R BS ur,2,9,41,7,2,13,3
D UR UL R BS dr ur,2,9,41,7,2,15,3
D UR UL R dr BS ur,2,9,41,7,2,15,3
UL BS D UR dr R ur,2,9,41,7,2,14,3
UL BS D UR R dr ur,2,9,41,7,2,12,3
UL BS UR D dr R ur,2,9,41,7,2,16,3
UL BS UR D R dr ur,2,9,41,7,2,14,3
UL BS UR dr D R ur,2,9,41,7,2,14,3
UL D BS UR dr R ur,2,9,41,7,2,16,3
UL D BS UR R dr ur,2,9,41,7,2,14,3
UL D UR BS dr R ur,2,9,41,7,2,18,3
UL D UR BS R dr ur,2,9,41,7,2,16,3
UL D UR dr BS R ur,2,9,41,7,2,16,3
UL D UR dr R BS ur,2,9,41,7,2,14,3
UL D UR R BS dr ur,2,9,41,7,2,14,3
UL D UR R dr BS ur,2,9,41,7,2,14,3
UL UR BS D dr R ur,2,9,41,7,2,16,3
UL UR BS D R dr ur,2,9,41,7,2,14,3
UL UR BS dr D R ur,2,9,41,7,2,16,3
UL UR D BS dr R ur,2,9,41,7,2,16,3
UL UR D BS R dr ur,2,9,41,7,2,14,3
UL UR D dr BS R ur,2,9,41,7,2,16,3
UL UR D dr R BS ur,2,9,41,7,2,14,3
UL UR D R BS dr ur,2,9,41,7,2,14,3
UL UR D R dr BS ur,2,9,41,7,2,14,3
UL UR dr BS D R ur,2,9,41,7,2,14,3
UL UR dr D BS R ur,2,9,41,7,2,14,3
UL UR dr D R BS ur,2,9,41,7,2,12,3
UR BS D UL dr R ur,2,9,41,7,2,16,3
UR BS D UL R dr ur,2,9,41,7,2,16,3
UR BS UL D dr R ur,2,9,41,7,2,16,3
UR BS UL D R dr ur,2,9,41,7,2,14,3
UR BS UL dr D R ur,2,9,41,7,2,14,3
UR D BS UL dr R ur,2,9,41,7,2,14,3
UR D BS UL R dr ur,2,9,41,7,2,14,3
UR D R UL BS dr ur,2,9,41,7,2,14,3
UR D R UL dr BS ur,2,9,41,7,2,14,3
UR D UL BS dr R ur,2,9,41,7,2,16,3
UR D UL BS R dr ur,2,9,41,7,2,14,3
UR D UL dr BS R ur,2,9,41,7,2,16,3
UR D UL dr R BS ur,2,9,41,7,2,14,3
UR D UL R BS dr ur,2,9,41,7,2,16,3
UR D UL R dr BS ur,2,9,41,7,2,16,3
UR UL BS D dr R ur,2,9,41,7,2,14,3
UR UL BS D R dr ur,2,9,41,7,2,12,3
UR UL BS dr D R ur,2,9,41,7,2,14,3
UR UL D BS dr R ur,2,9,41,7,2,16,3
UR UL D BS R dr ur,2,9,41,7,2,14,3
UR UL D dr BS R ur,2,9,41,7,2,16,3
UR UL D dr R BS ur,2,9,41,7,2,14,3
UR UL D R BS dr ur,2,9,41,7,2,14,3
UR UL D R dr BS ur,2,9,41,7,2,14,3
UR UL dr BS D R ur,2,9,41,7,2,14,3
UR UL dr D BS R ur,2,9,41,7,2,14,3
UR UL dr D R BS ur,2,9,41,7,2,12,3
BS D R UL ur UR dr,2,9,41,8,2,15,4
BS D R UL UR ur dr,2,9,41,8,2,15,4
BS dr UL R ur D UR,2,9,41,8,2,15,3
BS dr UL R ur UR D,2,9,41,8,2,18,4
BS dr UL R UR ur D,2,9,41,8,2,14,4
BS dr UL ur D R UR,2,9,41,8,2,11,3
BS dr UL ur R D UR,2,9,41,8,2,15,3
BS dr UL ur R UR D,2,9,41,8,2,14,3
BS dr ur UL D R UR,2,9,41,8,2,13,3
BS dr ur UL R D UR,2,9,41,8,2,15,3
BS dr ur UL R UR D,2,9,41,8,2,14,3
BS R D UL ur UR dr,2,9,41,8,2,15,4
BS R D UL UR ur dr,2,9,41,8,2,15,4
BS R UL D ur UR dr,2,9,41,8,2,15,4
BS R UL D UR ur dr,2,9,41,8,2,17,4
BS UL dr R ur D UR,2,9,41,8,2,13,3
BS UL dr R ur UR D,2,9,41,8,2,16,4
BS UL dr R UR ur D,2,9,41,8,2,12,4
BS UL dr ur D R UR,2,9,41,8,2,9,2
BS UL dr ur R D UR,2,9,41,8,2,13,3
BS UL dr ur R UR D,2,9,41,8,2,12,3
BS UL R dr ur D UR,2,9,41,8,2,13,3
BS UL R dr ur UR D,2,9,41,8,2,16,4
BS UL R dr UR ur D,2,9,41,8,2,14,4
BS UL R ur D dr UR,2,9,41,8,2,13,3
BS UL R ur dr D UR,2,9,41,8,2,15,3
BS UL R ur dr UR D,2,9,41,8,2,14,3
BS UL R UR dr ur D,2,9,41,8,2,10,3
BS UL R ur UR dr D,2,9,41,8,2,16,4
BS UL R UR ur dr D,2,9,41,8,2,14,4
BS UL ur D dr R UR,2,9,41,8,2,11,3
BS UL ur D R dr UR,2,9,41,8,2,11,3
BS UL ur dr D R UR,2,9,41,8,2,11,3
BS UL ur dr R D UR,2,9,41,8,2,13,3
BS UL ur dr R UR D,2,9,41,8,2,12,3
BS UL ur R D dr UR,2,9,41,8,2,13,3
BS UL ur R dr D UR,2,9,41,8,2,15,3
BS UL ur R dr UR D,2,9,41,8,2,14,3
BS UL ur R UR dr D,2,9,41,8,2,12,3
BS ur dr UL D R UR,2,9,41,8,2,11,3
BS ur dr UL R D UR,2,9,41,8,2,13,3
BS ur dr UL R UR D,2,9,41,8,2,12,3
BS ur UL D dr R UR,2,9,41,8,2,13,3
BS ur UL D R dr UR,2,9,41,8,2,13,3
BS ur UL dr D R UR,2,9,41,8,2,11,3
BS ur UL dr R D UR,2,9,41,8,2,13,3
BS ur UL dr R UR D,2,9,41,8,2,12,3
BS ur UL R D dr UR,2,9,41,8,2,13,3
BS ur UL R dr D UR,2,9,41,8,2,15,3
BS ur UL R dr UR D,2,9,41,8,2,14,3
BS ur UL R UR dr D,2,9,41,8,2,12,3
D BS R UL ur UR dr,2,9,41,8,2,15,4
D BS R UL UR ur dr,2,9,41,8,2,15,4
D R BS UL ur UR dr,2,9,41,8,2,13,4
D R BS UL UR ur dr,2,9,41,8,2,13,4
D R UL BS ur UR dr,2,9,41,8,2,13,4
D R UL BS UR ur dr,2,9,41,8,2,15,4
D R UL ur BS UR dr,2,9,41,8,2,13,3
D R UL UR BS ur dr,2,9,41,8,2,13,3
D R UL ur UR BS dr,2,9,41,8,2,17,4
D R UL UR ur BS dr,2,9,41,8,2,15,4
D R ur UL BS UR dr,2,9,41,8,2,13,3
D R UR UL BS ur dr,2,9,41,8,2,9,2
D R ur UL UR BS dr,2,9,41,8,2,15,3
D R UR UL ur BS dr,2,9,41,8,2,11,3
D R ur UR UL BS dr,2,9,41,8,2,15,4
D R UR ur UL BS dr,2,9,41,8,2,13,4
D ur R UL BS UR dr,2,9,41,8,2,13,3
D ur R UL UR BS dr,2,9,41,8,2,15,3
D ur R UR UL BS dr,2,9,41,8,2,11,3
dr BS UL R ur D UR,2,9,41,8,2,14,3
dr BS UL R ur UR D,2,9,41,8,2,17,4
dr BS UL R UR ur D,2,9,41,8,2,13,4
dr BS UL ur D R UR,2,9,41,8,2,10,3
dr BS UL ur R D UR,2,9,41,8,2,14,3
dr BS UL ur R UR D,2,9,41,8,2,13,3
dr BS ur UL D R UR,2,9,41,8,2,12,3
dr BS ur UL R D UR,2,9,41,8,2,14,3
dr BS ur UL R UR D,2,9,41,8,2,13,3
dr UL BS R ur D UR,2,9,41,8,2,12,3
dr UL BS R ur UR D,2,9,41,8,2,15,4
dr UL BS R UR ur D,2,9,41,8,2,11,4
dr UL BS ur D R UR,2,9,41,8,2,8,2
dr UL BS ur R D UR,2,9,41,8,2,12,3
dr UL BS ur R UR D,2,9,41,8,2,11,3
dr UL R BS ur D UR,2,9,41,8,2,12,3
dr UL R BS ur UR D,2,9,41,8,2,15,4
dr UL R BS UR ur D,2,9,41,8,2,15,4
dr UL R ur BS D UR,2,9,41,8,2,14,3
dr UL R ur BS UR D,2,9,41,8,2,15,3
dr UL R UR BS ur D,2,9,41,8,2,11,3
dr UL R ur UR BS D,2,9,41,8,2,17,4
dr UL R UR ur BS D,2,9,41,8,2,13,4
dr UL ur BS D R UR,2,9,41,8,2,10,2
dr UL ur BS R D UR,2,9,41,8,2,12,3
dr UL ur BS R UR D,2,9,41,8,2,11,3
dr UL ur R BS D UR,2,9,41,8,2,14,3
dr UL ur R BS UR D,2,9,41,8,2,15,3
dr UL UR R BS ur D,2,9,41,8,2,9,2
dr UL ur R UR BS D,2,9,41,8,2,13,3
dr UL UR R ur BS D,2,9,41,8,2,11,3
dr UL ur UR R BS D,2,9,41,8,2,13,4
dr UL UR ur R BS D,2,9,41,8,2,15,4
dr ur BS UL D R UR,2,9,41,8,2,10,3
dr ur BS UL R D UR,2,9,41,8,2,12,3
dr ur BS UL R UR D,2,9,41,8,2,11,3
dr ur UL BS D R UR,2,9,41,8,2,10,2
dr ur UL BS R D UR,2,9,41,8,2,12,3
dr ur UL BS R UR D,2,9,41,8,2,11,3
dr ur UL R BS D UR,2,9,41,8,2,14,3
dr ur UL R BS UR D,2,9,41,8,2,15,3
dr ur UL R UR BS D,2,9,41,8,2,13,3
dr ur UL UR R BS D,2,9,41,8,2,11,2
R BS D UL ur UR dr,2,9,41,8,2,15,4
R BS D UL UR ur dr,2,9,41,8,2,15,4
R BS UL D ur UR dr,2,9,41,8,2,13,4
R BS UL D UR ur dr,2,9,41,8,2,15,4
R D BS UL ur UR dr,2,9,41,8,2,13,4
R D BS UL UR ur dr,2,9,41,8,2,13,4
R D UL BS ur UR dr,2,9,41,8,2,13,4
R D UL BS UR ur dr,2,9,41,8,2,15,4
R D UL ur BS UR dr,2,9,41,8,2,13,3
R D UL UR BS ur dr,2,9,41,8,2,13,3
R D UL ur UR BS dr,2,9,41,8,2,17,4
R D UL UR ur BS dr,2,9,41,8,2,15,4
R D ur UL BS UR dr,2,9,41,8,2,11,3
R D UR UL BS ur dr,2,9,41,8,2,11,3
R D ur UL UR BS dr,2,9,41,8,2,13,3
R D UR UL ur BS dr,2,9,41,8,2,13,3
R D ur UR UL BS dr,2,9,41,8,2,13,4
R D UR ur UL BS dr,2,9,41,8,2,15,4
R UL BS D ur UR dr,2,9,41,8,2,13,4
R UL BS D UR ur dr,2,9,41,8,2,15,4
R UL D BS ur UR dr,2,9,41,8,2,15,4
R UL D BS UR ur dr,2,9,41,8,2,17,4
R UL D ur BS UR dr,2,9,41,8,2,13,3
R UL D UR BS ur dr,2,9,41,8,2,15,3
R UL D ur UR BS dr,2,9,41,8,2,17,4
R UL D UR ur BS dr,2,9,41,8,2,17,4
R UL ur D BS UR dr,2,9,41,8,2,13,3
R UL ur D UR BS dr,2,9,41,8,2,15,3
R ur D UL BS UR dr,2,9,41,8,2,13,3
R ur D UL UR BS dr,2,9,41,8,2,15,3
R ur D UR UL BS dr,2,9,41,8,2,13,3
R ur UL D BS UR dr,2,9,41,8,2,15,3
R ur UL D UR BS dr,2,9,41,8,2,17,3
UL BS dr R ur D UR,2,9,41,8,2,14,3
UL BS dr R ur UR D,2,9,41,8,2,17,4
UL BS dr R UR ur D,2,9,41,8,2,13,4
UL BS dr ur D R UR,2,9,41,8,2,10,3
UL BS dr ur R D UR,2,9,41,8,2,14,3
UL BS dr ur R UR D,2,9,41,8,2,13,3
UL BS R dr ur D UR,2,9,41,8,2,12,3
UL BS R dr ur UR D,2,9,41,8,2,15,4
UL BS R dr UR ur D,2,9,41,8,2,13,4
UL BS R ur D dr UR,2,9,41,8,2,12,3
UL BS R ur dr D UR,2,9,41,8,2,14,3
UL BS R ur dr UR D,2,9,41,8,2,13,3
UL BS R UR dr ur D,2,9,41,8,2,9,2
UL BS R ur UR dr D,2,9,41,8,2,15,4
UL BS R UR ur dr D,2,9,41,8,2,13,4
UL BS ur D dr R UR,2,9,41,8,2,10,3
UL BS ur D R dr UR,2,9,41,8,2,10,3
UL BS ur dr D R UR,2,9,41,8,2,10,3
UL BS ur dr R D UR,2,9,41,8,2,12,3
UL BS ur dr R UR D,2,9,41,8,2,11,3
UL BS ur R D dr UR,2,9,41,8,2,12,3
UL BS ur R dr D UR,2,9,41,8,2,14,3
UL BS ur R dr UR D,2,9,41,8,2,13,3
UL BS ur R UR dr D,2,9,41,8,2,11,3
UL dr BS R ur D UR,2,9,41,8,2,14,3
UL dr BS R ur UR D,2,9,41,8,2,17,4
UL dr BS R UR ur D,2,9,41,8,2,13,4
UL dr BS ur D R UR,2,9,41,8,2,10,3
UL dr BS ur R D UR,2,9,41,8,2,14,3
UL dr BS ur R UR D,2,9,41,8,2,13,3
UL dr R BS ur D UR,2,9,41,8,2,12,3
UL dr R BS ur UR D,2,9,41,8,2,15,4
UL dr R BS UR ur D,2,9,41,8,2,15,4
UL dr R ur BS D UR,2,9,41,8,2,14,3
UL dr R ur BS UR D,2,9,41,8,2,15,3
UL dr R UR BS ur D,2,9,41,8,2,11,3
UL dr R ur UR BS D,2,9,41,8,2,17,4
UL dr R UR ur BS D,2,9,41,8,2,13,4
UL dr ur BS D R UR,2,9,41,8,2,10,2
UL dr ur BS R D UR,2,9,41,8,2,12,3
UL dr ur BS R UR D,2,9,41,8,2,11,3
UL dr ur R BS D UR,2,9,41,8,2,14,3
UL dr ur R BS UR D,2,9,41,8,2,15,3
UL dr UR R BS ur D,2,9,41,8,2,9,2
UL dr ur R UR BS D,2,9,41,8,2,13,3
UL dr UR R ur BS D,2,9,41,8,2,11,3
UL dr ur UR R BS D,2,9,41,8,2,13,4
UL dr UR ur R BS D,2,9,41,8,2,15,4
UL R BS dr ur D UR,2,9,41,8,2,14,3
UL R BS dr ur UR D,2,9,41,8,2,17,4
UL R BS dr UR ur D,2,9,41,8,2,15,4
UL R BS ur D dr UR,2,9,41,8,2,12,3
UL R BS ur dr D UR,2,9,41,8,2,14,3
UL R BS ur dr UR D,2,9,41,8,2,13,3
UL R BS UR dr ur D,2,9,41,8,2,13,3
UL R BS ur UR dr D,2,9,41,8,2,15,4
UL R BS UR ur dr D,2,9,41,8,2,17,4
UL R dr BS ur D UR,2,9,41,8,2,14,3
UL R dr BS ur UR D,2,9,41,8,2,17,4
UL R dr BS UR ur D,2,9,41,8,2,17,4
UL R dr ur BS D UR,2,9,41,8,2,14,3
UL R dr ur BS UR D,2,9,41,8,2,15,3
UL R dr UR BS ur D,2,9,41,8,2,13,3
UL R dr ur UR BS D,2,9,41,8,2,17,4
UL R dr UR ur BS D,2,9,41,8,2,15,4
UL R ur BS D dr UR,2,9,41,8,2,14,3
UL R ur BS dr D UR,2,9,41,8,2,16,3
UL R ur BS dr UR D,2,9,41,8,2,15,3
UL R ur BS UR dr D,2,9,41,8,2,15,3
UL R ur dr BS D UR,2,9,41,8,2,16,3
UL R ur dr BS UR D,2,9,41,8,2,17,3
UL R ur dr UR BS D,2,9,41,8,2,15,3
UL ur BS D dr R UR,2,9,41,8,2,12,3
UL ur BS D R dr UR,2,9,41,8,2,12,3
UL ur BS dr D R UR,2,9,41,8,2,12,3
UL ur BS dr R D UR,2,9,41,8,2,14,3
UL ur BS dr R UR D,2,9,41,8,2,13,3
UL ur BS R D dr UR,2,9,41,8,2,12,3
UL ur BS R dr D UR,2,9,41,8,2,14,3
UL ur BS R dr UR D,2,9,41,8,2,13,3
UL ur BS R UR dr D,2,9,41,8,2,11,3
UL ur dr BS D R UR,2,9,41,8,2,12,3
UL ur dr BS R D UR,2,9,41,8,2,14,3
UL ur dr BS R UR D,2,9,41,8,2,13,3
UL ur dr R BS D UR,2,9,41,8,2,14,3
UL ur dr R BS UR D,2,9,41,8,2,15,3
UL ur dr R UR BS D,2,9,41,8,2,13,3
UL ur dr UR R BS D,2,9,41,8,2,11,2
UL ur R BS D dr UR,2,9,41,8,2,14,3
UL ur R BS dr D UR,2,9,41,8,2,16,3
UL ur R BS dr UR D,2,9,41,8,2,15,3
UL ur R BS UR dr D,2,9,41,8,2,15,3
UL ur R dr BS D UR,2,9,41,8,2,16,3
UL ur R dr BS UR D,2,9,41,8,2,17,3
UL ur R dr UR BS D,2,9,41,8,2,15,3
ur BS dr UL D R UR,2,9,41,8,2,12,3
ur BS dr UL R D UR,2,9,41,8,2,14,3
ur BS dr UL R UR D,2,9,41,8,2,13,3
ur BS UL D dr R UR,2,9,41,8,2,12,3
ur BS UL D R dr UR,2,9,41,8,2,12,3
ur BS UL dr D R UR,2,9,41,8,2,10,3
ur BS UL dr R D UR,2,9,41,8,2,12,3
ur BS UL dr R UR D,2,9,41,8,2,11,3
ur BS UL R D dr UR,2,9,41,8,2,12,3
ur BS UL R dr D UR,2,9,41,8,2,14,3
ur BS UL R dr UR D,2,9,41,8,2,13,3
ur BS UL R UR dr D,2,9,41,8,2,11,3
ur D R UL BS UR dr,2,9,41,8,2,12,3
ur D R UL UR BS dr,2,9,41,8,2,14,3
ur D R UR UL BS dr,2,9,41,8,2,10,3
ur dr BS UL D R UR,2,9,41,8,2,12,3
ur dr BS UL R D UR,2,9,41,8,2,14,3
ur dr BS UL R UR D,2,9,41,8,2,13,3
ur dr UL BS D R UR,2,9,41,8,2,10,2
ur dr UL BS R D UR,2,9,41,8,2,12,3
ur dr UL BS R UR D,2,9,41,8,2,11,3
ur dr UL R BS D UR,2,9,41,8,2,14,3
ur dr UL R BS UR D,2,9,41,8,2,15,3
ur dr UL R UR BS D,2,9,41,8,2,13,3
ur dr UL UR R BS D,2,9,41,8,2,11,2
ur R D UL BS UR dr,2,9,41,8,2,14,3
ur R D UL UR BS dr,2,9,41,8,2,16,3
ur R D UR UL BS dr,2,9,41,8,2,14,3
ur R UL D BS UR dr,2,9,41,8,2,16,3
ur R UL D UR BS dr,2,9,41,8,2,18,3
ur UL BS D dr R UR,2,9,41,8,2,12,3
ur UL BS D R dr UR,2,9,41,8,2,12,3
ur UL BS dr D R UR,2,9,41,8,2,12,3
ur UL BS dr R D UR,2,9,41,8,2,14,3
ur UL BS dr R UR D,2,9,41,8,2,13,3
ur UL BS R D dr UR,2,9,41,8,2,12,3
ur UL BS R dr D UR,2,9,41,8,2,14,3
ur UL BS R dr UR D,2,9,41,8,2,13,3
ur UL BS R UR dr D,2,9,41,8,2,11,3
ur UL dr BS D R UR,2,9,41,8,2,12,3
ur UL dr BS R D UR,2,9,41,8,2,14,3
ur UL dr BS R UR D,2,9,41,8,2,13,3
ur UL dr R BS D UR,2,9,41,8,2,14,3
ur UL dr R BS UR D,2,9,41,8,2,15,3
ur UL dr R UR BS D,2,9,41,8,2,13,3
ur UL dr UR R BS D,2,9,41,8,2,11,2
ur UL R BS D dr UR,2,9,41,8,2,14,3
ur UL R BS dr D UR,2,9,41,8,2,16,3
ur UL R BS dr UR D,2,9,41,8,2,15,3
ur UL R BS UR dr D,2,9,41,8,2,15,3
ur UL R dr BS D UR,2,9,41,8,2,16,3
ur UL R dr BS UR D,2,9,41,8,2,17,3
ur UL R dr UR BS D,2,9,41,8,2,15,3
BS dr UR UL R ur D,2,9,42,7,2,14,3
BS dr UR UL ur D R,2,9,42,7,2,12,3
BS dr UR UL ur R D,2,9,42,7,2,14,3
BS dr ur UR UL D R,2,9,42,7,2,16,4
BS dr UR ur UL D R,2,9,42,7,2,16,4
BS dr ur UR UL R D,2,9,42,7,2,16,4
BS dr UR ur UL R D,2,9,42,7,2,16,4
BS UR dr UL R ur D,2,9,42,7,2,14,3
BS UR dr UL ur D R,2,9,42,7,2,12,3
BS UR dr UL ur R D,2,9,42,7,2,14,3
BS ur dr UR UL D R,2,9,42,7,2,12,3
BS UR dr ur UL D R,2,9,42,7,2,14,3
BS ur dr UR UL R D,2,9,42,7,2,12,3
BS UR dr ur UL R D,2,9,42,7,2,14,3
BS ur UR dr UL D R,2,9,42,7,2,14,4
BS UR ur dr UL D R,2,9,42,7,2,16,4
BS ur UR dr UL R D,2,9,42,7,2,14,4
BS UR ur dr UL R D,2,9,42,7,2,16,4
dr BS UR UL R ur D,2,9,42,7,2,15,3
dr BS UR UL ur D R,2,9,42,7,2,13,3
dr BS UR UL ur R D,2,9,42,7,2,15,3
dr BS ur UR UL D R,2,9,42,7,2,15,4
dr BS UR ur UL D R,2,9,42,7,2,17,4
dr BS ur UR UL R D,2,9,42,7,2,15,4
dr BS UR ur UL R D,2,9,42,7,2,17,4
dr UR BS UL R ur D,2,9,42,7,2,13,3
dr UR BS UL ur D R,2,9,42,7,2,11,3
dr UR BS UL ur R D,2,9,42,7,2,13,3
dr ur BS UR UL D R,2,9,42,7,2,13,3
dr UR BS ur UL D R,2,9,42,7,2,13,3
dr ur BS UR UL R D,2,9,42,7,2,13,3
dr UR BS ur UL R D,2,9,42,7,2,13,3
dr UR UL BS R ur D,2,9,42,7,2,11,3
dr UR UL BS ur D R,2,9,42,7,2,9,2
dr UR UL BS ur R D,2,9,42,7,2,11,3
dr UR UL ur BS D R,2,9,42,7,2,11,2
dr UR UL ur BS R D,2,9,42,7,2,11,2
dr ur UR BS UL D R,2,9,42,7,2,15,4
dr UR ur BS UL D R,2,9,42,7,2,13,4
dr ur UR BS UL R D,2,9,42,7,2,15,4
dr UR ur BS UL R D,2,9,42,7,2,13,4
dr ur UR UL BS D R,2,9,42,7,2,13,4
dr UR ur UL BS D R,2,9,42,7,2,13,4
dr ur UR UL BS R D,2,9,42,7,2,13,4
dr UR ur UL BS R D,2,9,42,7,2,13,4
UL R UR BS D ur dr,2,9,42,7,2,12,3
UL R UR BS ur D dr,2,9,42,7,2,12,3
UL R UR D BS ur dr,2,9,42,7,2,12,3
UL R UR D ur BS dr,2,9,42,7,2,12,3
UL R ur UR BS D dr,2,9,42,7,2,18,4
UL R UR ur BS D dr,2,9,42,7,2,14,4
UL R ur UR D BS dr,2,9,42,7,2,18,4
UL R UR ur D BS dr,2,9,42,7,2,14,4
UL UR R BS D ur dr,2,9,42,7,2,10,2
UL UR R BS ur D dr,2,9,42,7,2,10,3
UL UR R D BS ur dr,2,9,42,7,2,10,2
UL UR R D ur BS dr,2,9,42,7,2,10,3
UL ur R UR BS D dr,2,9,42,7,2,14,3
UL UR R ur BS D dr,2,9,42,7,2,12,3
UL ur R UR D BS dr,2,9,42,7,2,14,3
UL UR R ur D BS dr,2,9,42,7,2,12,3
UL ur UR R BS D dr,2,9,42,7,2,14,4
UL UR ur R BS D dr,2,9,42,7,2,16,4
UL ur UR R D BS dr,2,9,42,7,2,14,4
UL UR ur R D BS dr,2,9,42,7,2,16,4
UR BS dr UL R ur D,2,9,42,7,2,15,3
UR BS dr UL ur D R,2,9,42,7,2,13,3
UR BS dr UL ur R D,2,9,42,7,2,15,3
ur BS dr UR UL D R,2,9,42,7,2,13,3
UR BS dr ur UL D R,2,9,42,7,2,15,3
ur BS dr UR UL R D,2,9,42,7,2,13,3
UR BS dr ur UL R D,2,9,42,7,2,15,3
ur BS UR dr UL D R,2,9,42,7,2,13,3
UR BS ur dr UL D R,2,9,42,7,2,13,3
ur BS UR dr UL R D,2,9,42,7,2,13,3
UR BS ur dr UL R D,2,9,42,7,2,13,3
UR dr BS UL R ur D,2,9,42,7,2,13,3
UR dr BS UL ur D R,2,9,42,7,2,11,3
UR dr BS UL ur R D,2,9,42,7,2,13,3
ur dr BS UR UL D R,2,9,42,7,2,15,3
UR dr BS ur UL D R,2,9,42,7,2,13,3
ur dr BS UR UL R D,2,9,42,7,2,15,3
UR dr BS ur UL R D,2,9,42,7,2,13,3
UR dr UL BS R ur D,2,9,42,7,2,11,3
UR dr UL BS ur D R,2,9,42,7,2,9,2
UR dr UL BS ur R D,2,9,42,7,2,11,3
UR dr UL ur BS D R,2,9,42,7,2,11,2
UR dr UL ur BS R D,2,9,42,7,2,11,2
ur dr UR BS UL D R,2,9,42,7,2,13,3
UR dr ur BS UL D R,2,9,42,7,2,11,3
ur dr UR BS UL R D,2,9,42,7,2,13,3
UR dr ur BS UL R D,2,9,42,7,2,11,3
ur dr UR UL BS D R,2,9,42,7,2,11,2
UR dr ur UL BS D R,2,9,42,7,2,11,2
ur dr UR UL BS R D,2,9,42,7,2,11,2
UR dr ur UL BS R D,2,9,42,7,2,11,2
UR R D UL BS ur dr,2,9,42,7,2,10,3
UR R D UL ur BS dr,2,9,42,7,2,12,3
UR R D ur UL BS dr,2,9,42,7,2,10,3
UR R UL BS D ur dr,2,9,42,7,2,10,3
UR R UL BS ur D dr,2,9,42,7,2,10,3
UR R UL D BS ur dr,2,9,42,7,2,12,3
UR R UL D ur BS dr,2,9,42,7,2,12,3
UR R UL ur BS D dr,2,9,42,7,2,12,3
UR R UL ur D BS dr,2,9,42,7,2,12,3
UR R ur D UL BS dr,2,9,42,7,2,12,3
UR R ur UL BS D dr,2,9,42,7,2,12,3
UR R ur UL D BS dr,2,9,42,7,2,14,3
UR UL R BS D ur dr,2,9,42,7,2,12,3
UR UL R BS ur D dr,2,9,42,7,2,12,3
UR UL R D BS ur dr,2,9,42,7,2,12,3
UR UL R D ur BS dr,2,9,42,7,2,12,3
ur UL R UR BS D dr,2,9,42,7,2,14,3
UR UL R ur BS D dr,2,9,42,7,2,14,3
ur UL R UR D BS dr,2,9,42,7,2,14,3
UR UL R ur D BS dr,2,9,42,7,2,14,3
ur UL UR R BS D dr,2,9,42,7,2,12,3
UR UL ur R BS D dr,2,9,42,7,2,14,3
ur UL UR R D BS dr,2,9,42,7,2,12,3
UR UL ur R D BS dr,2,9,42,7,2,14,3
ur UR BS dr UL D R,2,9,42,7,2,17,4
UR ur BS dr UL D R,2,9,42,7,2,15,4
ur UR BS dr UL R D,2,9,42,7,2,17,4
UR ur BS dr UL R D,2,9,42,7,2,15,4
ur UR dr BS UL D R,2,9,42,7,2,15,4
UR ur dr BS UL D R,2,9,42,7,2,15,4
ur UR dr BS UL R D,2,9,42,7,2,15,4
UR ur dr BS UL R D,2,9,42,7,2,15,4
ur UR dr UL BS D R,2,9,42,7,2,13,4
UR ur dr UL BS D R,2,9,42,7,2,13,4
ur UR dr UL BS R D,2,9,42,7,2,13,4
UR ur dr UL BS R D,2,9,42,7,2,13,4
ur UR R D UL BS dr,2,9,42,7,2,14,4
UR ur R D UL BS dr,2,9,42,7,2,16,4
ur UR R UL BS D dr,2,9,42,7,2,14,4
UR ur R UL BS D dr,2,9,42,7,2,16,4
ur UR R UL D BS dr,2,9,42,7,2,16,4
UR ur R UL D BS dr,2,9,42,7,2,18,4
ur UR UL R BS D dr,2,9,42,7,2,16,4
UR ur UL R BS D dr,2,9,42,7,2,16,4
ur UR UL R D BS dr,2,9,42,7,2,16,4
UR ur UL R D BS dr,2,9,42,7,2,16,4
BS D dr UL ur UR R,2,9,43,8,2,14,4
BS D dr UL UR ur R,2,9,43,8,2,16,4
BS D UL dr ur UR R,2,9,43,8,2,14,4
BS D UL dr UR ur R,2,9,43,8,2,16,4
BS D UL ur dr UR R,2,9,43,8,2,12,3
BS dr D UL ur UR R,2,9,43,8,2,16,4
BS dr D UL UR ur R,2,9,43,8,2,18,4
BS dr UL D ur UR R,2,9,43,8,2,14,4
BS dr UL D UR ur R,2,9,43,8,2,18,4
BS dr UL UR D ur R,2,9,43,8,2,14,3
BS UL D dr ur UR R,2,9,43,8,2,14,4
BS UL D dr UR ur R,2,9,43,8,2,16,4
BS UL D ur dr UR R,2,9,43,8,2,10,3
BS UL dr D ur UR R,2,9,43,8,2,12,4
BS UL dr D UR ur R,2,9,43,8,2,16,4
BS UL dr UR D ur R,2,9,43,8,2,12,3
D BS dr UL ur UR R,2,9,43,8,2,14,4
D BS dr UL UR ur R,2,9,43,8,2,16,4
D BS UL dr ur UR R,2,9,43,8,2,12,4
D BS UL dr UR ur R,2,9,43,8,2,14,4
D BS UL ur dr UR R,2,9,43,8,2,10,2
D dr BS UL ur UR R,2,9,43,8,2,14,4
D dr BS UL UR ur R,2,9,43,8,2,16,4
D dr UL BS ur UR R,2,9,43,8,2,12,4
D dr UL BS UR ur R,2,9,43,8,2,16,4
D dr UL ur BS UR R,2,9,43,8,2,12,3
D dr UL UR BS ur R,2,9,43,8,2,14,3
D dr UL ur UR BS R,2,9,43,8,2,16,4
D dr UL UR ur BS R,2,9,43,8,2,14,4
D dr ur UL BS UR R,2,9,43,8,2,12,3
D dr ur UL UR BS R,2,9,43,8,2,14,3
D UL BS dr ur UR R,2,9,43,8,2,14,4
D UL BS dr UR ur R,2,9,43,8,2,16,4
D UL BS ur dr UR R,2,9,43,8,2,10,3
D UL dr BS ur UR R,2,9,43,8,2,14,4
D UL dr BS UR ur R,2,9,43,8,2,18,4
D UL dr ur BS UR R,2,9,43,8,2,12,3
D UL dr UR BS ur R,2,9,43,8,2,14,3
D UL dr ur UR BS R,2,9,43,8,2,16,4
D UL dr UR ur BS R,2,9,43,8,2,14,4
D UL ur BS dr UR R,2,9,43,8,2,12,3
D UL ur dr BS UR R,2,9,43,8,2,14,3
D UL ur dr UR BS R,2,9,43,8,2,14,3
D ur dr UL BS UR R,2,9,43,8,2,10,3
D ur dr UL UR BS R,2,9,43,8,2,12,3
D ur UL BS dr UR R,2,9,43,8,2,10,3
D ur UL dr BS UR R,2,9,43,8,2,12,3
D ur UL dr UR BS R,2,9,43,8,2,12,3
dr BS D UL ur UR R,2,9,43,8,2,15,4
dr BS D UL UR ur R,2,9,43,8,2,17,4
dr BS UL D ur UR R,2,9,43,8,2,13,4
dr BS UL D UR ur R,2,9,43,8,2,17,4
dr BS UL UR D ur R,2,9,43,8,2,13,3
dr D BS UL ur UR R,2,9,43,8,2,13,4
dr D BS UL UR ur R,2,9,43,8,2,15,4
dr D UL BS ur UR R,2,9,43,8,2,13,4
dr D UL BS UR ur R,2,9,43,8,2,17,4
dr D UL ur BS UR R,2,9,43,8,2,13,3
dr D UL UR BS ur R,2,9,43,8,2,15,3
dr D UL ur UR BS R,2,9,43,8,2,17,4
dr D UL UR ur BS R,2,9,43,8,2,15,4
dr D ur UL BS UR R,2,9,43,8,2,11,3
dr D ur UL UR BS R,2,9,43,8,2,13,3
dr UL BS D ur UR R,2,9,43,8,2,11,4
dr UL BS D UR ur R,2,9,43,8,2,15,4
dr UL BS UR D ur R,2,9,43,8,2,13,3
dr UL D BS ur UR R,2,9,43,8,2,13,4
dr UL D BS UR ur R,2,9,43,8,2,17,4
dr UL D ur BS UR R,2,9,43,8,2,11,3
dr UL D UR BS ur R,2,9,43,8,2,15,3
dr UL D ur UR BS R,2,9,43,8,2,15,4
dr UL D UR ur BS R,2,9,43,8,2,15,4
dr UL UR BS D ur R,2,9,43,8,2,13,3
dr UL ur D BS UR R,2,9,43,8,2,11,3
dr UL UR D BS ur R,2,9,43,8,2,13,3
dr UL ur D UR BS R,2,9,43,8,2,13,3
dr UL UR D ur BS R,2,9,43,8,2,11,3
dr UL ur UR D BS R,2,9,43,8,2,15,4
dr UL UR ur D BS R,2,9,43,8,2,13,4
dr ur D UL BS UR R,2,9,43,8,2,11,3
dr ur D UL UR BS R,2,9,43,8,2,13,3
dr ur UL D BS UR R,2,9,43,8,2,13,3
dr ur UL D UR BS R,2,9,43,8,2,15,3
dr ur UL UR D BS R,2,9,43,8,2,13,3
R UL UR BS D dr ur,2,9,43,8,2,15,3
R UL UR BS dr D ur,2,9,43,8,2,15,3
R UL UR D BS dr ur,2,9,43,8,2,15,3
R UL UR D dr BS ur,2,9,43,8,2,15,3
R UL UR dr BS D ur,2,9,43,8,2,13,3
R UL UR dr D BS ur,2,9,43,8,2,13,3
R UR D UL BS dr ur,2,9,43,8,2,13,3
R UR D UL dr BS ur,2,9,43,8,2,13,3
R UR UL BS D dr ur,2,9,43,8,2,11,3
R UR UL BS dr D ur,2,9,43,8,2,11,3
R UR UL D BS dr ur,2,9,43,8,2,13,3
R UR UL D dr BS ur,2,9,43,8,2,13,3
R UR UL dr BS D ur,2,9,43,8,2,11,3
R UR UL dr D BS ur,2,9,43,8,2,11,3
UL BS D dr ur UR R,2,9,43,8,2,13,4
UL BS D dr UR ur R,2,9,43,8,2,15,4
UL BS D ur dr UR R,2,9,43,8,2,9,2
UL BS dr D ur UR R,2,9,43,8,2,13,4
UL BS dr D UR ur R,2,9,43,8,2,17,4
UL BS dr UR D ur R,2,9,43,8,2,13,3
UL D BS dr ur UR R,2,9,43,8,2,15,4
UL D BS dr UR ur R,2,9,43,8,2,17,4
UL D BS ur dr UR R,2,9,43,8,2,11,3
UL D dr BS ur UR R,2,9,43,8,2,15,4
UL D dr BS UR ur R,2,9,43,8,2,19,4
UL D dr ur BS UR R,2,9,43,8,2,13,3
UL D dr UR BS ur R,2,9,43,8,2,15,3
UL D dr ur UR BS R,2,9,43,8,2,17,4
UL D dr UR ur BS R,2,9,43,8,2,15,4
UL D ur BS dr UR R,2,9,43,8,2,11,3
UL D ur dr BS UR R,2,9,43,8,2,13,3
UL D ur dr UR BS R,2,9,43,8,2,13,3
UL dr BS D ur UR R,2,9,43,8,2,13,4
UL dr BS D UR ur R,2,9,43,8,2,17,4
UL dr BS UR D ur R,2,9,43,8,2,15,3
UL dr D BS ur UR R,2,9,43,8,2,13,4
UL dr D BS UR ur R,2,9,43,8,2,17,4
UL dr D ur BS UR R,2,9,43,8,2,11,3
UL dr D UR BS ur R,2,9,43,8,2,15,3
UL dr D ur UR BS R,2,9,43,8,2,15,4
UL dr D UR ur BS R,2,9,43,8,2,15,4
UL dr UR BS D ur R,2,9,43,8,2,13,3
UL dr ur D BS UR R,2,9,43,8,2,11,3
UL dr UR D BS ur R,2,9,43,8,2,13,3
UL dr ur D UR BS R,2,9,43,8,2,13,3
UL dr UR D ur BS R,2,9,43,8,2,11,3
UL dr ur UR D BS R,2,9,43,8,2,15,4
UL dr UR ur D BS R,2,9,43,8,2,13,4
UL ur D BS dr UR R,2,9,43,8,2,11,3
UL ur D dr BS UR R,2,9,43,8,2,13,3
UL ur D dr UR BS R,2,9,43,8,2,13,3
UL ur dr D BS UR R,2,9,43,8,2,13,3
UL ur dr D UR BS R,2,9,43,8,2,15,3
UL ur dr UR D BS R,2,9,43,8,2,13,3
ur D dr UL BS UR R,2,9,43,8,2,11,3
ur D dr UL UR BS R,2,9,43,8,2,13,3
ur D UL BS dr UR R,2,9,43,8,2,11,3
ur D UL dr BS UR R,2,9,43,8,2,13,3
ur D UL dr UR BS R,2,9,43,8,2,13,3
ur dr D UL BS UR R,2,9,43,8,2,13,3
ur dr D UL UR BS R,2,9,43,8,2,15,3
ur dr UL D BS UR R,2,9,43,8,2,13,3
ur dr UL D UR BS R,2,9,43,8,2,15,3
ur dr UL UR D BS R,2,9,43,8,2,13,3
ur UL D BS dr UR R,2,9,43,8,2,13,3
ur UL D dr BS UR R,2,9,43,8,2,15,3
ur UL D dr UR BS R,2,9,43,8,2,15,3
ur UL dr D BS UR R,2,9,43,8,2,13,3
ur UL dr D UR BS R,2,9,43,8,2,15,3
ur UL dr UR D BS R,2,9,43,8,2,13,3
BS D dr R ur UL UR,2,9,43,9,2,15,3
BS D dr R ur UR UL,2,9,43,9,2,17,4
BS D dr R UR ur UL,2,9,43,9,2,15,4
BS D dr ur R UL UR,2,9,43,9,2,15,3
BS D dr ur R UR UL,2,9,43,9,2,13,3
BS D R dr ur UL UR,2,9,43,9,2,13,3
BS D R dr ur UR UL,2,9,43,9,2,15,4
BS D R dr UR ur UL,2,9,43,9,2,15,4
BS D R ur dr UL UR,2,9,43,9,2,13,3
BS D R ur dr UR UL,2,9,43,9,2,13,3
BS D R UR dr ur UL,2,9,43,9,2,11,2
BS D R ur UL dr UR,2,9,43,9,2,13,3
BS D R ur UR dr UL,2,9,43,9,2,15,4
BS D R UR ur dr UL,2,9,43,9,2,13,4
BS D ur dr R UL UR,2,9,43,9,2,13,3
BS D ur dr R UR UL,2,9,43,9,2,11,3
BS D ur R dr UL UR,2,9,43,9,2,13,3
BS D ur R dr UR UL,2,9,43,9,2,13,3
BS D ur R UL dr UR,2,9,43,9,2,13,3
BS D ur R UR dr UL,2,9,43,9,2,11,3
BS dr D R ur UL UR,2,9,43,9,2,15,3
BS dr D R ur UR UL,2,9,43,9,2,17,4
BS dr D R UR ur UL,2,9,43,9,2,15,4
BS dr D ur R UL UR,2,9,43,9,2,15,3
BS dr D ur R UR UL,2,9,43,9,2,13,3
BS dr R D ur UL UR,2,9,43,9,2,13,3
BS dr R D ur UR UL,2,9,43,9,2,15,4
BS dr R D UR ur UL,2,9,43,9,2,17,4
BS dr R ur D UL UR,2,9,43,9,2,15,3
BS dr R ur D UR UL,2,9,43,9,2,15,3
BS dr ur D R UL UR,2,9,43,9,2,13,3
BS dr ur D R UR UL,2,9,43,9,2,11,3
BS dr ur R D UL UR,2,9,43,9,2,15,3
BS dr ur R D UR UL,2,9,43,9,2,15,3
BS R D dr ur UL UR,2,9,43,9,2,13,3
BS R D dr ur UR UL,2,9,43,9,2,15,4
BS R D dr UR ur UL,2,9,43,9,2,15,4
BS R D ur dr UL UR,2,9,43,9,2,11,2
BS R D ur dr UR UL,2,9,43,9,2,11,2
BS R D UR dr ur UL,2,9,43,9,2,13,3
BS R D ur UL dr UR,2,9,43,9,2,11,2
BS R D ur UR dr UL,2,9,43,9,2,13,4
BS R D UR ur dr UL,2,9,43,9,2,15,4
BS R dr D ur UL UR,2,9,43,9,2,13,3
BS R dr D ur UR UL,2,9,43,9,2,15,4
BS R dr D UR ur UL,2,9,43,9,2,17,4
BS R dr ur D UL UR,2,9,43,9,2,13,3
BS R dr ur D UR UL,2,9,43,9,2,13,3
BS R ur D dr UL UR,2,9,43,9,2,13,3
BS R ur D dr UR UL,2,9,43,9,2,13,3
BS R ur D UL dr UR,2,9,43,9,2,13,3
BS R ur D UR dr UL,2,9,43,9,2,13,3
BS R ur dr D UL UR,2,9,43,9,2,15,3
BS R ur dr D UR UL,2,9,43,9,2,15,3
BS ur D dr R UL UR,2,9,43,9,2,13,3
BS ur D dr R UR UL,2,9,43,9,2,11,3
BS ur D R dr UL UR,2,9,43,9,2,11,3
BS ur D R dr UR UL,2,9,43,9,2,11,3
BS ur D R UL dr UR,2,9,43,9,2,11,3
BS ur D R UR dr UL,2,9,43,9,2,9,2
BS ur dr D R UL UR,2,9,43,9,2,13,3
BS ur dr D R UR UL,2,9,43,9,2,11,3
BS ur dr R D UL UR,2,9,43,9,2,13,3
BS ur dr R D UR UL,2,9,43,9,2,13,3
BS ur R D dr UL UR,2,9,43,9,2,13,3
BS ur R D dr UR UL,2,9,43,9,2,13,3
BS ur R D UL dr UR,2,9,43,9,2,13,3
BS ur R D UR dr UL,2,9,43,9,2,13,3
BS ur R dr D UL UR,2,9,43,9,2,15,3
BS ur R dr D UR UL,2,9,43,9,2,15,3
D BS dr R ur UL UR,2,9,43,9,2,15,3
D BS dr R ur UR UL,2,9,43,9,2,17,4
D BS dr R UR ur UL,2,9,43,9,2,15,4
D BS dr ur R UL UR,2,9,43,9,2,15,3
D BS dr ur R UR UL,2,9,43,9,2,13,3
D BS R dr ur UL UR,2,9,43,9,2,13,3
D BS R dr ur UR UL,2,9,43,9,2,15,4
D BS R dr UR ur UL,2,9,43,9,2,15,4
D BS R ur dr UL UR,2,9,43,9,2,13,3
D BS R ur dr UR UL,2,9,43,9,2,13,3
D BS R UR dr ur UL,2,9,43,9,2,11,2
D BS R ur UL dr UR,2,9,43,9,2,13,3
D BS R ur UR dr UL,2,9,43,9,2,15,4
D BS R UR ur dr UL,2,9,43,9,2,13,4
D BS ur dr R UL UR,2,9,43,9,2,13,3
D BS ur dr R UR UL,2,9,43,9,2,11,3
D BS ur R dr UL UR,2,9,43,9,2,13,3
D BS ur R dr UR UL,2,9,43,9,2,13,3
D BS ur R UL dr UR,2,9,43,9,2,13,3
D BS ur R UR dr UL,2,9,43,9,2,11,3
D dr BS R ur UL UR,2,9,43,9,2,15,3
D dr BS R ur UR UL,2,9,43,9,2,17,4
D dr BS R UR ur UL,2,9,43,9,2,15,4
D dr BS ur R UL UR,2,9,43,9,2,15,3
D dr BS ur R UR UL,2,9,43,9,2,13,3
D dr R BS ur UL UR,2,9,43,9,2,13,3
D dr R BS ur UR UL,2,9,43,9,2,15,4
D dr R BS UR ur UL,2,9,43,9,2,17,4
D dr R ur BS UL UR,2,9,43,9,2,13,3
D dr R ur BS UR UL,2,9,43,9,2,15,3
D dr R UR BS ur UL,2,9,43,9,2,13,3
D dr R ur UR BS UL,2,9,43,9,2,17,4
D dr R UR ur BS UL,2,9,43,9,2,13,4
D dr ur BS R UL UR,2,9,43,9,2,13,3
D dr ur BS R UR UL,2,9,43,9,2,11,3
D dr ur R BS UL UR,2,9,43,9,2,13,3
D dr ur R BS UR UL,2,9,43,9,2,15,3
D dr ur R UR BS UL,2,9,43,9,2,13,3
D R BS dr ur UL UR,2,9,43,9,2,13,3
D R BS dr ur UR UL,2,9,43,9,2,15,4
D R BS dr UR ur UL,2,9,43,9,2,15,4
D R BS ur dr UL UR,2,9,43,9,2,11,2
D R BS ur dr UR UL,2,9,43,9,2,11,2
D R BS UR dr ur UL,2,9,43,9,2,13,3
D R BS ur UL dr UR,2,9,43,9,2,11,2
D R BS ur UR dr UL,2,9,43,9,2,13,4
D R BS UR ur dr UL,2,9,43,9,2,15,4
D R dr BS ur UL UR,2,9,43,9,2,13,3
D R dr BS ur UR UL,2,9,43,9,2,15,4
D R dr BS UR ur UL,2,9,43,9,2,17,4
D R dr ur BS UL UR,2,9,43,9,2,11,3
D R dr ur BS UR UL,2,9,43,9,2,13,3
D R dr UR BS ur UL,2,9,43,9,2,13,3
D R dr ur UR BS UL,2,9,43,9,2,15,4
D R dr UR ur BS UL,2,9,43,9,2,13,4
D R ur BS dr UL UR,2,9,43,9,2,13,3
D R ur BS dr UR UL,2,9,43,9,2,13,3
D R UR BS dr ur UL,2,9,43,9,2,13,3
D R ur BS UL dr UR,2,9,43,9,2,11,3
D R ur BS UR dr UL,2,9,43,9,2,13,3
D R UR BS ur dr UL,2,9,43,9,2,11,3
D R ur dr BS UL UR,2,9,43,9,2,13,3
D R ur dr BS UR UL,2,9,43,9,2,15,3
D R UR dr BS ur UL,2,9,43,9,2,11,3
D R ur dr UR BS UL,2,9,43,9,2,13,3
D R UR dr ur BS UL,2,9,43,9,2,9,2
D R ur UR BS dr UL,2,9,43,9,2,17,4
D R UR ur BS dr UL,2,9,43,9,2,13,4
D R ur UR dr BS UL,2,9,43,9,2,15,4
D R UR ur dr BS UL,2,9,43,9,2,13,4
D ur BS dr R UL UR,2,9,43,9,2,13,3
D ur BS dr R UR UL,2,9,43,9,2,11,3
D ur BS R dr UL UR,2,9,43,9,2,11,3
D ur BS R dr UR UL,2,9,43,9,2,11,3
D ur BS R UL dr UR,2,9,43,9,2,11,3
D ur BS R UR dr UL,2,9,43,9,2,9,2
D ur dr BS R UL UR,2,9,43,9,2,13,3
D ur dr BS R UR UL,2,9,43,9,2,11,3
D ur dr R BS UL UR,2,9,43,9,2,11,3
D ur dr R BS UR UL,2,9,43,9,2,13,3
D ur dr R UR BS UL,2,9,43,9,2,11,3
D ur R BS dr UL UR,2,9,43,9,2,13,3
D ur R BS dr UR UL,2,9,43,9,2,13,3
D ur R BS UL dr UR,2,9,43,9,2,11,3
D ur R BS UR dr UL,2,9,43,9,2,13,3
D ur R dr BS UL UR,2,9,43,9,2,13,3
D ur R dr BS UR UL,2,9,43,9,2,15,3
D ur R dr UR BS UL,2,9,43,9,2,13,3
D ur R UR BS dr UL,2,9,43,9,2,13,3
D ur R UR dr BS UL,2,9,43,9,2,11,3
dr BS D R ur UL UR,2,9,43,9,2,14,3
dr BS D R ur UR UL,2,9,43,9,2,16,4
dr BS D R UR ur UL,2,9,43,9,2,14,4
dr BS D ur R UL UR,2,9,43,9,2,14,3
dr BS D ur R UR UL,2,9,43,9,2,12,3
dr BS R D ur UL UR,2,9,43,9,2,12,3
dr BS R D ur UR UL,2,9,43,9,2,14,4
dr BS R D UR ur UL,2,9,43,9,2,16,4
dr BS R ur D UL UR,2,9,43,9,2,14,3
dr BS R ur D UR UL,2,9,43,9,2,14,3
dr BS ur D R UL UR,2,9,43,9,2,12,3
dr BS ur D R UR UL,2,9,43,9,2,10,3
dr BS ur R D UL UR,2,9,43,9,2,14,3
dr BS ur R D UR UL,2,9,43,9,2,14,3
dr D BS R ur UL UR,2,9,43,9,2,14,3
dr D BS R ur UR UL,2,9,43,9,2,16,4
dr D BS R UR ur UL,2,9,43,9,2,14,4
dr D BS ur R UL UR,2,9,43,9,2,14,3
dr D BS ur R UR UL,2,9,43,9,2,12,3
dr D R BS ur UL UR,2,9,43,9,2,12,3
dr D R BS ur UR UL,2,9,43,9,2,14,4
dr D R BS UR ur UL,2,9,43,9,2,16,4
dr D R ur BS UL UR,2,9,43,9,2,12,3
dr D R ur BS UR UL,2,9,43,9,2,14,3
dr D R UR BS ur UL,2,9,43,9,2,12,3
dr D R ur UR BS UL,2,9,43,9,2,16,4
dr D R UR ur BS UL,2,9,43,9,2,12,4
dr D ur BS R UL UR,2,9,43,9,2,12,3
dr D ur BS R UR UL,2,9,43,9,2,10,3
dr D ur R BS UL UR,2,9,43,9,2,12,3
dr D ur R BS UR UL,2,9,43,9,2,14,3
dr D ur R UR BS UL,2,9,43,9,2,12,3
dr R BS D ur UL UR,2,9,43,9,2,12,3
dr R BS D ur UR UL,2,9,43,9,2,14,4
dr R BS D UR ur UL,2,9,43,9,2,16,4
dr R BS ur D UL UR,2,9,43,9,2,12,3
dr R BS ur D UR UL,2,9,43,9,2,12,3
dr R D BS ur UL UR,2,9,43,9,2,12,3
dr R D BS ur UR UL,2,9,43,9,2,14,4
dr R D BS UR ur UL,2,9,43,9,2,16,4
dr R D ur BS UL UR,2,9,43,9,2,10,3
dr R D ur BS UR UL,2,9,43,9,2,12,3
dr R D UR BS ur UL,2,9,43,9,2,14,3
dr R D ur UR BS UL,2,9,43,9,2,14,4
dr R D UR ur BS UL,2,9,43,9,2,14,4
dr R ur BS D UL UR,2,9,43,9,2,14,3
dr R ur BS D UR UL,2,9,43,9,2,14,3
dr R ur D BS UL UR,2,9,43,9,2,12,3
dr R ur D BS UR UL,2,9,43,9,2,14,3
dr R ur D UR BS UL,2,9,43,9,2,14,3
dr ur BS D R UL UR,2,9,43,9,2,12,3
dr ur BS D R UR UL,2,9,43,9,2,10,2
dr ur BS R D UL UR,2,9,43,9,2,12,3
dr ur BS R D UR UL,2,9,43,9,2,12,3
dr ur D BS R UL UR,2,9,43,9,2,12,3
dr ur D BS R UR UL,2,9,43,9,2,10,2
dr ur D R BS UL UR,2,9,43,9,2,10,2
dr ur D R BS UR UL,2,9,43,9,2,12,3
dr ur D R UR BS UL,2,9,43,9,2,10,3
dr ur R BS D UL UR,2,9,43,9,2,14,3
dr ur R BS D UR UL,2,9,43,9,2,14,3
dr ur R D BS UL UR,2,9,43,9,2,12,3
dr ur R D BS UR UL,2,9,43,9,2,14,3
dr ur R D UR BS UL,2,9,43,9,2,14,3
R BS D dr ur UL UR,2,9,43,9,2,13,3
R BS D dr ur UR UL,2,9,43,9,2,15,4
R BS D dr UR ur UL,2,9,43,9,2,15,4
R BS D ur dr UL UR,2,9,43,9,2,11,2
R BS D ur dr UR UL,2,9,43,9,2,11,2
R BS D UR dr ur UL,2,9,43,9,2,13,3
R BS D ur UL dr UR,2,9,43,9,2,11,2
R BS D ur UR dr UL,2,9,43,9,2,13,4
R BS D UR ur dr UL,2,9,43,9,2,15,4
R BS dr D ur UL UR,2,9,43,9,2,13,3
R BS dr D ur UR UL,2,9,43,9,2,15,4
R BS dr D UR ur UL,2,9,43,9,2,17,4
R BS dr ur D UL UR,2,9,43,9,2,13,3
R BS dr ur D UR UL,2,9,43,9,2,13,3
R BS ur D dr UL UR,2,9,43,9,2,11,3
R BS ur D dr UR UL,2,9,43,9,2,11,3
R BS ur D UL dr UR,2,9,43,9,2,11,3
R BS ur D UR dr UL,2,9,43,9,2,11,3
R BS ur dr D UL UR,2,9,43,9,2,13,3
R BS ur dr D UR UL,2,9,43,9,2,13,3
R D BS dr ur UL UR,2,9,43,9,2,13,3
R D BS dr ur UR UL,2,9,43,9,2,15,4
R D BS dr UR ur UL,2,9,43,9,2,15,4
R D BS ur dr UL UR,2,9,43,9,2,11,2
R D BS ur dr UR UL,2,9,43,9,2,11,2
R D BS UR dr ur UL,2,9,43,9,2,13,3
R D BS ur UL dr UR,2,9,43,9,2,11,2
R D BS ur UR dr UL,2,9,43,9,2,13,4
R D BS UR ur dr UL,2,9,43,9,2,15,4
R D dr BS ur UL UR,2,9,43,9,2,13,3
R D dr BS ur UR UL,2,9,43,9,2,15,4
R D dr BS UR ur UL,2,9,43,9,2,17,4
R D dr ur BS UL UR,2,9,43,9,2,11,3
R D dr ur BS UR UL,2,9,43,9,2,13,3
R D dr UR BS ur UL,2,9,43,9,2,13,3
R D dr ur UR BS UL,2,9,43,9,2,15,4
R D dr UR ur BS UL,2,9,43,9,2,13,4
R D ur BS dr UL UR,2,9,43,9,2,11,3
R D ur BS dr UR UL,2,9,43,9,2,11,3
R D UR BS dr ur UL,2,9,43,9,2,15,3
R D ur BS UL dr UR,2,9,43,9,2,9,2
R D ur BS UR dr UL,2,9,43,9,2,11,3
R D UR BS ur dr UL,2,9,43,9,2,13,3
R D ur dr BS UL UR,2,9,43,9,2,11,3
R D ur dr BS UR UL,2,9,43,9,2,13,3
R D UR dr BS ur UL,2,9,43,9,2,13,3
R D ur dr UR BS UL,2,9,43,9,2,11,3
R D UR dr ur BS UL,2,9,43,9,2,11,3
R D ur UR BS dr UL,2,9,43,9,2,15,4
R D UR ur BS dr UL,2,9,43,9,2,15,4
R D ur UR dr BS UL,2,9,43,9,2,13,4
R D UR ur dr BS UL,2,9,43,9,2,15,4
R dr BS D ur UL UR,2,9,43,9,2,13,3
R dr BS D ur UR UL,2,9,43,9,2,15,4
R dr BS D UR ur UL,2,9,43,9,2,17,4
R dr BS ur D UL UR,2,9,43,9,2,13,3
R dr BS ur D UR UL,2,9,43,9,2,13,3
R dr D BS ur UL UR,2,9,43,9,2,13,3
R dr D BS ur UR UL,2,9,43,9,2,15,4
R dr D BS UR ur UL,2,9,43,9,2,17,4
R dr D ur BS UL UR,2,9,43,9,2,11,3
R dr D ur BS UR UL,2,9,43,9,2,13,3
R dr D UR BS ur UL,2,9,43,9,2,15,3
R dr D ur UR BS UL,2,9,43,9,2,15,4
R dr D UR ur BS UL,2,9,43,9,2,15,4
R dr ur BS D UL UR,2,9,43,9,2,13,3
R dr ur BS D UR UL,2,9,43,9,2,13,3
R dr ur D BS UL UR,2,9,43,9,2,11,3
R dr ur D BS UR UL,2,9,43,9,2,13,3
R dr ur D UR BS UL,2,9,43,9,2,13,3
R ur BS D dr UL UR,2,9,43,9,2,13,3
R ur BS D dr UR UL,2,9,43,9,2,13,3
R ur BS D UL dr UR,2,9,43,9,2,13,3
R ur BS D UR dr UL,2,9,43,9,2,13,3
R ur BS dr D UL UR,2,9,43,9,2,15,3
R ur BS dr D UR UL,2,9,43,9,2,15,3
R ur D BS dr UL UR,2,9,43,9,2,13,3
R ur D BS dr UR UL,2,9,43,9,2,13,3
R ur D BS UL dr UR,2,9,43,9,2,11,3
R ur D BS UR dr UL,2,9,43,9,2,13,3
R ur D dr BS UL UR,2,9,43,9,2,13,3
R ur D dr BS UR UL,2,9,43,9,2,15,3
R ur D dr UR BS UL,2,9,43,9,2,13,3
R ur D UR BS dr UL,2,9,43,9,2,15,3
R ur D UR dr BS UL,2,9,43,9,2,13,3
R ur dr BS D UL UR,2,9,43,9,2,15,3
R ur dr BS D UR UL,2,9,43,9,2,15,3
R ur dr D BS UL UR,2,9,43,9,2,13,3
R ur dr D BS UR UL,2,9,43,9,2,15,3
R ur dr D UR BS UL,2,9,43,9,2,15,3
ur BS D dr R UL UR,2,9,43,9,2,14,3
ur BS D dr R UR UL,2,9,43,9,2,12,3
ur BS D R dr UL UR,2,9,43,9,2,12,3
ur BS D R dr UR UL,2,9,43,9,2,12,3
ur BS D R UL dr UR,2,9,43,9,2,12,3
ur BS D R UR dr UL,2,9,43,9,2,10,2
ur BS dr D R UL UR,2,9,43,9,2,14,3
ur BS dr D R UR UL,2,9,43,9,2,12,3
ur BS dr R D UL UR,2,9,43,9,2,14,3
ur BS dr R D UR UL,2,9,43,9,2,14,3
ur BS R D dr UL UR,2,9,43,9,2,12,3
ur BS R D dr UR UL,2,9,43,9,2,12,3
ur BS R D UL dr UR,2,9,43,9,2,12,3
ur BS R D UR dr UL,2,9,43,9,2,12,3
ur BS R dr D UL UR,2,9,43,9,2,14,3
ur BS R dr D UR UL,2,9,43,9,2,14,3
ur D BS dr R UL UR,2,9,43,9,2,14,3
ur D BS dr R UR UL,2,9,43,9,2,12,3
ur D BS R dr UL UR,2,9,43,9,2,12,3
ur D BS R dr UR UL,2,9,43,9,2,12,3
ur D BS R UL dr UR,2,9,43,9,2,12,3
ur D BS R UR dr UL,2,9,43,9,2,10,2
ur D dr BS R UL UR,2,9,43,9,2,14,3
ur D dr BS R UR UL,2,9,43,9,2,12,3
ur D dr R BS UL UR,2,9,43,9,2,12,3
ur D dr R BS UR UL,2,9,43,9,2,14,3
ur D dr R UR BS UL,2,9,43,9,2,12,3
ur D R BS dr UL UR,2,9,43,9,2,12,3
ur D R BS dr UR UL,2,9,43,9,2,12,3
ur D R BS UL dr UR,2,9,43,9,2,10,2
ur D R BS UR dr UL,2,9,43,9,2,12,3
ur D R dr BS UL UR,2,9,43,9,2,12,3
ur D R dr BS UR UL,2,9,43,9,2,14,3
ur D R dr UR BS UL,2,9,43,9,2,12,3
ur D R UR BS dr UL,2,9,43,9,2,12,3
ur D R UR dr BS UL,2,9,43,9,2,10,3
ur dr BS D R UL UR,2,9,43,9,2,14,3
ur dr BS D R UR UL,2,9,43,9,2,12,3
ur dr BS R D UL UR,2,9,43,9,2,14,3
ur dr BS R D UR UL,2,9,43,9,2,14,3
ur dr D BS R UL UR,2,9,43,9,2,14,3
ur dr D BS R UR UL,2,9,43,9,2,12,3
ur dr D R BS UL UR,2,9,43,9,2,12,3
ur dr D R BS UR UL,2,9,43,9,2,14,3
ur dr D R UR BS UL,2,9,43,9,2,12,3
ur dr R BS D UL UR,2,9,43,9,2,14,3
ur dr R BS D UR UL,2,9,43,9,2,14,3
ur dr R D BS UL UR,2,9,43,9,2,12,3
ur dr R D BS UR UL,2,9,43,9,2,14,3
ur dr R D UR BS UL,2,9,43,9,2,14,3
ur R BS D dr UL UR,2,9,43,9,2,14,3
ur R BS D dr UR UL,2,9,43,9,2,14,3
ur R BS D UL dr UR,2,9,43,9,2,14,3
ur R BS D UR dr UL,2,9,43,9,2,14,3
ur R BS dr D UL UR,2,9,43,9,2,16,3
ur R BS dr D UR UL,2,9,43,9,2,16,3
ur R D BS dr UL UR,2,9,43,9,2,14,3
ur R D BS dr UR UL,2,9,43,9,2,14,3
ur R D BS UL dr UR,2,9,43,9,2,12,3
ur R D BS UR dr UL,2,9,43,9,2,14,3
ur R D dr BS UL UR,2,9,43,9,2,14,3
ur R D dr BS UR UL,2,9,43,9,2,16,3
ur R D dr UR BS UL,2,9,43,9,2,14,3
ur R D UR BS dr UL,2,9,43,9,2,16,3
ur R D UR dr BS UL,2,9,43,9,2,14,3
ur R dr BS D UL UR,2,9,43,9,2,16,3
ur R dr BS D UR UL,2,9,43,9,2,16,3
ur R dr D BS UL UR,2,9,43,9,2,14,3
ur R dr D BS UR UL,2,9,43,9,2,16,3
ur R dr D UR BS UL,2,9,43,9,2,16,3
BS D UL UR R ur dr,2,9,44,7,2,13,3
BS D UL ur UR R dr,2,9,44,7,2,15,4
BS D UL UR ur R dr,2,9,44,7,2,17,4
BS D UR UL R ur dr,2,9,44,7,2,15,3
BS D UR UL ur R dr,2,9,44,7,2,15,3
BS UL D UR R ur dr,2,9,44,7,2,13,3
BS UL D ur UR R dr,2,9,44,7,2,13,4
BS UL D UR ur R dr,2,9,44,7,2,17,4
BS UL UR D R ur dr,2,9,44,7,2,13,3
BS UL UR D ur R dr,2,9,44,7,2,13,3
BS UR D UL R ur dr,2,9,44,7,2,17,3
BS UR D UL ur R dr,2,9,44,7,2,17,3
BS UR UL D R ur dr,2,9,44,7,2,15,3
BS UR UL D ur R dr,2,9,44,7,2,15,3
D BS UL UR R ur dr,2,9,44,7,2,11,3
D BS UL ur UR R dr,2,9,44,7,2,13,4
D BS UL UR ur R dr,2,9,44,7,2,15,4
D BS UR UL R ur dr,2,9,44,7,2,15,3
D BS UR UL ur R dr,2,9,44,7,2,15,3
D UL BS UR R ur dr,2,9,44,7,2,13,3
D UL BS ur UR R dr,2,9,44,7,2,13,4
D UL BS UR ur R dr,2,9,44,7,2,17,4
D UL UR BS R ur dr,2,9,44,7,2,15,3
D UL ur BS UR R dr,2,9,44,7,2,13,3
D UL UR BS ur R dr,2,9,44,7,2,15,3
D UL UR R BS ur dr,2,9,44,7,2,11,3
D UL UR R ur BS dr,2,9,44,7,2,13,3
D UL ur UR BS R dr,2,9,44,7,2,17,4
D UL UR ur BS R dr,2,9,44,7,2,15,4
D UL ur UR R BS dr,2,9,44,7,2,15,4
D UL UR ur R BS dr,2,9,44,7,2,17,4
D UR BS UL R ur dr,2,9,44,7,2,15,3
D UR BS UL ur R dr,2,9,44,7,2,15,3
D UR R UL BS ur dr,2,9,44,7,2,11,3
D UR R UL ur BS dr,2,9,44,7,2,13,3
D UR R ur UL BS dr,2,9,44,7,2,13,3
D UR UL BS R ur dr,2,9,44,7,2,13,3
D ur UL BS UR R dr,2,9,44,7,2,11,3
D UR UL BS ur R dr,2,9,44,7,2,13,3
D UR UL R BS ur dr,2,9,44,7,2,13,3
D UR UL R ur BS dr,2,9,44,7,2,15,3
D ur UL UR BS R dr,2,9,44,7,2,13,3
D UR UL ur BS R dr,2,9,44,7,2,13,3
D ur UL UR R BS dr,2,9,44,7,2,11,3
D UR UL ur R BS dr,2,9,44,7,2,15,3
D ur UR R UL BS dr,2,9,44,7,2,13,4
D UR ur R UL BS dr,2,9,44,7,2,17,4
D ur UR UL BS R dr,2,9,44,7,2,13,4
D UR ur UL BS R dr,2,9,44,7,2,15,4
D ur UR UL R BS dr,2,9,44,7,2,15,4
D UR ur UL R BS dr,2,9,44,7,2,17,4
UL BS D UR R ur dr,2,9,44,7,2,12,3
UL BS D ur UR R dr,2,9,44,7,2,12,4
UL BS D UR ur R dr,2,9,44,7,2,16,4
UL BS UR D R ur dr,2,9,44,7,2,14,3
UL BS UR D ur R dr,2,9,44,7,2,14,3
UL D BS UR R ur dr,2,9,44,7,2,14,3
UL D BS ur UR R dr,2,9,44,7,2,14,4
UL D BS UR ur R dr,2,9,44,7,2,18,4
UL D UR BS R ur dr,2,9,44,7,2,16,3
UL D ur BS UR R dr,2,9,44,7,2,12,3
UL D UR BS ur R dr,2,9,44,7,2,16,3
UL D UR R BS ur dr,2,9,44,7,2,12,3
UL D UR R ur BS dr,2,9,44,7,2,14,3
UL D ur UR BS R dr,2,9,44,7,2,16,4
UL D UR ur BS R dr,2,9,44,7,2,16,4
UL D ur UR R BS dr,2,9,44,7,2,14,4
UL D UR ur R BS dr,2,9,44,7,2,18,4
UL UR BS D R ur dr,2,9,44,7,2,14,3
UL UR BS D ur R dr,2,9,44,7,2,14,3
UL UR D BS R ur dr,2,9,44,7,2,14,3
UL ur D BS UR R dr,2,9,44,7,2,12,3
UL UR D BS ur R dr,2,9,44,7,2,14,3
UL UR D R BS ur dr,2,9,44,7,2,12,3
UL UR D R ur BS dr,2,9,44,7,2,14,3
UL ur D UR BS R dr,2,9,44,7,2,14,3
UL UR D ur BS R dr,2,9,44,7,2,12,3
UL ur D UR R BS dr,2,9,44,7,2,12,3
UL UR D ur R BS dr,2,9,44,7,2,14,3
UL ur UR D BS R dr,2,9,44,7,2,16,4
UL UR ur D BS R dr,2,9,44,7,2,14,4
UL ur UR D R BS dr,2,9,44,7,2,16,4
UL UR ur D R BS dr,2,9,44,7,2,14,4
UR BS D UL R ur dr,2,9,44,7,2,16,3
UR BS D UL ur R dr,2,9,44,7,2,16,3
UR BS UL D R ur dr,2,9,44,7,2,14,3
UR BS UL D ur R dr,2,9,44,7,2,14,3
UR D BS UL R ur dr,2,9,44,7,2,14,3
UR D BS UL ur R dr,2,9,44,7,2,14,3
UR D R UL BS ur dr,2,9,44,7,2,12,3
UR D R UL ur BS dr,2,9,44,7,2,14,3
UR D R ur UL BS dr,2,9,44,7,2,14,3
UR D UL BS R ur dr,2,9,44,7,2,14,3
ur D UL BS UR R dr,2,9,44,7,2,12,3
UR D UL BS ur R dr,2,9,44,7,2,14,3
UR D UL R BS ur dr,2,9,44,7,2,14,3
UR D UL R ur BS dr,2,9,44,7,2,16,3
ur D UL UR BS R dr,2,9,44,7,2,14,3
UR D UL ur BS R dr,2,9,44,7,2,14,3
ur D UL UR R BS dr,2,9,44,7,2,12,3
UR D UL ur R BS dr,2,9,44,7,2,16,3
ur D UR R UL BS dr,2,9,44,7,2,12,3
UR D ur R UL BS dr,2,9,44,7,2,14,3
ur D UR UL BS R dr,2,9,44,7,2,12,3
UR D ur UL BS R dr,2,9,44,7,2,12,3
ur D UR UL R BS dr,2,9,44,7,2,14,3
UR D ur UL R BS dr,2,9,44,7,2,14,3
UR UL BS D R ur dr,2,9,44,7,2,12,3
UR UL BS D ur R dr,2,9,44,7,2,12,3
UR UL D BS R ur dr,2,9,44,7,2,14,3
ur UL D BS UR R dr,2,9,44,7,2,14,3
UR UL D BS ur R dr,2,9,44,7,2,14,3
UR UL D R BS ur dr,2,9,44,7,2,12,3
UR UL D R ur BS dr,2,9,44,7,2,14,3
ur UL D UR BS R dr,2,9,44,7,2,16,3
UR UL D ur BS R dr,2,9,44,7,2,12,3
ur UL D UR R BS dr,2,9,44,7,2,14,3
UR UL D ur R BS dr,2,9,44,7,2,14,3
ur UL UR D BS R dr,2,9,44,7,2,14,3
UR UL ur D BS R dr,2,9,44,7,2,12,3
ur UL UR D R BS dr,2,9,44,7,2,14,3
UR UL ur D R BS dr,2,9,44,7,2,12,3
ur UR D R UL BS dr,2,9,44,7,2,16,4
UR ur D R UL BS dr,2,9,44,7,2,14,4
ur UR D UL BS R dr,2,9,44,7,2,16,4
UR ur D UL BS R dr,2,9,44,7,2,14,4
ur UR D UL R BS dr,2,9,44,7,2,18,4
UR ur D UL R BS dr,2,9,44,7,2,16,4
ur UR UL D BS R dr,2,9,44,7,2,16,4
UR ur UL D BS R dr,2,9,44,7,2,16,4
ur UR UL D R BS dr,2,9,44,7,2,16,4
UR ur UL D R BS dr,2,9,44,7,2,16,4
BS dr UR R D ur UL,2,9,44,8,2,11,3
BS dr UR R UL ur D,2,9,44,8,2,12,3
BS dr UR R ur D UL,2,9,44,8,2,13,3
BS dr UR R ur UL D,2,9,44,8,2,14,3
BS dr ur UR R D UL,2,9,44,8,2,15,4
BS dr UR ur R D UL,2,9,44,8,2,17,4
BS dr ur UR R UL D,2,9,44,8,2,16,4
BS dr UR ur R UL D,2,9,44,8,2,18,4
BS UR dr R D ur UL,2,9,44,8,2,13,3
BS UR dr R UL ur D,2,9,44,8,2,14,3
BS UR dr R ur D UL,2,9,44,8,2,15,3
BS UR dr R ur UL D,2,9,44,8,2,16,3
BS ur dr UR R D UL,2,9,44,8,2,11,3
BS UR dr ur R D UL,2,9,44,8,2,15,3
BS ur dr UR R UL D,2,9,44,8,2,12,3
BS UR dr ur R UL D,2,9,44,8,2,16,3
BS UR R D dr ur UL,2,9,44,8,2,13,3
BS UR R D ur dr UL,2,9,44,8,2,11,3
BS UR R dr D ur UL,2,9,44,8,2,13,3
BS UR R dr UL ur D,2,9,44,8,2,12,3
BS UR R dr ur D UL,2,9,44,8,2,13,3
BS UR R dr ur UL D,2,9,44,8,2,14,3
BS UR R UL dr ur D,2,9,44,8,2,12,3
BS UR R UL ur dr D,2,9,44,8,2,14,3
BS UR R ur D dr UL,2,9,44,8,2,13,3
BS UR R ur dr D UL,2,9,44,8,2,15,3
BS UR R ur dr UL D,2,9,44,8,2,14,3
BS UR R ur UL dr D,2,9,44,8,2,14,3
BS ur UR dr R D UL,2,9,44,8,2,15,4
BS UR ur dr R D UL,2,9,44,8,2,17,4
BS ur UR dr R UL D,2,9,44,8,2,16,4
BS UR ur dr R UL D,2,9,44,8,2,18,4
BS ur UR R D dr UL,2,9,44,8,2,13,4
BS UR ur R D dr UL,2,9,44,8,2,17,4
BS ur UR R dr D UL,2,9,44,8,2,15,4
BS UR ur R dr D UL,2,9,44,8,2,19,4
BS ur UR R dr UL D,2,9,44,8,2,14,4
BS UR ur R dr UL D,2,9,44,8,2,18,4
BS ur UR R UL dr D,2,9,44,8,2,14,4
BS UR ur R UL dr D,2,9,44,8,2,18,4
dr BS UR R D ur UL,2,9,44,8,2,12,3
dr BS UR R UL ur D,2,9,44,8,2,13,3
dr BS UR R ur D UL,2,9,44,8,2,14,3
dr BS UR R ur UL D,2,9,44,8,2,15,3
dr BS ur UR R D UL,2,9,44,8,2,14,4
dr BS UR ur R D UL,2,9,44,8,2,18,4
dr BS ur UR R UL D,2,9,44,8,2,15,4
dr BS UR ur R UL D,2,9,44,8,2,19,4
dr UR BS R D ur UL,2,9,44,8,2,12,3
dr UR BS R UL ur D,2,9,44,8,2,13,3
dr UR BS R ur D UL,2,9,44,8,2,14,3
dr UR BS R ur UL D,2,9,44,8,2,15,3
dr ur BS UR R D UL,2,9,44,8,2,12,3
dr UR BS ur R D UL,2,9,44,8,2,14,3
dr ur BS UR R UL D,2,9,44,8,2,13,3
dr UR BS ur R UL D,2,9,44,8,2,15,3
dr UR R BS D ur UL,2,9,44,8,2,10,2
dr UR R BS UL ur D,2,9,44,8,2,9,2
dr UR R BS ur D UL,2,9,44,8,2,10,3
dr UR R BS ur UL D,2,9,44,8,2,11,3
dr UR R D BS ur UL,2,9,44,8,2,10,2
dr UR R D ur BS UL,2,9,44,8,2,8,2
dr UR R UL BS ur D,2,9,44,8,2,9,3
dr UR R UL ur BS D,2,9,44,8,2,11,3
dr UR R ur BS D UL,2,9,44,8,2,12,3
dr UR R ur BS UL D,2,9,44,8,2,11,3
dr UR R ur D BS UL,2,9,44,8,2,10,3
dr UR R ur UL BS D,2,9,44,8,2,11,3
dr UR UL R BS ur D,2,9,44,8,2,11,3
dr UR UL R ur BS D,2,9,44,8,2,13,3
dr UR UL ur R BS D,2,9,44,8,2,13,3
dr ur UR BS R D UL,2,9,44,8,2,16,4
dr UR ur BS R D UL,2,9,44,8,2,14,4
dr ur UR BS R UL D,2,9,44,8,2,17,4
dr UR ur BS R UL D,2,9,44,8,2,15,4
dr ur UR R BS D UL,2,9,44,8,2,14,4
dr UR ur R BS D UL,2,9,44,8,2,16,4
dr ur UR R BS UL D,2,9,44,8,2,13,4
dr UR ur R BS UL D,2,9,44,8,2,15,4
dr ur UR R D BS UL,2,9,44,8,2,12,4
dr UR ur R D BS UL,2,9,44,8,2,14,4
dr ur UR R UL BS D,2,9,44,8,2,13,4
dr UR ur R UL BS D,2,9,44,8,2,15,4
dr ur UR UL R BS D,2,9,44,8,2,15,4
dr UR ur UL R BS D,2,9,44,8,2,15,4
UR BS dr R D ur UL,2,9,44,8,2,14,3
UR BS dr R UL ur D,2,9,44,8,2,15,3
UR BS dr R ur D UL,2,9,44,8,2,16,3
UR BS dr R ur UL D,2,9,44,8,2,17,3
ur BS dr UR R D UL,2,9,44,8,2,12,3
UR BS dr ur R D UL,2,9,44,8,2,16,3
ur BS dr UR R UL D,2,9,44,8,2,13,3
UR BS dr ur R UL D,2,9,44,8,2,17,3
UR BS R D dr ur UL,2,9,44,8,2,14,3
UR BS R D ur dr UL,2,9,44,8,2,12,3
UR BS R dr D ur UL,2,9,44,8,2,14,3
UR BS R dr UL ur D,2,9,44,8,2,13,3
UR BS R dr ur D UL,2,9,44,8,2,14,3
UR BS R dr ur UL D,2,9,44,8,2,15,3
UR BS R UL dr ur D,2,9,44,8,2,13,3
UR BS R UL ur dr D,2,9,44,8,2,15,3
UR BS R ur D dr UL,2,9,44,8,2,14,3
UR BS R ur dr D UL,2,9,44,8,2,16,3
UR BS R ur dr UL D,2,9,44,8,2,15,3
UR BS R ur UL dr D,2,9,44,8,2,15,3
ur BS UR dr R D UL,2,9,44,8,2,14,3
UR BS ur dr R D UL,2,9,44,8,2,14,3
ur BS UR dr R UL D,2,9,44,8,2,15,3
UR BS ur dr R UL D,2,9,44,8,2,15,3
ur BS UR R D dr UL,2,9,44,8,2,12,3
UR BS ur R D dr UL,2,9,44,8,2,14,3
ur BS UR R dr D UL,2,9,44,8,2,14,3
UR BS ur R dr D UL,2,9,44,8,2,16,3
ur BS UR R dr UL D,2,9,44,8,2,13,3
UR BS ur R dr UL D,2,9,44,8,2,15,3
ur BS UR R UL dr D,2,9,44,8,2,13,3
UR BS ur R UL dr D,2,9,44,8,2,15,3
UR dr BS R D ur UL,2,9,44,8,2,12,3
UR dr BS R UL ur D,2,9,44,8,2,13,3
UR dr BS R ur D UL,2,9,44,8,2,14,3
UR dr BS R ur UL D,2,9,44,8,2,15,3
ur dr BS UR R D UL,2,9,44,8,2,14,3
UR dr BS ur R D UL,2,9,44,8,2,14,3
ur dr BS UR R UL D,2,9,44,8,2,15,3
UR dr BS ur R UL D,2,9,44,8,2,15,3
UR dr R BS D ur UL,2,9,44,8,2,12,3
UR dr R BS UL ur D,2,9,44,8,2,11,3
UR dr R BS ur D UL,2,9,44,8,2,12,3
UR dr R BS ur UL D,2,9,44,8,2,13,3
UR dr R D BS ur UL,2,9,44,8,2,12,3
UR dr R D ur BS UL,2,9,44,8,2,10,3
UR dr R UL BS ur D,2,9,44,8,2,11,3
UR dr R UL ur BS D,2,9,44,8,2,13,3
UR dr R ur BS D UL,2,9,44,8,2,14,3
UR dr R ur BS UL D,2,9,44,8,2,13,3
UR dr R ur D BS UL,2,9,44,8,2,12,3
UR dr R ur UL BS D,2,9,44,8,2,13,3
UR dr UL R BS ur D,2,9,44,8,2,11,3
UR dr UL R ur BS D,2,9,44,8,2,13,3
UR dr UL ur R BS D,2,9,44,8,2,13,3
ur dr UR BS R D UL,2,9,44,8,2,14,3
UR dr ur BS R D UL,2,9,44,8,2,12,3
ur dr UR BS R UL D,2,9,44,8,2,15,3
UR dr ur BS R UL D,2,9,44,8,2,13,3
ur dr UR R BS D UL,2,9,44,8,2,12,3
UR dr ur R BS D UL,2,9,44,8,2,14,3
ur dr UR R BS UL D,2,9,44,8,2,11,3
UR dr ur R BS UL D,2,9,44,8,2,13,3
ur dr UR R D BS UL,2,9,44,8,2,10,2
UR dr ur R D BS UL,2,9,44,8,2,12,3
ur dr UR R UL BS D,2,9,44,8,2,11,3
UR dr ur R UL BS D,2,9,44,8,2,13,3
ur dr UR UL R BS D,2,9,44,8,2,13,3
UR dr ur UL R BS D,2,9,44,8,2,13,3
UR R BS D dr ur UL,2,9,44,8,2,12,3
UR R BS D ur dr UL,2,9,44,8,2,10,2
UR R BS dr D ur UL,2,9,44,8,2,12,3
UR R BS dr UL ur D,2,9,44,8,2,11,3
UR R BS dr ur D UL,2,9,44,8,2,12,3
UR R BS dr ur UL D,2,9,44,8,2,13,3
UR R BS UL dr ur D,2,9,44,8,2,9,2
UR R BS UL ur dr D,2,9,44,8,2,11,3
UR R BS ur D dr UL,2,9,44,8,2,10,3
UR R BS ur dr D UL,2,9,44,8,2,12,3
UR R BS ur dr UL D,2,9,44,8,2,11,3
UR R BS ur UL dr D,2,9,44,8,2,11,3
UR R D BS dr ur UL,2,9,44,8,2,12,3
UR R D BS ur dr UL,2,9,44,8,2,10,2
UR R D dr BS ur UL,2,9,44,8,2,12,3
UR R D dr ur BS UL,2,9,44,8,2,10,3
UR R D ur BS dr UL,2,9,44,8,2,10,3
UR R D ur dr BS UL,2,9,44,8,2,10,3
UR R dr BS D ur UL,2,9,44,8,2,12,3
UR R dr BS UL ur D,2,9,44,8,2,11,3
UR R dr BS ur D UL,2,9,44,8,2,12,3
UR R dr BS ur UL D,2,9,44,8,2,13,3
UR R dr D BS ur UL,2,9,44,8,2,12,3
UR R dr D ur BS UL,2,9,44,8,2,10,3
UR R dr UL BS ur D,2,9,44,8,2,9,3
UR R dr UL ur BS D,2,9,44,8,2,11,3
UR R dr ur BS D UL,2,9,44,8,2,12,3
UR R dr ur BS UL D,2,9,44,8,2,11,3
UR R dr ur D BS UL,2,9,44,8,2,10,3
UR R dr ur UL BS D,2,9,44,8,2,11,3
UR R ur BS D dr UL,2,9,44,8,2,12,3
UR R ur BS dr D UL,2,9,44,8,2,14,3
UR R ur BS dr UL D,2,9,44,8,2,13,3
UR R ur BS UL dr D,2,9,44,8,2,11,3
UR R ur D BS dr UL,2,9,44,8,2,12,3
UR R ur D dr BS UL,2,9,44,8,2,12,3
UR R ur dr BS D UL,2,9,44,8,2,14,3
UR R ur dr BS UL D,2,9,44,8,2,13,3
UR R ur dr D BS UL,2,9,44,8,2,12,3
UR R ur dr UL BS D,2,9,44,8,2,11,3
ur UR BS dr R D UL,2,9,44,8,2,18,4
UR ur BS dr R D UL,2,9,44,8,2,16,4
ur UR BS dr R UL D,2,9,44,8,2,19,4
UR ur BS dr R UL D,2,9,44,8,2,17,4
ur UR BS R D dr UL,2,9,44,8,2,16,4
UR ur BS R D dr UL,2,9,44,8,2,14,4
ur UR BS R dr D UL,2,9,44,8,2,18,4
UR ur BS R dr D UL,2,9,44,8,2,16,4
ur UR BS R dr UL D,2,9,44,8,2,17,4
UR ur BS R dr UL D,2,9,44,8,2,15,4
ur UR BS R UL dr D,2,9,44,8,2,17,4
UR ur BS R UL dr D,2,9,44,8,2,15,4
ur UR dr BS R D UL,2,9,44,8,2,16,4
UR ur dr BS R D UL,2,9,44,8,2,16,4
ur UR dr BS R UL D,2,9,44,8,2,17,4
UR ur dr BS R UL D,2,9,44,8,2,17,4
ur UR dr R BS D UL,2,9,44,8,2,16,4
UR ur dr R BS D UL,2,9,44,8,2,16,4
ur UR dr R BS UL D,2,9,44,8,2,15,4
UR ur dr R BS UL D,2,9,44,8,2,15,4
ur UR dr R D BS UL,2,9,44,8,2,14,4
UR ur dr R D BS UL,2,9,44,8,2,14,4
ur UR dr R UL BS D,2,9,44,8,2,15,4
UR ur dr R UL BS D,2,9,44,8,2,15,4
ur UR dr UL R BS D,2,9,44,8,2,15,4
UR ur dr UL R BS D,2,9,44,8,2,15,4
ur UR R BS D dr UL,2,9,44,8,2,14,4
UR ur R BS D dr UL,2,9,44,8,2,16,4
ur UR R BS dr D UL,2,9,44,8,2,16,4
UR ur R BS dr D UL,2,9,44,8,2,18,4
ur UR R BS dr UL D,2,9,44,8,2,15,4
UR ur R BS dr UL D,2,9,44,8,2,17,4
ur UR R BS UL dr D,2,9,44,8,2,13,4
UR ur R BS UL dr D,2,9,44,8,2,15,4
ur UR R D BS dr UL,2,9,44,8,2,14,4
UR ur R D BS dr UL,2,9,44,8,2,16,4
ur UR R D dr BS UL,2,9,44,8,2,14,4
UR ur R D dr BS UL,2,9,44,8,2,16,4
ur UR R dr BS D UL,2,9,44,8,2,16,4
UR ur R dr BS D UL,2,9,44,8,2,18,4
ur UR R dr BS UL D,2,9,44,8,2,15,4
UR ur R dr BS UL D,2,9,44,8,2,17,4
ur UR R dr D BS UL,2,9,44,8,2,14,4
UR ur R dr D BS UL,2,9,44,8,2,16,4
ur UR R dr UL BS D,2,9,44,8,2,13,4
UR ur R dr UL BS D,2,9,44,8,2,15,4
BS D dr UL R ur UR,2,9,45,9,2,17,4
BS D dr UL ur R UR,2,9,45,9,2,13,3
BS D UL dr R ur UR,2,9,45,9,2,17,4
BS D UL dr ur R UR,2,9,45,9,2,13,3
BS D UL R dr ur UR,2,9,45,9,2,17,4
BS D UL R ur dr UR,2,9,45,9,2,15,3
BS D UL ur dr R UR,2,9,45,9,2,13,3
BS D UL ur R dr UR,2,9,45,9,2,15,3
BS dr D UL R ur UR,2,9,45,9,2,19,4
BS dr D UL ur R UR,2,9,45,9,2,15,3
BS dr R UL ur D UR,2,9,45,9,2,15,3
BS dr R UL ur UR D,2,9,45,9,2,18,4
BS dr R UL UR ur D,2,9,45,9,2,16,4
BS dr R ur UL D UR,2,9,45,9,2,17,3
BS dr R ur UL UR D,2,9,45,9,2,16,3
BS dr UL D R ur UR,2,9,45,9,2,17,4
BS dr UL D ur R UR,2,9,45,9,2,13,3
BS dr UL R D ur UR,2,9,45,9,2,15,4
BS dr ur R UL D UR,2,9,45,9,2,17,3
BS dr ur R UL UR D,2,9,45,9,2,16,3
BS R dr UL ur D UR,2,9,45,9,2,13,3
BS R dr UL ur UR D,2,9,45,9,2,16,4
BS R dr UL UR ur D,2,9,45,9,2,14,4
BS R dr ur UL D UR,2,9,45,9,2,15,3
BS R dr ur UL UR D,2,9,45,9,2,14,3
BS R UL dr ur D UR,2,9,45,9,2,13,3
BS R UL dr ur UR D,2,9,45,9,2,16,4
BS R UL dr UR ur D,2,9,45,9,2,14,4
BS R UL ur D dr UR,2,9,45,9,2,13,3
BS R UL ur dr D UR,2,9,45,9,2,15,3
BS R UL ur dr UR D,2,9,45,9,2,14,3
BS R UL UR dr ur D,2,9,45,9,2,12,3
BS R UL ur UR dr D,2,9,45,9,2,16,4
BS R UL UR ur dr D,2,9,45,9,2,16,4
BS R ur dr UL D UR,2,9,45,9,2,15,3
BS R ur dr UL UR D,2,9,45,9,2,14,3
BS R ur UL D dr UR,2,9,45,9,2,15,3
BS R ur UL dr D UR,2,9,45,9,2,15,3
BS R ur UL dr UR D,2,9,45,9,2,14,3
BS R ur UL UR dr D,2,9,45,9,2,14,3
BS UL D dr R ur UR,2,9,45,9,2,17,4
BS UL D dr ur R UR,2,9,45,9,2,13,3
BS UL D R dr ur UR,2,9,45,9,2,15,4
BS UL D R ur dr UR,2,9,45,9,2,13,3
BS UL D ur dr R UR,2,9,45,9,2,11,3
BS UL D ur R dr UR,2,9,45,9,2,13,3
BS UL dr D R ur UR,2,9,45,9,2,15,4
BS UL dr D ur R UR,2,9,45,9,2,11,3
BS UL dr R D ur UR,2,9,45,9,2,13,4
BS UL R D dr ur UR,2,9,45,9,2,15,4
BS UL R D ur dr UR,2,9,45,9,2,11,3
BS UL R dr D ur UR,2,9,45,9,2,15,4
BS ur dr R UL D UR,2,9,45,9,2,15,3
BS ur dr R UL UR D,2,9,45,9,2,14,3
BS ur R dr UL D UR,2,9,45,9,2,15,3
BS ur R dr UL UR D,2,9,45,9,2,14,3
BS ur R UL D dr UR,2,9,45,9,2,15,3
BS ur R UL dr D UR,2,9,45,9,2,15,3
BS ur R UL dr UR D,2,9,45,9,2,14,3
BS ur R UL UR dr D,2,9,45,9,2,14,3
D BS dr UL R ur UR,2,9,45,9,2,17,4
D BS dr UL ur R UR,2,9,45,9,2,13,3
D BS UL dr R ur UR,2,9,45,9,2,15,4
D BS UL dr ur R UR,2,9,45,9,2,11,3
D BS UL R dr ur UR,2,9,45,9,2,15,4
D BS UL R ur dr UR,2,9,45,9,2,13,3
D BS UL ur dr R UR,2,9,45,9,2,11,3
D BS UL ur R dr UR,2,9,45,9,2,13,3
D dr BS UL R ur UR,2,9,45,9,2,17,4
D dr BS UL ur R UR,2,9,45,9,2,13,3
D dr UL BS R ur UR,2,9,45,9,2,15,4
D dr UL BS ur R UR,2,9,45,9,2,11,3
D dr UL R BS ur UR,2,9,45,9,2,15,4
D dr UL R ur BS UR,2,9,45,9,2,15,3
D dr UL ur BS R UR,2,9,45,9,2,11,3
D dr UL ur R BS UR,2,9,45,9,2,15,3
D dr ur UL BS R UR,2,9,45,9,2,11,3
D dr ur UL R BS UR,2,9,45,9,2,15,3
D UL BS dr R ur UR,2,9,45,9,2,17,4
D UL BS dr ur R UR,2,9,45,9,2,13,3
D UL BS R dr ur UR,2,9,45,9,2,15,4
D UL BS R ur dr UR,2,9,45,9,2,13,3
D UL BS ur dr R UR,2,9,45,9,2,11,3
D UL BS ur R dr UR,2,9,45,9,2,13,3
D UL dr BS R ur UR,2,9,45,9,2,17,4
D UL dr BS ur R UR,2,9,45,9,2,13,3
D UL dr R BS ur UR,2,9,45,9,2,15,4
D UL dr R ur BS UR,2,9,45,9,2,15,3
D UL dr ur BS R UR,2,9,45,9,2,11,3
D UL dr ur R BS UR,2,9,45,9,2,15,3
D UL R BS dr ur UR,2,9,45,9,2,17,4
D UL R BS ur dr UR,2,9,45,9,2,13,3
D UL R dr BS ur UR,2,9,45,9,2,17,4
D UL R dr ur BS UR,2,9,45,9,2,15,3
D UL R ur BS dr UR,2,9,45,9,2,15,3
D UL R ur dr BS UR,2,9,45,9,2,17,3
D UL ur BS dr R UR,2,9,45,9,2,13,3
D UL ur BS R dr UR,2,9,45,9,2,13,3
D UL ur dr BS R UR,2,9,45,9,2,13,3
D UL ur dr R BS UR,2,9,45,9,2,15,3
D UL ur R BS dr UR,2,9,45,9,2,15,3
D UL ur R dr BS UR,2,9,45,9,2,17,3
D ur dr UL BS R UR,2,9,45,9,2,9,2
D ur dr UL R BS UR,2,9,45,9,2,13,3
D ur UL BS dr R UR,2,9,45,9,2,11,3
D ur UL BS R dr UR,2,9,45,9,2,11,3
D ur UL dr BS R UR,2,9,45,9,2,11,3
D ur UL dr R BS UR,2,9,45,9,2,13,3
D ur UL R BS dr UR,2,9,45,9,2,13,3
D ur UL R dr BS UR,2,9,45,9,2,15,3
dr BS D UL R ur UR,2,9,45,9,2,18,4
dr BS D UL ur R UR,2,9,45,9,2,14,3
dr BS R UL ur D UR,2,9,45,9,2,14,3
dr BS R UL ur UR D,2,9,45,9,2,17,4
dr BS R UL UR ur D,2,9,45,9,2,15,4
dr BS R ur UL D UR,2,9,45,9,2,16,3
dr BS R ur UL UR D,2,9,45,9,2,15,3
dr BS UL D R ur UR,2,9,45,9,2,16,4
dr BS UL D ur R UR,2,9,45,9,2,12,3
dr BS UL R D ur UR,2,9,45,9,2,14,4
dr BS ur R UL D UR,2,9,45,9,2,16,3
dr BS ur R UL UR D,2,9,45,9,2,15,3
dr D BS UL R ur UR,2,9,45,9,2,16,4
dr D BS UL ur R UR,2,9,45,9,2,12,3
dr D UL BS R ur UR,2,9,45,9,2,16,4
dr D UL BS ur R UR,2,9,45,9,2,12,3
dr D UL R BS ur UR,2,9,45,9,2,16,4
dr D UL R ur BS UR,2,9,45,9,2,16,3
dr D UL ur BS R UR,2,9,45,9,2,12,3
dr D UL ur R BS UR,2,9,45,9,2,16,3
dr D ur UL BS R UR,2,9,45,9,2,10,3
dr D ur UL R BS UR,2,9,45,9,2,14,3
dr R BS UL ur D UR,2,9,45,9,2,12,3
dr R BS UL ur UR D,2,9,45,9,2,15,4
dr R BS UL UR ur D,2,9,45,9,2,13,4
dr R BS ur UL D UR,2,9,45,9,2,14,3
dr R BS ur UL UR D,2,9,45,9,2,13,3
dr R UL BS ur D UR,2,9,45,9,2,12,3
dr R UL BS ur UR D,2,9,45,9,2,15,4
dr R UL BS UR ur D,2,9,45,9,2,15,4
dr R UL ur BS D UR,2,9,45,9,2,14,3
dr R UL ur BS UR D,2,9,45,9,2,15,3
dr R UL UR BS ur D,2,9,45,9,2,13,3
dr R UL ur UR BS D,2,9,45,9,2,17,4
dr R UL UR ur BS D,2,9,45,9,2,15,4
dr R ur BS UL D UR,2,9,45,9,2,14,3
dr R ur BS UL UR D,2,9,45,9,2,13,3
dr R ur UL BS D UR,2,9,45,9,2,14,3
dr R ur UL BS UR D,2,9,45,9,2,15,3
dr R ur UL UR BS D,2,9,45,9,2,15,3
dr UL BS D R ur UR,2,9,45,9,2,14,4
dr UL BS D ur R UR,2,9,45,9,2,10,3
dr UL BS R D ur UR,2,9,45,9,2,12,4
dr UL D BS R ur UR,2,9,45,9,2,16,4
dr UL D BS ur R UR,2,9,45,9,2,12,3
dr UL D R BS ur UR,2,9,45,9,2,14,4
dr UL D R ur BS UR,2,9,45,9,2,14,3
dr UL D ur BS R UR,2,9,45,9,2,10,3
dr UL D ur R BS UR,2,9,45,9,2,14,3
dr UL R BS D ur UR,2,9,45,9,2,14,4
dr UL R D BS ur UR,2,9,45,9,2,14,4
dr UL R D ur BS UR,2,9,45,9,2,12,3
dr UL R ur D BS UR,2,9,45,9,2,14,3
dr UL ur D BS R UR,2,9,45,9,2,10,2
dr UL ur D R BS UR,2,9,45,9,2,12,3
dr UL ur R D BS UR,2,9,45,9,2,14,3
dr ur BS R UL D UR,2,9,45,9,2,14,3
dr ur BS R UL UR D,2,9,45,9,2,13,3
dr ur D UL BS R UR,2,9,45,9,2,10,3
dr ur D UL R BS UR,2,9,45,9,2,14,3
dr ur R BS UL D UR,2,9,45,9,2,14,3
dr ur R BS UL UR D,2,9,45,9,2,13,3
dr ur R UL BS D UR,2,9,45,9,2,14,3
dr ur R UL BS UR D,2,9,45,9,2,15,3
dr ur R UL UR BS D,2,9,45,9,2,15,3
dr ur UL D BS R UR,2,9,45,9,2,12,3
dr ur UL D R BS UR,2,9,45,9,2,14,3
dr ur UL R D BS UR,2,9,45,9,2,14,3
R BS dr UL ur D UR,2,9,45,9,2,13,3
R BS dr UL ur UR D,2,9,45,9,2,16,4
R BS dr UL UR ur D,2,9,45,9,2,14,4
R BS dr ur UL D UR,2,9,45,9,2,15,3
R BS dr ur UL UR D,2,9,45,9,2,14,3
R BS UL dr ur D UR,2,9,45,9,2,11,3
R BS UL dr ur UR D,2,9,45,9,2,14,4
R BS UL dr UR ur D,2,9,45,9,2,12,4
R BS UL ur D dr UR,2,9,45,9,2,11,3
R BS UL ur dr D UR,2,9,45,9,2,13,3
R BS UL ur dr UR D,2,9,45,9,2,12,3
R BS UL UR dr ur D,2,9,45,9,2,10,2
R BS UL ur UR dr D,2,9,45,9,2,14,4
R BS UL UR ur dr D,2,9,45,9,2,14,4
R BS ur dr UL D UR,2,9,45,9,2,13,3
R BS ur dr UL UR D,2,9,45,9,2,12,3
R BS ur UL D dr UR,2,9,45,9,2,13,3
R BS ur UL dr D UR,2,9,45,9,2,13,3
R BS ur UL dr UR D,2,9,45,9,2,12,3
R BS ur UL UR dr D,2,9,45,9,2,12,3
R dr BS UL ur D UR,2,9,45,9,2,13,3
R dr BS UL ur UR D,2,9,45,9,2,16,4
R dr BS UL UR ur D,2,9,45,9,2,14,4
R dr BS ur UL D UR,2,9,45,9,2,15,3
R dr BS ur UL UR D,2,9,45,9,2,14,3
R dr UL BS ur D UR,2,9,45,9,2,11,3
R dr UL BS ur UR D,2,9,45,9,2,14,4
R dr UL BS UR ur D,2,9,45,9,2,14,4
R dr UL ur BS D UR,2,9,45,9,2,13,3
R dr UL ur BS UR D,2,9,45,9,2,14,3
R dr UL UR BS ur D,2,9,45,9,2,12,3
R dr UL ur UR BS D,2,9,45,9,2,16,4
R dr UL UR ur BS D,2,9,45,9,2,14,4
R dr ur BS UL D UR,2,9,45,9,2,13,3
R dr ur BS UL UR D,2,9,45,9,2,12,3
R dr ur UL BS D UR,2,9,45,9,2,13,3
R dr ur UL BS UR D,2,9,45,9,2,14,3
R dr ur UL UR BS D,2,9,45,9,2,14,3
R UL BS dr ur D UR,2,9,45,9,2,13,3
R UL BS dr ur UR D,2,9,45,9,2,16,4
R UL BS dr UR ur D,2,9,45,9,2,14,4
R UL BS ur D dr UR,2,9,45,9,2,11,3
R UL BS ur dr D UR,2,9,45,9,2,13,3
R UL BS ur dr UR D,2,9,45,9,2,12,3
R UL BS UR dr ur D,2,9,45,9,2,12,3
R UL BS ur UR dr D,2,9,45,9,2,14,4
R UL BS UR ur dr D,2,9,45,9,2,16,4
R UL dr BS ur D UR,2,9,45,9,2,13,3
R UL dr BS ur UR D,2,9,45,9,2,16,4
R UL dr BS UR ur D,2,9,45,9,2,16,4
R UL dr ur BS D UR,2,9,45,9,2,13,3
R UL dr ur BS UR D,2,9,45,9,2,14,3
R UL dr UR BS ur D,2,9,45,9,2,12,3
R UL dr ur UR BS D,2,9,45,9,2,16,4
R UL dr UR ur BS D,2,9,45,9,2,14,4
R UL ur BS D dr UR,2,9,45,9,2,13,3
R UL ur BS dr D UR,2,9,45,9,2,15,3
R UL ur BS dr UR D,2,9,45,9,2,14,3
R UL ur BS UR dr D,2,9,45,9,2,14,3
R UL ur dr BS D UR,2,9,45,9,2,15,3
R UL ur dr BS UR D,2,9,45,9,2,16,3
R UL ur dr UR BS D,2,9,45,9,2,14,3
R ur BS dr UL D UR,2,9,45,9,2,15,3
R ur BS dr UL UR D,2,9,45,9,2,14,3
R ur BS UL D dr UR,2,9,45,9,2,13,3
R ur BS UL dr D UR,2,9,45,9,2,13,3
R ur BS UL dr UR D,2,9,45,9,2,12,3
R ur BS UL UR dr D,2,9,45,9,2,12,3
R ur dr BS UL D UR,2,9,45,9,2,15,3
R ur dr BS UL UR D,2,9,45,9,2,14,3
R ur dr UL BS D UR,2,9,45,9,2,13,3
R ur dr UL BS UR D,2,9,45,9,2,14,3
R ur dr UL UR BS D,2,9,45,9,2,14,3
R ur UL BS D dr UR,2,9,45,9,2,13,3
R ur UL BS dr D UR,2,9,45,9,2,15,3
R ur UL BS dr UR D,2,9,45,9,2,14,3
R ur UL BS UR dr D,2,9,45,9,2,14,3
R ur UL dr BS D UR,2,9,45,9,2,15,3
R ur UL dr BS UR D,2,9,45,9,2,16,3
R ur UL dr UR BS D,2,9,45,9,2,14,3
UL BS D dr R ur UR,2,9,45,9,2,16,4
UL BS D dr ur R UR,2,9,45,9,2,12,3
UL BS D R dr ur UR,2,9,45,9,2,14,4
UL BS D R ur dr UR,2,9,45,9,2,12,3
UL BS D ur dr R UR,2,9,45,9,2,10,3
UL BS D ur R dr UR,2,9,45,9,2,12,3
UL BS dr D R ur UR,2,9,45,9,2,16,4
UL BS dr D ur R UR,2,9,45,9,2,12,3
UL BS dr R D ur UR,2,9,45,9,2,14,4
UL BS R D dr ur UR,2,9,45,9,2,14,4
UL BS R D ur dr UR,2,9,45,9,2,10,2
UL BS R dr D ur UR,2,9,45,9,2,14,4
UL D BS dr R ur UR,2,9,45,9,2,18,4
UL D BS dr ur R UR,2,9,45,9,2,14,3
UL D BS R dr ur UR,2,9,45,9,2,16,4
UL D BS R ur dr UR,2,9,45,9,2,14,3
UL D BS ur dr R UR,2,9,45,9,2,12,3
UL D BS ur R dr UR,2,9,45,9,2,14,3
UL D dr BS R ur UR,2,9,45,9,2,18,4
UL D dr BS ur R UR,2,9,45,9,2,14,3
UL D dr R BS ur UR,2,9,45,9,2,16,4
UL D dr R ur BS UR,2,9,45,9,2,16,3
UL D dr ur BS R UR,2,9,45,9,2,12,3
UL D dr ur R BS UR,2,9,45,9,2,16,3
UL D R BS dr ur UR,2,9,45,9,2,16,4
UL D R BS ur dr UR,2,9,45,9,2,12,3
UL D R dr BS ur UR,2,9,45,9,2,16,4
UL D R dr ur BS UR,2,9,45,9,2,14,3
UL D R ur BS dr UR,2,9,45,9,2,14,3
UL D R ur dr BS UR,2,9,45,9,2,16,3
UL D ur BS dr R UR,2,9,45,9,2,12,3
UL D ur BS R dr UR,2,9,45,9,2,12,3
UL D ur dr BS R UR,2,9,45,9,2,12,3
UL D ur dr R BS UR,2,9,45,9,2,14,3
UL D ur R BS dr UR,2,9,45,9,2,14,3
UL D ur R dr BS UR,2,9,45,9,2,16,3
UL dr BS D R ur UR,2,9,45,9,2,16,4
UL dr BS D ur R UR,2,9,45,9,2,12,3
UL dr BS R D ur UR,2,9,45,9,2,14,4
UL dr D BS R ur UR,2,9,45,9,2,16,4
UL dr D BS ur R UR,2,9,45,9,2,12,3
UL dr D R BS ur UR,2,9,45,9,2,14,4
UL dr D R ur BS UR,2,9,45,9,2,14,3
UL dr D ur BS R UR,2,9,45,9,2,10,3
UL dr D ur R BS UR,2,9,45,9,2,14,3
UL dr R BS D ur UR,2,9,45,9,2,14,4
UL dr R D BS ur UR,2,9,45,9,2,14,4
UL dr R D ur BS UR,2,9,45,9,2,12,3
UL dr R ur D BS UR,2,9,45,9,2,14,3
UL dr ur D BS R UR,2,9,45,9,2,10,2
UL dr ur D R BS UR,2,9,45,9,2,12,3
UL dr ur R D BS UR,2,9,45,9,2,14,3
UL R BS D dr ur UR,2,9,45,9,2,16,4
UL R BS D ur dr UR,2,9,45,9,2,12,3
UL R BS dr D ur UR,2,9,45,9,2,16,4
UL R D BS dr ur UR,2,9,45,9,2,16,4
UL R D BS ur dr UR,2,9,45,9,2,12,3
UL R D dr BS ur UR,2,9,45,9,2,16,4
UL R D dr ur BS UR,2,9,45,9,2,14,3
UL R D ur BS dr UR,2,9,45,9,2,12,3
UL R D ur dr BS UR,2,9,45,9,2,14,3
UL R dr BS D ur UR,2,9,45,9,2,16,4
UL R dr D BS ur UR,2,9,45,9,2,16,4
UL R dr D ur BS UR,2,9,45,9,2,14,3
UL R dr ur D BS UR,2,9,45,9,2,14,3
UL R ur D BS dr UR,2,9,45,9,2,14,3
UL R ur D dr BS UR,2,9,45,9,2,16,3
UL R ur dr D BS UR,2,9,45,9,2,16,3
UL ur D BS dr R UR,2,9,45,9,2,12,3
UL ur D BS R dr UR,2,9,45,9,2,12,3
UL ur D dr BS R UR,2,9,45,9,2,12,3
UL ur D dr R BS UR,2,9,45,9,2,14,3
UL ur D R BS dr UR,2,9,45,9,2,12,3
UL ur D R dr BS UR,2,9,45,9,2,14,3
UL ur dr D BS R UR,2,9,45,9,2,12,3
UL ur dr D R BS UR,2,9,45,9,2,14,3
UL ur dr R D BS UR,2,9,45,9,2,14,3
UL ur R D BS dr UR,2,9,45,9,2,14,3
UL ur R D dr BS UR,2,9,45,9,2,16,3
UL ur R dr D BS UR,2,9,45,9,2,16,3
ur BS dr R UL D UR,2,9,45,9,2,16,3
ur BS dr R UL UR D,2,9,45,9,2,15,3
ur BS R dr UL D UR,2,9,45,9,2,14,3
ur BS R dr UL UR D,2,9,45,9,2,13,3
ur BS R UL D dr UR,2,9,45,9,2,14,3
ur BS R UL dr D UR,2,9,45,9,2,14,3
ur BS R UL dr UR D,2,9,45,9,2,13,3
ur BS R UL UR dr D,2,9,45,9,2,13,3
ur D dr UL BS R UR,2,9,45,9,2,10,3
ur D dr UL R BS UR,2,9,45,9,2,14,3
ur D UL BS dr R UR,2,9,45,9,2,12,3
ur D UL BS R dr UR,2,9,45,9,2,12,3
ur D UL dr BS R UR,2,9,45,9,2,12,3
ur D UL dr R BS UR,2,9,45,9,2,14,3
ur D UL R BS dr UR,2,9,45,9,2,14,3
ur D UL R dr BS UR,2,9,45,9,2,16,3
ur dr BS R UL D UR,2,9,45,9,2,16,3
ur dr BS R UL UR D,2,9,45,9,2,15,3
ur dr D UL BS R UR,2,9,45,9,2,12,3
ur dr D UL R BS UR,2,9,45,9,2,16,3
ur dr R BS UL D UR,2,9,45,9,2,14,3
ur dr R BS UL UR D,2,9,45,9,2,13,3
ur dr R UL BS D UR,2,9,45,9,2,14,3
ur dr R UL BS UR D,2,9,45,9,2,15,3
ur dr R UL UR BS D,2,9,45,9,2,15,3
ur dr UL D BS R UR,2,9,45,9,2,12,3
ur dr UL D R BS UR,2,9,45,9,2,14,3
ur dr UL R D BS UR,2,9,45,9,2,14,3
ur R BS dr UL D UR,2,9,45,9,2,16,3
ur R BS dr UL UR D,2,9,45,9,2,15,3
ur R BS UL D dr UR,2,9,45,9,2,14,3
ur R BS UL dr D UR,2,9,45,9,2,14,3
ur R BS UL dr UR D,2,9,45,9,2,13,3
ur R BS UL UR dr D,2,9,45,9,2,13,3
ur R dr BS UL D UR,2,9,45,9,2,16,3
ur R dr BS UL UR D,2,9,45,9,2,15,3
ur R dr UL BS D UR,2,9,45,9,2,14,3
ur R dr UL BS UR D,2,9,45,9,2,15,3
ur R dr UL UR BS D,2,9,45,9,2,15,3
ur R UL BS D dr UR,2,9,45,9,2,14,3
ur R UL BS dr D UR,2,9,45,9,2,16,3
ur R UL BS dr UR D,2,9,45,9,2,15,3
ur R UL BS UR dr D,2,9,45,9,2,15,3
ur R UL dr BS D UR,2,9,45,9,2,16,3
ur R UL dr BS UR D,2,9,45,9,2,17,3
ur R UL dr UR BS D,2,9,45,9,2,15,3
ur UL D BS dr R UR,2,9,45,9,2,14,3
ur UL D BS R dr UR,2,9,45,9,2,14,3
ur UL D dr BS R UR,2,9,45,9,2,14,3
ur UL D dr R BS UR,2,9,45,9,2,16,3
ur UL D R BS dr UR,2,9,45,9,2,14,3
ur UL D R dr BS UR,2,9,45,9,2,16,3
ur UL dr D BS R UR,2,9,45,9,2,12,3
ur UL dr D R BS UR,2,9,45,9,2,14,3
ur UL dr R D BS UR,2,9,45,9,2,14,3
ur UL R D BS dr UR,2,9,45,9,2,14,3
ur UL R D dr BS UR,2,9,45,9,2,16,3
ur UL R dr D BS UR,2,9,45,9,2,16,3
BS D dr UR R ur UL,2,9,46,8,2,13,3
BS D dr UR UL ur R,2,9,46,8,2,14,3
BS D dr ur UR R UL,2,9,46,8,2,15,4
BS D dr UR ur R UL,2,9,46,8,2,17,4
BS D dr ur UR UL R,2,9,46,8,2,16,4
BS D dr UR ur UL R,2,9,46,8,2,16,4
BS D UR dr R ur UL,2,9,46,8,2,15,3
BS D UR dr UL ur R,2,9,46,8,2,14,3
BS D ur dr UR R UL,2,9,46,8,2,11,3
BS D UR dr ur R UL,2,9,46,8,2,15,3
BS D ur dr UR UL R,2,9,46,8,2,12,3
BS D UR dr ur UL R,2,9,46,8,2,14,3
BS D UR R dr ur UL,2,9,46,8,2,13,3
BS D UR R ur dr UL,2,9,46,8,2,13,3
BS D ur UL UR dr R,2,9,46,8,2,12,3
BS D ur UR dr R UL,2,9,46,8,2,15,4
BS D UR ur dr R UL,2,9,46,8,2,17,4
BS D ur UR dr UL R,2,9,46,8,2,14,4
BS D UR ur dr UL R,2,9,46,8,2,16,4
BS D ur UR R dr UL,2,9,46,8,2,13,4
BS D UR ur R dr UL,2,9,46,8,2,17,4
BS D ur UR UL dr R,2,9,46,8,2,14,4
BS D UR ur UL dr R,2,9,46,8,2,16,4
BS dr D UR R ur UL,2,9,46,8,2,15,3
BS dr D UR UL ur R,2,9,46,8,2,16,3
BS dr D ur UR R UL,2,9,46,8,2,15,4
BS dr D UR ur R UL,2,9,46,8,2,19,4
BS dr D ur UR UL R,2,9,46,8,2,16,4
BS dr D UR ur UL R,2,9,46,8,2,18,4
BS dr UR D R ur UL,2,9,46,8,2,15,3
BS dr UR D UL ur R,2,9,46,8,2,16,3
BS dr ur D UR R UL,2,9,46,8,2,13,3
BS dr UR D ur R UL,2,9,46,8,2,15,3
BS dr ur D UR UL R,2,9,46,8,2,14,3
BS dr UR D ur UL R,2,9,46,8,2,14,3
BS dr UR UL D ur R,2,9,46,8,2,14,3
BS dr ur UR D R UL,2,9,46,8,2,17,4
BS dr UR ur D R UL,2,9,46,8,2,15,4
BS dr ur UR D UL R,2,9,46,8,2,18,4
BS dr UR ur D UL R,2,9,46,8,2,16,4
BS UR D dr R ur UL,2,9,46,8,2,17,3
BS UR D dr UL ur R,2,9,46,8,2,16,3
BS ur D dr UR R UL,2,9,46,8,2,11,3
BS UR D dr ur R UL,2,9,46,8,2,17,3
BS ur D dr UR UL R,2,9,46,8,2,12,3
BS UR D dr ur UL R,2,9,46,8,2,16,3
BS UR D R dr ur UL,2,9,46,8,2,15,3
BS UR D R ur dr UL,2,9,46,8,2,15,3
BS ur D UL UR dr R,2,9,46,8,2,12,3
BS ur D UR dr R UL,2,9,46,8,2,13,3
BS UR D ur dr R UL,2,9,46,8,2,15,3
BS ur D UR dr UL R,2,9,46,8,2,12,3
BS UR D ur dr UL R,2,9,46,8,2,14,3
BS ur D UR R dr UL,2,9,46,8,2,11,3
BS UR D ur R dr UL,2,9,46,8,2,15,3
BS ur D UR UL dr R,2,9,46,8,2,12,3
BS UR D ur UL dr R,2,9,46,8,2,14,3
BS UR dr D R ur UL,2,9,46,8,2,15,3
BS UR dr D UL ur R,2,9,46,8,2,16,3
BS ur dr D UR R UL,2,9,46,8,2,13,3
BS UR dr D ur R UL,2,9,46,8,2,15,3
BS ur dr D UR UL R,2,9,46,8,2,14,3
BS UR dr D ur UL R,2,9,46,8,2,14,3
BS UR dr UL D ur R,2,9,46,8,2,14,3
BS ur dr UR D R UL,2,9,46,8,2,13,3
BS UR dr ur D R UL,2,9,46,8,2,13,3
BS ur dr UR D UL R,2,9,46,8,2,14,3
BS UR dr ur D UL R,2,9,46,8,2,14,3
BS ur UR D dr R UL,2,9,46,8,2,17,4
BS UR ur D dr R UL,2,9,46,8,2,17,4
BS ur UR D dr UL R,2,9,46,8,2,16,4
BS UR ur D dr UL R,2,9,46,8,2,16,4
BS ur UR D R dr UL,2,9,46,8,2,15,4
BS UR ur D R dr UL,2,9,46,8,2,15,4
BS ur UR D UL dr R,2,9,46,8,2,16,4
BS UR ur D UL dr R,2,9,46,8,2,16,4
BS ur UR dr D R UL,2,9,46,8,2,15,4
BS UR ur dr D R UL,2,9,46,8,2,17,4
BS ur UR dr D UL R,2,9,46,8,2,16,4
BS UR ur dr D UL R,2,9,46,8,2,18,4
D BS dr UR R ur UL,2,9,46,8,2,13,3
D BS dr UR UL ur R,2,9,46,8,2,14,3
D BS dr ur UR R UL,2,9,46,8,2,15,4
D BS dr UR ur R UL,2,9,46,8,2,17,4
D BS dr ur UR UL R,2,9,46,8,2,16,4
D BS dr UR ur UL R,2,9,46,8,2,16,4
D BS UR dr R ur UL,2,9,46,8,2,15,3
D BS UR dr UL ur R,2,9,46,8,2,14,3
D BS ur dr UR R UL,2,9,46,8,2,11,3
D BS UR dr ur R UL,2,9,46,8,2,15,3
D BS ur dr UR UL R,2,9,46,8,2,12,3
D BS UR dr ur UL R,2,9,46,8,2,14,3
D BS UR R dr ur UL,2,9,46,8,2,13,3
D BS UR R ur dr UL,2,9,46,8,2,13,3
D BS ur UL UR dr R,2,9,46,8,2,12,3
D BS ur UR dr R UL,2,9,46,8,2,15,4
D BS UR ur dr R UL,2,9,46,8,2,17,4
D BS ur UR dr UL R,2,9,46,8,2,14,4
D BS UR ur dr UL R,2,9,46,8,2,16,4
D BS ur UR R dr UL,2,9,46,8,2,13,4
D BS UR ur R dr UL,2,9,46,8,2,17,4
D BS ur UR UL dr R,2,9,46,8,2,14,4
D BS UR ur UL dr R,2,9,46,8,2,16,4
D dr BS UR R ur UL,2,9,46,8,2,15,3
D dr BS UR UL ur R,2,9,46,8,2,16,3
D dr BS ur UR R UL,2,9,46,8,2,15,4
D dr BS UR ur R UL,2,9,46,8,2,19,4
D dr BS ur UR UL R,2,9,46,8,2,16,4
D dr BS UR ur UL R,2,9,46,8,2,18,4
D dr UR BS R ur UL,2,9,46,8,2,15,3
D dr UR BS UL ur R,2,9,46,8,2,14,3
D dr ur BS UR R UL,2,9,46,8,2,13,3
D dr UR BS ur R UL,2,9,46,8,2,15,3
D dr ur BS UR UL R,2,9,46,8,2,14,3
D dr UR BS ur UL R,2,9,46,8,2,14,3
D dr UR R BS ur UL,2,9,46,8,2,11,3
D dr UR R ur BS UL,2,9,46,8,2,11,3
D dr UR UL BS ur R,2,9,46,8,2,12,3
D dr UR UL ur BS R,2,9,46,8,2,12,3
D dr ur UR BS R UL,2,9,46,8,2,17,4
D dr UR ur BS R UL,2,9,46,8,2,15,4
D dr ur UR BS UL R,2,9,46,8,2,16,4
D dr UR ur BS UL R,2,9,46,8,2,14,4
D dr ur UR R BS UL,2,9,46,8,2,13,4
D dr UR ur R BS UL,2,9,46,8,2,15,4
D dr ur UR UL BS R,2,9,46,8,2,14,4
D dr UR ur UL BS R,2,9,46,8,2,14,4
D UR BS dr R ur UL,2,9,46,8,2,17,3
D UR BS dr UL ur R,2,9,46,8,2,16,3
D ur BS dr UR R UL,2,9,46,8,2,11,3
D UR BS dr ur R UL,2,9,46,8,2,17,3
D ur BS dr UR UL R,2,9,46,8,2,12,3
D UR BS dr ur UL R,2,9,46,8,2,16,3
D UR BS R dr ur UL,2,9,46,8,2,15,3
D UR BS R ur dr UL,2,9,46,8,2,15,3
D ur BS UL UR dr R,2,9,46,8,2,10,3
D ur BS UR dr R UL,2,9,46,8,2,13,3
D UR BS ur dr R UL,2,9,46,8,2,15,3
D ur BS UR dr UL R,2,9,46,8,2,12,3
D UR BS ur dr UL R,2,9,46,8,2,14,3
D ur BS UR R dr UL,2,9,46,8,2,11,3
D UR BS ur R dr UL,2,9,46,8,2,15,3
D ur BS UR UL dr R,2,9,46,8,2,12,3
D UR BS ur UL dr R,2,9,46,8,2,14,3
D UR dr BS R ur UL,2,9,46,8,2,15,3
D UR dr BS UL ur R,2,9,46,8,2,14,3
D ur dr BS UR R UL,2,9,46,8,2,13,3
D UR dr BS ur R UL,2,9,46,8,2,15,3
D ur dr BS UR UL R,2,9,46,8,2,14,3
D UR dr BS ur UL R,2,9,46,8,2,14,3
D UR dr R BS ur UL,2,9,46,8,2,13,3
D UR dr R ur BS UL,2,9,46,8,2,13,3
D UR dr UL BS ur R,2,9,46,8,2,12,3
D UR dr UL ur BS R,2,9,46,8,2,12,3
D ur dr UR BS R UL,2,9,46,8,2,13,3
D UR dr ur BS R UL,2,9,46,8,2,13,3
D ur dr UR BS UL R,2,9,46,8,2,12,3
D UR dr ur BS UL R,2,9,46,8,2,12,3
D ur dr UR R BS UL,2,9,46,8,2,9,2
D UR dr ur R BS UL,2,9,46,8,2,13,3
D ur dr UR UL BS R,2,9,46,8,2,10,2
D UR dr ur UL BS R,2,9,46,8,2,12,3
D UR R BS dr ur UL,2,9,46,8,2,13,3
D UR R BS ur dr UL,2,9,46,8,2,11,3
D UR R dr BS ur UL,2,9,46,8,2,13,3
D UR R dr ur BS UL,2,9,46,8,2,11,3
D UR R ur BS dr UL,2,9,46,8,2,13,3
D UR R ur dr BS UL,2,9,46,8,2,13,3
D ur UR BS dr R UL,2,9,46,8,2,17,4
D UR ur BS dr R UL,2,9,46,8,2,17,4
D ur UR BS dr UL R,2,9,46,8,2,16,4
D UR ur BS dr UL R,2,9,46,8,2,16,4
D ur UR BS R dr UL,2,9,46,8,2,15,4
D UR ur BS R dr UL,2,9,46,8,2,15,4
D ur UR BS UL dr R,2,9,46,8,2,14,4
D UR ur BS UL dr R,2,9,46,8,2,14,4
D ur UR dr BS R UL,2,9,46,8,2,15,4
D UR ur dr BS R UL,2,9,46,8,2,17,4
D ur UR dr BS UL R,2,9,46,8,2,14,4
D UR ur dr BS UL R,2,9,46,8,2,16,4
D ur UR dr R BS UL,2,9,46,8,2,13,4
D UR ur dr R BS UL,2,9,46,8,2,15,4
D ur UR dr UL BS R,2,9,46,8,2,12,4
D UR ur dr UL BS R,2,9,46,8,2,14,4
D ur UR R BS dr UL,2,9,46,8,2,13,4
D UR ur R BS dr UL,2,9,46,8,2,17,4
D ur UR R dr BS UL,2,9,46,8,2,13,4
D UR ur R dr BS UL,2,9,46,8,2,17,4
dr BS D UR R ur UL,2,9,46,8,2,14,3
dr BS D UR UL ur R,2,9,46,8,2,15,3
dr BS D ur UR R UL,2,9,46,8,2,14,4
dr BS D UR ur R UL,2,9,46,8,2,18,4
dr BS D ur UR UL R,2,9,46,8,2,15,4
dr BS D UR ur UL R,2,9,46,8,2,17,4
dr BS UR D R ur UL,2,9,46,8,2,16,3
dr BS UR D UL ur R,2,9,46,8,2,17,3
dr BS ur D UR R UL,2,9,46,8,2,12,3
dr BS UR D ur R UL,2,9,46,8,2,16,3
dr BS ur D UR UL R,2,9,46,8,2,13,3
dr BS UR D ur UL R,2,9,46,8,2,15,3
dr BS UR UL D ur R,2,9,46,8,2,15,3
dr BS ur UR D R UL,2,9,46,8,2,16,4
dr BS UR ur D R UL,2,9,46,8,2,16,4
dr BS ur UR D UL R,2,9,46,8,2,17,4
dr BS UR ur D UL R,2,9,46,8,2,17,4
dr D BS UR R ur UL,2,9,46,8,2,14,3
dr D BS UR UL ur R,2,9,46,8,2,15,3
dr D BS ur UR R UL,2,9,46,8,2,14,4
dr D BS UR ur R UL,2,9,46,8,2,18,4
dr D BS ur UR UL R,2,9,46,8,2,15,4
dr D BS UR ur UL R,2,9,46,8,2,17,4
dr D UR BS R ur UL,2,9,46,8,2,16,3
dr D UR BS UL ur R,2,9,46,8,2,15,3
dr D ur BS UR R UL,2,9,46,8,2,12,3
dr D UR BS ur R UL,2,9,46,8,2,16,3
dr D ur BS UR UL R,2,9,46,8,2,13,3
dr D UR BS ur UL R,2,9,46,8,2,15,3
dr D UR R BS ur UL,2,9,46,8,2,12,3
dr D UR R ur BS UL,2,9,46,8,2,12,3
dr D UR UL BS ur R,2,9,46,8,2,13,3
dr D UR UL ur BS R,2,9,46,8,2,13,3
dr D ur UR BS R UL,2,9,46,8,2,16,4
dr D UR ur BS R UL,2,9,46,8,2,16,4
dr D ur UR BS UL R,2,9,46,8,2,15,4
dr D UR ur BS UL R,2,9,46,8,2,15,4
dr D ur UR R BS UL,2,9,46,8,2,12,4
dr D UR ur R BS UL,2,9,46,8,2,16,4
dr D ur UR UL BS R,2,9,46,8,2,13,4
dr D UR ur UL BS R,2,9,46,8,2,15,4
dr UR BS D R ur UL,2,9,46,8,2,14,3
dr UR BS D UL ur R,2,9,46,8,2,15,3
dr ur BS D UR R UL,2,9,46,8,2,12,3
dr UR BS D ur R UL,2,9,46,8,2,14,3
dr ur BS D UR UL R,2,9,46,8,2,13,3
dr UR BS D ur UL R,2,9,46,8,2,13,3
dr UR BS UL D ur R,2,9,46,8,2,13,3
dr ur BS UR D R UL,2,9,46,8,2,14,3
dr UR BS ur D R UL,2,9,46,8,2,12,3
dr ur BS UR D UL R,2,9,46,8,2,15,3
dr UR BS ur D UL R,2,9,46,8,2,13,3
dr UR D BS R ur UL,2,9,46,8,2,14,3
dr UR D BS UL ur R,2,9,46,8,2,13,3
dr ur D BS UR R UL,2,9,46,8,2,12,3
dr UR D BS ur R UL,2,9,46,8,2,14,3
dr ur D BS UR UL R,2,9,46,8,2,13,3
dr UR D BS ur UL R,2,9,46,8,2,13,3
dr UR D R BS ur UL,2,9,46,8,2,12,3
dr UR D R ur BS UL,2,9,46,8,2,12,3
dr UR D UL BS ur R,2,9,46,8,2,13,3
dr UR D UL ur BS R,2,9,46,8,2,13,3
dr ur D UR BS R UL,2,9,46,8,2,14,3
dr UR D ur BS R UL,2,9,46,8,2,12,3
dr ur D UR BS UL R,2,9,46,8,2,13,3
dr UR D ur BS UL R,2,9,46,8,2,11,3
dr ur D UR R BS UL,2,9,46,8,2,10,3
dr UR D ur R BS UL,2,9,46,8,2,12,3
dr ur D UR UL BS R,2,9,46,8,2,11,3
dr UR D ur UL BS R,2,9,46,8,2,11,3
dr UR UL BS D ur R,2,9,46,8,2,11,3
dr UR UL D BS ur R,2,9,46,8,2,13,3
dr UR UL D ur BS R,2,9,46,8,2,11,3
dr UR UL ur D BS R,2,9,46,8,2,11,2
dr ur UR BS D R UL,2,9,46,8,2,16,4
dr UR ur BS D R UL,2,9,46,8,2,14,4
dr ur UR BS D UL R,2,9,46,8,2,17,4
dr UR ur BS D UL R,2,9,46,8,2,15,4
dr ur UR D BS R UL,2,9,46,8,2,16,4
dr UR ur D BS R UL,2,9,46,8,2,14,4
dr ur UR D BS UL R,2,9,46,8,2,15,4
dr UR ur D BS UL R,2,9,46,8,2,13,4
dr ur UR D R BS UL,2,9,46,8,2,14,4
dr UR ur D R BS UL,2,9,46,8,2,12,4
dr ur UR D UL BS R,2,9,46,8,2,15,4
dr UR ur D UL BS R,2,9,46,8,2,13,4
dr ur UR UL D BS R,2,9,46,8,2,15,4
dr UR ur UL D BS R,2,9,46,8,2,15,4
R UL UR BS D ur dr,2,9,46,8,2,13,3
R UL UR BS ur D dr,2,9,46,8,2,13,3
R UL UR D BS ur dr,2,9,46,8,2,13,3
R UL UR D ur BS dr,2,9,46,8,2,13,3
R UL ur UR BS D dr,2,9,46,8,2,17,4
R UL UR ur BS D dr,2,9,46,8,2,15,4
R UL ur UR D BS dr,2,9,46,8,2,17,4
R UL UR ur D BS dr,2,9,46,8,2,15,4
R UR D UL BS ur dr,2,9,46,8,2,11,3
R UR D UL ur BS dr,2,9,46,8,2,13,3
R UR D ur UL BS dr,2,9,46,8,2,11,3
R UR UL BS D ur dr,2,9,46,8,2,9,2
R UR UL BS ur D dr,2,9,46,8,2,9,3
R UR UL D BS ur dr,2,9,46,8,2,11,3
R UR UL D ur BS dr,2,9,46,8,2,11,3
R ur UL UR BS D dr,2,9,46,8,2,15,3
R UR UL ur BS D dr,2,9,46,8,2,11,3
R ur UL UR D BS dr,2,9,46,8,2,15,3
R UR UL ur D BS dr,2,9,46,8,2,11,3
R ur UR D UL BS dr,2,9,46,8,2,17,4
R UR ur D UL BS dr,2,9,46,8,2,13,4
R ur UR UL BS D dr,2,9,46,8,2,15,4
R UR ur UL BS D dr,2,9,46,8,2,13,4
R ur UR UL D BS dr,2,9,46,8,2,17,4
R UR ur UL D BS dr,2,9,46,8,2,15,4
UR BS D dr R ur UL,2,9,46,8,2,16,3
UR BS D dr UL ur R,2,9,46,8,2,15,3
ur BS D dr UR R UL,2,9,46,8,2,12,3
UR BS D dr ur R UL,2,9,46,8,2,16,3
ur BS D dr UR UL R,2,9,46,8,2,13,3
UR BS D dr ur UL R,2,9,46,8,2,15,3
UR BS D R dr ur UL,2,9,46,8,2,14,3
UR BS D R ur dr UL,2,9,46,8,2,14,3
ur BS D UL UR dr R,2,9,46,8,2,13,3
ur BS D UR dr R UL,2,9,46,8,2,14,3
UR BS D ur dr R UL,2,9,46,8,2,14,3
ur BS D UR dr UL R,2,9,46,8,2,13,3
UR BS D ur dr UL R,2,9,46,8,2,13,3
ur BS D UR R dr UL,2,9,46,8,2,12,3
UR BS D ur R dr UL,2,9,46,8,2,14,3
ur BS D UR UL dr R,2,9,46,8,2,13,3
UR BS D ur UL dr R,2,9,46,8,2,13,3
UR BS dr D R ur UL,2,9,46,8,2,16,3
UR BS dr D UL ur R,2,9,46,8,2,17,3
ur BS dr D UR R UL,2,9,46,8,2,14,3
UR BS dr D ur R UL,2,9,46,8,2,16,3
ur BS dr D UR UL R,2,9,46,8,2,15,3
UR BS dr D ur UL R,2,9,46,8,2,15,3
UR BS dr UL D ur R,2,9,46,8,2,15,3
ur BS dr UR D R UL,2,9,46,8,2,14,3
UR BS dr ur D R UL,2,9,46,8,2,14,3
ur BS dr UR D UL R,2,9,46,8,2,15,3
UR BS dr ur D UL R,2,9,46,8,2,15,3
ur BS UR D dr R UL,2,9,46,8,2,16,3
UR BS ur D dr R UL,2,9,46,8,2,14,3
ur BS UR D dr UL R,2,9,46,8,2,15,3
UR BS ur D dr UL R,2,9,46,8,2,13,3
ur BS UR D R dr UL,2,9,46,8,2,14,3
UR BS ur D R dr UL,2,9,46,8,2,12,3
ur BS UR D UL dr R,2,9,46,8,2,15,3
UR BS ur D UL dr R,2,9,46,8,2,13,3
ur BS UR dr D R UL,2,9,46,8,2,14,3
UR BS ur dr D R UL,2,9,46,8,2,14,3
ur BS UR dr D UL R,2,9,46,8,2,15,3
UR BS ur dr D UL R,2,9,46,8,2,15,3
UR D BS dr R ur UL,2,9,46,8,2,16,3
UR D BS dr UL ur R,2,9,46,8,2,15,3
ur D BS dr UR R UL,2,9,46,8,2,12,3
UR D BS dr ur R UL,2,9,46,8,2,16,3
ur D BS dr UR UL R,2,9,46,8,2,13,3
UR D BS dr ur UL R,2,9,46,8,2,15,3
UR D BS R dr ur UL,2,9,46,8,2,14,3
UR D BS R ur dr UL,2,9,46,8,2,14,3
ur D BS UL UR dr R,2,9,46,8,2,11,3
ur D BS UR dr R UL,2,9,46,8,2,14,3
UR D BS ur dr R UL,2,9,46,8,2,14,3
ur D BS UR dr UL R,2,9,46,8,2,13,3
UR D BS ur dr UL R,2,9,46,8,2,13,3
ur D BS UR R dr UL,2,9,46,8,2,12,3
UR D BS ur R dr UL,2,9,46,8,2,14,3
ur D BS UR UL dr R,2,9,46,8,2,13,3
UR D BS ur UL dr R,2,9,46,8,2,13,3
UR D dr BS R ur UL,2,9,46,8,2,16,3
UR D dr BS UL ur R,2,9,46,8,2,15,3
ur D dr BS UR R UL,2,9,46,8,2,14,3
UR D dr BS ur R UL,2,9,46,8,2,16,3
ur D dr BS UR UL R,2,9,46,8,2,15,3
UR D dr BS ur UL R,2,9,46,8,2,15,3
UR D dr R BS ur UL,2,9,46,8,2,14,3
UR D dr R ur BS UL,2,9,46,8,2,14,3
UR D dr UL BS ur R,2,9,46,8,2,13,3
UR D dr UL ur BS R,2,9,46,8,2,13,3
ur D dr UR BS R UL,2,9,46,8,2,14,3
UR D dr ur BS R UL,2,9,46,8,2,14,3
ur D dr UR BS UL R,2,9,46,8,2,13,3
UR D dr ur BS UL R,2,9,46,8,2,13,3
ur D dr UR R BS UL,2,9,46,8,2,10,3
UR D dr ur R BS UL,2,9,46,8,2,14,3
ur D dr UR UL BS R,2,9,46,8,2,11,3
UR D dr ur UL BS R,2,9,46,8,2,13,3
UR D R BS dr ur UL,2,9,46,8,2,14,3
UR D R BS ur dr UL,2,9,46,8,2,12,3
UR D R dr BS ur UL,2,9,46,8,2,14,3
UR D R dr ur BS UL,2,9,46,8,2,12,3
UR D R ur BS dr UL,2,9,46,8,2,14,3
UR D R ur dr BS UL,2,9,46,8,2,14,3
ur D UR BS dr R UL,2,9,46,8,2,16,3
UR D ur BS dr R UL,2,9,46,8,2,14,3
ur D UR BS dr UL R,2,9,46,8,2,15,3
UR D ur BS dr UL R,2,9,46,8,2,13,3
ur D UR BS R dr UL,2,9,46,8,2,14,3
UR D ur BS R dr UL,2,9,46,8,2,12,3
ur D UR BS UL dr R,2,9,46,8,2,13,3
UR D ur BS UL dr R,2,9,46,8,2,11,3
ur D UR dr BS R UL,2,9,46,8,2,14,3
UR D ur dr BS R UL,2,9,46,8,2,14,3
ur D UR dr BS UL R,2,9,46,8,2,13,3
UR D ur dr BS UL R,2,9,46,8,2,13,3
ur D UR dr R BS UL,2,9,46,8,2,12,3
UR D ur dr R BS UL,2,9,46,8,2,12,3
ur D UR dr UL BS R,2,9,46,8,2,11,3
UR D ur dr UL BS R,2,9,46,8,2,11,3
ur D UR R BS dr UL,2,9,46,8,2,12,3
UR D ur R BS dr UL,2,9,46,8,2,14,3
ur D UR R dr BS UL,2,9,46,8,2,12,3
UR D ur R dr BS UL,2,9,46,8,2,14,3
UR dr BS D R ur UL,2,9,46,8,2,14,3
UR dr BS D UL ur R,2,9,46,8,2,15,3
ur dr BS D UR R UL,2,9,46,8,2,14,3
UR dr BS D ur R UL,2,9,46,8,2,14,3
ur dr BS D UR UL R,2,9,46,8,2,15,3
UR dr BS D ur UL R,2,9,46,8,2,13,3
UR dr BS UL D ur R,2,9,46,8,2,13,3
ur dr BS UR D R UL,2,9,46,8,2,16,3
UR dr BS ur D R UL,2,9,46,8,2,12,3
ur dr BS UR D UL R,2,9,46,8,2,17,3
UR dr BS ur D UL R,2,9,46,8,2,13,3
UR dr D BS R ur UL,2,9,46,8,2,14,3
UR dr D BS UL ur R,2,9,46,8,2,13,3
ur dr D BS UR R UL,2,9,46,8,2,14,3
UR dr D BS ur R UL,2,9,46,8,2,14,3
ur dr D BS UR UL R,2,9,46,8,2,15,3
UR dr D BS ur UL R,2,9,46,8,2,13,3
UR dr D R BS ur UL,2,9,46,8,2,12,3
UR dr D R ur BS UL,2,9,46,8,2,12,3
UR dr D UL BS ur R,2,9,46,8,2,13,3
UR dr D UL ur BS R,2,9,46,8,2,13,3
ur dr D UR BS R UL,2,9,46,8,2,16,3
UR dr D ur BS R UL,2,9,46,8,2,12,3
ur dr D UR BS UL R,2,9,46,8,2,15,3
UR dr D ur BS UL R,2,9,46,8,2,11,3
ur dr D UR R BS UL,2,9,46,8,2,12,3
UR dr D ur R BS UL,2,9,46,8,2,12,3
ur dr D UR UL BS R,2,9,46,8,2,13,3
UR dr D ur UL BS R,2,9,46,8,2,11,3
UR dr UL BS D ur R,2,9,46,8,2,11,3
UR dr UL D BS ur R,2,9,46,8,2,13,3
UR dr UL D ur BS R,2,9,46,8,2,11,3
UR dr UL ur D BS R,2,9,46,8,2,11,2
ur dr UR BS D R UL,2,9,46,8,2,14,3
UR dr ur BS D R UL,2,9,46,8,2,12,3
ur dr UR BS D UL R,2,9,46,8,2,15,3
UR dr ur BS D UL R,2,9,46,8,2,13,3
ur dr UR D BS R UL,2,9,46,8,2,14,3
UR dr ur D BS R UL,2,9,46,8,2,12,3
ur dr UR D BS UL R,2,9,46,8,2,13,3
UR dr ur D BS UL R,2,9,46,8,2,11,3
ur dr UR D R BS UL,2,9,46,8,2,12,3
UR dr ur D R BS UL,2,9,46,8,2,10,2
ur dr UR D UL BS R,2,9,46,8,2,13,3
UR dr ur D UL BS R,2,9,46,8,2,11,3
ur dr UR UL D BS R,2,9,46,8,2,13,3
UR dr ur UL D BS R,2,9,46,8,2,13,3
ur R UL UR BS D dr,2,9,46,8,2,16,3
ur R UL UR D BS dr,2,9,46,8,2,16,3
ur R UR D UL BS dr,2,9,46,8,2,14,3
ur R UR UL BS D dr,2,9,46,8,2,12,3
ur R UR UL D BS dr,2,9,46,8,2,14,3
ur UR BS D dr R UL,2,9,46,8,2,18,4
UR ur BS D dr R UL,2,9,46,8,2,16,4
ur UR BS D dr UL R,2,9,46,8,2,17,4
UR ur BS D dr UL R,2,9,46,8,2,15,4
ur UR BS D R dr UL,2,9,46,8,2,16,4
UR ur BS D R dr UL,2,9,46,8,2,14,4
ur UR BS D UL dr R,2,9,46,8,2,17,4
UR ur BS D UL dr R,2,9,46,8,2,15,4
ur UR BS dr D R UL,2,9,46,8,2,18,4
UR ur BS dr D R UL,2,9,46,8,2,16,4
ur UR BS dr D UL R,2,9,46,8,2,19,4
UR ur BS dr D UL R,2,9,46,8,2,17,4
ur UR D BS dr R UL,2,9,46,8,2,18,4
UR ur D BS dr R UL,2,9,46,8,2,16,4
ur UR D BS dr UL R,2,9,46,8,2,17,4
UR ur D BS dr UL R,2,9,46,8,2,15,4
ur UR D BS R dr UL,2,9,46,8,2,16,4
UR ur D BS R dr UL,2,9,46,8,2,14,4
ur UR D BS UL dr R,2,9,46,8,2,15,4
UR ur D BS UL dr R,2,9,46,8,2,13,4
ur UR D dr BS R UL,2,9,46,8,2,18,4
UR ur D dr BS R UL,2,9,46,8,2,16,4
ur UR D dr BS UL R,2,9,46,8,2,17,4
UR ur D dr BS UL R,2,9,46,8,2,15,4
ur UR D dr R BS UL,2,9,46,8,2,16,4
UR ur D dr R BS UL,2,9,46,8,2,14,4
ur UR D dr UL BS R,2,9,46,8,2,15,4
UR ur D dr UL BS R,2,9,46,8,2,13,4
ur UR D R BS dr UL,2,9,46,8,2,16,4
UR ur D R BS dr UL,2,9,46,8,2,14,4
ur UR D R dr BS UL,2,9,46,8,2,16,4
UR ur D R dr BS UL,2,9,46,8,2,14,4
ur UR dr BS D R UL,2,9,46,8,2,16,4
UR ur dr BS D R UL,2,9,46,8,2,16,4
ur UR dr BS D UL R,2,9,46,8,2,17,4
UR ur dr BS D UL R,2,9,46,8,2,17,4
ur UR dr D BS R UL,2,9,46,8,2,16,4
UR ur dr D BS R UL,2,9,46,8,2,16,4
ur UR dr D BS UL R,2,9,46,8,2,15,4
UR ur dr D BS UL R,2,9,46,8,2,15,4
ur UR dr D R BS UL,2,9,46,8,2,14,4
UR ur dr D R BS UL,2,9,46,8,2,14,4
ur UR dr D UL BS R,2,9,46,8,2,15,4
UR ur dr D UL BS R,2,9,46,8,2,15,4
ur UR dr UL D BS R,2,9,46,8,2,15,4
UR ur dr UL D BS R,2,9,46,8,2,15,4
BS UL ur D UR dr R,2,9,48,8,2,12,3
BS UL UR dr R ur D,2,9,48,8,2,12,3
BS UL UR dr ur D R,2,9,48,8,2,10,2
BS UL UR dr ur R D,2,9,48,8,2,12,3
BS UL UR R dr ur D,2,9,48,8,2,10,3
BS UL UR R ur dr D,2,9,48,8,2,12,3
BS UL ur UR D dr R,2,9,48,8,2,16,4
BS UL UR ur D dr R,2,9,48,8,2,14,4
BS UL ur UR dr D R,2,9,48,8,2,14,4
BS UL UR ur dr D R,2,9,48,8,2,14,4
BS UL ur UR dr R D,2,9,48,8,2,14,4
BS UL UR ur dr R D,2,9,48,8,2,14,4
BS UL ur UR R dr D,2,9,48,8,2,14,4
BS UL UR ur R dr D,2,9,48,8,2,16,4
BS ur UL D UR dr R,2,9,48,8,2,14,3
BS UR UL dr R ur D,2,9,48,8,2,14,3
BS UR UL dr ur D R,2,9,48,8,2,12,3
BS UR UL dr ur R D,2,9,48,8,2,14,3
BS UR UL R dr ur D,2,9,48,8,2,14,3
BS UR UL R ur dr D,2,9,48,8,2,16,3
BS ur UL UR D dr R,2,9,48,8,2,14,3
BS UR UL ur D dr R,2,9,48,8,2,14,3
BS ur UL UR dr D R,2,9,48,8,2,12,3
BS UR UL ur dr D R,2,9,48,8,2,14,3
BS ur UL UR dr R D,2,9,48,8,2,12,3
BS UR UL ur dr R D,2,9,48,8,2,14,3
BS ur UL UR R dr D,2,9,48,8,2,12,3
BS UR UL ur R dr D,2,9,48,8,2,16,3
BS ur UR UL D dr R,2,9,48,8,2,16,4
BS UR ur UL D dr R,2,9,48,8,2,18,4
BS ur UR UL dr D R,2,9,48,8,2,14,4
BS UR ur UL dr D R,2,9,48,8,2,16,4
BS ur UR UL dr R D,2,9,48,8,2,14,4
BS UR ur UL dr R D,2,9,48,8,2,16,4
BS ur UR UL R dr D,2,9,48,8,2,16,4
BS UR ur UL R dr D,2,9,48,8,2,18,4
UL BS ur D UR dr R,2,9,48,8,2,11,3
UL BS UR dr R ur D,2,9,48,8,2,13,3
UL BS UR dr ur D R,2,9,48,8,2,11,3
UL BS UR dr ur R D,2,9,48,8,2,13,3
UL BS UR R dr ur D,2,9,48,8,2,11,3
UL BS UR R ur dr D,2,9,48,8,2,13,3
UL BS ur UR D dr R,2,9,48,8,2,15,4
UL BS UR ur D dr R,2,9,48,8,2,15,4
UL BS ur UR dr D R,2,9,48,8,2,13,4
UL BS UR ur dr D R,2,9,48,8,2,15,4
UL BS ur UR dr R D,2,9,48,8,2,13,4
UL BS UR ur dr R D,2,9,48,8,2,15,4
UL BS ur UR R dr D,2,9,48,8,2,13,4
UL BS UR ur R dr D,2,9,48,8,2,17,4
UL ur BS D UR dr R,2,9,48,8,2,13,3
UL UR BS dr R ur D,2,9,48,8,2,15,3
UL UR BS dr ur D R,2,9,48,8,2,13,3
UL UR BS dr ur R D,2,9,48,8,2,15,3
UL UR BS R dr ur D,2,9,48,8,2,13,3
UL UR BS R ur dr D,2,9,48,8,2,15,3
UL ur BS UR D dr R,2,9,48,8,2,15,3
UL UR BS ur D dr R,2,9,48,8,2,13,3
UL ur BS UR dr D R,2,9,48,8,2,13,3
UL UR BS ur dr D R,2,9,48,8,2,13,3
UL ur BS UR dr R D,2,9,48,8,2,13,3
UL UR BS ur dr R D,2,9,48,8,2,13,3
UL ur BS UR R dr D,2,9,48,8,2,13,3
UL UR BS ur R dr D,2,9,48,8,2,15,3
UL UR dr BS R ur D,2,9,48,8,2,13,3
UL UR dr BS ur D R,2,9,48,8,2,11,3
UL UR dr BS ur R D,2,9,48,8,2,13,3
UL UR dr ur BS D R,2,9,48,8,2,11,2
UL UR dr ur BS R D,2,9,48,8,2,11,2
UL ur UR BS D dr R,2,9,48,8,2,17,4
UL UR ur BS D dr R,2,9,48,8,2,15,4
UL ur UR BS dr D R,2,9,48,8,2,17,4
UL UR ur BS dr D R,2,9,48,8,2,15,4
UL ur UR BS dr R D,2,9,48,8,2,17,4
UL UR ur BS dr R D,2,9,48,8,2,15,4
UL ur UR BS R dr D,2,9,48,8,2,17,4
UL UR ur BS R dr D,2,9,48,8,2,15,4
UL ur UR dr BS D R,2,9,48,8,2,15,4
UL UR ur dr BS D R,2,9,48,8,2,15,4
UL ur UR dr BS R D,2,9,48,8,2,15,4
UL UR ur dr BS R D,2,9,48,8,2,15,4
ur BS UL D UR dr R,2,9,48,8,2,13,3
UR BS UL dr R ur D,2,9,48,8,2,13,3
UR BS UL dr ur D R,2,9,48,8,2,11,3
UR BS UL dr ur R D,2,9,48,8,2,13,3
UR BS UL R dr ur D,2,9,48,8,2,13,3
UR BS UL R ur dr D,2,9,48,8,2,15,3
ur BS UL UR D dr R,2,9,48,8,2,13,3
UR BS UL ur D dr R,2,9,48,8,2,13,3
ur BS UL UR dr D R,2,9,48,8,2,11,3
UR BS UL ur dr D R,2,9,48,8,2,13,3
ur BS UL UR dr R D,2,9,48,8,2,11,3
UR BS UL ur dr R D,2,9,48,8,2,13,3
ur BS UL UR R dr D,2,9,48,8,2,11,3
UR BS UL ur R dr D,2,9,48,8,2,15,3
ur BS UR UL D dr R,2,9,48,8,2,15,3
UR BS ur UL D dr R,2,9,48,8,2,15,3
ur BS UR UL dr D R,2,9,48,8,2,13,3
UR BS ur UL dr D R,2,9,48,8,2,13,3
ur BS UR UL dr R D,2,9,48,8,2,13,3
UR BS ur UL dr R D,2,9,48,8,2,13,3
ur BS UR UL R dr D,2,9,48,8,2,15,3
UR BS ur UL R dr D,2,9,48,8,2,15,3
ur UL BS D UR dr R,2,9,48,8,2,13,3
UR UL BS dr R ur D,2,9,48,8,2,13,3
UR UL BS dr ur D R,2,9,48,8,2,11,3
UR UL BS dr ur R D,2,9,48,8,2,13,3
UR UL BS R dr ur D,2,9,48,8,2,11,3
UR UL BS R ur dr D,2,9,48,8,2,13,3
ur UL BS UR D dr R,2,9,48,8,2,15,3
UR UL BS ur D dr R,2,9,48,8,2,11,3
ur UL BS UR dr D R,2,9,48,8,2,13,3
UR UL BS ur dr D R,2,9,48,8,2,11,3
ur UL BS UR dr R D,2,9,48,8,2,13,3
UR UL BS ur dr R D,2,9,48,8,2,11,3
ur UL BS UR R dr D,2,9,48,8,2,13,3
UR UL BS ur R dr D,2,9,48,8,2,13,3
UR UL dr BS R ur D,2,9,48,8,2,13,3
UR UL dr BS ur D R,2,9,48,8,2,11,3
UR UL dr BS ur R D,2,9,48,8,2,13,3
UR UL dr ur BS D R,2,9,48,8,2,11,2
UR UL dr ur BS R D,2,9,48,8,2,11,2
ur UL UR BS D dr R,2,9,48,8,2,15,3
UR UL ur BS D dr R,2,9,48,8,2,13,3
ur UL UR BS dr D R,2,9,48,8,2,15,3
UR UL ur BS dr D R,2,9,48,8,2,13,3
ur UL UR BS dr R D,2,9,48,8,2,15,3
UR UL ur BS dr R D,2,9,48,8,2,13,3
ur UL UR BS R dr D,2,9,48,8,2,15,3
UR UL ur BS R dr D,2,9,48,8,2,13,3
ur UL UR dr BS D R,2,9,48,8,2,13,3
UR UL ur dr BS D R,2,9,48,8,2,13,3
ur UL UR dr BS R D,2,9,48,8,2,13,3
UR UL ur dr BS R D,2,9,48,8,2,13,3
ur UR BS UL D dr R,2,9,48,8,2,17,4
UR ur BS UL D dr R,2,9,48,8,2,15,4
ur UR BS UL dr D R,2,9,48,8,2,15,4
UR ur BS UL dr D R,2,9,48,8,2,13,4
ur UR BS UL dr R D,2,9,48,8,2,15,4
UR ur BS UL dr R D,2,9,48,8,2,13,4
ur UR BS UL R dr D,2,9,48,8,2,17,4
UR ur BS UL R dr D,2,9,48,8,2,15,4
ur UR UL BS D dr R,2,9,48,8,2,15,4
UR ur UL BS D dr R,2,9,48,8,2,15,4
ur UR UL BS dr D R,2,9,48,8,2,15,4
UR ur UL BS dr D R,2,9,48,8,2,15,4
ur UR UL BS dr R D,2,9,48,8,2,15,4
UR ur UL BS dr R D,2,9,48,8,2,15,4
ur UR UL BS R dr D,2,9,48,8,2,15,4
UR ur UL BS R dr D,2,9,48,8,2,15,4
ur UR UL dr BS D R,2,9,48,8,2,15,4
UR ur UL dr BS D R,2,9,48,8,2,15,4
ur UR UL dr BS R D,2,9,48,8,2,15,4
UR ur UL dr BS R D,2,9,48,8,2,15,4
BS dr R UR D ur UL,2,9,48,9,2,13,3
BS dr R UR UL ur D,2,9,48,9,2,12,3
BS dr R ur UR D UL,2,9,48,9,2,19,4
BS dr R UR ur D UL,2,9,48,9,2,15,4
BS dr R ur UR UL D,2,9,48,9,2,18,4
BS dr R UR ur UL D,2,9,48,9,2,16,4
BS dr ur R UR D UL,2,9,48,9,2,15,3
BS dr ur R UR UL D,2,9,48,9,2,14,3
BS R dr UR D ur UL,2,9,48,9,2,13,3
BS R dr UR UL ur D,2,9,48,9,2,12,3
BS R dr ur UR D UL,2,9,48,9,2,17,4
BS R dr UR ur D UL,2,9,48,9,2,15,4
BS R dr ur UR UL D,2,9,48,9,2,16,4
BS R dr UR ur UL D,2,9,48,9,2,16,4
BS R UR D dr ur UL,2,9,48,9,2,13,3
BS R UR D ur dr UL,2,9,48,9,2,11,3
BS R UR dr D ur UL,2,9,48,9,2,11,3
BS R UR dr UL ur D,2,9,48,9,2,10,2
BS R ur dr UR D UL,2,9,48,9,2,15,3
BS R UR dr ur D UL,2,9,48,9,2,11,3
BS R ur dr UR UL D,2,9,48,9,2,14,3
BS R UR dr ur UL D,2,9,48,9,2,12,3
BS R UR UL dr ur D,2,9,48,9,2,10,2
BS R UR UL ur dr D,2,9,48,9,2,12,3
BS R ur UR D dr UL,2,9,48,9,2,17,4
BS R UR ur D dr UL,2,9,48,9,2,13,4
BS R ur UR dr D UL,2,9,48,9,2,17,4
BS R UR ur dr D UL,2,9,48,9,2,15,4
BS R ur UR dr UL D,2,9,48,9,2,16,4
BS R UR ur dr UL D,2,9,48,9,2,14,4
BS R ur UR UL dr D,2,9,48,9,2,16,4
BS R UR ur UL dr D,2,9,48,9,2,14,4
BS ur dr R UR D UL,2,9,48,9,2,13,3
BS ur dr R UR UL D,2,9,48,9,2,12,3
BS ur R dr UR D UL,2,9,48,9,2,15,3
BS ur R dr UR UL D,2,9,48,9,2,14,3
BS ur R UR D dr UL,2,9,48,9,2,13,3
BS ur R UR dr D UL,2,9,48,9,2,13,3
BS ur R UR dr UL D,2,9,48,9,2,12,3
BS ur R UR UL dr D,2,9,48,9,2,12,3
dr BS R UR D ur UL,2,9,48,9,2,12,3
dr BS R UR UL ur D,2,9,48,9,2,11,3
dr BS R ur UR D UL,2,9,48,9,2,18,4
dr BS R UR ur D UL,2,9,48,9,2,14,4
dr BS R ur UR UL D,2,9,48,9,2,17,4
dr BS R UR ur UL D,2,9,48,9,2,15,4
dr BS ur R UR D UL,2,9,48,9,2,14,3
dr BS ur R UR UL D,2,9,48,9,2,13,3
dr R BS UR D ur UL,2,9,48,9,2,14,3
dr R BS UR UL ur D,2,9,48,9,2,13,3
dr R BS ur UR D UL,2,9,48,9,2,16,4
dr R BS UR ur D UL,2,9,48,9,2,16,4
dr R BS ur UR UL D,2,9,48,9,2,15,4
dr R BS UR ur UL D,2,9,48,9,2,17,4
dr R UR BS D ur UL,2,9,48,9,2,12,3
dr R UR BS UL ur D,2,9,48,9,2,11,3
dr R ur BS UR D UL,2,9,48,9,2,16,3
dr R UR BS ur D UL,2,9,48,9,2,12,3
dr R ur BS UR UL D,2,9,48,9,2,15,3
dr R UR BS ur UL D,2,9,48,9,2,13,3
dr R UR D BS ur UL,2,9,48,9,2,12,3
dr R UR D ur BS UL,2,9,48,9,2,10,3
dr R UR UL BS ur D,2,9,48,9,2,9,3
dr R UR UL ur BS D,2,9,48,9,2,11,3
dr R ur UR BS D UL,2,9,48,9,2,18,4
dr R UR ur BS D UL,2,9,48,9,2,14,4
dr R ur UR BS UL D,2,9,48,9,2,17,4
dr R UR ur BS UL D,2,9,48,9,2,13,4
dr R ur UR D BS UL,2,9,48,9,2,16,4
dr R UR ur D BS UL,2,9,48,9,2,12,4
dr R ur UR UL BS D,2,9,48,9,2,15,4
dr R UR ur UL BS D,2,9,48,9,2,13,4
dr ur BS R UR D UL,2,9,48,9,2,12,3
dr ur BS R UR UL D,2,9,48,9,2,11,3
dr ur R BS UR D UL,2,9,48,9,2,16,3
dr ur R BS UR UL D,2,9,48,9,2,15,3
dr ur R UR BS D UL,2,9,48,9,2,14,3
dr ur R UR BS UL D,2,9,48,9,2,13,3
dr ur R UR D BS UL,2,9,48,9,2,12,3
dr ur R UR UL BS D,2,9,48,9,2,11,3
R BS dr UR D ur UL,2,9,48,9,2,13,3
R BS dr UR UL ur D,2,9,48,9,2,12,3
R BS dr ur UR D UL,2,9,48,9,2,17,4
R BS dr UR ur D UL,2,9,48,9,2,15,4
R BS dr ur UR UL D,2,9,48,9,2,16,4
R BS dr UR ur UL D,2,9,48,9,2,16,4
R BS UR D dr ur UL,2,9,48,9,2,15,3
R BS UR D ur dr UL,2,9,48,9,2,13,3
R BS UR dr D ur UL,2,9,48,9,2,13,3
R BS UR dr UL ur D,2,9,48,9,2,12,3
R BS ur dr UR D UL,2,9,48,9,2,13,3
R BS UR dr ur D UL,2,9,48,9,2,13,3
R BS ur dr UR UL D,2,9,48,9,2,12,3
R BS UR dr ur UL D,2,9,48,9,2,14,3
R BS UR UL dr ur D,2,9,48,9,2,12,3
R BS UR UL ur dr D,2,9,48,9,2,14,3
R BS ur UR D dr UL,2,9,48,9,2,15,4
R BS UR ur D dr UL,2,9,48,9,2,15,4
R BS ur UR dr D UL,2,9,48,9,2,15,4
R BS UR ur dr D UL,2,9,48,9,2,17,4
R BS ur UR dr UL D,2,9,48,9,2,14,4
R BS UR ur dr UL D,2,9,48,9,2,16,4
R BS ur UR UL dr D,2,9,48,9,2,14,4
R BS UR ur UL dr D,2,9,48,9,2,16,4
R dr BS UR D ur UL,2,9,48,9,2,15,3
R dr BS UR UL ur D,2,9,48,9,2,14,3
R dr BS ur UR D UL,2,9,48,9,2,17,4
R dr BS UR ur D UL,2,9,48,9,2,17,4
R dr BS ur UR UL D,2,9,48,9,2,16,4
R dr BS UR ur UL D,2,9,48,9,2,18,4
R dr UR BS D ur UL,2,9,48,9,2,13,3
R dr UR BS UL ur D,2,9,48,9,2,12,3
R dr ur BS UR D UL,2,9,48,9,2,15,3
R dr UR BS ur D UL,2,9,48,9,2,13,3
R dr ur BS UR UL D,2,9,48,9,2,14,3
R dr UR BS ur UL D,2,9,48,9,2,14,3
R dr UR D BS ur UL,2,9,48,9,2,13,3
R dr UR D ur BS UL,2,9,48,9,2,11,3
R dr UR UL BS ur D,2,9,48,9,2,10,3
R dr UR UL ur BS D,2,9,48,9,2,12,3
R dr ur UR BS D UL,2,9,48,9,2,17,4
R dr UR ur BS D UL,2,9,48,9,2,15,4
R dr ur UR BS UL D,2,9,48,9,2,16,4
R dr UR ur BS UL D,2,9,48,9,2,14,4
R dr ur UR D BS UL,2,9,48,9,2,15,4
R dr UR ur D BS UL,2,9,48,9,2,13,4
R dr ur UR UL BS D,2,9,48,9,2,14,4
R dr UR ur UL BS D,2,9,48,9,2,14,4
R UR BS D dr ur UL,2,9,48,9,2,13,3
R UR BS D ur dr UL,2,9,48,9,2,11,3
R UR BS dr D ur UL,2,9,48,9,2,13,3
R UR BS dr UL ur D,2,9,48,9,2,12,3
R ur BS dr UR D UL,2,9,48,9,2,15,3
R UR BS dr ur D UL,2,9,48,9,2,13,3
R ur BS dr UR UL D,2,9,48,9,2,14,3
R UR BS dr ur UL D,2,9,48,9,2,14,3
R UR BS UL dr ur D,2,9,48,9,2,10,3
R UR BS UL ur dr D,2,9,48,9,2,12,3
R ur BS UR D dr UL,2,9,48,9,2,15,3
R UR BS ur D dr UL,2,9,48,9,2,11,3
R ur BS UR dr D UL,2,9,48,9,2,15,3
R UR BS ur dr D UL,2,9,48,9,2,13,3
R ur BS UR dr UL D,2,9,48,9,2,14,3
R UR BS ur dr UL D,2,9,48,9,2,12,3
R ur BS UR UL dr D,2,9,48,9,2,14,3
R UR BS ur UL dr D,2,9,48,9,2,12,3
R UR D BS dr ur UL,2,9,48,9,2,13,3
R UR D BS ur dr UL,2,9,48,9,2,11,3
R UR D dr BS ur UL,2,9,48,9,2,13,3
R UR D dr ur BS UL,2,9,48,9,2,11,3
R UR D ur BS dr UL,2,9,48,9,2,11,3
R UR D ur dr BS UL,2,9,48,9,2,11,3
R UR dr BS D ur UL,2,9,48,9,2,11,3
R UR dr BS UL ur D,2,9,48,9,2,10,3
R ur dr BS UR D UL,2,9,48,9,2,17,3
R UR dr BS ur D UL,2,9,48,9,2,11,3
R ur dr BS UR UL D,2,9,48,9,2,16,3
R UR dr BS ur UL D,2,9,48,9,2,12,3
R UR dr D BS ur UL,2,9,48,9,2,11,3
R UR dr D ur BS UL,2,9,48,9,2,9,3
R UR dr UL BS ur D,2,9,48,9,2,8,2
R UR dr UL ur BS D,2,9,48,9,2,10,2
R ur dr UR BS D UL,2,9,48,9,2,15,3
R UR dr ur BS D UL,2,9,48,9,2,11,3
R ur dr UR BS UL D,2,9,48,9,2,14,3
R UR dr ur BS UL D,2,9,48,9,2,10,3
R ur dr UR D BS UL,2,9,48,9,2,13,3
R UR dr ur D BS UL,2,9,48,9,2,9,2
R ur dr UR UL BS D,2,9,48,9,2,12,3
R UR dr ur UL BS D,2,9,48,9,2,10,2
R ur UR BS D dr UL,2,9,48,9,2,17,4
R UR ur BS D dr UL,2,9,48,9,2,13,4
R ur UR BS dr D UL,2,9,48,9,2,19,4
R UR ur BS dr D UL,2,9,48,9,2,15,4
R ur UR BS dr UL D,2,9,48,9,2,18,4
R UR ur BS dr UL D,2,9,48,9,2,14,4
R ur UR BS UL dr D,2,9,48,9,2,16,4
R UR ur BS UL dr D,2,9,48,9,2,12,4
R ur UR D BS dr UL,2,9,48,9,2,17,4
R UR ur D BS dr UL,2,9,48,9,2,13,4
R ur UR D dr BS UL,2,9,48,9,2,17,4
R UR ur D dr BS UL,2,9,48,9,2,13,4
R ur UR dr BS D UL,2,9,48,9,2,17,4
R UR ur dr BS D UL,2,9,48,9,2,15,4
R ur UR dr BS UL D,2,9,48,9,2,16,4
R UR ur dr BS UL D,2,9,48,9,2,14,4
R ur UR dr D BS UL,2,9,48,9,2,15,4
R UR ur dr D BS UL,2,9,48,9,2,13,4
R ur UR dr UL BS D,2,9,48,9,2,14,4
R UR ur dr UL BS D,2,9,48,9,2,12,4
ur BS dr R UR D UL,2,9,48,9,2,14,3
ur BS dr R UR UL D,2,9,48,9,2,13,3
ur BS R dr UR D UL,2,9,48,9,2,14,3
ur BS R dr UR UL D,2,9,48,9,2,13,3
ur BS R UR D dr UL,2,9,48,9,2,12,3
ur BS R UR dr D UL,2,9,48,9,2,12,3
ur BS R UR dr UL D,2,9,48,9,2,11,3
ur BS R UR UL dr D,2,9,48,9,2,11,3
ur dr BS R UR D UL,2,9,48,9,2,14,3
ur dr BS R UR UL D,2,9,48,9,2,13,3
ur dr R BS UR D UL,2,9,48,9,2,16,3
ur dr R BS UR UL D,2,9,48,9,2,15,3
ur dr R UR BS D UL,2,9,48,9,2,14,3
ur dr R UR BS UL D,2,9,48,9,2,13,3
ur dr R UR D BS UL,2,9,48,9,2,12,3
ur dr R UR UL BS D,2,9,48,9,2,11,3
ur R BS dr UR D UL,2,9,48,9,2,16,3
ur R BS dr UR UL D,2,9,48,9,2,15,3
ur R BS UR D dr UL,2,9,48,9,2,16,3
ur R BS UR dr D UL,2,9,48,9,2,16,3
ur R BS UR dr UL D,2,9,48,9,2,15,3
ur R BS UR UL dr D,2,9,48,9,2,15,3
ur R dr BS UR D UL,2,9,48,9,2,18,3
ur R dr BS UR UL D,2,9,48,9,2,17,3
ur R dr UR BS D UL,2,9,48,9,2,16,3
ur R dr UR BS UL D,2,9,48,9,2,15,3
ur R dr UR D BS UL,2,9,48,9,2,14,3
ur R dr UR UL BS D,2,9,48,9,2,13,3
ur R UR BS D dr UL,2,9,48,9,2,14,3
ur R UR BS dr D UL,2,9,48,9,2,16,3
ur R UR BS dr UL D,2,9,48,9,2,15,3
ur R UR BS UL dr D,2,9,48,9,2,13,3
ur R UR D BS dr UL,2,9,48,9,2,14,3
ur R UR D dr BS UL,2,9,48,9,2,14,3
ur R UR dr BS D UL,2,9,48,9,2,14,3
ur R UR dr BS UL D,2,9,48,9,2,13,3
ur R UR dr D BS UL,2,9,48,9,2,12,3
ur R UR dr UL BS D,2,9,48,9,2,11,3
BS D dr R UL ur UR,2,9,49,10,2,17,4
BS D R dr UL ur UR,2,9,49,10,2,15,4
BS D R UL dr ur UR,2,9,49,10,2,15,4
BS D R UL ur dr UR,2,9,49,10,2,13,3
BS dr D R UL ur UR,2,9,49,10,2,17,4
BS dr R D UL ur UR,2,9,49,10,2,17,4
BS dr R UL D ur UR,2,9,49,10,2,17,4
BS R D dr UL ur UR,2,9,49,10,2,15,4
BS R D UL dr ur UR,2,9,49,10,2,15,4
BS R D UL ur dr UR,2,9,49,10,2,13,3
BS R dr D UL ur UR,2,9,49,10,2,17,4
BS R dr UL D ur UR,2,9,49,10,2,15,4
BS R UL D dr ur UR,2,9,49,10,2,17,4
BS R UL D ur dr UR,2,9,49,10,2,13,3
BS R UL dr D ur UR,2,9,49,10,2,15,4
D BS dr R UL ur UR,2,9,49,10,2,17,4
D BS R dr UL ur UR,2,9,49,10,2,15,4
D BS R UL dr ur UR,2,9,49,10,2,15,4
D BS R UL ur dr UR,2,9,49,10,2,13,3
D dr BS R UL ur UR,2,9,49,10,2,17,4
D dr R BS UL ur UR,2,9,49,10,2,15,4
D dr R UL BS ur UR,2,9,49,10,2,15,4
D dr R UL ur BS UR,2,9,49,10,2,15,3
D dr R ur UL BS UR,2,9,49,10,2,15,3
D dr ur R UL BS UR,2,9,49,10,2,15,3
D R BS dr UL ur UR,2,9,49,10,2,15,4
D R BS UL dr ur UR,2,9,49,10,2,13,4
D R BS UL ur dr UR,2,9,49,10,2,11,2
D R dr BS UL ur UR,2,9,49,10,2,15,4
D R dr UL BS ur UR,2,9,49,10,2,13,4
D R dr UL ur BS UR,2,9,49,10,2,13,3
D R dr ur UL BS UR,2,9,49,10,2,13,3
D R UL BS dr ur UR,2,9,49,10,2,15,4
D R UL BS ur dr UR,2,9,49,10,2,11,3
D R UL dr BS ur UR,2,9,49,10,2,15,4
D R UL dr ur BS UR,2,9,49,10,2,13,3
D R UL ur BS dr UR,2,9,49,10,2,13,3
D R UL ur dr BS UR,2,9,49,10,2,15,3
D R ur dr UL BS UR,2,9,49,10,2,13,3
D R ur UL BS dr UR,2,9,49,10,2,13,3
D R ur UL dr BS UR,2,9,49,10,2,15,3
D ur dr R UL BS UR,2,9,49,10,2,13,3
D ur R dr UL BS UR,2,9,49,10,2,13,3
D ur R UL BS dr UR,2,9,49,10,2,13,3
D ur R UL dr BS UR,2,9,49,10,2,15,3
dr BS D R UL ur UR,2,9,49,10,2,16,4
dr BS R D UL ur UR,2,9,49,10,2,16,4
dr BS R UL D ur UR,2,9,49,10,2,16,4
dr D BS R UL ur UR,2,9,49,10,2,16,4
dr D R BS UL ur UR,2,9,49,10,2,14,4
dr D R UL BS ur UR,2,9,49,10,2,14,4
dr D R UL ur BS UR,2,9,49,10,2,14,3
dr D R ur UL BS UR,2,9,49,10,2,14,3
dr D ur R UL BS UR,2,9,49,10,2,14,3
dr R BS D UL ur UR,2,9,49,10,2,16,4
dr R BS UL D ur UR,2,9,49,10,2,14,4
dr R D BS UL ur UR,2,9,49,10,2,14,4
dr R D UL BS ur UR,2,9,49,10,2,14,4
dr R D UL ur BS UR,2,9,49,10,2,14,3
dr R D ur UL BS UR,2,9,49,10,2,12,3
dr R UL BS D ur UR,2,9,49,10,2,14,4
dr R UL D BS ur UR,2,9,49,10,2,16,4
dr R UL D ur BS UR,2,9,49,10,2,14,3
dr R UL ur D BS UR,2,9,49,10,2,14,3
dr R ur D UL BS UR,2,9,49,10,2,14,3
dr R ur UL D BS UR,2,9,49,10,2,16,3
dr ur D R UL BS UR,2,9,49,10,2,12,3
dr ur R D UL BS UR,2,9,49,10,2,14,3
dr ur R UL D BS UR,2,9,49,10,2,16,3
R BS D dr UL ur UR,2,9,49,10,2,15,4
R BS D UL dr ur UR,2,9,49,10,2,15,4
R BS D UL ur dr UR,2,9,49,10,2,13,3
R BS dr D UL ur UR,2,9,49,10,2,17,4
R BS dr UL D ur UR,2,9,49,10,2,15,4
R BS UL D dr ur UR,2,9,49,10,2,15,4
R BS UL D ur dr UR,2,9,49,10,2,11,3
R BS UL dr D ur UR,2,9,49,10,2,13,4
R D BS dr UL ur UR,2,9,49,10,2,15,4
R D BS UL dr ur UR,2,9,49,10,2,13,4
R D BS UL ur dr UR,2,9,49,10,2,11,2
R D dr BS UL ur UR,2,9,49,10,2,15,4
R D dr UL BS ur UR,2,9,49,10,2,13,4
R D dr UL ur BS UR,2,9,49,10,2,13,3
R D dr ur UL BS UR,2,9,49,10,2,13,3
R D UL BS dr ur UR,2,9,49,10,2,15,4
R D UL BS ur dr UR,2,9,49,10,2,11,3
R D UL dr BS ur UR,2,9,49,10,2,15,4
R D UL dr ur BS UR,2,9,49,10,2,13,3
R D UL ur BS dr UR,2,9,49,10,2,13,3
R D UL ur dr BS UR,2,9,49,10,2,15,3
R D ur dr UL BS UR,2,9,49,10,2,11,3
R D ur UL BS dr UR,2,9,49,10,2,11,3
R D ur UL dr BS UR,2,9,49,10,2,13,3
R dr BS D UL ur UR,2,9,49,10,2,17,4
R dr BS UL D ur UR,2,9,49,10,2,15,4
R dr D BS UL ur UR,2,9,49,10,2,15,4
R dr D UL BS ur UR,2,9,49,10,2,15,4
R dr D UL ur BS UR,2,9,49,10,2,15,3
R dr D ur UL BS UR,2,9,49,10,2,13,3
R dr UL BS D ur UR,2,9,49,10,2,13,4
R dr UL D BS ur UR,2,9,49,10,2,15,4
R dr UL D ur BS UR,2,9,49,10,2,13,3
R dr UL ur D BS UR,2,9,49,10,2,13,3
R dr ur D UL BS UR,2,9,49,10,2,13,3
R dr ur UL D BS UR,2,9,49,10,2,15,3
R UL BS D dr ur UR,2,9,49,10,2,15,4
R UL BS D ur dr UR,2,9,49,10,2,11,3
R UL BS dr D ur UR,2,9,49,10,2,15,4
R UL D BS dr ur UR,2,9,49,10,2,17,4
R UL D BS ur dr UR,2,9,49,10,2,13,3
R UL D dr BS ur UR,2,9,49,10,2,17,4
R UL D dr ur BS UR,2,9,49,10,2,15,3
R UL D ur BS dr UR,2,9,49,10,2,13,3
R UL D ur dr BS UR,2,9,49,10,2,15,3
R UL dr BS D ur UR,2,9,49,10,2,15,4
R UL dr D BS ur UR,2,9,49,10,2,15,4
R UL dr D ur BS UR,2,9,49,10,2,13,3
R UL dr ur D BS UR,2,9,49,10,2,13,3
R UL ur D BS dr UR,2,9,49,10,2,13,3
R UL ur D dr BS UR,2,9,49,10,2,15,3
R UL ur dr D BS UR,2,9,49,10,2,15,3
R ur D dr UL BS UR,2,9,49,10,2,13,3
R ur D UL BS dr UR,2,9,49,10,2,13,3
R ur D UL dr BS UR,2,9,49,10,2,15,3
R ur dr D UL BS UR,2,9,49,10,2,15,3
R ur dr UL D BS UR,2,9,49,10,2,15,3
R ur UL D BS dr UR,2,9,49,10,2,15,3
R ur UL D dr BS UR,2,9,49,10,2,17,3
R ur UL dr D BS UR,2,9,49,10,2,15,3
ur D dr R UL BS UR,2,9,49,10,2,14,3
ur D R dr UL BS UR,2,9,49,10,2,12,3
ur D R UL BS dr UR,2,9,49,10,2,12,3
ur D R UL dr BS UR,2,9,49,10,2,14,3
ur dr D R UL BS UR,2,9,49,10,2,14,3
ur dr R D UL BS UR,2,9,49,10,2,14,3
ur dr R UL D BS UR,2,9,49,10,2,16,3
ur R D dr UL BS UR,2,9,49,10,2,14,3
ur R D UL BS dr UR,2,9,49,10,2,14,3
ur R D UL dr BS UR,2,9,49,10,2,16,3
ur R dr D UL BS UR,2,9,49,10,2,16,3
ur R dr UL D BS UR,2,9,49,10,2,16,3
ur R UL D BS dr UR,2,9,49,10,2,16,3
ur R UL D dr BS UR,2,9,49,10,2,18,3
ur R UL dr D BS UR,2,9,49,10,2,16,3
UL R UR BS dr ur D,2,9,50,9,2,13,3
UL R UR BS ur dr D,2,9,50,9,2,13,3
UL R UR dr BS ur D,2,9,50,9,2,11,3
UL R UR dr ur BS D,2,9,50,9,2,11,3
UL R ur UR BS dr D,2,9,50,9,2,19,4
UL R UR ur BS dr D,2,9,50,9,2,15,4
UL R ur UR dr BS D,2,9,50,9,2,17,4
UL R UR ur dr BS D,2,9,50,9,2,15,4
UL UR dr R BS ur D,2,9,50,9,2,11,3
UL UR dr R ur BS D,2,9,50,9,2,13,3
UL UR dr ur R BS D,2,9,50,9,2,13,3
UL UR R BS dr ur D,2,9,50,9,2,11,3
UL UR R BS ur dr D,2,9,50,9,2,11,3
UL UR R dr BS ur D,2,9,50,9,2,11,3
UL UR R dr ur BS D,2,9,50,9,2,11,3
UL ur R UR BS dr D,2,9,50,9,2,15,3
UL UR R ur BS dr D,2,9,50,9,2,13,3
UL ur R UR dr BS D,2,9,50,9,2,13,3
UL UR R ur dr BS D,2,9,50,9,2,13,3
UL ur UR dr R BS D,2,9,50,9,2,15,4
UL UR ur dr R BS D,2,9,50,9,2,15,4
UL ur UR R BS dr D,2,9,50,9,2,15,4
UL UR ur R BS dr D,2,9,50,9,2,17,4
UL ur UR R dr BS D,2,9,50,9,2,15,4
UL UR ur R dr BS D,2,9,50,9,2,17,4
UR R UL BS dr ur D,2,9,50,9,2,11,3
UR R UL BS ur dr D,2,9,50,9,2,11,3
UR R UL dr BS ur D,2,9,50,9,2,11,3
UR R UL dr ur BS D,2,9,50,9,2,11,3
UR R UL ur BS dr D,2,9,50,9,2,13,3
UR R UL ur dr BS D,2,9,50,9,2,13,3
UR R ur UL BS dr D,2,9,50,9,2,13,3
UR R ur UL dr BS D,2,9,50,9,2,13,3
UR UL dr R BS ur D,2,9,50,9,2,11,3
UR UL dr R ur BS D,2,9,50,9,2,13,3
UR UL dr ur R BS D,2,9,50,9,2,13,3
UR UL R BS dr ur D,2,9,50,9,2,13,3
UR UL R BS ur dr D,2,9,50,9,2,13,3
UR UL R dr BS ur D,2,9,50,9,2,13,3
UR UL R dr ur BS D,2,9,50,9,2,13,3
ur UL R UR BS dr D,2,9,50,9,2,15,3
UR UL R ur BS dr D,2,9,50,9,2,15,3
ur UL R UR dr BS D,2,9,50,9,2,13,3
UR UL R ur dr BS D,2,9,50,9,2,15,3
ur UL UR dr R BS D,2,9,50,9,2,13,3
UR UL ur dr R BS D,2,9,50,9,2,13,3
ur UL UR R BS dr D,2,9,50,9,2,13,3
UR UL ur R BS dr D,2,9,50,9,2,15,3
ur UL UR R dr BS D,2,9,50,9,2,13,3
UR UL ur R dr BS D,2,9,50,9,2,15,3
ur UR R UL BS dr D,2,9,50,9,2,15,4
UR ur R UL BS dr D,2,9,50,9,2,17,4
ur UR R UL dr BS D,2,9,50,9,2,15,4
UR ur R UL dr BS D,2,9,50,9,2,17,4
ur UR UL dr R BS D,2,9,50,9,2,15,4
UR ur UL dr R BS D,2,9,50,9,2,15,4
ur UR UL R BS dr D,2,9,50,9,2,17,4
UR ur UL R BS dr D,2,9,50,9,2,17,4
ur UR UL R dr BS D,2,9,50,9,2,17,4
UR ur UL R dr BS D,2,9,50,9,2,17,4
BS D UL UR dr ur R,2,9,52,9,2,14,3
BS D UL ur UR dr R,2,9,52,9,2,16,4
BS D UL UR ur dr R,2,9,52,9,2,16,4
BS D UR UL dr ur R,2,9,52,9,2,14,3
BS D UR UL ur dr R,2,9,52,9,2,14,3
BS UL D UR dr ur R,2,9,52,9,2,14,3
BS UL D ur UR dr R,2,9,52,9,2,14,4
BS UL D UR ur dr R,2,9,52,9,2,16,4
BS UL UR D dr ur R,2,9,52,9,2,14,3
BS UL UR D ur dr R,2,9,52,9,2,12,3
BS UL UR dr D ur R,2,9,52,9,2,12,3
BS UR D UL dr ur R,2,9,52,9,2,16,3
BS UR D UL ur dr R,2,9,52,9,2,16,3
BS UR UL D dr ur R,2,9,52,9,2,16,3
BS UR UL D ur dr R,2,9,52,9,2,14,3
BS UR UL dr D ur R,2,9,52,9,2,14,3
D BS UL UR dr ur R,2,9,52,9,2,12,3
D BS UL ur UR dr R,2,9,52,9,2,14,4
D BS UL UR ur dr R,2,9,52,9,2,14,4
D BS UR UL dr ur R,2,9,52,9,2,14,3
D BS UR UL ur dr R,2,9,52,9,2,14,3
D UL BS UR dr ur R,2,9,52,9,2,14,3
D UL BS ur UR dr R,2,9,52,9,2,14,4
D UL BS UR ur dr R,2,9,52,9,2,16,4
D UL UR BS dr ur R,2,9,52,9,2,16,3
D UL ur BS UR dr R,2,9,52,9,2,14,3
D UL UR BS ur dr R,2,9,52,9,2,14,3
D UL UR dr BS ur R,2,9,52,9,2,14,3
D UL UR dr ur BS R,2,9,52,9,2,12,3
D UL ur UR BS dr R,2,9,52,9,2,18,4
D UL UR ur BS dr R,2,9,52,9,2,16,4
D UL ur UR dr BS R,2,9,52,9,2,16,4
D UL UR ur dr BS R,2,9,52,9,2,16,4
D UR BS UL dr ur R,2,9,52,9,2,14,3
D UR BS UL ur dr R,2,9,52,9,2,14,3
D UR UL BS dr ur R,2,9,52,9,2,14,3
D ur UL BS UR dr R,2,9,52,9,2,12,3
D UR UL BS ur dr R,2,9,52,9,2,12,3
D UR UL dr BS ur R,2,9,52,9,2,14,3
D UR UL dr ur BS R,2,9,52,9,2,12,3
D ur UL UR BS dr R,2,9,52,9,2,14,3
D UR UL ur BS dr R,2,9,52,9,2,14,3
D ur UL UR dr BS R,2,9,52,9,2,12,3
D UR UL ur dr BS R,2,9,52,9,2,14,3
D ur UR UL BS dr R,2,9,52,9,2,14,4
D UR ur UL BS dr R,2,9,52,9,2,16,4
D ur UR UL dr BS R,2,9,52,9,2,14,4
D UR ur UL dr BS R,2,9,52,9,2,16,4
UL BS D UR dr ur R,2,9,52,9,2,13,3
UL BS D ur UR dr R,2,9,52,9,2,13,4
UL BS D UR ur dr R,2,9,52,9,2,15,4
UL BS UR D dr ur R,2,9,52,9,2,15,3
UL BS UR D ur dr R,2,9,52,9,2,13,3
UL BS UR dr D ur R,2,9,52,9,2,13,3
UL D BS UR dr ur R,2,9,52,9,2,15,3
UL D BS ur UR dr R,2,9,52,9,2,15,4
UL D BS UR ur dr R,2,9,52,9,2,17,4
UL D UR BS dr ur R,2,9,52,9,2,17,3
UL D ur BS UR dr R,2,9,52,9,2,13,3
UL D UR BS ur dr R,2,9,52,9,2,15,3
UL D UR dr BS ur R,2,9,52,9,2,15,3
UL D UR dr ur BS R,2,9,52,9,2,13,3
UL D ur UR BS dr R,2,9,52,9,2,17,4
UL D UR ur BS dr R,2,9,52,9,2,17,4
UL D ur UR dr BS R,2,9,52,9,2,15,4
UL D UR ur dr BS R,2,9,52,9,2,17,4
UL UR BS D dr ur R,2,9,52,9,2,15,3
UL UR BS D ur dr R,2,9,52,9,2,13,3
UL UR BS dr D ur R,2,9,52,9,2,15,3
UL UR D BS dr ur R,2,9,52,9,2,15,3
UL ur D BS UR dr R,2,9,52,9,2,13,3
UL UR D BS ur dr R,2,9,52,9,2,13,3
UL UR D dr BS ur R,2,9,52,9,2,15,3
UL UR D dr ur BS R,2,9,52,9,2,13,3
UL ur D UR BS dr R,2,9,52,9,2,15,3
UL UR D ur BS dr R,2,9,52,9,2,13,3
UL ur D UR dr BS R,2,9,52,9,2,13,3
UL UR D ur dr BS R,2,9,52,9,2,13,3
UL UR dr BS D ur R,2,9,52,9,2,13,3
UL UR dr D BS ur R,2,9,52,9,2,13,3
UL UR dr D ur BS R,2,9,52,9,2,11,3
UL UR dr ur D BS R,2,9,52,9,2,11,2
UL ur UR D BS dr R,2,9,52,9,2,17,4
UL UR ur D BS dr R,2,9,52,9,2,15,4
UL ur UR D dr BS R,2,9,52,9,2,17,4
UL UR ur D dr BS R,2,9,52,9,2,15,4
UL ur UR dr D BS R,2,9,52,9,2,15,4
UL UR ur dr D BS R,2,9,52,9,2,15,4
UR BS D UL dr ur R,2,9,52,9,2,15,3
UR BS D UL ur dr R,2,9,52,9,2,15,3
UR BS UL D dr ur R,2,9,52,9,2,15,3
UR BS UL D ur dr R,2,9,52,9,2,13,3
UR BS UL dr D ur R,2,9,52,9,2,13,3
UR D BS UL dr ur R,2,9,52,9,2,13,3
UR D BS UL ur dr R,2,9,52,9,2,13,3
UR D UL BS dr ur R,2,9,52,9,2,15,3
ur D UL BS UR dr R,2,9,52,9,2,13,3
UR D UL BS ur dr R,2,9,52,9,2,13,3
UR D UL dr BS ur R,2,9,52,9,2,15,3
UR D UL dr ur BS R,2,9,52,9,2,13,3
ur D UL UR BS dr R,2,9,52,9,2,15,3
UR D UL ur BS dr R,2,9,52,9,2,15,3
ur D UL UR dr BS R,2,9,52,9,2,13,3
UR D UL ur dr BS R,2,9,52,9,2,15,3
ur D UR UL BS dr R,2,9,52,9,2,13,3
UR D ur UL BS dr R,2,9,52,9,2,13,3
ur D UR UL dr BS R,2,9,52,9,2,13,3
UR D ur UL dr BS R,2,9,52,9,2,13,3
UR UL BS D dr ur R,2,9,52,9,2,13,3
UR UL BS D ur dr R,2,9,52,9,2,11,3
UR UL BS dr D ur R,2,9,52,9,2,13,3
UR UL D BS dr ur R,2,9,52,9,2,15,3
ur UL D BS UR dr R,2,9,52,9,2,15,3
UR UL D BS ur dr R,2,9,52,9,2,13,3
UR UL D dr BS ur R,2,9,52,9,2,15,3
UR UL D dr ur BS R,2,9,52,9,2,13,3
ur UL D UR BS dr R,2,9,52,9,2,17,3
UR UL D ur BS dr R,2,9,52,9,2,13,3
ur UL D UR dr BS R,2,9,52,9,2,15,3
UR UL D ur dr BS R,2,9,52,9,2,13,3
UR UL dr BS D ur R,2,9,52,9,2,13,3
UR UL dr D BS ur R,2,9,52,9,2,13,3
UR UL dr D ur BS R,2,9,52,9,2,11,3
UR UL dr ur D BS R,2,9,52,9,2,11,2
ur UL UR D BS dr R,2,9,52,9,2,15,3
UR UL ur D BS dr R,2,9,52,9,2,13,3
ur UL UR D dr BS R,2,9,52,9,2,15,3
UR UL ur D dr BS R,2,9,52,9,2,13,3
ur UL UR dr D BS R,2,9,52,9,2,13,3
UR UL ur dr D BS R,2,9,52,9,2,13,3
ur UR D UL BS dr R,2,9,52,9,2,17,4
UR ur D UL BS dr R,2,9,52,9,2,15,4
ur UR D UL dr BS R,2,9,52,9,2,17,4
UR ur D UL dr BS R,2,9,52,9,2,15,4
ur UR UL D BS dr R,2,9,52,9,2,17,4
UR ur UL D BS dr R,2,9,52,9,2,17,4
ur UR UL D dr BS R,2,9,52,9,2,17,4
UR ur UL D dr BS R,2,9,52,9,2,17,4
ur UR UL dr D BS R,2,9,52,9,2,15,4
UR ur UL dr D BS R,2,9,52,9,2,15,4
R UL UR BS dr ur D,2,9,54,10,2,14,3
R UL UR BS ur dr D,2,9,54,10,2,14,3
R UL UR dr BS ur D,2,9,54,10,2,12,3
R UL UR dr ur BS D,2,9,54,10,2,12,3
R UL ur UR BS dr D,2,9,54,10,2,18,4
R UL UR ur BS dr D,2,9,54,10,2,16,4
R UL ur UR dr BS D,2,9,54,10,2,16,4
R UL UR ur dr BS D,2,9,54,10,2,16,4
R UR UL BS dr ur D,2,9,54,10,2,10,3
R UR UL BS ur dr D,2,9,54,10,2,10,3
R UR UL dr BS ur D,2,9,54,10,2,10,3
R UR UL dr ur BS D,2,9,54,10,2,10,2
R ur UL UR BS dr D,2,9,54,10,2,16,3
R UR UL ur BS dr D,2,9,54,10,2,12,3
R ur UL UR dr BS D,2,9,54,10,2,14,3
R UR UL ur dr BS D,2,9,54,10,2,12,3
R ur UR UL BS dr D,2,9,54,10,2,16,4
R UR ur UL BS dr D,2,9,54,10,2,14,4
R ur UR UL dr BS D,2,9,54,10,2,16,4
R UR ur UL dr BS D,2,9,54,10,2,14,4
ur R UL UR BS dr D,2,9,54,10,2,17,3
ur R UL UR dr BS D,2,9,54,10,2,15,3
ur R UR UL BS dr D,2,9,54,10,2,13,3
ur R UR UL dr BS D,2,9,54,10,2,13,3
