order,min_memo,max_memo,sum_memo,memorized,d_moves,pin_changes,max_pin_changes
FS U ul UR D L ur,2,10,28,5,2,13,3
FS U ul UR L D ur,2,10,28,5,2,13,3
FS U UR L ul D ur,2,10,28,5,2,11,3
FS U UR ul D L ur,2,10,28,5,2,9,2
FS U UR ul L D ur,2,10,28,5,2,11,3
FS ul U UR D L ur,2,10,28,5,2,11,3
FS ul U UR L D ur,2,10,28,5,2,11,3
U FS ul UR D L ur,2,10,28,5,2,11,3
U FS ul UR L D ur,2,10,28,5,2,11,3
U FS UR L ul D ur,2,10,28,5,2,11,3
U FS UR ul D L ur,2,10,28,5,2,9,2
U FS UR ul L D ur,2,10,28,5,2,11,3
U ul FS UR D L ur,2,10,28,5,2,11,3
U ul FS UR L D ur,2,10,28,5,2,11,3
U ul UR FS D L ur,2,10,28,5,2,11,3
U ul UR FS L D ur,2,10,28,5,2,11,3
U UR FS L ul D ur,2,10,28,5,2,9,3
U UR FS ul D L ur,2,10,28,5,2,7,2
U UR FS ul L D ur,2,10,28,5,2,9,3
U UR ul FS D L ur,2,10,28,5,2,9,2
U UR ul FS L D ur,2,10,28,5,2,9,2
ul FS U UR D L ur,2,10,28,5,2,10,3
ul FS U UR L D ur,2,10,28,5,2,10,3
ul U FS UR D L ur,2,10,28,5,2,12,3
ul U FS UR L D ur,2,10,28,5,2,12,3
ul U UR FS D L ur,2,10,28,5,2,10,3
ul U UR FS L D ur,2,10,28,5,2,10,3
FS ul UR D U L ur,2,10,30,5,2,13,4
FS ul UR U D L ur,2,10,30,5,2,11,4
FS ul UR U L D ur,2,10,30,5,2,9,2
FS UR U L ul D ur,2,10,30,5,2,9,3
FS UR U ul D L ur,2,10,30,5,2,9,3
FS UR U ul L D ur,2,10,30,5,2,11,3
FS UR ul D U L ur,2,10,30,5,2,11,4
FS UR ul U D L ur,2,10,30,5,2,13,4
FS UR ul U L D ur,2,10,30,5,2,11,3
ul FS UR D U L ur,2,10,30,5,2,12,4
ul FS UR U D L ur,2,10,30,5,2,10,4
ul FS UR U L D ur,2,10,30,5,2,8,2
ul UR FS D U L ur,2,10,30,5,2,12,4
ul UR FS U D L ur,2,10,30,5,2,12,4
ul UR FS U L D ur,2,10,30,5,2,10,2
ul UR U FS D L ur,2,10,30,5,2,10,2
ul UR U FS L D ur,2,10,30,5,2,10,2
UR FS U L ul D ur,2,10,30,5,2,10,3
UR FS U ul D L ur,2,10,30,5,2,10,3
UR FS U ul L D ur,2,10,30,5,2,12,3
UR FS ul D U L ur,2,10,30,5,2,10,4
UR FS ul U D L ur,2,10,30,5,2,12,4
UR FS ul U L D ur,2,10,30,5,2,10,3
UR U FS L ul D ur,2,10,30,5,2,10,3
UR U FS ul D L ur,2,10,30,5,2,8,2
UR U FS ul L D ur,2,10,30,5,2,10,3
UR U ul FS D L ur,2,10,30,5,2,10,3
UR U ul FS L D ur,2,10,30,5,2,10,3
UR ul FS D U L ur,2,10,30,5,2,12,4
UR ul FS U D L ur,2,10,30,5,2,12,4
UR ul FS U L D ur,2,10,30,5,2,10,2
UR ul U FS D L ur,2,10,30,5,2,12,3
UR ul U FS L D ur,2,10,30,5,2,12,3
FS U UR L ur D ul,2,9,32,5,2,9,3
FS U ur UR L D ul,2,9,32,5,2,15,4
FS U UR ur L D ul,2,9,32,5,2,11,4
FS ur U UR L D ul,2,9,32,5,2,13,3
U FS UR L ur D ul,2,9,32,5,2,9,3
U FS ur UR L D ul,2,9,32,5,2,15,4
U FS UR ur L D ul,2,9,32,5,2,11,4
U UR FS L ur D ul,2,9,32,5,2,7,2
U ur FS UR L D ul,2,9,32,5,2,13,3
U UR FS ur L D ul,2,9,32,5,2,9,3
U ur UR FS L D ul,2,9,32,5,2,13,4
U UR ur FS L D ul,2,9,32,5,2,13,4
ur FS U UR L D ul,2,9,32,5,2,12,3
ur U FS UR L D ul,2,9,32,5,2,12,3
ur U UR FS L D ul,2,9,32,5,2,10,3
D FS ul UR U L ur,2,10,32,5,2,9,2
D ul FS UR U L ur,2,10,32,5,2,7,2
FS D ul UR U L ur,2,10,32,5,2,9,2
FS ul D UR U L ur,2,10,32,5,2,9,3
ul D FS UR U L ur,2,10,32,5,2,8,2
ul FS D UR U L ur,2,10,32,5,2,10,3
FS UR U L ur D ul,4,9,34,5,2,7,2
FS UR U ur L D ul,4,9,34,5,2,9,3
FS ur UR U L D ul,4,9,34,5,2,13,4
FS UR ur U L D ul,4,9,34,5,2,13,4
UR FS U L ur D ul,4,9,34,5,2,8,2
UR FS U ur L D ul,4,9,34,5,2,10,3
ur FS UR U L D ul,4,9,34,5,2,10,3
UR FS ur U L D ul,4,9,34,5,2,12,3
UR U FS L ur D ul,4,9,34,5,2,8,2
UR U FS ur L D ul,4,9,34,5,2,10,3
UR U ur FS L D ul,4,9,34,5,2,12,3
ur UR FS U L D ul,4,9,34,5,2,12,4
UR ur FS U L D ul,4,9,34,5,2,14,4
ur UR U FS L D ul,4,9,34,5,2,12,4
UR ur U FS L D ul,4,9,34,5,2,14,4
D FS U ul UR L ur,2,10,34,6,2,13,3
D FS U UR L ul ur,2,10,34,6,2,13,3
D FS U UR ul L ur,2,10,34,6,2,11,3
D FS ul U UR L ur,2,10,34,6,2,11,3
D U FS ul UR L ur,2,10,34,6,2,13,4
D U FS UR L ul ur,2,10,34,6,2,15,4
D U FS UR ul L ur,2,10,34,6,2,13,4
D U ul FS UR L ur,2,10,34,6,2,13,4
D U ul UR FS L ur,2,10,34,6,2,13,4
D U UR FS L ul ur,2,10,34,6,2,13,4
D U UR FS ul L ur,2,10,34,6,2,11,4
D U UR ul FS L ur,2,10,34,6,2,11,4
D ul FS U UR L ur,2,10,34,6,2,9,3
D ul U FS UR L ur,2,10,34,6,2,11,3
D ul U UR FS L ur,2,10,34,6,2,9,3
FS D U ul UR L ur,2,10,34,6,2,15,4
FS D U UR L ul ur,2,10,34,6,2,15,4
FS D U UR ul L ur,2,10,34,6,2,13,4
FS D ul U UR L ur,2,10,34,6,2,11,3
FS U D ul UR L ur,2,10,34,6,2,13,4
FS U D UR L ul ur,2,10,34,6,2,17,4
FS U D UR ul L ur,2,10,34,6,2,15,4
FS U ul D UR L ur,2,10,34,6,2,13,3
FS U UR D L ul ur,2,10,34,6,2,13,3
FS U UR D ul L ur,2,10,34,6,2,11,3
FS U UR L D ul ur,2,10,34,6,2,11,3
FS ul D U UR L ur,2,10,34,6,2,11,4
FS ul U D UR L ur,2,10,34,6,2,15,4
U D FS ul UR L ur,2,10,34,6,2,13,4
U D FS UR L ul ur,2,10,34,6,2,15,4
U D FS UR ul L ur,2,10,34,6,2,13,4
U D ul FS UR L ur,2,10,34,6,2,11,4
U D ul UR FS L ur,2,10,34,6,2,11,4
U D UR FS L ul ur,2,10,34,6,2,15,4
U D UR FS ul L ur,2,10,34,6,2,13,4
U D UR ul FS L ur,2,10,34,6,2,13,4
U FS D ul UR L ur,2,10,34,6,2,11,3
U FS D UR L ul ur,2,10,34,6,2,15,3
U FS D UR ul L ur,2,10,34,6,2,13,3
U FS ul D UR L ur,2,10,34,6,2,11,3
U FS UR D L ul ur,2,10,34,6,2,13,3
U FS UR D ul L ur,2,10,34,6,2,11,3
U FS UR L D ul ur,2,10,34,6,2,11,3
U ul D FS UR L ur,2,10,34,6,2,11,3
U ul D UR FS L ur,2,10,34,6,2,11,3
U ul FS D UR L ur,2,10,34,6,2,13,3
U ul UR D FS L ur,2,10,34,6,2,13,3
U UR D FS L ul ur,2,10,34,6,2,13,3
U UR D FS ul L ur,2,10,34,6,2,11,3
U UR D ul FS L ur,2,10,34,6,2,9,3
U UR FS D L ul ur,2,10,34,6,2,11,3
U UR FS D ul L ur,2,10,34,6,2,9,3
U UR FS L D ul ur,2,10,34,6,2,9,2
U UR ul D FS L ur,2,10,34,6,2,9,2
ul D FS U UR L ur,2,10,34,6,2,10,3
ul D U FS UR L ur,2,10,34,6,2,12,4
ul D U UR FS L ur,2,10,34,6,2,10,4
ul FS D U UR L ur,2,10,34,6,2,12,4
ul FS U D UR L ur,2,10,34,6,2,14,4
ul U D FS UR L ur,2,10,34,6,2,14,4
ul U D UR FS L ur,2,10,34,6,2,14,4
ul U FS D UR L ur,2,10,34,6,2,14,3
ul U UR D FS L ur,2,10,34,6,2,12,3
D FS UR U L ul ur,2,10,36,6,2,11,3
D FS UR U ul L ur,2,10,36,6,2,11,3
D FS UR ul U L ur,2,10,36,6,2,11,3
D U ul ur L UR FS,2,10,36,6,2,14,4
D U ul ur UR L FS,2,10,36,6,2,18,4
D U ul UR ur L FS,2,10,36,6,2,16,4
D U ur L ul UR FS,2,10,36,6,2,14,4
D U ur L UR ul FS,2,10,36,6,2,14,4
D U ur ul L UR FS,2,10,36,6,2,16,4
D U ur ul UR L FS,2,10,36,6,2,16,4
D U UR ul ur L FS,2,10,36,6,2,12,4
D U ur UR L ul FS,2,10,36,6,2,18,4
D U UR ur L ul FS,2,10,36,6,2,14,4
D U ur UR ul L FS,2,10,36,6,2,18,4
D U UR ur ul L FS,2,10,36,6,2,16,4
D ul U ur L UR FS,2,10,36,6,2,12,3
D ul U ur UR L FS,2,10,36,6,2,16,4
D ul U UR ur L FS,2,10,36,6,2,12,4
D ul UR FS U L ur,2,10,36,6,2,9,2
D ul ur L U UR FS,2,10,36,6,2,8,2
D ul UR U FS L ur,2,10,36,6,2,9,2
D ul ur U L UR FS,2,10,36,6,2,12,3
D ul ur U UR L FS,2,10,36,6,2,12,3
D UR FS U L ul ur,2,10,36,6,2,13,3
D UR FS U ul L ur,2,10,36,6,2,13,3
D UR FS ul U L ur,2,10,36,6,2,11,3
D ur L U ul UR FS,2,10,36,6,2,10,3
D ur L U UR ul FS,2,10,36,6,2,8,2
D ur L ul U UR FS,2,10,36,6,2,10,3
D UR U FS L ul ur,2,10,36,6,2,13,3
D UR U FS ul L ur,2,10,36,6,2,11,3
D ur U L ul UR FS,2,10,36,6,2,12,3
D ur U L UR ul FS,2,10,36,6,2,12,3
D UR U ul FS L ur,2,10,36,6,2,11,3
D ur U ul L UR FS,2,10,36,6,2,14,3
D ur U ul UR L FS,2,10,36,6,2,14,3
D ur U UR L ul FS,2,10,36,6,2,12,3
D ur U UR ul L FS,2,10,36,6,2,12,3
D UR ul FS U L ur,2,10,36,6,2,11,3
D ur ul L U UR FS,2,10,36,6,2,10,3
D UR ul U FS L ur,2,10,36,6,2,13,3
D ur ul U L UR FS,2,10,36,6,2,12,3
D ur ul U UR L FS,2,10,36,6,2,12,3
FS D UR U L ul ur,2,10,36,6,2,13,3
FS D UR U ul L ur,2,10,36,6,2,13,3
FS D UR ul U L ur,2,10,36,6,2,13,3
FS UR D U L ul ur,2,10,36,6,2,15,4
FS UR D U ul L ur,2,10,36,6,2,15,4
FS UR D ul U L ur,2,10,36,6,2,11,3
FS UR U D L ul ur,2,10,36,6,2,13,4
FS UR U D ul L ur,2,10,36,6,2,11,4
FS UR U L D ul ur,2,10,36,6,2,9,2
U D ul ur L UR FS,2,10,36,6,2,12,4
U D ul ur UR L FS,2,10,36,6,2,16,4
U D ul UR ur L FS,2,10,36,6,2,14,4
U D ur L ul UR FS,2,10,36,6,2,12,4
U D ur L UR ul FS,2,10,36,6,2,12,4
U D ur ul L UR FS,2,10,36,6,2,14,4
U D ur ul UR L FS,2,10,36,6,2,14,4
U D UR ul ur L FS,2,10,36,6,2,14,4
U D ur UR L ul FS,2,10,36,6,2,16,4
U D UR ur L ul FS,2,10,36,6,2,16,4
U D ur UR ul L FS,2,10,36,6,2,16,4
U D UR ur ul L FS,2,10,36,6,2,18,4
U ul D ur L UR FS,2,10,36,6,2,10,3
U ul D ur UR L FS,2,10,36,6,2,14,4
U ul D UR ur L FS,2,10,36,6,2,14,4
U ul ur D L UR FS,2,10,36,6,2,12,3
U ul ur D UR L FS,2,10,36,6,2,14,3
U ul UR D ur L FS,2,10,36,6,2,12,3
U ul ur UR D L FS,2,10,36,6,2,16,4
U ul UR ur D L FS,2,10,36,6,2,14,4
U ur D L ul UR FS,2,10,36,6,2,12,3
U ur D L UR ul FS,2,10,36,6,2,12,3
U ur D ul L UR FS,2,10,36,6,2,12,3
U ur D ul UR L FS,2,10,36,6,2,12,3
U UR D ul ur L FS,2,10,36,6,2,10,3
U ur D UR L ul FS,2,10,36,6,2,14,3
U UR D ur L ul FS,2,10,36,6,2,10,3
U ur D UR ul L FS,2,10,36,6,2,14,3
U UR D ur ul L FS,2,10,36,6,2,12,3
U ur ul D L UR FS,2,10,36,6,2,12,3
U ur ul D UR L FS,2,10,36,6,2,14,3
U UR ul D ur L FS,2,10,36,6,2,8,2
U ur ul UR D L FS,2,10,36,6,2,14,3
U UR ul ur D L FS,2,10,36,6,2,10,2
U ur UR D L ul FS,2,10,36,6,2,16,4
U UR ur D L ul FS,2,10,36,6,2,12,4
U ur UR D ul L FS,2,10,36,6,2,16,4
U UR ur D ul L FS,2,10,36,6,2,12,4
U ur UR ul D L FS,2,10,36,6,2,14,4
U UR ur ul D L FS,2,10,36,6,2,12,4
ul D U ur L UR FS,2,10,36,6,2,13,4
ul D U ur UR L FS,2,10,36,6,2,17,4
ul D U UR ur L FS,2,10,36,6,2,13,4
ul D UR FS U L ur,2,10,36,6,2,10,3
ul D ur L U UR FS,2,10,36,6,2,7,2
ul D UR U FS L ur,2,10,36,6,2,10,3
ul D ur U L UR FS,2,10,36,6,2,11,3
ul D ur U UR L FS,2,10,36,6,2,11,3
ul U D ur L UR FS,2,10,36,6,2,13,4
ul U D ur UR L FS,2,10,36,6,2,17,4
ul U D UR ur L FS,2,10,36,6,2,17,4
ul U ur D L UR FS,2,10,36,6,2,13,3
ul U ur D UR L FS,2,10,36,6,2,15,3
ul U UR D ur L FS,2,10,36,6,2,11,3
ul U ur UR D L FS,2,10,36,6,2,17,4
ul U UR ur D L FS,2,10,36,6,2,13,4
ul UR D FS U L ur,2,10,36,6,2,12,3
ul ur D L U UR FS,2,10,36,6,2,9,2
ul UR D U FS L ur,2,10,36,6,2,14,4
ul ur D U L UR FS,2,10,36,6,2,13,4
ul ur D U UR L FS,2,10,36,6,2,13,4
ul UR U D FS L ur,2,10,36,6,2,12,4
ul ur U D L UR FS,2,10,36,6,2,15,4
ul ur U D UR L FS,2,10,36,6,2,17,4
ul ur U UR D L FS,2,10,36,6,2,13,3
UR D FS U L ul ur,2,10,36,6,2,14,3
UR D FS U ul L ur,2,10,36,6,2,14,3
UR D FS ul U L ur,2,10,36,6,2,12,3
ur D L U ul UR FS,2,10,36,6,2,11,3
ur D L U UR ul FS,2,10,36,6,2,9,2
ur D L ul U UR FS,2,10,36,6,2,11,3
UR D U FS L ul ur,2,10,36,6,2,16,4
UR D U FS ul L ur,2,10,36,6,2,14,4
ur D U L ul UR FS,2,10,36,6,2,13,4
ur D U L UR ul FS,2,10,36,6,2,13,4
UR D U ul FS L ur,2,10,36,6,2,14,4
ur D U ul L UR FS,2,10,36,6,2,15,4
ur D U ul UR L FS,2,10,36,6,2,15,4
ur D U UR L ul FS,2,10,36,6,2,13,4
ur D U UR ul L FS,2,10,36,6,2,13,4
UR D ul FS U L ur,2,10,36,6,2,10,3
ur D ul L U UR FS,2,10,36,6,2,9,3
UR D ul U FS L ur,2,10,36,6,2,12,3
ur D ul U L UR FS,2,10,36,6,2,11,3
ur D ul U UR L FS,2,10,36,6,2,11,3
UR FS D U L ul ur,2,10,36,6,2,14,4
UR FS D U ul L ur,2,10,36,6,2,14,4
UR FS D ul U L ur,2,10,36,6,2,10,3
UR FS U D L ul ur,2,10,36,6,2,14,4
UR FS U D ul L ur,2,10,36,6,2,12,4
UR FS U L D ul ur,2,10,36,6,2,10,2
UR U D FS L ul ur,2,10,36,6,2,14,4
UR U D FS ul L ur,2,10,36,6,2,12,4
ur U D L ul UR FS,2,10,36,6,2,15,4
ur U D L UR ul FS,2,10,36,6,2,15,4
UR U D ul FS L ur,2,10,36,6,2,10,4
ur U D ul L UR FS,2,10,36,6,2,15,4
ur U D ul UR L FS,2,10,36,6,2,15,4
ur U D UR L ul FS,2,10,36,6,2,17,4
ur U D UR ul L FS,2,10,36,6,2,17,4
UR U FS D L ul ur,2,10,36,6,2,12,3
UR U FS D ul L ur,2,10,36,6,2,10,3
UR U FS L D ul ur,2,10,36,6,2,10,2
UR U ul D FS L ur,2,10,36,6,2,10,3
ur U ul D L UR FS,2,10,36,6,2,13,3
ur U ul D UR L FS,2,10,36,6,2,15,3
ur U ul UR D L FS,2,10,36,6,2,15,3
ur U UR D L ul FS,2,10,36,6,2,13,3
ur U UR D ul L FS,2,10,36,6,2,13,3
ur U UR ul D L FS,2,10,36,6,2,11,3
UR ul D FS U L ur,2,10,36,6,2,10,2
ur ul D L U UR FS,2,10,36,6,2,9,2
UR ul D U FS L ur,2,10,36,6,2,12,4
ur ul D U L UR FS,2,10,36,6,2,13,4
ur ul D U UR L FS,2,10,36,6,2,13,4
UR ul U D FS L ur,2,10,36,6,2,14,4
ur ul U D L UR FS,2,10,36,6,2,15,4
ur ul U D UR L FS,2,10,36,6,2,17,4
ur ul U UR D L FS,2,10,36,6,2,13,3
D FS U ur L UR ul,2,9,38,6,2,13,3
D FS U UR L ur ul,2,9,38,6,2,11,3
D FS U ur UR L ul,2,9,38,6,2,17,4
D FS U UR ur L ul,2,9,38,6,2,13,4
D FS ur L U UR ul,2,9,38,6,2,11,3
D FS ur U L UR ul,2,9,38,6,2,15,3
D FS ur U UR L ul,2,9,38,6,2,15,3
D U FS ur L UR ul,2,9,38,6,2,15,4
D U FS UR L ur ul,2,9,38,6,2,13,4
D U FS ur UR L ul,2,9,38,6,2,19,4
D U FS UR ur L ul,2,9,38,6,2,15,4
D U ur FS L UR ul,2,9,38,6,2,17,4
D U UR FS L ur ul,2,9,38,6,2,11,4
D U ur FS UR L ul,2,9,38,6,2,17,4
D U UR FS ur L ul,2,9,38,6,2,13,4
D U ur L FS UR ul,2,9,38,6,2,13,4
D U ur L UR FS ul,2,9,38,6,2,13,4
D U ur UR FS L ul,2,9,38,6,2,17,4
D U UR ur FS L ul,2,9,38,6,2,17,4
D U ur UR L FS ul,2,9,38,6,2,17,4
D U UR ur L FS ul,2,9,38,6,2,13,4
D ur FS L U UR ul,2,9,38,6,2,11,3
D ur FS U L UR ul,2,9,38,6,2,13,3
D ur FS U UR L ul,2,9,38,6,2,13,3
D ur L FS U UR ul,2,9,38,6,2,9,2
D ur L U FS UR ul,2,9,38,6,2,9,2
D ur L U UR FS ul,2,9,38,6,2,7,2
D ur U FS L UR ul,2,9,38,6,2,13,3
D ur U FS UR L ul,2,9,38,6,2,13,3
D ur U L FS UR ul,2,9,38,6,2,11,3
D ur U L UR FS ul,2,9,38,6,2,11,3
D ur U UR FS L ul,2,9,38,6,2,11,3
D ur U UR L FS ul,2,9,38,6,2,11,3
FS D U ur L UR ul,2,9,38,6,2,15,4
FS D U UR L ur ul,2,9,38,6,2,13,4
FS D U ur UR L ul,2,9,38,6,2,19,4
FS D U UR ur L ul,2,9,38,6,2,15,4
FS D ur L U UR ul,2,9,38,6,2,9,2
FS D ur U L UR ul,2,9,38,6,2,13,3
FS D ur U UR L ul,2,9,38,6,2,13,3
FS U D ur L UR ul,2,9,38,6,2,13,4
FS U D UR L ur ul,2,9,38,6,2,15,4
FS U D ur UR L ul,2,9,38,6,2,17,4
FS U D UR ur L ul,2,9,38,6,2,17,4
FS U ur D L UR ul,2,9,38,6,2,13,3
FS U UR D L ur ul,2,9,38,6,2,11,3
FS U ur D UR L ul,2,9,38,6,2,15,3
FS U UR D ur L ul,2,9,38,6,2,11,3
FS U UR L D ur ul,2,9,38,6,2,11,3
FS U ur UR D L ul,2,9,38,6,2,17,4
FS U UR ur D L ul,2,9,38,6,2,13,4
FS ur D L U UR ul,2,9,38,6,2,11,3
FS ur D U L UR ul,2,9,38,6,2,15,4
FS ur D U UR L ul,2,9,38,6,2,15,4
FS ur U D L UR ul,2,9,38,6,2,17,4
FS ur U D UR L ul,2,9,38,6,2,19,4
FS ur U UR D L ul,2,9,38,6,2,15,3
U D FS ur L UR ul,2,9,38,6,2,15,4
U D FS UR L ur ul,2,9,38,6,2,13,4
U D FS ur UR L ul,2,9,38,6,2,19,4
U D FS UR ur L ul,2,9,38,6,2,15,4
U D ur FS L UR ul,2,9,38,6,2,15,4
U D UR FS L ur ul,2,9,38,6,2,13,4
U D ur FS UR L ul,2,9,38,6,2,15,4
U D UR FS ur L ul,2,9,38,6,2,15,4
U D ur L FS UR ul,2,9,38,6,2,11,4
U D ur L UR FS ul,2,9,38,6,2,11,4
U D ur UR FS L ul,2,9,38,6,2,15,4
U D UR ur FS L ul,2,9,38,6,2,19,4
U D ur UR L FS ul,2,9,38,6,2,15,4
U D UR ur L FS ul,2,9,38,6,2,15,4
U FS D ur L UR ul,2,9,38,6,2,11,3
U FS D UR L ur ul,2,9,38,6,2,13,3
U FS D ur UR L ul,2,9,38,6,2,15,4
U FS D UR ur L ul,2,9,38,6,2,15,4
U FS ur D L UR ul,2,9,38,6,2,13,3
U FS UR D L ur ul,2,9,38,6,2,11,3
U FS ur D UR L ul,2,9,38,6,2,15,3
U FS UR D ur L ul,2,9,38,6,2,11,3
U FS UR L D ur ul,2,9,38,6,2,11,3
U FS ur UR D L ul,2,9,38,6,2,17,4
U FS UR ur D L ul,2,9,38,6,2,13,4
U ur D FS L UR ul,2,9,38,6,2,13,3
U UR D FS L ur ul,2,9,38,6,2,11,3
U ur D FS UR L ul,2,9,38,6,2,13,3
U UR D FS ur L ul,2,9,38,6,2,13,3
U ur D L FS UR ul,2,9,38,6,2,11,3
U ur D L UR FS ul,2,9,38,6,2,11,3
U ur D UR FS L ul,2,9,38,6,2,13,3
U UR D ur FS L ul,2,9,38,6,2,13,3
U ur D UR L FS ul,2,9,38,6,2,13,3
U UR D ur L FS ul,2,9,38,6,2,9,3
U ur FS D L UR ul,2,9,38,6,2,15,3
U UR FS D L ur ul,2,9,38,6,2,9,2
U ur FS D UR L ul,2,9,38,6,2,17,3
U UR FS D ur L ul,2,9,38,6,2,9,3
U UR FS L D ur ul,2,9,38,6,2,9,2
U ur FS UR D L ul,2,9,38,6,2,15,3
U UR FS ur D L ul,2,9,38,6,2,11,3
U ur UR D FS L ul,2,9,38,6,2,17,4
U UR ur D FS L ul,2,9,38,6,2,13,4
U ur UR D L FS ul,2,9,38,6,2,15,4
U UR ur D L FS ul,2,9,38,6,2,11,4
U ur UR FS D L ul,2,9,38,6,2,15,4
U UR ur FS D L ul,2,9,38,6,2,15,4
ur D FS L U UR ul,2,9,38,6,2,10,2
ur D FS U L UR ul,2,9,38,6,2,12,3
ur D FS U UR L ul,2,9,38,6,2,12,3
ur D L FS U UR ul,2,9,38,6,2,10,2
ur D L U FS UR ul,2,9,38,6,2,10,2
ur D L U UR FS ul,2,9,38,6,2,8,2
ur D U FS L UR ul,2,9,38,6,2,14,4
ur D U FS UR L ul,2,9,38,6,2,14,4
ur D U L FS UR ul,2,9,38,6,2,12,4
ur D U L UR FS ul,2,9,38,6,2,12,4
ur D U UR FS L ul,2,9,38,6,2,12,4
ur D U UR L FS ul,2,9,38,6,2,12,4
ur FS D L U UR ul,2,9,38,6,2,12,3
ur FS D U L UR ul,2,9,38,6,2,16,4
ur FS D U UR L ul,2,9,38,6,2,16,4
ur FS U D L UR ul,2,9,38,6,2,16,4
ur FS U D UR L ul,2,9,38,6,2,18,4
ur FS U UR D L ul,2,9,38,6,2,14,3
ur U D FS L UR ul,2,9,38,6,2,16,4
ur U D FS UR L ul,2,9,38,6,2,16,4
ur U D L FS UR ul,2,9,38,6,2,14,4
ur U D L UR FS ul,2,9,38,6,2,14,4
ur U D UR FS L ul,2,9,38,6,2,16,4
ur U D UR L FS ul,2,9,38,6,2,16,4
ur U FS D L UR ul,2,9,38,6,2,14,3
ur U FS D UR L ul,2,9,38,6,2,16,3
ur U FS UR D L ul,2,9,38,6,2,14,3
ur U UR D FS L ul,2,9,38,6,2,14,3
ur U UR D L FS ul,2,9,38,6,2,12,3
ur U UR FS D L ul,2,9,38,6,2,12,3
D ul ur L UR U FS,2,10,38,6,2,10,3
D ul UR U ur L FS,2,10,38,6,2,10,3
D ul ur UR L U FS,2,10,38,6,2,14,4
D ul UR ur L U FS,2,10,38,6,2,12,4
D ul ur UR U L FS,2,10,38,6,2,12,4
D ul UR ur U L FS,2,10,38,6,2,14,4
D ur L ul UR U FS,2,10,38,6,2,10,3
D ur L UR U ul FS,2,10,38,6,2,10,3
D ur L UR ul U FS,2,10,38,6,2,12,3
D UR U ul ur L FS,2,10,38,6,2,12,3
D UR U ur L ul FS,2,10,38,6,2,12,3
D UR U ur ul L FS,2,10,38,6,2,14,3
D ur ul L UR U FS,2,10,38,6,2,12,3
D UR ul U ur L FS,2,10,38,6,2,14,3
D ur ul UR L U FS,2,10,38,6,2,12,3
D UR ul ur L U FS,2,10,38,6,2,12,3
D ur ul UR U L FS,2,10,38,6,2,10,2
D UR ul ur U L FS,2,10,38,6,2,14,3
D ur UR L U ul FS,2,10,38,6,2,14,4
D UR ur L U ul FS,2,10,38,6,2,14,4
D ur UR L ul U FS,2,10,38,6,2,16,4
D UR ur L ul U FS,2,10,38,6,2,16,4
D ur UR U L ul FS,2,10,38,6,2,12,4
D UR ur U L ul FS,2,10,38,6,2,16,4
D ur UR U ul L FS,2,10,38,6,2,14,4
D UR ur U ul L FS,2,10,38,6,2,18,4
D ur UR ul L U FS,2,10,38,6,2,14,4
D UR ur ul L U FS,2,10,38,6,2,16,4
D ur UR ul U L FS,2,10,38,6,2,14,4
D UR ur ul U L FS,2,10,38,6,2,16,4
FS L U ul UR D ur,2,10,38,6,2,13,3
FS L U UR ul D ur,2,10,38,6,2,9,2
FS L ul U UR D ur,2,10,38,6,2,13,3
FS U L ul UR D ur,2,10,38,6,2,13,3
FS U L UR ul D ur,2,10,38,6,2,11,3
FS U ul L UR D ur,2,10,38,6,2,15,3
FS ul L U UR D ur,2,10,38,6,2,11,3
FS ul U L UR D ur,2,10,38,6,2,13,3
L FS U ul UR D ur,2,10,38,6,2,13,3
L FS U UR ul D ur,2,10,38,6,2,9,2
L FS ul U UR D ur,2,10,38,6,2,11,3
L U FS ul UR D ur,2,10,38,6,2,11,3
L U FS UR ul D ur,2,10,38,6,2,9,2
L U ul FS UR D ur,2,10,38,6,2,11,3
L U ul UR FS D ur,2,10,38,6,2,11,3
L U UR FS ul D ur,2,10,38,6,2,7,2
L U UR ul FS D ur,2,10,38,6,2,9,2
L ul FS U UR D ur,2,10,38,6,2,11,3
L ul U FS UR D ur,2,10,38,6,2,13,3
L ul U UR FS D ur,2,10,38,6,2,11,3
U FS L ul UR D ur,2,10,38,6,2,13,3
U FS L UR ul D ur,2,10,38,6,2,11,3
U FS ul L UR D ur,2,10,38,6,2,13,3
U L FS ul UR D ur,2,10,38,6,2,11,3
U L FS UR ul D ur,2,10,38,6,2,9,2
U L ul FS UR D ur,2,10,38,6,2,11,3
U L ul UR FS D ur,2,10,38,6,2,11,3
U L UR FS ul D ur,2,10,38,6,2,9,3
U L UR ul FS D ur,2,10,38,6,2,11,3
U ul FS L UR D ur,2,10,38,6,2,13,3
U ul L FS UR D ur,2,10,38,6,2,13,3
U ul L UR FS D ur,2,10,38,6,2,13,3
U ul UR L FS D ur,2,10,38,6,2,13,3
U UR L FS ul D ur,2,10,38,6,2,9,3
U UR L ul FS D ur,2,10,38,6,2,11,3
U UR ul L FS D ur,2,10,38,6,2,11,3
ul D ur L UR U FS,2,10,38,6,2,9,3
ul D UR U ur L FS,2,10,38,6,2,11,3
ul D ur UR L U FS,2,10,38,6,2,13,4
ul D UR ur L U FS,2,10,38,6,2,13,4
ul D ur UR U L FS,2,10,38,6,2,11,4
ul D UR ur U L FS,2,10,38,6,2,15,4
ul FS L U UR D ur,2,10,38,6,2,10,3
ul FS U L UR D ur,2,10,38,6,2,12,3
ul L FS U UR D ur,2,10,38,6,2,12,3
ul L U FS UR D ur,2,10,38,6,2,12,3
ul L U UR FS D ur,2,10,38,6,2,10,3
ul U FS L UR D ur,2,10,38,6,2,14,3
ul U L FS UR D ur,2,10,38,6,2,12,3
ul U L UR FS D ur,2,10,38,6,2,12,3
ul U UR L FS D ur,2,10,38,6,2,12,3
ul ur D L UR U FS,2,10,38,6,2,11,3
ul UR D U ur L FS,2,10,38,6,2,15,4
ul ur D UR L U FS,2,10,38,6,2,13,3
ul UR D ur L U FS,2,10,38,6,2,11,3
ul ur D UR U L FS,2,10,38,6,2,11,3
ul UR D ur U L FS,2,10,38,6,2,13,3
ul UR U D ur L FS,2,10,38,6,2,11,4
ul UR U ur D L FS,2,10,38,6,2,11,3
ul ur UR D L U FS,2,10,38,6,2,15,4
ul UR ur D L U FS,2,10,38,6,2,13,4
ul ur UR D U L FS,2,10,38,6,2,17,4
ul UR ur D U L FS,2,10,38,6,2,15,4
ul ur UR U D L FS,2,10,38,6,2,15,4
ul UR ur U D L FS,2,10,38,6,2,17,4
ur D L ul UR U FS,2,10,38,6,2,11,3
ur D L UR U ul FS,2,10,38,6,2,11,3
ur D L UR ul U FS,2,10,38,6,2,13,3
UR D U ul ur L FS,2,10,38,6,2,15,4
UR D U ur L ul FS,2,10,38,6,2,15,4
UR D U ur ul L FS,2,10,38,6,2,17,4
ur D ul L UR U FS,2,10,38,6,2,11,3
UR D ul U ur L FS,2,10,38,6,2,13,3
ur D ul UR L U FS,2,10,38,6,2,11,3
UR D ul ur L U FS,2,10,38,6,2,11,3
ur D ul UR U L FS,2,10,38,6,2,9,2
UR D ul ur U L FS,2,10,38,6,2,13,3
ur D UR L U ul FS,2,10,38,6,2,13,3
UR D ur L U ul FS,2,10,38,6,2,11,3
ur D UR L ul U FS,2,10,38,6,2,15,3
UR D ur L ul U FS,2,10,38,6,2,13,3
ur D UR U L ul FS,2,10,38,6,2,11,3
UR D ur U L ul FS,2,10,38,6,2,13,3
ur D UR U ul L FS,2,10,38,6,2,13,3
UR D ur U ul L FS,2,10,38,6,2,15,3
ur D UR ul L U FS,2,10,38,6,2,13,3
UR D ur ul L U FS,2,10,38,6,2,13,3
ur D UR ul U L FS,2,10,38,6,2,13,3
UR D ur ul U L FS,2,10,38,6,2,13,3
UR U D ul ur L FS,2,10,38,6,2,11,4
UR U D ur L ul FS,2,10,38,6,2,11,4
UR U D ur ul L FS,2,10,38,6,2,13,4
UR U ul D ur L FS,2,10,38,6,2,9,3
UR U ul ur D L FS,2,10,38,6,2,11,3
UR U ur D L ul FS,2,10,38,6,2,11,3
UR U ur D ul L FS,2,10,38,6,2,11,3
UR U ur ul D L FS,2,10,38,6,2,11,3
ur ul D L UR U FS,2,10,38,6,2,11,3
UR ul D U ur L FS,2,10,38,6,2,13,4
ur ul D UR L U FS,2,10,38,6,2,13,3
UR ul D ur L U FS,2,10,38,6,2,9,2
ur ul D UR U L FS,2,10,38,6,2,11,3
UR ul D ur U L FS,2,10,38,6,2,11,3
UR ul U D ur L FS,2,10,38,6,2,13,4
UR ul U ur D L FS,2,10,38,6,2,13,3
ur ul UR D L U FS,2,10,38,6,2,13,3
UR ul ur D L U FS,2,10,38,6,2,11,2
ur ul UR D U L FS,2,10,38,6,2,15,4
UR ul ur D U L FS,2,10,38,6,2,13,4
ur ul UR U D L FS,2,10,38,6,2,13,4
UR ul ur U D L FS,2,10,38,6,2,15,4
ur UR D L U ul FS,2,10,38,6,2,15,4
UR ur D L U ul FS,2,10,38,6,2,13,4
ur UR D L ul U FS,2,10,38,6,2,17,4
UR ur D L ul U FS,2,10,38,6,2,15,4
ur UR D U L ul FS,2,10,38,6,2,17,4
UR ur D U L ul FS,2,10,38,6,2,15,4
ur UR D U ul L FS,2,10,38,6,2,19,4
UR ur D U ul L FS,2,10,38,6,2,17,4
ur UR D ul L U FS,2,10,38,6,2,15,4
UR ur D ul L U FS,2,10,38,6,2,13,4
ur UR D ul U L FS,2,10,38,6,2,15,4
UR ur D ul U L FS,2,10,38,6,2,13,4
ur UR U D L ul FS,2,10,38,6,2,15,4
UR ur U D L ul FS,2,10,38,6,2,17,4
ur UR U D ul L FS,2,10,38,6,2,15,4
UR ur U D ul L FS,2,10,38,6,2,17,4
ur UR U ul D L FS,2,10,38,6,2,13,4
UR ur U ul D L FS,2,10,38,6,2,15,4
ur UR ul D L U FS,2,10,38,6,2,13,4
UR ur ul D L U FS,2,10,38,6,2,13,4
ur UR ul D U L FS,2,10,38,6,2,15,4
UR ur ul D U L FS,2,10,38,6,2,15,4
ur UR ul U D L FS,2,10,38,6,2,17,4
UR ur ul U D L FS,2,10,38,6,2,17,4
D FS ur L UR U ul,4,9,40,6,2,13,3
D FS UR U L ur ul,4,9,40,6,2,9,2
D FS UR U ur L ul,4,9,40,6,2,11,3
D FS ur UR L U ul,4,9,40,6,2,17,4
D FS UR ur L U ul,4,9,40,6,2,13,4
D FS ur UR U L ul,4,9,40,6,2,15,4
D FS UR ur U L ul,4,9,40,6,2,15,4
D ur FS L UR U ul,4,9,40,6,2,13,3
D UR FS U L ur ul,4,9,40,6,2,11,3
D UR FS U ur L ul,4,9,40,6,2,13,3
D ur FS UR L U ul,4,9,40,6,2,13,3
D UR FS ur L U ul,4,9,40,6,2,13,3
D ur FS UR U L ul,4,9,40,6,2,11,3
D UR FS ur U L ul,4,9,40,6,2,15,3
D ur L FS UR U ul,4,9,40,6,2,9,3
D ur L UR FS U ul,4,9,40,6,2,11,3
D ur L UR U FS ul,4,9,40,6,2,9,3
D UR U FS L ur ul,4,9,40,6,2,11,3
D UR U FS ur L ul,4,9,40,6,2,13,3
D UR U ur FS L ul,4,9,40,6,2,15,3
D UR U ur L FS ul,4,9,40,6,2,11,3
D ur UR FS L U ul,4,9,40,6,2,13,4
D UR ur FS L U ul,4,9,40,6,2,17,4
D ur UR FS U L ul,4,9,40,6,2,13,4
D UR ur FS U L ul,4,9,40,6,2,17,4
D ur UR L FS U ul,4,9,40,6,2,15,4
D UR ur L FS U ul,4,9,40,6,2,15,4
D ur UR L U FS ul,4,9,40,6,2,13,4
D UR ur L U FS ul,4,9,40,6,2,13,4
D ur UR U FS L ul,4,9,40,6,2,13,4
D UR ur U FS L ul,4,9,40,6,2,17,4
D ur UR U L FS ul,4,9,40,6,2,11,4
D UR ur U L FS ul,4,9,40,6,2,15,4
FS D ur L UR U ul,4,9,40,6,2,11,3
FS D UR U L ur ul,4,9,40,6,2,11,3
FS D UR U ur L ul,4,9,40,6,2,13,3
FS D ur UR L U ul,4,9,40,6,2,15,4
FS D UR ur L U ul,4,9,40,6,2,15,4
FS D ur UR U L ul,4,9,40,6,2,13,4
FS D UR ur U L ul,4,9,40,6,2,17,4
FS ur D L UR U ul,4,9,40,6,2,13,3
FS UR D U L ur ul,4,9,40,6,2,13,4
FS UR D U ur L ul,4,9,40,6,2,15,4
FS ur D UR L U ul,4,9,40,6,2,15,3
FS UR D ur L U ul,4,9,40,6,2,11,3
FS ur D UR U L ul,4,9,40,6,2,13,3
FS UR D ur U L ul,4,9,40,6,2,13,3
FS UR U D L ur ul,4,9,40,6,2,11,4
FS UR U D ur L ul,4,9,40,6,2,11,4
FS UR U L D ur ul,4,9,40,6,2,9,2
FS UR U ur D L ul,4,9,40,6,2,11,3
FS ur UR D L U ul,4,9,40,6,2,17,4
FS UR ur D L U ul,4,9,40,6,2,13,4
FS ur UR D U L ul,4,9,40,6,2,19,4
FS UR ur D U L ul,4,9,40,6,2,15,4
FS ur UR U D L ul,4,9,40,6,2,17,4
FS UR ur U D L ul,4,9,40,6,2,17,4
ur D FS L UR U ul,4,9,40,6,2,12,3
UR D FS U L ur ul,4,9,40,6,2,12,3
UR D FS U ur L ul,4,9,40,6,2,14,3
ur D FS UR L U ul,4,9,40,6,2,12,3
UR D FS ur L U ul,4,9,40,6,2,14,3
ur D FS UR U L ul,4,9,40,6,2,10,3
UR D FS ur U L ul,4,9,40,6,2,16,3
ur D L FS UR U ul,4,9,40,6,2,10,3
ur D L UR FS U ul,4,9,40,6,2,12,3
ur D L UR U FS ul,4,9,40,6,2,10,3
UR D U FS L ur ul,4,9,40,6,2,14,4
UR D U FS ur L ul,4,9,40,6,2,16,4
UR D U ur FS L ul,4,9,40,6,2,18,4
UR D U ur L FS ul,4,9,40,6,2,14,4
ur D UR FS L U ul,4,9,40,6,2,12,3
UR D ur FS L U ul,4,9,40,6,2,14,3
ur D UR FS U L ul,4,9,40,6,2,12,3
UR D ur FS U L ul,4,9,40,6,2,14,3
ur D UR L FS U ul,4,9,40,6,2,14,3
UR D ur L FS U ul,4,9,40,6,2,12,3
ur D UR L U FS ul,4,9,40,6,2,12,3
UR D ur L U FS ul,4,9,40,6,2,10,3
ur D UR U FS L ul,4,9,40,6,2,12,3
UR D ur U FS L ul,4,9,40,6,2,14,3
ur D UR U L FS ul,4,9,40,6,2,10,3
UR D ur U L FS ul,4,9,40,6,2,12,3
ur FS D L UR U ul,4,9,40,6,2,14,3
UR FS D U L ur ul,4,9,40,6,2,12,4
UR FS D U ur L ul,4,9,40,6,2,14,4
ur FS D UR L U ul,4,9,40,6,2,16,3
UR FS D ur L U ul,4,9,40,6,2,10,3
ur FS D UR U L ul,4,9,40,6,2,14,3
UR FS D ur U L ul,4,9,40,6,2,12,3
UR FS U D L ur ul,4,9,40,6,2,12,4
UR FS U D ur L ul,4,9,40,6,2,12,4
UR FS U L D ur ul,4,9,40,6,2,10,2
UR FS U ur D L ul,4,9,40,6,2,12,3
ur FS UR D L U ul,4,9,40,6,2,14,3
UR FS ur D L U ul,4,9,40,6,2,12,3
ur FS UR D U L ul,4,9,40,6,2,16,4
UR FS ur D U L ul,4,9,40,6,2,14,4
ur FS UR U D L ul,4,9,40,6,2,14,4
UR FS ur U D L ul,4,9,40,6,2,16,4
UR U D FS L ur ul,4,9,40,6,2,12,4
UR U D FS ur L ul,4,9,40,6,2,14,4
UR U D ur FS L ul,4,9,40,6,2,14,4
UR U D ur L FS ul,4,9,40,6,2,10,4
UR U FS D L ur ul,4,9,40,6,2,10,2
UR U FS D ur L ul,4,9,40,6,2,10,3
UR U FS L D ur ul,4,9,40,6,2,10,2
UR U FS ur D L ul,4,9,40,6,2,12,3
UR U ur D FS L ul,4,9,40,6,2,12,3
UR U ur D L FS ul,4,9,40,6,2,10,3
UR U ur FS D L ul,4,9,40,6,2,14,3
ur UR D FS L U ul,4,9,40,6,2,16,4
UR ur D FS L U ul,4,9,40,6,2,14,4
ur UR D FS U L ul,4,9,40,6,2,16,4
UR ur D FS U L ul,4,9,40,6,2,14,4
ur UR D L FS U ul,4,9,40,6,2,16,4
UR ur D L FS U ul,4,9,40,6,2,14,4
ur UR D L U FS ul,4,9,40,6,2,14,4
UR ur D L U FS ul,4,9,40,6,2,12,4
ur UR D U FS L ul,4,9,40,6,2,18,4
UR ur D U FS L ul,4,9,40,6,2,16,4
ur UR D U L FS ul,4,9,40,6,2,16,4
UR ur D U L FS ul,4,9,40,6,2,14,4
ur UR FS D L U ul,4,9,40,6,2,14,4
UR ur FS D L U ul,4,9,40,6,2,16,4
ur UR FS D U L ul,4,9,40,6,2,16,4
UR ur FS D U L ul,4,9,40,6,2,18,4
ur UR FS U D L ul,4,9,40,6,2,16,4
UR ur FS U D L ul,4,9,40,6,2,18,4
ur UR U D FS L ul,4,9,40,6,2,16,4
UR ur U D FS L ul,4,9,40,6,2,18,4
ur UR U D L FS ul,4,9,40,6,2,14,4
UR ur U D L FS ul,4,9,40,6,2,16,4
ur UR U FS D L ul,4,9,40,6,2,14,4
UR ur U FS D L ul,4,9,40,6,2,16,4
FS L ul UR D U ur,2,10,40,6,2,17,4
FS L ul UR U D ur,2,10,40,6,2,13,4
FS L UR U ul D ur,2,10,40,6,2,11,3
FS L UR ul D U ur,2,10,40,6,2,15,4
FS L UR ul U D ur,2,10,40,6,2,15,4
FS ul L UR D U ur,2,10,40,6,2,17,4
FS ul L UR U D ur,2,10,40,6,2,13,4
FS ul UR D L U ur,2,10,40,6,2,13,3
FS ul UR L D U ur,2,10,40,6,2,15,4
FS ul UR L U D ur,2,10,40,6,2,13,4
FS UR L U ul D ur,2,10,40,6,2,11,3
FS UR L ul D U ur,2,10,40,6,2,15,4
FS UR L ul U D ur,2,10,40,6,2,15,4
FS UR ul D L U ur,2,10,40,6,2,11,3
FS UR ul L D U ur,2,10,40,6,2,15,4
FS UR ul L U D ur,2,10,40,6,2,13,4
L FS ul UR D U ur,2,10,40,6,2,15,4
L FS ul UR U D ur,2,10,40,6,2,11,4
L FS UR U ul D ur,2,10,40,6,2,9,3
L FS UR ul D U ur,2,10,40,6,2,13,4
L FS UR ul U D ur,2,10,40,6,2,13,4
L U ul ur D UR FS,2,10,40,6,2,12,3
L U ul ur UR D FS,2,10,40,6,2,16,4
L U ul UR ur D FS,2,10,40,6,2,14,4
L U ur D ul UR FS,2,10,40,6,2,10,3
L U ur D UR ul FS,2,10,40,6,2,12,3
L U ur ul D UR FS,2,10,40,6,2,12,3
L U ur ul UR D FS,2,10,40,6,2,14,3
L U UR ul ur D FS,2,10,40,6,2,10,2
L U ur UR D ul FS,2,10,40,6,2,14,4
L U UR ur D ul FS,2,10,40,6,2,10,4
L U ur UR ul D FS,2,10,40,6,2,14,4
L U UR ur ul D FS,2,10,40,6,2,12,4
L ul FS UR D U ur,2,10,40,6,2,15,4
L ul FS UR U D ur,2,10,40,6,2,11,4
L ul U ur D UR FS,2,10,40,6,2,14,3
L ul U ur UR D FS,2,10,40,6,2,18,4
L ul U UR ur D FS,2,10,40,6,2,14,4
L ul ur D U UR FS,2,10,40,6,2,12,4
L ul UR FS D U ur,2,10,40,6,2,15,4
L ul UR FS U D ur,2,10,40,6,2,13,4
L ul ur U D UR FS,2,10,40,6,2,16,4
L ul UR U FS D ur,2,10,40,6,2,11,3
L ul ur U UR D FS,2,10,40,6,2,14,3
L ur D U ul UR FS,2,10,40,6,2,12,4
L ur D U UR ul FS,2,10,40,6,2,10,4
L ur D ul U UR FS,2,10,40,6,2,8,3
L UR FS U ul D ur,2,10,40,6,2,11,3
L UR FS ul D U ur,2,10,40,6,2,13,4
L UR FS ul U D ur,2,10,40,6,2,13,4
L ur U D ul UR FS,2,10,40,6,2,12,4
L ur U D UR ul FS,2,10,40,6,2,14,4
L UR U FS ul D ur,2,10,40,6,2,9,3
L ur U ul D UR FS,2,10,40,6,2,12,3
L UR U ul FS D ur,2,10,40,6,2,11,3
L ur U ul UR D FS,2,10,40,6,2,14,3
L ur U UR D ul FS,2,10,40,6,2,10,3
L ur U UR ul D FS,2,10,40,6,2,10,3
L ur ul D U UR FS,2,10,40,6,2,10,4
L UR ul FS D U ur,2,10,40,6,2,15,4
L UR ul FS U D ur,2,10,40,6,2,13,4
L ur ul U D UR FS,2,10,40,6,2,14,4
L UR ul U FS D ur,2,10,40,6,2,13,3
L ur ul U UR D FS,2,10,40,6,2,12,3
U L ul ur D UR FS,2,10,40,6,2,12,3
U L ul ur UR D FS,2,10,40,6,2,16,4
U L ul UR ur D FS,2,10,40,6,2,14,4
U L ur D ul UR FS,2,10,40,6,2,8,2
U L ur D UR ul FS,2,10,40,6,2,10,3
U L ur ul D UR FS,2,10,40,6,2,10,3
U L ur ul UR D FS,2,10,40,6,2,12,3
U L UR ul ur D FS,2,10,40,6,2,12,3
U L ur UR D ul FS,2,10,40,6,2,12,4
U L UR ur D ul FS,2,10,40,6,2,12,4
U L ur UR ul D FS,2,10,40,6,2,12,4
U L UR ur ul D FS,2,10,40,6,2,14,4
U ul L ur D UR FS,2,10,40,6,2,12,3
U ul L ur UR D FS,2,10,40,6,2,16,4
U ul L UR ur D FS,2,10,40,6,2,16,4
U ul ur L D UR FS,2,10,40,6,2,12,3
U ul ur L UR D FS,2,10,40,6,2,14,3
U ul UR L ur D FS,2,10,40,6,2,12,3
U ul ur UR L D FS,2,10,40,6,2,16,4
U ul UR ur L D FS,2,10,40,6,2,14,4
U ur L D ul UR FS,2,10,40,6,2,10,3
U ur L D UR ul FS,2,10,40,6,2,12,3
U ur L ul D UR FS,2,10,40,6,2,12,3
U ur L ul UR D FS,2,10,40,6,2,14,3
U UR L ul ur D FS,2,10,40,6,2,12,3
U ur L UR D ul FS,2,10,40,6,2,12,3
U UR L ur D ul FS,2,10,40,6,2,8,3
U ur L UR ul D FS,2,10,40,6,2,12,3
U UR L ur ul D FS,2,10,40,6,2,10,3
U ur ul L D UR FS,2,10,40,6,2,14,3
U ur ul L UR D FS,2,10,40,6,2,16,3
U UR ul L ur D FS,2,10,40,6,2,10,3
U ur ul UR L D FS,2,10,40,6,2,14,3
U UR ul ur L D FS,2,10,40,6,2,10,2
U ur UR L D ul FS,2,10,40,6,2,14,4
U UR ur L D ul FS,2,10,40,6,2,10,4
U ur UR L ul D FS,2,10,40,6,2,16,4
U UR ur L ul D FS,2,10,40,6,2,12,4
U ur UR ul L D FS,2,10,40,6,2,16,4
U UR ur ul L D FS,2,10,40,6,2,14,4
ul FS L UR D U ur,2,10,40,6,2,16,4
ul FS L UR U D ur,2,10,40,6,2,12,4
ul FS UR D L U ur,2,10,40,6,2,12,3
ul FS UR L D U ur,2,10,40,6,2,14,4
ul FS UR L U D ur,2,10,40,6,2,12,4
ul L FS UR D U ur,2,10,40,6,2,16,4
ul L FS UR U D ur,2,10,40,6,2,12,4
ul L U ur D UR FS,2,10,40,6,2,13,3
ul L U ur UR D FS,2,10,40,6,2,17,4
ul L U UR ur D FS,2,10,40,6,2,13,4
ul L ur D U UR FS,2,10,40,6,2,11,4
ul L UR FS D U ur,2,10,40,6,2,16,4
ul L UR FS U D ur,2,10,40,6,2,14,4
ul L ur U D UR FS,2,10,40,6,2,15,4
ul L UR U FS D ur,2,10,40,6,2,12,3
ul L ur U UR D FS,2,10,40,6,2,13,3
ul U L ur D UR FS,2,10,40,6,2,11,3
ul U L ur UR D FS,2,10,40,6,2,15,4
ul U L UR ur D FS,2,10,40,6,2,15,4
ul U ur L D UR FS,2,10,40,6,2,13,3
ul U ur L UR D FS,2,10,40,6,2,15,3
ul U UR L ur D FS,2,10,40,6,2,11,3
ul U ur UR L D FS,2,10,40,6,2,17,4
ul U UR ur L D FS,2,10,40,6,2,13,4
ul UR FS D L U ur,2,10,40,6,2,12,3
ul UR FS L D U ur,2,10,40,6,2,14,4
ul UR FS L U D ur,2,10,40,6,2,12,4
ul ur L D U UR FS,2,10,40,6,2,11,4
ul UR L FS D U ur,2,10,40,6,2,16,4
ul UR L FS U D ur,2,10,40,6,2,14,4
ul ur L U D UR FS,2,10,40,6,2,13,4
ul UR L U FS D ur,2,10,40,6,2,12,3
ul ur L U UR D FS,2,10,40,6,2,11,3
ul ur U L D UR FS,2,10,40,6,2,13,3
ul UR U L FS D ur,2,10,40,6,2,10,2
ul ur U L UR D FS,2,10,40,6,2,15,3
ul ur U UR L D FS,2,10,40,6,2,13,3
UR FS L U ul D ur,2,10,40,6,2,10,3
UR FS L ul D U ur,2,10,40,6,2,14,4
UR FS L ul U D ur,2,10,40,6,2,14,4
UR FS ul D L U ur,2,10,40,6,2,10,3
UR FS ul L D U ur,2,10,40,6,2,14,4
UR FS ul L U D ur,2,10,40,6,2,12,4
ur L D U ul UR FS,2,10,40,6,2,13,4
ur L D U UR ul FS,2,10,40,6,2,11,4
ur L D ul U UR FS,2,10,40,6,2,9,3
UR L FS U ul D ur,2,10,40,6,2,12,3
UR L FS ul D U ur,2,10,40,6,2,14,4
UR L FS ul U D ur,2,10,40,6,2,14,4
ur L U D ul UR FS,2,10,40,6,2,11,4
ur L U D UR ul FS,2,10,40,6,2,13,4
UR L U FS ul D ur,2,10,40,6,2,10,3
ur L U ul D UR FS,2,10,40,6,2,11,3
UR L U ul FS D ur,2,10,40,6,2,12,3
ur L U ul UR D FS,2,10,40,6,2,13,3
ur L U UR D ul FS,2,10,40,6,2,9,3
ur L U UR ul D FS,2,10,40,6,2,9,2
ur L ul D U UR FS,2,10,40,6,2,11,4
UR L ul FS D U ur,2,10,40,6,2,16,4
UR L ul FS U D ur,2,10,40,6,2,14,4
ur L ul U D UR FS,2,10,40,6,2,15,4
UR L ul U FS D ur,2,10,40,6,2,14,3
ur L ul U UR D FS,2,10,40,6,2,13,3
ur U L D ul UR FS,2,10,40,6,2,11,3
ur U L D UR ul FS,2,10,40,6,2,13,3
UR U L FS ul D ur,2,10,40,6,2,8,2
ur U L ul D UR FS,2,10,40,6,2,13,3
UR U L ul FS D ur,2,10,40,6,2,10,3
ur U L ul UR D FS,2,10,40,6,2,15,3
ur U L UR D ul FS,2,10,40,6,2,13,3
ur U L UR ul D FS,2,10,40,6,2,13,3
ur U ul L D UR FS,2,10,40,6,2,15,3
UR U ul L FS D ur,2,10,40,6,2,12,3
ur U ul L UR D FS,2,10,40,6,2,17,3
ur U ul UR L D FS,2,10,40,6,2,15,3
ur U UR L D ul FS,2,10,40,6,2,11,3
ur U UR L ul D FS,2,10,40,6,2,13,3
ur U UR ul L D FS,2,10,40,6,2,13,3
UR ul FS D L U ur,2,10,40,6,2,12,3
UR ul FS L D U ur,2,10,40,6,2,14,4
UR ul FS L U D ur,2,10,40,6,2,12,4
ur ul L D U UR FS,2,10,40,6,2,13,4
UR ul L FS D U ur,2,10,40,6,2,16,4
UR ul L FS U D ur,2,10,40,6,2,14,4
ur ul L U D UR FS,2,10,40,6,2,15,4
UR ul L U FS D ur,2,10,40,6,2,12,3
ur ul L U UR D FS,2,10,40,6,2,13,3
ur ul U L D UR FS,2,10,40,6,2,13,3
UR ul U L FS D ur,2,10,40,6,2,12,3
ur ul U L UR D FS,2,10,40,6,2,15,3
ur ul U UR L D FS,2,10,40,6,2,13,3
D FS L ul UR U ur,2,10,42,6,2,13,3
D FS ul L UR U ur,2,10,42,6,2,13,3
D FS ul UR L U ur,2,10,42,6,2,13,3
D L FS ul UR U ur,2,10,42,6,2,11,3
D L ul FS UR U ur,2,10,42,6,2,11,3
D ul FS L UR U ur,2,10,42,6,2,11,3
D ul FS UR L U ur,2,10,42,6,2,11,3
D ul L FS UR U ur,2,10,42,6,2,11,3
FS D L ul UR U ur,2,10,42,6,2,13,3
FS D ul L UR U ur,2,10,42,6,2,13,3
FS D ul UR L U ur,2,10,42,6,2,13,3
FS L D ul UR U ur,2,10,42,6,2,11,3
FS L U ur D UR ul,2,10,42,6,2,13,3
FS L U ur UR D ul,2,10,42,6,2,15,4
FS L U UR ur D ul,2,10,42,6,2,11,4
FS L ul D UR U ur,2,10,42,6,2,13,3
FS L ur D U UR ul,2,10,42,6,2,11,4
FS L ur U D UR ul,2,10,42,6,2,15,4
FS L ur U UR D ul,2,10,42,6,2,11,3
FS U L ur D UR ul,2,10,42,6,2,11,3
FS U L ur UR D ul,2,10,42,6,2,13,4
FS U L UR ur D ul,2,10,42,6,2,13,4
FS U ur L D UR ul,2,10,42,6,2,13,3
FS U ur L UR D ul,2,10,42,6,2,13,3
FS ul D L UR U ur,2,10,42,6,2,11,3
FS ul D UR L U ur,2,10,42,6,2,13,3
FS ul L D UR U ur,2,10,42,6,2,13,3
FS ur L D U UR ul,2,10,42,6,2,13,4
FS ur L U D UR ul,2,10,42,6,2,15,4
FS ur L U UR D ul,2,10,42,6,2,11,3
FS ur U L D UR ul,2,10,42,6,2,15,3
FS ur U L UR D ul,2,10,42,6,2,15,3
L D FS ul UR U ur,2,10,42,6,2,11,3
L D ul FS UR U ur,2,10,42,6,2,9,3
L FS D ul UR U ur,2,10,42,6,2,11,3
L FS U ur D UR ul,2,10,42,6,2,13,3
L FS U ur UR D ul,2,10,42,6,2,15,4
L FS U UR ur D ul,2,10,42,6,2,11,4
L FS ul D UR U ur,2,10,42,6,2,11,3
L FS ur D U UR ul,2,10,42,6,2,13,4
L FS ur U D UR ul,2,10,42,6,2,17,4
L FS ur U UR D ul,2,10,42,6,2,13,3
L U FS ur D UR ul,2,10,42,6,2,13,3
L U FS ur UR D ul,2,10,42,6,2,15,4
L U FS UR ur D ul,2,10,42,6,2,11,4
L U ur D FS UR ul,2,10,42,6,2,11,3
L U ur D UR FS ul,2,10,42,6,2,11,3
L U ur FS D UR ul,2,10,42,6,2,15,3
L U ur FS UR D ul,2,10,42,6,2,13,3
L U UR FS ur D ul,2,10,42,6,2,9,3
L U ur UR D FS ul,2,10,42,6,2,15,4
L U UR ur D FS ul,2,10,42,6,2,11,4
L U ur UR FS D ul,2,10,42,6,2,13,4
L U UR ur FS D ul,2,10,42,6,2,13,4
L ul D FS UR U ur,2,10,42,6,2,11,3
L ul FS D UR U ur,2,10,42,6,2,13,3
L ul ur D UR U FS,2,10,42,6,2,12,3
L ul UR U ur D FS,2,10,42,6,2,12,3
L ul ur UR D U FS,2,10,42,6,2,18,4
L ul UR ur D U FS,2,10,42,6,2,16,4
L ul ur UR U D FS,2,10,42,6,2,16,4
L ul UR ur U D FS,2,10,42,6,2,18,4
L ur D FS U UR ul,2,10,42,6,2,9,2
L ur D U FS UR ul,2,10,42,6,2,11,4
L ur D U UR FS ul,2,10,42,6,2,9,4
L ur D ul UR U FS,2,10,42,6,2,8,2
L ur D UR U ul FS,2,10,42,6,2,10,3
L ur D UR ul U FS,2,10,42,6,2,12,3
L ur FS D U UR ul,2,10,42,6,2,13,4
L ur FS U D UR ul,2,10,42,6,2,15,4
L ur FS U UR D ul,2,10,42,6,2,11,3
L ur U D FS UR ul,2,10,42,6,2,13,4
L ur U D UR FS ul,2,10,42,6,2,13,4
L ur U FS D UR ul,2,10,42,6,2,13,3
L ur U FS UR D ul,2,10,42,6,2,11,3
L UR U ul ur D FS,2,10,42,6,2,12,3
L ur U UR D FS ul,2,10,42,6,2,11,3
L UR U ur D ul FS,2,10,42,6,2,10,3
L ur U UR FS D ul,2,10,42,6,2,9,3
L UR U ur ul D FS,2,10,42,6,2,12,3
L ur ul D UR U FS,2,10,42,6,2,10,3
L UR ul U ur D FS,2,10,42,6,2,14,3
L ur ul UR D U FS,2,10,42,6,2,14,4
L UR ul ur D U FS,2,10,42,6,2,14,4
L ur ul UR U D FS,2,10,42,6,2,12,4
L UR ul ur U D FS,2,10,42,6,2,16,4
L ur UR D U ul FS,2,10,42,6,2,16,4
L UR ur D U ul FS,2,10,42,6,2,16,4
L ur UR D ul U FS,2,10,42,6,2,14,4
L UR ur D ul U FS,2,10,42,6,2,14,4
L ur UR U D ul FS,2,10,42,6,2,12,4
L UR ur U D ul FS,2,10,42,6,2,16,4
L ur UR U ul D FS,2,10,42,6,2,12,4
L UR ur U ul D FS,2,10,42,6,2,16,4
L ur UR ul D U FS,2,10,42,6,2,14,4
L UR ur ul D U FS,2,10,42,6,2,16,4
L ur UR ul U D FS,2,10,42,6,2,16,4
L UR ur ul U D FS,2,10,42,6,2,18,4
U FS L ur D UR ul,2,10,42,6,2,11,3
U FS L ur UR D ul,2,10,42,6,2,13,4
U FS L UR ur D ul,2,10,42,6,2,13,4
U FS ur L D UR ul,2,10,42,6,2,13,3
U FS ur L UR D ul,2,10,42,6,2,13,3
U L FS ur D UR ul,2,10,42,6,2,13,3
U L FS ur UR D ul,2,10,42,6,2,15,4
U L FS UR ur D ul,2,10,42,6,2,11,4
U L ur D FS UR ul,2,10,42,6,2,9,2
U L ur D UR FS ul,2,10,42,6,2,9,3
U L ur FS D UR ul,2,10,42,6,2,13,3
U L ur FS UR D ul,2,10,42,6,2,11,3
U L UR FS ur D ul,2,10,42,6,2,11,3
U L ur UR D FS ul,2,10,42,6,2,13,4
U L UR ur D FS ul,2,10,42,6,2,13,4
U L ur UR FS D ul,2,10,42,6,2,11,4
U L UR ur FS D ul,2,10,42,6,2,15,4
U ur FS L D UR ul,2,10,42,6,2,15,3
U ur FS L UR D ul,2,10,42,6,2,15,3
U ur L D FS UR ul,2,10,42,6,2,11,3
U ur L D UR FS ul,2,10,42,6,2,11,3
U ur L FS D UR ul,2,10,42,6,2,13,3
U ur L FS UR D ul,2,10,42,6,2,11,3
U UR L FS ur D ul,2,10,42,6,2,11,3
U ur L UR D FS ul,2,10,42,6,2,13,3
U UR L ur D FS ul,2,10,42,6,2,9,3
U ur L UR FS D ul,2,10,42,6,2,11,3
U UR L ur FS D ul,2,10,42,6,2,11,3
U ur UR L D FS ul,2,10,42,6,2,15,4
U UR ur L D FS ul,2,10,42,6,2,11,4
U ur UR L FS D ul,2,10,42,6,2,15,4
U UR ur L FS D ul,2,10,42,6,2,11,4
ul D FS L UR U ur,2,10,42,6,2,12,3
ul D FS UR L U ur,2,10,42,6,2,12,3
ul D L FS UR U ur,2,10,42,6,2,10,3
ul FS D L UR U ur,2,10,42,6,2,12,3
ul FS D UR L U ur,2,10,42,6,2,14,3
ul FS L D UR U ur,2,10,42,6,2,12,3
ul L D FS UR U ur,2,10,42,6,2,12,3
ul L FS D UR U ur,2,10,42,6,2,14,3
ul L ur D UR U FS,2,10,42,6,2,11,3
ul L UR U ur D FS,2,10,42,6,2,13,3
ul L ur UR D U FS,2,10,42,6,2,17,4
ul L UR ur D U FS,2,10,42,6,2,17,4
ul L ur UR U D FS,2,10,42,6,2,15,4
ul L UR ur U D FS,2,10,42,6,2,19,4
ul ur L D UR U FS,2,10,42,6,2,11,3
ul UR L U ur D FS,2,10,42,6,2,13,3
ul ur L UR D U FS,2,10,42,6,2,15,4
ul UR L ur D U FS,2,10,42,6,2,13,4
ul ur L UR U D FS,2,10,42,6,2,13,4
ul UR L ur U D FS,2,10,42,6,2,15,4
ul UR U L ur D FS,2,10,42,6,2,9,2
ul UR U ur L D FS,2,10,42,6,2,11,3
ul ur UR L D U FS,2,10,42,6,2,17,4
ul UR ur L D U FS,2,10,42,6,2,15,4
ul ur UR L U D FS,2,10,42,6,2,17,4
ul UR ur L U D FS,2,10,42,6,2,15,4
ul ur UR U L D FS,2,10,42,6,2,13,4
ul UR ur U L D FS,2,10,42,6,2,15,4
ur FS L D U UR ul,2,10,42,6,2,14,4
ur FS L U D UR ul,2,10,42,6,2,16,4
ur FS L U UR D ul,2,10,42,6,2,12,3
ur FS U L D UR ul,2,10,42,6,2,14,3
ur FS U L UR D ul,2,10,42,6,2,14,3
ur L D FS U UR ul,2,10,42,6,2,10,2
ur L D U FS UR ul,2,10,42,6,2,12,4
ur L D U UR FS ul,2,10,42,6,2,10,4
ur L D ul UR U FS,2,10,42,6,2,9,2
ur L D UR U ul FS,2,10,42,6,2,11,3
ur L D UR ul U FS,2,10,42,6,2,13,3
ur L FS D U UR ul,2,10,42,6,2,12,4
ur L FS U D UR ul,2,10,42,6,2,14,4
ur L FS U UR D ul,2,10,42,6,2,10,3
ur L U D FS UR ul,2,10,42,6,2,12,4
ur L U D UR FS ul,2,10,42,6,2,12,4
ur L U FS D UR ul,2,10,42,6,2,12,3
ur L U FS UR D ul,2,10,42,6,2,10,3
UR L U ul ur D FS,2,10,42,6,2,13,3
ur L U UR D FS ul,2,10,42,6,2,10,3
UR L U ur D ul FS,2,10,42,6,2,11,3
ur L U UR FS D ul,2,10,42,6,2,8,2
UR L U ur ul D FS,2,10,42,6,2,13,3
ur L ul D UR U FS,2,10,42,6,2,11,3
UR L ul U ur D FS,2,10,42,6,2,15,3
ur L ul UR D U FS,2,10,42,6,2,15,4
UR L ul ur D U FS,2,10,42,6,2,15,4
ur L ul UR U D FS,2,10,42,6,2,13,4
UR L ul ur U D FS,2,10,42,6,2,17,4
ur L UR D U ul FS,2,10,42,6,2,15,4
UR L ur D U ul FS,2,10,42,6,2,13,4
ur L UR D ul U FS,2,10,42,6,2,13,3
UR L ur D ul U FS,2,10,42,6,2,11,3
ur L UR U D ul FS,2,10,42,6,2,11,4
UR L ur U D ul FS,2,10,42,6,2,13,4
ur L UR U ul D FS,2,10,42,6,2,11,3
UR L ur U ul D FS,2,10,42,6,2,13,3
ur L UR ul D U FS,2,10,42,6,2,13,4
UR L ur ul D U FS,2,10,42,6,2,13,4
ur L UR ul U D FS,2,10,42,6,2,15,4
UR L ur ul U D FS,2,10,42,6,2,15,4
ur U FS L D UR ul,2,10,42,6,2,14,3
ur U FS L UR D ul,2,10,42,6,2,14,3
ur U L D FS UR ul,2,10,42,6,2,12,3
ur U L D UR FS ul,2,10,42,6,2,12,3
ur U L FS D UR ul,2,10,42,6,2,14,3
ur U L FS UR D ul,2,10,42,6,2,12,3
UR U L ul ur D FS,2,10,42,6,2,11,3
ur U L UR D FS ul,2,10,42,6,2,14,3
UR U L ur D ul FS,2,10,42,6,2,7,2
ur U L UR FS D ul,2,10,42,6,2,12,3
UR U L ur ul D FS,2,10,42,6,2,9,2
UR U ul L ur D FS,2,10,42,6,2,11,3
UR U ul ur L D FS,2,10,42,6,2,11,3
ur U UR L D FS ul,2,10,42,6,2,12,3
UR U ur L D ul FS,2,10,42,6,2,9,3
ur U UR L FS D ul,2,10,42,6,2,12,3
UR U ur L ul D FS,2,10,42,6,2,11,3
UR U ur ul L D FS,2,10,42,6,2,13,3
ur ul L D UR U FS,2,10,42,6,2,13,3
UR ul L U ur D FS,2,10,42,6,2,13,3
ur ul L UR D U FS,2,10,42,6,2,17,4
UR ul L ur D U FS,2,10,42,6,2,13,4
ur ul L UR U D FS,2,10,42,6,2,15,4
UR ul L ur U D FS,2,10,42,6,2,15,4
UR ul U L ur D FS,2,10,42,6,2,11,3
UR ul U ur L D FS,2,10,42,6,2,13,3
ur ul UR L D U FS,2,10,42,6,2,15,4
UR ul ur L D U FS,2,10,42,6,2,13,4
ur ul UR L U D FS,2,10,42,6,2,15,4
UR ul ur L U D FS,2,10,42,6,2,13,4
ur ul UR U L D FS,2,10,42,6,2,11,2
UR ul ur U L D FS,2,10,42,6,2,13,3
ur UR L D U ul FS,2,10,42,6,2,17,4
UR ur L D U ul FS,2,10,42,6,2,15,4
ur UR L D ul U FS,2,10,42,6,2,15,4
UR ur L D ul U FS,2,10,42,6,2,13,4
ur UR L U D ul FS,2,10,42,6,2,15,4
UR ur L U D ul FS,2,10,42,6,2,13,4
ur UR L U ul D FS,2,10,42,6,2,15,4
UR ur L U ul D FS,2,10,42,6,2,13,4
ur UR L ul D U FS,2,10,42,6,2,17,4
UR ur L ul D U FS,2,10,42,6,2,15,4
ur UR L ul U D FS,2,10,42,6,2,19,4
UR ur L ul U D FS,2,10,42,6,2,17,4
ur UR U L D ul FS,2,10,42,6,2,11,4
UR ur U L D ul FS,2,10,42,6,2,13,4
ur UR U L ul D FS,2,10,42,6,2,13,4
UR ur U L ul D FS,2,10,42,6,2,15,4
ur UR U ul L D FS,2,10,42,6,2,15,4
UR ur U ul L D FS,2,10,42,6,2,17,4
ur UR ul L D U FS,2,10,42,6,2,17,4
UR ur ul L D U FS,2,10,42,6,2,17,4
ur UR ul L U D FS,2,10,42,6,2,17,4
UR ur ul L U D FS,2,10,42,6,2,17,4
ur UR ul U L D FS,2,10,42,6,2,15,4
UR ur ul U L D FS,2,10,42,6,2,15,4
FS L ur D UR U ul,4,10,44,6,2,11,3
FS L UR U ur D ul,4,10,44,6,2,11,3
FS L ur UR D U ul,4,10,44,6,2,17,4
FS L UR ur D U ul,4,10,44,6,2,17,4
FS L ur UR U D ul,4,10,44,6,2,13,4
FS L UR ur U D ul,4,10,44,6,2,17,4
FS ur L D UR U ul,4,10,44,6,2,13,3
FS UR L U ur D ul,4,10,44,6,2,11,3
FS ur L UR D U ul,4,10,44,6,2,17,4
FS UR L ur D U ul,4,10,44,6,2,13,4
FS ur L UR U D ul,4,10,44,6,2,13,4
FS UR L ur U D ul,4,10,44,6,2,13,4
FS ur UR L D U ul,4,10,44,6,2,19,4
FS UR ur L D U ul,4,10,44,6,2,15,4
FS ur UR L U D ul,4,10,44,6,2,17,4
FS UR ur L U D ul,4,10,44,6,2,13,4
L FS ur D UR U ul,4,10,44,6,2,13,3
L FS UR U ur D ul,4,10,44,6,2,9,3
L FS ur UR D U ul,4,10,44,6,2,19,4
L FS UR ur D U ul,4,10,44,6,2,15,4
L FS ur UR U D ul,4,10,44,6,2,15,4
L FS UR ur U D ul,4,10,44,6,2,15,4
L ur D FS UR U ul,4,10,44,6,2,9,3
L ur D UR FS U ul,4,10,44,6,2,11,3
L ur D UR U FS ul,4,10,44,6,2,9,3
L ur FS D UR U ul,4,10,44,6,2,13,3
L UR FS U ur D ul,4,10,44,6,2,11,3
L ur FS UR D U ul,4,10,44,6,2,15,4
L UR FS ur D U ul,4,10,44,6,2,15,4
L ur FS UR U D ul,4,10,44,6,2,11,4
L UR FS ur U D ul,4,10,44,6,2,15,4
L UR U FS ur D ul,4,10,44,6,2,11,3
L UR U ur D FS ul,4,10,44,6,2,11,3
L UR U ur FS D ul,4,10,44,6,2,13,3
L ur UR D FS U ul,4,10,44,6,2,15,4
L UR ur D FS U ul,4,10,44,6,2,15,4
L ur UR D U FS ul,4,10,44,6,2,15,4
L UR ur D U FS ul,4,10,44,6,2,15,4
L ur UR FS D U ul,4,10,44,6,2,15,4
L UR ur FS D U ul,4,10,44,6,2,19,4
L ur UR FS U D ul,4,10,44,6,2,13,4
L UR ur FS U D ul,4,10,44,6,2,17,4
L ur UR U D FS ul,4,10,44,6,2,13,4
L UR ur U D FS ul,4,10,44,6,2,17,4
L ur UR U FS D ul,4,10,44,6,2,11,4
L UR ur U FS D ul,4,10,44,6,2,15,4
ur FS L D UR U ul,4,10,44,6,2,14,3
UR FS L U ur D ul,4,10,44,6,2,10,3
ur FS L UR D U ul,4,10,44,6,2,18,4
UR FS L ur D U ul,4,10,44,6,2,12,4
ur FS L UR U D ul,4,10,44,6,2,14,4
UR FS L ur U D ul,4,10,44,6,2,12,4
ur FS UR L D U ul,4,10,44,6,2,16,4
UR FS ur L D U ul,4,10,44,6,2,14,4
ur FS UR L U D ul,4,10,44,6,2,14,4
UR FS ur L U D ul,4,10,44,6,2,12,4
ur L D FS UR U ul,4,10,44,6,2,10,3
ur L D UR FS U ul,4,10,44,6,2,12,3
ur L D UR U FS ul,4,10,44,6,2,10,3
ur L FS D UR U ul,4,10,44,6,2,12,3
UR L FS U ur D ul,4,10,44,6,2,12,3
ur L FS UR D U ul,4,10,44,6,2,14,4
UR L FS ur D U ul,4,10,44,6,2,16,4
ur L FS UR U D ul,4,10,44,6,2,10,4
UR L FS ur U D ul,4,10,44,6,2,16,4
UR L U FS ur D ul,4,10,44,6,2,12,3
UR L U ur D FS ul,4,10,44,6,2,12,3
UR L U ur FS D ul,4,10,44,6,2,14,3
ur L UR D FS U ul,4,10,44,6,2,14,3
UR L ur D FS U ul,4,10,44,6,2,12,3
ur L UR D U FS ul,4,10,44,6,2,14,4
UR L ur D U FS ul,4,10,44,6,2,12,4
ur L UR FS D U ul,4,10,44,6,2,14,4
UR L ur FS D U ul,4,10,44,6,2,16,4
ur L UR FS U D ul,4,10,44,6,2,12,4
UR L ur FS U D ul,4,10,44,6,2,14,4
ur L UR U D FS ul,4,10,44,6,2,12,4
UR L ur U D FS ul,4,10,44,6,2,14,4
ur L UR U FS D ul,4,10,44,6,2,10,3
UR L ur U FS D ul,4,10,44,6,2,12,3
UR U L FS ur D ul,4,10,44,6,2,10,3
UR U L ur D FS ul,4,10,44,6,2,8,2
UR U L ur FS D ul,4,10,44,6,2,10,3
UR U ur L D FS ul,4,10,44,6,2,10,3
UR U ur L FS D ul,4,10,44,6,2,10,3
ur UR FS L D U ul,4,10,44,6,2,16,4
UR ur FS L D U ul,4,10,44,6,2,18,4
ur UR FS L U D ul,4,10,44,6,2,14,4
UR ur FS L U D ul,4,10,44,6,2,16,4
ur UR L D FS U ul,4,10,44,6,2,16,4
UR ur L D FS U ul,4,10,44,6,2,14,4
ur UR L D U FS ul,4,10,44,6,2,16,4
UR ur L D U FS ul,4,10,44,6,2,14,4
ur UR L FS D U ul,4,10,44,6,2,18,4
UR ur L FS D U ul,4,10,44,6,2,16,4
ur UR L FS U D ul,4,10,44,6,2,16,4
UR ur L FS U D ul,4,10,44,6,2,14,4
ur UR L U D FS ul,4,10,44,6,2,16,4
UR ur L U D FS ul,4,10,44,6,2,14,4
ur UR L U FS D ul,4,10,44,6,2,14,4
UR ur L U FS D ul,4,10,44,6,2,12,4
ur UR U L D FS ul,4,10,44,6,2,12,4
UR ur U L D FS ul,4,10,44,6,2,14,4
ur UR U L FS D ul,4,10,44,6,2,12,4
UR ur U L FS D ul,4,10,44,6,2,14,4
D FS L U ul UR ur,2,10,44,7,2,15,4
D FS L U UR ul ur,2,10,44,7,2,11,2
D FS L ul U UR ur,2,10,44,7,2,15,4
D FS U L ul UR ur,2,10,44,7,2,15,4
D FS U L UR ul ur,2,10,44,7,2,13,3
D FS U ul L UR ur,2,10,44,7,2,17,4
D FS ul L U UR ur,2,10,44,7,2,13,4
D FS ul U L UR ur,2,10,44,7,2,15,4
D L FS U ul UR ur,2,10,44,7,2,15,4
D L FS U UR ul ur,2,10,44,7,2,11,2
D L FS ul U UR ur,2,10,44,7,2,13,4
D L U FS ul UR ur,2,10,44,7,2,13,4
D L U FS UR ul ur,2,10,44,7,2,11,2
D L U ul FS UR ur,2,10,44,7,2,13,4
D L U ul UR FS ur,2,10,44,7,2,13,3
D L U UR FS ul ur,2,10,44,7,2,9,2
D L U UR ul FS ur,2,10,44,7,2,11,3
D L ul FS U UR ur,2,10,44,7,2,13,4
D L ul U FS UR ur,2,10,44,7,2,15,4
D L ul U UR FS ur,2,10,44,7,2,13,3
D U FS L ul UR ur,2,10,44,7,2,17,4
D U FS L UR ul ur,2,10,44,7,2,15,4
D U FS ul L UR ur,2,10,44,7,2,17,4
D U L FS ul UR ur,2,10,44,7,2,15,4
D U L FS UR ul ur,2,10,44,7,2,13,4
D U L ul FS UR ur,2,10,44,7,2,15,4
D U L ul UR FS ur,2,10,44,7,2,15,4
D U L UR FS ul ur,2,10,44,7,2,13,4
D U L UR ul FS ur,2,10,44,7,2,15,4
D U ul FS L UR ur,2,10,44,7,2,17,4
D U ul L FS UR ur,2,10,44,7,2,17,4
D U ul L UR FS ur,2,10,44,7,2,17,4
D U ul UR L FS ur,2,10,44,7,2,17,4
D U UR L FS ul ur,2,10,44,7,2,13,4
D U UR L ul FS ur,2,10,44,7,2,15,4
D U UR ul L FS ur,2,10,44,7,2,15,4
D ul FS L U UR ur,2,10,44,7,2,11,4
D ul FS U L UR ur,2,10,44,7,2,13,4
D ul L FS U UR ur,2,10,44,7,2,13,4
D ul L U FS UR ur,2,10,44,7,2,13,4
D ul L U UR FS ur,2,10,44,7,2,11,3
D ul U FS L UR ur,2,10,44,7,2,15,4
D ul U L FS UR ur,2,10,44,7,2,13,4
D ul U L UR FS ur,2,10,44,7,2,13,3
D ul U UR L FS ur,2,10,44,7,2,13,3
FS D L U ul UR ur,2,10,44,7,2,15,4
FS D L U UR ul ur,2,10,44,7,2,11,2
FS D L ul U UR ur,2,10,44,7,2,15,4
FS D U L ul UR ur,2,10,44,7,2,17,4
FS D U L UR ul ur,2,10,44,7,2,15,4
FS D U ul L UR ur,2,10,44,7,2,19,4
FS D ul L U UR ur,2,10,44,7,2,13,4
FS D ul U L UR ur,2,10,44,7,2,15,4
FS L D U ul UR ur,2,10,44,7,2,17,4
FS L D U UR ul ur,2,10,44,7,2,13,4
FS L D ul U UR ur,2,10,44,7,2,13,4
FS L U D ul UR ur,2,10,44,7,2,15,4
FS L U D UR ul ur,2,10,44,7,2,15,4
FS L U ul D UR ur,2,10,44,7,2,15,4
FS L U UR D ul ur,2,10,44,7,2,11,3
FS L ul D U UR ur,2,10,44,7,2,15,4
FS L ul U D UR ur,2,10,44,7,2,19,4
FS U D L ul UR ur,2,10,44,7,2,17,4
FS U D L UR ul ur,2,10,44,7,2,15,4
FS U D ul L UR ur,2,10,44,7,2,17,4
FS U L D ul UR ur,2,10,44,7,2,13,4
FS U L D UR ul ur,2,10,44,7,2,13,3
FS U L ul D UR ur,2,10,44,7,2,15,4
FS U L UR D ul ur,2,10,44,7,2,13,3
FS U ul D L UR ur,2,10,44,7,2,15,4
FS U ul L D UR ur,2,10,44,7,2,17,4
FS U ul UR D ur L,2,10,44,7,2,12,3
FS U ul UR L ur D,2,10,44,7,2,12,3
FS U ul ur UR D L,2,10,44,7,2,16,4
FS U ul UR ur D L,2,10,44,7,2,14,4
FS U ul ur UR L D,2,10,44,7,2,16,4
FS U ul UR ur L D,2,10,44,7,2,14,4
FS U UR L ul ur D,2,10,44,7,2,12,3
FS U UR L ur ul D,2,10,44,7,2,10,3
FS U UR ul D ur L,2,10,44,7,2,8,2
FS U UR ul L ur D,2,10,44,7,2,10,3
FS U ur ul UR D L,2,10,44,7,2,14,3
FS U UR ul ur D L,2,10,44,7,2,10,2
FS U ur ul UR L D,2,10,44,7,2,14,3
FS U UR ul ur L D,2,10,44,7,2,10,2
FS U ur UR L ul D,2,10,44,7,2,16,4
FS U UR ur L ul D,2,10,44,7,2,12,4
FS U ur UR ul D L,2,10,44,7,2,14,4
FS U UR ur ul D L,2,10,44,7,2,12,4
FS U ur UR ul L D,2,10,44,7,2,16,4
FS U UR ur ul L D,2,10,44,7,2,14,4
FS ul D L U UR ur,2,10,44,7,2,11,4
FS ul D U L UR ur,2,10,44,7,2,15,4
FS ul L D U UR ur,2,10,44,7,2,15,4
FS ul L U D UR ur,2,10,44,7,2,17,4
FS ul U D L UR ur,2,10,44,7,2,17,4
FS ul U L D UR ur,2,10,44,7,2,15,4
FS ul U UR D ur L,2,10,44,7,2,10,3
FS ul U UR L ur D,2,10,44,7,2,10,3
FS ul U ur UR D L,2,10,44,7,2,16,4
FS ul U UR ur D L,2,10,44,7,2,12,4
FS ul U ur UR L D,2,10,44,7,2,16,4
FS ul U UR ur L D,2,10,44,7,2,12,4
FS ul ur U UR D L,2,10,44,7,2,12,3
FS ul ur U UR L D,2,10,44,7,2,12,3
FS ur U ul UR D L,2,10,44,7,2,16,3
FS ur U ul UR L D,2,10,44,7,2,16,3
FS ur U UR L ul D,2,10,44,7,2,14,3
FS ur U UR ul D L,2,10,44,7,2,12,3
FS ur U UR ul L D,2,10,44,7,2,14,3
FS ur ul U UR D L,2,10,44,7,2,14,3
FS ur ul U UR L D,2,10,44,7,2,14,3
L D FS U ul UR ur,2,10,44,7,2,15,4
L D FS U UR ul ur,2,10,44,7,2,11,2
L D FS ul U UR ur,2,10,44,7,2,13,4
L D U FS ul UR ur,2,10,44,7,2,15,4
L D U FS UR ul ur,2,10,44,7,2,13,4
L D U ul FS UR ur,2,10,44,7,2,15,4
L D U ul UR FS ur,2,10,44,7,2,15,4
L D U UR FS ul ur,2,10,44,7,2,11,4
L D U UR ul FS ur,2,10,44,7,2,13,4
L D ul FS U UR ur,2,10,44,7,2,11,4
L D ul U FS UR ur,2,10,44,7,2,13,4
L D ul U UR FS ur,2,10,44,7,2,11,3
L FS D U ul UR ur,2,10,44,7,2,17,4
L FS D U UR ul ur,2,10,44,7,2,13,4
L FS D ul U UR ur,2,10,44,7,2,13,4
L FS U D ul UR ur,2,10,44,7,2,15,4
L FS U D UR ul ur,2,10,44,7,2,15,4
L FS U ul D UR ur,2,10,44,7,2,15,4
L FS U UR D ul ur,2,10,44,7,2,11,3
L FS ul D U UR ur,2,10,44,7,2,13,4
L FS ul U D UR ur,2,10,44,7,2,17,4
L U D FS ul UR ur,2,10,44,7,2,15,4
L U D FS UR ul ur,2,10,44,7,2,13,4
L U D ul FS UR ur,2,10,44,7,2,13,4
L U D ul UR FS ur,2,10,44,7,2,13,4
L U D UR FS ul ur,2,10,44,7,2,13,4
L U D UR ul FS ur,2,10,44,7,2,15,4
L U FS D ul UR ur,2,10,44,7,2,13,4
L U FS D UR ul ur,2,10,44,7,2,13,3
L U FS ul D UR ur,2,10,44,7,2,13,4
L U FS UR D ul ur,2,10,44,7,2,11,3
L U ul D FS UR ur,2,10,44,7,2,13,4
L U ul D UR FS ur,2,10,44,7,2,13,3
L U ul FS D UR ur,2,10,44,7,2,15,4
L U ul UR D FS ur,2,10,44,7,2,15,3
L U UR D FS ul ur,2,10,44,7,2,11,3
L U UR D ul FS ur,2,10,44,7,2,11,3
L U UR FS D ul ur,2,10,44,7,2,9,2
L U UR ul D FS ur,2,10,44,7,2,11,3
L ul D FS U UR ur,2,10,44,7,2,13,4
L ul D U FS UR ur,2,10,44,7,2,15,4
L ul D U UR FS ur,2,10,44,7,2,13,4
L ul FS D U UR ur,2,10,44,7,2,15,4
L ul FS U D UR ur,2,10,44,7,2,17,4
L ul U D FS UR ur,2,10,44,7,2,17,4
L ul U D UR FS ur,2,10,44,7,2,17,4
L ul U FS D UR ur,2,10,44,7,2,17,4
L ul U UR D FS ur,2,10,44,7,2,15,3
U D FS L ul UR ur,2,10,44,7,2,17,4
U D FS L UR ul ur,2,10,44,7,2,15,4
U D FS ul L UR ur,2,10,44,7,2,17,4
U D L FS ul UR ur,2,10,44,7,2,15,4
U D L FS UR ul ur,2,10,44,7,2,13,4
U D L ul FS UR ur,2,10,44,7,2,15,4
U D L ul UR FS ur,2,10,44,7,2,15,4
U D L UR FS ul ur,2,10,44,7,2,13,4
U D L UR ul FS ur,2,10,44,7,2,15,4
U D ul FS L UR ur,2,10,44,7,2,15,4
U D ul L FS UR ur,2,10,44,7,2,15,4
U D ul L UR FS ur,2,10,44,7,2,15,4
U D ul UR L FS ur,2,10,44,7,2,15,4
U D UR L FS ul ur,2,10,44,7,2,15,4
U D UR L ul FS ur,2,10,44,7,2,17,4
U D UR ul L FS ur,2,10,44,7,2,17,4
U FS D L ul UR ur,2,10,44,7,2,15,4
U FS D L UR ul ur,2,10,44,7,2,13,3
U FS D ul L UR ur,2,10,44,7,2,15,4
U FS L D ul UR ur,2,10,44,7,2,13,4
U FS L D UR ul ur,2,10,44,7,2,13,3
U FS L ul D UR ur,2,10,44,7,2,15,4
U FS L UR D ul ur,2,10,44,7,2,13,3
U FS ul D L UR ur,2,10,44,7,2,13,4
U FS ul L D UR ur,2,10,44,7,2,15,4
U FS ul UR D ur L,2,10,44,7,2,10,3
U FS ul UR L ur D,2,10,44,7,2,10,3
U FS ul ur UR D L,2,10,44,7,2,14,4
U FS ul UR ur D L,2,10,44,7,2,12,4
U FS ul ur UR L D,2,10,44,7,2,14,4
U FS ul UR ur L D,2,10,44,7,2,12,4
U FS UR L ul ur D,2,10,44,7,2,12,3
U FS UR L ur ul D,2,10,44,7,2,10,3
U FS UR ul D ur L,2,10,44,7,2,8,2
U FS UR ul L ur D,2,10,44,7,2,10,3
U FS ur ul UR D L,2,10,44,7,2,14,3
U FS UR ul ur D L,2,10,44,7,2,10,2
U FS ur ul UR L D,2,10,44,7,2,14,3
U FS UR ul ur L D,2,10,44,7,2,10,2
U FS ur UR L ul D,2,10,44,7,2,16,4
U FS UR ur L ul D,2,10,44,7,2,12,4
U FS ur UR ul D L,2,10,44,7,2,14,4
U FS UR ur ul D L,2,10,44,7,2,12,4
U FS ur UR ul L D,2,10,44,7,2,16,4
U FS UR ur ul L D,2,10,44,7,2,14,4
U L D FS ul UR ur,2,10,44,7,2,13,4
U L D FS UR ul ur,2,10,44,7,2,11,2
U L D ul FS UR ur,2,10,44,7,2,11,4
U L D ul UR FS ur,2,10,44,7,2,11,3
U L D UR FS ul ur,2,10,44,7,2,11,3
U L D UR ul FS ur,2,10,44,7,2,13,3
U L FS D ul UR ur,2,10,44,7,2,13,4
U L FS D UR ul ur,2,10,44,7,2,13,3
U L FS ul D UR ur,2,10,44,7,2,13,4
U L FS UR D ul ur,2,10,44,7,2,11,3
U L ul D FS UR ur,2,10,44,7,2,13,4
U L ul D UR FS ur,2,10,44,7,2,13,3
U L ul FS D UR ur,2,10,44,7,2,15,4
U L ul UR D FS ur,2,10,44,7,2,15,3
U L UR D FS ul ur,2,10,44,7,2,13,3
U L UR D ul FS ur,2,10,44,7,2,13,3
U L UR FS D ul ur,2,10,44,7,2,11,3
U L UR ul D FS ur,2,10,44,7,2,13,3
U ul D FS L UR ur,2,10,44,7,2,15,4
U ul D L FS UR ur,2,10,44,7,2,13,4
U ul D L UR FS ur,2,10,44,7,2,13,3
U ul D UR L FS ur,2,10,44,7,2,15,3
U ul FS D L UR ur,2,10,44,7,2,15,4
U ul FS L D UR ur,2,10,44,7,2,15,4
U ul FS UR D ur L,2,10,44,7,2,10,3
U ul FS UR L ur D,2,10,44,7,2,10,3
U ul FS ur UR D L,2,10,44,7,2,16,4
U ul FS UR ur D L,2,10,44,7,2,12,4
U ul FS ur UR L D,2,10,44,7,2,16,4
U ul FS UR ur L D,2,10,44,7,2,12,4
U ul L D FS UR ur,2,10,44,7,2,15,4
U ul L D UR FS ur,2,10,44,7,2,15,3
U ul L FS D UR ur,2,10,44,7,2,17,4
U ul L UR D FS ur,2,10,44,7,2,17,3
U ul UR D L FS ur,2,10,44,7,2,15,3
U ul UR FS D ur L,2,10,44,7,2,10,3
U ul UR FS L ur D,2,10,44,7,2,10,3
U ul ur FS UR D L,2,10,44,7,2,14,3
U ul UR FS ur D L,2,10,44,7,2,12,3
U ul ur FS UR L D,2,10,44,7,2,14,3
U ul UR FS ur L D,2,10,44,7,2,12,3
U ul UR L D FS ur,2,10,44,7,2,15,3
U ul ur UR FS D L,2,10,44,7,2,14,4
U ul UR ur FS D L,2,10,44,7,2,16,4
U ul ur UR FS L D,2,10,44,7,2,14,4
U ul UR ur FS L D,2,10,44,7,2,16,4
U UR D L FS ul ur,2,10,44,7,2,11,3
U UR D L ul FS ur,2,10,44,7,2,13,3
U UR D ul L FS ur,2,10,44,7,2,13,3
U UR FS L ul ur D,2,10,44,7,2,10,3
U UR FS L ur ul D,2,10,44,7,2,8,2
U UR FS ul D ur L,2,10,44,7,2,6,1
U UR FS ul L ur D,2,10,44,7,2,8,3
U ur FS ul UR D L,2,10,44,7,2,14,3
U UR FS ul ur D L,2,10,44,7,2,8,2
U ur FS ul UR L D,2,10,44,7,2,14,3
U UR FS ul ur L D,2,10,44,7,2,8,2
U ur FS UR L ul D,2,10,44,7,2,14,3
U UR FS ur L ul D,2,10,44,7,2,10,3
U ur FS UR ul D L,2,10,44,7,2,12,3
U UR FS ur ul D L,2,10,44,7,2,10,3
U ur FS UR ul L D,2,10,44,7,2,14,3
U UR FS ur ul L D,2,10,44,7,2,12,3
U UR L D FS ul ur,2,10,44,7,2,11,3
U UR L D ul FS ur,2,10,44,7,2,11,3
U UR L FS D ul ur,2,10,44,7,2,11,3
U UR L ul D FS ur,2,10,44,7,2,13,3
U UR ul D L FS ur,2,10,44,7,2,11,3
U UR ul FS D ur L,2,10,44,7,2,8,2
U UR ul FS L ur D,2,10,44,7,2,8,2
U ur ul FS UR D L,2,10,44,7,2,12,3
U UR ul FS ur D L,2,10,44,7,2,10,3
U ur ul FS UR L D,2,10,44,7,2,12,3
U UR ul FS ur L D,2,10,44,7,2,10,3
U UR ul L D FS ur,2,10,44,7,2,13,3
U ur ul UR FS D L,2,10,44,7,2,12,3
U UR ul ur FS D L,2,10,44,7,2,12,3
U ur ul UR FS L D,2,10,44,7,2,12,3
U UR ul ur FS L D,2,10,44,7,2,12,3
U ur UR FS L ul D,2,10,44,7,2,14,4
U UR ur FS L ul D,2,10,44,7,2,14,4
U ur UR FS ul D L,2,10,44,7,2,12,4
U UR ur FS ul D L,2,10,44,7,2,12,4
U ur UR FS ul L D,2,10,44,7,2,14,4
U UR ur FS ul L D,2,10,44,7,2,14,4
U ur UR ul FS D L,2,10,44,7,2,14,4
U UR ur ul FS D L,2,10,44,7,2,12,4
U ur UR ul FS L D,2,10,44,7,2,14,4
U UR ur ul FS L D,2,10,44,7,2,12,4
ul D FS L U UR ur,2,10,44,7,2,12,4
ul D FS U L UR ur,2,10,44,7,2,14,4
ul D L FS U UR ur,2,10,44,7,2,12,4
ul D L U FS UR ur,2,10,44,7,2,12,4
ul D L U UR FS ur,2,10,44,7,2,10,3
ul D U FS L UR ur,2,10,44,7,2,16,4
ul D U L FS UR ur,2,10,44,7,2,14,4
ul D U L UR FS ur,2,10,44,7,2,14,4
ul D U UR L FS ur,2,10,44,7,2,14,4
ul FS D L U UR ur,2,10,44,7,2,12,4
ul FS D U L UR ur,2,10,44,7,2,16,4
ul FS L D U UR ur,2,10,44,7,2,14,4
ul FS L U D UR ur,2,10,44,7,2,16,4
ul FS U D L UR ur,2,10,44,7,2,16,4
ul FS U L D UR ur,2,10,44,7,2,14,4
ul FS U UR D ur L,2,10,44,7,2,9,3
ul FS U UR L ur D,2,10,44,7,2,9,3
ul FS U ur UR D L,2,10,44,7,2,15,4
ul FS U UR ur D L,2,10,44,7,2,11,4
ul FS U ur UR L D,2,10,44,7,2,15,4
ul FS U UR ur L D,2,10,44,7,2,11,4
ul FS ur U UR D L,2,10,44,7,2,13,3
ul FS ur U UR L D,2,10,44,7,2,13,3
ul L D FS U UR ur,2,10,44,7,2,14,4
ul L D U FS UR ur,2,10,44,7,2,16,4
ul L D U UR FS ur,2,10,44,7,2,14,4
ul L FS D U UR ur,2,10,44,7,2,16,4
ul L FS U D UR ur,2,10,44,7,2,18,4
ul L U D FS UR ur,2,10,44,7,2,16,4
ul L U D UR FS ur,2,10,44,7,2,16,4
ul L U FS D UR ur,2,10,44,7,2,16,4
ul L U UR D FS ur,2,10,44,7,2,14,3
ul U D FS L UR ur,2,10,44,7,2,18,4
ul U D L FS UR ur,2,10,44,7,2,16,4
ul U D L UR FS ur,2,10,44,7,2,16,4
ul U D UR L FS ur,2,10,44,7,2,18,4
ul U FS D L UR ur,2,10,44,7,2,16,4
ul U FS L D UR ur,2,10,44,7,2,16,4
ul U FS UR D ur L,2,10,44,7,2,11,3
ul U FS UR L ur D,2,10,44,7,2,11,3
ul U FS ur UR D L,2,10,44,7,2,17,4
ul U FS UR ur D L,2,10,44,7,2,13,4
ul U FS ur UR L D,2,10,44,7,2,17,4
ul U FS UR ur L D,2,10,44,7,2,13,4
ul U L D FS UR ur,2,10,44,7,2,14,4
ul U L D UR FS ur,2,10,44,7,2,14,3
ul U L FS D UR ur,2,10,44,7,2,16,4
ul U L UR D FS ur,2,10,44,7,2,16,3
ul U UR D L FS ur,2,10,44,7,2,14,3
ul U UR FS D ur L,2,10,44,7,2,9,3
ul U UR FS L ur D,2,10,44,7,2,9,3
ul U ur FS UR D L,2,10,44,7,2,15,3
ul U UR FS ur D L,2,10,44,7,2,11,3
ul U ur FS UR L D,2,10,44,7,2,15,3
ul U UR FS ur L D,2,10,44,7,2,11,3
ul U UR L D FS ur,2,10,44,7,2,14,3
ul U ur UR FS D L,2,10,44,7,2,15,4
ul U UR ur FS D L,2,10,44,7,2,15,4
ul U ur UR FS L D,2,10,44,7,2,15,4
ul U UR ur FS L D,2,10,44,7,2,15,4
ul ur FS U UR D L,2,10,44,7,2,13,3
ul ur FS U UR L D,2,10,44,7,2,13,3
ul ur U FS UR D L,2,10,44,7,2,13,3
ul ur U FS UR L D,2,10,44,7,2,13,3
ul ur U UR FS D L,2,10,44,7,2,11,3
ul ur U UR FS L D,2,10,44,7,2,11,3
ur FS U ul UR D L,2,10,44,7,2,15,3
ur FS U ul UR L D,2,10,44,7,2,15,3
ur FS U UR L ul D,2,10,44,7,2,13,3
ur FS U UR ul D L,2,10,44,7,2,11,3
ur FS U UR ul L D,2,10,44,7,2,13,3
ur FS ul U UR D L,2,10,44,7,2,13,3
ur FS ul U UR L D,2,10,44,7,2,13,3
ur U FS ul UR D L,2,10,44,7,2,13,3
ur U FS ul UR L D,2,10,44,7,2,13,3
ur U FS UR L ul D,2,10,44,7,2,13,3
ur U FS UR ul D L,2,10,44,7,2,11,3
ur U FS UR ul L D,2,10,44,7,2,13,3
ur U ul FS UR D L,2,10,44,7,2,13,3
ur U ul FS UR L D,2,10,44,7,2,13,3
ur U ul UR FS D L,2,10,44,7,2,13,3
ur U ul UR FS L D,2,10,44,7,2,13,3
ur U UR FS L ul D,2,10,44,7,2,11,3
ur U UR FS ul D L,2,10,44,7,2,9,3
ur U UR FS ul L D,2,10,44,7,2,11,3
ur U UR ul FS D L,2,10,44,7,2,11,3
ur U UR ul FS L D,2,10,44,7,2,11,3
ur ul FS U UR D L,2,10,44,7,2,11,3
ur ul FS U UR L D,2,10,44,7,2,11,3
ur ul U FS UR D L,2,10,44,7,2,13,3
ur ul U FS UR L D,2,10,44,7,2,13,3
ur ul U UR FS D L,2,10,44,7,2,11,3
ur ul U UR FS L D,2,10,44,7,2,11,3
D FS L UR U ul ur,2,10,46,7,2,13,3
D FS L UR ul U ur,2,10,46,7,2,15,3
D FS UR L U ul ur,2,10,46,7,2,13,3
D FS UR L ul U ur,2,10,46,7,2,15,3
D FS UR ul L U ur,2,10,46,7,2,13,3
D L FS UR U ul ur,2,10,46,7,2,11,3
D L FS UR ul U ur,2,10,46,7,2,13,3
D L U ul ur UR FS,2,10,46,7,2,14,4
D L U ul UR ur FS,2,10,46,7,2,16,4
D L U ur ul UR FS,2,10,46,7,2,12,3
D L U UR ul ur FS,2,10,46,7,2,12,3
D L U ur UR ul FS,2,10,46,7,2,14,4
D L U UR ur ul FS,2,10,46,7,2,12,4
D L ul U ur UR FS,2,10,46,7,2,16,4
D L ul U UR ur FS,2,10,46,7,2,16,4
D L ul UR FS U ur,2,10,46,7,2,13,3
D L ul UR U FS ur,2,10,46,7,2,13,3
D L ul ur U UR FS,2,10,46,7,2,12,3
D L UR FS U ul ur,2,10,46,7,2,13,3
D L UR FS ul U ur,2,10,46,7,2,13,3
D L UR U FS ul ur,2,10,46,7,2,11,3
D L UR U ul FS ur,2,10,46,7,2,13,3
D L ur U ul UR FS,2,10,46,7,2,12,3
D L ur U UR ul FS,2,10,46,7,2,10,3
D L UR ul FS U ur,2,10,46,7,2,13,3
D L UR ul U FS ur,2,10,46,7,2,15,3
D L ur ul U UR FS,2,10,46,7,2,10,3
D U L ul ur UR FS,2,10,46,7,2,16,4
D U L ul UR ur FS,2,10,46,7,2,18,4
D U L ur ul UR FS,2,10,46,7,2,12,4
D U L UR ul ur FS,2,10,46,7,2,16,4
D U L ur UR ul FS,2,10,46,7,2,14,4
D U L UR ur ul FS,2,10,46,7,2,16,4
D U ul L ur UR FS,2,10,46,7,2,16,4
D U ul L UR ur FS,2,10,46,7,2,20,4
D U ul UR L ur FS,2,10,46,7,2,16,4
D U UR L ul ur FS,2,10,46,7,2,16,4
D U UR L ur ul FS,2,10,46,7,2,12,4
D U UR ul L ur FS,2,10,46,7,2,14,4
D ul L U ur UR FS,2,10,46,7,2,14,4
D ul L U UR ur FS,2,10,46,7,2,14,4
D ul L UR FS U ur,2,10,46,7,2,13,3
D ul L UR U FS ur,2,10,46,7,2,13,3
D ul L ur U UR FS,2,10,46,7,2,10,3
D ul U L ur UR FS,2,10,46,7,2,12,4
D ul U L UR ur FS,2,10,46,7,2,16,4
D ul U UR L ur FS,2,10,46,7,2,12,3
D ul UR FS L U ur,2,10,46,7,2,11,3
D ul UR L FS U ur,2,10,46,7,2,13,3
D ul UR L U FS ur,2,10,46,7,2,13,3
D ul UR U L FS ur,2,10,46,7,2,11,3
D UR FS L U ul ur,2,10,46,7,2,13,3
D UR FS L ul U ur,2,10,46,7,2,15,3
D UR FS ul L U ur,2,10,46,7,2,13,3
D UR L FS U ul ur,2,10,46,7,2,15,3
D UR L FS ul U ur,2,10,46,7,2,15,3
D UR L U FS ul ur,2,10,46,7,2,13,3
D UR L U ul FS ur,2,10,46,7,2,15,3
D UR L ul FS U ur,2,10,46,7,2,15,3
D UR L ul U FS ur,2,10,46,7,2,17,3
D UR U L FS ul ur,2,10,46,7,2,11,3
D UR U L ul FS ur,2,10,46,7,2,13,3
D UR U ul L FS ur,2,10,46,7,2,15,3
D UR ul FS L U ur,2,10,46,7,2,13,3
D UR ul L FS U ur,2,10,46,7,2,15,3
D UR ul L U FS ur,2,10,46,7,2,15,3
D UR ul U L FS ur,2,10,46,7,2,15,3
FS D L UR U ul ur,2,10,46,7,2,13,3
FS D L UR ul U ur,2,10,46,7,2,15,3
FS D UR L U ul ur,2,10,46,7,2,15,3
FS D UR L ul U ur,2,10,46,7,2,17,3
FS D UR ul L U ur,2,10,46,7,2,15,3
FS L D UR U ul ur,2,10,46,7,2,13,3
FS L D UR ul U ur,2,10,46,7,2,15,3
FS L UR D U ul ur,2,10,46,7,2,17,4
FS L UR D ul U ur,2,10,46,7,2,15,3
FS L UR U D ul ur,2,10,46,7,2,13,4
FS ul UR D U ur L,2,10,46,7,2,14,4
FS ul UR D ur L U,2,10,46,7,2,10,3
FS ul UR D ur U L,2,10,46,7,2,12,3
FS ul UR U D ur L,2,10,46,7,2,10,4
FS ul UR U L ur D,2,10,46,7,2,8,2
FS ul UR U ur D L,2,10,46,7,2,10,3
FS ul UR U ur L D,2,10,46,7,2,10,3
FS ul ur UR D L U,2,10,46,7,2,14,4
FS ul UR ur D L U,2,10,46,7,2,12,4
FS ul ur UR D U L,2,10,46,7,2,16,4
FS ul UR ur D U L,2,10,46,7,2,14,4
FS ul ur UR U D L,2,10,46,7,2,14,4
FS ul UR ur U D L,2,10,46,7,2,16,4
FS ul ur UR U L D,2,10,46,7,2,12,4
FS ul UR ur U L D,2,10,46,7,2,14,4
FS UR D L U ul ur,2,10,46,7,2,13,3
FS UR D L ul U ur,2,10,46,7,2,15,3
FS UR D ul L U ur,2,10,46,7,2,13,3
FS UR L D U ul ur,2,10,46,7,2,15,4
FS UR L D ul U ur,2,10,46,7,2,13,3
FS UR L U D ul ur,2,10,46,7,2,13,4
FS UR U L ul ur D,2,10,46,7,2,10,3
FS UR U L ur ul D,2,10,46,7,2,8,2
FS UR U ul D ur L,2,10,46,7,2,8,3
FS UR U ul L ur D,2,10,46,7,2,10,3
FS UR U ul ur D L,2,10,46,7,2,10,3
FS UR U ul ur L D,2,10,46,7,2,10,3
FS UR U ur L ul D,2,10,46,7,2,10,3
FS UR U ur ul D L,2,10,46,7,2,10,3
FS UR U ur ul L D,2,10,46,7,2,12,3
FS UR ul D U ur L,2,10,46,7,2,12,4
FS UR ul D ur L U,2,10,46,7,2,8,2
FS UR ul D ur U L,2,10,46,7,2,10,3
FS UR ul U D ur L,2,10,46,7,2,12,4
FS UR ul U L ur D,2,10,46,7,2,10,3
FS UR ul U ur D L,2,10,46,7,2,12,3
FS UR ul U ur L D,2,10,46,7,2,12,3
FS ur ul UR D L U,2,10,46,7,2,14,3
FS UR ul ur D L U,2,10,46,7,2,10,2
FS ur ul UR D U L,2,10,46,7,2,16,4
FS UR ul ur D U L,2,10,46,7,2,12,4
FS ur ul UR U D L,2,10,46,7,2,14,4
FS UR ul ur U D L,2,10,46,7,2,14,4
FS ur ul UR U L D,2,10,46,7,2,12,3
FS UR ul ur U L D,2,10,46,7,2,12,3
FS ur UR U L ul D,2,10,46,7,2,14,4
FS UR ur U L ul D,2,10,46,7,2,14,4
FS ur UR U ul D L,2,10,46,7,2,14,4
FS UR ur U ul D L,2,10,46,7,2,14,4
FS ur UR U ul L D,2,10,46,7,2,16,4
FS UR ur U ul L D,2,10,46,7,2,16,4
FS ur UR ul D L U,2,10,46,7,2,14,4
FS UR ur ul D L U,2,10,46,7,2,12,4
FS ur UR ul D U L,2,10,46,7,2,16,4
FS UR ur ul D U L,2,10,46,7,2,14,4
FS ur UR ul U D L,2,10,46,7,2,18,4
FS UR ur ul U D L,2,10,46,7,2,16,4
FS ur UR ul U L D,2,10,46,7,2,16,4
FS UR ur ul U L D,2,10,46,7,2,14,4
L D FS UR U ul ur,2,10,46,7,2,11,3
L D FS UR ul U ur,2,10,46,7,2,13,3
L D U ul ur UR FS,2,10,46,7,2,16,4
L D U ul UR ur FS,2,10,46,7,2,18,4
L D U ur ul UR FS,2,10,46,7,2,14,4
L D U UR ul ur FS,2,10,46,7,2,14,4
L D U ur UR ul FS,2,10,46,7,2,16,4
L D U UR ur ul FS,2,10,46,7,2,14,4
L D ul U ur UR FS,2,10,46,7,2,14,4
L D ul U UR ur FS,2,10,46,7,2,14,4
L D ul UR FS U ur,2,10,46,7,2,11,3
L D ul UR U FS ur,2,10,46,7,2,11,3
L D ul ur U UR FS,2,10,46,7,2,10,3
L D UR FS U ul ur,2,10,46,7,2,13,3
L D UR FS ul U ur,2,10,46,7,2,13,3
L D UR U FS ul ur,2,10,46,7,2,11,3
L D UR U ul FS ur,2,10,46,7,2,13,3
L D ur U ul UR FS,2,10,46,7,2,12,3
L D ur U UR ul FS,2,10,46,7,2,10,3
L D UR ul FS U ur,2,10,46,7,2,13,3
L D UR ul U FS ur,2,10,46,7,2,15,3
L D ur ul U UR FS,2,10,46,7,2,10,3
L FS D UR U ul ur,2,10,46,7,2,13,3
L FS D UR ul U ur,2,10,46,7,2,15,3
L FS UR D U ul ur,2,10,46,7,2,15,4
L FS UR D ul U ur,2,10,46,7,2,13,3
L FS UR U D ul ur,2,10,46,7,2,11,4
L U D ul ur UR FS,2,10,46,7,2,14,4
L U D ul UR ur FS,2,10,46,7,2,16,4
L U D ur ul UR FS,2,10,46,7,2,12,4
L U D UR ul ur FS,2,10,46,7,2,16,4
L U D ur UR ul FS,2,10,46,7,2,14,4
L U D UR ur ul FS,2,10,46,7,2,16,4
L U ul D ur UR FS,2,10,46,7,2,12,4
L U ul D UR ur FS,2,10,46,7,2,16,4
L U ul UR D ur FS,2,10,46,7,2,14,3
L U UR D ul ur FS,2,10,46,7,2,12,3
L U UR D ur ul FS,2,10,46,7,2,10,3
L U UR ul D ur FS,2,10,46,7,2,10,3
L ul D U ur UR FS,2,10,46,7,2,16,4
L ul D U UR ur FS,2,10,46,7,2,16,4
L ul D UR FS U ur,2,10,46,7,2,13,3
L ul D UR U FS ur,2,10,46,7,2,13,3
L ul D ur U UR FS,2,10,46,7,2,10,3
L ul U D ur UR FS,2,10,46,7,2,16,4
L ul U D UR ur FS,2,10,46,7,2,20,4
L ul U UR D ur FS,2,10,46,7,2,14,3
L ul UR D FS U ur,2,10,46,7,2,15,3
L ul UR D U FS ur,2,10,46,7,2,17,4
L ul UR U D FS ur,2,10,46,7,2,15,4
L UR D FS U ul ur,2,10,46,7,2,15,3
L UR D FS ul U ur,2,10,46,7,2,15,3
L UR D U FS ul ur,2,10,46,7,2,15,4
L UR D U ul FS ur,2,10,46,7,2,17,4
L UR D ul FS U ur,2,10,46,7,2,13,3
L UR D ul U FS ur,2,10,46,7,2,15,3
L UR FS D U ul ur,2,10,46,7,2,15,4
L UR FS D ul U ur,2,10,46,7,2,13,3
L UR FS U D ul ur,2,10,46,7,2,13,4
L UR U D FS ul ur,2,10,46,7,2,13,4
L UR U D ul FS ur,2,10,46,7,2,13,4
L UR U FS D ul ur,2,10,46,7,2,11,3
L UR U ul D FS ur,2,10,46,7,2,13,3
L UR ul D FS U ur,2,10,46,7,2,13,3
L UR ul D U FS ur,2,10,46,7,2,15,4
L UR ul U D FS ur,2,10,46,7,2,17,4
U D L ul ur UR FS,2,10,46,7,2,16,4
U D L ul UR ur FS,2,10,46,7,2,18,4
U D L ur ul UR FS,2,10,46,7,2,12,4
U D L UR ul ur FS,2,10,46,7,2,16,4
U D L ur UR ul FS,2,10,46,7,2,14,4
U D L UR ur ul FS,2,10,46,7,2,16,4
U D ul L ur UR FS,2,10,46,7,2,14,4
U D ul L UR ur FS,2,10,46,7,2,18,4
U D ul UR L ur FS,2,10,46,7,2,14,4
U D UR L ul ur FS,2,10,46,7,2,18,4
U D UR L ur ul FS,2,10,46,7,2,14,4
U D UR ul L ur FS,2,10,46,7,2,16,4
U L D ul ur UR FS,2,10,46,7,2,12,4
U L D ul UR ur FS,2,10,46,7,2,14,4
U L D ur ul UR FS,2,10,46,7,2,10,2
U L D UR ul ur FS,2,10,46,7,2,14,3
U L D ur UR ul FS,2,10,46,7,2,12,4
U L D UR ur ul FS,2,10,46,7,2,14,4
U L ul D ur UR FS,2,10,46,7,2,12,4
U L ul D UR ur FS,2,10,46,7,2,16,4
U L ul UR D ur FS,2,10,46,7,2,14,3
U L UR D ul ur FS,2,10,46,7,2,14,3
U L UR D ur ul FS,2,10,46,7,2,12,3
U L UR ul D ur FS,2,10,46,7,2,12,3
U ul D L ur UR FS,2,10,46,7,2,12,4
U ul D L UR ur FS,2,10,46,7,2,16,4
U ul D UR L ur FS,2,10,46,7,2,14,3
U ul L D ur UR FS,2,10,46,7,2,14,4
U ul L D UR ur FS,2,10,46,7,2,18,4
U ul L UR D ur FS,2,10,46,7,2,16,3
U ul UR D L ur FS,2,10,46,7,2,14,3
U ul UR L D ur FS,2,10,46,7,2,14,3
U UR D L ul ur FS,2,10,46,7,2,14,3
U UR D L ur ul FS,2,10,46,7,2,10,3
U UR D ul L ur FS,2,10,46,7,2,12,3
U UR L D ul ur FS,2,10,46,7,2,12,3
U UR L D ur ul FS,2,10,46,7,2,10,3
U UR L ul D ur FS,2,10,46,7,2,12,3
U UR ul D L ur FS,2,10,46,7,2,10,3
U UR ul L D ur FS,2,10,46,7,2,12,3
ul D L U ur UR FS,2,10,46,7,2,13,4
ul D L U UR ur FS,2,10,46,7,2,13,4
ul D L UR FS U ur,2,10,46,7,2,12,3
ul D L UR U FS ur,2,10,46,7,2,12,3
ul D L ur U UR FS,2,10,46,7,2,9,3
ul D U L ur UR FS,2,10,46,7,2,13,4
ul D U L UR ur FS,2,10,46,7,2,17,4
ul D U UR L ur FS,2,10,46,7,2,13,4
ul D UR FS L U ur,2,10,46,7,2,12,3
ul D UR L FS U ur,2,10,46,7,2,14,3
ul D UR L U FS ur,2,10,46,7,2,14,3
ul D UR U L FS ur,2,10,46,7,2,12,3
ul FS UR D U ur L,2,10,46,7,2,13,4
ul FS UR D ur L U,2,10,46,7,2,9,3
ul FS UR D ur U L,2,10,46,7,2,11,3
ul FS UR U D ur L,2,10,46,7,2,9,4
ul FS UR U L ur D,2,10,46,7,2,7,2
ul FS UR U ur D L,2,10,46,7,2,9,3
ul FS UR U ur L D,2,10,46,7,2,9,3
ul FS ur UR D L U,2,10,46,7,2,15,4
ul FS UR ur D L U,2,10,46,7,2,11,4
ul FS ur UR D U L,2,10,46,7,2,17,4
ul FS UR ur D U L,2,10,46,7,2,13,4
ul FS ur UR U D L,2,10,46,7,2,15,4
ul FS UR ur U D L,2,10,46,7,2,15,4
ul FS ur UR U L D,2,10,46,7,2,13,4
ul FS UR ur U L D,2,10,46,7,2,13,4
ul L D U ur UR FS,2,10,46,7,2,17,4
ul L D U UR ur FS,2,10,46,7,2,17,4
ul L D UR FS U ur,2,10,46,7,2,14,3
ul L D UR U FS ur,2,10,46,7,2,14,3
ul L D ur U UR FS,2,10,46,7,2,11,3
ul L U D ur UR FS,2,10,46,7,2,15,4
ul L U D UR ur FS,2,10,46,7,2,19,4
ul L U UR D ur FS,2,10,46,7,2,13,3
ul L UR D FS U ur,2,10,46,7,2,16,3
ul L UR D U FS ur,2,10,46,7,2,18,4
ul L UR U D FS ur,2,10,46,7,2,16,4
ul U D L ur UR FS,2,10,46,7,2,15,4
ul U D L UR ur FS,2,10,46,7,2,19,4
ul U D UR L ur FS,2,10,46,7,2,17,4
ul U L D ur UR FS,2,10,46,7,2,13,4
ul U L D UR ur FS,2,10,46,7,2,17,4
ul U L UR D ur FS,2,10,46,7,2,15,3
ul U UR D L ur FS,2,10,46,7,2,13,3
ul U UR L D ur FS,2,10,46,7,2,13,3
ul UR D FS L U ur,2,10,46,7,2,14,3
ul UR D L FS U ur,2,10,46,7,2,14,3
ul UR D L U FS ur,2,10,46,7,2,14,3
ul UR D U L FS ur,2,10,46,7,2,16,4
ul UR FS D U ur L,2,10,46,7,2,13,4
ul UR FS D ur L U,2,10,46,7,2,9,2
ul UR FS D ur U L,2,10,46,7,2,11,3
ul UR FS U D ur L,2,10,46,7,2,11,4
ul UR FS U L ur D,2,10,46,7,2,9,2
ul UR FS U ur D L,2,10,46,7,2,11,3
ul UR FS U ur L D,2,10,46,7,2,11,3
ul ur FS UR D L U,2,10,46,7,2,13,3
ul UR FS ur D L U,2,10,46,7,2,11,3
ul ur FS UR D U L,2,10,46,7,2,15,4
ul UR FS ur D U L,2,10,46,7,2,13,4
ul ur FS UR U D L,2,10,46,7,2,13,4
ul UR FS ur U D L,2,10,46,7,2,15,4
ul ur FS UR U L D,2,10,46,7,2,11,3
ul UR FS ur U L D,2,10,46,7,2,13,3
ul UR L D FS U ur,2,10,46,7,2,14,3
ul UR L D U FS ur,2,10,46,7,2,16,4
ul UR L U D FS ur,2,10,46,7,2,16,4
ul UR U D L FS ur,2,10,46,7,2,14,4
ul UR U FS D ur L,2,10,46,7,2,9,2
ul UR U FS L ur D,2,10,46,7,2,9,2
ul UR U FS ur D L,2,10,46,7,2,11,3
ul UR U FS ur L D,2,10,46,7,2,11,3
ul UR U L D FS ur,2,10,46,7,2,12,3
ul UR U ur FS D L,2,10,46,7,2,13,3
ul UR U ur FS L D,2,10,46,7,2,13,3
ul ur UR FS D L U,2,10,46,7,2,13,4
ul UR ur FS D L U,2,10,46,7,2,15,4
ul ur UR FS D U L,2,10,46,7,2,15,4
ul UR ur FS D U L,2,10,46,7,2,17,4
ul ur UR FS U D L,2,10,46,7,2,15,4
ul UR ur FS U D L,2,10,46,7,2,17,4
ul ur UR FS U L D,2,10,46,7,2,13,4
ul UR ur FS U L D,2,10,46,7,2,15,4
ul ur UR U FS D L,2,10,46,7,2,13,4
ul UR ur U FS D L,2,10,46,7,2,15,4
ul ur UR U FS L D,2,10,46,7,2,13,4
ul UR ur U FS L D,2,10,46,7,2,15,4
UR D FS L U ul ur,2,10,46,7,2,14,3
UR D FS L ul U ur,2,10,46,7,2,16,3
UR D FS ul L U ur,2,10,46,7,2,14,3
UR D L FS U ul ur,2,10,46,7,2,14,3
UR D L FS ul U ur,2,10,46,7,2,14,3
UR D L U FS ul ur,2,10,46,7,2,12,3
UR D L U ul FS ur,2,10,46,7,2,14,3
UR D L ul FS U ur,2,10,46,7,2,14,3
UR D L ul U FS ur,2,10,46,7,2,16,3
UR D U L FS ul ur,2,10,46,7,2,14,4
UR D U L ul FS ur,2,10,46,7,2,16,4
UR D U ul L FS ur,2,10,46,7,2,18,4
UR D ul FS L U ur,2,10,46,7,2,12,3
UR D ul L FS U ur,2,10,46,7,2,14,3
UR D ul L U FS ur,2,10,46,7,2,14,3
UR D ul U L FS ur,2,10,46,7,2,14,3
UR FS D L U ul ur,2,10,46,7,2,12,3
UR FS D L ul U ur,2,10,46,7,2,14,3
UR FS D ul L U ur,2,10,46,7,2,12,3
UR FS L D U ul ur,2,10,46,7,2,14,4
UR FS L D ul U ur,2,10,46,7,2,12,3
UR FS L U D ul ur,2,10,46,7,2,12,4
UR FS U L ul ur D,2,10,46,7,2,11,3
UR FS U L ur ul D,2,10,46,7,2,9,2
UR FS U ul D ur L,2,10,46,7,2,9,3
UR FS U ul L ur D,2,10,46,7,2,11,3
UR FS U ul ur D L,2,10,46,7,2,11,3
UR FS U ul ur L D,2,10,46,7,2,11,3
UR FS U ur L ul D,2,10,46,7,2,11,3
UR FS U ur ul D L,2,10,46,7,2,11,3
UR FS U ur ul L D,2,10,46,7,2,13,3
UR FS ul D U ur L,2,10,46,7,2,11,4
UR FS ul D ur L U,2,10,46,7,2,7,2
UR FS ul D ur U L,2,10,46,7,2,9,3
UR FS ul U D ur L,2,10,46,7,2,11,4
UR FS ul U L ur D,2,10,46,7,2,9,3
UR FS ul U ur D L,2,10,46,7,2,11,3
UR FS ul U ur L D,2,10,46,7,2,11,3
ur FS ul UR D L U,2,10,46,7,2,13,3
UR FS ul ur D L U,2,10,46,7,2,9,2
ur FS ul UR D U L,2,10,46,7,2,15,4
UR FS ul ur D U L,2,10,46,7,2,11,4
ur FS ul UR U D L,2,10,46,7,2,13,4
UR FS ul ur U D L,2,10,46,7,2,13,4
ur FS ul UR U L D,2,10,46,7,2,11,3
UR FS ul ur U L D,2,10,46,7,2,11,3
ur FS UR U L ul D,2,10,46,7,2,11,3
UR FS ur U L ul D,2,10,46,7,2,13,3
ur FS UR U ul D L,2,10,46,7,2,11,3
UR FS ur U ul D L,2,10,46,7,2,13,3
ur FS UR U ul L D,2,10,46,7,2,13,3
UR FS ur U ul L D,2,10,46,7,2,15,3
ur FS UR ul D L U,2,10,46,7,2,11,3
UR FS ur ul D L U,2,10,46,7,2,11,3
ur FS UR ul D U L,2,10,46,7,2,13,4
UR FS ur ul D U L,2,10,46,7,2,13,4
ur FS UR ul U D L,2,10,46,7,2,15,4
UR FS ur ul U D L,2,10,46,7,2,15,4
ur FS UR ul U L D,2,10,46,7,2,13,3
UR FS ur ul U L D,2,10,46,7,2,13,3
UR L D FS U ul ur,2,10,46,7,2,14,3
UR L D FS ul U ur,2,10,46,7,2,14,3
UR L D U FS ul ur,2,10,46,7,2,14,4
UR L D U ul FS ur,2,10,46,7,2,16,4
UR L D ul FS U ur,2,10,46,7,2,12,3
UR L D ul U FS ur,2,10,46,7,2,14,3
UR L FS D U ul ur,2,10,46,7,2,16,4
UR L FS D ul U ur,2,10,46,7,2,14,3
UR L FS U D ul ur,2,10,46,7,2,14,4
UR L U D FS ul ur,2,10,46,7,2,14,4
UR L U D ul FS ur,2,10,46,7,2,14,4
UR L U FS D ul ur,2,10,46,7,2,12,3
UR L U ul D FS ur,2,10,46,7,2,14,3
UR L ul D FS U ur,2,10,46,7,2,14,3
UR L ul D U FS ur,2,10,46,7,2,16,4
UR L ul U D FS ur,2,10,46,7,2,18,4
UR U D L FS ul ur,2,10,46,7,2,12,4
UR U D L ul FS ur,2,10,46,7,2,14,4
UR U D ul L FS ur,2,10,46,7,2,14,4
UR U FS L ul ur D,2,10,46,7,2,11,3
UR U FS L ur ul D,2,10,46,7,2,9,2
UR U FS ul D ur L,2,10,46,7,2,7,2
UR U FS ul L ur D,2,10,46,7,2,9,3
UR U FS ul ur D L,2,10,46,7,2,9,2
UR U FS ul ur L D,2,10,46,7,2,9,2
UR U FS ur L ul D,2,10,46,7,2,11,3
UR U FS ur ul D L,2,10,46,7,2,11,3
UR U FS ur ul L D,2,10,46,7,2,13,3
UR U L D FS ul ur,2,10,46,7,2,10,2
UR U L D ul FS ur,2,10,46,7,2,10,3
UR U L FS D ul ur,2,10,46,7,2,10,2
UR U L ul D FS ur,2,10,46,7,2,12,3
UR U ul D L FS ur,2,10,46,7,2,12,3
UR U ul FS D ur L,2,10,46,7,2,9,3
UR U ul FS L ur D,2,10,46,7,2,9,3
UR U ul FS ur D L,2,10,46,7,2,11,3
UR U ul FS ur L D,2,10,46,7,2,11,3
UR U ul L D FS ur,2,10,46,7,2,14,3
UR U ul ur FS D L,2,10,46,7,2,13,3
UR U ul ur FS L D,2,10,46,7,2,13,3
UR U ur FS L ul D,2,10,46,7,2,13,3
UR U ur FS ul D L,2,10,46,7,2,11,3
UR U ur FS ul L D,2,10,46,7,2,13,3
UR U ur ul FS D L,2,10,46,7,2,11,3
UR U ur ul FS L D,2,10,46,7,2,11,3
UR ul D FS L U ur,2,10,46,7,2,12,3
UR ul D L FS U ur,2,10,46,7,2,12,3
UR ul D L U FS ur,2,10,46,7,2,12,3
UR ul D U L FS ur,2,10,46,7,2,14,4
UR ul FS D U ur L,2,10,46,7,2,13,4
UR ul FS D ur L U,2,10,46,7,2,9,2
UR ul FS D ur U L,2,10,46,7,2,11,3
UR ul FS U D ur L,2,10,46,7,2,11,4
UR ul FS U L ur D,2,10,46,7,2,9,2
UR ul FS U ur D L,2,10,46,7,2,11,3
UR ul FS U ur L D,2,10,46,7,2,11,3
ur ul FS UR D L U,2,10,46,7,2,11,3
UR ul FS ur D L U,2,10,46,7,2,11,3
ur ul FS UR D U L,2,10,46,7,2,13,4
UR ul FS ur D U L,2,10,46,7,2,13,4
ur ul FS UR U D L,2,10,46,7,2,11,4
UR ul FS ur U D L,2,10,46,7,2,15,4
ur ul FS UR U L D,2,10,46,7,2,9,2
UR ul FS ur U L D,2,10,46,7,2,13,3
UR ul L D FS U ur,2,10,46,7,2,14,3
UR ul L D U FS ur,2,10,46,7,2,16,4
UR ul L U D FS ur,2,10,46,7,2,16,4
UR ul U D L FS ur,2,10,46,7,2,16,4
UR ul U FS D ur L,2,10,46,7,2,11,3
UR ul U FS L ur D,2,10,46,7,2,11,3
UR ul U FS ur D L,2,10,46,7,2,13,3
UR ul U FS ur L D,2,10,46,7,2,13,3
UR ul U L D FS ur,2,10,46,7,2,14,3
UR ul U ur FS D L,2,10,46,7,2,15,3
UR ul U ur FS L D,2,10,46,7,2,15,3
ur ul UR FS D L U,2,10,46,7,2,11,2
UR ul ur FS D L U,2,10,46,7,2,13,3
ur ul UR FS D U L,2,10,46,7,2,13,4
UR ul ur FS D U L,2,10,46,7,2,15,4
ur ul UR FS U D L,2,10,46,7,2,13,4
UR ul ur FS U D L,2,10,46,7,2,15,4
ur ul UR FS U L D,2,10,46,7,2,11,2
UR ul ur FS U L D,2,10,46,7,2,13,3
ur ul UR U FS D L,2,10,46,7,2,11,2
UR ul ur U FS D L,2,10,46,7,2,13,3
ur ul UR U FS L D,2,10,46,7,2,11,2
UR ul ur U FS L D,2,10,46,7,2,13,3
ur UR FS U L ul D,2,10,46,7,2,13,4
UR ur FS U L ul D,2,10,46,7,2,15,4
ur UR FS U ul D L,2,10,46,7,2,13,4
UR ur FS U ul D L,2,10,46,7,2,15,4
ur UR FS U ul L D,2,10,46,7,2,15,4
UR ur FS U ul L D,2,10,46,7,2,17,4
ur UR FS ul D L U,2,10,46,7,2,11,4
UR ur FS ul D L U,2,10,46,7,2,13,4
ur UR FS ul D U L,2,10,46,7,2,13,4
UR ur FS ul D U L,2,10,46,7,2,15,4
ur UR FS ul U D L,2,10,46,7,2,15,4
UR ur FS ul U D L,2,10,46,7,2,17,4
ur UR FS ul U L D,2,10,46,7,2,13,4
UR ur FS ul U L D,2,10,46,7,2,15,4
ur UR U FS L ul D,2,10,46,7,2,13,4
UR ur U FS L ul D,2,10,46,7,2,15,4
ur UR U FS ul D L,2,10,46,7,2,11,4
UR ur U FS ul D L,2,10,46,7,2,13,4
ur UR U FS ul L D,2,10,46,7,2,13,4
UR ur U FS ul L D,2,10,46,7,2,15,4
ur UR U ul FS D L,2,10,46,7,2,13,4
UR ur U ul FS D L,2,10,46,7,2,15,4
ur UR U ul FS L D,2,10,46,7,2,13,4
UR ur U ul FS L D,2,10,46,7,2,15,4
ur UR ul FS D L U,2,10,46,7,2,13,4
UR ur ul FS D L U,2,10,46,7,2,13,4
ur UR ul FS D U L,2,10,46,7,2,15,4
UR ur ul FS D U L,2,10,46,7,2,15,4
ur UR ul FS U D L,2,10,46,7,2,15,4
UR ur ul FS U D L,2,10,46,7,2,15,4
ur UR ul FS U L D,2,10,46,7,2,13,4
UR ur ul FS U L D,2,10,46,7,2,13,4
ur UR ul U FS D L,2,10,46,7,2,15,4
UR ur ul U FS D L,2,10,46,7,2,15,4
ur UR ul U FS L D,2,10,46,7,2,15,4
UR ur ul U FS L D,2,10,46,7,2,15,4
D FS L U ur UR ul,2,10,48,7,2,15,4
D FS L U UR ur ul,2,10,48,7,2,13,4
D FS L ur U UR ul,2,10,48,7,2,11,3
D FS U L ur UR ul,2,10,48,7,2,13,4
D FS U L UR ur ul,2,10,48,7,2,15,4
D FS ul ur L UR U,2,10,48,7,2,10,3
D FS ul UR U ur L,2,10,48,7,2,10,3
D FS ul ur UR L U,2,10,48,7,2,14,4
D FS ul UR ur L U,2,10,48,7,2,12,4
D FS ul ur UR U L,2,10,48,7,2,12,4
D FS ul UR ur U L,2,10,48,7,2,14,4
D FS ur L ul UR U,2,10,48,7,2,12,3
D FS ur ul L UR U,2,10,48,7,2,14,3
D FS ur ul UR L U,2,10,48,7,2,14,3
D FS ur ul UR U L,2,10,48,7,2,12,3
D L FS U ur UR ul,2,10,48,7,2,15,4
D L FS U UR ur ul,2,10,48,7,2,13,4
D L FS ur U UR ul,2,10,48,7,2,13,3
D L U FS ur UR ul,2,10,48,7,2,15,4
D L U FS UR ur ul,2,10,48,7,2,13,4
D L U ur FS UR ul,2,10,48,7,2,13,3
D L U UR FS ur ul,2,10,48,7,2,11,3
D L U ur UR FS ul,2,10,48,7,2,13,4
D L U UR ur FS ul,2,10,48,7,2,13,4
D L ul UR U ur FS,2,10,48,7,2,14,3
D L ul ur UR U FS,2,10,48,7,2,14,4
D L ul UR ur U FS,2,10,48,7,2,16,4
D L ur FS U UR ul,2,10,48,7,2,11,3
D L ur U FS UR ul,2,10,48,7,2,11,3
D L UR U ul ur FS,2,10,48,7,2,14,3
D L ur U UR FS ul,2,10,48,7,2,9,3
D L UR U ur ul FS,2,10,48,7,2,12,3
D L UR ul U ur FS,2,10,48,7,2,16,3
D L ur ul UR U FS,2,10,48,7,2,10,2
D L UR ul ur U FS,2,10,48,7,2,14,3
D L ur UR U ul FS,2,10,48,7,2,12,4
D L UR ur U ul FS,2,10,48,7,2,16,4
D L ur UR ul U FS,2,10,48,7,2,14,4
D L UR ur ul U FS,2,10,48,7,2,16,4
D U FS L ur UR ul,2,10,48,7,2,15,4
D U FS L UR ur ul,2,10,48,7,2,17,4
D U L FS ur UR ul,2,10,48,7,2,17,4
D U L FS UR ur ul,2,10,48,7,2,15,4
D U L ur FS UR ul,2,10,48,7,2,13,4
D U L UR FS ur ul,2,10,48,7,2,15,4
D U L ur UR FS ul,2,10,48,7,2,13,4
D U L UR ur FS ul,2,10,48,7,2,17,4
D U UR L FS ur ul,2,10,48,7,2,15,4
D U UR L ur FS ul,2,10,48,7,2,13,4
D ul FS ur L UR U,2,10,48,7,2,10,3
D ul FS UR U ur L,2,10,48,7,2,8,3
D ul FS ur UR L U,2,10,48,7,2,14,4
D ul FS UR ur L U,2,10,48,7,2,10,4
D ul FS ur UR U L,2,10,48,7,2,12,4
D ul FS UR ur U L,2,10,48,7,2,12,4
D ul L UR U ur FS,2,10,48,7,2,14,3
D ul L ur UR U FS,2,10,48,7,2,12,4
D ul L UR ur U FS,2,10,48,7,2,16,4
D ul ur FS L UR U,2,10,48,7,2,12,3
D ul ur FS UR L U,2,10,48,7,2,12,3
D ul ur FS UR U L,2,10,48,7,2,10,3
D ul ur L FS UR U,2,10,48,7,2,8,2
D ul UR L U ur FS,2,10,48,7,2,14,3
D ul UR L ur U FS,2,10,48,7,2,12,3
D ul UR U L ur FS,2,10,48,7,2,10,3
D ur FS L ul UR U,2,10,48,7,2,12,3
D ur FS ul L UR U,2,10,48,7,2,12,3
D ur FS ul UR L U,2,10,48,7,2,12,3
D ur FS ul UR U L,2,10,48,7,2,10,3
D ur L FS ul UR U,2,10,48,7,2,8,2
D UR L U ul ur FS,2,10,48,7,2,16,3
D UR L U ur ul FS,2,10,48,7,2,14,3
D ur L ul FS UR U,2,10,48,7,2,8,3
D UR L ul U ur FS,2,10,48,7,2,18,3
D UR L ul ur U FS,2,10,48,7,2,16,3
D UR L ur U ul FS,2,10,48,7,2,14,3
D UR L ur ul U FS,2,10,48,7,2,14,3
D UR U L ul ur FS,2,10,48,7,2,14,3
D UR U L ur ul FS,2,10,48,7,2,10,3
D UR U ul L ur FS,2,10,48,7,2,14,3
D ur ul FS L UR U,2,10,48,7,2,10,3
D ur ul FS UR L U,2,10,48,7,2,10,3
D ur ul FS UR U L,2,10,48,7,2,8,2
D ur ul L FS UR U,2,10,48,7,2,10,3
D UR ul L U ur FS,2,10,48,7,2,16,3
D UR ul L ur U FS,2,10,48,7,2,14,3
D UR ul U L ur FS,2,10,48,7,2,14,3
FS D L U ur UR ul,2,10,48,7,2,15,4
FS D L U UR ur ul,2,10,48,7,2,13,4
FS D L ur U UR ul,2,10,48,7,2,11,3
FS D U L ur UR ul,2,10,48,7,2,15,4
FS D U L UR ur ul,2,10,48,7,2,17,4
FS D ul ur L UR U,2,10,48,7,2,10,3
FS D ul UR U ur L,2,10,48,7,2,10,3
FS D ul ur UR L U,2,10,48,7,2,14,4
FS D ul UR ur L U,2,10,48,7,2,12,4
FS D ul ur UR U L,2,10,48,7,2,12,4
FS D ul UR ur U L,2,10,48,7,2,14,4
FS D ur L ul UR U,2,10,48,7,2,10,3
FS D ur ul L UR U,2,10,48,7,2,12,3
FS D ur ul UR L U,2,10,48,7,2,12,3
FS D ur ul UR U L,2,10,48,7,2,10,2
FS L D U ur UR ul,2,10,48,7,2,17,4
FS L D U UR ur ul,2,10,48,7,2,15,4
FS L D ur U UR ul,2,10,48,7,2,11,3
FS L U D ur UR ul,2,10,48,7,2,15,4
FS L U D UR ur ul,2,10,48,7,2,17,4
FS L U UR D ur ul,2,10,48,7,2,11,3
FS U D L ur UR ul,2,10,48,7,2,15,4
FS U D L UR ur ul,2,10,48,7,2,17,4
FS U L D ur UR ul,2,10,48,7,2,13,4
FS U L D UR ur ul,2,10,48,7,2,15,4
FS U L UR D ur ul,2,10,48,7,2,13,3
FS ul D ur L UR U,2,10,48,7,2,8,3
FS ul D UR U ur L,2,10,48,7,2,10,3
FS ul D ur UR L U,2,10,48,7,2,12,4
FS ul D UR ur L U,2,10,48,7,2,12,4
FS ul D ur UR U L,2,10,48,7,2,10,4
FS ul D UR ur U L,2,10,48,7,2,14,4
FS ul ur D L UR U,2,10,48,7,2,10,3
FS ul ur D UR L U,2,10,48,7,2,12,3
FS ul ur D UR U L,2,10,48,7,2,10,3
FS ur D L ul UR U,2,10,48,7,2,12,3
FS ur D ul L UR U,2,10,48,7,2,12,3
FS ur D ul UR L U,2,10,48,7,2,12,3
FS ur D ul UR U L,2,10,48,7,2,10,3
FS ur ul D L UR U,2,10,48,7,2,12,3
FS ur ul D UR L U,2,10,48,7,2,14,3
FS ur ul D UR U L,2,10,48,7,2,12,3
L D FS U ur UR ul,2,10,48,7,2,15,4
L D FS U UR ur ul,2,10,48,7,2,13,4
L D FS ur U UR ul,2,10,48,7,2,13,3
L D U FS ur UR ul,2,10,48,7,2,17,4
L D U FS UR ur ul,2,10,48,7,2,15,4
L D U ur FS UR ul,2,10,48,7,2,15,4
L D U UR FS ur ul,2,10,48,7,2,13,4
L D U ur UR FS ul,2,10,48,7,2,15,4
L D U UR ur FS ul,2,10,48,7,2,15,4
L D ul UR U ur FS,2,10,48,7,2,12,3
L D ul ur UR U FS,2,10,48,7,2,12,4
L D ul UR ur U FS,2,10,48,7,2,14,4
L D ur FS U UR ul,2,10,48,7,2,11,3
L D ur U FS UR ul,2,10,48,7,2,11,3
L D UR U ul ur FS,2,10,48,7,2,14,3
L D ur U UR FS ul,2,10,48,7,2,9,3
L D UR U ur ul FS,2,10,48,7,2,12,3
L D UR ul U ur FS,2,10,48,7,2,16,3
L D ur ul UR U FS,2,10,48,7,2,10,2
L D UR ul ur U FS,2,10,48,7,2,14,3
L D ur UR U ul FS,2,10,48,7,2,12,4
L D UR ur U ul FS,2,10,48,7,2,16,4
L D ur UR ul U FS,2,10,48,7,2,14,4
L D UR ur ul U FS,2,10,48,7,2,16,4
L FS D U ur UR ul,2,10,48,7,2,17,4
L FS D U UR ur ul,2,10,48,7,2,15,4
L FS D ur U UR ul,2,10,48,7,2,11,3
L FS U D ur UR ul,2,10,48,7,2,15,4
L FS U D UR ur ul,2,10,48,7,2,17,4
L FS U UR D ur ul,2,10,48,7,2,11,3
L U D FS ur UR ul,2,10,48,7,2,17,4
L U D FS UR ur ul,2,10,48,7,2,15,4
L U D ur FS UR ul,2,10,48,7,2,13,4
L U D UR FS ur ul,2,10,48,7,2,15,4
L U D ur UR FS ul,2,10,48,7,2,13,4
L U D UR ur FS ul,2,10,48,7,2,17,4
L U FS D ur UR ul,2,10,48,7,2,13,4
L U FS D UR ur ul,2,10,48,7,2,15,4
L U FS UR D ur ul,2,10,48,7,2,11,3
L U UR D FS ur ul,2,10,48,7,2,13,3
L U UR D ur FS ul,2,10,48,7,2,11,3
L U UR FS D ur ul,2,10,48,7,2,9,2
L ul D UR U ur FS,2,10,48,7,2,14,3
L ul D ur UR U FS,2,10,48,7,2,12,4
L ul D UR ur U FS,2,10,48,7,2,16,4
L ul UR D U ur FS,2,10,48,7,2,18,4
L ul UR D ur U FS,2,10,48,7,2,14,3
L ul UR U D ur FS,2,10,48,7,2,14,4
L UR D U ul ur FS,2,10,48,7,2,18,4
L UR D U ur ul FS,2,10,48,7,2,16,4
L UR D ul U ur FS,2,10,48,7,2,16,3
L UR D ul ur U FS,2,10,48,7,2,14,3
L UR D ur U ul FS,2,10,48,7,2,14,3
L UR D ur ul U FS,2,10,48,7,2,14,3
L UR U D ul ur FS,2,10,48,7,2,14,4
L UR U D ur ul FS,2,10,48,7,2,12,4
L UR U ul D ur FS,2,10,48,7,2,12,3
L UR ul D U ur FS,2,10,48,7,2,16,4
L UR ul D ur U FS,2,10,48,7,2,12,3
L UR ul U D ur FS,2,10,48,7,2,16,4
U D FS L ur UR ul,2,10,48,7,2,15,4
U D FS L UR ur ul,2,10,48,7,2,17,4
U D L FS ur UR ul,2,10,48,7,2,17,4
U D L FS UR ur ul,2,10,48,7,2,15,4
U D L ur FS UR ul,2,10,48,7,2,13,4
U D L UR FS ur ul,2,10,48,7,2,15,4
U D L ur UR FS ul,2,10,48,7,2,13,4
U D L UR ur FS ul,2,10,48,7,2,17,4
U D UR L FS ur ul,2,10,48,7,2,17,4
U D UR L ur FS ul,2,10,48,7,2,15,4
U FS D L ur UR ul,2,10,48,7,2,13,4
U FS D L UR ur ul,2,10,48,7,2,15,4
U FS L D ur UR ul,2,10,48,7,2,13,4
U FS L D UR ur ul,2,10,48,7,2,15,4
U FS L UR D ur ul,2,10,48,7,2,13,3
U L D FS ur UR ul,2,10,48,7,2,15,4
U L D FS UR ur ul,2,10,48,7,2,13,4
U L D ur FS UR ul,2,10,48,7,2,11,3
U L D UR FS ur ul,2,10,48,7,2,13,3
U L D ur UR FS ul,2,10,48,7,2,11,4
U L D UR ur FS ul,2,10,48,7,2,15,4
U L FS D ur UR ul,2,10,48,7,2,13,4
U L FS D UR ur ul,2,10,48,7,2,15,4
U L FS UR D ur ul,2,10,48,7,2,11,3
U L UR D FS ur ul,2,10,48,7,2,15,3
U L UR D ur FS ul,2,10,48,7,2,13,3
U L UR FS D ur ul,2,10,48,7,2,11,3
U UR D L FS ur ul,2,10,48,7,2,13,3
U UR D L ur FS ul,2,10,48,7,2,11,3
U UR L D FS ur ul,2,10,48,7,2,13,3
U UR L D ur FS ul,2,10,48,7,2,11,3
U UR L FS D ur ul,2,10,48,7,2,11,3
ul D FS ur L UR U,2,10,48,7,2,11,3
ul D FS UR U ur L,2,10,48,7,2,9,3
ul D FS ur UR L U,2,10,48,7,2,15,4
ul D FS UR ur L U,2,10,48,7,2,11,4
ul D FS ur UR U L,2,10,48,7,2,13,4
ul D FS UR ur U L,2,10,48,7,2,13,4
ul D L UR U ur FS,2,10,48,7,2,13,3
ul D L ur UR U FS,2,10,48,7,2,11,4
ul D L UR ur U FS,2,10,48,7,2,15,4
ul D ur FS L UR U,2,10,48,7,2,11,3
ul D ur FS UR L U,2,10,48,7,2,11,3
ul D ur FS UR U L,2,10,48,7,2,9,3
ul D ur L FS UR U,2,10,48,7,2,7,2
ul D UR L U ur FS,2,10,48,7,2,15,3
ul D UR L ur U FS,2,10,48,7,2,13,3
ul D UR U L ur FS,2,10,48,7,2,11,3
ul FS D ur L UR U,2,10,48,7,2,9,3
ul FS D UR U ur L,2,10,48,7,2,11,3
ul FS D ur UR L U,2,10,48,7,2,13,4
ul FS D UR ur L U,2,10,48,7,2,13,4
ul FS D ur UR U L,2,10,48,7,2,11,4
ul FS D UR ur U L,2,10,48,7,2,15,4
ul FS ur D L UR U,2,10,48,7,2,11,3
ul FS ur D UR L U,2,10,48,7,2,13,3
ul FS ur D UR U L,2,10,48,7,2,11,3
ul L D UR U ur FS,2,10,48,7,2,15,3
ul L D ur UR U FS,2,10,48,7,2,13,4
ul L D UR ur U FS,2,10,48,7,2,17,4
ul L UR D U ur FS,2,10,48,7,2,19,4
ul L UR D ur U FS,2,10,48,7,2,15,3
ul L UR U D ur FS,2,10,48,7,2,15,4
ul ur D FS L UR U,2,10,48,7,2,11,3
ul ur D FS UR L U,2,10,48,7,2,11,3
ul ur D FS UR U L,2,10,48,7,2,9,2
ul ur D L FS UR U,2,10,48,7,2,9,2
ul UR D L U ur FS,2,10,48,7,2,15,3
ul UR D L ur U FS,2,10,48,7,2,13,3
ul UR D U L ur FS,2,10,48,7,2,15,4
ul ur FS D L UR U,2,10,48,7,2,13,3
ul ur FS D UR L U,2,10,48,7,2,15,3
ul ur FS D UR U L,2,10,48,7,2,13,3
ul UR L D U ur FS,2,10,48,7,2,17,4
ul UR L D ur U FS,2,10,48,7,2,13,3
ul UR L U D ur FS,2,10,48,7,2,15,4
ul UR U D L ur FS,2,10,48,7,2,13,4
ul UR U L D ur FS,2,10,48,7,2,11,3
ur D FS L ul UR U,2,10,48,7,2,11,3
ur D FS ul L UR U,2,10,48,7,2,11,3
ur D FS ul UR L U,2,10,48,7,2,11,3
ur D FS ul UR U L,2,10,48,7,2,9,2
ur D L FS ul UR U,2,10,48,7,2,9,2
UR D L U ul ur FS,2,10,48,7,2,15,3
UR D L U ur ul FS,2,10,48,7,2,13,3
ur D L ul FS UR U,2,10,48,7,2,9,3
UR D L ul U ur FS,2,10,48,7,2,17,3
UR D L ul ur U FS,2,10,48,7,2,15,3
UR D L ur U ul FS,2,10,48,7,2,13,3
UR D L ur ul U FS,2,10,48,7,2,13,3
UR D U L ul ur FS,2,10,48,7,2,17,4
UR D U L ur ul FS,2,10,48,7,2,13,4
UR D U ul L ur FS,2,10,48,7,2,17,4
ur D ul FS L UR U,2,10,48,7,2,9,3
ur D ul FS UR L U,2,10,48,7,2,9,3
ur D ul FS UR U L,2,10,48,7,2,7,2
ur D ul L FS UR U,2,10,48,7,2,9,3
UR D ul L U ur FS,2,10,48,7,2,15,3
UR D ul L ur U FS,2,10,48,7,2,13,3
UR D ul U L ur FS,2,10,48,7,2,13,3
ur FS D L ul UR U,2,10,48,7,2,13,3
ur FS D ul L UR U,2,10,48,7,2,13,3
ur FS D ul UR L U,2,10,48,7,2,13,3
ur FS D ul UR U L,2,10,48,7,2,11,3
ur FS ul D L UR U,2,10,48,7,2,11,3
ur FS ul D UR L U,2,10,48,7,2,13,3
ur FS ul D UR U L,2,10,48,7,2,11,3
UR L D U ul ur FS,2,10,48,7,2,17,4
UR L D U ur ul FS,2,10,48,7,2,15,4
UR L D ul U ur FS,2,10,48,7,2,15,3
UR L D ul ur U FS,2,10,48,7,2,13,3
UR L D ur U ul FS,2,10,48,7,2,13,3
UR L D ur ul U FS,2,10,48,7,2,13,3
UR L U D ul ur FS,2,10,48,7,2,15,4
UR L U D ur ul FS,2,10,48,7,2,13,4
UR L U ul D ur FS,2,10,48,7,2,13,3
UR L ul D U ur FS,2,10,48,7,2,17,4
UR L ul D ur U FS,2,10,48,7,2,13,3
UR L ul U D ur FS,2,10,48,7,2,17,4
UR U D L ul ur FS,2,10,48,7,2,15,4
UR U D L ur ul FS,2,10,48,7,2,11,4
UR U D ul L ur FS,2,10,48,7,2,13,4
UR U L D ul ur FS,2,10,48,7,2,11,3
UR U L D ur ul FS,2,10,48,7,2,9,2
UR U L ul D ur FS,2,10,48,7,2,11,3
UR U ul D L ur FS,2,10,48,7,2,11,3
UR U ul L D ur FS,2,10,48,7,2,13,3
ur ul D FS L UR U,2,10,48,7,2,11,3
ur ul D FS UR L U,2,10,48,7,2,11,3
ur ul D FS UR U L,2,10,48,7,2,9,2
ur ul D L FS UR U,2,10,48,7,2,9,2
UR ul D L U ur FS,2,10,48,7,2,13,3
UR ul D L ur U FS,2,10,48,7,2,11,3
UR ul D U L ur FS,2,10,48,7,2,13,4
ur ul FS D L UR U,2,10,48,7,2,11,3
ur ul FS D UR L U,2,10,48,7,2,13,3
ur ul FS D UR U L,2,10,48,7,2,11,3
UR ul L D U ur FS,2,10,48,7,2,17,4
UR ul L D ur U FS,2,10,48,7,2,13,3
UR ul L U D ur FS,2,10,48,7,2,15,4
UR ul U D L ur FS,2,10,48,7,2,15,4
UR ul U L D ur FS,2,10,48,7,2,13,3
D FS L UR U ur ul,4,10,50,7,2,13,3
D FS L ur UR U ul,4,10,50,7,2,13,4
D FS L UR ur U ul,4,10,50,7,2,17,4
D FS UR L U ur ul,4,10,50,7,2,13,3
D FS UR L ur U ul,4,10,50,7,2,13,3
D L FS UR U ur ul,4,10,50,7,2,11,3
D L FS ur UR U ul,4,10,50,7,2,15,4
D L FS UR ur U ul,4,10,50,7,2,15,4
D L UR FS U ur ul,4,10,50,7,2,13,3
D L ur FS UR U ul,4,10,50,7,2,11,3
D L UR FS ur U ul,4,10,50,7,2,15,3
D L UR U FS ur ul,4,10,50,7,2,13,3
D L UR U ur FS ul,4,10,50,7,2,13,3
D L ur UR FS U ul,4,10,50,7,2,13,4
D L UR ur FS U ul,4,10,50,7,2,17,4
D L ur UR U FS ul,4,10,50,7,2,11,4
D L UR ur U FS ul,4,10,50,7,2,15,4
D UR FS L U ur ul,4,10,50,7,2,13,3
D UR FS L ur U ul,4,10,50,7,2,13,3
D UR L FS U ur ul,4,10,50,7,2,15,3
D UR L FS ur U ul,4,10,50,7,2,17,3
D UR L U FS ur ul,4,10,50,7,2,15,3
D UR L U ur FS ul,4,10,50,7,2,15,3
D UR L ur FS U ul,4,10,50,7,2,15,3
D UR L ur U FS ul,4,10,50,7,2,13,3
D UR U L FS ur ul,4,10,50,7,2,13,3
D UR U L ur FS ul,4,10,50,7,2,11,3
FS D L UR U ur ul,4,10,50,7,2,13,3
FS D L ur UR U ul,4,10,50,7,2,13,4
FS D L UR ur U ul,4,10,50,7,2,17,4
FS D UR L U ur ul,4,10,50,7,2,15,3
FS D UR L ur U ul,4,10,50,7,2,15,3
FS L D UR U ur ul,4,10,50,7,2,13,3
FS L D ur UR U ul,4,10,50,7,2,13,4
FS L D UR ur U ul,4,10,50,7,2,17,4
FS L UR D U ur ul,4,10,50,7,2,17,4
FS L UR D ur U ul,4,10,50,7,2,15,3
FS L UR U D ur ul,4,10,50,7,2,13,4
FS UR D L U ur ul,4,10,50,7,2,13,3
FS UR D L ur U ul,4,10,50,7,2,13,3
FS UR L D U ur ul,4,10,50,7,2,15,4
FS UR L D ur U ul,4,10,50,7,2,13,3
FS UR L U D ur ul,4,10,50,7,2,13,4
L D FS UR U ur ul,4,10,50,7,2,11,3
L D FS ur UR U ul,4,10,50,7,2,15,4
L D FS UR ur U ul,4,10,50,7,2,15,4
L D UR FS U ur ul,4,10,50,7,2,13,3
L D ur FS UR U ul,4,10,50,7,2,11,3
L D UR FS ur U ul,4,10,50,7,2,15,3
L D UR U FS ur ul,4,10,50,7,2,13,3
L D UR U ur FS ul,4,10,50,7,2,13,3
L D ur UR FS U ul,4,10,50,7,2,13,4
L D UR ur FS U ul,4,10,50,7,2,17,4
L D ur UR U FS ul,4,10,50,7,2,11,4
L D UR ur U FS ul,4,10,50,7,2,15,4
L FS D UR U ur ul,4,10,50,7,2,13,3
L FS D ur UR U ul,4,10,50,7,2,13,4
L FS D UR ur U ul,4,10,50,7,2,17,4
L FS UR D U ur ul,4,10,50,7,2,15,4
L FS UR D ur U ul,4,10,50,7,2,13,3
L FS UR U D ur ul,4,10,50,7,2,11,4
L UR D FS U ur ul,4,10,50,7,2,15,3
L UR D FS ur U ul,4,10,50,7,2,17,3
L UR D U FS ur ul,4,10,50,7,2,17,4
L UR D U ur FS ul,4,10,50,7,2,17,4
L UR D ur FS U ul,4,10,50,7,2,15,3
L UR D ur U FS ul,4,10,50,7,2,13,3
L UR FS D U ur ul,4,10,50,7,2,15,4
L UR FS D ur U ul,4,10,50,7,2,13,3
L UR FS U D ur ul,4,10,50,7,2,13,4
L UR U D FS ur ul,4,10,50,7,2,15,4
L UR U D ur FS ul,4,10,50,7,2,13,4
L UR U FS D ur ul,4,10,50,7,2,11,3
UR D FS L U ur ul,4,10,50,7,2,14,3
UR D FS L ur U ul,4,10,50,7,2,14,3
UR D L FS U ur ul,4,10,50,7,2,14,3
UR D L FS ur U ul,4,10,50,7,2,16,3
UR D L U FS ur ul,4,10,50,7,2,14,3
UR D L U ur FS ul,4,10,50,7,2,14,3
UR D L ur FS U ul,4,10,50,7,2,14,3
UR D L ur U FS ul,4,10,50,7,2,12,3
UR D U L FS ur ul,4,10,50,7,2,16,4
UR D U L ur FS ul,4,10,50,7,2,14,4
UR FS D L U ur ul,4,10,50,7,2,12,3
UR FS D L ur U ul,4,10,50,7,2,12,3
UR FS L D U ur ul,4,10,50,7,2,14,4
UR FS L D ur U ul,4,10,50,7,2,12,3
UR FS L U D ur ul,4,10,50,7,2,12,4
UR L D FS U ur ul,4,10,50,7,2,14,3
UR L D FS ur U ul,4,10,50,7,2,16,3
UR L D U FS ur ul,4,10,50,7,2,16,4
UR L D U ur FS ul,4,10,50,7,2,16,4
UR L D ur FS U ul,4,10,50,7,2,14,3
UR L D ur U FS ul,4,10,50,7,2,12,3
UR L FS D U ur ul,4,10,50,7,2,16,4
UR L FS D ur U ul,4,10,50,7,2,14,3
UR L FS U D ur ul,4,10,50,7,2,14,4
UR L U D FS ur ul,4,10,50,7,2,16,4
UR L U D ur FS ul,4,10,50,7,2,14,4
UR L U FS D ur ul,4,10,50,7,2,12,3
UR U D L FS ur ul,4,10,50,7,2,14,4
UR U D L ur FS ul,4,10,50,7,2,12,4
UR U L D FS ur ul,4,10,50,7,2,12,3
UR U L D ur FS ul,4,10,50,7,2,10,3
UR U L FS D ur ul,4,10,50,7,2,10,2
D FS U ul ur L UR,2,10,50,8,2,13,3
D FS U ul ur UR L,2,10,50,8,2,16,4
D FS U ul UR ur L,2,10,50,8,2,14,4
D FS U ur L ul UR,2,10,50,8,2,13,3
D FS U ur ul L UR,2,10,50,8,2,15,3
D FS U ur ul UR L,2,10,50,8,2,14,3
D FS U UR ul ur L,2,10,50,8,2,10,2
D FS U ur UR ul L,2,10,50,8,2,16,4
D FS U UR ur ul L,2,10,50,8,2,14,4
D FS ul U ur L UR,2,10,50,8,2,13,3
D FS ul U ur UR L,2,10,50,8,2,16,4
D FS ul U UR ur L,2,10,50,8,2,12,4
D FS ul ur L U UR,2,10,50,8,2,9,2
D FS ul ur U L UR,2,10,50,8,2,13,3
D FS ul ur U UR L,2,10,50,8,2,12,3
D FS ur L U ul UR,2,10,50,8,2,13,3
D FS ur L ul U UR,2,10,50,8,2,13,3
D FS ur U L ul UR,2,10,50,8,2,15,3
D FS ur U ul L UR,2,10,50,8,2,17,3
D FS ur U ul UR L,2,10,50,8,2,16,3
D FS ur U UR ul L,2,10,50,8,2,14,3
D FS ur ul L U UR,2,10,50,8,2,13,3
D FS ur ul U L UR,2,10,50,8,2,15,3
D FS ur ul U UR L,2,10,50,8,2,14,3
D U FS ul ur L UR,2,10,50,8,2,13,4
D U FS ul ur UR L,2,10,50,8,2,16,4
D U FS ul UR ur L,2,10,50,8,2,14,4
D U FS ur L ul UR,2,10,50,8,2,15,4
D U FS ur ul L UR,2,10,50,8,2,17,4
D U FS ur ul UR L,2,10,50,8,2,16,4
D U FS UR ul ur L,2,10,50,8,2,12,4
D U FS ur UR ul L,2,10,50,8,2,18,4
D U FS UR ur ul L,2,10,50,8,2,16,4
D U ul FS ur L UR,2,10,50,8,2,15,4
D U ul FS ur UR L,2,10,50,8,2,18,4
D U ul FS UR ur L,2,10,50,8,2,14,4
D U ul ur FS L UR,2,10,50,8,2,17,4
D U ul ur FS UR L,2,10,50,8,2,16,4
D U ul UR FS ur L,2,10,50,8,2,14,4
D U ul ur L FS UR,2,10,50,8,2,13,4
D U ul ur UR FS L,2,10,50,8,2,16,4
D U ul UR ur FS L,2,10,50,8,2,18,4
D U ur FS L ul UR,2,10,50,8,2,17,4
D U ur FS ul L UR,2,10,50,8,2,17,4
D U ur FS ul UR L,2,10,50,8,2,16,4
D U UR FS ul ur L,2,10,50,8,2,10,4
D U ur FS UR ul L,2,10,50,8,2,16,4
D U UR FS ur ul L,2,10,50,8,2,14,4
D U ur L FS ul UR,2,10,50,8,2,13,4
D U ur L ul FS UR,2,10,50,8,2,13,4
D U ur ul FS L UR,2,10,50,8,2,15,4
D U ur ul FS UR L,2,10,50,8,2,14,4
D U UR ul FS ur L,2,10,50,8,2,12,4
D U ur ul L FS UR,2,10,50,8,2,15,4
D U ur ul UR FS L,2,10,50,8,2,14,4
D U UR ul ur FS L,2,10,50,8,2,14,4
D U ur UR FS ul L,2,10,50,8,2,16,4
D U UR ur FS ul L,2,10,50,8,2,16,4
D U ur UR ul FS L,2,10,50,8,2,16,4
D U UR ur ul FS L,2,10,50,8,2,14,4
D ul FS U ur L UR,2,10,50,8,2,11,3
D ul FS U ur UR L,2,10,50,8,2,14,4
D ul FS U UR ur L,2,10,50,8,2,10,4
D ul FS ur L U UR,2,10,50,8,2,9,3
D ul FS ur U L UR,2,10,50,8,2,13,3
D ul FS ur U UR L,2,10,50,8,2,12,3
D ul U FS ur L UR,2,10,50,8,2,13,3
D ul U FS ur UR L,2,10,50,8,2,16,4
D ul U FS UR ur L,2,10,50,8,2,12,4
D ul U ur FS L UR,2,10,50,8,2,15,3
D ul U ur FS UR L,2,10,50,8,2,14,3
D ul U UR FS ur L,2,10,50,8,2,10,3
D ul U ur L FS UR,2,10,50,8,2,11,3
D ul U ur UR FS L,2,10,50,8,2,14,4
D ul U UR ur FS L,2,10,50,8,2,14,4
D ul ur FS L U UR,2,10,50,8,2,11,3
D ul ur FS U L UR,2,10,50,8,2,13,3
D ul ur FS U UR L,2,10,50,8,2,12,3
D ul ur L FS U UR,2,10,50,8,2,9,2
D ul ur L U FS UR,2,10,50,8,2,9,2
D ul ur U FS L UR,2,10,50,8,2,13,3
D ul ur U FS UR L,2,10,50,8,2,12,3
D ul ur U L FS UR,2,10,50,8,2,11,3
D ul ur U UR FS L,2,10,50,8,2,10,3
D ur FS L U ul UR,2,10,50,8,2,13,3
D ur FS L ul U UR,2,10,50,8,2,13,3
D ur FS U L ul UR,2,10,50,8,2,13,3
D ur FS U ul L UR,2,10,50,8,2,15,3
D ur FS U ul UR L,2,10,50,8,2,14,3
D ur FS U UR ul L,2,10,50,8,2,12,3
D ur FS ul L U UR,2,10,50,8,2,11,3
D ur FS ul U L UR,2,10,50,8,2,13,3
D ur FS ul U UR L,2,10,50,8,2,12,3
D ur L FS U ul UR,2,10,50,8,2,11,3
D ur L FS ul U UR,2,10,50,8,2,9,3
D ur L U FS ul UR,2,10,50,8,2,9,2
D ur L U ul FS UR,2,10,50,8,2,9,3
D ur L ul FS U UR,2,10,50,8,2,9,3
D ur L ul U FS UR,2,10,50,8,2,11,3
D ur U FS L ul UR,2,10,50,8,2,13,3
D ur U FS ul L UR,2,10,50,8,2,13,3
D ur U FS ul UR L,2,10,50,8,2,12,3
D ur U FS UR ul L,2,10,50,8,2,12,3
D ur U L FS ul UR,2,10,50,8,2,11,3
D ur U L ul FS UR,2,10,50,8,2,11,3
D ur U ul FS L UR,2,10,50,8,2,13,3
D ur U ul FS UR L,2,10,50,8,2,12,3
D ur U ul L FS UR,2,10,50,8,2,13,3
D ur U ul UR FS L,2,10,50,8,2,12,3
D ur U UR FS ul L,2,10,50,8,2,10,3
D ur U UR ul FS L,2,10,50,8,2,10,3
D ur ul FS L U UR,2,10,50,8,2,9,2
D ur ul FS U L UR,2,10,50,8,2,11,3
D ur ul FS U UR L,2,10,50,8,2,10,3
D ur ul L FS U UR,2,10,50,8,2,11,3
D ur ul L U FS UR,2,10,50,8,2,11,3
D ur ul U FS L UR,2,10,50,8,2,13,3
D ur ul U FS UR L,2,10,50,8,2,12,3
D ur ul U L FS UR,2,10,50,8,2,11,3
D ur ul U UR FS L,2,10,50,8,2,10,3
FS D U ul ur L UR,2,10,50,8,2,15,4
FS D U ul ur UR L,2,10,50,8,2,18,4
FS D U ul UR ur L,2,10,50,8,2,16,4
FS D U ur L ul UR,2,10,50,8,2,15,4
FS D U ur ul L UR,2,10,50,8,2,17,4
FS D U ur ul UR L,2,10,50,8,2,16,4
FS D U UR ul ur L,2,10,50,8,2,12,4
FS D U ur UR ul L,2,10,50,8,2,18,4
FS D U UR ur ul L,2,10,50,8,2,16,4
FS D ul U ur L UR,2,10,50,8,2,13,3
FS D ul U ur UR L,2,10,50,8,2,16,4
FS D ul U UR ur L,2,10,50,8,2,12,4
FS D ul ur L U UR,2,10,50,8,2,9,2
FS D ul ur U L UR,2,10,50,8,2,13,3
FS D ul ur U UR L,2,10,50,8,2,12,3
FS D ur L U ul UR,2,10,50,8,2,11,3
FS D ur L ul U UR,2,10,50,8,2,11,3
FS D ur U L ul UR,2,10,50,8,2,13,3
FS D ur U ul L UR,2,10,50,8,2,15,3
FS D ur U ul UR L,2,10,50,8,2,14,3
FS D ur U UR ul L,2,10,50,8,2,12,3
FS D ur ul L U UR,2,10,50,8,2,11,3
FS D ur ul U L UR,2,10,50,8,2,13,3
FS D ur ul U UR L,2,10,50,8,2,12,3
FS U D ul ur L UR,2,10,50,8,2,13,4
FS U D ul ur UR L,2,10,50,8,2,16,4
FS U D ul UR ur L,2,10,50,8,2,14,4
FS U D ur L ul UR,2,10,50,8,2,13,4
FS U D ur ul L UR,2,10,50,8,2,15,4
FS U D ur ul UR L,2,10,50,8,2,14,4
FS U D UR ul ur L,2,10,50,8,2,14,4
FS U D ur UR ul L,2,10,50,8,2,16,4
FS U D UR ur ul L,2,10,50,8,2,18,4
FS U ul D ur L UR,2,10,50,8,2,11,3
FS U ul D ur UR L,2,10,50,8,2,14,4
FS U ul D UR ur L,2,10,50,8,2,14,4
FS U ul ur D L UR,2,10,50,8,2,13,3
FS U ul ur D UR L,2,10,50,8,2,14,3
FS U ur D L ul UR,2,10,50,8,2,13,3
FS U ur D ul L UR,2,10,50,8,2,13,3
FS U ur D ul UR L,2,10,50,8,2,12,3
FS U UR D ul ur L,2,10,50,8,2,10,3
FS U ur D UR ul L,2,10,50,8,2,14,3
FS U UR D ur ul L,2,10,50,8,2,12,3
FS U ur ul D L UR,2,10,50,8,2,13,3
FS U ur ul D UR L,2,10,50,8,2,14,3
FS U ur UR D ul L,2,10,50,8,2,16,4
FS U UR ur D ul L,2,10,50,8,2,12,4
FS ul D U ur L UR,2,10,50,8,2,13,4
FS ul D U ur UR L,2,10,50,8,2,16,4
FS ul D U UR ur L,2,10,50,8,2,12,4
FS ul D ur L U UR,2,10,50,8,2,7,2
FS ul D ur U L UR,2,10,50,8,2,11,3
FS ul D ur U UR L,2,10,50,8,2,10,3
FS ul U D ur L UR,2,10,50,8,2,13,4
FS ul U D ur UR L,2,10,50,8,2,16,4
FS ul U D UR ur L,2,10,50,8,2,16,4
FS ul U ur D L UR,2,10,50,8,2,13,3
FS ul U ur D UR L,2,10,50,8,2,14,3
FS ul ur D L U UR,2,10,50,8,2,9,2
FS ul ur D U L UR,2,10,50,8,2,13,4
FS ul ur D U UR L,2,10,50,8,2,12,4
FS ul ur U D L UR,2,10,50,8,2,15,4
FS ul ur U D UR L,2,10,50,8,2,16,4
FS ur D L U ul UR,2,10,50,8,2,13,3
FS ur D L ul U UR,2,10,50,8,2,13,3
FS ur D U L ul UR,2,10,50,8,2,15,4
FS ur D U ul L UR,2,10,50,8,2,17,4
FS ur D U ul UR L,2,10,50,8,2,16,4
FS ur D U UR ul L,2,10,50,8,2,14,4
FS ur D ul L U UR,2,10,50,8,2,11,3
FS ur D ul U L UR,2,10,50,8,2,13,3
FS ur D ul U UR L,2,10,50,8,2,12,3
FS ur U D L ul UR,2,10,50,8,2,17,4
FS ur U D ul L UR,2,10,50,8,2,17,4
FS ur U D ul UR L,2,10,50,8,2,16,4
FS ur U D UR ul L,2,10,50,8,2,18,4
FS ur U ul D L UR,2,10,50,8,2,15,3
FS ur U ul D UR L,2,10,50,8,2,16,3
FS ur U UR D ul L,2,10,50,8,2,14,3
FS ur ul D L U UR,2,10,50,8,2,11,3
FS ur ul D U L UR,2,10,50,8,2,15,4
FS ur ul D U UR L,2,10,50,8,2,14,4
FS ur ul U D L UR,2,10,50,8,2,17,4
FS ur ul U D UR L,2,10,50,8,2,18,4
U D FS ul ur L UR,2,10,50,8,2,13,4
U D FS ul ur UR L,2,10,50,8,2,16,4
U D FS ul UR ur L,2,10,50,8,2,14,4
U D FS ur L ul UR,2,10,50,8,2,15,4
U D FS ur ul L UR,2,10,50,8,2,17,4
U D FS ur ul UR L,2,10,50,8,2,16,4
U D FS UR ul ur L,2,10,50,8,2,12,4
U D FS ur UR ul L,2,10,50,8,2,18,4
U D FS UR ur ul L,2,10,50,8,2,16,4
U D ul FS ur L UR,2,10,50,8,2,13,4
U D ul FS ur UR L,2,10,50,8,2,16,4
U D ul FS UR ur L,2,10,50,8,2,12,4
U D ul ur FS L UR,2,10,50,8,2,15,4
U D ul ur FS UR L,2,10,50,8,2,14,4
U D ul UR FS ur L,2,10,50,8,2,12,4
U D ul ur L FS UR,2,10,50,8,2,11,4
U D ul ur UR FS L,2,10,50,8,2,14,4
U D ul UR ur FS L,2,10,50,8,2,16,4
U D ur FS L ul UR,2,10,50,8,2,15,4
U D ur FS ul L UR,2,10,50,8,2,15,4
U D ur FS ul UR L,2,10,50,8,2,14,4
U D UR FS ul ur L,2,10,50,8,2,12,4
U D ur FS UR ul L,2,10,50,8,2,14,4
U D UR FS ur ul L,2,10,50,8,2,16,4
U D ur L FS ul UR,2,10,50,8,2,11,4
U D ur L ul FS UR,2,10,50,8,2,11,4
U D ur ul FS L UR,2,10,50,8,2,13,4
U D ur ul FS UR L,2,10,50,8,2,12,4
U D UR ul FS ur L,2,10,50,8,2,14,4
U D ur ul L FS UR,2,10,50,8,2,13,4
U D ur ul UR FS L,2,10,50,8,2,12,4
U D UR ul ur FS L,2,10,50,8,2,16,4
U D ur UR FS ul L,2,10,50,8,2,14,4
U D UR ur FS ul L,2,10,50,8,2,18,4
U D ur UR ul FS L,2,10,50,8,2,14,4
U D UR ur ul FS L,2,10,50,8,2,16,4
U FS D ul ur L UR,2,10,50,8,2,11,3
U FS D ul ur UR L,2,10,50,8,2,14,4
U FS D ul UR ur L,2,10,50,8,2,12,4
U FS D ur L ul UR,2,10,50,8,2,11,3
U FS D ur ul L UR,2,10,50,8,2,13,3
U FS D ur ul UR L,2,10,50,8,2,12,3
U FS D UR ul ur L,2,10,50,8,2,12,3
U FS D ur UR ul L,2,10,50,8,2,14,4
U FS D UR ur ul L,2,10,50,8,2,16,4
U FS ul D ur L UR,2,10,50,8,2,9,3
U FS ul D ur UR L,2,10,50,8,2,12,4
U FS ul D UR ur L,2,10,50,8,2,12,4
U FS ul ur D L UR,2,10,50,8,2,11,3
U FS ul ur D UR L,2,10,50,8,2,12,3
U FS ur D L ul UR,2,10,50,8,2,13,3
U FS ur D ul L UR,2,10,50,8,2,13,3
U FS ur D ul UR L,2,10,50,8,2,12,3
U FS UR D ul ur L,2,10,50,8,2,10,3
U FS ur D UR ul L,2,10,50,8,2,14,3
U FS UR D ur ul L,2,10,50,8,2,12,3
U FS ur ul D L UR,2,10,50,8,2,13,3
U FS ur ul D UR L,2,10,50,8,2,14,3
U FS ur UR D ul L,2,10,50,8,2,16,4
U FS UR ur D ul L,2,10,50,8,2,12,4
U ul D FS ur L UR,2,10,50,8,2,13,3
U ul D FS ur UR L,2,10,50,8,2,16,4
U ul D FS UR ur L,2,10,50,8,2,12,4
U ul D ur FS L UR,2,10,50,8,2,13,3
U ul D ur FS UR L,2,10,50,8,2,12,3
U ul D UR FS ur L,2,10,50,8,2,12,3
U ul D ur L FS UR,2,10,50,8,2,9,3
U ul D ur UR FS L,2,10,50,8,2,12,4
U ul D UR ur FS L,2,10,50,8,2,16,4
U ul FS D ur L UR,2,10,50,8,2,11,3
U ul FS D ur UR L,2,10,50,8,2,14,4
U ul FS D UR ur L,2,10,50,8,2,14,4
U ul FS ur D L UR,2,10,50,8,2,13,3
U ul FS ur D UR L,2,10,50,8,2,14,3
U ul ur D FS L UR,2,10,50,8,2,13,3
U ul ur D FS UR L,2,10,50,8,2,12,3
U ul UR D FS ur L,2,10,50,8,2,14,3
U ul ur D L FS UR,2,10,50,8,2,11,3
U ul ur D UR FS L,2,10,50,8,2,12,3
U ul UR D ur FS L,2,10,50,8,2,14,3
U ul ur FS D L UR,2,10,50,8,2,15,3
U ul ur FS D UR L,2,10,50,8,2,16,3
U ul ur UR D FS L,2,10,50,8,2,16,4
U ul UR ur D FS L,2,10,50,8,2,14,4
U ur D FS L ul UR,2,10,50,8,2,13,3
U ur D FS ul L UR,2,10,50,8,2,13,3
U ur D FS ul UR L,2,10,50,8,2,12,3
U UR D FS ul ur L,2,10,50,8,2,10,3
U ur D FS UR ul L,2,10,50,8,2,12,3
U UR D FS ur ul L,2,10,50,8,2,14,3
U ur D L FS ul UR,2,10,50,8,2,11,3
U ur D L ul FS UR,2,10,50,8,2,11,3
U ur D ul FS L UR,2,10,50,8,2,11,3
U ur D ul FS UR L,2,10,50,8,2,10,3
U UR D ul FS ur L,2,10,50,8,2,10,3
U ur D ul L FS UR,2,10,50,8,2,11,3
U ur D ul UR FS L,2,10,50,8,2,10,3
U UR D ul ur FS L,2,10,50,8,2,12,3
U ur D UR FS ul L,2,10,50,8,2,12,3
U UR D ur FS ul L,2,10,50,8,2,12,3
U ur D UR ul FS L,2,10,50,8,2,12,3
U UR D ur ul FS L,2,10,50,8,2,10,3
U ur FS D L ul UR,2,10,50,8,2,15,3
U ur FS D ul L UR,2,10,50,8,2,15,3
U ur FS D ul UR L,2,10,50,8,2,14,3
U UR FS D ul ur L,2,10,50,8,2,8,2
U ur FS D UR ul L,2,10,50,8,2,16,3
U UR FS D ur ul L,2,10,50,8,2,10,3
U ur FS ul D L UR,2,10,50,8,2,13,3
U ur FS ul D UR L,2,10,50,8,2,14,3
U ur FS UR D ul L,2,10,50,8,2,14,3
U UR FS ur D ul L,2,10,50,8,2,10,3
U ur ul D FS L UR,2,10,50,8,2,13,3
U ur ul D FS UR L,2,10,50,8,2,12,3
U UR ul D FS ur L,2,10,50,8,2,10,3
U ur ul D L FS UR,2,10,50,8,2,11,3
U ur ul D UR FS L,2,10,50,8,2,12,3
U UR ul D ur FS L,2,10,50,8,2,10,3
U ur ul FS D L UR,2,10,50,8,2,13,3
U ur ul FS D UR L,2,10,50,8,2,14,3
U ur ul UR D FS L,2,10,50,8,2,14,3
U UR ul ur D FS L,2,10,50,8,2,10,2
U ur UR D FS ul L,2,10,50,8,2,16,4
U UR ur D FS ul L,2,10,50,8,2,12,4
U ur UR D ul FS L,2,10,50,8,2,14,4
U UR ur D ul FS L,2,10,50,8,2,10,4
U ur UR FS D ul L,2,10,50,8,2,14,4
U UR ur FS D ul L,2,10,50,8,2,14,4
U ur UR ul D FS L,2,10,50,8,2,14,4
U UR ur ul D FS L,2,10,50,8,2,12,4
ul D FS U ur L UR,2,10,50,8,2,12,3
ul D FS U ur UR L,2,10,50,8,2,15,4
ul D FS U UR ur L,2,10,50,8,2,11,4
ul D FS ur L U UR,2,10,50,8,2,10,3
ul D FS ur U L UR,2,10,50,8,2,14,3
ul D FS ur U UR L,2,10,50,8,2,13,3
ul D U FS ur L UR,2,10,50,8,2,14,4
ul D U FS ur UR L,2,10,50,8,2,17,4
ul D U FS UR ur L,2,10,50,8,2,13,4
ul D U ur FS L UR,2,10,50,8,2,16,4
ul D U ur FS UR L,2,10,50,8,2,15,4
ul D U UR FS ur L,2,10,50,8,2,11,4
ul D U ur L FS UR,2,10,50,8,2,12,4
ul D U ur UR FS L,2,10,50,8,2,15,4
ul D U UR ur FS L,2,10,50,8,2,15,4
ul D ur FS L U UR,2,10,50,8,2,10,3
ul D ur FS U L UR,2,10,50,8,2,12,3
ul D ur FS U UR L,2,10,50,8,2,11,3
ul D ur L FS U UR,2,10,50,8,2,8,2
ul D ur L U FS UR,2,10,50,8,2,8,2
ul D ur U FS L UR,2,10,50,8,2,12,3
ul D ur U FS UR L,2,10,50,8,2,11,3
ul D ur U L FS UR,2,10,50,8,2,10,3
ul D ur U UR FS L,2,10,50,8,2,9,3
ul FS D U ur L UR,2,10,50,8,2,14,4
ul FS D U ur UR L,2,10,50,8,2,17,4
ul FS D U UR ur L,2,10,50,8,2,13,4
ul FS D ur L U UR,2,10,50,8,2,8,2
ul FS D ur U L UR,2,10,50,8,2,12,3
ul FS D ur U UR L,2,10,50,8,2,11,3
ul FS U D ur L UR,2,10,50,8,2,12,4
ul FS U D ur UR L,2,10,50,8,2,15,4
ul FS U D UR ur L,2,10,50,8,2,15,4
ul FS U ur D L UR,2,10,50,8,2,12,3
ul FS U ur D UR L,2,10,50,8,2,13,3
ul FS ur D L U UR,2,10,50,8,2,10,3
ul FS ur D U L UR,2,10,50,8,2,14,4
ul FS ur D U UR L,2,10,50,8,2,13,4
ul FS ur U D L UR,2,10,50,8,2,16,4
ul FS ur U D UR L,2,10,50,8,2,17,4
ul U D FS ur L UR,2,10,50,8,2,16,4
ul U D FS ur UR L,2,10,50,8,2,19,4
ul U D FS UR ur L,2,10,50,8,2,15,4
ul U D ur FS L UR,2,10,50,8,2,16,4
ul U D ur FS UR L,2,10,50,8,2,15,4
ul U D UR FS ur L,2,10,50,8,2,15,4
ul U D ur L FS UR,2,10,50,8,2,12,4
ul U D ur UR FS L,2,10,50,8,2,15,4
ul U D UR ur FS L,2,10,50,8,2,19,4
ul U FS D ur L UR,2,10,50,8,2,12,3
ul U FS D ur UR L,2,10,50,8,2,15,4
ul U FS D UR ur L,2,10,50,8,2,15,4
ul U FS ur D L UR,2,10,50,8,2,14,3
ul U FS ur D UR L,2,10,50,8,2,15,3
ul U ur D FS L UR,2,10,50,8,2,14,3
ul U ur D FS UR L,2,10,50,8,2,13,3
ul U UR D FS ur L,2,10,50,8,2,13,3
ul U ur D L FS UR,2,10,50,8,2,12,3
ul U ur D UR FS L,2,10,50,8,2,13,3
ul U UR D ur FS L,2,10,50,8,2,13,3
ul U ur FS D L UR,2,10,50,8,2,16,3
ul U ur FS D UR L,2,10,50,8,2,17,3
ul U ur UR D FS L,2,10,50,8,2,17,4
ul U UR ur D FS L,2,10,50,8,2,13,4
ul ur D FS L U UR,2,10,50,8,2,10,2
ul ur D FS U L UR,2,10,50,8,2,12,3
ul ur D FS U UR L,2,10,50,8,2,11,3
ul ur D L FS U UR,2,10,50,8,2,10,2
ul ur D L U FS UR,2,10,50,8,2,10,2
ul ur D U FS L UR,2,10,50,8,2,14,4
ul ur D U FS UR L,2,10,50,8,2,13,4
ul ur D U L FS UR,2,10,50,8,2,12,4
ul ur D U UR FS L,2,10,50,8,2,11,4
ul ur FS D L U UR,2,10,50,8,2,12,3
ul ur FS D U L UR,2,10,50,8,2,16,4
ul ur FS D U UR L,2,10,50,8,2,15,4
ul ur FS U D L UR,2,10,50,8,2,16,4
ul ur FS U D UR L,2,10,50,8,2,17,4
ul ur U D FS L UR,2,10,50,8,2,16,4
ul ur U D FS UR L,2,10,50,8,2,15,4
ul ur U D L FS UR,2,10,50,8,2,14,4
ul ur U D UR FS L,2,10,50,8,2,15,4
ul ur U FS D L UR,2,10,50,8,2,14,3
ul ur U FS D UR L,2,10,50,8,2,15,3
ul ur U UR D FS L,2,10,50,8,2,13,3
ur D FS L U ul UR,2,10,50,8,2,12,3
ur D FS L ul U UR,2,10,50,8,2,12,3
ur D FS U L ul UR,2,10,50,8,2,12,3
ur D FS U ul L UR,2,10,50,8,2,14,3
ur D FS U ul UR L,2,10,50,8,2,13,3
ur D FS U UR ul L,2,10,50,8,2,11,3
ur D FS ul L U UR,2,10,50,8,2,10,3
ur D FS ul U L UR,2,10,50,8,2,12,3
ur D FS ul U UR L,2,10,50,8,2,11,3
ur D L FS U ul UR,2,10,50,8,2,12,3
ur D L FS ul U UR,2,10,50,8,2,10,3
ur D L U FS ul UR,2,10,50,8,2,10,2
ur D L U ul FS UR,2,10,50,8,2,10,3
ur D L ul FS U UR,2,10,50,8,2,10,3
ur D L ul U FS UR,2,10,50,8,2,12,3
ur D U FS L ul UR,2,10,50,8,2,14,4
ur D U FS ul L UR,2,10,50,8,2,14,4
ur D U FS ul UR L,2,10,50,8,2,13,4
ur D U FS UR ul L,2,10,50,8,2,13,4
ur D U L FS ul UR,2,10,50,8,2,12,4
ur D U L ul FS UR,2,10,50,8,2,12,4
ur D U ul FS L UR,2,10,50,8,2,14,4
ur D U ul FS UR L,2,10,50,8,2,13,4
ur D U ul L FS UR,2,10,50,8,2,14,4
ur D U ul UR FS L,2,10,50,8,2,13,4
ur D U UR FS ul L,2,10,50,8,2,11,4
ur D U UR ul FS L,2,10,50,8,2,11,4
ur D ul FS L U UR,2,10,50,8,2,8,2
ur D ul FS U L UR,2,10,50,8,2,10,3
ur D ul FS U UR L,2,10,50,8,2,9,3
ur D ul L FS U UR,2,10,50,8,2,10,3
ur D ul L U FS UR,2,10,50,8,2,10,3
ur D ul U FS L UR,2,10,50,8,2,12,3
ur D ul U FS UR L,2,10,50,8,2,11,3
ur D ul U L FS UR,2,10,50,8,2,10,3
ur D ul U UR FS L,2,10,50,8,2,9,3
ur FS D L U ul UR,2,10,50,8,2,14,3
ur FS D L ul U UR,2,10,50,8,2,14,3
ur FS D U L ul UR,2,10,50,8,2,16,4
ur FS D U ul L UR,2,10,50,8,2,18,4
ur FS D U ul UR L,2,10,50,8,2,17,4
ur FS D U UR ul L,2,10,50,8,2,15,4
ur FS D ul L U UR,2,10,50,8,2,12,3
ur FS D ul U L UR,2,10,50,8,2,14,3
ur FS D ul U UR L,2,10,50,8,2,13,3
ur FS U D L ul UR,2,10,50,8,2,16,4
ur FS U D ul L UR,2,10,50,8,2,16,4
ur FS U D ul UR L,2,10,50,8,2,15,4
ur FS U D UR ul L,2,10,50,8,2,17,4
ur FS U ul D L UR,2,10,50,8,2,14,3
ur FS U ul D UR L,2,10,50,8,2,15,3
ur FS U UR D ul L,2,10,50,8,2,13,3
ur FS ul D L U UR,2,10,50,8,2,10,3
ur FS ul D U L UR,2,10,50,8,2,14,4
ur FS ul D U UR L,2,10,50,8,2,13,4
ur FS ul U D L UR,2,10,50,8,2,16,4
ur FS ul U D UR L,2,10,50,8,2,17,4
ur U D FS L ul UR,2,10,50,8,2,16,4
ur U D FS ul L UR,2,10,50,8,2,16,4
ur U D FS ul UR L,2,10,50,8,2,15,4
ur U D FS UR ul L,2,10,50,8,2,15,4
ur U D L FS ul UR,2,10,50,8,2,14,4
ur U D L ul FS UR,2,10,50,8,2,14,4
ur U D ul FS L UR,2,10,50,8,2,14,4
ur U D ul FS UR L,2,10,50,8,2,13,4
ur U D ul L FS UR,2,10,50,8,2,14,4
ur U D ul UR FS L,2,10,50,8,2,13,4
ur U D UR FS ul L,2,10,50,8,2,15,4
ur U D UR ul FS L,2,10,50,8,2,15,4
ur U FS D L ul UR,2,10,50,8,2,14,3
ur U FS D ul L UR,2,10,50,8,2,14,3
ur U FS D ul UR L,2,10,50,8,2,13,3
ur U FS D UR ul L,2,10,50,8,2,15,3
ur U FS ul D L UR,2,10,50,8,2,12,3
ur U FS ul D UR L,2,10,50,8,2,13,3
ur U FS UR D ul L,2,10,50,8,2,13,3
ur U ul D FS L UR,2,10,50,8,2,14,3
ur U ul D FS UR L,2,10,50,8,2,13,3
ur U ul D L FS UR,2,10,50,8,2,12,3
ur U ul D UR FS L,2,10,50,8,2,13,3
ur U ul FS D L UR,2,10,50,8,2,14,3
ur U ul FS D UR L,2,10,50,8,2,15,3
ur U ul UR D FS L,2,10,50,8,2,15,3
ur U UR D FS ul L,2,10,50,8,2,13,3
ur U UR D ul FS L,2,10,50,8,2,11,3
ur U UR FS D ul L,2,10,50,8,2,11,3
ur U UR ul D FS L,2,10,50,8,2,11,3
ur ul D FS L U UR,2,10,50,8,2,10,2
ur ul D FS U L UR,2,10,50,8,2,12,3
ur ul D FS U UR L,2,10,50,8,2,11,3
ur ul D L FS U UR,2,10,50,8,2,10,2
ur ul D L U FS UR,2,10,50,8,2,10,2
ur ul D U FS L UR,2,10,50,8,2,14,4
ur ul D U FS UR L,2,10,50,8,2,13,4
ur ul D U L FS UR,2,10,50,8,2,12,4
ur ul D U UR FS L,2,10,50,8,2,11,4
ur ul FS D L U UR,2,10,50,8,2,10,2
ur ul FS D U L UR,2,10,50,8,2,14,4
ur ul FS D U UR L,2,10,50,8,2,13,4
ur ul FS U D L UR,2,10,50,8,2,14,4
ur ul FS U D UR L,2,10,50,8,2,15,4
ur ul U D FS L UR,2,10,50,8,2,16,4
ur ul U D FS UR L,2,10,50,8,2,15,4
ur ul U D L FS UR,2,10,50,8,2,14,4
ur ul U D UR FS L,2,10,50,8,2,15,4
ur ul U FS D L UR,2,10,50,8,2,14,3
ur ul U FS D UR L,2,10,50,8,2,15,3
ur ul U UR D FS L,2,10,50,8,2,13,3
FS L ul ur D UR U,2,10,52,7,2,12,3
FS L ur D ul UR U,2,10,52,7,2,8,2
FS L ur ul D UR U,2,10,52,7,2,10,3
FS ul L ur D UR U,2,10,52,7,2,10,3
FS ul ur L D UR U,2,10,52,7,2,10,3
FS ur L D ul UR U,2,10,52,7,2,10,3
FS ur L ul D UR U,2,10,52,7,2,12,3
FS ur ul L D UR U,2,10,52,7,2,14,3
L FS ul ur D UR U,2,10,52,7,2,10,3
L FS ur D ul UR U,2,10,52,7,2,10,3
L FS ur ul D UR U,2,10,52,7,2,12,3
L ul FS ur D UR U,2,10,52,7,2,12,3
L ul ur D FS UR U,2,10,52,7,2,10,3
L ul ur FS D UR U,2,10,52,7,2,14,3
L ur D FS ul UR U,2,10,52,7,2,8,2
L ur D ul FS UR U,2,10,52,7,2,6,1
L ur FS D ul UR U,2,10,52,7,2,10,3
L ur FS ul D UR U,2,10,52,7,2,10,3
L ur ul D FS UR U,2,10,52,7,2,8,2
L ur ul FS D UR U,2,10,52,7,2,10,3
ul FS L ur D UR U,2,10,52,7,2,9,3
ul FS ur L D UR U,2,10,52,7,2,11,3
ul L FS ur D UR U,2,10,52,7,2,13,3
ul L ur D FS UR U,2,10,52,7,2,9,3
ul L ur FS D UR U,2,10,52,7,2,13,3
ul ur FS L D UR U,2,10,52,7,2,13,3
ul ur L D FS UR U,2,10,52,7,2,9,2
ul ur L FS D UR U,2,10,52,7,2,11,3
ur FS L D ul UR U,2,10,52,7,2,11,3
ur FS L ul D UR U,2,10,52,7,2,13,3
ur FS ul L D UR U,2,10,52,7,2,13,3
ur L D FS ul UR U,2,10,52,7,2,9,2
ur L D ul FS UR U,2,10,52,7,2,7,2
ur L FS D ul UR U,2,10,52,7,2,9,2
ur L FS ul D UR U,2,10,52,7,2,9,3
ur L ul D FS UR U,2,10,52,7,2,9,3
ur L ul FS D UR U,2,10,52,7,2,11,3
ur ul FS L D UR U,2,10,52,7,2,11,3
ur ul L D FS UR U,2,10,52,7,2,11,3
ur ul L FS D UR U,2,10,52,7,2,13,3
D FS ur L UR ul U,2,10,52,8,2,14,3
D FS UR U ul ur L,2,10,52,8,2,10,3
D FS UR U ur ul L,2,10,52,8,2,12,3
D FS UR ul U ur L,2,10,52,8,2,12,3
D FS UR ul ur L U,2,10,52,8,2,10,2
D FS UR ul ur U L,2,10,52,8,2,12,3
D FS ur UR L ul U,2,10,52,8,2,18,4
D FS UR ur L ul U,2,10,52,8,2,14,4
D FS ur UR U ul L,2,10,52,8,2,16,4
D FS UR ur U ul L,2,10,52,8,2,16,4
D FS ur UR ul L U,2,10,52,8,2,16,4
D FS UR ur ul L U,2,10,52,8,2,14,4
D FS ur UR ul U L,2,10,52,8,2,16,4
D FS UR ur ul U L,2,10,52,8,2,14,4
D ul UR FS U ur L,2,10,52,8,2,10,3
D ul UR FS ur L U,2,10,52,8,2,10,3
D ul UR FS ur U L,2,10,52,8,2,12,3
D ul ur L UR FS U,2,10,52,8,2,10,3
D ul UR U FS ur L,2,10,52,8,2,10,3
D ul UR U ur FS L,2,10,52,8,2,12,3
D ul ur UR FS L U,2,10,52,8,2,12,4
D ul UR ur FS L U,2,10,52,8,2,14,4
D ul ur UR FS U L,2,10,52,8,2,12,4
D ul UR ur FS U L,2,10,52,8,2,14,4
D ul ur UR L FS U,2,10,52,8,2,14,4
D ul UR ur L FS U,2,10,52,8,2,12,4
D ul ur UR U FS L,2,10,52,8,2,12,4
D ul UR ur U FS L,2,10,52,8,2,14,4
D ur FS L UR ul U,2,10,52,8,2,14,3
D UR FS U ul ur L,2,10,52,8,2,12,3
D UR FS U ur ul L,2,10,52,8,2,14,3
D UR FS ul U ur L,2,10,52,8,2,12,3
D UR FS ul ur L U,2,10,52,8,2,10,3
D UR FS ul ur U L,2,10,52,8,2,12,3
D ur FS UR L ul U,2,10,52,8,2,14,3
D UR FS ur L ul U,2,10,52,8,2,14,3
D ur FS UR U ul L,2,10,52,8,2,12,3
D UR FS ur U ul L,2,10,52,8,2,16,3
D ur FS UR ul L U,2,10,52,8,2,12,3
D UR FS ur ul L U,2,10,52,8,2,14,3
D ur FS UR ul U L,2,10,52,8,2,12,3
D UR FS ur ul U L,2,10,52,8,2,14,3
D ur L FS UR ul U,2,10,52,8,2,10,3
D ur L ul UR FS U,2,10,52,8,2,10,3
D ur L UR FS ul U,2,10,52,8,2,10,3
D ur L UR ul FS U,2,10,52,8,2,10,3
D UR U FS ul ur L,2,10,52,8,2,10,3
D UR U FS ur ul L,2,10,52,8,2,14,3
D UR U ul FS ur L,2,10,52,8,2,12,3
D UR U ul ur FS L,2,10,52,8,2,14,3
D UR U ur FS ul L,2,10,52,8,2,14,3
D UR U ur ul FS L,2,10,52,8,2,12,3
D UR ul FS U ur L,2,10,52,8,2,12,3
D UR ul FS ur L U,2,10,52,8,2,12,3
D UR ul FS ur U L,2,10,52,8,2,14,3
D ur ul L UR FS U,2,10,52,8,2,12,3
D UR ul U FS ur L,2,10,52,8,2,14,3
D UR ul U ur FS L,2,10,52,8,2,16,3
D ur ul UR FS L U,2,10,52,8,2,10,2
D UR ul ur FS L U,2,10,52,8,2,14,3
D ur ul UR FS U L,2,10,52,8,2,10,2
D UR ul ur FS U L,2,10,52,8,2,14,3
D ur ul UR L FS U,2,10,52,8,2,12,3
D UR ul ur L FS U,2,10,52,8,2,12,3
D ur ul UR U FS L,2,10,52,8,2,10,2
D UR ul ur U FS L,2,10,52,8,2,14,3
D ur UR FS L ul U,2,10,52,8,2,14,4
D UR ur FS L ul U,2,10,52,8,2,18,4
D ur UR FS U ul L,2,10,52,8,2,14,4
D UR ur FS U ul L,2,10,52,8,2,18,4
D ur UR FS ul L U,2,10,52,8,2,12,4
D UR ur FS ul L U,2,10,52,8,2,16,4
D ur UR FS ul U L,2,10,52,8,2,12,4
D UR ur FS ul U L,2,10,52,8,2,16,4
D ur UR L FS ul U,2,10,52,8,2,14,4
D UR ur L FS ul U,2,10,52,8,2,14,4
D ur UR L ul FS U,2,10,52,8,2,14,4
D UR ur L ul FS U,2,10,52,8,2,14,4
D ur UR U FS ul L,2,10,52,8,2,12,4
D UR ur U FS ul L,2,10,52,8,2,16,4
D ur UR U ul FS L,2,10,52,8,2,12,4
D UR ur U ul FS L,2,10,52,8,2,16,4
D ur UR ul FS L U,2,10,52,8,2,12,4
D UR ur ul FS L U,2,10,52,8,2,14,4
D ur UR ul FS U L,2,10,52,8,2,12,4
D UR ur ul FS U L,2,10,52,8,2,14,4
D ur UR ul L FS U,2,10,52,8,2,14,4
D UR ur ul L FS U,2,10,52,8,2,16,4
D ur UR ul U FS L,2,10,52,8,2,14,4
D UR ur ul U FS L,2,10,52,8,2,16,4
FS D ur L UR ul U,2,10,52,8,2,12,3
FS D UR U ul ur L,2,10,52,8,2,12,3
FS D UR U ur ul L,2,10,52,8,2,14,3
FS D UR ul U ur L,2,10,52,8,2,14,3
FS D UR ul ur L U,2,10,52,8,2,12,3
FS D UR ul ur U L,2,10,52,8,2,14,3
FS D ur UR L ul U,2,10,52,8,2,16,4
FS D UR ur L ul U,2,10,52,8,2,16,4
FS D ur UR U ul L,2,10,52,8,2,14,4
FS D UR ur U ul L,2,10,52,8,2,18,4
FS D ur UR ul L U,2,10,52,8,2,14,4
FS D UR ur ul L U,2,10,52,8,2,16,4
FS D ur UR ul U L,2,10,52,8,2,14,4
FS D UR ur ul U L,2,10,52,8,2,16,4
FS ur D L UR ul U,2,10,52,8,2,14,3
FS UR D U ul ur L,2,10,52,8,2,14,4
FS UR D U ur ul L,2,10,52,8,2,16,4
FS UR D ul U ur L,2,10,52,8,2,12,3
FS UR D ul ur L U,2,10,52,8,2,10,3
FS UR D ul ur U L,2,10,52,8,2,12,3
FS ur D UR L ul U,2,10,52,8,2,16,3
FS UR D ur L ul U,2,10,52,8,2,12,3
FS ur D UR U ul L,2,10,52,8,2,14,3
FS UR D ur U ul L,2,10,52,8,2,14,3
FS ur D UR ul L U,2,10,52,8,2,14,3
FS UR D ur ul L U,2,10,52,8,2,12,3
FS ur D UR ul U L,2,10,52,8,2,14,3
FS UR D ur ul U L,2,10,52,8,2,12,3
FS UR U D ul ur L,2,10,52,8,2,10,4
FS UR U D ur ul L,2,10,52,8,2,12,4
FS UR U ur D ul L,2,10,52,8,2,10,3
FS ur UR D L ul U,2,10,52,8,2,18,4
FS UR ur D L ul U,2,10,52,8,2,14,4
FS ur UR D U ul L,2,10,52,8,2,20,4
FS UR ur D U ul L,2,10,52,8,2,16,4
FS ur UR D ul L U,2,10,52,8,2,16,4
FS UR ur D ul L U,2,10,52,8,2,12,4
FS ur UR D ul U L,2,10,52,8,2,16,4
FS UR ur D ul U L,2,10,52,8,2,12,4
FS ur UR U D ul L,2,10,52,8,2,16,4
FS UR ur U D ul L,2,10,52,8,2,16,4
ul D UR FS U ur L,2,10,52,8,2,11,3
ul D UR FS ur L U,2,10,52,8,2,11,3
ul D UR FS ur U L,2,10,52,8,2,13,3
ul D ur L UR FS U,2,10,52,8,2,9,3
ul D UR U FS ur L,2,10,52,8,2,11,3
ul D UR U ur FS L,2,10,52,8,2,13,3
ul D ur UR FS L U,2,10,52,8,2,11,4
ul D UR ur FS L U,2,10,52,8,2,15,4
ul D ur UR FS U L,2,10,52,8,2,11,4
ul D UR ur FS U L,2,10,52,8,2,15,4
ul D ur UR L FS U,2,10,52,8,2,13,4
ul D UR ur L FS U,2,10,52,8,2,13,4
ul D ur UR U FS L,2,10,52,8,2,11,4
ul D UR ur U FS L,2,10,52,8,2,15,4
ul UR D FS U ur L,2,10,52,8,2,13,3
ul UR D FS ur L U,2,10,52,8,2,13,3
ul UR D FS ur U L,2,10,52,8,2,15,3
ul ur D L UR FS U,2,10,52,8,2,11,3
ul UR D U FS ur L,2,10,52,8,2,15,4
ul UR D U ur FS L,2,10,52,8,2,17,4
ul ur D UR FS L U,2,10,52,8,2,11,3
ul UR D ur FS L U,2,10,52,8,2,13,3
ul ur D UR FS U L,2,10,52,8,2,11,3
ul UR D ur FS U L,2,10,52,8,2,13,3
ul ur D UR L FS U,2,10,52,8,2,13,3
ul UR D ur L FS U,2,10,52,8,2,11,3
ul ur D UR U FS L,2,10,52,8,2,11,3
ul UR D ur U FS L,2,10,52,8,2,13,3
ul UR U D FS ur L,2,10,52,8,2,13,4
ul UR U D ur FS L,2,10,52,8,2,13,4
ul UR U ur D FS L,2,10,52,8,2,11,3
ul ur UR D FS L U,2,10,52,8,2,15,4
ul UR ur D FS L U,2,10,52,8,2,13,4
ul ur UR D FS U L,2,10,52,8,2,15,4
ul UR ur D FS U L,2,10,52,8,2,13,4
ul ur UR D L FS U,2,10,52,8,2,15,4
ul UR ur D L FS U,2,10,52,8,2,13,4
ul ur UR D U FS L,2,10,52,8,2,17,4
ul UR ur D U FS L,2,10,52,8,2,15,4
ul ur UR U D FS L,2,10,52,8,2,15,4
ul UR ur U D FS L,2,10,52,8,2,17,4
ur D FS L UR ul U,2,10,52,8,2,13,3
UR D FS U ul ur L,2,10,52,8,2,13,3
UR D FS U ur ul L,2,10,52,8,2,15,3
UR D FS ul U ur L,2,10,52,8,2,13,3
UR D FS ul ur L U,2,10,52,8,2,11,3
UR D FS ul ur U L,2,10,52,8,2,13,3
ur D FS UR L ul U,2,10,52,8,2,13,3
UR D FS ur L ul U,2,10,52,8,2,15,3
ur D FS UR U ul L,2,10,52,8,2,11,3
UR D FS ur U ul L,2,10,52,8,2,17,3
ur D FS UR ul L U,2,10,52,8,2,11,3
UR D FS ur ul L U,2,10,52,8,2,15,3
ur D FS UR ul U L,2,10,52,8,2,11,3
UR D FS ur ul U L,2,10,52,8,2,15,3
ur D L FS UR ul U,2,10,52,8,2,11,3
ur D L ul UR FS U,2,10,52,8,2,11,3
ur D L UR FS ul U,2,10,52,8,2,11,3
ur D L UR ul FS U,2,10,52,8,2,11,3
UR D U FS ul ur L,2,10,52,8,2,13,4
UR D U FS ur ul L,2,10,52,8,2,17,4
UR D U ul FS ur L,2,10,52,8,2,15,4
UR D U ul ur FS L,2,10,52,8,2,17,4
UR D U ur FS ul L,2,10,52,8,2,17,4
UR D U ur ul FS L,2,10,52,8,2,15,4
UR D ul FS U ur L,2,10,52,8,2,11,3
UR D ul FS ur L U,2,10,52,8,2,11,3
UR D ul FS ur U L,2,10,52,8,2,13,3
ur D ul L UR FS U,2,10,52,8,2,11,3
UR D ul U FS ur L,2,10,52,8,2,13,3
UR D ul U ur FS L,2,10,52,8,2,15,3
ur D ul UR FS L U,2,10,52,8,2,9,2
UR D ul ur FS L U,2,10,52,8,2,13,3
ur D ul UR FS U L,2,10,52,8,2,9,2
UR D ul ur FS U L,2,10,52,8,2,13,3
ur D ul UR L FS U,2,10,52,8,2,11,3
UR D ul ur L FS U,2,10,52,8,2,11,3
ur D ul UR U FS L,2,10,52,8,2,9,2
UR D ul ur U FS L,2,10,52,8,2,13,3
ur D UR FS L ul U,2,10,52,8,2,13,3
UR D ur FS L ul U,2,10,52,8,2,15,3
ur D UR FS U ul L,2,10,52,8,2,13,3
UR D ur FS U ul L,2,10,52,8,2,15,3
ur D UR FS ul L U,2,10,52,8,2,11,3
UR D ur FS ul L U,2,10,52,8,2,13,3
ur D UR FS ul U L,2,10,52,8,2,11,3
UR D ur FS ul U L,2,10,52,8,2,13,3
ur D UR L FS ul U,2,10,52,8,2,13,3
UR D ur L FS ul U,2,10,52,8,2,11,3
ur D UR L ul FS U,2,10,52,8,2,13,3
UR D ur L ul FS U,2,10,52,8,2,11,3
ur D UR U FS ul L,2,10,52,8,2,11,3
UR D ur U FS ul L,2,10,52,8,2,13,3
ur D UR U ul FS L,2,10,52,8,2,11,3
UR D ur U ul FS L,2,10,52,8,2,13,3
ur D UR ul FS L U,2,10,52,8,2,11,3
UR D ur ul FS L U,2,10,52,8,2,11,3
ur D UR ul FS U L,2,10,52,8,2,11,3
UR D ur ul FS U L,2,10,52,8,2,11,3
ur D UR ul L FS U,2,10,52,8,2,13,3
UR D ur ul L FS U,2,10,52,8,2,13,3
ur D UR ul U FS L,2,10,52,8,2,13,3
UR D ur ul U FS L,2,10,52,8,2,13,3
ur FS D L UR ul U,2,10,52,8,2,15,3
UR FS D U ul ur L,2,10,52,8,2,13,4
UR FS D U ur ul L,2,10,52,8,2,15,4
UR FS D ul U ur L,2,10,52,8,2,11,3
UR FS D ul ur L U,2,10,52,8,2,9,2
UR FS D ul ur U L,2,10,52,8,2,11,3
ur FS D UR L ul U,2,10,52,8,2,17,3
UR FS D ur L ul U,2,10,52,8,2,11,3
ur FS D UR U ul L,2,10,52,8,2,15,3
UR FS D ur U ul L,2,10,52,8,2,13,3
ur FS D UR ul L U,2,10,52,8,2,15,3
UR FS D ur ul L U,2,10,52,8,2,11,3
ur FS D UR ul U L,2,10,52,8,2,15,3
UR FS D ur ul U L,2,10,52,8,2,11,3
UR FS U D ul ur L,2,10,52,8,2,11,4
UR FS U D ur ul L,2,10,52,8,2,13,4
UR FS U ur D ul L,2,10,52,8,2,11,3
ur FS UR D L ul U,2,10,52,8,2,15,3
UR FS ur D L ul U,2,10,52,8,2,13,3
ur FS UR D U ul L,2,10,52,8,2,17,4
UR FS ur D U ul L,2,10,52,8,2,15,4
ur FS UR D ul L U,2,10,52,8,2,13,3
UR FS ur D ul L U,2,10,52,8,2,11,3
ur FS UR D ul U L,2,10,52,8,2,13,3
UR FS ur D ul U L,2,10,52,8,2,11,3
ur FS UR U D ul L,2,10,52,8,2,13,4
UR FS ur U D ul L,2,10,52,8,2,15,4
UR U D FS ul ur L,2,10,52,8,2,11,4
UR U D FS ur ul L,2,10,52,8,2,15,4
UR U D ul FS ur L,2,10,52,8,2,11,4
UR U D ul ur FS L,2,10,52,8,2,13,4
UR U D ur FS ul L,2,10,52,8,2,13,4
UR U D ur ul FS L,2,10,52,8,2,11,4
UR U FS D ul ur L,2,10,52,8,2,9,2
UR U FS D ur ul L,2,10,52,8,2,11,3
UR U FS ur D ul L,2,10,52,8,2,11,3
UR U ul D FS ur L,2,10,52,8,2,11,3
UR U ul D ur FS L,2,10,52,8,2,11,3
UR U ul ur D FS L,2,10,52,8,2,11,3
UR U ur D FS ul L,2,10,52,8,2,11,3
UR U ur D ul FS L,2,10,52,8,2,9,3
UR U ur FS D ul L,2,10,52,8,2,13,3
UR U ur ul D FS L,2,10,52,8,2,11,3
UR ul D FS U ur L,2,10,52,8,2,11,3
UR ul D FS ur L U,2,10,52,8,2,11,3
UR ul D FS ur U L,2,10,52,8,2,13,3
ur ul D L UR FS U,2,10,52,8,2,11,3
UR ul D U FS ur L,2,10,52,8,2,13,4
UR ul D U ur FS L,2,10,52,8,2,15,4
ur ul D UR FS L U,2,10,52,8,2,11,3
UR ul D ur FS L U,2,10,52,8,2,11,3
ur ul D UR FS U L,2,10,52,8,2,11,3
UR ul D ur FS U L,2,10,52,8,2,11,3
ur ul D UR L FS U,2,10,52,8,2,13,3
UR ul D ur L FS U,2,10,52,8,2,9,2
ur ul D UR U FS L,2,10,52,8,2,11,3
UR ul D ur U FS L,2,10,52,8,2,11,3
UR ul U D FS ur L,2,10,52,8,2,15,4
UR ul U D ur FS L,2,10,52,8,2,15,4
UR ul U ur D FS L,2,10,52,8,2,13,3
ur ul UR D FS L U,2,10,52,8,2,13,3
UR ul ur D FS L U,2,10,52,8,2,11,2
ur ul UR D FS U L,2,10,52,8,2,13,3
UR ul ur D FS U L,2,10,52,8,2,11,2
ur ul UR D L FS U,2,10,52,8,2,13,3
UR ul ur D L FS U,2,10,52,8,2,11,2
ur ul UR D U FS L,2,10,52,8,2,15,4
UR ul ur D U FS L,2,10,52,8,2,13,4
ur ul UR U D FS L,2,10,52,8,2,13,4
UR ul ur U D FS L,2,10,52,8,2,15,4
ur UR D FS L ul U,2,10,52,8,2,17,4
UR ur D FS L ul U,2,10,52,8,2,15,4
ur UR D FS U ul L,2,10,52,8,2,17,4
UR ur D FS U ul L,2,10,52,8,2,15,4
ur UR D FS ul L U,2,10,52,8,2,15,4
UR ur D FS ul L U,2,10,52,8,2,13,4
ur UR D FS ul U L,2,10,52,8,2,15,4
UR ur D FS ul U L,2,10,52,8,2,13,4
ur UR D L FS ul U,2,10,52,8,2,15,4
UR ur D L FS ul U,2,10,52,8,2,13,4
ur UR D L ul FS U,2,10,52,8,2,15,4
UR ur D L ul FS U,2,10,52,8,2,13,4
ur UR D U FS ul L,2,10,52,8,2,17,4
UR ur D U FS ul L,2,10,52,8,2,15,4
ur UR D U ul FS L,2,10,52,8,2,17,4
UR ur D U ul FS L,2,10,52,8,2,15,4
ur UR D ul FS L U,2,10,52,8,2,13,4
UR ur D ul FS L U,2,10,52,8,2,11,4
ur UR D ul FS U L,2,10,52,8,2,13,4
UR ur D ul FS U L,2,10,52,8,2,11,4
ur UR D ul L FS U,2,10,52,8,2,15,4
UR ur D ul L FS U,2,10,52,8,2,13,4
ur UR D ul U FS L,2,10,52,8,2,15,4
UR ur D ul U FS L,2,10,52,8,2,13,4
ur UR FS D L ul U,2,10,52,8,2,15,4
UR ur FS D L ul U,2,10,52,8,2,17,4
ur UR FS D U ul L,2,10,52,8,2,17,4
UR ur FS D U ul L,2,10,52,8,2,19,4
ur UR FS D ul L U,2,10,52,8,2,13,4
UR ur FS D ul L U,2,10,52,8,2,15,4
ur UR FS D ul U L,2,10,52,8,2,13,4
UR ur FS D ul U L,2,10,52,8,2,15,4
ur UR FS U D ul L,2,10,52,8,2,15,4
UR ur FS U D ul L,2,10,52,8,2,17,4
ur UR U D FS ul L,2,10,52,8,2,15,4
UR ur U D FS ul L,2,10,52,8,2,17,4
ur UR U D ul FS L,2,10,52,8,2,13,4
UR ur U D ul FS L,2,10,52,8,2,15,4
ur UR U FS D ul L,2,10,52,8,2,13,4
UR ur U FS D ul L,2,10,52,8,2,15,4
ur UR U ul D FS L,2,10,52,8,2,13,4
UR ur U ul D FS L,2,10,52,8,2,15,4
ur UR ul D FS L U,2,10,52,8,2,13,4
UR ur ul D FS L U,2,10,52,8,2,13,4
ur UR ul D FS U L,2,10,52,8,2,13,4
UR ur ul D FS U L,2,10,52,8,2,13,4
ur UR ul D L FS U,2,10,52,8,2,13,4
UR ur ul D L FS U,2,10,52,8,2,13,4
ur UR ul D U FS L,2,10,52,8,2,15,4
UR ur ul D U FS L,2,10,52,8,2,15,4
ur UR ul U D FS L,2,10,52,8,2,17,4
UR ur ul U D FS L,2,10,52,8,2,17,4
FS L U ul ur D UR,2,10,54,8,2,13,3
FS L U ul ur UR D,2,10,54,8,2,16,4
FS L U ul UR ur D,2,10,54,8,2,14,4
FS L U ur D ul UR,2,10,54,8,2,11,3
FS L U ur ul D UR,2,10,54,8,2,13,3
FS L U ur ul UR D,2,10,54,8,2,14,3
FS L U UR ul ur D,2,10,54,8,2,10,2
FS L U ur UR ul D,2,10,54,8,2,14,4
FS L U UR ur ul D,2,10,54,8,2,12,4
FS L ul U ur D UR,2,10,54,8,2,15,3
FS L ul U ur UR D,2,10,54,8,2,18,4
FS L ul U UR ur D,2,10,54,8,2,14,4
FS L ul ur D U UR,2,10,54,8,2,13,4
FS L ul ur U D UR,2,10,54,8,2,17,4
FS L ul ur U UR D,2,10,54,8,2,14,3
FS L ur D U ul UR,2,10,54,8,2,13,4
FS L ur D ul U UR,2,10,54,8,2,9,3
FS L ur U D ul UR,2,10,54,8,2,13,4
FS L ur U ul D UR,2,10,54,8,2,13,3
FS L ur U ul UR D,2,10,54,8,2,14,3
FS L ur U UR ul D,2,10,54,8,2,10,3
FS L ur ul D U UR,2,10,54,8,2,11,4
FS L ur ul U D UR,2,10,54,8,2,15,4
FS L ur ul U UR D,2,10,54,8,2,12,3
FS U L ul ur D UR,2,10,54,8,2,13,3
FS U L ul ur UR D,2,10,54,8,2,16,4
FS U L ul UR ur D,2,10,54,8,2,14,4
FS U L ur D ul UR,2,10,54,8,2,9,2
FS U L ur ul D UR,2,10,54,8,2,11,3
FS U L ur ul UR D,2,10,54,8,2,12,3
FS U L UR ul ur D,2,10,54,8,2,12,3
FS U L ur UR ul D,2,10,54,8,2,12,4
FS U L UR ur ul D,2,10,54,8,2,14,4
FS U ul L ur D UR,2,10,54,8,2,13,3
FS U ul L ur UR D,2,10,54,8,2,16,4
FS U ul L UR ur D,2,10,54,8,2,16,4
FS U ul ur L D UR,2,10,54,8,2,13,3
FS U ul ur L UR D,2,10,54,8,2,14,3
FS U ur L D ul UR,2,10,54,8,2,11,3
FS U ur L ul D UR,2,10,54,8,2,13,3
FS U ur L ul UR D,2,10,54,8,2,14,3
FS U ur L UR ul D,2,10,54,8,2,12,3
FS U ur ul L D UR,2,10,54,8,2,15,3
FS U ur ul L UR D,2,10,54,8,2,16,3
FS ul L U ur D UR,2,10,54,8,2,13,3
FS ul L U ur UR D,2,10,54,8,2,16,4
FS ul L U UR ur D,2,10,54,8,2,12,4
FS ul L ur D U UR,2,10,54,8,2,11,4
FS ul L ur U D UR,2,10,54,8,2,15,4
FS ul L ur U UR D,2,10,54,8,2,12,3
FS ul U L ur D UR,2,10,54,8,2,11,3
FS ul U L ur UR D,2,10,54,8,2,14,4
FS ul U L UR ur D,2,10,54,8,2,14,4
FS ul U ur L D UR,2,10,54,8,2,13,3
FS ul U ur L UR D,2,10,54,8,2,14,3
FS ul ur L D U UR,2,10,54,8,2,11,4
FS ul ur L U D UR,2,10,54,8,2,13,4
FS ul ur L U UR D,2,10,54,8,2,10,3
FS ul ur U L D UR,2,10,54,8,2,13,3
FS ul ur U L UR D,2,10,54,8,2,14,3
FS ur L D U ul UR,2,10,54,8,2,15,4
FS ur L D ul U UR,2,10,54,8,2,11,3
FS ur L U D ul UR,2,10,54,8,2,13,4
FS ur L U ul D UR,2,10,54,8,2,13,3
FS ur L U ul UR D,2,10,54,8,2,14,3
FS ur L U UR ul D,2,10,54,8,2,10,3
FS ur L ul D U UR,2,10,54,8,2,13,4
FS ur L ul U D UR,2,10,54,8,2,17,4
FS ur L ul U UR D,2,10,54,8,2,14,3
FS ur U L D ul UR,2,10,54,8,2,13,3
FS ur U L ul D UR,2,10,54,8,2,15,3
FS ur U L ul UR D,2,10,54,8,2,16,3
FS ur U L UR ul D,2,10,54,8,2,14,3
FS ur U ul L D UR,2,10,54,8,2,17,3
FS ur U ul L UR D,2,10,54,8,2,18,3
FS ur ul L D U UR,2,10,54,8,2,15,4
FS ur ul L U D UR,2,10,54,8,2,17,4
FS ur ul L U UR D,2,10,54,8,2,14,3
FS ur ul U L D UR,2,10,54,8,2,15,3
FS ur ul U L UR D,2,10,54,8,2,16,3
L FS U ul ur D UR,2,10,54,8,2,13,3
L FS U ul ur UR D,2,10,54,8,2,16,4
L FS U ul UR ur D,2,10,54,8,2,14,4
L FS U ur D ul UR,2,10,54,8,2,11,3
L FS U ur ul D UR,2,10,54,8,2,13,3
L FS U ur ul UR D,2,10,54,8,2,14,3
L FS U UR ul ur D,2,10,54,8,2,10,2
L FS U ur UR ul D,2,10,54,8,2,14,4
L FS U UR ur ul D,2,10,54,8,2,12,4
L FS ul U ur D UR,2,10,54,8,2,13,3
L FS ul U ur UR D,2,10,54,8,2,16,4
L FS ul U UR ur D,2,10,54,8,2,12,4
L FS ul ur D U UR,2,10,54,8,2,11,4
L FS ul ur U D UR,2,10,54,8,2,15,4
L FS ul ur U UR D,2,10,54,8,2,12,3
L FS ur D U ul UR,2,10,54,8,2,15,4
L FS ur D ul U UR,2,10,54,8,2,11,3
L FS ur U D ul UR,2,10,54,8,2,15,4
L FS ur U ul D UR,2,10,54,8,2,15,3
L FS ur U ul UR D,2,10,54,8,2,16,3
L FS ur U UR ul D,2,10,54,8,2,12,3
L FS ur ul D U UR,2,10,54,8,2,13,4
L FS ur ul U D UR,2,10,54,8,2,17,4
L FS ur ul U UR D,2,10,54,8,2,14,3
L U FS ul ur D UR,2,10,54,8,2,11,3
L U FS ul ur UR D,2,10,54,8,2,14,4
L U FS ul UR ur D,2,10,54,8,2,12,4
L U FS ur D ul UR,2,10,54,8,2,11,3
L U FS ur ul D UR,2,10,54,8,2,13,3
L U FS ur ul UR D,2,10,54,8,2,14,3
L U FS UR ul ur D,2,10,54,8,2,10,2
L U FS ur UR ul D,2,10,54,8,2,14,4
L U FS UR ur ul D,2,10,54,8,2,12,4
L U ul FS ur D UR,2,10,54,8,2,13,3
L U ul FS ur UR D,2,10,54,8,2,16,4
L U ul FS UR ur D,2,10,54,8,2,12,4
L U ul ur D FS UR,2,10,54,8,2,11,3
L U ul ur FS D UR,2,10,54,8,2,15,3
L U ul ur FS UR D,2,10,54,8,2,14,3
L U ul UR FS ur D,2,10,54,8,2,12,3
L U ul ur UR FS D,2,10,54,8,2,14,4
L U ul UR ur FS D,2,10,54,8,2,16,4
L U ur D FS ul UR,2,10,54,8,2,11,3
L U ur D ul FS UR,2,10,54,8,2,9,3
L U ur FS D ul UR,2,10,54,8,2,13,3
L U ur FS ul D UR,2,10,54,8,2,13,3
L U ur FS ul UR D,2,10,54,8,2,14,3
L U UR FS ul ur D,2,10,54,8,2,8,2
L U ur FS UR ul D,2,10,54,8,2,12,3
L U UR FS ur ul D,2,10,54,8,2,10,3
L U ur ul D FS UR,2,10,54,8,2,11,3
L U ur ul FS D UR,2,10,54,8,2,13,3
L U ur ul FS UR D,2,10,54,8,2,12,3
L U UR ul FS ur D,2,10,54,8,2,10,3
L U ur ul UR FS D,2,10,54,8,2,12,3
L U UR ul ur FS D,2,10,54,8,2,12,3
L U ur UR FS ul D,2,10,54,8,2,12,4
L U UR ur FS ul D,2,10,54,8,2,12,4
L U ur UR ul FS D,2,10,54,8,2,14,4
L U UR ur ul FS D,2,10,54,8,2,12,4
L ul FS U ur D UR,2,10,54,8,2,13,3
L ul FS U ur UR D,2,10,54,8,2,16,4
L ul FS U UR ur D,2,10,54,8,2,12,4
L ul FS ur D U UR,2,10,54,8,2,13,4
L ul FS ur U D UR,2,10,54,8,2,17,4
L ul FS ur U UR D,2,10,54,8,2,14,3
L ul U FS ur D UR,2,10,54,8,2,15,3
L ul U FS ur UR D,2,10,54,8,2,18,4
L ul U FS UR ur D,2,10,54,8,2,14,4
L ul U ur D FS UR,2,10,54,8,2,13,3
L ul U ur FS D UR,2,10,54,8,2,17,3
L ul U ur FS UR D,2,10,54,8,2,16,3
L ul U UR FS ur D,2,10,54,8,2,12,3
L ul U ur UR FS D,2,10,54,8,2,16,4
L ul U UR ur FS D,2,10,54,8,2,16,4
L ul ur D FS U UR,2,10,54,8,2,11,3
L ul ur D U FS UR,2,10,54,8,2,13,4
L ul ur FS D U UR,2,10,54,8,2,15,4
L ul ur FS U D UR,2,10,54,8,2,17,4
L ul ur FS U UR D,2,10,54,8,2,14,3
L ul ur U D FS UR,2,10,54,8,2,15,4
L ul ur U FS D UR,2,10,54,8,2,15,3
L ul ur U FS UR D,2,10,54,8,2,14,3
L ul ur U UR FS D,2,10,54,8,2,12,3
L ur D FS U ul UR,2,10,54,8,2,11,3
L ur D FS ul U UR,2,10,54,8,2,9,3
L ur D U FS ul UR,2,10,54,8,2,11,4
L ur D U ul FS UR,2,10,54,8,2,11,4
L ur D ul FS U UR,2,10,54,8,2,7,2
L ur D ul U FS UR,2,10,54,8,2,9,3
L ur FS D U ul UR,2,10,54,8,2,15,4
L ur FS D ul U UR,2,10,54,8,2,11,3
L ur FS U D ul UR,2,10,54,8,2,13,4
L ur FS U ul D UR,2,10,54,8,2,13,3
L ur FS U ul UR D,2,10,54,8,2,14,3
L ur FS U UR ul D,2,10,54,8,2,10,3
L ur FS ul D U UR,2,10,54,8,2,11,4
L ur FS ul U D UR,2,10,54,8,2,15,4
L ur FS ul U UR D,2,10,54,8,2,12,3
L ur U D FS ul UR,2,10,54,8,2,13,4
L ur U D ul FS UR,2,10,54,8,2,11,4
L ur U FS D ul UR,2,10,54,8,2,11,3
L ur U FS ul D UR,2,10,54,8,2,11,3
L ur U FS ul UR D,2,10,54,8,2,12,3
L ur U FS UR ul D,2,10,54,8,2,10,3
L ur U ul D FS UR,2,10,54,8,2,11,3
L ur U ul FS D UR,2,10,54,8,2,13,3
L ur U ul FS UR D,2,10,54,8,2,12,3
L ur U ul UR FS D,2,10,54,8,2,12,3
L ur U UR FS ul D,2,10,54,8,2,8,3
L ur U UR ul FS D,2,10,54,8,2,10,3
L ur ul D FS U UR,2,10,54,8,2,9,2
L ur ul D U FS UR,2,10,54,8,2,11,4
L ur ul FS D U UR,2,10,54,8,2,11,4
L ur ul FS U D UR,2,10,54,8,2,13,4
L ur ul FS U UR D,2,10,54,8,2,10,3
L ur ul U D FS UR,2,10,54,8,2,13,4
L ur ul U FS D UR,2,10,54,8,2,13,3
L ur ul U FS UR D,2,10,54,8,2,12,3
L ur ul U UR FS D,2,10,54,8,2,10,3
U FS L ul ur D UR,2,10,54,8,2,13,3
U FS L ul ur UR D,2,10,54,8,2,16,4
U FS L ul UR ur D,2,10,54,8,2,14,4
U FS L ur D ul UR,2,10,54,8,2,9,2
U FS L ur ul D UR,2,10,54,8,2,11,3
U FS L ur ul UR D,2,10,54,8,2,12,3
U FS L UR ul ur D,2,10,54,8,2,12,3
U FS L ur UR ul D,2,10,54,8,2,12,4
U FS L UR ur ul D,2,10,54,8,2,14,4
U FS ul L ur D UR,2,10,54,8,2,11,3
U FS ul L ur UR D,2,10,54,8,2,14,4
U FS ul L UR ur D,2,10,54,8,2,14,4
U FS ul ur L D UR,2,10,54,8,2,11,3
U FS ul ur L UR D,2,10,54,8,2,12,3
U FS ur L D ul UR,2,10,54,8,2,11,3
U FS ur L ul D UR,2,10,54,8,2,13,3
U FS ur L ul UR D,2,10,54,8,2,14,3
U FS ur L UR ul D,2,10,54,8,2,12,3
U FS ur ul L D UR,2,10,54,8,2,15,3
U FS ur ul L UR D,2,10,54,8,2,16,3
U L FS ul ur D UR,2,10,54,8,2,11,3
U L FS ul ur UR D,2,10,54,8,2,14,4
U L FS ul UR ur D,2,10,54,8,2,12,4
U L FS ur D ul UR,2,10,54,8,2,11,3
U L FS ur ul D UR,2,10,54,8,2,13,3
U L FS ur ul UR D,2,10,54,8,2,14,3
U L FS UR ul ur D,2,10,54,8,2,10,2
U L FS ur UR ul D,2,10,54,8,2,14,4
U L FS UR ur ul D,2,10,54,8,2,12,4
U L ul FS ur D UR,2,10,54,8,2,13,3
U L ul FS ur UR D,2,10,54,8,2,16,4
U L ul FS UR ur D,2,10,54,8,2,12,4
U L ul ur D FS UR,2,10,54,8,2,11,3
U L ul ur FS D UR,2,10,54,8,2,15,3
U L ul ur FS UR D,2,10,54,8,2,14,3
U L ul UR FS ur D,2,10,54,8,2,12,3
U L ul ur UR FS D,2,10,54,8,2,14,4
U L ul UR ur FS D,2,10,54,8,2,16,4
U L ur D FS ul UR,2,10,54,8,2,9,2
U L ur D ul FS UR,2,10,54,8,2,7,2
U L ur FS D ul UR,2,10,54,8,2,11,3
U L ur FS ul D UR,2,10,54,8,2,11,3
U L ur FS ul UR D,2,10,54,8,2,12,3
U L UR FS ul ur D,2,10,54,8,2,10,3
U L ur FS UR ul D,2,10,54,8,2,10,3
U L UR FS ur ul D,2,10,54,8,2,12,3
U L ur ul D FS UR,2,10,54,8,2,9,2
U L ur ul FS D UR,2,10,54,8,2,11,3
U L ur ul FS UR D,2,10,54,8,2,10,3
U L UR ul FS ur D,2,10,54,8,2,12,3
U L ur ul UR FS D,2,10,54,8,2,10,2
U L UR ul ur FS D,2,10,54,8,2,14,3
U L ur UR FS ul D,2,10,54,8,2,10,4
U L UR ur FS ul D,2,10,54,8,2,14,4
U L ur UR ul FS D,2,10,54,8,2,12,4
U L UR ur ul FS D,2,10,54,8,2,14,4
U ul FS L ur D UR,2,10,54,8,2,11,3
U ul FS L ur UR D,2,10,54,8,2,14,4
U ul FS L UR ur D,2,10,54,8,2,14,4
U ul FS ur L D UR,2,10,54,8,2,13,3
U ul FS ur L UR D,2,10,54,8,2,14,3
U ul L FS ur D UR,2,10,54,8,2,15,3
U ul L FS ur UR D,2,10,54,8,2,18,4
U ul L FS UR ur D,2,10,54,8,2,14,4
U ul L ur D FS UR,2,10,54,8,2,11,3
U ul L ur FS D UR,2,10,54,8,2,15,3
U ul L ur FS UR D,2,10,54,8,2,14,3
U ul L UR FS ur D,2,10,54,8,2,14,3
U ul L ur UR FS D,2,10,54,8,2,14,4
U ul L UR ur FS D,2,10,54,8,2,18,4
U ul ur FS L D UR,2,10,54,8,2,15,3
U ul ur FS L UR D,2,10,54,8,2,16,3
U ul ur L D FS UR,2,10,54,8,2,11,3
U ul ur L FS D UR,2,10,54,8,2,13,3
U ul ur L FS UR D,2,10,54,8,2,12,3
U ul UR L FS ur D,2,10,54,8,2,14,3
U ul ur L UR FS D,2,10,54,8,2,12,3
U ul UR L ur FS D,2,10,54,8,2,14,3
U ul ur UR L FS D,2,10,54,8,2,16,4
U ul UR ur L FS D,2,10,54,8,2,14,4
U ur FS L D ul UR,2,10,54,8,2,13,3
U ur FS L ul D UR,2,10,54,8,2,15,3
U ur FS L ul UR D,2,10,54,8,2,16,3
U ur FS L UR ul D,2,10,54,8,2,14,3
U ur FS ul L D UR,2,10,54,8,2,15,3
U ur FS ul L UR D,2,10,54,8,2,16,3
U ur L D FS ul UR,2,10,54,8,2,11,3
U ur L D ul FS UR,2,10,54,8,2,9,3
U ur L FS D ul UR,2,10,54,8,2,11,3
U ur L FS ul D UR,2,10,54,8,2,11,3
U ur L FS ul UR D,2,10,54,8,2,12,3
U UR L FS ul ur D,2,10,54,8,2,10,3
U ur L FS UR ul D,2,10,54,8,2,10,3
U UR L FS ur ul D,2,10,54,8,2,12,3
U ur L ul D FS UR,2,10,54,8,2,11,3
U ur L ul FS D UR,2,10,54,8,2,13,3
U ur L ul FS UR D,2,10,54,8,2,12,3
U UR L ul FS ur D,2,10,54,8,2,12,3
U ur L ul UR FS D,2,10,54,8,2,12,3
U UR L ul ur FS D,2,10,54,8,2,14,3
U ur L UR FS ul D,2,10,54,8,2,10,3
U UR L ur FS ul D,2,10,54,8,2,10,3
U ur L UR ul FS D,2,10,54,8,2,12,3
U UR L ur ul FS D,2,10,54,8,2,10,3
U ur ul FS L D UR,2,10,54,8,2,13,3
U ur ul FS L UR D,2,10,54,8,2,14,3
U ur ul L D FS UR,2,10,54,8,2,13,3
U ur ul L FS D UR,2,10,54,8,2,15,3
U ur ul L FS UR D,2,10,54,8,2,14,3
U UR ul L FS ur D,2,10,54,8,2,12,3
U ur ul L UR FS D,2,10,54,8,2,14,3
U UR ul L ur FS D,2,10,54,8,2,12,3
U ur ul UR L FS D,2,10,54,8,2,14,3
U UR ul ur L FS D,2,10,54,8,2,10,2
U ur UR L FS ul D,2,10,54,8,2,14,4
U UR ur L FS ul D,2,10,54,8,2,10,4
U ur UR L ul FS D,2,10,54,8,2,16,4
U UR ur L ul FS D,2,10,54,8,2,12,4
U ur UR ul L FS D,2,10,54,8,2,16,4
U UR ur ul L FS D,2,10,54,8,2,14,4
ul FS L U ur D UR,2,10,54,8,2,12,3
ul FS L U ur UR D,2,10,54,8,2,15,4
ul FS L U UR ur D,2,10,54,8,2,11,4
ul FS L ur D U UR,2,10,54,8,2,10,4
ul FS L ur U D UR,2,10,54,8,2,14,4
ul FS L ur U UR D,2,10,54,8,2,11,3
ul FS U L ur D UR,2,10,54,8,2,10,3
ul FS U L ur UR D,2,10,54,8,2,13,4
ul FS U L UR ur D,2,10,54,8,2,13,4
ul FS U ur L D UR,2,10,54,8,2,12,3
ul FS U ur L UR D,2,10,54,8,2,13,3
ul FS ur L D U UR,2,10,54,8,2,12,4
ul FS ur L U D UR,2,10,54,8,2,14,4
ul FS ur L U UR D,2,10,54,8,2,11,3
ul FS ur U L D UR,2,10,54,8,2,14,3
ul FS ur U L UR D,2,10,54,8,2,15,3
ul L FS U ur D UR,2,10,54,8,2,14,3
ul L FS U ur UR D,2,10,54,8,2,17,4
ul L FS U UR ur D,2,10,54,8,2,13,4
ul L FS ur D U UR,2,10,54,8,2,14,4
ul L FS ur U D UR,2,10,54,8,2,18,4
ul L FS ur U UR D,2,10,54,8,2,15,3
ul L U FS ur D UR,2,10,54,8,2,14,3
ul L U FS ur UR D,2,10,54,8,2,17,4
ul L U FS UR ur D,2,10,54,8,2,13,4
ul L U ur D FS UR,2,10,54,8,2,12,3
ul L U ur FS D UR,2,10,54,8,2,16,3
ul L U ur FS UR D,2,10,54,8,2,15,3
ul L U UR FS ur D,2,10,54,8,2,11,3
ul L U ur UR FS D,2,10,54,8,2,15,4
ul L U UR ur FS D,2,10,54,8,2,15,4
ul L ur D FS U UR,2,10,54,8,2,10,3
ul L ur D U FS UR,2,10,54,8,2,12,4
ul L ur FS D U UR,2,10,54,8,2,14,4
ul L ur FS U D UR,2,10,54,8,2,16,4
ul L ur FS U UR D,2,10,54,8,2,13,3
ul L ur U D FS UR,2,10,54,8,2,14,4
ul L ur U FS D UR,2,10,54,8,2,14,3
ul L ur U FS UR D,2,10,54,8,2,13,3
ul L ur U UR FS D,2,10,54,8,2,11,3
ul U FS L ur D UR,2,10,54,8,2,12,3
ul U FS L ur UR D,2,10,54,8,2,15,4
ul U FS L UR ur D,2,10,54,8,2,15,4
ul U FS ur L D UR,2,10,54,8,2,14,3
ul U FS ur L UR D,2,10,54,8,2,15,3
ul U L FS ur D UR,2,10,54,8,2,14,3
ul U L FS ur UR D,2,10,54,8,2,17,4
ul U L FS UR ur D,2,10,54,8,2,13,4
ul U L ur D FS UR,2,10,54,8,2,10,3
ul U L ur FS D UR,2,10,54,8,2,14,3
ul U L ur FS UR D,2,10,54,8,2,13,3
ul U L UR FS ur D,2,10,54,8,2,13,3
ul U L ur UR FS D,2,10,54,8,2,13,4
ul U L UR ur FS D,2,10,54,8,2,17,4
ul U ur FS L D UR,2,10,54,8,2,16,3
ul U ur FS L UR D,2,10,54,8,2,17,3
ul U ur L D FS UR,2,10,54,8,2,12,3
ul U ur L FS D UR,2,10,54,8,2,14,3
ul U ur L FS UR D,2,10,54,8,2,13,3
ul U UR L FS ur D,2,10,54,8,2,13,3
ul U ur L UR FS D,2,10,54,8,2,13,3
ul U UR L ur FS D,2,10,54,8,2,13,3
ul U ur UR L FS D,2,10,54,8,2,17,4
ul U UR ur L FS D,2,10,54,8,2,13,4
ul ur FS L D U UR,2,10,54,8,2,14,4
ul ur FS L U D UR,2,10,54,8,2,16,4
ul ur FS L U UR D,2,10,54,8,2,13,3
ul ur FS U L D UR,2,10,54,8,2,14,3
ul ur FS U L UR D,2,10,54,8,2,15,3
ul ur L D FS U UR,2,10,54,8,2,10,2
ul ur L D U FS UR,2,10,54,8,2,12,4
ul ur L FS D U UR,2,10,54,8,2,12,4
ul ur L FS U D UR,2,10,54,8,2,14,4
ul ur L FS U UR D,2,10,54,8,2,11,3
ul ur L U D FS UR,2,10,54,8,2,12,4
ul ur L U FS D UR,2,10,54,8,2,12,3
ul ur L U FS UR D,2,10,54,8,2,11,3
ul ur L U UR FS D,2,10,54,8,2,9,2
ul ur U FS L D UR,2,10,54,8,2,14,3
ul ur U FS L UR D,2,10,54,8,2,15,3
ul ur U L D FS UR,2,10,54,8,2,12,3
ul ur U L FS D UR,2,10,54,8,2,14,3
ul ur U L FS UR D,2,10,54,8,2,13,3
ul ur U L UR FS D,2,10,54,8,2,13,3
ul ur U UR L FS D,2,10,54,8,2,13,3
ur FS L D U ul UR,2,10,54,8,2,16,4
ur FS L D ul U UR,2,10,54,8,2,12,3
ur FS L U D ul UR,2,10,54,8,2,14,4
ur FS L U ul D UR,2,10,54,8,2,14,3
ur FS L U ul UR D,2,10,54,8,2,15,3
ur FS L U UR ul D,2,10,54,8,2,11,3
ur FS L ul D U UR,2,10,54,8,2,14,4
ur FS L ul U D UR,2,10,54,8,2,18,4
ur FS L ul U UR D,2,10,54,8,2,15,3
ur FS U L D ul UR,2,10,54,8,2,12,3
ur FS U L ul D UR,2,10,54,8,2,14,3
ur FS U L ul UR D,2,10,54,8,2,15,3
ur FS U L UR ul D,2,10,54,8,2,13,3
ur FS U ul L D UR,2,10,54,8,2,16,3
ur FS U ul L UR D,2,10,54,8,2,17,3
ur FS ul L D U UR,2,10,54,8,2,14,4
ur FS ul L U D UR,2,10,54,8,2,16,4
ur FS ul L U UR D,2,10,54,8,2,13,3
ur FS ul U L D UR,2,10,54,8,2,14,3
ur FS ul U L UR D,2,10,54,8,2,15,3
ur L D FS U ul UR,2,10,54,8,2,12,3
ur L D FS ul U UR,2,10,54,8,2,10,3
ur L D U FS ul UR,2,10,54,8,2,12,4
ur L D U ul FS UR,2,10,54,8,2,12,4
ur L D ul FS U UR,2,10,54,8,2,8,2
ur L D ul U FS UR,2,10,54,8,2,10,3
ur L FS D U ul UR,2,10,54,8,2,14,4
ur L FS D ul U UR,2,10,54,8,2,10,3
ur L FS U D ul UR,2,10,54,8,2,12,4
ur L FS U ul D UR,2,10,54,8,2,12,3
ur L FS U ul UR D,2,10,54,8,2,13,3
ur L FS U UR ul D,2,10,54,8,2,9,2
ur L FS ul D U UR,2,10,54,8,2,10,4
ur L FS ul U D UR,2,10,54,8,2,14,4
ur L FS ul U UR D,2,10,54,8,2,11,3
ur L U D FS ul UR,2,10,54,8,2,12,4
ur L U D ul FS UR,2,10,54,8,2,10,4
ur L U FS D ul UR,2,10,54,8,2,10,2
ur L U FS ul D UR,2,10,54,8,2,10,3
ur L U FS ul UR D,2,10,54,8,2,11,3
ur L U FS UR ul D,2,10,54,8,2,9,2
ur L U ul D FS UR,2,10,54,8,2,10,3
ur L U ul FS D UR,2,10,54,8,2,12,3
ur L U ul FS UR D,2,10,54,8,2,11,3
ur L U ul UR FS D,2,10,54,8,2,11,3
ur L U UR FS ul D,2,10,54,8,2,7,2
ur L U UR ul FS D,2,10,54,8,2,9,2
ur L ul D FS U UR,2,10,54,8,2,10,3
ur L ul D U FS UR,2,10,54,8,2,12,4
ur L ul FS D U UR,2,10,54,8,2,12,4
ur L ul FS U D UR,2,10,54,8,2,14,4
ur L ul FS U UR D,2,10,54,8,2,11,3
ur L ul U D FS UR,2,10,54,8,2,14,4
ur L ul U FS D UR,2,10,54,8,2,14,3
ur L ul U FS UR D,2,10,54,8,2,13,3
ur L ul U UR FS D,2,10,54,8,2,11,3
ur U FS L D ul UR,2,10,54,8,2,12,3
ur U FS L ul D UR,2,10,54,8,2,14,3
ur U FS L ul UR D,2,10,54,8,2,15,3
ur U FS L UR ul D,2,10,54,8,2,13,3
ur U FS ul L D UR,2,10,54,8,2,14,3
ur U FS ul L UR D,2,10,54,8,2,15,3
ur U L D FS ul UR,2,10,54,8,2,12,3
ur U L D ul FS UR,2,10,54,8,2,10,3
ur U L FS D ul UR,2,10,54,8,2,12,3
ur U L FS ul D UR,2,10,54,8,2,12,3
ur U L FS ul UR D,2,10,54,8,2,13,3
ur U L FS UR ul D,2,10,54,8,2,11,3
ur U L ul D FS UR,2,10,54,8,2,12,3
ur U L ul FS D UR,2,10,54,8,2,14,3
ur U L ul FS UR D,2,10,54,8,2,13,3
ur U L ul UR FS D,2,10,54,8,2,13,3
ur U L UR FS ul D,2,10,54,8,2,11,3
ur U L UR ul FS D,2,10,54,8,2,13,3
ur U ul FS L D UR,2,10,54,8,2,14,3
ur U ul FS L UR D,2,10,54,8,2,15,3
ur U ul L D FS UR,2,10,54,8,2,14,3
ur U ul L FS D UR,2,10,54,8,2,16,3
ur U ul L FS UR D,2,10,54,8,2,15,3
ur U ul L UR FS D,2,10,54,8,2,15,3
ur U ul UR L FS D,2,10,54,8,2,15,3
ur U UR L FS ul D,2,10,54,8,2,11,3
ur U UR L ul FS D,2,10,54,8,2,13,3
ur U UR ul L FS D,2,10,54,8,2,13,3
ur ul FS L D U UR,2,10,54,8,2,12,4
ur ul FS L U D UR,2,10,54,8,2,14,4
ur ul FS L U UR D,2,10,54,8,2,11,3
ur ul FS U L D UR,2,10,54,8,2,12,3
ur ul FS U L UR D,2,10,54,8,2,13,3
ur ul L D FS U UR,2,10,54,8,2,12,3
ur ul L D U FS UR,2,10,54,8,2,14,4
ur ul L FS D U UR,2,10,54,8,2,14,4
ur ul L FS U D UR,2,10,54,8,2,16,4
ur ul L FS U UR D,2,10,54,8,2,13,3
ur ul L U D FS UR,2,10,54,8,2,14,4
ur ul L U FS D UR,2,10,54,8,2,14,3
ur ul L U FS UR D,2,10,54,8,2,13,3
ur ul L U UR FS D,2,10,54,8,2,11,3
ur ul U FS L D UR,2,10,54,8,2,14,3
ur ul U FS L UR D,2,10,54,8,2,15,3
ur ul U L D FS UR,2,10,54,8,2,12,3
ur ul U L FS D UR,2,10,54,8,2,14,3
ur ul U L FS UR D,2,10,54,8,2,13,3
ur ul U L UR FS D,2,10,54,8,2,13,3
ur ul U UR L FS D,2,10,54,8,2,13,3
FS L ul UR D ur U,2,10,56,8,2,14,3
FS L ul UR U ur D,2,10,56,8,2,12,3
FS L ul ur UR D U,2,10,56,8,2,18,4
FS L ul UR ur D U,2,10,56,8,2,16,4
FS L ul ur UR U D,2,10,56,8,2,16,4
FS L ul UR ur U D,2,10,56,8,2,18,4
FS L ur D UR ul U,2,10,56,8,2,12,3
FS L UR U ul ur D,2,10,56,8,2,12,3
FS L UR U ur ul D,2,10,56,8,2,12,3
FS L UR ul D ur U,2,10,56,8,2,12,3
FS L UR ul U ur D,2,10,56,8,2,14,3
FS L ur ul UR D U,2,10,56,8,2,14,4
FS L UR ul ur D U,2,10,56,8,2,14,4
FS L ur ul UR U D,2,10,56,8,2,12,4
FS L UR ul ur U D,2,10,56,8,2,16,4
FS L ur UR D ul U,2,10,56,8,2,14,4
FS L UR ur D ul U,2,10,56,8,2,14,4
FS L ur UR U ul D,2,10,56,8,2,12,4
FS L UR ur U ul D,2,10,56,8,2,16,4
FS L ur UR ul D U,2,10,56,8,2,14,4
FS L UR ur ul D U,2,10,56,8,2,16,4
FS L ur UR ul U D,2,10,56,8,2,16,4
FS L UR ur ul U D,2,10,56,8,2,18,4
FS ul L UR D ur U,2,10,56,8,2,14,3
FS ul L UR U ur D,2,10,56,8,2,12,3
FS ul L ur UR D U,2,10,56,8,2,16,4
FS ul L UR ur D U,2,10,56,8,2,16,4
FS ul L ur UR U D,2,10,56,8,2,14,4
FS ul L UR ur U D,2,10,56,8,2,18,4
FS ul UR D L ur U,2,10,56,8,2,12,3
FS ul UR L D ur U,2,10,56,8,2,12,3
FS ul UR L U ur D,2,10,56,8,2,12,3
FS ul ur L UR D U,2,10,56,8,2,14,4
FS ul UR L ur D U,2,10,56,8,2,12,4
FS ul ur L UR U D,2,10,56,8,2,12,4
FS ul UR L ur U D,2,10,56,8,2,14,4
FS ul ur UR L D U,2,10,56,8,2,16,4
FS ul UR ur L D U,2,10,56,8,2,14,4
FS ul ur UR L U D,2,10,56,8,2,16,4
FS ul UR ur L U D,2,10,56,8,2,14,4
FS ur L D UR ul U,2,10,56,8,2,14,3
FS UR L U ul ur D,2,10,56,8,2,12,3
FS UR L U ur ul D,2,10,56,8,2,12,3
FS UR L ul D ur U,2,10,56,8,2,12,3
FS UR L ul U ur D,2,10,56,8,2,14,3
FS ur L ul UR D U,2,10,56,8,2,16,4
FS UR L ul ur D U,2,10,56,8,2,14,4
FS ur L ul UR U D,2,10,56,8,2,14,4
FS UR L ul ur U D,2,10,56,8,2,16,4
FS ur L UR D ul U,2,10,56,8,2,14,3
FS UR L ur D ul U,2,10,56,8,2,10,3
FS ur L UR U ul D,2,10,56,8,2,12,3
FS UR L ur U ul D,2,10,56,8,2,12,3
FS ur L UR ul D U,2,10,56,8,2,14,4
FS UR L ur ul D U,2,10,56,8,2,12,4
FS ur L UR ul U D,2,10,56,8,2,16,4
FS UR L ur ul U D,2,10,56,8,2,14,4
FS UR ul D L ur U,2,10,56,8,2,10,3
FS UR ul L D ur U,2,10,56,8,2,12,3
FS UR ul L U ur D,2,10,56,8,2,12,3
FS ur ul L UR D U,2,10,56,8,2,18,4
FS UR ul L ur D U,2,10,56,8,2,12,4
FS ur ul L UR U D,2,10,56,8,2,16,4
FS UR ul L ur U D,2,10,56,8,2,14,4
FS ur ul UR L D U,2,10,56,8,2,16,4
FS UR ul ur L D U,2,10,56,8,2,12,4
FS ur ul UR L U D,2,10,56,8,2,16,4
FS UR ul ur L U D,2,10,56,8,2,12,4
FS ur UR L D ul U,2,10,56,8,2,16,4
FS UR ur L D ul U,2,10,56,8,2,12,4
FS ur UR L U ul D,2,10,56,8,2,16,4
FS UR ur L U ul D,2,10,56,8,2,12,4
FS ur UR L ul D U,2,10,56,8,2,18,4
FS UR ur L ul D U,2,10,56,8,2,14,4
FS ur UR L ul U D,2,10,56,8,2,20,4
FS UR ur L ul U D,2,10,56,8,2,16,4
FS ur UR ul L D U,2,10,56,8,2,18,4
FS UR ur ul L D U,2,10,56,8,2,16,4
FS ur UR ul L U D,2,10,56,8,2,18,4
FS UR ur ul L U D,2,10,56,8,2,16,4
L FS ul UR D ur U,2,10,56,8,2,12,3
L FS ul UR U ur D,2,10,56,8,2,10,3
L FS ul ur UR D U,2,10,56,8,2,16,4
L FS ul UR ur D U,2,10,56,8,2,14,4
L FS ul ur UR U D,2,10,56,8,2,14,4
L FS ul UR ur U D,2,10,56,8,2,16,4
L FS ur D UR ul U,2,10,56,8,2,14,3
L FS UR U ul ur D,2,10,56,8,2,10,3
L FS UR U ur ul D,2,10,56,8,2,10,3
L FS UR ul D ur U,2,10,56,8,2,10,3
L FS UR ul U ur D,2,10,56,8,2,12,3
L FS ur ul UR D U,2,10,56,8,2,16,4
L FS UR ul ur D U,2,10,56,8,2,12,4
L FS ur ul UR U D,2,10,56,8,2,14,4
L FS UR ul ur U D,2,10,56,8,2,14,4
L FS ur UR D ul U,2,10,56,8,2,16,4
L FS UR ur D ul U,2,10,56,8,2,12,4
L FS ur UR U ul D,2,10,56,8,2,14,4
L FS UR ur U ul D,2,10,56,8,2,14,4
L FS ur UR ul D U,2,10,56,8,2,16,4
L FS UR ur ul D U,2,10,56,8,2,14,4
L FS ur UR ul U D,2,10,56,8,2,18,4
L FS UR ur ul U D,2,10,56,8,2,16,4
L ul FS UR D ur U,2,10,56,8,2,12,3
L ul FS UR U ur D,2,10,56,8,2,10,3
L ul FS ur UR D U,2,10,56,8,2,18,4
L ul FS UR ur D U,2,10,56,8,2,14,4
L ul FS ur UR U D,2,10,56,8,2,16,4
L ul FS UR ur U D,2,10,56,8,2,16,4
L ul ur D UR FS U,2,10,56,8,2,12,3
L ul UR FS D ur U,2,10,56,8,2,12,3
L ul UR FS U ur D,2,10,56,8,2,12,3
L ul ur FS UR D U,2,10,56,8,2,16,4
L ul UR FS ur D U,2,10,56,8,2,14,4
L ul ur FS UR U D,2,10,56,8,2,14,4
L ul UR FS ur U D,2,10,56,8,2,16,4
L ul UR U FS ur D,2,10,56,8,2,12,3
L ul UR U ur FS D,2,10,56,8,2,14,3
L ul ur UR D FS U,2,10,56,8,2,16,4
L ul UR ur D FS U,2,10,56,8,2,14,4
L ul ur UR FS D U,2,10,56,8,2,16,4
L ul UR ur FS D U,2,10,56,8,2,18,4
L ul ur UR FS U D,2,10,56,8,2,16,4
L ul UR ur FS U D,2,10,56,8,2,18,4
L ul ur UR U FS D,2,10,56,8,2,14,4
L ul UR ur U FS D,2,10,56,8,2,16,4
L ur D FS UR ul U,2,10,56,8,2,10,3
L ur D ul UR FS U,2,10,56,8,2,8,2
L ur D UR FS ul U,2,10,56,8,2,10,3
L ur D UR ul FS U,2,10,56,8,2,10,3
L ur FS D UR ul U,2,10,56,8,2,14,3
L UR FS U ul ur D,2,10,56,8,2,12,3
L UR FS U ur ul D,2,10,56,8,2,12,3
L UR FS ul D ur U,2,10,56,8,2,10,3
L UR FS ul U ur D,2,10,56,8,2,12,3
L ur FS ul UR D U,2,10,56,8,2,14,4
L UR FS ul ur D U,2,10,56,8,2,12,4
L ur FS ul UR U D,2,10,56,8,2,12,4
L UR FS ul ur U D,2,10,56,8,2,14,4
L ur FS UR D ul U,2,10,56,8,2,12,3
L UR FS ur D ul U,2,10,56,8,2,12,3
L ur FS UR U ul D,2,10,56,8,2,10,3
L UR FS ur U ul D,2,10,56,8,2,14,3
L ur FS UR ul D U,2,10,56,8,2,12,4
L UR FS ur ul D U,2,10,56,8,2,14,4
L ur FS UR ul U D,2,10,56,8,2,14,4
L UR FS ur ul U D,2,10,56,8,2,16,4
L UR U FS ul ur D,2,10,56,8,2,10,3
L UR U FS ur ul D,2,10,56,8,2,12,3
L UR U ul FS ur D,2,10,56,8,2,12,3
L UR U ul ur FS D,2,10,56,8,2,14,3
L UR U ur FS ul D,2,10,56,8,2,12,3
L UR U ur ul FS D,2,10,56,8,2,12,3
L ur ul D UR FS U,2,10,56,8,2,10,3
L UR ul FS D ur U,2,10,56,8,2,12,3
L UR ul FS U ur D,2,10,56,8,2,12,3
L ur ul FS UR D U,2,10,56,8,2,12,4
L UR ul FS ur D U,2,10,56,8,2,14,4
L ur ul FS UR U D,2,10,56,8,2,10,4
L UR ul FS ur U D,2,10,56,8,2,16,4
L UR ul U FS ur D,2,10,56,8,2,14,3
L UR ul U ur FS D,2,10,56,8,2,16,3
L ur ul UR D FS U,2,10,56,8,2,12,3
L UR ul ur D FS U,2,10,56,8,2,12,3
L ur ul UR FS D U,2,10,56,8,2,12,4
L UR ul ur FS D U,2,10,56,8,2,16,4
L ur ul UR FS U D,2,10,56,8,2,12,4
L UR ul ur FS U D,2,10,56,8,2,16,4
L ur ul UR U FS D,2,10,56,8,2,10,2
L UR ul ur U FS D,2,10,56,8,2,14,3
L ur UR D FS ul U,2,10,56,8,2,14,4
L UR ur D FS ul U,2,10,56,8,2,14,4
L ur UR D ul FS U,2,10,56,8,2,12,4
L UR ur D ul FS U,2,10,56,8,2,12,4
L ur UR FS D ul U,2,10,56,8,2,12,4
L UR ur FS D ul U,2,10,56,8,2,16,4
L ur UR FS U ul D,2,10,56,8,2,12,4
L UR ur FS U ul D,2,10,56,8,2,16,4
L ur UR FS ul D U,2,10,56,8,2,12,4
L UR ur FS ul D U,2,10,56,8,2,16,4
L ur UR FS ul U D,2,10,56,8,2,14,4
L UR ur FS ul U D,2,10,56,8,2,18,4
L ur UR U FS ul D,2,10,56,8,2,10,4
L UR ur U FS ul D,2,10,56,8,2,14,4
L ur UR U ul FS D,2,10,56,8,2,12,4
L UR ur U ul FS D,2,10,56,8,2,16,4
L ur UR ul D FS U,2,10,56,8,2,12,4
L UR ur ul D FS U,2,10,56,8,2,14,4
L ur UR ul FS D U,2,10,56,8,2,14,4
L UR ur ul FS D U,2,10,56,8,2,16,4
L ur UR ul FS U D,2,10,56,8,2,14,4
L UR ur ul FS U D,2,10,56,8,2,16,4
L ur UR ul U FS D,2,10,56,8,2,14,4
L UR ur ul U FS D,2,10,56,8,2,16,4
ul FS L UR D ur U,2,10,56,8,2,13,3
ul FS L UR U ur D,2,10,56,8,2,11,3
ul FS L ur UR D U,2,10,56,8,2,15,4
ul FS L UR ur D U,2,10,56,8,2,15,4
ul FS L ur UR U D,2,10,56,8,2,13,4
ul FS L UR ur U D,2,10,56,8,2,17,4
ul FS UR D L ur U,2,10,56,8,2,11,3
ul FS UR L D ur U,2,10,56,8,2,11,3
ul FS UR L U ur D,2,10,56,8,2,11,3
ul FS ur L UR D U,2,10,56,8,2,15,4
ul FS UR L ur D U,2,10,56,8,2,11,4
ul FS ur L UR U D,2,10,56,8,2,13,4
ul FS UR L ur U D,2,10,56,8,2,13,4
ul FS ur UR L D U,2,10,56,8,2,17,4
ul FS UR ur L D U,2,10,56,8,2,13,4
ul FS ur UR L U D,2,10,56,8,2,17,4
ul FS UR ur L U D,2,10,56,8,2,13,4
ul L FS UR D ur U,2,10,56,8,2,13,3
ul L FS UR U ur D,2,10,56,8,2,11,3
ul L FS ur UR D U,2,10,56,8,2,19,4
ul L FS UR ur D U,2,10,56,8,2,15,4
ul L FS ur UR U D,2,10,56,8,2,17,4
ul L FS UR ur U D,2,10,56,8,2,17,4
ul L ur D UR FS U,2,10,56,8,2,11,3
ul L UR FS D ur U,2,10,56,8,2,13,3
ul L UR FS U ur D,2,10,56,8,2,13,3
ul L ur FS UR D U,2,10,56,8,2,15,4
ul L UR FS ur D U,2,10,56,8,2,15,4
ul L ur FS UR U D,2,10,56,8,2,13,4
ul L UR FS ur U D,2,10,56,8,2,17,4
ul L UR U FS ur D,2,10,56,8,2,13,3
ul L UR U ur FS D,2,10,56,8,2,15,3
ul L ur UR D FS U,2,10,56,8,2,15,4
ul L UR ur D FS U,2,10,56,8,2,15,4
ul L ur UR FS D U,2,10,56,8,2,15,4
ul L UR ur FS D U,2,10,56,8,2,19,4
ul L ur UR FS U D,2,10,56,8,2,15,4
ul L UR ur FS U D,2,10,56,8,2,19,4
ul L ur UR U FS D,2,10,56,8,2,13,4
ul L UR ur U FS D,2,10,56,8,2,17,4
ul UR FS D L ur U,2,10,56,8,2,11,3
ul UR FS L D ur U,2,10,56,8,2,11,3
ul UR FS L U ur D,2,10,56,8,2,11,3
ul ur FS L UR D U,2,10,56,8,2,17,4
ul UR FS L ur D U,2,10,56,8,2,11,4
ul ur FS L UR U D,2,10,56,8,2,15,4
ul UR FS L ur U D,2,10,56,8,2,13,4
ul ur FS UR L D U,2,10,56,8,2,15,4
ul UR FS ur L D U,2,10,56,8,2,13,4
ul ur FS UR L U D,2,10,56,8,2,15,4
ul UR FS ur L U D,2,10,56,8,2,13,4
ul ur L D UR FS U,2,10,56,8,2,11,3
ul UR L FS D ur U,2,10,56,8,2,13,3
ul UR L FS U ur D,2,10,56,8,2,13,3
ul ur L FS UR D U,2,10,56,8,2,13,4
ul UR L FS ur D U,2,10,56,8,2,15,4
ul ur L FS UR U D,2,10,56,8,2,11,4
ul UR L FS ur U D,2,10,56,8,2,17,4
ul UR L U FS ur D,2,10,56,8,2,13,3
ul UR L U ur FS D,2,10,56,8,2,15,3
ul ur L UR D FS U,2,10,56,8,2,13,3
ul UR L ur D FS U,2,10,56,8,2,11,3
ul ur L UR FS D U,2,10,56,8,2,13,4
ul UR L ur FS D U,2,10,56,8,2,15,4
ul ur L UR FS U D,2,10,56,8,2,13,4
ul UR L ur FS U D,2,10,56,8,2,15,4
ul ur L UR U FS D,2,10,56,8,2,11,3
ul UR L ur U FS D,2,10,56,8,2,13,3
ul UR U L FS ur D,2,10,56,8,2,11,3
ul UR U L ur FS D,2,10,56,8,2,11,3
ul UR U ur L FS D,2,10,56,8,2,11,3
ul ur UR FS L D U,2,10,56,8,2,15,4
ul UR ur FS L D U,2,10,56,8,2,17,4
ul ur UR FS L U D,2,10,56,8,2,15,4
ul UR ur FS L U D,2,10,56,8,2,17,4
ul ur UR L D FS U,2,10,56,8,2,15,4
ul UR ur L D FS U,2,10,56,8,2,13,4
ul ur UR L FS D U,2,10,56,8,2,17,4
ul UR ur L FS D U,2,10,56,8,2,15,4
ul ur UR L FS U D,2,10,56,8,2,17,4
ul UR ur L FS U D,2,10,56,8,2,15,4
ul ur UR L U FS D,2,10,56,8,2,15,4
ul UR ur L U FS D,2,10,56,8,2,13,4
ul ur UR U L FS D,2,10,56,8,2,13,4
ul UR ur U L FS D,2,10,56,8,2,15,4
ur FS L D UR ul U,2,10,56,8,2,15,3
UR FS L U ul ur D,2,10,56,8,2,11,3
UR FS L U ur ul D,2,10,56,8,2,11,3
UR FS L ul D ur U,2,10,56,8,2,11,3
UR FS L ul U ur D,2,10,56,8,2,13,3
ur FS L ul UR D U,2,10,56,8,2,17,4
UR FS L ul ur D U,2,10,56,8,2,13,4
ur FS L ul UR U D,2,10,56,8,2,15,4
UR FS L ul ur U D,2,10,56,8,2,15,4
ur FS L UR D ul U,2,10,56,8,2,15,3
UR FS L ur D ul U,2,10,56,8,2,9,3
ur FS L UR U ul D,2,10,56,8,2,13,3
UR FS L ur U ul D,2,10,56,8,2,11,3
ur FS L UR ul D U,2,10,56,8,2,15,4
UR FS L ur ul D U,2,10,56,8,2,11,4
ur FS L UR ul U D,2,10,56,8,2,17,4
UR FS L ur ul U D,2,10,56,8,2,13,4
UR FS ul D L ur U,2,10,56,8,2,9,3
UR FS ul L D ur U,2,10,56,8,2,11,3
UR FS ul L U ur D,2,10,56,8,2,11,3
ur FS ul L UR D U,2,10,56,8,2,17,4
UR FS ul L ur D U,2,10,56,8,2,11,4
ur FS ul L UR U D,2,10,56,8,2,15,4
UR FS ul L ur U D,2,10,56,8,2,13,4
ur FS ul UR L D U,2,10,56,8,2,15,4
UR FS ul ur L D U,2,10,56,8,2,11,4
ur FS ul UR L U D,2,10,56,8,2,15,4
UR FS ul ur L U D,2,10,56,8,2,11,4
ur FS UR L D ul U,2,10,56,8,2,13,3
UR FS ur L D ul U,2,10,56,8,2,11,3
ur FS UR L U ul D,2,10,56,8,2,13,3
UR FS ur L U ul D,2,10,56,8,2,11,3
ur FS UR L ul D U,2,10,56,8,2,15,4
UR FS ur L ul D U,2,10,56,8,2,13,4
ur FS UR L ul U D,2,10,56,8,2,17,4
UR FS ur L ul U D,2,10,56,8,2,15,4
ur FS UR ul L D U,2,10,56,8,2,15,4
UR FS ur ul L D U,2,10,56,8,2,15,4
ur FS UR ul L U D,2,10,56,8,2,15,4
UR FS ur ul L U D,2,10,56,8,2,15,4
ur L D FS UR ul U,2,10,56,8,2,11,3
ur L D ul UR FS U,2,10,56,8,2,9,2
ur L D UR FS ul U,2,10,56,8,2,11,3
ur L D UR ul FS U,2,10,56,8,2,11,3
ur L FS D UR ul U,2,10,56,8,2,13,3
UR L FS U ul ur D,2,10,56,8,2,13,3
UR L FS U ur ul D,2,10,56,8,2,13,3
UR L FS ul D ur U,2,10,56,8,2,11,3
UR L FS ul U ur D,2,10,56,8,2,13,3
ur L FS ul UR D U,2,10,56,8,2,13,4
UR L FS ul ur D U,2,10,56,8,2,13,4
ur L FS ul UR U D,2,10,56,8,2,11,4
UR L FS ul ur U D,2,10,56,8,2,15,4
ur L FS UR D ul U,2,10,56,8,2,11,3
UR L FS ur D ul U,2,10,56,8,2,13,3
ur L FS UR U ul D,2,10,56,8,2,9,3
UR L FS ur U ul D,2,10,56,8,2,15,3
ur L FS UR ul D U,2,10,56,8,2,11,4
UR L FS ur ul D U,2,10,56,8,2,15,4
ur L FS UR ul U D,2,10,56,8,2,13,4
UR L FS ur ul U D,2,10,56,8,2,17,4
UR L U FS ul ur D,2,10,56,8,2,11,3
UR L U FS ur ul D,2,10,56,8,2,13,3
UR L U ul FS ur D,2,10,56,8,2,13,3
UR L U ul ur FS D,2,10,56,8,2,15,3
UR L U ur FS ul D,2,10,56,8,2,13,3
UR L U ur ul FS D,2,10,56,8,2,13,3
ur L ul D UR FS U,2,10,56,8,2,11,3
UR L ul FS D ur U,2,10,56,8,2,13,3
UR L ul FS U ur D,2,10,56,8,2,13,3
ur L ul FS UR D U,2,10,56,8,2,13,4
UR L ul FS ur D U,2,10,56,8,2,15,4
ur L ul FS UR U D,2,10,56,8,2,11,4
UR L ul FS ur U D,2,10,56,8,2,17,4
UR L ul U FS ur D,2,10,56,8,2,15,3
UR L ul U ur FS D,2,10,56,8,2,17,3
ur L ul UR D FS U,2,10,56,8,2,13,3
UR L ul ur D FS U,2,10,56,8,2,13,3
ur L ul UR FS D U,2,10,56,8,2,13,4
UR L ul ur FS D U,2,10,56,8,2,17,4
ur L ul UR FS U D,2,10,56,8,2,13,4
UR L ul ur FS U D,2,10,56,8,2,17,4
ur L ul UR U FS D,2,10,56,8,2,11,3
UR L ul ur U FS D,2,10,56,8,2,15,3
ur L UR D FS ul U,2,10,56,8,2,13,3
UR L ur D FS ul U,2,10,56,8,2,11,3
ur L UR D ul FS U,2,10,56,8,2,11,3
UR L ur D ul FS U,2,10,56,8,2,9,3
ur L UR FS D ul U,2,10,56,8,2,11,3
UR L ur FS D ul U,2,10,56,8,2,13,3
ur L UR FS U ul D,2,10,56,8,2,11,3
UR L ur FS U ul D,2,10,56,8,2,13,3
ur L UR FS ul D U,2,10,56,8,2,11,4
UR L ur FS ul D U,2,10,56,8,2,13,4
ur L UR FS ul U D,2,10,56,8,2,13,4
UR L ur FS ul U D,2,10,56,8,2,15,4
ur L UR U FS ul D,2,10,56,8,2,9,3
UR L ur U FS ul D,2,10,56,8,2,11,3
ur L UR U ul FS D,2,10,56,8,2,11,3
UR L ur U ul FS D,2,10,56,8,2,13,3
ur L UR ul D FS U,2,10,56,8,2,11,3
UR L ur ul D FS U,2,10,56,8,2,11,3
ur L UR ul FS D U,2,10,56,8,2,13,4
UR L ur ul FS D U,2,10,56,8,2,13,4
ur L UR ul FS U D,2,10,56,8,2,13,4
UR L ur ul FS U D,2,10,56,8,2,13,4
ur L UR ul U FS D,2,10,56,8,2,13,3
UR L ur ul U FS D,2,10,56,8,2,13,3
UR U L FS ul ur D,2,10,56,8,2,9,2
UR U L FS ur ul D,2,10,56,8,2,11,3
UR U L ul FS ur D,2,10,56,8,2,11,3
UR U L ul ur FS D,2,10,56,8,2,13,3
UR U L ur FS ul D,2,10,56,8,2,9,3
UR U L ur ul FS D,2,10,56,8,2,9,2
UR U ul L FS ur D,2,10,56,8,2,13,3
UR U ul L ur FS D,2,10,56,8,2,13,3
UR U ul ur L FS D,2,10,56,8,2,11,3
UR U ur L FS ul D,2,10,56,8,2,9,3
UR U ur L ul FS D,2,10,56,8,2,11,3
UR U ur ul L FS D,2,10,56,8,2,13,3
UR ul FS D L ur U,2,10,56,8,2,11,3
UR ul FS L D ur U,2,10,56,8,2,11,3
UR ul FS L U ur D,2,10,56,8,2,11,3
ur ul FS L UR D U,2,10,56,8,2,15,4
UR ul FS L ur D U,2,10,56,8,2,11,4
ur ul FS L UR U D,2,10,56,8,2,13,4
UR ul FS L ur U D,2,10,56,8,2,13,4
ur ul FS UR L D U,2,10,56,8,2,13,4
UR ul FS ur L D U,2,10,56,8,2,13,4
ur ul FS UR L U D,2,10,56,8,2,13,4
UR ul FS ur L U D,2,10,56,8,2,13,4
ur ul L D UR FS U,2,10,56,8,2,13,3
UR ul L FS D ur U,2,10,56,8,2,13,3
UR ul L FS U ur D,2,10,56,8,2,13,3
ur ul L FS UR D U,2,10,56,8,2,15,4
UR ul L FS ur D U,2,10,56,8,2,15,4
ur ul L FS UR U D,2,10,56,8,2,13,4
UR ul L FS ur U D,2,10,56,8,2,17,4
UR ul L U FS ur D,2,10,56,8,2,13,3
UR ul L U ur FS D,2,10,56,8,2,15,3
ur ul L UR D FS U,2,10,56,8,2,15,3
UR ul L ur D FS U,2,10,56,8,2,11,3
ur ul L UR FS D U,2,10,56,8,2,15,4
UR ul L ur FS D U,2,10,56,8,2,15,4
ur ul L UR FS U D,2,10,56,8,2,15,4
UR ul L ur FS U D,2,10,56,8,2,15,4
ur ul L UR U FS D,2,10,56,8,2,13,3
UR ul L ur U FS D,2,10,56,8,2,13,3
UR ul U L FS ur D,2,10,56,8,2,13,3
UR ul U L ur FS D,2,10,56,8,2,13,3
UR ul U ur L FS D,2,10,56,8,2,13,3
ur ul UR FS L D U,2,10,56,8,2,13,4
UR ul ur FS L D U,2,10,56,8,2,15,4
ur ul UR FS L U D,2,10,56,8,2,13,4
UR ul ur FS L U D,2,10,56,8,2,15,4
ur ul UR L D FS U,2,10,56,8,2,13,3
UR ul ur L D FS U,2,10,56,8,2,11,2
ur ul UR L FS D U,2,10,56,8,2,15,4
UR ul ur L FS D U,2,10,56,8,2,13,4
ur ul UR L FS U D,2,10,56,8,2,15,4
UR ul ur L FS U D,2,10,56,8,2,13,4
ur ul UR L U FS D,2,10,56,8,2,13,3
UR ul ur L U FS D,2,10,56,8,2,11,2
ur ul UR U L FS D,2,10,56,8,2,11,2
UR ul ur U L FS D,2,10,56,8,2,13,3
ur UR FS L D ul U,2,10,56,8,2,13,4
UR ur FS L D ul U,2,10,56,8,2,15,4
ur UR FS L U ul D,2,10,56,8,2,13,4
UR ur FS L U ul D,2,10,56,8,2,15,4
ur UR FS L ul D U,2,10,56,8,2,15,4
UR ur FS L ul D U,2,10,56,8,2,17,4
ur UR FS L ul U D,2,10,56,8,2,17,4
UR ur FS L ul U D,2,10,56,8,2,19,4
ur UR FS ul L D U,2,10,56,8,2,15,4
UR ur FS ul L D U,2,10,56,8,2,17,4
ur UR FS ul L U D,2,10,56,8,2,15,4
UR ur FS ul L U D,2,10,56,8,2,17,4
ur UR L D FS ul U,2,10,56,8,2,15,4
UR ur L D FS ul U,2,10,56,8,2,13,4
ur UR L D ul FS U,2,10,56,8,2,13,4
UR ur L D ul FS U,2,10,56,8,2,11,4
ur UR L FS D ul U,2,10,56,8,2,15,4
UR ur L FS D ul U,2,10,56,8,2,13,4
ur UR L FS U ul D,2,10,56,8,2,15,4
UR ur L FS U ul D,2,10,56,8,2,13,4
ur UR L FS ul D U,2,10,56,8,2,15,4
UR ur L FS ul D U,2,10,56,8,2,13,4
ur UR L FS ul U D,2,10,56,8,2,17,4
UR ur L FS ul U D,2,10,56,8,2,15,4
ur UR L U FS ul D,2,10,56,8,2,13,4
UR ur L U FS ul D,2,10,56,8,2,11,4
ur UR L U ul FS D,2,10,56,8,2,15,4
UR ur L U ul FS D,2,10,56,8,2,13,4
ur UR L ul D FS U,2,10,56,8,2,15,4
UR ur L ul D FS U,2,10,56,8,2,13,4
ur UR L ul FS D U,2,10,56,8,2,17,4
UR ur L ul FS D U,2,10,56,8,2,15,4
ur UR L ul FS U D,2,10,56,8,2,17,4
UR ur L ul FS U D,2,10,56,8,2,15,4
ur UR L ul U FS D,2,10,56,8,2,17,4
UR ur L ul U FS D,2,10,56,8,2,15,4
ur UR U L FS ul D,2,10,56,8,2,11,4
UR ur U L FS ul D,2,10,56,8,2,13,4
ur UR U L ul FS D,2,10,56,8,2,13,4
UR ur U L ul FS D,2,10,56,8,2,15,4
ur UR U ul L FS D,2,10,56,8,2,15,4
UR ur U ul L FS D,2,10,56,8,2,17,4
ur UR ul FS L D U,2,10,56,8,2,15,4
UR ur ul FS L D U,2,10,56,8,2,15,4
ur UR ul FS L U D,2,10,56,8,2,15,4
UR ur ul FS L U D,2,10,56,8,2,15,4
ur UR ul L D FS U,2,10,56,8,2,15,4
UR ur ul L D FS U,2,10,56,8,2,15,4
ur UR ul L FS D U,2,10,56,8,2,17,4
UR ur ul L FS D U,2,10,56,8,2,17,4
ur UR ul L FS U D,2,10,56,8,2,17,4
UR ur ul L FS U D,2,10,56,8,2,17,4
ur UR ul L U FS D,2,10,56,8,2,15,4
UR ur ul L U FS D,2,10,56,8,2,15,4
ur UR ul U L FS D,2,10,56,8,2,15,4
UR ur ul U L FS D,2,10,56,8,2,15,4
D FS L ul ur UR U,2,10,58,8,2,14,4
D FS L ul UR ur U,2,10,58,8,2,16,4
D FS L ur ul UR U,2,10,58,8,2,10,2
D FS ul L ur UR U,2,10,58,8,2,12,4
D FS ul L UR ur U,2,10,58,8,2,16,4
D FS ul UR L ur U,2,10,58,8,2,12,3
D L FS ul ur UR U,2,10,58,8,2,12,4
D L FS ul UR ur U,2,10,58,8,2,14,4
D L FS ur ul UR U,2,10,58,8,2,12,3
D L ul FS ur UR U,2,10,58,8,2,14,4
D L ul FS UR ur U,2,10,58,8,2,14,4
D L ul ur FS UR U,2,10,58,8,2,12,3
D L ur FS ul UR U,2,10,58,8,2,10,3
D L ur ul FS UR U,2,10,58,8,2,8,2
D ul FS L ur UR U,2,10,58,8,2,10,4
D ul FS L UR ur U,2,10,58,8,2,14,4
D ul FS UR L ur U,2,10,58,8,2,10,3
D ul L FS ur UR U,2,10,58,8,2,14,4
D ul L FS UR ur U,2,10,58,8,2,14,4
D ul L ur FS UR U,2,10,58,8,2,10,3
FS D L ul ur UR U,2,10,58,8,2,14,4
FS D L ul UR ur U,2,10,58,8,2,16,4
FS D L ur ul UR U,2,10,58,8,2,10,2
FS D ul L ur UR U,2,10,58,8,2,12,4
FS D ul L UR ur U,2,10,58,8,2,16,4
FS D ul UR L ur U,2,10,58,8,2,12,3
FS L D ul ur UR U,2,10,58,8,2,12,4
FS L D ul UR ur U,2,10,58,8,2,14,4
FS L D ur ul UR U,2,10,58,8,2,10,2
FS L ul D ur UR U,2,10,58,8,2,12,4
FS L ul D UR ur U,2,10,58,8,2,16,4
FS ul D L ur UR U,2,10,58,8,2,10,4
FS ul D L UR ur U,2,10,58,8,2,14,4
FS ul D UR L ur U,2,10,58,8,2,12,3
FS ul L D ur UR U,2,10,58,8,2,12,4
FS ul L D UR ur U,2,10,58,8,2,16,4
L D FS ul ur UR U,2,10,58,8,2,12,4
L D FS ul UR ur U,2,10,58,8,2,14,4
L D FS ur ul UR U,2,10,58,8,2,12,3
L D ul FS ur UR U,2,10,58,8,2,12,4
L D ul FS UR ur U,2,10,58,8,2,12,4
L D ul ur FS UR U,2,10,58,8,2,10,3
L D ur FS ul UR U,2,10,58,8,2,10,3
L D ur ul FS UR U,2,10,58,8,2,8,2
L FS D ul ur UR U,2,10,58,8,2,12,4
L FS D ul UR ur U,2,10,58,8,2,14,4
L FS D ur ul UR U,2,10,58,8,2,10,2
L FS ul D ur UR U,2,10,58,8,2,10,4
L FS ul D UR ur U,2,10,58,8,2,14,4
L ul D FS ur UR U,2,10,58,8,2,14,4
L ul D FS UR ur U,2,10,58,8,2,14,4
L ul D ur FS UR U,2,10,58,8,2,10,3
L ul FS D ur UR U,2,10,58,8,2,12,4
L ul FS D UR ur U,2,10,58,8,2,16,4
ul D FS L ur UR U,2,10,58,8,2,11,4
ul D FS L UR ur U,2,10,58,8,2,15,4
ul D FS UR L ur U,2,10,58,8,2,11,3
ul D L FS ur UR U,2,10,58,8,2,13,4
ul D L FS UR ur U,2,10,58,8,2,13,4
ul D L ur FS UR U,2,10,58,8,2,9,3
ul FS D L ur UR U,2,10,58,8,2,11,4
ul FS D L UR ur U,2,10,58,8,2,15,4
ul FS D UR L ur U,2,10,58,8,2,13,3
ul FS L D ur UR U,2,10,58,8,2,11,4
ul FS L D UR ur U,2,10,58,8,2,15,4
ul L D FS ur UR U,2,10,58,8,2,15,4
ul L D FS UR ur U,2,10,58,8,2,15,4
ul L D ur FS UR U,2,10,58,8,2,11,3
ul L FS D ur UR U,2,10,58,8,2,13,4
ul L FS D UR ur U,2,10,58,8,2,17,4
D FS L U ul ur UR,2,10,60,9,2,15,4
D FS L U ur ul UR,2,10,60,9,2,13,3
D FS L ul U ur UR,2,10,60,9,2,17,4
D FS L ul ur U UR,2,10,60,9,2,13,3
D FS L ur U ul UR,2,10,60,9,2,13,3
D FS L ur ul U UR,2,10,60,9,2,11,3
D FS U L ul ur UR,2,10,60,9,2,15,4
D FS U L ur ul UR,2,10,60,9,2,11,2
D FS U ul L ur UR,2,10,60,9,2,15,4
D FS ul L U ur UR,2,10,60,9,2,15,4
D FS ul L ur U UR,2,10,60,9,2,11,3
D FS ul U L ur UR,2,10,60,9,2,13,4
D L FS U ul ur UR,2,10,60,9,2,15,4
D L FS U ur ul UR,2,10,60,9,2,13,3
D L FS ul U ur UR,2,10,60,9,2,15,4
D L FS ul ur U UR,2,10,60,9,2,11,3
D L FS ur U ul UR,2,10,60,9,2,15,3
D L FS ur ul U UR,2,10,60,9,2,13,3
D L U FS ul ur UR,2,10,60,9,2,13,4
D L U FS ur ul UR,2,10,60,9,2,13,3
D L U ul FS ur UR,2,10,60,9,2,15,4
D L U ul ur FS UR,2,10,60,9,2,13,3
D L U ur FS ul UR,2,10,60,9,2,13,3
D L U ur ul FS UR,2,10,60,9,2,11,3
D L ul FS U ur UR,2,10,60,9,2,15,4
D L ul FS ur U UR,2,10,60,9,2,13,3
D L ul U FS ur UR,2,10,60,9,2,17,4
D L ul U ur FS UR,2,10,60,9,2,15,3
D L ul ur FS U UR,2,10,60,9,2,13,3
D L ul ur U FS UR,2,10,60,9,2,13,3
D L ur FS U ul UR,2,10,60,9,2,13,3
D L ur FS ul U UR,2,10,60,9,2,11,3
D L ur U FS ul UR,2,10,60,9,2,11,3
D L ur U ul FS UR,2,10,60,9,2,11,3
D L ur ul FS U UR,2,10,60,9,2,9,2
D L ur ul U FS UR,2,10,60,9,2,11,3
D U FS L ul ur UR,2,10,60,9,2,17,4
D U FS L ur ul UR,2,10,60,9,2,13,4
D U FS ul L ur UR,2,10,60,9,2,15,4
D U L FS ul ur UR,2,10,60,9,2,15,4
D U L FS ur ul UR,2,10,60,9,2,15,4
D U L ul FS ur UR,2,10,60,9,2,17,4
D U L ul ur FS UR,2,10,60,9,2,15,4
D U L ur FS ul UR,2,10,60,9,2,13,4
D U L ur ul FS UR,2,10,60,9,2,11,4
D U ul FS L ur UR,2,10,60,9,2,15,4
D U ul L FS ur UR,2,10,60,9,2,19,4
D U ul L ur FS UR,2,10,60,9,2,15,4
D ul FS L U ur UR,2,10,60,9,2,13,4
D ul FS L ur U UR,2,10,60,9,2,9,3
D ul FS U L ur UR,2,10,60,9,2,11,4
D ul L FS U ur UR,2,10,60,9,2,15,4
D ul L FS ur U UR,2,10,60,9,2,13,3
D ul L U FS ur UR,2,10,60,9,2,15,4
D ul L U ur FS UR,2,10,60,9,2,13,3
D ul L ur FS U UR,2,10,60,9,2,11,3
D ul L ur U FS UR,2,10,60,9,2,11,3
D ul U FS L ur UR,2,10,60,9,2,13,4
D ul U L FS ur UR,2,10,60,9,2,15,4
D ul U L ur FS UR,2,10,60,9,2,11,3
FS D L U ul ur UR,2,10,60,9,2,15,4
FS D L U ur ul UR,2,10,60,9,2,13,3
FS D L ul U ur UR,2,10,60,9,2,17,4
FS D L ul ur U UR,2,10,60,9,2,13,3
FS D L ur U ul UR,2,10,60,9,2,13,3
FS D L ur ul U UR,2,10,60,9,2,11,3
FS D U L ul ur UR,2,10,60,9,2,17,4
FS D U L ur ul UR,2,10,60,9,2,13,4
FS D U ul L ur UR,2,10,60,9,2,17,4
FS D ul L U ur UR,2,10,60,9,2,15,4
FS D ul L ur U UR,2,10,60,9,2,11,3
FS D ul U L ur UR,2,10,60,9,2,13,4
FS L D U ul ur UR,2,10,60,9,2,17,4
FS L D U ur ul UR,2,10,60,9,2,15,4
FS L D ul U ur UR,2,10,60,9,2,15,4
FS L D ul ur U UR,2,10,60,9,2,11,3
FS L D ur U ul UR,2,10,60,9,2,13,3
FS L D ur ul U UR,2,10,60,9,2,11,3
FS L U D ul ur UR,2,10,60,9,2,15,4
FS L U D ur ul UR,2,10,60,9,2,13,4
FS L U ul D ur UR,2,10,60,9,2,13,4
FS L ul D U ur UR,2,10,60,9,2,17,4
FS L ul D ur U UR,2,10,60,9,2,11,3
FS L ul U D ur UR,2,10,60,9,2,17,4
FS U D L ul ur UR,2,10,60,9,2,17,4
FS U D L ur ul UR,2,10,60,9,2,13,4
FS U D ul L ur UR,2,10,60,9,2,15,4
FS U L D ul ur UR,2,10,60,9,2,13,4
FS U L D ur ul UR,2,10,60,9,2,11,2
FS U L ul D ur UR,2,10,60,9,2,13,4
FS U ul D L ur UR,2,10,60,9,2,13,4
FS U ul L D ur UR,2,10,60,9,2,15,4
FS ul D L U ur UR,2,10,60,9,2,13,4
FS ul D L ur U UR,2,10,60,9,2,9,3
FS ul D U L ur UR,2,10,60,9,2,13,4
FS ul L D U ur UR,2,10,60,9,2,17,4
FS ul L D ur U UR,2,10,60,9,2,11,3
FS ul L U D ur UR,2,10,60,9,2,15,4
FS ul U D L ur UR,2,10,60,9,2,15,4
FS ul U L D ur UR,2,10,60,9,2,13,4
L D FS U ul ur UR,2,10,60,9,2,15,4
L D FS U ur ul UR,2,10,60,9,2,13,3
L D FS ul U ur UR,2,10,60,9,2,15,4
L D FS ul ur U UR,2,10,60,9,2,11,3
L D FS ur U ul UR,2,10,60,9,2,15,3
L D FS ur ul U UR,2,10,60,9,2,13,3
L D U FS ul ur UR,2,10,60,9,2,15,4
L D U FS ur ul UR,2,10,60,9,2,15,4
L D U ul FS ur UR,2,10,60,9,2,17,4
L D U ul ur FS UR,2,10,60,9,2,15,4
L D U ur FS ul UR,2,10,60,9,2,15,4
L D U ur ul FS UR,2,10,60,9,2,13,4
L D ul FS U ur UR,2,10,60,9,2,13,4
L D ul FS ur U UR,2,10,60,9,2,11,3
L D ul U FS ur UR,2,10,60,9,2,15,4
L D ul U ur FS UR,2,10,60,9,2,13,3
L D ul ur FS U UR,2,10,60,9,2,11,3
L D ul ur U FS UR,2,10,60,9,2,11,3
L D ur FS U ul UR,2,10,60,9,2,13,3
L D ur FS ul U UR,2,10,60,9,2,11,3
L D ur U FS ul UR,2,10,60,9,2,11,3
L D ur U ul FS UR,2,10,60,9,2,11,3
L D ur ul FS U UR,2,10,60,9,2,9,2
L D ur ul U FS UR,2,10,60,9,2,11,3
L FS D U ul ur UR,2,10,60,9,2,17,4
L FS D U ur ul UR,2,10,60,9,2,15,4
L FS D ul U ur UR,2,10,60,9,2,15,4
L FS D ul ur U UR,2,10,60,9,2,11,3
L FS D ur U ul UR,2,10,60,9,2,13,3
L FS D ur ul U UR,2,10,60,9,2,11,3
L FS U D ul ur UR,2,10,60,9,2,15,4
L FS U D ur ul UR,2,10,60,9,2,13,4
L FS U ul D ur UR,2,10,60,9,2,13,4
L FS ul D U ur UR,2,10,60,9,2,15,4
L FS ul D ur U UR,2,10,60,9,2,9,3
L FS ul U D ur UR,2,10,60,9,2,15,4
L U D FS ul ur UR,2,10,60,9,2,15,4
L U D FS ur ul UR,2,10,60,9,2,15,4
L U D ul FS ur UR,2,10,60,9,2,15,4
L U D ul ur FS UR,2,10,60,9,2,13,4
L U D ur FS ul UR,2,10,60,9,2,13,4
L U D ur ul FS UR,2,10,60,9,2,11,4
L U FS D ul ur UR,2,10,60,9,2,13,4
L U FS D ur ul UR,2,10,60,9,2,11,2
L U FS ul D ur UR,2,10,60,9,2,11,4
L U ul D FS ur UR,2,10,60,9,2,15,4
L U ul D ur FS UR,2,10,60,9,2,11,3
L U ul FS D ur UR,2,10,60,9,2,13,4
L ul D FS U ur UR,2,10,60,9,2,15,4
L ul D FS ur U UR,2,10,60,9,2,13,3
L ul D U FS ur UR,2,10,60,9,2,17,4
L ul D U ur FS UR,2,10,60,9,2,15,4
L ul D ur FS U UR,2,10,60,9,2,11,3
L ul D ur U FS UR,2,10,60,9,2,11,3
L ul FS D U ur UR,2,10,60,9,2,17,4
L ul FS D ur U UR,2,10,60,9,2,11,3
L ul FS U D ur UR,2,10,60,9,2,15,4
L ul U D FS ur UR,2,10,60,9,2,19,4
L ul U D ur FS UR,2,10,60,9,2,15,4
L ul U FS D ur UR,2,10,60,9,2,15,4
U D FS L ul ur UR,2,10,60,9,2,17,4
U D FS L ur ul UR,2,10,60,9,2,13,4
U D FS ul L ur UR,2,10,60,9,2,15,4
U D L FS ul ur UR,2,10,60,9,2,15,4
U D L FS ur ul UR,2,10,60,9,2,15,4
U D L ul FS ur UR,2,10,60,9,2,17,4
U D L ul ur FS UR,2,10,60,9,2,15,4
U D L ur FS ul UR,2,10,60,9,2,13,4
U D L ur ul FS UR,2,10,60,9,2,11,4
U D ul FS L ur UR,2,10,60,9,2,13,4
U D ul L FS ur UR,2,10,60,9,2,17,4
U D ul L ur FS UR,2,10,60,9,2,13,4
U FS D L ul ur UR,2,10,60,9,2,15,4
U FS D L ur ul UR,2,10,60,9,2,11,2
U FS D ul L ur UR,2,10,60,9,2,13,4
U FS L D ul ur UR,2,10,60,9,2,13,4
U FS L D ur ul UR,2,10,60,9,2,11,2
U FS L ul D ur UR,2,10,60,9,2,13,4
U FS ul D L ur UR,2,10,60,9,2,11,4
U FS ul L D ur UR,2,10,60,9,2,13,4
U L D FS ul ur UR,2,10,60,9,2,13,4
U L D FS ur ul UR,2,10,60,9,2,13,3
U L D ul FS ur UR,2,10,60,9,2,13,4
U L D ul ur FS UR,2,10,60,9,2,11,3
U L D ur FS ul UR,2,10,60,9,2,11,3
U L D ur ul FS UR,2,10,60,9,2,9,2
U L FS D ul ur UR,2,10,60,9,2,13,4
U L FS D ur ul UR,2,10,60,9,2,11,2
U L FS ul D ur UR,2,10,60,9,2,11,4
U L ul D FS ur UR,2,10,60,9,2,15,4
U L ul D ur FS UR,2,10,60,9,2,11,3
U L ul FS D ur UR,2,10,60,9,2,13,4
U ul D FS L ur UR,2,10,60,9,2,13,4
U ul D L FS ur UR,2,10,60,9,2,15,4
U ul D L ur FS UR,2,10,60,9,2,11,3
U ul FS D L ur UR,2,10,60,9,2,13,4
U ul FS L D ur UR,2,10,60,9,2,13,4
U ul L D FS ur UR,2,10,60,9,2,17,4
U ul L D ur FS UR,2,10,60,9,2,13,3
U ul L FS D ur UR,2,10,60,9,2,15,4
ul D FS L U ur UR,2,10,60,9,2,14,4
ul D FS L ur U UR,2,10,60,9,2,10,3
ul D FS U L ur UR,2,10,60,9,2,12,4
ul D L FS U ur UR,2,10,60,9,2,14,4
ul D L FS ur U UR,2,10,60,9,2,12,3
ul D L U FS ur UR,2,10,60,9,2,14,4
ul D L U ur FS UR,2,10,60,9,2,12,3
ul D L ur FS U UR,2,10,60,9,2,10,3
ul D L ur U FS UR,2,10,60,9,2,10,3
ul D U FS L ur UR,2,10,60,9,2,14,4
ul D U L FS ur UR,2,10,60,9,2,16,4
ul D U L ur FS UR,2,10,60,9,2,12,4
ul FS D L U ur UR,2,10,60,9,2,14,4
ul FS D L ur U UR,2,10,60,9,2,10,3
ul FS D U L ur UR,2,10,60,9,2,14,4
ul FS L D U ur UR,2,10,60,9,2,16,4
ul FS L D ur U UR,2,10,60,9,2,10,3
ul FS L U D ur UR,2,10,60,9,2,14,4
ul FS U D L ur UR,2,10,60,9,2,14,4
ul FS U L D ur UR,2,10,60,9,2,12,4
ul L D FS U ur UR,2,10,60,9,2,16,4
ul L D FS ur U UR,2,10,60,9,2,14,3
ul L D U FS ur UR,2,10,60,9,2,18,4
ul L D U ur FS UR,2,10,60,9,2,16,4
ul L D ur FS U UR,2,10,60,9,2,12,3
ul L D ur U FS UR,2,10,60,9,2,12,3
ul L FS D U ur UR,2,10,60,9,2,18,4
ul L FS D ur U UR,2,10,60,9,2,12,3
ul L FS U D ur UR,2,10,60,9,2,16,4
ul L U D FS ur UR,2,10,60,9,2,18,4
ul L U D ur FS UR,2,10,60,9,2,14,4
ul L U FS D ur UR,2,10,60,9,2,14,4
ul U D FS L ur UR,2,10,60,9,2,16,4
ul U D L FS ur UR,2,10,60,9,2,18,4
ul U D L ur FS UR,2,10,60,9,2,14,4
ul U FS D L ur UR,2,10,60,9,2,14,4
ul U FS L D ur UR,2,10,60,9,2,14,4
ul U L D FS ur UR,2,10,60,9,2,16,4
ul U L D ur FS UR,2,10,60,9,2,12,3
ul U L FS D ur UR,2,10,60,9,2,14,4
D FS L UR ul ur U,2,10,62,9,2,14,3
D FS L ur UR ul U,2,10,62,9,2,14,4
D FS L UR ur ul U,2,10,62,9,2,16,4
D FS UR L ul ur U,2,10,62,9,2,14,3
D FS UR L ur ul U,2,10,62,9,2,12,3
D FS UR ul L ur U,2,10,62,9,2,12,3
D L FS UR ul ur U,2,10,62,9,2,12,3
D L FS ur UR ul U,2,10,62,9,2,16,4
D L FS UR ur ul U,2,10,62,9,2,14,4
D L ul UR FS ur U,2,10,62,9,2,14,3
D L ul ur UR FS U,2,10,62,9,2,14,4
D L ul UR ur FS U,2,10,62,9,2,16,4
D L UR FS ul ur U,2,10,62,9,2,12,3
D L ur FS UR ul U,2,10,62,9,2,12,3
D L UR FS ur ul U,2,10,62,9,2,14,3
D L UR ul FS ur U,2,10,62,9,2,14,3
D L ur ul UR FS U,2,10,62,9,2,10,2
D L UR ul ur FS U,2,10,62,9,2,14,3
D L ur UR FS ul U,2,10,62,9,2,12,4
D L UR ur FS ul U,2,10,62,9,2,16,4
D L ur UR ul FS U,2,10,62,9,2,12,4
D L UR ur ul FS U,2,10,62,9,2,14,4
D ul L UR FS ur U,2,10,62,9,2,14,3
D ul L ur UR FS U,2,10,62,9,2,12,4
D ul L UR ur FS U,2,10,62,9,2,16,4
D ul UR FS L ur U,2,10,62,9,2,10,3
D ul UR L FS ur U,2,10,62,9,2,14,3
D ul UR L ur FS U,2,10,62,9,2,12,3
D UR FS L ul ur U,2,10,62,9,2,14,3
D UR FS L ur ul U,2,10,62,9,2,12,3
D UR FS ul L ur U,2,10,62,9,2,12,3
D UR L FS ul ur U,2,10,62,9,2,14,3
D UR L FS ur ul U,2,10,62,9,2,16,3
D UR L ul FS ur U,2,10,62,9,2,16,3
D UR L ul ur FS U,2,10,62,9,2,16,3
D UR L ur FS ul U,2,10,62,9,2,14,3
D UR L ur ul FS U,2,10,62,9,2,12,3
D UR ul FS L ur U,2,10,62,9,2,12,3
D UR ul L FS ur U,2,10,62,9,2,16,3
D UR ul L ur FS U,2,10,62,9,2,14,3
FS D L UR ul ur U,2,10,62,9,2,14,3
FS D L ur UR ul U,2,10,62,9,2,14,4
FS D L UR ur ul U,2,10,62,9,2,16,4
FS D UR L ul ur U,2,10,62,9,2,16,3
FS D UR L ur ul U,2,10,62,9,2,14,3
FS D UR ul L ur U,2,10,62,9,2,14,3
FS L D UR ul ur U,2,10,62,9,2,14,3
FS L D ur UR ul U,2,10,62,9,2,14,4
FS L D UR ur ul U,2,10,62,9,2,16,4
FS L UR D ul ur U,2,10,62,9,2,14,3
FS L UR D ur ul U,2,10,62,9,2,14,3
FS UR D L ul ur U,2,10,62,9,2,14,3
FS UR D L ur ul U,2,10,62,9,2,12,3
FS UR D ul L ur U,2,10,62,9,2,12,3
FS UR L D ul ur U,2,10,62,9,2,12,3
FS UR L D ur ul U,2,10,62,9,2,12,3
L D FS UR ul ur U,2,10,62,9,2,12,3
L D FS ur UR ul U,2,10,62,9,2,16,4
L D FS UR ur ul U,2,10,62,9,2,14,4
L D ul UR FS ur U,2,10,62,9,2,12,3
L D ul ur UR FS U,2,10,62,9,2,12,4
L D ul UR ur FS U,2,10,62,9,2,14,4
L D UR FS ul ur U,2,10,62,9,2,12,3
L D ur FS UR ul U,2,10,62,9,2,12,3
L D UR FS ur ul U,2,10,62,9,2,14,3
L D UR ul FS ur U,2,10,62,9,2,14,3
L D ur ul UR FS U,2,10,62,9,2,10,2
L D UR ul ur FS U,2,10,62,9,2,14,3
L D ur UR FS ul U,2,10,62,9,2,12,4
L D UR ur FS ul U,2,10,62,9,2,16,4
L D ur UR ul FS U,2,10,62,9,2,12,4
L D UR ur ul FS U,2,10,62,9,2,14,4
L FS D UR ul ur U,2,10,62,9,2,14,3
L FS D ur UR ul U,2,10,62,9,2,14,4
L FS D UR ur ul U,2,10,62,9,2,16,4
L FS UR D ul ur U,2,10,62,9,2,12,3
L FS UR D ur ul U,2,10,62,9,2,12,3
L ul D UR FS ur U,2,10,62,9,2,14,3
L ul D ur UR FS U,2,10,62,9,2,12,4
L ul D UR ur FS U,2,10,62,9,2,16,4
L ul UR D FS ur U,2,10,62,9,2,16,3
L ul UR D ur FS U,2,10,62,9,2,14,3
L UR D FS ul ur U,2,10,62,9,2,14,3
L UR D FS ur ul U,2,10,62,9,2,16,3
L UR D ul FS ur U,2,10,62,9,2,14,3
L UR D ul ur FS U,2,10,62,9,2,14,3
L UR D ur FS ul U,2,10,62,9,2,14,3
L UR D ur ul FS U,2,10,62,9,2,12,3
L UR FS D ul ur U,2,10,62,9,2,12,3
L UR FS D ur ul U,2,10,62,9,2,12,3
L UR ul D FS ur U,2,10,62,9,2,14,3
L UR ul D ur FS U,2,10,62,9,2,12,3
ul D L UR FS ur U,2,10,62,9,2,13,3
ul D L ur UR FS U,2,10,62,9,2,11,4
ul D L UR ur FS U,2,10,62,9,2,15,4
ul D UR FS L ur U,2,10,62,9,2,11,3
ul D UR L FS ur U,2,10,62,9,2,15,3
ul D UR L ur FS U,2,10,62,9,2,13,3
ul L D UR FS ur U,2,10,62,9,2,15,3
ul L D ur UR FS U,2,10,62,9,2,13,4
ul L D UR ur FS U,2,10,62,9,2,17,4
ul L UR D FS ur U,2,10,62,9,2,17,3
ul L UR D ur FS U,2,10,62,9,2,15,3
ul UR D FS L ur U,2,10,62,9,2,13,3
ul UR D L FS ur U,2,10,62,9,2,15,3
ul UR D L ur FS U,2,10,62,9,2,13,3
ul UR L D FS ur U,2,10,62,9,2,15,3
ul UR L D ur FS U,2,10,62,9,2,13,3
UR D FS L ul ur U,2,10,62,9,2,15,3
UR D FS L ur ul U,2,10,62,9,2,13,3
UR D FS ul L ur U,2,10,62,9,2,13,3
UR D L FS ul ur U,2,10,62,9,2,13,3
UR D L FS ur ul U,2,10,62,9,2,15,3
UR D L ul FS ur U,2,10,62,9,2,15,3
UR D L ul ur FS U,2,10,62,9,2,15,3
UR D L ur FS ul U,2,10,62,9,2,13,3
UR D L ur ul FS U,2,10,62,9,2,11,3
UR D ul FS L ur U,2,10,62,9,2,11,3
UR D ul L FS ur U,2,10,62,9,2,15,3
UR D ul L ur FS U,2,10,62,9,2,13,3
UR FS D L ul ur U,2,10,62,9,2,13,3
UR FS D L ur ul U,2,10,62,9,2,11,3
UR FS D ul L ur U,2,10,62,9,2,11,3
UR FS L D ul ur U,2,10,62,9,2,11,3
UR FS L D ur ul U,2,10,62,9,2,11,3
UR L D FS ul ur U,2,10,62,9,2,13,3
UR L D FS ur ul U,2,10,62,9,2,15,3
UR L D ul FS ur U,2,10,62,9,2,13,3
UR L D ul ur FS U,2,10,62,9,2,13,3
UR L D ur FS ul U,2,10,62,9,2,13,3
UR L D ur ul FS U,2,10,62,9,2,11,3
UR L FS D ul ur U,2,10,62,9,2,13,3
UR L FS D ur ul U,2,10,62,9,2,13,3
UR L ul D FS ur U,2,10,62,9,2,15,3
UR L ul D ur FS U,2,10,62,9,2,13,3
UR ul D FS L ur U,2,10,62,9,2,11,3
UR ul D L FS ur U,2,10,62,9,2,13,3
UR ul D L ur FS U,2,10,62,9,2,11,3
UR ul L D FS ur U,2,10,62,9,2,15,3
UR ul L D ur FS U,2,10,62,9,2,13,3
