order,min_memo,max_memo,sum_memo,memorized,d_moves,pin_changes,max_pin_changes
dl L U DL D DR BS,2,10,22,6,5,11,3
dl U L DL D DR BS,2,10,22,6,5,7,2
L dl U DL D DR BS,2,10,22,6,5,10,3
L U DL D dl DR BS,2,10,22,6,5,12,3
L U DL D DR dl BS,2,10,22,6,5,10,3
L U dl DL D DR BS,2,10,22,6,5,10,4
L U DL dl D DR BS,2,10,22,6,5,14,4
U dl L DL D DR BS,2,10,22,6,5,8,3
U L DL D dl DR BS,2,10,22,6,5,10,3
U L DL D DR dl BS,2,10,22,6,5,8,2
U L dl DL D DR BS,2,10,22,6,5,12,4
U L DL dl D DR BS,2,10,22,6,5,12,4
D dl DL DR L U BS,2,8,24,6,5,16,4
D DL dl DR L U BS,2,8,24,6,5,14,4
D dl DL DR U L BS,2,8,24,6,5,16,4
D DL dl DR U L BS,2,8,24,6,5,14,4
D dl DL L DR U BS,2,8,24,6,5,16,4
D DL dl L DR U BS,2,8,24,6,5,16,4
D dl DL L U DR BS,2,8,24,6,5,14,4
D DL dl L U DR BS,2,8,24,6,5,14,4
D dl DL U DR L BS,2,8,24,6,5,18,4
D DL dl U DR L BS,2,8,24,6,5,14,4
D dl DL U L DR BS,2,8,24,6,5,16,4
D DL dl U L DR BS,2,8,24,6,5,12,4
D DL DR dl L U BS,2,8,24,6,5,12,3
D DL DR dl U L BS,2,8,24,6,5,10,2
D DL DR L dl U BS,2,8,24,6,5,12,3
D DL DR L U dl BS,2,8,24,6,5,10,3
D DL DR U dl L BS,2,8,24,6,5,12,3
D DL DR U L dl BS,2,8,24,6,5,12,3
D DL L dl DR U BS,2,8,24,6,5,12,3
D DL L dl U DR BS,2,8,24,6,5,10,3
D DL L DR dl U BS,2,8,24,6,5,10,3
D DL L DR U dl BS,2,8,24,6,5,10,3
D DL L U dl DR BS,2,8,24,6,5,8,2
D DL L U DR dl BS,2,8,24,6,5,10,3
D dl U DL DR L BS,2,8,24,6,5,14,3
D DL U dl DR L BS,2,8,24,6,5,12,3
D dl U DL L DR BS,2,8,24,6,5,12,3
D DL U dl L DR BS,2,8,24,6,5,12,3
D DL U DR dl L BS,2,8,24,6,5,14,3
D DL U DR L dl BS,2,8,24,6,5,14,3
D DL U L dl DR BS,2,8,24,6,5,12,3
D DL U L DR dl BS,2,8,24,6,5,12,3
D U dl DL DR L BS,2,8,24,6,5,16,4
D U DL dl DR L BS,2,8,24,6,5,18,4
D U dl DL L DR BS,2,8,24,6,5,14,4
D U DL dl L DR BS,2,8,24,6,5,18,4
D U DL DR dl L BS,2,8,24,6,5,16,4
D U DL DR L dl BS,2,8,24,6,5,16,4
D U DL L dl DR BS,2,8,24,6,5,14,4
D U DL L DR dl BS,2,8,24,6,5,14,4
dl D DL DR L U BS,2,8,24,6,5,13,3
dl D DL DR U L BS,2,8,24,6,5,13,3
dl D DL L DR U BS,2,8,24,6,5,13,3
dl D DL L U DR BS,2,8,24,6,5,11,3
dl D DL U DR L BS,2,8,24,6,5,15,3
dl D DL U L DR BS,2,8,24,6,5,13,3
dl D U DL DR L BS,2,8,24,6,5,17,4
dl D U DL L DR BS,2,8,24,6,5,15,4
dl U D DL DR L BS,2,8,24,6,5,13,4
dl U D DL L DR BS,2,8,24,6,5,11,4
U D dl DL DR L BS,2,8,24,6,5,18,4
U D DL dl DR L BS,2,8,24,6,5,16,4
U D dl DL L DR BS,2,8,24,6,5,16,4
U D DL dl L DR BS,2,8,24,6,5,16,4
U D DL DR dl L BS,2,8,24,6,5,14,4
U D DL DR L dl BS,2,8,24,6,5,14,4
U D DL L dl DR BS,2,8,24,6,5,12,4
U D DL L DR dl BS,2,8,24,6,5,12,4
U dl D DL DR L BS,2,8,24,6,5,12,3
U dl D DL L DR BS,2,8,24,6,5,10,3
DL D dl DR L U BS,2,8,26,6,5,13,3
DL D dl DR U L BS,2,8,26,6,5,13,3
DL D dl L DR U BS,2,8,26,6,5,15,3
DL D dl L U DR BS,2,8,26,6,5,13,3
DL D dl U DR L BS,2,8,26,6,5,13,3
DL D dl U L DR BS,2,8,26,6,5,11,3
DL D DR dl L U BS,2,8,26,6,5,11,3
DL D DR dl U L BS,2,8,26,6,5,9,2
DL D DR L dl U BS,2,8,26,6,5,11,3
DL D DR L U dl BS,2,8,26,6,5,9,3
DL D DR U dl L BS,2,8,26,6,5,11,3
DL D DR U L dl BS,2,8,26,6,5,11,3
DL D L dl DR U BS,2,8,26,6,5,13,3
DL D L dl U DR BS,2,8,26,6,5,11,3
DL D L DR dl U BS,2,8,26,6,5,11,3
DL D L DR U dl BS,2,8,26,6,5,11,3
DL D L U dl DR BS,2,8,26,6,5,9,2
DL D L U DR dl BS,2,8,26,6,5,11,3
DL D U dl DR L BS,2,8,26,6,5,13,4
DL D U dl L DR BS,2,8,26,6,5,13,4
DL D U DR dl L BS,2,8,26,6,5,15,4
DL D U DR L dl BS,2,8,26,6,5,15,4
DL D U L dl DR BS,2,8,26,6,5,13,4
DL D U L DR dl BS,2,8,26,6,5,13,4
dl DL D DR L U BS,2,8,26,6,5,13,4
DL dl D DR L U BS,2,8,26,6,5,15,4
dl DL D DR U L BS,2,8,26,6,5,13,4
DL dl D DR U L BS,2,8,26,6,5,15,4
dl DL D L DR U BS,2,8,26,6,5,15,4
DL dl D L DR U BS,2,8,26,6,5,17,4
dl DL D L U DR BS,2,8,26,6,5,13,4
DL dl D L U DR BS,2,8,26,6,5,15,4
dl DL D U DR L BS,2,8,26,6,5,17,4
DL dl D U DR L BS,2,8,26,6,5,19,4
dl DL D U L DR BS,2,8,26,6,5,15,4
DL dl D U L DR BS,2,8,26,6,5,17,4
dl DL L D DR U BS,2,8,26,6,5,13,4
DL dl L D DR U BS,2,8,26,6,5,15,4
dl DL L D U DR BS,2,8,26,6,5,15,4
DL dl L D U DR BS,2,8,26,6,5,17,4
dl DL L U D DR BS,2,8,26,6,5,13,4
DL dl L U D DR BS,2,8,26,6,5,15,4
dl DL U D DR L BS,2,8,26,6,5,17,4
DL dl U D DR L BS,2,8,26,6,5,15,4
dl DL U D L DR BS,2,8,26,6,5,17,4
DL dl U D L DR BS,2,8,26,6,5,15,4
dl DL U L D DR BS,2,8,26,6,5,13,4
DL dl U L D DR BS,2,8,26,6,5,11,4
DL L D dl DR U BS,2,8,26,6,5,13,3
DL L D dl U DR BS,2,8,26,6,5,11,3
DL L D DR dl U BS,2,8,26,6,5,9,2
DL L D DR U dl BS,2,8,26,6,5,9,3
DL L D U dl DR BS,2,8,26,6,5,11,4
DL L D U DR dl BS,2,8,26,6,5,13,4
DL L dl D DR U BS,2,8,26,6,5,13,3
DL L dl D U DR BS,2,8,26,6,5,15,4
DL L dl U D DR BS,2,8,26,6,5,11,4
DL L U D dl DR BS,2,8,26,6,5,13,4
DL L U D DR dl BS,2,8,26,6,5,11,4
DL L U dl D DR BS,2,8,26,6,5,9,3
DL U D dl DR L BS,2,8,26,6,5,17,4
DL U D dl L DR BS,2,8,26,6,5,17,4
DL U D DR dl L BS,2,8,26,6,5,15,4
DL U D DR L dl BS,2,8,26,6,5,15,4
DL U D L dl DR BS,2,8,26,6,5,15,4
DL U D L DR dl BS,2,8,26,6,5,15,4
dl U DL D DR L BS,2,8,26,6,5,11,3
DL U dl D DR L BS,2,8,26,6,5,13,3
dl U DL D L DR BS,2,8,26,6,5,11,3
DL U dl D L DR BS,2,8,26,6,5,13,3
dl U DL L D DR BS,2,8,26,6,5,9,3
DL U dl L D DR BS,2,8,26,6,5,11,3
DL U L D dl DR BS,2,8,26,6,5,13,3
DL U L D DR dl BS,2,8,26,6,5,11,3
DL U L dl D DR BS,2,8,26,6,5,13,3
U DL D dl DR L BS,2,8,26,6,5,14,3
U DL D dl L DR BS,2,8,26,6,5,14,3
U DL D DR dl L BS,2,8,26,6,5,12,3
U DL D DR L dl BS,2,8,26,6,5,12,3
U DL D L dl DR BS,2,8,26,6,5,12,3
U DL D L DR dl BS,2,8,26,6,5,12,3
U dl DL D DR L BS,2,8,26,6,5,12,4
U DL dl D DR L BS,2,8,26,6,5,16,4
U dl DL D L DR BS,2,8,26,6,5,12,4
U DL dl D L DR BS,2,8,26,6,5,16,4
U dl DL L D DR BS,2,8,26,6,5,10,4
U DL dl L D DR BS,2,8,26,6,5,14,4
U DL L D dl DR BS,2,8,26,6,5,12,3
U DL L D DR dl BS,2,8,26,6,5,10,3
U DL L dl D DR BS,2,8,26,6,5,12,3
D dl DR DL L U BS,2,10,26,6,5,12,3
D dl DR DL U L BS,2,10,26,6,5,14,3
D dl DR L DL U BS,2,10,26,6,5,14,3
D dl DR U DL L BS,2,10,26,6,5,14,3
D dl U DR DL L BS,2,10,26,6,5,12,3
D DR dl DL L U BS,2,10,26,6,5,12,4
D DR DL dl L U BS,2,10,26,6,5,14,4
D DR dl DL U L BS,2,10,26,6,5,14,4
D DR DL dl U L BS,2,10,26,6,5,12,4
D DR dl L DL U BS,2,10,26,6,5,12,3
D DR DL L dl U BS,2,10,26,6,5,10,3
D DR DL L U dl BS,2,10,26,6,5,8,2
D DR dl U DL L BS,2,10,26,6,5,10,3
D DR DL U dl L BS,2,10,26,6,5,12,3
D DR DL U L dl BS,2,10,26,6,5,12,3
D DR L dl DL U BS,2,10,26,6,5,16,4
D DR L DL dl U BS,2,10,26,6,5,12,4
D DR L DL U dl BS,2,10,26,6,5,10,3
D DR U dl DL L BS,2,10,26,6,5,12,4
D DR U DL dl L BS,2,10,26,6,5,16,4
D DR U DL L dl BS,2,10,26,6,5,12,3
D U dl DR DL L BS,2,10,26,6,5,12,4
D U DR dl DL L BS,2,10,26,6,5,16,4
D U DR DL dl L BS,2,10,26,6,5,18,4
D U DR DL L dl BS,2,10,26,6,5,14,4
dl D DR DL L U BS,2,10,26,6,5,11,3
dl D DR DL U L BS,2,10,26,6,5,13,3
dl D DR L DL U BS,2,10,26,6,5,13,3
dl D DR U DL L BS,2,10,26,6,5,13,3
dl D U DR DL L BS,2,10,26,6,5,15,4
dl DR D DL L U BS,2,10,26,6,5,9,2
dl DR D DL U L BS,2,10,26,6,5,11,3
dl DR D L DL U BS,2,10,26,6,5,11,3
dl DR D U DL L BS,2,10,26,6,5,13,4
dl DR U D DL L BS,2,10,26,6,5,13,4
dl U D DR DL L BS,2,10,26,6,5,11,4
dl U DR D DL L BS,2,10,26,6,5,9,3
DR D dl DL L U BS,2,10,26,6,5,13,4
DR D DL dl L U BS,2,10,26,6,5,13,4
DR D dl DL U L BS,2,10,26,6,5,15,4
DR D DL dl U L BS,2,10,26,6,5,11,4
DR D dl L DL U BS,2,10,26,6,5,13,3
DR D DL L dl U BS,2,10,26,6,5,9,3
DR D DL L U dl BS,2,10,26,6,5,7,2
DR D dl U DL L BS,2,10,26,6,5,11,3
DR D DL U dl L BS,2,10,26,6,5,11,3
DR D DL U L dl BS,2,10,26,6,5,11,3
DR D L dl DL U BS,2,10,26,6,5,15,4
DR D L DL dl U BS,2,10,26,6,5,11,4
DR D L DL U dl BS,2,10,26,6,5,9,3
DR D U dl DL L BS,2,10,26,6,5,13,4
DR D U DL dl L BS,2,10,26,6,5,17,4
DR D U DL L dl BS,2,10,26,6,5,13,4
DR dl D DL L U BS,2,10,26,6,5,11,3
DR dl D DL U L BS,2,10,26,6,5,13,3
DR dl D L DL U BS,2,10,26,6,5,13,3
DR dl D U DL L BS,2,10,26,6,5,15,4
DR dl U D DL L BS,2,10,26,6,5,11,4
DR U D dl DL L BS,2,10,26,6,5,17,4
DR U D DL dl L BS,2,10,26,6,5,17,4
DR U D DL L dl BS,2,10,26,6,5,13,4
DR U dl D DL L BS,2,10,26,6,5,11,3
U D dl DR DL L BS,2,10,26,6,5,14,4
U D DR dl DL L BS,2,10,26,6,5,14,4
U D DR DL dl L BS,2,10,26,6,5,16,4
U D DR DL L dl BS,2,10,26,6,5,12,4
U dl D DR DL L BS,2,10,26,6,5,10,3
U dl DR D DL L BS,2,10,26,6,5,8,2
U DR D dl DL L BS,2,10,26,6,5,14,4
U DR D DL dl L BS,2,10,26,6,5,14,4
U DR D DL L dl BS,2,10,26,6,5,10,3
U DR dl D DL L BS,2,10,26,6,5,12,3
dl L DL D DR U BS,2,10,28,6,5,11,3
dl L DL D U DR BS,2,10,28,6,5,13,4
dl L DL U D DR BS,2,10,28,6,5,13,4
L DL D dl DR U BS,2,10,28,6,5,12,3
L DL D dl U DR BS,2,10,28,6,5,10,3
L DL D DR dl U BS,2,10,28,6,5,8,2
L DL D DR U dl BS,2,10,28,6,5,8,3
L DL D U dl DR BS,2,10,28,6,5,10,4
L DL D U DR dl BS,2,10,28,6,5,12,4
L dl DL D DR U BS,2,10,28,6,5,14,4
L DL dl D DR U BS,2,10,28,6,5,14,4
L dl DL D U DR BS,2,10,28,6,5,16,4
L DL dl D U DR BS,2,10,28,6,5,16,4
L dl DL U D DR BS,2,10,28,6,5,16,4
L DL dl U D DR BS,2,10,28,6,5,12,4
L DL U D dl DR BS,2,10,28,6,5,14,4
L DL U D DR dl BS,2,10,28,6,5,12,4
L DL U dl D DR BS,2,10,28,6,5,10,3
D dl DR L U DL BS,2,10,28,7,5,16,3
D dl DR U L DL BS,2,10,28,7,5,14,3
D dl L U DL DR BS,2,10,28,7,5,14,3
D dl U DR L DL BS,2,10,28,7,5,14,3
D dl U L DL DR BS,2,10,28,7,5,10,3
D DR dl L U DL BS,2,10,28,7,5,14,3
D DR dl U L DL BS,2,10,28,7,5,10,3
D DR L dl U DL BS,2,10,28,7,5,14,3
D DR L U dl DL BS,2,10,28,7,5,14,4
D DR L U DL dl BS,2,10,28,7,5,14,4
D DR U dl L DL BS,2,10,28,7,5,12,3
D DR U L dl DL BS,2,10,28,7,5,16,4
D DR U L DL dl BS,2,10,28,7,5,12,4
D L dl U DL DR BS,2,10,28,7,5,12,3
D L U dl DL DR BS,2,10,28,7,5,12,4
D L U DL dl DR BS,2,10,28,7,5,14,4
D L U DL DR dl BS,2,10,28,7,5,12,3
D U dl DR L DL BS,2,10,28,7,5,14,4
D U dl L DL DR BS,2,10,28,7,5,12,4
D U DR dl L DL BS,2,10,28,7,5,16,4
D U DR L dl DL BS,2,10,28,7,5,20,4
D U DR L DL dl BS,2,10,28,7,5,16,4
D U L dl DL DR BS,2,10,28,7,5,16,4
D U L DL dl DR BS,2,10,28,7,5,14,4
D U L DL DR dl BS,2,10,28,7,5,12,4
dl D DR L U DL BS,2,10,28,7,5,15,3
dl D DR U L DL BS,2,10,28,7,5,13,3
dl D L U DL DR BS,2,10,28,7,5,13,3
dl D U DR L DL BS,2,10,28,7,5,17,4
dl D U L DL DR BS,2,10,28,7,5,13,4
dl DR D L U DL BS,2,10,28,7,5,13,3
dl DR D U L DL BS,2,10,28,7,5,13,4
dl DR U D L DL BS,2,10,28,7,5,15,4
dl L D U DL DR BS,2,10,28,7,5,15,4
dl L U D DL DR BS,2,10,28,7,5,13,4
dl U D DR L DL BS,2,10,28,7,5,13,4
dl U D L DL DR BS,2,10,28,7,5,11,4
dl U DR D L DL BS,2,10,28,7,5,11,3
dl U L D DL DR BS,2,10,28,7,5,9,2
DR D dl L U DL BS,2,10,28,7,5,15,3
DR D dl U L DL BS,2,10,28,7,5,11,3
DR D L dl U DL BS,2,10,28,7,5,13,3
DR D L U dl DL BS,2,10,28,7,5,13,4
DR D L U DL dl BS,2,10,28,7,5,13,4
DR D U dl L DL BS,2,10,28,7,5,13,4
DR D U L dl DL BS,2,10,28,7,5,17,4
DR D U L DL dl BS,2,10,28,7,5,13,4
DR dl D L U DL BS,2,10,28,7,5,15,3
DR dl D U L DL BS,2,10,28,7,5,15,4
DR dl U D L DL BS,2,10,28,7,5,13,4
DR U D dl L DL BS,2,10,28,7,5,17,4
DR U D L dl DL BS,2,10,28,7,5,19,4
DR U D L DL dl BS,2,10,28,7,5,15,4
DR U dl D L DL BS,2,10,28,7,5,13,3
L D dl U DL DR BS,2,10,28,7,5,12,3
L D U dl DL DR BS,2,10,28,7,5,14,4
L D U DL dl DR BS,2,10,28,7,5,16,4
L D U DL DR dl BS,2,10,28,7,5,14,4
L dl D U DL DR BS,2,10,28,7,5,16,4
L dl U D DL DR BS,2,10,28,7,5,12,4
L U D dl DL DR BS,2,10,28,7,5,16,4
L U D DL dl DR BS,2,10,28,7,5,14,4
L U D DL DR dl BS,2,10,28,7,5,12,4
L U dl D DL DR BS,2,10,28,7,5,10,3
U D dl DR L DL BS,2,10,28,7,5,16,4
U D dl L DL DR BS,2,10,28,7,5,14,4
U D DR dl L DL BS,2,10,28,7,5,14,4
U D DR L dl DL BS,2,10,28,7,5,18,4
U D DR L DL dl BS,2,10,28,7,5,14,4
U D L dl DL DR BS,2,10,28,7,5,16,4
U D L DL dl DR BS,2,10,28,7,5,14,4
U D L DL DR dl BS,2,10,28,7,5,12,4
U dl D DR L DL BS,2,10,28,7,5,12,3
U dl D L DL DR BS,2,10,28,7,5,10,3
U dl DR D L DL BS,2,10,28,7,5,10,3
U dl L D DL DR BS,2,10,28,7,5,10,3
U DR D dl L DL BS,2,10,28,7,5,14,3
U DR D L dl DL BS,2,10,28,7,5,16,4
U DR D L DL dl BS,2,10,28,7,5,12,4
U DR dl D L DL BS,2,10,28,7,5,14,3
U L D dl DL DR BS,2,10,28,7,5,14,4
U L D DL dl DR BS,2,10,28,7,5,12,4
U L D DL DR dl BS,2,10,28,7,5,10,2
U L dl D DL DR BS,2,10,28,7,5,12,3
BS D DL DR L U dl,2,9,30,5,5,11,3
D BS DL DR L U dl,2,9,30,5,5,13,3
D DL BS DR L U dl,2,9,30,5,5,11,3
D DL DR BS L U dl,2,9,30,5,5,9,2
BS L U DL D DR dl,2,10,30,6,5,11,3
BS U L DL D DR dl,2,10,30,6,5,9,2
dl DR L D DL U BS,2,10,30,6,5,13,3
dl DR L U DL D BS,2,10,30,6,5,13,3
dl DR U L DL D BS,2,10,30,6,5,11,3
dl L DR D DL U BS,2,10,30,6,5,13,3
dl L DR U DL D BS,2,10,30,6,5,15,3
dl L U DL DR D BS,2,10,30,6,5,13,3
dl L U DR DL D BS,2,10,30,6,5,13,3
dl U DR L DL D BS,2,10,30,6,5,11,3
dl U L DL DR D BS,2,10,30,6,5,9,2
dl U L DR DL D BS,2,10,30,6,5,11,3
DR dl L D DL U BS,2,10,30,6,5,13,3
DR dl L U DL D BS,2,10,30,6,5,13,3
DR dl U L DL D BS,2,10,30,6,5,9,2
DR L D dl DL U BS,2,10,30,6,5,17,4
DR L D DL dl U BS,2,10,30,6,5,13,4
DR L D DL U dl BS,2,10,30,6,5,11,3
DR L dl D DL U BS,2,10,30,6,5,15,3
DR L dl U DL D BS,2,10,30,6,5,13,3
DR L U DL D dl BS,2,10,30,6,5,13,3
DR L U dl DL D BS,2,10,30,6,5,13,4
DR L U DL dl D BS,2,10,30,6,5,17,4
DR U dl L DL D BS,2,10,30,6,5,11,3
DR U L DL D dl BS,2,10,30,6,5,11,3
DR U L dl DL D BS,2,10,30,6,5,15,4
DR U L DL dl D BS,2,10,30,6,5,15,4
L BS U DL D DR dl,2,10,30,6,5,11,3
L dl DR D DL U BS,2,10,30,6,5,12,3
L dl DR U DL D BS,2,10,30,6,5,14,3
L dl U DL DR D BS,2,10,30,6,5,12,3
L dl U DR DL D BS,2,10,30,6,5,12,3
L DR D dl DL U BS,2,10,30,6,5,16,4
L DR D DL dl U BS,2,10,30,6,5,12,4
L DR D DL U dl BS,2,10,30,6,5,10,3
L DR dl D DL U BS,2,10,30,6,5,14,3
L DR dl U DL D BS,2,10,30,6,5,12,3
L DR U DL D dl BS,2,10,30,6,5,14,3
L DR U dl DL D BS,2,10,30,6,5,14,4
L DR U DL dl D BS,2,10,30,6,5,18,4
L U BS DL D DR dl,2,10,30,6,5,11,3
L U DL BS D DR dl,2,10,30,6,5,13,3
L U DL D BS DR dl,2,10,30,6,5,11,3
L U DL D DR BS dl,2,10,30,6,5,9,3
L U dl DL DR D BS,2,10,30,6,5,12,4
L U DL dl DR D BS,2,10,30,6,5,14,4
L U DL DR D dl BS,2,10,30,6,5,12,3
L U dl DR DL D BS,2,10,30,6,5,10,2
L U DL DR dl D BS,2,10,30,6,5,14,3
L U DR DL D dl BS,2,10,30,6,5,12,3
L U DR dl DL D BS,2,10,30,6,5,14,4
L U DR DL dl D BS,2,10,30,6,5,16,4
U BS L DL D DR dl,2,10,30,6,5,9,2
U dl DR L DL D BS,2,10,30,6,5,10,3
U dl L DL DR D BS,2,10,30,6,5,10,3
U dl L DR DL D BS,2,10,30,6,5,12,3
U DR dl L DL D BS,2,10,30,6,5,12,3
U DR L DL D dl BS,2,10,30,6,5,12,3
U DR L dl DL D BS,2,10,30,6,5,16,4
U DR L DL dl D BS,2,10,30,6,5,16,4
U L BS DL D DR dl,2,10,30,6,5,11,3
U L DL BS D DR dl,2,10,30,6,5,11,3
U L DL D BS DR dl,2,10,30,6,5,9,2
U L DL D DR BS dl,2,10,30,6,5,7,2
U L dl DL DR D BS,2,10,30,6,5,14,4
U L DL dl DR D BS,2,10,30,6,5,12,4
U L DL DR D dl BS,2,10,30,6,5,10,3
U L dl DR DL D BS,2,10,30,6,5,12,3
U L DL DR dl D BS,2,10,30,6,5,12,3
U L DR DL D dl BS,2,10,30,6,5,12,3
U L DR dl DL D BS,2,10,30,6,5,14,4
U L DR DL dl D BS,2,10,30,6,5,16,4
BS D dl U DR DL L,2,9,30,7,5,12,3
BS D U dl DR DL L,2,9,30,7,5,12,4
BS dl D U DR DL L,2,9,30,7,5,14,4
BS dl U D DR DL L,2,9,30,7,5,10,4
BS dl U DR D DL L,2,9,30,7,5,8,3
BS U D dl DR DL L,2,9,30,7,5,14,4
BS U dl D DR DL L,2,9,30,7,5,10,3
BS U dl DR D DL L,2,9,30,7,5,8,2
D BS dl U DR DL L,2,9,30,7,5,10,3
D BS U dl DR DL L,2,9,30,7,5,10,2
D dl BS U DR DL L,2,9,30,7,5,12,3
D dl U BS DR DL L,2,9,30,7,5,10,3
D U BS dl DR DL L,2,9,30,7,5,12,4
D U dl BS DR DL L,2,9,30,7,5,10,4
dl BS D U DR DL L,2,9,30,7,5,13,4
dl BS U D DR DL L,2,9,30,7,5,11,4
dl BS U DR D DL L,2,9,30,7,5,9,3
dl D BS U DR DL L,2,9,30,7,5,13,3
dl D U BS DR DL L,2,9,30,7,5,13,4
dl U BS D DR DL L,2,9,30,7,5,9,2
dl U BS DR D DL L,2,9,30,7,5,7,2
dl U D BS DR DL L,2,9,30,7,5,11,4
U BS D dl DR DL L,2,9,30,7,5,12,3
U BS dl D DR DL L,2,9,30,7,5,10,3
U BS dl DR D DL L,2,9,30,7,5,8,2
U D BS dl DR DL L,2,9,30,7,5,12,4
U D dl BS DR DL L,2,9,30,7,5,12,4
U dl BS D DR DL L,2,9,30,7,5,8,2
U dl BS DR D DL L,2,9,30,7,5,6,1
U dl D BS DR DL L,2,9,30,7,5,10,3
BS DL D DR L U dl,2,9,32,5,5,11,3
DL BS D DR L U dl,2,9,32,5,5,12,3
DL D BS DR L U dl,2,9,32,5,5,10,3
DL D DR BS L U dl,2,9,32,5,5,8,2
BS D DR DL L U dl,2,10,32,5,5,9,2
BS DR D DL L U dl,2,10,32,5,5,7,2
D BS DR DL L U dl,2,10,32,5,5,9,2
D DR BS DL L U dl,2,10,32,5,5,9,3
D DR DL BS L U dl,2,10,32,5,5,11,3
DR BS D DL L U dl,2,10,32,5,5,8,2
DR D BS DL L U dl,2,10,32,5,5,10,3
DR D DL BS L U dl,2,10,32,5,5,10,3
BS D DL DR U L dl,2,9,32,6,5,13,3
BS D DL L DR U dl,2,9,32,6,5,11,3
BS D DL L U DR dl,2,9,32,6,5,11,3
BS D DL U DR L dl,2,9,32,6,5,15,3
BS D DL U L DR dl,2,9,32,6,5,13,3
BS D U DL DR L dl,2,9,32,6,5,17,4
BS D U DL L DR dl,2,9,32,6,5,15,4
BS U D DL DR L dl,2,9,32,6,5,15,4
BS U D DL L DR dl,2,9,32,6,5,13,4
D BS DL DR U L dl,2,9,32,6,5,15,3
D BS DL L DR U dl,2,9,32,6,5,13,3
D BS DL L U DR dl,2,9,32,6,5,13,3
D BS DL U DR L dl,2,9,32,6,5,17,3
D BS DL U L DR dl,2,9,32,6,5,15,3
D BS U DL DR L dl,2,9,32,6,5,15,3
D BS U DL L DR dl,2,9,32,6,5,13,3
D DL BS DR U L dl,2,9,32,6,5,13,3
D DL BS L DR U dl,2,9,32,6,5,13,3
D DL BS L U DR dl,2,9,32,6,5,13,3
D DL BS U DR L dl,2,9,32,6,5,15,3
D DL BS U L DR dl,2,9,32,6,5,13,3
D DL DR BS U L dl,2,9,32,6,5,11,3
D DL DR L BS U dl,2,9,32,6,5,11,3
D DL DR L U BS dl,2,9,32,6,5,11,3
D DL DR U BS L dl,2,9,32,6,5,13,3
D DL DR U L BS dl,2,9,32,6,5,11,3
D DL L BS DR U dl,2,9,32,6,5,9,3
D DL L BS U DR dl,2,9,32,6,5,11,3
D DL L DR BS U dl,2,9,32,6,5,9,3
D DL L DR U BS dl,2,9,32,6,5,11,3
D DL L U BS DR dl,2,9,32,6,5,9,2
D DL L U DR BS dl,2,9,32,6,5,9,3
D DL U BS DR L dl,2,9,32,6,5,13,3
D DL U BS L DR dl,2,9,32,6,5,13,3
D DL U DR BS L dl,2,9,32,6,5,13,3
D DL U DR L BS dl,2,9,32,6,5,13,3
D DL U L BS DR dl,2,9,32,6,5,11,3
D DL U L DR BS dl,2,9,32,6,5,11,3
D U BS DL DR L dl,2,9,32,6,5,17,4
D U BS DL L DR dl,2,9,32,6,5,15,4
D U DL BS DR L dl,2,9,32,6,5,17,4
D U DL BS L DR dl,2,9,32,6,5,17,4
D U DL DR BS L dl,2,9,32,6,5,15,4
D U DL DR L BS dl,2,9,32,6,5,15,4
D U DL L BS DR dl,2,9,32,6,5,13,4
D U DL L DR BS dl,2,9,32,6,5,13,4
U BS D DL DR L dl,2,9,32,6,5,13,3
U BS D DL L DR dl,2,9,32,6,5,11,3
U D BS DL DR L dl,2,9,32,6,5,17,4
U D BS DL L DR dl,2,9,32,6,5,15,4
U D DL BS DR L dl,2,9,32,6,5,15,4
U D DL BS L DR dl,2,9,32,6,5,15,4
U D DL DR BS L dl,2,9,32,6,5,13,4
U D DL DR L BS dl,2,9,32,6,5,13,4
U D DL L BS DR dl,2,9,32,6,5,11,4
U D DL L DR BS dl,2,9,32,6,5,11,4
dl DR L D U DL BS,2,10,32,7,5,17,4
dl DR L U D DL BS,2,10,32,7,5,15,4
dl DR U L D DL BS,2,10,32,7,5,13,3
dl L DR D U DL BS,2,10,32,7,5,17,4
dl L DR U D DL BS,2,10,32,7,5,17,4
dl L U DR D DL BS,2,10,32,7,5,13,3
dl U DR L D DL BS,2,10,32,7,5,13,3
dl U L DR D DL BS,2,10,32,7,5,11,3
DR dl L D U DL BS,2,10,32,7,5,17,4
DR dl L U D DL BS,2,10,32,7,5,15,4
DR dl U L D DL BS,2,10,32,7,5,11,3
DR L D dl U DL BS,2,10,32,7,5,15,3
DR L D U dl DL BS,2,10,32,7,5,17,4
DR L D U DL dl BS,2,10,32,7,5,17,4
DR L dl D U DL BS,2,10,32,7,5,19,4
DR L dl U D DL BS,2,10,32,7,5,15,4
DR L U D dl DL BS,2,10,32,7,5,19,4
DR L U D DL dl BS,2,10,32,7,5,15,4
DR L U dl D DL BS,2,10,32,7,5,13,3
DR U dl L D DL BS,2,10,32,7,5,13,3
DR U L D dl DL BS,2,10,32,7,5,17,4
DR U L D DL dl BS,2,10,32,7,5,13,4
DR U L dl D DL BS,2,10,32,7,5,15,3
L dl DR D U DL BS,2,10,32,7,5,16,4
L dl DR U D DL BS,2,10,32,7,5,16,4
L dl U DR D DL BS,2,10,32,7,5,12,3
L DR D dl U DL BS,2,10,32,7,5,14,3
L DR D U dl DL BS,2,10,32,7,5,16,4
L DR D U DL dl BS,2,10,32,7,5,16,4
L DR dl D U DL BS,2,10,32,7,5,18,4
L DR dl U D DL BS,2,10,32,7,5,14,4
L DR U D dl DL BS,2,10,32,7,5,20,4
L DR U D DL dl BS,2,10,32,7,5,16,4
L DR U dl D DL BS,2,10,32,7,5,14,3
L U dl DR D DL BS,2,10,32,7,5,10,3
L U DR D dl DL BS,2,10,32,7,5,16,4
L U DR D DL dl BS,2,10,32,7,5,12,4
L U DR dl D DL BS,2,10,32,7,5,14,3
U dl DR L D DL BS,2,10,32,7,5,12,3
U dl L DR D DL BS,2,10,32,7,5,12,3
U DR dl L D DL BS,2,10,32,7,5,14,3
U DR L D dl DL BS,2,10,32,7,5,18,4
U DR L D DL dl BS,2,10,32,7,5,14,4
U DR L dl D DL BS,2,10,32,7,5,16,3
U L dl DR D DL BS,2,10,32,7,5,12,3
U L DR D dl DL BS,2,10,32,7,5,16,4
U L DR D DL dl BS,2,10,32,7,5,12,4
U L DR dl D DL BS,2,10,32,7,5,14,3
BS D dl U DR L DL,2,9,32,8,5,13,3
BS D U dl DR L DL,2,9,32,8,5,13,4
BS dl D U DR L DL,2,9,32,8,5,15,4
BS dl U D DR L DL,2,9,32,8,5,11,4
BS dl U DR D L DL,2,9,32,8,5,9,3
BS U D dl DR L DL,2,9,32,8,5,15,4
BS U dl D DR L DL,2,9,32,8,5,11,3
BS U dl DR D L DL,2,9,32,8,5,9,2
D BS dl U DR L DL,2,9,32,8,5,11,3
D BS U dl DR L DL,2,9,32,8,5,11,3
D dl BS U DR L DL,2,9,32,8,5,13,3
D dl U BS DR L DL,2,9,32,8,5,11,3
D U BS dl DR L DL,2,9,32,8,5,13,4
D U dl BS DR L DL,2,9,32,8,5,11,4
dl BS D U DR L DL,2,9,32,8,5,14,4
dl BS U D DR L DL,2,9,32,8,5,12,4
dl BS U DR D L DL,2,9,32,8,5,10,3
dl D BS U DR L DL,2,9,32,8,5,14,3
dl D U BS DR L DL,2,9,32,8,5,14,4
dl U BS D DR L DL,2,9,32,8,5,10,3
dl U BS DR D L DL,2,9,32,8,5,8,2
dl U D BS DR L DL,2,9,32,8,5,12,4
U BS D dl DR L DL,2,9,32,8,5,13,3
U BS dl D DR L DL,2,9,32,8,5,11,3
U BS dl DR D L DL,2,9,32,8,5,9,2
U D BS dl DR L DL,2,9,32,8,5,13,4
U D dl BS DR L DL,2,9,32,8,5,13,4
U dl BS D DR L DL,2,9,32,8,5,9,3
U dl BS DR D L DL,2,9,32,8,5,7,2
U dl D BS DR L DL,2,9,32,8,5,11,3
BS DL D DR U L dl,2,9,34,6,5,13,3
BS DL D L DR U dl,2,9,34,6,5,13,3
BS DL D L U DR dl,2,9,34,6,5,13,3
BS DL D U DR L dl,2,9,34,6,5,17,4
BS DL D U L DR dl,2,9,34,6,5,15,4
BS DL L D DR U dl,2,9,34,6,5,11,3
BS DL L D U DR dl,2,9,34,6,5,15,4
BS DL L U D DR dl,2,9,34,6,5,13,4
BS DL U D DR L dl,2,9,34,6,5,17,4
BS DL U D L DR dl,2,9,34,6,5,17,4
BS DL U L D DR dl,2,9,34,6,5,13,3
BS U DL D DR L dl,2,9,34,6,5,13,3
BS U DL D L DR dl,2,9,34,6,5,13,3
BS U DL L D DR dl,2,9,34,6,5,11,3
DL BS D DR U L dl,2,9,34,6,5,14,3
DL BS D L DR U dl,2,9,34,6,5,14,3
DL BS D L U DR dl,2,9,34,6,5,14,3
DL BS D U DR L dl,2,9,34,6,5,18,4
DL BS D U L DR dl,2,9,34,6,5,16,4
DL BS L D DR U dl,2,9,34,6,5,12,3
DL BS L D U DR dl,2,9,34,6,5,16,4
DL BS L U D DR dl,2,9,34,6,5,14,4
DL BS U D DR L dl,2,9,34,6,5,16,4
DL BS U D L DR dl,2,9,34,6,5,16,4
DL BS U L D DR dl,2,9,34,6,5,12,3
DL D BS DR U L dl,2,9,34,6,5,12,3
DL D BS L DR U dl,2,9,34,6,5,12,3
DL D BS L U DR dl,2,9,34,6,5,12,3
DL D BS U DR L dl,2,9,34,6,5,14,3
DL D BS U L DR dl,2,9,34,6,5,12,3
DL D DR BS U L dl,2,9,34,6,5,10,3
DL D DR L BS U dl,2,9,34,6,5,10,3
DL D DR L U BS dl,2,9,34,6,5,10,3
DL D DR U BS L dl,2,9,34,6,5,12,3
DL D DR U L BS dl,2,9,34,6,5,10,3
DL D L BS DR U dl,2,9,34,6,5,10,3
DL D L BS U DR dl,2,9,34,6,5,12,3
DL D L DR BS U dl,2,9,34,6,5,10,3
DL D L DR U BS dl,2,9,34,6,5,12,3
DL D L U BS DR dl,2,9,34,6,5,10,2
DL D L U DR BS dl,2,9,34,6,5,10,3
DL D U BS DR L dl,2,9,34,6,5,14,4
DL D U BS L DR dl,2,9,34,6,5,14,4
DL D U DR BS L dl,2,9,34,6,5,14,4
DL D U DR L BS dl,2,9,34,6,5,14,4
DL D U L BS DR dl,2,9,34,6,5,12,4
DL D U L DR BS dl,2,9,34,6,5,12,4
DL L BS D DR U dl,2,9,34,6,5,10,3
DL L BS D U DR dl,2,9,34,6,5,14,4
DL L BS U D DR dl,2,9,34,6,5,12,4
DL L D BS DR U dl,2,9,34,6,5,10,3
DL L D BS U DR dl,2,9,34,6,5,12,3
DL L D DR BS U dl,2,9,34,6,5,8,2
DL L D DR U BS dl,2,9,34,6,5,10,3
DL L D U BS DR dl,2,9,34,6,5,12,4
DL L D U DR BS dl,2,9,34,6,5,12,4
DL L U BS D DR dl,2,9,34,6,5,10,2
DL L U D BS DR dl,2,9,34,6,5,12,4
DL L U D DR BS dl,2,9,34,6,5,10,4
DL U BS D DR L dl,2,9,34,6,5,14,3
DL U BS D L DR dl,2,9,34,6,5,14,3
DL U BS L D DR dl,2,9,34,6,5,12,3
DL U D BS DR L dl,2,9,34,6,5,16,4
DL U D BS L DR dl,2,9,34,6,5,16,4
DL U D DR BS L dl,2,9,34,6,5,14,4
DL U D DR L BS dl,2,9,34,6,5,14,4
DL U D L BS DR dl,2,9,34,6,5,14,4
DL U D L DR BS dl,2,9,34,6,5,14,4
DL U L BS D DR dl,2,9,34,6,5,12,3
DL U L D BS DR dl,2,9,34,6,5,12,3
DL U L D DR BS dl,2,9,34,6,5,10,3
U BS DL D DR L dl,2,9,34,6,5,13,3
U BS DL D L DR dl,2,9,34,6,5,13,3
U BS DL L D DR dl,2,9,34,6,5,11,3
U DL BS D DR L dl,2,9,34,6,5,15,3
U DL BS D L DR dl,2,9,34,6,5,15,3
U DL BS L D DR dl,2,9,34,6,5,13,3
U DL D BS DR L dl,2,9,34,6,5,13,3
U DL D BS L DR dl,2,9,34,6,5,13,3
U DL D DR BS L dl,2,9,34,6,5,11,3
U DL D DR L BS dl,2,9,34,6,5,11,3
U DL D L BS DR dl,2,9,34,6,5,11,3
U DL D L DR BS dl,2,9,34,6,5,11,3
U DL L BS D DR dl,2,9,34,6,5,11,3
U DL L D BS DR dl,2,9,34,6,5,11,3
U DL L D DR BS dl,2,9,34,6,5,9,3
BS D DR DL U L dl,2,10,34,6,5,13,3
BS D DR L DL U dl,2,10,34,6,5,11,3
BS D DR U DL L dl,2,10,34,6,5,13,3
BS D U DR DL L dl,2,10,34,6,5,15,4
BS DR D DL U L dl,2,10,34,6,5,11,3
BS DR D L DL U dl,2,10,34,6,5,9,3
BS DR D U DL L dl,2,10,34,6,5,13,4
BS DR U D DL L dl,2,10,34,6,5,13,4
BS U D DR DL L dl,2,10,34,6,5,13,4
BS U DR D DL L dl,2,10,34,6,5,11,3
D BS DR DL U L dl,2,10,34,6,5,13,3
D BS DR L DL U dl,2,10,34,6,5,11,3
D BS DR U DL L dl,2,10,34,6,5,13,3
D BS U DR DL L dl,2,10,34,6,5,13,3
D DR BS DL U L dl,2,10,34,6,5,13,3
D DR BS L DL U dl,2,10,34,6,5,9,3
D DR BS U DL L dl,2,10,34,6,5,11,3
D DR DL BS U L dl,2,10,34,6,5,13,3
D DR DL L BS U dl,2,10,34,6,5,9,2
D DR DL L U BS dl,2,10,34,6,5,9,2
D DR DL U BS L dl,2,10,34,6,5,13,3
D DR DL U L BS dl,2,10,34,6,5,11,3
D DR L BS DL U dl,2,10,34,6,5,13,3
D DR L DL BS U dl,2,10,34,6,5,11,3
D DR L DL U BS dl,2,10,34,6,5,11,3
D DR U BS DL L dl,2,10,34,6,5,13,3
D DR U DL BS L dl,2,10,34,6,5,15,3
D DR U DL L BS dl,2,10,34,6,5,11,3
D U BS DR DL L dl,2,10,34,6,5,13,4
D U DR BS DL L dl,2,10,34,6,5,15,4
D U DR DL BS L dl,2,10,34,6,5,17,4
D U DR DL L BS dl,2,10,34,6,5,13,4
dl DL DR D L U BS,2,10,34,6,5,13,4
DL dl DR D L U BS,2,10,34,6,5,13,4
dl DL DR D U L BS,2,10,34,6,5,15,4
DL dl DR D U L BS,2,10,34,6,5,15,4
dl DL DR L D U BS,2,10,34,6,5,17,4
DL dl DR L D U BS,2,10,34,6,5,17,4
dl DL DR L U D BS,2,10,34,6,5,17,4
DL dl DR L U D BS,2,10,34,6,5,17,4
dl DL DR U D L BS,2,10,34,6,5,17,4
DL dl DR U D L BS,2,10,34,6,5,17,4
dl DL DR U L D BS,2,10,34,6,5,15,4
DL dl DR U L D BS,2,10,34,6,5,15,4
dl DL L DR D U BS,2,10,34,6,5,15,4
DL dl L DR D U BS,2,10,34,6,5,17,4
dl DL L DR U D BS,2,10,34,6,5,17,4
DL dl L DR U D BS,2,10,34,6,5,19,4
dl DL L U DR D BS,2,10,34,6,5,13,4
DL dl L U DR D BS,2,10,34,6,5,15,4
dl DL U DR D L BS,2,10,34,6,5,15,4
DL dl U DR D L BS,2,10,34,6,5,13,4
dl DL U DR L D BS,2,10,34,6,5,17,4
DL dl U DR L D BS,2,10,34,6,5,15,4
dl DL U L DR D BS,2,10,34,6,5,15,4
DL dl U L DR D BS,2,10,34,6,5,13,4
DL DR D dl L U BS,2,10,34,6,5,13,3
DL DR D dl U L BS,2,10,34,6,5,11,3
DL DR D L dl U BS,2,10,34,6,5,11,3
DL DR D L U dl BS,2,10,34,6,5,9,2
DL DR D U dl L BS,2,10,34,6,5,13,4
DL DR D U L dl BS,2,10,34,6,5,13,4
dl DR DL D L U BS,2,10,34,6,5,11,2
DL DR dl D L U BS,2,10,34,6,5,13,3
dl DR DL D U L BS,2,10,34,6,5,13,4
DL DR dl D U L BS,2,10,34,6,5,15,4
dl DR DL L D U BS,2,10,34,6,5,13,4
DL DR dl L D U BS,2,10,34,6,5,15,4
dl DR DL L U D BS,2,10,34,6,5,13,4
DL DR dl L U D BS,2,10,34,6,5,15,4
dl DR DL U D L BS,2,10,34,6,5,15,4
DL DR dl U D L BS,2,10,34,6,5,13,4
dl DR DL U L D BS,2,10,34,6,5,13,3
DL DR dl U L D BS,2,10,34,6,5,11,2
DL DR L D dl U BS,2,10,34,6,5,13,3
DL DR L D U dl BS,2,10,34,6,5,13,4
DL DR L dl D U BS,2,10,34,6,5,17,4
DL DR L dl U D BS,2,10,34,6,5,15,4
DL DR L U D dl BS,2,10,34,6,5,15,4
DL DR L U dl D BS,2,10,34,6,5,13,3
DL DR U D dl L BS,2,10,34,6,5,17,4
DL DR U D L dl BS,2,10,34,6,5,15,4
dl DR U DL D L BS,2,10,34,6,5,13,3
DL DR U dl D L BS,2,10,34,6,5,13,3
dl DR U DL L D BS,2,10,34,6,5,13,3
DL DR U dl L D BS,2,10,34,6,5,13,3
DL DR U L D dl BS,2,10,34,6,5,13,3
DL DR U L dl D BS,2,10,34,6,5,15,3
DL L dl DR D U BS,2,10,34,6,5,13,4
DL L dl DR U D BS,2,10,34,6,5,15,4
DL L dl U DR D BS,2,10,34,6,5,11,3
DL L DR D dl U BS,2,10,34,6,5,11,3
DL L DR D U dl BS,2,10,34,6,5,11,4
DL L DR dl D U BS,2,10,34,6,5,15,4
DL L DR dl U D BS,2,10,34,6,5,13,4
DL L DR U D dl BS,2,10,34,6,5,15,4
DL L DR U dl D BS,2,10,34,6,5,13,3
DL L U dl DR D BS,2,10,34,6,5,9,2
DL L U DR D dl BS,2,10,34,6,5,11,3
DL L U DR dl D BS,2,10,34,6,5,13,3
dl U DL DR D L BS,2,10,34,6,5,11,3
DL U dl DR D L BS,2,10,34,6,5,11,3
dl U DL DR L D BS,2,10,34,6,5,13,3
DL U dl DR L D BS,2,10,34,6,5,13,3
dl U DL L DR D BS,2,10,34,6,5,11,3
DL U dl L DR D BS,2,10,34,6,5,13,3
DL U DR D dl L BS,2,10,34,6,5,15,3
DL U DR D L dl BS,2,10,34,6,5,13,3
dl U DR DL D L BS,2,10,34,6,5,11,3
DL U DR dl D L BS,2,10,34,6,5,15,3
dl U DR DL L D BS,2,10,34,6,5,11,3
DL U DR dl L D BS,2,10,34,6,5,15,3
DL U DR L D dl BS,2,10,34,6,5,15,3
DL U DR L dl D BS,2,10,34,6,5,17,3
DL U L dl DR D BS,2,10,34,6,5,13,3
DL U L DR D dl BS,2,10,34,6,5,13,3
DL U L DR dl D BS,2,10,34,6,5,15,3
DR BS D DL U L dl,2,10,34,6,5,12,3
DR BS D L DL U dl,2,10,34,6,5,10,3
DR BS D U DL L dl,2,10,34,6,5,14,4
DR BS U D DL L dl,2,10,34,6,5,12,4
DR D BS DL U L dl,2,10,34,6,5,14,3
DR D BS L DL U dl,2,10,34,6,5,10,3
DR D BS U DL L dl,2,10,34,6,5,12,3
DR D DL BS U L dl,2,10,34,6,5,12,3
DR D DL L BS U dl,2,10,34,6,5,8,2
DR D DL L U BS dl,2,10,34,6,5,8,2
DR D DL U BS L dl,2,10,34,6,5,12,3
DR D DL U L BS dl,2,10,34,6,5,10,3
DR D L BS DL U dl,2,10,34,6,5,12,3
DR D L DL BS U dl,2,10,34,6,5,10,3
DR D L DL U BS dl,2,10,34,6,5,10,3
DR D U BS DL L dl,2,10,34,6,5,14,4
DR D U DL BS L dl,2,10,34,6,5,16,4
DR D U DL L BS dl,2,10,34,6,5,12,4
DR DL D dl L U BS,2,10,34,6,5,13,3
DR DL D dl U L BS,2,10,34,6,5,11,3
DR DL D L dl U BS,2,10,34,6,5,11,3
DR DL D L U dl BS,2,10,34,6,5,9,2
DR DL D U dl L BS,2,10,34,6,5,13,4
DR DL D U L dl BS,2,10,34,6,5,13,4
DR dl DL D L U BS,2,10,34,6,5,13,4
DR DL dl D L U BS,2,10,34,6,5,15,4
DR dl DL D U L BS,2,10,34,6,5,15,4
DR DL dl D U L BS,2,10,34,6,5,17,4
DR dl DL L D U BS,2,10,34,6,5,15,4
DR DL dl L D U BS,2,10,34,6,5,17,4
DR dl DL L U D BS,2,10,34,6,5,15,4
DR DL dl L U D BS,2,10,34,6,5,17,4
DR dl DL U D L BS,2,10,34,6,5,17,4
DR DL dl U D L BS,2,10,34,6,5,15,4
DR dl DL U L D BS,2,10,34,6,5,15,4
DR DL dl U L D BS,2,10,34,6,5,13,4
DR DL L D dl U BS,2,10,34,6,5,11,3
DR DL L D U dl BS,2,10,34,6,5,11,4
DR DL L dl D U BS,2,10,34,6,5,15,4
DR DL L dl U D BS,2,10,34,6,5,13,4
DR DL L U D dl BS,2,10,34,6,5,13,4
DR DL L U dl D BS,2,10,34,6,5,11,3
DR DL U D dl L BS,2,10,34,6,5,17,4
DR DL U D L dl BS,2,10,34,6,5,15,4
DR dl U DL D L BS,2,10,34,6,5,11,3
DR DL U dl D L BS,2,10,34,6,5,13,3
DR dl U DL L D BS,2,10,34,6,5,11,3
DR DL U dl L D BS,2,10,34,6,5,13,3
DR DL U L D dl BS,2,10,34,6,5,13,3
DR DL U L dl D BS,2,10,34,6,5,15,3
DR U BS D DL L dl,2,10,34,6,5,12,3
DR U D BS DL L dl,2,10,34,6,5,16,4
DR U D DL BS L dl,2,10,34,6,5,16,4
DR U D DL L BS dl,2,10,34,6,5,12,4
DR U DL D dl L BS,2,10,34,6,5,15,3
DR U DL D L dl BS,2,10,34,6,5,13,3
DR U dl DL D L BS,2,10,34,6,5,13,4
DR U DL dl D L BS,2,10,34,6,5,17,4
DR U dl DL L D BS,2,10,34,6,5,13,4
DR U DL dl L D BS,2,10,34,6,5,17,4
DR U DL L D dl BS,2,10,34,6,5,13,3
DR U DL L dl D BS,2,10,34,6,5,15,3
U BS D DR DL L dl,2,10,34,6,5,11,3
U BS DR D DL L dl,2,10,34,6,5,9,3
U D BS DR DL L dl,2,10,34,6,5,13,4
U D DR BS DL L dl,2,10,34,6,5,13,4
U D DR DL BS L dl,2,10,34,6,5,15,4
U D DR DL L BS dl,2,10,34,6,5,11,4
U dl DL DR D L BS,2,10,34,6,5,12,4
U DL dl DR D L BS,2,10,34,6,5,14,4
U dl DL DR L D BS,2,10,34,6,5,14,4
U DL dl DR L D BS,2,10,34,6,5,16,4
U dl DL L DR D BS,2,10,34,6,5,12,4
U DL dl L DR D BS,2,10,34,6,5,16,4
U DL DR D dl L BS,2,10,34,6,5,14,3
U DL DR D L dl BS,2,10,34,6,5,12,3
U dl DR DL D L BS,2,10,34,6,5,10,2
U DL DR dl D L BS,2,10,34,6,5,14,3
U dl DR DL L D BS,2,10,34,6,5,10,2
U DL DR dl L D BS,2,10,34,6,5,14,3
U DL DR L D dl BS,2,10,34,6,5,14,3
U DL DR L dl D BS,2,10,34,6,5,16,3
U DL L dl DR D BS,2,10,34,6,5,12,3
U DL L DR D dl BS,2,10,34,6,5,12,3
U DL L DR dl D BS,2,10,34,6,5,14,3
U DR BS D DL L dl,2,10,34,6,5,11,3
U DR D BS DL L dl,2,10,34,6,5,13,3
U DR D DL BS L dl,2,10,34,6,5,13,3
U DR D DL L BS dl,2,10,34,6,5,9,3
U DR DL D dl L BS,2,10,34,6,5,14,3
U DR DL D L dl BS,2,10,34,6,5,12,3
U DR dl DL D L BS,2,10,34,6,5,14,4
U DR DL dl D L BS,2,10,34,6,5,16,4
U DR dl DL L D BS,2,10,34,6,5,14,4
U DR DL dl L D BS,2,10,34,6,5,16,4
U DR DL L D dl BS,2,10,34,6,5,12,3
U DR DL L dl D BS,2,10,34,6,5,14,3
BS dl L U DL DR D,2,10,34,7,5,12,3
BS dl L U DR DL D,2,10,34,7,5,12,3
BS dl U DR L DL D,2,10,34,7,5,10,3
BS dl U L DL DR D,2,10,34,7,5,8,2
BS dl U L DR DL D,2,10,34,7,5,10,3
BS L dl U DL DR D,2,10,34,7,5,12,3
BS L dl U DR DL D,2,10,34,7,5,12,3
BS L U dl DL DR D,2,10,34,7,5,12,4
BS L U DL dl DR D,2,10,34,7,5,14,4
BS L U dl DR DL D,2,10,34,7,5,10,2
BS U dl DR L DL D,2,10,34,7,5,10,3
BS U dl L DL DR D,2,10,34,7,5,10,3
BS U dl L DR DL D,2,10,34,7,5,12,3
BS U L dl DL DR D,2,10,34,7,5,14,4
BS U L DL dl DR D,2,10,34,7,5,12,4
BS U L dl DR DL D,2,10,34,7,5,12,3
D dl L DL DR U BS,2,10,34,7,5,14,3
D dl L DL U DR BS,2,10,34,7,5,14,3
D L dl DL DR U BS,2,10,34,7,5,16,4
D L DL dl DR U BS,2,10,34,7,5,14,4
D L dl DL U DR BS,2,10,34,7,5,16,4
D L DL dl U DR BS,2,10,34,7,5,12,4
D L DL DR dl U BS,2,10,34,7,5,10,2
D L DL DR U dl BS,2,10,34,7,5,10,3
D L DL U dl DR BS,2,10,34,7,5,10,3
D L DL U DR dl BS,2,10,34,7,5,12,3
dl BS L U DL DR D,2,10,34,7,5,11,3
dl BS L U DR DL D,2,10,34,7,5,11,3
dl BS U DR L DL D,2,10,34,7,5,11,3
dl BS U L DL DR D,2,10,34,7,5,9,2
dl BS U L DR DL D,2,10,34,7,5,11,3
dl D L DL DR U BS,2,10,34,7,5,13,3
dl D L DL U DR BS,2,10,34,7,5,13,3
dl L BS U DL DR D,2,10,34,7,5,13,3
dl L BS U DR DL D,2,10,34,7,5,13,3
dl L D DL DR U BS,2,10,34,7,5,13,3
dl L D DL U DR BS,2,10,34,7,5,13,3
dl L U BS DL DR D,2,10,34,7,5,13,3
dl L U BS DR DL D,2,10,34,7,5,11,3
dl L U DL BS DR D,2,10,34,7,5,13,3
dl U BS DR L DL D,2,10,34,7,5,9,3
dl U BS L DL DR D,2,10,34,7,5,9,2
dl U BS L DR DL D,2,10,34,7,5,11,3
dl U L BS DL DR D,2,10,34,7,5,11,3
dl U L BS DR DL D,2,10,34,7,5,9,2
dl U L DL BS DR D,2,10,34,7,5,9,3
L BS dl U DL DR D,2,10,34,7,5,10,3
L BS dl U DR DL D,2,10,34,7,5,10,3
L BS U dl DL DR D,2,10,34,7,5,12,4
L BS U DL dl DR D,2,10,34,7,5,14,4
L BS U dl DR DL D,2,10,34,7,5,10,2
L D dl DL DR U BS,2,10,34,7,5,16,4
L D DL dl DR U BS,2,10,34,7,5,14,4
L D dl DL U DR BS,2,10,34,7,5,16,4
L D DL dl U DR BS,2,10,34,7,5,12,4
L D DL DR dl U BS,2,10,34,7,5,10,2
L D DL DR U dl BS,2,10,34,7,5,10,3
L D DL U dl DR BS,2,10,34,7,5,10,3
L D DL U DR dl BS,2,10,34,7,5,12,3
L dl BS U DL DR D,2,10,34,7,5,12,3
L dl BS U DR DL D,2,10,34,7,5,12,3
L dl D DL DR U BS,2,10,34,7,5,14,3
L dl D DL U DR BS,2,10,34,7,5,14,3
L dl U BS DL DR D,2,10,34,7,5,12,3
L dl U BS DR DL D,2,10,34,7,5,10,3
L dl U DL BS DR D,2,10,34,7,5,12,3
L U BS dl DL DR D,2,10,34,7,5,12,4
L U BS DL dl DR D,2,10,34,7,5,14,4
L U BS dl DR DL D,2,10,34,7,5,10,2
L U dl BS DL DR D,2,10,34,7,5,10,3
L U DL BS dl DR D,2,10,34,7,5,12,3
L U dl BS DR DL D,2,10,34,7,5,8,2
L U dl DL BS DR D,2,10,34,7,5,12,4
L U DL dl BS DR D,2,10,34,7,5,12,4
U BS dl DR L DL D,2,10,34,7,5,10,3
U BS dl L DL DR D,2,10,34,7,5,10,3
U BS dl L DR DL D,2,10,34,7,5,12,3
U BS L dl DL DR D,2,10,34,7,5,14,4
U BS L DL dl DR D,2,10,34,7,5,12,4
U BS L dl DR DL D,2,10,34,7,5,12,3
U dl BS DR L DL D,2,10,34,7,5,8,3
U dl BS L DL DR D,2,10,34,7,5,8,2
U dl BS L DR DL D,2,10,34,7,5,10,3
U dl L BS DL DR D,2,10,34,7,5,12,3
U dl L BS DR DL D,2,10,34,7,5,10,3
U dl L DL BS DR D,2,10,34,7,5,10,3
U L BS dl DL DR D,2,10,34,7,5,12,4
U L BS DL dl DR D,2,10,34,7,5,14,4
U L BS dl DR DL D,2,10,34,7,5,10,2
U L dl BS DL DR D,2,10,34,7,5,12,3
U L DL BS dl DR D,2,10,34,7,5,10,3
U L dl BS DR DL D,2,10,34,7,5,10,3
U L dl DL BS DR D,2,10,34,7,5,14,4
U L DL dl BS DR D,2,10,34,7,5,10,4
BS L DL D DR U dl,2,10,36,6,5,9,3
BS L DL D U DR dl,2,10,36,6,5,13,4
BS L DL U D DR dl,2,10,36,6,5,13,4
dl DR L DL D U BS,2,10,36,6,5,13,4
dl DR L DL U D BS,2,10,36,6,5,15,4
dl L DL DR D U BS,2,10,36,6,5,13,4
dl L DL DR U D BS,2,10,36,6,5,15,4
dl L DL U DR D BS,2,10,36,6,5,13,3
dl L DR DL D U BS,2,10,36,6,5,15,4
dl L DR DL U D BS,2,10,36,6,5,17,4
DR dl L DL D U BS,2,10,36,6,5,13,4
DR dl L DL U D BS,2,10,36,6,5,15,4
DR L DL D dl U BS,2,10,36,6,5,11,3
DR L DL D U dl BS,2,10,36,6,5,11,4
DR L dl DL D U BS,2,10,36,6,5,17,4
DR L DL dl D U BS,2,10,36,6,5,17,4
DR L dl DL U D BS,2,10,36,6,5,19,4
DR L DL dl U D BS,2,10,36,6,5,15,4
DR L DL U D dl BS,2,10,36,6,5,15,4
DR L DL U dl D BS,2,10,36,6,5,13,3
L BS DL D DR U dl,2,10,36,6,5,11,3
L BS DL D U DR dl,2,10,36,6,5,15,4
L BS DL U D DR dl,2,10,36,6,5,15,4
L DL BS D DR U dl,2,10,36,6,5,11,3
L DL BS D U DR dl,2,10,36,6,5,15,4
L DL BS U D DR dl,2,10,36,6,5,13,4
L DL D BS DR U dl,2,10,36,6,5,9,3
L DL D BS U DR dl,2,10,36,6,5,11,3
L DL D DR BS U dl,2,10,36,6,5,7,2
L DL D DR U BS dl,2,10,36,6,5,9,3
L DL D U BS DR dl,2,10,36,6,5,11,4
L DL D U DR BS dl,2,10,36,6,5,11,4
L dl DL DR D U BS,2,10,36,6,5,16,4
L DL dl DR D U BS,2,10,36,6,5,14,4
L dl DL DR U D BS,2,10,36,6,5,18,4
L DL dl DR U D BS,2,10,36,6,5,16,4
L dl DL U DR D BS,2,10,36,6,5,16,4
L DL dl U DR D BS,2,10,36,6,5,12,4
L DL DR D dl U BS,2,10,36,6,5,10,3
L DL DR D U dl BS,2,10,36,6,5,10,4
L dl DR DL D U BS,2,10,36,6,5,14,4
L DL DR dl D U BS,2,10,36,6,5,14,4
L dl DR DL U D BS,2,10,36,6,5,16,4
L DL DR dl U D BS,2,10,36,6,5,12,4
L DL DR U D dl BS,2,10,36,6,5,14,4
L DL DR U dl D BS,2,10,36,6,5,12,3
L DL U BS D DR dl,2,10,36,6,5,11,3
L DL U D BS DR dl,2,10,36,6,5,13,4
L DL U D DR BS dl,2,10,36,6,5,11,4
L DL U dl DR D BS,2,10,36,6,5,10,3
L DL U DR D dl BS,2,10,36,6,5,12,3
L DL U DR dl D BS,2,10,36,6,5,14,3
L DR DL D dl U BS,2,10,36,6,5,12,3
L DR DL D U dl BS,2,10,36,6,5,12,4
L DR dl DL D U BS,2,10,36,6,5,16,4
L DR DL dl D U BS,2,10,36,6,5,18,4
L DR dl DL U D BS,2,10,36,6,5,18,4
L DR DL dl U D BS,2,10,36,6,5,16,4
L DR DL U D dl BS,2,10,36,6,5,16,4
L DR DL U dl D BS,2,10,36,6,5,14,3
BS D dl DL DR L U,2,9,36,7,5,16,4
BS D DL dl DR L U,2,9,36,7,5,14,4
BS D dl DL DR U L,2,9,36,7,5,16,4
BS D DL dl DR U L,2,9,36,7,5,14,4
BS D DL DR dl L U,2,9,36,7,5,12,3
BS D DL DR dl U L,2,9,36,7,5,10,2
BS D DL DR L dl U,2,9,36,7,5,12,3
BS dl D DL DR L U,2,9,36,7,5,12,3
BS dl D DL DR U L,2,9,36,7,5,12,3
D BS dl DL DR L U,2,9,36,7,5,14,4
D BS DL dl DR L U,2,9,36,7,5,16,4
D BS dl DL DR U L,2,9,36,7,5,14,4
D BS DL dl DR U L,2,9,36,7,5,16,4
D BS DL DR dl L U,2,9,36,7,5,14,3
D BS DL DR dl U L,2,9,36,7,5,12,3
D BS DL DR L dl U,2,9,36,7,5,14,3
D dl BS DL DR L U,2,9,36,7,5,14,3
D DL BS dl DR L U,2,9,36,7,5,12,3
D dl BS DL DR U L,2,9,36,7,5,14,3
D DL BS dl DR U L,2,9,36,7,5,12,3
D DL BS DR dl L U,2,9,36,7,5,12,3
D DL BS DR dl U L,2,9,36,7,5,10,3
D DL BS DR L dl U,2,9,36,7,5,12,3
D dl DL BS DR L U,2,9,36,7,5,16,4
D DL dl BS DR L U,2,9,36,7,5,12,4
D dl DL BS DR U L,2,9,36,7,5,16,4
D DL dl BS DR U L,2,9,36,7,5,12,4
D dl DL DR BS L U,2,9,36,7,5,14,4
D DL dl DR BS L U,2,9,36,7,5,12,4
D dl DL DR BS U L,2,9,36,7,5,14,4
D DL dl DR BS U L,2,9,36,7,5,12,4
D DL DR BS dl L U,2,9,36,7,5,10,3
D DL DR BS dl U L,2,9,36,7,5,8,2
D DL DR BS L dl U,2,9,36,7,5,10,3
D DL DR dl BS L U,2,9,36,7,5,10,2
D DL DR dl BS U L,2,9,36,7,5,10,2
dl BS D DL DR L U,2,9,36,7,5,11,3
dl BS D DL DR U L,2,9,36,7,5,11,3
dl D BS DL DR L U,2,9,36,7,5,15,3
dl D BS DL DR U L,2,9,36,7,5,15,3
dl D DL BS DR L U,2,9,36,7,5,13,3
dl D DL BS DR U L,2,9,36,7,5,13,3
dl D DL DR BS L U,2,9,36,7,5,11,3
dl D DL DR BS U L,2,9,36,7,5,11,3
BS D DR L U DL dl,2,10,36,7,5,15,4
BS D DR U L DL dl,2,10,36,7,5,13,4
BS D L U DL DR dl,2,10,36,7,5,13,3
BS D U DR L DL dl,2,10,36,7,5,17,4
BS D U L DL DR dl,2,10,36,7,5,13,4
BS DR D L U DL dl,2,10,36,7,5,13,4
BS DR D U L DL dl,2,10,36,7,5,13,4
BS DR U D L DL dl,2,10,36,7,5,15,4
BS L D U DL DR dl,2,10,36,7,5,15,4
BS L U D DL DR dl,2,10,36,7,5,13,4
BS U D DR L DL dl,2,10,36,7,5,15,4
BS U D L DL DR dl,2,10,36,7,5,13,4
BS U DR D L DL dl,2,10,36,7,5,13,4
BS U L D DL DR dl,2,10,36,7,5,11,2
D BS DR L U DL dl,2,10,36,7,5,15,4
D BS DR U L DL dl,2,10,36,7,5,13,4
D BS L U DL DR dl,2,10,36,7,5,13,3
D BS U DR L DL dl,2,10,36,7,5,15,4
D BS U L DL DR dl,2,10,36,7,5,11,2
D dl L DR DL U BS,2,10,36,7,5,16,3
D DR BS L U DL dl,2,10,36,7,5,13,4
D DR BS U L DL dl,2,10,36,7,5,11,4
D DR L BS U DL dl,2,10,36,7,5,15,4
D DR L U BS DL dl,2,10,36,7,5,15,4
D DR L U DL BS dl,2,10,36,7,5,13,3
D DR U BS L DL dl,2,10,36,7,5,13,4
D DR U L BS DL dl,2,10,36,7,5,15,4
D DR U L DL BS dl,2,10,36,7,5,11,3
D L BS U DL DR dl,2,10,36,7,5,13,3
D L dl DR DL U BS,2,10,36,7,5,14,3
D L DR dl DL U BS,2,10,36,7,5,16,4
D L DR DL dl U BS,2,10,36,7,5,14,4
D L DR DL U dl BS,2,10,36,7,5,12,3
D L U BS DL DR dl,2,10,36,7,5,13,3
D L U DL BS DR dl,2,10,36,7,5,13,3
D L U DL DR BS dl,2,10,36,7,5,11,3
D U BS DR L DL dl,2,10,36,7,5,15,4
D U BS L DL DR dl,2,10,36,7,5,13,4
D U DR BS L DL dl,2,10,36,7,5,15,4
D U DR L BS DL dl,2,10,36,7,5,19,4
D U DR L DL BS dl,2,10,36,7,5,15,4
D U L BS DL DR dl,2,10,36,7,5,15,4
D U L DL BS DR dl,2,10,36,7,5,13,4
D U L DL DR BS dl,2,10,36,7,5,11,4
dl D L DR DL U BS,2,10,36,7,5,15,3
dl L D DR DL U BS,2,10,36,7,5,13,3
DR BS D L U DL dl,2,10,36,7,5,14,4
DR BS D U L DL dl,2,10,36,7,5,14,4
DR BS U D L DL dl,2,10,36,7,5,14,4
DR D BS L U DL dl,2,10,36,7,5,14,4
DR D BS U L DL dl,2,10,36,7,5,12,4
DR D L BS U DL dl,2,10,36,7,5,14,4
DR D L U BS DL dl,2,10,36,7,5,14,4
DR D L U DL BS dl,2,10,36,7,5,12,3
DR D U BS L DL dl,2,10,36,7,5,14,4
DR D U L BS DL dl,2,10,36,7,5,16,4
DR D U L DL BS dl,2,10,36,7,5,12,4
DR U BS D L DL dl,2,10,36,7,5,14,4
DR U D BS L DL dl,2,10,36,7,5,16,4
DR U D L BS DL dl,2,10,36,7,5,18,4
DR U D L DL BS dl,2,10,36,7,5,14,4
L BS D U DL DR dl,2,10,36,7,5,15,4
L BS U D DL DR dl,2,10,36,7,5,13,4
L D BS U DL DR dl,2,10,36,7,5,13,3
L D dl DR DL U BS,2,10,36,7,5,14,3
L D DR dl DL U BS,2,10,36,7,5,14,4
L D DR DL dl U BS,2,10,36,7,5,12,4
L D DR DL U dl BS,2,10,36,7,5,10,3
L D U BS DL DR dl,2,10,36,7,5,15,4
L D U DL BS DR dl,2,10,36,7,5,15,4
L D U DL DR BS dl,2,10,36,7,5,13,4
L dl D DR DL U BS,2,10,36,7,5,14,3
L U BS D DL DR dl,2,10,36,7,5,11,2
L U D BS DL DR dl,2,10,36,7,5,15,4
L U D DL BS DR dl,2,10,36,7,5,13,4
L U D DL DR BS dl,2,10,36,7,5,11,4
U BS D DR L DL dl,2,10,36,7,5,13,4
U BS D L DL DR dl,2,10,36,7,5,11,2
U BS DR D L DL dl,2,10,36,7,5,11,4
U BS L D DL DR dl,2,10,36,7,5,11,2
U D BS DR L DL dl,2,10,36,7,5,15,4
U D BS L DL DR dl,2,10,36,7,5,13,4
U D DR BS L DL dl,2,10,36,7,5,13,4
U D DR L BS DL dl,2,10,36,7,5,17,4
U D DR L DL BS dl,2,10,36,7,5,13,4
U D L BS DL DR dl,2,10,36,7,5,15,4
U D L DL BS DR dl,2,10,36,7,5,13,4
U D L DL DR BS dl,2,10,36,7,5,11,4
U DR BS D L DL dl,2,10,36,7,5,13,4
U DR D BS L DL dl,2,10,36,7,5,13,4
U DR D L BS DL dl,2,10,36,7,5,15,4
U DR D L DL BS dl,2,10,36,7,5,11,3
U L BS D DL DR dl,2,10,36,7,5,11,2
U L D BS DL DR dl,2,10,36,7,5,13,3
U L D DL BS DR dl,2,10,36,7,5,11,3
U L D DL DR BS dl,2,10,36,7,5,9,2
BS dl L U DL D DR,2,10,36,8,5,11,3
BS dl L U DR D DL,2,10,36,8,5,11,3
BS dl U DR L D DL,2,10,36,8,5,11,3
BS dl U L DL D DR,2,10,36,8,5,7,2
BS dl U L DR D DL,2,10,36,8,5,9,3
BS L dl U DL D DR,2,10,36,8,5,11,3
BS L dl U DR D DL,2,10,36,8,5,11,3
BS L U DL D dl DR,2,10,36,8,5,13,3
BS L U dl DL D DR,2,10,36,8,5,11,4
BS L U DL dl D DR,2,10,36,8,5,15,4
BS L U dl DR D DL,2,10,36,8,5,9,2
BS U dl DR L D DL,2,10,36,8,5,11,3
BS U dl L DL D DR,2,10,36,8,5,9,3
BS U dl L DR D DL,2,10,36,8,5,11,3
BS U L DL D dl DR,2,10,36,8,5,11,3
BS U L dl DL D DR,2,10,36,8,5,13,4
BS U L DL dl D DR,2,10,36,8,5,13,4
BS U L dl DR D DL,2,10,36,8,5,11,3
dl BS L U DL D DR,2,10,36,8,5,10,3
dl BS L U DR D DL,2,10,36,8,5,10,3
dl BS U DR L D DL,2,10,36,8,5,12,3
dl BS U L DL D DR,2,10,36,8,5,8,2
dl BS U L DR D DL,2,10,36,8,5,10,3
dl L BS U DL D DR,2,10,36,8,5,12,3
dl L BS U DR D DL,2,10,36,8,5,12,3
dl L U BS DL D DR,2,10,36,8,5,12,3
dl L U BS DR D DL,2,10,36,8,5,10,3
dl L U DL BS D DR,2,10,36,8,5,14,3
dl L U DL D BS DR,2,10,36,8,5,12,3
dl U BS DR L D DL,2,10,36,8,5,10,3
dl U BS L DL D DR,2,10,36,8,5,8,2
dl U BS L DR D DL,2,10,36,8,5,10,3
dl U L BS DL D DR,2,10,36,8,5,10,3
dl U L BS DR D DL,2,10,36,8,5,8,2
dl U L DL BS D DR,2,10,36,8,5,10,3
dl U L DL D BS DR,2,10,36,8,5,8,2
L BS dl U DL D DR,2,10,36,8,5,9,3
L BS dl U DR D DL,2,10,36,8,5,9,3
L BS U DL D dl DR,2,10,36,8,5,13,3
L BS U dl DL D DR,2,10,36,8,5,11,4
L BS U DL dl D DR,2,10,36,8,5,15,4
L BS U dl DR D DL,2,10,36,8,5,9,2
L dl BS U DL D DR,2,10,36,8,5,11,3
L dl BS U DR D DL,2,10,36,8,5,11,3
L dl U BS DL D DR,2,10,36,8,5,11,3
L dl U BS DR D DL,2,10,36,8,5,9,3
L dl U DL BS D DR,2,10,36,8,5,13,3
L dl U DL D BS DR,2,10,36,8,5,11,3
L U BS DL D dl DR,2,10,36,8,5,13,3
L U BS dl DL D DR,2,10,36,8,5,11,4
L U BS DL dl D DR,2,10,36,8,5,15,4
L U BS dl DR D DL,2,10,36,8,5,9,2
L U DL BS D dl DR,2,10,36,8,5,15,3
L U dl BS DL D DR,2,10,36,8,5,9,3
L U DL BS dl D DR,2,10,36,8,5,13,3
L U dl BS DR D DL,2,10,36,8,5,7,2
L U DL D BS dl DR,2,10,36,8,5,11,3
L U DL D dl BS DR,2,10,36,8,5,11,3
L U dl DL BS D DR,2,10,36,8,5,13,4
L U DL dl BS D DR,2,10,36,8,5,13,4
L U dl DL D BS DR,2,10,36,8,5,11,4
L U DL dl D BS DR,2,10,36,8,5,15,4
U BS dl DR L D DL,2,10,36,8,5,11,3
U BS dl L DL D DR,2,10,36,8,5,9,3
U BS dl L DR D DL,2,10,36,8,5,11,3
U BS L DL D dl DR,2,10,36,8,5,11,3
U BS L dl DL D DR,2,10,36,8,5,13,4
U BS L DL dl D DR,2,10,36,8,5,13,4
U BS L dl DR D DL,2,10,36,8,5,11,3
U dl BS DR L D DL,2,10,36,8,5,9,3
U dl BS L DL D DR,2,10,36,8,5,7,2
U dl BS L DR D DL,2,10,36,8,5,9,3
U dl L BS DL D DR,2,10,36,8,5,11,3
U dl L BS DR D DL,2,10,36,8,5,9,3
U dl L DL BS D DR,2,10,36,8,5,11,3
U dl L DL D BS DR,2,10,36,8,5,9,3
U L BS DL D dl DR,2,10,36,8,5,13,3
U L BS dl DL D DR,2,10,36,8,5,11,4
U L BS DL dl D DR,2,10,36,8,5,15,4
U L BS dl DR D DL,2,10,36,8,5,9,2
U L DL BS D dl DR,2,10,36,8,5,13,3
U L dl BS DL D DR,2,10,36,8,5,11,3
U L DL BS dl D DR,2,10,36,8,5,11,3
U L dl BS DR D DL,2,10,36,8,5,9,3
U L DL D BS dl DR,2,10,36,8,5,9,2
U L DL D dl BS DR,2,10,36,8,5,9,3
U L dl DL BS D DR,2,10,36,8,5,15,4
U L DL dl BS D DR,2,10,36,8,5,11,4
U L dl DL D BS DR,2,10,36,8,5,13,4
U L DL dl D BS DR,2,10,36,8,5,13,4
BS DR L D DL U dl,2,10,38,6,5,11,3
BS DR L U DL D dl,2,10,38,6,5,13,3
BS DR U L DL D dl,2,10,38,6,5,11,3
BS L DR D DL U dl,2,10,38,6,5,11,3
BS L DR U DL D dl,2,10,38,6,5,15,3
BS L U DL DR D dl,2,10,38,6,5,13,3
BS L U DR DL D dl,2,10,38,6,5,13,3
BS U DR L DL D dl,2,10,38,6,5,13,3
BS U L DL DR D dl,2,10,38,6,5,11,3
BS U L DR DL D dl,2,10,38,6,5,13,3
DR BS L D DL U dl,2,10,38,6,5,10,3
DR BS L U DL D dl,2,10,38,6,5,12,3
DR BS U L DL D dl,2,10,38,6,5,10,3
DR L BS D DL U dl,2,10,38,6,5,12,3
DR L BS U DL D dl,2,10,38,6,5,14,3
DR L D BS DL U dl,2,10,38,6,5,14,3
DR L D DL BS U dl,2,10,38,6,5,12,3
DR L D DL U BS dl,2,10,38,6,5,12,3
DR L U BS DL D dl,2,10,38,6,5,14,3
DR L U DL BS D dl,2,10,38,6,5,16,3
DR L U DL D BS dl,2,10,38,6,5,12,3
DR U BS L DL D dl,2,10,38,6,5,12,3
DR U L BS DL D dl,2,10,38,6,5,14,3
DR U L DL BS D dl,2,10,38,6,5,14,3
DR U L DL D BS dl,2,10,38,6,5,10,3
L BS DR D DL U dl,2,10,38,6,5,9,3
L BS DR U DL D dl,2,10,38,6,5,13,3
L BS U DL DR D dl,2,10,38,6,5,13,3
L BS U DR DL D dl,2,10,38,6,5,13,3
L DR BS D DL U dl,2,10,38,6,5,11,3
L DR BS U DL D dl,2,10,38,6,5,13,3
L DR D BS DL U dl,2,10,38,6,5,13,3
L DR D DL BS U dl,2,10,38,6,5,11,3
L DR D DL U BS dl,2,10,38,6,5,11,3
L DR U BS DL D dl,2,10,38,6,5,15,3
L DR U DL BS D dl,2,10,38,6,5,17,3
L DR U DL D BS dl,2,10,38,6,5,13,3
L U BS DL DR D dl,2,10,38,6,5,13,3
L U BS DR DL D dl,2,10,38,6,5,11,3
L U DL BS DR D dl,2,10,38,6,5,13,3
L U DL DR BS D dl,2,10,38,6,5,13,3
L U DL DR D BS dl,2,10,38,6,5,11,3
L U DR BS DL D dl,2,10,38,6,5,13,3
L U DR DL BS D dl,2,10,38,6,5,15,3
L U DR DL D BS dl,2,10,38,6,5,11,3
U BS DR L DL D dl,2,10,38,6,5,11,3
U BS L DL DR D dl,2,10,38,6,5,11,3
U BS L DR DL D dl,2,10,38,6,5,13,3
U DR BS L DL D dl,2,10,38,6,5,11,3
U DR L BS DL D dl,2,10,38,6,5,15,3
U DR L DL BS D dl,2,10,38,6,5,15,3
U DR L DL D BS dl,2,10,38,6,5,11,3
U L BS DL DR D dl,2,10,38,6,5,13,3
U L BS DR DL D dl,2,10,38,6,5,11,3
U L DL BS DR D dl,2,10,38,6,5,11,3
U L DL DR BS D dl,2,10,38,6,5,11,3
U L DL DR D BS dl,2,10,38,6,5,9,2
U L DR BS DL D dl,2,10,38,6,5,13,3
U L DR DL BS D dl,2,10,38,6,5,15,3
U L DR DL D BS dl,2,10,38,6,5,11,3
BS DL D dl DR L U,2,9,38,7,5,14,3
BS DL D dl DR U L,2,9,38,7,5,14,3
BS DL D DR dl L U,2,9,38,7,5,12,3
BS DL D DR dl U L,2,9,38,7,5,10,3
BS DL D DR L dl U,2,9,38,7,5,12,3
BS dl DL D DR L U,2,9,38,7,5,12,4
BS DL dl D DR L U,2,9,38,7,5,16,4
BS dl DL D DR U L,2,9,38,7,5,12,4
BS DL dl D DR U L,2,9,38,7,5,16,4
BS dl DL L U DR D,2,9,38,7,5,12,4
BS DL dl L U DR D,2,9,38,7,5,16,4
BS dl DL U DR D L,2,9,38,7,5,14,4
BS DL dl U DR D L,2,9,38,7,5,14,4
BS dl DL U DR L D,2,9,38,7,5,16,4
BS DL dl U DR L D,2,9,38,7,5,16,4
BS dl DL U L DR D,2,9,38,7,5,14,4
BS DL dl U L DR D,2,9,38,7,5,14,4
BS DL L dl U DR D,2,9,38,7,5,12,3
BS DL L U dl DR D,2,9,38,7,5,10,3
BS dl U DL DR D L,2,9,38,7,5,10,3
BS DL U dl DR D L,2,9,38,7,5,12,3
BS dl U DL DR L D,2,9,38,7,5,12,3
BS DL U dl DR L D,2,9,38,7,5,14,3
BS dl U DL L DR D,2,9,38,7,5,10,3
BS DL U dl L DR D,2,9,38,7,5,14,3
BS dl U DR DL D L,2,9,38,7,5,10,3
BS dl U DR DL L D,2,9,38,7,5,10,3
BS DL U L dl DR D,2,9,38,7,5,14,3
BS U dl DL DR D L,2,9,38,7,5,12,4
BS U DL dl DR D L,2,9,38,7,5,14,4
BS U dl DL DR L D,2,9,38,7,5,14,4
BS U DL dl DR L D,2,9,38,7,5,16,4
BS U dl DL L DR D,2,9,38,7,5,12,4
BS U DL dl L DR D,2,9,38,7,5,16,4
BS U dl DR DL D L,2,9,38,7,5,10,2
BS U dl DR DL L D,2,9,38,7,5,10,2
BS U DL L dl DR D,2,9,38,7,5,12,3
DL BS D dl DR L U,2,9,38,7,5,15,3
DL BS D dl DR U L,2,9,38,7,5,15,3
DL BS D DR dl L U,2,9,38,7,5,13,3
DL BS D DR dl U L,2,9,38,7,5,11,3
DL BS D DR L dl U,2,9,38,7,5,13,3
dl BS DL D DR L U,2,9,38,7,5,11,3
DL BS dl D DR L U,2,9,38,7,5,13,3
dl BS DL D DR U L,2,9,38,7,5,11,3
DL BS dl D DR U L,2,9,38,7,5,13,3
dl BS DL L U DR D,2,9,38,7,5,11,3
DL BS dl L U DR D,2,9,38,7,5,13,3
dl BS DL U DR D L,2,9,38,7,5,13,3
DL BS dl U DR D L,2,9,38,7,5,11,3
dl BS DL U DR L D,2,9,38,7,5,15,3
DL BS dl U DR L D,2,9,38,7,5,13,3
dl BS DL U L DR D,2,9,38,7,5,13,3
DL BS dl U L DR D,2,9,38,7,5,11,3
DL BS L dl U DR D,2,9,38,7,5,13,3
DL BS L U dl DR D,2,9,38,7,5,11,3
dl BS U DL DR D L,2,9,38,7,5,11,3
DL BS U dl DR D L,2,9,38,7,5,11,3
dl BS U DL DR L D,2,9,38,7,5,13,3
DL BS U dl DR L D,2,9,38,7,5,13,3
dl BS U DL L DR D,2,9,38,7,5,11,3
DL BS U dl L DR D,2,9,38,7,5,13,3
dl BS U DR DL D L,2,9,38,7,5,11,3
dl BS U DR DL L D,2,9,38,7,5,11,3
DL BS U L dl DR D,2,9,38,7,5,13,3
DL D BS dl DR L U,2,9,38,7,5,11,3
DL D BS dl DR U L,2,9,38,7,5,11,3
DL D BS DR dl L U,2,9,38,7,5,11,3
DL D BS DR dl U L,2,9,38,7,5,9,2
DL D BS DR L dl U,2,9,38,7,5,11,3
DL D dl BS DR L U,2,9,38,7,5,11,3
DL D dl BS DR U L,2,9,38,7,5,11,3
DL D dl DR BS L U,2,9,38,7,5,11,3
DL D dl DR BS U L,2,9,38,7,5,11,3
DL D DR BS dl L U,2,9,38,7,5,9,3
DL D DR BS dl U L,2,9,38,7,5,7,2
DL D DR BS L dl U,2,9,38,7,5,9,3
DL D DR dl BS L U,2,9,38,7,5,9,2
DL D DR dl BS U L,2,9,38,7,5,9,2
dl DL BS D DR L U,2,9,38,7,5,15,4
DL dl BS D DR L U,2,9,38,7,5,13,4
dl DL BS D DR U L,2,9,38,7,5,15,4
DL dl BS D DR U L,2,9,38,7,5,13,4
dl DL BS L U DR D,2,9,38,7,5,15,4
DL dl BS L U DR D,2,9,38,7,5,13,4
dl DL BS U DR D L,2,9,38,7,5,15,4
DL dl BS U DR D L,2,9,38,7,5,13,4
dl DL BS U DR L D,2,9,38,7,5,17,4
DL dl BS U DR L D,2,9,38,7,5,15,4
dl DL BS U L DR D,2,9,38,7,5,15,4
DL dl BS U L DR D,2,9,38,7,5,13,4
dl DL D BS DR L U,2,9,38,7,5,13,4
DL dl D BS DR L U,2,9,38,7,5,15,4
dl DL D BS DR U L,2,9,38,7,5,13,4
DL dl D BS DR U L,2,9,38,7,5,15,4
dl DL D DR BS L U,2,9,38,7,5,11,4
DL dl D DR BS L U,2,9,38,7,5,13,4
dl DL D DR BS U L,2,9,38,7,5,11,4
DL dl D DR BS U L,2,9,38,7,5,13,4
dl DL L BS U DR D,2,9,38,7,5,13,4
DL dl L BS U DR D,2,9,38,7,5,15,4
dl DL L U BS DR D,2,9,38,7,5,11,4
DL dl L U BS DR D,2,9,38,7,5,13,4
dl DL U BS DR D L,2,9,38,7,5,13,4
DL dl U BS DR D L,2,9,38,7,5,11,4
dl DL U BS DR L D,2,9,38,7,5,15,4
DL dl U BS DR L D,2,9,38,7,5,13,4
dl DL U BS L DR D,2,9,38,7,5,15,4
DL dl U BS L DR D,2,9,38,7,5,13,4
dl DL U L BS DR D,2,9,38,7,5,13,4
DL dl U L BS DR D,2,9,38,7,5,11,4
DL L BS dl U DR D,2,9,38,7,5,9,3
DL L BS U dl DR D,2,9,38,7,5,9,2
DL L dl BS U DR D,2,9,38,7,5,11,3
DL L dl U BS DR D,2,9,38,7,5,9,3
DL L U BS dl DR D,2,9,38,7,5,9,2
DL L U dl BS DR D,2,9,38,7,5,7,2
dl U BS DL DR D L,2,9,38,7,5,11,3
DL U BS dl DR D L,2,9,38,7,5,11,3
dl U BS DL DR L D,2,9,38,7,5,13,3
DL U BS dl DR L D,2,9,38,7,5,13,3
dl U BS DL L DR D,2,9,38,7,5,11,3
DL U BS dl L DR D,2,9,38,7,5,13,3
dl U BS DR DL D L,2,9,38,7,5,9,2
dl U BS DR DL L D,2,9,38,7,5,9,2
DL U BS L dl DR D,2,9,38,7,5,13,3
dl U DL BS DR D L,2,9,38,7,5,11,3
DL U dl BS DR D L,2,9,38,7,5,9,3
dl U DL BS DR L D,2,9,38,7,5,13,3
DL U dl BS DR L D,2,9,38,7,5,11,3
dl U DL BS L DR D,2,9,38,7,5,13,3
DL U dl BS L DR D,2,9,38,7,5,11,3
dl U DL L BS DR D,2,9,38,7,5,9,3
DL U dl L BS DR D,2,9,38,7,5,11,3
DL U L BS dl DR D,2,9,38,7,5,11,3
DL U L dl BS DR D,2,9,38,7,5,11,3
U BS dl DL DR D L,2,9,38,7,5,12,4
U BS DL dl DR D L,2,9,38,7,5,14,4
U BS dl DL DR L D,2,9,38,7,5,14,4
U BS DL dl DR L D,2,9,38,7,5,16,4
U BS dl DL L DR D,2,9,38,7,5,12,4
U BS DL dl L DR D,2,9,38,7,5,16,4
U BS dl DR DL D L,2,9,38,7,5,10,2
U BS dl DR DL L D,2,9,38,7,5,10,2
U BS DL L dl DR D,2,9,38,7,5,12,3
U dl BS DL DR D L,2,9,38,7,5,10,3
U DL BS dl DR D L,2,9,38,7,5,12,3
U dl BS DL DR L D,2,9,38,7,5,12,3
U DL BS dl DR L D,2,9,38,7,5,14,3
U dl BS DL L DR D,2,9,38,7,5,10,3
U DL BS dl L DR D,2,9,38,7,5,14,3
U dl BS DR DL D L,2,9,38,7,5,8,2
U dl BS DR DL L D,2,9,38,7,5,8,2
U DL BS L dl DR D,2,9,38,7,5,14,3
U dl DL BS DR D L,2,9,38,7,5,12,4
U DL dl BS DR D L,2,9,38,7,5,12,4
U dl DL BS DR L D,2,9,38,7,5,14,4
U DL dl BS DR L D,2,9,38,7,5,14,4
U dl DL BS L DR D,2,9,38,7,5,14,4
U DL dl BS L DR D,2,9,38,7,5,14,4
U dl DL L BS DR D,2,9,38,7,5,10,4
U DL dl L BS DR D,2,9,38,7,5,14,4
U DL L BS dl DR D,2,9,38,7,5,10,3
U DL L dl BS DR D,2,9,38,7,5,10,3
BS D dl DR DL L U,2,10,38,7,5,12,3
BS D dl DR DL U L,2,10,38,7,5,14,3
BS D dl DR U DL L,2,10,38,7,5,14,3
BS D DR dl DL L U,2,10,38,7,5,12,4
BS D DR DL dl L U,2,10,38,7,5,14,4
BS D DR dl DL U L,2,10,38,7,5,14,4
BS D DR DL dl U L,2,10,38,7,5,12,4
BS D DR DL L dl U,2,10,38,7,5,10,3
BS D DR dl U DL L,2,10,38,7,5,10,3
BS dl D DR DL L U,2,10,38,7,5,10,3
BS dl D DR DL U L,2,10,38,7,5,12,3
BS dl D DR U DL L,2,10,38,7,5,12,3
BS dl DR D DL L U,2,10,38,7,5,8,2
BS dl DR D DL U L,2,10,38,7,5,10,3
BS dl DR D U DL L,2,10,38,7,5,12,4
BS dl DR U D DL L,2,10,38,7,5,12,4
BS DR D dl DL L U,2,10,38,7,5,12,4
BS DR D DL dl L U,2,10,38,7,5,12,4
BS DR D dl DL U L,2,10,38,7,5,14,4
BS DR D DL dl U L,2,10,38,7,5,10,4
BS DR D DL L dl U,2,10,38,7,5,8,3
BS DR D dl U DL L,2,10,38,7,5,10,3
BS DR dl D DL L U,2,10,38,7,5,10,3
BS DR dl D DL U L,2,10,38,7,5,12,3
BS DR dl D U DL L,2,10,38,7,5,14,4
BS DR dl U D DL L,2,10,38,7,5,10,4
D BS dl DR DL L U,2,10,38,7,5,10,2
D BS dl DR DL U L,2,10,38,7,5,12,3
D BS dl DR U DL L,2,10,38,7,5,12,3
D BS DR dl DL L U,2,10,38,7,5,12,4
D BS DR DL dl L U,2,10,38,7,5,14,4
D BS DR dl DL U L,2,10,38,7,5,14,4
D BS DR DL dl U L,2,10,38,7,5,12,4
D BS DR DL L dl U,2,10,38,7,5,10,3
D BS DR dl U DL L,2,10,38,7,5,10,3
D dl BS DR DL L U,2,10,38,7,5,10,3
D dl BS DR DL U L,2,10,38,7,5,12,3
D dl BS DR U DL L,2,10,38,7,5,12,3
D dl DR BS DL L U,2,10,38,7,5,12,3
D dl DR BS DL U L,2,10,38,7,5,14,3
D dl DR BS U DL L,2,10,38,7,5,12,3
D dl DR DL BS L U,2,10,38,7,5,14,3
D dl DR DL BS U L,2,10,38,7,5,14,3
D DR BS dl DL L U,2,10,38,7,5,10,4
D DR BS DL dl L U,2,10,38,7,5,14,4
D DR BS dl DL U L,2,10,38,7,5,12,4
D DR BS DL dl U L,2,10,38,7,5,12,4
D DR BS DL L dl U,2,10,38,7,5,10,3
D DR BS dl U DL L,2,10,38,7,5,8,3
D DR dl BS DL L U,2,10,38,7,5,10,3
D DR DL BS dl L U,2,10,38,7,5,12,3
D DR dl BS DL U L,2,10,38,7,5,12,3
D DR DL BS dl U L,2,10,38,7,5,10,3
D DR DL BS L dl U,2,10,38,7,5,12,3
D DR dl BS U DL L,2,10,38,7,5,10,3
D DR dl DL BS L U,2,10,38,7,5,14,4
D DR DL dl BS L U,2,10,38,7,5,12,4
D DR dl DL BS U L,2,10,38,7,5,14,4
D DR DL dl BS U L,2,10,38,7,5,12,4
dl BS D DR DL L U,2,10,38,7,5,9,2
dl BS D DR DL U L,2,10,38,7,5,11,3
dl BS D DR U DL L,2,10,38,7,5,11,3
dl BS DR D DL L U,2,10,38,7,5,7,2
dl BS DR D DL U L,2,10,38,7,5,9,3
dl BS DR D U DL L,2,10,38,7,5,11,4
dl BS DR U D DL L,2,10,38,7,5,11,4
dl D BS DR DL L U,2,10,38,7,5,11,3
dl D BS DR DL U L,2,10,38,7,5,13,3
dl D BS DR U DL L,2,10,38,7,5,13,3
dl D DR BS DL L U,2,10,38,7,5,11,3
dl D DR BS DL U L,2,10,38,7,5,13,3
dl D DR BS U DL L,2,10,38,7,5,11,3
dl D DR DL BS L U,2,10,38,7,5,13,3
dl D DR DL BS U L,2,10,38,7,5,13,3
dl DR BS D DL L U,2,10,38,7,5,9,2
dl DR BS D DL U L,2,10,38,7,5,11,3
dl DR BS D U DL L,2,10,38,7,5,13,4
dl DR BS U D DL L,2,10,38,7,5,11,4
dl DR D BS DL L U,2,10,38,7,5,11,3
dl DR D BS DL U L,2,10,38,7,5,13,3
dl DR D BS U DL L,2,10,38,7,5,11,3
dl DR D DL BS L U,2,10,38,7,5,11,3
dl DR D DL BS U L,2,10,38,7,5,11,3
DR BS D dl DL L U,2,10,38,7,5,13,4
DR BS D DL dl L U,2,10,38,7,5,13,4
DR BS D dl DL U L,2,10,38,7,5,15,4
DR BS D DL dl U L,2,10,38,7,5,11,4
DR BS D DL L dl U,2,10,38,7,5,9,3
DR BS D dl U DL L,2,10,38,7,5,11,3
DR BS dl D DL L U,2,10,38,7,5,9,3
DR BS dl D DL U L,2,10,38,7,5,11,3
DR BS dl D U DL L,2,10,38,7,5,13,4
DR BS dl U D DL L,2,10,38,7,5,9,4
DR D BS dl DL L U,2,10,38,7,5,11,4
DR D BS DL dl L U,2,10,38,7,5,15,4
DR D BS dl DL U L,2,10,38,7,5,13,4
DR D BS DL dl U L,2,10,38,7,5,13,4
DR D BS DL L dl U,2,10,38,7,5,11,3
DR D BS dl U DL L,2,10,38,7,5,9,3
DR D dl BS DL L U,2,10,38,7,5,11,3
DR D DL BS dl L U,2,10,38,7,5,11,3
DR D dl BS DL U L,2,10,38,7,5,13,3
DR D DL BS dl U L,2,10,38,7,5,9,3
DR D DL BS L dl U,2,10,38,7,5,11,3
DR D dl BS U DL L,2,10,38,7,5,11,3
DR D dl DL BS L U,2,10,38,7,5,15,4
DR D DL dl BS L U,2,10,38,7,5,11,4
DR D dl DL BS U L,2,10,38,7,5,15,4
DR D DL dl BS U L,2,10,38,7,5,11,4
DR dl BS D DL L U,2,10,38,7,5,9,2
DR dl BS D DL U L,2,10,38,7,5,11,3
DR dl BS D U DL L,2,10,38,7,5,13,4
DR dl BS U D DL L,2,10,38,7,5,11,4
DR dl D BS DL L U,2,10,38,7,5,13,3
DR dl D BS DL U L,2,10,38,7,5,15,3
DR dl D BS U DL L,2,10,38,7,5,13,3
DR dl D DL BS L U,2,10,38,7,5,13,3
DR dl D DL BS U L,2,10,38,7,5,13,3
BS D dl DL L DR U,2,9,38,8,5,16,4
BS D DL dl L DR U,2,9,38,8,5,16,4
BS D dl DL L U DR,2,9,38,8,5,15,4
BS D DL dl L U DR,2,9,38,8,5,15,4
BS D dl DL U DR L,2,9,38,8,5,18,4
BS D DL dl U DR L,2,9,38,8,5,14,4
BS D dl DL U L DR,2,9,38,8,5,17,4
BS D DL dl U L DR,2,9,38,8,5,13,4
BS D DL DR U dl L,2,9,38,8,5,12,3
BS D DL L dl DR U,2,9,38,8,5,12,3
BS D DL L dl U DR,2,9,38,8,5,11,3
BS D DL L DR dl U,2,9,38,8,5,10,3
BS D DL L U dl DR,2,9,38,8,5,9,2
BS D dl U DL DR L,2,9,38,8,5,14,3
BS D DL U dl DR L,2,9,38,8,5,12,3
BS D dl U DL L DR,2,9,38,8,5,13,3
BS D DL U dl L DR,2,9,38,8,5,13,3
BS D DL U DR dl L,2,9,38,8,5,14,3
BS D DL U L dl DR,2,9,38,8,5,13,3
BS D U dl DL DR L,2,9,38,8,5,16,4
BS D U DL dl DR L,2,9,38,8,5,18,4
BS D U dl DL L DR,2,9,38,8,5,15,4
BS D U DL dl L DR,2,9,38,8,5,19,4
BS D U DL DR dl L,2,9,38,8,5,16,4
BS D U DL L dl DR,2,9,38,8,5,15,4
BS dl D DL L DR U,2,9,38,8,5,12,3
BS dl D DL L U DR,2,9,38,8,5,11,3
BS dl D DL U DR L,2,9,38,8,5,14,3
BS dl D DL U L DR,2,9,38,8,5,13,3
BS dl D U DL DR L,2,9,38,8,5,16,4
BS dl D U DL L DR,2,9,38,8,5,15,4
BS dl U D DL DR L,2,9,38,8,5,12,4
BS dl U D DL L DR,2,9,38,8,5,11,4
BS U D dl DL DR L,2,9,38,8,5,18,4
BS U D DL dl DR L,2,9,38,8,5,16,4
BS U D dl DL L DR,2,9,38,8,5,17,4
BS U D DL dl L DR,2,9,38,8,5,17,4
BS U D DL DR dl L,2,9,38,8,5,14,4
BS U D DL L dl DR,2,9,38,8,5,13,4
BS U dl D DL DR L,2,9,38,8,5,12,3
BS U dl D DL L DR,2,9,38,8,5,11,3
D BS dl DL L DR U,2,9,38,8,5,14,4
D BS DL dl L DR U,2,9,38,8,5,18,4
D BS dl DL L U DR,2,9,38,8,5,13,4
D BS DL dl L U DR,2,9,38,8,5,17,4
D BS dl DL U DR L,2,9,38,8,5,16,4
D BS DL dl U DR L,2,9,38,8,5,16,4
D BS dl DL U L DR,2,9,38,8,5,15,4
D BS DL dl U L DR,2,9,38,8,5,15,4
D BS DL DR U dl L,2,9,38,8,5,14,3
D BS DL L dl DR U,2,9,38,8,5,14,3
D BS DL L dl U DR,2,9,38,8,5,13,3
D BS DL L DR dl U,2,9,38,8,5,12,3
D BS DL L U dl DR,2,9,38,8,5,11,3
D BS dl U DL DR L,2,9,38,8,5,12,3
D BS DL U dl DR L,2,9,38,8,5,14,3
D BS dl U DL L DR,2,9,38,8,5,11,3
D BS DL U dl L DR,2,9,38,8,5,15,3
D BS DL U DR dl L,2,9,38,8,5,16,3
D BS DL U L dl DR,2,9,38,8,5,15,3
D BS U dl DL DR L,2,9,38,8,5,14,4
D BS U DL dl DR L,2,9,38,8,5,16,4
D BS U dl DL L DR,2,9,38,8,5,13,4
D BS U DL dl L DR,2,9,38,8,5,17,4
D BS U DL DR dl L,2,9,38,8,5,14,3
D BS U DL L dl DR,2,9,38,8,5,13,3
D dl BS DL L DR U,2,9,38,8,5,14,3
D DL BS dl L DR U,2,9,38,8,5,14,3
D dl BS DL L U DR,2,9,38,8,5,13,3
D DL BS dl L U DR,2,9,38,8,5,13,3
D dl BS DL U DR L,2,9,38,8,5,16,3
D DL BS dl U DR L,2,9,38,8,5,12,3
D dl BS DL U L DR,2,9,38,8,5,15,3
D DL BS dl U L DR,2,9,38,8,5,11,3
D DL BS DR U dl L,2,9,38,8,5,12,3
D DL BS L dl DR U,2,9,38,8,5,14,3
D DL BS L dl U DR,2,9,38,8,5,13,3
D DL BS L DR dl U,2,9,38,8,5,12,3
D DL BS L U dl DR,2,9,38,8,5,11,3
D dl BS U DL DR L,2,9,38,8,5,14,3
D DL BS U dl DR L,2,9,38,8,5,12,3
D dl BS U DL L DR,2,9,38,8,5,13,3
D DL BS U dl L DR,2,9,38,8,5,13,3
D DL BS U DR dl L,2,9,38,8,5,14,3
D DL BS U L dl DR,2,9,38,8,5,13,3
D dl DL BS L DR U,2,9,38,8,5,18,4
D DL dl BS L DR U,2,9,38,8,5,14,4
D dl DL BS L U DR,2,9,38,8,5,17,4
D DL dl BS L U DR,2,9,38,8,5,13,4
D dl DL BS U DR L,2,9,38,8,5,18,4
D DL dl BS U DR L,2,9,38,8,5,14,4
D dl DL BS U L DR,2,9,38,8,5,17,4
D DL dl BS U L DR,2,9,38,8,5,13,4
D dl DL DR L BS U,2,9,38,8,5,16,4
D DL dl DR L BS U,2,9,38,8,5,14,4
D dl DL DR U BS L,2,9,38,8,5,16,4
D DL dl DR U BS L,2,9,38,8,5,14,4
D dl DL L BS DR U,2,9,38,8,5,14,4
D DL dl L BS DR U,2,9,38,8,5,14,4
D dl DL L BS U DR,2,9,38,8,5,15,4
D DL dl L BS U DR,2,9,38,8,5,15,4
D dl DL L DR BS U,2,9,38,8,5,14,4
D DL dl L DR BS U,2,9,38,8,5,14,4
D dl DL L U BS DR,2,9,38,8,5,13,4
D DL dl L U BS DR,2,9,38,8,5,13,4
D dl DL U BS DR L,2,9,38,8,5,16,4
D DL dl U BS DR L,2,9,38,8,5,12,4
D dl DL U BS L DR,2,9,38,8,5,17,4
D DL dl U BS L DR,2,9,38,8,5,13,4
D dl DL U DR BS L,2,9,38,8,5,16,4
D DL dl U DR BS L,2,9,38,8,5,12,4
D dl DL U L BS DR,2,9,38,8,5,15,4
D DL dl U L BS DR,2,9,38,8,5,11,4
D DL DR BS U dl L,2,9,38,8,5,10,3
D DL DR dl L BS U,2,9,38,8,5,12,3
D DL DR dl U BS L,2,9,38,8,5,10,2
D DL DR L BS dl U,2,9,38,8,5,10,3
D DL DR L dl BS U,2,9,38,8,5,12,3
D DL DR U BS dl L,2,9,38,8,5,12,3
D DL DR U dl BS L,2,9,38,8,5,10,3
D DL L BS dl DR U,2,9,38,8,5,10,3
D DL L BS dl U DR,2,9,38,8,5,9,3
D DL L BS DR dl U,2,9,38,8,5,8,2
D DL L BS U dl DR,2,9,38,8,5,9,2
D DL L dl BS DR U,2,9,38,8,5,10,3
D DL L dl BS U DR,2,9,38,8,5,11,3
D DL L dl DR BS U,2,9,38,8,5,10,3
D DL L dl U BS DR,2,9,38,8,5,9,3
D DL L DR BS dl U,2,9,38,8,5,8,3
D DL L DR dl BS U,2,9,38,8,5,10,3
D DL L U BS dl DR,2,9,38,8,5,9,2
D DL L U dl BS DR,2,9,38,8,5,7,2
D dl U BS DL DR L,2,9,38,8,5,14,3
D DL U BS dl DR L,2,9,38,8,5,12,3
D dl U BS DL L DR,2,9,38,8,5,13,3
D DL U BS dl L DR,2,9,38,8,5,13,3
D DL U BS DR dl L,2,9,38,8,5,12,3
D DL U BS L dl DR,2,9,38,8,5,13,3
D dl U DL BS DR L,2,9,38,8,5,14,3
D DL U dl BS DR L,2,9,38,8,5,10,3
D dl U DL BS L DR,2,9,38,8,5,15,3
D DL U dl BS L DR,2,9,38,8,5,11,3
D dl U DL DR BS L,2,9,38,8,5,12,3
D DL U dl DR BS L,2,9,38,8,5,10,3
D dl U DL L BS DR,2,9,38,8,5,11,3
D DL U dl L BS DR,2,9,38,8,5,11,3
D DL U DR BS dl L,2,9,38,8,5,12,3
D DL U DR dl BS L,2,9,38,8,5,12,3
D DL U L BS dl DR,2,9,38,8,5,11,3
D DL U L dl BS DR,2,9,38,8,5,11,3
D U BS dl DL DR L,2,9,38,8,5,16,4
D U BS DL dl DR L,2,9,38,8,5,18,4
D U BS dl DL L DR,2,9,38,8,5,15,4
D U BS DL dl L DR,2,9,38,8,5,19,4
D U BS DL DR dl L,2,9,38,8,5,16,4
D U BS DL L dl DR,2,9,38,8,5,15,4
D U dl BS DL DR L,2,9,38,8,5,14,4
D U DL BS dl DR L,2,9,38,8,5,16,4
D U dl BS DL L DR,2,9,38,8,5,13,4
D U DL BS dl L DR,2,9,38,8,5,17,4
D U DL BS DR dl L,2,9,38,8,5,16,4
D U DL BS L dl DR,2,9,38,8,5,17,4
D U dl DL BS DR L,2,9,38,8,5,16,4
D U DL dl BS DR L,2,9,38,8,5,16,4
D U dl DL BS L DR,2,9,38,8,5,17,4
D U DL dl BS L DR,2,9,38,8,5,17,4
D U dl DL DR BS L,2,9,38,8,5,14,4
D U DL dl DR BS L,2,9,38,8,5,16,4
D U dl DL L BS DR,2,9,38,8,5,13,4
D U DL dl L BS DR,2,9,38,8,5,17,4
D U DL DR BS dl L,2,9,38,8,5,14,4
D U DL DR dl BS L,2,9,38,8,5,14,4
D U DL L BS dl DR,2,9,38,8,5,13,4
D U DL L dl BS DR,2,9,38,8,5,13,4
dl BS D DL L DR U,2,9,38,8,5,11,3
dl BS D DL L U DR,2,9,38,8,5,10,3
dl BS D DL U DR L,2,9,38,8,5,13,3
dl BS D DL U L DR,2,9,38,8,5,12,3
dl BS D U DL DR L,2,9,38,8,5,15,4
dl BS D U DL L DR,2,9,38,8,5,14,4
dl BS U D DL DR L,2,9,38,8,5,13,4
dl BS U D DL L DR,2,9,38,8,5,12,4
dl D BS DL L DR U,2,9,38,8,5,15,3
dl D BS DL L U DR,2,9,38,8,5,14,3
dl D BS DL U DR L,2,9,38,8,5,17,3
dl D BS DL U L DR,2,9,38,8,5,16,3
dl D BS U DL DR L,2,9,38,8,5,15,3
dl D BS U DL L DR,2,9,38,8,5,14,3
dl D DL BS L DR U,2,9,38,8,5,15,3
dl D DL BS L U DR,2,9,38,8,5,14,3
dl D DL BS U DR L,2,9,38,8,5,15,3
dl D DL BS U L DR,2,9,38,8,5,14,3
dl D DL DR L BS U,2,9,38,8,5,13,3
dl D DL DR U BS L,2,9,38,8,5,13,3
dl D DL L BS DR U,2,9,38,8,5,11,3
dl D DL L BS U DR,2,9,38,8,5,12,3
dl D DL L DR BS U,2,9,38,8,5,11,3
dl D DL L U BS DR,2,9,38,8,5,10,3
dl D DL U BS DR L,2,9,38,8,5,13,3
dl D DL U BS L DR,2,9,38,8,5,14,3
dl D DL U DR BS L,2,9,38,8,5,13,3
dl D DL U L BS DR,2,9,38,8,5,12,3
dl D U BS DL DR L,2,9,38,8,5,17,4
dl D U BS DL L DR,2,9,38,8,5,16,4
dl D U DL BS DR L,2,9,38,8,5,17,4
dl D U DL BS L DR,2,9,38,8,5,18,4
dl D U DL DR BS L,2,9,38,8,5,15,4
dl D U DL L BS DR,2,9,38,8,5,14,4
dl U BS D DL DR L,2,9,38,8,5,11,3
dl U BS D DL L DR,2,9,38,8,5,10,3
dl U D BS DL DR L,2,9,38,8,5,15,4
dl U D BS DL L DR,2,9,38,8,5,14,4
dl U D DL BS DR L,2,9,38,8,5,13,4
dl U D DL BS L DR,2,9,38,8,5,14,4
dl U D DL DR BS L,2,9,38,8,5,11,4
dl U D DL L BS DR,2,9,38,8,5,10,4
U BS D dl DL DR L,2,9,38,8,5,16,4
U BS D DL dl DR L,2,9,38,8,5,14,4
U BS D dl DL L DR,2,9,38,8,5,15,4
U BS D DL dl L DR,2,9,38,8,5,15,4
U BS D DL DR dl L,2,9,38,8,5,12,3
U BS D DL L dl DR,2,9,38,8,5,11,3
U BS dl D DL DR L,2,9,38,8,5,12,3
U BS dl D DL L DR,2,9,38,8,5,11,3
U D BS dl DL DR L,2,9,38,8,5,16,4
U D BS DL dl DR L,2,9,38,8,5,18,4
U D BS dl DL L DR,2,9,38,8,5,15,4
U D BS DL dl L DR,2,9,38,8,5,19,4
U D BS DL DR dl L,2,9,38,8,5,16,4
U D BS DL L dl DR,2,9,38,8,5,15,4
U D dl BS DL DR L,2,9,38,8,5,16,4
U D DL BS dl DR L,2,9,38,8,5,14,4
U D dl BS DL L DR,2,9,38,8,5,15,4
U D DL BS dl L DR,2,9,38,8,5,15,4
U D DL BS DR dl L,2,9,38,8,5,14,4
U D DL BS L dl DR,2,9,38,8,5,15,4
U D dl DL BS DR L,2,9,38,8,5,18,4
U D DL dl BS DR L,2,9,38,8,5,14,4
U D dl DL BS L DR,2,9,38,8,5,19,4
U D DL dl BS L DR,2,9,38,8,5,15,4
U D dl DL DR BS L,2,9,38,8,5,16,4
U D DL dl DR BS L,2,9,38,8,5,14,4
U D dl DL L BS DR,2,9,38,8,5,15,4
U D DL dl L BS DR,2,9,38,8,5,15,4
U D DL DR BS dl L,2,9,38,8,5,12,4
U D DL DR dl BS L,2,9,38,8,5,12,4
U D DL L BS dl DR,2,9,38,8,5,11,4
U D DL L dl BS DR,2,9,38,8,5,11,4
U dl BS D DL DR L,2,9,38,8,5,10,3
U dl BS D DL L DR,2,9,38,8,5,9,3
U dl D BS DL DR L,2,9,38,8,5,14,3
U dl D BS DL L DR,2,9,38,8,5,13,3
U dl D DL BS DR L,2,9,38,8,5,12,3
U dl D DL BS L DR,2,9,38,8,5,13,3
U dl D DL DR BS L,2,9,38,8,5,10,3
U dl D DL L BS DR,2,9,38,8,5,9,3
D dl L DR U DL BS,2,10,38,8,5,18,3
D dl L U DR DL BS,2,10,38,8,5,16,3
D dl U L DR DL BS,2,10,38,8,5,14,3
D L dl DR U DL BS,2,10,38,8,5,16,3
D L dl U DR DL BS,2,10,38,8,5,14,3
D L DR dl U DL BS,2,10,38,8,5,14,3
D L DR U dl DL BS,2,10,38,8,5,16,4
D L DR U DL dl BS,2,10,38,8,5,16,4
D L U dl DR DL BS,2,10,38,8,5,12,3
D L U DR dl DL BS,2,10,38,8,5,16,4
D L U DR DL dl BS,2,10,38,8,5,14,4
D U dl L DR DL BS,2,10,38,8,5,16,4
D U L dl DR DL BS,2,10,38,8,5,16,4
D U L DR dl DL BS,2,10,38,8,5,18,4
D U L DR DL dl BS,2,10,38,8,5,16,4
dl D L DR U DL BS,2,10,38,8,5,17,3
dl D L U DR DL BS,2,10,38,8,5,15,3
dl D U L DR DL BS,2,10,38,8,5,17,4
dl L D DR U DL BS,2,10,38,8,5,15,3
dl L D U DR DL BS,2,10,38,8,5,17,4
dl L U D DR DL BS,2,10,38,8,5,15,4
dl U D L DR DL BS,2,10,38,8,5,15,4
dl U L D DR DL BS,2,10,38,8,5,11,3
L D dl DR U DL BS,2,10,38,8,5,16,3
L D dl U DR DL BS,2,10,38,8,5,14,3
L D DR dl U DL BS,2,10,38,8,5,12,3
L D DR U dl DL BS,2,10,38,8,5,14,4
L D DR U DL dl BS,2,10,38,8,5,14,4
L D U dl DR DL BS,2,10,38,8,5,14,4
L D U DR dl DL BS,2,10,38,8,5,18,4
L D U DR DL dl BS,2,10,38,8,5,16,4
L dl D DR U DL BS,2,10,38,8,5,16,3
L dl D U DR DL BS,2,10,38,8,5,18,4
L dl U D DR DL BS,2,10,38,8,5,14,4
L U D dl DR DL BS,2,10,38,8,5,16,4
L U D DR dl DL BS,2,10,38,8,5,16,4
L U D DR DL dl BS,2,10,38,8,5,14,4
L U dl D DR DL BS,2,10,38,8,5,12,3
U D dl L DR DL BS,2,10,38,8,5,18,4
U D L dl DR DL BS,2,10,38,8,5,16,4
U D L DR dl DL BS,2,10,38,8,5,18,4
U D L DR DL dl BS,2,10,38,8,5,16,4
U dl D L DR DL BS,2,10,38,8,5,14,3
U dl L D DR DL BS,2,10,38,8,5,12,3
U L D dl DR DL BS,2,10,38,8,5,14,3
U L D DR dl DL BS,2,10,38,8,5,14,4
U L D DR DL dl BS,2,10,38,8,5,12,4
U L dl D DR DL BS,2,10,38,8,5,14,3
BS DL DR D L U dl,5,10,40,5,5,11,3
BS DR DL D L U dl,5,10,40,5,5,9,2
DL BS DR D L U dl,5,10,40,5,5,10,3
DL DR BS D L U dl,5,10,40,5,5,10,2
DL DR D BS L U dl,5,10,40,5,5,10,2
DR BS DL D L U dl,5,10,40,5,5,10,3
DR DL BS D L U dl,5,10,40,5,5,12,3
DR DL D BS L U dl,5,10,40,5,5,10,2
BS dl L DL U DR D,2,10,40,7,5,12,3
BS DR L D U DL dl,2,10,40,7,5,17,4
BS DR L U D DL dl,2,10,40,7,5,15,4
BS DR U L D DL dl,2,10,40,7,5,13,4
BS L dl DL U DR D,2,10,40,7,5,16,4
BS L DL dl U DR D,2,10,40,7,5,12,4
BS L DL U dl DR D,2,10,40,7,5,10,3
BS L DR D U DL dl,2,10,40,7,5,17,4
BS L DR U D DL dl,2,10,40,7,5,17,4
BS L U DR D DL dl,2,10,40,7,5,13,4
BS U DR L D DL dl,2,10,40,7,5,15,4
BS U L DR D DL dl,2,10,40,7,5,13,4
dl BS L DL U DR D,2,10,40,7,5,11,3
dl L BS DL U DR D,2,10,40,7,5,15,3
dl L DL BS U DR D,2,10,40,7,5,13,3
dl L DL U BS DR D,2,10,40,7,5,11,3
DR BS L D U DL dl,2,10,40,7,5,16,4
DR BS L U D DL dl,2,10,40,7,5,14,4
DR BS U L D DL dl,2,10,40,7,5,12,4
DR L BS D U DL dl,2,10,40,7,5,18,4
DR L BS U D DL dl,2,10,40,7,5,16,4
DR L D BS U DL dl,2,10,40,7,5,16,4
DR L D U BS DL dl,2,10,40,7,5,18,4
DR L D U DL BS dl,2,10,40,7,5,16,4
DR L U BS D DL dl,2,10,40,7,5,14,4
DR L U D BS DL dl,2,10,40,7,5,18,4
DR L U D DL BS dl,2,10,40,7,5,14,4
DR U BS L D DL dl,2,10,40,7,5,14,4
DR U L BS D DL dl,2,10,40,7,5,14,4
DR U L D BS DL dl,2,10,40,7,5,16,4
DR U L D DL BS dl,2,10,40,7,5,12,3
L BS dl DL U DR D,2,10,40,7,5,14,4
L BS DL dl U DR D,2,10,40,7,5,14,4
L BS DL U dl DR D,2,10,40,7,5,12,3
L BS DR D U DL dl,2,10,40,7,5,15,4
L BS DR U D DL dl,2,10,40,7,5,15,4
L BS U DR D DL dl,2,10,40,7,5,13,4
L dl BS DL U DR D,2,10,40,7,5,14,3
L DL BS dl U DR D,2,10,40,7,5,10,3
L DL BS U dl DR D,2,10,40,7,5,10,3
L dl DL BS U DR D,2,10,40,7,5,16,4
L DL dl BS U DR D,2,10,40,7,5,12,4
L dl DL U BS DR D,2,10,40,7,5,14,4
L DL dl U BS DR D,2,10,40,7,5,10,4
L DL U BS dl DR D,2,10,40,7,5,10,3
L DL U dl BS DR D,2,10,40,7,5,8,3
L DR BS D U DL dl,2,10,40,7,5,17,4
L DR BS U D DL dl,2,10,40,7,5,15,4
L DR D BS U DL dl,2,10,40,7,5,15,4
L DR D U BS DL dl,2,10,40,7,5,17,4
L DR D U DL BS dl,2,10,40,7,5,15,4
L DR U BS D DL dl,2,10,40,7,5,15,4
L DR U D BS DL dl,2,10,40,7,5,19,4
L DR U D DL BS dl,2,10,40,7,5,15,4
L U BS DR D DL dl,2,10,40,7,5,11,4
L U DR BS D DL dl,2,10,40,7,5,13,4
L U DR D BS DL dl,2,10,40,7,5,15,4
L U DR D DL BS dl,2,10,40,7,5,11,3
U BS DR L D DL dl,2,10,40,7,5,13,4
U BS L DR D DL dl,2,10,40,7,5,13,4
U DR BS L D DL dl,2,10,40,7,5,13,4
U DR L BS D DL dl,2,10,40,7,5,15,4
U DR L D BS DL dl,2,10,40,7,5,17,4
U DR L D DL BS dl,2,10,40,7,5,13,3
U L BS DR D DL dl,2,10,40,7,5,11,4
U L DR BS D DL dl,2,10,40,7,5,13,4
U L DR D BS DL dl,2,10,40,7,5,15,4
U L DR D DL BS dl,2,10,40,7,5,11,3
BS DL D dl L DR U,2,9,40,8,5,16,3
BS DL D dl L U DR,2,9,40,8,5,15,3
BS DL D dl U DR L,2,9,40,8,5,14,3
BS DL D dl U L DR,2,9,40,8,5,13,3
BS DL D DR U dl L,2,9,40,8,5,12,3
BS DL D L dl DR U,2,9,40,8,5,14,3
BS DL D L dl U DR,2,9,40,8,5,13,3
BS DL D L DR dl U,2,9,40,8,5,12,3
BS DL D L U dl DR,2,9,40,8,5,11,3
BS DL D U dl DR L,2,9,40,8,5,14,4
BS DL D U dl L DR,2,9,40,8,5,15,4
BS DL D U DR dl L,2,9,40,8,5,16,4
BS DL D U L dl DR,2,9,40,8,5,15,4
BS dl DL D L DR U,2,9,40,8,5,14,4
BS DL dl D L DR U,2,9,40,8,5,18,4
BS dl DL D L U DR,2,9,40,8,5,13,4
BS DL dl D L U DR,2,9,40,8,5,17,4
BS dl DL D U DR L,2,9,40,8,5,16,4
BS DL dl D U DR L,2,9,40,8,5,20,4
BS dl DL D U L DR,2,9,40,8,5,15,4
BS DL dl D U L DR,2,9,40,8,5,19,4
BS dl DL L D DR U,2,9,40,8,5,12,4
BS DL dl L D DR U,2,9,40,8,5,16,4
BS dl DL L D U DR,2,9,40,8,5,15,4
BS DL dl L D U DR,2,9,40,8,5,19,4
BS dl DL L U D DR,2,9,40,8,5,13,4
BS DL dl L U D DR,2,9,40,8,5,17,4
BS dl DL U D DR L,2,9,40,8,5,16,4
BS DL dl U D DR L,2,9,40,8,5,16,4
BS dl DL U D L DR,2,9,40,8,5,17,4
BS DL dl U D L DR,2,9,40,8,5,17,4
BS dl DL U L D DR,2,9,40,8,5,13,4
BS DL dl U L D DR,2,9,40,8,5,13,4
BS DL L D dl DR U,2,9,40,8,5,14,3
BS DL L D dl U DR,2,9,40,8,5,13,3
BS DL L D DR dl U,2,9,40,8,5,10,3
BS DL L D U dl DR,2,9,40,8,5,13,4
BS DL L dl D DR U,2,9,40,8,5,14,3
BS DL L dl D U DR,2,9,40,8,5,17,4
BS DL L dl U D DR,2,9,40,8,5,13,4
BS DL L U D dl DR,2,9,40,8,5,15,4
BS DL L U dl D DR,2,9,40,8,5,11,3
BS DL U D dl DR L,2,9,40,8,5,18,4
BS DL U D dl L DR,2,9,40,8,5,19,4
BS DL U D DR dl L,2,9,40,8,5,16,4
BS DL U D L dl DR,2,9,40,8,5,17,4
BS dl U DL D DR L,2,9,40,8,5,10,3
BS DL U dl D DR L,2,9,40,8,5,14,3
BS dl U DL D L DR,2,9,40,8,5,11,3
BS DL U dl D L DR,2,9,40,8,5,15,3
BS dl U DL L D DR,2,9,40,8,5,9,3
BS DL U dl L D DR,2,9,40,8,5,13,3
BS DL U L D dl DR,2,9,40,8,5,15,3
BS DL U L dl D DR,2,9,40,8,5,15,3
BS U DL D dl DR L,2,9,40,8,5,14,3
BS U DL D dl L DR,2,9,40,8,5,15,3
BS U DL D DR dl L,2,9,40,8,5,12,3
BS U DL D L dl DR,2,9,40,8,5,13,3
BS U dl DL D DR L,2,9,40,8,5,12,4
BS U DL dl D DR L,2,9,40,8,5,16,4
BS U dl DL D L DR,2,9,40,8,5,13,4
BS U DL dl D L DR,2,9,40,8,5,17,4
BS U dl DL L D DR,2,9,40,8,5,11,4
BS U DL dl L D DR,2,9,40,8,5,15,4
BS U DL L D dl DR,2,9,40,8,5,13,3
BS U DL L dl D DR,2,9,40,8,5,13,3
DL BS D dl L DR U,2,9,40,8,5,17,3
DL BS D dl L U DR,2,9,40,8,5,16,3
DL BS D dl U DR L,2,9,40,8,5,15,3
DL BS D dl U L DR,2,9,40,8,5,14,3
DL BS D DR U dl L,2,9,40,8,5,13,3
DL BS D L dl DR U,2,9,40,8,5,15,3
DL BS D L dl U DR,2,9,40,8,5,14,3
DL BS D L DR dl U,2,9,40,8,5,13,3
DL BS D L U dl DR,2,9,40,8,5,12,3
DL BS D U dl DR L,2,9,40,8,5,15,4
DL BS D U dl L DR,2,9,40,8,5,16,4
DL BS D U DR dl L,2,9,40,8,5,17,4
DL BS D U L dl DR,2,9,40,8,5,16,4
dl BS DL D L DR U,2,9,40,8,5,13,3
DL BS dl D L DR U,2,9,40,8,5,15,3
dl BS DL D L U DR,2,9,40,8,5,12,3
DL BS dl D L U DR,2,9,40,8,5,14,3
dl BS DL D U DR L,2,9,40,8,5,15,4
DL BS dl D U DR L,2,9,40,8,5,17,4
dl BS DL D U L DR,2,9,40,8,5,14,4
DL BS dl D U L DR,2,9,40,8,5,16,4
dl BS DL L D DR U,2,9,40,8,5,11,3
DL BS dl L D DR U,2,9,40,8,5,13,3
dl BS DL L D U DR,2,9,40,8,5,14,4
DL BS dl L D U DR,2,9,40,8,5,16,4
dl BS DL L U D DR,2,9,40,8,5,12,4
DL BS dl L U D DR,2,9,40,8,5,14,4
dl BS DL U D DR L,2,9,40,8,5,15,4
DL BS dl U D DR L,2,9,40,8,5,13,4
dl BS DL U D L DR,2,9,40,8,5,16,4
DL BS dl U D L DR,2,9,40,8,5,14,4
dl BS DL U L D DR,2,9,40,8,5,12,3
DL BS dl U L D DR,2,9,40,8,5,10,3
DL BS L D dl DR U,2,9,40,8,5,15,3
DL BS L D dl U DR,2,9,40,8,5,14,3
DL BS L D DR dl U,2,9,40,8,5,11,3
DL BS L D U dl DR,2,9,40,8,5,14,4
DL BS L dl D DR U,2,9,40,8,5,15,3
DL BS L dl D U DR,2,9,40,8,5,18,4
DL BS L dl U D DR,2,9,40,8,5,14,4
DL BS L U D dl DR,2,9,40,8,5,16,4
DL BS L U dl D DR,2,9,40,8,5,12,3
DL BS U D dl DR L,2,9,40,8,5,17,4
DL BS U D dl L DR,2,9,40,8,5,18,4
DL BS U D DR dl L,2,9,40,8,5,15,4
DL BS U D L dl DR,2,9,40,8,5,16,4
dl BS U DL D DR L,2,9,40,8,5,11,3
DL BS U dl D DR L,2,9,40,8,5,13,3
dl BS U DL D L DR,2,9,40,8,5,12,3
DL BS U dl D L DR,2,9,40,8,5,14,3
dl BS U DL L D DR,2,9,40,8,5,10,3
DL BS U dl L D DR,2,9,40,8,5,12,3
DL BS U L D dl DR,2,9,40,8,5,14,3
DL BS U L dl D DR,2,9,40,8,5,14,3
DL D BS dl L DR U,2,9,40,8,5,13,3
DL D BS dl L U DR,2,9,40,8,5,12,3
DL D BS dl U DR L,2,9,40,8,5,11,3
DL D BS dl U L DR,2,9,40,8,5,10,3
DL D BS DR U dl L,2,9,40,8,5,11,3
DL D BS L dl DR U,2,9,40,8,5,13,3
DL D BS L dl U DR,2,9,40,8,5,12,3
DL D BS L DR dl U,2,9,40,8,5,11,3
DL D BS L U dl DR,2,9,40,8,5,10,2
DL D BS U dl DR L,2,9,40,8,5,11,3
DL D BS U dl L DR,2,9,40,8,5,12,3
DL D BS U DR dl L,2,9,40,8,5,13,3
DL D BS U L dl DR,2,9,40,8,5,12,3
DL D dl BS L DR U,2,9,40,8,5,13,3
DL D dl BS L U DR,2,9,40,8,5,12,3
DL D dl BS U DR L,2,9,40,8,5,13,3
DL D dl BS U L DR,2,9,40,8,5,12,3
DL D dl DR L BS U,2,9,40,8,5,13,3
DL D dl DR U BS L,2,9,40,8,5,13,3
DL D dl L BS DR U,2,9,40,8,5,13,3
DL D dl L BS U DR,2,9,40,8,5,14,3
DL D dl L DR BS U,2,9,40,8,5,13,3
DL D dl L U BS DR,2,9,40,8,5,12,3
DL D dl U BS DR L,2,9,40,8,5,11,3
DL D dl U BS L DR,2,9,40,8,5,12,3
DL D dl U DR BS L,2,9,40,8,5,11,3
DL D dl U L BS DR,2,9,40,8,5,10,3
DL D DR BS U dl L,2,9,40,8,5,9,3
DL D DR dl L BS U,2,9,40,8,5,11,3
DL D DR dl U BS L,2,9,40,8,5,9,2
DL D DR L BS dl U,2,9,40,8,5,9,3
DL D DR L dl BS U,2,9,40,8,5,11,3
DL D DR U BS dl L,2,9,40,8,5,11,3
DL D DR U dl BS L,2,9,40,8,5,9,3
DL D L BS dl DR U,2,9,40,8,5,11,3
DL D L BS dl U DR,2,9,40,8,5,10,3
DL D L BS DR dl U,2,9,40,8,5,9,2
DL D L BS U dl DR,2,9,40,8,5,10,2
DL D L dl BS DR U,2,9,40,8,5,11,3
DL D L dl BS U DR,2,9,40,8,5,12,3
DL D L dl DR BS U,2,9,40,8,5,11,3
DL D L dl U BS DR,2,9,40,8,5,10,3
DL D L DR BS dl U,2,9,40,8,5,9,3
DL D L DR dl BS U,2,9,40,8,5,11,3
DL D L U BS dl DR,2,9,40,8,5,10,2
DL D L U dl BS DR,2,9,40,8,5,8,2
DL D U BS dl DR L,2,9,40,8,5,13,4
DL D U BS dl L DR,2,9,40,8,5,14,4
DL D U BS DR dl L,2,9,40,8,5,13,4
DL D U BS L dl DR,2,9,40,8,5,14,4
DL D U dl BS DR L,2,9,40,8,5,11,4
DL D U dl BS L DR,2,9,40,8,5,12,4
DL D U dl DR BS L,2,9,40,8,5,11,4
DL D U dl L BS DR,2,9,40,8,5,12,4
DL D U DR BS dl L,2,9,40,8,5,13,4
DL D U DR dl BS L,2,9,40,8,5,13,4
DL D U L BS dl DR,2,9,40,8,5,12,4
DL D U L dl BS DR,2,9,40,8,5,12,4
dl DL BS D L DR U,2,9,40,8,5,17,4
DL dl BS D L DR U,2,9,40,8,5,15,4
dl DL BS D L U DR,2,9,40,8,5,16,4
DL dl BS D L U DR,2,9,40,8,5,14,4
dl DL BS D U DR L,2,9,40,8,5,19,4
DL dl BS D U DR L,2,9,40,8,5,17,4
dl DL BS D U L DR,2,9,40,8,5,18,4
DL dl BS D U L DR,2,9,40,8,5,16,4
dl DL BS L D DR U,2,9,40,8,5,15,4
DL dl BS L D DR U,2,9,40,8,5,13,4
dl DL BS L D U DR,2,9,40,8,5,18,4
DL dl BS L D U DR,2,9,40,8,5,16,4
dl DL BS L U D DR,2,9,40,8,5,16,4
DL dl BS L U D DR,2,9,40,8,5,14,4
dl DL BS U D DR L,2,9,40,8,5,17,4
DL dl BS U D DR L,2,9,40,8,5,15,4
dl DL BS U D L DR,2,9,40,8,5,18,4
DL dl BS U D L DR,2,9,40,8,5,16,4
dl DL BS U L D DR,2,9,40,8,5,14,4
DL dl BS U L D DR,2,9,40,8,5,12,4
dl DL D BS L DR U,2,9,40,8,5,15,4
DL dl D BS L DR U,2,9,40,8,5,17,4
dl DL D BS L U DR,2,9,40,8,5,14,4
DL dl D BS L U DR,2,9,40,8,5,16,4
dl DL D BS U DR L,2,9,40,8,5,15,4
DL dl D BS U DR L,2,9,40,8,5,17,4
dl DL D BS U L DR,2,9,40,8,5,14,4
DL dl D BS U L DR,2,9,40,8,5,16,4
dl DL D DR L BS U,2,9,40,8,5,13,4
DL dl D DR L BS U,2,9,40,8,5,15,4
dl DL D DR U BS L,2,9,40,8,5,13,4
DL dl D DR U BS L,2,9,40,8,5,15,4
dl DL D L BS DR U,2,9,40,8,5,13,4
DL dl D L BS DR U,2,9,40,8,5,15,4
dl DL D L BS U DR,2,9,40,8,5,14,4
DL dl D L BS U DR,2,9,40,8,5,16,4
dl DL D L DR BS U,2,9,40,8,5,13,4
DL dl D L DR BS U,2,9,40,8,5,15,4
dl DL D L U BS DR,2,9,40,8,5,12,4
DL dl D L U BS DR,2,9,40,8,5,14,4
dl DL D U BS DR L,2,9,40,8,5,15,4
DL dl D U BS DR L,2,9,40,8,5,17,4
dl DL D U BS L DR,2,9,40,8,5,16,4
DL dl D U BS L DR,2,9,40,8,5,18,4
dl DL D U DR BS L,2,9,40,8,5,15,4
DL dl D U DR BS L,2,9,40,8,5,17,4
dl DL D U L BS DR,2,9,40,8,5,14,4
DL dl D U L BS DR,2,9,40,8,5,16,4
dl DL L BS D DR U,2,9,40,8,5,13,4
DL dl L BS D DR U,2,9,40,8,5,15,4
dl DL L BS D U DR,2,9,40,8,5,16,4
DL dl L BS D U DR,2,9,40,8,5,18,4
dl DL L BS U D DR,2,9,40,8,5,14,4
DL dl L BS U D DR,2,9,40,8,5,16,4
dl DL L D BS DR U,2,9,40,8,5,13,4
DL dl L D BS DR U,2,9,40,8,5,15,4
dl DL L D BS U DR,2,9,40,8,5,14,4
DL dl L D BS U DR,2,9,40,8,5,16,4
dl DL L D DR BS U,2,9,40,8,5,11,4
DL dl L D DR BS U,2,9,40,8,5,13,4
dl DL L D U BS DR,2,9,40,8,5,14,4
DL dl L D U BS DR,2,9,40,8,5,16,4
dl DL L U BS D DR,2,9,40,8,5,12,4
DL dl L U BS D DR,2,9,40,8,5,14,4
dl DL L U D BS DR,2,9,40,8,5,14,4
DL dl L U D BS DR,2,9,40,8,5,16,4
dl DL U BS D DR L,2,9,40,8,5,15,4
DL dl U BS D DR L,2,9,40,8,5,13,4
dl DL U BS D L DR,2,9,40,8,5,16,4
DL dl U BS D L DR,2,9,40,8,5,14,4
dl DL U BS L D DR,2,9,40,8,5,14,4
DL dl U BS L D DR,2,9,40,8,5,12,4
dl DL U D BS DR L,2,9,40,8,5,17,4
DL dl U D BS DR L,2,9,40,8,5,15,4
dl DL U D BS L DR,2,9,40,8,5,18,4
DL dl U D BS L DR,2,9,40,8,5,16,4
dl DL U D DR BS L,2,9,40,8,5,15,4
DL dl U D DR BS L,2,9,40,8,5,13,4
dl DL U D L BS DR,2,9,40,8,5,16,4
DL dl U D L BS DR,2,9,40,8,5,14,4
dl DL U L BS D DR,2,9,40,8,5,14,4
DL dl U L BS D DR,2,9,40,8,5,12,4
dl DL U L D BS DR,2,9,40,8,5,14,4
DL dl U L D BS DR,2,9,40,8,5,12,4
DL L BS D dl DR U,2,9,40,8,5,13,3
DL L BS D dl U DR,2,9,40,8,5,12,3
DL L BS D DR dl U,2,9,40,8,5,9,2
DL L BS D U dl DR,2,9,40,8,5,12,4
DL L BS dl D DR U,2,9,40,8,5,11,3
DL L BS dl D U DR,2,9,40,8,5,14,4
DL L BS dl U D DR,2,9,40,8,5,10,4
DL L BS U D dl DR,2,9,40,8,5,14,4
DL L BS U dl D DR,2,9,40,8,5,10,3
DL L D BS dl DR U,2,9,40,8,5,11,3
DL L D BS dl U DR,2,9,40,8,5,10,3
DL L D BS DR dl U,2,9,40,8,5,9,2
DL L D BS U dl DR,2,9,40,8,5,10,2
DL L D dl BS DR U,2,9,40,8,5,11,3
DL L D dl BS U DR,2,9,40,8,5,12,3
DL L D dl DR BS U,2,9,40,8,5,11,3
DL L D dl U BS DR,2,9,40,8,5,10,3
DL L D DR BS dl U,2,9,40,8,5,7,2
DL L D DR dl BS U,2,9,40,8,5,9,2
DL L D U BS dl DR,2,9,40,8,5,12,4
DL L D U dl BS DR,2,9,40,8,5,10,4
DL L dl BS D DR U,2,9,40,8,5,11,3
DL L dl BS D U DR,2,9,40,8,5,14,4
DL L dl BS U D DR,2,9,40,8,5,12,4
DL L dl D BS DR U,2,9,40,8,5,13,3
DL L dl D BS U DR,2,9,40,8,5,14,3
DL L dl D DR BS U,2,9,40,8,5,11,3
DL L dl D U BS DR,2,9,40,8,5,14,4
DL L dl U BS D DR,2,9,40,8,5,10,3
DL L dl U D BS DR,2,9,40,8,5,12,4
DL L U BS D dl DR,2,9,40,8,5,12,3
DL L U BS dl D DR,2,9,40,8,5,10,3
DL L U D BS dl DR,2,9,40,8,5,12,4
DL L U D dl BS DR,2,9,40,8,5,12,4
DL L U dl BS D DR,2,9,40,8,5,8,2
DL L U dl D BS DR,2,9,40,8,5,10,3
DL U BS D dl DR L,2,9,40,8,5,15,3
DL U BS D dl L DR,2,9,40,8,5,16,3
DL U BS D DR dl L,2,9,40,8,5,13,3
DL U BS D L dl DR,2,9,40,8,5,14,3
dl U BS DL D DR L,2,9,40,8,5,11,3
DL U BS dl D DR L,2,9,40,8,5,13,3
dl U BS DL D L DR,2,9,40,8,5,12,3
DL U BS dl D L DR,2,9,40,8,5,14,3
dl U BS DL L D DR,2,9,40,8,5,10,3
DL U BS dl L D DR,2,9,40,8,5,12,3
DL U BS L D dl DR,2,9,40,8,5,14,3
DL U BS L dl D DR,2,9,40,8,5,14,3
DL U D BS dl DR L,2,9,40,8,5,15,4
DL U D BS dl L DR,2,9,40,8,5,16,4
DL U D BS DR dl L,2,9,40,8,5,15,4
DL U D BS L dl DR,2,9,40,8,5,16,4
DL U D dl BS DR L,2,9,40,8,5,15,4
DL U D dl BS L DR,2,9,40,8,5,16,4
DL U D dl DR BS L,2,9,40,8,5,15,4
DL U D dl L BS DR,2,9,40,8,5,16,4
DL U D DR BS dl L,2,9,40,8,5,13,4
DL U D DR dl BS L,2,9,40,8,5,13,4
DL U D L BS dl DR,2,9,40,8,5,14,4
DL U D L dl BS DR,2,9,40,8,5,14,4
dl U DL BS D DR L,2,9,40,8,5,13,3
DL U dl BS D DR L,2,9,40,8,5,11,3
dl U DL BS D L DR,2,9,40,8,5,14,3
DL U dl BS D L DR,2,9,40,8,5,12,3
dl U DL BS L D DR,2,9,40,8,5,12,3
DL U dl BS L D DR,2,9,40,8,5,10,3
dl U DL D BS DR L,2,9,40,8,5,11,3
DL U dl D BS DR L,2,9,40,8,5,13,3
dl U DL D BS L DR,2,9,40,8,5,12,3
DL U dl D BS L DR,2,9,40,8,5,14,3
dl U DL D DR BS L,2,9,40,8,5,9,3
DL U dl D DR BS L,2,9,40,8,5,11,3
dl U DL D L BS DR,2,9,40,8,5,10,3
DL U dl D L BS DR,2,9,40,8,5,12,3
dl U DL L BS D DR,2,9,40,8,5,10,3
DL U dl L BS D DR,2,9,40,8,5,12,3
dl U DL L D BS DR,2,9,40,8,5,10,3
DL U dl L D BS DR,2,9,40,8,5,12,3
DL U L BS D dl DR,2,9,40,8,5,14,3
DL U L BS dl D DR,2,9,40,8,5,12,3
DL U L D BS dl DR,2,9,40,8,5,12,3
DL U L D dl BS DR,2,9,40,8,5,12,3
DL U L dl BS D DR,2,9,40,8,5,12,3
DL U L dl D BS DR,2,9,40,8,5,14,3
U BS DL D dl DR L,2,9,40,8,5,14,3
U BS DL D dl L DR,2,9,40,8,5,15,3
U BS DL D DR dl L,2,9,40,8,5,12,3
U BS DL D L dl DR,2,9,40,8,5,13,3
U BS dl DL D DR L,2,9,40,8,5,12,4
U BS DL dl D DR L,2,9,40,8,5,16,4
U BS dl DL D L DR,2,9,40,8,5,13,4
U BS DL dl D L DR,2,9,40,8,5,17,4
U BS dl DL L D DR,2,9,40,8,5,11,4
U BS DL dl L D DR,2,9,40,8,5,15,4
U BS DL L D dl DR,2,9,40,8,5,13,3
U BS DL L dl D DR,2,9,40,8,5,13,3
U DL BS D dl DR L,2,9,40,8,5,16,3
U DL BS D dl L DR,2,9,40,8,5,17,3
U DL BS D DR dl L,2,9,40,8,5,14,3
U DL BS D L dl DR,2,9,40,8,5,15,3
U dl BS DL D DR L,2,9,40,8,5,10,3
U DL BS dl D DR L,2,9,40,8,5,14,3
U dl BS DL D L DR,2,9,40,8,5,11,3
U DL BS dl D L DR,2,9,40,8,5,15,3
U dl BS DL L D DR,2,9,40,8,5,9,3
U DL BS dl L D DR,2,9,40,8,5,13,3
U DL BS L D dl DR,2,9,40,8,5,15,3
U DL BS L dl D DR,2,9,40,8,5,15,3
U DL D BS dl DR L,2,9,40,8,5,12,3
U DL D BS dl L DR,2,9,40,8,5,13,3
U DL D BS DR dl L,2,9,40,8,5,12,3
U DL D BS L dl DR,2,9,40,8,5,13,3
U DL D dl BS DR L,2,9,40,8,5,12,3
U DL D dl BS L DR,2,9,40,8,5,13,3
U DL D dl DR BS L,2,9,40,8,5,12,3
U DL D dl L BS DR,2,9,40,8,5,13,3
U DL D DR BS dl L,2,9,40,8,5,10,3
U DL D DR dl BS L,2,9,40,8,5,10,3
U DL D L BS dl DR,2,9,40,8,5,11,3
U DL D L dl BS DR,2,9,40,8,5,11,3
U dl DL BS D DR L,2,9,40,8,5,14,4
U DL dl BS D DR L,2,9,40,8,5,14,4
U dl DL BS D L DR,2,9,40,8,5,15,4
U DL dl BS D L DR,2,9,40,8,5,15,4
U dl DL BS L D DR,2,9,40,8,5,13,4
U DL dl BS L D DR,2,9,40,8,5,13,4
U dl DL D BS DR L,2,9,40,8,5,12,4
U DL dl D BS DR L,2,9,40,8,5,16,4
U dl DL D BS L DR,2,9,40,8,5,13,4
U DL dl D BS L DR,2,9,40,8,5,17,4
U dl DL D DR BS L,2,9,40,8,5,10,4
U DL dl D DR BS L,2,9,40,8,5,14,4
U dl DL D L BS DR,2,9,40,8,5,11,4
U DL dl D L BS DR,2,9,40,8,5,15,4
U dl DL L BS D DR,2,9,40,8,5,11,4
U DL dl L BS D DR,2,9,40,8,5,15,4
U dl DL L D BS DR,2,9,40,8,5,11,4
U DL dl L D BS DR,2,9,40,8,5,15,4
U DL L BS D dl DR,2,9,40,8,5,13,3
U DL L BS dl D DR,2,9,40,8,5,11,3
U DL L D BS dl DR,2,9,40,8,5,11,3
U DL L D dl BS DR,2,9,40,8,5,11,3
U DL L dl BS D DR,2,9,40,8,5,11,3
U DL L dl D BS DR,2,9,40,8,5,13,3
BS D dl DR L DL U,2,10,40,8,5,14,3
BS D dl DR L U DL,2,10,40,8,5,15,3
BS D dl DR U L DL,2,10,40,8,5,13,3
BS D DR dl L DL U,2,10,40,8,5,12,3
BS D DR dl L U DL,2,10,40,8,5,13,3
BS D DR DL U dl L,2,10,40,8,5,12,3
BS D DR dl U L DL,2,10,40,8,5,9,2
BS D DR L dl DL U,2,10,40,8,5,16,4
BS D DR L DL dl U,2,10,40,8,5,12,4
BS D DR L dl U DL,2,10,40,8,5,13,3
BS D DR U dl DL L,2,10,40,8,5,12,4
BS D DR U DL dl L,2,10,40,8,5,16,4
BS D U DR dl DL L,2,10,40,8,5,16,4
BS D U DR DL dl L,2,10,40,8,5,18,4
BS dl D DR L DL U,2,10,40,8,5,12,3
BS dl D DR L U DL,2,10,40,8,5,13,3
BS dl D DR U L DL,2,10,40,8,5,11,3
BS dl DR D L DL U,2,10,40,8,5,10,3
BS dl DR D L U DL,2,10,40,8,5,11,3
BS dl DR D U L DL,2,10,40,8,5,11,4
BS dl DR U D L DL,2,10,40,8,5,13,4
BS DR D dl L DL U,2,10,40,8,5,12,3
BS DR D dl L U DL,2,10,40,8,5,13,3
BS DR D DL U dl L,2,10,40,8,5,10,3
BS DR D dl U L DL,2,10,40,8,5,9,3
BS DR D L dl DL U,2,10,40,8,5,14,4
BS DR D L DL dl U,2,10,40,8,5,10,4
BS DR D L dl U DL,2,10,40,8,5,11,3
BS DR D U dl DL L,2,10,40,8,5,12,4
BS DR D U DL dl L,2,10,40,8,5,16,4
BS DR dl D L DL U,2,10,40,8,5,12,3
BS DR dl D L U DL,2,10,40,8,5,13,3
BS DR dl D U L DL,2,10,40,8,5,13,4
BS DR dl U D L DL,2,10,40,8,5,11,4
BS DR U D dl DL L,2,10,40,8,5,16,4
BS DR U D DL dl L,2,10,40,8,5,16,4
BS DR U dl D DL L,2,10,40,8,5,10,3
BS U D DR dl DL L,2,10,40,8,5,14,4
BS U D DR DL dl L,2,10,40,8,5,16,4
BS U DR D dl DL L,2,10,40,8,5,14,4
BS U DR D DL dl L,2,10,40,8,5,14,4
BS U DR dl D DL L,2,10,40,8,5,12,3
D BS dl DR L DL U,2,10,40,8,5,12,3
D BS dl DR L U DL,2,10,40,8,5,13,3
D BS dl DR U L DL,2,10,40,8,5,11,3
D BS DR dl L DL U,2,10,40,8,5,12,3
D BS DR dl L U DL,2,10,40,8,5,13,3
D BS DR DL U dl L,2,10,40,8,5,12,3
D BS DR dl U L DL,2,10,40,8,5,9,2
D BS DR L dl DL U,2,10,40,8,5,16,4
D BS DR L DL dl U,2,10,40,8,5,12,4
D BS DR L dl U DL,2,10,40,8,5,13,3
D BS DR U dl DL L,2,10,40,8,5,12,4
D BS DR U DL dl L,2,10,40,8,5,16,4
D BS U DR dl DL L,2,10,40,8,5,14,4
D BS U DR DL dl L,2,10,40,8,5,16,4
D dl BS DR L DL U,2,10,40,8,5,12,3
D dl BS DR L U DL,2,10,40,8,5,13,3
D dl BS DR U L DL,2,10,40,8,5,11,3
D dl DR BS L DL U,2,10,40,8,5,12,3
D dl DR BS L U DL,2,10,40,8,5,13,3
D dl DR BS U L DL,2,10,40,8,5,11,3
D dl DR DL L BS U,2,10,40,8,5,12,3
D dl DR DL U BS L,2,10,40,8,5,14,3
D dl DR L BS DL U,2,10,40,8,5,16,3
D dl DR L BS U DL,2,10,40,8,5,15,3
D dl DR L DL BS U,2,10,40,8,5,14,3
D dl DR U BS DL L,2,10,40,8,5,14,3
D dl DR U DL BS L,2,10,40,8,5,16,3
D dl U DR BS DL L,2,10,40,8,5,12,3
D dl U DR DL BS L,2,10,40,8,5,14,3
D DR BS dl L DL U,2,10,40,8,5,10,3
D DR BS dl L U DL,2,10,40,8,5,11,3
D DR BS DL U dl L,2,10,40,8,5,12,3
D DR BS dl U L DL,2,10,40,8,5,7,2
D DR BS L dl DL U,2,10,40,8,5,14,4
D DR BS L DL dl U,2,10,40,8,5,10,4
D DR BS L dl U DL,2,10,40,8,5,11,3
D DR BS U dl DL L,2,10,40,8,5,10,4
D DR BS U DL dl L,2,10,40,8,5,14,4
D DR dl BS L DL U,2,10,40,8,5,10,3
D DR dl BS L U DL,2,10,40,8,5,11,3
D DR DL BS U dl L,2,10,40,8,5,12,3
D DR dl BS U L DL,2,10,40,8,5,9,2
D DR dl DL L BS U,2,10,40,8,5,12,4
D DR DL dl L BS U,2,10,40,8,5,14,4
D DR dl DL U BS L,2,10,40,8,5,14,4
D DR DL dl U BS L,2,10,40,8,5,12,4
D DR dl L BS DL U,2,10,40,8,5,14,3
D DR DL L BS dl U,2,10,40,8,5,8,2
D DR dl L BS U DL,2,10,40,8,5,13,3
D DR dl L DL BS U,2,10,40,8,5,12,3
D DR DL L dl BS U,2,10,40,8,5,10,3
D DR dl U BS DL L,2,10,40,8,5,10,3
D DR DL U BS dl L,2,10,40,8,5,12,3
D DR dl U DL BS L,2,10,40,8,5,12,3
D DR DL U dl BS L,2,10,40,8,5,10,3
D DR L BS dl DL U,2,10,40,8,5,14,4
D DR L BS DL dl U,2,10,40,8,5,14,4
D DR L BS dl U DL,2,10,40,8,5,11,3
D DR L dl BS DL U,2,10,40,8,5,14,3
D DR L DL BS dl U,2,10,40,8,5,10,3
D DR L dl BS U DL,2,10,40,8,5,13,3
D DR L dl DL BS U,2,10,40,8,5,16,4
D DR L DL dl BS U,2,10,40,8,5,12,4
D DR U BS dl DL L,2,10,40,8,5,12,4
D DR U BS DL dl L,2,10,40,8,5,16,4
D DR U dl BS DL L,2,10,40,8,5,10,3
D DR U DL BS dl L,2,10,40,8,5,14,3
D DR U dl DL BS L,2,10,40,8,5,14,4
D DR U DL dl BS L,2,10,40,8,5,14,4
D U BS DR dl DL L,2,10,40,8,5,14,4
D U BS DR DL dl L,2,10,40,8,5,16,4
D U dl DR BS DL L,2,10,40,8,5,12,4
D U dl DR DL BS L,2,10,40,8,5,14,4
D U DR BS dl DL L,2,10,40,8,5,14,4
D U DR BS DL dl L,2,10,40,8,5,18,4
D U DR dl BS DL L,2,10,40,8,5,14,4
D U DR DL BS dl L,2,10,40,8,5,16,4
D U DR dl DL BS L,2,10,40,8,5,18,4
D U DR DL dl BS L,2,10,40,8,5,16,4
dl BS D DR L DL U,2,10,40,8,5,11,3
dl BS D DR L U DL,2,10,40,8,5,12,3
dl BS D DR U L DL,2,10,40,8,5,10,3
dl BS DR D L DL U,2,10,40,8,5,9,3
dl BS DR D L U DL,2,10,40,8,5,10,3
dl BS DR D U L DL,2,10,40,8,5,10,4
dl BS DR U D L DL,2,10,40,8,5,12,4
dl D BS DR L DL U,2,10,40,8,5,13,3
dl D BS DR L U DL,2,10,40,8,5,14,3
dl D BS DR U L DL,2,10,40,8,5,12,3
dl D DR BS L DL U,2,10,40,8,5,11,3
dl D DR BS L U DL,2,10,40,8,5,12,3
dl D DR BS U L DL,2,10,40,8,5,10,3
dl D DR DL L BS U,2,10,40,8,5,11,3
dl D DR DL U BS L,2,10,40,8,5,13,3
dl D DR L BS DL U,2,10,40,8,5,15,3
dl D DR L BS U DL,2,10,40,8,5,14,3
dl D DR L DL BS U,2,10,40,8,5,13,3
dl D DR U BS DL L,2,10,40,8,5,13,3
dl D DR U DL BS L,2,10,40,8,5,15,3
dl D U DR BS DL L,2,10,40,8,5,15,4
dl D U DR DL BS L,2,10,40,8,5,17,4
dl DR BS D L DL U,2,10,40,8,5,11,3
dl DR BS D L U DL,2,10,40,8,5,12,3
dl DR BS D U L DL,2,10,40,8,5,12,4
dl DR BS U D L DL,2,10,40,8,5,12,4
dl DR D BS L DL U,2,10,40,8,5,11,3
dl DR D BS L U DL,2,10,40,8,5,12,3
dl DR D BS U L DL,2,10,40,8,5,10,2
dl DR D DL L BS U,2,10,40,8,5,9,2
dl DR D DL U BS L,2,10,40,8,5,11,3
dl DR D L BS DL U,2,10,40,8,5,13,3
dl DR D L BS U DL,2,10,40,8,5,12,3
dl DR D L DL BS U,2,10,40,8,5,11,3
dl DR D U BS DL L,2,10,40,8,5,13,4
dl DR D U DL BS L,2,10,40,8,5,15,4
dl DR U BS D DL L,2,10,40,8,5,11,3
dl DR U D BS DL L,2,10,40,8,5,15,4
dl DR U D DL BS L,2,10,40,8,5,15,4
dl U D DR BS DL L,2,10,40,8,5,11,4
dl U D DR DL BS L,2,10,40,8,5,13,4
dl U DR BS D DL L,2,10,40,8,5,9,3
dl U DR D BS DL L,2,10,40,8,5,11,3
dl U DR D DL BS L,2,10,40,8,5,11,3
DR BS D dl L DL U,2,10,40,8,5,13,3
DR BS D dl L U DL,2,10,40,8,5,14,3
DR BS D DL U dl L,2,10,40,8,5,11,3
DR BS D dl U L DL,2,10,40,8,5,10,3
DR BS D L dl DL U,2,10,40,8,5,15,4
DR BS D L DL dl U,2,10,40,8,5,11,4
DR BS D L dl U DL,2,10,40,8,5,12,3
DR BS D U dl DL L,2,10,40,8,5,13,4
DR BS D U DL dl L,2,10,40,8,5,17,4
DR BS dl D L DL U,2,10,40,8,5,11,3
DR BS dl D L U DL,2,10,40,8,5,12,3
DR BS dl D U L DL,2,10,40,8,5,12,4
DR BS dl U D L DL,2,10,40,8,5,10,4
DR BS U D dl DL L,2,10,40,8,5,15,4
DR BS U D DL dl L,2,10,40,8,5,15,4
DR BS U dl D DL L,2,10,40,8,5,9,3
DR D BS dl L DL U,2,10,40,8,5,11,3
DR D BS dl L U DL,2,10,40,8,5,12,3
DR D BS DL U dl L,2,10,40,8,5,13,3
DR D BS dl U L DL,2,10,40,8,5,8,2
DR D BS L dl DL U,2,10,40,8,5,15,4
DR D BS L DL dl U,2,10,40,8,5,11,4
DR D BS L dl U DL,2,10,40,8,5,12,3
DR D BS U dl DL L,2,10,40,8,5,11,4
DR D BS U DL dl L,2,10,40,8,5,15,4
DR D dl BS L DL U,2,10,40,8,5,11,3
DR D dl BS L U DL,2,10,40,8,5,12,3
DR D DL BS U dl L,2,10,40,8,5,11,3
DR D dl BS U L DL,2,10,40,8,5,10,3
DR D dl DL L BS U,2,10,40,8,5,13,4
DR D DL dl L BS U,2,10,40,8,5,13,4
DR D dl DL U BS L,2,10,40,8,5,15,4
DR D DL dl U BS L,2,10,40,8,5,11,4
DR D dl L BS DL U,2,10,40,8,5,15,3
DR D DL L BS dl U,2,10,40,8,5,7,2
DR D dl L BS U DL,2,10,40,8,5,14,3
DR D dl L DL BS U,2,10,40,8,5,13,3
DR D DL L dl BS U,2,10,40,8,5,9,3
DR D dl U BS DL L,2,10,40,8,5,11,3
DR D DL U BS dl L,2,10,40,8,5,11,3
DR D dl U DL BS L,2,10,40,8,5,13,3
DR D DL U dl BS L,2,10,40,8,5,9,3
DR D L BS dl DL U,2,10,40,8,5,13,4
DR D L BS DL dl U,2,10,40,8,5,13,4
DR D L BS dl U DL,2,10,40,8,5,10,3
DR D L dl BS DL U,2,10,40,8,5,13,3
DR D L DL BS dl U,2,10,40,8,5,9,3
DR D L dl BS U DL,2,10,40,8,5,12,3
DR D L dl DL BS U,2,10,40,8,5,15,4
DR D L DL dl BS U,2,10,40,8,5,11,4
DR D U BS dl DL L,2,10,40,8,5,13,4
DR D U BS DL dl L,2,10,40,8,5,17,4
DR D U dl BS DL L,2,10,40,8,5,11,4
DR D U DL BS dl L,2,10,40,8,5,15,4
DR D U dl DL BS L,2,10,40,8,5,15,4
DR D U DL dl BS L,2,10,40,8,5,15,4
DR dl BS D L DL U,2,10,40,8,5,11,3
DR dl BS D L U DL,2,10,40,8,5,12,3
DR dl BS D U L DL,2,10,40,8,5,12,4
DR dl BS U D L DL,2,10,40,8,5,12,4
DR dl D BS L DL U,2,10,40,8,5,13,3
DR dl D BS L U DL,2,10,40,8,5,14,3
DR dl D BS U L DL,2,10,40,8,5,12,3
DR dl D DL L BS U,2,10,40,8,5,11,3
DR dl D DL U BS L,2,10,40,8,5,13,3
DR dl D L BS DL U,2,10,40,8,5,15,3
DR dl D L BS U DL,2,10,40,8,5,14,3
DR dl D L DL BS U,2,10,40,8,5,13,3
DR dl D U BS DL L,2,10,40,8,5,15,4
DR dl D U DL BS L,2,10,40,8,5,17,4
DR dl U BS D DL L,2,10,40,8,5,9,2
DR dl U D BS DL L,2,10,40,8,5,13,4
DR dl U D DL BS L,2,10,40,8,5,13,4
DR U BS D dl DL L,2,10,40,8,5,15,4
DR U BS D DL dl L,2,10,40,8,5,15,4
DR U BS dl D DL L,2,10,40,8,5,11,3
DR U D BS dl DL L,2,10,40,8,5,15,4
DR U D BS DL dl L,2,10,40,8,5,19,4
DR U D dl BS DL L,2,10,40,8,5,15,4
DR U D DL BS dl L,2,10,40,8,5,15,4
DR U D dl DL BS L,2,10,40,8,5,19,4
DR U D DL dl BS L,2,10,40,8,5,15,4
DR U dl BS D DL L,2,10,40,8,5,9,3
DR U dl D BS DL L,2,10,40,8,5,13,3
DR U dl D DL BS L,2,10,40,8,5,13,3
U BS D DR dl DL L,2,10,40,8,5,12,4
U BS D DR DL dl L,2,10,40,8,5,14,4
U BS DR D dl DL L,2,10,40,8,5,12,4
U BS DR D DL dl L,2,10,40,8,5,12,4
U BS DR dl D DL L,2,10,40,8,5,10,3
U D BS DR dl DL L,2,10,40,8,5,14,4
U D BS DR DL dl L,2,10,40,8,5,16,4
U D dl DR BS DL L,2,10,40,8,5,14,4
U D dl DR DL BS L,2,10,40,8,5,16,4
U D DR BS dl DL L,2,10,40,8,5,12,4
U D DR BS DL dl L,2,10,40,8,5,16,4
U D DR dl BS DL L,2,10,40,8,5,12,4
U D DR DL BS dl L,2,10,40,8,5,14,4
U D DR dl DL BS L,2,10,40,8,5,16,4
U D DR DL dl BS L,2,10,40,8,5,14,4
U dl D DR BS DL L,2,10,40,8,5,10,3
U dl D DR DL BS L,2,10,40,8,5,12,3
U dl DR BS D DL L,2,10,40,8,5,8,2
U dl DR D BS DL L,2,10,40,8,5,10,3
U dl DR D DL BS L,2,10,40,8,5,10,3
U DR BS D dl DL L,2,10,40,8,5,14,4
U DR BS D DL dl L,2,10,40,8,5,14,4
U DR BS dl D DL L,2,10,40,8,5,10,3
U DR D BS dl DL L,2,10,40,8,5,12,4
U DR D BS DL dl L,2,10,40,8,5,16,4
U DR D dl BS DL L,2,10,40,8,5,12,3
U DR D DL BS dl L,2,10,40,8,5,12,3
U DR D dl DL BS L,2,10,40,8,5,16,4
U DR D DL dl BS L,2,10,40,8,5,12,4
U DR dl BS D DL L,2,10,40,8,5,10,3
U DR dl D BS DL L,2,10,40,8,5,14,3
U DR dl D DL BS L,2,10,40,8,5,14,3
BS DL DR D U L dl,2,10,42,6,5,15,4
BS DL DR L D U dl,2,10,42,6,5,15,4
BS DL DR L U D dl,2,10,42,6,5,17,4
BS DL DR U D L dl,2,10,42,6,5,17,4
BS DL DR U L D dl,2,10,42,6,5,15,3
BS DL L DR D U dl,2,10,42,6,5,13,4
BS DL L DR U D dl,2,10,42,6,5,17,4
BS DL L U DR D dl,2,10,42,6,5,13,3
BS DL U DR D L dl,2,10,42,6,5,15,3
BS DL U DR L D dl,2,10,42,6,5,17,3
BS DL U L DR D dl,2,10,42,6,5,15,3
BS DR DL D U L dl,2,10,42,6,5,13,4
BS DR DL L D U dl,2,10,42,6,5,11,4
BS DR DL L U D dl,2,10,42,6,5,13,4
BS DR DL U D L dl,2,10,42,6,5,15,4
BS DR DL U L D dl,2,10,42,6,5,13,3
BS DR U DL D L dl,2,10,42,6,5,13,3
BS DR U DL L D dl,2,10,42,6,5,13,3
BS U DL DR D L dl,2,10,42,6,5,13,3
BS U DL DR L D dl,2,10,42,6,5,15,3
BS U DL L DR D dl,2,10,42,6,5,13,3
BS U DR DL D L dl,2,10,42,6,5,13,3
BS U DR DL L D dl,2,10,42,6,5,13,3
DL BS DR D U L dl,2,10,42,6,5,14,4
DL BS DR L D U dl,2,10,42,6,5,14,4
DL BS DR L U D dl,2,10,42,6,5,16,4
DL BS DR U D L dl,2,10,42,6,5,16,4
DL BS DR U L D dl,2,10,42,6,5,14,3
DL BS L DR D U dl,2,10,42,6,5,14,4
DL BS L DR U D dl,2,10,42,6,5,18,4
DL BS L U DR D dl,2,10,42,6,5,14,3
DL BS U DR D L dl,2,10,42,6,5,14,3
DL BS U DR L D dl,2,10,42,6,5,16,3
DL BS U L DR D dl,2,10,42,6,5,14,3
DL DR BS D U L dl,2,10,42,6,5,14,4
DL DR BS L D U dl,2,10,42,6,5,12,4
DL DR BS L U D dl,2,10,42,6,5,14,4
DL DR BS U D L dl,2,10,42,6,5,14,4
DL DR BS U L D dl,2,10,42,6,5,12,3
DL DR D BS U L dl,2,10,42,6,5,12,3
DL DR D L BS U dl,2,10,42,6,5,10,2
DL DR D L U BS dl,2,10,42,6,5,10,2
DL DR D U BS L dl,2,10,42,6,5,14,4
DL DR D U L BS dl,2,10,42,6,5,12,4
DL DR L BS D U dl,2,10,42,6,5,14,4
DL DR L BS U D dl,2,10,42,6,5,16,4
DL DR L D BS U dl,2,10,42,6,5,12,3
DL DR L D U BS dl,2,10,42,6,5,14,4
DL DR L U BS D dl,2,10,42,6,5,14,3
DL DR L U D BS dl,2,10,42,6,5,14,4
DL DR U BS D L dl,2,10,42,6,5,14,3
DL DR U BS L D dl,2,10,42,6,5,14,3
DL DR U D BS L dl,2,10,42,6,5,16,4
DL DR U D L BS dl,2,10,42,6,5,14,4
DL DR U L BS D dl,2,10,42,6,5,14,3
DL DR U L D BS dl,2,10,42,6,5,12,3
DL L BS DR D U dl,2,10,42,6,5,10,4
DL L BS DR U D dl,2,10,42,6,5,14,4
DL L BS U DR D dl,2,10,42,6,5,12,3
DL L DR BS D U dl,2,10,42,6,5,12,4
DL L DR BS U D dl,2,10,42,6,5,14,4
DL L DR D BS U dl,2,10,42,6,5,10,3
DL L DR D U BS dl,2,10,42,6,5,12,4
DL L DR U BS D dl,2,10,42,6,5,14,3
DL L DR U D BS dl,2,10,42,6,5,14,4
DL L U BS DR D dl,2,10,42,6,5,10,3
DL L U DR BS D dl,2,10,42,6,5,12,3
DL L U DR D BS dl,2,10,42,6,5,10,3
DL U BS DR D L dl,2,10,42,6,5,12,3
DL U BS DR L D dl,2,10,42,6,5,14,3
DL U BS L DR D dl,2,10,42,6,5,14,3
DL U DR BS D L dl,2,10,42,6,5,14,3
DL U DR BS L D dl,2,10,42,6,5,14,3
DL U DR D BS L dl,2,10,42,6,5,14,3
DL U DR D L BS dl,2,10,42,6,5,12,3
DL U DR L BS D dl,2,10,42,6,5,16,3
DL U DR L D BS dl,2,10,42,6,5,14,3
DL U L BS DR D dl,2,10,42,6,5,12,3
DL U L DR BS D dl,2,10,42,6,5,14,3
DL U L DR D BS dl,2,10,42,6,5,12,3
DR BS DL D U L dl,2,10,42,6,5,14,4
DR BS DL L D U dl,2,10,42,6,5,12,4
DR BS DL L U D dl,2,10,42,6,5,14,4
DR BS DL U D L dl,2,10,42,6,5,16,4
DR BS DL U L D dl,2,10,42,6,5,14,3
DR BS U DL D L dl,2,10,42,6,5,12,3
DR BS U DL L D dl,2,10,42,6,5,12,3
DR DL BS D U L dl,2,10,42,6,5,16,4
DR DL BS L D U dl,2,10,42,6,5,14,4
DR DL BS L U D dl,2,10,42,6,5,16,4
DR DL BS U D L dl,2,10,42,6,5,16,4
DR DL BS U L D dl,2,10,42,6,5,14,3
DR DL D BS U L dl,2,10,42,6,5,12,3
DR DL D L BS U dl,2,10,42,6,5,10,2
DR DL D L U BS dl,2,10,42,6,5,10,2
DR DL D U BS L dl,2,10,42,6,5,14,4
DR DL D U L BS dl,2,10,42,6,5,12,4
DR DL L BS D U dl,2,10,42,6,5,12,4
DR DL L BS U D dl,2,10,42,6,5,14,4
DR DL L D BS U dl,2,10,42,6,5,10,2
DR DL L D U BS dl,2,10,42,6,5,12,4
DR DL L U BS D dl,2,10,42,6,5,12,3
DR DL L U D BS dl,2,10,42,6,5,12,4
DR DL U BS D L dl,2,10,42,6,5,14,3
DR DL U BS L D dl,2,10,42,6,5,14,3
DR DL U D BS L dl,2,10,42,6,5,16,4
DR DL U D L BS dl,2,10,42,6,5,14,4
DR DL U L BS D dl,2,10,42,6,5,14,3
DR DL U L D BS dl,2,10,42,6,5,12,3
DR U BS DL D L dl,2,10,42,6,5,14,3
DR U BS DL L D dl,2,10,42,6,5,14,3
DR U DL BS D L dl,2,10,42,6,5,16,3
DR U DL BS L D dl,2,10,42,6,5,16,3
DR U DL D BS L dl,2,10,42,6,5,14,3
DR U DL D L BS dl,2,10,42,6,5,12,3
DR U DL L BS D dl,2,10,42,6,5,14,3
DR U DL L D BS dl,2,10,42,6,5,12,3
U BS DL DR D L dl,2,10,42,6,5,13,3
U BS DL DR L D dl,2,10,42,6,5,15,3
U BS DL L DR D dl,2,10,42,6,5,13,3
U BS DR DL D L dl,2,10,42,6,5,11,3
U BS DR DL L D dl,2,10,42,6,5,11,3
U DL BS DR D L dl,2,10,42,6,5,13,3
U DL BS DR L D dl,2,10,42,6,5,15,3
U DL BS L DR D dl,2,10,42,6,5,15,3
U DL DR BS D L dl,2,10,42,6,5,13,3
U DL DR BS L D dl,2,10,42,6,5,13,3
U DL DR D BS L dl,2,10,42,6,5,13,3
U DL DR D L BS dl,2,10,42,6,5,11,3
U DL DR L BS D dl,2,10,42,6,5,15,3
U DL DR L D BS dl,2,10,42,6,5,13,3
U DL L BS DR D dl,2,10,42,6,5,11,3
U DL L DR BS D dl,2,10,42,6,5,13,3
U DL L DR D BS dl,2,10,42,6,5,11,3
U DR BS DL D L dl,2,10,42,6,5,13,3
U DR BS DL L D dl,2,10,42,6,5,13,3
U DR DL BS D L dl,2,10,42,6,5,15,3
U DR DL BS L D dl,2,10,42,6,5,15,3
U DR DL D BS L dl,2,10,42,6,5,13,3
U DR DL D L BS dl,2,10,42,6,5,11,3
U DR DL L BS D dl,2,10,42,6,5,13,3
U DR DL L D BS dl,2,10,42,6,5,11,3
BS D L DL DR U dl,2,10,42,7,5,11,3
BS D L DL U DR dl,2,10,42,7,5,13,3
BS dl DR L U DL D,2,10,42,7,5,12,3
BS dl DR U L DL D,2,10,42,7,5,10,3
BS dl L DR U DL D,2,10,42,7,5,14,3
BS DR dl L U DL D,2,10,42,7,5,12,3
BS DR dl U L DL D,2,10,42,7,5,8,2
BS DR L dl U DL D,2,10,42,7,5,12,3
BS L D DL DR U dl,2,10,42,7,5,11,3
BS L D DL U DR dl,2,10,42,7,5,13,3
BS L dl DR U DL D,2,10,42,7,5,14,3
BS L DR dl U DL D,2,10,42,7,5,12,3
D BS L DL DR U dl,2,10,42,7,5,11,3
D BS L DL U DR dl,2,10,42,7,5,13,3
D L BS DL DR U dl,2,10,42,7,5,13,3
D L BS DL U DR dl,2,10,42,7,5,15,3
D L DL BS DR U dl,2,10,42,7,5,11,3
D L DL BS U DR dl,2,10,42,7,5,13,3
D L DL DR BS U dl,2,10,42,7,5,9,2
D L DL DR U BS dl,2,10,42,7,5,11,3
D L DL U BS DR dl,2,10,42,7,5,11,3
D L DL U DR BS dl,2,10,42,7,5,11,3
dl BS DR L U DL D,2,10,42,7,5,11,3
dl BS DR U L DL D,2,10,42,7,5,9,3
dl BS L DR U DL D,2,10,42,7,5,13,3
dl DR BS L U DL D,2,10,42,7,5,11,3
dl DR BS U L DL D,2,10,42,7,5,9,2
dl DR L BS U DL D,2,10,42,7,5,13,3
dl L BS DR U DL D,2,10,42,7,5,13,3
dl L DR BS U DL D,2,10,42,7,5,13,3
DR BS dl L U DL D,2,10,42,7,5,11,3
DR BS dl U L DL D,2,10,42,7,5,7,2
DR BS L dl U DL D,2,10,42,7,5,11,3
DR dl BS L U DL D,2,10,42,7,5,11,3
DR dl BS U L DL D,2,10,42,7,5,9,2
DR dl L BS U DL D,2,10,42,7,5,13,3
DR L BS dl U DL D,2,10,42,7,5,11,3
DR L dl BS U DL D,2,10,42,7,5,13,3
L BS D DL DR U dl,2,10,42,7,5,11,3
L BS D DL U DR dl,2,10,42,7,5,13,3
L BS dl DR U DL D,2,10,42,7,5,12,3
L BS DR dl U DL D,2,10,42,7,5,10,3
L D BS DL DR U dl,2,10,42,7,5,13,3
L D BS DL U DR dl,2,10,42,7,5,15,3
L D DL BS DR U dl,2,10,42,7,5,11,3
L D DL BS U DR dl,2,10,42,7,5,13,3
L D DL DR BS U dl,2,10,42,7,5,9,2
L D DL DR U BS dl,2,10,42,7,5,11,3
L D DL U BS DR dl,2,10,42,7,5,11,3
L D DL U DR BS dl,2,10,42,7,5,11,3
L dl BS DR U DL D,2,10,42,7,5,12,3
L dl DR BS U DL D,2,10,42,7,5,12,3
L DR BS dl U DL D,2,10,42,7,5,10,3
L DR dl BS U DL D,2,10,42,7,5,12,3
BS dl L DL D DR U,2,10,42,8,5,10,3
BS dl L DL D U DR,2,10,42,8,5,13,4
BS dl L DL U D DR,2,10,42,8,5,13,4
BS L DL D dl DR U,2,10,42,8,5,12,3
BS L DL D dl U DR,2,10,42,8,5,11,3
BS L DL D DR dl U,2,10,42,8,5,8,2
BS L DL D U dl DR,2,10,42,8,5,11,4
BS L dl DL D DR U,2,10,42,8,5,14,4
BS L DL dl D DR U,2,10,42,8,5,14,4
BS L dl DL D U DR,2,10,42,8,5,17,4
BS L DL dl D U DR,2,10,42,8,5,17,4
BS L dl DL U D DR,2,10,42,8,5,17,4
BS L DL dl U D DR,2,10,42,8,5,13,4
BS L DL U D dl DR,2,10,42,8,5,15,4
BS L DL U dl D DR,2,10,42,8,5,11,3
dl BS L DL D DR U,2,10,42,8,5,9,3
dl BS L DL D U DR,2,10,42,8,5,12,4
dl BS L DL U D DR,2,10,42,8,5,12,4
dl L BS DL D DR U,2,10,42,8,5,13,3
dl L BS DL D U DR,2,10,42,8,5,16,4
dl L BS DL U D DR,2,10,42,8,5,16,4
dl L DL BS D DR U,2,10,42,8,5,13,3
dl L DL BS D U DR,2,10,42,8,5,16,4
dl L DL BS U D DR,2,10,42,8,5,14,4
dl L DL D BS DR U,2,10,42,8,5,11,3
dl L DL D BS U DR,2,10,42,8,5,12,3
dl L DL D DR BS U,2,10,42,8,5,9,3
dl L DL D U BS DR,2,10,42,8,5,12,4
dl L DL U BS D DR,2,10,42,8,5,12,3
dl L DL U D BS DR,2,10,42,8,5,14,4
L BS DL D dl DR U,2,10,42,8,5,14,3
L BS DL D dl U DR,2,10,42,8,5,13,3
L BS DL D DR dl U,2,10,42,8,5,10,3
L BS DL D U dl DR,2,10,42,8,5,13,4
L BS dl DL D DR U,2,10,42,8,5,12,4
L BS DL dl D DR U,2,10,42,8,5,16,4
L BS dl DL D U DR,2,10,42,8,5,15,4
L BS DL dl D U DR,2,10,42,8,5,19,4
L BS dl DL U D DR,2,10,42,8,5,15,4
L BS DL dl U D DR,2,10,42,8,5,15,4
L BS DL U D dl DR,2,10,42,8,5,17,4
L BS DL U dl D DR,2,10,42,8,5,13,3
L DL BS D dl DR U,2,10,42,8,5,14,3
L DL BS D dl U DR,2,10,42,8,5,13,3
L DL BS D DR dl U,2,10,42,8,5,10,3
L DL BS D U dl DR,2,10,42,8,5,13,4
L dl BS DL D DR U,2,10,42,8,5,12,3
L DL BS dl D DR U,2,10,42,8,5,12,3
L dl BS DL D U DR,2,10,42,8,5,15,4
L DL BS dl D U DR,2,10,42,8,5,15,4
L dl BS DL U D DR,2,10,42,8,5,15,4
L DL BS dl U D DR,2,10,42,8,5,11,4
L DL BS U D dl DR,2,10,42,8,5,15,4
L DL BS U dl D DR,2,10,42,8,5,11,3
L DL D BS dl DR U,2,10,42,8,5,10,3
L DL D BS dl U DR,2,10,42,8,5,9,3
L DL D BS DR dl U,2,10,42,8,5,8,2
L DL D BS U dl DR,2,10,42,8,5,9,2
L DL D dl BS DR U,2,10,42,8,5,10,3
L DL D dl BS U DR,2,10,42,8,5,11,3
L DL D dl DR BS U,2,10,42,8,5,10,3
L DL D dl U BS DR,2,10,42,8,5,9,3
L DL D DR BS dl U,2,10,42,8,5,6,1
L DL D DR dl BS U,2,10,42,8,5,8,2
L DL D U BS dl DR,2,10,42,8,5,11,4
L DL D U dl BS DR,2,10,42,8,5,9,4
L dl DL BS D DR U,2,10,42,8,5,16,4
L DL dl BS D DR U,2,10,42,8,5,12,4
L dl DL BS D U DR,2,10,42,8,5,19,4
L DL dl BS D U DR,2,10,42,8,5,15,4
L dl DL BS U D DR,2,10,42,8,5,17,4
L DL dl BS U D DR,2,10,42,8,5,13,4
L dl DL D BS DR U,2,10,42,8,5,14,4
L DL dl D BS DR U,2,10,42,8,5,14,4
L dl DL D BS U DR,2,10,42,8,5,15,4
L DL dl D BS U DR,2,10,42,8,5,15,4
L dl DL D DR BS U,2,10,42,8,5,12,4
L DL dl D DR BS U,2,10,42,8,5,12,4
L dl DL D U BS DR,2,10,42,8,5,15,4
L DL dl D U BS DR,2,10,42,8,5,15,4
L dl DL U BS D DR,2,10,42,8,5,15,4
L DL dl U BS D DR,2,10,42,8,5,11,4
L dl DL U D BS DR,2,10,42,8,5,17,4
L DL dl U D BS DR,2,10,42,8,5,13,4
L DL U BS D dl DR,2,10,42,8,5,13,3
L DL U BS dl D DR,2,10,42,8,5,11,3
L DL U D BS dl DR,2,10,42,8,5,13,4
L DL U D dl BS DR,2,10,42,8,5,13,4
L DL U dl BS D DR,2,10,42,8,5,9,3
L DL U dl D BS DR,2,10,42,8,5,11,3
BS D dl L U DL DR,2,10,42,9,5,15,3
BS D dl L U DR DL,2,10,42,9,5,15,3
BS D dl U L DL DR,2,10,42,9,5,11,3
BS D dl U L DR DL,2,10,42,9,5,13,3
BS D DR L U dl DL,2,10,42,9,5,13,4
BS D DR U dl L DL,2,10,42,9,5,11,3
BS D DR U L dl DL,2,10,42,9,5,15,4
BS D L dl U DL DR,2,10,42,9,5,13,3
BS D L dl U DR DL,2,10,42,9,5,13,3
BS D L U dl DL DR,2,10,42,9,5,13,4
BS D L U DL dl DR,2,10,42,9,5,15,4
BS D L U dl DR DL,2,10,42,9,5,11,2
BS D U dl L DL DR,2,10,42,9,5,13,4
BS D U dl L DR DL,2,10,42,9,5,15,4
BS D U DR dl L DL,2,10,42,9,5,15,4
BS D U DR L dl DL,2,10,42,9,5,19,4
BS D U L dl DL DR,2,10,42,9,5,17,4
BS D U L DL dl DR,2,10,42,9,5,15,4
BS D U L dl DR DL,2,10,42,9,5,15,4
BS dl D L U DL DR,2,10,42,9,5,13,3
BS dl D L U DR DL,2,10,42,9,5,13,3
BS dl D U L DL DR,2,10,42,9,5,13,4
BS dl D U L DR DL,2,10,42,9,5,15,4
BS dl L D U DL DR,2,10,42,9,5,15,4
BS dl L D U DR DL,2,10,42,9,5,15,4
BS dl L U D DL DR,2,10,42,9,5,13,4
BS dl L U D DR DL,2,10,42,9,5,13,4
BS dl U D L DL DR,2,10,42,9,5,11,4
BS dl U D L DR DL,2,10,42,9,5,13,4
BS dl U L D DL DR,2,10,42,9,5,9,2
BS dl U L D DR DL,2,10,42,9,5,9,2
BS DR D L U dl DL,2,10,42,9,5,11,4
BS DR D U dl L DL,2,10,42,9,5,11,4
BS DR D U L dl DL,2,10,42,9,5,15,4
BS DR U D dl L DL,2,10,42,9,5,15,4
BS DR U D L dl DL,2,10,42,9,5,17,4
BS DR U dl D L DL,2,10,42,9,5,11,3
BS L D dl U DL DR,2,10,42,9,5,13,3
BS L D dl U DR DL,2,10,42,9,5,13,3
BS L D U dl DL DR,2,10,42,9,5,15,4
BS L D U DL dl DR,2,10,42,9,5,17,4
BS L D U dl DR DL,2,10,42,9,5,13,4
BS L dl D U DL DR,2,10,42,9,5,17,4
BS L dl D U DR DL,2,10,42,9,5,17,4
BS L dl U D DL DR,2,10,42,9,5,13,4
BS L dl U D DR DL,2,10,42,9,5,13,4
BS L U D dl DL DR,2,10,42,9,5,17,4
BS L U D DL dl DR,2,10,42,9,5,15,4
BS L U D dl DR DL,2,10,42,9,5,15,4
BS L U dl D DL DR,2,10,42,9,5,11,3
BS L U dl D DR DL,2,10,42,9,5,11,3
BS U D dl L DL DR,2,10,42,9,5,15,4
BS U D dl L DR DL,2,10,42,9,5,17,4
BS U D DR dl L DL,2,10,42,9,5,13,4
BS U D DR L dl DL,2,10,42,9,5,17,4
BS U D L dl DL DR,2,10,42,9,5,17,4
BS U D L DL dl DR,2,10,42,9,5,15,4
BS U D L dl DR DL,2,10,42,9,5,15,4
BS U dl D L DL DR,2,10,42,9,5,11,3
BS U dl D L DR DL,2,10,42,9,5,13,3
BS U dl L D DL DR,2,10,42,9,5,11,3
BS U dl L D DR DL,2,10,42,9,5,11,3
BS U DR D dl L DL,2,10,42,9,5,13,3
BS U DR D L dl DL,2,10,42,9,5,15,4
BS U DR dl D L DL,2,10,42,9,5,13,3
BS U L D dl DL DR,2,10,42,9,5,15,4
BS U L D DL dl DR,2,10,42,9,5,13,4
BS U L D dl DR DL,2,10,42,9,5,13,3
BS U L dl D DL DR,2,10,42,9,5,13,3
BS U L dl D DR DL,2,10,42,9,5,13,3
D BS dl L U DL DR,2,10,42,9,5,13,3
D BS dl L U DR DL,2,10,42,9,5,13,3
D BS dl U L DL DR,2,10,42,9,5,9,2
D BS dl U L DR DL,2,10,42,9,5,11,3
D BS DR L U dl DL,2,10,42,9,5,13,4
D BS DR U dl L DL,2,10,42,9,5,11,3
D BS DR U L dl DL,2,10,42,9,5,15,4
D BS L dl U DL DR,2,10,42,9,5,13,3
D BS L dl U DR DL,2,10,42,9,5,13,3
D BS L U dl DL DR,2,10,42,9,5,13,4
D BS L U DL dl DR,2,10,42,9,5,15,4
D BS L U dl DR DL,2,10,42,9,5,11,2
D BS U dl L DL DR,2,10,42,9,5,11,3
D BS U dl L DR DL,2,10,42,9,5,13,3
D BS U DR dl L DL,2,10,42,9,5,13,3
D BS U DR L dl DL,2,10,42,9,5,17,4
D BS U L dl DL DR,2,10,42,9,5,15,4
D BS U L DL dl DR,2,10,42,9,5,13,4
D BS U L dl DR DL,2,10,42,9,5,13,3
D dl BS L U DL DR,2,10,42,9,5,13,3
D dl BS L U DR DL,2,10,42,9,5,13,3
D dl BS U L DL DR,2,10,42,9,5,11,3
D dl BS U L DR DL,2,10,42,9,5,13,3
D dl DR L U BS DL,2,10,42,9,5,15,3
D dl DR U BS L DL,2,10,42,9,5,13,3
D dl DR U L BS DL,2,10,42,9,5,15,3
D dl L BS U DL DR,2,10,42,9,5,15,3
D dl L BS U DR DL,2,10,42,9,5,15,3
D dl L U BS DL DR,2,10,42,9,5,15,3
D dl L U BS DR DL,2,10,42,9,5,13,3
D dl L U DL BS DR,2,10,42,9,5,15,3
D dl U BS L DL DR,2,10,42,9,5,11,3
D dl U BS L DR DL,2,10,42,9,5,13,3
D dl U DR BS L DL,2,10,42,9,5,11,3
D dl U DR L BS DL,2,10,42,9,5,15,3
D dl U L BS DL DR,2,10,42,9,5,13,3
D dl U L BS DR DL,2,10,42,9,5,11,3
D dl U L DL BS DR,2,10,42,9,5,11,3
D DR BS L U dl DL,2,10,42,9,5,11,4
D DR BS U dl L DL,2,10,42,9,5,9,3
D DR BS U L dl DL,2,10,42,9,5,13,4
D DR dl L U BS DL,2,10,42,9,5,13,3
D DR dl U BS L DL,2,10,42,9,5,9,2
D DR dl U L BS DL,2,10,42,9,5,11,3
D DR L BS U dl DL,2,10,42,9,5,13,4
D DR L dl U BS DL,2,10,42,9,5,13,3
D DR L U BS dl DL,2,10,42,9,5,13,4
D DR L U dl BS DL,2,10,42,9,5,11,3
D DR U BS dl L DL,2,10,42,9,5,11,3
D DR U BS L dl DL,2,10,42,9,5,15,4
D DR U dl BS L DL,2,10,42,9,5,9,3
D DR U dl L BS DL,2,10,42,9,5,13,3
D DR U L BS dl DL,2,10,42,9,5,13,4
D DR U L dl BS DL,2,10,42,9,5,13,3
D L BS dl U DL DR,2,10,42,9,5,11,3
D L BS dl U DR DL,2,10,42,9,5,11,3
D L BS U dl DL DR,2,10,42,9,5,13,4
D L BS U DL dl DR,2,10,42,9,5,15,4
D L BS U dl DR DL,2,10,42,9,5,11,2
D L dl BS U DL DR,2,10,42,9,5,13,3
D L dl BS U DR DL,2,10,42,9,5,13,3
D L dl U BS DL DR,2,10,42,9,5,13,3
D L dl U BS DR DL,2,10,42,9,5,11,3
D L dl U DL BS DR,2,10,42,9,5,13,3
D L U BS dl DL DR,2,10,42,9,5,13,4
D L U BS DL dl DR,2,10,42,9,5,15,4
D L U BS dl DR DL,2,10,42,9,5,11,2
D L U dl BS DL DR,2,10,42,9,5,11,3
D L U DL BS dl DR,2,10,42,9,5,13,3
D L U dl BS DR DL,2,10,42,9,5,9,2
D L U dl DL BS DR,2,10,42,9,5,13,4
D L U DL dl BS DR,2,10,42,9,5,13,4
D U BS dl L DL DR,2,10,42,9,5,13,4
D U BS dl L DR DL,2,10,42,9,5,15,4
D U BS DR dl L DL,2,10,42,9,5,13,4
D U BS DR L dl DL,2,10,42,9,5,17,4
D U BS L dl DL DR,2,10,42,9,5,17,4
D U BS L DL dl DR,2,10,42,9,5,15,4
D U BS L dl DR DL,2,10,42,9,5,15,4
D U dl BS L DL DR,2,10,42,9,5,11,4
D U dl BS L DR DL,2,10,42,9,5,13,4
D U dl DR BS L DL,2,10,42,9,5,11,4
D U dl DR L BS DL,2,10,42,9,5,15,4
D U dl L BS DL DR,2,10,42,9,5,15,4
D U dl L BS DR DL,2,10,42,9,5,13,4
D U dl L DL BS DR,2,10,42,9,5,13,4
D U DR BS dl L DL,2,10,42,9,5,13,4
D U DR BS L dl DL,2,10,42,9,5,17,4
D U DR dl BS L DL,2,10,42,9,5,13,4
D U DR dl L BS DL,2,10,42,9,5,17,4
D U DR L BS dl DL,2,10,42,9,5,17,4
D U DR L dl BS DL,2,10,42,9,5,17,4
D U L BS dl DL DR,2,10,42,9,5,15,4
D U L BS DL dl DR,2,10,42,9,5,17,4
D U L BS dl DR DL,2,10,42,9,5,13,4
D U L dl BS DL DR,2,10,42,9,5,15,4
D U L DL BS dl DR,2,10,42,9,5,13,4
D U L dl BS DR DL,2,10,42,9,5,13,4
D U L dl DL BS DR,2,10,42,9,5,17,4
D U L DL dl BS DR,2,10,42,9,5,13,4
dl BS D L U DL DR,2,10,42,9,5,12,3
dl BS D L U DR DL,2,10,42,9,5,12,3
dl BS D U L DL DR,2,10,42,9,5,12,4
dl BS D U L DR DL,2,10,42,9,5,14,4
dl BS L D U DL DR,2,10,42,9,5,14,4
dl BS L D U DR DL,2,10,42,9,5,14,4
dl BS L U D DL DR,2,10,42,9,5,12,4
dl BS L U D DR DL,2,10,42,9,5,12,4
dl BS U D L DL DR,2,10,42,9,5,12,4
dl BS U D L DR DL,2,10,42,9,5,14,4
dl BS U L D DL DR,2,10,42,9,5,10,2
dl BS U L D DR DL,2,10,42,9,5,10,2
dl D BS L U DL DR,2,10,42,9,5,14,3
dl D BS L U DR DL,2,10,42,9,5,14,3
dl D BS U L DL DR,2,10,42,9,5,12,3
dl D BS U L DR DL,2,10,42,9,5,14,3
dl D DR L U BS DL,2,10,42,9,5,14,3
dl D DR U BS L DL,2,10,42,9,5,12,3
dl D DR U L BS DL,2,10,42,9,5,14,3
dl D L BS U DL DR,2,10,42,9,5,14,3
dl D L BS U DR DL,2,10,42,9,5,14,3
dl D L U BS DL DR,2,10,42,9,5,14,3
dl D L U BS DR DL,2,10,42,9,5,12,3
dl D L U DL BS DR,2,10,42,9,5,14,3
dl D U BS L DL DR,2,10,42,9,5,14,4
dl D U BS L DR DL,2,10,42,9,5,16,4
dl D U DR BS L DL,2,10,42,9,5,14,4
dl D U DR L BS DL,2,10,42,9,5,18,4
dl D U L BS DL DR,2,10,42,9,5,16,4
dl D U L BS DR DL,2,10,42,9,5,14,4
dl D U L DL BS DR,2,10,42,9,5,14,4
dl DR D L U BS DL,2,10,42,9,5,12,3
dl DR D U BS L DL,2,10,42,9,5,12,4
dl DR D U L BS DL,2,10,42,9,5,14,4
dl DR U BS D L DL,2,10,42,9,5,12,3
dl DR U D BS L DL,2,10,42,9,5,14,4
dl DR U D L BS DL,2,10,42,9,5,16,4
dl L BS D U DL DR,2,10,42,9,5,16,4
dl L BS D U DR DL,2,10,42,9,5,16,4
dl L BS U D DL DR,2,10,42,9,5,14,4
dl L BS U D DR DL,2,10,42,9,5,14,4
dl L D BS U DL DR,2,10,42,9,5,14,3
dl L D BS U DR DL,2,10,42,9,5,14,3
dl L D U BS DL DR,2,10,42,9,5,16,4
dl L D U BS DR DL,2,10,42,9,5,14,4
dl L D U DL BS DR,2,10,42,9,5,16,4
dl L U BS D DL DR,2,10,42,9,5,12,3
dl L U BS D DR DL,2,10,42,9,5,12,3
dl L U D BS DL DR,2,10,42,9,5,16,4
dl L U D BS DR DL,2,10,42,9,5,14,4
dl L U D DL BS DR,2,10,42,9,5,14,4
dl U BS D L DL DR,2,10,42,9,5,10,2
dl U BS D L DR DL,2,10,42,9,5,12,3
dl U BS L D DL DR,2,10,42,9,5,10,2
dl U BS L D DR DL,2,10,42,9,5,10,2
dl U D BS L DL DR,2,10,42,9,5,12,4
dl U D BS L DR DL,2,10,42,9,5,14,4
dl U D DR BS L DL,2,10,42,9,5,10,4
dl U D DR L BS DL,2,10,42,9,5,14,4
dl U D L BS DL DR,2,10,42,9,5,14,4
dl U D L BS DR DL,2,10,42,9,5,12,4
dl U D L DL BS DR,2,10,42,9,5,12,4
dl U DR BS D L DL,2,10,42,9,5,10,3
dl U DR D BS L DL,2,10,42,9,5,10,3
dl U DR D L BS DL,2,10,42,9,5,12,3
dl U L BS D DL DR,2,10,42,9,5,10,2
dl U L BS D DR DL,2,10,42,9,5,10,2
dl U L D BS DL DR,2,10,42,9,5,12,3
dl U L D BS DR DL,2,10,42,9,5,10,2
dl U L D DL BS DR,2,10,42,9,5,10,3
DR BS D L U dl DL,2,10,42,9,5,12,4
DR BS D U dl L DL,2,10,42,9,5,12,4
DR BS D U L dl DL,2,10,42,9,5,16,4
DR BS U D dl L DL,2,10,42,9,5,14,4
DR BS U D L dl DL,2,10,42,9,5,16,4
DR BS U dl D L DL,2,10,42,9,5,10,3
DR D BS L U dl DL,2,10,42,9,5,12,4
DR D BS U dl L DL,2,10,42,9,5,10,3
DR D BS U L dl DL,2,10,42,9,5,14,4
DR D dl L U BS DL,2,10,42,9,5,14,3
DR D dl U BS L DL,2,10,42,9,5,10,3
DR D dl U L BS DL,2,10,42,9,5,12,3
DR D L BS U dl DL,2,10,42,9,5,12,4
DR D L dl U BS DL,2,10,42,9,5,12,3
DR D L U BS dl DL,2,10,42,9,5,12,4
DR D L U dl BS DL,2,10,42,9,5,10,3
DR D U BS dl L DL,2,10,42,9,5,12,4
DR D U BS L dl DL,2,10,42,9,5,16,4
DR D U dl BS L DL,2,10,42,9,5,10,4
DR D U dl L BS DL,2,10,42,9,5,14,4
DR D U L BS dl DL,2,10,42,9,5,14,4
DR D U L dl BS DL,2,10,42,9,5,14,4
DR dl D L U BS DL,2,10,42,9,5,14,3
DR dl D U BS L DL,2,10,42,9,5,14,4
DR dl D U L BS DL,2,10,42,9,5,16,4
DR dl U BS D L DL,2,10,42,9,5,10,2
DR dl U D BS L DL,2,10,42,9,5,12,4
DR dl U D L BS DL,2,10,42,9,5,14,4
DR U BS D dl L DL,2,10,42,9,5,14,3
DR U BS D L dl DL,2,10,42,9,5,16,4
DR U BS dl D L DL,2,10,42,9,5,12,3
DR U D BS dl L DL,2,10,42,9,5,14,4
DR U D BS L dl DL,2,10,42,9,5,18,4
DR U D dl BS L DL,2,10,42,9,5,14,4
DR U D dl L BS DL,2,10,42,9,5,18,4
DR U D L BS dl DL,2,10,42,9,5,16,4
DR U D L dl BS DL,2,10,42,9,5,16,4
DR U dl BS D L DL,2,10,42,9,5,10,3
DR U dl D BS L DL,2,10,42,9,5,12,3
DR U dl D L BS DL,2,10,42,9,5,14,3
L BS D dl U DL DR,2,10,42,9,5,13,3
L BS D dl U DR DL,2,10,42,9,5,13,3
L BS D U dl DL DR,2,10,42,9,5,15,4
L BS D U DL dl DR,2,10,42,9,5,17,4
L BS D U dl DR DL,2,10,42,9,5,13,4
L BS dl D U DL DR,2,10,42,9,5,15,4
L BS dl D U DR DL,2,10,42,9,5,15,4
L BS dl U D DL DR,2,10,42,9,5,11,4
L BS dl U D DR DL,2,10,42,9,5,11,4
L BS U D dl DL DR,2,10,42,9,5,17,4
L BS U D DL dl DR,2,10,42,9,5,15,4
L BS U D dl DR DL,2,10,42,9,5,15,4
L BS U dl D DL DR,2,10,42,9,5,11,3
L BS U dl D DR DL,2,10,42,9,5,11,3
L D BS dl U DL DR,2,10,42,9,5,11,3
L D BS dl U DR DL,2,10,42,9,5,11,3
L D BS U dl DL DR,2,10,42,9,5,13,4
L D BS U DL dl DR,2,10,42,9,5,15,4
L D BS U dl DR DL,2,10,42,9,5,11,2
L D dl BS U DL DR,2,10,42,9,5,13,3
L D dl BS U DR DL,2,10,42,9,5,13,3
L D dl U BS DL DR,2,10,42,9,5,13,3
L D dl U BS DR DL,2,10,42,9,5,11,3
L D dl U DL BS DR,2,10,42,9,5,13,3
L D U BS dl DL DR,2,10,42,9,5,15,4
L D U BS DL dl DR,2,10,42,9,5,17,4
L D U BS dl DR DL,2,10,42,9,5,13,4
L D U dl BS DL DR,2,10,42,9,5,13,4
L D U DL BS dl DR,2,10,42,9,5,15,4
L D U dl BS DR DL,2,10,42,9,5,11,4
L D U dl DL BS DR,2,10,42,9,5,15,4
L D U DL dl BS DR,2,10,42,9,5,15,4
L dl BS D U DL DR,2,10,42,9,5,15,4
L dl BS D U DR DL,2,10,42,9,5,15,4
L dl BS U D DL DR,2,10,42,9,5,13,4
L dl BS U D DR DL,2,10,42,9,5,13,4
L dl D BS U DL DR,2,10,42,9,5,15,3
L dl D BS U DR DL,2,10,42,9,5,15,3
L dl D U BS DL DR,2,10,42,9,5,17,4
L dl D U BS DR DL,2,10,42,9,5,15,4
L dl D U DL BS DR,2,10,42,9,5,17,4
L dl U BS D DL DR,2,10,42,9,5,11,3
L dl U BS D DR DL,2,10,42,9,5,11,3
L dl U D BS DL DR,2,10,42,9,5,15,4
L dl U D BS DR DL,2,10,42,9,5,13,4
L dl U D DL BS DR,2,10,42,9,5,13,4
L U BS D dl DL DR,2,10,42,9,5,15,4
L U BS D DL dl DR,2,10,42,9,5,13,4
L U BS D dl DR DL,2,10,42,9,5,13,3
L U BS dl D DL DR,2,10,42,9,5,11,3
L U BS dl D DR DL,2,10,42,9,5,11,3
L U D BS dl DL DR,2,10,42,9,5,15,4
L U D BS DL dl DR,2,10,42,9,5,17,4
L U D BS dl DR DL,2,10,42,9,5,13,4
L U D dl BS DL DR,2,10,42,9,5,15,4
L U D DL BS dl DR,2,10,42,9,5,13,4
L U D dl BS DR DL,2,10,42,9,5,13,4
L U D dl DL BS DR,2,10,42,9,5,17,4
L U D DL dl BS DR,2,10,42,9,5,13,4
L U dl BS D DL DR,2,10,42,9,5,9,2
L U dl BS D DR DL,2,10,42,9,5,9,2
L U dl D BS DL DR,2,10,42,9,5,13,3
L U dl D BS DR DL,2,10,42,9,5,11,3
L U dl D DL BS DR,2,10,42,9,5,11,3
U BS D dl L DL DR,2,10,42,9,5,13,3
U BS D dl L DR DL,2,10,42,9,5,15,3
U BS D DR dl L DL,2,10,42,9,5,11,3
U BS D DR L dl DL,2,10,42,9,5,15,4
U BS D L dl DL DR,2,10,42,9,5,15,4
U BS D L DL dl DR,2,10,42,9,5,13,4
U BS D L dl DR DL,2,10,42,9,5,13,3
U BS dl D L DL DR,2,10,42,9,5,11,3
U BS dl D L DR DL,2,10,42,9,5,13,3
U BS dl L D DL DR,2,10,42,9,5,11,3
U BS dl L D DR DL,2,10,42,9,5,11,3
U BS DR D dl L DL,2,10,42,9,5,11,3
U BS DR D L dl DL,2,10,42,9,5,13,4
U BS DR dl D L DL,2,10,42,9,5,11,3
U BS L D dl DL DR,2,10,42,9,5,15,4
U BS L D DL dl DR,2,10,42,9,5,13,4
U BS L D dl DR DL,2,10,42,9,5,13,3
U BS L dl D DL DR,2,10,42,9,5,13,3
U BS L dl D DR DL,2,10,42,9,5,13,3
U D BS dl L DL DR,2,10,42,9,5,13,4
U D BS dl L DR DL,2,10,42,9,5,15,4
U D BS DR dl L DL,2,10,42,9,5,13,4
U D BS DR L dl DL,2,10,42,9,5,17,4
U D BS L dl DL DR,2,10,42,9,5,17,4
U D BS L DL dl DR,2,10,42,9,5,15,4
U D BS L dl DR DL,2,10,42,9,5,15,4
U D dl BS L DL DR,2,10,42,9,5,13,4
U D dl BS L DR DL,2,10,42,9,5,15,4
U D dl DR BS L DL,2,10,42,9,5,13,4
U D dl DR L BS DL,2,10,42,9,5,17,4
U D dl L BS DL DR,2,10,42,9,5,17,4
U D dl L BS DR DL,2,10,42,9,5,15,4
U D dl L DL BS DR,2,10,42,9,5,15,4
U D DR BS dl L DL,2,10,42,9,5,11,4
U D DR BS L dl DL,2,10,42,9,5,15,4
U D DR dl BS L DL,2,10,42,9,5,11,4
U D DR dl L BS DL,2,10,42,9,5,15,4
U D DR L BS dl DL,2,10,42,9,5,15,4
U D DR L dl BS DL,2,10,42,9,5,15,4
U D L BS dl DL DR,2,10,42,9,5,15,4
U D L BS DL dl DR,2,10,42,9,5,17,4
U D L BS dl DR DL,2,10,42,9,5,13,4
U D L dl BS DL DR,2,10,42,9,5,15,4
U D L DL BS dl DR,2,10,42,9,5,13,4
U D L dl BS DR DL,2,10,42,9,5,13,4
U D L dl DL BS DR,2,10,42,9,5,17,4
U D L DL dl BS DR,2,10,42,9,5,13,4
U dl BS D L DL DR,2,10,42,9,5,9,2
U dl BS D L DR DL,2,10,42,9,5,11,3
U dl BS L D DL DR,2,10,42,9,5,9,2
U dl BS L D DR DL,2,10,42,9,5,9,2
U dl D BS L DL DR,2,10,42,9,5,11,3
U dl D BS L DR DL,2,10,42,9,5,13,3
U dl D DR BS L DL,2,10,42,9,5,9,3
U dl D DR L BS DL,2,10,42,9,5,13,3
U dl D L BS DL DR,2,10,42,9,5,13,3
U dl D L BS DR DL,2,10,42,9,5,11,3
U dl D L DL BS DR,2,10,42,9,5,11,3
U dl DR BS D L DL,2,10,42,9,5,9,2
U dl DR D BS L DL,2,10,42,9,5,9,2
U dl DR D L BS DL,2,10,42,9,5,11,3
U dl L BS D DL DR,2,10,42,9,5,11,3
U dl L BS D DR DL,2,10,42,9,5,11,3
U dl L D BS DL DR,2,10,42,9,5,13,3
U dl L D BS DR DL,2,10,42,9,5,11,3
U dl L D DL BS DR,2,10,42,9,5,11,3
U DR BS D dl L DL,2,10,42,9,5,13,3
U DR BS D L dl DL,2,10,42,9,5,15,4
U DR BS dl D L DL,2,10,42,9,5,11,3
U DR D BS dl L DL,2,10,42,9,5,11,3
U DR D BS L dl DL,2,10,42,9,5,15,4
U DR D dl BS L DL,2,10,42,9,5,11,3
U DR D dl L BS DL,2,10,42,9,5,15,3
U DR D L BS dl DL,2,10,42,9,5,13,4
U DR D L dl BS DL,2,10,42,9,5,13,3
U DR dl BS D L DL,2,10,42,9,5,11,3
U DR dl D BS L DL,2,10,42,9,5,13,3
U DR dl D L BS DL,2,10,42,9,5,15,3
U L BS D dl DL DR,2,10,42,9,5,15,4
U L BS D DL dl DR,2,10,42,9,5,13,4
U L BS D dl DR DL,2,10,42,9,5,13,3
U L BS dl D DL DR,2,10,42,9,5,11,3
U L BS dl D DR DL,2,10,42,9,5,11,3
U L D BS dl DL DR,2,10,42,9,5,13,4
U L D BS DL dl DR,2,10,42,9,5,15,4
U L D BS dl DR DL,2,10,42,9,5,11,2
U L D dl BS DL DR,2,10,42,9,5,13,3
U L D DL BS dl DR,2,10,42,9,5,11,3
U L D dl BS DR DL,2,10,42,9,5,11,3
U L D dl DL BS DR,2,10,42,9,5,15,4
U L D DL dl BS DR,2,10,42,9,5,11,4
U L dl BS D DL DR,2,10,42,9,5,11,3
U L dl BS D DR DL,2,10,42,9,5,11,3
U L dl D BS DL DR,2,10,42,9,5,15,3
U L dl D BS DR DL,2,10,42,9,5,13,3
U L dl D DL BS DR,2,10,42,9,5,13,3
BS DR L DL D U dl,2,10,44,6,5,11,4
BS DR L DL U D dl,2,10,44,6,5,15,4
BS L DL DR D U dl,2,10,44,6,5,11,4
BS L DL DR U D dl,2,10,44,6,5,15,4
BS L DL U DR D dl,2,10,44,6,5,13,3
BS L DR DL D U dl,2,10,44,6,5,13,4
BS L DR DL U D dl,2,10,44,6,5,17,4
DR BS L DL D U dl,2,10,44,6,5,10,4
DR BS L DL U D dl,2,10,44,6,5,14,4
DR L BS DL D U dl,2,10,44,6,5,14,4
DR L BS DL U D dl,2,10,44,6,5,18,4
DR L DL BS D U dl,2,10,44,6,5,14,4
DR L DL BS U D dl,2,10,44,6,5,16,4
DR L DL D BS U dl,2,10,44,6,5,10,3
DR L DL D U BS dl,2,10,44,6,5,12,4
DR L DL U BS D dl,2,10,44,6,5,14,3
DR L DL U D BS dl,2,10,44,6,5,14,4
L BS DL DR D U dl,2,10,44,6,5,13,4
L BS DL DR U D dl,2,10,44,6,5,17,4
L BS DL U DR D dl,2,10,44,6,5,15,3
L BS DR DL D U dl,2,10,44,6,5,11,4
L BS DR DL U D dl,2,10,44,6,5,15,4
L DL BS DR D U dl,2,10,44,6,5,11,4
L DL BS DR U D dl,2,10,44,6,5,15,4
L DL BS U DR D dl,2,10,44,6,5,13,3
L DL DR BS D U dl,2,10,44,6,5,11,4
L DL DR BS U D dl,2,10,44,6,5,13,4
L DL DR D BS U dl,2,10,44,6,5,9,2
L DL DR D U BS dl,2,10,44,6,5,11,4
L DL DR U BS D dl,2,10,44,6,5,13,3
L DL DR U D BS dl,2,10,44,6,5,13,4
L DL U BS DR D dl,2,10,44,6,5,11,3
L DL U DR BS D dl,2,10,44,6,5,13,3
L DL U DR D BS dl,2,10,44,6,5,11,3
L DR BS DL D U dl,2,10,44,6,5,13,4
L DR BS DL U D dl,2,10,44,6,5,17,4
L DR DL BS D U dl,2,10,44,6,5,15,4
L DR DL BS U D dl,2,10,44,6,5,17,4
L DR DL D BS U dl,2,10,44,6,5,11,3
L DR DL D U BS dl,2,10,44,6,5,13,4
L DR DL U BS D dl,2,10,44,6,5,15,3
L DR DL U D BS dl,2,10,44,6,5,15,4
BS D L DR DL U dl,2,10,44,7,5,13,3
BS L D DR DL U dl,2,10,44,7,5,11,3
D BS L DR DL U dl,2,10,44,7,5,13,3
D L BS DR DL U dl,2,10,44,7,5,11,3
D L DR BS DL U dl,2,10,44,7,5,13,3
D L DR DL BS U dl,2,10,44,7,5,13,3
D L DR DL U BS dl,2,10,44,7,5,13,3
L BS D DR DL U dl,2,10,44,7,5,11,3
L D BS DR DL U dl,2,10,44,7,5,11,3
L D DR BS DL U dl,2,10,44,7,5,11,3
L D DR DL BS U dl,2,10,44,7,5,11,3
L D DR DL U BS dl,2,10,44,7,5,11,3
BS dl DR L D DL U,2,10,44,8,5,12,3
BS dl DR L D U DL,2,10,44,8,5,15,4
BS dl DR L U D DL,2,10,44,8,5,13,4
BS dl DR U L D DL,2,10,44,8,5,11,3
BS dl L DR D DL U,2,10,44,8,5,12,3
BS dl L DR D U DL,2,10,44,8,5,15,4
BS dl L DR U D DL,2,10,44,8,5,15,4
BS DR dl L D DL U,2,10,44,8,5,12,3
BS DR dl L D U DL,2,10,44,8,5,15,4
BS DR dl L U D DL,2,10,44,8,5,13,4
BS DR dl U L D DL,2,10,44,8,5,9,2
BS DR L D dl DL U,2,10,44,8,5,16,4
BS DR L D DL dl U,2,10,44,8,5,12,4
BS DR L D dl U DL,2,10,44,8,5,13,3
BS DR L dl D DL U,2,10,44,8,5,14,3
BS DR L dl D U DL,2,10,44,8,5,17,4
BS DR L dl U D DL,2,10,44,8,5,13,4
BS DR L U dl DL D,2,10,44,8,5,12,4
BS DR L U DL dl D,2,10,44,8,5,16,4
BS DR U dl L DL D,2,10,44,8,5,10,3
BS DR U L dl DL D,2,10,44,8,5,14,4
BS DR U L DL dl D,2,10,44,8,5,14,4
BS L dl DR D DL U,2,10,44,8,5,12,3
BS L dl DR D U DL,2,10,44,8,5,15,4
BS L dl DR U D DL,2,10,44,8,5,15,4
BS L DR D dl DL U,2,10,44,8,5,16,4
BS L DR D DL dl U,2,10,44,8,5,12,4
BS L DR D dl U DL,2,10,44,8,5,13,3
BS L DR dl D DL U,2,10,44,8,5,14,3
BS L DR dl D U DL,2,10,44,8,5,17,4
BS L DR dl U D DL,2,10,44,8,5,13,4
BS L DR U dl DL D,2,10,44,8,5,14,4
BS L DR U DL dl D,2,10,44,8,5,18,4
BS L U DL DR dl D,2,10,44,8,5,14,3
BS L U DR dl DL D,2,10,44,8,5,14,4
BS L U DR DL dl D,2,10,44,8,5,16,4
BS U DR dl L DL D,2,10,44,8,5,12,3
BS U DR L dl DL D,2,10,44,8,5,16,4
BS U DR L DL dl D,2,10,44,8,5,16,4
BS U L DL DR dl D,2,10,44,8,5,12,3
BS U L DR dl DL D,2,10,44,8,5,14,4
BS U L DR DL dl D,2,10,44,8,5,16,4
dl BS DR L D DL U,2,10,44,8,5,11,3
dl BS DR L D U DL,2,10,44,8,5,14,4
dl BS DR L U D DL,2,10,44,8,5,12,4
dl BS DR U L D DL,2,10,44,8,5,10,3
dl BS L DR D DL U,2,10,44,8,5,11,3
dl BS L DR D U DL,2,10,44,8,5,14,4
dl BS L DR U D DL,2,10,44,8,5,14,4
dl DR BS L D DL U,2,10,44,8,5,11,3
dl DR BS L D U DL,2,10,44,8,5,14,4
dl DR BS L U D DL,2,10,44,8,5,12,4
dl DR BS U L D DL,2,10,44,8,5,10,2
dl DR L BS D DL U,2,10,44,8,5,13,3
dl DR L BS D U DL,2,10,44,8,5,16,4
dl DR L BS U D DL,2,10,44,8,5,14,4
dl DR L D BS DL U,2,10,44,8,5,15,3
dl DR L D BS U DL,2,10,44,8,5,14,3
dl DR L D DL BS U,2,10,44,8,5,13,3
dl DR L U BS DL D,2,10,44,8,5,13,3
dl DR L U DL BS D,2,10,44,8,5,15,3
dl DR U BS L DL D,2,10,44,8,5,11,3
dl DR U L BS DL D,2,10,44,8,5,13,3
dl DR U L DL BS D,2,10,44,8,5,13,3
dl L BS DR D DL U,2,10,44,8,5,11,3
dl L BS DR D U DL,2,10,44,8,5,14,4
dl L BS DR U D DL,2,10,44,8,5,14,4
dl L DR BS D DL U,2,10,44,8,5,13,3
dl L DR BS D U DL,2,10,44,8,5,16,4
dl L DR BS U D DL,2,10,44,8,5,14,4
dl L DR D BS DL U,2,10,44,8,5,15,3
dl L DR D BS U DL,2,10,44,8,5,14,3
dl L DR D DL BS U,2,10,44,8,5,13,3
dl L DR U BS DL D,2,10,44,8,5,15,3
dl L DR U DL BS D,2,10,44,8,5,17,3
dl L U DL DR BS D,2,10,44,8,5,13,3
dl L U DR BS DL D,2,10,44,8,5,13,3
dl L U DR DL BS D,2,10,44,8,5,15,3
dl U DR BS L DL D,2,10,44,8,5,9,3
dl U DR L BS DL D,2,10,44,8,5,13,3
dl U DR L DL BS D,2,10,44,8,5,13,3
dl U L DL DR BS D,2,10,44,8,5,9,2
dl U L DR BS DL D,2,10,44,8,5,11,3
dl U L DR DL BS D,2,10,44,8,5,13,3
DR BS dl L D DL U,2,10,44,8,5,11,3
DR BS dl L D U DL,2,10,44,8,5,14,4
DR BS dl L U D DL,2,10,44,8,5,12,4
DR BS dl U L D DL,2,10,44,8,5,8,2
DR BS L D dl DL U,2,10,44,8,5,15,4
DR BS L D DL dl U,2,10,44,8,5,11,4
DR BS L D dl U DL,2,10,44,8,5,12,3
DR BS L dl D DL U,2,10,44,8,5,13,3
DR BS L dl D U DL,2,10,44,8,5,16,4
DR BS L dl U D DL,2,10,44,8,5,12,4
DR BS L U dl DL D,2,10,44,8,5,11,4
DR BS L U DL dl D,2,10,44,8,5,15,4
DR BS U dl L DL D,2,10,44,8,5,9,3
DR BS U L dl DL D,2,10,44,8,5,13,4
DR BS U L DL dl D,2,10,44,8,5,13,4
DR dl BS L D DL U,2,10,44,8,5,11,3
DR dl BS L D U DL,2,10,44,8,5,14,4
DR dl BS L U D DL,2,10,44,8,5,12,4
DR dl BS U L D DL,2,10,44,8,5,10,2
DR dl L BS D DL U,2,10,44,8,5,13,3
DR dl L BS D U DL,2,10,44,8,5,16,4
DR dl L BS U D DL,2,10,44,8,5,14,4
DR dl L D BS DL U,2,10,44,8,5,15,3
DR dl L D BS U DL,2,10,44,8,5,14,3
DR dl L D DL BS U,2,10,44,8,5,13,3
DR dl L U BS DL D,2,10,44,8,5,13,3
DR dl L U DL BS D,2,10,44,8,5,15,3
DR dl U BS L DL D,2,10,44,8,5,9,2
DR dl U L BS DL D,2,10,44,8,5,11,3
DR dl U L DL BS D,2,10,44,8,5,11,3
DR L BS D dl DL U,2,10,44,8,5,17,4
DR L BS D DL dl U,2,10,44,8,5,13,4
DR L BS D dl U DL,2,10,44,8,5,14,3
DR L BS dl D DL U,2,10,44,8,5,13,3
DR L BS dl D U DL,2,10,44,8,5,16,4
DR L BS dl U D DL,2,10,44,8,5,12,4
DR L BS U dl DL D,2,10,44,8,5,13,4
DR L BS U DL dl D,2,10,44,8,5,17,4
DR L D BS dl DL U,2,10,44,8,5,15,4
DR L D BS DL dl U,2,10,44,8,5,15,4
DR L D BS dl U DL,2,10,44,8,5,12,3
DR L D dl BS DL U,2,10,44,8,5,15,3
DR L D DL BS dl U,2,10,44,8,5,11,3
DR L D dl BS U DL,2,10,44,8,5,14,3
DR L D dl DL BS U,2,10,44,8,5,17,4
DR L D DL dl BS U,2,10,44,8,5,13,4
DR L dl BS D DL U,2,10,44,8,5,13,3
DR L dl BS D U DL,2,10,44,8,5,16,4
DR L dl BS U D DL,2,10,44,8,5,14,4
DR L dl D BS DL U,2,10,44,8,5,17,3
DR L dl D BS U DL,2,10,44,8,5,16,3
DR L dl D DL BS U,2,10,44,8,5,15,3
DR L dl U BS DL D,2,10,44,8,5,13,3
DR L dl U DL BS D,2,10,44,8,5,15,3
DR L U BS dl DL D,2,10,44,8,5,13,4
DR L U BS DL dl D,2,10,44,8,5,17,4
DR L U dl BS DL D,2,10,44,8,5,11,3
DR L U DL BS dl D,2,10,44,8,5,15,3
DR L U dl DL BS D,2,10,44,8,5,15,4
DR L U DL dl BS D,2,10,44,8,5,15,4
DR U BS dl L DL D,2,10,44,8,5,11,3
DR U BS L dl DL D,2,10,44,8,5,15,4
DR U BS L DL dl D,2,10,44,8,5,15,4
DR U dl BS L DL D,2,10,44,8,5,9,3
DR U dl L BS DL D,2,10,44,8,5,13,3
DR U dl L DL BS D,2,10,44,8,5,13,3
DR U L BS dl DL D,2,10,44,8,5,13,4
DR U L BS DL dl D,2,10,44,8,5,17,4
DR U L dl BS DL D,2,10,44,8,5,13,3
DR U L DL BS dl D,2,10,44,8,5,13,3
DR U L dl DL BS D,2,10,44,8,5,17,4
DR U L DL dl BS D,2,10,44,8,5,13,4
L BS dl DR D DL U,2,10,44,8,5,10,3
L BS dl DR D U DL,2,10,44,8,5,13,4
L BS dl DR U D DL,2,10,44,8,5,13,4
L BS DR D dl DL U,2,10,44,8,5,14,4
L BS DR D DL dl U,2,10,44,8,5,10,4
L BS DR D dl U DL,2,10,44,8,5,11,3
L BS DR dl D DL U,2,10,44,8,5,12,3
L BS DR dl D U DL,2,10,44,8,5,15,4
L BS DR dl U D DL,2,10,44,8,5,11,4
L BS DR U dl DL D,2,10,44,8,5,12,4
L BS DR U DL dl D,2,10,44,8,5,16,4
L BS U DL DR dl D,2,10,44,8,5,14,3
L BS U DR dl DL D,2,10,44,8,5,14,4
L BS U DR DL dl D,2,10,44,8,5,16,4
L dl BS DR D DL U,2,10,44,8,5,10,3
L dl BS DR D U DL,2,10,44,8,5,13,4
L dl BS DR U D DL,2,10,44,8,5,13,4
L dl DR BS D DL U,2,10,44,8,5,12,3
L dl DR BS D U DL,2,10,44,8,5,15,4
L dl DR BS U D DL,2,10,44,8,5,13,4
L dl DR D BS DL U,2,10,44,8,5,14,3
L dl DR D BS U DL,2,10,44,8,5,13,3
L dl DR D DL BS U,2,10,44,8,5,12,3
L dl DR U BS DL D,2,10,44,8,5,14,3
L dl DR U DL BS D,2,10,44,8,5,16,3
L dl U DL DR BS D,2,10,44,8,5,12,3
L dl U DR BS DL D,2,10,44,8,5,12,3
L dl U DR DL BS D,2,10,44,8,5,14,3
L DR BS D dl DL U,2,10,44,8,5,16,4
L DR BS D DL dl U,2,10,44,8,5,12,4
L DR BS D dl U DL,2,10,44,8,5,13,3
L DR BS dl D DL U,2,10,44,8,5,12,3
L DR BS dl D U DL,2,10,44,8,5,15,4
L DR BS dl U D DL,2,10,44,8,5,11,4
L DR BS U dl DL D,2,10,44,8,5,12,4
L DR BS U DL dl D,2,10,44,8,5,16,4
L DR D BS dl DL U,2,10,44,8,5,14,4
L DR D BS DL dl U,2,10,44,8,5,14,4
L DR D BS dl U DL,2,10,44,8,5,11,3
L DR D dl BS DL U,2,10,44,8,5,14,3
L DR D DL BS dl U,2,10,44,8,5,10,3
L DR D dl BS U DL,2,10,44,8,5,13,3
L DR D dl DL BS U,2,10,44,8,5,16,4
L DR D DL dl BS U,2,10,44,8,5,12,4
L DR dl BS D DL U,2,10,44,8,5,12,3
L DR dl BS D U DL,2,10,44,8,5,15,4
L DR dl BS U D DL,2,10,44,8,5,13,4
L DR dl D BS DL U,2,10,44,8,5,16,3
L DR dl D BS U DL,2,10,44,8,5,15,3
L DR dl D DL BS U,2,10,44,8,5,14,3
L DR dl U BS DL D,2,10,44,8,5,12,3
L DR dl U DL BS D,2,10,44,8,5,14,3
L DR U BS dl DL D,2,10,44,8,5,14,4
L DR U BS DL dl D,2,10,44,8,5,18,4
L DR U dl BS DL D,2,10,44,8,5,12,3
L DR U DL BS dl D,2,10,44,8,5,16,3
L DR U dl DL BS D,2,10,44,8,5,16,4
L DR U DL dl BS D,2,10,44,8,5,16,4
L U BS DL DR dl D,2,10,44,8,5,14,3
L U BS DR dl DL D,2,10,44,8,5,12,4
L U BS DR DL dl D,2,10,44,8,5,14,4
L U DL BS DR dl D,2,10,44,8,5,14,3
L U dl DL DR BS D,2,10,44,8,5,12,4
L U DL dl DR BS D,2,10,44,8,5,14,4
L U dl DR BS DL D,2,10,44,8,5,10,3
L U DL DR BS dl D,2,10,44,8,5,12,3
L U dl DR DL BS D,2,10,44,8,5,12,3
L U DL DR dl BS D,2,10,44,8,5,12,3
L U DR BS dl DL D,2,10,44,8,5,12,4
L U DR BS DL dl D,2,10,44,8,5,16,4
L U DR dl BS DL D,2,10,44,8,5,12,3
L U DR DL BS dl D,2,10,44,8,5,14,3
L U DR dl DL BS D,2,10,44,8,5,16,4
L U DR DL dl BS D,2,10,44,8,5,14,4
U BS DR dl L DL D,2,10,44,8,5,10,3
U BS DR L dl DL D,2,10,44,8,5,14,4
U BS DR L DL dl D,2,10,44,8,5,14,4
U BS L DL DR dl D,2,10,44,8,5,12,3
U BS L DR dl DL D,2,10,44,8,5,14,4
U BS L DR DL dl D,2,10,44,8,5,16,4
U dl DR BS L DL D,2,10,44,8,5,8,2
U dl DR L BS DL D,2,10,44,8,5,12,3
U dl DR L DL BS D,2,10,44,8,5,12,3
U dl L DL DR BS D,2,10,44,8,5,10,3
U dl L DR BS DL D,2,10,44,8,5,12,3
U dl L DR DL BS D,2,10,44,8,5,14,3
U DR BS dl L DL D,2,10,44,8,5,10,3
U DR BS L dl DL D,2,10,44,8,5,14,4
U DR BS L DL dl D,2,10,44,8,5,14,4
U DR dl BS L DL D,2,10,44,8,5,10,3
U DR dl L BS DL D,2,10,44,8,5,14,3
U DR dl L DL BS D,2,10,44,8,5,14,3
U DR L BS dl DL D,2,10,44,8,5,14,4
U DR L BS DL dl D,2,10,44,8,5,18,4
U DR L dl BS DL D,2,10,44,8,5,14,3
U DR L DL BS dl D,2,10,44,8,5,14,3
U DR L dl DL BS D,2,10,44,8,5,18,4
U DR L DL dl BS D,2,10,44,8,5,14,4
U L BS DL DR dl D,2,10,44,8,5,14,3
U L BS DR dl DL D,2,10,44,8,5,12,4
U L BS DR DL dl D,2,10,44,8,5,14,4
U L DL BS DR dl D,2,10,44,8,5,12,3
U L dl DL DR BS D,2,10,44,8,5,14,4
U L DL dl DR BS D,2,10,44,8,5,12,4
U L dl DR BS DL D,2,10,44,8,5,12,3
U L DL DR BS dl D,2,10,44,8,5,10,3
U L dl DR DL BS D,2,10,44,8,5,14,3
U L DL DR dl BS D,2,10,44,8,5,10,2
U L DR BS dl DL D,2,10,44,8,5,12,4
U L DR BS DL dl D,2,10,44,8,5,16,4
U L DR dl BS DL D,2,10,44,8,5,12,3
U L DR DL BS dl D,2,10,44,8,5,14,3
U L DR dl DL BS D,2,10,44,8,5,16,4
U L DR DL dl BS D,2,10,44,8,5,14,4
BS dl DL DR D L U,2,10,46,7,5,12,4
BS DL dl DR D L U,2,10,46,7,5,14,4
BS dl DL DR D U L,2,10,46,7,5,14,4
BS DL dl DR D U L,2,10,46,7,5,16,4
BS dl DL DR U D L,2,10,46,7,5,16,4
BS DL dl DR U D L,2,10,46,7,5,18,4
BS dl DL DR U L D,2,10,46,7,5,14,4
BS DL dl DR U L D,2,10,46,7,5,16,4
BS DL DR D dl L U,2,10,46,7,5,14,3
BS DL DR D dl U L,2,10,46,7,5,12,3
BS DL DR D L dl U,2,10,46,7,5,12,3
BS dl DR DL D L U,2,10,46,7,5,10,2
BS DL DR dl D L U,2,10,46,7,5,14,3
BS dl DR DL D U L,2,10,46,7,5,12,4
BS DL DR dl D U L,2,10,46,7,5,16,4
BS dl DR DL U D L,2,10,46,7,5,14,4
BS DL DR dl U D L,2,10,46,7,5,14,4
BS dl DR DL U L D,2,10,46,7,5,12,3
BS DL DR dl U L D,2,10,46,7,5,12,3
BS dl DR U DL D L,2,10,46,7,5,12,3
BS dl DR U DL L D,2,10,46,7,5,12,3
BS DR DL D dl L U,2,10,46,7,5,12,3
BS DR DL D dl U L,2,10,46,7,5,10,3
BS DR DL D L dl U,2,10,46,7,5,10,3
BS DR dl DL D L U,2,10,46,7,5,12,4
BS DR DL dl D L U,2,10,46,7,5,14,4
BS DR dl DL D U L,2,10,46,7,5,14,4
BS DR DL dl D U L,2,10,46,7,5,16,4
BS DR dl DL U D L,2,10,46,7,5,16,4
BS DR DL dl U D L,2,10,46,7,5,14,4
BS DR dl DL U L D,2,10,46,7,5,14,4
BS DR DL dl U L D,2,10,46,7,5,12,4
BS DR dl U DL D L,2,10,46,7,5,10,3
BS DR dl U DL L D,2,10,46,7,5,10,3
dl BS DL DR D L U,2,10,46,7,5,11,3
DL BS dl DR D L U,2,10,46,7,5,11,3
dl BS DL DR D U L,2,10,46,7,5,13,4
DL BS dl DR D U L,2,10,46,7,5,13,4
dl BS DL DR U D L,2,10,46,7,5,15,4
DL BS dl DR U D L,2,10,46,7,5,15,4
dl BS DL DR U L D,2,10,46,7,5,13,3
DL BS dl DR U L D,2,10,46,7,5,13,3
DL BS DR D dl L U,2,10,46,7,5,13,3
DL BS DR D dl U L,2,10,46,7,5,11,3
DL BS DR D L dl U,2,10,46,7,5,11,3
dl BS DR DL D L U,2,10,46,7,5,9,2
DL BS DR dl D L U,2,10,46,7,5,13,3
dl BS DR DL D U L,2,10,46,7,5,11,4
DL BS DR dl D U L,2,10,46,7,5,15,4
dl BS DR DL U D L,2,10,46,7,5,13,4
DL BS DR dl U D L,2,10,46,7,5,13,4
dl BS DR DL U L D,2,10,46,7,5,11,3
DL BS DR dl U L D,2,10,46,7,5,11,3
dl BS DR U DL D L,2,10,46,7,5,11,3
dl BS DR U DL L D,2,10,46,7,5,11,3
dl DL BS DR D L U,2,10,46,7,5,13,4
DL dl BS DR D L U,2,10,46,7,5,11,4
dl DL BS DR D U L,2,10,46,7,5,15,4
DL dl BS DR D U L,2,10,46,7,5,13,4
dl DL BS DR U D L,2,10,46,7,5,17,4
DL dl BS DR U D L,2,10,46,7,5,15,4
dl DL BS DR U L D,2,10,46,7,5,15,4
DL dl BS DR U L D,2,10,46,7,5,13,4
dl DL DR BS D L U,2,10,46,7,5,13,4
DL dl DR BS D L U,2,10,46,7,5,13,4
dl DL DR BS D U L,2,10,46,7,5,15,4
DL dl DR BS D U L,2,10,46,7,5,15,4
dl DL DR BS U D L,2,10,46,7,5,15,4
DL dl DR BS U D L,2,10,46,7,5,15,4
dl DL DR BS U L D,2,10,46,7,5,13,4
DL dl DR BS U L D,2,10,46,7,5,13,4
dl DL DR D BS L U,2,10,46,7,5,13,4
DL dl DR D BS L U,2,10,46,7,5,13,4
dl DL DR D BS U L,2,10,46,7,5,13,4
DL dl DR D BS U L,2,10,46,7,5,13,4
DL DR BS D dl L U,2,10,46,7,5,13,3
DL DR BS D dl U L,2,10,46,7,5,11,3
DL DR BS D L dl U,2,10,46,7,5,11,3
dl DR BS DL D L U,2,10,46,7,5,11,3
DL DR BS dl D L U,2,10,46,7,5,11,3
dl DR BS DL D U L,2,10,46,7,5,13,4
DL DR BS dl D U L,2,10,46,7,5,13,4
dl DR BS DL U D L,2,10,46,7,5,15,4
DL DR BS dl U D L,2,10,46,7,5,11,4
dl DR BS DL U L D,2,10,46,7,5,13,3
DL DR BS dl U L D,2,10,46,7,5,9,2
dl DR BS U DL D L,2,10,46,7,5,11,3
dl DR BS U DL L D,2,10,46,7,5,11,3
DL DR D BS dl L U,2,10,46,7,5,11,3
DL DR D BS dl U L,2,10,46,7,5,9,2
DL DR D BS L dl U,2,10,46,7,5,11,3
DL DR D dl BS L U,2,10,46,7,5,11,3
DL DR D dl BS U L,2,10,46,7,5,11,3
dl DR DL BS D L U,2,10,46,7,5,13,3
DL DR dl BS D L U,2,10,46,7,5,11,2
dl DR DL BS D U L,2,10,46,7,5,15,4
DL DR dl BS D U L,2,10,46,7,5,13,4
dl DR DL BS U D L,2,10,46,7,5,15,4
DL DR dl BS U D L,2,10,46,7,5,13,4
dl DR DL BS U L D,2,10,46,7,5,13,3
DL DR dl BS U L D,2,10,46,7,5,11,2
dl DR DL D BS L U,2,10,46,7,5,11,2
DL DR dl D BS L U,2,10,46,7,5,13,3
dl DR DL D BS U L,2,10,46,7,5,11,2
DL DR dl D BS U L,2,10,46,7,5,13,3
DR BS DL D dl L U,2,10,46,7,5,13,3
DR BS DL D dl U L,2,10,46,7,5,11,3
DR BS DL D L dl U,2,10,46,7,5,11,3
DR BS dl DL D L U,2,10,46,7,5,11,4
DR BS DL dl D L U,2,10,46,7,5,15,4
DR BS dl DL D U L,2,10,46,7,5,13,4
DR BS DL dl D U L,2,10,46,7,5,17,4
DR BS dl DL U D L,2,10,46,7,5,15,4
DR BS DL dl U D L,2,10,46,7,5,15,4
DR BS dl DL U L D,2,10,46,7,5,13,4
DR BS DL dl U L D,2,10,46,7,5,13,4
DR BS dl U DL D L,2,10,46,7,5,9,3
DR BS dl U DL L D,2,10,46,7,5,9,3
DR DL BS D dl L U,2,10,46,7,5,15,3
DR DL BS D dl U L,2,10,46,7,5,13,3
DR DL BS D L dl U,2,10,46,7,5,13,3
DR dl BS DL D L U,2,10,46,7,5,11,3
DR DL BS dl D L U,2,10,46,7,5,13,3
DR dl BS DL D U L,2,10,46,7,5,13,4
DR DL BS dl D U L,2,10,46,7,5,15,4
DR dl BS DL U D L,2,10,46,7,5,15,4
DR DL BS dl U D L,2,10,46,7,5,13,4
DR dl BS DL U L D,2,10,46,7,5,13,3
DR DL BS dl U L D,2,10,46,7,5,11,3
DR dl BS U DL D L,2,10,46,7,5,11,3
DR dl BS U DL L D,2,10,46,7,5,11,3
DR DL D BS dl L U,2,10,46,7,5,11,3
DR DL D BS dl U L,2,10,46,7,5,9,2
DR DL D BS L dl U,2,10,46,7,5,11,3
DR DL D dl BS L U,2,10,46,7,5,11,3
DR DL D dl BS U L,2,10,46,7,5,11,3
DR dl DL BS D L U,2,10,46,7,5,15,4
DR DL dl BS D L U,2,10,46,7,5,13,4
DR dl DL BS D U L,2,10,46,7,5,17,4
DR DL dl BS D U L,2,10,46,7,5,15,4
DR dl DL BS U D L,2,10,46,7,5,17,4
DR DL dl BS U D L,2,10,46,7,5,15,4
DR dl DL BS U L D,2,10,46,7,5,15,4
DR DL dl BS U L D,2,10,46,7,5,13,4
DR dl DL D BS L U,2,10,46,7,5,13,4
DR DL dl D BS L U,2,10,46,7,5,15,4
DR dl DL D BS U L,2,10,46,7,5,13,4
DR DL dl D BS U L,2,10,46,7,5,15,4
BS D L DR U DL dl,2,10,46,8,5,17,4
BS D L U DR DL dl,2,10,46,8,5,15,4
BS D U L DR DL dl,2,10,46,8,5,17,4
BS L D DR U DL dl,2,10,46,8,5,15,4
BS L D U DR DL dl,2,10,46,8,5,17,4
BS L U D DR DL dl,2,10,46,8,5,15,4
BS U D L DR DL dl,2,10,46,8,5,17,4
BS U L D DR DL dl,2,10,46,8,5,13,4
D BS L DR U DL dl,2,10,46,8,5,17,4
D BS L U DR DL dl,2,10,46,8,5,15,4
D BS U L DR DL dl,2,10,46,8,5,15,4
D L BS DR U DL dl,2,10,46,8,5,15,4
D L BS U DR DL dl,2,10,46,8,5,15,4
D L DR BS U DL dl,2,10,46,8,5,15,4
D L DR U BS DL dl,2,10,46,8,5,17,4
D L DR U DL BS dl,2,10,46,8,5,15,3
D L U BS DR DL dl,2,10,46,8,5,13,4
D L U DR BS DL dl,2,10,46,8,5,15,4
D L U DR DL BS dl,2,10,46,8,5,13,3
D U BS L DR DL dl,2,10,46,8,5,17,4
D U L BS DR DL dl,2,10,46,8,5,15,4
D U L DR BS DL dl,2,10,46,8,5,17,4
D U L DR DL BS dl,2,10,46,8,5,15,4
L BS D DR U DL dl,2,10,46,8,5,15,4
L BS D U DR DL dl,2,10,46,8,5,17,4
L BS U D DR DL dl,2,10,46,8,5,15,4
L D BS DR U DL dl,2,10,46,8,5,15,4
L D BS U DR DL dl,2,10,46,8,5,15,4
L D DR BS U DL dl,2,10,46,8,5,13,4
L D DR U BS DL dl,2,10,46,8,5,15,4
L D DR U DL BS dl,2,10,46,8,5,13,3
L D U BS DR DL dl,2,10,46,8,5,15,4
L D U DR BS DL dl,2,10,46,8,5,17,4
L D U DR DL BS dl,2,10,46,8,5,15,4
L U BS D DR DL dl,2,10,46,8,5,13,4
L U D BS DR DL dl,2,10,46,8,5,15,4
L U D DR BS DL dl,2,10,46,8,5,15,4
L U D DR DL BS dl,2,10,46,8,5,13,4
U BS D L DR DL dl,2,10,46,8,5,15,4
U BS L D DR DL dl,2,10,46,8,5,13,4
U D BS L DR DL dl,2,10,46,8,5,17,4
U D L BS DR DL dl,2,10,46,8,5,15,4
U D L DR BS DL dl,2,10,46,8,5,17,4
U D L DR DL BS dl,2,10,46,8,5,15,4
U L BS D DR DL dl,2,10,46,8,5,13,4
U L D BS DR DL dl,2,10,46,8,5,13,4
U L D DR BS DL dl,2,10,46,8,5,13,4
U L D DR DL BS dl,2,10,46,8,5,11,3
BS DR L D U dl DL,2,10,46,9,5,15,4
BS DR L U D dl DL,2,10,46,9,5,17,4
BS DR L U dl D DL,2,10,46,9,5,11,3
BS DR U dl L D DL,2,10,46,9,5,11,3
BS DR U L D dl DL,2,10,46,9,5,15,4
BS DR U L dl D DL,2,10,46,9,5,13,3
BS L DR D U dl DL,2,10,46,9,5,15,4
BS L DR U D dl DL,2,10,46,9,5,19,4
BS L DR U dl D DL,2,10,46,9,5,13,3
BS L U DR D dl DL,2,10,46,9,5,15,4
BS L U DR dl D DL,2,10,46,9,5,13,3
BS U DR dl L D DL,2,10,46,9,5,13,3
BS U DR L D dl DL,2,10,46,9,5,17,4
BS U DR L dl D DL,2,10,46,9,5,15,3
BS U L DR D dl DL,2,10,46,9,5,15,4
BS U L DR dl D DL,2,10,46,9,5,13,3
dl DR L D U BS DL,2,10,46,9,5,16,4
dl DR L U BS D DL,2,10,46,9,5,12,3
dl DR L U D BS DL,2,10,46,9,5,16,4
dl DR U BS L D DL,2,10,46,9,5,12,3
dl DR U L BS D DL,2,10,46,9,5,12,3
dl DR U L D BS DL,2,10,46,9,5,14,3
dl L DR D U BS DL,2,10,46,9,5,16,4
dl L DR U BS D DL,2,10,46,9,5,14,3
dl L DR U D BS DL,2,10,46,9,5,18,4
dl L U DR BS D DL,2,10,46,9,5,12,3
dl L U DR D BS DL,2,10,46,9,5,14,3
dl U DR BS L D DL,2,10,46,9,5,10,3
dl U DR L BS D DL,2,10,46,9,5,12,3
dl U DR L D BS DL,2,10,46,9,5,14,3
dl U L DR BS D DL,2,10,46,9,5,10,3
dl U L DR D BS DL,2,10,46,9,5,12,3
DR BS L D U dl DL,2,10,46,9,5,14,4
DR BS L U D dl DL,2,10,46,9,5,16,4
DR BS L U dl D DL,2,10,46,9,5,10,3
DR BS U dl L D DL,2,10,46,9,5,10,3
DR BS U L D dl DL,2,10,46,9,5,14,4
DR BS U L dl D DL,2,10,46,9,5,12,3
DR dl L D U BS DL,2,10,46,9,5,16,4
DR dl L U BS D DL,2,10,46,9,5,12,3
DR dl L U D BS DL,2,10,46,9,5,16,4
DR dl U BS L D DL,2,10,46,9,5,10,2
DR dl U L BS D DL,2,10,46,9,5,10,2
DR dl U L D BS DL,2,10,46,9,5,12,3
DR L BS D U dl DL,2,10,46,9,5,16,4
DR L BS U D dl DL,2,10,46,9,5,18,4
DR L BS U dl D DL,2,10,46,9,5,12,3
DR L D BS U dl DL,2,10,46,9,5,14,4
DR L D dl U BS DL,2,10,46,9,5,14,3
DR L D U BS dl DL,2,10,46,9,5,16,4
DR L D U dl BS DL,2,10,46,9,5,14,4
DR L dl D U BS DL,2,10,46,9,5,18,4
DR L dl U BS D DL,2,10,46,9,5,12,3
DR L dl U D BS DL,2,10,46,9,5,16,4
DR L U BS D dl DL,2,10,46,9,5,16,4
DR L U BS dl D DL,2,10,46,9,5,12,3
DR L U D BS dl DL,2,10,46,9,5,16,4
DR L U D dl BS DL,2,10,46,9,5,16,4
DR L U dl BS D DL,2,10,46,9,5,10,3
DR L U dl D BS DL,2,10,46,9,5,14,3
DR U BS dl L D DL,2,10,46,9,5,12,3
DR U BS L D dl DL,2,10,46,9,5,16,4
DR U BS L dl D DL,2,10,46,9,5,14,3
DR U dl BS L D DL,2,10,46,9,5,10,3
DR U dl L BS D DL,2,10,46,9,5,12,3
DR U dl L D BS DL,2,10,46,9,5,14,3
DR U L BS D dl DL,2,10,46,9,5,16,4
DR U L BS dl D DL,2,10,46,9,5,12,3
DR U L D BS dl DL,2,10,46,9,5,14,4
DR U L D dl BS DL,2,10,46,9,5,14,3
DR U L dl BS D DL,2,10,46,9,5,12,3
DR U L dl D BS DL,2,10,46,9,5,16,3
L BS DR D U dl DL,2,10,46,9,5,13,4
L BS DR U D dl DL,2,10,46,9,5,17,4
L BS DR U dl D DL,2,10,46,9,5,11,3
L BS U DR D dl DL,2,10,46,9,5,15,4
L BS U DR dl D DL,2,10,46,9,5,13,3
L dl DR D U BS DL,2,10,46,9,5,15,4
L dl DR U BS D DL,2,10,46,9,5,13,3
L dl DR U D BS DL,2,10,46,9,5,17,4
L dl U DR BS D DL,2,10,46,9,5,11,3
L dl U DR D BS DL,2,10,46,9,5,13,3
L DR BS D U dl DL,2,10,46,9,5,15,4
L DR BS U D dl DL,2,10,46,9,5,17,4
L DR BS U dl D DL,2,10,46,9,5,11,3
L DR D BS U dl DL,2,10,46,9,5,13,4
L DR D dl U BS DL,2,10,46,9,5,13,3
L DR D U BS dl DL,2,10,46,9,5,15,4
L DR D U dl BS DL,2,10,46,9,5,13,4
L DR dl D U BS DL,2,10,46,9,5,17,4
L DR dl U BS D DL,2,10,46,9,5,11,3
L DR dl U D BS DL,2,10,46,9,5,15,4
L DR U BS D dl DL,2,10,46,9,5,17,4
L DR U BS dl D DL,2,10,46,9,5,13,3
L DR U D BS dl DL,2,10,46,9,5,17,4
L DR U D dl BS DL,2,10,46,9,5,17,4
L DR U dl BS D DL,2,10,46,9,5,11,3
L DR U dl D BS DL,2,10,46,9,5,15,3
L U BS DR D dl DL,2,10,46,9,5,13,4
L U BS DR dl D DL,2,10,46,9,5,11,3
L U dl DR BS D DL,2,10,46,9,5,9,2
L U dl DR D BS DL,2,10,46,9,5,11,3
L U DR BS D dl DL,2,10,46,9,5,15,4
L U DR BS dl D DL,2,10,46,9,5,11,3
L U DR D BS dl DL,2,10,46,9,5,13,4
L U DR D dl BS DL,2,10,46,9,5,13,3
L U DR dl BS D DL,2,10,46,9,5,11,3
L U DR dl D BS DL,2,10,46,9,5,15,3
U BS DR dl L D DL,2,10,46,9,5,11,3
U BS DR L D dl DL,2,10,46,9,5,15,4
U BS DR L dl D DL,2,10,46,9,5,13,3
U BS L DR D dl DL,2,10,46,9,5,15,4
U BS L DR dl D DL,2,10,46,9,5,13,3
U dl DR BS L D DL,2,10,46,9,5,9,2
U dl DR L BS D DL,2,10,46,9,5,11,3
U dl DR L D BS DL,2,10,46,9,5,13,3
U dl L DR BS D DL,2,10,46,9,5,11,3
U dl L DR D BS DL,2,10,46,9,5,13,3
U DR BS dl L D DL,2,10,46,9,5,11,3
U DR BS L D dl DL,2,10,46,9,5,15,4
U DR BS L dl D DL,2,10,46,9,5,13,3
U DR dl BS L D DL,2,10,46,9,5,11,3
U DR dl L BS D DL,2,10,46,9,5,13,3
U DR dl L D BS DL,2,10,46,9,5,15,3
U DR L BS D dl DL,2,10,46,9,5,17,4
U DR L BS dl D DL,2,10,46,9,5,13,3
U DR L D BS dl DL,2,10,46,9,5,15,4
U DR L D dl BS DL,2,10,46,9,5,15,3
U DR L dl BS D DL,2,10,46,9,5,13,3
U DR L dl D BS DL,2,10,46,9,5,17,3
U L BS DR D dl DL,2,10,46,9,5,13,4
U L BS DR dl D DL,2,10,46,9,5,11,3
U L dl DR BS D DL,2,10,46,9,5,11,3
U L dl DR D BS DL,2,10,46,9,5,13,3
U L DR BS D dl DL,2,10,46,9,5,15,4
U L DR BS dl D DL,2,10,46,9,5,11,3
U L DR D BS dl DL,2,10,46,9,5,13,4
U L DR D dl BS DL,2,10,46,9,5,13,3
U L DR dl BS D DL,2,10,46,9,5,11,3
U L DR dl D BS DL,2,10,46,9,5,15,3
BS dl DL DR L D U,2,10,48,8,5,16,4
BS DL dl DR L D U,2,10,48,8,5,18,4
BS dl DL DR L U D,2,10,48,8,5,16,4
BS DL dl DR L U D,2,10,48,8,5,18,4
BS dl DL L DR D U,2,10,48,8,5,14,4
BS DL dl L DR D U,2,10,48,8,5,18,4
BS dl DL L DR U D,2,10,48,8,5,16,4
BS DL dl L DR U D,2,10,48,8,5,20,4
BS DL DR D U dl L,2,10,48,8,5,14,4
BS dl DR DL L D U,2,10,48,8,5,12,4
BS DL DR dl L D U,2,10,48,8,5,16,4
BS dl DR DL L U D,2,10,48,8,5,12,4
BS DL DR dl L U D,2,10,48,8,5,16,4
BS DL DR L D dl U,2,10,48,8,5,14,3
BS DL DR L dl D U,2,10,48,8,5,18,4
BS DL DR L dl U D,2,10,48,8,5,16,4
BS DL DR L U dl D,2,10,48,8,5,14,3
BS DL DR U D dl L,2,10,48,8,5,18,4
BS DL DR U dl D L,2,10,48,8,5,14,3
BS DL DR U dl L D,2,10,48,8,5,14,3
BS DL DR U L dl D,2,10,48,8,5,16,3
BS DL L dl DR D U,2,10,48,8,5,14,4
BS DL L dl DR U D,2,10,48,8,5,16,4
BS DL L DR D dl U,2,10,48,8,5,12,3
BS DL L DR dl D U,2,10,48,8,5,16,4
BS DL L DR dl U D,2,10,48,8,5,14,4
BS DL L DR U dl D,2,10,48,8,5,14,3
BS DL L U DR dl D,2,10,48,8,5,14,3
BS DL U DR D dl L,2,10,48,8,5,16,3
BS DL U DR dl D L,2,10,48,8,5,16,3
BS DL U DR dl L D,2,10,48,8,5,16,3
BS DL U DR L dl D,2,10,48,8,5,18,3
BS DL U L DR dl D,2,10,48,8,5,16,3
BS DR DL D U dl L,2,10,48,8,5,12,4
BS DR dl DL L D U,2,10,48,8,5,14,4
BS DR DL dl L D U,2,10,48,8,5,16,4
BS DR dl DL L U D,2,10,48,8,5,14,4
BS DR DL dl L U D,2,10,48,8,5,16,4
BS DR DL L D dl U,2,10,48,8,5,10,3
BS DR DL L dl D U,2,10,48,8,5,14,4
BS DR DL L dl U D,2,10,48,8,5,12,4
BS DR DL L U dl D,2,10,48,8,5,10,3
BS DR DL U D dl L,2,10,48,8,5,16,4
BS DR DL U dl D L,2,10,48,8,5,12,3
BS DR DL U dl L D,2,10,48,8,5,12,3
BS DR DL U L dl D,2,10,48,8,5,14,3
BS DR U DL D dl L,2,10,48,8,5,14,3
BS DR U dl DL D L,2,10,48,8,5,12,4
BS DR U DL dl D L,2,10,48,8,5,16,4
BS DR U dl DL L D,2,10,48,8,5,12,4
BS DR U DL dl L D,2,10,48,8,5,16,4
BS DR U DL L dl D,2,10,48,8,5,14,3
BS U DL DR D dl L,2,10,48,8,5,14,3
BS U DL DR dl D L,2,10,48,8,5,14,3
BS U DL DR dl L D,2,10,48,8,5,14,3
BS U DL DR L dl D,2,10,48,8,5,16,3
BS U DL L DR dl D,2,10,48,8,5,14,3
BS U DR DL D dl L,2,10,48,8,5,14,3
BS U DR dl DL D L,2,10,48,8,5,14,4
BS U DR DL dl D L,2,10,48,8,5,16,4
BS U DR dl DL L D,2,10,48,8,5,14,4
BS U DR DL dl L D,2,10,48,8,5,16,4
BS U DR DL L dl D,2,10,48,8,5,14,3
dl BS DL DR L D U,2,10,48,8,5,15,4
DL BS dl DR L D U,2,10,48,8,5,15,4
dl BS DL DR L U D,2,10,48,8,5,15,4
DL BS dl DR L U D,2,10,48,8,5,15,4
dl BS DL L DR D U,2,10,48,8,5,13,4
DL BS dl L DR D U,2,10,48,8,5,15,4
dl BS DL L DR U D,2,10,48,8,5,15,4
DL BS dl L DR U D,2,10,48,8,5,17,4
DL BS DR D U dl L,2,10,48,8,5,13,4
dl BS DR DL L D U,2,10,48,8,5,11,4
DL BS DR dl L D U,2,10,48,8,5,15,4
dl BS DR DL L U D,2,10,48,8,5,11,4
DL BS DR dl L U D,2,10,48,8,5,15,4
DL BS DR L D dl U,2,10,48,8,5,13,3
DL BS DR L dl D U,2,10,48,8,5,17,4
DL BS DR L dl U D,2,10,48,8,5,15,4
DL BS DR L U dl D,2,10,48,8,5,13,3
DL BS DR U D dl L,2,10,48,8,5,17,4
DL BS DR U dl D L,2,10,48,8,5,13,3
DL BS DR U dl L D,2,10,48,8,5,13,3
DL BS DR U L dl D,2,10,48,8,5,15,3
DL BS L dl DR D U,2,10,48,8,5,15,4
DL BS L dl DR U D,2,10,48,8,5,17,4
DL BS L DR D dl U,2,10,48,8,5,13,3
DL BS L DR dl D U,2,10,48,8,5,17,4
DL BS L DR dl U D,2,10,48,8,5,15,4
DL BS L DR U dl D,2,10,48,8,5,15,3
DL BS L U DR dl D,2,10,48,8,5,15,3
DL BS U DR D dl L,2,10,48,8,5,15,3
DL BS U DR dl D L,2,10,48,8,5,15,3
DL BS U DR dl L D,2,10,48,8,5,15,3
DL BS U DR L dl D,2,10,48,8,5,17,3
DL BS U L DR dl D,2,10,48,8,5,15,3
dl DL BS DR L D U,2,10,48,8,5,17,4
DL dl BS DR L D U,2,10,48,8,5,15,4
dl DL BS DR L U D,2,10,48,8,5,17,4
DL dl BS DR L U D,2,10,48,8,5,15,4
dl DL BS L DR D U,2,10,48,8,5,17,4
DL dl BS L DR D U,2,10,48,8,5,15,4
dl DL BS L DR U D,2,10,48,8,5,19,4
DL dl BS L DR U D,2,10,48,8,5,17,4
dl DL DR BS L D U,2,10,48,8,5,15,4
DL dl DR BS L D U,2,10,48,8,5,15,4
dl DL DR BS L U D,2,10,48,8,5,15,4
DL dl DR BS L U D,2,10,48,8,5,15,4
dl DL DR D L BS U,2,10,48,8,5,13,4
DL dl DR D L BS U,2,10,48,8,5,13,4
dl DL DR D U BS L,2,10,48,8,5,15,4
DL dl DR D U BS L,2,10,48,8,5,15,4
dl DL DR L BS D U,2,10,48,8,5,17,4
DL dl DR L BS D U,2,10,48,8,5,17,4
dl DL DR L BS U D,2,10,48,8,5,17,4
DL dl DR L BS U D,2,10,48,8,5,17,4
dl DL DR L D BS U,2,10,48,8,5,15,4
DL dl DR L D BS U,2,10,48,8,5,15,4
dl DL DR L U BS D,2,10,48,8,5,15,4
DL dl DR L U BS D,2,10,48,8,5,15,4
dl DL DR U BS D L,2,10,48,8,5,15,4
DL dl DR U BS D L,2,10,48,8,5,15,4
dl DL DR U BS L D,2,10,48,8,5,15,4
DL dl DR U BS L D,2,10,48,8,5,15,4
dl DL DR U D BS L,2,10,48,8,5,17,4
DL dl DR U D BS L,2,10,48,8,5,17,4
dl DL DR U L BS D,2,10,48,8,5,15,4
DL dl DR U L BS D,2,10,48,8,5,15,4
dl DL L BS DR D U,2,10,48,8,5,13,4
DL dl L BS DR D U,2,10,48,8,5,15,4
dl DL L BS DR U D,2,10,48,8,5,15,4
DL dl L BS DR U D,2,10,48,8,5,17,4
dl DL L DR BS D U,2,10,48,8,5,15,4
DL dl L DR BS D U,2,10,48,8,5,17,4
dl DL L DR BS U D,2,10,48,8,5,15,4
DL dl L DR BS U D,2,10,48,8,5,17,4
dl DL L DR D BS U,2,10,48,8,5,13,4
DL dl L DR D BS U,2,10,48,8,5,15,4
dl DL L DR U BS D,2,10,48,8,5,15,4
DL dl L DR U BS D,2,10,48,8,5,17,4
dl DL L U DR BS D,2,10,48,8,5,13,4
DL dl L U DR BS D,2,10,48,8,5,15,4
dl DL U DR BS D L,2,10,48,8,5,15,4
DL dl U DR BS D L,2,10,48,8,5,13,4
dl DL U DR BS L D,2,10,48,8,5,15,4
DL dl U DR BS L D,2,10,48,8,5,13,4
dl DL U DR D BS L,2,10,48,8,5,15,4
DL dl U DR D BS L,2,10,48,8,5,13,4
dl DL U DR L BS D,2,10,48,8,5,17,4
DL dl U DR L BS D,2,10,48,8,5,15,4
dl DL U L DR BS D,2,10,48,8,5,15,4
DL dl U L DR BS D,2,10,48,8,5,13,4
DL DR BS D U dl L,2,10,48,8,5,13,4
dl DR BS DL L D U,2,10,48,8,5,13,4
DL DR BS dl L D U,2,10,48,8,5,13,4
dl DR BS DL L U D,2,10,48,8,5,13,4
DL DR BS dl L U D,2,10,48,8,5,13,4
DL DR BS L D dl U,2,10,48,8,5,11,3
DL DR BS L dl D U,2,10,48,8,5,15,4
DL DR BS L dl U D,2,10,48,8,5,13,4
DL DR BS L U dl D,2,10,48,8,5,11,3
DL DR BS U D dl L,2,10,48,8,5,15,4
DL DR BS U dl D L,2,10,48,8,5,11,3
DL DR BS U dl L D,2,10,48,8,5,11,3
DL DR BS U L dl D,2,10,48,8,5,13,3
DL DR D BS U dl L,2,10,48,8,5,11,3
DL DR D dl L BS U,2,10,48,8,5,13,3
DL DR D dl U BS L,2,10,48,8,5,11,3
DL DR D L BS dl U,2,10,48,8,5,9,2
DL DR D L dl BS U,2,10,48,8,5,11,3
DL DR D U BS dl L,2,10,48,8,5,13,4
DL DR D U dl BS L,2,10,48,8,5,11,4
dl DR DL BS L D U,2,10,48,8,5,15,4
DL DR dl BS L D U,2,10,48,8,5,13,4
dl DR DL BS L U D,2,10,48,8,5,15,4
DL DR dl BS L U D,2,10,48,8,5,13,4
dl DR DL D L BS U,2,10,48,8,5,11,2
DL DR dl D L BS U,2,10,48,8,5,13,3
dl DR DL D U BS L,2,10,48,8,5,13,4
DL DR dl D U BS L,2,10,48,8,5,15,4
dl DR DL L BS D U,2,10,48,8,5,13,4
DL DR dl L BS D U,2,10,48,8,5,15,4
dl DR DL L BS U D,2,10,48,8,5,13,4
DL DR dl L BS U D,2,10,48,8,5,15,4
dl DR DL L D BS U,2,10,48,8,5,11,2
DL DR dl L D BS U,2,10,48,8,5,13,3
dl DR DL L U BS D,2,10,48,8,5,11,2
DL DR dl L U BS D,2,10,48,8,5,13,3
dl DR DL U BS D L,2,10,48,8,5,13,3
DL DR dl U BS D L,2,10,48,8,5,11,2
dl DR DL U BS L D,2,10,48,8,5,13,3
DL DR dl U BS L D,2,10,48,8,5,11,2
dl DR DL U D BS L,2,10,48,8,5,15,4
DL DR dl U D BS L,2,10,48,8,5,13,4
dl DR DL U L BS D,2,10,48,8,5,13,3
DL DR dl U L BS D,2,10,48,8,5,11,2
DL DR L BS D dl U,2,10,48,8,5,13,3
DL DR L BS dl D U,2,10,48,8,5,15,4
DL DR L BS dl U D,2,10,48,8,5,13,4
DL DR L BS U dl D,2,10,48,8,5,13,3
DL DR L D BS dl U,2,10,48,8,5,11,3
DL DR L D dl BS U,2,10,48,8,5,13,3
DL DR L dl BS D U,2,10,48,8,5,15,4
DL DR L dl BS U D,2,10,48,8,5,15,4
DL DR L dl D BS U,2,10,48,8,5,15,3
DL DR L dl U BS D,2,10,48,8,5,13,3
DL DR L U BS dl D,2,10,48,8,5,13,3
DL DR L U dl BS D,2,10,48,8,5,11,3
DL DR U BS D dl L,2,10,48,8,5,15,3
dl DR U BS DL D L,2,10,48,8,5,13,3
DL DR U BS dl D L,2,10,48,8,5,13,3
dl DR U BS DL L D,2,10,48,8,5,13,3
DL DR U BS dl L D,2,10,48,8,5,13,3
DL DR U BS L dl D,2,10,48,8,5,15,3
DL DR U D BS dl L,2,10,48,8,5,15,4
DL DR U D dl BS L,2,10,48,8,5,15,4
dl DR U DL BS D L,2,10,48,8,5,15,3
DL DR U dl BS D L,2,10,48,8,5,11,3
dl DR U DL BS L D,2,10,48,8,5,15,3
DL DR U dl BS L D,2,10,48,8,5,11,3
dl DR U DL D BS L,2,10,48,8,5,13,3
DL DR U dl D BS L,2,10,48,8,5,13,3
dl DR U DL L BS D,2,10,48,8,5,13,3
DL DR U dl L BS D,2,10,48,8,5,13,3
DL DR U L BS dl D,2,10,48,8,5,13,3
DL DR U L dl BS D,2,10,48,8,5,13,3
DL L BS dl DR D U,2,10,48,8,5,11,4
DL L BS dl DR U D,2,10,48,8,5,13,4
DL L BS DR D dl U,2,10,48,8,5,9,3
DL L BS DR dl D U,2,10,48,8,5,13,4
DL L BS DR dl U D,2,10,48,8,5,11,4
DL L BS DR U dl D,2,10,48,8,5,11,3
DL L BS U DR dl D,2,10,48,8,5,13,3
DL L dl BS DR D U,2,10,48,8,5,11,4
DL L dl BS DR U D,2,10,48,8,5,13,4
DL L dl DR BS D U,2,10,48,8,5,13,4
DL L dl DR BS U D,2,10,48,8,5,13,4
DL L dl DR D BS U,2,10,48,8,5,11,3
DL L dl DR U BS D,2,10,48,8,5,13,3
DL L dl U DR BS D,2,10,48,8,5,11,3
DL L DR BS D dl U,2,10,48,8,5,11,3
DL L DR BS dl D U,2,10,48,8,5,13,4
DL L DR BS dl U D,2,10,48,8,5,11,4
DL L DR BS U dl D,2,10,48,8,5,11,3
DL L DR D BS dl U,2,10,48,8,5,9,3
DL L DR D dl BS U,2,10,48,8,5,11,3
DL L DR dl BS D U,2,10,48,8,5,13,4
DL L DR dl BS U D,2,10,48,8,5,13,4
DL L DR dl D BS U,2,10,48,8,5,13,3
DL L DR dl U BS D,2,10,48,8,5,11,3
DL L DR U BS dl D,2,10,48,8,5,13,3
DL L DR U dl BS D,2,10,48,8,5,11,3
DL L U BS DR dl D,2,10,48,8,5,11,3
DL L U dl DR BS D,2,10,48,8,5,9,2
DL L U DR BS dl D,2,10,48,8,5,11,3
DL L U DR dl BS D,2,10,48,8,5,11,3
DL U BS DR D dl L,2,10,48,8,5,13,3
DL U BS DR dl D L,2,10,48,8,5,13,3
DL U BS DR dl L D,2,10,48,8,5,13,3
DL U BS DR L dl D,2,10,48,8,5,15,3
DL U BS L DR dl D,2,10,48,8,5,15,3
dl U DL DR BS D L,2,10,48,8,5,11,3
DL U dl DR BS D L,2,10,48,8,5,11,3
dl U DL DR BS L D,2,10,48,8,5,11,3
DL U dl DR BS L D,2,10,48,8,5,11,3
dl U DL DR D BS L,2,10,48,8,5,11,3
DL U dl DR D BS L,2,10,48,8,5,11,3
dl U DL DR L BS D,2,10,48,8,5,13,3
DL U dl DR L BS D,2,10,48,8,5,13,3
dl U DL L DR BS D,2,10,48,8,5,11,3
DL U dl L DR BS D,2,10,48,8,5,13,3
DL U DR BS D dl L,2,10,48,8,5,15,3
dl U DR BS DL D L,2,10,48,8,5,11,3
DL U DR BS dl D L,2,10,48,8,5,13,3
dl U DR BS DL L D,2,10,48,8,5,11,3
DL U DR BS dl L D,2,10,48,8,5,13,3
DL U DR BS L dl D,2,10,48,8,5,15,3
DL U DR D BS dl L,2,10,48,8,5,13,3
DL U DR D dl BS L,2,10,48,8,5,13,3
dl U DR DL BS D L,2,10,48,8,5,13,3
DL U DR dl BS D L,2,10,48,8,5,13,3
dl U DR DL BS L D,2,10,48,8,5,13,3
DL U DR dl BS L D,2,10,48,8,5,13,3
dl U DR DL D BS L,2,10,48,8,5,11,3
DL U DR dl D BS L,2,10,48,8,5,15,3
dl U DR DL L BS D,2,10,48,8,5,11,3
DL U DR dl L BS D,2,10,48,8,5,15,3
DL U DR L BS dl D,2,10,48,8,5,15,3
DL U DR L dl BS D,2,10,48,8,5,15,3
DL U L BS DR dl D,2,10,48,8,5,13,3
DL U L dl DR BS D,2,10,48,8,5,13,3
DL U L DR BS dl D,2,10,48,8,5,13,3
DL U L DR dl BS D,2,10,48,8,5,13,3
DR BS DL D U dl L,2,10,48,8,5,13,4
DR BS dl DL L D U,2,10,48,8,5,13,4
DR BS DL dl L D U,2,10,48,8,5,17,4
DR BS dl DL L U D,2,10,48,8,5,13,4
DR BS DL dl L U D,2,10,48,8,5,17,4
DR BS DL L D dl U,2,10,48,8,5,11,3
DR BS DL L dl D U,2,10,48,8,5,15,4
DR BS DL L dl U D,2,10,48,8,5,13,4
DR BS DL L U dl D,2,10,48,8,5,11,3
DR BS DL U D dl L,2,10,48,8,5,17,4
DR BS DL U dl D L,2,10,48,8,5,13,3
DR BS DL U dl L D,2,10,48,8,5,13,3
DR BS DL U L dl D,2,10,48,8,5,15,3
DR BS U DL D dl L,2,10,48,8,5,13,3
DR BS U dl DL D L,2,10,48,8,5,11,4
DR BS U DL dl D L,2,10,48,8,5,15,4
DR BS U dl DL L D,2,10,48,8,5,11,4
DR BS U DL dl L D,2,10,48,8,5,15,4
DR BS U DL L dl D,2,10,48,8,5,13,3
DR DL BS D U dl L,2,10,48,8,5,15,4
DR dl BS DL L D U,2,10,48,8,5,13,4
DR DL BS dl L D U,2,10,48,8,5,15,4
DR dl BS DL L U D,2,10,48,8,5,13,4
DR DL BS dl L U D,2,10,48,8,5,15,4
DR DL BS L D dl U,2,10,48,8,5,13,3
DR DL BS L dl D U,2,10,48,8,5,17,4
DR DL BS L dl U D,2,10,48,8,5,15,4
DR DL BS L U dl D,2,10,48,8,5,13,3
DR DL BS U D dl L,2,10,48,8,5,17,4
DR DL BS U dl D L,2,10,48,8,5,13,3
DR DL BS U dl L D,2,10,48,8,5,13,3
DR DL BS U L dl D,2,10,48,8,5,15,3
DR DL D BS U dl L,2,10,48,8,5,11,3
DR DL D dl L BS U,2,10,48,8,5,13,3
DR DL D dl U BS L,2,10,48,8,5,11,3
DR DL D L BS dl U,2,10,48,8,5,9,2
DR DL D L dl BS U,2,10,48,8,5,11,3
DR DL D U BS dl L,2,10,48,8,5,13,4
DR DL D U dl BS L,2,10,48,8,5,11,4
DR dl DL BS L D U,2,10,48,8,5,17,4
DR DL dl BS L D U,2,10,48,8,5,15,4
DR dl DL BS L U D,2,10,48,8,5,17,4
DR DL dl BS L U D,2,10,48,8,5,15,4
DR dl DL D L BS U,2,10,48,8,5,13,4
DR DL dl D L BS U,2,10,48,8,5,15,4
DR dl DL D U BS L,2,10,48,8,5,15,4
DR DL dl D U BS L,2,10,48,8,5,17,4
DR dl DL L BS D U,2,10,48,8,5,15,4
DR DL dl L BS D U,2,10,48,8,5,17,4
DR dl DL L BS U D,2,10,48,8,5,15,4
DR DL dl L BS U D,2,10,48,8,5,17,4
DR dl DL L D BS U,2,10,48,8,5,13,4
DR DL dl L D BS U,2,10,48,8,5,15,4
DR dl DL L U BS D,2,10,48,8,5,13,4
DR DL dl L U BS D,2,10,48,8,5,15,4
DR dl DL U BS D L,2,10,48,8,5,15,4
DR DL dl U BS D L,2,10,48,8,5,13,4
DR dl DL U BS L D,2,10,48,8,5,15,4
DR DL dl U BS L D,2,10,48,8,5,13,4
DR dl DL U D BS L,2,10,48,8,5,17,4
DR DL dl U D BS L,2,10,48,8,5,15,4
DR dl DL U L BS D,2,10,48,8,5,15,4
DR DL dl U L BS D,2,10,48,8,5,13,4
DR DL L BS D dl U,2,10,48,8,5,11,3
DR DL L BS dl D U,2,10,48,8,5,13,4
DR DL L BS dl U D,2,10,48,8,5,11,4
DR DL L BS U dl D,2,10,48,8,5,11,3
DR DL L D BS dl U,2,10,48,8,5,9,2
DR DL L D dl BS U,2,10,48,8,5,11,3
DR DL L dl BS D U,2,10,48,8,5,13,4
DR DL L dl BS U D,2,10,48,8,5,13,4
DR DL L dl D BS U,2,10,48,8,5,13,3
DR DL L dl U BS D,2,10,48,8,5,11,3
DR DL L U BS dl D,2,10,48,8,5,11,3
DR DL L U dl BS D,2,10,48,8,5,9,2
DR DL U BS D dl L,2,10,48,8,5,15,3
DR dl U BS DL D L,2,10,48,8,5,11,3
DR DL U BS dl D L,2,10,48,8,5,13,3
DR dl U BS DL L D,2,10,48,8,5,11,3
DR DL U BS dl L D,2,10,48,8,5,13,3
DR DL U BS L dl D,2,10,48,8,5,15,3
DR DL U D BS dl L,2,10,48,8,5,15,4
DR DL U D dl BS L,2,10,48,8,5,15,4
DR dl U DL BS D L,2,10,48,8,5,13,3
DR DL U dl BS D L,2,10,48,8,5,11,3
DR dl U DL BS L D,2,10,48,8,5,13,3
DR DL U dl BS L D,2,10,48,8,5,11,3
DR dl U DL D BS L,2,10,48,8,5,11,3
DR DL U dl D BS L,2,10,48,8,5,13,3
DR dl U DL L BS D,2,10,48,8,5,11,3
DR DL U dl L BS D,2,10,48,8,5,13,3
DR DL U L BS dl D,2,10,48,8,5,13,3
DR DL U L dl BS D,2,10,48,8,5,13,3
DR U BS DL D dl L,2,10,48,8,5,15,3
DR U BS dl DL D L,2,10,48,8,5,13,4
DR U BS DL dl D L,2,10,48,8,5,17,4
DR U BS dl DL L D,2,10,48,8,5,13,4
DR U BS DL dl L D,2,10,48,8,5,17,4
DR U BS DL L dl D,2,10,48,8,5,15,3
DR U DL BS D dl L,2,10,48,8,5,17,3
DR U dl BS DL D L,2,10,48,8,5,11,3
DR U DL BS dl D L,2,10,48,8,5,15,3
DR U dl BS DL L D,2,10,48,8,5,11,3
DR U DL BS dl L D,2,10,48,8,5,15,3
DR U DL BS L dl D,2,10,48,8,5,17,3
DR U DL D BS dl L,2,10,48,8,5,13,3
DR U DL D dl BS L,2,10,48,8,5,13,3
DR U dl DL BS D L,2,10,48,8,5,15,4
DR U DL dl BS D L,2,10,48,8,5,15,4
DR U dl DL BS L D,2,10,48,8,5,15,4
DR U DL dl BS L D,2,10,48,8,5,15,4
DR U dl DL D BS L,2,10,48,8,5,13,4
DR U DL dl D BS L,2,10,48,8,5,17,4
DR U dl DL L BS D,2,10,48,8,5,13,4
DR U DL dl L BS D,2,10,48,8,5,17,4
DR U DL L BS dl D,2,10,48,8,5,13,3
DR U DL L dl BS D,2,10,48,8,5,13,3
U BS DL DR D dl L,2,10,48,8,5,14,3
U BS DL DR dl D L,2,10,48,8,5,14,3
U BS DL DR dl L D,2,10,48,8,5,14,3
U BS DL DR L dl D,2,10,48,8,5,16,3
U BS DL L DR dl D,2,10,48,8,5,14,3
U BS DR DL D dl L,2,10,48,8,5,12,3
U BS DR dl DL D L,2,10,48,8,5,12,4
U BS DR DL dl D L,2,10,48,8,5,14,4
U BS DR dl DL L D,2,10,48,8,5,12,4
U BS DR DL dl L D,2,10,48,8,5,14,4
U BS DR DL L dl D,2,10,48,8,5,12,3
U DL BS DR D dl L,2,10,48,8,5,14,3
U DL BS DR dl D L,2,10,48,8,5,14,3
U DL BS DR dl L D,2,10,48,8,5,14,3
U DL BS DR L dl D,2,10,48,8,5,16,3
U DL BS L DR dl D,2,10,48,8,5,16,3
U dl DL DR BS D L,2,10,48,8,5,12,4
U DL dl DR BS D L,2,10,48,8,5,14,4
U dl DL DR BS L D,2,10,48,8,5,12,4
U DL dl DR BS L D,2,10,48,8,5,14,4
U dl DL DR D BS L,2,10,48,8,5,12,4
U DL dl DR D BS L,2,10,48,8,5,14,4
U dl DL DR L BS D,2,10,48,8,5,14,4
U DL dl DR L BS D,2,10,48,8,5,16,4
U dl DL L DR BS D,2,10,48,8,5,12,4
U DL dl L DR BS D,2,10,48,8,5,16,4
U DL DR BS D dl L,2,10,48,8,5,14,3
U dl DR BS DL D L,2,10,48,8,5,10,3
U DL DR BS dl D L,2,10,48,8,5,12,3
U dl DR BS DL L D,2,10,48,8,5,10,3
U DL DR BS dl L D,2,10,48,8,5,12,3
U DL DR BS L dl D,2,10,48,8,5,14,3
U DL DR D BS dl L,2,10,48,8,5,12,3
U DL DR D dl BS L,2,10,48,8,5,12,3
U dl DR DL BS D L,2,10,48,8,5,12,3
U DL DR dl BS D L,2,10,48,8,5,12,3
U dl DR DL BS L D,2,10,48,8,5,12,3
U DL DR dl BS L D,2,10,48,8,5,12,3
U dl DR DL D BS L,2,10,48,8,5,10,2
U DL DR dl D BS L,2,10,48,8,5,14,3
U dl DR DL L BS D,2,10,48,8,5,10,2
U DL DR dl L BS D,2,10,48,8,5,14,3
U DL DR L BS dl D,2,10,48,8,5,14,3
U DL DR L dl BS D,2,10,48,8,5,14,3
U DL L BS DR dl D,2,10,48,8,5,12,3
U DL L dl DR BS D,2,10,48,8,5,12,3
U DL L DR BS dl D,2,10,48,8,5,12,3
U DL L DR dl BS D,2,10,48,8,5,12,3
U DR BS DL D dl L,2,10,48,8,5,14,3
U DR BS dl DL D L,2,10,48,8,5,12,4
U DR BS DL dl D L,2,10,48,8,5,16,4
U DR BS dl DL L D,2,10,48,8,5,12,4
U DR BS DL dl L D,2,10,48,8,5,16,4
U DR BS DL L dl D,2,10,48,8,5,14,3
U DR DL BS D dl L,2,10,48,8,5,16,3
U DR dl BS DL D L,2,10,48,8,5,12,3
U DR DL BS dl D L,2,10,48,8,5,14,3
U DR dl BS DL L D,2,10,48,8,5,12,3
U DR DL BS dl L D,2,10,48,8,5,14,3
U DR DL BS L dl D,2,10,48,8,5,16,3
U DR DL D BS dl L,2,10,48,8,5,12,3
U DR DL D dl BS L,2,10,48,8,5,12,3
U DR dl DL BS D L,2,10,48,8,5,16,4
U DR DL dl BS D L,2,10,48,8,5,14,4
U DR dl DL BS L D,2,10,48,8,5,16,4
U DR DL dl BS L D,2,10,48,8,5,14,4
U DR dl DL D BS L,2,10,48,8,5,14,4
U DR DL dl D BS L,2,10,48,8,5,16,4
U DR dl DL L BS D,2,10,48,8,5,14,4
U DR DL dl L BS D,2,10,48,8,5,16,4
U DR DL L BS dl D,2,10,48,8,5,12,3
U DR DL L dl BS D,2,10,48,8,5,12,3
BS D dl L DL DR U,2,10,48,9,5,14,3
BS D dl L DL U DR,2,10,48,9,5,15,3
BS D L dl DL DR U,2,10,48,9,5,16,4
BS D L DL dl DR U,2,10,48,9,5,14,4
BS D L dl DL U DR,2,10,48,9,5,17,4
BS D L DL dl U DR,2,10,48,9,5,13,4
BS D L DL DR dl U,2,10,48,9,5,10,2
BS D L DL U dl DR,2,10,48,9,5,11,3
BS dl D L DL DR U,2,10,48,9,5,12,3
BS dl D L DL U DR,2,10,48,9,5,13,3
BS dl L D DL DR U,2,10,48,9,5,12,3
BS dl L D DL U DR,2,10,48,9,5,13,3
BS L D dl DL DR U,2,10,48,9,5,16,4
BS L D DL dl DR U,2,10,48,9,5,14,4
BS L D dl DL U DR,2,10,48,9,5,17,4
BS L D DL dl U DR,2,10,48,9,5,13,4
BS L D DL DR dl U,2,10,48,9,5,10,2
BS L D DL U dl DR,2,10,48,9,5,11,3
BS L dl D DL DR U,2,10,48,9,5,14,3
BS L dl D DL U DR,2,10,48,9,5,15,3
D BS dl L DL DR U,2,10,48,9,5,12,3
D BS dl L DL U DR,2,10,48,9,5,13,3
D BS L dl DL DR U,2,10,48,9,5,16,4
D BS L DL dl DR U,2,10,48,9,5,14,4
D BS L dl DL U DR,2,10,48,9,5,17,4
D BS L DL dl U DR,2,10,48,9,5,13,4
D BS L DL DR dl U,2,10,48,9,5,10,2
D BS L DL U dl DR,2,10,48,9,5,11,3
D dl BS L DL DR U,2,10,48,9,5,12,3
D dl BS L DL U DR,2,10,48,9,5,13,3
D dl L BS DL DR U,2,10,48,9,5,16,3
D dl L BS DL U DR,2,10,48,9,5,17,3
D dl L DL BS DR U,2,10,48,9,5,14,3
D dl L DL BS U DR,2,10,48,9,5,15,3
D dl L DL DR BS U,2,10,48,9,5,12,3
D dl L DL U BS DR,2,10,48,9,5,13,3
D L BS dl DL DR U,2,10,48,9,5,14,4
D L BS DL dl DR U,2,10,48,9,5,16,4
D L BS dl DL U DR,2,10,48,9,5,15,4
D L BS DL dl U DR,2,10,48,9,5,15,4
D L BS DL DR dl U,2,10,48,9,5,12,3
D L BS DL U dl DR,2,10,48,9,5,13,3
D L dl BS DL DR U,2,10,48,9,5,14,3
D L DL BS dl DR U,2,10,48,9,5,12,3
D L dl BS DL U DR,2,10,48,9,5,15,3
D L DL BS dl U DR,2,10,48,9,5,11,3
D L DL BS DR dl U,2,10,48,9,5,10,3
D L DL BS U dl DR,2,10,48,9,5,11,3
D L dl DL BS DR U,2,10,48,9,5,16,4
D L DL dl BS DR U,2,10,48,9,5,12,4
D L dl DL BS U DR,2,10,48,9,5,17,4
D L DL dl BS U DR,2,10,48,9,5,13,4
D L dl DL DR BS U,2,10,48,9,5,14,4
D L DL dl DR BS U,2,10,48,9,5,12,4
D L dl DL U BS DR,2,10,48,9,5,15,4
D L DL dl U BS DR,2,10,48,9,5,11,4
D L DL DR BS dl U,2,10,48,9,5,8,2
D L DL DR dl BS U,2,10,48,9,5,10,2
D L DL U BS dl DR,2,10,48,9,5,11,3
D L DL U dl BS DR,2,10,48,9,5,9,3
dl BS D L DL DR U,2,10,48,9,5,11,3
dl BS D L DL U DR,2,10,48,9,5,12,3
dl BS L D DL DR U,2,10,48,9,5,11,3
dl BS L D DL U DR,2,10,48,9,5,12,3
dl D BS L DL DR U,2,10,48,9,5,13,3
dl D BS L DL U DR,2,10,48,9,5,14,3
dl D L BS DL DR U,2,10,48,9,5,15,3
dl D L BS DL U DR,2,10,48,9,5,16,3
dl D L DL BS DR U,2,10,48,9,5,13,3
dl D L DL BS U DR,2,10,48,9,5,14,3
dl D L DL DR BS U,2,10,48,9,5,11,3
dl D L DL U BS DR,2,10,48,9,5,12,3
dl L BS D DL DR U,2,10,48,9,5,13,3
dl L BS D DL U DR,2,10,48,9,5,14,3
dl L D BS DL DR U,2,10,48,9,5,15,3
dl L D BS DL U DR,2,10,48,9,5,16,3
dl L D DL BS DR U,2,10,48,9,5,13,3
dl L D DL BS U DR,2,10,48,9,5,14,3
dl L D DL DR BS U,2,10,48,9,5,11,3
dl L D DL U BS DR,2,10,48,9,5,12,3
L BS D dl DL DR U,2,10,48,9,5,16,4
L BS D DL dl DR U,2,10,48,9,5,14,4
L BS D dl DL U DR,2,10,48,9,5,17,4
L BS D DL dl U DR,2,10,48,9,5,13,4
L BS D DL DR dl U,2,10,48,9,5,10,2
L BS D DL U dl DR,2,10,48,9,5,11,3
L BS dl D DL DR U,2,10,48,9,5,12,3
L BS dl D DL U DR,2,10,48,9,5,13,3
L D BS dl DL DR U,2,10,48,9,5,14,4
L D BS DL dl DR U,2,10,48,9,5,16,4
L D BS dl DL U DR,2,10,48,9,5,15,4
L D BS DL dl U DR,2,10,48,9,5,15,4
L D BS DL DR dl U,2,10,48,9,5,12,3
L D BS DL U dl DR,2,10,48,9,5,13,3
L D dl BS DL DR U,2,10,48,9,5,14,3
L D DL BS dl DR U,2,10,48,9,5,12,3
L D dl BS DL U DR,2,10,48,9,5,15,3
L D DL BS dl U DR,2,10,48,9,5,11,3
L D DL BS DR dl U,2,10,48,9,5,10,3
L D DL BS U dl DR,2,10,48,9,5,11,3
L D dl DL BS DR U,2,10,48,9,5,16,4
L D DL dl BS DR U,2,10,48,9,5,12,4
L D dl DL BS U DR,2,10,48,9,5,17,4
L D DL dl BS U DR,2,10,48,9,5,13,4
L D dl DL DR BS U,2,10,48,9,5,14,4
L D DL dl DR BS U,2,10,48,9,5,12,4
L D dl DL U BS DR,2,10,48,9,5,15,4
L D DL dl U BS DR,2,10,48,9,5,11,4
L D DL DR BS dl U,2,10,48,9,5,8,2
L D DL DR dl BS U,2,10,48,9,5,10,2
L D DL U BS dl DR,2,10,48,9,5,11,3
L D DL U dl BS DR,2,10,48,9,5,9,3
L dl BS D DL DR U,2,10,48,9,5,12,3
L dl BS D DL U DR,2,10,48,9,5,13,3
L dl D BS DL DR U,2,10,48,9,5,16,3
L dl D BS DL U DR,2,10,48,9,5,17,3
L dl D DL BS DR U,2,10,48,9,5,14,3
L dl D DL BS U DR,2,10,48,9,5,15,3
L dl D DL DR BS U,2,10,48,9,5,12,3
L dl D DL U BS DR,2,10,48,9,5,13,3
BS dl DR L DL D U,2,10,50,8,5,12,4
BS dl DR L DL U D,2,10,50,8,5,14,4
BS dl L DL DR D U,2,10,50,8,5,12,4
BS dl L DL DR U D,2,10,50,8,5,14,4
BS dl L DR DL D U,2,10,50,8,5,14,4
BS dl L DR DL U D,2,10,50,8,5,16,4
BS DR dl L DL D U,2,10,50,8,5,12,4
BS DR dl L DL U D,2,10,50,8,5,14,4
BS DR L DL D dl U,2,10,50,8,5,10,3
BS DR L dl DL D U,2,10,50,8,5,16,4
BS DR L DL dl D U,2,10,50,8,5,16,4
BS DR L dl DL U D,2,10,50,8,5,18,4
BS DR L DL dl U D,2,10,50,8,5,14,4
BS DR L DL U dl D,2,10,50,8,5,12,3
BS L dl DL DR D U,2,10,50,8,5,16,4
BS L DL dl DR D U,2,10,50,8,5,14,4
BS L dl DL DR U D,2,10,50,8,5,18,4
BS L DL dl DR U D,2,10,50,8,5,16,4
BS L DL DR D dl U,2,10,50,8,5,10,3
BS L dl DR DL D U,2,10,50,8,5,14,4
BS L DL DR dl D U,2,10,50,8,5,14,4
BS L dl DR DL U D,2,10,50,8,5,16,4
BS L DL DR dl U D,2,10,50,8,5,12,4
BS L DL DR U dl D,2,10,50,8,5,12,3
BS L DL U DR dl D,2,10,50,8,5,14,3
BS L DR DL D dl U,2,10,50,8,5,12,3
BS L DR dl DL D U,2,10,50,8,5,16,4
BS L DR DL dl D U,2,10,50,8,5,18,4
BS L DR dl DL U D,2,10,50,8,5,18,4
BS L DR DL dl U D,2,10,50,8,5,16,4
BS L DR DL U dl D,2,10,50,8,5,14,3
dl BS DR L DL D U,2,10,50,8,5,11,4
dl BS DR L DL U D,2,10,50,8,5,13,4
dl BS L DL DR D U,2,10,50,8,5,11,4
dl BS L DL DR U D,2,10,50,8,5,13,4
dl BS L DR DL D U,2,10,50,8,5,13,4
dl BS L DR DL U D,2,10,50,8,5,15,4
dl DR BS L DL D U,2,10,50,8,5,11,4
dl DR BS L DL U D,2,10,50,8,5,13,4
dl DR L BS DL D U,2,10,50,8,5,15,4
dl DR L BS DL U D,2,10,50,8,5,17,4
dl DR L DL BS D U,2,10,50,8,5,15,4
dl DR L DL BS U D,2,10,50,8,5,15,4
dl DR L DL D BS U,2,10,50,8,5,11,3
dl DR L DL U BS D,2,10,50,8,5,13,3
dl L BS DL DR D U,2,10,50,8,5,15,4
dl L BS DL DR U D,2,10,50,8,5,17,4
dl L BS DR DL D U,2,10,50,8,5,13,4
dl L BS DR DL U D,2,10,50,8,5,15,4
dl L DL BS DR D U,2,10,50,8,5,13,4
dl L DL BS DR U D,2,10,50,8,5,15,4
dl L DL DR BS D U,2,10,50,8,5,13,4
dl L DL DR BS U D,2,10,50,8,5,13,4
dl L DL DR D BS U,2,10,50,8,5,11,3
dl L DL DR U BS D,2,10,50,8,5,13,3
dl L DL U DR BS D,2,10,50,8,5,13,3
dl L DR BS DL D U,2,10,50,8,5,15,4
dl L DR BS DL U D,2,10,50,8,5,17,4
dl L DR DL BS D U,2,10,50,8,5,17,4
dl L DR DL BS U D,2,10,50,8,5,17,4
dl L DR DL D BS U,2,10,50,8,5,13,3
dl L DR DL U BS D,2,10,50,8,5,15,3
DR BS dl L DL D U,2,10,50,8,5,11,4
DR BS dl L DL U D,2,10,50,8,5,13,4
DR BS L DL D dl U,2,10,50,8,5,9,3
DR BS L dl DL D U,2,10,50,8,5,15,4
DR BS L DL dl D U,2,10,50,8,5,15,4
DR BS L dl DL U D,2,10,50,8,5,17,4
DR BS L DL dl U D,2,10,50,8,5,13,4
DR BS L DL U dl D,2,10,50,8,5,11,3
DR dl BS L DL D U,2,10,50,8,5,11,4
DR dl BS L DL U D,2,10,50,8,5,13,4
DR dl L BS DL D U,2,10,50,8,5,15,4
DR dl L BS DL U D,2,10,50,8,5,17,4
DR dl L DL BS D U,2,10,50,8,5,15,4
DR dl L DL BS U D,2,10,50,8,5,15,4
DR dl L DL D BS U,2,10,50,8,5,11,3
DR dl L DL U BS D,2,10,50,8,5,13,3
DR L BS DL D dl U,2,10,50,8,5,13,3
DR L BS dl DL D U,2,10,50,8,5,15,4
DR L BS DL dl D U,2,10,50,8,5,19,4
DR L BS dl DL U D,2,10,50,8,5,17,4
DR L BS DL dl U D,2,10,50,8,5,17,4
DR L BS DL U dl D,2,10,50,8,5,15,3
DR L DL BS D dl U,2,10,50,8,5,13,3
DR L dl BS DL D U,2,10,50,8,5,15,4
DR L DL BS dl D U,2,10,50,8,5,15,4
DR L dl BS DL U D,2,10,50,8,5,17,4
DR L DL BS dl U D,2,10,50,8,5,13,4
DR L DL BS U dl D,2,10,50,8,5,13,3
DR L DL D BS dl U,2,10,50,8,5,9,3
DR L DL D dl BS U,2,10,50,8,5,11,3
DR L dl DL BS D U,2,10,50,8,5,19,4
DR L DL dl BS D U,2,10,50,8,5,15,4
DR L dl DL BS U D,2,10,50,8,5,19,4
DR L DL dl BS U D,2,10,50,8,5,15,4
DR L dl DL D BS U,2,10,50,8,5,15,4
DR L DL dl D BS U,2,10,50,8,5,15,4
DR L dl DL U BS D,2,10,50,8,5,17,4
DR L DL dl U BS D,2,10,50,8,5,13,4
DR L DL U BS dl D,2,10,50,8,5,13,3
DR L DL U dl BS D,2,10,50,8,5,11,3
L BS dl DL DR D U,2,10,50,8,5,14,4
L BS DL dl DR D U,2,10,50,8,5,16,4
L BS dl DL DR U D,2,10,50,8,5,16,4
L BS DL dl DR U D,2,10,50,8,5,18,4
L BS DL DR D dl U,2,10,50,8,5,12,3
L BS dl DR DL D U,2,10,50,8,5,12,4
L BS DL DR dl D U,2,10,50,8,5,16,4
L BS dl DR DL U D,2,10,50,8,5,14,4
L BS DL DR dl U D,2,10,50,8,5,14,4
L BS DL DR U dl D,2,10,50,8,5,14,3
L BS DL U DR dl D,2,10,50,8,5,16,3
L BS DR DL D dl U,2,10,50,8,5,10,3
L BS DR dl DL D U,2,10,50,8,5,14,4
L BS DR DL dl D U,2,10,50,8,5,16,4
L BS DR dl DL U D,2,10,50,8,5,16,4
L BS DR DL dl U D,2,10,50,8,5,14,4
L BS DR DL U dl D,2,10,50,8,5,12,3
L dl BS DL DR D U,2,10,50,8,5,14,4
L DL BS dl DR D U,2,10,50,8,5,12,4
L dl BS DL DR U D,2,10,50,8,5,16,4
L DL BS dl DR U D,2,10,50,8,5,14,4
L DL BS DR D dl U,2,10,50,8,5,10,3
L dl BS DR DL D U,2,10,50,8,5,12,4
L DL BS DR dl D U,2,10,50,8,5,14,4
L dl BS DR DL U D,2,10,50,8,5,14,4
L DL BS DR dl U D,2,10,50,8,5,12,4
L DL BS DR U dl D,2,10,50,8,5,12,3
L DL BS U DR dl D,2,10,50,8,5,14,3
L dl DL BS DR D U,2,10,50,8,5,16,4
L DL dl BS DR D U,2,10,50,8,5,12,4
L dl DL BS DR U D,2,10,50,8,5,18,4
L DL dl BS DR U D,2,10,50,8,5,14,4
L dl DL DR BS D U,2,10,50,8,5,16,4
L DL dl DR BS D U,2,10,50,8,5,14,4
L dl DL DR BS U D,2,10,50,8,5,16,4
L DL dl DR BS U D,2,10,50,8,5,14,4
L dl DL DR D BS U,2,10,50,8,5,14,4
L DL dl DR D BS U,2,10,50,8,5,12,4
L dl DL DR U BS D,2,10,50,8,5,16,4
L DL dl DR U BS D,2,10,50,8,5,14,4
L dl DL U DR BS D,2,10,50,8,5,16,4
L DL dl U DR BS D,2,10,50,8,5,12,4
L DL DR BS D dl U,2,10,50,8,5,10,3
L dl DR BS DL D U,2,10,50,8,5,14,4
L DL DR BS dl D U,2,10,50,8,5,12,4
L dl DR BS DL U D,2,10,50,8,5,16,4
L DL DR BS dl U D,2,10,50,8,5,10,4
L DL DR BS U dl D,2,10,50,8,5,10,3
L DL DR D BS dl U,2,10,50,8,5,8,2
L DL DR D dl BS U,2,10,50,8,5,10,3
L dl DR DL BS D U,2,10,50,8,5,16,4
L DL DR dl BS D U,2,10,50,8,5,12,4
L dl DR DL BS U D,2,10,50,8,5,16,4
L DL DR dl BS U D,2,10,50,8,5,12,4
L dl DR DL D BS U,2,10,50,8,5,12,3
L DL DR dl D BS U,2,10,50,8,5,12,3
L dl DR DL U BS D,2,10,50,8,5,14,3
L DL DR dl U BS D,2,10,50,8,5,10,2
L DL DR U BS dl D,2,10,50,8,5,12,3
L DL DR U dl BS D,2,10,50,8,5,10,3
L DL U BS DR dl D,2,10,50,8,5,12,3
L DL U dl DR BS D,2,10,50,8,5,10,3
L DL U DR BS dl D,2,10,50,8,5,12,3
L DL U DR dl BS D,2,10,50,8,5,12,3
L DR BS DL D dl U,2,10,50,8,5,12,3
L DR BS dl DL D U,2,10,50,8,5,14,4
L DR BS DL dl D U,2,10,50,8,5,18,4
L DR BS dl DL U D,2,10,50,8,5,16,4
L DR BS DL dl U D,2,10,50,8,5,16,4
L DR BS DL U dl D,2,10,50,8,5,14,3
L DR DL BS D dl U,2,10,50,8,5,14,3
L DR dl BS DL D U,2,10,50,8,5,14,4
L DR DL BS dl D U,2,10,50,8,5,16,4
L DR dl BS DL U D,2,10,50,8,5,16,4
L DR DL BS dl U D,2,10,50,8,5,14,4
L DR DL BS U dl D,2,10,50,8,5,14,3
L DR DL D BS dl U,2,10,50,8,5,10,3
L DR DL D dl BS U,2,10,50,8,5,12,3
L DR dl DL BS D U,2,10,50,8,5,18,4
L DR DL dl BS D U,2,10,50,8,5,16,4
L DR dl DL BS U D,2,10,50,8,5,18,4
L DR DL dl BS U D,2,10,50,8,5,16,4
L DR dl DL D BS U,2,10,50,8,5,14,4
L DR DL dl D BS U,2,10,50,8,5,16,4
L DR dl DL U BS D,2,10,50,8,5,16,4
L DR DL dl U BS D,2,10,50,8,5,14,4
L DR DL U BS dl D,2,10,50,8,5,14,3
L DR DL U dl BS D,2,10,50,8,5,12,3
BS D dl L DR DL U,2,10,50,9,5,16,3
BS D dl L DR U DL,2,10,50,9,5,17,3
BS D L dl DR DL U,2,10,50,9,5,14,3
BS D L dl DR U DL,2,10,50,9,5,15,3
BS D L DR dl DL U,2,10,50,9,5,16,4
BS D L DR DL dl U,2,10,50,9,5,14,4
BS D L DR dl U DL,2,10,50,9,5,13,3
BS dl D L DR DL U,2,10,50,9,5,14,3
BS dl D L DR U DL,2,10,50,9,5,15,3
BS dl L D DR DL U,2,10,50,9,5,12,3
BS dl L D DR U DL,2,10,50,9,5,13,3
BS L D dl DR DL U,2,10,50,9,5,14,3
BS L D dl DR U DL,2,10,50,9,5,15,3
BS L D DR dl DL U,2,10,50,9,5,14,4
BS L D DR DL dl U,2,10,50,9,5,12,4
BS L D DR dl U DL,2,10,50,9,5,11,3
BS L dl D DR DL U,2,10,50,9,5,14,3
BS L dl D DR U DL,2,10,50,9,5,15,3
D BS dl L DR DL U,2,10,50,9,5,14,3
D BS dl L DR U DL,2,10,50,9,5,15,3
D BS L dl DR DL U,2,10,50,9,5,14,3
D BS L dl DR U DL,2,10,50,9,5,15,3
D BS L DR dl DL U,2,10,50,9,5,16,4
D BS L DR DL dl U,2,10,50,9,5,14,4
D BS L DR dl U DL,2,10,50,9,5,13,3
D dl BS L DR DL U,2,10,50,9,5,14,3
D dl BS L DR U DL,2,10,50,9,5,15,3
D dl L BS DR DL U,2,10,50,9,5,14,3
D dl L BS DR U DL,2,10,50,9,5,15,3
D dl L DR BS DL U,2,10,50,9,5,16,3
D dl L DR BS U DL,2,10,50,9,5,15,3
D dl L DR DL BS U,2,10,50,9,5,16,3
D L BS dl DR DL U,2,10,50,9,5,12,3
D L BS dl DR U DL,2,10,50,9,5,13,3
D L BS DR dl DL U,2,10,50,9,5,14,4
D L BS DR DL dl U,2,10,50,9,5,12,4
D L BS DR dl U DL,2,10,50,9,5,11,3
D L dl BS DR DL U,2,10,50,9,5,12,3
D L dl BS DR U DL,2,10,50,9,5,13,3
D L dl DR BS DL U,2,10,50,9,5,14,3
D L dl DR BS U DL,2,10,50,9,5,13,3
D L dl DR DL BS U,2,10,50,9,5,14,3
D L DR BS dl DL U,2,10,50,9,5,14,4
D L DR BS DL dl U,2,10,50,9,5,14,4
D L DR BS dl U DL,2,10,50,9,5,11,3
D L DR dl BS DL U,2,10,50,9,5,14,3
D L DR DL BS dl U,2,10,50,9,5,12,3
D L DR dl BS U DL,2,10,50,9,5,13,3
D L DR dl DL BS U,2,10,50,9,5,16,4
D L DR DL dl BS U,2,10,50,9,5,14,4
dl BS D L DR DL U,2,10,50,9,5,13,3
dl BS D L DR U DL,2,10,50,9,5,14,3
dl BS L D DR DL U,2,10,50,9,5,11,3
dl BS L D DR U DL,2,10,50,9,5,12,3
dl D BS L DR DL U,2,10,50,9,5,15,3
dl D BS L DR U DL,2,10,50,9,5,16,3
dl D L BS DR DL U,2,10,50,9,5,13,3
dl D L BS DR U DL,2,10,50,9,5,14,3
dl D L DR BS DL U,2,10,50,9,5,15,3
dl D L DR BS U DL,2,10,50,9,5,14,3
dl D L DR DL BS U,2,10,50,9,5,15,3
dl L BS D DR DL U,2,10,50,9,5,13,3
dl L BS D DR U DL,2,10,50,9,5,14,3
dl L D BS DR DL U,2,10,50,9,5,13,3
dl L D BS DR U DL,2,10,50,9,5,14,3
dl L D DR BS DL U,2,10,50,9,5,13,3
dl L D DR BS U DL,2,10,50,9,5,12,3
dl L D DR DL BS U,2,10,50,9,5,13,3
L BS D dl DR DL U,2,10,50,9,5,14,3
L BS D dl DR U DL,2,10,50,9,5,15,3
L BS D DR dl DL U,2,10,50,9,5,14,4
L BS D DR DL dl U,2,10,50,9,5,12,4
L BS D DR dl U DL,2,10,50,9,5,11,3
L BS dl D DR DL U,2,10,50,9,5,12,3
L BS dl D DR U DL,2,10,50,9,5,13,3
L D BS dl DR DL U,2,10,50,9,5,12,3
L D BS dl DR U DL,2,10,50,9,5,13,3
L D BS DR dl DL U,2,10,50,9,5,14,4
L D BS DR DL dl U,2,10,50,9,5,12,4
L D BS DR dl U DL,2,10,50,9,5,11,3
L D dl BS DR DL U,2,10,50,9,5,12,3
L D dl BS DR U DL,2,10,50,9,5,13,3
L D dl DR BS DL U,2,10,50,9,5,14,3
L D dl DR BS U DL,2,10,50,9,5,13,3
L D dl DR DL BS U,2,10,50,9,5,14,3
L D DR BS dl DL U,2,10,50,9,5,12,4
L D DR BS DL dl U,2,10,50,9,5,12,4
L D DR BS dl U DL,2,10,50,9,5,9,3
L D DR dl BS DL U,2,10,50,9,5,12,3
L D DR DL BS dl U,2,10,50,9,5,10,3
L D DR dl BS U DL,2,10,50,9,5,11,3
L D DR dl DL BS U,2,10,50,9,5,14,4
L D DR DL dl BS U,2,10,50,9,5,12,4
L dl BS D DR DL U,2,10,50,9,5,12,3
L dl BS D DR U DL,2,10,50,9,5,13,3
L dl D BS DR DL U,2,10,50,9,5,14,3
L dl D BS DR U DL,2,10,50,9,5,15,3
L dl D DR BS DL U,2,10,50,9,5,14,3
L dl D DR BS U DL,2,10,50,9,5,13,3
L dl D DR DL BS U,2,10,50,9,5,14,3
BS D L DR U dl DL,2,10,52,10,5,15,4
BS D L U DR dl DL,2,10,52,10,5,15,4
BS D U L DR dl DL,2,10,52,10,5,17,4
BS L D DR U dl DL,2,10,52,10,5,13,4
BS L D U DR dl DL,2,10,52,10,5,17,4
BS L U D DR dl DL,2,10,52,10,5,15,4
BS U D L DR dl DL,2,10,52,10,5,17,4
BS U L D DR dl DL,2,10,52,10,5,13,4
D BS L DR U dl DL,2,10,52,10,5,15,4
D BS L U DR dl DL,2,10,52,10,5,15,4
D BS U L DR dl DL,2,10,52,10,5,15,4
D dl L DR U BS DL,2,10,52,10,5,17,3
D dl L U DR BS DL,2,10,52,10,5,15,3
D dl U L DR BS DL,2,10,52,10,5,13,3
D L BS DR U dl DL,2,10,52,10,5,13,4
D L BS U DR dl DL,2,10,52,10,5,15,4
D L dl DR U BS DL,2,10,52,10,5,15,3
D L dl U DR BS DL,2,10,52,10,5,13,3
D L DR BS U dl DL,2,10,52,10,5,13,4
D L DR dl U BS DL,2,10,52,10,5,13,3
D L DR U BS dl DL,2,10,52,10,5,15,4
D L DR U dl BS DL,2,10,52,10,5,13,3
D L U BS DR dl DL,2,10,52,10,5,13,4
D L U dl DR BS DL,2,10,52,10,5,11,3
D L U DR BS dl DL,2,10,52,10,5,13,4
D L U DR dl BS DL,2,10,52,10,5,13,3
D U BS L DR dl DL,2,10,52,10,5,17,4
D U dl L DR BS DL,2,10,52,10,5,15,4
D U L BS DR dl DL,2,10,52,10,5,15,4
D U L dl DR BS DL,2,10,52,10,5,15,4
D U L DR BS dl DL,2,10,52,10,5,15,4
D U L DR dl BS DL,2,10,52,10,5,15,4
dl D L DR U BS DL,2,10,52,10,5,16,3
dl D L U DR BS DL,2,10,52,10,5,14,3
dl D U L DR BS DL,2,10,52,10,5,16,4
dl L D DR U BS DL,2,10,52,10,5,14,3
dl L D U DR BS DL,2,10,52,10,5,16,4
dl L U D DR BS DL,2,10,52,10,5,14,4
dl U D L DR BS DL,2,10,52,10,5,14,4
dl U L D DR BS DL,2,10,52,10,5,10,3
L BS D DR U dl DL,2,10,52,10,5,13,4
L BS D U DR dl DL,2,10,52,10,5,17,4
L BS U D DR dl DL,2,10,52,10,5,15,4
L D BS DR U dl DL,2,10,52,10,5,13,4
L D BS U DR dl DL,2,10,52,10,5,15,4
L D dl DR U BS DL,2,10,52,10,5,15,3
L D dl U DR BS DL,2,10,52,10,5,13,3
L D DR BS U dl DL,2,10,52,10,5,11,4
L D DR dl U BS DL,2,10,52,10,5,11,3
L D DR U BS dl DL,2,10,52,10,5,13,4
L D DR U dl BS DL,2,10,52,10,5,11,3
L D U BS DR dl DL,2,10,52,10,5,15,4
L D U dl DR BS DL,2,10,52,10,5,13,4
L D U DR BS dl DL,2,10,52,10,5,15,4
L D U DR dl BS DL,2,10,52,10,5,15,4
L dl D DR U BS DL,2,10,52,10,5,15,3
L dl D U DR BS DL,2,10,52,10,5,17,4
L dl U D DR BS DL,2,10,52,10,5,13,4
L U BS D DR dl DL,2,10,52,10,5,13,4
L U D BS DR dl DL,2,10,52,10,5,15,4
L U D dl DR BS DL,2,10,52,10,5,15,4
L U D DR BS dl DL,2,10,52,10,5,13,4
L U D DR dl BS DL,2,10,52,10,5,13,4
L U dl D DR BS DL,2,10,52,10,5,11,3
U BS D L DR dl DL,2,10,52,10,5,15,4
U BS L D DR dl DL,2,10,52,10,5,13,4
U D BS L DR dl DL,2,10,52,10,5,17,4
U D dl L DR BS DL,2,10,52,10,5,17,4
U D L BS DR dl DL,2,10,52,10,5,15,4
U D L dl DR BS DL,2,10,52,10,5,15,4
U D L DR BS dl DL,2,10,52,10,5,15,4
U D L DR dl BS DL,2,10,52,10,5,15,4
U dl D L DR BS DL,2,10,52,10,5,13,3
U dl L D DR BS DL,2,10,52,10,5,11,3
U L BS D DR dl DL,2,10,52,10,5,13,4
U L D BS DR dl DL,2,10,52,10,5,13,4
U L D dl DR BS DL,2,10,52,10,5,13,3
U L D DR BS dl DL,2,10,52,10,5,11,4
U L D DR dl BS DL,2,10,52,10,5,11,3
U L dl D DR BS DL,2,10,52,10,5,13,3
