order,min_memo,max_memo,sum_memo,memorized,d_moves,pin_changes,max_pin_changes
D dr U DL R DR BS,2,13,27,6,5,12,3
D U dr DL R DR BS,2,13,27,6,5,12,4
dr D U DL R DR BS,2,13,27,6,5,15,4
dr U D DL R DR BS,2,13,27,6,5,11,4
dr U DL D R DR BS,2,13,27,6,5,9,3
U D dr DL R DR BS,2,13,27,6,5,14,4
U dr D DL R DR BS,2,13,27,6,5,10,3
U dr DL D R DR BS,2,13,27,6,5,8,2
BS R U DR D DL dr,2,10,30,6,5,11,3
BS U R DR D DL dr,2,10,30,6,5,9,2
R BS U DR D DL dr,2,10,30,6,5,11,3
R U BS DR D DL dr,2,10,30,6,5,9,2
U BS R DR D DL dr,2,10,30,6,5,9,2
U R BS DR D DL dr,2,10,30,6,5,9,2
dr R U DL D DR BS,2,13,31,6,5,11,3
dr U DL R D DR BS,2,13,31,6,5,11,3
dr U R DL D DR BS,2,13,31,6,5,9,3
R dr U DL D DR BS,2,13,31,6,5,10,3
R U dr DL D DR BS,2,13,31,6,5,8,2
U dr DL R D DR BS,2,13,31,6,5,10,3
U dr R DL D DR BS,2,13,31,6,5,10,3
U R dr DL D DR BS,2,13,31,6,5,10,3
BS D DL DR R U dr,2,10,32,5,5,9,2
BS DL D DR R U dr,2,10,32,5,5,9,3
D BS DL DR R U dr,2,10,32,5,5,11,3
D DL BS DR R U dr,2,10,32,5,5,9,3
DL BS D DR R U dr,2,10,32,5,5,10,3
DL D BS DR R U dr,2,10,32,5,5,8,2
BS D DL DR U R dr,2,10,34,6,5,13,3
BS D DL R DR U dr,2,10,34,6,5,11,3
BS D DL U DR R dr,2,10,34,6,5,13,3
BS D U DL DR R dr,2,10,34,6,5,15,4
BS DL D DR U R dr,2,10,34,6,5,13,3
BS DL D R DR U dr,2,10,34,6,5,11,3
BS DL D U DR R dr,2,10,34,6,5,15,4
BS DL U D DR R dr,2,10,34,6,5,15,4
BS U D DL DR R dr,2,10,34,6,5,13,4
BS U DL D DR R dr,2,10,34,6,5,11,3
D BS DL DR U R dr,2,10,34,6,5,15,3
D BS DL R DR U dr,2,10,34,6,5,13,3
D BS DL U DR R dr,2,10,34,6,5,15,3
D BS U DL DR R dr,2,10,34,6,5,13,3
D DL BS DR U R dr,2,10,34,6,5,13,3
D DL BS R DR U dr,2,10,34,6,5,11,3
D DL BS U DR R dr,2,10,34,6,5,13,3
D DL R BS DR U dr,2,10,34,6,5,11,3
D DL R DR BS U dr,2,10,34,6,5,9,3
D DL U BS DR R dr,2,10,34,6,5,11,3
D U BS DL DR R dr,2,10,34,6,5,15,4
D U DL BS DR R dr,2,10,34,6,5,15,4
DL BS D DR U R dr,2,10,34,6,5,14,3
DL BS D R DR U dr,2,10,34,6,5,12,3
DL BS D U DR R dr,2,10,34,6,5,16,4
DL BS U D DR R dr,2,10,34,6,5,14,4
DL D BS DR U R dr,2,10,34,6,5,12,3
DL D BS R DR U dr,2,10,34,6,5,10,3
DL D BS U DR R dr,2,10,34,6,5,12,3
DL D R BS DR U dr,2,10,34,6,5,10,3
DL D R DR BS U dr,2,10,34,6,5,8,2
DL D U BS DR R dr,2,10,34,6,5,12,4
DL U BS D DR R dr,2,10,34,6,5,12,3
DL U D BS DR R dr,2,10,34,6,5,14,4
U BS D DL DR R dr,2,10,34,6,5,11,3
U BS DL D DR R dr,2,10,34,6,5,11,3
U D BS DL DR R dr,2,10,34,6,5,15,4
U D DL BS DR R dr,2,10,34,6,5,13,4
U DL BS D DR R dr,2,10,34,6,5,13,3
U DL D BS DR R dr,2,10,34,6,5,11,3
D DL dr R DR U BS,2,13,35,6,5,12,3
D DL dr R U DR BS,2,13,35,6,5,12,3
D DL dr U R DR BS,2,13,35,6,5,8,2
D DL R dr DR U BS,2,13,35,6,5,16,4
D DL R DR dr U BS,2,13,35,6,5,12,4
D DL R dr U DR BS,2,13,35,6,5,12,3
D dr DL R DR U BS,2,13,35,6,5,14,3
D dr DL R U DR BS,2,13,35,6,5,14,3
D dr DL U R DR BS,2,13,35,6,5,12,3
DL D dr R DR U BS,2,13,35,6,5,13,3
DL D dr R U DR BS,2,13,35,6,5,13,3
DL D dr U R DR BS,2,13,35,6,5,9,3
DL D R dr DR U BS,2,13,35,6,5,15,4
DL D R DR dr U BS,2,13,35,6,5,11,4
DL D R dr U DR BS,2,13,35,6,5,11,3
DL dr D R DR U BS,2,13,35,6,5,13,3
DL dr D R U DR BS,2,13,35,6,5,13,3
DL dr D U R DR BS,2,13,35,6,5,13,4
DL dr U D R DR BS,2,13,35,6,5,11,4
dr D DL R DR U BS,2,13,35,6,5,13,3
dr D DL R U DR BS,2,13,35,6,5,13,3
dr D DL U R DR BS,2,13,35,6,5,11,3
dr DL D R DR U BS,2,13,35,6,5,11,3
dr DL D R U DR BS,2,13,35,6,5,11,3
dr DL D U R DR BS,2,13,35,6,5,11,4
dr DL U D R DR BS,2,13,35,6,5,13,4
BS D DR DL R U dr,2,14,36,5,5,11,3
D BS DR DL R U dr,2,14,36,5,5,11,3
D DR BS DL R U dr,2,14,36,5,5,11,3
BS D DL R U DR dr,2,10,36,7,5,15,4
BS D DL U R DR dr,2,10,36,7,5,13,4
BS D R U DR DL dr,2,10,36,7,5,13,3
BS D U DL R DR dr,2,10,36,7,5,17,4
BS D U R DR DL dr,2,10,36,7,5,13,4
BS DL D R U DR dr,2,10,36,7,5,15,4
BS DL D U R DR dr,2,10,36,7,5,15,4
BS DL U D R DR dr,2,10,36,7,5,17,4
BS R D U DR DL dr,2,10,36,7,5,15,4
BS R U D DR DL dr,2,10,36,7,5,13,4
BS U D DL R DR dr,2,10,36,7,5,15,4
BS U D R DR DL dr,2,10,36,7,5,13,4
BS U DL D R DR dr,2,10,36,7,5,13,4
BS U R D DR DL dr,2,10,36,7,5,11,2
D BS DL R U DR dr,2,10,36,7,5,17,4
D BS DL U R DR dr,2,10,36,7,5,15,4
D BS R U DR DL dr,2,10,36,7,5,13,3
D BS U DL R DR dr,2,10,36,7,5,15,4
D BS U R DR DL dr,2,10,36,7,5,11,2
D DL BS R U DR dr,2,10,36,7,5,15,4
D DL BS U R DR dr,2,10,36,7,5,13,4
D DL R BS U DR dr,2,10,36,7,5,15,4
D DL R DR U BS dr,2,10,36,7,5,13,3
D DL R U BS DR dr,2,10,36,7,5,13,4
D DL R U DR BS dr,2,10,36,7,5,13,3
D DL U BS R DR dr,2,10,36,7,5,13,4
D DL U R BS DR dr,2,10,36,7,5,13,4
D DL U R DR BS dr,2,10,36,7,5,11,3
D R BS U DR DL dr,2,10,36,7,5,13,3
D R U BS DR DL dr,2,10,36,7,5,11,2
D U BS DL R DR dr,2,10,36,7,5,17,4
D U BS R DR DL dr,2,10,36,7,5,13,4
D U DL BS R DR dr,2,10,36,7,5,17,4
D U DL R BS DR dr,2,10,36,7,5,17,4
D U DL R DR BS dr,2,10,36,7,5,15,4
D U R BS DR DL dr,2,10,36,7,5,13,4
DL BS D R U DR dr,2,10,36,7,5,16,4
DL BS D U R DR dr,2,10,36,7,5,16,4
DL BS U D R DR dr,2,10,36,7,5,16,4
DL D BS R U DR dr,2,10,36,7,5,14,4
DL D BS U R DR dr,2,10,36,7,5,12,4
DL D R BS U DR dr,2,10,36,7,5,14,4
DL D R DR U BS dr,2,10,36,7,5,12,3
DL D R U BS DR dr,2,10,36,7,5,12,4
DL D R U DR BS dr,2,10,36,7,5,12,3
DL D U BS R DR dr,2,10,36,7,5,14,4
DL D U R BS DR dr,2,10,36,7,5,14,4
DL D U R DR BS dr,2,10,36,7,5,12,4
DL U BS D R DR dr,2,10,36,7,5,14,4
DL U D BS R DR dr,2,10,36,7,5,16,4
DL U D R BS DR dr,2,10,36,7,5,16,4
DL U D R DR BS dr,2,10,36,7,5,14,4
R BS D U DR DL dr,2,10,36,7,5,15,4
R BS U D DR DL dr,2,10,36,7,5,13,4
R D BS U DR DL dr,2,10,36,7,5,13,3
R D U BS DR DL dr,2,10,36,7,5,13,4
R U BS D DR DL dr,2,10,36,7,5,11,2
R U D BS DR DL dr,2,10,36,7,5,13,4
U BS D DL R DR dr,2,10,36,7,5,13,4
U BS D R DR DL dr,2,10,36,7,5,11,2
U BS DL D R DR dr,2,10,36,7,5,13,4
U BS R D DR DL dr,2,10,36,7,5,11,2
U D BS DL R DR dr,2,10,36,7,5,17,4
U D BS R DR DL dr,2,10,36,7,5,13,4
U D DL BS R DR dr,2,10,36,7,5,15,4
U D DL R BS DR dr,2,10,36,7,5,15,4
U D DL R DR BS dr,2,10,36,7,5,13,4
U D R BS DR DL dr,2,10,36,7,5,13,4
U DL BS D R DR dr,2,10,36,7,5,15,4
U DL D BS R DR dr,2,10,36,7,5,13,4
U DL D R BS DR dr,2,10,36,7,5,13,4
U DL D R DR BS dr,2,10,36,7,5,11,3
U R BS D DR DL dr,2,10,36,7,5,11,2
U R D BS DR DL dr,2,10,36,7,5,11,2
D DL R DR U dr BS,2,13,37,7,5,12,3
D DL R U dr DR BS,2,13,37,7,5,12,4
D DL R U DR dr BS,2,13,37,7,5,16,4
D DL U dr R DR BS,2,13,37,7,5,10,3
D DL U R dr DR BS,2,13,37,7,5,14,4
D DL U R DR dr BS,2,13,37,7,5,14,4
D dr R U DL DR BS,2,13,37,7,5,14,3
D dr U R DL DR BS,2,13,37,7,5,12,3
D R dr U DL DR BS,2,13,37,7,5,12,3
D R U dr DL DR BS,2,13,37,7,5,10,2
D U DL dr R DR BS,2,13,37,7,5,14,4
D U DL R dr DR BS,2,13,37,7,5,18,4
D U DL R DR dr BS,2,13,37,7,5,18,4
D U dr R DL DR BS,2,13,37,7,5,14,4
D U R dr DL DR BS,2,13,37,7,5,14,4
DL D R DR U dr BS,2,13,37,7,5,11,3
DL D R U dr DR BS,2,13,37,7,5,11,4
DL D R U DR dr BS,2,13,37,7,5,15,4
DL D U dr R DR BS,2,13,37,7,5,11,4
DL D U R dr DR BS,2,13,37,7,5,15,4
DL D U R DR dr BS,2,13,37,7,5,15,4
DL U D dr R DR BS,2,13,37,7,5,15,4
DL U D R dr DR BS,2,13,37,7,5,17,4
DL U D R DR dr BS,2,13,37,7,5,17,4
DL U dr D R DR BS,2,13,37,7,5,11,3
dr D R U DL DR BS,2,13,37,7,5,13,3
dr D U R DL DR BS,2,13,37,7,5,15,4
dr R D U DL DR BS,2,13,37,7,5,15,4
dr R U D DL DR BS,2,13,37,7,5,13,4
dr U D R DL DR BS,2,13,37,7,5,13,4
dr U R D DL DR BS,2,13,37,7,5,9,2
R D dr U DL DR BS,2,13,37,7,5,12,3
R D U dr DL DR BS,2,13,37,7,5,12,4
R dr D U DL DR BS,2,13,37,7,5,16,4
R dr U D DL DR BS,2,13,37,7,5,12,4
R U D dr DL DR BS,2,13,37,7,5,14,4
R U dr D DL DR BS,2,13,37,7,5,10,3
U D DL dr R DR BS,2,13,37,7,5,12,4
U D DL R dr DR BS,2,13,37,7,5,16,4
U D DL R DR dr BS,2,13,37,7,5,16,4
U D dr R DL DR BS,2,13,37,7,5,16,4
U D R dr DL DR BS,2,13,37,7,5,14,4
U DL D dr R DR BS,2,13,37,7,5,12,3
U DL D R dr DR BS,2,13,37,7,5,14,4
U DL D R DR dr BS,2,13,37,7,5,14,4
U DL dr D R DR BS,2,13,37,7,5,12,3
U dr D R DL DR BS,2,13,37,7,5,12,3
U dr R D DL DR BS,2,13,37,7,5,10,3
U R D dr DL DR BS,2,13,37,7,5,12,3
U R dr D DL DR BS,2,13,37,7,5,12,3
BS DR D DL R U dr,2,14,38,5,5,9,3
DR BS D DL R U dr,2,14,38,5,5,10,3
DR D BS DL R U dr,2,14,38,5,5,12,3
BS DL R D DR U dr,2,10,38,6,5,13,3
BS DL R U DR D dr,2,10,38,6,5,15,3
BS DL U R DR D dr,2,10,38,6,5,13,3
BS R DL D DR U dr,2,10,38,6,5,11,3
BS R DL U DR D dr,2,10,38,6,5,15,3
BS R U DL DR D dr,2,10,38,6,5,13,3
BS R U DR DL D dr,2,10,38,6,5,13,3
BS U DL R DR D dr,2,10,38,6,5,13,3
BS U R DL DR D dr,2,10,38,6,5,13,3
BS U R DR DL D dr,2,10,38,6,5,11,3
DL BS R D DR U dr,2,10,38,6,5,12,3
DL BS R U DR D dr,2,10,38,6,5,14,3
DL BS U R DR D dr,2,10,38,6,5,12,3
DL R BS D DR U dr,2,10,38,6,5,12,3
DL R BS U DR D dr,2,10,38,6,5,14,3
DL R D BS DR U dr,2,10,38,6,5,12,3
DL R D DR BS U dr,2,10,38,6,5,10,3
DL R U BS DR D dr,2,10,38,6,5,12,3
DL U BS R DR D dr,2,10,38,6,5,12,3
DL U R BS DR D dr,2,10,38,6,5,12,3
R BS DL D DR U dr,2,10,38,6,5,11,3
R BS DL U DR D dr,2,10,38,6,5,15,3
R BS U DL DR D dr,2,10,38,6,5,13,3
R BS U DR DL D dr,2,10,38,6,5,13,3
R DL BS D DR U dr,2,10,38,6,5,13,3
R DL BS U DR D dr,2,10,38,6,5,15,3
R DL D BS DR U dr,2,10,38,6,5,11,3
R DL D DR BS U dr,2,10,38,6,5,9,3
R DL U BS DR D dr,2,10,38,6,5,13,3
R U BS DL DR D dr,2,10,38,6,5,13,3
R U BS DR DL D dr,2,10,38,6,5,11,3
R U DL BS DR D dr,2,10,38,6,5,13,3
U BS DL R DR D dr,2,10,38,6,5,13,3
U BS R DL DR D dr,2,10,38,6,5,13,3
U BS R DR DL D dr,2,10,38,6,5,11,3
U DL BS R DR D dr,2,10,38,6,5,13,3
U DL R BS DR D dr,2,10,38,6,5,13,3
U R BS DL DR D dr,2,10,38,6,5,13,3
U R BS DR DL D dr,2,10,38,6,5,11,3
U R DL BS DR D dr,2,10,38,6,5,13,3
BS D DR DL U R dr,2,14,38,6,5,13,3
BS D DR R DL U dr,2,14,38,6,5,11,3
BS D DR R U DL dr,2,14,38,6,5,11,3
BS D DR U DL R dr,2,14,38,6,5,15,3
BS D DR U R DL dr,2,14,38,6,5,13,3
BS D U DR DL R dr,2,14,38,6,5,17,4
BS D U DR R DL dr,2,14,38,6,5,15,4
BS U D DR DL R dr,2,14,38,6,5,15,4
BS U D DR R DL dr,2,14,38,6,5,13,4
D BS DR DL U R dr,2,14,38,6,5,13,3
D BS DR R DL U dr,2,14,38,6,5,11,3
D BS DR R U DL dr,2,14,38,6,5,11,3
D BS DR U DL R dr,2,14,38,6,5,15,3
D BS DR U R DL dr,2,14,38,6,5,13,3
D BS U DR DL R dr,2,14,38,6,5,15,3
D BS U DR R DL dr,2,14,38,6,5,13,3
D DR BS DL U R dr,2,14,38,6,5,13,3
D DR BS R DL U dr,2,14,38,6,5,11,3
D DR BS R U DL dr,2,14,38,6,5,11,3
D DR BS U DL R dr,2,14,38,6,5,13,3
D DR BS U R DL dr,2,14,38,6,5,11,3
D DR R BS DL U dr,2,14,38,6,5,11,3
D DR R BS U DL dr,2,14,38,6,5,11,3
D DR R DL BS U dr,2,14,38,6,5,11,3
D DR U BS DL R dr,2,14,38,6,5,15,3
D DR U BS R DL dr,2,14,38,6,5,13,3
D U BS DR DL R dr,2,14,38,6,5,15,4
D U BS DR R DL dr,2,14,38,6,5,13,4
D U DR BS DL R dr,2,14,38,6,5,17,4
D U DR BS R DL dr,2,14,38,6,5,15,4
U BS D DR DL R dr,2,14,38,6,5,13,3
U BS D DR R DL dr,2,14,38,6,5,11,3
U D BS DR DL R dr,2,14,38,6,5,15,4
U D BS DR R DL dr,2,14,38,6,5,13,4
U D DR BS DL R dr,2,14,38,6,5,15,4
U D DR BS R DL dr,2,14,38,6,5,13,4
DL dr R D DR U BS,2,13,39,6,5,13,3
DL dr R D U DR BS,2,13,39,6,5,15,4
DL dr R U D DR BS,2,13,39,6,5,13,4
DL dr U R D DR BS,2,13,39,6,5,9,2
DL R D dr DR U BS,2,13,39,6,5,17,4
DL R D DR dr U BS,2,13,39,6,5,13,4
DL R D dr U DR BS,2,13,39,6,5,13,3
DL R dr D DR U BS,2,13,39,6,5,15,3
DL R dr D U DR BS,2,13,39,6,5,17,4
DL R dr U D DR BS,2,13,39,6,5,13,4
dr DL R D DR U BS,2,13,39,6,5,13,3
dr DL R D U DR BS,2,13,39,6,5,15,4
dr DL R U D DR BS,2,13,39,6,5,13,4
dr DL U R D DR BS,2,13,39,6,5,11,3
dr R DL D DR U BS,2,13,39,6,5,13,3
dr R DL D U DR BS,2,13,39,6,5,15,4
dr R DL U D DR BS,2,13,39,6,5,15,4
R DL D dr DR U BS,2,13,39,6,5,16,4
R DL D DR dr U BS,2,13,39,6,5,12,4
R DL D dr U DR BS,2,13,39,6,5,12,3
R DL dr D DR U BS,2,13,39,6,5,14,3
R DL dr D U DR BS,2,13,39,6,5,16,4
R DL dr U D DR BS,2,13,39,6,5,12,4
R dr DL D DR U BS,2,13,39,6,5,12,3
R dr DL D U DR BS,2,13,39,6,5,14,4
R dr DL U D DR BS,2,13,39,6,5,14,4
D dr DR R DL U BS,2,14,39,6,5,16,4
D DR dr R DL U BS,2,14,39,6,5,16,4
D dr DR U DL R BS,2,14,39,6,5,18,4
D DR dr U DL R BS,2,14,39,6,5,14,4
D DR R DL dr U BS,2,14,39,6,5,10,3
D DR R dr DL U BS,2,14,39,6,5,12,3
D dr U DL DR R BS,2,14,39,6,5,12,3
D dr U DR DL R BS,2,14,39,6,5,14,3
D DR U dr DL R BS,2,14,39,6,5,12,3
D U dr DL DR R BS,2,14,39,6,5,12,4
D U dr DR DL R BS,2,14,39,6,5,16,4
D U DR dr DL R BS,2,14,39,6,5,18,4
dr D DR R DL U BS,2,14,39,6,5,13,3
dr D DR U DL R BS,2,14,39,6,5,15,3
dr D U DL DR R BS,2,14,39,6,5,15,4
dr D U DR DL R BS,2,14,39,6,5,17,4
dr U D DL DR R BS,2,14,39,6,5,11,4
dr U D DR DL R BS,2,14,39,6,5,13,4
dr U DL D DR R BS,2,14,39,6,5,9,3
U D dr DL DR R BS,2,14,39,6,5,14,4
U D dr DR DL R BS,2,14,39,6,5,18,4
U D DR dr DL R BS,2,14,39,6,5,16,4
U dr D DL DR R BS,2,14,39,6,5,10,3
U dr D DR DL R BS,2,14,39,6,5,12,3
U dr DL D DR R BS,2,14,39,6,5,8,2
BS D dr U DL DR R,2,13,39,7,5,12,3
BS D U dr DL DR R,2,13,39,7,5,12,4
BS dr D U DL DR R,2,13,39,7,5,16,4
BS dr U D DL DR R,2,13,39,7,5,12,4
BS dr U DL D DR R,2,13,39,7,5,10,3
BS U D dr DL DR R,2,13,39,7,5,14,4
BS U dr D DL DR R,2,13,39,7,5,10,3
BS U dr DL D DR R,2,13,39,7,5,8,2
D BS dr U DL DR R,2,13,39,7,5,12,3
D BS U dr DL DR R,2,13,39,7,5,10,2
D dr BS U DL DR R,2,13,39,7,5,14,3
D dr U BS DL DR R,2,13,39,7,5,12,3
D dr U DL BS DR R,2,13,39,7,5,12,3
D U BS dr DL DR R,2,13,39,7,5,14,4
D U dr BS DL DR R,2,13,39,7,5,14,4
D U dr DL BS DR R,2,13,39,7,5,12,4
dr BS D U DL DR R,2,13,39,7,5,15,4
dr BS U D DL DR R,2,13,39,7,5,13,4
dr BS U DL D DR R,2,13,39,7,5,11,3
dr D BS U DL DR R,2,13,39,7,5,13,3
dr D U BS DL DR R,2,13,39,7,5,15,4
dr D U DL BS DR R,2,13,39,7,5,15,4
dr U BS D DL DR R,2,13,39,7,5,9,2
dr U BS DL D DR R,2,13,39,7,5,9,3
dr U D BS DL DR R,2,13,39,7,5,13,4
dr U D DL BS DR R,2,13,39,7,5,11,4
dr U DL BS D DR R,2,13,39,7,5,11,3
dr U DL D BS DR R,2,13,39,7,5,9,3
U BS D dr DL DR R,2,13,39,7,5,12,3
U BS dr D DL DR R,2,13,39,7,5,12,3
U BS dr DL D DR R,2,13,39,7,5,10,3
U D BS dr DL DR R,2,13,39,7,5,14,4
U D dr BS DL DR R,2,13,39,7,5,16,4
U D dr DL BS DR R,2,13,39,7,5,14,4
U dr BS D DL DR R,2,13,39,7,5,10,3
U dr BS DL D DR R,2,13,39,7,5,10,3
U dr D BS DL DR R,2,13,39,7,5,12,3
U dr D DL BS DR R,2,13,39,7,5,10,3
U dr DL BS D DR R,2,13,39,7,5,10,3
U dr DL D BS DR R,2,13,39,7,5,8,2
BS DR D DL U R dr,2,14,40,6,5,11,3
BS DR D R DL U dr,2,14,40,6,5,11,3
BS DR D R U DL dr,2,14,40,6,5,11,3
BS DR D U DL R dr,2,14,40,6,5,15,4
BS DR D U R DL dr,2,14,40,6,5,13,4
BS DR R D DL U dr,2,14,40,6,5,9,3
BS DR R D U DL dr,2,14,40,6,5,13,4
BS DR R U D DL dr,2,14,40,6,5,11,4
BS DR U D DL R dr,2,14,40,6,5,15,4
BS DR U D R DL dr,2,14,40,6,5,15,4
BS DR U R D DL dr,2,14,40,6,5,11,3
BS U DR D DL R dr,2,14,40,6,5,13,3
BS U DR D R DL dr,2,14,40,6,5,13,3
BS U DR R D DL dr,2,14,40,6,5,11,3
DR BS D DL U R dr,2,14,40,6,5,12,3
DR BS D R DL U dr,2,14,40,6,5,12,3
DR BS D R U DL dr,2,14,40,6,5,12,3
DR BS D U DL R dr,2,14,40,6,5,16,4
DR BS D U R DL dr,2,14,40,6,5,14,4
DR BS R D DL U dr,2,14,40,6,5,10,3
DR BS R D U DL dr,2,14,40,6,5,14,4
DR BS R U D DL dr,2,14,40,6,5,12,4
DR BS U D DL R dr,2,14,40,6,5,14,4
DR BS U D R DL dr,2,14,40,6,5,14,4
DR BS U R D DL dr,2,14,40,6,5,10,2
DR D BS DL U R dr,2,14,40,6,5,14,3
DR D BS R DL U dr,2,14,40,6,5,12,3
DR D BS R U DL dr,2,14,40,6,5,12,3
DR D BS U DL R dr,2,14,40,6,5,14,3
DR D BS U R DL dr,2,14,40,6,5,12,3
DR D R BS DL U dr,2,14,40,6,5,12,3
DR D R BS U DL dr,2,14,40,6,5,12,3
DR D R DL BS U dr,2,14,40,6,5,12,3
DR D U BS DL R dr,2,14,40,6,5,16,4
DR D U BS R DL dr,2,14,40,6,5,14,4
DR R BS D DL U dr,2,14,40,6,5,10,3
DR R BS D U DL dr,2,14,40,6,5,14,4
DR R BS U D DL dr,2,14,40,6,5,12,4
DR R D BS DL U dr,2,14,40,6,5,12,3
DR R D BS U DL dr,2,14,40,6,5,12,3
DR R D DL BS U dr,2,14,40,6,5,10,3
DR U BS D DL R dr,2,14,40,6,5,14,3
DR U BS D R DL dr,2,14,40,6,5,14,3
DR U BS R D DL dr,2,14,40,6,5,12,3
DR U D BS DL R dr,2,14,40,6,5,18,4
DR U D BS R DL dr,2,14,40,6,5,16,4
U BS DR D DL R dr,2,14,40,6,5,11,3
U BS DR D R DL dr,2,14,40,6,5,11,3
U BS DR R D DL dr,2,14,40,6,5,9,2
U DR BS D DL R dr,2,14,40,6,5,13,3
U DR BS D R DL dr,2,14,40,6,5,13,3
U DR BS R D DL dr,2,14,40,6,5,11,3
U DR D BS DL R dr,2,14,40,6,5,15,3
U DR D BS R DL dr,2,14,40,6,5,13,3
BS DL R D U DR dr,2,10,40,7,5,19,4
BS DL R U D DR dr,2,10,40,7,5,17,4
BS DL U R D DR dr,2,10,40,7,5,15,4
BS R DL D U DR dr,2,10,40,7,5,17,4
BS R DL U D DR dr,2,10,40,7,5,17,4
BS R U DL D DR dr,2,10,40,7,5,13,4
BS U DL R D DR dr,2,10,40,7,5,15,4
BS U R DL D DR dr,2,10,40,7,5,13,4
DL BS R D U DR dr,2,10,40,7,5,18,4
DL BS R U D DR dr,2,10,40,7,5,16,4
DL BS U R D DR dr,2,10,40,7,5,14,4
DL R BS D U DR dr,2,10,40,7,5,18,4
DL R BS U D DR dr,2,10,40,7,5,16,4
DL R D BS U DR dr,2,10,40,7,5,16,4
DL R D DR U BS dr,2,10,40,7,5,14,3
DL R D U BS DR dr,2,10,40,7,5,16,4
DL R D U DR BS dr,2,10,40,7,5,16,4
DL R U BS D DR dr,2,10,40,7,5,14,4
DL R U D BS DR dr,2,10,40,7,5,16,4
DL R U D DR BS dr,2,10,40,7,5,14,4
DL U BS R D DR dr,2,10,40,7,5,14,4
DL U R BS D DR dr,2,10,40,7,5,14,4
DL U R D BS DR dr,2,10,40,7,5,14,4
DL U R D DR BS dr,2,10,40,7,5,12,3
R BS DL D U DR dr,2,10,40,7,5,17,4
R BS DL U D DR dr,2,10,40,7,5,17,4
R BS U DL D DR dr,2,10,40,7,5,13,4
R DL BS D U DR dr,2,10,40,7,5,19,4
R DL BS U D DR dr,2,10,40,7,5,17,4
R DL D BS U DR dr,2,10,40,7,5,15,4
R DL D DR U BS dr,2,10,40,7,5,13,3
R DL D U BS DR dr,2,10,40,7,5,15,4
R DL D U DR BS dr,2,10,40,7,5,15,4
R DL U BS D DR dr,2,10,40,7,5,15,4
R DL U D BS DR dr,2,10,40,7,5,17,4
R DL U D DR BS dr,2,10,40,7,5,15,4
R U BS DL D DR dr,2,10,40,7,5,13,4
R U DL BS D DR dr,2,10,40,7,5,15,4
R U DL D BS DR dr,2,10,40,7,5,13,4
R U DL D DR BS dr,2,10,40,7,5,11,3
U BS DL R D DR dr,2,10,40,7,5,15,4
U BS R DL D DR dr,2,10,40,7,5,13,4
U DL BS R D DR dr,2,10,40,7,5,15,4
U DL R BS D DR dr,2,10,40,7,5,15,4
U DL R D BS DR dr,2,10,40,7,5,15,4
U DL R D DR BS dr,2,10,40,7,5,13,3
U R BS DL D DR dr,2,10,40,7,5,13,4
U R DL BS D DR dr,2,10,40,7,5,15,4
U R DL D BS DR dr,2,10,40,7,5,13,4
U R DL D DR BS dr,2,10,40,7,5,11,3
D DR R DL U BS dr,2,14,40,7,5,13,3
D DR R U BS DL dr,2,14,40,7,5,11,3
D DR R U DL BS dr,2,14,40,7,5,13,3
D DR U R BS DL dr,2,14,40,7,5,13,3
D DR U R DL BS dr,2,14,40,7,5,15,3
D U DR R BS DL dr,2,14,40,7,5,15,4
D U DR R DL BS dr,2,14,40,7,5,17,4
U D DR R BS DL dr,2,14,40,7,5,13,4
U D DR R DL BS dr,2,14,40,7,5,15,4
DR D dr R DL U BS,2,14,41,6,5,15,3
DR D dr U DL R BS,2,14,41,6,5,13,3
DR D R DL dr U BS,2,14,41,6,5,11,3
DR D R dr DL U BS,2,14,41,6,5,13,3
DR D U dr DL R BS,2,14,41,6,5,13,4
dr DR D R DL U BS,2,14,41,6,5,15,4
DR dr D R DL U BS,2,14,41,6,5,17,4
dr DR D U DL R BS,2,14,41,6,5,17,4
DR dr D U DL R BS,2,14,41,6,5,19,4
dr DR R D DL U BS,2,14,41,6,5,13,4
DR dr R D DL U BS,2,14,41,6,5,15,4
dr DR R U DL D BS,2,14,41,6,5,13,4
DR dr R U DL D BS,2,14,41,6,5,15,4
dr DR U D DL R BS,2,14,41,6,5,17,4
DR dr U D DL R BS,2,14,41,6,5,15,4
dr DR U DL D R BS,2,14,41,6,5,15,4
DR dr U DL D R BS,2,14,41,6,5,13,4
dr DR U DL R D BS,2,14,41,6,5,17,4
DR dr U DL R D BS,2,14,41,6,5,15,4
dr DR U R DL D BS,2,14,41,6,5,15,4
DR dr U R DL D BS,2,14,41,6,5,13,4
DR R D DL dr U BS,2,14,41,6,5,9,2
DR R D dr DL U BS,2,14,41,6,5,13,3
DR R dr D DL U BS,2,14,41,6,5,13,3
DR R dr U DL D BS,2,14,41,6,5,11,3
DR R U dr DL D BS,2,14,41,6,5,9,2
DR U D dr DL R BS,2,14,41,6,5,17,4
dr U DL DR D R BS,2,14,41,6,5,11,3
dr U DL DR R D BS,2,14,41,6,5,11,3
dr U DR D DL R BS,2,14,41,6,5,11,3
DR U dr D DL R BS,2,14,41,6,5,13,3
dr U DR DL D R BS,2,14,41,6,5,11,3
DR U dr DL D R BS,2,14,41,6,5,11,3
dr U DR DL R D BS,2,14,41,6,5,13,3
DR U dr DL R D BS,2,14,41,6,5,13,3
dr U DR R DL D BS,2,14,41,6,5,11,3
DR U dr R DL D BS,2,14,41,6,5,13,3
DR U R dr DL D BS,2,14,41,6,5,13,3
U DR D dr DL R BS,2,14,41,6,5,14,3
U dr DL DR D R BS,2,14,41,6,5,10,2
U dr DL DR R D BS,2,14,41,6,5,10,2
U dr DR D DL R BS,2,14,41,6,5,12,4
U DR dr D DL R BS,2,14,41,6,5,16,4
U dr DR DL D R BS,2,14,41,6,5,12,4
U DR dr DL D R BS,2,14,41,6,5,14,4
U dr DR DL R D BS,2,14,41,6,5,14,4
U DR dr DL R D BS,2,14,41,6,5,16,4
U dr DR R DL D BS,2,14,41,6,5,12,4
U DR dr R DL D BS,2,14,41,6,5,16,4
U DR R dr DL D BS,2,14,41,6,5,12,3
DL R D DR U dr BS,2,13,41,7,5,13,3
DL R D U dr DR BS,2,13,41,7,5,15,4
DL R D U DR dr BS,2,13,41,7,5,19,4
DL R U D dr DR BS,2,13,41,7,5,17,4
DL R U D DR dr BS,2,13,41,7,5,17,4
DL R U dr D DR BS,2,13,41,7,5,11,3
DL U dr R D DR BS,2,13,41,7,5,11,3
DL U R D dr DR BS,2,13,41,7,5,15,4
DL U R D DR dr BS,2,13,41,7,5,15,4
DL U R dr D DR BS,2,13,41,7,5,13,3
R DL D DR U dr BS,2,13,41,7,5,12,3
R DL D U dr DR BS,2,13,41,7,5,14,4
R DL D U DR dr BS,2,13,41,7,5,18,4
R DL U D dr DR BS,2,13,41,7,5,18,4
R DL U D DR dr BS,2,13,41,7,5,18,4
R DL U dr D DR BS,2,13,41,7,5,12,3
R U DL D dr DR BS,2,13,41,7,5,14,4
R U DL D DR dr BS,2,13,41,7,5,14,4
R U DL dr D DR BS,2,13,41,7,5,12,3
U DL dr R D DR BS,2,13,41,7,5,12,3
U DL R D dr DR BS,2,13,41,7,5,16,4
U DL R D DR dr BS,2,13,41,7,5,16,4
U DL R dr D DR BS,2,13,41,7,5,14,3
U R DL D dr DR BS,2,13,41,7,5,14,4
U R DL D DR dr BS,2,13,41,7,5,14,4
U R DL dr D DR BS,2,13,41,7,5,12,3
D dr DR R U DL BS,2,14,41,7,5,16,4
D DR dr R U DL BS,2,14,41,7,5,16,4
D dr DR U R DL BS,2,14,41,7,5,18,4
D DR dr U R DL BS,2,14,41,7,5,14,4
D DR R DL U dr BS,2,14,41,7,5,12,3
D DR R dr U DL BS,2,14,41,7,5,12,3
D DR R U DL dr BS,2,14,41,7,5,12,3
D DR R U dr DL BS,2,14,41,7,5,10,3
D dr U DR R DL BS,2,14,41,7,5,14,3
D DR U dr R DL BS,2,14,41,7,5,14,3
D DR U R DL dr BS,2,14,41,7,5,14,3
D DR U R dr DL BS,2,14,41,7,5,14,3
D U dr DR R DL BS,2,14,41,7,5,16,4
D U DR dr R DL BS,2,14,41,7,5,20,4
D U DR R DL dr BS,2,14,41,7,5,16,4
D U DR R dr DL BS,2,14,41,7,5,16,4
dr D DR R U DL BS,2,14,41,7,5,13,3
dr D DR U R DL BS,2,14,41,7,5,15,3
dr D U DR R DL BS,2,14,41,7,5,17,4
dr U D DR R DL BS,2,14,41,7,5,13,4
U D dr DR R DL BS,2,14,41,7,5,18,4
U D DR dr R DL BS,2,14,41,7,5,18,4
U D DR R DL dr BS,2,14,41,7,5,14,4
U D DR R dr DL BS,2,14,41,7,5,14,4
U dr D DR R DL BS,2,14,41,7,5,12,3
BS D dr U DL R DR,2,13,41,8,5,13,3
BS D U dr DL R DR,2,13,41,8,5,13,4
BS dr D U DL R DR,2,13,41,8,5,17,4
BS dr U D DL R DR,2,13,41,8,5,13,4
BS dr U DL D R DR,2,13,41,8,5,11,3
BS U D dr DL R DR,2,13,41,8,5,15,4
BS U dr D DL R DR,2,13,41,8,5,11,3
BS U dr DL D R DR,2,13,41,8,5,9,2
D BS dr U DL R DR,2,13,41,8,5,13,3
D BS U dr DL R DR,2,13,41,8,5,11,3
D dr BS U DL R DR,2,13,41,8,5,15,3
D dr U BS DL R DR,2,13,41,8,5,13,3
D dr U DL BS R DR,2,13,41,8,5,13,3
D dr U DL R BS DR,2,13,41,8,5,13,3
D U BS dr DL R DR,2,13,41,8,5,15,4
D U dr BS DL R DR,2,13,41,8,5,15,4
D U dr DL BS R DR,2,13,41,8,5,13,4
D U dr DL R BS DR,2,13,41,8,5,13,4
dr BS D U DL R DR,2,13,41,8,5,16,4
dr BS U D DL R DR,2,13,41,8,5,14,4
dr BS U DL D R DR,2,13,41,8,5,12,3
dr D BS U DL R DR,2,13,41,8,5,14,3
dr D U BS DL R DR,2,13,41,8,5,16,4
dr D U DL BS R DR,2,13,41,8,5,16,4
dr D U DL R BS DR,2,13,41,8,5,16,4
dr U BS D DL R DR,2,13,41,8,5,10,3
dr U BS DL D R DR,2,13,41,8,5,10,3
dr U D BS DL R DR,2,13,41,8,5,14,4
dr U D DL BS R DR,2,13,41,8,5,12,4
dr U D DL R BS DR,2,13,41,8,5,12,4
dr U DL BS D R DR,2,13,41,8,5,12,3
dr U DL D BS R DR,2,13,41,8,5,10,3
dr U DL D R BS DR,2,13,41,8,5,10,3
U BS D dr DL R DR,2,13,41,8,5,13,3
U BS dr D DL R DR,2,13,41,8,5,13,3
U BS dr DL D R DR,2,13,41,8,5,11,3
U D BS dr DL R DR,2,13,41,8,5,15,4
U D dr BS DL R DR,2,13,41,8,5,17,4
U D dr DL BS R DR,2,13,41,8,5,15,4
U D dr DL R BS DR,2,13,41,8,5,15,4
U dr BS D DL R DR,2,13,41,8,5,11,3
U dr BS DL D R DR,2,13,41,8,5,11,3
U dr D BS DL R DR,2,13,41,8,5,13,3
U dr D DL BS R DR,2,13,41,8,5,11,3
U dr D DL R BS DR,2,13,41,8,5,11,3
U dr DL BS D R DR,2,13,41,8,5,11,3
U dr DL D BS R DR,2,13,41,8,5,9,2
U dr DL D R BS DR,2,13,41,8,5,9,2
BS R DR D DL U dr,2,14,42,6,5,9,3
BS R DR D U DL dr,2,14,42,6,5,13,4
BS R DR U D DL dr,2,14,42,6,5,13,4
R BS DR D DL U dr,2,14,42,6,5,9,3
R BS DR D U DL dr,2,14,42,6,5,13,4
R BS DR U D DL dr,2,14,42,6,5,13,4
R DR BS D DL U dr,2,14,42,6,5,9,3
R DR BS D U DL dr,2,14,42,6,5,13,4
R DR BS U D DL dr,2,14,42,6,5,11,4
R DR D BS DL U dr,2,14,42,6,5,11,3
R DR D BS U DL dr,2,14,42,6,5,11,3
R DR D DL BS U dr,2,14,42,6,5,9,3
DR D R DL U BS dr,2,14,42,7,5,14,3
DR D R U BS DL dr,2,14,42,7,5,12,3
DR D R U DL BS dr,2,14,42,7,5,14,3
DR D U R BS DL dr,2,14,42,7,5,14,4
DR D U R DL BS dr,2,14,42,7,5,16,4
DR R D DL U BS dr,2,14,42,7,5,12,3
DR R D U BS DL dr,2,14,42,7,5,14,4
DR R D U DL BS dr,2,14,42,7,5,16,4
DR R U BS D DL dr,2,14,42,7,5,10,2
DR R U D BS DL dr,2,14,42,7,5,14,4
DR R U D DL BS dr,2,14,42,7,5,14,4
DR U D R BS DL dr,2,14,42,7,5,16,4
DR U D R DL BS dr,2,14,42,7,5,18,4
DR U R BS D DL dr,2,14,42,7,5,12,3
DR U R D BS DL dr,2,14,42,7,5,14,3
DR U R D DL BS dr,2,14,42,7,5,14,3
U DR D R BS DL dr,2,14,42,7,5,13,3
U DR D R DL BS dr,2,14,42,7,5,15,3
U DR R BS D DL dr,2,14,42,7,5,11,3
U DR R D BS DL dr,2,14,42,7,5,13,3
U DR R D DL BS dr,2,14,42,7,5,13,3
dr R DR D DL U BS,2,14,43,6,5,11,3
dr R DR U DL D BS,2,14,43,6,5,13,3
dr R U DL DR D BS,2,14,43,6,5,13,3
dr R U DR DL D BS,2,14,43,6,5,13,3
dr U DL R DR D BS,2,14,43,6,5,11,3
dr U R DL DR D BS,2,14,43,6,5,11,3
dr U R DR DL D BS,2,14,43,6,5,9,2
R DR D DL dr U BS,2,14,43,6,5,8,2
R DR D dr DL U BS,2,14,43,6,5,12,3
R dr DR D DL U BS,2,14,43,6,5,14,4
R DR dr D DL U BS,2,14,43,6,5,14,4
R dr DR U DL D BS,2,14,43,6,5,16,4
R DR dr U DL D BS,2,14,43,6,5,12,4
R dr U DL DR D BS,2,14,43,6,5,12,3
R dr U DR DL D BS,2,14,43,6,5,12,3
R DR U dr DL D BS,2,14,43,6,5,10,3
R U dr DL DR D BS,2,14,43,6,5,10,2
R U dr DR DL D BS,2,14,43,6,5,12,4
R U DR dr DL D BS,2,14,43,6,5,14,4
U dr DL R DR D BS,2,14,43,6,5,10,3
U dr R DL DR D BS,2,14,43,6,5,12,3
U dr R DR DL D BS,2,14,43,6,5,10,3
U R dr DL DR D BS,2,14,43,6,5,12,3
U R dr DR DL D BS,2,14,43,6,5,14,4
U R DR dr DL D BS,2,14,43,6,5,12,4
BS dr R U DL DR D,2,13,43,7,5,14,3
BS dr R U DR DL D,2,13,43,7,5,14,3
BS dr U DL R DR D,2,13,43,7,5,12,3
BS dr U R DL DR D,2,13,43,7,5,12,3
BS dr U R DR DL D,2,13,43,7,5,10,3
BS R dr U DL DR D,2,13,43,7,5,12,3
BS R dr U DR DL D,2,13,43,7,5,12,3
BS R U dr DL DR D,2,13,43,7,5,10,2
BS R U dr DR DL D,2,13,43,7,5,12,4
BS R U DR dr DL D,2,13,43,7,5,14,4
BS U dr DL R DR D,2,13,43,7,5,10,3
BS U dr R DL DR D,2,13,43,7,5,12,3
BS U dr R DR DL D,2,13,43,7,5,10,3
BS U R dr DL DR D,2,13,43,7,5,12,3
BS U R dr DR DL D,2,13,43,7,5,14,4
BS U R DR dr DL D,2,13,43,7,5,12,4
dr BS R U DL DR D,2,13,43,7,5,13,3
dr BS R U DR DL D,2,13,43,7,5,13,3
dr BS U DL R DR D,2,13,43,7,5,13,3
dr BS U R DL DR D,2,13,43,7,5,13,3
dr BS U R DR DL D,2,13,43,7,5,11,3
dr R BS U DL DR D,2,13,43,7,5,13,3
dr R BS U DR DL D,2,13,43,7,5,13,3
dr R U BS DL DR D,2,13,43,7,5,13,3
dr R U BS DR DL D,2,13,43,7,5,11,3
dr R U DL BS DR D,2,13,43,7,5,13,3
dr U BS DL R DR D,2,13,43,7,5,11,3
dr U BS R DL DR D,2,13,43,7,5,11,3
dr U BS R DR DL D,2,13,43,7,5,9,2
dr U DL BS R DR D,2,13,43,7,5,11,3
dr U DL R BS DR D,2,13,43,7,5,11,3
dr U R BS DL DR D,2,13,43,7,5,11,3
dr U R BS DR DL D,2,13,43,7,5,9,2
dr U R DL BS DR D,2,13,43,7,5,11,3
R BS dr U DL DR D,2,13,43,7,5,12,3
R BS dr U DR DL D,2,13,43,7,5,12,3
R BS U dr DL DR D,2,13,43,7,5,10,2
R BS U dr DR DL D,2,13,43,7,5,12,4
R BS U DR dr DL D,2,13,43,7,5,14,4
R dr BS U DL DR D,2,13,43,7,5,14,3
R dr BS U DR DL D,2,13,43,7,5,14,3
R dr U BS DL DR D,2,13,43,7,5,12,3
R dr U BS DR DL D,2,13,43,7,5,10,3
R dr U DL BS DR D,2,13,43,7,5,12,3
R U BS dr DL DR D,2,13,43,7,5,12,3
R U BS dr DR DL D,2,13,43,7,5,14,4
R U BS DR dr DL D,2,13,43,7,5,12,4
R U dr BS DL DR D,2,13,43,7,5,12,3
R U dr BS DR DL D,2,13,43,7,5,10,3
R U dr DL BS DR D,2,13,43,7,5,10,3
U BS dr DL R DR D,2,13,43,7,5,12,3
U BS dr R DL DR D,2,13,43,7,5,14,3
U BS dr R DR DL D,2,13,43,7,5,12,3
U BS R dr DL DR D,2,13,43,7,5,12,3
U BS R dr DR DL D,2,13,43,7,5,14,4
U BS R DR dr DL D,2,13,43,7,5,12,4
U dr BS DL R DR D,2,13,43,7,5,12,3
U dr BS R DL DR D,2,13,43,7,5,12,3
U dr BS R DR DL D,2,13,43,7,5,10,3
U dr DL BS R DR D,2,13,43,7,5,10,3
U dr DL R BS DR D,2,13,43,7,5,10,3
U dr R BS DL DR D,2,13,43,7,5,12,3
U dr R BS DR DL D,2,13,43,7,5,10,3
U dr R DL BS DR D,2,13,43,7,5,12,3
U R BS dr DL DR D,2,13,43,7,5,12,3
U R BS dr DR DL D,2,13,43,7,5,14,4
U R BS DR dr DL D,2,13,43,7,5,12,4
U R dr BS DL DR D,2,13,43,7,5,14,3
U R dr BS DR DL D,2,13,43,7,5,12,3
U R dr DL BS DR D,2,13,43,7,5,12,3
DR D dr R U DL BS,2,14,43,7,5,15,3
DR D dr U R DL BS,2,14,43,7,5,13,3
DR D R DL U dr BS,2,14,43,7,5,13,3
DR D R dr U DL BS,2,14,43,7,5,13,3
DR D R U DL dr BS,2,14,43,7,5,13,3
DR D R U dr DL BS,2,14,43,7,5,11,3
DR D U dr R DL BS,2,14,43,7,5,15,4
DR D U R DL dr BS,2,14,43,7,5,15,4
DR D U R dr DL BS,2,14,43,7,5,15,4
dr DR D R U DL BS,2,14,43,7,5,15,4
DR dr D R U DL BS,2,14,43,7,5,17,4
dr DR D U R DL BS,2,14,43,7,5,17,4
DR dr D U R DL BS,2,14,43,7,5,19,4
dr DR R D U DL BS,2,14,43,7,5,17,4
DR dr R D U DL BS,2,14,43,7,5,19,4
dr DR R U D DL BS,2,14,43,7,5,15,4
DR dr R U D DL BS,2,14,43,7,5,17,4
dr DR U D R DL BS,2,14,43,7,5,19,4
DR dr U D R DL BS,2,14,43,7,5,17,4
dr DR U R D DL BS,2,14,43,7,5,15,4
DR dr U R D DL BS,2,14,43,7,5,13,4
DR R D DL U dr BS,2,14,43,7,5,11,3
DR R D dr U DL BS,2,14,43,7,5,13,3
DR R D U DL dr BS,2,14,43,7,5,15,4
DR R D U dr DL BS,2,14,43,7,5,13,4
DR R dr D U DL BS,2,14,43,7,5,17,4
DR R dr U D DL BS,2,14,43,7,5,13,4
DR R U D DL dr BS,2,14,43,7,5,13,4
DR R U D dr DL BS,2,14,43,7,5,15,4
DR R U dr D DL BS,2,14,43,7,5,11,3
DR U D dr R DL BS,2,14,43,7,5,19,4
DR U D R DL dr BS,2,14,43,7,5,17,4
DR U D R dr DL BS,2,14,43,7,5,17,4
dr U DR D R DL BS,2,14,43,7,5,13,3
DR U dr D R DL BS,2,14,43,7,5,15,3
dr U DR R D DL BS,2,14,43,7,5,11,3
DR U dr R D DL BS,2,14,43,7,5,13,3
DR U R D DL dr BS,2,14,43,7,5,13,3
DR U R D dr DL BS,2,14,43,7,5,15,3
DR U R dr D DL BS,2,14,43,7,5,15,3
U DR D dr R DL BS,2,14,43,7,5,16,3
U DR D R DL dr BS,2,14,43,7,5,14,3
U DR D R dr DL BS,2,14,43,7,5,14,3
U dr DR D R DL BS,2,14,43,7,5,14,4
U DR dr D R DL BS,2,14,43,7,5,18,4
U dr DR R D DL BS,2,14,43,7,5,12,4
U DR dr R D DL BS,2,14,43,7,5,16,4
U DR R D DL dr BS,2,14,43,7,5,12,3
U DR R D dr DL BS,2,14,43,7,5,14,3
U DR R dr D DL BS,2,14,43,7,5,14,3
BS D R DL DR U dr,2,10,44,7,5,13,3
BS R D DL DR U dr,2,10,44,7,5,11,3
D BS R DL DR U dr,2,10,44,7,5,13,3
D R BS DL DR U dr,2,10,44,7,5,13,3
D R DL BS DR U dr,2,10,44,7,5,13,3
D R DL DR BS U dr,2,10,44,7,5,11,3
R BS D DL DR U dr,2,10,44,7,5,11,3
R D BS DL DR U dr,2,10,44,7,5,13,3
R D DL BS DR U dr,2,10,44,7,5,11,3
R D DL DR BS U dr,2,10,44,7,5,9,2
R DR D DL U BS dr,2,14,44,7,5,11,3
R DR D U BS DL dr,2,14,44,7,5,13,4
R DR D U DL BS dr,2,14,44,7,5,15,4
R DR U BS D DL dr,2,14,44,7,5,11,3
R DR U D BS DL dr,2,14,44,7,5,15,4
R DR U D DL BS dr,2,14,44,7,5,15,4
R U DR BS D DL dr,2,14,44,7,5,11,3
R U DR D BS DL dr,2,14,44,7,5,13,3
R U DR D DL BS dr,2,14,44,7,5,13,3
U R DR BS D DL dr,2,14,44,7,5,9,2
U R DR D BS DL dr,2,14,44,7,5,11,3
U R DR D DL BS dr,2,14,44,7,5,11,3
D dr R DL DR U BS,2,13,45,7,5,16,3
D dr R DL U DR BS,2,13,45,7,5,16,3
D R DL dr DR U BS,2,13,45,7,5,16,4
D R DL DR dr U BS,2,13,45,7,5,14,4
D R DL dr U DR BS,2,13,45,7,5,12,3
D R dr DL DR U BS,2,13,45,7,5,14,3
D R dr DL U DR BS,2,13,45,7,5,14,3
dr D R DL DR U BS,2,13,45,7,5,15,3
dr D R DL U DR BS,2,13,45,7,5,15,3
dr R D DL DR U BS,2,13,45,7,5,13,3
dr R D DL U DR BS,2,13,45,7,5,13,3
R D DL dr DR U BS,2,13,45,7,5,14,4
R D DL DR dr U BS,2,13,45,7,5,12,4
R D DL dr U DR BS,2,13,45,7,5,10,3
R D dr DL DR U BS,2,13,45,7,5,14,3
R D dr DL U DR BS,2,13,45,7,5,14,3
R dr D DL DR U BS,2,13,45,7,5,14,3
R dr D DL U DR BS,2,13,45,7,5,14,3
dr R DR D U DL BS,2,14,45,7,5,15,4
dr R DR U D DL BS,2,14,45,7,5,15,4
dr R U DR D DL BS,2,14,45,7,5,13,3
dr U R DR D DL BS,2,14,45,7,5,9,3
R DR D DL U dr BS,2,14,45,7,5,10,3
R DR D dr U DL BS,2,14,45,7,5,12,3
R DR D U DL dr BS,2,14,45,7,5,14,4
R DR D U dr DL BS,2,14,45,7,5,12,4
R dr DR D U DL BS,2,14,45,7,5,18,4
R DR dr D U DL BS,2,14,45,7,5,18,4
R dr DR U D DL BS,2,14,45,7,5,18,4
R DR dr U D DL BS,2,14,45,7,5,14,4
R DR U D DL dr BS,2,14,45,7,5,14,4
R DR U D dr DL BS,2,14,45,7,5,16,4
R dr U DR D DL BS,2,14,45,7,5,12,3
R DR U dr D DL BS,2,14,45,7,5,12,3
R U DR D DL dr BS,2,14,45,7,5,12,3
R U DR D dr DL BS,2,14,45,7,5,14,3
R U dr DR D DL BS,2,14,45,7,5,12,4
R U DR dr D DL BS,2,14,45,7,5,16,4
U dr R DR D DL BS,2,14,45,7,5,10,3
U R DR D DL dr BS,2,14,45,7,5,10,3
U R DR D dr DL BS,2,14,45,7,5,12,3
U R dr DR D DL BS,2,14,45,7,5,14,4
U R DR dr D DL BS,2,14,45,7,5,14,4
BS dr R U DL D DR,2,13,45,8,5,13,3
BS dr R U DR D DL,2,13,45,8,5,13,3
BS dr U DL R D DR,2,13,45,8,5,13,3
BS dr U R DL D DR,2,13,45,8,5,11,3
BS dr U R DR D DL,2,13,45,8,5,9,3
BS R dr U DL D DR,2,13,45,8,5,11,3
BS R dr U DR D DL,2,13,45,8,5,11,3
BS R U DR D dr DL,2,13,45,8,5,13,3
BS R U dr DL D DR,2,13,45,8,5,9,2
BS R U dr DR D DL,2,13,45,8,5,11,4
BS R U DR dr D DL,2,13,45,8,5,15,4
BS U dr DL R D DR,2,13,45,8,5,11,3
BS U dr R DL D DR,2,13,45,8,5,11,3
BS U dr R DR D DL,2,13,45,8,5,9,3
BS U R DR D dr DL,2,13,45,8,5,11,3
BS U R dr DL D DR,2,13,45,8,5,11,3
BS U R dr DR D DL,2,13,45,8,5,13,4
BS U R DR dr D DL,2,13,45,8,5,13,4
dr BS R U DL D DR,2,13,45,8,5,12,3
dr BS R U DR D DL,2,13,45,8,5,12,3
dr BS U DL R D DR,2,13,45,8,5,14,3
dr BS U R DL D DR,2,13,45,8,5,12,3
dr BS U R DR D DL,2,13,45,8,5,10,3
dr R BS U DL D DR,2,13,45,8,5,12,3
dr R BS U DR D DL,2,13,45,8,5,12,3
dr R U BS DL D DR,2,13,45,8,5,12,3
dr R U BS DR D DL,2,13,45,8,5,10,3
dr R U DL BS D DR,2,13,45,8,5,14,3
dr R U DL D BS DR,2,13,45,8,5,12,3
dr U BS DL R D DR,2,13,45,8,5,12,3
dr U BS R DL D DR,2,13,45,8,5,10,3
dr U BS R DR D DL,2,13,45,8,5,8,2
dr U DL BS R D DR,2,13,45,8,5,12,3
dr U DL R BS D DR,2,13,45,8,5,12,3
dr U DL R D BS DR,2,13,45,8,5,12,3
dr U R BS DL D DR,2,13,45,8,5,10,3
dr U R BS DR D DL,2,13,45,8,5,8,2
dr U R DL BS D DR,2,13,45,8,5,12,3
dr U R DL D BS DR,2,13,45,8,5,10,3
R BS dr U DL D DR,2,13,45,8,5,11,3
R BS dr U DR D DL,2,13,45,8,5,11,3
R BS U DR D dr DL,2,13,45,8,5,13,3
R BS U dr DL D DR,2,13,45,8,5,9,2
R BS U dr DR D DL,2,13,45,8,5,11,4
R BS U DR dr D DL,2,13,45,8,5,15,4
R dr BS U DL D DR,2,13,45,8,5,13,3
R dr BS U DR D DL,2,13,45,8,5,13,3
R dr U BS DL D DR,2,13,45,8,5,11,3
R dr U BS DR D DL,2,13,45,8,5,9,3
R dr U DL BS D DR,2,13,45,8,5,13,3
R dr U DL D BS DR,2,13,45,8,5,11,3
R U BS DR D dr DL,2,13,45,8,5,11,3
R U BS dr DL D DR,2,13,45,8,5,11,3
R U BS dr DR D DL,2,13,45,8,5,13,4
R U BS DR dr D DL,2,13,45,8,5,13,4
R U dr BS DL D DR,2,13,45,8,5,11,3
R U dr BS DR D DL,2,13,45,8,5,9,3
R U dr DL BS D DR,2,13,45,8,5,11,3
R U dr DL D BS DR,2,13,45,8,5,9,2
U BS dr DL R D DR,2,13,45,8,5,13,3
U BS dr R DL D DR,2,13,45,8,5,13,3
U BS dr R DR D DL,2,13,45,8,5,11,3
U BS R DR D dr DL,2,13,45,8,5,11,3
U BS R dr DL D DR,2,13,45,8,5,11,3
U BS R dr DR D DL,2,13,45,8,5,13,4
U BS R DR dr D DL,2,13,45,8,5,13,4
U dr BS DL R D DR,2,13,45,8,5,13,3
U dr BS R DL D DR,2,13,45,8,5,11,3
U dr BS R DR D DL,2,13,45,8,5,9,3
U dr DL BS R D DR,2,13,45,8,5,11,3
U dr DL R BS D DR,2,13,45,8,5,11,3
U dr DL R D BS DR,2,13,45,8,5,11,3
U dr R BS DL D DR,2,13,45,8,5,11,3
U dr R BS DR D DL,2,13,45,8,5,9,3
U dr R DL BS D DR,2,13,45,8,5,13,3
U dr R DL D BS DR,2,13,45,8,5,11,3
U R BS DR D dr DL,2,13,45,8,5,11,3
U R BS dr DL D DR,2,13,45,8,5,11,3
U R BS dr DR D DL,2,13,45,8,5,13,4
U R BS DR dr D DL,2,13,45,8,5,13,4
U R dr BS DL D DR,2,13,45,8,5,13,3
U R dr BS DR D DL,2,13,45,8,5,11,3
U R dr DL BS D DR,2,13,45,8,5,13,3
U R dr DL D BS DR,2,13,45,8,5,11,3
BS DL DR D R U dr,5,14,46,5,5,11,3
BS DR DL D R U dr,5,14,46,5,5,9,2
DL BS DR D R U dr,5,14,46,5,5,10,3
DL DR BS D R U dr,5,14,46,5,5,10,2
DR BS DL D R U dr,5,14,46,5,5,10,3
DR DL BS D R U dr,5,14,46,5,5,12,3
D DL DR BS R U dr,2,14,46,6,5,9,2
D DL DR R BS U dr,2,14,46,6,5,9,2
D DR DL BS R U dr,2,14,46,6,5,11,3
D DR DL R BS U dr,2,14,46,6,5,11,3
DL D DR BS R U dr,2,14,46,6,5,8,2
DL D DR R BS U dr,2,14,46,6,5,8,2
BS D R DL U DR dr,2,10,46,8,5,17,4
BS D R U DL DR dr,2,10,46,8,5,15,4
BS D U R DL DR dr,2,10,46,8,5,17,4
BS R D DL U DR dr,2,10,46,8,5,15,4
BS R D U DL DR dr,2,10,46,8,5,17,4
BS R U D DL DR dr,2,10,46,8,5,15,4
BS U D R DL DR dr,2,10,46,8,5,17,4
BS U R D DL DR dr,2,10,46,8,5,13,4
D BS R DL U DR dr,2,10,46,8,5,17,4
D BS R U DL DR dr,2,10,46,8,5,15,4
D BS U R DL DR dr,2,10,46,8,5,15,4
D R BS DL U DR dr,2,10,46,8,5,17,4
D R BS U DL DR dr,2,10,46,8,5,15,4
D R DL BS U DR dr,2,10,46,8,5,17,4
D R DL DR U BS dr,2,10,46,8,5,15,3
D R DL U BS DR dr,2,10,46,8,5,15,4
D R DL U DR BS dr,2,10,46,8,5,15,3
D R U BS DL DR dr,2,10,46,8,5,15,4
D R U DL BS DR dr,2,10,46,8,5,15,4
D R U DL DR BS dr,2,10,46,8,5,13,3
D U BS R DL DR dr,2,10,46,8,5,17,4
D U R BS DL DR dr,2,10,46,8,5,17,4
D U R DL BS DR dr,2,10,46,8,5,17,4
D U R DL DR BS dr,2,10,46,8,5,15,4
R BS D DL U DR dr,2,10,46,8,5,15,4
R BS D U DL DR dr,2,10,46,8,5,17,4
R BS U D DL DR dr,2,10,46,8,5,15,4
R D BS DL U DR dr,2,10,46,8,5,17,4
R D BS U DL DR dr,2,10,46,8,5,15,4
R D DL BS U DR dr,2,10,46,8,5,15,4
R D DL DR U BS dr,2,10,46,8,5,13,3
R D DL U BS DR dr,2,10,46,8,5,13,4
R D DL U DR BS dr,2,10,46,8,5,13,3
R D U BS DL DR dr,2,10,46,8,5,17,4
R D U DL BS DR dr,2,10,46,8,5,17,4
R D U DL DR BS dr,2,10,46,8,5,15,4
R U BS D DL DR dr,2,10,46,8,5,13,4
R U D BS DL DR dr,2,10,46,8,5,17,4
R U D DL BS DR dr,2,10,46,8,5,15,4
R U D DL DR BS dr,2,10,46,8,5,13,4
U BS D R DL DR dr,2,10,46,8,5,15,4
U BS R D DL DR dr,2,10,46,8,5,13,4
U D BS R DL DR dr,2,10,46,8,5,17,4
U D R BS DL DR dr,2,10,46,8,5,17,4
U D R DL BS DR dr,2,10,46,8,5,17,4
U D R DL DR BS dr,2,10,46,8,5,15,4
U R BS D DL DR dr,2,10,46,8,5,13,4
U R D BS DL DR dr,2,10,46,8,5,15,4
U R D DL BS DR dr,2,10,46,8,5,13,4
U R D DL DR BS dr,2,10,46,8,5,11,3
D DL dr DR R U BS,2,14,47,6,5,12,4
D DL DR dr R U BS,2,14,47,6,5,14,4
D DL dr DR U R BS,2,14,47,6,5,14,4
D DL DR dr U R BS,2,14,47,6,5,12,4
D DL DR R dr U BS,2,14,47,6,5,10,3
D DL dr U DR R BS,2,14,47,6,5,10,3
D dr DL DR R U BS,2,14,47,6,5,12,3
D DR DL dr R U BS,2,14,47,6,5,12,3
D dr DL DR U R BS,2,14,47,6,5,14,3
D DR DL dr U R BS,2,14,47,6,5,10,2
D DR DL R dr U BS,2,14,47,6,5,12,3
D dr DL U DR R BS,2,14,47,6,5,14,3
D dr DR DL R U BS,2,14,47,6,5,16,4
D DR dr DL R U BS,2,14,47,6,5,14,4
D dr DR DL U R BS,2,14,47,6,5,16,4
D DR dr DL U R BS,2,14,47,6,5,14,4
DL D dr DR R U BS,2,14,47,6,5,13,4
DL D DR dr R U BS,2,14,47,6,5,13,4
DL D dr DR U R BS,2,14,47,6,5,15,4
DL D DR dr U R BS,2,14,47,6,5,11,4
DL D DR R dr U BS,2,14,47,6,5,9,3
DL D dr U DR R BS,2,14,47,6,5,11,3
DL dr D DR R U BS,2,14,47,6,5,11,3
DL dr D DR U R BS,2,14,47,6,5,13,3
DL dr D U DR R BS,2,14,47,6,5,15,4
DL dr U D DR R BS,2,14,47,6,5,11,4
dr D DL DR R U BS,2,14,47,6,5,11,3
dr D DL DR U R BS,2,14,47,6,5,13,3
dr D DL U DR R BS,2,14,47,6,5,13,3
dr D DR DL R U BS,2,14,47,6,5,13,3
dr D DR DL U R BS,2,14,47,6,5,13,3
dr DL D DR R U BS,2,14,47,6,5,9,2
dr DL D DR U R BS,2,14,47,6,5,11,3
dr DL D U DR R BS,2,14,47,6,5,13,4
dr DL U D DR R BS,2,14,47,6,5,13,4
BS D DL dr DR R U,2,13,47,7,5,12,4
BS D DL DR dr R U,2,13,47,7,5,14,4
BS D DL dr DR U R,2,13,47,7,5,14,4
BS D DL DR dr U R,2,13,47,7,5,12,4
BS D DL DR R dr U,2,13,47,7,5,10,3
BS D DL dr U DR R,2,13,47,7,5,10,3
BS D dr DL DR R U,2,13,47,7,5,12,3
BS D dr DL DR U R,2,13,47,7,5,14,3
BS D dr DL U DR R,2,13,47,7,5,14,3
BS DL D dr DR R U,2,13,47,7,5,14,4
BS DL D DR dr R U,2,13,47,7,5,14,4
BS DL D dr DR U R,2,13,47,7,5,16,4
BS DL D DR dr U R,2,13,47,7,5,12,4
BS DL D DR R dr U,2,13,47,7,5,10,3
BS DL D dr U DR R,2,13,47,7,5,12,3
BS DL dr D DR R U,2,13,47,7,5,12,3
BS DL dr D DR U R,2,13,47,7,5,14,3
BS DL dr D U DR R,2,13,47,7,5,16,4
BS DL dr U D DR R,2,13,47,7,5,12,4
BS dr D DL DR R U,2,13,47,7,5,12,3
BS dr D DL DR U R,2,13,47,7,5,14,3
BS dr D DL U DR R,2,13,47,7,5,14,3
BS dr DL D DR R U,2,13,47,7,5,10,3
BS dr DL D DR U R,2,13,47,7,5,12,3
BS dr DL D U DR R,2,13,47,7,5,14,4
BS dr DL U D DR R,2,13,47,7,5,14,4
D BS DL dr DR R U,2,13,47,7,5,14,4
D BS DL DR dr R U,2,13,47,7,5,16,4
D BS DL dr DR U R,2,13,47,7,5,16,4
D BS DL DR dr U R,2,13,47,7,5,14,4
D BS DL DR R dr U,2,13,47,7,5,12,3
D BS DL dr U DR R,2,13,47,7,5,12,3
D BS dr DL DR R U,2,13,47,7,5,12,3
D BS dr DL DR U R,2,13,47,7,5,14,3
D BS dr DL U DR R,2,13,47,7,5,14,3
D DL BS dr DR R U,2,13,47,7,5,14,4
D DL BS DR dr R U,2,13,47,7,5,14,4
D DL BS dr DR U R,2,13,47,7,5,16,4
D DL BS DR dr U R,2,13,47,7,5,12,4
D DL BS DR R dr U,2,13,47,7,5,10,3
D DL BS dr U DR R,2,13,47,7,5,12,3
D DL dr BS DR R U,2,13,47,7,5,10,3
D DL dr BS DR U R,2,13,47,7,5,12,3
D DL dr BS U DR R,2,13,47,7,5,12,3
D DL dr U BS DR R,2,13,47,7,5,8,2
D dr BS DL DR R U,2,13,47,7,5,14,3
D dr BS DL DR U R,2,13,47,7,5,16,3
D dr BS DL U DR R,2,13,47,7,5,16,3
D dr DL BS DR R U,2,13,47,7,5,12,3
D dr DL BS DR U R,2,13,47,7,5,14,3
D dr DL BS U DR R,2,13,47,7,5,14,3
D dr DL U BS DR R,2,13,47,7,5,12,3
DL BS D dr DR R U,2,13,47,7,5,15,4
DL BS D DR dr R U,2,13,47,7,5,15,4
DL BS D dr DR U R,2,13,47,7,5,17,4
DL BS D DR dr U R,2,13,47,7,5,13,4
DL BS D DR R dr U,2,13,47,7,5,11,3
DL BS D dr U DR R,2,13,47,7,5,13,3
DL BS dr D DR R U,2,13,47,7,5,13,3
DL BS dr D DR U R,2,13,47,7,5,15,3
DL BS dr D U DR R,2,13,47,7,5,17,4
DL BS dr U D DR R,2,13,47,7,5,13,4
DL D BS dr DR R U,2,13,47,7,5,13,4
DL D BS DR dr R U,2,13,47,7,5,13,4
DL D BS dr DR U R,2,13,47,7,5,15,4
DL D BS DR dr U R,2,13,47,7,5,11,4
DL D BS DR R dr U,2,13,47,7,5,9,3
DL D BS dr U DR R,2,13,47,7,5,11,3
DL D dr BS DR R U,2,13,47,7,5,11,3
DL D dr BS DR U R,2,13,47,7,5,13,3
DL D dr BS U DR R,2,13,47,7,5,13,3
DL D dr U BS DR R,2,13,47,7,5,9,3
DL dr BS D DR R U,2,13,47,7,5,11,3
DL dr BS D DR U R,2,13,47,7,5,13,3
DL dr BS D U DR R,2,13,47,7,5,15,4
DL dr BS U D DR R,2,13,47,7,5,13,4
DL dr D BS DR R U,2,13,47,7,5,11,3
DL dr D BS DR U R,2,13,47,7,5,13,3
DL dr D BS U DR R,2,13,47,7,5,13,3
DL dr D U BS DR R,2,13,47,7,5,13,4
DL dr U BS D DR R,2,13,47,7,5,9,2
DL dr U D BS DR R,2,13,47,7,5,11,4
dr BS D DL DR R U,2,13,47,7,5,11,3
dr BS D DL DR U R,2,13,47,7,5,13,3
dr BS D DL U DR R,2,13,47,7,5,13,3
dr BS DL D DR R U,2,13,47,7,5,11,3
dr BS DL D DR U R,2,13,47,7,5,13,3
dr BS DL D U DR R,2,13,47,7,5,15,4
dr BS DL U D DR R,2,13,47,7,5,15,4
dr D BS DL DR R U,2,13,47,7,5,13,3
dr D BS DL DR U R,2,13,47,7,5,15,3
dr D BS DL U DR R,2,13,47,7,5,15,3
dr D DL BS DR R U,2,13,47,7,5,11,3
dr D DL BS DR U R,2,13,47,7,5,13,3
dr D DL BS U DR R,2,13,47,7,5,13,3
dr D DL U BS DR R,2,13,47,7,5,11,3
dr DL BS D DR R U,2,13,47,7,5,11,3
dr DL BS D DR U R,2,13,47,7,5,13,3
dr DL BS D U DR R,2,13,47,7,5,15,4
dr DL BS U D DR R,2,13,47,7,5,13,4
dr DL D BS DR R U,2,13,47,7,5,9,2
dr DL D BS DR U R,2,13,47,7,5,11,3
dr DL D BS U DR R,2,13,47,7,5,11,3
dr DL D U BS DR R,2,13,47,7,5,11,4
dr DL U BS D DR R,2,13,47,7,5,11,3
dr DL U D BS DR R,2,13,47,7,5,13,4
D R DL DR U dr BS,2,13,47,8,5,14,3
D R DL U dr DR BS,2,13,47,8,5,14,4
D R DL U DR dr BS,2,13,47,8,5,18,4
D R U DL dr DR BS,2,13,47,8,5,14,4
D R U DL DR dr BS,2,13,47,8,5,16,4
D U R DL dr DR BS,2,13,47,8,5,16,4
D U R DL DR dr BS,2,13,47,8,5,18,4
R D DL DR U dr BS,2,13,47,8,5,12,3
R D DL U dr DR BS,2,13,47,8,5,12,4
R D DL U DR dr BS,2,13,47,8,5,16,4
R D U DL dr DR BS,2,13,47,8,5,16,4
R D U DL DR dr BS,2,13,47,8,5,18,4
R U D DL dr DR BS,2,13,47,8,5,14,4
R U D DL DR dr BS,2,13,47,8,5,16,4
U D R DL dr DR BS,2,13,47,8,5,16,4
U D R DL DR dr BS,2,13,47,8,5,18,4
U R D DL dr DR BS,2,13,47,8,5,12,4
U R D DL DR dr BS,2,13,47,8,5,14,4
BS DL DR D U R dr,2,14,48,6,5,15,4
BS DL DR R D U dr,2,14,48,6,5,13,4
BS DL DR R U D dr,2,14,48,6,5,15,4
BS DL DR U D R dr,2,14,48,6,5,17,4
BS DL DR U R D dr,2,14,48,6,5,15,3
BS DL U DR D R dr,2,14,48,6,5,15,3
BS DL U DR R D dr,2,14,48,6,5,15,3
BS DR DL D U R dr,2,14,48,6,5,13,4
BS DR DL R D U dr,2,14,48,6,5,13,4
BS DR DL R U D dr,2,14,48,6,5,15,4
BS DR DL U D R dr,2,14,48,6,5,15,4
BS DR DL U R D dr,2,14,48,6,5,13,3
BS DR R DL D U dr,2,14,48,6,5,11,4
BS DR R DL U D dr,2,14,48,6,5,15,4
BS DR R U DL D dr,2,14,48,6,5,11,3
BS DR U DL D R dr,2,14,48,6,5,13,3
BS DR U DL R D dr,2,14,48,6,5,15,3
BS DR U R DL D dr,2,14,48,6,5,13,3
BS U DL DR D R dr,2,14,48,6,5,13,3
BS U DL DR R D dr,2,14,48,6,5,13,3
BS U DR DL D R dr,2,14,48,6,5,13,3
BS U DR DL R D dr,2,14,48,6,5,15,3
BS U DR R DL D dr,2,14,48,6,5,13,3
DL BS DR D U R dr,2,14,48,6,5,14,4
DL BS DR R D U dr,2,14,48,6,5,12,4
DL BS DR R U D dr,2,14,48,6,5,14,4
DL BS DR U D R dr,2,14,48,6,5,16,4
DL BS DR U R D dr,2,14,48,6,5,14,3
DL BS U DR D R dr,2,14,48,6,5,14,3
DL BS U DR R D dr,2,14,48,6,5,14,3
DL DR BS D U R dr,2,14,48,6,5,14,4
DL DR BS R D U dr,2,14,48,6,5,12,4
DL DR BS R U D dr,2,14,48,6,5,14,4
DL DR BS U D R dr,2,14,48,6,5,14,4
DL DR BS U R D dr,2,14,48,6,5,12,3
DL DR D BS R U dr,2,14,48,6,5,10,2
DL DR D R BS U dr,2,14,48,6,5,10,2
DL DR R BS D U dr,2,14,48,6,5,12,4
DL DR R BS U D dr,2,14,48,6,5,14,4
DL DR R D BS U dr,2,14,48,6,5,10,2
DL DR U BS D R dr,2,14,48,6,5,14,3
DL DR U BS R D dr,2,14,48,6,5,14,3
DL U BS DR D R dr,2,14,48,6,5,12,3
DL U BS DR R D dr,2,14,48,6,5,12,3
DL U DR BS D R dr,2,14,48,6,5,14,3
DL U DR BS R D dr,2,14,48,6,5,14,3
DR BS DL D U R dr,2,14,48,6,5,14,4
DR BS DL R D U dr,2,14,48,6,5,14,4
DR BS DL R U D dr,2,14,48,6,5,16,4
DR BS DL U D R dr,2,14,48,6,5,16,4
DR BS DL U R D dr,2,14,48,6,5,14,3
DR BS R DL D U dr,2,14,48,6,5,12,4
DR BS R DL U D dr,2,14,48,6,5,16,4
DR BS R U DL D dr,2,14,48,6,5,12,3
DR BS U DL D R dr,2,14,48,6,5,12,3
DR BS U DL R D dr,2,14,48,6,5,14,3
DR BS U R DL D dr,2,14,48,6,5,12,3
DR D DL BS R U dr,2,14,48,6,5,10,3
DR D DL R BS U dr,2,14,48,6,5,10,3
DR DL BS D U R dr,2,14,48,6,5,16,4
DR DL BS R D U dr,2,14,48,6,5,14,4
DR DL BS R U D dr,2,14,48,6,5,16,4
DR DL BS U D R dr,2,14,48,6,5,16,4
DR DL BS U R D dr,2,14,48,6,5,14,3
DR DL D BS R U dr,2,14,48,6,5,10,2
DR DL D R BS U dr,2,14,48,6,5,10,2
DR DL R BS D U dr,2,14,48,6,5,14,4
DR DL R BS U D dr,2,14,48,6,5,16,4
DR DL R D BS U dr,2,14,48,6,5,12,3
DR DL U BS D R dr,2,14,48,6,5,14,3
DR DL U BS R D dr,2,14,48,6,5,14,3
DR R BS DL D U dr,2,14,48,6,5,12,4
DR R BS DL U D dr,2,14,48,6,5,16,4
DR R BS U DL D dr,2,14,48,6,5,12,3
DR R DL BS D U dr,2,14,48,6,5,14,4
DR R DL BS U D dr,2,14,48,6,5,16,4
DR R DL D BS U dr,2,14,48,6,5,10,3
DR U BS DL D R dr,2,14,48,6,5,14,3
DR U BS DL R D dr,2,14,48,6,5,16,3
DR U BS R DL D dr,2,14,48,6,5,14,3
DR U DL BS D R dr,2,14,48,6,5,16,3
DR U DL BS R D dr,2,14,48,6,5,16,3
U BS DL DR D R dr,2,14,48,6,5,13,3
U BS DL DR R D dr,2,14,48,6,5,13,3
U BS DR DL D R dr,2,14,48,6,5,11,3
U BS DR DL R D dr,2,14,48,6,5,13,3
U BS DR R DL D dr,2,14,48,6,5,11,3
U DL BS DR D R dr,2,14,48,6,5,13,3
U DL BS DR R D dr,2,14,48,6,5,13,3
U DL DR BS D R dr,2,14,48,6,5,13,3
U DL DR BS R D dr,2,14,48,6,5,13,3
U DR BS DL D R dr,2,14,48,6,5,13,3
U DR BS DL R D dr,2,14,48,6,5,15,3
U DR BS R DL D dr,2,14,48,6,5,13,3
U DR DL BS D R dr,2,14,48,6,5,15,3
U DR DL BS R D dr,2,14,48,6,5,15,3
BS D R DR DL U dr,2,14,48,7,5,11,3
BS D R DR U DL dr,2,14,48,7,5,13,3
BS R D DR DL U dr,2,14,48,7,5,11,3
BS R D DR U DL dr,2,14,48,7,5,13,3
D BS R DR DL U dr,2,14,48,7,5,11,3
D BS R DR U DL dr,2,14,48,7,5,13,3
D DL DR BS U R dr,2,14,48,7,5,11,3
D DL DR R U BS dr,2,14,48,7,5,11,3
D DL DR U BS R dr,2,14,48,7,5,13,3
D DL DR U R BS dr,2,14,48,7,5,13,3
D DL U DR BS R dr,2,14,48,7,5,13,3
D DL U DR R BS dr,2,14,48,7,5,13,3
D DR DL BS U R dr,2,14,48,7,5,13,3
D DR DL R U BS dr,2,14,48,7,5,13,3
D DR DL U BS R dr,2,14,48,7,5,13,3
D DR DL U R BS dr,2,14,48,7,5,13,3
D DR U DL BS R dr,2,14,48,7,5,15,3
D DR U DL R BS dr,2,14,48,7,5,15,3
D R BS DR DL U dr,2,14,48,7,5,11,3
D R BS DR U DL dr,2,14,48,7,5,13,3
D R DR BS DL U dr,2,14,48,7,5,11,3
D R DR BS U DL dr,2,14,48,7,5,11,3
D R DR DL BS U dr,2,14,48,7,5,11,3
D U DL DR BS R dr,2,14,48,7,5,15,4
D U DL DR R BS dr,2,14,48,7,5,15,4
D U DR DL BS R dr,2,14,48,7,5,17,4
D U DR DL R BS dr,2,14,48,7,5,17,4
DL D DR BS U R dr,2,14,48,7,5,10,3
DL D DR R U BS dr,2,14,48,7,5,10,3
DL D DR U BS R dr,2,14,48,7,5,12,3
DL D DR U R BS dr,2,14,48,7,5,12,3
DL D U DR BS R dr,2,14,48,7,5,14,4
DL D U DR R BS dr,2,14,48,7,5,14,4
DL U D DR BS R dr,2,14,48,7,5,14,4
DL U D DR R BS dr,2,14,48,7,5,14,4
R BS D DR DL U dr,2,14,48,7,5,11,3
R BS D DR U DL dr,2,14,48,7,5,13,3
R D BS DR DL U dr,2,14,48,7,5,11,3
R D BS DR U DL dr,2,14,48,7,5,13,3
R D DR BS DL U dr,2,14,48,7,5,11,3
R D DR BS U DL dr,2,14,48,7,5,11,3
R D DR DL BS U dr,2,14,48,7,5,11,3
U D DL DR BS R dr,2,14,48,7,5,13,4
U D DL DR R BS dr,2,14,48,7,5,13,4
U D DR DL BS R dr,2,14,48,7,5,15,4
U D DR DL R BS dr,2,14,48,7,5,15,4
U DL D DR BS R dr,2,14,48,7,5,11,3
U DL D DR R BS dr,2,14,48,7,5,11,3
DL DR D dr R U BS,2,14,49,6,5,13,3
DL DR D dr U R BS,2,14,49,6,5,11,3
DL DR D R dr U BS,2,14,49,6,5,11,3
DL dr DR D R U BS,2,14,49,6,5,13,4
DL DR dr D R U BS,2,14,49,6,5,15,4
DL dr DR D U R BS,2,14,49,6,5,15,4
DL DR dr D U R BS,2,14,49,6,5,17,4
DL dr DR R D U BS,2,14,49,6,5,15,4
DL DR dr R D U BS,2,14,49,6,5,17,4
DL dr DR R U D BS,2,14,49,6,5,15,4
DL DR dr R U D BS,2,14,49,6,5,17,4
DL dr DR U D R BS,2,14,49,6,5,17,4
DL DR dr U D R BS,2,14,49,6,5,15,4
DL dr DR U R D BS,2,14,49,6,5,15,4
DL DR dr U R D BS,2,14,49,6,5,13,4
DL DR R D dr U BS,2,14,49,6,5,11,3
DL DR R dr D U BS,2,14,49,6,5,15,4
DL DR R dr U D BS,2,14,49,6,5,13,4
DL dr U DR D R BS,2,14,49,6,5,11,3
DL dr U DR R D BS,2,14,49,6,5,11,3
DR D DL dr R U BS,2,14,49,6,5,11,3
DR D DL dr U R BS,2,14,49,6,5,9,2
DR D DL R dr U BS,2,14,49,6,5,11,3
DR D dr DL R U BS,2,14,49,6,5,13,3
DR D dr DL U R BS,2,14,49,6,5,13,3
DR DL D dr R U BS,2,14,49,6,5,13,3
DR DL D dr U R BS,2,14,49,6,5,11,3
DR DL D R dr U BS,2,14,49,6,5,11,3
dr DL DR D R U BS,2,14,49,6,5,11,2
DR DL dr D R U BS,2,14,49,6,5,13,3
dr DL DR D U R BS,2,14,49,6,5,13,4
DR DL dr D U R BS,2,14,49,6,5,15,4
dr DL DR R D U BS,2,14,49,6,5,13,4
DR DL dr R D U BS,2,14,49,6,5,15,4
dr DL DR R U D BS,2,14,49,6,5,13,4
DR DL dr R U D BS,2,14,49,6,5,15,4
dr DL DR U D R BS,2,14,49,6,5,15,4
DR DL dr U D R BS,2,14,49,6,5,13,4
dr DL DR U R D BS,2,14,49,6,5,13,3
DR DL dr U R D BS,2,14,49,6,5,11,2
DR DL R D dr U BS,2,14,49,6,5,13,3
DR DL R dr D U BS,2,14,49,6,5,17,4
DR DL R dr U D BS,2,14,49,6,5,15,4
dr DL U DR D R BS,2,14,49,6,5,13,3
dr DL U DR R D BS,2,14,49,6,5,13,3
dr DR D DL R U BS,2,14,49,6,5,13,4
DR dr D DL R U BS,2,14,49,6,5,15,4
dr DR D DL U R BS,2,14,49,6,5,13,4
DR dr D DL U R BS,2,14,49,6,5,15,4
dr DR DL D R U BS,2,14,49,6,5,13,4
DR dr DL D R U BS,2,14,49,6,5,13,4
dr DR DL D U R BS,2,14,49,6,5,15,4
DR dr DL D U R BS,2,14,49,6,5,15,4
dr DR DL R D U BS,2,14,49,6,5,17,4
DR dr DL R D U BS,2,14,49,6,5,17,4
dr DR DL R U D BS,2,14,49,6,5,17,4
DR dr DL R U D BS,2,14,49,6,5,17,4
dr DR DL U D R BS,2,14,49,6,5,17,4
DR dr DL U D R BS,2,14,49,6,5,17,4
dr DR DL U R D BS,2,14,49,6,5,15,4
DR dr DL U R D BS,2,14,49,6,5,15,4
dr DR R DL D U BS,2,14,49,6,5,15,4
DR dr R DL D U BS,2,14,49,6,5,17,4
dr DR R DL U D BS,2,14,49,6,5,17,4
DR dr R DL U D BS,2,14,49,6,5,19,4
DR R DL D dr U BS,2,14,49,6,5,11,3
DR R DL dr D U BS,2,14,49,6,5,15,4
DR R DL dr U D BS,2,14,49,6,5,13,4
DR R dr DL D U BS,2,14,49,6,5,13,4
DR R dr DL U D BS,2,14,49,6,5,15,4
D DL DR R U dr BS,2,14,49,7,5,10,3
D DL DR U dr R BS,2,14,49,7,5,12,3
D DL DR U R dr BS,2,14,49,7,5,14,3
D DL U dr DR R BS,2,14,49,7,5,12,4
D DL U DR dr R BS,2,14,49,7,5,16,4
D DL U DR R dr BS,2,14,49,7,5,14,3
D DR DL R U dr BS,2,14,49,7,5,12,3
D DR DL U dr R BS,2,14,49,7,5,12,3
D DR DL U R dr BS,2,14,49,7,5,14,3
D dr R DR DL U BS,2,14,49,7,5,14,3
D DR U DL dr R BS,2,14,49,7,5,14,3
D DR U DL R dr BS,2,14,49,7,5,16,3
D R DR DL dr U BS,2,14,49,7,5,10,2
D R dr DR DL U BS,2,14,49,7,5,16,4
D R DR dr DL U BS,2,14,49,7,5,14,4
D U DL dr DR R BS,2,14,49,7,5,16,4
D U DL DR dr R BS,2,14,49,7,5,18,4
D U DL DR R dr BS,2,14,49,7,5,16,4
D U DR DL dr R BS,2,14,49,7,5,16,4
D U DR DL R dr BS,2,14,49,7,5,18,4
DL D DR R U dr BS,2,14,49,7,5,9,3
DL D DR U dr R BS,2,14,49,7,5,11,3
DL D DR U R dr BS,2,14,49,7,5,13,3
DL D U dr DR R BS,2,14,49,7,5,13,4
DL D U DR dr R BS,2,14,49,7,5,17,4
DL D U DR R dr BS,2,14,49,7,5,15,4
DL U D dr DR R BS,2,14,49,7,5,17,4
DL U D DR dr R BS,2,14,49,7,5,17,4
DL U D DR R dr BS,2,14,49,7,5,15,4
DL U dr D DR R BS,2,14,49,7,5,11,3
dr D R DR DL U BS,2,14,49,7,5,13,3
dr R D DR DL U BS,2,14,49,7,5,13,3
R D DR DL dr U BS,2,14,49,7,5,10,2
R D dr DR DL U BS,2,14,49,7,5,16,4
R D DR dr DL U BS,2,14,49,7,5,14,4
R dr D DR DL U BS,2,14,49,7,5,14,3
U D DL dr DR R BS,2,14,49,7,5,14,4
U D DL DR dr R BS,2,14,49,7,5,16,4
U D DL DR R dr BS,2,14,49,7,5,14,4
U D DR DL dr R BS,2,14,49,7,5,14,4
U D DR DL R dr BS,2,14,49,7,5,16,4
U DL D dr DR R BS,2,14,49,7,5,14,4
U DL D DR dr R BS,2,14,49,7,5,14,4
U DL D DR R dr BS,2,14,49,7,5,12,3
U DL dr D DR R BS,2,14,49,7,5,12,3
BS D DL dr R DR U,2,13,49,8,5,12,3
BS D DL dr R U DR,2,13,49,8,5,13,3
BS D DL DR U dr R,2,13,49,8,5,12,3
BS D DL dr U R DR,2,13,49,8,5,9,2
BS D DL R dr DR U,2,13,49,8,5,16,4
BS D DL R DR dr U,2,13,49,8,5,12,4
BS D DL R dr U DR,2,13,49,8,5,13,3
BS D DL U dr DR R,2,13,49,8,5,12,4
BS D DL U DR dr R,2,13,49,8,5,16,4
BS D dr DL R DR U,2,13,49,8,5,14,3
BS D dr DL R U DR,2,13,49,8,5,15,3
BS D dr DL U R DR,2,13,49,8,5,13,3
BS D U DL dr DR R,2,13,49,8,5,16,4
BS D U DL DR dr R,2,13,49,8,5,18,4
BS DL D dr R DR U,2,13,49,8,5,14,3
BS DL D dr R U DR,2,13,49,8,5,15,3
BS DL D DR U dr R,2,13,49,8,5,12,3
BS DL D dr U R DR,2,13,49,8,5,11,3
BS DL D R dr DR U,2,13,49,8,5,16,4
BS DL D R DR dr U,2,13,49,8,5,12,4
BS DL D R dr U DR,2,13,49,8,5,13,3
BS DL D U dr DR R,2,13,49,8,5,14,4
BS DL D U DR dr R,2,13,49,8,5,18,4
BS DL dr D R DR U,2,13,49,8,5,14,3
BS DL dr D R U DR,2,13,49,8,5,15,3
BS DL dr D U R DR,2,13,49,8,5,15,4
BS DL dr U D R DR,2,13,49,8,5,13,4
BS DL U D dr DR R,2,13,49,8,5,18,4
BS DL U D DR dr R,2,13,49,8,5,18,4
BS DL U dr D DR R,2,13,49,8,5,12,3
BS dr D DL R DR U,2,13,49,8,5,14,3
BS dr D DL R U DR,2,13,49,8,5,15,3
BS dr D DL U R DR,2,13,49,8,5,13,3
BS dr DL D R DR U,2,13,49,8,5,12,3
BS dr DL D R U DR,2,13,49,8,5,13,3
BS dr DL D U R DR,2,13,49,8,5,13,4
BS dr DL U D R DR,2,13,49,8,5,15,4
BS U D DL dr DR R,2,13,49,8,5,14,4
BS U D DL DR dr R,2,13,49,8,5,16,4
BS U DL D dr DR R,2,13,49,8,5,14,4
BS U DL D DR dr R,2,13,49,8,5,14,4
BS U DL dr D DR R,2,13,49,8,5,12,3
D BS DL dr R DR U,2,13,49,8,5,14,3
D BS DL dr R U DR,2,13,49,8,5,15,3
D BS DL DR U dr R,2,13,49,8,5,14,3
D BS DL dr U R DR,2,13,49,8,5,11,3
D BS DL R dr DR U,2,13,49,8,5,18,4
D BS DL R DR dr U,2,13,49,8,5,14,4
D BS DL R dr U DR,2,13,49,8,5,15,3
D BS DL U dr DR R,2,13,49,8,5,14,4
D BS DL U DR dr R,2,13,49,8,5,18,4
D BS dr DL R DR U,2,13,49,8,5,14,3
D BS dr DL R U DR,2,13,49,8,5,15,3
D BS dr DL U R DR,2,13,49,8,5,13,3
D BS U DL dr DR R,2,13,49,8,5,14,4
D BS U DL DR dr R,2,13,49,8,5,16,4
D DL BS dr R DR U,2,13,49,8,5,14,3
D DL BS dr R U DR,2,13,49,8,5,15,3
D DL BS DR U dr R,2,13,49,8,5,12,3
D DL BS dr U R DR,2,13,49,8,5,11,3
D DL BS R dr DR U,2,13,49,8,5,16,4
D DL BS R DR dr U,2,13,49,8,5,12,4
D DL BS R dr U DR,2,13,49,8,5,13,3
D DL BS U dr DR R,2,13,49,8,5,12,4
D DL BS U DR dr R,2,13,49,8,5,16,4
D DL dr BS R DR U,2,13,49,8,5,12,3
D DL dr BS R U DR,2,13,49,8,5,13,3
D DL dr BS U R DR,2,13,49,8,5,11,3
D DL dr R BS DR U,2,13,49,8,5,12,3
D DL dr R BS U DR,2,13,49,8,5,13,3
D DL dr R DR BS U,2,13,49,8,5,10,3
D DL dr R U BS DR,2,13,49,8,5,11,3
D DL dr U BS R DR,2,13,49,8,5,9,2
D DL dr U R BS DR,2,13,49,8,5,9,2
D DL R BS dr DR U,2,13,49,8,5,16,4
D DL R BS DR dr U,2,13,49,8,5,12,4
D DL R BS dr U DR,2,13,49,8,5,13,3
D DL R dr BS DR U,2,13,49,8,5,14,3
D DL R DR BS dr U,2,13,49,8,5,10,3
D DL R dr BS U DR,2,13,49,8,5,15,3
D DL R dr DR BS U,2,13,49,8,5,14,4
D DL R DR dr BS U,2,13,49,8,5,14,4
D DL R dr U BS DR,2,13,49,8,5,11,3
D DL U BS dr DR R,2,13,49,8,5,14,4
D DL U BS DR dr R,2,13,49,8,5,14,4
D DL U dr BS DR R,2,13,49,8,5,10,3
D dr BS DL R DR U,2,13,49,8,5,16,3
D dr BS DL R U DR,2,13,49,8,5,17,3
D dr BS DL U R DR,2,13,49,8,5,15,3
D dr DL BS R DR U,2,13,49,8,5,14,3
D dr DL BS R U DR,2,13,49,8,5,15,3
D dr DL BS U R DR,2,13,49,8,5,13,3
D dr DL R BS DR U,2,13,49,8,5,14,3
D dr DL R BS U DR,2,13,49,8,5,15,3
D dr DL R DR BS U,2,13,49,8,5,12,3
D dr DL R U BS DR,2,13,49,8,5,13,3
D dr DL U BS R DR,2,13,49,8,5,13,3
D dr DL U R BS DR,2,13,49,8,5,13,3
D U BS DL dr DR R,2,13,49,8,5,16,4
D U BS DL DR dr R,2,13,49,8,5,18,4
D U DL BS dr DR R,2,13,49,8,5,18,4
D U DL BS DR dr R,2,13,49,8,5,18,4
D U DL dr BS DR R,2,13,49,8,5,14,4
DL BS D dr R DR U,2,13,49,8,5,15,3
DL BS D dr R U DR,2,13,49,8,5,16,3
DL BS D DR U dr R,2,13,49,8,5,13,3
DL BS D dr U R DR,2,13,49,8,5,12,3
DL BS D R dr DR U,2,13,49,8,5,17,4
DL BS D R DR dr U,2,13,49,8,5,13,4
DL BS D R dr U DR,2,13,49,8,5,14,3
DL BS D U dr DR R,2,13,49,8,5,15,4
DL BS D U DR dr R,2,13,49,8,5,19,4
DL BS dr D R DR U,2,13,49,8,5,15,3
DL BS dr D R U DR,2,13,49,8,5,16,3
DL BS dr D U R DR,2,13,49,8,5,16,4
DL BS dr U D R DR,2,13,49,8,5,14,4
DL BS U D dr DR R,2,13,49,8,5,17,4
DL BS U D DR dr R,2,13,49,8,5,17,4
DL BS U dr D DR R,2,13,49,8,5,11,3
DL D BS dr R DR U,2,13,49,8,5,13,3
DL D BS dr R U DR,2,13,49,8,5,14,3
DL D BS DR U dr R,2,13,49,8,5,11,3
DL D BS dr U R DR,2,13,49,8,5,10,3
DL D BS R dr DR U,2,13,49,8,5,15,4
DL D BS R DR dr U,2,13,49,8,5,11,4
DL D BS R dr U DR,2,13,49,8,5,12,3
DL D BS U dr DR R,2,13,49,8,5,11,4
DL D BS U DR dr R,2,13,49,8,5,15,4
DL D dr BS R DR U,2,13,49,8,5,13,3
DL D dr BS R U DR,2,13,49,8,5,14,3
DL D dr BS U R DR,2,13,49,8,5,12,3
DL D dr R BS DR U,2,13,49,8,5,13,3
DL D dr R BS U DR,2,13,49,8,5,14,3
DL D dr R DR BS U,2,13,49,8,5,11,3
DL D dr R U BS DR,2,13,49,8,5,12,3
DL D dr U BS R DR,2,13,49,8,5,10,3
DL D dr U R BS DR,2,13,49,8,5,10,3
DL D R BS dr DR U,2,13,49,8,5,15,4
DL D R BS DR dr U,2,13,49,8,5,11,4
DL D R BS dr U DR,2,13,49,8,5,12,3
DL D R dr BS DR U,2,13,49,8,5,13,3
DL D R DR BS dr U,2,13,49,8,5,9,3
DL D R dr BS U DR,2,13,49,8,5,14,3
DL D R dr DR BS U,2,13,49,8,5,13,4
DL D R DR dr BS U,2,13,49,8,5,13,4
DL D R dr U BS DR,2,13,49,8,5,10,3
DL D U BS dr DR R,2,13,49,8,5,15,4
DL D U BS DR dr R,2,13,49,8,5,15,4
DL D U dr BS DR R,2,13,49,8,5,11,4
DL dr BS D R DR U,2,13,49,8,5,13,3
DL dr BS D R U DR,2,13,49,8,5,14,3
DL dr BS D U R DR,2,13,49,8,5,14,4
DL dr BS U D R DR,2,13,49,8,5,14,4
DL dr D BS R DR U,2,13,49,8,5,13,3
DL dr D BS R U DR,2,13,49,8,5,14,3
DL dr D BS U R DR,2,13,49,8,5,12,3
DL dr D R BS DR U,2,13,49,8,5,13,3
DL dr D R BS U DR,2,13,49,8,5,14,3
DL dr D R DR BS U,2,13,49,8,5,11,3
DL dr D R U BS DR,2,13,49,8,5,12,3
DL dr D U BS R DR,2,13,49,8,5,14,4
DL dr D U R BS DR,2,13,49,8,5,14,4
DL dr U BS D R DR,2,13,49,8,5,10,2
DL dr U D BS R DR,2,13,49,8,5,12,4
DL dr U D R BS DR,2,13,49,8,5,12,4
DL U BS D dr DR R,2,13,49,8,5,15,4
DL U BS D DR dr R,2,13,49,8,5,15,4
DL U BS dr D DR R,2,13,49,8,5,13,3
DL U D BS dr DR R,2,13,49,8,5,17,4
DL U D BS DR dr R,2,13,49,8,5,17,4
DL U D dr BS DR R,2,13,49,8,5,15,4
DL U dr BS D DR R,2,13,49,8,5,11,3
DL U dr D BS DR R,2,13,49,8,5,11,3
dr BS D DL R DR U,2,13,49,8,5,13,3
dr BS D DL R U DR,2,13,49,8,5,14,3
dr BS D DL U R DR,2,13,49,8,5,12,3
dr BS DL D R DR U,2,13,49,8,5,13,3
dr BS DL D R U DR,2,13,49,8,5,14,3
dr BS DL D U R DR,2,13,49,8,5,14,4
dr BS DL U D R DR,2,13,49,8,5,16,4
dr D BS DL R DR U,2,13,49,8,5,15,3
dr D BS DL R U DR,2,13,49,8,5,16,3
dr D BS DL U R DR,2,13,49,8,5,14,3
dr D DL BS R DR U,2,13,49,8,5,13,3
dr D DL BS R U DR,2,13,49,8,5,14,3
dr D DL BS U R DR,2,13,49,8,5,12,3
dr D DL R BS DR U,2,13,49,8,5,13,3
dr D DL R BS U DR,2,13,49,8,5,14,3
dr D DL R DR BS U,2,13,49,8,5,11,3
dr D DL R U BS DR,2,13,49,8,5,12,3
dr D DL U BS R DR,2,13,49,8,5,12,3
dr D DL U R BS DR,2,13,49,8,5,12,3
dr DL BS D R DR U,2,13,49,8,5,13,3
dr DL BS D R U DR,2,13,49,8,5,14,3
dr DL BS D U R DR,2,13,49,8,5,14,4
dr DL BS U D R DR,2,13,49,8,5,14,4
dr DL D BS R DR U,2,13,49,8,5,11,3
dr DL D BS R U DR,2,13,49,8,5,12,3
dr DL D BS U R DR,2,13,49,8,5,10,2
dr DL D R BS DR U,2,13,49,8,5,11,3
dr DL D R BS U DR,2,13,49,8,5,12,3
dr DL D R DR BS U,2,13,49,8,5,9,2
dr DL D R U BS DR,2,13,49,8,5,10,2
dr DL D U BS R DR,2,13,49,8,5,12,4
dr DL D U R BS DR,2,13,49,8,5,12,4
dr DL U BS D R DR,2,13,49,8,5,12,3
dr DL U D BS R DR,2,13,49,8,5,14,4
dr DL U D R BS DR,2,13,49,8,5,14,4
U BS D DL dr DR R,2,13,49,8,5,12,4
U BS D DL DR dr R,2,13,49,8,5,14,4
U BS DL D dr DR R,2,13,49,8,5,14,4
U BS DL D DR dr R,2,13,49,8,5,14,4
U BS DL dr D DR R,2,13,49,8,5,12,3
U D BS DL dr DR R,2,13,49,8,5,16,4
U D BS DL DR dr R,2,13,49,8,5,18,4
U D DL BS dr DR R,2,13,49,8,5,16,4
U D DL BS DR dr R,2,13,49,8,5,16,4
U D DL dr BS DR R,2,13,49,8,5,12,4
U DL BS D dr DR R,2,13,49,8,5,16,4
U DL BS D DR dr R,2,13,49,8,5,16,4
U DL BS dr D DR R,2,13,49,8,5,14,3
U DL D BS dr DR R,2,13,49,8,5,14,4
U DL D BS DR dr R,2,13,49,8,5,14,4
U DL D dr BS DR R,2,13,49,8,5,12,3
U DL dr BS D DR R,2,13,49,8,5,12,3
U DL dr D BS DR R,2,13,49,8,5,12,3
BS DL R DR D U dr,2,14,50,6,5,13,4
BS DL R DR U D dr,2,14,50,6,5,17,4
BS R DL DR D U dr,2,14,50,6,5,13,4
BS R DL DR U D dr,2,14,50,6,5,17,4
BS R DR DL D U dr,2,14,50,6,5,11,4
BS R DR DL U D dr,2,14,50,6,5,15,4
BS R DR U DL D dr,2,14,50,6,5,13,3
DL BS R DR D U dr,2,14,50,6,5,12,4
DL BS R DR U D dr,2,14,50,6,5,16,4
DL R BS DR D U dr,2,14,50,6,5,12,4
DL R BS DR U D dr,2,14,50,6,5,16,4
DL R DR BS D U dr,2,14,50,6,5,12,4
DL R DR BS U D dr,2,14,50,6,5,14,4
DL R DR D BS U dr,2,14,50,6,5,10,3
R BS DL DR D U dr,2,14,50,6,5,13,4
R BS DL DR U D dr,2,14,50,6,5,17,4
R BS DR DL D U dr,2,14,50,6,5,11,4
R BS DR DL U D dr,2,14,50,6,5,15,4
R BS DR U DL D dr,2,14,50,6,5,13,3
R DL BS DR D U dr,2,14,50,6,5,13,4
R DL BS DR U D dr,2,14,50,6,5,17,4
R DL DR BS D U dr,2,14,50,6,5,13,4
R DL DR BS U D dr,2,14,50,6,5,15,4
R DL DR D BS U dr,2,14,50,6,5,11,3
R DR BS DL D U dr,2,14,50,6,5,11,4
R DR BS DL U D dr,2,14,50,6,5,15,4
R DR BS U DL D dr,2,14,50,6,5,11,3
R DR DL BS D U dr,2,14,50,6,5,13,4
R DR DL BS U D dr,2,14,50,6,5,15,4
R DR DL D BS U dr,2,14,50,6,5,9,2
DL DR D BS U R dr,2,14,50,7,5,12,3
DL DR D R U BS dr,2,14,50,7,5,12,3
DL DR D U BS R dr,2,14,50,7,5,14,4
DL DR D U R BS dr,2,14,50,7,5,14,4
DL DR R D U BS dr,2,14,50,7,5,14,4
DL DR R U BS D dr,2,14,50,7,5,12,3
DL DR R U D BS dr,2,14,50,7,5,14,4
DL DR U D BS R dr,2,14,50,7,5,16,4
DL DR U D R BS dr,2,14,50,7,5,16,4
DL DR U R BS D dr,2,14,50,7,5,14,3
DL DR U R D BS dr,2,14,50,7,5,14,3
DL U DR D BS R dr,2,14,50,7,5,14,3
DL U DR D R BS dr,2,14,50,7,5,14,3
DL U DR R BS D dr,2,14,50,7,5,14,3
DL U DR R D BS dr,2,14,50,7,5,14,3
DR D DL BS U R dr,2,14,50,7,5,12,3
DR D DL R U BS dr,2,14,50,7,5,12,3
DR D DL U BS R dr,2,14,50,7,5,12,3
DR D DL U R BS dr,2,14,50,7,5,12,3
DR D U DL BS R dr,2,14,50,7,5,16,4
DR D U DL R BS dr,2,14,50,7,5,16,4
DR DL D BS U R dr,2,14,50,7,5,12,3
DR DL D R U BS dr,2,14,50,7,5,12,3
DR DL D U BS R dr,2,14,50,7,5,14,4
DR DL D U R BS dr,2,14,50,7,5,14,4
DR DL R D U BS dr,2,14,50,7,5,16,4
DR DL R U BS D dr,2,14,50,7,5,14,3
DR DL R U D BS dr,2,14,50,7,5,16,4
DR DL U D BS R dr,2,14,50,7,5,16,4
DR DL U D R BS dr,2,14,50,7,5,16,4
DR DL U R BS D dr,2,14,50,7,5,14,3
DR DL U R D BS dr,2,14,50,7,5,14,3
DR R DL D U BS dr,2,14,50,7,5,14,4
DR R DL U BS D dr,2,14,50,7,5,14,3
DR R DL U D BS dr,2,14,50,7,5,16,4
DR R U BS DL D dr,2,14,50,7,5,12,3
DR R U DL BS D dr,2,14,50,7,5,14,3
DR R U DL D BS dr,2,14,50,7,5,12,3
DR U D DL BS R dr,2,14,50,7,5,16,4
DR U D DL R BS dr,2,14,50,7,5,16,4
DR U DL D BS R dr,2,14,50,7,5,14,3
DR U DL D R BS dr,2,14,50,7,5,14,3
DR U DL R BS D dr,2,14,50,7,5,16,3
DR U DL R D BS dr,2,14,50,7,5,16,3
DR U R BS DL D dr,2,14,50,7,5,14,3
DR U R DL BS D dr,2,14,50,7,5,16,3
DR U R DL D BS dr,2,14,50,7,5,14,3
U DL DR D BS R dr,2,14,50,7,5,13,3
U DL DR D R BS dr,2,14,50,7,5,13,3
U DL DR R BS D dr,2,14,50,7,5,13,3
U DL DR R D BS dr,2,14,50,7,5,13,3
U DR D DL BS R dr,2,14,50,7,5,13,3
U DR D DL R BS dr,2,14,50,7,5,13,3
U DR DL D BS R dr,2,14,50,7,5,13,3
U DR DL D R BS dr,2,14,50,7,5,13,3
U DR DL R BS D dr,2,14,50,7,5,15,3
U DR DL R D BS dr,2,14,50,7,5,15,3
U DR R BS DL D dr,2,14,50,7,5,13,3
U DR R DL BS D dr,2,14,50,7,5,15,3
U DR R DL D BS dr,2,14,50,7,5,13,3
D R DR DL U BS dr,2,14,50,8,5,13,3
D R DR U BS DL dr,2,14,50,8,5,13,3
D R DR U DL BS dr,2,14,50,8,5,15,3
D R U DR BS DL dr,2,14,50,8,5,13,3
D R U DR DL BS dr,2,14,50,8,5,15,3
D U R DR BS DL dr,2,14,50,8,5,13,4
D U R DR DL BS dr,2,14,50,8,5,15,4
R D DR DL U BS dr,2,14,50,8,5,13,3
R D DR U BS DL dr,2,14,50,8,5,13,3
R D DR U DL BS dr,2,14,50,8,5,15,3
R D U DR BS DL dr,2,14,50,8,5,15,4
R D U DR DL BS dr,2,14,50,8,5,17,4
R U D DR BS DL dr,2,14,50,8,5,13,4
R U D DR DL BS dr,2,14,50,8,5,15,4
U D R DR BS DL dr,2,14,50,8,5,13,4
U D R DR DL BS dr,2,14,50,8,5,15,4
U R D DR BS DL dr,2,14,50,8,5,11,3
U R D DR DL BS dr,2,14,50,8,5,13,3
DL dr R DR D U BS,2,14,51,6,5,13,4
DL dr R DR U D BS,2,14,51,6,5,15,4
DL dr R U DR D BS,2,14,51,6,5,13,3
DL dr U R DR D BS,2,14,51,6,5,9,2
DL R DR D dr U BS,2,14,51,6,5,11,3
DL R dr DR D U BS,2,14,51,6,5,17,4
DL R DR dr D U BS,2,14,51,6,5,17,4
DL R dr DR U D BS,2,14,51,6,5,19,4
DL R DR dr U D BS,2,14,51,6,5,15,4
DL R dr U DR D BS,2,14,51,6,5,13,3
dr DL R DR D U BS,2,14,51,6,5,13,4
dr DL R DR U D BS,2,14,51,6,5,15,4
dr DL R U DR D BS,2,14,51,6,5,13,3
dr DL U R DR D BS,2,14,51,6,5,11,3
dr R DL DR D U BS,2,14,51,6,5,15,4
dr R DL DR U D BS,2,14,51,6,5,17,4
dr R DL U DR D BS,2,14,51,6,5,15,3
dr R DR DL D U BS,2,14,51,6,5,13,4
dr R DR DL U D BS,2,14,51,6,5,15,4
R DL DR D dr U BS,2,14,51,6,5,12,3
R DL dr DR D U BS,2,14,51,6,5,16,4
R DL DR dr D U BS,2,14,51,6,5,18,4
R DL dr DR U D BS,2,14,51,6,5,18,4
R DL DR dr U D BS,2,14,51,6,5,16,4
R DL dr U DR D BS,2,14,51,6,5,12,3
R DR DL D dr U BS,2,14,51,6,5,10,3
R dr DL DR D U BS,2,14,51,6,5,14,4
R DR DL dr D U BS,2,14,51,6,5,14,4
R dr DL DR U D BS,2,14,51,6,5,16,4
R DR DL dr U D BS,2,14,51,6,5,12,4
R dr DL U DR D BS,2,14,51,6,5,14,3
R dr DR DL D U BS,2,14,51,6,5,16,4
R DR dr DL D U BS,2,14,51,6,5,14,4
R dr DR DL U D BS,2,14,51,6,5,18,4
R DR dr DL U D BS,2,14,51,6,5,16,4
BS DL dr R U DR D,2,13,51,7,5,14,3
BS DL dr U R DR D,2,13,51,7,5,10,3
BS DL R dr U DR D,2,13,51,7,5,14,3
BS dr DL R U DR D,2,13,51,7,5,14,3
BS dr DL U R DR D,2,13,51,7,5,12,3
BS dr R DL U DR D,2,13,51,7,5,16,3
BS R DL dr U DR D,2,13,51,7,5,12,3
BS R dr DL U DR D,2,13,51,7,5,14,3
DL BS dr R U DR D,2,13,51,7,5,15,3
DL BS dr U R DR D,2,13,51,7,5,11,3
DL BS R dr U DR D,2,13,51,7,5,13,3
DL dr BS R U DR D,2,13,51,7,5,13,3
DL dr BS U R DR D,2,13,51,7,5,11,3
DL dr R BS U DR D,2,13,51,7,5,13,3
DL dr R U BS DR D,2,13,51,7,5,11,3
DL dr U BS R DR D,2,13,51,7,5,9,2
DL dr U R BS DR D,2,13,51,7,5,9,2
DL R BS dr U DR D,2,13,51,7,5,13,3
DL R dr BS U DR D,2,13,51,7,5,15,3
DL R dr U BS DR D,2,13,51,7,5,11,3
dr BS DL R U DR D,2,13,51,7,5,15,3
dr BS DL U R DR D,2,13,51,7,5,13,3
dr BS R DL U DR D,2,13,51,7,5,15,3
dr DL BS R U DR D,2,13,51,7,5,13,3
dr DL BS U R DR D,2,13,51,7,5,11,3
dr DL R BS U DR D,2,13,51,7,5,13,3
dr DL R U BS DR D,2,13,51,7,5,11,3
dr DL U BS R DR D,2,13,51,7,5,11,3
dr DL U R BS DR D,2,13,51,7,5,11,3
dr R BS DL U DR D,2,13,51,7,5,15,3
dr R DL BS U DR D,2,13,51,7,5,15,3
dr R DL U BS DR D,2,13,51,7,5,13,3
R BS DL dr U DR D,2,13,51,7,5,12,3
R BS dr DL U DR D,2,13,51,7,5,14,3
R DL BS dr U DR D,2,13,51,7,5,14,3
R DL dr BS U DR D,2,13,51,7,5,14,3
R DL dr U BS DR D,2,13,51,7,5,10,3
R dr BS DL U DR D,2,13,51,7,5,16,3
R dr DL BS U DR D,2,13,51,7,5,14,3
R dr DL U BS DR D,2,13,51,7,5,12,3
BS D DR DL dr R U,2,14,51,7,5,12,3
BS D DR DL dr U R,2,14,51,7,5,10,2
BS D DR DL R dr U,2,14,51,7,5,12,3
BS D dr DR DL R U,2,14,51,7,5,16,4
BS D DR dr DL R U,2,14,51,7,5,14,4
BS D dr DR DL U R,2,14,51,7,5,16,4
BS D DR dr DL U R,2,14,51,7,5,14,4
BS dr D DR DL R U,2,14,51,7,5,14,3
BS dr D DR DL U R,2,14,51,7,5,14,3
D BS DR DL dr R U,2,14,51,7,5,12,3
D BS DR DL dr U R,2,14,51,7,5,10,2
D BS DR DL R dr U,2,14,51,7,5,12,3
D BS dr DR DL R U,2,14,51,7,5,16,4
D BS DR dr DL R U,2,14,51,7,5,14,4
D BS dr DR DL U R,2,14,51,7,5,16,4
D BS DR dr DL U R,2,14,51,7,5,14,4
D DR BS DL dr R U,2,14,51,7,5,12,3
D DR BS DL dr U R,2,14,51,7,5,10,3
D DR BS DL R dr U,2,14,51,7,5,12,3
D dr BS DR DL R U,2,14,51,7,5,14,3
D DR BS dr DL R U,2,14,51,7,5,12,3
D dr BS DR DL U R,2,14,51,7,5,14,3
D DR BS dr DL U R,2,14,51,7,5,12,3
D dr DR BS DL R U,2,14,51,7,5,16,4
D DR dr BS DL R U,2,14,51,7,5,16,4
D dr DR BS DL U R,2,14,51,7,5,16,4
D DR dr BS DL U R,2,14,51,7,5,16,4
DL DR D R U dr BS,2,14,51,7,5,11,3
DL DR D U dr R BS,2,14,51,7,5,13,4
DL DR D U R dr BS,2,14,51,7,5,15,4
DL DR R D U dr BS,2,14,51,7,5,13,4
DL DR R U D dr BS,2,14,51,7,5,15,4
DL DR R U dr D BS,2,14,51,7,5,11,3
DL DR U D dr R BS,2,14,51,7,5,17,4
DL DR U D R dr BS,2,14,51,7,5,17,4
DL DR U dr D R BS,2,14,51,7,5,13,3
DL DR U dr R D BS,2,14,51,7,5,13,3
DL DR U R D dr BS,2,14,51,7,5,15,3
DL DR U R dr D BS,2,14,51,7,5,15,3
DL U DR D dr R BS,2,14,51,7,5,15,3
DL U DR D R dr BS,2,14,51,7,5,15,3
DL U dr DR D R BS,2,14,51,7,5,13,4
DL U DR dr D R BS,2,14,51,7,5,17,4
DL U dr DR R D BS,2,14,51,7,5,13,4
DL U DR dr R D BS,2,14,51,7,5,17,4
DL U DR R D dr BS,2,14,51,7,5,15,3
DL U DR R dr D BS,2,14,51,7,5,15,3
dr BS D DR DL R U,2,14,51,7,5,13,3
dr BS D DR DL U R,2,14,51,7,5,13,3
dr D BS DR DL R U,2,14,51,7,5,13,3
dr D BS DR DL U R,2,14,51,7,5,13,3
DR D DL R U dr BS,2,14,51,7,5,11,3
DR D DL U dr R BS,2,14,51,7,5,11,3
DR D DL U R dr BS,2,14,51,7,5,13,3
dr D DR BS DL R U,2,14,51,7,5,13,3
dr D DR BS DL U R,2,14,51,7,5,13,3
DR D U DL dr R BS,2,14,51,7,5,15,4
DR D U DL R dr BS,2,14,51,7,5,17,4
DR DL D R U dr BS,2,14,51,7,5,11,3
DR DL D U dr R BS,2,14,51,7,5,13,4
DR DL D U R dr BS,2,14,51,7,5,15,4
DR DL R D U dr BS,2,14,51,7,5,15,4
DR DL R U D dr BS,2,14,51,7,5,17,4
DR DL R U dr D BS,2,14,51,7,5,13,3
DR DL U D dr R BS,2,14,51,7,5,17,4
DR DL U D R dr BS,2,14,51,7,5,17,4
DR DL U dr D R BS,2,14,51,7,5,13,3
DR DL U dr R D BS,2,14,51,7,5,13,3
DR DL U R D dr BS,2,14,51,7,5,15,3
DR DL U R dr D BS,2,14,51,7,5,15,3
DR R DL D U dr BS,2,14,51,7,5,13,4
DR R DL U D dr BS,2,14,51,7,5,17,4
DR R DL U dr D BS,2,14,51,7,5,13,3
DR R U DL D dr BS,2,14,51,7,5,13,3
DR R U DL dr D BS,2,14,51,7,5,13,3
DR U D DL dr R BS,2,14,51,7,5,15,4
DR U D DL R dr BS,2,14,51,7,5,17,4
DR U DL D dr R BS,2,14,51,7,5,15,3
DR U DL D R dr BS,2,14,51,7,5,15,3
DR U DL dr D R BS,2,14,51,7,5,15,3
DR U DL dr R D BS,2,14,51,7,5,15,3
DR U DL R D dr BS,2,14,51,7,5,17,3
DR U DL R dr D BS,2,14,51,7,5,17,3
DR U R DL D dr BS,2,14,51,7,5,15,3
DR U R DL dr D BS,2,14,51,7,5,15,3
U DL DR D dr R BS,2,14,51,7,5,14,3
U DL DR D R dr BS,2,14,51,7,5,14,3
U DL dr DR D R BS,2,14,51,7,5,14,4
U DL DR dr D R BS,2,14,51,7,5,16,4
U DL dr DR R D BS,2,14,51,7,5,14,4
U DL DR dr R D BS,2,14,51,7,5,16,4
U DL DR R D dr BS,2,14,51,7,5,14,3
U DL DR R dr D BS,2,14,51,7,5,14,3
U DR D DL dr R BS,2,14,51,7,5,12,3
U DR D DL R dr BS,2,14,51,7,5,14,3
U DR DL D dr R BS,2,14,51,7,5,14,3
U DR DL D R dr BS,2,14,51,7,5,14,3
U DR DL dr D R BS,2,14,51,7,5,14,3
U DR DL dr R D BS,2,14,51,7,5,14,3
U DR DL R D dr BS,2,14,51,7,5,16,3
U DR DL R dr D BS,2,14,51,7,5,16,3
U DR R DL D dr BS,2,14,51,7,5,14,3
U DR R DL dr D BS,2,14,51,7,5,14,3
D dr R DR U DL BS,2,14,51,8,5,16,3
D dr R U DR DL BS,2,14,51,8,5,16,3
D dr U R DR DL BS,2,14,51,8,5,12,3
D R DR DL U dr BS,2,14,51,8,5,12,3
D R dr DR U DL BS,2,14,51,8,5,18,4
D R DR dr U DL BS,2,14,51,8,5,14,4
D R DR U DL dr BS,2,14,51,8,5,14,3
D R dr U DR DL BS,2,14,51,8,5,14,3
D R DR U dr DL BS,2,14,51,8,5,12,3
D R U DR DL dr BS,2,14,51,8,5,14,3
D R U dr DR DL BS,2,14,51,8,5,14,4
D R U DR dr DL BS,2,14,51,8,5,16,4
D U dr R DR DL BS,2,14,51,8,5,14,4
D U R DR DL dr BS,2,14,51,8,5,14,4
D U R dr DR DL BS,2,14,51,8,5,18,4
D U R DR dr DL BS,2,14,51,8,5,16,4
dr D R DR U DL BS,2,14,51,8,5,15,3
dr D R U DR DL BS,2,14,51,8,5,15,3
dr D U R DR DL BS,2,14,51,8,5,15,4
dr R D DR U DL BS,2,14,51,8,5,15,3
dr R D U DR DL BS,2,14,51,8,5,17,4
dr R U D DR DL BS,2,14,51,8,5,15,4
dr U D R DR DL BS,2,14,51,8,5,13,4
dr U R D DR DL BS,2,14,51,8,5,11,3
R D DR DL U dr BS,2,14,51,8,5,12,3
R D dr DR U DL BS,2,14,51,8,5,18,4
R D DR dr U DL BS,2,14,51,8,5,14,4
R D DR U DL dr BS,2,14,51,8,5,14,3
R D dr U DR DL BS,2,14,51,8,5,14,3
R D DR U dr DL BS,2,14,51,8,5,12,3
R D U DR DL dr BS,2,14,51,8,5,16,4
R D U dr DR DL BS,2,14,51,8,5,16,4
R D U DR dr DL BS,2,14,51,8,5,18,4
R dr D DR U DL BS,2,14,51,8,5,16,3
R dr D U DR DL BS,2,14,51,8,5,18,4
R dr U D DR DL BS,2,14,51,8,5,14,4
R U D DR DL dr BS,2,14,51,8,5,14,4
R U D dr DR DL BS,2,14,51,8,5,18,4
R U D DR dr DL BS,2,14,51,8,5,16,4
R U dr D DR DL BS,2,14,51,8,5,12,3
U D dr R DR DL BS,2,14,51,8,5,16,4
U D R DR DL dr BS,2,14,51,8,5,14,4
U D R dr DR DL BS,2,14,51,8,5,18,4
U D R DR dr DL BS,2,14,51,8,5,16,4
U dr D R DR DL BS,2,14,51,8,5,12,3
U dr R D DR DL BS,2,14,51,8,5,12,3
U R D DR DL dr BS,2,14,51,8,5,12,3
U R D dr DR DL BS,2,14,51,8,5,16,4
U R D DR dr DL BS,2,14,51,8,5,14,4
U R dr D DR DL BS,2,14,51,8,5,14,3
BS D DL R U dr DR,2,13,51,9,5,13,4
BS D DL U dr R DR,2,13,51,9,5,11,3
BS D DL U R dr DR,2,13,51,9,5,15,4
BS D dr R U DL DR,2,13,51,9,5,15,3
BS D dr R U DR DL,2,13,51,9,5,15,3
BS D dr U R DL DR,2,13,51,9,5,13,3
BS D dr U R DR DL,2,13,51,9,5,11,3
BS D R dr U DL DR,2,13,51,9,5,13,3
BS D R dr U DR DL,2,13,51,9,5,13,3
BS D R U dr DL DR,2,13,51,9,5,11,2
BS D R U dr DR DL,2,13,51,9,5,13,4
BS D R U DR dr DL,2,13,51,9,5,15,4
BS D U DL dr R DR,2,13,51,9,5,15,4
BS D U DL R dr DR,2,13,51,9,5,19,4
BS D U dr R DL DR,2,13,51,9,5,15,4
BS D U dr R DR DL,2,13,51,9,5,13,4
BS D U R dr DL DR,2,13,51,9,5,15,4
BS D U R dr DR DL,2,13,51,9,5,17,4
BS D U R DR dr DL,2,13,51,9,5,15,4
BS DL D R U dr DR,2,13,51,9,5,13,4
BS DL D U dr R DR,2,13,51,9,5,13,4
BS DL D U R dr DR,2,13,51,9,5,17,4
BS DL U D dr R DR,2,13,51,9,5,17,4
BS DL U D R dr DR,2,13,51,9,5,19,4
BS DL U dr D R DR,2,13,51,9,5,13,3
BS dr D R U DL DR,2,13,51,9,5,15,3
BS dr D R U DR DL,2,13,51,9,5,15,3
BS dr D U R DL DR,2,13,51,9,5,17,4
BS dr D U R DR DL,2,13,51,9,5,15,4
BS dr R D U DL DR,2,13,51,9,5,17,4
BS dr R D U DR DL,2,13,51,9,5,17,4
BS dr R U D DL DR,2,13,51,9,5,15,4
BS dr R U D DR DL,2,13,51,9,5,15,4
BS dr U D R DL DR,2,13,51,9,5,15,4
BS dr U D R DR DL,2,13,51,9,5,13,4
BS dr U R D DL DR,2,13,51,9,5,11,3
BS dr U R D DR DL,2,13,51,9,5,11,3
BS R D dr U DL DR,2,13,51,9,5,13,3
BS R D dr U DR DL,2,13,51,9,5,13,3
BS R D U dr DL DR,2,13,51,9,5,13,4
BS R D U dr DR DL,2,13,51,9,5,15,4
BS R D U DR dr DL,2,13,51,9,5,17,4
BS R dr D U DL DR,2,13,51,9,5,17,4
BS R dr D U DR DL,2,13,51,9,5,17,4
BS R dr U D DL DR,2,13,51,9,5,13,4
BS R dr U D DR DL,2,13,51,9,5,13,4
BS R U D dr DL DR,2,13,51,9,5,15,4
BS R U D dr DR DL,2,13,51,9,5,17,4
BS R U D DR dr DL,2,13,51,9,5,15,4
BS R U dr D DL DR,2,13,51,9,5,11,3
BS R U dr D DR DL,2,13,51,9,5,11,3
BS U D DL dr R DR,2,13,51,9,5,13,4
BS U D DL R dr DR,2,13,51,9,5,17,4
BS U D dr R DL DR,2,13,51,9,5,17,4
BS U D dr R DR DL,2,13,51,9,5,15,4
BS U D R dr DL DR,2,13,51,9,5,15,4
BS U D R dr DR DL,2,13,51,9,5,17,4
BS U D R DR dr DL,2,13,51,9,5,15,4
BS U DL D dr R DR,2,13,51,9,5,13,3
BS U DL D R dr DR,2,13,51,9,5,15,4
BS U DL dr D R DR,2,13,51,9,5,13,3
BS U dr D R DL DR,2,13,51,9,5,13,3
BS U dr D R DR DL,2,13,51,9,5,11,3
BS U dr R D DL DR,2,13,51,9,5,11,3
BS U dr R D DR DL,2,13,51,9,5,11,3
BS U R D dr DL DR,2,13,51,9,5,13,3
BS U R D dr DR DL,2,13,51,9,5,15,4
BS U R D DR dr DL,2,13,51,9,5,13,4
BS U R dr D DL DR,2,13,51,9,5,13,3
BS U R dr D DR DL,2,13,51,9,5,13,3
D BS DL R U dr DR,2,13,51,9,5,15,4
D BS DL U dr R DR,2,13,51,9,5,13,3
D BS DL U R dr DR,2,13,51,9,5,17,4
D BS dr R U DL DR,2,13,51,9,5,15,3
D BS dr R U DR DL,2,13,51,9,5,15,3
D BS dr U R DL DR,2,13,51,9,5,13,3
D BS dr U R DR DL,2,13,51,9,5,11,3
D BS R dr U DL DR,2,13,51,9,5,13,3
D BS R dr U DR DL,2,13,51,9,5,13,3
D BS R U dr DL DR,2,13,51,9,5,11,2
D BS R U dr DR DL,2,13,51,9,5,13,4
D BS R U DR dr DL,2,13,51,9,5,15,4
D BS U DL dr R DR,2,13,51,9,5,13,3
D BS U DL R dr DR,2,13,51,9,5,17,4
D BS U dr R DL DR,2,13,51,9,5,13,3
D BS U dr R DR DL,2,13,51,9,5,11,3
D BS U R dr DL DR,2,13,51,9,5,13,3
D BS U R dr DR DL,2,13,51,9,5,15,4
D BS U R DR dr DL,2,13,51,9,5,13,4
D DL BS R U dr DR,2,13,51,9,5,13,4
D DL BS U dr R DR,2,13,51,9,5,11,3
D DL BS U R dr DR,2,13,51,9,5,15,4
D DL R BS U dr DR,2,13,51,9,5,13,4
D DL R U BS dr DR,2,13,51,9,5,15,4
D DL R U dr BS DR,2,13,51,9,5,11,3
D DL U BS dr R DR,2,13,51,9,5,13,3
D DL U BS R dr DR,2,13,51,9,5,15,4
D DL U dr BS R DR,2,13,51,9,5,11,3
D DL U dr R BS DR,2,13,51,9,5,11,3
D DL U R BS dr DR,2,13,51,9,5,15,4
D DL U R dr BS DR,2,13,51,9,5,13,3
D dr BS R U DL DR,2,13,51,9,5,15,3
D dr BS R U DR DL,2,13,51,9,5,15,3
D dr BS U R DL DR,2,13,51,9,5,15,3
D dr BS U R DR DL,2,13,51,9,5,13,3
D dr R BS U DL DR,2,13,51,9,5,15,3
D dr R BS U DR DL,2,13,51,9,5,15,3
D dr R U BS DL DR,2,13,51,9,5,15,3
D dr R U BS DR DL,2,13,51,9,5,13,3
D dr R U DL BS DR,2,13,51,9,5,15,3
D dr U BS R DL DR,2,13,51,9,5,13,3
D dr U BS R DR DL,2,13,51,9,5,11,3
D dr U R BS DL DR,2,13,51,9,5,13,3
D dr U R BS DR DL,2,13,51,9,5,11,3
D dr U R DL BS DR,2,13,51,9,5,13,3
D R BS dr U DL DR,2,13,51,9,5,13,3
D R BS dr U DR DL,2,13,51,9,5,13,3
D R BS U dr DL DR,2,13,51,9,5,11,2
D R BS U dr DR DL,2,13,51,9,5,13,4
D R BS U DR dr DL,2,13,51,9,5,15,4
D R dr BS U DL DR,2,13,51,9,5,15,3
D R dr BS U DR DL,2,13,51,9,5,15,3
D R dr U BS DL DR,2,13,51,9,5,13,3
D R dr U BS DR DL,2,13,51,9,5,11,3
D R dr U DL BS DR,2,13,51,9,5,13,3
D R U BS dr DL DR,2,13,51,9,5,13,3
D R U BS dr DR DL,2,13,51,9,5,15,4
D R U BS DR dr DL,2,13,51,9,5,13,4
D R U dr BS DL DR,2,13,51,9,5,13,3
D R U dr BS DR DL,2,13,51,9,5,11,3
D R U dr DL BS DR,2,13,51,9,5,11,3
D U BS DL dr R DR,2,13,51,9,5,15,4
D U BS DL R dr DR,2,13,51,9,5,19,4
D U BS dr R DL DR,2,13,51,9,5,17,4
D U BS dr R DR DL,2,13,51,9,5,15,4
D U BS R dr DL DR,2,13,51,9,5,15,4
D U BS R dr DR DL,2,13,51,9,5,17,4
D U BS R DR dr DL,2,13,51,9,5,15,4
D U DL BS dr R DR,2,13,51,9,5,17,4
D U DL BS R dr DR,2,13,51,9,5,19,4
D U DL dr BS R DR,2,13,51,9,5,15,4
D U DL dr R BS DR,2,13,51,9,5,15,4
D U DL R BS dr DR,2,13,51,9,5,19,4
D U DL R dr BS DR,2,13,51,9,5,17,4
D U dr BS R DL DR,2,13,51,9,5,15,4
D U dr BS R DR DL,2,13,51,9,5,13,4
D U dr R BS DL DR,2,13,51,9,5,15,4
D U dr R BS DR DL,2,13,51,9,5,13,4
D U dr R DL BS DR,2,13,51,9,5,15,4
D U R BS dr DL DR,2,13,51,9,5,15,4
D U R BS dr DR DL,2,13,51,9,5,17,4
D U R BS DR dr DL,2,13,51,9,5,15,4
D U R dr BS DL DR,2,13,51,9,5,17,4
D U R dr BS DR DL,2,13,51,9,5,15,4
D U R dr DL BS DR,2,13,51,9,5,15,4
DL BS D R U dr DR,2,13,51,9,5,14,4
DL BS D U dr R DR,2,13,51,9,5,14,4
DL BS D U R dr DR,2,13,51,9,5,18,4
DL BS U D dr R DR,2,13,51,9,5,16,4
DL BS U D R dr DR,2,13,51,9,5,18,4
DL BS U dr D R DR,2,13,51,9,5,12,3
DL D BS R U dr DR,2,13,51,9,5,12,4
DL D BS U dr R DR,2,13,51,9,5,10,3
DL D BS U R dr DR,2,13,51,9,5,14,4
DL D R BS U dr DR,2,13,51,9,5,12,4
DL D R U BS dr DR,2,13,51,9,5,14,4
DL D R U dr BS DR,2,13,51,9,5,10,3
DL D U BS dr R DR,2,13,51,9,5,14,4
DL D U BS R dr DR,2,13,51,9,5,16,4
DL D U dr BS R DR,2,13,51,9,5,12,4
DL D U dr R BS DR,2,13,51,9,5,12,4
DL D U R BS dr DR,2,13,51,9,5,16,4
DL D U R dr BS DR,2,13,51,9,5,14,4
DL U BS D dr R DR,2,13,51,9,5,14,3
DL U BS D R dr DR,2,13,51,9,5,16,4
DL U BS dr D R DR,2,13,51,9,5,14,3
DL U D BS dr R DR,2,13,51,9,5,16,4
DL U D BS R dr DR,2,13,51,9,5,18,4
DL U D dr BS R DR,2,13,51,9,5,16,4
DL U D dr R BS DR,2,13,51,9,5,16,4
DL U D R BS dr DR,2,13,51,9,5,18,4
DL U D R dr BS DR,2,13,51,9,5,16,4
DL U dr BS D R DR,2,13,51,9,5,12,3
DL U dr D BS R DR,2,13,51,9,5,12,3
DL U dr D R BS DR,2,13,51,9,5,12,3
dr BS D R U DL DR,2,13,51,9,5,14,3
dr BS D R U DR DL,2,13,51,9,5,14,3
dr BS D U R DL DR,2,13,51,9,5,16,4
dr BS D U R DR DL,2,13,51,9,5,14,4
dr BS R D U DL DR,2,13,51,9,5,16,4
dr BS R D U DR DL,2,13,51,9,5,16,4
dr BS R U D DL DR,2,13,51,9,5,14,4
dr BS R U D DR DL,2,13,51,9,5,14,4
dr BS U D R DL DR,2,13,51,9,5,16,4
dr BS U D R DR DL,2,13,51,9,5,14,4
dr BS U R D DL DR,2,13,51,9,5,12,3
dr BS U R D DR DL,2,13,51,9,5,12,3
dr D BS R U DL DR,2,13,51,9,5,14,3
dr D BS R U DR DL,2,13,51,9,5,14,3
dr D BS U R DL DR,2,13,51,9,5,14,3
dr D BS U R DR DL,2,13,51,9,5,12,3
dr D R BS U DL DR,2,13,51,9,5,14,3
dr D R BS U DR DL,2,13,51,9,5,14,3
dr D R U BS DL DR,2,13,51,9,5,14,3
dr D R U BS DR DL,2,13,51,9,5,12,3
dr D R U DL BS DR,2,13,51,9,5,14,3
dr D U BS R DL DR,2,13,51,9,5,16,4
dr D U BS R DR DL,2,13,51,9,5,14,4
dr D U R BS DL DR,2,13,51,9,5,16,4
dr D U R BS DR DL,2,13,51,9,5,14,4
dr D U R DL BS DR,2,13,51,9,5,16,4
dr R BS D U DL DR,2,13,51,9,5,16,4
dr R BS D U DR DL,2,13,51,9,5,16,4
dr R BS U D DL DR,2,13,51,9,5,14,4
dr R BS U D DR DL,2,13,51,9,5,14,4
dr R D BS U DL DR,2,13,51,9,5,14,3
dr R D BS U DR DL,2,13,51,9,5,14,3
dr R D U BS DL DR,2,13,51,9,5,16,4
dr R D U BS DR DL,2,13,51,9,5,14,4
dr R D U DL BS DR,2,13,51,9,5,16,4
dr R U BS D DL DR,2,13,51,9,5,12,3
dr R U BS D DR DL,2,13,51,9,5,12,3
dr R U D BS DL DR,2,13,51,9,5,16,4
dr R U D BS DR DL,2,13,51,9,5,14,4
dr R U D DL BS DR,2,13,51,9,5,14,4
dr U BS D R DL DR,2,13,51,9,5,12,3
dr U BS D R DR DL,2,13,51,9,5,10,2
dr U BS R D DL DR,2,13,51,9,5,10,2
dr U BS R D DR DL,2,13,51,9,5,10,2
dr U D BS R DL DR,2,13,51,9,5,14,4
dr U D BS R DR DL,2,13,51,9,5,12,4
dr U D R BS DL DR,2,13,51,9,5,14,4
dr U D R BS DR DL,2,13,51,9,5,12,4
dr U D R DL BS DR,2,13,51,9,5,14,4
dr U R BS D DL DR,2,13,51,9,5,10,2
dr U R BS D DR DL,2,13,51,9,5,10,2
dr U R D BS DL DR,2,13,51,9,5,12,3
dr U R D BS DR DL,2,13,51,9,5,10,2
dr U R D DL BS DR,2,13,51,9,5,10,3
R BS D dr U DL DR,2,13,51,9,5,13,3
R BS D dr U DR DL,2,13,51,9,5,13,3
R BS D U dr DL DR,2,13,51,9,5,13,4
R BS D U dr DR DL,2,13,51,9,5,15,4
R BS D U DR dr DL,2,13,51,9,5,17,4
R BS dr D U DL DR,2,13,51,9,5,17,4
R BS dr D U DR DL,2,13,51,9,5,17,4
R BS dr U D DL DR,2,13,51,9,5,13,4
R BS dr U D DR DL,2,13,51,9,5,13,4
R BS U D dr DL DR,2,13,51,9,5,15,4
R BS U D dr DR DL,2,13,51,9,5,17,4
R BS U D DR dr DL,2,13,51,9,5,15,4
R BS U dr D DL DR,2,13,51,9,5,11,3
R BS U dr D DR DL,2,13,51,9,5,11,3
R D BS dr U DL DR,2,13,51,9,5,13,3
R D BS dr U DR DL,2,13,51,9,5,13,3
R D BS U dr DL DR,2,13,51,9,5,11,2
R D BS U dr DR DL,2,13,51,9,5,13,4
R D BS U DR dr DL,2,13,51,9,5,15,4
R D dr BS U DL DR,2,13,51,9,5,15,3
R D dr BS U DR DL,2,13,51,9,5,15,3
R D dr U BS DL DR,2,13,51,9,5,13,3
R D dr U BS DR DL,2,13,51,9,5,11,3
R D dr U DL BS DR,2,13,51,9,5,13,3
R D U BS dr DL DR,2,13,51,9,5,15,4
R D U BS dr DR DL,2,13,51,9,5,17,4
R D U BS DR dr DL,2,13,51,9,5,15,4
R D U dr BS DL DR,2,13,51,9,5,15,4
R D U dr BS DR DL,2,13,51,9,5,13,4
R D U dr DL BS DR,2,13,51,9,5,13,4
R dr BS D U DL DR,2,13,51,9,5,17,4
R dr BS D U DR DL,2,13,51,9,5,17,4
R dr BS U D DL DR,2,13,51,9,5,15,4
R dr BS U D DR DL,2,13,51,9,5,15,4
R dr D BS U DL DR,2,13,51,9,5,15,3
R dr D BS U DR DL,2,13,51,9,5,15,3
R dr D U BS DL DR,2,13,51,9,5,17,4
R dr D U BS DR DL,2,13,51,9,5,15,4
R dr D U DL BS DR,2,13,51,9,5,17,4
R dr U BS D DL DR,2,13,51,9,5,11,3
R dr U BS D DR DL,2,13,51,9,5,11,3
R dr U D BS DL DR,2,13,51,9,5,15,4
R dr U D BS DR DL,2,13,51,9,5,13,4
R dr U D DL BS DR,2,13,51,9,5,13,4
R U BS D dr DL DR,2,13,51,9,5,13,3
R U BS D dr DR DL,2,13,51,9,5,15,4
R U BS D DR dr DL,2,13,51,9,5,13,4
R U BS dr D DL DR,2,13,51,9,5,13,3
R U BS dr D DR DL,2,13,51,9,5,13,3
R U D BS dr DL DR,2,13,51,9,5,15,4
R U D BS dr DR DL,2,13,51,9,5,17,4
R U D BS DR dr DL,2,13,51,9,5,15,4
R U D dr BS DL DR,2,13,51,9,5,17,4
R U D dr BS DR DL,2,13,51,9,5,15,4
R U D dr DL BS DR,2,13,51,9,5,15,4
R U dr BS D DL DR,2,13,51,9,5,11,3
R U dr BS D DR DL,2,13,51,9,5,11,3
R U dr D BS DL DR,2,13,51,9,5,13,3
R U dr D BS DR DL,2,13,51,9,5,11,3
R U dr D DL BS DR,2,13,51,9,5,11,3
U BS D DL dr R DR,2,13,51,9,5,11,3
U BS D DL R dr DR,2,13,51,9,5,15,4
U BS D dr R DL DR,2,13,51,9,5,15,3
U BS D dr R DR DL,2,13,51,9,5,13,3
U BS D R dr DL DR,2,13,51,9,5,13,3
U BS D R dr DR DL,2,13,51,9,5,15,4
U BS D R DR dr DL,2,13,51,9,5,13,4
U BS DL D dr R DR,2,13,51,9,5,13,3
U BS DL D R dr DR,2,13,51,9,5,15,4
U BS DL dr D R DR,2,13,51,9,5,13,3
U BS dr D R DL DR,2,13,51,9,5,15,3
U BS dr D R DR DL,2,13,51,9,5,13,3
U BS dr R D DL DR,2,13,51,9,5,13,3
U BS dr R D DR DL,2,13,51,9,5,13,3
U BS R D dr DL DR,2,13,51,9,5,13,3
U BS R D dr DR DL,2,13,51,9,5,15,4
U BS R D DR dr DL,2,13,51,9,5,13,4
U BS R dr D DL DR,2,13,51,9,5,13,3
U BS R dr D DR DL,2,13,51,9,5,13,3
U D BS DL dr R DR,2,13,51,9,5,15,4
U D BS DL R dr DR,2,13,51,9,5,19,4
U D BS dr R DL DR,2,13,51,9,5,17,4
U D BS dr R DR DL,2,13,51,9,5,15,4
U D BS R dr DL DR,2,13,51,9,5,15,4
U D BS R dr DR DL,2,13,51,9,5,17,4
U D BS R DR dr DL,2,13,51,9,5,15,4
U D DL BS dr R DR,2,13,51,9,5,15,4
U D DL BS R dr DR,2,13,51,9,5,17,4
U D DL dr BS R DR,2,13,51,9,5,13,4
U D DL dr R BS DR,2,13,51,9,5,13,4
U D DL R BS dr DR,2,13,51,9,5,17,4
U D DL R dr BS DR,2,13,51,9,5,15,4
U D dr BS R DL DR,2,13,51,9,5,17,4
U D dr BS R DR DL,2,13,51,9,5,15,4
U D dr R BS DL DR,2,13,51,9,5,17,4
U D dr R BS DR DL,2,13,51,9,5,15,4
U D dr R DL BS DR,2,13,51,9,5,17,4
U D R BS dr DL DR,2,13,51,9,5,15,4
U D R BS dr DR DL,2,13,51,9,5,17,4
U D R BS DR dr DL,2,13,51,9,5,15,4
U D R dr BS DL DR,2,13,51,9,5,17,4
U D R dr BS DR DL,2,13,51,9,5,15,4
U D R dr DL BS DR,2,13,51,9,5,15,4
U DL BS D dr R DR,2,13,51,9,5,15,3
U DL BS D R dr DR,2,13,51,9,5,17,4
U DL BS dr D R DR,2,13,51,9,5,15,3
U DL D BS dr R DR,2,13,51,9,5,13,3
U DL D BS R dr DR,2,13,51,9,5,15,4
U DL D dr BS R DR,2,13,51,9,5,13,3
U DL D dr R BS DR,2,13,51,9,5,13,3
U DL D R BS dr DR,2,13,51,9,5,15,4
U DL D R dr BS DR,2,13,51,9,5,13,3
U DL dr BS D R DR,2,13,51,9,5,13,3
U DL dr D BS R DR,2,13,51,9,5,13,3
U DL dr D R BS DR,2,13,51,9,5,13,3
U dr BS D R DL DR,2,13,51,9,5,13,3
U dr BS D R DR DL,2,13,51,9,5,11,3
U dr BS R D DL DR,2,13,51,9,5,11,3
U dr BS R D DR DL,2,13,51,9,5,11,3
U dr D BS R DL DR,2,13,51,9,5,13,3
U dr D BS R DR DL,2,13,51,9,5,11,3
U dr D R BS DL DR,2,13,51,9,5,13,3
U dr D R BS DR DL,2,13,51,9,5,11,3
U dr D R DL BS DR,2,13,51,9,5,13,3
U dr R BS D DL DR,2,13,51,9,5,11,3
U dr R BS D DR DL,2,13,51,9,5,11,3
U dr R D BS DL DR,2,13,51,9,5,13,3
U dr R D BS DR DL,2,13,51,9,5,11,3
U dr R D DL BS DR,2,13,51,9,5,11,3
U R BS D dr DL DR,2,13,51,9,5,13,3
U R BS D dr DR DL,2,13,51,9,5,15,4
U R BS D DR dr DL,2,13,51,9,5,13,4
U R BS dr D DL DR,2,13,51,9,5,13,3
U R BS dr D DR DL,2,13,51,9,5,13,3
U R D BS dr DL DR,2,13,51,9,5,13,3
U R D BS dr DR DL,2,13,51,9,5,15,4
U R D BS DR dr DL,2,13,51,9,5,13,4
U R D dr BS DL DR,2,13,51,9,5,15,3
U R D dr BS DR DL,2,13,51,9,5,13,3
U R D dr DL BS DR,2,13,51,9,5,13,3
U R dr BS D DL DR,2,13,51,9,5,13,3
U R dr BS D DR DL,2,13,51,9,5,13,3
U R dr D BS DL DR,2,13,51,9,5,15,3
U R dr D BS DR DL,2,13,51,9,5,13,3
U R dr D DL BS DR,2,13,51,9,5,13,3
DL R DR D U BS dr,2,14,52,7,5,14,4
DL R DR U BS D dr,2,14,52,7,5,14,3
DL R DR U D BS dr,2,14,52,7,5,16,4
DL R U DR BS D dr,2,14,52,7,5,14,3
DL R U DR D BS dr,2,14,52,7,5,14,3
DL U R DR BS D dr,2,14,52,7,5,12,3
DL U R DR D BS dr,2,14,52,7,5,12,3
R DL DR D U BS dr,2,14,52,7,5,15,4
R DL DR U BS D dr,2,14,52,7,5,15,3
R DL DR U D BS dr,2,14,52,7,5,17,4
R DL U DR BS D dr,2,14,52,7,5,15,3
R DL U DR D BS dr,2,14,52,7,5,15,3
R DR DL D U BS dr,2,14,52,7,5,13,4
R DR DL U BS D dr,2,14,52,7,5,13,3
R DR DL U D BS dr,2,14,52,7,5,15,4
R DR U BS DL D dr,2,14,52,7,5,13,3
R DR U DL BS D dr,2,14,52,7,5,15,3
R DR U DL D BS dr,2,14,52,7,5,13,3
R U DL DR BS D dr,2,14,52,7,5,13,3
R U DL DR D BS dr,2,14,52,7,5,13,3
R U DR BS DL D dr,2,14,52,7,5,13,3
R U DR DL BS D dr,2,14,52,7,5,15,3
R U DR DL D BS dr,2,14,52,7,5,13,3
U DL R DR BS D dr,2,14,52,7,5,13,3
U DL R DR D BS dr,2,14,52,7,5,13,3
U R DL DR BS D dr,2,14,52,7,5,13,3
U R DL DR D BS dr,2,14,52,7,5,13,3
U R DR BS DL D dr,2,14,52,7,5,11,3
U R DR DL BS D dr,2,14,52,7,5,13,3
U R DR DL D BS dr,2,14,52,7,5,11,3
BS DR D DL dr R U,2,14,53,7,5,10,3
BS DR D DL dr U R,2,14,53,7,5,8,2
BS DR D DL R dr U,2,14,53,7,5,10,3
BS DR D dr DL R U,2,14,53,7,5,12,3
BS DR D dr DL U R,2,14,53,7,5,12,3
BS dr DR D DL R U,2,14,53,7,5,14,4
BS DR dr D DL R U,2,14,53,7,5,14,4
BS dr DR D DL U R,2,14,53,7,5,14,4
BS DR dr D DL U R,2,14,53,7,5,14,4
BS dr DR R U DL D,2,14,53,7,5,14,4
BS DR dr R U DL D,2,14,53,7,5,14,4
BS dr DR U DL D R,2,14,53,7,5,16,4
BS DR dr U DL D R,2,14,53,7,5,12,4
BS dr DR U DL R D,2,14,53,7,5,18,4
BS DR dr U DL R D,2,14,53,7,5,14,4
BS dr DR U R DL D,2,14,53,7,5,16,4
BS DR dr U R DL D,2,14,53,7,5,12,4
BS DR R dr U DL D,2,14,53,7,5,10,3
BS DR R U dr DL D,2,14,53,7,5,8,2
BS dr U DL DR D R,2,14,53,7,5,12,3
BS dr U DL DR R D,2,14,53,7,5,12,3
BS dr U DR DL D R,2,14,53,7,5,12,3
BS DR U dr DL D R,2,14,53,7,5,10,3
BS dr U DR DL R D,2,14,53,7,5,14,3
BS DR U dr DL R D,2,14,53,7,5,12,3
BS dr U DR R DL D,2,14,53,7,5,12,3
BS DR U dr R DL D,2,14,53,7,5,12,3
BS DR U R dr DL D,2,14,53,7,5,12,3
BS U dr DL DR D R,2,14,53,7,5,10,2
BS U dr DL DR R D,2,14,53,7,5,10,2
BS U dr DR DL D R,2,14,53,7,5,12,4
BS U DR dr DL D R,2,14,53,7,5,14,4
BS U dr DR DL R D,2,14,53,7,5,14,4
BS U DR dr DL R D,2,14,53,7,5,16,4
BS U dr DR R DL D,2,14,53,7,5,12,4
BS U DR dr R DL D,2,14,53,7,5,16,4
BS U DR R dr DL D,2,14,53,7,5,12,3
DL R DR D U dr BS,2,14,53,7,5,13,4
DL R DR U D dr BS,2,14,53,7,5,17,4
DL R DR U dr D BS,2,14,53,7,5,13,3
DL R U DR D dr BS,2,14,53,7,5,15,3
DL R U dr DR D BS,2,14,53,7,5,13,4
DL R U DR dr D BS,2,14,53,7,5,17,4
DL U dr R DR D BS,2,14,53,7,5,11,3
DL U R DR D dr BS,2,14,53,7,5,13,3
DL U R dr DR D BS,2,14,53,7,5,15,4
DL U R DR dr D BS,2,14,53,7,5,15,4
DR BS D DL dr R U,2,14,53,7,5,11,3
DR BS D DL dr U R,2,14,53,7,5,9,2
DR BS D DL R dr U,2,14,53,7,5,11,3
DR BS D dr DL R U,2,14,53,7,5,13,3
DR BS D dr DL U R,2,14,53,7,5,13,3
dr BS DR D DL R U,2,14,53,7,5,11,3
DR BS dr D DL R U,2,14,53,7,5,13,3
dr BS DR D DL U R,2,14,53,7,5,11,3
DR BS dr D DL U R,2,14,53,7,5,13,3
dr BS DR R U DL D,2,14,53,7,5,11,3
DR BS dr R U DL D,2,14,53,7,5,13,3
dr BS DR U DL D R,2,14,53,7,5,13,3
DR BS dr U DL D R,2,14,53,7,5,11,3
dr BS DR U DL R D,2,14,53,7,5,15,3
DR BS dr U DL R D,2,14,53,7,5,13,3
dr BS DR U R DL D,2,14,53,7,5,13,3
DR BS dr U R DL D,2,14,53,7,5,11,3
DR BS R dr U DL D,2,14,53,7,5,11,3
DR BS R U dr DL D,2,14,53,7,5,9,2
dr BS U DL DR D R,2,14,53,7,5,13,3
dr BS U DL DR R D,2,14,53,7,5,13,3
dr BS U DR DL D R,2,14,53,7,5,13,3
DR BS U dr DL D R,2,14,53,7,5,9,2
dr BS U DR DL R D,2,14,53,7,5,15,3
DR BS U dr DL R D,2,14,53,7,5,11,3
dr BS U DR R DL D,2,14,53,7,5,13,3
DR BS U dr R DL D,2,14,53,7,5,11,3
DR BS U R dr DL D,2,14,53,7,5,11,3
DR D BS DL dr R U,2,14,53,7,5,13,3
DR D BS DL dr U R,2,14,53,7,5,11,3
DR D BS DL R dr U,2,14,53,7,5,13,3
DR D BS dr DL R U,2,14,53,7,5,13,3
DR D BS dr DL U R,2,14,53,7,5,13,3
DR D dr BS DL R U,2,14,53,7,5,15,3
DR D dr BS DL U R,2,14,53,7,5,15,3
dr DR BS D DL R U,2,14,53,7,5,13,4
DR dr BS D DL R U,2,14,53,7,5,15,4
dr DR BS D DL U R,2,14,53,7,5,13,4
DR dr BS D DL U R,2,14,53,7,5,15,4
dr DR BS R U DL D,2,14,53,7,5,13,4
DR dr BS R U DL D,2,14,53,7,5,15,4
dr DR BS U DL D R,2,14,53,7,5,13,4
DR dr BS U DL D R,2,14,53,7,5,15,4
dr DR BS U DL R D,2,14,53,7,5,15,4
DR dr BS U DL R D,2,14,53,7,5,17,4
dr DR BS U R DL D,2,14,53,7,5,13,4
DR dr BS U R DL D,2,14,53,7,5,15,4
dr DR D BS DL R U,2,14,53,7,5,15,4
DR dr D BS DL R U,2,14,53,7,5,17,4
dr DR D BS DL U R,2,14,53,7,5,15,4
DR dr D BS DL U R,2,14,53,7,5,17,4
dr DR R BS U DL D,2,14,53,7,5,13,4
DR dr R BS U DL D,2,14,53,7,5,15,4
dr DR U BS DL D R,2,14,53,7,5,15,4
DR dr U BS DL D R,2,14,53,7,5,13,4
dr DR U BS DL R D,2,14,53,7,5,17,4
DR dr U BS DL R D,2,14,53,7,5,15,4
dr DR U BS R DL D,2,14,53,7,5,15,4
DR dr U BS R DL D,2,14,53,7,5,13,4
dr DR U DL BS D R,2,14,53,7,5,17,4
DR dr U DL BS D R,2,14,53,7,5,15,4
dr DR U DL BS R D,2,14,53,7,5,17,4
DR dr U DL BS R D,2,14,53,7,5,15,4
DR R BS dr U DL D,2,14,53,7,5,11,3
DR R BS U dr DL D,2,14,53,7,5,9,2
DR R dr BS U DL D,2,14,53,7,5,13,3
dr U BS DL DR D R,2,14,53,7,5,11,3
dr U BS DL DR R D,2,14,53,7,5,11,3
dr U BS DR DL D R,2,14,53,7,5,9,2
DR U BS dr DL D R,2,14,53,7,5,13,3
dr U BS DR DL R D,2,14,53,7,5,11,3
DR U BS dr DL R D,2,14,53,7,5,15,3
dr U BS DR R DL D,2,14,53,7,5,9,3
DR U BS dr R DL D,2,14,53,7,5,15,3
DR U BS R dr DL D,2,14,53,7,5,13,3
dr U DL BS DR D R,2,14,53,7,5,11,3
dr U DL BS DR R D,2,14,53,7,5,11,3
dr U DL DR BS D R,2,14,53,7,5,11,3
dr U DL DR BS R D,2,14,53,7,5,11,3
dr U DR BS DL D R,2,14,53,7,5,11,3
DR U dr BS DL D R,2,14,53,7,5,13,3
dr U DR BS DL R D,2,14,53,7,5,13,3
DR U dr BS DL R D,2,14,53,7,5,15,3
dr U DR BS R DL D,2,14,53,7,5,11,3
DR U dr BS R DL D,2,14,53,7,5,13,3
dr U DR DL BS D R,2,14,53,7,5,13,3
DR U dr DL BS D R,2,14,53,7,5,13,3
dr U DR DL BS R D,2,14,53,7,5,13,3
DR U dr DL BS R D,2,14,53,7,5,13,3
R DL DR D U dr BS,2,14,53,7,5,14,4
R DL DR U D dr BS,2,14,53,7,5,18,4
R DL DR U dr D BS,2,14,53,7,5,14,3
R DL U DR D dr BS,2,14,53,7,5,16,3
R DL U dr DR D BS,2,14,53,7,5,14,4
R DL U DR dr D BS,2,14,53,7,5,18,4
R DR DL D U dr BS,2,14,53,7,5,12,4
R DR DL U D dr BS,2,14,53,7,5,16,4
R DR DL U dr D BS,2,14,53,7,5,12,3
R DR U DL D dr BS,2,14,53,7,5,14,3
R DR U DL dr D BS,2,14,53,7,5,14,3
R U DL DR D dr BS,2,14,53,7,5,14,3
R U DL dr DR D BS,2,14,53,7,5,14,4
R U DL DR dr D BS,2,14,53,7,5,16,4
R U DR DL D dr BS,2,14,53,7,5,14,3
R U DR DL dr D BS,2,14,53,7,5,14,3
U BS dr DL DR D R,2,14,53,7,5,12,3
U BS dr DL DR R D,2,14,53,7,5,12,3
U BS dr DR DL D R,2,14,53,7,5,14,4
U BS DR dr DL D R,2,14,53,7,5,12,4
U BS dr DR DL R D,2,14,53,7,5,16,4
U BS DR dr DL R D,2,14,53,7,5,14,4
U BS dr DR R DL D,2,14,53,7,5,14,4
U BS DR dr R DL D,2,14,53,7,5,14,4
U BS DR R dr DL D,2,14,53,7,5,10,3
U DL dr R DR D BS,2,14,53,7,5,12,3
U DL R DR D dr BS,2,14,53,7,5,14,3
U DL R dr DR D BS,2,14,53,7,5,16,4
U DL R DR dr D BS,2,14,53,7,5,16,4
U dr BS DL DR D R,2,14,53,7,5,12,3
U dr BS DL DR R D,2,14,53,7,5,12,3
U dr BS DR DL D R,2,14,53,7,5,10,3
U DR BS dr DL D R,2,14,53,7,5,12,3
U dr BS DR DL R D,2,14,53,7,5,12,3
U DR BS dr DL R D,2,14,53,7,5,14,3
U dr BS DR R DL D,2,14,53,7,5,10,3
U DR BS dr R DL D,2,14,53,7,5,14,3
U DR BS R dr DL D,2,14,53,7,5,12,3
U dr DL BS DR D R,2,14,53,7,5,10,3
U dr DL BS DR R D,2,14,53,7,5,10,3
U dr DL DR BS D R,2,14,53,7,5,10,2
U dr DL DR BS R D,2,14,53,7,5,10,2
U dr DR BS DL D R,2,14,53,7,5,12,4
U DR dr BS DL D R,2,14,53,7,5,16,4
U dr DR BS DL R D,2,14,53,7,5,14,4
U DR dr BS DL R D,2,14,53,7,5,18,4
U dr DR BS R DL D,2,14,53,7,5,12,4
U DR dr BS R DL D,2,14,53,7,5,16,4
U dr DR DL BS D R,2,14,53,7,5,14,4
U DR dr DL BS D R,2,14,53,7,5,16,4
U dr DR DL BS R D,2,14,53,7,5,14,4
U DR dr DL BS R D,2,14,53,7,5,16,4
U R DL DR D dr BS,2,14,53,7,5,14,3
U R DL dr DR D BS,2,14,53,7,5,14,4
U R DL DR dr D BS,2,14,53,7,5,16,4
U R DR DL D dr BS,2,14,53,7,5,12,3
U R DR DL dr D BS,2,14,53,7,5,12,3
BS DL dr R D DR U,2,13,53,8,5,14,3
BS DL dr R D U DR,2,13,53,8,5,17,4
BS DL dr R U D DR,2,13,53,8,5,15,4
BS DL dr U R D DR,2,13,53,8,5,11,3
BS DL R D dr DR U,2,13,53,8,5,18,4
BS DL R D DR dr U,2,13,53,8,5,14,4
BS DL R D dr U DR,2,13,53,8,5,15,3
BS DL R dr D DR U,2,13,53,8,5,16,3
BS DL R dr D U DR,2,13,53,8,5,19,4
BS DL R dr U D DR,2,13,53,8,5,15,4
BS DL R U dr DR D,2,13,53,8,5,14,4
BS DL R U DR dr D,2,13,53,8,5,18,4
BS DL U dr R DR D,2,13,53,8,5,12,3
BS DL U R dr DR D,2,13,53,8,5,16,4
BS DL U R DR dr D,2,13,53,8,5,16,4
BS dr DL R D DR U,2,13,53,8,5,14,3
BS dr DL R D U DR,2,13,53,8,5,17,4
BS dr DL R U D DR,2,13,53,8,5,15,4
BS dr DL U R D DR,2,13,53,8,5,13,3
BS dr R DL D DR U,2,13,53,8,5,14,3
BS dr R DL D U DR,2,13,53,8,5,17,4
BS dr R DL U D DR,2,13,53,8,5,17,4
BS R DL D dr DR U,2,13,53,8,5,16,4
BS R DL D DR dr U,2,13,53,8,5,12,4
BS R DL D dr U DR,2,13,53,8,5,13,3
BS R DL dr D DR U,2,13,53,8,5,14,3
BS R DL dr D U DR,2,13,53,8,5,17,4
BS R DL dr U D DR,2,13,53,8,5,13,4
BS R DL U dr DR D,2,13,53,8,5,14,4
BS R DL U DR dr D,2,13,53,8,5,18,4
BS R dr DL D DR U,2,13,53,8,5,12,3
BS R dr DL D U DR,2,13,53,8,5,15,4
BS R dr DL U D DR,2,13,53,8,5,15,4
BS R U DL dr DR D,2,13,53,8,5,14,4
BS R U DL DR dr D,2,13,53,8,5,16,4
BS R U DR DL dr D,2,13,53,8,5,14,3
BS U DL dr R DR D,2,13,53,8,5,12,3
BS U DL R dr DR D,2,13,53,8,5,16,4
BS U DL R DR dr D,2,13,53,8,5,16,4
BS U R DL dr DR D,2,13,53,8,5,14,4
BS U R DL DR dr D,2,13,53,8,5,16,4
BS U R DR DL dr D,2,13,53,8,5,12,3
DL BS dr R D DR U,2,13,53,8,5,15,3
DL BS dr R D U DR,2,13,53,8,5,18,4
DL BS dr R U D DR,2,13,53,8,5,16,4
DL BS dr U R D DR,2,13,53,8,5,12,3
DL BS R D dr DR U,2,13,53,8,5,17,4
DL BS R D DR dr U,2,13,53,8,5,13,4
DL BS R D dr U DR,2,13,53,8,5,14,3
DL BS R dr D DR U,2,13,53,8,5,15,3
DL BS R dr D U DR,2,13,53,8,5,18,4
DL BS R dr U D DR,2,13,53,8,5,14,4
DL BS R U dr DR D,2,13,53,8,5,13,4
DL BS R U DR dr D,2,13,53,8,5,17,4
DL BS U dr R DR D,2,13,53,8,5,11,3
DL BS U R dr DR D,2,13,53,8,5,15,4
DL BS U R DR dr D,2,13,53,8,5,15,4
DL dr BS R D DR U,2,13,53,8,5,13,3
DL dr BS R D U DR,2,13,53,8,5,16,4
DL dr BS R U D DR,2,13,53,8,5,14,4
DL dr BS U R D DR,2,13,53,8,5,12,3
DL dr R BS D DR U,2,13,53,8,5,13,3
DL dr R BS D U DR,2,13,53,8,5,16,4
DL dr R BS U D DR,2,13,53,8,5,14,4
DL dr R D BS DR U,2,13,53,8,5,13,3
DL dr R D BS U DR,2,13,53,8,5,14,3
DL dr R D DR BS U,2,13,53,8,5,11,3
DL dr R D U BS DR,2,13,53,8,5,14,4
DL dr R U BS D DR,2,13,53,8,5,12,3
DL dr R U D BS DR,2,13,53,8,5,14,4
DL dr U BS R D DR,2,13,53,8,5,10,2
DL dr U R BS D DR,2,13,53,8,5,10,2
DL dr U R D BS DR,2,13,53,8,5,10,2
DL R BS D dr DR U,2,13,53,8,5,17,4
DL R BS D DR dr U,2,13,53,8,5,13,4
DL R BS D dr U DR,2,13,53,8,5,14,3
DL R BS dr D DR U,2,13,53,8,5,15,3
DL R BS dr D U DR,2,13,53,8,5,18,4
DL R BS dr U D DR,2,13,53,8,5,14,4
DL R BS U dr DR D,2,13,53,8,5,13,4
DL R BS U DR dr D,2,13,53,8,5,17,4
DL R D BS dr DR U,2,13,53,8,5,17,4
DL R D BS DR dr U,2,13,53,8,5,13,4
DL R D BS dr U DR,2,13,53,8,5,14,3
DL R D dr BS DR U,2,13,53,8,5,15,3
DL R D DR BS dr U,2,13,53,8,5,11,3
DL R D dr BS U DR,2,13,53,8,5,16,3
DL R D dr DR BS U,2,13,53,8,5,15,4
DL R D DR dr BS U,2,13,53,8,5,15,4
DL R D dr U BS DR,2,13,53,8,5,12,3
DL R dr BS D DR U,2,13,53,8,5,15,3
DL R dr BS D U DR,2,13,53,8,5,18,4
DL R dr BS U D DR,2,13,53,8,5,16,4
DL R dr D BS DR U,2,13,53,8,5,15,3
DL R dr D BS U DR,2,13,53,8,5,16,3
DL R dr D DR BS U,2,13,53,8,5,13,3
DL R dr D U BS DR,2,13,53,8,5,16,4
DL R dr U BS D DR,2,13,53,8,5,12,3
DL R dr U D BS DR,2,13,53,8,5,14,4
DL R U BS dr DR D,2,13,53,8,5,15,4
DL R U BS DR dr D,2,13,53,8,5,15,4
DL R U dr BS DR D,2,13,53,8,5,11,3
DL U BS dr R DR D,2,13,53,8,5,13,3
DL U BS R dr DR D,2,13,53,8,5,15,4
DL U BS R DR dr D,2,13,53,8,5,15,4
DL U dr BS R DR D,2,13,53,8,5,11,3
DL U dr R BS DR D,2,13,53,8,5,11,3
DL U R BS dr DR D,2,13,53,8,5,15,4
DL U R BS DR dr D,2,13,53,8,5,15,4
DL U R dr BS DR D,2,13,53,8,5,13,3
dr BS DL R D DR U,2,13,53,8,5,15,3
dr BS DL R D U DR,2,13,53,8,5,18,4
dr BS DL R U D DR,2,13,53,8,5,16,4
dr BS DL U R D DR,2,13,53,8,5,14,3
dr BS R DL D DR U,2,13,53,8,5,13,3
dr BS R DL D U DR,2,13,53,8,5,16,4
dr BS R DL U D DR,2,13,53,8,5,16,4
dr DL BS R D DR U,2,13,53,8,5,13,3
dr DL BS R D U DR,2,13,53,8,5,16,4
dr DL BS R U D DR,2,13,53,8,5,14,4
dr DL BS U R D DR,2,13,53,8,5,12,3
dr DL R BS D DR U,2,13,53,8,5,13,3
dr DL R BS D U DR,2,13,53,8,5,16,4
dr DL R BS U D DR,2,13,53,8,5,14,4
dr DL R D BS DR U,2,13,53,8,5,13,3
dr DL R D BS U DR,2,13,53,8,5,14,3
dr DL R D DR BS U,2,13,53,8,5,11,3
dr DL R D U BS DR,2,13,53,8,5,14,4
dr DL R U BS D DR,2,13,53,8,5,12,3
dr DL R U D BS DR,2,13,53,8,5,14,4
dr DL U BS R D DR,2,13,53,8,5,12,3
dr DL U R BS D DR,2,13,53,8,5,12,3
dr DL U R D BS DR,2,13,53,8,5,12,3
dr R BS DL D DR U,2,13,53,8,5,13,3
dr R BS DL D U DR,2,13,53,8,5,16,4
dr R BS DL U D DR,2,13,53,8,5,16,4
dr R DL BS D DR U,2,13,53,8,5,15,3
dr R DL BS D U DR,2,13,53,8,5,18,4
dr R DL BS U D DR,2,13,53,8,5,16,4
dr R DL D BS DR U,2,13,53,8,5,13,3
dr R DL D BS U DR,2,13,53,8,5,14,3
dr R DL D DR BS U,2,13,53,8,5,11,3
dr R DL D U BS DR,2,13,53,8,5,14,4
dr R DL U BS D DR,2,13,53,8,5,14,3
dr R DL U D BS DR,2,13,53,8,5,16,4
R BS DL D dr DR U,2,13,53,8,5,16,4
R BS DL D DR dr U,2,13,53,8,5,12,4
R BS DL D dr U DR,2,13,53,8,5,13,3
R BS DL dr D DR U,2,13,53,8,5,14,3
R BS DL dr D U DR,2,13,53,8,5,17,4
R BS DL dr U D DR,2,13,53,8,5,13,4
R BS DL U dr DR D,2,13,53,8,5,14,4
R BS DL U DR dr D,2,13,53,8,5,18,4
R BS dr DL D DR U,2,13,53,8,5,12,3
R BS dr DL D U DR,2,13,53,8,5,15,4
R BS dr DL U D DR,2,13,53,8,5,15,4
R BS U DL dr DR D,2,13,53,8,5,14,4
R BS U DL DR dr D,2,13,53,8,5,16,4
R BS U DR DL dr D,2,13,53,8,5,14,3
R DL BS D dr DR U,2,13,53,8,5,18,4
R DL BS D DR dr U,2,13,53,8,5,14,4
R DL BS D dr U DR,2,13,53,8,5,15,3
R DL BS dr D DR U,2,13,53,8,5,16,3
R DL BS dr D U DR,2,13,53,8,5,19,4
R DL BS dr U D DR,2,13,53,8,5,15,4
R DL BS U dr DR D,2,13,53,8,5,14,4
R DL BS U DR dr D,2,13,53,8,5,18,4
R DL D BS dr DR U,2,13,53,8,5,16,4
R DL D BS DR dr U,2,13,53,8,5,12,4
R DL D BS dr U DR,2,13,53,8,5,13,3
R DL D dr BS DR U,2,13,53,8,5,14,3
R DL D DR BS dr U,2,13,53,8,5,10,3
R DL D dr BS U DR,2,13,53,8,5,15,3
R DL D dr DR BS U,2,13,53,8,5,14,4
R DL D DR dr BS U,2,13,53,8,5,14,4
R DL D dr U BS DR,2,13,53,8,5,11,3
R DL dr BS D DR U,2,13,53,8,5,14,3
R DL dr BS D U DR,2,13,53,8,5,17,4
R DL dr BS U D DR,2,13,53,8,5,15,4
R DL dr D BS DR U,2,13,53,8,5,14,3
R DL dr D BS U DR,2,13,53,8,5,15,3
R DL dr D DR BS U,2,13,53,8,5,12,3
R DL dr D U BS DR,2,13,53,8,5,15,4
R DL dr U BS D DR,2,13,53,8,5,11,3
R DL dr U D BS DR,2,13,53,8,5,13,4
R DL U BS dr DR D,2,13,53,8,5,16,4
R DL U BS DR dr D,2,13,53,8,5,16,4
R DL U dr BS DR D,2,13,53,8,5,12,3
R dr BS DL D DR U,2,13,53,8,5,14,3
R dr BS DL D U DR,2,13,53,8,5,17,4
R dr BS DL U D DR,2,13,53,8,5,17,4
R dr DL BS D DR U,2,13,53,8,5,14,3
R dr DL BS D U DR,2,13,53,8,5,17,4
R dr DL BS U D DR,2,13,53,8,5,15,4
R dr DL D BS DR U,2,13,53,8,5,12,3
R dr DL D BS U DR,2,13,53,8,5,13,3
R dr DL D DR BS U,2,13,53,8,5,10,3
R dr DL D U BS DR,2,13,53,8,5,13,4
R dr DL U BS D DR,2,13,53,8,5,13,3
R dr DL U D BS DR,2,13,53,8,5,15,4
R U BS DL dr DR D,2,13,53,8,5,14,4
R U BS DL DR dr D,2,13,53,8,5,16,4
R U BS DR DL dr D,2,13,53,8,5,12,3
R U DL BS dr DR D,2,13,53,8,5,16,4
R U DL BS DR dr D,2,13,53,8,5,16,4
R U DL dr BS DR D,2,13,53,8,5,12,3
U BS DL dr R DR D,2,13,53,8,5,12,3
U BS DL R dr DR D,2,13,53,8,5,16,4
U BS DL R DR dr D,2,13,53,8,5,16,4
U BS R DL dr DR D,2,13,53,8,5,14,4
U BS R DL DR dr D,2,13,53,8,5,16,4
U BS R DR DL dr D,2,13,53,8,5,12,3
U DL BS dr R DR D,2,13,53,8,5,14,3
U DL BS R dr DR D,2,13,53,8,5,16,4
U DL BS R DR dr D,2,13,53,8,5,16,4
U DL dr BS R DR D,2,13,53,8,5,12,3
U DL dr R BS DR D,2,13,53,8,5,12,3
U DL R BS dr DR D,2,13,53,8,5,16,4
U DL R BS DR dr D,2,13,53,8,5,16,4
U DL R dr BS DR D,2,13,53,8,5,14,3
U R BS DL dr DR D,2,13,53,8,5,14,4
U R BS DL DR dr D,2,13,53,8,5,16,4
U R BS DR DL dr D,2,13,53,8,5,12,3
U R DL BS dr DR D,2,13,53,8,5,16,4
U R DL BS DR dr D,2,13,53,8,5,16,4
U R DL dr BS DR D,2,13,53,8,5,12,3
BS D DR DL U dr R,2,14,53,8,5,12,3
BS D dr DR R DL U,2,14,53,8,5,16,4
BS D DR dr R DL U,2,14,53,8,5,16,4
BS D dr DR R U DL,2,14,53,8,5,15,4
BS D DR dr R U DL,2,14,53,8,5,15,4
BS D dr DR U DL R,2,14,53,8,5,18,4
BS D DR dr U DL R,2,14,53,8,5,14,4
BS D dr DR U R DL,2,14,53,8,5,17,4
BS D DR dr U R DL,2,14,53,8,5,13,4
BS D DR R DL dr U,2,14,53,8,5,10,3
BS D DR R dr DL U,2,14,53,8,5,12,3
BS D DR R dr U DL,2,14,53,8,5,11,3
BS D DR R U dr DL,2,14,53,8,5,9,2
BS D DR U DL dr R,2,14,53,8,5,14,3
BS D dr U DR DL R,2,14,53,8,5,14,3
BS D DR U dr DL R,2,14,53,8,5,12,3
BS D dr U DR R DL,2,14,53,8,5,13,3
BS D DR U dr R DL,2,14,53,8,5,13,3
BS D DR U R dr DL,2,14,53,8,5,13,3
BS D U DR DL dr R,2,14,53,8,5,16,4
BS D U dr DR DL R,2,14,53,8,5,16,4
BS D U DR dr DL R,2,14,53,8,5,18,4
BS D U dr DR R DL,2,14,53,8,5,15,4
BS D U DR dr R DL,2,14,53,8,5,19,4
BS D U DR R dr DL,2,14,53,8,5,15,4
BS dr D DR R DL U,2,14,53,8,5,14,3
BS dr D DR R U DL,2,14,53,8,5,13,3
BS dr D DR U DL R,2,14,53,8,5,16,3
BS dr D DR U R DL,2,14,53,8,5,15,3
BS dr D U DR DL R,2,14,53,8,5,18,4
BS dr D U DR R DL,2,14,53,8,5,17,4
BS dr U D DR DL R,2,14,53,8,5,14,4
BS dr U D DR R DL,2,14,53,8,5,13,4
BS U D DR DL dr R,2,14,53,8,5,14,4
BS U D dr DR DL R,2,14,53,8,5,18,4
BS U D DR dr DL R,2,14,53,8,5,16,4
BS U D dr DR R DL,2,14,53,8,5,17,4
BS U D DR dr R DL,2,14,53,8,5,17,4
BS U D DR R dr DL,2,14,53,8,5,13,4
BS U dr D DR DL R,2,14,53,8,5,12,3
BS U dr D DR R DL,2,14,53,8,5,11,3
D BS DR DL U dr R,2,14,53,8,5,12,3
D BS dr DR R DL U,2,14,53,8,5,16,4
D BS DR dr R DL U,2,14,53,8,5,16,4
D BS dr DR R U DL,2,14,53,8,5,15,4
D BS DR dr R U DL,2,14,53,8,5,15,4
D BS dr DR U DL R,2,14,53,8,5,18,4
D BS DR dr U DL R,2,14,53,8,5,14,4
D BS dr DR U R DL,2,14,53,8,5,17,4
D BS DR dr U R DL,2,14,53,8,5,13,4
D BS DR R DL dr U,2,14,53,8,5,10,3
D BS DR R dr DL U,2,14,53,8,5,12,3
D BS DR R dr U DL,2,14,53,8,5,11,3
D BS DR R U dr DL,2,14,53,8,5,9,2
D BS DR U DL dr R,2,14,53,8,5,14,3
D BS dr U DR DL R,2,14,53,8,5,14,3
D BS DR U dr DL R,2,14,53,8,5,12,3
D BS dr U DR R DL,2,14,53,8,5,13,3
D BS DR U dr R DL,2,14,53,8,5,13,3
D BS DR U R dr DL,2,14,53,8,5,13,3
D BS U DR DL dr R,2,14,53,8,5,14,3
D BS U dr DR DL R,2,14,53,8,5,14,4
D BS U DR dr DL R,2,14,53,8,5,16,4
D BS U dr DR R DL,2,14,53,8,5,13,4
D BS U DR dr R DL,2,14,53,8,5,17,4
D BS U DR R dr DL,2,14,53,8,5,13,3
D DR BS DL U dr R,2,14,53,8,5,12,3
D dr BS DR R DL U,2,14,53,8,5,14,3
D DR BS dr R DL U,2,14,53,8,5,14,3
D dr BS DR R U DL,2,14,53,8,5,13,3
D DR BS dr R U DL,2,14,53,8,5,13,3
D dr BS DR U DL R,2,14,53,8,5,16,3
D DR BS dr U DL R,2,14,53,8,5,12,3
D dr BS DR U R DL,2,14,53,8,5,15,3
D DR BS dr U R DL,2,14,53,8,5,11,3
D DR BS R DL dr U,2,14,53,8,5,10,3
D DR BS R dr DL U,2,14,53,8,5,12,3
D DR BS R dr U DL,2,14,53,8,5,11,3
D DR BS R U dr DL,2,14,53,8,5,9,2
D DR BS U DL dr R,2,14,53,8,5,12,3
D dr BS U DR DL R,2,14,53,8,5,16,3
D DR BS U dr DL R,2,14,53,8,5,10,3
D dr BS U DR R DL,2,14,53,8,5,15,3
D DR BS U dr R DL,2,14,53,8,5,11,3
D DR BS U R dr DL,2,14,53,8,5,11,3
D dr DR BS R DL U,2,14,53,8,5,16,4
D DR dr BS R DL U,2,14,53,8,5,16,4
D dr DR BS R U DL,2,14,53,8,5,15,4
D DR dr BS R U DL,2,14,53,8,5,15,4
D dr DR BS U DL R,2,14,53,8,5,16,4
D DR dr BS U DL R,2,14,53,8,5,16,4
D dr DR BS U R DL,2,14,53,8,5,15,4
D DR dr BS U R DL,2,14,53,8,5,15,4
D dr DR R BS DL U,2,14,53,8,5,16,4
D DR dr R BS DL U,2,14,53,8,5,16,4
D dr DR R BS U DL,2,14,53,8,5,15,4
D DR dr R BS U DL,2,14,53,8,5,15,4
D dr DR R DL BS U,2,14,53,8,5,16,4
D DR dr R DL BS U,2,14,53,8,5,16,4
D dr DR U BS DL R,2,14,53,8,5,18,4
D DR dr U BS DL R,2,14,53,8,5,14,4
D dr DR U BS R DL,2,14,53,8,5,17,4
D DR dr U BS R DL,2,14,53,8,5,13,4
D dr DR U DL BS R,2,14,53,8,5,18,4
D DR dr U DL BS R,2,14,53,8,5,14,4
D DR R BS DL dr U,2,14,53,8,5,10,3
D DR R BS dr DL U,2,14,53,8,5,12,3
D DR R BS dr U DL,2,14,53,8,5,11,3
D DR R BS U dr DL,2,14,53,8,5,9,2
D DR R DL BS dr U,2,14,53,8,5,12,3
D DR R DL dr BS U,2,14,53,8,5,12,3
D DR R dr BS DL U,2,14,53,8,5,14,3
D DR R dr BS U DL,2,14,53,8,5,13,3
D DR R dr DL BS U,2,14,53,8,5,12,3
D DR U BS DL dr R,2,14,53,8,5,14,3
D dr U BS DR DL R,2,14,53,8,5,12,3
D DR U BS dr DL R,2,14,53,8,5,14,3
D dr U BS DR R DL,2,14,53,8,5,11,3
D DR U BS dr R DL,2,14,53,8,5,15,3
D DR U BS R dr DL,2,14,53,8,5,13,3
D dr U DL DR BS R,2,14,53,8,5,12,3
D dr U DR BS DL R,2,14,53,8,5,14,3
D DR U dr BS DL R,2,14,53,8,5,14,3
D dr U DR BS R DL,2,14,53,8,5,13,3
D DR U dr BS R DL,2,14,53,8,5,13,3
D dr U DR DL BS R,2,14,53,8,5,14,3
D DR U dr DL BS R,2,14,53,8,5,12,3
D U BS DR DL dr R,2,14,53,8,5,14,4
D U BS dr DR DL R,2,14,53,8,5,18,4
D U BS DR dr DL R,2,14,53,8,5,16,4
D U BS dr DR R DL,2,14,53,8,5,17,4
D U BS DR dr R DL,2,14,53,8,5,17,4
D U BS DR R dr DL,2,14,53,8,5,13,4
D U DR BS DL dr R,2,14,53,8,5,16,4
D U dr BS DR DL R,2,14,53,8,5,14,4
D U DR BS dr DL R,2,14,53,8,5,16,4
D U dr BS DR R DL,2,14,53,8,5,13,4
D U DR BS dr R DL,2,14,53,8,5,17,4
D U DR BS R dr DL,2,14,53,8,5,15,4
D U dr DL DR BS R,2,14,53,8,5,12,4
D U dr DR BS DL R,2,14,53,8,5,16,4
D U DR dr BS DL R,2,14,53,8,5,20,4
D U dr DR BS R DL,2,14,53,8,5,15,4
D U DR dr BS R DL,2,14,53,8,5,19,4
D U dr DR DL BS R,2,14,53,8,5,16,4
D U DR dr DL BS R,2,14,53,8,5,18,4
dr BS D DR R DL U,2,14,53,8,5,13,3
dr BS D DR R U DL,2,14,53,8,5,12,3
dr BS D DR U DL R,2,14,53,8,5,15,3
dr BS D DR U R DL,2,14,53,8,5,14,3
dr BS D U DR DL R,2,14,53,8,5,17,4
dr BS D U DR R DL,2,14,53,8,5,16,4
dr BS U D DR DL R,2,14,53,8,5,15,4
dr BS U D DR R DL,2,14,53,8,5,14,4
dr D BS DR R DL U,2,14,53,8,5,13,3
dr D BS DR R U DL,2,14,53,8,5,12,3
dr D BS DR U DL R,2,14,53,8,5,15,3
dr D BS DR U R DL,2,14,53,8,5,14,3
dr D BS U DR DL R,2,14,53,8,5,15,3
dr D BS U DR R DL,2,14,53,8,5,14,3
dr D DR BS R DL U,2,14,53,8,5,13,3
dr D DR BS R U DL,2,14,53,8,5,12,3
dr D DR BS U DL R,2,14,53,8,5,13,3
dr D DR BS U R DL,2,14,53,8,5,12,3
dr D DR R BS DL U,2,14,53,8,5,13,3
dr D DR R BS U DL,2,14,53,8,5,12,3
dr D DR R DL BS U,2,14,53,8,5,13,3
dr D DR U BS DL R,2,14,53,8,5,15,3
dr D DR U BS R DL,2,14,53,8,5,14,3
dr D DR U DL BS R,2,14,53,8,5,15,3
dr D U BS DR DL R,2,14,53,8,5,15,4
dr D U BS DR R DL,2,14,53,8,5,14,4
dr D U DL DR BS R,2,14,53,8,5,15,4
dr D U DR BS DL R,2,14,53,8,5,17,4
dr D U DR BS R DL,2,14,53,8,5,16,4
dr D U DR DL BS R,2,14,53,8,5,17,4
dr U BS D DR DL R,2,14,53,8,5,11,3
dr U BS D DR R DL,2,14,53,8,5,10,3
dr U D BS DR DL R,2,14,53,8,5,13,4
dr U D BS DR R DL,2,14,53,8,5,12,4
dr U D DL DR BS R,2,14,53,8,5,11,4
dr U D DR BS DL R,2,14,53,8,5,13,4
dr U D DR BS R DL,2,14,53,8,5,12,4
dr U D DR DL BS R,2,14,53,8,5,13,4
dr U DL D DR BS R,2,14,53,8,5,9,3
U BS D DR DL dr R,2,14,53,8,5,12,3
U BS D dr DR DL R,2,14,53,8,5,16,4
U BS D DR dr DL R,2,14,53,8,5,14,4
U BS D dr DR R DL,2,14,53,8,5,15,4
U BS D DR dr R DL,2,14,53,8,5,15,4
U BS D DR R dr DL,2,14,53,8,5,11,3
U BS dr D DR DL R,2,14,53,8,5,14,3
U BS dr D DR R DL,2,14,53,8,5,13,3
U D BS DR DL dr R,2,14,53,8,5,14,4
U D BS dr DR DL R,2,14,53,8,5,18,4
U D BS DR dr DL R,2,14,53,8,5,16,4
U D BS dr DR R DL,2,14,53,8,5,17,4
U D BS DR dr R DL,2,14,53,8,5,17,4
U D BS DR R dr DL,2,14,53,8,5,13,4
U D DR BS DL dr R,2,14,53,8,5,14,4
U D dr BS DR DL R,2,14,53,8,5,16,4
U D DR BS dr DL R,2,14,53,8,5,14,4
U D dr BS DR R DL,2,14,53,8,5,15,4
U D DR BS dr R DL,2,14,53,8,5,15,4
U D DR BS R dr DL,2,14,53,8,5,13,4
U D dr DL DR BS R,2,14,53,8,5,14,4
U D dr DR BS DL R,2,14,53,8,5,18,4
U D DR dr BS DL R,2,14,53,8,5,18,4
U D dr DR BS R DL,2,14,53,8,5,17,4
U D DR dr BS R DL,2,14,53,8,5,17,4
U D dr DR DL BS R,2,14,53,8,5,18,4
U D DR dr DL BS R,2,14,53,8,5,16,4
U dr BS D DR DL R,2,14,53,8,5,12,3
U dr BS D DR R DL,2,14,53,8,5,11,3
U dr D BS DR DL R,2,14,53,8,5,12,3
U dr D BS DR R DL,2,14,53,8,5,11,3
U dr D DL DR BS R,2,14,53,8,5,10,3
U dr D DR BS DL R,2,14,53,8,5,12,3
U dr D DR BS R DL,2,14,53,8,5,11,3
U dr D DR DL BS R,2,14,53,8,5,12,3
U dr DL D DR BS R,2,14,53,8,5,8,2
BS dr R DR U DL D,2,14,55,7,5,14,3
BS R dr DR U DL D,2,14,55,7,5,16,4
BS R DR dr U DL D,2,14,55,7,5,12,4
BS R DR U dr DL D,2,14,55,7,5,10,3
dr BS R DR U DL D,2,14,55,7,5,13,3
dr R BS DR U DL D,2,14,55,7,5,13,3
dr R DR BS U DL D,2,14,55,7,5,11,3
R BS dr DR U DL D,2,14,55,7,5,16,4
R BS DR dr U DL D,2,14,55,7,5,12,4
R BS DR U dr DL D,2,14,55,7,5,10,3
R dr BS DR U DL D,2,14,55,7,5,14,3
R DR BS dr U DL D,2,14,55,7,5,10,3
R DR BS U dr DL D,2,14,55,7,5,8,2
R dr DR BS U DL D,2,14,55,7,5,14,4
R DR dr BS U DL D,2,14,55,7,5,14,4
BS DR D DL U dr R,2,14,55,8,5,10,3
BS DR D dr R DL U,2,14,55,8,5,14,3
BS DR D dr R U DL,2,14,55,8,5,13,3
BS DR D dr U DL R,2,14,55,8,5,12,3
BS DR D dr U R DL,2,14,55,8,5,11,3
BS DR D R DL dr U,2,14,55,8,5,10,3
BS DR D R dr DL U,2,14,55,8,5,12,3
BS DR D R dr U DL,2,14,55,8,5,11,3
BS DR D R U dr DL,2,14,55,8,5,9,2
BS DR D U DL dr R,2,14,55,8,5,14,4
BS DR D U dr DL R,2,14,55,8,5,12,4
BS DR D U dr R DL,2,14,55,8,5,13,4
BS DR D U R dr DL,2,14,55,8,5,13,4
BS dr DR D R DL U,2,14,55,8,5,16,4
BS DR dr D R DL U,2,14,55,8,5,16,4
BS dr DR D R U DL,2,14,55,8,5,15,4
BS DR dr D R U DL,2,14,55,8,5,15,4
BS dr DR D U DL R,2,14,55,8,5,18,4
BS DR dr D U DL R,2,14,55,8,5,18,4
BS dr DR D U R DL,2,14,55,8,5,17,4
BS DR dr D U R DL,2,14,55,8,5,17,4
BS dr DR R D DL U,2,14,55,8,5,14,4
BS DR dr R D DL U,2,14,55,8,5,14,4
BS dr DR R D U DL,2,14,55,8,5,17,4
BS DR dr R D U DL,2,14,55,8,5,17,4
BS dr DR R U D DL,2,14,55,8,5,15,4
BS DR dr R U D DL,2,14,55,8,5,15,4
BS dr DR U D DL R,2,14,55,8,5,18,4
BS DR dr U D DL R,2,14,55,8,5,14,4
BS dr DR U D R DL,2,14,55,8,5,19,4
BS DR dr U D R DL,2,14,55,8,5,15,4
BS dr DR U R D DL,2,14,55,8,5,15,4
BS DR dr U R D DL,2,14,55,8,5,11,4
BS DR R D DL dr U,2,14,55,8,5,8,2
BS DR R D dr DL U,2,14,55,8,5,12,3
BS DR R D dr U DL,2,14,55,8,5,11,3
BS DR R D U dr DL,2,14,55,8,5,11,4
BS DR R dr D DL U,2,14,55,8,5,12,3
BS DR R dr D U DL,2,14,55,8,5,15,4
BS DR R dr U D DL,2,14,55,8,5,11,4
BS DR R U D dr DL,2,14,55,8,5,13,4
BS DR R U dr D DL,2,14,55,8,5,9,3
BS DR U D DL dr R,2,14,55,8,5,14,4
BS DR U D dr DL R,2,14,55,8,5,16,4
BS DR U D dr R DL,2,14,55,8,5,17,4
BS DR U D R dr DL,2,14,55,8,5,15,4
BS dr U DR D DL R,2,14,55,8,5,12,3
BS DR U dr D DL R,2,14,55,8,5,12,3
BS dr U DR D R DL,2,14,55,8,5,13,3
BS DR U dr D R DL,2,14,55,8,5,13,3
BS dr U DR R D DL,2,14,55,8,5,11,3
BS DR U dr R D DL,2,14,55,8,5,11,3
BS DR U R D dr DL,2,14,55,8,5,13,3
BS DR U R dr D DL,2,14,55,8,5,13,3
BS U DR D DL dr R,2,14,55,8,5,12,3
BS U DR D dr DL R,2,14,55,8,5,14,3
BS U DR D dr R DL,2,14,55,8,5,15,3
BS U DR D R dr DL,2,14,55,8,5,13,3
BS U dr DR D DL R,2,14,55,8,5,12,4
BS U DR dr D DL R,2,14,55,8,5,16,4
BS U dr DR D R DL,2,14,55,8,5,13,4
BS U DR dr D R DL,2,14,55,8,5,17,4
BS U dr DR R D DL,2,14,55,8,5,11,4
BS U DR dr R D DL,2,14,55,8,5,15,4
BS U DR R D dr DL,2,14,55,8,5,13,3
BS U DR R dr D DL,2,14,55,8,5,13,3
DR BS D DL U dr R,2,14,55,8,5,11,3
DR BS D dr R DL U,2,14,55,8,5,15,3
DR BS D dr R U DL,2,14,55,8,5,14,3
DR BS D dr U DL R,2,14,55,8,5,13,3
DR BS D dr U R DL,2,14,55,8,5,12,3
DR BS D R DL dr U,2,14,55,8,5,11,3
DR BS D R dr DL U,2,14,55,8,5,13,3
DR BS D R dr U DL,2,14,55,8,5,12,3
DR BS D R U dr DL,2,14,55,8,5,10,2
DR BS D U DL dr R,2,14,55,8,5,15,4
DR BS D U dr DL R,2,14,55,8,5,13,4
DR BS D U dr R DL,2,14,55,8,5,14,4
DR BS D U R dr DL,2,14,55,8,5,14,4
dr BS DR D R DL U,2,14,55,8,5,13,3
DR BS dr D R DL U,2,14,55,8,5,15,3
dr BS DR D R U DL,2,14,55,8,5,12,3
DR BS dr D R U DL,2,14,55,8,5,14,3
dr BS DR D U DL R,2,14,55,8,5,15,4
DR BS dr D U DL R,2,14,55,8,5,17,4
dr BS DR D U R DL,2,14,55,8,5,14,4
DR BS dr D U R DL,2,14,55,8,5,16,4
dr BS DR R D DL U,2,14,55,8,5,11,3
DR BS dr R D DL U,2,14,55,8,5,13,3
dr BS DR R D U DL,2,14,55,8,5,14,4
DR BS dr R D U DL,2,14,55,8,5,16,4
dr BS DR R U D DL,2,14,55,8,5,12,4
DR BS dr R U D DL,2,14,55,8,5,14,4
dr BS DR U D DL R,2,14,55,8,5,15,4
DR BS dr U D DL R,2,14,55,8,5,13,4
dr BS DR U D R DL,2,14,55,8,5,16,4
DR BS dr U D R DL,2,14,55,8,5,14,4
dr BS DR U R D DL,2,14,55,8,5,12,3
DR BS dr U R D DL,2,14,55,8,5,10,3
DR BS R D DL dr U,2,14,55,8,5,9,2
DR BS R D dr DL U,2,14,55,8,5,13,3
DR BS R D dr U DL,2,14,55,8,5,12,3
DR BS R D U dr DL,2,14,55,8,5,12,4
DR BS R dr D DL U,2,14,55,8,5,13,3
DR BS R dr D U DL,2,14,55,8,5,16,4
DR BS R dr U D DL,2,14,55,8,5,12,4
DR BS R U D dr DL,2,14,55,8,5,14,4
DR BS R U dr D DL,2,14,55,8,5,10,3
DR BS U D DL dr R,2,14,55,8,5,13,4
DR BS U D dr DL R,2,14,55,8,5,15,4
DR BS U D dr R DL,2,14,55,8,5,16,4
DR BS U D R dr DL,2,14,55,8,5,14,4
dr BS U DR D DL R,2,14,55,8,5,13,3
DR BS U dr D DL R,2,14,55,8,5,11,3
dr BS U DR D R DL,2,14,55,8,5,14,3
DR BS U dr D R DL,2,14,55,8,5,12,3
dr BS U DR R D DL,2,14,55,8,5,12,3
DR BS U dr R D DL,2,14,55,8,5,10,3
DR BS U R D dr DL,2,14,55,8,5,12,3
DR BS U R dr D DL,2,14,55,8,5,12,3
DR D BS DL U dr R,2,14,55,8,5,13,3
DR D BS dr R DL U,2,14,55,8,5,15,3
DR D BS dr R U DL,2,14,55,8,5,14,3
DR D BS dr U DL R,2,14,55,8,5,13,3
DR D BS dr U R DL,2,14,55,8,5,12,3
DR D BS R DL dr U,2,14,55,8,5,11,3
DR D BS R dr DL U,2,14,55,8,5,13,3
DR D BS R dr U DL,2,14,55,8,5,12,3
DR D BS R U dr DL,2,14,55,8,5,10,2
DR D BS U DL dr R,2,14,55,8,5,13,3
DR D BS U dr DL R,2,14,55,8,5,11,3
DR D BS U dr R DL,2,14,55,8,5,12,3
DR D BS U R dr DL,2,14,55,8,5,12,3
DR D dr BS R DL U,2,14,55,8,5,15,3
DR D dr BS R U DL,2,14,55,8,5,14,3
DR D dr BS U DL R,2,14,55,8,5,15,3
DR D dr BS U R DL,2,14,55,8,5,14,3
DR D dr R BS DL U,2,14,55,8,5,15,3
DR D dr R BS U DL,2,14,55,8,5,14,3
DR D dr R DL BS U,2,14,55,8,5,15,3
DR D dr U BS DL R,2,14,55,8,5,13,3
DR D dr U BS R DL,2,14,55,8,5,12,3
DR D dr U DL BS R,2,14,55,8,5,13,3
DR D R BS DL dr U,2,14,55,8,5,11,3
DR D R BS dr DL U,2,14,55,8,5,13,3
DR D R BS dr U DL,2,14,55,8,5,12,3
DR D R BS U dr DL,2,14,55,8,5,10,2
DR D R DL BS dr U,2,14,55,8,5,13,3
DR D R DL dr BS U,2,14,55,8,5,13,3
DR D R dr BS DL U,2,14,55,8,5,15,3
DR D R dr BS U DL,2,14,55,8,5,14,3
DR D R dr DL BS U,2,14,55,8,5,13,3
DR D U BS DL dr R,2,14,55,8,5,15,4
DR D U BS dr DL R,2,14,55,8,5,15,4
DR D U BS dr R DL,2,14,55,8,5,16,4
DR D U BS R dr DL,2,14,55,8,5,14,4
DR D U dr BS DL R,2,14,55,8,5,15,4
DR D U dr BS R DL,2,14,55,8,5,14,4
DR D U dr DL BS R,2,14,55,8,5,13,4
dr DR BS D R DL U,2,14,55,8,5,15,4
DR dr BS D R DL U,2,14,55,8,5,17,4
dr DR BS D R U DL,2,14,55,8,5,14,4
DR dr BS D R U DL,2,14,55,8,5,16,4
dr DR BS D U DL R,2,14,55,8,5,17,4
DR dr BS D U DL R,2,14,55,8,5,19,4
dr DR BS D U R DL,2,14,55,8,5,16,4
DR dr BS D U R DL,2,14,55,8,5,18,4
dr DR BS R D DL U,2,14,55,8,5,13,4
DR dr BS R D DL U,2,14,55,8,5,15,4
dr DR BS R D U DL,2,14,55,8,5,16,4
DR dr BS R D U DL,2,14,55,8,5,18,4
dr DR BS R U D DL,2,14,55,8,5,14,4
DR dr BS R U D DL,2,14,55,8,5,16,4
dr DR BS U D DL R,2,14,55,8,5,15,4
DR dr BS U D DL R,2,14,55,8,5,17,4
dr DR BS U D R DL,2,14,55,8,5,16,4
DR dr BS U D R DL,2,14,55,8,5,18,4
dr DR BS U R D DL,2,14,55,8,5,12,4
DR dr BS U R D DL,2,14,55,8,5,14,4
dr DR D BS R DL U,2,14,55,8,5,15,4
DR dr D BS R DL U,2,14,55,8,5,17,4
dr DR D BS R U DL,2,14,55,8,5,14,4
DR dr D BS R U DL,2,14,55,8,5,16,4
dr DR D BS U DL R,2,14,55,8,5,15,4
DR dr D BS U DL R,2,14,55,8,5,17,4
dr DR D BS U R DL,2,14,55,8,5,14,4
DR dr D BS U R DL,2,14,55,8,5,16,4
dr DR D R BS DL U,2,14,55,8,5,15,4
DR dr D R BS DL U,2,14,55,8,5,17,4
dr DR D R BS U DL,2,14,55,8,5,14,4
DR dr D R BS U DL,2,14,55,8,5,16,4
dr DR D R DL BS U,2,14,55,8,5,15,4
DR dr D R DL BS U,2,14,55,8,5,17,4
dr DR D U BS DL R,2,14,55,8,5,17,4
DR dr D U BS DL R,2,14,55,8,5,19,4
dr DR D U BS R DL,2,14,55,8,5,16,4
DR dr D U BS R DL,2,14,55,8,5,18,4
dr DR D U DL BS R,2,14,55,8,5,17,4
DR dr D U DL BS R,2,14,55,8,5,19,4
dr DR R BS D DL U,2,14,55,8,5,13,4
DR dr R BS D DL U,2,14,55,8,5,15,4
dr DR R BS D U DL,2,14,55,8,5,16,4
DR dr R BS D U DL,2,14,55,8,5,18,4
dr DR R BS U D DL,2,14,55,8,5,14,4
DR dr R BS U D DL,2,14,55,8,5,16,4
dr DR R D BS DL U,2,14,55,8,5,15,4
DR dr R D BS DL U,2,14,55,8,5,17,4
dr DR R D BS U DL,2,14,55,8,5,14,4
DR dr R D BS U DL,2,14,55,8,5,16,4
dr DR R D DL BS U,2,14,55,8,5,13,4
DR dr R D DL BS U,2,14,55,8,5,15,4
dr DR R U BS DL D,2,14,55,8,5,13,4
DR dr R U BS DL D,2,14,55,8,5,15,4
dr DR R U DL BS D,2,14,55,8,5,15,4
DR dr R U DL BS D,2,14,55,8,5,17,4
dr DR U BS D DL R,2,14,55,8,5,15,4
DR dr U BS D DL R,2,14,55,8,5,13,4
dr DR U BS D R DL,2,14,55,8,5,16,4
DR dr U BS D R DL,2,14,55,8,5,14,4
dr DR U BS R D DL,2,14,55,8,5,14,4
DR dr U BS R D DL,2,14,55,8,5,12,4
dr DR U D BS DL R,2,14,55,8,5,19,4
DR dr U D BS DL R,2,14,55,8,5,17,4
dr DR U D BS R DL,2,14,55,8,5,18,4
DR dr U D BS R DL,2,14,55,8,5,16,4
dr DR U D DL BS R,2,14,55,8,5,17,4
DR dr U D DL BS R,2,14,55,8,5,15,4
dr DR U DL D BS R,2,14,55,8,5,15,4
DR dr U DL D BS R,2,14,55,8,5,13,4
dr DR U DL R BS D,2,14,55,8,5,17,4
DR dr U DL R BS D,2,14,55,8,5,15,4
dr DR U R BS DL D,2,14,55,8,5,15,4
DR dr U R BS DL D,2,14,55,8,5,13,4
dr DR U R DL BS D,2,14,55,8,5,17,4
DR dr U R DL BS D,2,14,55,8,5,15,4
DR R BS D DL dr U,2,14,55,8,5,9,2
DR R BS D dr DL U,2,14,55,8,5,13,3
DR R BS D dr U DL,2,14,55,8,5,12,3
DR R BS D U dr DL,2,14,55,8,5,12,4
DR R BS dr D DL U,2,14,55,8,5,13,3
DR R BS dr D U DL,2,14,55,8,5,16,4
DR R BS dr U D DL,2,14,55,8,5,12,4
DR R BS U D dr DL,2,14,55,8,5,14,4
DR R BS U dr D DL,2,14,55,8,5,10,3
DR R D BS DL dr U,2,14,55,8,5,11,3
DR R D BS dr DL U,2,14,55,8,5,13,3
DR R D BS dr U DL,2,14,55,8,5,12,3
DR R D BS U dr DL,2,14,55,8,5,10,2
DR R D DL BS dr U,2,14,55,8,5,11,3
DR R D DL dr BS U,2,14,55,8,5,11,3
DR R D dr BS DL U,2,14,55,8,5,15,3
DR R D dr BS U DL,2,14,55,8,5,14,3
DR R D dr DL BS U,2,14,55,8,5,13,3
DR R dr BS D DL U,2,14,55,8,5,13,3
DR R dr BS D U DL,2,14,55,8,5,16,4
DR R dr BS U D DL,2,14,55,8,5,14,4
DR R dr D BS DL U,2,14,55,8,5,15,3
DR R dr D BS U DL,2,14,55,8,5,14,3
DR R dr D DL BS U,2,14,55,8,5,13,3
DR R dr U BS DL D,2,14,55,8,5,11,3
DR R dr U DL BS D,2,14,55,8,5,13,3
DR R U BS dr DL D,2,14,55,8,5,11,3
DR R U dr BS DL D,2,14,55,8,5,11,3
DR R U dr DL BS D,2,14,55,8,5,11,3
DR U BS D DL dr R,2,14,55,8,5,13,3
DR U BS D dr DL R,2,14,55,8,5,15,3
DR U BS D dr R DL,2,14,55,8,5,16,3
DR U BS D R dr DL,2,14,55,8,5,14,3
dr U BS DR D DL R,2,14,55,8,5,9,3
DR U BS dr D DL R,2,14,55,8,5,15,3
dr U BS DR D R DL,2,14,55,8,5,10,3
DR U BS dr D R DL,2,14,55,8,5,16,3
dr U BS DR R D DL,2,14,55,8,5,8,2
DR U BS dr R D DL,2,14,55,8,5,14,3
DR U BS R D dr DL,2,14,55,8,5,14,3
DR U BS R dr D DL,2,14,55,8,5,14,3
DR U D BS DL dr R,2,14,55,8,5,17,4
DR U D BS dr DL R,2,14,55,8,5,17,4
DR U D BS dr R DL,2,14,55,8,5,18,4
DR U D BS R dr DL,2,14,55,8,5,16,4
DR U D dr BS DL R,2,14,55,8,5,19,4
DR U D dr BS R DL,2,14,55,8,5,18,4
DR U D dr DL BS R,2,14,55,8,5,17,4
dr U DL DR D BS R,2,14,55,8,5,11,3
dr U DL DR R BS D,2,14,55,8,5,11,3
dr U DR BS D DL R,2,14,55,8,5,11,3
DR U dr BS D DL R,2,14,55,8,5,13,3
dr U DR BS D R DL,2,14,55,8,5,12,3
DR U dr BS D R DL,2,14,55,8,5,14,3
dr U DR BS R D DL,2,14,55,8,5,10,3
DR U dr BS R D DL,2,14,55,8,5,12,3
dr U DR D BS DL R,2,14,55,8,5,13,3
DR U dr D BS DL R,2,14,55,8,5,15,3
dr U DR D BS R DL,2,14,55,8,5,12,3
DR U dr D BS R DL,2,14,55,8,5,14,3
dr U DR D DL BS R,2,14,55,8,5,11,3
DR U dr D DL BS R,2,14,55,8,5,13,3
dr U DR DL D BS R,2,14,55,8,5,11,3
DR U dr DL D BS R,2,14,55,8,5,11,3
dr U DR DL R BS D,2,14,55,8,5,13,3
DR U dr DL R BS D,2,14,55,8,5,13,3
dr U DR R BS DL D,2,14,55,8,5,11,3
DR U dr R BS DL D,2,14,55,8,5,13,3
dr U DR R DL BS D,2,14,55,8,5,13,3
DR U dr R DL BS D,2,14,55,8,5,15,3
DR U R BS dr DL D,2,14,55,8,5,13,3
DR U R dr BS DL D,2,14,55,8,5,15,3
DR U R dr DL BS D,2,14,55,8,5,15,3
U BS DR D DL dr R,2,14,55,8,5,10,3
U BS DR D dr DL R,2,14,55,8,5,12,3
U BS DR D dr R DL,2,14,55,8,5,13,3
U BS DR D R dr DL,2,14,55,8,5,11,3
U BS dr DR D DL R,2,14,55,8,5,14,4
U BS DR dr D DL R,2,14,55,8,5,14,4
U BS dr DR D R DL,2,14,55,8,5,15,4
U BS DR dr D R DL,2,14,55,8,5,15,4
U BS dr DR R D DL,2,14,55,8,5,13,4
U BS DR dr R D DL,2,14,55,8,5,13,4
U BS DR R D dr DL,2,14,55,8,5,11,3
U BS DR R dr D DL,2,14,55,8,5,11,3
U DR BS D DL dr R,2,14,55,8,5,12,3
U DR BS D dr DL R,2,14,55,8,5,14,3
U DR BS D dr R DL,2,14,55,8,5,15,3
U DR BS D R dr DL,2,14,55,8,5,13,3
U dr BS DR D DL R,2,14,55,8,5,10,3
U DR BS dr D DL R,2,14,55,8,5,14,3
U dr BS DR D R DL,2,14,55,8,5,11,3
U DR BS dr D R DL,2,14,55,8,5,15,3
U dr BS DR R D DL,2,14,55,8,5,9,3
U DR BS dr R D DL,2,14,55,8,5,13,3
U DR BS R D dr DL,2,14,55,8,5,13,3
U DR BS R dr D DL,2,14,55,8,5,13,3
U DR D BS DL dr R,2,14,55,8,5,14,3
U DR D BS dr DL R,2,14,55,8,5,14,3
U DR D BS dr R DL,2,14,55,8,5,15,3
U DR D BS R dr DL,2,14,55,8,5,13,3
U DR D dr BS DL R,2,14,55,8,5,16,3
U DR D dr BS R DL,2,14,55,8,5,15,3
U DR D dr DL BS R,2,14,55,8,5,14,3
U dr DL DR D BS R,2,14,55,8,5,10,2
U dr DL DR R BS D,2,14,55,8,5,10,2
U dr DR BS D DL R,2,14,55,8,5,12,4
U DR dr BS D DL R,2,14,55,8,5,16,4
U dr DR BS D R DL,2,14,55,8,5,13,4
U DR dr BS D R DL,2,14,55,8,5,17,4
U dr DR BS R D DL,2,14,55,8,5,11,4
U DR dr BS R D DL,2,14,55,8,5,15,4
U dr DR D BS DL R,2,14,55,8,5,14,4
U DR dr D BS DL R,2,14,55,8,5,18,4
U dr DR D BS R DL,2,14,55,8,5,13,4
U DR dr D BS R DL,2,14,55,8,5,17,4
U dr DR D DL BS R,2,14,55,8,5,12,4
U DR dr D DL BS R,2,14,55,8,5,16,4
U dr DR DL D BS R,2,14,55,8,5,12,4
U DR dr DL D BS R,2,14,55,8,5,14,4
U dr DR DL R BS D,2,14,55,8,5,14,4
U DR dr DL R BS D,2,14,55,8,5,16,4
U dr DR R BS DL D,2,14,55,8,5,12,4
U DR dr R BS DL D,2,14,55,8,5,16,4
U dr DR R DL BS D,2,14,55,8,5,14,4
U DR dr R DL BS D,2,14,55,8,5,18,4
U DR R BS dr DL D,2,14,55,8,5,12,3
U DR R dr BS DL D,2,14,55,8,5,14,3
U DR R dr DL BS D,2,14,55,8,5,14,3
BS DL R D U dr DR,2,13,55,9,5,17,4
BS DL R U D dr DR,2,13,55,9,5,19,4
BS DL R U dr D DR,2,13,55,9,5,13,3
BS DL U dr R D DR,2,13,55,9,5,13,3
BS DL U R D dr DR,2,13,55,9,5,17,4
BS DL U R dr D DR,2,13,55,9,5,15,3
BS R DL D U dr DR,2,13,55,9,5,15,4
BS R DL U D dr DR,2,13,55,9,5,19,4
BS R DL U dr D DR,2,13,55,9,5,13,3
BS R U DL D dr DR,2,13,55,9,5,15,4
BS R U DL dr D DR,2,13,55,9,5,13,3
BS U DL dr R D DR,2,13,55,9,5,13,3
BS U DL R D dr DR,2,13,55,9,5,17,4
BS U DL R dr D DR,2,13,55,9,5,15,3
BS U R DL D dr DR,2,13,55,9,5,15,4
BS U R DL dr D DR,2,13,55,9,5,13,3
DL BS R D U dr DR,2,13,55,9,5,16,4
DL BS R U D dr DR,2,13,55,9,5,18,4
DL BS R U dr D DR,2,13,55,9,5,12,3
DL BS U dr R D DR,2,13,55,9,5,12,3
DL BS U R D dr DR,2,13,55,9,5,16,4
DL BS U R dr D DR,2,13,55,9,5,14,3
DL R BS D U dr DR,2,13,55,9,5,16,4
DL R BS U D dr DR,2,13,55,9,5,18,4
DL R BS U dr D DR,2,13,55,9,5,12,3
DL R D BS U dr DR,2,13,55,9,5,14,4
DL R D U BS dr DR,2,13,55,9,5,18,4
DL R D U dr BS DR,2,13,55,9,5,14,4
DL R U BS D dr DR,2,13,55,9,5,16,4
DL R U BS dr D DR,2,13,55,9,5,14,3
DL R U D BS dr DR,2,13,55,9,5,18,4
DL R U D dr BS DR,2,13,55,9,5,16,4
DL R U dr BS D DR,2,13,55,9,5,12,3
DL R U dr D BS DR,2,13,55,9,5,12,3
DL U BS dr R D DR,2,13,55,9,5,14,3
DL U BS R D dr DR,2,13,55,9,5,16,4
DL U BS R dr D DR,2,13,55,9,5,14,3
DL U dr BS R D DR,2,13,55,9,5,12,3
DL U dr R BS D DR,2,13,55,9,5,12,3
DL U dr R D BS DR,2,13,55,9,5,12,3
DL U R BS D dr DR,2,13,55,9,5,16,4
DL U R BS dr D DR,2,13,55,9,5,14,3
DL U R D BS dr DR,2,13,55,9,5,16,4
DL U R D dr BS DR,2,13,55,9,5,14,3
DL U R dr BS D DR,2,13,55,9,5,14,3
DL U R dr D BS DR,2,13,55,9,5,14,3
R BS DL D U dr DR,2,13,55,9,5,15,4
R BS DL U D dr DR,2,13,55,9,5,19,4
R BS DL U dr D DR,2,13,55,9,5,13,3
R BS U DL D dr DR,2,13,55,9,5,15,4
R BS U DL dr D DR,2,13,55,9,5,13,3
R DL BS D U dr DR,2,13,55,9,5,17,4
R DL BS U D dr DR,2,13,55,9,5,19,4
R DL BS U dr D DR,2,13,55,9,5,13,3
R DL D BS U dr DR,2,13,55,9,5,13,4
R DL D U BS dr DR,2,13,55,9,5,17,4
R DL D U dr BS DR,2,13,55,9,5,13,4
R DL U BS D dr DR,2,13,55,9,5,17,4
R DL U BS dr D DR,2,13,55,9,5,15,3
R DL U D BS dr DR,2,13,55,9,5,19,4
R DL U D dr BS DR,2,13,55,9,5,17,4
R DL U dr BS D DR,2,13,55,9,5,13,3
R DL U dr D BS DR,2,13,55,9,5,13,3
R U BS DL D dr DR,2,13,55,9,5,15,4
R U BS DL dr D DR,2,13,55,9,5,13,3
R U DL BS D dr DR,2,13,55,9,5,17,4
R U DL BS dr D DR,2,13,55,9,5,15,3
R U DL D BS dr DR,2,13,55,9,5,15,4
R U DL D dr BS DR,2,13,55,9,5,13,3
R U DL dr BS D DR,2,13,55,9,5,13,3
R U DL dr D BS DR,2,13,55,9,5,13,3
U BS DL dr R D DR,2,13,55,9,5,13,3
U BS DL R D dr DR,2,13,55,9,5,17,4
U BS DL R dr D DR,2,13,55,9,5,15,3
U BS R DL D dr DR,2,13,55,9,5,15,4
U BS R DL dr D DR,2,13,55,9,5,13,3
U DL BS dr R D DR,2,13,55,9,5,15,3
U DL BS R D dr DR,2,13,55,9,5,17,4
U DL BS R dr D DR,2,13,55,9,5,15,3
U DL dr BS R D DR,2,13,55,9,5,13,3
U DL dr R BS D DR,2,13,55,9,5,13,3
U DL dr R D BS DR,2,13,55,9,5,13,3
U DL R BS D dr DR,2,13,55,9,5,17,4
U DL R BS dr D DR,2,13,55,9,5,15,3
U DL R D BS dr DR,2,13,55,9,5,17,4
U DL R D dr BS DR,2,13,55,9,5,15,3
U DL R dr BS D DR,2,13,55,9,5,15,3
U DL R dr D BS DR,2,13,55,9,5,15,3
U R BS DL D dr DR,2,13,55,9,5,15,4
U R BS DL dr D DR,2,13,55,9,5,13,3
U R DL BS D dr DR,2,13,55,9,5,17,4
U R DL BS dr D DR,2,13,55,9,5,15,3
U R DL D BS dr DR,2,13,55,9,5,15,4
U R DL D dr BS DR,2,13,55,9,5,13,3
U R DL dr BS D DR,2,13,55,9,5,13,3
U R DL dr D BS DR,2,13,55,9,5,13,3
D dr DR R U BS DL,2,14,55,9,5,15,4
D DR dr R U BS DL,2,14,55,9,5,15,4
D dr DR U R BS DL,2,14,55,9,5,17,4
D DR dr U R BS DL,2,14,55,9,5,13,4
D DR R dr U BS DL,2,14,55,9,5,11,3
D DR R U BS dr DL,2,14,55,9,5,11,3
D DR R U dr BS DL,2,14,55,9,5,11,3
D dr U DR R BS DL,2,14,55,9,5,13,3
D DR U dr R BS DL,2,14,55,9,5,13,3
D DR U R BS dr DL,2,14,55,9,5,13,3
D DR U R dr BS DL,2,14,55,9,5,15,3
D U dr DR R BS DL,2,14,55,9,5,15,4
D U DR dr R BS DL,2,14,55,9,5,19,4
D U DR R BS dr DL,2,14,55,9,5,15,4
D U DR R dr BS DL,2,14,55,9,5,17,4
dr D DR R U BS DL,2,14,55,9,5,12,3
dr D DR U R BS DL,2,14,55,9,5,14,3
dr D U DR R BS DL,2,14,55,9,5,16,4
dr U D DR R BS DL,2,14,55,9,5,12,4
U D dr DR R BS DL,2,14,55,9,5,17,4
U D DR dr R BS DL,2,14,55,9,5,17,4
U D DR R BS dr DL,2,14,55,9,5,13,4
U D DR R dr BS DL,2,14,55,9,5,15,4
U dr D DR R BS DL,2,14,55,9,5,11,3
BS dr R DR D DL U,2,14,57,8,5,12,3
BS dr R DR D U DL,2,14,57,8,5,15,4
BS dr R DR U D DL,2,14,57,8,5,15,4
BS R DR D DL dr U,2,14,57,8,5,8,2
BS R DR D dr DL U,2,14,57,8,5,12,3
BS R DR D dr U DL,2,14,57,8,5,11,3
BS R DR D U dr DL,2,14,57,8,5,11,4
BS R dr DR D DL U,2,14,57,8,5,14,4
BS R DR dr D DL U,2,14,57,8,5,14,4
BS R dr DR D U DL,2,14,57,8,5,17,4
BS R DR dr D U DL,2,14,57,8,5,17,4
BS R dr DR U D DL,2,14,57,8,5,17,4
BS R DR dr U D DL,2,14,57,8,5,13,4
BS R DR U D dr DL,2,14,57,8,5,15,4
BS R DR U dr D DL,2,14,57,8,5,11,3
dr BS R DR D DL U,2,14,57,8,5,11,3
dr BS R DR D U DL,2,14,57,8,5,14,4
dr BS R DR U D DL,2,14,57,8,5,14,4
dr R BS DR D DL U,2,14,57,8,5,11,3
dr R BS DR D U DL,2,14,57,8,5,14,4
dr R BS DR U D DL,2,14,57,8,5,14,4
dr R DR BS D DL U,2,14,57,8,5,11,3
dr R DR BS D U DL,2,14,57,8,5,14,4
dr R DR BS U D DL,2,14,57,8,5,12,4
dr R DR D BS DL U,2,14,57,8,5,13,3
dr R DR D BS U DL,2,14,57,8,5,12,3
dr R DR D DL BS U,2,14,57,8,5,11,3
dr R DR U BS DL D,2,14,57,8,5,13,3
dr R DR U DL BS D,2,14,57,8,5,15,3
dr R U DL DR BS D,2,14,57,8,5,13,3
dr R U DR BS DL D,2,14,57,8,5,13,3
dr R U DR DL BS D,2,14,57,8,5,15,3
dr U DL R DR BS D,2,14,57,8,5,11,3
dr U R DL DR BS D,2,14,57,8,5,11,3
dr U R DR BS DL D,2,14,57,8,5,9,3
dr U R DR DL BS D,2,14,57,8,5,11,3
R BS DR D DL dr U,2,14,57,8,5,8,2
R BS DR D dr DL U,2,14,57,8,5,12,3
R BS DR D dr U DL,2,14,57,8,5,11,3
R BS DR D U dr DL,2,14,57,8,5,11,4
R BS dr DR D DL U,2,14,57,8,5,14,4
R BS DR dr D DL U,2,14,57,8,5,14,4
R BS dr DR D U DL,2,14,57,8,5,17,4
R BS DR dr D U DL,2,14,57,8,5,17,4
R BS dr DR U D DL,2,14,57,8,5,17,4
R BS DR dr U D DL,2,14,57,8,5,13,4
R BS DR U D dr DL,2,14,57,8,5,15,4
R BS DR U dr D DL,2,14,57,8,5,11,3
R DR BS D DL dr U,2,14,57,8,5,8,2
R DR BS D dr DL U,2,14,57,8,5,12,3
R DR BS D dr U DL,2,14,57,8,5,11,3
R DR BS D U dr DL,2,14,57,8,5,11,4
R dr BS DR D DL U,2,14,57,8,5,12,3
R DR BS dr D DL U,2,14,57,8,5,12,3
R dr BS DR D U DL,2,14,57,8,5,15,4
R DR BS dr D U DL,2,14,57,8,5,15,4
R dr BS DR U D DL,2,14,57,8,5,15,4
R DR BS dr U D DL,2,14,57,8,5,11,4
R DR BS U D dr DL,2,14,57,8,5,13,4
R DR BS U dr D DL,2,14,57,8,5,9,3
R DR D BS DL dr U,2,14,57,8,5,10,3
R DR D BS dr DL U,2,14,57,8,5,12,3
R DR D BS dr U DL,2,14,57,8,5,11,3
R DR D BS U dr DL,2,14,57,8,5,9,2
R DR D DL BS dr U,2,14,57,8,5,10,3
R DR D DL dr BS U,2,14,57,8,5,10,3
R DR D dr BS DL U,2,14,57,8,5,14,3
R DR D dr BS U DL,2,14,57,8,5,13,3
R DR D dr DL BS U,2,14,57,8,5,12,3
R dr DR BS D DL U,2,14,57,8,5,14,4
R DR dr BS D DL U,2,14,57,8,5,14,4
R dr DR BS D U DL,2,14,57,8,5,17,4
R DR dr BS D U DL,2,14,57,8,5,17,4
R dr DR BS U D DL,2,14,57,8,5,15,4
R DR dr BS U D DL,2,14,57,8,5,15,4
R dr DR D BS DL U,2,14,57,8,5,16,4
R DR dr D BS DL U,2,14,57,8,5,16,4
R dr DR D BS U DL,2,14,57,8,5,15,4
R DR dr D BS U DL,2,14,57,8,5,15,4
R dr DR D DL BS U,2,14,57,8,5,14,4
R DR dr D DL BS U,2,14,57,8,5,14,4
R dr DR U BS DL D,2,14,57,8,5,16,4
R DR dr U BS DL D,2,14,57,8,5,12,4
R dr DR U DL BS D,2,14,57,8,5,18,4
R DR dr U DL BS D,2,14,57,8,5,14,4
R DR U BS dr DL D,2,14,57,8,5,12,3
R dr U DL DR BS D,2,14,57,8,5,12,3
R dr U DR BS DL D,2,14,57,8,5,12,3
R DR U dr BS DL D,2,14,57,8,5,12,3
R dr U DR DL BS D,2,14,57,8,5,14,3
R DR U dr DL BS D,2,14,57,8,5,12,3
R U DR BS dr DL D,2,14,57,8,5,12,3
R U dr DL DR BS D,2,14,57,8,5,10,2
R U dr DR BS DL D,2,14,57,8,5,12,4
R U DR dr BS DL D,2,14,57,8,5,16,4
R U dr DR DL BS D,2,14,57,8,5,14,4
R U DR dr DL BS D,2,14,57,8,5,16,4
U dr DL R DR BS D,2,14,57,8,5,10,3
U dr R DL DR BS D,2,14,57,8,5,12,3
U dr R DR BS DL D,2,14,57,8,5,10,3
U dr R DR DL BS D,2,14,57,8,5,12,3
U R DR BS dr DL D,2,14,57,8,5,10,3
U R dr DL DR BS D,2,14,57,8,5,12,3
U R dr DR BS DL D,2,14,57,8,5,14,4
U R DR dr BS DL D,2,14,57,8,5,14,4
U R dr DR DL BS D,2,14,57,8,5,16,4
U R DR dr DL BS D,2,14,57,8,5,14,4
DR D dr R U BS DL,2,14,57,9,5,14,3
DR D dr U R BS DL,2,14,57,9,5,12,3
DR D R dr U BS DL,2,14,57,9,5,12,3
DR D R U BS dr DL,2,14,57,9,5,12,3
DR D R U dr BS DL,2,14,57,9,5,12,3
DR D U dr R BS DL,2,14,57,9,5,14,4
DR D U R BS dr DL,2,14,57,9,5,14,4
DR D U R dr BS DL,2,14,57,9,5,16,4
dr DR D R U BS DL,2,14,57,9,5,14,4
DR dr D R U BS DL,2,14,57,9,5,16,4
dr DR D U R BS DL,2,14,57,9,5,16,4
DR dr D U R BS DL,2,14,57,9,5,18,4
dr DR R D U BS DL,2,14,57,9,5,16,4
DR dr R D U BS DL,2,14,57,9,5,18,4
dr DR R U BS D DL,2,14,57,9,5,12,4
DR dr R U BS D DL,2,14,57,9,5,14,4
dr DR R U D BS DL,2,14,57,9,5,16,4
DR dr R U D BS DL,2,14,57,9,5,18,4
dr DR U D R BS DL,2,14,57,9,5,18,4
DR dr U D R BS DL,2,14,57,9,5,16,4
dr DR U R BS D DL,2,14,57,9,5,14,4
DR dr U R BS D DL,2,14,57,9,5,12,4
dr DR U R D BS DL,2,14,57,9,5,16,4
DR dr U R D BS DL,2,14,57,9,5,14,4
DR R D dr U BS DL,2,14,57,9,5,12,3
DR R D U BS dr DL,2,14,57,9,5,14,4
DR R D U dr BS DL,2,14,57,9,5,14,4
DR R dr D U BS DL,2,14,57,9,5,16,4
DR R dr U BS D DL,2,14,57,9,5,10,3
DR R dr U D BS DL,2,14,57,9,5,14,4
DR R U BS D dr DL,2,14,57,9,5,12,3
DR R U BS dr D DL,2,14,57,9,5,12,3
DR R U D BS dr DL,2,14,57,9,5,14,4
DR R U D dr BS DL,2,14,57,9,5,16,4
DR R U dr BS D DL,2,14,57,9,5,10,3
DR R U dr D BS DL,2,14,57,9,5,12,3
DR U D dr R BS DL,2,14,57,9,5,18,4
DR U D R BS dr DL,2,14,57,9,5,16,4
DR U D R dr BS DL,2,14,57,9,5,18,4
dr U DR D R BS DL,2,14,57,9,5,12,3
DR U dr D R BS DL,2,14,57,9,5,14,3
dr U DR R BS D DL,2,14,57,9,5,10,3
DR U dr R BS D DL,2,14,57,9,5,12,3
dr U DR R D BS DL,2,14,57,9,5,12,3
DR U dr R D BS DL,2,14,57,9,5,14,3
DR U R BS D dr DL,2,14,57,9,5,14,3
DR U R BS dr D DL,2,14,57,9,5,14,3
DR U R D BS dr DL,2,14,57,9,5,14,3
DR U R D dr BS DL,2,14,57,9,5,16,3
DR U R dr BS D DL,2,14,57,9,5,14,3
DR U R dr D BS DL,2,14,57,9,5,16,3
U DR D dr R BS DL,2,14,57,9,5,15,3
U DR D R BS dr DL,2,14,57,9,5,13,3
U DR D R dr BS DL,2,14,57,9,5,15,3
U dr DR D R BS DL,2,14,57,9,5,13,4
U DR dr D R BS DL,2,14,57,9,5,17,4
U dr DR R BS D DL,2,14,57,9,5,11,4
U DR dr R BS D DL,2,14,57,9,5,15,4
U dr DR R D BS DL,2,14,57,9,5,13,4
U DR dr R D BS DL,2,14,57,9,5,17,4
U DR R BS D dr DL,2,14,57,9,5,13,3
U DR R BS dr D DL,2,14,57,9,5,13,3
U DR R D BS dr DL,2,14,57,9,5,13,3
U DR R D dr BS DL,2,14,57,9,5,15,3
U DR R dr BS D DL,2,14,57,9,5,13,3
U DR R dr D BS DL,2,14,57,9,5,15,3
BS D dr R DL DR U,2,13,59,9,5,16,3
BS D dr R DL U DR,2,13,59,9,5,17,3
BS D R DL dr DR U,2,13,59,9,5,16,4
BS D R DL DR dr U,2,13,59,9,5,14,4
BS D R DL dr U DR,2,13,59,9,5,13,3
BS D R dr DL DR U,2,13,59,9,5,14,3
BS D R dr DL U DR,2,13,59,9,5,15,3
BS dr D R DL DR U,2,13,59,9,5,16,3
BS dr D R DL U DR,2,13,59,9,5,17,3
BS dr R D DL DR U,2,13,59,9,5,14,3
BS dr R D DL U DR,2,13,59,9,5,15,3
BS R D DL dr DR U,2,13,59,9,5,14,4
BS R D DL DR dr U,2,13,59,9,5,12,4
BS R D DL dr U DR,2,13,59,9,5,11,3
BS R D dr DL DR U,2,13,59,9,5,14,3
BS R D dr DL U DR,2,13,59,9,5,15,3
BS R dr D DL DR U,2,13,59,9,5,14,3
BS R dr D DL U DR,2,13,59,9,5,15,3
D BS dr R DL DR U,2,13,59,9,5,16,3
D BS dr R DL U DR,2,13,59,9,5,17,3
D BS R DL dr DR U,2,13,59,9,5,16,4
D BS R DL DR dr U,2,13,59,9,5,14,4
D BS R DL dr U DR,2,13,59,9,5,13,3
D BS R dr DL DR U,2,13,59,9,5,14,3
D BS R dr DL U DR,2,13,59,9,5,15,3
D dr BS R DL DR U,2,13,59,9,5,16,3
D dr BS R DL U DR,2,13,59,9,5,17,3
D dr R BS DL DR U,2,13,59,9,5,16,3
D dr R BS DL U DR,2,13,59,9,5,17,3
D dr R DL BS DR U,2,13,59,9,5,16,3
D dr R DL BS U DR,2,13,59,9,5,17,3
D dr R DL DR BS U,2,13,59,9,5,14,3
D dr R DL U BS DR,2,13,59,9,5,15,3
D R BS DL dr DR U,2,13,59,9,5,16,4
D R BS DL DR dr U,2,13,59,9,5,14,4
D R BS DL dr U DR,2,13,59,9,5,13,3
D R BS dr DL DR U,2,13,59,9,5,14,3
D R BS dr DL U DR,2,13,59,9,5,15,3
D R DL BS dr DR U,2,13,59,9,5,18,4
D R DL BS DR dr U,2,13,59,9,5,14,4
D R DL BS dr U DR,2,13,59,9,5,15,3
D R DL dr BS DR U,2,13,59,9,5,14,3
D R DL DR BS dr U,2,13,59,9,5,12,3
D R DL dr BS U DR,2,13,59,9,5,15,3
D R DL dr DR BS U,2,13,59,9,5,14,4
D R DL DR dr BS U,2,13,59,9,5,16,4
D R DL dr U BS DR,2,13,59,9,5,11,3
D R dr BS DL DR U,2,13,59,9,5,16,3
D R dr BS DL U DR,2,13,59,9,5,17,3
D R dr DL BS DR U,2,13,59,9,5,14,3
D R dr DL BS U DR,2,13,59,9,5,15,3
D R dr DL DR BS U,2,13,59,9,5,12,3
D R dr DL U BS DR,2,13,59,9,5,13,3
dr BS D R DL DR U,2,13,59,9,5,15,3
dr BS D R DL U DR,2,13,59,9,5,16,3
dr BS R D DL DR U,2,13,59,9,5,13,3
dr BS R D DL U DR,2,13,59,9,5,14,3
dr D BS R DL DR U,2,13,59,9,5,15,3
dr D BS R DL U DR,2,13,59,9,5,16,3
dr D R BS DL DR U,2,13,59,9,5,15,3
dr D R BS DL U DR,2,13,59,9,5,16,3
dr D R DL BS DR U,2,13,59,9,5,15,3
dr D R DL BS U DR,2,13,59,9,5,16,3
dr D R DL DR BS U,2,13,59,9,5,13,3
dr D R DL U BS DR,2,13,59,9,5,14,3
dr R BS D DL DR U,2,13,59,9,5,13,3
dr R BS D DL U DR,2,13,59,9,5,14,3
dr R D BS DL DR U,2,13,59,9,5,15,3
dr R D BS DL U DR,2,13,59,9,5,16,3
dr R D DL BS DR U,2,13,59,9,5,13,3
dr R D DL BS U DR,2,13,59,9,5,14,3
dr R D DL DR BS U,2,13,59,9,5,11,3
dr R D DL U BS DR,2,13,59,9,5,12,3
R BS D DL dr DR U,2,13,59,9,5,14,4
R BS D DL DR dr U,2,13,59,9,5,12,4
R BS D DL dr U DR,2,13,59,9,5,11,3
R BS D dr DL DR U,2,13,59,9,5,14,3
R BS D dr DL U DR,2,13,59,9,5,15,3
R BS dr D DL DR U,2,13,59,9,5,14,3
R BS dr D DL U DR,2,13,59,9,5,15,3
R D BS DL dr DR U,2,13,59,9,5,16,4
R D BS DL DR dr U,2,13,59,9,5,14,4
R D BS DL dr U DR,2,13,59,9,5,13,3
R D BS dr DL DR U,2,13,59,9,5,14,3
R D BS dr DL U DR,2,13,59,9,5,15,3
R D DL BS dr DR U,2,13,59,9,5,16,4
R D DL BS DR dr U,2,13,59,9,5,12,4
R D DL BS dr U DR,2,13,59,9,5,13,3
R D DL dr BS DR U,2,13,59,9,5,12,3
R D DL DR BS dr U,2,13,59,9,5,10,3
R D DL dr BS U DR,2,13,59,9,5,13,3
R D DL dr DR BS U,2,13,59,9,5,12,4
R D DL DR dr BS U,2,13,59,9,5,14,4
R D DL dr U BS DR,2,13,59,9,5,9,2
R D dr BS DL DR U,2,13,59,9,5,16,3
R D dr BS DL U DR,2,13,59,9,5,17,3
R D dr DL BS DR U,2,13,59,9,5,14,3
R D dr DL BS U DR,2,13,59,9,5,15,3
R D dr DL DR BS U,2,13,59,9,5,12,3
R D dr DL U BS DR,2,13,59,9,5,13,3
R dr BS D DL DR U,2,13,59,9,5,14,3
R dr BS D DL U DR,2,13,59,9,5,15,3
R dr D BS DL DR U,2,13,59,9,5,16,3
R dr D BS DL U DR,2,13,59,9,5,17,3
R dr D DL BS DR U,2,13,59,9,5,14,3
R dr D DL BS U DR,2,13,59,9,5,15,3
R dr D DL DR BS U,2,13,59,9,5,12,3
R dr D DL U BS DR,2,13,59,9,5,13,3
dr R DR D U BS DL,2,14,59,9,5,14,4
dr R DR U BS D DL,2,14,59,9,5,12,3
dr R DR U D BS DL,2,14,59,9,5,16,4
dr R U DR BS D DL,2,14,59,9,5,12,3
dr R U DR D BS DL,2,14,59,9,5,14,3
dr U R DR BS D DL,2,14,59,9,5,8,2
dr U R DR D BS DL,2,14,59,9,5,10,3
R DR D dr U BS DL,2,14,59,9,5,11,3
R DR D U BS dr DL,2,14,59,9,5,13,4
R DR D U dr BS DL,2,14,59,9,5,13,4
R dr DR D U BS DL,2,14,59,9,5,17,4
R DR dr D U BS DL,2,14,59,9,5,17,4
R dr DR U BS D DL,2,14,59,9,5,15,4
R DR dr U BS D DL,2,14,59,9,5,11,4
R dr DR U D BS DL,2,14,59,9,5,19,4
R DR dr U D BS DL,2,14,59,9,5,15,4
R DR U BS D dr DL,2,14,59,9,5,13,3
R DR U BS dr D DL,2,14,59,9,5,13,3
R DR U D BS dr DL,2,14,59,9,5,15,4
R DR U D dr BS DL,2,14,59,9,5,17,4
R dr U DR BS D DL,2,14,59,9,5,11,3
R DR U dr BS D DL,2,14,59,9,5,11,3
R dr U DR D BS DL,2,14,59,9,5,13,3
R DR U dr D BS DL,2,14,59,9,5,13,3
R U DR BS D dr DL,2,14,59,9,5,13,3
R U DR BS dr D DL,2,14,59,9,5,13,3
R U DR D BS dr DL,2,14,59,9,5,13,3
R U DR D dr BS DL,2,14,59,9,5,15,3
R U dr DR BS D DL,2,14,59,9,5,11,4
R U DR dr BS D DL,2,14,59,9,5,15,4
R U dr DR D BS DL,2,14,59,9,5,13,4
R U DR dr D BS DL,2,14,59,9,5,17,4
U dr R DR BS D DL,2,14,59,9,5,9,3
U dr R DR D BS DL,2,14,59,9,5,11,3
U R DR BS D dr DL,2,14,59,9,5,11,3
U R DR BS dr D DL,2,14,59,9,5,11,3
U R DR D BS dr DL,2,14,59,9,5,11,3
U R DR D dr BS DL,2,14,59,9,5,13,3
U R dr DR BS D DL,2,14,59,9,5,13,4
U R DR dr BS D DL,2,14,59,9,5,13,4
U R dr DR D BS DL,2,14,59,9,5,15,4
U R DR dr D BS DL,2,14,59,9,5,15,4
BS DL DR D dr R U,2,14,61,7,5,14,3
BS DL DR D dr U R,2,14,61,7,5,12,3
BS DL DR D R dr U,2,14,61,7,5,12,3
BS DL dr DR D R U,2,14,61,7,5,14,4
BS DL DR dr D R U,2,14,61,7,5,16,4
BS DL dr DR D U R,2,14,61,7,5,16,4
BS DL DR dr D U R,2,14,61,7,5,18,4
BS DL dr DR U D R,2,14,61,7,5,18,4
BS DL DR dr U D R,2,14,61,7,5,16,4
BS DL dr DR U R D,2,14,61,7,5,16,4
BS DL DR dr U R D,2,14,61,7,5,14,4
BS DL dr U DR D R,2,14,61,7,5,12,3
BS DL dr U DR R D,2,14,61,7,5,12,3
BS DR DL D dr R U,2,14,61,7,5,12,3
BS DR DL D dr U R,2,14,61,7,5,10,3
BS DR DL D R dr U,2,14,61,7,5,10,3
BS dr DL DR D R U,2,14,61,7,5,12,3
BS DR DL dr D R U,2,14,61,7,5,12,3
BS dr DL DR D U R,2,14,61,7,5,14,4
BS DR DL dr D U R,2,14,61,7,5,14,4
BS dr DL DR U D R,2,14,61,7,5,16,4
BS DR DL dr U D R,2,14,61,7,5,12,4
BS dr DL DR U R D,2,14,61,7,5,14,3
BS DR DL dr U R D,2,14,61,7,5,10,2
BS dr DL U DR D R,2,14,61,7,5,14,3
BS dr DL U DR R D,2,14,61,7,5,14,3
BS dr DR DL D R U,2,14,61,7,5,14,4
BS DR dr DL D R U,2,14,61,7,5,12,4
BS dr DR DL D U R,2,14,61,7,5,16,4
BS DR dr DL D U R,2,14,61,7,5,14,4
BS dr DR DL U D R,2,14,61,7,5,18,4
BS DR dr DL U D R,2,14,61,7,5,16,4
BS dr DR DL U R D,2,14,61,7,5,16,4
BS DR dr DL U R D,2,14,61,7,5,14,4
DL BS DR D dr R U,2,14,61,7,5,13,3
DL BS DR D dr U R,2,14,61,7,5,11,3
DL BS DR D R dr U,2,14,61,7,5,11,3
DL BS dr DR D R U,2,14,61,7,5,15,4
DL BS DR dr D R U,2,14,61,7,5,15,4
DL BS dr DR D U R,2,14,61,7,5,17,4
DL BS DR dr D U R,2,14,61,7,5,17,4
DL BS dr DR U D R,2,14,61,7,5,19,4
DL BS DR dr U D R,2,14,61,7,5,15,4
DL BS dr DR U R D,2,14,61,7,5,17,4
DL BS DR dr U R D,2,14,61,7,5,13,4
DL BS dr U DR D R,2,14,61,7,5,13,3
DL BS dr U DR R D,2,14,61,7,5,13,3
DL DR BS D dr R U,2,14,61,7,5,13,3
DL DR BS D dr U R,2,14,61,7,5,11,3
DL DR BS D R dr U,2,14,61,7,5,11,3
DL dr BS DR D R U,2,14,61,7,5,11,3
DL DR BS dr D R U,2,14,61,7,5,13,3
DL dr BS DR D U R,2,14,61,7,5,13,4
DL DR BS dr D U R,2,14,61,7,5,15,4
DL dr BS DR U D R,2,14,61,7,5,15,4
DL DR BS dr U D R,2,14,61,7,5,13,4
DL dr BS DR U R D,2,14,61,7,5,13,3
DL DR BS dr U R D,2,14,61,7,5,11,3
DL dr BS U DR D R,2,14,61,7,5,13,3
DL dr BS U DR R D,2,14,61,7,5,13,3
DL dr DR BS D R U,2,14,61,7,5,13,4
DL DR dr BS D R U,2,14,61,7,5,15,4
DL dr DR BS D U R,2,14,61,7,5,15,4
DL DR dr BS D U R,2,14,61,7,5,17,4
DL dr DR BS U D R,2,14,61,7,5,15,4
DL DR dr BS U D R,2,14,61,7,5,17,4
DL dr DR BS U R D,2,14,61,7,5,13,4
DL DR dr BS U R D,2,14,61,7,5,15,4
DL dr DR U BS D R,2,14,61,7,5,15,4
DL DR dr U BS D R,2,14,61,7,5,13,4
DL dr DR U BS R D,2,14,61,7,5,15,4
DL DR dr U BS R D,2,14,61,7,5,13,4
DL dr U BS DR D R,2,14,61,7,5,9,2
DL dr U BS DR R D,2,14,61,7,5,9,2
DL dr U DR BS D R,2,14,61,7,5,11,3
DL dr U DR BS R D,2,14,61,7,5,11,3
DR BS DL D dr R U,2,14,61,7,5,13,3
DR BS DL D dr U R,2,14,61,7,5,11,3
DR BS DL D R dr U,2,14,61,7,5,11,3
dr BS DL DR D R U,2,14,61,7,5,13,3
DR BS DL dr D R U,2,14,61,7,5,13,3
dr BS DL DR D U R,2,14,61,7,5,15,4
DR BS DL dr D U R,2,14,61,7,5,15,4
dr BS DL DR U D R,2,14,61,7,5,17,4
DR BS DL dr U D R,2,14,61,7,5,13,4
dr BS DL DR U R D,2,14,61,7,5,15,3
DR BS DL dr U R D,2,14,61,7,5,11,3
dr BS DL U DR D R,2,14,61,7,5,15,3
dr BS DL U DR R D,2,14,61,7,5,15,3
dr BS DR DL D R U,2,14,61,7,5,11,3
DR BS dr DL D R U,2,14,61,7,5,11,3
dr BS DR DL D U R,2,14,61,7,5,13,4
DR BS dr DL D U R,2,14,61,7,5,13,4
dr BS DR DL U D R,2,14,61,7,5,15,4
DR BS dr DL U D R,2,14,61,7,5,15,4
dr BS DR DL U R D,2,14,61,7,5,13,3
DR BS dr DL U R D,2,14,61,7,5,13,3
DR DL BS D dr R U,2,14,61,7,5,15,3
DR DL BS D dr U R,2,14,61,7,5,13,3
DR DL BS D R dr U,2,14,61,7,5,13,3
dr DL BS DR D R U,2,14,61,7,5,11,3
DR DL BS dr D R U,2,14,61,7,5,15,3
dr DL BS DR D U R,2,14,61,7,5,13,4
DR DL BS dr D U R,2,14,61,7,5,17,4
dr DL BS DR U D R,2,14,61,7,5,15,4
DR DL BS dr U D R,2,14,61,7,5,15,4
dr DL BS DR U R D,2,14,61,7,5,13,3
DR DL BS dr U R D,2,14,61,7,5,13,3
dr DL BS U DR D R,2,14,61,7,5,13,3
dr DL BS U DR R D,2,14,61,7,5,13,3
dr DL DR BS D R U,2,14,61,7,5,11,2
DR DL dr BS D R U,2,14,61,7,5,13,3
dr DL DR BS D U R,2,14,61,7,5,13,4
DR DL dr BS D U R,2,14,61,7,5,15,4
dr DL DR BS U D R,2,14,61,7,5,13,4
DR DL dr BS U D R,2,14,61,7,5,15,4
dr DL DR BS U R D,2,14,61,7,5,11,2
DR DL dr BS U R D,2,14,61,7,5,13,3
dr DL DR U BS D R,2,14,61,7,5,13,3
DR DL dr U BS D R,2,14,61,7,5,11,2
dr DL DR U BS R D,2,14,61,7,5,13,3
DR DL dr U BS R D,2,14,61,7,5,11,2
dr DL U BS DR D R,2,14,61,7,5,11,3
dr DL U BS DR R D,2,14,61,7,5,11,3
dr DL U DR BS D R,2,14,61,7,5,13,3
dr DL U DR BS R D,2,14,61,7,5,13,3
dr DR BS DL D R U,2,14,61,7,5,13,4
DR dr BS DL D R U,2,14,61,7,5,15,4
dr DR BS DL D U R,2,14,61,7,5,15,4
DR dr BS DL D U R,2,14,61,7,5,17,4
dr DR BS DL U D R,2,14,61,7,5,17,4
DR dr BS DL U D R,2,14,61,7,5,19,4
dr DR BS DL U R D,2,14,61,7,5,15,4
DR dr BS DL U R D,2,14,61,7,5,17,4
dr DR DL BS D R U,2,14,61,7,5,15,4
DR dr DL BS D R U,2,14,61,7,5,15,4
dr DR DL BS D U R,2,14,61,7,5,17,4
DR dr DL BS D U R,2,14,61,7,5,17,4
dr DR DL BS U D R,2,14,61,7,5,17,4
DR dr DL BS U D R,2,14,61,7,5,17,4
dr DR DL BS U R D,2,14,61,7,5,15,4
DR dr DL BS U R D,2,14,61,7,5,15,4
dr DR DL U BS D R,2,14,61,7,5,15,4
DR dr DL U BS D R,2,14,61,7,5,15,4
dr DR DL U BS R D,2,14,61,7,5,15,4
DR dr DL U BS R D,2,14,61,7,5,15,4
D DL DR BS dr R U,2,14,61,8,5,12,3
D DL DR BS dr U R,2,14,61,8,5,10,3
D DL DR BS R dr U,2,14,61,8,5,10,3
D DL dr DR BS R U,2,14,61,8,5,12,4
D DL DR dr BS R U,2,14,61,8,5,14,4
D DL dr DR BS U R,2,14,61,8,5,12,4
D DL DR dr BS U R,2,14,61,8,5,14,4
D DL dr DR R BS U,2,14,61,8,5,12,4
D DL DR dr R BS U,2,14,61,8,5,14,4
D DL dr DR U BS R,2,14,61,8,5,14,4
D DL DR dr U BS R,2,14,61,8,5,12,4
D DL DR R BS dr U,2,14,61,8,5,10,3
D DL DR R dr BS U,2,14,61,8,5,12,3
D DL dr U DR BS R,2,14,61,8,5,10,3
D DR DL BS dr R U,2,14,61,8,5,14,3
D DR DL BS dr U R,2,14,61,8,5,12,3
D DR DL BS R dr U,2,14,61,8,5,12,3
D dr DL DR BS R U,2,14,61,8,5,12,3
D DR DL dr BS R U,2,14,61,8,5,12,3
D dr DL DR BS U R,2,14,61,8,5,12,3
D DR DL dr BS U R,2,14,61,8,5,12,3
D dr DL DR R BS U,2,14,61,8,5,12,3
D DR DL dr R BS U,2,14,61,8,5,12,3
D dr DL DR U BS R,2,14,61,8,5,14,3
D DR DL dr U BS R,2,14,61,8,5,10,2
D DR DL R BS dr U,2,14,61,8,5,12,3
D DR DL R dr BS U,2,14,61,8,5,14,3
D dr DL U DR BS R,2,14,61,8,5,14,3
D dr DR DL BS R U,2,14,61,8,5,16,4
D DR dr DL BS R U,2,14,61,8,5,14,4
D dr DR DL BS U R,2,14,61,8,5,16,4
D DR dr DL BS U R,2,14,61,8,5,14,4
D dr DR DL R BS U,2,14,61,8,5,16,4
D DR dr DL R BS U,2,14,61,8,5,14,4
D dr DR DL U BS R,2,14,61,8,5,16,4
D DR dr DL U BS R,2,14,61,8,5,14,4
DL D DR BS dr R U,2,14,61,8,5,11,3
DL D DR BS dr U R,2,14,61,8,5,9,3
DL D DR BS R dr U,2,14,61,8,5,9,3
DL D dr DR BS R U,2,14,61,8,5,13,4
DL D DR dr BS R U,2,14,61,8,5,13,4
DL D dr DR BS U R,2,14,61,8,5,13,4
DL D DR dr BS U R,2,14,61,8,5,13,4
DL D dr DR R BS U,2,14,61,8,5,13,4
DL D DR dr R BS U,2,14,61,8,5,13,4
DL D dr DR U BS R,2,14,61,8,5,15,4
DL D DR dr U BS R,2,14,61,8,5,11,4
DL D DR R BS dr U,2,14,61,8,5,9,3
DL D DR R dr BS U,2,14,61,8,5,11,3
DL D dr U DR BS R,2,14,61,8,5,11,3
DL dr D DR BS R U,2,14,61,8,5,11,3
DL dr D DR BS U R,2,14,61,8,5,11,3
DL dr D DR R BS U,2,14,61,8,5,11,3
DL dr D DR U BS R,2,14,61,8,5,13,3
DL dr D U DR BS R,2,14,61,8,5,15,4
DL dr U D DR BS R,2,14,61,8,5,11,4
dr D DL DR BS R U,2,14,61,8,5,11,3
dr D DL DR BS U R,2,14,61,8,5,11,3
dr D DL DR R BS U,2,14,61,8,5,11,3
dr D DL DR U BS R,2,14,61,8,5,13,3
dr D DL U DR BS R,2,14,61,8,5,13,3
dr D DR DL BS R U,2,14,61,8,5,13,3
dr D DR DL BS U R,2,14,61,8,5,13,3
dr D DR DL R BS U,2,14,61,8,5,13,3
dr D DR DL U BS R,2,14,61,8,5,13,3
dr DL D DR BS R U,2,14,61,8,5,9,2
dr DL D DR BS U R,2,14,61,8,5,9,2
dr DL D DR R BS U,2,14,61,8,5,9,2
dr DL D DR U BS R,2,14,61,8,5,11,3
dr DL D U DR BS R,2,14,61,8,5,13,4
dr DL U D DR BS R,2,14,61,8,5,13,4
BS D R DL U dr DR,2,13,61,10,5,15,4
BS D R U DL dr DR,2,13,61,10,5,15,4
BS D U R DL dr DR,2,13,61,10,5,17,4
BS R D DL U dr DR,2,13,61,10,5,13,4
BS R D U DL dr DR,2,13,61,10,5,17,4
BS R U D DL dr DR,2,13,61,10,5,15,4
BS U D R DL dr DR,2,13,61,10,5,17,4
BS U R D DL dr DR,2,13,61,10,5,13,4
D BS R DL U dr DR,2,13,61,10,5,15,4
D BS R U DL dr DR,2,13,61,10,5,15,4
D BS U R DL dr DR,2,13,61,10,5,15,4
D R BS DL U dr DR,2,13,61,10,5,15,4
D R BS U DL dr DR,2,13,61,10,5,15,4
D R DL BS U dr DR,2,13,61,10,5,15,4
D R DL U BS dr DR,2,13,61,10,5,17,4
D R DL U dr BS DR,2,13,61,10,5,13,3
D R U BS DL dr DR,2,13,61,10,5,15,4
D R U DL BS dr DR,2,13,61,10,5,17,4
D R U DL dr BS DR,2,13,61,10,5,13,3
D U BS R DL dr DR,2,13,61,10,5,17,4
D U R BS DL dr DR,2,13,61,10,5,17,4
D U R DL BS dr DR,2,13,61,10,5,19,4
D U R DL dr BS DR,2,13,61,10,5,15,4
R BS D DL U dr DR,2,13,61,10,5,13,4
R BS D U DL dr DR,2,13,61,10,5,17,4
R BS U D DL dr DR,2,13,61,10,5,15,4
R D BS DL U dr DR,2,13,61,10,5,15,4
R D BS U DL dr DR,2,13,61,10,5,15,4
R D DL BS U dr DR,2,13,61,10,5,13,4
R D DL U BS dr DR,2,13,61,10,5,15,4
R D DL U dr BS DR,2,13,61,10,5,11,3
R D U BS DL dr DR,2,13,61,10,5,17,4
R D U DL BS dr DR,2,13,61,10,5,19,4
R D U DL dr BS DR,2,13,61,10,5,15,4
R U BS D DL dr DR,2,13,61,10,5,13,4
R U D BS DL dr DR,2,13,61,10,5,17,4
R U D DL BS dr DR,2,13,61,10,5,17,4
R U D DL dr BS DR,2,13,61,10,5,13,4
U BS D R DL dr DR,2,13,61,10,5,15,4
U BS R D DL dr DR,2,13,61,10,5,13,4
U D BS R DL dr DR,2,13,61,10,5,17,4
U D R BS DL dr DR,2,13,61,10,5,17,4
U D R DL BS dr DR,2,13,61,10,5,19,4
U D R DL dr BS DR,2,13,61,10,5,15,4
U R BS D DL dr DR,2,13,61,10,5,13,4
U R D BS DL dr DR,2,13,61,10,5,15,4
U R D DL BS dr DR,2,13,61,10,5,15,4
U R D DL dr BS DR,2,13,61,10,5,11,3
BS DL DR D U dr R,2,14,63,8,5,14,4
BS DL dr DR R D U,2,14,63,8,5,16,4
BS DL DR dr R D U,2,14,63,8,5,18,4
BS DL dr DR R U D,2,14,63,8,5,16,4
BS DL DR dr R U D,2,14,63,8,5,18,4
BS DL DR R D dr U,2,14,63,8,5,12,3
BS DL DR R dr D U,2,14,63,8,5,16,4
BS DL DR R dr U D,2,14,63,8,5,14,4
BS DL DR R U dr D,2,14,63,8,5,12,3
BS DL DR U D dr R,2,14,63,8,5,18,4
BS DL DR U dr D R,2,14,63,8,5,14,3
BS DL DR U dr R D,2,14,63,8,5,14,3
BS DL DR U R dr D,2,14,63,8,5,16,3
BS DL U DR D dr R,2,14,63,8,5,16,3
BS DL U dr DR D R,2,14,63,8,5,14,4
BS DL U DR dr D R,2,14,63,8,5,18,4
BS DL U dr DR R D,2,14,63,8,5,14,4
BS DL U DR dr R D,2,14,63,8,5,18,4
BS DL U DR R dr D,2,14,63,8,5,16,3
BS DR DL D U dr R,2,14,63,8,5,12,4
BS dr DL DR R D U,2,14,63,8,5,14,4
BS DR DL dr R D U,2,14,63,8,5,14,4
BS dr DL DR R U D,2,14,63,8,5,14,4
BS DR DL dr R U D,2,14,63,8,5,14,4
BS DR DL R D dr U,2,14,63,8,5,12,3
BS DR DL R dr D U,2,14,63,8,5,16,4
BS DR DL R dr U D,2,14,63,8,5,14,4
BS DR DL R U dr D,2,14,63,8,5,12,3
BS DR DL U D dr R,2,14,63,8,5,16,4
BS DR DL U dr D R,2,14,63,8,5,12,3
BS DR DL U dr R D,2,14,63,8,5,12,3
BS DR DL U R dr D,2,14,63,8,5,14,3
BS dr DR DL R D U,2,14,63,8,5,18,4
BS DR dr DL R D U,2,14,63,8,5,16,4
BS dr DR DL R U D,2,14,63,8,5,18,4
BS DR dr DL R U D,2,14,63,8,5,16,4
BS dr DR R DL D U,2,14,63,8,5,16,4
BS DR dr R DL D U,2,14,63,8,5,16,4
BS dr DR R DL U D,2,14,63,8,5,18,4
BS DR dr R DL U D,2,14,63,8,5,18,4
BS DR R DL D dr U,2,14,63,8,5,10,3
BS DR R DL dr D U,2,14,63,8,5,14,4
BS DR R DL dr U D,2,14,63,8,5,12,4
BS DR R DL U dr D,2,14,63,8,5,12,3
BS DR R dr DL D U,2,14,63,8,5,12,4
BS DR R dr DL U D,2,14,63,8,5,14,4
BS DR R U DL dr D,2,14,63,8,5,12,3
BS DR U DL D dr R,2,14,63,8,5,14,3
BS DR U DL dr D R,2,14,63,8,5,14,3
BS DR U DL dr R D,2,14,63,8,5,14,3
BS DR U DL R dr D,2,14,63,8,5,16,3
BS DR U R DL dr D,2,14,63,8,5,14,3
BS U DL DR D dr R,2,14,63,8,5,14,3
BS U DL dr DR D R,2,14,63,8,5,14,4
BS U DL DR dr D R,2,14,63,8,5,16,4
BS U DL dr DR R D,2,14,63,8,5,14,4
BS U DL DR dr R D,2,14,63,8,5,16,4
BS U DL DR R dr D,2,14,63,8,5,14,3
BS U DR DL D dr R,2,14,63,8,5,14,3
BS U DR DL dr D R,2,14,63,8,5,14,3
BS U DR DL dr R D,2,14,63,8,5,14,3
BS U DR DL R dr D,2,14,63,8,5,16,3
BS U DR R DL dr D,2,14,63,8,5,14,3
DL BS DR D U dr R,2,14,63,8,5,13,4
DL BS dr DR R D U,2,14,63,8,5,17,4
DL BS DR dr R D U,2,14,63,8,5,17,4
DL BS dr DR R U D,2,14,63,8,5,17,4
DL BS DR dr R U D,2,14,63,8,5,17,4
DL BS DR R D dr U,2,14,63,8,5,11,3
DL BS DR R dr D U,2,14,63,8,5,15,4
DL BS DR R dr U D,2,14,63,8,5,13,4
DL BS DR R U dr D,2,14,63,8,5,11,3
DL BS DR U D dr R,2,14,63,8,5,17,4
DL BS DR U dr D R,2,14,63,8,5,13,3
DL BS DR U dr R D,2,14,63,8,5,13,3
DL BS DR U R dr D,2,14,63,8,5,15,3
DL BS U DR D dr R,2,14,63,8,5,15,3
DL BS U dr DR D R,2,14,63,8,5,13,4
DL BS U DR dr D R,2,14,63,8,5,17,4
DL BS U dr DR R D,2,14,63,8,5,13,4
DL BS U DR dr R D,2,14,63,8,5,17,4
DL BS U DR R dr D,2,14,63,8,5,15,3
DL DR BS D U dr R,2,14,63,8,5,13,4
DL dr BS DR R D U,2,14,63,8,5,13,4
DL DR BS dr R D U,2,14,63,8,5,15,4
DL dr BS DR R U D,2,14,63,8,5,13,4
DL DR BS dr R U D,2,14,63,8,5,15,4
DL DR BS R D dr U,2,14,63,8,5,11,3
DL DR BS R dr D U,2,14,63,8,5,15,4
DL DR BS R dr U D,2,14,63,8,5,13,4
DL DR BS R U dr D,2,14,63,8,5,11,3
DL DR BS U D dr R,2,14,63,8,5,15,4
DL DR BS U dr D R,2,14,63,8,5,11,3
DL DR BS U dr R D,2,14,63,8,5,11,3
DL DR BS U R dr D,2,14,63,8,5,13,3
DL DR D BS dr R U,2,14,63,8,5,13,3
DL DR D BS dr U R,2,14,63,8,5,11,3
DL DR D BS R dr U,2,14,63,8,5,11,3
DL DR D dr BS R U,2,14,63,8,5,13,3
DL DR D dr BS U R,2,14,63,8,5,13,3
DL DR D dr R BS U,2,14,63,8,5,13,3
DL DR D dr U BS R,2,14,63,8,5,11,3
DL DR D R BS dr U,2,14,63,8,5,11,3
DL DR D R dr BS U,2,14,63,8,5,13,3
DL dr DR BS R D U,2,14,63,8,5,15,4
DL DR dr BS R D U,2,14,63,8,5,17,4
DL dr DR BS R U D,2,14,63,8,5,15,4
DL DR dr BS R U D,2,14,63,8,5,17,4
DL dr DR D BS R U,2,14,63,8,5,13,4
DL DR dr D BS R U,2,14,63,8,5,15,4
DL dr DR D BS U R,2,14,63,8,5,13,4
DL DR dr D BS U R,2,14,63,8,5,15,4
DL dr DR D R BS U,2,14,63,8,5,13,4
DL DR dr D R BS U,2,14,63,8,5,15,4
DL dr DR D U BS R,2,14,63,8,5,15,4
DL DR dr D U BS R,2,14,63,8,5,17,4
DL dr DR R BS D U,2,14,63,8,5,15,4
DL DR dr R BS D U,2,14,63,8,5,17,4
DL dr DR R BS U D,2,14,63,8,5,15,4
DL DR dr R BS U D,2,14,63,8,5,17,4
DL dr DR R D BS U,2,14,63,8,5,13,4
DL DR dr R D BS U,2,14,63,8,5,15,4
DL dr DR R U BS D,2,14,63,8,5,13,4
DL DR dr R U BS D,2,14,63,8,5,15,4
DL dr DR U D BS R,2,14,63,8,5,17,4
DL DR dr U D BS R,2,14,63,8,5,15,4
DL dr DR U R BS D,2,14,63,8,5,15,4
DL DR dr U R BS D,2,14,63,8,5,13,4
DL DR R BS D dr U,2,14,63,8,5,11,3
DL DR R BS dr D U,2,14,63,8,5,15,4
DL DR R BS dr U D,2,14,63,8,5,13,4
DL DR R BS U dr D,2,14,63,8,5,11,3
DL DR R D BS dr U,2,14,63,8,5,11,3
DL DR R D dr BS U,2,14,63,8,5,13,3
DL DR R dr BS D U,2,14,63,8,5,15,4
DL DR R dr BS U D,2,14,63,8,5,15,4
DL DR R dr D BS U,2,14,63,8,5,13,3
DL DR R dr U BS D,2,14,63,8,5,11,3
DL DR U BS D dr R,2,14,63,8,5,15,3
DL DR U BS dr D R,2,14,63,8,5,15,3
DL DR U BS dr R D,2,14,63,8,5,15,3
DL DR U BS R dr D,2,14,63,8,5,15,3
DL DR U dr BS D R,2,14,63,8,5,13,3
DL DR U dr BS R D,2,14,63,8,5,13,3
DL dr U DR D BS R,2,14,63,8,5,11,3
DL dr U DR R BS D,2,14,63,8,5,11,3
DL U BS DR D dr R,2,14,63,8,5,13,3
DL U BS dr DR D R,2,14,63,8,5,15,4
DL U BS DR dr D R,2,14,63,8,5,15,4
DL U BS dr DR R D,2,14,63,8,5,15,4
DL U BS DR dr R D,2,14,63,8,5,15,4
DL U BS DR R dr D,2,14,63,8,5,13,3
DL U DR BS D dr R,2,14,63,8,5,15,3
DL U dr BS DR D R,2,14,63,8,5,11,3
DL U DR BS dr D R,2,14,63,8,5,15,3
DL U dr BS DR R D,2,14,63,8,5,11,3
DL U DR BS dr R D,2,14,63,8,5,15,3
DL U DR BS R dr D,2,14,63,8,5,15,3
DL U dr DR BS D R,2,14,63,8,5,13,4
DL U DR dr BS D R,2,14,63,8,5,17,4
DL U dr DR BS R D,2,14,63,8,5,13,4
DL U DR dr BS R D,2,14,63,8,5,17,4
DR BS DL D U dr R,2,14,63,8,5,13,4
dr BS DL DR R D U,2,14,63,8,5,15,4
DR BS DL dr R D U,2,14,63,8,5,15,4
dr BS DL DR R U D,2,14,63,8,5,15,4
DR BS DL dr R U D,2,14,63,8,5,15,4
DR BS DL R D dr U,2,14,63,8,5,13,3
DR BS DL R dr D U,2,14,63,8,5,17,4
DR BS DL R dr U D,2,14,63,8,5,15,4
DR BS DL R U dr D,2,14,63,8,5,13,3
DR BS DL U D dr R,2,14,63,8,5,17,4
DR BS DL U dr D R,2,14,63,8,5,13,3
DR BS DL U dr R D,2,14,63,8,5,13,3
DR BS DL U R dr D,2,14,63,8,5,15,3
dr BS DR DL R D U,2,14,63,8,5,15,4
DR BS dr DL R D U,2,14,63,8,5,15,4
dr BS DR DL R U D,2,14,63,8,5,15,4
DR BS dr DL R U D,2,14,63,8,5,15,4
dr BS DR R DL D U,2,14,63,8,5,13,4
DR BS dr R DL D U,2,14,63,8,5,15,4
dr BS DR R DL U D,2,14,63,8,5,15,4
DR BS dr R DL U D,2,14,63,8,5,17,4
DR BS R DL D dr U,2,14,63,8,5,11,3
DR BS R DL dr D U,2,14,63,8,5,15,4
DR BS R DL dr U D,2,14,63,8,5,13,4
DR BS R DL U dr D,2,14,63,8,5,13,3
DR BS R dr DL D U,2,14,63,8,5,13,4
DR BS R dr DL U D,2,14,63,8,5,15,4
DR BS R U DL dr D,2,14,63,8,5,13,3
DR BS U DL D dr R,2,14,63,8,5,13,3
DR BS U DL dr D R,2,14,63,8,5,13,3
DR BS U DL dr R D,2,14,63,8,5,13,3
DR BS U DL R dr D,2,14,63,8,5,15,3
DR BS U R DL dr D,2,14,63,8,5,13,3
DR D DL BS dr R U,2,14,63,8,5,13,3
DR D DL BS dr U R,2,14,63,8,5,11,3
DR D DL BS R dr U,2,14,63,8,5,11,3
DR D DL dr BS R U,2,14,63,8,5,11,3
DR D DL dr BS U R,2,14,63,8,5,11,3
DR D DL dr R BS U,2,14,63,8,5,11,3
DR D DL dr U BS R,2,14,63,8,5,9,2
DR D DL R BS dr U,2,14,63,8,5,11,3
DR D DL R dr BS U,2,14,63,8,5,13,3
DR D dr DL BS R U,2,14,63,8,5,13,3
DR D dr DL BS U R,2,14,63,8,5,13,3
DR D dr DL R BS U,2,14,63,8,5,13,3
DR D dr DL U BS R,2,14,63,8,5,13,3
DR DL BS D U dr R,2,14,63,8,5,15,4
dr DL BS DR R D U,2,14,63,8,5,13,4
DR DL BS dr R D U,2,14,63,8,5,17,4
dr DL BS DR R U D,2,14,63,8,5,13,4
DR DL BS dr R U D,2,14,63,8,5,17,4
DR DL BS R D dr U,2,14,63,8,5,13,3
DR DL BS R dr D U,2,14,63,8,5,17,4
DR DL BS R dr U D,2,14,63,8,5,15,4
DR DL BS R U dr D,2,14,63,8,5,13,3
DR DL BS U D dr R,2,14,63,8,5,17,4
DR DL BS U dr D R,2,14,63,8,5,13,3
DR DL BS U dr R D,2,14,63,8,5,13,3
DR DL BS U R dr D,2,14,63,8,5,15,3
DR DL D BS dr R U,2,14,63,8,5,13,3
DR DL D BS dr U R,2,14,63,8,5,11,3
DR DL D BS R dr U,2,14,63,8,5,11,3
DR DL D dr BS R U,2,14,63,8,5,13,3
DR DL D dr BS U R,2,14,63,8,5,13,3
DR DL D dr R BS U,2,14,63,8,5,13,3
DR DL D dr U BS R,2,14,63,8,5,11,3
DR DL D R BS dr U,2,14,63,8,5,11,3
DR DL D R dr BS U,2,14,63,8,5,13,3
dr DL DR BS R D U,2,14,63,8,5,13,4
DR DL dr BS R D U,2,14,63,8,5,15,4
dr DL DR BS R U D,2,14,63,8,5,13,4
DR DL dr BS R U D,2,14,63,8,5,15,4
dr DL DR D BS R U,2,14,63,8,5,11,2
DR DL dr D BS R U,2,14,63,8,5,13,3
dr DL DR D BS U R,2,14,63,8,5,11,2
DR DL dr D BS U R,2,14,63,8,5,13,3
dr DL DR D R BS U,2,14,63,8,5,11,2
DR DL dr D R BS U,2,14,63,8,5,13,3
dr DL DR D U BS R,2,14,63,8,5,13,4
DR DL dr D U BS R,2,14,63,8,5,15,4
dr DL DR R BS D U,2,14,63,8,5,13,4
DR DL dr R BS D U,2,14,63,8,5,15,4
dr DL DR R BS U D,2,14,63,8,5,13,4
DR DL dr R BS U D,2,14,63,8,5,15,4
dr DL DR R D BS U,2,14,63,8,5,11,2
DR DL dr R D BS U,2,14,63,8,5,13,3
dr DL DR R U BS D,2,14,63,8,5,11,2
DR DL dr R U BS D,2,14,63,8,5,13,3
dr DL DR U D BS R,2,14,63,8,5,15,4
DR DL dr U D BS R,2,14,63,8,5,13,4
dr DL DR U R BS D,2,14,63,8,5,13,3
DR DL dr U R BS D,2,14,63,8,5,11,2
DR DL R BS D dr U,2,14,63,8,5,13,3
DR DL R BS dr D U,2,14,63,8,5,17,4
DR DL R BS dr U D,2,14,63,8,5,15,4
DR DL R BS U dr D,2,14,63,8,5,13,3
DR DL R D BS dr U,2,14,63,8,5,13,3
DR DL R D dr BS U,2,14,63,8,5,15,3
DR DL R dr BS D U,2,14,63,8,5,17,4
DR DL R dr BS U D,2,14,63,8,5,17,4
DR DL R dr D BS U,2,14,63,8,5,15,3
DR DL R dr U BS D,2,14,63,8,5,13,3
DR DL U BS D dr R,2,14,63,8,5,15,3
DR DL U BS dr D R,2,14,63,8,5,15,3
DR DL U BS dr R D,2,14,63,8,5,15,3
DR DL U BS R dr D,2,14,63,8,5,15,3
DR DL U dr BS D R,2,14,63,8,5,13,3
DR DL U dr BS R D,2,14,63,8,5,13,3
dr DL U DR D BS R,2,14,63,8,5,13,3
dr DL U DR R BS D,2,14,63,8,5,13,3
dr DR BS DL R D U,2,14,63,8,5,17,4
DR dr BS DL R D U,2,14,63,8,5,19,4
dr DR BS DL R U D,2,14,63,8,5,17,4
DR dr BS DL R U D,2,14,63,8,5,19,4
dr DR BS R DL D U,2,14,63,8,5,15,4
DR dr BS R DL D U,2,14,63,8,5,17,4
dr DR BS R DL U D,2,14,63,8,5,17,4
DR dr BS R DL U D,2,14,63,8,5,19,4
dr DR D DL BS R U,2,14,63,8,5,13,4
DR dr D DL BS R U,2,14,63,8,5,15,4
dr DR D DL BS U R,2,14,63,8,5,13,4
DR dr D DL BS U R,2,14,63,8,5,15,4
dr DR D DL R BS U,2,14,63,8,5,13,4
DR dr D DL R BS U,2,14,63,8,5,15,4
dr DR D DL U BS R,2,14,63,8,5,13,4
DR dr D DL U BS R,2,14,63,8,5,15,4
dr DR DL BS R D U,2,14,63,8,5,17,4
DR dr DL BS R D U,2,14,63,8,5,17,4
dr DR DL BS R U D,2,14,63,8,5,17,4
DR dr DL BS R U D,2,14,63,8,5,17,4
dr DR DL D BS R U,2,14,63,8,5,13,4
DR dr DL D BS R U,2,14,63,8,5,13,4
dr DR DL D BS U R,2,14,63,8,5,13,4
DR dr DL D BS U R,2,14,63,8,5,13,4
dr DR DL D R BS U,2,14,63,8,5,13,4
DR dr DL D R BS U,2,14,63,8,5,13,4
dr DR DL D U BS R,2,14,63,8,5,15,4
DR dr DL D U BS R,2,14,63,8,5,15,4
dr DR DL R BS D U,2,14,63,8,5,17,4
DR dr DL R BS D U,2,14,63,8,5,17,4
dr DR DL R BS U D,2,14,63,8,5,17,4
DR dr DL R BS U D,2,14,63,8,5,17,4
dr DR DL R D BS U,2,14,63,8,5,15,4
DR dr DL R D BS U,2,14,63,8,5,15,4
dr DR DL R U BS D,2,14,63,8,5,15,4
DR dr DL R U BS D,2,14,63,8,5,15,4
dr DR DL U D BS R,2,14,63,8,5,17,4
DR dr DL U D BS R,2,14,63,8,5,17,4
dr DR DL U R BS D,2,14,63,8,5,15,4
DR dr DL U R BS D,2,14,63,8,5,15,4
dr DR R BS DL D U,2,14,63,8,5,15,4
DR dr R BS DL D U,2,14,63,8,5,17,4
dr DR R BS DL U D,2,14,63,8,5,17,4
DR dr R BS DL U D,2,14,63,8,5,19,4
dr DR R DL BS D U,2,14,63,8,5,17,4
DR dr R DL BS D U,2,14,63,8,5,19,4
dr DR R DL BS U D,2,14,63,8,5,17,4
DR dr R DL BS U D,2,14,63,8,5,19,4
dr DR R DL D BS U,2,14,63,8,5,13,4
DR dr R DL D BS U,2,14,63,8,5,15,4
dr DR R DL U BS D,2,14,63,8,5,15,4
DR dr R DL U BS D,2,14,63,8,5,17,4
DR R BS DL D dr U,2,14,63,8,5,11,3
DR R BS DL dr D U,2,14,63,8,5,15,4
DR R BS DL dr U D,2,14,63,8,5,13,4
DR R BS DL U dr D,2,14,63,8,5,13,3
DR R BS dr DL D U,2,14,63,8,5,13,4
DR R BS dr DL U D,2,14,63,8,5,15,4
DR R BS U DL dr D,2,14,63,8,5,13,3
DR R DL BS D dr U,2,14,63,8,5,13,3
DR R DL BS dr D U,2,14,63,8,5,17,4
DR R DL BS dr U D,2,14,63,8,5,15,4
DR R DL BS U dr D,2,14,63,8,5,13,3
DR R DL D BS dr U,2,14,63,8,5,11,3
DR R DL D dr BS U,2,14,63,8,5,13,3
DR R DL dr BS D U,2,14,63,8,5,15,4
DR R DL dr BS U D,2,14,63,8,5,15,4
DR R DL dr D BS U,2,14,63,8,5,13,3
DR R DL dr U BS D,2,14,63,8,5,11,3
DR R dr BS DL D U,2,14,63,8,5,15,4
DR R dr BS DL U D,2,14,63,8,5,17,4
DR R dr DL BS D U,2,14,63,8,5,15,4
DR R dr DL BS U D,2,14,63,8,5,15,4
DR R dr DL D BS U,2,14,63,8,5,11,3
DR R dr DL U BS D,2,14,63,8,5,13,3
DR U BS DL D dr R,2,14,63,8,5,15,3
DR U BS DL dr D R,2,14,63,8,5,15,3
DR U BS DL dr R D,2,14,63,8,5,15,3
DR U BS DL R dr D,2,14,63,8,5,17,3
DR U BS R DL dr D,2,14,63,8,5,15,3
DR U DL BS D dr R,2,14,63,8,5,17,3
DR U DL BS dr D R,2,14,63,8,5,17,3
DR U DL BS dr R D,2,14,63,8,5,17,3
DR U DL BS R dr D,2,14,63,8,5,17,3
DR U DL dr BS D R,2,14,63,8,5,15,3
DR U DL dr BS R D,2,14,63,8,5,15,3
U BS DL DR D dr R,2,14,63,8,5,14,3
U BS DL dr DR D R,2,14,63,8,5,14,4
U BS DL DR dr D R,2,14,63,8,5,16,4
U BS DL dr DR R D,2,14,63,8,5,14,4
U BS DL DR dr R D,2,14,63,8,5,16,4
U BS DL DR R dr D,2,14,63,8,5,14,3
U BS DR DL D dr R,2,14,63,8,5,12,3
U BS DR DL dr D R,2,14,63,8,5,12,3
U BS DR DL dr R D,2,14,63,8,5,12,3
U BS DR DL R dr D,2,14,63,8,5,14,3
U BS DR R DL dr D,2,14,63,8,5,12,3
U DL BS DR D dr R,2,14,63,8,5,14,3
U DL BS dr DR D R,2,14,63,8,5,16,4
U DL BS DR dr D R,2,14,63,8,5,16,4
U DL BS dr DR R D,2,14,63,8,5,16,4
U DL BS DR dr R D,2,14,63,8,5,16,4
U DL BS DR R dr D,2,14,63,8,5,14,3
U DL DR BS D dr R,2,14,63,8,5,14,3
U DL dr BS DR D R,2,14,63,8,5,12,3
U DL DR BS dr D R,2,14,63,8,5,14,3
U DL dr BS DR R D,2,14,63,8,5,12,3
U DL DR BS dr R D,2,14,63,8,5,14,3
U DL DR BS R dr D,2,14,63,8,5,14,3
U DL dr DR BS D R,2,14,63,8,5,14,4
U DL DR dr BS D R,2,14,63,8,5,16,4
U DL dr DR BS R D,2,14,63,8,5,14,4
U DL DR dr BS R D,2,14,63,8,5,16,4
U DR BS DL D dr R,2,14,63,8,5,14,3
U DR BS DL dr D R,2,14,63,8,5,14,3
U DR BS DL dr R D,2,14,63,8,5,14,3
U DR BS DL R dr D,2,14,63,8,5,16,3
U DR BS R DL dr D,2,14,63,8,5,14,3
U DR DL BS D dr R,2,14,63,8,5,16,3
U DR DL BS dr D R,2,14,63,8,5,16,3
U DR DL BS dr R D,2,14,63,8,5,16,3
U DR DL BS R dr D,2,14,63,8,5,16,3
U DR DL dr BS D R,2,14,63,8,5,14,3
U DR DL dr BS R D,2,14,63,8,5,14,3
BS D dr R DR DL U,2,14,63,9,5,14,3
BS D dr R DR U DL,2,14,63,9,5,15,3
BS D R DR DL dr U,2,14,63,9,5,10,2
BS D R dr DR DL U,2,14,63,9,5,16,4
BS D R DR dr DL U,2,14,63,9,5,14,4
BS D R dr DR U DL,2,14,63,9,5,17,4
BS D R DR dr U DL,2,14,63,9,5,13,4
BS D R DR U dr DL,2,14,63,9,5,11,3
BS dr D R DR DL U,2,14,63,9,5,14,3
BS dr D R DR U DL,2,14,63,9,5,15,3
BS dr R D DR DL U,2,14,63,9,5,14,3
BS dr R D DR U DL,2,14,63,9,5,15,3
BS R D DR DL dr U,2,14,63,9,5,10,2
BS R D dr DR DL U,2,14,63,9,5,16,4
BS R D DR dr DL U,2,14,63,9,5,14,4
BS R D dr DR U DL,2,14,63,9,5,17,4
BS R D DR dr U DL,2,14,63,9,5,13,4
BS R D DR U dr DL,2,14,63,9,5,11,3
BS R dr D DR DL U,2,14,63,9,5,14,3
BS R dr D DR U DL,2,14,63,9,5,15,3
D BS dr R DR DL U,2,14,63,9,5,14,3
D BS dr R DR U DL,2,14,63,9,5,15,3
D BS R DR DL dr U,2,14,63,9,5,10,2
D BS R dr DR DL U,2,14,63,9,5,16,4
D BS R DR dr DL U,2,14,63,9,5,14,4
D BS R dr DR U DL,2,14,63,9,5,17,4
D BS R DR dr U DL,2,14,63,9,5,13,4
D BS R DR U dr DL,2,14,63,9,5,11,3
D DL DR BS U dr R,2,14,63,9,5,10,3
D DL DR U BS dr R,2,14,63,9,5,14,3
D DL DR U dr BS R,2,14,63,9,5,12,3
D DL U DR BS dr R,2,14,63,9,5,14,3
D DL U dr DR BS R,2,14,63,9,5,12,4
D DL U DR dr BS R,2,14,63,9,5,16,4
D dr BS R DR DL U,2,14,63,9,5,14,3
D dr BS R DR U DL,2,14,63,9,5,15,3
D DR DL BS U dr R,2,14,63,9,5,12,3
D DR DL U BS dr R,2,14,63,9,5,14,3
D DR DL U dr BS R,2,14,63,9,5,12,3
D dr R BS DR DL U,2,14,63,9,5,14,3
D dr R BS DR U DL,2,14,63,9,5,15,3
D dr R DR BS DL U,2,14,63,9,5,14,3
D dr R DR BS U DL,2,14,63,9,5,13,3
D dr R DR DL BS U,2,14,63,9,5,14,3
D DR U DL BS dr R,2,14,63,9,5,16,3
D DR U DL dr BS R,2,14,63,9,5,14,3
D R BS DR DL dr U,2,14,63,9,5,10,2
D R BS dr DR DL U,2,14,63,9,5,16,4
D R BS DR dr DL U,2,14,63,9,5,14,4
D R BS dr DR U DL,2,14,63,9,5,17,4
D R BS DR dr U DL,2,14,63,9,5,13,4
D R BS DR U dr DL,2,14,63,9,5,11,3
D R DR BS DL dr U,2,14,63,9,5,10,3
D R dr BS DR DL U,2,14,63,9,5,14,3
D R DR BS dr DL U,2,14,63,9,5,12,3
D R dr BS DR U DL,2,14,63,9,5,15,3
D R DR BS dr U DL,2,14,63,9,5,11,3
D R DR BS U dr DL,2,14,63,9,5,9,2
D R DR DL BS dr U,2,14,63,9,5,12,3
D R DR DL dr BS U,2,14,63,9,5,12,3
D R dr DR BS DL U,2,14,63,9,5,16,4
D R DR dr BS DL U,2,14,63,9,5,16,4
D R dr DR BS U DL,2,14,63,9,5,15,4
D R DR dr BS U DL,2,14,63,9,5,15,4
D R dr DR DL BS U,2,14,63,9,5,16,4
D R DR dr DL BS U,2,14,63,9,5,14,4
D U DL DR BS dr R,2,14,63,9,5,16,4
D U DL dr DR BS R,2,14,63,9,5,16,4
D U DL DR dr BS R,2,14,63,9,5,18,4
D U DR DL BS dr R,2,14,63,9,5,18,4
D U DR DL dr BS R,2,14,63,9,5,16,4
DL D DR BS U dr R,2,14,63,9,5,9,3
DL D DR U BS dr R,2,14,63,9,5,13,3
DL D DR U dr BS R,2,14,63,9,5,11,3
DL D U DR BS dr R,2,14,63,9,5,15,4
DL D U dr DR BS R,2,14,63,9,5,13,4
DL D U DR dr BS R,2,14,63,9,5,17,4
DL U D DR BS dr R,2,14,63,9,5,15,4
DL U D dr DR BS R,2,14,63,9,5,17,4
DL U D DR dr BS R,2,14,63,9,5,17,4
DL U dr D DR BS R,2,14,63,9,5,11,3
dr BS D R DR DL U,2,14,63,9,5,13,3
dr BS D R DR U DL,2,14,63,9,5,14,3
dr BS R D DR DL U,2,14,63,9,5,13,3
dr BS R D DR U DL,2,14,63,9,5,14,3
dr D BS R DR DL U,2,14,63,9,5,13,3
dr D BS R DR U DL,2,14,63,9,5,14,3
dr D R BS DR DL U,2,14,63,9,5,13,3
dr D R BS DR U DL,2,14,63,9,5,14,3
dr D R DR BS DL U,2,14,63,9,5,13,3
dr D R DR BS U DL,2,14,63,9,5,12,3
dr D R DR DL BS U,2,14,63,9,5,13,3
dr R BS D DR DL U,2,14,63,9,5,13,3
dr R BS D DR U DL,2,14,63,9,5,14,3
dr R D BS DR DL U,2,14,63,9,5,13,3
dr R D BS DR U DL,2,14,63,9,5,14,3
dr R D DR BS DL U,2,14,63,9,5,13,3
dr R D DR BS U DL,2,14,63,9,5,12,3
dr R D DR DL BS U,2,14,63,9,5,13,3
R BS D DR DL dr U,2,14,63,9,5,10,2
R BS D dr DR DL U,2,14,63,9,5,16,4
R BS D DR dr DL U,2,14,63,9,5,14,4
R BS D dr DR U DL,2,14,63,9,5,17,4
R BS D DR dr U DL,2,14,63,9,5,13,4
R BS D DR U dr DL,2,14,63,9,5,11,3
R BS dr D DR DL U,2,14,63,9,5,14,3
R BS dr D DR U DL,2,14,63,9,5,15,3
R D BS DR DL dr U,2,14,63,9,5,10,2
R D BS dr DR DL U,2,14,63,9,5,16,4
R D BS DR dr DL U,2,14,63,9,5,14,4
R D BS dr DR U DL,2,14,63,9,5,17,4
R D BS DR dr U DL,2,14,63,9,5,13,4
R D BS DR U dr DL,2,14,63,9,5,11,3
R D DR BS DL dr U,2,14,63,9,5,10,3
R D dr BS DR DL U,2,14,63,9,5,14,3
R D DR BS dr DL U,2,14,63,9,5,12,3
R D dr BS DR U DL,2,14,63,9,5,15,3
R D DR BS dr U DL,2,14,63,9,5,11,3
R D DR BS U dr DL,2,14,63,9,5,9,2
R D DR DL BS dr U,2,14,63,9,5,12,3
R D DR DL dr BS U,2,14,63,9,5,12,3
R D dr DR BS DL U,2,14,63,9,5,16,4
R D DR dr BS DL U,2,14,63,9,5,16,4
R D dr DR BS U DL,2,14,63,9,5,15,4
R D DR dr BS U DL,2,14,63,9,5,15,4
R D dr DR DL BS U,2,14,63,9,5,16,4
R D DR dr DL BS U,2,14,63,9,5,14,4
R dr BS D DR DL U,2,14,63,9,5,14,3
R dr BS D DR U DL,2,14,63,9,5,15,3
R dr D BS DR DL U,2,14,63,9,5,14,3
R dr D BS DR U DL,2,14,63,9,5,15,3
R dr D DR BS DL U,2,14,63,9,5,14,3
R dr D DR BS U DL,2,14,63,9,5,13,3
R dr D DR DL BS U,2,14,63,9,5,14,3
U D DL DR BS dr R,2,14,63,9,5,14,4
U D DL dr DR BS R,2,14,63,9,5,14,4
U D DL DR dr BS R,2,14,63,9,5,16,4
U D DR DL BS dr R,2,14,63,9,5,16,4
U D DR DL dr BS R,2,14,63,9,5,14,4
U DL D DR BS dr R,2,14,63,9,5,12,3
U DL D dr DR BS R,2,14,63,9,5,14,4
U DL D DR dr BS R,2,14,63,9,5,14,4
U DL dr D DR BS R,2,14,63,9,5,12,3
BS DL dr R DR D U,2,14,65,8,5,14,4
BS DL dr R DR U D,2,14,65,8,5,16,4
BS DL R DR D dr U,2,14,65,8,5,12,3
BS DL R dr DR D U,2,14,65,8,5,18,4
BS DL R DR dr D U,2,14,65,8,5,18,4
BS DL R dr DR U D,2,14,65,8,5,20,4
BS DL R DR dr U D,2,14,65,8,5,16,4
BS DL R DR U dr D,2,14,65,8,5,14,3
BS dr DL R DR D U,2,14,65,8,5,14,4
BS dr DL R DR U D,2,14,65,8,5,16,4
BS dr R DL DR D U,2,14,65,8,5,16,4
BS dr R DL DR U D,2,14,65,8,5,18,4
BS dr R DR DL D U,2,14,65,8,5,14,4
BS dr R DR DL U D,2,14,65,8,5,16,4
BS R DL DR D dr U,2,14,65,8,5,12,3
BS R DL dr DR D U,2,14,65,8,5,16,4
BS R DL DR dr D U,2,14,65,8,5,18,4
BS R DL dr DR U D,2,14,65,8,5,18,4
BS R DL DR dr U D,2,14,65,8,5,16,4
BS R DL DR U dr D,2,14,65,8,5,14,3
BS R DR DL D dr U,2,14,65,8,5,10,3
BS R dr DL DR D U,2,14,65,8,5,14,4
BS R DR DL dr D U,2,14,65,8,5,14,4
BS R dr DL DR U D,2,14,65,8,5,16,4
BS R DR DL dr U D,2,14,65,8,5,12,4
BS R DR DL U dr D,2,14,65,8,5,12,3
BS R dr DR DL D U,2,14,65,8,5,16,4
BS R DR dr DL D U,2,14,65,8,5,14,4
BS R dr DR DL U D,2,14,65,8,5,18,4
BS R DR dr DL U D,2,14,65,8,5,16,4
BS R DR U DL dr D,2,14,65,8,5,14,3
DL BS dr R DR D U,2,14,65,8,5,15,4
DL BS dr R DR U D,2,14,65,8,5,17,4
DL BS R DR D dr U,2,14,65,8,5,11,3
DL BS R dr DR D U,2,14,65,8,5,17,4
DL BS R DR dr D U,2,14,65,8,5,17,4
DL BS R dr DR U D,2,14,65,8,5,19,4
DL BS R DR dr U D,2,14,65,8,5,15,4
DL BS R DR U dr D,2,14,65,8,5,13,3
DL dr BS R DR D U,2,14,65,8,5,13,4
DL dr BS R DR U D,2,14,65,8,5,15,4
DL dr R BS DR D U,2,14,65,8,5,13,4
DL dr R BS DR U D,2,14,65,8,5,15,4
DL dr R DR BS D U,2,14,65,8,5,13,4
DL dr R DR BS U D,2,14,65,8,5,13,4
DL dr R DR D BS U,2,14,65,8,5,11,3
DL dr R DR U BS D,2,14,65,8,5,13,3
DL dr R U DR BS D,2,14,65,8,5,13,3
DL dr U R DR BS D,2,14,65,8,5,9,2
DL R BS DR D dr U,2,14,65,8,5,11,3
DL R BS dr DR D U,2,14,65,8,5,17,4
DL R BS DR dr D U,2,14,65,8,5,17,4
DL R BS dr DR U D,2,14,65,8,5,19,4
DL R BS DR dr U D,2,14,65,8,5,15,4
DL R BS DR U dr D,2,14,65,8,5,13,3
DL R DR BS D dr U,2,14,65,8,5,11,3
DL R dr BS DR D U,2,14,65,8,5,15,4
DL R DR BS dr D U,2,14,65,8,5,15,4
DL R dr BS DR U D,2,14,65,8,5,17,4
DL R DR BS dr U D,2,14,65,8,5,13,4
DL R DR BS U dr D,2,14,65,8,5,11,3
DL R DR D BS dr U,2,14,65,8,5,11,3
DL R DR D dr BS U,2,14,65,8,5,13,3
DL R dr DR BS D U,2,14,65,8,5,17,4
DL R DR dr BS D U,2,14,65,8,5,17,4
DL R dr DR BS U D,2,14,65,8,5,17,4
DL R DR dr BS U D,2,14,65,8,5,17,4
DL R dr DR D BS U,2,14,65,8,5,15,4
DL R DR dr D BS U,2,14,65,8,5,15,4
DL R dr DR U BS D,2,14,65,8,5,17,4
DL R DR dr U BS D,2,14,65,8,5,13,4
DL R dr U DR BS D,2,14,65,8,5,13,3
dr BS DL R DR D U,2,14,65,8,5,15,4
dr BS DL R DR U D,2,14,65,8,5,17,4
dr BS R DL DR D U,2,14,65,8,5,15,4
dr BS R DL DR U D,2,14,65,8,5,17,4
dr BS R DR DL D U,2,14,65,8,5,13,4
dr BS R DR DL U D,2,14,65,8,5,15,4
dr DL BS R DR D U,2,14,65,8,5,13,4
dr DL BS R DR U D,2,14,65,8,5,15,4
dr DL R BS DR D U,2,14,65,8,5,13,4
dr DL R BS DR U D,2,14,65,8,5,15,4
dr DL R DR BS D U,2,14,65,8,5,13,4
dr DL R DR BS U D,2,14,65,8,5,13,4
dr DL R DR D BS U,2,14,65,8,5,11,3
dr DL R DR U BS D,2,14,65,8,5,13,3
dr DL R U DR BS D,2,14,65,8,5,13,3
dr DL U R DR BS D,2,14,65,8,5,11,3
dr R BS DL DR D U,2,14,65,8,5,15,4
dr R BS DL DR U D,2,14,65,8,5,17,4
dr R BS DR DL D U,2,14,65,8,5,13,4
dr R BS DR DL U D,2,14,65,8,5,15,4
dr R DL BS DR D U,2,14,65,8,5,15,4
dr R DL BS DR U D,2,14,65,8,5,17,4
dr R DL DR BS D U,2,14,65,8,5,15,4
dr R DL DR BS U D,2,14,65,8,5,15,4
dr R DL DR D BS U,2,14,65,8,5,13,3
dr R DL DR U BS D,2,14,65,8,5,15,3
dr R DL U DR BS D,2,14,65,8,5,15,3
dr R DR BS DL D U,2,14,65,8,5,13,4
dr R DR BS DL U D,2,14,65,8,5,15,4
dr R DR DL BS D U,2,14,65,8,5,15,4
dr R DR DL BS U D,2,14,65,8,5,15,4
dr R DR DL D BS U,2,14,65,8,5,11,3
dr R DR DL U BS D,2,14,65,8,5,13,3
R BS DL DR D dr U,2,14,65,8,5,12,3
R BS DL dr DR D U,2,14,65,8,5,16,4
R BS DL DR dr D U,2,14,65,8,5,18,4
R BS DL dr DR U D,2,14,65,8,5,18,4
R BS DL DR dr U D,2,14,65,8,5,16,4
R BS DL DR U dr D,2,14,65,8,5,14,3
R BS DR DL D dr U,2,14,65,8,5,10,3
R BS dr DL DR D U,2,14,65,8,5,14,4
R BS DR DL dr D U,2,14,65,8,5,14,4
R BS dr DL DR U D,2,14,65,8,5,16,4
R BS DR DL dr U D,2,14,65,8,5,12,4
R BS DR DL U dr D,2,14,65,8,5,12,3
R BS dr DR DL D U,2,14,65,8,5,16,4
R BS DR dr DL D U,2,14,65,8,5,14,4
R BS dr DR DL U D,2,14,65,8,5,18,4
R BS DR dr DL U D,2,14,65,8,5,16,4
R BS DR U DL dr D,2,14,65,8,5,14,3
R DL BS DR D dr U,2,14,65,8,5,12,3
R DL BS dr DR D U,2,14,65,8,5,18,4
R DL BS DR dr D U,2,14,65,8,5,18,4
R DL BS dr DR U D,2,14,65,8,5,20,4
R DL BS DR dr U D,2,14,65,8,5,16,4
R DL BS DR U dr D,2,14,65,8,5,14,3
R DL DR BS D dr U,2,14,65,8,5,12,3
R DL dr BS DR D U,2,14,65,8,5,14,4
R DL DR BS dr D U,2,14,65,8,5,16,4
R DL dr BS DR U D,2,14,65,8,5,16,4
R DL DR BS dr U D,2,14,65,8,5,14,4
R DL DR BS U dr D,2,14,65,8,5,12,3
R DL DR D BS dr U,2,14,65,8,5,12,3
R DL DR D dr BS U,2,14,65,8,5,14,3
R DL dr DR BS D U,2,14,65,8,5,16,4
R DL DR dr BS D U,2,14,65,8,5,18,4
R DL dr DR BS U D,2,14,65,8,5,16,4
R DL DR dr BS U D,2,14,65,8,5,18,4
R DL dr DR D BS U,2,14,65,8,5,14,4
R DL DR dr D BS U,2,14,65,8,5,16,4
R DL dr DR U BS D,2,14,65,8,5,16,4
R DL DR dr U BS D,2,14,65,8,5,14,4
R DL dr U DR BS D,2,14,65,8,5,12,3
R DR BS DL D dr U,2,14,65,8,5,10,3
R dr BS DL DR D U,2,14,65,8,5,16,4
R DR BS DL dr D U,2,14,65,8,5,14,4
R dr BS DL DR U D,2,14,65,8,5,18,4
R DR BS DL dr U D,2,14,65,8,5,12,4
R DR BS DL U dr D,2,14,65,8,5,12,3
R dr BS DR DL D U,2,14,65,8,5,14,4
R DR BS dr DL D U,2,14,65,8,5,12,4
R dr BS DR DL U D,2,14,65,8,5,16,4
R DR BS dr DL U D,2,14,65,8,5,14,4
R DR BS U DL dr D,2,14,65,8,5,12,3
R DR DL BS D dr U,2,14,65,8,5,12,3
R dr DL BS DR D U,2,14,65,8,5,14,4
R DR DL BS dr D U,2,14,65,8,5,16,4
R dr DL BS DR U D,2,14,65,8,5,16,4
R DR DL BS dr U D,2,14,65,8,5,14,4
R DR DL BS U dr D,2,14,65,8,5,12,3
R DR DL D BS dr U,2,14,65,8,5,10,3
R DR DL D dr BS U,2,14,65,8,5,12,3
R dr DL DR BS D U,2,14,65,8,5,14,4
R DR DL dr BS D U,2,14,65,8,5,14,4
R dr DL DR BS U D,2,14,65,8,5,14,4
R DR DL dr BS U D,2,14,65,8,5,14,4
R dr DL DR D BS U,2,14,65,8,5,12,3
R DR DL dr D BS U,2,14,65,8,5,12,3
R dr DL DR U BS D,2,14,65,8,5,14,3
R DR DL dr U BS D,2,14,65,8,5,10,2
R dr DL U DR BS D,2,14,65,8,5,14,3
R dr DR BS DL D U,2,14,65,8,5,16,4
R DR dr BS DL D U,2,14,65,8,5,16,4
R dr DR BS DL U D,2,14,65,8,5,18,4
R DR dr BS DL U D,2,14,65,8,5,18,4
R dr DR DL BS D U,2,14,65,8,5,18,4
R DR dr DL BS D U,2,14,65,8,5,16,4
R dr DR DL BS U D,2,14,65,8,5,18,4
R DR dr DL BS U D,2,14,65,8,5,16,4
R dr DR DL D BS U,2,14,65,8,5,14,4
R DR dr DL D BS U,2,14,65,8,5,12,4
R dr DR DL U BS D,2,14,65,8,5,16,4
R DR dr DL U BS D,2,14,65,8,5,14,4
DL DR D BS U dr R,2,14,65,9,5,11,3
DL DR D U BS dr R,2,14,65,9,5,15,4
DL DR D U dr BS R,2,14,65,9,5,13,4
DL DR R U BS dr D,2,14,65,9,5,13,3
DL DR R U dr BS D,2,14,65,9,5,11,3
DL DR U D BS dr R,2,14,65,9,5,17,4
DL DR U D dr BS R,2,14,65,9,5,17,4
DL DR U dr D BS R,2,14,65,9,5,13,3
DL DR U dr R BS D,2,14,65,9,5,13,3
DL DR U R BS dr D,2,14,65,9,5,15,3
DL DR U R dr BS D,2,14,65,9,5,15,3
DL U DR D BS dr R,2,14,65,9,5,15,3
DL U DR D dr BS R,2,14,65,9,5,15,3
DL U dr DR D BS R,2,14,65,9,5,13,4
DL U DR dr D BS R,2,14,65,9,5,17,4
DL U dr DR R BS D,2,14,65,9,5,13,4
DL U DR dr R BS D,2,14,65,9,5,17,4
DL U DR R BS dr D,2,14,65,9,5,15,3
DL U DR R dr BS D,2,14,65,9,5,15,3
DR D DL BS U dr R,2,14,65,9,5,11,3
DR D DL U BS dr R,2,14,65,9,5,13,3
DR D DL U dr BS R,2,14,65,9,5,11,3
DR D U DL BS dr R,2,14,65,9,5,17,4
DR D U DL dr BS R,2,14,65,9,5,15,4
DR DL D BS U dr R,2,14,65,9,5,11,3
DR DL D U BS dr R,2,14,65,9,5,15,4
DR DL D U dr BS R,2,14,65,9,5,13,4
DR DL R U BS dr D,2,14,65,9,5,15,3
DR DL R U dr BS D,2,14,65,9,5,13,3
DR DL U D BS dr R,2,14,65,9,5,17,4
DR DL U D dr BS R,2,14,65,9,5,17,4
DR DL U dr D BS R,2,14,65,9,5,13,3
DR DL U dr R BS D,2,14,65,9,5,13,3
DR DL U R BS dr D,2,14,65,9,5,15,3
DR DL U R dr BS D,2,14,65,9,5,15,3
DR R DL U BS dr D,2,14,65,9,5,15,3
DR R DL U dr BS D,2,14,65,9,5,13,3
DR R U BS DL dr D,2,14,65,9,5,13,3
DR R U DL BS dr D,2,14,65,9,5,15,3
DR R U DL dr BS D,2,14,65,9,5,13,3
DR U D DL BS dr R,2,14,65,9,5,17,4
DR U D DL dr BS R,2,14,65,9,5,15,4
DR U DL D BS dr R,2,14,65,9,5,15,3
DR U DL D dr BS R,2,14,65,9,5,15,3
DR U DL dr D BS R,2,14,65,9,5,15,3
DR U DL dr R BS D,2,14,65,9,5,15,3
DR U DL R BS dr D,2,14,65,9,5,17,3
DR U DL R dr BS D,2,14,65,9,5,17,3
DR U R BS DL dr D,2,14,65,9,5,15,3
DR U R DL BS dr D,2,14,65,9,5,17,3
DR U R DL dr BS D,2,14,65,9,5,15,3
U DL DR D BS dr R,2,14,65,9,5,14,3
U DL DR D dr BS R,2,14,65,9,5,14,3
U DL dr DR D BS R,2,14,65,9,5,14,4
U DL DR dr D BS R,2,14,65,9,5,16,4
U DL dr DR R BS D,2,14,65,9,5,14,4
U DL DR dr R BS D,2,14,65,9,5,16,4
U DL DR R BS dr D,2,14,65,9,5,14,3
U DL DR R dr BS D,2,14,65,9,5,14,3
U DR D DL BS dr R,2,14,65,9,5,14,3
U DR D DL dr BS R,2,14,65,9,5,12,3
U DR DL D BS dr R,2,14,65,9,5,14,3
U DR DL D dr BS R,2,14,65,9,5,14,3
U DR DL dr D BS R,2,14,65,9,5,14,3
U DR DL dr R BS D,2,14,65,9,5,14,3
U DR DL R BS dr D,2,14,65,9,5,16,3
U DR DL R dr BS D,2,14,65,9,5,16,3
U DR R BS DL dr D,2,14,65,9,5,14,3
U DR R DL BS dr D,2,14,65,9,5,16,3
U DR R DL dr BS D,2,14,65,9,5,14,3
D dr R DR U BS DL,2,14,65,10,5,15,3
D dr R U DR BS DL,2,14,65,10,5,15,3
D dr U R DR BS DL,2,14,65,10,5,11,3
D R dr DR U BS DL,2,14,65,10,5,17,4
D R DR dr U BS DL,2,14,65,10,5,13,4
D R DR U BS dr DL,2,14,65,10,5,13,3
D R dr U DR BS DL,2,14,65,10,5,13,3
D R DR U dr BS DL,2,14,65,10,5,13,3
D R U DR BS dr DL,2,14,65,10,5,13,3
D R U dr DR BS DL,2,14,65,10,5,13,4
D R U DR dr BS DL,2,14,65,10,5,17,4
D U dr R DR BS DL,2,14,65,10,5,13,4
D U R DR BS dr DL,2,14,65,10,5,13,4
D U R dr DR BS DL,2,14,65,10,5,17,4
D U R DR dr BS DL,2,14,65,10,5,17,4
dr D R DR U BS DL,2,14,65,10,5,14,3
dr D R U DR BS DL,2,14,65,10,5,14,3
dr D U R DR BS DL,2,14,65,10,5,14,4
dr R D DR U BS DL,2,14,65,10,5,14,3
dr R D U DR BS DL,2,14,65,10,5,16,4
dr R U D DR BS DL,2,14,65,10,5,14,4
dr U D R DR BS DL,2,14,65,10,5,12,4
dr U R D DR BS DL,2,14,65,10,5,10,3
R D dr DR U BS DL,2,14,65,10,5,17,4
R D DR dr U BS DL,2,14,65,10,5,13,4
R D DR U BS dr DL,2,14,65,10,5,13,3
R D dr U DR BS DL,2,14,65,10,5,13,3
R D DR U dr BS DL,2,14,65,10,5,13,3
R D U DR BS dr DL,2,14,65,10,5,15,4
R D U dr DR BS DL,2,14,65,10,5,15,4
R D U DR dr BS DL,2,14,65,10,5,19,4
R dr D DR U BS DL,2,14,65,10,5,15,3
R dr D U DR BS DL,2,14,65,10,5,17,4
R dr U D DR BS DL,2,14,65,10,5,13,4
R U D DR BS dr DL,2,14,65,10,5,13,4
R U D dr DR BS DL,2,14,65,10,5,17,4
R U D DR dr BS DL,2,14,65,10,5,17,4
R U dr D DR BS DL,2,14,65,10,5,11,3
U D dr R DR BS DL,2,14,65,10,5,15,4
U D R DR BS dr DL,2,14,65,10,5,13,4
U D R dr DR BS DL,2,14,65,10,5,17,4
U D R DR dr BS DL,2,14,65,10,5,17,4
U dr D R DR BS DL,2,14,65,10,5,11,3
U dr R D DR BS DL,2,14,65,10,5,11,3
U R D DR BS dr DL,2,14,65,10,5,11,3
U R D dr DR BS DL,2,14,65,10,5,15,4
U R D DR dr BS DL,2,14,65,10,5,15,4
U R dr D DR BS DL,2,14,65,10,5,13,3
DL R DR U BS dr D,2,14,67,9,5,15,3
DL R DR U dr BS D,2,14,67,9,5,13,3
DL R U DR BS dr D,2,14,67,9,5,15,3
DL R U dr DR BS D,2,14,67,9,5,13,4
DL R U DR dr BS D,2,14,67,9,5,17,4
DL U dr R DR BS D,2,14,67,9,5,11,3
DL U R DR BS dr D,2,14,67,9,5,13,3
DL U R dr DR BS D,2,14,67,9,5,15,4
DL U R DR dr BS D,2,14,67,9,5,15,4
R DL DR U BS dr D,2,14,67,9,5,16,3
R DL DR U dr BS D,2,14,67,9,5,14,3
R DL U DR BS dr D,2,14,67,9,5,16,3
R DL U dr DR BS D,2,14,67,9,5,14,4
R DL U DR dr BS D,2,14,67,9,5,18,4
R DR DL U BS dr D,2,14,67,9,5,14,3
R DR DL U dr BS D,2,14,67,9,5,12,3
R DR U BS DL dr D,2,14,67,9,5,14,3
R DR U DL BS dr D,2,14,67,9,5,16,3
R DR U DL dr BS D,2,14,67,9,5,14,3
R U DL DR BS dr D,2,14,67,9,5,14,3
R U DL dr DR BS D,2,14,67,9,5,14,4
R U DL DR dr BS D,2,14,67,9,5,16,4
R U DR BS DL dr D,2,14,67,9,5,14,3
R U DR DL BS dr D,2,14,67,9,5,16,3
R U DR DL dr BS D,2,14,67,9,5,14,3
U DL dr R DR BS D,2,14,67,9,5,12,3
U DL R DR BS dr D,2,14,67,9,5,14,3
U DL R dr DR BS D,2,14,67,9,5,16,4
U DL R DR dr BS D,2,14,67,9,5,16,4
U R DL DR BS dr D,2,14,67,9,5,14,3
U R DL dr DR BS D,2,14,67,9,5,14,4
U R DL DR dr BS D,2,14,67,9,5,16,4
U R DR BS DL dr D,2,14,67,9,5,12,3
U R DR DL BS dr D,2,14,67,9,5,14,3
U R DR DL dr BS D,2,14,67,9,5,12,3
