order,min_memo,max_memo,sum_memo,memorized,d_moves,pin_changes,max_pin_changes
R U DR D ur DL FS,2,12,26,6,4,10,3
R U DR ur D DL FS,2,12,26,6,4,10,3
R U ur DR D DL FS,2,12,26,6,4,10,3
R ur U DR D DL FS,2,12,26,6,4,12,3
U R DR D ur DL FS,2,12,26,6,4,8,2
U R DR ur D DL FS,2,12,26,6,4,8,2
U R ur DR D DL FS,2,12,26,6,4,10,3
U ur R DR D DL FS,2,12,26,6,4,10,3
ur R U DR D DL FS,2,12,26,6,4,11,3
ur U R DR D DL FS,2,12,26,6,4,9,3
D DR R U ur DL FS,2,9,28,6,4,10,3
D DR R ur DL U FS,2,9,28,6,4,12,3
D DR R ur U DL FS,2,9,28,6,4,12,3
D DR U R ur DL FS,2,9,28,6,4,12,3
D DR U ur DL R FS,2,9,28,6,4,14,3
D DR U ur R DL FS,2,9,28,6,4,14,3
D DR ur DL R U FS,2,9,28,6,4,12,3
D DR ur DL U R FS,2,9,28,6,4,12,3
D DR ur R DL U FS,2,9,28,6,4,14,3
D DR ur R U DL FS,2,9,28,6,4,12,3
D DR ur U DL R FS,2,9,28,6,4,14,3
D DR ur U R DL FS,2,9,28,6,4,12,3
D U DR R ur DL FS,2,9,28,6,4,14,4
D U DR ur DL R FS,2,9,28,6,4,16,4
D U DR ur R DL FS,2,9,28,6,4,16,4
D U ur DR DL R FS,2,9,28,6,4,16,4
D U ur DR R DL FS,2,9,28,6,4,14,4
D ur DR DL R U FS,2,9,28,6,4,12,3
D ur DR DL U R FS,2,9,28,6,4,12,3
D ur DR R DL U FS,2,9,28,6,4,12,3
D ur DR R U DL FS,2,9,28,6,4,10,3
D ur DR U DL R FS,2,9,28,6,4,14,3
D ur DR U R DL FS,2,9,28,6,4,12,3
D ur U DR DL R FS,2,9,28,6,4,14,3
D ur U DR R DL FS,2,9,28,6,4,12,3
U D DR R ur DL FS,2,9,28,6,4,12,4
U D DR ur DL R FS,2,9,28,6,4,14,4
U D DR ur R DL FS,2,9,28,6,4,14,4
U D ur DR DL R FS,2,9,28,6,4,14,4
U D ur DR R DL FS,2,9,28,6,4,12,4
U ur D DR DL R FS,2,9,28,6,4,12,3
U ur D DR R DL FS,2,9,28,6,4,10,3
ur D DR DL R U FS,2,9,28,6,4,11,3
ur D DR DL U R FS,2,9,28,6,4,11,3
ur D DR R DL U FS,2,9,28,6,4,11,3
ur D DR R U DL FS,2,9,28,6,4,9,3
ur D DR U DL R FS,2,9,28,6,4,13,3
ur D DR U R DL FS,2,9,28,6,4,11,3
ur D U DR DL R FS,2,9,28,6,4,15,4
ur D U DR R DL FS,2,9,28,6,4,13,4
ur U D DR DL R FS,2,9,28,6,4,15,4
ur U D DR R DL FS,2,9,28,6,4,13,4
DR D R U ur DL FS,2,11,30,6,4,11,3
DR D R ur DL U FS,2,11,30,6,4,13,3
DR D R ur U DL FS,2,11,30,6,4,13,3
DR D U R ur DL FS,2,11,30,6,4,13,4
DR D U ur DL R FS,2,11,30,6,4,15,4
DR D U ur R DL FS,2,11,30,6,4,15,4
DR D ur DL R U FS,2,11,30,6,4,11,3
DR D ur DL U R FS,2,11,30,6,4,11,3
DR D ur R DL U FS,2,11,30,6,4,13,3
DR D ur R U DL FS,2,11,30,6,4,11,3
DR D ur U DL R FS,2,11,30,6,4,13,3
DR D ur U R DL FS,2,11,30,6,4,11,3
DR R D U ur DL FS,2,11,30,6,4,13,4
DR R D ur DL U FS,2,11,30,6,4,11,3
DR R D ur U DL FS,2,11,30,6,4,11,3
DR R U D ur DL FS,2,11,30,6,4,11,4
DR R U ur D DL FS,2,11,30,6,4,9,3
DR R ur D DL U FS,2,11,30,6,4,11,3
DR R ur D U DL FS,2,11,30,6,4,13,4
DR R ur U D DL FS,2,11,30,6,4,13,4
DR U D R ur DL FS,2,11,30,6,4,15,4
DR U D ur DL R FS,2,11,30,6,4,15,4
DR U D ur R DL FS,2,11,30,6,4,15,4
DR U R D ur DL FS,2,11,30,6,4,11,3
DR U R ur D DL FS,2,11,30,6,4,11,3
DR U ur D DL R FS,2,11,30,6,4,13,3
DR U ur D R DL FS,2,11,30,6,4,13,3
DR U ur R D DL FS,2,11,30,6,4,13,3
DR ur D DL R U FS,2,11,30,6,4,11,3
DR ur D DL U R FS,2,11,30,6,4,11,3
DR ur D R DL U FS,2,11,30,6,4,13,3
DR ur D R U DL FS,2,11,30,6,4,11,3
DR ur D U DL R FS,2,11,30,6,4,15,4
DR ur D U R DL FS,2,11,30,6,4,13,4
DR ur R D DL U FS,2,11,30,6,4,13,3
DR ur R D U DL FS,2,11,30,6,4,15,4
DR ur R U D DL FS,2,11,30,6,4,13,4
DR ur U D DL R FS,2,11,30,6,4,15,4
DR ur U D R DL FS,2,11,30,6,4,15,4
DR ur U R D DL FS,2,11,30,6,4,11,3
U DR D R ur DL FS,2,11,30,6,4,12,3
U DR D ur DL R FS,2,11,30,6,4,12,3
U DR D ur R DL FS,2,11,30,6,4,12,3
U DR R D ur DL FS,2,11,30,6,4,10,3
U DR R ur D DL FS,2,11,30,6,4,10,3
U DR ur D DL R FS,2,11,30,6,4,12,3
U DR ur D R DL FS,2,11,30,6,4,12,3
U DR ur R D DL FS,2,11,30,6,4,12,3
U ur DR D DL R FS,2,11,30,6,4,12,3
U ur DR D R DL FS,2,11,30,6,4,12,3
U ur DR R D DL FS,2,11,30,6,4,10,3
ur DR D DL R U FS,2,11,30,6,4,11,3
ur DR D DL U R FS,2,11,30,6,4,11,3
ur DR D R DL U FS,2,11,30,6,4,13,3
ur DR D R U DL FS,2,11,30,6,4,11,3
ur DR D U DL R FS,2,11,30,6,4,15,4
ur DR D U R DL FS,2,11,30,6,4,13,4
ur DR R D DL U FS,2,11,30,6,4,11,3
ur DR R D U DL FS,2,11,30,6,4,13,4
ur DR R U D DL FS,2,11,30,6,4,11,4
ur DR U D DL R FS,2,11,30,6,4,15,4
ur DR U D R DL FS,2,11,30,6,4,15,4
ur DR U R D DL FS,2,11,30,6,4,11,3
ur U DR D DL R FS,2,11,30,6,4,13,3
ur U DR D R DL FS,2,11,30,6,4,13,3
ur U DR R D DL FS,2,11,30,6,4,11,3
R DR D U ur DL FS,2,12,31,6,4,12,4
R DR D ur DL U FS,2,12,31,6,4,10,3
R DR D ur U DL FS,2,12,31,6,4,10,3
R DR U D ur DL FS,2,12,31,6,4,12,4
R DR U ur D DL FS,2,12,31,6,4,10,3
R DR ur D DL U FS,2,12,31,6,4,10,3
R DR ur D U DL FS,2,12,31,6,4,12,4
R DR ur U D DL FS,2,12,31,6,4,12,4
R ur DR D DL U FS,2,12,31,6,4,12,3
R ur DR D U DL FS,2,12,31,6,4,14,4
R ur DR U D DL FS,2,12,31,6,4,14,4
ur R DR D DL U FS,2,12,31,6,4,11,3
ur R DR D U DL FS,2,12,31,6,4,13,4
ur R DR U D DL FS,2,12,31,6,4,13,4
D FS U DL R DR ur,2,9,33,6,4,13,3
D U FS DL R DR ur,2,9,33,6,4,13,4
FS D U DL R DR ur,2,9,33,6,4,15,4
FS U D DL R DR ur,2,9,33,6,4,13,4
FS U DL D R DR ur,2,9,33,6,4,11,3
U D FS DL R DR ur,2,9,33,6,4,13,4
U FS D DL R DR ur,2,9,33,6,4,11,3
U FS DL D R DR ur,2,9,33,6,4,9,2
D DL R ur DR U FS,2,12,33,6,4,14,3
D DL U ur DR R FS,2,12,33,6,4,12,3
D DL ur DR R U FS,2,12,33,6,4,10,2
D DL ur DR U R FS,2,12,33,6,4,12,3
D DL ur R DR U FS,2,12,33,6,4,12,3
D DL ur U DR R FS,2,12,33,6,4,12,3
D U DL ur DR R FS,2,12,33,6,4,14,4
D U ur DL DR R FS,2,12,33,6,4,14,4
D ur DL DR R U FS,2,12,33,6,4,10,2
D ur DL DR U R FS,2,12,33,6,4,12,3
D ur DL R DR U FS,2,12,33,6,4,12,3
D ur DL U DR R FS,2,12,33,6,4,12,3
D ur U DL DR R FS,2,12,33,6,4,12,3
DL D R ur DR U FS,2,12,33,6,4,13,3
DL D U ur DR R FS,2,12,33,6,4,13,4
DL D ur DR R U FS,2,12,33,6,4,9,2
DL D ur DR U R FS,2,12,33,6,4,11,3
DL D ur R DR U FS,2,12,33,6,4,11,3
DL D ur U DR R FS,2,12,33,6,4,11,3
DL U D ur DR R FS,2,12,33,6,4,13,4
DL U ur D DR R FS,2,12,33,6,4,11,3
DL ur D DR R U FS,2,12,33,6,4,9,2
DL ur D DR U R FS,2,12,33,6,4,11,3
DL ur D R DR U FS,2,12,33,6,4,11,3
DL ur D U DR R FS,2,12,33,6,4,13,4
DL ur U D DR R FS,2,12,33,6,4,13,4
U D DL ur DR R FS,2,12,33,6,4,12,4
U D ur DL DR R FS,2,12,33,6,4,12,4
U DL D ur DR R FS,2,12,33,6,4,10,3
U DL ur D DR R FS,2,12,33,6,4,10,3
U ur D DL DR R FS,2,12,33,6,4,10,3
U ur DL D DR R FS,2,12,33,6,4,10,3
ur D DL DR R U FS,2,12,33,6,4,9,2
ur D DL DR U R FS,2,12,33,6,4,11,3
ur D DL R DR U FS,2,12,33,6,4,11,3
ur D DL U DR R FS,2,12,33,6,4,11,3
ur D U DL DR R FS,2,12,33,6,4,13,4
ur DL D DR R U FS,2,12,33,6,4,9,2
ur DL D DR U R FS,2,12,33,6,4,11,3
ur DL D R DR U FS,2,12,33,6,4,11,3
ur DL D U DR R FS,2,12,33,6,4,13,4
ur DL U D DR R FS,2,12,33,6,4,13,4
ur U D DL DR R FS,2,12,33,6,4,13,4
ur U DL D DR R FS,2,12,33,6,4,11,3
FS R U DL DR D ur,2,12,34,5,4,11,3
FS R U DR DL D ur,2,12,34,5,4,11,3
FS U DL R DR D ur,2,12,34,5,4,11,3
FS U R DL DR D ur,2,12,34,5,4,11,3
FS U R DR DL D ur,2,12,34,5,4,9,2
R FS U DL DR D ur,2,12,34,5,4,11,3
R FS U DR DL D ur,2,12,34,5,4,11,3
R U DR FS DL D ur,2,12,34,5,4,11,3
R U FS DL DR D ur,2,12,34,5,4,9,2
R U FS DR DL D ur,2,12,34,5,4,11,3
U FS DL R DR D ur,2,12,34,5,4,9,3
U FS R DL DR D ur,2,12,34,5,4,11,3
U FS R DR DL D ur,2,12,34,5,4,9,2
U R DR FS DL D ur,2,12,34,5,4,9,3
U R FS DL DR D ur,2,12,34,5,4,9,2
U R FS DR DL D ur,2,12,34,5,4,11,3
D DL R U DR ur FS,2,12,35,7,4,14,3
D DL R U ur DR FS,2,12,35,7,4,14,3
D DL R ur U DR FS,2,12,35,7,4,16,3
D DL U R DR ur FS,2,12,35,7,4,12,3
D DL U R ur DR FS,2,12,35,7,4,14,3
D DL U ur R DR FS,2,12,35,7,4,14,3
D DL ur R U DR FS,2,12,35,7,4,14,3
D DL ur U R DR FS,2,12,35,7,4,12,3
D R U DR ur DL FS,2,12,35,7,4,12,3
D R U ur DR DL FS,2,12,35,7,4,12,3
D R ur U DR DL FS,2,12,35,7,4,14,3
D U DL R DR ur FS,2,12,35,7,4,16,4
D U DL R ur DR FS,2,12,35,7,4,18,4
D U DL ur R DR FS,2,12,35,7,4,16,4
D U R DR ur DL FS,2,12,35,7,4,12,4
D U R ur DR DL FS,2,12,35,7,4,14,4
D U ur DL R DR FS,2,12,35,7,4,16,4
D U ur R DR DL FS,2,12,35,7,4,14,4
D ur DL R U DR FS,2,12,35,7,4,14,3
D ur DL U R DR FS,2,12,35,7,4,12,3
D ur R U DR DL FS,2,12,35,7,4,12,3
D ur U DL R DR FS,2,12,35,7,4,14,3
D ur U R DR DL FS,2,12,35,7,4,10,3
DL D R U DR ur FS,2,12,35,7,4,13,3
DL D R U ur DR FS,2,12,35,7,4,13,3
DL D R ur U DR FS,2,12,35,7,4,15,3
DL D U R DR ur FS,2,12,35,7,4,13,4
DL D U R ur DR FS,2,12,35,7,4,15,4
DL D U ur R DR FS,2,12,35,7,4,15,4
DL D ur R U DR FS,2,12,35,7,4,13,3
DL D ur U R DR FS,2,12,35,7,4,11,3
DL U D R DR ur FS,2,12,35,7,4,15,4
DL U D R ur DR FS,2,12,35,7,4,17,4
DL U D ur R DR FS,2,12,35,7,4,15,4
DL U ur D R DR FS,2,12,35,7,4,13,3
DL ur D R U DR FS,2,12,35,7,4,13,3
DL ur D U R DR FS,2,12,35,7,4,13,4
DL ur U D R DR FS,2,12,35,7,4,15,4
R D U DR ur DL FS,2,12,35,7,4,14,4
R D U ur DR DL FS,2,12,35,7,4,14,4
R D ur U DR DL FS,2,12,35,7,4,12,3
R U D DR ur DL FS,2,12,35,7,4,12,4
R U D ur DR DL FS,2,12,35,7,4,12,4
R U ur D DR DL FS,2,12,35,7,4,10,3
R ur D U DR DL FS,2,12,35,7,4,14,4
R ur U D DR DL FS,2,12,35,7,4,14,4
U D DL R DR ur FS,2,12,35,7,4,14,4
U D DL R ur DR FS,2,12,35,7,4,16,4
U D DL ur R DR FS,2,12,35,7,4,14,4
U D R DR ur DL FS,2,12,35,7,4,12,4
U D R ur DR DL FS,2,12,35,7,4,14,4
U D ur DL R DR FS,2,12,35,7,4,14,4
U D ur R DR DL FS,2,12,35,7,4,12,4
U DL D R DR ur FS,2,12,35,7,4,12,3
U DL D R ur DR FS,2,12,35,7,4,14,3
U DL D ur R DR FS,2,12,35,7,4,12,3
U DL ur D R DR FS,2,12,35,7,4,12,3
U R D DR ur DL FS,2,12,35,7,4,10,2
U R D ur DR DL FS,2,12,35,7,4,10,2
U R ur D DR DL FS,2,12,35,7,4,10,3
U ur D DL R DR FS,2,12,35,7,4,12,3
U ur D R DR DL FS,2,12,35,7,4,10,3
U ur DL D R DR FS,2,12,35,7,4,12,3
U ur R D DR DL FS,2,12,35,7,4,12,3
ur D DL R U DR FS,2,12,35,7,4,13,3
ur D DL U R DR FS,2,12,35,7,4,11,3
ur D R U DR DL FS,2,12,35,7,4,11,3
ur D U DL R DR FS,2,12,35,7,4,15,4
ur D U R DR DL FS,2,12,35,7,4,11,4
ur DL D R U DR FS,2,12,35,7,4,13,3
ur DL D U R DR FS,2,12,35,7,4,13,4
ur DL U D R DR FS,2,12,35,7,4,15,4
ur R D U DR DL FS,2,12,35,7,4,15,4
ur R U D DR DL FS,2,12,35,7,4,13,4
ur U D DL R DR FS,2,12,35,7,4,15,4
ur U D R DR DL FS,2,12,35,7,4,13,4
ur U DL D R DR FS,2,12,35,7,4,13,3
ur U R D DR DL FS,2,12,35,7,4,11,3
DL R D ur DR U FS,2,12,36,6,4,13,3
DL R U DR ur D FS,2,12,36,6,4,13,3
DL R U ur DR D FS,2,12,36,6,4,13,3
DL R ur D DR U FS,2,12,36,6,4,13,3
DL R ur U DR D FS,2,12,36,6,4,15,3
DL U R DR ur D FS,2,12,36,6,4,11,3
DL U R ur DR D FS,2,12,36,6,4,13,3
DL U ur R DR D FS,2,12,36,6,4,13,3
DL ur R D DR U FS,2,12,36,6,4,13,3
DL ur R U DR D FS,2,12,36,6,4,13,3
DL ur U R DR D FS,2,12,36,6,4,11,3
FS R U DL D DR ur,2,12,36,6,4,11,3
FS R U DR D DL ur,2,12,36,6,4,11,3
FS U DL R D DR ur,2,12,36,6,4,13,3
FS U R DL D DR ur,2,12,36,6,4,11,3
FS U R DR D DL ur,2,12,36,6,4,9,2
R DL D ur DR U FS,2,12,36,6,4,12,3
R DL U DR ur D FS,2,12,36,6,4,14,3
R DL U ur DR D FS,2,12,36,6,4,14,3
R DL ur D DR U FS,2,12,36,6,4,12,3
R DL ur U DR D FS,2,12,36,6,4,14,3
R FS U DL D DR ur,2,12,36,6,4,11,3
R FS U DR D DL ur,2,12,36,6,4,11,3
R U DL DR ur D FS,2,12,36,6,4,12,3
R U DL ur DR D FS,2,12,36,6,4,12,3
R U DR D FS DL ur,2,12,36,6,4,11,3
R U DR DL ur D FS,2,12,36,6,4,12,3
R U DR FS D DL ur,2,12,36,6,4,13,3
R U DR ur DL D FS,2,12,36,6,4,12,3
R U FS DL D DR ur,2,12,36,6,4,9,2
R U FS DR D DL ur,2,12,36,6,4,11,3
R U ur DL DR D FS,2,12,36,6,4,12,3
R U ur DR DL D FS,2,12,36,6,4,12,3
R ur DL D DR U FS,2,12,36,6,4,12,3
R ur DL U DR D FS,2,12,36,6,4,14,3
R ur U DL DR D FS,2,12,36,6,4,14,3
R ur U DR DL D FS,2,12,36,6,4,14,3
U DL R DR ur D FS,2,12,36,6,4,12,3
U DL R ur DR D FS,2,12,36,6,4,14,3
U DL ur R DR D FS,2,12,36,6,4,12,3
U FS DL R D DR ur,2,12,36,6,4,11,3
U FS R DL D DR ur,2,12,36,6,4,11,3
U FS R DR D DL ur,2,12,36,6,4,9,2
U R DL DR ur D FS,2,12,36,6,4,12,3
U R DL ur DR D FS,2,12,36,6,4,12,3
U R DR D FS DL ur,2,12,36,6,4,9,2
U R DR DL ur D FS,2,12,36,6,4,10,2
U R DR FS D DL ur,2,12,36,6,4,11,3
U R DR ur DL D FS,2,12,36,6,4,10,2
U R FS DL D DR ur,2,12,36,6,4,9,2
U R FS DR D DL ur,2,12,36,6,4,11,3
U R ur DL DR D FS,2,12,36,6,4,12,3
U R ur DR DL D FS,2,12,36,6,4,12,3
U ur DL R DR D FS,2,12,36,6,4,12,3
U ur R DL DR D FS,2,12,36,6,4,14,3
U ur R DR DL D FS,2,12,36,6,4,12,3
ur DL R D DR U FS,2,12,36,6,4,13,3
ur DL R U DR D FS,2,12,36,6,4,13,3
ur DL U R DR D FS,2,12,36,6,4,11,3
ur R DL D DR U FS,2,12,36,6,4,13,3
ur R DL U DR D FS,2,12,36,6,4,15,3
ur R U DL DR D FS,2,12,36,6,4,13,3
ur R U DR DL D FS,2,12,36,6,4,13,3
ur U DL R DR D FS,2,12,36,6,4,13,3
ur U R DL DR D FS,2,12,36,6,4,13,3
ur U R DR DL D FS,2,12,36,6,4,11,3
DR FS R U DL D ur,2,11,38,5,4,12,3
DR FS U DL R D ur,2,11,38,5,4,14,3
DR FS U R DL D ur,2,11,38,5,4,12,3
DR R FS U DL D ur,2,11,38,5,4,10,3
DR R U FS DL D ur,2,11,38,5,4,8,2
DR U FS DL R D ur,2,11,38,5,4,12,3
DR U FS R DL D ur,2,11,38,5,4,12,3
DR U R FS DL D ur,2,11,38,5,4,10,3
FS DR R U DL D ur,2,11,38,5,4,11,3
FS DR U DL R D ur,2,11,38,5,4,15,3
FS DR U R DL D ur,2,11,38,5,4,13,3
FS U DL DR R D ur,2,11,38,5,4,11,3
FS U DR DL R D ur,2,11,38,5,4,13,3
FS U DR R DL D ur,2,11,38,5,4,11,3
U DR FS DL R D ur,2,11,38,5,4,13,3
U DR FS R DL D ur,2,11,38,5,4,13,3
U DR R FS DL D ur,2,11,38,5,4,9,3
U FS DL DR R D ur,2,11,38,5,4,9,2
U FS DR DL R D ur,2,11,38,5,4,13,3
U FS DR R DL D ur,2,11,38,5,4,11,3
D DR FS R DL U ur,2,9,38,6,4,15,3
D DR FS R U DL ur,2,9,38,6,4,13,3
D DR FS U DL R ur,2,9,38,6,4,15,3
D DR FS U R DL ur,2,9,38,6,4,13,3
D DR R FS DL U ur,2,9,38,6,4,11,3
D DR R FS U DL ur,2,9,38,6,4,11,3
D DR R U FS DL ur,2,9,38,6,4,9,2
D DR U FS DL R ur,2,9,38,6,4,13,3
D DR U FS R DL ur,2,9,38,6,4,13,3
D DR U R FS DL ur,2,9,38,6,4,11,3
D FS DR R DL U ur,2,9,38,6,4,15,3
D FS DR R U DL ur,2,9,38,6,4,13,3
D FS DR U DL R ur,2,9,38,6,4,17,3
D FS DR U R DL ur,2,9,38,6,4,15,3
D FS U DL DR R ur,2,9,38,6,4,13,3
D FS U DR DL R ur,2,9,38,6,4,15,3
D FS U DR R DL ur,2,9,38,6,4,13,3
D U DR FS DL R ur,2,9,38,6,4,17,4
D U DR FS R DL ur,2,9,38,6,4,17,4
D U DR R FS DL ur,2,9,38,6,4,13,4
D U FS DL DR R ur,2,9,38,6,4,13,4
D U FS DR DL R ur,2,9,38,6,4,17,4
D U FS DR R DL ur,2,9,38,6,4,15,4
FS D DR R DL U ur,2,9,38,6,4,13,3
FS D DR R U DL ur,2,9,38,6,4,11,3
FS D DR U DL R ur,2,9,38,6,4,15,3
FS D DR U R DL ur,2,9,38,6,4,13,3
FS D U DL DR R ur,2,9,38,6,4,15,4
FS D U DR DL R ur,2,9,38,6,4,17,4
FS D U DR R DL ur,2,9,38,6,4,15,4
FS U D DL DR R ur,2,9,38,6,4,13,4
FS U D DR DL R ur,2,9,38,6,4,15,4
FS U D DR R DL ur,2,9,38,6,4,13,4
FS U DL D DR R ur,2,9,38,6,4,11,3
U D DR FS DL R ur,2,9,38,6,4,15,4
U D DR FS R DL ur,2,9,38,6,4,15,4
U D DR R FS DL ur,2,9,38,6,4,11,4
U D FS DL DR R ur,2,9,38,6,4,13,4
U D FS DR DL R ur,2,9,38,6,4,17,4
U D FS DR R DL ur,2,9,38,6,4,15,4
U FS D DL DR R ur,2,9,38,6,4,11,3
U FS D DR DL R ur,2,9,38,6,4,13,3
U FS D DR R DL ur,2,9,38,6,4,11,3
U FS DL D DR R ur,2,9,38,6,4,9,3
DL R D U DR ur FS,2,12,38,7,4,17,4
DL R D U ur DR FS,2,12,38,7,4,17,4
DL R D ur U DR FS,2,12,38,7,4,15,3
DL R U D DR ur FS,2,12,38,7,4,15,4
DL R U D ur DR FS,2,12,38,7,4,15,4
DL R U DR D ur FS,2,12,38,7,4,13,3
DL R U ur D DR FS,2,12,38,7,4,13,3
DL R ur D U DR FS,2,12,38,7,4,17,4
DL R ur U D DR FS,2,12,38,7,4,17,4
DL U R D DR ur FS,2,12,38,7,4,13,3
DL U R D ur DR FS,2,12,38,7,4,13,3
DL U R DR D ur FS,2,12,38,7,4,11,3
DL U R ur D DR FS,2,12,38,7,4,13,3
DL U ur R D DR FS,2,12,38,7,4,15,3
DL ur R D U DR FS,2,12,38,7,4,17,4
DL ur R U D DR FS,2,12,38,7,4,15,4
DL ur U R D DR FS,2,12,38,7,4,13,3
R DL D U DR ur FS,2,12,38,7,4,16,4
R DL D U ur DR FS,2,12,38,7,4,16,4
R DL D ur U DR FS,2,12,38,7,4,14,3
R DL U D DR ur FS,2,12,38,7,4,16,4
R DL U D ur DR FS,2,12,38,7,4,16,4
R DL U DR D ur FS,2,12,38,7,4,14,3
R DL U ur D DR FS,2,12,38,7,4,14,3
R DL ur D U DR FS,2,12,38,7,4,16,4
R DL ur U D DR FS,2,12,38,7,4,16,4
R U DL D DR ur FS,2,12,38,7,4,12,3
R U DL D ur DR FS,2,12,38,7,4,12,3
R U DL DR D ur FS,2,12,38,7,4,12,3
R U DL ur D DR FS,2,12,38,7,4,12,3
R U DR D DL ur FS,2,12,38,7,4,12,3
R U DR DL D ur FS,2,12,38,7,4,12,3
R U ur DL D DR FS,2,12,38,7,4,12,3
R ur DL D U DR FS,2,12,38,7,4,16,4
R ur DL U D DR FS,2,12,38,7,4,16,4
R ur U DL D DR FS,2,12,38,7,4,14,3
U DL R D DR ur FS,2,12,38,7,4,14,3
U DL R D ur DR FS,2,12,38,7,4,14,3
U DL R DR D ur FS,2,12,38,7,4,12,3
U DL R ur D DR FS,2,12,38,7,4,14,3
U DL ur R D DR FS,2,12,38,7,4,14,3
U R DL D DR ur FS,2,12,38,7,4,12,3
U R DL D ur DR FS,2,12,38,7,4,12,3
U R DL DR D ur FS,2,12,38,7,4,12,3
U R DL ur D DR FS,2,12,38,7,4,12,3
U R DR D DL ur FS,2,12,38,7,4,10,3
U R DR DL D ur FS,2,12,38,7,4,10,3
U R ur DL D DR FS,2,12,38,7,4,12,3
U ur DL R D DR FS,2,12,38,7,4,14,3
U ur R DL D DR FS,2,12,38,7,4,14,3
ur DL R D U DR FS,2,12,38,7,4,17,4
ur DL R U D DR FS,2,12,38,7,4,15,4
ur DL U R D DR FS,2,12,38,7,4,13,3
ur R DL D U DR FS,2,12,38,7,4,17,4
ur R DL U D DR FS,2,12,38,7,4,17,4
ur R U DL D DR FS,2,12,38,7,4,13,3
ur U DL R D DR FS,2,12,38,7,4,15,3
ur U R DL D DR FS,2,12,38,7,4,13,3
FS R DR U DL D ur,2,12,39,5,4,11,3
R DR FS U DL D ur,2,12,39,5,4,11,3
R DR U FS DL D ur,2,12,39,5,4,9,3
R FS DR U DL D ur,2,12,39,5,4,13,3
D FS U DL ur DR R,2,9,39,7,4,12,3
D FS U ur DL DR R,2,9,39,7,4,12,3
D FS ur U DL DR R,2,9,39,7,4,14,3
D U FS DL ur DR R,2,9,39,7,4,12,4
D U FS ur DL DR R,2,9,39,7,4,14,4
D U ur FS DL DR R,2,9,39,7,4,14,4
D ur FS U DL DR R,2,9,39,7,4,12,3
D ur U FS DL DR R,2,9,39,7,4,10,3
FS D U DL ur DR R,2,9,39,7,4,14,4
FS D U ur DL DR R,2,9,39,7,4,14,4
FS D ur U DL DR R,2,9,39,7,4,12,3
FS U D DL ur DR R,2,9,39,7,4,12,4
FS U D ur DL DR R,2,9,39,7,4,12,4
FS U DL D ur DR R,2,9,39,7,4,10,3
FS U DL ur D DR R,2,9,39,7,4,10,3
FS U ur D DL DR R,2,9,39,7,4,10,3
FS U ur DL D DR R,2,9,39,7,4,10,3
FS ur D U DL DR R,2,9,39,7,4,14,4
FS ur U D DL DR R,2,9,39,7,4,14,4
FS ur U DL D DR R,2,9,39,7,4,12,3
U D FS DL ur DR R,2,9,39,7,4,12,4
U D FS ur DL DR R,2,9,39,7,4,14,4
U D ur FS DL DR R,2,9,39,7,4,12,4
U FS D DL ur DR R,2,9,39,7,4,10,2
U FS D ur DL DR R,2,9,39,7,4,10,2
U FS DL D ur DR R,2,9,39,7,4,8,2
U FS DL ur D DR R,2,9,39,7,4,8,2
U FS ur D DL DR R,2,9,39,7,4,10,3
U FS ur DL D DR R,2,9,39,7,4,10,3
U ur D FS DL DR R,2,9,39,7,4,10,3
U ur FS D DL DR R,2,9,39,7,4,12,3
U ur FS DL D DR R,2,9,39,7,4,10,3
ur D FS U DL DR R,2,9,39,7,4,11,3
ur D U FS DL DR R,2,9,39,7,4,11,4
ur FS D U DL DR R,2,9,39,7,4,15,4
ur FS U D DL DR R,2,9,39,7,4,13,4
ur FS U DL D DR R,2,9,39,7,4,11,3
ur U D FS DL DR R,2,9,39,7,4,13,4
ur U FS D DL DR R,2,9,39,7,4,11,3
ur U FS DL D DR R,2,9,39,7,4,9,3
DR D FS R DL U ur,2,11,40,6,4,14,3
DR D FS R U DL ur,2,11,40,6,4,12,3
DR D FS U DL R ur,2,11,40,6,4,14,3
DR D FS U R DL ur,2,11,40,6,4,12,3
DR D R FS DL U ur,2,11,40,6,4,12,3
DR D R FS U DL ur,2,11,40,6,4,12,3
DR D R U FS DL ur,2,11,40,6,4,10,2
DR D U FS DL R ur,2,11,40,6,4,14,4
DR D U FS R DL ur,2,11,40,6,4,14,4
DR D U R FS DL ur,2,11,40,6,4,12,4
DR FS D R DL U ur,2,11,40,6,4,16,3
DR FS D R U DL ur,2,11,40,6,4,14,3
DR FS D U DL R ur,2,11,40,6,4,18,4
DR FS D U R DL ur,2,11,40,6,4,16,4
DR FS R D DL U ur,2,11,40,6,4,14,3
DR FS R D U DL ur,2,11,40,6,4,16,4
DR FS R U D DL ur,2,11,40,6,4,14,4
DR FS U D DL R ur,2,11,40,6,4,16,4
DR FS U D R DL ur,2,11,40,6,4,16,4
DR FS U DL D R ur,2,11,40,6,4,14,3
DR FS U R D DL ur,2,11,40,6,4,12,3
DR R D FS DL U ur,2,11,40,6,4,12,3
DR R D FS U DL ur,2,11,40,6,4,12,3
DR R D U FS DL ur,2,11,40,6,4,12,4
DR R FS D DL U ur,2,11,40,6,4,12,3
DR R FS D U DL ur,2,11,40,6,4,14,4
DR R FS U D DL ur,2,11,40,6,4,12,4
DR R U D FS DL ur,2,11,40,6,4,12,4
DR R U FS D DL ur,2,11,40,6,4,10,2
DR U D FS DL R ur,2,11,40,6,4,16,4
DR U D FS R DL ur,2,11,40,6,4,16,4
DR U D R FS DL ur,2,11,40,6,4,14,4
DR U FS D DL R ur,2,11,40,6,4,14,3
DR U FS D R DL ur,2,11,40,6,4,14,3
DR U FS DL D R ur,2,11,40,6,4,12,3
DR U FS R D DL ur,2,11,40,6,4,12,3
DR U R D FS DL ur,2,11,40,6,4,12,3
DR U R FS D DL ur,2,11,40,6,4,12,3
FS DR D R DL U ur,2,11,40,6,4,15,3
FS DR D R U DL ur,2,11,40,6,4,13,3
FS DR D U DL R ur,2,11,40,6,4,17,4
FS DR D U R DL ur,2,11,40,6,4,15,4
FS DR R D DL U ur,2,11,40,6,4,13,3
FS DR R D U DL ur,2,11,40,6,4,15,4
FS DR R U D DL ur,2,11,40,6,4,13,4
FS DR U D DL R ur,2,11,40,6,4,17,4
FS DR U D R DL ur,2,11,40,6,4,17,4
FS DR U DL D R ur,2,11,40,6,4,15,3
FS DR U R D DL ur,2,11,40,6,4,13,3
FS U DL DR D R ur,2,11,40,6,4,13,3
FS U DR D DL R ur,2,11,40,6,4,13,3
FS U DR D R DL ur,2,11,40,6,4,13,3
FS U DR DL D R ur,2,11,40,6,4,13,3
FS U DR R D DL ur,2,11,40,6,4,11,3
U DR D FS DL R ur,2,11,40,6,4,13,3
U DR D FS R DL ur,2,11,40,6,4,13,3
U DR D R FS DL ur,2,11,40,6,4,11,3
U DR FS D DL R ur,2,11,40,6,4,15,3
U DR FS D R DL ur,2,11,40,6,4,15,3
U DR FS DL D R ur,2,11,40,6,4,13,3
U DR FS R D DL ur,2,11,40,6,4,13,3
U DR R D FS DL ur,2,11,40,6,4,11,3
U DR R FS D DL ur,2,11,40,6,4,11,3
U FS DL DR D R ur,2,11,40,6,4,11,3
U FS DR D DL R ur,2,11,40,6,4,13,3
U FS DR D R DL ur,2,11,40,6,4,13,3
U FS DR DL D R ur,2,11,40,6,4,13,3
U FS DR R D DL ur,2,11,40,6,4,11,3
DL DR R U ur D FS,2,12,40,6,4,11,3
DL DR R ur D U FS,2,12,40,6,4,13,4
DL DR R ur U D FS,2,12,40,6,4,15,4
DL DR U R ur D FS,2,12,40,6,4,13,3
DL DR U ur D R FS,2,12,40,6,4,13,3
DL DR U ur R D FS,2,12,40,6,4,15,3
DL DR ur D R U FS,2,12,40,6,4,11,2
DL DR ur D U R FS,2,12,40,6,4,13,4
DL DR ur R D U FS,2,12,40,6,4,15,4
DL DR ur R U D FS,2,12,40,6,4,15,4
DL DR ur U D R FS,2,12,40,6,4,15,4
DL DR ur U R D FS,2,12,40,6,4,13,3
DL U DR R ur D FS,2,12,40,6,4,13,3
DL U DR ur D R FS,2,12,40,6,4,13,3
DL U DR ur R D FS,2,12,40,6,4,15,3
DL U ur DR D R FS,2,12,40,6,4,13,3
DL U ur DR R D FS,2,12,40,6,4,13,3
DL ur DR D R U FS,2,12,40,6,4,11,2
DL ur DR D U R FS,2,12,40,6,4,13,4
DL ur DR R D U FS,2,12,40,6,4,13,4
DL ur DR R U D FS,2,12,40,6,4,13,4
DL ur DR U D R FS,2,12,40,6,4,15,4
DL ur DR U R D FS,2,12,40,6,4,13,3
DL ur U DR D R FS,2,12,40,6,4,13,3
DL ur U DR R D FS,2,12,40,6,4,13,3
DR DL R U ur D FS,2,12,40,6,4,13,3
DR DL R ur D U FS,2,12,40,6,4,15,4
DR DL R ur U D FS,2,12,40,6,4,17,4
DR DL U R ur D FS,2,12,40,6,4,13,3
DR DL U ur D R FS,2,12,40,6,4,13,3
DR DL U ur R D FS,2,12,40,6,4,15,3
DR DL ur D R U FS,2,12,40,6,4,11,2
DR DL ur D U R FS,2,12,40,6,4,13,4
DR DL ur R D U FS,2,12,40,6,4,15,4
DR DL ur R U D FS,2,12,40,6,4,15,4
DR DL ur U D R FS,2,12,40,6,4,15,4
DR DL ur U R D FS,2,12,40,6,4,13,3
DR R DL U ur D FS,2,12,40,6,4,13,3
DR R DL ur D U FS,2,12,40,6,4,13,4
DR R DL ur U D FS,2,12,40,6,4,15,4
DR R U DL ur D FS,2,12,40,6,4,11,3
DR R U ur DL D FS,2,12,40,6,4,11,3
DR R ur DL D U FS,2,12,40,6,4,13,4
DR R ur DL U D FS,2,12,40,6,4,15,4
DR R ur U DL D FS,2,12,40,6,4,13,3
DR U DL R ur D FS,2,12,40,6,4,15,3
DR U DL ur D R FS,2,12,40,6,4,13,3
DR U DL ur R D FS,2,12,40,6,4,15,3
DR U R DL ur D FS,2,12,40,6,4,13,3
DR U R ur DL D FS,2,12,40,6,4,13,3
DR U ur DL D R FS,2,12,40,6,4,13,3
DR U ur DL R D FS,2,12,40,6,4,15,3
DR U ur R DL D FS,2,12,40,6,4,15,3
DR ur DL D R U FS,2,12,40,6,4,11,2
DR ur DL D U R FS,2,12,40,6,4,13,4
DR ur DL R D U FS,2,12,40,6,4,15,4
DR ur DL R U D FS,2,12,40,6,4,15,4
DR ur DL U D R FS,2,12,40,6,4,15,4
DR ur DL U R D FS,2,12,40,6,4,13,3
DR ur R DL D U FS,2,12,40,6,4,15,4
DR ur R DL U D FS,2,12,40,6,4,17,4
DR ur R U DL D FS,2,12,40,6,4,13,3
DR ur U DL D R FS,2,12,40,6,4,13,3
DR ur U DL R D FS,2,12,40,6,4,15,3
DR ur U R DL D FS,2,12,40,6,4,13,3
U DL DR R ur D FS,2,12,40,6,4,12,3
U DL DR ur D R FS,2,12,40,6,4,12,3
U DL DR ur R D FS,2,12,40,6,4,14,3
U DL ur DR D R FS,2,12,40,6,4,12,3
U DL ur DR R D FS,2,12,40,6,4,12,3
U DR DL R ur D FS,2,12,40,6,4,14,3
U DR DL ur D R FS,2,12,40,6,4,12,3
U DR DL ur R D FS,2,12,40,6,4,14,3
U DR R DL ur D FS,2,12,40,6,4,12,3
U DR R ur DL D FS,2,12,40,6,4,12,3
U DR ur DL D R FS,2,12,40,6,4,12,3
U DR ur DL R D FS,2,12,40,6,4,14,3
U DR ur R DL D FS,2,12,40,6,4,14,3
U ur DL DR D R FS,2,12,40,6,4,12,3
U ur DL DR R D FS,2,12,40,6,4,12,3
U ur DR DL D R FS,2,12,40,6,4,12,3
U ur DR DL R D FS,2,12,40,6,4,14,3
U ur DR R DL D FS,2,12,40,6,4,12,3
ur DL DR D R U FS,2,12,40,6,4,11,2
ur DL DR D U R FS,2,12,40,6,4,13,4
ur DL DR R D U FS,2,12,40,6,4,13,4
ur DL DR R U D FS,2,12,40,6,4,13,4
ur DL DR U D R FS,2,12,40,6,4,15,4
ur DL DR U R D FS,2,12,40,6,4,13,3
ur DL U DR D R FS,2,12,40,6,4,13,3
ur DL U DR R D FS,2,12,40,6,4,13,3
ur DR DL D R U FS,2,12,40,6,4,11,2
ur DR DL D U R FS,2,12,40,6,4,13,4
ur DR DL R D U FS,2,12,40,6,4,15,4
ur DR DL R U D FS,2,12,40,6,4,15,4
ur DR DL U D R FS,2,12,40,6,4,15,4
ur DR DL U R D FS,2,12,40,6,4,13,3
ur DR R DL D U FS,2,12,40,6,4,13,4
ur DR R DL U D FS,2,12,40,6,4,15,4
ur DR R U DL D FS,2,12,40,6,4,11,3
ur DR U DL D R FS,2,12,40,6,4,13,3
ur DR U DL R D FS,2,12,40,6,4,15,3
ur DR U R DL D FS,2,12,40,6,4,13,3
ur U DL DR D R FS,2,12,40,6,4,13,3
ur U DL DR R D FS,2,12,40,6,4,13,3
ur U DR DL D R FS,2,12,40,6,4,13,3
ur U DR DL R D FS,2,12,40,6,4,15,3
ur U DR R DL D FS,2,12,40,6,4,13,3
D DL DR R U ur FS,2,12,40,7,4,12,3
D DL DR R ur U FS,2,12,40,7,4,12,3
D DL DR U R ur FS,2,12,40,7,4,14,3
D DL DR U ur R FS,2,12,40,7,4,14,3
D DL DR ur R U FS,2,12,40,7,4,12,3
D DL DR ur U R FS,2,12,40,7,4,12,3
D DL R DR U ur FS,2,12,40,7,4,14,3
D DL R DR ur U FS,2,12,40,7,4,12,3
D DL U DR R ur FS,2,12,40,7,4,14,3
D DL U DR ur R FS,2,12,40,7,4,14,3
D DR DL R U ur FS,2,12,40,7,4,14,3
D DR DL R ur U FS,2,12,40,7,4,14,3
D DR DL U R ur FS,2,12,40,7,4,14,3
D DR DL U ur R FS,2,12,40,7,4,14,3
D DR DL ur R U FS,2,12,40,7,4,12,3
D DR DL ur U R FS,2,12,40,7,4,12,3
D DR R DL U ur FS,2,12,40,7,4,14,3
D DR R DL ur U FS,2,12,40,7,4,12,3
D DR R U DL ur FS,2,12,40,7,4,12,3
D DR U DL R ur FS,2,12,40,7,4,16,3
D DR U DL ur R FS,2,12,40,7,4,14,3
D DR U R DL ur FS,2,12,40,7,4,14,3
D R DR U ur DL FS,2,12,40,7,4,12,3
D R DR ur DL U FS,2,12,40,7,4,12,3
D R DR ur U DL FS,2,12,40,7,4,12,3
D R ur DR DL U FS,2,12,40,7,4,14,3
D R ur DR U DL FS,2,12,40,7,4,14,3
D U DL DR R ur FS,2,12,40,7,4,16,4
D U DL DR ur R FS,2,12,40,7,4,16,4
D U DR DL R ur FS,2,12,40,7,4,18,4
D U DR DL ur R FS,2,12,40,7,4,16,4
D U DR R DL ur FS,2,12,40,7,4,16,4
D ur R DR DL U FS,2,12,40,7,4,12,3
D ur R DR U DL FS,2,12,40,7,4,12,3
DL D DR R U ur FS,2,12,40,7,4,11,3
DL D DR R ur U FS,2,12,40,7,4,11,3
DL D DR U R ur FS,2,12,40,7,4,13,3
DL D DR U ur R FS,2,12,40,7,4,13,3
DL D DR ur R U FS,2,12,40,7,4,11,3
DL D DR ur U R FS,2,12,40,7,4,11,3
DL D R DR U ur FS,2,12,40,7,4,13,3
DL D R DR ur U FS,2,12,40,7,4,11,3
DL D U DR R ur FS,2,12,40,7,4,15,4
DL D U DR ur R FS,2,12,40,7,4,15,4
DL U D DR R ur FS,2,12,40,7,4,15,4
DL U D DR ur R FS,2,12,40,7,4,15,4
R D DR U ur DL FS,2,12,40,7,4,12,3
R D DR ur DL U FS,2,12,40,7,4,12,3
R D DR ur U DL FS,2,12,40,7,4,12,3
R D ur DR DL U FS,2,12,40,7,4,12,3
R D ur DR U DL FS,2,12,40,7,4,12,3
R ur D DR DL U FS,2,12,40,7,4,12,3
R ur D DR U DL FS,2,12,40,7,4,12,3
U D DL DR R ur FS,2,12,40,7,4,14,4
U D DL DR ur R FS,2,12,40,7,4,14,4
U D DR DL R ur FS,2,12,40,7,4,16,4
U D DR DL ur R FS,2,12,40,7,4,14,4
U D DR R DL ur FS,2,12,40,7,4,14,4
U DL D DR R ur FS,2,12,40,7,4,12,3
U DL D DR ur R FS,2,12,40,7,4,12,3
ur D R DR DL U FS,2,12,40,7,4,11,3
ur D R DR U DL FS,2,12,40,7,4,11,3
ur R D DR DL U FS,2,12,40,7,4,13,3
ur R D DR U DL FS,2,12,40,7,4,13,3
DL R DR U ur D FS,2,12,41,6,4,13,3
DL R DR ur D U FS,2,12,41,6,4,13,4
DL R DR ur U D FS,2,12,41,6,4,15,4
DL R ur DR D U FS,2,12,41,6,4,15,4
DL R ur DR U D FS,2,12,41,6,4,17,4
DL ur R DR D U FS,2,12,41,6,4,13,4
DL ur R DR U D FS,2,12,41,6,4,15,4
FS R DR D DL U ur,2,12,41,6,4,11,3
FS R DR D U DL ur,2,12,41,6,4,13,4
FS R DR U D DL ur,2,12,41,6,4,13,4
R DL DR U ur D FS,2,12,41,6,4,14,3
R DL DR ur D U FS,2,12,41,6,4,14,4
R DL DR ur U D FS,2,12,41,6,4,16,4
R DL ur DR D U FS,2,12,41,6,4,14,4
R DL ur DR U D FS,2,12,41,6,4,16,4
R DR D FS DL U ur,2,12,41,6,4,11,3
R DR D FS U DL ur,2,12,41,6,4,11,3
R DR D U FS DL ur,2,12,41,6,4,11,4
R DR DL U ur D FS,2,12,41,6,4,12,3
R DR DL ur D U FS,2,12,41,6,4,12,4
R DR DL ur U D FS,2,12,41,6,4,14,4
R DR FS D DL U ur,2,12,41,6,4,13,3
R DR FS D U DL ur,2,12,41,6,4,15,4
R DR FS U D DL ur,2,12,41,6,4,13,4
R DR U D FS DL ur,2,12,41,6,4,13,4
R DR U DL ur D FS,2,12,41,6,4,12,3
R DR U FS D DL ur,2,12,41,6,4,11,3
R DR U ur DL D FS,2,12,41,6,4,12,3
R DR ur DL D U FS,2,12,41,6,4,12,4
R DR ur DL U D FS,2,12,41,6,4,14,4
R DR ur U DL D FS,2,12,41,6,4,12,3
R FS DR D DL U ur,2,12,41,6,4,13,3
R FS DR D U DL ur,2,12,41,6,4,15,4
R FS DR U D DL ur,2,12,41,6,4,15,4
R ur DL DR D U FS,2,12,41,6,4,14,4
R ur DL DR U D FS,2,12,41,6,4,16,4
R ur DR DL D U FS,2,12,41,6,4,14,4
R ur DR DL U D FS,2,12,41,6,4,16,4
R ur DR U DL D FS,2,12,41,6,4,14,3
ur DL R DR D U FS,2,12,41,6,4,13,4
ur DL R DR U D FS,2,12,41,6,4,15,4
ur R DL DR D U FS,2,12,41,6,4,15,4
ur R DL DR U D FS,2,12,41,6,4,17,4
ur R DR DL D U FS,2,12,41,6,4,13,4
ur R DR DL U D FS,2,12,41,6,4,15,4
ur R DR U DL D FS,2,12,41,6,4,13,3
D FS U DL R ur DR,2,9,41,8,4,15,3
D FS U DL ur R DR,2,9,41,8,4,13,3
D FS U ur DL R DR,2,9,41,8,4,13,3
D FS ur U DL R DR,2,9,41,8,4,15,3
D U FS DL R ur DR,2,9,41,8,4,15,4
D U FS DL ur R DR,2,9,41,8,4,13,4
D U FS ur DL R DR,2,9,41,8,4,15,4
D U ur FS DL R DR,2,9,41,8,4,15,4
D ur FS U DL R DR,2,9,41,8,4,13,3
D ur U FS DL R DR,2,9,41,8,4,11,3
FS D U DL R ur DR,2,9,41,8,4,17,4
FS D U DL ur R DR,2,9,41,8,4,15,4
FS D U ur DL R DR,2,9,41,8,4,15,4
FS D ur U DL R DR,2,9,41,8,4,13,3
FS U D DL R ur DR,2,9,41,8,4,15,4
FS U D DL ur R DR,2,9,41,8,4,13,4
FS U D ur DL R DR,2,9,41,8,4,13,4
FS U DL D R ur DR,2,9,41,8,4,13,3
FS U DL D ur R DR,2,9,41,8,4,11,3
FS U DL ur D R DR,2,9,41,8,4,11,3
FS U ur D DL R DR,2,9,41,8,4,11,3
FS U ur DL D R DR,2,9,41,8,4,11,3
FS ur D U DL R DR,2,9,41,8,4,15,4
FS ur U D DL R DR,2,9,41,8,4,15,4
FS ur U DL D R DR,2,9,41,8,4,13,3
U D FS DL R ur DR,2,9,41,8,4,15,4
U D FS DL ur R DR,2,9,41,8,4,13,4
U D FS ur DL R DR,2,9,41,8,4,15,4
U D ur FS DL R DR,2,9,41,8,4,13,4
U FS D DL R ur DR,2,9,41,8,4,13,3
U FS D DL ur R DR,2,9,41,8,4,11,3
U FS D ur DL R DR,2,9,41,8,4,11,3
U FS DL D R ur DR,2,9,41,8,4,11,3
U FS DL D ur R DR,2,9,41,8,4,9,3
U FS DL ur D R DR,2,9,41,8,4,9,2
U FS ur D DL R DR,2,9,41,8,4,11,3
U FS ur DL D R DR,2,9,41,8,4,11,3
U ur D FS DL R DR,2,9,41,8,4,11,3
U ur FS D DL R DR,2,9,41,8,4,13,3
U ur FS DL D R DR,2,9,41,8,4,11,3
ur D FS U DL R DR,2,9,41,8,4,12,3
ur D U FS DL R DR,2,9,41,8,4,12,4
ur FS D U DL R DR,2,9,41,8,4,16,4
ur FS U D DL R DR,2,9,41,8,4,14,4
ur FS U DL D R DR,2,9,41,8,4,12,3
ur U D FS DL R DR,2,9,41,8,4,14,4
ur U FS D DL R DR,2,9,41,8,4,12,3
ur U FS DL D R DR,2,9,41,8,4,10,3
DL DR D R U ur FS,2,12,42,7,4,13,3
DL DR D R ur U FS,2,12,42,7,4,13,3
DL DR D U R ur FS,2,12,42,7,4,15,4
DL DR D U ur R FS,2,12,42,7,4,15,4
DL DR D ur R U FS,2,12,42,7,4,11,3
DL DR D ur U R FS,2,12,42,7,4,11,3
DL DR R D U ur FS,2,12,42,7,4,15,4
DL DR R D ur U FS,2,12,42,7,4,11,3
DL DR R U D ur FS,2,12,42,7,4,13,4
DL DR U D R ur FS,2,12,42,7,4,17,4
DL DR U D ur R FS,2,12,42,7,4,15,4
DL DR U R D ur FS,2,12,42,7,4,13,3
DL U DR D R ur FS,2,12,42,7,4,15,3
DL U DR D ur R FS,2,12,42,7,4,13,3
DL U DR R D ur FS,2,12,42,7,4,13,3
DR D DL R U ur FS,2,12,42,7,4,13,3
DR D DL R ur U FS,2,12,42,7,4,13,3
DR D DL U R ur FS,2,12,42,7,4,13,3
DR D DL U ur R FS,2,12,42,7,4,13,3
DR D DL ur R U FS,2,12,42,7,4,11,3
DR D DL ur U R FS,2,12,42,7,4,11,3
DR D R DL U ur FS,2,12,42,7,4,15,3
DR D R DL ur U FS,2,12,42,7,4,13,3
DR D R U DL ur FS,2,12,42,7,4,13,3
DR D U DL R ur FS,2,12,42,7,4,17,4
DR D U DL ur R FS,2,12,42,7,4,15,4
DR D U R DL ur FS,2,12,42,7,4,15,4
DR DL D R U ur FS,2,12,42,7,4,13,3
DR DL D R ur U FS,2,12,42,7,4,13,3
DR DL D U R ur FS,2,12,42,7,4,15,4
DR DL D U ur R FS,2,12,42,7,4,15,4
DR DL D ur R U FS,2,12,42,7,4,11,3
DR DL D ur U R FS,2,12,42,7,4,11,3
DR DL R D U ur FS,2,12,42,7,4,17,4
DR DL R D ur U FS,2,12,42,7,4,13,3
DR DL R U D ur FS,2,12,42,7,4,15,4
DR DL U D R ur FS,2,12,42,7,4,17,4
DR DL U D ur R FS,2,12,42,7,4,15,4
DR DL U R D ur FS,2,12,42,7,4,13,3
DR R D DL U ur FS,2,12,42,7,4,13,3
DR R D DL ur U FS,2,12,42,7,4,11,3
DR R D U DL ur FS,2,12,42,7,4,15,4
DR R DL D U ur FS,2,12,42,7,4,15,4
DR R DL D ur U FS,2,12,42,7,4,11,3
DR R DL U D ur FS,2,12,42,7,4,15,4
DR R U D DL ur FS,2,12,42,7,4,13,4
DR R U DL D ur FS,2,12,42,7,4,11,3
DR U D DL R ur FS,2,12,42,7,4,17,4
DR U D DL ur R FS,2,12,42,7,4,15,4
DR U D R DL ur FS,2,12,42,7,4,17,4
DR U DL D R ur FS,2,12,42,7,4,15,3
DR U DL D ur R FS,2,12,42,7,4,13,3
DR U DL R D ur FS,2,12,42,7,4,15,3
DR U R D DL ur FS,2,12,42,7,4,13,3
DR U R DL D ur FS,2,12,42,7,4,13,3
FS R U DL DR ur D,2,12,42,7,4,12,3
FS R U DL ur DR D,2,12,42,7,4,12,3
FS R U DR DL ur D,2,12,42,7,4,12,3
FS R U DR ur DL D,2,12,42,7,4,12,3
FS R U ur DL DR D,2,12,42,7,4,12,3
FS R U ur DR DL D,2,12,42,7,4,12,3
FS R ur U DL DR D,2,12,42,7,4,14,3
FS R ur U DR DL D,2,12,42,7,4,14,3
FS U DL R DR ur D,2,12,42,7,4,12,3
FS U DL R ur DR D,2,12,42,7,4,14,3
FS U DL ur R DR D,2,12,42,7,4,12,3
FS U R DL DR ur D,2,12,42,7,4,12,3
FS U R DL ur DR D,2,12,42,7,4,12,3
FS U R DR DL ur D,2,12,42,7,4,10,2
FS U R DR ur DL D,2,12,42,7,4,10,2
FS U R ur DL DR D,2,12,42,7,4,12,3
FS U R ur DR DL D,2,12,42,7,4,12,3
FS U ur DL R DR D,2,12,42,7,4,12,3
FS U ur R DL DR D,2,12,42,7,4,14,3
FS U ur R DR DL D,2,12,42,7,4,12,3
FS ur R U DL DR D,2,12,42,7,4,14,3
FS ur R U DR DL D,2,12,42,7,4,14,3
FS ur U DL R DR D,2,12,42,7,4,14,3
FS ur U R DL DR D,2,12,42,7,4,14,3
FS ur U R DR DL D,2,12,42,7,4,12,3
R FS U DL DR ur D,2,12,42,7,4,12,3
R FS U DL ur DR D,2,12,42,7,4,12,3
R FS U DR DL ur D,2,12,42,7,4,12,3
R FS U DR ur DL D,2,12,42,7,4,12,3
R FS U ur DL DR D,2,12,42,7,4,12,3
R FS U ur DR DL D,2,12,42,7,4,12,3
R FS ur U DL DR D,2,12,42,7,4,14,3
R FS ur U DR DL D,2,12,42,7,4,14,3
R U DR FS DL ur D,2,12,42,7,4,12,3
R U DR FS ur DL D,2,12,42,7,4,14,3
R U DR ur FS DL D,2,12,42,7,4,12,3
R U FS DL DR ur D,2,12,42,7,4,10,2
R U FS DL ur DR D,2,12,42,7,4,10,2
R U FS DR DL ur D,2,12,42,7,4,12,3
R U FS DR ur DL D,2,12,42,7,4,12,3
R U FS ur DL DR D,2,12,42,7,4,12,3
R U FS ur DR DL D,2,12,42,7,4,12,3
R U ur DR FS DL D,2,12,42,7,4,12,3
R U ur FS DL DR D,2,12,42,7,4,12,3
R U ur FS DR DL D,2,12,42,7,4,14,3
R ur FS U DL DR D,2,12,42,7,4,14,3
R ur FS U DR DL D,2,12,42,7,4,14,3
R ur U DR FS DL D,2,12,42,7,4,14,3
R ur U FS DL DR D,2,12,42,7,4,12,3
R ur U FS DR DL D,2,12,42,7,4,14,3
U DL DR D R ur FS,2,12,42,7,4,14,3
U DL DR D ur R FS,2,12,42,7,4,12,3
U DL DR R D ur FS,2,12,42,7,4,12,3
U DR D DL R ur FS,2,12,42,7,4,14,3
U DR D DL ur R FS,2,12,42,7,4,12,3
U DR D R DL ur FS,2,12,42,7,4,14,3
U DR DL D R ur FS,2,12,42,7,4,14,3
U DR DL D ur R FS,2,12,42,7,4,12,3
U DR DL R D ur FS,2,12,42,7,4,14,3
U DR R D DL ur FS,2,12,42,7,4,12,3
U DR R DL D ur FS,2,12,42,7,4,12,3
U FS DL R DR ur D,2,12,42,7,4,10,3
U FS DL R ur DR D,2,12,42,7,4,12,3
U FS DL ur R DR D,2,12,42,7,4,10,3
U FS R DL DR ur D,2,12,42,7,4,12,3
U FS R DL ur DR D,2,12,42,7,4,12,3
U FS R DR DL ur D,2,12,42,7,4,10,2
U FS R DR ur DL D,2,12,42,7,4,10,2
U FS R ur DL DR D,2,12,42,7,4,12,3
U FS R ur DR DL D,2,12,42,7,4,12,3
U FS ur DL R DR D,2,12,42,7,4,12,3
U FS ur R DL DR D,2,12,42,7,4,14,3
U FS ur R DR DL D,2,12,42,7,4,12,3
U R DR FS DL ur D,2,12,42,7,4,10,3
U R DR FS ur DL D,2,12,42,7,4,12,3
U R DR ur FS DL D,2,12,42,7,4,10,3
U R FS DL DR ur D,2,12,42,7,4,10,2
U R FS DL ur DR D,2,12,42,7,4,10,2
U R FS DR DL ur D,2,12,42,7,4,12,3
U R FS DR ur DL D,2,12,42,7,4,12,3
U R FS ur DL DR D,2,12,42,7,4,12,3
U R FS ur DR DL D,2,12,42,7,4,12,3
U R ur DR FS DL D,2,12,42,7,4,12,3
U R ur FS DL DR D,2,12,42,7,4,12,3
U R ur FS DR DL D,2,12,42,7,4,14,3
U ur FS DL R DR D,2,12,42,7,4,12,3
U ur FS R DL DR D,2,12,42,7,4,14,3
U ur FS R DR DL D,2,12,42,7,4,12,3
U ur R DR FS DL D,2,12,42,7,4,12,3
U ur R FS DL DR D,2,12,42,7,4,12,3
U ur R FS DR DL D,2,12,42,7,4,14,3
ur FS R U DL DR D,2,12,42,7,4,13,3
ur FS R U DR DL D,2,12,42,7,4,13,3
ur FS U DL R DR D,2,12,42,7,4,13,3
ur FS U R DL DR D,2,12,42,7,4,13,3
ur FS U R DR DL D,2,12,42,7,4,11,3
ur R FS U DL DR D,2,12,42,7,4,13,3
ur R FS U DR DL D,2,12,42,7,4,13,3
ur R U DR FS DL D,2,12,42,7,4,13,3
ur R U FS DL DR D,2,12,42,7,4,11,3
ur R U FS DR DL D,2,12,42,7,4,13,3
ur U FS DL R DR D,2,12,42,7,4,11,3
ur U FS R DL DR D,2,12,42,7,4,13,3
ur U FS R DR DL D,2,12,42,7,4,11,3
ur U R DR FS DL D,2,12,42,7,4,11,3
ur U R FS DL DR D,2,12,42,7,4,11,3
ur U R FS DR DL D,2,12,42,7,4,13,3
D DL FS R DR U ur,2,12,43,6,4,11,3
D DL FS R U DR ur,2,12,43,6,4,11,3
D DL FS U R DR ur,2,12,43,6,4,9,2
D DL R FS DR U ur,2,12,43,6,4,15,3
D DL R FS U DR ur,2,12,43,6,4,13,3
D FS DL R DR U ur,2,12,43,6,4,13,3
D FS DL R U DR ur,2,12,43,6,4,13,3
D FS DL U R DR ur,2,12,43,6,4,11,3
DL D FS R DR U ur,2,12,43,6,4,12,3
DL D FS R U DR ur,2,12,43,6,4,12,3
DL D FS U R DR ur,2,12,43,6,4,10,2
DL D R FS DR U ur,2,12,43,6,4,14,3
DL D R FS U DR ur,2,12,43,6,4,12,3
DL FS D R DR U ur,2,12,43,6,4,12,3
DL FS D R U DR ur,2,12,43,6,4,12,3
DL FS D U R DR ur,2,12,43,6,4,12,4
DL FS U D R DR ur,2,12,43,6,4,12,4
FS D DL R DR U ur,2,12,43,6,4,13,3
FS D DL R U DR ur,2,12,43,6,4,13,3
FS D DL U R DR ur,2,12,43,6,4,11,3
FS DL D R DR U ur,2,12,43,6,4,11,3
FS DL D R U DR ur,2,12,43,6,4,11,3
FS DL D U R DR ur,2,12,43,6,4,11,4
FS DL U D R DR ur,2,12,43,6,4,13,4
DL R D DR U ur FS,2,12,43,7,4,15,3
DL R D DR ur U FS,2,12,43,7,4,13,3
DL R DR D U ur FS,2,12,43,7,4,15,4
DL R DR D ur U FS,2,12,43,7,4,11,3
DL R DR U D ur FS,2,12,43,7,4,15,4
R DL D DR U ur FS,2,12,43,7,4,14,3
R DL D DR ur U FS,2,12,43,7,4,12,3
R DL DR D U ur FS,2,12,43,7,4,16,4
R DL DR D ur U FS,2,12,43,7,4,12,3
R DL DR U D ur FS,2,12,43,7,4,16,4
R DR D DL U ur FS,2,12,43,7,4,12,3
R DR D DL ur U FS,2,12,43,7,4,10,3
R DR D U DL ur FS,2,12,43,7,4,14,4
R DR DL D U ur FS,2,12,43,7,4,14,4
R DR DL D ur U FS,2,12,43,7,4,10,3
R DR DL U D ur FS,2,12,43,7,4,14,4
R DR U D DL ur FS,2,12,43,7,4,14,4
R DR U DL D ur FS,2,12,43,7,4,12,3
DL FS R U DR D ur,2,12,44,5,4,10,3
DL FS U R DR D ur,2,12,44,5,4,8,2
DL R FS U DR D ur,2,12,44,5,4,12,3
FS DL R U DR D ur,2,12,44,5,4,11,3
FS DL U R DR D ur,2,12,44,5,4,9,3
FS R DL U DR D ur,2,12,44,5,4,13,3
R DL FS U DR D ur,2,12,44,5,4,11,3
R FS DL U DR D ur,2,12,44,5,4,11,3
D DR FS ur DL R U,2,9,44,7,4,14,3
D DR FS ur DL U R,2,9,44,7,4,14,3
D DR ur DL FS R U,2,9,44,7,4,10,2
D DR ur DL FS U R,2,9,44,7,4,10,2
D DR ur FS DL R U,2,9,44,7,4,12,3
D DR ur FS DL U R,2,9,44,7,4,12,3
D FS DR ur DL R U,2,9,44,7,4,14,3
D FS DR ur DL U R,2,9,44,7,4,14,3
D FS ur DR DL R U,2,9,44,7,4,14,3
D FS ur DR DL U R,2,9,44,7,4,14,3
D ur DR DL FS R U,2,9,44,7,4,10,2
D ur DR DL FS U R,2,9,44,7,4,10,2
D ur DR FS DL R U,2,9,44,7,4,12,3
D ur DR FS DL U R,2,9,44,7,4,12,3
D ur FS DR DL R U,2,9,44,7,4,14,3
D ur FS DR DL U R,2,9,44,7,4,14,3
FS D DR ur DL R U,2,9,44,7,4,12,3
FS D DR ur DL U R,2,9,44,7,4,12,3
FS D ur DR DL R U,2,9,44,7,4,12,3
FS D ur DR DL U R,2,9,44,7,4,12,3
FS ur D DR DL R U,2,9,44,7,4,12,3
FS ur D DR DL U R,2,9,44,7,4,12,3
ur D DR DL FS R U,2,9,44,7,4,9,2
ur D DR DL FS U R,2,9,44,7,4,9,2
ur D DR FS DL R U,2,9,44,7,4,11,3
ur D DR FS DL U R,2,9,44,7,4,11,3
ur D FS DR DL R U,2,9,44,7,4,13,3
ur D FS DR DL U R,2,9,44,7,4,13,3
ur FS D DR DL R U,2,9,44,7,4,13,3
ur FS D DR DL U R,2,9,44,7,4,13,3
FS R U DL D ur DR,2,12,44,8,4,11,3
FS R U DL ur D DR,2,12,44,8,4,11,3
FS R U DR D ur DL,2,12,44,8,4,11,3
FS R U DR ur D DL,2,12,44,8,4,11,3
FS R U ur DL D DR,2,12,44,8,4,11,3
FS R U ur DR D DL,2,12,44,8,4,11,3
FS R ur U DL D DR,2,12,44,8,4,13,3
FS R ur U DR D DL,2,12,44,8,4,13,3
FS U DL R D ur DR,2,12,44,8,4,13,3
FS U DL R ur D DR,2,12,44,8,4,13,3
FS U DL ur R D DR,2,12,44,8,4,13,3
FS U R DL D ur DR,2,12,44,8,4,11,3
FS U R DL ur D DR,2,12,44,8,4,11,3
FS U R DR D ur DL,2,12,44,8,4,9,2
FS U R DR ur D DL,2,12,44,8,4,9,2
FS U R ur DL D DR,2,12,44,8,4,11,3
FS U R ur DR D DL,2,12,44,8,4,11,3
FS U ur DL R D DR,2,12,44,8,4,13,3
FS U ur R DL D DR,2,12,44,8,4,13,3
FS U ur R DR D DL,2,12,44,8,4,11,3
FS ur R U DL D DR,2,12,44,8,4,13,3
FS ur R U DR D DL,2,12,44,8,4,13,3
FS ur U DL R D DR,2,12,44,8,4,15,3
FS ur U R DL D DR,2,12,44,8,4,13,3
FS ur U R DR D DL,2,12,44,8,4,11,3
R FS U DL D ur DR,2,12,44,8,4,11,3
R FS U DL ur D DR,2,12,44,8,4,11,3
R FS U DR D ur DL,2,12,44,8,4,11,3
R FS U DR ur D DL,2,12,44,8,4,11,3
R FS U ur DL D DR,2,12,44,8,4,11,3
R FS U ur DR D DL,2,12,44,8,4,11,3
R FS ur U DL D DR,2,12,44,8,4,13,3
R FS ur U DR D DL,2,12,44,8,4,13,3
R U DR D FS ur DL,2,12,44,8,4,13,3
R U DR D ur FS DL,2,12,44,8,4,11,3
R U DR FS D ur DL,2,12,44,8,4,13,3
R U DR FS ur D DL,2,12,44,8,4,13,3
R U DR ur D FS DL,2,12,44,8,4,11,3
R U DR ur FS D DL,2,12,44,8,4,13,3
R U FS DL D ur DR,2,12,44,8,4,9,2
R U FS DL ur D DR,2,12,44,8,4,9,2
R U FS DR D ur DL,2,12,44,8,4,11,3
R U FS DR ur D DL,2,12,44,8,4,11,3
R U FS ur DL D DR,2,12,44,8,4,11,3
R U FS ur DR D DL,2,12,44,8,4,11,3
R U ur DR D FS DL,2,12,44,8,4,11,3
R U ur DR FS D DL,2,12,44,8,4,13,3
R U ur FS DL D DR,2,12,44,8,4,11,3
R U ur FS DR D DL,2,12,44,8,4,13,3
R ur FS U DL D DR,2,12,44,8,4,13,3
R ur FS U DR D DL,2,12,44,8,4,13,3
R ur U DR D FS DL,2,12,44,8,4,13,3
R ur U DR FS D DL,2,12,44,8,4,15,3
R ur U FS DL D DR,2,12,44,8,4,11,3
R ur U FS DR D DL,2,12,44,8,4,13,3
U FS DL R D ur DR,2,12,44,8,4,11,3
U FS DL R ur D DR,2,12,44,8,4,11,3
U FS DL ur R D DR,2,12,44,8,4,11,3
U FS R DL D ur DR,2,12,44,8,4,11,3
U FS R DL ur D DR,2,12,44,8,4,11,3
U FS R DR D ur DL,2,12,44,8,4,9,2
U FS R DR ur D DL,2,12,44,8,4,9,2
U FS R ur DL D DR,2,12,44,8,4,11,3
U FS R ur DR D DL,2,12,44,8,4,11,3
U FS ur DL R D DR,2,12,44,8,4,13,3
U FS ur R DL D DR,2,12,44,8,4,13,3
U FS ur R DR D DL,2,12,44,8,4,11,3
U R DR D FS ur DL,2,12,44,8,4,11,3
U R DR D ur FS DL,2,12,44,8,4,9,3
U R DR FS D ur DL,2,12,44,8,4,11,3
U R DR FS ur D DL,2,12,44,8,4,11,3
U R DR ur D FS DL,2,12,44,8,4,9,2
U R DR ur FS D DL,2,12,44,8,4,11,3
U R FS DL D ur DR,2,12,44,8,4,9,2
U R FS DL ur D DR,2,12,44,8,4,9,2
U R FS DR D ur DL,2,12,44,8,4,11,3
U R FS DR ur D DL,2,12,44,8,4,11,3
U R FS ur DL D DR,2,12,44,8,4,11,3
U R FS ur DR D DL,2,12,44,8,4,11,3
U R ur DR D FS DL,2,12,44,8,4,11,3
U R ur DR FS D DL,2,12,44,8,4,13,3
U R ur FS DL D DR,2,12,44,8,4,11,3
U R ur FS DR D DL,2,12,44,8,4,13,3
U ur FS DL R D DR,2,12,44,8,4,13,3
U ur FS R DL D DR,2,12,44,8,4,13,3
U ur FS R DR D DL,2,12,44,8,4,11,3
U ur R DR D FS DL,2,12,44,8,4,11,3
U ur R DR FS D DL,2,12,44,8,4,13,3
U ur R FS DL D DR,2,12,44,8,4,11,3
U ur R FS DR D DL,2,12,44,8,4,13,3
ur FS R U DL D DR,2,12,44,8,4,12,3
ur FS R U DR D DL,2,12,44,8,4,12,3
ur FS U DL R D DR,2,12,44,8,4,14,3
ur FS U R DL D DR,2,12,44,8,4,12,3
ur FS U R DR D DL,2,12,44,8,4,10,3
ur R FS U DL D DR,2,12,44,8,4,12,3
ur R FS U DR D DL,2,12,44,8,4,12,3
ur R U DR D FS DL,2,12,44,8,4,12,3
ur R U DR FS D DL,2,12,44,8,4,14,3
ur R U FS DL D DR,2,12,44,8,4,10,3
ur R U FS DR D DL,2,12,44,8,4,12,3
ur U FS DL R D DR,2,12,44,8,4,12,3
ur U FS R DL D DR,2,12,44,8,4,12,3
ur U FS R DR D DL,2,12,44,8,4,10,3
ur U R DR D FS DL,2,12,44,8,4,10,3
ur U R DR FS D DL,2,12,44,8,4,12,3
ur U R FS DL D DR,2,12,44,8,4,10,3
ur U R FS DR D DL,2,12,44,8,4,12,3
D DL R U DR FS ur,2,12,45,7,4,15,3
D DL R U FS DR ur,2,12,45,7,4,13,3
D DL U FS R DR ur,2,12,45,7,4,11,3
D DL U R DR FS ur,2,12,45,7,4,13,3
D DL U R FS DR ur,2,12,45,7,4,13,3
D FS R U DL DR ur,2,12,45,7,4,13,3
D FS R U DR DL ur,2,12,45,7,4,13,3
D FS U R DL DR ur,2,12,45,7,4,13,3
D FS U R DR DL ur,2,12,45,7,4,11,2
D R DL ur DR U FS,2,12,45,7,4,14,3
D R FS U DL DR ur,2,12,45,7,4,13,3
D R FS U DR DL ur,2,12,45,7,4,13,3
D R U DR FS DL ur,2,12,45,7,4,13,3
D R U FS DL DR ur,2,12,45,7,4,11,2
D R U FS DR DL ur,2,12,45,7,4,13,3
D R ur DL DR U FS,2,12,45,7,4,14,3
D U DL FS R DR ur,2,12,45,7,4,13,4
D U DL R DR FS ur,2,12,45,7,4,17,4
D U DL R FS DR ur,2,12,45,7,4,17,4
D U FS R DL DR ur,2,12,45,7,4,15,4
D U FS R DR DL ur,2,12,45,7,4,13,4
D U R DR FS DL ur,2,12,45,7,4,13,4
D U R FS DL DR ur,2,12,45,7,4,13,4
D U R FS DR DL ur,2,12,45,7,4,15,4
D ur R DL DR U FS,2,12,45,7,4,14,3
DL D R U DR FS ur,2,12,45,7,4,14,3
DL D R U FS DR ur,2,12,45,7,4,12,3
DL D U FS R DR ur,2,12,45,7,4,12,4
DL D U R DR FS ur,2,12,45,7,4,14,4
DL D U R FS DR ur,2,12,45,7,4,14,4
DL U D FS R DR ur,2,12,45,7,4,14,4
DL U D R DR FS ur,2,12,45,7,4,16,4
DL U D R FS DR ur,2,12,45,7,4,16,4
DL U FS D R DR ur,2,12,45,7,4,12,3
FS D R U DL DR ur,2,12,45,7,4,13,3
FS D R U DR DL ur,2,12,45,7,4,13,3
FS D U R DL DR ur,2,12,45,7,4,15,4
FS D U R DR DL ur,2,12,45,7,4,13,4
FS R D U DL DR ur,2,12,45,7,4,15,4
FS R D U DR DL ur,2,12,45,7,4,15,4
FS R U D DL DR ur,2,12,45,7,4,13,4
FS R U D DR DL ur,2,12,45,7,4,13,4
FS U D R DL DR ur,2,12,45,7,4,15,4
FS U D R DR DL ur,2,12,45,7,4,13,4
FS U R D DL DR ur,2,12,45,7,4,11,2
FS U R D DR DL ur,2,12,45,7,4,11,2
R D DL ur DR U FS,2,12,45,7,4,12,3
R D FS U DL DR ur,2,12,45,7,4,13,3
R D FS U DR DL ur,2,12,45,7,4,13,3
R D U DR FS DL ur,2,12,45,7,4,15,4
R D U FS DL DR ur,2,12,45,7,4,13,4
R D U FS DR DL ur,2,12,45,7,4,15,4
R D ur DL DR U FS,2,12,45,7,4,12,3
R FS D U DL DR ur,2,12,45,7,4,15,4
R FS D U DR DL ur,2,12,45,7,4,15,4
R FS U D DL DR ur,2,12,45,7,4,13,4
R FS U D DR DL ur,2,12,45,7,4,13,4
R U D DR FS DL ur,2,12,45,7,4,13,4
R U D FS DL DR ur,2,12,45,7,4,13,4
R U D FS DR DL ur,2,12,45,7,4,15,4
R U FS D DL DR ur,2,12,45,7,4,11,2
R U FS D DR DL ur,2,12,45,7,4,11,2
R ur D DL DR U FS,2,12,45,7,4,12,3
U D DL FS R DR ur,2,12,45,7,4,11,4
U D DL R DR FS ur,2,12,45,7,4,15,4
U D DL R FS DR ur,2,12,45,7,4,15,4
U D FS R DL DR ur,2,12,45,7,4,15,4
U D FS R DR DL ur,2,12,45,7,4,13,4
U D R DR FS DL ur,2,12,45,7,4,13,4
U D R FS DL DR ur,2,12,45,7,4,13,4
U D R FS DR DL ur,2,12,45,7,4,15,4
U DL D FS R DR ur,2,12,45,7,4,11,3
U DL D R DR FS ur,2,12,45,7,4,13,3
U DL D R FS DR ur,2,12,45,7,4,13,3
U DL FS D R DR ur,2,12,45,7,4,11,3
U FS D R DL DR ur,2,12,45,7,4,13,3
U FS D R DR DL ur,2,12,45,7,4,11,2
U FS R D DL DR ur,2,12,45,7,4,11,2
U FS R D DR DL ur,2,12,45,7,4,11,2
U R D DR FS DL ur,2,12,45,7,4,11,3
U R D FS DL DR ur,2,12,45,7,4,11,2
U R D FS DR DL ur,2,12,45,7,4,13,3
U R FS D DL DR ur,2,12,45,7,4,11,2
U R FS D DR DL ur,2,12,45,7,4,11,2
ur D R DL DR U FS,2,12,45,7,4,13,3
ur R D DL DR U FS,2,12,45,7,4,13,3
DL FS R D DR U ur,2,12,46,6,4,12,3
DL FS R D U DR ur,2,12,46,6,4,14,4
DL FS R U D DR ur,2,12,46,6,4,12,4
DL FS U R D DR ur,2,12,46,6,4,10,2
DL R D FS DR U ur,2,12,46,6,4,16,3
DL R D FS U DR ur,2,12,46,6,4,14,3
DL R FS D DR U ur,2,12,46,6,4,14,3
DL R FS D U DR ur,2,12,46,6,4,16,4
DL R FS U D DR ur,2,12,46,6,4,14,4
DL R U DR FS D ur,2,12,46,6,4,14,3
DL R U FS DR D ur,2,12,46,6,4,12,3
DL U FS R DR D ur,2,12,46,6,4,10,3
DL U R DR FS D ur,2,12,46,6,4,12,3
DL U R FS DR D ur,2,12,46,6,4,12,3
FS DL R D DR U ur,2,12,46,6,4,13,3
FS DL R D U DR ur,2,12,46,6,4,15,4
FS DL R U D DR ur,2,12,46,6,4,13,4
FS DL U R D DR ur,2,12,46,6,4,11,3
FS R DL D DR U ur,2,12,46,6,4,13,3
FS R DL D U DR ur,2,12,46,6,4,15,4
FS R DL U D DR ur,2,12,46,6,4,15,4
R DL D FS DR U ur,2,12,46,6,4,15,3
R DL D FS U DR ur,2,12,46,6,4,13,3
R DL FS D DR U ur,2,12,46,6,4,13,3
R DL FS D U DR ur,2,12,46,6,4,15,4
R DL FS U D DR ur,2,12,46,6,4,13,4
R DL U DR FS D ur,2,12,46,6,4,15,3
R DL U FS DR D ur,2,12,46,6,4,13,3
R FS DL D DR U ur,2,12,46,6,4,11,3
R FS DL D U DR ur,2,12,46,6,4,13,4
R FS DL U D DR ur,2,12,46,6,4,13,4
R U DL DR FS D ur,2,12,46,6,4,13,3
R U DL FS DR D ur,2,12,46,6,4,11,3
R U DR DL FS D ur,2,12,46,6,4,11,3
U DL FS R DR D ur,2,12,46,6,4,9,3
U DL R DR FS D ur,2,12,46,6,4,13,3
U DL R FS DR D ur,2,12,46,6,4,13,3
U R DL DR FS D ur,2,12,46,6,4,13,3
U R DL FS DR D ur,2,12,46,6,4,11,3
U R DR DL FS D ur,2,12,46,6,4,9,2
DR D FS ur DL R U,2,11,46,7,4,13,3
DR D FS ur DL U R,2,11,46,7,4,13,3
DR D ur DL FS R U,2,11,46,7,4,9,2
DR D ur DL FS U R,2,11,46,7,4,9,2
DR D ur FS DL R U,2,11,46,7,4,11,3
DR D ur FS DL U R,2,11,46,7,4,11,3
DR FS D ur DL R U,2,11,46,7,4,13,3
DR FS D ur DL U R,2,11,46,7,4,13,3
DR FS R U DL ur D,2,11,46,7,4,13,3
DR FS R U ur DL D,2,11,46,7,4,13,3
DR FS R ur U DL D,2,11,46,7,4,15,3
DR FS U DL R ur D,2,11,46,7,4,15,3
DR FS U DL ur D R,2,11,46,7,4,13,3
DR FS U DL ur R D,2,11,46,7,4,15,3
DR FS U R DL ur D,2,11,46,7,4,13,3
DR FS U R ur DL D,2,11,46,7,4,13,3
DR FS U ur DL D R,2,11,46,7,4,13,3
DR FS U ur DL R D,2,11,46,7,4,15,3
DR FS U ur R DL D,2,11,46,7,4,15,3
DR FS ur D DL R U,2,11,46,7,4,13,3
DR FS ur D DL U R,2,11,46,7,4,13,3
DR FS ur R U DL D,2,11,46,7,4,15,3
DR FS ur U DL D R,2,11,46,7,4,15,3
DR FS ur U DL R D,2,11,46,7,4,17,3
DR FS ur U R DL D,2,11,46,7,4,15,3
DR R FS U DL ur D,2,11,46,7,4,11,3
DR R FS U ur DL D,2,11,46,7,4,11,3
DR R FS ur U DL D,2,11,46,7,4,13,3
DR R U FS DL ur D,2,11,46,7,4,9,2
DR R U FS ur DL D,2,11,46,7,4,11,3
DR R U ur FS DL D,2,11,46,7,4,11,3
DR R ur FS U DL D,2,11,46,7,4,13,3
DR R ur U FS DL D,2,11,46,7,4,11,3
DR U FS DL R ur D,2,11,46,7,4,13,3
DR U FS DL ur D R,2,11,46,7,4,11,3
DR U FS DL ur R D,2,11,46,7,4,13,3
DR U FS R DL ur D,2,11,46,7,4,13,3
DR U FS R ur DL D,2,11,46,7,4,13,3
DR U FS ur DL D R,2,11,46,7,4,13,3
DR U FS ur DL R D,2,11,46,7,4,15,3
DR U FS ur R DL D,2,11,46,7,4,15,3
DR U R FS DL ur D,2,11,46,7,4,11,3
DR U R FS ur DL D,2,11,46,7,4,13,3
DR U R ur FS DL D,2,11,46,7,4,13,3
DR U ur FS DL D R,2,11,46,7,4,13,3
DR U ur FS DL R D,2,11,46,7,4,15,3
DR U ur FS R DL D,2,11,46,7,4,15,3
DR U ur R FS DL D,2,11,46,7,4,13,3
DR ur D DL FS R U,2,11,46,7,4,9,2
DR ur D DL FS U R,2,11,46,7,4,9,2
DR ur D FS DL R U,2,11,46,7,4,11,3
DR ur D FS DL U R,2,11,46,7,4,11,3
DR ur FS D DL R U,2,11,46,7,4,13,3
DR ur FS D DL U R,2,11,46,7,4,13,3
DR ur FS R U DL D,2,11,46,7,4,13,3
DR ur FS U DL D R,2,11,46,7,4,13,3
DR ur FS U DL R D,2,11,46,7,4,15,3
DR ur FS U R DL D,2,11,46,7,4,13,3
DR ur R FS U DL D,2,11,46,7,4,13,3
DR ur R U FS DL D,2,11,46,7,4,11,3
DR ur U FS DL D R,2,11,46,7,4,11,3
DR ur U FS DL R D,2,11,46,7,4,13,3
DR ur U FS R DL D,2,11,46,7,4,13,3
DR ur U R FS DL D,2,11,46,7,4,11,3
FS DR D ur DL R U,2,11,46,7,4,12,3
FS DR D ur DL U R,2,11,46,7,4,12,3
FS DR R U DL ur D,2,11,46,7,4,12,3
FS DR R U ur DL D,2,11,46,7,4,12,3
FS DR R ur U DL D,2,11,46,7,4,14,3
FS DR U DL R ur D,2,11,46,7,4,16,3
FS DR U DL ur D R,2,11,46,7,4,14,3
FS DR U DL ur R D,2,11,46,7,4,16,3
FS DR U R DL ur D,2,11,46,7,4,14,3
FS DR U R ur DL D,2,11,46,7,4,14,3
FS DR U ur DL D R,2,11,46,7,4,14,3
FS DR U ur DL R D,2,11,46,7,4,16,3
FS DR U ur R DL D,2,11,46,7,4,16,3
FS DR ur D DL R U,2,11,46,7,4,12,3
FS DR ur D DL U R,2,11,46,7,4,12,3
FS DR ur R U DL D,2,11,46,7,4,14,3
FS DR ur U DL D R,2,11,46,7,4,14,3
FS DR ur U DL R D,2,11,46,7,4,16,3
FS DR ur U R DL D,2,11,46,7,4,14,3
FS U DL DR R ur D,2,11,46,7,4,12,3
FS U DL DR ur D R,2,11,46,7,4,12,3
FS U DL DR ur R D,2,11,46,7,4,14,3
FS U DL ur DR D R,2,11,46,7,4,12,3
FS U DL ur DR R D,2,11,46,7,4,12,3
FS U DR DL R ur D,2,11,46,7,4,14,3
FS U DR DL ur D R,2,11,46,7,4,12,3
FS U DR DL ur R D,2,11,46,7,4,14,3
FS U DR R DL ur D,2,11,46,7,4,12,3
FS U DR R ur DL D,2,11,46,7,4,12,3
FS U DR ur DL D R,2,11,46,7,4,12,3
FS U DR ur DL R D,2,11,46,7,4,14,3
FS U DR ur R DL D,2,11,46,7,4,14,3
FS U ur DL DR D R,2,11,46,7,4,12,3
FS U ur DL DR R D,2,11,46,7,4,12,3
FS U ur DR DL D R,2,11,46,7,4,12,3
FS U ur DR DL R D,2,11,46,7,4,14,3
FS U ur DR R DL D,2,11,46,7,4,12,3
FS ur DR D DL R U,2,11,46,7,4,12,3
FS ur DR D DL U R,2,11,46,7,4,12,3
FS ur DR R U DL D,2,11,46,7,4,12,3
FS ur DR U DL D R,2,11,46,7,4,14,3
FS ur DR U DL R D,2,11,46,7,4,16,3
FS ur DR U R DL D,2,11,46,7,4,14,3
FS ur U DL DR D R,2,11,46,7,4,14,3
FS ur U DL DR R D,2,11,46,7,4,14,3
FS ur U DR DL D R,2,11,46,7,4,14,3
FS ur U DR DL R D,2,11,46,7,4,16,3
FS ur U DR R DL D,2,11,46,7,4,14,3
U DR FS DL R ur D,2,11,46,7,4,14,3
U DR FS DL ur D R,2,11,46,7,4,12,3
U DR FS DL ur R D,2,11,46,7,4,14,3
U DR FS R DL ur D,2,11,46,7,4,14,3
U DR FS R ur DL D,2,11,46,7,4,14,3
U DR FS ur DL D R,2,11,46,7,4,14,3
U DR FS ur DL R D,2,11,46,7,4,16,3
U DR FS ur R DL D,2,11,46,7,4,16,3
U DR R FS DL ur D,2,11,46,7,4,10,3
U DR R FS ur DL D,2,11,46,7,4,12,3
U DR R ur FS DL D,2,11,46,7,4,12,3
U DR ur FS DL D R,2,11,46,7,4,12,3
U DR ur FS DL R D,2,11,46,7,4,14,3
U DR ur FS R DL D,2,11,46,7,4,14,3
U DR ur R FS DL D,2,11,46,7,4,12,3
U FS DL DR R ur D,2,11,46,7,4,10,3
U FS DL DR ur D R,2,11,46,7,4,10,2
U FS DL DR ur R D,2,11,46,7,4,12,3
U FS DL ur DR D R,2,11,46,7,4,10,2
U FS DL ur DR R D,2,11,46,7,4,10,2
U FS DR DL R ur D,2,11,46,7,4,14,3
U FS DR DL ur D R,2,11,46,7,4,12,3
U FS DR DL ur R D,2,11,46,7,4,14,3
U FS DR R DL ur D,2,11,46,7,4,12,3
U FS DR R ur DL D,2,11,46,7,4,12,3
U FS DR ur DL D R,2,11,46,7,4,12,3
U FS DR ur DL R D,2,11,46,7,4,14,3
U FS DR ur R DL D,2,11,46,7,4,14,3
U FS ur DL DR D R,2,11,46,7,4,12,3
U FS ur DL DR R D,2,11,46,7,4,12,3
U FS ur DR DL D R,2,11,46,7,4,12,3
U FS ur DR DL R D,2,11,46,7,4,14,3
U FS ur DR R DL D,2,11,46,7,4,12,3
U ur DR FS DL D R,2,11,46,7,4,12,3
U ur DR FS DL R D,2,11,46,7,4,14,3
U ur DR FS R DL D,2,11,46,7,4,14,3
U ur DR R FS DL D,2,11,46,7,4,10,3
U ur FS DL DR D R,2,11,46,7,4,12,3
U ur FS DL DR R D,2,11,46,7,4,12,3
U ur FS DR DL D R,2,11,46,7,4,14,3
U ur FS DR DL R D,2,11,46,7,4,16,3
U ur FS DR R DL D,2,11,46,7,4,14,3
ur DR D DL FS R U,2,11,46,7,4,9,2
ur DR D DL FS U R,2,11,46,7,4,9,2
ur DR D FS DL R U,2,11,46,7,4,11,3
ur DR D FS DL U R,2,11,46,7,4,11,3
ur DR FS D DL R U,2,11,46,7,4,13,3
ur DR FS D DL U R,2,11,46,7,4,13,3
ur DR FS R U DL D,2,11,46,7,4,13,3
ur DR FS U DL D R,2,11,46,7,4,13,3
ur DR FS U DL R D,2,11,46,7,4,15,3
ur DR FS U R DL D,2,11,46,7,4,13,3
ur DR R FS U DL D,2,11,46,7,4,11,3
ur DR R U FS DL D,2,11,46,7,4,9,2
ur DR U FS DL D R,2,11,46,7,4,11,3
ur DR U FS DL R D,2,11,46,7,4,13,3
ur DR U FS R DL D,2,11,46,7,4,13,3
ur DR U R FS DL D,2,11,46,7,4,11,3
ur FS DR D DL R U,2,11,46,7,4,13,3
ur FS DR D DL U R,2,11,46,7,4,13,3
ur FS DR R U DL D,2,11,46,7,4,13,3
ur FS DR U DL D R,2,11,46,7,4,15,3
ur FS DR U DL R D,2,11,46,7,4,17,3
ur FS DR U R DL D,2,11,46,7,4,15,3
ur FS U DL DR D R,2,11,46,7,4,13,3
ur FS U DL DR R D,2,11,46,7,4,13,3
ur FS U DR DL D R,2,11,46,7,4,13,3
ur FS U DR DL R D,2,11,46,7,4,15,3
ur FS U DR R DL D,2,11,46,7,4,13,3
ur U DR FS DL D R,2,11,46,7,4,13,3
ur U DR FS DL R D,2,11,46,7,4,15,3
ur U DR FS R DL D,2,11,46,7,4,15,3
ur U DR R FS DL D,2,11,46,7,4,11,3
ur U FS DL DR D R,2,11,46,7,4,11,3
ur U FS DL DR R D,2,11,46,7,4,11,3
ur U FS DR DL D R,2,11,46,7,4,13,3
ur U FS DR DL R D,2,11,46,7,4,15,3
ur U FS DR R DL D,2,11,46,7,4,13,3
D DR FS R DL ur U,2,9,46,8,4,14,3
D DR FS R U ur DL,2,9,46,8,4,13,3
D DR FS R ur DL U,2,9,46,8,4,14,3
D DR FS R ur U DL,2,9,46,8,4,15,3
D DR FS U DL ur R,2,9,46,8,4,14,3
D DR FS U R ur DL,2,9,46,8,4,13,3
D DR FS U ur DL R,2,9,46,8,4,14,3
D DR FS U ur R DL,2,9,46,8,4,15,3
D DR FS ur R DL U,2,9,46,8,4,16,3
D DR FS ur R U DL,2,9,46,8,4,15,3
D DR FS ur U DL R,2,9,46,8,4,16,3
D DR FS ur U R DL,2,9,46,8,4,15,3
D DR R FS DL ur U,2,9,46,8,4,10,3
D DR R FS U ur DL,2,9,46,8,4,11,3
D DR R FS ur DL U,2,9,46,8,4,12,3
D DR R FS ur U DL,2,9,46,8,4,13,3
D DR R U FS ur DL,2,9,46,8,4,11,3
D DR R U ur FS DL,2,9,46,8,4,11,3
D DR R ur DL FS U,2,9,46,8,4,10,3
D DR R ur FS DL U,2,9,46,8,4,12,3
D DR R ur FS U DL,2,9,46,8,4,13,3
D DR R ur U FS DL,2,9,46,8,4,11,3
D DR U FS DL ur R,2,9,46,8,4,12,3
D DR U FS R ur DL,2,9,46,8,4,13,3
D DR U FS ur DL R,2,9,46,8,4,14,3
D DR U FS ur R DL,2,9,46,8,4,15,3
D DR U R FS ur DL,2,9,46,8,4,13,3
D DR U R ur FS DL,2,9,46,8,4,13,3
D DR U ur DL FS R,2,9,46,8,4,12,3
D DR U ur FS DL R,2,9,46,8,4,14,3
D DR U ur FS R DL,2,9,46,8,4,15,3
D DR U ur R FS DL,2,9,46,8,4,13,3
D DR ur DL R FS U,2,9,46,8,4,12,3
D DR ur DL U FS R,2,9,46,8,4,12,3
D DR ur FS R DL U,2,9,46,8,4,14,3
D DR ur FS R U DL,2,9,46,8,4,13,3
D DR ur FS U DL R,2,9,46,8,4,14,3
D DR ur FS U R DL,2,9,46,8,4,13,3
D DR ur R DL FS U,2,9,46,8,4,12,3
D DR ur R FS DL U,2,9,46,8,4,12,3
D DR ur R FS U DL,2,9,46,8,4,13,3
D DR ur R U FS DL,2,9,46,8,4,11,3
D DR ur U DL FS R,2,9,46,8,4,12,3
D DR ur U FS DL R,2,9,46,8,4,12,3
D DR ur U FS R DL,2,9,46,8,4,13,3
D DR ur U R FS DL,2,9,46,8,4,11,3
D FS DR R DL ur U,2,9,46,8,4,14,3
D FS DR R U ur DL,2,9,46,8,4,13,3
D FS DR R ur DL U,2,9,46,8,4,14,3
D FS DR R ur U DL,2,9,46,8,4,15,3
D FS DR U DL ur R,2,9,46,8,4,16,3
D FS DR U R ur DL,2,9,46,8,4,15,3
D FS DR U ur DL R,2,9,46,8,4,16,3
D FS DR U ur R DL,2,9,46,8,4,17,3
D FS DR ur R DL U,2,9,46,8,4,16,3
D FS DR ur R U DL,2,9,46,8,4,15,3
D FS DR ur U DL R,2,9,46,8,4,16,3
D FS DR ur U R DL,2,9,46,8,4,15,3
D FS U DL DR ur R,2,9,46,8,4,14,3
D FS U DR DL ur R,2,9,46,8,4,14,3
D FS U DR R ur DL,2,9,46,8,4,13,3
D FS U DR ur DL R,2,9,46,8,4,14,3
D FS U DR ur R DL,2,9,46,8,4,15,3
D FS U ur DR DL R,2,9,46,8,4,14,3
D FS U ur DR R DL,2,9,46,8,4,13,3
D FS ur DR R DL U,2,9,46,8,4,14,3
D FS ur DR R U DL,2,9,46,8,4,13,3
D FS ur DR U DL R,2,9,46,8,4,16,3
D FS ur DR U R DL,2,9,46,8,4,15,3
D FS ur U DR DL R,2,9,46,8,4,16,3
D FS ur U DR R DL,2,9,46,8,4,15,3
D U DR FS DL ur R,2,9,46,8,4,16,4
D U DR FS R ur DL,2,9,46,8,4,17,4
D U DR FS ur DL R,2,9,46,8,4,18,4
D U DR FS ur R DL,2,9,46,8,4,19,4
D U DR R FS ur DL,2,9,46,8,4,15,4
D U DR R ur FS DL,2,9,46,8,4,15,4
D U DR ur DL FS R,2,9,46,8,4,14,4
D U DR ur FS DL R,2,9,46,8,4,16,4
D U DR ur FS R DL,2,9,46,8,4,17,4
D U DR ur R FS DL,2,9,46,8,4,15,4
D U FS DL DR ur R,2,9,46,8,4,14,4
D U FS DR DL ur R,2,9,46,8,4,16,4
D U FS DR R ur DL,2,9,46,8,4,15,4
D U FS DR ur DL R,2,9,46,8,4,16,4
D U FS DR ur R DL,2,9,46,8,4,17,4
D U FS ur DR DL R,2,9,46,8,4,16,4
D U FS ur DR R DL,2,9,46,8,4,15,4
D U ur DR DL FS R,2,9,46,8,4,14,4
D U ur DR FS DL R,2,9,46,8,4,16,4
D U ur DR FS R DL,2,9,46,8,4,17,4
D U ur DR R FS DL,2,9,46,8,4,13,4
D U ur FS DR DL R,2,9,46,8,4,18,4
D U ur FS DR R DL,2,9,46,8,4,17,4
D ur DR DL R FS U,2,9,46,8,4,12,3
D ur DR DL U FS R,2,9,46,8,4,12,3
D ur DR FS R DL U,2,9,46,8,4,14,3
D ur DR FS R U DL,2,9,46,8,4,13,3
D ur DR FS U DL R,2,9,46,8,4,14,3
D ur DR FS U R DL,2,9,46,8,4,13,3
D ur DR R DL FS U,2,9,46,8,4,10,3
D ur DR R FS DL U,2,9,46,8,4,10,3
D ur DR R FS U DL,2,9,46,8,4,11,3
D ur DR R U FS DL,2,9,46,8,4,9,2
D ur DR U DL FS R,2,9,46,8,4,12,3
D ur DR U FS DL R,2,9,46,8,4,12,3
D ur DR U FS R DL,2,9,46,8,4,13,3
D ur DR U R FS DL,2,9,46,8,4,11,3
D ur FS DR R DL U,2,9,46,8,4,14,3
D ur FS DR R U DL,2,9,46,8,4,13,3
D ur FS DR U DL R,2,9,46,8,4,16,3
D ur FS DR U R DL,2,9,46,8,4,15,3
D ur FS U DR DL R,2,9,46,8,4,14,3
D ur FS U DR R DL,2,9,46,8,4,13,3
D ur U DR DL FS R,2,9,46,8,4,12,3
D ur U DR FS DL R,2,9,46,8,4,14,3
D ur U DR FS R DL,2,9,46,8,4,15,3
D ur U DR R FS DL,2,9,46,8,4,11,3
D ur U FS DR DL R,2,9,46,8,4,14,3
D ur U FS DR R DL,2,9,46,8,4,13,3
FS D DR R DL ur U,2,9,46,8,4,12,3
FS D DR R U ur DL,2,9,46,8,4,11,3
FS D DR R ur DL U,2,9,46,8,4,12,3
FS D DR R ur U DL,2,9,46,8,4,13,3
FS D DR U DL ur R,2,9,46,8,4,14,3
FS D DR U R ur DL,2,9,46,8,4,13,3
FS D DR U ur DL R,2,9,46,8,4,14,3
FS D DR U ur R DL,2,9,46,8,4,15,3
FS D DR ur R DL U,2,9,46,8,4,14,3
FS D DR ur R U DL,2,9,46,8,4,13,3
FS D DR ur U DL R,2,9,46,8,4,14,3
FS D DR ur U R DL,2,9,46,8,4,13,3
FS D U DL DR ur R,2,9,46,8,4,16,4
FS D U DR DL ur R,2,9,46,8,4,16,4
FS D U DR R ur DL,2,9,46,8,4,15,4
FS D U DR ur DL R,2,9,46,8,4,16,4
FS D U DR ur R DL,2,9,46,8,4,17,4
FS D U ur DR DL R,2,9,46,8,4,16,4
FS D U ur DR R DL,2,9,46,8,4,15,4
FS D ur DR R DL U,2,9,46,8,4,12,3
FS D ur DR R U DL,2,9,46,8,4,11,3
FS D ur DR U DL R,2,9,46,8,4,14,3
FS D ur DR U R DL,2,9,46,8,4,13,3
FS D ur U DR DL R,2,9,46,8,4,14,3
FS D ur U DR R DL,2,9,46,8,4,13,3
FS U D DL DR ur R,2,9,46,8,4,14,4
FS U D DR DL ur R,2,9,46,8,4,14,4
FS U D DR R ur DL,2,9,46,8,4,13,4
FS U D DR ur DL R,2,9,46,8,4,14,4
FS U D DR ur R DL,2,9,46,8,4,15,4
FS U D ur DR DL R,2,9,46,8,4,14,4
FS U D ur DR R DL,2,9,46,8,4,13,4
FS U DL D DR ur R,2,9,46,8,4,12,3
FS U ur D DR DL R,2,9,46,8,4,12,3
FS U ur D DR R DL,2,9,46,8,4,11,3
FS ur D DR R DL U,2,9,46,8,4,12,3
FS ur D DR R U DL,2,9,46,8,4,11,3
FS ur D DR U DL R,2,9,46,8,4,14,3
FS ur D DR U R DL,2,9,46,8,4,13,3
FS ur D U DR DL R,2,9,46,8,4,16,4
FS ur D U DR R DL,2,9,46,8,4,15,4
FS ur U D DR DL R,2,9,46,8,4,16,4
FS ur U D DR R DL,2,9,46,8,4,15,4
U D DR FS DL ur R,2,9,46,8,4,14,4
U D DR FS R ur DL,2,9,46,8,4,15,4
U D DR FS ur DL R,2,9,46,8,4,16,4
U D DR FS ur R DL,2,9,46,8,4,17,4
U D DR R FS ur DL,2,9,46,8,4,13,4
U D DR R ur FS DL,2,9,46,8,4,13,4
U D DR ur DL FS R,2,9,46,8,4,12,4
U D DR ur FS DL R,2,9,46,8,4,14,4
U D DR ur FS R DL,2,9,46,8,4,15,4
U D DR ur R FS DL,2,9,46,8,4,13,4
U D FS DL DR ur R,2,9,46,8,4,14,4
U D FS DR DL ur R,2,9,46,8,4,16,4
U D FS DR R ur DL,2,9,46,8,4,15,4
U D FS DR ur DL R,2,9,46,8,4,16,4
U D FS DR ur R DL,2,9,46,8,4,17,4
U D FS ur DR DL R,2,9,46,8,4,16,4
U D FS ur DR R DL,2,9,46,8,4,15,4
U D ur DR DL FS R,2,9,46,8,4,12,4
U D ur DR FS DL R,2,9,46,8,4,14,4
U D ur DR FS R DL,2,9,46,8,4,15,4
U D ur DR R FS DL,2,9,46,8,4,11,4
U D ur FS DR DL R,2,9,46,8,4,16,4
U D ur FS DR R DL,2,9,46,8,4,15,4
U FS D DL DR ur R,2,9,46,8,4,12,3
U FS D DR DL ur R,2,9,46,8,4,12,3
U FS D DR R ur DL,2,9,46,8,4,11,3
U FS D DR ur DL R,2,9,46,8,4,12,3
U FS D DR ur R DL,2,9,46,8,4,13,3
U FS D ur DR DL R,2,9,46,8,4,12,3
U FS D ur DR R DL,2,9,46,8,4,11,3
U FS DL D DR ur R,2,9,46,8,4,10,3
U FS ur D DR DL R,2,9,46,8,4,12,3
U FS ur D DR R DL,2,9,46,8,4,11,3
U ur D DR DL FS R,2,9,46,8,4,10,3
U ur D DR FS DL R,2,9,46,8,4,12,3
U ur D DR FS R DL,2,9,46,8,4,13,3
U ur D DR R FS DL,2,9,46,8,4,9,3
U ur D FS DR DL R,2,9,46,8,4,14,3
U ur D FS DR R DL,2,9,46,8,4,13,3
U ur FS D DR DL R,2,9,46,8,4,14,3
U ur FS D DR R DL,2,9,46,8,4,13,3
ur D DR DL R FS U,2,9,46,8,4,11,3
ur D DR DL U FS R,2,9,46,8,4,11,3
ur D DR FS R DL U,2,9,46,8,4,13,3
ur D DR FS R U DL,2,9,46,8,4,12,3
ur D DR FS U DL R,2,9,46,8,4,13,3
ur D DR FS U R DL,2,9,46,8,4,12,3
ur D DR R DL FS U,2,9,46,8,4,9,3
ur D DR R FS DL U,2,9,46,8,4,9,3
ur D DR R FS U DL,2,9,46,8,4,10,3
ur D DR R U FS DL,2,9,46,8,4,8,2
ur D DR U DL FS R,2,9,46,8,4,11,3
ur D DR U FS DL R,2,9,46,8,4,11,3
ur D DR U FS R DL,2,9,46,8,4,12,3
ur D DR U R FS DL,2,9,46,8,4,10,3
ur D FS DR R DL U,2,9,46,8,4,13,3
ur D FS DR R U DL,2,9,46,8,4,12,3
ur D FS DR U DL R,2,9,46,8,4,15,3
ur D FS DR U R DL,2,9,46,8,4,14,3
ur D FS U DR DL R,2,9,46,8,4,13,3
ur D FS U DR R DL,2,9,46,8,4,12,3
ur D U DR DL FS R,2,9,46,8,4,13,4
ur D U DR FS DL R,2,9,46,8,4,15,4
ur D U DR FS R DL,2,9,46,8,4,16,4
ur D U DR R FS DL,2,9,46,8,4,12,4
ur D U FS DR DL R,2,9,46,8,4,15,4
ur D U FS DR R DL,2,9,46,8,4,14,4
ur FS D DR R DL U,2,9,46,8,4,13,3
ur FS D DR R U DL,2,9,46,8,4,12,3
ur FS D DR U DL R,2,9,46,8,4,15,3
ur FS D DR U R DL,2,9,46,8,4,14,3
ur FS D U DR DL R,2,9,46,8,4,17,4
ur FS D U DR R DL,2,9,46,8,4,16,4
ur FS U D DR DL R,2,9,46,8,4,15,4
ur FS U D DR R DL,2,9,46,8,4,14,4
ur U D DR DL FS R,2,9,46,8,4,13,4
ur U D DR FS DL R,2,9,46,8,4,15,4
ur U D DR FS R DL,2,9,46,8,4,16,4
ur U D DR R FS DL,2,9,46,8,4,12,4
ur U D FS DR DL R,2,9,46,8,4,17,4
ur U D FS DR R DL,2,9,46,8,4,16,4
ur U FS D DR DL R,2,9,46,8,4,13,3
ur U FS D DR R DL,2,9,46,8,4,12,3
FS R DR U DL ur D,2,12,47,7,4,12,3
FS R DR U ur DL D,2,12,47,7,4,12,3
FS R DR ur U DL D,2,12,47,7,4,12,3
FS R ur DR U DL D,2,12,47,7,4,14,3
FS ur R DR U DL D,2,12,47,7,4,14,3
R DR FS U DL ur D,2,12,47,7,4,12,3
R DR FS U ur DL D,2,12,47,7,4,12,3
R DR FS ur U DL D,2,12,47,7,4,14,3
R DR U FS DL ur D,2,12,47,7,4,10,3
R DR U FS ur DL D,2,12,47,7,4,12,3
R DR U ur FS DL D,2,12,47,7,4,12,3
R DR ur FS U DL D,2,12,47,7,4,12,3
R DR ur U FS DL D,2,12,47,7,4,10,3
R FS DR U DL ur D,2,12,47,7,4,14,3
R FS DR U ur DL D,2,12,47,7,4,14,3
R FS DR ur U DL D,2,12,47,7,4,14,3
R FS ur DR U DL D,2,12,47,7,4,14,3
R ur DR FS U DL D,2,12,47,7,4,14,3
R ur DR U FS DL D,2,12,47,7,4,12,3
R ur FS DR U DL D,2,12,47,7,4,16,3
ur FS R DR U DL D,2,12,47,7,4,13,3
ur R DR FS U DL D,2,12,47,7,4,13,3
ur R DR U FS DL D,2,12,47,7,4,11,3
ur R FS DR U DL D,2,12,47,7,4,15,3
D R DL U DR ur FS,2,12,47,8,4,16,3
D R DL U ur DR FS,2,12,47,8,4,16,3
D R DL ur U DR FS,2,12,47,8,4,16,3
D R U DL DR ur FS,2,12,47,8,4,14,3
D R U DL ur DR FS,2,12,47,8,4,14,3
D R U DR DL ur FS,2,12,47,8,4,14,3
D R U ur DL DR FS,2,12,47,8,4,14,3
D R ur DL U DR FS,2,12,47,8,4,16,3
D R ur U DL DR FS,2,12,47,8,4,16,3
D U R DL DR ur FS,2,12,47,8,4,16,4
D U R DL ur DR FS,2,12,47,8,4,16,4
D U R DR DL ur FS,2,12,47,8,4,14,4
D U R ur DL DR FS,2,12,47,8,4,16,4
D U ur R DL DR FS,2,12,47,8,4,18,4
D ur R DL U DR FS,2,12,47,8,4,16,3
D ur R U DL DR FS,2,12,47,8,4,14,3
D ur U R DL DR FS,2,12,47,8,4,14,3
R D DL U DR ur FS,2,12,47,8,4,14,3
R D DL U ur DR FS,2,12,47,8,4,14,3
R D DL ur U DR FS,2,12,47,8,4,14,3
R D U DL DR ur FS,2,12,47,8,4,16,4
R D U DL ur DR FS,2,12,47,8,4,16,4
R D U DR DL ur FS,2,12,47,8,4,16,4
R D U ur DL DR FS,2,12,47,8,4,16,4
R D ur DL U DR FS,2,12,47,8,4,14,3
R D ur U DL DR FS,2,12,47,8,4,14,3
R U D DL DR ur FS,2,12,47,8,4,14,4
R U D DL ur DR FS,2,12,47,8,4,14,4
R U D DR DL ur FS,2,12,47,8,4,14,4
R U D ur DL DR FS,2,12,47,8,4,14,4
R U ur D DL DR FS,2,12,47,8,4,12,3
R ur D DL U DR FS,2,12,47,8,4,14,3
R ur D U DL DR FS,2,12,47,8,4,16,4
R ur U D DL DR FS,2,12,47,8,4,16,4
U D R DL DR ur FS,2,12,47,8,4,16,4
U D R DL ur DR FS,2,12,47,8,4,16,4
U D R DR DL ur FS,2,12,47,8,4,14,4
U D R ur DL DR FS,2,12,47,8,4,16,4
U D ur R DL DR FS,2,12,47,8,4,16,4
U R D DL DR ur FS,2,12,47,8,4,12,3
U R D DL ur DR FS,2,12,47,8,4,12,3
U R D DR DL ur FS,2,12,47,8,4,12,3
U R D ur DL DR FS,2,12,47,8,4,12,3
U R ur D DL DR FS,2,12,47,8,4,12,3
U ur D R DL DR FS,2,12,47,8,4,14,3
U ur R D DL DR FS,2,12,47,8,4,14,3
ur D R DL U DR FS,2,12,47,8,4,15,3
ur D R U DL DR FS,2,12,47,8,4,13,3
ur D U R DL DR FS,2,12,47,8,4,15,4
ur R D DL U DR FS,2,12,47,8,4,15,3
ur R D U DL DR FS,2,12,47,8,4,17,4
ur R U D DL DR FS,2,12,47,8,4,15,4
ur U D R DL DR FS,2,12,47,8,4,17,4
ur U R D DL DR FS,2,12,47,8,4,13,3
DL DR FS U R D ur,7,12,48,5,4,12,3
DL FS DR U R D ur,7,12,48,5,4,12,3
DL FS U DR R D ur,7,12,48,5,4,10,3
DR DL FS U R D ur,7,12,48,5,4,10,2
DR FS DL U R D ur,7,12,48,5,4,12,3
FS DL DR U R D ur,7,12,48,5,4,11,3
FS DL U DR R D ur,7,12,48,5,4,11,3
FS DR DL U R D ur,7,12,48,5,4,13,3
D DL DR FS R U ur,2,12,48,6,4,13,3
D DL DR FS U R ur,2,12,48,6,4,13,3
D DL FS DR R U ur,2,12,48,6,4,11,3
D DL FS DR U R ur,2,12,48,6,4,13,3
D DL FS U DR R ur,2,12,48,6,4,11,3
D DR DL FS R U ur,2,12,48,6,4,11,3
D DR DL FS U R ur,2,12,48,6,4,11,3
D DR FS DL R U ur,2,12,48,6,4,13,3
D DR FS DL U R ur,2,12,48,6,4,13,3
D FS DL DR R U ur,2,12,48,6,4,11,3
D FS DL DR U R ur,2,12,48,6,4,13,3
D FS DL U DR R ur,2,12,48,6,4,13,3
D FS DR DL R U ur,2,12,48,6,4,15,3
D FS DR DL U R ur,2,12,48,6,4,15,3
DL D DR FS R U ur,2,12,48,6,4,12,3
DL D DR FS U R ur,2,12,48,6,4,12,3
DL D FS DR R U ur,2,12,48,6,4,12,3
DL D FS DR U R ur,2,12,48,6,4,14,3
DL D FS U DR R ur,2,12,48,6,4,12,3
DL FS D DR R U ur,2,12,48,6,4,10,3
DL FS D DR U R ur,2,12,48,6,4,12,3
DL FS D U DR R ur,2,12,48,6,4,14,4
DL FS U D DR R ur,2,12,48,6,4,12,4
FS D DL DR R U ur,2,12,48,6,4,11,3
FS D DL DR U R ur,2,12,48,6,4,13,3
FS D DL U DR R ur,2,12,48,6,4,13,3
FS D DR DL R U ur,2,12,48,6,4,13,3
FS D DR DL U R ur,2,12,48,6,4,13,3
FS DL D DR R U ur,2,12,48,6,4,9,3
FS DL D DR U R ur,2,12,48,6,4,11,3
FS DL D U DR R ur,2,12,48,6,4,13,4
FS DL U D DR R ur,2,12,48,6,4,13,4
DL R D U DR FS ur,2,12,48,7,4,18,4
DL R D U FS DR ur,2,12,48,7,4,16,4
DL R U D DR FS ur,2,12,48,7,4,16,4
DL R U D FS DR ur,2,12,48,7,4,16,4
DL R U DR D FS ur,2,12,48,7,4,14,3
DL R U FS D DR ur,2,12,48,7,4,12,3
DL U FS R D DR ur,2,12,48,7,4,12,3
DL U R D DR FS ur,2,12,48,7,4,14,3
DL U R D FS DR ur,2,12,48,7,4,14,3
DL U R DR D FS ur,2,12,48,7,4,12,3
DL U R FS D DR ur,2,12,48,7,4,12,3
R DL D U DR FS ur,2,12,48,7,4,17,4
R DL D U FS DR ur,2,12,48,7,4,15,4
R DL U D DR FS ur,2,12,48,7,4,17,4
R DL U D FS DR ur,2,12,48,7,4,17,4
R DL U DR D FS ur,2,12,48,7,4,15,3
R DL U FS D DR ur,2,12,48,7,4,13,3
R U DL D DR FS ur,2,12,48,7,4,13,3
R U DL D FS DR ur,2,12,48,7,4,13,3
R U DL DR D FS ur,2,12,48,7,4,13,3
R U DL FS D DR ur,2,12,48,7,4,11,3
R U DR D DL FS ur,2,12,48,7,4,11,3
R U DR DL D FS ur,2,12,48,7,4,13,3
U DL FS R D DR ur,2,12,48,7,4,11,3
U DL R D DR FS ur,2,12,48,7,4,15,3
U DL R D FS DR ur,2,12,48,7,4,15,3
U DL R DR D FS ur,2,12,48,7,4,13,3
U DL R FS D DR ur,2,12,48,7,4,13,3
U R DL D DR FS ur,2,12,48,7,4,13,3
U R DL D FS DR ur,2,12,48,7,4,13,3
U R DL DR D FS ur,2,12,48,7,4,13,3
U R DL FS D DR ur,2,12,48,7,4,11,3
U R DR D DL FS ur,2,12,48,7,4,9,3
U R DR DL D FS ur,2,12,48,7,4,11,3
DR D FS R DL ur U,2,11,48,8,4,13,3
DR D FS R U ur DL,2,11,48,8,4,12,3
DR D FS R ur DL U,2,11,48,8,4,13,3
DR D FS R ur U DL,2,11,48,8,4,14,3
DR D FS U DL ur R,2,11,48,8,4,13,3
DR D FS U R ur DL,2,11,48,8,4,12,3
DR D FS U ur DL R,2,11,48,8,4,13,3
DR D FS U ur R DL,2,11,48,8,4,14,3
DR D FS ur R DL U,2,11,48,8,4,15,3
DR D FS ur R U DL,2,11,48,8,4,14,3
DR D FS ur U DL R,2,11,48,8,4,15,3
DR D FS ur U R DL,2,11,48,8,4,14,3
DR D R FS DL ur U,2,11,48,8,4,11,3
DR D R FS U ur DL,2,11,48,8,4,12,3
DR D R FS ur DL U,2,11,48,8,4,13,3
DR D R FS ur U DL,2,11,48,8,4,14,3
DR D R U FS ur DL,2,11,48,8,4,12,3
DR D R U ur FS DL,2,11,48,8,4,12,3
DR D R ur DL FS U,2,11,48,8,4,11,3
DR D R ur FS DL U,2,11,48,8,4,13,3
DR D R ur FS U DL,2,11,48,8,4,14,3
DR D R ur U FS DL,2,11,48,8,4,12,3
DR D U FS DL ur R,2,11,48,8,4,13,4
DR D U FS R ur DL,2,11,48,8,4,14,4
DR D U FS ur DL R,2,11,48,8,4,15,4
DR D U FS ur R DL,2,11,48,8,4,16,4
DR D U R FS ur DL,2,11,48,8,4,14,4
DR D U R ur FS DL,2,11,48,8,4,14,4
DR D U ur DL FS R,2,11,48,8,4,13,4
DR D U ur FS DL R,2,11,48,8,4,15,4
DR D U ur FS R DL,2,11,48,8,4,16,4
DR D U ur R FS DL,2,11,48,8,4,14,4
DR D ur DL R FS U,2,11,48,8,4,11,3
DR D ur DL U FS R,2,11,48,8,4,11,3
DR D ur FS R DL U,2,11,48,8,4,13,3
DR D ur FS R U DL,2,11,48,8,4,12,3
DR D ur FS U DL R,2,11,48,8,4,13,3
DR D ur FS U R DL,2,11,48,8,4,12,3
DR D ur R DL FS U,2,11,48,8,4,11,3
DR D ur R FS DL U,2,11,48,8,4,11,3
DR D ur R FS U DL,2,11,48,8,4,12,3
DR D ur R U FS DL,2,11,48,8,4,10,3
DR D ur U DL FS R,2,11,48,8,4,11,3
DR D ur U FS DL R,2,11,48,8,4,11,3
DR D ur U FS R DL,2,11,48,8,4,12,3
DR D ur U R FS DL,2,11,48,8,4,10,3
DR FS D R DL ur U,2,11,48,8,4,15,3
DR FS D R U ur DL,2,11,48,8,4,14,3
DR FS D R ur DL U,2,11,48,8,4,15,3
DR FS D R ur U DL,2,11,48,8,4,16,3
DR FS D U DL ur R,2,11,48,8,4,17,4
DR FS D U R ur DL,2,11,48,8,4,16,4
DR FS D U ur DL R,2,11,48,8,4,17,4
DR FS D U ur R DL,2,11,48,8,4,18,4
DR FS D ur R DL U,2,11,48,8,4,15,3
DR FS D ur R U DL,2,11,48,8,4,14,3
DR FS D ur U DL R,2,11,48,8,4,15,3
DR FS D ur U R DL,2,11,48,8,4,14,3
DR FS R D DL ur U,2,11,48,8,4,13,3
DR FS R D U ur DL,2,11,48,8,4,16,4
DR FS R D ur DL U,2,11,48,8,4,13,3
DR FS R D ur U DL,2,11,48,8,4,14,3
DR FS R U D ur DL,2,11,48,8,4,14,4
DR FS R U ur D DL,2,11,48,8,4,12,3
DR FS R ur D DL U,2,11,48,8,4,13,3
DR FS R ur D U DL,2,11,48,8,4,16,4
DR FS R ur U D DL,2,11,48,8,4,16,4
DR FS U D DL ur R,2,11,48,8,4,15,4
DR FS U D R ur DL,2,11,48,8,4,16,4
DR FS U D ur DL R,2,11,48,8,4,15,4
DR FS U D ur R DL,2,11,48,8,4,16,4
DR FS U DL D ur R,2,11,48,8,4,13,3
DR FS U R D ur DL,2,11,48,8,4,12,3
DR FS U R ur D DL,2,11,48,8,4,12,3
DR FS U ur D DL R,2,11,48,8,4,13,3
DR FS U ur D R DL,2,11,48,8,4,14,3
DR FS U ur R D DL,2,11,48,8,4,14,3
DR FS ur D R DL U,2,11,48,8,4,15,3
DR FS ur D R U DL,2,11,48,8,4,14,3
DR FS ur D U DL R,2,11,48,8,4,17,4
DR FS ur D U R DL,2,11,48,8,4,16,4
DR FS ur R D DL U,2,11,48,8,4,15,3
DR FS ur R D U DL,2,11,48,8,4,18,4
DR FS ur R U D DL,2,11,48,8,4,16,4
DR FS ur U D DL R,2,11,48,8,4,17,4
DR FS ur U D R DL,2,11,48,8,4,18,4
DR FS ur U R D DL,2,11,48,8,4,14,3
DR R D FS DL ur U,2,11,48,8,4,11,3
DR R D FS U ur DL,2,11,48,8,4,12,3
DR R D FS ur DL U,2,11,48,8,4,13,3
DR R D FS ur U DL,2,11,48,8,4,14,3
DR R D U FS ur DL,2,11,48,8,4,14,4
DR R D U ur FS DL,2,11,48,8,4,14,4
DR R D ur DL FS U,2,11,48,8,4,9,2
DR R D ur FS DL U,2,11,48,8,4,11,3
DR R D ur FS U DL,2,11,48,8,4,12,3
DR R D ur U FS DL,2,11,48,8,4,10,3
DR R FS D DL ur U,2,11,48,8,4,11,3
DR R FS D U ur DL,2,11,48,8,4,14,4
DR R FS D ur DL U,2,11,48,8,4,11,3
DR R FS D ur U DL,2,11,48,8,4,12,3
DR R FS U D ur DL,2,11,48,8,4,12,4
DR R FS U ur D DL,2,11,48,8,4,10,3
DR R FS ur D DL U,2,11,48,8,4,11,3
DR R FS ur D U DL,2,11,48,8,4,14,4
DR R FS ur U D DL,2,11,48,8,4,14,4
DR R U D FS ur DL,2,11,48,8,4,14,4
DR R U D ur FS DL,2,11,48,8,4,12,4
DR R U FS D ur DL,2,11,48,8,4,10,2
DR R U FS ur D DL,2,11,48,8,4,10,3
DR R U ur D FS DL,2,11,48,8,4,10,3
DR R U ur FS D DL,2,11,48,8,4,12,3
DR R ur D DL FS U,2,11,48,8,4,9,3
DR R ur D FS DL U,2,11,48,8,4,11,3
DR R ur D FS U DL,2,11,48,8,4,12,3
DR R ur D U FS DL,2,11,48,8,4,12,4
DR R ur FS D DL U,2,11,48,8,4,13,3
DR R ur FS D U DL,2,11,48,8,4,16,4
DR R ur FS U D DL,2,11,48,8,4,14,4
DR R ur U D FS DL,2,11,48,8,4,14,4
DR R ur U FS D DL,2,11,48,8,4,12,3
DR U D FS DL ur R,2,11,48,8,4,15,4
DR U D FS R ur DL,2,11,48,8,4,16,4
DR U D FS ur DL R,2,11,48,8,4,17,4
DR U D FS ur R DL,2,11,48,8,4,18,4
DR U D R FS ur DL,2,11,48,8,4,16,4
DR U D R ur FS DL,2,11,48,8,4,16,4
DR U D ur DL FS R,2,11,48,8,4,13,4
DR U D ur FS DL R,2,11,48,8,4,15,4
DR U D ur FS R DL,2,11,48,8,4,16,4
DR U D ur R FS DL,2,11,48,8,4,14,4
DR U FS D DL ur R,2,11,48,8,4,13,3
DR U FS D R ur DL,2,11,48,8,4,14,3
DR U FS D ur DL R,2,11,48,8,4,13,3
DR U FS D ur R DL,2,11,48,8,4,14,3
DR U FS DL D ur R,2,11,48,8,4,11,3
DR U FS R D ur DL,2,11,48,8,4,12,3
DR U FS R ur D DL,2,11,48,8,4,12,3
DR U FS ur D DL R,2,11,48,8,4,13,3
DR U FS ur D R DL,2,11,48,8,4,14,3
DR U FS ur R D DL,2,11,48,8,4,14,3
DR U R D FS ur DL,2,11,48,8,4,14,3
DR U R D ur FS DL,2,11,48,8,4,12,3
DR U R FS D ur DL,2,11,48,8,4,12,3
DR U R FS ur D DL,2,11,48,8,4,12,3
DR U R ur D FS DL,2,11,48,8,4,12,3
DR U R ur FS D DL,2,11,48,8,4,14,3
DR U ur D DL FS R,2,11,48,8,4,11,3
DR U ur D FS DL R,2,11,48,8,4,13,3
DR U ur D FS R DL,2,11,48,8,4,14,3
DR U ur D R FS DL,2,11,48,8,4,12,3
DR U ur FS D DL R,2,11,48,8,4,15,3
DR U ur FS D R DL,2,11,48,8,4,16,3
DR U ur FS R D DL,2,11,48,8,4,14,3
DR U ur R D FS DL,2,11,48,8,4,14,3
DR U ur R FS D DL,2,11,48,8,4,14,3
DR ur D DL R FS U,2,11,48,8,4,11,3
DR ur D DL U FS R,2,11,48,8,4,11,3
DR ur D FS R DL U,2,11,48,8,4,13,3
DR ur D FS R U DL,2,11,48,8,4,12,3
DR ur D FS U DL R,2,11,48,8,4,13,3
DR ur D FS U R DL,2,11,48,8,4,12,3
DR ur D R DL FS U,2,11,48,8,4,11,3
DR ur D R FS DL U,2,11,48,8,4,11,3
DR ur D R FS U DL,2,11,48,8,4,12,3
DR ur D R U FS DL,2,11,48,8,4,10,2
DR ur D U DL FS R,2,11,48,8,4,13,4
DR ur D U FS DL R,2,11,48,8,4,13,4
DR ur D U FS R DL,2,11,48,8,4,14,4
DR ur D U R FS DL,2,11,48,8,4,12,4
DR ur FS D R DL U,2,11,48,8,4,15,3
DR ur FS D R U DL,2,11,48,8,4,14,3
DR ur FS D U DL R,2,11,48,8,4,17,4
DR ur FS D U R DL,2,11,48,8,4,16,4
DR ur FS R D DL U,2,11,48,8,4,13,3
DR ur FS R D U DL,2,11,48,8,4,16,4
DR ur FS R U D DL,2,11,48,8,4,14,4
DR ur FS U D DL R,2,11,48,8,4,15,4
DR ur FS U D R DL,2,11,48,8,4,16,4
DR ur FS U R D DL,2,11,48,8,4,12,3
DR ur R D DL FS U,2,11,48,8,4,11,3
DR ur R D FS DL U,2,11,48,8,4,13,3
DR ur R D FS U DL,2,11,48,8,4,14,3
DR ur R D U FS DL,2,11,48,8,4,14,4
DR ur R FS D DL U,2,11,48,8,4,13,3
DR ur R FS D U DL,2,11,48,8,4,16,4
DR ur R FS U D DL,2,11,48,8,4,14,4
DR ur R U D FS DL,2,11,48,8,4,14,4
DR ur R U FS D DL,2,11,48,8,4,12,3
DR ur U D DL FS R,2,11,48,8,4,13,4
DR ur U D FS DL R,2,11,48,8,4,15,4
DR ur U D FS R DL,2,11,48,8,4,16,4
DR ur U D R FS DL,2,11,48,8,4,14,4
DR ur U FS D DL R,2,11,48,8,4,13,3
DR ur U FS D R DL,2,11,48,8,4,14,3
DR ur U FS R D DL,2,11,48,8,4,12,3
DR ur U R D FS DL,2,11,48,8,4,12,3
DR ur U R FS D DL,2,11,48,8,4,12,3
FS DR D R DL ur U,2,11,48,8,4,14,3
FS DR D R U ur DL,2,11,48,8,4,13,3
FS DR D R ur DL U,2,11,48,8,4,14,3
FS DR D R ur U DL,2,11,48,8,4,15,3
FS DR D U DL ur R,2,11,48,8,4,16,4
FS DR D U R ur DL,2,11,48,8,4,15,4
FS DR D U ur DL R,2,11,48,8,4,16,4
FS DR D U ur R DL,2,11,48,8,4,17,4
FS DR D ur R DL U,2,11,48,8,4,14,3
FS DR D ur R U DL,2,11,48,8,4,13,3
FS DR D ur U DL R,2,11,48,8,4,14,3
FS DR D ur U R DL,2,11,48,8,4,13,3
FS DR R D DL ur U,2,11,48,8,4,12,3
FS DR R D U ur DL,2,11,48,8,4,15,4
FS DR R D ur DL U,2,11,48,8,4,12,3
FS DR R D ur U DL,2,11,48,8,4,13,3
FS DR R U D ur DL,2,11,48,8,4,13,4
FS DR R U ur D DL,2,11,48,8,4,11,3
FS DR R ur D DL U,2,11,48,8,4,12,3
FS DR R ur D U DL,2,11,48,8,4,15,4
FS DR R ur U D DL,2,11,48,8,4,15,4
FS DR U D DL ur R,2,11,48,8,4,16,4
FS DR U D R ur DL,2,11,48,8,4,17,4
FS DR U D ur DL R,2,11,48,8,4,16,4
FS DR U D ur R DL,2,11,48,8,4,17,4
FS DR U DL D ur R,2,11,48,8,4,14,3
FS DR U R D ur DL,2,11,48,8,4,13,3
FS DR U R ur D DL,2,11,48,8,4,13,3
FS DR U ur D DL R,2,11,48,8,4,14,3
FS DR U ur D R DL,2,11,48,8,4,15,3
FS DR U ur R D DL,2,11,48,8,4,15,3
FS DR ur D R DL U,2,11,48,8,4,14,3
FS DR ur D R U DL,2,11,48,8,4,13,3
FS DR ur D U DL R,2,11,48,8,4,16,4
FS DR ur D U R DL,2,11,48,8,4,15,4
FS DR ur R D DL U,2,11,48,8,4,14,3
FS DR ur R D U DL,2,11,48,8,4,17,4
FS DR ur R U D DL,2,11,48,8,4,15,4
FS DR ur U D DL R,2,11,48,8,4,16,4
FS DR ur U D R DL,2,11,48,8,4,17,4
FS DR ur U R D DL,2,11,48,8,4,13,3
FS U DL DR D ur R,2,11,48,8,4,12,3
FS U DR D DL ur R,2,11,48,8,4,12,3
FS U DR D R ur DL,2,11,48,8,4,13,3
FS U DR D ur DL R,2,11,48,8,4,12,3
FS U DR D ur R DL,2,11,48,8,4,13,3
FS U DR DL D ur R,2,11,48,8,4,12,3
FS U DR R D ur DL,2,11,48,8,4,11,3
FS U DR R ur D DL,2,11,48,8,4,11,3
FS U DR ur D DL R,2,11,48,8,4,12,3
FS U DR ur D R DL,2,11,48,8,4,13,3
FS U DR ur R D DL,2,11,48,8,4,13,3
FS U ur DR D DL R,2,11,48,8,4,12,3
FS U ur DR D R DL,2,11,48,8,4,13,3
FS U ur DR R D DL,2,11,48,8,4,11,3
FS ur DR D R DL U,2,11,48,8,4,14,3
FS ur DR D R U DL,2,11,48,8,4,13,3
FS ur DR D U DL R,2,11,48,8,4,16,4
FS ur DR D U R DL,2,11,48,8,4,15,4
FS ur DR R D DL U,2,11,48,8,4,12,3
FS ur DR R D U DL,2,11,48,8,4,15,4
FS ur DR R U D DL,2,11,48,8,4,13,4
FS ur DR U D DL R,2,11,48,8,4,16,4
FS ur DR U D R DL,2,11,48,8,4,17,4
FS ur DR U R D DL,2,11,48,8,4,13,3
FS ur U DR D DL R,2,11,48,8,4,14,3
FS ur U DR D R DL,2,11,48,8,4,15,3
FS ur U DR R D DL,2,11,48,8,4,13,3
U DR D FS DL ur R,2,11,48,8,4,12,3
U DR D FS R ur DL,2,11,48,8,4,13,3
U DR D FS ur DL R,2,11,48,8,4,14,3
U DR D FS ur R DL,2,11,48,8,4,15,3
U DR D R FS ur DL,2,11,48,8,4,13,3
U DR D R ur FS DL,2,11,48,8,4,13,3
U DR D ur DL FS R,2,11,48,8,4,10,3
U DR D ur FS DL R,2,11,48,8,4,12,3
U DR D ur FS R DL,2,11,48,8,4,13,3
U DR D ur R FS DL,2,11,48,8,4,11,3
U DR FS D DL ur R,2,11,48,8,4,14,3
U DR FS D R ur DL,2,11,48,8,4,15,3
U DR FS D ur DL R,2,11,48,8,4,14,3
U DR FS D ur R DL,2,11,48,8,4,15,3
U DR FS DL D ur R,2,11,48,8,4,12,3
U DR FS R D ur DL,2,11,48,8,4,13,3
U DR FS R ur D DL,2,11,48,8,4,13,3
U DR FS ur D DL R,2,11,48,8,4,14,3
U DR FS ur D R DL,2,11,48,8,4,15,3
U DR FS ur R D DL,2,11,48,8,4,15,3
U DR R D FS ur DL,2,11,48,8,4,13,3
U DR R D ur FS DL,2,11,48,8,4,11,3
U DR R FS D ur DL,2,11,48,8,4,11,3
U DR R FS ur D DL,2,11,48,8,4,11,3
U DR R ur D FS DL,2,11,48,8,4,11,3
U DR R ur FS D DL,2,11,48,8,4,13,3
U DR ur D DL FS R,2,11,48,8,4,10,3
U DR ur D FS DL R,2,11,48,8,4,12,3
U DR ur D FS R DL,2,11,48,8,4,13,3
U DR ur D R FS DL,2,11,48,8,4,11,3
U DR ur FS D DL R,2,11,48,8,4,14,3
U DR ur FS D R DL,2,11,48,8,4,15,3
U DR ur FS R D DL,2,11,48,8,4,13,3
U DR ur R D FS DL,2,11,48,8,4,13,3
U DR ur R FS D DL,2,11,48,8,4,13,3
U FS DL DR D ur R,2,11,48,8,4,10,3
U FS DR D DL ur R,2,11,48,8,4,12,3
U FS DR D R ur DL,2,11,48,8,4,13,3
U FS DR D ur DL R,2,11,48,8,4,12,3
U FS DR D ur R DL,2,11,48,8,4,13,3
U FS DR DL D ur R,2,11,48,8,4,12,3
U FS DR R D ur DL,2,11,48,8,4,11,3
U FS DR R ur D DL,2,11,48,8,4,11,3
U FS DR ur D DL R,2,11,48,8,4,12,3
U FS DR ur D R DL,2,11,48,8,4,13,3
U FS DR ur R D DL,2,11,48,8,4,13,3
U FS ur DR D DL R,2,11,48,8,4,12,3
U FS ur DR D R DL,2,11,48,8,4,13,3
U FS ur DR R D DL,2,11,48,8,4,11,3
U ur DR D DL FS R,2,11,48,8,4,10,3
U ur DR D FS DL R,2,11,48,8,4,12,3
U ur DR D FS R DL,2,11,48,8,4,13,3
U ur DR D R FS DL,2,11,48,8,4,11,3
U ur DR FS D DL R,2,11,48,8,4,14,3
U ur DR FS D R DL,2,11,48,8,4,15,3
U ur DR FS R D DL,2,11,48,8,4,13,3
U ur DR R D FS DL,2,11,48,8,4,11,3
U ur DR R FS D DL,2,11,48,8,4,11,3
U ur FS DR D DL R,2,11,48,8,4,14,3
U ur FS DR D R DL,2,11,48,8,4,15,3
U ur FS DR R D DL,2,11,48,8,4,13,3
ur DR D DL R FS U,2,11,48,8,4,11,3
ur DR D DL U FS R,2,11,48,8,4,11,3
ur DR D FS R DL U,2,11,48,8,4,13,3
ur DR D FS R U DL,2,11,48,8,4,12,3
ur DR D FS U DL R,2,11,48,8,4,13,3
ur DR D FS U R DL,2,11,48,8,4,12,3
ur DR D R DL FS U,2,11,48,8,4,11,3
ur DR D R FS DL U,2,11,48,8,4,11,3
ur DR D R FS U DL,2,11,48,8,4,12,3
ur DR D R U FS DL,2,11,48,8,4,10,2
ur DR D U DL FS R,2,11,48,8,4,13,4
ur DR D U FS DL R,2,11,48,8,4,13,4
ur DR D U FS R DL,2,11,48,8,4,14,4
ur DR D U R FS DL,2,11,48,8,4,12,4
ur DR FS D R DL U,2,11,48,8,4,15,3
ur DR FS D R U DL,2,11,48,8,4,14,3
ur DR FS D U DL R,2,11,48,8,4,17,4
ur DR FS D U R DL,2,11,48,8,4,16,4
ur DR FS R D DL U,2,11,48,8,4,13,3
ur DR FS R D U DL,2,11,48,8,4,16,4
ur DR FS R U D DL,2,11,48,8,4,14,4
ur DR FS U D DL R,2,11,48,8,4,15,4
ur DR FS U D R DL,2,11,48,8,4,16,4
ur DR FS U R D DL,2,11,48,8,4,12,3
ur DR R D DL FS U,2,11,48,8,4,9,2
ur DR R D FS DL U,2,11,48,8,4,11,3
ur DR R D FS U DL,2,11,48,8,4,12,3
ur DR R D U FS DL,2,11,48,8,4,12,4
ur DR R FS D DL U,2,11,48,8,4,11,3
ur DR R FS D U DL,2,11,48,8,4,14,4
ur DR R FS U D DL,2,11,48,8,4,12,4
ur DR R U D FS DL,2,11,48,8,4,12,4
ur DR R U FS D DL,2,11,48,8,4,10,2
ur DR U D DL FS R,2,11,48,8,4,13,4
ur DR U D FS DL R,2,11,48,8,4,15,4
ur DR U D FS R DL,2,11,48,8,4,16,4
ur DR U D R FS DL,2,11,48,8,4,14,4
ur DR U FS D DL R,2,11,48,8,4,13,3
ur DR U FS D R DL,2,11,48,8,4,14,3
ur DR U FS R D DL,2,11,48,8,4,12,3
ur DR U R D FS DL,2,11,48,8,4,12,3
ur DR U R FS D DL,2,11,48,8,4,12,3
ur FS DR D R DL U,2,11,48,8,4,15,3
ur FS DR D R U DL,2,11,48,8,4,14,3
ur FS DR D U DL R,2,11,48,8,4,17,4
ur FS DR D U R DL,2,11,48,8,4,16,4
ur FS DR R D DL U,2,11,48,8,4,13,3
ur FS DR R D U DL,2,11,48,8,4,16,4
ur FS DR R U D DL,2,11,48,8,4,14,4
ur FS DR U D DL R,2,11,48,8,4,17,4
ur FS DR U D R DL,2,11,48,8,4,18,4
ur FS DR U R D DL,2,11,48,8,4,14,3
ur FS U DR D DL R,2,11,48,8,4,13,3
ur FS U DR D R DL,2,11,48,8,4,14,3
ur FS U DR R D DL,2,11,48,8,4,12,3
ur U DR D DL FS R,2,11,48,8,4,11,3
ur U DR D FS DL R,2,11,48,8,4,13,3
ur U DR D FS R DL,2,11,48,8,4,14,3
ur U DR D R FS DL,2,11,48,8,4,12,3
ur U DR FS D DL R,2,11,48,8,4,15,3
ur U DR FS D R DL,2,11,48,8,4,16,3
ur U DR FS R D DL,2,11,48,8,4,14,3
ur U DR R D FS DL,2,11,48,8,4,12,3
ur U DR R FS D DL,2,11,48,8,4,12,3
ur U FS DR D DL R,2,11,48,8,4,13,3
ur U FS DR D R DL,2,11,48,8,4,14,3
ur U FS DR R D DL,2,11,48,8,4,12,3
D DL FS U ur DR R,2,12,49,7,4,10,3
D DL FS ur DR R U,2,12,49,7,4,10,3
D DL FS ur DR U R,2,12,49,7,4,12,3
D DL FS ur U DR R,2,12,49,7,4,12,3
D DL ur DR FS R U,2,12,49,7,4,12,3
D DL ur DR FS U R,2,12,49,7,4,12,3
D DL ur FS DR R U,2,12,49,7,4,12,3
D DL ur FS DR U R,2,12,49,7,4,14,3
D DL ur FS U DR R,2,12,49,7,4,12,3
D FS DL U ur DR R,2,12,49,7,4,12,3
D FS DL ur DR R U,2,12,49,7,4,10,2
D FS DL ur DR U R,2,12,49,7,4,12,3
D FS DL ur U DR R,2,12,49,7,4,12,3
D FS ur DL DR R U,2,12,49,7,4,12,3
D FS ur DL DR U R,2,12,49,7,4,14,3
D FS ur DL U DR R,2,12,49,7,4,14,3
D ur DL DR FS R U,2,12,49,7,4,12,3
D ur DL DR FS U R,2,12,49,7,4,12,3
D ur DL FS DR R U,2,12,49,7,4,10,3
D ur DL FS DR U R,2,12,49,7,4,12,3
D ur DL FS U DR R,2,12,49,7,4,10,3
D ur FS DL DR R U,2,12,49,7,4,10,3
D ur FS DL DR U R,2,12,49,7,4,12,3
D ur FS DL U DR R,2,12,49,7,4,12,3
DL D FS U ur DR R,2,12,49,7,4,11,3
DL D FS ur DR R U,2,12,49,7,4,11,3
DL D FS ur DR U R,2,12,49,7,4,13,3
DL D FS ur U DR R,2,12,49,7,4,13,3
DL D ur DR FS R U,2,12,49,7,4,11,3
DL D ur DR FS U R,2,12,49,7,4,11,3
DL D ur FS DR R U,2,12,49,7,4,11,3
DL D ur FS DR U R,2,12,49,7,4,13,3
DL D ur FS U DR R,2,12,49,7,4,11,3
DL FS D U ur DR R,2,12,49,7,4,13,4
DL FS D ur DR R U,2,12,49,7,4,9,2
DL FS D ur DR U R,2,12,49,7,4,11,3
DL FS D ur U DR R,2,12,49,7,4,11,3
DL FS U D ur DR R,2,12,49,7,4,11,4
DL FS U ur D DR R,2,12,49,7,4,9,3
DL FS ur D DR R U,2,12,49,7,4,9,3
DL FS ur D DR U R,2,12,49,7,4,11,3
DL FS ur D U DR R,2,12,49,7,4,13,4
DL FS ur U D DR R,2,12,49,7,4,13,4
DL ur D DR FS R U,2,12,49,7,4,11,3
DL ur D DR FS U R,2,12,49,7,4,11,3
DL ur D FS DR R U,2,12,49,7,4,11,3
DL ur D FS DR U R,2,12,49,7,4,13,3
DL ur D FS U DR R,2,12,49,7,4,11,3
DL ur FS D DR R U,2,12,49,7,4,11,3
DL ur FS D DR U R,2,12,49,7,4,13,3
DL ur FS D U DR R,2,12,49,7,4,15,4
DL ur FS U D DR R,2,12,49,7,4,13,4
FS D DL U ur DR R,2,12,49,7,4,12,3
FS D DL ur DR R U,2,12,49,7,4,10,2
FS D DL ur DR U R,2,12,49,7,4,12,3
FS D DL ur U DR R,2,12,49,7,4,12,3
FS D ur DL DR R U,2,12,49,7,4,10,2
FS D ur DL DR U R,2,12,49,7,4,12,3
FS D ur DL U DR R,2,12,49,7,4,12,3
FS DL D U ur DR R,2,12,49,7,4,12,4
FS DL D ur DR R U,2,12,49,7,4,8,2
FS DL D ur DR U R,2,12,49,7,4,10,3
FS DL D ur U DR R,2,12,49,7,4,10,3
FS DL U D ur DR R,2,12,49,7,4,12,4
FS DL U ur D DR R,2,12,49,7,4,10,3
FS DL ur D DR R U,2,12,49,7,4,8,2
FS DL ur D DR U R,2,12,49,7,4,10,3
FS DL ur D U DR R,2,12,49,7,4,12,4
FS DL ur U D DR R,2,12,49,7,4,12,4
FS ur D DL DR R U,2,12,49,7,4,10,3
FS ur D DL DR U R,2,12,49,7,4,12,3
FS ur D DL U DR R,2,12,49,7,4,12,3
FS ur DL D DR R U,2,12,49,7,4,10,3
FS ur DL D DR U R,2,12,49,7,4,12,3
FS ur DL D U DR R,2,12,49,7,4,14,4
FS ur DL U D DR R,2,12,49,7,4,14,4
ur D DL DR FS R U,2,12,49,7,4,11,3
ur D DL DR FS U R,2,12,49,7,4,11,3
ur D DL FS DR R U,2,12,49,7,4,9,3
ur D DL FS DR U R,2,12,49,7,4,11,3
ur D DL FS U DR R,2,12,49,7,4,9,3
ur D FS DL DR R U,2,12,49,7,4,9,2
ur D FS DL DR U R,2,12,49,7,4,11,3
ur D FS DL U DR R,2,12,49,7,4,11,3
ur DL D DR FS R U,2,12,49,7,4,11,3
ur DL D DR FS U R,2,12,49,7,4,11,3
ur DL D FS DR R U,2,12,49,7,4,11,3
ur DL D FS DR U R,2,12,49,7,4,13,3
ur DL D FS U DR R,2,12,49,7,4,11,3
ur DL FS D DR R U,2,12,49,7,4,9,2
ur DL FS D DR U R,2,12,49,7,4,11,3
ur DL FS D U DR R,2,12,49,7,4,13,4
ur DL FS U D DR R,2,12,49,7,4,11,4
ur FS D DL DR R U,2,12,49,7,4,11,3
ur FS D DL DR U R,2,12,49,7,4,13,3
ur FS D DL U DR R,2,12,49,7,4,13,3
ur FS DL D DR R U,2,12,49,7,4,9,3
ur FS DL D DR U R,2,12,49,7,4,11,3
ur FS DL D U DR R,2,12,49,7,4,13,4
ur FS DL U D DR R,2,12,49,7,4,13,4
FS R DR D DL ur U,2,12,49,8,4,10,3
FS R DR D U ur DL,2,12,49,8,4,13,4
FS R DR D ur DL U,2,12,49,8,4,10,3
FS R DR D ur U DL,2,12,49,8,4,11,3
FS R DR U D ur DL,2,12,49,8,4,13,4
FS R DR U ur D DL,2,12,49,8,4,11,3
FS R DR ur D DL U,2,12,49,8,4,10,3
FS R DR ur D U DL,2,12,49,8,4,13,4
FS R DR ur U D DL,2,12,49,8,4,13,4
FS R ur DR D DL U,2,12,49,8,4,12,3
FS R ur DR D U DL,2,12,49,8,4,15,4
FS R ur DR U D DL,2,12,49,8,4,15,4
FS ur R DR D DL U,2,12,49,8,4,12,3
FS ur R DR D U DL,2,12,49,8,4,15,4
FS ur R DR U D DL,2,12,49,8,4,15,4
R DR D FS DL ur U,2,12,49,8,4,10,3
R DR D FS U ur DL,2,12,49,8,4,11,3
R DR D FS ur DL U,2,12,49,8,4,12,3
R DR D FS ur U DL,2,12,49,8,4,13,3
R DR D U FS ur DL,2,12,49,8,4,13,4
R DR D U ur FS DL,2,12,49,8,4,13,4
R DR D ur DL FS U,2,12,49,8,4,8,2
R DR D ur FS DL U,2,12,49,8,4,10,3
R DR D ur FS U DL,2,12,49,8,4,11,3
R DR D ur U FS DL,2,12,49,8,4,9,3
R DR FS D DL ur U,2,12,49,8,4,12,3
R DR FS D U ur DL,2,12,49,8,4,15,4
R DR FS D ur DL U,2,12,49,8,4,12,3
R DR FS D ur U DL,2,12,49,8,4,13,3
R DR FS U D ur DL,2,12,49,8,4,13,4
R DR FS U ur D DL,2,12,49,8,4,11,3
R DR FS ur D DL U,2,12,49,8,4,12,3
R DR FS ur D U DL,2,12,49,8,4,15,4
R DR FS ur U D DL,2,12,49,8,4,15,4
R DR U D FS ur DL,2,12,49,8,4,15,4
R DR U D ur FS DL,2,12,49,8,4,13,4
R DR U FS D ur DL,2,12,49,8,4,11,3
R DR U FS ur D DL,2,12,49,8,4,11,3
R DR U ur D FS DL,2,12,49,8,4,11,3
R DR U ur FS D DL,2,12,49,8,4,13,3
R DR ur D DL FS U,2,12,49,8,4,8,2
R DR ur D FS DL U,2,12,49,8,4,10,3
R DR ur D FS U DL,2,12,49,8,4,11,3
R DR ur D U FS DL,2,12,49,8,4,11,4
R DR ur FS D DL U,2,12,49,8,4,12,3
R DR ur FS D U DL,2,12,49,8,4,15,4
R DR ur FS U D DL,2,12,49,8,4,13,4
R DR ur U D FS DL,2,12,49,8,4,13,4
R DR ur U FS D DL,2,12,49,8,4,11,3
R FS DR D DL ur U,2,12,49,8,4,12,3
R FS DR D U ur DL,2,12,49,8,4,15,4
R FS DR D ur DL U,2,12,49,8,4,12,3
R FS DR D ur U DL,2,12,49,8,4,13,3
R FS DR U D ur DL,2,12,49,8,4,15,4
R FS DR U ur D DL,2,12,49,8,4,13,3
R FS DR ur D DL U,2,12,49,8,4,12,3
R FS DR ur D U DL,2,12,49,8,4,15,4
R FS DR ur U D DL,2,12,49,8,4,15,4
R FS ur DR D DL U,2,12,49,8,4,12,3
R FS ur DR D U DL,2,12,49,8,4,15,4
R FS ur DR U D DL,2,12,49,8,4,15,4
R ur DR D DL FS U,2,12,49,8,4,10,3
R ur DR D FS DL U,2,12,49,8,4,12,3
R ur DR D FS U DL,2,12,49,8,4,13,3
R ur DR D U FS DL,2,12,49,8,4,13,4
R ur DR FS D DL U,2,12,49,8,4,14,3
R ur DR FS D U DL,2,12,49,8,4,17,4
R ur DR FS U D DL,2,12,49,8,4,15,4
R ur DR U D FS DL,2,12,49,8,4,15,4
R ur DR U FS D DL,2,12,49,8,4,13,3
R ur FS DR D DL U,2,12,49,8,4,14,3
R ur FS DR D U DL,2,12,49,8,4,17,4
R ur FS DR U D DL,2,12,49,8,4,17,4
ur FS R DR D DL U,2,12,49,8,4,11,3
ur FS R DR D U DL,2,12,49,8,4,14,4
ur FS R DR U D DL,2,12,49,8,4,14,4
ur R DR D DL FS U,2,12,49,8,4,9,3
ur R DR D FS DL U,2,12,49,8,4,11,3
ur R DR D FS U DL,2,12,49,8,4,12,3
ur R DR D U FS DL,2,12,49,8,4,12,4
ur R DR FS D DL U,2,12,49,8,4,13,3
ur R DR FS D U DL,2,12,49,8,4,16,4
ur R DR FS U D DL,2,12,49,8,4,14,4
ur R DR U D FS DL,2,12,49,8,4,14,4
ur R DR U FS D DL,2,12,49,8,4,12,3
ur R FS DR D DL U,2,12,49,8,4,13,3
ur R FS DR D U DL,2,12,49,8,4,16,4
ur R FS DR U D DL,2,12,49,8,4,16,4
DL DR D FS R U ur,2,12,50,6,4,12,3
DL DR D FS U R ur,2,12,50,6,4,12,3
DL DR FS D R U ur,2,12,50,6,4,14,3
DL DR FS D U R ur,2,12,50,6,4,16,4
DL DR FS R D U ur,2,12,50,6,4,16,4
DL DR FS R U D ur,2,12,50,6,4,14,4
DL DR FS U D R ur,2,12,50,6,4,16,4
DL DR R FS D U ur,2,12,50,6,4,14,4
DL DR R FS U D ur,2,12,50,6,4,12,4
DL DR R U FS D ur,2,12,50,6,4,10,2
DL DR U FS R D ur,2,12,50,6,4,12,3
DL DR U R FS D ur,2,12,50,6,4,12,3
DL FS DR D R U ur,2,12,50,6,4,12,3
DL FS DR D U R ur,2,12,50,6,4,14,4
DL FS DR R D U ur,2,12,50,6,4,14,4
DL FS DR R U D ur,2,12,50,6,4,12,4
DL FS DR U D R ur,2,12,50,6,4,16,4
DL FS U DR D R ur,2,12,50,6,4,12,3
DL U DR FS R D ur,2,12,50,6,4,14,3
DL U DR R FS D ur,2,12,50,6,4,12,3
DL U FS DR R D ur,2,12,50,6,4,12,3
DR D DL FS R U ur,2,12,50,6,4,10,3
DR D DL FS U R ur,2,12,50,6,4,10,3
DR D FS DL R U ur,2,12,50,6,4,12,3
DR D FS DL U R ur,2,12,50,6,4,12,3
DR DL D FS R U ur,2,12,50,6,4,12,3
DR DL D FS U R ur,2,12,50,6,4,12,3
DR DL FS D R U ur,2,12,50,6,4,12,3
DR DL FS D U R ur,2,12,50,6,4,14,4
DR DL FS R D U ur,2,12,50,6,4,14,4
DR DL FS R U D ur,2,12,50,6,4,12,4
DR DL FS U D R ur,2,12,50,6,4,14,4
DR DL R FS D U ur,2,12,50,6,4,16,4
DR DL R FS U D ur,2,12,50,6,4,14,4
DR DL R U FS D ur,2,12,50,6,4,12,3
DR DL U FS R D ur,2,12,50,6,4,12,3
DR DL U R FS D ur,2,12,50,6,4,12,3
DR FS D DL R U ur,2,12,50,6,4,14,3
DR FS D DL U R ur,2,12,50,6,4,14,3
DR FS DL D R U ur,2,12,50,6,4,12,3
DR FS DL D U R ur,2,12,50,6,4,14,4
DR FS DL R D U ur,2,12,50,6,4,16,4
DR FS DL R U D ur,2,12,50,6,4,14,4
DR FS DL U D R ur,2,12,50,6,4,16,4
DR FS R DL D U ur,2,12,50,6,4,16,4
DR FS R DL U D ur,2,12,50,6,4,16,4
DR R DL FS D U ur,2,12,50,6,4,14,4
DR R DL FS U D ur,2,12,50,6,4,12,4
DR R DL U FS D ur,2,12,50,6,4,12,3
DR R FS DL D U ur,2,12,50,6,4,12,4
DR R FS DL U D ur,2,12,50,6,4,12,4
DR R U DL FS D ur,2,12,50,6,4,10,3
DR U DL FS R D ur,2,12,50,6,4,12,3
DR U DL R FS D ur,2,12,50,6,4,14,3
DR U R DL FS D ur,2,12,50,6,4,12,3
FS DL DR D R U ur,2,12,50,6,4,11,3
FS DL DR D U R ur,2,12,50,6,4,13,4
FS DL DR R D U ur,2,12,50,6,4,13,4
FS DL DR R U D ur,2,12,50,6,4,11,4
FS DL DR U D R ur,2,12,50,6,4,15,4
FS DL U DR D R ur,2,12,50,6,4,13,3
FS DR D DL R U ur,2,12,50,6,4,13,3
FS DR D DL U R ur,2,12,50,6,4,13,3
FS DR DL D R U ur,2,12,50,6,4,13,3
FS DR DL D U R ur,2,12,50,6,4,15,4
FS DR DL R D U ur,2,12,50,6,4,17,4
FS DR DL R U D ur,2,12,50,6,4,15,4
FS DR DL U D R ur,2,12,50,6,4,17,4
FS DR R DL D U ur,2,12,50,6,4,15,4
FS DR R DL U D ur,2,12,50,6,4,15,4
U DL DR FS R D ur,2,12,50,6,4,13,3
U DL DR R FS D ur,2,12,50,6,4,11,3
U DL FS DR R D ur,2,12,50,6,4,11,3
U DR DL FS R D ur,2,12,50,6,4,11,3
U DR DL R FS D ur,2,12,50,6,4,13,3
U DR R DL FS D ur,2,12,50,6,4,11,3
D DL DR R FS U ur,2,12,50,7,4,11,3
D DL DR R U FS ur,2,12,50,7,4,11,3
D DL DR U FS R ur,2,12,50,7,4,13,3
D DL DR U R FS ur,2,12,50,7,4,13,3
D DL R DR FS U ur,2,12,50,7,4,13,3
D DL R DR U FS ur,2,12,50,7,4,13,3
D DL U DR FS R ur,2,12,50,7,4,15,3
D DL U DR R FS ur,2,12,50,7,4,13,3
D DL U FS DR R ur,2,12,50,7,4,13,3
D DR DL R FS U ur,2,12,50,7,4,13,3
D DR DL R U FS ur,2,12,50,7,4,13,3
D DR DL U FS R ur,2,12,50,7,4,13,3
D DR DL U R FS ur,2,12,50,7,4,13,3
D DR R DL FS U ur,2,12,50,7,4,11,3
D DR R DL U FS ur,2,12,50,7,4,13,3
D DR R U DL FS ur,2,12,50,7,4,11,3
D DR U DL FS R ur,2,12,50,7,4,13,3
D DR U DL R FS ur,2,12,50,7,4,15,3
D DR U R DL FS ur,2,12,50,7,4,13,3
D FS R DR DL U ur,2,12,50,7,4,13,3
D FS R DR U DL ur,2,12,50,7,4,13,3
D R DR FS DL U ur,2,12,50,7,4,13,3
D R DR FS U DL ur,2,12,50,7,4,13,3
D R DR U FS DL ur,2,12,50,7,4,11,3
D R FS DR DL U ur,2,12,50,7,4,15,3
D R FS DR U DL ur,2,12,50,7,4,15,3
D U DL DR FS R ur,2,12,50,7,4,17,4
D U DL DR R FS ur,2,12,50,7,4,15,4
D U DL FS DR R ur,2,12,50,7,4,15,4
D U DR DL FS R ur,2,12,50,7,4,15,4
D U DR DL R FS ur,2,12,50,7,4,17,4
D U DR R DL FS ur,2,12,50,7,4,15,4
DL D DR R FS U ur,2,12,50,7,4,10,3
DL D DR R U FS ur,2,12,50,7,4,10,3
DL D DR U FS R ur,2,12,50,7,4,12,3
DL D DR U R FS ur,2,12,50,7,4,12,3
DL D R DR FS U ur,2,12,50,7,4,12,3
DL D R DR U FS ur,2,12,50,7,4,12,3
DL D U DR FS R ur,2,12,50,7,4,16,4
DL D U DR R FS ur,2,12,50,7,4,14,4
DL D U FS DR R ur,2,12,50,7,4,14,4
DL U D DR FS R ur,2,12,50,7,4,16,4
DL U D DR R FS ur,2,12,50,7,4,14,4
DL U D FS DR R ur,2,12,50,7,4,16,4
DL U FS D DR R ur,2,12,50,7,4,12,3
FS D R DR DL U ur,2,12,50,7,4,13,3
FS D R DR U DL ur,2,12,50,7,4,13,3
FS R D DR DL U ur,2,12,50,7,4,13,3
FS R D DR U DL ur,2,12,50,7,4,13,3
R D DR FS DL U ur,2,12,50,7,4,13,3
R D DR FS U DL ur,2,12,50,7,4,13,3
R D DR U FS DL ur,2,12,50,7,4,11,3
R D FS DR DL U ur,2,12,50,7,4,15,3
R D FS DR U DL ur,2,12,50,7,4,15,3
R FS D DR DL U ur,2,12,50,7,4,13,3
R FS D DR U DL ur,2,12,50,7,4,13,3
U D DL DR FS R ur,2,12,50,7,4,15,4
U D DL DR R FS ur,2,12,50,7,4,13,4
U D DL FS DR R ur,2,12,50,7,4,13,4
U D DR DL FS R ur,2,12,50,7,4,13,4
U D DR DL R FS ur,2,12,50,7,4,15,4
U D DR R DL FS ur,2,12,50,7,4,13,4
U DL D DR FS R ur,2,12,50,7,4,13,3
U DL D DR R FS ur,2,12,50,7,4,11,3
U DL D FS DR R ur,2,12,50,7,4,13,3
U DL FS D DR R ur,2,12,50,7,4,11,3
DL FS R DR D U ur,2,12,51,6,4,12,4
DL FS R DR U D ur,2,12,51,6,4,12,4
DL R DR FS D U ur,2,12,51,6,4,16,4
DL R DR FS U D ur,2,12,51,6,4,14,4
DL R DR U FS D ur,2,12,51,6,4,12,3
DL R FS DR D U ur,2,12,51,6,4,16,4
DL R FS DR U D ur,2,12,51,6,4,16,4
FS DL R DR D U ur,2,12,51,6,4,13,4
FS DL R DR U D ur,2,12,51,6,4,13,4
FS R DL DR D U ur,2,12,51,6,4,15,4
FS R DL DR U D ur,2,12,51,6,4,15,4
FS R DR DL D U ur,2,12,51,6,4,13,4
FS R DR DL U D ur,2,12,51,6,4,13,4
R DL DR FS D U ur,2,12,51,6,4,17,4
R DL DR FS U D ur,2,12,51,6,4,15,4
R DL DR U FS D ur,2,12,51,6,4,13,3
R DL FS DR D U ur,2,12,51,6,4,15,4
R DL FS DR U D ur,2,12,51,6,4,15,4
R DR DL FS D U ur,2,12,51,6,4,13,4
R DR DL FS U D ur,2,12,51,6,4,11,4
R DR DL U FS D ur,2,12,51,6,4,11,3
R DR FS DL D U ur,2,12,51,6,4,13,4
R DR FS DL U D ur,2,12,51,6,4,13,4
R DR U DL FS D ur,2,12,51,6,4,11,3
R FS DL DR D U ur,2,12,51,6,4,13,4
R FS DL DR U D ur,2,12,51,6,4,13,4
R FS DR DL D U ur,2,12,51,6,4,15,4
R FS DR DL U D ur,2,12,51,6,4,15,4
D DL FS R DR ur U,2,12,51,8,4,10,3
D DL FS R U ur DR,2,12,51,8,4,11,3
D DL FS R ur DR U,2,12,51,8,4,12,3
D DL FS R ur U DR,2,12,51,8,4,13,3
D DL FS U R ur DR,2,12,51,8,4,11,3
D DL FS U ur R DR,2,12,51,8,4,11,3
D DL FS ur R DR U,2,12,51,8,4,12,3
D DL FS ur R U DR,2,12,51,8,4,13,3
D DL FS ur U R DR,2,12,51,8,4,11,3
D DL R FS DR ur U,2,12,51,8,4,14,3
D DL R FS U ur DR,2,12,51,8,4,13,3
D DL R FS ur DR U,2,12,51,8,4,14,3
D DL R FS ur U DR,2,12,51,8,4,15,3
D DL R ur DR FS U,2,12,51,8,4,14,3
D DL R ur FS DR U,2,12,51,8,4,16,3
D DL R ur FS U DR,2,12,51,8,4,15,3
D DL U FS ur DR R,2,12,51,8,4,12,3
D DL U ur DR FS R,2,12,51,8,4,14,3
D DL U ur FS DR R,2,12,51,8,4,14,3
D DL ur DR R FS U,2,12,51,8,4,10,2
D DL ur DR U FS R,2,12,51,8,4,12,3
D DL ur FS R DR U,2,12,51,8,4,12,3
D DL ur FS R U DR,2,12,51,8,4,13,3
D DL ur FS U R DR,2,12,51,8,4,11,3
D DL ur R DR FS U,2,12,51,8,4,12,3
D DL ur R FS DR U,2,12,51,8,4,14,3
D DL ur R FS U DR,2,12,51,8,4,13,3
D DL ur U DR FS R,2,12,51,8,4,14,3
D DL ur U FS DR R,2,12,51,8,4,12,3
D FS DL R DR ur U,2,12,51,8,4,12,3
D FS DL R U ur DR,2,12,51,8,4,13,3
D FS DL R ur DR U,2,12,51,8,4,14,3
D FS DL R ur U DR,2,12,51,8,4,15,3
D FS DL U R ur DR,2,12,51,8,4,13,3
D FS DL U ur R DR,2,12,51,8,4,13,3
D FS DL ur R DR U,2,12,51,8,4,12,3
D FS DL ur R U DR,2,12,51,8,4,13,3
D FS DL ur U R DR,2,12,51,8,4,11,3
D FS ur DL R DR U,2,12,51,8,4,14,3
D FS ur DL R U DR,2,12,51,8,4,15,3
D FS ur DL U R DR,2,12,51,8,4,13,3
D U DL FS ur DR R,2,12,51,8,4,14,4
D U DL ur DR FS R,2,12,51,8,4,16,4
D U DL ur FS DR R,2,12,51,8,4,16,4
D U ur DL DR FS R,2,12,51,8,4,16,4
D U ur DL FS DR R,2,12,51,8,4,14,4
D ur DL DR R FS U,2,12,51,8,4,10,2
D ur DL DR U FS R,2,12,51,8,4,12,3
D ur DL FS R DR U,2,12,51,8,4,10,3
D ur DL FS R U DR,2,12,51,8,4,11,3
D ur DL FS U R DR,2,12,51,8,4,9,2
D ur DL R DR FS U,2,12,51,8,4,12,3
D ur DL R FS DR U,2,12,51,8,4,14,3
D ur DL R FS U DR,2,12,51,8,4,13,3
D ur DL U DR FS R,2,12,51,8,4,14,3
D ur DL U FS DR R,2,12,51,8,4,12,3
D ur FS DL R DR U,2,12,51,8,4,12,3
D ur FS DL R U DR,2,12,51,8,4,13,3
D ur FS DL U R DR,2,12,51,8,4,11,3
D ur U DL DR FS R,2,12,51,8,4,14,3
D ur U DL FS DR R,2,12,51,8,4,12,3
DL D FS R DR ur U,2,12,51,8,4,11,3
DL D FS R U ur DR,2,12,51,8,4,12,3
DL D FS R ur DR U,2,12,51,8,4,13,3
DL D FS R ur U DR,2,12,51,8,4,14,3
DL D FS U R ur DR,2,12,51,8,4,12,3
DL D FS U ur R DR,2,12,51,8,4,12,3
DL D FS ur R DR U,2,12,51,8,4,13,3
DL D FS ur R U DR,2,12,51,8,4,14,3
DL D FS ur U R DR,2,12,51,8,4,12,3
DL D R FS DR ur U,2,12,51,8,4,13,3
DL D R FS U ur DR,2,12,51,8,4,12,3
DL D R FS ur DR U,2,12,51,8,4,13,3
DL D R FS ur U DR,2,12,51,8,4,14,3
DL D R ur DR FS U,2,12,51,8,4,13,3
DL D R ur FS DR U,2,12,51,8,4,15,3
DL D R ur FS U DR,2,12,51,8,4,14,3
DL D U FS ur DR R,2,12,51,8,4,13,4
DL D U ur DR FS R,2,12,51,8,4,15,4
DL D U ur FS DR R,2,12,51,8,4,15,4
DL D ur DR R FS U,2,12,51,8,4,9,2
DL D ur DR U FS R,2,12,51,8,4,11,3
DL D ur FS R DR U,2,12,51,8,4,11,3
DL D ur FS R U DR,2,12,51,8,4,12,3
DL D ur FS U R DR,2,12,51,8,4,10,3
DL D ur R DR FS U,2,12,51,8,4,11,3
DL D ur R FS DR U,2,12,51,8,4,13,3
DL D ur R FS U DR,2,12,51,8,4,12,3
DL D ur U DR FS R,2,12,51,8,4,13,3
DL D ur U FS DR R,2,12,51,8,4,11,3
DL FS D R DR ur U,2,12,51,8,4,11,3
DL FS D R U ur DR,2,12,51,8,4,12,3
DL FS D R ur DR U,2,12,51,8,4,13,3
DL FS D R ur U DR,2,12,51,8,4,14,3
DL FS D U R ur DR,2,12,51,8,4,14,4
DL FS D U ur R DR,2,12,51,8,4,14,4
DL FS D ur R DR U,2,12,51,8,4,11,3
DL FS D ur R U DR,2,12,51,8,4,12,3
DL FS D ur U R DR,2,12,51,8,4,10,3
DL FS U D R ur DR,2,12,51,8,4,14,4
DL FS U D ur R DR,2,12,51,8,4,12,4
DL FS U ur D R DR,2,12,51,8,4,10,3
DL FS ur D R DR U,2,12,51,8,4,11,3
DL FS ur D R U DR,2,12,51,8,4,12,3
DL FS ur D U R DR,2,12,51,8,4,12,4
DL FS ur U D R DR,2,12,51,8,4,14,4
DL U D FS ur DR R,2,12,51,8,4,15,4
DL U D ur DR FS R,2,12,51,8,4,15,4
DL U D ur FS DR R,2,12,51,8,4,15,4
DL U FS D ur DR R,2,12,51,8,4,11,3
DL U FS ur D DR R,2,12,51,8,4,11,3
DL U ur D DR FS R,2,12,51,8,4,13,3
DL U ur D FS DR R,2,12,51,8,4,13,3
DL U ur FS D DR R,2,12,51,8,4,13,3
DL ur D DR R FS U,2,12,51,8,4,9,2
DL ur D DR U FS R,2,12,51,8,4,11,3
DL ur D FS R DR U,2,12,51,8,4,11,3
DL ur D FS R U DR,2,12,51,8,4,12,3
DL ur D FS U R DR,2,12,51,8,4,10,2
DL ur D R DR FS U,2,12,51,8,4,11,3
DL ur D R FS DR U,2,12,51,8,4,13,3
DL ur D R FS U DR,2,12,51,8,4,12,3
DL ur D U DR FS R,2,12,51,8,4,15,4
DL ur D U FS DR R,2,12,51,8,4,13,4
DL ur FS D R DR U,2,12,51,8,4,13,3
DL ur FS D R U DR,2,12,51,8,4,14,3
DL ur FS D U R DR,2,12,51,8,4,14,4
DL ur FS U D R DR,2,12,51,8,4,14,4
DL ur U D DR FS R,2,12,51,8,4,15,4
DL ur U D FS DR R,2,12,51,8,4,15,4
DL ur U FS D DR R,2,12,51,8,4,11,3
FS D DL R DR ur U,2,12,51,8,4,12,3
FS D DL R U ur DR,2,12,51,8,4,13,3
FS D DL R ur DR U,2,12,51,8,4,14,3
FS D DL R ur U DR,2,12,51,8,4,15,3
FS D DL U R ur DR,2,12,51,8,4,13,3
FS D DL U ur R DR,2,12,51,8,4,13,3
FS D DL ur R DR U,2,12,51,8,4,12,3
FS D DL ur R U DR,2,12,51,8,4,13,3
FS D DL ur U R DR,2,12,51,8,4,11,3
FS D ur DL R DR U,2,12,51,8,4,12,3
FS D ur DL R U DR,2,12,51,8,4,13,3
FS D ur DL U R DR,2,12,51,8,4,11,3
FS DL D R DR ur U,2,12,51,8,4,10,3
FS DL D R U ur DR,2,12,51,8,4,11,3
FS DL D R ur DR U,2,12,51,8,4,12,3
FS DL D R ur U DR,2,12,51,8,4,13,3
FS DL D U R ur DR,2,12,51,8,4,13,4
FS DL D U ur R DR,2,12,51,8,4,13,4
FS DL D ur R DR U,2,12,51,8,4,10,3
FS DL D ur R U DR,2,12,51,8,4,11,3
FS DL D ur U R DR,2,12,51,8,4,9,3
FS DL U D R ur DR,2,12,51,8,4,15,4
FS DL U D ur R DR,2,12,51,8,4,13,4
FS DL U ur D R DR,2,12,51,8,4,11,3
FS DL ur D R DR U,2,12,51,8,4,10,3
FS DL ur D R U DR,2,12,51,8,4,11,3
FS DL ur D U R DR,2,12,51,8,4,11,4
FS DL ur U D R DR,2,12,51,8,4,13,4
FS ur D DL R DR U,2,12,51,8,4,12,3
FS ur D DL R U DR,2,12,51,8,4,13,3
FS ur D DL U R DR,2,12,51,8,4,11,3
FS ur DL D R DR U,2,12,51,8,4,12,3
FS ur DL D R U DR,2,12,51,8,4,13,3
FS ur DL D U R DR,2,12,51,8,4,13,4
FS ur DL U D R DR,2,12,51,8,4,15,4
U D DL FS ur DR R,2,12,51,8,4,12,4
U D DL ur DR FS R,2,12,51,8,4,14,4
U D DL ur FS DR R,2,12,51,8,4,14,4
U D ur DL DR FS R,2,12,51,8,4,14,4
U D ur DL FS DR R,2,12,51,8,4,12,4
U DL D FS ur DR R,2,12,51,8,4,12,3
U DL D ur DR FS R,2,12,51,8,4,12,3
U DL D ur FS DR R,2,12,51,8,4,12,3
U DL FS D ur DR R,2,12,51,8,4,10,3
U DL FS ur D DR R,2,12,51,8,4,10,3
U DL ur D DR FS R,2,12,51,8,4,12,3
U DL ur D FS DR R,2,12,51,8,4,12,3
U DL ur FS D DR R,2,12,51,8,4,12,3
U ur D DL DR FS R,2,12,51,8,4,12,3
U ur D DL FS DR R,2,12,51,8,4,10,3
U ur DL D DR FS R,2,12,51,8,4,12,3
U ur DL D FS DR R,2,12,51,8,4,12,3
U ur DL FS D DR R,2,12,51,8,4,10,3
ur D DL DR R FS U,2,12,51,8,4,9,2
ur D DL DR U FS R,2,12,51,8,4,11,3
ur D DL FS R DR U,2,12,51,8,4,9,3
ur D DL FS R U DR,2,12,51,8,4,10,3
ur D DL FS U R DR,2,12,51,8,4,8,2
ur D DL R DR FS U,2,12,51,8,4,11,3
ur D DL R FS DR U,2,12,51,8,4,13,3
ur D DL R FS U DR,2,12,51,8,4,12,3
ur D DL U DR FS R,2,12,51,8,4,13,3
ur D DL U FS DR R,2,12,51,8,4,11,3
ur D FS DL R DR U,2,12,51,8,4,11,3
ur D FS DL R U DR,2,12,51,8,4,12,3
ur D FS DL U R DR,2,12,51,8,4,10,3
ur D U DL DR FS R,2,12,51,8,4,15,4
ur D U DL FS DR R,2,12,51,8,4,13,4
ur DL D DR R FS U,2,12,51,8,4,9,2
ur DL D DR U FS R,2,12,51,8,4,11,3
ur DL D FS R DR U,2,12,51,8,4,11,3
ur DL D FS R U DR,2,12,51,8,4,12,3
ur DL D FS U R DR,2,12,51,8,4,10,2
ur DL D R DR FS U,2,12,51,8,4,11,3
ur DL D R FS DR U,2,12,51,8,4,13,3
ur DL D R FS U DR,2,12,51,8,4,12,3
ur DL D U DR FS R,2,12,51,8,4,15,4
ur DL D U FS DR R,2,12,51,8,4,13,4
ur DL FS D R DR U,2,12,51,8,4,11,3
ur DL FS D R U DR,2,12,51,8,4,12,3
ur DL FS D U R DR,2,12,51,8,4,12,4
ur DL FS U D R DR,2,12,51,8,4,12,4
ur DL U D DR FS R,2,12,51,8,4,15,4
ur DL U D FS DR R,2,12,51,8,4,15,4
ur DL U FS D DR R,2,12,51,8,4,11,3
ur FS D DL R DR U,2,12,51,8,4,13,3
ur FS D DL R U DR,2,12,51,8,4,14,3
ur FS D DL U R DR,2,12,51,8,4,12,3
ur FS DL D R DR U,2,12,51,8,4,11,3
ur FS DL D R U DR,2,12,51,8,4,12,3
ur FS DL D U R DR,2,12,51,8,4,12,4
ur FS DL U D R DR,2,12,51,8,4,14,4
ur U D DL DR FS R,2,12,51,8,4,15,4
ur U D DL FS DR R,2,12,51,8,4,13,4
ur U DL D DR FS R,2,12,51,8,4,13,3
ur U DL D FS DR R,2,12,51,8,4,13,3
ur U DL FS D DR R,2,12,51,8,4,11,3
DL DR D R FS U ur,2,12,52,7,4,12,3
DL DR D R U FS ur,2,12,52,7,4,12,3
DL DR D U FS R ur,2,12,52,7,4,14,4
DL DR D U R FS ur,2,12,52,7,4,14,4
DL DR R D FS U ur,2,12,52,7,4,12,3
DL DR R D U FS ur,2,12,52,7,4,14,4
DL DR R U D FS ur,2,12,52,7,4,14,4
DL DR U D FS R ur,2,12,52,7,4,16,4
DL DR U D R FS ur,2,12,52,7,4,16,4
DL DR U FS D R ur,2,12,52,7,4,14,3
DL DR U R D FS ur,2,12,52,7,4,14,3
DL FS R U DR ur D,2,12,52,7,4,11,3
DL FS R U ur DR D,2,12,52,7,4,11,3
DL FS R ur U DR D,2,12,52,7,4,13,3
DL FS U R DR ur D,2,12,52,7,4,9,2
DL FS U R ur DR D,2,12,52,7,4,11,3
DL FS U ur R DR D,2,12,52,7,4,11,3
DL FS ur R U DR D,2,12,52,7,4,13,3
DL FS ur U R DR D,2,12,52,7,4,11,3
DL R FS U DR ur D,2,12,52,7,4,13,3
DL R FS U ur DR D,2,12,52,7,4,13,3
DL R FS ur U DR D,2,12,52,7,4,15,3
DL R ur FS U DR D,2,12,52,7,4,15,3
DL U DR D FS R ur,2,12,52,7,4,14,3
DL U DR D R FS ur,2,12,52,7,4,14,3
DL U DR FS D R ur,2,12,52,7,4,16,3
DL U DR R D FS ur,2,12,52,7,4,14,3
DL U FS DR D R ur,2,12,52,7,4,14,3
DL ur FS R U DR D,2,12,52,7,4,13,3
DL ur FS U R DR D,2,12,52,7,4,11,3
DL ur R FS U DR D,2,12,52,7,4,13,3
DR D DL R FS U ur,2,12,52,7,4,12,3
DR D DL R U FS ur,2,12,52,7,4,12,3
DR D DL U FS R ur,2,12,52,7,4,12,3
DR D DL U R FS ur,2,12,52,7,4,12,3
DR D R DL FS U ur,2,12,52,7,4,12,3
DR D R DL U FS ur,2,12,52,7,4,14,3
DR D R U DL FS ur,2,12,52,7,4,12,3
DR D U DL FS R ur,2,12,52,7,4,14,4
DR D U DL R FS ur,2,12,52,7,4,16,4
DR D U R DL FS ur,2,12,52,7,4,14,4
DR DL D R FS U ur,2,12,52,7,4,12,3
DR DL D R U FS ur,2,12,52,7,4,12,3
DR DL D U FS R ur,2,12,52,7,4,14,4
DR DL D U R FS ur,2,12,52,7,4,14,4
DR DL R D FS U ur,2,12,52,7,4,14,3
DR DL R D U FS ur,2,12,52,7,4,16,4
DR DL R U D FS ur,2,12,52,7,4,16,4
DR DL U D FS R ur,2,12,52,7,4,16,4
DR DL U D R FS ur,2,12,52,7,4,16,4
DR DL U FS D R ur,2,12,52,7,4,14,3
DR DL U R D FS ur,2,12,52,7,4,14,3
DR R D DL FS U ur,2,12,52,7,4,10,3
DR R D DL U FS ur,2,12,52,7,4,12,3
DR R D U DL FS ur,2,12,52,7,4,14,4
DR R DL D FS U ur,2,12,52,7,4,12,3
DR R DL D U FS ur,2,12,52,7,4,14,4
DR R DL U D FS ur,2,12,52,7,4,16,4
DR R U D DL FS ur,2,12,52,7,4,12,4
DR R U DL D FS ur,2,12,52,7,4,12,3
DR U D DL FS R ur,2,12,52,7,4,14,4
DR U D DL R FS ur,2,12,52,7,4,16,4
DR U D R DL FS ur,2,12,52,7,4,16,4
DR U DL D FS R ur,2,12,52,7,4,14,3
DR U DL D R FS ur,2,12,52,7,4,14,3
DR U DL FS D R ur,2,12,52,7,4,14,3
DR U DL R D FS ur,2,12,52,7,4,16,3
DR U R D DL FS ur,2,12,52,7,4,12,3
DR U R DL D FS ur,2,12,52,7,4,14,3
FS DL R U DR ur D,2,12,52,7,4,12,3
FS DL R U ur DR D,2,12,52,7,4,12,3
FS DL R ur U DR D,2,12,52,7,4,14,3
FS DL U R DR ur D,2,12,52,7,4,10,3
FS DL U R ur DR D,2,12,52,7,4,12,3
FS DL U ur R DR D,2,12,52,7,4,12,3
FS DL ur R U DR D,2,12,52,7,4,12,3
FS DL ur U R DR D,2,12,52,7,4,10,3
FS R DL U DR ur D,2,12,52,7,4,14,3
FS R DL U ur DR D,2,12,52,7,4,14,3
FS R DL ur U DR D,2,12,52,7,4,14,3
FS R ur DL U DR D,2,12,52,7,4,14,3
FS ur DL R U DR D,2,12,52,7,4,14,3
FS ur DL U R DR D,2,12,52,7,4,12,3
FS ur R DL U DR D,2,12,52,7,4,16,3
R DL FS U DR ur D,2,12,52,7,4,12,3
R DL FS U ur DR D,2,12,52,7,4,12,3
R DL FS ur U DR D,2,12,52,7,4,14,3
R DL ur FS U DR D,2,12,52,7,4,14,3
R FS DL U DR ur D,2,12,52,7,4,12,3
R FS DL U ur DR D,2,12,52,7,4,12,3
R FS DL ur U DR D,2,12,52,7,4,12,3
R FS ur DL U DR D,2,12,52,7,4,14,3
R ur DL FS U DR D,2,12,52,7,4,12,3
R ur FS DL U DR D,2,12,52,7,4,14,3
U DL DR D FS R ur,2,12,52,7,4,13,3
U DL DR D R FS ur,2,12,52,7,4,13,3
U DL DR FS D R ur,2,12,52,7,4,15,3
U DL DR R D FS ur,2,12,52,7,4,13,3
U DL FS DR D R ur,2,12,52,7,4,13,3
U DR D DL FS R ur,2,12,52,7,4,11,3
U DR D DL R FS ur,2,12,52,7,4,13,3
U DR D R DL FS ur,2,12,52,7,4,13,3
U DR DL D FS R ur,2,12,52,7,4,13,3
U DR DL D R FS ur,2,12,52,7,4,13,3
U DR DL FS D R ur,2,12,52,7,4,13,3
U DR DL R D FS ur,2,12,52,7,4,15,3
U DR R D DL FS ur,2,12,52,7,4,11,3
U DR R DL D FS ur,2,12,52,7,4,13,3
ur DL FS R U DR D,2,12,52,7,4,11,3
ur DL FS U R DR D,2,12,52,7,4,9,2
ur DL R FS U DR D,2,12,52,7,4,13,3
ur FS DL R U DR D,2,12,52,7,4,13,3
ur FS DL U R DR D,2,12,52,7,4,11,3
ur FS R DL U DR D,2,12,52,7,4,15,3
ur R DL FS U DR D,2,12,52,7,4,13,3
ur R FS DL U DR D,2,12,52,7,4,13,3
D R DL DR U ur FS,2,12,52,8,4,16,3
D R DL DR ur U FS,2,12,52,8,4,14,3
D R DR DL U ur FS,2,12,52,8,4,14,3
D R DR DL ur U FS,2,12,52,8,4,12,3
D R DR U DL ur FS,2,12,52,8,4,14,3
R D DL DR U ur FS,2,12,52,8,4,14,3
R D DL DR ur U FS,2,12,52,8,4,12,3
R D DR DL U ur FS,2,12,52,8,4,14,3
R D DR DL ur U FS,2,12,52,8,4,12,3
R D DR U DL ur FS,2,12,52,8,4,14,3
DL R D DR FS U ur,2,12,53,7,4,14,3
DL R D DR U FS ur,2,12,53,7,4,14,3
DL R DR D FS U ur,2,12,53,7,4,12,3
DL R DR D U FS ur,2,12,53,7,4,14,4
DL R DR U D FS ur,2,12,53,7,4,16,4
R DL D DR FS U ur,2,12,53,7,4,13,3
R DL D DR U FS ur,2,12,53,7,4,13,3
R DL DR D FS U ur,2,12,53,7,4,13,3
R DL DR D U FS ur,2,12,53,7,4,15,4
R DL DR U D FS ur,2,12,53,7,4,17,4
R DR D DL FS U ur,2,12,53,7,4,9,3
R DR D DL U FS ur,2,12,53,7,4,11,3
R DR D U DL FS ur,2,12,53,7,4,13,4
R DR DL D FS U ur,2,12,53,7,4,11,3
R DR DL D U FS ur,2,12,53,7,4,13,4
R DR DL U D FS ur,2,12,53,7,4,15,4
R DR U D DL FS ur,2,12,53,7,4,13,4
R DR U DL D FS ur,2,12,53,7,4,13,3
D DL R U FS ur DR,2,12,53,9,4,13,3
D DL R U ur FS DR,2,12,53,9,4,15,3
D DL R ur U FS DR,2,12,53,9,4,15,3
D DL U FS R ur DR,2,12,53,9,4,13,3
D DL U FS ur R DR,2,12,53,9,4,13,3
D DL U R FS ur DR,2,12,53,9,4,13,3
D DL U R ur FS DR,2,12,53,9,4,15,3
D DL U ur FS R DR,2,12,53,9,4,13,3
D DL U ur R FS DR,2,12,53,9,4,15,3
D DL ur R U FS DR,2,12,53,9,4,13,3
D DL ur U FS R DR,2,12,53,9,4,11,3
D DL ur U R FS DR,2,12,53,9,4,13,3
D FS R U DL ur DR,2,12,53,9,4,13,3
D FS R U DR ur DL,2,12,53,9,4,13,3
D FS R U ur DL DR,2,12,53,9,4,13,3
D FS R U ur DR DL,2,12,53,9,4,13,3
D FS R ur U DL DR,2,12,53,9,4,15,3
D FS R ur U DR DL,2,12,53,9,4,15,3
D FS U R DL ur DR,2,12,53,9,4,13,3
D FS U R DR ur DL,2,12,53,9,4,11,2
D FS U R ur DL DR,2,12,53,9,4,13,3
D FS U R ur DR DL,2,12,53,9,4,13,3
D FS U ur R DL DR,2,12,53,9,4,15,3
D FS U ur R DR DL,2,12,53,9,4,13,3
D FS ur R U DL DR,2,12,53,9,4,15,3
D FS ur R U DR DL,2,12,53,9,4,15,3
D FS ur U R DL DR,2,12,53,9,4,15,3
D FS ur U R DR DL,2,12,53,9,4,13,3
D R FS U DL ur DR,2,12,53,9,4,13,3
D R FS U DR ur DL,2,12,53,9,4,13,3
D R FS U ur DL DR,2,12,53,9,4,13,3
D R FS U ur DR DL,2,12,53,9,4,13,3
D R FS ur U DL DR,2,12,53,9,4,15,3
D R FS ur U DR DL,2,12,53,9,4,15,3
D R U DR FS ur DL,2,12,53,9,4,15,3
D R U DR ur FS DL,2,12,53,9,4,13,3
D R U FS DL ur DR,2,12,53,9,4,11,2
D R U FS DR ur DL,2,12,53,9,4,13,3
D R U FS ur DL DR,2,12,53,9,4,13,3
D R U FS ur DR DL,2,12,53,9,4,13,3
D R U ur DR FS DL,2,12,53,9,4,13,3
D R U ur FS DL DR,2,12,53,9,4,13,3
D R U ur FS DR DL,2,12,53,9,4,15,3
D R ur FS U DL DR,2,12,53,9,4,15,3
D R ur FS U DR DL,2,12,53,9,4,15,3
D R ur U DR FS DL,2,12,53,9,4,15,3
D R ur U FS DL DR,2,12,53,9,4,13,3
D R ur U FS DR DL,2,12,53,9,4,15,3
D U DL FS R ur DR,2,12,53,9,4,15,4
D U DL FS ur R DR,2,12,53,9,4,15,4
D U DL R FS ur DR,2,12,53,9,4,17,4
D U DL R ur FS DR,2,12,53,9,4,19,4
D U DL ur FS R DR,2,12,53,9,4,15,4
D U DL ur R FS DR,2,12,53,9,4,17,4
D U FS R DL ur DR,2,12,53,9,4,15,4
D U FS R DR ur DL,2,12,53,9,4,13,4
D U FS R ur DL DR,2,12,53,9,4,15,4
D U FS R ur DR DL,2,12,53,9,4,15,4
D U FS ur R DL DR,2,12,53,9,4,17,4
D U FS ur R DR DL,2,12,53,9,4,15,4
D U R DR FS ur DL,2,12,53,9,4,15,4
D U R DR ur FS DL,2,12,53,9,4,13,4
D U R FS DL ur DR,2,12,53,9,4,13,4
D U R FS DR ur DL,2,12,53,9,4,15,4
D U R FS ur DL DR,2,12,53,9,4,15,4
D U R FS ur DR DL,2,12,53,9,4,15,4
D U R ur DR FS DL,2,12,53,9,4,15,4
D U R ur FS DL DR,2,12,53,9,4,15,4
D U R ur FS DR DL,2,12,53,9,4,17,4
D U ur DL FS R DR,2,12,53,9,4,13,4
D U ur DL R FS DR,2,12,53,9,4,17,4
D U ur FS R DL DR,2,12,53,9,4,17,4
D U ur FS R DR DL,2,12,53,9,4,15,4
D U ur R DR FS DL,2,12,53,9,4,15,4
D U ur R FS DL DR,2,12,53,9,4,15,4
D U ur R FS DR DL,2,12,53,9,4,17,4
D ur DL R U FS DR,2,12,53,9,4,13,3
D ur DL U FS R DR,2,12,53,9,4,11,3
D ur DL U R FS DR,2,12,53,9,4,13,3
D ur FS R U DL DR,2,12,53,9,4,13,3
D ur FS R U DR DL,2,12,53,9,4,13,3
D ur FS U R DL DR,2,12,53,9,4,13,3
D ur FS U R DR DL,2,12,53,9,4,11,3
D ur R FS U DL DR,2,12,53,9,4,13,3
D ur R FS U DR DL,2,12,53,9,4,13,3
D ur R U DR FS DL,2,12,53,9,4,13,3
D ur R U FS DL DR,2,12,53,9,4,11,3
D ur R U FS DR DL,2,12,53,9,4,13,3
D ur U DL FS R DR,2,12,53,9,4,11,3
D ur U DL R FS DR,2,12,53,9,4,15,3
D ur U FS R DL DR,2,12,53,9,4,13,3
D ur U FS R DR DL,2,12,53,9,4,11,3
D ur U R DR FS DL,2,12,53,9,4,11,3
D ur U R FS DL DR,2,12,53,9,4,11,3
D ur U R FS DR DL,2,12,53,9,4,13,3
DL D R U FS ur DR,2,12,53,9,4,12,3
DL D R U ur FS DR,2,12,53,9,4,14,3
DL D R ur U FS DR,2,12,53,9,4,14,3
DL D U FS R ur DR,2,12,53,9,4,14,4
DL D U FS ur R DR,2,12,53,9,4,14,4
DL D U R FS ur DR,2,12,53,9,4,14,4
DL D U R ur FS DR,2,12,53,9,4,16,4
DL D U ur FS R DR,2,12,53,9,4,14,4
DL D U ur R FS DR,2,12,53,9,4,16,4
DL D ur R U FS DR,2,12,53,9,4,12,3
DL D ur U FS R DR,2,12,53,9,4,10,3
DL D ur U R FS DR,2,12,53,9,4,12,3
DL U D FS R ur DR,2,12,53,9,4,16,4
DL U D FS ur R DR,2,12,53,9,4,16,4
DL U D R FS ur DR,2,12,53,9,4,16,4
DL U D R ur FS DR,2,12,53,9,4,18,4
DL U D ur FS R DR,2,12,53,9,4,14,4
DL U D ur R FS DR,2,12,53,9,4,16,4
DL U FS D R ur DR,2,12,53,9,4,14,3
DL U FS D ur R DR,2,12,53,9,4,12,3
DL U FS ur D R DR,2,12,53,9,4,12,3
DL U ur D FS R DR,2,12,53,9,4,12,3
DL U ur D R FS DR,2,12,53,9,4,14,3
DL U ur FS D R DR,2,12,53,9,4,14,3
DL ur D R U FS DR,2,12,53,9,4,12,3
DL ur D U FS R DR,2,12,53,9,4,12,4
DL ur D U R FS DR,2,12,53,9,4,14,4
DL ur U D FS R DR,2,12,53,9,4,14,4
DL ur U D R FS DR,2,12,53,9,4,16,4
DL ur U FS D R DR,2,12,53,9,4,12,3
FS D R U DL ur DR,2,12,53,9,4,13,3
FS D R U DR ur DL,2,12,53,9,4,13,3
FS D R U ur DL DR,2,12,53,9,4,13,3
FS D R U ur DR DL,2,12,53,9,4,13,3
FS D R ur U DL DR,2,12,53,9,4,15,3
FS D R ur U DR DL,2,12,53,9,4,15,3
FS D U R DL ur DR,2,12,53,9,4,15,4
FS D U R DR ur DL,2,12,53,9,4,13,4
FS D U R ur DL DR,2,12,53,9,4,15,4
FS D U R ur DR DL,2,12,53,9,4,15,4
FS D U ur R DL DR,2,12,53,9,4,17,4
FS D U ur R DR DL,2,12,53,9,4,15,4
FS D ur R U DL DR,2,12,53,9,4,13,3
FS D ur R U DR DL,2,12,53,9,4,13,3
FS D ur U R DL DR,2,12,53,9,4,13,3
FS D ur U R DR DL,2,12,53,9,4,11,3
FS R D U DL ur DR,2,12,53,9,4,15,4
FS R D U DR ur DL,2,12,53,9,4,15,4
FS R D U ur DL DR,2,12,53,9,4,15,4
FS R D U ur DR DL,2,12,53,9,4,15,4
FS R D ur U DL DR,2,12,53,9,4,13,3
FS R D ur U DR DL,2,12,53,9,4,13,3
FS R U D DL ur DR,2,12,53,9,4,13,4
FS R U D DR ur DL,2,12,53,9,4,13,4
FS R U D ur DL DR,2,12,53,9,4,13,4
FS R U D ur DR DL,2,12,53,9,4,13,4
FS R U ur D DL DR,2,12,53,9,4,11,3
FS R U ur D DR DL,2,12,53,9,4,11,3
FS R ur D U DL DR,2,12,53,9,4,15,4
FS R ur D U DR DL,2,12,53,9,4,15,4
FS R ur U D DL DR,2,12,53,9,4,15,4
FS R ur U D DR DL,2,12,53,9,4,15,4
FS U D R DL ur DR,2,12,53,9,4,15,4
FS U D R DR ur DL,2,12,53,9,4,13,4
FS U D R ur DL DR,2,12,53,9,4,15,4
FS U D R ur DR DL,2,12,53,9,4,15,4
FS U D ur R DL DR,2,12,53,9,4,15,4
FS U D ur R DR DL,2,12,53,9,4,13,4
FS U R D DL ur DR,2,12,53,9,4,11,2
FS U R D DR ur DL,2,12,53,9,4,11,2
FS U R D ur DL DR,2,12,53,9,4,11,2
FS U R D ur DR DL,2,12,53,9,4,11,2
FS U R ur D DL DR,2,12,53,9,4,11,3
FS U R ur D DR DL,2,12,53,9,4,11,3
FS U ur D R DL DR,2,12,53,9,4,13,3
FS U ur D R DR DL,2,12,53,9,4,11,3
FS U ur R D DL DR,2,12,53,9,4,13,3
FS U ur R D DR DL,2,12,53,9,4,13,3
FS ur D R U DL DR,2,12,53,9,4,13,3
FS ur D R U DR DL,2,12,53,9,4,13,3
FS ur D U R DL DR,2,12,53,9,4,15,4
FS ur D U R DR DL,2,12,53,9,4,13,4
FS ur R D U DL DR,2,12,53,9,4,17,4
FS ur R D U DR DL,2,12,53,9,4,17,4
FS ur R U D DL DR,2,12,53,9,4,15,4
FS ur R U D DR DL,2,12,53,9,4,15,4
FS ur U D R DL DR,2,12,53,9,4,17,4
FS ur U D R DR DL,2,12,53,9,4,15,4
FS ur U R D DL DR,2,12,53,9,4,13,3
FS ur U R D DR DL,2,12,53,9,4,13,3
R D FS U DL ur DR,2,12,53,9,4,13,3
R D FS U DR ur DL,2,12,53,9,4,13,3
R D FS U ur DL DR,2,12,53,9,4,13,3
R D FS U ur DR DL,2,12,53,9,4,13,3
R D FS ur U DL DR,2,12,53,9,4,15,3
R D FS ur U DR DL,2,12,53,9,4,15,3
R D U DR FS ur DL,2,12,53,9,4,17,4
R D U DR ur FS DL,2,12,53,9,4,15,4
R D U FS DL ur DR,2,12,53,9,4,13,4
R D U FS DR ur DL,2,12,53,9,4,15,4
R D U FS ur DL DR,2,12,53,9,4,15,4
R D U FS ur DR DL,2,12,53,9,4,15,4
R D U ur DR FS DL,2,12,53,9,4,15,4
R D U ur FS DL DR,2,12,53,9,4,15,4
R D U ur FS DR DL,2,12,53,9,4,17,4
R D ur FS U DL DR,2,12,53,9,4,13,3
R D ur FS U DR DL,2,12,53,9,4,13,3
R D ur U DR FS DL,2,12,53,9,4,13,3
R D ur U FS DL DR,2,12,53,9,4,11,3
R D ur U FS DR DL,2,12,53,9,4,13,3
R FS D U DL ur DR,2,12,53,9,4,15,4
R FS D U DR ur DL,2,12,53,9,4,15,4
R FS D U ur DL DR,2,12,53,9,4,15,4
R FS D U ur DR DL,2,12,53,9,4,15,4
R FS D ur U DL DR,2,12,53,9,4,13,3
R FS D ur U DR DL,2,12,53,9,4,13,3
R FS U D DL ur DR,2,12,53,9,4,13,4
R FS U D DR ur DL,2,12,53,9,4,13,4
R FS U D ur DL DR,2,12,53,9,4,13,4
R FS U D ur DR DL,2,12,53,9,4,13,4
R FS U ur D DL DR,2,12,53,9,4,11,3
R FS U ur D DR DL,2,12,53,9,4,11,3
R FS ur D U DL DR,2,12,53,9,4,15,4
R FS ur D U DR DL,2,12,53,9,4,15,4
R FS ur U D DL DR,2,12,53,9,4,15,4
R FS ur U D DR DL,2,12,53,9,4,15,4
R U D DR FS ur DL,2,12,53,9,4,15,4
R U D DR ur FS DL,2,12,53,9,4,13,4
R U D FS DL ur DR,2,12,53,9,4,13,4
R U D FS DR ur DL,2,12,53,9,4,15,4
R U D FS ur DL DR,2,12,53,9,4,15,4
R U D FS ur DR DL,2,12,53,9,4,15,4
R U D ur DR FS DL,2,12,53,9,4,13,4
R U D ur FS DL DR,2,12,53,9,4,13,4
R U D ur FS DR DL,2,12,53,9,4,15,4
R U FS D DL ur DR,2,12,53,9,4,11,2
R U FS D DR ur DL,2,12,53,9,4,11,2
R U FS D ur DL DR,2,12,53,9,4,11,2
R U FS D ur DR DL,2,12,53,9,4,11,2
R U FS ur D DL DR,2,12,53,9,4,11,3
R U FS ur D DR DL,2,12,53,9,4,11,3
R U ur D DR FS DL,2,12,53,9,4,11,3
R U ur D FS DL DR,2,12,53,9,4,11,3
R U ur D FS DR DL,2,12,53,9,4,13,3
R U ur FS D DL DR,2,12,53,9,4,13,3
R U ur FS D DR DL,2,12,53,9,4,13,3
R ur D FS U DL DR,2,12,53,9,4,13,3
R ur D FS U DR DL,2,12,53,9,4,13,3
R ur D U DR FS DL,2,12,53,9,4,15,4
R ur D U FS DL DR,2,12,53,9,4,13,4
R ur D U FS DR DL,2,12,53,9,4,15,4
R ur FS D U DL DR,2,12,53,9,4,17,4
R ur FS D U DR DL,2,12,53,9,4,17,4
R ur FS U D DL DR,2,12,53,9,4,15,4
R ur FS U D DR DL,2,12,53,9,4,15,4
R ur U D DR FS DL,2,12,53,9,4,15,4
R ur U D FS DL DR,2,12,53,9,4,15,4
R ur U D FS DR DL,2,12,53,9,4,17,4
R ur U FS D DL DR,2,12,53,9,4,13,3
R ur U FS D DR DL,2,12,53,9,4,13,3
U D DL FS R ur DR,2,12,53,9,4,13,4
U D DL FS ur R DR,2,12,53,9,4,13,4
U D DL R FS ur DR,2,12,53,9,4,15,4
U D DL R ur FS DR,2,12,53,9,4,17,4
U D DL ur FS R DR,2,12,53,9,4,13,4
U D DL ur R FS DR,2,12,53,9,4,15,4
U D FS R DL ur DR,2,12,53,9,4,15,4
U D FS R DR ur DL,2,12,53,9,4,13,4
U D FS R ur DL DR,2,12,53,9,4,15,4
U D FS R ur DR DL,2,12,53,9,4,15,4
U D FS ur R DL DR,2,12,53,9,4,17,4
U D FS ur R DR DL,2,12,53,9,4,15,4
U D R DR FS ur DL,2,12,53,9,4,15,4
U D R DR ur FS DL,2,12,53,9,4,13,4
U D R FS DL ur DR,2,12,53,9,4,13,4
U D R FS DR ur DL,2,12,53,9,4,15,4
U D R FS ur DL DR,2,12,53,9,4,15,4
U D R FS ur DR DL,2,12,53,9,4,15,4
U D R ur DR FS DL,2,12,53,9,4,15,4
U D R ur FS DL DR,2,12,53,9,4,15,4
U D R ur FS DR DL,2,12,53,9,4,17,4
U D ur DL FS R DR,2,12,53,9,4,11,4
U D ur DL R FS DR,2,12,53,9,4,15,4
U D ur FS R DL DR,2,12,53,9,4,15,4
U D ur FS R DR DL,2,12,53,9,4,13,4
U D ur R DR FS DL,2,12,53,9,4,13,4
U D ur R FS DL DR,2,12,53,9,4,13,4
U D ur R FS DR DL,2,12,53,9,4,15,4
U DL D FS R ur DR,2,12,53,9,4,13,3
U DL D FS ur R DR,2,12,53,9,4,13,3
U DL D R FS ur DR,2,12,53,9,4,13,3
U DL D R ur FS DR,2,12,53,9,4,15,3
U DL D ur FS R DR,2,12,53,9,4,11,3
U DL D ur R FS DR,2,12,53,9,4,13,3
U DL FS D R ur DR,2,12,53,9,4,13,3
U DL FS D ur R DR,2,12,53,9,4,11,3
U DL FS ur D R DR,2,12,53,9,4,11,3
U DL ur D FS R DR,2,12,53,9,4,11,3
U DL ur D R FS DR,2,12,53,9,4,13,3
U DL ur FS D R DR,2,12,53,9,4,13,3
U FS D R DL ur DR,2,12,53,9,4,13,3
U FS D R DR ur DL,2,12,53,9,4,11,2
U FS D R ur DL DR,2,12,53,9,4,13,3
U FS D R ur DR DL,2,12,53,9,4,13,3
U FS D ur R DL DR,2,12,53,9,4,13,3
U FS D ur R DR DL,2,12,53,9,4,11,3
U FS R D DL ur DR,2,12,53,9,4,11,2
U FS R D DR ur DL,2,12,53,9,4,11,2
U FS R D ur DL DR,2,12,53,9,4,11,2
U FS R D ur DR DL,2,12,53,9,4,11,2
U FS R ur D DL DR,2,12,53,9,4,11,3
U FS R ur D DR DL,2,12,53,9,4,11,3
U FS ur D R DL DR,2,12,53,9,4,13,3
U FS ur D R DR DL,2,12,53,9,4,11,3
U FS ur R D DL DR,2,12,53,9,4,13,3
U FS ur R D DR DL,2,12,53,9,4,13,3
U R D DR FS ur DL,2,12,53,9,4,13,3
U R D DR ur FS DL,2,12,53,9,4,11,3
U R D FS DL ur DR,2,12,53,9,4,11,2
U R D FS DR ur DL,2,12,53,9,4,13,3
U R D FS ur DL DR,2,12,53,9,4,13,3
U R D FS ur DR DL,2,12,53,9,4,13,3
U R D ur DR FS DL,2,12,53,9,4,11,3
U R D ur FS DL DR,2,12,53,9,4,11,3
U R D ur FS DR DL,2,12,53,9,4,13,3
U R FS D DL ur DR,2,12,53,9,4,11,2
U R FS D DR ur DL,2,12,53,9,4,11,2
U R FS D ur DL DR,2,12,53,9,4,11,2
U R FS D ur DR DL,2,12,53,9,4,11,2
U R FS ur D DL DR,2,12,53,9,4,11,3
U R FS ur D DR DL,2,12,53,9,4,11,3
U R ur D DR FS DL,2,12,53,9,4,11,3
U R ur D FS DL DR,2,12,53,9,4,11,3
U R ur D FS DR DL,2,12,53,9,4,13,3
U R ur FS D DL DR,2,12,53,9,4,13,3
U R ur FS D DR DL,2,12,53,9,4,13,3
U ur D DL FS R DR,2,12,53,9,4,9,3
U ur D DL R FS DR,2,12,53,9,4,13,3
U ur D FS R DL DR,2,12,53,9,4,13,3
U ur D FS R DR DL,2,12,53,9,4,11,3
U ur D R DR FS DL,2,12,53,9,4,11,3
U ur D R FS DL DR,2,12,53,9,4,11,3
U ur D R FS DR DL,2,12,53,9,4,13,3
U ur DL D FS R DR,2,12,53,9,4,11,3
U ur DL D R FS DR,2,12,53,9,4,13,3
U ur DL FS D R DR,2,12,53,9,4,11,3
U ur FS D R DL DR,2,12,53,9,4,15,3
U ur FS D R DR DL,2,12,53,9,4,13,3
U ur FS R D DL DR,2,12,53,9,4,13,3
U ur FS R D DR DL,2,12,53,9,4,13,3
U ur R D DR FS DL,2,12,53,9,4,13,3
U ur R D FS DL DR,2,12,53,9,4,13,3
U ur R D FS DR DL,2,12,53,9,4,15,3
U ur R FS D DL DR,2,12,53,9,4,13,3
U ur R FS D DR DL,2,12,53,9,4,13,3
ur D DL R U FS DR,2,12,53,9,4,12,3
ur D DL U FS R DR,2,12,53,9,4,10,3
ur D DL U R FS DR,2,12,53,9,4,12,3
ur D FS R U DL DR,2,12,53,9,4,12,3
ur D FS R U DR DL,2,12,53,9,4,12,3
ur D FS U R DL DR,2,12,53,9,4,12,3
ur D FS U R DR DL,2,12,53,9,4,10,2
ur D R FS U DL DR,2,12,53,9,4,12,3
ur D R FS U DR DL,2,12,53,9,4,12,3
ur D R U DR FS DL,2,12,53,9,4,12,3
ur D R U FS DL DR,2,12,53,9,4,10,2
ur D R U FS DR DL,2,12,53,9,4,12,3
ur D U DL FS R DR,2,12,53,9,4,12,4
ur D U DL R FS DR,2,12,53,9,4,16,4
ur D U FS R DL DR,2,12,53,9,4,14,4
ur D U FS R DR DL,2,12,53,9,4,12,4
ur D U R DR FS DL,2,12,53,9,4,12,4
ur D U R FS DL DR,2,12,53,9,4,12,4
ur D U R FS DR DL,2,12,53,9,4,14,4
ur DL D R U FS DR,2,12,53,9,4,12,3
ur DL D U FS R DR,2,12,53,9,4,12,4
ur DL D U R FS DR,2,12,53,9,4,14,4
ur DL U D FS R DR,2,12,53,9,4,14,4
ur DL U D R FS DR,2,12,53,9,4,16,4
ur DL U FS D R DR,2,12,53,9,4,12,3
ur FS D R U DL DR,2,12,53,9,4,14,3
ur FS D R U DR DL,2,12,53,9,4,14,3
ur FS D U R DL DR,2,12,53,9,4,16,4
ur FS D U R DR DL,2,12,53,9,4,14,4
ur FS R D U DL DR,2,12,53,9,4,16,4
ur FS R D U DR DL,2,12,53,9,4,16,4
ur FS R U D DL DR,2,12,53,9,4,14,4
ur FS R U D DR DL,2,12,53,9,4,14,4
ur FS U D R DL DR,2,12,53,9,4,16,4
ur FS U D R DR DL,2,12,53,9,4,14,4
ur FS U R D DL DR,2,12,53,9,4,12,3
ur FS U R D DR DL,2,12,53,9,4,12,3
ur R D FS U DL DR,2,12,53,9,4,14,3
ur R D FS U DR DL,2,12,53,9,4,14,3
ur R D U DR FS DL,2,12,53,9,4,16,4
ur R D U FS DL DR,2,12,53,9,4,14,4
ur R D U FS DR DL,2,12,53,9,4,16,4
ur R FS D U DL DR,2,12,53,9,4,16,4
ur R FS D U DR DL,2,12,53,9,4,16,4
ur R FS U D DL DR,2,12,53,9,4,14,4
ur R FS U D DR DL,2,12,53,9,4,14,4
ur R U D DR FS DL,2,12,53,9,4,14,4
ur R U D FS DL DR,2,12,53,9,4,14,4
ur R U D FS DR DL,2,12,53,9,4,16,4
ur R U FS D DL DR,2,12,53,9,4,12,3
ur R U FS D DR DL,2,12,53,9,4,12,3
ur U D DL FS R DR,2,12,53,9,4,12,4
ur U D DL R FS DR,2,12,53,9,4,16,4
ur U D FS R DL DR,2,12,53,9,4,16,4
ur U D FS R DR DL,2,12,53,9,4,14,4
ur U D R DR FS DL,2,12,53,9,4,14,4
ur U D R FS DL DR,2,12,53,9,4,14,4
ur U D R FS DR DL,2,12,53,9,4,16,4
ur U DL D FS R DR,2,12,53,9,4,12,3
ur U DL D R FS DR,2,12,53,9,4,14,3
ur U DL FS D R DR,2,12,53,9,4,12,3
ur U FS D R DL DR,2,12,53,9,4,14,3
ur U FS D R DR DL,2,12,53,9,4,12,3
ur U FS R D DL DR,2,12,53,9,4,12,3
ur U FS R D DR DL,2,12,53,9,4,12,3
ur U R D DR FS DL,2,12,53,9,4,12,3
ur U R D FS DL DR,2,12,53,9,4,12,3
ur U R D FS DR DL,2,12,53,9,4,14,3
ur U R FS D DL DR,2,12,53,9,4,12,3
ur U R FS D DR DL,2,12,53,9,4,12,3
DL FS R D DR ur U,2,12,54,8,4,11,3
DL FS R D U ur DR,2,12,54,8,4,14,4
DL FS R D ur DR U,2,12,54,8,4,11,3
DL FS R D ur U DR,2,12,54,8,4,12,3
DL FS R U D ur DR,2,12,54,8,4,12,4
DL FS R U ur D DR,2,12,54,8,4,10,3
DL FS R ur D DR U,2,12,54,8,4,11,3
DL FS R ur D U DR,2,12,54,8,4,14,4
DL FS R ur U D DR,2,12,54,8,4,14,4
DL FS U R D ur DR,2,12,54,8,4,10,2
DL FS U R ur D DR,2,12,54,8,4,10,3
DL FS U ur R D DR,2,12,54,8,4,12,3
DL FS ur R D DR U,2,12,54,8,4,13,3
DL FS ur R D U DR,2,12,54,8,4,16,4
DL FS ur R U D DR,2,12,54,8,4,14,4
DL FS ur U R D DR,2,12,54,8,4,12,3
DL R D FS DR ur U,2,12,54,8,4,15,3
DL R D FS U ur DR,2,12,54,8,4,14,3
DL R D FS ur DR U,2,12,54,8,4,15,3
DL R D FS ur U DR,2,12,54,8,4,16,3
DL R D ur DR FS U,2,12,54,8,4,13,3
DL R D ur FS DR U,2,12,54,8,4,15,3
DL R D ur FS U DR,2,12,54,8,4,14,3
DL R FS D DR ur U,2,12,54,8,4,13,3
DL R FS D U ur DR,2,12,54,8,4,16,4
DL R FS D ur DR U,2,12,54,8,4,13,3
DL R FS D ur U DR,2,12,54,8,4,14,3
DL R FS U D ur DR,2,12,54,8,4,14,4
DL R FS U ur D DR,2,12,54,8,4,12,3
DL R FS ur D DR U,2,12,54,8,4,13,3
DL R FS ur D U DR,2,12,54,8,4,16,4
DL R FS ur U D DR,2,12,54,8,4,16,4
DL R U DR FS ur D,2,12,54,8,4,15,3
DL R U DR ur FS D,2,12,54,8,4,15,3
DL R U FS DR ur D,2,12,54,8,4,13,3
DL R U FS ur DR D,2,12,54,8,4,13,3
DL R U ur DR FS D,2,12,54,8,4,15,3
DL R U ur FS DR D,2,12,54,8,4,15,3
DL R ur D DR FS U,2,12,54,8,4,13,3
DL R ur D FS DR U,2,12,54,8,4,15,3
DL R ur D FS U DR,2,12,54,8,4,14,3
DL R ur FS D DR U,2,12,54,8,4,15,3
DL R ur FS D U DR,2,12,54,8,4,18,4
DL R ur FS U D DR,2,12,54,8,4,16,4
DL R ur U DR FS D,2,12,54,8,4,17,3
DL R ur U FS DR D,2,12,54,8,4,15,3
DL U FS R DR ur D,2,12,54,8,4,11,3
DL U FS R ur DR D,2,12,54,8,4,13,3
DL U FS ur R DR D,2,12,54,8,4,13,3
DL U R DR FS ur D,2,12,54,8,4,13,3
DL U R DR ur FS D,2,12,54,8,4,13,3
DL U R FS DR ur D,2,12,54,8,4,13,3
DL U R FS ur DR D,2,12,54,8,4,13,3
DL U R ur DR FS D,2,12,54,8,4,15,3
DL U R ur FS DR D,2,12,54,8,4,15,3
DL U ur FS R DR D,2,12,54,8,4,13,3
DL U ur R DR FS D,2,12,54,8,4,15,3
DL U ur R FS DR D,2,12,54,8,4,15,3
DL ur FS R D DR U,2,12,54,8,4,13,3
DL ur FS R D U DR,2,12,54,8,4,16,4
DL ur FS R U D DR,2,12,54,8,4,14,4
DL ur FS U R D DR,2,12,54,8,4,12,3
DL ur R D DR FS U,2,12,54,8,4,13,3
DL ur R D FS DR U,2,12,54,8,4,15,3
DL ur R D FS U DR,2,12,54,8,4,14,3
DL ur R FS D DR U,2,12,54,8,4,13,3
DL ur R FS D U DR,2,12,54,8,4,16,4
DL ur R FS U D DR,2,12,54,8,4,14,4
DL ur R U DR FS D,2,12,54,8,4,15,3
DL ur R U FS DR D,2,12,54,8,4,13,3
DL ur U FS R DR D,2,12,54,8,4,11,3
DL ur U R DR FS D,2,12,54,8,4,13,3
DL ur U R FS DR D,2,12,54,8,4,13,3
FS DL R D DR ur U,2,12,54,8,4,12,3
FS DL R D U ur DR,2,12,54,8,4,15,4
FS DL R D ur DR U,2,12,54,8,4,12,3
FS DL R D ur U DR,2,12,54,8,4,13,3
FS DL R U D ur DR,2,12,54,8,4,13,4
FS DL R U ur D DR,2,12,54,8,4,11,3
FS DL R ur D DR U,2,12,54,8,4,12,3
FS DL R ur D U DR,2,12,54,8,4,15,4
FS DL R ur U D DR,2,12,54,8,4,15,4
FS DL U R D ur DR,2,12,54,8,4,11,3
FS DL U R ur D DR,2,12,54,8,4,11,3
FS DL U ur R D DR,2,12,54,8,4,13,3
FS DL ur R D DR U,2,12,54,8,4,12,3
FS DL ur R D U DR,2,12,54,8,4,15,4
FS DL ur R U D DR,2,12,54,8,4,13,4
FS DL ur U R D DR,2,12,54,8,4,11,3
FS R DL D DR ur U,2,12,54,8,4,12,3
FS R DL D U ur DR,2,12,54,8,4,15,4
FS R DL D ur DR U,2,12,54,8,4,12,3
FS R DL D ur U DR,2,12,54,8,4,13,3
FS R DL U D ur DR,2,12,54,8,4,15,4
FS R DL U ur D DR,2,12,54,8,4,13,3
FS R DL ur D DR U,2,12,54,8,4,12,3
FS R DL ur D U DR,2,12,54,8,4,15,4
FS R DL ur U D DR,2,12,54,8,4,15,4
FS R ur DL D DR U,2,12,54,8,4,12,3
FS R ur DL D U DR,2,12,54,8,4,15,4
FS R ur DL U D DR,2,12,54,8,4,15,4
FS ur DL R D DR U,2,12,54,8,4,14,3
FS ur DL R D U DR,2,12,54,8,4,17,4
FS ur DL R U D DR,2,12,54,8,4,15,4
FS ur DL U R D DR,2,12,54,8,4,13,3
FS ur R DL D DR U,2,12,54,8,4,14,3
FS ur R DL D U DR,2,12,54,8,4,17,4
FS ur R DL U D DR,2,12,54,8,4,17,4
R DL D FS DR ur U,2,12,54,8,4,14,3
R DL D FS U ur DR,2,12,54,8,4,13,3
R DL D FS ur DR U,2,12,54,8,4,14,3
R DL D FS ur U DR,2,12,54,8,4,15,3
R DL D ur DR FS U,2,12,54,8,4,12,3
R DL D ur FS DR U,2,12,54,8,4,14,3
R DL D ur FS U DR,2,12,54,8,4,13,3
R DL FS D DR ur U,2,12,54,8,4,12,3
R DL FS D U ur DR,2,12,54,8,4,15,4
R DL FS D ur DR U,2,12,54,8,4,12,3
R DL FS D ur U DR,2,12,54,8,4,13,3
R DL FS U D ur DR,2,12,54,8,4,13,4
R DL FS U ur D DR,2,12,54,8,4,11,3
R DL FS ur D DR U,2,12,54,8,4,12,3
R DL FS ur D U DR,2,12,54,8,4,15,4
R DL FS ur U D DR,2,12,54,8,4,15,4
R DL U DR FS ur D,2,12,54,8,4,16,3
R DL U DR ur FS D,2,12,54,8,4,16,3
R DL U FS DR ur D,2,12,54,8,4,14,3
R DL U FS ur DR D,2,12,54,8,4,14,3
R DL U ur DR FS D,2,12,54,8,4,16,3
R DL U ur FS DR D,2,12,54,8,4,16,3
R DL ur D DR FS U,2,12,54,8,4,12,3
R DL ur D FS DR U,2,12,54,8,4,14,3
R DL ur D FS U DR,2,12,54,8,4,13,3
R DL ur FS D DR U,2,12,54,8,4,14,3
R DL ur FS D U DR,2,12,54,8,4,17,4
R DL ur FS U D DR,2,12,54,8,4,15,4
R DL ur U DR FS D,2,12,54,8,4,16,3
R DL ur U FS DR D,2,12,54,8,4,14,3
R FS DL D DR ur U,2,12,54,8,4,10,3
R FS DL D U ur DR,2,12,54,8,4,13,4
R FS DL D ur DR U,2,12,54,8,4,10,3
R FS DL D ur U DR,2,12,54,8,4,11,3
R FS DL U D ur DR,2,12,54,8,4,13,4
R FS DL U ur D DR,2,12,54,8,4,11,3
R FS DL ur D DR U,2,12,54,8,4,10,3
R FS DL ur D U DR,2,12,54,8,4,13,4
R FS DL ur U D DR,2,12,54,8,4,13,4
R FS ur DL D DR U,2,12,54,8,4,12,3
R FS ur DL D U DR,2,12,54,8,4,15,4
R FS ur DL U D DR,2,12,54,8,4,15,4
R U DL DR FS ur D,2,12,54,8,4,14,3
R U DL DR ur FS D,2,12,54,8,4,14,3
R U DL FS DR ur D,2,12,54,8,4,12,3
R U DL FS ur DR D,2,12,54,8,4,12,3
R U DL ur DR FS D,2,12,54,8,4,14,3
R U DL ur FS DR D,2,12,54,8,4,14,3
R U DR DL FS ur D,2,12,54,8,4,12,3
R U DR DL ur FS D,2,12,54,8,4,14,3
R U DR ur DL FS D,2,12,54,8,4,12,3
R U ur DL DR FS D,2,12,54,8,4,14,3
R U ur DL FS DR D,2,12,54,8,4,12,3
R U ur DR DL FS D,2,12,54,8,4,12,3
R ur DL D DR FS U,2,12,54,8,4,12,3
R ur DL D FS DR U,2,12,54,8,4,14,3
R ur DL D FS U DR,2,12,54,8,4,13,3
R ur DL FS D DR U,2,12,54,8,4,12,3
R ur DL FS D U DR,2,12,54,8,4,15,4
R ur DL FS U D DR,2,12,54,8,4,13,4
R ur DL U DR FS D,2,12,54,8,4,16,3
R ur DL U FS DR D,2,12,54,8,4,14,3
R ur FS DL D DR U,2,12,54,8,4,12,3
R ur FS DL D U DR,2,12,54,8,4,15,4
R ur FS DL U D DR,2,12,54,8,4,15,4
R ur U DL DR FS D,2,12,54,8,4,16,3
R ur U DL FS DR D,2,12,54,8,4,14,3
R ur U DR DL FS D,2,12,54,8,4,14,3
U DL FS R DR ur D,2,12,54,8,4,10,3
U DL FS R ur DR D,2,12,54,8,4,12,3
U DL FS ur R DR D,2,12,54,8,4,12,3
U DL R DR FS ur D,2,12,54,8,4,14,3
U DL R DR ur FS D,2,12,54,8,4,14,3
U DL R FS DR ur D,2,12,54,8,4,14,3
U DL R FS ur DR D,2,12,54,8,4,14,3
U DL R ur DR FS D,2,12,54,8,4,16,3
U DL R ur FS DR D,2,12,54,8,4,16,3
U DL ur FS R DR D,2,12,54,8,4,12,3
U DL ur R DR FS D,2,12,54,8,4,14,3
U DL ur R FS DR D,2,12,54,8,4,14,3
U R DL DR FS ur D,2,12,54,8,4,14,3
U R DL DR ur FS D,2,12,54,8,4,14,3
U R DL FS DR ur D,2,12,54,8,4,12,3
U R DL FS ur DR D,2,12,54,8,4,12,3
U R DL ur DR FS D,2,12,54,8,4,14,3
U R DL ur FS DR D,2,12,54,8,4,14,3
U R DR DL FS ur D,2,12,54,8,4,10,3
U R DR DL ur FS D,2,12,54,8,4,12,3
U R DR ur DL FS D,2,12,54,8,4,10,2
U R ur DL DR FS D,2,12,54,8,4,14,3
U R ur DL FS DR D,2,12,54,8,4,12,3
U R ur DR DL FS D,2,12,54,8,4,12,3
U ur DL FS R DR D,2,12,54,8,4,10,3
U ur DL R DR FS D,2,12,54,8,4,14,3
U ur DL R FS DR D,2,12,54,8,4,14,3
U ur R DL DR FS D,2,12,54,8,4,16,3
U ur R DL FS DR D,2,12,54,8,4,14,3
U ur R DR DL FS D,2,12,54,8,4,12,3
ur DL FS R D DR U,2,12,54,8,4,11,3
ur DL FS R D U DR,2,12,54,8,4,14,4
ur DL FS R U D DR,2,12,54,8,4,12,4
ur DL FS U R D DR,2,12,54,8,4,10,2
ur DL R D DR FS U,2,12,54,8,4,13,3
ur DL R D FS DR U,2,12,54,8,4,15,3
ur DL R D FS U DR,2,12,54,8,4,14,3
ur DL R FS D DR U,2,12,54,8,4,13,3
ur DL R FS D U DR,2,12,54,8,4,16,4
ur DL R FS U D DR,2,12,54,8,4,14,4
ur DL R U DR FS D,2,12,54,8,4,15,3
ur DL R U FS DR D,2,12,54,8,4,13,3
ur DL U FS R DR D,2,12,54,8,4,11,3
ur DL U R DR FS D,2,12,54,8,4,13,3
ur DL U R FS DR D,2,12,54,8,4,13,3
ur FS DL R D DR U,2,12,54,8,4,13,3
ur FS DL R D U DR,2,12,54,8,4,16,4
ur FS DL R U D DR,2,12,54,8,4,14,4
ur FS DL U R D DR,2,12,54,8,4,12,3
ur FS R DL D DR U,2,12,54,8,4,13,3
ur FS R DL D U DR,2,12,54,8,4,16,4
ur FS R DL U D DR,2,12,54,8,4,16,4
ur R DL D DR FS U,2,12,54,8,4,13,3
ur R DL D FS DR U,2,12,54,8,4,15,3
ur R DL D FS U DR,2,12,54,8,4,14,3
ur R DL FS D DR U,2,12,54,8,4,13,3
ur R DL FS D U DR,2,12,54,8,4,16,4
ur R DL FS U D DR,2,12,54,8,4,14,4
ur R DL U DR FS D,2,12,54,8,4,17,3
ur R DL U FS DR D,2,12,54,8,4,15,3
ur R FS DL D DR U,2,12,54,8,4,11,3
ur R FS DL D U DR,2,12,54,8,4,14,4
ur R FS DL U D DR,2,12,54,8,4,14,4
ur R U DL DR FS D,2,12,54,8,4,15,3
ur R U DL FS DR D,2,12,54,8,4,13,3
ur R U DR DL FS D,2,12,54,8,4,13,3
ur U DL FS R DR D,2,12,54,8,4,11,3
ur U DL R DR FS D,2,12,54,8,4,15,3
ur U DL R FS DR D,2,12,54,8,4,15,3
ur U R DL DR FS D,2,12,54,8,4,15,3
ur U R DL FS DR D,2,12,54,8,4,13,3
ur U R DR DL FS D,2,12,54,8,4,11,3
D FS R DL DR U ur,2,12,55,7,4,15,3
D FS R DL U DR ur,2,12,55,7,4,15,3
D R DL FS DR U ur,2,12,55,7,4,15,3
D R DL FS U DR ur,2,12,55,7,4,13,3
D R FS DL DR U ur,2,12,55,7,4,13,3
D R FS DL U DR ur,2,12,55,7,4,13,3
FS D R DL DR U ur,2,12,55,7,4,15,3
FS D R DL U DR ur,2,12,55,7,4,15,3
FS R D DL DR U ur,2,12,55,7,4,13,3
FS R D DL U DR ur,2,12,55,7,4,13,3
R D DL FS DR U ur,2,12,55,7,4,13,3
R D DL FS U DR ur,2,12,55,7,4,11,3
R D FS DL DR U ur,2,12,55,7,4,13,3
R D FS DL U DR ur,2,12,55,7,4,13,3
R FS D DL DR U ur,2,12,55,7,4,13,3
R FS D DL U DR ur,2,12,55,7,4,13,3
DL DR FS U R ur D,2,12,56,7,4,13,3
DL DR FS U ur D R,2,12,56,7,4,13,3
DL DR FS U ur R D,2,12,56,7,4,15,3
DL DR FS ur D R U,2,12,56,7,4,13,3
DL DR FS ur D U R,2,12,56,7,4,15,4
DL DR FS ur U D R,2,12,56,7,4,17,4
DL DR FS ur U R D,2,12,56,7,4,15,3
DL DR ur D FS R U,2,12,56,7,4,11,2
DL DR ur D FS U R,2,12,56,7,4,11,2
DL DR ur FS D R U,2,12,56,7,4,13,3
DL DR ur FS D U R,2,12,56,7,4,15,4
DL DR ur FS U D R,2,12,56,7,4,15,4
DL DR ur FS U R D,2,12,56,7,4,13,3
DL FS DR U R ur D,2,12,56,7,4,13,3
DL FS DR U ur D R,2,12,56,7,4,13,3
DL FS DR U ur R D,2,12,56,7,4,15,3
DL FS DR ur D R U,2,12,56,7,4,11,3
DL FS DR ur D U R,2,12,56,7,4,13,4
DL FS DR ur U D R,2,12,56,7,4,15,4
DL FS DR ur U R D,2,12,56,7,4,13,3
DL FS U DR R ur D,2,12,56,7,4,11,3
DL FS U DR ur D R,2,12,56,7,4,11,3
DL FS U DR ur R D,2,12,56,7,4,13,3
DL FS U ur DR D R,2,12,56,7,4,11,3
DL FS U ur DR R D,2,12,56,7,4,11,3
DL FS ur DR D R U,2,12,56,7,4,11,3
DL FS ur DR D U R,2,12,56,7,4,13,4
DL FS ur DR U D R,2,12,56,7,4,15,4
DL FS ur DR U R D,2,12,56,7,4,13,3
DL FS ur U DR D R,2,12,56,7,4,13,3
DL FS ur U DR R D,2,12,56,7,4,13,3
DL ur DR D FS R U,2,12,56,7,4,11,2
DL ur DR D FS U R,2,12,56,7,4,11,2
DL ur DR FS D R U,2,12,56,7,4,13,3
DL ur DR FS D U R,2,12,56,7,4,15,4
DL ur DR FS U D R,2,12,56,7,4,15,4
DL ur DR FS U R D,2,12,56,7,4,13,3
DL ur FS DR D R U,2,12,56,7,4,13,3
DL ur FS DR D U R,2,12,56,7,4,15,4
DL ur FS DR U D R,2,12,56,7,4,17,4
DL ur FS DR U R D,2,12,56,7,4,15,3
DL ur FS U DR D R,2,12,56,7,4,13,3
DL ur FS U DR R D,2,12,56,7,4,13,3
DR DL FS U R ur D,2,12,56,7,4,11,3
DR DL FS U ur D R,2,12,56,7,4,11,3
DR DL FS U ur R D,2,12,56,7,4,13,3
DR DL FS ur D R U,2,12,56,7,4,11,3
DR DL FS ur D U R,2,12,56,7,4,13,4
DR DL FS ur U D R,2,12,56,7,4,15,4
DR DL FS ur U R D,2,12,56,7,4,13,3
DR DL ur D FS R U,2,12,56,7,4,11,2
DR DL ur D FS U R,2,12,56,7,4,11,2
DR DL ur FS D R U,2,12,56,7,4,13,3
DR DL ur FS D U R,2,12,56,7,4,15,4
DR DL ur FS U D R,2,12,56,7,4,15,4
DR DL ur FS U R D,2,12,56,7,4,13,3
DR FS DL U R ur D,2,12,56,7,4,13,3
DR FS DL U ur D R,2,12,56,7,4,13,3
DR FS DL U ur R D,2,12,56,7,4,15,3
DR FS DL ur D R U,2,12,56,7,4,11,3
DR FS DL ur D U R,2,12,56,7,4,13,4
DR FS DL ur U D R,2,12,56,7,4,15,4
DR FS DL ur U R D,2,12,56,7,4,13,3
DR FS ur DL D R U,2,12,56,7,4,13,3
DR FS ur DL D U R,2,12,56,7,4,15,4
DR FS ur DL U D R,2,12,56,7,4,17,4
DR FS ur DL U R D,2,12,56,7,4,15,3
DR ur DL D FS R U,2,12,56,7,4,11,2
DR ur DL D FS U R,2,12,56,7,4,11,2
DR ur DL FS D R U,2,12,56,7,4,11,2
DR ur DL FS D U R,2,12,56,7,4,13,4
DR ur DL FS U D R,2,12,56,7,4,13,4
DR ur DL FS U R D,2,12,56,7,4,11,2
DR ur FS DL D R U,2,12,56,7,4,11,3
DR ur FS DL D U R,2,12,56,7,4,13,4
DR ur FS DL U D R,2,12,56,7,4,15,4
DR ur FS DL U R D,2,12,56,7,4,13,3
FS DL DR U R ur D,2,12,56,7,4,12,3
FS DL DR U ur D R,2,12,56,7,4,12,3
FS DL DR U ur R D,2,12,56,7,4,14,3
FS DL DR ur D R U,2,12,56,7,4,10,2
FS DL DR ur D U R,2,12,56,7,4,12,4
FS DL DR ur U D R,2,12,56,7,4,14,4
FS DL DR ur U R D,2,12,56,7,4,12,3
FS DL U DR R ur D,2,12,56,7,4,12,3
FS DL U DR ur D R,2,12,56,7,4,12,3
FS DL U DR ur R D,2,12,56,7,4,14,3
FS DL U ur DR D R,2,12,56,7,4,12,3
FS DL U ur DR R D,2,12,56,7,4,12,3
FS DL ur DR D R U,2,12,56,7,4,10,2
FS DL ur DR D U R,2,12,56,7,4,12,4
FS DL ur DR U D R,2,12,56,7,4,14,4
FS DL ur DR U R D,2,12,56,7,4,12,3
FS DL ur U DR D R,2,12,56,7,4,12,3
FS DL ur U DR R D,2,12,56,7,4,12,3
FS DR DL U R ur D,2,12,56,7,4,14,3
FS DR DL U ur D R,2,12,56,7,4,14,3
FS DR DL U ur R D,2,12,56,7,4,16,3
FS DR DL ur D R U,2,12,56,7,4,12,3
FS DR DL ur D U R,2,12,56,7,4,14,4
FS DR DL ur U D R,2,12,56,7,4,16,4
FS DR DL ur U R D,2,12,56,7,4,14,3
FS DR ur DL D R U,2,12,56,7,4,12,3
FS DR ur DL D U R,2,12,56,7,4,14,4
FS DR ur DL U D R,2,12,56,7,4,16,4
FS DR ur DL U R D,2,12,56,7,4,14,3
FS ur DL DR D R U,2,12,56,7,4,12,3
FS ur DL DR D U R,2,12,56,7,4,14,4
FS ur DL DR U D R,2,12,56,7,4,16,4
FS ur DL DR U R D,2,12,56,7,4,14,3
FS ur DL U DR D R,2,12,56,7,4,14,3
FS ur DL U DR R D,2,12,56,7,4,14,3
FS ur DR DL D R U,2,12,56,7,4,12,3
FS ur DR DL D U R,2,12,56,7,4,14,4
FS ur DR DL U D R,2,12,56,7,4,16,4
FS ur DR DL U R D,2,12,56,7,4,14,3
ur DL DR D FS R U,2,12,56,7,4,11,2
ur DL DR D FS U R,2,12,56,7,4,11,2
ur DL DR FS D R U,2,12,56,7,4,13,3
ur DL DR FS D U R,2,12,56,7,4,15,4
ur DL DR FS U D R,2,12,56,7,4,15,4
ur DL DR FS U R D,2,12,56,7,4,13,3
ur DL FS DR D R U,2,12,56,7,4,11,3
ur DL FS DR D U R,2,12,56,7,4,13,4
ur DL FS DR U D R,2,12,56,7,4,15,4
ur DL FS DR U R D,2,12,56,7,4,13,3
ur DL FS U DR D R,2,12,56,7,4,11,3
ur DL FS U DR R D,2,12,56,7,4,11,3
ur DR DL D FS R U,2,12,56,7,4,11,2
ur DR DL D FS U R,2,12,56,7,4,11,2
ur DR DL FS D R U,2,12,56,7,4,11,2
ur DR DL FS D U R,2,12,56,7,4,13,4
ur DR DL FS U D R,2,12,56,7,4,13,4
ur DR DL FS U R D,2,12,56,7,4,11,2
ur DR FS DL D R U,2,12,56,7,4,11,3
ur DR FS DL D U R,2,12,56,7,4,13,4
ur DR FS DL U D R,2,12,56,7,4,15,4
ur DR FS DL U R D,2,12,56,7,4,13,3
ur FS DL DR D R U,2,12,56,7,4,11,3
ur FS DL DR D U R,2,12,56,7,4,13,4
ur FS DL DR U D R,2,12,56,7,4,15,4
ur FS DL DR U R D,2,12,56,7,4,13,3
ur FS DL U DR D R,2,12,56,7,4,13,3
ur FS DL U DR R D,2,12,56,7,4,13,3
ur FS DR DL D R U,2,12,56,7,4,13,3
ur FS DR DL D U R,2,12,56,7,4,15,4
ur FS DR DL U D R,2,12,56,7,4,17,4
ur FS DR DL U R D,2,12,56,7,4,15,3
D DL DR FS R ur U,2,12,56,8,4,14,3
D DL DR FS U ur R,2,12,56,8,4,14,3
D DL DR FS ur R U,2,12,56,8,4,14,3
D DL DR FS ur U R,2,12,56,8,4,14,3
D DL DR ur FS R U,2,12,56,8,4,12,3
D DL DR ur FS U R,2,12,56,8,4,12,3
D DL FS DR R ur U,2,12,56,8,4,12,3
D DL FS DR U ur R,2,12,56,8,4,14,3
D DL FS DR ur R U,2,12,56,8,4,12,3
D DL FS DR ur U R,2,12,56,8,4,12,3
D DL FS U DR ur R,2,12,56,8,4,12,3
D DR DL FS R ur U,2,12,56,8,4,12,3
D DR DL FS U ur R,2,12,56,8,4,12,3
D DR DL FS ur R U,2,12,56,8,4,12,3
D DR DL FS ur U R,2,12,56,8,4,12,3
D DR DL ur FS R U,2,12,56,8,4,12,3
D DR DL ur FS U R,2,12,56,8,4,12,3
D DR FS DL R ur U,2,12,56,8,4,14,3
D DR FS DL U ur R,2,12,56,8,4,14,3
D DR FS DL ur R U,2,12,56,8,4,12,3
D DR FS DL ur U R,2,12,56,8,4,12,3
D FS DL DR R ur U,2,12,56,8,4,12,3
D FS DL DR U ur R,2,12,56,8,4,14,3
D FS DL DR ur R U,2,12,56,8,4,12,3
D FS DL DR ur U R,2,12,56,8,4,12,3
D FS DL U DR ur R,2,12,56,8,4,14,3
D FS DR DL R ur U,2,12,56,8,4,16,3
D FS DR DL U ur R,2,12,56,8,4,16,3
D FS DR DL ur R U,2,12,56,8,4,14,3
D FS DR DL ur U R,2,12,56,8,4,14,3
DL D DR FS R ur U,2,12,56,8,4,13,3
DL D DR FS U ur R,2,12,56,8,4,13,3
DL D DR FS ur R U,2,12,56,8,4,13,3
DL D DR FS ur U R,2,12,56,8,4,13,3
DL D DR ur FS R U,2,12,56,8,4,11,3
DL D DR ur FS U R,2,12,56,8,4,11,3
DL D FS DR R ur U,2,12,56,8,4,13,3
DL D FS DR U ur R,2,12,56,8,4,15,3
DL D FS DR ur R U,2,12,56,8,4,13,3
DL D FS DR ur U R,2,12,56,8,4,13,3
DL D FS U DR ur R,2,12,56,8,4,13,3
DL FS D DR R ur U,2,12,56,8,4,11,3
DL FS D DR U ur R,2,12,56,8,4,13,3
DL FS D DR ur R U,2,12,56,8,4,11,3
DL FS D DR ur U R,2,12,56,8,4,11,3
DL FS D U DR ur R,2,12,56,8,4,15,4
DL FS U D DR ur R,2,12,56,8,4,13,4
FS D DL DR R ur U,2,12,56,8,4,12,3
FS D DL DR U ur R,2,12,56,8,4,14,3
FS D DL DR ur R U,2,12,56,8,4,12,3
FS D DL DR ur U R,2,12,56,8,4,12,3
FS D DL U DR ur R,2,12,56,8,4,14,3
FS D DR DL R ur U,2,12,56,8,4,14,3
FS D DR DL U ur R,2,12,56,8,4,14,3
FS D DR DL ur R U,2,12,56,8,4,12,3
FS D DR DL ur U R,2,12,56,8,4,12,3
FS DL D DR R ur U,2,12,56,8,4,10,3
FS DL D DR U ur R,2,12,56,8,4,12,3
FS DL D DR ur R U,2,12,56,8,4,10,3
FS DL D DR ur U R,2,12,56,8,4,10,3
FS DL D U DR ur R,2,12,56,8,4,14,4
FS DL U D DR ur R,2,12,56,8,4,14,4
DL R D U FS ur DR,2,12,56,9,4,16,4
DL R D U ur FS DR,2,12,56,9,4,18,4
DL R D ur U FS DR,2,12,56,9,4,14,3
DL R U D FS ur DR,2,12,56,9,4,16,4
DL R U D ur FS DR,2,12,56,9,4,16,4
DL R U FS D ur DR,2,12,56,9,4,12,3
DL R U FS ur D DR,2,12,56,9,4,12,3
DL R U ur D FS DR,2,12,56,9,4,14,3
DL R U ur FS D DR,2,12,56,9,4,14,3
DL R ur D U FS DR,2,12,56,9,4,16,4
DL R ur U D FS DR,2,12,56,9,4,18,4
DL R ur U FS D DR,2,12,56,9,4,14,3
DL U FS R D ur DR,2,12,56,9,4,12,3
DL U FS R ur D DR,2,12,56,9,4,12,3
DL U FS ur R D DR,2,12,56,9,4,14,3
DL U R D FS ur DR,2,12,56,9,4,14,3
DL U R D ur FS DR,2,12,56,9,4,14,3
DL U R FS D ur DR,2,12,56,9,4,12,3
DL U R FS ur D DR,2,12,56,9,4,12,3
DL U R ur D FS DR,2,12,56,9,4,14,3
DL U R ur FS D DR,2,12,56,9,4,14,3
DL U ur FS R D DR,2,12,56,9,4,14,3
DL U ur R D FS DR,2,12,56,9,4,16,3
DL U ur R FS D DR,2,12,56,9,4,14,3
DL ur R D U FS DR,2,12,56,9,4,16,4
DL ur R U D FS DR,2,12,56,9,4,16,4
DL ur R U FS D DR,2,12,56,9,4,12,3
DL ur U FS R D DR,2,12,56,9,4,12,3
DL ur U R D FS DR,2,12,56,9,4,14,3
DL ur U R FS D DR,2,12,56,9,4,12,3
R DL D U FS ur DR,2,12,56,9,4,15,4
R DL D U ur FS DR,2,12,56,9,4,17,4
R DL D ur U FS DR,2,12,56,9,4,13,3
R DL U D FS ur DR,2,12,56,9,4,17,4
R DL U D ur FS DR,2,12,56,9,4,17,4
R DL U FS D ur DR,2,12,56,9,4,13,3
R DL U FS ur D DR,2,12,56,9,4,13,3
R DL U ur D FS DR,2,12,56,9,4,15,3
R DL U ur FS D DR,2,12,56,9,4,15,3
R DL ur D U FS DR,2,12,56,9,4,15,4
R DL ur U D FS DR,2,12,56,9,4,17,4
R DL ur U FS D DR,2,12,56,9,4,13,3
R U DL D FS ur DR,2,12,56,9,4,13,3
R U DL D ur FS DR,2,12,56,9,4,13,3
R U DL FS D ur DR,2,12,56,9,4,11,3
R U DL FS ur D DR,2,12,56,9,4,11,3
R U DL ur D FS DR,2,12,56,9,4,13,3
R U DL ur FS D DR,2,12,56,9,4,13,3
R U ur DL D FS DR,2,12,56,9,4,13,3
R U ur DL FS D DR,2,12,56,9,4,11,3
R ur DL D U FS DR,2,12,56,9,4,15,4
R ur DL U D FS DR,2,12,56,9,4,17,4
R ur DL U FS D DR,2,12,56,9,4,13,3
R ur U DL D FS DR,2,12,56,9,4,15,3
R ur U DL FS D DR,2,12,56,9,4,13,3
U DL FS R D ur DR,2,12,56,9,4,11,3
U DL FS R ur D DR,2,12,56,9,4,11,3
U DL FS ur R D DR,2,12,56,9,4,13,3
U DL R D FS ur DR,2,12,56,9,4,15,3
U DL R D ur FS DR,2,12,56,9,4,15,3
U DL R FS D ur DR,2,12,56,9,4,13,3
U DL R FS ur D DR,2,12,56,9,4,13,3
U DL R ur D FS DR,2,12,56,9,4,15,3
U DL R ur FS D DR,2,12,56,9,4,15,3
U DL ur FS R D DR,2,12,56,9,4,13,3
U DL ur R D FS DR,2,12,56,9,4,15,3
U DL ur R FS D DR,2,12,56,9,4,13,3
U R DL D FS ur DR,2,12,56,9,4,13,3
U R DL D ur FS DR,2,12,56,9,4,13,3
U R DL FS D ur DR,2,12,56,9,4,11,3
U R DL FS ur D DR,2,12,56,9,4,11,3
U R DL ur D FS DR,2,12,56,9,4,13,3
U R DL ur FS D DR,2,12,56,9,4,13,3
U R ur DL D FS DR,2,12,56,9,4,13,3
U R ur DL FS D DR,2,12,56,9,4,11,3
U ur DL FS R D DR,2,12,56,9,4,11,3
U ur DL R D FS DR,2,12,56,9,4,15,3
U ur DL R FS D DR,2,12,56,9,4,13,3
U ur R DL D FS DR,2,12,56,9,4,15,3
U ur R DL FS D DR,2,12,56,9,4,13,3
ur DL R D U FS DR,2,12,56,9,4,16,4
ur DL R U D FS DR,2,12,56,9,4,16,4
ur DL R U FS D DR,2,12,56,9,4,12,3
ur DL U FS R D DR,2,12,56,9,4,12,3
ur DL U R D FS DR,2,12,56,9,4,14,3
ur DL U R FS D DR,2,12,56,9,4,12,3
ur R DL D U FS DR,2,12,56,9,4,16,4
ur R DL U D FS DR,2,12,56,9,4,18,4
ur R DL U FS D DR,2,12,56,9,4,14,3
ur R U DL D FS DR,2,12,56,9,4,14,3
ur R U DL FS D DR,2,12,56,9,4,12,3
ur U DL FS R D DR,2,12,56,9,4,12,3
ur U DL R D FS DR,2,12,56,9,4,16,3
ur U DL R FS D DR,2,12,56,9,4,14,3
ur U R DL D FS DR,2,12,56,9,4,14,3
ur U R DL FS D DR,2,12,56,9,4,12,3
D R DL U DR FS ur,2,12,57,8,4,17,3
D R DL U FS DR ur,2,12,57,8,4,15,3
D R U DL DR FS ur,2,12,57,8,4,15,3
D R U DL FS DR ur,2,12,57,8,4,13,3
D R U DR DL FS ur,2,12,57,8,4,13,3
D U R DL DR FS ur,2,12,57,8,4,17,4
D U R DL FS DR ur,2,12,57,8,4,15,4
D U R DR DL FS ur,2,12,57,8,4,13,4
R D DL U DR FS ur,2,12,57,8,4,15,3
R D DL U FS DR ur,2,12,57,8,4,13,3
R D U DL DR FS ur,2,12,57,8,4,17,4
R D U DL FS DR ur,2,12,57,8,4,15,4
R D U DR DL FS ur,2,12,57,8,4,15,4
R U D DL DR FS ur,2,12,57,8,4,15,4
R U D DL FS DR ur,2,12,57,8,4,13,4
R U D DR DL FS ur,2,12,57,8,4,13,4
U D R DL DR FS ur,2,12,57,8,4,17,4
U D R DL FS DR ur,2,12,57,8,4,15,4
U D R DR DL FS ur,2,12,57,8,4,13,4
U R D DL DR FS ur,2,12,57,8,4,13,3
U R D DL FS DR ur,2,12,57,8,4,11,3
U R D DR DL FS ur,2,12,57,8,4,11,3
DL DR D FS R ur U,2,12,58,8,4,13,3
DL DR D FS U ur R,2,12,58,8,4,13,3
DL DR D FS ur R U,2,12,58,8,4,13,3
DL DR D FS ur U R,2,12,58,8,4,13,3
DL DR D ur FS R U,2,12,58,8,4,11,3
DL DR D ur FS U R,2,12,58,8,4,11,3
DL DR FS D R ur U,2,12,58,8,4,15,3
DL DR FS D U ur R,2,12,58,8,4,17,4
DL DR FS D ur R U,2,12,58,8,4,13,3
DL DR FS D ur U R,2,12,58,8,4,13,3
DL DR FS R D ur U,2,12,58,8,4,13,3
DL DR FS R U ur D,2,12,58,8,4,13,3
DL DR FS R ur D U,2,12,58,8,4,15,4
DL DR FS R ur U D,2,12,58,8,4,17,4
DL DR FS U D ur R,2,12,58,8,4,15,4
DL DR FS ur R D U,2,12,58,8,4,17,4
DL DR FS ur R U D,2,12,58,8,4,17,4
DL DR R FS D ur U,2,12,58,8,4,11,3
DL DR R FS U ur D,2,12,58,8,4,11,3
DL DR R FS ur D U,2,12,58,8,4,13,4
DL DR R FS ur U D,2,12,58,8,4,15,4
DL DR R U FS ur D,2,12,58,8,4,11,3
DL DR R U ur FS D,2,12,58,8,4,13,3
DL DR R ur D FS U,2,12,58,8,4,11,3
DL DR R ur FS D U,2,12,58,8,4,15,4
DL DR R ur FS U D,2,12,58,8,4,15,4
DL DR R ur U FS D,2,12,58,8,4,13,3
DL DR U FS R ur D,2,12,58,8,4,13,3
DL DR U FS ur D R,2,12,58,8,4,13,3
DL DR U FS ur R D,2,12,58,8,4,15,3
DL DR U R FS ur D,2,12,58,8,4,13,3
DL DR U R ur FS D,2,12,58,8,4,15,3
DL DR U ur D FS R,2,12,58,8,4,13,3
DL DR U ur FS D R,2,12,58,8,4,15,3
DL DR U ur FS R D,2,12,58,8,4,15,3
DL DR U ur R FS D,2,12,58,8,4,15,3
DL DR ur D R FS U,2,12,58,8,4,11,2
DL DR ur D U FS R,2,12,58,8,4,13,4
DL DR ur FS R D U,2,12,58,8,4,15,4
DL DR ur FS R U D,2,12,58,8,4,15,4
DL DR ur R D FS U,2,12,58,8,4,13,3
DL DR ur R FS D U,2,12,58,8,4,15,4
DL DR ur R FS U D,2,12,58,8,4,15,4
DL DR ur R U FS D,2,12,58,8,4,13,3
DL DR ur U D FS R,2,12,58,8,4,15,4
DL DR ur U FS D R,2,12,58,8,4,13,3
DL DR ur U FS R D,2,12,58,8,4,13,3
DL DR ur U R FS D,2,12,58,8,4,13,3
DL FS DR D R ur U,2,12,58,8,4,13,3
DL FS DR D U ur R,2,12,58,8,4,15,4
DL FS DR D ur R U,2,12,58,8,4,11,3
DL FS DR D ur U R,2,12,58,8,4,11,3
DL FS DR R D ur U,2,12,58,8,4,11,3
DL FS DR R U ur D,2,12,58,8,4,11,3
DL FS DR R ur D U,2,12,58,8,4,13,4
DL FS DR R ur U D,2,12,58,8,4,15,4
DL FS DR U D ur R,2,12,58,8,4,15,4
DL FS DR ur R D U,2,12,58,8,4,15,4
DL FS DR ur R U D,2,12,58,8,4,15,4
DL FS U DR D ur R,2,12,58,8,4,11,3
DL FS ur DR R D U,2,12,58,8,4,13,4
DL FS ur DR R U D,2,12,58,8,4,13,4
DL U DR FS R ur D,2,12,58,8,4,15,3
DL U DR FS ur D R,2,12,58,8,4,15,3
DL U DR FS ur R D,2,12,58,8,4,17,3
DL U DR R FS ur D,2,12,58,8,4,13,3
DL U DR R ur FS D,2,12,58,8,4,15,3
DL U DR ur D FS R,2,12,58,8,4,13,3
DL U DR ur FS D R,2,12,58,8,4,15,3
DL U DR ur FS R D,2,12,58,8,4,15,3
DL U DR ur R FS D,2,12,58,8,4,15,3
DL U FS DR R ur D,2,12,58,8,4,13,3
DL U FS DR ur D R,2,12,58,8,4,13,3
DL U FS DR ur R D,2,12,58,8,4,15,3
DL U FS ur DR D R,2,12,58,8,4,13,3
DL U FS ur DR R D,2,12,58,8,4,13,3
DL U ur DR D FS R,2,12,58,8,4,13,3
DL U ur DR FS D R,2,12,58,8,4,15,3
DL U ur DR FS R D,2,12,58,8,4,15,3
DL U ur DR R FS D,2,12,58,8,4,13,3
DL U ur FS DR D R,2,12,58,8,4,15,3
DL U ur FS DR R D,2,12,58,8,4,15,3
DL ur DR D R FS U,2,12,58,8,4,11,2
DL ur DR D U FS R,2,12,58,8,4,13,4
DL ur DR FS R D U,2,12,58,8,4,15,4
DL ur DR FS R U D,2,12,58,8,4,15,4
DL ur DR R D FS U,2,12,58,8,4,11,2
DL ur DR R FS D U,2,12,58,8,4,13,4
DL ur DR R FS U D,2,12,58,8,4,13,4
DL ur DR R U FS D,2,12,58,8,4,11,2
DL ur DR U D FS R,2,12,58,8,4,15,4
DL ur DR U FS D R,2,12,58,8,4,13,3
DL ur DR U FS R D,2,12,58,8,4,13,3
DL ur DR U R FS D,2,12,58,8,4,13,3
DL ur FS DR R D U,2,12,58,8,4,15,4
DL ur FS DR R U D,2,12,58,8,4,15,4
DL ur U DR D FS R,2,12,58,8,4,13,3
DL ur U DR FS D R,2,12,58,8,4,15,3
DL ur U DR FS R D,2,12,58,8,4,15,3
DL ur U DR R FS D,2,12,58,8,4,13,3
DL ur U FS DR D R,2,12,58,8,4,13,3
DL ur U FS DR R D,2,12,58,8,4,13,3
DR D DL FS R ur U,2,12,58,8,4,11,3
DR D DL FS U ur R,2,12,58,8,4,11,3
DR D DL FS ur R U,2,12,58,8,4,11,3
DR D DL FS ur U R,2,12,58,8,4,11,3
DR D DL ur FS R U,2,12,58,8,4,11,3
DR D DL ur FS U R,2,12,58,8,4,11,3
DR D FS DL R ur U,2,12,58,8,4,13,3
DR D FS DL U ur R,2,12,58,8,4,13,3
DR D FS DL ur R U,2,12,58,8,4,11,3
DR D FS DL ur U R,2,12,58,8,4,11,3
DR DL D FS R ur U,2,12,58,8,4,13,3
DR DL D FS U ur R,2,12,58,8,4,13,3
DR DL D FS ur R U,2,12,58,8,4,13,3
DR DL D FS ur U R,2,12,58,8,4,13,3
DR DL D ur FS R U,2,12,58,8,4,11,3
DR DL D ur FS U R,2,12,58,8,4,11,3
DR DL FS D R ur U,2,12,58,8,4,13,3
DR DL FS D U ur R,2,12,58,8,4,15,4
DR DL FS D ur R U,2,12,58,8,4,11,3
DR DL FS D ur U R,2,12,58,8,4,11,3
DR DL FS R D ur U,2,12,58,8,4,11,3
DR DL FS R U ur D,2,12,58,8,4,11,3
DR DL FS R ur D U,2,12,58,8,4,13,4
DR DL FS R ur U D,2,12,58,8,4,15,4
DR DL FS U D ur R,2,12,58,8,4,13,4
DR DL FS ur R D U,2,12,58,8,4,15,4
DR DL FS ur R U D,2,12,58,8,4,15,4
DR DL R FS D ur U,2,12,58,8,4,13,3
DR DL R FS U ur D,2,12,58,8,4,13,3
DR DL R FS ur D U,2,12,58,8,4,15,4
DR DL R FS ur U D,2,12,58,8,4,17,4
DR DL R U FS ur D,2,12,58,8,4,13,3
DR DL R U ur FS D,2,12,58,8,4,15,3
DR DL R ur D FS U,2,12,58,8,4,13,3
DR DL R ur FS D U,2,12,58,8,4,17,4
DR DL R ur FS U D,2,12,58,8,4,17,4
DR DL R ur U FS D,2,12,58,8,4,15,3
DR DL U FS R ur D,2,12,58,8,4,13,3
DR DL U FS ur D R,2,12,58,8,4,13,3
DR DL U FS ur R D,2,12,58,8,4,15,3
DR DL U R FS ur D,2,12,58,8,4,13,3
DR DL U R ur FS D,2,12,58,8,4,15,3
DR DL U ur D FS R,2,12,58,8,4,13,3
DR DL U ur FS D R,2,12,58,8,4,15,3
DR DL U ur FS R D,2,12,58,8,4,15,3
DR DL U ur R FS D,2,12,58,8,4,15,3
DR DL ur D R FS U,2,12,58,8,4,11,2
DR DL ur D U FS R,2,12,58,8,4,13,4
DR DL ur FS R D U,2,12,58,8,4,15,4
DR DL ur FS R U D,2,12,58,8,4,15,4
DR DL ur R D FS U,2,12,58,8,4,13,3
DR DL ur R FS D U,2,12,58,8,4,15,4
DR DL ur R FS U D,2,12,58,8,4,15,4
DR DL ur R U FS D,2,12,58,8,4,13,3
DR DL ur U D FS R,2,12,58,8,4,15,4
DR DL ur U FS D R,2,12,58,8,4,13,3
DR DL ur U FS R D,2,12,58,8,4,13,3
DR DL ur U R FS D,2,12,58,8,4,13,3
DR FS D DL R ur U,2,12,58,8,4,15,3
DR FS D DL U ur R,2,12,58,8,4,15,3
DR FS D DL ur R U,2,12,58,8,4,13,3
DR FS D DL ur U R,2,12,58,8,4,13,3
DR FS DL D R ur U,2,12,58,8,4,13,3
DR FS DL D U ur R,2,12,58,8,4,15,4
DR FS DL D ur R U,2,12,58,8,4,11,3
DR FS DL D ur U R,2,12,58,8,4,11,3
DR FS DL R D ur U,2,12,58,8,4,13,3
DR FS DL R U ur D,2,12,58,8,4,13,3
DR FS DL R ur D U,2,12,58,8,4,15,4
DR FS DL R ur U D,2,12,58,8,4,17,4
DR FS DL U D ur R,2,12,58,8,4,15,4
DR FS DL ur R D U,2,12,58,8,4,15,4
DR FS DL ur R U D,2,12,58,8,4,15,4
DR FS R DL D ur U,2,12,58,8,4,13,3
DR FS R DL U ur D,2,12,58,8,4,15,3
DR FS R DL ur D U,2,12,58,8,4,15,4
DR FS R DL ur U D,2,12,58,8,4,17,4
DR FS R ur DL D U,2,12,58,8,4,15,4
DR FS R ur DL U D,2,12,58,8,4,17,4
DR FS ur DL R D U,2,12,58,8,4,17,4
DR FS ur DL R U D,2,12,58,8,4,17,4
DR FS ur R DL D U,2,12,58,8,4,17,4
DR FS ur R DL U D,2,12,58,8,4,19,4
DR R DL FS D ur U,2,12,58,8,4,11,3
DR R DL FS U ur D,2,12,58,8,4,11,3
DR R DL FS ur D U,2,12,58,8,4,13,4
DR R DL FS ur U D,2,12,58,8,4,15,4
DR R DL U FS ur D,2,12,58,8,4,13,3
DR R DL U ur FS D,2,12,58,8,4,15,3
DR R DL ur D FS U,2,12,58,8,4,11,3
DR R DL ur FS D U,2,12,58,8,4,15,4
DR R DL ur FS U D,2,12,58,8,4,15,4
DR R DL ur U FS D,2,12,58,8,4,13,3
DR R FS DL D ur U,2,12,58,8,4,9,3
DR R FS DL U ur D,2,12,58,8,4,11,3
DR R FS DL ur D U,2,12,58,8,4,11,4
DR R FS DL ur U D,2,12,58,8,4,13,4
DR R FS ur DL D U,2,12,58,8,4,13,4
DR R FS ur DL U D,2,12,58,8,4,15,4
DR R U DL FS ur D,2,12,58,8,4,11,3
DR R U DL ur FS D,2,12,58,8,4,13,3
DR R U ur DL FS D,2,12,58,8,4,11,3
DR R ur DL D FS U,2,12,58,8,4,11,3
DR R ur DL FS D U,2,12,58,8,4,13,4
DR R ur DL FS U D,2,12,58,8,4,13,4
DR R ur DL U FS D,2,12,58,8,4,13,3
DR R ur FS DL D U,2,12,58,8,4,13,4
DR R ur FS DL U D,2,12,58,8,4,15,4
DR R ur U DL FS D,2,12,58,8,4,13,3
DR U DL FS R ur D,2,12,58,8,4,13,3
DR U DL FS ur D R,2,12,58,8,4,13,3
DR U DL FS ur R D,2,12,58,8,4,15,3
DR U DL R FS ur D,2,12,58,8,4,15,3
DR U DL R ur FS D,2,12,58,8,4,17,3
DR U DL ur D FS R,2,12,58,8,4,13,3
DR U DL ur FS D R,2,12,58,8,4,15,3
DR U DL ur FS R D,2,12,58,8,4,15,3
DR U DL ur R FS D,2,12,58,8,4,15,3
DR U R DL FS ur D,2,12,58,8,4,13,3
DR U R DL ur FS D,2,12,58,8,4,15,3
DR U R ur DL FS D,2,12,58,8,4,13,3
DR U ur DL D FS R,2,12,58,8,4,13,3
DR U ur DL FS D R,2,12,58,8,4,13,3
DR U ur DL FS R D,2,12,58,8,4,13,3
DR U ur DL R FS D,2,12,58,8,4,15,3
DR U ur R DL FS D,2,12,58,8,4,15,3
DR ur DL D R FS U,2,12,58,8,4,11,2
DR ur DL D U FS R,2,12,58,8,4,13,4
DR ur DL FS R D U,2,12,58,8,4,13,4
DR ur DL FS R U D,2,12,58,8,4,13,4
DR ur DL R D FS U,2,12,58,8,4,13,3
DR ur DL R FS D U,2,12,58,8,4,15,4
DR ur DL R FS U D,2,12,58,8,4,15,4
DR ur DL R U FS D,2,12,58,8,4,13,3
DR ur DL U D FS R,2,12,58,8,4,15,4
DR ur DL U FS D R,2,12,58,8,4,13,3
DR ur DL U FS R D,2,12,58,8,4,13,3
DR ur DL U R FS D,2,12,58,8,4,13,3
DR ur FS DL R D U,2,12,58,8,4,15,4
DR ur FS DL R U D,2,12,58,8,4,15,4
DR ur FS R DL D U,2,12,58,8,4,15,4
DR ur FS R DL U D,2,12,58,8,4,17,4
DR ur R DL D FS U,2,12,58,8,4,13,3
DR ur R DL FS D U,2,12,58,8,4,15,4
DR ur R DL FS U D,2,12,58,8,4,15,4
DR ur R DL U FS D,2,12,58,8,4,15,3
DR ur R FS DL D U,2,12,58,8,4,13,4
DR ur R FS DL U D,2,12,58,8,4,15,4
DR ur R U DL FS D,2,12,58,8,4,13,3
DR ur U DL D FS R,2,12,58,8,4,13,3
DR ur U DL FS D R,2,12,58,8,4,13,3
DR ur U DL FS R D,2,12,58,8,4,13,3
DR ur U DL R FS D,2,12,58,8,4,15,3
DR ur U R DL FS D,2,12,58,8,4,13,3
FS DL DR D R ur U,2,12,58,8,4,12,3
FS DL DR D U ur R,2,12,58,8,4,14,4
FS DL DR D ur R U,2,12,58,8,4,10,3
FS DL DR D ur U R,2,12,58,8,4,10,3
FS DL DR R D ur U,2,12,58,8,4,10,3
FS DL DR R U ur D,2,12,58,8,4,10,3
FS DL DR R ur D U,2,12,58,8,4,12,4
FS DL DR R ur U D,2,12,58,8,4,14,4
FS DL DR U D ur R,2,12,58,8,4,14,4
FS DL DR ur R D U,2,12,58,8,4,14,4
FS DL DR ur R U D,2,12,58,8,4,14,4
FS DL U DR D ur R,2,12,58,8,4,12,3
FS DL ur DR R D U,2,12,58,8,4,12,4
FS DL ur DR R U D,2,12,58,8,4,12,4
FS DR D DL R ur U,2,12,58,8,4,14,3
FS DR D DL U ur R,2,12,58,8,4,14,3
FS DR D DL ur R U,2,12,58,8,4,12,3
FS DR D DL ur U R,2,12,58,8,4,12,3
FS DR DL D R ur U,2,12,58,8,4,14,3
FS DR DL D U ur R,2,12,58,8,4,16,4
FS DR DL D ur R U,2,12,58,8,4,12,3
FS DR DL D ur U R,2,12,58,8,4,12,3
FS DR DL R D ur U,2,12,58,8,4,14,3
FS DR DL R U ur D,2,12,58,8,4,14,3
FS DR DL R ur D U,2,12,58,8,4,16,4
FS DR DL R ur U D,2,12,58,8,4,18,4
FS DR DL U D ur R,2,12,58,8,4,16,4
FS DR DL ur R D U,2,12,58,8,4,16,4
FS DR DL ur R U D,2,12,58,8,4,16,4
FS DR R DL D ur U,2,12,58,8,4,12,3
FS DR R DL U ur D,2,12,58,8,4,14,3
FS DR R DL ur D U,2,12,58,8,4,14,4
FS DR R DL ur U D,2,12,58,8,4,16,4
FS DR R ur DL D U,2,12,58,8,4,14,4
FS DR R ur DL U D,2,12,58,8,4,16,4
FS DR ur DL R D U,2,12,58,8,4,16,4
FS DR ur DL R U D,2,12,58,8,4,16,4
FS DR ur R DL D U,2,12,58,8,4,16,4
FS DR ur R DL U D,2,12,58,8,4,18,4
FS ur DL DR R D U,2,12,58,8,4,14,4
FS ur DL DR R U D,2,12,58,8,4,14,4
FS ur DR DL R D U,2,12,58,8,4,16,4
FS ur DR DL R U D,2,12,58,8,4,16,4
FS ur DR R DL D U,2,12,58,8,4,14,4
FS ur DR R DL U D,2,12,58,8,4,16,4
U DL DR FS R ur D,2,12,58,8,4,14,3
U DL DR FS ur D R,2,12,58,8,4,14,3
U DL DR FS ur R D,2,12,58,8,4,16,3
U DL DR R FS ur D,2,12,58,8,4,12,3
U DL DR R ur FS D,2,12,58,8,4,14,3
U DL DR ur D FS R,2,12,58,8,4,12,3
U DL DR ur FS D R,2,12,58,8,4,14,3
U DL DR ur FS R D,2,12,58,8,4,14,3
U DL DR ur R FS D,2,12,58,8,4,14,3
U DL FS DR R ur D,2,12,58,8,4,12,3
U DL FS DR ur D R,2,12,58,8,4,12,3
U DL FS DR ur R D,2,12,58,8,4,14,3
U DL FS ur DR D R,2,12,58,8,4,12,3
U DL FS ur DR R D,2,12,58,8,4,12,3
U DL ur DR D FS R,2,12,58,8,4,12,3
U DL ur DR FS D R,2,12,58,8,4,14,3
U DL ur DR FS R D,2,12,58,8,4,14,3
U DL ur DR R FS D,2,12,58,8,4,12,3
U DL ur FS DR D R,2,12,58,8,4,14,3
U DL ur FS DR R D,2,12,58,8,4,14,3
U DR DL FS R ur D,2,12,58,8,4,12,3
U DR DL FS ur D R,2,12,58,8,4,12,3
U DR DL FS ur R D,2,12,58,8,4,14,3
U DR DL R FS ur D,2,12,58,8,4,14,3
U DR DL R ur FS D,2,12,58,8,4,16,3
U DR DL ur D FS R,2,12,58,8,4,12,3
U DR DL ur FS D R,2,12,58,8,4,14,3
U DR DL ur FS R D,2,12,58,8,4,14,3
U DR DL ur R FS D,2,12,58,8,4,14,3
U DR R DL FS ur D,2,12,58,8,4,12,3
U DR R DL ur FS D,2,12,58,8,4,14,3
U DR R ur DL FS D,2,12,58,8,4,12,3
U DR ur DL D FS R,2,12,58,8,4,12,3
U DR ur DL FS D R,2,12,58,8,4,12,3
U DR ur DL FS R D,2,12,58,8,4,12,3
U DR ur DL R FS D,2,12,58,8,4,14,3
U DR ur R DL FS D,2,12,58,8,4,14,3
U ur DL DR D FS R,2,12,58,8,4,12,3
U ur DL DR FS D R,2,12,58,8,4,14,3
U ur DL DR FS R D,2,12,58,8,4,14,3
U ur DL DR R FS D,2,12,58,8,4,12,3
U ur DL FS DR D R,2,12,58,8,4,12,3
U ur DL FS DR R D,2,12,58,8,4,12,3
U ur DR DL D FS R,2,12,58,8,4,12,3
U ur DR DL FS D R,2,12,58,8,4,12,3
U ur DR DL FS R D,2,12,58,8,4,12,3
U ur DR DL R FS D,2,12,58,8,4,14,3
U ur DR R DL FS D,2,12,58,8,4,12,3
ur DL DR D R FS U,2,12,58,8,4,11,2
ur DL DR D U FS R,2,12,58,8,4,13,4
ur DL DR FS R D U,2,12,58,8,4,15,4
ur DL DR FS R U D,2,12,58,8,4,15,4
ur DL DR R D FS U,2,12,58,8,4,11,2
ur DL DR R FS D U,2,12,58,8,4,13,4
ur DL DR R FS U D,2,12,58,8,4,13,4
ur DL DR R U FS D,2,12,58,8,4,11,2
ur DL DR U D FS R,2,12,58,8,4,15,4
ur DL DR U FS D R,2,12,58,8,4,13,3
ur DL DR U FS R D,2,12,58,8,4,13,3
ur DL DR U R FS D,2,12,58,8,4,13,3
ur DL FS DR R D U,2,12,58,8,4,13,4
ur DL FS DR R U D,2,12,58,8,4,13,4
ur DL U DR D FS R,2,12,58,8,4,13,3
ur DL U DR FS D R,2,12,58,8,4,15,3
ur DL U DR FS R D,2,12,58,8,4,15,3
ur DL U DR R FS D,2,12,58,8,4,13,3
ur DL U FS DR D R,2,12,58,8,4,13,3
ur DL U FS DR R D,2,12,58,8,4,13,3
ur DR DL D R FS U,2,12,58,8,4,11,2
ur DR DL D U FS R,2,12,58,8,4,13,4
ur DR DL FS R D U,2,12,58,8,4,13,4
ur DR DL FS R U D,2,12,58,8,4,13,4
ur DR DL R D FS U,2,12,58,8,4,13,3
ur DR DL R FS D U,2,12,58,8,4,15,4
ur DR DL R FS U D,2,12,58,8,4,15,4
ur DR DL R U FS D,2,12,58,8,4,13,3
ur DR DL U D FS R,2,12,58,8,4,15,4
ur DR DL U FS D R,2,12,58,8,4,13,3
ur DR DL U FS R D,2,12,58,8,4,13,3
ur DR DL U R FS D,2,12,58,8,4,13,3
ur DR FS DL R D U,2,12,58,8,4,15,4
ur DR FS DL R U D,2,12,58,8,4,15,4
ur DR FS R DL D U,2,12,58,8,4,15,4
ur DR FS R DL U D,2,12,58,8,4,17,4
ur DR R DL D FS U,2,12,58,8,4,11,3
ur DR R DL FS D U,2,12,58,8,4,13,4
ur DR R DL FS U D,2,12,58,8,4,13,4
ur DR R DL U FS D,2,12,58,8,4,13,3
ur DR R FS DL D U,2,12,58,8,4,11,4
ur DR R FS DL U D,2,12,58,8,4,13,4
ur DR R U DL FS D,2,12,58,8,4,11,3
ur DR U DL D FS R,2,12,58,8,4,13,3
ur DR U DL FS D R,2,12,58,8,4,13,3
ur DR U DL FS R D,2,12,58,8,4,13,3
ur DR U DL R FS D,2,12,58,8,4,15,3
ur DR U R DL FS D,2,12,58,8,4,13,3
ur FS DL DR R D U,2,12,58,8,4,13,4
ur FS DL DR R U D,2,12,58,8,4,13,4
ur FS DR DL R D U,2,12,58,8,4,17,4
ur FS DR DL R U D,2,12,58,8,4,17,4
ur FS DR R DL D U,2,12,58,8,4,15,4
ur FS DR R DL U D,2,12,58,8,4,17,4
ur U DL DR D FS R,2,12,58,8,4,13,3
ur U DL DR FS D R,2,12,58,8,4,15,3
ur U DL DR FS R D,2,12,58,8,4,15,3
ur U DL DR R FS D,2,12,58,8,4,13,3
ur U DL FS DR D R,2,12,58,8,4,13,3
ur U DL FS DR R D,2,12,58,8,4,13,3
ur U DR DL D FS R,2,12,58,8,4,13,3
ur U DR DL FS D R,2,12,58,8,4,13,3
ur U DR DL FS R D,2,12,58,8,4,13,3
ur U DR DL R FS D,2,12,58,8,4,15,3
ur U DR R DL FS D,2,12,58,8,4,13,3
D DL DR R FS ur U,2,12,58,9,4,12,3
D DL DR R ur FS U,2,12,58,9,4,12,3
D DL DR U FS ur R,2,12,58,9,4,14,3
D DL DR U ur FS R,2,12,58,9,4,14,3
D DL DR ur R FS U,2,12,58,9,4,12,3
D DL DR ur U FS R,2,12,58,9,4,12,3
D DL R DR FS ur U,2,12,58,9,4,14,3
D DL R DR ur FS U,2,12,58,9,4,12,3
D DL U DR FS ur R,2,12,58,9,4,16,3
D DL U DR ur FS R,2,12,58,9,4,14,3
D DL U FS DR ur R,2,12,58,9,4,14,3
D DR DL R FS ur U,2,12,58,9,4,14,3
D DR DL R ur FS U,2,12,58,9,4,14,3
D DR DL U FS ur R,2,12,58,9,4,14,3
D DR DL U ur FS R,2,12,58,9,4,14,3
D DR DL ur R FS U,2,12,58,9,4,12,3
D DR DL ur U FS R,2,12,58,9,4,12,3
D DR R DL FS ur U,2,12,58,9,4,12,3
D DR R DL ur FS U,2,12,58,9,4,12,3
D DR U DL FS ur R,2,12,58,9,4,14,3
D DR U DL ur FS R,2,12,58,9,4,14,3
D FS R DR DL ur U,2,12,58,9,4,12,3
D FS R DR U ur DL,2,12,58,9,4,13,3
D FS R DR ur DL U,2,12,58,9,4,12,3
D FS R DR ur U DL,2,12,58,9,4,13,3
D FS R ur DR DL U,2,12,58,9,4,14,3
D FS R ur DR U DL,2,12,58,9,4,15,3
D FS ur R DR DL U,2,12,58,9,4,14,3
D FS ur R DR U DL,2,12,58,9,4,15,3
D R DR FS DL ur U,2,12,58,9,4,12,3
D R DR FS U ur DL,2,12,58,9,4,13,3
D R DR FS ur DL U,2,12,58,9,4,14,3
D R DR FS ur U DL,2,12,58,9,4,15,3
D R DR U FS ur DL,2,12,58,9,4,13,3
D R DR U ur FS DL,2,12,58,9,4,13,3
D R DR ur DL FS U,2,12,58,9,4,10,2
D R DR ur FS DL U,2,12,58,9,4,12,3
D R DR ur FS U DL,2,12,58,9,4,13,3
D R DR ur U FS DL,2,12,58,9,4,11,3
D R FS DR DL ur U,2,12,58,9,4,14,3
D R FS DR U ur DL,2,12,58,9,4,15,3
D R FS DR ur DL U,2,12,58,9,4,14,3
D R FS DR ur U DL,2,12,58,9,4,15,3
D R FS ur DR DL U,2,12,58,9,4,14,3
D R FS ur DR U DL,2,12,58,9,4,15,3
D R ur DR DL FS U,2,12,58,9,4,12,3
D R ur DR FS DL U,2,12,58,9,4,14,3
D R ur DR FS U DL,2,12,58,9,4,15,3
D R ur DR U FS DL,2,12,58,9,4,13,3
D R ur FS DR DL U,2,12,58,9,4,16,3
D R ur FS DR U DL,2,12,58,9,4,17,3
D U DL DR FS ur R,2,12,58,9,4,18,4
D U DL DR ur FS R,2,12,58,9,4,16,4
D U DL FS DR ur R,2,12,58,9,4,16,4
D U DR DL FS ur R,2,12,58,9,4,16,4
D U DR DL ur FS R,2,12,58,9,4,16,4
D ur FS R DR DL U,2,12,58,9,4,12,3
D ur FS R DR U DL,2,12,58,9,4,13,3
D ur R DR DL FS U,2,12,58,9,4,10,3
D ur R DR FS DL U,2,12,58,9,4,12,3
D ur R DR FS U DL,2,12,58,9,4,13,3
D ur R DR U FS DL,2,12,58,9,4,11,3
D ur R FS DR DL U,2,12,58,9,4,14,3
D ur R FS DR U DL,2,12,58,9,4,15,3
DL D DR R FS ur U,2,12,58,9,4,11,3
DL D DR R ur FS U,2,12,58,9,4,11,3
DL D DR U FS ur R,2,12,58,9,4,13,3
DL D DR U ur FS R,2,12,58,9,4,13,3
DL D DR ur R FS U,2,12,58,9,4,11,3
DL D DR ur U FS R,2,12,58,9,4,11,3
DL D R DR FS ur U,2,12,58,9,4,13,3
DL D R DR ur FS U,2,12,58,9,4,11,3
DL D U DR FS ur R,2,12,58,9,4,17,4
DL D U DR ur FS R,2,12,58,9,4,15,4
DL D U FS DR ur R,2,12,58,9,4,15,4
DL U D DR FS ur R,2,12,58,9,4,17,4
DL U D DR ur FS R,2,12,58,9,4,15,4
DL U D FS DR ur R,2,12,58,9,4,17,4
DL U FS D DR ur R,2,12,58,9,4,13,3
FS D R DR DL ur U,2,12,58,9,4,12,3
FS D R DR U ur DL,2,12,58,9,4,13,3
FS D R DR ur DL U,2,12,58,9,4,12,3
FS D R DR ur U DL,2,12,58,9,4,13,3
FS D R ur DR DL U,2,12,58,9,4,14,3
FS D R ur DR U DL,2,12,58,9,4,15,3
FS D ur R DR DL U,2,12,58,9,4,12,3
FS D ur R DR U DL,2,12,58,9,4,13,3
FS R D DR DL ur U,2,12,58,9,4,12,3
FS R D DR U ur DL,2,12,58,9,4,13,3
FS R D DR ur DL U,2,12,58,9,4,12,3
FS R D DR ur U DL,2,12,58,9,4,13,3
FS R D ur DR DL U,2,12,58,9,4,12,3
FS R D ur DR U DL,2,12,58,9,4,13,3
FS R ur D DR DL U,2,12,58,9,4,12,3
FS R ur D DR U DL,2,12,58,9,4,13,3
FS ur D R DR DL U,2,12,58,9,4,12,3
FS ur D R DR U DL,2,12,58,9,4,13,3
FS ur R D DR DL U,2,12,58,9,4,14,3
FS ur R D DR U DL,2,12,58,9,4,15,3
R D DR FS DL ur U,2,12,58,9,4,12,3
R D DR FS U ur DL,2,12,58,9,4,13,3
R D DR FS ur DL U,2,12,58,9,4,14,3
R D DR FS ur U DL,2,12,58,9,4,15,3
R D DR U FS ur DL,2,12,58,9,4,13,3
R D DR U ur FS DL,2,12,58,9,4,13,3
R D DR ur DL FS U,2,12,58,9,4,10,2
R D DR ur FS DL U,2,12,58,9,4,12,3
R D DR ur FS U DL,2,12,58,9,4,13,3
R D DR ur U FS DL,2,12,58,9,4,11,3
R D FS DR DL ur U,2,12,58,9,4,14,3
R D FS DR U ur DL,2,12,58,9,4,15,3
R D FS DR ur DL U,2,12,58,9,4,14,3
R D FS DR ur U DL,2,12,58,9,4,15,3
R D FS ur DR DL U,2,12,58,9,4,14,3
R D FS ur DR U DL,2,12,58,9,4,15,3
R D ur DR DL FS U,2,12,58,9,4,10,2
R D ur DR FS DL U,2,12,58,9,4,12,3
R D ur DR FS U DL,2,12,58,9,4,13,3
R D ur DR U FS DL,2,12,58,9,4,11,3
R D ur FS DR DL U,2,12,58,9,4,14,3
R D ur FS DR U DL,2,12,58,9,4,15,3
R FS D DR DL ur U,2,12,58,9,4,12,3
R FS D DR U ur DL,2,12,58,9,4,13,3
R FS D DR ur DL U,2,12,58,9,4,12,3
R FS D DR ur U DL,2,12,58,9,4,13,3
R FS D ur DR DL U,2,12,58,9,4,12,3
R FS D ur DR U DL,2,12,58,9,4,13,3
R FS ur D DR DL U,2,12,58,9,4,12,3
R FS ur D DR U DL,2,12,58,9,4,13,3
R ur D DR DL FS U,2,12,58,9,4,10,3
R ur D DR FS DL U,2,12,58,9,4,12,3
R ur D DR FS U DL,2,12,58,9,4,13,3
R ur D DR U FS DL,2,12,58,9,4,11,3
R ur D FS DR DL U,2,12,58,9,4,14,3
R ur D FS DR U DL,2,12,58,9,4,15,3
R ur FS D DR DL U,2,12,58,9,4,14,3
R ur FS D DR U DL,2,12,58,9,4,15,3
U D DL DR FS ur R,2,12,58,9,4,16,4
U D DL DR ur FS R,2,12,58,9,4,14,4
U D DL FS DR ur R,2,12,58,9,4,14,4
U D DR DL FS ur R,2,12,58,9,4,14,4
U D DR DL ur FS R,2,12,58,9,4,14,4
U DL D DR FS ur R,2,12,58,9,4,14,3
U DL D DR ur FS R,2,12,58,9,4,12,3
U DL D FS DR ur R,2,12,58,9,4,14,3
U DL FS D DR ur R,2,12,58,9,4,12,3
ur D FS R DR DL U,2,12,58,9,4,11,3
ur D FS R DR U DL,2,12,58,9,4,12,3
ur D R DR DL FS U,2,12,58,9,4,9,2
ur D R DR FS DL U,2,12,58,9,4,11,3
ur D R DR FS U DL,2,12,58,9,4,12,3
ur D R DR U FS DL,2,12,58,9,4,10,3
ur D R FS DR DL U,2,12,58,9,4,13,3
ur D R FS DR U DL,2,12,58,9,4,14,3
ur FS D R DR DL U,2,12,58,9,4,13,3
ur FS D R DR U DL,2,12,58,9,4,14,3
ur FS R D DR DL U,2,12,58,9,4,13,3
ur FS R D DR U DL,2,12,58,9,4,14,3
ur R D DR DL FS U,2,12,58,9,4,11,3
ur R D DR FS DL U,2,12,58,9,4,13,3
ur R D DR FS U DL,2,12,58,9,4,14,3
ur R D DR U FS DL,2,12,58,9,4,12,3
ur R D FS DR DL U,2,12,58,9,4,15,3
ur R D FS DR U DL,2,12,58,9,4,16,3
ur R FS D DR DL U,2,12,58,9,4,13,3
ur R FS D DR U DL,2,12,58,9,4,14,3
DL FS R DR D ur U,2,12,59,8,4,9,3
DL FS R DR U ur D,2,12,59,8,4,11,3
DL FS R DR ur D U,2,12,59,8,4,11,4
DL FS R DR ur U D,2,12,59,8,4,13,4
DL FS R ur DR D U,2,12,59,8,4,13,4
DL FS R ur DR U D,2,12,59,8,4,15,4
DL FS ur R DR D U,2,12,59,8,4,13,4
DL FS ur R DR U D,2,12,59,8,4,15,4
DL R DR FS D ur U,2,12,59,8,4,13,3
DL R DR FS U ur D,2,12,59,8,4,13,3
DL R DR FS ur D U,2,12,59,8,4,15,4
DL R DR FS ur U D,2,12,59,8,4,17,4
DL R DR U FS ur D,2,12,59,8,4,13,3
DL R DR U ur FS D,2,12,59,8,4,15,3
DL R DR ur D FS U,2,12,59,8,4,11,3
DL R DR ur FS D U,2,12,59,8,4,15,4
DL R DR ur FS U D,2,12,59,8,4,15,4
DL R DR ur U FS D,2,12,59,8,4,13,3
DL R FS DR D ur U,2,12,59,8,4,13,3
DL R FS DR U ur D,2,12,59,8,4,15,3
DL R FS DR ur D U,2,12,59,8,4,15,4
DL R FS DR ur U D,2,12,59,8,4,17,4
DL R FS ur DR D U,2,12,59,8,4,15,4
DL R FS ur DR U D,2,12,59,8,4,17,4
DL R ur DR D FS U,2,12,59,8,4,13,3
DL R ur DR FS D U,2,12,59,8,4,17,4
DL R ur DR FS U D,2,12,59,8,4,17,4
DL R ur DR U FS D,2,12,59,8,4,15,3
DL R ur FS DR D U,2,12,59,8,4,17,4
DL R ur FS DR U D,2,12,59,8,4,19,4
DL ur FS R DR D U,2,12,59,8,4,13,4
DL ur FS R DR U D,2,12,59,8,4,15,4
DL ur R DR D FS U,2,12,59,8,4,11,3
DL ur R DR FS D U,2,12,59,8,4,15,4
DL ur R DR FS U D,2,12,59,8,4,15,4
DL ur R DR U FS D,2,12,59,8,4,13,3
DL ur R FS DR D U,2,12,59,8,4,15,4
DL ur R FS DR U D,2,12,59,8,4,17,4
FS DL R DR D ur U,2,12,59,8,4,10,3
FS DL R DR U ur D,2,12,59,8,4,12,3
FS DL R DR ur D U,2,12,59,8,4,12,4
FS DL R DR ur U D,2,12,59,8,4,14,4
FS DL R ur DR D U,2,12,59,8,4,14,4
FS DL R ur DR U D,2,12,59,8,4,16,4
FS DL ur R DR D U,2,12,59,8,4,12,4
FS DL ur R DR U D,2,12,59,8,4,14,4
FS R DL DR D ur U,2,12,59,8,4,12,3
FS R DL DR U ur D,2,12,59,8,4,14,3
FS R DL DR ur D U,2,12,59,8,4,14,4
FS R DL DR ur U D,2,12,59,8,4,16,4
FS R DL ur DR D U,2,12,59,8,4,14,4
FS R DL ur DR U D,2,12,59,8,4,16,4
FS R DR DL D ur U,2,12,59,8,4,10,3
FS R DR DL U ur D,2,12,59,8,4,12,3
FS R DR DL ur D U,2,12,59,8,4,12,4
FS R DR DL ur U D,2,12,59,8,4,14,4
FS R DR ur DL D U,2,12,59,8,4,12,4
FS R DR ur DL U D,2,12,59,8,4,14,4
FS R ur DL DR D U,2,12,59,8,4,14,4
FS R ur DL DR U D,2,12,59,8,4,16,4
FS R ur DR DL D U,2,12,59,8,4,14,4
FS R ur DR DL U D,2,12,59,8,4,16,4
FS ur DL R DR D U,2,12,59,8,4,14,4
FS ur DL R DR U D,2,12,59,8,4,16,4
FS ur R DL DR D U,2,12,59,8,4,16,4
FS ur R DL DR U D,2,12,59,8,4,18,4
FS ur R DR DL D U,2,12,59,8,4,14,4
FS ur R DR DL U D,2,12,59,8,4,16,4
R DL DR FS D ur U,2,12,59,8,4,14,3
R DL DR FS U ur D,2,12,59,8,4,14,3
R DL DR FS ur D U,2,12,59,8,4,16,4
R DL DR FS ur U D,2,12,59,8,4,18,4
R DL DR U FS ur D,2,12,59,8,4,14,3
R DL DR U ur FS D,2,12,59,8,4,16,3
R DL DR ur D FS U,2,12,59,8,4,12,3
R DL DR ur FS D U,2,12,59,8,4,16,4
R DL DR ur FS U D,2,12,59,8,4,16,4
R DL DR ur U FS D,2,12,59,8,4,14,3
R DL FS DR D ur U,2,12,59,8,4,12,3
R DL FS DR U ur D,2,12,59,8,4,14,3
R DL FS DR ur D U,2,12,59,8,4,14,4
R DL FS DR ur U D,2,12,59,8,4,16,4
R DL FS ur DR D U,2,12,59,8,4,14,4
R DL FS ur DR U D,2,12,59,8,4,16,4
R DL ur DR D FS U,2,12,59,8,4,12,3
R DL ur DR FS D U,2,12,59,8,4,16,4
R DL ur DR FS U D,2,12,59,8,4,16,4
R DL ur DR U FS D,2,12,59,8,4,14,3
R DL ur FS DR D U,2,12,59,8,4,16,4
R DL ur FS DR U D,2,12,59,8,4,18,4
R DR DL FS D ur U,2,12,59,8,4,10,3
R DR DL FS U ur D,2,12,59,8,4,10,3
R DR DL FS ur D U,2,12,59,8,4,12,4
R DR DL FS ur U D,2,12,59,8,4,14,4
R DR DL U FS ur D,2,12,59,8,4,12,3
R DR DL U ur FS D,2,12,59,8,4,14,3
R DR DL ur D FS U,2,12,59,8,4,10,2
R DR DL ur FS D U,2,12,59,8,4,14,4
R DR DL ur FS U D,2,12,59,8,4,14,4
R DR DL ur U FS D,2,12,59,8,4,12,3
R DR FS DL D ur U,2,12,59,8,4,10,3
R DR FS DL U ur D,2,12,59,8,4,12,3
R DR FS DL ur D U,2,12,59,8,4,12,4
R DR FS DL ur U D,2,12,59,8,4,14,4
R DR FS ur DL D U,2,12,59,8,4,14,4
R DR FS ur DL U D,2,12,59,8,4,16,4
R DR U DL FS ur D,2,12,59,8,4,12,3
R DR U DL ur FS D,2,12,59,8,4,14,3
R DR U ur DL FS D,2,12,59,8,4,12,3
R DR ur DL D FS U,2,12,59,8,4,10,2
R DR ur DL FS D U,2,12,59,8,4,12,4
R DR ur DL FS U D,2,12,59,8,4,12,4
R DR ur DL U FS D,2,12,59,8,4,12,3
R DR ur FS DL D U,2,12,59,8,4,12,4
R DR ur FS DL U D,2,12,59,8,4,14,4
R DR ur U DL FS D,2,12,59,8,4,12,3
R FS DL DR D ur U,2,12,59,8,4,10,3
R FS DL DR U ur D,2,12,59,8,4,12,3
R FS DL DR ur D U,2,12,59,8,4,12,4
R FS DL DR ur U D,2,12,59,8,4,14,4
R FS DL ur DR D U,2,12,59,8,4,12,4
R FS DL ur DR U D,2,12,59,8,4,14,4
R FS DR DL D ur U,2,12,59,8,4,12,3
R FS DR DL U ur D,2,12,59,8,4,14,3
R FS DR DL ur D U,2,12,59,8,4,14,4
R FS DR DL ur U D,2,12,59,8,4,16,4
R FS DR ur DL D U,2,12,59,8,4,14,4
R FS DR ur DL U D,2,12,59,8,4,16,4
R FS ur DL DR D U,2,12,59,8,4,14,4
R FS ur DL DR U D,2,12,59,8,4,16,4
R FS ur DR DL D U,2,12,59,8,4,14,4
R FS ur DR DL U D,2,12,59,8,4,16,4
R ur DL DR D FS U,2,12,59,8,4,12,3
R ur DL DR FS D U,2,12,59,8,4,16,4
R ur DL DR FS U D,2,12,59,8,4,16,4
R ur DL DR U FS D,2,12,59,8,4,14,3
R ur DL FS DR D U,2,12,59,8,4,14,4
R ur DL FS DR U D,2,12,59,8,4,16,4
R ur DR DL D FS U,2,12,59,8,4,12,3
R ur DR DL FS D U,2,12,59,8,4,14,4
R ur DR DL FS U D,2,12,59,8,4,14,4
R ur DR DL U FS D,2,12,59,8,4,14,3
R ur DR FS DL D U,2,12,59,8,4,14,4
R ur DR FS DL U D,2,12,59,8,4,16,4
R ur DR U DL FS D,2,12,59,8,4,14,3
R ur FS DL DR D U,2,12,59,8,4,14,4
R ur FS DL DR U D,2,12,59,8,4,16,4
R ur FS DR DL D U,2,12,59,8,4,16,4
R ur FS DR DL U D,2,12,59,8,4,18,4
ur DL FS R DR D U,2,12,59,8,4,11,4
ur DL FS R DR U D,2,12,59,8,4,13,4
ur DL R DR D FS U,2,12,59,8,4,11,3
ur DL R DR FS D U,2,12,59,8,4,15,4
ur DL R DR FS U D,2,12,59,8,4,15,4
ur DL R DR U FS D,2,12,59,8,4,13,3
ur DL R FS DR D U,2,12,59,8,4,15,4
ur DL R FS DR U D,2,12,59,8,4,17,4
ur FS DL R DR D U,2,12,59,8,4,13,4
ur FS DL R DR U D,2,12,59,8,4,15,4
ur FS R DL DR D U,2,12,59,8,4,15,4
ur FS R DL DR U D,2,12,59,8,4,17,4
ur FS R DR DL D U,2,12,59,8,4,13,4
ur FS R DR DL U D,2,12,59,8,4,15,4
ur R DL DR D FS U,2,12,59,8,4,13,3
ur R DL DR FS D U,2,12,59,8,4,17,4
ur R DL DR FS U D,2,12,59,8,4,17,4
ur R DL DR U FS D,2,12,59,8,4,15,3
ur R DL FS DR D U,2,12,59,8,4,15,4
ur R DL FS DR U D,2,12,59,8,4,17,4
ur R DR DL D FS U,2,12,59,8,4,11,3
ur R DR DL FS D U,2,12,59,8,4,13,4
ur R DR DL FS U D,2,12,59,8,4,13,4
ur R DR DL U FS D,2,12,59,8,4,13,3
ur R DR FS DL D U,2,12,59,8,4,13,4
ur R DR FS DL U D,2,12,59,8,4,15,4
ur R DR U DL FS D,2,12,59,8,4,13,3
ur R FS DL DR D U,2,12,59,8,4,13,4
ur R FS DL DR U D,2,12,59,8,4,15,4
ur R FS DR DL D U,2,12,59,8,4,15,4
ur R FS DR DL U D,2,12,59,8,4,17,4
DL DR D R FS ur U,2,12,60,9,4,13,3
DL DR D R ur FS U,2,12,60,9,4,13,3
DL DR D U FS ur R,2,12,60,9,4,15,4
DL DR D U ur FS R,2,12,60,9,4,15,4
DL DR D ur R FS U,2,12,60,9,4,11,3
DL DR D ur U FS R,2,12,60,9,4,11,3
DL DR R D FS ur U,2,12,60,9,4,13,3
DL DR R D ur FS U,2,12,60,9,4,11,3
DL DR U D FS ur R,2,12,60,9,4,17,4
DL DR U D ur FS R,2,12,60,9,4,15,4
DL DR U FS D ur R,2,12,60,9,4,13,3
DL U DR D FS ur R,2,12,60,9,4,15,3
DL U DR D ur FS R,2,12,60,9,4,13,3
DL U DR FS D ur R,2,12,60,9,4,15,3
DL U FS DR D ur R,2,12,60,9,4,13,3
DR D DL R FS ur U,2,12,60,9,4,13,3
DR D DL R ur FS U,2,12,60,9,4,13,3
DR D DL U FS ur R,2,12,60,9,4,13,3
DR D DL U ur FS R,2,12,60,9,4,13,3
DR D DL ur R FS U,2,12,60,9,4,11,3
DR D DL ur U FS R,2,12,60,9,4,11,3
DR D R DL FS ur U,2,12,60,9,4,13,3
DR D R DL ur FS U,2,12,60,9,4,13,3
DR D U DL FS ur R,2,12,60,9,4,15,4
DR D U DL ur FS R,2,12,60,9,4,15,4
DR DL D R FS ur U,2,12,60,9,4,13,3
DR DL D R ur FS U,2,12,60,9,4,13,3
DR DL D U FS ur R,2,12,60,9,4,15,4
DR DL D U ur FS R,2,12,60,9,4,15,4
DR DL D ur R FS U,2,12,60,9,4,11,3
DR DL D ur U FS R,2,12,60,9,4,11,3
DR DL R D FS ur U,2,12,60,9,4,15,3
DR DL R D ur FS U,2,12,60,9,4,13,3
DR DL U D FS ur R,2,12,60,9,4,17,4
DR DL U D ur FS R,2,12,60,9,4,15,4
DR DL U FS D ur R,2,12,60,9,4,13,3
DR R D DL FS ur U,2,12,60,9,4,11,3
DR R D DL ur FS U,2,12,60,9,4,11,3
DR R DL D FS ur U,2,12,60,9,4,13,3
DR R DL D ur FS U,2,12,60,9,4,11,3
DR U D DL FS ur R,2,12,60,9,4,15,4
DR U D DL ur FS R,2,12,60,9,4,15,4
DR U DL D FS ur R,2,12,60,9,4,15,3
DR U DL D ur FS R,2,12,60,9,4,13,3
DR U DL FS D ur R,2,12,60,9,4,13,3
U DL DR D FS ur R,2,12,60,9,4,14,3
U DL DR D ur FS R,2,12,60,9,4,12,3
U DL DR FS D ur R,2,12,60,9,4,14,3
U DL FS DR D ur R,2,12,60,9,4,12,3
U DR D DL FS ur R,2,12,60,9,4,12,3
U DR D DL ur FS R,2,12,60,9,4,12,3
U DR DL D FS ur R,2,12,60,9,4,14,3
U DR DL D ur FS R,2,12,60,9,4,12,3
U DR DL FS D ur R,2,12,60,9,4,12,3
DL R D DR FS ur U,2,12,61,9,4,15,3
DL R D DR ur FS U,2,12,61,9,4,13,3
DL R DR D FS ur U,2,12,61,9,4,13,3
DL R DR D ur FS U,2,12,61,9,4,11,3
R DL D DR FS ur U,2,12,61,9,4,14,3
R DL D DR ur FS U,2,12,61,9,4,12,3
R DL DR D FS ur U,2,12,61,9,4,14,3
R DL DR D ur FS U,2,12,61,9,4,12,3
R DR D DL FS ur U,2,12,61,9,4,10,3
R DR D DL ur FS U,2,12,61,9,4,10,3
R DR DL D FS ur U,2,12,61,9,4,12,3
R DR DL D ur FS U,2,12,61,9,4,10,3
D R DL DR FS U ur,2,12,62,8,4,15,3
D R DL DR U FS ur,2,12,62,8,4,15,3
D R DR DL FS U ur,2,12,62,8,4,11,3
D R DR DL U FS ur,2,12,62,8,4,13,3
D R DR U DL FS ur,2,12,62,8,4,13,3
R D DL DR FS U ur,2,12,62,8,4,13,3
R D DL DR U FS ur,2,12,62,8,4,13,3
R D DR DL FS U ur,2,12,62,8,4,11,3
R D DR DL U FS ur,2,12,62,8,4,13,3
R D DR U DL FS ur,2,12,62,8,4,13,3
D FS R DL DR ur U,2,12,63,9,4,14,3
D FS R DL U ur DR,2,12,63,9,4,15,3
D FS R DL ur DR U,2,12,63,9,4,14,3
D FS R DL ur U DR,2,12,63,9,4,15,3
D FS R ur DL DR U,2,12,63,9,4,14,3
D FS R ur DL U DR,2,12,63,9,4,15,3
D FS ur R DL DR U,2,12,63,9,4,16,3
D FS ur R DL U DR,2,12,63,9,4,17,3
D R DL FS DR ur U,2,12,63,9,4,14,3
D R DL FS U ur DR,2,12,63,9,4,13,3
D R DL FS ur DR U,2,12,63,9,4,14,3
D R DL FS ur U DR,2,12,63,9,4,15,3
D R DL ur DR FS U,2,12,63,9,4,14,3
D R DL ur FS DR U,2,12,63,9,4,16,3
D R DL ur FS U DR,2,12,63,9,4,15,3
D R FS DL DR ur U,2,12,63,9,4,12,3
D R FS DL U ur DR,2,12,63,9,4,13,3
D R FS DL ur DR U,2,12,63,9,4,12,3
D R FS DL ur U DR,2,12,63,9,4,13,3
D R FS ur DL DR U,2,12,63,9,4,14,3
D R FS ur DL U DR,2,12,63,9,4,15,3
D R ur DL DR FS U,2,12,63,9,4,14,3
D R ur DL FS DR U,2,12,63,9,4,14,3
D R ur DL FS U DR,2,12,63,9,4,13,3
D R ur FS DL DR U,2,12,63,9,4,14,3
D R ur FS DL U DR,2,12,63,9,4,15,3
D ur FS R DL DR U,2,12,63,9,4,14,3
D ur FS R DL U DR,2,12,63,9,4,15,3
D ur R DL DR FS U,2,12,63,9,4,14,3
D ur R DL FS DR U,2,12,63,9,4,14,3
D ur R DL FS U DR,2,12,63,9,4,13,3
D ur R FS DL DR U,2,12,63,9,4,12,3
D ur R FS DL U DR,2,12,63,9,4,13,3
FS D R DL DR ur U,2,12,63,9,4,14,3
FS D R DL U ur DR,2,12,63,9,4,15,3
FS D R DL ur DR U,2,12,63,9,4,14,3
FS D R DL ur U DR,2,12,63,9,4,15,3
FS D R ur DL DR U,2,12,63,9,4,14,3
FS D R ur DL U DR,2,12,63,9,4,15,3
FS D ur R DL DR U,2,12,63,9,4,14,3
FS D ur R DL U DR,2,12,63,9,4,15,3
FS R D DL DR ur U,2,12,63,9,4,12,3
FS R D DL U ur DR,2,12,63,9,4,13,3
FS R D DL ur DR U,2,12,63,9,4,12,3
FS R D DL ur U DR,2,12,63,9,4,13,3
FS R D ur DL DR U,2,12,63,9,4,12,3
FS R D ur DL U DR,2,12,63,9,4,13,3
FS R ur D DL DR U,2,12,63,9,4,12,3
FS R ur D DL U DR,2,12,63,9,4,13,3
FS ur D R DL DR U,2,12,63,9,4,14,3
FS ur D R DL U DR,2,12,63,9,4,15,3
FS ur R D DL DR U,2,12,63,9,4,14,3
FS ur R D DL U DR,2,12,63,9,4,15,3
R D DL FS DR ur U,2,12,63,9,4,12,3
R D DL FS U ur DR,2,12,63,9,4,11,3
R D DL FS ur DR U,2,12,63,9,4,12,3
R D DL FS ur U DR,2,12,63,9,4,13,3
R D DL ur DR FS U,2,12,63,9,4,12,3
R D DL ur FS DR U,2,12,63,9,4,14,3
R D DL ur FS U DR,2,12,63,9,4,13,3
R D FS DL DR ur U,2,12,63,9,4,12,3
R D FS DL U ur DR,2,12,63,9,4,13,3
R D FS DL ur DR U,2,12,63,9,4,12,3
R D FS DL ur U DR,2,12,63,9,4,13,3
R D FS ur DL DR U,2,12,63,9,4,14,3
R D FS ur DL U DR,2,12,63,9,4,15,3
R D ur DL DR FS U,2,12,63,9,4,12,3
R D ur DL FS DR U,2,12,63,9,4,12,3
R D ur DL FS U DR,2,12,63,9,4,11,3
R D ur FS DL DR U,2,12,63,9,4,12,3
R D ur FS DL U DR,2,12,63,9,4,13,3
R FS D DL DR ur U,2,12,63,9,4,12,3
R FS D DL U ur DR,2,12,63,9,4,13,3
R FS D DL ur DR U,2,12,63,9,4,12,3
R FS D DL ur U DR,2,12,63,9,4,13,3
R FS D ur DL DR U,2,12,63,9,4,12,3
R FS D ur DL U DR,2,12,63,9,4,13,3
R FS ur D DL DR U,2,12,63,9,4,12,3
R FS ur D DL U DR,2,12,63,9,4,13,3
R ur D DL DR FS U,2,12,63,9,4,12,3
R ur D DL FS DR U,2,12,63,9,4,12,3
R ur D DL FS U DR,2,12,63,9,4,11,3
R ur D FS DL DR U,2,12,63,9,4,12,3
R ur D FS DL U DR,2,12,63,9,4,13,3
R ur FS D DL DR U,2,12,63,9,4,14,3
R ur FS D DL U DR,2,12,63,9,4,15,3
ur D FS R DL DR U,2,12,63,9,4,13,3
ur D FS R DL U DR,2,12,63,9,4,14,3
ur D R DL DR FS U,2,12,63,9,4,13,3
ur D R DL FS DR U,2,12,63,9,4,13,3
ur D R DL FS U DR,2,12,63,9,4,12,3
ur D R FS DL DR U,2,12,63,9,4,11,3
ur D R FS DL U DR,2,12,63,9,4,12,3
ur FS D R DL DR U,2,12,63,9,4,15,3
ur FS D R DL U DR,2,12,63,9,4,16,3
ur FS R D DL DR U,2,12,63,9,4,13,3
ur FS R D DL U DR,2,12,63,9,4,14,3
ur R D DL DR FS U,2,12,63,9,4,13,3
ur R D DL FS DR U,2,12,63,9,4,13,3
ur R D DL FS U DR,2,12,63,9,4,12,3
ur R D FS DL DR U,2,12,63,9,4,13,3
ur R D FS DL U DR,2,12,63,9,4,14,3
ur R FS D DL DR U,2,12,63,9,4,13,3
ur R FS D DL U DR,2,12,63,9,4,14,3
D R DL U FS ur DR,2,12,65,10,4,15,3
D R DL U ur FS DR,2,12,65,10,4,17,3
D R DL ur U FS DR,2,12,65,10,4,15,3
D R U DL FS ur DR,2,12,65,10,4,13,3
D R U DL ur FS DR,2,12,65,10,4,15,3
D R U ur DL FS DR,2,12,65,10,4,13,3
D R ur DL U FS DR,2,12,65,10,4,15,3
D R ur U DL FS DR,2,12,65,10,4,15,3
D U R DL FS ur DR,2,12,65,10,4,15,4
D U R DL ur FS DR,2,12,65,10,4,17,4
D U R ur DL FS DR,2,12,65,10,4,15,4
D U ur R DL FS DR,2,12,65,10,4,17,4
D ur R DL U FS DR,2,12,65,10,4,15,3
D ur R U DL FS DR,2,12,65,10,4,13,3
D ur U R DL FS DR,2,12,65,10,4,13,3
R D DL U FS ur DR,2,12,65,10,4,13,3
R D DL U ur FS DR,2,12,65,10,4,15,3
R D DL ur U FS DR,2,12,65,10,4,13,3
R D U DL FS ur DR,2,12,65,10,4,15,4
R D U DL ur FS DR,2,12,65,10,4,17,4
R D U ur DL FS DR,2,12,65,10,4,15,4
R D ur DL U FS DR,2,12,65,10,4,13,3
R D ur U DL FS DR,2,12,65,10,4,13,3
R U D DL FS ur DR,2,12,65,10,4,13,4
R U D DL ur FS DR,2,12,65,10,4,15,4
R U D ur DL FS DR,2,12,65,10,4,13,4
R U ur D DL FS DR,2,12,65,10,4,11,3
R ur D DL U FS DR,2,12,65,10,4,13,3
R ur D U DL FS DR,2,12,65,10,4,15,4
R ur U D DL FS DR,2,12,65,10,4,15,4
U D R DL FS ur DR,2,12,65,10,4,15,4
U D R DL ur FS DR,2,12,65,10,4,17,4
U D R ur DL FS DR,2,12,65,10,4,15,4
U D ur R DL FS DR,2,12,65,10,4,15,4
U R D DL FS ur DR,2,12,65,10,4,11,3
U R D DL ur FS DR,2,12,65,10,4,13,3
U R D ur DL FS DR,2,12,65,10,4,11,3
U R ur D DL FS DR,2,12,65,10,4,11,3
U ur D R DL FS DR,2,12,65,10,4,13,3
U ur R D DL FS DR,2,12,65,10,4,13,3
ur D R DL U FS DR,2,12,65,10,4,14,3
ur D R U DL FS DR,2,12,65,10,4,12,3
ur D U R DL FS DR,2,12,65,10,4,14,4
ur R D DL U FS DR,2,12,65,10,4,14,3
ur R D U DL FS DR,2,12,65,10,4,16,4
ur R U D DL FS DR,2,12,65,10,4,14,4
ur U D R DL FS DR,2,12,65,10,4,16,4
ur U R D DL FS DR,2,12,65,10,4,12,3
D R DL DR FS ur U,2,12,70,10,4,16,3
D R DL DR ur FS U,2,12,70,10,4,14,3
D R DR DL FS ur U,2,12,70,10,4,12,3
D R DR DL ur FS U,2,12,70,10,4,12,3
R D DL DR FS ur U,2,12,70,10,4,14,3
R D DL DR ur FS U,2,12,70,10,4,12,3
R D DR DL FS ur U,2,12,70,10,4,12,3
R D DR DL ur FS U,2,12,70,10,4,12,3
