order,min_memo,max_memo,sum_memo,memorized,d_moves,pin_changes,max_pin_changes
BS D L UL DR R dl,2,9,24,5,3,9,2
BS L D UL DR R dl,2,9,24,5,3,11,3
BS L UL D DR R dl,2,9,24,5,3,9,3
D BS L UL DR R dl,2,9,24,5,3,9,2
D L BS UL DR R dl,2,9,24,5,3,9,2
D L UL BS DR R dl,2,9,24,5,3,7,2
L BS D UL DR R dl,2,9,24,5,3,11,3
L BS UL D DR R dl,2,9,24,5,3,9,3
L D BS UL DR R dl,2,9,24,5,3,9,2
L D UL BS DR R dl,2,9,24,5,3,9,3
L UL BS D DR R dl,2,9,24,5,3,7,2
L UL D BS DR R dl,2,9,24,5,3,9,3
D dl L R DR UL BS,2,10,24,6,3,14,4
D dl L R UL DR BS,2,10,24,6,3,16,4
D dl L UL R DR BS,2,10,24,6,3,12,3
D dl R DR L UL BS,2,10,24,6,3,10,3
D dl R L DR UL BS,2,10,24,6,3,14,4
D dl R L UL DR BS,2,10,24,6,3,12,4
D L dl R DR UL BS,2,10,24,6,3,10,3
D L dl R UL DR BS,2,10,24,6,3,12,3
D L dl UL R DR BS,2,10,24,6,3,12,3
D L R dl DR UL BS,2,10,24,6,3,12,4
D L R dl UL DR BS,2,10,24,6,3,12,4
D L R DR dl UL BS,2,10,24,6,3,12,4
D L R DR UL dl BS,2,10,24,6,3,12,4
D L R UL dl DR BS,2,10,24,6,3,14,4
D L R UL DR dl BS,2,10,24,6,3,14,4
D L UL dl R DR BS,2,10,24,6,3,8,2
D L UL R dl DR BS,2,10,24,6,3,10,3
D L UL R DR dl BS,2,10,24,6,3,10,3
D R dl DR L UL BS,2,10,24,6,3,10,3
D R dl L DR UL BS,2,10,24,6,3,12,3
D R dl L UL DR BS,2,10,24,6,3,10,3
D R DR dl L UL BS,2,10,24,6,3,10,3
D R DR L dl UL BS,2,10,24,6,3,12,3
D R DR L UL dl BS,2,10,24,6,3,10,3
D R L dl DR UL BS,2,10,24,6,3,14,4
D R L dl UL DR BS,2,10,24,6,3,14,4
D R L DR dl UL BS,2,10,24,6,3,14,4
D R L DR UL dl BS,2,10,24,6,3,14,4
D R L UL dl DR BS,2,10,24,6,3,12,4
D R L UL DR dl BS,2,10,24,6,3,12,4
dl D L R DR UL BS,2,10,24,6,3,13,4
dl D L R UL DR BS,2,10,24,6,3,15,4
dl D L UL R DR BS,2,10,24,6,3,11,3
dl D R DR L UL BS,2,10,24,6,3,11,3
dl D R L DR UL BS,2,10,24,6,3,15,4
dl D R L UL DR BS,2,10,24,6,3,13,4
dl L D R DR UL BS,2,10,24,6,3,11,3
dl L D R UL DR BS,2,10,24,6,3,13,3
dl L D UL R DR BS,2,10,24,6,3,13,3
dl L UL D R DR BS,2,10,24,6,3,11,3
L D dl R DR UL BS,2,10,24,6,3,10,3
L D dl R UL DR BS,2,10,24,6,3,12,3
L D dl UL R DR BS,2,10,24,6,3,12,3
L D R dl DR UL BS,2,10,24,6,3,10,2
L D R dl UL DR BS,2,10,24,6,3,10,2
L D R DR dl UL BS,2,10,24,6,3,10,2
L D R DR UL dl BS,2,10,24,6,3,10,2
L D R UL dl DR BS,2,10,24,6,3,12,3
L D R UL DR dl BS,2,10,24,6,3,12,3
L D UL dl R DR BS,2,10,24,6,3,10,3
L D UL R dl DR BS,2,10,24,6,3,12,3
L D UL R DR dl BS,2,10,24,6,3,12,3
L dl D R DR UL BS,2,10,24,6,3,12,3
L dl D R UL DR BS,2,10,24,6,3,14,3
L dl D UL R DR BS,2,10,24,6,3,14,3
L dl UL D R DR BS,2,10,24,6,3,12,3
L UL D dl R DR BS,2,10,24,6,3,10,3
L UL D R dl DR BS,2,10,24,6,3,10,3
L UL D R DR dl BS,2,10,24,6,3,10,3
L UL dl D R DR BS,2,10,24,6,3,10,3
BS D UL L DR R dl,2,9,26,5,3,11,3
BS UL D L DR R dl,2,9,26,5,3,11,3
BS UL L D DR R dl,2,9,26,5,3,7,2
D BS UL L DR R dl,2,9,26,5,3,9,3
D UL BS L DR R dl,2,9,26,5,3,11,3
D UL L BS DR R dl,2,9,26,5,3,9,3
UL BS D L DR R dl,2,9,26,5,3,10,3
UL BS L D DR R dl,2,9,26,5,3,8,2
UL D BS L DR R dl,2,9,26,5,3,12,3
UL D L BS DR R dl,2,9,26,5,3,10,3
UL L BS D DR R dl,2,9,26,5,3,8,2
UL L D BS DR R dl,2,9,26,5,3,8,2
BS D L R DR UL dl,2,9,26,6,3,13,4
BS D L R UL DR dl,2,9,26,6,3,15,4
BS D L UL R DR dl,2,9,26,6,3,11,3
BS D R DR L UL dl,2,9,26,6,3,11,3
BS D R L DR UL dl,2,9,26,6,3,15,4
BS D R L UL DR dl,2,9,26,6,3,13,4
BS L D R DR UL dl,2,9,26,6,3,11,2
BS L D R UL DR dl,2,9,26,6,3,13,3
BS L D UL R DR dl,2,9,26,6,3,13,3
BS L UL D R DR dl,2,9,26,6,3,11,3
D BS L R DR UL dl,2,9,26,6,3,13,4
D BS L R UL DR dl,2,9,26,6,3,15,4
D BS L UL R DR dl,2,9,26,6,3,11,3
D BS R DR L UL dl,2,9,26,6,3,11,3
D BS R L DR UL dl,2,9,26,6,3,15,4
D BS R L UL DR dl,2,9,26,6,3,13,4
D L BS R DR UL dl,2,9,26,6,3,11,2
D L BS R UL DR dl,2,9,26,6,3,13,3
D L BS UL R DR dl,2,9,26,6,3,11,3
D L R BS DR UL dl,2,9,26,6,3,13,4
D L R BS UL DR dl,2,9,26,6,3,13,4
D L R DR BS UL dl,2,9,26,6,3,11,4
D L R DR UL BS dl,2,9,26,6,3,11,4
D L R UL BS DR dl,2,9,26,6,3,13,4
D L R UL DR BS dl,2,9,26,6,3,13,4
D L UL BS R DR dl,2,9,26,6,3,9,2
D L UL R BS DR dl,2,9,26,6,3,11,3
D L UL R DR BS dl,2,9,26,6,3,9,3
D R BS DR L UL dl,2,9,26,6,3,11,3
D R BS L DR UL dl,2,9,26,6,3,13,3
D R BS L UL DR dl,2,9,26,6,3,11,2
D R DR BS L UL dl,2,9,26,6,3,9,2
D R DR L BS UL dl,2,9,26,6,3,11,3
D R DR L UL BS dl,2,9,26,6,3,9,3
D R L BS DR UL dl,2,9,26,6,3,13,4
D R L BS UL DR dl,2,9,26,6,3,13,4
D R L DR BS UL dl,2,9,26,6,3,13,4
D R L DR UL BS dl,2,9,26,6,3,13,4
D R L UL BS DR dl,2,9,26,6,3,11,4
D R L UL DR BS dl,2,9,26,6,3,11,4
L BS D R DR UL dl,2,9,26,6,3,11,2
L BS D R UL DR dl,2,9,26,6,3,13,3
L BS D UL R DR dl,2,9,26,6,3,13,3
L BS UL D R DR dl,2,9,26,6,3,11,3
L D BS R DR UL dl,2,9,26,6,3,11,2
L D BS R UL DR dl,2,9,26,6,3,13,3
L D BS UL R DR dl,2,9,26,6,3,11,3
L D R BS DR UL dl,2,9,26,6,3,11,2
L D R BS UL DR dl,2,9,26,6,3,11,2
L D R DR BS UL dl,2,9,26,6,3,9,2
L D R DR UL BS dl,2,9,26,6,3,9,2
L D R UL BS DR dl,2,9,26,6,3,11,3
L D R UL DR BS dl,2,9,26,6,3,11,3
L D UL BS R DR dl,2,9,26,6,3,11,3
L D UL R BS DR dl,2,9,26,6,3,13,3
L D UL R DR BS dl,2,9,26,6,3,11,3
L UL BS D R DR dl,2,9,26,6,3,9,2
L UL D BS R DR dl,2,9,26,6,3,11,3
L UL D R BS DR dl,2,9,26,6,3,11,3
L UL D R DR BS dl,2,9,26,6,3,9,3
D dl R DR UL L BS,2,10,26,6,3,10,3
D dl R UL DR L BS,2,10,26,6,3,14,3
D dl R UL L DR BS,2,10,26,6,3,12,3
D dl UL L R DR BS,2,10,26,6,3,12,4
D dl UL R DR L BS,2,10,26,6,3,14,3
D dl UL R L DR BS,2,10,26,6,3,16,4
D R dl DR UL L BS,2,10,26,6,3,10,2
D R dl UL DR L BS,2,10,26,6,3,12,3
D R dl UL L DR BS,2,10,26,6,3,10,3
D R DR dl UL L BS,2,10,26,6,3,10,2
D R DR UL dl L BS,2,10,26,6,3,12,3
D R DR UL L dl BS,2,10,26,6,3,10,3
D R UL dl DR L BS,2,10,26,6,3,14,3
D R UL dl L DR BS,2,10,26,6,3,14,3
D R UL DR dl L BS,2,10,26,6,3,14,3
D R UL DR L dl BS,2,10,26,6,3,14,3
D R UL L dl DR BS,2,10,26,6,3,12,3
D R UL L DR dl BS,2,10,26,6,3,12,3
D UL dl L R DR BS,2,10,26,6,3,14,4
D UL dl R DR L BS,2,10,26,6,3,12,3
D UL dl R L DR BS,2,10,26,6,3,14,4
D UL L dl R DR BS,2,10,26,6,3,10,3
D UL L R dl DR BS,2,10,26,6,3,12,4
D UL L R DR dl BS,2,10,26,6,3,12,4
D UL R dl DR L BS,2,10,26,6,3,14,3
D UL R dl L DR BS,2,10,26,6,3,14,3
D UL R DR dl L BS,2,10,26,6,3,14,3
D UL R DR L dl BS,2,10,26,6,3,14,3
D UL R L dl DR BS,2,10,26,6,3,16,4
D UL R L DR dl BS,2,10,26,6,3,16,4
dl D R DR UL L BS,2,10,26,6,3,11,3
dl D R UL DR L BS,2,10,26,6,3,15,3
dl D R UL L DR BS,2,10,26,6,3,13,3
dl D UL L R DR BS,2,10,26,6,3,13,4
dl D UL R DR L BS,2,10,26,6,3,15,3
dl D UL R L DR BS,2,10,26,6,3,17,4
dl L R D DR UL BS,2,10,26,6,3,13,4
dl L R D UL DR BS,2,10,26,6,3,15,4
dl L R UL D DR BS,2,10,26,6,3,15,4
dl L UL R D DR BS,2,10,26,6,3,11,3
dl R D DR L UL BS,2,10,26,6,3,9,3
dl R D L DR UL BS,2,10,26,6,3,11,3
dl R D L UL DR BS,2,10,26,6,3,9,2
dl R L D DR UL BS,2,10,26,6,3,11,4
dl R L D UL DR BS,2,10,26,6,3,13,4
dl R L UL D DR BS,2,10,26,6,3,11,4
dl UL D L R DR BS,2,10,26,6,3,13,4
dl UL D R DR L BS,2,10,26,6,3,13,3
dl UL D R L DR BS,2,10,26,6,3,15,4
dl UL L D R DR BS,2,10,26,6,3,9,2
L dl R D DR UL BS,2,10,26,6,3,10,3
L dl R D UL DR BS,2,10,26,6,3,12,3
L dl R UL D DR BS,2,10,26,6,3,12,3
L dl UL R D DR BS,2,10,26,6,3,12,3
L R D dl DR UL BS,2,10,26,6,3,14,4
L R D dl UL DR BS,2,10,26,6,3,14,4
L R D DR dl UL BS,2,10,26,6,3,12,4
L R D DR UL dl BS,2,10,26,6,3,12,4
L R D UL dl DR BS,2,10,26,6,3,14,4
L R D UL DR dl BS,2,10,26,6,3,14,4
L R dl D DR UL BS,2,10,26,6,3,12,4
L R dl D UL DR BS,2,10,26,6,3,14,4
L R dl UL D DR BS,2,10,26,6,3,12,4
L R UL D dl DR BS,2,10,26,6,3,16,4
L R UL D DR dl BS,2,10,26,6,3,14,4
L R UL dl D DR BS,2,10,26,6,3,14,4
L UL dl R D DR BS,2,10,26,6,3,8,2
L UL R D dl DR BS,2,10,26,6,3,12,3
L UL R D DR dl BS,2,10,26,6,3,10,3
L UL R dl D DR BS,2,10,26,6,3,10,3
R D dl DR L UL BS,2,10,26,6,3,12,3
R D dl L DR UL BS,2,10,26,6,3,14,3
R D dl L UL DR BS,2,10,26,6,3,12,3
R D DR dl L UL BS,2,10,26,6,3,10,3
R D DR L dl UL BS,2,10,26,6,3,12,3
R D DR L UL dl BS,2,10,26,6,3,10,3
R D L dl DR UL BS,2,10,26,6,3,12,3
R D L dl UL DR BS,2,10,26,6,3,12,3
R D L DR dl UL BS,2,10,26,6,3,12,3
R D L DR UL dl BS,2,10,26,6,3,12,3
R D L UL dl DR BS,2,10,26,6,3,10,2
R D L UL DR dl BS,2,10,26,6,3,10,2
R dl D DR L UL BS,2,10,26,6,3,10,3
R dl D L DR UL BS,2,10,26,6,3,12,3
R dl D L UL DR BS,2,10,26,6,3,10,3
R dl L D DR UL BS,2,10,26,6,3,10,3
R dl L D UL DR BS,2,10,26,6,3,12,3
R dl L UL D DR BS,2,10,26,6,3,10,3
R L D dl DR UL BS,2,10,26,6,3,14,4
R L D dl UL DR BS,2,10,26,6,3,14,4
R L D DR dl UL BS,2,10,26,6,3,12,4
R L D DR UL dl BS,2,10,26,6,3,12,4
R L D UL dl DR BS,2,10,26,6,3,14,4
R L D UL DR dl BS,2,10,26,6,3,14,4
R L dl D DR UL BS,2,10,26,6,3,14,4
R L dl D UL DR BS,2,10,26,6,3,16,4
R L dl UL D DR BS,2,10,26,6,3,14,4
R L UL D dl DR BS,2,10,26,6,3,14,4
R L UL D DR dl BS,2,10,26,6,3,12,4
R L UL dl D DR BS,2,10,26,6,3,12,4
UL D dl L R DR BS,2,10,26,6,3,15,4
UL D dl R DR L BS,2,10,26,6,3,13,3
UL D dl R L DR BS,2,10,26,6,3,15,4
UL D L dl R DR BS,2,10,26,6,3,11,3
UL D L R dl DR BS,2,10,26,6,3,13,4
UL D L R DR dl BS,2,10,26,6,3,13,4
UL D R dl DR L BS,2,10,26,6,3,13,3
UL D R dl L DR BS,2,10,26,6,3,13,3
UL D R DR dl L BS,2,10,26,6,3,13,3
UL D R DR L dl BS,2,10,26,6,3,13,3
UL D R L dl DR BS,2,10,26,6,3,15,4
UL D R L DR dl BS,2,10,26,6,3,15,4
UL dl D L R DR BS,2,10,26,6,3,13,4
UL dl D R DR L BS,2,10,26,6,3,13,3
UL dl D R L DR BS,2,10,26,6,3,15,4
UL dl L D R DR BS,2,10,26,6,3,11,3
UL L D dl R DR BS,2,10,26,6,3,9,3
UL L D R dl DR BS,2,10,26,6,3,9,2
UL L D R DR dl BS,2,10,26,6,3,9,2
UL L dl D R DR BS,2,10,26,6,3,11,3
BS D R DR UL L dl,2,9,28,6,3,11,3
BS D R UL DR L dl,2,9,28,6,3,15,3
BS D R UL L DR dl,2,9,28,6,3,13,3
BS D UL L R DR dl,2,9,28,6,3,13,4
BS D UL R DR L dl,2,9,28,6,3,15,3
BS D UL R L DR dl,2,9,28,6,3,17,4
BS L R D DR UL dl,2,9,28,6,3,13,4
BS L R D UL DR dl,2,9,28,6,3,15,4
BS L R UL D DR dl,2,9,28,6,3,15,4
BS L UL R D DR dl,2,9,28,6,3,11,3
BS R D DR L UL dl,2,9,28,6,3,11,3
BS R D L DR UL dl,2,9,28,6,3,13,3
BS R D L UL DR dl,2,9,28,6,3,11,2
BS R L D DR UL dl,2,9,28,6,3,13,4
BS R L D UL DR dl,2,9,28,6,3,15,4
BS R L UL D DR dl,2,9,28,6,3,13,4
BS UL D L R DR dl,2,9,28,6,3,13,4
BS UL D R DR L dl,2,9,28,6,3,13,3
BS UL D R L DR dl,2,9,28,6,3,15,4
BS UL L D R DR dl,2,9,28,6,3,9,2
D BS R DR UL L dl,2,9,28,6,3,11,3
D BS R UL DR L dl,2,9,28,6,3,15,3
D BS R UL L DR dl,2,9,28,6,3,13,3
D BS UL L R DR dl,2,9,28,6,3,11,4
D BS UL R DR L dl,2,9,28,6,3,13,3
D BS UL R L DR dl,2,9,28,6,3,15,4
D R BS DR UL L dl,2,9,28,6,3,11,3
D R BS UL DR L dl,2,9,28,6,3,13,3
D R BS UL L DR dl,2,9,28,6,3,11,3
D R DR BS UL L dl,2,9,28,6,3,9,3
D R DR UL BS L dl,2,9,28,6,3,11,3
D R DR UL L BS dl,2,9,28,6,3,9,2
D R UL BS DR L dl,2,9,28,6,3,13,3
D R UL BS L DR dl,2,9,28,6,3,13,3
D R UL DR BS L dl,2,9,28,6,3,13,3
D R UL DR L BS dl,2,9,28,6,3,13,3
D R UL L BS DR dl,2,9,28,6,3,11,3
D R UL L DR BS dl,2,9,28,6,3,11,3
D UL BS L R DR dl,2,9,28,6,3,13,4
D UL BS R DR L dl,2,9,28,6,3,13,3
D UL BS R L DR dl,2,9,28,6,3,15,4
D UL L BS R DR dl,2,9,28,6,3,11,3
D UL L R BS DR dl,2,9,28,6,3,13,4
D UL L R DR BS dl,2,9,28,6,3,11,4
D UL R BS DR L dl,2,9,28,6,3,15,3
D UL R BS L DR dl,2,9,28,6,3,15,3
D UL R DR BS L dl,2,9,28,6,3,13,3
D UL R DR L BS dl,2,9,28,6,3,13,3
D UL R L BS DR dl,2,9,28,6,3,15,4
D UL R L DR BS dl,2,9,28,6,3,15,4
L BS R D DR UL dl,2,9,28,6,3,11,2
L BS R D UL DR dl,2,9,28,6,3,13,3
L BS R UL D DR dl,2,9,28,6,3,13,3
L BS UL R D DR dl,2,9,28,6,3,11,3
L R BS D DR UL dl,2,9,28,6,3,13,4
L R BS D UL DR dl,2,9,28,6,3,15,4
L R BS UL D DR dl,2,9,28,6,3,13,4
L R D BS DR UL dl,2,9,28,6,3,13,4
L R D BS UL DR dl,2,9,28,6,3,13,4
L R D DR BS UL dl,2,9,28,6,3,11,4
L R D DR UL BS dl,2,9,28,6,3,11,4
L R D UL BS DR dl,2,9,28,6,3,13,4
L R D UL DR BS dl,2,9,28,6,3,13,4
L R UL BS D DR dl,2,9,28,6,3,13,4
L R UL D BS DR dl,2,9,28,6,3,15,4
L R UL D DR BS dl,2,9,28,6,3,13,4
L UL BS R D DR dl,2,9,28,6,3,9,2
L UL R BS D DR dl,2,9,28,6,3,11,3
L UL R D BS DR dl,2,9,28,6,3,11,3
L UL R D DR BS dl,2,9,28,6,3,9,3
R BS D DR L UL dl,2,9,28,6,3,11,3
R BS D L DR UL dl,2,9,28,6,3,13,3
R BS D L UL DR dl,2,9,28,6,3,11,2
R BS L D DR UL dl,2,9,28,6,3,11,2
R BS L D UL DR dl,2,9,28,6,3,13,3
R BS L UL D DR dl,2,9,28,6,3,11,3
R D BS DR L UL dl,2,9,28,6,3,11,3
R D BS L DR UL dl,2,9,28,6,3,13,3
R D BS L UL DR dl,2,9,28,6,3,11,2
R D DR BS L UL dl,2,9,28,6,3,9,2
R D DR L BS UL dl,2,9,28,6,3,11,3
R D DR L UL BS dl,2,9,28,6,3,9,3
R D L BS DR UL dl,2,9,28,6,3,11,2
R D L BS UL DR dl,2,9,28,6,3,11,2
R D L DR BS UL dl,2,9,28,6,3,11,3
R D L DR UL BS dl,2,9,28,6,3,11,3
R D L UL BS DR dl,2,9,28,6,3,9,2
R D L UL DR BS dl,2,9,28,6,3,9,2
R L BS D DR UL dl,2,9,28,6,3,13,4
R L BS D UL DR dl,2,9,28,6,3,15,4
R L BS UL D DR dl,2,9,28,6,3,13,4
R L D BS DR UL dl,2,9,28,6,3,13,4
R L D BS UL DR dl,2,9,28,6,3,13,4
R L D DR BS UL dl,2,9,28,6,3,11,4
R L D DR UL BS dl,2,9,28,6,3,11,4
R L D UL BS DR dl,2,9,28,6,3,13,4
R L D UL DR BS dl,2,9,28,6,3,13,4
R L UL BS D DR dl,2,9,28,6,3,11,4
R L UL D BS DR dl,2,9,28,6,3,13,4
R L UL D DR BS dl,2,9,28,6,3,11,4
UL BS D L R DR dl,2,9,28,6,3,12,4
UL BS D R DR L dl,2,9,28,6,3,12,3
UL BS D R L DR dl,2,9,28,6,3,14,4
UL BS L D R DR dl,2,9,28,6,3,10,2
UL D BS L R DR dl,2,9,28,6,3,14,4
UL D BS R DR L dl,2,9,28,6,3,14,3
UL D BS R L DR dl,2,9,28,6,3,16,4
UL D L BS R DR dl,2,9,28,6,3,12,3
UL D L R BS DR dl,2,9,28,6,3,14,4
UL D L R DR BS dl,2,9,28,6,3,12,4
UL D R BS DR L dl,2,9,28,6,3,14,3
UL D R BS L DR dl,2,9,28,6,3,14,3
UL D R DR BS L dl,2,9,28,6,3,12,3
UL D R DR L BS dl,2,9,28,6,3,12,3
UL D R L BS DR dl,2,9,28,6,3,14,4
UL D R L DR BS dl,2,9,28,6,3,14,4
UL L BS D R DR dl,2,9,28,6,3,10,2
UL L D BS R DR dl,2,9,28,6,3,10,2
UL L D R BS DR dl,2,9,28,6,3,10,2
UL L D R DR BS dl,2,9,28,6,3,8,2
dl R D DR UL L BS,2,10,28,6,3,9,2
dl R D UL DR L BS,2,10,28,6,3,13,3
dl R D UL L DR BS,2,10,28,6,3,11,3
dl R UL D DR L BS,2,10,28,6,3,13,3
dl R UL D L DR BS,2,10,28,6,3,13,3
dl R UL L D DR BS,2,10,28,6,3,9,3
dl UL L R D DR BS,2,10,28,6,3,11,4
dl UL R D DR L BS,2,10,28,6,3,13,3
dl UL R D L DR BS,2,10,28,6,3,13,3
dl UL R L D DR BS,2,10,28,6,3,13,4
R D dl DR UL L BS,2,10,28,6,3,12,3
R D dl UL DR L BS,2,10,28,6,3,14,3
R D dl UL L DR BS,2,10,28,6,3,12,3
R D DR dl UL L BS,2,10,28,6,3,10,2
R D DR UL dl L BS,2,10,28,6,3,12,3
R D DR UL L dl BS,2,10,28,6,3,10,3
R D UL dl DR L BS,2,10,28,6,3,14,3
R D UL dl L DR BS,2,10,28,6,3,14,3
R D UL DR dl L BS,2,10,28,6,3,14,3
R D UL DR L dl BS,2,10,28,6,3,14,3
R D UL L dl DR BS,2,10,28,6,3,12,3
R D UL L DR dl BS,2,10,28,6,3,12,3
R dl D DR UL L BS,2,10,28,6,3,10,3
R dl D UL DR L BS,2,10,28,6,3,14,3
R dl D UL L DR BS,2,10,28,6,3,12,3
R dl UL D DR L BS,2,10,28,6,3,12,3
R dl UL D L DR BS,2,10,28,6,3,12,3
R dl UL L D DR BS,2,10,28,6,3,8,2
R UL D dl DR L BS,2,10,28,6,3,16,3
R UL D dl L DR BS,2,10,28,6,3,16,3
R UL D DR dl L BS,2,10,28,6,3,14,3
R UL D DR L dl BS,2,10,28,6,3,14,3
R UL D L dl DR BS,2,10,28,6,3,14,3
R UL D L DR dl BS,2,10,28,6,3,14,3
R UL dl D DR L BS,2,10,28,6,3,14,3
R UL dl D L DR BS,2,10,28,6,3,14,3
R UL dl L D DR BS,2,10,28,6,3,12,3
R UL L D dl DR BS,2,10,28,6,3,12,3
R UL L D DR dl BS,2,10,28,6,3,10,3
R UL L dl D DR BS,2,10,28,6,3,12,3
UL dl L R D DR BS,2,10,28,6,3,13,4
UL dl R D DR L BS,2,10,28,6,3,11,3
UL dl R D L DR BS,2,10,28,6,3,11,3
UL dl R L D DR BS,2,10,28,6,3,11,4
UL L dl R D DR BS,2,10,28,6,3,9,3
UL L R D dl DR BS,2,10,28,6,3,13,4
UL L R D DR dl BS,2,10,28,6,3,11,4
UL L R dl D DR BS,2,10,28,6,3,11,4
UL R D dl DR L BS,2,10,28,6,3,15,3
UL R D dl L DR BS,2,10,28,6,3,15,3
UL R D DR dl L BS,2,10,28,6,3,13,3
UL R D DR L dl BS,2,10,28,6,3,13,3
UL R D L dl DR BS,2,10,28,6,3,13,3
UL R D L DR dl BS,2,10,28,6,3,13,3
UL R dl D DR L BS,2,10,28,6,3,13,3
UL R dl D L DR BS,2,10,28,6,3,13,3
UL R dl L D DR BS,2,10,28,6,3,11,3
UL R L D dl DR BS,2,10,28,6,3,15,4
UL R L D DR dl BS,2,10,28,6,3,13,4
UL R L dl D DR BS,2,10,28,6,3,15,4
BS R D DR UL L dl,2,9,30,6,3,11,3
BS R D UL DR L dl,2,9,30,6,3,15,3
BS R D UL L DR dl,2,9,30,6,3,13,3
BS R UL D DR L dl,2,9,30,6,3,15,3
BS R UL D L DR dl,2,9,30,6,3,15,3
BS R UL L D DR dl,2,9,30,6,3,11,3
BS UL L R D DR dl,2,9,30,6,3,11,4
BS UL R D DR L dl,2,9,30,6,3,13,3
BS UL R D L DR dl,2,9,30,6,3,13,3
BS UL R L D DR dl,2,9,30,6,3,13,4
R BS D DR UL L dl,2,9,30,6,3,11,3
R BS D UL DR L dl,2,9,30,6,3,15,3
R BS D UL L DR dl,2,9,30,6,3,13,3
R BS UL D DR L dl,2,9,30,6,3,13,3
R BS UL D L DR dl,2,9,30,6,3,13,3
R BS UL L D DR dl,2,9,30,6,3,9,2
R D BS DR UL L dl,2,9,30,6,3,11,3
R D BS UL DR L dl,2,9,30,6,3,13,3
R D BS UL L DR dl,2,9,30,6,3,11,3
R D DR BS UL L dl,2,9,30,6,3,9,3
R D DR UL BS L dl,2,9,30,6,3,11,3
R D DR UL L BS dl,2,9,30,6,3,9,2
R D UL BS DR L dl,2,9,30,6,3,13,3
R D UL BS L DR dl,2,9,30,6,3,13,3
R D UL DR BS L dl,2,9,30,6,3,13,3
R D UL DR L BS dl,2,9,30,6,3,13,3
R D UL L BS DR dl,2,9,30,6,3,11,3
R D UL L DR BS dl,2,9,30,6,3,11,3
R UL BS D DR L dl,2,9,30,6,3,13,3
R UL BS D L DR dl,2,9,30,6,3,13,3
R UL BS L D DR dl,2,9,30,6,3,11,3
R UL D BS DR L dl,2,9,30,6,3,15,3
R UL D BS L DR dl,2,9,30,6,3,15,3
R UL D DR BS L dl,2,9,30,6,3,13,3
R UL D DR L BS dl,2,9,30,6,3,13,3
R UL D L BS DR dl,2,9,30,6,3,13,3
R UL D L DR BS dl,2,9,30,6,3,13,3
R UL L BS D DR dl,2,9,30,6,3,11,3
R UL L D BS DR dl,2,9,30,6,3,11,3
R UL L D DR BS dl,2,9,30,6,3,9,3
UL BS L R D DR dl,2,9,30,6,3,12,4
UL BS R D DR L dl,2,9,30,6,3,12,3
UL BS R D L DR dl,2,9,30,6,3,12,3
UL BS R L D DR dl,2,9,30,6,3,12,4
UL L BS R D DR dl,2,9,30,6,3,10,2
UL L R BS D DR dl,2,9,30,6,3,12,4
UL L R D BS DR dl,2,9,30,6,3,12,4
UL L R D DR BS dl,2,9,30,6,3,10,4
UL R BS D DR L dl,2,9,30,6,3,14,3
UL R BS D L DR dl,2,9,30,6,3,14,3
UL R BS L D DR dl,2,9,30,6,3,12,3
UL R D BS DR L dl,2,9,30,6,3,14,3
UL R D BS L DR dl,2,9,30,6,3,14,3
UL R D DR BS L dl,2,9,30,6,3,12,3
UL R D DR L BS dl,2,9,30,6,3,12,3
UL R D L BS DR dl,2,9,30,6,3,12,3
UL R D L DR BS dl,2,9,30,6,3,12,3
UL R L BS D DR dl,2,9,30,6,3,14,4
UL R L D BS DR dl,2,9,30,6,3,14,4
UL R L D DR BS dl,2,9,30,6,3,12,4
D dl DR L R UL BS,2,10,30,6,3,16,4
D dl DR L UL R BS,2,10,30,6,3,14,3
D dl DR R L UL BS,2,10,30,6,3,12,4
D dl L DR R UL BS,2,10,30,6,3,14,3
D dl L DR UL R BS,2,10,30,6,3,16,3
D dl L UL DR R BS,2,10,30,6,3,12,3
D DR dl L R UL BS,2,10,30,6,3,14,4
D DR dl L UL R BS,2,10,30,6,3,12,3
D DR dl R L UL BS,2,10,30,6,3,10,4
D DR L dl R UL BS,2,10,30,6,3,12,3
D DR L dl UL R BS,2,10,30,6,3,14,3
D DR L R dl UL BS,2,10,30,6,3,12,4
D DR L R UL dl BS,2,10,30,6,3,14,4
D DR L UL dl R BS,2,10,30,6,3,10,3
D DR L UL R dl BS,2,10,30,6,3,10,3
D DR R dl L UL BS,2,10,30,6,3,8,3
D DR R L dl UL BS,2,10,30,6,3,12,4
D DR R L UL dl BS,2,10,30,6,3,10,4
D L dl DR R UL BS,2,10,30,6,3,12,3
D L dl DR UL R BS,2,10,30,6,3,14,3
D L dl UL DR R BS,2,10,30,6,3,12,3
D L DR dl R UL BS,2,10,30,6,3,12,3
D L DR dl UL R BS,2,10,30,6,3,14,3
D L DR R dl UL BS,2,10,30,6,3,10,3
D L DR R UL dl BS,2,10,30,6,3,12,3
D L DR UL dl R BS,2,10,30,6,3,12,3
D L DR UL R dl BS,2,10,30,6,3,12,3
D L UL dl DR R BS,2,10,30,6,3,10,2
D L UL DR dl R BS,2,10,30,6,3,10,2
D L UL DR R dl BS,2,10,30,6,3,8,2
dl D DR L R UL BS,2,10,30,6,3,15,4
dl D DR L UL R BS,2,10,30,6,3,13,3
dl D DR R L UL BS,2,10,30,6,3,11,4
dl D L DR R UL BS,2,10,30,6,3,13,3
dl D L DR UL R BS,2,10,30,6,3,15,3
dl D L UL DR R BS,2,10,30,6,3,11,3
dl L D DR R UL BS,2,10,30,6,3,11,3
dl L D DR UL R BS,2,10,30,6,3,13,3
dl L D UL DR R BS,2,10,30,6,3,13,3
dl L UL D DR R BS,2,10,30,6,3,11,3
L D dl DR R UL BS,2,10,30,6,3,12,3
L D dl DR UL R BS,2,10,30,6,3,14,3
L D dl UL DR R BS,2,10,30,6,3,12,3
L D DR dl R UL BS,2,10,30,6,3,10,3
L D DR dl UL R BS,2,10,30,6,3,12,3
L D DR R dl UL BS,2,10,30,6,3,8,2
L D DR R UL dl BS,2,10,30,6,3,10,3
L D DR UL dl R BS,2,10,30,6,3,10,2
L D DR UL R dl BS,2,10,30,6,3,10,3
L D UL dl DR R BS,2,10,30,6,3,12,3
L D UL DR dl R BS,2,10,30,6,3,12,3
L D UL DR R dl BS,2,10,30,6,3,10,3
L dl D DR R UL BS,2,10,30,6,3,12,3
L dl D DR UL R BS,2,10,30,6,3,14,3
L dl D UL DR R BS,2,10,30,6,3,14,3
L dl UL D DR R BS,2,10,30,6,3,12,3
L UL D dl DR R BS,2,10,30,6,3,12,3
L UL D DR dl R BS,2,10,30,6,3,10,3
L UL D DR R dl BS,2,10,30,6,3,8,3
L UL dl D DR R BS,2,10,30,6,3,10,3
BS DR L UL D R dl,2,9,32,5,3,11,3
BS L DR UL D R dl,2,9,32,5,3,13,3
BS L UL DR D R dl,2,9,32,5,3,9,2
DR BS L UL D R dl,2,9,32,5,3,10,3
DR L BS UL D R dl,2,9,32,5,3,12,3
DR L UL BS D R dl,2,9,32,5,3,10,3
L BS DR UL D R dl,2,9,32,5,3,11,3
L BS UL DR D R dl,2,9,32,5,3,9,2
L DR BS UL D R dl,2,9,32,5,3,11,3
L DR UL BS D R dl,2,9,32,5,3,11,3
L UL BS DR D R dl,2,9,32,5,3,7,2
L UL DR BS D R dl,2,9,32,5,3,9,2
BS D DR L R UL dl,2,9,32,6,3,15,4
BS D DR L UL R dl,2,9,32,6,3,11,3
BS D DR R L UL dl,2,9,32,6,3,11,4
BS D L DR R UL dl,2,9,32,6,3,13,3
BS D L DR UL R dl,2,9,32,6,3,13,3
BS L D DR R UL dl,2,9,32,6,3,11,3
BS L D DR UL R dl,2,9,32,6,3,11,3
D BS DR L R UL dl,2,9,32,6,3,15,4
D BS DR L UL R dl,2,9,32,6,3,11,3
D BS DR R L UL dl,2,9,32,6,3,11,4
D BS L DR R UL dl,2,9,32,6,3,13,3
D BS L DR UL R dl,2,9,32,6,3,13,3
D DR BS L R UL dl,2,9,32,6,3,13,4
D DR BS L UL R dl,2,9,32,6,3,9,3
D DR BS R L UL dl,2,9,32,6,3,11,4
D DR L BS R UL dl,2,9,32,6,3,13,3
D DR L BS UL R dl,2,9,32,6,3,11,3
D DR L R BS UL dl,2,9,32,6,3,13,4
D DR L R UL BS dl,2,9,32,6,3,13,4
D DR L UL BS R dl,2,9,32,6,3,9,3
D DR L UL R BS dl,2,9,32,6,3,11,3
D DR R BS L UL dl,2,9,32,6,3,9,2
D DR R L BS UL dl,2,9,32,6,3,11,4
D DR R L UL BS dl,2,9,32,6,3,9,4
D L BS DR R UL dl,2,9,32,6,3,11,3
D L BS DR UL R dl,2,9,32,6,3,11,3
D L DR BS R UL dl,2,9,32,6,3,13,3
D L DR BS UL R dl,2,9,32,6,3,11,3
D L DR R BS UL dl,2,9,32,6,3,11,3
D L DR R UL BS dl,2,9,32,6,3,11,3
D L DR UL BS R dl,2,9,32,6,3,11,3
D L DR UL R BS dl,2,9,32,6,3,13,3
D L UL DR BS R dl,2,9,32,6,3,9,2
D L UL DR R BS dl,2,9,32,6,3,9,2
L BS D DR R UL dl,2,9,32,6,3,11,3
L BS D DR UL R dl,2,9,32,6,3,11,3
L D BS DR R UL dl,2,9,32,6,3,11,3
L D BS DR UL R dl,2,9,32,6,3,11,3
L D DR BS R UL dl,2,9,32,6,3,11,3
L D DR BS UL R dl,2,9,32,6,3,9,3
L D DR R BS UL dl,2,9,32,6,3,9,2
L D DR R UL BS dl,2,9,32,6,3,9,3
L D DR UL BS R dl,2,9,32,6,3,9,2
L D DR UL R BS dl,2,9,32,6,3,11,3
L D UL DR BS R dl,2,9,32,6,3,11,3
L D UL DR R BS dl,2,9,32,6,3,11,3
L UL D DR BS R dl,2,9,32,6,3,9,3
L UL D DR R BS dl,2,9,32,6,3,9,3
D dl DR R UL L BS,2,10,32,6,3,12,3
D dl DR UL L R BS,2,10,32,6,3,14,4
D dl DR UL R L BS,2,10,32,6,3,16,4
D dl UL DR L R BS,2,10,32,6,3,16,4
D dl UL DR R L BS,2,10,32,6,3,14,4
D dl UL L DR R BS,2,10,32,6,3,12,3
D DR dl R UL L BS,2,10,32,6,3,10,3
D DR dl UL L R BS,2,10,32,6,3,12,4
D DR dl UL R L BS,2,10,32,6,3,14,4
D DR R dl UL L BS,2,10,32,6,3,8,2
D DR R UL dl L BS,2,10,32,6,3,12,3
D DR R UL L dl BS,2,10,32,6,3,10,3
D DR UL dl L R BS,2,10,32,6,3,14,4
D DR UL dl R L BS,2,10,32,6,3,12,4
D DR UL L dl R BS,2,10,32,6,3,10,3
D DR UL L R dl BS,2,10,32,6,3,10,4
D DR UL R dl L BS,2,10,32,6,3,12,3
D DR UL R L dl BS,2,10,32,6,3,14,4
D UL dl DR L R BS,2,10,32,6,3,16,4
D UL dl DR R L BS,2,10,32,6,3,14,4
D UL dl L DR R BS,2,10,32,6,3,14,3
D UL DR dl L R BS,2,10,32,6,3,16,4
D UL DR dl R L BS,2,10,32,6,3,14,4
D UL DR L dl R BS,2,10,32,6,3,14,3
D UL DR L R dl BS,2,10,32,6,3,14,4
D UL DR R dl L BS,2,10,32,6,3,12,3
D UL DR R L dl BS,2,10,32,6,3,14,4
D UL L dl DR R BS,2,10,32,6,3,12,3
D UL L DR dl R BS,2,10,32,6,3,12,3
D UL L DR R dl BS,2,10,32,6,3,10,3
dl D DR R UL L BS,2,10,32,6,3,11,3
dl D DR UL L R BS,2,10,32,6,3,13,4
dl D DR UL R L BS,2,10,32,6,3,15,4
dl D UL DR L R BS,2,10,32,6,3,17,4
dl D UL DR R L BS,2,10,32,6,3,15,4
dl D UL L DR R BS,2,10,32,6,3,13,3
dl DR D L R UL BS,2,10,32,6,3,13,4
dl DR D L UL R BS,2,10,32,6,3,11,3
dl DR D R L UL BS,2,10,32,6,3,11,4
dl DR L D R UL BS,2,10,32,6,3,13,3
dl DR L D UL R BS,2,10,32,6,3,15,3
dl DR L R D UL BS,2,10,32,6,3,15,4
dl DR L R UL D BS,2,10,32,6,3,17,4
dl DR L UL D R BS,2,10,32,6,3,13,3
dl DR L UL R D BS,2,10,32,6,3,13,3
dl DR R D L UL BS,2,10,32,6,3,9,2
dl DR R L D UL BS,2,10,32,6,3,13,4
dl DR R L UL D BS,2,10,32,6,3,13,4
dl L DR D R UL BS,2,10,32,6,3,13,3
dl L DR D UL R BS,2,10,32,6,3,15,3
dl L DR R D UL BS,2,10,32,6,3,13,3
dl L DR R UL D BS,2,10,32,6,3,15,3
dl L DR UL D R BS,2,10,32,6,3,15,3
dl L DR UL R D BS,2,10,32,6,3,15,3
dl L R DR D UL BS,2,10,32,6,3,13,4
dl L R DR UL D BS,2,10,32,6,3,15,4
dl L R UL DR D BS,2,10,32,6,3,15,4
dl L UL DR D R BS,2,10,32,6,3,11,3
dl L UL DR R D BS,2,10,32,6,3,11,3
dl L UL R DR D BS,2,10,32,6,3,11,3
dl R DR D L UL BS,2,10,32,6,3,7,2
dl R DR L D UL BS,2,10,32,6,3,11,3
dl R DR L UL D BS,2,10,32,6,3,11,3
dl R L DR D UL BS,2,10,32,6,3,13,4
dl R L DR UL D BS,2,10,32,6,3,15,4
dl R L UL DR D BS,2,10,32,6,3,11,4
dl UL D DR L R BS,2,10,32,6,3,15,4
dl UL D DR R L BS,2,10,32,6,3,13,4
dl UL D L DR R BS,2,10,32,6,3,13,3
dl UL L D DR R BS,2,10,32,6,3,9,2
DR D dl L R UL BS,2,10,32,6,3,15,4
DR D dl L UL R BS,2,10,32,6,3,13,3
DR D dl R L UL BS,2,10,32,6,3,11,4
DR D L dl R UL BS,2,10,32,6,3,11,3
DR D L dl UL R BS,2,10,32,6,3,13,3
DR D L R dl UL BS,2,10,32,6,3,11,4
DR D L R UL dl BS,2,10,32,6,3,13,4
DR D L UL dl R BS,2,10,32,6,3,9,2
DR D L UL R dl BS,2,10,32,6,3,9,3
DR D R dl L UL BS,2,10,32,6,3,9,3
DR D R L dl UL BS,2,10,32,6,3,13,4
DR D R L UL dl BS,2,10,32,6,3,11,4
DR dl D L R UL BS,2,10,32,6,3,15,4
DR dl D L UL R BS,2,10,32,6,3,13,3
DR dl D R L UL BS,2,10,32,6,3,13,4
DR dl L D R UL BS,2,10,32,6,3,13,3
DR dl L D UL R BS,2,10,32,6,3,15,3
DR dl L R D UL BS,2,10,32,6,3,15,4
DR dl L R UL D BS,2,10,32,6,3,17,4
DR dl L UL D R BS,2,10,32,6,3,13,3
DR dl L UL R D BS,2,10,32,6,3,13,3
DR dl R D L UL BS,2,10,32,6,3,9,2
DR dl R L D UL BS,2,10,32,6,3,13,4
DR dl R L UL D BS,2,10,32,6,3,13,4
DR L D dl R UL BS,2,10,32,6,3,13,3
DR L D dl UL R BS,2,10,32,6,3,15,3
DR L D R dl UL BS,2,10,32,6,3,11,3
DR L D R UL dl BS,2,10,32,6,3,13,3
DR L D UL dl R BS,2,10,32,6,3,13,3
DR L D UL R dl BS,2,10,32,6,3,13,3
DR L dl D R UL BS,2,10,32,6,3,15,3
DR L dl D UL R BS,2,10,32,6,3,17,3
DR L dl R D UL BS,2,10,32,6,3,13,3
DR L dl R UL D BS,2,10,32,6,3,15,3
DR L dl UL D R BS,2,10,32,6,3,15,3
DR L dl UL R D BS,2,10,32,6,3,15,3
DR L R D dl UL BS,2,10,32,6,3,15,4
DR L R D UL dl BS,2,10,32,6,3,15,4
DR L R dl D UL BS,2,10,32,6,3,15,4
DR L R dl UL D BS,2,10,32,6,3,15,4
DR L R UL D dl BS,2,10,32,6,3,17,4
DR L R UL dl D BS,2,10,32,6,3,17,4
DR L UL D dl R BS,2,10,32,6,3,13,3
DR L UL D R dl BS,2,10,32,6,3,11,3
DR L UL dl D R BS,2,10,32,6,3,13,3
DR L UL dl R D BS,2,10,32,6,3,11,3
DR L UL R D dl BS,2,10,32,6,3,13,3
DR L UL R dl D BS,2,10,32,6,3,13,3
DR R D dl L UL BS,2,10,32,6,3,11,3
DR R D L dl UL BS,2,10,32,6,3,11,3
DR R D L UL dl BS,2,10,32,6,3,9,2
DR R dl D L UL BS,2,10,32,6,3,9,3
DR R dl L D UL BS,2,10,32,6,3,11,3
DR R dl L UL D BS,2,10,32,6,3,11,3
DR R L D dl UL BS,2,10,32,6,3,13,4
DR R L D UL dl BS,2,10,32,6,3,13,4
DR R L dl D UL BS,2,10,32,6,3,15,4
DR R L dl UL D BS,2,10,32,6,3,15,4
DR R L UL D dl BS,2,10,32,6,3,13,4
DR R L UL dl D BS,2,10,32,6,3,13,4
L dl DR D R UL BS,2,10,32,6,3,12,3
L dl DR D UL R BS,2,10,32,6,3,14,3
L dl DR R D UL BS,2,10,32,6,3,12,3
L dl DR R UL D BS,2,10,32,6,3,14,3
L dl DR UL D R BS,2,10,32,6,3,14,3
L dl DR UL R D BS,2,10,32,6,3,14,3
L dl R DR D UL BS,2,10,32,6,3,10,3
L dl R DR UL D BS,2,10,32,6,3,12,3
L dl R UL DR D BS,2,10,32,6,3,12,3
L dl UL DR D R BS,2,10,32,6,3,12,3
L dl UL DR R D BS,2,10,32,6,3,12,3
L dl UL R DR D BS,2,10,32,6,3,12,3
L DR D dl R UL BS,2,10,32,6,3,12,3
L DR D dl UL R BS,2,10,32,6,3,14,3
L DR D R dl UL BS,2,10,32,6,3,10,3
L DR D R UL dl BS,2,10,32,6,3,12,3
L DR D UL dl R BS,2,10,32,6,3,12,3
L DR D UL R dl BS,2,10,32,6,3,12,3
L DR dl D R UL BS,2,10,32,6,3,14,3
L DR dl D UL R BS,2,10,32,6,3,16,3
L DR dl R D UL BS,2,10,32,6,3,12,3
L DR dl R UL D BS,2,10,32,6,3,14,3
L DR dl UL D R BS,2,10,32,6,3,14,3
L DR dl UL R D BS,2,10,32,6,3,14,3
L DR R D dl UL BS,2,10,32,6,3,12,3
L DR R D UL dl BS,2,10,32,6,3,12,3
L DR R dl D UL BS,2,10,32,6,3,12,3
L DR R dl UL D BS,2,10,32,6,3,12,3
L DR R UL D dl BS,2,10,32,6,3,14,3
L DR R UL dl D BS,2,10,32,6,3,14,3
L DR UL D dl R BS,2,10,32,6,3,14,3
L DR UL D R dl BS,2,10,32,6,3,12,3
L DR UL dl D R BS,2,10,32,6,3,14,3
L DR UL dl R D BS,2,10,32,6,3,12,3
L DR UL R D dl BS,2,10,32,6,3,14,3
L DR UL R dl D BS,2,10,32,6,3,14,3
L R dl DR D UL BS,2,10,32,6,3,12,4
L R dl DR UL D BS,2,10,32,6,3,14,4
L R dl UL DR D BS,2,10,32,6,3,12,4
L R DR D dl UL BS,2,10,32,6,3,12,4
L R DR D UL dl BS,2,10,32,6,3,12,4
L R DR dl D UL BS,2,10,32,6,3,14,4
L R DR dl UL D BS,2,10,32,6,3,14,4
L R DR UL D dl BS,2,10,32,6,3,14,4
L R DR UL dl D BS,2,10,32,6,3,14,4
L R UL dl DR D BS,2,10,32,6,3,14,4
L R UL DR D dl BS,2,10,32,6,3,14,4
L R UL DR dl D BS,2,10,32,6,3,16,4
L UL dl DR D R BS,2,10,32,6,3,10,2
L UL dl DR R D BS,2,10,32,6,3,10,2
L UL dl R DR D BS,2,10,32,6,3,8,2
L UL DR D dl R BS,2,10,32,6,3,10,3
L UL DR D R dl BS,2,10,32,6,3,8,2
L UL DR dl D R BS,2,10,32,6,3,12,3
L UL DR dl R D BS,2,10,32,6,3,10,2
L UL DR R D dl BS,2,10,32,6,3,10,3
L UL DR R dl D BS,2,10,32,6,3,10,3
L UL R dl DR D BS,2,10,32,6,3,10,3
L UL R DR D dl BS,2,10,32,6,3,10,3
L UL R DR dl D BS,2,10,32,6,3,12,3
R dl DR D L UL BS,2,10,32,6,3,8,2
R dl DR L D UL BS,2,10,32,6,3,12,3
R dl DR L UL D BS,2,10,32,6,3,12,3
R dl L DR D UL BS,2,10,32,6,3,12,3
R dl L DR UL D BS,2,10,32,6,3,14,3
R dl L UL DR D BS,2,10,32,6,3,10,3
R DR D dl L UL BS,2,10,32,6,3,10,3
R DR D L dl UL BS,2,10,32,6,3,10,3
R DR D L UL dl BS,2,10,32,6,3,8,2
R DR dl D L UL BS,2,10,32,6,3,10,3
R DR dl L D UL BS,2,10,32,6,3,12,3
R DR dl L UL D BS,2,10,32,6,3,12,3
R DR L D dl UL BS,2,10,32,6,3,12,3
R DR L D UL dl BS,2,10,32,6,3,12,3
R DR L dl D UL BS,2,10,32,6,3,14,3
R DR L dl UL D BS,2,10,32,6,3,14,3
R DR L UL D dl BS,2,10,32,6,3,12,3
R DR L UL dl D BS,2,10,32,6,3,12,3
R L dl DR D UL BS,2,10,32,6,3,14,4
R L dl DR UL D BS,2,10,32,6,3,16,4
R L dl UL DR D BS,2,10,32,6,3,14,4
R L DR D dl UL BS,2,10,32,6,3,14,4
R L DR D UL dl BS,2,10,32,6,3,14,4
R L DR dl D UL BS,2,10,32,6,3,16,4
R L DR dl UL D BS,2,10,32,6,3,16,4
R L DR UL D dl BS,2,10,32,6,3,16,4
R L DR UL dl D BS,2,10,32,6,3,16,4
R L UL dl DR D BS,2,10,32,6,3,12,4
R L UL DR D dl BS,2,10,32,6,3,12,4
R L UL DR dl D BS,2,10,32,6,3,14,4
UL D dl DR L R BS,2,10,32,6,3,17,4
UL D dl DR R L BS,2,10,32,6,3,15,4
UL D dl L DR R BS,2,10,32,6,3,15,3
UL D DR dl L R BS,2,10,32,6,3,15,4
UL D DR dl R L BS,2,10,32,6,3,13,4
UL D DR L dl R BS,2,10,32,6,3,13,3
UL D DR L R dl BS,2,10,32,6,3,13,4
UL D DR R dl L BS,2,10,32,6,3,11,3
UL D DR R L dl BS,2,10,32,6,3,13,4
UL D L dl DR R BS,2,10,32,6,3,13,3
UL D L DR dl R BS,2,10,32,6,3,13,3
UL D L DR R dl BS,2,10,32,6,3,11,3
UL dl D DR L R BS,2,10,32,6,3,15,4
UL dl D DR R L BS,2,10,32,6,3,13,4
UL dl D L DR R BS,2,10,32,6,3,13,3
UL dl L D DR R BS,2,10,32,6,3,11,3
UL L D dl DR R BS,2,10,32,6,3,11,3
UL L D DR dl R BS,2,10,32,6,3,9,2
UL L D DR R dl BS,2,10,32,6,3,7,2
UL L dl D DR R BS,2,10,32,6,3,11,3
BS DR UL L D R dl,4,9,34,5,3,9,2
BS UL DR L D R dl,4,9,34,5,3,11,3
BS UL L DR D R dl,4,9,34,5,3,9,3
DR BS UL L D R dl,4,9,34,5,3,8,2
DR UL BS L D R dl,4,9,34,5,3,10,2
DR UL L BS D R dl,4,9,34,5,3,10,2
UL BS DR L D R dl,4,9,34,5,3,10,3
UL BS L DR D R dl,4,9,34,5,3,10,3
UL DR BS L D R dl,4,9,34,5,3,10,2
UL DR L BS D R dl,4,9,34,5,3,12,3
UL L BS DR D R dl,4,9,34,5,3,8,2
UL L DR BS D R dl,4,9,34,5,3,10,3
BS D DR R UL L dl,2,9,34,6,3,11,3
BS D DR UL L R dl,2,9,34,6,3,11,4
BS D DR UL R L dl,2,9,34,6,3,15,4
BS D UL DR L R dl,2,9,34,6,3,15,4
BS D UL DR R L dl,2,9,34,6,3,15,4
BS DR D L R UL dl,2,9,34,6,3,13,4
BS DR D L UL R dl,2,9,34,6,3,9,3
BS DR D R L UL dl,2,9,34,6,3,11,4
BS DR L D R UL dl,2,9,34,6,3,13,3
BS DR L D UL R dl,2,9,34,6,3,13,3
BS DR L R D UL dl,2,9,34,6,3,15,4
BS DR L R UL D dl,2,9,34,6,3,17,4
BS DR L UL R D dl,2,9,34,6,3,13,3
BS DR R D L UL dl,2,9,34,6,3,9,2
BS DR R L D UL dl,2,9,34,6,3,13,4
BS DR R L UL D dl,2,9,34,6,3,13,4
BS L DR D R UL dl,2,9,34,6,3,13,3
BS L DR D UL R dl,2,9,34,6,3,13,3
BS L DR R D UL dl,2,9,34,6,3,13,3
BS L DR R UL D dl,2,9,34,6,3,15,3
BS L DR UL R D dl,2,9,34,6,3,15,3
BS L R DR D UL dl,2,9,34,6,3,13,4
BS L R DR UL D dl,2,9,34,6,3,15,4
BS L R UL DR D dl,2,9,34,6,3,15,4
BS L UL DR R D dl,2,9,34,6,3,11,3
BS L UL R DR D dl,2,9,34,6,3,11,3
BS R DR D L UL dl,2,9,34,6,3,9,2
BS R DR L D UL dl,2,9,34,6,3,13,3
BS R DR L UL D dl,2,9,34,6,3,13,3
BS R L DR D UL dl,2,9,34,6,3,15,4
BS R L DR UL D dl,2,9,34,6,3,17,4
BS R L UL DR D dl,2,9,34,6,3,13,4
BS UL D DR L R dl,2,9,34,6,3,13,4
BS UL D DR R L dl,2,9,34,6,3,13,4
D BS DR R UL L dl,2,9,34,6,3,11,3
D BS DR UL L R dl,2,9,34,6,3,11,4
D BS DR UL R L dl,2,9,34,6,3,15,4
D BS UL DR L R dl,2,9,34,6,3,13,4
D BS UL DR R L dl,2,9,34,6,3,13,4
D DR BS R UL L dl,2,9,34,6,3,11,3
D DR BS UL L R dl,2,9,34,6,3,9,4
D DR BS UL R L dl,2,9,34,6,3,13,4
D DR R BS UL L dl,2,9,34,6,3,9,3
D DR R UL BS L dl,2,9,34,6,3,11,3
D DR R UL L BS dl,2,9,34,6,3,9,3
D DR UL BS L R dl,2,9,34,6,3,11,4
D DR UL BS R L dl,2,9,34,6,3,13,4
D DR UL L BS R dl,2,9,34,6,3,9,2
D DR UL L R BS dl,2,9,34,6,3,11,4
D DR UL R BS L dl,2,9,34,6,3,13,3
D DR UL R L BS dl,2,9,34,6,3,13,4
D UL BS DR L R dl,2,9,34,6,3,13,4
D UL BS DR R L dl,2,9,34,6,3,13,4
D UL DR BS L R dl,2,9,34,6,3,13,4
D UL DR BS R L dl,2,9,34,6,3,15,4
D UL DR L BS R dl,2,9,34,6,3,13,3
D UL DR L R BS dl,2,9,34,6,3,15,4
D UL DR R BS L dl,2,9,34,6,3,13,3
D UL DR R L BS dl,2,9,34,6,3,13,4
D UL L DR BS R dl,2,9,34,6,3,11,3
D UL L DR R BS dl,2,9,34,6,3,11,3
DR BS D L R UL dl,2,9,34,6,3,14,4
DR BS D L UL R dl,2,9,34,6,3,10,3
DR BS D R L UL dl,2,9,34,6,3,12,4
DR BS L D R UL dl,2,9,34,6,3,12,3
DR BS L D UL R dl,2,9,34,6,3,12,3
DR BS L R D UL dl,2,9,34,6,3,14,4
DR BS L R UL D dl,2,9,34,6,3,16,4
DR BS L UL R D dl,2,9,34,6,3,12,3
DR BS R D L UL dl,2,9,34,6,3,10,2
DR BS R L D UL dl,2,9,34,6,3,14,4
DR BS R L UL D dl,2,9,34,6,3,14,4
DR D BS L R UL dl,2,9,34,6,3,14,4
DR D BS L UL R dl,2,9,34,6,3,10,3
DR D BS R L UL dl,2,9,34,6,3,12,4
DR D L BS R UL dl,2,9,34,6,3,12,3
DR D L BS UL R dl,2,9,34,6,3,10,3
DR D L R BS UL dl,2,9,34,6,3,12,4
DR D L R UL BS dl,2,9,34,6,3,12,4
DR D L UL BS R dl,2,9,34,6,3,8,2
DR D L UL R BS dl,2,9,34,6,3,10,3
DR D R BS L UL dl,2,9,34,6,3,10,2
DR D R L BS UL dl,2,9,34,6,3,12,4
DR D R L UL BS dl,2,9,34,6,3,10,4
DR L BS D R UL dl,2,9,34,6,3,14,3
DR L BS D UL R dl,2,9,34,6,3,14,3
DR L BS R D UL dl,2,9,34,6,3,14,3
DR L BS R UL D dl,2,9,34,6,3,16,3
DR L BS UL R D dl,2,9,34,6,3,14,3
DR L D BS R UL dl,2,9,34,6,3,14,3
DR L D BS UL R dl,2,9,34,6,3,12,3
DR L D R BS UL dl,2,9,34,6,3,12,3
DR L D R UL BS dl,2,9,34,6,3,12,3
DR L D UL BS R dl,2,9,34,6,3,12,3
DR L D UL R BS dl,2,9,34,6,3,14,3
DR L R BS D UL dl,2,9,34,6,3,16,4
DR L R BS UL D dl,2,9,34,6,3,16,4
DR L R D BS UL dl,2,9,34,6,3,14,4
DR L R D UL BS dl,2,9,34,6,3,14,4
DR L R UL BS D dl,2,9,34,6,3,16,4
DR L R UL D BS dl,2,9,34,6,3,16,4
DR L UL BS R D dl,2,9,34,6,3,12,3
DR L UL D BS R dl,2,9,34,6,3,12,3
DR L UL D R BS dl,2,9,34,6,3,12,3
DR L UL R BS D dl,2,9,34,6,3,14,3
DR L UL R D BS dl,2,9,34,6,3,12,3
DR R BS D L UL dl,2,9,34,6,3,10,2
DR R BS L D UL dl,2,9,34,6,3,12,3
DR R BS L UL D dl,2,9,34,6,3,12,3
DR R D BS L UL dl,2,9,34,6,3,10,2
DR R D L BS UL dl,2,9,34,6,3,10,2
DR R D L UL BS dl,2,9,34,6,3,8,2
DR R L BS D UL dl,2,9,34,6,3,14,4
DR R L BS UL D dl,2,9,34,6,3,14,4
DR R L D BS UL dl,2,9,34,6,3,12,4
DR R L D UL BS dl,2,9,34,6,3,12,4
DR R L UL BS D dl,2,9,34,6,3,12,4
DR R L UL D BS dl,2,9,34,6,3,12,4
L BS DR D R UL dl,2,9,34,6,3,11,3
L BS DR D UL R dl,2,9,34,6,3,11,3
L BS DR R D UL dl,2,9,34,6,3,11,3
L BS DR R UL D dl,2,9,34,6,3,13,3
L BS DR UL R D dl,2,9,34,6,3,13,3
L BS R DR D UL dl,2,9,34,6,3,11,3
L BS R DR UL D dl,2,9,34,6,3,13,3
L BS R UL DR D dl,2,9,34,6,3,13,3
L BS UL DR R D dl,2,9,34,6,3,11,3
L BS UL R DR D dl,2,9,34,6,3,11,3
L DR BS D R UL dl,2,9,34,6,3,13,3
L DR BS D UL R dl,2,9,34,6,3,13,3
L DR BS R D UL dl,2,9,34,6,3,13,3
L DR BS R UL D dl,2,9,34,6,3,15,3
L DR BS UL R D dl,2,9,34,6,3,13,3
L DR D BS R UL dl,2,9,34,6,3,13,3
L DR D BS UL R dl,2,9,34,6,3,11,3
L DR D R BS UL dl,2,9,34,6,3,11,3
L DR D R UL BS dl,2,9,34,6,3,11,3
L DR D UL BS R dl,2,9,34,6,3,11,3
L DR D UL R BS dl,2,9,34,6,3,13,3
L DR R BS D UL dl,2,9,34,6,3,13,3
L DR R BS UL D dl,2,9,34,6,3,13,3
L DR R D BS UL dl,2,9,34,6,3,11,3
L DR R D UL BS dl,2,9,34,6,3,11,3
L DR R UL BS D dl,2,9,34,6,3,13,3
L DR R UL D BS dl,2,9,34,6,3,13,3
L DR UL BS R D dl,2,9,34,6,3,13,3
L DR UL D BS R dl,2,9,34,6,3,13,3
L DR UL D R BS dl,2,9,34,6,3,13,3
L DR UL R BS D dl,2,9,34,6,3,15,3
L DR UL R D BS dl,2,9,34,6,3,13,3
L R BS DR D UL dl,2,9,34,6,3,13,4
L R BS DR UL D dl,2,9,34,6,3,15,4
L R BS UL DR D dl,2,9,34,6,3,13,4
L R DR BS D UL dl,2,9,34,6,3,13,4
L R DR BS UL D dl,2,9,34,6,3,13,4
L R DR D BS UL dl,2,9,34,6,3,11,4
L R DR D UL BS dl,2,9,34,6,3,11,4
L R DR UL BS D dl,2,9,34,6,3,13,4
L R DR UL D BS dl,2,9,34,6,3,13,4
L R UL BS DR D dl,2,9,34,6,3,13,4
L R UL DR BS D dl,2,9,34,6,3,15,4
L R UL DR D BS dl,2,9,34,6,3,13,4
L UL BS DR R D dl,2,9,34,6,3,9,3
L UL BS R DR D dl,2,9,34,6,3,9,3
L UL DR BS R D dl,2,9,34,6,3,11,3
L UL DR D BS R dl,2,9,34,6,3,9,2
L UL DR D R BS dl,2,9,34,6,3,9,2
L UL DR R BS D dl,2,9,34,6,3,11,3
L UL DR R D BS dl,2,9,34,6,3,9,2
L UL R BS DR D dl,2,9,34,6,3,11,3
L UL R DR BS D dl,2,9,34,6,3,11,3
L UL R DR D BS dl,2,9,34,6,3,9,3
R BS DR D L UL dl,2,9,34,6,3,9,2
R BS DR L D UL dl,2,9,34,6,3,13,3
R BS DR L UL D dl,2,9,34,6,3,13,3
R BS L DR D UL dl,2,9,34,6,3,13,3
R BS L DR UL D dl,2,9,34,6,3,15,3
R BS L UL DR D dl,2,9,34,6,3,11,3
R DR BS D L UL dl,2,9,34,6,3,9,2
R DR BS L D UL dl,2,9,34,6,3,11,3
R DR BS L UL D dl,2,9,34,6,3,11,3
R DR D BS L UL dl,2,9,34,6,3,9,2
R DR D L BS UL dl,2,9,34,6,3,9,2
R DR D L UL BS dl,2,9,34,6,3,7,2
R DR L BS D UL dl,2,9,34,6,3,13,3
R DR L BS UL D dl,2,9,34,6,3,13,3
R DR L D BS UL dl,2,9,34,6,3,11,3
R DR L D UL BS dl,2,9,34,6,3,11,3
R DR L UL BS D dl,2,9,34,6,3,11,3
R DR L UL D BS dl,2,9,34,6,3,11,3
R L BS DR D UL dl,2,9,34,6,3,13,4
R L BS DR UL D dl,2,9,34,6,3,15,4
R L BS UL DR D dl,2,9,34,6,3,13,4
R L DR BS D UL dl,2,9,34,6,3,15,4
R L DR BS UL D dl,2,9,34,6,3,15,4
R L DR D BS UL dl,2,9,34,6,3,13,4
R L DR D UL BS dl,2,9,34,6,3,13,4
R L DR UL BS D dl,2,9,34,6,3,15,4
R L DR UL D BS dl,2,9,34,6,3,15,4
R L UL BS DR D dl,2,9,34,6,3,11,4
R L UL DR BS D dl,2,9,34,6,3,13,4
R L UL DR D BS dl,2,9,34,6,3,11,4
UL BS D DR L R dl,2,9,34,6,3,12,4
UL BS D DR R L dl,2,9,34,6,3,12,4
UL D BS DR L R dl,2,9,34,6,3,14,4
UL D BS DR R L dl,2,9,34,6,3,14,4
UL D DR BS L R dl,2,9,34,6,3,12,4
UL D DR BS R L dl,2,9,34,6,3,14,4
UL D DR L BS R dl,2,9,34,6,3,12,3
UL D DR L R BS dl,2,9,34,6,3,14,4
UL D DR R BS L dl,2,9,34,6,3,12,3
UL D DR R L BS dl,2,9,34,6,3,12,4
UL D L DR BS R dl,2,9,34,6,3,12,3
UL D L DR R BS dl,2,9,34,6,3,12,3
UL L D DR BS R dl,2,9,34,6,3,8,2
UL L D DR R BS dl,2,9,34,6,3,8,2
dl DR D R UL L BS,2,10,34,6,3,11,3
dl DR D UL L R BS,2,10,34,6,3,13,4
dl DR D UL R L BS,2,10,34,6,3,15,4
dl DR R D UL L BS,2,10,34,6,3,11,3
dl DR R UL D L BS,2,10,34,6,3,13,3
dl DR R UL L D BS,2,10,34,6,3,11,3
dl DR UL D L R BS,2,10,34,6,3,15,4
dl DR UL D R L BS,2,10,34,6,3,15,4
dl DR UL L D R BS,2,10,34,6,3,11,2
dl DR UL L R D BS,2,10,34,6,3,13,4
dl DR UL R D L BS,2,10,34,6,3,13,3
dl DR UL R L D BS,2,10,34,6,3,15,4
dl R DR D UL L BS,2,10,34,6,3,9,3
dl R DR UL D L BS,2,10,34,6,3,11,3
dl R DR UL L D BS,2,10,34,6,3,9,2
dl R UL DR D L BS,2,10,34,6,3,11,3
dl R UL DR L D BS,2,10,34,6,3,13,3
dl R UL L DR D BS,2,10,34,6,3,11,3
dl UL DR D L R BS,2,10,34,6,3,13,4
dl UL DR D R L BS,2,10,34,6,3,13,4
dl UL DR L D R BS,2,10,34,6,3,13,3
dl UL DR L R D BS,2,10,34,6,3,15,4
dl UL DR R D L BS,2,10,34,6,3,11,2
dl UL DR R L D BS,2,10,34,6,3,13,4
dl UL L DR D R BS,2,10,34,6,3,11,3
dl UL L DR R D BS,2,10,34,6,3,11,3
dl UL L R DR D BS,2,10,34,6,3,11,4
dl UL R DR D L BS,2,10,34,6,3,11,3
dl UL R DR L D BS,2,10,34,6,3,13,3
dl UL R L DR D BS,2,10,34,6,3,15,4
DR D dl R UL L BS,2,10,34,6,3,11,3
DR D dl UL L R BS,2,10,34,6,3,13,4
DR D dl UL R L BS,2,10,34,6,3,15,4
DR D R dl UL L BS,2,10,34,6,3,9,2
DR D R UL dl L BS,2,10,34,6,3,13,3
DR D R UL L dl BS,2,10,34,6,3,11,3
DR D UL dl L R BS,2,10,34,6,3,15,4
DR D UL dl R L BS,2,10,34,6,3,13,4
DR D UL L dl R BS,2,10,34,6,3,11,3
DR D UL L R dl BS,2,10,34,6,3,11,4
DR D UL R dl L BS,2,10,34,6,3,13,3
DR D UL R L dl BS,2,10,34,6,3,15,4
DR dl D R UL L BS,2,10,34,6,3,13,3
DR dl D UL L R BS,2,10,34,6,3,15,4
DR dl D UL R L BS,2,10,34,6,3,17,4
DR dl R D UL L BS,2,10,34,6,3,11,3
DR dl R UL D L BS,2,10,34,6,3,13,3
DR dl R UL L D BS,2,10,34,6,3,11,3
DR dl UL D L R BS,2,10,34,6,3,15,4
DR dl UL D R L BS,2,10,34,6,3,15,4
DR dl UL L D R BS,2,10,34,6,3,11,2
DR dl UL L R D BS,2,10,34,6,3,13,4
DR dl UL R D L BS,2,10,34,6,3,13,3
DR dl UL R L D BS,2,10,34,6,3,15,4
DR R D dl UL L BS,2,10,34,6,3,11,3
DR R D UL dl L BS,2,10,34,6,3,13,3
DR R D UL L dl BS,2,10,34,6,3,11,3
DR R dl D UL L BS,2,10,34,6,3,11,3
DR R dl UL D L BS,2,10,34,6,3,11,3
DR R dl UL L D BS,2,10,34,6,3,9,2
DR R UL D dl L BS,2,10,34,6,3,15,3
DR R UL D L dl BS,2,10,34,6,3,13,3
DR R UL dl D L BS,2,10,34,6,3,13,3
DR R UL dl L D BS,2,10,34,6,3,13,3
DR R UL L D dl BS,2,10,34,6,3,11,3
DR R UL L dl D BS,2,10,34,6,3,13,3
DR UL D dl L R BS,2,10,34,6,3,17,4
DR UL D dl R L BS,2,10,34,6,3,15,4
DR UL D L dl R BS,2,10,34,6,3,13,3
DR UL D L R dl BS,2,10,34,6,3,13,4
DR UL D R dl L BS,2,10,34,6,3,13,3
DR UL D R L dl BS,2,10,34,6,3,15,4
DR UL dl D L R BS,2,10,34,6,3,15,4
DR UL dl D R L BS,2,10,34,6,3,15,4
DR UL dl L D R BS,2,10,34,6,3,13,3
DR UL dl L R D BS,2,10,34,6,3,15,4
DR UL dl R D L BS,2,10,34,6,3,11,2
DR UL dl R L D BS,2,10,34,6,3,13,4
DR UL L D dl R BS,2,10,34,6,3,11,3
DR UL L D R dl BS,2,10,34,6,3,9,2
DR UL L dl D R BS,2,10,34,6,3,13,3
DR UL L dl R D BS,2,10,34,6,3,11,3
DR UL L R D dl BS,2,10,34,6,3,13,4
DR UL L R dl D BS,2,10,34,6,3,13,4
DR UL R D dl L BS,2,10,34,6,3,15,3
DR UL R D L dl BS,2,10,34,6,3,13,3
DR UL R dl D L BS,2,10,34,6,3,13,3
DR UL R dl L D BS,2,10,34,6,3,13,3
DR UL R L D dl BS,2,10,34,6,3,15,4
DR UL R L dl D BS,2,10,34,6,3,17,4
R dl DR D UL L BS,2,10,34,6,3,10,3
R dl DR UL D L BS,2,10,34,6,3,12,3
R dl DR UL L D BS,2,10,34,6,3,10,2
R dl UL DR D L BS,2,10,34,6,3,10,2
R dl UL DR L D BS,2,10,34,6,3,12,3
R dl UL L DR D BS,2,10,34,6,3,10,3
R DR D dl UL L BS,2,10,34,6,3,10,3
R DR D UL dl L BS,2,10,34,6,3,12,3
R DR D UL L dl BS,2,10,34,6,3,10,3
R DR dl D UL L BS,2,10,34,6,3,12,3
R DR dl UL D L BS,2,10,34,6,3,12,3
R DR dl UL L D BS,2,10,34,6,3,10,2
R DR UL D dl L BS,2,10,34,6,3,14,3
R DR UL D L dl BS,2,10,34,6,3,12,3
R DR UL dl D L BS,2,10,34,6,3,12,3
R DR UL dl L D BS,2,10,34,6,3,12,3
R DR UL L D dl BS,2,10,34,6,3,10,3
R DR UL L dl D BS,2,10,34,6,3,12,3
R UL dl DR D L BS,2,10,34,6,3,12,3
R UL dl DR L D BS,2,10,34,6,3,14,3
R UL dl L DR D BS,2,10,34,6,3,14,3
R UL DR D dl L BS,2,10,34,6,3,14,3
R UL DR D L dl BS,2,10,34,6,3,12,3
R UL DR dl D L BS,2,10,34,6,3,14,3
R UL DR dl L D BS,2,10,34,6,3,14,3
R UL DR L D dl BS,2,10,34,6,3,14,3
R UL DR L dl D BS,2,10,34,6,3,16,3
R UL L dl DR D BS,2,10,34,6,3,12,3
R UL L DR D dl BS,2,10,34,6,3,12,3
R UL L DR dl D BS,2,10,34,6,3,14,3
UL dl DR D L R BS,2,10,34,6,3,13,4
UL dl DR D R L BS,2,10,34,6,3,13,4
UL dl DR L D R BS,2,10,34,6,3,13,3
UL dl DR L R D BS,2,10,34,6,3,15,4
UL dl DR R D L BS,2,10,34,6,3,11,2
UL dl DR R L D BS,2,10,34,6,3,13,4
UL dl L DR D R BS,2,10,34,6,3,13,3
UL dl L DR R D BS,2,10,34,6,3,13,3
UL dl L R DR D BS,2,10,34,6,3,13,4
UL dl R DR D L BS,2,10,34,6,3,9,2
UL dl R DR L D BS,2,10,34,6,3,11,3
UL dl R L DR D BS,2,10,34,6,3,13,4
UL DR D dl L R BS,2,10,34,6,3,15,4
UL DR D dl R L BS,2,10,34,6,3,13,4
UL DR D L dl R BS,2,10,34,6,3,11,3
UL DR D L R dl BS,2,10,34,6,3,11,4
UL DR D R dl L BS,2,10,34,6,3,11,3
UL DR D R L dl BS,2,10,34,6,3,13,4
UL DR dl D L R BS,2,10,34,6,3,15,4
UL DR dl D R L BS,2,10,34,6,3,15,4
UL DR dl L D R BS,2,10,34,6,3,13,3
UL DR dl L R D BS,2,10,34,6,3,15,4
UL DR dl R D L BS,2,10,34,6,3,11,2
UL DR dl R L D BS,2,10,34,6,3,13,4
UL DR L D dl R BS,2,10,34,6,3,13,3
UL DR L D R dl BS,2,10,34,6,3,11,3
UL DR L dl D R BS,2,10,34,6,3,15,3
UL DR L dl R D BS,2,10,34,6,3,13,3
UL DR L R D dl BS,2,10,34,6,3,15,4
UL DR L R dl D BS,2,10,34,6,3,15,4
UL DR R D dl L BS,2,10,34,6,3,13,3
UL DR R D L dl BS,2,10,34,6,3,11,3
UL DR R dl D L BS,2,10,34,6,3,11,3
UL DR R dl L D BS,2,10,34,6,3,11,3
UL DR R L D dl BS,2,10,34,6,3,13,4
UL DR R L dl D BS,2,10,34,6,3,15,4
UL L dl DR D R BS,2,10,34,6,3,11,3
UL L dl DR R D BS,2,10,34,6,3,11,3
UL L dl R DR D BS,2,10,34,6,3,9,3
UL L DR D dl R BS,2,10,34,6,3,11,3
UL L DR D R dl BS,2,10,34,6,3,9,3
UL L DR dl D R BS,2,10,34,6,3,13,3
UL L DR dl R D BS,2,10,34,6,3,11,3
UL L DR R D dl BS,2,10,34,6,3,11,3
UL L DR R dl D BS,2,10,34,6,3,11,3
UL L R dl DR D BS,2,10,34,6,3,11,4
UL L R DR D dl BS,2,10,34,6,3,11,4
UL L R DR dl D BS,2,10,34,6,3,13,4
UL R dl DR D L BS,2,10,34,6,3,11,3
UL R dl DR L D BS,2,10,34,6,3,13,3
UL R dl L DR D BS,2,10,34,6,3,13,3
UL R DR D dl L BS,2,10,34,6,3,13,3
UL R DR D L dl BS,2,10,34,6,3,11,3
UL R DR dl D L BS,2,10,34,6,3,13,3
UL R DR dl L D BS,2,10,34,6,3,13,3
UL R DR L D dl BS,2,10,34,6,3,13,3
UL R DR L dl D BS,2,10,34,6,3,15,3
UL R L dl DR D BS,2,10,34,6,3,15,4
UL R L DR D dl BS,2,10,34,6,3,15,4
UL R L DR dl D BS,2,10,34,6,3,17,4
BS DR D R UL L dl,2,9,36,6,3,11,3
BS DR D UL L R dl,2,9,36,6,3,11,4
BS DR D UL R L dl,2,9,36,6,3,15,4
BS DR R D UL L dl,2,9,36,6,3,11,3
BS DR R UL D L dl,2,9,36,6,3,13,3
BS DR R UL L D dl,2,9,36,6,3,11,3
BS DR UL D L R dl,2,9,36,6,3,13,4
BS DR UL D R L dl,2,9,36,6,3,15,4
BS DR UL L R D dl,2,9,36,6,3,13,4
BS DR UL R D L dl,2,9,36,6,3,13,3
BS DR UL R L D dl,2,9,36,6,3,15,4
BS R DR D UL L dl,2,9,36,6,3,11,3
BS R DR UL D L dl,2,9,36,6,3,13,3
BS R DR UL L D dl,2,9,36,6,3,11,3
BS R UL DR D L dl,2,9,36,6,3,13,3
BS R UL DR L D dl,2,9,36,6,3,15,3
BS R UL L DR D dl,2,9,36,6,3,13,3
BS UL DR D L R dl,2,9,36,6,3,11,4
BS UL DR D R L dl,2,9,36,6,3,13,4
BS UL DR L R D dl,2,9,36,6,3,15,4
BS UL DR R D L dl,2,9,36,6,3,11,3
BS UL DR R L D dl,2,9,36,6,3,13,4
BS UL L DR R D dl,2,9,36,6,3,11,3
BS UL L R DR D dl,2,9,36,6,3,11,4
BS UL R DR D L dl,2,9,36,6,3,11,3
BS UL R DR L D dl,2,9,36,6,3,13,3
BS UL R L DR D dl,2,9,36,6,3,15,4
DR BS D R UL L dl,2,9,36,6,3,12,3
DR BS D UL L R dl,2,9,36,6,3,12,4
DR BS D UL R L dl,2,9,36,6,3,16,4
DR BS R D UL L dl,2,9,36,6,3,12,3
DR BS R UL D L dl,2,9,36,6,3,14,3
DR BS R UL L D dl,2,9,36,6,3,12,3
DR BS UL D L R dl,2,9,36,6,3,12,4
DR BS UL D R L dl,2,9,36,6,3,14,4
DR BS UL L R D dl,2,9,36,6,3,12,4
DR BS UL R D L dl,2,9,36,6,3,12,3
DR BS UL R L D dl,2,9,36,6,3,14,4
DR D BS R UL L dl,2,9,36,6,3,12,3
DR D BS UL L R dl,2,9,36,6,3,10,4
DR D BS UL R L dl,2,9,36,6,3,14,4
DR D R BS UL L dl,2,9,36,6,3,10,3
DR D R UL BS L dl,2,9,36,6,3,12,3
DR D R UL L BS dl,2,9,36,6,3,10,3
DR D UL BS L R dl,2,9,36,6,3,12,4
DR D UL BS R L dl,2,9,36,6,3,14,4
DR D UL L BS R dl,2,9,36,6,3,10,3
DR D UL L R BS dl,2,9,36,6,3,12,4
DR D UL R BS L dl,2,9,36,6,3,14,3
DR D UL R L BS dl,2,9,36,6,3,14,4
DR R BS D UL L dl,2,9,36,6,3,12,3
DR R BS UL D L dl,2,9,36,6,3,12,3
DR R BS UL L D dl,2,9,36,6,3,10,3
DR R D BS UL L dl,2,9,36,6,3,10,3
DR R D UL BS L dl,2,9,36,6,3,12,3
DR R D UL L BS dl,2,9,36,6,3,10,3
DR R UL BS D L dl,2,9,36,6,3,12,3
DR R UL BS L D dl,2,9,36,6,3,12,3
DR R UL D BS L dl,2,9,36,6,3,14,3
DR R UL D L BS dl,2,9,36,6,3,12,3
DR R UL L BS D dl,2,9,36,6,3,12,3
DR R UL L D BS dl,2,9,36,6,3,10,3
DR UL BS D L R dl,2,9,36,6,3,12,4
DR UL BS D R L dl,2,9,36,6,3,14,4
DR UL BS L R D dl,2,9,36,6,3,14,4
DR UL BS R D L dl,2,9,36,6,3,12,3
DR UL BS R L D dl,2,9,36,6,3,14,4
DR UL D BS L R dl,2,9,36,6,3,14,4
DR UL D BS R L dl,2,9,36,6,3,16,4
DR UL D L BS R dl,2,9,36,6,3,12,3
DR UL D L R BS dl,2,9,36,6,3,14,4
DR UL D R BS L dl,2,9,36,6,3,14,3
DR UL D R L BS dl,2,9,36,6,3,14,4
DR UL L BS R D dl,2,9,36,6,3,12,3
DR UL L D BS R dl,2,9,36,6,3,10,2
DR UL L D R BS dl,2,9,36,6,3,10,2
DR UL L R BS D dl,2,9,36,6,3,14,4
DR UL L R D BS dl,2,9,36,6,3,12,4
DR UL R BS D L dl,2,9,36,6,3,14,3
DR UL R BS L D dl,2,9,36,6,3,14,3
DR UL R D BS L dl,2,9,36,6,3,14,3
DR UL R D L BS dl,2,9,36,6,3,12,3
DR UL R L BS D dl,2,9,36,6,3,16,4
DR UL R L D BS dl,2,9,36,6,3,14,4
R BS DR D UL L dl,2,9,36,6,3,11,3
R BS DR UL D L dl,2,9,36,6,3,13,3
R BS DR UL L D dl,2,9,36,6,3,11,3
R BS UL DR D L dl,2,9,36,6,3,11,3
R BS UL DR L D dl,2,9,36,6,3,13,3
R BS UL L DR D dl,2,9,36,6,3,11,3
R DR BS D UL L dl,2,9,36,6,3,11,3
R DR BS UL D L dl,2,9,36,6,3,11,3
R DR BS UL L D dl,2,9,36,6,3,9,3
R DR D BS UL L dl,2,9,36,6,3,9,3
R DR D UL BS L dl,2,9,36,6,3,11,3
R DR D UL L BS dl,2,9,36,6,3,9,3
R DR UL BS D L dl,2,9,36,6,3,11,3
R DR UL BS L D dl,2,9,36,6,3,11,3
R DR UL D BS L dl,2,9,36,6,3,13,3
R DR UL D L BS dl,2,9,36,6,3,11,3
R DR UL L BS D dl,2,9,36,6,3,11,3
R DR UL L D BS dl,2,9,36,6,3,9,2
R UL BS DR D L dl,2,9,36,6,3,11,3
R UL BS DR L D dl,2,9,36,6,3,13,3
R UL BS L DR D dl,2,9,36,6,3,13,3
R UL DR BS D L dl,2,9,36,6,3,13,3
R UL DR BS L D dl,2,9,36,6,3,13,3
R UL DR D BS L dl,2,9,36,6,3,13,3
R UL DR D L BS dl,2,9,36,6,3,11,3
R UL DR L BS D dl,2,9,36,6,3,15,3
R UL DR L D BS dl,2,9,36,6,3,13,3
R UL L BS DR D dl,2,9,36,6,3,11,3
R UL L DR BS D dl,2,9,36,6,3,13,3
R UL L DR D BS dl,2,9,36,6,3,11,3
UL BS DR D L R dl,2,9,36,6,3,10,4
UL BS DR D R L dl,2,9,36,6,3,12,4
UL BS DR L R D dl,2,9,36,6,3,14,4
UL BS DR R D L dl,2,9,36,6,3,10,3
UL BS DR R L D dl,2,9,36,6,3,12,4
UL BS L DR R D dl,2,9,36,6,3,12,3
UL BS L R DR D dl,2,9,36,6,3,12,4
UL BS R DR D L dl,2,9,36,6,3,10,3
UL BS R DR L D dl,2,9,36,6,3,12,3
UL BS R L DR D dl,2,9,36,6,3,14,4
UL DR BS D L R dl,2,9,36,6,3,12,4
UL DR BS D R L dl,2,9,36,6,3,14,4
UL DR BS L R D dl,2,9,36,6,3,14,4
UL DR BS R D L dl,2,9,36,6,3,12,3
UL DR BS R L D dl,2,9,36,6,3,14,4
UL DR D BS L R dl,2,9,36,6,3,12,4
UL DR D BS R L dl,2,9,36,6,3,14,4
UL DR D L BS R dl,2,9,36,6,3,10,2
UL DR D L R BS dl,2,9,36,6,3,12,4
UL DR D R BS L dl,2,9,36,6,3,12,3
UL DR D R L BS dl,2,9,36,6,3,12,4
UL DR L BS R D dl,2,9,36,6,3,14,3
UL DR L D BS R dl,2,9,36,6,3,12,3
UL DR L D R BS dl,2,9,36,6,3,12,3
UL DR L R BS D dl,2,9,36,6,3,16,4
UL DR L R D BS dl,2,9,36,6,3,14,4
UL DR R BS D L dl,2,9,36,6,3,12,3
UL DR R BS L D dl,2,9,36,6,3,12,3
UL DR R D BS L dl,2,9,36,6,3,12,3
UL DR R D L BS dl,2,9,36,6,3,10,2
UL DR R L BS D dl,2,9,36,6,3,14,4
UL DR R L D BS dl,2,9,36,6,3,12,4
UL L BS DR R D dl,2,9,36,6,3,10,3
UL L BS R DR D dl,2,9,36,6,3,10,3
UL L DR BS R D dl,2,9,36,6,3,12,3
UL L DR D BS R dl,2,9,36,6,3,10,3
UL L DR D R BS dl,2,9,36,6,3,10,3
UL L DR R BS D dl,2,9,36,6,3,12,3
UL L DR R D BS dl,2,9,36,6,3,10,3
UL L R BS DR D dl,2,9,36,6,3,12,4
UL L R DR BS D dl,2,9,36,6,3,12,4
UL L R DR D BS dl,2,9,36,6,3,10,4
UL R BS DR D L dl,2,9,36,6,3,12,3
UL R BS DR L D dl,2,9,36,6,3,14,3
UL R BS L DR D dl,2,9,36,6,3,14,3
UL R DR BS D L dl,2,9,36,6,3,12,3
UL R DR BS L D dl,2,9,36,6,3,12,3
UL R DR D BS L dl,2,9,36,6,3,12,3
UL R DR D L BS dl,2,9,36,6,3,10,3
UL R DR L BS D dl,2,9,36,6,3,14,3
UL R DR L D BS dl,2,9,36,6,3,12,3
UL R L BS DR D dl,2,9,36,6,3,14,4
UL R L DR BS D dl,2,9,36,6,3,16,4
UL R L DR D BS dl,2,9,36,6,3,14,4
BS D dl L UL DR R,2,10,36,7,3,12,3
BS D dl R DR UL L,2,10,36,7,3,10,3
BS D L dl UL DR R,2,10,36,7,3,12,3
BS D L UL dl DR R,2,10,36,7,3,10,2
BS D L UL DR dl R,2,10,36,7,3,10,2
BS D R dl DR UL L,2,10,36,7,3,10,2
BS D R DR dl UL L,2,10,36,7,3,10,2
BS dl D L UL DR R,2,10,36,7,3,10,3
BS dl D R DR UL L,2,10,36,7,3,10,3
BS dl L D UL DR R,2,10,36,7,3,12,3
BS dl L UL D DR R,2,10,36,7,3,10,3
BS L D dl UL DR R,2,10,36,7,3,12,3
BS L D UL dl DR R,2,10,36,7,3,12,3
BS L D UL DR dl R,2,10,36,7,3,12,3
BS L dl D UL DR R,2,10,36,7,3,14,3
BS L dl UL D DR R,2,10,36,7,3,12,3
BS L UL D dl DR R,2,10,36,7,3,12,3
BS L UL D DR dl R,2,10,36,7,3,10,3
BS L UL dl D DR R,2,10,36,7,3,10,3
D BS dl L UL DR R,2,10,36,7,3,10,3
D BS dl R DR UL L,2,10,36,7,3,8,2
D BS L dl UL DR R,2,10,36,7,3,12,3
D BS L UL dl DR R,2,10,36,7,3,10,2
D BS L UL DR dl R,2,10,36,7,3,10,2
D BS R dl DR UL L,2,10,36,7,3,10,2
D BS R DR dl UL L,2,10,36,7,3,10,2
D dl BS L UL DR R,2,10,36,7,3,10,3
D dl BS R DR UL L,2,10,36,7,3,10,3
D dl L BS UL DR R,2,10,36,7,3,12,3
D dl L UL BS DR R,2,10,36,7,3,10,3
D dl R BS DR UL L,2,10,36,7,3,10,3
D dl R DR BS UL L,2,10,36,7,3,8,3
D L BS dl UL DR R,2,10,36,7,3,10,2
D L BS UL dl DR R,2,10,36,7,3,10,2
D L BS UL DR dl R,2,10,36,7,3,10,2
D L dl BS UL DR R,2,10,36,7,3,10,3
D L dl UL BS DR R,2,10,36,7,3,10,3
D L UL BS dl DR R,2,10,36,7,3,8,2
D L UL BS DR dl R,2,10,36,7,3,8,2
D L UL dl BS DR R,2,10,36,7,3,8,2
D R BS dl DR UL L,2,10,36,7,3,10,2
D R BS DR dl UL L,2,10,36,7,3,10,2
D R dl BS DR UL L,2,10,36,7,3,8,2
D R dl DR BS UL L,2,10,36,7,3,8,2
D R DR BS dl UL L,2,10,36,7,3,8,2
D R DR dl BS UL L,2,10,36,7,3,8,2
dl BS D L UL DR R,2,10,36,7,3,9,2
dl BS D R DR UL L,2,10,36,7,3,9,2
dl BS L D UL DR R,2,10,36,7,3,11,3
dl BS L UL D DR R,2,10,36,7,3,9,3
dl D BS L UL DR R,2,10,36,7,3,11,3
dl D BS R DR UL L,2,10,36,7,3,11,3
dl D L BS UL DR R,2,10,36,7,3,11,3
dl D L UL BS DR R,2,10,36,7,3,9,3
dl D R BS DR UL L,2,10,36,7,3,11,3
dl D R DR BS UL L,2,10,36,7,3,9,3
dl L BS D UL DR R,2,10,36,7,3,13,3
dl L BS UL D DR R,2,10,36,7,3,11,3
dl L D BS UL DR R,2,10,36,7,3,11,3
dl L D UL BS DR R,2,10,36,7,3,11,3
dl L UL BS D DR R,2,10,36,7,3,9,3
dl L UL D BS DR R,2,10,36,7,3,11,3
L BS D dl UL DR R,2,10,36,7,3,12,3
L BS D UL dl DR R,2,10,36,7,3,12,3
L BS D UL DR dl R,2,10,36,7,3,12,3
L BS dl D UL DR R,2,10,36,7,3,12,3
L BS dl UL D DR R,2,10,36,7,3,10,3
L BS UL D dl DR R,2,10,36,7,3,12,3
L BS UL D DR dl R,2,10,36,7,3,10,3
L BS UL dl D DR R,2,10,36,7,3,10,3
L D BS dl UL DR R,2,10,36,7,3,10,2
L D BS UL dl DR R,2,10,36,7,3,10,2
L D BS UL DR dl R,2,10,36,7,3,10,2
L D dl BS UL DR R,2,10,36,7,3,10,3
L D dl UL BS DR R,2,10,36,7,3,10,3
L D UL BS dl DR R,2,10,36,7,3,10,3
L D UL BS DR dl R,2,10,36,7,3,10,3
L D UL dl BS DR R,2,10,36,7,3,10,3
L dl BS D UL DR R,2,10,36,7,3,12,3
L dl BS UL D DR R,2,10,36,7,3,10,3
L dl D BS UL DR R,2,10,36,7,3,12,3
L dl D UL BS DR R,2,10,36,7,3,12,3
L dl UL BS D DR R,2,10,36,7,3,10,3
L dl UL D BS DR R,2,10,36,7,3,12,3
L UL BS D dl DR R,2,10,36,7,3,10,3
L UL BS D DR dl R,2,10,36,7,3,8,2
L UL BS dl D DR R,2,10,36,7,3,8,3
L UL D BS dl DR R,2,10,36,7,3,10,3
L UL D BS DR dl R,2,10,36,7,3,10,3
L UL D dl BS DR R,2,10,36,7,3,10,3
L UL dl BS D DR R,2,10,36,7,3,8,2
L UL dl D BS DR R,2,10,36,7,3,10,3
BS D dl UL L DR R,2,10,38,7,3,12,3
BS D UL dl L DR R,2,10,38,7,3,14,3
BS D UL L dl DR R,2,10,38,7,3,12,3
BS D UL L DR dl R,2,10,38,7,3,12,3
BS dl D UL L DR R,2,10,38,7,3,12,3
BS dl L R UL DR D,2,10,38,7,3,14,4
BS dl L UL R DR D,2,10,38,7,3,10,3
BS dl R D DR UL L,2,10,38,7,3,8,2
BS dl R L UL DR D,2,10,38,7,3,10,4
BS dl UL D L DR R,2,10,38,7,3,12,3
BS dl UL L D DR R,2,10,38,7,3,8,2
BS L dl R UL DR D,2,10,38,7,3,12,3
BS L dl UL R DR D,2,10,38,7,3,12,3
BS L R dl UL DR D,2,10,38,7,3,12,4
BS L R UL dl DR D,2,10,38,7,3,14,4
BS L UL dl R DR D,2,10,38,7,3,8,2
BS L UL R dl DR D,2,10,38,7,3,10,3
BS R D dl DR UL L,2,10,38,7,3,12,3
BS R D DR dl UL L,2,10,38,7,3,10,2
BS R dl D DR UL L,2,10,38,7,3,10,3
BS R dl L UL DR D,2,10,38,7,3,10,3
BS R L dl UL DR D,2,10,38,7,3,14,4
BS R L UL dl DR D,2,10,38,7,3,12,4
BS UL D dl L DR R,2,10,38,7,3,14,3
BS UL D L dl DR R,2,10,38,7,3,12,3
BS UL D L DR dl R,2,10,38,7,3,12,3
BS UL dl D L DR R,2,10,38,7,3,12,3
BS UL dl L D DR R,2,10,38,7,3,10,3
BS UL L D dl DR R,2,10,38,7,3,10,3
BS UL L D DR dl R,2,10,38,7,3,8,2
BS UL L dl D DR R,2,10,38,7,3,10,3
D BS dl UL L DR R,2,10,38,7,3,10,3
D BS UL dl L DR R,2,10,38,7,3,12,3
D BS UL L dl DR R,2,10,38,7,3,10,3
D BS UL L DR dl R,2,10,38,7,3,10,3
D dl BS UL L DR R,2,10,38,7,3,10,3
D dl UL BS L DR R,2,10,38,7,3,12,3
D dl UL L BS DR R,2,10,38,7,3,10,3
D UL BS dl L DR R,2,10,38,7,3,12,3
D UL BS L dl DR R,2,10,38,7,3,12,3
D UL BS L DR dl R,2,10,38,7,3,12,3
D UL dl BS L DR R,2,10,38,7,3,12,3
D UL dl L BS DR R,2,10,38,7,3,12,3
D UL L BS dl DR R,2,10,38,7,3,10,3
D UL L BS DR dl R,2,10,38,7,3,10,3
D UL L dl BS DR R,2,10,38,7,3,10,3
dl BS D UL L DR R,2,10,38,7,3,11,3
dl BS L R UL DR D,2,10,38,7,3,13,4
dl BS L UL R DR D,2,10,38,7,3,9,3
dl BS R D DR UL L,2,10,38,7,3,9,2
dl BS R L UL DR D,2,10,38,7,3,11,4
dl BS UL D L DR R,2,10,38,7,3,11,3
dl BS UL L D DR R,2,10,38,7,3,7,2
dl D BS UL L DR R,2,10,38,7,3,11,3
dl D UL BS L DR R,2,10,38,7,3,13,3
dl D UL L BS DR R,2,10,38,7,3,11,3
dl L BS R UL DR D,2,10,38,7,3,13,3
dl L BS UL R DR D,2,10,38,7,3,11,3
dl L R BS UL DR D,2,10,38,7,3,13,4
dl L R UL BS DR D,2,10,38,7,3,13,4
dl L UL BS R DR D,2,10,38,7,3,9,3
dl L UL R BS DR D,2,10,38,7,3,11,3
dl R BS D DR UL L,2,10,38,7,3,9,2
dl R BS L UL DR D,2,10,38,7,3,9,2
dl R D BS DR UL L,2,10,38,7,3,9,2
dl R D DR BS UL L,2,10,38,7,3,7,2
dl R L BS UL DR D,2,10,38,7,3,11,4
dl R L UL BS DR D,2,10,38,7,3,9,4
dl UL BS D L DR R,2,10,38,7,3,11,3
dl UL BS L D DR R,2,10,38,7,3,9,2
dl UL D BS L DR R,2,10,38,7,3,13,3
dl UL D L BS DR R,2,10,38,7,3,11,3
dl UL L BS D DR R,2,10,38,7,3,9,2
dl UL L D BS DR R,2,10,38,7,3,9,2
L BS dl R UL DR D,2,10,38,7,3,10,3
L BS dl UL R DR D,2,10,38,7,3,10,3
L BS R dl UL DR D,2,10,38,7,3,10,2
L BS R UL dl DR D,2,10,38,7,3,12,3
L BS UL dl R DR D,2,10,38,7,3,8,2
L BS UL R dl DR D,2,10,38,7,3,10,3
L dl BS R UL DR D,2,10,38,7,3,12,3
L dl BS UL R DR D,2,10,38,7,3,10,3
L dl R BS UL DR D,2,10,38,7,3,10,3
L dl R UL BS DR D,2,10,38,7,3,10,3
L dl UL BS R DR D,2,10,38,7,3,10,3
L dl UL R BS DR D,2,10,38,7,3,12,3
L R BS dl UL DR D,2,10,38,7,3,12,4
L R BS UL dl DR D,2,10,38,7,3,12,4
L R dl BS UL DR D,2,10,38,7,3,10,4
L R dl UL BS DR D,2,10,38,7,3,10,4
L R UL BS dl DR D,2,10,38,7,3,12,4
L R UL dl BS DR D,2,10,38,7,3,12,4
L UL BS dl R DR D,2,10,38,7,3,6,1
L UL BS R dl DR D,2,10,38,7,3,8,2
L UL dl BS R DR D,2,10,38,7,3,8,2
L UL dl R BS DR D,2,10,38,7,3,8,2
L UL R BS dl DR D,2,10,38,7,3,10,3
L UL R dl BS DR D,2,10,38,7,3,8,3
R BS D dl DR UL L,2,10,38,7,3,12,3
R BS D DR dl UL L,2,10,38,7,3,10,2
R BS dl D DR UL L,2,10,38,7,3,10,3
R BS dl L UL DR D,2,10,38,7,3,10,3
R BS L dl UL DR D,2,10,38,7,3,12,3
R BS L UL dl DR D,2,10,38,7,3,10,2
R D BS dl DR UL L,2,10,38,7,3,10,2
R D BS DR dl UL L,2,10,38,7,3,10,2
R D dl BS DR UL L,2,10,38,7,3,10,3
R D dl DR BS UL L,2,10,38,7,3,10,3
R D DR BS dl UL L,2,10,38,7,3,8,2
R D DR dl BS UL L,2,10,38,7,3,8,2
R dl BS D DR UL L,2,10,38,7,3,8,2
R dl BS L UL DR D,2,10,38,7,3,8,2
R dl D BS DR UL L,2,10,38,7,3,10,3
R dl D DR BS UL L,2,10,38,7,3,8,3
R dl L BS UL DR D,2,10,38,7,3,10,3
R dl L UL BS DR D,2,10,38,7,3,8,3
R L BS dl UL DR D,2,10,38,7,3,12,4
R L BS UL dl DR D,2,10,38,7,3,12,4
R L dl BS UL DR D,2,10,38,7,3,12,4
R L dl UL BS DR D,2,10,38,7,3,12,4
R L UL BS dl DR D,2,10,38,7,3,10,4
R L UL dl BS DR D,2,10,38,7,3,10,4
UL BS D dl L DR R,2,10,38,7,3,13,3
UL BS D L dl DR R,2,10,38,7,3,11,3
UL BS D L DR dl R,2,10,38,7,3,11,3
UL BS dl D L DR R,2,10,38,7,3,11,3
UL BS dl L D DR R,2,10,38,7,3,9,3
UL BS L D dl DR R,2,10,38,7,3,11,3
UL BS L D DR dl R,2,10,38,7,3,9,2
UL BS L dl D DR R,2,10,38,7,3,11,3
UL D BS dl L DR R,2,10,38,7,3,13,3
UL D BS L dl DR R,2,10,38,7,3,13,3
UL D BS L DR dl R,2,10,38,7,3,13,3
UL D dl BS L DR R,2,10,38,7,3,13,3
UL D dl L BS DR R,2,10,38,7,3,13,3
UL D L BS dl DR R,2,10,38,7,3,11,3
UL D L BS DR dl R,2,10,38,7,3,11,3
UL D L dl BS DR R,2,10,38,7,3,11,3
UL dl BS D L DR R,2,10,38,7,3,11,3
UL dl BS L D DR R,2,10,38,7,3,9,2
UL dl D BS L DR R,2,10,38,7,3,13,3
UL dl D L BS DR R,2,10,38,7,3,11,3
UL dl L BS D DR R,2,10,38,7,3,11,3
UL dl L D BS DR R,2,10,38,7,3,11,3
UL L BS D dl DR R,2,10,38,7,3,11,3
UL L BS D DR dl R,2,10,38,7,3,9,2
UL L BS dl D DR R,2,10,38,7,3,9,3
UL L D BS dl DR R,2,10,38,7,3,9,2
UL L D BS DR dl R,2,10,38,7,3,9,2
UL L D dl BS DR R,2,10,38,7,3,9,3
UL L dl BS D DR R,2,10,38,7,3,9,3
UL L dl D BS DR R,2,10,38,7,3,11,3
BS D dl L R DR UL,2,10,38,8,3,15,4
BS D dl L R UL DR,2,10,38,8,3,17,4
BS D dl L UL R DR,2,10,38,8,3,13,3
BS D dl R DR L UL,2,10,38,8,3,11,3
BS D dl R L DR UL,2,10,38,8,3,15,4
BS D dl R L UL DR,2,10,38,8,3,13,4
BS D L dl R DR UL,2,10,38,8,3,11,3
BS D L dl R UL DR,2,10,38,8,3,13,3
BS D L dl UL R DR,2,10,38,8,3,13,3
BS D L R dl DR UL,2,10,38,8,3,13,4
BS D L R dl UL DR,2,10,38,8,3,13,4
BS D L R DR dl UL,2,10,38,8,3,13,4
BS D L R UL dl DR,2,10,38,8,3,15,4
BS D L UL dl R DR,2,10,38,8,3,9,2
BS D L UL R dl DR,2,10,38,8,3,11,3
BS D R dl DR L UL,2,10,38,8,3,11,3
BS D R dl L DR UL,2,10,38,8,3,13,3
BS D R dl L UL DR,2,10,38,8,3,11,3
BS D R DR dl L UL,2,10,38,8,3,11,3
BS D R DR L dl UL,2,10,38,8,3,13,3
BS D R L dl DR UL,2,10,38,8,3,15,4
BS D R L dl UL DR,2,10,38,8,3,15,4
BS D R L DR dl UL,2,10,38,8,3,15,4
BS D R L UL dl DR,2,10,38,8,3,13,4
BS dl D L R DR UL,2,10,38,8,3,13,4
BS dl D L R UL DR,2,10,38,8,3,15,4
BS dl D L UL R DR,2,10,38,8,3,11,3
BS dl D R DR L UL,2,10,38,8,3,11,3
BS dl D R L DR UL,2,10,38,8,3,15,4
BS dl D R L UL DR,2,10,38,8,3,13,4
BS dl L D R DR UL,2,10,38,8,3,11,3
BS dl L D R UL DR,2,10,38,8,3,13,3
BS dl L D UL R DR,2,10,38,8,3,13,3
BS dl L UL D R DR,2,10,38,8,3,11,3
BS L D dl R DR UL,2,10,38,8,3,11,3
BS L D dl R UL DR,2,10,38,8,3,13,3
BS L D dl UL R DR,2,10,38,8,3,13,3
BS L D R dl DR UL,2,10,38,8,3,11,2
BS L D R dl UL DR,2,10,38,8,3,11,2
BS L D R DR dl UL,2,10,38,8,3,11,2
BS L D R UL dl DR,2,10,38,8,3,13,3
BS L D UL dl R DR,2,10,38,8,3,11,3
BS L D UL R dl DR,2,10,38,8,3,13,3
BS L dl D R DR UL,2,10,38,8,3,13,3
BS L dl D R UL DR,2,10,38,8,3,15,3
BS L dl D UL R DR,2,10,38,8,3,15,3
BS L dl UL D R DR,2,10,38,8,3,13,3
BS L UL D dl R DR,2,10,38,8,3,11,3
BS L UL D R dl DR,2,10,38,8,3,11,3
BS L UL dl D R DR,2,10,38,8,3,11,3
D BS dl L R DR UL,2,10,38,8,3,13,4
D BS dl L R UL DR,2,10,38,8,3,15,4
D BS dl L UL R DR,2,10,38,8,3,11,3
D BS dl R DR L UL,2,10,38,8,3,9,3
D BS dl R L DR UL,2,10,38,8,3,13,4
D BS dl R L UL DR,2,10,38,8,3,11,4
D BS L dl R DR UL,2,10,38,8,3,11,3
D BS L dl R UL DR,2,10,38,8,3,13,3
D BS L dl UL R DR,2,10,38,8,3,13,3
D BS L R dl DR UL,2,10,38,8,3,13,4
D BS L R dl UL DR,2,10,38,8,3,13,4
D BS L R DR dl UL,2,10,38,8,3,13,4
D BS L R UL dl DR,2,10,38,8,3,15,4
D BS L UL dl R DR,2,10,38,8,3,9,2
D BS L UL R dl DR,2,10,38,8,3,11,3
D BS R dl DR L UL,2,10,38,8,3,11,3
D BS R dl L DR UL,2,10,38,8,3,13,3
D BS R dl L UL DR,2,10,38,8,3,11,3
D BS R DR dl L UL,2,10,38,8,3,11,3
D BS R DR L dl UL,2,10,38,8,3,13,3
D BS R L dl DR UL,2,10,38,8,3,15,4
D BS R L dl UL DR,2,10,38,8,3,15,4
D BS R L DR dl UL,2,10,38,8,3,15,4
D BS R L UL dl DR,2,10,38,8,3,13,4
D dl BS L R DR UL,2,10,38,8,3,13,4
D dl BS L R UL DR,2,10,38,8,3,15,4
D dl BS L UL R DR,2,10,38,8,3,11,3
D dl BS R DR L UL,2,10,38,8,3,11,3
D dl BS R L DR UL,2,10,38,8,3,15,4
D dl BS R L UL DR,2,10,38,8,3,13,4
D dl L BS R DR UL,2,10,38,8,3,13,3
D dl L BS R UL DR,2,10,38,8,3,15,3
D dl L BS UL R DR,2,10,38,8,3,13,3
D dl L R BS DR UL,2,10,38,8,3,15,4
D dl L R BS UL DR,2,10,38,8,3,15,4
D dl L R DR BS UL,2,10,38,8,3,13,4
D dl L R UL BS DR,2,10,38,8,3,15,4
D dl L UL BS R DR,2,10,38,8,3,11,3
D dl L UL R BS DR,2,10,38,8,3,13,3
D dl R BS DR L UL,2,10,38,8,3,11,3
D dl R BS L DR UL,2,10,38,8,3,13,3
D dl R BS L UL DR,2,10,38,8,3,11,3
D dl R DR BS L UL,2,10,38,8,3,9,3
D dl R DR L BS UL,2,10,38,8,3,11,3
D dl R L BS DR UL,2,10,38,8,3,13,4
D dl R L BS UL DR,2,10,38,8,3,13,4
D dl R L DR BS UL,2,10,38,8,3,13,4
D dl R L UL BS DR,2,10,38,8,3,11,4
D L BS dl R DR UL,2,10,38,8,3,9,2
D L BS dl R UL DR,2,10,38,8,3,11,3
D L BS dl UL R DR,2,10,38,8,3,11,3
D L BS R dl DR UL,2,10,38,8,3,11,2
D L BS R dl UL DR,2,10,38,8,3,11,2
D L BS R DR dl UL,2,10,38,8,3,11,2
D L BS R UL dl DR,2,10,38,8,3,13,3
D L BS UL dl R DR,2,10,38,8,3,9,2
D L BS UL R dl DR,2,10,38,8,3,11,3
D L dl BS R DR UL,2,10,38,8,3,11,3
D L dl BS R UL DR,2,10,38,8,3,13,3
D L dl BS UL R DR,2,10,38,8,3,11,3
D L dl R BS DR UL,2,10,38,8,3,11,3
D L dl R BS UL DR,2,10,38,8,3,11,3
D L dl R DR BS UL,2,10,38,8,3,9,3
D L dl R UL BS DR,2,10,38,8,3,11,3
D L dl UL BS R DR,2,10,38,8,3,11,3
D L dl UL R BS DR,2,10,38,8,3,13,3
D L R BS dl DR UL,2,10,38,8,3,13,4
D L R BS dl UL DR,2,10,38,8,3,13,4
D L R BS DR dl UL,2,10,38,8,3,13,4
D L R BS UL dl DR,2,10,38,8,3,13,4
D L R dl BS DR UL,2,10,38,8,3,11,4
D L R dl BS UL DR,2,10,38,8,3,11,4
D L R dl DR BS UL,2,10,38,8,3,11,4
D L R dl UL BS DR,2,10,38,8,3,11,4
D L R DR BS dl UL,2,10,38,8,3,11,4
D L R DR dl BS UL,2,10,38,8,3,11,4
D L R UL BS dl DR,2,10,38,8,3,13,4
D L R UL dl BS DR,2,10,38,8,3,13,4
D L UL BS dl R DR,2,10,38,8,3,7,2
D L UL BS R dl DR,2,10,38,8,3,9,2
D L UL dl BS R DR,2,10,38,8,3,9,2
D L UL dl R BS DR,2,10,38,8,3,9,2
D L UL R BS dl DR,2,10,38,8,3,11,3
D L UL R dl BS DR,2,10,38,8,3,9,3
D R BS dl DR L UL,2,10,38,8,3,11,3
D R BS dl L DR UL,2,10,38,8,3,13,3
D R BS dl L UL DR,2,10,38,8,3,11,3
D R BS DR dl L UL,2,10,38,8,3,11,3
D R BS DR L dl UL,2,10,38,8,3,13,3
D R BS L dl DR UL,2,10,38,8,3,13,3
D R BS L dl UL DR,2,10,38,8,3,13,3
D R BS L DR dl UL,2,10,38,8,3,13,3
D R BS L UL dl DR,2,10,38,8,3,11,2
D R dl BS DR L UL,2,10,38,8,3,9,3
D R dl BS L DR UL,2,10,38,8,3,11,3
D R dl BS L UL DR,2,10,38,8,3,9,2
D R dl DR BS L UL,2,10,38,8,3,9,2
D R dl DR L BS UL,2,10,38,8,3,11,3
D R dl L BS DR UL,2,10,38,8,3,11,3
D R dl L BS UL DR,2,10,38,8,3,11,3
D R dl L DR BS UL,2,10,38,8,3,11,3
D R dl L UL BS DR,2,10,38,8,3,9,3
D R DR BS dl L UL,2,10,38,8,3,9,3
D R DR BS L dl UL,2,10,38,8,3,11,3
D R DR dl BS L UL,2,10,38,8,3,9,2
D R DR dl L BS UL,2,10,38,8,3,11,3
D R DR L BS dl UL,2,10,38,8,3,11,3
D R DR L dl BS UL,2,10,38,8,3,11,3
D R L BS dl DR UL,2,10,38,8,3,13,4
D R L BS dl UL DR,2,10,38,8,3,13,4
D R L BS DR dl UL,2,10,38,8,3,13,4
D R L BS UL dl DR,2,10,38,8,3,13,4
D R L dl BS DR UL,2,10,38,8,3,13,4
D R L dl BS UL DR,2,10,38,8,3,13,4
D R L dl DR BS UL,2,10,38,8,3,13,4
D R L dl UL BS DR,2,10,38,8,3,13,4
D R L DR BS dl UL,2,10,38,8,3,13,4
D R L DR dl BS UL,2,10,38,8,3,13,4
D R L UL BS dl DR,2,10,38,8,3,11,4
D R L UL dl BS DR,2,10,38,8,3,11,4
dl BS D L R DR UL,2,10,38,8,3,12,4
dl BS D L R UL DR,2,10,38,8,3,14,4
dl BS D L UL R DR,2,10,38,8,3,10,3
dl BS D R DR L UL,2,10,38,8,3,10,3
dl BS D R L DR UL,2,10,38,8,3,14,4
dl BS D R L UL DR,2,10,38,8,3,12,4
dl BS L D R DR UL,2,10,38,8,3,10,2
dl BS L D R UL DR,2,10,38,8,3,12,3
dl BS L D UL R DR,2,10,38,8,3,12,3
dl BS L UL D R DR,2,10,38,8,3,10,3
dl D BS L R DR UL,2,10,38,8,3,14,4
dl D BS L R UL DR,2,10,38,8,3,16,4
dl D BS L UL R DR,2,10,38,8,3,12,3
dl D BS R DR L UL,2,10,38,8,3,12,3
dl D BS R L DR UL,2,10,38,8,3,16,4
dl D BS R L UL DR,2,10,38,8,3,14,4
dl D L BS R DR UL,2,10,38,8,3,12,3
dl D L BS R UL DR,2,10,38,8,3,14,3
dl D L BS UL R DR,2,10,38,8,3,12,3
dl D L R BS DR UL,2,10,38,8,3,14,4
dl D L R BS UL DR,2,10,38,8,3,14,4
dl D L R DR BS UL,2,10,38,8,3,12,4
dl D L R UL BS DR,2,10,38,8,3,14,4
dl D L UL BS R DR,2,10,38,8,3,10,3
dl D L UL R BS DR,2,10,38,8,3,12,3
dl D R BS DR L UL,2,10,38,8,3,12,3
dl D R BS L DR UL,2,10,38,8,3,14,3
dl D R BS L UL DR,2,10,38,8,3,12,3
dl D R DR BS L UL,2,10,38,8,3,10,3
dl D R DR L BS UL,2,10,38,8,3,12,3
dl D R L BS DR UL,2,10,38,8,3,14,4
dl D R L BS UL DR,2,10,38,8,3,14,4
dl D R L DR BS UL,2,10,38,8,3,14,4
dl D R L UL BS DR,2,10,38,8,3,12,4
dl L BS D R DR UL,2,10,38,8,3,12,3
dl L BS D R UL DR,2,10,38,8,3,14,3
dl L BS D UL R DR,2,10,38,8,3,14,3
dl L BS UL D R DR,2,10,38,8,3,12,3
dl L D BS R DR UL,2,10,38,8,3,12,3
dl L D BS R UL DR,2,10,38,8,3,14,3
dl L D BS UL R DR,2,10,38,8,3,12,3
dl L D R BS DR UL,2,10,38,8,3,12,3
dl L D R BS UL DR,2,10,38,8,3,12,3
dl L D R DR BS UL,2,10,38,8,3,10,3
dl L D R UL BS DR,2,10,38,8,3,12,3
dl L D UL BS R DR,2,10,38,8,3,12,3
dl L D UL R BS DR,2,10,38,8,3,14,3
dl L UL BS D R DR,2,10,38,8,3,10,3
dl L UL D BS R DR,2,10,38,8,3,12,3
dl L UL D R BS DR,2,10,38,8,3,12,3
L BS D dl R DR UL,2,10,38,8,3,11,3
L BS D dl R UL DR,2,10,38,8,3,13,3
L BS D dl UL R DR,2,10,38,8,3,13,3
L BS D R dl DR UL,2,10,38,8,3,11,2
L BS D R dl UL DR,2,10,38,8,3,11,2
L BS D R DR dl UL,2,10,38,8,3,11,2
L BS D R UL dl DR,2,10,38,8,3,13,3
L BS D UL dl R DR,2,10,38,8,3,11,3
L BS D UL R dl DR,2,10,38,8,3,13,3
L BS dl D R DR UL,2,10,38,8,3,11,3
L BS dl D R UL DR,2,10,38,8,3,13,3
L BS dl D UL R DR,2,10,38,8,3,13,3
L BS dl UL D R DR,2,10,38,8,3,11,3
L BS UL D dl R DR,2,10,38,8,3,11,3
L BS UL D R dl DR,2,10,38,8,3,11,3
L BS UL dl D R DR,2,10,38,8,3,11,3
L D BS dl R DR UL,2,10,38,8,3,9,2
L D BS dl R UL DR,2,10,38,8,3,11,3
L D BS dl UL R DR,2,10,38,8,3,11,3
L D BS R dl DR UL,2,10,38,8,3,11,2
L D BS R dl UL DR,2,10,38,8,3,11,2
L D BS R DR dl UL,2,10,38,8,3,11,2
L D BS R UL dl DR,2,10,38,8,3,13,3
L D BS UL dl R DR,2,10,38,8,3,9,2
L D BS UL R dl DR,2,10,38,8,3,11,3
L D dl BS R DR UL,2,10,38,8,3,11,3
L D dl BS R UL DR,2,10,38,8,3,13,3
L D dl BS UL R DR,2,10,38,8,3,11,3
L D dl R BS DR UL,2,10,38,8,3,11,3
L D dl R BS UL DR,2,10,38,8,3,11,3
L D dl R DR BS UL,2,10,38,8,3,9,3
L D dl R UL BS DR,2,10,38,8,3,11,3
L D dl UL BS R DR,2,10,38,8,3,11,3
L D dl UL R BS DR,2,10,38,8,3,13,3
L D R BS dl DR UL,2,10,38,8,3,11,2
L D R BS dl UL DR,2,10,38,8,3,11,2
L D R BS DR dl UL,2,10,38,8,3,11,2
L D R BS UL dl DR,2,10,38,8,3,11,2
L D R dl BS DR UL,2,10,38,8,3,9,2
L D R dl BS UL DR,2,10,38,8,3,9,2
L D R dl DR BS UL,2,10,38,8,3,9,2
L D R dl UL BS DR,2,10,38,8,3,9,2
L D R DR BS dl UL,2,10,38,8,3,9,2
L D R DR dl BS UL,2,10,38,8,3,9,2
L D R UL BS dl DR,2,10,38,8,3,11,3
L D R UL dl BS DR,2,10,38,8,3,11,3
L D UL BS dl R DR,2,10,38,8,3,9,3
L D UL BS R dl DR,2,10,38,8,3,11,3
L D UL dl BS R DR,2,10,38,8,3,11,3
L D UL dl R BS DR,2,10,38,8,3,11,3
L D UL R BS dl DR,2,10,38,8,3,13,3
L D UL R dl BS DR,2,10,38,8,3,11,3
L dl BS D R DR UL,2,10,38,8,3,11,3
L dl BS D R UL DR,2,10,38,8,3,13,3
L dl BS D UL R DR,2,10,38,8,3,13,3
L dl BS UL D R DR,2,10,38,8,3,11,3
L dl D BS R DR UL,2,10,38,8,3,13,3
L dl D BS R UL DR,2,10,38,8,3,15,3
L dl D BS UL R DR,2,10,38,8,3,13,3
L dl D R BS DR UL,2,10,38,8,3,13,3
L dl D R BS UL DR,2,10,38,8,3,13,3
L dl D R DR BS UL,2,10,38,8,3,11,3
L dl D R UL BS DR,2,10,38,8,3,13,3
L dl D UL BS R DR,2,10,38,8,3,13,3
L dl D UL R BS DR,2,10,38,8,3,15,3
L dl UL BS D R DR,2,10,38,8,3,11,3
L dl UL D BS R DR,2,10,38,8,3,13,3
L dl UL D R BS DR,2,10,38,8,3,13,3
L UL BS D dl R DR,2,10,38,8,3,9,3
L UL BS D R dl DR,2,10,38,8,3,9,2
L UL BS dl D R DR,2,10,38,8,3,9,3
L UL D BS dl R DR,2,10,38,8,3,9,3
L UL D BS R dl DR,2,10,38,8,3,11,3
L UL D dl BS R DR,2,10,38,8,3,11,3
L UL D dl R BS DR,2,10,38,8,3,11,3
L UL D R BS dl DR,2,10,38,8,3,11,3
L UL D R dl BS DR,2,10,38,8,3,9,3
L UL dl BS D R DR,2,10,38,8,3,9,2
L UL dl D BS R DR,2,10,38,8,3,11,3
L UL dl D R BS DR,2,10,38,8,3,11,3
BS dl R UL DR D L,2,10,40,7,3,10,3
BS dl R UL DR L D,2,10,40,7,3,12,3
BS dl R UL L DR D,2,10,40,7,3,10,3
BS dl UL L R DR D,2,10,40,7,3,10,4
BS dl UL R DR D L,2,10,40,7,3,10,3
BS dl UL R DR L D,2,10,40,7,3,12,3
BS dl UL R L DR D,2,10,40,7,3,14,4
BS R dl UL DR D L,2,10,40,7,3,10,2
BS R dl UL DR L D,2,10,40,7,3,12,3
BS R dl UL L DR D,2,10,40,7,3,10,3
BS R UL dl DR D L,2,10,40,7,3,12,3
BS R UL dl DR L D,2,10,40,7,3,14,3
BS R UL dl L DR D,2,10,40,7,3,14,3
BS R UL L dl DR D,2,10,40,7,3,12,3
BS UL dl L R DR D,2,10,40,7,3,12,4
BS UL dl R DR D L,2,10,40,7,3,8,2
BS UL dl R DR L D,2,10,40,7,3,10,3
BS UL dl R L DR D,2,10,40,7,3,12,4
BS UL L dl R DR D,2,10,40,7,3,8,3
BS UL L R dl DR D,2,10,40,7,3,10,4
BS UL R dl DR D L,2,10,40,7,3,10,3
BS UL R dl DR L D,2,10,40,7,3,12,3
BS UL R dl L DR D,2,10,40,7,3,12,3
BS UL R L dl DR D,2,10,40,7,3,14,4
dl BS R UL DR D L,2,10,40,7,3,11,3
dl BS R UL DR L D,2,10,40,7,3,13,3
dl BS R UL L DR D,2,10,40,7,3,11,3
dl BS UL L R DR D,2,10,40,7,3,9,4
dl BS UL R DR D L,2,10,40,7,3,9,3
dl BS UL R DR L D,2,10,40,7,3,11,3
dl BS UL R L DR D,2,10,40,7,3,13,4
dl R BS UL DR D L,2,10,40,7,3,9,2
dl R BS UL DR L D,2,10,40,7,3,11,3
dl R BS UL L DR D,2,10,40,7,3,9,3
dl R UL BS DR D L,2,10,40,7,3,9,3
dl R UL BS DR L D,2,10,40,7,3,11,3
dl R UL BS L DR D,2,10,40,7,3,11,3
dl R UL L BS DR D,2,10,40,7,3,9,3
dl UL BS L R DR D,2,10,40,7,3,11,4
dl UL BS R DR D L,2,10,40,7,3,9,2
dl UL BS R DR L D,2,10,40,7,3,11,3
dl UL BS R L DR D,2,10,40,7,3,13,4
dl UL L BS R DR D,2,10,40,7,3,9,2
dl UL L R BS DR D,2,10,40,7,3,11,4
dl UL R BS DR D L,2,10,40,7,3,11,3
dl UL R BS DR L D,2,10,40,7,3,13,3
dl UL R BS L DR D,2,10,40,7,3,13,3
dl UL R L BS DR D,2,10,40,7,3,13,4
R BS dl UL DR D L,2,10,40,7,3,10,2
R BS dl UL DR L D,2,10,40,7,3,12,3
R BS dl UL L DR D,2,10,40,7,3,10,3
R BS UL dl DR D L,2,10,40,7,3,10,2
R BS UL dl DR L D,2,10,40,7,3,12,3
R BS UL dl L DR D,2,10,40,7,3,12,3
R BS UL L dl DR D,2,10,40,7,3,10,3
R dl BS UL DR D L,2,10,40,7,3,8,2
R dl BS UL DR L D,2,10,40,7,3,10,3
R dl BS UL L DR D,2,10,40,7,3,8,3
R dl UL BS DR D L,2,10,40,7,3,8,2
R dl UL BS DR L D,2,10,40,7,3,10,3
R dl UL BS L DR D,2,10,40,7,3,10,3
R dl UL L BS DR D,2,10,40,7,3,8,2
R UL BS dl DR D L,2,10,40,7,3,10,3
R UL BS dl DR L D,2,10,40,7,3,12,3
R UL BS dl L DR D,2,10,40,7,3,12,3
R UL BS L dl DR D,2,10,40,7,3,12,3
R UL dl BS DR D L,2,10,40,7,3,10,3
R UL dl BS DR L D,2,10,40,7,3,12,3
R UL dl BS L DR D,2,10,40,7,3,12,3
R UL dl L BS DR D,2,10,40,7,3,12,3
R UL L BS dl DR D,2,10,40,7,3,10,3
R UL L dl BS DR D,2,10,40,7,3,10,3
UL BS dl L R DR D,2,10,40,7,3,11,4
UL BS dl R DR D L,2,10,40,7,3,7,2
UL BS dl R DR L D,2,10,40,7,3,9,3
UL BS dl R L DR D,2,10,40,7,3,11,4
UL BS L dl R DR D,2,10,40,7,3,9,3
UL BS L R dl DR D,2,10,40,7,3,11,4
UL BS R dl DR D L,2,10,40,7,3,9,2
UL BS R dl DR L D,2,10,40,7,3,11,3
UL BS R dl L DR D,2,10,40,7,3,11,3
UL BS R L dl DR D,2,10,40,7,3,13,4
UL dl BS L R DR D,2,10,40,7,3,11,4
UL dl BS R DR D L,2,10,40,7,3,9,2
UL dl BS R DR L D,2,10,40,7,3,11,3
UL dl BS R L DR D,2,10,40,7,3,13,4
UL dl L BS R DR D,2,10,40,7,3,11,3
UL dl L R BS DR D,2,10,40,7,3,13,4
UL dl R BS DR D L,2,10,40,7,3,9,2
UL dl R BS DR L D,2,10,40,7,3,11,3
UL dl R BS L DR D,2,10,40,7,3,11,3
UL dl R L BS DR D,2,10,40,7,3,11,4
UL L BS dl R DR D,2,10,40,7,3,7,2
UL L BS R dl DR D,2,10,40,7,3,9,2
UL L dl BS R DR D,2,10,40,7,3,9,3
UL L dl R BS DR D,2,10,40,7,3,9,3
UL L R BS dl DR D,2,10,40,7,3,11,4
UL L R dl BS DR D,2,10,40,7,3,9,4
UL R BS dl DR D L,2,10,40,7,3,11,3
UL R BS dl DR L D,2,10,40,7,3,13,3
UL R BS dl L DR D,2,10,40,7,3,13,3
UL R BS L dl DR D,2,10,40,7,3,13,3
UL R dl BS DR D L,2,10,40,7,3,9,3
UL R dl BS DR L D,2,10,40,7,3,11,3
UL R dl BS L DR D,2,10,40,7,3,11,3
UL R dl L BS DR D,2,10,40,7,3,11,3
UL R L BS dl DR D,2,10,40,7,3,13,4
UL R L dl BS DR D,2,10,40,7,3,13,4
BS D dl R UL DR L,2,10,40,8,3,14,3
BS D dl R UL L DR,2,10,40,8,3,13,3
BS D dl UL L R DR,2,10,40,8,3,13,4
BS D dl UL R DR L,2,10,40,8,3,14,3
BS D dl UL R L DR,2,10,40,8,3,17,4
BS D R dl UL DR L,2,10,40,8,3,12,3
BS D R dl UL L DR,2,10,40,8,3,11,3
BS D R DR UL dl L,2,10,40,8,3,12,3
BS D R UL dl DR L,2,10,40,8,3,14,3
BS D R UL dl L DR,2,10,40,8,3,15,3
BS D R UL DR dl L,2,10,40,8,3,14,3
BS D R UL L dl DR,2,10,40,8,3,13,3
BS D UL dl L R DR,2,10,40,8,3,15,4
BS D UL dl R DR L,2,10,40,8,3,12,3
BS D UL dl R L DR,2,10,40,8,3,15,4
BS D UL L dl R DR,2,10,40,8,3,11,3
BS D UL L R dl DR,2,10,40,8,3,13,4
BS D UL R dl DR L,2,10,40,8,3,14,3
BS D UL R dl L DR,2,10,40,8,3,15,3
BS D UL R DR dl L,2,10,40,8,3,14,3
BS D UL R L dl DR,2,10,40,8,3,17,4
BS dl D R UL DR L,2,10,40,8,3,14,3
BS dl D R UL L DR,2,10,40,8,3,13,3
BS dl D UL L R DR,2,10,40,8,3,13,4
BS dl D UL R DR L,2,10,40,8,3,14,3
BS dl D UL R L DR,2,10,40,8,3,17,4
BS dl L R D DR UL,2,10,40,8,3,13,4
BS dl L R D UL DR,2,10,40,8,3,15,4
BS dl L R UL D DR,2,10,40,8,3,15,4
BS dl L UL R D DR,2,10,40,8,3,11,3
BS dl R D DR L UL,2,10,40,8,3,9,3
BS dl R D L DR UL,2,10,40,8,3,11,3
BS dl R D L UL DR,2,10,40,8,3,9,2
BS dl R L D DR UL,2,10,40,8,3,11,4
BS dl R L D UL DR,2,10,40,8,3,13,4
BS dl R L UL D DR,2,10,40,8,3,11,4
BS dl UL D L R DR,2,10,40,8,3,13,4
BS dl UL D R DR L,2,10,40,8,3,12,3
BS dl UL D R L DR,2,10,40,8,3,15,4
BS dl UL L D R DR,2,10,40,8,3,9,2
BS L dl R D DR UL,2,10,40,8,3,11,3
BS L dl R D UL DR,2,10,40,8,3,13,3
BS L dl R UL D DR,2,10,40,8,3,13,3
BS L dl UL R D DR,2,10,40,8,3,13,3
BS L R D dl DR UL,2,10,40,8,3,15,4
BS L R D dl UL DR,2,10,40,8,3,15,4
BS L R D DR dl UL,2,10,40,8,3,13,4
BS L R D UL dl DR,2,10,40,8,3,15,4
BS L R dl D DR UL,2,10,40,8,3,13,4
BS L R dl D UL DR,2,10,40,8,3,15,4
BS L R dl UL D DR,2,10,40,8,3,13,4
BS L R UL D dl DR,2,10,40,8,3,17,4
BS L R UL dl D DR,2,10,40,8,3,15,4
BS L UL dl R D DR,2,10,40,8,3,9,2
BS L UL R D dl DR,2,10,40,8,3,13,3
BS L UL R dl D DR,2,10,40,8,3,11,3
BS R D dl DR L UL,2,10,40,8,3,13,3
BS R D dl L DR UL,2,10,40,8,3,15,3
BS R D dl L UL DR,2,10,40,8,3,13,3
BS R D DR dl L UL,2,10,40,8,3,11,3
BS R D DR L dl UL,2,10,40,8,3,13,3
BS R D L dl DR UL,2,10,40,8,3,13,3
BS R D L dl UL DR,2,10,40,8,3,13,3
BS R D L DR dl UL,2,10,40,8,3,13,3
BS R D L UL dl DR,2,10,40,8,3,11,2
BS R dl D DR L UL,2,10,40,8,3,11,3
BS R dl D L DR UL,2,10,40,8,3,13,3
BS R dl D L UL DR,2,10,40,8,3,11,3
BS R dl L D DR UL,2,10,40,8,3,11,3
BS R dl L D UL DR,2,10,40,8,3,13,3
BS R dl L UL D DR,2,10,40,8,3,11,3
BS R L D dl DR UL,2,10,40,8,3,15,4
BS R L D dl UL DR,2,10,40,8,3,15,4
BS R L D DR dl UL,2,10,40,8,3,13,4
BS R L D UL dl DR,2,10,40,8,3,15,4
BS R L dl D DR UL,2,10,40,8,3,15,4
BS R L dl D UL DR,2,10,40,8,3,17,4
BS R L dl UL D DR,2,10,40,8,3,15,4
BS R L UL D dl DR,2,10,40,8,3,15,4
BS R L UL dl D DR,2,10,40,8,3,13,4
BS UL D dl L R DR,2,10,40,8,3,15,4
BS UL D dl R DR L,2,10,40,8,3,12,3
BS UL D dl R L DR,2,10,40,8,3,15,4
BS UL D L dl R DR,2,10,40,8,3,11,3
BS UL D L R dl DR,2,10,40,8,3,13,4
BS UL D R dl DR L,2,10,40,8,3,12,3
BS UL D R dl L DR,2,10,40,8,3,13,3
BS UL D R DR dl L,2,10,40,8,3,12,3
BS UL D R L dl DR,2,10,40,8,3,15,4
BS UL dl D L R DR,2,10,40,8,3,13,4
BS UL dl D R DR L,2,10,40,8,3,12,3
BS UL dl D R L DR,2,10,40,8,3,15,4
BS UL dl L D R DR,2,10,40,8,3,11,3
BS UL L D dl R DR,2,10,40,8,3,9,3
BS UL L D R dl DR,2,10,40,8,3,9,2
BS UL L dl D R DR,2,10,40,8,3,11,3
D BS dl R UL DR L,2,10,40,8,3,12,3
D BS dl R UL L DR,2,10,40,8,3,11,3
D BS dl UL L R DR,2,10,40,8,3,11,4
D BS dl UL R DR L,2,10,40,8,3,12,3
D BS dl UL R L DR,2,10,40,8,3,15,4
D BS R dl UL DR L,2,10,40,8,3,12,3
D BS R dl UL L DR,2,10,40,8,3,11,3
D BS R DR UL dl L,2,10,40,8,3,12,3
D BS R UL dl DR L,2,10,40,8,3,14,3
D BS R UL dl L DR,2,10,40,8,3,15,3
D BS R UL DR dl L,2,10,40,8,3,14,3
D BS R UL L dl DR,2,10,40,8,3,13,3
D BS UL dl L R DR,2,10,40,8,3,13,4
D BS UL dl R DR L,2,10,40,8,3,10,3
D BS UL dl R L DR,2,10,40,8,3,13,4
D BS UL L dl R DR,2,10,40,8,3,9,3
D BS UL L R dl DR,2,10,40,8,3,11,4
D BS UL R dl DR L,2,10,40,8,3,12,3
D BS UL R dl L DR,2,10,40,8,3,13,3
D BS UL R DR dl L,2,10,40,8,3,12,3
D BS UL R L dl DR,2,10,40,8,3,15,4
D dl BS R UL DR L,2,10,40,8,3,14,3
D dl BS R UL L DR,2,10,40,8,3,13,3
D dl BS UL L R DR,2,10,40,8,3,11,4
D dl BS UL R DR L,2,10,40,8,3,12,3
D dl BS UL R L DR,2,10,40,8,3,15,4
D dl R BS UL DR L,2,10,40,8,3,12,3
D dl R BS UL L DR,2,10,40,8,3,11,3
D dl R DR UL BS L,2,10,40,8,3,10,3
D dl R UL BS DR L,2,10,40,8,3,12,3
D dl R UL BS L DR,2,10,40,8,3,13,3
D dl R UL DR BS L,2,10,40,8,3,12,3
D dl R UL L BS DR,2,10,40,8,3,11,3
D dl UL BS L R DR,2,10,40,8,3,13,4
D dl UL BS R DR L,2,10,40,8,3,12,3
D dl UL BS R L DR,2,10,40,8,3,15,4
D dl UL L BS R DR,2,10,40,8,3,11,3
D dl UL L R BS DR,2,10,40,8,3,13,4
D dl UL R BS DR L,2,10,40,8,3,14,3
D dl UL R BS L DR,2,10,40,8,3,15,3
D dl UL R DR BS L,2,10,40,8,3,12,3
D dl UL R L BS DR,2,10,40,8,3,15,4
D R BS dl UL DR L,2,10,40,8,3,12,3
D R BS dl UL L DR,2,10,40,8,3,11,3
D R BS DR UL dl L,2,10,40,8,3,12,3
D R BS UL dl DR L,2,10,40,8,3,12,3
D R BS UL dl L DR,2,10,40,8,3,13,3
D R BS UL DR dl L,2,10,40,8,3,12,3
D R BS UL L dl DR,2,10,40,8,3,11,3
D R dl BS UL DR L,2,10,40,8,3,10,3
D R dl BS UL L DR,2,10,40,8,3,9,3
D R dl DR UL BS L,2,10,40,8,3,10,2
D R dl UL BS DR L,2,10,40,8,3,10,3
D R dl UL BS L DR,2,10,40,8,3,11,3
D R dl UL DR BS L,2,10,40,8,3,10,2
D R dl UL L BS DR,2,10,40,8,3,9,2
D R DR BS UL dl L,2,10,40,8,3,10,3
D R DR dl UL BS L,2,10,40,8,3,10,2
D R DR UL BS dl L,2,10,40,8,3,10,3
D R DR UL dl BS L,2,10,40,8,3,10,2
D R UL BS dl DR L,2,10,40,8,3,12,3
D R UL BS dl L DR,2,10,40,8,3,13,3
D R UL BS DR dl L,2,10,40,8,3,12,3
D R UL BS L dl DR,2,10,40,8,3,13,3
D R UL dl BS DR L,2,10,40,8,3,12,3
D R UL dl BS L DR,2,10,40,8,3,13,3
D R UL dl DR BS L,2,10,40,8,3,12,3
D R UL dl L BS DR,2,10,40,8,3,13,3
D R UL DR BS dl L,2,10,40,8,3,12,3
D R UL DR dl BS L,2,10,40,8,3,12,3
D R UL L BS dl DR,2,10,40,8,3,11,3
D R UL L dl BS DR,2,10,40,8,3,11,3
D UL BS dl L R DR,2,10,40,8,3,13,4
D UL BS dl R DR L,2,10,40,8,3,10,3
D UL BS dl R L DR,2,10,40,8,3,13,4
D UL BS L dl R DR,2,10,40,8,3,11,3
D UL BS L R dl DR,2,10,40,8,3,13,4
D UL BS R dl DR L,2,10,40,8,3,12,3
D UL BS R dl L DR,2,10,40,8,3,13,3
D UL BS R DR dl L,2,10,40,8,3,12,3
D UL BS R L dl DR,2,10,40,8,3,15,4
D UL dl BS L R DR,2,10,40,8,3,13,4
D UL dl BS R DR L,2,10,40,8,3,12,3
D UL dl BS R L DR,2,10,40,8,3,15,4
D UL dl L BS R DR,2,10,40,8,3,13,3
D UL dl L R BS DR,2,10,40,8,3,15,4
D UL dl R BS DR L,2,10,40,8,3,12,3
D UL dl R BS L DR,2,10,40,8,3,13,3
D UL dl R DR BS L,2,10,40,8,3,10,3
D UL dl R L BS DR,2,10,40,8,3,13,4
D UL L BS dl R DR,2,10,40,8,3,9,3
D UL L BS R dl DR,2,10,40,8,3,11,3
D UL L dl BS R DR,2,10,40,8,3,11,3
D UL L dl R BS DR,2,10,40,8,3,11,3
D UL L R BS dl DR,2,10,40,8,3,13,4
D UL L R dl BS DR,2,10,40,8,3,11,4
D UL R BS dl DR L,2,10,40,8,3,14,3
D UL R BS dl L DR,2,10,40,8,3,15,3
D UL R BS DR dl L,2,10,40,8,3,14,3
D UL R BS L dl DR,2,10,40,8,3,15,3
D UL R dl BS DR L,2,10,40,8,3,12,3
D UL R dl BS L DR,2,10,40,8,3,13,3
D UL R dl DR BS L,2,10,40,8,3,12,3
D UL R dl L BS DR,2,10,40,8,3,13,3
D UL R DR BS dl L,2,10,40,8,3,12,3
D UL R DR dl BS L,2,10,40,8,3,12,3
D UL R L BS dl DR,2,10,40,8,3,15,4
D UL R L dl BS DR,2,10,40,8,3,15,4
dl BS D R UL DR L,2,10,40,8,3,13,3
dl BS D R UL L DR,2,10,40,8,3,12,3
dl BS D UL L R DR,2,10,40,8,3,12,4
dl BS D UL R DR L,2,10,40,8,3,13,3
dl BS D UL R L DR,2,10,40,8,3,16,4
dl BS L R D DR UL,2,10,40,8,3,12,4
dl BS L R D UL DR,2,10,40,8,3,14,4
dl BS L R UL D DR,2,10,40,8,3,14,4
dl BS L UL R D DR,2,10,40,8,3,10,3
dl BS R D DR L UL,2,10,40,8,3,10,3
dl BS R D L DR UL,2,10,40,8,3,12,3
dl BS R D L UL DR,2,10,40,8,3,10,2
dl BS R L D DR UL,2,10,40,8,3,12,4
dl BS R L D UL DR,2,10,40,8,3,14,4
dl BS R L UL D DR,2,10,40,8,3,12,4
dl BS UL D L R DR,2,10,40,8,3,12,4
dl BS UL D R DR L,2,10,40,8,3,11,3
dl BS UL D R L DR,2,10,40,8,3,14,4
dl BS UL L D R DR,2,10,40,8,3,8,2
dl D BS R UL DR L,2,10,40,8,3,15,3
dl D BS R UL L DR,2,10,40,8,3,14,3
dl D BS UL L R DR,2,10,40,8,3,12,4
dl D BS UL R DR L,2,10,40,8,3,13,3
dl D BS UL R L DR,2,10,40,8,3,16,4
dl D R BS UL DR L,2,10,40,8,3,13,3
dl D R BS UL L DR,2,10,40,8,3,12,3
dl D R DR UL BS L,2,10,40,8,3,11,3
dl D R UL BS DR L,2,10,40,8,3,13,3
dl D R UL BS L DR,2,10,40,8,3,14,3
dl D R UL DR BS L,2,10,40,8,3,13,3
dl D R UL L BS DR,2,10,40,8,3,12,3
dl D UL BS L R DR,2,10,40,8,3,14,4
dl D UL BS R DR L,2,10,40,8,3,13,3
dl D UL BS R L DR,2,10,40,8,3,16,4
dl D UL L BS R DR,2,10,40,8,3,12,3
dl D UL L R BS DR,2,10,40,8,3,14,4
dl D UL R BS DR L,2,10,40,8,3,15,3
dl D UL R BS L DR,2,10,40,8,3,16,3
dl D UL R DR BS L,2,10,40,8,3,13,3
dl D UL R L BS DR,2,10,40,8,3,16,4
dl L BS R D DR UL,2,10,40,8,3,12,3
dl L BS R D UL DR,2,10,40,8,3,14,3
dl L BS R UL D DR,2,10,40,8,3,14,3
dl L BS UL R D DR,2,10,40,8,3,12,3
dl L R BS D DR UL,2,10,40,8,3,14,4
dl L R BS D UL DR,2,10,40,8,3,16,4
dl L R BS UL D DR,2,10,40,8,3,14,4
dl L R D BS DR UL,2,10,40,8,3,14,4
dl L R D BS UL DR,2,10,40,8,3,14,4
dl L R D DR BS UL,2,10,40,8,3,12,4
dl L R D UL BS DR,2,10,40,8,3,14,4
dl L R UL BS D DR,2,10,40,8,3,14,4
dl L R UL D BS DR,2,10,40,8,3,16,4
dl L UL BS R D DR,2,10,40,8,3,10,3
dl L UL R BS D DR,2,10,40,8,3,12,3
dl L UL R D BS DR,2,10,40,8,3,12,3
dl R BS D DR L UL,2,10,40,8,3,10,3
dl R BS D L DR UL,2,10,40,8,3,12,3
dl R BS D L UL DR,2,10,40,8,3,10,2
dl R BS L D DR UL,2,10,40,8,3,10,2
dl R BS L D UL DR,2,10,40,8,3,12,3
dl R BS L UL D DR,2,10,40,8,3,10,3
dl R D BS DR L UL,2,10,40,8,3,10,3
dl R D BS L DR UL,2,10,40,8,3,12,3
dl R D BS L UL DR,2,10,40,8,3,10,2
dl R D DR BS L UL,2,10,40,8,3,8,2
dl R D DR L BS UL,2,10,40,8,3,10,3
dl R D L BS DR UL,2,10,40,8,3,10,2
dl R D L BS UL DR,2,10,40,8,3,10,2
dl R D L DR BS UL,2,10,40,8,3,10,3
dl R D L UL BS DR,2,10,40,8,3,8,2
dl R L BS D DR UL,2,10,40,8,3,12,4
dl R L BS D UL DR,2,10,40,8,3,14,4
dl R L BS UL D DR,2,10,40,8,3,12,4
dl R L D BS DR UL,2,10,40,8,3,12,4
dl R L D BS UL DR,2,10,40,8,3,12,4
dl R L D DR BS UL,2,10,40,8,3,10,4
dl R L D UL BS DR,2,10,40,8,3,12,4
dl R L UL BS D DR,2,10,40,8,3,10,4
dl R L UL D BS DR,2,10,40,8,3,12,4
dl UL BS D L R DR,2,10,40,8,3,12,4
dl UL BS D R DR L,2,10,40,8,3,11,3
dl UL BS D R L DR,2,10,40,8,3,14,4
dl UL BS L D R DR,2,10,40,8,3,10,2
dl UL D BS L R DR,2,10,40,8,3,14,4
dl UL D BS R DR L,2,10,40,8,3,13,3
dl UL D BS R L DR,2,10,40,8,3,16,4
dl UL D L BS R DR,2,10,40,8,3,12,3
dl UL D L R BS DR,2,10,40,8,3,14,4
dl UL D R BS DR L,2,10,40,8,3,13,3
dl UL D R BS L DR,2,10,40,8,3,14,3
dl UL D R DR BS L,2,10,40,8,3,11,3
dl UL D R L BS DR,2,10,40,8,3,14,4
dl UL L BS D R DR,2,10,40,8,3,10,2
dl UL L D BS R DR,2,10,40,8,3,10,2
dl UL L D R BS DR,2,10,40,8,3,10,2
L BS dl R D DR UL,2,10,40,8,3,9,2
L BS dl R D UL DR,2,10,40,8,3,11,3
L BS dl R UL D DR,2,10,40,8,3,11,3
L BS dl UL R D DR,2,10,40,8,3,11,3
L BS R D dl DR UL,2,10,40,8,3,13,3
L BS R D dl UL DR,2,10,40,8,3,13,3
L BS R D DR dl UL,2,10,40,8,3,11,2
L BS R D UL dl DR,2,10,40,8,3,13,3
L BS R dl D DR UL,2,10,40,8,3,11,3
L BS R dl D UL DR,2,10,40,8,3,13,3
L BS R dl UL D DR,2,10,40,8,3,11,3
L BS R UL D dl DR,2,10,40,8,3,15,3
L BS R UL dl D DR,2,10,40,8,3,13,3
L BS UL dl R D DR,2,10,40,8,3,9,2
L BS UL R D dl DR,2,10,40,8,3,13,3
L BS UL R dl D DR,2,10,40,8,3,11,3
L dl BS R D DR UL,2,10,40,8,3,11,3
L dl BS R D UL DR,2,10,40,8,3,13,3
L dl BS R UL D DR,2,10,40,8,3,13,3
L dl BS UL R D DR,2,10,40,8,3,11,3
L dl R BS D DR UL,2,10,40,8,3,11,3
L dl R BS D UL DR,2,10,40,8,3,13,3
L dl R BS UL D DR,2,10,40,8,3,11,3
L dl R D BS DR UL,2,10,40,8,3,11,3
L dl R D BS UL DR,2,10,40,8,3,11,3
L dl R D DR BS UL,2,10,40,8,3,9,3
L dl R D UL BS DR,2,10,40,8,3,11,3
L dl R UL BS D DR,2,10,40,8,3,11,3
L dl R UL D BS DR,2,10,40,8,3,13,3
L dl UL BS R D DR,2,10,40,8,3,11,3
L dl UL R BS D DR,2,10,40,8,3,13,3
L dl UL R D BS DR,2,10,40,8,3,13,3
L R BS D dl DR UL,2,10,40,8,3,15,4
L R BS D dl UL DR,2,10,40,8,3,15,4
L R BS D DR dl UL,2,10,40,8,3,13,4
L R BS D UL dl DR,2,10,40,8,3,15,4
L R BS dl D DR UL,2,10,40,8,3,13,4
L R BS dl D UL DR,2,10,40,8,3,15,4
L R BS dl UL D DR,2,10,40,8,3,13,4
L R BS UL D dl DR,2,10,40,8,3,15,4
L R BS UL dl D DR,2,10,40,8,3,13,4
L R D BS dl DR UL,2,10,40,8,3,13,4
L R D BS dl UL DR,2,10,40,8,3,13,4
L R D BS DR dl UL,2,10,40,8,3,13,4
L R D BS UL dl DR,2,10,40,8,3,13,4
L R D dl BS DR UL,2,10,40,8,3,13,4
L R D dl BS UL DR,2,10,40,8,3,13,4
L R D dl DR BS UL,2,10,40,8,3,13,4
L R D dl UL BS DR,2,10,40,8,3,13,4
L R D DR BS dl UL,2,10,40,8,3,11,4
L R D DR dl BS UL,2,10,40,8,3,11,4
L R D UL BS dl DR,2,10,40,8,3,13,4
L R D UL dl BS DR,2,10,40,8,3,13,4
L R dl BS D DR UL,2,10,40,8,3,11,4
L R dl BS D UL DR,2,10,40,8,3,13,4
L R dl BS UL D DR,2,10,40,8,3,11,4
L R dl D BS DR UL,2,10,40,8,3,13,4
L R dl D BS UL DR,2,10,40,8,3,13,4
L R dl D DR BS UL,2,10,40,8,3,11,4
L R dl D UL BS DR,2,10,40,8,3,13,4
L R dl UL BS D DR,2,10,40,8,3,11,4
L R dl UL D BS DR,2,10,40,8,3,13,4
L R UL BS D dl DR,2,10,40,8,3,15,4
L R UL BS dl D DR,2,10,40,8,3,13,4
L R UL D BS dl DR,2,10,40,8,3,15,4
L R UL D dl BS DR,2,10,40,8,3,15,4
L R UL dl BS D DR,2,10,40,8,3,13,4
L R UL dl D BS DR,2,10,40,8,3,15,4
L UL BS dl R D DR,2,10,40,8,3,7,2
L UL BS R D dl DR,2,10,40,8,3,11,3
L UL BS R dl D DR,2,10,40,8,3,9,3
L UL dl BS R D DR,2,10,40,8,3,9,2
L UL dl R BS D DR,2,10,40,8,3,9,2
L UL dl R D BS DR,2,10,40,8,3,9,2
L UL R BS D dl DR,2,10,40,8,3,13,3
L UL R BS dl D DR,2,10,40,8,3,11,3
L UL R D BS dl DR,2,10,40,8,3,11,3
L UL R D dl BS DR,2,10,40,8,3,11,3
L UL R dl BS D DR,2,10,40,8,3,9,3
L UL R dl D BS DR,2,10,40,8,3,11,3
R BS D dl DR L UL,2,10,40,8,3,13,3
R BS D dl L DR UL,2,10,40,8,3,15,3
R BS D dl L UL DR,2,10,40,8,3,13,3
R BS D DR dl L UL,2,10,40,8,3,11,3
R BS D DR L dl UL,2,10,40,8,3,13,3
R BS D L dl DR UL,2,10,40,8,3,13,3
R BS D L dl UL DR,2,10,40,8,3,13,3
R BS D L DR dl UL,2,10,40,8,3,13,3
R BS D L UL dl DR,2,10,40,8,3,11,2
R BS dl D DR L UL,2,10,40,8,3,11,3
R BS dl D L DR UL,2,10,40,8,3,13,3
R BS dl D L UL DR,2,10,40,8,3,11,3
R BS dl L D DR UL,2,10,40,8,3,11,3
R BS dl L D UL DR,2,10,40,8,3,13,3
R BS dl L UL D DR,2,10,40,8,3,11,3
R BS L D dl DR UL,2,10,40,8,3,13,3
R BS L D dl UL DR,2,10,40,8,3,13,3
R BS L D DR dl UL,2,10,40,8,3,11,2
R BS L D UL dl DR,2,10,40,8,3,13,3
R BS L dl D DR UL,2,10,40,8,3,13,3
R BS L dl D UL DR,2,10,40,8,3,15,3
R BS L dl UL D DR,2,10,40,8,3,13,3
R BS L UL D dl DR,2,10,40,8,3,13,3
R BS L UL dl D DR,2,10,40,8,3,11,3
R D BS dl DR L UL,2,10,40,8,3,11,3
R D BS dl L DR UL,2,10,40,8,3,13,3
R D BS dl L UL DR,2,10,40,8,3,11,3
R D BS DR dl L UL,2,10,40,8,3,11,3
R D BS DR L dl UL,2,10,40,8,3,13,3
R D BS L dl DR UL,2,10,40,8,3,13,3
R D BS L dl UL DR,2,10,40,8,3,13,3
R D BS L DR dl UL,2,10,40,8,3,13,3
R D BS L UL dl DR,2,10,40,8,3,11,2
R D dl BS DR L UL,2,10,40,8,3,11,3
R D dl BS L DR UL,2,10,40,8,3,13,3
R D dl BS L UL DR,2,10,40,8,3,11,3
R D dl DR BS L UL,2,10,40,8,3,11,3
R D dl DR L BS UL,2,10,40,8,3,13,3
R D dl L BS DR UL,2,10,40,8,3,13,3
R D dl L BS UL DR,2,10,40,8,3,13,3
R D dl L DR BS UL,2,10,40,8,3,13,3
R D dl L UL BS DR,2,10,40,8,3,11,3
R D DR BS dl L UL,2,10,40,8,3,9,3
R D DR BS L dl UL,2,10,40,8,3,11,3
R D DR dl BS L UL,2,10,40,8,3,9,2
R D DR dl L BS UL,2,10,40,8,3,11,3
R D DR L BS dl UL,2,10,40,8,3,11,3
R D DR L dl BS UL,2,10,40,8,3,11,3
R D L BS dl DR UL,2,10,40,8,3,11,2
R D L BS dl UL DR,2,10,40,8,3,11,2
R D L BS DR dl UL,2,10,40,8,3,11,2
R D L BS UL dl DR,2,10,40,8,3,11,2
R D L dl BS DR UL,2,10,40,8,3,11,3
R D L dl BS UL DR,2,10,40,8,3,11,3
R D L dl DR BS UL,2,10,40,8,3,11,3
R D L dl UL BS DR,2,10,40,8,3,11,3
R D L DR BS dl UL,2,10,40,8,3,11,3
R D L DR dl BS UL,2,10,40,8,3,11,3
R D L UL BS dl DR,2,10,40,8,3,9,2
R D L UL dl BS DR,2,10,40,8,3,9,2
R dl BS D DR L UL,2,10,40,8,3,9,3
R dl BS D L DR UL,2,10,40,8,3,11,3
R dl BS D L UL DR,2,10,40,8,3,9,2
R dl BS L D DR UL,2,10,40,8,3,9,2
R dl BS L D UL DR,2,10,40,8,3,11,3
R dl BS L UL D DR,2,10,40,8,3,9,3
R dl D BS DR L UL,2,10,40,8,3,11,3
R dl D BS L DR UL,2,10,40,8,3,13,3
R dl D BS L UL DR,2,10,40,8,3,11,3
R dl D DR BS L UL,2,10,40,8,3,9,3
R dl D DR L BS UL,2,10,40,8,3,11,3
R dl D L BS DR UL,2,10,40,8,3,11,3
R dl D L BS UL DR,2,10,40,8,3,11,3
R dl D L DR BS UL,2,10,40,8,3,11,3
R dl D L UL BS DR,2,10,40,8,3,9,3
R dl L BS D DR UL,2,10,40,8,3,11,3
R dl L BS D UL DR,2,10,40,8,3,13,3
R dl L BS UL D DR,2,10,40,8,3,11,3
R dl L D BS DR UL,2,10,40,8,3,11,3
R dl L D BS UL DR,2,10,40,8,3,11,3
R dl L D DR BS UL,2,10,40,8,3,9,3
R dl L D UL BS DR,2,10,40,8,3,11,3
R dl L UL BS D DR,2,10,40,8,3,9,3
R dl L UL D BS DR,2,10,40,8,3,11,3
R L BS D dl DR UL,2,10,40,8,3,15,4
R L BS D dl UL DR,2,10,40,8,3,15,4
R L BS D DR dl UL,2,10,40,8,3,13,4
R L BS D UL dl DR,2,10,40,8,3,15,4
R L BS dl D DR UL,2,10,40,8,3,13,4
R L BS dl D UL DR,2,10,40,8,3,15,4
R L BS dl UL D DR,2,10,40,8,3,13,4
R L BS UL D dl DR,2,10,40,8,3,15,4
R L BS UL dl D DR,2,10,40,8,3,13,4
R L D BS dl DR UL,2,10,40,8,3,13,4
R L D BS dl UL DR,2,10,40,8,3,13,4
R L D BS DR dl UL,2,10,40,8,3,13,4
R L D BS UL dl DR,2,10,40,8,3,13,4
R L D dl BS DR UL,2,10,40,8,3,13,4
R L D dl BS UL DR,2,10,40,8,3,13,4
R L D dl DR BS UL,2,10,40,8,3,13,4
R L D dl UL BS DR,2,10,40,8,3,13,4
R L D DR BS dl UL,2,10,40,8,3,11,4
R L D DR dl BS UL,2,10,40,8,3,11,4
R L D UL BS dl DR,2,10,40,8,3,13,4
R L D UL dl BS DR,2,10,40,8,3,13,4
R L dl BS D DR UL,2,10,40,8,3,13,4
R L dl BS D UL DR,2,10,40,8,3,15,4
R L dl BS UL D DR,2,10,40,8,3,13,4
R L dl D BS DR UL,2,10,40,8,3,15,4
R L dl D BS UL DR,2,10,40,8,3,15,4
R L dl D DR BS UL,2,10,40,8,3,13,4
R L dl D UL BS DR,2,10,40,8,3,15,4
R L dl UL BS D DR,2,10,40,8,3,13,4
R L dl UL D BS DR,2,10,40,8,3,15,4
R L UL BS D dl DR,2,10,40,8,3,13,4
R L UL BS dl D DR,2,10,40,8,3,11,4
R L UL D BS dl DR,2,10,40,8,3,13,4
R L UL D dl BS DR,2,10,40,8,3,13,4
R L UL dl BS D DR,2,10,40,8,3,11,4
R L UL dl D BS DR,2,10,40,8,3,13,4
UL BS D dl L R DR,2,10,40,8,3,14,4
UL BS D dl R DR L,2,10,40,8,3,11,3
UL BS D dl R L DR,2,10,40,8,3,14,4
UL BS D L dl R DR,2,10,40,8,3,10,3
UL BS D L R dl DR,2,10,40,8,3,12,4
UL BS D R dl DR L,2,10,40,8,3,11,3
UL BS D R dl L DR,2,10,40,8,3,12,3
UL BS D R DR dl L,2,10,40,8,3,11,3
UL BS D R L dl DR,2,10,40,8,3,14,4
UL BS dl D L R DR,2,10,40,8,3,12,4
UL BS dl D R DR L,2,10,40,8,3,11,3
UL BS dl D R L DR,2,10,40,8,3,14,4
UL BS dl L D R DR,2,10,40,8,3,10,3
UL BS L D dl R DR,2,10,40,8,3,10,3
UL BS L D R dl DR,2,10,40,8,3,10,2
UL BS L dl D R DR,2,10,40,8,3,12,3
UL D BS dl L R DR,2,10,40,8,3,14,4
UL D BS dl R DR L,2,10,40,8,3,11,3
UL D BS dl R L DR,2,10,40,8,3,14,4
UL D BS L dl R DR,2,10,40,8,3,12,3
UL D BS L R dl DR,2,10,40,8,3,14,4
UL D BS R dl DR L,2,10,40,8,3,13,3
UL D BS R dl L DR,2,10,40,8,3,14,3
UL D BS R DR dl L,2,10,40,8,3,13,3
UL D BS R L dl DR,2,10,40,8,3,16,4
UL D dl BS L R DR,2,10,40,8,3,14,4
UL D dl BS R DR L,2,10,40,8,3,13,3
UL D dl BS R L DR,2,10,40,8,3,16,4
UL D dl L BS R DR,2,10,40,8,3,14,3
UL D dl L R BS DR,2,10,40,8,3,16,4
UL D dl R BS DR L,2,10,40,8,3,13,3
UL D dl R BS L DR,2,10,40,8,3,14,3
UL D dl R DR BS L,2,10,40,8,3,11,3
UL D dl R L BS DR,2,10,40,8,3,14,4
UL D L BS dl R DR,2,10,40,8,3,10,3
UL D L BS R dl DR,2,10,40,8,3,12,3
UL D L dl BS R DR,2,10,40,8,3,12,3
UL D L dl R BS DR,2,10,40,8,3,12,3
UL D L R BS dl DR,2,10,40,8,3,14,4
UL D L R dl BS DR,2,10,40,8,3,12,4
UL D R BS dl DR L,2,10,40,8,3,13,3
UL D R BS dl L DR,2,10,40,8,3,14,3
UL D R BS DR dl L,2,10,40,8,3,13,3
UL D R BS L dl DR,2,10,40,8,3,14,3
UL D R dl BS DR L,2,10,40,8,3,11,3
UL D R dl BS L DR,2,10,40,8,3,12,3
UL D R dl DR BS L,2,10,40,8,3,11,3
UL D R dl L BS DR,2,10,40,8,3,12,3
UL D R DR BS dl L,2,10,40,8,3,11,3
UL D R DR dl BS L,2,10,40,8,3,11,3
UL D R L BS dl DR,2,10,40,8,3,14,4
UL D R L dl BS DR,2,10,40,8,3,14,4
UL dl BS D L R DR,2,10,40,8,3,12,4
UL dl BS D R DR L,2,10,40,8,3,11,3
UL dl BS D R L DR,2,10,40,8,3,14,4
UL dl BS L D R DR,2,10,40,8,3,10,2
UL dl D BS L R DR,2,10,40,8,3,14,4
UL dl D BS R DR L,2,10,40,8,3,13,3
UL dl D BS R L DR,2,10,40,8,3,16,4
UL dl D L BS R DR,2,10,40,8,3,12,3
UL dl D L R BS DR,2,10,40,8,3,14,4
UL dl D R BS DR L,2,10,40,8,3,13,3
UL dl D R BS L DR,2,10,40,8,3,14,3
UL dl D R DR BS L,2,10,40,8,3,11,3
UL dl D R L BS DR,2,10,40,8,3,14,4
UL dl L BS D R DR,2,10,40,8,3,12,3
UL dl L D BS R DR,2,10,40,8,3,12,3
UL dl L D R BS DR,2,10,40,8,3,12,3
UL L BS D dl R DR,2,10,40,8,3,10,3
UL L BS D R dl DR,2,10,40,8,3,10,2
UL L BS dl D R DR,2,10,40,8,3,10,3
UL L D BS dl R DR,2,10,40,8,3,8,2
UL L D BS R dl DR,2,10,40,8,3,10,2
UL L D dl BS R DR,2,10,40,8,3,10,3
UL L D dl R BS DR,2,10,40,8,3,10,3
UL L D R BS dl DR,2,10,40,8,3,10,2
UL L D R dl BS DR,2,10,40,8,3,8,2
UL L dl BS D R DR,2,10,40,8,3,10,3
UL L dl D BS R DR,2,10,40,8,3,12,3
UL L dl D R BS DR,2,10,40,8,3,12,3
BS D dl DR R UL L,2,10,42,7,3,12,3
BS D DR dl R UL L,2,10,42,7,3,10,3
BS D DR R dl UL L,2,10,42,7,3,8,2
BS dl D DR R UL L,2,10,42,7,3,10,3
D BS dl DR R UL L,2,10,42,7,3,10,3
D BS DR dl R UL L,2,10,42,7,3,10,3
D BS DR R dl UL L,2,10,42,7,3,8,2
D dl BS DR R UL L,2,10,42,7,3,10,3
D dl DR BS R UL L,2,10,42,7,3,12,3
D dl DR R BS UL L,2,10,42,7,3,10,3
D DR BS dl R UL L,2,10,42,7,3,8,3
D DR BS R dl UL L,2,10,42,7,3,8,2
D DR dl BS R UL L,2,10,42,7,3,10,3
D DR dl R BS UL L,2,10,42,7,3,8,2
D DR R BS dl UL L,2,10,42,7,3,8,2
D DR R dl BS UL L,2,10,42,7,3,6,1
dl BS D DR R UL L,2,10,42,7,3,9,3
dl D BS DR R UL L,2,10,42,7,3,11,3
dl D DR BS R UL L,2,10,42,7,3,11,3
dl D DR R BS UL L,2,10,42,7,3,9,3
BS dl R D UL DR L,2,10,42,8,3,12,3
BS dl R D UL L DR,2,10,42,8,3,11,3
BS dl R UL D DR L,2,10,42,8,3,12,3
BS dl R UL D L DR,2,10,42,8,3,13,3
BS dl R UL L D DR,2,10,42,8,3,9,3
BS dl UL L R D DR,2,10,42,8,3,11,4
BS dl UL R D DR L,2,10,42,8,3,12,3
BS dl UL R D L DR,2,10,42,8,3,13,3
BS dl UL R L D DR,2,10,42,8,3,13,4
BS R D dl UL DR L,2,10,42,8,3,14,3
BS R D dl UL L DR,2,10,42,8,3,13,3
BS R D DR UL dl L,2,10,42,8,3,12,3
BS R D UL dl DR L,2,10,42,8,3,14,3
BS R D UL dl L DR,2,10,42,8,3,15,3
BS R D UL DR dl L,2,10,42,8,3,14,3
BS R D UL L dl DR,2,10,42,8,3,13,3
BS R dl D UL DR L,2,10,42,8,3,14,3
BS R dl D UL L DR,2,10,42,8,3,13,3
BS R dl UL D DR L,2,10,42,8,3,12,3
BS R dl UL D L DR,2,10,42,8,3,13,3
BS R dl UL L D DR,2,10,42,8,3,9,2
BS R UL D dl DR L,2,10,42,8,3,16,3
BS R UL D dl L DR,2,10,42,8,3,17,3
BS R UL D DR dl L,2,10,42,8,3,14,3
BS R UL D L dl DR,2,10,42,8,3,15,3
BS R UL dl D DR L,2,10,42,8,3,14,3
BS R UL dl D L DR,2,10,42,8,3,15,3
BS R UL dl L D DR,2,10,42,8,3,13,3
BS R UL L D dl DR,2,10,42,8,3,13,3
BS R UL L dl D DR,2,10,42,8,3,13,3
BS UL dl L R D DR,2,10,42,8,3,13,4
BS UL dl R D DR L,2,10,42,8,3,10,3
BS UL dl R D L DR,2,10,42,8,3,11,3
BS UL dl R L D DR,2,10,42,8,3,11,4
BS UL L dl R D DR,2,10,42,8,3,9,3
BS UL L R D dl DR,2,10,42,8,3,13,4
BS UL L R dl D DR,2,10,42,8,3,11,4
BS UL R D dl DR L,2,10,42,8,3,14,3
BS UL R D dl L DR,2,10,42,8,3,15,3
BS UL R D DR dl L,2,10,42,8,3,12,3
BS UL R D L dl DR,2,10,42,8,3,13,3
BS UL R dl D DR L,2,10,42,8,3,12,3
BS UL R dl D L DR,2,10,42,8,3,13,3
BS UL R dl L D DR,2,10,42,8,3,11,3
BS UL R L D dl DR,2,10,42,8,3,15,4
BS UL R L dl D DR,2,10,42,8,3,15,4
dl BS R D UL DR L,2,10,42,8,3,13,3
dl BS R D UL L DR,2,10,42,8,3,12,3
dl BS R UL D DR L,2,10,42,8,3,13,3
dl BS R UL D L DR,2,10,42,8,3,14,3
dl BS R UL L D DR,2,10,42,8,3,10,3
dl BS UL L R D DR,2,10,42,8,3,10,4
dl BS UL R D DR L,2,10,42,8,3,11,3
dl BS UL R D L DR,2,10,42,8,3,12,3
dl BS UL R L D DR,2,10,42,8,3,12,4
dl R BS D UL DR L,2,10,42,8,3,13,3
dl R BS D UL L DR,2,10,42,8,3,12,3
dl R BS UL D DR L,2,10,42,8,3,11,3
dl R BS UL D L DR,2,10,42,8,3,12,3
dl R BS UL L D DR,2,10,42,8,3,8,2
dl R D BS UL DR L,2,10,42,8,3,11,3
dl R D BS UL L DR,2,10,42,8,3,10,3
dl R D DR UL BS L,2,10,42,8,3,9,2
dl R D UL BS DR L,2,10,42,8,3,11,3
dl R D UL BS L DR,2,10,42,8,3,12,3
dl R D UL DR BS L,2,10,42,8,3,11,3
dl R D UL L BS DR,2,10,42,8,3,10,3
dl R UL BS D DR L,2,10,42,8,3,11,3
dl R UL BS D L DR,2,10,42,8,3,12,3
dl R UL BS L D DR,2,10,42,8,3,10,3
dl R UL D BS DR L,2,10,42,8,3,13,3
dl R UL D BS L DR,2,10,42,8,3,14,3
dl R UL D DR BS L,2,10,42,8,3,11,3
dl R UL D L BS DR,2,10,42,8,3,12,3
dl R UL L BS D DR,2,10,42,8,3,10,3
dl R UL L D BS DR,2,10,42,8,3,10,3
dl UL BS L R D DR,2,10,42,8,3,12,4
dl UL BS R D DR L,2,10,42,8,3,11,3
dl UL BS R D L DR,2,10,42,8,3,12,3
dl UL BS R L D DR,2,10,42,8,3,12,4
dl UL L BS R D DR,2,10,42,8,3,10,2
dl UL L R BS D DR,2,10,42,8,3,12,4
dl UL L R D BS DR,2,10,42,8,3,12,4
dl UL R BS D DR L,2,10,42,8,3,13,3
dl UL R BS D L DR,2,10,42,8,3,14,3
dl UL R BS L D DR,2,10,42,8,3,12,3
dl UL R D BS DR L,2,10,42,8,3,13,3
dl UL R D BS L DR,2,10,42,8,3,14,3
dl UL R D DR BS L,2,10,42,8,3,11,3
dl UL R D L BS DR,2,10,42,8,3,12,3
dl UL R L BS D DR,2,10,42,8,3,14,4
dl UL R L D BS DR,2,10,42,8,3,14,4
R BS D dl UL DR L,2,10,42,8,3,14,3
R BS D dl UL L DR,2,10,42,8,3,13,3
R BS D DR UL dl L,2,10,42,8,3,12,3
R BS D UL dl DR L,2,10,42,8,3,14,3
R BS D UL dl L DR,2,10,42,8,3,15,3
R BS D UL DR dl L,2,10,42,8,3,14,3
R BS D UL L dl DR,2,10,42,8,3,13,3
R BS dl D UL DR L,2,10,42,8,3,14,3
R BS dl D UL L DR,2,10,42,8,3,13,3
R BS dl UL D DR L,2,10,42,8,3,12,3
R BS dl UL D L DR,2,10,42,8,3,13,3
R BS dl UL L D DR,2,10,42,8,3,9,2
R BS UL D dl DR L,2,10,42,8,3,14,3
R BS UL D dl L DR,2,10,42,8,3,15,3
R BS UL D DR dl L,2,10,42,8,3,12,3
R BS UL D L dl DR,2,10,42,8,3,13,3
R BS UL dl D DR L,2,10,42,8,3,12,3
R BS UL dl D L DR,2,10,42,8,3,13,3
R BS UL dl L D DR,2,10,42,8,3,11,3
R BS UL L D dl DR,2,10,42,8,3,11,3
R BS UL L dl D DR,2,10,42,8,3,11,3
R D BS dl UL DR L,2,10,42,8,3,12,3
R D BS dl UL L DR,2,10,42,8,3,11,3
R D BS DR UL dl L,2,10,42,8,3,12,3
R D BS UL dl DR L,2,10,42,8,3,12,3
R D BS UL dl L DR,2,10,42,8,3,13,3
R D BS UL DR dl L,2,10,42,8,3,12,3
R D BS UL L dl DR,2,10,42,8,3,11,3
R D dl BS UL DR L,2,10,42,8,3,12,3
R D dl BS UL L DR,2,10,42,8,3,11,3
R D dl DR UL BS L,2,10,42,8,3,12,3
R D dl UL BS DR L,2,10,42,8,3,12,3
R D dl UL BS L DR,2,10,42,8,3,13,3
R D dl UL DR BS L,2,10,42,8,3,12,3
R D dl UL L BS DR,2,10,42,8,3,11,3
R D DR BS UL dl L,2,10,42,8,3,10,3
R D DR dl UL BS L,2,10,42,8,3,10,2
R D DR UL BS dl L,2,10,42,8,3,10,3
R D DR UL dl BS L,2,10,42,8,3,10,2
R D UL BS dl DR L,2,10,42,8,3,12,3
R D UL BS dl L DR,2,10,42,8,3,13,3
R D UL BS DR dl L,2,10,42,8,3,12,3
R D UL BS L dl DR,2,10,42,8,3,13,3
R D UL dl BS DR L,2,10,42,8,3,12,3
R D UL dl BS L DR,2,10,42,8,3,13,3
R D UL dl DR BS L,2,10,42,8,3,12,3
R D UL dl L BS DR,2,10,42,8,3,13,3
R D UL DR BS dl L,2,10,42,8,3,12,3
R D UL DR dl BS L,2,10,42,8,3,12,3
R D UL L BS dl DR,2,10,42,8,3,11,3
R D UL L dl BS DR,2,10,42,8,3,11,3
R dl BS D UL DR L,2,10,42,8,3,12,3
R dl BS D UL L DR,2,10,42,8,3,11,3
R dl BS UL D DR L,2,10,42,8,3,10,3
R dl BS UL D L DR,2,10,42,8,3,11,3
R dl BS UL L D DR,2,10,42,8,3,7,2
R dl D BS UL DR L,2,10,42,8,3,12,3
R dl D BS UL L DR,2,10,42,8,3,11,3
R dl D DR UL BS L,2,10,42,8,3,10,3
R dl D UL BS DR L,2,10,42,8,3,12,3
R dl D UL BS L DR,2,10,42,8,3,13,3
R dl D UL DR BS L,2,10,42,8,3,12,3
R dl D UL L BS DR,2,10,42,8,3,11,3
R dl UL BS D DR L,2,10,42,8,3,10,3
R dl UL BS D L DR,2,10,42,8,3,11,3
R dl UL BS L D DR,2,10,42,8,3,9,2
R dl UL D BS DR L,2,10,42,8,3,12,3
R dl UL D BS L DR,2,10,42,8,3,13,3
R dl UL D DR BS L,2,10,42,8,3,10,3
R dl UL D L BS DR,2,10,42,8,3,11,3
R dl UL L BS D DR,2,10,42,8,3,9,2
R dl UL L D BS DR,2,10,42,8,3,9,2
R UL BS D dl DR L,2,10,42,8,3,14,3
R UL BS D dl L DR,2,10,42,8,3,15,3
R UL BS D DR dl L,2,10,42,8,3,12,3
R UL BS D L dl DR,2,10,42,8,3,13,3
R UL BS dl D DR L,2,10,42,8,3,12,3
R UL BS dl D L DR,2,10,42,8,3,13,3
R UL BS dl L D DR,2,10,42,8,3,11,3
R UL BS L D dl DR,2,10,42,8,3,13,3
R UL BS L dl D DR,2,10,42,8,3,13,3
R UL D BS dl DR L,2,10,42,8,3,14,3
R UL D BS dl L DR,2,10,42,8,3,15,3
R UL D BS DR dl L,2,10,42,8,3,14,3
R UL D BS L dl DR,2,10,42,8,3,15,3
R UL D dl BS DR L,2,10,42,8,3,14,3
R UL D dl BS L DR,2,10,42,8,3,15,3
R UL D dl DR BS L,2,10,42,8,3,14,3
R UL D dl L BS DR,2,10,42,8,3,15,3
R UL D DR BS dl L,2,10,42,8,3,12,3
R UL D DR dl BS L,2,10,42,8,3,12,3
R UL D L BS dl DR,2,10,42,8,3,13,3
R UL D L dl BS DR,2,10,42,8,3,13,3
R UL dl BS D DR L,2,10,42,8,3,12,3
R UL dl BS D L DR,2,10,42,8,3,13,3
R UL dl BS L D DR,2,10,42,8,3,11,3
R UL dl D BS DR L,2,10,42,8,3,14,3
R UL dl D BS L DR,2,10,42,8,3,15,3
R UL dl D DR BS L,2,10,42,8,3,12,3
R UL dl D L BS DR,2,10,42,8,3,13,3
R UL dl L BS D DR,2,10,42,8,3,13,3
R UL dl L D BS DR,2,10,42,8,3,13,3
R UL L BS D dl DR,2,10,42,8,3,13,3
R UL L BS dl D DR,2,10,42,8,3,11,3
R UL L D BS dl DR,2,10,42,8,3,11,3
R UL L D dl BS DR,2,10,42,8,3,11,3
R UL L dl BS D DR,2,10,42,8,3,11,3
R UL L dl D BS DR,2,10,42,8,3,13,3
UL BS dl L R D DR,2,10,42,8,3,12,4
UL BS dl R D DR L,2,10,42,8,3,9,3
UL BS dl R D L DR,2,10,42,8,3,10,3
UL BS dl R L D DR,2,10,42,8,3,10,4
UL BS L dl R D DR,2,10,42,8,3,10,3
UL BS L R D dl DR,2,10,42,8,3,14,4
UL BS L R dl D DR,2,10,42,8,3,12,4
UL BS R D dl DR L,2,10,42,8,3,13,3
UL BS R D dl L DR,2,10,42,8,3,14,3
UL BS R D DR dl L,2,10,42,8,3,11,3
UL BS R D L dl DR,2,10,42,8,3,12,3
UL BS R dl D DR L,2,10,42,8,3,11,3
UL BS R dl D L DR,2,10,42,8,3,12,3
UL BS R dl L D DR,2,10,42,8,3,10,3
UL BS R L D dl DR,2,10,42,8,3,14,4
UL BS R L dl D DR,2,10,42,8,3,14,4
UL dl BS L R D DR,2,10,42,8,3,12,4
UL dl BS R D DR L,2,10,42,8,3,11,3
UL dl BS R D L DR,2,10,42,8,3,12,3
UL dl BS R L D DR,2,10,42,8,3,12,4
UL dl L BS R D DR,2,10,42,8,3,12,3
UL dl L R BS D DR,2,10,42,8,3,14,4
UL dl L R D BS DR,2,10,42,8,3,14,4
UL dl R BS D DR L,2,10,42,8,3,11,3
UL dl R BS D L DR,2,10,42,8,3,12,3
UL dl R BS L D DR,2,10,42,8,3,10,2
UL dl R D BS DR L,2,10,42,8,3,11,3
UL dl R D BS L DR,2,10,42,8,3,12,3
UL dl R D DR BS L,2,10,42,8,3,9,2
UL dl R D L BS DR,2,10,42,8,3,10,2
UL dl R L BS D DR,2,10,42,8,3,12,4
UL dl R L D BS DR,2,10,42,8,3,12,4
UL L BS dl R D DR,2,10,42,8,3,8,2
UL L BS R D dl DR,2,10,42,8,3,12,3
UL L BS R dl D DR,2,10,42,8,3,10,3
UL L dl BS R D DR,2,10,42,8,3,10,3
UL L dl R BS D DR,2,10,42,8,3,10,3
UL L dl R D BS DR,2,10,42,8,3,10,3
UL L R BS D dl DR,2,10,42,8,3,14,4
UL L R BS dl D DR,2,10,42,8,3,12,4
UL L R D BS dl DR,2,10,42,8,3,12,4
UL L R D dl BS DR,2,10,42,8,3,12,4
UL L R dl BS D DR,2,10,42,8,3,10,4
UL L R dl D BS DR,2,10,42,8,3,12,4
UL R BS D dl DR L,2,10,42,8,3,15,3
UL R BS D dl L DR,2,10,42,8,3,16,3
UL R BS D DR dl L,2,10,42,8,3,13,3
UL R BS D L dl DR,2,10,42,8,3,14,3
UL R BS dl D DR L,2,10,42,8,3,13,3
UL R BS dl D L DR,2,10,42,8,3,14,3
UL R BS dl L D DR,2,10,42,8,3,12,3
UL R BS L D dl DR,2,10,42,8,3,14,3
UL R BS L dl D DR,2,10,42,8,3,14,3
UL R D BS dl DR L,2,10,42,8,3,13,3
UL R D BS dl L DR,2,10,42,8,3,14,3
UL R D BS DR dl L,2,10,42,8,3,13,3
UL R D BS L dl DR,2,10,42,8,3,14,3
UL R D dl BS DR L,2,10,42,8,3,13,3
UL R D dl BS L DR,2,10,42,8,3,14,3
UL R D dl DR BS L,2,10,42,8,3,13,3
UL R D dl L BS DR,2,10,42,8,3,14,3
UL R D DR BS dl L,2,10,42,8,3,11,3
UL R D DR dl BS L,2,10,42,8,3,11,3
UL R D L BS dl DR,2,10,42,8,3,12,3
UL R D L dl BS DR,2,10,42,8,3,12,3
UL R dl BS D DR L,2,10,42,8,3,11,3
UL R dl BS D L DR,2,10,42,8,3,12,3
UL R dl BS L D DR,2,10,42,8,3,10,3
UL R dl D BS DR L,2,10,42,8,3,13,3
UL R dl D BS L DR,2,10,42,8,3,14,3
UL R dl D DR BS L,2,10,42,8,3,11,3
UL R dl D L BS DR,2,10,42,8,3,12,3
UL R dl L BS D DR,2,10,42,8,3,12,3
UL R dl L D BS DR,2,10,42,8,3,12,3
UL R L BS D dl DR,2,10,42,8,3,16,4
UL R L BS dl D DR,2,10,42,8,3,14,4
UL R L D BS dl DR,2,10,42,8,3,14,4
UL R L D dl BS DR,2,10,42,8,3,14,4
UL R L dl BS D DR,2,10,42,8,3,14,4
UL R L dl D BS DR,2,10,42,8,3,16,4
BS dl DR D R UL L,2,10,44,7,3,10,3
BS dl DR L UL D R,2,10,44,7,3,12,3
BS dl DR L UL R D,2,10,44,7,3,12,3
BS dl DR R D UL L,2,10,44,7,3,10,3
BS dl DR R UL D L,2,10,44,7,3,12,3
BS dl DR R UL L D,2,10,44,7,3,10,3
BS dl L DR UL D R,2,10,44,7,3,14,3
BS dl L DR UL R D,2,10,44,7,3,14,3
BS dl L UL DR D R,2,10,44,7,3,10,3
BS dl L UL DR R D,2,10,44,7,3,10,3
BS dl R DR D UL L,2,10,44,7,3,8,3
BS dl R DR UL D L,2,10,44,7,3,10,3
BS dl R DR UL L D,2,10,44,7,3,8,2
BS DR D dl R UL L,2,10,44,7,3,10,3
BS DR D R dl UL L,2,10,44,7,3,8,2
BS DR dl D R UL L,2,10,44,7,3,12,3
BS DR dl L UL D R,2,10,44,7,3,12,3
BS DR dl L UL R D,2,10,44,7,3,12,3
BS DR dl R D UL L,2,10,44,7,3,10,3
BS DR dl R UL D L,2,10,44,7,3,12,3
BS DR dl R UL L D,2,10,44,7,3,10,3
BS DR L dl UL D R,2,10,44,7,3,14,3
BS DR L dl UL R D,2,10,44,7,3,14,3
BS DR L UL D dl R,2,10,44,7,3,12,3
BS DR L UL dl D R,2,10,44,7,3,12,3
BS DR L UL dl R D,2,10,44,7,3,10,3
BS DR R D dl UL L,2,10,44,7,3,10,3
BS DR R dl D UL L,2,10,44,7,3,10,3
BS DR R dl UL D L,2,10,44,7,3,10,3
BS DR R dl UL L D,2,10,44,7,3,8,2
BS L dl DR UL D R,2,10,44,7,3,14,3
BS L dl DR UL R D,2,10,44,7,3,14,3
BS L dl UL DR D R,2,10,44,7,3,12,3
BS L dl UL DR R D,2,10,44,7,3,12,3
BS L DR dl UL D R,2,10,44,7,3,14,3
BS L DR dl UL R D,2,10,44,7,3,14,3
BS L DR UL D dl R,2,10,44,7,3,14,3
BS L DR UL dl D R,2,10,44,7,3,14,3
BS L DR UL dl R D,2,10,44,7,3,12,3
BS L UL dl DR D R,2,10,44,7,3,10,2
BS L UL dl DR R D,2,10,44,7,3,10,2
BS L UL DR D dl R,2,10,44,7,3,10,3
BS L UL DR dl D R,2,10,44,7,3,12,3
BS L UL DR dl R D,2,10,44,7,3,10,2
BS R dl DR D UL L,2,10,44,7,3,10,3
BS R dl DR UL D L,2,10,44,7,3,12,3
BS R dl DR UL L D,2,10,44,7,3,10,2
BS R DR D dl UL L,2,10,44,7,3,10,3
BS R DR dl D UL L,2,10,44,7,3,12,3
BS R DR dl UL D L,2,10,44,7,3,12,3
BS R DR dl UL L D,2,10,44,7,3,10,2
dl BS DR D R UL L,2,10,44,7,3,9,3
dl BS DR L UL D R,2,10,44,7,3,11,3
dl BS DR L UL R D,2,10,44,7,3,11,3
dl BS DR R D UL L,2,10,44,7,3,9,3
dl BS DR R UL D L,2,10,44,7,3,11,3
dl BS DR R UL L D,2,10,44,7,3,9,3
dl BS L DR UL D R,2,10,44,7,3,13,3
dl BS L DR UL R D,2,10,44,7,3,13,3
dl BS L UL DR D R,2,10,44,7,3,9,2
dl BS L UL DR R D,2,10,44,7,3,9,2
dl BS R DR D UL L,2,10,44,7,3,9,3
dl BS R DR UL D L,2,10,44,7,3,11,3
dl BS R DR UL L D,2,10,44,7,3,9,2
dl DR BS D R UL L,2,10,44,7,3,11,3
dl DR BS L UL D R,2,10,44,7,3,11,3
dl DR BS L UL R D,2,10,44,7,3,11,3
dl DR BS R D UL L,2,10,44,7,3,11,3
dl DR BS R UL D L,2,10,44,7,3,13,3
dl DR BS R UL L D,2,10,44,7,3,11,3
dl DR D BS R UL L,2,10,44,7,3,11,3
dl DR D R BS UL L,2,10,44,7,3,9,2
dl DR L BS UL D R,2,10,44,7,3,13,3
dl DR L BS UL R D,2,10,44,7,3,13,3
dl DR L UL BS D R,2,10,44,7,3,11,3
dl DR L UL BS R D,2,10,44,7,3,11,3
dl DR R BS D UL L,2,10,44,7,3,11,3
dl DR R BS UL D L,2,10,44,7,3,11,3
dl DR R BS UL L D,2,10,44,7,3,9,2
dl DR R D BS UL L,2,10,44,7,3,9,2
dl L BS DR UL D R,2,10,44,7,3,13,3
dl L BS DR UL R D,2,10,44,7,3,13,3
dl L BS UL DR D R,2,10,44,7,3,11,3
dl L BS UL DR R D,2,10,44,7,3,11,3
dl L DR BS UL D R,2,10,44,7,3,13,3
dl L DR BS UL R D,2,10,44,7,3,13,3
dl L DR UL BS D R,2,10,44,7,3,13,3
dl L DR UL BS R D,2,10,44,7,3,13,3
dl L UL BS DR D R,2,10,44,7,3,9,3
dl L UL BS DR R D,2,10,44,7,3,9,3
dl L UL DR BS D R,2,10,44,7,3,11,3
dl L UL DR BS R D,2,10,44,7,3,11,3
dl R BS DR D UL L,2,10,44,7,3,9,3
dl R BS DR UL D L,2,10,44,7,3,11,3
dl R BS DR UL L D,2,10,44,7,3,9,2
dl R DR BS D UL L,2,10,44,7,3,9,3
dl R DR BS UL D L,2,10,44,7,3,9,3
dl R DR BS UL L D,2,10,44,7,3,7,2
dl R DR D BS UL L,2,10,44,7,3,7,2
DR BS D dl R UL L,2,10,44,7,3,11,3
DR BS D R dl UL L,2,10,44,7,3,9,2
DR BS dl D R UL L,2,10,44,7,3,11,3
DR BS dl L UL D R,2,10,44,7,3,11,3
DR BS dl L UL R D,2,10,44,7,3,11,3
DR BS dl R D UL L,2,10,44,7,3,9,3
DR BS dl R UL D L,2,10,44,7,3,11,3
DR BS dl R UL L D,2,10,44,7,3,9,3
DR BS L dl UL D R,2,10,44,7,3,13,3
DR BS L dl UL R D,2,10,44,7,3,13,3
DR BS L UL D dl R,2,10,44,7,3,11,3
DR BS L UL dl D R,2,10,44,7,3,11,3
DR BS L UL dl R D,2,10,44,7,3,9,2
DR BS R D dl UL L,2,10,44,7,3,11,3
DR BS R dl D UL L,2,10,44,7,3,11,3
DR BS R dl UL D L,2,10,44,7,3,11,3
DR BS R dl UL L D,2,10,44,7,3,9,2
DR D BS dl R UL L,2,10,44,7,3,9,3
DR D BS R dl UL L,2,10,44,7,3,9,2
DR D dl BS R UL L,2,10,44,7,3,11,3
DR D dl R BS UL L,2,10,44,7,3,9,3
DR D R BS dl UL L,2,10,44,7,3,9,2
DR D R dl BS UL L,2,10,44,7,3,7,2
DR dl BS D R UL L,2,10,44,7,3,11,3
DR dl BS L UL D R,2,10,44,7,3,11,3
DR dl BS L UL R D,2,10,44,7,3,11,3
DR dl BS R D UL L,2,10,44,7,3,11,3
DR dl BS R UL D L,2,10,44,7,3,13,3
DR dl BS R UL L D,2,10,44,7,3,11,3
DR dl D BS R UL L,2,10,44,7,3,13,3
DR dl D R BS UL L,2,10,44,7,3,11,3
DR dl L BS UL D R,2,10,44,7,3,13,3
DR dl L BS UL R D,2,10,44,7,3,13,3
DR dl L UL BS D R,2,10,44,7,3,11,3
DR dl L UL BS R D,2,10,44,7,3,11,3
DR dl R BS D UL L,2,10,44,7,3,11,3
DR dl R BS UL D L,2,10,44,7,3,11,3
DR dl R BS UL L D,2,10,44,7,3,9,2
DR dl R D BS UL L,2,10,44,7,3,9,2
DR L BS dl UL D R,2,10,44,7,3,13,3
DR L BS dl UL R D,2,10,44,7,3,13,3
DR L BS UL D dl R,2,10,44,7,3,13,3
DR L BS UL dl D R,2,10,44,7,3,13,3
DR L BS UL dl R D,2,10,44,7,3,11,3
DR L dl BS UL D R,2,10,44,7,3,13,3
DR L dl BS UL R D,2,10,44,7,3,13,3
DR L dl UL BS D R,2,10,44,7,3,13,3
DR L dl UL BS R D,2,10,44,7,3,13,3
DR L UL BS D dl R,2,10,44,7,3,11,3
DR L UL BS dl D R,2,10,44,7,3,11,3
DR L UL BS dl R D,2,10,44,7,3,9,3
DR L UL dl BS D R,2,10,44,7,3,11,3
DR L UL dl BS R D,2,10,44,7,3,11,3
DR R BS D dl UL L,2,10,44,7,3,11,3
DR R BS dl D UL L,2,10,44,7,3,11,3
DR R BS dl UL D L,2,10,44,7,3,11,3
DR R BS dl UL L D,2,10,44,7,3,9,2
DR R D BS dl UL L,2,10,44,7,3,9,2
DR R D dl BS UL L,2,10,44,7,3,9,3
DR R dl BS D UL L,2,10,44,7,3,9,3
DR R dl BS UL D L,2,10,44,7,3,9,3
DR R dl BS UL L D,2,10,44,7,3,7,2
DR R dl D BS UL L,2,10,44,7,3,9,3
L BS dl DR UL D R,2,10,44,7,3,12,3
L BS dl DR UL R D,2,10,44,7,3,12,3
L BS dl UL DR D R,2,10,44,7,3,10,2
L BS dl UL DR R D,2,10,44,7,3,10,2
L BS DR dl UL D R,2,10,44,7,3,12,3
L BS DR dl UL R D,2,10,44,7,3,12,3
L BS DR UL D dl R,2,10,44,7,3,12,3
L BS DR UL dl D R,2,10,44,7,3,12,3
L BS DR UL dl R D,2,10,44,7,3,10,2
L BS UL dl DR D R,2,10,44,7,3,10,2
L BS UL dl DR R D,2,10,44,7,3,10,2
L BS UL DR D dl R,2,10,44,7,3,10,3
L BS UL DR dl D R,2,10,44,7,3,12,3
L BS UL DR dl R D,2,10,44,7,3,10,2
L dl BS DR UL D R,2,10,44,7,3,12,3
L dl BS DR UL R D,2,10,44,7,3,12,3
L dl BS UL DR D R,2,10,44,7,3,10,3
L dl BS UL DR R D,2,10,44,7,3,10,3
L dl DR BS UL D R,2,10,44,7,3,12,3
L dl DR BS UL R D,2,10,44,7,3,12,3
L dl DR UL BS D R,2,10,44,7,3,12,3
L dl DR UL BS R D,2,10,44,7,3,12,3
L dl UL BS DR D R,2,10,44,7,3,10,3
L dl UL BS DR R D,2,10,44,7,3,10,3
L dl UL DR BS D R,2,10,44,7,3,12,3
L dl UL DR BS R D,2,10,44,7,3,12,3
L DR BS dl UL D R,2,10,44,7,3,12,3
L DR BS dl UL R D,2,10,44,7,3,12,3
L DR BS UL D dl R,2,10,44,7,3,12,3
L DR BS UL dl D R,2,10,44,7,3,12,3
L DR BS UL dl R D,2,10,44,7,3,10,3
L DR dl BS UL D R,2,10,44,7,3,12,3
L DR dl BS UL R D,2,10,44,7,3,12,3
L DR dl UL BS D R,2,10,44,7,3,12,3
L DR dl UL BS R D,2,10,44,7,3,12,3
L DR UL BS D dl R,2,10,44,7,3,12,3
L DR UL BS dl D R,2,10,44,7,3,12,3
L DR UL BS dl R D,2,10,44,7,3,10,3
L DR UL dl BS D R,2,10,44,7,3,12,3
L DR UL dl BS R D,2,10,44,7,3,12,3
L UL BS dl DR D R,2,10,44,7,3,8,2
L UL BS dl DR R D,2,10,44,7,3,8,2
L UL BS DR D dl R,2,10,44,7,3,8,3
L UL BS DR dl D R,2,10,44,7,3,10,3
L UL BS DR dl R D,2,10,44,7,3,8,2
L UL dl BS DR D R,2,10,44,7,3,8,2
L UL dl BS DR R D,2,10,44,7,3,8,2
L UL dl DR BS D R,2,10,44,7,3,10,2
L UL dl DR BS R D,2,10,44,7,3,10,2
L UL DR BS D dl R,2,10,44,7,3,10,3
L UL DR BS dl D R,2,10,44,7,3,10,3
L UL DR BS dl R D,2,10,44,7,3,8,2
L UL DR dl BS D R,2,10,44,7,3,10,2
L UL DR dl BS R D,2,10,44,7,3,10,2
R BS dl DR D UL L,2,10,44,7,3,10,3
R BS dl DR UL D L,2,10,44,7,3,12,3
R BS dl DR UL L D,2,10,44,7,3,10,2
R BS DR D dl UL L,2,10,44,7,3,10,3
R BS DR dl D UL L,2,10,44,7,3,12,3
R BS DR dl UL D L,2,10,44,7,3,12,3
R BS DR dl UL L D,2,10,44,7,3,10,2
R dl BS DR D UL L,2,10,44,7,3,8,3
R dl BS DR UL D L,2,10,44,7,3,10,3
R dl BS DR UL L D,2,10,44,7,3,8,2
R dl DR BS D UL L,2,10,44,7,3,10,3
R dl DR BS UL D L,2,10,44,7,3,10,3
R dl DR BS UL L D,2,10,44,7,3,8,2
R dl DR D BS UL L,2,10,44,7,3,8,2
R DR BS D dl UL L,2,10,44,7,3,10,3
R DR BS dl D UL L,2,10,44,7,3,10,3
R DR BS dl UL D L,2,10,44,7,3,10,3
R DR BS dl UL L D,2,10,44,7,3,8,2
R DR D BS dl UL L,2,10,44,7,3,8,2
R DR D dl BS UL L,2,10,44,7,3,8,3
R DR dl BS D UL L,2,10,44,7,3,10,3
R DR dl BS UL D L,2,10,44,7,3,10,3
R DR dl BS UL L D,2,10,44,7,3,8,2
R DR dl D BS UL L,2,10,44,7,3,10,3
BS D dl DR L R UL,2,10,44,8,3,17,4
BS D dl DR L UL R,2,10,44,8,3,14,3
BS D dl DR R L UL,2,10,44,8,3,13,4
BS D dl L DR R UL,2,10,44,8,3,15,3
BS D dl L DR UL R,2,10,44,8,3,16,3
BS D DR dl L R UL,2,10,44,8,3,15,4
BS D DR dl L UL R,2,10,44,8,3,12,3
BS D DR dl R L UL,2,10,44,8,3,11,4
BS D DR L dl R UL,2,10,44,8,3,13,3
BS D DR L dl UL R,2,10,44,8,3,14,3
BS D DR L R dl UL,2,10,44,8,3,13,4
BS D DR L UL dl R,2,10,44,8,3,10,3
BS D DR R dl L UL,2,10,44,8,3,9,3
BS D DR R L dl UL,2,10,44,8,3,13,4
BS D L dl DR R UL,2,10,44,8,3,13,3
BS D L dl DR UL R,2,10,44,8,3,14,3
BS D L DR dl R UL,2,10,44,8,3,13,3
BS D L DR dl UL R,2,10,44,8,3,14,3
BS D L DR R dl UL,2,10,44,8,3,11,3
BS D L DR UL dl R,2,10,44,8,3,12,3
BS dl D DR L R UL,2,10,44,8,3,15,4
BS dl D DR L UL R,2,10,44,8,3,12,3
BS dl D DR R L UL,2,10,44,8,3,11,4
BS dl D L DR R UL,2,10,44,8,3,13,3
BS dl D L DR UL R,2,10,44,8,3,14,3
BS dl L D DR R UL,2,10,44,8,3,11,3
BS dl L D DR UL R,2,10,44,8,3,12,3
BS L D dl DR R UL,2,10,44,8,3,13,3
BS L D dl DR UL R,2,10,44,8,3,14,3
BS L D DR dl R UL,2,10,44,8,3,11,3
BS L D DR dl UL R,2,10,44,8,3,12,3
BS L D DR R dl UL,2,10,44,8,3,9,2
BS L D DR UL dl R,2,10,44,8,3,10,2
BS L dl D DR R UL,2,10,44,8,3,13,3
BS L dl D DR UL R,2,10,44,8,3,14,3
D BS dl DR L R UL,2,10,44,8,3,15,4
D BS dl DR L UL R,2,10,44,8,3,12,3
D BS dl DR R L UL,2,10,44,8,3,11,4
D BS dl L DR R UL,2,10,44,8,3,13,3
D BS dl L DR UL R,2,10,44,8,3,14,3
D BS DR dl L R UL,2,10,44,8,3,15,4
D BS DR dl L UL R,2,10,44,8,3,12,3
D BS DR dl R L UL,2,10,44,8,3,11,4
D BS DR L dl R UL,2,10,44,8,3,13,3
D BS DR L dl UL R,2,10,44,8,3,14,3
D BS DR L R dl UL,2,10,44,8,3,13,4
D BS DR L UL dl R,2,10,44,8,3,10,3
D BS DR R dl L UL,2,10,44,8,3,9,3
D BS DR R L dl UL,2,10,44,8,3,13,4
D BS L dl DR R UL,2,10,44,8,3,13,3
D BS L dl DR UL R,2,10,44,8,3,14,3
D BS L DR dl R UL,2,10,44,8,3,13,3
D BS L DR dl UL R,2,10,44,8,3,14,3
D BS L DR R dl UL,2,10,44,8,3,11,3
D BS L DR UL dl R,2,10,44,8,3,12,3
D dl BS DR L R UL,2,10,44,8,3,15,4
D dl BS DR L UL R,2,10,44,8,3,12,3
D dl BS DR R L UL,2,10,44,8,3,11,4
D dl BS L DR R UL,2,10,44,8,3,13,3
D dl BS L DR UL R,2,10,44,8,3,14,3
D dl DR BS L R UL,2,10,44,8,3,15,4
D dl DR BS L UL R,2,10,44,8,3,12,3
D dl DR BS R L UL,2,10,44,8,3,13,4
D dl DR L BS R UL,2,10,44,8,3,15,3
D dl DR L BS UL R,2,10,44,8,3,14,3
D dl DR L R BS UL,2,10,44,8,3,15,4
D dl DR L UL BS R,2,10,44,8,3,12,3
D dl DR R BS L UL,2,10,44,8,3,11,3
D dl DR R L BS UL,2,10,44,8,3,13,4
D dl L BS DR R UL,2,10,44,8,3,13,3
D dl L BS DR UL R,2,10,44,8,3,14,3
D dl L DR BS R UL,2,10,44,8,3,15,3
D dl L DR BS UL R,2,10,44,8,3,14,3
D dl L DR R BS UL,2,10,44,8,3,13,3
D dl L DR UL BS R,2,10,44,8,3,14,3
D dl L UL DR BS R,2,10,44,8,3,12,3
D DR BS dl L R UL,2,10,44,8,3,13,4
D DR BS dl L UL R,2,10,44,8,3,10,3
D DR BS dl R L UL,2,10,44,8,3,9,4
D DR BS L dl R UL,2,10,44,8,3,11,3
D DR BS L dl UL R,2,10,44,8,3,12,3
D DR BS L R dl UL,2,10,44,8,3,11,4
D DR BS L UL dl R,2,10,44,8,3,8,2
D DR BS R dl L UL,2,10,44,8,3,9,3
D DR BS R L dl UL,2,10,44,8,3,13,4
D DR dl BS L R UL,2,10,44,8,3,13,4
D DR dl BS L UL R,2,10,44,8,3,10,3
D DR dl BS R L UL,2,10,44,8,3,11,4
D DR dl L BS R UL,2,10,44,8,3,13,3
D DR dl L BS UL R,2,10,44,8,3,12,3
D DR dl L R BS UL,2,10,44,8,3,13,4
D DR dl L UL BS R,2,10,44,8,3,10,3
D DR dl R BS L UL,2,10,44,8,3,9,2
D DR dl R L BS UL,2,10,44,8,3,11,4
D DR L BS dl R UL,2,10,44,8,3,11,3
D DR L BS dl UL R,2,10,44,8,3,12,3
D DR L BS R dl UL,2,10,44,8,3,11,3
D DR L BS UL dl R,2,10,44,8,3,10,3
D DR L dl BS R UL,2,10,44,8,3,13,3
D DR L dl BS UL R,2,10,44,8,3,12,3
D DR L dl R BS UL,2,10,44,8,3,11,3
D DR L dl UL BS R,2,10,44,8,3,12,3
D DR L R BS dl UL,2,10,44,8,3,13,4
D DR L R dl BS UL,2,10,44,8,3,11,4
D DR L UL BS dl R,2,10,44,8,3,8,3
D DR L UL dl BS R,2,10,44,8,3,10,3
D DR R BS dl L UL,2,10,44,8,3,9,3
D DR R BS L dl UL,2,10,44,8,3,11,3
D DR R dl BS L UL,2,10,44,8,3,7,2
D DR R dl L BS UL,2,10,44,8,3,9,3
D DR R L BS dl UL,2,10,44,8,3,11,4
D DR R L dl BS UL,2,10,44,8,3,11,4
D L BS dl DR R UL,2,10,44,8,3,11,3
D L BS dl DR UL R,2,10,44,8,3,12,3
D L BS DR dl R UL,2,10,44,8,3,11,3
D L BS DR dl UL R,2,10,44,8,3,12,3
D L BS DR R dl UL,2,10,44,8,3,9,2
D L BS DR UL dl R,2,10,44,8,3,10,2
D L dl BS DR R UL,2,10,44,8,3,11,3
D L dl BS DR UL R,2,10,44,8,3,12,3
D L dl DR BS R UL,2,10,44,8,3,13,3
D L dl DR BS UL R,2,10,44,8,3,12,3
D L dl DR R BS UL,2,10,44,8,3,11,3
D L dl DR UL BS R,2,10,44,8,3,12,3
D L dl UL DR BS R,2,10,44,8,3,12,3
D L DR BS dl R UL,2,10,44,8,3,11,3
D L DR BS dl UL R,2,10,44,8,3,12,3
D L DR BS R dl UL,2,10,44,8,3,11,3
D L DR BS UL dl R,2,10,44,8,3,10,3
D L DR dl BS R UL,2,10,44,8,3,13,3
D L DR dl BS UL R,2,10,44,8,3,12,3
D L DR dl R BS UL,2,10,44,8,3,11,3
D L DR dl UL BS R,2,10,44,8,3,12,3
D L DR R BS dl UL,2,10,44,8,3,11,3
D L DR R dl BS UL,2,10,44,8,3,9,3
D L DR UL BS dl R,2,10,44,8,3,10,3
D L DR UL dl BS R,2,10,44,8,3,12,3
D L UL dl DR BS R,2,10,44,8,3,10,2
D L UL DR BS dl R,2,10,44,8,3,8,2
D L UL DR dl BS R,2,10,44,8,3,10,2
dl BS D DR L R UL,2,10,44,8,3,14,4
dl BS D DR L UL R,2,10,44,8,3,11,3
dl BS D DR R L UL,2,10,44,8,3,10,4
dl BS D L DR R UL,2,10,44,8,3,12,3
dl BS D L DR UL R,2,10,44,8,3,13,3
dl BS L D DR R UL,2,10,44,8,3,10,3
dl BS L D DR UL R,2,10,44,8,3,11,3
dl D BS DR L R UL,2,10,44,8,3,16,4
dl D BS DR L UL R,2,10,44,8,3,13,3
dl D BS DR R L UL,2,10,44,8,3,12,4
dl D BS L DR R UL,2,10,44,8,3,14,3
dl D BS L DR UL R,2,10,44,8,3,15,3
dl D DR BS L R UL,2,10,44,8,3,14,4
dl D DR BS L UL R,2,10,44,8,3,11,3
dl D DR BS R L UL,2,10,44,8,3,12,4
dl D DR L BS R UL,2,10,44,8,3,14,3
dl D DR L BS UL R,2,10,44,8,3,13,3
dl D DR L R BS UL,2,10,44,8,3,14,4
dl D DR L UL BS R,2,10,44,8,3,11,3
dl D DR R BS L UL,2,10,44,8,3,10,3
dl D DR R L BS UL,2,10,44,8,3,12,4
dl D L BS DR R UL,2,10,44,8,3,12,3
dl D L BS DR UL R,2,10,44,8,3,13,3
dl D L DR BS R UL,2,10,44,8,3,14,3
dl D L DR BS UL R,2,10,44,8,3,13,3
dl D L DR R BS UL,2,10,44,8,3,12,3
dl D L DR UL BS R,2,10,44,8,3,13,3
dl D L UL DR BS R,2,10,44,8,3,11,3
dl L BS D DR R UL,2,10,44,8,3,12,3
dl L BS D DR UL R,2,10,44,8,3,13,3
dl L D BS DR R UL,2,10,44,8,3,12,3
dl L D BS DR UL R,2,10,44,8,3,13,3
dl L D DR BS R UL,2,10,44,8,3,12,3
dl L D DR BS UL R,2,10,44,8,3,11,3
dl L D DR R BS UL,2,10,44,8,3,10,3
dl L D DR UL BS R,2,10,44,8,3,11,3
dl L D UL DR BS R,2,10,44,8,3,13,3
dl L UL D DR BS R,2,10,44,8,3,11,3
L BS D dl DR R UL,2,10,44,8,3,13,3
L BS D dl DR UL R,2,10,44,8,3,14,3
L BS D DR dl R UL,2,10,44,8,3,11,3
L BS D DR dl UL R,2,10,44,8,3,12,3
L BS D DR R dl UL,2,10,44,8,3,9,2
L BS D DR UL dl R,2,10,44,8,3,10,2
L BS dl D DR R UL,2,10,44,8,3,11,3
L BS dl D DR UL R,2,10,44,8,3,12,3
L D BS dl DR R UL,2,10,44,8,3,11,3
L D BS dl DR UL R,2,10,44,8,3,12,3
L D BS DR dl R UL,2,10,44,8,3,11,3
L D BS DR dl UL R,2,10,44,8,3,12,3
L D BS DR R dl UL,2,10,44,8,3,9,2
L D BS DR UL dl R,2,10,44,8,3,10,2
L D dl BS DR R UL,2,10,44,8,3,11,3
L D dl BS DR UL R,2,10,44,8,3,12,3
L D dl DR BS R UL,2,10,44,8,3,13,3
L D dl DR BS UL R,2,10,44,8,3,12,3
L D dl DR R BS UL,2,10,44,8,3,11,3
L D dl DR UL BS R,2,10,44,8,3,12,3
L D dl UL DR BS R,2,10,44,8,3,12,3
L D DR BS dl R UL,2,10,44,8,3,9,3
L D DR BS dl UL R,2,10,44,8,3,10,3
L D DR BS R dl UL,2,10,44,8,3,9,2
L D DR BS UL dl R,2,10,44,8,3,8,2
L D DR dl BS R UL,2,10,44,8,3,11,3
L D DR dl BS UL R,2,10,44,8,3,10,3
L D DR dl R BS UL,2,10,44,8,3,9,2
L D DR dl UL BS R,2,10,44,8,3,10,2
L D DR R BS dl UL,2,10,44,8,3,9,2
L D DR R dl BS UL,2,10,44,8,3,7,2
L D DR UL BS dl R,2,10,44,8,3,8,2
L D DR UL dl BS R,2,10,44,8,3,10,2
L D UL dl DR BS R,2,10,44,8,3,12,3
L D UL DR BS dl R,2,10,44,8,3,10,3
L D UL DR dl BS R,2,10,44,8,3,12,3
L dl BS D DR R UL,2,10,44,8,3,11,3
L dl BS D DR UL R,2,10,44,8,3,12,3
L dl D BS DR R UL,2,10,44,8,3,13,3
L dl D BS DR UL R,2,10,44,8,3,14,3
L dl D DR BS R UL,2,10,44,8,3,13,3
L dl D DR BS UL R,2,10,44,8,3,12,3
L dl D DR R BS UL,2,10,44,8,3,11,3
L dl D DR UL BS R,2,10,44,8,3,12,3
L dl D UL DR BS R,2,10,44,8,3,14,3
L dl UL D DR BS R,2,10,44,8,3,12,3
L UL D dl DR BS R,2,10,44,8,3,12,3
L UL D DR BS dl R,2,10,44,8,3,8,3
L UL D DR dl BS R,2,10,44,8,3,10,3
L UL dl D DR BS R,2,10,44,8,3,10,3
BS dl DR UL L D R,2,10,46,7,3,10,2
BS dl DR UL L R D,2,10,46,7,3,12,4
BS dl DR UL R D L,2,10,46,7,3,12,3
BS dl DR UL R L D,2,10,46,7,3,14,4
BS dl UL DR L D R,2,10,46,7,3,12,3
BS dl UL DR L R D,2,10,46,7,3,14,4
BS dl UL DR R D L,2,10,46,7,3,10,2
BS dl UL DR R L D,2,10,46,7,3,12,4
BS dl UL L DR D R,2,10,46,7,3,10,3
BS dl UL L DR R D,2,10,46,7,3,10,3
BS DR dl UL L D R,2,10,46,7,3,10,2
BS DR dl UL L R D,2,10,46,7,3,12,4
BS DR dl UL R D L,2,10,46,7,3,12,3
BS DR dl UL R L D,2,10,46,7,3,14,4
BS DR UL dl L D R,2,10,46,7,3,12,3
BS DR UL dl L R D,2,10,46,7,3,14,4
BS DR UL dl R D L,2,10,46,7,3,10,2
BS DR UL dl R L D,2,10,46,7,3,12,4
BS DR UL L D dl R,2,10,46,7,3,10,3
BS DR UL L dl D R,2,10,46,7,3,12,3
BS DR UL L dl R D,2,10,46,7,3,10,3
BS UL dl DR L D R,2,10,46,7,3,12,3
BS UL dl DR L R D,2,10,46,7,3,14,4
BS UL dl DR R D L,2,10,46,7,3,10,2
BS UL dl DR R L D,2,10,46,7,3,12,4
BS UL dl L DR D R,2,10,46,7,3,12,3
BS UL dl L DR R D,2,10,46,7,3,12,3
BS UL DR dl L D R,2,10,46,7,3,12,3
BS UL DR dl L R D,2,10,46,7,3,14,4
BS UL DR dl R D L,2,10,46,7,3,10,2
BS UL DR dl R L D,2,10,46,7,3,12,4
BS UL DR L D dl R,2,10,46,7,3,12,3
BS UL DR L dl D R,2,10,46,7,3,14,3
BS UL DR L dl R D,2,10,46,7,3,12,3
BS UL L dl DR D R,2,10,46,7,3,10,3
BS UL L dl DR R D,2,10,46,7,3,10,3
BS UL L DR D dl R,2,10,46,7,3,10,3
BS UL L DR dl D R,2,10,46,7,3,12,3
BS UL L DR dl R D,2,10,46,7,3,10,3
dl BS DR UL L D R,2,10,46,7,3,9,2
dl BS DR UL L R D,2,10,46,7,3,11,4
dl BS DR UL R D L,2,10,46,7,3,11,3
dl BS DR UL R L D,2,10,46,7,3,13,4
dl BS UL DR L D R,2,10,46,7,3,11,3
dl BS UL DR L R D,2,10,46,7,3,13,4
dl BS UL DR R D L,2,10,46,7,3,9,2
dl BS UL DR R L D,2,10,46,7,3,11,4
dl BS UL L DR D R,2,10,46,7,3,9,3
dl BS UL L DR R D,2,10,46,7,3,9,3
dl DR BS UL L D R,2,10,46,7,3,9,2
dl DR BS UL L R D,2,10,46,7,3,11,4
dl DR BS UL R D L,2,10,46,7,3,11,3
dl DR BS UL R L D,2,10,46,7,3,13,4
dl DR UL BS L D R,2,10,46,7,3,11,2
dl DR UL BS L R D,2,10,46,7,3,13,4
dl DR UL BS R D L,2,10,46,7,3,11,2
dl DR UL BS R L D,2,10,46,7,3,13,4
dl DR UL L BS D R,2,10,46,7,3,11,2
dl DR UL L BS R D,2,10,46,7,3,11,2
dl UL BS DR L D R,2,10,46,7,3,11,3
dl UL BS DR L R D,2,10,46,7,3,13,4
dl UL BS DR R D L,2,10,46,7,3,9,2
dl UL BS DR R L D,2,10,46,7,3,11,4
dl UL BS L DR D R,2,10,46,7,3,11,3
dl UL BS L DR R D,2,10,46,7,3,11,3
dl UL DR BS L D R,2,10,46,7,3,11,2
dl UL DR BS L R D,2,10,46,7,3,13,4
dl UL DR BS R D L,2,10,46,7,3,11,2
dl UL DR BS R L D,2,10,46,7,3,13,4
dl UL DR L BS D R,2,10,46,7,3,13,3
dl UL DR L BS R D,2,10,46,7,3,13,3
dl UL L BS DR D R,2,10,46,7,3,9,2
dl UL L BS DR R D,2,10,46,7,3,9,2
dl UL L DR BS D R,2,10,46,7,3,11,3
dl UL L DR BS R D,2,10,46,7,3,11,3
DR BS dl UL L D R,2,10,46,7,3,9,2
DR BS dl UL L R D,2,10,46,7,3,11,4
DR BS dl UL R D L,2,10,46,7,3,11,3
DR BS dl UL R L D,2,10,46,7,3,13,4
DR BS UL dl L D R,2,10,46,7,3,11,3
DR BS UL dl L R D,2,10,46,7,3,13,4
DR BS UL dl R D L,2,10,46,7,3,9,2
DR BS UL dl R L D,2,10,46,7,3,11,4
DR BS UL L D dl R,2,10,46,7,3,9,3
DR BS UL L dl D R,2,10,46,7,3,11,3
DR BS UL L dl R D,2,10,46,7,3,9,3
DR dl BS UL L D R,2,10,46,7,3,9,2
DR dl BS UL L R D,2,10,46,7,3,11,4
DR dl BS UL R D L,2,10,46,7,3,11,3
DR dl BS UL R L D,2,10,46,7,3,13,4
DR dl UL BS L D R,2,10,46,7,3,11,2
DR dl UL BS L R D,2,10,46,7,3,13,4
DR dl UL BS R D L,2,10,46,7,3,11,2
DR dl UL BS R L D,2,10,46,7,3,13,4
DR dl UL L BS D R,2,10,46,7,3,11,2
DR dl UL L BS R D,2,10,46,7,3,11,2
DR UL BS dl L D R,2,10,46,7,3,11,3
DR UL BS dl L R D,2,10,46,7,3,13,4
DR UL BS dl R D L,2,10,46,7,3,9,2
DR UL BS dl R L D,2,10,46,7,3,11,4
DR UL BS L D dl R,2,10,46,7,3,11,3
DR UL BS L dl D R,2,10,46,7,3,13,3
DR UL BS L dl R D,2,10,46,7,3,11,3
DR UL dl BS L D R,2,10,46,7,3,11,2
DR UL dl BS L R D,2,10,46,7,3,13,4
DR UL dl BS R D L,2,10,46,7,3,11,2
DR UL dl BS R L D,2,10,46,7,3,13,4
DR UL dl L BS D R,2,10,46,7,3,13,3
DR UL dl L BS R D,2,10,46,7,3,13,3
DR UL L BS D dl R,2,10,46,7,3,11,3
DR UL L BS dl D R,2,10,46,7,3,11,3
DR UL L BS dl R D,2,10,46,7,3,9,2
DR UL L dl BS D R,2,10,46,7,3,11,3
DR UL L dl BS R D,2,10,46,7,3,11,3
UL BS dl DR L D R,2,10,46,7,3,11,3
UL BS dl DR L R D,2,10,46,7,3,13,4
UL BS dl DR R D L,2,10,46,7,3,9,2
UL BS dl DR R L D,2,10,46,7,3,11,4
UL BS dl L DR D R,2,10,46,7,3,11,3
UL BS dl L DR R D,2,10,46,7,3,11,3
UL BS DR dl L D R,2,10,46,7,3,11,3
UL BS DR dl L R D,2,10,46,7,3,13,4
UL BS DR dl R D L,2,10,46,7,3,9,2
UL BS DR dl R L D,2,10,46,7,3,11,4
UL BS DR L D dl R,2,10,46,7,3,11,3
UL BS DR L dl D R,2,10,46,7,3,13,3
UL BS DR L dl R D,2,10,46,7,3,11,3
UL BS L dl DR D R,2,10,46,7,3,11,3
UL BS L dl DR R D,2,10,46,7,3,11,3
UL BS L DR D dl R,2,10,46,7,3,11,3
UL BS L DR dl D R,2,10,46,7,3,13,3
UL BS L DR dl R D,2,10,46,7,3,11,3
UL dl BS DR L D R,2,10,46,7,3,11,3
UL dl BS DR L R D,2,10,46,7,3,13,4
UL dl BS DR R D L,2,10,46,7,3,9,2
UL dl BS DR R L D,2,10,46,7,3,11,4
UL dl BS L DR D R,2,10,46,7,3,11,3
UL dl BS L DR R D,2,10,46,7,3,11,3
UL dl DR BS L D R,2,10,46,7,3,11,2
UL dl DR BS L R D,2,10,46,7,3,13,4
UL dl DR BS R D L,2,10,46,7,3,11,2
UL dl DR BS R L D,2,10,46,7,3,13,4
UL dl DR L BS D R,2,10,46,7,3,13,3
UL dl DR L BS R D,2,10,46,7,3,13,3
UL dl L BS DR D R,2,10,46,7,3,11,3
UL dl L BS DR R D,2,10,46,7,3,11,3
UL dl L DR BS D R,2,10,46,7,3,13,3
UL dl L DR BS R D,2,10,46,7,3,13,3
UL DR BS dl L D R,2,10,46,7,3,11,3
UL DR BS dl L R D,2,10,46,7,3,13,4
UL DR BS dl R D L,2,10,46,7,3,9,2
UL DR BS dl R L D,2,10,46,7,3,11,4
UL DR BS L D dl R,2,10,46,7,3,11,3
UL DR BS L dl D R,2,10,46,7,3,13,3
UL DR BS L dl R D,2,10,46,7,3,11,3
UL DR dl BS L D R,2,10,46,7,3,11,2
UL DR dl BS L R D,2,10,46,7,3,13,4
UL DR dl BS R D L,2,10,46,7,3,11,2
UL DR dl BS R L D,2,10,46,7,3,13,4
UL DR dl L BS D R,2,10,46,7,3,13,3
UL DR dl L BS R D,2,10,46,7,3,13,3
UL DR L BS D dl R,2,10,46,7,3,13,3
UL DR L BS dl D R,2,10,46,7,3,13,3
UL DR L BS dl R D,2,10,46,7,3,11,3
UL DR L dl BS D R,2,10,46,7,3,13,3
UL DR L dl BS R D,2,10,46,7,3,13,3
UL L BS dl DR D R,2,10,46,7,3,9,2
UL L BS dl DR R D,2,10,46,7,3,9,2
UL L BS DR D dl R,2,10,46,7,3,9,3
UL L BS DR dl D R,2,10,46,7,3,11,3
UL L BS DR dl R D,2,10,46,7,3,9,2
UL L dl BS DR D R,2,10,46,7,3,9,3
UL L dl BS DR R D,2,10,46,7,3,9,3
UL L dl DR BS D R,2,10,46,7,3,11,3
UL L dl DR BS R D,2,10,46,7,3,11,3
UL L DR BS D dl R,2,10,46,7,3,11,3
UL L DR BS dl D R,2,10,46,7,3,11,3
UL L DR BS dl R D,2,10,46,7,3,9,3
UL L DR dl BS D R,2,10,46,7,3,11,3
UL L DR dl BS R D,2,10,46,7,3,11,3
BS D dl DR UL L R,2,10,46,8,3,14,4
BS D dl DR UL R L,2,10,46,8,3,16,4
BS D dl UL DR L R,2,10,46,8,3,16,4
BS D dl UL DR R L,2,10,46,8,3,14,4
BS D DR dl UL L R,2,10,46,8,3,12,4
BS D DR dl UL R L,2,10,46,8,3,14,4
BS D DR R UL dl L,2,10,46,8,3,12,3
BS D DR UL dl L R,2,10,46,8,3,14,4
BS D DR UL dl R L,2,10,46,8,3,12,4
BS D DR UL L dl R,2,10,46,8,3,10,3
BS D DR UL R dl L,2,10,46,8,3,12,3
BS D UL dl DR L R,2,10,46,8,3,16,4
BS D UL dl DR R L,2,10,46,8,3,14,4
BS D UL DR dl L R,2,10,46,8,3,16,4
BS D UL DR dl R L,2,10,46,8,3,14,4
BS D UL DR L dl R,2,10,46,8,3,14,3
BS D UL DR R dl L,2,10,46,8,3,12,3
BS dl D DR UL L R,2,10,46,8,3,12,4
BS dl D DR UL R L,2,10,46,8,3,14,4
BS dl D UL DR L R,2,10,46,8,3,16,4
BS dl D UL DR R L,2,10,46,8,3,14,4
BS dl DR D L R UL,2,10,46,8,3,13,4
BS dl DR D L UL R,2,10,46,8,3,10,3
BS dl DR D R L UL,2,10,46,8,3,11,4
BS dl DR L D R UL,2,10,46,8,3,13,3
BS dl DR L D UL R,2,10,46,8,3,14,3
BS dl DR L R D UL,2,10,46,8,3,15,4
BS dl DR L R UL D,2,10,46,8,3,16,4
BS dl DR R D L UL,2,10,46,8,3,9,2
BS dl DR R L D UL,2,10,46,8,3,13,4
BS dl DR R L UL D,2,10,46,8,3,12,4
BS dl L DR D R UL,2,10,46,8,3,13,3
BS dl L DR D UL R,2,10,46,8,3,14,3
BS dl L DR R D UL,2,10,46,8,3,13,3
BS dl L DR R UL D,2,10,46,8,3,14,3
BS dl L R DR D UL,2,10,46,8,3,13,4
BS dl L R DR UL D,2,10,46,8,3,14,4
BS dl R DR D L UL,2,10,46,8,3,7,2
BS dl R DR L D UL,2,10,46,8,3,11,3
BS dl R DR L UL D,2,10,46,8,3,10,3
BS dl R L DR D UL,2,10,46,8,3,13,4
BS dl R L DR UL D,2,10,46,8,3,14,4
BS dl UL D DR L R,2,10,46,8,3,14,4
BS dl UL D DR R L,2,10,46,8,3,12,4
BS DR D dl L R UL,2,10,46,8,3,15,4
BS DR D dl L UL R,2,10,46,8,3,12,3
BS DR D dl R L UL,2,10,46,8,3,11,4
BS DR D L dl R UL,2,10,46,8,3,11,3
BS DR D L dl UL R,2,10,46,8,3,12,3
BS DR D L R dl UL,2,10,46,8,3,11,4
BS DR D L UL dl R,2,10,46,8,3,8,2
BS DR D R dl L UL,2,10,46,8,3,9,3
BS DR D R L dl UL,2,10,46,8,3,13,4
BS DR dl D L R UL,2,10,46,8,3,15,4
BS DR dl D L UL R,2,10,46,8,3,12,3
BS DR dl D R L UL,2,10,46,8,3,13,4
BS DR dl L D R UL,2,10,46,8,3,13,3
BS DR dl L D UL R,2,10,46,8,3,14,3
BS DR dl L R D UL,2,10,46,8,3,15,4
BS DR dl L R UL D,2,10,46,8,3,16,4
BS DR dl R D L UL,2,10,46,8,3,9,2
BS DR dl R L D UL,2,10,46,8,3,13,4
BS DR dl R L UL D,2,10,46,8,3,12,4
BS DR L D dl R UL,2,10,46,8,3,13,3
BS DR L D dl UL R,2,10,46,8,3,14,3
BS DR L D R dl UL,2,10,46,8,3,11,3
BS DR L D UL dl R,2,10,46,8,3,12,3
BS DR L dl D R UL,2,10,46,8,3,15,3
BS DR L dl D UL R,2,10,46,8,3,16,3
BS DR L dl R D UL,2,10,46,8,3,13,3
BS DR L dl R UL D,2,10,46,8,3,14,3
BS DR L R D dl UL,2,10,46,8,3,15,4
BS DR L R dl D UL,2,10,46,8,3,15,4
BS DR L R dl UL D,2,10,46,8,3,14,4
BS DR L R UL dl D,2,10,46,8,3,16,4
BS DR L UL R dl D,2,10,46,8,3,12,3
BS DR R D dl L UL,2,10,46,8,3,11,3
BS DR R D L dl UL,2,10,46,8,3,11,3
BS DR R dl D L UL,2,10,46,8,3,9,3
BS DR R dl L D UL,2,10,46,8,3,11,3
BS DR R dl L UL D,2,10,46,8,3,10,3
BS DR R L D dl UL,2,10,46,8,3,13,4
BS DR R L dl D UL,2,10,46,8,3,15,4
BS DR R L dl UL D,2,10,46,8,3,14,4
BS DR R L UL dl D,2,10,46,8,3,12,4
BS L dl DR D R UL,2,10,46,8,3,13,3
BS L dl DR D UL R,2,10,46,8,3,14,3
BS L dl DR R D UL,2,10,46,8,3,13,3
BS L dl DR R UL D,2,10,46,8,3,14,3
BS L dl R DR D UL,2,10,46,8,3,11,3
BS L dl R DR UL D,2,10,46,8,3,12,3
BS L DR D dl R UL,2,10,46,8,3,13,3
BS L DR D dl UL R,2,10,46,8,3,14,3
BS L DR D R dl UL,2,10,46,8,3,11,3
BS L DR D UL dl R,2,10,46,8,3,12,3
BS L DR dl D R UL,2,10,46,8,3,15,3
BS L DR dl D UL R,2,10,46,8,3,16,3
BS L DR dl R D UL,2,10,46,8,3,13,3
BS L DR dl R UL D,2,10,46,8,3,14,3
BS L DR R D dl UL,2,10,46,8,3,13,3
BS L DR R dl D UL,2,10,46,8,3,13,3
BS L DR R dl UL D,2,10,46,8,3,12,3
BS L DR R UL dl D,2,10,46,8,3,14,3
BS L DR UL R dl D,2,10,46,8,3,14,3
BS L R dl DR D UL,2,10,46,8,3,13,4
BS L R dl DR UL D,2,10,46,8,3,14,4
BS L R DR D dl UL,2,10,46,8,3,13,4
BS L R DR dl D UL,2,10,46,8,3,15,4
BS L R DR dl UL D,2,10,46,8,3,14,4
BS L R DR UL dl D,2,10,46,8,3,14,4
BS L R UL DR dl D,2,10,46,8,3,16,4
BS L UL DR R dl D,2,10,46,8,3,10,3
BS L UL R DR dl D,2,10,46,8,3,12,3
BS R dl DR D L UL,2,10,46,8,3,9,2
BS R dl DR L D UL,2,10,46,8,3,13,3
BS R dl DR L UL D,2,10,46,8,3,12,3
BS R dl L DR D UL,2,10,46,8,3,13,3
BS R dl L DR UL D,2,10,46,8,3,14,3
BS R DR D dl L UL,2,10,46,8,3,11,3
BS R DR D L dl UL,2,10,46,8,3,11,3
BS R DR dl D L UL,2,10,46,8,3,11,3
BS R DR dl L D UL,2,10,46,8,3,13,3
BS R DR dl L UL D,2,10,46,8,3,12,3
BS R DR L D dl UL,2,10,46,8,3,13,3
BS R DR L dl D UL,2,10,46,8,3,15,3
BS R DR L dl UL D,2,10,46,8,3,14,3
BS R DR L UL dl D,2,10,46,8,3,12,3
BS R L dl DR D UL,2,10,46,8,3,15,4
BS R L dl DR UL D,2,10,46,8,3,16,4
BS R L DR D dl UL,2,10,46,8,3,15,4
BS R L DR dl D UL,2,10,46,8,3,17,4
BS R L DR dl UL D,2,10,46,8,3,16,4
BS R L DR UL dl D,2,10,46,8,3,16,4
BS R L UL DR dl D,2,10,46,8,3,14,4
BS UL D dl DR L R,2,10,46,8,3,16,4
BS UL D dl DR R L,2,10,46,8,3,14,4
BS UL D DR dl L R,2,10,46,8,3,14,4
BS UL D DR dl R L,2,10,46,8,3,12,4
BS UL D DR L dl R,2,10,46,8,3,12,3
BS UL D DR R dl L,2,10,46,8,3,10,3
BS UL dl D DR L R,2,10,46,8,3,14,4
BS UL dl D DR R L,2,10,46,8,3,12,4
D BS dl DR UL L R,2,10,46,8,3,12,4
D BS dl DR UL R L,2,10,46,8,3,14,4
D BS dl UL DR L R,2,10,46,8,3,14,4
D BS dl UL DR R L,2,10,46,8,3,12,4
D BS DR dl UL L R,2,10,46,8,3,12,4
D BS DR dl UL R L,2,10,46,8,3,14,4
D BS DR R UL dl L,2,10,46,8,3,12,3
D BS DR UL dl L R,2,10,46,8,3,14,4
D BS DR UL dl R L,2,10,46,8,3,12,4
D BS DR UL L dl R,2,10,46,8,3,10,3
D BS DR UL R dl L,2,10,46,8,3,12,3
D BS UL dl DR L R,2,10,46,8,3,14,4
D BS UL dl DR R L,2,10,46,8,3,12,4
D BS UL DR dl L R,2,10,46,8,3,14,4
D BS UL DR dl R L,2,10,46,8,3,12,4
D BS UL DR L dl R,2,10,46,8,3,12,3
D BS UL DR R dl L,2,10,46,8,3,10,3
D dl BS DR UL L R,2,10,46,8,3,12,4
D dl BS DR UL R L,2,10,46,8,3,14,4
D dl BS UL DR L R,2,10,46,8,3,14,4
D dl BS UL DR R L,2,10,46,8,3,12,4
D dl DR BS UL L R,2,10,46,8,3,12,4
D dl DR BS UL R L,2,10,46,8,3,14,4
D dl DR R UL BS L,2,10,46,8,3,12,3
D dl DR UL BS L R,2,10,46,8,3,14,4
D dl DR UL BS R L,2,10,46,8,3,14,4
D dl DR UL L BS R,2,10,46,8,3,12,3
D dl DR UL R BS L,2,10,46,8,3,14,3
D dl UL BS DR L R,2,10,46,8,3,14,4
D dl UL BS DR R L,2,10,46,8,3,12,4
D dl UL DR BS L R,2,10,46,8,3,14,4
D dl UL DR BS R L,2,10,46,8,3,14,4
D dl UL DR L BS R,2,10,46,8,3,14,3
D dl UL DR R BS L,2,10,46,8,3,12,3
D dl UL L DR BS R,2,10,46,8,3,12,3
D DR BS dl UL L R,2,10,46,8,3,10,4
D DR BS dl UL R L,2,10,46,8,3,12,4
D DR BS R UL dl L,2,10,46,8,3,12,3
D DR BS UL dl L R,2,10,46,8,3,12,4
D DR BS UL dl R L,2,10,46,8,3,10,4
D DR BS UL L dl R,2,10,46,8,3,8,3
D DR BS UL R dl L,2,10,46,8,3,10,3
D DR dl BS UL L R,2,10,46,8,3,10,4
D DR dl BS UL R L,2,10,46,8,3,12,4
D DR dl R UL BS L,2,10,46,8,3,10,3
D DR dl UL BS L R,2,10,46,8,3,12,4
D DR dl UL BS R L,2,10,46,8,3,12,4
D DR dl UL L BS R,2,10,46,8,3,10,2
D DR dl UL R BS L,2,10,46,8,3,12,3
D DR R BS UL dl L,2,10,46,8,3,10,3
D DR R dl UL BS L,2,10,46,8,3,8,2
D DR R UL BS dl L,2,10,46,8,3,10,3
D DR R UL dl BS L,2,10,46,8,3,10,3
D DR UL BS dl L R,2,10,46,8,3,12,4
D DR UL BS dl R L,2,10,46,8,3,10,4
D DR UL BS L dl R,2,10,46,8,3,10,3
D DR UL BS R dl L,2,10,46,8,3,10,3
D DR UL dl BS L R,2,10,46,8,3,12,4
D DR UL dl BS R L,2,10,46,8,3,12,4
D DR UL dl L BS R,2,10,46,8,3,12,3
D DR UL dl R BS L,2,10,46,8,3,10,2
D DR UL L BS dl R,2,10,46,8,3,8,2
D DR UL L dl BS R,2,10,46,8,3,10,3
D DR UL R BS dl L,2,10,46,8,3,12,3
D DR UL R dl BS L,2,10,46,8,3,10,3
D UL BS dl DR L R,2,10,46,8,3,14,4
D UL BS dl DR R L,2,10,46,8,3,12,4
D UL BS DR dl L R,2,10,46,8,3,14,4
D UL BS DR dl R L,2,10,46,8,3,12,4
D UL BS DR L dl R,2,10,46,8,3,12,3
D UL BS DR R dl L,2,10,46,8,3,10,3
D UL dl BS DR L R,2,10,46,8,3,14,4
D UL dl BS DR R L,2,10,46,8,3,12,4
D UL dl DR BS L R,2,10,46,8,3,14,4
D UL dl DR BS R L,2,10,46,8,3,14,4
D UL dl DR L BS R,2,10,46,8,3,14,3
D UL dl DR R BS L,2,10,46,8,3,12,3
D UL dl L DR BS R,2,10,46,8,3,14,3
D UL DR BS dl L R,2,10,46,8,3,14,4
D UL DR BS dl R L,2,10,46,8,3,12,4
D UL DR BS L dl R,2,10,46,8,3,12,3
D UL DR BS R dl L,2,10,46,8,3,12,3
D UL DR dl BS L R,2,10,46,8,3,14,4
D UL DR dl BS R L,2,10,46,8,3,14,4
D UL DR dl L BS R,2,10,46,8,3,14,3
D UL DR dl R BS L,2,10,46,8,3,12,3
D UL DR L BS dl R,2,10,46,8,3,12,3
D UL DR L dl BS R,2,10,46,8,3,14,3
D UL DR R BS dl L,2,10,46,8,3,12,3
D UL DR R dl BS L,2,10,46,8,3,10,3
D UL L dl DR BS R,2,10,46,8,3,12,3
D UL L DR BS dl R,2,10,46,8,3,10,3
D UL L DR dl BS R,2,10,46,8,3,12,3
dl BS D DR UL L R,2,10,46,8,3,11,4
dl BS D DR UL R L,2,10,46,8,3,13,4
dl BS D UL DR L R,2,10,46,8,3,15,4
dl BS D UL DR R L,2,10,46,8,3,13,4
dl BS DR D L R UL,2,10,46,8,3,12,4
dl BS DR D L UL R,2,10,46,8,3,9,3
dl BS DR D R L UL,2,10,46,8,3,10,4
dl BS DR L D R UL,2,10,46,8,3,12,3
dl BS DR L D UL R,2,10,46,8,3,13,3
dl BS DR L R D UL,2,10,46,8,3,14,4
dl BS DR L R UL D,2,10,46,8,3,15,4
dl BS DR R D L UL,2,10,46,8,3,8,2
dl BS DR R L D UL,2,10,46,8,3,12,4
dl BS DR R L UL D,2,10,46,8,3,11,4
dl BS L DR D R UL,2,10,46,8,3,12,3
dl BS L DR D UL R,2,10,46,8,3,13,3
dl BS L DR R D UL,2,10,46,8,3,12,3
dl BS L DR R UL D,2,10,46,8,3,13,3
dl BS L R DR D UL,2,10,46,8,3,12,4
dl BS L R DR UL D,2,10,46,8,3,13,4
dl BS R DR D L UL,2,10,46,8,3,8,2
dl BS R DR L D UL,2,10,46,8,3,12,3
dl BS R DR L UL D,2,10,46,8,3,11,3
dl BS R L DR D UL,2,10,46,8,3,14,4
dl BS R L DR UL D,2,10,46,8,3,15,4
dl BS UL D DR L R,2,10,46,8,3,13,4
dl BS UL D DR R L,2,10,46,8,3,11,4
dl D BS DR UL L R,2,10,46,8,3,13,4
dl D BS DR UL R L,2,10,46,8,3,15,4
dl D BS UL DR L R,2,10,46,8,3,15,4
dl D BS UL DR R L,2,10,46,8,3,13,4
dl D DR BS UL L R,2,10,46,8,3,11,4
dl D DR BS UL R L,2,10,46,8,3,13,4
dl D DR R UL BS L,2,10,46,8,3,11,3
dl D DR UL BS L R,2,10,46,8,3,13,4
dl D DR UL BS R L,2,10,46,8,3,13,4
dl D DR UL L BS R,2,10,46,8,3,11,3
dl D DR UL R BS L,2,10,46,8,3,13,3
dl D UL BS DR L R,2,10,46,8,3,15,4
dl D UL BS DR R L,2,10,46,8,3,13,4
dl D UL DR BS L R,2,10,46,8,3,15,4
dl D UL DR BS R L,2,10,46,8,3,15,4
dl D UL DR L BS R,2,10,46,8,3,15,3
dl D UL DR R BS L,2,10,46,8,3,13,3
dl D UL L DR BS R,2,10,46,8,3,13,3
dl DR BS D L R UL,2,10,46,8,3,14,4
dl DR BS D L UL R,2,10,46,8,3,11,3
dl DR BS D R L UL,2,10,46,8,3,12,4
dl DR BS L D R UL,2,10,46,8,3,12,3
dl DR BS L D UL R,2,10,46,8,3,13,3
dl DR BS L R D UL,2,10,46,8,3,14,4
dl DR BS L R UL D,2,10,46,8,3,15,4
dl DR BS R D L UL,2,10,46,8,3,10,2
dl DR BS R L D UL,2,10,46,8,3,14,4
dl DR BS R L UL D,2,10,46,8,3,13,4
dl DR D BS L R UL,2,10,46,8,3,14,4
dl DR D BS L UL R,2,10,46,8,3,11,3
dl DR D BS R L UL,2,10,46,8,3,12,4
dl DR D L BS R UL,2,10,46,8,3,12,3
dl DR D L BS UL R,2,10,46,8,3,11,3
dl DR D L R BS UL,2,10,46,8,3,12,4
dl DR D L UL BS R,2,10,46,8,3,9,2
dl DR D R BS L UL,2,10,46,8,3,10,2
dl DR D R L BS UL,2,10,46,8,3,12,4
dl DR L BS D R UL,2,10,46,8,3,14,3
dl DR L BS D UL R,2,10,46,8,3,15,3
dl DR L BS R D UL,2,10,46,8,3,14,3
dl DR L BS R UL D,2,10,46,8,3,15,3
dl DR L D BS R UL,2,10,46,8,3,14,3
dl DR L D BS UL R,2,10,46,8,3,13,3
dl DR L D R BS UL,2,10,46,8,3,12,3
dl DR L D UL BS R,2,10,46,8,3,13,3
dl DR L R BS D UL,2,10,46,8,3,16,4
dl DR L R BS UL D,2,10,46,8,3,15,4
dl DR L R D BS UL,2,10,46,8,3,14,4
dl DR L R UL BS D,2,10,46,8,3,15,4
dl DR L UL D BS R,2,10,46,8,3,13,3
dl DR L UL R BS D,2,10,46,8,3,13,3
dl DR R BS D L UL,2,10,46,8,3,10,2
dl DR R BS L D UL,2,10,46,8,3,12,3
dl DR R BS L UL D,2,10,46,8,3,11,3
dl DR R D BS L UL,2,10,46,8,3,10,2
dl DR R D L BS UL,2,10,46,8,3,10,2
dl DR R L BS D UL,2,10,46,8,3,14,4
dl DR R L BS UL D,2,10,46,8,3,13,4
dl DR R L D BS UL,2,10,46,8,3,12,4
dl DR R L UL BS D,2,10,46,8,3,11,4
dl L BS DR D R UL,2,10,46,8,3,12,3
dl L BS DR D UL R,2,10,46,8,3,13,3
dl L BS DR R D UL,2,10,46,8,3,12,3
dl L BS DR R UL D,2,10,46,8,3,13,3
dl L BS R DR D UL,2,10,46,8,3,12,3
dl L BS R DR UL D,2,10,46,8,3,13,3
dl L DR BS D R UL,2,10,46,8,3,14,3
dl L DR BS D UL R,2,10,46,8,3,15,3
dl L DR BS R D UL,2,10,46,8,3,14,3
dl L DR BS R UL D,2,10,46,8,3,15,3
dl L DR D BS R UL,2,10,46,8,3,14,3
dl L DR D BS UL R,2,10,46,8,3,13,3
dl L DR D R BS UL,2,10,46,8,3,12,3
dl L DR D UL BS R,2,10,46,8,3,13,3
dl L DR R BS D UL,2,10,46,8,3,14,3
dl L DR R BS UL D,2,10,46,8,3,13,3
dl L DR R D BS UL,2,10,46,8,3,12,3
dl L DR R UL BS D,2,10,46,8,3,13,3
dl L DR UL D BS R,2,10,46,8,3,15,3
dl L DR UL R BS D,2,10,46,8,3,15,3
dl L R BS DR D UL,2,10,46,8,3,14,4
dl L R BS DR UL D,2,10,46,8,3,15,4
dl L R DR BS D UL,2,10,46,8,3,14,4
dl L R DR BS UL D,2,10,46,8,3,13,4
dl L R DR D BS UL,2,10,46,8,3,12,4
dl L R DR UL BS D,2,10,46,8,3,13,4
dl L R UL DR BS D,2,10,46,8,3,15,4
dl L UL DR D BS R,2,10,46,8,3,11,3
dl L UL DR R BS D,2,10,46,8,3,11,3
dl L UL R DR BS D,2,10,46,8,3,11,3
dl R BS DR D L UL,2,10,46,8,3,8,2
dl R BS DR L D UL,2,10,46,8,3,12,3
dl R BS DR L UL D,2,10,46,8,3,11,3
dl R BS L DR D UL,2,10,46,8,3,12,3
dl R BS L DR UL D,2,10,46,8,3,13,3
dl R DR BS D L UL,2,10,46,8,3,8,2
dl R DR BS L D UL,2,10,46,8,3,10,3
dl R DR BS L UL D,2,10,46,8,3,9,3
dl R DR D BS L UL,2,10,46,8,3,8,2
dl R DR D L BS UL,2,10,46,8,3,8,2
dl R DR L BS D UL,2,10,46,8,3,12,3
dl R DR L BS UL D,2,10,46,8,3,11,3
dl R DR L D BS UL,2,10,46,8,3,10,3
dl R DR L UL BS D,2,10,46,8,3,9,3
dl R L BS DR D UL,2,10,46,8,3,12,4
dl R L BS DR UL D,2,10,46,8,3,13,4
dl R L DR BS D UL,2,10,46,8,3,14,4
dl R L DR BS UL D,2,10,46,8,3,13,4
dl R L DR D BS UL,2,10,46,8,3,12,4
dl R L DR UL BS D,2,10,46,8,3,13,4
dl R L UL DR BS D,2,10,46,8,3,11,4
dl UL BS D DR L R,2,10,46,8,3,13,4
dl UL BS D DR R L,2,10,46,8,3,11,4
dl UL D BS DR L R,2,10,46,8,3,15,4
dl UL D BS DR R L,2,10,46,8,3,13,4
dl UL D DR BS L R,2,10,46,8,3,13,4
dl UL D DR BS R L,2,10,46,8,3,13,4
dl UL D DR L BS R,2,10,46,8,3,13,3
dl UL D DR R BS L,2,10,46,8,3,11,3
dl UL D L DR BS R,2,10,46,8,3,13,3
dl UL L D DR BS R,2,10,46,8,3,9,2
DR BS D dl L R UL,2,10,46,8,3,16,4
DR BS D dl L UL R,2,10,46,8,3,13,3
DR BS D dl R L UL,2,10,46,8,3,12,4
DR BS D L dl R UL,2,10,46,8,3,12,3
DR BS D L dl UL R,2,10,46,8,3,13,3
DR BS D L R dl UL,2,10,46,8,3,12,4
DR BS D L UL dl R,2,10,46,8,3,9,2
DR BS D R dl L UL,2,10,46,8,3,10,3
DR BS D R L dl UL,2,10,46,8,3,14,4
DR BS dl D L R UL,2,10,46,8,3,14,4
DR BS dl D L UL R,2,10,46,8,3,11,3
DR BS dl D R L UL,2,10,46,8,3,12,4
DR BS dl L D R UL,2,10,46,8,3,12,3
DR BS dl L D UL R,2,10,46,8,3,13,3
DR BS dl L R D UL,2,10,46,8,3,14,4
DR BS dl L R UL D,2,10,46,8,3,15,4
DR BS dl R D L UL,2,10,46,8,3,8,2
DR BS dl R L D UL,2,10,46,8,3,12,4
DR BS dl R L UL D,2,10,46,8,3,11,4
DR BS L D dl R UL,2,10,46,8,3,12,3
DR BS L D dl UL R,2,10,46,8,3,13,3
DR BS L D R dl UL,2,10,46,8,3,10,2
DR BS L D UL dl R,2,10,46,8,3,11,3
DR BS L dl D R UL,2,10,46,8,3,14,3
DR BS L dl D UL R,2,10,46,8,3,15,3
DR BS L dl R D UL,2,10,46,8,3,12,3
DR BS L dl R UL D,2,10,46,8,3,13,3
DR BS L R D dl UL,2,10,46,8,3,14,4
DR BS L R dl D UL,2,10,46,8,3,14,4
DR BS L R dl UL D,2,10,46,8,3,13,4
DR BS L R UL dl D,2,10,46,8,3,15,4
DR BS L UL R dl D,2,10,46,8,3,11,3
DR BS R D dl L UL,2,10,46,8,3,12,3
DR BS R D L dl UL,2,10,46,8,3,12,3
DR BS R dl D L UL,2,10,46,8,3,10,3
DR BS R dl L D UL,2,10,46,8,3,12,3
DR BS R dl L UL D,2,10,46,8,3,11,3
DR BS R L D dl UL,2,10,46,8,3,14,4
DR BS R L dl D UL,2,10,46,8,3,16,4
DR BS R L dl UL D,2,10,46,8,3,15,4
DR BS R L UL dl D,2,10,46,8,3,13,4
DR D BS dl L R UL,2,10,46,8,3,14,4
DR D BS dl L UL R,2,10,46,8,3,11,3
DR D BS dl R L UL,2,10,46,8,3,10,4
DR D BS L dl R UL,2,10,46,8,3,12,3
DR D BS L dl UL R,2,10,46,8,3,13,3
DR D BS L R dl UL,2,10,46,8,3,12,4
DR D BS L UL dl R,2,10,46,8,3,9,2
DR D BS R dl L UL,2,10,46,8,3,10,3
DR D BS R L dl UL,2,10,46,8,3,14,4
DR D dl BS L R UL,2,10,46,8,3,14,4
DR D dl BS L UL R,2,10,46,8,3,11,3
DR D dl BS R L UL,2,10,46,8,3,12,4
DR D dl L BS R UL,2,10,46,8,3,14,3
DR D dl L BS UL R,2,10,46,8,3,13,3
DR D dl L R BS UL,2,10,46,8,3,14,4
DR D dl L UL BS R,2,10,46,8,3,11,3
DR D dl R BS L UL,2,10,46,8,3,10,3
DR D dl R L BS UL,2,10,46,8,3,12,4
DR D L BS dl R UL,2,10,46,8,3,10,3
DR D L BS dl UL R,2,10,46,8,3,11,3
DR D L BS R dl UL,2,10,46,8,3,10,2
DR D L BS UL dl R,2,10,46,8,3,9,2
DR D L dl BS R UL,2,10,46,8,3,12,3
DR D L dl BS UL R,2,10,46,8,3,11,3
DR D L dl R BS UL,2,10,46,8,3,10,3
DR D L dl UL BS R,2,10,46,8,3,11,3
DR D L R BS dl UL,2,10,46,8,3,12,4
DR D L R dl BS UL,2,10,46,8,3,10,4
DR D L UL BS dl R,2,10,46,8,3,7,2
DR D L UL dl BS R,2,10,46,8,3,9,2
DR D R BS dl L UL,2,10,46,8,3,10,3
DR D R BS L dl UL,2,10,46,8,3,12,3
DR D R dl BS L UL,2,10,46,8,3,8,2
DR D R dl L BS UL,2,10,46,8,3,10,3
DR D R L BS dl UL,2,10,46,8,3,12,4
DR D R L dl BS UL,2,10,46,8,3,12,4
DR dl BS D L R UL,2,10,46,8,3,14,4
DR dl BS D L UL R,2,10,46,8,3,11,3
DR dl BS D R L UL,2,10,46,8,3,12,4
DR dl BS L D R UL,2,10,46,8,3,12,3
DR dl BS L D UL R,2,10,46,8,3,13,3
DR dl BS L R D UL,2,10,46,8,3,14,4
DR dl BS L R UL D,2,10,46,8,3,15,4
DR dl BS R D L UL,2,10,46,8,3,10,2
DR dl BS R L D UL,2,10,46,8,3,14,4
DR dl BS R L UL D,2,10,46,8,3,13,4
DR dl D BS L R UL,2,10,46,8,3,16,4
DR dl D BS L UL R,2,10,46,8,3,13,3
DR dl D BS R L UL,2,10,46,8,3,14,4
DR dl D L BS R UL,2,10,46,8,3,14,3
DR dl D L BS UL R,2,10,46,8,3,13,3
DR dl D L R BS UL,2,10,46,8,3,14,4
DR dl D L UL BS R,2,10,46,8,3,11,3
DR dl D R BS L UL,2,10,46,8,3,12,3
DR dl D R L BS UL,2,10,46,8,3,14,4
DR dl L BS D R UL,2,10,46,8,3,14,3
DR dl L BS D UL R,2,10,46,8,3,15,3
DR dl L BS R D UL,2,10,46,8,3,14,3
DR dl L BS R UL D,2,10,46,8,3,15,3
DR dl L D BS R UL,2,10,46,8,3,14,3
DR dl L D BS UL R,2,10,46,8,3,13,3
DR dl L D R BS UL,2,10,46,8,3,12,3
DR dl L D UL BS R,2,10,46,8,3,13,3
DR dl L R BS D UL,2,10,46,8,3,16,4
DR dl L R BS UL D,2,10,46,8,3,15,4
DR dl L R D BS UL,2,10,46,8,3,14,4
DR dl L R UL BS D,2,10,46,8,3,15,4
DR dl L UL D BS R,2,10,46,8,3,13,3
DR dl L UL R BS D,2,10,46,8,3,13,3
DR dl R BS D L UL,2,10,46,8,3,10,2
DR dl R BS L D UL,2,10,46,8,3,12,3
DR dl R BS L UL D,2,10,46,8,3,11,3
DR dl R D BS L UL,2,10,46,8,3,10,2
DR dl R D L BS UL,2,10,46,8,3,10,2
DR dl R L BS D UL,2,10,46,8,3,14,4
DR dl R L BS UL D,2,10,46,8,3,13,4
DR dl R L D BS UL,2,10,46,8,3,12,4
DR dl R L UL BS D,2,10,46,8,3,11,4
DR L BS D dl R UL,2,10,46,8,3,14,3
DR L BS D dl UL R,2,10,46,8,3,15,3
DR L BS D R dl UL,2,10,46,8,3,12,3
DR L BS D UL dl R,2,10,46,8,3,13,3
DR L BS dl D R UL,2,10,46,8,3,14,3
DR L BS dl D UL R,2,10,46,8,3,15,3
DR L BS dl R D UL,2,10,46,8,3,12,3
DR L BS dl R UL D,2,10,46,8,3,13,3
DR L BS R D dl UL,2,10,46,8,3,14,3
DR L BS R dl D UL,2,10,46,8,3,14,3
DR L BS R dl UL D,2,10,46,8,3,13,3
DR L BS R UL dl D,2,10,46,8,3,15,3
DR L BS UL R dl D,2,10,46,8,3,13,3
DR L D BS dl R UL,2,10,46,8,3,12,3
DR L D BS dl UL R,2,10,46,8,3,13,3
DR L D BS R dl UL,2,10,46,8,3,12,3
DR L D BS UL dl R,2,10,46,8,3,11,3
DR L D dl BS R UL,2,10,46,8,3,14,3
DR L D dl BS UL R,2,10,46,8,3,13,3
DR L D dl R BS UL,2,10,46,8,3,12,3
DR L D dl UL BS R,2,10,46,8,3,13,3
DR L D R BS dl UL,2,10,46,8,3,12,3
DR L D R dl BS UL,2,10,46,8,3,10,3
DR L D UL BS dl R,2,10,46,8,3,11,3
DR L D UL dl BS R,2,10,46,8,3,13,3
DR L dl BS D R UL,2,10,46,8,3,14,3
DR L dl BS D UL R,2,10,46,8,3,15,3
DR L dl BS R D UL,2,10,46,8,3,14,3
DR L dl BS R UL D,2,10,46,8,3,15,3
DR L dl D BS R UL,2,10,46,8,3,16,3
DR L dl D BS UL R,2,10,46,8,3,15,3
DR L dl D R BS UL,2,10,46,8,3,14,3
DR L dl D UL BS R,2,10,46,8,3,15,3
DR L dl R BS D UL,2,10,46,8,3,14,3
DR L dl R BS UL D,2,10,46,8,3,13,3
DR L dl R D BS UL,2,10,46,8,3,12,3
DR L dl R UL BS D,2,10,46,8,3,13,3
DR L dl UL D BS R,2,10,46,8,3,15,3
DR L dl UL R BS D,2,10,46,8,3,15,3
DR L R BS D dl UL,2,10,46,8,3,16,4
DR L R BS dl D UL,2,10,46,8,3,16,4
DR L R BS dl UL D,2,10,46,8,3,15,4
DR L R BS UL dl D,2,10,46,8,3,15,4
DR L R D BS dl UL,2,10,46,8,3,14,4
DR L R D dl BS UL,2,10,46,8,3,14,4
DR L R dl BS D UL,2,10,46,8,3,14,4
DR L R dl BS UL D,2,10,46,8,3,13,4
DR L R dl D BS UL,2,10,46,8,3,14,4
DR L R dl UL BS D,2,10,46,8,3,13,4
DR L R UL BS dl D,2,10,46,8,3,15,4
DR L R UL dl BS D,2,10,46,8,3,15,4
DR L UL BS R dl D,2,10,46,8,3,11,3
DR L UL D BS dl R,2,10,46,8,3,11,3
DR L UL D dl BS R,2,10,46,8,3,13,3
DR L UL dl D BS R,2,10,46,8,3,13,3
DR L UL dl R BS D,2,10,46,8,3,11,3
DR L UL R BS dl D,2,10,46,8,3,13,3
DR L UL R dl BS D,2,10,46,8,3,11,3
DR R BS D dl L UL,2,10,46,8,3,12,3
DR R BS D L dl UL,2,10,46,8,3,12,3
DR R BS dl D L UL,2,10,46,8,3,10,3
DR R BS dl L D UL,2,10,46,8,3,12,3
DR R BS dl L UL D,2,10,46,8,3,11,3
DR R BS L D dl UL,2,10,46,8,3,12,3
DR R BS L dl D UL,2,10,46,8,3,14,3
DR R BS L dl UL D,2,10,46,8,3,13,3
DR R BS L UL dl D,2,10,46,8,3,11,3
DR R D BS dl L UL,2,10,46,8,3,10,3
DR R D BS L dl UL,2,10,46,8,3,12,3
DR R D dl BS L UL,2,10,46,8,3,10,3
DR R D dl L BS UL,2,10,46,8,3,12,3
DR R D L BS dl UL,2,10,46,8,3,10,2
DR R D L dl BS UL,2,10,46,8,3,10,3
DR R dl BS D L UL,2,10,46,8,3,8,2
DR R dl BS L D UL,2,10,46,8,3,10,3
DR R dl BS L UL D,2,10,46,8,3,9,3
DR R dl D BS L UL,2,10,46,8,3,10,3
DR R dl D L BS UL,2,10,46,8,3,10,3
DR R dl L BS D UL,2,10,46,8,3,12,3
DR R dl L BS UL D,2,10,46,8,3,11,3
DR R dl L D BS UL,2,10,46,8,3,10,3
DR R dl L UL BS D,2,10,46,8,3,9,3
DR R L BS D dl UL,2,10,46,8,3,14,4
DR R L BS dl D UL,2,10,46,8,3,14,4
DR R L BS dl UL D,2,10,46,8,3,13,4
DR R L BS UL dl D,2,10,46,8,3,13,4
DR R L D BS dl UL,2,10,46,8,3,12,4
DR R L D dl BS UL,2,10,46,8,3,12,4
DR R L dl BS D UL,2,10,46,8,3,14,4
DR R L dl BS UL D,2,10,46,8,3,13,4
DR R L dl D BS UL,2,10,46,8,3,14,4
DR R L dl UL BS D,2,10,46,8,3,13,4
DR R L UL BS dl D,2,10,46,8,3,11,4
DR R L UL dl BS D,2,10,46,8,3,11,4
L BS dl DR D R UL,2,10,46,8,3,11,3
L BS dl DR D UL R,2,10,46,8,3,12,3
L BS dl DR R D UL,2,10,46,8,3,11,3
L BS dl DR R UL D,2,10,46,8,3,12,3
L BS dl R DR D UL,2,10,46,8,3,9,3
L BS dl R DR UL D,2,10,46,8,3,10,3
L BS DR D dl R UL,2,10,46,8,3,11,3
L BS DR D dl UL R,2,10,46,8,3,12,3
L BS DR D R dl UL,2,10,46,8,3,9,2
L BS DR D UL dl R,2,10,46,8,3,10,3
L BS DR dl D R UL,2,10,46,8,3,13,3
L BS DR dl D UL R,2,10,46,8,3,14,3
L BS DR dl R D UL,2,10,46,8,3,11,3
L BS DR dl R UL D,2,10,46,8,3,12,3
L BS DR R D dl UL,2,10,46,8,3,11,3
L BS DR R dl D UL,2,10,46,8,3,11,3
L BS DR R dl UL D,2,10,46,8,3,10,3
L BS DR R UL dl D,2,10,46,8,3,12,3
L BS DR UL R dl D,2,10,46,8,3,12,3
L BS R dl DR D UL,2,10,46,8,3,11,3
L BS R dl DR UL D,2,10,46,8,3,12,3
L BS R DR D dl UL,2,10,46,8,3,11,3
L BS R DR dl D UL,2,10,46,8,3,13,3
L BS R DR dl UL D,2,10,46,8,3,12,3
L BS R DR UL dl D,2,10,46,8,3,12,3
L BS R UL DR dl D,2,10,46,8,3,14,3
L BS UL DR R dl D,2,10,46,8,3,10,3
L BS UL R DR dl D,2,10,46,8,3,12,3
L dl BS DR D R UL,2,10,46,8,3,11,3
L dl BS DR D UL R,2,10,46,8,3,12,3
L dl BS DR R D UL,2,10,46,8,3,11,3
L dl BS DR R UL D,2,10,46,8,3,12,3
L dl BS R DR D UL,2,10,46,8,3,11,3
L dl BS R DR UL D,2,10,46,8,3,12,3
L dl DR BS D R UL,2,10,46,8,3,13,3
L dl DR BS D UL R,2,10,46,8,3,14,3
L dl DR BS R D UL,2,10,46,8,3,13,3
L dl DR BS R UL D,2,10,46,8,3,14,3
L dl DR D BS R UL,2,10,46,8,3,13,3
L dl DR D BS UL R,2,10,46,8,3,12,3
L dl DR D R BS UL,2,10,46,8,3,11,3
L dl DR D UL BS R,2,10,46,8,3,12,3
L dl DR R BS D UL,2,10,46,8,3,13,3
L dl DR R BS UL D,2,10,46,8,3,12,3
L dl DR R D BS UL,2,10,46,8,3,11,3
L dl DR R UL BS D,2,10,46,8,3,12,3
L dl DR UL D BS R,2,10,46,8,3,14,3
L dl DR UL R BS D,2,10,46,8,3,14,3
L dl R BS DR D UL,2,10,46,8,3,11,3
L dl R BS DR UL D,2,10,46,8,3,12,3
L dl R DR BS D UL,2,10,46,8,3,11,3
L dl R DR BS UL D,2,10,46,8,3,10,3
L dl R DR D BS UL,2,10,46,8,3,9,3
L dl R DR UL BS D,2,10,46,8,3,10,3
L dl R UL DR BS D,2,10,46,8,3,12,3
L dl UL DR D BS R,2,10,46,8,3,12,3
L dl UL DR R BS D,2,10,46,8,3,12,3
L dl UL R DR BS D,2,10,46,8,3,12,3
L DR BS D dl R UL,2,10,46,8,3,13,3
L DR BS D dl UL R,2,10,46,8,3,14,3
L DR BS D R dl UL,2,10,46,8,3,11,3
L DR BS D UL dl R,2,10,46,8,3,12,3
L DR BS dl D R UL,2,10,46,8,3,13,3
L DR BS dl D UL R,2,10,46,8,3,14,3
L DR BS dl R D UL,2,10,46,8,3,11,3
L DR BS dl R UL D,2,10,46,8,3,12,3
L DR BS R D dl UL,2,10,46,8,3,13,3
L DR BS R dl D UL,2,10,46,8,3,13,3
L DR BS R dl UL D,2,10,46,8,3,12,3
L DR BS R UL dl D,2,10,46,8,3,14,3
L DR BS UL R dl D,2,10,46,8,3,12,3
L DR D BS dl R UL,2,10,46,8,3,11,3
L DR D BS dl UL R,2,10,46,8,3,12,3
L DR D BS R dl UL,2,10,46,8,3,11,3
L DR D BS UL dl R,2,10,46,8,3,10,3
L DR D dl BS R UL,2,10,46,8,3,13,3
L DR D dl BS UL R,2,10,46,8,3,12,3
L DR D dl R BS UL,2,10,46,8,3,11,3
L DR D dl UL BS R,2,10,46,8,3,12,3
L DR D R BS dl UL,2,10,46,8,3,11,3
L DR D R dl BS UL,2,10,46,8,3,9,3
L DR D UL BS dl R,2,10,46,8,3,10,3
L DR D UL dl BS R,2,10,46,8,3,12,3
L DR dl BS D R UL,2,10,46,8,3,13,3
L DR dl BS D UL R,2,10,46,8,3,14,3
L DR dl BS R D UL,2,10,46,8,3,13,3
L DR dl BS R UL D,2,10,46,8,3,14,3
L DR dl D BS R UL,2,10,46,8,3,15,3
L DR dl D BS UL R,2,10,46,8,3,14,3
L DR dl D R BS UL,2,10,46,8,3,13,3
L DR dl D UL BS R,2,10,46,8,3,14,3
L DR dl R BS D UL,2,10,46,8,3,13,3
L DR dl R BS UL D,2,10,46,8,3,12,3
L DR dl R D BS UL,2,10,46,8,3,11,3
L DR dl R UL BS D,2,10,46,8,3,12,3
L DR dl UL D BS R,2,10,46,8,3,14,3
L DR dl UL R BS D,2,10,46,8,3,14,3
L DR R BS D dl UL,2,10,46,8,3,13,3
L DR R BS dl D UL,2,10,46,8,3,13,3
L DR R BS dl UL D,2,10,46,8,3,12,3
L DR R BS UL dl D,2,10,46,8,3,12,3
L DR R D BS dl UL,2,10,46,8,3,11,3
L DR R D dl BS UL,2,10,46,8,3,11,3
L DR R dl BS D UL,2,10,46,8,3,11,3
L DR R dl BS UL D,2,10,46,8,3,10,3
L DR R dl D BS UL,2,10,46,8,3,11,3
L DR R dl UL BS D,2,10,46,8,3,10,3
L DR R UL BS dl D,2,10,46,8,3,12,3
L DR R UL dl BS D,2,10,46,8,3,12,3
L DR UL BS R dl D,2,10,46,8,3,12,3
L DR UL D BS dl R,2,10,46,8,3,12,3
L DR UL D dl BS R,2,10,46,8,3,14,3
L DR UL dl D BS R,2,10,46,8,3,14,3
L DR UL dl R BS D,2,10,46,8,3,12,3
L DR UL R BS dl D,2,10,46,8,3,14,3
L DR UL R dl BS D,2,10,46,8,3,12,3
L R BS dl DR D UL,2,10,46,8,3,13,4
L R BS dl DR UL D,2,10,46,8,3,14,4
L R BS DR D dl UL,2,10,46,8,3,13,4
L R BS DR dl D UL,2,10,46,8,3,15,4
L R BS DR dl UL D,2,10,46,8,3,14,4
L R BS DR UL dl D,2,10,46,8,3,14,4
L R BS UL DR dl D,2,10,46,8,3,14,4
L R dl BS DR D UL,2,10,46,8,3,11,4
L R dl BS DR UL D,2,10,46,8,3,12,4
L R dl DR BS D UL,2,10,46,8,3,13,4
L R dl DR BS UL D,2,10,46,8,3,12,4
L R dl DR D BS UL,2,10,46,8,3,11,4
L R dl DR UL BS D,2,10,46,8,3,12,4
L R dl UL DR BS D,2,10,46,8,3,12,4
L R DR BS D dl UL,2,10,46,8,3,13,4
L R DR BS dl D UL,2,10,46,8,3,13,4
L R DR BS dl UL D,2,10,46,8,3,12,4
L R DR BS UL dl D,2,10,46,8,3,12,4
L R DR D BS dl UL,2,10,46,8,3,11,4
L R DR D dl BS UL,2,10,46,8,3,11,4
L R DR dl BS D UL,2,10,46,8,3,13,4
L R DR dl BS UL D,2,10,46,8,3,12,4
L R DR dl D BS UL,2,10,46,8,3,13,4
L R DR dl UL BS D,2,10,46,8,3,12,4
L R DR UL BS dl D,2,10,46,8,3,12,4
L R DR UL dl BS D,2,10,46,8,3,12,4
L R UL BS DR dl D,2,10,46,8,3,14,4
L R UL dl DR BS D,2,10,46,8,3,14,4
L R UL DR BS dl D,2,10,46,8,3,14,4
L R UL DR dl BS D,2,10,46,8,3,14,4
L UL BS DR R dl D,2,10,46,8,3,8,3
L UL BS R DR dl D,2,10,46,8,3,10,3
L UL dl DR D BS R,2,10,46,8,3,10,2
L UL dl DR R BS D,2,10,46,8,3,10,2
L UL dl R DR BS D,2,10,46,8,3,8,2
L UL DR BS R dl D,2,10,46,8,3,10,3
L UL DR D BS dl R,2,10,46,8,3,8,2
L UL DR D dl BS R,2,10,46,8,3,10,3
L UL DR dl D BS R,2,10,46,8,3,12,3
L UL DR dl R BS D,2,10,46,8,3,10,2
L UL DR R BS dl D,2,10,46,8,3,10,3
L UL DR R dl BS D,2,10,46,8,3,8,2
L UL R BS DR dl D,2,10,46,8,3,12,3
L UL R dl DR BS D,2,10,46,8,3,10,3
L UL R DR BS dl D,2,10,46,8,3,10,3
L UL R DR dl BS D,2,10,46,8,3,10,3
R BS dl DR D L UL,2,10,46,8,3,9,2
R BS dl DR L D UL,2,10,46,8,3,13,3
R BS dl DR L UL D,2,10,46,8,3,12,3
R BS dl L DR D UL,2,10,46,8,3,13,3
R BS dl L DR UL D,2,10,46,8,3,14,3
R BS DR D dl L UL,2,10,46,8,3,11,3
R BS DR D L dl UL,2,10,46,8,3,11,3
R BS DR dl D L UL,2,10,46,8,3,11,3
R BS DR dl L D UL,2,10,46,8,3,13,3
R BS DR dl L UL D,2,10,46,8,3,12,3
R BS DR L D dl UL,2,10,46,8,3,13,3
R BS DR L dl D UL,2,10,46,8,3,15,3
R BS DR L dl UL D,2,10,46,8,3,14,3
R BS DR L UL dl D,2,10,46,8,3,12,3
R BS L dl DR D UL,2,10,46,8,3,13,3
R BS L dl DR UL D,2,10,46,8,3,14,3
R BS L DR D dl UL,2,10,46,8,3,13,3
R BS L DR dl D UL,2,10,46,8,3,15,3
R BS L DR dl UL D,2,10,46,8,3,14,3
R BS L DR UL dl D,2,10,46,8,3,14,3
R BS L UL DR dl D,2,10,46,8,3,12,3
R dl BS DR D L UL,2,10,46,8,3,7,2
R dl BS DR L D UL,2,10,46,8,3,11,3
R dl BS DR L UL D,2,10,46,8,3,10,3
R dl BS L DR D UL,2,10,46,8,3,11,3
R dl BS L DR UL D,2,10,46,8,3,12,3
R dl DR BS D L UL,2,10,46,8,3,9,2
R dl DR BS L D UL,2,10,46,8,3,11,3
R dl DR BS L UL D,2,10,46,8,3,10,3
R dl DR D BS L UL,2,10,46,8,3,9,2
R dl DR D L BS UL,2,10,46,8,3,9,2
R dl DR L BS D UL,2,10,46,8,3,13,3
R dl DR L BS UL D,2,10,46,8,3,12,3
R dl DR L D BS UL,2,10,46,8,3,11,3
R dl DR L UL BS D,2,10,46,8,3,10,3
R dl L BS DR D UL,2,10,46,8,3,11,3
R dl L BS DR UL D,2,10,46,8,3,12,3
R dl L DR BS D UL,2,10,46,8,3,13,3
R dl L DR BS UL D,2,10,46,8,3,12,3
R dl L DR D BS UL,2,10,46,8,3,11,3
R dl L DR UL BS D,2,10,46,8,3,12,3
R dl L UL DR BS D,2,10,46,8,3,10,3
R DR BS D dl L UL,2,10,46,8,3,11,3
R DR BS D L dl UL,2,10,46,8,3,11,3
R DR BS dl D L UL,2,10,46,8,3,9,3
R DR BS dl L D UL,2,10,46,8,3,11,3
R DR BS dl L UL D,2,10,46,8,3,10,3
R DR BS L D dl UL,2,10,46,8,3,11,3
R DR BS L dl D UL,2,10,46,8,3,13,3
R DR BS L dl UL D,2,10,46,8,3,12,3
R DR BS L UL dl D,2,10,46,8,3,10,3
R DR D BS dl L UL,2,10,46,8,3,9,3
R DR D BS L dl UL,2,10,46,8,3,11,3
R DR D dl BS L UL,2,10,46,8,3,9,3
R DR D dl L BS UL,2,10,46,8,3,11,3
R DR D L BS dl UL,2,10,46,8,3,9,2
R DR D L dl BS UL,2,10,46,8,3,9,3
R DR dl BS D L UL,2,10,46,8,3,9,2
R DR dl BS L D UL,2,10,46,8,3,11,3
R DR dl BS L UL D,2,10,46,8,3,10,3
R DR dl D BS L UL,2,10,46,8,3,11,3
R DR dl D L BS UL,2,10,46,8,3,11,3
R DR dl L BS D UL,2,10,46,8,3,13,3
R DR dl L BS UL D,2,10,46,8,3,12,3
R DR dl L D BS UL,2,10,46,8,3,11,3
R DR dl L UL BS D,2,10,46,8,3,10,3
R DR L BS D dl UL,2,10,46,8,3,13,3
R DR L BS dl D UL,2,10,46,8,3,13,3
R DR L BS dl UL D,2,10,46,8,3,12,3
R DR L BS UL dl D,2,10,46,8,3,12,3
R DR L D BS dl UL,2,10,46,8,3,11,3
R DR L D dl BS UL,2,10,46,8,3,11,3
R DR L dl BS D UL,2,10,46,8,3,13,3
R DR L dl BS UL D,2,10,46,8,3,12,3
R DR L dl D BS UL,2,10,46,8,3,13,3
R DR L dl UL BS D,2,10,46,8,3,12,3
R DR L UL BS dl D,2,10,46,8,3,10,3
R DR L UL dl BS D,2,10,46,8,3,10,3
R L BS dl DR D UL,2,10,46,8,3,13,4
R L BS dl DR UL D,2,10,46,8,3,14,4
R L BS DR D dl UL,2,10,46,8,3,13,4
R L BS DR dl D UL,2,10,46,8,3,15,4
R L BS DR dl UL D,2,10,46,8,3,14,4
R L BS DR UL dl D,2,10,46,8,3,14,4
R L BS UL DR dl D,2,10,46,8,3,14,4
R L dl BS DR D UL,2,10,46,8,3,13,4
R L dl BS DR UL D,2,10,46,8,3,14,4
R L dl DR BS D UL,2,10,46,8,3,15,4
R L dl DR BS UL D,2,10,46,8,3,14,4
R L dl DR D BS UL,2,10,46,8,3,13,4
R L dl DR UL BS D,2,10,46,8,3,14,4
R L dl UL DR BS D,2,10,46,8,3,14,4
R L DR BS D dl UL,2,10,46,8,3,15,4
R L DR BS dl D UL,2,10,46,8,3,15,4
R L DR BS dl UL D,2,10,46,8,3,14,4
R L DR BS UL dl D,2,10,46,8,3,14,4
R L DR D BS dl UL,2,10,46,8,3,13,4
R L DR D dl BS UL,2,10,46,8,3,13,4
R L DR dl BS D UL,2,10,46,8,3,15,4
R L DR dl BS UL D,2,10,46,8,3,14,4
R L DR dl D BS UL,2,10,46,8,3,15,4
R L DR dl UL BS D,2,10,46,8,3,14,4
R L DR UL BS dl D,2,10,46,8,3,14,4
R L DR UL dl BS D,2,10,46,8,3,14,4
R L UL BS DR dl D,2,10,46,8,3,12,4
R L UL dl DR BS D,2,10,46,8,3,12,4
R L UL DR BS dl D,2,10,46,8,3,12,4
R L UL DR dl BS D,2,10,46,8,3,12,4
UL BS D dl DR L R,2,10,46,8,3,15,4
UL BS D dl DR R L,2,10,46,8,3,13,4
UL BS D DR dl L R,2,10,46,8,3,13,4
UL BS D DR dl R L,2,10,46,8,3,11,4
UL BS D DR L dl R,2,10,46,8,3,11,3
UL BS D DR R dl L,2,10,46,8,3,9,3
UL BS dl D DR L R,2,10,46,8,3,13,4
UL BS dl D DR R L,2,10,46,8,3,11,4
UL D BS dl DR L R,2,10,46,8,3,15,4
UL D BS dl DR R L,2,10,46,8,3,13,4
UL D BS DR dl L R,2,10,46,8,3,15,4
UL D BS DR dl R L,2,10,46,8,3,13,4
UL D BS DR L dl R,2,10,46,8,3,13,3
UL D BS DR R dl L,2,10,46,8,3,11,3
UL D dl BS DR L R,2,10,46,8,3,15,4
UL D dl BS DR R L,2,10,46,8,3,13,4
UL D dl DR BS L R,2,10,46,8,3,15,4
UL D dl DR BS R L,2,10,46,8,3,15,4
UL D dl DR L BS R,2,10,46,8,3,15,3
UL D dl DR R BS L,2,10,46,8,3,13,3
UL D dl L DR BS R,2,10,46,8,3,15,3
UL D DR BS dl L R,2,10,46,8,3,13,4
UL D DR BS dl R L,2,10,46,8,3,11,4
UL D DR BS L dl R,2,10,46,8,3,11,3
UL D DR BS R dl L,2,10,46,8,3,11,3
UL D DR dl BS L R,2,10,46,8,3,13,4
UL D DR dl BS R L,2,10,46,8,3,13,4
UL D DR dl L BS R,2,10,46,8,3,13,3
UL D DR dl R BS L,2,10,46,8,3,11,3
UL D DR L BS dl R,2,10,46,8,3,11,3
UL D DR L dl BS R,2,10,46,8,3,13,3
UL D DR R BS dl L,2,10,46,8,3,11,3
UL D DR R dl BS L,2,10,46,8,3,9,3
UL D L dl DR BS R,2,10,46,8,3,13,3
UL D L DR BS dl R,2,10,46,8,3,11,3
UL D L DR dl BS R,2,10,46,8,3,13,3
UL dl BS D DR L R,2,10,46,8,3,13,4
UL dl BS D DR R L,2,10,46,8,3,11,4
UL dl D BS DR L R,2,10,46,8,3,15,4
UL dl D BS DR R L,2,10,46,8,3,13,4
UL dl D DR BS L R,2,10,46,8,3,13,4
UL dl D DR BS R L,2,10,46,8,3,13,4
UL dl D DR L BS R,2,10,46,8,3,13,3
UL dl D DR R BS L,2,10,46,8,3,11,3
UL dl D L DR BS R,2,10,46,8,3,13,3
UL dl L D DR BS R,2,10,46,8,3,11,3
UL L D dl DR BS R,2,10,46,8,3,11,3
UL L D DR BS dl R,2,10,46,8,3,7,2
UL L D DR dl BS R,2,10,46,8,3,9,2
UL L dl D DR BS R,2,10,46,8,3,11,3
BS dl DR D UL L R,2,10,48,8,3,12,4
BS dl DR D UL R L,2,10,48,8,3,14,4
BS dl DR UL D L R,2,10,48,8,3,14,4
BS dl DR UL D R L,2,10,48,8,3,14,4
BS dl UL DR D L R,2,10,48,8,3,12,4
BS dl UL DR D R L,2,10,48,8,3,12,4
BS DR D dl UL L R,2,10,48,8,3,12,4
BS DR D dl UL R L,2,10,48,8,3,14,4
BS DR D R UL dl L,2,10,48,8,3,12,3
BS DR D UL dl L R,2,10,48,8,3,14,4
BS DR D UL dl R L,2,10,48,8,3,12,4
BS DR D UL L dl R,2,10,48,8,3,10,3
BS DR D UL R dl L,2,10,48,8,3,12,3
BS DR dl D UL L R,2,10,48,8,3,14,4
BS DR dl D UL R L,2,10,48,8,3,16,4
BS DR dl UL D L R,2,10,48,8,3,14,4
BS DR dl UL D R L,2,10,48,8,3,14,4
BS DR R D UL dl L,2,10,48,8,3,12,3
BS DR R UL D dl L,2,10,48,8,3,14,3
BS DR R UL dl D L,2,10,48,8,3,12,3
BS DR R UL dl L D,2,10,48,8,3,12,3
BS DR R UL L dl D,2,10,48,8,3,12,3
BS DR UL D dl L R,2,10,48,8,3,16,4
BS DR UL D dl R L,2,10,48,8,3,14,4
BS DR UL D L dl R,2,10,48,8,3,12,3
BS DR UL D R dl L,2,10,48,8,3,12,3
BS DR UL dl D L R,2,10,48,8,3,14,4
BS DR UL dl D R L,2,10,48,8,3,14,4
BS DR UL L R dl D,2,10,48,8,3,12,4
BS DR UL R D dl L,2,10,48,8,3,14,3
BS DR UL R dl D L,2,10,48,8,3,12,3
BS DR UL R dl L D,2,10,48,8,3,12,3
BS DR UL R L dl D,2,10,48,8,3,16,4
BS R DR D UL dl L,2,10,48,8,3,12,3
BS R DR UL D dl L,2,10,48,8,3,14,3
BS R DR UL dl D L,2,10,48,8,3,12,3
BS R DR UL dl L D,2,10,48,8,3,12,3
BS R DR UL L dl D,2,10,48,8,3,12,3
BS R UL DR D dl L,2,10,48,8,3,14,3
BS R UL DR dl D L,2,10,48,8,3,14,3
BS R UL DR dl L D,2,10,48,8,3,14,3
BS R UL DR L dl D,2,10,48,8,3,16,3
BS R UL L DR dl D,2,10,48,8,3,14,3
BS UL dl DR D L R,2,10,48,8,3,12,4
BS UL dl DR D R L,2,10,48,8,3,12,4
BS UL DR D dl L R,2,10,48,8,3,14,4
BS UL DR D dl R L,2,10,48,8,3,12,4
BS UL DR D L dl R,2,10,48,8,3,10,3
BS UL DR D R dl L,2,10,48,8,3,10,3
BS UL DR dl D L R,2,10,48,8,3,14,4
BS UL DR dl D R L,2,10,48,8,3,14,4
BS UL DR L R dl D,2,10,48,8,3,14,4
BS UL DR R D dl L,2,10,48,8,3,12,3
BS UL DR R dl D L,2,10,48,8,3,10,3
BS UL DR R dl L D,2,10,48,8,3,10,3
BS UL DR R L dl D,2,10,48,8,3,14,4
BS UL L DR R dl D,2,10,48,8,3,10,3
BS UL L R DR dl D,2,10,48,8,3,12,4
BS UL R DR D dl L,2,10,48,8,3,12,3
BS UL R DR dl D L,2,10,48,8,3,12,3
BS UL R DR dl L D,2,10,48,8,3,12,3
BS UL R DR L dl D,2,10,48,8,3,14,3
BS UL R L DR dl D,2,10,48,8,3,16,4
dl BS DR D UL L R,2,10,48,8,3,11,4
dl BS DR D UL R L,2,10,48,8,3,13,4
dl BS DR UL D L R,2,10,48,8,3,13,4
dl BS DR UL D R L,2,10,48,8,3,13,4
dl BS UL DR D L R,2,10,48,8,3,11,4
dl BS UL DR D R L,2,10,48,8,3,11,4
dl DR BS D UL L R,2,10,48,8,3,13,4
dl DR BS D UL R L,2,10,48,8,3,15,4
dl DR BS UL D L R,2,10,48,8,3,13,4
dl DR BS UL D R L,2,10,48,8,3,13,4
dl DR D BS UL L R,2,10,48,8,3,11,4
dl DR D BS UL R L,2,10,48,8,3,13,4
dl DR D R UL BS L,2,10,48,8,3,11,3
dl DR D UL BS L R,2,10,48,8,3,13,4
dl DR D UL BS R L,2,10,48,8,3,13,4
dl DR D UL L BS R,2,10,48,8,3,11,3
dl DR D UL R BS L,2,10,48,8,3,13,3
dl DR R D UL BS L,2,10,48,8,3,11,3
dl DR R UL BS D L,2,10,48,8,3,11,3
dl DR R UL BS L D,2,10,48,8,3,11,3
dl DR R UL D BS L,2,10,48,8,3,13,3
dl DR R UL L BS D,2,10,48,8,3,11,3
dl DR UL BS D L R,2,10,48,8,3,13,4
dl DR UL BS D R L,2,10,48,8,3,13,4
dl DR UL D BS L R,2,10,48,8,3,15,4
dl DR UL D BS R L,2,10,48,8,3,15,4
dl DR UL D L BS R,2,10,48,8,3,13,3
dl DR UL D R BS L,2,10,48,8,3,13,3
dl DR UL L D BS R,2,10,48,8,3,11,2
dl DR UL L R BS D,2,10,48,8,3,13,4
dl DR UL R BS D L,2,10,48,8,3,13,3
dl DR UL R BS L D,2,10,48,8,3,13,3
dl DR UL R D BS L,2,10,48,8,3,13,3
dl DR UL R L BS D,2,10,48,8,3,15,4
dl R DR D UL BS L,2,10,48,8,3,9,3
dl R DR UL BS D L,2,10,48,8,3,9,2
dl R DR UL BS L D,2,10,48,8,3,9,2
dl R DR UL D BS L,2,10,48,8,3,11,3
dl R DR UL L BS D,2,10,48,8,3,9,2
dl R UL DR BS D L,2,10,48,8,3,11,3
dl R UL DR BS L D,2,10,48,8,3,11,3
dl R UL DR D BS L,2,10,48,8,3,11,3
dl R UL DR L BS D,2,10,48,8,3,13,3
dl R UL L DR BS D,2,10,48,8,3,11,3
dl UL BS DR D L R,2,10,48,8,3,11,4
dl UL BS DR D R L,2,10,48,8,3,11,4
dl UL DR BS D L R,2,10,48,8,3,13,4
dl UL DR BS D R L,2,10,48,8,3,13,4
dl UL DR D BS L R,2,10,48,8,3,13,4
dl UL DR D BS R L,2,10,48,8,3,13,4
dl UL DR D L BS R,2,10,48,8,3,11,2
dl UL DR D R BS L,2,10,48,8,3,11,2
dl UL DR L D BS R,2,10,48,8,3,13,3
dl UL DR L R BS D,2,10,48,8,3,15,4
dl UL DR R BS D L,2,10,48,8,3,11,2
dl UL DR R BS L D,2,10,48,8,3,11,2
dl UL DR R D BS L,2,10,48,8,3,11,2
dl UL DR R L BS D,2,10,48,8,3,13,4
dl UL L DR D BS R,2,10,48,8,3,11,3
dl UL L DR R BS D,2,10,48,8,3,11,3
dl UL L R DR BS D,2,10,48,8,3,11,4
dl UL R DR BS D L,2,10,48,8,3,11,3
dl UL R DR BS L D,2,10,48,8,3,11,3
dl UL R DR D BS L,2,10,48,8,3,11,3
dl UL R DR L BS D,2,10,48,8,3,13,3
dl UL R L DR BS D,2,10,48,8,3,15,4
DR BS D dl UL L R,2,10,48,8,3,13,4
DR BS D dl UL R L,2,10,48,8,3,15,4
DR BS D R UL dl L,2,10,48,8,3,13,3
DR BS D UL dl L R,2,10,48,8,3,15,4
DR BS D UL dl R L,2,10,48,8,3,13,4
DR BS D UL L dl R,2,10,48,8,3,11,3
DR BS D UL R dl L,2,10,48,8,3,13,3
DR BS dl D UL L R,2,10,48,8,3,13,4
DR BS dl D UL R L,2,10,48,8,3,15,4
DR BS dl UL D L R,2,10,48,8,3,13,4
DR BS dl UL D R L,2,10,48,8,3,13,4
DR BS R D UL dl L,2,10,48,8,3,13,3
DR BS R UL D dl L,2,10,48,8,3,15,3
DR BS R UL dl D L,2,10,48,8,3,13,3
DR BS R UL dl L D,2,10,48,8,3,13,3
DR BS R UL L dl D,2,10,48,8,3,13,3
DR BS UL D dl L R,2,10,48,8,3,15,4
DR BS UL D dl R L,2,10,48,8,3,13,4
DR BS UL D L dl R,2,10,48,8,3,11,3
DR BS UL D R dl L,2,10,48,8,3,11,3
DR BS UL dl D L R,2,10,48,8,3,13,4
DR BS UL dl D R L,2,10,48,8,3,13,4
DR BS UL L R dl D,2,10,48,8,3,11,4
DR BS UL R D dl L,2,10,48,8,3,13,3
DR BS UL R dl D L,2,10,48,8,3,11,3
DR BS UL R dl L D,2,10,48,8,3,11,3
DR BS UL R L dl D,2,10,48,8,3,15,4
DR D BS dl UL L R,2,10,48,8,3,11,4
DR D BS dl UL R L,2,10,48,8,3,13,4
DR D BS R UL dl L,2,10,48,8,3,13,3
DR D BS UL dl L R,2,10,48,8,3,13,4
DR D BS UL dl R L,2,10,48,8,3,11,4
DR D BS UL L dl R,2,10,48,8,3,9,3
DR D BS UL R dl L,2,10,48,8,3,11,3
DR D dl BS UL L R,2,10,48,8,3,11,4
DR D dl BS UL R L,2,10,48,8,3,13,4
DR D dl R UL BS L,2,10,48,8,3,11,3
DR D dl UL BS L R,2,10,48,8,3,13,4
DR D dl UL BS R L,2,10,48,8,3,13,4
DR D dl UL L BS R,2,10,48,8,3,11,3
DR D dl UL R BS L,2,10,48,8,3,13,3
DR D R BS UL dl L,2,10,48,8,3,11,3
DR D R dl UL BS L,2,10,48,8,3,9,2
DR D R UL BS dl L,2,10,48,8,3,11,3
DR D R UL dl BS L,2,10,48,8,3,11,3
DR D UL BS dl L R,2,10,48,8,3,13,4
DR D UL BS dl R L,2,10,48,8,3,11,4
DR D UL BS L dl R,2,10,48,8,3,11,3
DR D UL BS R dl L,2,10,48,8,3,11,3
DR D UL dl BS L R,2,10,48,8,3,13,4
DR D UL dl BS R L,2,10,48,8,3,13,4
DR D UL dl L BS R,2,10,48,8,3,13,3
DR D UL dl R BS L,2,10,48,8,3,11,3
DR D UL L BS dl R,2,10,48,8,3,9,3
DR D UL L dl BS R,2,10,48,8,3,11,3
DR D UL R BS dl L,2,10,48,8,3,13,3
DR D UL R dl BS L,2,10,48,8,3,11,3
DR dl BS D UL L R,2,10,48,8,3,13,4
DR dl BS D UL R L,2,10,48,8,3,15,4
DR dl BS UL D L R,2,10,48,8,3,13,4
DR dl BS UL D R L,2,10,48,8,3,13,4
DR dl D BS UL L R,2,10,48,8,3,13,4
DR dl D BS UL R L,2,10,48,8,3,15,4
DR dl D R UL BS L,2,10,48,8,3,13,3
DR dl D UL BS L R,2,10,48,8,3,15,4
DR dl D UL BS R L,2,10,48,8,3,15,4
DR dl D UL L BS R,2,10,48,8,3,13,3
DR dl D UL R BS L,2,10,48,8,3,15,3
DR dl R D UL BS L,2,10,48,8,3,11,3
DR dl R UL BS D L,2,10,48,8,3,11,3
DR dl R UL BS L D,2,10,48,8,3,11,3
DR dl R UL D BS L,2,10,48,8,3,13,3
DR dl R UL L BS D,2,10,48,8,3,11,3
DR dl UL BS D L R,2,10,48,8,3,13,4
DR dl UL BS D R L,2,10,48,8,3,13,4
DR dl UL D BS L R,2,10,48,8,3,15,4
DR dl UL D BS R L,2,10,48,8,3,15,4
DR dl UL D L BS R,2,10,48,8,3,13,3
DR dl UL D R BS L,2,10,48,8,3,13,3
DR dl UL L D BS R,2,10,48,8,3,11,2
DR dl UL L R BS D,2,10,48,8,3,13,4
DR dl UL R BS D L,2,10,48,8,3,13,3
DR dl UL R BS L D,2,10,48,8,3,13,3
DR dl UL R D BS L,2,10,48,8,3,13,3
DR dl UL R L BS D,2,10,48,8,3,15,4
DR R BS D UL dl L,2,10,48,8,3,13,3
DR R BS UL D dl L,2,10,48,8,3,13,3
DR R BS UL dl D L,2,10,48,8,3,11,3
DR R BS UL dl L D,2,10,48,8,3,11,3
DR R BS UL L dl D,2,10,48,8,3,11,3
DR R D BS UL dl L,2,10,48,8,3,11,3
DR R D dl UL BS L,2,10,48,8,3,11,3
DR R D UL BS dl L,2,10,48,8,3,11,3
DR R D UL dl BS L,2,10,48,8,3,11,3
DR R dl D UL BS L,2,10,48,8,3,11,3
DR R dl UL BS D L,2,10,48,8,3,9,2
DR R dl UL BS L D,2,10,48,8,3,9,2
DR R dl UL D BS L,2,10,48,8,3,11,3
DR R dl UL L BS D,2,10,48,8,3,9,2
DR R UL BS D dl L,2,10,48,8,3,13,3
DR R UL BS dl D L,2,10,48,8,3,11,3
DR R UL BS dl L D,2,10,48,8,3,11,3
DR R UL BS L dl D,2,10,48,8,3,13,3
DR R UL D BS dl L,2,10,48,8,3,13,3
DR R UL D dl BS L,2,10,48,8,3,13,3
DR R UL dl BS D L,2,10,48,8,3,11,3
DR R UL dl BS L D,2,10,48,8,3,11,3
DR R UL dl D BS L,2,10,48,8,3,13,3
DR R UL dl L BS D,2,10,48,8,3,13,3
DR R UL L BS dl D,2,10,48,8,3,11,3
DR R UL L dl BS D,2,10,48,8,3,11,3
DR UL BS D dl L R,2,10,48,8,3,15,4
DR UL BS D dl R L,2,10,48,8,3,13,4
DR UL BS D L dl R,2,10,48,8,3,11,3
DR UL BS D R dl L,2,10,48,8,3,11,3
DR UL BS dl D L R,2,10,48,8,3,13,4
DR UL BS dl D R L,2,10,48,8,3,13,4
DR UL BS L R dl D,2,10,48,8,3,13,4
DR UL BS R D dl L,2,10,48,8,3,13,3
DR UL BS R dl D L,2,10,48,8,3,11,3
DR UL BS R dl L D,2,10,48,8,3,11,3
DR UL BS R L dl D,2,10,48,8,3,15,4
DR UL D BS dl L R,2,10,48,8,3,15,4
DR UL D BS dl R L,2,10,48,8,3,13,4
DR UL D BS L dl R,2,10,48,8,3,13,3
DR UL D BS R dl L,2,10,48,8,3,13,3
DR UL D dl BS L R,2,10,48,8,3,15,4
DR UL D dl BS R L,2,10,48,8,3,15,4
DR UL D dl L BS R,2,10,48,8,3,15,3
DR UL D dl R BS L,2,10,48,8,3,13,3
DR UL D L BS dl R,2,10,48,8,3,11,3
DR UL D L dl BS R,2,10,48,8,3,13,3
DR UL D R BS dl L,2,10,48,8,3,13,3
DR UL D R dl BS L,2,10,48,8,3,11,3
DR UL dl BS D L R,2,10,48,8,3,13,4
DR UL dl BS D R L,2,10,48,8,3,13,4
DR UL dl D BS L R,2,10,48,8,3,15,4
DR UL dl D BS R L,2,10,48,8,3,15,4
DR UL dl D L BS R,2,10,48,8,3,13,3
DR UL dl D R BS L,2,10,48,8,3,13,3
DR UL dl L D BS R,2,10,48,8,3,13,3
DR UL dl L R BS D,2,10,48,8,3,15,4
DR UL dl R BS D L,2,10,48,8,3,11,2
DR UL dl R BS L D,2,10,48,8,3,11,2
DR UL dl R D BS L,2,10,48,8,3,11,2
DR UL dl R L BS D,2,10,48,8,3,13,4
DR UL L BS R dl D,2,10,48,8,3,11,3
DR UL L D BS dl R,2,10,48,8,3,9,2
DR UL L D dl BS R,2,10,48,8,3,11,3
DR UL L dl D BS R,2,10,48,8,3,13,3
DR UL L dl R BS D,2,10,48,8,3,11,3
DR UL L R BS dl D,2,10,48,8,3,13,4
DR UL L R dl BS D,2,10,48,8,3,11,4
DR UL R BS D dl L,2,10,48,8,3,15,3
DR UL R BS dl D L,2,10,48,8,3,13,3
DR UL R BS dl L D,2,10,48,8,3,13,3
DR UL R BS L dl D,2,10,48,8,3,15,3
DR UL R D BS dl L,2,10,48,8,3,13,3
DR UL R D dl BS L,2,10,48,8,3,13,3
DR UL R dl BS D L,2,10,48,8,3,11,3
DR UL R dl BS L D,2,10,48,8,3,11,3
DR UL R dl D BS L,2,10,48,8,3,13,3
DR UL R dl L BS D,2,10,48,8,3,13,3
DR UL R L BS dl D,2,10,48,8,3,15,4
DR UL R L dl BS D,2,10,48,8,3,15,4
R BS DR D UL dl L,2,10,48,8,3,12,3
R BS DR UL D dl L,2,10,48,8,3,14,3
R BS DR UL dl D L,2,10,48,8,3,12,3
R BS DR UL dl L D,2,10,48,8,3,12,3
R BS DR UL L dl D,2,10,48,8,3,12,3
R BS UL DR D dl L,2,10,48,8,3,12,3
R BS UL DR dl D L,2,10,48,8,3,12,3
R BS UL DR dl L D,2,10,48,8,3,12,3
R BS UL DR L dl D,2,10,48,8,3,14,3
R BS UL L DR dl D,2,10,48,8,3,12,3
R dl DR D UL BS L,2,10,48,8,3,10,3
R dl DR UL BS D L,2,10,48,8,3,10,2
R dl DR UL BS L D,2,10,48,8,3,10,2
R dl DR UL D BS L,2,10,48,8,3,12,3
R dl DR UL L BS D,2,10,48,8,3,10,2
R dl UL DR BS D L,2,10,48,8,3,10,2
R dl UL DR BS L D,2,10,48,8,3,10,2
R dl UL DR D BS L,2,10,48,8,3,10,2
R dl UL DR L BS D,2,10,48,8,3,12,3
R dl UL L DR BS D,2,10,48,8,3,10,3
R DR BS D UL dl L,2,10,48,8,3,12,3
R DR BS UL D dl L,2,10,48,8,3,12,3
R DR BS UL dl D L,2,10,48,8,3,10,3
R DR BS UL dl L D,2,10,48,8,3,10,3
R DR BS UL L dl D,2,10,48,8,3,10,3
R DR D BS UL dl L,2,10,48,8,3,10,3
R DR D dl UL BS L,2,10,48,8,3,10,3
R DR D UL BS dl L,2,10,48,8,3,10,3
R DR D UL dl BS L,2,10,48,8,3,10,3
R DR dl D UL BS L,2,10,48,8,3,12,3
R DR dl UL BS D L,2,10,48,8,3,10,2
R DR dl UL BS L D,2,10,48,8,3,10,2
R DR dl UL D BS L,2,10,48,8,3,12,3
R DR dl UL L BS D,2,10,48,8,3,10,2
R DR UL BS D dl L,2,10,48,8,3,12,3
R DR UL BS dl D L,2,10,48,8,3,10,3
R DR UL BS dl L D,2,10,48,8,3,10,3
R DR UL BS L dl D,2,10,48,8,3,12,3
R DR UL D BS dl L,2,10,48,8,3,12,3
R DR UL D dl BS L,2,10,48,8,3,12,3
R DR UL dl BS D L,2,10,48,8,3,10,2
R DR UL dl BS L D,2,10,48,8,3,10,2
R DR UL dl D BS L,2,10,48,8,3,12,3
R DR UL dl L BS D,2,10,48,8,3,12,3
R DR UL L BS dl D,2,10,48,8,3,10,3
R DR UL L dl BS D,2,10,48,8,3,10,3
R UL BS DR D dl L,2,10,48,8,3,12,3
R UL BS DR dl D L,2,10,48,8,3,12,3
R UL BS DR dl L D,2,10,48,8,3,12,3
R UL BS DR L dl D,2,10,48,8,3,14,3
R UL BS L DR dl D,2,10,48,8,3,14,3
R UL dl DR BS D L,2,10,48,8,3,12,3
R UL dl DR BS L D,2,10,48,8,3,12,3
R UL dl DR D BS L,2,10,48,8,3,12,3
R UL dl DR L BS D,2,10,48,8,3,14,3
R UL dl L DR BS D,2,10,48,8,3,14,3
R UL DR BS D dl L,2,10,48,8,3,14,3
R UL DR BS dl D L,2,10,48,8,3,12,3
R UL DR BS dl L D,2,10,48,8,3,12,3
R UL DR BS L dl D,2,10,48,8,3,14,3
R UL DR D BS dl L,2,10,48,8,3,12,3
R UL DR D dl BS L,2,10,48,8,3,12,3
R UL DR dl BS D L,2,10,48,8,3,12,3
R UL DR dl BS L D,2,10,48,8,3,12,3
R UL DR dl D BS L,2,10,48,8,3,14,3
R UL DR dl L BS D,2,10,48,8,3,14,3
R UL DR L BS dl D,2,10,48,8,3,14,3
R UL DR L dl BS D,2,10,48,8,3,14,3
R UL L BS DR dl D,2,10,48,8,3,12,3
R UL L dl DR BS D,2,10,48,8,3,12,3
R UL L DR BS dl D,2,10,48,8,3,12,3
R UL L DR dl BS D,2,10,48,8,3,12,3
UL BS dl DR D L R,2,10,48,8,3,11,4
UL BS dl DR D R L,2,10,48,8,3,11,4
UL BS DR D dl L R,2,10,48,8,3,13,4
UL BS DR D dl R L,2,10,48,8,3,11,4
UL BS DR D L dl R,2,10,48,8,3,9,3
UL BS DR D R dl L,2,10,48,8,3,9,3
UL BS DR dl D L R,2,10,48,8,3,13,4
UL BS DR dl D R L,2,10,48,8,3,13,4
UL BS DR L R dl D,2,10,48,8,3,13,4
UL BS DR R D dl L,2,10,48,8,3,11,3
UL BS DR R dl D L,2,10,48,8,3,9,3
UL BS DR R dl L D,2,10,48,8,3,9,3
UL BS DR R L dl D,2,10,48,8,3,13,4
UL BS L DR R dl D,2,10,48,8,3,11,3
UL BS L R DR dl D,2,10,48,8,3,13,4
UL BS R DR D dl L,2,10,48,8,3,11,3
UL BS R DR dl D L,2,10,48,8,3,11,3
UL BS R DR dl L D,2,10,48,8,3,11,3
UL BS R DR L dl D,2,10,48,8,3,13,3
UL BS R L DR dl D,2,10,48,8,3,15,4
UL dl BS DR D L R,2,10,48,8,3,11,4
UL dl BS DR D R L,2,10,48,8,3,11,4
UL dl DR BS D L R,2,10,48,8,3,13,4
UL dl DR BS D R L,2,10,48,8,3,13,4
UL dl DR D BS L R,2,10,48,8,3,13,4
UL dl DR D BS R L,2,10,48,8,3,13,4
UL dl DR D L BS R,2,10,48,8,3,11,2
UL dl DR D R BS L,2,10,48,8,3,11,2
UL dl DR L D BS R,2,10,48,8,3,13,3
UL dl DR L R BS D,2,10,48,8,3,15,4
UL dl DR R BS D L,2,10,48,8,3,11,2
UL dl DR R BS L D,2,10,48,8,3,11,2
UL dl DR R D BS L,2,10,48,8,3,11,2
UL dl DR R L BS D,2,10,48,8,3,13,4
UL dl L DR D BS R,2,10,48,8,3,13,3
UL dl L DR R BS D,2,10,48,8,3,13,3
UL dl L R DR BS D,2,10,48,8,3,13,4
UL dl R DR BS D L,2,10,48,8,3,9,2
UL dl R DR BS L D,2,10,48,8,3,9,2
UL dl R DR D BS L,2,10,48,8,3,9,2
UL dl R DR L BS D,2,10,48,8,3,11,3
UL dl R L DR BS D,2,10,48,8,3,13,4
UL DR BS D dl L R,2,10,48,8,3,15,4
UL DR BS D dl R L,2,10,48,8,3,13,4
UL DR BS D L dl R,2,10,48,8,3,11,3
UL DR BS D R dl L,2,10,48,8,3,11,3
UL DR BS dl D L R,2,10,48,8,3,13,4
UL DR BS dl D R L,2,10,48,8,3,13,4
UL DR BS L R dl D,2,10,48,8,3,13,4
UL DR BS R D dl L,2,10,48,8,3,13,3
UL DR BS R dl D L,2,10,48,8,3,11,3
UL DR BS R dl L D,2,10,48,8,3,11,3
UL DR BS R L dl D,2,10,48,8,3,15,4
UL DR D BS dl L R,2,10,48,8,3,13,4
UL DR D BS dl R L,2,10,48,8,3,11,4
UL DR D BS L dl R,2,10,48,8,3,11,3
UL DR D BS R dl L,2,10,48,8,3,11,3
UL DR D dl BS L R,2,10,48,8,3,13,4
UL DR D dl BS R L,2,10,48,8,3,13,4
UL DR D dl L BS R,2,10,48,8,3,13,3
UL DR D dl R BS L,2,10,48,8,3,11,3
UL DR D L BS dl R,2,10,48,8,3,9,2
UL DR D L dl BS R,2,10,48,8,3,11,3
UL DR D R BS dl L,2,10,48,8,3,11,3
UL DR D R dl BS L,2,10,48,8,3,9,2
UL DR dl BS D L R,2,10,48,8,3,13,4
UL DR dl BS D R L,2,10,48,8,3,13,4
UL DR dl D BS L R,2,10,48,8,3,15,4
UL DR dl D BS R L,2,10,48,8,3,15,4
UL DR dl D L BS R,2,10,48,8,3,13,3
UL DR dl D R BS L,2,10,48,8,3,13,3
UL DR dl L D BS R,2,10,48,8,3,13,3
UL DR dl L R BS D,2,10,48,8,3,15,4
UL DR dl R BS D L,2,10,48,8,3,11,2
UL DR dl R BS L D,2,10,48,8,3,11,2
UL DR dl R D BS L,2,10,48,8,3,11,2
UL DR dl R L BS D,2,10,48,8,3,13,4
UL DR L BS R dl D,2,10,48,8,3,13,3
UL DR L D BS dl R,2,10,48,8,3,11,3
UL DR L D dl BS R,2,10,48,8,3,13,3
UL DR L dl D BS R,2,10,48,8,3,15,3
UL DR L dl R BS D,2,10,48,8,3,13,3
UL DR L R BS dl D,2,10,48,8,3,15,4
UL DR L R dl BS D,2,10,48,8,3,13,4
UL DR R BS D dl L,2,10,48,8,3,13,3
UL DR R BS dl D L,2,10,48,8,3,11,3
UL DR R BS dl L D,2,10,48,8,3,11,3
UL DR R BS L dl D,2,10,48,8,3,13,3
UL DR R D BS dl L,2,10,48,8,3,11,3
UL DR R D dl BS L,2,10,48,8,3,11,3
UL DR R dl BS D L,2,10,48,8,3,9,2
UL DR R dl BS L D,2,10,48,8,3,9,2
UL DR R dl D BS L,2,10,48,8,3,11,3
UL DR R dl L BS D,2,10,48,8,3,11,3
UL DR R L BS dl D,2,10,48,8,3,13,4
UL DR R L dl BS D,2,10,48,8,3,13,4
UL L BS DR R dl D,2,10,48,8,3,9,3
UL L BS R DR dl D,2,10,48,8,3,11,3
UL L dl DR D BS R,2,10,48,8,3,11,3
UL L dl DR R BS D,2,10,48,8,3,11,3
UL L dl R DR BS D,2,10,48,8,3,9,3
UL L DR BS R dl D,2,10,48,8,3,11,3
UL L DR D BS dl R,2,10,48,8,3,9,3
UL L DR D dl BS R,2,10,48,8,3,11,3
UL L DR dl D BS R,2,10,48,8,3,13,3
UL L DR dl R BS D,2,10,48,8,3,11,3
UL L DR R BS dl D,2,10,48,8,3,11,3
UL L DR R dl BS D,2,10,48,8,3,9,3
UL L R BS DR dl D,2,10,48,8,3,13,4
UL L R dl DR BS D,2,10,48,8,3,11,4
UL L R DR BS dl D,2,10,48,8,3,11,4
UL L R DR dl BS D,2,10,48,8,3,11,4
UL R BS DR D dl L,2,10,48,8,3,13,3
UL R BS DR dl D L,2,10,48,8,3,13,3
UL R BS DR dl L D,2,10,48,8,3,13,3
UL R BS DR L dl D,2,10,48,8,3,15,3
UL R BS L DR dl D,2,10,48,8,3,15,3
UL R dl DR BS D L,2,10,48,8,3,11,3
UL R dl DR BS L D,2,10,48,8,3,11,3
UL R dl DR D BS L,2,10,48,8,3,11,3
UL R dl DR L BS D,2,10,48,8,3,13,3
UL R dl L DR BS D,2,10,48,8,3,13,3
UL R DR BS D dl L,2,10,48,8,3,13,3
UL R DR BS dl D L,2,10,48,8,3,11,3
UL R DR BS dl L D,2,10,48,8,3,11,3
UL R DR BS L dl D,2,10,48,8,3,13,3
UL R DR D BS dl L,2,10,48,8,3,11,3
UL R DR D dl BS L,2,10,48,8,3,11,3
UL R DR dl BS D L,2,10,48,8,3,11,3
UL R DR dl BS L D,2,10,48,8,3,11,3
UL R DR dl D BS L,2,10,48,8,3,13,3
UL R DR dl L BS D,2,10,48,8,3,13,3
UL R DR L BS dl D,2,10,48,8,3,13,3
UL R DR L dl BS D,2,10,48,8,3,13,3
UL R L BS DR dl D,2,10,48,8,3,15,4
UL R L dl DR BS D,2,10,48,8,3,15,4
UL R L DR BS dl D,2,10,48,8,3,15,4
UL R L DR dl BS D,2,10,48,8,3,15,4
