order,min_memo,max_memo,sum_memo,memorized,d_moves,pin_changes,max_pin_changes
D FS L DR R U dl,2,12,34,5,4,11,3
D FS L DR U R dl,2,12,34,5,4,13,3
D FS L U DR R dl,2,12,34,5,4,11,3
D L DR FS R U dl,2,12,34,5,4,13,3
D L DR FS U R dl,2,12,34,5,4,13,3
D L FS DR R U dl,2,12,34,5,4,11,3
D L FS DR U R dl,2,12,34,5,4,13,3
D L FS U DR R dl,2,12,34,5,4,11,3
FS D L DR R U dl,2,12,34,5,4,11,3
FS D L DR U R dl,2,12,34,5,4,13,3
FS D L U DR R dl,2,12,34,5,4,11,3
FS L D DR R U dl,2,12,34,5,4,9,2
FS L D DR U R dl,2,12,34,5,4,11,3
FS L D U DR R dl,2,12,34,5,4,13,4
FS L U D DR R dl,2,12,34,5,4,11,4
L D DR FS R U dl,2,12,34,5,4,11,3
L D DR FS U R dl,2,12,34,5,4,11,3
L D FS DR R U dl,2,12,34,5,4,11,3
L D FS DR U R dl,2,12,34,5,4,13,3
L D FS U DR R dl,2,12,34,5,4,11,3
L FS D DR R U dl,2,12,34,5,4,9,2
L FS D DR U R dl,2,12,34,5,4,11,3
L FS D U DR R dl,2,12,34,5,4,13,4
L FS U D DR R dl,2,12,34,5,4,11,4
DR D FS L R U dl,2,11,38,5,4,12,4
DR D FS L U R dl,2,11,38,5,4,10,2
DR D FS R L U dl,2,11,38,5,4,12,4
DR D L FS R U dl,2,11,38,5,4,10,2
DR D L FS U R dl,2,11,38,5,4,10,2
DR FS D L R U dl,2,11,38,5,4,14,4
DR FS D L U R dl,2,11,38,5,4,12,3
DR FS D R L U dl,2,11,38,5,4,14,4
DR FS L D R U dl,2,11,38,5,4,12,3
DR FS L D U R dl,2,11,38,5,4,14,4
DR FS L U D R dl,2,11,38,5,4,14,4
DR L D FS R U dl,2,11,38,5,4,12,3
DR L D FS U R dl,2,11,38,5,4,12,3
DR L FS D R U dl,2,11,38,5,4,12,3
DR L FS D U R dl,2,11,38,5,4,14,4
DR L FS U D R dl,2,11,38,5,4,14,4
FS DR D L R U dl,2,11,38,5,4,13,4
FS DR D L U R dl,2,11,38,5,4,11,3
FS DR D R L U dl,2,11,38,5,4,13,4
FS DR L D R U dl,2,11,38,5,4,13,3
FS DR L D U R dl,2,11,38,5,4,15,4
FS DR L U D R dl,2,11,38,5,4,15,4
FS L DR D R U dl,2,11,38,5,4,11,3
FS L DR D U R dl,2,11,38,5,4,13,4
FS L DR U D R dl,2,11,38,5,4,15,4
FS L U DR D R dl,2,11,38,5,4,11,3
L DR D FS R U dl,2,11,38,5,4,11,3
L DR D FS U R dl,2,11,38,5,4,11,3
L DR FS D R U dl,2,11,38,5,4,13,3
L DR FS D U R dl,2,11,38,5,4,15,4
L DR FS U D R dl,2,11,38,5,4,15,4
L FS DR D R U dl,2,11,38,5,4,11,3
L FS DR D U R dl,2,11,38,5,4,13,4
L FS DR U D R dl,2,11,38,5,4,15,4
L FS U DR D R dl,2,11,38,5,4,11,3
D DR FS L R U dl,2,12,39,5,4,13,4
D DR FS L U R dl,2,12,39,5,4,11,3
D DR FS R L U dl,2,12,39,5,4,13,4
D DR L FS R U dl,2,12,39,5,4,11,3
D DR L FS U R dl,2,12,39,5,4,11,3
D FS DR L R U dl,2,12,39,5,4,15,4
D FS DR L U R dl,2,12,39,5,4,13,3
D FS DR R L U dl,2,12,39,5,4,13,4
FS D DR L R U dl,2,12,39,5,4,13,4
FS D DR L U R dl,2,12,39,5,4,11,3
FS D DR R L U dl,2,12,39,5,4,11,4
FS R D DR L U dl,2,10,40,5,4,11,3
R D FS DR L U dl,2,10,40,5,4,13,3
R FS D DR L U dl,2,10,40,5,4,11,3
D FS R DR L U dl,2,12,42,5,4,11,3
D R FS DR L U dl,2,12,42,5,4,13,3
FS D R DR L U dl,2,12,42,5,4,11,3
FS L R D DR U dl,2,10,42,6,4,13,4
FS L R D U DR dl,2,10,42,6,4,17,4
FS L R U D DR dl,2,10,42,6,4,15,4
FS L U R D DR dl,2,10,42,6,4,11,2
FS R D L DR U dl,2,10,42,6,4,13,3
FS R D L U DR dl,2,10,42,6,4,13,3
FS R L D DR U dl,2,10,42,6,4,13,4
FS R L D U DR dl,2,10,42,6,4,17,4
FS R L U D DR dl,2,10,42,6,4,15,4
L FS R D DR U dl,2,10,42,6,4,11,3
L FS R D U DR dl,2,10,42,6,4,15,4
L FS R U D DR dl,2,10,42,6,4,13,4
L FS U R D DR dl,2,10,42,6,4,11,2
L R D DR FS U dl,2,10,42,6,4,13,4
L R D FS DR U dl,2,10,42,6,4,15,4
L R D FS U DR dl,2,10,42,6,4,15,4
L R FS D DR U dl,2,10,42,6,4,13,4
L R FS D U DR dl,2,10,42,6,4,17,4
L R FS U D DR dl,2,10,42,6,4,15,4
R D FS L DR U dl,2,10,42,6,4,13,3
R D FS L U DR dl,2,10,42,6,4,13,3
R D L DR FS U dl,2,10,42,6,4,13,3
R D L FS DR U dl,2,10,42,6,4,13,3
R D L FS U DR dl,2,10,42,6,4,13,3
R FS D L DR U dl,2,10,42,6,4,13,3
R FS D L U DR dl,2,10,42,6,4,13,3
R FS L D DR U dl,2,10,42,6,4,11,3
R FS L D U DR dl,2,10,42,6,4,15,4
R FS L U D DR dl,2,10,42,6,4,13,4
R L D DR FS U dl,2,10,42,6,4,13,4
R L D FS DR U dl,2,10,42,6,4,15,4
R L D FS U DR dl,2,10,42,6,4,15,4
R L FS D DR U dl,2,10,42,6,4,13,4
R L FS D U DR dl,2,10,42,6,4,17,4
R L FS U D DR dl,2,10,42,6,4,15,4
dl L R D DR U FS,2,11,42,6,4,15,4
dl R D L DR U FS,2,11,42,6,4,13,3
dl R L D DR U FS,2,11,42,6,4,13,4
L dl R D DR U FS,2,11,42,6,4,12,3
L R D dl DR U FS,2,11,42,6,4,16,4
L R D DR dl U FS,2,11,42,6,4,12,4
L R dl D DR U FS,2,11,42,6,4,14,4
R D dl L DR U FS,2,11,42,6,4,16,3
R D L dl DR U FS,2,11,42,6,4,14,3
R D L DR dl U FS,2,11,42,6,4,12,3
R dl D L DR U FS,2,11,42,6,4,14,3
R dl L D DR U FS,2,11,42,6,4,12,3
R L D dl DR U FS,2,11,42,6,4,16,4
R L D DR dl U FS,2,11,42,6,4,12,4
R L dl D DR U FS,2,11,42,6,4,16,4
D FS U L DR R dl,2,12,44,5,4,11,3
D U FS L DR R dl,2,12,44,5,4,13,4
FS D U L DR R dl,2,12,44,5,4,13,4
FS U D L DR R dl,2,12,44,5,4,13,4
FS U L D DR R dl,2,12,44,5,4,9,2
U D FS L DR R dl,2,12,44,5,4,13,4
U FS D L DR R dl,2,12,44,5,4,11,3
U FS L D DR R dl,2,12,44,5,4,9,2
D dl L DR R U FS,2,12,44,6,4,14,3
D dl L R DR U FS,2,12,44,6,4,16,4
D dl R L DR U FS,2,12,44,6,4,16,4
D FS L R DR U dl,2,12,44,6,4,13,4
D FS L R U DR dl,2,12,44,6,4,15,4
D FS L U R DR dl,2,12,44,6,4,11,2
D FS R L DR U dl,2,12,44,6,4,15,4
D FS R L U DR dl,2,12,44,6,4,15,4
D L dl DR R U FS,2,12,44,6,4,12,3
D L dl R DR U FS,2,12,44,6,4,12,3
D L DR dl R U FS,2,12,44,6,4,12,3
D L DR R dl U FS,2,12,44,6,4,10,3
D L DR R FS U dl,2,12,44,6,4,11,3
D L FS R DR U dl,2,12,44,6,4,11,3
D L FS R U DR dl,2,12,44,6,4,13,3
D L FS U R DR dl,2,12,44,6,4,11,2
D L R dl DR U FS,2,12,44,6,4,14,4
D L R DR dl U FS,2,12,44,6,4,12,4
D L R DR FS U dl,2,12,44,6,4,13,4
D L R FS DR U dl,2,12,44,6,4,15,4
D L R FS U DR dl,2,12,44,6,4,15,4
D R dl L DR U FS,2,12,44,6,4,14,3
D R FS L DR U dl,2,12,44,6,4,13,3
D R FS L U DR dl,2,12,44,6,4,13,3
D R L dl DR U FS,2,12,44,6,4,16,4
D R L DR dl U FS,2,12,44,6,4,14,4
D R L DR FS U dl,2,12,44,6,4,15,4
D R L FS DR U dl,2,12,44,6,4,15,4
D R L FS U DR dl,2,12,44,6,4,15,4
dl D L DR R U FS,2,12,44,6,4,13,3
dl D L R DR U FS,2,12,44,6,4,15,4
dl D R L DR U FS,2,12,44,6,4,17,4
dl L D DR R U FS,2,12,44,6,4,11,3
dl L D R DR U FS,2,12,44,6,4,13,3
FS D L R DR U dl,2,12,44,6,4,13,4
FS D L R U DR dl,2,12,44,6,4,15,4
FS D L U R DR dl,2,12,44,6,4,11,2
FS D R L DR U dl,2,12,44,6,4,15,4
FS D R L U DR dl,2,12,44,6,4,15,4
FS L D R DR U dl,2,12,44,6,4,11,3
FS L D R U DR dl,2,12,44,6,4,13,3
FS L D U R DR dl,2,12,44,6,4,13,4
FS L U D R DR dl,2,12,44,6,4,13,4
L D dl DR R U FS,2,12,44,6,4,12,3
L D dl R DR U FS,2,12,44,6,4,12,3
L D DR dl R U FS,2,12,44,6,4,10,2
L D DR R dl U FS,2,12,44,6,4,8,2
L D DR R FS U dl,2,12,44,6,4,9,2
L D FS R DR U dl,2,12,44,6,4,11,3
L D FS R U DR dl,2,12,44,6,4,13,3
L D FS U R DR dl,2,12,44,6,4,11,2
L D R dl DR U FS,2,12,44,6,4,12,3
L D R DR dl U FS,2,12,44,6,4,10,2
L D R DR FS U dl,2,12,44,6,4,11,3
L D R FS DR U dl,2,12,44,6,4,13,3
L D R FS U DR dl,2,12,44,6,4,13,3
L dl D DR R U FS,2,12,44,6,4,12,3
L dl D R DR U FS,2,12,44,6,4,14,3
L FS D R DR U dl,2,12,44,6,4,11,3
L FS D R U DR dl,2,12,44,6,4,13,3
L FS D U R DR dl,2,12,44,6,4,13,4
L FS U D R DR dl,2,12,44,6,4,13,4
FS R DR D L U dl,7,10,45,5,4,9,2
R DR FS D L U dl,7,10,45,5,4,11,3
R FS DR D L U dl,7,10,45,5,4,11,3
DR FS R D L U dl,7,11,46,5,4,12,3
DR R FS D L U dl,7,11,46,5,4,10,2
FS DR R D L U dl,7,11,46,5,4,11,3
D dl L DR U R FS,2,12,46,6,4,16,3
D dl L U DR R FS,2,12,46,6,4,14,3
D dl U L DR R FS,2,12,46,6,4,12,3
D L dl DR U R FS,2,12,46,6,4,14,3
D L dl U DR R FS,2,12,46,6,4,12,3
D L DR dl U R FS,2,12,46,6,4,12,3
D L DR U dl R FS,2,12,46,6,4,12,3
D L DR U FS R dl,2,12,46,6,4,13,3
D L U dl DR R FS,2,12,46,6,4,10,2
D L U DR dl R FS,2,12,46,6,4,12,3
D L U DR FS R dl,2,12,46,6,4,13,3
D L U FS DR R dl,2,12,46,6,4,11,3
D U dl L DR R FS,2,12,46,6,4,14,4
D U L dl DR R FS,2,12,46,6,4,14,4
D U L DR dl R FS,2,12,46,6,4,14,4
D U L DR FS R dl,2,12,46,6,4,15,4
D U L FS DR R dl,2,12,46,6,4,13,4
dl D L DR U R FS,2,12,46,6,4,15,3
dl D L U DR R FS,2,12,46,6,4,13,3
dl D U L DR R FS,2,12,46,6,4,15,4
dl L D DR U R FS,2,12,46,6,4,13,3
dl L D U DR R FS,2,12,46,6,4,15,4
dl L U D DR R FS,2,12,46,6,4,13,4
dl U D L DR R FS,2,12,46,6,4,13,4
dl U L D DR R FS,2,12,46,6,4,9,2
L D dl DR U R FS,2,12,46,6,4,14,3
L D dl U DR R FS,2,12,46,6,4,12,3
L D DR dl U R FS,2,12,46,6,4,10,2
L D DR U dl R FS,2,12,46,6,4,10,3
L D DR U FS R dl,2,12,46,6,4,11,3
L D U dl DR R FS,2,12,46,6,4,12,4
L D U DR dl R FS,2,12,46,6,4,14,4
L D U DR FS R dl,2,12,46,6,4,15,4
L D U FS DR R dl,2,12,46,6,4,13,4
L dl D DR U R FS,2,12,46,6,4,14,3
L dl D U DR R FS,2,12,46,6,4,16,4
L dl U D DR R FS,2,12,46,6,4,12,4
L U D dl DR R FS,2,12,46,6,4,14,4
L U D DR dl R FS,2,12,46,6,4,12,4
L U D DR FS R dl,2,12,46,6,4,13,4
L U D FS DR R dl,2,12,46,6,4,13,4
L U dl D DR R FS,2,12,46,6,4,10,3
L U FS D DR R dl,2,12,46,6,4,9,2
U D dl L DR R FS,2,12,46,6,4,16,4
U D L dl DR R FS,2,12,46,6,4,14,4
U D L DR dl R FS,2,12,46,6,4,14,4
U D L DR FS R dl,2,12,46,6,4,15,4
U D L FS DR R dl,2,12,46,6,4,13,4
U dl D L DR R FS,2,12,46,6,4,12,3
U dl L D DR R FS,2,12,46,6,4,10,3
U L D dl DR R FS,2,12,46,6,4,12,3
U L D DR dl R FS,2,12,46,6,4,10,2
U L D DR FS R dl,2,12,46,6,4,11,3
U L D FS DR R dl,2,12,46,6,4,11,3
U L dl D DR R FS,2,12,46,6,4,12,3
U L FS D DR R dl,2,12,46,6,4,9,2
FS L R DR D U dl,2,10,47,6,4,13,4
FS L R DR U D dl,2,10,47,6,4,17,4
FS L R U DR D dl,2,10,47,6,4,15,4
FS L U R DR D dl,2,10,47,6,4,11,3
FS R DR L D U dl,2,10,47,6,4,13,4
FS R DR L U D dl,2,10,47,6,4,15,4
FS R L DR D U dl,2,10,47,6,4,15,4
FS R L DR U D dl,2,10,47,6,4,19,4
FS R L U DR D dl,2,10,47,6,4,15,4
L FS R DR D U dl,2,10,47,6,4,11,4
L FS R DR U D dl,2,10,47,6,4,15,4
L FS R U DR D dl,2,10,47,6,4,13,3
L FS U R DR D dl,2,10,47,6,4,11,3
L R DR D FS U dl,2,10,47,6,4,11,4
L R DR FS D U dl,2,10,47,6,4,15,4
L R DR FS U D dl,2,10,47,6,4,17,4
L R FS DR D U dl,2,10,47,6,4,15,4
L R FS DR U D dl,2,10,47,6,4,19,4
L R FS U DR D dl,2,10,47,6,4,15,4
R D DR FS L U dl,2,10,47,6,4,11,3
R D DR L FS U dl,2,10,47,6,4,11,3
R DR D FS L U dl,2,10,47,6,4,9,2
R DR D L FS U dl,2,10,47,6,4,9,2
R DR FS L D U dl,2,10,47,6,4,13,4
R DR FS L U D dl,2,10,47,6,4,15,4
R DR L D FS U dl,2,10,47,6,4,11,3
R DR L FS D U dl,2,10,47,6,4,13,4
R DR L FS U D dl,2,10,47,6,4,15,4
R FS DR L D U dl,2,10,47,6,4,15,4
R FS DR L U D dl,2,10,47,6,4,17,4
R FS L DR D U dl,2,10,47,6,4,13,4
R FS L DR U D dl,2,10,47,6,4,17,4
R FS L U DR D dl,2,10,47,6,4,13,3
R L DR D FS U dl,2,10,47,6,4,13,4
R L DR FS D U dl,2,10,47,6,4,17,4
R L DR FS U D dl,2,10,47,6,4,19,4
R L FS DR D U dl,2,10,47,6,4,15,4
R L FS DR U D dl,2,10,47,6,4,19,4
R L FS U DR D dl,2,10,47,6,4,15,4
dl L R DR D U FS,2,11,47,6,4,15,4
dl L R DR U D FS,2,11,47,6,4,17,4
dl R D DR L U FS,2,11,47,6,4,11,3
dl R D DR U L FS,2,11,47,6,4,11,3
dl R DR D L U FS,2,11,47,6,4,9,2
dl R DR D U L FS,2,11,47,6,4,11,4
dl R DR L D U FS,2,11,47,6,4,13,4
dl R DR L U D FS,2,11,47,6,4,13,4
dl R DR U D L FS,2,11,47,6,4,13,4
dl R DR U L D FS,2,11,47,6,4,11,3
dl R L DR D U FS,2,11,47,6,4,15,4
dl R L DR U D FS,2,11,47,6,4,17,4
L dl R DR D U FS,2,11,47,6,4,12,4
L dl R DR U D FS,2,11,47,6,4,14,4
L R dl DR D U FS,2,11,47,6,4,14,4
L R dl DR U D FS,2,11,47,6,4,16,4
L R DR D dl U FS,2,11,47,6,4,12,4
L R DR dl D U FS,2,11,47,6,4,16,4
L R DR dl U D FS,2,11,47,6,4,14,4
R D dl DR L U FS,2,11,47,6,4,14,3
R D dl DR U L FS,2,11,47,6,4,14,3
R D DR dl L U FS,2,11,47,6,4,12,3
R D DR dl U L FS,2,11,47,6,4,10,2
R D DR L dl U FS,2,11,47,6,4,12,3
R dl D DR L U FS,2,11,47,6,4,12,3
R dl D DR U L FS,2,11,47,6,4,12,3
R dl DR D L U FS,2,11,47,6,4,10,2
R dl DR D U L FS,2,11,47,6,4,12,4
R dl DR L D U FS,2,11,47,6,4,14,4
R dl DR L U D FS,2,11,47,6,4,14,4
R dl DR U D L FS,2,11,47,6,4,14,4
R dl DR U L D FS,2,11,47,6,4,12,3
R dl L DR D U FS,2,11,47,6,4,14,4
R dl L DR U D FS,2,11,47,6,4,16,4
R DR D dl L U FS,2,11,47,6,4,12,3
R DR D dl U L FS,2,11,47,6,4,10,3
R DR D L dl U FS,2,11,47,6,4,10,3
R DR dl D L U FS,2,11,47,6,4,12,3
R DR dl D U L FS,2,11,47,6,4,14,4
R DR dl L D U FS,2,11,47,6,4,14,4
R DR dl L U D FS,2,11,47,6,4,14,4
R DR dl U D L FS,2,11,47,6,4,12,4
R DR dl U L D FS,2,11,47,6,4,10,2
R DR L D dl U FS,2,11,47,6,4,12,3
R DR L dl D U FS,2,11,47,6,4,16,4
R DR L dl U D FS,2,11,47,6,4,14,4
R L dl DR D U FS,2,11,47,6,4,16,4
R L dl DR U D FS,2,11,47,6,4,18,4
R L DR D dl U FS,2,11,47,6,4,14,4
R L DR dl D U FS,2,11,47,6,4,18,4
R L DR dl U D FS,2,11,47,6,4,16,4
DR FS U L D R dl,7,12,48,5,4,12,3
DR U FS L D R dl,7,12,48,5,4,12,3
FS DR U L D R dl,7,12,48,5,4,13,3
FS U DR L D R dl,7,12,48,5,4,13,3
FS U L DR D R dl,7,12,48,5,4,11,3
U DR FS L D R dl,7,12,48,5,4,13,3
U FS DR L D R dl,7,12,48,5,4,13,3
U FS L DR D R dl,7,12,48,5,4,11,3
dl DR D L R U FS,2,11,48,6,4,13,4
dl DR D R L U FS,2,11,48,6,4,13,4
dl DR D R U L FS,2,11,48,6,4,11,2
dl DR L D R U FS,2,11,48,6,4,13,3
dl DR L R D U FS,2,11,48,6,4,17,4
dl DR L R U D FS,2,11,48,6,4,17,4
dl DR R D L U FS,2,11,48,6,4,11,2
dl DR R D U L FS,2,11,48,6,4,13,4
dl DR R L D U FS,2,11,48,6,4,15,4
dl DR R L U D FS,2,11,48,6,4,15,4
dl DR R U D L FS,2,11,48,6,4,13,4
dl DR R U L D FS,2,11,48,6,4,11,2
dl L DR D R U FS,2,11,48,6,4,13,3
dl L DR R D U FS,2,11,48,6,4,15,4
dl L DR R U D FS,2,11,48,6,4,15,4
DR D dl L R U FS,2,11,48,6,4,15,4
DR D dl R L U FS,2,11,48,6,4,13,4
DR D dl R U L FS,2,11,48,6,4,11,3
DR D L dl R U FS,2,11,48,6,4,11,3
DR D L R dl U FS,2,11,48,6,4,11,4
DR D L R FS U dl,2,11,48,6,4,12,4
DR D R dl L U FS,2,11,48,6,4,11,3
DR D R dl U L FS,2,11,48,6,4,9,2
DR D R FS L U dl,2,11,48,6,4,10,2
DR D R L dl U FS,2,11,48,6,4,13,4
DR D R L FS U dl,2,11,48,6,4,12,4
DR dl D L R U FS,2,11,48,6,4,15,4
DR dl D R L U FS,2,11,48,6,4,15,4
DR dl D R U L FS,2,11,48,6,4,13,3
DR dl L D R U FS,2,11,48,6,4,13,3
DR dl L R D U FS,2,11,48,6,4,17,4
DR dl L R U D FS,2,11,48,6,4,17,4
DR dl R D L U FS,2,11,48,6,4,11,2
DR dl R D U L FS,2,11,48,6,4,13,4
DR dl R L D U FS,2,11,48,6,4,15,4
DR dl R L U D FS,2,11,48,6,4,15,4
DR dl R U D L FS,2,11,48,6,4,13,4
DR dl R U L D FS,2,11,48,6,4,11,2
DR FS L R D U dl,2,11,48,6,4,16,4
DR FS L R U D dl,2,11,48,6,4,18,4
DR FS L U R D dl,2,11,48,6,4,14,3
DR FS R L D U dl,2,11,48,6,4,16,4
DR FS R L U D dl,2,11,48,6,4,18,4
DR L D dl R U FS,2,11,48,6,4,13,3
DR L D R dl U FS,2,11,48,6,4,11,3
DR L D R FS U dl,2,11,48,6,4,12,3
DR L dl D R U FS,2,11,48,6,4,15,3
DR L dl R D U FS,2,11,48,6,4,15,4
DR L dl R U D FS,2,11,48,6,4,15,4
DR L FS R D U dl,2,11,48,6,4,14,4
DR L FS R U D dl,2,11,48,6,4,16,4
DR L FS U R D dl,2,11,48,6,4,14,3
DR L R D dl U FS,2,11,48,6,4,15,4
DR L R D FS U dl,2,11,48,6,4,14,4
DR L R dl D U FS,2,11,48,6,4,17,4
DR L R dl U D FS,2,11,48,6,4,15,4
DR L R FS D U dl,2,11,48,6,4,16,4
DR L R FS U D dl,2,11,48,6,4,18,4
DR R D dl L U FS,2,11,48,6,4,13,3
DR R D dl U L FS,2,11,48,6,4,11,3
DR R D FS L U dl,2,11,48,6,4,10,2
DR R D L dl U FS,2,11,48,6,4,11,3
DR R D L FS U dl,2,11,48,6,4,10,2
DR R dl D L U FS,2,11,48,6,4,11,3
DR R dl D U L FS,2,11,48,6,4,13,4
DR R dl L D U FS,2,11,48,6,4,13,4
DR R dl L U D FS,2,11,48,6,4,13,4
DR R dl U D L FS,2,11,48,6,4,11,4
DR R dl U L D FS,2,11,48,6,4,9,2
DR R FS L D U dl,2,11,48,6,4,12,4
DR R FS L U D dl,2,11,48,6,4,14,4
DR R L D dl U FS,2,11,48,6,4,13,4
DR R L D FS U dl,2,11,48,6,4,12,4
DR R L dl D U FS,2,11,48,6,4,17,4
DR R L dl U D FS,2,11,48,6,4,15,4
DR R L FS D U dl,2,11,48,6,4,14,4
DR R L FS U D dl,2,11,48,6,4,16,4
FS DR L R D U dl,2,11,48,6,4,17,4
FS DR L R U D dl,2,11,48,6,4,19,4
FS DR L U R D dl,2,11,48,6,4,15,3
FS DR R L D U dl,2,11,48,6,4,15,4
FS DR R L U D dl,2,11,48,6,4,17,4
FS L DR R D U dl,2,11,48,6,4,13,4
FS L DR R U D dl,2,11,48,6,4,15,4
FS L DR U R D dl,2,11,48,6,4,15,3
FS L U DR R D dl,2,11,48,6,4,13,3
L dl DR D R U FS,2,11,48,6,4,12,3
L dl DR R D U FS,2,11,48,6,4,14,4
L dl DR R U D FS,2,11,48,6,4,14,4
L DR D dl R U FS,2,11,48,6,4,12,3
L DR D R dl U FS,2,11,48,6,4,10,3
L DR D R FS U dl,2,11,48,6,4,11,3
L DR dl D R U FS,2,11,48,6,4,14,3
L DR dl R D U FS,2,11,48,6,4,14,4
L DR dl R U D FS,2,11,48,6,4,14,4
L DR FS R D U dl,2,11,48,6,4,15,4
L DR FS R U D dl,2,11,48,6,4,17,4
L DR FS U R D dl,2,11,48,6,4,15,3
L DR R D dl U FS,2,11,48,6,4,12,3
L DR R D FS U dl,2,11,48,6,4,11,3
L DR R dl D U FS,2,11,48,6,4,14,4
L DR R dl U D FS,2,11,48,6,4,12,4
L DR R FS D U dl,2,11,48,6,4,13,4
L DR R FS U D dl,2,11,48,6,4,15,4
L FS DR R D U dl,2,11,48,6,4,13,4
L FS DR R U D dl,2,11,48,6,4,15,4
L FS DR U R D dl,2,11,48,6,4,15,3
L FS U DR R D dl,2,11,48,6,4,13,3
D dl DR L R U FS,2,12,49,6,4,16,4
D dl DR R L U FS,2,12,49,6,4,14,4
D dl DR R U L FS,2,12,49,6,4,12,3
D dl R DR L U FS,2,12,49,6,4,12,3
D dl R DR U L FS,2,12,49,6,4,12,3
D DR dl L R U FS,2,12,49,6,4,14,4
D DR dl R L U FS,2,12,49,6,4,12,4
D DR dl R U L FS,2,12,49,6,4,10,2
D DR L dl R U FS,2,12,49,6,4,12,3
D DR L R dl U FS,2,12,49,6,4,12,4
D DR L R FS U dl,2,12,49,6,4,13,4
D DR R dl L U FS,2,12,49,6,4,10,3
D DR R dl U L FS,2,12,49,6,4,8,2
D DR R FS L U dl,2,12,49,6,4,9,2
D DR R L dl U FS,2,12,49,6,4,12,4
D DR R L FS U dl,2,12,49,6,4,11,4
D R dl DR L U FS,2,12,49,6,4,12,3
D R dl DR U L FS,2,12,49,6,4,12,3
D R DR dl L U FS,2,12,49,6,4,12,3
D R DR dl U L FS,2,12,49,6,4,10,2
D R DR FS L U dl,2,12,49,6,4,11,3
D R DR L dl U FS,2,12,49,6,4,12,3
D R DR L FS U dl,2,12,49,6,4,11,3
dl D DR L R U FS,2,12,49,6,4,15,4
dl D DR R L U FS,2,12,49,6,4,13,4
dl D DR R U L FS,2,12,49,6,4,11,3
dl D R DR L U FS,2,12,49,6,4,13,3
dl D R DR U L FS,2,12,49,6,4,13,3
dl DR D L U R FS,2,12,50,6,4,11,2
dl DR D U L R FS,2,12,50,6,4,15,4
dl DR D U R L FS,2,12,50,6,4,15,4
dl DR L D U R FS,2,12,50,6,4,15,4
dl DR L U D R FS,2,12,50,6,4,15,4
dl DR L U R D FS,2,12,50,6,4,13,3
dl DR U D L R FS,2,12,50,6,4,17,4
dl DR U D R L FS,2,12,50,6,4,17,4
dl DR U L D R FS,2,12,50,6,4,13,3
dl DR U L R D FS,2,12,50,6,4,15,4
dl DR U R D L FS,2,12,50,6,4,13,3
dl DR U R L D FS,2,12,50,6,4,15,4
dl L DR D U R FS,2,12,50,6,4,15,4
dl L DR U D R FS,2,12,50,6,4,17,4
dl L DR U R D FS,2,12,50,6,4,15,3
dl L U DR D R FS,2,12,50,6,4,13,3
dl L U DR R D FS,2,12,50,6,4,13,3
dl U DR D L R FS,2,12,50,6,4,13,4
dl U DR D R L FS,2,12,50,6,4,13,4
dl U DR L D R FS,2,12,50,6,4,13,3
dl U DR L R D FS,2,12,50,6,4,15,4
dl U DR R D L FS,2,12,50,6,4,11,3
dl U DR R L D FS,2,12,50,6,4,13,4
dl U L DR D R FS,2,12,50,6,4,11,3
dl U L DR R D FS,2,12,50,6,4,11,3
DR D dl L U R FS,2,12,50,6,4,13,3
DR D dl U L R FS,2,12,50,6,4,13,4
DR D dl U R L FS,2,12,50,6,4,13,4
DR D FS R U L dl,2,12,50,6,4,12,3
DR D FS U L R dl,2,12,50,6,4,12,4
DR D FS U R L dl,2,12,50,6,4,14,4
DR D L dl U R FS,2,12,50,6,4,11,3
DR D L U dl R FS,2,12,50,6,4,9,2
DR D L U FS R dl,2,12,50,6,4,10,2
DR D U dl L R FS,2,12,50,6,4,15,4
DR D U dl R L FS,2,12,50,6,4,13,4
DR D U FS L R dl,2,12,50,6,4,14,4
DR D U FS R L dl,2,12,50,6,4,16,4
DR D U L dl R FS,2,12,50,6,4,13,4
DR D U L FS R dl,2,12,50,6,4,12,4
DR dl D L U R FS,2,12,50,6,4,13,3
DR dl D U L R FS,2,12,50,6,4,17,4
DR dl D U R L FS,2,12,50,6,4,17,4
DR dl L D U R FS,2,12,50,6,4,15,4
DR dl L U D R FS,2,12,50,6,4,15,4
DR dl L U R D FS,2,12,50,6,4,13,3
DR dl U D L R FS,2,12,50,6,4,15,4
DR dl U D R L FS,2,12,50,6,4,15,4
DR dl U L D R FS,2,12,50,6,4,11,2
DR dl U L R D FS,2,12,50,6,4,13,4
DR dl U R D L FS,2,12,50,6,4,11,2
DR dl U R L D FS,2,12,50,6,4,13,4
DR FS D R U L dl,2,12,50,6,4,14,3
DR FS D U L R dl,2,12,50,6,4,16,4
DR FS D U R L dl,2,12,50,6,4,18,4
DR FS U D L R dl,2,12,50,6,4,16,4
DR FS U D R L dl,2,12,50,6,4,18,4
DR L D dl U R FS,2,12,50,6,4,13,3
DR L D U dl R FS,2,12,50,6,4,13,4
DR L D U FS R dl,2,12,50,6,4,14,4
DR L dl D U R FS,2,12,50,6,4,17,4
DR L dl U D R FS,2,12,50,6,4,15,4
DR L dl U R D FS,2,12,50,6,4,13,3
DR L U D dl R FS,2,12,50,6,4,15,4
DR L U D FS R dl,2,12,50,6,4,14,4
DR L U dl D R FS,2,12,50,6,4,13,3
DR L U dl R D FS,2,12,50,6,4,11,3
DR L U FS D R dl,2,12,50,6,4,12,3
DR U D dl L R FS,2,12,50,6,4,19,4
DR U D dl R L FS,2,12,50,6,4,17,4
DR U D FS L R dl,2,12,50,6,4,16,4
DR U D FS R L dl,2,12,50,6,4,18,4
DR U D L dl R FS,2,12,50,6,4,15,4
DR U D L FS R dl,2,12,50,6,4,14,4
DR U dl D L R FS,2,12,50,6,4,15,4
DR U dl D R L FS,2,12,50,6,4,15,4
DR U dl L D R FS,2,12,50,6,4,13,3
DR U dl L R D FS,2,12,50,6,4,15,4
DR U dl R D L FS,2,12,50,6,4,11,3
DR U dl R L D FS,2,12,50,6,4,13,4
DR U FS D L R dl,2,12,50,6,4,14,4
DR U FS D R L dl,2,12,50,6,4,16,4
DR U L D dl R FS,2,12,50,6,4,13,3
DR U L D FS R dl,2,12,50,6,4,12,3
DR U L dl D R FS,2,12,50,6,4,15,3
DR U L dl R D FS,2,12,50,6,4,13,3
DR U L FS D R dl,2,12,50,6,4,12,3
FS DR D R U L dl,2,12,50,6,4,13,3
FS DR D U L R dl,2,12,50,6,4,15,4
FS DR D U R L dl,2,12,50,6,4,17,4
FS DR U D L R dl,2,12,50,6,4,17,4
FS DR U D R L dl,2,12,50,6,4,19,4
FS U DR D L R dl,2,12,50,6,4,13,4
FS U DR D R L dl,2,12,50,6,4,15,4
L dl DR D U R FS,2,12,50,6,4,14,4
L dl DR U D R FS,2,12,50,6,4,16,4
L dl DR U R D FS,2,12,50,6,4,14,3
L dl U DR D R FS,2,12,50,6,4,12,3
L dl U DR R D FS,2,12,50,6,4,12,3
L DR D dl U R FS,2,12,50,6,4,12,3
L DR D U dl R FS,2,12,50,6,4,12,4
L DR D U FS R dl,2,12,50,6,4,13,4
L DR dl D U R FS,2,12,50,6,4,16,4
L DR dl U D R FS,2,12,50,6,4,14,4
L DR dl U R D FS,2,12,50,6,4,12,3
L DR U D dl R FS,2,12,50,6,4,16,4
L DR U D FS R dl,2,12,50,6,4,15,4
L DR U dl D R FS,2,12,50,6,4,14,3
L DR U dl R D FS,2,12,50,6,4,12,3
L DR U FS D R dl,2,12,50,6,4,13,3
L U dl DR D R FS,2,12,50,6,4,10,2
L U dl DR R D FS,2,12,50,6,4,10,2
L U DR D dl R FS,2,12,50,6,4,12,3
L U DR D FS R dl,2,12,50,6,4,11,3
L U DR dl D R FS,2,12,50,6,4,14,3
L U DR dl R D FS,2,12,50,6,4,12,3
L U DR FS D R dl,2,12,50,6,4,13,3
L U FS DR D R dl,2,12,50,6,4,11,3
U dl DR D L R FS,2,12,50,6,4,12,4
U dl DR D R L FS,2,12,50,6,4,12,4
U dl DR L D R FS,2,12,50,6,4,12,3
U dl DR L R D FS,2,12,50,6,4,14,4
U dl DR R D L FS,2,12,50,6,4,10,2
U dl DR R L D FS,2,12,50,6,4,12,4
U dl L DR D R FS,2,12,50,6,4,12,3
U dl L DR R D FS,2,12,50,6,4,12,3
U DR D dl L R FS,2,12,50,6,4,16,4
U DR D dl R L FS,2,12,50,6,4,14,4
U DR D FS L R dl,2,12,50,6,4,13,4
U DR D FS R L dl,2,12,50,6,4,15,4
U DR D L dl R FS,2,12,50,6,4,12,3
U DR D L FS R dl,2,12,50,6,4,11,3
U DR dl D L R FS,2,12,50,6,4,16,4
U DR dl D R L FS,2,12,50,6,4,16,4
U DR dl L D R FS,2,12,50,6,4,14,3
U DR dl L R D FS,2,12,50,6,4,16,4
U DR dl R D L FS,2,12,50,6,4,12,3
U DR dl R L D FS,2,12,50,6,4,14,4
U DR FS D L R dl,2,12,50,6,4,15,4
U DR FS D R L dl,2,12,50,6,4,17,4
U DR L D dl R FS,2,12,50,6,4,14,3
U DR L D FS R dl,2,12,50,6,4,13,3
U DR L dl D R FS,2,12,50,6,4,16,3
U DR L dl R D FS,2,12,50,6,4,14,3
U DR L FS D R dl,2,12,50,6,4,13,3
U FS DR D L R dl,2,12,50,6,4,13,4
U FS DR D R L dl,2,12,50,6,4,15,4
U L dl DR D R FS,2,12,50,6,4,12,3
U L dl DR R D FS,2,12,50,6,4,12,3
U L DR D dl R FS,2,12,50,6,4,12,3
U L DR D FS R dl,2,12,50,6,4,11,3
U L DR dl D R FS,2,12,50,6,4,14,3
U L DR dl R D FS,2,12,50,6,4,12,3
U L DR FS D R dl,2,12,50,6,4,13,3
U L FS DR D R dl,2,12,50,6,4,11,3
D dl DR L U R FS,2,12,51,6,4,14,3
D dl DR U L R FS,2,12,51,6,4,16,4
D dl DR U R L FS,2,12,51,6,4,16,4
D dl U DR L R FS,2,12,51,6,4,16,4
D dl U DR R L FS,2,12,51,6,4,14,4
D DR dl L U R FS,2,12,51,6,4,12,3
D DR dl U L R FS,2,12,51,6,4,12,4
D DR dl U R L FS,2,12,51,6,4,12,4
D DR FS R U L dl,2,12,51,6,4,13,3
D DR FS U L R dl,2,12,51,6,4,13,4
D DR FS U R L dl,2,12,51,6,4,15,4
D DR L dl U R FS,2,12,51,6,4,12,3
D DR L U dl R FS,2,12,51,6,4,10,3
D DR L U FS R dl,2,12,51,6,4,11,3
D DR U dl L R FS,2,12,51,6,4,14,4
D DR U dl R L FS,2,12,51,6,4,12,4
D DR U FS L R dl,2,12,51,6,4,13,4
D DR U FS R L dl,2,12,51,6,4,15,4
D DR U L dl R FS,2,12,51,6,4,12,3
D DR U L FS R dl,2,12,51,6,4,11,3
D FS DR R U L dl,2,12,51,6,4,13,3
D FS DR U L R dl,2,12,51,6,4,15,4
D FS DR U R L dl,2,12,51,6,4,17,4
D FS U DR L R dl,2,12,51,6,4,15,4
D FS U DR R L dl,2,12,51,6,4,15,4
D U dl DR L R FS,2,12,51,6,4,16,4
D U dl DR R L FS,2,12,51,6,4,14,4
D U DR dl L R FS,2,12,51,6,4,18,4
D U DR dl R L FS,2,12,51,6,4,16,4
D U DR FS L R dl,2,12,51,6,4,17,4
D U DR FS R L dl,2,12,51,6,4,19,4
D U DR L dl R FS,2,12,51,6,4,16,4
D U DR L FS R dl,2,12,51,6,4,15,4
D U FS DR L R dl,2,12,51,6,4,17,4
D U FS DR R L dl,2,12,51,6,4,17,4
dl D DR L U R FS,2,12,51,6,4,13,3
dl D DR U L R FS,2,12,51,6,4,15,4
dl D DR U R L FS,2,12,51,6,4,15,4
dl D U DR L R FS,2,12,51,6,4,19,4
dl D U DR R L FS,2,12,51,6,4,17,4
dl U D DR L R FS,2,12,51,6,4,15,4
dl U D DR R L FS,2,12,51,6,4,13,4
FS D DR R U L dl,2,12,51,6,4,11,3
FS D DR U L R dl,2,12,51,6,4,13,4
FS D DR U R L dl,2,12,51,6,4,15,4
FS D U DR L R dl,2,12,51,6,4,17,4
FS D U DR R L dl,2,12,51,6,4,17,4
FS U D DR L R dl,2,12,51,6,4,15,4
FS U D DR R L dl,2,12,51,6,4,15,4
U D dl DR L R FS,2,12,51,6,4,18,4
U D dl DR R L FS,2,12,51,6,4,16,4
U D DR dl L R FS,2,12,51,6,4,16,4
U D DR dl R L FS,2,12,51,6,4,14,4
U D DR FS L R dl,2,12,51,6,4,15,4
U D DR FS R L dl,2,12,51,6,4,17,4
U D DR L dl R FS,2,12,51,6,4,14,4
U D DR L FS R dl,2,12,51,6,4,13,4
U D FS DR L R dl,2,12,51,6,4,17,4
U D FS DR R L dl,2,12,51,6,4,17,4
U dl D DR L R FS,2,12,51,6,4,14,4
U dl D DR R L FS,2,12,51,6,4,12,4
U FS D DR L R dl,2,12,51,6,4,13,4
U FS D DR R L dl,2,12,51,6,4,13,4
dl L R U DR D FS,2,12,52,6,4,15,4
dl L U R DR D FS,2,12,52,6,4,11,3
dl R D U DR L FS,2,12,52,6,4,15,4
dl R L U DR D FS,2,12,52,6,4,13,4
dl R U D DR L FS,2,12,52,6,4,13,4
dl R U DR D L FS,2,12,52,6,4,11,3
dl R U DR L D FS,2,12,52,6,4,13,3
dl R U L DR D FS,2,12,52,6,4,11,3
dl U L R DR D FS,2,12,52,6,4,11,4
dl U R D DR L FS,2,12,52,6,4,11,3
dl U R DR D L FS,2,12,52,6,4,9,2
dl U R DR L D FS,2,12,52,6,4,11,3
dl U R L DR D FS,2,12,52,6,4,13,4
FS R D DR U L dl,2,12,52,6,4,13,3
FS R D U DR L dl,2,12,52,6,4,17,4
FS R D U L DR dl,2,12,52,6,4,15,4
FS R U D DR L dl,2,12,52,6,4,15,4
FS R U D L DR dl,2,12,52,6,4,15,4
FS R U L D DR dl,2,12,52,6,4,11,2
FS U L R D DR dl,2,12,52,6,4,13,4
FS U R D DR L dl,2,12,52,6,4,13,3
FS U R D L DR dl,2,12,52,6,4,13,3
FS U R L D DR dl,2,12,52,6,4,13,4
L dl R U DR D FS,2,12,52,6,4,12,3
L dl U R DR D FS,2,12,52,6,4,10,3
L R dl U DR D FS,2,12,52,6,4,12,4
L R U dl DR D FS,2,12,52,6,4,12,4
L U dl R DR D FS,2,12,52,6,4,8,2
L U R dl DR D FS,2,12,52,6,4,10,2
R D dl U DR L FS,2,12,52,6,4,14,3
R D FS DR U L dl,2,12,52,6,4,15,3
R D FS U DR L dl,2,12,52,6,4,15,3
R D FS U L DR dl,2,12,52,6,4,13,3
R D U dl DR L FS,2,12,52,6,4,14,4
R D U FS DR L dl,2,12,52,6,4,17,4
R D U FS L DR dl,2,12,52,6,4,15,4
R dl D U DR L FS,2,12,52,6,4,16,4
R dl L U DR D FS,2,12,52,6,4,12,3
R dl U D DR L FS,2,12,52,6,4,12,4
R dl U DR D L FS,2,12,52,6,4,10,3
R dl U DR L D FS,2,12,52,6,4,12,3
R dl U L DR D FS,2,12,52,6,4,10,3
R FS D DR U L dl,2,12,52,6,4,13,3
R FS D U DR L dl,2,12,52,6,4,17,4
R FS D U L DR dl,2,12,52,6,4,15,4
R FS U D DR L dl,2,12,52,6,4,15,4
R FS U D L DR dl,2,12,52,6,4,15,4
R FS U L D DR dl,2,12,52,6,4,11,2
R L dl U DR D FS,2,12,52,6,4,14,4
R L U dl DR D FS,2,12,52,6,4,12,4
R U D dl DR L FS,2,12,52,6,4,16,4
R U D FS DR L dl,2,12,52,6,4,17,4
R U D FS L DR dl,2,12,52,6,4,15,4
R U dl D DR L FS,2,12,52,6,4,12,3
R U dl DR D L FS,2,12,52,6,4,10,2
R U dl DR L D FS,2,12,52,6,4,12,3
R U dl L DR D FS,2,12,52,6,4,12,3
R U FS D DR L dl,2,12,52,6,4,13,3
R U FS D L DR dl,2,12,52,6,4,13,3
R U FS L D DR dl,2,12,52,6,4,11,2
R U L dl DR D FS,2,12,52,6,4,12,3
U dl L R DR D FS,2,12,52,6,4,12,4
U dl R D DR L FS,2,12,52,6,4,10,3
U dl R DR D L FS,2,12,52,6,4,8,2
U dl R DR L D FS,2,12,52,6,4,10,3
U dl R L DR D FS,2,12,52,6,4,12,4
U FS L R D DR dl,2,12,52,6,4,13,4
U FS R D DR L dl,2,12,52,6,4,13,3
U FS R D L DR dl,2,12,52,6,4,13,3
U FS R L D DR dl,2,12,52,6,4,13,4
U L dl R DR D FS,2,12,52,6,4,10,3
U L R dl DR D FS,2,12,52,6,4,12,4
U R D dl DR L FS,2,12,52,6,4,14,3
U R D FS DR L dl,2,12,52,6,4,15,3
U R D FS L DR dl,2,12,52,6,4,13,3
U R dl D DR L FS,2,12,52,6,4,12,3
U R dl DR D L FS,2,12,52,6,4,10,2
U R dl DR L D FS,2,12,52,6,4,12,3
U R dl L DR D FS,2,12,52,6,4,12,3
U R FS D DR L dl,2,12,52,6,4,13,3
U R FS D L DR dl,2,12,52,6,4,13,3
U R FS L D DR dl,2,12,52,6,4,11,2
U R L dl DR D FS,2,12,52,6,4,14,4
D dl FS L DR R U,2,12,52,7,4,14,3
D dl FS L DR U R,2,12,52,7,4,16,3
D dl FS L U DR R,2,12,52,7,4,14,3
D dl L DR FS R U,2,12,52,7,4,16,3
D dl L DR FS U R,2,12,52,7,4,16,3
D dl L FS DR R U,2,12,52,7,4,14,3
D dl L FS DR U R,2,12,52,7,4,16,3
D dl L FS U DR R,2,12,52,7,4,14,3
D FS dl L DR R U,2,12,52,7,4,14,3
D FS dl L DR U R,2,12,52,7,4,16,3
D FS dl L U DR R,2,12,52,7,4,14,3
D FS L dl DR R U,2,12,52,7,4,12,3
D FS L dl DR U R,2,12,52,7,4,14,3
D FS L dl U DR R,2,12,52,7,4,12,3
D FS L DR dl R U,2,12,52,7,4,12,3
D FS L DR dl U R,2,12,52,7,4,12,3
D FS L DR R dl U,2,12,52,7,4,10,3
D FS L DR U dl R,2,12,52,7,4,12,3
D FS L U dl DR R,2,12,52,7,4,10,2
D FS L U DR dl R,2,12,52,7,4,12,3
D L dl DR FS R U,2,12,52,7,4,14,3
D L dl DR FS U R,2,12,52,7,4,14,3
D L dl FS DR R U,2,12,52,7,4,14,3
D L dl FS DR U R,2,12,52,7,4,16,3
D L dl FS U DR R,2,12,52,7,4,14,3
D L DR dl FS R U,2,12,52,7,4,14,3
D L DR dl FS U R,2,12,52,7,4,14,3
D L DR FS dl R U,2,12,52,7,4,14,3
D L DR FS dl U R,2,12,52,7,4,14,3
D L DR FS R dl U,2,12,52,7,4,12,3
D L DR FS U dl R,2,12,52,7,4,12,3
D L FS dl DR R U,2,12,52,7,4,12,3
D L FS dl DR U R,2,12,52,7,4,14,3
D L FS dl U DR R,2,12,52,7,4,12,3
D L FS DR dl R U,2,12,52,7,4,12,3
D L FS DR dl U R,2,12,52,7,4,12,3
D L FS DR R dl U,2,12,52,7,4,10,3
D L FS DR U dl R,2,12,52,7,4,12,3
D L FS U dl DR R,2,12,52,7,4,10,2
D L FS U DR dl R,2,12,52,7,4,12,3
dl D FS L DR R U,2,12,52,7,4,13,3
dl D FS L DR U R,2,12,52,7,4,15,3
dl D FS L U DR R,2,12,52,7,4,13,3
dl D L DR FS R U,2,12,52,7,4,15,3
dl D L DR FS U R,2,12,52,7,4,15,3
dl D L FS DR R U,2,12,52,7,4,13,3
dl D L FS DR U R,2,12,52,7,4,15,3
dl D L FS U DR R,2,12,52,7,4,13,3
dl FS D L DR R U,2,12,52,7,4,13,3
dl FS D L DR U R,2,12,52,7,4,15,3
dl FS D L U DR R,2,12,52,7,4,13,3
dl FS L D DR R U,2,12,52,7,4,11,3
dl FS L D DR U R,2,12,52,7,4,13,3
dl FS L D U DR R,2,12,52,7,4,15,4
dl FS L U D DR R,2,12,52,7,4,13,4
dl L D DR FS R U,2,12,52,7,4,13,3
dl L D DR FS U R,2,12,52,7,4,13,3
dl L D FS DR R U,2,12,52,7,4,13,3
dl L D FS DR U R,2,12,52,7,4,15,3
dl L D FS U DR R,2,12,52,7,4,13,3
dl L FS D DR R U,2,12,52,7,4,11,3
dl L FS D DR U R,2,12,52,7,4,13,3
dl L FS D U DR R,2,12,52,7,4,15,4
dl L FS U D DR R,2,12,52,7,4,13,4
FS D dl L DR R U,2,12,52,7,4,14,3
FS D dl L DR U R,2,12,52,7,4,16,3
FS D dl L U DR R,2,12,52,7,4,14,3
FS D L dl DR R U,2,12,52,7,4,12,3
FS D L dl DR U R,2,12,52,7,4,14,3
FS D L dl U DR R,2,12,52,7,4,12,3
FS D L DR dl R U,2,12,52,7,4,12,3
FS D L DR dl U R,2,12,52,7,4,12,3
FS D L DR R dl U,2,12,52,7,4,10,3
FS D L DR U dl R,2,12,52,7,4,12,3
FS D L U dl DR R,2,12,52,7,4,10,2
FS D L U DR dl R,2,12,52,7,4,12,3
FS dl D L DR R U,2,12,52,7,4,14,3
FS dl D L DR U R,2,12,52,7,4,16,3
FS dl D L U DR R,2,12,52,7,4,14,3
FS dl L D DR R U,2,12,52,7,4,12,3
FS dl L D DR U R,2,12,52,7,4,14,3
FS dl L D U DR R,2,12,52,7,4,16,4
FS dl L U D DR R,2,12,52,7,4,14,4
FS L D dl DR R U,2,12,52,7,4,12,3
FS L D dl DR U R,2,12,52,7,4,14,3
FS L D dl U DR R,2,12,52,7,4,12,3
FS L D DR dl R U,2,12,52,7,4,10,2
FS L D DR dl U R,2,12,52,7,4,10,2
FS L D DR R dl U,2,12,52,7,4,8,2
FS L D DR U dl R,2,12,52,7,4,10,3
FS L D U dl DR R,2,12,52,7,4,12,4
FS L D U DR dl R,2,12,52,7,4,14,4
FS L dl D DR R U,2,12,52,7,4,12,3
FS L dl D DR U R,2,12,52,7,4,14,3
FS L dl D U DR R,2,12,52,7,4,16,4
FS L dl U D DR R,2,12,52,7,4,12,4
FS L U D dl DR R,2,12,52,7,4,14,4
FS L U D DR dl R,2,12,52,7,4,12,4
FS L U dl D DR R,2,12,52,7,4,10,3
L D dl DR FS R U,2,12,52,7,4,14,3
L D dl DR FS U R,2,12,52,7,4,14,3
L D dl FS DR R U,2,12,52,7,4,14,3
L D dl FS DR U R,2,12,52,7,4,16,3
L D dl FS U DR R,2,12,52,7,4,14,3
L D DR dl FS R U,2,12,52,7,4,12,3
L D DR dl FS U R,2,12,52,7,4,12,3
L D DR FS dl R U,2,12,52,7,4,12,3
L D DR FS dl U R,2,12,52,7,4,12,3
L D DR FS R dl U,2,12,52,7,4,10,3
L D DR FS U dl R,2,12,52,7,4,10,3
L D FS dl DR R U,2,12,52,7,4,12,3
L D FS dl DR U R,2,12,52,7,4,14,3
L D FS dl U DR R,2,12,52,7,4,12,3
L D FS DR dl R U,2,12,52,7,4,12,3
L D FS DR dl U R,2,12,52,7,4,12,3
L D FS DR R dl U,2,12,52,7,4,10,3
L D FS DR U dl R,2,12,52,7,4,12,3
L D FS U dl DR R,2,12,52,7,4,10,2
L D FS U DR dl R,2,12,52,7,4,12,3
L dl D DR FS R U,2,12,52,7,4,14,3
L dl D DR FS U R,2,12,52,7,4,14,3
L dl D FS DR R U,2,12,52,7,4,14,3
L dl D FS DR U R,2,12,52,7,4,16,3
L dl D FS U DR R,2,12,52,7,4,14,3
L dl FS D DR R U,2,12,52,7,4,12,3
L dl FS D DR U R,2,12,52,7,4,14,3
L dl FS D U DR R,2,12,52,7,4,16,4
L dl FS U D DR R,2,12,52,7,4,14,4
L FS D dl DR R U,2,12,52,7,4,12,3
L FS D dl DR U R,2,12,52,7,4,14,3
L FS D dl U DR R,2,12,52,7,4,12,3
L FS D DR dl R U,2,12,52,7,4,10,2
L FS D DR dl U R,2,12,52,7,4,10,2
L FS D DR R dl U,2,12,52,7,4,8,2
L FS D DR U dl R,2,12,52,7,4,10,3
L FS D U dl DR R,2,12,52,7,4,12,4
L FS D U DR dl R,2,12,52,7,4,14,4
L FS dl D DR R U,2,12,52,7,4,12,3
L FS dl D DR U R,2,12,52,7,4,14,3
L FS dl D U DR R,2,12,52,7,4,16,4
L FS dl U D DR R,2,12,52,7,4,12,4
L FS U D dl DR R,2,12,52,7,4,14,4
L FS U D DR dl R,2,12,52,7,4,12,4
L FS U dl D DR R,2,12,52,7,4,10,3
D dl R U DR L FS,2,12,54,6,4,14,3
D dl U R DR L FS,2,12,54,6,4,12,3
D FS R DR U L dl,2,12,54,6,4,13,3
D FS R U DR L dl,2,12,54,6,4,15,3
D FS R U L DR dl,2,12,54,6,4,13,3
D FS U L R DR dl,2,12,54,6,4,13,4
D FS U R DR L dl,2,12,54,6,4,13,3
D FS U R L DR dl,2,12,54,6,4,15,4
D R dl U DR L FS,2,12,54,6,4,12,3
D R FS DR U L dl,2,12,54,6,4,15,3
D R FS U DR L dl,2,12,54,6,4,15,3
D R FS U L DR dl,2,12,54,6,4,13,3
D R U dl DR L FS,2,12,54,6,4,12,3
D R U FS DR L dl,2,12,54,6,4,15,3
D R U FS L DR dl,2,12,54,6,4,13,3
D U dl R DR L FS,2,12,54,6,4,12,4
D U FS L R DR dl,2,12,54,6,4,15,4
D U FS R DR L dl,2,12,54,6,4,15,4
D U FS R L DR dl,2,12,54,6,4,17,4
D U R dl DR L FS,2,12,54,6,4,14,4
D U R FS DR L dl,2,12,54,6,4,17,4
D U R FS L DR dl,2,12,54,6,4,15,4
dl D R U DR L FS,2,12,54,6,4,15,3
dl D U R DR L FS,2,12,54,6,4,15,4
dl U D R DR L FS,2,12,54,6,4,13,4
FS D R DR U L dl,2,12,54,6,4,13,3
FS D R U DR L dl,2,12,54,6,4,15,3
FS D R U L DR dl,2,12,54,6,4,13,3
FS D U L R DR dl,2,12,54,6,4,15,4
FS D U R DR L dl,2,12,54,6,4,15,4
FS D U R L DR dl,2,12,54,6,4,17,4
FS U D L R DR dl,2,12,54,6,4,15,4
FS U D R DR L dl,2,12,54,6,4,15,4
FS U D R L DR dl,2,12,54,6,4,17,4
FS U L D R DR dl,2,12,54,6,4,11,2
U D dl R DR L FS,2,12,54,6,4,14,4
U D FS L R DR dl,2,12,54,6,4,15,4
U D FS R DR L dl,2,12,54,6,4,15,4
U D FS R L DR dl,2,12,54,6,4,17,4
U D R dl DR L FS,2,12,54,6,4,14,4
U D R FS DR L dl,2,12,54,6,4,17,4
U D R FS L DR dl,2,12,54,6,4,15,4
U dl D R DR L FS,2,12,54,6,4,12,3
U FS D L R DR dl,2,12,54,6,4,13,4
U FS D R DR L dl,2,12,54,6,4,13,3
U FS D R L DR dl,2,12,54,6,4,15,4
U FS L D R DR dl,2,12,54,6,4,11,2
dl L R D U DR FS,2,12,54,7,4,19,4
dl L R U D DR FS,2,12,54,7,4,17,4
dl L U R D DR FS,2,12,54,7,4,13,3
dl R D L U DR FS,2,12,54,7,4,13,3
dl R D U L DR FS,2,12,54,7,4,15,4
dl R L D U DR FS,2,12,54,7,4,17,4
dl R L U D DR FS,2,12,54,7,4,15,4
dl R U D L DR FS,2,12,54,7,4,15,4
dl R U L D DR FS,2,12,54,7,4,11,3
dl U L R D DR FS,2,12,54,7,4,13,4
dl U R D L DR FS,2,12,54,7,4,13,3
dl U R L D DR FS,2,12,54,7,4,13,4
L dl R D U DR FS,2,12,54,7,4,16,4
L dl R U D DR FS,2,12,54,7,4,14,4
L dl U R D DR FS,2,12,54,7,4,12,3
L R D dl U DR FS,2,12,54,7,4,16,4
L R D DR U dl FS,2,12,54,7,4,14,4
L R D DR U FS dl,2,12,54,7,4,15,4
L R D U dl DR FS,2,12,54,7,4,16,4
L R D U DR dl FS,2,12,54,7,4,18,4
L R D U DR FS dl,2,12,54,7,4,19,4
L R D U FS DR dl,2,12,54,7,4,17,4
L R dl D U DR FS,2,12,54,7,4,18,4
L R dl U D DR FS,2,12,54,7,4,14,4
L R U D dl DR FS,2,12,54,7,4,18,4
L R U D DR dl FS,2,12,54,7,4,16,4
L R U D DR FS dl,2,12,54,7,4,17,4
L R U D FS DR dl,2,12,54,7,4,17,4
L R U dl D DR FS,2,12,54,7,4,14,4
L R U FS D DR dl,2,12,54,7,4,13,4
L U dl R D DR FS,2,12,54,7,4,10,3
L U FS R D DR dl,2,12,54,7,4,11,2
L U R D dl DR FS,2,12,54,7,4,14,3
L U R D DR dl FS,2,12,54,7,4,12,3
L U R D DR FS dl,2,12,54,7,4,13,3
L U R D FS DR dl,2,12,54,7,4,13,3
L U R dl D DR FS,2,12,54,7,4,12,3
L U R FS D DR dl,2,12,54,7,4,11,2
R D dl L U DR FS,2,12,54,7,4,16,3
R D dl U L DR FS,2,12,54,7,4,14,3
R D L dl U DR FS,2,12,54,7,4,14,3
R D L DR U dl FS,2,12,54,7,4,14,3
R D L DR U FS dl,2,12,54,7,4,15,3
R D L U dl DR FS,2,12,54,7,4,12,3
R D L U DR dl FS,2,12,54,7,4,14,3
R D L U DR FS dl,2,12,54,7,4,15,3
R D L U FS DR dl,2,12,54,7,4,13,3
R D U dl L DR FS,2,12,54,7,4,16,4
R D U L dl DR FS,2,12,54,7,4,16,4
R D U L DR dl FS,2,12,54,7,4,16,4
R D U L DR FS dl,2,12,54,7,4,17,4
R D U L FS DR dl,2,12,54,7,4,15,4
R dl D L U DR FS,2,12,54,7,4,14,3
R dl D U L DR FS,2,12,54,7,4,16,4
R dl L D U DR FS,2,12,54,7,4,16,4
R dl L U D DR FS,2,12,54,7,4,14,4
R dl U D L DR FS,2,12,54,7,4,14,4
R dl U L D DR FS,2,12,54,7,4,10,3
R L D dl U DR FS,2,12,54,7,4,16,4
R L D DR U dl FS,2,12,54,7,4,14,4
R L D DR U FS dl,2,12,54,7,4,15,4
R L D U dl DR FS,2,12,54,7,4,16,4
R L D U DR dl FS,2,12,54,7,4,18,4
R L D U DR FS dl,2,12,54,7,4,19,4
R L D U FS DR dl,2,12,54,7,4,17,4
R L dl D U DR FS,2,12,54,7,4,20,4
R L dl U D DR FS,2,12,54,7,4,16,4
R L U D dl DR FS,2,12,54,7,4,18,4
R L U D DR dl FS,2,12,54,7,4,16,4
R L U D DR FS dl,2,12,54,7,4,17,4
R L U D FS DR dl,2,12,54,7,4,17,4
R L U dl D DR FS,2,12,54,7,4,14,4
R L U FS D DR dl,2,12,54,7,4,13,4
R U D dl L DR FS,2,12,54,7,4,18,4
R U D L dl DR FS,2,12,54,7,4,16,4
R U D L DR dl FS,2,12,54,7,4,16,4
R U D L DR FS dl,2,12,54,7,4,17,4
R U D L FS DR dl,2,12,54,7,4,15,4
R U dl D L DR FS,2,12,54,7,4,14,3
R U dl L D DR FS,2,12,54,7,4,12,3
R U L D dl DR FS,2,12,54,7,4,14,3
R U L D DR dl FS,2,12,54,7,4,12,3
R U L D DR FS dl,2,12,54,7,4,13,3
R U L D FS DR dl,2,12,54,7,4,13,3
R U L dl D DR FS,2,12,54,7,4,14,3
R U L FS D DR dl,2,12,54,7,4,11,2
U dl L R D DR FS,2,12,54,7,4,14,4
U dl R D L DR FS,2,12,54,7,4,12,3
U dl R L D DR FS,2,12,54,7,4,12,4
U L dl R D DR FS,2,12,54,7,4,12,3
U L FS R D DR dl,2,12,54,7,4,11,2
U L R D dl DR FS,2,12,54,7,4,16,4
U L R D DR dl FS,2,12,54,7,4,14,4
U L R D DR FS dl,2,12,54,7,4,15,4
U L R D FS DR dl,2,12,54,7,4,15,4
U L R dl D DR FS,2,12,54,7,4,14,4
U L R FS D DR dl,2,12,54,7,4,13,4
U R D dl L DR FS,2,12,54,7,4,16,3
U R D L dl DR FS,2,12,54,7,4,14,3
U R D L DR dl FS,2,12,54,7,4,14,3
U R D L DR FS dl,2,12,54,7,4,15,3
U R D L FS DR dl,2,12,54,7,4,13,3
U R dl D L DR FS,2,12,54,7,4,14,3
U R dl L D DR FS,2,12,54,7,4,12,3
U R L D dl DR FS,2,12,54,7,4,16,4
U R L D DR dl FS,2,12,54,7,4,14,4
U R L D DR FS dl,2,12,54,7,4,15,4
U R L D FS DR dl,2,12,54,7,4,15,4
U R L dl D DR FS,2,12,54,7,4,16,4
U R L FS D DR dl,2,12,54,7,4,13,4
dl DR D FS L R U,2,11,56,7,4,13,4
dl DR D FS L U R,2,11,56,7,4,11,2
dl DR D FS R L U,2,11,56,7,4,13,4
dl DR D FS R U L,2,11,56,7,4,11,2
dl DR D L FS R U,2,11,56,7,4,11,2
dl DR D L FS U R,2,11,56,7,4,11,2
dl DR FS D L R U,2,11,56,7,4,15,4
dl DR FS D L U R,2,11,56,7,4,13,3
dl DR FS D R L U,2,11,56,7,4,15,4
dl DR FS D R U L,2,11,56,7,4,13,3
dl DR FS L D R U,2,11,56,7,4,13,3
dl DR FS L D U R,2,11,56,7,4,15,4
dl DR FS L U D R,2,11,56,7,4,15,4
dl DR FS L U R D,2,11,56,7,4,13,3
dl DR L D FS R U,2,11,56,7,4,13,3
dl DR L D FS U R,2,11,56,7,4,13,3
dl DR L FS D R U,2,11,56,7,4,13,3
dl DR L FS D U R,2,11,56,7,4,15,4
dl DR L FS U D R,2,11,56,7,4,15,4
dl DR L FS U R D,2,11,56,7,4,13,3
dl FS DR D L R U,2,11,56,7,4,15,4
dl FS DR D L U R,2,11,56,7,4,13,3
dl FS DR D R L U,2,11,56,7,4,15,4
dl FS DR D R U L,2,11,56,7,4,13,3
dl FS DR L D R U,2,11,56,7,4,15,3
dl FS DR L D U R,2,11,56,7,4,17,4
dl FS DR L U D R,2,11,56,7,4,17,4
dl FS DR L U R D,2,11,56,7,4,15,3
dl FS L DR D R U,2,11,56,7,4,13,3
dl FS L DR D U R,2,11,56,7,4,15,4
dl FS L DR U D R,2,11,56,7,4,17,4
dl FS L DR U R D,2,11,56,7,4,15,3
dl FS L U DR D R,2,11,56,7,4,13,3
dl FS L U DR R D,2,11,56,7,4,13,3
dl L DR D FS R U,2,11,56,7,4,13,3
dl L DR D FS U R,2,11,56,7,4,13,3
dl L DR FS D R U,2,11,56,7,4,15,3
dl L DR FS D U R,2,11,56,7,4,17,4
dl L DR FS U D R,2,11,56,7,4,17,4
dl L DR FS U R D,2,11,56,7,4,15,3
dl L FS DR D R U,2,11,56,7,4,13,3
dl L FS DR D U R,2,11,56,7,4,15,4
dl L FS DR U D R,2,11,56,7,4,17,4
dl L FS DR U R D,2,11,56,7,4,15,3
dl L FS U DR D R,2,11,56,7,4,13,3
dl L FS U DR R D,2,11,56,7,4,13,3
DR D dl FS L R U,2,11,56,7,4,15,4
DR D dl FS L U R,2,11,56,7,4,13,3
DR D dl FS R L U,2,11,56,7,4,15,4
DR D dl FS R U L,2,11,56,7,4,13,3
DR D dl L FS R U,2,11,56,7,4,13,3
DR D dl L FS U R,2,11,56,7,4,13,3
DR D FS dl L R U,2,11,56,7,4,15,4
DR D FS dl L U R,2,11,56,7,4,13,3
DR D FS dl R L U,2,11,56,7,4,13,4
DR D FS dl R U L,2,11,56,7,4,11,3
DR D FS L dl R U,2,11,56,7,4,11,3
DR D FS L dl U R,2,11,56,7,4,11,3
DR D FS L R dl U,2,11,56,7,4,11,4
DR D FS L U dl R,2,11,56,7,4,9,2
DR D FS R dl L U,2,11,56,7,4,11,3
DR D FS R dl U L,2,11,56,7,4,9,2
DR D FS R L dl U,2,11,56,7,4,13,4
DR D L dl FS R U,2,11,56,7,4,13,3
DR D L dl FS U R,2,11,56,7,4,13,3
DR D L FS dl R U,2,11,56,7,4,11,3
DR D L FS dl U R,2,11,56,7,4,11,3
DR D L FS R dl U,2,11,56,7,4,9,2
DR D L FS U dl R,2,11,56,7,4,9,2
DR dl D FS L R U,2,11,56,7,4,15,4
DR dl D FS L U R,2,11,56,7,4,13,3
DR dl D FS R L U,2,11,56,7,4,15,4
DR dl D FS R U L,2,11,56,7,4,13,3
DR dl D L FS R U,2,11,56,7,4,13,3
DR dl D L FS U R,2,11,56,7,4,13,3
DR dl FS D L R U,2,11,56,7,4,15,4
DR dl FS D L U R,2,11,56,7,4,13,3
DR dl FS D R L U,2,11,56,7,4,15,4
DR dl FS D R U L,2,11,56,7,4,13,3
DR dl FS L D R U,2,11,56,7,4,13,3
DR dl FS L D U R,2,11,56,7,4,15,4
DR dl FS L U D R,2,11,56,7,4,15,4
DR dl FS L U R D,2,11,56,7,4,13,3
DR dl L D FS R U,2,11,56,7,4,13,3
DR dl L D FS U R,2,11,56,7,4,13,3
DR dl L FS D R U,2,11,56,7,4,13,3
DR dl L FS D U R,2,11,56,7,4,15,4
DR dl L FS U D R,2,11,56,7,4,15,4
DR dl L FS U R D,2,11,56,7,4,13,3
DR FS D dl L R U,2,11,56,7,4,17,4
DR FS D dl L U R,2,11,56,7,4,15,3
DR FS D dl R L U,2,11,56,7,4,15,4
DR FS D dl R U L,2,11,56,7,4,13,3
DR FS D L dl R U,2,11,56,7,4,13,3
DR FS D L dl U R,2,11,56,7,4,13,3
DR FS D L R dl U,2,11,56,7,4,13,4
DR FS D L U dl R,2,11,56,7,4,11,3
DR FS D R dl L U,2,11,56,7,4,13,3
DR FS D R dl U L,2,11,56,7,4,11,3
DR FS D R L dl U,2,11,56,7,4,15,4
DR FS dl D L R U,2,11,56,7,4,17,4
DR FS dl D L U R,2,11,56,7,4,15,3
DR FS dl D R L U,2,11,56,7,4,17,4
DR FS dl D R U L,2,11,56,7,4,15,3
DR FS dl L D R U,2,11,56,7,4,15,3
DR FS dl L D U R,2,11,56,7,4,17,4
DR FS dl L U D R,2,11,56,7,4,17,4
DR FS dl L U R D,2,11,56,7,4,15,3
DR FS L D dl R U,2,11,56,7,4,13,3
DR FS L D dl U R,2,11,56,7,4,13,3
DR FS L D R dl U,2,11,56,7,4,11,3
DR FS L D U dl R,2,11,56,7,4,13,4
DR FS L dl D R U,2,11,56,7,4,15,3
DR FS L dl D U R,2,11,56,7,4,17,4
DR FS L dl U D R,2,11,56,7,4,15,4
DR FS L dl U R D,2,11,56,7,4,13,3
DR FS L U D dl R,2,11,56,7,4,15,4
DR FS L U dl D R,2,11,56,7,4,13,3
DR FS L U dl R D,2,11,56,7,4,11,3
DR L D dl FS R U,2,11,56,7,4,15,3
DR L D dl FS U R,2,11,56,7,4,15,3
DR L D FS dl R U,2,11,56,7,4,13,3
DR L D FS dl U R,2,11,56,7,4,13,3
DR L D FS R dl U,2,11,56,7,4,11,3
DR L D FS U dl R,2,11,56,7,4,11,3
DR L dl D FS R U,2,11,56,7,4,15,3
DR L dl D FS U R,2,11,56,7,4,15,3
DR L dl FS D R U,2,11,56,7,4,15,3
DR L dl FS D U R,2,11,56,7,4,17,4
DR L dl FS U D R,2,11,56,7,4,17,4
DR L dl FS U R D,2,11,56,7,4,15,3
DR L FS D dl R U,2,11,56,7,4,13,3
DR L FS D dl U R,2,11,56,7,4,13,3
DR L FS D R dl U,2,11,56,7,4,11,3
DR L FS D U dl R,2,11,56,7,4,13,4
DR L FS dl D R U,2,11,56,7,4,15,3
DR L FS dl D U R,2,11,56,7,4,17,4
DR L FS dl U D R,2,11,56,7,4,15,4
DR L FS dl U R D,2,11,56,7,4,13,3
DR L FS U D dl R,2,11,56,7,4,15,4
DR L FS U dl D R,2,11,56,7,4,13,3
DR L FS U dl R D,2,11,56,7,4,11,3
FS dl DR D L R U,2,11,56,7,4,14,4
FS dl DR D L U R,2,11,56,7,4,12,3
FS dl DR D R L U,2,11,56,7,4,14,4
FS dl DR D R U L,2,11,56,7,4,12,3
FS dl DR L D R U,2,11,56,7,4,14,3
FS dl DR L D U R,2,11,56,7,4,16,4
FS dl DR L U D R,2,11,56,7,4,16,4
FS dl DR L U R D,2,11,56,7,4,14,3
FS dl L DR D R U,2,11,56,7,4,14,3
FS dl L DR D U R,2,11,56,7,4,16,4
FS dl L DR U D R,2,11,56,7,4,18,4
FS dl L DR U R D,2,11,56,7,4,16,3
FS dl L U DR D R,2,11,56,7,4,14,3
FS dl L U DR R D,2,11,56,7,4,14,3
FS DR D dl L R U,2,11,56,7,4,16,4
FS DR D dl L U R,2,11,56,7,4,14,3
FS DR D dl R L U,2,11,56,7,4,14,4
FS DR D dl R U L,2,11,56,7,4,12,3
FS DR D L dl R U,2,11,56,7,4,12,3
FS DR D L dl U R,2,11,56,7,4,12,3
FS DR D L R dl U,2,11,56,7,4,12,4
FS DR D L U dl R,2,11,56,7,4,10,3
FS DR D R dl L U,2,11,56,7,4,12,3
FS DR D R dl U L,2,11,56,7,4,10,3
FS DR D R L dl U,2,11,56,7,4,14,4
FS DR dl D L R U,2,11,56,7,4,16,4
FS DR dl D L U R,2,11,56,7,4,14,3
FS DR dl D R L U,2,11,56,7,4,16,4
FS DR dl D R U L,2,11,56,7,4,14,3
FS DR dl L D R U,2,11,56,7,4,14,3
FS DR dl L D U R,2,11,56,7,4,16,4
FS DR dl L U D R,2,11,56,7,4,16,4
FS DR dl L U R D,2,11,56,7,4,14,3
FS DR L D dl R U,2,11,56,7,4,14,3
FS DR L D dl U R,2,11,56,7,4,14,3
FS DR L D R dl U,2,11,56,7,4,12,3
FS DR L D U dl R,2,11,56,7,4,14,4
FS DR L dl D R U,2,11,56,7,4,16,3
FS DR L dl D U R,2,11,56,7,4,18,4
FS DR L dl U D R,2,11,56,7,4,16,4
FS DR L dl U R D,2,11,56,7,4,14,3
FS DR L U D dl R,2,11,56,7,4,16,4
FS DR L U dl D R,2,11,56,7,4,14,3
FS DR L U dl R D,2,11,56,7,4,12,3
FS L dl DR D R U,2,11,56,7,4,12,3
FS L dl DR D U R,2,11,56,7,4,14,4
FS L dl DR U D R,2,11,56,7,4,16,4
FS L dl DR U R D,2,11,56,7,4,14,3
FS L dl U DR D R,2,11,56,7,4,12,3
FS L dl U DR R D,2,11,56,7,4,12,3
FS L DR D dl R U,2,11,56,7,4,12,3
FS L DR D dl U R,2,11,56,7,4,12,3
FS L DR D R dl U,2,11,56,7,4,10,3
FS L DR D U dl R,2,11,56,7,4,12,4
FS L DR dl D R U,2,11,56,7,4,14,3
FS L DR dl D U R,2,11,56,7,4,16,4
FS L DR dl U D R,2,11,56,7,4,14,4
FS L DR dl U R D,2,11,56,7,4,12,3
FS L DR U D dl R,2,11,56,7,4,16,4
FS L DR U dl D R,2,11,56,7,4,14,3
FS L DR U dl R D,2,11,56,7,4,12,3
FS L U dl DR D R,2,11,56,7,4,10,2
FS L U dl DR R D,2,11,56,7,4,10,2
FS L U DR D dl R,2,11,56,7,4,12,3
FS L U DR dl D R,2,11,56,7,4,14,3
FS L U DR dl R D,2,11,56,7,4,12,3
L dl DR D FS R U,2,11,56,7,4,12,3
L dl DR D FS U R,2,11,56,7,4,12,3
L dl DR FS D R U,2,11,56,7,4,14,3
L dl DR FS D U R,2,11,56,7,4,16,4
L dl DR FS U D R,2,11,56,7,4,16,4
L dl DR FS U R D,2,11,56,7,4,14,3
L dl FS DR D R U,2,11,56,7,4,14,3
L dl FS DR D U R,2,11,56,7,4,16,4
L dl FS DR U D R,2,11,56,7,4,18,4
L dl FS DR U R D,2,11,56,7,4,16,3
L dl FS U DR D R,2,11,56,7,4,14,3
L dl FS U DR R D,2,11,56,7,4,14,3
L DR D dl FS R U,2,11,56,7,4,14,3
L DR D dl FS U R,2,11,56,7,4,14,3
L DR D FS dl R U,2,11,56,7,4,12,3
L DR D FS dl U R,2,11,56,7,4,12,3
L DR D FS R dl U,2,11,56,7,4,10,3
L DR D FS U dl R,2,11,56,7,4,10,3
L DR dl D FS R U,2,11,56,7,4,14,3
L DR dl D FS U R,2,11,56,7,4,14,3
L DR dl FS D R U,2,11,56,7,4,14,3
L DR dl FS D U R,2,11,56,7,4,16,4
L DR dl FS U D R,2,11,56,7,4,16,4
L DR dl FS U R D,2,11,56,7,4,14,3
L DR FS D dl R U,2,11,56,7,4,14,3
L DR FS D dl U R,2,11,56,7,4,14,3
L DR FS D R dl U,2,11,56,7,4,12,3
L DR FS D U dl R,2,11,56,7,4,14,4
L DR FS dl D R U,2,11,56,7,4,16,3
L DR FS dl D U R,2,11,56,7,4,18,4
L DR FS dl U D R,2,11,56,7,4,16,4
L DR FS dl U R D,2,11,56,7,4,14,3
L DR FS U D dl R,2,11,56,7,4,16,4
L DR FS U dl D R,2,11,56,7,4,14,3
L DR FS U dl R D,2,11,56,7,4,12,3
L FS dl DR D R U,2,11,56,7,4,12,3
L FS dl DR D U R,2,11,56,7,4,14,4
L FS dl DR U D R,2,11,56,7,4,16,4
L FS dl DR U R D,2,11,56,7,4,14,3
L FS dl U DR D R,2,11,56,7,4,12,3
L FS dl U DR R D,2,11,56,7,4,12,3
L FS DR D dl R U,2,11,56,7,4,12,3
L FS DR D dl U R,2,11,56,7,4,12,3
L FS DR D R dl U,2,11,56,7,4,10,3
L FS DR D U dl R,2,11,56,7,4,12,4
L FS DR dl D R U,2,11,56,7,4,14,3
L FS DR dl D U R,2,11,56,7,4,16,4
L FS DR dl U D R,2,11,56,7,4,14,4
L FS DR dl U R D,2,11,56,7,4,12,3
L FS DR U D dl R,2,11,56,7,4,16,4
L FS DR U dl D R,2,11,56,7,4,14,3
L FS DR U dl R D,2,11,56,7,4,12,3
L FS U dl DR D R,2,11,56,7,4,10,2
L FS U dl DR R D,2,11,56,7,4,10,2
L FS U DR D dl R,2,11,56,7,4,12,3
L FS U DR dl D R,2,11,56,7,4,14,3
L FS U DR dl R D,2,11,56,7,4,12,3
D dl L R U DR FS,2,12,56,7,4,18,4
D dl L U R DR FS,2,12,56,7,4,14,3
D dl R L U DR FS,2,12,56,7,4,16,4
D dl R U L DR FS,2,12,56,7,4,14,3
D dl U L R DR FS,2,12,56,7,4,14,4
D dl U R L DR FS,2,12,56,7,4,16,4
D L dl R U DR FS,2,12,56,7,4,14,3
D L dl U R DR FS,2,12,56,7,4,12,3
D L DR R U dl FS,2,12,56,7,4,12,3
D L DR R U FS dl,2,12,56,7,4,13,3
D L DR U R dl FS,2,12,56,7,4,14,3
D L DR U R FS dl,2,12,56,7,4,15,3
D L R dl U DR FS,2,12,56,7,4,14,4
D L R DR U dl FS,2,12,56,7,4,14,4
D L R DR U FS dl,2,12,56,7,4,15,4
D L R U dl DR FS,2,12,56,7,4,14,4
D L R U DR dl FS,2,12,56,7,4,16,4
D L R U DR FS dl,2,12,56,7,4,17,4
D L R U FS DR dl,2,12,56,7,4,15,4
D L U dl R DR FS,2,12,56,7,4,10,3
D L U DR R dl FS,2,12,56,7,4,12,3
D L U DR R FS dl,2,12,56,7,4,13,3
D L U FS R DR dl,2,12,56,7,4,11,2
D L U R dl DR FS,2,12,56,7,4,12,3
D L U R DR dl FS,2,12,56,7,4,12,3
D L U R DR FS dl,2,12,56,7,4,13,3
D L U R FS DR dl,2,12,56,7,4,13,3
D R dl L U DR FS,2,12,56,7,4,14,3
D R dl U L DR FS,2,12,56,7,4,12,3
D R L dl U DR FS,2,12,56,7,4,16,4
D R L DR U dl FS,2,12,56,7,4,16,4
D R L DR U FS dl,2,12,56,7,4,17,4
D R L U dl DR FS,2,12,56,7,4,14,4
D R L U DR dl FS,2,12,56,7,4,16,4
D R L U DR FS dl,2,12,56,7,4,17,4
D R L U FS DR dl,2,12,56,7,4,15,4
D R U dl L DR FS,2,12,56,7,4,14,3
D R U L dl DR FS,2,12,56,7,4,14,3
D R U L DR dl FS,2,12,56,7,4,14,3
D R U L DR FS dl,2,12,56,7,4,15,3
D R U L FS DR dl,2,12,56,7,4,13,3
D U dl L R DR FS,2,12,56,7,4,16,4
D U dl R L DR FS,2,12,56,7,4,16,4
D U L dl R DR FS,2,12,56,7,4,14,4
D U L DR R dl FS,2,12,56,7,4,14,4
D U L DR R FS dl,2,12,56,7,4,15,4
D U L FS R DR dl,2,12,56,7,4,13,4
D U L R dl DR FS,2,12,56,7,4,16,4
D U L R DR dl FS,2,12,56,7,4,16,4
D U L R DR FS dl,2,12,56,7,4,17,4
D U L R FS DR dl,2,12,56,7,4,17,4
D U R dl L DR FS,2,12,56,7,4,16,4
D U R L dl DR FS,2,12,56,7,4,18,4
D U R L DR dl FS,2,12,56,7,4,18,4
D U R L DR FS dl,2,12,56,7,4,19,4
D U R L FS DR dl,2,12,56,7,4,17,4
dl D L R U DR FS,2,12,56,7,4,17,4
dl D L U R DR FS,2,12,56,7,4,13,3
dl D R L U DR FS,2,12,56,7,4,17,4
dl D R U L DR FS,2,12,56,7,4,15,3
dl D U L R DR FS,2,12,56,7,4,17,4
dl D U R L DR FS,2,12,56,7,4,19,4
dl L D R U DR FS,2,12,56,7,4,15,3
dl L D U R DR FS,2,12,56,7,4,15,4
dl L U D R DR FS,2,12,56,7,4,15,4
dl U D L R DR FS,2,12,56,7,4,15,4
dl U D R L DR FS,2,12,56,7,4,17,4
dl U L D R DR FS,2,12,56,7,4,11,3
L D dl R U DR FS,2,12,56,7,4,14,3
L D dl U R DR FS,2,12,56,7,4,12,3
L D DR R U dl FS,2,12,56,7,4,10,3
L D DR R U FS dl,2,12,56,7,4,11,3
L D DR U R dl FS,2,12,56,7,4,12,3
L D DR U R FS dl,2,12,56,7,4,13,3
L D R dl U DR FS,2,12,56,7,4,12,3
L D R DR U dl FS,2,12,56,7,4,12,3
L D R DR U FS dl,2,12,56,7,4,13,3
L D R U dl DR FS,2,12,56,7,4,12,3
L D R U DR dl FS,2,12,56,7,4,14,3
L D R U DR FS dl,2,12,56,7,4,15,3
L D R U FS DR dl,2,12,56,7,4,13,3
L D U dl R DR FS,2,12,56,7,4,12,4
L D U DR R dl FS,2,12,56,7,4,14,4
L D U DR R FS dl,2,12,56,7,4,15,4
L D U FS R DR dl,2,12,56,7,4,13,4
L D U R dl DR FS,2,12,56,7,4,14,4
L D U R DR dl FS,2,12,56,7,4,14,4
L D U R DR FS dl,2,12,56,7,4,15,4
L D U R FS DR dl,2,12,56,7,4,15,4
L dl D R U DR FS,2,12,56,7,4,16,3
L dl D U R DR FS,2,12,56,7,4,16,4
L dl U D R DR FS,2,12,56,7,4,14,4
L U D dl R DR FS,2,12,56,7,4,14,4
L U D DR R dl FS,2,12,56,7,4,12,4
L U D DR R FS dl,2,12,56,7,4,13,4
L U D FS R DR dl,2,12,56,7,4,13,4
L U D R dl DR FS,2,12,56,7,4,14,4
L U D R DR dl FS,2,12,56,7,4,14,4
L U D R DR FS dl,2,12,56,7,4,15,4
L U D R FS DR dl,2,12,56,7,4,15,4
L U dl D R DR FS,2,12,56,7,4,12,3
L U FS D R DR dl,2,12,56,7,4,11,2
U D dl L R DR FS,2,12,56,7,4,18,4
U D dl R L DR FS,2,12,56,7,4,18,4
U D L dl R DR FS,2,12,56,7,4,14,4
U D L DR R dl FS,2,12,56,7,4,14,4
U D L DR R FS dl,2,12,56,7,4,15,4
U D L FS R DR dl,2,12,56,7,4,13,4
U D L R dl DR FS,2,12,56,7,4,16,4
U D L R DR dl FS,2,12,56,7,4,16,4
U D L R DR FS dl,2,12,56,7,4,17,4
U D L R FS DR dl,2,12,56,7,4,17,4
U D R dl L DR FS,2,12,56,7,4,16,4
U D R L dl DR FS,2,12,56,7,4,18,4
U D R L DR dl FS,2,12,56,7,4,18,4
U D R L DR FS dl,2,12,56,7,4,19,4
U D R L FS DR dl,2,12,56,7,4,17,4
U dl D L R DR FS,2,12,56,7,4,14,4
U dl D R L DR FS,2,12,56,7,4,16,4
U dl L D R DR FS,2,12,56,7,4,12,3
U L D dl R DR FS,2,12,56,7,4,12,3
U L D DR R dl FS,2,12,56,7,4,10,3
U L D DR R FS dl,2,12,56,7,4,11,3
U L D FS R DR dl,2,12,56,7,4,11,2
U L D R dl DR FS,2,12,56,7,4,12,3
U L D R DR dl FS,2,12,56,7,4,12,3
U L D R DR FS dl,2,12,56,7,4,13,3
U L D R FS DR dl,2,12,56,7,4,13,3
U L dl D R DR FS,2,12,56,7,4,14,3
U L FS D R DR dl,2,12,56,7,4,11,2
FS R DR D U L dl,7,12,57,6,4,13,4
FS R DR U D L dl,7,12,57,6,4,15,4
FS R DR U L D dl,7,12,57,6,4,13,3
FS R U DR D L dl,7,12,57,6,4,13,3
FS R U DR L D dl,7,12,57,6,4,15,3
FS R U L DR D dl,7,12,57,6,4,13,3
FS U L R DR D dl,7,12,57,6,4,13,4
FS U R DR D L dl,7,12,57,6,4,11,3
FS U R DR L D dl,7,12,57,6,4,13,3
FS U R L DR D dl,7,12,57,6,4,15,4
R DR FS D U L dl,7,12,57,6,4,15,4
R DR FS U D L dl,7,12,57,6,4,15,4
R DR FS U L D dl,7,12,57,6,4,13,3
R DR U FS D L dl,7,12,57,6,4,13,3
R DR U FS L D dl,7,12,57,6,4,13,3
R FS DR D U L dl,7,12,57,6,4,15,4
R FS DR U D L dl,7,12,57,6,4,17,4
R FS DR U L D dl,7,12,57,6,4,15,3
R FS U DR D L dl,7,12,57,6,4,13,3
R FS U DR L D dl,7,12,57,6,4,15,3
R FS U L DR D dl,7,12,57,6,4,13,3
R U DR FS D L dl,7,12,57,6,4,15,3
R U DR FS L D dl,7,12,57,6,4,15,3
R U FS DR D L dl,7,12,57,6,4,13,3
R U FS DR L D dl,7,12,57,6,4,15,3
R U FS L DR D dl,7,12,57,6,4,13,3
U FS L R DR D dl,7,12,57,6,4,13,4
U FS R DR D L dl,7,12,57,6,4,11,3
U FS R DR L D dl,7,12,57,6,4,13,3
U FS R L DR D dl,7,12,57,6,4,15,4
U R DR FS D L dl,7,12,57,6,4,13,3
U R DR FS L D dl,7,12,57,6,4,13,3
U R FS DR D L dl,7,12,57,6,4,13,3
U R FS DR L D dl,7,12,57,6,4,15,3
U R FS L DR D dl,7,12,57,6,4,13,3
D dl DR FS L R U,2,12,57,7,4,16,4
D dl DR FS L U R,2,12,57,7,4,14,3
D dl DR FS R L U,2,12,57,7,4,16,4
D dl DR FS R U L,2,12,57,7,4,14,3
D dl DR L FS R U,2,12,57,7,4,14,3
D dl DR L FS U R,2,12,57,7,4,14,3
D dl FS DR L R U,2,12,57,7,4,18,4
D dl FS DR L U R,2,12,57,7,4,16,3
D dl FS DR R L U,2,12,57,7,4,16,4
D dl FS DR R U L,2,12,57,7,4,14,3
D DR dl FS L R U,2,12,57,7,4,14,4
D DR dl FS L U R,2,12,57,7,4,12,3
D DR dl FS R L U,2,12,57,7,4,14,4
D DR dl FS R U L,2,12,57,7,4,12,3
D DR dl L FS R U,2,12,57,7,4,12,3
D DR dl L FS U R,2,12,57,7,4,12,3
D DR FS dl L R U,2,12,57,7,4,16,4
D DR FS dl L U R,2,12,57,7,4,14,3
D DR FS dl R L U,2,12,57,7,4,14,4
D DR FS dl R U L,2,12,57,7,4,12,3
D DR FS L dl R U,2,12,57,7,4,12,3
D DR FS L dl U R,2,12,57,7,4,12,3
D DR FS L R dl U,2,12,57,7,4,12,4
D DR FS L U dl R,2,12,57,7,4,10,3
D DR FS R dl L U,2,12,57,7,4,12,3
D DR FS R dl U L,2,12,57,7,4,10,3
D DR FS R L dl U,2,12,57,7,4,14,4
D DR L dl FS R U,2,12,57,7,4,14,3
D DR L dl FS U R,2,12,57,7,4,14,3
D DR L FS dl R U,2,12,57,7,4,12,3
D DR L FS dl U R,2,12,57,7,4,12,3
D DR L FS R dl U,2,12,57,7,4,10,3
D DR L FS U dl R,2,12,57,7,4,10,3
D FS dl DR L R U,2,12,57,7,4,16,4
D FS dl DR L U R,2,12,57,7,4,14,3
D FS dl DR R L U,2,12,57,7,4,14,4
D FS dl DR R U L,2,12,57,7,4,12,3
D FS DR dl L R U,2,12,57,7,4,16,4
D FS DR dl L U R,2,12,57,7,4,14,3
D FS DR dl R L U,2,12,57,7,4,14,4
D FS DR dl R U L,2,12,57,7,4,12,3
D FS DR L dl R U,2,12,57,7,4,14,3
D FS DR L dl U R,2,12,57,7,4,14,3
D FS DR L R dl U,2,12,57,7,4,14,4
D FS DR L U dl R,2,12,57,7,4,12,3
D FS DR R dl L U,2,12,57,7,4,12,3
D FS DR R dl U L,2,12,57,7,4,10,3
D FS DR R L dl U,2,12,57,7,4,14,4
dl D DR FS L R U,2,12,57,7,4,15,4
dl D DR FS L U R,2,12,57,7,4,13,3
dl D DR FS R L U,2,12,57,7,4,15,4
dl D DR FS R U L,2,12,57,7,4,13,3
dl D DR L FS R U,2,12,57,7,4,13,3
dl D DR L FS U R,2,12,57,7,4,13,3
dl D FS DR L R U,2,12,57,7,4,17,4
dl D FS DR L U R,2,12,57,7,4,15,3
dl D FS DR R L U,2,12,57,7,4,15,4
dl D FS DR R U L,2,12,57,7,4,13,3
dl FS D DR L R U,2,12,57,7,4,15,4
dl FS D DR L U R,2,12,57,7,4,13,3
dl FS D DR R L U,2,12,57,7,4,13,4
dl FS D DR R U L,2,12,57,7,4,11,3
FS D dl DR L R U,2,12,57,7,4,16,4
FS D dl DR L U R,2,12,57,7,4,14,3
FS D dl DR R L U,2,12,57,7,4,14,4
FS D dl DR R U L,2,12,57,7,4,12,3
FS D DR dl L R U,2,12,57,7,4,14,4
FS D DR dl L U R,2,12,57,7,4,12,3
FS D DR dl R L U,2,12,57,7,4,12,4
FS D DR dl R U L,2,12,57,7,4,10,2
FS D DR L dl R U,2,12,57,7,4,12,3
FS D DR L dl U R,2,12,57,7,4,12,3
FS D DR L R dl U,2,12,57,7,4,12,4
FS D DR L U dl R,2,12,57,7,4,10,3
FS D DR R dl L U,2,12,57,7,4,10,3
FS D DR R dl U L,2,12,57,7,4,8,2
FS D DR R L dl U,2,12,57,7,4,12,4
FS dl D DR L R U,2,12,57,7,4,16,4
FS dl D DR L U R,2,12,57,7,4,14,3
FS dl D DR R L U,2,12,57,7,4,14,4
FS dl D DR R U L,2,12,57,7,4,12,3
DR FS R D U L dl,7,12,58,6,4,16,4
DR FS R U D L dl,7,12,58,6,4,16,4
DR FS R U L D dl,7,12,58,6,4,14,3
DR FS U L R D dl,7,12,58,6,4,16,4
DR FS U R D L dl,7,12,58,6,4,14,3
DR FS U R L D dl,7,12,58,6,4,16,4
DR R FS D U L dl,7,12,58,6,4,14,4
DR R FS U D L dl,7,12,58,6,4,14,4
DR R FS U L D dl,7,12,58,6,4,12,3
DR R U FS D L dl,7,12,58,6,4,12,3
DR R U FS L D dl,7,12,58,6,4,12,3
DR U FS L R D dl,7,12,58,6,4,16,4
DR U FS R D L dl,7,12,58,6,4,14,3
DR U FS R L D dl,7,12,58,6,4,16,4
DR U R FS D L dl,7,12,58,6,4,14,3
DR U R FS L D dl,7,12,58,6,4,14,3
FS DR R D U L dl,7,12,58,6,4,15,4
FS DR R U D L dl,7,12,58,6,4,15,4
FS DR R U L D dl,7,12,58,6,4,13,3
FS DR U L R D dl,7,12,58,6,4,17,4
FS DR U R D L dl,7,12,58,6,4,15,3
FS DR U R L D dl,7,12,58,6,4,17,4
FS U DR L R D dl,7,12,58,6,4,17,4
FS U DR R D L dl,7,12,58,6,4,13,3
FS U DR R L D dl,7,12,58,6,4,15,4
FS U L DR R D dl,7,12,58,6,4,13,3
U DR FS L R D dl,7,12,58,6,4,17,4
U DR FS R D L dl,7,12,58,6,4,15,3
U DR FS R L D dl,7,12,58,6,4,17,4
U DR R FS D L dl,7,12,58,6,4,13,3
U DR R FS L D dl,7,12,58,6,4,13,3
U FS DR L R D dl,7,12,58,6,4,17,4
U FS DR R D L dl,7,12,58,6,4,13,3
U FS DR R L D dl,7,12,58,6,4,15,4
U FS L DR R D dl,7,12,58,6,4,13,3
dl FS L R U DR D,2,11,58,7,4,15,4
dl FS L U R DR D,2,11,58,7,4,11,3
dl FS R D DR L U,2,11,58,7,4,13,3
dl FS R D DR U L,2,11,58,7,4,13,3
dl FS R L U DR D,2,11,58,7,4,15,4
dl L FS R U DR D,2,11,58,7,4,13,3
dl L FS U R DR D,2,11,58,7,4,11,3
dl L R FS U DR D,2,11,58,7,4,15,4
dl R D FS DR L U,2,11,58,7,4,13,3
dl R D FS DR U L,2,11,58,7,4,13,3
dl R FS D DR L U,2,11,58,7,4,11,3
dl R FS D DR U L,2,11,58,7,4,11,3
dl R FS L U DR D,2,11,58,7,4,11,3
dl R L FS U DR D,2,11,58,7,4,13,4
FS dl L R U DR D,2,11,58,7,4,16,4
FS dl L U R DR D,2,11,58,7,4,12,3
FS dl R D DR L U,2,11,58,7,4,12,3
FS dl R D DR U L,2,11,58,7,4,12,3
FS dl R L U DR D,2,11,58,7,4,14,4
FS L dl R U DR D,2,11,58,7,4,12,3
FS L dl U R DR D,2,11,58,7,4,10,3
FS L R dl U DR D,2,11,58,7,4,12,4
FS L R U dl DR D,2,11,58,7,4,12,4
FS L U dl R DR D,2,11,58,7,4,8,2
FS L U R dl DR D,2,11,58,7,4,10,2
FS R D dl DR L U,2,11,58,7,4,14,3
FS R D dl DR U L,2,11,58,7,4,14,3
FS R D DR dl L U,2,11,58,7,4,12,3
FS R D DR dl U L,2,11,58,7,4,10,2
FS R D DR L dl U,2,11,58,7,4,12,3
FS R dl D DR L U,2,11,58,7,4,12,3
FS R dl D DR U L,2,11,58,7,4,12,3
FS R dl L U DR D,2,11,58,7,4,12,3
FS R L dl U DR D,2,11,58,7,4,14,4
FS R L U dl DR D,2,11,58,7,4,12,4
L dl FS R U DR D,2,11,58,7,4,14,3
L dl FS U R DR D,2,11,58,7,4,12,3
L dl R FS U DR D,2,11,58,7,4,12,3
L FS dl R U DR D,2,11,58,7,4,12,3
L FS dl U R DR D,2,11,58,7,4,10,3
L FS R dl U DR D,2,11,58,7,4,10,3
L FS R U dl DR D,2,11,58,7,4,10,2
L FS U dl R DR D,2,11,58,7,4,8,2
L FS U R dl DR D,2,11,58,7,4,10,2
L R dl FS U DR D,2,11,58,7,4,14,4
L R FS dl U DR D,2,11,58,7,4,14,4
L R FS U dl DR D,2,11,58,7,4,12,4
R D dl FS DR L U,2,11,58,7,4,16,3
R D dl FS DR U L,2,11,58,7,4,16,3
R D FS dl DR L U,2,11,58,7,4,14,3
R D FS dl DR U L,2,11,58,7,4,14,3
R D FS DR dl L U,2,11,58,7,4,14,3
R D FS DR dl U L,2,11,58,7,4,12,3
R D FS DR L dl U,2,11,58,7,4,14,3
R dl D FS DR L U,2,11,58,7,4,14,3
R dl D FS DR U L,2,11,58,7,4,14,3
R dl FS D DR L U,2,11,58,7,4,12,3
R dl FS D DR U L,2,11,58,7,4,12,3
R dl FS L U DR D,2,11,58,7,4,12,3
R dl L FS U DR D,2,11,58,7,4,12,3
R FS D dl DR L U,2,11,58,7,4,14,3
R FS D dl DR U L,2,11,58,7,4,14,3
R FS D DR dl L U,2,11,58,7,4,12,3
R FS D DR dl U L,2,11,58,7,4,10,2
R FS D DR L dl U,2,11,58,7,4,12,3
R FS dl D DR L U,2,11,58,7,4,14,3
R FS dl D DR U L,2,11,58,7,4,14,3
R FS dl L U DR D,2,11,58,7,4,14,3
R FS L dl U DR D,2,11,58,7,4,12,3
R FS L U dl DR D,2,11,58,7,4,10,2
R L dl FS U DR D,2,11,58,7,4,16,4
R L FS dl U DR D,2,11,58,7,4,14,4
R L FS U dl DR D,2,11,58,7,4,12,4
L R DR D U dl FS,2,12,59,7,4,14,4
L R DR D U FS dl,2,12,59,7,4,15,4
L R DR U D dl FS,2,12,59,7,4,18,4
L R DR U D FS dl,2,12,59,7,4,17,4
L R DR U dl D FS,2,12,59,7,4,14,4
L R DR U FS D dl,2,12,59,7,4,15,4
L R U DR D dl FS,2,12,59,7,4,16,4
L R U DR D FS dl,2,12,59,7,4,15,4
L R U DR dl D FS,2,12,59,7,4,16,4
L R U DR FS D dl,2,12,59,7,4,17,4
L R U FS DR D dl,2,12,59,7,4,15,4
L U FS R DR D dl,2,12,59,7,4,11,3
L U R DR D dl FS,2,12,59,7,4,12,3
L U R DR D FS dl,2,12,59,7,4,11,3
L U R DR dl D FS,2,12,59,7,4,12,3
L U R DR FS D dl,2,12,59,7,4,13,3
L U R FS DR D dl,2,12,59,7,4,13,3
R D DR FS U L dl,2,12,59,7,4,13,3
R D DR L U dl FS,2,12,59,7,4,12,3
R D DR L U FS dl,2,12,59,7,4,13,3
R D DR U dl L FS,2,12,59,7,4,12,3
R D DR U FS L dl,2,12,59,7,4,13,3
R D DR U L dl FS,2,12,59,7,4,14,3
R D DR U L FS dl,2,12,59,7,4,13,3
R D U DR dl L FS,2,12,59,7,4,16,4
R D U DR FS L dl,2,12,59,7,4,17,4
R D U DR L dl FS,2,12,59,7,4,18,4
R D U DR L FS dl,2,12,59,7,4,17,4
R DR D FS U L dl,2,12,59,7,4,11,3
R DR D L U dl FS,2,12,59,7,4,10,3
R DR D L U FS dl,2,12,59,7,4,11,3
R DR D U dl L FS,2,12,59,7,4,12,4
R DR D U FS L dl,2,12,59,7,4,13,4
R DR D U L dl FS,2,12,59,7,4,14,4
R DR D U L FS dl,2,12,59,7,4,13,4
R DR L D U dl FS,2,12,59,7,4,14,4
R DR L D U FS dl,2,12,59,7,4,15,4
R DR L U D dl FS,2,12,59,7,4,16,4
R DR L U D FS dl,2,12,59,7,4,15,4
R DR L U dl D FS,2,12,59,7,4,12,3
R DR L U FS D dl,2,12,59,7,4,13,3
R DR U D dl L FS,2,12,59,7,4,16,4
R DR U D FS L dl,2,12,59,7,4,15,4
R DR U D L dl FS,2,12,59,7,4,16,4
R DR U D L FS dl,2,12,59,7,4,15,4
R DR U dl D L FS,2,12,59,7,4,12,3
R DR U dl L D FS,2,12,59,7,4,12,3
R DR U L D dl FS,2,12,59,7,4,14,3
R DR U L D FS dl,2,12,59,7,4,13,3
R DR U L dl D FS,2,12,59,7,4,14,3
R DR U L FS D dl,2,12,59,7,4,13,3
R L DR D U dl FS,2,12,59,7,4,16,4
R L DR D U FS dl,2,12,59,7,4,17,4
R L DR U D dl FS,2,12,59,7,4,20,4
R L DR U D FS dl,2,12,59,7,4,19,4
R L DR U dl D FS,2,12,59,7,4,16,4
R L DR U FS D dl,2,12,59,7,4,17,4
R L U DR D dl FS,2,12,59,7,4,16,4
R L U DR D FS dl,2,12,59,7,4,15,4
R L U DR dl D FS,2,12,59,7,4,16,4
R L U DR FS D dl,2,12,59,7,4,17,4
R L U FS DR D dl,2,12,59,7,4,15,4
R U D DR dl L FS,2,12,59,7,4,14,4
R U D DR FS L dl,2,12,59,7,4,15,4
R U D DR L dl FS,2,12,59,7,4,16,4
R U D DR L FS dl,2,12,59,7,4,15,4
R U DR D dl L FS,2,12,59,7,4,14,3
R U DR D FS L dl,2,12,59,7,4,13,3
R U DR D L dl FS,2,12,59,7,4,14,3
R U DR D L FS dl,2,12,59,7,4,13,3
R U DR dl D L FS,2,12,59,7,4,14,3
R U DR dl L D FS,2,12,59,7,4,14,3
R U DR L D dl FS,2,12,59,7,4,16,3
R U DR L D FS dl,2,12,59,7,4,15,3
R U DR L dl D FS,2,12,59,7,4,16,3
R U DR L FS D dl,2,12,59,7,4,15,3
R U L DR D dl FS,2,12,59,7,4,14,3
R U L DR D FS dl,2,12,59,7,4,13,3
R U L DR dl D FS,2,12,59,7,4,14,3
R U L DR FS D dl,2,12,59,7,4,15,3
R U L FS DR D dl,2,12,59,7,4,13,3
U L FS R DR D dl,2,12,59,7,4,11,3
U L R DR D dl FS,2,12,59,7,4,14,4
U L R DR D FS dl,2,12,59,7,4,13,4
U L R DR dl D FS,2,12,59,7,4,14,4
U L R DR FS D dl,2,12,59,7,4,15,4
U L R FS DR D dl,2,12,59,7,4,15,4
U R D DR dl L FS,2,12,59,7,4,12,3
U R D DR FS L dl,2,12,59,7,4,13,3
U R D DR L dl FS,2,12,59,7,4,14,3
U R D DR L FS dl,2,12,59,7,4,13,3
U R DR D dl L FS,2,12,59,7,4,12,3
U R DR D FS L dl,2,12,59,7,4,11,3
U R DR D L dl FS,2,12,59,7,4,12,3
U R DR D L FS dl,2,12,59,7,4,11,3
U R DR dl D L FS,2,12,59,7,4,12,3
U R DR dl L D FS,2,12,59,7,4,12,3
U R DR L D dl FS,2,12,59,7,4,14,3
U R DR L D FS dl,2,12,59,7,4,13,3
U R DR L dl D FS,2,12,59,7,4,14,3
U R DR L FS D dl,2,12,59,7,4,13,3
U R L DR D dl FS,2,12,59,7,4,16,4
U R L DR D FS dl,2,12,59,7,4,15,4
U R L DR dl D FS,2,12,59,7,4,16,4
U R L DR FS D dl,2,12,59,7,4,17,4
U R L FS DR D dl,2,12,59,7,4,15,4
D dl FS R DR L U,2,12,60,7,4,14,3
D dl FS R DR U L,2,12,60,7,4,14,3
D dl R FS DR L U,2,12,60,7,4,14,3
D dl R FS DR U L,2,12,60,7,4,14,3
D FS dl R DR L U,2,12,60,7,4,12,3
D FS dl R DR U L,2,12,60,7,4,12,3
D FS R dl DR L U,2,12,60,7,4,12,3
D FS R dl DR U L,2,12,60,7,4,12,3
D FS R DR dl L U,2,12,60,7,4,12,3
D FS R DR dl U L,2,12,60,7,4,10,2
D FS R DR L dl U,2,12,60,7,4,12,3
D R dl FS DR L U,2,12,60,7,4,14,3
D R dl FS DR U L,2,12,60,7,4,14,3
D R FS dl DR L U,2,12,60,7,4,14,3
D R FS dl DR U L,2,12,60,7,4,14,3
D R FS DR dl L U,2,12,60,7,4,14,3
D R FS DR dl U L,2,12,60,7,4,12,3
D R FS DR L dl U,2,12,60,7,4,14,3
dl D FS R DR L U,2,12,60,7,4,13,3
dl D FS R DR U L,2,12,60,7,4,13,3
dl D R FS DR L U,2,12,60,7,4,15,3
dl D R FS DR U L,2,12,60,7,4,15,3
dl FS D R DR L U,2,12,60,7,4,13,3
dl FS D R DR U L,2,12,60,7,4,13,3
DR D L R U dl FS,2,12,60,7,4,13,4
DR D L R U FS dl,2,12,60,7,4,14,4
DR D L U R dl FS,2,12,60,7,4,11,3
DR D L U R FS dl,2,12,60,7,4,12,3
DR D R FS U L dl,2,12,60,7,4,12,3
DR D R L U dl FS,2,12,60,7,4,13,4
DR D R L U FS dl,2,12,60,7,4,14,4
DR D R U dl L FS,2,12,60,7,4,11,3
DR D R U FS L dl,2,12,60,7,4,12,3
DR D R U L dl FS,2,12,60,7,4,13,3
DR D R U L FS dl,2,12,60,7,4,12,3
DR D U L R dl FS,2,12,60,7,4,15,4
DR D U L R FS dl,2,12,60,7,4,16,4
DR D U R dl L FS,2,12,60,7,4,13,4
DR D U R FS L dl,2,12,60,7,4,14,4
DR D U R L dl FS,2,12,60,7,4,17,4
DR D U R L FS dl,2,12,60,7,4,16,4
DR L D R U dl FS,2,12,60,7,4,13,3
DR L D R U FS dl,2,12,60,7,4,14,3
DR L D U R dl FS,2,12,60,7,4,15,4
DR L D U R FS dl,2,12,60,7,4,16,4
DR L R D U dl FS,2,12,60,7,4,17,4
DR L R D U FS dl,2,12,60,7,4,18,4
DR L R U D dl FS,2,12,60,7,4,19,4
DR L R U D FS dl,2,12,60,7,4,18,4
DR L R U dl D FS,2,12,60,7,4,15,4
DR L R U FS D dl,2,12,60,7,4,16,4
DR L U D R dl FS,2,12,60,7,4,15,4
DR L U D R FS dl,2,12,60,7,4,16,4
DR L U FS R D dl,2,12,60,7,4,14,3
DR L U R D dl FS,2,12,60,7,4,15,3
DR L U R D FS dl,2,12,60,7,4,14,3
DR L U R dl D FS,2,12,60,7,4,13,3
DR L U R FS D dl,2,12,60,7,4,14,3
DR R D FS U L dl,2,12,60,7,4,12,3
DR R D L U dl FS,2,12,60,7,4,11,3
DR R D L U FS dl,2,12,60,7,4,12,3
DR R D U dl L FS,2,12,60,7,4,13,4
DR R D U FS L dl,2,12,60,7,4,14,4
DR R D U L dl FS,2,12,60,7,4,15,4
DR R D U L FS dl,2,12,60,7,4,14,4
DR R L D U dl FS,2,12,60,7,4,15,4
DR R L D U FS dl,2,12,60,7,4,16,4
DR R L U D dl FS,2,12,60,7,4,17,4
DR R L U D FS dl,2,12,60,7,4,16,4
DR R L U dl D FS,2,12,60,7,4,13,4
DR R L U FS D dl,2,12,60,7,4,14,4
DR R U D dl L FS,2,12,60,7,4,15,4
DR R U D FS L dl,2,12,60,7,4,14,4
DR R U D L dl FS,2,12,60,7,4,15,4
DR R U D L FS dl,2,12,60,7,4,14,4
DR R U dl D L FS,2,12,60,7,4,11,3
DR R U dl L D FS,2,12,60,7,4,11,3
DR R U L D dl FS,2,12,60,7,4,13,3
DR R U L D FS dl,2,12,60,7,4,12,3
DR R U L dl D FS,2,12,60,7,4,13,3
DR R U L FS D dl,2,12,60,7,4,12,3
DR U D L R dl FS,2,12,60,7,4,17,4
DR U D L R FS dl,2,12,60,7,4,18,4
DR U D R dl L FS,2,12,60,7,4,15,4
DR U D R FS L dl,2,12,60,7,4,16,4
DR U D R L dl FS,2,12,60,7,4,19,4
DR U D R L FS dl,2,12,60,7,4,18,4
DR U L D R dl FS,2,12,60,7,4,13,3
DR U L D R FS dl,2,12,60,7,4,14,3
DR U L FS R D dl,2,12,60,7,4,14,3
DR U L R D dl FS,2,12,60,7,4,17,4
DR U L R D FS dl,2,12,60,7,4,16,4
DR U L R dl D FS,2,12,60,7,4,15,4
DR U L R FS D dl,2,12,60,7,4,16,4
DR U R D dl L FS,2,12,60,7,4,15,3
DR U R D FS L dl,2,12,60,7,4,14,3
DR U R D L dl FS,2,12,60,7,4,15,3
DR U R D L FS dl,2,12,60,7,4,14,3
DR U R dl D L FS,2,12,60,7,4,13,3
DR U R dl L D FS,2,12,60,7,4,13,3
DR U R L D dl FS,2,12,60,7,4,17,4
DR U R L D FS dl,2,12,60,7,4,16,4
DR U R L dl D FS,2,12,60,7,4,17,4
DR U R L FS D dl,2,12,60,7,4,16,4
FS D dl R DR L U,2,12,60,7,4,12,3
FS D dl R DR U L,2,12,60,7,4,12,3
FS D R dl DR L U,2,12,60,7,4,12,3
FS D R dl DR U L,2,12,60,7,4,12,3
FS D R DR dl L U,2,12,60,7,4,12,3
FS D R DR dl U L,2,12,60,7,4,10,2
FS D R DR L dl U,2,12,60,7,4,12,3
FS dl D R DR L U,2,12,60,7,4,14,3
FS dl D R DR U L,2,12,60,7,4,14,3
L DR D R U dl FS,2,12,60,7,4,12,3
L DR D R U FS dl,2,12,60,7,4,13,3
L DR D U R dl FS,2,12,60,7,4,14,4
L DR D U R FS dl,2,12,60,7,4,15,4
L DR R D U dl FS,2,12,60,7,4,14,4
L DR R D U FS dl,2,12,60,7,4,15,4
L DR R U D dl FS,2,12,60,7,4,16,4
L DR R U D FS dl,2,12,60,7,4,15,4
L DR R U dl D FS,2,12,60,7,4,12,3
L DR R U FS D dl,2,12,60,7,4,13,3
L DR U D R dl FS,2,12,60,7,4,16,4
L DR U D R FS dl,2,12,60,7,4,17,4
L DR U FS R D dl,2,12,60,7,4,15,3
L DR U R D dl FS,2,12,60,7,4,16,3
L DR U R D FS dl,2,12,60,7,4,15,3
L DR U R dl D FS,2,12,60,7,4,14,3
L DR U R FS D dl,2,12,60,7,4,15,3
L U DR D R dl FS,2,12,60,7,4,12,3
L U DR D R FS dl,2,12,60,7,4,13,3
L U DR FS R D dl,2,12,60,7,4,15,3
L U DR R D dl FS,2,12,60,7,4,14,3
L U DR R D FS dl,2,12,60,7,4,13,3
L U DR R dl D FS,2,12,60,7,4,12,3
L U DR R FS D dl,2,12,60,7,4,13,3
L U FS DR R D dl,2,12,60,7,4,13,3
U DR D L R dl FS,2,12,60,7,4,14,4
U DR D L R FS dl,2,12,60,7,4,15,4
U DR D R dl L FS,2,12,60,7,4,12,3
U DR D R FS L dl,2,12,60,7,4,13,3
U DR D R L dl FS,2,12,60,7,4,16,4
U DR D R L FS dl,2,12,60,7,4,15,4
U DR L D R dl FS,2,12,60,7,4,14,3
U DR L D R FS dl,2,12,60,7,4,15,3
U DR L FS R D dl,2,12,60,7,4,15,3
U DR L R D dl FS,2,12,60,7,4,18,4
U DR L R D FS dl,2,12,60,7,4,17,4
U DR L R dl D FS,2,12,60,7,4,16,4
U DR L R FS D dl,2,12,60,7,4,17,4
U DR R D dl L FS,2,12,60,7,4,14,3
U DR R D FS L dl,2,12,60,7,4,13,3
U DR R D L dl FS,2,12,60,7,4,14,3
U DR R D L FS dl,2,12,60,7,4,13,3
U DR R dl D L FS,2,12,60,7,4,12,3
U DR R dl L D FS,2,12,60,7,4,12,3
U DR R L D dl FS,2,12,60,7,4,16,4
U DR R L D FS dl,2,12,60,7,4,15,4
U DR R L dl D FS,2,12,60,7,4,16,4
U DR R L FS D dl,2,12,60,7,4,15,4
U L DR D R dl FS,2,12,60,7,4,12,3
U L DR D R FS dl,2,12,60,7,4,13,3
U L DR FS R D dl,2,12,60,7,4,15,3
U L DR R D dl FS,2,12,60,7,4,14,3
U L DR R D FS dl,2,12,60,7,4,13,3
U L DR R dl D FS,2,12,60,7,4,12,3
U L DR R FS D dl,2,12,60,7,4,13,3
U L FS DR R D dl,2,12,60,7,4,13,3
dl FS L R D DR U,2,11,60,8,4,15,4
dl FS L R D U DR,2,11,60,8,4,18,4
dl FS L R U D DR,2,11,60,8,4,16,4
dl FS L U R D DR,2,11,60,8,4,12,3
dl FS R D L DR U,2,11,60,8,4,15,3
dl FS R D L U DR,2,11,60,8,4,14,3
dl FS R L D DR U,2,11,60,8,4,15,4
dl FS R L D U DR,2,11,60,8,4,18,4
dl FS R L U D DR,2,11,60,8,4,16,4
dl L FS R D DR U,2,11,60,8,4,13,3
dl L FS R D U DR,2,11,60,8,4,16,4
dl L FS R U D DR,2,11,60,8,4,14,4
dl L FS U R D DR,2,11,60,8,4,12,3
dl L R D DR FS U,2,11,60,8,4,15,4
dl L R D FS DR U,2,11,60,8,4,17,4
dl L R D FS U DR,2,11,60,8,4,16,4
dl L R FS D DR U,2,11,60,8,4,15,4
dl L R FS D U DR,2,11,60,8,4,18,4
dl L R FS U D DR,2,11,60,8,4,16,4
dl R D FS L DR U,2,11,60,8,4,13,3
dl R D FS L U DR,2,11,60,8,4,12,3
dl R D L DR FS U,2,11,60,8,4,13,3
dl R D L FS DR U,2,11,60,8,4,13,3
dl R D L FS U DR,2,11,60,8,4,12,3
dl R FS D L DR U,2,11,60,8,4,13,3
dl R FS D L U DR,2,11,60,8,4,12,3
dl R FS L D DR U,2,11,60,8,4,11,3
dl R FS L D U DR,2,11,60,8,4,14,4
dl R FS L U D DR,2,11,60,8,4,12,4
dl R L D DR FS U,2,11,60,8,4,13,4
dl R L D FS DR U,2,11,60,8,4,15,4
dl R L D FS U DR,2,11,60,8,4,14,4
dl R L FS D DR U,2,11,60,8,4,13,4
dl R L FS D U DR,2,11,60,8,4,16,4
dl R L FS U D DR,2,11,60,8,4,14,4
FS dl L R D DR U,2,11,60,8,4,16,4
FS dl L R D U DR,2,11,60,8,4,19,4
FS dl L R U D DR,2,11,60,8,4,17,4
FS dl L U R D DR,2,11,60,8,4,13,3
FS dl R D L DR U,2,11,60,8,4,14,3
FS dl R D L U DR,2,11,60,8,4,13,3
FS dl R L D DR U,2,11,60,8,4,14,4
FS dl R L D U DR,2,11,60,8,4,17,4
FS dl R L U D DR,2,11,60,8,4,15,4
FS L dl R D DR U,2,11,60,8,4,12,3
FS L dl R D U DR,2,11,60,8,4,15,4
FS L dl R U D DR,2,11,60,8,4,13,4
FS L dl U R D DR,2,11,60,8,4,11,3
FS L R D dl DR U,2,11,60,8,4,16,4
FS L R D dl U DR,2,11,60,8,4,15,4
FS L R D DR dl U,2,11,60,8,4,12,4
FS L R D U dl DR,2,11,60,8,4,15,4
FS L R dl D DR U,2,11,60,8,4,14,4
FS L R dl D U DR,2,11,60,8,4,17,4
FS L R dl U D DR,2,11,60,8,4,13,4
FS L R U D dl DR,2,11,60,8,4,17,4
FS L R U dl D DR,2,11,60,8,4,13,4
FS L U dl R D DR,2,11,60,8,4,9,2
FS L U R D dl DR,2,11,60,8,4,13,3
FS L U R dl D DR,2,11,60,8,4,11,3
FS R D dl L DR U,2,11,60,8,4,16,3
FS R D dl L U DR,2,11,60,8,4,15,3
FS R D L dl DR U,2,11,60,8,4,14,3
FS R D L dl U DR,2,11,60,8,4,13,3
FS R D L DR dl U,2,11,60,8,4,12,3
FS R D L U dl DR,2,11,60,8,4,11,2
FS R dl D L DR U,2,11,60,8,4,14,3
FS R dl D L U DR,2,11,60,8,4,13,3
FS R dl L D DR U,2,11,60,8,4,12,3
FS R dl L D U DR,2,11,60,8,4,15,4
FS R dl L U D DR,2,11,60,8,4,13,4
FS R L D dl DR U,2,11,60,8,4,16,4
FS R L D dl U DR,2,11,60,8,4,15,4
FS R L D DR dl U,2,11,60,8,4,12,4
FS R L D U dl DR,2,11,60,8,4,15,4
FS R L dl D DR U,2,11,60,8,4,16,4
FS R L dl D U DR,2,11,60,8,4,19,4
FS R L dl U D DR,2,11,60,8,4,15,4
FS R L U D dl DR,2,11,60,8,4,17,4
FS R L U dl D DR,2,11,60,8,4,13,4
L dl FS R D DR U,2,11,60,8,4,14,3
L dl FS R D U DR,2,11,60,8,4,17,4
L dl FS R U D DR,2,11,60,8,4,15,4
L dl FS U R D DR,2,11,60,8,4,13,3
L dl R D DR FS U,2,11,60,8,4,12,3
L dl R D FS DR U,2,11,60,8,4,14,3
L dl R D FS U DR,2,11,60,8,4,13,3
L dl R FS D DR U,2,11,60,8,4,12,3
L dl R FS D U DR,2,11,60,8,4,15,4
L dl R FS U D DR,2,11,60,8,4,13,4
L FS dl R D DR U,2,11,60,8,4,12,3
L FS dl R D U DR,2,11,60,8,4,15,4
L FS dl R U D DR,2,11,60,8,4,13,4
L FS dl U R D DR,2,11,60,8,4,11,3
L FS R D dl DR U,2,11,60,8,4,14,3
L FS R D dl U DR,2,11,60,8,4,13,3
L FS R D DR dl U,2,11,60,8,4,10,2
L FS R D U dl DR,2,11,60,8,4,13,4
L FS R dl D DR U,2,11,60,8,4,12,3
L FS R dl D U DR,2,11,60,8,4,15,4
L FS R dl U D DR,2,11,60,8,4,11,4
L FS R U D dl DR,2,11,60,8,4,15,4
L FS R U dl D DR,2,11,60,8,4,11,3
L FS U dl R D DR,2,11,60,8,4,9,2
L FS U R D dl DR,2,11,60,8,4,13,3
L FS U R dl D DR,2,11,60,8,4,11,3
L R D dl DR FS U,2,11,60,8,4,16,4
L R D dl FS DR U,2,11,60,8,4,18,4
L R D dl FS U DR,2,11,60,8,4,17,4
L R D DR dl FS U,2,11,60,8,4,14,4
L R D DR FS dl U,2,11,60,8,4,14,4
L R D FS dl DR U,2,11,60,8,4,16,4
L R D FS dl U DR,2,11,60,8,4,15,4
L R D FS DR dl U,2,11,60,8,4,14,4
L R D FS U dl DR,2,11,60,8,4,13,4
L R dl D DR FS U,2,11,60,8,4,14,4
L R dl D FS DR U,2,11,60,8,4,16,4
L R dl D FS U DR,2,11,60,8,4,15,4
L R dl FS D DR U,2,11,60,8,4,14,4
L R dl FS D U DR,2,11,60,8,4,17,4
L R dl FS U D DR,2,11,60,8,4,15,4
L R FS D dl DR U,2,11,60,8,4,16,4
L R FS D dl U DR,2,11,60,8,4,15,4
L R FS D DR dl U,2,11,60,8,4,12,4
L R FS D U dl DR,2,11,60,8,4,15,4
L R FS dl D DR U,2,11,60,8,4,16,4
L R FS dl D U DR,2,11,60,8,4,19,4
L R FS dl U D DR,2,11,60,8,4,15,4
L R FS U D dl DR,2,11,60,8,4,17,4
L R FS U dl D DR,2,11,60,8,4,13,4
R D dl FS L DR U,2,11,60,8,4,16,3
R D dl FS L U DR,2,11,60,8,4,15,3
R D dl L DR FS U,2,11,60,8,4,16,3
R D dl L FS DR U,2,11,60,8,4,16,3
R D dl L FS U DR,2,11,60,8,4,15,3
R D FS dl L DR U,2,11,60,8,4,16,3
R D FS dl L U DR,2,11,60,8,4,15,3
R D FS L dl DR U,2,11,60,8,4,14,3
R D FS L dl U DR,2,11,60,8,4,13,3
R D FS L DR dl U,2,11,60,8,4,12,3
R D FS L U dl DR,2,11,60,8,4,11,2
R D L dl DR FS U,2,11,60,8,4,14,3
R D L dl FS DR U,2,11,60,8,4,16,3
R D L dl FS U DR,2,11,60,8,4,15,3
R D L DR dl FS U,2,11,60,8,4,14,3
R D L DR FS dl U,2,11,60,8,4,14,3
R D L FS dl DR U,2,11,60,8,4,14,3
R D L FS dl U DR,2,11,60,8,4,13,3
R D L FS DR dl U,2,11,60,8,4,12,3
R D L FS U dl DR,2,11,60,8,4,11,2
R dl D FS L DR U,2,11,60,8,4,14,3
R dl D FS L U DR,2,11,60,8,4,13,3
R dl D L DR FS U,2,11,60,8,4,14,3
R dl D L FS DR U,2,11,60,8,4,14,3
R dl D L FS U DR,2,11,60,8,4,13,3
R dl FS D L DR U,2,11,60,8,4,14,3
R dl FS D L U DR,2,11,60,8,4,13,3
R dl FS L D DR U,2,11,60,8,4,12,3
R dl FS L D U DR,2,11,60,8,4,15,4
R dl FS L U D DR,2,11,60,8,4,13,4
R dl L D DR FS U,2,11,60,8,4,12,3
R dl L D FS DR U,2,11,60,8,4,14,3
R dl L D FS U DR,2,11,60,8,4,13,3
R dl L FS D DR U,2,11,60,8,4,12,3
R dl L FS D U DR,2,11,60,8,4,15,4
R dl L FS U D DR,2,11,60,8,4,13,4
R FS D dl L DR U,2,11,60,8,4,16,3
R FS D dl L U DR,2,11,60,8,4,15,3
R FS D L dl DR U,2,11,60,8,4,14,3
R FS D L dl U DR,2,11,60,8,4,13,3
R FS D L DR dl U,2,11,60,8,4,12,3
R FS D L U dl DR,2,11,60,8,4,11,2
R FS dl D L DR U,2,11,60,8,4,16,3
R FS dl D L U DR,2,11,60,8,4,15,3
R FS dl L D DR U,2,11,60,8,4,14,3
R FS dl L D U DR,2,11,60,8,4,17,4
R FS dl L U D DR,2,11,60,8,4,15,4
R FS L D dl DR U,2,11,60,8,4,14,3
R FS L D dl U DR,2,11,60,8,4,13,3
R FS L D DR dl U,2,11,60,8,4,10,2
R FS L D U dl DR,2,11,60,8,4,13,4
R FS L dl D DR U,2,11,60,8,4,14,3
R FS L dl D U DR,2,11,60,8,4,17,4
R FS L dl U D DR,2,11,60,8,4,13,4
R FS L U D dl DR,2,11,60,8,4,15,4
R FS L U dl D DR,2,11,60,8,4,11,3
R L D dl DR FS U,2,11,60,8,4,16,4
R L D dl FS DR U,2,11,60,8,4,18,4
R L D dl FS U DR,2,11,60,8,4,17,4
R L D DR dl FS U,2,11,60,8,4,14,4
R L D DR FS dl U,2,11,60,8,4,14,4
R L D FS dl DR U,2,11,60,8,4,16,4
R L D FS dl U DR,2,11,60,8,4,15,4
R L D FS DR dl U,2,11,60,8,4,14,4
R L D FS U dl DR,2,11,60,8,4,13,4
R L dl D DR FS U,2,11,60,8,4,16,4
R L dl D FS DR U,2,11,60,8,4,18,4
R L dl D FS U DR,2,11,60,8,4,17,4
R L dl FS D DR U,2,11,60,8,4,16,4
R L dl FS D U DR,2,11,60,8,4,19,4
R L dl FS U D DR,2,11,60,8,4,17,4
R L FS D dl DR U,2,11,60,8,4,16,4
R L FS D dl U DR,2,11,60,8,4,15,4
R L FS D DR dl U,2,11,60,8,4,12,4
R L FS D U dl DR,2,11,60,8,4,15,4
R L FS dl D DR U,2,11,60,8,4,16,4
R L FS dl D U DR,2,11,60,8,4,19,4
R L FS dl U D DR,2,11,60,8,4,15,4
R L FS U D dl DR,2,11,60,8,4,17,4
R L FS U dl D DR,2,11,60,8,4,13,4
D DR L R U dl FS,2,12,61,7,4,14,4
D DR L R U FS dl,2,12,61,7,4,15,4
D DR L U R dl FS,2,12,61,7,4,12,3
D DR L U R FS dl,2,12,61,7,4,13,3
D DR R FS U L dl,2,12,61,7,4,11,3
D DR R L U dl FS,2,12,61,7,4,12,4
D DR R L U FS dl,2,12,61,7,4,13,4
D DR R U dl L FS,2,12,61,7,4,10,3
D DR R U FS L dl,2,12,61,7,4,11,3
D DR R U L dl FS,2,12,61,7,4,12,3
D DR R U L FS dl,2,12,61,7,4,11,3
D DR U L R dl FS,2,12,61,7,4,14,4
D DR U L R FS dl,2,12,61,7,4,15,4
D DR U R dl L FS,2,12,61,7,4,12,3
D DR U R FS L dl,2,12,61,7,4,13,3
D DR U R L dl FS,2,12,61,7,4,16,4
D DR U R L FS dl,2,12,61,7,4,15,4
D R DR FS U L dl,2,12,61,7,4,13,3
D R DR L U dl FS,2,12,61,7,4,12,3
D R DR L U FS dl,2,12,61,7,4,13,3
D R DR U dl L FS,2,12,61,7,4,12,3
D R DR U FS L dl,2,12,61,7,4,13,3
D R DR U L dl FS,2,12,61,7,4,14,3
D R DR U L FS dl,2,12,61,7,4,13,3
D R U DR dl L FS,2,12,61,7,4,14,3
D R U DR FS L dl,2,12,61,7,4,15,3
D R U DR L dl FS,2,12,61,7,4,16,3
D R U DR L FS dl,2,12,61,7,4,15,3
D U DR L R dl FS,2,12,61,7,4,18,4
D U DR L R FS dl,2,12,61,7,4,19,4
D U DR R dl L FS,2,12,61,7,4,14,4
D U DR R FS L dl,2,12,61,7,4,15,4
D U DR R L dl FS,2,12,61,7,4,18,4
D U DR R L FS dl,2,12,61,7,4,17,4
D U R DR dl L FS,2,12,61,7,4,14,4
D U R DR FS L dl,2,12,61,7,4,15,4
D U R DR L dl FS,2,12,61,7,4,16,4
D U R DR L FS dl,2,12,61,7,4,15,4
U D DR L R dl FS,2,12,61,7,4,16,4
U D DR L R FS dl,2,12,61,7,4,17,4
U D DR R dl L FS,2,12,61,7,4,12,4
U D DR R FS L dl,2,12,61,7,4,13,4
U D DR R L dl FS,2,12,61,7,4,16,4
U D DR R L FS dl,2,12,61,7,4,15,4
U D R DR dl L FS,2,12,61,7,4,14,4
U D R DR FS L dl,2,12,61,7,4,15,4
U D R DR L dl FS,2,12,61,7,4,16,4
U D R DR L FS dl,2,12,61,7,4,15,4
D dl FS U L DR R,2,12,62,7,4,14,3
D dl U FS L DR R,2,12,62,7,4,12,3
D FS dl U L DR R,2,12,62,7,4,12,3
D FS U dl L DR R,2,12,62,7,4,12,3
D FS U L dl DR R,2,12,62,7,4,12,3
D FS U L DR dl R,2,12,62,7,4,12,3
D U dl FS L DR R,2,12,62,7,4,14,4
D U FS dl L DR R,2,12,62,7,4,16,4
D U FS L dl DR R,2,12,62,7,4,14,4
D U FS L DR dl R,2,12,62,7,4,14,4
dl D FS U L DR R,2,12,62,7,4,13,3
dl D U FS L DR R,2,12,62,7,4,15,4
dl FS D U L DR R,2,12,62,7,4,15,4
dl FS U D L DR R,2,12,62,7,4,15,4
dl FS U L D DR R,2,12,62,7,4,11,3
dl U D FS L DR R,2,12,62,7,4,13,4
dl U FS D L DR R,2,12,62,7,4,11,3
dl U FS L D DR R,2,12,62,7,4,9,2
FS D dl U L DR R,2,12,62,7,4,12,3
FS D U dl L DR R,2,12,62,7,4,14,4
FS D U L dl DR R,2,12,62,7,4,14,4
FS D U L DR dl R,2,12,62,7,4,14,4
FS dl D U L DR R,2,12,62,7,4,16,4
FS dl U D L DR R,2,12,62,7,4,14,4
FS dl U L D DR R,2,12,62,7,4,10,3
FS U D dl L DR R,2,12,62,7,4,16,4
FS U D L dl DR R,2,12,62,7,4,14,4
FS U D L DR dl R,2,12,62,7,4,14,4
FS U dl D L DR R,2,12,62,7,4,12,3
FS U dl L D DR R,2,12,62,7,4,10,3
FS U L D dl DR R,2,12,62,7,4,12,3
FS U L D DR dl R,2,12,62,7,4,10,2
FS U L dl D DR R,2,12,62,7,4,12,3
U D dl FS L DR R,2,12,62,7,4,16,4
U D FS dl L DR R,2,12,62,7,4,16,4
U D FS L dl DR R,2,12,62,7,4,14,4
U D FS L DR dl R,2,12,62,7,4,14,4
U dl D FS L DR R,2,12,62,7,4,12,3
U dl FS D L DR R,2,12,62,7,4,12,3
U dl FS L D DR R,2,12,62,7,4,10,3
U FS D dl L DR R,2,12,62,7,4,14,3
U FS D L dl DR R,2,12,62,7,4,12,3
U FS D L DR dl R,2,12,62,7,4,12,3
U FS dl D L DR R,2,12,62,7,4,14,3
U FS dl L D DR R,2,12,62,7,4,12,3
U FS L D dl DR R,2,12,62,7,4,12,3
U FS L D DR dl R,2,12,62,7,4,10,2
U FS L dl D DR R,2,12,62,7,4,12,3
D dl FS L R DR U,2,12,62,8,4,16,4
D dl FS L R U DR,2,12,62,8,4,17,4
D dl FS L U R DR,2,12,62,8,4,13,3
D dl FS R L DR U,2,12,62,8,4,18,4
D dl FS R L U DR,2,12,62,8,4,17,4
D dl L DR R FS U,2,12,62,8,4,14,3
D dl L FS R DR U,2,12,62,8,4,14,3
D dl L FS R U DR,2,12,62,8,4,15,3
D dl L FS U R DR,2,12,62,8,4,13,3
D dl L R DR FS U,2,12,62,8,4,16,4
D dl L R FS DR U,2,12,62,8,4,18,4
D dl L R FS U DR,2,12,62,8,4,17,4
D dl R FS L DR U,2,12,62,8,4,14,3
D dl R FS L U DR,2,12,62,8,4,13,3
D dl R L DR FS U,2,12,62,8,4,16,4
D dl R L FS DR U,2,12,62,8,4,16,4
D dl R L FS U DR,2,12,62,8,4,15,4
D FS dl L R DR U,2,12,62,8,4,16,4
D FS dl L R U DR,2,12,62,8,4,17,4
D FS dl L U R DR,2,12,62,8,4,13,3
D FS dl R L DR U,2,12,62,8,4,16,4
D FS dl R L U DR,2,12,62,8,4,15,4
D FS L dl R DR U,2,12,62,8,4,12,3
D FS L dl R U DR,2,12,62,8,4,13,3
D FS L dl U R DR,2,12,62,8,4,11,3
D FS L R dl DR U,2,12,62,8,4,14,4
D FS L R dl U DR,2,12,62,8,4,13,4
D FS L R DR dl U,2,12,62,8,4,12,4
D FS L R U dl DR,2,12,62,8,4,13,4
D FS L U dl R DR,2,12,62,8,4,9,2
D FS L U R dl DR,2,12,62,8,4,11,2
D FS R dl L DR U,2,12,62,8,4,14,3
D FS R dl L U DR,2,12,62,8,4,13,3
D FS R L dl DR U,2,12,62,8,4,16,4
D FS R L dl U DR,2,12,62,8,4,15,4
D FS R L DR dl U,2,12,62,8,4,14,4
D FS R L U dl DR,2,12,62,8,4,13,4
D L dl DR R FS U,2,12,62,8,4,12,3
D L dl FS R DR U,2,12,62,8,4,14,3
D L dl FS R U DR,2,12,62,8,4,15,3
D L dl FS U R DR,2,12,62,8,4,13,3
D L dl R DR FS U,2,12,62,8,4,12,3
D L dl R FS DR U,2,12,62,8,4,14,3
D L dl R FS U DR,2,12,62,8,4,13,3
D L DR dl R FS U,2,12,62,8,4,12,3
D L DR R dl FS U,2,12,62,8,4,12,3
D L DR R FS dl U,2,12,62,8,4,12,3
D L FS dl R DR U,2,12,62,8,4,12,3
D L FS dl R U DR,2,12,62,8,4,13,3
D L FS dl U R DR,2,12,62,8,4,11,3
D L FS R dl DR U,2,12,62,8,4,12,3
D L FS R dl U DR,2,12,62,8,4,11,3
D L FS R DR dl U,2,12,62,8,4,10,2
D L FS R U dl DR,2,12,62,8,4,11,2
D L FS U dl R DR,2,12,62,8,4,9,2
D L FS U R dl DR,2,12,62,8,4,11,2
D L R dl DR FS U,2,12,62,8,4,14,4
D L R dl FS DR U,2,12,62,8,4,16,4
D L R dl FS U DR,2,12,62,8,4,15,4
D L R DR dl FS U,2,12,62,8,4,14,4
D L R DR FS dl U,2,12,62,8,4,14,4
D L R FS dl DR U,2,12,62,8,4,16,4
D L R FS dl U DR,2,12,62,8,4,15,4
D L R FS DR dl U,2,12,62,8,4,14,4
D L R FS U dl DR,2,12,62,8,4,13,4
D R dl FS L DR U,2,12,62,8,4,14,3
D R dl FS L U DR,2,12,62,8,4,13,3
D R dl L DR FS U,2,12,62,8,4,14,3
D R dl L FS DR U,2,12,62,8,4,14,3
D R dl L FS U DR,2,12,62,8,4,13,3
D R FS dl L DR U,2,12,62,8,4,16,3
D R FS dl L U DR,2,12,62,8,4,15,3
D R FS L dl DR U,2,12,62,8,4,14,3
D R FS L dl U DR,2,12,62,8,4,13,3
D R FS L DR dl U,2,12,62,8,4,12,3
D R FS L U dl DR,2,12,62,8,4,11,2
D R L dl DR FS U,2,12,62,8,4,16,4
D R L dl FS DR U,2,12,62,8,4,18,4
D R L dl FS U DR,2,12,62,8,4,17,4
D R L DR dl FS U,2,12,62,8,4,16,4
D R L DR FS dl U,2,12,62,8,4,16,4
D R L FS dl DR U,2,12,62,8,4,16,4
D R L FS dl U DR,2,12,62,8,4,15,4
D R L FS DR dl U,2,12,62,8,4,14,4
D R L FS U dl DR,2,12,62,8,4,13,4
dl D FS L R DR U,2,12,62,8,4,15,4
dl D FS L R U DR,2,12,62,8,4,16,4
dl D FS L U R DR,2,12,62,8,4,12,3
dl D FS R L DR U,2,12,62,8,4,17,4
dl D FS R L U DR,2,12,62,8,4,16,4
dl D L DR R FS U,2,12,62,8,4,13,3
dl D L FS R DR U,2,12,62,8,4,13,3
dl D L FS R U DR,2,12,62,8,4,14,3
dl D L FS U R DR,2,12,62,8,4,12,3
dl D L R DR FS U,2,12,62,8,4,15,4
dl D L R FS DR U,2,12,62,8,4,17,4
dl D L R FS U DR,2,12,62,8,4,16,4
dl D R FS L DR U,2,12,62,8,4,15,3
dl D R FS L U DR,2,12,62,8,4,14,3
dl D R L DR FS U,2,12,62,8,4,17,4
dl D R L FS DR U,2,12,62,8,4,17,4
dl D R L FS U DR,2,12,62,8,4,16,4
dl FS D L R DR U,2,12,62,8,4,15,4
dl FS D L R U DR,2,12,62,8,4,16,4
dl FS D L U R DR,2,12,62,8,4,12,3
dl FS D R L DR U,2,12,62,8,4,17,4
dl FS D R L U DR,2,12,62,8,4,16,4
dl FS L D R DR U,2,12,62,8,4,13,3
dl FS L D R U DR,2,12,62,8,4,14,3
dl FS L D U R DR,2,12,62,8,4,14,4
dl FS L U D R DR,2,12,62,8,4,14,4
dl L D DR R FS U,2,12,62,8,4,11,3
dl L D FS R DR U,2,12,62,8,4,13,3
dl L D FS R U DR,2,12,62,8,4,14,3
dl L D FS U R DR,2,12,62,8,4,12,3
dl L D R DR FS U,2,12,62,8,4,13,3
dl L D R FS DR U,2,12,62,8,4,15,3
dl L D R FS U DR,2,12,62,8,4,14,3
dl L FS D R DR U,2,12,62,8,4,13,3
dl L FS D R U DR,2,12,62,8,4,14,3
dl L FS D U R DR,2,12,62,8,4,14,4
dl L FS U D R DR,2,12,62,8,4,14,4
FS D dl L R DR U,2,12,62,8,4,16,4
FS D dl L R U DR,2,12,62,8,4,17,4
FS D dl L U R DR,2,12,62,8,4,13,3
FS D dl R L DR U,2,12,62,8,4,16,4
FS D dl R L U DR,2,12,62,8,4,15,4
FS D L dl R DR U,2,12,62,8,4,12,3
FS D L dl R U DR,2,12,62,8,4,13,3
FS D L dl U R DR,2,12,62,8,4,11,3
FS D L R dl DR U,2,12,62,8,4,14,4
FS D L R dl U DR,2,12,62,8,4,13,4
FS D L R DR dl U,2,12,62,8,4,12,4
FS D L R U dl DR,2,12,62,8,4,13,4
FS D L U dl R DR,2,12,62,8,4,9,2
FS D L U R dl DR,2,12,62,8,4,11,2
FS D R dl L DR U,2,12,62,8,4,14,3
FS D R dl L U DR,2,12,62,8,4,13,3
FS D R L dl DR U,2,12,62,8,4,16,4
FS D R L dl U DR,2,12,62,8,4,15,4
FS D R L DR dl U,2,12,62,8,4,14,4
FS D R L U dl DR,2,12,62,8,4,13,4
FS dl D L R DR U,2,12,62,8,4,16,4
FS dl D L R U DR,2,12,62,8,4,17,4
FS dl D L U R DR,2,12,62,8,4,13,3
FS dl D R L DR U,2,12,62,8,4,18,4
FS dl D R L U DR,2,12,62,8,4,17,4
FS dl L D R DR U,2,12,62,8,4,14,3
FS dl L D R U DR,2,12,62,8,4,15,3
FS dl L D U R DR,2,12,62,8,4,15,4
FS dl L U D R DR,2,12,62,8,4,15,4
FS L D dl R DR U,2,12,62,8,4,12,3
FS L D dl R U DR,2,12,62,8,4,13,3
FS L D dl U R DR,2,12,62,8,4,11,3
FS L D R dl DR U,2,12,62,8,4,12,3
FS L D R dl U DR,2,12,62,8,4,11,3
FS L D R DR dl U,2,12,62,8,4,10,2
FS L D R U dl DR,2,12,62,8,4,11,2
FS L D U dl R DR,2,12,62,8,4,11,4
FS L D U R dl DR,2,12,62,8,4,13,4
FS L dl D R DR U,2,12,62,8,4,14,3
FS L dl D R U DR,2,12,62,8,4,15,3
FS L dl D U R DR,2,12,62,8,4,15,4
FS L dl U D R DR,2,12,62,8,4,13,4
FS L U D dl R DR,2,12,62,8,4,13,4
FS L U D R dl DR,2,12,62,8,4,13,4
FS L U dl D R DR,2,12,62,8,4,11,3
L D dl DR R FS U,2,12,62,8,4,12,3
L D dl FS R DR U,2,12,62,8,4,14,3
L D dl FS R U DR,2,12,62,8,4,15,3
L D dl FS U R DR,2,12,62,8,4,13,3
L D dl R DR FS U,2,12,62,8,4,12,3
L D dl R FS DR U,2,12,62,8,4,14,3
L D dl R FS U DR,2,12,62,8,4,13,3
L D DR dl R FS U,2,12,62,8,4,10,2
L D DR R dl FS U,2,12,62,8,4,10,3
L D DR R FS dl U,2,12,62,8,4,10,3
L D FS dl R DR U,2,12,62,8,4,12,3
L D FS dl R U DR,2,12,62,8,4,13,3
L D FS dl U R DR,2,12,62,8,4,11,3
L D FS R dl DR U,2,12,62,8,4,12,3
L D FS R dl U DR,2,12,62,8,4,11,3
L D FS R DR dl U,2,12,62,8,4,10,2
L D FS R U dl DR,2,12,62,8,4,11,2
L D FS U dl R DR,2,12,62,8,4,9,2
L D FS U R dl DR,2,12,62,8,4,11,2
L D R dl DR FS U,2,12,62,8,4,12,3
L D R dl FS DR U,2,12,62,8,4,14,3
L D R dl FS U DR,2,12,62,8,4,13,3
L D R DR dl FS U,2,12,62,8,4,12,3
L D R DR FS dl U,2,12,62,8,4,12,3
L D R FS dl DR U,2,12,62,8,4,14,3
L D R FS dl U DR,2,12,62,8,4,13,3
L D R FS DR dl U,2,12,62,8,4,12,3
L D R FS U dl DR,2,12,62,8,4,11,2
L dl D DR R FS U,2,12,62,8,4,12,3
L dl D FS R DR U,2,12,62,8,4,14,3
L dl D FS R U DR,2,12,62,8,4,15,3
L dl D FS U R DR,2,12,62,8,4,13,3
L dl D R DR FS U,2,12,62,8,4,14,3
L dl D R FS DR U,2,12,62,8,4,16,3
L dl D R FS U DR,2,12,62,8,4,15,3
L dl FS D R DR U,2,12,62,8,4,14,3
L dl FS D R U DR,2,12,62,8,4,15,3
L dl FS D U R DR,2,12,62,8,4,15,4
L dl FS U D R DR,2,12,62,8,4,15,4
L FS D dl R DR U,2,12,62,8,4,12,3
L FS D dl R U DR,2,12,62,8,4,13,3
L FS D dl U R DR,2,12,62,8,4,11,3
L FS D R dl DR U,2,12,62,8,4,12,3
L FS D R dl U DR,2,12,62,8,4,11,3
L FS D R DR dl U,2,12,62,8,4,10,2
L FS D R U dl DR,2,12,62,8,4,11,2
L FS D U dl R DR,2,12,62,8,4,11,4
L FS D U R dl DR,2,12,62,8,4,13,4
L FS dl D R DR U,2,12,62,8,4,14,3
L FS dl D R U DR,2,12,62,8,4,15,3
L FS dl D U R DR,2,12,62,8,4,15,4
L FS dl U D R DR,2,12,62,8,4,13,4
L FS U D dl R DR,2,12,62,8,4,13,4
L FS U D R dl DR,2,12,62,8,4,13,4
L FS U dl D R DR,2,12,62,8,4,11,3
dl FS R DR D L U,7,11,63,7,4,11,3
dl FS R DR D U L,7,11,63,7,4,13,4
dl FS R DR U D L,7,11,63,7,4,15,4
dl FS R DR U L D,7,11,63,7,4,13,3
dl R DR FS D L U,7,11,63,7,4,11,3
dl R DR FS D U L,7,11,63,7,4,13,4
dl R DR FS U D L,7,11,63,7,4,13,4
dl R DR FS U L D,7,11,63,7,4,11,3
dl R DR U FS D L,7,11,63,7,4,11,3
dl R DR U FS L D,7,11,63,7,4,11,3
dl R FS DR D L U,7,11,63,7,4,11,3
dl R FS DR D U L,7,11,63,7,4,13,4
dl R FS DR U D L,7,11,63,7,4,15,4
dl R FS DR U L D,7,11,63,7,4,13,3
FS dl R DR D L U,7,11,63,7,4,10,3
FS dl R DR D U L,7,11,63,7,4,12,4
FS dl R DR U D L,7,11,63,7,4,14,4
FS dl R DR U L D,7,11,63,7,4,12,3
FS R dl DR D L U,7,11,63,7,4,10,2
FS R dl DR D U L,7,11,63,7,4,12,4
FS R dl DR U D L,7,11,63,7,4,14,4
FS R dl DR U L D,7,11,63,7,4,12,3
FS R DR D dl L U,7,11,63,7,4,12,3
FS R DR D dl U L,7,11,63,7,4,10,3
FS R DR D L dl U,7,11,63,7,4,10,3
FS R DR dl D L U,7,11,63,7,4,12,3
FS R DR dl D U L,7,11,63,7,4,14,4
FS R DR dl U D L,7,11,63,7,4,12,4
FS R DR dl U L D,7,11,63,7,4,10,2
R dl DR FS D L U,7,11,63,7,4,12,3
R dl DR FS D U L,7,11,63,7,4,14,4
R dl DR FS U D L,7,11,63,7,4,14,4
R dl DR FS U L D,7,11,63,7,4,12,3
R dl DR U FS D L,7,11,63,7,4,12,3
R dl DR U FS L D,7,11,63,7,4,12,3
R dl FS DR D L U,7,11,63,7,4,12,3
R dl FS DR D U L,7,11,63,7,4,14,4
R dl FS DR U D L,7,11,63,7,4,16,4
R dl FS DR U L D,7,11,63,7,4,14,3
R DR dl FS D L U,7,11,63,7,4,12,3
R DR dl FS D U L,7,11,63,7,4,14,4
R DR dl FS U D L,7,11,63,7,4,14,4
R DR dl FS U L D,7,11,63,7,4,12,3
R DR dl U FS D L,7,11,63,7,4,10,2
R DR dl U FS L D,7,11,63,7,4,10,2
R DR FS D dl L U,7,11,63,7,4,14,3
R DR FS D dl U L,7,11,63,7,4,12,3
R DR FS D L dl U,7,11,63,7,4,12,3
R DR FS dl D L U,7,11,63,7,4,14,3
R DR FS dl D U L,7,11,63,7,4,16,4
R DR FS dl U D L,7,11,63,7,4,14,4
R DR FS dl U L D,7,11,63,7,4,12,3
R FS dl DR D L U,7,11,63,7,4,12,3
R FS dl DR D U L,7,11,63,7,4,14,4
R FS dl DR U D L,7,11,63,7,4,16,4
R FS dl DR U L D,7,11,63,7,4,14,3
R FS DR D dl L U,7,11,63,7,4,14,3
R FS DR D dl U L,7,11,63,7,4,12,3
R FS DR D L dl U,7,11,63,7,4,12,3
R FS DR dl D L U,7,11,63,7,4,14,3
R FS DR dl D U L,7,11,63,7,4,16,4
R FS DR dl U D L,7,11,63,7,4,14,4
R FS DR dl U L D,7,11,63,7,4,12,3
dl DR FS R D L U,7,11,64,7,4,13,3
dl DR FS R D U L,7,11,64,7,4,15,4
dl DR FS R U D L,7,11,64,7,4,15,4
dl DR FS R U L D,7,11,64,7,4,13,3
dl DR R FS D L U,7,11,64,7,4,11,2
dl DR R FS D U L,7,11,64,7,4,13,4
dl DR R FS U D L,7,11,64,7,4,13,4
dl DR R FS U L D,7,11,64,7,4,11,2
dl DR R U FS D L,7,11,64,7,4,11,2
dl DR R U FS L D,7,11,64,7,4,11,2
dl FS DR R D L U,7,11,64,7,4,13,3
dl FS DR R D U L,7,11,64,7,4,15,4
dl FS DR R U D L,7,11,64,7,4,15,4
dl FS DR R U L D,7,11,64,7,4,13,3
DR dl FS R D L U,7,11,64,7,4,13,3
DR dl FS R D U L,7,11,64,7,4,15,4
DR dl FS R U D L,7,11,64,7,4,15,4
DR dl FS R U L D,7,11,64,7,4,13,3
DR dl R FS D L U,7,11,64,7,4,11,2
DR dl R FS D U L,7,11,64,7,4,13,4
DR dl R FS U D L,7,11,64,7,4,13,4
DR dl R FS U L D,7,11,64,7,4,11,2
DR dl R U FS D L,7,11,64,7,4,11,2
DR dl R U FS L D,7,11,64,7,4,11,2
DR FS dl R D L U,7,11,64,7,4,13,3
DR FS dl R D U L,7,11,64,7,4,15,4
DR FS dl R U D L,7,11,64,7,4,15,4
DR FS dl R U L D,7,11,64,7,4,13,3
DR FS R D dl L U,7,11,64,7,4,15,3
DR FS R D dl U L,7,11,64,7,4,13,3
DR FS R D L dl U,7,11,64,7,4,13,3
DR FS R dl D L U,7,11,64,7,4,13,3
DR FS R dl D U L,7,11,64,7,4,15,4
DR FS R dl U D L,7,11,64,7,4,13,4
DR FS R dl U L D,7,11,64,7,4,11,3
DR R dl FS D L U,7,11,64,7,4,11,3
DR R dl FS D U L,7,11,64,7,4,13,4
DR R dl FS U D L,7,11,64,7,4,13,4
DR R dl FS U L D,7,11,64,7,4,11,3
DR R dl U FS D L,7,11,64,7,4,9,2
DR R dl U FS L D,7,11,64,7,4,9,2
DR R FS D dl L U,7,11,64,7,4,13,3
DR R FS D dl U L,7,11,64,7,4,11,3
DR R FS D L dl U,7,11,64,7,4,11,3
DR R FS dl D L U,7,11,64,7,4,13,3
DR R FS dl D U L,7,11,64,7,4,15,4
DR R FS dl U D L,7,11,64,7,4,13,4
DR R FS dl U L D,7,11,64,7,4,11,3
FS dl DR R D L U,7,11,64,7,4,12,3
FS dl DR R D U L,7,11,64,7,4,14,4
FS dl DR R U D L,7,11,64,7,4,14,4
FS dl DR R U L D,7,11,64,7,4,12,3
FS DR dl R D L U,7,11,64,7,4,12,3
FS DR dl R D U L,7,11,64,7,4,14,4
FS DR dl R U D L,7,11,64,7,4,14,4
FS DR dl R U L D,7,11,64,7,4,12,3
FS DR R D dl L U,7,11,64,7,4,14,3
FS DR R D dl U L,7,11,64,7,4,12,3
FS DR R D L dl U,7,11,64,7,4,12,3
FS DR R dl D L U,7,11,64,7,4,12,3
FS DR R dl D U L,7,11,64,7,4,14,4
FS DR R dl U D L,7,11,64,7,4,12,4
FS DR R dl U L D,7,11,64,7,4,10,3
D dl L DR U FS R,2,12,64,8,4,16,3
D dl L U DR FS R,2,12,64,8,4,16,3
D dl L U FS DR R,2,12,64,8,4,14,3
D dl U L DR FS R,2,12,64,8,4,14,3
D dl U L FS DR R,2,12,64,8,4,12,3
D L dl DR U FS R,2,12,64,8,4,14,3
D L dl U DR FS R,2,12,64,8,4,14,3
D L dl U FS DR R,2,12,64,8,4,12,3
D L DR dl U FS R,2,12,64,8,4,12,3
D L DR U dl FS R,2,12,64,8,4,14,3
D L DR U FS dl R,2,12,64,8,4,14,3
D L U dl DR FS R,2,12,64,8,4,12,3
D L U dl FS DR R,2,12,64,8,4,12,3
D L U DR dl FS R,2,12,64,8,4,14,3
D L U DR FS dl R,2,12,64,8,4,14,3
D L U FS dl DR R,2,12,64,8,4,12,3
D L U FS DR dl R,2,12,64,8,4,12,3
D U dl L DR FS R,2,12,64,8,4,16,4
D U dl L FS DR R,2,12,64,8,4,14,4
D U L dl DR FS R,2,12,64,8,4,16,4
D U L dl FS DR R,2,12,64,8,4,16,4
D U L DR dl FS R,2,12,64,8,4,16,4
D U L DR FS dl R,2,12,64,8,4,16,4
D U L FS dl DR R,2,12,64,8,4,14,4
D U L FS DR dl R,2,12,64,8,4,14,4
dl D L DR U FS R,2,12,64,8,4,15,3
dl D L U DR FS R,2,12,64,8,4,15,3
dl D L U FS DR R,2,12,64,8,4,13,3
dl D U L DR FS R,2,12,64,8,4,17,4
dl D U L FS DR R,2,12,64,8,4,15,4
dl L D DR U FS R,2,12,64,8,4,13,3
dl L D U DR FS R,2,12,64,8,4,17,4
dl L D U FS DR R,2,12,64,8,4,15,4
dl L U D DR FS R,2,12,64,8,4,15,4
dl L U D FS DR R,2,12,64,8,4,15,4
dl L U FS D DR R,2,12,64,8,4,11,3
dl U D L DR FS R,2,12,64,8,4,15,4
dl U D L FS DR R,2,12,64,8,4,13,4
dl U L D DR FS R,2,12,64,8,4,11,3
dl U L D FS DR R,2,12,64,8,4,11,3
dl U L FS D DR R,2,12,64,8,4,9,2
L D dl DR U FS R,2,12,64,8,4,14,3
L D dl U DR FS R,2,12,64,8,4,14,3
L D dl U FS DR R,2,12,64,8,4,12,3
L D DR dl U FS R,2,12,64,8,4,10,2
L D DR U dl FS R,2,12,64,8,4,12,3
L D DR U FS dl R,2,12,64,8,4,12,3
L D U dl DR FS R,2,12,64,8,4,14,4
L D U dl FS DR R,2,12,64,8,4,14,4
L D U DR dl FS R,2,12,64,8,4,16,4
L D U DR FS dl R,2,12,64,8,4,16,4
L D U FS dl DR R,2,12,64,8,4,14,4
L D U FS DR dl R,2,12,64,8,4,14,4
L dl D DR U FS R,2,12,64,8,4,14,3
L dl D U DR FS R,2,12,64,8,4,18,4
L dl D U FS DR R,2,12,64,8,4,16,4
L dl U D DR FS R,2,12,64,8,4,14,4
L dl U D FS DR R,2,12,64,8,4,14,4
L dl U FS D DR R,2,12,64,8,4,10,3
L U D dl DR FS R,2,12,64,8,4,16,4
L U D dl FS DR R,2,12,64,8,4,16,4
L U D DR dl FS R,2,12,64,8,4,14,4
L U D DR FS dl R,2,12,64,8,4,14,4
L U D FS dl DR R,2,12,64,8,4,14,4
L U D FS DR dl R,2,12,64,8,4,14,4
L U dl D DR FS R,2,12,64,8,4,12,3
L U dl D FS DR R,2,12,64,8,4,12,3
L U dl FS D DR R,2,12,64,8,4,10,3
L U FS D dl DR R,2,12,64,8,4,12,3
L U FS D DR dl R,2,12,64,8,4,10,2
L U FS dl D DR R,2,12,64,8,4,12,3
U D dl L DR FS R,2,12,64,8,4,18,4
U D dl L FS DR R,2,12,64,8,4,16,4
U D L dl DR FS R,2,12,64,8,4,16,4
U D L dl FS DR R,2,12,64,8,4,16,4
U D L DR dl FS R,2,12,64,8,4,16,4
U D L DR FS dl R,2,12,64,8,4,16,4
U D L FS dl DR R,2,12,64,8,4,14,4
U D L FS DR dl R,2,12,64,8,4,14,4
U dl D L DR FS R,2,12,64,8,4,14,3
U dl D L FS DR R,2,12,64,8,4,12,3
U dl L D DR FS R,2,12,64,8,4,12,3
U dl L D FS DR R,2,12,64,8,4,12,3
U dl L FS D DR R,2,12,64,8,4,10,3
U L D dl DR FS R,2,12,64,8,4,14,3
U L D dl FS DR R,2,12,64,8,4,14,3
U L D DR dl FS R,2,12,64,8,4,12,3
U L D DR FS dl R,2,12,64,8,4,12,3
U L D FS dl DR R,2,12,64,8,4,12,3
U L D FS DR dl R,2,12,64,8,4,12,3
U L dl D DR FS R,2,12,64,8,4,14,3
U L dl D FS DR R,2,12,64,8,4,14,3
U L dl FS D DR R,2,12,64,8,4,12,3
U L FS D dl DR R,2,12,64,8,4,12,3
U L FS D DR dl R,2,12,64,8,4,10,2
U L FS dl D DR R,2,12,64,8,4,12,3
dl FS L R DR D U,2,11,65,8,4,15,4
dl FS L R DR U D,2,11,65,8,4,17,4
dl FS R DR L D U,2,11,65,8,4,15,4
dl FS R DR L U D,2,11,65,8,4,15,4
dl FS R L DR D U,2,11,65,8,4,17,4
dl FS R L DR U D,2,11,65,8,4,19,4
dl L FS R DR D U,2,11,65,8,4,13,4
dl L FS R DR U D,2,11,65,8,4,15,4
dl L R DR D FS U,2,11,65,8,4,13,4
dl L R DR FS D U,2,11,65,8,4,17,4
dl L R DR FS U D,2,11,65,8,4,17,4
dl L R DR U FS D,2,11,65,8,4,15,4
dl L R FS DR D U,2,11,65,8,4,17,4
dl L R FS DR U D,2,11,65,8,4,19,4
dl R D DR FS L U,2,11,65,8,4,11,3
dl R D DR FS U L,2,11,65,8,4,11,3
dl R D DR L FS U,2,11,65,8,4,11,3
dl R D DR U FS L,2,11,65,8,4,11,3
dl R DR D FS L U,2,11,65,8,4,9,2
dl R DR D FS U L,2,11,65,8,4,9,2
dl R DR D L FS U,2,11,65,8,4,9,2
dl R DR D U FS L,2,11,65,8,4,11,4
dl R DR FS L D U,2,11,65,8,4,13,4
dl R DR FS L U D,2,11,65,8,4,13,4
dl R DR L D FS U,2,11,65,8,4,11,3
dl R DR L FS D U,2,11,65,8,4,13,4
dl R DR L FS U D,2,11,65,8,4,13,4
dl R DR L U FS D,2,11,65,8,4,11,3
dl R DR U D FS L,2,11,65,8,4,13,4
dl R DR U L FS D,2,11,65,8,4,11,3
dl R FS DR L D U,2,11,65,8,4,15,4
dl R FS DR L U D,2,11,65,8,4,15,4
dl R FS L DR D U,2,11,65,8,4,13,4
dl R FS L DR U D,2,11,65,8,4,15,4
dl R L DR D FS U,2,11,65,8,4,13,4
dl R L DR FS D U,2,11,65,8,4,17,4
dl R L DR FS U D,2,11,65,8,4,17,4
dl R L DR U FS D,2,11,65,8,4,15,4
dl R L FS DR D U,2,11,65,8,4,15,4
dl R L FS DR U D,2,11,65,8,4,17,4
FS dl L R DR D U,2,11,65,8,4,16,4
FS dl L R DR U D,2,11,65,8,4,18,4
FS dl R DR L D U,2,11,65,8,4,14,4
FS dl R DR L U D,2,11,65,8,4,14,4
FS dl R L DR D U,2,11,65,8,4,16,4
FS dl R L DR U D,2,11,65,8,4,18,4
FS L dl R DR D U,2,11,65,8,4,12,4
FS L dl R DR U D,2,11,65,8,4,14,4
FS L R dl DR D U,2,11,65,8,4,14,4
FS L R dl DR U D,2,11,65,8,4,16,4
FS L R DR D dl U,2,11,65,8,4,12,4
FS L R DR dl D U,2,11,65,8,4,16,4
FS L R DR dl U D,2,11,65,8,4,14,4
FS L R DR U dl D,2,11,65,8,4,14,4
FS L R U DR dl D,2,11,65,8,4,16,4
FS L U R DR dl D,2,11,65,8,4,12,3
FS R dl DR L D U,2,11,65,8,4,14,4
FS R dl DR L U D,2,11,65,8,4,14,4
FS R dl L DR D U,2,11,65,8,4,14,4
FS R dl L DR U D,2,11,65,8,4,16,4
FS R DR dl L D U,2,11,65,8,4,14,4
FS R DR dl L U D,2,11,65,8,4,14,4
FS R DR L D dl U,2,11,65,8,4,12,3
FS R DR L dl D U,2,11,65,8,4,16,4
FS R DR L dl U D,2,11,65,8,4,14,4
FS R DR L U dl D,2,11,65,8,4,12,3
FS R L dl DR D U,2,11,65,8,4,16,4
FS R L dl DR U D,2,11,65,8,4,18,4
FS R L DR D dl U,2,11,65,8,4,14,4
FS R L DR dl D U,2,11,65,8,4,18,4
FS R L DR dl U D,2,11,65,8,4,16,4
FS R L DR U dl D,2,11,65,8,4,16,4
FS R L U DR dl D,2,11,65,8,4,16,4
L dl FS R DR D U,2,11,65,8,4,14,4
L dl FS R DR U D,2,11,65,8,4,16,4
L dl R DR D FS U,2,11,65,8,4,10,3
L dl R DR FS D U,2,11,65,8,4,14,4
L dl R DR FS U D,2,11,65,8,4,14,4
L dl R DR U FS D,2,11,65,8,4,12,3
L dl R FS DR D U,2,11,65,8,4,14,4
L dl R FS DR U D,2,11,65,8,4,16,4
L FS dl R DR D U,2,11,65,8,4,12,4
L FS dl R DR U D,2,11,65,8,4,14,4
L FS R dl DR D U,2,11,65,8,4,12,4
L FS R dl DR U D,2,11,65,8,4,14,4
L FS R DR D dl U,2,11,65,8,4,10,3
L FS R DR dl D U,2,11,65,8,4,14,4
L FS R DR dl U D,2,11,65,8,4,12,4
L FS R DR U dl D,2,11,65,8,4,12,3
L FS R U DR dl D,2,11,65,8,4,14,3
L FS U R DR dl D,2,11,65,8,4,12,3
L R dl DR D FS U,2,11,65,8,4,12,4
L R dl DR FS D U,2,11,65,8,4,16,4
L R dl DR FS U D,2,11,65,8,4,16,4
L R dl DR U FS D,2,11,65,8,4,14,4
L R dl FS DR D U,2,11,65,8,4,16,4
L R dl FS DR U D,2,11,65,8,4,18,4
L R DR D dl FS U,2,11,65,8,4,14,4
L R DR D FS dl U,2,11,65,8,4,12,4
L R DR dl D FS U,2,11,65,8,4,14,4
L R DR dl FS D U,2,11,65,8,4,16,4
L R DR dl FS U D,2,11,65,8,4,16,4
L R DR dl U FS D,2,11,65,8,4,12,4
L R DR FS D dl U,2,11,65,8,4,14,4
L R DR FS dl D U,2,11,65,8,4,18,4
L R DR FS dl U D,2,11,65,8,4,16,4
L R DR FS U dl D,2,11,65,8,4,14,4
L R FS dl DR D U,2,11,65,8,4,16,4
L R FS dl DR U D,2,11,65,8,4,18,4
L R FS DR D dl U,2,11,65,8,4,14,4
L R FS DR dl D U,2,11,65,8,4,18,4
L R FS DR dl U D,2,11,65,8,4,16,4
L R FS DR U dl D,2,11,65,8,4,16,4
L R FS U DR dl D,2,11,65,8,4,16,4
R D dl DR FS L U,2,11,65,8,4,14,3
R D dl DR FS U L,2,11,65,8,4,14,3
R D dl DR L FS U,2,11,65,8,4,14,3
R D dl DR U FS L,2,11,65,8,4,14,3
R D DR dl FS L U,2,11,65,8,4,12,3
R D DR dl FS U L,2,11,65,8,4,12,3
R D DR dl L FS U,2,11,65,8,4,12,3
R D DR dl U FS L,2,11,65,8,4,10,2
R D DR FS dl L U,2,11,65,8,4,14,3
R D DR FS dl U L,2,11,65,8,4,12,3
R D DR FS L dl U,2,11,65,8,4,12,3
R D DR L dl FS U,2,11,65,8,4,14,3
R D DR L FS dl U,2,11,65,8,4,12,3
R dl D DR FS L U,2,11,65,8,4,12,3
R dl D DR FS U L,2,11,65,8,4,12,3
R dl D DR L FS U,2,11,65,8,4,12,3
R dl D DR U FS L,2,11,65,8,4,12,3
R dl DR D FS L U,2,11,65,8,4,10,2
R dl DR D FS U L,2,11,65,8,4,10,2
R dl DR D L FS U,2,11,65,8,4,10,2
R dl DR D U FS L,2,11,65,8,4,12,4
R dl DR FS L D U,2,11,65,8,4,14,4
R dl DR FS L U D,2,11,65,8,4,14,4
R dl DR L D FS U,2,11,65,8,4,12,3
R dl DR L FS D U,2,11,65,8,4,14,4
R dl DR L FS U D,2,11,65,8,4,14,4
R dl DR L U FS D,2,11,65,8,4,12,3
R dl DR U D FS L,2,11,65,8,4,14,4
R dl DR U L FS D,2,11,65,8,4,12,3
R dl FS DR L D U,2,11,65,8,4,16,4
R dl FS DR L U D,2,11,65,8,4,16,4
R dl FS L DR D U,2,11,65,8,4,14,4
R dl FS L DR U D,2,11,65,8,4,16,4
R dl L DR D FS U,2,11,65,8,4,12,3
R dl L DR FS D U,2,11,65,8,4,16,4
R dl L DR FS U D,2,11,65,8,4,16,4
R dl L DR U FS D,2,11,65,8,4,14,3
R dl L FS DR D U,2,11,65,8,4,14,4
R dl L FS DR U D,2,11,65,8,4,16,4
R DR D dl FS L U,2,11,65,8,4,12,3
R DR D dl FS U L,2,11,65,8,4,12,3
R DR D dl L FS U,2,11,65,8,4,12,3
R DR D dl U FS L,2,11,65,8,4,10,3
R DR D FS dl L U,2,11,65,8,4,12,3
R DR D FS dl U L,2,11,65,8,4,10,3
R DR D FS L dl U,2,11,65,8,4,10,3
R DR D L dl FS U,2,11,65,8,4,12,3
R DR D L FS dl U,2,11,65,8,4,10,3
R DR dl D FS L U,2,11,65,8,4,12,3
R DR dl D FS U L,2,11,65,8,4,12,3
R DR dl D L FS U,2,11,65,8,4,12,3
R DR dl D U FS L,2,11,65,8,4,14,4
R DR dl FS L D U,2,11,65,8,4,14,4
R DR dl FS L U D,2,11,65,8,4,14,4
R DR dl L D FS U,2,11,65,8,4,12,3
R DR dl L FS D U,2,11,65,8,4,14,4
R DR dl L FS U D,2,11,65,8,4,14,4
R DR dl L U FS D,2,11,65,8,4,12,3
R DR dl U D FS L,2,11,65,8,4,12,4
R DR dl U L FS D,2,11,65,8,4,10,2
R DR FS dl L D U,2,11,65,8,4,16,4
R DR FS dl L U D,2,11,65,8,4,16,4
R DR FS L D dl U,2,11,65,8,4,12,3
R DR FS L dl D U,2,11,65,8,4,16,4
R DR FS L dl U D,2,11,65,8,4,14,4
R DR FS L U dl D,2,11,65,8,4,12,3
R DR L D dl FS U,2,11,65,8,4,14,3
R DR L D FS dl U,2,11,65,8,4,12,3
R DR L dl D FS U,2,11,65,8,4,14,3
R DR L dl FS D U,2,11,65,8,4,16,4
R DR L dl FS U D,2,11,65,8,4,16,4
R DR L dl U FS D,2,11,65,8,4,12,3
R DR L FS D dl U,2,11,65,8,4,12,3
R DR L FS dl D U,2,11,65,8,4,16,4
R DR L FS dl U D,2,11,65,8,4,14,4
R DR L FS U dl D,2,11,65,8,4,12,3
R FS dl DR L D U,2,11,65,8,4,16,4
R FS dl DR L U D,2,11,65,8,4,16,4
R FS dl L DR D U,2,11,65,8,4,16,4
R FS dl L DR U D,2,11,65,8,4,18,4
R FS DR dl L D U,2,11,65,8,4,16,4
R FS DR dl L U D,2,11,65,8,4,16,4
R FS DR L D dl U,2,11,65,8,4,14,3
R FS DR L dl D U,2,11,65,8,4,18,4
R FS DR L dl U D,2,11,65,8,4,16,4
R FS DR L U dl D,2,11,65,8,4,14,3
R FS L dl DR D U,2,11,65,8,4,14,4
R FS L dl DR U D,2,11,65,8,4,16,4
R FS L DR D dl U,2,11,65,8,4,12,3
R FS L DR dl D U,2,11,65,8,4,16,4
R FS L DR dl U D,2,11,65,8,4,14,4
R FS L DR U dl D,2,11,65,8,4,14,3
R FS L U DR dl D,2,11,65,8,4,14,3
R L dl DR D FS U,2,11,65,8,4,14,4
R L dl DR FS D U,2,11,65,8,4,18,4
R L dl DR FS U D,2,11,65,8,4,18,4
R L dl DR U FS D,2,11,65,8,4,16,4
R L dl FS DR D U,2,11,65,8,4,18,4
R L dl FS DR U D,2,11,65,8,4,20,4
R L DR D dl FS U,2,11,65,8,4,16,4
R L DR D FS dl U,2,11,65,8,4,14,4
R L DR dl D FS U,2,11,65,8,4,16,4
R L DR dl FS D U,2,11,65,8,4,18,4
R L DR dl FS U D,2,11,65,8,4,18,4
R L DR dl U FS D,2,11,65,8,4,14,4
R L DR FS D dl U,2,11,65,8,4,16,4
R L DR FS dl D U,2,11,65,8,4,20,4
R L DR FS dl U D,2,11,65,8,4,18,4
R L DR FS U dl D,2,11,65,8,4,16,4
R L FS dl DR D U,2,11,65,8,4,16,4
R L FS dl DR U D,2,11,65,8,4,18,4
R L FS DR D dl U,2,11,65,8,4,14,4
R L FS DR dl D U,2,11,65,8,4,18,4
R L FS DR dl U D,2,11,65,8,4,16,4
R L FS DR U dl D,2,11,65,8,4,16,4
R L FS U DR dl D,2,11,65,8,4,16,4
dl DR FS U L D R,7,12,66,7,4,13,3
dl DR FS U L R D,7,12,66,7,4,15,4
dl DR FS U R D L,7,12,66,7,4,13,3
dl DR FS U R L D,7,12,66,7,4,15,4
dl DR U FS L D R,7,12,66,7,4,13,3
dl DR U FS L R D,7,12,66,7,4,15,4
dl DR U FS R D L,7,12,66,7,4,13,3
dl DR U FS R L D,7,12,66,7,4,15,4
dl DR U R FS D L,7,12,66,7,4,13,3
dl DR U R FS L D,7,12,66,7,4,13,3
dl FS DR U L D R,7,12,66,7,4,15,3
dl FS DR U L R D,7,12,66,7,4,17,4
dl FS DR U R D L,7,12,66,7,4,15,3
dl FS DR U R L D,7,12,66,7,4,17,4
dl FS U DR L D R,7,12,66,7,4,15,3
dl FS U DR L R D,7,12,66,7,4,17,4
dl FS U DR R D L,7,12,66,7,4,13,3
dl FS U DR R L D,7,12,66,7,4,15,4
dl FS U L DR D R,7,12,66,7,4,13,3
dl FS U L DR R D,7,12,66,7,4,13,3
dl U DR FS L D R,7,12,66,7,4,13,3
dl U DR FS L R D,7,12,66,7,4,15,4
dl U DR FS R D L,7,12,66,7,4,13,3
dl U DR FS R L D,7,12,66,7,4,15,4
dl U DR R FS D L,7,12,66,7,4,11,3
dl U DR R FS L D,7,12,66,7,4,11,3
dl U FS DR L D R,7,12,66,7,4,13,3
dl U FS DR L R D,7,12,66,7,4,15,4
dl U FS DR R D L,7,12,66,7,4,11,3
dl U FS DR R L D,7,12,66,7,4,13,4
dl U FS L DR D R,7,12,66,7,4,11,3
dl U FS L DR R D,7,12,66,7,4,11,3
DR dl FS U L D R,7,12,66,7,4,13,3
DR dl FS U L R D,7,12,66,7,4,15,4
DR dl FS U R D L,7,12,66,7,4,13,3
DR dl FS U R L D,7,12,66,7,4,15,4
DR dl U FS L D R,7,12,66,7,4,11,2
DR dl U FS L R D,7,12,66,7,4,13,4
DR dl U FS R D L,7,12,66,7,4,11,2
DR dl U FS R L D,7,12,66,7,4,13,4
DR dl U R FS D L,7,12,66,7,4,11,2
DR dl U R FS L D,7,12,66,7,4,11,2
DR FS dl U L D R,7,12,66,7,4,13,3
DR FS dl U L R D,7,12,66,7,4,15,4
DR FS dl U R D L,7,12,66,7,4,13,3
DR FS dl U R L D,7,12,66,7,4,15,4
DR FS U dl L D R,7,12,66,7,4,13,3
DR FS U dl L R D,7,12,66,7,4,15,4
DR FS U dl R D L,7,12,66,7,4,11,3
DR FS U dl R L D,7,12,66,7,4,13,4
DR FS U L D dl R,7,12,66,7,4,13,3
DR FS U L dl D R,7,12,66,7,4,15,3
DR FS U L dl R D,7,12,66,7,4,13,3
DR U dl FS L D R,7,12,66,7,4,13,3
DR U dl FS L R D,7,12,66,7,4,15,4
DR U dl FS R D L,7,12,66,7,4,13,3
DR U dl FS R L D,7,12,66,7,4,15,4
DR U dl R FS D L,7,12,66,7,4,11,3
DR U dl R FS L D,7,12,66,7,4,11,3
DR U FS dl L D R,7,12,66,7,4,15,3
DR U FS dl L R D,7,12,66,7,4,17,4
DR U FS dl R D L,7,12,66,7,4,13,3
DR U FS dl R L D,7,12,66,7,4,15,4
DR U FS L D dl R,7,12,66,7,4,13,3
DR U FS L dl D R,7,12,66,7,4,15,3
DR U FS L dl R D,7,12,66,7,4,13,3
FS dl DR U L D R,7,12,66,7,4,14,3
FS dl DR U L R D,7,12,66,7,4,16,4
FS dl DR U R D L,7,12,66,7,4,14,3
FS dl DR U R L D,7,12,66,7,4,16,4
FS dl U DR L D R,7,12,66,7,4,14,3
FS dl U DR L R D,7,12,66,7,4,16,4
FS dl U DR R D L,7,12,66,7,4,12,3
FS dl U DR R L D,7,12,66,7,4,14,4
FS dl U L DR D R,7,12,66,7,4,12,3
FS dl U L DR R D,7,12,66,7,4,12,3
FS DR dl U L D R,7,12,66,7,4,12,3
FS DR dl U L R D,7,12,66,7,4,14,4
FS DR dl U R D L,7,12,66,7,4,12,3
FS DR dl U R L D,7,12,66,7,4,14,4
FS DR U dl L D R,7,12,66,7,4,14,3
FS DR U dl L R D,7,12,66,7,4,16,4
FS DR U dl R D L,7,12,66,7,4,12,3
FS DR U dl R L D,7,12,66,7,4,14,4
FS DR U L D dl R,7,12,66,7,4,14,3
FS DR U L dl D R,7,12,66,7,4,16,3
FS DR U L dl R D,7,12,66,7,4,14,3
FS U dl DR L D R,7,12,66,7,4,12,3
FS U dl DR L R D,7,12,66,7,4,14,4
FS U dl DR R D L,7,12,66,7,4,10,2
FS U dl DR R L D,7,12,66,7,4,12,4
FS U dl L DR D R,7,12,66,7,4,12,3
FS U dl L DR R D,7,12,66,7,4,12,3
FS U DR dl L D R,7,12,66,7,4,14,3
FS U DR dl L R D,7,12,66,7,4,16,4
FS U DR dl R D L,7,12,66,7,4,12,3
FS U DR dl R L D,7,12,66,7,4,14,4
FS U DR L D dl R,7,12,66,7,4,14,3
FS U DR L dl D R,7,12,66,7,4,16,3
FS U DR L dl R D,7,12,66,7,4,14,3
FS U L dl DR D R,7,12,66,7,4,12,3
FS U L dl DR R D,7,12,66,7,4,12,3
FS U L DR D dl R,7,12,66,7,4,12,3
FS U L DR dl D R,7,12,66,7,4,14,3
FS U L DR dl R D,7,12,66,7,4,12,3
U dl DR FS L D R,7,12,66,7,4,12,3
U dl DR FS L R D,7,12,66,7,4,14,4
U dl DR FS R D L,7,12,66,7,4,12,3
U dl DR FS R L D,7,12,66,7,4,14,4
U dl DR R FS D L,7,12,66,7,4,10,2
U dl DR R FS L D,7,12,66,7,4,10,2
U dl FS DR L D R,7,12,66,7,4,14,3
U dl FS DR L R D,7,12,66,7,4,16,4
U dl FS DR R D L,7,12,66,7,4,12,3
U dl FS DR R L D,7,12,66,7,4,14,4
U dl FS L DR D R,7,12,66,7,4,12,3
U dl FS L DR R D,7,12,66,7,4,12,3
U DR dl FS L D R,7,12,66,7,4,14,3
U DR dl FS L R D,7,12,66,7,4,16,4
U DR dl FS R D L,7,12,66,7,4,14,3
U DR dl FS R L D,7,12,66,7,4,16,4
U DR dl R FS D L,7,12,66,7,4,12,3
U DR dl R FS L D,7,12,66,7,4,12,3
U DR FS dl L D R,7,12,66,7,4,16,3
U DR FS dl L R D,7,12,66,7,4,18,4
U DR FS dl R D L,7,12,66,7,4,14,3
U DR FS dl R L D,7,12,66,7,4,16,4
U DR FS L D dl R,7,12,66,7,4,14,3
U DR FS L dl D R,7,12,66,7,4,16,3
U DR FS L dl R D,7,12,66,7,4,14,3
U FS dl DR L D R,7,12,66,7,4,14,3
U FS dl DR L R D,7,12,66,7,4,16,4
U FS dl DR R D L,7,12,66,7,4,12,3
U FS dl DR R L D,7,12,66,7,4,14,4
U FS dl L DR D R,7,12,66,7,4,14,3
U FS dl L DR R D,7,12,66,7,4,14,3
U FS DR dl L D R,7,12,66,7,4,14,3
U FS DR dl L R D,7,12,66,7,4,16,4
U FS DR dl R D L,7,12,66,7,4,12,3
U FS DR dl R L D,7,12,66,7,4,14,4
U FS DR L D dl R,7,12,66,7,4,14,3
U FS DR L dl D R,7,12,66,7,4,16,3
U FS DR L dl R D,7,12,66,7,4,14,3
U FS L dl DR D R,7,12,66,7,4,12,3
U FS L dl DR R D,7,12,66,7,4,12,3
U FS L DR D dl R,7,12,66,7,4,12,3
U FS L DR dl D R,7,12,66,7,4,14,3
U FS L DR dl R D,7,12,66,7,4,12,3
dl DR D L R FS U,2,11,66,8,4,13,4
dl DR D R FS L U,2,11,66,8,4,11,2
dl DR D R FS U L,2,11,66,8,4,11,2
dl DR D R L FS U,2,11,66,8,4,13,4
dl DR D R U FS L,2,11,66,8,4,11,2
dl DR FS L R D U,2,11,66,8,4,17,4
dl DR FS L R U D,2,11,66,8,4,17,4
dl DR FS R L D U,2,11,66,8,4,17,4
dl DR FS R L U D,2,11,66,8,4,17,4
dl DR L D R FS U,2,11,66,8,4,13,3
dl DR L FS R D U,2,11,66,8,4,15,4
dl DR L FS R U D,2,11,66,8,4,15,4
dl DR L R D FS U,2,11,66,8,4,15,4
dl DR L R FS D U,2,11,66,8,4,17,4
dl DR L R FS U D,2,11,66,8,4,17,4
dl DR L R U FS D,2,11,66,8,4,15,4
dl DR R D FS L U,2,11,66,8,4,11,2
dl DR R D FS U L,2,11,66,8,4,11,2
dl DR R D L FS U,2,11,66,8,4,11,2
dl DR R D U FS L,2,11,66,8,4,13,4
dl DR R FS L D U,2,11,66,8,4,13,4
dl DR R FS L U D,2,11,66,8,4,13,4
dl DR R L D FS U,2,11,66,8,4,13,4
dl DR R L FS D U,2,11,66,8,4,15,4
dl DR R L FS U D,2,11,66,8,4,15,4
dl DR R L U FS D,2,11,66,8,4,13,4
dl DR R U D FS L,2,11,66,8,4,13,4
dl DR R U L FS D,2,11,66,8,4,11,2
dl FS DR L R D U,2,11,66,8,4,19,4
dl FS DR L R U D,2,11,66,8,4,19,4
dl FS DR R L D U,2,11,66,8,4,17,4
dl FS DR R L U D,2,11,66,8,4,17,4
dl FS L DR R D U,2,11,66,8,4,15,4
dl FS L DR R U D,2,11,66,8,4,15,4
dl L DR D R FS U,2,11,66,8,4,13,3
dl L DR FS R D U,2,11,66,8,4,17,4
dl L DR FS R U D,2,11,66,8,4,17,4
dl L DR R D FS U,2,11,66,8,4,13,3
dl L DR R FS D U,2,11,66,8,4,15,4
dl L DR R FS U D,2,11,66,8,4,15,4
dl L DR R U FS D,2,11,66,8,4,13,3
dl L FS DR R D U,2,11,66,8,4,15,4
dl L FS DR R U D,2,11,66,8,4,15,4
DR D dl L R FS U,2,11,66,8,4,15,4
DR D dl R FS L U,2,11,66,8,4,11,3
DR D dl R FS U L,2,11,66,8,4,11,3
DR D dl R L FS U,2,11,66,8,4,13,4
DR D dl R U FS L,2,11,66,8,4,11,3
DR D L dl R FS U,2,11,66,8,4,11,3
DR D L R dl FS U,2,11,66,8,4,13,4
DR D L R FS dl U,2,11,66,8,4,13,4
DR D R dl FS L U,2,11,66,8,4,11,3
DR D R dl FS U L,2,11,66,8,4,11,3
DR D R dl L FS U,2,11,66,8,4,11,3
DR D R dl U FS L,2,11,66,8,4,9,2
DR D R FS dl L U,2,11,66,8,4,13,3
DR D R FS dl U L,2,11,66,8,4,11,3
DR D R FS L dl U,2,11,66,8,4,11,3
DR D R L dl FS U,2,11,66,8,4,15,4
DR D R L FS dl U,2,11,66,8,4,13,4
DR dl D L R FS U,2,11,66,8,4,15,4
DR dl D R FS L U,2,11,66,8,4,13,3
DR dl D R FS U L,2,11,66,8,4,13,3
DR dl D R L FS U,2,11,66,8,4,15,4
DR dl D R U FS L,2,11,66,8,4,13,3
DR dl FS L R D U,2,11,66,8,4,17,4
DR dl FS L R U D,2,11,66,8,4,17,4
DR dl FS R L D U,2,11,66,8,4,17,4
DR dl FS R L U D,2,11,66,8,4,17,4
DR dl L D R FS U,2,11,66,8,4,13,3
DR dl L FS R D U,2,11,66,8,4,15,4
DR dl L FS R U D,2,11,66,8,4,15,4
DR dl L R D FS U,2,11,66,8,4,15,4
DR dl L R FS D U,2,11,66,8,4,17,4
DR dl L R FS U D,2,11,66,8,4,17,4
DR dl L R U FS D,2,11,66,8,4,15,4
DR dl R D FS L U,2,11,66,8,4,11,2
DR dl R D FS U L,2,11,66,8,4,11,2
DR dl R D L FS U,2,11,66,8,4,11,2
DR dl R D U FS L,2,11,66,8,4,13,4
DR dl R FS L D U,2,11,66,8,4,13,4
DR dl R FS L U D,2,11,66,8,4,13,4
DR dl R L D FS U,2,11,66,8,4,13,4
DR dl R L FS D U,2,11,66,8,4,15,4
DR dl R L FS U D,2,11,66,8,4,15,4
DR dl R L U FS D,2,11,66,8,4,13,4
DR dl R U D FS L,2,11,66,8,4,13,4
DR dl R U L FS D,2,11,66,8,4,11,2
DR FS dl L R D U,2,11,66,8,4,19,4
DR FS dl L R U D,2,11,66,8,4,19,4
DR FS dl R L D U,2,11,66,8,4,17,4
DR FS dl R L U D,2,11,66,8,4,17,4
DR FS L dl R D U,2,11,66,8,4,15,4
DR FS L dl R U D,2,11,66,8,4,15,4
DR FS L R D dl U,2,11,66,8,4,15,4
DR FS L R dl D U,2,11,66,8,4,17,4
DR FS L R dl U D,2,11,66,8,4,15,4
DR FS L R U dl D,2,11,66,8,4,15,4
DR FS L U R dl D,2,11,66,8,4,13,3
DR FS R dl L D U,2,11,66,8,4,15,4
DR FS R dl L U D,2,11,66,8,4,15,4
DR FS R L D dl U,2,11,66,8,4,15,4
DR FS R L dl D U,2,11,66,8,4,19,4
DR FS R L dl U D,2,11,66,8,4,17,4
DR FS R L U dl D,2,11,66,8,4,15,4
DR L D dl R FS U,2,11,66,8,4,13,3
DR L D R dl FS U,2,11,66,8,4,13,3
DR L D R FS dl U,2,11,66,8,4,13,3
DR L dl D R FS U,2,11,66,8,4,15,3
DR L dl FS R D U,2,11,66,8,4,17,4
DR L dl FS R U D,2,11,66,8,4,17,4
DR L dl R D FS U,2,11,66,8,4,13,3
DR L dl R FS D U,2,11,66,8,4,15,4
DR L dl R FS U D,2,11,66,8,4,15,4
DR L dl R U FS D,2,11,66,8,4,13,3
DR L FS dl R D U,2,11,66,8,4,15,4
DR L FS dl R U D,2,11,66,8,4,15,4
DR L FS R D dl U,2,11,66,8,4,13,3
DR L FS R dl D U,2,11,66,8,4,15,4
DR L FS R dl U D,2,11,66,8,4,13,4
DR L FS R U dl D,2,11,66,8,4,13,3
DR L FS U R dl D,2,11,66,8,4,13,3
DR L R D dl FS U,2,11,66,8,4,17,4
DR L R D FS dl U,2,11,66,8,4,15,4
DR L R dl D FS U,2,11,66,8,4,15,4
DR L R dl FS D U,2,11,66,8,4,17,4
DR L R dl FS U D,2,11,66,8,4,17,4
DR L R dl U FS D,2,11,66,8,4,13,4
DR L R FS D dl U,2,11,66,8,4,15,4
DR L R FS dl D U,2,11,66,8,4,19,4
DR L R FS dl U D,2,11,66,8,4,17,4
DR L R FS U dl D,2,11,66,8,4,15,4
DR R D dl FS L U,2,11,66,8,4,13,3
DR R D dl FS U L,2,11,66,8,4,13,3
DR R D dl L FS U,2,11,66,8,4,13,3
DR R D dl U FS L,2,11,66,8,4,11,3
DR R D FS dl L U,2,11,66,8,4,13,3
DR R D FS dl U L,2,11,66,8,4,11,3
DR R D FS L dl U,2,11,66,8,4,11,3
DR R D L dl FS U,2,11,66,8,4,13,3
DR R D L FS dl U,2,11,66,8,4,11,3
DR R dl D FS L U,2,11,66,8,4,11,3
DR R dl D FS U L,2,11,66,8,4,11,3
DR R dl D L FS U,2,11,66,8,4,11,3
DR R dl D U FS L,2,11,66,8,4,13,4
DR R dl FS L D U,2,11,66,8,4,13,4
DR R dl FS L U D,2,11,66,8,4,13,4
DR R dl L D FS U,2,11,66,8,4,11,3
DR R dl L FS D U,2,11,66,8,4,13,4
DR R dl L FS U D,2,11,66,8,4,13,4
DR R dl L U FS D,2,11,66,8,4,11,3
DR R dl U D FS L,2,11,66,8,4,11,4
DR R dl U L FS D,2,11,66,8,4,9,2
DR R FS dl L D U,2,11,66,8,4,15,4
DR R FS dl L U D,2,11,66,8,4,15,4
DR R FS L D dl U,2,11,66,8,4,11,3
DR R FS L dl D U,2,11,66,8,4,15,4
DR R FS L dl U D,2,11,66,8,4,13,4
DR R FS L U dl D,2,11,66,8,4,11,3
DR R L D dl FS U,2,11,66,8,4,15,4
DR R L D FS dl U,2,11,66,8,4,13,4
DR R L dl D FS U,2,11,66,8,4,15,4
DR R L dl FS D U,2,11,66,8,4,17,4
DR R L dl FS U D,2,11,66,8,4,17,4
DR R L dl U FS D,2,11,66,8,4,13,4
DR R L FS D dl U,2,11,66,8,4,13,4
DR R L FS dl D U,2,11,66,8,4,17,4
DR R L FS dl U D,2,11,66,8,4,15,4
DR R L FS U dl D,2,11,66,8,4,13,4
FS dl DR L R D U,2,11,66,8,4,18,4
FS dl DR L R U D,2,11,66,8,4,18,4
FS dl DR R L D U,2,11,66,8,4,16,4
FS dl DR R L U D,2,11,66,8,4,16,4
FS dl L DR R D U,2,11,66,8,4,16,4
FS dl L DR R U D,2,11,66,8,4,16,4
FS DR dl L R D U,2,11,66,8,4,18,4
FS DR dl L R U D,2,11,66,8,4,18,4
FS DR dl R L D U,2,11,66,8,4,16,4
FS DR dl R L U D,2,11,66,8,4,16,4
FS DR L dl R D U,2,11,66,8,4,16,4
FS DR L dl R U D,2,11,66,8,4,16,4
FS DR L R D dl U,2,11,66,8,4,16,4
FS DR L R dl D U,2,11,66,8,4,18,4
FS DR L R dl U D,2,11,66,8,4,16,4
FS DR L R U dl D,2,11,66,8,4,16,4
FS DR L U R dl D,2,11,66,8,4,14,3
FS DR R dl L D U,2,11,66,8,4,14,4
FS DR R dl L U D,2,11,66,8,4,14,4
FS DR R L D dl U,2,11,66,8,4,14,4
FS DR R L dl D U,2,11,66,8,4,18,4
FS DR R L dl U D,2,11,66,8,4,16,4
FS DR R L U dl D,2,11,66,8,4,14,4
FS L dl DR R D U,2,11,66,8,4,14,4
FS L dl DR R U D,2,11,66,8,4,14,4
FS L DR dl R D U,2,11,66,8,4,14,4
FS L DR dl R U D,2,11,66,8,4,14,4
FS L DR R D dl U,2,11,66,8,4,12,3
FS L DR R dl D U,2,11,66,8,4,14,4
FS L DR R dl U D,2,11,66,8,4,12,4
FS L DR R U dl D,2,11,66,8,4,12,3
FS L DR U R dl D,2,11,66,8,4,14,3
FS L U DR R dl D,2,11,66,8,4,12,3
L dl DR D R FS U,2,11,66,8,4,12,3
L dl DR FS R D U,2,11,66,8,4,16,4
L dl DR FS R U D,2,11,66,8,4,16,4
L dl DR R D FS U,2,11,66,8,4,12,3
L dl DR R FS D U,2,11,66,8,4,14,4
L dl DR R FS U D,2,11,66,8,4,14,4
L dl DR R U FS D,2,11,66,8,4,12,3
L dl FS DR R D U,2,11,66,8,4,16,4
L dl FS DR R U D,2,11,66,8,4,16,4
L DR D dl R FS U,2,11,66,8,4,12,3
L DR D R dl FS U,2,11,66,8,4,12,3
L DR D R FS dl U,2,11,66,8,4,12,3
L DR dl D R FS U,2,11,66,8,4,14,3
L DR dl FS R D U,2,11,66,8,4,16,4
L DR dl FS R U D,2,11,66,8,4,16,4
L DR dl R D FS U,2,11,66,8,4,12,3
L DR dl R FS D U,2,11,66,8,4,14,4
L DR dl R FS U D,2,11,66,8,4,14,4
L DR dl R U FS D,2,11,66,8,4,12,3
L DR FS dl R D U,2,11,66,8,4,16,4
L DR FS dl R U D,2,11,66,8,4,16,4
L DR FS R D dl U,2,11,66,8,4,14,3
L DR FS R dl D U,2,11,66,8,4,16,4
L DR FS R dl U D,2,11,66,8,4,14,4
L DR FS R U dl D,2,11,66,8,4,14,3
L DR FS U R dl D,2,11,66,8,4,14,3
L DR R D dl FS U,2,11,66,8,4,14,3
L DR R D FS dl U,2,11,66,8,4,12,3
L DR R dl D FS U,2,11,66,8,4,12,3
L DR R dl FS D U,2,11,66,8,4,14,4
L DR R dl FS U D,2,11,66,8,4,14,4
L DR R dl U FS D,2,11,66,8,4,10,3
L DR R FS D dl U,2,11,66,8,4,12,3
L DR R FS dl D U,2,11,66,8,4,16,4
L DR R FS dl U D,2,11,66,8,4,14,4
L DR R FS U dl D,2,11,66,8,4,12,3
L FS dl DR R D U,2,11,66,8,4,14,4
L FS dl DR R U D,2,11,66,8,4,14,4
L FS DR dl R D U,2,11,66,8,4,14,4
L FS DR dl R U D,2,11,66,8,4,14,4
L FS DR R D dl U,2,11,66,8,4,12,3
L FS DR R dl D U,2,11,66,8,4,14,4
L FS DR R dl U D,2,11,66,8,4,12,4
L FS DR R U dl D,2,11,66,8,4,12,3
L FS DR U R dl D,2,11,66,8,4,14,3
L FS U DR R dl D,2,11,66,8,4,12,3
D dl DR L R FS U,2,12,67,8,4,16,4
D dl DR R FS L U,2,12,67,8,4,12,3
D dl DR R FS U L,2,12,67,8,4,12,3
D dl DR R L FS U,2,12,67,8,4,14,4
D dl DR R U FS L,2,12,67,8,4,12,3
D dl R DR FS L U,2,12,67,8,4,12,3
D dl R DR FS U L,2,12,67,8,4,12,3
D dl R DR L FS U,2,12,67,8,4,12,3
D dl R DR U FS L,2,12,67,8,4,12,3
D DR dl L R FS U,2,12,67,8,4,14,4
D DR dl R FS L U,2,12,67,8,4,10,2
D DR dl R FS U L,2,12,67,8,4,10,2
D DR dl R L FS U,2,12,67,8,4,12,4
D DR dl R U FS L,2,12,67,8,4,10,2
D DR L dl R FS U,2,12,67,8,4,12,3
D DR L R dl FS U,2,12,67,8,4,14,4
D DR L R FS dl U,2,12,67,8,4,14,4
D DR R dl FS L U,2,12,67,8,4,10,3
D DR R dl FS U L,2,12,67,8,4,10,3
D DR R dl L FS U,2,12,67,8,4,10,3
D DR R dl U FS L,2,12,67,8,4,8,2
D DR R FS dl L U,2,12,67,8,4,12,3
D DR R FS dl U L,2,12,67,8,4,10,3
D DR R FS L dl U,2,12,67,8,4,10,3
D DR R L dl FS U,2,12,67,8,4,14,4
D DR R L FS dl U,2,12,67,8,4,12,4
D R dl DR FS L U,2,12,67,8,4,12,3
D R dl DR FS U L,2,12,67,8,4,12,3
D R dl DR L FS U,2,12,67,8,4,12,3
D R dl DR U FS L,2,12,67,8,4,12,3
D R DR dl FS L U,2,12,67,8,4,12,3
D R DR dl FS U L,2,12,67,8,4,12,3
D R DR dl L FS U,2,12,67,8,4,12,3
D R DR dl U FS L,2,12,67,8,4,10,2
D R DR FS dl L U,2,12,67,8,4,14,3
D R DR FS dl U L,2,12,67,8,4,12,3
D R DR FS L dl U,2,12,67,8,4,12,3
D R DR L dl FS U,2,12,67,8,4,14,3
D R DR L FS dl U,2,12,67,8,4,12,3
dl D DR L R FS U,2,12,67,8,4,15,4
dl D DR R FS L U,2,12,67,8,4,11,3
dl D DR R FS U L,2,12,67,8,4,11,3
dl D DR R L FS U,2,12,67,8,4,13,4
dl D DR R U FS L,2,12,67,8,4,11,3
dl D R DR FS L U,2,12,67,8,4,13,3
dl D R DR FS U L,2,12,67,8,4,13,3
dl D R DR L FS U,2,12,67,8,4,13,3
dl D R DR U FS L,2,12,67,8,4,13,3
dl FS R U DR D L,7,12,68,7,4,13,3
dl FS R U DR L D,7,12,68,7,4,15,3
dl FS R U L DR D,7,12,68,7,4,13,3
dl FS U L R DR D,7,12,68,7,4,13,4
dl FS U R DR D L,7,12,68,7,4,11,3
dl FS U R DR L D,7,12,68,7,4,13,3
dl FS U R L DR D,7,12,68,7,4,15,4
dl R FS U DR D L,7,12,68,7,4,11,3
dl R FS U DR L D,7,12,68,7,4,13,3
dl R FS U L DR D,7,12,68,7,4,11,3
dl R U DR FS D L,7,12,68,7,4,13,3
dl R U DR FS L D,7,12,68,7,4,13,3
dl R U FS DR D L,7,12,68,7,4,11,3
dl R U FS DR L D,7,12,68,7,4,13,3
dl R U FS L DR D,7,12,68,7,4,11,3
dl U FS L R DR D,7,12,68,7,4,11,4
dl U FS R DR D L,7,12,68,7,4,9,2
dl U FS R DR L D,7,12,68,7,4,11,3
dl U FS R L DR D,7,12,68,7,4,13,4
dl U R DR FS D L,7,12,68,7,4,11,3
dl U R DR FS L D,7,12,68,7,4,11,3
dl U R FS DR D L,7,12,68,7,4,11,3
dl U R FS DR L D,7,12,68,7,4,13,3
dl U R FS L DR D,7,12,68,7,4,11,3
FS dl R U DR D L,7,12,68,7,4,12,3
FS dl R U DR L D,7,12,68,7,4,14,3
FS dl R U L DR D,7,12,68,7,4,12,3
FS dl U L R DR D,7,12,68,7,4,12,4
FS dl U R DR D L,7,12,68,7,4,10,3
FS dl U R DR L D,7,12,68,7,4,12,3
FS dl U R L DR D,7,12,68,7,4,14,4
FS R dl U DR D L,7,12,68,7,4,10,3
FS R dl U DR L D,7,12,68,7,4,12,3
FS R dl U L DR D,7,12,68,7,4,10,3
FS R U dl DR D L,7,12,68,7,4,10,2
FS R U dl DR L D,7,12,68,7,4,12,3
FS R U dl L DR D,7,12,68,7,4,12,3
FS R U L dl DR D,7,12,68,7,4,12,3
FS U dl L R DR D,7,12,68,7,4,12,4
FS U dl R DR D L,7,12,68,7,4,8,2
FS U dl R DR L D,7,12,68,7,4,10,3
FS U dl R L DR D,7,12,68,7,4,12,4
FS U L dl R DR D,7,12,68,7,4,10,3
FS U L R dl DR D,7,12,68,7,4,12,4
FS U R dl DR D L,7,12,68,7,4,10,2
FS U R dl DR L D,7,12,68,7,4,12,3
FS U R dl L DR D,7,12,68,7,4,12,3
FS U R L dl DR D,7,12,68,7,4,14,4
R dl FS U DR D L,7,12,68,7,4,12,3
R dl FS U DR L D,7,12,68,7,4,14,3
R dl FS U L DR D,7,12,68,7,4,12,3
R dl U DR FS D L,7,12,68,7,4,12,3
R dl U DR FS L D,7,12,68,7,4,12,3
R dl U FS DR D L,7,12,68,7,4,10,3
R dl U FS DR L D,7,12,68,7,4,12,3
R dl U FS L DR D,7,12,68,7,4,10,3
R FS dl U DR D L,7,12,68,7,4,12,3
R FS dl U DR L D,7,12,68,7,4,14,3
R FS dl U L DR D,7,12,68,7,4,12,3
R FS U dl DR D L,7,12,68,7,4,10,2
R FS U dl DR L D,7,12,68,7,4,12,3
R FS U dl L DR D,7,12,68,7,4,12,3
R FS U L dl DR D,7,12,68,7,4,12,3
R U dl DR FS D L,7,12,68,7,4,12,3
R U dl DR FS L D,7,12,68,7,4,12,3
R U dl FS DR D L,7,12,68,7,4,12,3
R U dl FS DR L D,7,12,68,7,4,14,3
R U dl FS L DR D,7,12,68,7,4,12,3
R U FS dl DR D L,7,12,68,7,4,12,3
R U FS dl DR L D,7,12,68,7,4,14,3
R U FS dl L DR D,7,12,68,7,4,14,3
R U FS L dl DR D,7,12,68,7,4,12,3
U dl FS L R DR D,7,12,68,7,4,12,4
U dl FS R DR D L,7,12,68,7,4,10,3
U dl FS R DR L D,7,12,68,7,4,12,3
U dl FS R L DR D,7,12,68,7,4,14,4
U dl R DR FS D L,7,12,68,7,4,10,3
U dl R DR FS L D,7,12,68,7,4,10,3
U dl R FS DR D L,7,12,68,7,4,10,3
U dl R FS DR L D,7,12,68,7,4,12,3
U dl R FS L DR D,7,12,68,7,4,10,3
U FS dl L R DR D,7,12,68,7,4,14,4
U FS dl R DR D L,7,12,68,7,4,10,3
U FS dl R DR L D,7,12,68,7,4,12,3
U FS dl R L DR D,7,12,68,7,4,14,4
U FS L dl R DR D,7,12,68,7,4,10,3
U FS L R dl DR D,7,12,68,7,4,12,4
U FS R dl DR D L,7,12,68,7,4,10,2
U FS R dl DR L D,7,12,68,7,4,12,3
U FS R dl L DR D,7,12,68,7,4,12,3
U FS R L dl DR D,7,12,68,7,4,14,4
U R dl DR FS D L,7,12,68,7,4,12,3
U R dl DR FS L D,7,12,68,7,4,12,3
U R dl FS DR D L,7,12,68,7,4,12,3
U R dl FS DR L D,7,12,68,7,4,14,3
U R dl FS L DR D,7,12,68,7,4,12,3
U R FS dl DR D L,7,12,68,7,4,12,3
U R FS dl DR L D,7,12,68,7,4,14,3
U R FS dl L DR D,7,12,68,7,4,14,3
U R FS L dl DR D,7,12,68,7,4,12,3
dl DR D FS U L R,2,12,68,8,4,13,4
dl DR D FS U R L,2,12,68,8,4,13,4
dl DR D L U FS R,2,12,68,8,4,11,2
dl DR D U FS L R,2,12,68,8,4,15,4
dl DR D U FS R L,2,12,68,8,4,15,4
dl DR D U L FS R,2,12,68,8,4,13,4
dl DR D U R FS L,2,12,68,8,4,13,4
dl DR FS D U L R,2,12,68,8,4,17,4
dl DR FS D U R L,2,12,68,8,4,17,4
dl DR FS U D L R,2,12,68,8,4,17,4
dl DR FS U D R L,2,12,68,8,4,17,4
dl DR L D U FS R,2,12,68,8,4,15,4
dl DR L U D FS R,2,12,68,8,4,15,4
dl DR L U FS D R,2,12,68,8,4,13,3
dl DR L U FS R D,2,12,68,8,4,13,3
dl DR L U R FS D,2,12,68,8,4,13,3
dl DR U D FS L R,2,12,68,8,4,17,4
dl DR U D FS R L,2,12,68,8,4,17,4
dl DR U D L FS R,2,12,68,8,4,15,4
dl DR U D R FS L,2,12,68,8,4,15,4
dl DR U FS D L R,2,12,68,8,4,15,4
dl DR U FS D R L,2,12,68,8,4,15,4
dl DR U L D FS R,2,12,68,8,4,13,3
dl DR U L FS D R,2,12,68,8,4,13,3
dl DR U L FS R D,2,12,68,8,4,13,3
dl DR U L R FS D,2,12,68,8,4,15,4
dl DR U R D FS L,2,12,68,8,4,13,3
dl DR U R L FS D,2,12,68,8,4,15,4
dl FS DR D U L R,2,12,68,8,4,17,4
dl FS DR D U R L,2,12,68,8,4,17,4
dl FS DR U D L R,2,12,68,8,4,19,4
dl FS DR U D R L,2,12,68,8,4,19,4
dl FS U DR D L R,2,12,68,8,4,15,4
dl FS U DR D R L,2,12,68,8,4,15,4
dl L DR D U FS R,2,12,68,8,4,15,4
dl L DR U D FS R,2,12,68,8,4,17,4
dl L DR U FS D R,2,12,68,8,4,15,3
dl L DR U FS R D,2,12,68,8,4,15,3
dl L DR U R FS D,2,12,68,8,4,15,3
dl L U DR D FS R,2,12,68,8,4,13,3
dl L U DR FS D R,2,12,68,8,4,15,3
dl L U DR FS R D,2,12,68,8,4,15,3
dl L U DR R FS D,2,12,68,8,4,13,3
dl L U FS DR D R,2,12,68,8,4,13,3
dl L U FS DR R D,2,12,68,8,4,13,3
dl U DR D FS L R,2,12,68,8,4,13,4
dl U DR D FS R L,2,12,68,8,4,13,4
dl U DR D L FS R,2,12,68,8,4,11,3
dl U DR D R FS L,2,12,68,8,4,11,3
dl U DR FS D L R,2,12,68,8,4,15,4
dl U DR FS D R L,2,12,68,8,4,15,4
dl U DR L D FS R,2,12,68,8,4,13,3
dl U DR L FS D R,2,12,68,8,4,13,3
dl U DR L FS R D,2,12,68,8,4,13,3
dl U DR L R FS D,2,12,68,8,4,15,4
dl U DR R D FS L,2,12,68,8,4,11,3
dl U DR R L FS D,2,12,68,8,4,13,4
dl U FS DR D L R,2,12,68,8,4,13,4
dl U FS DR D R L,2,12,68,8,4,13,4
dl U L DR D FS R,2,12,68,8,4,11,3
dl U L DR FS D R,2,12,68,8,4,13,3
dl U L DR FS R D,2,12,68,8,4,13,3
dl U L DR R FS D,2,12,68,8,4,11,3
dl U L FS DR D R,2,12,68,8,4,11,3
dl U L FS DR R D,2,12,68,8,4,11,3
DR D dl FS U L R,2,12,68,8,4,15,4
DR D dl FS U R L,2,12,68,8,4,15,4
DR D dl L U FS R,2,12,68,8,4,13,3
DR D dl U FS L R,2,12,68,8,4,13,4
DR D dl U FS R L,2,12,68,8,4,13,4
DR D dl U L FS R,2,12,68,8,4,11,3
DR D dl U R FS L,2,12,68,8,4,11,3
DR D FS dl U L R,2,12,68,8,4,13,4
DR D FS dl U R L,2,12,68,8,4,13,4
DR D FS R U dl L,2,12,68,8,4,11,3
DR D FS U dl L R,2,12,68,8,4,13,4
DR D FS U dl R L,2,12,68,8,4,11,4
DR D FS U L dl R,2,12,68,8,4,11,3
DR D FS U R dl L,2,12,68,8,4,11,3
DR D L dl U FS R,2,12,68,8,4,11,3
DR D L U dl FS R,2,12,68,8,4,11,3
DR D L U FS dl R,2,12,68,8,4,11,3
DR D U dl FS L R,2,12,68,8,4,15,4
DR D U dl FS R L,2,12,68,8,4,15,4
DR D U dl L FS R,2,12,68,8,4,13,4
DR D U dl R FS L,2,12,68,8,4,11,4
DR D U FS dl L R,2,12,68,8,4,17,4
DR D U FS dl R L,2,12,68,8,4,15,4
DR D U FS L dl R,2,12,68,8,4,13,4
DR D U FS R dl L,2,12,68,8,4,13,4
DR D U L dl FS R,2,12,68,8,4,15,4
DR D U L FS dl R,2,12,68,8,4,13,4
DR dl D FS U L R,2,12,68,8,4,15,4
DR dl D FS U R L,2,12,68,8,4,15,4
DR dl D L U FS R,2,12,68,8,4,13,3
DR dl D U FS L R,2,12,68,8,4,17,4
DR dl D U FS R L,2,12,68,8,4,17,4
DR dl D U L FS R,2,12,68,8,4,15,4
DR dl D U R FS L,2,12,68,8,4,15,4
DR dl FS D U L R,2,12,68,8,4,17,4
DR dl FS D U R L,2,12,68,8,4,17,4
DR dl FS U D L R,2,12,68,8,4,17,4
DR dl FS U D R L,2,12,68,8,4,17,4
DR dl L D U FS R,2,12,68,8,4,15,4
DR dl L U D FS R,2,12,68,8,4,15,4
DR dl L U FS D R,2,12,68,8,4,13,3
DR dl L U FS R D,2,12,68,8,4,13,3
DR dl L U R FS D,2,12,68,8,4,13,3
DR dl U D FS L R,2,12,68,8,4,15,4
DR dl U D FS R L,2,12,68,8,4,15,4
DR dl U D L FS R,2,12,68,8,4,13,4
DR dl U D R FS L,2,12,68,8,4,13,4
DR dl U FS D L R,2,12,68,8,4,13,4
DR dl U FS D R L,2,12,68,8,4,13,4
DR dl U L D FS R,2,12,68,8,4,11,2
DR dl U L FS D R,2,12,68,8,4,11,2
DR dl U L FS R D,2,12,68,8,4,11,2
DR dl U L R FS D,2,12,68,8,4,13,4
DR dl U R D FS L,2,12,68,8,4,11,2
DR dl U R L FS D,2,12,68,8,4,13,4
DR FS D dl U L R,2,12,68,8,4,15,4
DR FS D dl U R L,2,12,68,8,4,15,4
DR FS D R U dl L,2,12,68,8,4,13,3
DR FS D U dl L R,2,12,68,8,4,17,4
DR FS D U dl R L,2,12,68,8,4,15,4
DR FS D U L dl R,2,12,68,8,4,15,4
DR FS D U R dl L,2,12,68,8,4,15,4
DR FS dl D U L R,2,12,68,8,4,19,4
DR FS dl D U R L,2,12,68,8,4,19,4
DR FS dl U D L R,2,12,68,8,4,17,4
DR FS dl U D R L,2,12,68,8,4,17,4
DR FS U D dl L R,2,12,68,8,4,19,4
DR FS U D dl R L,2,12,68,8,4,17,4
DR FS U D L dl R,2,12,68,8,4,15,4
DR FS U D R dl L,2,12,68,8,4,15,4
DR FS U dl D L R,2,12,68,8,4,15,4
DR FS U dl D R L,2,12,68,8,4,15,4
DR L D dl U FS R,2,12,68,8,4,13,3
DR L D U dl FS R,2,12,68,8,4,15,4
DR L D U FS dl R,2,12,68,8,4,15,4
DR L dl D U FS R,2,12,68,8,4,17,4
DR L dl U D FS R,2,12,68,8,4,15,4
DR L dl U FS D R,2,12,68,8,4,13,3
DR L dl U FS R D,2,12,68,8,4,13,3
DR L dl U R FS D,2,12,68,8,4,13,3
DR L U D dl FS R,2,12,68,8,4,17,4
DR L U D FS dl R,2,12,68,8,4,15,4
DR L U dl D FS R,2,12,68,8,4,13,3
DR L U dl FS D R,2,12,68,8,4,13,3
DR L U dl FS R D,2,12,68,8,4,13,3
DR L U dl R FS D,2,12,68,8,4,11,3
DR L U FS D dl R,2,12,68,8,4,13,3
DR L U FS dl D R,2,12,68,8,4,15,3
DR L U FS dl R D,2,12,68,8,4,13,3
DR U D dl FS L R,2,12,68,8,4,19,4
DR U D dl FS R L,2,12,68,8,4,19,4
DR U D dl L FS R,2,12,68,8,4,17,4
DR U D dl R FS L,2,12,68,8,4,15,4
DR U D FS dl L R,2,12,68,8,4,19,4
DR U D FS dl R L,2,12,68,8,4,17,4
DR U D FS L dl R,2,12,68,8,4,15,4
DR U D FS R dl L,2,12,68,8,4,15,4
DR U D L dl FS R,2,12,68,8,4,17,4
DR U D L FS dl R,2,12,68,8,4,15,4
DR U dl D FS L R,2,12,68,8,4,15,4
DR U dl D FS R L,2,12,68,8,4,15,4
DR U dl D L FS R,2,12,68,8,4,13,3
DR U dl D R FS L,2,12,68,8,4,13,3
DR U dl FS D L R,2,12,68,8,4,15,4
DR U dl FS D R L,2,12,68,8,4,15,4
DR U dl L D FS R,2,12,68,8,4,13,3
DR U dl L FS D R,2,12,68,8,4,13,3
DR U dl L FS R D,2,12,68,8,4,13,3
DR U dl L R FS D,2,12,68,8,4,15,4
DR U dl R D FS L,2,12,68,8,4,11,3
DR U dl R L FS D,2,12,68,8,4,13,4
DR U FS D dl L R,2,12,68,8,4,17,4
DR U FS D dl R L,2,12,68,8,4,15,4
DR U FS D L dl R,2,12,68,8,4,13,3
DR U FS D R dl L,2,12,68,8,4,13,3
DR U FS dl D L R,2,12,68,8,4,17,4
DR U FS dl D R L,2,12,68,8,4,17,4
DR U L D dl FS R,2,12,68,8,4,15,3
DR U L D FS dl R,2,12,68,8,4,13,3
DR U L dl D FS R,2,12,68,8,4,15,3
DR U L dl FS D R,2,12,68,8,4,15,3
DR U L dl FS R D,2,12,68,8,4,15,3
DR U L dl R FS D,2,12,68,8,4,13,3
DR U L FS D dl R,2,12,68,8,4,13,3
DR U L FS dl D R,2,12,68,8,4,15,3
DR U L FS dl R D,2,12,68,8,4,13,3
FS dl DR D U L R,2,12,68,8,4,16,4
FS dl DR D U R L,2,12,68,8,4,16,4
FS dl DR U D L R,2,12,68,8,4,18,4
FS dl DR U D R L,2,12,68,8,4,18,4
FS dl U DR D L R,2,12,68,8,4,14,4
FS dl U DR D R L,2,12,68,8,4,14,4
FS DR D dl U L R,2,12,68,8,4,14,4
FS DR D dl U R L,2,12,68,8,4,14,4
FS DR D R U dl L,2,12,68,8,4,12,3
FS DR D U dl L R,2,12,68,8,4,16,4
FS DR D U dl R L,2,12,68,8,4,14,4
FS DR D U L dl R,2,12,68,8,4,14,4
FS DR D U R dl L,2,12,68,8,4,14,4
FS DR dl D U L R,2,12,68,8,4,18,4
FS DR dl D U R L,2,12,68,8,4,18,4
FS DR dl U D L R,2,12,68,8,4,16,4
FS DR dl U D R L,2,12,68,8,4,16,4
FS DR U D dl L R,2,12,68,8,4,20,4
FS DR U D dl R L,2,12,68,8,4,18,4
FS DR U D L dl R,2,12,68,8,4,16,4
FS DR U D R dl L,2,12,68,8,4,16,4
FS DR U dl D L R,2,12,68,8,4,16,4
FS DR U dl D R L,2,12,68,8,4,16,4
FS U dl DR D L R,2,12,68,8,4,12,4
FS U dl DR D R L,2,12,68,8,4,12,4
FS U DR D dl L R,2,12,68,8,4,16,4
FS U DR D dl R L,2,12,68,8,4,14,4
FS U DR D L dl R,2,12,68,8,4,12,3
FS U DR D R dl L,2,12,68,8,4,12,3
FS U DR dl D L R,2,12,68,8,4,16,4
FS U DR dl D R L,2,12,68,8,4,16,4
L dl DR D U FS R,2,12,68,8,4,14,4
L dl DR U D FS R,2,12,68,8,4,16,4
L dl DR U FS D R,2,12,68,8,4,14,3
L dl DR U FS R D,2,12,68,8,4,14,3
L dl DR U R FS D,2,12,68,8,4,14,3
L dl U DR D FS R,2,12,68,8,4,12,3
L dl U DR FS D R,2,12,68,8,4,14,3
L dl U DR FS R D,2,12,68,8,4,14,3
L dl U DR R FS D,2,12,68,8,4,12,3
L dl U FS DR D R,2,12,68,8,4,12,3
L dl U FS DR R D,2,12,68,8,4,12,3
L DR D dl U FS R,2,12,68,8,4,12,3
L DR D U dl FS R,2,12,68,8,4,14,4
L DR D U FS dl R,2,12,68,8,4,14,4
L DR dl D U FS R,2,12,68,8,4,16,4
L DR dl U D FS R,2,12,68,8,4,14,4
L DR dl U FS D R,2,12,68,8,4,12,3
L DR dl U FS R D,2,12,68,8,4,12,3
L DR dl U R FS D,2,12,68,8,4,12,3
L DR U D dl FS R,2,12,68,8,4,18,4
L DR U D FS dl R,2,12,68,8,4,16,4
L DR U dl D FS R,2,12,68,8,4,14,3
L DR U dl FS D R,2,12,68,8,4,14,3
L DR U dl FS R D,2,12,68,8,4,14,3
L DR U dl R FS D,2,12,68,8,4,12,3
L DR U FS D dl R,2,12,68,8,4,14,3
L DR U FS dl D R,2,12,68,8,4,16,3
L DR U FS dl R D,2,12,68,8,4,14,3
L U dl DR D FS R,2,12,68,8,4,10,2
L U dl DR FS D R,2,12,68,8,4,12,3
L U dl DR FS R D,2,12,68,8,4,12,3
L U dl DR R FS D,2,12,68,8,4,10,2
L U dl FS DR D R,2,12,68,8,4,12,3
L U dl FS DR R D,2,12,68,8,4,12,3
L U DR D dl FS R,2,12,68,8,4,14,3
L U DR D FS dl R,2,12,68,8,4,12,3
L U DR dl D FS R,2,12,68,8,4,14,3
L U DR dl FS D R,2,12,68,8,4,14,3
L U DR dl FS R D,2,12,68,8,4,14,3
L U DR dl R FS D,2,12,68,8,4,12,3
L U DR FS D dl R,2,12,68,8,4,14,3
L U DR FS dl D R,2,12,68,8,4,16,3
L U DR FS dl R D,2,12,68,8,4,14,3
L U FS dl DR D R,2,12,68,8,4,12,3
L U FS dl DR R D,2,12,68,8,4,12,3
L U FS DR D dl R,2,12,68,8,4,12,3
L U FS DR dl D R,2,12,68,8,4,14,3
L U FS DR dl R D,2,12,68,8,4,12,3
U dl DR D FS L R,2,12,68,8,4,12,4
U dl DR D FS R L,2,12,68,8,4,12,4
U dl DR D L FS R,2,12,68,8,4,10,2
U dl DR D R FS L,2,12,68,8,4,10,2
U dl DR FS D L R,2,12,68,8,4,14,4
U dl DR FS D R L,2,12,68,8,4,14,4
U dl DR L D FS R,2,12,68,8,4,12,3
U dl DR L FS D R,2,12,68,8,4,12,3
U dl DR L FS R D,2,12,68,8,4,12,3
U dl DR L R FS D,2,12,68,8,4,14,4
U dl DR R D FS L,2,12,68,8,4,10,2
U dl DR R L FS D,2,12,68,8,4,12,4
U dl FS DR D L R,2,12,68,8,4,14,4
U dl FS DR D R L,2,12,68,8,4,14,4
U dl L DR D FS R,2,12,68,8,4,12,3
U dl L DR FS D R,2,12,68,8,4,14,3
U dl L DR FS R D,2,12,68,8,4,14,3
U dl L DR R FS D,2,12,68,8,4,12,3
U dl L FS DR D R,2,12,68,8,4,12,3
U dl L FS DR R D,2,12,68,8,4,12,3
U DR D dl FS L R,2,12,68,8,4,16,4
U DR D dl FS R L,2,12,68,8,4,16,4
U DR D dl L FS R,2,12,68,8,4,14,3
U DR D dl R FS L,2,12,68,8,4,12,3
U DR D FS dl L R,2,12,68,8,4,16,4
U DR D FS dl R L,2,12,68,8,4,14,4
U DR D FS L dl R,2,12,68,8,4,12,3
U DR D FS R dl L,2,12,68,8,4,12,3
U DR D L dl FS R,2,12,68,8,4,14,3
U DR D L FS dl R,2,12,68,8,4,12,3
U DR dl D FS L R,2,12,68,8,4,16,4
U DR dl D FS R L,2,12,68,8,4,16,4
U DR dl D L FS R,2,12,68,8,4,14,3
U DR dl D R FS L,2,12,68,8,4,14,3
U DR dl FS D L R,2,12,68,8,4,16,4
U DR dl FS D R L,2,12,68,8,4,16,4
U DR dl L D FS R,2,12,68,8,4,14,3
U DR dl L FS D R,2,12,68,8,4,14,3
U DR dl L FS R D,2,12,68,8,4,14,3
U DR dl L R FS D,2,12,68,8,4,16,4
U DR dl R D FS L,2,12,68,8,4,12,3
U DR dl R L FS D,2,12,68,8,4,14,4
U DR FS D dl L R,2,12,68,8,4,18,4
U DR FS D dl R L,2,12,68,8,4,16,4
U DR FS D L dl R,2,12,68,8,4,14,3
U DR FS D R dl L,2,12,68,8,4,14,3
U DR FS dl D L R,2,12,68,8,4,18,4
U DR FS dl D R L,2,12,68,8,4,18,4
U DR L D dl FS R,2,12,68,8,4,16,3
U DR L D FS dl R,2,12,68,8,4,14,3
U DR L dl D FS R,2,12,68,8,4,16,3
U DR L dl FS D R,2,12,68,8,4,16,3
U DR L dl FS R D,2,12,68,8,4,16,3
U DR L dl R FS D,2,12,68,8,4,14,3
U DR L FS D dl R,2,12,68,8,4,14,3
U DR L FS dl D R,2,12,68,8,4,16,3
U DR L FS dl R D,2,12,68,8,4,14,3
U FS dl DR D L R,2,12,68,8,4,14,4
U FS dl DR D R L,2,12,68,8,4,14,4
U FS DR D dl L R,2,12,68,8,4,16,4
U FS DR D dl R L,2,12,68,8,4,14,4
U FS DR D L dl R,2,12,68,8,4,12,3
U FS DR D R dl L,2,12,68,8,4,12,3
U FS DR dl D L R,2,12,68,8,4,16,4
U FS DR dl D R L,2,12,68,8,4,16,4
U L dl DR D FS R,2,12,68,8,4,12,3
U L dl DR FS D R,2,12,68,8,4,14,3
U L dl DR FS R D,2,12,68,8,4,14,3
U L dl DR R FS D,2,12,68,8,4,12,3
U L dl FS DR D R,2,12,68,8,4,14,3
U L dl FS DR R D,2,12,68,8,4,14,3
U L DR D dl FS R,2,12,68,8,4,14,3
U L DR D FS dl R,2,12,68,8,4,12,3
U L DR dl D FS R,2,12,68,8,4,14,3
U L DR dl FS D R,2,12,68,8,4,14,3
U L DR dl FS R D,2,12,68,8,4,14,3
U L DR dl R FS D,2,12,68,8,4,12,3
U L DR FS D dl R,2,12,68,8,4,14,3
U L DR FS dl D R,2,12,68,8,4,16,3
U L DR FS dl R D,2,12,68,8,4,14,3
U L FS dl DR D R,2,12,68,8,4,12,3
U L FS dl DR R D,2,12,68,8,4,12,3
U L FS DR D dl R,2,12,68,8,4,12,3
U L FS DR dl D R,2,12,68,8,4,14,3
U L FS DR dl R D,2,12,68,8,4,12,3
D dl DR FS U L R,2,12,69,8,4,16,4
D dl DR FS U R L,2,12,69,8,4,16,4
D dl DR L U FS R,2,12,69,8,4,14,3
D dl DR U FS L R,2,12,69,8,4,16,4
D dl DR U FS R L,2,12,69,8,4,16,4
D dl DR U L FS R,2,12,69,8,4,14,3
D dl DR U R FS L,2,12,69,8,4,14,3
D dl FS DR U L R,2,12,69,8,4,18,4
D dl FS DR U R L,2,12,69,8,4,18,4
D dl FS U DR L R,2,12,69,8,4,18,4
D dl FS U DR R L,2,12,69,8,4,16,4
D dl U DR FS L R,2,12,69,8,4,16,4
D dl U DR FS R L,2,12,69,8,4,16,4
D dl U DR L FS R,2,12,69,8,4,14,3
D dl U DR R FS L,2,12,69,8,4,12,3
D dl U FS DR L R,2,12,69,8,4,16,4
D dl U FS DR R L,2,12,69,8,4,14,4
D DR dl FS U L R,2,12,69,8,4,14,4
D DR dl FS U R L,2,12,69,8,4,14,4
D DR dl L U FS R,2,12,69,8,4,12,3
D DR dl U FS L R,2,12,69,8,4,12,4
D DR dl U FS R L,2,12,69,8,4,12,4
D DR dl U L FS R,2,12,69,8,4,10,2
D DR dl U R FS L,2,12,69,8,4,10,2
D DR FS dl U L R,2,12,69,8,4,14,4
D DR FS dl U R L,2,12,69,8,4,14,4
D DR FS R U dl L,2,12,69,8,4,12,3
D DR FS U dl L R,2,12,69,8,4,14,4
D DR FS U dl R L,2,12,69,8,4,12,4
D DR FS U L dl R,2,12,69,8,4,12,3
D DR FS U R dl L,2,12,69,8,4,12,3
D DR L dl U FS R,2,12,69,8,4,12,3
D DR L U dl FS R,2,12,69,8,4,12,3
D DR L U FS dl R,2,12,69,8,4,12,3
D DR U dl FS L R,2,12,69,8,4,14,4
D DR U dl FS R L,2,12,69,8,4,14,4
D DR U dl L FS R,2,12,69,8,4,12,3
D DR U dl R FS L,2,12,69,8,4,10,3
D DR U FS dl L R,2,12,69,8,4,16,4
D DR U FS dl R L,2,12,69,8,4,14,4
D DR U FS L dl R,2,12,69,8,4,12,3
D DR U FS R dl L,2,12,69,8,4,12,3
D DR U L dl FS R,2,12,69,8,4,14,3
D DR U L FS dl R,2,12,69,8,4,12,3
D FS dl DR U L R,2,12,69,8,4,16,4
D FS dl DR U R L,2,12,69,8,4,16,4
D FS dl U DR L R,2,12,69,8,4,16,4
D FS dl U DR R L,2,12,69,8,4,14,4
D FS DR dl U L R,2,12,69,8,4,14,4
D FS DR dl U R L,2,12,69,8,4,14,4
D FS DR R U dl L,2,12,69,8,4,12,3
D FS DR U dl L R,2,12,69,8,4,16,4
D FS DR U dl R L,2,12,69,8,4,14,4
D FS DR U L dl R,2,12,69,8,4,14,3
D FS DR U R dl L,2,12,69,8,4,14,3
D FS U dl DR L R,2,12,69,8,4,14,4
D FS U dl DR R L,2,12,69,8,4,12,4
D FS U DR dl L R,2,12,69,8,4,16,4
D FS U DR dl R L,2,12,69,8,4,14,4
D FS U DR L dl R,2,12,69,8,4,14,3
D FS U DR R dl L,2,12,69,8,4,12,3
D U dl DR FS L R,2,12,69,8,4,16,4
D U dl DR FS R L,2,12,69,8,4,16,4
D U dl DR L FS R,2,12,69,8,4,14,4
D U dl DR R FS L,2,12,69,8,4,12,4
D U dl FS DR L R,2,12,69,8,4,18,4
D U dl FS DR R L,2,12,69,8,4,16,4
D U DR dl FS L R,2,12,69,8,4,18,4
D U DR dl FS R L,2,12,69,8,4,18,4
D U DR dl L FS R,2,12,69,8,4,16,4
D U DR dl R FS L,2,12,69,8,4,14,4
D U DR FS dl L R,2,12,69,8,4,20,4
D U DR FS dl R L,2,12,69,8,4,18,4
D U DR FS L dl R,2,12,69,8,4,16,4
D U DR FS R dl L,2,12,69,8,4,16,4
D U DR L dl FS R,2,12,69,8,4,18,4
D U DR L FS dl R,2,12,69,8,4,16,4
D U FS dl DR L R,2,12,69,8,4,18,4
D U FS dl DR R L,2,12,69,8,4,16,4
D U FS DR dl L R,2,12,69,8,4,18,4
D U FS DR dl R L,2,12,69,8,4,16,4
D U FS DR L dl R,2,12,69,8,4,16,4
D U FS DR R dl L,2,12,69,8,4,14,4
dl D DR FS U L R,2,12,69,8,4,15,4
dl D DR FS U R L,2,12,69,8,4,15,4
dl D DR L U FS R,2,12,69,8,4,13,3
dl D DR U FS L R,2,12,69,8,4,15,4
dl D DR U FS R L,2,12,69,8,4,15,4
dl D DR U L FS R,2,12,69,8,4,13,3
dl D DR U R FS L,2,12,69,8,4,13,3
dl D FS DR U L R,2,12,69,8,4,17,4
dl D FS DR U R L,2,12,69,8,4,17,4
dl D FS U DR L R,2,12,69,8,4,17,4
dl D FS U DR R L,2,12,69,8,4,15,4
dl D U DR FS L R,2,12,69,8,4,19,4
dl D U DR FS R L,2,12,69,8,4,19,4
dl D U DR L FS R,2,12,69,8,4,17,4
dl D U DR R FS L,2,12,69,8,4,15,4
dl D U FS DR L R,2,12,69,8,4,19,4
dl D U FS DR R L,2,12,69,8,4,17,4
dl FS D DR U L R,2,12,69,8,4,15,4
dl FS D DR U R L,2,12,69,8,4,15,4
dl FS D U DR L R,2,12,69,8,4,19,4
dl FS D U DR R L,2,12,69,8,4,17,4
dl FS U D DR L R,2,12,69,8,4,17,4
dl FS U D DR R L,2,12,69,8,4,15,4
dl U D DR FS L R,2,12,69,8,4,15,4
dl U D DR FS R L,2,12,69,8,4,15,4
dl U D DR L FS R,2,12,69,8,4,13,4
dl U D DR R FS L,2,12,69,8,4,11,4
dl U D FS DR L R,2,12,69,8,4,17,4
dl U D FS DR R L,2,12,69,8,4,15,4
dl U FS D DR L R,2,12,69,8,4,13,4
dl U FS D DR R L,2,12,69,8,4,11,4
FS D dl DR U L R,2,12,69,8,4,16,4
FS D dl DR U R L,2,12,69,8,4,16,4
FS D dl U DR L R,2,12,69,8,4,16,4
FS D dl U DR R L,2,12,69,8,4,14,4
FS D DR dl U L R,2,12,69,8,4,12,4
FS D DR dl U R L,2,12,69,8,4,12,4
FS D DR R U dl L,2,12,69,8,4,10,3
FS D DR U dl L R,2,12,69,8,4,14,4
FS D DR U dl R L,2,12,69,8,4,12,4
FS D DR U L dl R,2,12,69,8,4,12,3
FS D DR U R dl L,2,12,69,8,4,12,3
FS D U dl DR L R,2,12,69,8,4,16,4
FS D U dl DR R L,2,12,69,8,4,14,4
FS D U DR dl L R,2,12,69,8,4,18,4
FS D U DR dl R L,2,12,69,8,4,16,4
FS D U DR L dl R,2,12,69,8,4,16,4
FS D U DR R dl L,2,12,69,8,4,14,4
FS dl D DR U L R,2,12,69,8,4,16,4
FS dl D DR U R L,2,12,69,8,4,16,4
FS dl D U DR L R,2,12,69,8,4,20,4
FS dl D U DR R L,2,12,69,8,4,18,4
FS dl U D DR L R,2,12,69,8,4,16,4
FS dl U D DR R L,2,12,69,8,4,14,4
FS U D dl DR L R,2,12,69,8,4,18,4
FS U D dl DR R L,2,12,69,8,4,16,4
FS U D DR dl L R,2,12,69,8,4,16,4
FS U D DR dl R L,2,12,69,8,4,14,4
FS U D DR L dl R,2,12,69,8,4,14,4
FS U D DR R dl L,2,12,69,8,4,12,4
FS U dl D DR L R,2,12,69,8,4,14,4
FS U dl D DR R L,2,12,69,8,4,12,4
U D dl DR FS L R,2,12,69,8,4,18,4
U D dl DR FS R L,2,12,69,8,4,18,4
U D dl DR L FS R,2,12,69,8,4,16,4
U D dl DR R FS L,2,12,69,8,4,14,4
U D dl FS DR L R,2,12,69,8,4,20,4
U D dl FS DR R L,2,12,69,8,4,18,4
U D DR dl FS L R,2,12,69,8,4,16,4
U D DR dl FS R L,2,12,69,8,4,16,4
U D DR dl L FS R,2,12,69,8,4,14,4
U D DR dl R FS L,2,12,69,8,4,12,4
U D DR FS dl L R,2,12,69,8,4,18,4
U D DR FS dl R L,2,12,69,8,4,16,4
U D DR FS L dl R,2,12,69,8,4,14,4
U D DR FS R dl L,2,12,69,8,4,14,4
U D DR L dl FS R,2,12,69,8,4,16,4
U D DR L FS dl R,2,12,69,8,4,14,4
U D FS dl DR L R,2,12,69,8,4,18,4
U D FS dl DR R L,2,12,69,8,4,16,4
U D FS DR dl L R,2,12,69,8,4,18,4
U D FS DR dl R L,2,12,69,8,4,16,4
U D FS DR L dl R,2,12,69,8,4,16,4
U D FS DR R dl L,2,12,69,8,4,14,4
U dl D DR FS L R,2,12,69,8,4,14,4
U dl D DR FS R L,2,12,69,8,4,14,4
U dl D DR L FS R,2,12,69,8,4,12,3
U dl D DR R FS L,2,12,69,8,4,10,3
U dl D FS DR L R,2,12,69,8,4,16,4
U dl D FS DR R L,2,12,69,8,4,14,4
U dl FS D DR L R,2,12,69,8,4,14,4
U dl FS D DR R L,2,12,69,8,4,12,4
U FS D dl DR L R,2,12,69,8,4,16,4
U FS D dl DR R L,2,12,69,8,4,14,4
U FS D DR dl L R,2,12,69,8,4,14,4
U FS D DR dl R L,2,12,69,8,4,12,4
U FS D DR L dl R,2,12,69,8,4,12,3
U FS D DR R dl L,2,12,69,8,4,10,3
U FS dl D DR L R,2,12,69,8,4,16,4
U FS dl D DR R L,2,12,69,8,4,14,4
dl FS R D U DR L,2,12,70,8,4,17,4
dl FS R D U L DR,2,12,70,8,4,16,4
dl FS R U D DR L,2,12,70,8,4,15,4
dl FS R U D L DR,2,12,70,8,4,16,4
dl FS R U L D DR,2,12,70,8,4,12,3
dl FS U L R D DR,2,12,70,8,4,14,4
dl FS U R D DR L,2,12,70,8,4,13,3
dl FS U R D L DR,2,12,70,8,4,14,3
dl FS U R L D DR,2,12,70,8,4,14,4
dl L R U DR FS D,2,12,70,8,4,17,4
dl L R U FS DR D,2,12,70,8,4,15,4
dl L U FS R DR D,2,12,70,8,4,11,3
dl L U R DR FS D,2,12,70,8,4,13,3
dl L U R FS DR D,2,12,70,8,4,13,3
dl R D FS U DR L,2,12,70,8,4,13,3
dl R D FS U L DR,2,12,70,8,4,12,3
dl R D U DR FS L,2,12,70,8,4,15,4
dl R D U FS DR L,2,12,70,8,4,15,4
dl R D U FS L DR,2,12,70,8,4,14,4
dl R FS D U DR L,2,12,70,8,4,15,4
dl R FS D U L DR,2,12,70,8,4,14,4
dl R FS U D DR L,2,12,70,8,4,13,4
dl R FS U D L DR,2,12,70,8,4,14,4
dl R FS U L D DR,2,12,70,8,4,10,2
dl R L U DR FS D,2,12,70,8,4,15,4
dl R L U FS DR D,2,12,70,8,4,13,4
dl R U D DR FS L,2,12,70,8,4,13,4
dl R U D FS DR L,2,12,70,8,4,15,4
dl R U D FS L DR,2,12,70,8,4,14,4
dl R U DR D FS L,2,12,70,8,4,11,3
dl R U DR L FS D,2,12,70,8,4,13,3
dl R U FS D DR L,2,12,70,8,4,11,3
dl R U FS D L DR,2,12,70,8,4,12,3
dl R U FS L D DR,2,12,70,8,4,10,2
dl R U L DR FS D,2,12,70,8,4,13,3
dl R U L FS DR D,2,12,70,8,4,11,3
dl U FS L R D DR,2,12,70,8,4,12,4
dl U FS R D DR L,2,12,70,8,4,11,3
dl U FS R D L DR,2,12,70,8,4,12,3
dl U FS R L D DR,2,12,70,8,4,12,4
dl U L FS R DR D,2,12,70,8,4,9,2
dl U L R DR FS D,2,12,70,8,4,13,4
dl U L R FS DR D,2,12,70,8,4,13,4
dl U R D DR FS L,2,12,70,8,4,11,3
dl U R D FS DR L,2,12,70,8,4,13,3
dl U R D FS L DR,2,12,70,8,4,12,3
dl U R DR D FS L,2,12,70,8,4,9,2
dl U R DR L FS D,2,12,70,8,4,11,3
dl U R FS D DR L,2,12,70,8,4,11,3
dl U R FS D L DR,2,12,70,8,4,12,3
dl U R FS L D DR,2,12,70,8,4,10,2
dl U R L DR FS D,2,12,70,8,4,15,4
dl U R L FS DR D,2,12,70,8,4,13,4
FS dl R D U DR L,2,12,70,8,4,16,4
FS dl R D U L DR,2,12,70,8,4,15,4
FS dl R U D DR L,2,12,70,8,4,14,4
FS dl R U D L DR,2,12,70,8,4,15,4
FS dl R U L D DR,2,12,70,8,4,11,3
FS dl U L R D DR,2,12,70,8,4,13,4
FS dl U R D DR L,2,12,70,8,4,12,3
FS dl U R D L DR,2,12,70,8,4,13,3
FS dl U R L D DR,2,12,70,8,4,13,4
FS R D dl U DR L,2,12,70,8,4,14,3
FS R D dl U L DR,2,12,70,8,4,13,3
FS R D DR U dl L,2,12,70,8,4,12,3
FS R D U dl DR L,2,12,70,8,4,14,4
FS R D U dl L DR,2,12,70,8,4,15,4
FS R D U DR dl L,2,12,70,8,4,16,4
FS R D U L dl DR,2,12,70,8,4,15,4
FS R dl D U DR L,2,12,70,8,4,16,4
FS R dl D U L DR,2,12,70,8,4,15,4
FS R dl U D DR L,2,12,70,8,4,12,4
FS R dl U D L DR,2,12,70,8,4,13,4
FS R dl U L D DR,2,12,70,8,4,9,2
FS R U D dl DR L,2,12,70,8,4,16,4
FS R U D dl L DR,2,12,70,8,4,17,4
FS R U D DR dl L,2,12,70,8,4,14,4
FS R U D L dl DR,2,12,70,8,4,15,4
FS R U dl D DR L,2,12,70,8,4,12,3
FS R U dl D L DR,2,12,70,8,4,13,3
FS R U dl L D DR,2,12,70,8,4,11,3
FS R U L D dl DR,2,12,70,8,4,13,3
FS R U L dl D DR,2,12,70,8,4,13,3
FS U dl L R D DR,2,12,70,8,4,13,4
FS U dl R D DR L,2,12,70,8,4,10,3
FS U dl R D L DR,2,12,70,8,4,11,3
FS U dl R L D DR,2,12,70,8,4,11,4
FS U L dl R D DR,2,12,70,8,4,11,3
FS U L R D dl DR,2,12,70,8,4,15,4
FS U L R dl D DR,2,12,70,8,4,13,4
FS U R D dl DR L,2,12,70,8,4,14,3
FS U R D dl L DR,2,12,70,8,4,15,3
FS U R D DR dl L,2,12,70,8,4,12,3
FS U R D L dl DR,2,12,70,8,4,13,3
FS U R dl D DR L,2,12,70,8,4,12,3
FS U R dl D L DR,2,12,70,8,4,13,3
FS U R dl L D DR,2,12,70,8,4,11,3
FS U R L D dl DR,2,12,70,8,4,15,4
FS U R L dl D DR,2,12,70,8,4,15,4
L dl R U DR FS D,2,12,70,8,4,14,3
L dl R U FS DR D,2,12,70,8,4,12,3
L dl U FS R DR D,2,12,70,8,4,10,3
L dl U R DR FS D,2,12,70,8,4,12,3
L dl U R FS DR D,2,12,70,8,4,12,3
L R dl U DR FS D,2,12,70,8,4,14,4
L R dl U FS DR D,2,12,70,8,4,12,4
L R U dl DR FS D,2,12,70,8,4,14,4
L R U dl FS DR D,2,12,70,8,4,14,4
L R U FS dl DR D,2,12,70,8,4,14,4
L U dl FS R DR D,2,12,70,8,4,10,3
L U dl R DR FS D,2,12,70,8,4,10,3
L U dl R FS DR D,2,12,70,8,4,10,3
L U FS dl R DR D,2,12,70,8,4,10,3
L U FS R dl DR D,2,12,70,8,4,10,2
L U R dl DR FS D,2,12,70,8,4,12,3
L U R dl FS DR D,2,12,70,8,4,12,3
L U R FS dl DR D,2,12,70,8,4,12,3
R D dl FS U DR L,2,12,70,8,4,16,3
R D dl FS U L DR,2,12,70,8,4,15,3
R D dl U DR FS L,2,12,70,8,4,14,3
R D dl U FS DR L,2,12,70,8,4,14,3
R D dl U FS L DR,2,12,70,8,4,13,3
R D FS dl U DR L,2,12,70,8,4,14,3
R D FS dl U L DR,2,12,70,8,4,13,3
R D FS DR U dl L,2,12,70,8,4,14,3
R D FS U dl DR L,2,12,70,8,4,12,3
R D FS U dl L DR,2,12,70,8,4,13,3
R D FS U DR dl L,2,12,70,8,4,14,3
R D FS U L dl DR,2,12,70,8,4,13,3
R D U dl DR FS L,2,12,70,8,4,14,4
R D U dl FS DR L,2,12,70,8,4,16,4
R D U dl FS L DR,2,12,70,8,4,15,4
R D U FS dl DR L,2,12,70,8,4,16,4
R D U FS dl L DR,2,12,70,8,4,17,4
R D U FS DR dl L,2,12,70,8,4,16,4
R D U FS L dl DR,2,12,70,8,4,15,4
R dl D FS U DR L,2,12,70,8,4,14,3
R dl D FS U L DR,2,12,70,8,4,13,3
R dl D U DR FS L,2,12,70,8,4,16,4
R dl D U FS DR L,2,12,70,8,4,16,4
R dl D U FS L DR,2,12,70,8,4,15,4
R dl FS D U DR L,2,12,70,8,4,16,4
R dl FS D U L DR,2,12,70,8,4,15,4
R dl FS U D DR L,2,12,70,8,4,14,4
R dl FS U D L DR,2,12,70,8,4,15,4
R dl FS U L D DR,2,12,70,8,4,11,3
R dl L U DR FS D,2,12,70,8,4,14,3
R dl L U FS DR D,2,12,70,8,4,12,3
R dl U D DR FS L,2,12,70,8,4,12,4
R dl U D FS DR L,2,12,70,8,4,14,4
R dl U D FS L DR,2,12,70,8,4,13,4
R dl U DR D FS L,2,12,70,8,4,10,3
R dl U DR L FS D,2,12,70,8,4,12,3
R dl U FS D DR L,2,12,70,8,4,10,3
R dl U FS D L DR,2,12,70,8,4,11,3
R dl U FS L D DR,2,12,70,8,4,9,2
R dl U L DR FS D,2,12,70,8,4,12,3
R dl U L FS DR D,2,12,70,8,4,10,3
R FS D dl U DR L,2,12,70,8,4,14,3
R FS D dl U L DR,2,12,70,8,4,13,3
R FS D DR U dl L,2,12,70,8,4,12,3
R FS D U dl DR L,2,12,70,8,4,14,4
R FS D U dl L DR,2,12,70,8,4,15,4
R FS D U DR dl L,2,12,70,8,4,16,4
R FS D U L dl DR,2,12,70,8,4,15,4
R FS dl D U DR L,2,12,70,8,4,18,4
R FS dl D U L DR,2,12,70,8,4,17,4
R FS dl U D DR L,2,12,70,8,4,14,4
R FS dl U D L DR,2,12,70,8,4,15,4
R FS dl U L D DR,2,12,70,8,4,11,3
R FS U D dl DR L,2,12,70,8,4,16,4
R FS U D dl L DR,2,12,70,8,4,17,4
R FS U D DR dl L,2,12,70,8,4,14,4
R FS U D L dl DR,2,12,70,8,4,15,4
R FS U dl D DR L,2,12,70,8,4,12,3
R FS U dl D L DR,2,12,70,8,4,13,3
R FS U dl L D DR,2,12,70,8,4,11,3
R FS U L D dl DR,2,12,70,8,4,13,3
R FS U L dl D DR,2,12,70,8,4,13,3
R L dl U DR FS D,2,12,70,8,4,16,4
R L dl U FS DR D,2,12,70,8,4,14,4
R L U dl DR FS D,2,12,70,8,4,14,4
R L U dl FS DR D,2,12,70,8,4,14,4
R L U FS dl DR D,2,12,70,8,4,14,4
R U D dl DR FS L,2,12,70,8,4,16,4
R U D dl FS DR L,2,12,70,8,4,18,4
R U D dl FS L DR,2,12,70,8,4,17,4
R U D FS dl DR L,2,12,70,8,4,16,4
R U D FS dl L DR,2,12,70,8,4,17,4
R U D FS DR dl L,2,12,70,8,4,16,4
R U D FS L dl DR,2,12,70,8,4,15,4
R U dl D DR FS L,2,12,70,8,4,12,3
R U dl D FS DR L,2,12,70,8,4,14,3
R U dl D FS L DR,2,12,70,8,4,13,3
R U dl DR D FS L,2,12,70,8,4,10,2
R U dl DR L FS D,2,12,70,8,4,12,3
R U dl FS D DR L,2,12,70,8,4,12,3
R U dl FS D L DR,2,12,70,8,4,13,3
R U dl FS L D DR,2,12,70,8,4,11,3
R U dl L DR FS D,2,12,70,8,4,14,3
R U dl L FS DR D,2,12,70,8,4,12,3
R U FS D dl DR L,2,12,70,8,4,14,3
R U FS D dl L DR,2,12,70,8,4,15,3
R U FS D DR dl L,2,12,70,8,4,12,3
R U FS D L dl DR,2,12,70,8,4,13,3
R U FS dl D DR L,2,12,70,8,4,14,3
R U FS dl D L DR,2,12,70,8,4,15,3
R U FS dl L D DR,2,12,70,8,4,13,3
R U FS L D dl DR,2,12,70,8,4,13,3
R U FS L dl D DR,2,12,70,8,4,13,3
R U L dl DR FS D,2,12,70,8,4,14,3
R U L dl FS DR D,2,12,70,8,4,14,3
R U L FS dl DR D,2,12,70,8,4,12,3
U dl FS L R D DR,2,12,70,8,4,13,4
U dl FS R D DR L,2,12,70,8,4,12,3
U dl FS R D L DR,2,12,70,8,4,13,3
U dl FS R L D DR,2,12,70,8,4,13,4
U dl L FS R DR D,2,12,70,8,4,10,3
U dl L R DR FS D,2,12,70,8,4,14,4
U dl L R FS DR D,2,12,70,8,4,14,4
U dl R D DR FS L,2,12,70,8,4,10,3
U dl R D FS DR L,2,12,70,8,4,12,3
U dl R D FS L DR,2,12,70,8,4,11,3
U dl R DR D FS L,2,12,70,8,4,8,2
U dl R DR L FS D,2,12,70,8,4,10,3
U dl R FS D DR L,2,12,70,8,4,10,3
U dl R FS D L DR,2,12,70,8,4,11,3
U dl R FS L D DR,2,12,70,8,4,9,2
U dl R L DR FS D,2,12,70,8,4,14,4
U dl R L FS DR D,2,12,70,8,4,12,4
U FS dl L R D DR,2,12,70,8,4,15,4
U FS dl R D DR L,2,12,70,8,4,12,3
U FS dl R D L DR,2,12,70,8,4,13,3
U FS dl R L D DR,2,12,70,8,4,13,4
U FS L dl R D DR,2,12,70,8,4,11,3
U FS L R D dl DR,2,12,70,8,4,15,4
U FS L R dl D DR,2,12,70,8,4,13,4
U FS R D dl DR L,2,12,70,8,4,14,3
U FS R D dl L DR,2,12,70,8,4,15,3
U FS R D DR dl L,2,12,70,8,4,12,3
U FS R D L dl DR,2,12,70,8,4,13,3
U FS R dl D DR L,2,12,70,8,4,12,3
U FS R dl D L DR,2,12,70,8,4,13,3
U FS R dl L D DR,2,12,70,8,4,11,3
U FS R L D dl DR,2,12,70,8,4,15,4
U FS R L dl D DR,2,12,70,8,4,15,4
U L dl FS R DR D,2,12,70,8,4,12,3
U L dl R DR FS D,2,12,70,8,4,12,3
U L dl R FS DR D,2,12,70,8,4,12,3
U L FS dl R DR D,2,12,70,8,4,10,3
U L FS R dl DR D,2,12,70,8,4,10,2
U L R dl DR FS D,2,12,70,8,4,14,4
U L R dl FS DR D,2,12,70,8,4,14,4
U L R FS dl DR D,2,12,70,8,4,14,4
U R D dl DR FS L,2,12,70,8,4,14,3
U R D dl FS DR L,2,12,70,8,4,16,3
U R D dl FS L DR,2,12,70,8,4,15,3
U R D FS dl DR L,2,12,70,8,4,14,3
U R D FS dl L DR,2,12,70,8,4,15,3
U R D FS DR dl L,2,12,70,8,4,14,3
U R D FS L dl DR,2,12,70,8,4,13,3
U R dl D DR FS L,2,12,70,8,4,12,3
U R dl D FS DR L,2,12,70,8,4,14,3
U R dl D FS L DR,2,12,70,8,4,13,3
U R dl DR D FS L,2,12,70,8,4,10,2
U R dl DR L FS D,2,12,70,8,4,12,3
U R dl FS D DR L,2,12,70,8,4,12,3
U R dl FS D L DR,2,12,70,8,4,13,3
U R dl FS L D DR,2,12,70,8,4,11,3
U R dl L DR FS D,2,12,70,8,4,14,3
U R dl L FS DR D,2,12,70,8,4,12,3
U R FS D dl DR L,2,12,70,8,4,14,3
U R FS D dl L DR,2,12,70,8,4,15,3
U R FS D DR dl L,2,12,70,8,4,12,3
U R FS D L dl DR,2,12,70,8,4,13,3
U R FS dl D DR L,2,12,70,8,4,14,3
U R FS dl D L DR,2,12,70,8,4,15,3
U R FS dl L D DR,2,12,70,8,4,13,3
U R FS L D dl DR,2,12,70,8,4,13,3
U R FS L dl D DR,2,12,70,8,4,13,3
U R L dl DR FS D,2,12,70,8,4,16,4
U R L dl FS DR D,2,12,70,8,4,16,4
U R L FS dl DR D,2,12,70,8,4,14,4
D dl FS R U DR L,2,12,72,8,4,16,3
D dl FS R U L DR,2,12,72,8,4,15,3
D dl FS U L R DR,2,12,72,8,4,15,4
D dl FS U R DR L,2,12,72,8,4,14,3
D dl FS U R L DR,2,12,72,8,4,17,4
D dl R FS U DR L,2,12,72,8,4,14,3
D dl R FS U L DR,2,12,72,8,4,13,3
D dl R U DR FS L,2,12,72,8,4,14,3
D dl R U FS DR L,2,12,72,8,4,14,3
D dl R U FS L DR,2,12,72,8,4,13,3
D dl U FS L R DR,2,12,72,8,4,13,4
D dl U FS R DR L,2,12,72,8,4,12,3
D dl U FS R L DR,2,12,72,8,4,15,4
D dl U R DR FS L,2,12,72,8,4,12,3
D dl U R FS DR L,2,12,72,8,4,14,3
D dl U R FS L DR,2,12,72,8,4,13,3
D FS dl R U DR L,2,12,72,8,4,14,3
D FS dl R U L DR,2,12,72,8,4,13,3
D FS dl U L R DR,2,12,72,8,4,13,4
D FS dl U R DR L,2,12,72,8,4,12,3
D FS dl U R L DR,2,12,72,8,4,15,4
D FS R dl U DR L,2,12,72,8,4,12,3
D FS R dl U L DR,2,12,72,8,4,11,3
D FS R DR U dl L,2,12,72,8,4,12,3
D FS R U dl DR L,2,12,72,8,4,12,3
D FS R U dl L DR,2,12,72,8,4,13,3
D FS R U DR dl L,2,12,72,8,4,14,3
D FS R U L dl DR,2,12,72,8,4,13,3
D FS U dl L R DR,2,12,72,8,4,13,4
D FS U dl R DR L,2,12,72,8,4,10,3
D FS U dl R L DR,2,12,72,8,4,13,4
D FS U L dl R DR,2,12,72,8,4,11,3
D FS U L R dl DR,2,12,72,8,4,13,4
D FS U R dl DR L,2,12,72,8,4,12,3
D FS U R dl L DR,2,12,72,8,4,13,3
D FS U R DR dl L,2,12,72,8,4,12,3
D FS U R L dl DR,2,12,72,8,4,15,4
D R dl FS U DR L,2,12,72,8,4,14,3
D R dl FS U L DR,2,12,72,8,4,13,3
D R dl U DR FS L,2,12,72,8,4,12,3
D R dl U FS DR L,2,12,72,8,4,12,3
D R dl U FS L DR,2,12,72,8,4,11,3
D R FS dl U DR L,2,12,72,8,4,14,3
D R FS dl U L DR,2,12,72,8,4,13,3
D R FS DR U dl L,2,12,72,8,4,14,3
D R FS U dl DR L,2,12,72,8,4,12,3
D R FS U dl L DR,2,12,72,8,4,13,3
D R FS U DR dl L,2,12,72,8,4,14,3
D R FS U L dl DR,2,12,72,8,4,13,3
D R U dl DR FS L,2,12,72,8,4,12,3
D R U dl FS DR L,2,12,72,8,4,14,3
D R U dl FS L DR,2,12,72,8,4,13,3
D R U FS dl DR L,2,12,72,8,4,14,3
D R U FS dl L DR,2,12,72,8,4,15,3
D R U FS DR dl L,2,12,72,8,4,14,3
D R U FS L dl DR,2,12,72,8,4,13,3
D U dl FS L R DR,2,12,72,8,4,15,4
D U dl FS R DR L,2,12,72,8,4,14,4
D U dl FS R L DR,2,12,72,8,4,17,4
D U dl R DR FS L,2,12,72,8,4,12,4
D U dl R FS DR L,2,12,72,8,4,14,4
D U dl R FS L DR,2,12,72,8,4,13,4
D U FS dl L R DR,2,12,72,8,4,17,4
D U FS dl R DR L,2,12,72,8,4,14,4
D U FS dl R L DR,2,12,72,8,4,17,4
D U FS L dl R DR,2,12,72,8,4,13,4
D U FS L R dl DR,2,12,72,8,4,15,4
D U FS R dl DR L,2,12,72,8,4,14,4
D U FS R dl L DR,2,12,72,8,4,15,4
D U FS R DR dl L,2,12,72,8,4,14,4
D U FS R L dl DR,2,12,72,8,4,17,4
D U R dl DR FS L,2,12,72,8,4,14,4
D U R dl FS DR L,2,12,72,8,4,16,4
D U R dl FS L DR,2,12,72,8,4,15,4
D U R FS dl DR L,2,12,72,8,4,16,4
D U R FS dl L DR,2,12,72,8,4,17,4
D U R FS DR dl L,2,12,72,8,4,16,4
D U R FS L dl DR,2,12,72,8,4,15,4
dl D FS R U DR L,2,12,72,8,4,15,3
dl D FS R U L DR,2,12,72,8,4,14,3
dl D FS U L R DR,2,12,72,8,4,14,4
dl D FS U R DR L,2,12,72,8,4,13,3
dl D FS U R L DR,2,12,72,8,4,16,4
dl D R FS U DR L,2,12,72,8,4,15,3
dl D R FS U L DR,2,12,72,8,4,14,3
dl D R U DR FS L,2,12,72,8,4,15,3
dl D R U FS DR L,2,12,72,8,4,15,3
dl D R U FS L DR,2,12,72,8,4,14,3
dl D U FS L R DR,2,12,72,8,4,16,4
dl D U FS R DR L,2,12,72,8,4,15,4
dl D U FS R L DR,2,12,72,8,4,18,4
dl D U R DR FS L,2,12,72,8,4,15,4
dl D U R FS DR L,2,12,72,8,4,17,4
dl D U R FS L DR,2,12,72,8,4,16,4
dl FS D R U DR L,2,12,72,8,4,15,3
dl FS D R U L DR,2,12,72,8,4,14,3
dl FS D U L R DR,2,12,72,8,4,16,4
dl FS D U R DR L,2,12,72,8,4,15,4
dl FS D U R L DR,2,12,72,8,4,18,4
dl FS U D L R DR,2,12,72,8,4,16,4
dl FS U D R DR L,2,12,72,8,4,15,4
dl FS U D R L DR,2,12,72,8,4,18,4
dl FS U L D R DR,2,12,72,8,4,12,3
dl U D FS L R DR,2,12,72,8,4,14,4
dl U D FS R DR L,2,12,72,8,4,13,4
dl U D FS R L DR,2,12,72,8,4,16,4
dl U D R DR FS L,2,12,72,8,4,13,4
dl U D R FS DR L,2,12,72,8,4,15,4
dl U D R FS L DR,2,12,72,8,4,14,4
dl U FS D L R DR,2,12,72,8,4,12,4
dl U FS D R DR L,2,12,72,8,4,11,3
dl U FS D R L DR,2,12,72,8,4,14,4
dl U FS L D R DR,2,12,72,8,4,10,2
FS D dl R U DR L,2,12,72,8,4,14,3
FS D dl R U L DR,2,12,72,8,4,13,3
FS D dl U L R DR,2,12,72,8,4,13,4
FS D dl U R DR L,2,12,72,8,4,12,3
FS D dl U R L DR,2,12,72,8,4,15,4
FS D R dl U DR L,2,12,72,8,4,12,3
FS D R dl U L DR,2,12,72,8,4,11,3
FS D R DR U dl L,2,12,72,8,4,12,3
FS D R U dl DR L,2,12,72,8,4,12,3
FS D R U dl L DR,2,12,72,8,4,13,3
FS D R U DR dl L,2,12,72,8,4,14,3
FS D R U L dl DR,2,12,72,8,4,13,3
FS D U dl L R DR,2,12,72,8,4,15,4
FS D U dl R DR L,2,12,72,8,4,12,4
FS D U dl R L DR,2,12,72,8,4,15,4
FS D U L dl R DR,2,12,72,8,4,13,4
FS D U L R dl DR,2,12,72,8,4,15,4
FS D U R dl DR L,2,12,72,8,4,14,4
FS D U R dl L DR,2,12,72,8,4,15,4
FS D U R DR dl L,2,12,72,8,4,14,4
FS D U R L dl DR,2,12,72,8,4,17,4
FS dl D R U DR L,2,12,72,8,4,16,3
FS dl D R U L DR,2,12,72,8,4,15,3
FS dl D U L R DR,2,12,72,8,4,17,4
FS dl D U R DR L,2,12,72,8,4,16,4
FS dl D U R L DR,2,12,72,8,4,19,4
FS dl U D L R DR,2,12,72,8,4,15,4
FS dl U D R DR L,2,12,72,8,4,14,4
FS dl U D R L DR,2,12,72,8,4,17,4
FS dl U L D R DR,2,12,72,8,4,11,3
FS U D dl L R DR,2,12,72,8,4,17,4
FS U D dl R DR L,2,12,72,8,4,14,4
FS U D dl R L DR,2,12,72,8,4,17,4
FS U D L dl R DR,2,12,72,8,4,13,4
FS U D L R dl DR,2,12,72,8,4,15,4
FS U D R dl DR L,2,12,72,8,4,14,4
FS U D R dl L DR,2,12,72,8,4,15,4
FS U D R DR dl L,2,12,72,8,4,14,4
FS U D R L dl DR,2,12,72,8,4,17,4
FS U dl D L R DR,2,12,72,8,4,13,4
FS U dl D R DR L,2,12,72,8,4,12,3
FS U dl D R L DR,2,12,72,8,4,15,4
FS U dl L D R DR,2,12,72,8,4,11,3
FS U L D dl R DR,2,12,72,8,4,11,3
FS U L D R dl DR,2,12,72,8,4,11,2
FS U L dl D R DR,2,12,72,8,4,13,3
U D dl FS L R DR,2,12,72,8,4,17,4
U D dl FS R DR L,2,12,72,8,4,16,4
U D dl FS R L DR,2,12,72,8,4,19,4
U D dl R DR FS L,2,12,72,8,4,14,4
U D dl R FS DR L,2,12,72,8,4,16,4
U D dl R FS L DR,2,12,72,8,4,15,4
U D FS dl L R DR,2,12,72,8,4,17,4
U D FS dl R DR L,2,12,72,8,4,14,4
U D FS dl R L DR,2,12,72,8,4,17,4
U D FS L dl R DR,2,12,72,8,4,13,4
U D FS L R dl DR,2,12,72,8,4,15,4
U D FS R dl DR L,2,12,72,8,4,14,4
U D FS R dl L DR,2,12,72,8,4,15,4
U D FS R DR dl L,2,12,72,8,4,14,4
U D FS R L dl DR,2,12,72,8,4,17,4
U D R dl DR FS L,2,12,72,8,4,14,4
U D R dl FS DR L,2,12,72,8,4,16,4
U D R dl FS L DR,2,12,72,8,4,15,4
U D R FS dl DR L,2,12,72,8,4,16,4
U D R FS dl L DR,2,12,72,8,4,17,4
U D R FS DR dl L,2,12,72,8,4,16,4
U D R FS L dl DR,2,12,72,8,4,15,4
U dl D FS L R DR,2,12,72,8,4,13,4
U dl D FS R DR L,2,12,72,8,4,12,3
U dl D FS R L DR,2,12,72,8,4,15,4
U dl D R DR FS L,2,12,72,8,4,12,3
U dl D R FS DR L,2,12,72,8,4,14,3
U dl D R FS L DR,2,12,72,8,4,13,3
U dl FS D L R DR,2,12,72,8,4,13,4
U dl FS D R DR L,2,12,72,8,4,12,3
U dl FS D R L DR,2,12,72,8,4,15,4
U dl FS L D R DR,2,12,72,8,4,11,3
U FS D dl L R DR,2,12,72,8,4,15,4
U FS D dl R DR L,2,12,72,8,4,12,3
U FS D dl R L DR,2,12,72,8,4,15,4
U FS D L dl R DR,2,12,72,8,4,11,3
U FS D L R dl DR,2,12,72,8,4,13,4
U FS D R dl DR L,2,12,72,8,4,12,3
U FS D R dl L DR,2,12,72,8,4,13,3
U FS D R DR dl L,2,12,72,8,4,12,3
U FS D R L dl DR,2,12,72,8,4,15,4
U FS dl D L R DR,2,12,72,8,4,15,4
U FS dl D R DR L,2,12,72,8,4,14,3
U FS dl D R L DR,2,12,72,8,4,17,4
U FS dl L D R DR,2,12,72,8,4,13,3
U FS L D dl R DR,2,12,72,8,4,11,3
U FS L D R dl DR,2,12,72,8,4,11,2
U FS L dl D R DR,2,12,72,8,4,13,3
dl L R D U FS DR,2,12,72,9,4,18,4
dl L R U D FS DR,2,12,72,9,4,18,4
dl L R U FS D DR,2,12,72,9,4,14,4
dl L U FS R D DR,2,12,72,9,4,12,3
dl L U R D FS DR,2,12,72,9,4,14,3
dl L U R FS D DR,2,12,72,9,4,12,3
dl R D L U FS DR,2,12,72,9,4,12,3
dl R D U L FS DR,2,12,72,9,4,14,4
dl R L D U FS DR,2,12,72,9,4,16,4
dl R L U D FS DR,2,12,72,9,4,16,4
dl R L U FS D DR,2,12,72,9,4,12,4
dl R U D L FS DR,2,12,72,9,4,14,4
dl R U L D FS DR,2,12,72,9,4,12,3
dl R U L FS D DR,2,12,72,9,4,10,2
dl U L FS R D DR,2,12,72,9,4,10,2
dl U L R D FS DR,2,12,72,9,4,14,4
dl U L R FS D DR,2,12,72,9,4,12,4
dl U R D L FS DR,2,12,72,9,4,12,3
dl U R L D FS DR,2,12,72,9,4,14,4
dl U R L FS D DR,2,12,72,9,4,12,4
L dl R D U FS DR,2,12,72,9,4,15,4
L dl R U D FS DR,2,12,72,9,4,15,4
L dl R U FS D DR,2,12,72,9,4,11,3
L dl U FS R D DR,2,12,72,9,4,11,3
L dl U R D FS DR,2,12,72,9,4,13,3
L dl U R FS D DR,2,12,72,9,4,11,3
L R D dl U FS DR,2,12,72,9,4,15,4
L R D U dl FS DR,2,12,72,9,4,17,4
L R D U FS dl DR,2,12,72,9,4,17,4
L R dl D U FS DR,2,12,72,9,4,17,4
L R dl U D FS DR,2,12,72,9,4,15,4
L R dl U FS D DR,2,12,72,9,4,11,4
L R U D dl FS DR,2,12,72,9,4,19,4
L R U D FS dl DR,2,12,72,9,4,17,4
L R U dl D FS DR,2,12,72,9,4,15,4
L R U dl FS D DR,2,12,72,9,4,13,4
L R U FS D dl DR,2,12,72,9,4,15,4
L R U FS dl D DR,2,12,72,9,4,15,4
L U dl FS R D DR,2,12,72,9,4,11,3
L U dl R D FS DR,2,12,72,9,4,11,3
L U dl R FS D DR,2,12,72,9,4,9,2
L U FS dl R D DR,2,12,72,9,4,11,3
L U FS R D dl DR,2,12,72,9,4,13,3
L U FS R dl D DR,2,12,72,9,4,11,3
L U R D dl FS DR,2,12,72,9,4,15,3
L U R D FS dl DR,2,12,72,9,4,13,3
L U R dl D FS DR,2,12,72,9,4,13,3
L U R dl FS D DR,2,12,72,9,4,11,3
L U R FS D dl DR,2,12,72,9,4,13,3
L U R FS dl D DR,2,12,72,9,4,13,3
R D dl L U FS DR,2,12,72,9,4,15,3
R D dl U L FS DR,2,12,72,9,4,13,3
R D L dl U FS DR,2,12,72,9,4,13,3
R D L U dl FS DR,2,12,72,9,4,13,3
R D L U FS dl DR,2,12,72,9,4,13,3
R D U dl L FS DR,2,12,72,9,4,15,4
R D U L dl FS DR,2,12,72,9,4,17,4
R D U L FS dl DR,2,12,72,9,4,15,4
R dl D L U FS DR,2,12,72,9,4,13,3
R dl D U L FS DR,2,12,72,9,4,15,4
R dl L D U FS DR,2,12,72,9,4,15,4
R dl L U D FS DR,2,12,72,9,4,15,4
R dl L U FS D DR,2,12,72,9,4,11,3
R dl U D L FS DR,2,12,72,9,4,13,4
R dl U L D FS DR,2,12,72,9,4,11,3
R dl U L FS D DR,2,12,72,9,4,9,2
R L D dl U FS DR,2,12,72,9,4,15,4
R L D U dl FS DR,2,12,72,9,4,17,4
R L D U FS dl DR,2,12,72,9,4,17,4
R L dl D U FS DR,2,12,72,9,4,19,4
R L dl U D FS DR,2,12,72,9,4,17,4
R L dl U FS D DR,2,12,72,9,4,13,4
R L U D dl FS DR,2,12,72,9,4,19,4
R L U D FS dl DR,2,12,72,9,4,17,4
R L U dl D FS DR,2,12,72,9,4,15,4
R L U dl FS D DR,2,12,72,9,4,13,4
R L U FS D dl DR,2,12,72,9,4,15,4
R L U FS dl D DR,2,12,72,9,4,15,4
R U D dl L FS DR,2,12,72,9,4,17,4
R U D L dl FS DR,2,12,72,9,4,17,4
R U D L FS dl DR,2,12,72,9,4,15,4
R U dl D L FS DR,2,12,72,9,4,13,3
R U dl L D FS DR,2,12,72,9,4,13,3
R U dl L FS D DR,2,12,72,9,4,11,3
R U L D dl FS DR,2,12,72,9,4,15,3
R U L D FS dl DR,2,12,72,9,4,13,3
R U L dl D FS DR,2,12,72,9,4,15,3
R U L dl FS D DR,2,12,72,9,4,13,3
R U L FS D dl DR,2,12,72,9,4,13,3
R U L FS dl D DR,2,12,72,9,4,13,3
U dl L FS R D DR,2,12,72,9,4,11,3
U dl L R D FS DR,2,12,72,9,4,15,4
U dl L R FS D DR,2,12,72,9,4,13,4
U dl R D L FS DR,2,12,72,9,4,11,3
U dl R L D FS DR,2,12,72,9,4,13,4
U dl R L FS D DR,2,12,72,9,4,11,4
U L dl FS R D DR,2,12,72,9,4,13,3
U L dl R D FS DR,2,12,72,9,4,13,3
U L dl R FS D DR,2,12,72,9,4,11,3
U L FS dl R D DR,2,12,72,9,4,11,3
U L FS R D dl DR,2,12,72,9,4,13,3
U L FS R dl D DR,2,12,72,9,4,11,3
U L R D dl FS DR,2,12,72,9,4,17,4
U L R D FS dl DR,2,12,72,9,4,15,4
U L R dl D FS DR,2,12,72,9,4,15,4
U L R dl FS D DR,2,12,72,9,4,13,4
U L R FS D dl DR,2,12,72,9,4,15,4
U L R FS dl D DR,2,12,72,9,4,15,4
U R D dl L FS DR,2,12,72,9,4,15,3
U R D L dl FS DR,2,12,72,9,4,15,3
U R D L FS dl DR,2,12,72,9,4,13,3
U R dl D L FS DR,2,12,72,9,4,13,3
U R dl L D FS DR,2,12,72,9,4,13,3
U R dl L FS D DR,2,12,72,9,4,11,3
U R L D dl FS DR,2,12,72,9,4,17,4
U R L D FS dl DR,2,12,72,9,4,15,4
U R L dl D FS DR,2,12,72,9,4,17,4
U R L dl FS D DR,2,12,72,9,4,15,4
U R L FS D dl DR,2,12,72,9,4,15,4
U R L FS dl D DR,2,12,72,9,4,15,4
D dl L R U FS DR,2,12,74,9,4,17,4
D dl L U FS R DR,2,12,74,9,4,13,3
D dl L U R FS DR,2,12,74,9,4,15,3
D dl R L U FS DR,2,12,74,9,4,15,4
D dl R U L FS DR,2,12,74,9,4,13,3
D dl U L FS R DR,2,12,74,9,4,11,3
D dl U L R FS DR,2,12,74,9,4,15,4
D dl U R L FS DR,2,12,74,9,4,15,4
D L dl R U FS DR,2,12,74,9,4,13,3
D L dl U FS R DR,2,12,74,9,4,11,3
D L dl U R FS DR,2,12,74,9,4,13,3
D L R dl U FS DR,2,12,74,9,4,13,4
D L R U dl FS DR,2,12,74,9,4,15,4
D L R U FS dl DR,2,12,74,9,4,15,4
D L U dl FS R DR,2,12,74,9,4,11,3
D L U dl R FS DR,2,12,74,9,4,11,3
D L U FS dl R DR,2,12,74,9,4,11,3
D L U FS R dl DR,2,12,74,9,4,11,2
D L U R dl FS DR,2,12,74,9,4,13,3
D L U R FS dl DR,2,12,74,9,4,13,3
D R dl L U FS DR,2,12,74,9,4,13,3
D R dl U L FS DR,2,12,74,9,4,11,3
D R L dl U FS DR,2,12,74,9,4,15,4
D R L U dl FS DR,2,12,74,9,4,15,4
D R L U FS dl DR,2,12,74,9,4,15,4
D R U dl L FS DR,2,12,74,9,4,13,3
D R U L dl FS DR,2,12,74,9,4,15,3
D R U L FS dl DR,2,12,74,9,4,13,3
D U dl L FS R DR,2,12,74,9,4,13,4
D U dl L R FS DR,2,12,74,9,4,17,4
D U dl R L FS DR,2,12,74,9,4,15,4
D U L dl FS R DR,2,12,74,9,4,15,4
D U L dl R FS DR,2,12,74,9,4,15,4
D U L FS dl R DR,2,12,74,9,4,13,4
D U L FS R dl DR,2,12,74,9,4,13,4
D U L R dl FS DR,2,12,74,9,4,17,4
D U L R FS dl DR,2,12,74,9,4,17,4
D U R dl L FS DR,2,12,74,9,4,15,4
D U R L dl FS DR,2,12,74,9,4,19,4
D U R L FS dl DR,2,12,74,9,4,17,4
dl D L R U FS DR,2,12,74,9,4,16,4
dl D L U FS R DR,2,12,74,9,4,12,3
dl D L U R FS DR,2,12,74,9,4,14,3
dl D R L U FS DR,2,12,74,9,4,16,4
dl D R U L FS DR,2,12,74,9,4,14,3
dl D U L FS R DR,2,12,74,9,4,14,4
dl D U L R FS DR,2,12,74,9,4,18,4
dl D U R L FS DR,2,12,74,9,4,18,4
dl L D R U FS DR,2,12,74,9,4,14,3
dl L D U FS R DR,2,12,74,9,4,14,4
dl L D U R FS DR,2,12,74,9,4,16,4
dl L U D FS R DR,2,12,74,9,4,14,4
dl L U D R FS DR,2,12,74,9,4,16,4
dl L U FS D R DR,2,12,74,9,4,12,3
dl U D L FS R DR,2,12,74,9,4,12,4
dl U D L R FS DR,2,12,74,9,4,16,4
dl U D R L FS DR,2,12,74,9,4,16,4
dl U L D FS R DR,2,12,74,9,4,10,2
dl U L D R FS DR,2,12,74,9,4,12,3
dl U L FS D R DR,2,12,74,9,4,10,2
L D dl R U FS DR,2,12,74,9,4,13,3
L D dl U FS R DR,2,12,74,9,4,11,3
L D dl U R FS DR,2,12,74,9,4,13,3
L D R dl U FS DR,2,12,74,9,4,11,3
L D R U dl FS DR,2,12,74,9,4,13,3
L D R U FS dl DR,2,12,74,9,4,13,3
L D U dl FS R DR,2,12,74,9,4,13,4
L D U dl R FS DR,2,12,74,9,4,13,4
L D U FS dl R DR,2,12,74,9,4,13,4
L D U FS R dl DR,2,12,74,9,4,13,4
L D U R dl FS DR,2,12,74,9,4,15,4
L D U R FS dl DR,2,12,74,9,4,15,4
L dl D R U FS DR,2,12,74,9,4,15,3
L dl D U FS R DR,2,12,74,9,4,15,4
L dl D U R FS DR,2,12,74,9,4,17,4
L dl U D FS R DR,2,12,74,9,4,13,4
L dl U D R FS DR,2,12,74,9,4,15,4
L dl U FS D R DR,2,12,74,9,4,11,3
L U D dl FS R DR,2,12,74,9,4,15,4
L U D dl R FS DR,2,12,74,9,4,15,4
L U D FS dl R DR,2,12,74,9,4,13,4
L U D FS R dl DR,2,12,74,9,4,13,4
L U D R dl FS DR,2,12,74,9,4,15,4
L U D R FS dl DR,2,12,74,9,4,15,4
L U dl D FS R DR,2,12,74,9,4,11,3
L U dl D R FS DR,2,12,74,9,4,13,3
L U dl FS D R DR,2,12,74,9,4,11,3
L U FS D dl R DR,2,12,74,9,4,11,3
L U FS D R dl DR,2,12,74,9,4,11,2
L U FS dl D R DR,2,12,74,9,4,13,3
U D dl L FS R DR,2,12,74,9,4,15,4
U D dl L R FS DR,2,12,74,9,4,19,4
U D dl R L FS DR,2,12,74,9,4,17,4
U D L dl FS R DR,2,12,74,9,4,15,4
U D L dl R FS DR,2,12,74,9,4,15,4
U D L FS dl R DR,2,12,74,9,4,13,4
U D L FS R dl DR,2,12,74,9,4,13,4
U D L R dl FS DR,2,12,74,9,4,17,4
U D L R FS dl DR,2,12,74,9,4,17,4
U D R dl L FS DR,2,12,74,9,4,15,4
U D R L dl FS DR,2,12,74,9,4,19,4
U D R L FS dl DR,2,12,74,9,4,17,4
U dl D L FS R DR,2,12,74,9,4,11,3
U dl D L R FS DR,2,12,74,9,4,15,4
U dl D R L FS DR,2,12,74,9,4,15,4
U dl L D FS R DR,2,12,74,9,4,11,3
U dl L D R FS DR,2,12,74,9,4,13,3
U dl L FS D R DR,2,12,74,9,4,11,3
U L D dl FS R DR,2,12,74,9,4,13,3
U L D dl R FS DR,2,12,74,9,4,13,3
U L D FS dl R DR,2,12,74,9,4,11,3
U L D FS R dl DR,2,12,74,9,4,11,2
U L D R dl FS DR,2,12,74,9,4,13,3
U L D R FS dl DR,2,12,74,9,4,13,3
U L dl D FS R DR,2,12,74,9,4,13,3
U L dl D R FS DR,2,12,74,9,4,15,3
U L dl FS D R DR,2,12,74,9,4,13,3
U L FS D dl R DR,2,12,74,9,4,11,3
U L FS D R dl DR,2,12,74,9,4,11,2
U L FS dl D R DR,2,12,74,9,4,13,3
FS R DR D U dl L,7,12,75,8,4,12,4
FS R DR U D dl L,7,12,75,8,4,16,4
FS R DR U dl D L,7,12,75,8,4,12,3
FS R DR U dl L D,7,12,75,8,4,12,3
FS R DR U L dl D,7,12,75,8,4,14,3
FS R U DR D dl L,7,12,75,8,4,14,3
FS R U DR dl D L,7,12,75,8,4,14,3
FS R U DR dl L D,7,12,75,8,4,14,3
FS R U DR L dl D,7,12,75,8,4,16,3
FS R U L DR dl D,7,12,75,8,4,14,3
FS U L R DR dl D,7,12,75,8,4,14,4
FS U R DR D dl L,7,12,75,8,4,12,3
FS U R DR dl D L,7,12,75,8,4,12,3
FS U R DR dl L D,7,12,75,8,4,12,3
FS U R DR L dl D,7,12,75,8,4,14,3
FS U R L DR dl D,7,12,75,8,4,16,4
R DR FS D U dl L,7,12,75,8,4,14,4
R DR FS U D dl L,7,12,75,8,4,16,4
R DR FS U dl D L,7,12,75,8,4,12,3
R DR FS U dl L D,7,12,75,8,4,12,3
R DR FS U L dl D,7,12,75,8,4,14,3
R DR U dl FS D L,7,12,75,8,4,12,3
R DR U dl FS L D,7,12,75,8,4,12,3
R DR U FS D dl L,7,12,75,8,4,14,3
R DR U FS dl D L,7,12,75,8,4,14,3
R DR U FS dl L D,7,12,75,8,4,14,3
R DR U FS L dl D,7,12,75,8,4,14,3
R FS DR D U dl L,7,12,75,8,4,14,4
R FS DR U D dl L,7,12,75,8,4,18,4
R FS DR U dl D L,7,12,75,8,4,14,3
R FS DR U dl L D,7,12,75,8,4,14,3
R FS DR U L dl D,7,12,75,8,4,16,3
R FS U DR D dl L,7,12,75,8,4,14,3
R FS U DR dl D L,7,12,75,8,4,14,3
R FS U DR dl L D,7,12,75,8,4,14,3
R FS U DR L dl D,7,12,75,8,4,16,3
R FS U L DR dl D,7,12,75,8,4,14,3
R U DR dl FS D L,7,12,75,8,4,14,3
R U DR dl FS L D,7,12,75,8,4,14,3
R U DR FS D dl L,7,12,75,8,4,16,3
R U DR FS dl D L,7,12,75,8,4,16,3
R U DR FS dl L D,7,12,75,8,4,16,3
R U DR FS L dl D,7,12,75,8,4,16,3
R U FS DR D dl L,7,12,75,8,4,14,3
R U FS DR dl D L,7,12,75,8,4,14,3
R U FS DR dl L D,7,12,75,8,4,14,3
R U FS DR L dl D,7,12,75,8,4,16,3
R U FS L DR dl D,7,12,75,8,4,14,3
U FS L R DR dl D,7,12,75,8,4,14,4
U FS R DR D dl L,7,12,75,8,4,12,3
U FS R DR dl D L,7,12,75,8,4,12,3
U FS R DR dl L D,7,12,75,8,4,12,3
U FS R DR L dl D,7,12,75,8,4,14,3
U FS R L DR dl D,7,12,75,8,4,16,4
U R DR dl FS D L,7,12,75,8,4,12,3
U R DR dl FS L D,7,12,75,8,4,12,3
U R DR FS D dl L,7,12,75,8,4,14,3
U R DR FS dl D L,7,12,75,8,4,14,3
U R DR FS dl L D,7,12,75,8,4,14,3
U R DR FS L dl D,7,12,75,8,4,14,3
U R FS DR D dl L,7,12,75,8,4,14,3
U R FS DR dl D L,7,12,75,8,4,14,3
U R FS DR dl L D,7,12,75,8,4,14,3
U R FS DR L dl D,7,12,75,8,4,16,3
U R FS L DR dl D,7,12,75,8,4,14,3
DR FS R D U dl L,7,12,76,8,4,15,4
DR FS R U D dl L,7,12,76,8,4,17,4
DR FS R U dl D L,7,12,76,8,4,13,3
DR FS R U dl L D,7,12,76,8,4,13,3
DR FS R U L dl D,7,12,76,8,4,15,3
DR FS U L R dl D,7,12,76,8,4,15,4
DR FS U R D dl L,7,12,76,8,4,15,3
DR FS U R dl D L,7,12,76,8,4,13,3
DR FS U R dl L D,7,12,76,8,4,13,3
DR FS U R L dl D,7,12,76,8,4,17,4
DR R FS D U dl L,7,12,76,8,4,13,4
DR R FS U D dl L,7,12,76,8,4,15,4
DR R FS U dl D L,7,12,76,8,4,11,3
DR R FS U dl L D,7,12,76,8,4,11,3
DR R FS U L dl D,7,12,76,8,4,13,3
DR R U dl FS D L,7,12,76,8,4,11,3
DR R U dl FS L D,7,12,76,8,4,11,3
DR R U FS D dl L,7,12,76,8,4,13,3
DR R U FS dl D L,7,12,76,8,4,13,3
DR R U FS dl L D,7,12,76,8,4,13,3
DR R U FS L dl D,7,12,76,8,4,13,3
DR U FS L R dl D,7,12,76,8,4,15,4
DR U FS R D dl L,7,12,76,8,4,15,3
DR U FS R dl D L,7,12,76,8,4,13,3
DR U FS R dl L D,7,12,76,8,4,13,3
DR U FS R L dl D,7,12,76,8,4,17,4
DR U R dl FS D L,7,12,76,8,4,13,3
DR U R dl FS L D,7,12,76,8,4,13,3
DR U R FS D dl L,7,12,76,8,4,15,3
DR U R FS dl D L,7,12,76,8,4,15,3
DR U R FS dl L D,7,12,76,8,4,15,3
DR U R FS L dl D,7,12,76,8,4,15,3
FS DR R D U dl L,7,12,76,8,4,14,4
FS DR R U D dl L,7,12,76,8,4,16,4
FS DR R U dl D L,7,12,76,8,4,12,3
FS DR R U dl L D,7,12,76,8,4,12,3
FS DR R U L dl D,7,12,76,8,4,14,3
FS DR U L R dl D,7,12,76,8,4,16,4
FS DR U R D dl L,7,12,76,8,4,16,3
FS DR U R dl D L,7,12,76,8,4,14,3
FS DR U R dl L D,7,12,76,8,4,14,3
FS DR U R L dl D,7,12,76,8,4,18,4
FS U DR L R dl D,7,12,76,8,4,16,4
FS U DR R D dl L,7,12,76,8,4,14,3
FS U DR R dl D L,7,12,76,8,4,12,3
FS U DR R dl L D,7,12,76,8,4,12,3
FS U DR R L dl D,7,12,76,8,4,16,4
FS U L DR R dl D,7,12,76,8,4,12,3
U DR FS L R dl D,7,12,76,8,4,16,4
U DR FS R D dl L,7,12,76,8,4,16,3
U DR FS R dl D L,7,12,76,8,4,14,3
U DR FS R dl L D,7,12,76,8,4,14,3
U DR FS R L dl D,7,12,76,8,4,18,4
U DR R dl FS D L,7,12,76,8,4,12,3
U DR R dl FS L D,7,12,76,8,4,12,3
U DR R FS D dl L,7,12,76,8,4,14,3
U DR R FS dl D L,7,12,76,8,4,14,3
U DR R FS dl L D,7,12,76,8,4,14,3
U DR R FS L dl D,7,12,76,8,4,14,3
U FS DR L R dl D,7,12,76,8,4,16,4
U FS DR R D dl L,7,12,76,8,4,14,3
U FS DR R dl D L,7,12,76,8,4,12,3
U FS DR R dl L D,7,12,76,8,4,12,3
U FS DR R L dl D,7,12,76,8,4,16,4
U FS L DR R dl D,7,12,76,8,4,12,3
L R DR U dl FS D,2,12,77,9,4,14,4
L R DR U FS dl D,2,12,77,9,4,16,4
L R U DR dl FS D,2,12,77,9,4,16,4
L R U DR FS dl D,2,12,77,9,4,18,4
L R U FS DR dl D,2,12,77,9,4,16,4
L U FS R DR dl D,2,12,77,9,4,12,3
L U R DR dl FS D,2,12,77,9,4,12,3
L U R DR FS dl D,2,12,77,9,4,14,3
L U R FS DR dl D,2,12,77,9,4,14,3
R D DR FS U dl L,2,12,77,9,4,12,3
R D DR U dl FS L,2,12,77,9,4,12,3
R D DR U FS dl L,2,12,77,9,4,14,3
R D U DR dl FS L,2,12,77,9,4,16,4
R D U DR FS dl L,2,12,77,9,4,18,4
R DR D FS U dl L,2,12,77,9,4,10,3
R DR D U dl FS L,2,12,77,9,4,12,4
R DR D U FS dl L,2,12,77,9,4,14,4
R DR L U dl FS D,2,12,77,9,4,12,3
R DR L U FS dl D,2,12,77,9,4,14,3
R DR U D dl FS L,2,12,77,9,4,16,4
R DR U D FS dl L,2,12,77,9,4,16,4
R DR U dl D FS L,2,12,77,9,4,12,3
R DR U dl L FS D,2,12,77,9,4,12,3
R DR U L dl FS D,2,12,77,9,4,14,3
R DR U L FS dl D,2,12,77,9,4,14,3
R L DR U dl FS D,2,12,77,9,4,16,4
R L DR U FS dl D,2,12,77,9,4,18,4
R L U DR dl FS D,2,12,77,9,4,16,4
R L U DR FS dl D,2,12,77,9,4,18,4
R L U FS DR dl D,2,12,77,9,4,16,4
R U D DR dl FS L,2,12,77,9,4,14,4
R U D DR FS dl L,2,12,77,9,4,16,4
R U DR D dl FS L,2,12,77,9,4,14,3
R U DR D FS dl L,2,12,77,9,4,14,3
R U DR dl D FS L,2,12,77,9,4,14,3
R U DR dl L FS D,2,12,77,9,4,14,3
R U DR L dl FS D,2,12,77,9,4,16,3
R U DR L FS dl D,2,12,77,9,4,16,3
R U L DR dl FS D,2,12,77,9,4,14,3
R U L DR FS dl D,2,12,77,9,4,16,3
R U L FS DR dl D,2,12,77,9,4,14,3
U L FS R DR dl D,2,12,77,9,4,12,3
U L R DR dl FS D,2,12,77,9,4,14,4
U L R DR FS dl D,2,12,77,9,4,16,4
U L R FS DR dl D,2,12,77,9,4,16,4
U R D DR dl FS L,2,12,77,9,4,12,3
U R D DR FS dl L,2,12,77,9,4,14,3
U R DR D dl FS L,2,12,77,9,4,12,3
U R DR D FS dl L,2,12,77,9,4,12,3
U R DR dl D FS L,2,12,77,9,4,12,3
U R DR dl L FS D,2,12,77,9,4,12,3
U R DR L dl FS D,2,12,77,9,4,14,3
U R DR L FS dl D,2,12,77,9,4,14,3
U R L DR dl FS D,2,12,77,9,4,16,4
U R L DR FS dl D,2,12,77,9,4,18,4
U R L FS DR dl D,2,12,77,9,4,16,4
DR D R FS U dl L,2,12,78,9,4,11,3
DR D R U dl FS L,2,12,78,9,4,11,3
DR D R U FS dl L,2,12,78,9,4,13,3
DR D U R dl FS L,2,12,78,9,4,13,4
DR D U R FS dl L,2,12,78,9,4,15,4
DR L R U dl FS D,2,12,78,9,4,15,4
DR L R U FS dl D,2,12,78,9,4,17,4
DR L U FS R dl D,2,12,78,9,4,13,3
DR L U R dl FS D,2,12,78,9,4,13,3
DR L U R FS dl D,2,12,78,9,4,15,3
DR R D FS U dl L,2,12,78,9,4,11,3
DR R D U dl FS L,2,12,78,9,4,13,4
DR R D U FS dl L,2,12,78,9,4,15,4
DR R L U dl FS D,2,12,78,9,4,13,4
DR R L U FS dl D,2,12,78,9,4,15,4
DR R U D dl FS L,2,12,78,9,4,15,4
DR R U D FS dl L,2,12,78,9,4,15,4
DR R U dl D FS L,2,12,78,9,4,11,3
DR R U dl L FS D,2,12,78,9,4,11,3
DR R U L dl FS D,2,12,78,9,4,13,3
DR R U L FS dl D,2,12,78,9,4,13,3
DR U D R dl FS L,2,12,78,9,4,15,4
DR U D R FS dl L,2,12,78,9,4,17,4
DR U L FS R dl D,2,12,78,9,4,13,3
DR U L R dl FS D,2,12,78,9,4,15,4
DR U L R FS dl D,2,12,78,9,4,17,4
DR U R D dl FS L,2,12,78,9,4,15,3
DR U R D FS dl L,2,12,78,9,4,15,3
DR U R dl D FS L,2,12,78,9,4,13,3
DR U R dl L FS D,2,12,78,9,4,13,3
DR U R L dl FS D,2,12,78,9,4,17,4
DR U R L FS dl D,2,12,78,9,4,17,4
L DR R U dl FS D,2,12,78,9,4,12,3
L DR R U FS dl D,2,12,78,9,4,14,3
L DR U FS R dl D,2,12,78,9,4,14,3
L DR U R dl FS D,2,12,78,9,4,14,3
L DR U R FS dl D,2,12,78,9,4,16,3
L U DR FS R dl D,2,12,78,9,4,14,3
L U DR R dl FS D,2,12,78,9,4,12,3
L U DR R FS dl D,2,12,78,9,4,14,3
L U FS DR R dl D,2,12,78,9,4,12,3
U DR D R dl FS L,2,12,78,9,4,12,3
U DR D R FS dl L,2,12,78,9,4,14,3
U DR L FS R dl D,2,12,78,9,4,14,3
U DR L R dl FS D,2,12,78,9,4,16,4
U DR L R FS dl D,2,12,78,9,4,18,4
U DR R D dl FS L,2,12,78,9,4,14,3
U DR R D FS dl L,2,12,78,9,4,14,3
U DR R dl D FS L,2,12,78,9,4,12,3
U DR R dl L FS D,2,12,78,9,4,12,3
U DR R L dl FS D,2,12,78,9,4,16,4
U DR R L FS dl D,2,12,78,9,4,16,4
U L DR FS R dl D,2,12,78,9,4,14,3
U L DR R dl FS D,2,12,78,9,4,12,3
U L DR R FS dl D,2,12,78,9,4,14,3
U L FS DR R dl D,2,12,78,9,4,12,3
D DR R FS U dl L,2,12,79,9,4,10,3
D DR R U dl FS L,2,12,79,9,4,10,3
D DR R U FS dl L,2,12,79,9,4,12,3
D DR U R dl FS L,2,12,79,9,4,12,3
D DR U R FS dl L,2,12,79,9,4,14,3
D R DR FS U dl L,2,12,79,9,4,12,3
D R DR U dl FS L,2,12,79,9,4,12,3
D R DR U FS dl L,2,12,79,9,4,14,3
D R U DR dl FS L,2,12,79,9,4,14,3
D R U DR FS dl L,2,12,79,9,4,16,3
D U DR R dl FS L,2,12,79,9,4,14,4
D U DR R FS dl L,2,12,79,9,4,16,4
D U R DR dl FS L,2,12,79,9,4,14,4
D U R DR FS dl L,2,12,79,9,4,16,4
U D DR R dl FS L,2,12,79,9,4,12,4
U D DR R FS dl L,2,12,79,9,4,14,4
U D R DR dl FS L,2,12,79,9,4,14,4
U D R DR FS dl L,2,12,79,9,4,16,4
