order,min_memo,max_memo,sum_memo,memorized,d_moves,pin_changes,max_pin_changes
FS L DR U ul R dl,2,12,34,5,3,13,3
FS L DR ul R U dl,2,12,34,5,3,11,3
FS L DR ul U R dl,2,12,34,5,3,13,3
FS L U DR ul R dl,2,12,34,5,3,11,3
FS L U ul DR R dl,2,12,34,5,3,11,3
FS L ul DR R U dl,2,12,34,5,3,11,3
FS L ul DR U R dl,2,12,34,5,3,13,3
FS L ul U DR R dl,2,12,34,5,3,13,3
FS ul L DR R U dl,2,12,34,5,3,11,3
FS ul L DR U R dl,2,12,34,5,3,13,3
FS ul L U DR R dl,2,12,34,5,3,11,3
L DR FS U ul R dl,2,12,34,5,3,13,3
L DR FS ul R U dl,2,12,34,5,3,11,3
L DR FS ul U R dl,2,12,34,5,3,13,3
L DR ul FS R U dl,2,12,34,5,3,11,3
L DR ul FS U R dl,2,12,34,5,3,11,3
L FS DR U ul R dl,2,12,34,5,3,13,3
L FS DR ul R U dl,2,12,34,5,3,11,3
L FS DR ul U R dl,2,12,34,5,3,13,3
L FS U DR ul R dl,2,12,34,5,3,11,3
L FS U ul DR R dl,2,12,34,5,3,11,3
L FS ul DR R U dl,2,12,34,5,3,9,2
L FS ul DR U R dl,2,12,34,5,3,11,3
L FS ul U DR R dl,2,12,34,5,3,11,3
L ul DR FS R U dl,2,12,34,5,3,13,3
L ul DR FS U R dl,2,12,34,5,3,13,3
L ul FS DR R U dl,2,12,34,5,3,11,3
L ul FS DR U R dl,2,12,34,5,3,13,3
L ul FS U DR R dl,2,12,34,5,3,11,3
ul FS L DR R U dl,2,12,34,5,3,10,3
ul FS L DR U R dl,2,12,34,5,3,12,3
ul FS L U DR R dl,2,12,34,5,3,10,3
ul L DR FS R U dl,2,12,34,5,3,14,3
ul L DR FS U R dl,2,12,34,5,3,14,3
ul L FS DR R U dl,2,12,34,5,3,12,3
ul L FS DR U R dl,2,12,34,5,3,14,3
ul L FS U DR R dl,2,12,34,5,3,12,3
dl FS L DR U R ul,2,11,38,5,3,14,3
dl FS L U DR R ul,2,11,38,5,3,12,3
dl L DR FS U R ul,2,11,38,5,3,14,3
dl L FS DR U R ul,2,11,38,5,3,14,3
dl L FS U DR R ul,2,11,38,5,3,12,3
FS dl L DR U R ul,2,11,38,5,3,15,3
FS dl L U DR R ul,2,11,38,5,3,13,3
FS L dl DR U R ul,2,11,38,5,3,13,3
FS L dl U DR R ul,2,11,38,5,3,11,3
FS L DR dl U R ul,2,11,38,5,3,11,3
FS L DR U dl R ul,2,11,38,5,3,11,3
FS L U dl DR R ul,2,11,38,5,3,9,2
FS L U DR dl R ul,2,11,38,5,3,11,3
L dl DR FS U R ul,2,11,38,5,3,13,3
L dl FS DR U R ul,2,11,38,5,3,15,3
L dl FS U DR R ul,2,11,38,5,3,13,3
L DR dl FS U R ul,2,11,38,5,3,13,3
L DR FS dl U R ul,2,11,38,5,3,13,3
L DR FS U dl R ul,2,11,38,5,3,11,3
L FS dl DR U R ul,2,11,38,5,3,13,3
L FS dl U DR R ul,2,11,38,5,3,11,3
L FS DR dl U R ul,2,11,38,5,3,11,3
L FS DR U dl R ul,2,11,38,5,3,11,3
L FS U dl DR R ul,2,11,38,5,3,9,2
L FS U DR dl R ul,2,11,38,5,3,11,3
DR FS L U ul R dl,2,12,38,5,3,12,3
DR FS L ul R U dl,2,12,38,5,3,12,3
DR FS L ul U R dl,2,12,38,5,3,14,3
DR FS ul L R U dl,2,12,38,5,3,14,4
DR FS ul L U R dl,2,12,38,5,3,12,3
DR FS ul R L U dl,2,12,38,5,3,12,4
DR L FS U ul R dl,2,12,38,5,3,12,3
DR L FS ul R U dl,2,12,38,5,3,10,3
DR L FS ul U R dl,2,12,38,5,3,12,3
DR L ul FS R U dl,2,12,38,5,3,12,3
DR L ul FS U R dl,2,12,38,5,3,12,3
DR ul FS L R U dl,2,12,38,5,3,12,4
DR ul FS L U R dl,2,12,38,5,3,10,2
DR ul FS R L U dl,2,12,38,5,3,12,4
DR ul L FS R U dl,2,12,38,5,3,12,3
DR ul L FS U R dl,2,12,38,5,3,12,3
FS DR L U ul R dl,2,12,38,5,3,13,3
FS DR L ul R U dl,2,12,38,5,3,13,3
FS DR L ul U R dl,2,12,38,5,3,15,3
FS DR ul L R U dl,2,12,38,5,3,15,4
FS DR ul L U R dl,2,12,38,5,3,13,3
FS DR ul R L U dl,2,12,38,5,3,13,4
FS ul DR L R U dl,2,12,38,5,3,13,4
FS ul DR L U R dl,2,12,38,5,3,11,3
FS ul DR R L U dl,2,12,38,5,3,11,4
ul DR FS L R U dl,2,12,38,5,3,14,4
ul DR FS L U R dl,2,12,38,5,3,12,3
ul DR FS R L U dl,2,12,38,5,3,14,4
ul DR L FS R U dl,2,12,38,5,3,12,3
ul DR L FS U R dl,2,12,38,5,3,12,3
ul FS DR L R U dl,2,12,38,5,3,14,4
ul FS DR L U R dl,2,12,38,5,3,12,3
ul FS DR R L U dl,2,12,38,5,3,12,4
FS R ul DR L U dl,2,12,41,5,3,11,3
FS ul R DR L U dl,2,12,41,5,3,9,3
R FS ul DR L U dl,2,12,41,5,3,11,3
R ul FS DR L U dl,2,12,41,5,3,11,3
ul FS R DR L U dl,2,12,41,5,3,10,3
ul R FS DR L U dl,2,12,41,5,3,12,3
dl DR FS L U R ul,6,11,42,5,3,12,3
dl DR L FS U R ul,6,11,42,5,3,12,3
dl FS DR L U R ul,6,11,42,5,3,14,3
DR dl FS L U R ul,6,11,42,5,3,12,3
DR dl L FS U R ul,6,11,42,5,3,12,3
DR FS dl L U R ul,6,11,42,5,3,14,3
DR FS L dl U R ul,6,11,42,5,3,12,3
DR FS L U dl R ul,6,11,42,5,3,10,3
DR L dl FS U R ul,6,11,42,5,3,14,3
DR L FS dl U R ul,6,11,42,5,3,12,3
DR L FS U dl R ul,6,11,42,5,3,10,3
FS dl DR L U R ul,6,11,42,5,3,13,3
FS DR dl L U R ul,6,11,42,5,3,13,3
FS DR L dl U R ul,6,11,42,5,3,13,3
FS DR L U dl R ul,6,11,42,5,3,11,3
dl L DR R U ul FS,2,12,43,6,3,13,3
dl L DR R ul U FS,2,12,43,6,3,13,3
dl L DR ul R U FS,2,12,43,6,3,13,3
dl L R DR U ul FS,2,12,43,6,3,15,4
dl L R DR ul U FS,2,12,43,6,3,15,4
dl L R ul DR U FS,2,12,43,6,3,15,4
dl L ul DR R U FS,2,12,43,6,3,13,3
dl L ul R DR U FS,2,12,43,6,3,13,3
dl R L DR U ul FS,2,12,43,6,3,15,4
dl R L DR ul U FS,2,12,43,6,3,15,4
dl R L ul DR U FS,2,12,43,6,3,15,4
dl R ul L DR U FS,2,12,43,6,3,13,3
dl ul L DR R U FS,2,12,43,6,3,13,3
dl ul L R DR U FS,2,12,43,6,3,15,4
dl ul R L DR U FS,2,12,43,6,3,15,4
FS L DR R U ul dl,2,12,43,6,3,13,3
FS L DR R ul U dl,2,12,43,6,3,11,3
FS L DR U R ul dl,2,12,43,6,3,13,3
FS L R DR U ul dl,2,12,43,6,3,15,4
FS L R DR ul U dl,2,12,43,6,3,13,4
FS L R U DR ul dl,2,12,43,6,3,15,4
FS L R U ul DR dl,2,12,43,6,3,15,4
FS L R ul DR U dl,2,12,43,6,3,13,4
FS L R ul U DR dl,2,12,43,6,3,15,4
FS L U DR R ul dl,2,12,43,6,3,11,3
FS L U R DR ul dl,2,12,43,6,3,11,2
FS L U R ul DR dl,2,12,43,6,3,11,2
FS L U ul R DR dl,2,12,43,6,3,11,3
FS L ul R DR U dl,2,12,43,6,3,11,3
FS L ul R U DR dl,2,12,43,6,3,13,3
FS L ul U R DR dl,2,12,43,6,3,13,3
FS R L DR U ul dl,2,12,43,6,3,17,4
FS R L DR ul U dl,2,12,43,6,3,15,4
FS R L U DR ul dl,2,12,43,6,3,15,4
FS R L U ul DR dl,2,12,43,6,3,15,4
FS R L ul DR U dl,2,12,43,6,3,15,4
FS R L ul U DR dl,2,12,43,6,3,17,4
FS R ul L DR U dl,2,12,43,6,3,13,3
FS R ul L U DR dl,2,12,43,6,3,13,3
FS ul L R DR U dl,2,12,43,6,3,13,4
FS ul L R U DR dl,2,12,43,6,3,15,4
FS ul L U R DR dl,2,12,43,6,3,11,3
FS ul R L DR U dl,2,12,43,6,3,13,4
FS ul R L U DR dl,2,12,43,6,3,13,4
L dl DR R U ul FS,2,12,43,6,3,12,3
L dl DR R ul U FS,2,12,43,6,3,12,3
L dl DR ul R U FS,2,12,43,6,3,12,3
L dl R DR U ul FS,2,12,43,6,3,12,3
L dl R DR ul U FS,2,12,43,6,3,12,3
L dl R ul DR U FS,2,12,43,6,3,12,3
L dl ul DR R U FS,2,12,43,6,3,12,3
L dl ul R DR U FS,2,12,43,6,3,12,3
L DR dl R U ul FS,2,12,43,6,3,12,3
L DR dl R ul U FS,2,12,43,6,3,12,3
L DR dl ul R U FS,2,12,43,6,3,12,3
L DR FS R U ul dl,2,12,43,6,3,15,3
L DR FS R ul U dl,2,12,43,6,3,13,3
L DR FS U R ul dl,2,12,43,6,3,13,3
L DR R dl U ul FS,2,12,43,6,3,10,3
L DR R dl ul U FS,2,12,43,6,3,12,3
L DR R FS U ul dl,2,12,43,6,3,13,3
L DR R FS ul U dl,2,12,43,6,3,11,3
L DR R ul dl U FS,2,12,43,6,3,10,3
L DR R ul FS U dl,2,12,43,6,3,9,3
L DR ul dl R U FS,2,12,43,6,3,12,3
L DR ul R dl U FS,2,12,43,6,3,10,3
L DR ul R FS U dl,2,12,43,6,3,11,3
L FS DR R U ul dl,2,12,43,6,3,13,3
L FS DR R ul U dl,2,12,43,6,3,11,3
L FS DR U R ul dl,2,12,43,6,3,13,3
L FS R DR U ul dl,2,12,43,6,3,13,3
L FS R DR ul U dl,2,12,43,6,3,11,3
L FS R U DR ul dl,2,12,43,6,3,13,3
L FS R U ul DR dl,2,12,43,6,3,13,3
L FS R ul DR U dl,2,12,43,6,3,11,3
L FS R ul U DR dl,2,12,43,6,3,13,3
L FS U DR R ul dl,2,12,43,6,3,11,3
L FS U R DR ul dl,2,12,43,6,3,11,2
L FS U R ul DR dl,2,12,43,6,3,11,2
L FS U ul R DR dl,2,12,43,6,3,11,3
L FS ul R DR U dl,2,12,43,6,3,9,3
L FS ul R U DR dl,2,12,43,6,3,11,3
L FS ul U R DR dl,2,12,43,6,3,11,3
L R dl DR U ul FS,2,12,43,6,3,14,4
L R dl DR ul U FS,2,12,43,6,3,14,4
L R dl ul DR U FS,2,12,43,6,3,14,4
L R DR dl U ul FS,2,12,43,6,3,12,4
L R DR dl ul U FS,2,12,43,6,3,14,4
L R DR FS U ul dl,2,12,43,6,3,15,4
L R DR FS ul U dl,2,12,43,6,3,13,4
L R DR ul dl U FS,2,12,43,6,3,12,4
L R DR ul FS U dl,2,12,43,6,3,11,4
L R FS DR U ul dl,2,12,43,6,3,17,4
L R FS DR ul U dl,2,12,43,6,3,15,4
L R FS U DR ul dl,2,12,43,6,3,15,4
L R FS U ul DR dl,2,12,43,6,3,15,4
L R FS ul DR U dl,2,12,43,6,3,13,4
L R FS ul U DR dl,2,12,43,6,3,15,4
L R ul dl DR U FS,2,12,43,6,3,14,4
L R ul DR dl U FS,2,12,43,6,3,12,4
L R ul DR FS U dl,2,12,43,6,3,13,4
L R ul FS DR U dl,2,12,43,6,3,13,4
L R ul FS U DR dl,2,12,43,6,3,13,4
L ul dl DR R U FS,2,12,43,6,3,12,3
L ul dl R DR U FS,2,12,43,6,3,12,3
L ul DR dl R U FS,2,12,43,6,3,12,3
L ul DR R dl U FS,2,12,43,6,3,10,3
L ul DR R FS U dl,2,12,43,6,3,11,3
L ul FS R DR U dl,2,12,43,6,3,11,3
L ul FS R U DR dl,2,12,43,6,3,13,3
L ul FS U R DR dl,2,12,43,6,3,11,3
L ul R dl DR U FS,2,12,43,6,3,12,3
L ul R DR dl U FS,2,12,43,6,3,10,3
L ul R DR FS U dl,2,12,43,6,3,11,3
L ul R FS DR U dl,2,12,43,6,3,13,3
L ul R FS U DR dl,2,12,43,6,3,13,3
R dl L DR U ul FS,2,12,43,6,3,14,3
R dl L DR ul U FS,2,12,43,6,3,14,3
R dl L ul DR U FS,2,12,43,6,3,14,3
R dl ul L DR U FS,2,12,43,6,3,14,3
R FS L DR U ul dl,2,12,43,6,3,15,3
R FS L DR ul U dl,2,12,43,6,3,13,3
R FS L U DR ul dl,2,12,43,6,3,13,3
R FS L U ul DR dl,2,12,43,6,3,13,3
R FS L ul DR U dl,2,12,43,6,3,13,3
R FS L ul U DR dl,2,12,43,6,3,15,3
R FS ul L DR U dl,2,12,43,6,3,13,3
R FS ul L U DR dl,2,12,43,6,3,13,3
R L dl DR U ul FS,2,12,43,6,3,16,4
R L dl DR ul U FS,2,12,43,6,3,16,4
R L dl ul DR U FS,2,12,43,6,3,16,4
R L DR dl U ul FS,2,12,43,6,3,14,4
R L DR dl ul U FS,2,12,43,6,3,16,4
R L DR FS U ul dl,2,12,43,6,3,17,4
R L DR FS ul U dl,2,12,43,6,3,15,4
R L DR ul dl U FS,2,12,43,6,3,14,4
R L DR ul FS U dl,2,12,43,6,3,13,4
R L FS DR U ul dl,2,12,43,6,3,17,4
R L FS DR ul U dl,2,12,43,6,3,15,4
R L FS U DR ul dl,2,12,43,6,3,15,4
R L FS U ul DR dl,2,12,43,6,3,15,4
R L FS ul DR U dl,2,12,43,6,3,13,4
R L FS ul U DR dl,2,12,43,6,3,15,4
R L ul dl DR U FS,2,12,43,6,3,16,4
R L ul DR dl U FS,2,12,43,6,3,14,4
R L ul DR FS U dl,2,12,43,6,3,15,4
R L ul FS DR U dl,2,12,43,6,3,15,4
R L ul FS U DR dl,2,12,43,6,3,15,4
R ul dl L DR U FS,2,12,43,6,3,14,3
R ul FS L DR U dl,2,12,43,6,3,11,3
R ul FS L U DR dl,2,12,43,6,3,11,3
R ul L dl DR U FS,2,12,43,6,3,14,3
R ul L DR dl U FS,2,12,43,6,3,12,3
R ul L DR FS U dl,2,12,43,6,3,13,3
R ul L FS DR U dl,2,12,43,6,3,13,3
R ul L FS U DR dl,2,12,43,6,3,13,3
ul dl L DR R U FS,2,12,43,6,3,13,3
ul dl L R DR U FS,2,12,43,6,3,15,4
ul dl R L DR U FS,2,12,43,6,3,15,4
ul FS L R DR U dl,2,12,43,6,3,12,4
ul FS L R U DR dl,2,12,43,6,3,14,4
ul FS L U R DR dl,2,12,43,6,3,10,2
ul FS R L DR U dl,2,12,43,6,3,14,4
ul FS R L U DR dl,2,12,43,6,3,14,4
ul L dl DR R U FS,2,12,43,6,3,13,3
ul L dl R DR U FS,2,12,43,6,3,13,3
ul L DR dl R U FS,2,12,43,6,3,13,3
ul L DR R dl U FS,2,12,43,6,3,11,3
ul L DR R FS U dl,2,12,43,6,3,12,3
ul L FS R DR U dl,2,12,43,6,3,12,3
ul L FS R U DR dl,2,12,43,6,3,14,3
ul L FS U R DR dl,2,12,43,6,3,12,3
ul L R dl DR U FS,2,12,43,6,3,15,4
ul L R DR dl U FS,2,12,43,6,3,13,4
ul L R DR FS U dl,2,12,43,6,3,14,4
ul L R FS DR U dl,2,12,43,6,3,16,4
ul L R FS U DR dl,2,12,43,6,3,16,4
ul R dl L DR U FS,2,12,43,6,3,13,3
ul R FS L DR U dl,2,12,43,6,3,12,3
ul R FS L U DR dl,2,12,43,6,3,12,3
ul R L dl DR U FS,2,12,43,6,3,15,4
ul R L DR dl U FS,2,12,43,6,3,13,4
ul R L DR FS U dl,2,12,43,6,3,14,4
ul R L FS DR U dl,2,12,43,6,3,14,4
ul R L FS U DR dl,2,12,43,6,3,14,4
FS U L DR ul R dl,2,12,44,5,3,11,3
FS U L ul DR R dl,2,12,44,5,3,11,3
FS U ul L DR R dl,2,12,44,5,3,13,3
FS ul U L DR R dl,2,12,44,5,3,11,3
U FS L DR ul R dl,2,12,44,5,3,11,3
U FS L ul DR R dl,2,12,44,5,3,11,3
U FS ul L DR R dl,2,12,44,5,3,11,3
U ul FS L DR R dl,2,12,44,5,3,11,3
ul FS U L DR R dl,2,12,44,5,3,10,3
ul U FS L DR R dl,2,12,44,5,3,12,3
dl L DR U R ul FS,2,12,46,6,3,13,3
dl L DR U ul R FS,2,12,46,6,3,15,3
dl L DR ul U R FS,2,12,46,6,3,15,3
dl L U DR R ul FS,2,12,46,6,3,11,3
dl L U DR ul R FS,2,12,46,6,3,13,3
dl L U ul DR R FS,2,12,46,6,3,13,3
dl L ul DR U R FS,2,12,46,6,3,15,3
dl L ul U DR R FS,2,12,46,6,3,15,3
dl U L DR R ul FS,2,12,46,6,3,9,3
dl U L DR ul R FS,2,12,46,6,3,11,3
dl U L ul DR R FS,2,12,46,6,3,11,3
dl U ul L DR R FS,2,12,46,6,3,13,3
dl ul L DR U R FS,2,12,46,6,3,15,3
dl ul L U DR R FS,2,12,46,6,3,13,3
dl ul U L DR R FS,2,12,46,6,3,13,3
L dl DR U R ul FS,2,12,46,6,3,12,3
L dl DR U ul R FS,2,12,46,6,3,14,3
L dl DR ul U R FS,2,12,46,6,3,14,3
L dl U DR R ul FS,2,12,46,6,3,10,3
L dl U DR ul R FS,2,12,46,6,3,12,3
L dl U ul DR R FS,2,12,46,6,3,12,3
L dl ul DR U R FS,2,12,46,6,3,14,3
L dl ul U DR R FS,2,12,46,6,3,14,3
L DR dl U R ul FS,2,12,46,6,3,10,3
L DR dl U ul R FS,2,12,46,6,3,12,3
L DR dl ul U R FS,2,12,46,6,3,14,3
L DR U dl R ul FS,2,12,46,6,3,10,3
L DR U dl ul R FS,2,12,46,6,3,12,3
L DR U FS ul R dl,2,12,46,6,3,11,3
L DR U ul dl R FS,2,12,46,6,3,14,3
L DR U ul FS R dl,2,12,46,6,3,13,3
L DR ul dl U R FS,2,12,46,6,3,12,3
L DR ul U dl R FS,2,12,46,6,3,12,3
L DR ul U FS R dl,2,12,46,6,3,13,3
L U dl DR R ul FS,2,12,46,6,3,8,2
L U dl DR ul R FS,2,12,46,6,3,10,2
L U dl ul DR R FS,2,12,46,6,3,10,2
L U DR dl R ul FS,2,12,46,6,3,10,3
L U DR dl ul R FS,2,12,46,6,3,12,3
L U DR FS ul R dl,2,12,46,6,3,11,3
L U DR ul dl R FS,2,12,46,6,3,12,3
L U DR ul FS R dl,2,12,46,6,3,11,3
L U FS DR ul R dl,2,12,46,6,3,11,3
L U FS ul DR R dl,2,12,46,6,3,9,2
L U ul dl DR R FS,2,12,46,6,3,12,3
L U ul DR dl R FS,2,12,46,6,3,12,3
L U ul DR FS R dl,2,12,46,6,3,13,3
L U ul FS DR R dl,2,12,46,6,3,11,3
L ul dl DR U R FS,2,12,46,6,3,14,3
L ul dl U DR R FS,2,12,46,6,3,12,3
L ul DR dl U R FS,2,12,46,6,3,12,3
L ul DR U dl R FS,2,12,46,6,3,12,3
L ul DR U FS R dl,2,12,46,6,3,13,3
L ul U dl DR R FS,2,12,46,6,3,12,3
L ul U DR dl R FS,2,12,46,6,3,14,3
L ul U DR FS R dl,2,12,46,6,3,15,3
L ul U FS DR R dl,2,12,46,6,3,13,3
U dl L DR R ul FS,2,12,46,6,3,10,3
U dl L DR ul R FS,2,12,46,6,3,12,3
U dl L ul DR R FS,2,12,46,6,3,12,3
U dl ul L DR R FS,2,12,46,6,3,12,3
U L dl DR R ul FS,2,12,46,6,3,10,3
U L dl DR ul R FS,2,12,46,6,3,12,3
U L dl ul DR R FS,2,12,46,6,3,12,3
U L DR dl R ul FS,2,12,46,6,3,10,3
U L DR dl ul R FS,2,12,46,6,3,12,3
U L DR FS ul R dl,2,12,46,6,3,11,3
U L DR ul dl R FS,2,12,46,6,3,12,3
U L DR ul FS R dl,2,12,46,6,3,11,3
U L FS DR ul R dl,2,12,46,6,3,11,3
U L FS ul DR R dl,2,12,46,6,3,9,2
U L ul dl DR R FS,2,12,46,6,3,12,3
U L ul DR dl R FS,2,12,46,6,3,12,3
U L ul DR FS R dl,2,12,46,6,3,13,3
U L ul FS DR R dl,2,12,46,6,3,11,3
U ul dl L DR R FS,2,12,46,6,3,14,3
U ul L dl DR R FS,2,12,46,6,3,14,3
U ul L DR dl R FS,2,12,46,6,3,14,3
U ul L DR FS R dl,2,12,46,6,3,15,3
U ul L FS DR R dl,2,12,46,6,3,13,3
ul dl L DR U R FS,2,12,46,6,3,15,3
ul dl L U DR R FS,2,12,46,6,3,13,3
ul dl U L DR R FS,2,12,46,6,3,11,3
ul L dl DR U R FS,2,12,46,6,3,15,3
ul L dl U DR R FS,2,12,46,6,3,13,3
ul L DR dl U R FS,2,12,46,6,3,13,3
ul L DR U dl R FS,2,12,46,6,3,13,3
ul L DR U FS R dl,2,12,46,6,3,14,3
ul L U dl DR R FS,2,12,46,6,3,11,3
ul L U DR dl R FS,2,12,46,6,3,13,3
ul L U DR FS R dl,2,12,46,6,3,14,3
ul L U FS DR R dl,2,12,46,6,3,12,3
ul U dl L DR R FS,2,12,46,6,3,13,3
ul U L dl DR R FS,2,12,46,6,3,13,3
ul U L DR dl R FS,2,12,46,6,3,13,3
ul U L DR FS R dl,2,12,46,6,3,14,3
ul U L FS DR R dl,2,12,46,6,3,12,3
dl FS L DR R U ul,2,11,47,6,3,14,3
dl FS L R DR U ul,2,11,47,6,3,16,4
dl FS L R U DR ul,2,11,47,6,3,16,4
dl FS L U R DR ul,2,11,47,6,3,12,3
dl FS R L DR U ul,2,11,47,6,3,18,4
dl FS R L U DR ul,2,11,47,6,3,16,4
dl L DR FS R U ul,2,11,47,6,3,16,3
dl L DR R FS U ul,2,11,47,6,3,14,3
dl L DR R U FS ul,2,11,47,6,3,12,3
dl L FS DR R U ul,2,11,47,6,3,14,3
dl L FS R DR U ul,2,11,47,6,3,14,3
dl L FS R U DR ul,2,11,47,6,3,14,3
dl L FS U R DR ul,2,11,47,6,3,12,3
dl L R DR FS U ul,2,11,47,6,3,16,4
dl L R DR U FS ul,2,11,47,6,3,14,4
dl L R FS DR U ul,2,11,47,6,3,18,4
dl L R FS U DR ul,2,11,47,6,3,16,4
dl R FS L DR U ul,2,11,47,6,3,14,3
dl R FS L U DR ul,2,11,47,6,3,12,3
dl R L DR FS U ul,2,11,47,6,3,16,4
dl R L DR U FS ul,2,11,47,6,3,14,4
dl R L FS DR U ul,2,11,47,6,3,16,4
dl R L FS U DR ul,2,11,47,6,3,14,4
FS dl L DR R U ul,2,11,47,6,3,15,3
FS dl L R DR U ul,2,11,47,6,3,17,4
FS dl L R U DR ul,2,11,47,6,3,17,4
FS dl L U R DR ul,2,11,47,6,3,13,3
FS dl R L DR U ul,2,11,47,6,3,17,4
FS dl R L U DR ul,2,11,47,6,3,15,4
FS L dl DR R U ul,2,11,47,6,3,13,3
FS L dl R DR U ul,2,11,47,6,3,13,3
FS L dl R U DR ul,2,11,47,6,3,13,3
FS L dl U R DR ul,2,11,47,6,3,11,3
FS L DR dl R U ul,2,11,47,6,3,13,3
FS L DR R dl U ul,2,11,47,6,3,11,3
FS L DR R U dl ul,2,11,47,6,3,11,3
FS L DR U R dl ul,2,11,47,6,3,13,3
FS L R dl DR U ul,2,11,47,6,3,15,4
FS L R dl U DR ul,2,11,47,6,3,13,4
FS L R DR dl U ul,2,11,47,6,3,13,4
FS L R DR U dl ul,2,11,47,6,3,13,4
FS L R U dl DR ul,2,11,47,6,3,13,4
FS L R U DR dl ul,2,11,47,6,3,15,4
FS L U dl R DR ul,2,11,47,6,3,9,2
FS L U DR R dl ul,2,11,47,6,3,11,3
FS L U R dl DR ul,2,11,47,6,3,11,2
FS L U R DR dl ul,2,11,47,6,3,11,2
FS R dl L DR U ul,2,11,47,6,3,15,3
FS R dl L U DR ul,2,11,47,6,3,13,3
FS R L dl DR U ul,2,11,47,6,3,17,4
FS R L dl U DR ul,2,11,47,6,3,15,4
FS R L DR dl U ul,2,11,47,6,3,15,4
FS R L DR U dl ul,2,11,47,6,3,15,4
FS R L U dl DR ul,2,11,47,6,3,13,4
FS R L U DR dl ul,2,11,47,6,3,15,4
L dl DR FS R U ul,2,11,47,6,3,15,3
L dl DR R FS U ul,2,11,47,6,3,13,3
L dl DR R U FS ul,2,11,47,6,3,11,3
L dl FS DR R U ul,2,11,47,6,3,15,3
L dl FS R DR U ul,2,11,47,6,3,15,3
L dl FS R U DR ul,2,11,47,6,3,15,3
L dl FS U R DR ul,2,11,47,6,3,13,3
L dl R DR FS U ul,2,11,47,6,3,13,3
L dl R DR U FS ul,2,11,47,6,3,11,3
L dl R FS DR U ul,2,11,47,6,3,15,3
L dl R FS U DR ul,2,11,47,6,3,13,3
L DR dl FS R U ul,2,11,47,6,3,15,3
L DR dl R FS U ul,2,11,47,6,3,13,3
L DR dl R U FS ul,2,11,47,6,3,11,3
L DR FS dl R U ul,2,11,47,6,3,15,3
L DR FS R dl U ul,2,11,47,6,3,13,3
L DR FS R U dl ul,2,11,47,6,3,13,3
L DR FS U R dl ul,2,11,47,6,3,13,3
L DR R dl FS U ul,2,11,47,6,3,13,3
L DR R dl U FS ul,2,11,47,6,3,9,3
L DR R FS dl U ul,2,11,47,6,3,13,3
L DR R FS U dl ul,2,11,47,6,3,11,3
L FS dl DR R U ul,2,11,47,6,3,13,3
L FS dl R DR U ul,2,11,47,6,3,13,3
L FS dl R U DR ul,2,11,47,6,3,13,3
L FS dl U R DR ul,2,11,47,6,3,11,3
L FS DR dl R U ul,2,11,47,6,3,13,3
L FS DR R dl U ul,2,11,47,6,3,11,3
L FS DR R U dl ul,2,11,47,6,3,11,3
L FS DR U R dl ul,2,11,47,6,3,13,3
L FS R dl DR U ul,2,11,47,6,3,13,3
L FS R dl U DR ul,2,11,47,6,3,11,3
L FS R DR dl U ul,2,11,47,6,3,11,3
L FS R DR U dl ul,2,11,47,6,3,11,3
L FS R U dl DR ul,2,11,47,6,3,11,2
L FS R U DR dl ul,2,11,47,6,3,13,3
L FS U dl R DR ul,2,11,47,6,3,9,2
L FS U DR R dl ul,2,11,47,6,3,11,3
L FS U R dl DR ul,2,11,47,6,3,11,2
L FS U R DR dl ul,2,11,47,6,3,11,2
L R dl DR FS U ul,2,11,47,6,3,15,4
L R dl DR U FS ul,2,11,47,6,3,13,4
L R dl FS DR U ul,2,11,47,6,3,17,4
L R dl FS U DR ul,2,11,47,6,3,15,4
L R DR dl FS U ul,2,11,47,6,3,15,4
L R DR dl U FS ul,2,11,47,6,3,11,4
L R DR FS dl U ul,2,11,47,6,3,15,4
L R DR FS U dl ul,2,11,47,6,3,13,4
L R FS dl DR U ul,2,11,47,6,3,17,4
L R FS dl U DR ul,2,11,47,6,3,15,4
L R FS DR dl U ul,2,11,47,6,3,15,4
L R FS DR U dl ul,2,11,47,6,3,15,4
L R FS U dl DR ul,2,11,47,6,3,13,4
L R FS U DR dl ul,2,11,47,6,3,15,4
R dl FS L DR U ul,2,11,47,6,3,15,3
R dl FS L U DR ul,2,11,47,6,3,13,3
R dl L DR FS U ul,2,11,47,6,3,15,3
R dl L DR U FS ul,2,11,47,6,3,13,3
R dl L FS DR U ul,2,11,47,6,3,15,3
R dl L FS U DR ul,2,11,47,6,3,13,3
R FS dl L DR U ul,2,11,47,6,3,17,3
R FS dl L U DR ul,2,11,47,6,3,15,3
R FS L dl DR U ul,2,11,47,6,3,15,3
R FS L dl U DR ul,2,11,47,6,3,13,3
R FS L DR dl U ul,2,11,47,6,3,13,3
R FS L DR U dl ul,2,11,47,6,3,13,3
R FS L U dl DR ul,2,11,47,6,3,11,2
R FS L U DR dl ul,2,11,47,6,3,13,3
R L dl DR FS U ul,2,11,47,6,3,17,4
R L dl DR U FS ul,2,11,47,6,3,15,4
R L dl FS DR U ul,2,11,47,6,3,19,4
R L dl FS U DR ul,2,11,47,6,3,17,4
R L DR dl FS U ul,2,11,47,6,3,17,4
R L DR dl U FS ul,2,11,47,6,3,13,4
R L DR FS dl U ul,2,11,47,6,3,17,4
R L DR FS U dl ul,2,11,47,6,3,15,4
R L FS dl DR U ul,2,11,47,6,3,17,4
R L FS dl U DR ul,2,11,47,6,3,15,4
R L FS DR dl U ul,2,11,47,6,3,15,4
R L FS DR U dl ul,2,11,47,6,3,15,4
R L FS U dl DR ul,2,11,47,6,3,13,4
R L FS U DR dl ul,2,11,47,6,3,15,4
dl DR L R U ul FS,2,12,47,6,3,15,4
dl DR L R ul U FS,2,12,47,6,3,15,4
dl DR L ul R U FS,2,12,47,6,3,13,3
dl DR R L U ul FS,2,12,47,6,3,13,4
dl DR R L ul U FS,2,12,47,6,3,15,4
dl DR R U L ul FS,2,12,47,6,3,11,3
dl DR R U ul L FS,2,12,47,6,3,13,3
dl DR R ul L U FS,2,12,47,6,3,11,3
dl DR R ul U L FS,2,12,47,6,3,11,3
dl DR ul L R U FS,2,12,47,6,3,15,4
dl DR ul R L U FS,2,12,47,6,3,13,4
dl DR ul R U L FS,2,12,47,6,3,11,2
dl R DR L U ul FS,2,12,47,6,3,11,3
dl R DR L ul U FS,2,12,47,6,3,13,3
dl R DR U L ul FS,2,12,47,6,3,11,3
dl R DR U ul L FS,2,12,47,6,3,13,3
dl R DR ul L U FS,2,12,47,6,3,11,3
dl R DR ul U L FS,2,12,47,6,3,11,3
dl R ul DR L U FS,2,12,47,6,3,11,3
dl R ul DR U L FS,2,12,47,6,3,11,3
dl ul DR L R U FS,2,12,47,6,3,15,4
dl ul DR R L U FS,2,12,47,6,3,13,4
dl ul DR R U L FS,2,12,47,6,3,11,2
dl ul R DR L U FS,2,12,47,6,3,11,3
dl ul R DR U L FS,2,12,47,6,3,11,3
DR dl L R U ul FS,2,12,47,6,3,15,4
DR dl L R ul U FS,2,12,47,6,3,15,4
DR dl L ul R U FS,2,12,47,6,3,13,3
DR dl R L U ul FS,2,12,47,6,3,13,4
DR dl R L ul U FS,2,12,47,6,3,15,4
DR dl R U L ul FS,2,12,47,6,3,11,3
DR dl R U ul L FS,2,12,47,6,3,13,3
DR dl R ul L U FS,2,12,47,6,3,11,3
DR dl R ul U L FS,2,12,47,6,3,11,3
DR dl ul L R U FS,2,12,47,6,3,15,4
DR dl ul R L U FS,2,12,47,6,3,13,4
DR dl ul R U L FS,2,12,47,6,3,11,2
DR FS L R U ul dl,2,12,47,6,3,16,4
DR FS L R ul U dl,2,12,47,6,3,14,4
DR FS L U R ul dl,2,12,47,6,3,12,3
DR FS R L U ul dl,2,12,47,6,3,16,4
DR FS R L ul U dl,2,12,47,6,3,16,4
DR FS R ul L U dl,2,12,47,6,3,12,3
DR L dl R U ul FS,2,12,47,6,3,13,3
DR L dl R ul U FS,2,12,47,6,3,13,3
DR L dl ul R U FS,2,12,47,6,3,13,3
DR L FS R U ul dl,2,12,47,6,3,14,3
DR L FS R ul U dl,2,12,47,6,3,12,3
DR L FS U R ul dl,2,12,47,6,3,12,3
DR L R dl U ul FS,2,12,47,6,3,13,4
DR L R dl ul U FS,2,12,47,6,3,15,4
DR L R FS U ul dl,2,12,47,6,3,16,4
DR L R FS ul U dl,2,12,47,6,3,14,4
DR L R ul dl U FS,2,12,47,6,3,13,4
DR L R ul FS U dl,2,12,47,6,3,12,4
DR L ul dl R U FS,2,12,47,6,3,13,3
DR L ul R dl U FS,2,12,47,6,3,11,3
DR L ul R FS U dl,2,12,47,6,3,12,3
DR R dl L U ul FS,2,12,47,6,3,11,3
DR R dl L ul U FS,2,12,47,6,3,13,3
DR R dl U L ul FS,2,12,47,6,3,9,3
DR R dl U ul L FS,2,12,47,6,3,11,3
DR R dl ul L U FS,2,12,47,6,3,11,3
DR R dl ul U L FS,2,12,47,6,3,11,3
DR R FS L U ul dl,2,12,47,6,3,12,3
DR R FS L ul U dl,2,12,47,6,3,12,3
DR R FS ul L U dl,2,12,47,6,3,10,3
DR R L dl U ul FS,2,12,47,6,3,13,4
DR R L dl ul U FS,2,12,47,6,3,15,4
DR R L FS U ul dl,2,12,47,6,3,14,4
DR R L FS ul U dl,2,12,47,6,3,12,4
DR R L ul dl U FS,2,12,47,6,3,13,4
DR R L ul FS U dl,2,12,47,6,3,12,4
DR R ul dl L U FS,2,12,47,6,3,11,3
DR R ul dl U L FS,2,12,47,6,3,9,2
DR R ul FS L U dl,2,12,47,6,3,8,2
DR R ul L dl U FS,2,12,47,6,3,11,3
DR R ul L FS U dl,2,12,47,6,3,10,3
DR ul dl L R U FS,2,12,47,6,3,15,4
DR ul dl R L U FS,2,12,47,6,3,13,4
DR ul dl R U L FS,2,12,47,6,3,11,2
DR ul L dl R U FS,2,12,47,6,3,13,3
DR ul L R dl U FS,2,12,47,6,3,13,4
DR ul L R FS U dl,2,12,47,6,3,14,4
DR ul R dl L U FS,2,12,47,6,3,11,3
DR ul R dl U L FS,2,12,47,6,3,9,2
DR ul R FS L U dl,2,12,47,6,3,10,2
DR ul R L dl U FS,2,12,47,6,3,13,4
DR ul R L FS U dl,2,12,47,6,3,12,4
FS DR L R U ul dl,2,12,47,6,3,17,4
FS DR L R ul U dl,2,12,47,6,3,15,4
FS DR L U R ul dl,2,12,47,6,3,13,3
FS DR R L U ul dl,2,12,47,6,3,15,4
FS DR R L ul U dl,2,12,47,6,3,15,4
FS DR R ul L U dl,2,12,47,6,3,11,3
FS R DR L U ul dl,2,12,47,6,3,13,3
FS R DR L ul U dl,2,12,47,6,3,13,3
FS R DR ul L U dl,2,12,47,6,3,11,3
R dl DR L U ul FS,2,12,47,6,3,12,3
R dl DR L ul U FS,2,12,47,6,3,14,3
R dl DR U L ul FS,2,12,47,6,3,12,3
R dl DR U ul L FS,2,12,47,6,3,14,3
R dl DR ul L U FS,2,12,47,6,3,12,3
R dl DR ul U L FS,2,12,47,6,3,12,3
R dl ul DR L U FS,2,12,47,6,3,12,3
R dl ul DR U L FS,2,12,47,6,3,12,3
R DR dl L U ul FS,2,12,47,6,3,12,3
R DR dl L ul U FS,2,12,47,6,3,14,3
R DR dl U L ul FS,2,12,47,6,3,10,3
R DR dl U ul L FS,2,12,47,6,3,12,3
R DR dl ul L U FS,2,12,47,6,3,12,3
R DR dl ul U L FS,2,12,47,6,3,12,3
R DR FS L U ul dl,2,12,47,6,3,13,3
R DR FS L ul U dl,2,12,47,6,3,13,3
R DR FS ul L U dl,2,12,47,6,3,11,3
R DR L dl U ul FS,2,12,47,6,3,12,3
R DR L dl ul U FS,2,12,47,6,3,14,3
R DR L FS U ul dl,2,12,47,6,3,13,3
R DR L FS ul U dl,2,12,47,6,3,11,3
R DR L ul dl U FS,2,12,47,6,3,12,3
R DR L ul FS U dl,2,12,47,6,3,11,3
R DR ul dl L U FS,2,12,47,6,3,12,3
R DR ul dl U L FS,2,12,47,6,3,10,2
R DR ul FS L U dl,2,12,47,6,3,9,2
R DR ul L dl U FS,2,12,47,6,3,12,3
R DR ul L FS U dl,2,12,47,6,3,11,3
R FS DR L U ul dl,2,12,47,6,3,15,3
R FS DR L ul U dl,2,12,47,6,3,15,3
R FS DR ul L U dl,2,12,47,6,3,13,3
R ul dl DR L U FS,2,12,47,6,3,12,3
R ul dl DR U L FS,2,12,47,6,3,12,3
R ul DR dl L U FS,2,12,47,6,3,12,3
R ul DR dl U L FS,2,12,47,6,3,10,2
R ul DR FS L U dl,2,12,47,6,3,11,3
R ul DR L dl U FS,2,12,47,6,3,12,3
R ul DR L FS U dl,2,12,47,6,3,11,3
ul dl DR L R U FS,2,12,47,6,3,15,4
ul dl DR R L U FS,2,12,47,6,3,13,4
ul dl DR R U L FS,2,12,47,6,3,11,2
ul dl R DR L U FS,2,12,47,6,3,11,3
ul dl R DR U L FS,2,12,47,6,3,11,3
ul DR dl L R U FS,2,12,47,6,3,15,4
ul DR dl R L U FS,2,12,47,6,3,13,4
ul DR dl R U L FS,2,12,47,6,3,11,2
ul DR L dl R U FS,2,12,47,6,3,13,3
ul DR L R dl U FS,2,12,47,6,3,13,4
ul DR L R FS U dl,2,12,47,6,3,14,4
ul DR R dl L U FS,2,12,47,6,3,11,3
ul DR R dl U L FS,2,12,47,6,3,9,2
ul DR R FS L U dl,2,12,47,6,3,10,2
ul DR R L dl U FS,2,12,47,6,3,13,4
ul DR R L FS U dl,2,12,47,6,3,12,4
ul R dl DR L U FS,2,12,47,6,3,11,3
ul R dl DR U L FS,2,12,47,6,3,11,3
ul R DR dl L U FS,2,12,47,6,3,11,3
ul R DR dl U L FS,2,12,47,6,3,9,2
ul R DR FS L U dl,2,12,47,6,3,10,3
ul R DR L dl U FS,2,12,47,6,3,11,3
ul R DR L FS U dl,2,12,47,6,3,10,3
dl FS U L DR R ul,7,12,48,5,3,12,3
dl U FS L DR R ul,7,12,48,5,3,10,3
FS dl U L DR R ul,7,12,48,5,3,11,3
FS U dl L DR R ul,7,12,48,5,3,11,3
FS U L dl DR R ul,7,12,48,5,3,11,3
FS U L DR dl R ul,7,12,48,5,3,11,3
U dl FS L DR R ul,7,12,48,5,3,11,3
U FS dl L DR R ul,7,12,48,5,3,13,3
U FS L dl DR R ul,7,12,48,5,3,11,3
U FS L DR dl R ul,7,12,48,5,3,11,3
dl DR L U R ul FS,2,12,50,6,3,11,3
dl DR L U ul R FS,2,12,50,6,3,13,3
dl DR L ul U R FS,2,12,50,6,3,15,3
dl DR U L R ul FS,2,12,50,6,3,13,4
dl DR U L ul R FS,2,12,50,6,3,13,3
dl DR U R L ul FS,2,12,50,6,3,15,4
dl DR U R ul L FS,2,12,50,6,3,13,3
dl DR U ul L R FS,2,12,50,6,3,17,4
dl DR U ul R L FS,2,12,50,6,3,15,4
dl DR ul L U R FS,2,12,50,6,3,13,3
dl DR ul U L R FS,2,12,50,6,3,15,4
dl DR ul U R L FS,2,12,50,6,3,15,4
dl L DR U FS R ul,2,12,50,6,3,14,3
dl L DR U R FS ul,2,12,50,6,3,14,3
dl L U DR FS R ul,2,12,50,6,3,14,3
dl L U DR R FS ul,2,12,50,6,3,12,3
dl L U FS DR R ul,2,12,50,6,3,12,3
dl U DR L R ul FS,2,12,50,6,3,13,4
dl U DR L ul R FS,2,12,50,6,3,13,3
dl U DR R L ul FS,2,12,50,6,3,13,4
dl U DR R ul L FS,2,12,50,6,3,11,3
dl U DR ul L R FS,2,12,50,6,3,15,4
dl U DR ul R L FS,2,12,50,6,3,13,4
dl U L DR FS R ul,2,12,50,6,3,12,3
dl U L DR R FS ul,2,12,50,6,3,10,3
dl U L FS DR R ul,2,12,50,6,3,10,3
dl U ul DR L R FS,2,12,50,6,3,15,4
dl U ul DR R L FS,2,12,50,6,3,13,4
dl ul DR L U R FS,2,12,50,6,3,13,3
dl ul DR U L R FS,2,12,50,6,3,15,4
dl ul DR U R L FS,2,12,50,6,3,15,4
dl ul U DR L R FS,2,12,50,6,3,17,4
dl ul U DR R L FS,2,12,50,6,3,15,4
DR dl L U R ul FS,2,12,50,6,3,11,3
DR dl L U ul R FS,2,12,50,6,3,13,3
DR dl L ul U R FS,2,12,50,6,3,15,3
DR dl U L R ul FS,2,12,50,6,3,11,4
DR dl U L ul R FS,2,12,50,6,3,11,3
DR dl U R L ul FS,2,12,50,6,3,13,4
DR dl U R ul L FS,2,12,50,6,3,11,3
DR dl U ul L R FS,2,12,50,6,3,15,4
DR dl U ul R L FS,2,12,50,6,3,13,4
DR dl ul L U R FS,2,12,50,6,3,13,3
DR dl ul U L R FS,2,12,50,6,3,15,4
DR dl ul U R L FS,2,12,50,6,3,15,4
DR FS U L ul R dl,2,12,50,6,3,12,3
DR FS U ul L R dl,2,12,50,6,3,16,4
DR FS U ul R L dl,2,12,50,6,3,16,4
DR FS ul R U L dl,2,12,50,6,3,12,3
DR FS ul U L R dl,2,12,50,6,3,14,4
DR FS ul U R L dl,2,12,50,6,3,16,4
DR L dl U R ul FS,2,12,50,6,3,11,3
DR L dl U ul R FS,2,12,50,6,3,13,3
DR L dl ul U R FS,2,12,50,6,3,15,3
DR L U dl R ul FS,2,12,50,6,3,9,3
DR L U dl ul R FS,2,12,50,6,3,11,3
DR L U FS ul R dl,2,12,50,6,3,10,3
DR L U ul dl R FS,2,12,50,6,3,13,3
DR L U ul FS R dl,2,12,50,6,3,12,3
DR L ul dl U R FS,2,12,50,6,3,13,3
DR L ul U dl R FS,2,12,50,6,3,13,3
DR L ul U FS R dl,2,12,50,6,3,14,3
DR U dl L R ul FS,2,12,50,6,3,13,4
DR U dl L ul R FS,2,12,50,6,3,13,3
DR U dl R L ul FS,2,12,50,6,3,13,4
DR U dl R ul L FS,2,12,50,6,3,11,3
DR U dl ul L R FS,2,12,50,6,3,15,4
DR U dl ul R L FS,2,12,50,6,3,13,4
DR U FS L ul R dl,2,12,50,6,3,12,3
DR U FS ul L R dl,2,12,50,6,3,14,4
DR U FS ul R L dl,2,12,50,6,3,14,4
DR U L dl R ul FS,2,12,50,6,3,11,3
DR U L dl ul R FS,2,12,50,6,3,13,3
DR U L FS ul R dl,2,12,50,6,3,10,3
DR U L ul dl R FS,2,12,50,6,3,13,3
DR U L ul FS R dl,2,12,50,6,3,12,3
DR U ul dl L R FS,2,12,50,6,3,17,4
DR U ul dl R L FS,2,12,50,6,3,15,4
DR U ul FS L R dl,2,12,50,6,3,14,4
DR U ul FS R L dl,2,12,50,6,3,16,4
DR U ul L dl R FS,2,12,50,6,3,15,3
DR U ul L FS R dl,2,12,50,6,3,14,3
DR ul dl L U R FS,2,12,50,6,3,13,3
DR ul dl U L R FS,2,12,50,6,3,13,4
DR ul dl U R L FS,2,12,50,6,3,13,4
DR ul FS R U L dl,2,12,50,6,3,12,3
DR ul FS U L R dl,2,12,50,6,3,12,4
DR ul FS U R L dl,2,12,50,6,3,14,4
DR ul L dl U R FS,2,12,50,6,3,13,3
DR ul L U dl R FS,2,12,50,6,3,11,3
DR ul L U FS R dl,2,12,50,6,3,12,3
DR ul U dl L R FS,2,12,50,6,3,15,4
DR ul U dl R L FS,2,12,50,6,3,13,4
DR ul U FS L R dl,2,12,50,6,3,14,4
DR ul U FS R L dl,2,12,50,6,3,16,4
DR ul U L dl R FS,2,12,50,6,3,13,3
DR ul U L FS R dl,2,12,50,6,3,12,3
FS DR U L ul R dl,2,12,50,6,3,13,3
FS DR U ul L R dl,2,12,50,6,3,17,4
FS DR U ul R L dl,2,12,50,6,3,17,4
FS DR ul R U L dl,2,12,50,6,3,13,3
FS DR ul U L R dl,2,12,50,6,3,15,4
FS DR ul U R L dl,2,12,50,6,3,17,4
FS U DR L ul R dl,2,12,50,6,3,13,3
FS U DR ul L R dl,2,12,50,6,3,15,4
FS U DR ul R L dl,2,12,50,6,3,15,4
FS U ul DR L R dl,2,12,50,6,3,15,4
FS U ul DR R L dl,2,12,50,6,3,15,4
FS ul DR R U L dl,2,12,50,6,3,11,3
FS ul DR U L R dl,2,12,50,6,3,13,4
FS ul DR U R L dl,2,12,50,6,3,15,4
FS ul U DR L R dl,2,12,50,6,3,15,4
FS ul U DR R L dl,2,12,50,6,3,15,4
L dl DR U FS R ul,2,12,50,6,3,13,3
L dl DR U R FS ul,2,12,50,6,3,13,3
L dl U DR FS R ul,2,12,50,6,3,13,3
L dl U DR R FS ul,2,12,50,6,3,11,3
L dl U FS DR R ul,2,12,50,6,3,11,3
L DR dl U FS R ul,2,12,50,6,3,11,3
L DR dl U R FS ul,2,12,50,6,3,11,3
L DR U dl FS R ul,2,12,50,6,3,13,3
L DR U dl R FS ul,2,12,50,6,3,11,3
L DR U FS dl R ul,2,12,50,6,3,13,3
L U dl DR FS R ul,2,12,50,6,3,11,3
L U dl DR R FS ul,2,12,50,6,3,9,2
L U dl FS DR R ul,2,12,50,6,3,11,3
L U DR dl FS R ul,2,12,50,6,3,13,3
L U DR dl R FS ul,2,12,50,6,3,11,3
L U DR FS dl R ul,2,12,50,6,3,13,3
L U FS dl DR R ul,2,12,50,6,3,11,3
L U FS DR dl R ul,2,12,50,6,3,11,3
U dl DR L R ul FS,2,12,50,6,3,12,4
U dl DR L ul R FS,2,12,50,6,3,12,3
U dl DR R L ul FS,2,12,50,6,3,12,4
U dl DR R ul L FS,2,12,50,6,3,10,3
U dl DR ul L R FS,2,12,50,6,3,14,4
U dl DR ul R L FS,2,12,50,6,3,12,4
U dl L DR FS R ul,2,12,50,6,3,13,3
U dl L DR R FS ul,2,12,50,6,3,11,3
U dl L FS DR R ul,2,12,50,6,3,11,3
U dl ul DR L R FS,2,12,50,6,3,14,4
U dl ul DR R L FS,2,12,50,6,3,12,4
U DR dl L R ul FS,2,12,50,6,3,14,4
U DR dl L ul R FS,2,12,50,6,3,14,3
U DR dl R L ul FS,2,12,50,6,3,14,4
U DR dl R ul L FS,2,12,50,6,3,12,3
U DR dl ul L R FS,2,12,50,6,3,16,4
U DR dl ul R L FS,2,12,50,6,3,14,4
U DR FS L ul R dl,2,12,50,6,3,13,3
U DR FS ul L R dl,2,12,50,6,3,15,4
U DR FS ul R L dl,2,12,50,6,3,15,4
U DR L dl R ul FS,2,12,50,6,3,12,3
U DR L dl ul R FS,2,12,50,6,3,14,3
U DR L FS ul R dl,2,12,50,6,3,11,3
U DR L ul dl R FS,2,12,50,6,3,14,3
U DR L ul FS R dl,2,12,50,6,3,13,3
U DR ul dl L R FS,2,12,50,6,3,16,4
U DR ul dl R L FS,2,12,50,6,3,14,4
U DR ul FS L R dl,2,12,50,6,3,13,4
U DR ul FS R L dl,2,12,50,6,3,15,4
U DR ul L dl R FS,2,12,50,6,3,14,3
U DR ul L FS R dl,2,12,50,6,3,13,3
U FS DR L ul R dl,2,12,50,6,3,13,3
U FS DR ul L R dl,2,12,50,6,3,15,4
U FS DR ul R L dl,2,12,50,6,3,15,4
U FS ul DR L R dl,2,12,50,6,3,13,4
U FS ul DR R L dl,2,12,50,6,3,13,4
U L dl DR FS R ul,2,12,50,6,3,13,3
U L dl DR R FS ul,2,12,50,6,3,11,3
U L dl FS DR R ul,2,12,50,6,3,13,3
U L DR dl FS R ul,2,12,50,6,3,13,3
U L DR dl R FS ul,2,12,50,6,3,11,3
U L DR FS dl R ul,2,12,50,6,3,13,3
U L FS dl DR R ul,2,12,50,6,3,11,3
U L FS DR dl R ul,2,12,50,6,3,11,3
U ul dl DR L R FS,2,12,50,6,3,16,4
U ul dl DR R L FS,2,12,50,6,3,14,4
U ul DR dl L R FS,2,12,50,6,3,16,4
U ul DR dl R L FS,2,12,50,6,3,14,4
U ul DR FS L R dl,2,12,50,6,3,15,4
U ul DR FS R L dl,2,12,50,6,3,17,4
U ul DR L dl R FS,2,12,50,6,3,14,3
U ul DR L FS R dl,2,12,50,6,3,13,3
U ul FS DR L R dl,2,12,50,6,3,15,4
U ul FS DR R L dl,2,12,50,6,3,15,4
ul dl DR L U R FS,2,12,50,6,3,13,3
ul dl DR U L R FS,2,12,50,6,3,15,4
ul dl DR U R L FS,2,12,50,6,3,15,4
ul dl U DR L R FS,2,12,50,6,3,15,4
ul dl U DR R L FS,2,12,50,6,3,13,4
ul DR dl L U R FS,2,12,50,6,3,13,3
ul DR dl U L R FS,2,12,50,6,3,13,4
ul DR dl U R L FS,2,12,50,6,3,13,4
ul DR FS R U L dl,2,12,50,6,3,14,3
ul DR FS U L R dl,2,12,50,6,3,14,4
ul DR FS U R L dl,2,12,50,6,3,16,4
ul DR L dl U R FS,2,12,50,6,3,13,3
ul DR L U dl R FS,2,12,50,6,3,11,3
ul DR L U FS R dl,2,12,50,6,3,12,3
ul DR U dl L R FS,2,12,50,6,3,15,4
ul DR U dl R L FS,2,12,50,6,3,13,4
ul DR U FS L R dl,2,12,50,6,3,14,4
ul DR U FS R L dl,2,12,50,6,3,16,4
ul DR U L dl R FS,2,12,50,6,3,13,3
ul DR U L FS R dl,2,12,50,6,3,12,3
ul FS DR R U L dl,2,12,50,6,3,12,3
ul FS DR U L R dl,2,12,50,6,3,14,4
ul FS DR U R L dl,2,12,50,6,3,16,4
ul FS U DR L R dl,2,12,50,6,3,14,4
ul FS U DR R L dl,2,12,50,6,3,14,4
ul U dl DR L R FS,2,12,50,6,3,15,4
ul U dl DR R L FS,2,12,50,6,3,13,4
ul U DR dl L R FS,2,12,50,6,3,17,4
ul U DR dl R L FS,2,12,50,6,3,15,4
ul U DR FS L R dl,2,12,50,6,3,16,4
ul U DR FS R L dl,2,12,50,6,3,18,4
ul U DR L dl R FS,2,12,50,6,3,15,3
ul U DR L FS R dl,2,12,50,6,3,14,3
ul U FS DR L R dl,2,12,50,6,3,16,4
ul U FS DR R L dl,2,12,50,6,3,16,4
dl DR FS L R U ul,6,11,51,6,3,16,4
dl DR FS R L U ul,6,11,51,6,3,16,4
dl DR FS R U L ul,6,11,51,6,3,14,3
dl DR L FS R U ul,6,11,51,6,3,14,3
dl DR L R FS U ul,6,11,51,6,3,16,4
dl DR L R U FS ul,6,11,51,6,3,14,4
dl DR R FS L U ul,6,11,51,6,3,12,3
dl DR R FS U L ul,6,11,51,6,3,12,3
dl DR R L FS U ul,6,11,51,6,3,14,4
dl DR R L U FS ul,6,11,51,6,3,12,4
dl DR R U FS L ul,6,11,51,6,3,12,3
dl DR R U L FS ul,6,11,51,6,3,10,2
dl FS DR L R U ul,6,11,51,6,3,18,4
dl FS DR R L U ul,6,11,51,6,3,16,4
dl FS DR R U L ul,6,11,51,6,3,14,3
dl FS R DR L U ul,6,11,51,6,3,14,3
dl FS R DR U L ul,6,11,51,6,3,14,3
dl R DR FS L U ul,6,11,51,6,3,12,3
dl R DR FS U L ul,6,11,51,6,3,12,3
dl R DR L FS U ul,6,11,51,6,3,12,3
dl R DR L U FS ul,6,11,51,6,3,10,3
dl R DR U FS L ul,6,11,51,6,3,12,3
dl R DR U L FS ul,6,11,51,6,3,10,3
dl R FS DR L U ul,6,11,51,6,3,14,3
dl R FS DR U L ul,6,11,51,6,3,14,3
DR dl FS L R U ul,6,11,51,6,3,16,4
DR dl FS R L U ul,6,11,51,6,3,16,4
DR dl FS R U L ul,6,11,51,6,3,14,3
DR dl L FS R U ul,6,11,51,6,3,14,3
DR dl L R FS U ul,6,11,51,6,3,16,4
DR dl L R U FS ul,6,11,51,6,3,14,4
DR dl R FS L U ul,6,11,51,6,3,12,3
DR dl R FS U L ul,6,11,51,6,3,12,3
DR dl R L FS U ul,6,11,51,6,3,14,4
DR dl R L U FS ul,6,11,51,6,3,12,4
DR dl R U FS L ul,6,11,51,6,3,12,3
DR dl R U L FS ul,6,11,51,6,3,10,2
DR FS dl L R U ul,6,11,51,6,3,18,4
DR FS dl R L U ul,6,11,51,6,3,16,4
DR FS dl R U L ul,6,11,51,6,3,14,3
DR FS L dl R U ul,6,11,51,6,3,14,3
DR FS L R dl U ul,6,11,51,6,3,14,4
DR FS L R U dl ul,6,11,51,6,3,14,4
DR FS L U R dl ul,6,11,51,6,3,12,3
DR FS R dl L U ul,6,11,51,6,3,14,3
DR FS R dl U L ul,6,11,51,6,3,12,3
DR FS R L dl U ul,6,11,51,6,3,16,4
DR FS R L U dl ul,6,11,51,6,3,14,4
DR L dl FS R U ul,6,11,51,6,3,16,3
DR L dl R FS U ul,6,11,51,6,3,14,3
DR L dl R U FS ul,6,11,51,6,3,12,3
DR L FS dl R U ul,6,11,51,6,3,14,3
DR L FS R dl U ul,6,11,51,6,3,12,3
DR L FS R U dl ul,6,11,51,6,3,12,3
DR L FS U R dl ul,6,11,51,6,3,12,3
DR L R dl FS U ul,6,11,51,6,3,16,4
DR L R dl U FS ul,6,11,51,6,3,12,4
DR L R FS dl U ul,6,11,51,6,3,16,4
DR L R FS U dl ul,6,11,51,6,3,14,4
DR R dl FS L U ul,6,11,51,6,3,12,3
DR R dl FS U L ul,6,11,51,6,3,12,3
DR R dl L FS U ul,6,11,51,6,3,12,3
DR R dl L U FS ul,6,11,51,6,3,10,3
DR R dl U FS L ul,6,11,51,6,3,10,3
DR R dl U L FS ul,6,11,51,6,3,8,2
DR R FS dl L U ul,6,11,51,6,3,14,3
DR R FS dl U L ul,6,11,51,6,3,12,3
DR R FS L dl U ul,6,11,51,6,3,12,3
DR R FS L U dl ul,6,11,51,6,3,10,2
DR R L dl FS U ul,6,11,51,6,3,16,4
DR R L dl U FS ul,6,11,51,6,3,12,4
DR R L FS dl U ul,6,11,51,6,3,14,4
DR R L FS U dl ul,6,11,51,6,3,12,4
FS dl DR L R U ul,6,11,51,6,3,17,4
FS dl DR R L U ul,6,11,51,6,3,15,4
FS dl DR R U L ul,6,11,51,6,3,13,3
FS dl R DR L U ul,6,11,51,6,3,13,3
FS dl R DR U L ul,6,11,51,6,3,13,3
FS DR dl L R U ul,6,11,51,6,3,17,4
FS DR dl R L U ul,6,11,51,6,3,15,4
FS DR dl R U L ul,6,11,51,6,3,13,3
FS DR L dl R U ul,6,11,51,6,3,15,3
FS DR L R dl U ul,6,11,51,6,3,15,4
FS DR L R U dl ul,6,11,51,6,3,15,4
FS DR L U R dl ul,6,11,51,6,3,13,3
FS DR R dl L U ul,6,11,51,6,3,13,3
FS DR R dl U L ul,6,11,51,6,3,11,3
FS DR R L dl U ul,6,11,51,6,3,15,4
FS DR R L U dl ul,6,11,51,6,3,13,4
FS R dl DR L U ul,6,11,51,6,3,13,3
FS R dl DR U L ul,6,11,51,6,3,13,3
FS R DR dl L U ul,6,11,51,6,3,13,3
FS R DR dl U L ul,6,11,51,6,3,11,3
FS R DR L dl U ul,6,11,51,6,3,13,3
FS R DR L U dl ul,6,11,51,6,3,11,3
R dl DR FS L U ul,6,11,51,6,3,13,3
R dl DR FS U L ul,6,11,51,6,3,13,3
R dl DR L FS U ul,6,11,51,6,3,13,3
R dl DR L U FS ul,6,11,51,6,3,11,3
R dl DR U FS L ul,6,11,51,6,3,13,3
R dl DR U L FS ul,6,11,51,6,3,11,3
R dl FS DR L U ul,6,11,51,6,3,15,3
R dl FS DR U L ul,6,11,51,6,3,15,3
R DR dl FS L U ul,6,11,51,6,3,13,3
R DR dl FS U L ul,6,11,51,6,3,13,3
R DR dl L FS U ul,6,11,51,6,3,13,3
R DR dl L U FS ul,6,11,51,6,3,11,3
R DR dl U FS L ul,6,11,51,6,3,11,3
R DR dl U L FS ul,6,11,51,6,3,9,2
R DR FS dl L U ul,6,11,51,6,3,15,3
R DR FS dl U L ul,6,11,51,6,3,13,3
R DR FS L dl U ul,6,11,51,6,3,13,3
R DR FS L U dl ul,6,11,51,6,3,11,3
R DR L dl FS U ul,6,11,51,6,3,15,3
R DR L dl U FS ul,6,11,51,6,3,11,3
R DR L FS dl U ul,6,11,51,6,3,13,3
R DR L FS U dl ul,6,11,51,6,3,11,3
R FS dl DR L U ul,6,11,51,6,3,15,3
R FS dl DR U L ul,6,11,51,6,3,15,3
R FS DR dl L U ul,6,11,51,6,3,15,3
R FS DR dl U L ul,6,11,51,6,3,13,3
R FS DR L dl U ul,6,11,51,6,3,15,3
R FS DR L U dl ul,6,11,51,6,3,13,3
dl FS L DR U ul R,2,12,52,7,3,15,3
dl FS L DR ul R U,2,12,52,7,3,13,3
dl FS L DR ul U R,2,12,52,7,3,15,3
dl FS L U DR ul R,2,12,52,7,3,13,3
dl FS L U ul DR R,2,12,52,7,3,13,3
dl FS L ul DR R U,2,12,52,7,3,13,3
dl FS L ul DR U R,2,12,52,7,3,15,3
dl FS L ul U DR R,2,12,52,7,3,15,3
dl FS ul L DR R U,2,12,52,7,3,13,3
dl FS ul L DR U R,2,12,52,7,3,15,3
dl FS ul L U DR R,2,12,52,7,3,13,3
dl L DR FS U ul R,2,12,52,7,3,15,3
dl L DR FS ul R U,2,12,52,7,3,13,3
dl L DR FS ul U R,2,12,52,7,3,15,3
dl L DR ul FS R U,2,12,52,7,3,13,3
dl L DR ul FS U R,2,12,52,7,3,13,3
dl L FS DR U ul R,2,12,52,7,3,15,3
dl L FS DR ul R U,2,12,52,7,3,13,3
dl L FS DR ul U R,2,12,52,7,3,15,3
dl L FS U DR ul R,2,12,52,7,3,13,3
dl L FS U ul DR R,2,12,52,7,3,13,3
dl L FS ul DR R U,2,12,52,7,3,11,3
dl L FS ul DR U R,2,12,52,7,3,13,3
dl L FS ul U DR R,2,12,52,7,3,13,3
dl L ul DR FS R U,2,12,52,7,3,15,3
dl L ul DR FS U R,2,12,52,7,3,15,3
dl L ul FS DR R U,2,12,52,7,3,13,3
dl L ul FS DR U R,2,12,52,7,3,15,3
dl L ul FS U DR R,2,12,52,7,3,13,3
dl ul FS L DR R U,2,12,52,7,3,11,3
dl ul FS L DR U R,2,12,52,7,3,13,3
dl ul FS L U DR R,2,12,52,7,3,11,3
dl ul L DR FS R U,2,12,52,7,3,15,3
dl ul L DR FS U R,2,12,52,7,3,15,3
dl ul L FS DR R U,2,12,52,7,3,13,3
dl ul L FS DR U R,2,12,52,7,3,15,3
dl ul L FS U DR R,2,12,52,7,3,13,3
FS dl L DR U ul R,2,12,52,7,3,16,3
FS dl L DR ul R U,2,12,52,7,3,14,3
FS dl L DR ul U R,2,12,52,7,3,16,3
FS dl L U DR ul R,2,12,52,7,3,14,3
FS dl L U ul DR R,2,12,52,7,3,14,3
FS dl L ul DR R U,2,12,52,7,3,14,3
FS dl L ul DR U R,2,12,52,7,3,16,3
FS dl L ul U DR R,2,12,52,7,3,16,3
FS dl ul L DR R U,2,12,52,7,3,14,3
FS dl ul L DR U R,2,12,52,7,3,16,3
FS dl ul L U DR R,2,12,52,7,3,14,3
FS L dl DR U ul R,2,12,52,7,3,14,3
FS L dl DR ul R U,2,12,52,7,3,12,3
FS L dl DR ul U R,2,12,52,7,3,14,3
FS L dl U DR ul R,2,12,52,7,3,12,3
FS L dl U ul DR R,2,12,52,7,3,12,3
FS L dl ul DR R U,2,12,52,7,3,12,3
FS L dl ul DR U R,2,12,52,7,3,14,3
FS L dl ul U DR R,2,12,52,7,3,14,3
FS L DR dl U ul R,2,12,52,7,3,12,3
FS L DR dl ul R U,2,12,52,7,3,12,3
FS L DR dl ul U R,2,12,52,7,3,14,3
FS L DR U dl ul R,2,12,52,7,3,12,3
FS L DR U ul dl R,2,12,52,7,3,14,3
FS L DR ul dl R U,2,12,52,7,3,12,3
FS L DR ul dl U R,2,12,52,7,3,12,3
FS L DR ul R dl U,2,12,52,7,3,10,3
FS L DR ul U dl R,2,12,52,7,3,12,3
FS L U dl DR ul R,2,12,52,7,3,10,2
FS L U dl ul DR R,2,12,52,7,3,10,2
FS L U DR dl ul R,2,12,52,7,3,12,3
FS L U DR ul dl R,2,12,52,7,3,12,3
FS L U ul dl DR R,2,12,52,7,3,12,3
FS L U ul DR dl R,2,12,52,7,3,12,3
FS L ul dl DR R U,2,12,52,7,3,12,3
FS L ul dl DR U R,2,12,52,7,3,14,3
FS L ul dl U DR R,2,12,52,7,3,12,3
FS L ul DR dl R U,2,12,52,7,3,12,3
FS L ul DR dl U R,2,12,52,7,3,12,3
FS L ul DR R dl U,2,12,52,7,3,10,3
FS L ul DR U dl R,2,12,52,7,3,12,3
FS L ul U dl DR R,2,12,52,7,3,12,3
FS L ul U DR dl R,2,12,52,7,3,14,3
FS ul dl L DR R U,2,12,52,7,3,12,3
FS ul dl L DR U R,2,12,52,7,3,14,3
FS ul dl L U DR R,2,12,52,7,3,12,3
FS ul L dl DR R U,2,12,52,7,3,12,3
FS ul L dl DR U R,2,12,52,7,3,14,3
FS ul L dl U DR R,2,12,52,7,3,12,3
FS ul L DR dl R U,2,12,52,7,3,12,3
FS ul L DR dl U R,2,12,52,7,3,12,3
FS ul L DR R dl U,2,12,52,7,3,10,3
FS ul L DR U dl R,2,12,52,7,3,12,3
FS ul L U dl DR R,2,12,52,7,3,10,3
FS ul L U DR dl R,2,12,52,7,3,12,3
L dl DR FS U ul R,2,12,52,7,3,14,3
L dl DR FS ul R U,2,12,52,7,3,12,3
L dl DR FS ul U R,2,12,52,7,3,14,3
L dl DR ul FS R U,2,12,52,7,3,12,3
L dl DR ul FS U R,2,12,52,7,3,12,3
L dl FS DR U ul R,2,12,52,7,3,16,3
L dl FS DR ul R U,2,12,52,7,3,14,3
L dl FS DR ul U R,2,12,52,7,3,16,3
L dl FS U DR ul R,2,12,52,7,3,14,3
L dl FS U ul DR R,2,12,52,7,3,14,3
L dl FS ul DR R U,2,12,52,7,3,12,3
L dl FS ul DR U R,2,12,52,7,3,14,3
L dl FS ul U DR R,2,12,52,7,3,14,3
L dl ul DR FS R U,2,12,52,7,3,14,3
L dl ul DR FS U R,2,12,52,7,3,14,3
L dl ul FS DR R U,2,12,52,7,3,12,3
L dl ul FS DR U R,2,12,52,7,3,14,3
L dl ul FS U DR R,2,12,52,7,3,12,3
L DR dl FS U ul R,2,12,52,7,3,14,3
L DR dl FS ul R U,2,12,52,7,3,12,3
L DR dl FS ul U R,2,12,52,7,3,14,3
L DR dl ul FS R U,2,12,52,7,3,12,3
L DR dl ul FS U R,2,12,52,7,3,12,3
L DR FS dl U ul R,2,12,52,7,3,14,3
L DR FS dl ul R U,2,12,52,7,3,14,3
L DR FS dl ul U R,2,12,52,7,3,16,3
L DR FS U dl ul R,2,12,52,7,3,12,3
L DR FS U ul dl R,2,12,52,7,3,14,3
L DR FS ul dl R U,2,12,52,7,3,12,3
L DR FS ul dl U R,2,12,52,7,3,12,3
L DR FS ul R dl U,2,12,52,7,3,10,3
L DR FS ul U dl R,2,12,52,7,3,12,3
L DR ul dl FS R U,2,12,52,7,3,14,3
L DR ul dl FS U R,2,12,52,7,3,14,3
L DR ul FS dl R U,2,12,52,7,3,12,3
L DR ul FS dl U R,2,12,52,7,3,12,3
L DR ul FS R dl U,2,12,52,7,3,10,3
L DR ul FS U dl R,2,12,52,7,3,10,3
L FS dl DR U ul R,2,12,52,7,3,14,3
L FS dl DR ul R U,2,12,52,7,3,12,3
L FS dl DR ul U R,2,12,52,7,3,14,3
L FS dl U DR ul R,2,12,52,7,3,12,3
L FS dl U ul DR R,2,12,52,7,3,12,3
L FS dl ul DR R U,2,12,52,7,3,12,3
L FS dl ul DR U R,2,12,52,7,3,14,3
L FS dl ul U DR R,2,12,52,7,3,14,3
L FS DR dl U ul R,2,12,52,7,3,12,3
L FS DR dl ul R U,2,12,52,7,3,12,3
L FS DR dl ul U R,2,12,52,7,3,14,3
L FS DR U dl ul R,2,12,52,7,3,12,3
L FS DR U ul dl R,2,12,52,7,3,14,3
L FS DR ul dl R U,2,12,52,7,3,12,3
L FS DR ul dl U R,2,12,52,7,3,12,3
L FS DR ul R dl U,2,12,52,7,3,10,3
L FS DR ul U dl R,2,12,52,7,3,12,3
L FS U dl DR ul R,2,12,52,7,3,10,2
L FS U dl ul DR R,2,12,52,7,3,10,2
L FS U DR dl ul R,2,12,52,7,3,12,3
L FS U DR ul dl R,2,12,52,7,3,12,3
L FS U ul dl DR R,2,12,52,7,3,12,3
L FS U ul DR dl R,2,12,52,7,3,12,3
L FS ul dl DR R U,2,12,52,7,3,10,2
L FS ul dl DR U R,2,12,52,7,3,12,3
L FS ul dl U DR R,2,12,52,7,3,10,3
L FS ul DR dl R U,2,12,52,7,3,10,2
L FS ul DR dl U R,2,12,52,7,3,10,2
L FS ul DR R dl U,2,12,52,7,3,8,2
L FS ul DR U dl R,2,12,52,7,3,10,3
L FS ul U dl DR R,2,12,52,7,3,10,3
L FS ul U DR dl R,2,12,52,7,3,12,3
L ul dl DR FS R U,2,12,52,7,3,14,3
L ul dl DR FS U R,2,12,52,7,3,14,3
L ul dl FS DR R U,2,12,52,7,3,14,3
L ul dl FS DR U R,2,12,52,7,3,16,3
L ul dl FS U DR R,2,12,52,7,3,14,3
L ul DR dl FS R U,2,12,52,7,3,14,3
L ul DR dl FS U R,2,12,52,7,3,14,3
L ul DR FS dl R U,2,12,52,7,3,14,3
L ul DR FS dl U R,2,12,52,7,3,14,3
L ul DR FS R dl U,2,12,52,7,3,12,3
L ul DR FS U dl R,2,12,52,7,3,12,3
L ul FS dl DR R U,2,12,52,7,3,12,3
L ul FS dl DR U R,2,12,52,7,3,14,3
L ul FS dl U DR R,2,12,52,7,3,12,3
L ul FS DR dl R U,2,12,52,7,3,12,3
L ul FS DR dl U R,2,12,52,7,3,12,3
L ul FS DR R dl U,2,12,52,7,3,10,3
L ul FS DR U dl R,2,12,52,7,3,12,3
L ul FS U dl DR R,2,12,52,7,3,10,3
L ul FS U DR dl R,2,12,52,7,3,12,3
ul dl FS L DR R U,2,12,52,7,3,13,3
ul dl FS L DR U R,2,12,52,7,3,15,3
ul dl FS L U DR R,2,12,52,7,3,13,3
ul dl L DR FS R U,2,12,52,7,3,15,3
ul dl L DR FS U R,2,12,52,7,3,15,3
ul dl L FS DR R U,2,12,52,7,3,13,3
ul dl L FS DR U R,2,12,52,7,3,15,3
ul dl L FS U DR R,2,12,52,7,3,13,3
ul FS dl L DR R U,2,12,52,7,3,13,3
ul FS dl L DR U R,2,12,52,7,3,15,3
ul FS dl L U DR R,2,12,52,7,3,13,3
ul FS L dl DR R U,2,12,52,7,3,11,3
ul FS L dl DR U R,2,12,52,7,3,13,3
ul FS L dl U DR R,2,12,52,7,3,11,3
ul FS L DR dl R U,2,12,52,7,3,11,3
ul FS L DR dl U R,2,12,52,7,3,11,3
ul FS L DR R dl U,2,12,52,7,3,9,3
ul FS L DR U dl R,2,12,52,7,3,11,3
ul FS L U dl DR R,2,12,52,7,3,9,2
ul FS L U DR dl R,2,12,52,7,3,11,3
ul L dl DR FS R U,2,12,52,7,3,15,3
ul L dl DR FS U R,2,12,52,7,3,15,3
ul L dl FS DR R U,2,12,52,7,3,15,3
ul L dl FS DR U R,2,12,52,7,3,17,3
ul L dl FS U DR R,2,12,52,7,3,15,3
ul L DR dl FS R U,2,12,52,7,3,15,3
ul L DR dl FS U R,2,12,52,7,3,15,3
ul L DR FS dl R U,2,12,52,7,3,15,3
ul L DR FS dl U R,2,12,52,7,3,15,3
ul L DR FS R dl U,2,12,52,7,3,13,3
ul L DR FS U dl R,2,12,52,7,3,13,3
ul L FS dl DR R U,2,12,52,7,3,13,3
ul L FS dl DR U R,2,12,52,7,3,15,3
ul L FS dl U DR R,2,12,52,7,3,13,3
ul L FS DR dl R U,2,12,52,7,3,13,3
ul L FS DR dl U R,2,12,52,7,3,13,3
ul L FS DR R dl U,2,12,52,7,3,11,3
ul L FS DR U dl R,2,12,52,7,3,13,3
ul L FS U dl DR R,2,12,52,7,3,11,3
ul L FS U DR dl R,2,12,52,7,3,13,3
dl R U DR L ul FS,2,12,53,6,3,13,3
dl R U DR ul L FS,2,12,53,6,3,13,3
dl R U ul DR L FS,2,12,53,6,3,13,3
dl R ul U DR L FS,2,12,53,6,3,13,3
dl U R DR L ul FS,2,12,53,6,3,11,3
dl U R DR ul L FS,2,12,53,6,3,11,3
dl U R ul DR L FS,2,12,53,6,3,11,3
dl U ul R DR L FS,2,12,53,6,3,11,3
dl ul R U DR L FS,2,12,53,6,3,13,3
dl ul U R DR L FS,2,12,53,6,3,13,3
FS R U L DR ul dl,2,12,53,6,3,13,3
FS R U L ul DR dl,2,12,53,6,3,13,3
FS R U ul DR L dl,2,12,53,6,3,15,3
FS R U ul L DR dl,2,12,53,6,3,15,3
FS R ul DR U L dl,2,12,53,6,3,13,3
FS R ul U DR L dl,2,12,53,6,3,15,3
FS R ul U L DR dl,2,12,53,6,3,13,3
FS U L DR R ul dl,2,12,53,6,3,11,3
FS U L R DR ul dl,2,12,53,6,3,13,4
FS U L R ul DR dl,2,12,53,6,3,13,4
FS U L ul R DR dl,2,12,53,6,3,11,3
FS U R L DR ul dl,2,12,53,6,3,15,4
FS U R L ul DR dl,2,12,53,6,3,15,4
FS U R ul DR L dl,2,12,53,6,3,13,3
FS U R ul L DR dl,2,12,53,6,3,13,3
FS U ul L R DR dl,2,12,53,6,3,15,4
FS U ul R DR L dl,2,12,53,6,3,13,3
FS U ul R L DR dl,2,12,53,6,3,15,4
FS ul R DR U L dl,2,12,53,6,3,11,3
FS ul R U DR L dl,2,12,53,6,3,13,3
FS ul R U L DR dl,2,12,53,6,3,11,3
FS ul U L R DR dl,2,12,53,6,3,13,4
FS ul U R DR L dl,2,12,53,6,3,13,3
FS ul U R L DR dl,2,12,53,6,3,15,4
R dl U DR L ul FS,2,12,53,6,3,12,3
R dl U DR ul L FS,2,12,53,6,3,12,3
R dl U ul DR L FS,2,12,53,6,3,12,3
R dl ul U DR L FS,2,12,53,6,3,14,3
R FS U L DR ul dl,2,12,53,6,3,13,3
R FS U L ul DR dl,2,12,53,6,3,13,3
R FS U ul DR L dl,2,12,53,6,3,15,3
R FS U ul L DR dl,2,12,53,6,3,15,3
R FS ul DR U L dl,2,12,53,6,3,13,3
R FS ul U DR L dl,2,12,53,6,3,15,3
R FS ul U L DR dl,2,12,53,6,3,13,3
R U dl DR L ul FS,2,12,53,6,3,12,3
R U dl DR ul L FS,2,12,53,6,3,12,3
R U dl ul DR L FS,2,12,53,6,3,12,3
R U FS L DR ul dl,2,12,53,6,3,13,3
R U FS L ul DR dl,2,12,53,6,3,13,3
R U FS ul DR L dl,2,12,53,6,3,13,3
R U FS ul L DR dl,2,12,53,6,3,13,3
R U ul dl DR L FS,2,12,53,6,3,14,3
R U ul FS DR L dl,2,12,53,6,3,15,3
R U ul FS L DR dl,2,12,53,6,3,13,3
R ul dl U DR L FS,2,12,53,6,3,12,3
R ul FS DR U L dl,2,12,53,6,3,13,3
R ul FS U DR L dl,2,12,53,6,3,13,3
R ul FS U L DR dl,2,12,53,6,3,11,3
R ul U dl DR L FS,2,12,53,6,3,12,3
R ul U FS DR L dl,2,12,53,6,3,15,3
R ul U FS L DR dl,2,12,53,6,3,13,3
U dl R DR L ul FS,2,12,53,6,3,10,3
U dl R DR ul L FS,2,12,53,6,3,10,3
U dl R ul DR L FS,2,12,53,6,3,10,3
U dl ul R DR L FS,2,12,53,6,3,10,3
U FS L DR R ul dl,2,12,53,6,3,11,3
U FS L R DR ul dl,2,12,53,6,3,13,4
U FS L R ul DR dl,2,12,53,6,3,13,4
U FS L ul R DR dl,2,12,53,6,3,11,3
U FS R L DR ul dl,2,12,53,6,3,15,4
U FS R L ul DR dl,2,12,53,6,3,15,4
U FS R ul DR L dl,2,12,53,6,3,13,3
U FS R ul L DR dl,2,12,53,6,3,13,3
U FS ul L R DR dl,2,12,53,6,3,13,4
U FS ul R DR L dl,2,12,53,6,3,11,3
U FS ul R L DR dl,2,12,53,6,3,13,4
U R dl DR L ul FS,2,12,53,6,3,12,3
U R dl DR ul L FS,2,12,53,6,3,12,3
U R dl ul DR L FS,2,12,53,6,3,12,3
U R FS L DR ul dl,2,12,53,6,3,13,3
U R FS L ul DR dl,2,12,53,6,3,13,3
U R FS ul DR L dl,2,12,53,6,3,13,3
U R FS ul L DR dl,2,12,53,6,3,13,3
U R ul dl DR L FS,2,12,53,6,3,12,3
U R ul FS DR L dl,2,12,53,6,3,13,3
U R ul FS L DR dl,2,12,53,6,3,11,3
U ul dl R DR L FS,2,12,53,6,3,12,3
U ul FS L R DR dl,2,12,53,6,3,13,4
U ul FS R DR L dl,2,12,53,6,3,13,3
U ul FS R L DR dl,2,12,53,6,3,15,4
U ul R dl DR L FS,2,12,53,6,3,12,3
U ul R FS DR L dl,2,12,53,6,3,15,3
U ul R FS L DR dl,2,12,53,6,3,13,3
ul dl R U DR L FS,2,12,53,6,3,13,3
ul dl U R DR L FS,2,12,53,6,3,11,3
ul FS R DR U L dl,2,12,53,6,3,12,3
ul FS R U DR L dl,2,12,53,6,3,14,3
ul FS R U L DR dl,2,12,53,6,3,12,3
ul FS U L R DR dl,2,12,53,6,3,12,4
ul FS U R DR L dl,2,12,53,6,3,12,3
ul FS U R L DR dl,2,12,53,6,3,14,4
ul R dl U DR L FS,2,12,53,6,3,11,3
ul R FS DR U L dl,2,12,53,6,3,14,3
ul R FS U DR L dl,2,12,53,6,3,14,3
ul R FS U L DR dl,2,12,53,6,3,12,3
ul R U dl DR L FS,2,12,53,6,3,11,3
ul R U FS DR L dl,2,12,53,6,3,14,3
ul R U FS L DR dl,2,12,53,6,3,12,3
ul U dl R DR L FS,2,12,53,6,3,11,3
ul U FS L R DR dl,2,12,53,6,3,14,4
ul U FS R DR L dl,2,12,53,6,3,14,3
ul U FS R L DR dl,2,12,53,6,3,16,4
ul U R dl DR L FS,2,12,53,6,3,13,3
ul U R FS DR L dl,2,12,53,6,3,16,3
ul U R FS L DR dl,2,12,53,6,3,14,3
dl DR FS U L R ul,6,12,54,6,3,14,4
dl DR FS U R L ul,6,12,54,6,3,16,4
dl DR L U FS R ul,6,12,54,6,3,12,3
dl DR L U R FS ul,6,12,54,6,3,12,3
dl DR U FS L R ul,6,12,54,6,3,14,4
dl DR U FS R L ul,6,12,54,6,3,16,4
dl DR U L FS R ul,6,12,54,6,3,12,3
dl DR U L R FS ul,6,12,54,6,3,14,4
dl DR U R FS L ul,6,12,54,6,3,14,3
dl DR U R L FS ul,6,12,54,6,3,14,4
dl FS DR U L R ul,6,12,54,6,3,16,4
dl FS DR U R L ul,6,12,54,6,3,18,4
dl FS U DR L R ul,6,12,54,6,3,16,4
dl FS U DR R L ul,6,12,54,6,3,16,4
dl U DR FS L R ul,6,12,54,6,3,14,4
dl U DR FS R L ul,6,12,54,6,3,16,4
dl U DR L FS R ul,6,12,54,6,3,12,3
dl U DR L R FS ul,6,12,54,6,3,14,4
dl U DR R FS L ul,6,12,54,6,3,12,3
dl U DR R L FS ul,6,12,54,6,3,12,4
dl U FS DR L R ul,6,12,54,6,3,14,4
dl U FS DR R L ul,6,12,54,6,3,14,4
DR dl FS U L R ul,6,12,54,6,3,14,4
DR dl FS U R L ul,6,12,54,6,3,16,4
DR dl L U FS R ul,6,12,54,6,3,12,3
DR dl L U R FS ul,6,12,54,6,3,12,3
DR dl U FS L R ul,6,12,54,6,3,12,4
DR dl U FS R L ul,6,12,54,6,3,14,4
DR dl U L FS R ul,6,12,54,6,3,10,2
DR dl U L R FS ul,6,12,54,6,3,12,4
DR dl U R FS L ul,6,12,54,6,3,12,3
DR dl U R L FS ul,6,12,54,6,3,12,4
DR FS dl U L R ul,6,12,54,6,3,14,4
DR FS dl U R L ul,6,12,54,6,3,16,4
DR FS U dl L R ul,6,12,54,6,3,14,4
DR FS U dl R L ul,6,12,54,6,3,14,4
DR FS U L dl R ul,6,12,54,6,3,12,3
DR L dl U FS R ul,6,12,54,6,3,12,3
DR L dl U R FS ul,6,12,54,6,3,12,3
DR L U dl FS R ul,6,12,54,6,3,12,3
DR L U dl R FS ul,6,12,54,6,3,10,3
DR L U FS dl R ul,6,12,54,6,3,12,3
DR U dl FS L R ul,6,12,54,6,3,14,4
DR U dl FS R L ul,6,12,54,6,3,16,4
DR U dl L FS R ul,6,12,54,6,3,12,3
DR U dl L R FS ul,6,12,54,6,3,14,4
DR U dl R FS L ul,6,12,54,6,3,12,3
DR U dl R L FS ul,6,12,54,6,3,12,4
DR U FS dl L R ul,6,12,54,6,3,16,4
DR U FS dl R L ul,6,12,54,6,3,16,4
DR U FS L dl R ul,6,12,54,6,3,12,3
DR U L dl FS R ul,6,12,54,6,3,14,3
DR U L dl R FS ul,6,12,54,6,3,12,3
DR U L FS dl R ul,6,12,54,6,3,12,3
FS dl DR U L R ul,6,12,54,6,3,15,4
FS dl DR U R L ul,6,12,54,6,3,17,4
FS dl U DR L R ul,6,12,54,6,3,15,4
FS dl U DR R L ul,6,12,54,6,3,15,4
FS DR dl U L R ul,6,12,54,6,3,13,4
FS DR dl U R L ul,6,12,54,6,3,15,4
FS DR U dl L R ul,6,12,54,6,3,15,4
FS DR U dl R L ul,6,12,54,6,3,15,4
FS DR U L dl R ul,6,12,54,6,3,13,3
FS U dl DR L R ul,6,12,54,6,3,13,4
FS U dl DR R L ul,6,12,54,6,3,13,4
FS U DR dl L R ul,6,12,54,6,3,15,4
FS U DR dl R L ul,6,12,54,6,3,15,4
FS U DR L dl R ul,6,12,54,6,3,13,3
U dl DR FS L R ul,6,12,54,6,3,13,4
U dl DR FS R L ul,6,12,54,6,3,15,4
U dl DR L FS R ul,6,12,54,6,3,11,3
U dl DR L R FS ul,6,12,54,6,3,13,4
U dl DR R FS L ul,6,12,54,6,3,11,3
U dl DR R L FS ul,6,12,54,6,3,11,4
U dl FS DR L R ul,6,12,54,6,3,15,4
U dl FS DR R L ul,6,12,54,6,3,15,4
U DR dl FS L R ul,6,12,54,6,3,15,4
U DR dl FS R L ul,6,12,54,6,3,17,4
U DR dl L FS R ul,6,12,54,6,3,13,3
U DR dl L R FS ul,6,12,54,6,3,15,4
U DR dl R FS L ul,6,12,54,6,3,13,3
U DR dl R L FS ul,6,12,54,6,3,13,4
U DR FS dl L R ul,6,12,54,6,3,17,4
U DR FS dl R L ul,6,12,54,6,3,17,4
U DR FS L dl R ul,6,12,54,6,3,13,3
U DR L dl FS R ul,6,12,54,6,3,15,3
U DR L dl R FS ul,6,12,54,6,3,13,3
U DR L FS dl R ul,6,12,54,6,3,13,3
U FS dl DR L R ul,6,12,54,6,3,15,4
U FS dl DR R L ul,6,12,54,6,3,15,4
U FS DR dl L R ul,6,12,54,6,3,15,4
U FS DR dl R L ul,6,12,54,6,3,15,4
U FS DR L dl R ul,6,12,54,6,3,13,3
dl L R U DR ul FS,2,12,55,7,3,15,4
dl L R U ul DR FS,2,12,55,7,3,17,4
dl L R ul U DR FS,2,12,55,7,3,17,4
dl L U R DR ul FS,2,12,55,7,3,11,3
dl L U R ul DR FS,2,12,55,7,3,13,3
dl L U ul R DR FS,2,12,55,7,3,13,3
dl L ul R U DR FS,2,12,55,7,3,15,3
dl L ul U R DR FS,2,12,55,7,3,15,3
dl R L U DR ul FS,2,12,55,7,3,13,4
dl R L U ul DR FS,2,12,55,7,3,15,4
dl R L ul U DR FS,2,12,55,7,3,17,4
dl R U L DR ul FS,2,12,55,7,3,11,3
dl R U L ul DR FS,2,12,55,7,3,13,3
dl R U ul L DR FS,2,12,55,7,3,15,3
dl R ul L U DR FS,2,12,55,7,3,13,3
dl R ul U L DR FS,2,12,55,7,3,13,3
dl U L R DR ul FS,2,12,55,7,3,11,4
dl U L R ul DR FS,2,12,55,7,3,13,4
dl U L ul R DR FS,2,12,55,7,3,11,3
dl U R L DR ul FS,2,12,55,7,3,13,4
dl U R L ul DR FS,2,12,55,7,3,15,4
dl U R ul L DR FS,2,12,55,7,3,13,3
dl U ul L R DR FS,2,12,55,7,3,15,4
dl U ul R L DR FS,2,12,55,7,3,15,4
dl ul L R U DR FS,2,12,55,7,3,17,4
dl ul L U R DR FS,2,12,55,7,3,13,3
dl ul R L U DR FS,2,12,55,7,3,15,4
dl ul R U L DR FS,2,12,55,7,3,13,3
dl ul U L R DR FS,2,12,55,7,3,15,4
dl ul U R L DR FS,2,12,55,7,3,17,4
L dl R U DR ul FS,2,12,55,7,3,12,3
L dl R U ul DR FS,2,12,55,7,3,14,3
L dl R ul U DR FS,2,12,55,7,3,14,3
L dl U R DR ul FS,2,12,55,7,3,10,3
L dl U R ul DR FS,2,12,55,7,3,12,3
L dl U ul R DR FS,2,12,55,7,3,12,3
L dl ul R U DR FS,2,12,55,7,3,14,3
L dl ul U R DR FS,2,12,55,7,3,14,3
L DR R U dl ul FS,2,12,55,7,3,10,3
L DR R U FS ul dl,2,12,55,7,3,11,3
L DR R U ul dl FS,2,12,55,7,3,14,3
L DR R U ul FS dl,2,12,55,7,3,13,3
L DR R ul U dl FS,2,12,55,7,3,12,3
L DR R ul U FS dl,2,12,55,7,3,13,3
L DR U FS R ul dl,2,12,55,7,3,13,3
L DR U R dl ul FS,2,12,55,7,3,12,3
L DR U R FS ul dl,2,12,55,7,3,13,3
L DR U R ul dl FS,2,12,55,7,3,14,3
L DR U R ul FS dl,2,12,55,7,3,13,3
L DR U ul R dl FS,2,12,55,7,3,14,3
L DR U ul R FS dl,2,12,55,7,3,15,3
L DR ul R U dl FS,2,12,55,7,3,12,3
L DR ul R U FS dl,2,12,55,7,3,13,3
L DR ul U R dl FS,2,12,55,7,3,14,3
L DR ul U R FS dl,2,12,55,7,3,15,3
L R dl U DR ul FS,2,12,55,7,3,12,4
L R dl U ul DR FS,2,12,55,7,3,14,4
L R dl ul U DR FS,2,12,55,7,3,16,4
L R DR U dl ul FS,2,12,55,7,3,12,4
L R DR U FS ul dl,2,12,55,7,3,13,4
L R DR U ul dl FS,2,12,55,7,3,16,4
L R DR U ul FS dl,2,12,55,7,3,15,4
L R DR ul U dl FS,2,12,55,7,3,14,4
L R DR ul U FS dl,2,12,55,7,3,15,4
L R U dl DR ul FS,2,12,55,7,3,12,4
L R U dl ul DR FS,2,12,55,7,3,14,4
L R U DR dl ul FS,2,12,55,7,3,14,4
L R U DR FS ul dl,2,12,55,7,3,15,4
L R U DR ul dl FS,2,12,55,7,3,16,4
L R U DR ul FS dl,2,12,55,7,3,15,4
L R U FS DR ul dl,2,12,55,7,3,15,4
L R U FS ul DR dl,2,12,55,7,3,13,4
L R U ul dl DR FS,2,12,55,7,3,16,4
L R U ul DR dl FS,2,12,55,7,3,16,4
L R U ul DR FS dl,2,12,55,7,3,17,4
L R U ul FS DR dl,2,12,55,7,3,15,4
L R ul dl U DR FS,2,12,55,7,3,14,4
L R ul DR U dl FS,2,12,55,7,3,14,4
L R ul DR U FS dl,2,12,55,7,3,15,4
L R ul U dl DR FS,2,12,55,7,3,14,4
L R ul U DR dl FS,2,12,55,7,3,16,4
L R ul U DR FS dl,2,12,55,7,3,17,4
L R ul U FS DR dl,2,12,55,7,3,15,4
L U dl R DR ul FS,2,12,55,7,3,8,2
L U dl R ul DR FS,2,12,55,7,3,10,3
L U dl ul R DR FS,2,12,55,7,3,10,3
L U DR FS R ul dl,2,12,55,7,3,13,3
L U DR R dl ul FS,2,12,55,7,3,10,3
L U DR R FS ul dl,2,12,55,7,3,11,3
L U DR R ul dl FS,2,12,55,7,3,12,3
L U DR R ul FS dl,2,12,55,7,3,11,3
L U DR ul R dl FS,2,12,55,7,3,12,3
L U DR ul R FS dl,2,12,55,7,3,13,3
L U FS DR R ul dl,2,12,55,7,3,11,3
L U FS R DR ul dl,2,12,55,7,3,11,2
L U FS R ul DR dl,2,12,55,7,3,11,2
L U FS ul R DR dl,2,12,55,7,3,9,2
L U R dl DR ul FS,2,12,55,7,3,10,2
L U R dl ul DR FS,2,12,55,7,3,12,3
L U R DR dl ul FS,2,12,55,7,3,10,2
L U R DR FS ul dl,2,12,55,7,3,11,3
L U R DR ul dl FS,2,12,55,7,3,12,3
L U R DR ul FS dl,2,12,55,7,3,11,3
L U R FS DR ul dl,2,12,55,7,3,13,3
L U R FS ul DR dl,2,12,55,7,3,11,2
L U R ul dl DR FS,2,12,55,7,3,12,3
L U R ul DR dl FS,2,12,55,7,3,12,3
L U R ul DR FS dl,2,12,55,7,3,13,3
L U R ul FS DR dl,2,12,55,7,3,11,3
L U ul dl R DR FS,2,12,55,7,3,12,3
L U ul DR R dl FS,2,12,55,7,3,12,3
L U ul DR R FS dl,2,12,55,7,3,13,3
L U ul FS R DR dl,2,12,55,7,3,11,3
L U ul R dl DR FS,2,12,55,7,3,12,3
L U ul R DR dl FS,2,12,55,7,3,12,3
L U ul R DR FS dl,2,12,55,7,3,13,3
L U ul R FS DR dl,2,12,55,7,3,13,3
L ul dl R U DR FS,2,12,55,7,3,14,3
L ul dl U R DR FS,2,12,55,7,3,12,3
L ul DR R U dl FS,2,12,55,7,3,12,3
L ul DR R U FS dl,2,12,55,7,3,13,3
L ul DR U R dl FS,2,12,55,7,3,14,3
L ul DR U R FS dl,2,12,55,7,3,15,3
L ul R dl U DR FS,2,12,55,7,3,12,3
L ul R DR U dl FS,2,12,55,7,3,12,3
L ul R DR U FS dl,2,12,55,7,3,13,3
L ul R U dl DR FS,2,12,55,7,3,12,3
L ul R U DR dl FS,2,12,55,7,3,14,3
L ul R U DR FS dl,2,12,55,7,3,15,3
L ul R U FS DR dl,2,12,55,7,3,13,3
L ul U dl R DR FS,2,12,55,7,3,12,3
L ul U DR R dl FS,2,12,55,7,3,14,3
L ul U DR R FS dl,2,12,55,7,3,15,3
L ul U FS R DR dl,2,12,55,7,3,13,3
L ul U R dl DR FS,2,12,55,7,3,14,3
L ul U R DR dl FS,2,12,55,7,3,14,3
L ul U R DR FS dl,2,12,55,7,3,15,3
L ul U R FS DR dl,2,12,55,7,3,15,3
R dl L U DR ul FS,2,12,55,7,3,12,3
R dl L U ul DR FS,2,12,55,7,3,14,3
R dl L ul U DR FS,2,12,55,7,3,16,3
R dl U L DR ul FS,2,12,55,7,3,10,3
R dl U L ul DR FS,2,12,55,7,3,12,3
R dl U ul L DR FS,2,12,55,7,3,14,3
R dl ul L U DR FS,2,12,55,7,3,14,3
R dl ul U L DR FS,2,12,55,7,3,14,3
R L dl U DR ul FS,2,12,55,7,3,14,4
R L dl U ul DR FS,2,12,55,7,3,16,4
R L dl ul U DR FS,2,12,55,7,3,18,4
R L DR U dl ul FS,2,12,55,7,3,14,4
R L DR U FS ul dl,2,12,55,7,3,15,4
R L DR U ul dl FS,2,12,55,7,3,18,4
R L DR U ul FS dl,2,12,55,7,3,17,4
R L DR ul U dl FS,2,12,55,7,3,16,4
R L DR ul U FS dl,2,12,55,7,3,17,4
R L U dl DR ul FS,2,12,55,7,3,12,4
R L U dl ul DR FS,2,12,55,7,3,14,4
R L U DR dl ul FS,2,12,55,7,3,14,4
R L U DR FS ul dl,2,12,55,7,3,15,4
R L U DR ul dl FS,2,12,55,7,3,16,4
R L U DR ul FS dl,2,12,55,7,3,15,4
R L U FS DR ul dl,2,12,55,7,3,15,4
R L U FS ul DR dl,2,12,55,7,3,13,4
R L U ul dl DR FS,2,12,55,7,3,16,4
R L U ul DR dl FS,2,12,55,7,3,16,4
R L U ul DR FS dl,2,12,55,7,3,17,4
R L U ul FS DR dl,2,12,55,7,3,15,4
R L ul dl U DR FS,2,12,55,7,3,16,4
R L ul DR U dl FS,2,12,55,7,3,16,4
R L ul DR U FS dl,2,12,55,7,3,17,4
R L ul U dl DR FS,2,12,55,7,3,16,4
R L ul U DR dl FS,2,12,55,7,3,18,4
R L ul U DR FS dl,2,12,55,7,3,19,4
R L ul U FS DR dl,2,12,55,7,3,17,4
R U dl L DR ul FS,2,12,55,7,3,12,3
R U dl L ul DR FS,2,12,55,7,3,14,3
R U dl ul L DR FS,2,12,55,7,3,14,3
R U L dl DR ul FS,2,12,55,7,3,12,3
R U L dl ul DR FS,2,12,55,7,3,14,3
R U L DR dl ul FS,2,12,55,7,3,12,3
R U L DR FS ul dl,2,12,55,7,3,13,3
R U L DR ul dl FS,2,12,55,7,3,14,3
R U L DR ul FS dl,2,12,55,7,3,13,3
R U L FS DR ul dl,2,12,55,7,3,13,3
R U L FS ul DR dl,2,12,55,7,3,11,2
R U L ul dl DR FS,2,12,55,7,3,14,3
R U L ul DR dl FS,2,12,55,7,3,14,3
R U L ul DR FS dl,2,12,55,7,3,15,3
R U L ul FS DR dl,2,12,55,7,3,13,3
R U ul dl L DR FS,2,12,55,7,3,16,3
R U ul L dl DR FS,2,12,55,7,3,16,3
R U ul L DR dl FS,2,12,55,7,3,16,3
R U ul L DR FS dl,2,12,55,7,3,17,3
R U ul L FS DR dl,2,12,55,7,3,15,3
R ul dl L U DR FS,2,12,55,7,3,14,3
R ul dl U L DR FS,2,12,55,7,3,12,3
R ul L dl U DR FS,2,12,55,7,3,14,3
R ul L DR U dl FS,2,12,55,7,3,14,3
R ul L DR U FS dl,2,12,55,7,3,15,3
R ul L U dl DR FS,2,12,55,7,3,12,3
R ul L U DR dl FS,2,12,55,7,3,14,3
R ul L U DR FS dl,2,12,55,7,3,15,3
R ul L U FS DR dl,2,12,55,7,3,13,3
R ul U dl L DR FS,2,12,55,7,3,14,3
R ul U L dl DR FS,2,12,55,7,3,14,3
R ul U L DR dl FS,2,12,55,7,3,14,3
R ul U L DR FS dl,2,12,55,7,3,15,3
R ul U L FS DR dl,2,12,55,7,3,13,3
U dl L R DR ul FS,2,12,55,7,3,12,4
U dl L R ul DR FS,2,12,55,7,3,14,4
U dl L ul R DR FS,2,12,55,7,3,12,3
U dl R L DR ul FS,2,12,55,7,3,12,4
U dl R L ul DR FS,2,12,55,7,3,14,4
U dl R ul L DR FS,2,12,55,7,3,12,3
U dl ul L R DR FS,2,12,55,7,3,14,4
U dl ul R L DR FS,2,12,55,7,3,14,4
U L dl R DR ul FS,2,12,55,7,3,10,3
U L dl R ul DR FS,2,12,55,7,3,12,3
U L dl ul R DR FS,2,12,55,7,3,12,3
U L DR FS R ul dl,2,12,55,7,3,13,3
U L DR R dl ul FS,2,12,55,7,3,10,3
U L DR R FS ul dl,2,12,55,7,3,11,3
U L DR R ul dl FS,2,12,55,7,3,12,3
U L DR R ul FS dl,2,12,55,7,3,11,3
U L DR ul R dl FS,2,12,55,7,3,12,3
U L DR ul R FS dl,2,12,55,7,3,13,3
U L FS DR R ul dl,2,12,55,7,3,11,3
U L FS R DR ul dl,2,12,55,7,3,11,2
U L FS R ul DR dl,2,12,55,7,3,11,2
U L FS ul R DR dl,2,12,55,7,3,9,2
U L R dl DR ul FS,2,12,55,7,3,12,4
U L R dl ul DR FS,2,12,55,7,3,14,4
U L R DR dl ul FS,2,12,55,7,3,12,4
U L R DR FS ul dl,2,12,55,7,3,13,4
U L R DR ul dl FS,2,12,55,7,3,14,4
U L R DR ul FS dl,2,12,55,7,3,13,4
U L R FS DR ul dl,2,12,55,7,3,15,4
U L R FS ul DR dl,2,12,55,7,3,13,4
U L R ul dl DR FS,2,12,55,7,3,14,4
U L R ul DR dl FS,2,12,55,7,3,14,4
U L R ul DR FS dl,2,12,55,7,3,15,4
U L R ul FS DR dl,2,12,55,7,3,13,4
U L ul dl R DR FS,2,12,55,7,3,12,3
U L ul DR R dl FS,2,12,55,7,3,12,3
U L ul DR R FS dl,2,12,55,7,3,13,3
U L ul FS R DR dl,2,12,55,7,3,11,3
U L ul R dl DR FS,2,12,55,7,3,12,3
U L ul R DR dl FS,2,12,55,7,3,12,3
U L ul R DR FS dl,2,12,55,7,3,13,3
U L ul R FS DR dl,2,12,55,7,3,13,3
U R dl L DR ul FS,2,12,55,7,3,12,3
U R dl L ul DR FS,2,12,55,7,3,14,3
U R dl ul L DR FS,2,12,55,7,3,14,3
U R L dl DR ul FS,2,12,55,7,3,14,4
U R L dl ul DR FS,2,12,55,7,3,16,4
U R L DR dl ul FS,2,12,55,7,3,14,4
U R L DR FS ul dl,2,12,55,7,3,15,4
U R L DR ul dl FS,2,12,55,7,3,16,4
U R L DR ul FS dl,2,12,55,7,3,15,4
U R L FS DR ul dl,2,12,55,7,3,15,4
U R L FS ul DR dl,2,12,55,7,3,13,4
U R L ul dl DR FS,2,12,55,7,3,16,4
U R L ul DR dl FS,2,12,55,7,3,16,4
U R L ul DR FS dl,2,12,55,7,3,17,4
U R L ul FS DR dl,2,12,55,7,3,15,4
U R ul dl L DR FS,2,12,55,7,3,14,3
U R ul L dl DR FS,2,12,55,7,3,14,3
U R ul L DR dl FS,2,12,55,7,3,14,3
U R ul L DR FS dl,2,12,55,7,3,15,3
U R ul L FS DR dl,2,12,55,7,3,13,3
U ul dl L R DR FS,2,12,55,7,3,16,4
U ul dl R L DR FS,2,12,55,7,3,16,4
U ul L dl R DR FS,2,12,55,7,3,14,3
U ul L DR R dl FS,2,12,55,7,3,14,3
U ul L DR R FS dl,2,12,55,7,3,15,3
U ul L FS R DR dl,2,12,55,7,3,13,3
U ul L R dl DR FS,2,12,55,7,3,16,4
U ul L R DR dl FS,2,12,55,7,3,16,4
U ul L R DR FS dl,2,12,55,7,3,17,4
U ul L R FS DR dl,2,12,55,7,3,17,4
U ul R dl L DR FS,2,12,55,7,3,14,3
U ul R L dl DR FS,2,12,55,7,3,16,4
U ul R L DR dl FS,2,12,55,7,3,16,4
U ul R L DR FS dl,2,12,55,7,3,17,4
U ul R L FS DR dl,2,12,55,7,3,15,4
ul dl L R U DR FS,2,12,55,7,3,17,4
ul dl L U R DR FS,2,12,55,7,3,13,3
ul dl R L U DR FS,2,12,55,7,3,15,4
ul dl R U L DR FS,2,12,55,7,3,13,3
ul dl U L R DR FS,2,12,55,7,3,13,4
ul dl U R L DR FS,2,12,55,7,3,15,4
ul L dl R U DR FS,2,12,55,7,3,15,3
ul L dl U R DR FS,2,12,55,7,3,13,3
ul L DR R U dl FS,2,12,55,7,3,13,3
ul L DR R U FS dl,2,12,55,7,3,14,3
ul L DR U R dl FS,2,12,55,7,3,15,3
ul L DR U R FS dl,2,12,55,7,3,16,3
ul L R dl U DR FS,2,12,55,7,3,15,4
ul L R DR U dl FS,2,12,55,7,3,15,4
ul L R DR U FS dl,2,12,55,7,3,16,4
ul L R U dl DR FS,2,12,55,7,3,15,4
ul L R U DR dl FS,2,12,55,7,3,17,4
ul L R U DR FS dl,2,12,55,7,3,18,4
ul L R U FS DR dl,2,12,55,7,3,16,4
ul L U dl R DR FS,2,12,55,7,3,11,3
ul L U DR R dl FS,2,12,55,7,3,13,3
ul L U DR R FS dl,2,12,55,7,3,14,3
ul L U FS R DR dl,2,12,55,7,3,12,3
ul L U R dl DR FS,2,12,55,7,3,13,3
ul L U R DR dl FS,2,12,55,7,3,13,3
ul L U R DR FS dl,2,12,55,7,3,14,3
ul L U R FS DR dl,2,12,55,7,3,14,3
ul R dl L U DR FS,2,12,55,7,3,13,3
ul R dl U L DR FS,2,12,55,7,3,11,3
ul R L dl U DR FS,2,12,55,7,3,15,4
ul R L DR U dl FS,2,12,55,7,3,15,4
ul R L DR U FS dl,2,12,55,7,3,16,4
ul R L U dl DR FS,2,12,55,7,3,13,4
ul R L U DR dl FS,2,12,55,7,3,15,4
ul R L U DR FS dl,2,12,55,7,3,16,4
ul R L U FS DR dl,2,12,55,7,3,14,4
ul R U dl L DR FS,2,12,55,7,3,13,3
ul R U L dl DR FS,2,12,55,7,3,13,3
ul R U L DR dl FS,2,12,55,7,3,13,3
ul R U L DR FS dl,2,12,55,7,3,14,3
ul R U L FS DR dl,2,12,55,7,3,12,3
ul U dl L R DR FS,2,12,55,7,3,15,4
ul U dl R L DR FS,2,12,55,7,3,15,4
ul U L dl R DR FS,2,12,55,7,3,13,3
ul U L DR R dl FS,2,12,55,7,3,13,3
ul U L DR R FS dl,2,12,55,7,3,14,3
ul U L FS R DR dl,2,12,55,7,3,12,3
ul U L R dl DR FS,2,12,55,7,3,15,4
ul U L R DR dl FS,2,12,55,7,3,15,4
ul U L R DR FS dl,2,12,55,7,3,16,4
ul U L R FS DR dl,2,12,55,7,3,16,4
ul U R dl L DR FS,2,12,55,7,3,15,3
ul U R L dl DR FS,2,12,55,7,3,17,4
ul U R L DR dl FS,2,12,55,7,3,17,4
ul U R L DR FS dl,2,12,55,7,3,18,4
ul U R L FS DR dl,2,12,55,7,3,16,4
dl DR FS L U ul R,2,12,56,7,3,13,3
dl DR FS L ul R U,2,12,56,7,3,13,3
dl DR FS L ul U R,2,12,56,7,3,15,3
dl DR FS ul L R U,2,12,56,7,3,15,4
dl DR FS ul L U R,2,12,56,7,3,13,3
dl DR FS ul R L U,2,12,56,7,3,13,4
dl DR FS ul R U L,2,12,56,7,3,11,3
dl DR L FS U ul R,2,12,56,7,3,13,3
dl DR L FS ul R U,2,12,56,7,3,11,3
dl DR L FS ul U R,2,12,56,7,3,13,3
dl DR L ul FS R U,2,12,56,7,3,13,3
dl DR L ul FS U R,2,12,56,7,3,13,3
dl DR ul FS L R U,2,12,56,7,3,13,4
dl DR ul FS L U R,2,12,56,7,3,11,2
dl DR ul FS R L U,2,12,56,7,3,13,4
dl DR ul FS R U L,2,12,56,7,3,11,2
dl DR ul L FS R U,2,12,56,7,3,13,3
dl DR ul L FS U R,2,12,56,7,3,13,3
dl FS DR L U ul R,2,12,56,7,3,15,3
dl FS DR L ul R U,2,12,56,7,3,15,3
dl FS DR L ul U R,2,12,56,7,3,17,3
dl FS DR ul L R U,2,12,56,7,3,17,4
dl FS DR ul L U R,2,12,56,7,3,15,3
dl FS DR ul R L U,2,12,56,7,3,15,4
dl FS DR ul R U L,2,12,56,7,3,13,3
dl FS ul DR L R U,2,12,56,7,3,15,4
dl FS ul DR L U R,2,12,56,7,3,13,3
dl FS ul DR R L U,2,12,56,7,3,13,4
dl FS ul DR R U L,2,12,56,7,3,11,3
dl ul DR FS L R U,2,12,56,7,3,15,4
dl ul DR FS L U R,2,12,56,7,3,13,3
dl ul DR FS R L U,2,12,56,7,3,15,4
dl ul DR FS R U L,2,12,56,7,3,13,3
dl ul DR L FS R U,2,12,56,7,3,13,3
dl ul DR L FS U R,2,12,56,7,3,13,3
dl ul FS DR L R U,2,12,56,7,3,15,4
dl ul FS DR L U R,2,12,56,7,3,13,3
dl ul FS DR R L U,2,12,56,7,3,13,4
dl ul FS DR R U L,2,12,56,7,3,11,3
DR dl FS L U ul R,2,12,56,7,3,13,3
DR dl FS L ul R U,2,12,56,7,3,13,3
DR dl FS L ul U R,2,12,56,7,3,15,3
DR dl FS ul L R U,2,12,56,7,3,15,4
DR dl FS ul L U R,2,12,56,7,3,13,3
DR dl FS ul R L U,2,12,56,7,3,13,4
DR dl FS ul R U L,2,12,56,7,3,11,3
DR dl L FS U ul R,2,12,56,7,3,13,3
DR dl L FS ul R U,2,12,56,7,3,11,3
DR dl L FS ul U R,2,12,56,7,3,13,3
DR dl L ul FS R U,2,12,56,7,3,13,3
DR dl L ul FS U R,2,12,56,7,3,13,3
DR dl ul FS L R U,2,12,56,7,3,13,4
DR dl ul FS L U R,2,12,56,7,3,11,2
DR dl ul FS R L U,2,12,56,7,3,13,4
DR dl ul FS R U L,2,12,56,7,3,11,2
DR dl ul L FS R U,2,12,56,7,3,13,3
DR dl ul L FS U R,2,12,56,7,3,13,3
DR FS dl L U ul R,2,12,56,7,3,15,3
DR FS dl L ul R U,2,12,56,7,3,15,3
DR FS dl L ul U R,2,12,56,7,3,17,3
DR FS dl ul L R U,2,12,56,7,3,17,4
DR FS dl ul L U R,2,12,56,7,3,15,3
DR FS dl ul R L U,2,12,56,7,3,15,4
DR FS dl ul R U L,2,12,56,7,3,13,3
DR FS L dl U ul R,2,12,56,7,3,13,3
DR FS L dl ul R U,2,12,56,7,3,13,3
DR FS L dl ul U R,2,12,56,7,3,15,3
DR FS L U dl ul R,2,12,56,7,3,11,3
DR FS L U ul dl R,2,12,56,7,3,13,3
DR FS L ul dl R U,2,12,56,7,3,13,3
DR FS L ul dl U R,2,12,56,7,3,13,3
DR FS L ul R dl U,2,12,56,7,3,11,3
DR FS L ul U dl R,2,12,56,7,3,13,3
DR FS ul dl L R U,2,12,56,7,3,15,4
DR FS ul dl L U R,2,12,56,7,3,13,3
DR FS ul dl R L U,2,12,56,7,3,13,4
DR FS ul dl R U L,2,12,56,7,3,11,3
DR FS ul L dl R U,2,12,56,7,3,13,3
DR FS ul L dl U R,2,12,56,7,3,13,3
DR FS ul L R dl U,2,12,56,7,3,13,4
DR FS ul L U dl R,2,12,56,7,3,11,3
DR FS ul R dl L U,2,12,56,7,3,11,3
DR FS ul R dl U L,2,12,56,7,3,9,3
DR FS ul R L dl U,2,12,56,7,3,13,4
DR L dl FS U ul R,2,12,56,7,3,15,3
DR L dl FS ul R U,2,12,56,7,3,13,3
DR L dl FS ul U R,2,12,56,7,3,15,3
DR L dl ul FS R U,2,12,56,7,3,13,3
DR L dl ul FS U R,2,12,56,7,3,13,3
DR L FS dl U ul R,2,12,56,7,3,13,3
DR L FS dl ul R U,2,12,56,7,3,13,3
DR L FS dl ul U R,2,12,56,7,3,15,3
DR L FS U dl ul R,2,12,56,7,3,11,3
DR L FS U ul dl R,2,12,56,7,3,13,3
DR L FS ul dl R U,2,12,56,7,3,11,3
DR L FS ul dl U R,2,12,56,7,3,11,3
DR L FS ul R dl U,2,12,56,7,3,9,3
DR L FS ul U dl R,2,12,56,7,3,11,3
DR L ul dl FS R U,2,12,56,7,3,15,3
DR L ul dl FS U R,2,12,56,7,3,15,3
DR L ul FS dl R U,2,12,56,7,3,13,3
DR L ul FS dl U R,2,12,56,7,3,13,3
DR L ul FS R dl U,2,12,56,7,3,11,3
DR L ul FS U dl R,2,12,56,7,3,11,3
DR ul dl FS L R U,2,12,56,7,3,15,4
DR ul dl FS L U R,2,12,56,7,3,13,3
DR ul dl FS R L U,2,12,56,7,3,15,4
DR ul dl FS R U L,2,12,56,7,3,13,3
DR ul dl L FS R U,2,12,56,7,3,13,3
DR ul dl L FS U R,2,12,56,7,3,13,3
DR ul FS dl L R U,2,12,56,7,3,15,4
DR ul FS dl L U R,2,12,56,7,3,13,3
DR ul FS dl R L U,2,12,56,7,3,13,4
DR ul FS dl R U L,2,12,56,7,3,11,3
DR ul FS L dl R U,2,12,56,7,3,11,3
DR ul FS L dl U R,2,12,56,7,3,11,3
DR ul FS L R dl U,2,12,56,7,3,11,4
DR ul FS L U dl R,2,12,56,7,3,9,2
DR ul FS R dl L U,2,12,56,7,3,11,3
DR ul FS R dl U L,2,12,56,7,3,9,2
DR ul FS R L dl U,2,12,56,7,3,13,4
DR ul L dl FS R U,2,12,56,7,3,15,3
DR ul L dl FS U R,2,12,56,7,3,15,3
DR ul L FS dl R U,2,12,56,7,3,13,3
DR ul L FS dl U R,2,12,56,7,3,13,3
DR ul L FS R dl U,2,12,56,7,3,11,3
DR ul L FS U dl R,2,12,56,7,3,11,3
FS dl DR L U ul R,2,12,56,7,3,14,3
FS dl DR L ul R U,2,12,56,7,3,14,3
FS dl DR L ul U R,2,12,56,7,3,16,3
FS dl DR ul L R U,2,12,56,7,3,16,4
FS dl DR ul L U R,2,12,56,7,3,14,3
FS dl DR ul R L U,2,12,56,7,3,14,4
FS dl DR ul R U L,2,12,56,7,3,12,3
FS dl ul DR L R U,2,12,56,7,3,16,4
FS dl ul DR L U R,2,12,56,7,3,14,3
FS dl ul DR R L U,2,12,56,7,3,14,4
FS dl ul DR R U L,2,12,56,7,3,12,3
FS DR dl L U ul R,2,12,56,7,3,14,3
FS DR dl L ul R U,2,12,56,7,3,14,3
FS DR dl L ul U R,2,12,56,7,3,16,3
FS DR dl ul L R U,2,12,56,7,3,16,4
FS DR dl ul L U R,2,12,56,7,3,14,3
FS DR dl ul R L U,2,12,56,7,3,14,4
FS DR dl ul R U L,2,12,56,7,3,12,3
FS DR L dl U ul R,2,12,56,7,3,14,3
FS DR L dl ul R U,2,12,56,7,3,14,3
FS DR L dl ul U R,2,12,56,7,3,16,3
FS DR L U dl ul R,2,12,56,7,3,12,3
FS DR L U ul dl R,2,12,56,7,3,14,3
FS DR L ul dl R U,2,12,56,7,3,14,3
FS DR L ul dl U R,2,12,56,7,3,14,3
FS DR L ul R dl U,2,12,56,7,3,12,3
FS DR L ul U dl R,2,12,56,7,3,14,3
FS DR ul dl L R U,2,12,56,7,3,16,4
FS DR ul dl L U R,2,12,56,7,3,14,3
FS DR ul dl R L U,2,12,56,7,3,14,4
FS DR ul dl R U L,2,12,56,7,3,12,3
FS DR ul L dl R U,2,12,56,7,3,14,3
FS DR ul L dl U R,2,12,56,7,3,14,3
FS DR ul L R dl U,2,12,56,7,3,14,4
FS DR ul L U dl R,2,12,56,7,3,12,3
FS DR ul R dl L U,2,12,56,7,3,12,3
FS DR ul R dl U L,2,12,56,7,3,10,3
FS DR ul R L dl U,2,12,56,7,3,14,4
FS ul dl DR L R U,2,12,56,7,3,14,4
FS ul dl DR L U R,2,12,56,7,3,12,3
FS ul dl DR R L U,2,12,56,7,3,12,4
FS ul dl DR R U L,2,12,56,7,3,10,2
FS ul DR dl L R U,2,12,56,7,3,14,4
FS ul DR dl L U R,2,12,56,7,3,12,3
FS ul DR dl R L U,2,12,56,7,3,12,4
FS ul DR dl R U L,2,12,56,7,3,10,2
FS ul DR L dl R U,2,12,56,7,3,12,3
FS ul DR L dl U R,2,12,56,7,3,12,3
FS ul DR L R dl U,2,12,56,7,3,12,4
FS ul DR L U dl R,2,12,56,7,3,10,3
FS ul DR R dl L U,2,12,56,7,3,10,3
FS ul DR R dl U L,2,12,56,7,3,8,2
FS ul DR R L dl U,2,12,56,7,3,12,4
ul dl DR FS L R U,2,12,56,7,3,15,4
ul dl DR FS L U R,2,12,56,7,3,13,3
ul dl DR FS R L U,2,12,56,7,3,15,4
ul dl DR FS R U L,2,12,56,7,3,13,3
ul dl DR L FS R U,2,12,56,7,3,13,3
ul dl DR L FS U R,2,12,56,7,3,13,3
ul dl FS DR L R U,2,12,56,7,3,17,4
ul dl FS DR L U R,2,12,56,7,3,15,3
ul dl FS DR R L U,2,12,56,7,3,15,4
ul dl FS DR R U L,2,12,56,7,3,13,3
ul DR dl FS L R U,2,12,56,7,3,15,4
ul DR dl FS L U R,2,12,56,7,3,13,3
ul DR dl FS R L U,2,12,56,7,3,15,4
ul DR dl FS R U L,2,12,56,7,3,13,3
ul DR dl L FS R U,2,12,56,7,3,13,3
ul DR dl L FS U R,2,12,56,7,3,13,3
ul DR FS dl L R U,2,12,56,7,3,17,4
ul DR FS dl L U R,2,12,56,7,3,15,3
ul DR FS dl R L U,2,12,56,7,3,15,4
ul DR FS dl R U L,2,12,56,7,3,13,3
ul DR FS L dl R U,2,12,56,7,3,13,3
ul DR FS L dl U R,2,12,56,7,3,13,3
ul DR FS L R dl U,2,12,56,7,3,13,4
ul DR FS L U dl R,2,12,56,7,3,11,3
ul DR FS R dl L U,2,12,56,7,3,13,3
ul DR FS R dl U L,2,12,56,7,3,11,3
ul DR FS R L dl U,2,12,56,7,3,15,4
ul DR L dl FS R U,2,12,56,7,3,15,3
ul DR L dl FS U R,2,12,56,7,3,15,3
ul DR L FS dl R U,2,12,56,7,3,13,3
ul DR L FS dl U R,2,12,56,7,3,13,3
ul DR L FS R dl U,2,12,56,7,3,11,3
ul DR L FS U dl R,2,12,56,7,3,11,3
ul FS dl DR L R U,2,12,56,7,3,15,4
ul FS dl DR L U R,2,12,56,7,3,13,3
ul FS dl DR R L U,2,12,56,7,3,13,4
ul FS dl DR R U L,2,12,56,7,3,11,3
ul FS DR dl L R U,2,12,56,7,3,15,4
ul FS DR dl L U R,2,12,56,7,3,13,3
ul FS DR dl R L U,2,12,56,7,3,13,4
ul FS DR dl R U L,2,12,56,7,3,11,3
ul FS DR L dl R U,2,12,56,7,3,13,3
ul FS DR L dl U R,2,12,56,7,3,13,3
ul FS DR L R dl U,2,12,56,7,3,13,4
ul FS DR L U dl R,2,12,56,7,3,11,3
ul FS DR R dl L U,2,12,56,7,3,11,3
ul FS DR R dl U L,2,12,56,7,3,9,3
ul FS DR R L dl U,2,12,56,7,3,13,4
dl FS R U DR L ul,7,12,57,6,3,16,3
dl FS R U L DR ul,7,12,57,6,3,14,3
dl FS U L R DR ul,7,12,57,6,3,14,4
dl FS U R DR L ul,7,12,57,6,3,14,3
dl FS U R L DR ul,7,12,57,6,3,16,4
dl R FS U DR L ul,7,12,57,6,3,14,3
dl R FS U L DR ul,7,12,57,6,3,12,3
dl R U DR FS L ul,7,12,57,6,3,14,3
dl R U DR L FS ul,7,12,57,6,3,12,3
dl R U FS DR L ul,7,12,57,6,3,14,3
dl R U FS L DR ul,7,12,57,6,3,12,3
dl U FS L R DR ul,7,12,57,6,3,12,4
dl U FS R DR L ul,7,12,57,6,3,12,3
dl U FS R L DR ul,7,12,57,6,3,14,4
dl U R DR FS L ul,7,12,57,6,3,12,3
dl U R DR L FS ul,7,12,57,6,3,10,3
dl U R FS DR L ul,7,12,57,6,3,14,3
dl U R FS L DR ul,7,12,57,6,3,12,3
FS dl R U DR L ul,7,12,57,6,3,15,3
FS dl R U L DR ul,7,12,57,6,3,13,3
FS dl U L R DR ul,7,12,57,6,3,13,4
FS dl U R DR L ul,7,12,57,6,3,13,3
FS dl U R L DR ul,7,12,57,6,3,15,4
FS R dl U DR L ul,7,12,57,6,3,13,3
FS R dl U L DR ul,7,12,57,6,3,11,3
FS R U dl DR L ul,7,12,57,6,3,13,3
FS R U dl L DR ul,7,12,57,6,3,13,3
FS R U L dl DR ul,7,12,57,6,3,13,3
FS R U L DR dl ul,7,12,57,6,3,13,3
FS U dl L R DR ul,7,12,57,6,3,13,4
FS U dl R DR L ul,7,12,57,6,3,11,3
FS U dl R L DR ul,7,12,57,6,3,13,4
FS U L dl R DR ul,7,12,57,6,3,11,3
FS U L DR R dl ul,7,12,57,6,3,11,3
FS U L R dl DR ul,7,12,57,6,3,13,4
FS U L R DR dl ul,7,12,57,6,3,13,4
FS U R dl DR L ul,7,12,57,6,3,13,3
FS U R dl L DR ul,7,12,57,6,3,13,3
FS U R L dl DR ul,7,12,57,6,3,15,4
FS U R L DR dl ul,7,12,57,6,3,15,4
R dl FS U DR L ul,7,12,57,6,3,15,3
R dl FS U L DR ul,7,12,57,6,3,13,3
R dl U DR FS L ul,7,12,57,6,3,13,3
R dl U DR L FS ul,7,12,57,6,3,11,3
R dl U FS DR L ul,7,12,57,6,3,13,3
R dl U FS L DR ul,7,12,57,6,3,11,3
R FS dl U DR L ul,7,12,57,6,3,15,3
R FS dl U L DR ul,7,12,57,6,3,13,3
R FS U dl DR L ul,7,12,57,6,3,13,3
R FS U dl L DR ul,7,12,57,6,3,13,3
R FS U L dl DR ul,7,12,57,6,3,13,3
R FS U L DR dl ul,7,12,57,6,3,13,3
R U dl DR FS L ul,7,12,57,6,3,13,3
R U dl DR L FS ul,7,12,57,6,3,11,3
R U dl FS DR L ul,7,12,57,6,3,15,3
R U dl FS L DR ul,7,12,57,6,3,13,3
R U FS dl DR L ul,7,12,57,6,3,15,3
R U FS dl L DR ul,7,12,57,6,3,15,3
R U FS L dl DR ul,7,12,57,6,3,13,3
R U FS L DR dl ul,7,12,57,6,3,13,3
U dl FS L R DR ul,7,12,57,6,3,13,4
U dl FS R DR L ul,7,12,57,6,3,13,3
U dl FS R L DR ul,7,12,57,6,3,15,4
U dl R DR FS L ul,7,12,57,6,3,11,3
U dl R DR L FS ul,7,12,57,6,3,9,3
U dl R FS DR L ul,7,12,57,6,3,13,3
U dl R FS L DR ul,7,12,57,6,3,11,3
U FS dl L R DR ul,7,12,57,6,3,15,4
U FS dl R DR L ul,7,12,57,6,3,13,3
U FS dl R L DR ul,7,12,57,6,3,15,4
U FS L dl R DR ul,7,12,57,6,3,11,3
U FS L DR R dl ul,7,12,57,6,3,11,3
U FS L R dl DR ul,7,12,57,6,3,13,4
U FS L R DR dl ul,7,12,57,6,3,13,4
U FS R dl DR L ul,7,12,57,6,3,13,3
U FS R dl L DR ul,7,12,57,6,3,13,3
U FS R L dl DR ul,7,12,57,6,3,15,4
U FS R L DR dl ul,7,12,57,6,3,15,4
U R dl DR FS L ul,7,12,57,6,3,13,3
U R dl DR L FS ul,7,12,57,6,3,11,3
U R dl FS DR L ul,7,12,57,6,3,15,3
U R dl FS L DR ul,7,12,57,6,3,13,3
U R FS dl DR L ul,7,12,57,6,3,15,3
U R FS dl L DR ul,7,12,57,6,3,15,3
U R FS L dl DR ul,7,12,57,6,3,13,3
U R FS L DR dl ul,7,12,57,6,3,13,3
dl FS R ul DR L U,2,12,59,7,3,13,3
dl FS R ul DR U L,2,12,59,7,3,13,3
dl FS ul R DR L U,2,12,59,7,3,11,3
dl FS ul R DR U L,2,12,59,7,3,11,3
dl L R U DR FS ul,2,12,59,7,3,16,4
dl L R U FS DR ul,2,12,59,7,3,16,4
dl L U FS R DR ul,2,12,59,7,3,12,3
dl L U R DR FS ul,2,12,59,7,3,12,3
dl L U R FS DR ul,2,12,59,7,3,14,3
dl R FS ul DR L U,2,12,59,7,3,11,3
dl R FS ul DR U L,2,12,59,7,3,11,3
dl R L U DR FS ul,2,12,59,7,3,14,4
dl R L U FS DR ul,2,12,59,7,3,14,4
dl R U L DR FS ul,2,12,59,7,3,12,3
dl R U L FS DR ul,2,12,59,7,3,12,3
dl R ul FS DR L U,2,12,59,7,3,11,3
dl R ul FS DR U L,2,12,59,7,3,11,3
dl U L FS R DR ul,2,12,59,7,3,10,2
dl U L R DR FS ul,2,12,59,7,3,12,4
dl U L R FS DR ul,2,12,59,7,3,14,4
dl U R L DR FS ul,2,12,59,7,3,14,4
dl U R L FS DR ul,2,12,59,7,3,14,4
dl ul FS R DR L U,2,12,59,7,3,11,3
dl ul FS R DR U L,2,12,59,7,3,11,3
dl ul R FS DR L U,2,12,59,7,3,13,3
dl ul R FS DR U L,2,12,59,7,3,13,3
DR FS R U L ul dl,2,12,59,7,3,14,3
DR FS R U ul L dl,2,12,59,7,3,16,3
DR FS R ul U L dl,2,12,59,7,3,14,3
DR FS U L R ul dl,2,12,59,7,3,14,4
DR FS U R L ul dl,2,12,59,7,3,16,4
DR FS U R ul L dl,2,12,59,7,3,14,3
DR L R U dl ul FS,2,12,59,7,3,13,4
DR L R U FS ul dl,2,12,59,7,3,14,4
DR L R U ul dl FS,2,12,59,7,3,17,4
DR L R U ul FS dl,2,12,59,7,3,16,4
DR L R ul U dl FS,2,12,59,7,3,15,4
DR L R ul U FS dl,2,12,59,7,3,16,4
DR L U FS R ul dl,2,12,59,7,3,12,3
DR L U R dl ul FS,2,12,59,7,3,11,3
DR L U R FS ul dl,2,12,59,7,3,12,3
DR L U R ul dl FS,2,12,59,7,3,13,3
DR L U R ul FS dl,2,12,59,7,3,12,3
DR L U ul R dl FS,2,12,59,7,3,13,3
DR L U ul R FS dl,2,12,59,7,3,14,3
DR L ul R U dl FS,2,12,59,7,3,13,3
DR L ul R U FS dl,2,12,59,7,3,14,3
DR L ul U R dl FS,2,12,59,7,3,15,3
DR L ul U R FS dl,2,12,59,7,3,16,3
DR R FS U L ul dl,2,12,59,7,3,12,3
DR R FS U ul L dl,2,12,59,7,3,14,3
DR R FS ul U L dl,2,12,59,7,3,12,3
DR R L U dl ul FS,2,12,59,7,3,11,4
DR R L U FS ul dl,2,12,59,7,3,12,4
DR R L U ul dl FS,2,12,59,7,3,15,4
DR R L U ul FS dl,2,12,59,7,3,14,4
DR R L ul U dl FS,2,12,59,7,3,15,4
DR R L ul U FS dl,2,12,59,7,3,16,4
DR R U dl L ul FS,2,12,59,7,3,11,3
DR R U dl ul L FS,2,12,59,7,3,11,3
DR R U FS L ul dl,2,12,59,7,3,12,3
DR R U FS ul L dl,2,12,59,7,3,12,3
DR R U L dl ul FS,2,12,59,7,3,11,3
DR R U L FS ul dl,2,12,59,7,3,10,2
DR R U L ul dl FS,2,12,59,7,3,13,3
DR R U L ul FS dl,2,12,59,7,3,12,3
DR R U ul dl L FS,2,12,59,7,3,13,3
DR R U ul FS L dl,2,12,59,7,3,12,3
DR R U ul L dl FS,2,12,59,7,3,15,3
DR R U ul L FS dl,2,12,59,7,3,14,3
DR R ul FS U L dl,2,12,59,7,3,10,3
DR R ul L U dl FS,2,12,59,7,3,11,3
DR R ul L U FS dl,2,12,59,7,3,12,3
DR R ul U dl L FS,2,12,59,7,3,11,3
DR R ul U FS L dl,2,12,59,7,3,12,3
DR R ul U L dl FS,2,12,59,7,3,13,3
DR R ul U L FS dl,2,12,59,7,3,12,3
DR U FS L R ul dl,2,12,59,7,3,14,4
DR U FS R L ul dl,2,12,59,7,3,16,4
DR U FS R ul L dl,2,12,59,7,3,14,3
DR U L FS R ul dl,2,12,59,7,3,12,3
DR U L R dl ul FS,2,12,59,7,3,13,4
DR U L R FS ul dl,2,12,59,7,3,14,4
DR U L R ul dl FS,2,12,59,7,3,15,4
DR U L R ul FS dl,2,12,59,7,3,14,4
DR U L ul R dl FS,2,12,59,7,3,13,3
DR U L ul R FS dl,2,12,59,7,3,14,3
DR U R dl L ul FS,2,12,59,7,3,13,3
DR U R dl ul L FS,2,12,59,7,3,13,3
DR U R FS L ul dl,2,12,59,7,3,14,3
DR U R FS ul L dl,2,12,59,7,3,14,3
DR U R L dl ul FS,2,12,59,7,3,15,4
DR U R L FS ul dl,2,12,59,7,3,14,4
DR U R L ul dl FS,2,12,59,7,3,17,4
DR U R L ul FS dl,2,12,59,7,3,16,4
DR U R ul dl L FS,2,12,59,7,3,13,3
DR U R ul FS L dl,2,12,59,7,3,12,3
DR U R ul L dl FS,2,12,59,7,3,15,3
DR U R ul L FS dl,2,12,59,7,3,14,3
DR U ul L R dl FS,2,12,59,7,3,17,4
DR U ul L R FS dl,2,12,59,7,3,18,4
DR U ul R dl L FS,2,12,59,7,3,13,3
DR U ul R FS L dl,2,12,59,7,3,14,3
DR U ul R L dl FS,2,12,59,7,3,17,4
DR U ul R L FS dl,2,12,59,7,3,16,4
DR ul L R U dl FS,2,12,59,7,3,15,4
DR ul L R U FS dl,2,12,59,7,3,16,4
DR ul L U R dl FS,2,12,59,7,3,13,3
DR ul L U R FS dl,2,12,59,7,3,14,3
DR ul R FS U L dl,2,12,59,7,3,12,3
DR ul R L U dl FS,2,12,59,7,3,13,4
DR ul R L U FS dl,2,12,59,7,3,14,4
DR ul R U dl L FS,2,12,59,7,3,11,3
DR ul R U FS L dl,2,12,59,7,3,12,3
DR ul R U L dl FS,2,12,59,7,3,13,3
DR ul R U L FS dl,2,12,59,7,3,12,3
DR ul U L R dl FS,2,12,59,7,3,15,4
DR ul U L R FS dl,2,12,59,7,3,16,4
DR ul U R dl L FS,2,12,59,7,3,13,3
DR ul U R FS L dl,2,12,59,7,3,14,3
DR ul U R L dl FS,2,12,59,7,3,17,4
DR ul U R L FS dl,2,12,59,7,3,16,4
FS dl R ul DR L U,2,12,59,7,3,12,3
FS dl R ul DR U L,2,12,59,7,3,12,3
FS dl ul R DR L U,2,12,59,7,3,12,3
FS dl ul R DR U L,2,12,59,7,3,12,3
FS DR R U L ul dl,2,12,59,7,3,13,3
FS DR R U ul L dl,2,12,59,7,3,15,3
FS DR R ul U L dl,2,12,59,7,3,13,3
FS DR U L R ul dl,2,12,59,7,3,15,4
FS DR U R L ul dl,2,12,59,7,3,17,4
FS DR U R ul L dl,2,12,59,7,3,15,3
FS R dl ul DR L U,2,12,59,7,3,12,3
FS R dl ul DR U L,2,12,59,7,3,12,3
FS R DR U L ul dl,2,12,59,7,3,13,3
FS R DR U ul L dl,2,12,59,7,3,15,3
FS R DR ul U L dl,2,12,59,7,3,13,3
FS R U DR L ul dl,2,12,59,7,3,15,3
FS R U DR ul L dl,2,12,59,7,3,15,3
FS R ul dl DR L U,2,12,59,7,3,12,3
FS R ul dl DR U L,2,12,59,7,3,12,3
FS R ul DR dl L U,2,12,59,7,3,12,3
FS R ul DR dl U L,2,12,59,7,3,10,2
FS R ul DR L dl U,2,12,59,7,3,12,3
FS U DR L R ul dl,2,12,59,7,3,15,4
FS U DR R L ul dl,2,12,59,7,3,15,4
FS U DR R ul L dl,2,12,59,7,3,13,3
FS U R DR L ul dl,2,12,59,7,3,13,3
FS U R DR ul L dl,2,12,59,7,3,13,3
FS ul dl R DR L U,2,12,59,7,3,10,3
FS ul dl R DR U L,2,12,59,7,3,10,3
FS ul R dl DR L U,2,12,59,7,3,10,3
FS ul R dl DR U L,2,12,59,7,3,10,3
FS ul R DR dl L U,2,12,59,7,3,10,3
FS ul R DR dl U L,2,12,59,7,3,8,2
FS ul R DR L dl U,2,12,59,7,3,10,3
L dl R U DR FS ul,2,12,59,7,3,13,3
L dl R U FS DR ul,2,12,59,7,3,13,3
L dl U FS R DR ul,2,12,59,7,3,11,3
L dl U R DR FS ul,2,12,59,7,3,11,3
L dl U R FS DR ul,2,12,59,7,3,13,3
L DR R U dl FS ul,2,12,59,7,3,11,3
L DR R U FS dl ul,2,12,59,7,3,13,3
L DR U FS R dl ul,2,12,59,7,3,13,3
L DR U R dl FS ul,2,12,59,7,3,13,3
L DR U R FS dl ul,2,12,59,7,3,15,3
L R dl U DR FS ul,2,12,59,7,3,13,4
L R dl U FS DR ul,2,12,59,7,3,13,4
L R DR U dl FS ul,2,12,59,7,3,13,4
L R DR U FS dl ul,2,12,59,7,3,15,4
L R U dl DR FS ul,2,12,59,7,3,13,4
L R U dl FS DR ul,2,12,59,7,3,15,4
L R U DR dl FS ul,2,12,59,7,3,15,4
L R U DR FS dl ul,2,12,59,7,3,17,4
L R U FS dl DR ul,2,12,59,7,3,15,4
L R U FS DR dl ul,2,12,59,7,3,15,4
L U dl FS R DR ul,2,12,59,7,3,11,3
L U dl R DR FS ul,2,12,59,7,3,9,3
L U dl R FS DR ul,2,12,59,7,3,11,3
L U DR FS R dl ul,2,12,59,7,3,13,3
L U DR R dl FS ul,2,12,59,7,3,11,3
L U DR R FS dl ul,2,12,59,7,3,13,3
L U FS dl R DR ul,2,12,59,7,3,11,3
L U FS DR R dl ul,2,12,59,7,3,11,3
L U FS R dl DR ul,2,12,59,7,3,11,2
L U FS R DR dl ul,2,12,59,7,3,11,2
L U R dl DR FS ul,2,12,59,7,3,11,3
L U R dl FS DR ul,2,12,59,7,3,13,3
L U R DR dl FS ul,2,12,59,7,3,11,3
L U R DR FS dl ul,2,12,59,7,3,13,3
L U R FS dl DR ul,2,12,59,7,3,13,3
L U R FS DR dl ul,2,12,59,7,3,13,3
R dl FS ul DR L U,2,12,59,7,3,12,3
R dl FS ul DR U L,2,12,59,7,3,12,3
R dl L U DR FS ul,2,12,59,7,3,13,3
R dl L U FS DR ul,2,12,59,7,3,13,3
R dl U L DR FS ul,2,12,59,7,3,11,3
R dl U L FS DR ul,2,12,59,7,3,11,3
R dl ul FS DR L U,2,12,59,7,3,12,3
R dl ul FS DR U L,2,12,59,7,3,12,3
R DR FS U L ul dl,2,12,59,7,3,13,3
R DR FS U ul L dl,2,12,59,7,3,15,3
R DR FS ul U L dl,2,12,59,7,3,13,3
R DR L U dl ul FS,2,12,59,7,3,10,3
R DR L U FS ul dl,2,12,59,7,3,11,3
R DR L U ul dl FS,2,12,59,7,3,14,3
R DR L U ul FS dl,2,12,59,7,3,13,3
R DR L ul U dl FS,2,12,59,7,3,14,3
R DR L ul U FS dl,2,12,59,7,3,15,3
R DR U dl L ul FS,2,12,59,7,3,12,3
R DR U dl ul L FS,2,12,59,7,3,12,3
R DR U FS L ul dl,2,12,59,7,3,13,3
R DR U FS ul L dl,2,12,59,7,3,13,3
R DR U L dl ul FS,2,12,59,7,3,12,3
R DR U L FS ul dl,2,12,59,7,3,11,3
R DR U L ul dl FS,2,12,59,7,3,14,3
R DR U L ul FS dl,2,12,59,7,3,13,3
R DR U ul dl L FS,2,12,59,7,3,14,3
R DR U ul FS L dl,2,12,59,7,3,13,3
R DR U ul L dl FS,2,12,59,7,3,16,3
R DR U ul L FS dl,2,12,59,7,3,15,3
R DR ul FS U L dl,2,12,59,7,3,11,3
R DR ul L U dl FS,2,12,59,7,3,12,3
R DR ul L U FS dl,2,12,59,7,3,13,3
R DR ul U dl L FS,2,12,59,7,3,12,3
R DR ul U FS L dl,2,12,59,7,3,13,3
R DR ul U L dl FS,2,12,59,7,3,14,3
R DR ul U L FS dl,2,12,59,7,3,13,3
R FS dl ul DR L U,2,12,59,7,3,14,3
R FS dl ul DR U L,2,12,59,7,3,14,3
R FS DR U L ul dl,2,12,59,7,3,15,3
R FS DR U ul L dl,2,12,59,7,3,17,3
R FS DR ul U L dl,2,12,59,7,3,15,3
R FS U DR L ul dl,2,12,59,7,3,15,3
R FS U DR ul L dl,2,12,59,7,3,15,3
R FS ul dl DR L U,2,12,59,7,3,12,3
R FS ul dl DR U L,2,12,59,7,3,12,3
R FS ul DR dl L U,2,12,59,7,3,12,3
R FS ul DR dl U L,2,12,59,7,3,10,2
R FS ul DR L dl U,2,12,59,7,3,12,3
R L dl U DR FS ul,2,12,59,7,3,15,4
R L dl U FS DR ul,2,12,59,7,3,15,4
R L DR U dl FS ul,2,12,59,7,3,15,4
R L DR U FS dl ul,2,12,59,7,3,17,4
R L U dl DR FS ul,2,12,59,7,3,13,4
R L U dl FS DR ul,2,12,59,7,3,15,4
R L U DR dl FS ul,2,12,59,7,3,15,4
R L U DR FS dl ul,2,12,59,7,3,17,4
R L U FS dl DR ul,2,12,59,7,3,15,4
R L U FS DR dl ul,2,12,59,7,3,15,4
R U dl L DR FS ul,2,12,59,7,3,13,3
R U dl L FS DR ul,2,12,59,7,3,13,3
R U DR dl L ul FS,2,12,59,7,3,14,3
R U DR dl ul L FS,2,12,59,7,3,14,3
R U DR FS L ul dl,2,12,59,7,3,15,3
R U DR FS ul L dl,2,12,59,7,3,15,3
R U DR L dl ul FS,2,12,59,7,3,14,3
R U DR L FS ul dl,2,12,59,7,3,13,3
R U DR L ul dl FS,2,12,59,7,3,16,3
R U DR L ul FS dl,2,12,59,7,3,15,3
R U DR ul dl L FS,2,12,59,7,3,14,3
R U DR ul FS L dl,2,12,59,7,3,13,3
R U DR ul L dl FS,2,12,59,7,3,16,3
R U DR ul L FS dl,2,12,59,7,3,15,3
R U FS DR L ul dl,2,12,59,7,3,15,3
R U FS DR ul L dl,2,12,59,7,3,15,3
R U L dl DR FS ul,2,12,59,7,3,13,3
R U L dl FS DR ul,2,12,59,7,3,15,3
R U L DR dl FS ul,2,12,59,7,3,13,3
R U L DR FS dl ul,2,12,59,7,3,15,3
R U L FS dl DR ul,2,12,59,7,3,13,3
R U L FS DR dl ul,2,12,59,7,3,13,3
R U ul DR dl L FS,2,12,59,7,3,14,3
R U ul DR FS L dl,2,12,59,7,3,15,3
R U ul DR L dl FS,2,12,59,7,3,16,3
R U ul DR L FS dl,2,12,59,7,3,15,3
R ul dl FS DR L U,2,12,59,7,3,14,3
R ul dl FS DR U L,2,12,59,7,3,14,3
R ul DR FS U L dl,2,12,59,7,3,13,3
R ul DR L U dl FS,2,12,59,7,3,12,3
R ul DR L U FS dl,2,12,59,7,3,13,3
R ul DR U dl L FS,2,12,59,7,3,12,3
R ul DR U FS L dl,2,12,59,7,3,13,3
R ul DR U L dl FS,2,12,59,7,3,14,3
R ul DR U L FS dl,2,12,59,7,3,13,3
R ul FS dl DR L U,2,12,59,7,3,12,3
R ul FS dl DR U L,2,12,59,7,3,12,3
R ul FS DR dl L U,2,12,59,7,3,12,3
R ul FS DR dl U L,2,12,59,7,3,10,3
R ul FS DR L dl U,2,12,59,7,3,12,3
R ul U DR dl L FS,2,12,59,7,3,14,3
R ul U DR FS L dl,2,12,59,7,3,15,3
R ul U DR L dl FS,2,12,59,7,3,16,3
R ul U DR L FS dl,2,12,59,7,3,15,3
U dl L FS R DR ul,2,12,59,7,3,11,3
U dl L R DR FS ul,2,12,59,7,3,13,4
U dl L R FS DR ul,2,12,59,7,3,15,4
U dl R L DR FS ul,2,12,59,7,3,13,4
U dl R L FS DR ul,2,12,59,7,3,13,4
U DR FS L R ul dl,2,12,59,7,3,15,4
U DR FS R L ul dl,2,12,59,7,3,17,4
U DR FS R ul L dl,2,12,59,7,3,15,3
U DR L FS R ul dl,2,12,59,7,3,13,3
U DR L R dl ul FS,2,12,59,7,3,14,4
U DR L R FS ul dl,2,12,59,7,3,15,4
U DR L R ul dl FS,2,12,59,7,3,16,4
U DR L R ul FS dl,2,12,59,7,3,15,4
U DR L ul R dl FS,2,12,59,7,3,14,3
U DR L ul R FS dl,2,12,59,7,3,15,3
U DR R dl L ul FS,2,12,59,7,3,12,3
U DR R dl ul L FS,2,12,59,7,3,12,3
U DR R FS L ul dl,2,12,59,7,3,13,3
U DR R FS ul L dl,2,12,59,7,3,13,3
U DR R L dl ul FS,2,12,59,7,3,14,4
U DR R L FS ul dl,2,12,59,7,3,13,4
U DR R L ul dl FS,2,12,59,7,3,16,4
U DR R L ul FS dl,2,12,59,7,3,15,4
U DR R ul dl L FS,2,12,59,7,3,12,3
U DR R ul FS L dl,2,12,59,7,3,11,3
U DR R ul L dl FS,2,12,59,7,3,14,3
U DR R ul L FS dl,2,12,59,7,3,13,3
U DR ul L R dl FS,2,12,59,7,3,16,4
U DR ul L R FS dl,2,12,59,7,3,17,4
U DR ul R dl L FS,2,12,59,7,3,12,3
U DR ul R FS L dl,2,12,59,7,3,13,3
U DR ul R L dl FS,2,12,59,7,3,16,4
U DR ul R L FS dl,2,12,59,7,3,15,4
U FS DR L R ul dl,2,12,59,7,3,15,4
U FS DR R L ul dl,2,12,59,7,3,15,4
U FS DR R ul L dl,2,12,59,7,3,13,3
U FS R DR L ul dl,2,12,59,7,3,13,3
U FS R DR ul L dl,2,12,59,7,3,13,3
U L dl FS R DR ul,2,12,59,7,3,13,3
U L dl R DR FS ul,2,12,59,7,3,11,3
U L dl R FS DR ul,2,12,59,7,3,13,3
U L DR FS R dl ul,2,12,59,7,3,13,3
U L DR R dl FS ul,2,12,59,7,3,11,3
U L DR R FS dl ul,2,12,59,7,3,13,3
U L FS dl R DR ul,2,12,59,7,3,11,3
U L FS DR R dl ul,2,12,59,7,3,11,3
U L FS R dl DR ul,2,12,59,7,3,11,2
U L FS R DR dl ul,2,12,59,7,3,11,2
U L R dl DR FS ul,2,12,59,7,3,13,4
U L R dl FS DR ul,2,12,59,7,3,15,4
U L R DR dl FS ul,2,12,59,7,3,13,4
U L R DR FS dl ul,2,12,59,7,3,15,4
U L R FS dl DR ul,2,12,59,7,3,15,4
U L R FS DR dl ul,2,12,59,7,3,15,4
U R dl L DR FS ul,2,12,59,7,3,13,3
U R dl L FS DR ul,2,12,59,7,3,13,3
U R DR dl L ul FS,2,12,59,7,3,12,3
U R DR dl ul L FS,2,12,59,7,3,12,3
U R DR FS L ul dl,2,12,59,7,3,13,3
U R DR FS ul L dl,2,12,59,7,3,13,3
U R DR L dl ul FS,2,12,59,7,3,12,3
U R DR L FS ul dl,2,12,59,7,3,11,3
U R DR L ul dl FS,2,12,59,7,3,14,3
U R DR L ul FS dl,2,12,59,7,3,13,3
U R DR ul dl L FS,2,12,59,7,3,12,3
U R DR ul FS L dl,2,12,59,7,3,11,3
U R DR ul L dl FS,2,12,59,7,3,14,3
U R DR ul L FS dl,2,12,59,7,3,13,3
U R FS DR L ul dl,2,12,59,7,3,15,3
U R FS DR ul L dl,2,12,59,7,3,15,3
U R L dl DR FS ul,2,12,59,7,3,15,4
U R L dl FS DR ul,2,12,59,7,3,17,4
U R L DR dl FS ul,2,12,59,7,3,15,4
U R L DR FS dl ul,2,12,59,7,3,17,4
U R L FS dl DR ul,2,12,59,7,3,15,4
U R L FS DR dl ul,2,12,59,7,3,15,4
U R ul DR dl L FS,2,12,59,7,3,12,3
U R ul DR FS L dl,2,12,59,7,3,13,3
U R ul DR L dl FS,2,12,59,7,3,14,3
U R ul DR L FS dl,2,12,59,7,3,13,3
U ul DR L R dl FS,2,12,59,7,3,16,4
U ul DR L R FS dl,2,12,59,7,3,17,4
U ul DR R dl L FS,2,12,59,7,3,12,3
U ul DR R FS L dl,2,12,59,7,3,13,3
U ul DR R L dl FS,2,12,59,7,3,16,4
U ul DR R L FS dl,2,12,59,7,3,15,4
U ul R DR dl L FS,2,12,59,7,3,12,3
U ul R DR FS L dl,2,12,59,7,3,13,3
U ul R DR L dl FS,2,12,59,7,3,14,3
U ul R DR L FS dl,2,12,59,7,3,13,3
ul dl FS R DR L U,2,12,59,7,3,13,3
ul dl FS R DR U L,2,12,59,7,3,13,3
ul dl R FS DR L U,2,12,59,7,3,13,3
ul dl R FS DR U L,2,12,59,7,3,13,3
ul DR L R U dl FS,2,12,59,7,3,15,4
ul DR L R U FS dl,2,12,59,7,3,16,4
ul DR L U R dl FS,2,12,59,7,3,13,3
ul DR L U R FS dl,2,12,59,7,3,14,3
ul DR R FS U L dl,2,12,59,7,3,12,3
ul DR R L U dl FS,2,12,59,7,3,13,4
ul DR R L U FS dl,2,12,59,7,3,14,4
ul DR R U dl L FS,2,12,59,7,3,11,3
ul DR R U FS L dl,2,12,59,7,3,12,3
ul DR R U L dl FS,2,12,59,7,3,13,3
ul DR R U L FS dl,2,12,59,7,3,12,3
ul DR U L R dl FS,2,12,59,7,3,15,4
ul DR U L R FS dl,2,12,59,7,3,16,4
ul DR U R dl L FS,2,12,59,7,3,13,3
ul DR U R FS L dl,2,12,59,7,3,14,3
ul DR U R L dl FS,2,12,59,7,3,17,4
ul DR U R L FS dl,2,12,59,7,3,16,4
ul FS dl R DR L U,2,12,59,7,3,11,3
ul FS dl R DR U L,2,12,59,7,3,11,3
ul FS R dl DR L U,2,12,59,7,3,11,3
ul FS R dl DR U L,2,12,59,7,3,11,3
ul FS R DR dl L U,2,12,59,7,3,11,3
ul FS R DR dl U L,2,12,59,7,3,9,2
ul FS R DR L dl U,2,12,59,7,3,11,3
ul R dl FS DR L U,2,12,59,7,3,13,3
ul R dl FS DR U L,2,12,59,7,3,13,3
ul R DR FS U L dl,2,12,59,7,3,12,3
ul R DR L U dl FS,2,12,59,7,3,11,3
ul R DR L U FS dl,2,12,59,7,3,12,3
ul R DR U dl L FS,2,12,59,7,3,11,3
ul R DR U FS L dl,2,12,59,7,3,12,3
ul R DR U L dl FS,2,12,59,7,3,13,3
ul R DR U L FS dl,2,12,59,7,3,12,3
ul R FS dl DR L U,2,12,59,7,3,13,3
ul R FS dl DR U L,2,12,59,7,3,13,3
ul R FS DR dl L U,2,12,59,7,3,13,3
ul R FS DR dl U L,2,12,59,7,3,11,3
ul R FS DR L dl U,2,12,59,7,3,13,3
ul R U DR dl L FS,2,12,59,7,3,13,3
ul R U DR FS L dl,2,12,59,7,3,14,3
ul R U DR L dl FS,2,12,59,7,3,15,3
ul R U DR L FS dl,2,12,59,7,3,14,3
ul U DR L R dl FS,2,12,59,7,3,17,4
ul U DR L R FS dl,2,12,59,7,3,18,4
ul U DR R dl L FS,2,12,59,7,3,13,3
ul U DR R FS L dl,2,12,59,7,3,14,3
ul U DR R L dl FS,2,12,59,7,3,17,4
ul U DR R L FS dl,2,12,59,7,3,16,4
ul U R DR dl L FS,2,12,59,7,3,13,3
ul U R DR FS L dl,2,12,59,7,3,14,3
ul U R DR L dl FS,2,12,59,7,3,15,3
ul U R DR L FS dl,2,12,59,7,3,14,3
dl FS L DR R ul U,2,12,61,8,3,13,3
dl FS L R DR ul U,2,12,61,8,3,15,4
dl FS L R U ul DR,2,12,61,8,3,16,4
dl FS L R ul DR U,2,12,61,8,3,15,4
dl FS L R ul U DR,2,12,61,8,3,16,4
dl FS L U R ul DR,2,12,61,8,3,12,3
dl FS L U ul R DR,2,12,61,8,3,12,3
dl FS L ul R DR U,2,12,61,8,3,13,3
dl FS L ul R U DR,2,12,61,8,3,14,3
dl FS L ul U R DR,2,12,61,8,3,14,3
dl FS R L DR ul U,2,12,61,8,3,17,4
dl FS R L U ul DR,2,12,61,8,3,16,4
dl FS R L ul DR U,2,12,61,8,3,17,4
dl FS R L ul U DR,2,12,61,8,3,18,4
dl FS R ul L DR U,2,12,61,8,3,15,3
dl FS R ul L U DR,2,12,61,8,3,14,3
dl FS ul L R DR U,2,12,61,8,3,15,4
dl FS ul L R U DR,2,12,61,8,3,16,4
dl FS ul L U R DR,2,12,61,8,3,12,3
dl FS ul R L DR U,2,12,61,8,3,15,4
dl FS ul R L U DR,2,12,61,8,3,14,4
dl L DR FS R ul U,2,12,61,8,3,15,3
dl L DR R FS ul U,2,12,61,8,3,13,3
dl L DR R ul FS U,2,12,61,8,3,11,3
dl L DR ul R FS U,2,12,61,8,3,13,3
dl L FS DR R ul U,2,12,61,8,3,13,3
dl L FS R DR ul U,2,12,61,8,3,13,3
dl L FS R U ul DR,2,12,61,8,3,14,3
dl L FS R ul DR U,2,12,61,8,3,13,3
dl L FS R ul U DR,2,12,61,8,3,14,3
dl L FS U R ul DR,2,12,61,8,3,12,3
dl L FS U ul R DR,2,12,61,8,3,12,3
dl L FS ul R DR U,2,12,61,8,3,11,3
dl L FS ul R U DR,2,12,61,8,3,12,3
dl L FS ul U R DR,2,12,61,8,3,12,3
dl L R DR FS ul U,2,12,61,8,3,15,4
dl L R DR ul FS U,2,12,61,8,3,13,4
dl L R FS DR ul U,2,12,61,8,3,17,4
dl L R FS U ul DR,2,12,61,8,3,16,4
dl L R FS ul DR U,2,12,61,8,3,15,4
dl L R FS ul U DR,2,12,61,8,3,16,4
dl L R ul DR FS U,2,12,61,8,3,15,4
dl L R ul FS DR U,2,12,61,8,3,15,4
dl L R ul FS U DR,2,12,61,8,3,14,4
dl L ul DR R FS U,2,12,61,8,3,13,3
dl L ul FS R DR U,2,12,61,8,3,13,3
dl L ul FS R U DR,2,12,61,8,3,14,3
dl L ul FS U R DR,2,12,61,8,3,12,3
dl L ul R DR FS U,2,12,61,8,3,13,3
dl L ul R FS DR U,2,12,61,8,3,15,3
dl L ul R FS U DR,2,12,61,8,3,14,3
dl R FS L DR ul U,2,12,61,8,3,13,3
dl R FS L U ul DR,2,12,61,8,3,12,3
dl R FS L ul DR U,2,12,61,8,3,13,3
dl R FS L ul U DR,2,12,61,8,3,14,3
dl R FS ul L DR U,2,12,61,8,3,13,3
dl R FS ul L U DR,2,12,61,8,3,12,3
dl R L DR FS ul U,2,12,61,8,3,15,4
dl R L DR ul FS U,2,12,61,8,3,13,4
dl R L FS DR ul U,2,12,61,8,3,15,4
dl R L FS U ul DR,2,12,61,8,3,14,4
dl R L FS ul DR U,2,12,61,8,3,13,4
dl R L FS ul U DR,2,12,61,8,3,14,4
dl R L ul DR FS U,2,12,61,8,3,15,4
dl R L ul FS DR U,2,12,61,8,3,15,4
dl R L ul FS U DR,2,12,61,8,3,14,4
dl R ul FS L DR U,2,12,61,8,3,11,3
dl R ul FS L U DR,2,12,61,8,3,10,3
dl R ul L DR FS U,2,12,61,8,3,13,3
dl R ul L FS DR U,2,12,61,8,3,13,3
dl R ul L FS U DR,2,12,61,8,3,12,3
dl ul FS L R DR U,2,12,61,8,3,13,4
dl ul FS L R U DR,2,12,61,8,3,14,4
dl ul FS L U R DR,2,12,61,8,3,10,2
dl ul FS R L DR U,2,12,61,8,3,15,4
dl ul FS R L U DR,2,12,61,8,3,14,4
dl ul L DR R FS U,2,12,61,8,3,13,3
dl ul L FS R DR U,2,12,61,8,3,13,3
dl ul L FS R U DR,2,12,61,8,3,14,3
dl ul L FS U R DR,2,12,61,8,3,12,3
dl ul L R DR FS U,2,12,61,8,3,15,4
dl ul L R FS DR U,2,12,61,8,3,17,4
dl ul L R FS U DR,2,12,61,8,3,16,4
dl ul R FS L DR U,2,12,61,8,3,13,3
dl ul R FS L U DR,2,12,61,8,3,12,3
dl ul R L DR FS U,2,12,61,8,3,15,4
dl ul R L FS DR U,2,12,61,8,3,15,4
dl ul R L FS U DR,2,12,61,8,3,14,4
FS dl L DR R ul U,2,12,61,8,3,14,3
FS dl L R DR ul U,2,12,61,8,3,16,4
FS dl L R U ul DR,2,12,61,8,3,17,4
FS dl L R ul DR U,2,12,61,8,3,16,4
FS dl L R ul U DR,2,12,61,8,3,17,4
FS dl L U R ul DR,2,12,61,8,3,13,3
FS dl L U ul R DR,2,12,61,8,3,13,3
FS dl L ul R DR U,2,12,61,8,3,14,3
FS dl L ul R U DR,2,12,61,8,3,15,3
FS dl L ul U R DR,2,12,61,8,3,15,3
FS dl R L DR ul U,2,12,61,8,3,16,4
FS dl R L U ul DR,2,12,61,8,3,15,4
FS dl R L ul DR U,2,12,61,8,3,16,4
FS dl R L ul U DR,2,12,61,8,3,17,4
FS dl R ul L DR U,2,12,61,8,3,14,3
FS dl R ul L U DR,2,12,61,8,3,13,3
FS dl ul L R DR U,2,12,61,8,3,16,4
FS dl ul L R U DR,2,12,61,8,3,17,4
FS dl ul L U R DR,2,12,61,8,3,13,3
FS dl ul R L DR U,2,12,61,8,3,16,4
FS dl ul R L U DR,2,12,61,8,3,15,4
FS L dl DR R ul U,2,12,61,8,3,12,3
FS L dl R DR ul U,2,12,61,8,3,12,3
FS L dl R U ul DR,2,12,61,8,3,13,3
FS L dl R ul DR U,2,12,61,8,3,12,3
FS L dl R ul U DR,2,12,61,8,3,13,3
FS L dl U R ul DR,2,12,61,8,3,11,3
FS L dl U ul R DR,2,12,61,8,3,11,3
FS L dl ul R DR U,2,12,61,8,3,12,3
FS L dl ul R U DR,2,12,61,8,3,13,3
FS L dl ul U R DR,2,12,61,8,3,13,3
FS L DR dl R ul U,2,12,61,8,3,12,3
FS L DR R dl ul U,2,12,61,8,3,12,3
FS L DR R ul dl U,2,12,61,8,3,10,3
FS L R dl DR ul U,2,12,61,8,3,14,4
FS L R dl U ul DR,2,12,61,8,3,13,4
FS L R dl ul DR U,2,12,61,8,3,14,4
FS L R dl ul U DR,2,12,61,8,3,15,4
FS L R DR dl ul U,2,12,61,8,3,14,4
FS L R DR ul dl U,2,12,61,8,3,12,4
FS L R U dl ul DR,2,12,61,8,3,13,4
FS L R U ul dl DR,2,12,61,8,3,15,4
FS L R ul dl DR U,2,12,61,8,3,14,4
FS L R ul dl U DR,2,12,61,8,3,13,4
FS L R ul DR dl U,2,12,61,8,3,12,4
FS L R ul U dl DR,2,12,61,8,3,13,4
FS L U dl R ul DR,2,12,61,8,3,9,2
FS L U dl ul R DR,2,12,61,8,3,9,2
FS L U R dl ul DR,2,12,61,8,3,11,2
FS L U R ul dl DR,2,12,61,8,3,11,2
FS L U ul dl R DR,2,12,61,8,3,11,3
FS L U ul R dl DR,2,12,61,8,3,11,3
FS L ul dl R DR U,2,12,61,8,3,12,3
FS L ul dl R U DR,2,12,61,8,3,13,3
FS L ul dl U R DR,2,12,61,8,3,11,3
FS L ul R dl DR U,2,12,61,8,3,12,3
FS L ul R dl U DR,2,12,61,8,3,11,3
FS L ul R DR dl U,2,12,61,8,3,10,3
FS L ul R U dl DR,2,12,61,8,3,11,3
FS L ul U dl R DR,2,12,61,8,3,11,3
FS L ul U R dl DR,2,12,61,8,3,13,3
FS R dl L DR ul U,2,12,61,8,3,14,3
FS R dl L U ul DR,2,12,61,8,3,13,3
FS R dl L ul DR U,2,12,61,8,3,14,3
FS R dl L ul U DR,2,12,61,8,3,15,3
FS R dl ul L DR U,2,12,61,8,3,14,3
FS R dl ul L U DR,2,12,61,8,3,13,3
FS R L dl DR ul U,2,12,61,8,3,16,4
FS R L dl U ul DR,2,12,61,8,3,15,4
FS R L dl ul DR U,2,12,61,8,3,16,4
FS R L dl ul U DR,2,12,61,8,3,17,4
FS R L DR dl ul U,2,12,61,8,3,16,4
FS R L DR ul dl U,2,12,61,8,3,14,4
FS R L U dl ul DR,2,12,61,8,3,13,4
FS R L U ul dl DR,2,12,61,8,3,15,4
FS R L ul dl DR U,2,12,61,8,3,16,4
FS R L ul dl U DR,2,12,61,8,3,15,4
FS R L ul DR dl U,2,12,61,8,3,14,4
FS R L ul U dl DR,2,12,61,8,3,15,4
FS R ul dl L DR U,2,12,61,8,3,14,3
FS R ul dl L U DR,2,12,61,8,3,13,3
FS R ul L dl DR U,2,12,61,8,3,14,3
FS R ul L dl U DR,2,12,61,8,3,13,3
FS R ul L DR dl U,2,12,61,8,3,12,3
FS R ul L U dl DR,2,12,61,8,3,11,3
FS ul dl L R DR U,2,12,61,8,3,14,4
FS ul dl L R U DR,2,12,61,8,3,15,4
FS ul dl L U R DR,2,12,61,8,3,11,3
FS ul dl R L DR U,2,12,61,8,3,14,4
FS ul dl R L U DR,2,12,61,8,3,13,4
FS ul L dl R DR U,2,12,61,8,3,12,3
FS ul L dl R U DR,2,12,61,8,3,13,3
FS ul L dl U R DR,2,12,61,8,3,11,3
FS ul L R dl DR U,2,12,61,8,3,14,4
FS ul L R dl U DR,2,12,61,8,3,13,4
FS ul L R DR dl U,2,12,61,8,3,12,4
FS ul L R U dl DR,2,12,61,8,3,13,4
FS ul L U dl R DR,2,12,61,8,3,9,3
FS ul L U R dl DR,2,12,61,8,3,11,3
FS ul R dl L DR U,2,12,61,8,3,12,3
FS ul R dl L U DR,2,12,61,8,3,11,3
FS ul R L dl DR U,2,12,61,8,3,14,4
FS ul R L dl U DR,2,12,61,8,3,13,4
FS ul R L DR dl U,2,12,61,8,3,12,4
FS ul R L U dl DR,2,12,61,8,3,11,4
L dl DR FS R ul U,2,12,61,8,3,14,3
L dl DR R FS ul U,2,12,61,8,3,12,3
L dl DR R ul FS U,2,12,61,8,3,10,3
L dl DR ul R FS U,2,12,61,8,3,12,3
L dl FS DR R ul U,2,12,61,8,3,14,3
L dl FS R DR ul U,2,12,61,8,3,14,3
L dl FS R U ul DR,2,12,61,8,3,15,3
L dl FS R ul DR U,2,12,61,8,3,14,3
L dl FS R ul U DR,2,12,61,8,3,15,3
L dl FS U R ul DR,2,12,61,8,3,13,3
L dl FS U ul R DR,2,12,61,8,3,13,3
L dl FS ul R DR U,2,12,61,8,3,12,3
L dl FS ul R U DR,2,12,61,8,3,13,3
L dl FS ul U R DR,2,12,61,8,3,13,3
L dl R DR FS ul U,2,12,61,8,3,12,3
L dl R DR ul FS U,2,12,61,8,3,10,3
L dl R FS DR ul U,2,12,61,8,3,14,3
L dl R FS U ul DR,2,12,61,8,3,13,3
L dl R FS ul DR U,2,12,61,8,3,12,3
L dl R FS ul U DR,2,12,61,8,3,13,3
L dl R ul DR FS U,2,12,61,8,3,12,3
L dl R ul FS DR U,2,12,61,8,3,12,3
L dl R ul FS U DR,2,12,61,8,3,11,3
L dl ul DR R FS U,2,12,61,8,3,12,3
L dl ul FS R DR U,2,12,61,8,3,12,3
L dl ul FS R U DR,2,12,61,8,3,13,3
L dl ul FS U R DR,2,12,61,8,3,11,3
L dl ul R DR FS U,2,12,61,8,3,12,3
L dl ul R FS DR U,2,12,61,8,3,14,3
L dl ul R FS U DR,2,12,61,8,3,13,3
L DR dl FS R ul U,2,12,61,8,3,14,3
L DR dl R FS ul U,2,12,61,8,3,12,3
L DR dl R ul FS U,2,12,61,8,3,10,3
L DR dl ul R FS U,2,12,61,8,3,12,3
L DR FS dl R ul U,2,12,61,8,3,14,3
L DR FS R dl ul U,2,12,61,8,3,14,3
L DR FS R ul dl U,2,12,61,8,3,12,3
L DR R dl FS ul U,2,12,61,8,3,12,3
L DR R dl ul FS U,2,12,61,8,3,10,3
L DR R FS dl ul U,2,12,61,8,3,14,3
L DR R FS ul dl U,2,12,61,8,3,10,3
L DR R ul dl FS U,2,12,61,8,3,12,3
L DR R ul FS dl U,2,12,61,8,3,10,3
L DR ul dl R FS U,2,12,61,8,3,12,3
L DR ul R dl FS U,2,12,61,8,3,12,3
L DR ul R FS dl U,2,12,61,8,3,12,3
L FS dl DR R ul U,2,12,61,8,3,12,3
L FS dl R DR ul U,2,12,61,8,3,12,3
L FS dl R U ul DR,2,12,61,8,3,13,3
L FS dl R ul DR U,2,12,61,8,3,12,3
L FS dl R ul U DR,2,12,61,8,3,13,3
L FS dl U R ul DR,2,12,61,8,3,11,3
L FS dl U ul R DR,2,12,61,8,3,11,3
L FS dl ul R DR U,2,12,61,8,3,12,3
L FS dl ul R U DR,2,12,61,8,3,13,3
L FS dl ul U R DR,2,12,61,8,3,13,3
L FS DR dl R ul U,2,12,61,8,3,12,3
L FS DR R dl ul U,2,12,61,8,3,12,3
L FS DR R ul dl U,2,12,61,8,3,10,3
L FS R dl DR ul U,2,12,61,8,3,12,3
L FS R dl U ul DR,2,12,61,8,3,11,3
L FS R dl ul DR U,2,12,61,8,3,12,3
L FS R dl ul U DR,2,12,61,8,3,13,3
L FS R DR dl ul U,2,12,61,8,3,12,3
L FS R DR ul dl U,2,12,61,8,3,10,2
L FS R U dl ul DR,2,12,61,8,3,11,2
L FS R U ul dl DR,2,12,61,8,3,13,3
L FS R ul dl DR U,2,12,61,8,3,12,3
L FS R ul dl U DR,2,12,61,8,3,11,3
L FS R ul DR dl U,2,12,61,8,3,10,2
L FS R ul U dl DR,2,12,61,8,3,11,3
L FS U dl R ul DR,2,12,61,8,3,9,2
L FS U dl ul R DR,2,12,61,8,3,9,2
L FS U R dl ul DR,2,12,61,8,3,11,2
L FS U R ul dl DR,2,12,61,8,3,11,2
L FS U ul dl R DR,2,12,61,8,3,11,3
L FS U ul R dl DR,2,12,61,8,3,11,3
L FS ul dl R DR U,2,12,61,8,3,10,3
L FS ul dl R U DR,2,12,61,8,3,11,3
L FS ul dl U R DR,2,12,61,8,3,9,2
L FS ul R dl DR U,2,12,61,8,3,10,3
L FS ul R dl U DR,2,12,61,8,3,9,3
L FS ul R DR dl U,2,12,61,8,3,8,2
L FS ul R U dl DR,2,12,61,8,3,9,2
L FS ul U dl R DR,2,12,61,8,3,9,3
L FS ul U R dl DR,2,12,61,8,3,11,3
L R dl DR FS ul U,2,12,61,8,3,14,4
L R dl DR ul FS U,2,12,61,8,3,12,4
L R dl FS DR ul U,2,12,61,8,3,16,4
L R dl FS U ul DR,2,12,61,8,3,15,4
L R dl FS ul DR U,2,12,61,8,3,14,4
L R dl FS ul U DR,2,12,61,8,3,15,4
L R dl ul DR FS U,2,12,61,8,3,14,4
L R dl ul FS DR U,2,12,61,8,3,14,4
L R dl ul FS U DR,2,12,61,8,3,13,4
L R DR dl FS ul U,2,12,61,8,3,14,4
L R DR dl ul FS U,2,12,61,8,3,12,4
L R DR FS dl ul U,2,12,61,8,3,16,4
L R DR FS ul dl U,2,12,61,8,3,12,4
L R DR ul dl FS U,2,12,61,8,3,14,4
L R DR ul FS dl U,2,12,61,8,3,12,4
L R FS dl DR ul U,2,12,61,8,3,16,4
L R FS dl U ul DR,2,12,61,8,3,15,4
L R FS dl ul DR U,2,12,61,8,3,16,4
L R FS dl ul U DR,2,12,61,8,3,17,4
L R FS DR dl ul U,2,12,61,8,3,16,4
L R FS DR ul dl U,2,12,61,8,3,14,4
L R FS U dl ul DR,2,12,61,8,3,13,4
L R FS U ul dl DR,2,12,61,8,3,15,4
L R FS ul dl DR U,2,12,61,8,3,14,4
L R FS ul dl U DR,2,12,61,8,3,13,4
L R FS ul DR dl U,2,12,61,8,3,12,4
L R FS ul U dl DR,2,12,61,8,3,13,4
L R ul dl DR FS U,2,12,61,8,3,14,4
L R ul dl FS DR U,2,12,61,8,3,16,4
L R ul dl FS U DR,2,12,61,8,3,15,4
L R ul DR dl FS U,2,12,61,8,3,14,4
L R ul DR FS dl U,2,12,61,8,3,14,4
L R ul FS dl DR U,2,12,61,8,3,14,4
L R ul FS dl U DR,2,12,61,8,3,13,4
L R ul FS DR dl U,2,12,61,8,3,12,4
L R ul FS U dl DR,2,12,61,8,3,11,4
L ul dl DR R FS U,2,12,61,8,3,12,3
L ul dl FS R DR U,2,12,61,8,3,14,3
L ul dl FS R U DR,2,12,61,8,3,15,3
L ul dl FS U R DR,2,12,61,8,3,13,3
L ul dl R DR FS U,2,12,61,8,3,12,3
L ul dl R FS DR U,2,12,61,8,3,14,3
L ul dl R FS U DR,2,12,61,8,3,13,3
L ul DR dl R FS U,2,12,61,8,3,12,3
L ul DR R dl FS U,2,12,61,8,3,12,3
L ul DR R FS dl U,2,12,61,8,3,12,3
L ul FS dl R DR U,2,12,61,8,3,12,3
L ul FS dl R U DR,2,12,61,8,3,13,3
L ul FS dl U R DR,2,12,61,8,3,11,3
L ul FS R dl DR U,2,12,61,8,3,12,3
L ul FS R dl U DR,2,12,61,8,3,11,3
L ul FS R DR dl U,2,12,61,8,3,10,3
L ul FS R U dl DR,2,12,61,8,3,11,3
L ul FS U dl R DR,2,12,61,8,3,9,3
L ul FS U R dl DR,2,12,61,8,3,11,3
L ul R dl DR FS U,2,12,61,8,3,12,3
L ul R dl FS DR U,2,12,61,8,3,14,3
L ul R dl FS U DR,2,12,61,8,3,13,3
L ul R DR dl FS U,2,12,61,8,3,12,3
L ul R DR FS dl U,2,12,61,8,3,12,3
L ul R FS dl DR U,2,12,61,8,3,14,3
L ul R FS dl U DR,2,12,61,8,3,13,3
L ul R FS DR dl U,2,12,61,8,3,12,3
L ul R FS U dl DR,2,12,61,8,3,11,3
R dl FS L DR ul U,2,12,61,8,3,14,3
R dl FS L U ul DR,2,12,61,8,3,13,3
R dl FS L ul DR U,2,12,61,8,3,14,3
R dl FS L ul U DR,2,12,61,8,3,15,3
R dl FS ul L DR U,2,12,61,8,3,14,3
R dl FS ul L U DR,2,12,61,8,3,13,3
R dl L DR FS ul U,2,12,61,8,3,14,3
R dl L DR ul FS U,2,12,61,8,3,12,3
R dl L FS DR ul U,2,12,61,8,3,14,3
R dl L FS U ul DR,2,12,61,8,3,13,3
R dl L FS ul DR U,2,12,61,8,3,12,3
R dl L FS ul U DR,2,12,61,8,3,13,3
R dl L ul DR FS U,2,12,61,8,3,14,3
R dl L ul FS DR U,2,12,61,8,3,14,3
R dl L ul FS U DR,2,12,61,8,3,13,3
R dl ul FS L DR U,2,12,61,8,3,12,3
R dl ul FS L U DR,2,12,61,8,3,11,3
R dl ul L DR FS U,2,12,61,8,3,14,3
R dl ul L FS DR U,2,12,61,8,3,14,3
R dl ul L FS U DR,2,12,61,8,3,13,3
R FS dl L DR ul U,2,12,61,8,3,16,3
R FS dl L U ul DR,2,12,61,8,3,15,3
R FS dl L ul DR U,2,12,61,8,3,16,3
R FS dl L ul U DR,2,12,61,8,3,17,3
R FS dl ul L DR U,2,12,61,8,3,16,3
R FS dl ul L U DR,2,12,61,8,3,15,3
R FS L dl DR ul U,2,12,61,8,3,14,3
R FS L dl U ul DR,2,12,61,8,3,13,3
R FS L dl ul DR U,2,12,61,8,3,14,3
R FS L dl ul U DR,2,12,61,8,3,15,3
R FS L DR dl ul U,2,12,61,8,3,14,3
R FS L DR ul dl U,2,12,61,8,3,12,3
R FS L U dl ul DR,2,12,61,8,3,11,2
R FS L U ul dl DR,2,12,61,8,3,13,3
R FS L ul dl DR U,2,12,61,8,3,14,3
R FS L ul dl U DR,2,12,61,8,3,13,3
R FS L ul DR dl U,2,12,61,8,3,12,3
R FS L ul U dl DR,2,12,61,8,3,13,3
R FS ul dl L DR U,2,12,61,8,3,14,3
R FS ul dl L U DR,2,12,61,8,3,13,3
R FS ul L dl DR U,2,12,61,8,3,14,3
R FS ul L dl U DR,2,12,61,8,3,13,3
R FS ul L DR dl U,2,12,61,8,3,12,3
R FS ul L U dl DR,2,12,61,8,3,11,3
R L dl DR FS ul U,2,12,61,8,3,16,4
R L dl DR ul FS U,2,12,61,8,3,14,4
R L dl FS DR ul U,2,12,61,8,3,18,4
R L dl FS U ul DR,2,12,61,8,3,17,4
R L dl FS ul DR U,2,12,61,8,3,16,4
R L dl FS ul U DR,2,12,61,8,3,17,4
R L dl ul DR FS U,2,12,61,8,3,16,4
R L dl ul FS DR U,2,12,61,8,3,16,4
R L dl ul FS U DR,2,12,61,8,3,15,4
R L DR dl FS ul U,2,12,61,8,3,16,4
R L DR dl ul FS U,2,12,61,8,3,14,4
R L DR FS dl ul U,2,12,61,8,3,18,4
R L DR FS ul dl U,2,12,61,8,3,14,4
R L DR ul dl FS U,2,12,61,8,3,16,4
R L DR ul FS dl U,2,12,61,8,3,14,4
R L FS dl DR ul U,2,12,61,8,3,16,4
R L FS dl U ul DR,2,12,61,8,3,15,4
R L FS dl ul DR U,2,12,61,8,3,16,4
R L FS dl ul U DR,2,12,61,8,3,17,4
R L FS DR dl ul U,2,12,61,8,3,16,4
R L FS DR ul dl U,2,12,61,8,3,14,4
R L FS U dl ul DR,2,12,61,8,3,13,4
R L FS U ul dl DR,2,12,61,8,3,15,4
R L FS ul dl DR U,2,12,61,8,3,14,4
R L FS ul dl U DR,2,12,61,8,3,13,4
R L FS ul DR dl U,2,12,61,8,3,12,4
R L FS ul U dl DR,2,12,61,8,3,13,4
R L ul dl DR FS U,2,12,61,8,3,16,4
R L ul dl FS DR U,2,12,61,8,3,18,4
R L ul dl FS U DR,2,12,61,8,3,17,4
R L ul DR dl FS U,2,12,61,8,3,16,4
R L ul DR FS dl U,2,12,61,8,3,16,4
R L ul FS dl DR U,2,12,61,8,3,16,4
R L ul FS dl U DR,2,12,61,8,3,15,4
R L ul FS DR dl U,2,12,61,8,3,14,4
R L ul FS U dl DR,2,12,61,8,3,13,4
R ul dl FS L DR U,2,12,61,8,3,14,3
R ul dl FS L U DR,2,12,61,8,3,13,3
R ul dl L DR FS U,2,12,61,8,3,14,3
R ul dl L FS DR U,2,12,61,8,3,14,3
R ul dl L FS U DR,2,12,61,8,3,13,3
R ul FS dl L DR U,2,12,61,8,3,14,3
R ul FS dl L U DR,2,12,61,8,3,13,3
R ul FS L dl DR U,2,12,61,8,3,12,3
R ul FS L dl U DR,2,12,61,8,3,11,3
R ul FS L DR dl U,2,12,61,8,3,10,3
R ul FS L U dl DR,2,12,61,8,3,9,2
R ul L dl DR FS U,2,12,61,8,3,14,3
R ul L dl FS DR U,2,12,61,8,3,16,3
R ul L dl FS U DR,2,12,61,8,3,15,3
R ul L DR dl FS U,2,12,61,8,3,14,3
R ul L DR FS dl U,2,12,61,8,3,14,3
R ul L FS dl DR U,2,12,61,8,3,14,3
R ul L FS dl U DR,2,12,61,8,3,13,3
R ul L FS DR dl U,2,12,61,8,3,12,3
R ul L FS U dl DR,2,12,61,8,3,11,3
ul dl FS L R DR U,2,12,61,8,3,15,4
ul dl FS L R U DR,2,12,61,8,3,16,4
ul dl FS L U R DR,2,12,61,8,3,12,3
ul dl FS R L DR U,2,12,61,8,3,17,4
ul dl FS R L U DR,2,12,61,8,3,16,4
ul dl L DR R FS U,2,12,61,8,3,13,3
ul dl L FS R DR U,2,12,61,8,3,13,3
ul dl L FS R U DR,2,12,61,8,3,14,3
ul dl L FS U R DR,2,12,61,8,3,12,3
ul dl L R DR FS U,2,12,61,8,3,15,4
ul dl L R FS DR U,2,12,61,8,3,17,4
ul dl L R FS U DR,2,12,61,8,3,16,4
ul dl R FS L DR U,2,12,61,8,3,13,3
ul dl R FS L U DR,2,12,61,8,3,12,3
ul dl R L DR FS U,2,12,61,8,3,15,4
ul dl R L FS DR U,2,12,61,8,3,15,4
ul dl R L FS U DR,2,12,61,8,3,14,4
ul FS dl L R DR U,2,12,61,8,3,15,4
ul FS dl L R U DR,2,12,61,8,3,16,4
ul FS dl L U R DR,2,12,61,8,3,12,3
ul FS dl R L DR U,2,12,61,8,3,15,4
ul FS dl R L U DR,2,12,61,8,3,14,4
ul FS L dl R DR U,2,12,61,8,3,11,3
ul FS L dl R U DR,2,12,61,8,3,12,3
ul FS L dl U R DR,2,12,61,8,3,10,3
ul FS L R dl DR U,2,12,61,8,3,13,4
ul FS L R dl U DR,2,12,61,8,3,12,4
ul FS L R DR dl U,2,12,61,8,3,11,4
ul FS L R U dl DR,2,12,61,8,3,12,4
ul FS L U dl R DR,2,12,61,8,3,8,2
ul FS L U R dl DR,2,12,61,8,3,10,2
ul FS R dl L DR U,2,12,61,8,3,13,3
ul FS R dl L U DR,2,12,61,8,3,12,3
ul FS R L dl DR U,2,12,61,8,3,15,4
ul FS R L dl U DR,2,12,61,8,3,14,4
ul FS R L DR dl U,2,12,61,8,3,13,4
ul FS R L U dl DR,2,12,61,8,3,12,4
ul L dl DR R FS U,2,12,61,8,3,13,3
ul L dl FS R DR U,2,12,61,8,3,15,3
ul L dl FS R U DR,2,12,61,8,3,16,3
ul L dl FS U R DR,2,12,61,8,3,14,3
ul L dl R DR FS U,2,12,61,8,3,13,3
ul L dl R FS DR U,2,12,61,8,3,15,3
ul L dl R FS U DR,2,12,61,8,3,14,3
ul L DR dl R FS U,2,12,61,8,3,13,3
ul L DR R dl FS U,2,12,61,8,3,13,3
ul L DR R FS dl U,2,12,61,8,3,13,3
ul L FS dl R DR U,2,12,61,8,3,13,3
ul L FS dl R U DR,2,12,61,8,3,14,3
ul L FS dl U R DR,2,12,61,8,3,12,3
ul L FS R dl DR U,2,12,61,8,3,13,3
ul L FS R dl U DR,2,12,61,8,3,12,3
ul L FS R DR dl U,2,12,61,8,3,11,3
ul L FS R U dl DR,2,12,61,8,3,12,3
ul L FS U dl R DR,2,12,61,8,3,10,3
ul L FS U R dl DR,2,12,61,8,3,12,3
ul L R dl DR FS U,2,12,61,8,3,15,4
ul L R dl FS DR U,2,12,61,8,3,17,4
ul L R dl FS U DR,2,12,61,8,3,16,4
ul L R DR dl FS U,2,12,61,8,3,15,4
ul L R DR FS dl U,2,12,61,8,3,15,4
ul L R FS dl DR U,2,12,61,8,3,17,4
ul L R FS dl U DR,2,12,61,8,3,16,4
ul L R FS DR dl U,2,12,61,8,3,15,4
ul L R FS U dl DR,2,12,61,8,3,14,4
ul R dl FS L DR U,2,12,61,8,3,13,3
ul R dl FS L U DR,2,12,61,8,3,12,3
ul R dl L DR FS U,2,12,61,8,3,13,3
ul R dl L FS DR U,2,12,61,8,3,13,3
ul R dl L FS U DR,2,12,61,8,3,12,3
ul R FS dl L DR U,2,12,61,8,3,15,3
ul R FS dl L U DR,2,12,61,8,3,14,3
ul R FS L dl DR U,2,12,61,8,3,13,3
ul R FS L dl U DR,2,12,61,8,3,12,3
ul R FS L DR dl U,2,12,61,8,3,11,3
ul R FS L U dl DR,2,12,61,8,3,10,2
ul R L dl DR FS U,2,12,61,8,3,15,4
ul R L dl FS DR U,2,12,61,8,3,17,4
ul R L dl FS U DR,2,12,61,8,3,16,4
ul R L DR dl FS U,2,12,61,8,3,15,4
ul R L DR FS dl U,2,12,61,8,3,15,4
ul R L FS dl DR U,2,12,61,8,3,15,4
ul R L FS dl U DR,2,12,61,8,3,14,4
ul R L FS DR dl U,2,12,61,8,3,13,4
ul R L FS U dl DR,2,12,61,8,3,12,4
dl FS U L DR ul R,2,12,62,7,3,13,3
dl FS U L ul DR R,2,12,62,7,3,13,3
dl FS U ul L DR R,2,12,62,7,3,15,3
dl FS ul U L DR R,2,12,62,7,3,13,3
dl U FS L DR ul R,2,12,62,7,3,11,3
dl U FS L ul DR R,2,12,62,7,3,11,3
dl U FS ul L DR R,2,12,62,7,3,11,3
dl U ul FS L DR R,2,12,62,7,3,11,3
dl ul FS U L DR R,2,12,62,7,3,11,3
dl ul U FS L DR R,2,12,62,7,3,13,3
FS dl U L DR ul R,2,12,62,7,3,12,3
FS dl U L ul DR R,2,12,62,7,3,12,3
FS dl U ul L DR R,2,12,62,7,3,14,3
FS dl ul U L DR R,2,12,62,7,3,14,3
FS U dl L DR ul R,2,12,62,7,3,12,3
FS U dl L ul DR R,2,12,62,7,3,12,3
FS U dl ul L DR R,2,12,62,7,3,12,3
FS U L dl DR ul R,2,12,62,7,3,12,3
FS U L dl ul DR R,2,12,62,7,3,12,3
FS U L DR dl ul R,2,12,62,7,3,12,3
FS U L DR ul dl R,2,12,62,7,3,12,3
FS U L ul dl DR R,2,12,62,7,3,12,3
FS U L ul DR dl R,2,12,62,7,3,12,3
FS U ul dl L DR R,2,12,62,7,3,14,3
FS U ul L dl DR R,2,12,62,7,3,14,3
FS U ul L DR dl R,2,12,62,7,3,14,3
FS ul dl U L DR R,2,12,62,7,3,10,3
FS ul U dl L DR R,2,12,62,7,3,12,3
FS ul U L dl DR R,2,12,62,7,3,12,3
FS ul U L DR dl R,2,12,62,7,3,12,3
U dl FS L DR ul R,2,12,62,7,3,12,3
U dl FS L ul DR R,2,12,62,7,3,12,3
U dl FS ul L DR R,2,12,62,7,3,12,3
U dl ul FS L DR R,2,12,62,7,3,10,3
U FS dl L DR ul R,2,12,62,7,3,14,3
U FS dl L ul DR R,2,12,62,7,3,14,3
U FS dl ul L DR R,2,12,62,7,3,14,3
U FS L dl DR ul R,2,12,62,7,3,12,3
U FS L dl ul DR R,2,12,62,7,3,12,3
U FS L DR dl ul R,2,12,62,7,3,12,3
U FS L DR ul dl R,2,12,62,7,3,12,3
U FS L ul dl DR R,2,12,62,7,3,12,3
U FS L ul DR dl R,2,12,62,7,3,12,3
U FS ul dl L DR R,2,12,62,7,3,12,3
U FS ul L dl DR R,2,12,62,7,3,12,3
U FS ul L DR dl R,2,12,62,7,3,12,3
U ul dl FS L DR R,2,12,62,7,3,14,3
U ul FS dl L DR R,2,12,62,7,3,14,3
U ul FS L dl DR R,2,12,62,7,3,12,3
U ul FS L DR dl R,2,12,62,7,3,12,3
ul dl FS U L DR R,2,12,62,7,3,13,3
ul dl U FS L DR R,2,12,62,7,3,11,3
ul FS dl U L DR R,2,12,62,7,3,11,3
ul FS U dl L DR R,2,12,62,7,3,11,3
ul FS U L dl DR R,2,12,62,7,3,11,3
ul FS U L DR dl R,2,12,62,7,3,11,3
ul U dl FS L DR R,2,12,62,7,3,13,3
ul U FS dl L DR R,2,12,62,7,3,15,3
ul U FS L dl DR R,2,12,62,7,3,13,3
ul U FS L DR dl R,2,12,62,7,3,13,3
DR FS R U dl L ul,6,12,63,7,3,14,3
DR FS R U L dl ul,6,12,63,7,3,14,3
DR FS U L R dl ul,6,12,63,7,3,14,4
DR FS U R dl L ul,6,12,63,7,3,14,3
DR FS U R L dl ul,6,12,63,7,3,16,4
DR L R U dl FS ul,6,12,63,7,3,14,4
DR L R U FS dl ul,6,12,63,7,3,16,4
DR L U FS R dl ul,6,12,63,7,3,12,3
DR L U R dl FS ul,6,12,63,7,3,12,3
DR L U R FS dl ul,6,12,63,7,3,14,3
DR R FS U dl L ul,6,12,63,7,3,12,3
DR R FS U L dl ul,6,12,63,7,3,12,3
DR R L U dl FS ul,6,12,63,7,3,12,4
DR R L U FS dl ul,6,12,63,7,3,14,4
DR R U dl FS L ul,6,12,63,7,3,12,3
DR R U dl L FS ul,6,12,63,7,3,10,3
DR R U FS dl L ul,6,12,63,7,3,14,3
DR R U FS L dl ul,6,12,63,7,3,12,3
DR R U L dl FS ul,6,12,63,7,3,12,3
DR R U L FS dl ul,6,12,63,7,3,12,3
DR U FS L R dl ul,6,12,63,7,3,14,4
DR U FS R dl L ul,6,12,63,7,3,14,3
DR U FS R L dl ul,6,12,63,7,3,16,4
DR U L FS R dl ul,6,12,63,7,3,12,3
DR U L R dl FS ul,6,12,63,7,3,14,4
DR U L R FS dl ul,6,12,63,7,3,16,4
DR U R dl FS L ul,6,12,63,7,3,14,3
DR U R dl L FS ul,6,12,63,7,3,12,3
DR U R FS dl L ul,6,12,63,7,3,16,3
DR U R FS L dl ul,6,12,63,7,3,14,3
DR U R L dl FS ul,6,12,63,7,3,16,4
DR U R L FS dl ul,6,12,63,7,3,16,4
FS DR R U dl L ul,6,12,63,7,3,13,3
FS DR R U L dl ul,6,12,63,7,3,13,3
FS DR U L R dl ul,6,12,63,7,3,15,4
FS DR U R dl L ul,6,12,63,7,3,15,3
FS DR U R L dl ul,6,12,63,7,3,17,4
FS R DR U dl L ul,6,12,63,7,3,13,3
FS R DR U L dl ul,6,12,63,7,3,13,3
FS R U DR dl L ul,6,12,63,7,3,15,3
FS R U DR L dl ul,6,12,63,7,3,15,3
FS U DR L R dl ul,6,12,63,7,3,15,4
FS U DR R dl L ul,6,12,63,7,3,13,3
FS U DR R L dl ul,6,12,63,7,3,15,4
FS U R DR dl L ul,6,12,63,7,3,13,3
FS U R DR L dl ul,6,12,63,7,3,13,3
R DR FS U dl L ul,6,12,63,7,3,13,3
R DR FS U L dl ul,6,12,63,7,3,13,3
R DR L U dl FS ul,6,12,63,7,3,11,3
R DR L U FS dl ul,6,12,63,7,3,13,3
R DR U dl FS L ul,6,12,63,7,3,13,3
R DR U dl L FS ul,6,12,63,7,3,11,3
R DR U FS dl L ul,6,12,63,7,3,15,3
R DR U FS L dl ul,6,12,63,7,3,13,3
R DR U L dl FS ul,6,12,63,7,3,13,3
R DR U L FS dl ul,6,12,63,7,3,13,3
R FS DR U dl L ul,6,12,63,7,3,15,3
R FS DR U L dl ul,6,12,63,7,3,15,3
R FS U DR dl L ul,6,12,63,7,3,15,3
R FS U DR L dl ul,6,12,63,7,3,15,3
R U DR dl FS L ul,6,12,63,7,3,15,3
R U DR dl L FS ul,6,12,63,7,3,13,3
R U DR FS dl L ul,6,12,63,7,3,17,3
R U DR FS L dl ul,6,12,63,7,3,15,3
R U DR L dl FS ul,6,12,63,7,3,15,3
R U DR L FS dl ul,6,12,63,7,3,15,3
R U FS DR dl L ul,6,12,63,7,3,15,3
R U FS DR L dl ul,6,12,63,7,3,15,3
U DR FS L R dl ul,6,12,63,7,3,15,4
U DR FS R dl L ul,6,12,63,7,3,15,3
U DR FS R L dl ul,6,12,63,7,3,17,4
U DR L FS R dl ul,6,12,63,7,3,13,3
U DR L R dl FS ul,6,12,63,7,3,15,4
U DR L R FS dl ul,6,12,63,7,3,17,4
U DR R dl FS L ul,6,12,63,7,3,13,3
U DR R dl L FS ul,6,12,63,7,3,11,3
U DR R FS dl L ul,6,12,63,7,3,15,3
U DR R FS L dl ul,6,12,63,7,3,13,3
U DR R L dl FS ul,6,12,63,7,3,15,4
U DR R L FS dl ul,6,12,63,7,3,15,4
U FS DR L R dl ul,6,12,63,7,3,15,4
U FS DR R dl L ul,6,12,63,7,3,13,3
U FS DR R L dl ul,6,12,63,7,3,15,4
U FS R DR dl L ul,6,12,63,7,3,13,3
U FS R DR L dl ul,6,12,63,7,3,13,3
U R DR dl FS L ul,6,12,63,7,3,13,3
U R DR dl L FS ul,6,12,63,7,3,11,3
U R DR FS dl L ul,6,12,63,7,3,15,3
U R DR FS L dl ul,6,12,63,7,3,13,3
U R DR L dl FS ul,6,12,63,7,3,13,3
U R DR L FS dl ul,6,12,63,7,3,13,3
U R FS DR dl L ul,6,12,63,7,3,15,3
U R FS DR L dl ul,6,12,63,7,3,15,3
dl L DR U FS ul R,2,12,64,8,3,13,3
dl L DR U ul FS R,2,12,64,8,3,15,3
dl L DR ul U FS R,2,12,64,8,3,15,3
dl L U DR FS ul R,2,12,64,8,3,13,3
dl L U DR ul FS R,2,12,64,8,3,13,3
dl L U FS DR ul R,2,12,64,8,3,13,3
dl L U FS ul DR R,2,12,64,8,3,11,3
dl L U ul DR FS R,2,12,64,8,3,15,3
dl L U ul FS DR R,2,12,64,8,3,13,3
dl L ul DR U FS R,2,12,64,8,3,15,3
dl L ul U DR FS R,2,12,64,8,3,17,3
dl L ul U FS DR R,2,12,64,8,3,15,3
dl U L DR FS ul R,2,12,64,8,3,11,3
dl U L DR ul FS R,2,12,64,8,3,11,3
dl U L FS DR ul R,2,12,64,8,3,11,3
dl U L FS ul DR R,2,12,64,8,3,9,2
dl U L ul DR FS R,2,12,64,8,3,13,3
dl U L ul FS DR R,2,12,64,8,3,11,3
dl U ul L DR FS R,2,12,64,8,3,15,3
dl U ul L FS DR R,2,12,64,8,3,13,3
dl ul L DR U FS R,2,12,64,8,3,15,3
dl ul L U DR FS R,2,12,64,8,3,15,3
dl ul L U FS DR R,2,12,64,8,3,13,3
dl ul U L DR FS R,2,12,64,8,3,15,3
dl ul U L FS DR R,2,12,64,8,3,13,3
L dl DR U FS ul R,2,12,64,8,3,12,3
L dl DR U ul FS R,2,12,64,8,3,14,3
L dl DR ul U FS R,2,12,64,8,3,14,3
L dl U DR FS ul R,2,12,64,8,3,12,3
L dl U DR ul FS R,2,12,64,8,3,12,3
L dl U FS DR ul R,2,12,64,8,3,12,3
L dl U FS ul DR R,2,12,64,8,3,10,3
L dl U ul DR FS R,2,12,64,8,3,14,3
L dl U ul FS DR R,2,12,64,8,3,12,3
L dl ul DR U FS R,2,12,64,8,3,14,3
L dl ul U DR FS R,2,12,64,8,3,16,3
L dl ul U FS DR R,2,12,64,8,3,14,3
L DR dl U FS ul R,2,12,64,8,3,10,3
L DR dl U ul FS R,2,12,64,8,3,12,3
L DR dl ul U FS R,2,12,64,8,3,14,3
L DR U dl FS ul R,2,12,64,8,3,12,3
L DR U dl ul FS R,2,12,64,8,3,12,3
L DR U FS dl ul R,2,12,64,8,3,14,3
L DR U FS ul dl R,2,12,64,8,3,12,3
L DR U ul dl FS R,2,12,64,8,3,16,3
L DR U ul FS dl R,2,12,64,8,3,14,3
L DR ul dl U FS R,2,12,64,8,3,12,3
L DR ul U dl FS R,2,12,64,8,3,14,3
L DR ul U FS dl R,2,12,64,8,3,14,3
L U dl DR FS ul R,2,12,64,8,3,10,3
L U dl DR ul FS R,2,12,64,8,3,10,2
L U dl FS DR ul R,2,12,64,8,3,12,3
L U dl FS ul DR R,2,12,64,8,3,10,3
L U dl ul DR FS R,2,12,64,8,3,12,3
L U dl ul FS DR R,2,12,64,8,3,10,3
L U DR dl FS ul R,2,12,64,8,3,12,3
L U DR dl ul FS R,2,12,64,8,3,12,3
L U DR FS dl ul R,2,12,64,8,3,14,3
L U DR FS ul dl R,2,12,64,8,3,12,3
L U DR ul dl FS R,2,12,64,8,3,14,3
L U DR ul FS dl R,2,12,64,8,3,12,3
L U FS dl DR ul R,2,12,64,8,3,12,3
L U FS dl ul DR R,2,12,64,8,3,12,3
L U FS DR dl ul R,2,12,64,8,3,12,3
L U FS DR ul dl R,2,12,64,8,3,12,3
L U FS ul dl DR R,2,12,64,8,3,10,2
L U FS ul DR dl R,2,12,64,8,3,10,2
L U ul dl DR FS R,2,12,64,8,3,14,3
L U ul dl FS DR R,2,12,64,8,3,14,3
L U ul DR dl FS R,2,12,64,8,3,14,3
L U ul DR FS dl R,2,12,64,8,3,14,3
L U ul FS dl DR R,2,12,64,8,3,12,3
L U ul FS DR dl R,2,12,64,8,3,12,3
L ul dl DR U FS R,2,12,64,8,3,14,3
L ul dl U DR FS R,2,12,64,8,3,14,3
L ul dl U FS DR R,2,12,64,8,3,12,3
L ul DR dl U FS R,2,12,64,8,3,12,3
L ul DR U dl FS R,2,12,64,8,3,14,3
L ul DR U FS dl R,2,12,64,8,3,14,3
L ul U dl DR FS R,2,12,64,8,3,14,3
L ul U dl FS DR R,2,12,64,8,3,14,3
L ul U DR dl FS R,2,12,64,8,3,16,3
L ul U DR FS dl R,2,12,64,8,3,16,3
L ul U FS dl DR R,2,12,64,8,3,14,3
L ul U FS DR dl R,2,12,64,8,3,14,3
U dl L DR FS ul R,2,12,64,8,3,12,3
U dl L DR ul FS R,2,12,64,8,3,12,3
U dl L FS DR ul R,2,12,64,8,3,12,3
U dl L FS ul DR R,2,12,64,8,3,10,3
U dl L ul DR FS R,2,12,64,8,3,14,3
U dl L ul FS DR R,2,12,64,8,3,12,3
U dl ul L DR FS R,2,12,64,8,3,14,3
U dl ul L FS DR R,2,12,64,8,3,12,3
U L dl DR FS ul R,2,12,64,8,3,12,3
U L dl DR ul FS R,2,12,64,8,3,12,3
U L dl FS DR ul R,2,12,64,8,3,14,3
U L dl FS ul DR R,2,12,64,8,3,12,3
U L dl ul DR FS R,2,12,64,8,3,14,3
U L dl ul FS DR R,2,12,64,8,3,12,3
U L DR dl FS ul R,2,12,64,8,3,12,3
U L DR dl ul FS R,2,12,64,8,3,12,3
U L DR FS dl ul R,2,12,64,8,3,14,3
U L DR FS ul dl R,2,12,64,8,3,12,3
U L DR ul dl FS R,2,12,64,8,3,14,3
U L DR ul FS dl R,2,12,64,8,3,12,3
U L FS dl DR ul R,2,12,64,8,3,12,3
U L FS dl ul DR R,2,12,64,8,3,12,3
U L FS DR dl ul R,2,12,64,8,3,12,3
U L FS DR ul dl R,2,12,64,8,3,12,3
U L FS ul dl DR R,2,12,64,8,3,10,2
U L FS ul DR dl R,2,12,64,8,3,10,2
U L ul dl DR FS R,2,12,64,8,3,14,3
U L ul dl FS DR R,2,12,64,8,3,14,3
U L ul DR dl FS R,2,12,64,8,3,14,3
U L ul DR FS dl R,2,12,64,8,3,14,3
U L ul FS dl DR R,2,12,64,8,3,12,3
U L ul FS DR dl R,2,12,64,8,3,12,3
U ul dl L DR FS R,2,12,64,8,3,16,3
U ul dl L FS DR R,2,12,64,8,3,14,3
U ul L dl DR FS R,2,12,64,8,3,16,3
U ul L dl FS DR R,2,12,64,8,3,16,3
U ul L DR dl FS R,2,12,64,8,3,16,3
U ul L DR FS dl R,2,12,64,8,3,16,3
U ul L FS dl DR R,2,12,64,8,3,14,3
U ul L FS DR dl R,2,12,64,8,3,14,3
ul dl L DR U FS R,2,12,64,8,3,15,3
ul dl L U DR FS R,2,12,64,8,3,15,3
ul dl L U FS DR R,2,12,64,8,3,13,3
ul dl U L DR FS R,2,12,64,8,3,13,3
ul dl U L FS DR R,2,12,64,8,3,11,3
ul L dl DR U FS R,2,12,64,8,3,15,3
ul L dl U DR FS R,2,12,64,8,3,15,3
ul L dl U FS DR R,2,12,64,8,3,13,3
ul L DR dl U FS R,2,12,64,8,3,13,3
ul L DR U dl FS R,2,12,64,8,3,15,3
ul L DR U FS dl R,2,12,64,8,3,15,3
ul L U dl DR FS R,2,12,64,8,3,13,3
ul L U dl FS DR R,2,12,64,8,3,13,3
ul L U DR dl FS R,2,12,64,8,3,15,3
ul L U DR FS dl R,2,12,64,8,3,15,3
ul L U FS dl DR R,2,12,64,8,3,13,3
ul L U FS DR dl R,2,12,64,8,3,13,3
ul U dl L DR FS R,2,12,64,8,3,15,3
ul U dl L FS DR R,2,12,64,8,3,13,3
ul U L dl DR FS R,2,12,64,8,3,15,3
ul U L dl FS DR R,2,12,64,8,3,15,3
ul U L DR dl FS R,2,12,64,8,3,15,3
ul U L DR FS dl R,2,12,64,8,3,15,3
ul U L FS dl DR R,2,12,64,8,3,13,3
ul U L FS DR dl R,2,12,64,8,3,13,3
dl DR FS L R ul U,2,12,65,8,3,15,4
dl DR FS R L ul U,2,12,65,8,3,17,4
dl DR FS R U ul L,2,12,65,8,3,15,3
dl DR FS R ul L U,2,12,65,8,3,13,3
dl DR FS R ul U L,2,12,65,8,3,13,3
dl DR L FS R ul U,2,12,65,8,3,13,3
dl DR L R FS ul U,2,12,65,8,3,15,4
dl DR L R ul FS U,2,12,65,8,3,13,4
dl DR L ul R FS U,2,12,65,8,3,13,3
dl DR R FS L ul U,2,12,65,8,3,13,3
dl DR R FS U ul L,2,12,65,8,3,13,3
dl DR R FS ul L U,2,12,65,8,3,11,3
dl DR R FS ul U L,2,12,65,8,3,11,3
dl DR R L FS ul U,2,12,65,8,3,13,4
dl DR R L ul FS U,2,12,65,8,3,13,4
dl DR R U FS ul L,2,12,65,8,3,11,3
dl DR R U ul FS L,2,12,65,8,3,11,3
dl DR R ul FS L U,2,12,65,8,3,9,2
dl DR R ul FS U L,2,12,65,8,3,9,2
dl DR R ul L FS U,2,12,65,8,3,11,3
dl DR R ul U FS L,2,12,65,8,3,11,3
dl DR ul L R FS U,2,12,65,8,3,15,4
dl DR ul R FS L U,2,12,65,8,3,11,2
dl DR ul R FS U L,2,12,65,8,3,11,2
dl DR ul R L FS U,2,12,65,8,3,13,4
dl DR ul R U FS L,2,12,65,8,3,11,2
dl FS DR L R ul U,2,12,65,8,3,17,4
dl FS DR R L ul U,2,12,65,8,3,17,4
dl FS DR R U ul L,2,12,65,8,3,15,3
dl FS DR R ul L U,2,12,65,8,3,13,3
dl FS DR R ul U L,2,12,65,8,3,13,3
dl FS R DR L ul U,2,12,65,8,3,15,3
dl FS R DR U ul L,2,12,65,8,3,15,3
dl FS R DR ul L U,2,12,65,8,3,13,3
dl FS R DR ul U L,2,12,65,8,3,13,3
dl R DR FS L ul U,2,12,65,8,3,13,3
dl R DR FS U ul L,2,12,65,8,3,13,3
dl R DR FS ul L U,2,12,65,8,3,11,3
dl R DR FS ul U L,2,12,65,8,3,11,3
dl R DR L FS ul U,2,12,65,8,3,11,3
dl R DR L ul FS U,2,12,65,8,3,11,3
dl R DR U FS ul L,2,12,65,8,3,11,3
dl R DR U ul FS L,2,12,65,8,3,11,3
dl R DR ul FS L U,2,12,65,8,3,9,2
dl R DR ul FS U L,2,12,65,8,3,9,2
dl R DR ul L FS U,2,12,65,8,3,11,3
dl R DR ul U FS L,2,12,65,8,3,11,3
dl R FS DR L ul U,2,12,65,8,3,15,3
dl R FS DR U ul L,2,12,65,8,3,15,3
dl R FS DR ul L U,2,12,65,8,3,13,3
dl R FS DR ul U L,2,12,65,8,3,13,3
dl R ul DR FS L U,2,12,65,8,3,11,3
dl R ul DR FS U L,2,12,65,8,3,11,3
dl R ul DR L FS U,2,12,65,8,3,11,3
dl R ul DR U FS L,2,12,65,8,3,11,3
dl ul DR L R FS U,2,12,65,8,3,15,4
dl ul DR R FS L U,2,12,65,8,3,11,2
dl ul DR R FS U L,2,12,65,8,3,11,2
dl ul DR R L FS U,2,12,65,8,3,13,4
dl ul DR R U FS L,2,12,65,8,3,11,2
dl ul R DR FS L U,2,12,65,8,3,11,3
dl ul R DR FS U L,2,12,65,8,3,11,3
dl ul R DR L FS U,2,12,65,8,3,11,3
dl ul R DR U FS L,2,12,65,8,3,11,3
DR dl FS L R ul U,2,12,65,8,3,15,4
DR dl FS R L ul U,2,12,65,8,3,17,4
DR dl FS R U ul L,2,12,65,8,3,15,3
DR dl FS R ul L U,2,12,65,8,3,13,3
DR dl FS R ul U L,2,12,65,8,3,13,3
DR dl L FS R ul U,2,12,65,8,3,13,3
DR dl L R FS ul U,2,12,65,8,3,15,4
DR dl L R ul FS U,2,12,65,8,3,13,4
DR dl L ul R FS U,2,12,65,8,3,13,3
DR dl R FS L ul U,2,12,65,8,3,13,3
DR dl R FS U ul L,2,12,65,8,3,13,3
DR dl R FS ul L U,2,12,65,8,3,11,3
DR dl R FS ul U L,2,12,65,8,3,11,3
DR dl R L FS ul U,2,12,65,8,3,13,4
DR dl R L ul FS U,2,12,65,8,3,13,4
DR dl R U FS ul L,2,12,65,8,3,11,3
DR dl R U ul FS L,2,12,65,8,3,11,3
DR dl R ul FS L U,2,12,65,8,3,9,2
DR dl R ul FS U L,2,12,65,8,3,9,2
DR dl R ul L FS U,2,12,65,8,3,11,3
DR dl R ul U FS L,2,12,65,8,3,11,3
DR dl ul L R FS U,2,12,65,8,3,15,4
DR dl ul R FS L U,2,12,65,8,3,11,2
DR dl ul R FS U L,2,12,65,8,3,11,2
DR dl ul R L FS U,2,12,65,8,3,13,4
DR dl ul R U FS L,2,12,65,8,3,11,2
DR FS dl L R ul U,2,12,65,8,3,17,4
DR FS dl R L ul U,2,12,65,8,3,17,4
DR FS dl R U ul L,2,12,65,8,3,15,3
DR FS dl R ul L U,2,12,65,8,3,13,3
DR FS dl R ul U L,2,12,65,8,3,13,3
DR FS L dl R ul U,2,12,65,8,3,13,3
DR FS L R dl ul U,2,12,65,8,3,15,4
DR FS L R ul dl U,2,12,65,8,3,13,4
DR FS R dl L ul U,2,12,65,8,3,15,3
DR FS R dl U ul L,2,12,65,8,3,13,3
DR FS R dl ul L U,2,12,65,8,3,13,3
DR FS R dl ul U L,2,12,65,8,3,13,3
DR FS R L dl ul U,2,12,65,8,3,17,4
DR FS R L ul dl U,2,12,65,8,3,15,4
DR FS R ul dl L U,2,12,65,8,3,13,3
DR FS R ul dl U L,2,12,65,8,3,11,3
DR FS R ul L dl U,2,12,65,8,3,13,3
DR L dl FS R ul U,2,12,65,8,3,15,3
DR L dl R FS ul U,2,12,65,8,3,13,3
DR L dl R ul FS U,2,12,65,8,3,11,3
DR L dl ul R FS U,2,12,65,8,3,13,3
DR L FS dl R ul U,2,12,65,8,3,13,3
DR L FS R dl ul U,2,12,65,8,3,13,3
DR L FS R ul dl U,2,12,65,8,3,11,3
DR L R dl FS ul U,2,12,65,8,3,15,4
DR L R dl ul FS U,2,12,65,8,3,13,4
DR L R FS dl ul U,2,12,65,8,3,17,4
DR L R FS ul dl U,2,12,65,8,3,13,4
DR L R ul dl FS U,2,12,65,8,3,15,4
DR L R ul FS dl U,2,12,65,8,3,13,4
DR L ul dl R FS U,2,12,65,8,3,13,3
DR L ul R dl FS U,2,12,65,8,3,13,3
DR L ul R FS dl U,2,12,65,8,3,13,3
DR R dl FS L ul U,2,12,65,8,3,13,3
DR R dl FS U ul L,2,12,65,8,3,13,3
DR R dl FS ul L U,2,12,65,8,3,11,3
DR R dl FS ul U L,2,12,65,8,3,11,3
DR R dl L FS ul U,2,12,65,8,3,11,3
DR R dl L ul FS U,2,12,65,8,3,11,3
DR R dl U FS ul L,2,12,65,8,3,9,3
DR R dl U ul FS L,2,12,65,8,3,9,3
DR R dl ul FS L U,2,12,65,8,3,9,2
DR R dl ul FS U L,2,12,65,8,3,9,2
DR R dl ul L FS U,2,12,65,8,3,11,3
DR R dl ul U FS L,2,12,65,8,3,11,3
DR R FS dl L ul U,2,12,65,8,3,15,3
DR R FS dl U ul L,2,12,65,8,3,13,3
DR R FS dl ul L U,2,12,65,8,3,13,3
DR R FS dl ul U L,2,12,65,8,3,13,3
DR R FS L dl ul U,2,12,65,8,3,13,3
DR R FS L ul dl U,2,12,65,8,3,11,3
DR R FS ul dl L U,2,12,65,8,3,11,3
DR R FS ul dl U L,2,12,65,8,3,9,2
DR R FS ul L dl U,2,12,65,8,3,11,3
DR R L dl FS ul U,2,12,65,8,3,15,4
DR R L dl ul FS U,2,12,65,8,3,13,4
DR R L FS dl ul U,2,12,65,8,3,15,4
DR R L FS ul dl U,2,12,65,8,3,11,4
DR R L ul dl FS U,2,12,65,8,3,15,4
DR R L ul FS dl U,2,12,65,8,3,13,4
DR R ul dl FS L U,2,12,65,8,3,11,3
DR R ul dl FS U L,2,12,65,8,3,11,3
DR R ul dl L FS U,2,12,65,8,3,11,3
DR R ul dl U FS L,2,12,65,8,3,9,2
DR R ul FS dl L U,2,12,65,8,3,11,3
DR R ul FS dl U L,2,12,65,8,3,9,3
DR R ul FS L dl U,2,12,65,8,3,9,3
DR R ul L dl FS U,2,12,65,8,3,13,3
DR R ul L FS dl U,2,12,65,8,3,11,3
DR ul dl L R FS U,2,12,65,8,3,15,4
DR ul dl R FS L U,2,12,65,8,3,11,2
DR ul dl R FS U L,2,12,65,8,3,11,2
DR ul dl R L FS U,2,12,65,8,3,13,4
DR ul dl R U FS L,2,12,65,8,3,11,2
DR ul L dl R FS U,2,12,65,8,3,13,3
DR ul L R dl FS U,2,12,65,8,3,15,4
DR ul L R FS dl U,2,12,65,8,3,15,4
DR ul R dl FS L U,2,12,65,8,3,11,3
DR ul R dl FS U L,2,12,65,8,3,11,3
DR ul R dl L FS U,2,12,65,8,3,11,3
DR ul R dl U FS L,2,12,65,8,3,9,2
DR ul R FS dl L U,2,12,65,8,3,13,3
DR ul R FS dl U L,2,12,65,8,3,11,3
DR ul R FS L dl U,2,12,65,8,3,11,3
DR ul R L dl FS U,2,12,65,8,3,15,4
DR ul R L FS dl U,2,12,65,8,3,13,4
FS dl DR L R ul U,2,12,65,8,3,16,4
FS dl DR R L ul U,2,12,65,8,3,16,4
FS dl DR R U ul L,2,12,65,8,3,14,3
FS dl DR R ul L U,2,12,65,8,3,12,3
FS dl DR R ul U L,2,12,65,8,3,12,3
FS dl R DR L ul U,2,12,65,8,3,14,3
FS dl R DR U ul L,2,12,65,8,3,14,3
FS dl R DR ul L U,2,12,65,8,3,12,3
FS dl R DR ul U L,2,12,65,8,3,12,3
FS DR dl L R ul U,2,12,65,8,3,16,4
FS DR dl R L ul U,2,12,65,8,3,16,4
FS DR dl R U ul L,2,12,65,8,3,14,3
FS DR dl R ul L U,2,12,65,8,3,12,3
FS DR dl R ul U L,2,12,65,8,3,12,3
FS DR L dl R ul U,2,12,65,8,3,14,3
FS DR L R dl ul U,2,12,65,8,3,16,4
FS DR L R ul dl U,2,12,65,8,3,14,4
FS DR R dl L ul U,2,12,65,8,3,14,3
FS DR R dl U ul L,2,12,65,8,3,12,3
FS DR R dl ul L U,2,12,65,8,3,12,3
FS DR R dl ul U L,2,12,65,8,3,12,3
FS DR R L dl ul U,2,12,65,8,3,16,4
FS DR R L ul dl U,2,12,65,8,3,14,4
FS DR R ul dl L U,2,12,65,8,3,12,3
FS DR R ul dl U L,2,12,65,8,3,10,3
FS DR R ul L dl U,2,12,65,8,3,12,3
FS R dl DR L ul U,2,12,65,8,3,14,3
FS R dl DR U ul L,2,12,65,8,3,14,3
FS R dl DR ul L U,2,12,65,8,3,12,3
FS R dl DR ul U L,2,12,65,8,3,12,3
FS R DR dl L ul U,2,12,65,8,3,14,3
FS R DR dl U ul L,2,12,65,8,3,12,3
FS R DR dl ul L U,2,12,65,8,3,12,3
FS R DR dl ul U L,2,12,65,8,3,12,3
FS R DR L dl ul U,2,12,65,8,3,14,3
FS R DR L ul dl U,2,12,65,8,3,12,3
FS R DR ul dl L U,2,12,65,8,3,12,3
FS R DR ul dl U L,2,12,65,8,3,10,2
FS R DR ul L dl U,2,12,65,8,3,12,3
R dl DR FS L ul U,2,12,65,8,3,14,3
R dl DR FS U ul L,2,12,65,8,3,14,3
R dl DR FS ul L U,2,12,65,8,3,12,3
R dl DR FS ul U L,2,12,65,8,3,12,3
R dl DR L FS ul U,2,12,65,8,3,12,3
R dl DR L ul FS U,2,12,65,8,3,12,3
R dl DR U FS ul L,2,12,65,8,3,12,3
R dl DR U ul FS L,2,12,65,8,3,12,3
R dl DR ul FS L U,2,12,65,8,3,10,2
R dl DR ul FS U L,2,12,65,8,3,10,2
R dl DR ul L FS U,2,12,65,8,3,12,3
R dl DR ul U FS L,2,12,65,8,3,12,3
R dl FS DR L ul U,2,12,65,8,3,16,3
R dl FS DR U ul L,2,12,65,8,3,16,3
R dl FS DR ul L U,2,12,65,8,3,14,3
R dl FS DR ul U L,2,12,65,8,3,14,3
R dl ul DR FS L U,2,12,65,8,3,12,3
R dl ul DR FS U L,2,12,65,8,3,12,3
R dl ul DR L FS U,2,12,65,8,3,12,3
R dl ul DR U FS L,2,12,65,8,3,12,3
R DR dl FS L ul U,2,12,65,8,3,14,3
R DR dl FS U ul L,2,12,65,8,3,14,3
R DR dl FS ul L U,2,12,65,8,3,12,3
R DR dl FS ul U L,2,12,65,8,3,12,3
R DR dl L FS ul U,2,12,65,8,3,12,3
R DR dl L ul FS U,2,12,65,8,3,12,3
R DR dl U FS ul L,2,12,65,8,3,10,3
R DR dl U ul FS L,2,12,65,8,3,10,3
R DR dl ul FS L U,2,12,65,8,3,10,2
R DR dl ul FS U L,2,12,65,8,3,10,2
R DR dl ul L FS U,2,12,65,8,3,12,3
R DR dl ul U FS L,2,12,65,8,3,12,3
R DR FS dl L ul U,2,12,65,8,3,16,3
R DR FS dl U ul L,2,12,65,8,3,14,3
R DR FS dl ul L U,2,12,65,8,3,14,3
R DR FS dl ul U L,2,12,65,8,3,14,3
R DR FS L dl ul U,2,12,65,8,3,14,3
R DR FS L ul dl U,2,12,65,8,3,12,3
R DR FS ul dl L U,2,12,65,8,3,12,3
R DR FS ul dl U L,2,12,65,8,3,10,3
R DR FS ul L dl U,2,12,65,8,3,12,3
R DR L dl FS ul U,2,12,65,8,3,14,3
R DR L dl ul FS U,2,12,65,8,3,12,3
R DR L FS dl ul U,2,12,65,8,3,14,3
R DR L FS ul dl U,2,12,65,8,3,10,3
R DR L ul dl FS U,2,12,65,8,3,14,3
R DR L ul FS dl U,2,12,65,8,3,12,3
R DR ul dl FS L U,2,12,65,8,3,12,3
R DR ul dl FS U L,2,12,65,8,3,12,3
R DR ul dl L FS U,2,12,65,8,3,12,3
R DR ul dl U FS L,2,12,65,8,3,10,2
R DR ul FS dl L U,2,12,65,8,3,12,3
R DR ul FS dl U L,2,12,65,8,3,10,3
R DR ul FS L dl U,2,12,65,8,3,10,3
R DR ul L dl FS U,2,12,65,8,3,14,3
R DR ul L FS dl U,2,12,65,8,3,12,3
R FS dl DR L ul U,2,12,65,8,3,16,3
R FS dl DR U ul L,2,12,65,8,3,16,3
R FS dl DR ul L U,2,12,65,8,3,14,3
R FS dl DR ul U L,2,12,65,8,3,14,3
R FS DR dl L ul U,2,12,65,8,3,16,3
R FS DR dl U ul L,2,12,65,8,3,14,3
R FS DR dl ul L U,2,12,65,8,3,14,3
R FS DR dl ul U L,2,12,65,8,3,14,3
R FS DR L dl ul U,2,12,65,8,3,16,3
R FS DR L ul dl U,2,12,65,8,3,14,3
R FS DR ul dl L U,2,12,65,8,3,14,3
R FS DR ul dl U L,2,12,65,8,3,12,3
R FS DR ul L dl U,2,12,65,8,3,14,3
R ul dl DR FS L U,2,12,65,8,3,12,3
R ul dl DR FS U L,2,12,65,8,3,12,3
R ul dl DR L FS U,2,12,65,8,3,12,3
R ul dl DR U FS L,2,12,65,8,3,12,3
R ul DR dl FS L U,2,12,65,8,3,12,3
R ul DR dl FS U L,2,12,65,8,3,12,3
R ul DR dl L FS U,2,12,65,8,3,12,3
R ul DR dl U FS L,2,12,65,8,3,10,2
R ul DR FS dl L U,2,12,65,8,3,14,3
R ul DR FS dl U L,2,12,65,8,3,12,3
R ul DR FS L dl U,2,12,65,8,3,12,3
R ul DR L dl FS U,2,12,65,8,3,14,3
R ul DR L FS dl U,2,12,65,8,3,12,3
ul dl DR L R FS U,2,12,65,8,3,15,4
ul dl DR R FS L U,2,12,65,8,3,11,2
ul dl DR R FS U L,2,12,65,8,3,11,2
ul dl DR R L FS U,2,12,65,8,3,13,4
ul dl DR R U FS L,2,12,65,8,3,11,2
ul dl R DR FS L U,2,12,65,8,3,11,3
ul dl R DR FS U L,2,12,65,8,3,11,3
ul dl R DR L FS U,2,12,65,8,3,11,3
ul dl R DR U FS L,2,12,65,8,3,11,3
ul DR dl L R FS U,2,12,65,8,3,15,4
ul DR dl R FS L U,2,12,65,8,3,11,2
ul DR dl R FS U L,2,12,65,8,3,11,2
ul DR dl R L FS U,2,12,65,8,3,13,4
ul DR dl R U FS L,2,12,65,8,3,11,2
ul DR L dl R FS U,2,12,65,8,3,13,3
ul DR L R dl FS U,2,12,65,8,3,15,4
ul DR L R FS dl U,2,12,65,8,3,15,4
ul DR R dl FS L U,2,12,65,8,3,11,3
ul DR R dl FS U L,2,12,65,8,3,11,3
ul DR R dl L FS U,2,12,65,8,3,11,3
ul DR R dl U FS L,2,12,65,8,3,9,2
ul DR R FS dl L U,2,12,65,8,3,13,3
ul DR R FS dl U L,2,12,65,8,3,11,3
ul DR R FS L dl U,2,12,65,8,3,11,3
ul DR R L dl FS U,2,12,65,8,3,15,4
ul DR R L FS dl U,2,12,65,8,3,13,4
ul R dl DR FS L U,2,12,65,8,3,11,3
ul R dl DR FS U L,2,12,65,8,3,11,3
ul R dl DR L FS U,2,12,65,8,3,11,3
ul R dl DR U FS L,2,12,65,8,3,11,3
ul R DR dl FS L U,2,12,65,8,3,11,3
ul R DR dl FS U L,2,12,65,8,3,11,3
ul R DR dl L FS U,2,12,65,8,3,11,3
ul R DR dl U FS L,2,12,65,8,3,9,2
ul R DR FS dl L U,2,12,65,8,3,13,3
ul R DR FS dl U L,2,12,65,8,3,11,3
ul R DR FS L dl U,2,12,65,8,3,11,3
ul R DR L dl FS U,2,12,65,8,3,13,3
ul R DR L FS dl U,2,12,65,8,3,11,3
dl DR FS U L ul R,2,12,68,8,3,13,3
dl DR FS U R ul L,2,12,68,8,3,13,3
dl DR FS U ul L R,2,12,68,8,3,17,4
dl DR FS U ul R L,2,12,68,8,3,15,4
dl DR FS ul U L R,2,12,68,8,3,15,4
dl DR FS ul U R L,2,12,68,8,3,15,4
dl DR L U FS ul R,2,12,68,8,3,11,3
dl DR L U ul FS R,2,12,68,8,3,13,3
dl DR L ul U FS R,2,12,68,8,3,15,3
dl DR U FS L ul R,2,12,68,8,3,13,3
dl DR U FS R ul L,2,12,68,8,3,13,3
dl DR U FS ul L R,2,12,68,8,3,15,4
dl DR U FS ul R L,2,12,68,8,3,13,4
dl DR U L FS ul R,2,12,68,8,3,11,3
dl DR U L ul FS R,2,12,68,8,3,13,3
dl DR U R FS ul L,2,12,68,8,3,13,3
dl DR U R ul FS L,2,12,68,8,3,11,3
dl DR U ul FS L R,2,12,68,8,3,15,4
dl DR U ul FS R L,2,12,68,8,3,15,4
dl DR U ul L FS R,2,12,68,8,3,15,3
dl DR U ul R FS L,2,12,68,8,3,13,3
dl DR ul FS U L R,2,12,68,8,3,13,4
dl DR ul FS U R L,2,12,68,8,3,13,4
dl DR ul L U FS R,2,12,68,8,3,13,3
dl DR ul U FS L R,2,12,68,8,3,15,4
dl DR ul U FS R L,2,12,68,8,3,15,4
dl DR ul U L FS R,2,12,68,8,3,13,3
dl DR ul U R FS L,2,12,68,8,3,13,3
dl FS DR U L ul R,2,12,68,8,3,15,3
dl FS DR U R ul L,2,12,68,8,3,15,3
dl FS DR U ul L R,2,12,68,8,3,19,4
dl FS DR U ul R L,2,12,68,8,3,17,4
dl FS DR ul U L R,2,12,68,8,3,17,4
dl FS DR ul U R L,2,12,68,8,3,17,4
dl FS U DR L ul R,2,12,68,8,3,15,3
dl FS U DR R ul L,2,12,68,8,3,13,3
dl FS U DR ul L R,2,12,68,8,3,17,4
dl FS U DR ul R L,2,12,68,8,3,15,4
dl FS U ul DR L R,2,12,68,8,3,17,4
dl FS U ul DR R L,2,12,68,8,3,15,4
dl FS ul DR U L R,2,12,68,8,3,15,4
dl FS ul DR U R L,2,12,68,8,3,15,4
dl FS ul U DR L R,2,12,68,8,3,17,4
dl FS ul U DR R L,2,12,68,8,3,15,4
dl U DR FS L ul R,2,12,68,8,3,13,3
dl U DR FS R ul L,2,12,68,8,3,13,3
dl U DR FS ul L R,2,12,68,8,3,15,4
dl U DR FS ul R L,2,12,68,8,3,13,4
dl U DR L FS ul R,2,12,68,8,3,11,3
dl U DR L ul FS R,2,12,68,8,3,13,3
dl U DR R FS ul L,2,12,68,8,3,11,3
dl U DR R ul FS L,2,12,68,8,3,9,3
dl U DR ul FS L R,2,12,68,8,3,13,4
dl U DR ul FS R L,2,12,68,8,3,13,4
dl U DR ul L FS R,2,12,68,8,3,13,3
dl U DR ul R FS L,2,12,68,8,3,11,3
dl U FS DR L ul R,2,12,68,8,3,13,3
dl U FS DR R ul L,2,12,68,8,3,11,3
dl U FS DR ul L R,2,12,68,8,3,15,4
dl U FS DR ul R L,2,12,68,8,3,13,4
dl U FS ul DR L R,2,12,68,8,3,13,4
dl U FS ul DR R L,2,12,68,8,3,11,4
dl U ul DR FS L R,2,12,68,8,3,15,4
dl U ul DR FS R L,2,12,68,8,3,15,4
dl U ul DR L FS R,2,12,68,8,3,13,3
dl U ul DR R FS L,2,12,68,8,3,11,3
dl U ul FS DR L R,2,12,68,8,3,15,4
dl U ul FS DR R L,2,12,68,8,3,13,4
dl ul DR FS U L R,2,12,68,8,3,15,4
dl ul DR FS U R L,2,12,68,8,3,15,4
dl ul DR L U FS R,2,12,68,8,3,13,3
dl ul DR U FS L R,2,12,68,8,3,15,4
dl ul DR U FS R L,2,12,68,8,3,15,4
dl ul DR U L FS R,2,12,68,8,3,13,3
dl ul DR U R FS L,2,12,68,8,3,13,3
dl ul FS DR U L R,2,12,68,8,3,15,4
dl ul FS DR U R L,2,12,68,8,3,15,4
dl ul FS U DR L R,2,12,68,8,3,15,4
dl ul FS U DR R L,2,12,68,8,3,13,4
dl ul U DR FS L R,2,12,68,8,3,17,4
dl ul U DR FS R L,2,12,68,8,3,17,4
dl ul U DR L FS R,2,12,68,8,3,15,3
dl ul U DR R FS L,2,12,68,8,3,13,3
dl ul U FS DR L R,2,12,68,8,3,17,4
dl ul U FS DR R L,2,12,68,8,3,15,4
DR dl FS U L ul R,2,12,68,8,3,13,3
DR dl FS U R ul L,2,12,68,8,3,13,3
DR dl FS U ul L R,2,12,68,8,3,17,4
DR dl FS U ul R L,2,12,68,8,3,15,4
DR dl FS ul U L R,2,12,68,8,3,15,4
DR dl FS ul U R L,2,12,68,8,3,15,4
DR dl L U FS ul R,2,12,68,8,3,11,3
DR dl L U ul FS R,2,12,68,8,3,13,3
DR dl L ul U FS R,2,12,68,8,3,15,3
DR dl U FS L ul R,2,12,68,8,3,11,3
DR dl U FS R ul L,2,12,68,8,3,11,3
DR dl U FS ul L R,2,12,68,8,3,13,4
DR dl U FS ul R L,2,12,68,8,3,11,4
DR dl U L FS ul R,2,12,68,8,3,9,2
DR dl U L ul FS R,2,12,68,8,3,11,3
DR dl U R FS ul L,2,12,68,8,3,11,3
DR dl U R ul FS L,2,12,68,8,3,9,2
DR dl U ul FS L R,2,12,68,8,3,13,4
DR dl U ul FS R L,2,12,68,8,3,13,4
DR dl U ul L FS R,2,12,68,8,3,13,3
DR dl U ul R FS L,2,12,68,8,3,11,3
DR dl ul FS U L R,2,12,68,8,3,13,4
DR dl ul FS U R L,2,12,68,8,3,13,4
DR dl ul L U FS R,2,12,68,8,3,13,3
DR dl ul U FS L R,2,12,68,8,3,15,4
DR dl ul U FS R L,2,12,68,8,3,15,4
DR dl ul U L FS R,2,12,68,8,3,13,3
DR dl ul U R FS L,2,12,68,8,3,13,3
DR FS dl U L ul R,2,12,68,8,3,13,3
DR FS dl U R ul L,2,12,68,8,3,13,3
DR FS dl U ul L R,2,12,68,8,3,17,4
DR FS dl U ul R L,2,12,68,8,3,15,4
DR FS dl ul U L R,2,12,68,8,3,17,4
DR FS dl ul U R L,2,12,68,8,3,17,4
DR FS U dl L ul R,2,12,68,8,3,13,3
DR FS U dl R ul L,2,12,68,8,3,11,3
DR FS U dl ul L R,2,12,68,8,3,15,4
DR FS U dl ul R L,2,12,68,8,3,13,4
DR FS U L dl ul R,2,12,68,8,3,13,3
DR FS U L ul dl R,2,12,68,8,3,13,3
DR FS U ul dl L R,2,12,68,8,3,17,4
DR FS U ul dl R L,2,12,68,8,3,15,4
DR FS U ul L dl R,2,12,68,8,3,15,3
DR FS U ul R dl L,2,12,68,8,3,13,3
DR FS ul dl U L R,2,12,68,8,3,13,4
DR FS ul dl U R L,2,12,68,8,3,13,4
DR FS ul R U dl L,2,12,68,8,3,11,3
DR FS ul U dl L R,2,12,68,8,3,15,4
DR FS ul U dl R L,2,12,68,8,3,13,4
DR FS ul U L dl R,2,12,68,8,3,13,3
DR FS ul U R dl L,2,12,68,8,3,13,3
DR L dl U FS ul R,2,12,68,8,3,11,3
DR L dl U ul FS R,2,12,68,8,3,13,3
DR L dl ul U FS R,2,12,68,8,3,15,3
DR L U dl FS ul R,2,12,68,8,3,11,3
DR L U dl ul FS R,2,12,68,8,3,11,3
DR L U FS dl ul R,2,12,68,8,3,13,3
DR L U FS ul dl R,2,12,68,8,3,11,3
DR L U ul dl FS R,2,12,68,8,3,15,3
DR L U ul FS dl R,2,12,68,8,3,13,3
DR L ul dl U FS R,2,12,68,8,3,13,3
DR L ul U dl FS R,2,12,68,8,3,15,3
DR L ul U FS dl R,2,12,68,8,3,15,3
DR U dl FS L ul R,2,12,68,8,3,13,3
DR U dl FS R ul L,2,12,68,8,3,13,3
DR U dl FS ul L R,2,12,68,8,3,15,4
DR U dl FS ul R L,2,12,68,8,3,13,4
DR U dl L FS ul R,2,12,68,8,3,11,3
DR U dl L ul FS R,2,12,68,8,3,13,3
DR U dl R FS ul L,2,12,68,8,3,11,3
DR U dl R ul FS L,2,12,68,8,3,9,3
DR U dl ul FS L R,2,12,68,8,3,13,4
DR U dl ul FS R L,2,12,68,8,3,13,4
DR U dl ul L FS R,2,12,68,8,3,13,3
DR U dl ul R FS L,2,12,68,8,3,11,3
DR U FS dl L ul R,2,12,68,8,3,15,3
DR U FS dl R ul L,2,12,68,8,3,13,3
DR U FS dl ul L R,2,12,68,8,3,17,4
DR U FS dl ul R L,2,12,68,8,3,15,4
DR U FS L dl ul R,2,12,68,8,3,13,3
DR U FS L ul dl R,2,12,68,8,3,13,3
DR U FS ul dl L R,2,12,68,8,3,15,4
DR U FS ul dl R L,2,12,68,8,3,13,4
DR U FS ul L dl R,2,12,68,8,3,13,3
DR U FS ul R dl L,2,12,68,8,3,11,3
DR U L dl FS ul R,2,12,68,8,3,13,3
DR U L dl ul FS R,2,12,68,8,3,13,3
DR U L FS dl ul R,2,12,68,8,3,13,3
DR U L FS ul dl R,2,12,68,8,3,11,3
DR U L ul dl FS R,2,12,68,8,3,15,3
DR U L ul FS dl R,2,12,68,8,3,13,3
DR U ul dl FS L R,2,12,68,8,3,17,4
DR U ul dl FS R L,2,12,68,8,3,17,4
DR U ul dl L FS R,2,12,68,8,3,15,3
DR U ul dl R FS L,2,12,68,8,3,13,3
DR U ul FS dl L R,2,12,68,8,3,17,4
DR U ul FS dl R L,2,12,68,8,3,15,4
DR U ul FS L dl R,2,12,68,8,3,13,3
DR U ul FS R dl L,2,12,68,8,3,13,3
DR U ul L dl FS R,2,12,68,8,3,17,3
DR U ul L FS dl R,2,12,68,8,3,15,3
DR ul dl FS U L R,2,12,68,8,3,15,4
DR ul dl FS U R L,2,12,68,8,3,15,4
DR ul dl L U FS R,2,12,68,8,3,13,3
DR ul dl U FS L R,2,12,68,8,3,13,4
DR ul dl U FS R L,2,12,68,8,3,13,4
DR ul dl U L FS R,2,12,68,8,3,11,2
DR ul dl U R FS L,2,12,68,8,3,11,2
DR ul FS dl U L R,2,12,68,8,3,13,4
DR ul FS dl U R L,2,12,68,8,3,13,4
DR ul FS R U dl L,2,12,68,8,3,11,3
DR ul FS U dl L R,2,12,68,8,3,13,4
DR ul FS U dl R L,2,12,68,8,3,11,4
DR ul FS U L dl R,2,12,68,8,3,11,3
DR ul FS U R dl L,2,12,68,8,3,11,3
DR ul L dl U FS R,2,12,68,8,3,13,3
DR ul L U dl FS R,2,12,68,8,3,13,3
DR ul L U FS dl R,2,12,68,8,3,13,3
DR ul U dl FS L R,2,12,68,8,3,15,4
DR ul U dl FS R L,2,12,68,8,3,15,4
DR ul U dl L FS R,2,12,68,8,3,13,3
DR ul U dl R FS L,2,12,68,8,3,11,3
DR ul U FS dl L R,2,12,68,8,3,17,4
DR ul U FS dl R L,2,12,68,8,3,15,4
DR ul U FS L dl R,2,12,68,8,3,13,3
DR ul U FS R dl L,2,12,68,8,3,13,3
DR ul U L dl FS R,2,12,68,8,3,15,3
DR ul U L FS dl R,2,12,68,8,3,13,3
FS dl DR U L ul R,2,12,68,8,3,14,3
FS dl DR U R ul L,2,12,68,8,3,14,3
FS dl DR U ul L R,2,12,68,8,3,18,4
FS dl DR U ul R L,2,12,68,8,3,16,4
FS dl DR ul U L R,2,12,68,8,3,16,4
FS dl DR ul U R L,2,12,68,8,3,16,4
FS dl U DR L ul R,2,12,68,8,3,14,3
FS dl U DR R ul L,2,12,68,8,3,12,3
FS dl U DR ul L R,2,12,68,8,3,16,4
FS dl U DR ul R L,2,12,68,8,3,14,4
FS dl U ul DR L R,2,12,68,8,3,16,4
FS dl U ul DR R L,2,12,68,8,3,14,4
FS dl ul DR U L R,2,12,68,8,3,16,4
FS dl ul DR U R L,2,12,68,8,3,16,4
FS dl ul U DR L R,2,12,68,8,3,18,4
FS dl ul U DR R L,2,12,68,8,3,16,4
FS DR dl U L ul R,2,12,68,8,3,12,3
FS DR dl U R ul L,2,12,68,8,3,12,3
FS DR dl U ul L R,2,12,68,8,3,16,4
FS DR dl U ul R L,2,12,68,8,3,14,4
FS DR dl ul U L R,2,12,68,8,3,16,4
FS DR dl ul U R L,2,12,68,8,3,16,4
FS DR U dl L ul R,2,12,68,8,3,14,3
FS DR U dl R ul L,2,12,68,8,3,12,3
FS DR U dl ul L R,2,12,68,8,3,16,4
FS DR U dl ul R L,2,12,68,8,3,14,4
FS DR U L dl ul R,2,12,68,8,3,14,3
FS DR U L ul dl R,2,12,68,8,3,14,3
FS DR U ul dl L R,2,12,68,8,3,18,4
FS DR U ul dl R L,2,12,68,8,3,16,4
FS DR U ul L dl R,2,12,68,8,3,16,3
FS DR U ul R dl L,2,12,68,8,3,14,3
FS DR ul dl U L R,2,12,68,8,3,14,4
FS DR ul dl U R L,2,12,68,8,3,14,4
FS DR ul R U dl L,2,12,68,8,3,12,3
FS DR ul U dl L R,2,12,68,8,3,16,4
FS DR ul U dl R L,2,12,68,8,3,14,4
FS DR ul U L dl R,2,12,68,8,3,14,3
FS DR ul U R dl L,2,12,68,8,3,14,3
FS U dl DR L ul R,2,12,68,8,3,12,3
FS U dl DR R ul L,2,12,68,8,3,10,3
FS U dl DR ul L R,2,12,68,8,3,14,4
FS U dl DR ul R L,2,12,68,8,3,12,4
FS U dl ul DR L R,2,12,68,8,3,14,4
FS U dl ul DR R L,2,12,68,8,3,12,4
FS U DR dl L ul R,2,12,68,8,3,14,3
FS U DR dl R ul L,2,12,68,8,3,12,3
FS U DR dl ul L R,2,12,68,8,3,16,4
FS U DR dl ul R L,2,12,68,8,3,14,4
FS U DR L dl ul R,2,12,68,8,3,14,3
FS U DR L ul dl R,2,12,68,8,3,14,3
FS U DR ul dl L R,2,12,68,8,3,16,4
FS U DR ul dl R L,2,12,68,8,3,14,4
FS U DR ul L dl R,2,12,68,8,3,14,3
FS U DR ul R dl L,2,12,68,8,3,12,3
FS U ul dl DR L R,2,12,68,8,3,16,4
FS U ul dl DR R L,2,12,68,8,3,14,4
FS U ul DR dl L R,2,12,68,8,3,16,4
FS U ul DR dl R L,2,12,68,8,3,14,4
FS U ul DR L dl R,2,12,68,8,3,14,3
FS U ul DR R dl L,2,12,68,8,3,12,3
FS ul dl DR U L R,2,12,68,8,3,14,4
FS ul dl DR U R L,2,12,68,8,3,14,4
FS ul dl U DR L R,2,12,68,8,3,14,4
FS ul dl U DR R L,2,12,68,8,3,12,4
FS ul DR dl U L R,2,12,68,8,3,12,4
FS ul DR dl U R L,2,12,68,8,3,12,4
FS ul DR R U dl L,2,12,68,8,3,10,3
FS ul DR U dl L R,2,12,68,8,3,14,4
FS ul DR U dl R L,2,12,68,8,3,12,4
FS ul DR U L dl R,2,12,68,8,3,12,3
FS ul DR U R dl L,2,12,68,8,3,12,3
FS ul U dl DR L R,2,12,68,8,3,14,4
FS ul U dl DR R L,2,12,68,8,3,12,4
FS ul U DR dl L R,2,12,68,8,3,16,4
FS ul U DR dl R L,2,12,68,8,3,14,4
FS ul U DR L dl R,2,12,68,8,3,14,3
FS ul U DR R dl L,2,12,68,8,3,12,3
U dl DR FS L ul R,2,12,68,8,3,12,3
U dl DR FS R ul L,2,12,68,8,3,12,3
U dl DR FS ul L R,2,12,68,8,3,14,4
U dl DR FS ul R L,2,12,68,8,3,12,4
U dl DR L FS ul R,2,12,68,8,3,10,3
U dl DR L ul FS R,2,12,68,8,3,12,3
U dl DR R FS ul L,2,12,68,8,3,10,3
U dl DR R ul FS L,2,12,68,8,3,8,2
U dl DR ul FS L R,2,12,68,8,3,12,4
U dl DR ul FS R L,2,12,68,8,3,12,4
U dl DR ul L FS R,2,12,68,8,3,12,3
U dl DR ul R FS L,2,12,68,8,3,10,2
U dl FS DR L ul R,2,12,68,8,3,14,3
U dl FS DR R ul L,2,12,68,8,3,12,3
U dl FS DR ul L R,2,12,68,8,3,16,4
U dl FS DR ul R L,2,12,68,8,3,14,4
U dl FS ul DR L R,2,12,68,8,3,14,4
U dl FS ul DR R L,2,12,68,8,3,12,4
U dl ul DR FS L R,2,12,68,8,3,14,4
U dl ul DR FS R L,2,12,68,8,3,14,4
U dl ul DR L FS R,2,12,68,8,3,12,3
U dl ul DR R FS L,2,12,68,8,3,10,2
U dl ul FS DR L R,2,12,68,8,3,14,4
U dl ul FS DR R L,2,12,68,8,3,12,4
U DR dl FS L ul R,2,12,68,8,3,14,3
U DR dl FS R ul L,2,12,68,8,3,14,3
U DR dl FS ul L R,2,12,68,8,3,16,4
U DR dl FS ul R L,2,12,68,8,3,14,4
U DR dl L FS ul R,2,12,68,8,3,12,3
U DR dl L ul FS R,2,12,68,8,3,14,3
U DR dl R FS ul L,2,12,68,8,3,12,3
U DR dl R ul FS L,2,12,68,8,3,10,3
U DR dl ul FS L R,2,12,68,8,3,14,4
U DR dl ul FS R L,2,12,68,8,3,14,4
U DR dl ul L FS R,2,12,68,8,3,14,3
U DR dl ul R FS L,2,12,68,8,3,12,3
U DR FS dl L ul R,2,12,68,8,3,16,3
U DR FS dl R ul L,2,12,68,8,3,14,3
U DR FS dl ul L R,2,12,68,8,3,18,4
U DR FS dl ul R L,2,12,68,8,3,16,4
U DR FS L dl ul R,2,12,68,8,3,14,3
U DR FS L ul dl R,2,12,68,8,3,14,3
U DR FS ul dl L R,2,12,68,8,3,16,4
U DR FS ul dl R L,2,12,68,8,3,14,4
U DR FS ul L dl R,2,12,68,8,3,14,3
U DR FS ul R dl L,2,12,68,8,3,12,3
U DR L dl FS ul R,2,12,68,8,3,14,3
U DR L dl ul FS R,2,12,68,8,3,14,3
U DR L FS dl ul R,2,12,68,8,3,14,3
U DR L FS ul dl R,2,12,68,8,3,12,3
U DR L ul dl FS R,2,12,68,8,3,16,3
U DR L ul FS dl R,2,12,68,8,3,14,3
U DR ul dl FS L R,2,12,68,8,3,16,4
U DR ul dl FS R L,2,12,68,8,3,16,4
U DR ul dl L FS R,2,12,68,8,3,14,3
U DR ul dl R FS L,2,12,68,8,3,12,3
U DR ul FS dl L R,2,12,68,8,3,16,4
U DR ul FS dl R L,2,12,68,8,3,14,4
U DR ul FS L dl R,2,12,68,8,3,12,3
U DR ul FS R dl L,2,12,68,8,3,12,3
U DR ul L dl FS R,2,12,68,8,3,16,3
U DR ul L FS dl R,2,12,68,8,3,14,3
U FS dl DR L ul R,2,12,68,8,3,14,3
U FS dl DR R ul L,2,12,68,8,3,12,3
U FS dl DR ul L R,2,12,68,8,3,16,4
U FS dl DR ul R L,2,12,68,8,3,14,4
U FS dl ul DR L R,2,12,68,8,3,16,4
U FS dl ul DR R L,2,12,68,8,3,14,4
U FS DR dl L ul R,2,12,68,8,3,14,3
U FS DR dl R ul L,2,12,68,8,3,12,3
U FS DR dl ul L R,2,12,68,8,3,16,4
U FS DR dl ul R L,2,12,68,8,3,14,4
U FS DR L dl ul R,2,12,68,8,3,14,3
U FS DR L ul dl R,2,12,68,8,3,14,3
U FS DR ul dl L R,2,12,68,8,3,16,4
U FS DR ul dl R L,2,12,68,8,3,14,4
U FS DR ul L dl R,2,12,68,8,3,14,3
U FS DR ul R dl L,2,12,68,8,3,12,3
U FS ul dl DR L R,2,12,68,8,3,14,4
U FS ul dl DR R L,2,12,68,8,3,12,4
U FS ul DR dl L R,2,12,68,8,3,14,4
U FS ul DR dl R L,2,12,68,8,3,12,4
U FS ul DR L dl R,2,12,68,8,3,12,3
U FS ul DR R dl L,2,12,68,8,3,10,3
U ul dl DR FS L R,2,12,68,8,3,16,4
U ul dl DR FS R L,2,12,68,8,3,16,4
U ul dl DR L FS R,2,12,68,8,3,14,3
U ul dl DR R FS L,2,12,68,8,3,12,3
U ul dl FS DR L R,2,12,68,8,3,18,4
U ul dl FS DR R L,2,12,68,8,3,16,4
U ul DR dl FS L R,2,12,68,8,3,16,4
U ul DR dl FS R L,2,12,68,8,3,16,4
U ul DR dl L FS R,2,12,68,8,3,14,3
U ul DR dl R FS L,2,12,68,8,3,12,3
U ul DR FS dl L R,2,12,68,8,3,18,4
U ul DR FS dl R L,2,12,68,8,3,16,4
U ul DR FS L dl R,2,12,68,8,3,14,3
U ul DR FS R dl L,2,12,68,8,3,14,3
U ul DR L dl FS R,2,12,68,8,3,16,3
U ul DR L FS dl R,2,12,68,8,3,14,3
U ul FS dl DR L R,2,12,68,8,3,16,4
U ul FS dl DR R L,2,12,68,8,3,14,4
U ul FS DR dl L R,2,12,68,8,3,16,4
U ul FS DR dl R L,2,12,68,8,3,14,4
U ul FS DR L dl R,2,12,68,8,3,14,3
U ul FS DR R dl L,2,12,68,8,3,12,3
ul dl DR FS U L R,2,12,68,8,3,15,4
ul dl DR FS U R L,2,12,68,8,3,15,4
ul dl DR L U FS R,2,12,68,8,3,13,3
ul dl DR U FS L R,2,12,68,8,3,15,4
ul dl DR U FS R L,2,12,68,8,3,15,4
ul dl DR U L FS R,2,12,68,8,3,13,3
ul dl DR U R FS L,2,12,68,8,3,13,3
ul dl FS DR U L R,2,12,68,8,3,17,4
ul dl FS DR U R L,2,12,68,8,3,17,4
ul dl FS U DR L R,2,12,68,8,3,17,4
ul dl FS U DR R L,2,12,68,8,3,15,4
ul dl U DR FS L R,2,12,68,8,3,15,4
ul dl U DR FS R L,2,12,68,8,3,15,4
ul dl U DR L FS R,2,12,68,8,3,13,3
ul dl U DR R FS L,2,12,68,8,3,11,3
ul dl U FS DR L R,2,12,68,8,3,15,4
ul dl U FS DR R L,2,12,68,8,3,13,4
ul DR dl FS U L R,2,12,68,8,3,15,4
ul DR dl FS U R L,2,12,68,8,3,15,4
ul DR dl L U FS R,2,12,68,8,3,13,3
ul DR dl U FS L R,2,12,68,8,3,13,4
ul DR dl U FS R L,2,12,68,8,3,13,4
ul DR dl U L FS R,2,12,68,8,3,11,2
ul DR dl U R FS L,2,12,68,8,3,11,2
ul DR FS dl U L R,2,12,68,8,3,15,4
ul DR FS dl U R L,2,12,68,8,3,15,4
ul DR FS R U dl L,2,12,68,8,3,13,3
ul DR FS U dl L R,2,12,68,8,3,15,4
ul DR FS U dl R L,2,12,68,8,3,13,4
ul DR FS U L dl R,2,12,68,8,3,13,3
ul DR FS U R dl L,2,12,68,8,3,13,3
ul DR L dl U FS R,2,12,68,8,3,13,3
ul DR L U dl FS R,2,12,68,8,3,13,3
ul DR L U FS dl R,2,12,68,8,3,13,3
ul DR U dl FS L R,2,12,68,8,3,15,4
ul DR U dl FS R L,2,12,68,8,3,15,4
ul DR U dl L FS R,2,12,68,8,3,13,3
ul DR U dl R FS L,2,12,68,8,3,11,3
ul DR U FS dl L R,2,12,68,8,3,17,4
ul DR U FS dl R L,2,12,68,8,3,15,4
ul DR U FS L dl R,2,12,68,8,3,13,3
ul DR U FS R dl L,2,12,68,8,3,13,3
ul DR U L dl FS R,2,12,68,8,3,15,3
ul DR U L FS dl R,2,12,68,8,3,13,3
ul FS dl DR U L R,2,12,68,8,3,15,4
ul FS dl DR U R L,2,12,68,8,3,15,4
ul FS dl U DR L R,2,12,68,8,3,15,4
ul FS dl U DR R L,2,12,68,8,3,13,4
ul FS DR dl U L R,2,12,68,8,3,13,4
ul FS DR dl U R L,2,12,68,8,3,13,4
ul FS DR R U dl L,2,12,68,8,3,11,3
ul FS DR U dl L R,2,12,68,8,3,15,4
ul FS DR U dl R L,2,12,68,8,3,13,4
ul FS DR U L dl R,2,12,68,8,3,13,3
ul FS DR U R dl L,2,12,68,8,3,13,3
ul FS U dl DR L R,2,12,68,8,3,13,4
ul FS U dl DR R L,2,12,68,8,3,11,4
ul FS U DR dl L R,2,12,68,8,3,15,4
ul FS U DR dl R L,2,12,68,8,3,13,4
ul FS U DR L dl R,2,12,68,8,3,13,3
ul FS U DR R dl L,2,12,68,8,3,11,3
ul U dl DR FS L R,2,12,68,8,3,15,4
ul U dl DR FS R L,2,12,68,8,3,15,4
ul U dl DR L FS R,2,12,68,8,3,13,3
ul U dl DR R FS L,2,12,68,8,3,11,3
ul U dl FS DR L R,2,12,68,8,3,17,4
ul U dl FS DR R L,2,12,68,8,3,15,4
ul U DR dl FS L R,2,12,68,8,3,17,4
ul U DR dl FS R L,2,12,68,8,3,17,4
ul U DR dl L FS R,2,12,68,8,3,15,3
ul U DR dl R FS L,2,12,68,8,3,13,3
ul U DR FS dl L R,2,12,68,8,3,19,4
ul U DR FS dl R L,2,12,68,8,3,17,4
ul U DR FS L dl R,2,12,68,8,3,15,3
ul U DR FS R dl L,2,12,68,8,3,15,3
ul U DR L dl FS R,2,12,68,8,3,17,3
ul U DR L FS dl R,2,12,68,8,3,15,3
ul U FS dl DR L R,2,12,68,8,3,17,4
ul U FS dl DR R L,2,12,68,8,3,15,4
ul U FS DR dl L R,2,12,68,8,3,17,4
ul U FS DR dl R L,2,12,68,8,3,15,4
ul U FS DR L dl R,2,12,68,8,3,15,3
ul U FS DR R dl L,2,12,68,8,3,13,3
dl FS R U DR ul L,2,12,71,8,3,15,3
dl FS R U L ul DR,2,12,71,8,3,14,3
dl FS R U ul DR L,2,12,71,8,3,15,3
dl FS R U ul L DR,2,12,71,8,3,16,3
dl FS R ul U DR L,2,12,71,8,3,15,3
dl FS R ul U L DR,2,12,71,8,3,14,3
dl FS U L R ul DR,2,12,71,8,3,14,4
dl FS U L ul R DR,2,12,71,8,3,12,3
dl FS U R DR ul L,2,12,71,8,3,13,3
dl FS U R L ul DR,2,12,71,8,3,16,4
dl FS U R ul DR L,2,12,71,8,3,13,3
dl FS U R ul L DR,2,12,71,8,3,14,3
dl FS U ul L R DR,2,12,71,8,3,16,4
dl FS U ul R DR L,2,12,71,8,3,13,3
dl FS U ul R L DR,2,12,71,8,3,16,4
dl FS ul R U DR L,2,12,71,8,3,13,3
dl FS ul R U L DR,2,12,71,8,3,12,3
dl FS ul U L R DR,2,12,71,8,3,14,4
dl FS ul U R DR L,2,12,71,8,3,13,3
dl FS ul U R L DR,2,12,71,8,3,16,4
dl R FS U DR ul L,2,12,71,8,3,13,3
dl R FS U L ul DR,2,12,71,8,3,12,3
dl R FS U ul DR L,2,12,71,8,3,13,3
dl R FS U ul L DR,2,12,71,8,3,14,3
dl R FS ul U DR L,2,12,71,8,3,13,3
dl R FS ul U L DR,2,12,71,8,3,12,3
dl R U DR FS ul L,2,12,71,8,3,13,3
dl R U DR ul FS L,2,12,71,8,3,11,3
dl R U FS DR ul L,2,12,71,8,3,13,3
dl R U FS L ul DR,2,12,71,8,3,12,3
dl R U FS ul DR L,2,12,71,8,3,11,3
dl R U FS ul L DR,2,12,71,8,3,12,3
dl R U ul DR FS L,2,12,71,8,3,13,3
dl R U ul FS DR L,2,12,71,8,3,13,3
dl R U ul FS L DR,2,12,71,8,3,12,3
dl R ul FS U DR L,2,12,71,8,3,11,3
dl R ul FS U L DR,2,12,71,8,3,10,3
dl R ul U DR FS L,2,12,71,8,3,13,3
dl R ul U FS DR L,2,12,71,8,3,13,3
dl R ul U FS L DR,2,12,71,8,3,12,3
dl U FS L R ul DR,2,12,71,8,3,12,4
dl U FS L ul R DR,2,12,71,8,3,10,3
dl U FS R DR ul L,2,12,71,8,3,11,3
dl U FS R L ul DR,2,12,71,8,3,14,4
dl U FS R ul DR L,2,12,71,8,3,11,3
dl U FS R ul L DR,2,12,71,8,3,12,3
dl U FS ul L R DR,2,12,71,8,3,12,4
dl U FS ul R DR L,2,12,71,8,3,9,3
dl U FS ul R L DR,2,12,71,8,3,12,4
dl U R DR FS ul L,2,12,71,8,3,11,3
dl U R DR ul FS L,2,12,71,8,3,9,2
dl U R FS DR ul L,2,12,71,8,3,13,3
dl U R FS L ul DR,2,12,71,8,3,12,3
dl U R FS ul DR L,2,12,71,8,3,11,3
dl U R FS ul L DR,2,12,71,8,3,12,3
dl U R ul DR FS L,2,12,71,8,3,11,3
dl U R ul FS DR L,2,12,71,8,3,11,3
dl U R ul FS L DR,2,12,71,8,3,10,3
dl U ul FS L R DR,2,12,71,8,3,12,4
dl U ul FS R DR L,2,12,71,8,3,11,3
dl U ul FS R L DR,2,12,71,8,3,14,4
dl U ul R DR FS L,2,12,71,8,3,11,3
dl U ul R FS DR L,2,12,71,8,3,13,3
dl U ul R FS L DR,2,12,71,8,3,12,3
dl ul FS R U DR L,2,12,71,8,3,13,3
dl ul FS R U L DR,2,12,71,8,3,12,3
dl ul FS U L R DR,2,12,71,8,3,12,4
dl ul FS U R DR L,2,12,71,8,3,11,3
dl ul FS U R L DR,2,12,71,8,3,14,4
dl ul R FS U DR L,2,12,71,8,3,13,3
dl ul R FS U L DR,2,12,71,8,3,12,3
dl ul R U DR FS L,2,12,71,8,3,13,3
dl ul R U FS DR L,2,12,71,8,3,13,3
dl ul R U FS L DR,2,12,71,8,3,12,3
dl ul U FS L R DR,2,12,71,8,3,14,4
dl ul U FS R DR L,2,12,71,8,3,13,3
dl ul U FS R L DR,2,12,71,8,3,16,4
dl ul U R DR FS L,2,12,71,8,3,13,3
dl ul U R FS DR L,2,12,71,8,3,15,3
dl ul U R FS L DR,2,12,71,8,3,14,3
FS dl R U DR ul L,2,12,71,8,3,14,3
FS dl R U L ul DR,2,12,71,8,3,13,3
FS dl R U ul DR L,2,12,71,8,3,14,3
FS dl R U ul L DR,2,12,71,8,3,15,3
FS dl R ul U DR L,2,12,71,8,3,14,3
FS dl R ul U L DR,2,12,71,8,3,13,3
FS dl U L R ul DR,2,12,71,8,3,13,4
FS dl U L ul R DR,2,12,71,8,3,11,3
FS dl U R DR ul L,2,12,71,8,3,12,3
FS dl U R L ul DR,2,12,71,8,3,15,4
FS dl U R ul DR L,2,12,71,8,3,12,3
FS dl U R ul L DR,2,12,71,8,3,13,3
FS dl U ul L R DR,2,12,71,8,3,15,4
FS dl U ul R DR L,2,12,71,8,3,12,3
FS dl U ul R L DR,2,12,71,8,3,15,4
FS dl ul R U DR L,2,12,71,8,3,14,3
FS dl ul R U L DR,2,12,71,8,3,13,3
FS dl ul U L R DR,2,12,71,8,3,15,4
FS dl ul U R DR L,2,12,71,8,3,14,3
FS dl ul U R L DR,2,12,71,8,3,17,4
FS R dl U DR ul L,2,12,71,8,3,12,3
FS R dl U L ul DR,2,12,71,8,3,11,3
FS R dl U ul DR L,2,12,71,8,3,12,3
FS R dl U ul L DR,2,12,71,8,3,13,3
FS R dl ul U DR L,2,12,71,8,3,14,3
FS R dl ul U L DR,2,12,71,8,3,13,3
FS R U dl DR ul L,2,12,71,8,3,12,3
FS R U dl L ul DR,2,12,71,8,3,13,3
FS R U dl ul DR L,2,12,71,8,3,12,3
FS R U dl ul L DR,2,12,71,8,3,13,3
FS R U L dl ul DR,2,12,71,8,3,13,3
FS R U L ul dl DR,2,12,71,8,3,13,3
FS R U ul dl DR L,2,12,71,8,3,14,3
FS R U ul dl L DR,2,12,71,8,3,15,3
FS R U ul DR dl L,2,12,71,8,3,14,3
FS R U ul L dl DR,2,12,71,8,3,15,3
FS R ul dl U DR L,2,12,71,8,3,12,3
FS R ul dl U L DR,2,12,71,8,3,11,3
FS R ul DR U dl L,2,12,71,8,3,12,3
FS R ul U dl DR L,2,12,71,8,3,12,3
FS R ul U dl L DR,2,12,71,8,3,13,3
FS R ul U DR dl L,2,12,71,8,3,14,3
FS R ul U L dl DR,2,12,71,8,3,13,3
FS U dl L R ul DR,2,12,71,8,3,13,4
FS U dl L ul R DR,2,12,71,8,3,11,3
FS U dl R DR ul L,2,12,71,8,3,10,3
FS U dl R L ul DR,2,12,71,8,3,13,4
FS U dl R ul DR L,2,12,71,8,3,10,3
FS U dl R ul L DR,2,12,71,8,3,11,3
FS U dl ul L R DR,2,12,71,8,3,13,4
FS U dl ul R DR L,2,12,71,8,3,10,3
FS U dl ul R L DR,2,12,71,8,3,13,4
FS U L dl R ul DR,2,12,71,8,3,11,3
FS U L dl ul R DR,2,12,71,8,3,11,3
FS U L R dl ul DR,2,12,71,8,3,13,4
FS U L R ul dl DR,2,12,71,8,3,13,4
FS U L ul dl R DR,2,12,71,8,3,11,3
FS U L ul R dl DR,2,12,71,8,3,11,3
FS U R dl DR ul L,2,12,71,8,3,12,3
FS U R dl L ul DR,2,12,71,8,3,13,3
FS U R dl ul DR L,2,12,71,8,3,12,3
FS U R dl ul L DR,2,12,71,8,3,13,3
FS U R L dl ul DR,2,12,71,8,3,15,4
FS U R L ul dl DR,2,12,71,8,3,15,4
FS U R ul dl DR L,2,12,71,8,3,12,3
FS U R ul dl L DR,2,12,71,8,3,13,3
FS U R ul DR dl L,2,12,71,8,3,12,3
FS U R ul L dl DR,2,12,71,8,3,13,3
FS U ul dl L R DR,2,12,71,8,3,15,4
FS U ul dl R DR L,2,12,71,8,3,12,3
FS U ul dl R L DR,2,12,71,8,3,15,4
FS U ul L dl R DR,2,12,71,8,3,13,3
FS U ul L R dl DR,2,12,71,8,3,15,4
FS U ul R dl DR L,2,12,71,8,3,12,3
FS U ul R dl L DR,2,12,71,8,3,13,3
FS U ul R DR dl L,2,12,71,8,3,12,3
FS U ul R L dl DR,2,12,71,8,3,15,4
FS ul dl R U DR L,2,12,71,8,3,12,3
FS ul dl R U L DR,2,12,71,8,3,11,3
FS ul dl U L R DR,2,12,71,8,3,11,4
FS ul dl U R DR L,2,12,71,8,3,10,3
FS ul dl U R L DR,2,12,71,8,3,13,4
FS ul R dl U DR L,2,12,71,8,3,10,3
FS ul R dl U L DR,2,12,71,8,3,9,3
FS ul R DR U dl L,2,12,71,8,3,10,3
FS ul R U dl DR L,2,12,71,8,3,10,3
FS ul R U dl L DR,2,12,71,8,3,11,3
FS ul R U DR dl L,2,12,71,8,3,12,3
FS ul R U L dl DR,2,12,71,8,3,11,3
FS ul U dl L R DR,2,12,71,8,3,13,4
FS ul U dl R DR L,2,12,71,8,3,10,3
FS ul U dl R L DR,2,12,71,8,3,13,4
FS ul U L dl R DR,2,12,71,8,3,11,3
FS ul U L R dl DR,2,12,71,8,3,13,4
FS ul U R dl DR L,2,12,71,8,3,12,3
FS ul U R dl L DR,2,12,71,8,3,13,3
FS ul U R DR dl L,2,12,71,8,3,12,3
FS ul U R L dl DR,2,12,71,8,3,15,4
R dl FS U DR ul L,2,12,71,8,3,14,3
R dl FS U L ul DR,2,12,71,8,3,13,3
R dl FS U ul DR L,2,12,71,8,3,14,3
R dl FS U ul L DR,2,12,71,8,3,15,3
R dl FS ul U DR L,2,12,71,8,3,14,3
R dl FS ul U L DR,2,12,71,8,3,13,3
R dl U DR FS ul L,2,12,71,8,3,12,3
R dl U DR ul FS L,2,12,71,8,3,10,3
R dl U FS DR ul L,2,12,71,8,3,12,3
R dl U FS L ul DR,2,12,71,8,3,11,3
R dl U FS ul DR L,2,12,71,8,3,10,3
R dl U FS ul L DR,2,12,71,8,3,11,3
R dl U ul DR FS L,2,12,71,8,3,12,3
R dl U ul FS DR L,2,12,71,8,3,12,3
R dl U ul FS L DR,2,12,71,8,3,11,3
R dl ul FS U DR L,2,12,71,8,3,12,3
R dl ul FS U L DR,2,12,71,8,3,11,3
R dl ul U DR FS L,2,12,71,8,3,14,3
R dl ul U FS DR L,2,12,71,8,3,14,3
R dl ul U FS L DR,2,12,71,8,3,13,3
R FS dl U DR ul L,2,12,71,8,3,14,3
R FS dl U L ul DR,2,12,71,8,3,13,3
R FS dl U ul DR L,2,12,71,8,3,14,3
R FS dl U ul L DR,2,12,71,8,3,15,3
R FS dl ul U DR L,2,12,71,8,3,16,3
R FS dl ul U L DR,2,12,71,8,3,15,3
R FS U dl DR ul L,2,12,71,8,3,12,3
R FS U dl L ul DR,2,12,71,8,3,13,3
R FS U dl ul DR L,2,12,71,8,3,12,3
R FS U dl ul L DR,2,12,71,8,3,13,3
R FS U L dl ul DR,2,12,71,8,3,13,3
R FS U L ul dl DR,2,12,71,8,3,13,3
R FS U ul dl DR L,2,12,71,8,3,14,3
R FS U ul dl L DR,2,12,71,8,3,15,3
R FS U ul DR dl L,2,12,71,8,3,14,3
R FS U ul L dl DR,2,12,71,8,3,15,3
R FS ul dl U DR L,2,12,71,8,3,12,3
R FS ul dl U L DR,2,12,71,8,3,11,3
R FS ul DR U dl L,2,12,71,8,3,12,3
R FS ul U dl DR L,2,12,71,8,3,12,3
R FS ul U dl L DR,2,12,71,8,3,13,3
R FS ul U DR dl L,2,12,71,8,3,14,3
R FS ul U L dl DR,2,12,71,8,3,13,3
R U dl DR FS ul L,2,12,71,8,3,12,3
R U dl DR ul FS L,2,12,71,8,3,10,2
R U dl FS DR ul L,2,12,71,8,3,14,3
R U dl FS L ul DR,2,12,71,8,3,13,3
R U dl FS ul DR L,2,12,71,8,3,12,3
R U dl FS ul L DR,2,12,71,8,3,13,3
R U dl ul DR FS L,2,12,71,8,3,12,3
R U dl ul FS DR L,2,12,71,8,3,12,3
R U dl ul FS L DR,2,12,71,8,3,11,3
R U FS dl DR ul L,2,12,71,8,3,14,3
R U FS dl L ul DR,2,12,71,8,3,15,3
R U FS dl ul DR L,2,12,71,8,3,14,3
R U FS dl ul L DR,2,12,71,8,3,15,3
R U FS L dl ul DR,2,12,71,8,3,13,3
R U FS L ul dl DR,2,12,71,8,3,13,3
R U FS ul dl DR L,2,12,71,8,3,12,3
R U FS ul dl L DR,2,12,71,8,3,13,3
R U FS ul DR dl L,2,12,71,8,3,12,3
R U FS ul L dl DR,2,12,71,8,3,13,3
R U ul dl DR FS L,2,12,71,8,3,14,3
R U ul dl FS DR L,2,12,71,8,3,16,3
R U ul dl FS L DR,2,12,71,8,3,15,3
R U ul FS dl DR L,2,12,71,8,3,14,3
R U ul FS dl L DR,2,12,71,8,3,15,3
R U ul FS DR dl L,2,12,71,8,3,14,3
R U ul FS L dl DR,2,12,71,8,3,13,3
R ul dl FS U DR L,2,12,71,8,3,14,3
R ul dl FS U L DR,2,12,71,8,3,13,3
R ul dl U DR FS L,2,12,71,8,3,12,3
R ul dl U FS DR L,2,12,71,8,3,12,3
R ul dl U FS L DR,2,12,71,8,3,11,3
R ul FS dl U DR L,2,12,71,8,3,12,3
R ul FS dl U L DR,2,12,71,8,3,11,3
R ul FS DR U dl L,2,12,71,8,3,12,3
R ul FS U dl DR L,2,12,71,8,3,10,3
R ul FS U dl L DR,2,12,71,8,3,11,3
R ul FS U DR dl L,2,12,71,8,3,12,3
R ul FS U L dl DR,2,12,71,8,3,11,3
R ul U dl DR FS L,2,12,71,8,3,12,3
R ul U dl FS DR L,2,12,71,8,3,14,3
R ul U dl FS L DR,2,12,71,8,3,13,3
R ul U FS dl DR L,2,12,71,8,3,14,3
R ul U FS dl L DR,2,12,71,8,3,15,3
R ul U FS DR dl L,2,12,71,8,3,14,3
R ul U FS L dl DR,2,12,71,8,3,13,3
U dl FS L R ul DR,2,12,71,8,3,13,4
U dl FS L ul R DR,2,12,71,8,3,11,3
U dl FS R DR ul L,2,12,71,8,3,12,3
U dl FS R L ul DR,2,12,71,8,3,15,4
U dl FS R ul DR L,2,12,71,8,3,12,3
U dl FS R ul L DR,2,12,71,8,3,13,3
U dl FS ul L R DR,2,12,71,8,3,13,4
U dl FS ul R DR L,2,12,71,8,3,10,3
U dl FS ul R L DR,2,12,71,8,3,13,4
U dl R DR FS ul L,2,12,71,8,3,10,3
U dl R DR ul FS L,2,12,71,8,3,8,2
U dl R FS DR ul L,2,12,71,8,3,12,3
U dl R FS L ul DR,2,12,71,8,3,11,3
U dl R FS ul DR L,2,12,71,8,3,10,3
U dl R FS ul L DR,2,12,71,8,3,11,3
U dl R ul DR FS L,2,12,71,8,3,10,3
U dl R ul FS DR L,2,12,71,8,3,10,3
U dl R ul FS L DR,2,12,71,8,3,9,3
U dl ul FS L R DR,2,12,71,8,3,11,4
U dl ul FS R DR L,2,12,71,8,3,10,3
U dl ul FS R L DR,2,12,71,8,3,13,4
U dl ul R DR FS L,2,12,71,8,3,10,3
U dl ul R FS DR L,2,12,71,8,3,12,3
U dl ul R FS L DR,2,12,71,8,3,11,3
U FS dl L R ul DR,2,12,71,8,3,15,4
U FS dl L ul R DR,2,12,71,8,3,13,3
U FS dl R DR ul L,2,12,71,8,3,12,3
U FS dl R L ul DR,2,12,71,8,3,15,4
U FS dl R ul DR L,2,12,71,8,3,12,3
U FS dl R ul L DR,2,12,71,8,3,13,3
U FS dl ul L R DR,2,12,71,8,3,15,4
U FS dl ul R DR L,2,12,71,8,3,12,3
U FS dl ul R L DR,2,12,71,8,3,15,4
U FS L dl R ul DR,2,12,71,8,3,11,3
U FS L dl ul R DR,2,12,71,8,3,11,3
U FS L R dl ul DR,2,12,71,8,3,13,4
U FS L R ul dl DR,2,12,71,8,3,13,4
U FS L ul dl R DR,2,12,71,8,3,11,3
U FS L ul R dl DR,2,12,71,8,3,11,3
U FS R dl DR ul L,2,12,71,8,3,12,3
U FS R dl L ul DR,2,12,71,8,3,13,3
U FS R dl ul DR L,2,12,71,8,3,12,3
U FS R dl ul L DR,2,12,71,8,3,13,3
U FS R L dl ul DR,2,12,71,8,3,15,4
U FS R L ul dl DR,2,12,71,8,3,15,4
U FS R ul dl DR L,2,12,71,8,3,12,3
U FS R ul dl L DR,2,12,71,8,3,13,3
U FS R ul DR dl L,2,12,71,8,3,12,3
U FS R ul L dl DR,2,12,71,8,3,13,3
U FS ul dl L R DR,2,12,71,8,3,13,4
U FS ul dl R DR L,2,12,71,8,3,10,3
U FS ul dl R L DR,2,12,71,8,3,13,4
U FS ul L dl R DR,2,12,71,8,3,11,3
U FS ul L R dl DR,2,12,71,8,3,13,4
U FS ul R dl DR L,2,12,71,8,3,10,3
U FS ul R dl L DR,2,12,71,8,3,11,3
U FS ul R DR dl L,2,12,71,8,3,10,3
U FS ul R L dl DR,2,12,71,8,3,13,4
U R dl DR FS ul L,2,12,71,8,3,12,3
U R dl DR ul FS L,2,12,71,8,3,10,2
U R dl FS DR ul L,2,12,71,8,3,14,3
U R dl FS L ul DR,2,12,71,8,3,13,3
U R dl FS ul DR L,2,12,71,8,3,12,3
U R dl FS ul L DR,2,12,71,8,3,13,3
U R dl ul DR FS L,2,12,71,8,3,12,3
U R dl ul FS DR L,2,12,71,8,3,12,3
U R dl ul FS L DR,2,12,71,8,3,11,3
U R FS dl DR ul L,2,12,71,8,3,14,3
U R FS dl L ul DR,2,12,71,8,3,15,3
U R FS dl ul DR L,2,12,71,8,3,14,3
U R FS dl ul L DR,2,12,71,8,3,15,3
U R FS L dl ul DR,2,12,71,8,3,13,3
U R FS L ul dl DR,2,12,71,8,3,13,3
U R FS ul dl DR L,2,12,71,8,3,12,3
U R FS ul dl L DR,2,12,71,8,3,13,3
U R FS ul DR dl L,2,12,71,8,3,12,3
U R FS ul L dl DR,2,12,71,8,3,13,3
U R ul dl DR FS L,2,12,71,8,3,12,3
U R ul dl FS DR L,2,12,71,8,3,14,3
U R ul dl FS L DR,2,12,71,8,3,13,3
U R ul FS dl DR L,2,12,71,8,3,12,3
U R ul FS dl L DR,2,12,71,8,3,13,3
U R ul FS DR dl L,2,12,71,8,3,12,3
U R ul FS L dl DR,2,12,71,8,3,11,3
U ul dl FS L R DR,2,12,71,8,3,15,4
U ul dl FS R DR L,2,12,71,8,3,14,3
U ul dl FS R L DR,2,12,71,8,3,17,4
U ul dl R DR FS L,2,12,71,8,3,12,3
U ul dl R FS DR L,2,12,71,8,3,14,3
U ul dl R FS L DR,2,12,71,8,3,13,3
U ul FS dl L R DR,2,12,71,8,3,15,4
U ul FS dl R DR L,2,12,71,8,3,12,3
U ul FS dl R L DR,2,12,71,8,3,15,4
U ul FS L dl R DR,2,12,71,8,3,11,3
U ul FS L R dl DR,2,12,71,8,3,13,4
U ul FS R dl DR L,2,12,71,8,3,12,3
U ul FS R dl L DR,2,12,71,8,3,13,3
U ul FS R DR dl L,2,12,71,8,3,12,3
U ul FS R L dl DR,2,12,71,8,3,15,4
U ul R dl DR FS L,2,12,71,8,3,12,3
U ul R dl FS DR L,2,12,71,8,3,14,3
U ul R dl FS L DR,2,12,71,8,3,13,3
U ul R FS dl DR L,2,12,71,8,3,14,3
U ul R FS dl L DR,2,12,71,8,3,15,3
U ul R FS DR dl L,2,12,71,8,3,14,3
U ul R FS L dl DR,2,12,71,8,3,13,3
ul dl FS R U DR L,2,12,71,8,3,15,3
ul dl FS R U L DR,2,12,71,8,3,14,3
ul dl FS U L R DR,2,12,71,8,3,14,4
ul dl FS U R DR L,2,12,71,8,3,13,3
ul dl FS U R L DR,2,12,71,8,3,16,4
ul dl R FS U DR L,2,12,71,8,3,13,3
ul dl R FS U L DR,2,12,71,8,3,12,3
ul dl R U DR FS L,2,12,71,8,3,13,3
ul dl R U FS DR L,2,12,71,8,3,13,3
ul dl R U FS L DR,2,12,71,8,3,12,3
ul dl U FS L R DR,2,12,71,8,3,12,4
ul dl U FS R DR L,2,12,71,8,3,11,3
ul dl U FS R L DR,2,12,71,8,3,14,4
ul dl U R DR FS L,2,12,71,8,3,11,3
ul dl U R FS DR L,2,12,71,8,3,13,3
ul dl U R FS L DR,2,12,71,8,3,12,3
ul FS dl R U DR L,2,12,71,8,3,13,3
ul FS dl R U L DR,2,12,71,8,3,12,3
ul FS dl U L R DR,2,12,71,8,3,12,4
ul FS dl U R DR L,2,12,71,8,3,11,3
ul FS dl U R L DR,2,12,71,8,3,14,4
ul FS R dl U DR L,2,12,71,8,3,11,3
ul FS R dl U L DR,2,12,71,8,3,10,3
ul FS R DR U dl L,2,12,71,8,3,11,3
ul FS R U dl DR L,2,12,71,8,3,11,3
ul FS R U dl L DR,2,12,71,8,3,12,3
ul FS R U DR dl L,2,12,71,8,3,13,3
ul FS R U L dl DR,2,12,71,8,3,12,3
ul FS U dl L R DR,2,12,71,8,3,12,4
ul FS U dl R DR L,2,12,71,8,3,9,3
ul FS U dl R L DR,2,12,71,8,3,12,4
ul FS U L dl R DR,2,12,71,8,3,10,3
ul FS U L R dl DR,2,12,71,8,3,12,4
ul FS U R dl DR L,2,12,71,8,3,11,3
ul FS U R dl L DR,2,12,71,8,3,12,3
ul FS U R DR dl L,2,12,71,8,3,11,3
ul FS U R L dl DR,2,12,71,8,3,14,4
ul R dl FS U DR L,2,12,71,8,3,13,3
ul R dl FS U L DR,2,12,71,8,3,12,3
ul R dl U DR FS L,2,12,71,8,3,11,3
ul R dl U FS DR L,2,12,71,8,3,11,3
ul R dl U FS L DR,2,12,71,8,3,10,3
ul R FS dl U DR L,2,12,71,8,3,13,3
ul R FS dl U L DR,2,12,71,8,3,12,3
ul R FS DR U dl L,2,12,71,8,3,13,3
ul R FS U dl DR L,2,12,71,8,3,11,3
ul R FS U dl L DR,2,12,71,8,3,12,3
ul R FS U DR dl L,2,12,71,8,3,13,3
ul R FS U L dl DR,2,12,71,8,3,12,3
ul R U dl DR FS L,2,12,71,8,3,11,3
ul R U dl FS DR L,2,12,71,8,3,13,3
ul R U dl FS L DR,2,12,71,8,3,12,3
ul R U FS dl DR L,2,12,71,8,3,13,3
ul R U FS dl L DR,2,12,71,8,3,14,3
ul R U FS DR dl L,2,12,71,8,3,13,3
ul R U FS L dl DR,2,12,71,8,3,12,3
ul U dl FS L R DR,2,12,71,8,3,14,4
ul U dl FS R DR L,2,12,71,8,3,13,3
ul U dl FS R L DR,2,12,71,8,3,16,4
ul U dl R DR FS L,2,12,71,8,3,11,3
ul U dl R FS DR L,2,12,71,8,3,13,3
ul U dl R FS L DR,2,12,71,8,3,12,3
ul U FS dl L R DR,2,12,71,8,3,16,4
ul U FS dl R DR L,2,12,71,8,3,13,3
ul U FS dl R L DR,2,12,71,8,3,16,4
ul U FS L dl R DR,2,12,71,8,3,12,3
ul U FS L R dl DR,2,12,71,8,3,14,4
ul U FS R dl DR L,2,12,71,8,3,13,3
ul U FS R dl L DR,2,12,71,8,3,14,3
ul U FS R DR dl L,2,12,71,8,3,13,3
ul U FS R L dl DR,2,12,71,8,3,16,4
ul U R dl DR FS L,2,12,71,8,3,13,3
ul U R dl FS DR L,2,12,71,8,3,15,3
ul U R dl FS L DR,2,12,71,8,3,14,3
ul U R FS dl DR L,2,12,71,8,3,15,3
ul U R FS dl L DR,2,12,71,8,3,16,3
ul U R FS DR dl L,2,12,71,8,3,15,3
ul U R FS L dl DR,2,12,71,8,3,14,3
dl L R U FS ul DR,2,12,73,9,3,14,4
dl L R U ul FS DR,2,12,73,9,3,16,4
dl L R ul U FS DR,2,12,73,9,3,16,4
dl L U FS R ul DR,2,12,73,9,3,12,3
dl L U FS ul R DR,2,12,73,9,3,10,3
dl L U R FS ul DR,2,12,73,9,3,12,3
dl L U R ul FS DR,2,12,73,9,3,12,3
dl L U ul FS R DR,2,12,73,9,3,12,3
dl L U ul R FS DR,2,12,73,9,3,14,3
dl L ul R U FS DR,2,12,73,9,3,14,3
dl L ul U FS R DR,2,12,73,9,3,14,3
dl L ul U R FS DR,2,12,73,9,3,16,3
dl R L U FS ul DR,2,12,73,9,3,12,4
dl R L U ul FS DR,2,12,73,9,3,14,4
dl R L ul U FS DR,2,12,73,9,3,16,4
dl R U L FS ul DR,2,12,73,9,3,10,2
dl R U L ul FS DR,2,12,73,9,3,12,3
dl R U ul L FS DR,2,12,73,9,3,14,3
dl R ul L U FS DR,2,12,73,9,3,12,3
dl R ul U L FS DR,2,12,73,9,3,12,3
dl U L FS R ul DR,2,12,73,9,3,10,2
dl U L FS ul R DR,2,12,73,9,3,8,2
dl U L R FS ul DR,2,12,73,9,3,12,4
dl U L R ul FS DR,2,12,73,9,3,12,4
dl U L ul FS R DR,2,12,73,9,3,10,3
dl U L ul R FS DR,2,12,73,9,3,12,3
dl U R L FS ul DR,2,12,73,9,3,12,4
dl U R L ul FS DR,2,12,73,9,3,14,4
dl U R ul L FS DR,2,12,73,9,3,12,3
dl U ul L FS R DR,2,12,73,9,3,12,3
dl U ul L R FS DR,2,12,73,9,3,16,4
dl U ul R L FS DR,2,12,73,9,3,14,4
dl ul L R U FS DR,2,12,73,9,3,16,4
dl ul L U FS R DR,2,12,73,9,3,12,3
dl ul L U R FS DR,2,12,73,9,3,14,3
dl ul R L U FS DR,2,12,73,9,3,14,4
dl ul R U L FS DR,2,12,73,9,3,12,3
dl ul U L FS R DR,2,12,73,9,3,12,3
dl ul U L R FS DR,2,12,73,9,3,16,4
dl ul U R L FS DR,2,12,73,9,3,16,4
L dl R U FS ul DR,2,12,73,9,3,11,3
L dl R U ul FS DR,2,12,73,9,3,13,3
L dl R ul U FS DR,2,12,73,9,3,13,3
L dl U FS R ul DR,2,12,73,9,3,11,3
L dl U FS ul R DR,2,12,73,9,3,9,3
L dl U R FS ul DR,2,12,73,9,3,11,3
L dl U R ul FS DR,2,12,73,9,3,11,3
L dl U ul FS R DR,2,12,73,9,3,11,3
L dl U ul R FS DR,2,12,73,9,3,13,3
L dl ul R U FS DR,2,12,73,9,3,13,3
L dl ul U FS R DR,2,12,73,9,3,13,3
L dl ul U R FS DR,2,12,73,9,3,15,3
L R dl U FS ul DR,2,12,73,9,3,11,4
L R dl U ul FS DR,2,12,73,9,3,13,4
L R dl ul U FS DR,2,12,73,9,3,15,4
L R U dl FS ul DR,2,12,73,9,3,13,4
L R U dl ul FS DR,2,12,73,9,3,13,4
L R U FS dl ul DR,2,12,73,9,3,15,4
L R U FS ul dl DR,2,12,73,9,3,13,4
L R U ul dl FS DR,2,12,73,9,3,17,4
L R U ul FS dl DR,2,12,73,9,3,15,4
L R ul dl U FS DR,2,12,73,9,3,13,4
L R ul U dl FS DR,2,12,73,9,3,15,4
L R ul U FS dl DR,2,12,73,9,3,15,4
L U dl FS R ul DR,2,12,73,9,3,11,3
L U dl FS ul R DR,2,12,73,9,3,9,3
L U dl R FS ul DR,2,12,73,9,3,9,2
L U dl R ul FS DR,2,12,73,9,3,9,3
L U dl ul FS R DR,2,12,73,9,3,9,2
L U dl ul R FS DR,2,12,73,9,3,11,3
L U FS dl R ul DR,2,12,73,9,3,11,3
L U FS dl ul R DR,2,12,73,9,3,11,3
L U FS R dl ul DR,2,12,73,9,3,11,2
L U FS R ul dl DR,2,12,73,9,3,11,2
L U FS ul dl R DR,2,12,73,9,3,9,2
L U FS ul R dl DR,2,12,73,9,3,9,2
L U R dl FS ul DR,2,12,73,9,3,11,3
L U R dl ul FS DR,2,12,73,9,3,11,3
L U R FS dl ul DR,2,12,73,9,3,13,3
L U R FS ul dl DR,2,12,73,9,3,11,2
L U R ul dl FS DR,2,12,73,9,3,13,3
L U R ul FS dl DR,2,12,73,9,3,11,3
L U ul dl FS R DR,2,12,73,9,3,13,3
L U ul dl R FS DR,2,12,73,9,3,13,3
L U ul FS dl R DR,2,12,73,9,3,11,3
L U ul FS R dl DR,2,12,73,9,3,11,3
L U ul R dl FS DR,2,12,73,9,3,13,3
L U ul R FS dl DR,2,12,73,9,3,13,3
L ul dl R U FS DR,2,12,73,9,3,13,3
L ul dl U FS R DR,2,12,73,9,3,11,3
L ul dl U R FS DR,2,12,73,9,3,13,3
L ul R dl U FS DR,2,12,73,9,3,11,3
L ul R U dl FS DR,2,12,73,9,3,13,3
L ul R U FS dl DR,2,12,73,9,3,13,3
L ul U dl FS R DR,2,12,73,9,3,13,3
L ul U dl R FS DR,2,12,73,9,3,13,3
L ul U FS dl R DR,2,12,73,9,3,13,3
L ul U FS R dl DR,2,12,73,9,3,13,3
L ul U R dl FS DR,2,12,73,9,3,15,3
L ul U R FS dl DR,2,12,73,9,3,15,3
R dl L U FS ul DR,2,12,73,9,3,11,3
R dl L U ul FS DR,2,12,73,9,3,13,3
R dl L ul U FS DR,2,12,73,9,3,15,3
R dl U L FS ul DR,2,12,73,9,3,9,2
R dl U L ul FS DR,2,12,73,9,3,11,3
R dl U ul L FS DR,2,12,73,9,3,13,3
R dl ul L U FS DR,2,12,73,9,3,13,3
R dl ul U L FS DR,2,12,73,9,3,13,3
R L dl U FS ul DR,2,12,73,9,3,13,4
R L dl U ul FS DR,2,12,73,9,3,15,4
R L dl ul U FS DR,2,12,73,9,3,17,4
R L U dl FS ul DR,2,12,73,9,3,13,4
R L U dl ul FS DR,2,12,73,9,3,13,4
R L U FS dl ul DR,2,12,73,9,3,15,4
R L U FS ul dl DR,2,12,73,9,3,13,4
R L U ul dl FS DR,2,12,73,9,3,17,4
R L U ul FS dl DR,2,12,73,9,3,15,4
R L ul dl U FS DR,2,12,73,9,3,15,4
R L ul U dl FS DR,2,12,73,9,3,17,4
R L ul U FS dl DR,2,12,73,9,3,17,4
R U dl L FS ul DR,2,12,73,9,3,11,3
R U dl L ul FS DR,2,12,73,9,3,13,3
R U dl ul L FS DR,2,12,73,9,3,13,3
R U L dl FS ul DR,2,12,73,9,3,13,3
R U L dl ul FS DR,2,12,73,9,3,13,3
R U L FS dl ul DR,2,12,73,9,3,13,3
R U L FS ul dl DR,2,12,73,9,3,11,2
R U L ul dl FS DR,2,12,73,9,3,15,3
R U L ul FS dl DR,2,12,73,9,3,13,3
R U ul dl L FS DR,2,12,73,9,3,15,3
R U ul L dl FS DR,2,12,73,9,3,17,3
R U ul L FS dl DR,2,12,73,9,3,15,3
R ul dl L U FS DR,2,12,73,9,3,13,3
R ul dl U L FS DR,2,12,73,9,3,11,3
R ul L dl U FS DR,2,12,73,9,3,13,3
R ul L U dl FS DR,2,12,73,9,3,13,3
R ul L U FS dl DR,2,12,73,9,3,13,3
R ul U dl L FS DR,2,12,73,9,3,13,3
R ul U L dl FS DR,2,12,73,9,3,15,3
R ul U L FS dl DR,2,12,73,9,3,13,3
U dl L FS R ul DR,2,12,73,9,3,11,3
U dl L FS ul R DR,2,12,73,9,3,9,3
U dl L R FS ul DR,2,12,73,9,3,13,4
U dl L R ul FS DR,2,12,73,9,3,13,4
U dl L ul FS R DR,2,12,73,9,3,11,3
U dl L ul R FS DR,2,12,73,9,3,13,3
U dl R L FS ul DR,2,12,73,9,3,11,4
U dl R L ul FS DR,2,12,73,9,3,13,4
U dl R ul L FS DR,2,12,73,9,3,11,3
U dl ul L FS R DR,2,12,73,9,3,11,3
U dl ul L R FS DR,2,12,73,9,3,15,4
U dl ul R L FS DR,2,12,73,9,3,13,4
U L dl FS R ul DR,2,12,73,9,3,13,3
U L dl FS ul R DR,2,12,73,9,3,11,3
U L dl R FS ul DR,2,12,73,9,3,11,3
U L dl R ul FS DR,2,12,73,9,3,11,3
U L dl ul FS R DR,2,12,73,9,3,11,3
U L dl ul R FS DR,2,12,73,9,3,13,3
U L FS dl R ul DR,2,12,73,9,3,11,3
U L FS dl ul R DR,2,12,73,9,3,11,3
U L FS R dl ul DR,2,12,73,9,3,11,2
U L FS R ul dl DR,2,12,73,9,3,11,2
U L FS ul dl R DR,2,12,73,9,3,9,2
U L FS ul R dl DR,2,12,73,9,3,9,2
U L R dl FS ul DR,2,12,73,9,3,13,4
U L R dl ul FS DR,2,12,73,9,3,13,4
U L R FS dl ul DR,2,12,73,9,3,15,4
U L R FS ul dl DR,2,12,73,9,3,13,4
U L R ul dl FS DR,2,12,73,9,3,15,4
U L R ul FS dl DR,2,12,73,9,3,13,4
U L ul dl FS R DR,2,12,73,9,3,13,3
U L ul dl R FS DR,2,12,73,9,3,13,3
U L ul FS dl R DR,2,12,73,9,3,11,3
U L ul FS R dl DR,2,12,73,9,3,11,3
U L ul R dl FS DR,2,12,73,9,3,13,3
U L ul R FS dl DR,2,12,73,9,3,13,3
U R dl L FS ul DR,2,12,73,9,3,11,3
U R dl L ul FS DR,2,12,73,9,3,13,3
U R dl ul L FS DR,2,12,73,9,3,13,3
U R L dl FS ul DR,2,12,73,9,3,15,4
U R L dl ul FS DR,2,12,73,9,3,15,4
U R L FS dl ul DR,2,12,73,9,3,15,4
U R L FS ul dl DR,2,12,73,9,3,13,4
U R L ul dl FS DR,2,12,73,9,3,17,4
U R L ul FS dl DR,2,12,73,9,3,15,4
U R ul dl L FS DR,2,12,73,9,3,13,3
U R ul L dl FS DR,2,12,73,9,3,15,3
U R ul L FS dl DR,2,12,73,9,3,13,3
U ul dl L FS R DR,2,12,73,9,3,13,3
U ul dl L R FS DR,2,12,73,9,3,17,4
U ul dl R L FS DR,2,12,73,9,3,15,4
U ul L dl FS R DR,2,12,73,9,3,15,3
U ul L dl R FS DR,2,12,73,9,3,15,3
U ul L FS dl R DR,2,12,73,9,3,13,3
U ul L FS R dl DR,2,12,73,9,3,13,3
U ul L R dl FS DR,2,12,73,9,3,17,4
U ul L R FS dl DR,2,12,73,9,3,17,4
U ul R dl L FS DR,2,12,73,9,3,13,3
U ul R L dl FS DR,2,12,73,9,3,17,4
U ul R L FS dl DR,2,12,73,9,3,15,4
ul dl L R U FS DR,2,12,73,9,3,16,4
ul dl L U FS R DR,2,12,73,9,3,12,3
ul dl L U R FS DR,2,12,73,9,3,14,3
ul dl R L U FS DR,2,12,73,9,3,14,4
ul dl R U L FS DR,2,12,73,9,3,12,3
ul dl U L FS R DR,2,12,73,9,3,10,2
ul dl U L R FS DR,2,12,73,9,3,14,4
ul dl U R L FS DR,2,12,73,9,3,14,4
ul L dl R U FS DR,2,12,73,9,3,14,3
ul L dl U FS R DR,2,12,73,9,3,12,3
ul L dl U R FS DR,2,12,73,9,3,14,3
ul L R dl U FS DR,2,12,73,9,3,14,4
ul L R U dl FS DR,2,12,73,9,3,16,4
ul L R U FS dl DR,2,12,73,9,3,16,4
ul L U dl FS R DR,2,12,73,9,3,12,3
ul L U dl R FS DR,2,12,73,9,3,12,3
ul L U FS dl R DR,2,12,73,9,3,12,3
ul L U FS R dl DR,2,12,73,9,3,12,3
ul L U R dl FS DR,2,12,73,9,3,14,3
ul L U R FS dl DR,2,12,73,9,3,14,3
ul R dl L U FS DR,2,12,73,9,3,12,3
ul R dl U L FS DR,2,12,73,9,3,10,3
ul R L dl U FS DR,2,12,73,9,3,14,4
ul R L U dl FS DR,2,12,73,9,3,14,4
ul R L U FS dl DR,2,12,73,9,3,14,4
ul R U dl L FS DR,2,12,73,9,3,12,3
ul R U L dl FS DR,2,12,73,9,3,14,3
ul R U L FS dl DR,2,12,73,9,3,12,3
ul U dl L FS R DR,2,12,73,9,3,12,3
ul U dl L R FS DR,2,12,73,9,3,16,4
ul U dl R L FS DR,2,12,73,9,3,14,4
ul U L dl FS R DR,2,12,73,9,3,14,3
ul U L dl R FS DR,2,12,73,9,3,14,3
ul U L FS dl R DR,2,12,73,9,3,12,3
ul U L FS R dl DR,2,12,73,9,3,12,3
ul U L R dl FS DR,2,12,73,9,3,16,4
ul U L R FS dl DR,2,12,73,9,3,16,4
ul U R dl L FS DR,2,12,73,9,3,14,3
ul U R L dl FS DR,2,12,73,9,3,18,4
ul U R L FS dl DR,2,12,73,9,3,16,4
DR FS R U dl ul L,2,12,77,9,3,13,3
DR FS R U ul dl L,2,12,77,9,3,15,3
DR FS R ul U dl L,2,12,77,9,3,13,3
DR FS U R dl ul L,2,12,77,9,3,13,3
DR FS U R ul dl L,2,12,77,9,3,13,3
DR R FS U dl ul L,2,12,77,9,3,11,3
DR R FS U ul dl L,2,12,77,9,3,13,3
DR R FS ul U dl L,2,12,77,9,3,11,3
DR R U dl FS ul L,2,12,77,9,3,11,3
DR R U dl ul FS L,2,12,77,9,3,9,2
DR R U FS dl ul L,2,12,77,9,3,13,3
DR R U FS ul dl L,2,12,77,9,3,11,3
DR R U ul dl FS L,2,12,77,9,3,13,3
DR R U ul FS dl L,2,12,77,9,3,13,3
DR R ul FS U dl L,2,12,77,9,3,9,3
DR R ul U dl FS L,2,12,77,9,3,11,3
DR R ul U FS dl L,2,12,77,9,3,13,3
DR U FS R dl ul L,2,12,77,9,3,13,3
DR U FS R ul dl L,2,12,77,9,3,13,3
DR U R dl FS ul L,2,12,77,9,3,13,3
DR U R dl ul FS L,2,12,77,9,3,11,3
DR U R FS dl ul L,2,12,77,9,3,15,3
DR U R FS ul dl L,2,12,77,9,3,13,3
DR U R ul dl FS L,2,12,77,9,3,13,3
DR U R ul FS dl L,2,12,77,9,3,13,3
DR U ul R dl FS L,2,12,77,9,3,13,3
DR U ul R FS dl L,2,12,77,9,3,15,3
DR ul R FS U dl L,2,12,77,9,3,11,3
DR ul R U dl FS L,2,12,77,9,3,11,3
DR ul R U FS dl L,2,12,77,9,3,13,3
DR ul U R dl FS L,2,12,77,9,3,13,3
DR ul U R FS dl L,2,12,77,9,3,15,3
FS DR R U dl ul L,2,12,77,9,3,12,3
FS DR R U ul dl L,2,12,77,9,3,14,3
FS DR R ul U dl L,2,12,77,9,3,12,3
FS DR U R dl ul L,2,12,77,9,3,14,3
FS DR U R ul dl L,2,12,77,9,3,14,3
FS R DR U dl ul L,2,12,77,9,3,12,3
FS R DR U ul dl L,2,12,77,9,3,14,3
FS R DR ul U dl L,2,12,77,9,3,12,3
FS R U DR dl ul L,2,12,77,9,3,14,3
FS R U DR ul dl L,2,12,77,9,3,14,3
FS U DR R dl ul L,2,12,77,9,3,12,3
FS U DR R ul dl L,2,12,77,9,3,12,3
FS U R DR dl ul L,2,12,77,9,3,12,3
FS U R DR ul dl L,2,12,77,9,3,12,3
R DR FS U dl ul L,2,12,77,9,3,12,3
R DR FS U ul dl L,2,12,77,9,3,14,3
R DR FS ul U dl L,2,12,77,9,3,12,3
R DR U dl FS ul L,2,12,77,9,3,12,3
R DR U dl ul FS L,2,12,77,9,3,10,3
R DR U FS dl ul L,2,12,77,9,3,14,3
R DR U FS ul dl L,2,12,77,9,3,12,3
R DR U ul dl FS L,2,12,77,9,3,14,3
R DR U ul FS dl L,2,12,77,9,3,14,3
R DR ul FS U dl L,2,12,77,9,3,10,3
R DR ul U dl FS L,2,12,77,9,3,12,3
R DR ul U FS dl L,2,12,77,9,3,14,3
R FS DR U dl ul L,2,12,77,9,3,14,3
R FS DR U ul dl L,2,12,77,9,3,16,3
R FS DR ul U dl L,2,12,77,9,3,14,3
R FS U DR dl ul L,2,12,77,9,3,14,3
R FS U DR ul dl L,2,12,77,9,3,14,3
R U DR dl FS ul L,2,12,77,9,3,14,3
R U DR dl ul FS L,2,12,77,9,3,12,3
R U DR FS dl ul L,2,12,77,9,3,16,3
R U DR FS ul dl L,2,12,77,9,3,14,3
R U DR ul dl FS L,2,12,77,9,3,14,3
R U DR ul FS dl L,2,12,77,9,3,14,3
R U FS DR dl ul L,2,12,77,9,3,14,3
R U FS DR ul dl L,2,12,77,9,3,14,3
R U ul DR dl FS L,2,12,77,9,3,14,3
R U ul DR FS dl L,2,12,77,9,3,16,3
R ul DR FS U dl L,2,12,77,9,3,12,3
R ul DR U dl FS L,2,12,77,9,3,12,3
R ul DR U FS dl L,2,12,77,9,3,14,3
R ul U DR dl FS L,2,12,77,9,3,14,3
R ul U DR FS dl L,2,12,77,9,3,16,3
U DR FS R dl ul L,2,12,77,9,3,14,3
U DR FS R ul dl L,2,12,77,9,3,14,3
U DR R dl FS ul L,2,12,77,9,3,12,3
U DR R dl ul FS L,2,12,77,9,3,10,3
U DR R FS dl ul L,2,12,77,9,3,14,3
U DR R FS ul dl L,2,12,77,9,3,12,3
U DR R ul dl FS L,2,12,77,9,3,12,3
U DR R ul FS dl L,2,12,77,9,3,12,3
U DR ul R dl FS L,2,12,77,9,3,12,3
U DR ul R FS dl L,2,12,77,9,3,14,3
U FS DR R dl ul L,2,12,77,9,3,12,3
U FS DR R ul dl L,2,12,77,9,3,12,3
U FS R DR dl ul L,2,12,77,9,3,12,3
U FS R DR ul dl L,2,12,77,9,3,12,3
U R DR dl FS ul L,2,12,77,9,3,12,3
U R DR dl ul FS L,2,12,77,9,3,10,2
U R DR FS dl ul L,2,12,77,9,3,14,3
U R DR FS ul dl L,2,12,77,9,3,12,3
U R DR ul dl FS L,2,12,77,9,3,12,3
U R DR ul FS dl L,2,12,77,9,3,12,3
U R FS DR dl ul L,2,12,77,9,3,14,3
U R FS DR ul dl L,2,12,77,9,3,14,3
U R ul DR dl FS L,2,12,77,9,3,12,3
U R ul DR FS dl L,2,12,77,9,3,14,3
U ul DR R dl FS L,2,12,77,9,3,12,3
U ul DR R FS dl L,2,12,77,9,3,14,3
U ul R DR dl FS L,2,12,77,9,3,12,3
U ul R DR FS dl L,2,12,77,9,3,14,3
ul DR R FS U dl L,2,12,77,9,3,11,3
ul DR R U dl FS L,2,12,77,9,3,11,3
ul DR R U FS dl L,2,12,77,9,3,13,3
ul DR U R dl FS L,2,12,77,9,3,13,3
ul DR U R FS dl L,2,12,77,9,3,15,3
ul R DR FS U dl L,2,12,77,9,3,11,3
ul R DR U dl FS L,2,12,77,9,3,11,3
ul R DR U FS dl L,2,12,77,9,3,13,3
ul R U DR dl FS L,2,12,77,9,3,13,3
ul R U DR FS dl L,2,12,77,9,3,15,3
ul U DR R dl FS L,2,12,77,9,3,13,3
ul U DR R FS dl L,2,12,77,9,3,15,3
ul U R DR dl FS L,2,12,77,9,3,13,3
ul U R DR FS dl L,2,12,77,9,3,15,3
