order,min_memo,max_memo,sum_memo,memorized,d_moves,pin_changes,max_pin_changes
dl R UL D ur DL FS,2,13,27,6,3,11,3
dl R UL ur D DL FS,2,13,27,6,3,9,3
dl R ur UL D DL FS,2,13,27,6,3,11,3
dl ur R UL D DL FS,2,13,27,6,3,13,3
R dl UL D ur DL FS,2,13,27,6,3,10,3
R dl UL ur D DL FS,2,13,27,6,3,8,2
R dl ur UL D DL FS,2,13,27,6,3,10,3
R ur dl UL D DL FS,2,13,27,6,3,12,3
ur dl R UL D DL FS,2,13,27,6,3,11,3
ur R dl UL D DL FS,2,13,27,6,3,11,3
D FS R DL UL ur dl,2,9,30,7,3,13,3
D FS R DL ur UL dl,2,9,30,7,3,13,3
D FS R ur DL UL dl,2,9,30,7,3,13,3
D FS ur R DL UL dl,2,9,30,7,3,15,3
D R FS DL UL ur dl,2,9,30,7,3,11,2
D R FS DL ur UL dl,2,9,30,7,3,11,2
D R FS ur DL UL dl,2,9,30,7,3,13,3
D R ur FS DL UL dl,2,9,30,7,3,13,3
D ur FS R DL UL dl,2,9,30,7,3,13,3
D ur R FS DL UL dl,2,9,30,7,3,11,3
FS D R DL UL ur dl,2,9,30,7,3,13,3
FS D R DL ur UL dl,2,9,30,7,3,13,3
FS D R ur DL UL dl,2,9,30,7,3,13,3
FS D ur R DL UL dl,2,9,30,7,3,13,3
FS R D DL UL ur dl,2,9,30,7,3,11,2
FS R D DL ur UL dl,2,9,30,7,3,11,2
FS R D ur DL UL dl,2,9,30,7,3,11,2
FS R ur D DL UL dl,2,9,30,7,3,11,3
FS ur D R DL UL dl,2,9,30,7,3,13,3
FS ur R D DL UL dl,2,9,30,7,3,13,3
R D FS DL UL ur dl,2,9,30,7,3,11,2
R D FS DL ur UL dl,2,9,30,7,3,11,2
R D FS ur DL UL dl,2,9,30,7,3,13,3
R D ur FS DL UL dl,2,9,30,7,3,11,3
R FS D DL UL ur dl,2,9,30,7,3,11,2
R FS D DL ur UL dl,2,9,30,7,3,11,2
R FS D ur DL UL dl,2,9,30,7,3,11,2
R FS ur D DL UL dl,2,9,30,7,3,11,3
R ur D FS DL UL dl,2,9,30,7,3,11,3
R ur FS D DL UL dl,2,9,30,7,3,13,3
ur D FS R DL UL dl,2,9,30,7,3,12,3
ur D R FS DL UL dl,2,9,30,7,3,10,2
ur FS D R DL UL dl,2,9,30,7,3,14,3
ur FS R D DL UL dl,2,9,30,7,3,12,3
ur R D FS DL UL dl,2,9,30,7,3,12,3
ur R FS D DL UL dl,2,9,30,7,3,12,3
dl FS R UL DL D ur,2,13,31,5,3,12,3
dl R FS UL DL D ur,2,13,31,5,3,10,3
dl R UL FS DL D ur,2,13,31,5,3,10,3
FS dl R UL DL D ur,2,13,31,5,3,11,3
FS R dl UL DL D ur,2,13,31,5,3,9,2
R dl FS UL DL D ur,2,13,31,5,3,11,3
R dl UL FS DL D ur,2,13,31,5,3,9,3
R FS dl UL DL D ur,2,13,31,5,3,11,3
D dl R UL ur DL FS,2,13,31,7,3,12,3
D dl R ur UL DL FS,2,13,31,7,3,12,3
D dl ur R UL DL FS,2,13,31,7,3,14,3
D R dl UL ur DL FS,2,13,31,7,3,10,2
D R dl ur UL DL FS,2,13,31,7,3,10,2
D R ur dl UL DL FS,2,13,31,7,3,12,3
D ur dl R UL DL FS,2,13,31,7,3,10,3
D ur R dl UL DL FS,2,13,31,7,3,10,3
dl D R UL ur DL FS,2,13,31,7,3,13,3
dl D R ur UL DL FS,2,13,31,7,3,13,3
dl D ur R UL DL FS,2,13,31,7,3,13,3
dl R D UL ur DL FS,2,13,31,7,3,11,3
dl R D ur UL DL FS,2,13,31,7,3,9,2
dl R ur D UL DL FS,2,13,31,7,3,11,3
dl ur D R UL DL FS,2,13,31,7,3,11,3
dl ur R D UL DL FS,2,13,31,7,3,13,3
R D dl UL ur DL FS,2,13,31,7,3,12,3
R D dl ur UL DL FS,2,13,31,7,3,12,3
R D ur dl UL DL FS,2,13,31,7,3,10,2
R dl D UL ur DL FS,2,13,31,7,3,12,3
R dl D ur UL DL FS,2,13,31,7,3,10,3
R dl ur D UL DL FS,2,13,31,7,3,10,3
R ur D dl UL DL FS,2,13,31,7,3,12,3
R ur dl D UL DL FS,2,13,31,7,3,14,3
ur D dl R UL DL FS,2,13,31,7,3,11,3
ur D R dl UL DL FS,2,13,31,7,3,9,2
ur dl D R UL DL FS,2,13,31,7,3,13,3
ur dl R D UL DL FS,2,13,31,7,3,11,3
ur R D dl UL DL FS,2,13,31,7,3,13,3
ur R dl D UL DL FS,2,13,31,7,3,13,3
FS UL DL ur D R dl,2,10,32,5,3,11,3
FS UL ur DL D R dl,2,10,32,5,3,11,3
FS ur UL DL D R dl,2,10,32,5,3,11,3
UL FS DL ur D R dl,2,10,32,5,3,10,3
UL FS ur DL D R dl,2,10,32,5,3,12,3
UL ur FS DL D R dl,2,10,32,5,3,10,3
ur FS UL DL D R dl,2,10,32,5,3,12,3
ur UL FS DL D R dl,2,10,32,5,3,10,3
dl FS R UL D DL ur,2,13,33,6,3,14,3
dl R FS UL D DL ur,2,13,33,6,3,12,3
dl R UL D FS DL ur,2,13,33,6,3,12,3
dl R UL FS D DL ur,2,13,33,6,3,12,3
FS dl R UL D DL ur,2,13,33,6,3,13,3
FS R dl UL D DL ur,2,13,33,6,3,11,3
R dl FS UL D DL ur,2,13,33,6,3,13,3
R dl UL D FS DL ur,2,13,33,6,3,11,3
R dl UL FS D DL ur,2,13,33,6,3,11,3
R FS dl UL D DL ur,2,13,33,6,3,13,3
FS R UL DL D ur dl,2,10,34,6,3,11,3
FS R UL DL ur D dl,2,10,34,6,3,13,3
FS R UL ur DL D dl,2,10,34,6,3,13,3
FS R ur UL DL D dl,2,10,34,6,3,13,3
FS UL D DL R ur dl,2,10,34,6,3,15,3
FS UL D DL ur R dl,2,10,34,6,3,13,3
FS UL D ur DL R dl,2,10,34,6,3,13,3
FS UL DL D R ur dl,2,10,34,6,3,13,3
FS UL DL D ur R dl,2,10,34,6,3,11,3
FS UL DL R D ur dl,2,10,34,6,3,13,3
FS UL DL R ur D dl,2,10,34,6,3,15,3
FS UL DL ur R D dl,2,10,34,6,3,15,3
FS UL R DL D ur dl,2,10,34,6,3,13,3
FS UL R DL ur D dl,2,10,34,6,3,15,3
FS UL R ur DL D dl,2,10,34,6,3,15,3
FS UL ur D DL R dl,2,10,34,6,3,11,3
FS UL ur DL R D dl,2,10,34,6,3,15,3
FS UL ur R DL D dl,2,10,34,6,3,15,3
FS ur R UL DL D dl,2,10,34,6,3,15,3
FS ur UL D DL R dl,2,10,34,6,3,13,3
FS ur UL DL R D dl,2,10,34,6,3,15,3
FS ur UL R DL D dl,2,10,34,6,3,15,3
R FS UL DL D ur dl,2,10,34,6,3,11,3
R FS UL DL ur D dl,2,10,34,6,3,13,3
R FS UL ur DL D dl,2,10,34,6,3,13,3
R FS ur UL DL D dl,2,10,34,6,3,13,3
R UL FS DL D ur dl,2,10,34,6,3,11,3
R UL FS DL ur D dl,2,10,34,6,3,13,3
R UL FS ur DL D dl,2,10,34,6,3,15,3
R UL ur FS DL D dl,2,10,34,6,3,13,3
R ur FS UL DL D dl,2,10,34,6,3,15,3
R ur UL FS DL D dl,2,10,34,6,3,13,3
UL D FS DL R ur dl,2,10,34,6,3,14,3
UL D FS DL ur R dl,2,10,34,6,3,12,3
UL D FS ur DL R dl,2,10,34,6,3,14,3
UL D ur DL FS R dl,2,10,34,6,3,10,3
UL D ur FS DL R dl,2,10,34,6,3,12,3
UL FS D DL R ur dl,2,10,34,6,3,14,3
UL FS D DL ur R dl,2,10,34,6,3,12,3
UL FS D ur DL R dl,2,10,34,6,3,12,3
UL FS DL D R ur dl,2,10,34,6,3,12,3
UL FS DL D ur R dl,2,10,34,6,3,10,3
UL FS DL R D ur dl,2,10,34,6,3,12,3
UL FS DL R ur D dl,2,10,34,6,3,14,3
UL FS DL ur R D dl,2,10,34,6,3,14,3
UL FS R DL D ur dl,2,10,34,6,3,12,3
UL FS R DL ur D dl,2,10,34,6,3,14,3
UL FS R ur DL D dl,2,10,34,6,3,14,3
UL FS ur D DL R dl,2,10,34,6,3,12,3
UL FS ur DL R D dl,2,10,34,6,3,16,3
UL FS ur R DL D dl,2,10,34,6,3,16,3
UL R FS DL D ur dl,2,10,34,6,3,10,3
UL R FS DL ur D dl,2,10,34,6,3,12,3
UL R FS ur DL D dl,2,10,34,6,3,14,3
UL R ur FS DL D dl,2,10,34,6,3,14,3
UL ur D DL FS R dl,2,10,34,6,3,8,2
UL ur D FS DL R dl,2,10,34,6,3,10,3
UL ur FS D DL R dl,2,10,34,6,3,12,3
UL ur FS DL R D dl,2,10,34,6,3,14,3
UL ur FS R DL D dl,2,10,34,6,3,14,3
UL ur R FS DL D dl,2,10,34,6,3,12,3
ur FS R UL DL D dl,2,10,34,6,3,14,3
ur FS UL D DL R dl,2,10,34,6,3,14,3
ur FS UL DL R D dl,2,10,34,6,3,16,3
ur FS UL R DL D dl,2,10,34,6,3,16,3
ur R FS UL DL D dl,2,10,34,6,3,14,3
ur R UL FS DL D dl,2,10,34,6,3,14,3
ur UL D DL FS R dl,2,10,34,6,3,10,3
ur UL D FS DL R dl,2,10,34,6,3,12,3
ur UL FS D DL R dl,2,10,34,6,3,12,3
ur UL FS DL R D dl,2,10,34,6,3,14,3
ur UL FS R DL D dl,2,10,34,6,3,14,3
ur UL R FS DL D dl,2,10,34,6,3,12,3
dl UL D R ur DL FS,2,13,35,6,3,13,3
dl UL D ur DL R FS,2,13,35,6,3,13,3
dl UL D ur R DL FS,2,13,35,6,3,13,3
dl UL R D ur DL FS,2,13,35,6,3,11,3
dl UL R ur D DL FS,2,13,35,6,3,11,3
dl UL ur D DL R FS,2,13,35,6,3,11,3
dl UL ur D R DL FS,2,13,35,6,3,11,3
dl UL ur R D DL FS,2,13,35,6,3,11,3
dl ur UL D DL R FS,2,13,35,6,3,13,3
dl ur UL D R DL FS,2,13,35,6,3,13,3
dl ur UL R D DL FS,2,13,35,6,3,11,3
UL D dl R ur DL FS,2,13,35,6,3,13,3
UL D dl ur DL R FS,2,13,35,6,3,15,3
UL D dl ur R DL FS,2,13,35,6,3,15,3
UL D ur dl DL R FS,2,13,35,6,3,15,4
UL D ur DL dl R FS,2,13,35,6,3,13,4
UL D ur dl R DL FS,2,13,35,6,3,11,3
UL dl D R ur DL FS,2,13,35,6,3,13,3
UL dl D ur DL R FS,2,13,35,6,3,13,3
UL dl D ur R DL FS,2,13,35,6,3,13,3
UL dl R D ur DL FS,2,13,35,6,3,9,2
UL dl R ur D DL FS,2,13,35,6,3,9,3
UL dl ur D DL R FS,2,13,35,6,3,11,3
UL dl ur D R DL FS,2,13,35,6,3,11,3
UL dl ur R D DL FS,2,13,35,6,3,11,3
UL ur D dl DL R FS,2,13,35,6,3,15,4
UL ur D DL dl R FS,2,13,35,6,3,11,4
UL ur D dl R DL FS,2,13,35,6,3,11,3
UL ur dl D DL R FS,2,13,35,6,3,13,3
UL ur dl D R DL FS,2,13,35,6,3,13,3
UL ur dl R D DL FS,2,13,35,6,3,9,2
ur dl UL D DL R FS,2,13,35,6,3,13,3
ur dl UL D R DL FS,2,13,35,6,3,13,3
ur dl UL R D DL FS,2,13,35,6,3,11,3
ur UL D dl DL R FS,2,13,35,6,3,17,4
ur UL D DL dl R FS,2,13,35,6,3,13,4
ur UL D dl R DL FS,2,13,35,6,3,13,3
ur UL dl D DL R FS,2,13,35,6,3,13,3
ur UL dl D R DL FS,2,13,35,6,3,13,3
ur UL dl R D DL FS,2,13,35,6,3,9,2
DL FS UL ur D R dl,2,14,36,5,3,10,3
DL FS ur UL D R dl,2,14,36,5,3,12,3
DL ur FS UL D R dl,2,14,36,5,3,14,3
FS DL UL ur D R dl,2,14,36,5,3,9,2
FS DL ur UL D R dl,2,14,36,5,3,11,3
FS ur DL UL D R dl,2,14,36,5,3,13,3
ur DL FS UL D R dl,2,14,36,5,3,12,3
ur FS DL UL D R dl,2,14,36,5,3,12,3
FS R UL D DL ur dl,2,10,36,7,3,13,3
FS R UL D ur DL dl,2,10,36,7,3,15,4
FS R UL ur D DL dl,2,10,36,7,3,13,4
FS R ur UL D DL dl,2,10,36,7,3,15,4
FS UL D R DL ur dl,2,10,36,7,3,15,3
FS UL D R ur DL dl,2,10,36,7,3,17,4
FS UL D ur R DL dl,2,10,36,7,3,17,4
FS UL R D DL ur dl,2,10,36,7,3,13,3
FS UL R D ur DL dl,2,10,36,7,3,15,4
FS UL R ur D DL dl,2,10,36,7,3,15,4
FS UL ur D R DL dl,2,10,36,7,3,15,4
FS UL ur R D DL dl,2,10,36,7,3,15,4
FS ur R UL D DL dl,2,10,36,7,3,17,4
FS ur UL D R DL dl,2,10,36,7,3,17,4
FS ur UL R D DL dl,2,10,36,7,3,15,4
R FS UL D DL ur dl,2,10,36,7,3,13,3
R FS UL D ur DL dl,2,10,36,7,3,15,4
R FS UL ur D DL dl,2,10,36,7,3,13,4
R FS ur UL D DL dl,2,10,36,7,3,15,4
R UL D FS DL ur dl,2,10,36,7,3,13,3
R UL D FS ur DL dl,2,10,36,7,3,17,4
R UL D ur DL FS dl,2,10,36,7,3,13,3
R UL D ur FS DL dl,2,10,36,7,3,15,4
R UL FS D DL ur dl,2,10,36,7,3,13,3
R UL FS D ur DL dl,2,10,36,7,3,15,4
R UL FS ur D DL dl,2,10,36,7,3,15,4
R UL ur D DL FS dl,2,10,36,7,3,11,3
R UL ur D FS DL dl,2,10,36,7,3,13,4
R UL ur FS D DL dl,2,10,36,7,3,15,4
R ur FS UL D DL dl,2,10,36,7,3,17,4
R ur UL D DL FS dl,2,10,36,7,3,13,3
R ur UL D FS DL dl,2,10,36,7,3,15,4
R ur UL FS D DL dl,2,10,36,7,3,15,4
UL D FS R DL ur dl,2,10,36,7,3,14,3
UL D FS R ur DL dl,2,10,36,7,3,16,4
UL D FS ur R DL dl,2,10,36,7,3,18,4
UL D R FS DL ur dl,2,10,36,7,3,12,3
UL D R FS ur DL dl,2,10,36,7,3,16,4
UL D R ur DL FS dl,2,10,36,7,3,14,3
UL D R ur FS DL dl,2,10,36,7,3,16,4
UL D ur DL R FS dl,2,10,36,7,3,14,3
UL D ur FS R DL dl,2,10,36,7,3,16,4
UL D ur R DL FS dl,2,10,36,7,3,14,3
UL D ur R FS DL dl,2,10,36,7,3,14,4
UL FS D R DL ur dl,2,10,36,7,3,14,3
UL FS D R ur DL dl,2,10,36,7,3,16,4
UL FS D ur R DL dl,2,10,36,7,3,16,4
UL FS R D DL ur dl,2,10,36,7,3,12,3
UL FS R D ur DL dl,2,10,36,7,3,14,4
UL FS R ur D DL dl,2,10,36,7,3,14,4
UL FS ur D R DL dl,2,10,36,7,3,16,4
UL FS ur R D DL dl,2,10,36,7,3,16,4
UL R D FS DL ur dl,2,10,36,7,3,12,3
UL R D FS ur DL dl,2,10,36,7,3,16,4
UL R D ur DL FS dl,2,10,36,7,3,12,3
UL R D ur FS DL dl,2,10,36,7,3,14,4
UL R FS D DL ur dl,2,10,36,7,3,12,3
UL R FS D ur DL dl,2,10,36,7,3,14,4
UL R FS ur D DL dl,2,10,36,7,3,14,4
UL R ur D DL FS dl,2,10,36,7,3,12,3
UL R ur D FS DL dl,2,10,36,7,3,14,4
UL R ur FS D DL dl,2,10,36,7,3,16,4
UL ur D DL R FS dl,2,10,36,7,3,12,3
UL ur D FS R DL dl,2,10,36,7,3,14,4
UL ur D R DL FS dl,2,10,36,7,3,12,3
UL ur D R FS DL dl,2,10,36,7,3,12,4
UL ur FS D R DL dl,2,10,36,7,3,16,4
UL ur FS R D DL dl,2,10,36,7,3,14,4
UL ur R D DL FS dl,2,10,36,7,3,12,3
UL ur R D FS DL dl,2,10,36,7,3,14,4
UL ur R FS D DL dl,2,10,36,7,3,14,4
ur FS R UL D DL dl,2,10,36,7,3,16,4
ur FS UL D R DL dl,2,10,36,7,3,18,4
ur FS UL R D DL dl,2,10,36,7,3,16,4
ur R FS UL D DL dl,2,10,36,7,3,16,4
ur R UL D DL FS dl,2,10,36,7,3,14,3
ur R UL D FS DL dl,2,10,36,7,3,16,4
ur R UL FS D DL dl,2,10,36,7,3,16,4
ur UL D DL R FS dl,2,10,36,7,3,14,3
ur UL D FS R DL dl,2,10,36,7,3,16,4
ur UL D R DL FS dl,2,10,36,7,3,14,3
ur UL D R FS DL dl,2,10,36,7,3,14,4
ur UL FS D R DL dl,2,10,36,7,3,16,4
ur UL FS R D DL dl,2,10,36,7,3,14,4
ur UL R D DL FS dl,2,10,36,7,3,12,3
ur UL R D FS DL dl,2,10,36,7,3,14,4
ur UL R FS D DL dl,2,10,36,7,3,14,4
D dl FS R DL UL ur,2,13,37,7,3,15,3
D dl FS R UL DL ur,2,13,37,7,3,15,3
D dl R FS DL UL ur,2,13,37,7,3,11,3
D dl R FS UL DL ur,2,13,37,7,3,13,3
D dl R UL FS DL ur,2,13,37,7,3,13,3
D FS dl R DL UL ur,2,13,37,7,3,13,3
D FS dl R UL DL ur,2,13,37,7,3,13,3
D FS R dl DL UL ur,2,13,37,7,3,13,4
D FS R DL dl UL ur,2,13,37,7,3,15,4
D FS R dl UL DL ur,2,13,37,7,3,11,2
D FS R DL UL dl ur,2,13,37,7,3,13,3
D R dl FS DL UL ur,2,13,37,7,3,11,3
D R dl FS UL DL ur,2,13,37,7,3,13,3
D R dl UL FS DL ur,2,13,37,7,3,11,3
D R FS dl DL UL ur,2,13,37,7,3,15,4
D R FS DL dl UL ur,2,13,37,7,3,13,4
D R FS dl UL DL ur,2,13,37,7,3,13,3
D R FS DL UL dl ur,2,13,37,7,3,11,2
dl D FS R DL UL ur,2,13,37,7,3,14,3
dl D FS R UL DL ur,2,13,37,7,3,14,3
dl D R FS DL UL ur,2,13,37,7,3,12,3
dl D R FS UL DL ur,2,13,37,7,3,14,3
dl D R UL FS DL ur,2,13,37,7,3,14,3
dl FS D R DL UL ur,2,13,37,7,3,14,3
dl FS D R UL DL ur,2,13,37,7,3,14,3
dl FS R D DL UL ur,2,13,37,7,3,12,3
dl FS R D UL DL ur,2,13,37,7,3,14,3
dl R D FS DL UL ur,2,13,37,7,3,10,2
dl R D FS UL DL ur,2,13,37,7,3,12,3
dl R D UL FS DL ur,2,13,37,7,3,12,3
dl R FS D DL UL ur,2,13,37,7,3,10,2
dl R FS D UL DL ur,2,13,37,7,3,12,3
FS D dl R DL UL ur,2,13,37,7,3,13,3
FS D dl R UL DL ur,2,13,37,7,3,13,3
FS D R dl DL UL ur,2,13,37,7,3,13,4
FS D R DL dl UL ur,2,13,37,7,3,15,4
FS D R dl UL DL ur,2,13,37,7,3,11,2
FS D R DL UL dl ur,2,13,37,7,3,13,3
FS dl D R DL UL ur,2,13,37,7,3,15,3
FS dl D R UL DL ur,2,13,37,7,3,15,3
FS dl R D DL UL ur,2,13,37,7,3,11,3
FS dl R D UL DL ur,2,13,37,7,3,13,3
FS R D dl DL UL ur,2,13,37,7,3,15,4
FS R D DL dl UL ur,2,13,37,7,3,13,4
FS R D dl UL DL ur,2,13,37,7,3,13,3
FS R D DL UL dl ur,2,13,37,7,3,11,2
FS R dl D DL UL ur,2,13,37,7,3,11,3
FS R dl D UL DL ur,2,13,37,7,3,13,3
R D dl FS DL UL ur,2,13,37,7,3,13,3
R D dl FS UL DL ur,2,13,37,7,3,15,3
R D dl UL FS DL ur,2,13,37,7,3,13,3
R D FS dl DL UL ur,2,13,37,7,3,15,4
R D FS DL dl UL ur,2,13,37,7,3,13,4
R D FS dl UL DL ur,2,13,37,7,3,13,3
R D FS DL UL dl ur,2,13,37,7,3,11,2
R dl D FS DL UL ur,2,13,37,7,3,11,3
R dl D FS UL DL ur,2,13,37,7,3,13,3
R dl D UL FS DL ur,2,13,37,7,3,13,3
R dl FS D DL UL ur,2,13,37,7,3,11,3
R dl FS D UL DL ur,2,13,37,7,3,13,3
R FS D dl DL UL ur,2,13,37,7,3,15,4
R FS D DL dl UL ur,2,13,37,7,3,13,4
R FS D dl UL DL ur,2,13,37,7,3,13,3
R FS D DL UL dl ur,2,13,37,7,3,11,2
R FS dl D DL UL ur,2,13,37,7,3,13,3
R FS dl D UL DL ur,2,13,37,7,3,15,3
R UL D dl ur DL FS,2,13,37,7,3,14,3
R UL D ur dl DL FS,2,13,37,7,3,14,4
R UL D ur DL dl FS,2,13,37,7,3,16,4
R UL dl D ur DL FS,2,13,37,7,3,12,3
R UL dl ur D DL FS,2,13,37,7,3,10,3
R UL ur D dl DL FS,2,13,37,7,3,14,4
R UL ur D DL dl FS,2,13,37,7,3,14,4
R UL ur dl D DL FS,2,13,37,7,3,12,3
R ur UL D dl DL FS,2,13,37,7,3,16,4
R ur UL D DL dl FS,2,13,37,7,3,16,4
R ur UL dl D DL FS,2,13,37,7,3,12,3
UL D R dl ur DL FS,2,13,37,7,3,11,3
UL D R ur dl DL FS,2,13,37,7,3,15,4
UL D R ur DL dl FS,2,13,37,7,3,17,4
UL D ur DL R dl FS,2,13,37,7,3,13,3
UL D ur R dl DL FS,2,13,37,7,3,13,4
UL D ur R DL dl FS,2,13,37,7,3,17,4
UL R D dl ur DL FS,2,13,37,7,3,13,3
UL R D ur dl DL FS,2,13,37,7,3,13,4
UL R D ur DL dl FS,2,13,37,7,3,15,4
UL R dl D ur DL FS,2,13,37,7,3,11,3
UL R dl ur D DL FS,2,13,37,7,3,9,3
UL R ur D dl DL FS,2,13,37,7,3,15,4
UL R ur D DL dl FS,2,13,37,7,3,15,4
UL R ur dl D DL FS,2,13,37,7,3,13,3
UL ur D DL R dl FS,2,13,37,7,3,11,3
UL ur D R dl DL FS,2,13,37,7,3,11,4
UL ur D R DL dl FS,2,13,37,7,3,15,4
UL ur R D dl DL FS,2,13,37,7,3,15,4
UL ur R D DL dl FS,2,13,37,7,3,15,4
UL ur R dl D DL FS,2,13,37,7,3,11,3
ur R UL D dl DL FS,2,13,37,7,3,17,4
ur R UL D DL dl FS,2,13,37,7,3,17,4
ur R UL dl D DL FS,2,13,37,7,3,13,3
ur UL D DL R dl FS,2,13,37,7,3,13,3
ur UL D R dl DL FS,2,13,37,7,3,13,4
ur UL D R DL dl FS,2,13,37,7,3,17,4
ur UL R D dl DL FS,2,13,37,7,3,15,4
ur UL R D DL dl FS,2,13,37,7,3,15,4
ur UL R dl D DL FS,2,13,37,7,3,11,3
DL D FS R UL ur dl,2,14,38,6,3,12,3
DL D FS R ur UL dl,2,14,38,6,3,12,3
DL D FS UL R ur dl,2,14,38,6,3,14,3
DL D FS UL ur R dl,2,14,38,6,3,12,3
DL D FS ur R UL dl,2,14,38,6,3,14,3
DL D FS ur UL R dl,2,14,38,6,3,12,3
DL D ur FS R UL dl,2,14,38,6,3,12,3
DL D ur FS UL R dl,2,14,38,6,3,12,3
DL D ur UL FS R dl,2,14,38,6,3,10,3
DL FS D R UL ur dl,2,14,38,6,3,12,3
DL FS D R ur UL dl,2,14,38,6,3,12,3
DL FS D UL R ur dl,2,14,38,6,3,14,3
DL FS D UL ur R dl,2,14,38,6,3,12,3
DL FS D ur R UL dl,2,14,38,6,3,12,3
DL FS D ur UL R dl,2,14,38,6,3,10,3
DL FS R D UL ur dl,2,14,38,6,3,12,3
DL FS R D ur UL dl,2,14,38,6,3,10,2
DL FS R UL D ur dl,2,14,38,6,3,12,3
DL FS R UL ur D dl,2,14,38,6,3,12,3
DL FS R ur D UL dl,2,14,38,6,3,12,3
DL FS R ur UL D dl,2,14,38,6,3,14,3
DL FS UL D R ur dl,2,14,38,6,3,14,3
DL FS UL D ur R dl,2,14,38,6,3,12,3
DL FS UL R D ur dl,2,14,38,6,3,12,3
DL FS UL R ur D dl,2,14,38,6,3,14,3
DL FS UL ur R D dl,2,14,38,6,3,14,3
DL FS ur D R UL dl,2,14,38,6,3,12,3
DL FS ur D UL R dl,2,14,38,6,3,12,3
DL FS ur R D UL dl,2,14,38,6,3,14,3
DL FS ur R UL D dl,2,14,38,6,3,16,3
DL FS ur UL R D dl,2,14,38,6,3,14,3
DL R FS D UL ur dl,2,14,38,6,3,14,3
DL R FS D ur UL dl,2,14,38,6,3,12,3
DL R FS UL D ur dl,2,14,38,6,3,14,3
DL R FS UL ur D dl,2,14,38,6,3,14,3
DL R FS ur D UL dl,2,14,38,6,3,14,3
DL R FS ur UL D dl,2,14,38,6,3,16,3
DL R ur FS D UL dl,2,14,38,6,3,16,3
DL R ur FS UL D dl,2,14,38,6,3,18,3
DL ur D FS R UL dl,2,14,38,6,3,12,3
DL ur D FS UL R dl,2,14,38,6,3,12,3
DL ur D UL FS R dl,2,14,38,6,3,12,3
DL ur FS D R UL dl,2,14,38,6,3,14,3
DL ur FS D UL R dl,2,14,38,6,3,14,3
DL ur FS R D UL dl,2,14,38,6,3,14,3
DL ur FS R UL D dl,2,14,38,6,3,16,3
DL ur FS UL R D dl,2,14,38,6,3,16,3
DL ur R FS D UL dl,2,14,38,6,3,14,3
DL ur R FS UL D dl,2,14,38,6,3,16,3
FS DL D R UL ur dl,2,14,38,6,3,11,3
FS DL D R ur UL dl,2,14,38,6,3,11,3
FS DL D UL R ur dl,2,14,38,6,3,13,3
FS DL D UL ur R dl,2,14,38,6,3,11,3
FS DL D ur R UL dl,2,14,38,6,3,11,3
FS DL D ur UL R dl,2,14,38,6,3,9,3
FS DL R D UL ur dl,2,14,38,6,3,13,3
FS DL R D ur UL dl,2,14,38,6,3,11,3
FS DL R UL D ur dl,2,14,38,6,3,13,3
FS DL R UL ur D dl,2,14,38,6,3,13,3
FS DL R ur D UL dl,2,14,38,6,3,13,3
FS DL R ur UL D dl,2,14,38,6,3,15,3
FS DL UL D R ur dl,2,14,38,6,3,13,3
FS DL UL D ur R dl,2,14,38,6,3,11,3
FS DL UL R D ur dl,2,14,38,6,3,11,3
FS DL UL R ur D dl,2,14,38,6,3,13,3
FS DL UL ur R D dl,2,14,38,6,3,13,3
FS DL ur D R UL dl,2,14,38,6,3,11,3
FS DL ur D UL R dl,2,14,38,6,3,11,3
FS DL ur R D UL dl,2,14,38,6,3,13,3
FS DL ur R UL D dl,2,14,38,6,3,15,3
FS DL ur UL R D dl,2,14,38,6,3,13,3
FS R DL D UL ur dl,2,14,38,6,3,13,3
FS R DL D ur UL dl,2,14,38,6,3,11,3
FS R DL UL D ur dl,2,14,38,6,3,13,3
FS R DL UL ur D dl,2,14,38,6,3,13,3
FS R DL ur D UL dl,2,14,38,6,3,13,3
FS R DL ur UL D dl,2,14,38,6,3,15,3
FS R ur DL D UL dl,2,14,38,6,3,13,3
FS R ur DL UL D dl,2,14,38,6,3,15,3
FS ur DL D R UL dl,2,14,38,6,3,13,3
FS ur DL D UL R dl,2,14,38,6,3,13,3
FS ur DL R D UL dl,2,14,38,6,3,15,3
FS ur DL R UL D dl,2,14,38,6,3,17,3
FS ur DL UL R D dl,2,14,38,6,3,15,3
FS ur R DL D UL dl,2,14,38,6,3,15,3
FS ur R DL UL D dl,2,14,38,6,3,17,3
R DL FS D UL ur dl,2,14,38,6,3,13,3
R DL FS D ur UL dl,2,14,38,6,3,11,3
R DL FS UL D ur dl,2,14,38,6,3,13,3
R DL FS UL ur D dl,2,14,38,6,3,13,3
R DL FS ur D UL dl,2,14,38,6,3,13,3
R DL FS ur UL D dl,2,14,38,6,3,15,3
R DL ur FS D UL dl,2,14,38,6,3,15,3
R DL ur FS UL D dl,2,14,38,6,3,17,3
R FS DL D UL ur dl,2,14,38,6,3,11,3
R FS DL D ur UL dl,2,14,38,6,3,9,2
R FS DL UL D ur dl,2,14,38,6,3,11,3
R FS DL UL ur D dl,2,14,38,6,3,11,3
R FS DL ur D UL dl,2,14,38,6,3,11,3
R FS DL ur UL D dl,2,14,38,6,3,13,3
R FS ur DL D UL dl,2,14,38,6,3,13,3
R FS ur DL UL D dl,2,14,38,6,3,15,3
R ur DL FS D UL dl,2,14,38,6,3,13,3
R ur DL FS UL D dl,2,14,38,6,3,15,3
R ur FS DL D UL dl,2,14,38,6,3,13,3
R ur FS DL UL D dl,2,14,38,6,3,15,3
ur DL D FS R UL dl,2,14,38,6,3,12,3
ur DL D FS UL R dl,2,14,38,6,3,12,3
ur DL D UL FS R dl,2,14,38,6,3,12,3
ur DL FS D R UL dl,2,14,38,6,3,12,3
ur DL FS D UL R dl,2,14,38,6,3,12,3
ur DL FS R D UL dl,2,14,38,6,3,12,3
ur DL FS R UL D dl,2,14,38,6,3,14,3
ur DL FS UL R D dl,2,14,38,6,3,14,3
ur DL R FS D UL dl,2,14,38,6,3,14,3
ur DL R FS UL D dl,2,14,38,6,3,16,3
ur FS DL D R UL dl,2,14,38,6,3,12,3
ur FS DL D UL R dl,2,14,38,6,3,12,3
ur FS DL R D UL dl,2,14,38,6,3,14,3
ur FS DL R UL D dl,2,14,38,6,3,16,3
ur FS DL UL R D dl,2,14,38,6,3,14,3
ur FS R DL D UL dl,2,14,38,6,3,14,3
ur FS R DL UL D dl,2,14,38,6,3,16,3
ur R DL FS D UL dl,2,14,38,6,3,14,3
ur R DL FS UL D dl,2,14,38,6,3,16,3
ur R FS DL D UL dl,2,14,38,6,3,12,3
ur R FS DL UL D dl,2,14,38,6,3,14,3
D FS UL DL R ur dl,2,10,38,7,3,15,3
D FS UL DL ur R dl,2,10,38,7,3,13,3
D FS UL ur DL R dl,2,10,38,7,3,13,3
D FS ur UL DL R dl,2,10,38,7,3,13,3
D UL FS DL R ur dl,2,10,38,7,3,15,3
D UL FS DL ur R dl,2,10,38,7,3,13,3
D UL FS ur DL R dl,2,10,38,7,3,15,3
D UL ur DL FS R dl,2,10,38,7,3,11,3
D UL ur FS DL R dl,2,10,38,7,3,13,3
D ur FS UL DL R dl,2,10,38,7,3,13,3
D ur UL DL FS R dl,2,10,38,7,3,9,2
D ur UL FS DL R dl,2,10,38,7,3,11,3
FS D UL DL R ur dl,2,10,38,7,3,15,3
FS D UL DL ur R dl,2,10,38,7,3,13,3
FS D UL ur DL R dl,2,10,38,7,3,13,3
FS D ur UL DL R dl,2,10,38,7,3,11,3
FS ur D UL DL R dl,2,10,38,7,3,13,3
ur D FS UL DL R dl,2,10,38,7,3,12,3
ur D UL DL FS R dl,2,10,38,7,3,10,3
ur D UL FS DL R dl,2,10,38,7,3,12,3
ur FS D UL DL R dl,2,10,38,7,3,14,3
dl FS UL DL R D ur,2,13,39,5,3,14,3
dl FS UL R DL D ur,2,13,39,5,3,14,3
dl UL FS DL R D ur,2,13,39,5,3,12,3
dl UL FS R DL D ur,2,13,39,5,3,12,3
dl UL R FS DL D ur,2,13,39,5,3,10,3
FS dl UL DL R D ur,2,13,39,5,3,13,3
FS dl UL R DL D ur,2,13,39,5,3,13,3
FS UL dl DL R D ur,2,13,39,5,3,15,4
FS UL DL dl R D ur,2,13,39,5,3,13,4
FS UL dl R DL D ur,2,13,39,5,3,11,3
UL dl FS DL R D ur,2,13,39,5,3,12,3
UL dl FS R DL D ur,2,13,39,5,3,12,3
UL dl R FS DL D ur,2,13,39,5,3,8,2
UL FS dl DL R D ur,2,13,39,5,3,16,4
UL FS DL dl R D ur,2,13,39,5,3,12,4
UL FS dl R DL D ur,2,13,39,5,3,12,3
DL D dl ur UL R FS,2,14,39,6,3,13,3
DL D ur dl UL R FS,2,14,39,6,3,11,3
DL D ur UL dl R FS,2,14,39,6,3,9,2
dl DL D ur UL R FS,2,14,39,6,3,13,4
DL dl D ur UL R FS,2,14,39,6,3,15,4
dl DL R UL ur D FS,2,14,39,6,3,15,4
DL dl R UL ur D FS,2,14,39,6,3,13,4
dl DL R ur UL D FS,2,14,39,6,3,17,4
DL dl R ur UL D FS,2,14,39,6,3,15,4
dl DL ur D UL R FS,2,14,39,6,3,15,4
DL dl ur D UL R FS,2,14,39,6,3,15,4
dl DL ur R UL D FS,2,14,39,6,3,17,4
DL dl ur R UL D FS,2,14,39,6,3,17,4
dl R DL UL ur D FS,2,14,39,6,3,11,3
DL R dl UL ur D FS,2,14,39,6,3,11,3
dl R DL ur UL D FS,2,14,39,6,3,13,3
DL R dl ur UL D FS,2,14,39,6,3,13,3
dl R UL DL ur D FS,2,14,39,6,3,11,3
dl R UL ur DL D FS,2,14,39,6,3,11,3
dl R ur DL UL D FS,2,14,39,6,3,13,3
DL R ur dl UL D FS,2,14,39,6,3,15,3
dl R ur UL DL D FS,2,14,39,6,3,11,3
DL ur D dl UL R FS,2,14,39,6,3,13,3
DL ur D UL dl R FS,2,14,39,6,3,11,3
dl ur DL D UL R FS,2,14,39,6,3,13,3
DL ur dl D UL R FS,2,14,39,6,3,15,3
dl ur DL R UL D FS,2,14,39,6,3,15,3
DL ur dl R UL D FS,2,14,39,6,3,13,3
dl ur R DL UL D FS,2,14,39,6,3,15,3
DL ur R dl UL D FS,2,14,39,6,3,13,3
dl ur R UL DL D FS,2,14,39,6,3,13,3
R dl DL UL ur D FS,2,14,39,6,3,12,4
R DL dl UL ur D FS,2,14,39,6,3,14,4
R dl DL ur UL D FS,2,14,39,6,3,14,4
R DL dl ur UL D FS,2,14,39,6,3,16,4
R dl UL DL ur D FS,2,14,39,6,3,10,2
R dl UL ur DL D FS,2,14,39,6,3,10,2
R dl ur DL UL D FS,2,14,39,6,3,12,3
R DL ur dl UL D FS,2,14,39,6,3,14,3
R dl ur UL DL D FS,2,14,39,6,3,10,2
R ur dl DL UL D FS,2,14,39,6,3,16,4
R ur DL dl UL D FS,2,14,39,6,3,16,4
R ur dl UL DL D FS,2,14,39,6,3,12,3
ur DL D dl UL R FS,2,14,39,6,3,13,3
ur DL D UL dl R FS,2,14,39,6,3,11,3
ur dl DL D UL R FS,2,14,39,6,3,15,4
ur DL dl D UL R FS,2,14,39,6,3,17,4
ur dl DL R UL D FS,2,14,39,6,3,17,4
ur DL dl R UL D FS,2,14,39,6,3,15,4
ur dl R DL UL D FS,2,14,39,6,3,13,3
ur DL R dl UL D FS,2,14,39,6,3,13,3
ur dl R UL DL D FS,2,14,39,6,3,11,3
ur R dl DL UL D FS,2,14,39,6,3,15,4
ur R DL dl UL D FS,2,14,39,6,3,17,4
ur R dl UL DL D FS,2,14,39,6,3,11,3
D dl UL R ur DL FS,2,13,39,7,3,14,3
D dl UL ur DL R FS,2,13,39,7,3,14,3
D dl UL ur R DL FS,2,13,39,7,3,14,3
D dl ur UL DL R FS,2,13,39,7,3,14,3
D dl ur UL R DL FS,2,13,39,7,3,14,3
D UL dl R ur DL FS,2,13,39,7,3,12,3
D UL dl ur DL R FS,2,13,39,7,3,14,3
D UL dl ur R DL FS,2,13,39,7,3,14,3
D UL ur dl DL R FS,2,13,39,7,3,16,4
D UL ur DL dl R FS,2,13,39,7,3,14,4
D UL ur dl R DL FS,2,13,39,7,3,12,3
D ur dl UL DL R FS,2,13,39,7,3,12,3
D ur dl UL R DL FS,2,13,39,7,3,12,3
D ur UL dl DL R FS,2,13,39,7,3,14,4
D ur UL DL dl R FS,2,13,39,7,3,12,4
D ur UL dl R DL FS,2,13,39,7,3,10,3
dl D UL R ur DL FS,2,13,39,7,3,15,3
dl D UL ur DL R FS,2,13,39,7,3,15,3
dl D UL ur R DL FS,2,13,39,7,3,15,3
dl D ur UL DL R FS,2,13,39,7,3,13,3
dl D ur UL R DL FS,2,13,39,7,3,13,3
dl FS R UL DL ur D,2,13,39,7,3,13,3
dl FS R UL ur DL D,2,13,39,7,3,13,3
dl FS R ur UL DL D,2,13,39,7,3,13,3
dl FS ur R UL DL D,2,13,39,7,3,15,3
dl R FS UL DL ur D,2,13,39,7,3,11,3
dl R FS UL ur DL D,2,13,39,7,3,11,3
dl R FS ur UL DL D,2,13,39,7,3,11,3
dl R UL FS DL ur D,2,13,39,7,3,11,3
dl R UL FS ur DL D,2,13,39,7,3,13,3
dl R UL ur FS DL D,2,13,39,7,3,11,3
dl R ur FS UL DL D,2,13,39,7,3,13,3
dl R ur UL FS DL D,2,13,39,7,3,11,3
dl ur D UL DL R FS,2,13,39,7,3,13,3
dl ur D UL R DL FS,2,13,39,7,3,13,3
dl ur FS R UL DL D,2,13,39,7,3,13,3
dl ur R FS UL DL D,2,13,39,7,3,13,3
dl ur R UL FS DL D,2,13,39,7,3,13,3
FS dl R UL DL ur D,2,13,39,7,3,12,3
FS dl R UL ur DL D,2,13,39,7,3,12,3
FS dl R ur UL DL D,2,13,39,7,3,12,3
FS dl ur R UL DL D,2,13,39,7,3,14,3
FS R dl UL DL ur D,2,13,39,7,3,10,2
FS R dl UL ur DL D,2,13,39,7,3,10,2
FS R dl ur UL DL D,2,13,39,7,3,10,2
FS R ur dl UL DL D,2,13,39,7,3,12,3
FS ur dl R UL DL D,2,13,39,7,3,12,3
FS ur R dl UL DL D,2,13,39,7,3,12,3
R dl FS UL DL ur D,2,13,39,7,3,12,3
R dl FS UL ur DL D,2,13,39,7,3,12,3
R dl FS ur UL DL D,2,13,39,7,3,12,3
R dl UL FS DL ur D,2,13,39,7,3,10,3
R dl UL FS ur DL D,2,13,39,7,3,12,3
R dl UL ur FS DL D,2,13,39,7,3,10,3
R dl ur FS UL DL D,2,13,39,7,3,12,3
R dl ur UL FS DL D,2,13,39,7,3,10,3
R FS dl UL DL ur D,2,13,39,7,3,12,3
R FS dl UL ur DL D,2,13,39,7,3,12,3
R FS dl ur UL DL D,2,13,39,7,3,12,3
R FS ur dl UL DL D,2,13,39,7,3,12,3
R ur dl FS UL DL D,2,13,39,7,3,14,3
R ur dl UL FS DL D,2,13,39,7,3,12,3
R ur FS dl UL DL D,2,13,39,7,3,14,3
ur D dl UL DL R FS,2,13,39,7,3,13,3
ur D dl UL R DL FS,2,13,39,7,3,13,3
ur D UL dl DL R FS,2,13,39,7,3,15,4
ur D UL DL dl R FS,2,13,39,7,3,13,4
ur D UL dl R DL FS,2,13,39,7,3,11,3
ur dl D UL DL R FS,2,13,39,7,3,15,3
ur dl D UL R DL FS,2,13,39,7,3,15,3
ur dl FS R UL DL D,2,13,39,7,3,13,3
ur dl R FS UL DL D,2,13,39,7,3,11,3
ur dl R UL FS DL D,2,13,39,7,3,11,3
ur FS dl R UL DL D,2,13,39,7,3,13,3
ur FS R dl UL DL D,2,13,39,7,3,11,3
ur R dl FS UL DL D,2,13,39,7,3,13,3
ur R dl UL FS DL D,2,13,39,7,3,11,3
ur R FS dl UL DL D,2,13,39,7,3,13,3
DL D R FS UL ur dl,2,14,40,7,3,12,3
DL D R FS ur UL dl,2,14,40,7,3,12,3
DL D R ur FS UL dl,2,14,40,7,3,14,3
DL D R ur UL FS dl,2,14,40,7,3,14,3
DL D ur R FS UL dl,2,14,40,7,3,12,3
DL D ur R UL FS dl,2,14,40,7,3,14,3
DL D ur UL R FS dl,2,14,40,7,3,12,3
DL R D FS UL ur dl,2,14,40,7,3,14,3
DL R D FS ur UL dl,2,14,40,7,3,14,3
DL R D ur FS UL dl,2,14,40,7,3,14,3
DL R D ur UL FS dl,2,14,40,7,3,14,3
DL R ur D FS UL dl,2,14,40,7,3,14,3
DL R ur D UL FS dl,2,14,40,7,3,16,3
DL ur D R FS UL dl,2,14,40,7,3,12,3
DL ur D R UL FS dl,2,14,40,7,3,14,3
DL ur D UL R FS dl,2,14,40,7,3,14,3
DL ur R D FS UL dl,2,14,40,7,3,14,3
DL ur R D UL FS dl,2,14,40,7,3,16,3
R DL D FS UL ur dl,2,14,40,7,3,13,3
R DL D FS ur UL dl,2,14,40,7,3,13,3
R DL D ur FS UL dl,2,14,40,7,3,13,3
R DL D ur UL FS dl,2,14,40,7,3,13,3
R DL ur D FS UL dl,2,14,40,7,3,13,3
R DL ur D UL FS dl,2,14,40,7,3,15,3
R ur DL D FS UL dl,2,14,40,7,3,13,3
R ur DL D UL FS dl,2,14,40,7,3,15,3
ur DL D R FS UL dl,2,14,40,7,3,12,3
ur DL D R UL FS dl,2,14,40,7,3,14,3
ur DL D UL R FS dl,2,14,40,7,3,14,3
ur DL R D FS UL dl,2,14,40,7,3,14,3
ur DL R D UL FS dl,2,14,40,7,3,16,3
ur R DL D FS UL dl,2,14,40,7,3,14,3
ur R DL D UL FS dl,2,14,40,7,3,16,3
D FS R UL DL ur dl,2,10,40,8,3,13,3
D FS R UL ur DL dl,2,10,40,8,3,15,4
D FS R ur UL DL dl,2,10,40,8,3,15,4
D FS UL R DL ur dl,2,10,40,8,3,15,3
D FS UL R ur DL dl,2,10,40,8,3,17,4
D FS UL ur R DL dl,2,10,40,8,3,17,4
D FS ur R UL DL dl,2,10,40,8,3,17,4
D FS ur UL R DL dl,2,10,40,8,3,17,4
D R FS UL DL ur dl,2,10,40,8,3,13,3
D R FS UL ur DL dl,2,10,40,8,3,15,4
D R FS ur UL DL dl,2,10,40,8,3,15,4
D R UL FS DL ur dl,2,10,40,8,3,13,3
D R UL FS ur DL dl,2,10,40,8,3,17,4
D R UL ur DL FS dl,2,10,40,8,3,13,3
D R UL ur FS DL dl,2,10,40,8,3,15,4
D R ur FS UL DL dl,2,10,40,8,3,17,4
D R ur UL DL FS dl,2,10,40,8,3,13,3
D R ur UL FS DL dl,2,10,40,8,3,15,4
D UL FS R DL ur dl,2,10,40,8,3,15,3
D UL FS R ur DL dl,2,10,40,8,3,17,4
D UL FS ur R DL dl,2,10,40,8,3,19,4
D UL R FS DL ur dl,2,10,40,8,3,13,3
D UL R FS ur DL dl,2,10,40,8,3,17,4
D UL R ur DL FS dl,2,10,40,8,3,15,3
D UL R ur FS DL dl,2,10,40,8,3,17,4
D UL ur DL R FS dl,2,10,40,8,3,15,3
D UL ur FS R DL dl,2,10,40,8,3,17,4
D UL ur R DL FS dl,2,10,40,8,3,15,3
D UL ur R FS DL dl,2,10,40,8,3,15,4
D ur FS R UL DL dl,2,10,40,8,3,15,4
D ur FS UL R DL dl,2,10,40,8,3,17,4
D ur R FS UL DL dl,2,10,40,8,3,15,4
D ur R UL DL FS dl,2,10,40,8,3,13,3
D ur R UL FS DL dl,2,10,40,8,3,15,4
D ur UL DL R FS dl,2,10,40,8,3,13,3
D ur UL FS R DL dl,2,10,40,8,3,15,4
D ur UL R DL FS dl,2,10,40,8,3,13,3
D ur UL R FS DL dl,2,10,40,8,3,13,4
FS D R UL DL ur dl,2,10,40,8,3,13,3
FS D R UL ur DL dl,2,10,40,8,3,15,4
FS D R ur UL DL dl,2,10,40,8,3,15,4
FS D UL R DL ur dl,2,10,40,8,3,15,3
FS D UL R ur DL dl,2,10,40,8,3,17,4
FS D UL ur R DL dl,2,10,40,8,3,17,4
FS D ur R UL DL dl,2,10,40,8,3,15,4
FS D ur UL R DL dl,2,10,40,8,3,15,4
FS R D UL DL ur dl,2,10,40,8,3,13,3
FS R D UL ur DL dl,2,10,40,8,3,15,4
FS R D ur UL DL dl,2,10,40,8,3,13,4
FS R ur D UL DL dl,2,10,40,8,3,15,4
FS ur D R UL DL dl,2,10,40,8,3,15,4
FS ur D UL R DL dl,2,10,40,8,3,17,4
FS ur R D UL DL dl,2,10,40,8,3,17,4
R D FS UL DL ur dl,2,10,40,8,3,13,3
R D FS UL ur DL dl,2,10,40,8,3,15,4
R D FS ur UL DL dl,2,10,40,8,3,15,4
R D UL FS DL ur dl,2,10,40,8,3,13,3
R D UL FS ur DL dl,2,10,40,8,3,17,4
R D UL ur DL FS dl,2,10,40,8,3,13,3
R D UL ur FS DL dl,2,10,40,8,3,15,4
R D ur FS UL DL dl,2,10,40,8,3,15,4
R D ur UL DL FS dl,2,10,40,8,3,11,3
R D ur UL FS DL dl,2,10,40,8,3,13,4
R FS D UL DL ur dl,2,10,40,8,3,13,3
R FS D UL ur DL dl,2,10,40,8,3,15,4
R FS D ur UL DL dl,2,10,40,8,3,13,4
R FS ur D UL DL dl,2,10,40,8,3,15,4
R ur D FS UL DL dl,2,10,40,8,3,15,4
R ur D UL DL FS dl,2,10,40,8,3,13,3
R ur D UL FS DL dl,2,10,40,8,3,15,4
R ur FS D UL DL dl,2,10,40,8,3,17,4
ur D FS R UL DL dl,2,10,40,8,3,14,4
ur D FS UL R DL dl,2,10,40,8,3,16,4
ur D R FS UL DL dl,2,10,40,8,3,14,4
ur D R UL DL FS dl,2,10,40,8,3,12,3
ur D R UL FS DL dl,2,10,40,8,3,14,4
ur D UL DL R FS dl,2,10,40,8,3,14,3
ur D UL FS R DL dl,2,10,40,8,3,16,4
ur D UL R DL FS dl,2,10,40,8,3,14,3
ur D UL R FS DL dl,2,10,40,8,3,14,4
ur FS D R UL DL dl,2,10,40,8,3,16,4
ur FS D UL R DL dl,2,10,40,8,3,18,4
ur FS R D UL DL dl,2,10,40,8,3,16,4
ur R D FS UL DL dl,2,10,40,8,3,16,4
ur R D UL DL FS dl,2,10,40,8,3,14,3
ur R D UL FS DL dl,2,10,40,8,3,16,4
ur R FS D UL DL dl,2,10,40,8,3,16,4
dl FS UL D DL R ur,2,13,41,6,3,16,3
dl FS UL D R DL ur,2,13,41,6,3,16,3
dl FS UL DL D R ur,2,13,41,6,3,14,3
dl FS UL R D DL ur,2,13,41,6,3,14,3
dl UL D FS DL R ur,2,13,41,6,3,14,3
dl UL D FS R DL ur,2,13,41,6,3,14,3
dl UL D R FS DL ur,2,13,41,6,3,12,3
dl UL FS D DL R ur,2,13,41,6,3,14,3
dl UL FS D R DL ur,2,13,41,6,3,14,3
dl UL FS DL D R ur,2,13,41,6,3,12,3
dl UL FS R D DL ur,2,13,41,6,3,12,3
dl UL R D FS DL ur,2,13,41,6,3,12,3
dl UL R FS D DL ur,2,13,41,6,3,12,3
FS dl UL D DL R ur,2,13,41,6,3,15,3
FS dl UL D R DL ur,2,13,41,6,3,15,3
FS dl UL DL D R ur,2,13,41,6,3,13,3
FS dl UL R D DL ur,2,13,41,6,3,13,3
FS R UL DL D dl ur,2,13,41,6,3,13,3
FS R UL dl DL D ur,2,13,41,6,3,13,4
FS R UL DL dl D ur,2,13,41,6,3,15,4
FS UL D dl DL R ur,2,13,41,6,3,19,4
FS UL D DL dl R ur,2,13,41,6,3,15,4
FS UL D dl R DL ur,2,13,41,6,3,15,3
FS UL D DL R dl ur,2,13,41,6,3,13,3
FS UL dl D DL R ur,2,13,41,6,3,15,3
FS UL DL D dl R ur,2,13,41,6,3,13,3
FS UL dl D R DL ur,2,13,41,6,3,15,3
FS UL DL D R dl ur,2,13,41,6,3,11,3
FS UL dl DL D R ur,2,13,41,6,3,15,4
FS UL DL dl D R ur,2,13,41,6,3,17,4
FS UL dl R D DL ur,2,13,41,6,3,11,3
FS UL DL R D dl ur,2,13,41,6,3,15,3
FS UL DL R dl D ur,2,13,41,6,3,13,3
FS UL R DL D dl ur,2,13,41,6,3,15,3
FS UL R dl DL D ur,2,13,41,6,3,13,4
FS UL R DL dl D ur,2,13,41,6,3,17,4
R FS UL DL D dl ur,2,13,41,6,3,13,3
R FS UL dl DL D ur,2,13,41,6,3,13,4
R FS UL DL dl D ur,2,13,41,6,3,15,4
R UL dl FS DL D ur,2,13,41,6,3,11,3
R UL FS DL D dl ur,2,13,41,6,3,13,3
R UL FS dl DL D ur,2,13,41,6,3,15,4
R UL FS DL dl D ur,2,13,41,6,3,15,4
UL D dl FS DL R ur,2,13,41,6,3,16,3
UL D dl FS R DL ur,2,13,41,6,3,16,3
UL D dl R FS DL ur,2,13,41,6,3,12,3
UL D FS dl DL R ur,2,13,41,6,3,18,4
UL D FS DL dl R ur,2,13,41,6,3,14,4
UL D FS dl R DL ur,2,13,41,6,3,14,3
UL D FS DL R dl ur,2,13,41,6,3,12,3
UL dl D FS DL R ur,2,13,41,6,3,14,3
UL dl D FS R DL ur,2,13,41,6,3,14,3
UL dl D R FS DL ur,2,13,41,6,3,12,3
UL dl FS D DL R ur,2,13,41,6,3,14,3
UL dl FS D R DL ur,2,13,41,6,3,14,3
UL dl FS DL D R ur,2,13,41,6,3,12,3
UL dl FS R D DL ur,2,13,41,6,3,12,3
UL dl R D FS DL ur,2,13,41,6,3,10,2
UL dl R FS D DL ur,2,13,41,6,3,10,2
UL FS D dl DL R ur,2,13,41,6,3,18,4
UL FS D DL dl R ur,2,13,41,6,3,14,4
UL FS D dl R DL ur,2,13,41,6,3,14,3
UL FS D DL R dl ur,2,13,41,6,3,12,3
UL FS dl D DL R ur,2,13,41,6,3,16,3
UL FS DL D dl R ur,2,13,41,6,3,12,3
UL FS dl D R DL ur,2,13,41,6,3,16,3
UL FS DL D R dl ur,2,13,41,6,3,10,3
UL FS dl DL D R ur,2,13,41,6,3,16,4
UL FS DL dl D R ur,2,13,41,6,3,16,4
UL FS dl R D DL ur,2,13,41,6,3,12,3
UL FS DL R D dl ur,2,13,41,6,3,14,3
UL FS DL R dl D ur,2,13,41,6,3,12,3
UL FS R DL D dl ur,2,13,41,6,3,14,3
UL FS R dl DL D ur,2,13,41,6,3,12,4
UL FS R DL dl D ur,2,13,41,6,3,16,4
UL R dl FS DL D ur,2,13,41,6,3,10,3
UL R FS DL D dl ur,2,13,41,6,3,12,3
UL R FS dl DL D ur,2,13,41,6,3,14,4
UL R FS DL dl D ur,2,13,41,6,3,14,4
DL D dl R UL ur FS,2,14,41,7,3,13,3
DL D dl R ur UL FS,2,14,41,7,3,13,3
DL D dl ur R UL FS,2,14,41,7,3,15,3
DL D R dl UL ur FS,2,14,41,7,3,11,3
DL D R dl ur UL FS,2,14,41,7,3,11,3
DL D R ur dl UL FS,2,14,41,7,3,13,3
DL D R ur UL dl FS,2,14,41,7,3,13,3
DL D ur dl R UL FS,2,14,41,7,3,11,3
DL D ur R dl UL FS,2,14,41,7,3,11,3
DL D ur R UL dl FS,2,14,41,7,3,13,3
DL D ur UL R dl FS,2,14,41,7,3,11,3
dl DL D R UL ur FS,2,14,41,7,3,15,4
DL dl D R UL ur FS,2,14,41,7,3,17,4
dl DL D R ur UL FS,2,14,41,7,3,15,4
DL dl D R ur UL FS,2,14,41,7,3,17,4
dl DL D ur R UL FS,2,14,41,7,3,15,4
DL dl D ur R UL FS,2,14,41,7,3,17,4
dl DL R D UL ur FS,2,14,41,7,3,17,4
DL dl R D UL ur FS,2,14,41,7,3,15,4
dl DL R D ur UL FS,2,14,41,7,3,15,4
DL dl R D ur UL FS,2,14,41,7,3,13,4
dl DL R UL D ur FS,2,14,41,7,3,17,4
DL dl R UL D ur FS,2,14,41,7,3,15,4
dl DL R ur D UL FS,2,14,41,7,3,17,4
DL dl R ur D UL FS,2,14,41,7,3,15,4
dl DL ur D R UL FS,2,14,41,7,3,15,4
DL dl ur D R UL FS,2,14,41,7,3,15,4
dl DL ur R D UL FS,2,14,41,7,3,17,4
DL dl ur R D UL FS,2,14,41,7,3,17,4
DL R D dl UL ur FS,2,14,41,7,3,15,3
DL R D dl ur UL FS,2,14,41,7,3,15,3
DL R D ur dl UL FS,2,14,41,7,3,13,3
DL R D ur UL dl FS,2,14,41,7,3,13,3
dl R DL D UL ur FS,2,14,41,7,3,13,3
DL R dl D UL ur FS,2,14,41,7,3,15,3
dl R DL D ur UL FS,2,14,41,7,3,11,3
DL R dl D ur UL FS,2,14,41,7,3,13,3
dl R DL UL D ur FS,2,14,41,7,3,13,3
DL R dl UL D ur FS,2,14,41,7,3,13,3
dl R DL ur D UL FS,2,14,41,7,3,13,3
DL R dl ur D UL FS,2,14,41,7,3,13,3
dl R UL D DL ur FS,2,14,41,7,3,13,3
dl R UL DL D ur FS,2,14,41,7,3,11,3
DL R ur D dl UL FS,2,14,41,7,3,15,3
DL R ur D UL dl FS,2,14,41,7,3,15,3
dl R ur DL D UL FS,2,14,41,7,3,13,3
DL R ur dl D UL FS,2,14,41,7,3,17,3
DL ur D dl R UL FS,2,14,41,7,3,13,3
DL ur D R dl UL FS,2,14,41,7,3,11,3
DL ur D R UL dl FS,2,14,41,7,3,13,3
DL ur D UL R dl FS,2,14,41,7,3,13,3
dl ur DL D R UL FS,2,14,41,7,3,13,3
DL ur dl D R UL FS,2,14,41,7,3,15,3
dl ur DL R D UL FS,2,14,41,7,3,15,3
DL ur dl R D UL FS,2,14,41,7,3,13,3
DL ur R D dl UL FS,2,14,41,7,3,15,3
DL ur R D UL dl FS,2,14,41,7,3,15,3
dl ur R DL D UL FS,2,14,41,7,3,15,3
DL ur R dl D UL FS,2,14,41,7,3,15,3
R DL D dl UL ur FS,2,14,41,7,3,14,3
R DL D dl ur UL FS,2,14,41,7,3,14,3
R DL D ur dl UL FS,2,14,41,7,3,12,3
R DL D ur UL dl FS,2,14,41,7,3,12,3
R dl DL D UL ur FS,2,14,41,7,3,14,4
R DL dl D UL ur FS,2,14,41,7,3,18,4
R dl DL D ur UL FS,2,14,41,7,3,12,4
R DL dl D ur UL FS,2,14,41,7,3,16,4
R dl DL UL D ur FS,2,14,41,7,3,14,4
R DL dl UL D ur FS,2,14,41,7,3,16,4
R dl DL ur D UL FS,2,14,41,7,3,14,4
R DL dl ur D UL FS,2,14,41,7,3,16,4
R dl UL D DL ur FS,2,14,41,7,3,12,3
R dl UL DL D ur FS,2,14,41,7,3,10,3
R DL ur D dl UL FS,2,14,41,7,3,14,3
R DL ur D UL dl FS,2,14,41,7,3,14,3
R dl ur DL D UL FS,2,14,41,7,3,12,3
R DL ur dl D UL FS,2,14,41,7,3,16,3
R ur DL D dl UL FS,2,14,41,7,3,14,3
R ur DL D UL dl FS,2,14,41,7,3,14,3
R ur dl DL D UL FS,2,14,41,7,3,16,4
R ur DL dl D UL FS,2,14,41,7,3,18,4
ur DL D dl R UL FS,2,14,41,7,3,13,3
ur DL D R dl UL FS,2,14,41,7,3,11,3
ur DL D R UL dl FS,2,14,41,7,3,13,3
ur DL D UL R dl FS,2,14,41,7,3,13,3
ur dl DL D R UL FS,2,14,41,7,3,15,4
ur DL dl D R UL FS,2,14,41,7,3,17,4
ur dl DL R D UL FS,2,14,41,7,3,17,4
ur DL dl R D UL FS,2,14,41,7,3,15,4
ur DL R D dl UL FS,2,14,41,7,3,15,3
ur DL R D UL dl FS,2,14,41,7,3,15,3
ur dl R DL D UL FS,2,14,41,7,3,13,3
ur DL R dl D UL FS,2,14,41,7,3,15,3
ur R DL D dl UL FS,2,14,41,7,3,15,3
ur R DL D UL dl FS,2,14,41,7,3,15,3
ur R dl DL D UL FS,2,14,41,7,3,15,4
ur R DL dl D UL FS,2,14,41,7,3,19,4
D R UL dl ur DL FS,2,13,41,8,3,12,3
D R UL ur dl DL FS,2,13,41,8,3,14,4
D R UL ur DL dl FS,2,13,41,8,3,16,4
D R ur UL dl DL FS,2,13,41,8,3,14,4
D R ur UL DL dl FS,2,13,41,8,3,16,4
D UL R dl ur DL FS,2,13,41,8,3,12,3
D UL R ur dl DL FS,2,13,41,8,3,16,4
D UL R ur DL dl FS,2,13,41,8,3,18,4
D UL ur DL R dl FS,2,13,41,8,3,14,3
D UL ur R dl DL FS,2,13,41,8,3,14,4
D UL ur R DL dl FS,2,13,41,8,3,18,4
D ur R UL dl DL FS,2,13,41,8,3,14,4
D ur R UL DL dl FS,2,13,41,8,3,16,4
D ur UL DL R dl FS,2,13,41,8,3,12,3
D ur UL R dl DL FS,2,13,41,8,3,12,4
D ur UL R DL dl FS,2,13,41,8,3,16,4
dl FS R UL D ur DL,2,13,41,8,3,14,3
dl FS R UL ur D DL,2,13,41,8,3,12,3
dl FS R ur UL D DL,2,13,41,8,3,14,3
dl FS ur R UL D DL,2,13,41,8,3,16,3
dl R FS UL D ur DL,2,13,41,8,3,12,3
dl R FS UL ur D DL,2,13,41,8,3,10,3
dl R FS ur UL D DL,2,13,41,8,3,12,3
dl R UL D FS ur DL,2,13,41,8,3,14,3
dl R UL D ur FS DL,2,13,41,8,3,12,3
dl R UL FS D ur DL,2,13,41,8,3,12,3
dl R UL FS ur D DL,2,13,41,8,3,12,3
dl R UL ur D FS DL,2,13,41,8,3,10,3
dl R UL ur FS D DL,2,13,41,8,3,12,3
dl R ur FS UL D DL,2,13,41,8,3,14,3
dl R ur UL D FS DL,2,13,41,8,3,12,3
dl R ur UL FS D DL,2,13,41,8,3,12,3
dl ur FS R UL D DL,2,13,41,8,3,14,3
dl ur R FS UL D DL,2,13,41,8,3,14,3
dl ur R UL D FS DL,2,13,41,8,3,14,3
dl ur R UL FS D DL,2,13,41,8,3,14,3
FS dl R UL D ur DL,2,13,41,8,3,13,3
FS dl R UL ur D DL,2,13,41,8,3,11,3
FS dl R ur UL D DL,2,13,41,8,3,13,3
FS dl ur R UL D DL,2,13,41,8,3,15,3
FS R dl UL D ur DL,2,13,41,8,3,11,3
FS R dl UL ur D DL,2,13,41,8,3,9,2
FS R dl ur UL D DL,2,13,41,8,3,11,3
FS R ur dl UL D DL,2,13,41,8,3,13,3
FS ur dl R UL D DL,2,13,41,8,3,13,3
FS ur R dl UL D DL,2,13,41,8,3,13,3
R D UL dl ur DL FS,2,13,41,8,3,12,3
R D UL ur dl DL FS,2,13,41,8,3,14,4
R D UL ur DL dl FS,2,13,41,8,3,16,4
R D ur UL dl DL FS,2,13,41,8,3,12,4
R D ur UL DL dl FS,2,13,41,8,3,14,4
R dl FS UL D ur DL,2,13,41,8,3,13,3
R dl FS UL ur D DL,2,13,41,8,3,11,3
R dl FS ur UL D DL,2,13,41,8,3,13,3
R dl UL D FS ur DL,2,13,41,8,3,13,3
R dl UL D ur FS DL,2,13,41,8,3,11,3
R dl UL FS D ur DL,2,13,41,8,3,11,3
R dl UL FS ur D DL,2,13,41,8,3,11,3
R dl UL ur D FS DL,2,13,41,8,3,9,2
R dl UL ur FS D DL,2,13,41,8,3,11,3
R dl ur FS UL D DL,2,13,41,8,3,13,3
R dl ur UL D FS DL,2,13,41,8,3,11,3
R dl ur UL FS D DL,2,13,41,8,3,11,3
R FS dl UL D ur DL,2,13,41,8,3,13,3
R FS dl UL ur D DL,2,13,41,8,3,11,3
R FS dl ur UL D DL,2,13,41,8,3,13,3
R FS ur dl UL D DL,2,13,41,8,3,13,3
R ur D UL dl DL FS,2,13,41,8,3,14,4
R ur D UL DL dl FS,2,13,41,8,3,16,4
R ur dl FS UL D DL,2,13,41,8,3,15,3
R ur dl UL D FS DL,2,13,41,8,3,13,3
R ur dl UL FS D DL,2,13,41,8,3,13,3
R ur FS dl UL D DL,2,13,41,8,3,15,3
ur D R UL dl DL FS,2,13,41,8,3,13,4
ur D R UL DL dl FS,2,13,41,8,3,15,4
ur D UL DL R dl FS,2,13,41,8,3,13,3
ur D UL R dl DL FS,2,13,41,8,3,13,4
ur D UL R DL dl FS,2,13,41,8,3,17,4
ur dl FS R UL D DL,2,13,41,8,3,14,3
ur dl R FS UL D DL,2,13,41,8,3,12,3
ur dl R UL D FS DL,2,13,41,8,3,12,3
ur dl R UL FS D DL,2,13,41,8,3,12,3
ur FS dl R UL D DL,2,13,41,8,3,14,3
ur FS R dl UL D DL,2,13,41,8,3,12,3
ur R D UL dl DL FS,2,13,41,8,3,15,4
ur R D UL DL dl FS,2,13,41,8,3,17,4
ur R dl FS UL D DL,2,13,41,8,3,14,3
ur R dl UL D FS DL,2,13,41,8,3,12,3
ur R dl UL FS D DL,2,13,41,8,3,12,3
ur R FS dl UL D DL,2,13,41,8,3,14,3
D DL FS R UL ur dl,2,14,42,7,3,11,3
D DL FS R ur UL dl,2,14,42,7,3,11,3
D DL FS UL R ur dl,2,14,42,7,3,13,3
D DL FS UL ur R dl,2,14,42,7,3,11,3
D DL FS ur R UL dl,2,14,42,7,3,13,3
D DL FS ur UL R dl,2,14,42,7,3,11,3
D DL ur FS R UL dl,2,14,42,7,3,13,3
D DL ur FS UL R dl,2,14,42,7,3,13,3
D DL ur UL FS R dl,2,14,42,7,3,11,3
D FS DL R UL ur dl,2,14,42,7,3,13,3
D FS DL R ur UL dl,2,14,42,7,3,13,3
D FS DL UL R ur dl,2,14,42,7,3,13,3
D FS DL UL ur R dl,2,14,42,7,3,11,3
D FS DL ur R UL dl,2,14,42,7,3,13,3
D FS DL ur UL R dl,2,14,42,7,3,11,3
D FS ur DL R UL dl,2,14,42,7,3,15,3
D FS ur DL UL R dl,2,14,42,7,3,13,3
D ur DL FS R UL dl,2,14,42,7,3,11,3
D ur DL FS UL R dl,2,14,42,7,3,11,3
D ur DL UL FS R dl,2,14,42,7,3,11,3
D ur FS DL R UL dl,2,14,42,7,3,13,3
D ur FS DL UL R dl,2,14,42,7,3,11,3
FS D DL R UL ur dl,2,14,42,7,3,13,3
FS D DL R ur UL dl,2,14,42,7,3,13,3
FS D DL UL R ur dl,2,14,42,7,3,13,3
FS D DL UL ur R dl,2,14,42,7,3,11,3
FS D DL ur R UL dl,2,14,42,7,3,13,3
FS D DL ur UL R dl,2,14,42,7,3,11,3
FS D ur DL R UL dl,2,14,42,7,3,13,3
FS D ur DL UL R dl,2,14,42,7,3,11,3
FS ur D DL R UL dl,2,14,42,7,3,13,3
FS ur D DL UL R dl,2,14,42,7,3,11,3
ur D DL FS R UL dl,2,14,42,7,3,10,3
ur D DL FS UL R dl,2,14,42,7,3,10,3
ur D DL UL FS R dl,2,14,42,7,3,10,3
ur D FS DL R UL dl,2,14,42,7,3,12,3
ur D FS DL UL R dl,2,14,42,7,3,10,3
ur FS D DL R UL dl,2,14,42,7,3,14,3
ur FS D DL UL R dl,2,14,42,7,3,12,3
dl DL FS UL R D ur,2,14,43,5,3,14,4
DL dl FS UL R D ur,2,14,43,5,3,16,4
dl FS DL UL R D ur,2,14,43,5,3,12,3
DL FS dl UL R D ur,2,14,43,5,3,12,3
DL FS UL dl R D ur,2,14,43,5,3,10,3
FS dl DL UL R D ur,2,14,43,5,3,15,4
FS DL dl UL R D ur,2,14,43,5,3,13,4
FS DL UL dl R D ur,2,14,43,5,3,9,2
FS R UL D dl DL ur,2,13,43,7,3,17,4
FS R UL D DL dl ur,2,13,43,7,3,15,4
FS R UL dl D DL ur,2,13,43,7,3,13,3
FS UL D R dl DL ur,2,13,43,7,3,15,4
FS UL D R DL dl ur,2,13,43,7,3,17,4
FS UL R D dl DL ur,2,13,43,7,3,17,4
FS UL R D DL dl ur,2,13,43,7,3,15,4
FS UL R dl D DL ur,2,13,43,7,3,13,3
R FS UL D dl DL ur,2,13,43,7,3,17,4
R FS UL D DL dl ur,2,13,43,7,3,15,4
R FS UL dl D DL ur,2,13,43,7,3,13,3
R UL D dl FS DL ur,2,13,43,7,3,15,3
R UL D FS dl DL ur,2,13,43,7,3,17,4
R UL D FS DL dl ur,2,13,43,7,3,15,4
R UL dl D FS DL ur,2,13,43,7,3,13,3
R UL dl FS D DL ur,2,13,43,7,3,13,3
R UL FS D dl DL ur,2,13,43,7,3,17,4
R UL FS D DL dl ur,2,13,43,7,3,15,4
R UL FS dl D DL ur,2,13,43,7,3,15,3
UL D FS R dl DL ur,2,13,43,7,3,14,4
UL D FS R DL dl ur,2,13,43,7,3,16,4
UL D R dl FS DL ur,2,13,43,7,3,12,3
UL D R FS dl DL ur,2,13,43,7,3,16,4
UL D R FS DL dl ur,2,13,43,7,3,14,4
UL FS D R dl DL ur,2,13,43,7,3,14,4
UL FS D R DL dl ur,2,13,43,7,3,16,4
UL FS R D dl DL ur,2,13,43,7,3,16,4
UL FS R D DL dl ur,2,13,43,7,3,14,4
UL FS R dl D DL ur,2,13,43,7,3,12,3
UL R D dl FS DL ur,2,13,43,7,3,14,3
UL R D FS dl DL ur,2,13,43,7,3,16,4
UL R D FS DL dl ur,2,13,43,7,3,14,4
UL R dl D FS DL ur,2,13,43,7,3,12,3
UL R dl FS D DL ur,2,13,43,7,3,12,3
UL R FS D dl DL ur,2,13,43,7,3,16,4
UL R FS D DL dl ur,2,13,43,7,3,14,4
UL R FS dl D DL ur,2,13,43,7,3,14,3
D dl DL ur UL R FS,2,14,43,7,3,16,4
D DL dl ur UL R FS,2,14,43,7,3,14,4
D dl ur DL UL R FS,2,14,43,7,3,14,3
D DL ur dl UL R FS,2,14,43,7,3,12,3
D DL ur UL dl R FS,2,14,43,7,3,10,2
D ur dl DL UL R FS,2,14,43,7,3,14,4
D ur DL dl UL R FS,2,14,43,7,3,14,4
D ur DL UL dl R FS,2,14,43,7,3,10,2
dl D DL ur UL R FS,2,14,43,7,3,13,3
dl D ur DL UL R FS,2,14,43,7,3,13,3
dl ur D DL UL R FS,2,14,43,7,3,11,3
ur D dl DL UL R FS,2,14,43,7,3,15,4
ur D DL dl UL R FS,2,14,43,7,3,13,4
ur D DL UL dl R FS,2,14,43,7,3,9,2
ur dl D DL UL R FS,2,14,43,7,3,13,3
D DL R FS UL ur dl,2,14,44,8,3,13,3
D DL R FS ur UL dl,2,14,44,8,3,13,3
D DL R ur FS UL dl,2,14,44,8,3,15,3
D DL R ur UL FS dl,2,14,44,8,3,15,3
D DL ur R FS UL dl,2,14,44,8,3,13,3
D DL ur R UL FS dl,2,14,44,8,3,15,3
D DL ur UL R FS dl,2,14,44,8,3,13,3
D R DL FS UL ur dl,2,14,44,8,3,13,3
D R DL FS ur UL dl,2,14,44,8,3,13,3
D R DL ur FS UL dl,2,14,44,8,3,15,3
D R DL ur UL FS dl,2,14,44,8,3,15,3
D R ur DL FS UL dl,2,14,44,8,3,13,3
D R ur DL UL FS dl,2,14,44,8,3,15,3
D ur DL R FS UL dl,2,14,44,8,3,13,3
D ur DL R UL FS dl,2,14,44,8,3,15,3
D ur DL UL R FS dl,2,14,44,8,3,13,3
D ur R DL FS UL dl,2,14,44,8,3,13,3
D ur R DL UL FS dl,2,14,44,8,3,15,3
R D DL FS UL ur dl,2,14,44,8,3,11,3
R D DL FS ur UL dl,2,14,44,8,3,11,3
R D DL ur FS UL dl,2,14,44,8,3,13,3
R D DL ur UL FS dl,2,14,44,8,3,13,3
R D ur DL FS UL dl,2,14,44,8,3,11,3
R D ur DL UL FS dl,2,14,44,8,3,13,3
R ur D DL FS UL dl,2,14,44,8,3,11,3
R ur D DL UL FS dl,2,14,44,8,3,13,3
ur D DL R FS UL dl,2,14,44,8,3,12,3
ur D DL R UL FS dl,2,14,44,8,3,14,3
ur D DL UL R FS dl,2,14,44,8,3,12,3
ur D R DL FS UL dl,2,14,44,8,3,12,3
ur D R DL UL FS dl,2,14,44,8,3,14,3
ur R D DL FS UL dl,2,14,44,8,3,12,3
ur R D DL UL FS dl,2,14,44,8,3,14,3
DL D dl FS R UL ur,2,14,45,6,3,14,3
DL D dl FS UL R ur,2,14,45,6,3,16,3
DL D FS dl R UL ur,2,14,45,6,3,12,3
DL D FS dl UL R ur,2,14,45,6,3,14,3
DL D FS R dl UL ur,2,14,45,6,3,10,2
DL D FS R UL dl ur,2,14,45,6,3,12,3
DL D FS UL dl R ur,2,14,45,6,3,12,3
DL D FS UL R dl ur,2,14,45,6,3,12,3
dl DL D FS R UL ur,2,14,45,6,3,14,4
DL dl D FS R UL ur,2,14,45,6,3,16,4
dl DL D FS UL R ur,2,14,45,6,3,16,4
DL dl D FS UL R ur,2,14,45,6,3,18,4
dl DL FS D R UL ur,2,14,45,6,3,14,4
DL dl FS D R UL ur,2,14,45,6,3,16,4
dl DL FS D UL R ur,2,14,45,6,3,16,4
DL dl FS D UL R ur,2,14,45,6,3,18,4
dl DL FS R D UL ur,2,14,45,6,3,14,4
DL dl FS R D UL ur,2,14,45,6,3,16,4
dl DL FS R UL D ur,2,14,45,6,3,14,4
DL dl FS R UL D ur,2,14,45,6,3,16,4
dl DL FS UL D R ur,2,14,45,6,3,16,4
DL dl FS UL D R ur,2,14,45,6,3,18,4
dl DL R FS D UL ur,2,14,45,6,3,16,4
DL dl R FS D UL ur,2,14,45,6,3,14,4
dl DL R FS UL D ur,2,14,45,6,3,16,4
DL dl R FS UL D ur,2,14,45,6,3,14,4
dl DL R UL FS D ur,2,14,45,6,3,16,4
DL dl R UL FS D ur,2,14,45,6,3,14,4
DL FS D dl R UL ur,2,14,45,6,3,12,3
DL FS D dl UL R ur,2,14,45,6,3,14,3
DL FS D R dl UL ur,2,14,45,6,3,10,2
DL FS D R UL dl ur,2,14,45,6,3,12,3
DL FS D UL dl R ur,2,14,45,6,3,12,3
DL FS D UL R dl ur,2,14,45,6,3,12,3
dl FS DL D R UL ur,2,14,45,6,3,12,3
DL FS dl D R UL ur,2,14,45,6,3,14,3
dl FS DL D UL R ur,2,14,45,6,3,14,3
DL FS dl D UL R ur,2,14,45,6,3,16,3
dl FS DL R D UL ur,2,14,45,6,3,14,3
DL FS dl R D UL ur,2,14,45,6,3,12,3
dl FS DL R UL D ur,2,14,45,6,3,14,3
DL FS dl R UL D ur,2,14,45,6,3,12,3
dl FS DL UL D R ur,2,14,45,6,3,14,3
DL FS dl UL D R ur,2,14,45,6,3,14,3
DL FS R D dl UL ur,2,14,45,6,3,12,3
DL FS R D UL dl ur,2,14,45,6,3,12,3
dl FS R DL D UL ur,2,14,45,6,3,14,3
DL FS R dl D UL ur,2,14,45,6,3,12,3
dl FS R DL UL D ur,2,14,45,6,3,14,3
DL FS R dl UL D ur,2,14,45,6,3,10,3
DL FS R UL D dl ur,2,14,45,6,3,14,3
DL FS R UL dl D ur,2,14,45,6,3,12,3
DL FS UL D dl R ur,2,14,45,6,3,14,3
DL FS UL D R dl ur,2,14,45,6,3,12,3
DL FS UL dl D R ur,2,14,45,6,3,14,3
DL FS UL R D dl ur,2,14,45,6,3,14,3
DL FS UL R dl D ur,2,14,45,6,3,12,3
dl R DL FS D UL ur,2,14,45,6,3,12,3
DL R dl FS D UL ur,2,14,45,6,3,14,3
dl R DL FS UL D ur,2,14,45,6,3,12,3
DL R dl FS UL D ur,2,14,45,6,3,14,3
dl R DL UL FS D ur,2,14,45,6,3,12,3
DL R dl UL FS D ur,2,14,45,6,3,12,3
DL R FS D dl UL ur,2,14,45,6,3,14,3
DL R FS D UL dl ur,2,14,45,6,3,14,3
dl R FS DL D UL ur,2,14,45,6,3,10,3
DL R FS dl D UL ur,2,14,45,6,3,16,3
dl R FS DL UL D ur,2,14,45,6,3,10,3
DL R FS dl UL D ur,2,14,45,6,3,14,3
DL R FS UL D dl ur,2,14,45,6,3,16,3
DL R FS UL dl D ur,2,14,45,6,3,14,3
dl R UL DL FS D ur,2,14,45,6,3,10,3
FS DL D dl R UL ur,2,14,45,6,3,11,3
FS DL D dl UL R ur,2,14,45,6,3,13,3
FS DL D R dl UL ur,2,14,45,6,3,9,2
FS DL D R UL dl ur,2,14,45,6,3,11,3
FS DL D UL dl R ur,2,14,45,6,3,11,3
FS DL D UL R dl ur,2,14,45,6,3,11,3
FS dl DL D R UL ur,2,14,45,6,3,15,4
FS DL dl D R UL ur,2,14,45,6,3,15,4
FS dl DL D UL R ur,2,14,45,6,3,17,4
FS DL dl D UL R ur,2,14,45,6,3,17,4
FS dl DL R D UL ur,2,14,45,6,3,17,4
FS DL dl R D UL ur,2,14,45,6,3,13,4
FS dl DL R UL D ur,2,14,45,6,3,17,4
FS DL dl R UL D ur,2,14,45,6,3,13,4
FS dl DL UL D R ur,2,14,45,6,3,17,4
FS DL dl UL D R ur,2,14,45,6,3,15,4
FS DL R D dl UL ur,2,14,45,6,3,13,3
FS DL R D UL dl ur,2,14,45,6,3,13,3
FS dl R DL D UL ur,2,14,45,6,3,13,3
FS DL R dl D UL ur,2,14,45,6,3,13,3
FS dl R DL UL D ur,2,14,45,6,3,13,3
FS DL R dl UL D ur,2,14,45,6,3,11,3
FS DL R UL D dl ur,2,14,45,6,3,15,3
FS DL R UL dl D ur,2,14,45,6,3,13,3
FS DL UL D dl R ur,2,14,45,6,3,13,3
FS DL UL D R dl ur,2,14,45,6,3,11,3
FS DL UL dl D R ur,2,14,45,6,3,13,3
FS DL UL R D dl ur,2,14,45,6,3,13,3
FS DL UL R dl D ur,2,14,45,6,3,11,3
FS R DL D dl UL ur,2,14,45,6,3,13,3
FS R DL D UL dl ur,2,14,45,6,3,13,3
FS R dl DL D UL ur,2,14,45,6,3,13,4
FS R DL dl D UL ur,2,14,45,6,3,17,4
FS R dl DL UL D ur,2,14,45,6,3,13,4
FS R DL dl UL D ur,2,14,45,6,3,15,4
FS R DL UL D dl ur,2,14,45,6,3,15,3
FS R DL UL dl D ur,2,14,45,6,3,13,3
R dl DL FS D UL ur,2,14,45,6,3,13,4
R DL dl FS D UL ur,2,14,45,6,3,17,4
R dl DL FS UL D ur,2,14,45,6,3,13,4
R DL dl FS UL D ur,2,14,45,6,3,17,4
R dl DL UL FS D ur,2,14,45,6,3,13,4
R DL dl UL FS D ur,2,14,45,6,3,15,4
R DL FS D dl UL ur,2,14,45,6,3,13,3
R DL FS D UL dl ur,2,14,45,6,3,13,3
R dl FS DL D UL ur,2,14,45,6,3,11,3
R DL FS dl D UL ur,2,14,45,6,3,15,3
R dl FS DL UL D ur,2,14,45,6,3,11,3
R DL FS dl UL D ur,2,14,45,6,3,13,3
R DL FS UL D dl ur,2,14,45,6,3,15,3
R DL FS UL dl D ur,2,14,45,6,3,13,3
R dl UL DL FS D ur,2,14,45,6,3,9,2
R FS DL D dl UL ur,2,14,45,6,3,11,3
R FS DL D UL dl ur,2,14,45,6,3,11,3
R FS dl DL D UL ur,2,14,45,6,3,15,4
R FS DL dl D UL ur,2,14,45,6,3,15,4
R FS dl DL UL D ur,2,14,45,6,3,15,4
R FS DL dl UL D ur,2,14,45,6,3,13,4
R FS DL UL D dl ur,2,14,45,6,3,13,3
R FS DL UL dl D ur,2,14,45,6,3,11,3
D dl FS UL DL R ur,2,13,45,7,3,17,3
D dl FS UL R DL ur,2,13,45,7,3,17,3
D dl UL FS DL R ur,2,13,45,7,3,15,3
D dl UL FS R DL ur,2,13,45,7,3,15,3
D dl UL R FS DL ur,2,13,45,7,3,13,3
D FS dl UL DL R ur,2,13,45,7,3,15,3
D FS dl UL R DL ur,2,13,45,7,3,15,3
D FS UL dl DL R ur,2,13,45,7,3,17,4
D FS UL DL dl R ur,2,13,45,7,3,15,4
D FS UL dl R DL ur,2,13,45,7,3,13,3
D FS UL DL R dl ur,2,13,45,7,3,13,3
D UL dl FS DL R ur,2,13,45,7,3,15,3
D UL dl FS R DL ur,2,13,45,7,3,15,3
D UL dl R FS DL ur,2,13,45,7,3,11,3
D UL FS dl DL R ur,2,13,45,7,3,19,4
D UL FS DL dl R ur,2,13,45,7,3,15,4
D UL FS dl R DL ur,2,13,45,7,3,15,3
D UL FS DL R dl ur,2,13,45,7,3,13,3
dl D FS UL DL R ur,2,13,45,7,3,16,3
dl D FS UL R DL ur,2,13,45,7,3,16,3
dl D UL FS DL R ur,2,13,45,7,3,16,3
dl D UL FS R DL ur,2,13,45,7,3,16,3
dl D UL R FS DL ur,2,13,45,7,3,14,3
dl FS D UL DL R ur,2,13,45,7,3,16,3
dl FS D UL R DL ur,2,13,45,7,3,16,3
FS D dl UL DL R ur,2,13,45,7,3,15,3
FS D dl UL R DL ur,2,13,45,7,3,15,3
FS D UL dl DL R ur,2,13,45,7,3,17,4
FS D UL DL dl R ur,2,13,45,7,3,15,4
FS D UL dl R DL ur,2,13,45,7,3,13,3
FS D UL DL R dl ur,2,13,45,7,3,13,3
FS dl D UL DL R ur,2,13,45,7,3,17,3
FS dl D UL R DL ur,2,13,45,7,3,17,3
D dl DL R UL ur FS,2,14,45,8,3,18,4
D DL dl R UL ur FS,2,14,45,8,3,14,4
D dl DL R ur UL FS,2,14,45,8,3,18,4
D DL dl R ur UL FS,2,14,45,8,3,14,4
D dl DL ur R UL FS,2,14,45,8,3,18,4
D DL dl ur R UL FS,2,14,45,8,3,16,4
D dl R DL UL ur FS,2,14,45,8,3,14,3
D DL R dl UL ur FS,2,14,45,8,3,12,3
D dl R DL ur UL FS,2,14,45,8,3,14,3
D DL R dl ur UL FS,2,14,45,8,3,12,3
D dl R UL DL ur FS,2,14,45,8,3,14,3
D dl R ur DL UL FS,2,14,45,8,3,14,3
D DL R ur dl UL FS,2,14,45,8,3,14,3
D DL R ur UL dl FS,2,14,45,8,3,14,3
D dl ur DL R UL FS,2,14,45,8,3,16,3
D DL ur dl R UL FS,2,14,45,8,3,12,3
D dl ur R DL UL FS,2,14,45,8,3,16,3
D DL ur R dl UL FS,2,14,45,8,3,12,3
D DL ur R UL dl FS,2,14,45,8,3,14,3
D DL ur UL R dl FS,2,14,45,8,3,12,3
D R dl DL UL ur FS,2,14,45,8,3,14,4
D R DL dl UL ur FS,2,14,45,8,3,16,4
D R dl DL ur UL FS,2,14,45,8,3,14,4
D R DL dl ur UL FS,2,14,45,8,3,16,4
D R dl UL DL ur FS,2,14,45,8,3,12,3
D R dl ur DL UL FS,2,14,45,8,3,12,3
D R DL ur dl UL FS,2,14,45,8,3,14,3
D R DL ur UL dl FS,2,14,45,8,3,14,3
D R ur dl DL UL FS,2,14,45,8,3,16,4
D R ur DL dl UL FS,2,14,45,8,3,16,4
D R ur DL UL dl FS,2,14,45,8,3,14,3
D ur dl DL R UL FS,2,14,45,8,3,16,4
D ur DL dl R UL FS,2,14,45,8,3,14,4
D ur dl R DL UL FS,2,14,45,8,3,12,3
D ur DL R dl UL FS,2,14,45,8,3,12,3
D ur DL R UL dl FS,2,14,45,8,3,14,3
D ur DL UL R dl FS,2,14,45,8,3,12,3
D ur R dl DL UL FS,2,14,45,8,3,14,4
D ur R DL dl UL FS,2,14,45,8,3,16,4
D ur R DL UL dl FS,2,14,45,8,3,14,3
dl D DL R UL ur FS,2,14,45,8,3,15,3
dl D DL R ur UL FS,2,14,45,8,3,15,3
dl D DL ur R UL FS,2,14,45,8,3,15,3
dl D R DL UL ur FS,2,14,45,8,3,15,3
dl D R DL ur UL FS,2,14,45,8,3,15,3
dl D R UL DL ur FS,2,14,45,8,3,15,3
dl D R ur DL UL FS,2,14,45,8,3,15,3
dl D ur DL R UL FS,2,14,45,8,3,15,3
dl D ur R DL UL FS,2,14,45,8,3,15,3
dl R D DL UL ur FS,2,14,45,8,3,11,3
dl R D DL ur UL FS,2,14,45,8,3,11,3
dl R D UL DL ur FS,2,14,45,8,3,13,3
dl R D ur DL UL FS,2,14,45,8,3,11,3
dl R ur D DL UL FS,2,14,45,8,3,11,3
dl ur D DL R UL FS,2,14,45,8,3,13,3
dl ur D R DL UL FS,2,14,45,8,3,13,3
dl ur R D DL UL FS,2,14,45,8,3,13,3
R D dl DL UL ur FS,2,14,45,8,3,16,4
R D DL dl UL ur FS,2,14,45,8,3,14,4
R D dl DL ur UL FS,2,14,45,8,3,16,4
R D DL dl ur UL FS,2,14,45,8,3,14,4
R D dl UL DL ur FS,2,14,45,8,3,14,3
R D dl ur DL UL FS,2,14,45,8,3,14,3
R D DL ur dl UL FS,2,14,45,8,3,12,3
R D DL ur UL dl FS,2,14,45,8,3,12,3
R D ur dl DL UL FS,2,14,45,8,3,14,4
R D ur DL dl UL FS,2,14,45,8,3,14,4
R D ur DL UL dl FS,2,14,45,8,3,12,3
R dl D DL UL ur FS,2,14,45,8,3,12,3
R dl D DL ur UL FS,2,14,45,8,3,12,3
R dl D UL DL ur FS,2,14,45,8,3,14,3
R dl D ur DL UL FS,2,14,45,8,3,12,3
R dl ur D DL UL FS,2,14,45,8,3,10,3
R ur D dl DL UL FS,2,14,45,8,3,16,4
R ur D DL dl UL FS,2,14,45,8,3,14,4
R ur D DL UL dl FS,2,14,45,8,3,12,3
R ur dl D DL UL FS,2,14,45,8,3,14,3
ur D dl DL R UL FS,2,14,45,8,3,17,4
ur D DL dl R UL FS,2,14,45,8,3,13,4
ur D dl R DL UL FS,2,14,45,8,3,13,3
ur D DL R dl UL FS,2,14,45,8,3,11,3
ur D DL R UL dl FS,2,14,45,8,3,13,3
ur D DL UL R dl FS,2,14,45,8,3,11,3
ur D R dl DL UL FS,2,14,45,8,3,13,4
ur D R DL dl UL FS,2,14,45,8,3,15,4
ur D R DL UL dl FS,2,14,45,8,3,13,3
ur dl D DL R UL FS,2,14,45,8,3,15,3
ur dl D R DL UL FS,2,14,45,8,3,15,3
ur dl R D DL UL FS,2,14,45,8,3,11,3
ur R D dl DL UL FS,2,14,45,8,3,17,4
ur R D DL dl UL FS,2,14,45,8,3,15,4
ur R D DL UL dl FS,2,14,45,8,3,13,3
ur R dl D DL UL FS,2,14,45,8,3,13,3
D dl FS R DL ur UL,2,13,45,9,3,15,3
D dl FS R UL ur DL,2,13,45,9,3,15,3
D dl FS R ur DL UL,2,13,45,9,3,15,3
D dl FS R ur UL DL,2,13,45,9,3,15,3
D dl FS ur R DL UL,2,13,45,9,3,17,3
D dl FS ur R UL DL,2,13,45,9,3,17,3
D dl R FS DL ur UL,2,13,45,9,3,11,3
D dl R FS UL ur DL,2,13,45,9,3,13,3
D dl R FS ur DL UL,2,13,45,9,3,13,3
D dl R FS ur UL DL,2,13,45,9,3,13,3
D dl R UL FS ur DL,2,13,45,9,3,15,3
D dl R UL ur FS DL,2,13,45,9,3,13,3
D dl R ur FS DL UL,2,13,45,9,3,13,3
D dl R ur FS UL DL,2,13,45,9,3,15,3
D dl R ur UL FS DL,2,13,45,9,3,13,3
D dl ur FS R DL UL,2,13,45,9,3,15,3
D dl ur FS R UL DL,2,13,45,9,3,15,3
D dl ur R FS DL UL,2,13,45,9,3,13,3
D dl ur R FS UL DL,2,13,45,9,3,15,3
D dl ur R UL FS DL,2,13,45,9,3,15,3
D FS dl R DL ur UL,2,13,45,9,3,13,3
D FS dl R UL ur DL,2,13,45,9,3,13,3
D FS dl R ur DL UL,2,13,45,9,3,13,3
D FS dl R ur UL DL,2,13,45,9,3,13,3
D FS dl ur R DL UL,2,13,45,9,3,15,3
D FS dl ur R UL DL,2,13,45,9,3,15,3
D FS R dl DL ur UL,2,13,45,9,3,13,4
D FS R DL dl ur UL,2,13,45,9,3,15,4
D FS R dl UL ur DL,2,13,45,9,3,11,2
D FS R dl ur DL UL,2,13,45,9,3,11,2
D FS R DL ur dl UL,2,13,45,9,3,13,3
D FS R dl ur UL DL,2,13,45,9,3,11,2
D FS R ur dl DL UL,2,13,45,9,3,15,4
D FS R ur DL dl UL,2,13,45,9,3,15,4
D FS R ur dl UL DL,2,13,45,9,3,13,3
D FS ur dl R DL UL,2,13,45,9,3,13,3
D FS ur dl R UL DL,2,13,45,9,3,13,3
D FS ur R dl DL UL,2,13,45,9,3,15,4
D FS ur R DL dl UL,2,13,45,9,3,17,4
D FS ur R dl UL DL,2,13,45,9,3,13,3
D R dl FS DL ur UL,2,13,45,9,3,11,3
D R dl FS UL ur DL,2,13,45,9,3,13,3
D R dl FS ur DL UL,2,13,45,9,3,13,3
D R dl FS ur UL DL,2,13,45,9,3,13,3
D R dl UL FS ur DL,2,13,45,9,3,13,3
D R dl UL ur FS DL,2,13,45,9,3,11,3
D R dl ur FS DL UL,2,13,45,9,3,11,3
D R dl ur FS UL DL,2,13,45,9,3,13,3
D R dl ur UL FS DL,2,13,45,9,3,11,3
D R FS dl DL ur UL,2,13,45,9,3,15,4
D R FS DL dl ur UL,2,13,45,9,3,13,4
D R FS dl UL ur DL,2,13,45,9,3,13,3
D R FS dl ur DL UL,2,13,45,9,3,13,3
D R FS DL ur dl UL,2,13,45,9,3,11,2
D R FS dl ur UL DL,2,13,45,9,3,13,3
D R FS ur dl DL UL,2,13,45,9,3,15,4
D R FS ur DL dl UL,2,13,45,9,3,15,4
D R FS ur dl UL DL,2,13,45,9,3,13,3
D R ur dl FS DL UL,2,13,45,9,3,13,3
D R ur dl FS UL DL,2,13,45,9,3,15,3
D R ur dl UL FS DL,2,13,45,9,3,13,3
D R ur FS dl DL UL,2,13,45,9,3,17,4
D R ur FS DL dl UL,2,13,45,9,3,15,4
D R ur FS dl UL DL,2,13,45,9,3,15,3
D ur dl FS R DL UL,2,13,45,9,3,13,3
D ur dl FS R UL DL,2,13,45,9,3,13,3
D ur dl R FS DL UL,2,13,45,9,3,9,2
D ur dl R FS UL DL,2,13,45,9,3,11,3
D ur dl R UL FS DL,2,13,45,9,3,11,3
D ur FS dl R DL UL,2,13,45,9,3,13,3
D ur FS dl R UL DL,2,13,45,9,3,13,3
D ur FS R dl DL UL,2,13,45,9,3,13,4
D ur FS R DL dl UL,2,13,45,9,3,15,4
D ur FS R dl UL DL,2,13,45,9,3,11,3
D ur R dl FS DL UL,2,13,45,9,3,11,3
D ur R dl FS UL DL,2,13,45,9,3,13,3
D ur R dl UL FS DL,2,13,45,9,3,11,3
D ur R FS dl DL UL,2,13,45,9,3,15,4
D ur R FS DL dl UL,2,13,45,9,3,13,4
D ur R FS dl UL DL,2,13,45,9,3,13,3
dl D FS R DL ur UL,2,13,45,9,3,14,3
dl D FS R UL ur DL,2,13,45,9,3,14,3
dl D FS R ur DL UL,2,13,45,9,3,14,3
dl D FS R ur UL DL,2,13,45,9,3,14,3
dl D FS ur R DL UL,2,13,45,9,3,16,3
dl D FS ur R UL DL,2,13,45,9,3,16,3
dl D R FS DL ur UL,2,13,45,9,3,12,3
dl D R FS UL ur DL,2,13,45,9,3,14,3
dl D R FS ur DL UL,2,13,45,9,3,14,3
dl D R FS ur UL DL,2,13,45,9,3,14,3
dl D R UL FS ur DL,2,13,45,9,3,16,3
dl D R UL ur FS DL,2,13,45,9,3,14,3
dl D R ur FS DL UL,2,13,45,9,3,14,3
dl D R ur FS UL DL,2,13,45,9,3,16,3
dl D R ur UL FS DL,2,13,45,9,3,14,3
dl D ur FS R DL UL,2,13,45,9,3,14,3
dl D ur FS R UL DL,2,13,45,9,3,14,3
dl D ur R FS DL UL,2,13,45,9,3,12,3
dl D ur R FS UL DL,2,13,45,9,3,14,3
dl D ur R UL FS DL,2,13,45,9,3,14,3
dl FS D R DL ur UL,2,13,45,9,3,14,3
dl FS D R UL ur DL,2,13,45,9,3,14,3
dl FS D R ur DL UL,2,13,45,9,3,14,3
dl FS D R ur UL DL,2,13,45,9,3,14,3
dl FS D ur R DL UL,2,13,45,9,3,14,3
dl FS D ur R UL DL,2,13,45,9,3,14,3
dl FS R D DL ur UL,2,13,45,9,3,12,3
dl FS R D UL ur DL,2,13,45,9,3,14,3
dl FS R D ur DL UL,2,13,45,9,3,12,3
dl FS R D ur UL DL,2,13,45,9,3,12,3
dl FS R ur D DL UL,2,13,45,9,3,12,3
dl FS R ur D UL DL,2,13,45,9,3,14,3
dl FS ur D R DL UL,2,13,45,9,3,14,3
dl FS ur D R UL DL,2,13,45,9,3,14,3
dl FS ur R D DL UL,2,13,45,9,3,14,3
dl FS ur R D UL DL,2,13,45,9,3,16,3
dl R D FS DL ur UL,2,13,45,9,3,10,2
dl R D FS UL ur DL,2,13,45,9,3,12,3
dl R D FS ur DL UL,2,13,45,9,3,12,3
dl R D FS ur UL DL,2,13,45,9,3,12,3
dl R D UL FS ur DL,2,13,45,9,3,14,3
dl R D UL ur FS DL,2,13,45,9,3,12,3
dl R D ur FS DL UL,2,13,45,9,3,10,3
dl R D ur FS UL DL,2,13,45,9,3,12,3
dl R D ur UL FS DL,2,13,45,9,3,10,3
dl R FS D DL ur UL,2,13,45,9,3,10,2
dl R FS D UL ur DL,2,13,45,9,3,12,3
dl R FS D ur DL UL,2,13,45,9,3,10,2
dl R FS D ur UL DL,2,13,45,9,3,10,2
dl R FS ur D DL UL,2,13,45,9,3,10,3
dl R FS ur D UL DL,2,13,45,9,3,12,3
dl R ur D FS DL UL,2,13,45,9,3,10,3
dl R ur D FS UL DL,2,13,45,9,3,12,3
dl R ur D UL FS DL,2,13,45,9,3,12,3
dl R ur FS D DL UL,2,13,45,9,3,12,3
dl R ur FS D UL DL,2,13,45,9,3,14,3
dl ur D FS R DL UL,2,13,45,9,3,12,3
dl ur D FS R UL DL,2,13,45,9,3,12,3
dl ur D R FS DL UL,2,13,45,9,3,10,2
dl ur D R FS UL DL,2,13,45,9,3,12,3
dl ur D R UL FS DL,2,13,45,9,3,12,3
dl ur FS D R DL UL,2,13,45,9,3,14,3
dl ur FS D R UL DL,2,13,45,9,3,14,3
dl ur FS R D DL UL,2,13,45,9,3,12,3
dl ur FS R D UL DL,2,13,45,9,3,14,3
dl ur R D FS DL UL,2,13,45,9,3,12,3
dl ur R D FS UL DL,2,13,45,9,3,14,3
dl ur R D UL FS DL,2,13,45,9,3,14,3
dl ur R FS D DL UL,2,13,45,9,3,12,3
dl ur R FS D UL DL,2,13,45,9,3,14,3
FS D dl R DL ur UL,2,13,45,9,3,13,3
FS D dl R UL ur DL,2,13,45,9,3,13,3
FS D dl R ur DL UL,2,13,45,9,3,13,3
FS D dl R ur UL DL,2,13,45,9,3,13,3
FS D dl ur R DL UL,2,13,45,9,3,15,3
FS D dl ur R UL DL,2,13,45,9,3,15,3
FS D R dl DL ur UL,2,13,45,9,3,13,4
FS D R DL dl ur UL,2,13,45,9,3,15,4
FS D R dl UL ur DL,2,13,45,9,3,11,2
FS D R dl ur DL UL,2,13,45,9,3,11,2
FS D R DL ur dl UL,2,13,45,9,3,13,3
FS D R dl ur UL DL,2,13,45,9,3,11,2
FS D R ur dl DL UL,2,13,45,9,3,15,4
FS D R ur DL dl UL,2,13,45,9,3,15,4
FS D R ur dl UL DL,2,13,45,9,3,13,3
FS D ur dl R DL UL,2,13,45,9,3,11,3
FS D ur dl R UL DL,2,13,45,9,3,11,3
FS D ur R dl DL UL,2,13,45,9,3,13,4
FS D ur R DL dl UL,2,13,45,9,3,15,4
FS D ur R dl UL DL,2,13,45,9,3,11,3
FS dl D R DL ur UL,2,13,45,9,3,15,3
FS dl D R UL ur DL,2,13,45,9,3,15,3
FS dl D R ur DL UL,2,13,45,9,3,15,3
FS dl D R ur UL DL,2,13,45,9,3,15,3
FS dl D ur R DL UL,2,13,45,9,3,15,3
FS dl D ur R UL DL,2,13,45,9,3,15,3
FS dl R D DL ur UL,2,13,45,9,3,11,3
FS dl R D UL ur DL,2,13,45,9,3,13,3
FS dl R D ur DL UL,2,13,45,9,3,11,3
FS dl R D ur UL DL,2,13,45,9,3,11,3
FS dl R ur D DL UL,2,13,45,9,3,11,3
FS dl R ur D UL DL,2,13,45,9,3,13,3
FS dl ur D R DL UL,2,13,45,9,3,13,3
FS dl ur D R UL DL,2,13,45,9,3,13,3
FS dl ur R D DL UL,2,13,45,9,3,13,3
FS dl ur R D UL DL,2,13,45,9,3,15,3
FS R D dl DL ur UL,2,13,45,9,3,15,4
FS R D DL dl ur UL,2,13,45,9,3,13,4
FS R D dl UL ur DL,2,13,45,9,3,13,3
FS R D dl ur DL UL,2,13,45,9,3,13,3
FS R D DL ur dl UL,2,13,45,9,3,11,2
FS R D dl ur UL DL,2,13,45,9,3,13,3
FS R D ur dl DL UL,2,13,45,9,3,13,4
FS R D ur DL dl UL,2,13,45,9,3,13,4
FS R D ur dl UL DL,2,13,45,9,3,11,2
FS R dl D DL ur UL,2,13,45,9,3,11,3
FS R dl D UL ur DL,2,13,45,9,3,13,3
FS R dl D ur DL UL,2,13,45,9,3,11,3
FS R dl D ur UL DL,2,13,45,9,3,11,3
FS R dl ur D DL UL,2,13,45,9,3,9,2
FS R dl ur D UL DL,2,13,45,9,3,11,3
FS R ur D dl DL UL,2,13,45,9,3,15,4
FS R ur D DL dl UL,2,13,45,9,3,13,4
FS R ur D dl UL DL,2,13,45,9,3,13,3
FS R ur dl D DL UL,2,13,45,9,3,13,3
FS R ur dl D UL DL,2,13,45,9,3,15,3
FS ur D dl R DL UL,2,13,45,9,3,13,3
FS ur D dl R UL DL,2,13,45,9,3,13,3
FS ur D R dl DL UL,2,13,45,9,3,13,4
FS ur D R DL dl UL,2,13,45,9,3,15,4
FS ur D R dl UL DL,2,13,45,9,3,11,3
FS ur dl D R DL UL,2,13,45,9,3,15,3
FS ur dl D R UL DL,2,13,45,9,3,15,3
FS ur dl R D DL UL,2,13,45,9,3,11,3
FS ur dl R D UL DL,2,13,45,9,3,13,3
FS ur R D dl DL UL,2,13,45,9,3,17,4
FS ur R D DL dl UL,2,13,45,9,3,15,4
FS ur R D dl UL DL,2,13,45,9,3,15,3
FS ur R dl D DL UL,2,13,45,9,3,13,3
FS ur R dl D UL DL,2,13,45,9,3,15,3
R D dl FS DL ur UL,2,13,45,9,3,13,3
R D dl FS UL ur DL,2,13,45,9,3,15,3
R D dl FS ur DL UL,2,13,45,9,3,15,3
R D dl FS ur UL DL,2,13,45,9,3,15,3
R D dl UL FS ur DL,2,13,45,9,3,15,3
R D dl UL ur FS DL,2,13,45,9,3,13,3
R D dl ur FS DL UL,2,13,45,9,3,13,3
R D dl ur FS UL DL,2,13,45,9,3,15,3
R D dl ur UL FS DL,2,13,45,9,3,13,3
R D FS dl DL ur UL,2,13,45,9,3,15,4
R D FS DL dl ur UL,2,13,45,9,3,13,4
R D FS dl UL ur DL,2,13,45,9,3,13,3
R D FS dl ur DL UL,2,13,45,9,3,13,3
R D FS DL ur dl UL,2,13,45,9,3,11,2
R D FS dl ur UL DL,2,13,45,9,3,13,3
R D FS ur dl DL UL,2,13,45,9,3,15,4
R D FS ur DL dl UL,2,13,45,9,3,15,4
R D FS ur dl UL DL,2,13,45,9,3,13,3
R D ur dl FS DL UL,2,13,45,9,3,11,3
R D ur dl FS UL DL,2,13,45,9,3,13,3
R D ur dl UL FS DL,2,13,45,9,3,11,3
R D ur FS dl DL UL,2,13,45,9,3,15,4
R D ur FS DL dl UL,2,13,45,9,3,13,4
R D ur FS dl UL DL,2,13,45,9,3,13,3
R dl D FS DL ur UL,2,13,45,9,3,11,3
R dl D FS UL ur DL,2,13,45,9,3,13,3
R dl D FS ur DL UL,2,13,45,9,3,13,3
R dl D FS ur UL DL,2,13,45,9,3,13,3
R dl D UL FS ur DL,2,13,45,9,3,15,3
R dl D UL ur FS DL,2,13,45,9,3,13,3
R dl D ur FS DL UL,2,13,45,9,3,11,3
R dl D ur FS UL DL,2,13,45,9,3,13,3
R dl D ur UL FS DL,2,13,45,9,3,11,3
R dl FS D DL ur UL,2,13,45,9,3,11,3
R dl FS D UL ur DL,2,13,45,9,3,13,3
R dl FS D ur DL UL,2,13,45,9,3,11,3
R dl FS D ur UL DL,2,13,45,9,3,11,3
R dl FS ur D DL UL,2,13,45,9,3,11,3
R dl FS ur D UL DL,2,13,45,9,3,13,3
R dl ur D FS DL UL,2,13,45,9,3,9,2
R dl ur D FS UL DL,2,13,45,9,3,11,3
R dl ur D UL FS DL,2,13,45,9,3,11,3
R dl ur FS D DL UL,2,13,45,9,3,11,3
R dl ur FS D UL DL,2,13,45,9,3,13,3
R FS D dl DL ur UL,2,13,45,9,3,15,4
R FS D DL dl ur UL,2,13,45,9,3,13,4
R FS D dl UL ur DL,2,13,45,9,3,13,3
R FS D dl ur DL UL,2,13,45,9,3,13,3
R FS D DL ur dl UL,2,13,45,9,3,11,2
R FS D dl ur UL DL,2,13,45,9,3,13,3
R FS D ur dl DL UL,2,13,45,9,3,13,4
R FS D ur DL dl UL,2,13,45,9,3,13,4
R FS D ur dl UL DL,2,13,45,9,3,11,2
R FS dl D DL ur UL,2,13,45,9,3,13,3
R FS dl D UL ur DL,2,13,45,9,3,15,3
R FS dl D ur DL UL,2,13,45,9,3,13,3
R FS dl D ur UL DL,2,13,45,9,3,13,3
R FS dl ur D DL UL,2,13,45,9,3,11,3
R FS dl ur D UL DL,2,13,45,9,3,13,3
R FS ur D dl DL UL,2,13,45,9,3,15,4
R FS ur D DL dl UL,2,13,45,9,3,13,4
R FS ur D dl UL DL,2,13,45,9,3,13,3
R FS ur dl D DL UL,2,13,45,9,3,13,3
R FS ur dl D UL DL,2,13,45,9,3,15,3
R ur D dl FS DL UL,2,13,45,9,3,13,3
R ur D dl FS UL DL,2,13,45,9,3,15,3
R ur D dl UL FS DL,2,13,45,9,3,13,3
R ur D FS dl DL UL,2,13,45,9,3,15,4
R ur D FS DL dl UL,2,13,45,9,3,13,4
R ur D FS dl UL DL,2,13,45,9,3,13,3
R ur dl D FS DL UL,2,13,45,9,3,13,3
R ur dl D FS UL DL,2,13,45,9,3,15,3
R ur dl D UL FS DL,2,13,45,9,3,15,3
R ur dl FS D DL UL,2,13,45,9,3,13,3
R ur dl FS D UL DL,2,13,45,9,3,15,3
R ur FS D dl DL UL,2,13,45,9,3,17,4
R ur FS D DL dl UL,2,13,45,9,3,15,4
R ur FS D dl UL DL,2,13,45,9,3,15,3
R ur FS dl D DL UL,2,13,45,9,3,15,3
R ur FS dl D UL DL,2,13,45,9,3,17,3
ur D dl FS R DL UL,2,13,45,9,3,14,3
ur D dl FS R UL DL,2,13,45,9,3,14,3
ur D dl R FS DL UL,2,13,45,9,3,10,3
ur D dl R FS UL DL,2,13,45,9,3,12,3
ur D dl R UL FS DL,2,13,45,9,3,12,3
ur D FS dl R DL UL,2,13,45,9,3,12,3
ur D FS dl R UL DL,2,13,45,9,3,12,3
ur D FS R dl DL UL,2,13,45,9,3,12,4
ur D FS R DL dl UL,2,13,45,9,3,14,4
ur D FS R dl UL DL,2,13,45,9,3,10,2
ur D R dl FS DL UL,2,13,45,9,3,10,3
ur D R dl FS UL DL,2,13,45,9,3,12,3
ur D R dl UL FS DL,2,13,45,9,3,10,3
ur D R FS dl DL UL,2,13,45,9,3,14,4
ur D R FS DL dl UL,2,13,45,9,3,12,4
ur D R FS dl UL DL,2,13,45,9,3,12,3
ur dl D FS R DL UL,2,13,45,9,3,14,3
ur dl D FS R UL DL,2,13,45,9,3,14,3
ur dl D R FS DL UL,2,13,45,9,3,12,3
ur dl D R FS UL DL,2,13,45,9,3,14,3
ur dl D R UL FS DL,2,13,45,9,3,14,3
ur dl FS D R DL UL,2,13,45,9,3,14,3
ur dl FS D R UL DL,2,13,45,9,3,14,3
ur dl FS R D DL UL,2,13,45,9,3,12,3
ur dl FS R D UL DL,2,13,45,9,3,14,3
ur dl R D FS DL UL,2,13,45,9,3,10,2
ur dl R D FS UL DL,2,13,45,9,3,12,3
ur dl R D UL FS DL,2,13,45,9,3,12,3
ur dl R FS D DL UL,2,13,45,9,3,10,2
ur dl R FS D UL DL,2,13,45,9,3,12,3
ur FS D dl R DL UL,2,13,45,9,3,14,3
ur FS D dl R UL DL,2,13,45,9,3,14,3
ur FS D R dl DL UL,2,13,45,9,3,14,4
ur FS D R DL dl UL,2,13,45,9,3,16,4
ur FS D R dl UL DL,2,13,45,9,3,12,3
ur FS dl D R DL UL,2,13,45,9,3,16,3
ur FS dl D R UL DL,2,13,45,9,3,16,3
ur FS dl R D DL UL,2,13,45,9,3,12,3
ur FS dl R D UL DL,2,13,45,9,3,14,3
ur FS R D dl DL UL,2,13,45,9,3,16,4
ur FS R D DL dl UL,2,13,45,9,3,14,4
ur FS R D dl UL DL,2,13,45,9,3,14,3
ur FS R dl D DL UL,2,13,45,9,3,12,3
ur FS R dl D UL DL,2,13,45,9,3,14,3
ur R D dl FS DL UL,2,13,45,9,3,14,3
ur R D dl FS UL DL,2,13,45,9,3,16,3
ur R D dl UL FS DL,2,13,45,9,3,14,3
ur R D FS dl DL UL,2,13,45,9,3,16,4
ur R D FS DL dl UL,2,13,45,9,3,14,4
ur R D FS dl UL DL,2,13,45,9,3,14,3
ur R dl D FS DL UL,2,13,45,9,3,12,3
ur R dl D FS UL DL,2,13,45,9,3,14,3
ur R dl D UL FS DL,2,13,45,9,3,14,3
ur R dl FS D DL UL,2,13,45,9,3,12,3
ur R dl FS D UL DL,2,13,45,9,3,14,3
ur R FS D dl DL UL,2,13,45,9,3,16,4
ur R FS D DL dl UL,2,13,45,9,3,14,4
ur R FS D dl UL DL,2,13,45,9,3,14,3
ur R FS dl D DL UL,2,13,45,9,3,14,3
ur R FS dl D UL DL,2,13,45,9,3,16,3
DL UL FS ur D R dl,2,14,46,6,3,12,3
DL UL ur D FS R dl,2,14,46,6,3,10,2
DL UL ur FS D R dl,2,14,46,6,3,12,3
DL ur UL D FS R dl,2,14,46,6,3,12,3
DL ur UL FS D R dl,2,14,46,6,3,12,3
UL DL FS ur D R dl,2,14,46,6,3,10,3
UL DL ur D FS R dl,2,14,46,6,3,10,2
UL DL ur FS D R dl,2,14,46,6,3,12,3
UL ur DL D FS R dl,2,14,46,6,3,10,2
UL ur DL FS D R dl,2,14,46,6,3,10,2
ur DL UL D FS R dl,2,14,46,6,3,12,3
ur DL UL FS D R dl,2,14,46,6,3,12,3
ur UL DL D FS R dl,2,14,46,6,3,10,2
ur UL DL FS D R dl,2,14,46,6,3,10,2
dl DL UL R ur D FS,2,14,47,6,3,15,4
DL dl UL R ur D FS,2,14,47,6,3,15,4
dl DL UL ur D R FS,2,14,47,6,3,13,4
DL dl UL ur D R FS,2,14,47,6,3,13,4
dl DL UL ur R D FS,2,14,47,6,3,15,4
DL dl UL ur R D FS,2,14,47,6,3,15,4
dl DL ur UL D R FS,2,14,47,6,3,15,4
DL dl ur UL D R FS,2,14,47,6,3,15,4
dl DL ur UL R D FS,2,14,47,6,3,15,4
DL dl ur UL R D FS,2,14,47,6,3,15,4
dl UL DL R ur D FS,2,14,47,6,3,13,3
DL UL dl R ur D FS,2,14,47,6,3,11,3
dl UL DL ur D R FS,2,14,47,6,3,11,2
DL UL dl ur D R FS,2,14,47,6,3,11,2
dl UL DL ur R D FS,2,14,47,6,3,13,3
DL UL dl ur R D FS,2,14,47,6,3,13,3
dl UL R DL ur D FS,2,14,47,6,3,13,3
dl UL R ur DL D FS,2,14,47,6,3,13,3
DL UL ur D dl R FS,2,14,47,6,3,11,3
dl UL ur DL D R FS,2,14,47,6,3,11,2
DL UL ur dl D R FS,2,14,47,6,3,13,3
dl UL ur DL R D FS,2,14,47,6,3,13,3
DL UL ur dl R D FS,2,14,47,6,3,11,2
dl UL ur R DL D FS,2,14,47,6,3,13,3
dl ur DL UL D R FS,2,14,47,6,3,13,3
DL ur dl UL D R FS,2,14,47,6,3,13,3
dl ur DL UL R D FS,2,14,47,6,3,13,3
DL ur dl UL R D FS,2,14,47,6,3,13,3
DL ur UL D dl R FS,2,14,47,6,3,13,3
dl ur UL DL D R FS,2,14,47,6,3,11,2
DL ur UL dl D R FS,2,14,47,6,3,13,3
dl ur UL DL R D FS,2,14,47,6,3,13,3
DL ur UL dl R D FS,2,14,47,6,3,11,2
dl ur UL R DL D FS,2,14,47,6,3,13,3
UL dl DL R ur D FS,2,14,47,6,3,15,4
UL DL dl R ur D FS,2,14,47,6,3,13,4
UL dl DL ur D R FS,2,14,47,6,3,13,4
UL DL dl ur D R FS,2,14,47,6,3,13,4
UL dl DL ur R D FS,2,14,47,6,3,15,4
UL DL dl ur R D FS,2,14,47,6,3,15,4
UL dl R DL ur D FS,2,14,47,6,3,11,3
UL dl R ur DL D FS,2,14,47,6,3,11,3
UL DL ur D dl R FS,2,14,47,6,3,11,3
UL dl ur DL D R FS,2,14,47,6,3,11,2
UL DL ur dl D R FS,2,14,47,6,3,13,3
UL dl ur DL R D FS,2,14,47,6,3,13,3
UL DL ur dl R D FS,2,14,47,6,3,11,2
UL dl ur R DL D FS,2,14,47,6,3,13,3
UL ur DL D dl R FS,2,14,47,6,3,11,3
UL ur dl DL D R FS,2,14,47,6,3,13,4
UL ur DL dl D R FS,2,14,47,6,3,15,4
UL ur dl DL R D FS,2,14,47,6,3,15,4
UL ur DL dl R D FS,2,14,47,6,3,13,4
UL ur dl R DL D FS,2,14,47,6,3,11,3
ur dl DL UL D R FS,2,14,47,6,3,15,4
ur DL dl UL D R FS,2,14,47,6,3,15,4
ur dl DL UL R D FS,2,14,47,6,3,15,4
ur DL dl UL R D FS,2,14,47,6,3,15,4
ur DL UL D dl R FS,2,14,47,6,3,13,3
ur dl UL DL D R FS,2,14,47,6,3,11,2
ur DL UL dl D R FS,2,14,47,6,3,13,3
ur dl UL DL R D FS,2,14,47,6,3,13,3
ur DL UL dl R D FS,2,14,47,6,3,11,2
ur dl UL R DL D FS,2,14,47,6,3,13,3
ur UL DL D dl R FS,2,14,47,6,3,11,3
ur UL dl DL D R FS,2,14,47,6,3,13,4
ur UL DL dl D R FS,2,14,47,6,3,15,4
ur UL dl DL R D FS,2,14,47,6,3,15,4
ur UL DL dl R D FS,2,14,47,6,3,13,4
ur UL dl R DL D FS,2,14,47,6,3,11,3
dl FS UL DL R ur D,2,13,47,7,3,15,3
dl FS UL DL ur D R,2,13,47,7,3,13,3
dl FS UL DL ur R D,2,13,47,7,3,15,3
dl FS UL R DL ur D,2,13,47,7,3,15,3
dl FS UL R ur DL D,2,13,47,7,3,15,3
dl FS UL ur DL D R,2,13,47,7,3,13,3
dl FS UL ur DL R D,2,13,47,7,3,15,3
dl FS UL ur R DL D,2,13,47,7,3,15,3
dl FS ur UL DL D R,2,13,47,7,3,13,3
dl FS ur UL DL R D,2,13,47,7,3,15,3
dl FS ur UL R DL D,2,13,47,7,3,15,3
dl UL FS DL R ur D,2,13,47,7,3,13,3
dl UL FS DL ur D R,2,13,47,7,3,11,3
dl UL FS DL ur R D,2,13,47,7,3,13,3
dl UL FS R DL ur D,2,13,47,7,3,13,3
dl UL FS R ur DL D,2,13,47,7,3,13,3
dl UL FS ur DL D R,2,13,47,7,3,13,3
dl UL FS ur DL R D,2,13,47,7,3,15,3
dl UL FS ur R DL D,2,13,47,7,3,15,3
dl UL R FS DL ur D,2,13,47,7,3,11,3
dl UL R FS ur DL D,2,13,47,7,3,13,3
dl UL R ur FS DL D,2,13,47,7,3,13,3
dl UL ur FS DL D R,2,13,47,7,3,11,3
dl UL ur FS DL R D,2,13,47,7,3,13,3
dl UL ur FS R DL D,2,13,47,7,3,13,3
dl UL ur R FS DL D,2,13,47,7,3,11,3
dl ur FS UL DL D R,2,13,47,7,3,13,3
dl ur FS UL DL R D,2,13,47,7,3,15,3
dl ur FS UL R DL D,2,13,47,7,3,15,3
dl ur UL FS DL D R,2,13,47,7,3,11,3
dl ur UL FS DL R D,2,13,47,7,3,13,3
dl ur UL FS R DL D,2,13,47,7,3,13,3
dl ur UL R FS DL D,2,13,47,7,3,11,3
FS dl UL DL R ur D,2,13,47,7,3,14,3
FS dl UL DL ur D R,2,13,47,7,3,12,3
FS dl UL DL ur R D,2,13,47,7,3,14,3
FS dl UL R DL ur D,2,13,47,7,3,14,3
FS dl UL R ur DL D,2,13,47,7,3,14,3
FS dl UL ur DL D R,2,13,47,7,3,12,3
FS dl UL ur DL R D,2,13,47,7,3,14,3
FS dl UL ur R DL D,2,13,47,7,3,14,3
FS dl ur UL DL D R,2,13,47,7,3,12,3
FS dl ur UL DL R D,2,13,47,7,3,14,3
FS dl ur UL R DL D,2,13,47,7,3,14,3
FS UL dl DL R ur D,2,13,47,7,3,16,4
FS UL DL dl R ur D,2,13,47,7,3,14,4
FS UL dl DL ur D R,2,13,47,7,3,14,4
FS UL DL dl ur D R,2,13,47,7,3,14,4
FS UL dl DL ur R D,2,13,47,7,3,16,4
FS UL DL dl ur R D,2,13,47,7,3,16,4
FS UL dl R DL ur D,2,13,47,7,3,12,3
FS UL dl R ur DL D,2,13,47,7,3,12,3
FS UL DL ur D dl R,2,13,47,7,3,12,3
FS UL dl ur DL D R,2,13,47,7,3,12,3
FS UL DL ur dl D R,2,13,47,7,3,14,3
FS UL dl ur DL R D,2,13,47,7,3,14,3
FS UL DL ur dl R D,2,13,47,7,3,12,3
FS UL dl ur R DL D,2,13,47,7,3,14,3
FS UL ur DL D dl R,2,13,47,7,3,12,3
FS UL ur dl DL D R,2,13,47,7,3,14,4
FS UL ur DL dl D R,2,13,47,7,3,16,4
FS UL ur dl DL R D,2,13,47,7,3,16,4
FS UL ur DL dl R D,2,13,47,7,3,14,4
FS UL ur dl R DL D,2,13,47,7,3,12,3
FS ur dl UL DL D R,2,13,47,7,3,12,3
FS ur dl UL DL R D,2,13,47,7,3,14,3
FS ur dl UL R DL D,2,13,47,7,3,14,3
FS ur UL DL D dl R,2,13,47,7,3,12,3
FS ur UL dl DL D R,2,13,47,7,3,14,4
FS ur UL DL dl D R,2,13,47,7,3,16,4
FS ur UL dl DL R D,2,13,47,7,3,16,4
FS ur UL DL dl R D,2,13,47,7,3,14,4
FS ur UL dl R DL D,2,13,47,7,3,12,3
UL dl FS DL R ur D,2,13,47,7,3,13,3
UL dl FS DL ur D R,2,13,47,7,3,11,3
UL dl FS DL ur R D,2,13,47,7,3,13,3
UL dl FS R DL ur D,2,13,47,7,3,13,3
UL dl FS R ur DL D,2,13,47,7,3,13,3
UL dl FS ur DL D R,2,13,47,7,3,13,3
UL dl FS ur DL R D,2,13,47,7,3,15,3
UL dl FS ur R DL D,2,13,47,7,3,15,3
UL dl R FS DL ur D,2,13,47,7,3,9,2
UL dl R FS ur DL D,2,13,47,7,3,11,3
UL dl R ur FS DL D,2,13,47,7,3,11,3
UL dl ur FS DL D R,2,13,47,7,3,11,3
UL dl ur FS DL R D,2,13,47,7,3,13,3
UL dl ur FS R DL D,2,13,47,7,3,13,3
UL dl ur R FS DL D,2,13,47,7,3,11,3
UL FS dl DL R ur D,2,13,47,7,3,17,4
UL FS DL dl R ur D,2,13,47,7,3,13,4
UL FS dl DL ur D R,2,13,47,7,3,15,4
UL FS DL dl ur D R,2,13,47,7,3,13,4
UL FS dl DL ur R D,2,13,47,7,3,17,4
UL FS DL dl ur R D,2,13,47,7,3,15,4
UL FS dl R DL ur D,2,13,47,7,3,13,3
UL FS dl R ur DL D,2,13,47,7,3,13,3
UL FS DL ur D dl R,2,13,47,7,3,11,3
UL FS dl ur DL D R,2,13,47,7,3,13,3
UL FS DL ur dl D R,2,13,47,7,3,13,3
UL FS dl ur DL R D,2,13,47,7,3,15,3
UL FS DL ur dl R D,2,13,47,7,3,11,3
UL FS dl ur R DL D,2,13,47,7,3,15,3
UL FS ur DL D dl R,2,13,47,7,3,13,3
UL FS ur dl DL D R,2,13,47,7,3,15,4
UL FS ur DL dl D R,2,13,47,7,3,17,4
UL FS ur dl DL R D,2,13,47,7,3,17,4
UL FS ur DL dl R D,2,13,47,7,3,15,4
UL FS ur dl R DL D,2,13,47,7,3,13,3
UL ur dl FS DL D R,2,13,47,7,3,11,3
UL ur dl FS DL R D,2,13,47,7,3,13,3
UL ur dl FS R DL D,2,13,47,7,3,13,3
UL ur dl R FS DL D,2,13,47,7,3,9,2
UL ur FS DL D dl R,2,13,47,7,3,11,3
UL ur FS dl DL D R,2,13,47,7,3,15,4
UL ur FS DL dl D R,2,13,47,7,3,15,4
UL ur FS dl DL R D,2,13,47,7,3,17,4
UL ur FS DL dl R D,2,13,47,7,3,13,4
UL ur FS dl R DL D,2,13,47,7,3,13,3
ur dl FS UL DL D R,2,13,47,7,3,13,3
ur dl FS UL DL R D,2,13,47,7,3,15,3
ur dl FS UL R DL D,2,13,47,7,3,15,3
ur dl UL FS DL D R,2,13,47,7,3,11,3
ur dl UL FS DL R D,2,13,47,7,3,13,3
ur dl UL FS R DL D,2,13,47,7,3,13,3
ur dl UL R FS DL D,2,13,47,7,3,11,3
ur FS dl UL DL D R,2,13,47,7,3,13,3
ur FS dl UL DL R D,2,13,47,7,3,15,3
ur FS dl UL R DL D,2,13,47,7,3,15,3
ur FS UL DL D dl R,2,13,47,7,3,13,3
ur FS UL dl DL D R,2,13,47,7,3,15,4
ur FS UL DL dl D R,2,13,47,7,3,17,4
ur FS UL dl DL R D,2,13,47,7,3,17,4
ur FS UL DL dl R D,2,13,47,7,3,15,4
ur FS UL dl R DL D,2,13,47,7,3,13,3
ur UL dl FS DL D R,2,13,47,7,3,11,3
ur UL dl FS DL R D,2,13,47,7,3,13,3
ur UL dl FS R DL D,2,13,47,7,3,13,3
ur UL dl R FS DL D,2,13,47,7,3,9,2
ur UL FS DL D dl R,2,13,47,7,3,11,3
ur UL FS dl DL D R,2,13,47,7,3,15,4
ur UL FS DL dl D R,2,13,47,7,3,15,4
ur UL FS dl DL R D,2,13,47,7,3,17,4
ur UL FS DL dl R D,2,13,47,7,3,13,4
ur UL FS dl R DL D,2,13,47,7,3,13,3
DL D dl R FS UL ur,2,14,47,7,3,12,3
DL D dl R UL FS ur,2,14,47,7,3,14,3
DL D R dl FS UL ur,2,14,47,7,3,12,3
DL D R dl UL FS ur,2,14,47,7,3,12,3
DL D R FS dl UL ur,2,14,47,7,3,12,3
DL D R FS UL dl ur,2,14,47,7,3,12,3
dl DL D R FS UL ur,2,14,47,7,3,14,4
DL dl D R FS UL ur,2,14,47,7,3,16,4
dl DL D R UL FS ur,2,14,47,7,3,16,4
DL dl D R UL FS ur,2,14,47,7,3,18,4
dl DL R D FS UL ur,2,14,47,7,3,16,4
DL dl R D FS UL ur,2,14,47,7,3,14,4
dl DL R D UL FS ur,2,14,47,7,3,18,4
DL dl R D UL FS ur,2,14,47,7,3,16,4
dl DL R UL D FS ur,2,14,47,7,3,18,4
DL dl R UL D FS ur,2,14,47,7,3,16,4
DL R D dl FS UL ur,2,14,47,7,3,16,3
DL R D dl UL FS ur,2,14,47,7,3,16,3
DL R D FS dl UL ur,2,14,47,7,3,14,3
DL R D FS UL dl ur,2,14,47,7,3,14,3
dl R DL D FS UL ur,2,14,47,7,3,12,3
DL R dl D FS UL ur,2,14,47,7,3,14,3
dl R DL D UL FS ur,2,14,47,7,3,14,3
DL R dl D UL FS ur,2,14,47,7,3,16,3
dl R DL UL D FS ur,2,14,47,7,3,14,3
DL R dl UL D FS ur,2,14,47,7,3,14,3
dl R UL D DL FS ur,2,14,47,7,3,12,3
dl R UL DL D FS ur,2,14,47,7,3,12,3
R DL D dl FS UL ur,2,14,47,7,3,15,3
R DL D dl UL FS ur,2,14,47,7,3,15,3
R DL D FS dl UL ur,2,14,47,7,3,13,3
R DL D FS UL dl ur,2,14,47,7,3,13,3
R dl DL D FS UL ur,2,14,47,7,3,13,4
R DL dl D FS UL ur,2,14,47,7,3,17,4
R dl DL D UL FS ur,2,14,47,7,3,15,4
R DL dl D UL FS ur,2,14,47,7,3,19,4
R dl DL UL D FS ur,2,14,47,7,3,15,4
R DL dl UL D FS ur,2,14,47,7,3,17,4
R dl UL D DL FS ur,2,14,47,7,3,11,3
R dl UL DL D FS ur,2,14,47,7,3,11,3
D FS R UL dl DL ur,2,13,47,8,3,15,4
D FS R UL DL dl ur,2,13,47,8,3,15,4
D FS UL R dl DL ur,2,13,47,8,3,15,4
D FS UL R DL dl ur,2,13,47,8,3,17,4
D R FS UL dl DL ur,2,13,47,8,3,15,4
D R FS UL DL dl ur,2,13,47,8,3,15,4
D R UL dl FS DL ur,2,13,47,8,3,13,3
D R UL FS dl DL ur,2,13,47,8,3,17,4
D R UL FS DL dl ur,2,13,47,8,3,15,4
D UL FS R dl DL ur,2,13,47,8,3,15,4
D UL FS R DL dl ur,2,13,47,8,3,17,4
D UL R dl FS DL ur,2,13,47,8,3,13,3
D UL R FS dl DL ur,2,13,47,8,3,17,4
D UL R FS DL dl ur,2,13,47,8,3,15,4
FS D R UL dl DL ur,2,13,47,8,3,15,4
FS D R UL DL dl ur,2,13,47,8,3,15,4
FS D UL R dl DL ur,2,13,47,8,3,15,4
FS D UL R DL dl ur,2,13,47,8,3,17,4
FS R D UL dl DL ur,2,13,47,8,3,15,4
FS R D UL DL dl ur,2,13,47,8,3,15,4
R D FS UL dl DL ur,2,13,47,8,3,15,4
R D FS UL DL dl ur,2,13,47,8,3,15,4
R D UL dl FS DL ur,2,13,47,8,3,13,3
R D UL FS dl DL ur,2,13,47,8,3,17,4
R D UL FS DL dl ur,2,13,47,8,3,15,4
R FS D UL dl DL ur,2,13,47,8,3,15,4
R FS D UL DL dl ur,2,13,47,8,3,15,4
DL D UL FS R ur dl,2,14,48,7,3,14,3
DL D UL FS ur R dl,2,14,48,7,3,14,3
DL D UL ur FS R dl,2,14,48,7,3,12,3
DL R UL FS D ur dl,2,14,48,7,3,14,3
DL R UL FS ur D dl,2,14,48,7,3,16,3
DL R UL ur D FS dl,2,14,48,7,3,14,3
DL R UL ur FS D dl,2,14,48,7,3,16,3
DL R ur UL D FS dl,2,14,48,7,3,16,3
DL R ur UL FS D dl,2,14,48,7,3,16,3
DL UL D FS R ur dl,2,14,48,7,3,14,3
DL UL D FS ur R dl,2,14,48,7,3,14,3
DL UL D ur FS R dl,2,14,48,7,3,12,3
DL UL FS D R ur dl,2,14,48,7,3,14,3
DL UL FS D ur R dl,2,14,48,7,3,12,3
DL UL FS R D ur dl,2,14,48,7,3,12,3
DL UL FS R ur D dl,2,14,48,7,3,14,3
DL UL FS ur R D dl,2,14,48,7,3,16,3
DL UL R FS D ur dl,2,14,48,7,3,12,3
DL UL R FS ur D dl,2,14,48,7,3,14,3
DL UL R ur D FS dl,2,14,48,7,3,14,3
DL UL R ur FS D dl,2,14,48,7,3,16,3
DL UL ur D R FS dl,2,14,48,7,3,12,3
DL UL ur FS R D dl,2,14,48,7,3,14,3
DL UL ur R D FS dl,2,14,48,7,3,14,3
DL UL ur R FS D dl,2,14,48,7,3,14,3
DL ur R UL D FS dl,2,14,48,7,3,16,3
DL ur R UL FS D dl,2,14,48,7,3,16,3
DL ur UL D R FS dl,2,14,48,7,3,14,3
DL ur UL FS R D dl,2,14,48,7,3,14,3
DL ur UL R D FS dl,2,14,48,7,3,14,3
DL ur UL R FS D dl,2,14,48,7,3,14,3
R DL UL FS D ur dl,2,14,48,7,3,13,3
R DL UL FS ur D dl,2,14,48,7,3,15,3
R DL UL ur D FS dl,2,14,48,7,3,13,3
R DL UL ur FS D dl,2,14,48,7,3,15,3
R DL ur UL D FS dl,2,14,48,7,3,15,3
R DL ur UL FS D dl,2,14,48,7,3,15,3
R UL DL FS D ur dl,2,14,48,7,3,11,3
R UL DL FS ur D dl,2,14,48,7,3,13,3
R UL DL ur D FS dl,2,14,48,7,3,13,3
R UL DL ur FS D dl,2,14,48,7,3,15,3
R UL ur DL D FS dl,2,14,48,7,3,13,3
R UL ur DL FS D dl,2,14,48,7,3,13,3
R ur DL UL D FS dl,2,14,48,7,3,15,3
R ur DL UL FS D dl,2,14,48,7,3,15,3
R ur UL DL D FS dl,2,14,48,7,3,13,3
R ur UL DL FS D dl,2,14,48,7,3,13,3
UL D DL FS R ur dl,2,14,48,7,3,12,3
UL D DL FS ur R dl,2,14,48,7,3,12,3
UL D DL ur FS R dl,2,14,48,7,3,12,3
UL DL D FS R ur dl,2,14,48,7,3,12,3
UL DL D FS ur R dl,2,14,48,7,3,12,3
UL DL D ur FS R dl,2,14,48,7,3,10,3
UL DL FS D R ur dl,2,14,48,7,3,12,3
UL DL FS D ur R dl,2,14,48,7,3,10,3
UL DL FS R D ur dl,2,14,48,7,3,10,2
UL DL FS R ur D dl,2,14,48,7,3,12,3
UL DL FS ur R D dl,2,14,48,7,3,14,3
UL DL R FS D ur dl,2,14,48,7,3,12,3
UL DL R FS ur D dl,2,14,48,7,3,14,3
UL DL R ur D FS dl,2,14,48,7,3,14,3
UL DL R ur FS D dl,2,14,48,7,3,16,3
UL DL ur D R FS dl,2,14,48,7,3,12,3
UL DL ur FS R D dl,2,14,48,7,3,14,3
UL DL ur R D FS dl,2,14,48,7,3,14,3
UL DL ur R FS D dl,2,14,48,7,3,14,3
UL R DL FS D ur dl,2,14,48,7,3,12,3
UL R DL FS ur D dl,2,14,48,7,3,14,3
UL R DL ur D FS dl,2,14,48,7,3,14,3
UL R DL ur FS D dl,2,14,48,7,3,16,3
UL R ur DL D FS dl,2,14,48,7,3,14,3
UL R ur DL FS D dl,2,14,48,7,3,14,3
UL ur DL D R FS dl,2,14,48,7,3,12,3
UL ur DL FS R D dl,2,14,48,7,3,12,3
UL ur DL R D FS dl,2,14,48,7,3,14,3
UL ur DL R FS D dl,2,14,48,7,3,14,3
UL ur R DL D FS dl,2,14,48,7,3,14,3
UL ur R DL FS D dl,2,14,48,7,3,14,3
ur DL R UL D FS dl,2,14,48,7,3,16,3
ur DL R UL FS D dl,2,14,48,7,3,16,3
ur DL UL D R FS dl,2,14,48,7,3,14,3
ur DL UL FS R D dl,2,14,48,7,3,14,3
ur DL UL R D FS dl,2,14,48,7,3,14,3
ur DL UL R FS D dl,2,14,48,7,3,14,3
ur R DL UL D FS dl,2,14,48,7,3,16,3
ur R DL UL FS D dl,2,14,48,7,3,16,3
ur R UL DL D FS dl,2,14,48,7,3,14,3
ur R UL DL FS D dl,2,14,48,7,3,14,3
ur UL DL D R FS dl,2,14,48,7,3,12,3
ur UL DL FS R D dl,2,14,48,7,3,12,3
ur UL DL R D FS dl,2,14,48,7,3,14,3
ur UL DL R FS D dl,2,14,48,7,3,14,3
ur UL R DL D FS dl,2,14,48,7,3,14,3
ur UL R DL FS D dl,2,14,48,7,3,14,3
D dl DL FS R UL ur,2,14,49,7,3,15,4
D DL dl FS R UL ur,2,14,49,7,3,15,4
D dl DL FS UL R ur,2,14,49,7,3,17,4
D DL dl FS UL R ur,2,14,49,7,3,17,4
D dl FS DL R UL ur,2,14,49,7,3,15,3
D DL FS dl R UL ur,2,14,49,7,3,11,3
D dl FS DL UL R ur,2,14,49,7,3,15,3
D DL FS dl UL R ur,2,14,49,7,3,13,3
D DL FS R dl UL ur,2,14,49,7,3,9,2
D DL FS R UL dl ur,2,14,49,7,3,11,3
D DL FS UL dl R ur,2,14,49,7,3,11,3
D DL FS UL R dl ur,2,14,49,7,3,11,3
D FS dl DL R UL ur,2,14,49,7,3,17,4
D FS DL dl R UL ur,2,14,49,7,3,13,4
D FS dl DL UL R ur,2,14,49,7,3,17,4
D FS DL dl UL R ur,2,14,49,7,3,15,4
D FS DL R dl UL ur,2,14,49,7,3,11,3
D FS DL R UL dl ur,2,14,49,7,3,13,3
D FS DL UL dl R ur,2,14,49,7,3,11,3
D FS DL UL R dl ur,2,14,49,7,3,11,3
dl D DL FS R UL ur,2,14,49,7,3,12,3
dl D DL FS UL R ur,2,14,49,7,3,14,3
DL D dl UL R ur FS,2,14,49,7,3,15,3
DL D dl UL ur R FS,2,14,49,7,3,13,3
dl D FS DL R UL ur,2,14,49,7,3,14,3
dl D FS DL UL R ur,2,14,49,7,3,14,3
DL D UL dl R ur FS,2,14,49,7,3,13,3
DL D UL dl ur R FS,2,14,49,7,3,13,3
DL D UL ur dl R FS,2,14,49,7,3,11,3
dl DL D UL R ur FS,2,14,49,7,3,17,4
DL dl D UL R ur FS,2,14,49,7,3,19,4
dl DL D UL ur R FS,2,14,49,7,3,15,4
DL dl D UL ur R FS,2,14,49,7,3,17,4
dl DL UL D R ur FS,2,14,49,7,3,17,4
DL dl UL D R ur FS,2,14,49,7,3,17,4
dl DL UL D ur R FS,2,14,49,7,3,15,4
DL dl UL D ur R FS,2,14,49,7,3,15,4
dl DL UL R D ur FS,2,14,49,7,3,15,4
DL dl UL R D ur FS,2,14,49,7,3,15,4
dl FS D DL R UL ur,2,14,49,7,3,14,3
dl FS D DL UL R ur,2,14,49,7,3,14,3
DL R UL dl ur D FS,2,14,49,7,3,13,3
DL R UL ur D dl FS,2,14,49,7,3,15,3
DL R UL ur dl D FS,2,14,49,7,3,15,3
DL R ur UL D dl FS,2,14,49,7,3,17,3
DL R ur UL dl D FS,2,14,49,7,3,15,3
dl UL D DL R ur FS,2,14,49,7,3,15,3
DL UL D dl R ur FS,2,14,49,7,3,15,3
dl UL D DL ur R FS,2,14,49,7,3,13,3
DL UL D dl ur R FS,2,14,49,7,3,15,3
dl UL D R DL ur FS,2,14,49,7,3,15,3
DL UL D ur dl R FS,2,14,49,7,3,11,3
dl UL DL D R ur FS,2,14,49,7,3,13,3
DL UL dl D R ur FS,2,14,49,7,3,15,3
dl UL DL D ur R FS,2,14,49,7,3,11,3
DL UL dl D ur R FS,2,14,49,7,3,13,3
dl UL DL R D ur FS,2,14,49,7,3,13,3
DL UL dl R D ur FS,2,14,49,7,3,11,3
dl UL R D DL ur FS,2,14,49,7,3,13,3
dl UL R DL D ur FS,2,14,49,7,3,13,3
DL UL R dl ur D FS,2,14,49,7,3,11,3
DL UL R ur D dl FS,2,14,49,7,3,15,3
DL UL R ur dl D FS,2,14,49,7,3,15,3
DL UL ur D R dl FS,2,14,49,7,3,11,3
DL UL ur R D dl FS,2,14,49,7,3,15,3
DL UL ur R dl D FS,2,14,49,7,3,13,3
DL ur R UL D dl FS,2,14,49,7,3,17,3
DL ur R UL dl D FS,2,14,49,7,3,15,3
DL ur UL D R dl FS,2,14,49,7,3,13,3
DL ur UL R D dl FS,2,14,49,7,3,15,3
DL ur UL R dl D FS,2,14,49,7,3,13,3
FS D dl DL R UL ur,2,14,49,7,3,17,4
FS D DL dl R UL ur,2,14,49,7,3,13,4
FS D dl DL UL R ur,2,14,49,7,3,17,4
FS D DL dl UL R ur,2,14,49,7,3,15,4
FS D DL R dl UL ur,2,14,49,7,3,11,3
FS D DL R UL dl ur,2,14,49,7,3,13,3
FS D DL UL dl R ur,2,14,49,7,3,11,3
FS D DL UL R dl ur,2,14,49,7,3,11,3
FS dl D DL R UL ur,2,14,49,7,3,15,3
FS dl D DL UL R ur,2,14,49,7,3,15,3
R DL UL dl ur D FS,2,14,49,7,3,12,3
R DL UL ur D dl FS,2,14,49,7,3,14,3
R DL UL ur dl D FS,2,14,49,7,3,14,3
R DL ur UL D dl FS,2,14,49,7,3,16,3
R DL ur UL dl D FS,2,14,49,7,3,14,3
R UL dl DL ur D FS,2,14,49,7,3,14,4
R UL DL dl ur D FS,2,14,49,7,3,14,4
R UL DL ur D dl FS,2,14,49,7,3,14,3
R UL dl ur DL D FS,2,14,49,7,3,12,3
R UL DL ur dl D FS,2,14,49,7,3,14,3
R UL ur DL D dl FS,2,14,49,7,3,14,3
R UL ur dl DL D FS,2,14,49,7,3,14,4
R UL ur DL dl D FS,2,14,49,7,3,16,4
R ur DL UL D dl FS,2,14,49,7,3,16,3
R ur DL UL dl D FS,2,14,49,7,3,14,3
R ur UL DL D dl FS,2,14,49,7,3,14,3
R ur UL dl DL D FS,2,14,49,7,3,14,4
R ur UL DL dl D FS,2,14,49,7,3,16,4
UL D dl DL R ur FS,2,14,49,7,3,19,4
UL D DL dl R ur FS,2,14,49,7,3,15,4
UL D dl DL ur R FS,2,14,49,7,3,17,4
UL D DL dl ur R FS,2,14,49,7,3,15,4
UL D dl R DL ur FS,2,14,49,7,3,15,3
UL D DL ur dl R FS,2,14,49,7,3,11,3
UL dl D DL R ur FS,2,14,49,7,3,15,3
UL DL D dl R ur FS,2,14,49,7,3,13,3
UL dl D DL ur R FS,2,14,49,7,3,13,3
UL DL D dl ur R FS,2,14,49,7,3,13,3
UL dl D R DL ur FS,2,14,49,7,3,15,3
UL DL D ur dl R FS,2,14,49,7,3,9,2
UL dl DL D R ur FS,2,14,49,7,3,15,4
UL DL dl D R ur FS,2,14,49,7,3,17,4
UL dl DL D ur R FS,2,14,49,7,3,13,4
UL DL dl D ur R FS,2,14,49,7,3,15,4
UL dl DL R D ur FS,2,14,49,7,3,15,4
UL DL dl R D ur FS,2,14,49,7,3,13,4
UL dl R D DL ur FS,2,14,49,7,3,11,3
UL dl R DL D ur FS,2,14,49,7,3,11,3
UL DL R dl ur D FS,2,14,49,7,3,11,3
UL DL R ur D dl FS,2,14,49,7,3,15,3
UL DL R ur dl D FS,2,14,49,7,3,15,3
UL DL ur D R dl FS,2,14,49,7,3,11,3
UL DL ur R D dl FS,2,14,49,7,3,15,3
UL DL ur R dl D FS,2,14,49,7,3,13,3
UL R dl DL ur D FS,2,14,49,7,3,13,4
UL R DL dl ur D FS,2,14,49,7,3,15,4
UL R DL ur D dl FS,2,14,49,7,3,15,3
UL R dl ur DL D FS,2,14,49,7,3,11,3
UL R DL ur dl D FS,2,14,49,7,3,15,3
UL R ur DL D dl FS,2,14,49,7,3,15,3
UL R ur dl DL D FS,2,14,49,7,3,15,4
UL R ur DL dl D FS,2,14,49,7,3,17,4
UL ur DL D R dl FS,2,14,49,7,3,11,3
UL ur DL R D dl FS,2,14,49,7,3,15,3
UL ur DL R dl D FS,2,14,49,7,3,13,3
UL ur R DL D dl FS,2,14,49,7,3,15,3
UL ur R dl DL D FS,2,14,49,7,3,13,4
UL ur R DL dl D FS,2,14,49,7,3,17,4
ur DL R UL D dl FS,2,14,49,7,3,17,3
ur DL R UL dl D FS,2,14,49,7,3,15,3
ur DL UL D R dl FS,2,14,49,7,3,13,3
ur DL UL R D dl FS,2,14,49,7,3,15,3
ur DL UL R dl D FS,2,14,49,7,3,13,3
ur R DL UL D dl FS,2,14,49,7,3,17,3
ur R DL UL dl D FS,2,14,49,7,3,15,3
ur R UL DL D dl FS,2,14,49,7,3,15,3
ur R UL dl DL D FS,2,14,49,7,3,15,4
ur R UL DL dl D FS,2,14,49,7,3,17,4
ur UL DL D R dl FS,2,14,49,7,3,11,3
ur UL DL R D dl FS,2,14,49,7,3,15,3
ur UL DL R dl D FS,2,14,49,7,3,13,3
ur UL R DL D dl FS,2,14,49,7,3,15,3
ur UL R dl DL D FS,2,14,49,7,3,13,4
ur UL R DL dl D FS,2,14,49,7,3,17,4
dl FS UL D DL ur R,2,13,49,8,3,15,3
dl FS UL D R ur DL,2,13,49,8,3,16,3
dl FS UL D ur DL R,2,13,49,8,3,15,3
dl FS UL D ur R DL,2,13,49,8,3,16,3
dl FS UL DL D ur R,2,13,49,8,3,13,3
dl FS UL R D ur DL,2,13,49,8,3,14,3
dl FS UL R ur D DL,2,13,49,8,3,14,3
dl FS UL ur D DL R,2,13,49,8,3,13,3
dl FS UL ur D R DL,2,13,49,8,3,14,3
dl FS UL ur R D DL,2,13,49,8,3,14,3
dl FS ur UL D DL R,2,13,49,8,3,15,3
dl FS ur UL D R DL,2,13,49,8,3,16,3
dl FS ur UL R D DL,2,13,49,8,3,14,3
dl UL D FS DL ur R,2,13,49,8,3,13,3
dl UL D FS R ur DL,2,13,49,8,3,14,3
dl UL D FS ur DL R,2,13,49,8,3,15,3
dl UL D FS ur R DL,2,13,49,8,3,16,3
dl UL D R FS ur DL,2,13,49,8,3,14,3
dl UL D R ur FS DL,2,13,49,8,3,14,3
dl UL D ur DL FS R,2,13,49,8,3,11,3
dl UL D ur FS DL R,2,13,49,8,3,13,3
dl UL D ur FS R DL,2,13,49,8,3,14,3
dl UL D ur R FS DL,2,13,49,8,3,12,3
dl UL FS D DL ur R,2,13,49,8,3,13,3
dl UL FS D R ur DL,2,13,49,8,3,14,3
dl UL FS D ur DL R,2,13,49,8,3,13,3
dl UL FS D ur R DL,2,13,49,8,3,14,3
dl UL FS DL D ur R,2,13,49,8,3,11,3
dl UL FS R D ur DL,2,13,49,8,3,12,3
dl UL FS R ur D DL,2,13,49,8,3,12,3
dl UL FS ur D DL R,2,13,49,8,3,13,3
dl UL FS ur D R DL,2,13,49,8,3,14,3
dl UL FS ur R D DL,2,13,49,8,3,14,3
dl UL R D FS ur DL,2,13,49,8,3,14,3
dl UL R D ur FS DL,2,13,49,8,3,12,3
dl UL R FS D ur DL,2,13,49,8,3,12,3
dl UL R FS ur D DL,2,13,49,8,3,12,3
dl UL R ur D FS DL,2,13,49,8,3,12,3
dl UL R ur FS D DL,2,13,49,8,3,14,3
dl UL ur D DL FS R,2,13,49,8,3,9,2
dl UL ur D FS DL R,2,13,49,8,3,11,3
dl UL ur D FS R DL,2,13,49,8,3,12,3
dl UL ur D R FS DL,2,13,49,8,3,10,2
dl UL ur FS D DL R,2,13,49,8,3,13,3
dl UL ur FS D R DL,2,13,49,8,3,14,3
dl UL ur FS R D DL,2,13,49,8,3,12,3
dl UL ur R D FS DL,2,13,49,8,3,12,3
dl UL ur R FS D DL,2,13,49,8,3,12,3
dl ur FS UL D DL R,2,13,49,8,3,15,3
dl ur FS UL D R DL,2,13,49,8,3,16,3
dl ur FS UL R D DL,2,13,49,8,3,14,3
dl ur UL D DL FS R,2,13,49,8,3,11,3
dl ur UL D FS DL R,2,13,49,8,3,13,3
dl ur UL D FS R DL,2,13,49,8,3,14,3
dl ur UL D R FS DL,2,13,49,8,3,12,3
dl ur UL FS D DL R,2,13,49,8,3,13,3
dl ur UL FS D R DL,2,13,49,8,3,14,3
dl ur UL FS R D DL,2,13,49,8,3,12,3
dl ur UL R D FS DL,2,13,49,8,3,12,3
dl ur UL R FS D DL,2,13,49,8,3,12,3
FS dl UL D DL ur R,2,13,49,8,3,14,3
FS dl UL D R ur DL,2,13,49,8,3,15,3
FS dl UL D ur DL R,2,13,49,8,3,14,3
FS dl UL D ur R DL,2,13,49,8,3,15,3
FS dl UL DL D ur R,2,13,49,8,3,12,3
FS dl UL R D ur DL,2,13,49,8,3,13,3
FS dl UL R ur D DL,2,13,49,8,3,13,3
FS dl UL ur D DL R,2,13,49,8,3,12,3
FS dl UL ur D R DL,2,13,49,8,3,13,3
FS dl UL ur R D DL,2,13,49,8,3,13,3
FS dl ur UL D DL R,2,13,49,8,3,14,3
FS dl ur UL D R DL,2,13,49,8,3,15,3
FS dl ur UL R D DL,2,13,49,8,3,13,3
FS R UL dl DL ur D,2,13,49,8,3,14,4
FS R UL DL dl ur D,2,13,49,8,3,14,4
FS R UL dl ur DL D,2,13,49,8,3,12,3
FS R UL DL ur dl D,2,13,49,8,3,14,3
FS R UL ur dl DL D,2,13,49,8,3,14,4
FS R UL ur DL dl D,2,13,49,8,3,16,4
FS R ur UL dl DL D,2,13,49,8,3,14,4
FS R ur UL DL dl D,2,13,49,8,3,16,4
FS UL D dl DL ur R,2,13,49,8,3,18,4
FS UL D DL dl ur R,2,13,49,8,3,16,4
FS UL D dl R ur DL,2,13,49,8,3,15,3
FS UL D dl ur DL R,2,13,49,8,3,16,3
FS UL D DL ur dl R,2,13,49,8,3,12,3
FS UL D dl ur R DL,2,13,49,8,3,17,3
FS UL D ur dl DL R,2,13,49,8,3,16,4
FS UL D ur DL dl R,2,13,49,8,3,14,4
FS UL D ur dl R DL,2,13,49,8,3,13,3
FS UL dl D DL ur R,2,13,49,8,3,14,3
FS UL DL D dl ur R,2,13,49,8,3,14,3
FS UL dl D R ur DL,2,13,49,8,3,15,3
FS UL dl D ur DL R,2,13,49,8,3,14,3
FS UL DL D ur dl R,2,13,49,8,3,10,3
FS UL dl D ur R DL,2,13,49,8,3,15,3
FS UL dl DL D ur R,2,13,49,8,3,14,4
FS UL DL dl D ur R,2,13,49,8,3,16,4
FS UL dl R D ur DL,2,13,49,8,3,11,3
FS UL DL R dl ur D,2,13,49,8,3,12,3
FS UL dl R ur D DL,2,13,49,8,3,11,3
FS UL DL R ur dl D,2,13,49,8,3,16,3
FS UL dl ur D DL R,2,13,49,8,3,12,3
FS UL dl ur D R DL,2,13,49,8,3,13,3
FS UL dl ur R D DL,2,13,49,8,3,13,3
FS UL DL ur R dl D,2,13,49,8,3,14,3
FS UL R dl DL ur D,2,13,49,8,3,14,4
FS UL R DL dl ur D,2,13,49,8,3,16,4
FS UL R dl ur DL D,2,13,49,8,3,12,3
FS UL R DL ur dl D,2,13,49,8,3,16,3
FS UL R ur dl DL D,2,13,49,8,3,16,4
FS UL R ur DL dl D,2,13,49,8,3,18,4
FS UL ur D dl DL R,2,13,49,8,3,16,4
FS UL ur D DL dl R,2,13,49,8,3,12,4
FS UL ur D dl R DL,2,13,49,8,3,13,3
FS UL ur dl D DL R,2,13,49,8,3,14,3
FS UL ur dl D R DL,2,13,49,8,3,15,3
FS UL ur dl R D DL,2,13,49,8,3,11,3
FS UL ur DL R dl D,2,13,49,8,3,14,3
FS UL ur R dl DL D,2,13,49,8,3,14,4
FS UL ur R DL dl D,2,13,49,8,3,18,4
FS ur dl UL D DL R,2,13,49,8,3,14,3
FS ur dl UL D R DL,2,13,49,8,3,15,3
FS ur dl UL R D DL,2,13,49,8,3,13,3
FS ur R UL dl DL D,2,13,49,8,3,16,4
FS ur R UL DL dl D,2,13,49,8,3,18,4
FS ur UL D dl DL R,2,13,49,8,3,18,4
FS ur UL D DL dl R,2,13,49,8,3,14,4
FS ur UL D dl R DL,2,13,49,8,3,15,3
FS ur UL dl D DL R,2,13,49,8,3,14,3
FS ur UL dl D R DL,2,13,49,8,3,15,3
FS ur UL dl R D DL,2,13,49,8,3,11,3
FS ur UL DL R dl D,2,13,49,8,3,14,3
FS ur UL R dl DL D,2,13,49,8,3,14,4
FS ur UL R DL dl D,2,13,49,8,3,18,4
R FS UL dl DL ur D,2,13,49,8,3,14,4
R FS UL DL dl ur D,2,13,49,8,3,14,4
R FS UL dl ur DL D,2,13,49,8,3,12,3
R FS UL DL ur dl D,2,13,49,8,3,14,3
R FS UL ur dl DL D,2,13,49,8,3,14,4
R FS UL ur DL dl D,2,13,49,8,3,16,4
R FS ur UL dl DL D,2,13,49,8,3,14,4
R FS ur UL DL dl D,2,13,49,8,3,16,4
R UL dl FS DL ur D,2,13,49,8,3,12,3
R UL dl FS ur DL D,2,13,49,8,3,14,3
R UL dl ur FS DL D,2,13,49,8,3,12,3
R UL FS dl DL ur D,2,13,49,8,3,16,4
R UL FS DL dl ur D,2,13,49,8,3,14,4
R UL FS dl ur DL D,2,13,49,8,3,14,3
R UL FS DL ur dl D,2,13,49,8,3,14,3
R UL FS ur dl DL D,2,13,49,8,3,16,4
R UL FS ur DL dl D,2,13,49,8,3,18,4
R UL ur dl FS DL D,2,13,49,8,3,12,3
R UL ur FS dl DL D,2,13,49,8,3,16,4
R UL ur FS DL dl D,2,13,49,8,3,16,4
R ur FS UL dl DL D,2,13,49,8,3,16,4
R ur FS UL DL dl D,2,13,49,8,3,18,4
R ur UL dl FS DL D,2,13,49,8,3,12,3
R ur UL FS dl DL D,2,13,49,8,3,16,4
R ur UL FS DL dl D,2,13,49,8,3,16,4
UL D dl FS DL ur R,2,13,49,8,3,15,3
UL D dl FS R ur DL,2,13,49,8,3,16,3
UL D dl FS ur DL R,2,13,49,8,3,17,3
UL D dl FS ur R DL,2,13,49,8,3,18,3
UL D dl R FS ur DL,2,13,49,8,3,14,3
UL D dl R ur FS DL,2,13,49,8,3,14,3
UL D dl ur DL FS R,2,13,49,8,3,13,3
UL D dl ur FS DL R,2,13,49,8,3,15,3
UL D dl ur FS R DL,2,13,49,8,3,16,3
UL D dl ur R FS DL,2,13,49,8,3,14,3
UL D FS dl DL ur R,2,13,49,8,3,17,4
UL D FS DL dl ur R,2,13,49,8,3,15,4
UL D FS dl R ur DL,2,13,49,8,3,14,3
UL D FS dl ur DL R,2,13,49,8,3,15,3
UL D FS DL ur dl R,2,13,49,8,3,11,3
UL D FS dl ur R DL,2,13,49,8,3,16,3
UL D FS ur dl DL R,2,13,49,8,3,17,4
UL D FS ur DL dl R,2,13,49,8,3,15,4
UL D FS ur dl R DL,2,13,49,8,3,14,3
UL D ur dl DL FS R,2,13,49,8,3,13,4
UL D ur DL dl FS R,2,13,49,8,3,15,4
UL D ur dl FS DL R,2,13,49,8,3,13,3
UL D ur DL FS dl R,2,13,49,8,3,11,3
UL D ur dl FS R DL,2,13,49,8,3,14,3
UL D ur dl R FS DL,2,13,49,8,3,10,3
UL D ur FS dl DL R,2,13,49,8,3,17,4
UL D ur FS DL dl R,2,13,49,8,3,13,4
UL D ur FS dl R DL,2,13,49,8,3,14,3
UL dl D FS DL ur R,2,13,49,8,3,13,3
UL dl D FS R ur DL,2,13,49,8,3,14,3
UL dl D FS ur DL R,2,13,49,8,3,15,3
UL dl D FS ur R DL,2,13,49,8,3,16,3
UL dl D R FS ur DL,2,13,49,8,3,14,3
UL dl D R ur FS DL,2,13,49,8,3,14,3
UL dl D ur DL FS R,2,13,49,8,3,11,3
UL dl D ur FS DL R,2,13,49,8,3,13,3
UL dl D ur FS R DL,2,13,49,8,3,14,3
UL dl D ur R FS DL,2,13,49,8,3,12,3
UL dl FS D DL ur R,2,13,49,8,3,13,3
UL dl FS D R ur DL,2,13,49,8,3,14,3
UL dl FS D ur DL R,2,13,49,8,3,13,3
UL dl FS D ur R DL,2,13,49,8,3,14,3
UL dl FS DL D ur R,2,13,49,8,3,11,3
UL dl FS R D ur DL,2,13,49,8,3,12,3
UL dl FS R ur D DL,2,13,49,8,3,12,3
UL dl FS ur D DL R,2,13,49,8,3,13,3
UL dl FS ur D R DL,2,13,49,8,3,14,3
UL dl FS ur R D DL,2,13,49,8,3,14,3
UL dl R D FS ur DL,2,13,49,8,3,12,3
UL dl R D ur FS DL,2,13,49,8,3,10,3
UL dl R FS D ur DL,2,13,49,8,3,10,2
UL dl R FS ur D DL,2,13,49,8,3,10,3
UL dl R ur D FS DL,2,13,49,8,3,10,3
UL dl R ur FS D DL,2,13,49,8,3,12,3
UL dl ur D DL FS R,2,13,49,8,3,9,2
UL dl ur D FS DL R,2,13,49,8,3,11,3
UL dl ur D FS R DL,2,13,49,8,3,12,3
UL dl ur D R FS DL,2,13,49,8,3,10,2
UL dl ur FS D DL R,2,13,49,8,3,13,3
UL dl ur FS D R DL,2,13,49,8,3,14,3
UL dl ur FS R D DL,2,13,49,8,3,12,3
UL dl ur R D FS DL,2,13,49,8,3,12,3
UL dl ur R FS D DL,2,13,49,8,3,12,3
UL FS D dl DL ur R,2,13,49,8,3,17,4
UL FS D DL dl ur R,2,13,49,8,3,15,4
UL FS D dl R ur DL,2,13,49,8,3,14,3
UL FS D dl ur DL R,2,13,49,8,3,15,3
UL FS D DL ur dl R,2,13,49,8,3,11,3
UL FS D dl ur R DL,2,13,49,8,3,16,3
UL FS D ur dl DL R,2,13,49,8,3,15,4
UL FS D ur DL dl R,2,13,49,8,3,13,4
UL FS D ur dl R DL,2,13,49,8,3,12,3
UL FS dl D DL ur R,2,13,49,8,3,15,3
UL FS DL D dl ur R,2,13,49,8,3,13,3
UL FS dl D R ur DL,2,13,49,8,3,16,3
UL FS dl D ur DL R,2,13,49,8,3,15,3
UL FS DL D ur dl R,2,13,49,8,3,9,3
UL FS dl D ur R DL,2,13,49,8,3,16,3
UL FS dl DL D ur R,2,13,49,8,3,15,4
UL FS DL dl D ur R,2,13,49,8,3,15,4
UL FS dl R D ur DL,2,13,49,8,3,12,3
UL FS DL R dl ur D,2,13,49,8,3,11,3
UL FS dl R ur D DL,2,13,49,8,3,12,3
UL FS DL R ur dl D,2,13,49,8,3,15,3
UL FS dl ur D DL R,2,13,49,8,3,13,3
UL FS dl ur D R DL,2,13,49,8,3,14,3
UL FS dl ur R D DL,2,13,49,8,3,14,3
UL FS DL ur R dl D,2,13,49,8,3,13,3
UL FS R dl DL ur D,2,13,49,8,3,13,4
UL FS R DL dl ur D,2,13,49,8,3,15,4
UL FS R dl ur DL D,2,13,49,8,3,11,3
UL FS R DL ur dl D,2,13,49,8,3,15,3
UL FS R ur dl DL D,2,13,49,8,3,15,4
UL FS R ur DL dl D,2,13,49,8,3,17,4
UL FS ur D dl DL R,2,13,49,8,3,17,4
UL FS ur D DL dl R,2,13,49,8,3,13,4
UL FS ur D dl R DL,2,13,49,8,3,14,3
UL FS ur dl D DL R,2,13,49,8,3,15,3
UL FS ur dl D R DL,2,13,49,8,3,16,3
UL FS ur dl R D DL,2,13,49,8,3,12,3
UL FS ur DL R dl D,2,13,49,8,3,15,3
UL FS ur R dl DL D,2,13,49,8,3,15,4
UL FS ur R DL dl D,2,13,49,8,3,19,4
UL R dl FS DL ur D,2,13,49,8,3,11,3
UL R dl FS ur DL D,2,13,49,8,3,13,3
UL R dl ur FS DL D,2,13,49,8,3,11,3
UL R FS dl DL ur D,2,13,49,8,3,15,4
UL R FS DL dl ur D,2,13,49,8,3,13,4
UL R FS dl ur DL D,2,13,49,8,3,13,3
UL R FS DL ur dl D,2,13,49,8,3,13,3
UL R FS ur dl DL D,2,13,49,8,3,15,4
UL R FS ur DL dl D,2,13,49,8,3,17,4
UL R ur dl FS DL D,2,13,49,8,3,13,3
UL R ur FS dl DL D,2,13,49,8,3,17,4
UL R ur FS DL dl D,2,13,49,8,3,17,4
UL ur D dl DL FS R,2,13,49,8,3,13,4
UL ur D DL dl FS R,2,13,49,8,3,13,4
UL ur D dl FS DL R,2,13,49,8,3,13,3
UL ur D DL FS dl R,2,13,49,8,3,9,3
UL ur D dl FS R DL,2,13,49,8,3,14,3
UL ur D dl R FS DL,2,13,49,8,3,10,3
UL ur D FS dl DL R,2,13,49,8,3,15,4
UL ur D FS DL dl R,2,13,49,8,3,11,4
UL ur D FS dl R DL,2,13,49,8,3,12,3
UL ur dl D DL FS R,2,13,49,8,3,11,3
UL ur dl D FS DL R,2,13,49,8,3,13,3
UL ur dl D FS R DL,2,13,49,8,3,14,3
UL ur dl D R FS DL,2,13,49,8,3,12,3
UL ur dl FS D DL R,2,13,49,8,3,13,3
UL ur dl FS D R DL,2,13,49,8,3,14,3
UL ur dl FS R D DL,2,13,49,8,3,12,3
UL ur dl R D FS DL,2,13,49,8,3,10,2
UL ur dl R FS D DL,2,13,49,8,3,10,2
UL ur FS D dl DL R,2,13,49,8,3,17,4
UL ur FS D DL dl R,2,13,49,8,3,13,4
UL ur FS D dl R DL,2,13,49,8,3,14,3
UL ur FS dl D DL R,2,13,49,8,3,15,3
UL ur FS dl D R DL,2,13,49,8,3,16,3
UL ur FS dl R D DL,2,13,49,8,3,12,3
UL ur FS DL R dl D,2,13,49,8,3,13,3
UL ur FS R dl DL D,2,13,49,8,3,13,4
UL ur FS R DL dl D,2,13,49,8,3,17,4
UL ur R dl FS DL D,2,13,49,8,3,11,3
UL ur R FS dl DL D,2,13,49,8,3,15,4
UL ur R FS DL dl D,2,13,49,8,3,15,4
ur dl FS UL D DL R,2,13,49,8,3,15,3
ur dl FS UL D R DL,2,13,49,8,3,16,3
ur dl FS UL R D DL,2,13,49,8,3,14,3
ur dl UL D DL FS R,2,13,49,8,3,11,3
ur dl UL D FS DL R,2,13,49,8,3,13,3
ur dl UL D FS R DL,2,13,49,8,3,14,3
ur dl UL D R FS DL,2,13,49,8,3,12,3
ur dl UL FS D DL R,2,13,49,8,3,13,3
ur dl UL FS D R DL,2,13,49,8,3,14,3
ur dl UL FS R D DL,2,13,49,8,3,12,3
ur dl UL R D FS DL,2,13,49,8,3,12,3
ur dl UL R FS D DL,2,13,49,8,3,12,3
ur FS dl UL D DL R,2,13,49,8,3,15,3
ur FS dl UL D R DL,2,13,49,8,3,16,3
ur FS dl UL R D DL,2,13,49,8,3,14,3
ur FS R UL dl DL D,2,13,49,8,3,15,4
ur FS R UL DL dl D,2,13,49,8,3,17,4
ur FS UL D dl DL R,2,13,49,8,3,19,4
ur FS UL D DL dl R,2,13,49,8,3,15,4
ur FS UL D dl R DL,2,13,49,8,3,16,3
ur FS UL dl D DL R,2,13,49,8,3,15,3
ur FS UL dl D R DL,2,13,49,8,3,16,3
ur FS UL dl R D DL,2,13,49,8,3,12,3
ur FS UL DL R dl D,2,13,49,8,3,15,3
ur FS UL R dl DL D,2,13,49,8,3,15,4
ur FS UL R DL dl D,2,13,49,8,3,19,4
ur R FS UL dl DL D,2,13,49,8,3,15,4
ur R FS UL DL dl D,2,13,49,8,3,17,4
ur R UL dl FS DL D,2,13,49,8,3,13,3
ur R UL FS dl DL D,2,13,49,8,3,17,4
ur R UL FS DL dl D,2,13,49,8,3,17,4
ur UL D dl DL FS R,2,13,49,8,3,15,4
ur UL D DL dl FS R,2,13,49,8,3,15,4
ur UL D dl FS DL R,2,13,49,8,3,15,3
ur UL D DL FS dl R,2,13,49,8,3,11,3
ur UL D dl FS R DL,2,13,49,8,3,16,3
ur UL D dl R FS DL,2,13,49,8,3,12,3
ur UL D FS dl DL R,2,13,49,8,3,17,4
ur UL D FS DL dl R,2,13,49,8,3,13,4
ur UL D FS dl R DL,2,13,49,8,3,14,3
ur UL dl D DL FS R,2,13,49,8,3,11,3
ur UL dl D FS DL R,2,13,49,8,3,13,3
ur UL dl D FS R DL,2,13,49,8,3,14,3
ur UL dl D R FS DL,2,13,49,8,3,12,3
ur UL dl FS D DL R,2,13,49,8,3,13,3
ur UL dl FS D R DL,2,13,49,8,3,14,3
ur UL dl FS R D DL,2,13,49,8,3,12,3
ur UL dl R D FS DL,2,13,49,8,3,10,2
ur UL dl R FS D DL,2,13,49,8,3,10,2
ur UL FS D dl DL R,2,13,49,8,3,17,4
ur UL FS D DL dl R,2,13,49,8,3,13,4
ur UL FS D dl R DL,2,13,49,8,3,14,3
ur UL FS dl D DL R,2,13,49,8,3,15,3
ur UL FS dl D R DL,2,13,49,8,3,16,3
ur UL FS dl R D DL,2,13,49,8,3,12,3
ur UL FS DL R dl D,2,13,49,8,3,13,3
ur UL FS R dl DL D,2,13,49,8,3,13,4
ur UL FS R DL dl D,2,13,49,8,3,17,4
ur UL R dl FS DL D,2,13,49,8,3,11,3
ur UL R FS dl DL D,2,13,49,8,3,15,4
ur UL R FS DL dl D,2,13,49,8,3,15,4
DL D R UL FS ur dl,2,14,50,8,3,14,3
DL D R UL ur FS dl,2,14,50,8,3,14,3
DL D UL R FS ur dl,2,14,50,8,3,14,3
DL D UL R ur FS dl,2,14,50,8,3,16,3
DL D UL ur R FS dl,2,14,50,8,3,14,3
DL R D UL FS ur dl,2,14,50,8,3,16,3
DL R D UL ur FS dl,2,14,50,8,3,16,3
DL R UL D FS ur dl,2,14,50,8,3,16,3
DL R UL D ur FS dl,2,14,50,8,3,16,3
DL UL D R FS ur dl,2,14,50,8,3,14,3
DL UL D R ur FS dl,2,14,50,8,3,16,3
DL UL D ur R FS dl,2,14,50,8,3,14,3
DL UL R D FS ur dl,2,14,50,8,3,14,3
DL UL R D ur FS dl,2,14,50,8,3,14,3
R DL D UL FS ur dl,2,14,50,8,3,15,3
R DL D UL ur FS dl,2,14,50,8,3,15,3
R DL UL D FS ur dl,2,14,50,8,3,15,3
R DL UL D ur FS dl,2,14,50,8,3,15,3
R UL D DL FS ur dl,2,14,50,8,3,13,3
R UL D DL ur FS dl,2,14,50,8,3,15,3
R UL DL D FS ur dl,2,14,50,8,3,13,3
R UL DL D ur FS dl,2,14,50,8,3,13,3
UL D DL R FS ur dl,2,14,50,8,3,14,3
UL D DL R ur FS dl,2,14,50,8,3,16,3
UL D DL ur R FS dl,2,14,50,8,3,14,3
UL D R DL FS ur dl,2,14,50,8,3,14,3
UL D R DL ur FS dl,2,14,50,8,3,16,3
UL DL D R FS ur dl,2,14,50,8,3,12,3
UL DL D R ur FS dl,2,14,50,8,3,14,3
UL DL D ur R FS dl,2,14,50,8,3,12,3
UL DL R D FS ur dl,2,14,50,8,3,14,3
UL DL R D ur FS dl,2,14,50,8,3,14,3
UL R D DL FS ur dl,2,14,50,8,3,12,3
UL R D DL ur FS dl,2,14,50,8,3,14,3
UL R DL D FS ur dl,2,14,50,8,3,14,3
UL R DL D ur FS dl,2,14,50,8,3,14,3
dl DL FS UL R ur D,2,14,51,7,3,15,4
DL dl FS UL R ur D,2,14,51,7,3,17,4
dl DL FS UL ur D R,2,14,51,7,3,13,4
DL dl FS UL ur D R,2,14,51,7,3,15,4
dl DL FS UL ur R D,2,14,51,7,3,15,4
DL dl FS UL ur R D,2,14,51,7,3,17,4
dl DL FS ur UL D R,2,14,51,7,3,15,4
DL dl FS ur UL D R,2,14,51,7,3,17,4
dl DL FS ur UL R D,2,14,51,7,3,15,4
DL dl FS ur UL R D,2,14,51,7,3,17,4
dl DL ur FS UL D R,2,14,51,7,3,17,4
DL dl ur FS UL D R,2,14,51,7,3,17,4
dl DL ur FS UL R D,2,14,51,7,3,17,4
DL dl ur FS UL R D,2,14,51,7,3,17,4
dl FS DL UL R ur D,2,14,51,7,3,13,3
DL FS dl UL R ur D,2,14,51,7,3,13,3
dl FS DL UL ur D R,2,14,51,7,3,11,3
DL FS dl UL ur D R,2,14,51,7,3,11,3
dl FS DL UL ur R D,2,14,51,7,3,13,3
DL FS dl UL ur R D,2,14,51,7,3,13,3
dl FS DL ur UL D R,2,14,51,7,3,13,3
DL FS dl ur UL D R,2,14,51,7,3,13,3
dl FS DL ur UL R D,2,14,51,7,3,13,3
DL FS dl ur UL R D,2,14,51,7,3,13,3
DL FS UL dl R ur D,2,14,51,7,3,11,3
DL FS UL dl ur D R,2,14,51,7,3,11,3
DL FS UL dl ur R D,2,14,51,7,3,13,3
DL FS UL ur D dl R,2,14,51,7,3,11,3
DL FS UL ur dl D R,2,14,51,7,3,13,3
DL FS UL ur dl R D,2,14,51,7,3,11,3
dl FS ur DL UL D R,2,14,51,7,3,15,3
DL FS ur dl UL D R,2,14,51,7,3,13,3
dl FS ur DL UL R D,2,14,51,7,3,15,3
DL FS ur dl UL R D,2,14,51,7,3,13,3
DL FS ur UL D dl R,2,14,51,7,3,13,3
DL FS ur UL dl D R,2,14,51,7,3,13,3
DL FS ur UL dl R D,2,14,51,7,3,11,3
dl ur DL FS UL D R,2,14,51,7,3,13,3
DL ur dl FS UL D R,2,14,51,7,3,15,3
dl ur DL FS UL R D,2,14,51,7,3,13,3
DL ur dl FS UL R D,2,14,51,7,3,15,3
dl ur FS DL UL D R,2,14,51,7,3,13,3
DL ur FS dl UL D R,2,14,51,7,3,15,3
dl ur FS DL UL R D,2,14,51,7,3,13,3
DL ur FS dl UL R D,2,14,51,7,3,15,3
DL ur FS UL D dl R,2,14,51,7,3,15,3
DL ur FS UL dl D R,2,14,51,7,3,15,3
DL ur FS UL dl R D,2,14,51,7,3,13,3
FS dl DL UL R ur D,2,14,51,7,3,16,4
FS DL dl UL R ur D,2,14,51,7,3,14,4
FS dl DL UL ur D R,2,14,51,7,3,14,4
FS DL dl UL ur D R,2,14,51,7,3,12,4
FS dl DL UL ur R D,2,14,51,7,3,16,4
FS DL dl UL ur R D,2,14,51,7,3,14,4
FS dl DL ur UL D R,2,14,51,7,3,16,4
FS DL dl ur UL D R,2,14,51,7,3,14,4
FS dl DL ur UL R D,2,14,51,7,3,16,4
FS DL dl ur UL R D,2,14,51,7,3,14,4
FS DL UL dl R ur D,2,14,51,7,3,10,3
FS DL UL dl ur D R,2,14,51,7,3,10,2
FS DL UL dl ur R D,2,14,51,7,3,12,3
FS DL UL ur D dl R,2,14,51,7,3,10,3
FS DL UL ur dl D R,2,14,51,7,3,12,3
FS DL UL ur dl R D,2,14,51,7,3,10,2
FS dl ur DL UL D R,2,14,51,7,3,14,3
FS DL ur dl UL D R,2,14,51,7,3,12,3
FS dl ur DL UL R D,2,14,51,7,3,14,3
FS DL ur dl UL R D,2,14,51,7,3,12,3
FS DL ur UL D dl R,2,14,51,7,3,12,3
FS DL ur UL dl D R,2,14,51,7,3,12,3
FS DL ur UL dl R D,2,14,51,7,3,10,2
FS ur dl DL UL D R,2,14,51,7,3,16,4
FS ur DL dl UL D R,2,14,51,7,3,16,4
FS ur dl DL UL R D,2,14,51,7,3,16,4
FS ur DL dl UL R D,2,14,51,7,3,16,4
FS ur DL UL D dl R,2,14,51,7,3,14,3
FS ur DL UL dl D R,2,14,51,7,3,14,3
FS ur DL UL dl R D,2,14,51,7,3,12,3
ur dl DL FS UL D R,2,14,51,7,3,15,4
ur DL dl FS UL D R,2,14,51,7,3,17,4
ur dl DL FS UL R D,2,14,51,7,3,15,4
ur DL dl FS UL R D,2,14,51,7,3,17,4
ur dl FS DL UL D R,2,14,51,7,3,13,3
ur DL FS dl UL D R,2,14,51,7,3,13,3
ur dl FS DL UL R D,2,14,51,7,3,13,3
ur DL FS dl UL R D,2,14,51,7,3,13,3
ur DL FS UL D dl R,2,14,51,7,3,13,3
ur DL FS UL dl D R,2,14,51,7,3,13,3
ur DL FS UL dl R D,2,14,51,7,3,11,3
ur FS dl DL UL D R,2,14,51,7,3,17,4
ur FS DL dl UL D R,2,14,51,7,3,15,4
ur FS dl DL UL R D,2,14,51,7,3,17,4
ur FS DL dl UL R D,2,14,51,7,3,15,4
ur FS DL UL D dl R,2,14,51,7,3,13,3
ur FS DL UL dl D R,2,14,51,7,3,13,3
ur FS DL UL dl R D,2,14,51,7,3,11,3
D dl DL R FS UL ur,2,14,51,8,3,17,4
D DL dl R FS UL ur,2,14,51,8,3,13,4
D dl DL R UL FS ur,2,14,51,8,3,19,4
D DL dl R UL FS ur,2,14,51,8,3,15,4
D dl R DL FS UL ur,2,14,51,8,3,13,3
D DL R dl FS UL ur,2,14,51,8,3,13,3
D dl R DL UL FS ur,2,14,51,8,3,15,3
D DL R dl UL FS ur,2,14,51,8,3,13,3
D DL R FS dl UL ur,2,14,51,8,3,13,3
D DL R FS UL dl ur,2,14,51,8,3,13,3
D dl R UL DL FS ur,2,14,51,8,3,13,3
D R dl DL FS UL ur,2,14,51,8,3,13,4
D R DL dl FS UL ur,2,14,51,8,3,17,4
D R dl DL UL FS ur,2,14,51,8,3,15,4
D R DL dl UL FS ur,2,14,51,8,3,17,4
D R DL FS dl UL ur,2,14,51,8,3,13,3
D R DL FS UL dl ur,2,14,51,8,3,13,3
D R dl UL DL FS ur,2,14,51,8,3,11,3
dl D DL R FS UL ur,2,14,51,8,3,14,3
dl D DL R UL FS ur,2,14,51,8,3,16,3
dl D R DL FS UL ur,2,14,51,8,3,14,3
dl D R DL UL FS ur,2,14,51,8,3,16,3
dl D R UL DL FS ur,2,14,51,8,3,14,3
DL D R UL dl ur FS,2,14,51,8,3,13,3
DL D R UL ur dl FS,2,14,51,8,3,13,3
DL D UL R dl ur FS,2,14,51,8,3,13,3
DL D UL R ur dl FS,2,14,51,8,3,15,3
DL D UL ur R dl FS,2,14,51,8,3,13,3
dl R D DL FS UL ur,2,14,51,8,3,10,3
dl R D DL UL FS ur,2,14,51,8,3,12,3
dl R D UL DL FS ur,2,14,51,8,3,12,3
DL R D UL dl ur FS,2,14,51,8,3,15,3
DL R D UL ur dl FS,2,14,51,8,3,15,3
DL R UL D dl ur FS,2,14,51,8,3,17,3
DL R UL D ur dl FS,2,14,51,8,3,15,3
DL R UL dl D ur FS,2,14,51,8,3,15,3
DL UL D R dl ur FS,2,14,51,8,3,13,3
DL UL D R ur dl FS,2,14,51,8,3,15,3
DL UL D ur R dl FS,2,14,51,8,3,13,3
DL UL R D dl ur FS,2,14,51,8,3,15,3
DL UL R D ur dl FS,2,14,51,8,3,13,3
DL UL R dl D ur FS,2,14,51,8,3,13,3
R D dl DL FS UL ur,2,14,51,8,3,15,4
R D DL dl FS UL ur,2,14,51,8,3,15,4
R D dl DL UL FS ur,2,14,51,8,3,17,4
R D DL dl UL FS ur,2,14,51,8,3,15,4
R D DL FS dl UL ur,2,14,51,8,3,11,3
R D DL FS UL dl ur,2,14,51,8,3,11,3
R D dl UL DL FS ur,2,14,51,8,3,13,3
R dl D DL FS UL ur,2,14,51,8,3,11,3
R dl D DL UL FS ur,2,14,51,8,3,13,3
R dl D UL DL FS ur,2,14,51,8,3,13,3
R DL D UL dl ur FS,2,14,51,8,3,14,3
R DL D UL ur dl FS,2,14,51,8,3,14,3
R DL UL D dl ur FS,2,14,51,8,3,16,3
R DL UL D ur dl FS,2,14,51,8,3,14,3
R DL UL dl D ur FS,2,14,51,8,3,14,3
R UL D dl DL ur FS,2,14,51,8,3,18,4
R UL D DL dl ur FS,2,14,51,8,3,16,4
R UL D DL ur dl FS,2,14,51,8,3,14,3
R UL dl D DL ur FS,2,14,51,8,3,14,3
R UL DL D dl ur FS,2,14,51,8,3,14,3
R UL DL D ur dl FS,2,14,51,8,3,12,3
R UL dl DL D ur FS,2,14,51,8,3,14,4
R UL DL dl D ur FS,2,14,51,8,3,16,4
UL D DL R dl ur FS,2,14,51,8,3,13,3
UL D DL R ur dl FS,2,14,51,8,3,15,3
UL D DL ur R dl FS,2,14,51,8,3,13,3
UL D R dl DL ur FS,2,14,51,8,3,15,4
UL D R DL dl ur FS,2,14,51,8,3,17,4
UL D R DL ur dl FS,2,14,51,8,3,15,3
UL DL D R dl ur FS,2,14,51,8,3,11,3
UL DL D R ur dl FS,2,14,51,8,3,13,3
UL DL D ur R dl FS,2,14,51,8,3,11,3
UL DL R D dl ur FS,2,14,51,8,3,15,3
UL DL R D ur dl FS,2,14,51,8,3,13,3
UL DL R dl D ur FS,2,14,51,8,3,13,3
UL R D dl DL ur FS,2,14,51,8,3,17,4
UL R D DL dl ur FS,2,14,51,8,3,15,4
UL R D DL ur dl FS,2,14,51,8,3,13,3
UL R dl D DL ur FS,2,14,51,8,3,13,3
UL R DL D dl ur FS,2,14,51,8,3,15,3
UL R DL D ur dl FS,2,14,51,8,3,13,3
UL R dl DL D ur FS,2,14,51,8,3,13,4
UL R DL dl D ur FS,2,14,51,8,3,17,4
FS R UL D dl ur DL,2,13,51,9,3,15,3
FS R UL D ur dl DL,2,13,51,9,3,15,4
FS R UL dl D ur DL,2,13,51,9,3,13,3
FS R UL dl ur D DL,2,13,51,9,3,11,3
FS R UL ur D dl DL,2,13,51,9,3,15,4
FS R UL ur dl D DL,2,13,51,9,3,13,3
FS R ur UL D dl DL,2,13,51,9,3,17,4
FS R ur UL dl D DL,2,13,51,9,3,13,3
FS UL D R dl ur DL,2,13,51,9,3,13,3
FS UL D R ur dl DL,2,13,51,9,3,17,4
FS UL D ur R dl DL,2,13,51,9,3,15,4
FS UL R D dl ur DL,2,13,51,9,3,15,3
FS UL R D ur dl DL,2,13,51,9,3,15,4
FS UL R dl D ur DL,2,13,51,9,3,13,3
FS UL R dl ur D DL,2,13,51,9,3,11,3
FS UL R ur D dl DL,2,13,51,9,3,17,4
FS UL R ur dl D DL,2,13,51,9,3,15,3
FS UL ur D R dl DL,2,13,51,9,3,13,4
FS UL ur R D dl DL,2,13,51,9,3,17,4
FS UL ur R dl D DL,2,13,51,9,3,13,3
FS ur R UL D dl DL,2,13,51,9,3,19,4
FS ur R UL dl D DL,2,13,51,9,3,15,3
FS ur UL D R dl DL,2,13,51,9,3,15,4
FS ur UL R D dl DL,2,13,51,9,3,17,4
FS ur UL R dl D DL,2,13,51,9,3,13,3
R FS UL D dl ur DL,2,13,51,9,3,15,3
R FS UL D ur dl DL,2,13,51,9,3,15,4
R FS UL dl D ur DL,2,13,51,9,3,13,3
R FS UL dl ur D DL,2,13,51,9,3,11,3
R FS UL ur D dl DL,2,13,51,9,3,15,4
R FS UL ur dl D DL,2,13,51,9,3,13,3
R FS ur UL D dl DL,2,13,51,9,3,17,4
R FS ur UL dl D DL,2,13,51,9,3,13,3
R UL D dl FS ur DL,2,13,51,9,3,17,3
R UL D dl ur FS DL,2,13,51,9,3,15,3
R UL D FS dl ur DL,2,13,51,9,3,15,3
R UL D FS ur dl DL,2,13,51,9,3,17,4
R UL D ur dl FS DL,2,13,51,9,3,13,3
R UL D ur FS dl DL,2,13,51,9,3,17,4
R UL dl D FS ur DL,2,13,51,9,3,15,3
R UL dl D ur FS DL,2,13,51,9,3,13,3
R UL dl FS D ur DL,2,13,51,9,3,13,3
R UL dl FS ur D DL,2,13,51,9,3,13,3
R UL dl ur D FS DL,2,13,51,9,3,11,3
R UL dl ur FS D DL,2,13,51,9,3,13,3
R UL FS D dl ur DL,2,13,51,9,3,15,3
R UL FS D ur dl DL,2,13,51,9,3,15,4
R UL FS dl D ur DL,2,13,51,9,3,15,3
R UL FS dl ur D DL,2,13,51,9,3,13,3
R UL FS ur D dl DL,2,13,51,9,3,17,4
R UL FS ur dl D DL,2,13,51,9,3,15,3
R UL ur D dl FS DL,2,13,51,9,3,13,3
R UL ur D FS dl DL,2,13,51,9,3,15,4
R UL ur dl D FS DL,2,13,51,9,3,13,3
R UL ur dl FS D DL,2,13,51,9,3,13,3
R UL ur FS D dl DL,2,13,51,9,3,17,4
R UL ur FS dl D DL,2,13,51,9,3,15,3
R ur FS UL D dl DL,2,13,51,9,3,19,4
R ur FS UL dl D DL,2,13,51,9,3,15,3
R ur UL D dl FS DL,2,13,51,9,3,15,3
R ur UL D FS dl DL,2,13,51,9,3,17,4
R ur UL dl D FS DL,2,13,51,9,3,13,3
R ur UL dl FS D DL,2,13,51,9,3,13,3
R ur UL FS D dl DL,2,13,51,9,3,17,4
R ur UL FS dl D DL,2,13,51,9,3,15,3
UL D FS R dl ur DL,2,13,51,9,3,12,3
UL D FS R ur dl DL,2,13,51,9,3,16,4
UL D FS ur R dl DL,2,13,51,9,3,16,4
UL D R dl FS ur DL,2,13,51,9,3,14,3
UL D R dl ur FS DL,2,13,51,9,3,12,3
UL D R FS dl ur DL,2,13,51,9,3,14,3
UL D R FS ur dl DL,2,13,51,9,3,16,4
UL D R ur dl FS DL,2,13,51,9,3,14,3
UL D R ur FS dl DL,2,13,51,9,3,18,4
UL D ur FS R dl DL,2,13,51,9,3,14,4
UL D ur R dl FS DL,2,13,51,9,3,12,3
UL D ur R FS dl DL,2,13,51,9,3,16,4
UL FS D R dl ur DL,2,13,51,9,3,12,3
UL FS D R ur dl DL,2,13,51,9,3,16,4
UL FS D ur R dl DL,2,13,51,9,3,14,4
UL FS R D dl ur DL,2,13,51,9,3,14,3
UL FS R D ur dl DL,2,13,51,9,3,14,4
UL FS R dl D ur DL,2,13,51,9,3,12,3
UL FS R dl ur D DL,2,13,51,9,3,10,3
UL FS R ur D dl DL,2,13,51,9,3,16,4
UL FS R ur dl D DL,2,13,51,9,3,14,3
UL FS ur D R dl DL,2,13,51,9,3,14,4
UL FS ur R D dl DL,2,13,51,9,3,18,4
UL FS ur R dl D DL,2,13,51,9,3,14,3
UL R D dl FS ur DL,2,13,51,9,3,16,3
UL R D dl ur FS DL,2,13,51,9,3,14,3
UL R D FS dl ur DL,2,13,51,9,3,14,3
UL R D FS ur dl DL,2,13,51,9,3,16,4
UL R D ur dl FS DL,2,13,51,9,3,12,3
UL R D ur FS dl DL,2,13,51,9,3,16,4
UL R dl D FS ur DL,2,13,51,9,3,14,3
UL R dl D ur FS DL,2,13,51,9,3,12,3
UL R dl FS D ur DL,2,13,51,9,3,12,3
UL R dl FS ur D DL,2,13,51,9,3,12,3
UL R dl ur D FS DL,2,13,51,9,3,10,3
UL R dl ur FS D DL,2,13,51,9,3,12,3
UL R FS D dl ur DL,2,13,51,9,3,14,3
UL R FS D ur dl DL,2,13,51,9,3,14,4
UL R FS dl D ur DL,2,13,51,9,3,14,3
UL R FS dl ur D DL,2,13,51,9,3,12,3
UL R FS ur D dl DL,2,13,51,9,3,16,4
UL R FS ur dl D DL,2,13,51,9,3,14,3
UL R ur D dl FS DL,2,13,51,9,3,14,3
UL R ur D FS dl DL,2,13,51,9,3,16,4
UL R ur dl D FS DL,2,13,51,9,3,14,3
UL R ur dl FS D DL,2,13,51,9,3,14,3
UL R ur FS D dl DL,2,13,51,9,3,18,4
UL R ur FS dl D DL,2,13,51,9,3,16,3
UL ur D FS R dl DL,2,13,51,9,3,12,4
UL ur D R dl FS DL,2,13,51,9,3,10,3
UL ur D R FS dl DL,2,13,51,9,3,14,4
UL ur FS D R dl DL,2,13,51,9,3,14,4
UL ur FS R D dl DL,2,13,51,9,3,16,4
UL ur FS R dl D DL,2,13,51,9,3,12,3
UL ur R D dl FS DL,2,13,51,9,3,14,3
UL ur R D FS dl DL,2,13,51,9,3,16,4
UL ur R dl D FS DL,2,13,51,9,3,12,3
UL ur R dl FS D DL,2,13,51,9,3,12,3
UL ur R FS D dl DL,2,13,51,9,3,16,4
UL ur R FS dl D DL,2,13,51,9,3,14,3
ur FS R UL D dl DL,2,13,51,9,3,18,4
ur FS R UL dl D DL,2,13,51,9,3,14,3
ur FS UL D R dl DL,2,13,51,9,3,16,4
ur FS UL R D dl DL,2,13,51,9,3,18,4
ur FS UL R dl D DL,2,13,51,9,3,14,3
ur R FS UL D dl DL,2,13,51,9,3,18,4
ur R FS UL dl D DL,2,13,51,9,3,14,3
ur R UL D dl FS DL,2,13,51,9,3,16,3
ur R UL D FS dl DL,2,13,51,9,3,18,4
ur R UL dl D FS DL,2,13,51,9,3,14,3
ur R UL dl FS D DL,2,13,51,9,3,14,3
ur R UL FS D dl DL,2,13,51,9,3,18,4
ur R UL FS dl D DL,2,13,51,9,3,16,3
ur UL D FS R dl DL,2,13,51,9,3,14,4
ur UL D R dl FS DL,2,13,51,9,3,12,3
ur UL D R FS dl DL,2,13,51,9,3,16,4
ur UL FS D R dl DL,2,13,51,9,3,14,4
ur UL FS R D dl DL,2,13,51,9,3,16,4
ur UL FS R dl D DL,2,13,51,9,3,12,3
ur UL R D dl FS DL,2,13,51,9,3,14,3
ur UL R D FS dl DL,2,13,51,9,3,16,4
ur UL R dl D FS DL,2,13,51,9,3,12,3
ur UL R dl FS D DL,2,13,51,9,3,12,3
ur UL R FS D dl DL,2,13,51,9,3,16,4
ur UL R FS dl D DL,2,13,51,9,3,14,3
D DL UL FS R ur dl,2,14,52,8,3,13,3
D DL UL FS ur R dl,2,14,52,8,3,13,3
D DL UL ur FS R dl,2,14,52,8,3,11,3
D UL DL FS R ur dl,2,14,52,8,3,13,3
D UL DL FS ur R dl,2,14,52,8,3,13,3
D UL DL ur FS R dl,2,14,52,8,3,13,3
dl DL UL FS R D ur,2,14,53,6,3,14,4
DL dl UL FS R D ur,2,14,53,6,3,14,4
dl DL UL R FS D ur,2,14,53,6,3,14,4
DL dl UL R FS D ur,2,14,53,6,3,14,4
dl UL DL FS R D ur,2,14,53,6,3,10,2
DL UL dl FS R D ur,2,14,53,6,3,12,3
dl UL DL R FS D ur,2,14,53,6,3,12,3
DL UL dl R FS D ur,2,14,53,6,3,10,2
DL UL FS dl R D ur,2,14,53,6,3,12,3
dl UL R DL FS D ur,2,14,53,6,3,12,3
UL dl DL FS R D ur,2,14,53,6,3,12,4
UL DL dl FS R D ur,2,14,53,6,3,14,4
UL dl DL R FS D ur,2,14,53,6,3,14,4
UL DL dl R FS D ur,2,14,53,6,3,12,4
UL DL FS dl R D ur,2,14,53,6,3,10,3
UL dl R DL FS D ur,2,14,53,6,3,10,3
D dl DL UL R ur FS,2,14,53,8,3,18,4
D DL dl UL R ur FS,2,14,53,8,3,16,4
D dl DL UL ur R FS,2,14,53,8,3,16,4
D DL dl UL ur R FS,2,14,53,8,3,14,4
D dl UL DL R ur FS,2,14,53,8,3,16,3
D DL UL dl R ur FS,2,14,53,8,3,12,3
D dl UL DL ur R FS,2,14,53,8,3,14,3
D DL UL dl ur R FS,2,14,53,8,3,12,3
D dl UL R DL ur FS,2,14,53,8,3,16,3
D DL UL ur dl R FS,2,14,53,8,3,10,2
D UL dl DL R ur FS,2,14,53,8,3,18,4
D UL DL dl R ur FS,2,14,53,8,3,16,4
D UL dl DL ur R FS,2,14,53,8,3,16,4
D UL DL dl ur R FS,2,14,53,8,3,16,4
D UL dl R DL ur FS,2,14,53,8,3,14,3
D UL DL ur dl R FS,2,14,53,8,3,12,3
DL D dl FS R ur UL,2,14,53,8,3,14,3
DL D dl FS UL ur R,2,14,53,8,3,15,3
DL D dl FS ur R UL,2,14,53,8,3,16,3
DL D dl FS ur UL R,2,14,53,8,3,15,3
dl D DL UL R ur FS,2,14,53,8,3,15,3
dl D DL UL ur R FS,2,14,53,8,3,13,3
DL D dl ur FS R UL,2,14,53,8,3,14,3
DL D dl ur FS UL R,2,14,53,8,3,15,3
DL D dl ur UL FS R,2,14,53,8,3,13,3
DL D FS dl R ur UL,2,14,53,8,3,12,3
DL D FS dl UL ur R,2,14,53,8,3,13,3
DL D FS dl ur R UL,2,14,53,8,3,14,3
DL D FS dl ur UL R,2,14,53,8,3,13,3
DL D FS R dl ur UL,2,14,53,8,3,10,2
DL D FS R ur dl UL,2,14,53,8,3,12,3
DL D FS UL dl ur R,2,14,53,8,3,13,3
DL D FS UL ur dl R,2,14,53,8,3,11,3
DL D FS ur dl R UL,2,14,53,8,3,12,3
DL D FS ur dl UL R,2,14,53,8,3,13,3
DL D FS ur R dl UL,2,14,53,8,3,12,3
DL D FS ur UL dl R,2,14,53,8,3,11,3
dl D UL DL R ur FS,2,14,53,8,3,17,3
dl D UL DL ur R FS,2,14,53,8,3,15,3
dl D UL R DL ur FS,2,14,53,8,3,17,3
DL D ur dl FS R UL,2,14,53,8,3,12,3
DL D ur dl FS UL R,2,14,53,8,3,13,3
DL D ur dl UL FS R,2,14,53,8,3,11,3
DL D ur FS dl R UL,2,14,53,8,3,12,3
DL D ur FS dl UL R,2,14,53,8,3,13,3
DL D ur FS R dl UL,2,14,53,8,3,10,3
DL D ur FS UL dl R,2,14,53,8,3,11,3
DL D ur UL dl FS R,2,14,53,8,3,11,3
DL D ur UL FS dl R,2,14,53,8,3,11,3
dl DL D FS R ur UL,2,14,53,8,3,14,4
DL dl D FS R ur UL,2,14,53,8,3,16,4
dl DL D FS UL ur R,2,14,53,8,3,15,4
DL dl D FS UL ur R,2,14,53,8,3,17,4
dl DL D FS ur R UL,2,14,53,8,3,16,4
DL dl D FS ur R UL,2,14,53,8,3,18,4
dl DL D FS ur UL R,2,14,53,8,3,15,4
DL dl D FS ur UL R,2,14,53,8,3,17,4
dl DL D ur FS R UL,2,14,53,8,3,14,4
DL dl D ur FS R UL,2,14,53,8,3,16,4
dl DL D ur FS UL R,2,14,53,8,3,15,4
DL dl D ur FS UL R,2,14,53,8,3,17,4
dl DL D ur UL FS R,2,14,53,8,3,13,4
DL dl D ur UL FS R,2,14,53,8,3,15,4
dl DL FS D R ur UL,2,14,53,8,3,14,4
DL dl FS D R ur UL,2,14,53,8,3,16,4
dl DL FS D UL ur R,2,14,53,8,3,15,4
DL dl FS D UL ur R,2,14,53,8,3,17,4
dl DL FS D ur R UL,2,14,53,8,3,14,4
DL dl FS D ur R UL,2,14,53,8,3,16,4
dl DL FS D ur UL R,2,14,53,8,3,13,4
DL dl FS D ur UL R,2,14,53,8,3,15,4
dl DL FS R D ur UL,2,14,53,8,3,12,4
DL dl FS R D ur UL,2,14,53,8,3,14,4
dl DL FS R UL ur D,2,14,53,8,3,13,4
DL dl FS R UL ur D,2,14,53,8,3,15,4
dl DL FS R ur D UL,2,14,53,8,3,14,4
DL dl FS R ur D UL,2,14,53,8,3,16,4
dl DL FS R ur UL D,2,14,53,8,3,15,4
DL dl FS R ur UL D,2,14,53,8,3,17,4
dl DL FS UL D ur R,2,14,53,8,3,15,4
DL dl FS UL D ur R,2,14,53,8,3,17,4
dl DL FS ur D R UL,2,14,53,8,3,14,4
DL dl FS ur D R UL,2,14,53,8,3,16,4
dl DL FS ur D UL R,2,14,53,8,3,15,4
DL dl FS ur D UL R,2,14,53,8,3,17,4
dl DL FS ur R D UL,2,14,53,8,3,16,4
DL dl FS ur R D UL,2,14,53,8,3,18,4
dl DL FS ur R UL D,2,14,53,8,3,17,4
DL dl FS ur R UL D,2,14,53,8,3,19,4
dl DL R FS D ur UL,2,14,53,8,3,14,4
DL dl R FS D ur UL,2,14,53,8,3,12,4
dl DL R FS UL ur D,2,14,53,8,3,15,4
DL dl R FS UL ur D,2,14,53,8,3,13,4
dl DL R FS ur D UL,2,14,53,8,3,16,4
DL dl R FS ur D UL,2,14,53,8,3,14,4
dl DL R FS ur UL D,2,14,53,8,3,17,4
DL dl R FS ur UL D,2,14,53,8,3,15,4
dl DL R UL FS ur D,2,14,53,8,3,17,4
DL dl R UL FS ur D,2,14,53,8,3,15,4
dl DL R UL ur FS D,2,14,53,8,3,17,4
DL dl R UL ur FS D,2,14,53,8,3,15,4
dl DL R ur FS D UL,2,14,53,8,3,18,4
DL dl R ur FS D UL,2,14,53,8,3,16,4
dl DL R ur FS UL D,2,14,53,8,3,19,4
DL dl R ur FS UL D,2,14,53,8,3,17,4
dl DL R ur UL FS D,2,14,53,8,3,17,4
DL dl R ur UL FS D,2,14,53,8,3,15,4
dl DL ur D FS R UL,2,14,53,8,3,14,4
DL dl ur D FS R UL,2,14,53,8,3,14,4
dl DL ur D FS UL R,2,14,53,8,3,15,4
DL dl ur D FS UL R,2,14,53,8,3,15,4
dl DL ur D UL FS R,2,14,53,8,3,15,4
DL dl ur D UL FS R,2,14,53,8,3,15,4
dl DL ur FS D R UL,2,14,53,8,3,16,4
DL dl ur FS D R UL,2,14,53,8,3,16,4
dl DL ur FS D UL R,2,14,53,8,3,17,4
DL dl ur FS D UL R,2,14,53,8,3,17,4
dl DL ur FS R D UL,2,14,53,8,3,16,4
DL dl ur FS R D UL,2,14,53,8,3,16,4
dl DL ur FS R UL D,2,14,53,8,3,17,4
DL dl ur FS R UL D,2,14,53,8,3,17,4
dl DL ur R FS D UL,2,14,53,8,3,16,4
DL dl ur R FS D UL,2,14,53,8,3,16,4
dl DL ur R FS UL D,2,14,53,8,3,17,4
DL dl ur R FS UL D,2,14,53,8,3,17,4
dl DL ur R UL FS D,2,14,53,8,3,17,4
DL dl ur R UL FS D,2,14,53,8,3,17,4
DL FS D dl R ur UL,2,14,53,8,3,12,3
DL FS D dl UL ur R,2,14,53,8,3,13,3
DL FS D dl ur R UL,2,14,53,8,3,14,3
DL FS D dl ur UL R,2,14,53,8,3,13,3
DL FS D R dl ur UL,2,14,53,8,3,10,2
DL FS D R ur dl UL,2,14,53,8,3,12,3
DL FS D UL dl ur R,2,14,53,8,3,13,3
DL FS D UL ur dl R,2,14,53,8,3,11,3
DL FS D ur dl R UL,2,14,53,8,3,10,3
DL FS D ur dl UL R,2,14,53,8,3,11,3
DL FS D ur R dl UL,2,14,53,8,3,10,3
DL FS D ur UL dl R,2,14,53,8,3,9,2
dl FS DL D R ur UL,2,14,53,8,3,12,3
DL FS dl D R ur UL,2,14,53,8,3,14,3
dl FS DL D UL ur R,2,14,53,8,3,13,3
DL FS dl D UL ur R,2,14,53,8,3,15,3
dl FS DL D ur R UL,2,14,53,8,3,12,3
DL FS dl D ur R UL,2,14,53,8,3,14,3
dl FS DL D ur UL R,2,14,53,8,3,11,3
DL FS dl D ur UL R,2,14,53,8,3,13,3
dl FS DL R D ur UL,2,14,53,8,3,12,3
DL FS dl R D ur UL,2,14,53,8,3,10,3
dl FS DL R UL ur D,2,14,53,8,3,13,3
DL FS dl R UL ur D,2,14,53,8,3,11,3
dl FS DL R ur D UL,2,14,53,8,3,14,3
DL FS dl R ur D UL,2,14,53,8,3,12,3
dl FS DL R ur UL D,2,14,53,8,3,15,3
DL FS dl R ur UL D,2,14,53,8,3,13,3
dl FS DL UL D ur R,2,14,53,8,3,13,3
DL FS dl UL D ur R,2,14,53,8,3,13,3
dl FS DL ur D R UL,2,14,53,8,3,12,3
DL FS dl ur D R UL,2,14,53,8,3,12,3
dl FS DL ur D UL R,2,14,53,8,3,13,3
DL FS dl ur D UL R,2,14,53,8,3,13,3
dl FS DL ur R D UL,2,14,53,8,3,14,3
DL FS dl ur R D UL,2,14,53,8,3,14,3
dl FS DL ur R UL D,2,14,53,8,3,15,3
DL FS dl ur R UL D,2,14,53,8,3,15,3
DL FS R D dl ur UL,2,14,53,8,3,12,3
DL FS R D ur dl UL,2,14,53,8,3,10,2
dl FS R DL D ur UL,2,14,53,8,3,12,3
DL FS R dl D ur UL,2,14,53,8,3,10,3
dl FS R DL UL ur D,2,14,53,8,3,13,3
DL FS R dl UL ur D,2,14,53,8,3,9,2
dl FS R DL ur D UL,2,14,53,8,3,14,3
DL FS R dl ur D UL,2,14,53,8,3,10,3
dl FS R DL ur UL D,2,14,53,8,3,15,3
DL FS R dl ur UL D,2,14,53,8,3,11,3
DL FS R UL dl ur D,2,14,53,8,3,11,3
DL FS R UL ur dl D,2,14,53,8,3,13,3
DL FS R ur D dl UL,2,14,53,8,3,12,3
dl FS R ur DL D UL,2,14,53,8,3,14,3
DL FS R ur dl D UL,2,14,53,8,3,14,3
dl FS R ur DL UL D,2,14,53,8,3,15,3
DL FS R ur dl UL D,2,14,53,8,3,13,3
DL FS R ur UL dl D,2,14,53,8,3,13,3
DL FS UL D dl ur R,2,14,53,8,3,15,3
DL FS UL D ur dl R,2,14,53,8,3,11,3
DL FS UL dl D ur R,2,14,53,8,3,13,3
DL FS UL R dl ur D,2,14,53,8,3,11,3
DL FS UL R ur dl D,2,14,53,8,3,15,3
DL FS UL ur R dl D,2,14,53,8,3,13,3
DL FS ur D dl R UL,2,14,53,8,3,12,3
DL FS ur D dl UL R,2,14,53,8,3,13,3
DL FS ur D R dl UL,2,14,53,8,3,10,3
DL FS ur D UL dl R,2,14,53,8,3,11,3
dl FS ur DL D R UL,2,14,53,8,3,14,3
DL FS ur dl D R UL,2,14,53,8,3,14,3
dl FS ur DL D UL R,2,14,53,8,3,15,3
DL FS ur dl D UL R,2,14,53,8,3,15,3
dl FS ur DL R D UL,2,14,53,8,3,16,3
DL FS ur dl R D UL,2,14,53,8,3,12,3
dl FS ur DL R UL D,2,14,53,8,3,17,3
DL FS ur dl R UL D,2,14,53,8,3,13,3
DL FS ur R D dl UL,2,14,53,8,3,14,3
dl FS ur R DL D UL,2,14,53,8,3,16,3
DL FS ur R dl D UL,2,14,53,8,3,14,3
dl FS ur R DL UL D,2,14,53,8,3,17,3
DL FS ur R dl UL D,2,14,53,8,3,13,3
DL FS ur R UL dl D,2,14,53,8,3,15,3
DL FS ur UL R dl D,2,14,53,8,3,13,3
dl R DL FS D ur UL,2,14,53,8,3,10,3
DL R dl FS D ur UL,2,14,53,8,3,12,3
dl R DL FS UL ur D,2,14,53,8,3,11,3
DL R dl FS UL ur D,2,14,53,8,3,13,3
dl R DL FS ur D UL,2,14,53,8,3,12,3
DL R dl FS ur D UL,2,14,53,8,3,14,3
dl R DL FS ur UL D,2,14,53,8,3,13,3
DL R dl FS ur UL D,2,14,53,8,3,15,3
dl R DL UL FS ur D,2,14,53,8,3,13,3
DL R dl UL FS ur D,2,14,53,8,3,13,3
dl R DL UL ur FS D,2,14,53,8,3,13,3
DL R dl UL ur FS D,2,14,53,8,3,13,3
dl R DL ur FS D UL,2,14,53,8,3,14,3
DL R dl ur FS D UL,2,14,53,8,3,14,3
dl R DL ur FS UL D,2,14,53,8,3,15,3
DL R dl ur FS UL D,2,14,53,8,3,15,3
dl R DL ur UL FS D,2,14,53,8,3,13,3
DL R dl ur UL FS D,2,14,53,8,3,13,3
DL R FS D dl ur UL,2,14,53,8,3,14,3
DL R FS D ur dl UL,2,14,53,8,3,12,3
dl R FS DL D ur UL,2,14,53,8,3,8,2
DL R FS dl D ur UL,2,14,53,8,3,14,3
dl R FS DL UL ur D,2,14,53,8,3,9,2
DL R FS dl UL ur D,2,14,53,8,3,13,3
dl R FS DL ur D UL,2,14,53,8,3,10,3
DL R FS dl ur D UL,2,14,53,8,3,14,3
dl R FS DL ur UL D,2,14,53,8,3,11,3
DL R FS dl ur UL D,2,14,53,8,3,15,3
DL R FS UL dl ur D,2,14,53,8,3,13,3
DL R FS UL ur dl D,2,14,53,8,3,15,3
DL R FS ur D dl UL,2,14,53,8,3,14,3
dl R FS ur DL D UL,2,14,53,8,3,12,3
DL R FS ur dl D UL,2,14,53,8,3,16,3
dl R FS ur DL UL D,2,14,53,8,3,13,3
DL R FS ur dl UL D,2,14,53,8,3,15,3
DL R FS ur UL dl D,2,14,53,8,3,15,3
dl R UL DL FS ur D,2,14,53,8,3,11,3
dl R UL DL ur FS D,2,14,53,8,3,13,3
dl R UL ur DL FS D,2,14,53,8,3,11,3
dl R ur DL FS D UL,2,14,53,8,3,12,3
DL R ur dl FS D UL,2,14,53,8,3,16,3
dl R ur DL FS UL D,2,14,53,8,3,13,3
DL R ur dl FS UL D,2,14,53,8,3,17,3
dl R ur DL UL FS D,2,14,53,8,3,13,3
DL R ur dl UL FS D,2,14,53,8,3,15,3
DL R ur FS D dl UL,2,14,53,8,3,16,3
dl R ur FS DL D UL,2,14,53,8,3,12,3
DL R ur FS dl D UL,2,14,53,8,3,18,3
dl R ur FS DL UL D,2,14,53,8,3,13,3
DL R ur FS dl UL D,2,14,53,8,3,17,3
DL R ur FS UL dl D,2,14,53,8,3,17,3
dl R ur UL DL FS D,2,14,53,8,3,11,3
DL ur D dl FS R UL,2,14,53,8,3,14,3
DL ur D dl FS UL R,2,14,53,8,3,15,3
DL ur D dl UL FS R,2,14,53,8,3,13,3
DL ur D FS dl R UL,2,14,53,8,3,12,3
DL ur D FS dl UL R,2,14,53,8,3,13,3
DL ur D FS R dl UL,2,14,53,8,3,10,2
DL ur D FS UL dl R,2,14,53,8,3,11,3
DL ur D UL dl FS R,2,14,53,8,3,13,3
DL ur D UL FS dl R,2,14,53,8,3,13,3
dl ur DL D FS R UL,2,14,53,8,3,12,3
DL ur dl D FS R UL,2,14,53,8,3,14,3
dl ur DL D FS UL R,2,14,53,8,3,13,3
DL ur dl D FS UL R,2,14,53,8,3,15,3
dl ur DL D UL FS R,2,14,53,8,3,13,3
DL ur dl D UL FS R,2,14,53,8,3,15,3
dl ur DL FS D R UL,2,14,53,8,3,12,3
DL ur dl FS D R UL,2,14,53,8,3,14,3
dl ur DL FS D UL R,2,14,53,8,3,13,3
DL ur dl FS D UL R,2,14,53,8,3,15,3
dl ur DL FS R D UL,2,14,53,8,3,12,3
DL ur dl FS R D UL,2,14,53,8,3,14,3
dl ur DL FS R UL D,2,14,53,8,3,13,3
DL ur dl FS R UL D,2,14,53,8,3,15,3
dl ur DL R FS D UL,2,14,53,8,3,14,3
DL ur dl R FS D UL,2,14,53,8,3,12,3
dl ur DL R FS UL D,2,14,53,8,3,15,3
DL ur dl R FS UL D,2,14,53,8,3,13,3
dl ur DL R UL FS D,2,14,53,8,3,15,3
DL ur dl R UL FS D,2,14,53,8,3,13,3
DL ur FS D dl R UL,2,14,53,8,3,14,3
DL ur FS D dl UL R,2,14,53,8,3,15,3
DL ur FS D R dl UL,2,14,53,8,3,12,3
DL ur FS D UL dl R,2,14,53,8,3,13,3
dl ur FS DL D R UL,2,14,53,8,3,12,3
DL ur FS dl D R UL,2,14,53,8,3,16,3
dl ur FS DL D UL R,2,14,53,8,3,13,3
DL ur FS dl D UL R,2,14,53,8,3,17,3
dl ur FS DL R D UL,2,14,53,8,3,14,3
DL ur FS dl R D UL,2,14,53,8,3,14,3
dl ur FS DL R UL D,2,14,53,8,3,15,3
DL ur FS dl R UL D,2,14,53,8,3,15,3
DL ur FS R D dl UL,2,14,53,8,3,14,3
dl ur FS R DL D UL,2,14,53,8,3,14,3
DL ur FS R dl D UL,2,14,53,8,3,14,3
dl ur FS R DL UL D,2,14,53,8,3,15,3
DL ur FS R dl UL D,2,14,53,8,3,13,3
DL ur FS R UL dl D,2,14,53,8,3,15,3
DL ur FS UL R dl D,2,14,53,8,3,15,3
dl ur R DL FS D UL,2,14,53,8,3,14,3
DL ur R dl FS D UL,2,14,53,8,3,14,3
dl ur R DL FS UL D,2,14,53,8,3,15,3
DL ur R dl FS UL D,2,14,53,8,3,15,3
dl ur R DL UL FS D,2,14,53,8,3,15,3
DL ur R dl UL FS D,2,14,53,8,3,13,3
DL ur R FS D dl UL,2,14,53,8,3,14,3
dl ur R FS DL D UL,2,14,53,8,3,12,3
DL ur R FS dl D UL,2,14,53,8,3,16,3
dl ur R FS DL UL D,2,14,53,8,3,13,3
DL ur R FS dl UL D,2,14,53,8,3,15,3
DL ur R FS UL dl D,2,14,53,8,3,15,3
dl ur R UL DL FS D,2,14,53,8,3,13,3
FS DL D dl R ur UL,2,14,53,8,3,11,3
FS DL D dl UL ur R,2,14,53,8,3,12,3
FS DL D dl ur R UL,2,14,53,8,3,13,3
FS DL D dl ur UL R,2,14,53,8,3,12,3
FS DL D R dl ur UL,2,14,53,8,3,9,2
FS DL D R ur dl UL,2,14,53,8,3,11,3
FS DL D UL dl ur R,2,14,53,8,3,12,3
FS DL D UL ur dl R,2,14,53,8,3,10,3
FS DL D ur dl R UL,2,14,53,8,3,9,3
FS DL D ur dl UL R,2,14,53,8,3,10,3
FS DL D ur R dl UL,2,14,53,8,3,9,3
FS DL D ur UL dl R,2,14,53,8,3,8,2
FS dl DL D R ur UL,2,14,53,8,3,15,4
FS DL dl D R ur UL,2,14,53,8,3,15,4
FS dl DL D UL ur R,2,14,53,8,3,16,4
FS DL dl D UL ur R,2,14,53,8,3,16,4
FS dl DL D ur R UL,2,14,53,8,3,15,4
FS DL dl D ur R UL,2,14,53,8,3,15,4
FS dl DL D ur UL R,2,14,53,8,3,14,4
FS DL dl D ur UL R,2,14,53,8,3,14,4
FS dl DL R D ur UL,2,14,53,8,3,15,4
FS DL dl R D ur UL,2,14,53,8,3,11,4
FS dl DL R UL ur D,2,14,53,8,3,16,4
FS DL dl R UL ur D,2,14,53,8,3,12,4
FS dl DL R ur D UL,2,14,53,8,3,17,4
FS DL dl R ur D UL,2,14,53,8,3,13,4
FS dl DL R ur UL D,2,14,53,8,3,18,4
FS DL dl R ur UL D,2,14,53,8,3,14,4
FS dl DL UL D ur R,2,14,53,8,3,16,4
FS DL dl UL D ur R,2,14,53,8,3,14,4
FS dl DL ur D R UL,2,14,53,8,3,15,4
FS DL dl ur D R UL,2,14,53,8,3,13,4
FS dl DL ur D UL R,2,14,53,8,3,16,4
FS DL dl ur D UL R,2,14,53,8,3,14,4
FS dl DL ur R D UL,2,14,53,8,3,17,4
FS DL dl ur R D UL,2,14,53,8,3,15,4
FS dl DL ur R UL D,2,14,53,8,3,18,4
FS DL dl ur R UL D,2,14,53,8,3,16,4
FS DL R D dl ur UL,2,14,53,8,3,13,3
FS DL R D ur dl UL,2,14,53,8,3,11,3
FS dl R DL D ur UL,2,14,53,8,3,11,3
FS DL R dl D ur UL,2,14,53,8,3,11,3
FS dl R DL UL ur D,2,14,53,8,3,12,3
FS DL R dl UL ur D,2,14,53,8,3,10,3
FS dl R DL ur D UL,2,14,53,8,3,13,3
FS DL R dl ur D UL,2,14,53,8,3,11,3
FS dl R DL ur UL D,2,14,53,8,3,14,3
FS DL R dl ur UL D,2,14,53,8,3,12,3
FS DL R UL dl ur D,2,14,53,8,3,12,3
FS DL R UL ur dl D,2,14,53,8,3,14,3
FS DL R ur D dl UL,2,14,53,8,3,13,3
FS dl R ur DL D UL,2,14,53,8,3,13,3
FS DL R ur dl D UL,2,14,53,8,3,15,3
FS dl R ur DL UL D,2,14,53,8,3,14,3
FS DL R ur dl UL D,2,14,53,8,3,14,3
FS DL R ur UL dl D,2,14,53,8,3,14,3
FS DL UL D dl ur R,2,14,53,8,3,14,3
FS DL UL D ur dl R,2,14,53,8,3,10,3
FS DL UL dl D ur R,2,14,53,8,3,12,3
FS DL UL R dl ur D,2,14,53,8,3,10,3
FS DL UL R ur dl D,2,14,53,8,3,14,3
FS DL UL ur R dl D,2,14,53,8,3,12,3
FS DL ur D dl R UL,2,14,53,8,3,11,3
FS DL ur D dl UL R,2,14,53,8,3,12,3
FS DL ur D R dl UL,2,14,53,8,3,9,2
FS DL ur D UL dl R,2,14,53,8,3,10,3
FS dl ur DL D R UL,2,14,53,8,3,13,3
FS DL ur dl D R UL,2,14,53,8,3,13,3
FS dl ur DL D UL R,2,14,53,8,3,14,3
FS DL ur dl D UL R,2,14,53,8,3,14,3
FS dl ur DL R D UL,2,14,53,8,3,15,3
FS DL ur dl R D UL,2,14,53,8,3,11,3
FS dl ur DL R UL D,2,14,53,8,3,16,3
FS DL ur dl R UL D,2,14,53,8,3,12,3
FS DL ur R D dl UL,2,14,53,8,3,13,3
FS dl ur R DL D UL,2,14,53,8,3,15,3
FS DL ur R dl D UL,2,14,53,8,3,13,3
FS dl ur R DL UL D,2,14,53,8,3,16,3
FS DL ur R dl UL D,2,14,53,8,3,12,3
FS DL ur R UL dl D,2,14,53,8,3,14,3
FS DL ur UL R dl D,2,14,53,8,3,12,3
FS R DL D dl ur UL,2,14,53,8,3,13,3
FS R DL D ur dl UL,2,14,53,8,3,11,3
FS R dl DL D ur UL,2,14,53,8,3,11,4
FS R DL dl D ur UL,2,14,53,8,3,15,4
FS R dl DL UL ur D,2,14,53,8,3,12,4
FS R DL dl UL ur D,2,14,53,8,3,14,4
FS R dl DL ur D UL,2,14,53,8,3,13,4
FS R DL dl ur D UL,2,14,53,8,3,15,4
FS R dl DL ur UL D,2,14,53,8,3,14,4
FS R DL dl ur UL D,2,14,53,8,3,16,4
FS R DL UL dl ur D,2,14,53,8,3,12,3
FS R DL UL ur dl D,2,14,53,8,3,14,3
FS R DL ur D dl UL,2,14,53,8,3,13,3
FS R dl ur DL D UL,2,14,53,8,3,11,3
FS R DL ur dl D UL,2,14,53,8,3,15,3
FS R dl ur DL UL D,2,14,53,8,3,12,3
FS R DL ur dl UL D,2,14,53,8,3,14,3
FS R DL ur UL dl D,2,14,53,8,3,14,3
FS R ur DL D dl UL,2,14,53,8,3,13,3
FS R ur dl DL D UL,2,14,53,8,3,15,4
FS R ur DL dl D UL,2,14,53,8,3,17,4
FS R ur dl DL UL D,2,14,53,8,3,16,4
FS R ur DL dl UL D,2,14,53,8,3,16,4
FS R ur DL UL dl D,2,14,53,8,3,14,3
FS ur DL D dl R UL,2,14,53,8,3,13,3
FS ur DL D dl UL R,2,14,53,8,3,14,3
FS ur DL D R dl UL,2,14,53,8,3,11,3
FS ur DL D UL dl R,2,14,53,8,3,12,3
FS ur dl DL D R UL,2,14,53,8,3,15,4
FS ur DL dl D R UL,2,14,53,8,3,17,4
FS ur dl DL D UL R,2,14,53,8,3,16,4
FS ur DL dl D UL R,2,14,53,8,3,18,4
FS ur dl DL R D UL,2,14,53,8,3,17,4
FS ur DL dl R D UL,2,14,53,8,3,15,4
FS ur dl DL R UL D,2,14,53,8,3,18,4
FS ur DL dl R UL D,2,14,53,8,3,16,4
FS ur DL R D dl UL,2,14,53,8,3,15,3
FS ur dl R DL D UL,2,14,53,8,3,13,3
FS ur DL R dl D UL,2,14,53,8,3,15,3
FS ur dl R DL UL D,2,14,53,8,3,14,3
FS ur DL R dl UL D,2,14,53,8,3,14,3
FS ur DL R UL dl D,2,14,53,8,3,16,3
FS ur DL UL R dl D,2,14,53,8,3,14,3
FS ur R DL D dl UL,2,14,53,8,3,15,3
FS ur R dl DL D UL,2,14,53,8,3,15,4
FS ur R DL dl D UL,2,14,53,8,3,19,4
FS ur R dl DL UL D,2,14,53,8,3,16,4
FS ur R DL dl UL D,2,14,53,8,3,18,4
FS ur R DL UL dl D,2,14,53,8,3,16,3
R dl DL FS D ur UL,2,14,53,8,3,11,4
R DL dl FS D ur UL,2,14,53,8,3,15,4
R dl DL FS UL ur D,2,14,53,8,3,12,4
R DL dl FS UL ur D,2,14,53,8,3,16,4
R dl DL FS ur D UL,2,14,53,8,3,13,4
R DL dl FS ur D UL,2,14,53,8,3,17,4
R dl DL FS ur UL D,2,14,53,8,3,14,4
R DL dl FS ur UL D,2,14,53,8,3,18,4
R dl DL UL FS ur D,2,14,53,8,3,14,4
R DL dl UL FS ur D,2,14,53,8,3,16,4
R dl DL UL ur FS D,2,14,53,8,3,14,4
R DL dl UL ur FS D,2,14,53,8,3,16,4
R dl DL ur FS D UL,2,14,53,8,3,15,4
R DL dl ur FS D UL,2,14,53,8,3,17,4
R dl DL ur FS UL D,2,14,53,8,3,16,4
R DL dl ur FS UL D,2,14,53,8,3,18,4
R dl DL ur UL FS D,2,14,53,8,3,14,4
R DL dl ur UL FS D,2,14,53,8,3,16,4
R DL FS D dl ur UL,2,14,53,8,3,13,3
R DL FS D ur dl UL,2,14,53,8,3,11,3
R dl FS DL D ur UL,2,14,53,8,3,9,3
R DL FS dl D ur UL,2,14,53,8,3,13,3
R dl FS DL UL ur D,2,14,53,8,3,10,3
R DL FS dl UL ur D,2,14,53,8,3,12,3
R dl FS DL ur D UL,2,14,53,8,3,11,3
R DL FS dl ur D UL,2,14,53,8,3,13,3
R dl FS DL ur UL D,2,14,53,8,3,12,3
R DL FS dl ur UL D,2,14,53,8,3,14,3
R DL FS UL dl ur D,2,14,53,8,3,12,3
R DL FS UL ur dl D,2,14,53,8,3,14,3
R DL FS ur D dl UL,2,14,53,8,3,13,3
R dl FS ur DL D UL,2,14,53,8,3,13,3
R DL FS ur dl D UL,2,14,53,8,3,15,3
R dl FS ur DL UL D,2,14,53,8,3,14,3
R DL FS ur dl UL D,2,14,53,8,3,14,3
R DL FS ur UL dl D,2,14,53,8,3,14,3
R dl UL DL FS ur D,2,14,53,8,3,10,3
R dl UL DL ur FS D,2,14,53,8,3,12,3
R dl UL ur DL FS D,2,14,53,8,3,10,2
R dl ur DL FS D UL,2,14,53,8,3,11,3
R DL ur dl FS D UL,2,14,53,8,3,15,3
R dl ur DL FS UL D,2,14,53,8,3,12,3
R DL ur dl FS UL D,2,14,53,8,3,16,3
R dl ur DL UL FS D,2,14,53,8,3,12,3
R DL ur dl UL FS D,2,14,53,8,3,14,3
R DL ur FS D dl UL,2,14,53,8,3,15,3
R dl ur FS DL D UL,2,14,53,8,3,11,3
R DL ur FS dl D UL,2,14,53,8,3,17,3
R dl ur FS DL UL D,2,14,53,8,3,12,3
R DL ur FS dl UL D,2,14,53,8,3,16,3
R DL ur FS UL dl D,2,14,53,8,3,16,3
R dl ur UL DL FS D,2,14,53,8,3,10,2
R FS DL D dl ur UL,2,14,53,8,3,11,3
R FS DL D ur dl UL,2,14,53,8,3,9,2
R FS dl DL D ur UL,2,14,53,8,3,13,4
R FS DL dl D ur UL,2,14,53,8,3,13,4
R FS dl DL UL ur D,2,14,53,8,3,14,4
R FS DL dl UL ur D,2,14,53,8,3,12,4
R FS dl DL ur D UL,2,14,53,8,3,15,4
R FS DL dl ur D UL,2,14,53,8,3,13,4
R FS dl DL ur UL D,2,14,53,8,3,16,4
R FS DL dl ur UL D,2,14,53,8,3,14,4
R FS DL UL dl ur D,2,14,53,8,3,10,2
R FS DL UL ur dl D,2,14,53,8,3,12,3
R FS DL ur D dl UL,2,14,53,8,3,11,3
R FS dl ur DL D UL,2,14,53,8,3,13,3
R FS DL ur dl D UL,2,14,53,8,3,13,3
R FS dl ur DL UL D,2,14,53,8,3,14,3
R FS DL ur dl UL D,2,14,53,8,3,12,3
R FS DL ur UL dl D,2,14,53,8,3,12,3
R FS ur DL D dl UL,2,14,53,8,3,13,3
R FS ur dl DL D UL,2,14,53,8,3,15,4
R FS ur DL dl D UL,2,14,53,8,3,17,4
R FS ur dl DL UL D,2,14,53,8,3,16,4
R FS ur DL dl UL D,2,14,53,8,3,16,4
R FS ur DL UL dl D,2,14,53,8,3,14,3
R ur dl DL FS D UL,2,14,53,8,3,15,4
R ur DL dl FS D UL,2,14,53,8,3,17,4
R ur dl DL FS UL D,2,14,53,8,3,16,4
R ur DL dl FS UL D,2,14,53,8,3,18,4
R ur dl DL UL FS D,2,14,53,8,3,16,4
R ur DL dl UL FS D,2,14,53,8,3,16,4
R ur DL FS D dl UL,2,14,53,8,3,13,3
R ur dl FS DL D UL,2,14,53,8,3,13,3
R ur DL FS dl D UL,2,14,53,8,3,15,3
R ur dl FS DL UL D,2,14,53,8,3,14,3
R ur DL FS dl UL D,2,14,53,8,3,14,3
R ur DL FS UL dl D,2,14,53,8,3,14,3
R ur dl UL DL FS D,2,14,53,8,3,12,3
R ur FS DL D dl UL,2,14,53,8,3,13,3
R ur FS dl DL D UL,2,14,53,8,3,17,4
R ur FS DL dl D UL,2,14,53,8,3,17,4
R ur FS dl DL UL D,2,14,53,8,3,18,4
R ur FS DL dl UL D,2,14,53,8,3,16,4
R ur FS DL UL dl D,2,14,53,8,3,14,3
ur DL D dl FS R UL,2,14,53,8,3,14,3
ur DL D dl FS UL R,2,14,53,8,3,15,3
ur DL D dl UL FS R,2,14,53,8,3,13,3
ur DL D FS dl R UL,2,14,53,8,3,12,3
ur DL D FS dl UL R,2,14,53,8,3,13,3
ur DL D FS R dl UL,2,14,53,8,3,10,2
ur DL D FS UL dl R,2,14,53,8,3,11,3
ur DL D UL dl FS R,2,14,53,8,3,13,3
ur DL D UL FS dl R,2,14,53,8,3,13,3
ur dl DL D FS R UL,2,14,53,8,3,14,4
ur DL dl D FS R UL,2,14,53,8,3,16,4
ur dl DL D FS UL R,2,14,53,8,3,15,4
ur DL dl D FS UL R,2,14,53,8,3,17,4
ur dl DL D UL FS R,2,14,53,8,3,15,4
ur DL dl D UL FS R,2,14,53,8,3,17,4
ur dl DL FS D R UL,2,14,53,8,3,14,4
ur DL dl FS D R UL,2,14,53,8,3,16,4
ur dl DL FS D UL R,2,14,53,8,3,15,4
ur DL dl FS D UL R,2,14,53,8,3,17,4
ur dl DL FS R D UL,2,14,53,8,3,14,4
ur DL dl FS R D UL,2,14,53,8,3,16,4
ur dl DL FS R UL D,2,14,53,8,3,15,4
ur DL dl FS R UL D,2,14,53,8,3,17,4
ur dl DL R FS D UL,2,14,53,8,3,16,4
ur DL dl R FS D UL,2,14,53,8,3,14,4
ur dl DL R FS UL D,2,14,53,8,3,17,4
ur DL dl R FS UL D,2,14,53,8,3,15,4
ur dl DL R UL FS D,2,14,53,8,3,17,4
ur DL dl R UL FS D,2,14,53,8,3,15,4
ur DL FS D dl R UL,2,14,53,8,3,12,3
ur DL FS D dl UL R,2,14,53,8,3,13,3
ur DL FS D R dl UL,2,14,53,8,3,10,2
ur DL FS D UL dl R,2,14,53,8,3,11,3
ur dl FS DL D R UL,2,14,53,8,3,12,3
ur DL FS dl D R UL,2,14,53,8,3,14,3
ur dl FS DL D UL R,2,14,53,8,3,13,3
ur DL FS dl D UL R,2,14,53,8,3,15,3
ur dl FS DL R D UL,2,14,53,8,3,14,3
ur DL FS dl R D UL,2,14,53,8,3,12,3
ur dl FS DL R UL D,2,14,53,8,3,15,3
ur DL FS dl R UL D,2,14,53,8,3,13,3
ur DL FS R D dl UL,2,14,53,8,3,12,3
ur dl FS R DL D UL,2,14,53,8,3,14,3
ur DL FS R dl D UL,2,14,53,8,3,12,3
ur dl FS R DL UL D,2,14,53,8,3,15,3
ur DL FS R dl UL D,2,14,53,8,3,11,3
ur DL FS R UL dl D,2,14,53,8,3,13,3
ur DL FS UL R dl D,2,14,53,8,3,13,3
ur dl R DL FS D UL,2,14,53,8,3,12,3
ur DL R dl FS D UL,2,14,53,8,3,14,3
ur dl R DL FS UL D,2,14,53,8,3,13,3
ur DL R dl FS UL D,2,14,53,8,3,15,3
ur dl R DL UL FS D,2,14,53,8,3,13,3
ur DL R dl UL FS D,2,14,53,8,3,13,3
ur DL R FS D dl UL,2,14,53,8,3,14,3
ur dl R FS DL D UL,2,14,53,8,3,10,3
ur DL R FS dl D UL,2,14,53,8,3,16,3
ur dl R FS DL UL D,2,14,53,8,3,11,3
ur DL R FS dl UL D,2,14,53,8,3,15,3
ur DL R FS UL dl D,2,14,53,8,3,15,3
ur dl R UL DL FS D,2,14,53,8,3,11,3
ur FS DL D dl R UL,2,14,53,8,3,12,3
ur FS DL D dl UL R,2,14,53,8,3,13,3
ur FS DL D R dl UL,2,14,53,8,3,10,3
ur FS DL D UL dl R,2,14,53,8,3,11,3
ur FS dl DL D R UL,2,14,53,8,3,16,4
ur FS DL dl D R UL,2,14,53,8,3,16,4
ur FS dl DL D UL R,2,14,53,8,3,17,4
ur FS DL dl D UL R,2,14,53,8,3,17,4
ur FS dl DL R D UL,2,14,53,8,3,18,4
ur FS DL dl R D UL,2,14,53,8,3,14,4
ur FS dl DL R UL D,2,14,53,8,3,19,4
ur FS DL dl R UL D,2,14,53,8,3,15,4
ur FS DL R D dl UL,2,14,53,8,3,14,3
ur FS dl R DL D UL,2,14,53,8,3,14,3
ur FS DL R dl D UL,2,14,53,8,3,14,3
ur FS dl R DL UL D,2,14,53,8,3,15,3
ur FS DL R dl UL D,2,14,53,8,3,13,3
ur FS DL R UL dl D,2,14,53,8,3,15,3
ur FS DL UL R dl D,2,14,53,8,3,13,3
ur FS R DL D dl UL,2,14,53,8,3,14,3
ur FS R dl DL D UL,2,14,53,8,3,14,4
ur FS R DL dl D UL,2,14,53,8,3,18,4
ur FS R dl DL UL D,2,14,53,8,3,15,4
ur FS R DL dl UL D,2,14,53,8,3,17,4
ur FS R DL UL dl D,2,14,53,8,3,15,3
ur R dl DL FS D UL,2,14,53,8,3,14,4
ur R DL dl FS D UL,2,14,53,8,3,18,4
ur R dl DL FS UL D,2,14,53,8,3,15,4
ur R DL dl FS UL D,2,14,53,8,3,19,4
ur R dl DL UL FS D,2,14,53,8,3,15,4
ur R DL dl UL FS D,2,14,53,8,3,17,4
ur R DL FS D dl UL,2,14,53,8,3,14,3
ur R dl FS DL D UL,2,14,53,8,3,12,3
ur R DL FS dl D UL,2,14,53,8,3,16,3
ur R dl FS DL UL D,2,14,53,8,3,13,3
ur R DL FS dl UL D,2,14,53,8,3,15,3
ur R DL FS UL dl D,2,14,53,8,3,15,3
ur R dl UL DL FS D,2,14,53,8,3,11,3
ur R FS DL D dl UL,2,14,53,8,3,12,3
ur R FS dl DL D UL,2,14,53,8,3,16,4
ur R FS DL dl D UL,2,14,53,8,3,16,4
ur R FS dl DL UL D,2,14,53,8,3,17,4
ur R FS DL dl UL D,2,14,53,8,3,15,4
ur R FS DL UL dl D,2,14,53,8,3,13,3
D dl FS UL DL ur R,2,13,53,9,3,16,3
D dl FS UL R ur DL,2,13,53,9,3,17,3
D dl FS UL ur DL R,2,13,53,9,3,16,3
D dl FS UL ur R DL,2,13,53,9,3,17,3
D dl FS ur UL DL R,2,13,53,9,3,16,3
D dl FS ur UL R DL,2,13,53,9,3,17,3
D dl UL FS DL ur R,2,13,53,9,3,14,3
D dl UL FS R ur DL,2,13,53,9,3,15,3
D dl UL FS ur DL R,2,13,53,9,3,16,3
D dl UL FS ur R DL,2,13,53,9,3,17,3
D dl UL R FS ur DL,2,13,53,9,3,15,3
D dl UL R ur FS DL,2,13,53,9,3,15,3
D dl UL ur DL FS R,2,13,53,9,3,12,3
D dl UL ur FS DL R,2,13,53,9,3,14,3
D dl UL ur FS R DL,2,13,53,9,3,15,3
D dl UL ur R FS DL,2,13,53,9,3,13,3
D dl ur FS UL DL R,2,13,53,9,3,16,3
D dl ur FS UL R DL,2,13,53,9,3,17,3
D dl ur UL DL FS R,2,13,53,9,3,12,3
D dl ur UL FS DL R,2,13,53,9,3,14,3
D dl ur UL FS R DL,2,13,53,9,3,15,3
D dl ur UL R FS DL,2,13,53,9,3,13,3
D FS dl UL DL ur R,2,13,53,9,3,14,3
D FS dl UL R ur DL,2,13,53,9,3,15,3
D FS dl UL ur DL R,2,13,53,9,3,14,3
D FS dl UL ur R DL,2,13,53,9,3,15,3
D FS dl ur UL DL R,2,13,53,9,3,14,3
D FS dl ur UL R DL,2,13,53,9,3,15,3
D FS UL dl DL ur R,2,13,53,9,3,16,4
D FS UL DL dl ur R,2,13,53,9,3,16,4
D FS UL dl R ur DL,2,13,53,9,3,13,3
D FS UL dl ur DL R,2,13,53,9,3,14,3
D FS UL DL ur dl R,2,13,53,9,3,12,3
D FS UL dl ur R DL,2,13,53,9,3,15,3
D FS UL ur dl DL R,2,13,53,9,3,16,4
D FS UL ur DL dl R,2,13,53,9,3,14,4
D FS UL ur dl R DL,2,13,53,9,3,13,3
D FS ur dl UL DL R,2,13,53,9,3,14,3
D FS ur dl UL R DL,2,13,53,9,3,15,3
D FS ur UL dl DL R,2,13,53,9,3,16,4
D FS ur UL DL dl R,2,13,53,9,3,14,4
D FS ur UL dl R DL,2,13,53,9,3,13,3
D UL dl FS DL ur R,2,13,53,9,3,14,3
D UL dl FS R ur DL,2,13,53,9,3,15,3
D UL dl FS ur DL R,2,13,53,9,3,16,3
D UL dl FS ur R DL,2,13,53,9,3,17,3
D UL dl R FS ur DL,2,13,53,9,3,13,3
D UL dl R ur FS DL,2,13,53,9,3,13,3
D UL dl ur DL FS R,2,13,53,9,3,12,3
D UL dl ur FS DL R,2,13,53,9,3,14,3
D UL dl ur FS R DL,2,13,53,9,3,15,3
D UL dl ur R FS DL,2,13,53,9,3,13,3
D UL FS dl DL ur R,2,13,53,9,3,18,4
D UL FS DL dl ur R,2,13,53,9,3,16,4
D UL FS dl R ur DL,2,13,53,9,3,15,3
D UL FS dl ur DL R,2,13,53,9,3,16,3
D UL FS DL ur dl R,2,13,53,9,3,12,3
D UL FS dl ur R DL,2,13,53,9,3,17,3
D UL FS ur dl DL R,2,13,53,9,3,18,4
D UL FS ur DL dl R,2,13,53,9,3,16,4
D UL FS ur dl R DL,2,13,53,9,3,15,3
D UL ur dl DL FS R,2,13,53,9,3,14,4
D UL ur DL dl FS R,2,13,53,9,3,16,4
D UL ur dl FS DL R,2,13,53,9,3,14,3
D UL ur DL FS dl R,2,13,53,9,3,12,3
D UL ur dl FS R DL,2,13,53,9,3,15,3
D UL ur dl R FS DL,2,13,53,9,3,11,3
D UL ur FS dl DL R,2,13,53,9,3,18,4
D UL ur FS DL dl R,2,13,53,9,3,14,4
D UL ur FS dl R DL,2,13,53,9,3,15,3
D ur dl FS UL DL R,2,13,53,9,3,14,3
D ur dl FS UL R DL,2,13,53,9,3,15,3
D ur dl UL DL FS R,2,13,53,9,3,10,2
D ur dl UL FS DL R,2,13,53,9,3,12,3
D ur dl UL FS R DL,2,13,53,9,3,13,3
D ur dl UL R FS DL,2,13,53,9,3,11,3
D ur FS dl UL DL R,2,13,53,9,3,14,3
D ur FS dl UL R DL,2,13,53,9,3,15,3
D ur FS UL dl DL R,2,13,53,9,3,16,4
D ur FS UL DL dl R,2,13,53,9,3,14,4
D ur FS UL dl R DL,2,13,53,9,3,13,3
D ur UL dl DL FS R,2,13,53,9,3,12,4
D ur UL DL dl FS R,2,13,53,9,3,14,4
D ur UL dl FS DL R,2,13,53,9,3,12,3
D ur UL DL FS dl R,2,13,53,9,3,10,3
D ur UL dl FS R DL,2,13,53,9,3,13,3
D ur UL dl R FS DL,2,13,53,9,3,9,2
D ur UL FS dl DL R,2,13,53,9,3,16,4
D ur UL FS DL dl R,2,13,53,9,3,12,4
D ur UL FS dl R DL,2,13,53,9,3,13,3
dl D FS UL DL ur R,2,13,53,9,3,15,3
dl D FS UL R ur DL,2,13,53,9,3,16,3
dl D FS UL ur DL R,2,13,53,9,3,15,3
dl D FS UL ur R DL,2,13,53,9,3,16,3
dl D FS ur UL DL R,2,13,53,9,3,15,3
dl D FS ur UL R DL,2,13,53,9,3,16,3
dl D UL FS DL ur R,2,13,53,9,3,15,3
dl D UL FS R ur DL,2,13,53,9,3,16,3
dl D UL FS ur DL R,2,13,53,9,3,17,3
dl D UL FS ur R DL,2,13,53,9,3,18,3
dl D UL R FS ur DL,2,13,53,9,3,16,3
dl D UL R ur FS DL,2,13,53,9,3,16,3
dl D UL ur DL FS R,2,13,53,9,3,13,3
dl D UL ur FS DL R,2,13,53,9,3,15,3
dl D UL ur FS R DL,2,13,53,9,3,16,3
dl D UL ur R FS DL,2,13,53,9,3,14,3
dl D ur FS UL DL R,2,13,53,9,3,15,3
dl D ur FS UL R DL,2,13,53,9,3,16,3
dl D ur UL DL FS R,2,13,53,9,3,11,3
dl D ur UL FS DL R,2,13,53,9,3,13,3
dl D ur UL FS R DL,2,13,53,9,3,14,3
dl D ur UL R FS DL,2,13,53,9,3,12,3
dl FS D UL DL ur R,2,13,53,9,3,15,3
dl FS D UL R ur DL,2,13,53,9,3,16,3
dl FS D UL ur DL R,2,13,53,9,3,15,3
dl FS D UL ur R DL,2,13,53,9,3,16,3
dl FS D ur UL DL R,2,13,53,9,3,13,3
dl FS D ur UL R DL,2,13,53,9,3,14,3
dl FS ur D UL DL R,2,13,53,9,3,15,3
dl FS ur D UL R DL,2,13,53,9,3,16,3
dl ur D FS UL DL R,2,13,53,9,3,13,3
dl ur D FS UL R DL,2,13,53,9,3,14,3
dl ur D UL DL FS R,2,13,53,9,3,11,3
dl ur D UL FS DL R,2,13,53,9,3,13,3
dl ur D UL FS R DL,2,13,53,9,3,14,3
dl ur D UL R FS DL,2,13,53,9,3,12,3
dl ur FS D UL DL R,2,13,53,9,3,15,3
dl ur FS D UL R DL,2,13,53,9,3,16,3
FS D dl UL DL ur R,2,13,53,9,3,14,3
FS D dl UL R ur DL,2,13,53,9,3,15,3
FS D dl UL ur DL R,2,13,53,9,3,14,3
FS D dl UL ur R DL,2,13,53,9,3,15,3
FS D dl ur UL DL R,2,13,53,9,3,14,3
FS D dl ur UL R DL,2,13,53,9,3,15,3
FS D UL dl DL ur R,2,13,53,9,3,16,4
FS D UL DL dl ur R,2,13,53,9,3,16,4
FS D UL dl R ur DL,2,13,53,9,3,13,3
FS D UL dl ur DL R,2,13,53,9,3,14,3
FS D UL DL ur dl R,2,13,53,9,3,12,3
FS D UL dl ur R DL,2,13,53,9,3,15,3
FS D UL ur dl DL R,2,13,53,9,3,16,4
FS D UL ur DL dl R,2,13,53,9,3,14,4
FS D UL ur dl R DL,2,13,53,9,3,13,3
FS D ur dl UL DL R,2,13,53,9,3,12,3
FS D ur dl UL R DL,2,13,53,9,3,13,3
FS D ur UL dl DL R,2,13,53,9,3,14,4
FS D ur UL DL dl R,2,13,53,9,3,12,4
FS D ur UL dl R DL,2,13,53,9,3,11,3
FS dl D UL DL ur R,2,13,53,9,3,16,3
FS dl D UL R ur DL,2,13,53,9,3,17,3
FS dl D UL ur DL R,2,13,53,9,3,16,3
FS dl D UL ur R DL,2,13,53,9,3,17,3
FS dl D ur UL DL R,2,13,53,9,3,14,3
FS dl D ur UL R DL,2,13,53,9,3,15,3
FS dl ur D UL DL R,2,13,53,9,3,14,3
FS dl ur D UL R DL,2,13,53,9,3,15,3
FS ur D dl UL DL R,2,13,53,9,3,14,3
FS ur D dl UL R DL,2,13,53,9,3,15,3
FS ur D UL dl DL R,2,13,53,9,3,16,4
FS ur D UL DL dl R,2,13,53,9,3,14,4
FS ur D UL dl R DL,2,13,53,9,3,13,3
FS ur dl D UL DL R,2,13,53,9,3,16,3
FS ur dl D UL R DL,2,13,53,9,3,17,3
ur D dl FS UL DL R,2,13,53,9,3,15,3
ur D dl FS UL R DL,2,13,53,9,3,16,3
ur D dl UL DL FS R,2,13,53,9,3,11,3
ur D dl UL FS DL R,2,13,53,9,3,13,3
ur D dl UL FS R DL,2,13,53,9,3,14,3
ur D dl UL R FS DL,2,13,53,9,3,12,3
ur D FS dl UL DL R,2,13,53,9,3,13,3
ur D FS dl UL R DL,2,13,53,9,3,14,3
ur D FS UL dl DL R,2,13,53,9,3,15,4
ur D FS UL DL dl R,2,13,53,9,3,13,4
ur D FS UL dl R DL,2,13,53,9,3,12,3
ur D UL dl DL FS R,2,13,53,9,3,13,4
ur D UL DL dl FS R,2,13,53,9,3,15,4
ur D UL dl FS DL R,2,13,53,9,3,13,3
ur D UL DL FS dl R,2,13,53,9,3,11,3
ur D UL dl FS R DL,2,13,53,9,3,14,3
ur D UL dl R FS DL,2,13,53,9,3,10,3
ur D UL FS dl DL R,2,13,53,9,3,17,4
ur D UL FS DL dl R,2,13,53,9,3,13,4
ur D UL FS dl R DL,2,13,53,9,3,14,3
ur dl D FS UL DL R,2,13,53,9,3,15,3
ur dl D FS UL R DL,2,13,53,9,3,16,3
ur dl D UL DL FS R,2,13,53,9,3,13,3
ur dl D UL FS DL R,2,13,53,9,3,15,3
ur dl D UL FS R DL,2,13,53,9,3,16,3
ur dl D UL R FS DL,2,13,53,9,3,14,3
ur dl FS D UL DL R,2,13,53,9,3,15,3
ur dl FS D UL R DL,2,13,53,9,3,16,3
ur FS D dl UL DL R,2,13,53,9,3,15,3
ur FS D dl UL R DL,2,13,53,9,3,16,3
ur FS D UL dl DL R,2,13,53,9,3,17,4
ur FS D UL DL dl R,2,13,53,9,3,15,4
ur FS D UL dl R DL,2,13,53,9,3,14,3
ur FS dl D UL DL R,2,13,53,9,3,17,3
ur FS dl D UL R DL,2,13,53,9,3,18,3
D DL R UL FS ur dl,2,14,54,9,3,15,3
D DL R UL ur FS dl,2,14,54,9,3,15,3
D DL UL R FS ur dl,2,14,54,9,3,13,3
D DL UL R ur FS dl,2,14,54,9,3,15,3
D DL UL ur R FS dl,2,14,54,9,3,13,3
D R DL UL FS ur dl,2,14,54,9,3,15,3
D R DL UL ur FS dl,2,14,54,9,3,15,3
D R UL DL FS ur dl,2,14,54,9,3,13,3
D R UL DL ur FS dl,2,14,54,9,3,15,3
D UL DL R FS ur dl,2,14,54,9,3,15,3
D UL DL R ur FS dl,2,14,54,9,3,17,3
D UL DL ur R FS dl,2,14,54,9,3,15,3
D UL R DL FS ur dl,2,14,54,9,3,15,3
D UL R DL ur FS dl,2,14,54,9,3,17,3
R D DL UL FS ur dl,2,14,54,9,3,13,3
R D DL UL ur FS dl,2,14,54,9,3,13,3
R D UL DL FS ur dl,2,14,54,9,3,13,3
R D UL DL ur FS dl,2,14,54,9,3,15,3
DL D dl UL FS R ur,2,14,55,7,3,14,3
DL D dl UL R FS ur,2,14,55,7,3,14,3
DL D UL dl FS R ur,2,14,55,7,3,14,3
DL D UL dl R FS ur,2,14,55,7,3,12,3
DL D UL FS dl R ur,2,14,55,7,3,14,3
DL D UL FS R dl ur,2,14,55,7,3,12,3
dl DL D UL FS R ur,2,14,55,7,3,16,4
DL dl D UL FS R ur,2,14,55,7,3,18,4
dl DL D UL R FS ur,2,14,55,7,3,16,4
DL dl D UL R FS ur,2,14,55,7,3,18,4
dl DL UL D FS R ur,2,14,55,7,3,16,4
DL dl UL D FS R ur,2,14,55,7,3,16,4
dl DL UL D R FS ur,2,14,55,7,3,16,4
DL dl UL D R FS ur,2,14,55,7,3,16,4
dl DL UL FS D R ur,2,14,55,7,3,16,4
DL dl UL FS D R ur,2,14,55,7,3,16,4
dl DL UL R D FS ur,2,14,55,7,3,16,4
DL dl UL R D FS ur,2,14,55,7,3,16,4
DL R UL dl FS D ur,2,14,55,7,3,14,3
DL R UL FS D dl ur,2,14,55,7,3,16,3
DL R UL FS dl D ur,2,14,55,7,3,16,3
dl UL D DL FS R ur,2,14,55,7,3,12,3
DL UL D dl FS R ur,2,14,55,7,3,16,3
dl UL D DL R FS ur,2,14,55,7,3,14,3
DL UL D dl R FS ur,2,14,55,7,3,14,3
DL UL D FS dl R ur,2,14,55,7,3,14,3
DL UL D FS R dl ur,2,14,55,7,3,12,3
dl UL D R DL FS ur,2,14,55,7,3,14,3
dl UL DL D FS R ur,2,14,55,7,3,12,3
DL UL dl D FS R ur,2,14,55,7,3,14,3
dl UL DL D R FS ur,2,14,55,7,3,12,3
DL UL dl D R FS ur,2,14,55,7,3,14,3
dl UL DL FS D R ur,2,14,55,7,3,12,3
DL UL dl FS D R ur,2,14,55,7,3,14,3
dl UL DL R D FS ur,2,14,55,7,3,14,3
DL UL dl R D FS ur,2,14,55,7,3,12,3
DL UL FS D dl R ur,2,14,55,7,3,14,3
DL UL FS D R dl ur,2,14,55,7,3,12,3
DL UL FS dl D R ur,2,14,55,7,3,16,3
DL UL FS R D dl ur,2,14,55,7,3,14,3
DL UL FS R dl D ur,2,14,55,7,3,12,3
dl UL R D DL FS ur,2,14,55,7,3,12,3
dl UL R DL D FS ur,2,14,55,7,3,14,3
DL UL R dl FS D ur,2,14,55,7,3,12,3
DL UL R FS D dl ur,2,14,55,7,3,14,3
DL UL R FS dl D ur,2,14,55,7,3,14,3
R DL UL dl FS D ur,2,14,55,7,3,13,3
R DL UL FS D dl ur,2,14,55,7,3,15,3
R DL UL FS dl D ur,2,14,55,7,3,15,3
R UL dl DL FS D ur,2,14,55,7,3,13,4
R UL DL dl FS D ur,2,14,55,7,3,15,4
R UL DL FS D dl ur,2,14,55,7,3,13,3
R UL DL FS dl D ur,2,14,55,7,3,13,3
UL D dl DL FS R ur,2,14,55,7,3,16,4
UL D DL dl FS R ur,2,14,55,7,3,16,4
UL D dl DL R FS ur,2,14,55,7,3,18,4
UL D DL dl R FS ur,2,14,55,7,3,14,4
UL D DL FS dl R ur,2,14,55,7,3,12,3
UL D DL FS R dl ur,2,14,55,7,3,10,3
UL D dl R DL FS ur,2,14,55,7,3,14,3
UL dl D DL FS R ur,2,14,55,7,3,12,3
UL DL D dl FS R ur,2,14,55,7,3,14,3
UL dl D DL R FS ur,2,14,55,7,3,14,3
UL DL D dl R FS ur,2,14,55,7,3,12,3
UL DL D FS dl R ur,2,14,55,7,3,12,3
UL DL D FS R dl ur,2,14,55,7,3,10,2
UL dl D R DL FS ur,2,14,55,7,3,14,3
UL dl DL D FS R ur,2,14,55,7,3,14,4
UL DL dl D FS R ur,2,14,55,7,3,16,4
UL dl DL D R FS ur,2,14,55,7,3,14,4
UL DL dl D R FS ur,2,14,55,7,3,16,4
UL dl DL FS D R ur,2,14,55,7,3,14,4
UL DL dl FS D R ur,2,14,55,7,3,16,4
UL dl DL R D FS ur,2,14,55,7,3,16,4
UL DL dl R D FS ur,2,14,55,7,3,14,4
UL DL FS D dl R ur,2,14,55,7,3,12,3
UL DL FS D R dl ur,2,14,55,7,3,10,2
UL DL FS dl D R ur,2,14,55,7,3,14,3
UL DL FS R D dl ur,2,14,55,7,3,12,3
UL DL FS R dl D ur,2,14,55,7,3,10,3
UL dl R D DL FS ur,2,14,55,7,3,10,3
UL dl R DL D FS ur,2,14,55,7,3,12,3
UL DL R dl FS D ur,2,14,55,7,3,12,3
UL DL R FS D dl ur,2,14,55,7,3,14,3
UL DL R FS dl D ur,2,14,55,7,3,14,3
UL R dl DL FS D ur,2,14,55,7,3,12,4
UL R DL dl FS D ur,2,14,55,7,3,16,4
UL R DL FS D dl ur,2,14,55,7,3,14,3
UL R DL FS dl D ur,2,14,55,7,3,14,3
D DL R UL dl ur FS,2,14,55,9,3,14,3
D DL R UL ur dl FS,2,14,55,9,3,14,3
D DL UL R dl ur FS,2,14,55,9,3,12,3
D DL UL R ur dl FS,2,14,55,9,3,14,3
D DL UL ur R dl FS,2,14,55,9,3,12,3
D R DL UL dl ur FS,2,14,55,9,3,14,3
D R DL UL ur dl FS,2,14,55,9,3,14,3
D R UL dl DL ur FS,2,14,55,9,3,16,4
D R UL DL dl ur FS,2,14,55,9,3,16,4
D R UL DL ur dl FS,2,14,55,9,3,14,3
D UL DL R dl ur FS,2,14,55,9,3,14,3
D UL DL R ur dl FS,2,14,55,9,3,16,3
D UL DL ur R dl FS,2,14,55,9,3,14,3
D UL R dl DL ur FS,2,14,55,9,3,16,4
D UL R DL dl ur FS,2,14,55,9,3,18,4
D UL R DL ur dl FS,2,14,55,9,3,16,3
DL D dl R FS ur UL,2,14,55,9,3,12,3
DL D dl R ur FS UL,2,14,55,9,3,14,3
DL D dl ur R FS UL,2,14,55,9,3,14,3
DL D R dl FS ur UL,2,14,55,9,3,12,3
DL D R dl ur FS UL,2,14,55,9,3,12,3
DL D R FS dl ur UL,2,14,55,9,3,12,3
DL D R FS ur dl UL,2,14,55,9,3,12,3
DL D R ur dl FS UL,2,14,55,9,3,14,3
DL D R ur FS dl UL,2,14,55,9,3,14,3
DL D ur dl R FS UL,2,14,55,9,3,10,3
DL D ur R dl FS UL,2,14,55,9,3,12,3
DL D ur R FS dl UL,2,14,55,9,3,12,3
dl DL D R FS ur UL,2,14,55,9,3,14,4
DL dl D R FS ur UL,2,14,55,9,3,16,4
dl DL D R ur FS UL,2,14,55,9,3,16,4
DL dl D R ur FS UL,2,14,55,9,3,18,4
dl DL D ur R FS UL,2,14,55,9,3,14,4
DL dl D ur R FS UL,2,14,55,9,3,16,4
dl DL R D FS ur UL,2,14,55,9,3,16,4
DL dl R D FS ur UL,2,14,55,9,3,14,4
dl DL R D ur FS UL,2,14,55,9,3,16,4
DL dl R D ur FS UL,2,14,55,9,3,14,4
dl DL R ur D FS UL,2,14,55,9,3,16,4
DL dl R ur D FS UL,2,14,55,9,3,14,4
dl DL ur D R FS UL,2,14,55,9,3,14,4
DL dl ur D R FS UL,2,14,55,9,3,14,4
dl DL ur R D FS UL,2,14,55,9,3,16,4
DL dl ur R D FS UL,2,14,55,9,3,16,4
DL R D dl FS ur UL,2,14,55,9,3,16,3
DL R D dl ur FS UL,2,14,55,9,3,16,3
DL R D FS dl ur UL,2,14,55,9,3,14,3
DL R D FS ur dl UL,2,14,55,9,3,14,3
DL R D ur dl FS UL,2,14,55,9,3,14,3
DL R D ur FS dl UL,2,14,55,9,3,14,3
dl R DL D FS ur UL,2,14,55,9,3,12,3
DL R dl D FS ur UL,2,14,55,9,3,14,3
dl R DL D ur FS UL,2,14,55,9,3,12,3
DL R dl D ur FS UL,2,14,55,9,3,14,3
dl R DL ur D FS UL,2,14,55,9,3,12,3
DL R dl ur D FS UL,2,14,55,9,3,12,3
DL R ur D dl FS UL,2,14,55,9,3,16,3
DL R ur D FS dl UL,2,14,55,9,3,14,3
dl R ur DL D FS UL,2,14,55,9,3,12,3
DL R ur dl D FS UL,2,14,55,9,3,16,3
DL ur D dl R FS UL,2,14,55,9,3,12,3
DL ur D R dl FS UL,2,14,55,9,3,12,3
DL ur D R FS dl UL,2,14,55,9,3,12,3
dl ur DL D R FS UL,2,14,55,9,3,12,3
DL ur dl D R FS UL,2,14,55,9,3,14,3
dl ur DL R D FS UL,2,14,55,9,3,14,3
DL ur dl R D FS UL,2,14,55,9,3,12,3
DL ur R D dl FS UL,2,14,55,9,3,16,3
DL ur R D FS dl UL,2,14,55,9,3,14,3
dl ur R DL D FS UL,2,14,55,9,3,14,3
DL ur R dl D FS UL,2,14,55,9,3,14,3
R D DL UL dl ur FS,2,14,55,9,3,12,3
R D DL UL ur dl FS,2,14,55,9,3,12,3
R D UL dl DL ur FS,2,14,55,9,3,16,4
R D UL DL dl ur FS,2,14,55,9,3,16,4
R D UL DL ur dl FS,2,14,55,9,3,14,3
R DL D dl FS ur UL,2,14,55,9,3,15,3
R DL D dl ur FS UL,2,14,55,9,3,15,3
R DL D FS dl ur UL,2,14,55,9,3,13,3
R DL D FS ur dl UL,2,14,55,9,3,13,3
R DL D ur dl FS UL,2,14,55,9,3,13,3
R DL D ur FS dl UL,2,14,55,9,3,13,3
R dl DL D FS ur UL,2,14,55,9,3,13,4
R DL dl D FS ur UL,2,14,55,9,3,17,4
R dl DL D ur FS UL,2,14,55,9,3,13,4
R DL dl D ur FS UL,2,14,55,9,3,17,4
R dl DL ur D FS UL,2,14,55,9,3,13,4
R DL dl ur D FS UL,2,14,55,9,3,15,4
R DL ur D dl FS UL,2,14,55,9,3,15,3
R DL ur D FS dl UL,2,14,55,9,3,13,3
R dl ur DL D FS UL,2,14,55,9,3,11,3
R DL ur dl D FS UL,2,14,55,9,3,15,3
R ur DL D dl FS UL,2,14,55,9,3,15,3
R ur DL D FS dl UL,2,14,55,9,3,13,3
R ur dl DL D FS UL,2,14,55,9,3,15,4
R ur DL dl D FS UL,2,14,55,9,3,17,4
ur DL D dl R FS UL,2,14,55,9,3,12,3
ur DL D R dl FS UL,2,14,55,9,3,12,3
ur DL D R FS dl UL,2,14,55,9,3,12,3
ur dl DL D R FS UL,2,14,55,9,3,14,4
ur DL dl D R FS UL,2,14,55,9,3,16,4
ur dl DL R D FS UL,2,14,55,9,3,16,4
ur DL dl R D FS UL,2,14,55,9,3,14,4
ur DL R D dl FS UL,2,14,55,9,3,16,3
ur DL R D FS dl UL,2,14,55,9,3,14,3
ur dl R DL D FS UL,2,14,55,9,3,12,3
ur DL R dl D FS UL,2,14,55,9,3,14,3
ur R DL D dl FS UL,2,14,55,9,3,16,3
ur R DL D FS dl UL,2,14,55,9,3,14,3
ur R dl DL D FS UL,2,14,55,9,3,14,4
ur R DL dl D FS UL,2,14,55,9,3,18,4
D FS R UL dl ur DL,2,13,55,10,3,13,3
D FS R UL ur dl DL,2,13,55,10,3,15,4
D FS R ur UL dl DL,2,13,55,10,3,15,4
D FS UL R dl ur DL,2,13,55,10,3,13,3
D FS UL R ur dl DL,2,13,55,10,3,17,4
D FS UL ur R dl DL,2,13,55,10,3,15,4
D FS ur R UL dl DL,2,13,55,10,3,17,4
D FS ur UL R dl DL,2,13,55,10,3,15,4
D R FS UL dl ur DL,2,13,55,10,3,13,3
D R FS UL ur dl DL,2,13,55,10,3,15,4
D R FS ur UL dl DL,2,13,55,10,3,15,4
D R UL dl FS ur DL,2,13,55,10,3,15,3
D R UL dl ur FS DL,2,13,55,10,3,13,3
D R UL FS dl ur DL,2,13,55,10,3,15,3
D R UL FS ur dl DL,2,13,55,10,3,17,4
D R UL ur dl FS DL,2,13,55,10,3,13,3
D R UL ur FS dl DL,2,13,55,10,3,17,4
D R ur FS UL dl DL,2,13,55,10,3,17,4
D R ur UL dl FS DL,2,13,55,10,3,13,3
D R ur UL FS dl DL,2,13,55,10,3,17,4
D UL FS R dl ur DL,2,13,55,10,3,13,3
D UL FS R ur dl DL,2,13,55,10,3,17,4
D UL FS ur R dl DL,2,13,55,10,3,17,4
D UL R dl FS ur DL,2,13,55,10,3,15,3
D UL R dl ur FS DL,2,13,55,10,3,13,3
D UL R FS dl ur DL,2,13,55,10,3,15,3
D UL R FS ur dl DL,2,13,55,10,3,17,4
D UL R ur dl FS DL,2,13,55,10,3,15,3
D UL R ur FS dl DL,2,13,55,10,3,19,4
D UL ur FS R dl DL,2,13,55,10,3,15,4
D UL ur R dl FS DL,2,13,55,10,3,13,3
D UL ur R FS dl DL,2,13,55,10,3,17,4
D ur FS R UL dl DL,2,13,55,10,3,15,4
D ur FS UL R dl DL,2,13,55,10,3,15,4
D ur R FS UL dl DL,2,13,55,10,3,15,4
D ur R UL dl FS DL,2,13,55,10,3,13,3
D ur R UL FS dl DL,2,13,55,10,3,17,4
D ur UL FS R dl DL,2,13,55,10,3,13,4
D ur UL R dl FS DL,2,13,55,10,3,11,3
D ur UL R FS dl DL,2,13,55,10,3,15,4
FS D R UL dl ur DL,2,13,55,10,3,13,3
FS D R UL ur dl DL,2,13,55,10,3,15,4
FS D R ur UL dl DL,2,13,55,10,3,15,4
FS D UL R dl ur DL,2,13,55,10,3,13,3
FS D UL R ur dl DL,2,13,55,10,3,17,4
FS D UL ur R dl DL,2,13,55,10,3,15,4
FS D ur R UL dl DL,2,13,55,10,3,15,4
FS D ur UL R dl DL,2,13,55,10,3,13,4
FS R D UL dl ur DL,2,13,55,10,3,13,3
FS R D UL ur dl DL,2,13,55,10,3,15,4
FS R D ur UL dl DL,2,13,55,10,3,13,4
FS R ur D UL dl DL,2,13,55,10,3,15,4
FS ur D R UL dl DL,2,13,55,10,3,15,4
FS ur D UL R dl DL,2,13,55,10,3,15,4
FS ur R D UL dl DL,2,13,55,10,3,17,4
R D FS UL dl ur DL,2,13,55,10,3,13,3
R D FS UL ur dl DL,2,13,55,10,3,15,4
R D FS ur UL dl DL,2,13,55,10,3,15,4
R D UL dl FS ur DL,2,13,55,10,3,15,3
R D UL dl ur FS DL,2,13,55,10,3,13,3
R D UL FS dl ur DL,2,13,55,10,3,15,3
R D UL FS ur dl DL,2,13,55,10,3,17,4
R D UL ur dl FS DL,2,13,55,10,3,13,3
R D UL ur FS dl DL,2,13,55,10,3,17,4
R D ur FS UL dl DL,2,13,55,10,3,15,4
R D ur UL dl FS DL,2,13,55,10,3,11,3
R D ur UL FS dl DL,2,13,55,10,3,15,4
R FS D UL dl ur DL,2,13,55,10,3,13,3
R FS D UL ur dl DL,2,13,55,10,3,15,4
R FS D ur UL dl DL,2,13,55,10,3,13,4
R FS ur D UL dl DL,2,13,55,10,3,15,4
R ur D FS UL dl DL,2,13,55,10,3,15,4
R ur D UL dl FS DL,2,13,55,10,3,13,3
R ur D UL FS dl DL,2,13,55,10,3,17,4
R ur FS D UL dl DL,2,13,55,10,3,17,4
ur D FS R UL dl DL,2,13,55,10,3,14,4
ur D FS UL R dl DL,2,13,55,10,3,14,4
ur D R FS UL dl DL,2,13,55,10,3,14,4
ur D R UL dl FS DL,2,13,55,10,3,12,3
ur D R UL FS dl DL,2,13,55,10,3,16,4
ur D UL FS R dl DL,2,13,55,10,3,14,4
ur D UL R dl FS DL,2,13,55,10,3,12,3
ur D UL R FS dl DL,2,13,55,10,3,16,4
ur FS D R UL dl DL,2,13,55,10,3,16,4
ur FS D UL R dl DL,2,13,55,10,3,16,4
ur FS R D UL dl DL,2,13,55,10,3,16,4
ur R D FS UL dl DL,2,13,55,10,3,16,4
ur R D UL dl FS DL,2,13,55,10,3,14,3
ur R D UL FS dl DL,2,13,55,10,3,18,4
ur R FS D UL dl DL,2,13,55,10,3,16,4
DL D R UL dl FS ur,2,14,57,8,3,14,3
DL D R UL FS dl ur,2,14,57,8,3,14,3
DL D UL R dl FS ur,2,14,57,8,3,14,3
DL D UL R FS dl ur,2,14,57,8,3,14,3
DL R D UL dl FS ur,2,14,57,8,3,16,3
DL R D UL FS dl ur,2,14,57,8,3,16,3
DL R UL D dl FS ur,2,14,57,8,3,18,3
DL R UL D FS dl ur,2,14,57,8,3,16,3
DL R UL dl D FS ur,2,14,57,8,3,16,3
DL UL D R dl FS ur,2,14,57,8,3,14,3
DL UL D R FS dl ur,2,14,57,8,3,14,3
DL UL R D dl FS ur,2,14,57,8,3,16,3
DL UL R D FS dl ur,2,14,57,8,3,14,3
DL UL R dl D FS ur,2,14,57,8,3,14,3
R DL D UL dl FS ur,2,14,57,8,3,15,3
R DL D UL FS dl ur,2,14,57,8,3,15,3
R DL UL D dl FS ur,2,14,57,8,3,17,3
R DL UL D FS dl ur,2,14,57,8,3,15,3
R DL UL dl D FS ur,2,14,57,8,3,15,3
R UL D dl DL FS ur,2,14,57,8,3,17,4
R UL D DL dl FS ur,2,14,57,8,3,17,4
R UL D DL FS dl ur,2,14,57,8,3,13,3
R UL dl D DL FS ur,2,14,57,8,3,13,3
R UL DL D dl FS ur,2,14,57,8,3,15,3
R UL DL D FS dl ur,2,14,57,8,3,13,3
R UL dl DL D FS ur,2,14,57,8,3,15,4
R UL DL dl D FS ur,2,14,57,8,3,17,4
UL D DL R dl FS ur,2,14,57,8,3,14,3
UL D DL R FS dl ur,2,14,57,8,3,14,3
UL D R dl DL FS ur,2,14,57,8,3,14,4
UL D R DL dl FS ur,2,14,57,8,3,18,4
UL D R DL FS dl ur,2,14,57,8,3,14,3
UL DL D R dl FS ur,2,14,57,8,3,12,3
UL DL D R FS dl ur,2,14,57,8,3,12,3
UL DL R D dl FS ur,2,14,57,8,3,16,3
UL DL R D FS dl ur,2,14,57,8,3,14,3
UL DL R dl D FS ur,2,14,57,8,3,14,3
UL R D dl DL FS ur,2,14,57,8,3,16,4
UL R D DL dl FS ur,2,14,57,8,3,16,4
UL R D DL FS dl ur,2,14,57,8,3,12,3
UL R dl D DL FS ur,2,14,57,8,3,12,3
UL R DL D dl FS ur,2,14,57,8,3,16,3
UL R DL D FS dl ur,2,14,57,8,3,14,3
UL R dl DL D FS ur,2,14,57,8,3,14,4
UL R DL dl D FS ur,2,14,57,8,3,18,4
D dl DL FS R ur UL,2,14,57,9,3,15,4
D DL dl FS R ur UL,2,14,57,9,3,15,4
D dl DL FS UL ur R,2,14,57,9,3,16,4
D DL dl FS UL ur R,2,14,57,9,3,16,4
D dl DL FS ur R UL,2,14,57,9,3,17,4
D DL dl FS ur R UL,2,14,57,9,3,17,4
D dl DL FS ur UL R,2,14,57,9,3,16,4
D DL dl FS ur UL R,2,14,57,9,3,16,4
D dl DL ur FS R UL,2,14,57,9,3,17,4
D DL dl ur FS R UL,2,14,57,9,3,15,4
D dl DL ur FS UL R,2,14,57,9,3,18,4
D DL dl ur FS UL R,2,14,57,9,3,16,4
D dl DL ur UL FS R,2,14,57,9,3,16,4
D DL dl ur UL FS R,2,14,57,9,3,14,4
D dl FS DL R ur UL,2,14,57,9,3,15,3
D DL FS dl R ur UL,2,14,57,9,3,11,3
D dl FS DL UL ur R,2,14,57,9,3,14,3
D DL FS dl UL ur R,2,14,57,9,3,12,3
D dl FS DL ur R UL,2,14,57,9,3,15,3
D DL FS dl ur R UL,2,14,57,9,3,13,3
D dl FS DL ur UL R,2,14,57,9,3,14,3
D DL FS dl ur UL R,2,14,57,9,3,12,3
D DL FS R dl ur UL,2,14,57,9,3,9,2
D DL FS R ur dl UL,2,14,57,9,3,11,3
D DL FS UL dl ur R,2,14,57,9,3,12,3
D DL FS UL ur dl R,2,14,57,9,3,10,3
D dl FS ur DL R UL,2,14,57,9,3,17,3
D DL FS ur dl R UL,2,14,57,9,3,11,3
D dl FS ur DL UL R,2,14,57,9,3,16,3
D DL FS ur dl UL R,2,14,57,9,3,12,3
D DL FS ur R dl UL,2,14,57,9,3,11,3
D DL FS ur UL dl R,2,14,57,9,3,10,3
D dl ur DL FS R UL,2,14,57,9,3,13,3
D DL ur dl FS R UL,2,14,57,9,3,13,3
D dl ur DL FS UL R,2,14,57,9,3,14,3
D DL ur dl FS UL R,2,14,57,9,3,14,3
D dl ur DL UL FS R,2,14,57,9,3,14,3
D DL ur dl UL FS R,2,14,57,9,3,12,3
D dl ur FS DL R UL,2,14,57,9,3,15,3
D DL ur FS dl R UL,2,14,57,9,3,13,3
D dl ur FS DL UL R,2,14,57,9,3,14,3
D DL ur FS dl UL R,2,14,57,9,3,14,3
D DL ur FS R dl UL,2,14,57,9,3,11,3
D DL ur FS UL dl R,2,14,57,9,3,12,3
D DL ur UL dl FS R,2,14,57,9,3,12,3
D DL ur UL FS dl R,2,14,57,9,3,12,3
D FS dl DL R ur UL,2,14,57,9,3,17,4
D FS DL dl R ur UL,2,14,57,9,3,13,4
D FS dl DL UL ur R,2,14,57,9,3,16,4
D FS DL dl UL ur R,2,14,57,9,3,14,4
D FS dl DL ur R UL,2,14,57,9,3,17,4
D FS DL dl ur R UL,2,14,57,9,3,15,4
D FS dl DL ur UL R,2,14,57,9,3,16,4
D FS DL dl ur UL R,2,14,57,9,3,14,4
D FS DL R dl ur UL,2,14,57,9,3,11,3
D FS DL R ur dl UL,2,14,57,9,3,13,3
D FS DL UL dl ur R,2,14,57,9,3,12,3
D FS DL UL ur dl R,2,14,57,9,3,10,2
D FS dl ur DL R UL,2,14,57,9,3,15,3
D FS DL ur dl R UL,2,14,57,9,3,11,3
D FS dl ur DL UL R,2,14,57,9,3,14,3
D FS DL ur dl UL R,2,14,57,9,3,12,3
D FS DL ur R dl UL,2,14,57,9,3,11,3
D FS DL ur UL dl R,2,14,57,9,3,10,2
D FS ur dl DL R UL,2,14,57,9,3,17,4
D FS ur DL dl R UL,2,14,57,9,3,15,4
D FS ur dl DL UL R,2,14,57,9,3,16,4
D FS ur DL dl UL R,2,14,57,9,3,16,4
D FS ur DL R dl UL,2,14,57,9,3,13,3
D FS ur DL UL dl R,2,14,57,9,3,12,3
D ur dl DL FS R UL,2,14,57,9,3,13,4
D ur DL dl FS R UL,2,14,57,9,3,15,4
D ur dl DL FS UL R,2,14,57,9,3,14,4
D ur DL dl FS UL R,2,14,57,9,3,16,4
D ur dl DL UL FS R,2,14,57,9,3,14,4
D ur DL dl UL FS R,2,14,57,9,3,14,4
D ur dl FS DL R UL,2,14,57,9,3,13,3
D ur DL FS dl R UL,2,14,57,9,3,11,3
D ur dl FS DL UL R,2,14,57,9,3,12,3
D ur DL FS dl UL R,2,14,57,9,3,12,3
D ur DL FS R dl UL,2,14,57,9,3,9,2
D ur DL FS UL dl R,2,14,57,9,3,10,3
D ur DL UL dl FS R,2,14,57,9,3,12,3
D ur DL UL FS dl R,2,14,57,9,3,12,3
D ur FS dl DL R UL,2,14,57,9,3,17,4
D ur FS DL dl R UL,2,14,57,9,3,13,4
D ur FS dl DL UL R,2,14,57,9,3,16,4
D ur FS DL dl UL R,2,14,57,9,3,14,4
D ur FS DL R dl UL,2,14,57,9,3,11,3
D ur FS DL UL dl R,2,14,57,9,3,10,3
dl D DL FS R ur UL,2,14,57,9,3,12,3
dl D DL FS UL ur R,2,14,57,9,3,13,3
dl D DL FS ur R UL,2,14,57,9,3,14,3
dl D DL FS ur UL R,2,14,57,9,3,13,3
dl D DL ur FS R UL,2,14,57,9,3,14,3
dl D DL ur FS UL R,2,14,57,9,3,15,3
dl D DL ur UL FS R,2,14,57,9,3,13,3
dl D FS DL R ur UL,2,14,57,9,3,14,3
dl D FS DL UL ur R,2,14,57,9,3,13,3
dl D FS DL ur R UL,2,14,57,9,3,14,3
dl D FS DL ur UL R,2,14,57,9,3,13,3
dl D FS ur DL R UL,2,14,57,9,3,16,3
dl D FS ur DL UL R,2,14,57,9,3,15,3
dl D ur DL FS R UL,2,14,57,9,3,12,3
dl D ur DL FS UL R,2,14,57,9,3,13,3
dl D ur DL UL FS R,2,14,57,9,3,13,3
dl D ur FS DL R UL,2,14,57,9,3,14,3
dl D ur FS DL UL R,2,14,57,9,3,13,3
dl FS D DL R ur UL,2,14,57,9,3,14,3
dl FS D DL UL ur R,2,14,57,9,3,13,3
dl FS D DL ur R UL,2,14,57,9,3,14,3
dl FS D DL ur UL R,2,14,57,9,3,13,3
dl FS D ur DL R UL,2,14,57,9,3,14,3
dl FS D ur DL UL R,2,14,57,9,3,13,3
dl FS ur D DL R UL,2,14,57,9,3,14,3
dl FS ur D DL UL R,2,14,57,9,3,13,3
dl ur D DL FS R UL,2,14,57,9,3,10,3
dl ur D DL FS UL R,2,14,57,9,3,11,3
dl ur D DL UL FS R,2,14,57,9,3,11,3
dl ur D FS DL R UL,2,14,57,9,3,12,3
dl ur D FS DL UL R,2,14,57,9,3,11,3
dl ur FS D DL R UL,2,14,57,9,3,14,3
dl ur FS D DL UL R,2,14,57,9,3,13,3
FS D dl DL R ur UL,2,14,57,9,3,17,4
FS D DL dl R ur UL,2,14,57,9,3,13,4
FS D dl DL UL ur R,2,14,57,9,3,16,4
FS D DL dl UL ur R,2,14,57,9,3,14,4
FS D dl DL ur R UL,2,14,57,9,3,17,4
FS D DL dl ur R UL,2,14,57,9,3,15,4
FS D dl DL ur UL R,2,14,57,9,3,16,4
FS D DL dl ur UL R,2,14,57,9,3,14,4
FS D DL R dl ur UL,2,14,57,9,3,11,3
FS D DL R ur dl UL,2,14,57,9,3,13,3
FS D DL UL dl ur R,2,14,57,9,3,12,3
FS D DL UL ur dl R,2,14,57,9,3,10,2
FS D dl ur DL R UL,2,14,57,9,3,15,3
FS D DL ur dl R UL,2,14,57,9,3,11,3
FS D dl ur DL UL R,2,14,57,9,3,14,3
FS D DL ur dl UL R,2,14,57,9,3,12,3
FS D DL ur R dl UL,2,14,57,9,3,11,3
FS D DL ur UL dl R,2,14,57,9,3,10,2
FS D ur dl DL R UL,2,14,57,9,3,15,4
FS D ur DL dl R UL,2,14,57,9,3,13,4
FS D ur dl DL UL R,2,14,57,9,3,14,4
FS D ur DL dl UL R,2,14,57,9,3,14,4
FS D ur DL R dl UL,2,14,57,9,3,11,3
FS D ur DL UL dl R,2,14,57,9,3,10,2
FS dl D DL R ur UL,2,14,57,9,3,15,3
FS dl D DL UL ur R,2,14,57,9,3,14,3
FS dl D DL ur R UL,2,14,57,9,3,15,3
FS dl D DL ur UL R,2,14,57,9,3,14,3
FS dl D ur DL R UL,2,14,57,9,3,15,3
FS dl D ur DL UL R,2,14,57,9,3,14,3
FS dl ur D DL R UL,2,14,57,9,3,13,3
FS dl ur D DL UL R,2,14,57,9,3,12,3
FS ur D dl DL R UL,2,14,57,9,3,17,4
FS ur D DL dl R UL,2,14,57,9,3,13,4
FS ur D dl DL UL R,2,14,57,9,3,16,4
FS ur D DL dl UL R,2,14,57,9,3,14,4
FS ur D DL R dl UL,2,14,57,9,3,11,3
FS ur D DL UL dl R,2,14,57,9,3,10,3
FS ur dl D DL R UL,2,14,57,9,3,15,3
FS ur dl D DL UL R,2,14,57,9,3,14,3
ur D dl DL FS R UL,2,14,57,9,3,14,4
ur D DL dl FS R UL,2,14,57,9,3,14,4
ur D dl DL FS UL R,2,14,57,9,3,15,4
ur D DL dl FS UL R,2,14,57,9,3,15,4
ur D dl DL UL FS R,2,14,57,9,3,15,4
ur D DL dl UL FS R,2,14,57,9,3,13,4
ur D dl FS DL R UL,2,14,57,9,3,14,3
ur D DL FS dl R UL,2,14,57,9,3,10,3
ur D dl FS DL UL R,2,14,57,9,3,13,3
ur D DL FS dl UL R,2,14,57,9,3,11,3
ur D DL FS R dl UL,2,14,57,9,3,8,2
ur D DL FS UL dl R,2,14,57,9,3,9,3
ur D DL UL dl FS R,2,14,57,9,3,11,3
ur D DL UL FS dl R,2,14,57,9,3,11,3
ur D FS dl DL R UL,2,14,57,9,3,16,4
ur D FS DL dl R UL,2,14,57,9,3,12,4
ur D FS dl DL UL R,2,14,57,9,3,15,4
ur D FS DL dl UL R,2,14,57,9,3,13,4
ur D FS DL R dl UL,2,14,57,9,3,10,3
ur D FS DL UL dl R,2,14,57,9,3,9,2
ur dl D DL FS R UL,2,14,57,9,3,12,3
ur dl D DL FS UL R,2,14,57,9,3,13,3
ur dl D DL UL FS R,2,14,57,9,3,13,3
ur dl D FS DL R UL,2,14,57,9,3,14,3
ur dl D FS DL UL R,2,14,57,9,3,13,3
ur dl FS D DL R UL,2,14,57,9,3,14,3
ur dl FS D DL UL R,2,14,57,9,3,13,3
ur FS D dl DL R UL,2,14,57,9,3,18,4
ur FS D DL dl R UL,2,14,57,9,3,14,4
ur FS D dl DL UL R,2,14,57,9,3,17,4
ur FS D DL dl UL R,2,14,57,9,3,15,4
ur FS D DL R dl UL,2,14,57,9,3,12,3
ur FS D DL UL dl R,2,14,57,9,3,11,3
ur FS dl D DL R UL,2,14,57,9,3,16,3
ur FS dl D DL UL R,2,14,57,9,3,15,3
D dl DL UL FS R ur,2,14,59,8,3,17,4
D DL dl UL FS R ur,2,14,59,8,3,15,4
D dl DL UL R FS ur,2,14,59,8,3,17,4
D DL dl UL R FS ur,2,14,59,8,3,15,4
D dl UL DL FS R ur,2,14,59,8,3,13,3
D DL UL dl FS R ur,2,14,59,8,3,13,3
D dl UL DL R FS ur,2,14,59,8,3,15,3
D DL UL dl R FS ur,2,14,59,8,3,11,3
D DL UL FS dl R ur,2,14,59,8,3,13,3
D DL UL FS R dl ur,2,14,59,8,3,11,3
D dl UL R DL FS ur,2,14,59,8,3,15,3
D UL dl DL FS R ur,2,14,59,8,3,15,4
D UL DL dl FS R ur,2,14,59,8,3,17,4
D UL dl DL R FS ur,2,14,59,8,3,17,4
D UL DL dl R FS ur,2,14,59,8,3,15,4
D UL DL FS dl R ur,2,14,59,8,3,13,3
D UL DL FS R dl ur,2,14,59,8,3,11,3
D UL dl R DL FS ur,2,14,59,8,3,13,3
dl D DL UL FS R ur,2,14,59,8,3,14,3
dl D DL UL R FS ur,2,14,59,8,3,14,3
dl D UL DL FS R ur,2,14,59,8,3,14,3
dl D UL DL R FS ur,2,14,59,8,3,16,3
dl D UL R DL FS ur,2,14,59,8,3,16,3
D dl DL R FS ur UL,2,14,59,10,3,17,4
D DL dl R FS ur UL,2,14,59,10,3,13,4
D dl DL R ur FS UL,2,14,59,10,3,19,4
D DL dl R ur FS UL,2,14,59,10,3,15,4
D dl DL ur R FS UL,2,14,59,10,3,17,4
D DL dl ur R FS UL,2,14,59,10,3,15,4
D dl R DL FS ur UL,2,14,59,10,3,13,3
D DL R dl FS ur UL,2,14,59,10,3,13,3
D dl R DL ur FS UL,2,14,59,10,3,15,3
D DL R dl ur FS UL,2,14,59,10,3,13,3
D DL R FS dl ur UL,2,14,59,10,3,13,3
D DL R FS ur dl UL,2,14,59,10,3,13,3
D dl R ur DL FS UL,2,14,59,10,3,13,3
D DL R ur dl FS UL,2,14,59,10,3,15,3
D DL R ur FS dl UL,2,14,59,10,3,15,3
D dl ur DL R FS UL,2,14,59,10,3,15,3
D DL ur dl R FS UL,2,14,59,10,3,11,3
D dl ur R DL FS UL,2,14,59,10,3,15,3
D DL ur R dl FS UL,2,14,59,10,3,13,3
D DL ur R FS dl UL,2,14,59,10,3,13,3
D R dl DL FS ur UL,2,14,59,10,3,13,4
D R DL dl FS ur UL,2,14,59,10,3,17,4
D R dl DL ur FS UL,2,14,59,10,3,15,4
D R DL dl ur FS UL,2,14,59,10,3,17,4
D R DL FS dl ur UL,2,14,59,10,3,13,3
D R DL FS ur dl UL,2,14,59,10,3,13,3
D R dl ur DL FS UL,2,14,59,10,3,11,3
D R DL ur dl FS UL,2,14,59,10,3,15,3
D R DL ur FS dl UL,2,14,59,10,3,15,3
D R ur dl DL FS UL,2,14,59,10,3,15,4
D R ur DL dl FS UL,2,14,59,10,3,17,4
D R ur DL FS dl UL,2,14,59,10,3,13,3
D ur dl DL R FS UL,2,14,59,10,3,15,4
D ur DL dl R FS UL,2,14,59,10,3,13,4
D ur dl R DL FS UL,2,14,59,10,3,11,3
D ur DL R dl FS UL,2,14,59,10,3,13,3
D ur DL R FS dl UL,2,14,59,10,3,13,3
D ur R dl DL FS UL,2,14,59,10,3,13,4
D ur R DL dl FS UL,2,14,59,10,3,17,4
D ur R DL FS dl UL,2,14,59,10,3,13,3
dl D DL R FS ur UL,2,14,59,10,3,14,3
dl D DL R ur FS UL,2,14,59,10,3,16,3
dl D DL ur R FS UL,2,14,59,10,3,14,3
dl D R DL FS ur UL,2,14,59,10,3,14,3
dl D R DL ur FS UL,2,14,59,10,3,16,3
dl D R ur DL FS UL,2,14,59,10,3,14,3
dl D ur DL R FS UL,2,14,59,10,3,14,3
dl D ur R DL FS UL,2,14,59,10,3,14,3
dl R D DL FS ur UL,2,14,59,10,3,10,3
dl R D DL ur FS UL,2,14,59,10,3,12,3
dl R D ur DL FS UL,2,14,59,10,3,10,3
dl R ur D DL FS UL,2,14,59,10,3,10,3
dl ur D DL R FS UL,2,14,59,10,3,12,3
dl ur D R DL FS UL,2,14,59,10,3,12,3
dl ur R D DL FS UL,2,14,59,10,3,12,3
R D dl DL FS ur UL,2,14,59,10,3,15,4
R D DL dl FS ur UL,2,14,59,10,3,15,4
R D dl DL ur FS UL,2,14,59,10,3,17,4
R D DL dl ur FS UL,2,14,59,10,3,15,4
R D DL FS dl ur UL,2,14,59,10,3,11,3
R D DL FS ur dl UL,2,14,59,10,3,11,3
R D dl ur DL FS UL,2,14,59,10,3,13,3
R D DL ur dl FS UL,2,14,59,10,3,13,3
R D DL ur FS dl UL,2,14,59,10,3,13,3
R D ur dl DL FS UL,2,14,59,10,3,13,4
R D ur DL dl FS UL,2,14,59,10,3,15,4
R D ur DL FS dl UL,2,14,59,10,3,11,3
R dl D DL FS ur UL,2,14,59,10,3,11,3
R dl D DL ur FS UL,2,14,59,10,3,13,3
R dl D ur DL FS UL,2,14,59,10,3,11,3
R dl ur D DL FS UL,2,14,59,10,3,9,3
R ur D dl DL FS UL,2,14,59,10,3,15,4
R ur D DL dl FS UL,2,14,59,10,3,15,4
R ur D DL FS dl UL,2,14,59,10,3,11,3
R ur dl D DL FS UL,2,14,59,10,3,13,3
ur D dl DL R FS UL,2,14,59,10,3,16,4
ur D DL dl R FS UL,2,14,59,10,3,12,4
ur D dl R DL FS UL,2,14,59,10,3,12,3
ur D DL R dl FS UL,2,14,59,10,3,12,3
ur D DL R FS dl UL,2,14,59,10,3,12,3
ur D R dl DL FS UL,2,14,59,10,3,12,4
ur D R DL dl FS UL,2,14,59,10,3,16,4
ur D R DL FS dl UL,2,14,59,10,3,12,3
ur dl D DL R FS UL,2,14,59,10,3,14,3
ur dl D R DL FS UL,2,14,59,10,3,14,3
ur dl R D DL FS UL,2,14,59,10,3,10,3
ur R D dl DL FS UL,2,14,59,10,3,16,4
ur R D DL dl FS UL,2,14,59,10,3,16,4
ur R D DL FS dl UL,2,14,59,10,3,12,3
ur R dl D DL FS UL,2,14,59,10,3,12,3
dl DL UL FS R ur D,2,14,61,8,3,15,4
DL dl UL FS R ur D,2,14,61,8,3,15,4
dl DL UL FS ur D R,2,14,61,8,3,15,4
DL dl UL FS ur D R,2,14,61,8,3,15,4
dl DL UL FS ur R D,2,14,61,8,3,17,4
DL dl UL FS ur R D,2,14,61,8,3,17,4
dl DL UL R FS ur D,2,14,61,8,3,15,4
DL dl UL R FS ur D,2,14,61,8,3,15,4
dl DL UL R ur FS D,2,14,61,8,3,17,4
DL dl UL R ur FS D,2,14,61,8,3,17,4
dl DL UL ur D FS R,2,14,61,8,3,13,4
DL dl UL ur D FS R,2,14,61,8,3,13,4
dl DL UL ur FS D R,2,14,61,8,3,15,4
DL dl UL ur FS D R,2,14,61,8,3,15,4
dl DL UL ur FS R D,2,14,61,8,3,15,4
DL dl UL ur FS R D,2,14,61,8,3,15,4
dl DL UL ur R FS D,2,14,61,8,3,15,4
DL dl UL ur R FS D,2,14,61,8,3,15,4
dl DL ur UL D FS R,2,14,61,8,3,15,4
DL dl ur UL D FS R,2,14,61,8,3,15,4
dl DL ur UL FS D R,2,14,61,8,3,15,4
DL dl ur UL FS D R,2,14,61,8,3,15,4
dl DL ur UL FS R D,2,14,61,8,3,15,4
DL dl ur UL FS R D,2,14,61,8,3,15,4
dl DL ur UL R FS D,2,14,61,8,3,15,4
DL dl ur UL R FS D,2,14,61,8,3,15,4
dl UL DL FS R ur D,2,14,61,8,3,11,3
DL UL dl FS R ur D,2,14,61,8,3,13,3
dl UL DL FS ur D R,2,14,61,8,3,11,3
DL UL dl FS ur D R,2,14,61,8,3,13,3
dl UL DL FS ur R D,2,14,61,8,3,13,3
DL UL dl FS ur R D,2,14,61,8,3,15,3
dl UL DL R FS ur D,2,14,61,8,3,13,3
DL UL dl R FS ur D,2,14,61,8,3,11,3
dl UL DL R ur FS D,2,14,61,8,3,15,3
DL UL dl R ur FS D,2,14,61,8,3,13,3
dl UL DL ur D FS R,2,14,61,8,3,11,2
DL UL dl ur D FS R,2,14,61,8,3,11,2
dl UL DL ur FS D R,2,14,61,8,3,13,3
DL UL dl ur FS D R,2,14,61,8,3,13,3
dl UL DL ur FS R D,2,14,61,8,3,13,3
DL UL dl ur FS R D,2,14,61,8,3,13,3
dl UL DL ur R FS D,2,14,61,8,3,13,3
DL UL dl ur R FS D,2,14,61,8,3,13,3
DL UL FS dl R ur D,2,14,61,8,3,13,3
DL UL FS dl ur D R,2,14,61,8,3,13,3
DL UL FS dl ur R D,2,14,61,8,3,15,3
DL UL FS ur D dl R,2,14,61,8,3,13,3
DL UL FS ur dl D R,2,14,61,8,3,15,3
DL UL FS ur dl R D,2,14,61,8,3,13,3
dl UL R DL FS ur D,2,14,61,8,3,13,3
dl UL R DL ur FS D,2,14,61,8,3,15,3
dl UL R ur DL FS D,2,14,61,8,3,13,3
DL UL ur D dl FS R,2,14,61,8,3,13,3
DL UL ur D FS dl R,2,14,61,8,3,11,3
dl UL ur DL D FS R,2,14,61,8,3,11,2
DL UL ur dl D FS R,2,14,61,8,3,13,3
dl UL ur DL FS D R,2,14,61,8,3,11,2
DL UL ur dl FS D R,2,14,61,8,3,13,3
dl UL ur DL FS R D,2,14,61,8,3,11,2
DL UL ur dl FS R D,2,14,61,8,3,13,3
dl UL ur DL R FS D,2,14,61,8,3,13,3
DL UL ur dl R FS D,2,14,61,8,3,11,2
DL UL ur FS D dl R,2,14,61,8,3,13,3
DL UL ur FS dl D R,2,14,61,8,3,15,3
DL UL ur FS dl R D,2,14,61,8,3,13,3
dl UL ur R DL FS D,2,14,61,8,3,13,3
dl ur DL UL D FS R,2,14,61,8,3,13,3
DL ur dl UL D FS R,2,14,61,8,3,13,3
dl ur DL UL FS D R,2,14,61,8,3,13,3
DL ur dl UL FS D R,2,14,61,8,3,13,3
dl ur DL UL FS R D,2,14,61,8,3,13,3
DL ur dl UL FS R D,2,14,61,8,3,13,3
dl ur DL UL R FS D,2,14,61,8,3,13,3
DL ur dl UL R FS D,2,14,61,8,3,13,3
DL ur UL D dl FS R,2,14,61,8,3,15,3
DL ur UL D FS dl R,2,14,61,8,3,13,3
dl ur UL DL D FS R,2,14,61,8,3,11,2
DL ur UL dl D FS R,2,14,61,8,3,13,3
dl ur UL DL FS D R,2,14,61,8,3,11,2
DL ur UL dl FS D R,2,14,61,8,3,13,3
dl ur UL DL FS R D,2,14,61,8,3,11,2
DL ur UL dl FS R D,2,14,61,8,3,13,3
dl ur UL DL R FS D,2,14,61,8,3,13,3
DL ur UL dl R FS D,2,14,61,8,3,11,2
DL ur UL FS D dl R,2,14,61,8,3,13,3
DL ur UL FS dl D R,2,14,61,8,3,15,3
DL ur UL FS dl R D,2,14,61,8,3,13,3
dl ur UL R DL FS D,2,14,61,8,3,13,3
UL dl DL FS R ur D,2,14,61,8,3,13,4
UL DL dl FS R ur D,2,14,61,8,3,15,4
UL dl DL FS ur D R,2,14,61,8,3,13,4
UL DL dl FS ur D R,2,14,61,8,3,15,4
UL dl DL FS ur R D,2,14,61,8,3,15,4
UL DL dl FS ur R D,2,14,61,8,3,17,4
UL dl DL R FS ur D,2,14,61,8,3,15,4
UL DL dl R FS ur D,2,14,61,8,3,13,4
UL dl DL R ur FS D,2,14,61,8,3,17,4
UL DL dl R ur FS D,2,14,61,8,3,15,4
UL dl DL ur D FS R,2,14,61,8,3,13,4
UL DL dl ur D FS R,2,14,61,8,3,13,4
UL dl DL ur FS D R,2,14,61,8,3,15,4
UL DL dl ur FS D R,2,14,61,8,3,15,4
UL dl DL ur FS R D,2,14,61,8,3,15,4
UL DL dl ur FS R D,2,14,61,8,3,15,4
UL dl DL ur R FS D,2,14,61,8,3,15,4
UL DL dl ur R FS D,2,14,61,8,3,15,4
UL DL FS dl R ur D,2,14,61,8,3,11,3
UL DL FS dl ur D R,2,14,61,8,3,11,3
UL DL FS dl ur R D,2,14,61,8,3,13,3
UL DL FS ur D dl R,2,14,61,8,3,11,3
UL DL FS ur dl D R,2,14,61,8,3,13,3
UL DL FS ur dl R D,2,14,61,8,3,11,3
UL dl R DL FS ur D,2,14,61,8,3,11,3
UL dl R DL ur FS D,2,14,61,8,3,13,3
UL dl R ur DL FS D,2,14,61,8,3,11,3
UL DL ur D dl FS R,2,14,61,8,3,13,3
UL DL ur D FS dl R,2,14,61,8,3,11,3
UL dl ur DL D FS R,2,14,61,8,3,11,2
UL DL ur dl D FS R,2,14,61,8,3,13,3
UL dl ur DL FS D R,2,14,61,8,3,11,2
UL DL ur dl FS D R,2,14,61,8,3,13,3
UL dl ur DL FS R D,2,14,61,8,3,11,2
UL DL ur dl FS R D,2,14,61,8,3,13,3
UL dl ur DL R FS D,2,14,61,8,3,13,3
UL DL ur dl R FS D,2,14,61,8,3,11,2
UL DL ur FS D dl R,2,14,61,8,3,13,3
UL DL ur FS dl D R,2,14,61,8,3,15,3
UL DL ur FS dl R D,2,14,61,8,3,13,3
UL dl ur R DL FS D,2,14,61,8,3,13,3
UL ur DL D dl FS R,2,14,61,8,3,13,3
UL ur DL D FS dl R,2,14,61,8,3,11,3
UL ur dl DL D FS R,2,14,61,8,3,13,4
UL ur DL dl D FS R,2,14,61,8,3,15,4
UL ur dl DL FS D R,2,14,61,8,3,13,4
UL ur DL dl FS D R,2,14,61,8,3,15,4
UL ur dl DL FS R D,2,14,61,8,3,13,4
UL ur DL dl FS R D,2,14,61,8,3,15,4
UL ur dl DL R FS D,2,14,61,8,3,15,4
UL ur DL dl R FS D,2,14,61,8,3,13,4
UL ur DL FS D dl R,2,14,61,8,3,11,3
UL ur DL FS dl D R,2,14,61,8,3,13,3
UL ur DL FS dl R D,2,14,61,8,3,11,3
UL ur dl R DL FS D,2,14,61,8,3,11,3
ur dl DL UL D FS R,2,14,61,8,3,15,4
ur DL dl UL D FS R,2,14,61,8,3,15,4
ur dl DL UL FS D R,2,14,61,8,3,15,4
ur DL dl UL FS D R,2,14,61,8,3,15,4
ur dl DL UL FS R D,2,14,61,8,3,15,4
ur DL dl UL FS R D,2,14,61,8,3,15,4
ur dl DL UL R FS D,2,14,61,8,3,15,4
ur DL dl UL R FS D,2,14,61,8,3,15,4
ur DL UL D dl FS R,2,14,61,8,3,15,3
ur DL UL D FS dl R,2,14,61,8,3,13,3
ur dl UL DL D FS R,2,14,61,8,3,11,2
ur DL UL dl D FS R,2,14,61,8,3,13,3
ur dl UL DL FS D R,2,14,61,8,3,11,2
ur DL UL dl FS D R,2,14,61,8,3,13,3
ur dl UL DL FS R D,2,14,61,8,3,11,2
ur DL UL dl FS R D,2,14,61,8,3,13,3
ur dl UL DL R FS D,2,14,61,8,3,13,3
ur DL UL dl R FS D,2,14,61,8,3,11,2
ur DL UL FS D dl R,2,14,61,8,3,13,3
ur DL UL FS dl D R,2,14,61,8,3,15,3
ur DL UL FS dl R D,2,14,61,8,3,13,3
ur dl UL R DL FS D,2,14,61,8,3,13,3
ur UL DL D dl FS R,2,14,61,8,3,13,3
ur UL DL D FS dl R,2,14,61,8,3,11,3
ur UL dl DL D FS R,2,14,61,8,3,13,4
ur UL DL dl D FS R,2,14,61,8,3,15,4
ur UL dl DL FS D R,2,14,61,8,3,13,4
ur UL DL dl FS D R,2,14,61,8,3,15,4
ur UL dl DL FS R D,2,14,61,8,3,13,4
ur UL DL dl FS R D,2,14,61,8,3,15,4
ur UL dl DL R FS D,2,14,61,8,3,15,4
ur UL DL dl R FS D,2,14,61,8,3,13,4
ur UL DL FS D dl R,2,14,61,8,3,11,3
ur UL DL FS dl D R,2,14,61,8,3,13,3
ur UL DL FS dl R D,2,14,61,8,3,11,3
ur UL dl R DL FS D,2,14,61,8,3,11,3
D DL R UL dl FS ur,2,14,61,9,3,15,3
D DL R UL FS dl ur,2,14,61,9,3,15,3
D DL UL R dl FS ur,2,14,61,9,3,13,3
D DL UL R FS dl ur,2,14,61,9,3,13,3
D R DL UL dl FS ur,2,14,61,9,3,15,3
D R DL UL FS dl ur,2,14,61,9,3,15,3
D R UL dl DL FS ur,2,14,61,9,3,15,4
D R UL DL dl FS ur,2,14,61,9,3,17,4
D R UL DL FS dl ur,2,14,61,9,3,13,3
D UL DL R dl FS ur,2,14,61,9,3,15,3
D UL DL R FS dl ur,2,14,61,9,3,15,3
D UL R dl DL FS ur,2,14,61,9,3,15,4
D UL R DL dl FS ur,2,14,61,9,3,19,4
D UL R DL FS dl ur,2,14,61,9,3,15,3
R D DL UL dl FS ur,2,14,61,9,3,13,3
R D DL UL FS dl ur,2,14,61,9,3,13,3
R D UL dl DL FS ur,2,14,61,9,3,15,4
R D UL DL dl FS ur,2,14,61,9,3,17,4
R D UL DL FS dl ur,2,14,61,9,3,13,3
DL D dl UL FS ur R,2,14,63,9,3,15,3
DL D dl UL ur FS R,2,14,63,9,3,13,3
DL D UL dl FS ur R,2,14,63,9,3,15,3
DL D UL dl ur FS R,2,14,63,9,3,13,3
DL D UL FS dl ur R,2,14,63,9,3,15,3
DL D UL FS ur dl R,2,14,63,9,3,13,3
DL D UL ur dl FS R,2,14,63,9,3,13,3
DL D UL ur FS dl R,2,14,63,9,3,13,3
dl DL D UL FS ur R,2,14,63,9,3,17,4
DL dl D UL FS ur R,2,14,63,9,3,19,4
dl DL D UL ur FS R,2,14,63,9,3,15,4
DL dl D UL ur FS R,2,14,63,9,3,17,4
dl DL UL D FS ur R,2,14,63,9,3,17,4
DL dl UL D FS ur R,2,14,63,9,3,17,4
dl DL UL D ur FS R,2,14,63,9,3,15,4
DL dl UL D ur FS R,2,14,63,9,3,15,4
dl DL UL FS D ur R,2,14,63,9,3,15,4
DL dl UL FS D ur R,2,14,63,9,3,15,4
DL R UL dl FS ur D,2,14,63,9,3,15,3
DL R UL dl ur FS D,2,14,63,9,3,15,3
DL R UL FS dl ur D,2,14,63,9,3,15,3
DL R UL FS ur dl D,2,14,63,9,3,17,3
DL R UL ur dl FS D,2,14,63,9,3,15,3
DL R UL ur FS dl D,2,14,63,9,3,17,3
DL R ur UL dl FS D,2,14,63,9,3,15,3
DL R ur UL FS dl D,2,14,63,9,3,17,3
dl UL D DL FS ur R,2,14,63,9,3,13,3
DL UL D dl FS ur R,2,14,63,9,3,17,3
dl UL D DL ur FS R,2,14,63,9,3,13,3
DL UL D dl ur FS R,2,14,63,9,3,15,3
DL UL D FS dl ur R,2,14,63,9,3,15,3
DL UL D FS ur dl R,2,14,63,9,3,13,3
DL UL D ur dl FS R,2,14,63,9,3,13,3
DL UL D ur FS dl R,2,14,63,9,3,13,3
dl UL DL D FS ur R,2,14,63,9,3,13,3
DL UL dl D FS ur R,2,14,63,9,3,15,3
dl UL DL D ur FS R,2,14,63,9,3,11,3
DL UL dl D ur FS R,2,14,63,9,3,13,3
dl UL DL FS D ur R,2,14,63,9,3,11,3
DL UL dl FS D ur R,2,14,63,9,3,13,3
DL UL FS D dl ur R,2,14,63,9,3,15,3
DL UL FS D ur dl R,2,14,63,9,3,11,3
DL UL FS dl D ur R,2,14,63,9,3,15,3
DL UL FS R dl ur D,2,14,63,9,3,11,3
DL UL FS R ur dl D,2,14,63,9,3,15,3
DL UL FS ur R dl D,2,14,63,9,3,15,3
DL UL R dl FS ur D,2,14,63,9,3,13,3
DL UL R dl ur FS D,2,14,63,9,3,13,3
DL UL R FS dl ur D,2,14,63,9,3,13,3
DL UL R FS ur dl D,2,14,63,9,3,15,3
DL UL R ur dl FS D,2,14,63,9,3,15,3
DL UL R ur FS dl D,2,14,63,9,3,17,3
DL UL ur FS R dl D,2,14,63,9,3,13,3
DL UL ur R dl FS D,2,14,63,9,3,13,3
DL UL ur R FS dl D,2,14,63,9,3,15,3
DL ur R UL dl FS D,2,14,63,9,3,15,3
DL ur R UL FS dl D,2,14,63,9,3,17,3
DL ur UL FS R dl D,2,14,63,9,3,13,3
DL ur UL R dl FS D,2,14,63,9,3,13,3
DL ur UL R FS dl D,2,14,63,9,3,15,3
R DL UL dl FS ur D,2,14,63,9,3,14,3
R DL UL dl ur FS D,2,14,63,9,3,14,3
R DL UL FS dl ur D,2,14,63,9,3,14,3
R DL UL FS ur dl D,2,14,63,9,3,16,3
R DL UL ur dl FS D,2,14,63,9,3,14,3
R DL UL ur FS dl D,2,14,63,9,3,16,3
R DL ur UL dl FS D,2,14,63,9,3,14,3
R DL ur UL FS dl D,2,14,63,9,3,16,3
R UL dl DL FS ur D,2,14,63,9,3,14,4
R UL DL dl FS ur D,2,14,63,9,3,16,4
R UL dl DL ur FS D,2,14,63,9,3,16,4
R UL DL dl ur FS D,2,14,63,9,3,16,4
R UL DL FS dl ur D,2,14,63,9,3,12,3
R UL DL FS ur dl D,2,14,63,9,3,14,3
R UL dl ur DL FS D,2,14,63,9,3,12,3
R UL DL ur dl FS D,2,14,63,9,3,14,3
R UL DL ur FS dl D,2,14,63,9,3,16,3
R UL ur dl DL FS D,2,14,63,9,3,14,4
R UL ur DL dl FS D,2,14,63,9,3,16,4
R UL ur DL FS dl D,2,14,63,9,3,14,3
R ur DL UL dl FS D,2,14,63,9,3,14,3
R ur DL UL FS dl D,2,14,63,9,3,16,3
R ur UL dl DL FS D,2,14,63,9,3,14,4
R ur UL DL dl FS D,2,14,63,9,3,16,4
R ur UL DL FS dl D,2,14,63,9,3,14,3
UL D dl DL FS ur R,2,14,63,9,3,17,4
UL D DL dl FS ur R,2,14,63,9,3,17,4
UL D dl DL ur FS R,2,14,63,9,3,17,4
UL D DL dl ur FS R,2,14,63,9,3,15,4
UL D DL FS dl ur R,2,14,63,9,3,13,3
UL D DL FS ur dl R,2,14,63,9,3,11,3
UL D DL ur dl FS R,2,14,63,9,3,13,3
UL D DL ur FS dl R,2,14,63,9,3,13,3
UL dl D DL FS ur R,2,14,63,9,3,13,3
UL DL D dl FS ur R,2,14,63,9,3,15,3
UL dl D DL ur FS R,2,14,63,9,3,13,3
UL DL D dl ur FS R,2,14,63,9,3,13,3
UL DL D FS dl ur R,2,14,63,9,3,13,3
UL DL D FS ur dl R,2,14,63,9,3,11,3
UL DL D ur dl FS R,2,14,63,9,3,11,3
UL DL D ur FS dl R,2,14,63,9,3,11,3
UL dl DL D FS ur R,2,14,63,9,3,15,4
UL DL dl D FS ur R,2,14,63,9,3,17,4
UL dl DL D ur FS R,2,14,63,9,3,13,4
UL DL dl D ur FS R,2,14,63,9,3,15,4
UL dl DL FS D ur R,2,14,63,9,3,13,4
UL DL dl FS D ur R,2,14,63,9,3,15,4
UL DL FS D dl ur R,2,14,63,9,3,13,3
UL DL FS D ur dl R,2,14,63,9,3,9,2
UL DL FS dl D ur R,2,14,63,9,3,13,3
UL DL FS R dl ur D,2,14,63,9,3,9,2
UL DL FS R ur dl D,2,14,63,9,3,13,3
UL DL FS ur R dl D,2,14,63,9,3,13,3
UL DL R dl FS ur D,2,14,63,9,3,13,3
UL DL R dl ur FS D,2,14,63,9,3,13,3
UL DL R FS dl ur D,2,14,63,9,3,13,3
UL DL R FS ur dl D,2,14,63,9,3,15,3
UL DL R ur dl FS D,2,14,63,9,3,15,3
UL DL R ur FS dl D,2,14,63,9,3,17,3
UL DL ur FS R dl D,2,14,63,9,3,13,3
UL DL ur R dl FS D,2,14,63,9,3,13,3
UL DL ur R FS dl D,2,14,63,9,3,15,3
UL R dl DL FS ur D,2,14,63,9,3,13,4
UL R DL dl FS ur D,2,14,63,9,3,17,4
UL R dl DL ur FS D,2,14,63,9,3,15,4
UL R DL dl ur FS D,2,14,63,9,3,17,4
UL R DL FS dl ur D,2,14,63,9,3,13,3
UL R DL FS ur dl D,2,14,63,9,3,15,3
UL R dl ur DL FS D,2,14,63,9,3,11,3
UL R DL ur dl FS D,2,14,63,9,3,15,3
UL R DL ur FS dl D,2,14,63,9,3,17,3
UL R ur dl DL FS D,2,14,63,9,3,15,4
UL R ur DL dl FS D,2,14,63,9,3,17,4
UL R ur DL FS dl D,2,14,63,9,3,15,3
UL ur DL FS R dl D,2,14,63,9,3,11,3
UL ur DL R dl FS D,2,14,63,9,3,13,3
UL ur DL R FS dl D,2,14,63,9,3,15,3
UL ur R dl DL FS D,2,14,63,9,3,13,4
UL ur R DL dl FS D,2,14,63,9,3,17,4
UL ur R DL FS dl D,2,14,63,9,3,15,3
ur DL R UL dl FS D,2,14,63,9,3,15,3
ur DL R UL FS dl D,2,14,63,9,3,17,3
ur DL UL FS R dl D,2,14,63,9,3,13,3
ur DL UL R dl FS D,2,14,63,9,3,13,3
ur DL UL R FS dl D,2,14,63,9,3,15,3
ur R DL UL dl FS D,2,14,63,9,3,15,3
ur R DL UL FS dl D,2,14,63,9,3,17,3
ur R UL dl DL FS D,2,14,63,9,3,15,4
ur R UL DL dl FS D,2,14,63,9,3,17,4
ur R UL DL FS dl D,2,14,63,9,3,15,3
ur UL DL FS R dl D,2,14,63,9,3,11,3
ur UL DL R dl FS D,2,14,63,9,3,13,3
ur UL DL R FS dl D,2,14,63,9,3,15,3
ur UL R dl DL FS D,2,14,63,9,3,13,4
ur UL R DL dl FS D,2,14,63,9,3,17,4
ur UL R DL FS dl D,2,14,63,9,3,15,3
D dl DL UL FS ur R,2,14,67,10,3,18,4
D DL dl UL FS ur R,2,14,67,10,3,16,4
D dl DL UL ur FS R,2,14,67,10,3,16,4
D DL dl UL ur FS R,2,14,67,10,3,14,4
D dl UL DL FS ur R,2,14,67,10,3,14,3
D DL UL dl FS ur R,2,14,67,10,3,14,3
D dl UL DL ur FS R,2,14,67,10,3,14,3
D DL UL dl ur FS R,2,14,67,10,3,12,3
D DL UL FS dl ur R,2,14,67,10,3,14,3
D DL UL FS ur dl R,2,14,67,10,3,12,3
D DL UL ur dl FS R,2,14,67,10,3,12,3
D DL UL ur FS dl R,2,14,67,10,3,12,3
D UL dl DL FS ur R,2,14,67,10,3,16,4
D UL DL dl FS ur R,2,14,67,10,3,18,4
D UL dl DL ur FS R,2,14,67,10,3,16,4
D UL DL dl ur FS R,2,14,67,10,3,16,4
D UL DL FS dl ur R,2,14,67,10,3,14,3
D UL DL FS ur dl R,2,14,67,10,3,12,3
D UL DL ur dl FS R,2,14,67,10,3,14,3
D UL DL ur FS dl R,2,14,67,10,3,14,3
dl D DL UL FS ur R,2,14,67,10,3,15,3
dl D DL UL ur FS R,2,14,67,10,3,13,3
dl D UL DL FS ur R,2,14,67,10,3,15,3
dl D UL DL ur FS R,2,14,67,10,3,15,3
