order,min_memo,max_memo,sum_memo,memorized,d_moves,pin_changes,max_pin_changes
BS U UL R ur D ul,2,10,28,5,2,11,3
BS U UL ur D R ul,2,10,28,5,2,9,2
BS U UL ur R D ul,2,10,28,5,2,11,3
BS U ur UL D R ul,2,10,28,5,2,13,3
BS U ur UL R D ul,2,10,28,5,2,13,3
BS ur U UL D R ul,2,10,28,5,2,11,3
BS ur U UL R D ul,2,10,28,5,2,11,3
U BS UL R ur D ul,2,10,28,5,2,11,3
U BS UL ur D R ul,2,10,28,5,2,9,2
U BS UL ur R D ul,2,10,28,5,2,11,3
U BS ur UL D R ul,2,10,28,5,2,11,3
U BS ur UL R D ul,2,10,28,5,2,11,3
U UL BS R ur D ul,2,10,28,5,2,9,3
U UL BS ur D R ul,2,10,28,5,2,7,2
U UL BS ur R D ul,2,10,28,5,2,9,3
U UL ur BS D R ul,2,10,28,5,2,9,2
U UL ur BS R D ul,2,10,28,5,2,9,2
U ur BS UL D R ul,2,10,28,5,2,11,3
U ur BS UL R D ul,2,10,28,5,2,11,3
U ur UL BS D R ul,2,10,28,5,2,11,3
U ur UL BS R D ul,2,10,28,5,2,11,3
ur BS U UL D R ul,2,10,28,5,2,10,3
ur BS U UL R D ul,2,10,28,5,2,10,3
ur U BS UL D R ul,2,10,28,5,2,12,3
ur U BS UL R D ul,2,10,28,5,2,12,3
ur U UL BS D R ul,2,10,28,5,2,10,3
ur U UL BS R D ul,2,10,28,5,2,10,3
BS UL U R ur D ul,2,10,30,5,2,9,3
BS UL U ur D R ul,2,10,30,5,2,9,3
BS UL U ur R D ul,2,10,30,5,2,11,3
BS UL ur D U R ul,2,10,30,5,2,11,4
BS UL ur U D R ul,2,10,30,5,2,13,4
BS UL ur U R D ul,2,10,30,5,2,11,3
BS ur UL D U R ul,2,10,30,5,2,13,4
BS ur UL U D R ul,2,10,30,5,2,11,4
BS ur UL U R D ul,2,10,30,5,2,9,2
UL BS U R ur D ul,2,10,30,5,2,10,3
UL BS U ur D R ul,2,10,30,5,2,10,3
UL BS U ur R D ul,2,10,30,5,2,12,3
UL BS ur D U R ul,2,10,30,5,2,10,4
UL BS ur U D R ul,2,10,30,5,2,12,4
UL BS ur U R D ul,2,10,30,5,2,10,3
UL U BS R ur D ul,2,10,30,5,2,10,3
UL U BS ur D R ul,2,10,30,5,2,8,2
UL U BS ur R D ul,2,10,30,5,2,10,3
UL U ur BS D R ul,2,10,30,5,2,10,3
UL U ur BS R D ul,2,10,30,5,2,10,3
UL ur BS D U R ul,2,10,30,5,2,12,4
UL ur BS U D R ul,2,10,30,5,2,12,4
UL ur BS U R D ul,2,10,30,5,2,10,2
UL ur U BS D R ul,2,10,30,5,2,12,3
UL ur U BS R D ul,2,10,30,5,2,12,3
ur BS UL D U R ul,2,10,30,5,2,12,4
ur BS UL U D R ul,2,10,30,5,2,10,4
ur BS UL U R D ul,2,10,30,5,2,8,2
ur UL BS D U R ul,2,10,30,5,2,12,4
ur UL BS U D R ul,2,10,30,5,2,12,4
ur UL BS U R D ul,2,10,30,5,2,10,2
ur UL U BS D R ul,2,10,30,5,2,10,2
ur UL U BS R D ul,2,10,30,5,2,10,2
BS U UL R ul D ur,2,9,32,5,2,9,3
BS U ul UL R D ur,2,9,32,5,2,15,4
BS U UL ul R D ur,2,9,32,5,2,11,4
BS ul U UL R D ur,2,9,32,5,2,13,3
U BS UL R ul D ur,2,9,32,5,2,9,3
U BS ul UL R D ur,2,9,32,5,2,15,4
U BS UL ul R D ur,2,9,32,5,2,11,4
U UL BS R ul D ur,2,9,32,5,2,7,2
U ul BS UL R D ur,2,9,32,5,2,13,3
U UL BS ul R D ur,2,9,32,5,2,9,3
U ul UL BS R D ur,2,9,32,5,2,13,4
U UL ul BS R D ur,2,9,32,5,2,13,4
ul BS U UL R D ur,2,9,32,5,2,12,3
ul U BS UL R D ur,2,9,32,5,2,12,3
ul U UL BS R D ur,2,9,32,5,2,10,3
BS D ur UL U R ul,2,10,32,5,2,9,2
BS ur D UL U R ul,2,10,32,5,2,9,3
D BS ur UL U R ul,2,10,32,5,2,9,2
D ur BS UL U R ul,2,10,32,5,2,7,2
ur BS D UL U R ul,2,10,32,5,2,10,3
ur D BS UL U R ul,2,10,32,5,2,8,2
BS UL U R ul D ur,4,9,34,5,2,7,2
BS UL U ul R D ur,4,9,34,5,2,9,3
BS ul UL U R D ur,4,9,34,5,2,13,4
BS UL ul U R D ur,4,9,34,5,2,13,4
UL BS U R ul D ur,4,9,34,5,2,8,2
UL BS U ul R D ur,4,9,34,5,2,10,3
ul BS UL U R D ur,4,9,34,5,2,10,3
UL BS ul U R D ur,4,9,34,5,2,12,3
UL U BS R ul D ur,4,9,34,5,2,8,2
UL U BS ul R D ur,4,9,34,5,2,10,3
UL U ul BS R D ur,4,9,34,5,2,12,3
ul UL BS U R D ur,4,9,34,5,2,12,4
UL ul BS U R D ur,4,9,34,5,2,14,4
ul UL U BS R D ur,4,9,34,5,2,12,4
UL ul U BS R D ur,4,9,34,5,2,14,4
BS D U UL R ur ul,2,10,34,6,2,15,4
BS D U UL ur R ul,2,10,34,6,2,13,4
BS D U ur UL R ul,2,10,34,6,2,15,4
BS D ur U UL R ul,2,10,34,6,2,11,3
BS U D UL R ur ul,2,10,34,6,2,17,4
BS U D UL ur R ul,2,10,34,6,2,15,4
BS U D ur UL R ul,2,10,34,6,2,13,4
BS U UL D R ur ul,2,10,34,6,2,13,3
BS U UL D ur R ul,2,10,34,6,2,11,3
BS U UL R D ur ul,2,10,34,6,2,11,3
BS U ur D UL R ul,2,10,34,6,2,13,3
BS ur D U UL R ul,2,10,34,6,2,11,4
BS ur U D UL R ul,2,10,34,6,2,15,4
D BS U UL R ur ul,2,10,34,6,2,13,3
D BS U UL ur R ul,2,10,34,6,2,11,3
D BS U ur UL R ul,2,10,34,6,2,13,3
D BS ur U UL R ul,2,10,34,6,2,11,3
D U BS UL R ur ul,2,10,34,6,2,15,4
D U BS UL ur R ul,2,10,34,6,2,13,4
D U BS ur UL R ul,2,10,34,6,2,13,4
D U UL BS R ur ul,2,10,34,6,2,13,4
D U UL BS ur R ul,2,10,34,6,2,11,4
D U UL ur BS R ul,2,10,34,6,2,11,4
D U ur BS UL R ul,2,10,34,6,2,13,4
D U ur UL BS R ul,2,10,34,6,2,13,4
D ur BS U UL R ul,2,10,34,6,2,9,3
D ur U BS UL R ul,2,10,34,6,2,11,3
D ur U UL BS R ul,2,10,34,6,2,9,3
U BS D UL R ur ul,2,10,34,6,2,15,3
U BS D UL ur R ul,2,10,34,6,2,13,3
U BS D ur UL R ul,2,10,34,6,2,11,3
U BS UL D R ur ul,2,10,34,6,2,13,3
U BS UL D ur R ul,2,10,34,6,2,11,3
U BS UL R D ur ul,2,10,34,6,2,11,3
U BS ur D UL R ul,2,10,34,6,2,11,3
U D BS UL R ur ul,2,10,34,6,2,15,4
U D BS UL ur R ul,2,10,34,6,2,13,4
U D BS ur UL R ul,2,10,34,6,2,13,4
U D UL BS R ur ul,2,10,34,6,2,15,4
U D UL BS ur R ul,2,10,34,6,2,13,4
U D UL ur BS R ul,2,10,34,6,2,13,4
U D ur BS UL R ul,2,10,34,6,2,11,4
U D ur UL BS R ul,2,10,34,6,2,11,4
U UL BS D R ur ul,2,10,34,6,2,11,3
U UL BS D ur R ul,2,10,34,6,2,9,3
U UL BS R D ur ul,2,10,34,6,2,9,2
U UL D BS R ur ul,2,10,34,6,2,13,3
U UL D BS ur R ul,2,10,34,6,2,11,3
U UL D ur BS R ul,2,10,34,6,2,9,3
U UL ur D BS R ul,2,10,34,6,2,9,2
U ur BS D UL R ul,2,10,34,6,2,13,3
U ur D BS UL R ul,2,10,34,6,2,11,3
U ur D UL BS R ul,2,10,34,6,2,11,3
U ur UL D BS R ul,2,10,34,6,2,13,3
ur BS D U UL R ul,2,10,34,6,2,12,4
ur BS U D UL R ul,2,10,34,6,2,14,4
ur D BS U UL R ul,2,10,34,6,2,10,3
ur D U BS UL R ul,2,10,34,6,2,12,4
ur D U UL BS R ul,2,10,34,6,2,10,4
ur U BS D UL R ul,2,10,34,6,2,14,3
ur U D BS UL R ul,2,10,34,6,2,14,4
ur U D UL BS R ul,2,10,34,6,2,14,4
ur U UL D BS R ul,2,10,34,6,2,12,3
BS D UL U R ur ul,2,10,36,6,2,13,3
BS D UL U ur R ul,2,10,36,6,2,13,3
BS D UL ur U R ul,2,10,36,6,2,13,3
BS UL D U R ur ul,2,10,36,6,2,15,4
BS UL D U ur R ul,2,10,36,6,2,15,4
BS UL D ur U R ul,2,10,36,6,2,11,3
BS UL U D R ur ul,2,10,36,6,2,13,4
BS UL U D ur R ul,2,10,36,6,2,11,4
BS UL U R D ur ul,2,10,36,6,2,9,2
D BS UL U R ur ul,2,10,36,6,2,11,3
D BS UL U ur R ul,2,10,36,6,2,11,3
D BS UL ur U R ul,2,10,36,6,2,11,3
D U ul R UL ur BS,2,10,36,6,2,14,4
D U ul R ur UL BS,2,10,36,6,2,14,4
D U ul UL R ur BS,2,10,36,6,2,18,4
D U UL ul R ur BS,2,10,36,6,2,14,4
D U ul UL ur R BS,2,10,36,6,2,18,4
D U UL ul ur R BS,2,10,36,6,2,16,4
D U ul ur R UL BS,2,10,36,6,2,16,4
D U ul ur UL R BS,2,10,36,6,2,16,4
D U UL ur ul R BS,2,10,36,6,2,12,4
D U ur ul R UL BS,2,10,36,6,2,14,4
D U ur ul UL R BS,2,10,36,6,2,18,4
D U ur UL ul R BS,2,10,36,6,2,16,4
D UL BS U R ur ul,2,10,36,6,2,13,3
D UL BS U ur R ul,2,10,36,6,2,13,3
D UL BS ur U R ul,2,10,36,6,2,11,3
D ul R U UL ur BS,2,10,36,6,2,8,2
D ul R U ur UL BS,2,10,36,6,2,10,3
D ul R ur U UL BS,2,10,36,6,2,10,3
D UL U BS R ur ul,2,10,36,6,2,13,3
D UL U BS ur R ul,2,10,36,6,2,11,3
D ul U R UL ur BS,2,10,36,6,2,12,3
D ul U R ur UL BS,2,10,36,6,2,12,3
D ul U UL R ur BS,2,10,36,6,2,12,3
D ul U UL ur R BS,2,10,36,6,2,12,3
D UL U ur BS R ul,2,10,36,6,2,11,3
D ul U ur R UL BS,2,10,36,6,2,14,3
D ul U ur UL R BS,2,10,36,6,2,14,3
D UL ur BS U R ul,2,10,36,6,2,11,3
D ul ur R U UL BS,2,10,36,6,2,10,3
D UL ur U BS R ul,2,10,36,6,2,13,3
D ul ur U R UL BS,2,10,36,6,2,12,3
D ul ur U UL R BS,2,10,36,6,2,12,3
D ur U ul R UL BS,2,10,36,6,2,12,3
D ur U ul UL R BS,2,10,36,6,2,16,4
D ur U UL ul R BS,2,10,36,6,2,12,4
D ur UL BS U R ul,2,10,36,6,2,9,2
D ur ul R U UL BS,2,10,36,6,2,8,2
D ur UL U BS R ul,2,10,36,6,2,9,2
D ur ul U R UL BS,2,10,36,6,2,12,3
D ur ul U UL R BS,2,10,36,6,2,12,3
U D ul R UL ur BS,2,10,36,6,2,12,4
U D ul R ur UL BS,2,10,36,6,2,12,4
U D ul UL R ur BS,2,10,36,6,2,16,4
U D UL ul R ur BS,2,10,36,6,2,16,4
U D ul UL ur R BS,2,10,36,6,2,16,4
U D UL ul ur R BS,2,10,36,6,2,18,4
U D ul ur R UL BS,2,10,36,6,2,14,4
U D ul ur UL R BS,2,10,36,6,2,14,4
U D UL ur ul R BS,2,10,36,6,2,14,4
U D ur ul R UL BS,2,10,36,6,2,12,4
U D ur ul UL R BS,2,10,36,6,2,16,4
U D ur UL ul R BS,2,10,36,6,2,14,4
U ul D R UL ur BS,2,10,36,6,2,12,3
U ul D R ur UL BS,2,10,36,6,2,12,3
U ul D UL R ur BS,2,10,36,6,2,14,3
U UL D ul R ur BS,2,10,36,6,2,10,3
U ul D UL ur R BS,2,10,36,6,2,14,3
U UL D ul ur R BS,2,10,36,6,2,12,3
U ul D ur R UL BS,2,10,36,6,2,12,3
U ul D ur UL R BS,2,10,36,6,2,12,3
U UL D ur ul R BS,2,10,36,6,2,10,3
U ul UL D R ur BS,2,10,36,6,2,16,4
U UL ul D R ur BS,2,10,36,6,2,12,4
U ul UL D ur R BS,2,10,36,6,2,16,4
U UL ul D ur R BS,2,10,36,6,2,12,4
U ul UL ur D R BS,2,10,36,6,2,14,4
U UL ul ur D R BS,2,10,36,6,2,12,4
U ul ur D R UL BS,2,10,36,6,2,12,3
U ul ur D UL R BS,2,10,36,6,2,14,3
U UL ur D ul R BS,2,10,36,6,2,8,2
U ul ur UL D R BS,2,10,36,6,2,14,3
U UL ur ul D R BS,2,10,36,6,2,10,2
U ur D ul R UL BS,2,10,36,6,2,10,3
U ur D ul UL R BS,2,10,36,6,2,14,4
U ur D UL ul R BS,2,10,36,6,2,14,4
U ur ul D R UL BS,2,10,36,6,2,12,3
U ur ul D UL R BS,2,10,36,6,2,14,3
U ur UL D ul R BS,2,10,36,6,2,12,3
U ur ul UL D R BS,2,10,36,6,2,16,4
U ur UL ul D R BS,2,10,36,6,2,14,4
UL BS D U R ur ul,2,10,36,6,2,14,4
UL BS D U ur R ul,2,10,36,6,2,14,4
UL BS D ur U R ul,2,10,36,6,2,10,3
UL BS U D R ur ul,2,10,36,6,2,14,4
UL BS U D ur R ul,2,10,36,6,2,12,4
UL BS U R D ur ul,2,10,36,6,2,10,2
UL D BS U R ur ul,2,10,36,6,2,14,3
UL D BS U ur R ul,2,10,36,6,2,14,3
UL D BS ur U R ul,2,10,36,6,2,12,3
ul D R U UL ur BS,2,10,36,6,2,9,2
ul D R U ur UL BS,2,10,36,6,2,11,3
ul D R ur U UL BS,2,10,36,6,2,11,3
UL D U BS R ur ul,2,10,36,6,2,16,4
UL D U BS ur R ul,2,10,36,6,2,14,4
ul D U R UL ur BS,2,10,36,6,2,13,4
ul D U R ur UL BS,2,10,36,6,2,13,4
ul D U UL R ur BS,2,10,36,6,2,13,4
ul D U UL ur R BS,2,10,36,6,2,13,4
UL D U ur BS R ul,2,10,36,6,2,14,4
ul D U ur R UL BS,2,10,36,6,2,15,4
ul D U ur UL R BS,2,10,36,6,2,15,4
UL D ur BS U R ul,2,10,36,6,2,10,3
ul D ur R U UL BS,2,10,36,6,2,9,3
UL D ur U BS R ul,2,10,36,6,2,12,3
ul D ur U R UL BS,2,10,36,6,2,11,3
ul D ur U UL R BS,2,10,36,6,2,11,3
UL U BS D R ur ul,2,10,36,6,2,12,3
UL U BS D ur R ul,2,10,36,6,2,10,3
UL U BS R D ur ul,2,10,36,6,2,10,2
UL U D BS R ur ul,2,10,36,6,2,14,4
UL U D BS ur R ul,2,10,36,6,2,12,4
ul U D R UL ur BS,2,10,36,6,2,15,4
ul U D R ur UL BS,2,10,36,6,2,15,4
ul U D UL R ur BS,2,10,36,6,2,17,4
ul U D UL ur R BS,2,10,36,6,2,17,4
UL U D ur BS R ul,2,10,36,6,2,10,4
ul U D ur R UL BS,2,10,36,6,2,15,4
ul U D ur UL R BS,2,10,36,6,2,15,4
ul U UL D R ur BS,2,10,36,6,2,13,3
ul U UL D ur R BS,2,10,36,6,2,13,3
ul U UL ur D R BS,2,10,36,6,2,11,3
UL U ur D BS R ul,2,10,36,6,2,10,3
ul U ur D R UL BS,2,10,36,6,2,13,3
ul U ur D UL R BS,2,10,36,6,2,15,3
ul U ur UL D R BS,2,10,36,6,2,15,3
UL ur D BS U R ul,2,10,36,6,2,10,2
ul ur D R U UL BS,2,10,36,6,2,9,2
UL ur D U BS R ul,2,10,36,6,2,12,4
ul ur D U R UL BS,2,10,36,6,2,13,4
ul ur D U UL R BS,2,10,36,6,2,13,4
UL ur U D BS R ul,2,10,36,6,2,14,4
ul ur U D R UL BS,2,10,36,6,2,15,4
ul ur U D UL R BS,2,10,36,6,2,17,4
ul ur U UL D R BS,2,10,36,6,2,13,3
ur D U ul R UL BS,2,10,36,6,2,13,4
ur D U ul UL R BS,2,10,36,6,2,17,4
ur D U UL ul R BS,2,10,36,6,2,13,4
ur D UL BS U R ul,2,10,36,6,2,10,3
ur D ul R U UL BS,2,10,36,6,2,7,2
ur D UL U BS R ul,2,10,36,6,2,10,3
ur D ul U R UL BS,2,10,36,6,2,11,3
ur D ul U UL R BS,2,10,36,6,2,11,3
ur U D ul R UL BS,2,10,36,6,2,13,4
ur U D ul UL R BS,2,10,36,6,2,17,4
ur U D UL ul R BS,2,10,36,6,2,17,4
ur U ul D R UL BS,2,10,36,6,2,13,3
ur U ul D UL R BS,2,10,36,6,2,15,3
ur U UL D ul R BS,2,10,36,6,2,11,3
ur U ul UL D R BS,2,10,36,6,2,17,4
ur U UL ul D R BS,2,10,36,6,2,13,4
ur UL D BS U R ul,2,10,36,6,2,12,3
ur ul D R U UL BS,2,10,36,6,2,9,2
ur UL D U BS R ul,2,10,36,6,2,14,4
ur ul D U R UL BS,2,10,36,6,2,13,4
ur ul D U UL R BS,2,10,36,6,2,13,4
ur UL U D BS R ul,2,10,36,6,2,12,4
ur ul U D R UL BS,2,10,36,6,2,15,4
ur ul U D UL R BS,2,10,36,6,2,17,4
ur ul U UL D R BS,2,10,36,6,2,13,3
BS D U ul R UL ur,2,9,38,6,2,15,4
BS D U UL R ul ur,2,9,38,6,2,13,4
BS D U ul UL R ur,2,9,38,6,2,19,4
BS D U UL ul R ur,2,9,38,6,2,15,4
BS D ul R U UL ur,2,9,38,6,2,9,2
BS D ul U R UL ur,2,9,38,6,2,13,3
BS D ul U UL R ur,2,9,38,6,2,13,3
BS U D ul R UL ur,2,9,38,6,2,13,4
BS U D UL R ul ur,2,9,38,6,2,15,4
BS U D ul UL R ur,2,9,38,6,2,17,4
BS U D UL ul R ur,2,9,38,6,2,17,4
BS U ul D R UL ur,2,9,38,6,2,13,3
BS U UL D R ul ur,2,9,38,6,2,11,3
BS U ul D UL R ur,2,9,38,6,2,15,3
BS U UL D ul R ur,2,9,38,6,2,11,3
BS U UL R D ul ur,2,9,38,6,2,11,3
BS U ul UL D R ur,2,9,38,6,2,17,4
BS U UL ul D R ur,2,9,38,6,2,13,4
BS ul D R U UL ur,2,9,38,6,2,11,3
BS ul D U R UL ur,2,9,38,6,2,15,4
BS ul D U UL R ur,2,9,38,6,2,15,4
BS ul U D R UL ur,2,9,38,6,2,17,4
BS ul U D UL R ur,2,9,38,6,2,19,4
BS ul U UL D R ur,2,9,38,6,2,15,3
D BS U ul R UL ur,2,9,38,6,2,13,3
D BS U UL R ul ur,2,9,38,6,2,11,3
D BS U ul UL R ur,2,9,38,6,2,17,4
D BS U UL ul R ur,2,9,38,6,2,13,4
D BS ul R U UL ur,2,9,38,6,2,11,3
D BS ul U R UL ur,2,9,38,6,2,15,3
D BS ul U UL R ur,2,9,38,6,2,15,3
D U BS ul R UL ur,2,9,38,6,2,15,4
D U BS UL R ul ur,2,9,38,6,2,13,4
D U BS ul UL R ur,2,9,38,6,2,19,4
D U BS UL ul R ur,2,9,38,6,2,15,4
D U ul BS R UL ur,2,9,38,6,2,17,4
D U UL BS R ul ur,2,9,38,6,2,11,4
D U ul BS UL R ur,2,9,38,6,2,17,4
D U UL BS ul R ur,2,9,38,6,2,13,4
D U ul R BS UL ur,2,9,38,6,2,13,4
D U ul R UL BS ur,2,9,38,6,2,13,4
D U ul UL BS R ur,2,9,38,6,2,17,4
D U UL ul BS R ur,2,9,38,6,2,17,4
D U ul UL R BS ur,2,9,38,6,2,17,4
D U UL ul R BS ur,2,9,38,6,2,13,4
D ul BS R U UL ur,2,9,38,6,2,11,3
D ul BS U R UL ur,2,9,38,6,2,13,3
D ul BS U UL R ur,2,9,38,6,2,13,3
D ul R BS U UL ur,2,9,38,6,2,9,2
D ul R U BS UL ur,2,9,38,6,2,9,2
D ul R U UL BS ur,2,9,38,6,2,7,2
D ul U BS R UL ur,2,9,38,6,2,13,3
D ul U BS UL R ur,2,9,38,6,2,13,3
D ul U R BS UL ur,2,9,38,6,2,11,3
D ul U R UL BS ur,2,9,38,6,2,11,3
D ul U UL BS R ur,2,9,38,6,2,11,3
D ul U UL R BS ur,2,9,38,6,2,11,3
U BS D ul R UL ur,2,9,38,6,2,11,3
U BS D UL R ul ur,2,9,38,6,2,13,3
U BS D ul UL R ur,2,9,38,6,2,15,4
U BS D UL ul R ur,2,9,38,6,2,15,4
U BS ul D R UL ur,2,9,38,6,2,13,3
U BS UL D R ul ur,2,9,38,6,2,11,3
U BS ul D UL R ur,2,9,38,6,2,15,3
U BS UL D ul R ur,2,9,38,6,2,11,3
U BS UL R D ul ur,2,9,38,6,2,11,3
U BS ul UL D R ur,2,9,38,6,2,17,4
U BS UL ul D R ur,2,9,38,6,2,13,4
U D BS ul R UL ur,2,9,38,6,2,15,4
U D BS UL R ul ur,2,9,38,6,2,13,4
U D BS ul UL R ur,2,9,38,6,2,19,4
U D BS UL ul R ur,2,9,38,6,2,15,4
U D ul BS R UL ur,2,9,38,6,2,15,4
U D UL BS R ul ur,2,9,38,6,2,13,4
U D ul BS UL R ur,2,9,38,6,2,15,4
U D UL BS ul R ur,2,9,38,6,2,15,4
U D ul R BS UL ur,2,9,38,6,2,11,4
U D ul R UL BS ur,2,9,38,6,2,11,4
U D ul UL BS R ur,2,9,38,6,2,15,4
U D UL ul BS R ur,2,9,38,6,2,19,4
U D ul UL R BS ur,2,9,38,6,2,15,4
U D UL ul R BS ur,2,9,38,6,2,15,4
U ul BS D R UL ur,2,9,38,6,2,15,3
U UL BS D R ul ur,2,9,38,6,2,9,2
U ul BS D UL R ur,2,9,38,6,2,17,3
U UL BS D ul R ur,2,9,38,6,2,9,3
U UL BS R D ul ur,2,9,38,6,2,9,2
U ul BS UL D R ur,2,9,38,6,2,15,3
U UL BS ul D R ur,2,9,38,6,2,11,3
U ul D BS R UL ur,2,9,38,6,2,13,3
U UL D BS R ul ur,2,9,38,6,2,11,3
U ul D BS UL R ur,2,9,38,6,2,13,3
U UL D BS ul R ur,2,9,38,6,2,13,3
U ul D R BS UL ur,2,9,38,6,2,11,3
U ul D R UL BS ur,2,9,38,6,2,11,3
U ul D UL BS R ur,2,9,38,6,2,13,3
U UL D ul BS R ur,2,9,38,6,2,13,3
U ul D UL R BS ur,2,9,38,6,2,13,3
U UL D ul R BS ur,2,9,38,6,2,9,3
U ul UL BS D R ur,2,9,38,6,2,15,4
U UL ul BS D R ur,2,9,38,6,2,15,4
U ul UL D BS R ur,2,9,38,6,2,17,4
U UL ul D BS R ur,2,9,38,6,2,13,4
U ul UL D R BS ur,2,9,38,6,2,15,4
U UL ul D R BS ur,2,9,38,6,2,11,4
ul BS D R U UL ur,2,9,38,6,2,12,3
ul BS D U R UL ur,2,9,38,6,2,16,4
ul BS D U UL R ur,2,9,38,6,2,16,4
ul BS U D R UL ur,2,9,38,6,2,16,4
ul BS U D UL R ur,2,9,38,6,2,18,4
ul BS U UL D R ur,2,9,38,6,2,14,3
ul D BS R U UL ur,2,9,38,6,2,10,2
ul D BS U R UL ur,2,9,38,6,2,12,3
ul D BS U UL R ur,2,9,38,6,2,12,3
ul D R BS U UL ur,2,9,38,6,2,10,2
ul D R U BS UL ur,2,9,38,6,2,10,2
ul D R U UL BS ur,2,9,38,6,2,8,2
ul D U BS R UL ur,2,9,38,6,2,14,4
ul D U BS UL R ur,2,9,38,6,2,14,4
ul D U R BS UL ur,2,9,38,6,2,12,4
ul D U R UL BS ur,2,9,38,6,2,12,4
ul D U UL BS R ur,2,9,38,6,2,12,4
ul D U UL R BS ur,2,9,38,6,2,12,4
ul U BS D R UL ur,2,9,38,6,2,14,3
ul U BS D UL R ur,2,9,38,6,2,16,3
ul U BS UL D R ur,2,9,38,6,2,14,3
ul U D BS R UL ur,2,9,38,6,2,16,4
ul U D BS UL R ur,2,9,38,6,2,16,4
ul U D R BS UL ur,2,9,38,6,2,14,4
ul U D R UL BS ur,2,9,38,6,2,14,4
ul U D UL BS R ur,2,9,38,6,2,16,4
ul U D UL R BS ur,2,9,38,6,2,16,4
ul U UL BS D R ur,2,9,38,6,2,12,3
ul U UL D BS R ur,2,9,38,6,2,14,3
ul U UL D R BS ur,2,9,38,6,2,12,3
BS R U UL ur D ul,2,10,38,6,2,9,2
BS R U ur UL D ul,2,10,38,6,2,13,3
BS R ur U UL D ul,2,10,38,6,2,13,3
BS U R UL ur D ul,2,10,38,6,2,11,3
BS U R ur UL D ul,2,10,38,6,2,13,3
BS U ur R UL D ul,2,10,38,6,2,15,3
BS ur R U UL D ul,2,10,38,6,2,11,3
BS ur U R UL D ul,2,10,38,6,2,13,3
D ul R UL U ur BS,2,10,38,6,2,10,3
D ul R UL ur U BS,2,10,38,6,2,12,3
D ul R ur UL U BS,2,10,38,6,2,10,3
D UL U ul R ur BS,2,10,38,6,2,12,3
D UL U ul ur R BS,2,10,38,6,2,14,3
D UL U ur ul R BS,2,10,38,6,2,12,3
D ul UL R U ur BS,2,10,38,6,2,14,4
D UL ul R U ur BS,2,10,38,6,2,14,4
D ul UL R ur U BS,2,10,38,6,2,16,4
D UL ul R ur U BS,2,10,38,6,2,16,4
D ul UL U R ur BS,2,10,38,6,2,12,4
D UL ul U R ur BS,2,10,38,6,2,16,4
D ul UL U ur R BS,2,10,38,6,2,14,4
D UL ul U ur R BS,2,10,38,6,2,18,4
D ul UL ur R U BS,2,10,38,6,2,14,4
D UL ul ur R U BS,2,10,38,6,2,16,4
D ul UL ur U R BS,2,10,38,6,2,14,4
D UL ul ur U R BS,2,10,38,6,2,16,4
D ul ur R UL U BS,2,10,38,6,2,12,3
D UL ur U ul R BS,2,10,38,6,2,14,3
D ul ur UL R U BS,2,10,38,6,2,12,3
D UL ur ul R U BS,2,10,38,6,2,12,3
D ul ur UL U R BS,2,10,38,6,2,10,2
D UL ur ul U R BS,2,10,38,6,2,14,3
D ur ul R UL U BS,2,10,38,6,2,10,3
D ur UL U ul R BS,2,10,38,6,2,10,3
D ur ul UL R U BS,2,10,38,6,2,14,4
D ur UL ul R U BS,2,10,38,6,2,12,4
D ur ul UL U R BS,2,10,38,6,2,12,4
D ur UL ul U R BS,2,10,38,6,2,14,4
R BS U UL ur D ul,2,10,38,6,2,9,2
R BS U ur UL D ul,2,10,38,6,2,13,3
R BS ur U UL D ul,2,10,38,6,2,11,3
R U BS UL ur D ul,2,10,38,6,2,9,2
R U BS ur UL D ul,2,10,38,6,2,11,3
R U UL BS ur D ul,2,10,38,6,2,7,2
R U UL ur BS D ul,2,10,38,6,2,9,2
R U ur BS UL D ul,2,10,38,6,2,11,3
R U ur UL BS D ul,2,10,38,6,2,11,3
R ur BS U UL D ul,2,10,38,6,2,11,3
R ur U BS UL D ul,2,10,38,6,2,13,3
R ur U UL BS D ul,2,10,38,6,2,11,3
U BS R UL ur D ul,2,10,38,6,2,11,3
U BS R ur UL D ul,2,10,38,6,2,13,3
U BS ur R UL D ul,2,10,38,6,2,13,3
U R BS UL ur D ul,2,10,38,6,2,9,2
U R BS ur UL D ul,2,10,38,6,2,11,3
U R UL BS ur D ul,2,10,38,6,2,9,3
U R UL ur BS D ul,2,10,38,6,2,11,3
U R ur BS UL D ul,2,10,38,6,2,11,3
U R ur UL BS D ul,2,10,38,6,2,11,3
U UL R BS ur D ul,2,10,38,6,2,9,3
U UL R ur BS D ul,2,10,38,6,2,11,3
U UL ur R BS D ul,2,10,38,6,2,11,3
U ur BS R UL D ul,2,10,38,6,2,13,3
U ur R BS UL D ul,2,10,38,6,2,13,3
U ur R UL BS D ul,2,10,38,6,2,13,3
U ur UL R BS D ul,2,10,38,6,2,13,3
ul D R UL U ur BS,2,10,38,6,2,11,3
ul D R UL ur U BS,2,10,38,6,2,13,3
ul D R ur UL U BS,2,10,38,6,2,11,3
UL D U ul R ur BS,2,10,38,6,2,15,4
UL D U ul ur R BS,2,10,38,6,2,17,4
UL D U ur ul R BS,2,10,38,6,2,15,4
ul D UL R U ur BS,2,10,38,6,2,13,3
UL D ul R U ur BS,2,10,38,6,2,11,3
ul D UL R ur U BS,2,10,38,6,2,15,3
UL D ul R ur U BS,2,10,38,6,2,13,3
ul D UL U R ur BS,2,10,38,6,2,11,3
UL D ul U R ur BS,2,10,38,6,2,13,3
ul D UL U ur R BS,2,10,38,6,2,13,3
UL D ul U ur R BS,2,10,38,6,2,15,3
ul D UL ur R U BS,2,10,38,6,2,13,3
UL D ul ur R U BS,2,10,38,6,2,13,3
ul D UL ur U R BS,2,10,38,6,2,13,3
UL D ul ur U R BS,2,10,38,6,2,13,3
ul D ur R UL U BS,2,10,38,6,2,11,3
UL D ur U ul R BS,2,10,38,6,2,13,3
ul D ur UL R U BS,2,10,38,6,2,11,3
UL D ur ul R U BS,2,10,38,6,2,11,3
ul D ur UL U R BS,2,10,38,6,2,9,2
UL D ur ul U R BS,2,10,38,6,2,13,3
UL U D ul R ur BS,2,10,38,6,2,11,4
UL U D ul ur R BS,2,10,38,6,2,13,4
UL U D ur ul R BS,2,10,38,6,2,11,4
UL U ul D R ur BS,2,10,38,6,2,11,3
UL U ul D ur R BS,2,10,38,6,2,11,3
UL U ul ur D R BS,2,10,38,6,2,11,3
UL U ur D ul R BS,2,10,38,6,2,9,3
UL U ur ul D R BS,2,10,38,6,2,11,3
ul UL D R U ur BS,2,10,38,6,2,15,4
UL ul D R U ur BS,2,10,38,6,2,13,4
ul UL D R ur U BS,2,10,38,6,2,17,4
UL ul D R ur U BS,2,10,38,6,2,15,4
ul UL D U R ur BS,2,10,38,6,2,17,4
UL ul D U R ur BS,2,10,38,6,2,15,4
ul UL D U ur R BS,2,10,38,6,2,19,4
UL ul D U ur R BS,2,10,38,6,2,17,4
ul UL D ur R U BS,2,10,38,6,2,15,4
UL ul D ur R U BS,2,10,38,6,2,13,4
ul UL D ur U R BS,2,10,38,6,2,15,4
UL ul D ur U R BS,2,10,38,6,2,13,4
ul UL U D R ur BS,2,10,38,6,2,15,4
UL ul U D R ur BS,2,10,38,6,2,17,4
ul UL U D ur R BS,2,10,38,6,2,15,4
UL ul U D ur R BS,2,10,38,6,2,17,4
ul UL U ur D R BS,2,10,38,6,2,13,4
UL ul U ur D R BS,2,10,38,6,2,15,4
ul UL ur D R U BS,2,10,38,6,2,13,4
UL ul ur D R U BS,2,10,38,6,2,13,4
ul UL ur D U R BS,2,10,38,6,2,15,4
UL ul ur D U R BS,2,10,38,6,2,15,4
ul UL ur U D R BS,2,10,38,6,2,17,4
UL ul ur U D R BS,2,10,38,6,2,17,4
ul ur D R UL U BS,2,10,38,6,2,11,3
UL ur D U ul R BS,2,10,38,6,2,13,4
ul ur D UL R U BS,2,10,38,6,2,13,3
UL ur D ul R U BS,2,10,38,6,2,9,2
ul ur D UL U R BS,2,10,38,6,2,11,3
UL ur D ul U R BS,2,10,38,6,2,11,3
UL ur U D ul R BS,2,10,38,6,2,13,4
UL ur U ul D R BS,2,10,38,6,2,13,3
ul ur UL D R U BS,2,10,38,6,2,13,3
UL ur ul D R U BS,2,10,38,6,2,11,2
ul ur UL D U R BS,2,10,38,6,2,15,4
UL ur ul D U R BS,2,10,38,6,2,13,4
ul ur UL U D R BS,2,10,38,6,2,13,4
UL ur ul U D R BS,2,10,38,6,2,15,4
ur BS R U UL D ul,2,10,38,6,2,10,3
ur BS U R UL D ul,2,10,38,6,2,12,3
ur D ul R UL U BS,2,10,38,6,2,9,3
ur D UL U ul R BS,2,10,38,6,2,11,3
ur D ul UL R U BS,2,10,38,6,2,13,4
ur D UL ul R U BS,2,10,38,6,2,13,4
ur D ul UL U R BS,2,10,38,6,2,11,4
ur D UL ul U R BS,2,10,38,6,2,15,4
ur R BS U UL D ul,2,10,38,6,2,12,3
ur R U BS UL D ul,2,10,38,6,2,12,3
ur R U UL BS D ul,2,10,38,6,2,10,3
ur U BS R UL D ul,2,10,38,6,2,14,3
ur U R BS UL D ul,2,10,38,6,2,12,3
ur U R UL BS D ul,2,10,38,6,2,12,3
ur U UL R BS D ul,2,10,38,6,2,12,3
ur ul D R UL U BS,2,10,38,6,2,11,3
ur UL D U ul R BS,2,10,38,6,2,15,4
ur ul D UL R U BS,2,10,38,6,2,13,3
ur UL D ul R U BS,2,10,38,6,2,11,3
ur ul D UL U R BS,2,10,38,6,2,11,3
ur UL D ul U R BS,2,10,38,6,2,13,3
ur UL U D ul R BS,2,10,38,6,2,11,4
ur UL U ul D R BS,2,10,38,6,2,11,3
ur ul UL D R U BS,2,10,38,6,2,15,4
ur UL ul D R U BS,2,10,38,6,2,13,4
ur ul UL D U R BS,2,10,38,6,2,17,4
ur UL ul D U R BS,2,10,38,6,2,15,4
ur ul UL U D R BS,2,10,38,6,2,15,4
ur UL ul U D R BS,2,10,38,6,2,17,4
BS D ul R UL U ur,4,9,40,6,2,11,3
BS D UL U R ul ur,4,9,40,6,2,11,3
BS D UL U ul R ur,4,9,40,6,2,13,3
BS D ul UL R U ur,4,9,40,6,2,15,4
BS D UL ul R U ur,4,9,40,6,2,15,4
BS D ul UL U R ur,4,9,40,6,2,13,4
BS D UL ul U R ur,4,9,40,6,2,17,4
BS ul D R UL U ur,4,9,40,6,2,13,3
BS UL D U R ul ur,4,9,40,6,2,13,4
BS UL D U ul R ur,4,9,40,6,2,15,4
BS ul D UL R U ur,4,9,40,6,2,15,3
BS UL D ul R U ur,4,9,40,6,2,11,3
BS ul D UL U R ur,4,9,40,6,2,13,3
BS UL D ul U R ur,4,9,40,6,2,13,3
BS UL U D R ul ur,4,9,40,6,2,11,4
BS UL U D ul R ur,4,9,40,6,2,11,4
BS UL U R D ul ur,4,9,40,6,2,9,2
BS UL U ul D R ur,4,9,40,6,2,11,3
BS ul UL D R U ur,4,9,40,6,2,17,4
BS UL ul D R U ur,4,9,40,6,2,13,4
BS ul UL D U R ur,4,9,40,6,2,19,4
BS UL ul D U R ur,4,9,40,6,2,15,4
BS ul UL U D R ur,4,9,40,6,2,17,4
BS UL ul U D R ur,4,9,40,6,2,17,4
D BS ul R UL U ur,4,9,40,6,2,13,3
D BS UL U R ul ur,4,9,40,6,2,9,2
D BS UL U ul R ur,4,9,40,6,2,11,3
D BS ul UL R U ur,4,9,40,6,2,17,4
D BS UL ul R U ur,4,9,40,6,2,13,4
D BS ul UL U R ur,4,9,40,6,2,15,4
D BS UL ul U R ur,4,9,40,6,2,15,4
D ul BS R UL U ur,4,9,40,6,2,13,3
D UL BS U R ul ur,4,9,40,6,2,11,3
D UL BS U ul R ur,4,9,40,6,2,13,3
D ul BS UL R U ur,4,9,40,6,2,13,3
D UL BS ul R U ur,4,9,40,6,2,13,3
D ul BS UL U R ur,4,9,40,6,2,11,3
D UL BS ul U R ur,4,9,40,6,2,15,3
D ul R BS UL U ur,4,9,40,6,2,9,3
D ul R UL BS U ur,4,9,40,6,2,11,3
D ul R UL U BS ur,4,9,40,6,2,9,3
D UL U BS R ul ur,4,9,40,6,2,11,3
D UL U BS ul R ur,4,9,40,6,2,13,3
D UL U ul BS R ur,4,9,40,6,2,15,3
D UL U ul R BS ur,4,9,40,6,2,11,3
D ul UL BS R U ur,4,9,40,6,2,13,4
D UL ul BS R U ur,4,9,40,6,2,17,4
D ul UL BS U R ur,4,9,40,6,2,13,4
D UL ul BS U R ur,4,9,40,6,2,17,4
D ul UL R BS U ur,4,9,40,6,2,15,4
D UL ul R BS U ur,4,9,40,6,2,15,4
D ul UL R U BS ur,4,9,40,6,2,13,4
D UL ul R U BS ur,4,9,40,6,2,13,4
D ul UL U BS R ur,4,9,40,6,2,13,4
D UL ul U BS R ur,4,9,40,6,2,17,4
D ul UL U R BS ur,4,9,40,6,2,11,4
D UL ul U R BS ur,4,9,40,6,2,15,4
ul BS D R UL U ur,4,9,40,6,2,14,3
UL BS D U R ul ur,4,9,40,6,2,12,4
UL BS D U ul R ur,4,9,40,6,2,14,4
ul BS D UL R U ur,4,9,40,6,2,16,3
UL BS D ul R U ur,4,9,40,6,2,10,3
ul BS D UL U R ur,4,9,40,6,2,14,3
UL BS D ul U R ur,4,9,40,6,2,12,3
UL BS U D R ul ur,4,9,40,6,2,12,4
UL BS U D ul R ur,4,9,40,6,2,12,4
UL BS U R D ul ur,4,9,40,6,2,10,2
UL BS U ul D R ur,4,9,40,6,2,12,3
ul BS UL D R U ur,4,9,40,6,2,14,3
UL BS ul D R U ur,4,9,40,6,2,12,3
ul BS UL D U R ur,4,9,40,6,2,16,4
UL BS ul D U R ur,4,9,40,6,2,14,4
ul BS UL U D R ur,4,9,40,6,2,14,4
UL BS ul U D R ur,4,9,40,6,2,16,4
ul D BS R UL U ur,4,9,40,6,2,12,3
UL D BS U R ul ur,4,9,40,6,2,12,3
UL D BS U ul R ur,4,9,40,6,2,14,3
ul D BS UL R U ur,4,9,40,6,2,12,3
UL D BS ul R U ur,4,9,40,6,2,14,3
ul D BS UL U R ur,4,9,40,6,2,10,3
UL D BS ul U R ur,4,9,40,6,2,16,3
ul D R BS UL U ur,4,9,40,6,2,10,3
ul D R UL BS U ur,4,9,40,6,2,12,3
ul D R UL U BS ur,4,9,40,6,2,10,3
UL D U BS R ul ur,4,9,40,6,2,14,4
UL D U BS ul R ur,4,9,40,6,2,16,4
UL D U ul BS R ur,4,9,40,6,2,18,4
UL D U ul R BS ur,4,9,40,6,2,14,4
ul D UL BS R U ur,4,9,40,6,2,12,3
UL D ul BS R U ur,4,9,40,6,2,14,3
ul D UL BS U R ur,4,9,40,6,2,12,3
UL D ul BS U R ur,4,9,40,6,2,14,3
ul D UL R BS U ur,4,9,40,6,2,14,3
UL D ul R BS U ur,4,9,40,6,2,12,3
ul D UL R U BS ur,4,9,40,6,2,12,3
UL D ul R U BS ur,4,9,40,6,2,10,3
ul D UL U BS R ur,4,9,40,6,2,12,3
UL D ul U BS R ur,4,9,40,6,2,14,3
ul D UL U R BS ur,4,9,40,6,2,10,3
UL D ul U R BS ur,4,9,40,6,2,12,3
UL U BS D R ul ur,4,9,40,6,2,10,2
UL U BS D ul R ur,4,9,40,6,2,10,3
UL U BS R D ul ur,4,9,40,6,2,10,2
UL U BS ul D R ur,4,9,40,6,2,12,3
UL U D BS R ul ur,4,9,40,6,2,12,4
UL U D BS ul R ur,4,9,40,6,2,14,4
UL U D ul BS R ur,4,9,40,6,2,14,4
UL U D ul R BS ur,4,9,40,6,2,10,4
UL U ul BS D R ur,4,9,40,6,2,14,3
UL U ul D BS R ur,4,9,40,6,2,12,3
UL U ul D R BS ur,4,9,40,6,2,10,3
ul UL BS D R U ur,4,9,40,6,2,14,4
UL ul BS D R U ur,4,9,40,6,2,16,4
ul UL BS D U R ur,4,9,40,6,2,16,4
UL ul BS D U R ur,4,9,40,6,2,18,4
ul UL BS U D R ur,4,9,40,6,2,16,4
UL ul BS U D R ur,4,9,40,6,2,18,4
ul UL D BS R U ur,4,9,40,6,2,16,4
UL ul D BS R U ur,4,9,40,6,2,14,4
ul UL D BS U R ur,4,9,40,6,2,16,4
UL ul D BS U R ur,4,9,40,6,2,14,4
ul UL D R BS U ur,4,9,40,6,2,16,4
UL ul D R BS U ur,4,9,40,6,2,14,4
ul UL D R U BS ur,4,9,40,6,2,14,4
UL ul D R U BS ur,4,9,40,6,2,12,4
ul UL D U BS R ur,4,9,40,6,2,18,4
UL ul D U BS R ur,4,9,40,6,2,16,4
ul UL D U R BS ur,4,9,40,6,2,16,4
UL ul D U R BS ur,4,9,40,6,2,14,4
ul UL U BS D R ur,4,9,40,6,2,14,4
UL ul U BS D R ur,4,9,40,6,2,16,4
ul UL U D BS R ur,4,9,40,6,2,16,4
UL ul U D BS R ur,4,9,40,6,2,18,4
ul UL U D R BS ur,4,9,40,6,2,14,4
UL ul U D R BS ur,4,9,40,6,2,16,4
BS R UL U ur D ul,2,10,40,6,2,11,3
BS R UL ur D U ul,2,10,40,6,2,15,4
BS R UL ur U D ul,2,10,40,6,2,15,4
BS R ur UL D U ul,2,10,40,6,2,17,4
BS R ur UL U D ul,2,10,40,6,2,13,4
BS UL R U ur D ul,2,10,40,6,2,11,3
BS UL R ur D U ul,2,10,40,6,2,15,4
BS UL R ur U D ul,2,10,40,6,2,15,4
BS UL ur D R U ul,2,10,40,6,2,11,3
BS UL ur R D U ul,2,10,40,6,2,15,4
BS UL ur R U D ul,2,10,40,6,2,13,4
BS ur R UL D U ul,2,10,40,6,2,17,4
BS ur R UL U D ul,2,10,40,6,2,13,4
BS ur UL D R U ul,2,10,40,6,2,13,3
BS ur UL R D U ul,2,10,40,6,2,15,4
BS ur UL R U D ul,2,10,40,6,2,13,4
R BS UL U ur D ul,2,10,40,6,2,9,3
R BS UL ur D U ul,2,10,40,6,2,13,4
R BS UL ur U D ul,2,10,40,6,2,13,4
R BS ur UL D U ul,2,10,40,6,2,15,4
R BS ur UL U D ul,2,10,40,6,2,11,4
R U ul D UL ur BS,2,10,40,6,2,12,3
R U ul D ur UL BS,2,10,40,6,2,10,3
R U ul UL D ur BS,2,10,40,6,2,14,4
R U UL ul D ur BS,2,10,40,6,2,10,4
R U ul UL ur D BS,2,10,40,6,2,14,4
R U UL ul ur D BS,2,10,40,6,2,12,4
R U ul ur D UL BS,2,10,40,6,2,12,3
R U ul ur UL D BS,2,10,40,6,2,14,3
R U UL ur ul D BS,2,10,40,6,2,10,2
R U ur ul D UL BS,2,10,40,6,2,12,3
R U ur ul UL D BS,2,10,40,6,2,16,4
R U ur UL ul D BS,2,10,40,6,2,14,4
R UL BS U ur D ul,2,10,40,6,2,11,3
R UL BS ur D U ul,2,10,40,6,2,13,4
R UL BS ur U D ul,2,10,40,6,2,13,4
R ul D U UL ur BS,2,10,40,6,2,10,4
R ul D U ur UL BS,2,10,40,6,2,12,4
R ul D ur U UL BS,2,10,40,6,2,8,3
R UL U BS ur D ul,2,10,40,6,2,9,3
R ul U D UL ur BS,2,10,40,6,2,14,4
R ul U D ur UL BS,2,10,40,6,2,12,4
R ul U UL D ur BS,2,10,40,6,2,10,3
R ul U UL ur D BS,2,10,40,6,2,10,3
R UL U ur BS D ul,2,10,40,6,2,11,3
R ul U ur D UL BS,2,10,40,6,2,12,3
R ul U ur UL D BS,2,10,40,6,2,14,3
R UL ur BS D U ul,2,10,40,6,2,15,4
R UL ur BS U D ul,2,10,40,6,2,13,4
R ul ur D U UL BS,2,10,40,6,2,10,4
R UL ur U BS D ul,2,10,40,6,2,13,3
R ul ur U D UL BS,2,10,40,6,2,14,4
R ul ur U UL D BS,2,10,40,6,2,12,3
R ur BS UL D U ul,2,10,40,6,2,15,4
R ur BS UL U D ul,2,10,40,6,2,11,4
R ur U ul D UL BS,2,10,40,6,2,14,3
R ur U ul UL D BS,2,10,40,6,2,18,4
R ur U UL ul D BS,2,10,40,6,2,14,4
R ur UL BS D U ul,2,10,40,6,2,15,4
R ur UL BS U D ul,2,10,40,6,2,13,4
R ur ul D U UL BS,2,10,40,6,2,12,4
R ur UL U BS D ul,2,10,40,6,2,11,3
R ur ul U D UL BS,2,10,40,6,2,16,4
R ur ul U UL D BS,2,10,40,6,2,14,3
U R ul D UL ur BS,2,10,40,6,2,10,3
U R ul D ur UL BS,2,10,40,6,2,8,2
U R ul UL D ur BS,2,10,40,6,2,12,4
U R UL ul D ur BS,2,10,40,6,2,12,4
U R ul UL ur D BS,2,10,40,6,2,12,4
U R UL ul ur D BS,2,10,40,6,2,14,4
U R ul ur D UL BS,2,10,40,6,2,10,3
U R ul ur UL D BS,2,10,40,6,2,12,3
U R UL ur ul D BS,2,10,40,6,2,12,3
U R ur ul D UL BS,2,10,40,6,2,12,3
U R ur ul UL D BS,2,10,40,6,2,16,4
U R ur UL ul D BS,2,10,40,6,2,14,4
U ul R D UL ur BS,2,10,40,6,2,12,3
U ul R D ur UL BS,2,10,40,6,2,10,3
U ul R UL D ur BS,2,10,40,6,2,12,3
U UL R ul D ur BS,2,10,40,6,2,8,3
U ul R UL ur D BS,2,10,40,6,2,12,3
U UL R ul ur D BS,2,10,40,6,2,10,3
U ul R ur D UL BS,2,10,40,6,2,12,3
U ul R ur UL D BS,2,10,40,6,2,14,3
U UL R ur ul D BS,2,10,40,6,2,12,3
U ul UL R D ur BS,2,10,40,6,2,14,4
U UL ul R D ur BS,2,10,40,6,2,10,4
U ul UL R ur D BS,2,10,40,6,2,16,4
U UL ul R ur D BS,2,10,40,6,2,12,4
U ul UL ur R D BS,2,10,40,6,2,16,4
U UL ul ur R D BS,2,10,40,6,2,14,4
U ul ur R D UL BS,2,10,40,6,2,14,3
U ul ur R UL D BS,2,10,40,6,2,16,3
U UL ur R ul D BS,2,10,40,6,2,10,3
U ul ur UL R D BS,2,10,40,6,2,14,3
U UL ur ul R D BS,2,10,40,6,2,10,2
U ur R ul D UL BS,2,10,40,6,2,12,3
U ur R ul UL D BS,2,10,40,6,2,16,4
U ur R UL ul D BS,2,10,40,6,2,16,4
U ur ul R D UL BS,2,10,40,6,2,12,3
U ur ul R UL D BS,2,10,40,6,2,14,3
U ur UL R ul D BS,2,10,40,6,2,12,3
U ur ul UL R D BS,2,10,40,6,2,16,4
U ur UL ul R D BS,2,10,40,6,2,14,4
UL BS R U ur D ul,2,10,40,6,2,10,3
UL BS R ur D U ul,2,10,40,6,2,14,4
UL BS R ur U D ul,2,10,40,6,2,14,4
UL BS ur D R U ul,2,10,40,6,2,10,3
UL BS ur R D U ul,2,10,40,6,2,14,4
UL BS ur R U D ul,2,10,40,6,2,12,4
UL R BS U ur D ul,2,10,40,6,2,12,3
UL R BS ur D U ul,2,10,40,6,2,14,4
UL R BS ur U D ul,2,10,40,6,2,14,4
ul R D U UL ur BS,2,10,40,6,2,11,4
ul R D U ur UL BS,2,10,40,6,2,13,4
ul R D ur U UL BS,2,10,40,6,2,9,3
UL R U BS ur D ul,2,10,40,6,2,10,3
ul R U D UL ur BS,2,10,40,6,2,13,4
ul R U D ur UL BS,2,10,40,6,2,11,4
ul R U UL D ur BS,2,10,40,6,2,9,3
ul R U UL ur D BS,2,10,40,6,2,9,2
UL R U ur BS D ul,2,10,40,6,2,12,3
ul R U ur D UL BS,2,10,40,6,2,11,3
ul R U ur UL D BS,2,10,40,6,2,13,3
UL R ur BS D U ul,2,10,40,6,2,16,4
UL R ur BS U D ul,2,10,40,6,2,14,4
ul R ur D U UL BS,2,10,40,6,2,11,4
UL R ur U BS D ul,2,10,40,6,2,14,3
ul R ur U D UL BS,2,10,40,6,2,15,4
ul R ur U UL D BS,2,10,40,6,2,13,3
UL U R BS ur D ul,2,10,40,6,2,8,2
ul U R D UL ur BS,2,10,40,6,2,13,3
ul U R D ur UL BS,2,10,40,6,2,11,3
ul U R UL D ur BS,2,10,40,6,2,13,3
ul U R UL ur D BS,2,10,40,6,2,13,3
UL U R ur BS D ul,2,10,40,6,2,10,3
ul U R ur D UL BS,2,10,40,6,2,13,3
ul U R ur UL D BS,2,10,40,6,2,15,3
ul U UL R D ur BS,2,10,40,6,2,11,3
ul U UL R ur D BS,2,10,40,6,2,13,3
ul U UL ur R D BS,2,10,40,6,2,13,3
UL U ur R BS D ul,2,10,40,6,2,12,3
ul U ur R D UL BS,2,10,40,6,2,15,3
ul U ur R UL D BS,2,10,40,6,2,17,3
ul U ur UL R D BS,2,10,40,6,2,15,3
UL ur BS D R U ul,2,10,40,6,2,12,3
UL ur BS R D U ul,2,10,40,6,2,14,4
UL ur BS R U D ul,2,10,40,6,2,12,4
UL ur R BS D U ul,2,10,40,6,2,16,4
UL ur R BS U D ul,2,10,40,6,2,14,4
ul ur R D U UL BS,2,10,40,6,2,13,4
UL ur R U BS D ul,2,10,40,6,2,12,3
ul ur R U D UL BS,2,10,40,6,2,15,4
ul ur R U UL D BS,2,10,40,6,2,13,3
UL ur U R BS D ul,2,10,40,6,2,12,3
ul ur U R D UL BS,2,10,40,6,2,13,3
ul ur U R UL D BS,2,10,40,6,2,15,3
ul ur U UL R D BS,2,10,40,6,2,13,3
ur BS R UL D U ul,2,10,40,6,2,16,4
ur BS R UL U D ul,2,10,40,6,2,12,4
ur BS UL D R U ul,2,10,40,6,2,12,3
ur BS UL R D U ul,2,10,40,6,2,14,4
ur BS UL R U D ul,2,10,40,6,2,12,4
ur R BS UL D U ul,2,10,40,6,2,16,4
ur R BS UL U D ul,2,10,40,6,2,12,4
ur R U ul D UL BS,2,10,40,6,2,13,3
ur R U ul UL D BS,2,10,40,6,2,17,4
ur R U UL ul D BS,2,10,40,6,2,13,4
ur R UL BS D U ul,2,10,40,6,2,16,4
ur R UL BS U D ul,2,10,40,6,2,14,4
ur R ul D U UL BS,2,10,40,6,2,11,4
ur R UL U BS D ul,2,10,40,6,2,12,3
ur R ul U D UL BS,2,10,40,6,2,15,4
ur R ul U UL D BS,2,10,40,6,2,13,3
ur U R ul D UL BS,2,10,40,6,2,11,3
ur U R ul UL D BS,2,10,40,6,2,15,4
ur U R UL ul D BS,2,10,40,6,2,15,4
ur U ul R D UL BS,2,10,40,6,2,13,3
ur U ul R UL D BS,2,10,40,6,2,15,3
ur U UL R ul D BS,2,10,40,6,2,11,3
ur U ul UL R D BS,2,10,40,6,2,17,4
ur U UL ul R D BS,2,10,40,6,2,13,4
ur UL BS D R U ul,2,10,40,6,2,12,3
ur UL BS R D U ul,2,10,40,6,2,14,4
ur UL BS R U D ul,2,10,40,6,2,12,4
ur UL R BS D U ul,2,10,40,6,2,16,4
ur UL R BS U D ul,2,10,40,6,2,14,4
ur ul R D U UL BS,2,10,40,6,2,11,4
ur UL R U BS D ul,2,10,40,6,2,12,3
ur ul R U D UL BS,2,10,40,6,2,13,4
ur ul R U UL D BS,2,10,40,6,2,11,3
ur UL U R BS D ul,2,10,40,6,2,10,2
ur ul U R D UL BS,2,10,40,6,2,13,3
ur ul U R UL D BS,2,10,40,6,2,15,3
ur ul U UL R D BS,2,10,40,6,2,13,3
BS D R ur UL U ul,2,10,42,6,2,13,3
BS D ur R UL U ul,2,10,42,6,2,13,3
BS D ur UL R U ul,2,10,42,6,2,13,3
BS R D ur UL U ul,2,10,42,6,2,11,3
BS R U ul D UL ur,2,10,42,6,2,13,3
BS R U ul UL D ur,2,10,42,6,2,15,4
BS R U UL ul D ur,2,10,42,6,2,11,4
BS R ul D U UL ur,2,10,42,6,2,11,4
BS R ul U D UL ur,2,10,42,6,2,15,4
BS R ul U UL D ur,2,10,42,6,2,11,3
BS R ur D UL U ul,2,10,42,6,2,13,3
BS U R ul D UL ur,2,10,42,6,2,11,3
BS U R ul UL D ur,2,10,42,6,2,13,4
BS U R UL ul D ur,2,10,42,6,2,13,4
BS U ul R D UL ur,2,10,42,6,2,13,3
BS U ul R UL D ur,2,10,42,6,2,13,3
BS ul R D U UL ur,2,10,42,6,2,13,4
BS ul R U D UL ur,2,10,42,6,2,15,4
BS ul R U UL D ur,2,10,42,6,2,11,3
BS ul U R D UL ur,2,10,42,6,2,15,3
BS ul U R UL D ur,2,10,42,6,2,15,3
BS ur D R UL U ul,2,10,42,6,2,11,3
BS ur D UL R U ul,2,10,42,6,2,13,3
BS ur R D UL U ul,2,10,42,6,2,13,3
D BS R ur UL U ul,2,10,42,6,2,13,3
D BS ur R UL U ul,2,10,42,6,2,13,3
D BS ur UL R U ul,2,10,42,6,2,13,3
D R BS ur UL U ul,2,10,42,6,2,11,3
D R ur BS UL U ul,2,10,42,6,2,11,3
D ur BS R UL U ul,2,10,42,6,2,11,3
D ur BS UL R U ul,2,10,42,6,2,11,3
D ur R BS UL U ul,2,10,42,6,2,11,3
R BS D ur UL U ul,2,10,42,6,2,11,3
R BS U ul D UL ur,2,10,42,6,2,13,3
R BS U ul UL D ur,2,10,42,6,2,15,4
R BS U UL ul D ur,2,10,42,6,2,11,4
R BS ul D U UL ur,2,10,42,6,2,13,4
R BS ul U D UL ur,2,10,42,6,2,17,4
R BS ul U UL D ur,2,10,42,6,2,13,3
R BS ur D UL U ul,2,10,42,6,2,11,3
R D BS ur UL U ul,2,10,42,6,2,11,3
R D ur BS UL U ul,2,10,42,6,2,9,3
R U BS ul D UL ur,2,10,42,6,2,13,3
R U BS ul UL D ur,2,10,42,6,2,15,4
R U BS UL ul D ur,2,10,42,6,2,11,4
R U ul BS D UL ur,2,10,42,6,2,15,3
R U ul BS UL D ur,2,10,42,6,2,13,3
R U UL BS ul D ur,2,10,42,6,2,9,3
R U ul D BS UL ur,2,10,42,6,2,11,3
R U ul D UL BS ur,2,10,42,6,2,11,3
R U ul UL BS D ur,2,10,42,6,2,13,4
R U UL ul BS D ur,2,10,42,6,2,13,4
R U ul UL D BS ur,2,10,42,6,2,15,4
R U UL ul D BS ur,2,10,42,6,2,11,4
R ul BS D U UL ur,2,10,42,6,2,13,4
R ul BS U D UL ur,2,10,42,6,2,15,4
R ul BS U UL D ur,2,10,42,6,2,11,3
R ul D BS U UL ur,2,10,42,6,2,9,2
R ul D U BS UL ur,2,10,42,6,2,11,4
R ul D U UL BS ur,2,10,42,6,2,9,4
R ul D UL U ur BS,2,10,42,6,2,10,3
R ul D UL ur U BS,2,10,42,6,2,12,3
R ul D ur UL U BS,2,10,42,6,2,8,2
R ul U BS D UL ur,2,10,42,6,2,13,3
R ul U BS UL D ur,2,10,42,6,2,11,3
R ul U D BS UL ur,2,10,42,6,2,13,4
R ul U D UL BS ur,2,10,42,6,2,13,4
R ul U UL BS D ur,2,10,42,6,2,9,3
R ul U UL D BS ur,2,10,42,6,2,11,3
R UL U ul D ur BS,2,10,42,6,2,10,3
R UL U ul ur D BS,2,10,42,6,2,12,3
R UL U ur ul D BS,2,10,42,6,2,12,3
R ul UL D U ur BS,2,10,42,6,2,16,4
R UL ul D U ur BS,2,10,42,6,2,16,4
R ul UL D ur U BS,2,10,42,6,2,14,4
R UL ul D ur U BS,2,10,42,6,2,14,4
R ul UL U D ur BS,2,10,42,6,2,12,4
R UL ul U D ur BS,2,10,42,6,2,16,4
R ul UL U ur D BS,2,10,42,6,2,12,4
R UL ul U ur D BS,2,10,42,6,2,16,4
R ul UL ur D U BS,2,10,42,6,2,14,4
R UL ul ur D U BS,2,10,42,6,2,16,4
R ul UL ur U D BS,2,10,42,6,2,16,4
R UL ul ur U D BS,2,10,42,6,2,18,4
R ul ur D UL U BS,2,10,42,6,2,10,3
R UL ur U ul D BS,2,10,42,6,2,14,3
R ul ur UL D U BS,2,10,42,6,2,14,4
R UL ur ul D U BS,2,10,42,6,2,14,4
R ul ur UL U D BS,2,10,42,6,2,12,4
R UL ur ul U D BS,2,10,42,6,2,16,4
R ur BS D UL U ul,2,10,42,6,2,13,3
R ur D BS UL U ul,2,10,42,6,2,11,3
R ur ul D UL U BS,2,10,42,6,2,12,3
R ur UL U ul D BS,2,10,42,6,2,12,3
R ur ul UL D U BS,2,10,42,6,2,18,4
R ur UL ul D U BS,2,10,42,6,2,16,4
R ur ul UL U D BS,2,10,42,6,2,16,4
R ur UL ul U D BS,2,10,42,6,2,18,4
U BS R ul D UL ur,2,10,42,6,2,11,3
U BS R ul UL D ur,2,10,42,6,2,13,4
U BS R UL ul D ur,2,10,42,6,2,13,4
U BS ul R D UL ur,2,10,42,6,2,13,3
U BS ul R UL D ur,2,10,42,6,2,13,3
U R BS ul D UL ur,2,10,42,6,2,13,3
U R BS ul UL D ur,2,10,42,6,2,15,4
U R BS UL ul D ur,2,10,42,6,2,11,4
U R ul BS D UL ur,2,10,42,6,2,13,3
U R ul BS UL D ur,2,10,42,6,2,11,3
U R UL BS ul D ur,2,10,42,6,2,11,3
U R ul D BS UL ur,2,10,42,6,2,9,2
U R ul D UL BS ur,2,10,42,6,2,9,3
U R ul UL BS D ur,2,10,42,6,2,11,4
U R UL ul BS D ur,2,10,42,6,2,15,4
U R ul UL D BS ur,2,10,42,6,2,13,4
U R UL ul D BS ur,2,10,42,6,2,13,4
U ul BS R D UL ur,2,10,42,6,2,15,3
U ul BS R UL D ur,2,10,42,6,2,15,3
U ul R BS D UL ur,2,10,42,6,2,13,3
U ul R BS UL D ur,2,10,42,6,2,11,3
U UL R BS ul D ur,2,10,42,6,2,11,3
U ul R D BS UL ur,2,10,42,6,2,11,3
U ul R D UL BS ur,2,10,42,6,2,11,3
U ul R UL BS D ur,2,10,42,6,2,11,3
U UL R ul BS D ur,2,10,42,6,2,11,3
U ul R UL D BS ur,2,10,42,6,2,13,3
U UL R ul D BS ur,2,10,42,6,2,9,3
U ul UL R BS D ur,2,10,42,6,2,15,4
U UL ul R BS D ur,2,10,42,6,2,11,4
U ul UL R D BS ur,2,10,42,6,2,15,4
U UL ul R D BS ur,2,10,42,6,2,11,4
ul BS R D U UL ur,2,10,42,6,2,14,4
ul BS R U D UL ur,2,10,42,6,2,16,4
ul BS R U UL D ur,2,10,42,6,2,12,3
ul BS U R D UL ur,2,10,42,6,2,14,3
ul BS U R UL D ur,2,10,42,6,2,14,3
ul R BS D U UL ur,2,10,42,6,2,12,4
ul R BS U D UL ur,2,10,42,6,2,14,4
ul R BS U UL D ur,2,10,42,6,2,10,3
ul R D BS U UL ur,2,10,42,6,2,10,2
ul R D U BS UL ur,2,10,42,6,2,12,4
ul R D U UL BS ur,2,10,42,6,2,10,4
ul R D UL U ur BS,2,10,42,6,2,11,3
ul R D UL ur U BS,2,10,42,6,2,13,3
ul R D ur UL U BS,2,10,42,6,2,9,2
ul R U BS D UL ur,2,10,42,6,2,12,3
ul R U BS UL D ur,2,10,42,6,2,10,3
ul R U D BS UL ur,2,10,42,6,2,12,4
ul R U D UL BS ur,2,10,42,6,2,12,4
ul R U UL BS D ur,2,10,42,6,2,8,2
ul R U UL D BS ur,2,10,42,6,2,10,3
UL R U ul D ur BS,2,10,42,6,2,11,3
UL R U ul ur D BS,2,10,42,6,2,13,3
UL R U ur ul D BS,2,10,42,6,2,13,3
ul R UL D U ur BS,2,10,42,6,2,15,4
UL R ul D U ur BS,2,10,42,6,2,13,4
ul R UL D ur U BS,2,10,42,6,2,13,3
UL R ul D ur U BS,2,10,42,6,2,11,3
ul R UL U D ur BS,2,10,42,6,2,11,4
UL R ul U D ur BS,2,10,42,6,2,13,4
ul R UL U ur D BS,2,10,42,6,2,11,3
UL R ul U ur D BS,2,10,42,6,2,13,3
ul R UL ur D U BS,2,10,42,6,2,13,4
UL R ul ur D U BS,2,10,42,6,2,13,4
ul R UL ur U D BS,2,10,42,6,2,15,4
UL R ul ur U D BS,2,10,42,6,2,15,4
ul R ur D UL U BS,2,10,42,6,2,11,3
UL R ur U ul D BS,2,10,42,6,2,15,3
ul R ur UL D U BS,2,10,42,6,2,15,4
UL R ur ul D U BS,2,10,42,6,2,15,4
ul R ur UL U D BS,2,10,42,6,2,13,4
UL R ur ul U D BS,2,10,42,6,2,17,4
ul U BS R D UL ur,2,10,42,6,2,14,3
ul U BS R UL D ur,2,10,42,6,2,14,3
ul U R BS D UL ur,2,10,42,6,2,14,3
ul U R BS UL D ur,2,10,42,6,2,12,3
ul U R D BS UL ur,2,10,42,6,2,12,3
ul U R D UL BS ur,2,10,42,6,2,12,3
ul U R UL BS D ur,2,10,42,6,2,12,3
ul U R UL D BS ur,2,10,42,6,2,14,3
UL U R ul D ur BS,2,10,42,6,2,7,2
UL U R ul ur D BS,2,10,42,6,2,9,2
UL U R ur ul D BS,2,10,42,6,2,11,3
ul U UL R BS D ur,2,10,42,6,2,12,3
ul U UL R D BS ur,2,10,42,6,2,12,3
UL U ul R D ur BS,2,10,42,6,2,9,3
UL U ul R ur D BS,2,10,42,6,2,11,3
UL U ul ur R D BS,2,10,42,6,2,13,3
UL U ur R ul D BS,2,10,42,6,2,11,3
UL U ur ul R D BS,2,10,42,6,2,11,3
ul UL R D U ur BS,2,10,42,6,2,17,4
UL ul R D U ur BS,2,10,42,6,2,15,4
ul UL R D ur U BS,2,10,42,6,2,15,4
UL ul R D ur U BS,2,10,42,6,2,13,4
ul UL R U D ur BS,2,10,42,6,2,15,4
UL ul R U D ur BS,2,10,42,6,2,13,4
ul UL R U ur D BS,2,10,42,6,2,15,4
UL ul R U ur D BS,2,10,42,6,2,13,4
ul UL R ur D U BS,2,10,42,6,2,17,4
UL ul R ur D U BS,2,10,42,6,2,15,4
ul UL R ur U D BS,2,10,42,6,2,19,4
UL ul R ur U D BS,2,10,42,6,2,17,4
ul UL U R D ur BS,2,10,42,6,2,11,4
UL ul U R D ur BS,2,10,42,6,2,13,4
ul UL U R ur D BS,2,10,42,6,2,13,4
UL ul U R ur D BS,2,10,42,6,2,15,4
ul UL U ur R D BS,2,10,42,6,2,15,4
UL ul U ur R D BS,2,10,42,6,2,17,4
ul UL ur R D U BS,2,10,42,6,2,17,4
UL ul ur R D U BS,2,10,42,6,2,17,4
ul UL ur R U D BS,2,10,42,6,2,17,4
UL ul ur R U D BS,2,10,42,6,2,17,4
ul UL ur U R D BS,2,10,42,6,2,15,4
UL ul ur U R D BS,2,10,42,6,2,15,4
ul ur R D UL U BS,2,10,42,6,2,13,3
UL ur R U ul D BS,2,10,42,6,2,13,3
ul ur R UL D U BS,2,10,42,6,2,17,4
UL ur R ul D U BS,2,10,42,6,2,13,4
ul ur R UL U D BS,2,10,42,6,2,15,4
UL ur R ul U D BS,2,10,42,6,2,15,4
UL ur U R ul D BS,2,10,42,6,2,11,3
UL ur U ul R D BS,2,10,42,6,2,13,3
ul ur UL R D U BS,2,10,42,6,2,15,4
UL ur ul R D U BS,2,10,42,6,2,13,4
ul ur UL R U D BS,2,10,42,6,2,15,4
UL ur ul R U D BS,2,10,42,6,2,13,4
ul ur UL U R D BS,2,10,42,6,2,11,2
UL ur ul U R D BS,2,10,42,6,2,13,3
ur BS D R UL U ul,2,10,42,6,2,12,3
ur BS D UL R U ul,2,10,42,6,2,14,3
ur BS R D UL U ul,2,10,42,6,2,12,3
ur D BS R UL U ul,2,10,42,6,2,12,3
ur D BS UL R U ul,2,10,42,6,2,12,3
ur D R BS UL U ul,2,10,42,6,2,10,3
ur R BS D UL U ul,2,10,42,6,2,14,3
ur R D BS UL U ul,2,10,42,6,2,12,3
ur R ul D UL U BS,2,10,42,6,2,11,3
ur R UL U ul D BS,2,10,42,6,2,13,3
ur R ul UL D U BS,2,10,42,6,2,17,4
ur R UL ul D U BS,2,10,42,6,2,17,4
ur R ul UL U D BS,2,10,42,6,2,15,4
ur R UL ul U D BS,2,10,42,6,2,19,4
ur ul R D UL U BS,2,10,42,6,2,11,3
ur UL R U ul D BS,2,10,42,6,2,13,3
ur ul R UL D U BS,2,10,42,6,2,15,4
ur UL R ul D U BS,2,10,42,6,2,13,4
ur ul R UL U D BS,2,10,42,6,2,13,4
ur UL R ul U D BS,2,10,42,6,2,15,4
ur UL U R ul D BS,2,10,42,6,2,9,2
ur UL U ul R D BS,2,10,42,6,2,11,3
ur ul UL R D U BS,2,10,42,6,2,17,4
ur UL ul R D U BS,2,10,42,6,2,15,4
ur ul UL R U D BS,2,10,42,6,2,17,4
ur UL ul R U D BS,2,10,42,6,2,15,4
ur ul UL U R D BS,2,10,42,6,2,13,4
ur UL ul U R D BS,2,10,42,6,2,15,4
BS R ul D UL U ur,4,10,44,6,2,11,3
BS R UL U ul D ur,4,10,44,6,2,11,3
BS R ul UL D U ur,4,10,44,6,2,17,4
BS R UL ul D U ur,4,10,44,6,2,17,4
BS R ul UL U D ur,4,10,44,6,2,13,4
BS R UL ul U D ur,4,10,44,6,2,17,4
BS ul R D UL U ur,4,10,44,6,2,13,3
BS UL R U ul D ur,4,10,44,6,2,11,3
BS ul R UL D U ur,4,10,44,6,2,17,4
BS UL R ul D U ur,4,10,44,6,2,13,4
BS ul R UL U D ur,4,10,44,6,2,13,4
BS UL R ul U D ur,4,10,44,6,2,13,4
BS ul UL R D U ur,4,10,44,6,2,19,4
BS UL ul R D U ur,4,10,44,6,2,15,4
BS ul UL R U D ur,4,10,44,6,2,17,4
BS UL ul R U D ur,4,10,44,6,2,13,4
R BS ul D UL U ur,4,10,44,6,2,13,3
R BS UL U ul D ur,4,10,44,6,2,9,3
R BS ul UL D U ur,4,10,44,6,2,19,4
R BS UL ul D U ur,4,10,44,6,2,15,4
R BS ul UL U D ur,4,10,44,6,2,15,4
R BS UL ul U D ur,4,10,44,6,2,15,4
R ul BS D UL U ur,4,10,44,6,2,13,3
R UL BS U ul D ur,4,10,44,6,2,11,3
R ul BS UL D U ur,4,10,44,6,2,15,4
R UL BS ul D U ur,4,10,44,6,2,15,4
R ul BS UL U D ur,4,10,44,6,2,11,4
R UL BS ul U D ur,4,10,44,6,2,15,4
R ul D BS UL U ur,4,10,44,6,2,9,3
R ul D UL BS U ur,4,10,44,6,2,11,3
R ul D UL U BS ur,4,10,44,6,2,9,3
R UL U BS ul D ur,4,10,44,6,2,11,3
R UL U ul BS D ur,4,10,44,6,2,13,3
R UL U ul D BS ur,4,10,44,6,2,11,3
R ul UL BS D U ur,4,10,44,6,2,15,4
R UL ul BS D U ur,4,10,44,6,2,19,4
R ul UL BS U D ur,4,10,44,6,2,13,4
R UL ul BS U D ur,4,10,44,6,2,17,4
R ul UL D BS U ur,4,10,44,6,2,15,4
R UL ul D BS U ur,4,10,44,6,2,15,4
R ul UL D U BS ur,4,10,44,6,2,15,4
R UL ul D U BS ur,4,10,44,6,2,15,4
R ul UL U BS D ur,4,10,44,6,2,11,4
R UL ul U BS D ur,4,10,44,6,2,15,4
R ul UL U D BS ur,4,10,44,6,2,13,4
R UL ul U D BS ur,4,10,44,6,2,17,4
ul BS R D UL U ur,4,10,44,6,2,14,3
UL BS R U ul D ur,4,10,44,6,2,10,3
ul BS R UL D U ur,4,10,44,6,2,18,4
UL BS R ul D U ur,4,10,44,6,2,12,4
ul BS R UL U D ur,4,10,44,6,2,14,4
UL BS R ul U D ur,4,10,44,6,2,12,4
ul BS UL R D U ur,4,10,44,6,2,16,4
UL BS ul R D U ur,4,10,44,6,2,14,4
ul BS UL R U D ur,4,10,44,6,2,14,4
UL BS ul R U D ur,4,10,44,6,2,12,4
ul R BS D UL U ur,4,10,44,6,2,12,3
UL R BS U ul D ur,4,10,44,6,2,12,3
ul R BS UL D U ur,4,10,44,6,2,14,4
UL R BS ul D U ur,4,10,44,6,2,16,4
ul R BS UL U D ur,4,10,44,6,2,10,4
UL R BS ul U D ur,4,10,44,6,2,16,4
ul R D BS UL U ur,4,10,44,6,2,10,3
ul R D UL BS U ur,4,10,44,6,2,12,3
ul R D UL U BS ur,4,10,44,6,2,10,3
UL R U BS ul D ur,4,10,44,6,2,12,3
UL R U ul BS D ur,4,10,44,6,2,14,3
UL R U ul D BS ur,4,10,44,6,2,12,3
ul R UL BS D U ur,4,10,44,6,2,14,4
UL R ul BS D U ur,4,10,44,6,2,16,4
ul R UL BS U D ur,4,10,44,6,2,12,4
UL R ul BS U D ur,4,10,44,6,2,14,4
ul R UL D BS U ur,4,10,44,6,2,14,3
UL R ul D BS U ur,4,10,44,6,2,12,3
ul R UL D U BS ur,4,10,44,6,2,14,4
UL R ul D U BS ur,4,10,44,6,2,12,4
ul R UL U BS D ur,4,10,44,6,2,10,3
UL R ul U BS D ur,4,10,44,6,2,12,3
ul R UL U D BS ur,4,10,44,6,2,12,4
UL R ul U D BS ur,4,10,44,6,2,14,4
UL U R BS ul D ur,4,10,44,6,2,10,3
UL U R ul BS D ur,4,10,44,6,2,10,3
UL U R ul D BS ur,4,10,44,6,2,8,2
UL U ul R BS D ur,4,10,44,6,2,10,3
UL U ul R D BS ur,4,10,44,6,2,10,3
ul UL BS R D U ur,4,10,44,6,2,16,4
UL ul BS R D U ur,4,10,44,6,2,18,4
ul UL BS R U D ur,4,10,44,6,2,14,4
UL ul BS R U D ur,4,10,44,6,2,16,4
ul UL R BS D U ur,4,10,44,6,2,18,4
UL ul R BS D U ur,4,10,44,6,2,16,4
ul UL R BS U D ur,4,10,44,6,2,16,4
UL ul R BS U D ur,4,10,44,6,2,14,4
ul UL R D BS U ur,4,10,44,6,2,16,4
UL ul R D BS U ur,4,10,44,6,2,14,4
ul UL R D U BS ur,4,10,44,6,2,16,4
UL ul R D U BS ur,4,10,44,6,2,14,4
ul UL R U BS D ur,4,10,44,6,2,14,4
UL ul R U BS D ur,4,10,44,6,2,12,4
ul UL R U D BS ur,4,10,44,6,2,16,4
UL ul R U D BS ur,4,10,44,6,2,14,4
ul UL U R BS D ur,4,10,44,6,2,12,4
UL ul U R BS D ur,4,10,44,6,2,14,4
ul UL U R D BS ur,4,10,44,6,2,12,4
UL ul U R D BS ur,4,10,44,6,2,14,4
BS D R U UL ur ul,2,10,44,7,2,11,2
BS D R U ur UL ul,2,10,44,7,2,15,4
BS D R ur U UL ul,2,10,44,7,2,15,4
BS D U R UL ur ul,2,10,44,7,2,15,4
BS D U R ur UL ul,2,10,44,7,2,17,4
BS D U ur R UL ul,2,10,44,7,2,19,4
BS D ur R U UL ul,2,10,44,7,2,13,4
BS D ur U R UL ul,2,10,44,7,2,15,4
BS R D U UL ur ul,2,10,44,7,2,13,4
BS R D U ur UL ul,2,10,44,7,2,17,4
BS R D ur U UL ul,2,10,44,7,2,13,4
BS R U D UL ur ul,2,10,44,7,2,15,4
BS R U D ur UL ul,2,10,44,7,2,15,4
BS R U UL D ur ul,2,10,44,7,2,11,3
BS R U ur D UL ul,2,10,44,7,2,15,4
BS R ur D U UL ul,2,10,44,7,2,15,4
BS R ur U D UL ul,2,10,44,7,2,19,4
BS U D R UL ur ul,2,10,44,7,2,15,4
BS U D R ur UL ul,2,10,44,7,2,17,4
BS U D ur R UL ul,2,10,44,7,2,17,4
BS U R D UL ur ul,2,10,44,7,2,13,3
BS U R D ur UL ul,2,10,44,7,2,13,4
BS U R UL D ur ul,2,10,44,7,2,13,3
BS U R ur D UL ul,2,10,44,7,2,15,4
BS U UL R ul ur D,2,10,44,7,2,10,3
BS U UL R ur ul D,2,10,44,7,2,12,3
BS U ul UL R ur D,2,10,44,7,2,16,4
BS U UL ul R ur D,2,10,44,7,2,12,4
BS U ul UL ur D R,2,10,44,7,2,14,4
BS U UL ul ur D R,2,10,44,7,2,12,4
BS U ul UL ur R D,2,10,44,7,2,16,4
BS U UL ul ur R D,2,10,44,7,2,14,4
BS U UL ur D ul R,2,10,44,7,2,8,2
BS U UL ur R ul D,2,10,44,7,2,10,3
BS U ul ur UL D R,2,10,44,7,2,14,3
BS U UL ur ul D R,2,10,44,7,2,10,2
BS U ul ur UL R D,2,10,44,7,2,14,3
BS U UL ur ul R D,2,10,44,7,2,10,2
BS U ur D R UL ul,2,10,44,7,2,15,4
BS U ur R D UL ul,2,10,44,7,2,17,4
BS U ur UL D ul R,2,10,44,7,2,12,3
BS U ur UL R ul D,2,10,44,7,2,12,3
BS U ur ul UL D R,2,10,44,7,2,16,4
BS U ur UL ul D R,2,10,44,7,2,14,4
BS U ur ul UL R D,2,10,44,7,2,16,4
BS U ur UL ul R D,2,10,44,7,2,14,4
BS ul U UL R ur D,2,10,44,7,2,14,3
BS ul U UL ur D R,2,10,44,7,2,12,3
BS ul U UL ur R D,2,10,44,7,2,14,3
BS ul U ur UL D R,2,10,44,7,2,16,3
BS ul U ur UL R D,2,10,44,7,2,16,3
BS ul ur U UL D R,2,10,44,7,2,14,3
BS ul ur U UL R D,2,10,44,7,2,14,3
BS ur D R U UL ul,2,10,44,7,2,11,4
BS ur D U R UL ul,2,10,44,7,2,15,4
BS ur R D U UL ul,2,10,44,7,2,15,4
BS ur R U D UL ul,2,10,44,7,2,17,4
BS ur U D R UL ul,2,10,44,7,2,17,4
BS ur U R D UL ul,2,10,44,7,2,15,4
BS ur U UL D ul R,2,10,44,7,2,10,3
BS ur U UL R ul D,2,10,44,7,2,10,3
BS ur U ul UL D R,2,10,44,7,2,16,4
BS ur U UL ul D R,2,10,44,7,2,12,4
BS ur U ul UL R D,2,10,44,7,2,16,4
BS ur U UL ul R D,2,10,44,7,2,12,4
BS ur ul U UL D R,2,10,44,7,2,12,3
BS ur ul U UL R D,2,10,44,7,2,12,3
D BS R U UL ur ul,2,10,44,7,2,11,2
D BS R U ur UL ul,2,10,44,7,2,15,4
D BS R ur U UL ul,2,10,44,7,2,15,4
D BS U R UL ur ul,2,10,44,7,2,13,3
D BS U R ur UL ul,2,10,44,7,2,15,4
D BS U ur R UL ul,2,10,44,7,2,17,4
D BS ur R U UL ul,2,10,44,7,2,13,4
D BS ur U R UL ul,2,10,44,7,2,15,4
D R BS U UL ur ul,2,10,44,7,2,11,2
D R BS U ur UL ul,2,10,44,7,2,15,4
D R BS ur U UL ul,2,10,44,7,2,13,4
D R U BS UL ur ul,2,10,44,7,2,11,2
D R U BS ur UL ul,2,10,44,7,2,13,4
D R U UL BS ur ul,2,10,44,7,2,9,2
D R U UL ur BS ul,2,10,44,7,2,11,3
D R U ur BS UL ul,2,10,44,7,2,13,4
D R U ur UL BS ul,2,10,44,7,2,13,3
D R ur BS U UL ul,2,10,44,7,2,13,4
D R ur U BS UL ul,2,10,44,7,2,15,4
D R ur U UL BS ul,2,10,44,7,2,13,3
D U BS R UL ur ul,2,10,44,7,2,15,4
D U BS R ur UL ul,2,10,44,7,2,17,4
D U BS ur R UL ul,2,10,44,7,2,17,4
D U R BS UL ur ul,2,10,44,7,2,13,4
D U R BS ur UL ul,2,10,44,7,2,15,4
D U R UL BS ur ul,2,10,44,7,2,13,4
D U R UL ur BS ul,2,10,44,7,2,15,4
D U R ur BS UL ul,2,10,44,7,2,15,4
D U R ur UL BS ul,2,10,44,7,2,15,4
D U UL R BS ur ul,2,10,44,7,2,13,4
D U UL R ur BS ul,2,10,44,7,2,15,4
D U UL ur R BS ul,2,10,44,7,2,15,4
D U ur BS R UL ul,2,10,44,7,2,17,4
D U ur R BS UL ul,2,10,44,7,2,17,4
D U ur R UL BS ul,2,10,44,7,2,17,4
D U ur UL R BS ul,2,10,44,7,2,17,4
D ur BS R U UL ul,2,10,44,7,2,11,4
D ur BS U R UL ul,2,10,44,7,2,13,4
D ur R BS U UL ul,2,10,44,7,2,13,4
D ur R U BS UL ul,2,10,44,7,2,13,4
D ur R U UL BS ul,2,10,44,7,2,11,3
D ur U BS R UL ul,2,10,44,7,2,15,4
D ur U R BS UL ul,2,10,44,7,2,13,4
D ur U R UL BS ul,2,10,44,7,2,13,3
D ur U UL R BS ul,2,10,44,7,2,13,3
R BS D U UL ur ul,2,10,44,7,2,13,4
R BS D U ur UL ul,2,10,44,7,2,17,4
R BS D ur U UL ul,2,10,44,7,2,13,4
R BS U D UL ur ul,2,10,44,7,2,15,4
R BS U D ur UL ul,2,10,44,7,2,15,4
R BS U UL D ur ul,2,10,44,7,2,11,3
R BS U ur D UL ul,2,10,44,7,2,15,4
R BS ur D U UL ul,2,10,44,7,2,13,4
R BS ur U D UL ul,2,10,44,7,2,17,4
R D BS U UL ur ul,2,10,44,7,2,11,2
R D BS U ur UL ul,2,10,44,7,2,15,4
R D BS ur U UL ul,2,10,44,7,2,13,4
R D U BS UL ur ul,2,10,44,7,2,13,4
R D U BS ur UL ul,2,10,44,7,2,15,4
R D U UL BS ur ul,2,10,44,7,2,11,4
R D U UL ur BS ul,2,10,44,7,2,13,4
R D U ur BS UL ul,2,10,44,7,2,15,4
R D U ur UL BS ul,2,10,44,7,2,15,4
R D ur BS U UL ul,2,10,44,7,2,11,4
R D ur U BS UL ul,2,10,44,7,2,13,4
R D ur U UL BS ul,2,10,44,7,2,11,3
R U BS D UL ur ul,2,10,44,7,2,13,3
R U BS D ur UL ul,2,10,44,7,2,13,4
R U BS UL D ur ul,2,10,44,7,2,11,3
R U BS ur D UL ul,2,10,44,7,2,13,4
R U D BS UL ur ul,2,10,44,7,2,13,4
R U D BS ur UL ul,2,10,44,7,2,15,4
R U D UL BS ur ul,2,10,44,7,2,13,4
R U D UL ur BS ul,2,10,44,7,2,15,4
R U D ur BS UL ul,2,10,44,7,2,13,4
R U D ur UL BS ul,2,10,44,7,2,13,4
R U UL BS D ur ul,2,10,44,7,2,9,2
R U UL D BS ur ul,2,10,44,7,2,11,3
R U UL D ur BS ul,2,10,44,7,2,11,3
R U UL ur D BS ul,2,10,44,7,2,11,3
R U ur BS D UL ul,2,10,44,7,2,15,4
R U ur D BS UL ul,2,10,44,7,2,13,4
R U ur D UL BS ul,2,10,44,7,2,13,3
R U ur UL D BS ul,2,10,44,7,2,15,3
R ur BS D U UL ul,2,10,44,7,2,15,4
R ur BS U D UL ul,2,10,44,7,2,17,4
R ur D BS U UL ul,2,10,44,7,2,13,4
R ur D U BS UL ul,2,10,44,7,2,15,4
R ur D U UL BS ul,2,10,44,7,2,13,4
R ur U BS D UL ul,2,10,44,7,2,17,4
R ur U D BS UL ul,2,10,44,7,2,17,4
R ur U D UL BS ul,2,10,44,7,2,17,4
R ur U UL D BS ul,2,10,44,7,2,15,3
U BS D R UL ur ul,2,10,44,7,2,13,3
U BS D R ur UL ul,2,10,44,7,2,15,4
U BS D ur R UL ul,2,10,44,7,2,15,4
U BS R D UL ur ul,2,10,44,7,2,13,3
U BS R D ur UL ul,2,10,44,7,2,13,4
U BS R UL D ur ul,2,10,44,7,2,13,3
U BS R ur D UL ul,2,10,44,7,2,15,4
U BS UL R ul ur D,2,10,44,7,2,10,3
U BS UL R ur ul D,2,10,44,7,2,12,3
U BS ul UL R ur D,2,10,44,7,2,16,4
U BS UL ul R ur D,2,10,44,7,2,12,4
U BS ul UL ur D R,2,10,44,7,2,14,4
U BS UL ul ur D R,2,10,44,7,2,12,4
U BS ul UL ur R D,2,10,44,7,2,16,4
U BS UL ul ur R D,2,10,44,7,2,14,4
U BS UL ur D ul R,2,10,44,7,2,8,2
U BS UL ur R ul D,2,10,44,7,2,10,3
U BS ul ur UL D R,2,10,44,7,2,14,3
U BS UL ur ul D R,2,10,44,7,2,10,2
U BS ul ur UL R D,2,10,44,7,2,14,3
U BS UL ur ul R D,2,10,44,7,2,10,2
U BS ur D R UL ul,2,10,44,7,2,13,4
U BS ur R D UL ul,2,10,44,7,2,15,4
U BS ur UL D ul R,2,10,44,7,2,10,3
U BS ur UL R ul D,2,10,44,7,2,10,3
U BS ur ul UL D R,2,10,44,7,2,14,4
U BS ur UL ul D R,2,10,44,7,2,12,4
U BS ur ul UL R D,2,10,44,7,2,14,4
U BS ur UL ul R D,2,10,44,7,2,12,4
U D BS R UL ur ul,2,10,44,7,2,15,4
U D BS R ur UL ul,2,10,44,7,2,17,4
U D BS ur R UL ul,2,10,44,7,2,17,4
U D R BS UL ur ul,2,10,44,7,2,13,4
U D R BS ur UL ul,2,10,44,7,2,15,4
U D R UL BS ur ul,2,10,44,7,2,13,4
U D R UL ur BS ul,2,10,44,7,2,15,4
U D R ur BS UL ul,2,10,44,7,2,15,4
U D R ur UL BS ul,2,10,44,7,2,15,4
U D UL R BS ur ul,2,10,44,7,2,15,4
U D UL R ur BS ul,2,10,44,7,2,17,4
U D UL ur R BS ul,2,10,44,7,2,17,4
U D ur BS R UL ul,2,10,44,7,2,15,4
U D ur R BS UL ul,2,10,44,7,2,15,4
U D ur R UL BS ul,2,10,44,7,2,15,4
U D ur UL R BS ul,2,10,44,7,2,15,4
U R BS D UL ur ul,2,10,44,7,2,13,3
U R BS D ur UL ul,2,10,44,7,2,13,4
U R BS UL D ur ul,2,10,44,7,2,11,3
U R BS ur D UL ul,2,10,44,7,2,13,4
U R D BS UL ur ul,2,10,44,7,2,11,2
U R D BS ur UL ul,2,10,44,7,2,13,4
U R D UL BS ur ul,2,10,44,7,2,11,3
U R D UL ur BS ul,2,10,44,7,2,13,3
U R D ur BS UL ul,2,10,44,7,2,11,4
U R D ur UL BS ul,2,10,44,7,2,11,3
U R UL BS D ur ul,2,10,44,7,2,11,3
U R UL D BS ur ul,2,10,44,7,2,13,3
U R UL D ur BS ul,2,10,44,7,2,13,3
U R UL ur D BS ul,2,10,44,7,2,13,3
U R ur BS D UL ul,2,10,44,7,2,15,4
U R ur D BS UL ul,2,10,44,7,2,13,4
U R ur D UL BS ul,2,10,44,7,2,13,3
U R ur UL D BS ul,2,10,44,7,2,15,3
U UL BS R ul ur D,2,10,44,7,2,8,2
U UL BS R ur ul D,2,10,44,7,2,10,3
U ul BS UL R ur D,2,10,44,7,2,14,3
U UL BS ul R ur D,2,10,44,7,2,10,3
U ul BS UL ur D R,2,10,44,7,2,12,3
U UL BS ul ur D R,2,10,44,7,2,10,3
U ul BS UL ur R D,2,10,44,7,2,14,3
U UL BS ul ur R D,2,10,44,7,2,12,3
U UL BS ur D ul R,2,10,44,7,2,6,1
U UL BS ur R ul D,2,10,44,7,2,8,3
U ul BS ur UL D R,2,10,44,7,2,14,3
U UL BS ur ul D R,2,10,44,7,2,8,2
U ul BS ur UL R D,2,10,44,7,2,14,3
U UL BS ur ul R D,2,10,44,7,2,8,2
U UL D R BS ur ul,2,10,44,7,2,11,3
U UL D R ur BS ul,2,10,44,7,2,13,3
U UL D ur R BS ul,2,10,44,7,2,13,3
U UL R BS D ur ul,2,10,44,7,2,11,3
U UL R D BS ur ul,2,10,44,7,2,11,3
U UL R D ur BS ul,2,10,44,7,2,11,3
U UL R ur D BS ul,2,10,44,7,2,13,3
U ul UL BS R ur D,2,10,44,7,2,14,4
U UL ul BS R ur D,2,10,44,7,2,14,4
U ul UL BS ur D R,2,10,44,7,2,12,4
U UL ul BS ur D R,2,10,44,7,2,12,4
U ul UL BS ur R D,2,10,44,7,2,14,4
U UL ul BS ur R D,2,10,44,7,2,14,4
U ul UL ur BS D R,2,10,44,7,2,14,4
U UL ul ur BS D R,2,10,44,7,2,12,4
U ul UL ur BS R D,2,10,44,7,2,14,4
U UL ul ur BS R D,2,10,44,7,2,12,4
U UL ur BS D ul R,2,10,44,7,2,8,2
U UL ur BS R ul D,2,10,44,7,2,8,2
U ul ur BS UL D R,2,10,44,7,2,12,3
U UL ur BS ul D R,2,10,44,7,2,10,3
U ul ur BS UL R D,2,10,44,7,2,12,3
U UL ur BS ul R D,2,10,44,7,2,10,3
U UL ur D R BS ul,2,10,44,7,2,11,3
U UL ur R D BS ul,2,10,44,7,2,13,3
U ul ur UL BS D R,2,10,44,7,2,12,3
U UL ur ul BS D R,2,10,44,7,2,12,3
U ul ur UL BS R D,2,10,44,7,2,12,3
U UL ur ul BS R D,2,10,44,7,2,12,3
U ur BS D R UL ul,2,10,44,7,2,15,4
U ur BS R D UL ul,2,10,44,7,2,15,4
U ur BS UL D ul R,2,10,44,7,2,10,3
U ur BS UL R ul D,2,10,44,7,2,10,3
U ur BS ul UL D R,2,10,44,7,2,16,4
U ur BS UL ul D R,2,10,44,7,2,12,4
U ur BS ul UL R D,2,10,44,7,2,16,4
U ur BS UL ul R D,2,10,44,7,2,12,4
U ur D BS R UL ul,2,10,44,7,2,15,4
U ur D R BS UL ul,2,10,44,7,2,13,4
U ur D R UL BS ul,2,10,44,7,2,13,3
U ur D UL R BS ul,2,10,44,7,2,15,3
U ur R BS D UL ul,2,10,44,7,2,17,4
U ur R D BS UL ul,2,10,44,7,2,15,4
U ur R D UL BS ul,2,10,44,7,2,15,3
U ur R UL D BS ul,2,10,44,7,2,17,3
U ur UL BS D ul R,2,10,44,7,2,10,3
U ur UL BS R ul D,2,10,44,7,2,10,3
U ur ul BS UL D R,2,10,44,7,2,14,3
U ur UL BS ul D R,2,10,44,7,2,12,3
U ur ul BS UL R D,2,10,44,7,2,14,3
U ur UL BS ul R D,2,10,44,7,2,12,3
U ur UL D R BS ul,2,10,44,7,2,15,3
U ur UL R D BS ul,2,10,44,7,2,15,3
U ur ul UL BS D R,2,10,44,7,2,14,4
U ur UL ul BS D R,2,10,44,7,2,16,4
U ur ul UL BS R D,2,10,44,7,2,14,4
U ur UL ul BS R D,2,10,44,7,2,16,4
ul BS U UL R ur D,2,10,44,7,2,13,3
ul BS U UL ur D R,2,10,44,7,2,11,3
ul BS U UL ur R D,2,10,44,7,2,13,3
ul BS U ur UL D R,2,10,44,7,2,15,3
ul BS U ur UL R D,2,10,44,7,2,15,3
ul BS ur U UL D R,2,10,44,7,2,13,3
ul BS ur U UL R D,2,10,44,7,2,13,3
ul U BS UL R ur D,2,10,44,7,2,13,3
ul U BS UL ur D R,2,10,44,7,2,11,3
ul U BS UL ur R D,2,10,44,7,2,13,3
ul U BS ur UL D R,2,10,44,7,2,13,3
ul U BS ur UL R D,2,10,44,7,2,13,3
ul U UL BS R ur D,2,10,44,7,2,11,3
ul U UL BS ur D R,2,10,44,7,2,9,3
ul U UL BS ur R D,2,10,44,7,2,11,3
ul U UL ur BS D R,2,10,44,7,2,11,3
ul U UL ur BS R D,2,10,44,7,2,11,3
ul U ur BS UL D R,2,10,44,7,2,13,3
ul U ur BS UL R D,2,10,44,7,2,13,3
ul U ur UL BS D R,2,10,44,7,2,13,3
ul U ur UL BS R D,2,10,44,7,2,13,3
ul ur BS U UL D R,2,10,44,7,2,11,3
ul ur BS U UL R D,2,10,44,7,2,11,3
ul ur U BS UL D R,2,10,44,7,2,13,3
ul ur U BS UL R D,2,10,44,7,2,13,3
ul ur U UL BS D R,2,10,44,7,2,11,3
ul ur U UL BS R D,2,10,44,7,2,11,3
ur BS D R U UL ul,2,10,44,7,2,12,4
ur BS D U R UL ul,2,10,44,7,2,16,4
ur BS R D U UL ul,2,10,44,7,2,14,4
ur BS R U D UL ul,2,10,44,7,2,16,4
ur BS U D R UL ul,2,10,44,7,2,16,4
ur BS U R D UL ul,2,10,44,7,2,14,4
ur BS U UL D ul R,2,10,44,7,2,9,3
ur BS U UL R ul D,2,10,44,7,2,9,3
ur BS U ul UL D R,2,10,44,7,2,15,4
ur BS U UL ul D R,2,10,44,7,2,11,4
ur BS U ul UL R D,2,10,44,7,2,15,4
ur BS U UL ul R D,2,10,44,7,2,11,4
ur BS ul U UL D R,2,10,44,7,2,13,3
ur BS ul U UL R D,2,10,44,7,2,13,3
ur D BS R U UL ul,2,10,44,7,2,12,4
ur D BS U R UL ul,2,10,44,7,2,14,4
ur D R BS U UL ul,2,10,44,7,2,12,4
ur D R U BS UL ul,2,10,44,7,2,12,4
ur D R U UL BS ul,2,10,44,7,2,10,3
ur D U BS R UL ul,2,10,44,7,2,16,4
ur D U R BS UL ul,2,10,44,7,2,14,4
ur D U R UL BS ul,2,10,44,7,2,14,4
ur D U UL R BS ul,2,10,44,7,2,14,4
ur R BS D U UL ul,2,10,44,7,2,16,4
ur R BS U D UL ul,2,10,44,7,2,18,4
ur R D BS U UL ul,2,10,44,7,2,14,4
ur R D U BS UL ul,2,10,44,7,2,16,4
ur R D U UL BS ul,2,10,44,7,2,14,4
ur R U BS D UL ul,2,10,44,7,2,16,4
ur R U D BS UL ul,2,10,44,7,2,16,4
ur R U D UL BS ul,2,10,44,7,2,16,4
ur R U UL D BS ul,2,10,44,7,2,14,3
ur U BS D R UL ul,2,10,44,7,2,16,4
ur U BS R D UL ul,2,10,44,7,2,16,4
ur U BS UL D ul R,2,10,44,7,2,11,3
ur U BS UL R ul D,2,10,44,7,2,11,3
ur U BS ul UL D R,2,10,44,7,2,17,4
ur U BS UL ul D R,2,10,44,7,2,13,4
ur U BS ul UL R D,2,10,44,7,2,17,4
ur U BS UL ul R D,2,10,44,7,2,13,4
ur U D BS R UL ul,2,10,44,7,2,18,4
ur U D R BS UL ul,2,10,44,7,2,16,4
ur U D R UL BS ul,2,10,44,7,2,16,4
ur U D UL R BS ul,2,10,44,7,2,18,4
ur U R BS D UL ul,2,10,44,7,2,16,4
ur U R D BS UL ul,2,10,44,7,2,14,4
ur U R D UL BS ul,2,10,44,7,2,14,3
ur U R UL D BS ul,2,10,44,7,2,16,3
ur U UL BS D ul R,2,10,44,7,2,9,3
ur U UL BS R ul D,2,10,44,7,2,9,3
ur U ul BS UL D R,2,10,44,7,2,15,3
ur U UL BS ul D R,2,10,44,7,2,11,3
ur U ul BS UL R D,2,10,44,7,2,15,3
ur U UL BS ul R D,2,10,44,7,2,11,3
ur U UL D R BS ul,2,10,44,7,2,14,3
ur U UL R D BS ul,2,10,44,7,2,14,3
ur U ul UL BS D R,2,10,44,7,2,15,4
ur U UL ul BS D R,2,10,44,7,2,15,4
ur U ul UL BS R D,2,10,44,7,2,15,4
ur U UL ul BS R D,2,10,44,7,2,15,4
ur ul BS U UL D R,2,10,44,7,2,13,3
ur ul BS U UL R D,2,10,44,7,2,13,3
ur ul U BS UL D R,2,10,44,7,2,13,3
ur ul U BS UL R D,2,10,44,7,2,13,3
ur ul U UL BS D R,2,10,44,7,2,11,3
ur ul U UL BS R D,2,10,44,7,2,11,3
BS D R UL U ur ul,2,10,46,7,2,13,3
BS D R UL ur U ul,2,10,46,7,2,15,3
BS D UL R U ur ul,2,10,46,7,2,15,3
BS D UL R ur U ul,2,10,46,7,2,17,3
BS D UL ur R U ul,2,10,46,7,2,15,3
BS R D UL U ur ul,2,10,46,7,2,13,3
BS R D UL ur U ul,2,10,46,7,2,15,3
BS R UL D U ur ul,2,10,46,7,2,17,4
BS R UL D ur U ul,2,10,46,7,2,15,3
BS R UL U D ur ul,2,10,46,7,2,13,4
BS UL D R U ur ul,2,10,46,7,2,13,3
BS UL D R ur U ul,2,10,46,7,2,15,3
BS UL D ur R U ul,2,10,46,7,2,13,3
BS UL R D U ur ul,2,10,46,7,2,15,4
BS UL R D ur U ul,2,10,46,7,2,13,3
BS UL R U D ur ul,2,10,46,7,2,13,4
BS UL U R ul ur D,2,10,46,7,2,8,2
BS UL U R ur ul D,2,10,46,7,2,10,3
BS UL U ul R ur D,2,10,46,7,2,10,3
BS UL U ul ur D R,2,10,46,7,2,10,3
BS UL U ul ur R D,2,10,46,7,2,12,3
BS UL U ur D ul R,2,10,46,7,2,8,3
BS UL U ur R ul D,2,10,46,7,2,10,3
BS UL U ur ul D R,2,10,46,7,2,10,3
BS UL U ur ul R D,2,10,46,7,2,10,3
BS ul UL U R ur D,2,10,46,7,2,14,4
BS UL ul U R ur D,2,10,46,7,2,14,4
BS ul UL U ur D R,2,10,46,7,2,14,4
BS UL ul U ur D R,2,10,46,7,2,14,4
BS ul UL U ur R D,2,10,46,7,2,16,4
BS UL ul U ur R D,2,10,46,7,2,16,4
BS ul UL ur D R U,2,10,46,7,2,14,4
BS UL ul ur D R U,2,10,46,7,2,12,4
BS ul UL ur D U R,2,10,46,7,2,16,4
BS UL ul ur D U R,2,10,46,7,2,14,4
BS ul UL ur U D R,2,10,46,7,2,18,4
BS UL ul ur U D R,2,10,46,7,2,16,4
BS ul UL ur U R D,2,10,46,7,2,16,4
BS UL ul ur U R D,2,10,46,7,2,14,4
BS UL ur D U ul R,2,10,46,7,2,12,4
BS UL ur D ul R U,2,10,46,7,2,8,2
BS UL ur D ul U R,2,10,46,7,2,10,3
BS UL ur U D ul R,2,10,46,7,2,12,4
BS UL ur U R ul D,2,10,46,7,2,10,3
BS UL ur U ul D R,2,10,46,7,2,12,3
BS UL ur U ul R D,2,10,46,7,2,12,3
BS ul ur UL D R U,2,10,46,7,2,14,3
BS UL ur ul D R U,2,10,46,7,2,10,2
BS ul ur UL D U R,2,10,46,7,2,16,4
BS UL ur ul D U R,2,10,46,7,2,12,4
BS ul ur UL U D R,2,10,46,7,2,14,4
BS UL ur ul U D R,2,10,46,7,2,14,4
BS ul ur UL U R D,2,10,46,7,2,12,3
BS UL ur ul U R D,2,10,46,7,2,12,3
BS ur UL D U ul R,2,10,46,7,2,14,4
BS ur UL D ul R U,2,10,46,7,2,10,3
BS ur UL D ul U R,2,10,46,7,2,12,3
BS ur UL U D ul R,2,10,46,7,2,10,4
BS ur UL U R ul D,2,10,46,7,2,8,2
BS ur UL U ul D R,2,10,46,7,2,10,3
BS ur UL U ul R D,2,10,46,7,2,10,3
BS ur ul UL D R U,2,10,46,7,2,14,4
BS ur UL ul D R U,2,10,46,7,2,12,4
BS ur ul UL D U R,2,10,46,7,2,16,4
BS ur UL ul D U R,2,10,46,7,2,14,4
BS ur ul UL U D R,2,10,46,7,2,14,4
BS ur UL ul U D R,2,10,46,7,2,16,4
BS ur ul UL U R D,2,10,46,7,2,12,4
BS ur UL ul U R D,2,10,46,7,2,14,4
D BS R UL U ur ul,2,10,46,7,2,13,3
D BS R UL ur U ul,2,10,46,7,2,15,3
D BS UL R U ur ul,2,10,46,7,2,13,3
D BS UL R ur U ul,2,10,46,7,2,15,3
D BS UL ur R U ul,2,10,46,7,2,13,3
D R BS UL U ur ul,2,10,46,7,2,11,3
D R BS UL ur U ul,2,10,46,7,2,13,3
D R U ul UL ur BS,2,10,46,7,2,14,4
D R U UL ul ur BS,2,10,46,7,2,12,4
D R U ul ur UL BS,2,10,46,7,2,12,3
D R U UL ur ul BS,2,10,46,7,2,12,3
D R U ur ul UL BS,2,10,46,7,2,14,4
D R U ur UL ul BS,2,10,46,7,2,16,4
D R UL BS U ur ul,2,10,46,7,2,13,3
D R UL BS ur U ul,2,10,46,7,2,13,3
D R UL U BS ur ul,2,10,46,7,2,11,3
D R ul U UL ur BS,2,10,46,7,2,10,3
D R UL U ur BS ul,2,10,46,7,2,13,3
D R ul U ur UL BS,2,10,46,7,2,12,3
D R UL ur BS U ul,2,10,46,7,2,13,3
D R UL ur U BS ul,2,10,46,7,2,15,3
D R ul ur U UL BS,2,10,46,7,2,10,3
D R ur U ul UL BS,2,10,46,7,2,16,4
D R ur U UL ul BS,2,10,46,7,2,16,4
D R ur UL BS U ul,2,10,46,7,2,13,3
D R ur UL U BS ul,2,10,46,7,2,13,3
D R ur ul U UL BS,2,10,46,7,2,12,3
D U R ul UL ur BS,2,10,46,7,2,14,4
D U R UL ul ur BS,2,10,46,7,2,16,4
D U R ul ur UL BS,2,10,46,7,2,12,4
D U R UL ur ul BS,2,10,46,7,2,16,4
D U R ur ul UL BS,2,10,46,7,2,16,4
D U R ur UL ul BS,2,10,46,7,2,18,4
D U UL R ul ur BS,2,10,46,7,2,12,4
D U UL R ur ul BS,2,10,46,7,2,16,4
D U UL ur R ul BS,2,10,46,7,2,14,4
D U ur R ul UL BS,2,10,46,7,2,16,4
D U ur R UL ul BS,2,10,46,7,2,20,4
D U ur UL R ul BS,2,10,46,7,2,16,4
D UL BS R U ur ul,2,10,46,7,2,13,3
D UL BS R ur U ul,2,10,46,7,2,15,3
D UL BS ur R U ul,2,10,46,7,2,13,3
D UL R BS U ur ul,2,10,46,7,2,15,3
D UL R BS ur U ul,2,10,46,7,2,15,3
D UL R U BS ur ul,2,10,46,7,2,13,3
D UL R U ur BS ul,2,10,46,7,2,15,3
D UL R ur BS U ul,2,10,46,7,2,15,3
D UL R ur U BS ul,2,10,46,7,2,17,3
D UL U R BS ur ul,2,10,46,7,2,11,3
D UL U R ur BS ul,2,10,46,7,2,13,3
D UL U ur R BS ul,2,10,46,7,2,15,3
D UL ur BS R U ul,2,10,46,7,2,13,3
D UL ur R BS U ul,2,10,46,7,2,15,3
D UL ur R U BS ul,2,10,46,7,2,15,3
D UL ur U R BS ul,2,10,46,7,2,15,3
D ur R U ul UL BS,2,10,46,7,2,14,4
D ur R U UL ul BS,2,10,46,7,2,14,4
D ur R UL BS U ul,2,10,46,7,2,13,3
D ur R UL U BS ul,2,10,46,7,2,13,3
D ur R ul U UL BS,2,10,46,7,2,10,3
D ur U R ul UL BS,2,10,46,7,2,12,4
D ur U R UL ul BS,2,10,46,7,2,16,4
D ur U UL R ul BS,2,10,46,7,2,12,3
D ur UL BS R U ul,2,10,46,7,2,11,3
D ur UL R BS U ul,2,10,46,7,2,13,3
D ur UL R U BS ul,2,10,46,7,2,13,3
D ur UL U R BS ul,2,10,46,7,2,11,3
R BS D UL U ur ul,2,10,46,7,2,13,3
R BS D UL ur U ul,2,10,46,7,2,15,3
R BS UL D U ur ul,2,10,46,7,2,15,4
R BS UL D ur U ul,2,10,46,7,2,13,3
R BS UL U D ur ul,2,10,46,7,2,11,4
R D BS UL U ur ul,2,10,46,7,2,11,3
R D BS UL ur U ul,2,10,46,7,2,13,3
R D U ul UL ur BS,2,10,46,7,2,16,4
R D U UL ul ur BS,2,10,46,7,2,14,4
R D U ul ur UL BS,2,10,46,7,2,14,4
R D U UL ur ul BS,2,10,46,7,2,14,4
R D U ur ul UL BS,2,10,46,7,2,16,4
R D U ur UL ul BS,2,10,46,7,2,18,4
R D UL BS U ur ul,2,10,46,7,2,13,3
R D UL BS ur U ul,2,10,46,7,2,13,3
R D UL U BS ur ul,2,10,46,7,2,11,3
R D ul U UL ur BS,2,10,46,7,2,10,3
R D UL U ur BS ul,2,10,46,7,2,13,3
R D ul U ur UL BS,2,10,46,7,2,12,3
R D UL ur BS U ul,2,10,46,7,2,13,3
R D UL ur U BS ul,2,10,46,7,2,15,3
R D ul ur U UL BS,2,10,46,7,2,10,3
R D ur U ul UL BS,2,10,46,7,2,14,4
R D ur U UL ul BS,2,10,46,7,2,14,4
R D ur UL BS U ul,2,10,46,7,2,11,3
R D ur UL U BS ul,2,10,46,7,2,11,3
R D ur ul U UL BS,2,10,46,7,2,10,3
R U D ul UL ur BS,2,10,46,7,2,14,4
R U D UL ul ur BS,2,10,46,7,2,16,4
R U D ul ur UL BS,2,10,46,7,2,12,4
R U D UL ur ul BS,2,10,46,7,2,16,4
R U D ur ul UL BS,2,10,46,7,2,14,4
R U D ur UL ul BS,2,10,46,7,2,16,4
R U UL D ul ur BS,2,10,46,7,2,10,3
R U UL D ur ul BS,2,10,46,7,2,12,3
R U UL ur D ul BS,2,10,46,7,2,10,3
R U ur D ul UL BS,2,10,46,7,2,12,4
R U ur D UL ul BS,2,10,46,7,2,16,4
R U ur UL D ul BS,2,10,46,7,2,14,3
R UL BS D U ur ul,2,10,46,7,2,15,4
R UL BS D ur U ul,2,10,46,7,2,13,3
R UL BS U D ur ul,2,10,46,7,2,13,4
R UL D BS U ur ul,2,10,46,7,2,15,3
R UL D BS ur U ul,2,10,46,7,2,15,3
R UL D U BS ur ul,2,10,46,7,2,15,4
R UL D U ur BS ul,2,10,46,7,2,17,4
R UL D ur BS U ul,2,10,46,7,2,13,3
R UL D ur U BS ul,2,10,46,7,2,15,3
R UL U BS D ur ul,2,10,46,7,2,11,3
R UL U D BS ur ul,2,10,46,7,2,13,4
R UL U D ur BS ul,2,10,46,7,2,13,4
R UL U ur D BS ul,2,10,46,7,2,13,3
R UL ur D BS U ul,2,10,46,7,2,13,3
R UL ur D U BS ul,2,10,46,7,2,15,4
R UL ur U D BS ul,2,10,46,7,2,17,4
R ur D U ul UL BS,2,10,46,7,2,16,4
R ur D U UL ul BS,2,10,46,7,2,16,4
R ur D UL BS U ul,2,10,46,7,2,13,3
R ur D UL U BS ul,2,10,46,7,2,13,3
R ur D ul U UL BS,2,10,46,7,2,10,3
R ur U D ul UL BS,2,10,46,7,2,16,4
R ur U D UL ul BS,2,10,46,7,2,20,4
R ur U UL D ul BS,2,10,46,7,2,14,3
R ur UL D BS U ul,2,10,46,7,2,15,3
R ur UL D U BS ul,2,10,46,7,2,17,4
R ur UL U D BS ul,2,10,46,7,2,15,4
U D R ul UL ur BS,2,10,46,7,2,14,4
U D R UL ul ur BS,2,10,46,7,2,16,4
U D R ul ur UL BS,2,10,46,7,2,12,4
U D R UL ur ul BS,2,10,46,7,2,16,4
U D R ur ul UL BS,2,10,46,7,2,16,4
U D R ur UL ul BS,2,10,46,7,2,18,4
U D UL R ul ur BS,2,10,46,7,2,14,4
U D UL R ur ul BS,2,10,46,7,2,18,4
U D UL ur R ul BS,2,10,46,7,2,16,4
U D ur R ul UL BS,2,10,46,7,2,14,4
U D ur R UL ul BS,2,10,46,7,2,18,4
U D ur UL R ul BS,2,10,46,7,2,14,4
U R D ul UL ur BS,2,10,46,7,2,12,4
U R D UL ul ur BS,2,10,46,7,2,14,4
U R D ul ur UL BS,2,10,46,7,2,10,2
U R D UL ur ul BS,2,10,46,7,2,14,3
U R D ur ul UL BS,2,10,46,7,2,12,4
U R D ur UL ul BS,2,10,46,7,2,14,4
U R UL D ul ur BS,2,10,46,7,2,12,3
U R UL D ur ul BS,2,10,46,7,2,14,3
U R UL ur D ul BS,2,10,46,7,2,12,3
U R ur D ul UL BS,2,10,46,7,2,12,4
U R ur D UL ul BS,2,10,46,7,2,16,4
U R ur UL D ul BS,2,10,46,7,2,14,3
U UL D R ul ur BS,2,10,46,7,2,10,3
U UL D R ur ul BS,2,10,46,7,2,14,3
U UL D ur R ul BS,2,10,46,7,2,12,3
U UL R D ul ur BS,2,10,46,7,2,10,3
U UL R D ur ul BS,2,10,46,7,2,12,3
U UL R ur D ul BS,2,10,46,7,2,12,3
U UL ur D R ul BS,2,10,46,7,2,10,3
U UL ur R D ul BS,2,10,46,7,2,12,3
U ur D R ul UL BS,2,10,46,7,2,12,4
U ur D R UL ul BS,2,10,46,7,2,16,4
U ur D UL R ul BS,2,10,46,7,2,14,3
U ur R D ul UL BS,2,10,46,7,2,14,4
U ur R D UL ul BS,2,10,46,7,2,18,4
U ur R UL D ul BS,2,10,46,7,2,16,3
U ur UL D R ul BS,2,10,46,7,2,14,3
U ur UL R D ul BS,2,10,46,7,2,14,3
UL BS D R U ur ul,2,10,46,7,2,12,3
UL BS D R ur U ul,2,10,46,7,2,14,3
UL BS D ur R U ul,2,10,46,7,2,12,3
UL BS R D U ur ul,2,10,46,7,2,14,4
UL BS R D ur U ul,2,10,46,7,2,12,3
UL BS R U D ur ul,2,10,46,7,2,12,4
UL BS U R ul ur D,2,10,46,7,2,9,2
UL BS U R ur ul D,2,10,46,7,2,11,3
UL BS U ul R ur D,2,10,46,7,2,11,3
UL BS U ul ur D R,2,10,46,7,2,11,3
UL BS U ul ur R D,2,10,46,7,2,13,3
UL BS U ur D ul R,2,10,46,7,2,9,3
UL BS U ur R ul D,2,10,46,7,2,11,3
UL BS U ur ul D R,2,10,46,7,2,11,3
UL BS U ur ul R D,2,10,46,7,2,11,3
ul BS UL U R ur D,2,10,46,7,2,11,3
UL BS ul U R ur D,2,10,46,7,2,13,3
ul BS UL U ur D R,2,10,46,7,2,11,3
UL BS ul U ur D R,2,10,46,7,2,13,3
ul BS UL U ur R D,2,10,46,7,2,13,3
UL BS ul U ur R D,2,10,46,7,2,15,3
ul BS UL ur D R U,2,10,46,7,2,11,3
UL BS ul ur D R U,2,10,46,7,2,11,3
ul BS UL ur D U R,2,10,46,7,2,13,4
UL BS ul ur D U R,2,10,46,7,2,13,4
ul BS UL ur U D R,2,10,46,7,2,15,4
UL BS ul ur U D R,2,10,46,7,2,15,4
ul BS UL ur U R D,2,10,46,7,2,13,3
UL BS ul ur U R D,2,10,46,7,2,13,3
UL BS ur D U ul R,2,10,46,7,2,11,4
UL BS ur D ul R U,2,10,46,7,2,7,2
UL BS ur D ul U R,2,10,46,7,2,9,3
UL BS ur U D ul R,2,10,46,7,2,11,4
UL BS ur U R ul D,2,10,46,7,2,9,3
UL BS ur U ul D R,2,10,46,7,2,11,3
UL BS ur U ul R D,2,10,46,7,2,11,3
ul BS ur UL D R U,2,10,46,7,2,13,3
UL BS ur ul D R U,2,10,46,7,2,9,2
ul BS ur UL D U R,2,10,46,7,2,15,4
UL BS ur ul D U R,2,10,46,7,2,11,4
ul BS ur UL U D R,2,10,46,7,2,13,4
UL BS ur ul U D R,2,10,46,7,2,13,4
ul BS ur UL U R D,2,10,46,7,2,11,3
UL BS ur ul U R D,2,10,46,7,2,11,3
UL D BS R U ur ul,2,10,46,7,2,14,3
UL D BS R ur U ul,2,10,46,7,2,16,3
UL D BS ur R U ul,2,10,46,7,2,14,3
UL D R BS U ur ul,2,10,46,7,2,14,3
UL D R BS ur U ul,2,10,46,7,2,14,3
UL D R U BS ur ul,2,10,46,7,2,12,3
UL D R U ur BS ul,2,10,46,7,2,14,3
UL D R ur BS U ul,2,10,46,7,2,14,3
UL D R ur U BS ul,2,10,46,7,2,16,3
UL D U R BS ur ul,2,10,46,7,2,14,4
UL D U R ur BS ul,2,10,46,7,2,16,4
UL D U ur R BS ul,2,10,46,7,2,18,4
UL D ur BS R U ul,2,10,46,7,2,12,3
UL D ur R BS U ul,2,10,46,7,2,14,3
UL D ur R U BS ul,2,10,46,7,2,14,3
UL D ur U R BS ul,2,10,46,7,2,14,3
UL R BS D U ur ul,2,10,46,7,2,16,4
UL R BS D ur U ul,2,10,46,7,2,14,3
UL R BS U D ur ul,2,10,46,7,2,14,4
UL R D BS U ur ul,2,10,46,7,2,14,3
UL R D BS ur U ul,2,10,46,7,2,14,3
UL R D U BS ur ul,2,10,46,7,2,14,4
UL R D U ur BS ul,2,10,46,7,2,16,4
UL R D ur BS U ul,2,10,46,7,2,12,3
UL R D ur U BS ul,2,10,46,7,2,14,3
UL R U BS D ur ul,2,10,46,7,2,12,3
UL R U D BS ur ul,2,10,46,7,2,14,4
UL R U D ur BS ul,2,10,46,7,2,14,4
UL R U ur D BS ul,2,10,46,7,2,14,3
UL R ur D BS U ul,2,10,46,7,2,14,3
UL R ur D U BS ul,2,10,46,7,2,16,4
UL R ur U D BS ul,2,10,46,7,2,18,4
UL U BS R ul ur D,2,10,46,7,2,9,2
UL U BS R ur ul D,2,10,46,7,2,11,3
UL U BS ul R ur D,2,10,46,7,2,11,3
UL U BS ul ur D R,2,10,46,7,2,11,3
UL U BS ul ur R D,2,10,46,7,2,13,3
UL U BS ur D ul R,2,10,46,7,2,7,2
UL U BS ur R ul D,2,10,46,7,2,9,3
UL U BS ur ul D R,2,10,46,7,2,9,2
UL U BS ur ul R D,2,10,46,7,2,9,2
UL U D R BS ur ul,2,10,46,7,2,12,4
UL U D R ur BS ul,2,10,46,7,2,14,4
UL U D ur R BS ul,2,10,46,7,2,14,4
UL U R BS D ur ul,2,10,46,7,2,10,2
UL U R D BS ur ul,2,10,46,7,2,10,2
UL U R D ur BS ul,2,10,46,7,2,10,3
UL U R ur D BS ul,2,10,46,7,2,12,3
UL U ul BS R ur D,2,10,46,7,2,13,3
UL U ul BS ur D R,2,10,46,7,2,11,3
UL U ul BS ur R D,2,10,46,7,2,13,3
UL U ul ur BS D R,2,10,46,7,2,11,3
UL U ul ur BS R D,2,10,46,7,2,11,3
UL U ur BS D ul R,2,10,46,7,2,9,3
UL U ur BS R ul D,2,10,46,7,2,9,3
UL U ur BS ul D R,2,10,46,7,2,11,3
UL U ur BS ul R D,2,10,46,7,2,11,3
UL U ur D R BS ul,2,10,46,7,2,12,3
UL U ur R D BS ul,2,10,46,7,2,14,3
UL U ur ul BS D R,2,10,46,7,2,13,3
UL U ur ul BS R D,2,10,46,7,2,13,3
ul UL BS U R ur D,2,10,46,7,2,13,4
UL ul BS U R ur D,2,10,46,7,2,15,4
ul UL BS U ur D R,2,10,46,7,2,13,4
UL ul BS U ur D R,2,10,46,7,2,15,4
ul UL BS U ur R D,2,10,46,7,2,15,4
UL ul BS U ur R D,2,10,46,7,2,17,4
ul UL BS ur D R U,2,10,46,7,2,11,4
UL ul BS ur D R U,2,10,46,7,2,13,4
ul UL BS ur D U R,2,10,46,7,2,13,4
UL ul BS ur D U R,2,10,46,7,2,15,4
ul UL BS ur U D R,2,10,46,7,2,15,4
UL ul BS ur U D R,2,10,46,7,2,17,4
ul UL BS ur U R D,2,10,46,7,2,13,4
UL ul BS ur U R D,2,10,46,7,2,15,4
ul UL U BS R ur D,2,10,46,7,2,13,4
UL ul U BS R ur D,2,10,46,7,2,15,4
ul UL U BS ur D R,2,10,46,7,2,11,4
UL ul U BS ur D R,2,10,46,7,2,13,4
ul UL U BS ur R D,2,10,46,7,2,13,4
UL ul U BS ur R D,2,10,46,7,2,15,4
ul UL U ur BS D R,2,10,46,7,2,13,4
UL ul U ur BS D R,2,10,46,7,2,15,4
ul UL U ur BS R D,2,10,46,7,2,13,4
UL ul U ur BS R D,2,10,46,7,2,15,4
ul UL ur BS D R U,2,10,46,7,2,13,4
UL ul ur BS D R U,2,10,46,7,2,13,4
ul UL ur BS D U R,2,10,46,7,2,15,4
UL ul ur BS D U R,2,10,46,7,2,15,4
ul UL ur BS U D R,2,10,46,7,2,15,4
UL ul ur BS U D R,2,10,46,7,2,15,4
ul UL ur BS U R D,2,10,46,7,2,13,4
UL ul ur BS U R D,2,10,46,7,2,13,4
ul UL ur U BS D R,2,10,46,7,2,15,4
UL ul ur U BS D R,2,10,46,7,2,15,4
ul UL ur U BS R D,2,10,46,7,2,15,4
UL ul ur U BS R D,2,10,46,7,2,15,4
UL ur BS D U ul R,2,10,46,7,2,13,4
UL ur BS D ul R U,2,10,46,7,2,9,2
UL ur BS D ul U R,2,10,46,7,2,11,3
UL ur BS U D ul R,2,10,46,7,2,11,4
UL ur BS U R ul D,2,10,46,7,2,9,2
UL ur BS U ul D R,2,10,46,7,2,11,3
UL ur BS U ul R D,2,10,46,7,2,11,3
ul ur BS UL D R U,2,10,46,7,2,11,3
UL ur BS ul D R U,2,10,46,7,2,11,3
ul ur BS UL D U R,2,10,46,7,2,13,4
UL ur BS ul D U R,2,10,46,7,2,13,4
ul ur BS UL U D R,2,10,46,7,2,11,4
UL ur BS ul U D R,2,10,46,7,2,15,4
ul ur BS UL U R D,2,10,46,7,2,9,2
UL ur BS ul U R D,2,10,46,7,2,13,3
UL ur D BS R U ul,2,10,46,7,2,12,3
UL ur D R BS U ul,2,10,46,7,2,12,3
UL ur D R U BS ul,2,10,46,7,2,12,3
UL ur D U R BS ul,2,10,46,7,2,14,4
UL ur R D BS U ul,2,10,46,7,2,14,3
UL ur R D U BS ul,2,10,46,7,2,16,4
UL ur R U D BS ul,2,10,46,7,2,16,4
UL ur U BS D ul R,2,10,46,7,2,11,3
UL ur U BS R ul D,2,10,46,7,2,11,3
UL ur U BS ul D R,2,10,46,7,2,13,3
UL ur U BS ul R D,2,10,46,7,2,13,3
UL ur U D R BS ul,2,10,46,7,2,16,4
UL ur U R D BS ul,2,10,46,7,2,14,3
UL ur U ul BS D R,2,10,46,7,2,15,3
UL ur U ul BS R D,2,10,46,7,2,15,3
ul ur UL BS D R U,2,10,46,7,2,11,2
UL ur ul BS D R U,2,10,46,7,2,13,3
ul ur UL BS D U R,2,10,46,7,2,13,4
UL ur ul BS D U R,2,10,46,7,2,15,4
ul ur UL BS U D R,2,10,46,7,2,13,4
UL ur ul BS U D R,2,10,46,7,2,15,4
ul ur UL BS U R D,2,10,46,7,2,11,2
UL ur ul BS U R D,2,10,46,7,2,13,3
ul ur UL U BS D R,2,10,46,7,2,11,2
UL ur ul U BS D R,2,10,46,7,2,13,3
ul ur UL U BS R D,2,10,46,7,2,11,2
UL ur ul U BS R D,2,10,46,7,2,13,3
ur BS UL D U ul R,2,10,46,7,2,13,4
ur BS UL D ul R U,2,10,46,7,2,9,3
ur BS UL D ul U R,2,10,46,7,2,11,3
ur BS UL U D ul R,2,10,46,7,2,9,4
ur BS UL U R ul D,2,10,46,7,2,7,2
ur BS UL U ul D R,2,10,46,7,2,9,3
ur BS UL U ul R D,2,10,46,7,2,9,3
ur BS ul UL D R U,2,10,46,7,2,15,4
ur BS UL ul D R U,2,10,46,7,2,11,4
ur BS ul UL D U R,2,10,46,7,2,17,4
ur BS UL ul D U R,2,10,46,7,2,13,4
ur BS ul UL U D R,2,10,46,7,2,15,4
ur BS UL ul U D R,2,10,46,7,2,15,4
ur BS ul UL U R D,2,10,46,7,2,13,4
ur BS UL ul U R D,2,10,46,7,2,13,4
ur D R U ul UL BS,2,10,46,7,2,13,4
ur D R U UL ul BS,2,10,46,7,2,13,4
ur D R UL BS U ul,2,10,46,7,2,12,3
ur D R UL U BS ul,2,10,46,7,2,12,3
ur D R ul U UL BS,2,10,46,7,2,9,3
ur D U R ul UL BS,2,10,46,7,2,13,4
ur D U R UL ul BS,2,10,46,7,2,17,4
ur D U UL R ul BS,2,10,46,7,2,13,4
ur D UL BS R U ul,2,10,46,7,2,12,3
ur D UL R BS U ul,2,10,46,7,2,14,3
ur D UL R U BS ul,2,10,46,7,2,14,3
ur D UL U R BS ul,2,10,46,7,2,12,3
ur R D U ul UL BS,2,10,46,7,2,17,4
ur R D U UL ul BS,2,10,46,7,2,17,4
ur R D UL BS U ul,2,10,46,7,2,14,3
ur R D UL U BS ul,2,10,46,7,2,14,3
ur R D ul U UL BS,2,10,46,7,2,11,3
ur R U D ul UL BS,2,10,46,7,2,15,4
ur R U D UL ul BS,2,10,46,7,2,19,4
ur R U UL D ul BS,2,10,46,7,2,13,3
ur R UL D BS U ul,2,10,46,7,2,16,3
ur R UL D U BS ul,2,10,46,7,2,18,4
ur R UL U D BS ul,2,10,46,7,2,16,4
ur U D R ul UL BS,2,10,46,7,2,15,4
ur U D R UL ul BS,2,10,46,7,2,19,4
ur U D UL R ul BS,2,10,46,7,2,17,4
ur U R D ul UL BS,2,10,46,7,2,13,4
ur U R D UL ul BS,2,10,46,7,2,17,4
ur U R UL D ul BS,2,10,46,7,2,15,3
ur U UL D R ul BS,2,10,46,7,2,13,3
ur U UL R D ul BS,2,10,46,7,2,13,3
ur UL BS D U ul R,2,10,46,7,2,13,4
ur UL BS D ul R U,2,10,46,7,2,9,2
ur UL BS D ul U R,2,10,46,7,2,11,3
ur UL BS U D ul R,2,10,46,7,2,11,4
ur UL BS U R ul D,2,10,46,7,2,9,2
ur UL BS U ul D R,2,10,46,7,2,11,3
ur UL BS U ul R D,2,10,46,7,2,11,3
ur ul BS UL D R U,2,10,46,7,2,13,3
ur UL BS ul D R U,2,10,46,7,2,11,3
ur ul BS UL D U R,2,10,46,7,2,15,4
ur UL BS ul D U R,2,10,46,7,2,13,4
ur ul BS UL U D R,2,10,46,7,2,13,4
ur UL BS ul U D R,2,10,46,7,2,15,4
ur ul BS UL U R D,2,10,46,7,2,11,3
ur UL BS ul U R D,2,10,46,7,2,13,3
ur UL D BS R U ul,2,10,46,7,2,14,3
ur UL D R BS U ul,2,10,46,7,2,14,3
ur UL D R U BS ul,2,10,46,7,2,14,3
ur UL D U R BS ul,2,10,46,7,2,16,4
ur UL R D BS U ul,2,10,46,7,2,14,3
ur UL R D U BS ul,2,10,46,7,2,16,4
ur UL R U D BS ul,2,10,46,7,2,16,4
ur UL U BS D ul R,2,10,46,7,2,9,2
ur UL U BS R ul D,2,10,46,7,2,9,2
ur UL U BS ul D R,2,10,46,7,2,11,3
ur UL U BS ul R D,2,10,46,7,2,11,3
ur UL U D R BS ul,2,10,46,7,2,14,4
ur UL U R D BS ul,2,10,46,7,2,12,3
ur UL U ul BS D R,2,10,46,7,2,13,3
ur UL U ul BS R D,2,10,46,7,2,13,3
ur ul UL BS D R U,2,10,46,7,2,13,4
ur UL ul BS D R U,2,10,46,7,2,15,4
ur ul UL BS D U R,2,10,46,7,2,15,4
ur UL ul BS D U R,2,10,46,7,2,17,4
ur ul UL BS U D R,2,10,46,7,2,15,4
ur UL ul BS U D R,2,10,46,7,2,17,4
ur ul UL BS U R D,2,10,46,7,2,13,4
ur UL ul BS U R D,2,10,46,7,2,15,4
ur ul UL U BS D R,2,10,46,7,2,13,4
ur UL ul U BS D R,2,10,46,7,2,15,4
ur ul UL U BS R D,2,10,46,7,2,13,4
ur UL ul U BS R D,2,10,46,7,2,15,4
BS D R U ul UL ur,2,10,48,7,2,15,4
BS D R U UL ul ur,2,10,48,7,2,13,4
BS D R ul U UL ur,2,10,48,7,2,11,3
BS D U R ul UL ur,2,10,48,7,2,15,4
BS D U R UL ul ur,2,10,48,7,2,17,4
BS D ul R ur UL U,2,10,48,7,2,10,3
BS D ul ur R UL U,2,10,48,7,2,12,3
BS D ul ur UL R U,2,10,48,7,2,12,3
BS D ul ur UL U R,2,10,48,7,2,10,2
BS D ur ul R UL U,2,10,48,7,2,10,3
BS D ur UL U ul R,2,10,48,7,2,10,3
BS D ur ul UL R U,2,10,48,7,2,14,4
BS D ur UL ul R U,2,10,48,7,2,12,4
BS D ur ul UL U R,2,10,48,7,2,12,4
BS D ur UL ul U R,2,10,48,7,2,14,4
BS R D U ul UL ur,2,10,48,7,2,17,4
BS R D U UL ul ur,2,10,48,7,2,15,4
BS R D ul U UL ur,2,10,48,7,2,11,3
BS R U D ul UL ur,2,10,48,7,2,15,4
BS R U D UL ul ur,2,10,48,7,2,17,4
BS R U UL D ul ur,2,10,48,7,2,11,3
BS U D R ul UL ur,2,10,48,7,2,15,4
BS U D R UL ul ur,2,10,48,7,2,17,4
BS U R D ul UL ur,2,10,48,7,2,13,4
BS U R D UL ul ur,2,10,48,7,2,15,4
BS U R UL D ul ur,2,10,48,7,2,13,3
BS ul D R ur UL U,2,10,48,7,2,12,3
BS ul D ur R UL U,2,10,48,7,2,12,3
BS ul D ur UL R U,2,10,48,7,2,12,3
BS ul D ur UL U R,2,10,48,7,2,10,3
BS ul ur D R UL U,2,10,48,7,2,12,3
BS ul ur D UL R U,2,10,48,7,2,14,3
BS ul ur D UL U R,2,10,48,7,2,12,3
BS ur D ul R UL U,2,10,48,7,2,8,3
BS ur D UL U ul R,2,10,48,7,2,10,3
BS ur D ul UL R U,2,10,48,7,2,12,4
BS ur D UL ul R U,2,10,48,7,2,12,4
BS ur D ul UL U R,2,10,48,7,2,10,4
BS ur D UL ul U R,2,10,48,7,2,14,4
BS ur ul D R UL U,2,10,48,7,2,10,3
BS ur ul D UL R U,2,10,48,7,2,12,3
BS ur ul D UL U R,2,10,48,7,2,10,3
D BS R U ul UL ur,2,10,48,7,2,15,4
D BS R U UL ul ur,2,10,48,7,2,13,4
D BS R ul U UL ur,2,10,48,7,2,11,3
D BS U R ul UL ur,2,10,48,7,2,13,4
D BS U R UL ul ur,2,10,48,7,2,15,4
D BS ul R ur UL U,2,10,48,7,2,12,3
D BS ul ur R UL U,2,10,48,7,2,14,3
D BS ul ur UL R U,2,10,48,7,2,14,3
D BS ul ur UL U R,2,10,48,7,2,12,3
D BS ur ul R UL U,2,10,48,7,2,10,3
D BS ur UL U ul R,2,10,48,7,2,10,3
D BS ur ul UL R U,2,10,48,7,2,14,4
D BS ur UL ul R U,2,10,48,7,2,12,4
D BS ur ul UL U R,2,10,48,7,2,12,4
D BS ur UL ul U R,2,10,48,7,2,14,4
D R BS U ul UL ur,2,10,48,7,2,15,4
D R BS U UL ul ur,2,10,48,7,2,13,4
D R BS ul U UL ur,2,10,48,7,2,13,3
D R U BS ul UL ur,2,10,48,7,2,15,4
D R U BS UL ul ur,2,10,48,7,2,13,4
D R U ul BS UL ur,2,10,48,7,2,13,3
D R U UL BS ul ur,2,10,48,7,2,11,3
D R U ul UL BS ur,2,10,48,7,2,13,4
D R U UL ul BS ur,2,10,48,7,2,13,4
D R ul BS U UL ur,2,10,48,7,2,11,3
D R ul U BS UL ur,2,10,48,7,2,11,3
D R ul U UL BS ur,2,10,48,7,2,9,3
D R UL U ul ur BS,2,10,48,7,2,12,3
D R UL U ur ul BS,2,10,48,7,2,14,3
D R ul UL U ur BS,2,10,48,7,2,12,4
D R UL ul U ur BS,2,10,48,7,2,16,4
D R ul UL ur U BS,2,10,48,7,2,14,4
D R UL ul ur U BS,2,10,48,7,2,16,4
D R UL ur U ul BS,2,10,48,7,2,16,3
D R ul ur UL U BS,2,10,48,7,2,10,2
D R UL ur ul U BS,2,10,48,7,2,14,3
D R ur UL U ul BS,2,10,48,7,2,14,3
D R ur ul UL U BS,2,10,48,7,2,14,4
D R ur UL ul U BS,2,10,48,7,2,16,4
D U BS R ul UL ur,2,10,48,7,2,15,4
D U BS R UL ul ur,2,10,48,7,2,17,4
D U R BS ul UL ur,2,10,48,7,2,17,4
D U R BS UL ul ur,2,10,48,7,2,15,4
D U R ul BS UL ur,2,10,48,7,2,13,4
D U R UL BS ul ur,2,10,48,7,2,15,4
D U R ul UL BS ur,2,10,48,7,2,13,4
D U R UL ul BS ur,2,10,48,7,2,17,4
D U UL R BS ul ur,2,10,48,7,2,15,4
D U UL R ul BS ur,2,10,48,7,2,13,4
D ul BS R ur UL U,2,10,48,7,2,12,3
D ul BS ur R UL U,2,10,48,7,2,12,3
D ul BS ur UL R U,2,10,48,7,2,12,3
D ul BS ur UL U R,2,10,48,7,2,10,3
D ul R BS ur UL U,2,10,48,7,2,8,2
D UL R U ul ur BS,2,10,48,7,2,14,3
D UL R U ur ul BS,2,10,48,7,2,16,3
D UL R ul U ur BS,2,10,48,7,2,14,3
D UL R ul ur U BS,2,10,48,7,2,14,3
D ul R ur BS UL U,2,10,48,7,2,8,3
D UL R ur U ul BS,2,10,48,7,2,18,3
D UL R ur ul U BS,2,10,48,7,2,16,3
D UL U R ul ur BS,2,10,48,7,2,10,3
D UL U R ur ul BS,2,10,48,7,2,14,3
D UL U ur R ul BS,2,10,48,7,2,14,3
D ul ur BS R UL U,2,10,48,7,2,10,3
D ul ur BS UL R U,2,10,48,7,2,10,3
D ul ur BS UL U R,2,10,48,7,2,8,2
D ul ur R BS UL U,2,10,48,7,2,10,3
D UL ur R U ul BS,2,10,48,7,2,16,3
D UL ur R ul U BS,2,10,48,7,2,14,3
D UL ur U R ul BS,2,10,48,7,2,14,3
D ur BS ul R UL U,2,10,48,7,2,10,3
D ur BS UL U ul R,2,10,48,7,2,8,3
D ur BS ul UL R U,2,10,48,7,2,14,4
D ur BS UL ul R U,2,10,48,7,2,10,4
D ur BS ul UL U R,2,10,48,7,2,12,4
D ur BS UL ul U R,2,10,48,7,2,12,4
D ur R UL U ul BS,2,10,48,7,2,14,3
D ur R ul UL U BS,2,10,48,7,2,12,4
D ur R UL ul U BS,2,10,48,7,2,16,4
D ur ul BS R UL U,2,10,48,7,2,12,3
D ur ul BS UL R U,2,10,48,7,2,12,3
D ur ul BS UL U R,2,10,48,7,2,10,3
D ur ul R BS UL U,2,10,48,7,2,8,2
D ur UL R U ul BS,2,10,48,7,2,14,3
D ur UL R ul U BS,2,10,48,7,2,12,3
D ur UL U R ul BS,2,10,48,7,2,10,3
R BS D U ul UL ur,2,10,48,7,2,17,4
R BS D U UL ul ur,2,10,48,7,2,15,4
R BS D ul U UL ur,2,10,48,7,2,11,3
R BS U D ul UL ur,2,10,48,7,2,15,4
R BS U D UL ul ur,2,10,48,7,2,17,4
R BS U UL D ul ur,2,10,48,7,2,11,3
R D BS U ul UL ur,2,10,48,7,2,15,4
R D BS U UL ul ur,2,10,48,7,2,13,4
R D BS ul U UL ur,2,10,48,7,2,13,3
R D U BS ul UL ur,2,10,48,7,2,17,4
R D U BS UL ul ur,2,10,48,7,2,15,4
R D U ul BS UL ur,2,10,48,7,2,15,4
R D U UL BS ul ur,2,10,48,7,2,13,4
R D U ul UL BS ur,2,10,48,7,2,15,4
R D U UL ul BS ur,2,10,48,7,2,15,4
R D ul BS U UL ur,2,10,48,7,2,11,3
R D ul U BS UL ur,2,10,48,7,2,11,3
R D ul U UL BS ur,2,10,48,7,2,9,3
R D UL U ul ur BS,2,10,48,7,2,12,3
R D UL U ur ul BS,2,10,48,7,2,14,3
R D ul UL U ur BS,2,10,48,7,2,12,4
R D UL ul U ur BS,2,10,48,7,2,16,4
R D ul UL ur U BS,2,10,48,7,2,14,4
R D UL ul ur U BS,2,10,48,7,2,16,4
R D UL ur U ul BS,2,10,48,7,2,16,3
R D ul ur UL U BS,2,10,48,7,2,10,2
R D UL ur ul U BS,2,10,48,7,2,14,3
R D ur UL U ul BS,2,10,48,7,2,12,3
R D ur ul UL U BS,2,10,48,7,2,12,4
R D ur UL ul U BS,2,10,48,7,2,14,4
R U BS D ul UL ur,2,10,48,7,2,13,4
R U BS D UL ul ur,2,10,48,7,2,15,4
R U BS UL D ul ur,2,10,48,7,2,11,3
R U D BS ul UL ur,2,10,48,7,2,17,4
R U D BS UL ul ur,2,10,48,7,2,15,4
R U D ul BS UL ur,2,10,48,7,2,13,4
R U D UL BS ul ur,2,10,48,7,2,15,4
R U D ul UL BS ur,2,10,48,7,2,13,4
R U D UL ul BS ur,2,10,48,7,2,17,4
R U UL BS D ul ur,2,10,48,7,2,9,2
R U UL D BS ul ur,2,10,48,7,2,13,3
R U UL D ul BS ur,2,10,48,7,2,11,3
R UL D U ul ur BS,2,10,48,7,2,16,4
R UL D U ur ul BS,2,10,48,7,2,18,4
R UL D ul U ur BS,2,10,48,7,2,14,3
R UL D ul ur U BS,2,10,48,7,2,14,3
R UL D ur U ul BS,2,10,48,7,2,16,3
R UL D ur ul U BS,2,10,48,7,2,14,3
R UL U D ul ur BS,2,10,48,7,2,12,4
R UL U D ur ul BS,2,10,48,7,2,14,4
R UL U ur D ul BS,2,10,48,7,2,12,3
R UL ur D U ul BS,2,10,48,7,2,16,4
R UL ur D ul U BS,2,10,48,7,2,12,3
R UL ur U D ul BS,2,10,48,7,2,16,4
R ur D UL U ul BS,2,10,48,7,2,14,3
R ur D ul UL U BS,2,10,48,7,2,12,4
R ur D UL ul U BS,2,10,48,7,2,16,4
R ur UL D U ul BS,2,10,48,7,2,18,4
R ur UL D ul U BS,2,10,48,7,2,14,3
R ur UL U D ul BS,2,10,48,7,2,14,4
U BS D R ul UL ur,2,10,48,7,2,13,4
U BS D R UL ul ur,2,10,48,7,2,15,4
U BS R D ul UL ur,2,10,48,7,2,13,4
U BS R D UL ul ur,2,10,48,7,2,15,4
U BS R UL D ul ur,2,10,48,7,2,13,3
U D BS R ul UL ur,2,10,48,7,2,15,4
U D BS R UL ul ur,2,10,48,7,2,17,4
U D R BS ul UL ur,2,10,48,7,2,17,4
U D R BS UL ul ur,2,10,48,7,2,15,4
U D R ul BS UL ur,2,10,48,7,2,13,4
U D R UL BS ul ur,2,10,48,7,2,15,4
U D R ul UL BS ur,2,10,48,7,2,13,4
U D R UL ul BS ur,2,10,48,7,2,17,4
U D UL R BS ul ur,2,10,48,7,2,17,4
U D UL R ul BS ur,2,10,48,7,2,15,4
U R BS D ul UL ur,2,10,48,7,2,13,4
U R BS D UL ul ur,2,10,48,7,2,15,4
U R BS UL D ul ur,2,10,48,7,2,11,3
U R D BS ul UL ur,2,10,48,7,2,15,4
U R D BS UL ul ur,2,10,48,7,2,13,4
U R D ul BS UL ur,2,10,48,7,2,11,3
U R D UL BS ul ur,2,10,48,7,2,13,3
U R D ul UL BS ur,2,10,48,7,2,11,4
U R D UL ul BS ur,2,10,48,7,2,15,4
U R UL BS D ul ur,2,10,48,7,2,11,3
U R UL D BS ul ur,2,10,48,7,2,15,3
U R UL D ul BS ur,2,10,48,7,2,13,3
U UL D R BS ul ur,2,10,48,7,2,13,3
U UL D R ul BS ur,2,10,48,7,2,11,3
U UL R BS D ul ur,2,10,48,7,2,11,3
U UL R D BS ul ur,2,10,48,7,2,13,3
U UL R D ul BS ur,2,10,48,7,2,11,3
ul BS D R ur UL U,2,10,48,7,2,13,3
ul BS D ur R UL U,2,10,48,7,2,13,3
ul BS D ur UL R U,2,10,48,7,2,13,3
ul BS D ur UL U R,2,10,48,7,2,11,3
ul BS ur D R UL U,2,10,48,7,2,11,3
ul BS ur D UL R U,2,10,48,7,2,13,3
ul BS ur D UL U R,2,10,48,7,2,11,3
ul D BS R ur UL U,2,10,48,7,2,11,3
ul D BS ur R UL U,2,10,48,7,2,11,3
ul D BS ur UL R U,2,10,48,7,2,11,3
ul D BS ur UL U R,2,10,48,7,2,9,2
ul D R BS ur UL U,2,10,48,7,2,9,2
UL D R U ul ur BS,2,10,48,7,2,13,3
UL D R U ur ul BS,2,10,48,7,2,15,3
UL D R ul U ur BS,2,10,48,7,2,13,3
UL D R ul ur U BS,2,10,48,7,2,13,3
ul D R ur BS UL U,2,10,48,7,2,9,3
UL D R ur U ul BS,2,10,48,7,2,17,3
UL D R ur ul U BS,2,10,48,7,2,15,3
UL D U R ul ur BS,2,10,48,7,2,13,4
UL D U R ur ul BS,2,10,48,7,2,17,4
UL D U ur R ul BS,2,10,48,7,2,17,4
ul D ur BS R UL U,2,10,48,7,2,9,3
ul D ur BS UL R U,2,10,48,7,2,9,3
ul D ur BS UL U R,2,10,48,7,2,7,2
ul D ur R BS UL U,2,10,48,7,2,9,3
UL D ur R U ul BS,2,10,48,7,2,15,3
UL D ur R ul U BS,2,10,48,7,2,13,3
UL D ur U R ul BS,2,10,48,7,2,13,3
UL R D U ul ur BS,2,10,48,7,2,15,4
UL R D U ur ul BS,2,10,48,7,2,17,4
UL R D ul U ur BS,2,10,48,7,2,13,3
UL R D ul ur U BS,2,10,48,7,2,13,3
UL R D ur U ul BS,2,10,48,7,2,15,3
UL R D ur ul U BS,2,10,48,7,2,13,3
UL R U D ul ur BS,2,10,48,7,2,13,4
UL R U D ur ul BS,2,10,48,7,2,15,4
UL R U ur D ul BS,2,10,48,7,2,13,3
UL R ur D U ul BS,2,10,48,7,2,17,4
UL R ur D ul U BS,2,10,48,7,2,13,3
UL R ur U D ul BS,2,10,48,7,2,17,4
UL U D R ul ur BS,2,10,48,7,2,11,4
UL U D R ur ul BS,2,10,48,7,2,15,4
UL U D ur R ul BS,2,10,48,7,2,13,4
UL U R D ul ur BS,2,10,48,7,2,9,2
UL U R D ur ul BS,2,10,48,7,2,11,3
UL U R ur D ul BS,2,10,48,7,2,11,3
UL U ur D R ul BS,2,10,48,7,2,11,3
UL U ur R D ul BS,2,10,48,7,2,13,3
ul ur BS D R UL U,2,10,48,7,2,11,3
ul ur BS D UL R U,2,10,48,7,2,13,3
ul ur BS D UL U R,2,10,48,7,2,11,3
ul ur D BS R UL U,2,10,48,7,2,11,3
ul ur D BS UL R U,2,10,48,7,2,11,3
ul ur D BS UL U R,2,10,48,7,2,9,2
ul ur D R BS UL U,2,10,48,7,2,9,2
UL ur D R U ul BS,2,10,48,7,2,13,3
UL ur D R ul U BS,2,10,48,7,2,11,3
UL ur D U R ul BS,2,10,48,7,2,13,4
UL ur R D U ul BS,2,10,48,7,2,17,4
UL ur R D ul U BS,2,10,48,7,2,13,3
UL ur R U D ul BS,2,10,48,7,2,15,4
UL ur U D R ul BS,2,10,48,7,2,15,4
UL ur U R D ul BS,2,10,48,7,2,13,3
ur BS D ul R UL U,2,10,48,7,2,9,3
ur BS D UL U ul R,2,10,48,7,2,11,3
ur BS D ul UL R U,2,10,48,7,2,13,4
ur BS D UL ul R U,2,10,48,7,2,13,4
ur BS D ul UL U R,2,10,48,7,2,11,4
ur BS D UL ul U R,2,10,48,7,2,15,4
ur BS ul D R UL U,2,10,48,7,2,11,3
ur BS ul D UL R U,2,10,48,7,2,13,3
ur BS ul D UL U R,2,10,48,7,2,11,3
ur D BS ul R UL U,2,10,48,7,2,11,3
ur D BS UL U ul R,2,10,48,7,2,9,3
ur D BS ul UL R U,2,10,48,7,2,15,4
ur D BS UL ul R U,2,10,48,7,2,11,4
ur D BS ul UL U R,2,10,48,7,2,13,4
ur D BS UL ul U R,2,10,48,7,2,13,4
ur D R UL U ul BS,2,10,48,7,2,13,3
ur D R ul UL U BS,2,10,48,7,2,11,4
ur D R UL ul U BS,2,10,48,7,2,15,4
ur D ul BS R UL U,2,10,48,7,2,11,3
ur D ul BS UL R U,2,10,48,7,2,11,3
ur D ul BS UL U R,2,10,48,7,2,9,3
ur D ul R BS UL U,2,10,48,7,2,7,2
ur D UL R U ul BS,2,10,48,7,2,15,3
ur D UL R ul U BS,2,10,48,7,2,13,3
ur D UL U R ul BS,2,10,48,7,2,11,3
ur R D UL U ul BS,2,10,48,7,2,15,3
ur R D ul UL U BS,2,10,48,7,2,13,4
ur R D UL ul U BS,2,10,48,7,2,17,4
ur R UL D U ul BS,2,10,48,7,2,19,4
ur R UL D ul U BS,2,10,48,7,2,15,3
ur R UL U D ul BS,2,10,48,7,2,15,4
ur ul BS D R UL U,2,10,48,7,2,13,3
ur ul BS D UL R U,2,10,48,7,2,15,3
ur ul BS D UL U R,2,10,48,7,2,13,3
ur ul D BS R UL U,2,10,48,7,2,11,3
ur ul D BS UL R U,2,10,48,7,2,11,3
ur ul D BS UL U R,2,10,48,7,2,9,2
ur ul D R BS UL U,2,10,48,7,2,9,2
ur UL D R U ul BS,2,10,48,7,2,15,3
ur UL D R ul U BS,2,10,48,7,2,13,3
ur UL D U R ul BS,2,10,48,7,2,15,4
ur UL R D U ul BS,2,10,48,7,2,17,4
ur UL R D ul U BS,2,10,48,7,2,13,3
ur UL R U D ul BS,2,10,48,7,2,15,4
ur UL U D R ul BS,2,10,48,7,2,13,4
ur UL U R D ul BS,2,10,48,7,2,11,3
BS D R UL U ul ur,4,10,50,7,2,13,3
BS D R ul UL U ur,4,10,50,7,2,13,4
BS D R UL ul U ur,4,10,50,7,2,17,4
BS D UL R U ul ur,4,10,50,7,2,15,3
BS D UL R ul U ur,4,10,50,7,2,15,3
BS R D UL U ul ur,4,10,50,7,2,13,3
BS R D ul UL U ur,4,10,50,7,2,13,4
BS R D UL ul U ur,4,10,50,7,2,17,4
BS R UL D U ul ur,4,10,50,7,2,17,4
BS R UL D ul U ur,4,10,50,7,2,15,3
BS R UL U D ul ur,4,10,50,7,2,13,4
BS UL D R U ul ur,4,10,50,7,2,13,3
BS UL D R ul U ur,4,10,50,7,2,13,3
BS UL R D U ul ur,4,10,50,7,2,15,4
BS UL R D ul U ur,4,10,50,7,2,13,3
BS UL R U D ul ur,4,10,50,7,2,13,4
D BS R UL U ul ur,4,10,50,7,2,13,3
D BS R ul UL U ur,4,10,50,7,2,13,4
D BS R UL ul U ur,4,10,50,7,2,17,4
D BS UL R U ul ur,4,10,50,7,2,13,3
D BS UL R ul U ur,4,10,50,7,2,13,3
D R BS UL U ul ur,4,10,50,7,2,11,3
D R BS ul UL U ur,4,10,50,7,2,15,4
D R BS UL ul U ur,4,10,50,7,2,15,4
D R UL BS U ul ur,4,10,50,7,2,13,3
D R ul BS UL U ur,4,10,50,7,2,11,3
D R UL BS ul U ur,4,10,50,7,2,15,3
D R UL U BS ul ur,4,10,50,7,2,13,3
D R UL U ul BS ur,4,10,50,7,2,13,3
D R ul UL BS U ur,4,10,50,7,2,13,4
D R UL ul BS U ur,4,10,50,7,2,17,4
D R ul UL U BS ur,4,10,50,7,2,11,4
D R UL ul U BS ur,4,10,50,7,2,15,4
D UL BS R U ul ur,4,10,50,7,2,13,3
D UL BS R ul U ur,4,10,50,7,2,13,3
D UL R BS U ul ur,4,10,50,7,2,15,3
D UL R BS ul U ur,4,10,50,7,2,17,3
D UL R U BS ul ur,4,10,50,7,2,15,3
D UL R U ul BS ur,4,10,50,7,2,15,3
D UL R ul BS U ur,4,10,50,7,2,15,3
D UL R ul U BS ur,4,10,50,7,2,13,3
D UL U R BS ul ur,4,10,50,7,2,13,3
D UL U R ul BS ur,4,10,50,7,2,11,3
R BS D UL U ul ur,4,10,50,7,2,13,3
R BS D ul UL U ur,4,10,50,7,2,13,4
R BS D UL ul U ur,4,10,50,7,2,17,4
R BS UL D U ul ur,4,10,50,7,2,15,4
R BS UL D ul U ur,4,10,50,7,2,13,3
R BS UL U D ul ur,4,10,50,7,2,11,4
R D BS UL U ul ur,4,10,50,7,2,11,3
R D BS ul UL U ur,4,10,50,7,2,15,4
R D BS UL ul U ur,4,10,50,7,2,15,4
R D UL BS U ul ur,4,10,50,7,2,13,3
R D ul BS UL U ur,4,10,50,7,2,11,3
R D UL BS ul U ur,4,10,50,7,2,15,3
R D UL U BS ul ur,4,10,50,7,2,13,3
R D UL U ul BS ur,4,10,50,7,2,13,3
R D ul UL BS U ur,4,10,50,7,2,13,4
R D UL ul BS U ur,4,10,50,7,2,17,4
R D ul UL U BS ur,4,10,50,7,2,11,4
R D UL ul U BS ur,4,10,50,7,2,15,4
R UL BS D U ul ur,4,10,50,7,2,15,4
R UL BS D ul U ur,4,10,50,7,2,13,3
R UL BS U D ul ur,4,10,50,7,2,13,4
R UL D BS U ul ur,4,10,50,7,2,15,3
R UL D BS ul U ur,4,10,50,7,2,17,3
R UL D U BS ul ur,4,10,50,7,2,17,4
R UL D U ul BS ur,4,10,50,7,2,17,4
R UL D ul BS U ur,4,10,50,7,2,15,3
R UL D ul U BS ur,4,10,50,7,2,13,3
R UL U BS D ul ur,4,10,50,7,2,11,3
R UL U D BS ul ur,4,10,50,7,2,15,4
R UL U D ul BS ur,4,10,50,7,2,13,4
UL BS D R U ul ur,4,10,50,7,2,12,3
UL BS D R ul U ur,4,10,50,7,2,12,3
UL BS R D U ul ur,4,10,50,7,2,14,4
UL BS R D ul U ur,4,10,50,7,2,12,3
UL BS R U D ul ur,4,10,50,7,2,12,4
UL D BS R U ul ur,4,10,50,7,2,14,3
UL D BS R ul U ur,4,10,50,7,2,14,3
UL D R BS U ul ur,4,10,50,7,2,14,3
UL D R BS ul U ur,4,10,50,7,2,16,3
UL D R U BS ul ur,4,10,50,7,2,14,3
UL D R U ul BS ur,4,10,50,7,2,14,3
UL D R ul BS U ur,4,10,50,7,2,14,3
UL D R ul U BS ur,4,10,50,7,2,12,3
UL D U R BS ul ur,4,10,50,7,2,16,4
UL D U R ul BS ur,4,10,50,7,2,14,4
UL R BS D U ul ur,4,10,50,7,2,16,4
UL R BS D ul U ur,4,10,50,7,2,14,3
UL R BS U D ul ur,4,10,50,7,2,14,4
UL R D BS U ul ur,4,10,50,7,2,14,3
UL R D BS ul U ur,4,10,50,7,2,16,3
UL R D U BS ul ur,4,10,50,7,2,16,4
UL R D U ul BS ur,4,10,50,7,2,16,4
UL R D ul BS U ur,4,10,50,7,2,14,3
UL R D ul U BS ur,4,10,50,7,2,12,3
UL R U BS D ul ur,4,10,50,7,2,12,3
UL R U D BS ul ur,4,10,50,7,2,16,4
UL R U D ul BS ur,4,10,50,7,2,14,4
UL U D R BS ul ur,4,10,50,7,2,14,4
UL U D R ul BS ur,4,10,50,7,2,12,4
UL U R BS D ul ur,4,10,50,7,2,10,2
UL U R D BS ul ur,4,10,50,7,2,12,3
UL U R D ul BS ur,4,10,50,7,2,10,3
BS D U ul R ur UL,2,10,50,8,2,15,4
BS D U ul UL ur R,2,10,50,8,2,18,4
BS D U UL ul ur R,2,10,50,8,2,16,4
BS D U ul ur R UL,2,10,50,8,2,17,4
BS D U ul ur UL R,2,10,50,8,2,16,4
BS D U UL ur ul R,2,10,50,8,2,12,4
BS D U ur ul R UL,2,10,50,8,2,15,4
BS D U ur ul UL R,2,10,50,8,2,18,4
BS D U ur UL ul R,2,10,50,8,2,16,4
BS D ul R U ur UL,2,10,50,8,2,11,3
BS D ul R ur U UL,2,10,50,8,2,11,3
BS D ul U R ur UL,2,10,50,8,2,13,3
BS D ul U UL ur R,2,10,50,8,2,12,3
BS D ul U ur R UL,2,10,50,8,2,15,3
BS D ul U ur UL R,2,10,50,8,2,14,3
BS D ul ur R U UL,2,10,50,8,2,11,3
BS D ul ur U R UL,2,10,50,8,2,13,3
BS D ul ur U UL R,2,10,50,8,2,12,3
BS D ur U ul R UL,2,10,50,8,2,13,3
BS D ur U ul UL R,2,10,50,8,2,16,4
BS D ur U UL ul R,2,10,50,8,2,12,4
BS D ur ul R U UL,2,10,50,8,2,9,2
BS D ur ul U R UL,2,10,50,8,2,13,3
BS D ur ul U UL R,2,10,50,8,2,12,3
BS U D ul R ur UL,2,10,50,8,2,13,4
BS U D ul UL ur R,2,10,50,8,2,16,4
BS U D UL ul ur R,2,10,50,8,2,18,4
BS U D ul ur R UL,2,10,50,8,2,15,4
BS U D ul ur UL R,2,10,50,8,2,14,4
BS U D UL ur ul R,2,10,50,8,2,14,4
BS U D ur ul R UL,2,10,50,8,2,13,4
BS U D ur ul UL R,2,10,50,8,2,16,4
BS U D ur UL ul R,2,10,50,8,2,14,4
BS U ul D R ur UL,2,10,50,8,2,13,3
BS U ul D UL ur R,2,10,50,8,2,14,3
BS U UL D ul ur R,2,10,50,8,2,12,3
BS U ul D ur R UL,2,10,50,8,2,13,3
BS U ul D ur UL R,2,10,50,8,2,12,3
BS U UL D ur ul R,2,10,50,8,2,10,3
BS U ul UL D ur R,2,10,50,8,2,16,4
BS U UL ul D ur R,2,10,50,8,2,12,4
BS U ul ur D R UL,2,10,50,8,2,13,3
BS U ul ur D UL R,2,10,50,8,2,14,3
BS U ur D ul R UL,2,10,50,8,2,11,3
BS U ur D ul UL R,2,10,50,8,2,14,4
BS U ur D UL ul R,2,10,50,8,2,14,4
BS U ur ul D R UL,2,10,50,8,2,13,3
BS U ur ul D UL R,2,10,50,8,2,14,3
BS ul D R U ur UL,2,10,50,8,2,13,3
BS ul D R ur U UL,2,10,50,8,2,13,3
BS ul D U R ur UL,2,10,50,8,2,15,4
BS ul D U UL ur R,2,10,50,8,2,14,4
BS ul D U ur R UL,2,10,50,8,2,17,4
BS ul D U ur UL R,2,10,50,8,2,16,4
BS ul D ur R U UL,2,10,50,8,2,11,3
BS ul D ur U R UL,2,10,50,8,2,13,3
BS ul D ur U UL R,2,10,50,8,2,12,3
BS ul U D R ur UL,2,10,50,8,2,17,4
BS ul U D UL ur R,2,10,50,8,2,18,4
BS ul U D ur R UL,2,10,50,8,2,17,4
BS ul U D ur UL R,2,10,50,8,2,16,4
BS ul U UL D ur R,2,10,50,8,2,14,3
BS ul U ur D R UL,2,10,50,8,2,15,3
BS ul U ur D UL R,2,10,50,8,2,16,3
BS ul ur D R U UL,2,10,50,8,2,11,3
BS ul ur D U R UL,2,10,50,8,2,15,4
BS ul ur D U UL R,2,10,50,8,2,14,4
BS ul ur U D R UL,2,10,50,8,2,17,4
BS ul ur U D UL R,2,10,50,8,2,18,4
BS ur D U ul R UL,2,10,50,8,2,13,4
BS ur D U ul UL R,2,10,50,8,2,16,4
BS ur D U UL ul R,2,10,50,8,2,12,4
BS ur D ul R U UL,2,10,50,8,2,7,2
BS ur D ul U R UL,2,10,50,8,2,11,3
BS ur D ul U UL R,2,10,50,8,2,10,3
BS ur U D ul R UL,2,10,50,8,2,13,4
BS ur U D ul UL R,2,10,50,8,2,16,4
BS ur U D UL ul R,2,10,50,8,2,16,4
BS ur U ul D R UL,2,10,50,8,2,13,3
BS ur U ul D UL R,2,10,50,8,2,14,3
BS ur ul D R U UL,2,10,50,8,2,9,2
BS ur ul D U R UL,2,10,50,8,2,13,4
BS ur ul D U UL R,2,10,50,8,2,12,4
BS ur ul U D R UL,2,10,50,8,2,15,4
BS ur ul U D UL R,2,10,50,8,2,16,4
D BS U ul R ur UL,2,10,50,8,2,13,3
D BS U ul UL ur R,2,10,50,8,2,16,4
D BS U UL ul ur R,2,10,50,8,2,14,4
D BS U ul ur R UL,2,10,50,8,2,15,3
D BS U ul ur UL R,2,10,50,8,2,14,3
D BS U UL ur ul R,2,10,50,8,2,10,2
D BS U ur ul R UL,2,10,50,8,2,13,3
D BS U ur ul UL R,2,10,50,8,2,16,4
D BS U ur UL ul R,2,10,50,8,2,14,4
D BS ul R U ur UL,2,10,50,8,2,13,3
D BS ul R ur U UL,2,10,50,8,2,13,3
D BS ul U R ur UL,2,10,50,8,2,15,3
D BS ul U UL ur R,2,10,50,8,2,14,3
D BS ul U ur R UL,2,10,50,8,2,17,3
D BS ul U ur UL R,2,10,50,8,2,16,3
D BS ul ur R U UL,2,10,50,8,2,13,3
D BS ul ur U R UL,2,10,50,8,2,15,3
D BS ul ur U UL R,2,10,50,8,2,14,3
D BS ur U ul R UL,2,10,50,8,2,13,3
D BS ur U ul UL R,2,10,50,8,2,16,4
D BS ur U UL ul R,2,10,50,8,2,12,4
D BS ur ul R U UL,2,10,50,8,2,9,2
D BS ur ul U R UL,2,10,50,8,2,13,3
D BS ur ul U UL R,2,10,50,8,2,12,3
D U BS ul R ur UL,2,10,50,8,2,15,4
D U BS ul UL ur R,2,10,50,8,2,18,4
D U BS UL ul ur R,2,10,50,8,2,16,4
D U BS ul ur R UL,2,10,50,8,2,17,4
D U BS ul ur UL R,2,10,50,8,2,16,4
D U BS UL ur ul R,2,10,50,8,2,12,4
D U BS ur ul R UL,2,10,50,8,2,13,4
D U BS ur ul UL R,2,10,50,8,2,16,4
D U BS ur UL ul R,2,10,50,8,2,14,4
D U ul BS R ur UL,2,10,50,8,2,17,4
D U ul BS UL ur R,2,10,50,8,2,16,4
D U UL BS ul ur R,2,10,50,8,2,14,4
D U ul BS ur R UL,2,10,50,8,2,17,4
D U ul BS ur UL R,2,10,50,8,2,16,4
D U UL BS ur ul R,2,10,50,8,2,10,4
D U ul R BS ur UL,2,10,50,8,2,13,4
D U ul R ur BS UL,2,10,50,8,2,13,4
D U ul UL BS ur R,2,10,50,8,2,16,4
D U UL ul BS ur R,2,10,50,8,2,16,4
D U ul UL ur BS R,2,10,50,8,2,16,4
D U UL ul ur BS R,2,10,50,8,2,14,4
D U ul ur BS R UL,2,10,50,8,2,15,4
D U ul ur BS UL R,2,10,50,8,2,14,4
D U UL ur BS ul R,2,10,50,8,2,12,4
D U ul ur R BS UL,2,10,50,8,2,15,4
D U ul ur UL BS R,2,10,50,8,2,14,4
D U UL ur ul BS R,2,10,50,8,2,14,4
D U ur BS ul R UL,2,10,50,8,2,15,4
D U ur BS ul UL R,2,10,50,8,2,18,4
D U ur BS UL ul R,2,10,50,8,2,14,4
D U ur ul BS R UL,2,10,50,8,2,17,4
D U ur ul BS UL R,2,10,50,8,2,16,4
D U ur UL BS ul R,2,10,50,8,2,14,4
D U ur ul R BS UL,2,10,50,8,2,13,4
D U ur ul UL BS R,2,10,50,8,2,16,4
D U ur UL ul BS R,2,10,50,8,2,18,4
D ul BS R U ur UL,2,10,50,8,2,13,3
D ul BS R ur U UL,2,10,50,8,2,13,3
D ul BS U R ur UL,2,10,50,8,2,13,3
D ul BS U UL ur R,2,10,50,8,2,12,3
D ul BS U ur R UL,2,10,50,8,2,15,3
D ul BS U ur UL R,2,10,50,8,2,14,3
D ul BS ur R U UL,2,10,50,8,2,11,3
D ul BS ur U R UL,2,10,50,8,2,13,3
D ul BS ur U UL R,2,10,50,8,2,12,3
D ul R BS U ur UL,2,10,50,8,2,11,3
D ul R BS ur U UL,2,10,50,8,2,9,3
D ul R U BS ur UL,2,10,50,8,2,9,2
D ul R U ur BS UL,2,10,50,8,2,9,3
D ul R ur BS U UL,2,10,50,8,2,9,3
D ul R ur U BS UL,2,10,50,8,2,11,3
D ul U BS R ur UL,2,10,50,8,2,13,3
D ul U BS UL ur R,2,10,50,8,2,12,3
D ul U BS ur R UL,2,10,50,8,2,13,3
D ul U BS ur UL R,2,10,50,8,2,12,3
D ul U R BS ur UL,2,10,50,8,2,11,3
D ul U R ur BS UL,2,10,50,8,2,11,3
D ul U UL BS ur R,2,10,50,8,2,10,3
D ul U UL ur BS R,2,10,50,8,2,10,3
D ul U ur BS R UL,2,10,50,8,2,13,3
D ul U ur BS UL R,2,10,50,8,2,12,3
D ul U ur R BS UL,2,10,50,8,2,13,3
D ul U ur UL BS R,2,10,50,8,2,12,3
D ul ur BS R U UL,2,10,50,8,2,9,2
D ul ur BS U R UL,2,10,50,8,2,11,3
D ul ur BS U UL R,2,10,50,8,2,10,3
D ul ur R BS U UL,2,10,50,8,2,11,3
D ul ur R U BS UL,2,10,50,8,2,11,3
D ul ur U BS R UL,2,10,50,8,2,13,3
D ul ur U BS UL R,2,10,50,8,2,12,3
D ul ur U R BS UL,2,10,50,8,2,11,3
D ul ur U UL BS R,2,10,50,8,2,10,3
D ur BS U ul R UL,2,10,50,8,2,11,3
D ur BS U ul UL R,2,10,50,8,2,14,4
D ur BS U UL ul R,2,10,50,8,2,10,4
D ur BS ul R U UL,2,10,50,8,2,9,3
D ur BS ul U R UL,2,10,50,8,2,13,3
D ur BS ul U UL R,2,10,50,8,2,12,3
D ur U BS ul R UL,2,10,50,8,2,13,3
D ur U BS ul UL R,2,10,50,8,2,16,4
D ur U BS UL ul R,2,10,50,8,2,12,4
D ur U ul BS R UL,2,10,50,8,2,15,3
D ur U ul BS UL R,2,10,50,8,2,14,3
D ur U UL BS ul R,2,10,50,8,2,10,3
D ur U ul R BS UL,2,10,50,8,2,11,3
D ur U ul UL BS R,2,10,50,8,2,14,4
D ur U UL ul BS R,2,10,50,8,2,14,4
D ur ul BS R U UL,2,10,50,8,2,11,3
D ur ul BS U R UL,2,10,50,8,2,13,3
D ur ul BS U UL R,2,10,50,8,2,12,3
D ur ul R BS U UL,2,10,50,8,2,9,2
D ur ul R U BS UL,2,10,50,8,2,9,2
D ur ul U BS R UL,2,10,50,8,2,13,3
D ur ul U BS UL R,2,10,50,8,2,12,3
D ur ul U R BS UL,2,10,50,8,2,11,3
D ur ul U UL BS R,2,10,50,8,2,10,3
U BS D ul R ur UL,2,10,50,8,2,11,3
U BS D ul UL ur R,2,10,50,8,2,14,4
U BS D UL ul ur R,2,10,50,8,2,16,4
U BS D ul ur R UL,2,10,50,8,2,13,3
U BS D ul ur UL R,2,10,50,8,2,12,3
U BS D UL ur ul R,2,10,50,8,2,12,3
U BS D ur ul R UL,2,10,50,8,2,11,3
U BS D ur ul UL R,2,10,50,8,2,14,4
U BS D ur UL ul R,2,10,50,8,2,12,4
U BS ul D R ur UL,2,10,50,8,2,13,3
U BS ul D UL ur R,2,10,50,8,2,14,3
U BS UL D ul ur R,2,10,50,8,2,12,3
U BS ul D ur R UL,2,10,50,8,2,13,3
U BS ul D ur UL R,2,10,50,8,2,12,3
U BS UL D ur ul R,2,10,50,8,2,10,3
U BS ul UL D ur R,2,10,50,8,2,16,4
U BS UL ul D ur R,2,10,50,8,2,12,4
U BS ul ur D R UL,2,10,50,8,2,13,3
U BS ul ur D UL R,2,10,50,8,2,14,3
U BS ur D ul R UL,2,10,50,8,2,9,3
U BS ur D ul UL R,2,10,50,8,2,12,4
U BS ur D UL ul R,2,10,50,8,2,12,4
U BS ur ul D R UL,2,10,50,8,2,11,3
U BS ur ul D UL R,2,10,50,8,2,12,3
U D BS ul R ur UL,2,10,50,8,2,15,4
U D BS ul UL ur R,2,10,50,8,2,18,4
U D BS UL ul ur R,2,10,50,8,2,16,4
U D BS ul ur R UL,2,10,50,8,2,17,4
U D BS ul ur UL R,2,10,50,8,2,16,4
U D BS UL ur ul R,2,10,50,8,2,12,4
U D BS ur ul R UL,2,10,50,8,2,13,4
U D BS ur ul UL R,2,10,50,8,2,16,4
U D BS ur UL ul R,2,10,50,8,2,14,4
U D ul BS R ur UL,2,10,50,8,2,15,4
U D ul BS UL ur R,2,10,50,8,2,14,4
U D UL BS ul ur R,2,10,50,8,2,16,4
U D ul BS ur R UL,2,10,50,8,2,15,4
U D ul BS ur UL R,2,10,50,8,2,14,4
U D UL BS ur ul R,2,10,50,8,2,12,4
U D ul R BS ur UL,2,10,50,8,2,11,4
U D ul R ur BS UL,2,10,50,8,2,11,4
U D ul UL BS ur R,2,10,50,8,2,14,4
U D UL ul BS ur R,2,10,50,8,2,18,4
U D ul UL ur BS R,2,10,50,8,2,14,4
U D UL ul ur BS R,2,10,50,8,2,16,4
U D ul ur BS R UL,2,10,50,8,2,13,4
U D ul ur BS UL R,2,10,50,8,2,12,4
U D UL ur BS ul R,2,10,50,8,2,14,4
U D ul ur R BS UL,2,10,50,8,2,13,4
U D ul ur UL BS R,2,10,50,8,2,12,4
U D UL ur ul BS R,2,10,50,8,2,16,4
U D ur BS ul R UL,2,10,50,8,2,13,4
U D ur BS ul UL R,2,10,50,8,2,16,4
U D ur BS UL ul R,2,10,50,8,2,12,4
U D ur ul BS R UL,2,10,50,8,2,15,4
U D ur ul BS UL R,2,10,50,8,2,14,4
U D ur UL BS ul R,2,10,50,8,2,12,4
U D ur ul R BS UL,2,10,50,8,2,11,4
U D ur ul UL BS R,2,10,50,8,2,14,4
U D ur UL ul BS R,2,10,50,8,2,16,4
U ul BS D R ur UL,2,10,50,8,2,15,3
U ul BS D UL ur R,2,10,50,8,2,16,3
U UL BS D ul ur R,2,10,50,8,2,10,3
U ul BS D ur R UL,2,10,50,8,2,15,3
U ul BS D ur UL R,2,10,50,8,2,14,3
U UL BS D ur ul R,2,10,50,8,2,8,2
U ul BS UL D ur R,2,10,50,8,2,14,3
U UL BS ul D ur R,2,10,50,8,2,10,3
U ul BS ur D R UL,2,10,50,8,2,13,3
U ul BS ur D UL R,2,10,50,8,2,14,3
U ul D BS R ur UL,2,10,50,8,2,13,3
U ul D BS UL ur R,2,10,50,8,2,12,3
U UL D BS ul ur R,2,10,50,8,2,14,3
U ul D BS ur R UL,2,10,50,8,2,13,3
U ul D BS ur UL R,2,10,50,8,2,12,3
U UL D BS ur ul R,2,10,50,8,2,10,3
U ul D R BS ur UL,2,10,50,8,2,11,3
U ul D R ur BS UL,2,10,50,8,2,11,3
U ul D UL BS ur R,2,10,50,8,2,12,3
U UL D ul BS ur R,2,10,50,8,2,12,3
U ul D UL ur BS R,2,10,50,8,2,12,3
U UL D ul ur BS R,2,10,50,8,2,10,3
U ul D ur BS R UL,2,10,50,8,2,11,3
U ul D ur BS UL R,2,10,50,8,2,10,3
U UL D ur BS ul R,2,10,50,8,2,10,3
U ul D ur R BS UL,2,10,50,8,2,11,3
U ul D ur UL BS R,2,10,50,8,2,10,3
U UL D ur ul BS R,2,10,50,8,2,12,3
U ul UL BS D ur R,2,10,50,8,2,14,4
U UL ul BS D ur R,2,10,50,8,2,14,4
U ul UL D BS ur R,2,10,50,8,2,16,4
U UL ul D BS ur R,2,10,50,8,2,12,4
U ul UL D ur BS R,2,10,50,8,2,14,4
U UL ul D ur BS R,2,10,50,8,2,10,4
U ul UL ur D BS R,2,10,50,8,2,14,4
U UL ul ur D BS R,2,10,50,8,2,12,4
U ul ur BS D R UL,2,10,50,8,2,13,3
U ul ur BS D UL R,2,10,50,8,2,14,3
U ul ur D BS R UL,2,10,50,8,2,13,3
U ul ur D BS UL R,2,10,50,8,2,12,3
U UL ur D BS ul R,2,10,50,8,2,10,3
U ul ur D R BS UL,2,10,50,8,2,11,3
U ul ur D UL BS R,2,10,50,8,2,12,3
U UL ur D ul BS R,2,10,50,8,2,10,3
U ul ur UL D BS R,2,10,50,8,2,14,3
U UL ur ul D BS R,2,10,50,8,2,10,2
U ur BS D ul R UL,2,10,50,8,2,11,3
U ur BS D ul UL R,2,10,50,8,2,14,4
U ur BS D UL ul R,2,10,50,8,2,14,4
U ur BS ul D R UL,2,10,50,8,2,13,3
U ur BS ul D UL R,2,10,50,8,2,14,3
U ur D BS ul R UL,2,10,50,8,2,13,3
U ur D BS ul UL R,2,10,50,8,2,16,4
U ur D BS UL ul R,2,10,50,8,2,12,4
U ur D ul BS R UL,2,10,50,8,2,13,3
U ur D ul BS UL R,2,10,50,8,2,12,3
U ur D UL BS ul R,2,10,50,8,2,12,3
U ur D ul R BS UL,2,10,50,8,2,9,3
U ur D ul UL BS R,2,10,50,8,2,12,4
U ur D UL ul BS R,2,10,50,8,2,16,4
U ur ul BS D R UL,2,10,50,8,2,15,3
U ur ul BS D UL R,2,10,50,8,2,16,3
U ur ul D BS R UL,2,10,50,8,2,13,3
U ur ul D BS UL R,2,10,50,8,2,12,3
U ur UL D BS ul R,2,10,50,8,2,14,3
U ur ul D R BS UL,2,10,50,8,2,11,3
U ur ul D UL BS R,2,10,50,8,2,12,3
U ur UL D ul BS R,2,10,50,8,2,14,3
U ur ul UL D BS R,2,10,50,8,2,16,4
U ur UL ul D BS R,2,10,50,8,2,14,4
ul BS D R U ur UL,2,10,50,8,2,14,3
ul BS D R ur U UL,2,10,50,8,2,14,3
ul BS D U R ur UL,2,10,50,8,2,16,4
ul BS D U UL ur R,2,10,50,8,2,15,4
ul BS D U ur R UL,2,10,50,8,2,18,4
ul BS D U ur UL R,2,10,50,8,2,17,4
ul BS D ur R U UL,2,10,50,8,2,12,3
ul BS D ur U R UL,2,10,50,8,2,14,3
ul BS D ur U UL R,2,10,50,8,2,13,3
ul BS U D R ur UL,2,10,50,8,2,16,4
ul BS U D UL ur R,2,10,50,8,2,17,4
ul BS U D ur R UL,2,10,50,8,2,16,4
ul BS U D ur UL R,2,10,50,8,2,15,4
ul BS U UL D ur R,2,10,50,8,2,13,3
ul BS U ur D R UL,2,10,50,8,2,14,3
ul BS U ur D UL R,2,10,50,8,2,15,3
ul BS ur D R U UL,2,10,50,8,2,10,3
ul BS ur D U R UL,2,10,50,8,2,14,4
ul BS ur D U UL R,2,10,50,8,2,13,4
ul BS ur U D R UL,2,10,50,8,2,16,4
ul BS ur U D UL R,2,10,50,8,2,17,4
ul D BS R U ur UL,2,10,50,8,2,12,3
ul D BS R ur U UL,2,10,50,8,2,12,3
ul D BS U R ur UL,2,10,50,8,2,12,3
ul D BS U UL ur R,2,10,50,8,2,11,3
ul D BS U ur R UL,2,10,50,8,2,14,3
ul D BS U ur UL R,2,10,50,8,2,13,3
ul D BS ur R U UL,2,10,50,8,2,10,3
ul D BS ur U R UL,2,10,50,8,2,12,3
ul D BS ur U UL R,2,10,50,8,2,11,3
ul D R BS U ur UL,2,10,50,8,2,12,3
ul D R BS ur U UL,2,10,50,8,2,10,3
ul D R U BS ur UL,2,10,50,8,2,10,2
ul D R U ur BS UL,2,10,50,8,2,10,3
ul D R ur BS U UL,2,10,50,8,2,10,3
ul D R ur U BS UL,2,10,50,8,2,12,3
ul D U BS R ur UL,2,10,50,8,2,14,4
ul D U BS UL ur R,2,10,50,8,2,13,4
ul D U BS ur R UL,2,10,50,8,2,14,4
ul D U BS ur UL R,2,10,50,8,2,13,4
ul D U R BS ur UL,2,10,50,8,2,12,4
ul D U R ur BS UL,2,10,50,8,2,12,4
ul D U UL BS ur R,2,10,50,8,2,11,4
ul D U UL ur BS R,2,10,50,8,2,11,4
ul D U ur BS R UL,2,10,50,8,2,14,4
ul D U ur BS UL R,2,10,50,8,2,13,4
ul D U ur R BS UL,2,10,50,8,2,14,4
ul D U ur UL BS R,2,10,50,8,2,13,4
ul D ur BS R U UL,2,10,50,8,2,8,2
ul D ur BS U R UL,2,10,50,8,2,10,3
ul D ur BS U UL R,2,10,50,8,2,9,3
ul D ur R BS U UL,2,10,50,8,2,10,3
ul D ur R U BS UL,2,10,50,8,2,10,3
ul D ur U BS R UL,2,10,50,8,2,12,3
ul D ur U BS UL R,2,10,50,8,2,11,3
ul D ur U R BS UL,2,10,50,8,2,10,3
ul D ur U UL BS R,2,10,50,8,2,9,3
ul U BS D R ur UL,2,10,50,8,2,14,3
ul U BS D UL ur R,2,10,50,8,2,15,3
ul U BS D ur R UL,2,10,50,8,2,14,3
ul U BS D ur UL R,2,10,50,8,2,13,3
ul U BS UL D ur R,2,10,50,8,2,13,3
ul U BS ur D R UL,2,10,50,8,2,12,3
ul U BS ur D UL R,2,10,50,8,2,13,3
ul U D BS R ur UL,2,10,50,8,2,16,4
ul U D BS UL ur R,2,10,50,8,2,15,4
ul U D BS ur R UL,2,10,50,8,2,16,4
ul U D BS ur UL R,2,10,50,8,2,15,4
ul U D R BS ur UL,2,10,50,8,2,14,4
ul U D R ur BS UL,2,10,50,8,2,14,4
ul U D UL BS ur R,2,10,50,8,2,15,4
ul U D UL ur BS R,2,10,50,8,2,15,4
ul U D ur BS R UL,2,10,50,8,2,14,4
ul U D ur BS UL R,2,10,50,8,2,13,4
ul U D ur R BS UL,2,10,50,8,2,14,4
ul U D ur UL BS R,2,10,50,8,2,13,4
ul U UL BS D ur R,2,10,50,8,2,11,3
ul U UL D BS ur R,2,10,50,8,2,13,3
ul U UL D ur BS R,2,10,50,8,2,11,3
ul U UL ur D BS R,2,10,50,8,2,11,3
ul U ur BS D R UL,2,10,50,8,2,14,3
ul U ur BS D UL R,2,10,50,8,2,15,3
ul U ur D BS R UL,2,10,50,8,2,14,3
ul U ur D BS UL R,2,10,50,8,2,13,3
ul U ur D R BS UL,2,10,50,8,2,12,3
ul U ur D UL BS R,2,10,50,8,2,13,3
ul U ur UL D BS R,2,10,50,8,2,15,3
ul ur BS D R U UL,2,10,50,8,2,10,2
ul ur BS D U R UL,2,10,50,8,2,14,4
ul ur BS D U UL R,2,10,50,8,2,13,4
ul ur BS U D R UL,2,10,50,8,2,14,4
ul ur BS U D UL R,2,10,50,8,2,15,4
ul ur D BS R U UL,2,10,50,8,2,10,2
ul ur D BS U R UL,2,10,50,8,2,12,3
ul ur D BS U UL R,2,10,50,8,2,11,3
ul ur D R BS U UL,2,10,50,8,2,10,2
ul ur D R U BS UL,2,10,50,8,2,10,2
ul ur D U BS R UL,2,10,50,8,2,14,4
ul ur D U BS UL R,2,10,50,8,2,13,4
ul ur D U R BS UL,2,10,50,8,2,12,4
ul ur D U UL BS R,2,10,50,8,2,11,4
ul ur U BS D R UL,2,10,50,8,2,14,3
ul ur U BS D UL R,2,10,50,8,2,15,3
ul ur U D BS R UL,2,10,50,8,2,16,4
ul ur U D BS UL R,2,10,50,8,2,15,4
ul ur U D R BS UL,2,10,50,8,2,14,4
ul ur U D UL BS R,2,10,50,8,2,15,4
ul ur U UL D BS R,2,10,50,8,2,13,3
ur BS D U ul R UL,2,10,50,8,2,14,4
ur BS D U ul UL R,2,10,50,8,2,17,4
ur BS D U UL ul R,2,10,50,8,2,13,4
ur BS D ul R U UL,2,10,50,8,2,8,2
ur BS D ul U R UL,2,10,50,8,2,12,3
ur BS D ul U UL R,2,10,50,8,2,11,3
ur BS U D ul R UL,2,10,50,8,2,12,4
ur BS U D ul UL R,2,10,50,8,2,15,4
ur BS U D UL ul R,2,10,50,8,2,15,4
ur BS U ul D R UL,2,10,50,8,2,12,3
ur BS U ul D UL R,2,10,50,8,2,13,3
ur BS ul D R U UL,2,10,50,8,2,10,3
ur BS ul D U R UL,2,10,50,8,2,14,4
ur BS ul D U UL R,2,10,50,8,2,13,4
ur BS ul U D R UL,2,10,50,8,2,16,4
ur BS ul U D UL R,2,10,50,8,2,17,4
ur D BS U ul R UL,2,10,50,8,2,12,3
ur D BS U ul UL R,2,10,50,8,2,15,4
ur D BS U UL ul R,2,10,50,8,2,11,4
ur D BS ul R U UL,2,10,50,8,2,10,3
ur D BS ul U R UL,2,10,50,8,2,14,3
ur D BS ul U UL R,2,10,50,8,2,13,3
ur D U BS ul R UL,2,10,50,8,2,14,4
ur D U BS ul UL R,2,10,50,8,2,17,4
ur D U BS UL ul R,2,10,50,8,2,13,4
ur D U ul BS R UL,2,10,50,8,2,16,4
ur D U ul BS UL R,2,10,50,8,2,15,4
ur D U UL BS ul R,2,10,50,8,2,11,4
ur D U ul R BS UL,2,10,50,8,2,12,4
ur D U ul UL BS R,2,10,50,8,2,15,4
ur D U UL ul BS R,2,10,50,8,2,15,4
ur D ul BS R U UL,2,10,50,8,2,10,3
ur D ul BS U R UL,2,10,50,8,2,12,3
ur D ul BS U UL R,2,10,50,8,2,11,3
ur D ul R BS U UL,2,10,50,8,2,8,2
ur D ul R U BS UL,2,10,50,8,2,8,2
ur D ul U BS R UL,2,10,50,8,2,12,3
ur D ul U BS UL R,2,10,50,8,2,11,3
ur D ul U R BS UL,2,10,50,8,2,10,3
ur D ul U UL BS R,2,10,50,8,2,9,3
ur U BS D ul R UL,2,10,50,8,2,12,3
ur U BS D ul UL R,2,10,50,8,2,15,4
ur U BS D UL ul R,2,10,50,8,2,15,4
ur U BS ul D R UL,2,10,50,8,2,14,3
ur U BS ul D UL R,2,10,50,8,2,15,3
ur U D BS ul R UL,2,10,50,8,2,16,4
ur U D BS ul UL R,2,10,50,8,2,19,4
ur U D BS UL ul R,2,10,50,8,2,15,4
ur U D ul BS R UL,2,10,50,8,2,16,4
ur U D ul BS UL R,2,10,50,8,2,15,4
ur U D UL BS ul R,2,10,50,8,2,15,4
ur U D ul R BS UL,2,10,50,8,2,12,4
ur U D ul UL BS R,2,10,50,8,2,15,4
ur U D UL ul BS R,2,10,50,8,2,19,4
ur U ul BS D R UL,2,10,50,8,2,16,3
ur U ul BS D UL R,2,10,50,8,2,17,3
ur U ul D BS R UL,2,10,50,8,2,14,3
ur U ul D BS UL R,2,10,50,8,2,13,3
ur U UL D BS ul R,2,10,50,8,2,13,3
ur U ul D R BS UL,2,10,50,8,2,12,3
ur U ul D UL BS R,2,10,50,8,2,13,3
ur U UL D ul BS R,2,10,50,8,2,13,3
ur U ul UL D BS R,2,10,50,8,2,17,4
ur U UL ul D BS R,2,10,50,8,2,13,4
ur ul BS D R U UL,2,10,50,8,2,12,3
ur ul BS D U R UL,2,10,50,8,2,16,4
ur ul BS D U UL R,2,10,50,8,2,15,4
ur ul BS U D R UL,2,10,50,8,2,16,4
ur ul BS U D UL R,2,10,50,8,2,17,4
ur ul D BS R U UL,2,10,50,8,2,10,2
ur ul D BS U R UL,2,10,50,8,2,12,3
ur ul D BS U UL R,2,10,50,8,2,11,3
ur ul D R BS U UL,2,10,50,8,2,10,2
ur ul D R U BS UL,2,10,50,8,2,10,2
ur ul D U BS R UL,2,10,50,8,2,14,4
ur ul D U BS UL R,2,10,50,8,2,13,4
ur ul D U R BS UL,2,10,50,8,2,12,4
ur ul D U UL BS R,2,10,50,8,2,11,4
ur ul U BS D R UL,2,10,50,8,2,14,3
ur ul U BS D UL R,2,10,50,8,2,15,3
ur ul U D BS R UL,2,10,50,8,2,16,4
ur ul U D BS UL R,2,10,50,8,2,15,4
ur ul U D R BS UL,2,10,50,8,2,14,4
ur ul U D UL BS R,2,10,50,8,2,15,4
ur ul U UL D BS R,2,10,50,8,2,13,3
BS R ul D ur UL U,2,10,52,7,2,8,2
BS R ul ur D UL U,2,10,52,7,2,10,3
BS R ur ul D UL U,2,10,52,7,2,12,3
BS ul R D ur UL U,2,10,52,7,2,10,3
BS ul R ur D UL U,2,10,52,7,2,12,3
BS ul ur R D UL U,2,10,52,7,2,14,3
BS ur R ul D UL U,2,10,52,7,2,10,3
BS ur ul R D UL U,2,10,52,7,2,10,3
R BS ul D ur UL U,2,10,52,7,2,10,3
R BS ul ur D UL U,2,10,52,7,2,12,3
R BS ur ul D UL U,2,10,52,7,2,10,3
R ul BS D ur UL U,2,10,52,7,2,10,3
R ul BS ur D UL U,2,10,52,7,2,10,3
R ul D BS ur UL U,2,10,52,7,2,8,2
R ul D ur BS UL U,2,10,52,7,2,6,1
R ul ur BS D UL U,2,10,52,7,2,10,3
R ul ur D BS UL U,2,10,52,7,2,8,2
R ur BS ul D UL U,2,10,52,7,2,12,3
R ur ul BS D UL U,2,10,52,7,2,14,3
R ur ul D BS UL U,2,10,52,7,2,10,3
ul BS R D ur UL U,2,10,52,7,2,11,3
ul BS R ur D UL U,2,10,52,7,2,13,3
ul BS ur R D UL U,2,10,52,7,2,13,3
ul R BS D ur UL U,2,10,52,7,2,9,2
ul R BS ur D UL U,2,10,52,7,2,9,3
ul R D BS ur UL U,2,10,52,7,2,9,2
ul R D ur BS UL U,2,10,52,7,2,7,2
ul R ur BS D UL U,2,10,52,7,2,11,3
ul R ur D BS UL U,2,10,52,7,2,9,3
ul ur BS R D UL U,2,10,52,7,2,11,3
ul ur R BS D UL U,2,10,52,7,2,13,3
ul ur R D BS UL U,2,10,52,7,2,11,3
ur BS R ul D UL U,2,10,52,7,2,9,3
ur BS ul R D UL U,2,10,52,7,2,11,3
ur R BS ul D UL U,2,10,52,7,2,13,3
ur R ul BS D UL U,2,10,52,7,2,13,3
ur R ul D BS UL U,2,10,52,7,2,9,3
ur ul BS R D UL U,2,10,52,7,2,13,3
ur ul R BS D UL U,2,10,52,7,2,11,3
ur ul R D BS UL U,2,10,52,7,2,9,2
BS D ul R UL ur U,2,10,52,8,2,12,3
BS D UL U ul ur R,2,10,52,8,2,14,3
BS D UL U ur ul R,2,10,52,8,2,12,3
BS D ul UL R ur U,2,10,52,8,2,16,4
BS D UL ul R ur U,2,10,52,8,2,16,4
BS D ul UL U ur R,2,10,52,8,2,14,4
BS D UL ul U ur R,2,10,52,8,2,18,4
BS D ul UL ur R U,2,10,52,8,2,14,4
BS D UL ul ur R U,2,10,52,8,2,16,4
BS D ul UL ur U R,2,10,52,8,2,14,4
BS D UL ul ur U R,2,10,52,8,2,16,4
BS D UL ur U ul R,2,10,52,8,2,14,3
BS D UL ur ul R U,2,10,52,8,2,12,3
BS D UL ur ul U R,2,10,52,8,2,14,3
BS ul D R UL ur U,2,10,52,8,2,14,3
BS UL D U ul ur R,2,10,52,8,2,16,4
BS UL D U ur ul R,2,10,52,8,2,14,4
BS ul D UL R ur U,2,10,52,8,2,16,3
BS UL D ul R ur U,2,10,52,8,2,12,3
BS ul D UL U ur R,2,10,52,8,2,14,3
BS UL D ul U ur R,2,10,52,8,2,14,3
BS ul D UL ur R U,2,10,52,8,2,14,3
BS UL D ul ur R U,2,10,52,8,2,12,3
BS ul D UL ur U R,2,10,52,8,2,14,3
BS UL D ul ur U R,2,10,52,8,2,12,3
BS UL D ur U ul R,2,10,52,8,2,12,3
BS UL D ur ul R U,2,10,52,8,2,10,3
BS UL D ur ul U R,2,10,52,8,2,12,3
BS UL U D ul ur R,2,10,52,8,2,12,4
BS UL U D ur ul R,2,10,52,8,2,10,4
BS UL U ul D ur R,2,10,52,8,2,10,3
BS ul UL D R ur U,2,10,52,8,2,18,4
BS UL ul D R ur U,2,10,52,8,2,14,4
BS ul UL D U ur R,2,10,52,8,2,20,4
BS UL ul D U ur R,2,10,52,8,2,16,4
BS ul UL D ur R U,2,10,52,8,2,16,4
BS UL ul D ur R U,2,10,52,8,2,12,4
BS ul UL D ur U R,2,10,52,8,2,16,4
BS UL ul D ur U R,2,10,52,8,2,12,4
BS ul UL U D ur R,2,10,52,8,2,16,4
BS UL ul U D ur R,2,10,52,8,2,16,4
D BS ul R UL ur U,2,10,52,8,2,14,3
D BS UL U ul ur R,2,10,52,8,2,12,3
D BS UL U ur ul R,2,10,52,8,2,10,3
D BS ul UL R ur U,2,10,52,8,2,18,4
D BS UL ul R ur U,2,10,52,8,2,14,4
D BS ul UL U ur R,2,10,52,8,2,16,4
D BS UL ul U ur R,2,10,52,8,2,16,4
D BS ul UL ur R U,2,10,52,8,2,16,4
D BS UL ul ur R U,2,10,52,8,2,14,4
D BS ul UL ur U R,2,10,52,8,2,16,4
D BS UL ul ur U R,2,10,52,8,2,14,4
D BS UL ur U ul R,2,10,52,8,2,12,3
D BS UL ur ul R U,2,10,52,8,2,10,2
D BS UL ur ul U R,2,10,52,8,2,12,3
D ul BS R UL ur U,2,10,52,8,2,14,3
D UL BS U ul ur R,2,10,52,8,2,14,3
D UL BS U ur ul R,2,10,52,8,2,12,3
D ul BS UL R ur U,2,10,52,8,2,14,3
D UL BS ul R ur U,2,10,52,8,2,14,3
D ul BS UL U ur R,2,10,52,8,2,12,3
D UL BS ul U ur R,2,10,52,8,2,16,3
D ul BS UL ur R U,2,10,52,8,2,12,3
D UL BS ul ur R U,2,10,52,8,2,14,3
D ul BS UL ur U R,2,10,52,8,2,12,3
D UL BS ul ur U R,2,10,52,8,2,14,3
D UL BS ur U ul R,2,10,52,8,2,12,3
D UL BS ur ul R U,2,10,52,8,2,10,3
D UL BS ur ul U R,2,10,52,8,2,12,3
D ul R BS UL ur U,2,10,52,8,2,10,3
D ul R UL BS ur U,2,10,52,8,2,10,3
D ul R UL ur BS U,2,10,52,8,2,10,3
D ul R ur UL BS U,2,10,52,8,2,10,3
D UL U BS ul ur R,2,10,52,8,2,14,3
D UL U BS ur ul R,2,10,52,8,2,10,3
D UL U ul BS ur R,2,10,52,8,2,14,3
D UL U ul ur BS R,2,10,52,8,2,12,3
D UL U ur BS ul R,2,10,52,8,2,12,3
D UL U ur ul BS R,2,10,52,8,2,14,3
D ul UL BS R ur U,2,10,52,8,2,14,4
D UL ul BS R ur U,2,10,52,8,2,18,4
D ul UL BS U ur R,2,10,52,8,2,14,4
D UL ul BS U ur R,2,10,52,8,2,18,4
D ul UL BS ur R U,2,10,52,8,2,12,4
D UL ul BS ur R U,2,10,52,8,2,16,4
D ul UL BS ur U R,2,10,52,8,2,12,4
D UL ul BS ur U R,2,10,52,8,2,16,4
D ul UL R BS ur U,2,10,52,8,2,14,4
D UL ul R BS ur U,2,10,52,8,2,14,4
D ul UL R ur BS U,2,10,52,8,2,14,4
D UL ul R ur BS U,2,10,52,8,2,14,4
D ul UL U BS ur R,2,10,52,8,2,12,4
D UL ul U BS ur R,2,10,52,8,2,16,4
D ul UL U ur BS R,2,10,52,8,2,12,4
D UL ul U ur BS R,2,10,52,8,2,16,4
D ul UL ur BS R U,2,10,52,8,2,12,4
D UL ul ur BS R U,2,10,52,8,2,14,4
D ul UL ur BS U R,2,10,52,8,2,12,4
D UL ul ur BS U R,2,10,52,8,2,14,4
D ul UL ur R BS U,2,10,52,8,2,14,4
D UL ul ur R BS U,2,10,52,8,2,16,4
D ul UL ur U BS R,2,10,52,8,2,14,4
D UL ul ur U BS R,2,10,52,8,2,16,4
D UL ur BS U ul R,2,10,52,8,2,12,3
D UL ur BS ul R U,2,10,52,8,2,12,3
D UL ur BS ul U R,2,10,52,8,2,14,3
D ul ur R UL BS U,2,10,52,8,2,12,3
D UL ur U BS ul R,2,10,52,8,2,14,3
D UL ur U ul BS R,2,10,52,8,2,16,3
D ul ur UL BS R U,2,10,52,8,2,10,2
D UL ur ul BS R U,2,10,52,8,2,14,3
D ul ur UL BS U R,2,10,52,8,2,10,2
D UL ur ul BS U R,2,10,52,8,2,14,3
D ul ur UL R BS U,2,10,52,8,2,12,3
D UL ur ul R BS U,2,10,52,8,2,12,3
D ul ur UL U BS R,2,10,52,8,2,10,2
D UL ur ul U BS R,2,10,52,8,2,14,3
D ur UL BS U ul R,2,10,52,8,2,10,3
D ur UL BS ul R U,2,10,52,8,2,10,3
D ur UL BS ul U R,2,10,52,8,2,12,3
D ur ul R UL BS U,2,10,52,8,2,10,3
D ur UL U BS ul R,2,10,52,8,2,10,3
D ur UL U ul BS R,2,10,52,8,2,12,3
D ur ul UL BS R U,2,10,52,8,2,12,4
D ur UL ul BS R U,2,10,52,8,2,14,4
D ur ul UL BS U R,2,10,52,8,2,12,4
D ur UL ul BS U R,2,10,52,8,2,14,4
D ur ul UL R BS U,2,10,52,8,2,14,4
D ur UL ul R BS U,2,10,52,8,2,12,4
D ur ul UL U BS R,2,10,52,8,2,12,4
D ur UL ul U BS R,2,10,52,8,2,14,4
ul BS D R UL ur U,2,10,52,8,2,15,3
UL BS D U ul ur R,2,10,52,8,2,15,4
UL BS D U ur ul R,2,10,52,8,2,13,4
ul BS D UL R ur U,2,10,52,8,2,17,3
UL BS D ul R ur U,2,10,52,8,2,11,3
ul BS D UL U ur R,2,10,52,8,2,15,3
UL BS D ul U ur R,2,10,52,8,2,13,3
ul BS D UL ur R U,2,10,52,8,2,15,3
UL BS D ul ur R U,2,10,52,8,2,11,3
ul BS D UL ur U R,2,10,52,8,2,15,3
UL BS D ul ur U R,2,10,52,8,2,11,3
UL BS D ur U ul R,2,10,52,8,2,11,3
UL BS D ur ul R U,2,10,52,8,2,9,2
UL BS D ur ul U R,2,10,52,8,2,11,3
UL BS U D ul ur R,2,10,52,8,2,13,4
UL BS U D ur ul R,2,10,52,8,2,11,4
UL BS U ul D ur R,2,10,52,8,2,11,3
ul BS UL D R ur U,2,10,52,8,2,15,3
UL BS ul D R ur U,2,10,52,8,2,13,3
ul BS UL D U ur R,2,10,52,8,2,17,4
UL BS ul D U ur R,2,10,52,8,2,15,4
ul BS UL D ur R U,2,10,52,8,2,13,3
UL BS ul D ur R U,2,10,52,8,2,11,3
ul BS UL D ur U R,2,10,52,8,2,13,3
UL BS ul D ur U R,2,10,52,8,2,11,3
ul BS UL U D ur R,2,10,52,8,2,13,4
UL BS ul U D ur R,2,10,52,8,2,15,4
ul D BS R UL ur U,2,10,52,8,2,13,3
UL D BS U ul ur R,2,10,52,8,2,15,3
UL D BS U ur ul R,2,10,52,8,2,13,3
ul D BS UL R ur U,2,10,52,8,2,13,3
UL D BS ul R ur U,2,10,52,8,2,15,3
ul D BS UL U ur R,2,10,52,8,2,11,3
UL D BS ul U ur R,2,10,52,8,2,17,3
ul D BS UL ur R U,2,10,52,8,2,11,3
UL D BS ul ur R U,2,10,52,8,2,15,3
ul D BS UL ur U R,2,10,52,8,2,11,3
UL D BS ul ur U R,2,10,52,8,2,15,3
UL D BS ur U ul R,2,10,52,8,2,13,3
UL D BS ur ul R U,2,10,52,8,2,11,3
UL D BS ur ul U R,2,10,52,8,2,13,3
ul D R BS UL ur U,2,10,52,8,2,11,3
ul D R UL BS ur U,2,10,52,8,2,11,3
ul D R UL ur BS U,2,10,52,8,2,11,3
ul D R ur UL BS U,2,10,52,8,2,11,3
UL D U BS ul ur R,2,10,52,8,2,17,4
UL D U BS ur ul R,2,10,52,8,2,13,4
UL D U ul BS ur R,2,10,52,8,2,17,4
UL D U ul ur BS R,2,10,52,8,2,15,4
UL D U ur BS ul R,2,10,52,8,2,15,4
UL D U ur ul BS R,2,10,52,8,2,17,4
ul D UL BS R ur U,2,10,52,8,2,13,3
UL D ul BS R ur U,2,10,52,8,2,15,3
ul D UL BS U ur R,2,10,52,8,2,13,3
UL D ul BS U ur R,2,10,52,8,2,15,3
ul D UL BS ur R U,2,10,52,8,2,11,3
UL D ul BS ur R U,2,10,52,8,2,13,3
ul D UL BS ur U R,2,10,52,8,2,11,3
UL D ul BS ur U R,2,10,52,8,2,13,3
ul D UL R BS ur U,2,10,52,8,2,13,3
UL D ul R BS ur U,2,10,52,8,2,11,3
ul D UL R ur BS U,2,10,52,8,2,13,3
UL D ul R ur BS U,2,10,52,8,2,11,3
ul D UL U BS ur R,2,10,52,8,2,11,3
UL D ul U BS ur R,2,10,52,8,2,13,3
ul D UL U ur BS R,2,10,52,8,2,11,3
UL D ul U ur BS R,2,10,52,8,2,13,3
ul D UL ur BS R U,2,10,52,8,2,11,3
UL D ul ur BS R U,2,10,52,8,2,11,3
ul D UL ur BS U R,2,10,52,8,2,11,3
UL D ul ur BS U R,2,10,52,8,2,11,3
ul D UL ur R BS U,2,10,52,8,2,13,3
UL D ul ur R BS U,2,10,52,8,2,13,3
ul D UL ur U BS R,2,10,52,8,2,13,3
UL D ul ur U BS R,2,10,52,8,2,13,3
UL D ur BS U ul R,2,10,52,8,2,11,3
UL D ur BS ul R U,2,10,52,8,2,11,3
UL D ur BS ul U R,2,10,52,8,2,13,3
ul D ur R UL BS U,2,10,52,8,2,11,3
UL D ur U BS ul R,2,10,52,8,2,13,3
UL D ur U ul BS R,2,10,52,8,2,15,3
ul D ur UL BS R U,2,10,52,8,2,9,2
UL D ur ul BS R U,2,10,52,8,2,13,3
ul D ur UL BS U R,2,10,52,8,2,9,2
UL D ur ul BS U R,2,10,52,8,2,13,3
ul D ur UL R BS U,2,10,52,8,2,11,3
UL D ur ul R BS U,2,10,52,8,2,11,3
ul D ur UL U BS R,2,10,52,8,2,9,2
UL D ur ul U BS R,2,10,52,8,2,13,3
UL U BS D ul ur R,2,10,52,8,2,11,3
UL U BS D ur ul R,2,10,52,8,2,9,2
UL U BS ul D ur R,2,10,52,8,2,11,3
UL U D BS ul ur R,2,10,52,8,2,15,4
UL U D BS ur ul R,2,10,52,8,2,11,4
UL U D ul BS ur R,2,10,52,8,2,13,4
UL U D ul ur BS R,2,10,52,8,2,11,4
UL U D ur BS ul R,2,10,52,8,2,11,4
UL U D ur ul BS R,2,10,52,8,2,13,4
UL U ul BS D ur R,2,10,52,8,2,13,3
UL U ul D BS ur R,2,10,52,8,2,11,3
UL U ul D ur BS R,2,10,52,8,2,9,3
UL U ul ur D BS R,2,10,52,8,2,11,3
UL U ur D BS ul R,2,10,52,8,2,11,3
UL U ur D ul BS R,2,10,52,8,2,11,3
UL U ur ul D BS R,2,10,52,8,2,11,3
ul UL BS D R ur U,2,10,52,8,2,15,4
UL ul BS D R ur U,2,10,52,8,2,17,4
ul UL BS D U ur R,2,10,52,8,2,17,4
UL ul BS D U ur R,2,10,52,8,2,19,4
ul UL BS D ur R U,2,10,52,8,2,13,4
UL ul BS D ur R U,2,10,52,8,2,15,4
ul UL BS D ur U R,2,10,52,8,2,13,4
UL ul BS D ur U R,2,10,52,8,2,15,4
ul UL BS U D ur R,2,10,52,8,2,15,4
UL ul BS U D ur R,2,10,52,8,2,17,4
ul UL D BS R ur U,2,10,52,8,2,17,4
UL ul D BS R ur U,2,10,52,8,2,15,4
ul UL D BS U ur R,2,10,52,8,2,17,4
UL ul D BS U ur R,2,10,52,8,2,15,4
ul UL D BS ur R U,2,10,52,8,2,15,4
UL ul D BS ur R U,2,10,52,8,2,13,4
ul UL D BS ur U R,2,10,52,8,2,15,4
UL ul D BS ur U R,2,10,52,8,2,13,4
ul UL D R BS ur U,2,10,52,8,2,15,4
UL ul D R BS ur U,2,10,52,8,2,13,4
ul UL D R ur BS U,2,10,52,8,2,15,4
UL ul D R ur BS U,2,10,52,8,2,13,4
ul UL D U BS ur R,2,10,52,8,2,17,4
UL ul D U BS ur R,2,10,52,8,2,15,4
ul UL D U ur BS R,2,10,52,8,2,17,4
UL ul D U ur BS R,2,10,52,8,2,15,4
ul UL D ur BS R U,2,10,52,8,2,13,4
UL ul D ur BS R U,2,10,52,8,2,11,4
ul UL D ur BS U R,2,10,52,8,2,13,4
UL ul D ur BS U R,2,10,52,8,2,11,4
ul UL D ur R BS U,2,10,52,8,2,15,4
UL ul D ur R BS U,2,10,52,8,2,13,4
ul UL D ur U BS R,2,10,52,8,2,15,4
UL ul D ur U BS R,2,10,52,8,2,13,4
ul UL U BS D ur R,2,10,52,8,2,13,4
UL ul U BS D ur R,2,10,52,8,2,15,4
ul UL U D BS ur R,2,10,52,8,2,15,4
UL ul U D BS ur R,2,10,52,8,2,17,4
ul UL U D ur BS R,2,10,52,8,2,13,4
UL ul U D ur BS R,2,10,52,8,2,15,4
ul UL U ur D BS R,2,10,52,8,2,13,4
UL ul U ur D BS R,2,10,52,8,2,15,4
ul UL ur D BS R U,2,10,52,8,2,13,4
UL ul ur D BS R U,2,10,52,8,2,13,4
ul UL ur D BS U R,2,10,52,8,2,13,4
UL ul ur D BS U R,2,10,52,8,2,13,4
ul UL ur D R BS U,2,10,52,8,2,13,4
UL ul ur D R BS U,2,10,52,8,2,13,4
ul UL ur D U BS R,2,10,52,8,2,15,4
UL ul ur D U BS R,2,10,52,8,2,15,4
ul UL ur U D BS R,2,10,52,8,2,17,4
UL ul ur U D BS R,2,10,52,8,2,17,4
UL ur D BS U ul R,2,10,52,8,2,11,3
UL ur D BS ul R U,2,10,52,8,2,11,3
UL ur D BS ul U R,2,10,52,8,2,13,3
ul ur D R UL BS U,2,10,52,8,2,11,3
UL ur D U BS ul R,2,10,52,8,2,13,4
UL ur D U ul BS R,2,10,52,8,2,15,4
ul ur D UL BS R U,2,10,52,8,2,11,3
UL ur D ul BS R U,2,10,52,8,2,11,3
ul ur D UL BS U R,2,10,52,8,2,11,3
UL ur D ul BS U R,2,10,52,8,2,11,3
ul ur D UL R BS U,2,10,52,8,2,13,3
UL ur D ul R BS U,2,10,52,8,2,9,2
ul ur D UL U BS R,2,10,52,8,2,11,3
UL ur D ul U BS R,2,10,52,8,2,11,3
UL ur U D BS ul R,2,10,52,8,2,15,4
UL ur U D ul BS R,2,10,52,8,2,15,4
UL ur U ul D BS R,2,10,52,8,2,13,3
ul ur UL D BS R U,2,10,52,8,2,13,3
UL ur ul D BS R U,2,10,52,8,2,11,2
ul ur UL D BS U R,2,10,52,8,2,13,3
UL ur ul D BS U R,2,10,52,8,2,11,2
ul ur UL D R BS U,2,10,52,8,2,13,3
UL ur ul D R BS U,2,10,52,8,2,11,2
ul ur UL D U BS R,2,10,52,8,2,15,4
UL ur ul D U BS R,2,10,52,8,2,13,4
ul ur UL U D BS R,2,10,52,8,2,13,4
UL ur ul U D BS R,2,10,52,8,2,15,4
ur D UL BS U ul R,2,10,52,8,2,11,3
ur D UL BS ul R U,2,10,52,8,2,11,3
ur D UL BS ul U R,2,10,52,8,2,13,3
ur D ul R UL BS U,2,10,52,8,2,9,3
ur D UL U BS ul R,2,10,52,8,2,11,3
ur D UL U ul BS R,2,10,52,8,2,13,3
ur D ul UL BS R U,2,10,52,8,2,11,4
ur D UL ul BS R U,2,10,52,8,2,15,4
ur D ul UL BS U R,2,10,52,8,2,11,4
ur D UL ul BS U R,2,10,52,8,2,15,4
ur D ul UL R BS U,2,10,52,8,2,13,4
ur D UL ul R BS U,2,10,52,8,2,13,4
ur D ul UL U BS R,2,10,52,8,2,11,4
ur D UL ul U BS R,2,10,52,8,2,15,4
ur UL D BS U ul R,2,10,52,8,2,13,3
ur UL D BS ul R U,2,10,52,8,2,13,3
ur UL D BS ul U R,2,10,52,8,2,15,3
ur ul D R UL BS U,2,10,52,8,2,11,3
ur UL D U BS ul R,2,10,52,8,2,15,4
ur UL D U ul BS R,2,10,52,8,2,17,4
ur ul D UL BS R U,2,10,52,8,2,11,3
ur UL D ul BS R U,2,10,52,8,2,13,3
ur ul D UL BS U R,2,10,52,8,2,11,3
ur UL D ul BS U R,2,10,52,8,2,13,3
ur ul D UL R BS U,2,10,52,8,2,13,3
ur UL D ul R BS U,2,10,52,8,2,11,3
ur ul D UL U BS R,2,10,52,8,2,11,3
ur UL D ul U BS R,2,10,52,8,2,13,3
ur UL U D BS ul R,2,10,52,8,2,13,4
ur UL U D ul BS R,2,10,52,8,2,13,4
ur UL U ul D BS R,2,10,52,8,2,11,3
ur ul UL D BS R U,2,10,52,8,2,15,4
ur UL ul D BS R U,2,10,52,8,2,13,4
ur ul UL D BS U R,2,10,52,8,2,15,4
ur UL ul D BS U R,2,10,52,8,2,13,4
ur ul UL D R BS U,2,10,52,8,2,15,4
ur UL ul D R BS U,2,10,52,8,2,13,4
ur ul UL D U BS R,2,10,52,8,2,17,4
ur UL ul D U BS R,2,10,52,8,2,15,4
ur ul UL U D BS R,2,10,52,8,2,15,4
ur UL ul U D BS R,2,10,52,8,2,17,4
BS R U ul D ur UL,2,10,54,8,2,11,3
BS R U ul UL ur D,2,10,54,8,2,14,4
BS R U UL ul ur D,2,10,54,8,2,12,4
BS R U ul ur D UL,2,10,54,8,2,13,3
BS R U ul ur UL D,2,10,54,8,2,14,3
BS R U UL ur ul D,2,10,54,8,2,10,2
BS R U ur ul D UL,2,10,54,8,2,13,3
BS R U ur ul UL D,2,10,54,8,2,16,4
BS R U ur UL ul D,2,10,54,8,2,14,4
BS R ul D U ur UL,2,10,54,8,2,13,4
BS R ul D ur U UL,2,10,54,8,2,9,3
BS R ul U D ur UL,2,10,54,8,2,13,4
BS R ul U UL ur D,2,10,54,8,2,10,3
BS R ul U ur D UL,2,10,54,8,2,13,3
BS R ul U ur UL D,2,10,54,8,2,14,3
BS R ul ur D U UL,2,10,54,8,2,11,4
BS R ul ur U D UL,2,10,54,8,2,15,4
BS R ul ur U UL D,2,10,54,8,2,12,3
BS R ur U ul D UL,2,10,54,8,2,15,3
BS R ur U ul UL D,2,10,54,8,2,18,4
BS R ur U UL ul D,2,10,54,8,2,14,4
BS R ur ul D U UL,2,10,54,8,2,13,4
BS R ur ul U D UL,2,10,54,8,2,17,4
BS R ur ul U UL D,2,10,54,8,2,14,3
BS U R ul D ur UL,2,10,54,8,2,9,2
BS U R ul UL ur D,2,10,54,8,2,12,4
BS U R UL ul ur D,2,10,54,8,2,14,4
BS U R ul ur D UL,2,10,54,8,2,11,3
BS U R ul ur UL D,2,10,54,8,2,12,3
BS U R UL ur ul D,2,10,54,8,2,12,3
BS U R ur ul D UL,2,10,54,8,2,13,3
BS U R ur ul UL D,2,10,54,8,2,16,4
BS U R ur UL ul D,2,10,54,8,2,14,4
BS U ul R D ur UL,2,10,54,8,2,11,3
BS U ul R UL ur D,2,10,54,8,2,12,3
BS U ul R ur D UL,2,10,54,8,2,13,3
BS U ul R ur UL D,2,10,54,8,2,14,3
BS U ul ur R D UL,2,10,54,8,2,15,3
BS U ul ur R UL D,2,10,54,8,2,16,3
BS U ur R ul D UL,2,10,54,8,2,13,3
BS U ur R ul UL D,2,10,54,8,2,16,4
BS U ur R UL ul D,2,10,54,8,2,16,4
BS U ur ul R D UL,2,10,54,8,2,13,3
BS U ur ul R UL D,2,10,54,8,2,14,3
BS ul R D U ur UL,2,10,54,8,2,15,4
BS ul R D ur U UL,2,10,54,8,2,11,3
BS ul R U D ur UL,2,10,54,8,2,13,4
BS ul R U UL ur D,2,10,54,8,2,10,3
BS ul R U ur D UL,2,10,54,8,2,13,3
BS ul R U ur UL D,2,10,54,8,2,14,3
BS ul R ur D U UL,2,10,54,8,2,13,4
BS ul R ur U D UL,2,10,54,8,2,17,4
BS ul R ur U UL D,2,10,54,8,2,14,3
BS ul U R D ur UL,2,10,54,8,2,13,3
BS ul U R UL ur D,2,10,54,8,2,14,3
BS ul U R ur D UL,2,10,54,8,2,15,3
BS ul U R ur UL D,2,10,54,8,2,16,3
BS ul U ur R D UL,2,10,54,8,2,17,3
BS ul U ur R UL D,2,10,54,8,2,18,3
BS ul ur R D U UL,2,10,54,8,2,15,4
BS ul ur R U D UL,2,10,54,8,2,17,4
BS ul ur R U UL D,2,10,54,8,2,14,3
BS ul ur U R D UL,2,10,54,8,2,15,3
BS ul ur U R UL D,2,10,54,8,2,16,3
BS ur R U ul D UL,2,10,54,8,2,13,3
BS ur R U ul UL D,2,10,54,8,2,16,4
BS ur R U UL ul D,2,10,54,8,2,12,4
BS ur R ul D U UL,2,10,54,8,2,11,4
BS ur R ul U D UL,2,10,54,8,2,15,4
BS ur R ul U UL D,2,10,54,8,2,12,3
BS ur U R ul D UL,2,10,54,8,2,11,3
BS ur U R ul UL D,2,10,54,8,2,14,4
BS ur U R UL ul D,2,10,54,8,2,14,4
BS ur U ul R D UL,2,10,54,8,2,13,3
BS ur U ul R UL D,2,10,54,8,2,14,3
BS ur ul R D U UL,2,10,54,8,2,11,4
BS ur ul R U D UL,2,10,54,8,2,13,4
BS ur ul R U UL D,2,10,54,8,2,10,3
BS ur ul U R D UL,2,10,54,8,2,13,3
BS ur ul U R UL D,2,10,54,8,2,14,3
R BS U ul D ur UL,2,10,54,8,2,11,3
R BS U ul UL ur D,2,10,54,8,2,14,4
R BS U UL ul ur D,2,10,54,8,2,12,4
R BS U ul ur D UL,2,10,54,8,2,13,3
R BS U ul ur UL D,2,10,54,8,2,14,3
R BS U UL ur ul D,2,10,54,8,2,10,2
R BS U ur ul D UL,2,10,54,8,2,13,3
R BS U ur ul UL D,2,10,54,8,2,16,4
R BS U ur UL ul D,2,10,54,8,2,14,4
R BS ul D U ur UL,2,10,54,8,2,15,4
R BS ul D ur U UL,2,10,54,8,2,11,3
R BS ul U D ur UL,2,10,54,8,2,15,4
R BS ul U UL ur D,2,10,54,8,2,12,3
R BS ul U ur D UL,2,10,54,8,2,15,3
R BS ul U ur UL D,2,10,54,8,2,16,3
R BS ul ur D U UL,2,10,54,8,2,13,4
R BS ul ur U D UL,2,10,54,8,2,17,4
R BS ul ur U UL D,2,10,54,8,2,14,3
R BS ur U ul D UL,2,10,54,8,2,13,3
R BS ur U ul UL D,2,10,54,8,2,16,4
R BS ur U UL ul D,2,10,54,8,2,12,4
R BS ur ul D U UL,2,10,54,8,2,11,4
R BS ur ul U D UL,2,10,54,8,2,15,4
R BS ur ul U UL D,2,10,54,8,2,12,3
R U BS ul D ur UL,2,10,54,8,2,11,3
R U BS ul UL ur D,2,10,54,8,2,14,4
R U BS UL ul ur D,2,10,54,8,2,12,4
R U BS ul ur D UL,2,10,54,8,2,13,3
R U BS ul ur UL D,2,10,54,8,2,14,3
R U BS UL ur ul D,2,10,54,8,2,10,2
R U BS ur ul D UL,2,10,54,8,2,11,3
R U BS ur ul UL D,2,10,54,8,2,14,4
R U BS ur UL ul D,2,10,54,8,2,12,4
R U ul BS D ur UL,2,10,54,8,2,13,3
R U ul BS UL ur D,2,10,54,8,2,12,3
R U UL BS ul ur D,2,10,54,8,2,10,3
R U ul BS ur D UL,2,10,54,8,2,13,3
R U ul BS ur UL D,2,10,54,8,2,14,3
R U UL BS ur ul D,2,10,54,8,2,8,2
R U ul D BS ur UL,2,10,54,8,2,11,3
R U ul D ur BS UL,2,10,54,8,2,9,3
R U ul UL BS ur D,2,10,54,8,2,12,4
R U UL ul BS ur D,2,10,54,8,2,12,4
R U ul UL ur BS D,2,10,54,8,2,14,4
R U UL ul ur BS D,2,10,54,8,2,12,4
R U ul ur BS D UL,2,10,54,8,2,13,3
R U ul ur BS UL D,2,10,54,8,2,12,3
R U UL ur BS ul D,2,10,54,8,2,10,3
R U ul ur D BS UL,2,10,54,8,2,11,3
R U ul ur UL BS D,2,10,54,8,2,12,3
R U UL ur ul BS D,2,10,54,8,2,12,3
R U ur BS ul D UL,2,10,54,8,2,13,3
R U ur BS ul UL D,2,10,54,8,2,16,4
R U ur BS UL ul D,2,10,54,8,2,12,4
R U ur ul BS D UL,2,10,54,8,2,15,3
R U ur ul BS UL D,2,10,54,8,2,14,3
R U ur UL BS ul D,2,10,54,8,2,12,3
R U ur ul D BS UL,2,10,54,8,2,11,3
R U ur ul UL BS D,2,10,54,8,2,14,4
R U ur UL ul BS D,2,10,54,8,2,16,4
R ul BS D U ur UL,2,10,54,8,2,15,4
R ul BS D ur U UL,2,10,54,8,2,11,3
R ul BS U D ur UL,2,10,54,8,2,13,4
R ul BS U UL ur D,2,10,54,8,2,10,3
R ul BS U ur D UL,2,10,54,8,2,13,3
R ul BS U ur UL D,2,10,54,8,2,14,3
R ul BS ur D U UL,2,10,54,8,2,11,4
R ul BS ur U D UL,2,10,54,8,2,15,4
R ul BS ur U UL D,2,10,54,8,2,12,3
R ul D BS U ur UL,2,10,54,8,2,11,3
R ul D BS ur U UL,2,10,54,8,2,9,3
R ul D U BS ur UL,2,10,54,8,2,11,4
R ul D U ur BS UL,2,10,54,8,2,11,4
R ul D ur BS U UL,2,10,54,8,2,7,2
R ul D ur U BS UL,2,10,54,8,2,9,3
R ul U BS D ur UL,2,10,54,8,2,11,3
R ul U BS UL ur D,2,10,54,8,2,10,3
R ul U BS ur D UL,2,10,54,8,2,11,3
R ul U BS ur UL D,2,10,54,8,2,12,3
R ul U D BS ur UL,2,10,54,8,2,13,4
R ul U D ur BS UL,2,10,54,8,2,11,4
R ul U UL BS ur D,2,10,54,8,2,8,3
R ul U UL ur BS D,2,10,54,8,2,10,3
R ul U ur BS D UL,2,10,54,8,2,13,3
R ul U ur BS UL D,2,10,54,8,2,12,3
R ul U ur D BS UL,2,10,54,8,2,11,3
R ul U ur UL BS D,2,10,54,8,2,12,3
R ul ur BS D U UL,2,10,54,8,2,11,4
R ul ur BS U D UL,2,10,54,8,2,13,4
R ul ur BS U UL D,2,10,54,8,2,10,3
R ul ur D BS U UL,2,10,54,8,2,9,2
R ul ur D U BS UL,2,10,54,8,2,11,4
R ul ur U BS D UL,2,10,54,8,2,13,3
R ul ur U BS UL D,2,10,54,8,2,12,3
R ul ur U D BS UL,2,10,54,8,2,13,4
R ul ur U UL BS D,2,10,54,8,2,10,3
R ur BS U ul D UL,2,10,54,8,2,13,3
R ur BS U ul UL D,2,10,54,8,2,16,4
R ur BS U UL ul D,2,10,54,8,2,12,4
R ur BS ul D U UL,2,10,54,8,2,13,4
R ur BS ul U D UL,2,10,54,8,2,17,4
R ur BS ul U UL D,2,10,54,8,2,14,3
R ur U BS ul D UL,2,10,54,8,2,15,3
R ur U BS ul UL D,2,10,54,8,2,18,4
R ur U BS UL ul D,2,10,54,8,2,14,4
R ur U ul BS D UL,2,10,54,8,2,17,3
R ur U ul BS UL D,2,10,54,8,2,16,3
R ur U UL BS ul D,2,10,54,8,2,12,3
R ur U ul D BS UL,2,10,54,8,2,13,3
R ur U ul UL BS D,2,10,54,8,2,16,4
R ur U UL ul BS D,2,10,54,8,2,16,4
R ur ul BS D U UL,2,10,54,8,2,15,4
R ur ul BS U D UL,2,10,54,8,2,17,4
R ur ul BS U UL D,2,10,54,8,2,14,3
R ur ul D BS U UL,2,10,54,8,2,11,3
R ur ul D U BS UL,2,10,54,8,2,13,4
R ur ul U BS D UL,2,10,54,8,2,15,3
R ur ul U BS UL D,2,10,54,8,2,14,3
R ur ul U D BS UL,2,10,54,8,2,15,4
R ur ul U UL BS D,2,10,54,8,2,12,3
U BS R ul D ur UL,2,10,54,8,2,9,2
U BS R ul UL ur D,2,10,54,8,2,12,4
U BS R UL ul ur D,2,10,54,8,2,14,4
U BS R ul ur D UL,2,10,54,8,2,11,3
U BS R ul ur UL D,2,10,54,8,2,12,3
U BS R UL ur ul D,2,10,54,8,2,12,3
U BS R ur ul D UL,2,10,54,8,2,13,3
U BS R ur ul UL D,2,10,54,8,2,16,4
U BS R ur UL ul D,2,10,54,8,2,14,4
U BS ul R D ur UL,2,10,54,8,2,11,3
U BS ul R UL ur D,2,10,54,8,2,12,3
U BS ul R ur D UL,2,10,54,8,2,13,3
U BS ul R ur UL D,2,10,54,8,2,14,3
U BS ul ur R D UL,2,10,54,8,2,15,3
U BS ul ur R UL D,2,10,54,8,2,16,3
U BS ur R ul D UL,2,10,54,8,2,11,3
U BS ur R ul UL D,2,10,54,8,2,14,4
U BS ur R UL ul D,2,10,54,8,2,14,4
U BS ur ul R D UL,2,10,54,8,2,11,3
U BS ur ul R UL D,2,10,54,8,2,12,3
U R BS ul D ur UL,2,10,54,8,2,11,3
U R BS ul UL ur D,2,10,54,8,2,14,4
U R BS UL ul ur D,2,10,54,8,2,12,4
U R BS ul ur D UL,2,10,54,8,2,13,3
U R BS ul ur UL D,2,10,54,8,2,14,3
U R BS UL ur ul D,2,10,54,8,2,10,2
U R BS ur ul D UL,2,10,54,8,2,11,3
U R BS ur ul UL D,2,10,54,8,2,14,4
U R BS ur UL ul D,2,10,54,8,2,12,4
U R ul BS D ur UL,2,10,54,8,2,11,3
U R ul BS UL ur D,2,10,54,8,2,10,3
U R UL BS ul ur D,2,10,54,8,2,12,3
U R ul BS ur D UL,2,10,54,8,2,11,3
U R ul BS ur UL D,2,10,54,8,2,12,3
U R UL BS ur ul D,2,10,54,8,2,10,3
U R ul D BS ur UL,2,10,54,8,2,9,2
U R ul D ur BS UL,2,10,54,8,2,7,2
U R ul UL BS ur D,2,10,54,8,2,10,4
U R UL ul BS ur D,2,10,54,8,2,14,4
U R ul UL ur BS D,2,10,54,8,2,12,4
U R UL ul ur BS D,2,10,54,8,2,14,4
U R ul ur BS D UL,2,10,54,8,2,11,3
U R ul ur BS UL D,2,10,54,8,2,10,3
U R UL ur BS ul D,2,10,54,8,2,12,3
U R ul ur D BS UL,2,10,54,8,2,9,2
U R ul ur UL BS D,2,10,54,8,2,10,2
U R UL ur ul BS D,2,10,54,8,2,14,3
U R ur BS ul D UL,2,10,54,8,2,13,3
U R ur BS ul UL D,2,10,54,8,2,16,4
U R ur BS UL ul D,2,10,54,8,2,12,4
U R ur ul BS D UL,2,10,54,8,2,15,3
U R ur ul BS UL D,2,10,54,8,2,14,3
U R ur UL BS ul D,2,10,54,8,2,12,3
U R ur ul D BS UL,2,10,54,8,2,11,3
U R ur ul UL BS D,2,10,54,8,2,14,4
U R ur UL ul BS D,2,10,54,8,2,16,4
U ul BS R D ur UL,2,10,54,8,2,13,3
U ul BS R UL ur D,2,10,54,8,2,14,3
U ul BS R ur D UL,2,10,54,8,2,15,3
U ul BS R ur UL D,2,10,54,8,2,16,3
U ul BS ur R D UL,2,10,54,8,2,15,3
U ul BS ur R UL D,2,10,54,8,2,16,3
U ul R BS D ur UL,2,10,54,8,2,11,3
U ul R BS UL ur D,2,10,54,8,2,10,3
U UL R BS ul ur D,2,10,54,8,2,12,3
U ul R BS ur D UL,2,10,54,8,2,11,3
U ul R BS ur UL D,2,10,54,8,2,12,3
U UL R BS ur ul D,2,10,54,8,2,10,3
U ul R D BS ur UL,2,10,54,8,2,11,3
U ul R D ur BS UL,2,10,54,8,2,9,3
U ul R UL BS ur D,2,10,54,8,2,10,3
U UL R ul BS ur D,2,10,54,8,2,10,3
U ul R UL ur BS D,2,10,54,8,2,12,3
U UL R ul ur BS D,2,10,54,8,2,10,3
U ul R ur BS D UL,2,10,54,8,2,13,3
U ul R ur BS UL D,2,10,54,8,2,12,3
U UL R ur BS ul D,2,10,54,8,2,12,3
U ul R ur D BS UL,2,10,54,8,2,11,3
U ul R ur UL BS D,2,10,54,8,2,12,3
U UL R ur ul BS D,2,10,54,8,2,14,3
U ul UL R BS ur D,2,10,54,8,2,14,4
U UL ul R BS ur D,2,10,54,8,2,10,4
U ul UL R ur BS D,2,10,54,8,2,16,4
U UL ul R ur BS D,2,10,54,8,2,12,4
U ul UL ur R BS D,2,10,54,8,2,16,4
U UL ul ur R BS D,2,10,54,8,2,14,4
U ul ur BS R D UL,2,10,54,8,2,13,3
U ul ur BS R UL D,2,10,54,8,2,14,3
U ul ur R BS D UL,2,10,54,8,2,15,3
U ul ur R BS UL D,2,10,54,8,2,14,3
U UL ur R BS ul D,2,10,54,8,2,12,3
U ul ur R D BS UL,2,10,54,8,2,13,3
U ul ur R UL BS D,2,10,54,8,2,14,3
U UL ur R ul BS D,2,10,54,8,2,12,3
U ul ur UL R BS D,2,10,54,8,2,14,3
U UL ur ul R BS D,2,10,54,8,2,10,2
U ur BS R ul D UL,2,10,54,8,2,11,3
U ur BS R ul UL D,2,10,54,8,2,14,4
U ur BS R UL ul D,2,10,54,8,2,14,4
U ur BS ul R D UL,2,10,54,8,2,13,3
U ur BS ul R UL D,2,10,54,8,2,14,3
U ur R BS ul D UL,2,10,54,8,2,15,3
U ur R BS ul UL D,2,10,54,8,2,18,4
U ur R BS UL ul D,2,10,54,8,2,14,4
U ur R ul BS D UL,2,10,54,8,2,15,3
U ur R ul BS UL D,2,10,54,8,2,14,3
U ur R UL BS ul D,2,10,54,8,2,14,3
U ur R ul D BS UL,2,10,54,8,2,11,3
U ur R ul UL BS D,2,10,54,8,2,14,4
U ur R UL ul BS D,2,10,54,8,2,18,4
U ur ul BS R D UL,2,10,54,8,2,15,3
U ur ul BS R UL D,2,10,54,8,2,16,3
U ur ul R BS D UL,2,10,54,8,2,13,3
U ur ul R BS UL D,2,10,54,8,2,12,3
U ur UL R BS ul D,2,10,54,8,2,14,3
U ur ul R D BS UL,2,10,54,8,2,11,3
U ur ul R UL BS D,2,10,54,8,2,12,3
U ur UL R ul BS D,2,10,54,8,2,14,3
U ur ul UL R BS D,2,10,54,8,2,16,4
U ur UL ul R BS D,2,10,54,8,2,14,4
ul BS R D U ur UL,2,10,54,8,2,16,4
ul BS R D ur U UL,2,10,54,8,2,12,3
ul BS R U D ur UL,2,10,54,8,2,14,4
ul BS R U UL ur D,2,10,54,8,2,11,3
ul BS R U ur D UL,2,10,54,8,2,14,3
ul BS R U ur UL D,2,10,54,8,2,15,3
ul BS R ur D U UL,2,10,54,8,2,14,4
ul BS R ur U D UL,2,10,54,8,2,18,4
ul BS R ur U UL D,2,10,54,8,2,15,3
ul BS U R D ur UL,2,10,54,8,2,12,3
ul BS U R UL ur D,2,10,54,8,2,13,3
ul BS U R ur D UL,2,10,54,8,2,14,3
ul BS U R ur UL D,2,10,54,8,2,15,3
ul BS U ur R D UL,2,10,54,8,2,16,3
ul BS U ur R UL D,2,10,54,8,2,17,3
ul BS ur R D U UL,2,10,54,8,2,14,4
ul BS ur R U D UL,2,10,54,8,2,16,4
ul BS ur R U UL D,2,10,54,8,2,13,3
ul BS ur U R D UL,2,10,54,8,2,14,3
ul BS ur U R UL D,2,10,54,8,2,15,3
ul R BS D U ur UL,2,10,54,8,2,14,4
ul R BS D ur U UL,2,10,54,8,2,10,3
ul R BS U D ur UL,2,10,54,8,2,12,4
ul R BS U UL ur D,2,10,54,8,2,9,2
ul R BS U ur D UL,2,10,54,8,2,12,3
ul R BS U ur UL D,2,10,54,8,2,13,3
ul R BS ur D U UL,2,10,54,8,2,10,4
ul R BS ur U D UL,2,10,54,8,2,14,4
ul R BS ur U UL D,2,10,54,8,2,11,3
ul R D BS U ur UL,2,10,54,8,2,12,3
ul R D BS ur U UL,2,10,54,8,2,10,3
ul R D U BS ur UL,2,10,54,8,2,12,4
ul R D U ur BS UL,2,10,54,8,2,12,4
ul R D ur BS U UL,2,10,54,8,2,8,2
ul R D ur U BS UL,2,10,54,8,2,10,3
ul R U BS D ur UL,2,10,54,8,2,10,2
ul R U BS UL ur D,2,10,54,8,2,9,2
ul R U BS ur D UL,2,10,54,8,2,10,3
ul R U BS ur UL D,2,10,54,8,2,11,3
ul R U D BS ur UL,2,10,54,8,2,12,4
ul R U D ur BS UL,2,10,54,8,2,10,4
ul R U UL BS ur D,2,10,54,8,2,7,2
ul R U UL ur BS D,2,10,54,8,2,9,2
ul R U ur BS D UL,2,10,54,8,2,12,3
ul R U ur BS UL D,2,10,54,8,2,11,3
ul R U ur D BS UL,2,10,54,8,2,10,3
ul R U ur UL BS D,2,10,54,8,2,11,3
ul R ur BS D U UL,2,10,54,8,2,12,4
ul R ur BS U D UL,2,10,54,8,2,14,4
ul R ur BS U UL D,2,10,54,8,2,11,3
ul R ur D BS U UL,2,10,54,8,2,10,3
ul R ur D U BS UL,2,10,54,8,2,12,4
ul R ur U BS D UL,2,10,54,8,2,14,3
ul R ur U BS UL D,2,10,54,8,2,13,3
ul R ur U D BS UL,2,10,54,8,2,14,4
ul R ur U UL BS D,2,10,54,8,2,11,3
ul U BS R D ur UL,2,10,54,8,2,12,3
ul U BS R UL ur D,2,10,54,8,2,13,3
ul U BS R ur D UL,2,10,54,8,2,14,3
ul U BS R ur UL D,2,10,54,8,2,15,3
ul U BS ur R D UL,2,10,54,8,2,14,3
ul U BS ur R UL D,2,10,54,8,2,15,3
ul U R BS D ur UL,2,10,54,8,2,12,3
ul U R BS UL ur D,2,10,54,8,2,11,3
ul U R BS ur D UL,2,10,54,8,2,12,3
ul U R BS ur UL D,2,10,54,8,2,13,3
ul U R D BS ur UL,2,10,54,8,2,12,3
ul U R D ur BS UL,2,10,54,8,2,10,3
ul U R UL BS ur D,2,10,54,8,2,11,3
ul U R UL ur BS D,2,10,54,8,2,13,3
ul U R ur BS D UL,2,10,54,8,2,14,3
ul U R ur BS UL D,2,10,54,8,2,13,3
ul U R ur D BS UL,2,10,54,8,2,12,3
ul U R ur UL BS D,2,10,54,8,2,13,3
ul U UL R BS ur D,2,10,54,8,2,11,3
ul U UL R ur BS D,2,10,54,8,2,13,3
ul U UL ur R BS D,2,10,54,8,2,13,3
ul U ur BS R D UL,2,10,54,8,2,14,3
ul U ur BS R UL D,2,10,54,8,2,15,3
ul U ur R BS D UL,2,10,54,8,2,16,3
ul U ur R BS UL D,2,10,54,8,2,15,3
ul U ur R D BS UL,2,10,54,8,2,14,3
ul U ur R UL BS D,2,10,54,8,2,15,3
ul U ur UL R BS D,2,10,54,8,2,15,3
ul ur BS R D U UL,2,10,54,8,2,12,4
ul ur BS R U D UL,2,10,54,8,2,14,4
ul ur BS R U UL D,2,10,54,8,2,11,3
ul ur BS U R D UL,2,10,54,8,2,12,3
ul ur BS U R UL D,2,10,54,8,2,13,3
ul ur R BS D U UL,2,10,54,8,2,14,4
ul ur R BS U D UL,2,10,54,8,2,16,4
ul ur R BS U UL D,2,10,54,8,2,13,3
ul ur R D BS U UL,2,10,54,8,2,12,3
ul ur R D U BS UL,2,10,54,8,2,14,4
ul ur R U BS D UL,2,10,54,8,2,14,3
ul ur R U BS UL D,2,10,54,8,2,13,3
ul ur R U D BS UL,2,10,54,8,2,14,4
ul ur R U UL BS D,2,10,54,8,2,11,3
ul ur U BS R D UL,2,10,54,8,2,14,3
ul ur U BS R UL D,2,10,54,8,2,15,3
ul ur U R BS D UL,2,10,54,8,2,14,3
ul ur U R BS UL D,2,10,54,8,2,13,3
ul ur U R D BS UL,2,10,54,8,2,12,3
ul ur U R UL BS D,2,10,54,8,2,13,3
ul ur U UL R BS D,2,10,54,8,2,13,3
ur BS R U ul D UL,2,10,54,8,2,12,3
ur BS R U ul UL D,2,10,54,8,2,15,4
ur BS R U UL ul D,2,10,54,8,2,11,4
ur BS R ul D U UL,2,10,54,8,2,10,4
ur BS R ul U D UL,2,10,54,8,2,14,4
ur BS R ul U UL D,2,10,54,8,2,11,3
ur BS U R ul D UL,2,10,54,8,2,10,3
ur BS U R ul UL D,2,10,54,8,2,13,4
ur BS U R UL ul D,2,10,54,8,2,13,4
ur BS U ul R D UL,2,10,54,8,2,12,3
ur BS U ul R UL D,2,10,54,8,2,13,3
ur BS ul R D U UL,2,10,54,8,2,12,4
ur BS ul R U D UL,2,10,54,8,2,14,4
ur BS ul R U UL D,2,10,54,8,2,11,3
ur BS ul U R D UL,2,10,54,8,2,14,3
ur BS ul U R UL D,2,10,54,8,2,15,3
ur R BS U ul D UL,2,10,54,8,2,14,3
ur R BS U ul UL D,2,10,54,8,2,17,4
ur R BS U UL ul D,2,10,54,8,2,13,4
ur R BS ul D U UL,2,10,54,8,2,14,4
ur R BS ul U D UL,2,10,54,8,2,18,4
ur R BS ul U UL D,2,10,54,8,2,15,3
ur R U BS ul D UL,2,10,54,8,2,14,3
ur R U BS ul UL D,2,10,54,8,2,17,4
ur R U BS UL ul D,2,10,54,8,2,13,4
ur R U ul BS D UL,2,10,54,8,2,16,3
ur R U ul BS UL D,2,10,54,8,2,15,3
ur R U UL BS ul D,2,10,54,8,2,11,3
ur R U ul D BS UL,2,10,54,8,2,12,3
ur R U ul UL BS D,2,10,54,8,2,15,4
ur R U UL ul BS D,2,10,54,8,2,15,4
ur R ul BS D U UL,2,10,54,8,2,14,4
ur R ul BS U D UL,2,10,54,8,2,16,4
ur R ul BS U UL D,2,10,54,8,2,13,3
ur R ul D BS U UL,2,10,54,8,2,10,3
ur R ul D U BS UL,2,10,54,8,2,12,4
ur R ul U BS D UL,2,10,54,8,2,14,3
ur R ul U BS UL D,2,10,54,8,2,13,3
ur R ul U D BS UL,2,10,54,8,2,14,4
ur R ul U UL BS D,2,10,54,8,2,11,3
ur U BS R ul D UL,2,10,54,8,2,12,3
ur U BS R ul UL D,2,10,54,8,2,15,4
ur U BS R UL ul D,2,10,54,8,2,15,4
ur U BS ul R D UL,2,10,54,8,2,14,3
ur U BS ul R UL D,2,10,54,8,2,15,3
ur U R BS ul D UL,2,10,54,8,2,14,3
ur U R BS ul UL D,2,10,54,8,2,17,4
ur U R BS UL ul D,2,10,54,8,2,13,4
ur U R ul BS D UL,2,10,54,8,2,14,3
ur U R ul BS UL D,2,10,54,8,2,13,3
ur U R UL BS ul D,2,10,54,8,2,13,3
ur U R ul D BS UL,2,10,54,8,2,10,3
ur U R ul UL BS D,2,10,54,8,2,13,4
ur U R UL ul BS D,2,10,54,8,2,17,4
ur U ul BS R D UL,2,10,54,8,2,16,3
ur U ul BS R UL D,2,10,54,8,2,17,3
ur U ul R BS D UL,2,10,54,8,2,14,3
ur U ul R BS UL D,2,10,54,8,2,13,3
ur U UL R BS ul D,2,10,54,8,2,13,3
ur U ul R D BS UL,2,10,54,8,2,12,3
ur U ul R UL BS D,2,10,54,8,2,13,3
ur U UL R ul BS D,2,10,54,8,2,13,3
ur U ul UL R BS D,2,10,54,8,2,17,4
ur U UL ul R BS D,2,10,54,8,2,13,4
ur ul BS R D U UL,2,10,54,8,2,14,4
ur ul BS R U D UL,2,10,54,8,2,16,4
ur ul BS R U UL D,2,10,54,8,2,13,3
ur ul BS U R D UL,2,10,54,8,2,14,3
ur ul BS U R UL D,2,10,54,8,2,15,3
ur ul R BS D U UL,2,10,54,8,2,12,4
ur ul R BS U D UL,2,10,54,8,2,14,4
ur ul R BS U UL D,2,10,54,8,2,11,3
ur ul R D BS U UL,2,10,54,8,2,10,2
ur ul R D U BS UL,2,10,54,8,2,12,4
ur ul R U BS D UL,2,10,54,8,2,12,3
ur ul R U BS UL D,2,10,54,8,2,11,3
ur ul R U D BS UL,2,10,54,8,2,12,4
ur ul R U UL BS D,2,10,54,8,2,9,2
ur ul U BS R D UL,2,10,54,8,2,14,3
ur ul U BS R UL D,2,10,54,8,2,15,3
ur ul U R BS D UL,2,10,54,8,2,14,3
ur ul U R BS UL D,2,10,54,8,2,13,3
ur ul U R D BS UL,2,10,54,8,2,12,3
ur ul U R UL BS D,2,10,54,8,2,13,3
ur ul U UL R BS D,2,10,54,8,2,13,3
BS R ul D UL ur U,2,10,56,8,2,12,3
BS R UL U ul ur D,2,10,56,8,2,12,3
BS R UL U ur ul D,2,10,56,8,2,12,3
BS R ul UL D ur U,2,10,56,8,2,14,4
BS R UL ul D ur U,2,10,56,8,2,14,4
BS R ul UL U ur D,2,10,56,8,2,12,4
BS R UL ul U ur D,2,10,56,8,2,16,4
BS R ul UL ur D U,2,10,56,8,2,14,4
BS R UL ul ur D U,2,10,56,8,2,16,4
BS R ul UL ur U D,2,10,56,8,2,16,4
BS R UL ul ur U D,2,10,56,8,2,18,4
BS R UL ur D ul U,2,10,56,8,2,12,3
BS R UL ur U ul D,2,10,56,8,2,14,3
BS R ul ur UL D U,2,10,56,8,2,14,4
BS R UL ur ul D U,2,10,56,8,2,14,4
BS R ul ur UL U D,2,10,56,8,2,12,4
BS R UL ur ul U D,2,10,56,8,2,16,4
BS R ur UL D ul U,2,10,56,8,2,14,3
BS R ur UL U ul D,2,10,56,8,2,12,3
BS R ur ul UL D U,2,10,56,8,2,18,4
BS R ur UL ul D U,2,10,56,8,2,16,4
BS R ur ul UL U D,2,10,56,8,2,16,4
BS R ur UL ul U D,2,10,56,8,2,18,4
BS ul R D UL ur U,2,10,56,8,2,14,3
BS UL R U ul ur D,2,10,56,8,2,12,3
BS UL R U ur ul D,2,10,56,8,2,12,3
BS ul R UL D ur U,2,10,56,8,2,14,3
BS UL R ul D ur U,2,10,56,8,2,10,3
BS ul R UL U ur D,2,10,56,8,2,12,3
BS UL R ul U ur D,2,10,56,8,2,12,3
BS ul R UL ur D U,2,10,56,8,2,14,4
BS UL R ul ur D U,2,10,56,8,2,12,4
BS ul R UL ur U D,2,10,56,8,2,16,4
BS UL R ul ur U D,2,10,56,8,2,14,4
BS UL R ur D ul U,2,10,56,8,2,12,3
BS UL R ur U ul D,2,10,56,8,2,14,3
BS ul R ur UL D U,2,10,56,8,2,16,4
BS UL R ur ul D U,2,10,56,8,2,14,4
BS ul R ur UL U D,2,10,56,8,2,14,4
BS UL R ur ul U D,2,10,56,8,2,16,4
BS ul UL R D ur U,2,10,56,8,2,16,4
BS UL ul R D ur U,2,10,56,8,2,12,4
BS ul UL R U ur D,2,10,56,8,2,16,4
BS UL ul R U ur D,2,10,56,8,2,12,4
BS ul UL R ur D U,2,10,56,8,2,18,4
BS UL ul R ur D U,2,10,56,8,2,14,4
BS ul UL R ur U D,2,10,56,8,2,20,4
BS UL ul R ur U D,2,10,56,8,2,16,4
BS ul UL ur R D U,2,10,56,8,2,18,4
BS UL ul ur R D U,2,10,56,8,2,16,4
BS ul UL ur R U D,2,10,56,8,2,18,4
BS UL ul ur R U D,2,10,56,8,2,16,4
BS UL ur D R ul U,2,10,56,8,2,10,3
BS UL ur R D ul U,2,10,56,8,2,12,3
BS UL ur R U ul D,2,10,56,8,2,12,3
BS ul ur R UL D U,2,10,56,8,2,18,4
BS UL ur R ul D U,2,10,56,8,2,12,4
BS ul ur R UL U D,2,10,56,8,2,16,4
BS UL ur R ul U D,2,10,56,8,2,14,4
BS ul ur UL R D U,2,10,56,8,2,16,4
BS UL ur ul R D U,2,10,56,8,2,12,4
BS ul ur UL R U D,2,10,56,8,2,16,4
BS UL ur ul R U D,2,10,56,8,2,12,4
BS ur R UL D ul U,2,10,56,8,2,14,3
BS ur R UL U ul D,2,10,56,8,2,12,3
BS ur R ul UL D U,2,10,56,8,2,16,4
BS ur R UL ul D U,2,10,56,8,2,16,4
BS ur R ul UL U D,2,10,56,8,2,14,4
BS ur R UL ul U D,2,10,56,8,2,18,4
BS ur UL D R ul U,2,10,56,8,2,12,3
BS ur UL R D ul U,2,10,56,8,2,12,3
BS ur UL R U ul D,2,10,56,8,2,12,3
BS ur ul R UL D U,2,10,56,8,2,14,4
BS ur UL R ul D U,2,10,56,8,2,12,4
BS ur ul R UL U D,2,10,56,8,2,12,4
BS ur UL R ul U D,2,10,56,8,2,14,4
BS ur ul UL R D U,2,10,56,8,2,16,4
BS ur UL ul R D U,2,10,56,8,2,14,4
BS ur ul UL R U D,2,10,56,8,2,16,4
BS ur UL ul R U D,2,10,56,8,2,14,4
R BS ul D UL ur U,2,10,56,8,2,14,3
R BS UL U ul ur D,2,10,56,8,2,10,3
R BS UL U ur ul D,2,10,56,8,2,10,3
R BS ul UL D ur U,2,10,56,8,2,16,4
R BS UL ul D ur U,2,10,56,8,2,12,4
R BS ul UL U ur D,2,10,56,8,2,14,4
R BS UL ul U ur D,2,10,56,8,2,14,4
R BS ul UL ur D U,2,10,56,8,2,16,4
R BS UL ul ur D U,2,10,56,8,2,14,4
R BS ul UL ur U D,2,10,56,8,2,18,4
R BS UL ul ur U D,2,10,56,8,2,16,4
R BS UL ur D ul U,2,10,56,8,2,10,3
R BS UL ur U ul D,2,10,56,8,2,12,3
R BS ul ur UL D U,2,10,56,8,2,16,4
R BS UL ur ul D U,2,10,56,8,2,12,4
R BS ul ur UL U D,2,10,56,8,2,14,4
R BS UL ur ul U D,2,10,56,8,2,14,4
R BS ur UL D ul U,2,10,56,8,2,12,3
R BS ur UL U ul D,2,10,56,8,2,10,3
R BS ur ul UL D U,2,10,56,8,2,16,4
R BS ur UL ul D U,2,10,56,8,2,14,4
R BS ur ul UL U D,2,10,56,8,2,14,4
R BS ur UL ul U D,2,10,56,8,2,16,4
R ul BS D UL ur U,2,10,56,8,2,14,3
R UL BS U ul ur D,2,10,56,8,2,12,3
R UL BS U ur ul D,2,10,56,8,2,12,3
R ul BS UL D ur U,2,10,56,8,2,12,3
R UL BS ul D ur U,2,10,56,8,2,12,3
R ul BS UL U ur D,2,10,56,8,2,10,3
R UL BS ul U ur D,2,10,56,8,2,14,3
R ul BS UL ur D U,2,10,56,8,2,12,4
R UL BS ul ur D U,2,10,56,8,2,14,4
R ul BS UL ur U D,2,10,56,8,2,14,4
R UL BS ul ur U D,2,10,56,8,2,16,4
R UL BS ur D ul U,2,10,56,8,2,10,3
R UL BS ur U ul D,2,10,56,8,2,12,3
R ul BS ur UL D U,2,10,56,8,2,14,4
R UL BS ur ul D U,2,10,56,8,2,12,4
R ul BS ur UL U D,2,10,56,8,2,12,4
R UL BS ur ul U D,2,10,56,8,2,14,4
R ul D BS UL ur U,2,10,56,8,2,10,3
R ul D UL BS ur U,2,10,56,8,2,10,3
R ul D UL ur BS U,2,10,56,8,2,10,3
R ul D ur UL BS U,2,10,56,8,2,8,2
R UL U BS ul ur D,2,10,56,8,2,12,3
R UL U BS ur ul D,2,10,56,8,2,10,3
R UL U ul BS ur D,2,10,56,8,2,12,3
R UL U ul ur BS D,2,10,56,8,2,12,3
R UL U ur BS ul D,2,10,56,8,2,12,3
R UL U ur ul BS D,2,10,56,8,2,14,3
R ul UL BS D ur U,2,10,56,8,2,12,4
R UL ul BS D ur U,2,10,56,8,2,16,4
R ul UL BS U ur D,2,10,56,8,2,12,4
R UL ul BS U ur D,2,10,56,8,2,16,4
R ul UL BS ur D U,2,10,56,8,2,12,4
R UL ul BS ur D U,2,10,56,8,2,16,4
R ul UL BS ur U D,2,10,56,8,2,14,4
R UL ul BS ur U D,2,10,56,8,2,18,4
R ul UL D BS ur U,2,10,56,8,2,14,4
R UL ul D BS ur U,2,10,56,8,2,14,4
R ul UL D ur BS U,2,10,56,8,2,12,4
R UL ul D ur BS U,2,10,56,8,2,12,4
R ul UL U BS ur D,2,10,56,8,2,10,4
R UL ul U BS ur D,2,10,56,8,2,14,4
R ul UL U ur BS D,2,10,56,8,2,12,4
R UL ul U ur BS D,2,10,56,8,2,16,4
R ul UL ur BS D U,2,10,56,8,2,14,4
R UL ul ur BS D U,2,10,56,8,2,16,4
R ul UL ur BS U D,2,10,56,8,2,14,4
R UL ul ur BS U D,2,10,56,8,2,16,4
R ul UL ur D BS U,2,10,56,8,2,12,4
R UL ul ur D BS U,2,10,56,8,2,14,4
R ul UL ur U BS D,2,10,56,8,2,14,4
R UL ul ur U BS D,2,10,56,8,2,16,4
R UL ur BS D ul U,2,10,56,8,2,12,3
R UL ur BS U ul D,2,10,56,8,2,12,3
R ul ur BS UL D U,2,10,56,8,2,12,4
R UL ur BS ul D U,2,10,56,8,2,14,4
R ul ur BS UL U D,2,10,56,8,2,10,4
R UL ur BS ul U D,2,10,56,8,2,16,4
R ul ur D UL BS U,2,10,56,8,2,10,3
R UL ur U BS ul D,2,10,56,8,2,14,3
R UL ur U ul BS D,2,10,56,8,2,16,3
R ul ur UL BS D U,2,10,56,8,2,12,4
R UL ur ul BS D U,2,10,56,8,2,16,4
R ul ur UL BS U D,2,10,56,8,2,12,4
R UL ur ul BS U D,2,10,56,8,2,16,4
R ul ur UL D BS U,2,10,56,8,2,12,3
R UL ur ul D BS U,2,10,56,8,2,12,3
R ul ur UL U BS D,2,10,56,8,2,10,2
R UL ur ul U BS D,2,10,56,8,2,14,3
R ur BS UL D ul U,2,10,56,8,2,12,3
R ur BS UL U ul D,2,10,56,8,2,10,3
R ur BS ul UL D U,2,10,56,8,2,18,4
R ur BS UL ul D U,2,10,56,8,2,14,4
R ur BS ul UL U D,2,10,56,8,2,16,4
R ur BS UL ul U D,2,10,56,8,2,16,4
R ur UL BS D ul U,2,10,56,8,2,12,3
R ur UL BS U ul D,2,10,56,8,2,12,3
R ur ul BS UL D U,2,10,56,8,2,16,4
R ur UL BS ul D U,2,10,56,8,2,14,4
R ur ul BS UL U D,2,10,56,8,2,14,4
R ur UL BS ul U D,2,10,56,8,2,16,4
R ur ul D UL BS U,2,10,56,8,2,12,3
R ur UL U BS ul D,2,10,56,8,2,12,3
R ur UL U ul BS D,2,10,56,8,2,14,3
R ur ul UL BS D U,2,10,56,8,2,16,4
R ur UL ul BS D U,2,10,56,8,2,18,4
R ur ul UL BS U D,2,10,56,8,2,16,4
R ur UL ul BS U D,2,10,56,8,2,18,4
R ur ul UL D BS U,2,10,56,8,2,16,4
R ur UL ul D BS U,2,10,56,8,2,14,4
R ur ul UL U BS D,2,10,56,8,2,14,4
R ur UL ul U BS D,2,10,56,8,2,16,4
ul BS R D UL ur U,2,10,56,8,2,15,3
UL BS R U ul ur D,2,10,56,8,2,11,3
UL BS R U ur ul D,2,10,56,8,2,11,3
ul BS R UL D ur U,2,10,56,8,2,15,3
UL BS R ul D ur U,2,10,56,8,2,9,3
ul BS R UL U ur D,2,10,56,8,2,13,3
UL BS R ul U ur D,2,10,56,8,2,11,3
ul BS R UL ur D U,2,10,56,8,2,15,4
UL BS R ul ur D U,2,10,56,8,2,11,4
ul BS R UL ur U D,2,10,56,8,2,17,4
UL BS R ul ur U D,2,10,56,8,2,13,4
UL BS R ur D ul U,2,10,56,8,2,11,3
UL BS R ur U ul D,2,10,56,8,2,13,3
ul BS R ur UL D U,2,10,56,8,2,17,4
UL BS R ur ul D U,2,10,56,8,2,13,4
ul BS R ur UL U D,2,10,56,8,2,15,4
UL BS R ur ul U D,2,10,56,8,2,15,4
ul BS UL R D ur U,2,10,56,8,2,13,3
UL BS ul R D ur U,2,10,56,8,2,11,3
ul BS UL R U ur D,2,10,56,8,2,13,3
UL BS ul R U ur D,2,10,56,8,2,11,3
ul BS UL R ur D U,2,10,56,8,2,15,4
UL BS ul R ur D U,2,10,56,8,2,13,4
ul BS UL R ur U D,2,10,56,8,2,17,4
UL BS ul R ur U D,2,10,56,8,2,15,4
ul BS UL ur R D U,2,10,56,8,2,15,4
UL BS ul ur R D U,2,10,56,8,2,15,4
ul BS UL ur R U D,2,10,56,8,2,15,4
UL BS ul ur R U D,2,10,56,8,2,15,4
UL BS ur D R ul U,2,10,56,8,2,9,3
UL BS ur R D ul U,2,10,56,8,2,11,3
UL BS ur R U ul D,2,10,56,8,2,11,3
ul BS ur R UL D U,2,10,56,8,2,17,4
UL BS ur R ul D U,2,10,56,8,2,11,4
ul BS ur R UL U D,2,10,56,8,2,15,4
UL BS ur R ul U D,2,10,56,8,2,13,4
ul BS ur UL R D U,2,10,56,8,2,15,4
UL BS ur ul R D U,2,10,56,8,2,11,4
ul BS ur UL R U D,2,10,56,8,2,15,4
UL BS ur ul R U D,2,10,56,8,2,11,4
ul R BS D UL ur U,2,10,56,8,2,13,3
UL R BS U ul ur D,2,10,56,8,2,13,3
UL R BS U ur ul D,2,10,56,8,2,13,3
ul R BS UL D ur U,2,10,56,8,2,11,3
UL R BS ul D ur U,2,10,56,8,2,13,3
ul R BS UL U ur D,2,10,56,8,2,9,3
UL R BS ul U ur D,2,10,56,8,2,15,3
ul R BS UL ur D U,2,10,56,8,2,11,4
UL R BS ul ur D U,2,10,56,8,2,15,4
ul R BS UL ur U D,2,10,56,8,2,13,4
UL R BS ul ur U D,2,10,56,8,2,17,4
UL R BS ur D ul U,2,10,56,8,2,11,3
UL R BS ur U ul D,2,10,56,8,2,13,3
ul R BS ur UL D U,2,10,56,8,2,13,4
UL R BS ur ul D U,2,10,56,8,2,13,4
ul R BS ur UL U D,2,10,56,8,2,11,4
UL R BS ur ul U D,2,10,56,8,2,15,4
ul R D BS UL ur U,2,10,56,8,2,11,3
ul R D UL BS ur U,2,10,56,8,2,11,3
ul R D UL ur BS U,2,10,56,8,2,11,3
ul R D ur UL BS U,2,10,56,8,2,9,2
UL R U BS ul ur D,2,10,56,8,2,13,3
UL R U BS ur ul D,2,10,56,8,2,11,3
UL R U ul BS ur D,2,10,56,8,2,13,3
UL R U ul ur BS D,2,10,56,8,2,13,3
UL R U ur BS ul D,2,10,56,8,2,13,3
UL R U ur ul BS D,2,10,56,8,2,15,3
ul R UL BS D ur U,2,10,56,8,2,11,3
UL R ul BS D ur U,2,10,56,8,2,13,3
ul R UL BS U ur D,2,10,56,8,2,11,3
UL R ul BS U ur D,2,10,56,8,2,13,3
ul R UL BS ur D U,2,10,56,8,2,11,4
UL R ul BS ur D U,2,10,56,8,2,13,4
ul R UL BS ur U D,2,10,56,8,2,13,4
UL R ul BS ur U D,2,10,56,8,2,15,4
ul R UL D BS ur U,2,10,56,8,2,13,3
UL R ul D BS ur U,2,10,56,8,2,11,3
ul R UL D ur BS U,2,10,56,8,2,11,3
UL R ul D ur BS U,2,10,56,8,2,9,3
ul R UL U BS ur D,2,10,56,8,2,9,3
UL R ul U BS ur D,2,10,56,8,2,11,3
ul R UL U ur BS D,2,10,56,8,2,11,3
UL R ul U ur BS D,2,10,56,8,2,13,3
ul R UL ur BS D U,2,10,56,8,2,13,4
UL R ul ur BS D U,2,10,56,8,2,13,4
ul R UL ur BS U D,2,10,56,8,2,13,4
UL R ul ur BS U D,2,10,56,8,2,13,4
ul R UL ur D BS U,2,10,56,8,2,11,3
UL R ul ur D BS U,2,10,56,8,2,11,3
ul R UL ur U BS D,2,10,56,8,2,13,3
UL R ul ur U BS D,2,10,56,8,2,13,3
UL R ur BS D ul U,2,10,56,8,2,13,3
UL R ur BS U ul D,2,10,56,8,2,13,3
ul R ur BS UL D U,2,10,56,8,2,13,4
UL R ur BS ul D U,2,10,56,8,2,15,4
ul R ur BS UL U D,2,10,56,8,2,11,4
UL R ur BS ul U D,2,10,56,8,2,17,4
ul R ur D UL BS U,2,10,56,8,2,11,3
UL R ur U BS ul D,2,10,56,8,2,15,3
UL R ur U ul BS D,2,10,56,8,2,17,3
ul R ur UL BS D U,2,10,56,8,2,13,4
UL R ur ul BS D U,2,10,56,8,2,17,4
ul R ur UL BS U D,2,10,56,8,2,13,4
UL R ur ul BS U D,2,10,56,8,2,17,4
ul R ur UL D BS U,2,10,56,8,2,13,3
UL R ur ul D BS U,2,10,56,8,2,13,3
ul R ur UL U BS D,2,10,56,8,2,11,3
UL R ur ul U BS D,2,10,56,8,2,15,3
UL U R BS ul ur D,2,10,56,8,2,11,3
UL U R BS ur ul D,2,10,56,8,2,9,2
UL U R ul BS ur D,2,10,56,8,2,9,3
UL U R ul ur BS D,2,10,56,8,2,9,2
UL U R ur BS ul D,2,10,56,8,2,11,3
UL U R ur ul BS D,2,10,56,8,2,13,3
UL U ul R BS ur D,2,10,56,8,2,9,3
UL U ul R ur BS D,2,10,56,8,2,11,3
UL U ul ur R BS D,2,10,56,8,2,13,3
UL U ur R BS ul D,2,10,56,8,2,13,3
UL U ur R ul BS D,2,10,56,8,2,13,3
UL U ur ul R BS D,2,10,56,8,2,11,3
ul UL BS R D ur U,2,10,56,8,2,13,4
UL ul BS R D ur U,2,10,56,8,2,15,4
ul UL BS R U ur D,2,10,56,8,2,13,4
UL ul BS R U ur D,2,10,56,8,2,15,4
ul UL BS R ur D U,2,10,56,8,2,15,4
UL ul BS R ur D U,2,10,56,8,2,17,4
ul UL BS R ur U D,2,10,56,8,2,17,4
UL ul BS R ur U D,2,10,56,8,2,19,4
ul UL BS ur R D U,2,10,56,8,2,15,4
UL ul BS ur R D U,2,10,56,8,2,17,4
ul UL BS ur R U D,2,10,56,8,2,15,4
UL ul BS ur R U D,2,10,56,8,2,17,4
ul UL R BS D ur U,2,10,56,8,2,15,4
UL ul R BS D ur U,2,10,56,8,2,13,4
ul UL R BS U ur D,2,10,56,8,2,15,4
UL ul R BS U ur D,2,10,56,8,2,13,4
ul UL R BS ur D U,2,10,56,8,2,15,4
UL ul R BS ur D U,2,10,56,8,2,13,4
ul UL R BS ur U D,2,10,56,8,2,17,4
UL ul R BS ur U D,2,10,56,8,2,15,4
ul UL R D BS ur U,2,10,56,8,2,15,4
UL ul R D BS ur U,2,10,56,8,2,13,4
ul UL R D ur BS U,2,10,56,8,2,13,4
UL ul R D ur BS U,2,10,56,8,2,11,4
ul UL R U BS ur D,2,10,56,8,2,13,4
UL ul R U BS ur D,2,10,56,8,2,11,4
ul UL R U ur BS D,2,10,56,8,2,15,4
UL ul R U ur BS D,2,10,56,8,2,13,4
ul UL R ur BS D U,2,10,56,8,2,17,4
UL ul R ur BS D U,2,10,56,8,2,15,4
ul UL R ur BS U D,2,10,56,8,2,17,4
UL ul R ur BS U D,2,10,56,8,2,15,4
ul UL R ur D BS U,2,10,56,8,2,15,4
UL ul R ur D BS U,2,10,56,8,2,13,4
ul UL R ur U BS D,2,10,56,8,2,17,4
UL ul R ur U BS D,2,10,56,8,2,15,4
ul UL U R BS ur D,2,10,56,8,2,11,4
UL ul U R BS ur D,2,10,56,8,2,13,4
ul UL U R ur BS D,2,10,56,8,2,13,4
UL ul U R ur BS D,2,10,56,8,2,15,4
ul UL U ur R BS D,2,10,56,8,2,15,4
UL ul U ur R BS D,2,10,56,8,2,17,4
ul UL ur BS R D U,2,10,56,8,2,15,4
UL ul ur BS R D U,2,10,56,8,2,15,4
ul UL ur BS R U D,2,10,56,8,2,15,4
UL ul ur BS R U D,2,10,56,8,2,15,4
ul UL ur R BS D U,2,10,56,8,2,17,4
UL ul ur R BS D U,2,10,56,8,2,17,4
ul UL ur R BS U D,2,10,56,8,2,17,4
UL ul ur R BS U D,2,10,56,8,2,17,4
ul UL ur R D BS U,2,10,56,8,2,15,4
UL ul ur R D BS U,2,10,56,8,2,15,4
ul UL ur R U BS D,2,10,56,8,2,15,4
UL ul ur R U BS D,2,10,56,8,2,15,4
ul UL ur U R BS D,2,10,56,8,2,15,4
UL ul ur U R BS D,2,10,56,8,2,15,4
UL ur BS D R ul U,2,10,56,8,2,11,3
UL ur BS R D ul U,2,10,56,8,2,11,3
UL ur BS R U ul D,2,10,56,8,2,11,3
ul ur BS R UL D U,2,10,56,8,2,15,4
UL ur BS R ul D U,2,10,56,8,2,11,4
ul ur BS R UL U D,2,10,56,8,2,13,4
UL ur BS R ul U D,2,10,56,8,2,13,4
ul ur BS UL R D U,2,10,56,8,2,13,4
UL ur BS ul R D U,2,10,56,8,2,13,4
ul ur BS UL R U D,2,10,56,8,2,13,4
UL ur BS ul R U D,2,10,56,8,2,13,4
UL ur R BS D ul U,2,10,56,8,2,13,3
UL ur R BS U ul D,2,10,56,8,2,13,3
ul ur R BS UL D U,2,10,56,8,2,15,4
UL ur R BS ul D U,2,10,56,8,2,15,4
ul ur R BS UL U D,2,10,56,8,2,13,4
UL ur R BS ul U D,2,10,56,8,2,17,4
ul ur R D UL BS U,2,10,56,8,2,13,3
UL ur R U BS ul D,2,10,56,8,2,13,3
UL ur R U ul BS D,2,10,56,8,2,15,3
ul ur R UL BS D U,2,10,56,8,2,15,4
UL ur R ul BS D U,2,10,56,8,2,15,4
ul ur R UL BS U D,2,10,56,8,2,15,4
UL ur R ul BS U D,2,10,56,8,2,15,4
ul ur R UL D BS U,2,10,56,8,2,15,3
UL ur R ul D BS U,2,10,56,8,2,11,3
ul ur R UL U BS D,2,10,56,8,2,13,3
UL ur R ul U BS D,2,10,56,8,2,13,3
UL ur U R BS ul D,2,10,56,8,2,13,3
UL ur U R ul BS D,2,10,56,8,2,13,3
UL ur U ul R BS D,2,10,56,8,2,13,3
ul ur UL BS R D U,2,10,56,8,2,13,4
UL ur ul BS R D U,2,10,56,8,2,15,4
ul ur UL BS R U D,2,10,56,8,2,13,4
UL ur ul BS R U D,2,10,56,8,2,15,4
ul ur UL R BS D U,2,10,56,8,2,15,4
UL ur ul R BS D U,2,10,56,8,2,13,4
ul ur UL R BS U D,2,10,56,8,2,15,4
UL ur ul R BS U D,2,10,56,8,2,13,4
ul ur UL R D BS U,2,10,56,8,2,13,3
UL ur ul R D BS U,2,10,56,8,2,11,2
ul ur UL R U BS D,2,10,56,8,2,13,3
UL ur ul R U BS D,2,10,56,8,2,11,2
ul ur UL U R BS D,2,10,56,8,2,11,2
UL ur ul U R BS D,2,10,56,8,2,13,3
ur BS R UL D ul U,2,10,56,8,2,13,3
ur BS R UL U ul D,2,10,56,8,2,11,3
ur BS R ul UL D U,2,10,56,8,2,15,4
ur BS R UL ul D U,2,10,56,8,2,15,4
ur BS R ul UL U D,2,10,56,8,2,13,4
ur BS R UL ul U D,2,10,56,8,2,17,4
ur BS UL D R ul U,2,10,56,8,2,11,3
ur BS UL R D ul U,2,10,56,8,2,11,3
ur BS UL R U ul D,2,10,56,8,2,11,3
ur BS ul R UL D U,2,10,56,8,2,15,4
ur BS UL R ul D U,2,10,56,8,2,11,4
ur BS ul R UL U D,2,10,56,8,2,13,4
ur BS UL R ul U D,2,10,56,8,2,13,4
ur BS ul UL R D U,2,10,56,8,2,17,4
ur BS UL ul R D U,2,10,56,8,2,13,4
ur BS ul UL R U D,2,10,56,8,2,17,4
ur BS UL ul R U D,2,10,56,8,2,13,4
ur R BS UL D ul U,2,10,56,8,2,13,3
ur R BS UL U ul D,2,10,56,8,2,11,3
ur R BS ul UL D U,2,10,56,8,2,19,4
ur R BS UL ul D U,2,10,56,8,2,15,4
ur R BS ul UL U D,2,10,56,8,2,17,4
ur R BS UL ul U D,2,10,56,8,2,17,4
ur R UL BS D ul U,2,10,56,8,2,13,3
ur R UL BS U ul D,2,10,56,8,2,13,3
ur R ul BS UL D U,2,10,56,8,2,15,4
ur R UL BS ul D U,2,10,56,8,2,15,4
ur R ul BS UL U D,2,10,56,8,2,13,4
ur R UL BS ul U D,2,10,56,8,2,17,4
ur R ul D UL BS U,2,10,56,8,2,11,3
ur R UL U BS ul D,2,10,56,8,2,13,3
ur R UL U ul BS D,2,10,56,8,2,15,3
ur R ul UL BS D U,2,10,56,8,2,15,4
ur R UL ul BS D U,2,10,56,8,2,19,4
ur R ul UL BS U D,2,10,56,8,2,15,4
ur R UL ul BS U D,2,10,56,8,2,19,4
ur R ul UL D BS U,2,10,56,8,2,15,4
ur R UL ul D BS U,2,10,56,8,2,15,4
ur R ul UL U BS D,2,10,56,8,2,13,4
ur R UL ul U BS D,2,10,56,8,2,17,4
ur UL BS D R ul U,2,10,56,8,2,11,3
ur UL BS R D ul U,2,10,56,8,2,11,3
ur UL BS R U ul D,2,10,56,8,2,11,3
ur ul BS R UL D U,2,10,56,8,2,17,4
ur UL BS R ul D U,2,10,56,8,2,11,4
ur ul BS R UL U D,2,10,56,8,2,15,4
ur UL BS R ul U D,2,10,56,8,2,13,4
ur ul BS UL R D U,2,10,56,8,2,15,4
ur UL BS ul R D U,2,10,56,8,2,13,4
ur ul BS UL R U D,2,10,56,8,2,15,4
ur UL BS ul R U D,2,10,56,8,2,13,4
ur UL R BS D ul U,2,10,56,8,2,13,3
ur UL R BS U ul D,2,10,56,8,2,13,3
ur ul R BS UL D U,2,10,56,8,2,13,4
ur UL R BS ul D U,2,10,56,8,2,15,4
ur ul R BS UL U D,2,10,56,8,2,11,4
ur UL R BS ul U D,2,10,56,8,2,17,4
ur ul R D UL BS U,2,10,56,8,2,11,3
ur UL R U BS ul D,2,10,56,8,2,13,3
ur UL R U ul BS D,2,10,56,8,2,15,3
ur ul R UL BS D U,2,10,56,8,2,13,4
ur UL R ul BS D U,2,10,56,8,2,15,4
ur ul R UL BS U D,2,10,56,8,2,13,4
ur UL R ul BS U D,2,10,56,8,2,15,4
ur ul R UL D BS U,2,10,56,8,2,13,3
ur UL R ul D BS U,2,10,56,8,2,11,3
ur ul R UL U BS D,2,10,56,8,2,11,3
ur UL R ul U BS D,2,10,56,8,2,13,3
ur UL U R BS ul D,2,10,56,8,2,11,3
ur UL U R ul BS D,2,10,56,8,2,11,3
ur UL U ul R BS D,2,10,56,8,2,11,3
ur ul UL BS R D U,2,10,56,8,2,15,4
ur UL ul BS R D U,2,10,56,8,2,17,4
ur ul UL BS R U D,2,10,56,8,2,15,4
ur UL ul BS R U D,2,10,56,8,2,17,4
ur ul UL R BS D U,2,10,56,8,2,17,4
ur UL ul R BS D U,2,10,56,8,2,15,4
ur ul UL R BS U D,2,10,56,8,2,17,4
ur UL ul R BS U D,2,10,56,8,2,15,4
ur ul UL R D BS U,2,10,56,8,2,15,4
ur UL ul R D BS U,2,10,56,8,2,13,4
ur ul UL R U BS D,2,10,56,8,2,15,4
ur UL ul R U BS D,2,10,56,8,2,13,4
ur ul UL U R BS D,2,10,56,8,2,13,4
ur UL ul U R BS D,2,10,56,8,2,15,4
BS D R ul ur UL U,2,10,58,8,2,10,2
BS D R ur ul UL U,2,10,58,8,2,14,4
BS D R ur UL ul U,2,10,58,8,2,16,4
BS D ur R ul UL U,2,10,58,8,2,12,4
BS D ur R UL ul U,2,10,58,8,2,16,4
BS D ur UL R ul U,2,10,58,8,2,12,3
BS R D ul ur UL U,2,10,58,8,2,10,2
BS R D ur ul UL U,2,10,58,8,2,12,4
BS R D ur UL ul U,2,10,58,8,2,14,4
BS R ur D ul UL U,2,10,58,8,2,12,4
BS R ur D UL ul U,2,10,58,8,2,16,4
BS ur D R ul UL U,2,10,58,8,2,10,4
BS ur D R UL ul U,2,10,58,8,2,14,4
BS ur D UL R ul U,2,10,58,8,2,12,3
BS ur R D ul UL U,2,10,58,8,2,12,4
BS ur R D UL ul U,2,10,58,8,2,16,4
D BS R ul ur UL U,2,10,58,8,2,10,2
D BS R ur ul UL U,2,10,58,8,2,14,4
D BS R ur UL ul U,2,10,58,8,2,16,4
D BS ur R ul UL U,2,10,58,8,2,12,4
D BS ur R UL ul U,2,10,58,8,2,16,4
D BS ur UL R ul U,2,10,58,8,2,12,3
D R BS ul ur UL U,2,10,58,8,2,12,3
D R BS ur ul UL U,2,10,58,8,2,12,4
D R BS ur UL ul U,2,10,58,8,2,14,4
D R ul BS ur UL U,2,10,58,8,2,10,3
D R ul ur BS UL U,2,10,58,8,2,8,2
D R ur BS ul UL U,2,10,58,8,2,14,4
D R ur BS UL ul U,2,10,58,8,2,14,4
D R ur ul BS UL U,2,10,58,8,2,12,3
D ur BS R ul UL U,2,10,58,8,2,10,4
D ur BS R UL ul U,2,10,58,8,2,14,4
D ur BS UL R ul U,2,10,58,8,2,10,3
D ur R BS ul UL U,2,10,58,8,2,14,4
D ur R BS UL ul U,2,10,58,8,2,14,4
D ur R ul BS UL U,2,10,58,8,2,10,3
R BS D ul ur UL U,2,10,58,8,2,10,2
R BS D ur ul UL U,2,10,58,8,2,12,4
R BS D ur UL ul U,2,10,58,8,2,14,4
R BS ur D ul UL U,2,10,58,8,2,10,4
R BS ur D UL ul U,2,10,58,8,2,14,4
R D BS ul ur UL U,2,10,58,8,2,12,3
R D BS ur ul UL U,2,10,58,8,2,12,4
R D BS ur UL ul U,2,10,58,8,2,14,4
R D ul BS ur UL U,2,10,58,8,2,10,3
R D ul ur BS UL U,2,10,58,8,2,8,2
R D ur BS ul UL U,2,10,58,8,2,12,4
R D ur BS UL ul U,2,10,58,8,2,12,4
R D ur ul BS UL U,2,10,58,8,2,10,3
R ur BS D ul UL U,2,10,58,8,2,12,4
R ur BS D UL ul U,2,10,58,8,2,16,4
R ur D BS ul UL U,2,10,58,8,2,14,4
R ur D BS UL ul U,2,10,58,8,2,14,4
R ur D ul BS UL U,2,10,58,8,2,10,3
ur BS D R ul UL U,2,10,58,8,2,11,4
ur BS D R UL ul U,2,10,58,8,2,15,4
ur BS D UL R ul U,2,10,58,8,2,13,3
ur BS R D ul UL U,2,10,58,8,2,11,4
ur BS R D UL ul U,2,10,58,8,2,15,4
ur D BS R ul UL U,2,10,58,8,2,11,4
ur D BS R UL ul U,2,10,58,8,2,15,4
ur D BS UL R ul U,2,10,58,8,2,11,3
ur D R BS ul UL U,2,10,58,8,2,13,4
ur D R BS UL ul U,2,10,58,8,2,13,4
ur D R ul BS UL U,2,10,58,8,2,9,3
ur R BS D ul UL U,2,10,58,8,2,13,4
ur R BS D UL ul U,2,10,58,8,2,17,4
ur R D BS ul UL U,2,10,58,8,2,15,4
ur R D BS UL ul U,2,10,58,8,2,15,4
ur R D ul BS UL U,2,10,58,8,2,11,3
BS D R U ul ur UL,2,10,60,9,2,13,3
BS D R U ur ul UL,2,10,60,9,2,15,4
BS D R ul U ur UL,2,10,60,9,2,13,3
BS D R ul ur U UL,2,10,60,9,2,11,3
BS D R ur U ul UL,2,10,60,9,2,17,4
BS D R ur ul U UL,2,10,60,9,2,13,3
BS D U R ul ur UL,2,10,60,9,2,13,4
BS D U R ur ul UL,2,10,60,9,2,17,4
BS D U ur R ul UL,2,10,60,9,2,17,4
BS D ur R U ul UL,2,10,60,9,2,15,4
BS D ur R ul U UL,2,10,60,9,2,11,3
BS D ur U R ul UL,2,10,60,9,2,13,4
BS R D U ul ur UL,2,10,60,9,2,15,4
BS R D U ur ul UL,2,10,60,9,2,17,4
BS R D ul U ur UL,2,10,60,9,2,13,3
BS R D ul ur U UL,2,10,60,9,2,11,3
BS R D ur U ul UL,2,10,60,9,2,15,4
BS R D ur ul U UL,2,10,60,9,2,11,3
BS R U D ul ur UL,2,10,60,9,2,13,4
BS R U D ur ul UL,2,10,60,9,2,15,4
BS R U ur D ul UL,2,10,60,9,2,13,4
BS R ur D U ul UL,2,10,60,9,2,17,4
BS R ur D ul U UL,2,10,60,9,2,11,3
BS R ur U D ul UL,2,10,60,9,2,17,4
BS U D R ul ur UL,2,10,60,9,2,13,4
BS U D R ur ul UL,2,10,60,9,2,17,4
BS U D ur R ul UL,2,10,60,9,2,15,4
BS U R D ul ur UL,2,10,60,9,2,11,2
BS U R D ur ul UL,2,10,60,9,2,13,4
BS U R ur D ul UL,2,10,60,9,2,13,4
BS U ur D R ul UL,2,10,60,9,2,13,4
BS U ur R D ul UL,2,10,60,9,2,15,4
BS ur D R U ul UL,2,10,60,9,2,13,4
BS ur D R ul U UL,2,10,60,9,2,9,3
BS ur D U R ul UL,2,10,60,9,2,13,4
BS ur R D U ul UL,2,10,60,9,2,17,4
BS ur R D ul U UL,2,10,60,9,2,11,3
BS ur R U D ul UL,2,10,60,9,2,15,4
BS ur U D R ul UL,2,10,60,9,2,15,4
BS ur U R D ul UL,2,10,60,9,2,13,4
D BS R U ul ur UL,2,10,60,9,2,13,3
D BS R U ur ul UL,2,10,60,9,2,15,4
D BS R ul U ur UL,2,10,60,9,2,13,3
D BS R ul ur U UL,2,10,60,9,2,11,3
D BS R ur U ul UL,2,10,60,9,2,17,4
D BS R ur ul U UL,2,10,60,9,2,13,3
D BS U R ul ur UL,2,10,60,9,2,11,2
D BS U R ur ul UL,2,10,60,9,2,15,4
D BS U ur R ul UL,2,10,60,9,2,15,4
D BS ur R U ul UL,2,10,60,9,2,15,4
D BS ur R ul U UL,2,10,60,9,2,11,3
D BS ur U R ul UL,2,10,60,9,2,13,4
D R BS U ul ur UL,2,10,60,9,2,13,3
D R BS U ur ul UL,2,10,60,9,2,15,4
D R BS ul U ur UL,2,10,60,9,2,15,3
D R BS ul ur U UL,2,10,60,9,2,13,3
D R BS ur U ul UL,2,10,60,9,2,15,4
D R BS ur ul U UL,2,10,60,9,2,11,3
D R U BS ul ur UL,2,10,60,9,2,13,3
D R U BS ur ul UL,2,10,60,9,2,13,4
D R U ul BS ur UL,2,10,60,9,2,13,3
D R U ul ur BS UL,2,10,60,9,2,11,3
D R U ur BS ul UL,2,10,60,9,2,15,4
D R U ur ul BS UL,2,10,60,9,2,13,3
D R ul BS U ur UL,2,10,60,9,2,13,3
D R ul BS ur U UL,2,10,60,9,2,11,3
D R ul U BS ur UL,2,10,60,9,2,11,3
D R ul U ur BS UL,2,10,60,9,2,11,3
D R ul ur BS U UL,2,10,60,9,2,9,2
D R ul ur U BS UL,2,10,60,9,2,11,3
D R ur BS U ul UL,2,10,60,9,2,15,4
D R ur BS ul U UL,2,10,60,9,2,13,3
D R ur U BS ul UL,2,10,60,9,2,17,4
D R ur U ul BS UL,2,10,60,9,2,15,3
D R ur ul BS U UL,2,10,60,9,2,13,3
D R ur ul U BS UL,2,10,60,9,2,13,3
D U BS R ul ur UL,2,10,60,9,2,13,4
D U BS R ur ul UL,2,10,60,9,2,17,4
D U BS ur R ul UL,2,10,60,9,2,15,4
D U R BS ul ur UL,2,10,60,9,2,15,4
D U R BS ur ul UL,2,10,60,9,2,15,4
D U R ul BS ur UL,2,10,60,9,2,13,4
D U R ul ur BS UL,2,10,60,9,2,11,4
D U R ur BS ul UL,2,10,60,9,2,17,4
D U R ur ul BS UL,2,10,60,9,2,15,4
D U ur BS R ul UL,2,10,60,9,2,15,4
D U ur R BS ul UL,2,10,60,9,2,19,4
D U ur R ul BS UL,2,10,60,9,2,15,4
D ur BS R U ul UL,2,10,60,9,2,13,4
D ur BS R ul U UL,2,10,60,9,2,9,3
D ur BS U R ul UL,2,10,60,9,2,11,4
D ur R BS U ul UL,2,10,60,9,2,15,4
D ur R BS ul U UL,2,10,60,9,2,13,3
D ur R U BS ul UL,2,10,60,9,2,15,4
D ur R U ul BS UL,2,10,60,9,2,13,3
D ur R ul BS U UL,2,10,60,9,2,11,3
D ur R ul U BS UL,2,10,60,9,2,11,3
D ur U BS R ul UL,2,10,60,9,2,13,4
D ur U R BS ul UL,2,10,60,9,2,15,4
D ur U R ul BS UL,2,10,60,9,2,11,3
R BS D U ul ur UL,2,10,60,9,2,15,4
R BS D U ur ul UL,2,10,60,9,2,17,4
R BS D ul U ur UL,2,10,60,9,2,13,3
R BS D ul ur U UL,2,10,60,9,2,11,3
R BS D ur U ul UL,2,10,60,9,2,15,4
R BS D ur ul U UL,2,10,60,9,2,11,3
R BS U D ul ur UL,2,10,60,9,2,13,4
R BS U D ur ul UL,2,10,60,9,2,15,4
R BS U ur D ul UL,2,10,60,9,2,13,4
R BS ur D U ul UL,2,10,60,9,2,15,4
R BS ur D ul U UL,2,10,60,9,2,9,3
R BS ur U D ul UL,2,10,60,9,2,15,4
R D BS U ul ur UL,2,10,60,9,2,13,3
R D BS U ur ul UL,2,10,60,9,2,15,4
R D BS ul U ur UL,2,10,60,9,2,15,3
R D BS ul ur U UL,2,10,60,9,2,13,3
R D BS ur U ul UL,2,10,60,9,2,15,4
R D BS ur ul U UL,2,10,60,9,2,11,3
R D U BS ul ur UL,2,10,60,9,2,15,4
R D U BS ur ul UL,2,10,60,9,2,15,4
R D U ul BS ur UL,2,10,60,9,2,15,4
R D U ul ur BS UL,2,10,60,9,2,13,4
R D U ur BS ul UL,2,10,60,9,2,17,4
R D U ur ul BS UL,2,10,60,9,2,15,4
R D ul BS U ur UL,2,10,60,9,2,13,3
R D ul BS ur U UL,2,10,60,9,2,11,3
R D ul U BS ur UL,2,10,60,9,2,11,3
R D ul U ur BS UL,2,10,60,9,2,11,3
R D ul ur BS U UL,2,10,60,9,2,9,2
R D ul ur U BS UL,2,10,60,9,2,11,3
R D ur BS U ul UL,2,10,60,9,2,13,4
R D ur BS ul U UL,2,10,60,9,2,11,3
R D ur U BS ul UL,2,10,60,9,2,15,4
R D ur U ul BS UL,2,10,60,9,2,13,3
R D ur ul BS U UL,2,10,60,9,2,11,3
R D ur ul U BS UL,2,10,60,9,2,11,3
R U BS D ul ur UL,2,10,60,9,2,11,2
R U BS D ur ul UL,2,10,60,9,2,13,4
R U BS ur D ul UL,2,10,60,9,2,11,4
R U D BS ul ur UL,2,10,60,9,2,15,4
R U D BS ur ul UL,2,10,60,9,2,15,4
R U D ul BS ur UL,2,10,60,9,2,13,4
R U D ul ur BS UL,2,10,60,9,2,11,4
R U D ur BS ul UL,2,10,60,9,2,15,4
R U D ur ul BS UL,2,10,60,9,2,13,4
R U ur BS D ul UL,2,10,60,9,2,13,4
R U ur D BS ul UL,2,10,60,9,2,15,4
R U ur D ul BS UL,2,10,60,9,2,11,3
R ur BS D U ul UL,2,10,60,9,2,17,4
R ur BS D ul U UL,2,10,60,9,2,11,3
R ur BS U D ul UL,2,10,60,9,2,15,4
R ur D BS U ul UL,2,10,60,9,2,15,4
R ur D BS ul U UL,2,10,60,9,2,13,3
R ur D U BS ul UL,2,10,60,9,2,17,4
R ur D U ul BS UL,2,10,60,9,2,15,4
R ur D ul BS U UL,2,10,60,9,2,11,3
R ur D ul U BS UL,2,10,60,9,2,11,3
R ur U BS D ul UL,2,10,60,9,2,15,4
R ur U D BS ul UL,2,10,60,9,2,19,4
R ur U D ul BS UL,2,10,60,9,2,15,4
U BS D R ul ur UL,2,10,60,9,2,11,2
U BS D R ur ul UL,2,10,60,9,2,15,4
U BS D ur R ul UL,2,10,60,9,2,13,4
U BS R D ul ur UL,2,10,60,9,2,11,2
U BS R D ur ul UL,2,10,60,9,2,13,4
U BS R ur D ul UL,2,10,60,9,2,13,4
U BS ur D R ul UL,2,10,60,9,2,11,4
U BS ur R D ul UL,2,10,60,9,2,13,4
U D BS R ul ur UL,2,10,60,9,2,13,4
U D BS R ur ul UL,2,10,60,9,2,17,4
U D BS ur R ul UL,2,10,60,9,2,15,4
U D R BS ul ur UL,2,10,60,9,2,15,4
U D R BS ur ul UL,2,10,60,9,2,15,4
U D R ul BS ur UL,2,10,60,9,2,13,4
U D R ul ur BS UL,2,10,60,9,2,11,4
U D R ur BS ul UL,2,10,60,9,2,17,4
U D R ur ul BS UL,2,10,60,9,2,15,4
U D ur BS R ul UL,2,10,60,9,2,13,4
U D ur R BS ul UL,2,10,60,9,2,17,4
U D ur R ul BS UL,2,10,60,9,2,13,4
U R BS D ul ur UL,2,10,60,9,2,11,2
U R BS D ur ul UL,2,10,60,9,2,13,4
U R BS ur D ul UL,2,10,60,9,2,11,4
U R D BS ul ur UL,2,10,60,9,2,13,3
U R D BS ur ul UL,2,10,60,9,2,13,4
U R D ul BS ur UL,2,10,60,9,2,11,3
U R D ul ur BS UL,2,10,60,9,2,9,2
U R D ur BS ul UL,2,10,60,9,2,13,4
U R D ur ul BS UL,2,10,60,9,2,11,3
U R ur BS D ul UL,2,10,60,9,2,13,4
U R ur D BS ul UL,2,10,60,9,2,15,4
U R ur D ul BS UL,2,10,60,9,2,11,3
U ur BS D R ul UL,2,10,60,9,2,13,4
U ur BS R D ul UL,2,10,60,9,2,13,4
U ur D BS R ul UL,2,10,60,9,2,13,4
U ur D R BS ul UL,2,10,60,9,2,15,4
U ur D R ul BS UL,2,10,60,9,2,11,3
U ur R BS D ul UL,2,10,60,9,2,15,4
U ur R D BS ul UL,2,10,60,9,2,17,4
U ur R D ul BS UL,2,10,60,9,2,13,3
ur BS D R U ul UL,2,10,60,9,2,14,4
ur BS D R ul U UL,2,10,60,9,2,10,3
ur BS D U R ul UL,2,10,60,9,2,14,4
ur BS R D U ul UL,2,10,60,9,2,16,4
ur BS R D ul U UL,2,10,60,9,2,10,3
ur BS R U D ul UL,2,10,60,9,2,14,4
ur BS U D R ul UL,2,10,60,9,2,14,4
ur BS U R D ul UL,2,10,60,9,2,12,4
ur D BS R U ul UL,2,10,60,9,2,14,4
ur D BS R ul U UL,2,10,60,9,2,10,3
ur D BS U R ul UL,2,10,60,9,2,12,4
ur D R BS U ul UL,2,10,60,9,2,14,4
ur D R BS ul U UL,2,10,60,9,2,12,3
ur D R U BS ul UL,2,10,60,9,2,14,4
ur D R U ul BS UL,2,10,60,9,2,12,3
ur D R ul BS U UL,2,10,60,9,2,10,3
ur D R ul U BS UL,2,10,60,9,2,10,3
ur D U BS R ul UL,2,10,60,9,2,14,4
ur D U R BS ul UL,2,10,60,9,2,16,4
ur D U R ul BS UL,2,10,60,9,2,12,4
ur R BS D U ul UL,2,10,60,9,2,18,4
ur R BS D ul U UL,2,10,60,9,2,12,3
ur R BS U D ul UL,2,10,60,9,2,16,4
ur R D BS U ul UL,2,10,60,9,2,16,4
ur R D BS ul U UL,2,10,60,9,2,14,3
ur R D U BS ul UL,2,10,60,9,2,18,4
ur R D U ul BS UL,2,10,60,9,2,16,4
ur R D ul BS U UL,2,10,60,9,2,12,3
ur R D ul U BS UL,2,10,60,9,2,12,3
ur R U BS D ul UL,2,10,60,9,2,14,4
ur R U D BS ul UL,2,10,60,9,2,18,4
ur R U D ul BS UL,2,10,60,9,2,14,4
ur U BS D R ul UL,2,10,60,9,2,14,4
ur U BS R D ul UL,2,10,60,9,2,14,4
ur U D BS R ul UL,2,10,60,9,2,16,4
ur U D R BS ul UL,2,10,60,9,2,18,4
ur U D R ul BS UL,2,10,60,9,2,14,4
ur U R BS D ul UL,2,10,60,9,2,14,4
ur U R D BS ul UL,2,10,60,9,2,16,4
ur U R D ul BS UL,2,10,60,9,2,12,3
BS D R ul UL ur U,2,10,62,9,2,14,4
BS D R UL ul ur U,2,10,62,9,2,16,4
BS D R UL ur ul U,2,10,62,9,2,14,3
BS D UL R ul ur U,2,10,62,9,2,14,3
BS D UL R ur ul U,2,10,62,9,2,16,3
BS D UL ur R ul U,2,10,62,9,2,14,3
BS R D ul UL ur U,2,10,62,9,2,14,4
BS R D UL ul ur U,2,10,62,9,2,16,4
BS R D UL ur ul U,2,10,62,9,2,14,3
BS R UL D ul ur U,2,10,62,9,2,14,3
BS R UL D ur ul U,2,10,62,9,2,14,3
BS UL D R ul ur U,2,10,62,9,2,12,3
BS UL D R ur ul U,2,10,62,9,2,14,3
BS UL D ur R ul U,2,10,62,9,2,12,3
BS UL R D ul ur U,2,10,62,9,2,12,3
BS UL R D ur ul U,2,10,62,9,2,12,3
D BS R ul UL ur U,2,10,62,9,2,14,4
D BS R UL ul ur U,2,10,62,9,2,16,4
D BS R UL ur ul U,2,10,62,9,2,14,3
D BS UL R ul ur U,2,10,62,9,2,12,3
D BS UL R ur ul U,2,10,62,9,2,14,3
D BS UL ur R ul U,2,10,62,9,2,12,3
D R BS ul UL ur U,2,10,62,9,2,16,4
D R BS UL ul ur U,2,10,62,9,2,14,4
D R BS UL ur ul U,2,10,62,9,2,12,3
D R ul BS UL ur U,2,10,62,9,2,12,3
D R UL BS ul ur U,2,10,62,9,2,14,3
D R UL BS ur ul U,2,10,62,9,2,12,3
D R ul UL BS ur U,2,10,62,9,2,12,4
D R UL ul BS ur U,2,10,62,9,2,16,4
D R ul UL ur BS U,2,10,62,9,2,12,4
D R UL ul ur BS U,2,10,62,9,2,14,4
D R UL ur BS ul U,2,10,62,9,2,14,3
D R ul ur UL BS U,2,10,62,9,2,10,2
D R UL ur ul BS U,2,10,62,9,2,14,3
D R ur UL BS ul U,2,10,62,9,2,14,3
D R ur ul UL BS U,2,10,62,9,2,14,4
D R ur UL ul BS U,2,10,62,9,2,16,4
D UL BS R ul ur U,2,10,62,9,2,12,3
D UL BS R ur ul U,2,10,62,9,2,14,3
D UL BS ur R ul U,2,10,62,9,2,12,3
D UL R BS ul ur U,2,10,62,9,2,16,3
D UL R BS ur ul U,2,10,62,9,2,14,3
D UL R ul BS ur U,2,10,62,9,2,14,3
D UL R ul ur BS U,2,10,62,9,2,12,3
D UL R ur BS ul U,2,10,62,9,2,16,3
D UL R ur ul BS U,2,10,62,9,2,16,3
D UL ur BS R ul U,2,10,62,9,2,12,3
D UL ur R BS ul U,2,10,62,9,2,16,3
D UL ur R ul BS U,2,10,62,9,2,14,3
D ur R UL BS ul U,2,10,62,9,2,14,3
D ur R ul UL BS U,2,10,62,9,2,12,4
D ur R UL ul BS U,2,10,62,9,2,16,4
D ur UL BS R ul U,2,10,62,9,2,10,3
D ur UL R BS ul U,2,10,62,9,2,14,3
D ur UL R ul BS U,2,10,62,9,2,12,3
R BS D ul UL ur U,2,10,62,9,2,14,4
R BS D UL ul ur U,2,10,62,9,2,16,4
R BS D UL ur ul U,2,10,62,9,2,14,3
R BS UL D ul ur U,2,10,62,9,2,12,3
R BS UL D ur ul U,2,10,62,9,2,12,3
R D BS ul UL ur U,2,10,62,9,2,16,4
R D BS UL ul ur U,2,10,62,9,2,14,4
R D BS UL ur ul U,2,10,62,9,2,12,3
R D ul BS UL ur U,2,10,62,9,2,12,3
R D UL BS ul ur U,2,10,62,9,2,14,3
R D UL BS ur ul U,2,10,62,9,2,12,3
R D ul UL BS ur U,2,10,62,9,2,12,4
R D UL ul BS ur U,2,10,62,9,2,16,4
R D ul UL ur BS U,2,10,62,9,2,12,4
R D UL ul ur BS U,2,10,62,9,2,14,4
R D UL ur BS ul U,2,10,62,9,2,14,3
R D ul ur UL BS U,2,10,62,9,2,10,2
R D UL ur ul BS U,2,10,62,9,2,14,3
R D ur UL BS ul U,2,10,62,9,2,12,3
R D ur ul UL BS U,2,10,62,9,2,12,4
R D ur UL ul BS U,2,10,62,9,2,14,4
R UL BS D ul ur U,2,10,62,9,2,12,3
R UL BS D ur ul U,2,10,62,9,2,12,3
R UL D BS ul ur U,2,10,62,9,2,16,3
R UL D BS ur ul U,2,10,62,9,2,14,3
R UL D ul BS ur U,2,10,62,9,2,14,3
R UL D ul ur BS U,2,10,62,9,2,12,3
R UL D ur BS ul U,2,10,62,9,2,14,3
R UL D ur ul BS U,2,10,62,9,2,14,3
R UL ur D BS ul U,2,10,62,9,2,14,3
R UL ur D ul BS U,2,10,62,9,2,12,3
R ur D UL BS ul U,2,10,62,9,2,14,3
R ur D ul UL BS U,2,10,62,9,2,12,4
R ur D UL ul BS U,2,10,62,9,2,16,4
R ur UL D BS ul U,2,10,62,9,2,16,3
R ur UL D ul BS U,2,10,62,9,2,14,3
UL BS D R ul ur U,2,10,62,9,2,11,3
UL BS D R ur ul U,2,10,62,9,2,13,3
UL BS D ur R ul U,2,10,62,9,2,11,3
UL BS R D ul ur U,2,10,62,9,2,11,3
UL BS R D ur ul U,2,10,62,9,2,11,3
UL D BS R ul ur U,2,10,62,9,2,13,3
UL D BS R ur ul U,2,10,62,9,2,15,3
UL D BS ur R ul U,2,10,62,9,2,13,3
UL D R BS ul ur U,2,10,62,9,2,15,3
UL D R BS ur ul U,2,10,62,9,2,13,3
UL D R ul BS ur U,2,10,62,9,2,13,3
UL D R ul ur BS U,2,10,62,9,2,11,3
UL D R ur BS ul U,2,10,62,9,2,15,3
UL D R ur ul BS U,2,10,62,9,2,15,3
UL D ur BS R ul U,2,10,62,9,2,11,3
UL D ur R BS ul U,2,10,62,9,2,15,3
UL D ur R ul BS U,2,10,62,9,2,13,3
UL R BS D ul ur U,2,10,62,9,2,13,3
UL R BS D ur ul U,2,10,62,9,2,13,3
UL R D BS ul ur U,2,10,62,9,2,15,3
UL R D BS ur ul U,2,10,62,9,2,13,3
UL R D ul BS ur U,2,10,62,9,2,13,3
UL R D ul ur BS U,2,10,62,9,2,11,3
UL R D ur BS ul U,2,10,62,9,2,13,3
UL R D ur ul BS U,2,10,62,9,2,13,3
UL R ur D BS ul U,2,10,62,9,2,15,3
UL R ur D ul BS U,2,10,62,9,2,13,3
UL ur D BS R ul U,2,10,62,9,2,11,3
UL ur D R BS ul U,2,10,62,9,2,13,3
UL ur D R ul BS U,2,10,62,9,2,11,3
UL ur R D BS ul U,2,10,62,9,2,15,3
UL ur R D ul BS U,2,10,62,9,2,13,3
ur D R UL BS ul U,2,10,62,9,2,13,3
ur D R ul UL BS U,2,10,62,9,2,11,4
ur D R UL ul BS U,2,10,62,9,2,15,4
ur D UL BS R ul U,2,10,62,9,2,11,3
ur D UL R BS ul U,2,10,62,9,2,15,3
ur D UL R ul BS U,2,10,62,9,2,13,3
ur R D UL BS ul U,2,10,62,9,2,15,3
ur R D ul UL BS U,2,10,62,9,2,13,4
ur R D UL ul BS U,2,10,62,9,2,17,4
ur R UL D BS ul U,2,10,62,9,2,17,3
ur R UL D ul BS U,2,10,62,9,2,15,3
ur UL D BS R ul U,2,10,62,9,2,13,3
ur UL D R BS ul U,2,10,62,9,2,15,3
ur UL D R ul BS U,2,10,62,9,2,13,3
ur UL R D BS ul U,2,10,62,9,2,15,3
ur UL R D ul BS U,2,10,62,9,2,13,3
