order,min_memo,max_memo,sum_memo,memorized,d_moves,pin_changes,max_pin_changes
dl FS R D UL L ur,2,13,31,5,2,12,3
dl FS R UL D L ur,2,13,31,5,2,14,3
dl FS R UL L D ur,2,13,31,5,2,12,3
dl R FS D UL L ur,2,13,31,5,2,10,3
dl R FS UL D L ur,2,13,31,5,2,12,3
dl R FS UL L D ur,2,13,31,5,2,10,3
dl R UL FS D L ur,2,13,31,5,2,12,3
dl R UL FS L D ur,2,13,31,5,2,12,3
FS dl R D UL L ur,2,13,31,5,2,11,3
FS dl R UL D L ur,2,13,31,5,2,13,3
FS dl R UL L D ur,2,13,31,5,2,11,3
FS R D dl UL L ur,2,13,31,5,2,11,3
FS R dl D UL L ur,2,13,31,5,2,11,3
FS R dl UL D L ur,2,13,31,5,2,11,3
FS R dl UL L D ur,2,13,31,5,2,9,2
R dl FS D UL L ur,2,13,31,5,2,11,3
R dl FS UL D L ur,2,13,31,5,2,13,3
R dl FS UL L D ur,2,13,31,5,2,11,3
R dl UL FS D L ur,2,13,31,5,2,11,3
R dl UL FS L D ur,2,13,31,5,2,11,3
R FS D dl UL L ur,2,13,31,5,2,11,3
R FS dl D UL L ur,2,13,31,5,2,13,3
R FS dl UL D L ur,2,13,31,5,2,13,3
R FS dl UL L D ur,2,13,31,5,2,11,3
dl FS UL L R D ur,2,13,39,5,2,14,4
dl FS UL R D L ur,2,13,39,5,2,14,3
dl FS UL R L D ur,2,13,39,5,2,16,4
dl UL FS L R D ur,2,13,39,5,2,14,4
dl UL FS R D L ur,2,13,39,5,2,12,3
dl UL FS R L D ur,2,13,39,5,2,14,4
dl UL R FS D L ur,2,13,39,5,2,12,3
dl UL R FS L D ur,2,13,39,5,2,12,3
FS dl UL L R D ur,2,13,39,5,2,13,4
FS dl UL R D L ur,2,13,39,5,2,13,3
FS dl UL R L D ur,2,13,39,5,2,15,4
FS UL dl L R D ur,2,13,39,5,2,15,4
FS UL dl R D L ur,2,13,39,5,2,11,3
FS UL dl R L D ur,2,13,39,5,2,13,4
FS UL L dl R D ur,2,13,39,5,2,11,3
UL dl FS L R D ur,2,13,39,5,2,14,4
UL dl FS R D L ur,2,13,39,5,2,12,3
UL dl FS R L D ur,2,13,39,5,2,14,4
UL dl R FS D L ur,2,13,39,5,2,10,2
UL dl R FS L D ur,2,13,39,5,2,10,2
UL FS dl L R D ur,2,13,39,5,2,16,4
UL FS dl R D L ur,2,13,39,5,2,12,3
UL FS dl R L D ur,2,13,39,5,2,14,4
UL FS L dl R D ur,2,13,39,5,2,12,3
FS R D UL dl L ur,2,13,41,6,2,13,3
FS R D UL L dl ur,2,13,41,6,2,13,3
FS R UL D dl L ur,2,13,41,6,2,15,3
FS R UL D L dl ur,2,13,41,6,2,15,3
FS R UL dl D L ur,2,13,41,6,2,13,3
FS R UL dl L D ur,2,13,41,6,2,13,3
FS R UL L D dl ur,2,13,41,6,2,13,3
FS R UL L dl D ur,2,13,41,6,2,13,3
FS UL L R D dl ur,2,13,41,6,2,15,4
FS UL L R dl D ur,2,13,41,6,2,13,4
FS UL R D dl L ur,2,13,41,6,2,15,3
FS UL R D L dl ur,2,13,41,6,2,15,3
FS UL R dl D L ur,2,13,41,6,2,13,3
FS UL R dl L D ur,2,13,41,6,2,13,3
FS UL R L D dl ur,2,13,41,6,2,17,4
FS UL R L dl D ur,2,13,41,6,2,17,4
R FS D UL dl L ur,2,13,41,6,2,13,3
R FS D UL L dl ur,2,13,41,6,2,13,3
R FS UL D dl L ur,2,13,41,6,2,15,3
R FS UL D L dl ur,2,13,41,6,2,15,3
R FS UL dl D L ur,2,13,41,6,2,13,3
R FS UL dl L D ur,2,13,41,6,2,13,3
R FS UL L D dl ur,2,13,41,6,2,13,3
R FS UL L dl D ur,2,13,41,6,2,13,3
R UL dl FS D L ur,2,13,41,6,2,13,3
R UL dl FS L D ur,2,13,41,6,2,13,3
R UL FS D dl L ur,2,13,41,6,2,15,3
R UL FS D L dl ur,2,13,41,6,2,15,3
R UL FS dl D L ur,2,13,41,6,2,15,3
R UL FS dl L D ur,2,13,41,6,2,15,3
R UL FS L D dl ur,2,13,41,6,2,15,3
R UL FS L dl D ur,2,13,41,6,2,15,3
UL FS L R D dl ur,2,13,41,6,2,16,4
UL FS L R dl D ur,2,13,41,6,2,14,4
UL FS R D dl L ur,2,13,41,6,2,14,3
UL FS R D L dl ur,2,13,41,6,2,14,3
UL FS R dl D L ur,2,13,41,6,2,12,3
UL FS R dl L D ur,2,13,41,6,2,12,3
UL FS R L D dl ur,2,13,41,6,2,16,4
UL FS R L dl D ur,2,13,41,6,2,16,4
UL R dl FS D L ur,2,13,41,6,2,12,3
UL R dl FS L D ur,2,13,41,6,2,12,3
UL R FS D dl L ur,2,13,41,6,2,14,3
UL R FS D L dl ur,2,13,41,6,2,14,3
UL R FS dl D L ur,2,13,41,6,2,14,3
UL R FS dl L D ur,2,13,41,6,2,14,3
UL R FS L D dl ur,2,13,41,6,2,14,3
UL R FS L dl D ur,2,13,41,6,2,14,3
D dl FS R UL L ur,2,14,43,5,2,13,3
D FS dl R UL L ur,2,14,43,5,2,11,3
D FS R dl UL L ur,2,14,43,5,2,9,2
dl D FS R UL L ur,2,14,43,5,2,12,3
dl FS D R UL L ur,2,14,43,5,2,12,3
dl FS L UL R D ur,2,14,43,5,2,12,3
dl L FS UL R D ur,2,14,43,5,2,14,3
FS D dl R UL L ur,2,14,43,5,2,11,3
FS D R dl UL L ur,2,14,43,5,2,9,2
FS dl D R UL L ur,2,14,43,5,2,13,3
FS dl L UL R D ur,2,14,43,5,2,13,3
FS L dl UL R D ur,2,14,43,5,2,13,3
FS L UL dl R D ur,2,14,43,5,2,9,2
L dl FS UL R D ur,2,14,43,5,2,15,3
L FS dl UL R D ur,2,14,43,5,2,13,3
L FS UL dl R D ur,2,14,43,5,2,11,3
D dl R FS UL L ur,2,14,45,6,2,11,3
D dl R UL FS L ur,2,14,45,6,2,13,3
D R dl FS UL L ur,2,14,45,6,2,11,3
D R dl UL FS L ur,2,14,45,6,2,11,3
D R FS dl UL L ur,2,14,45,6,2,11,3
dl D R FS UL L ur,2,14,45,6,2,12,3
dl D R UL FS L ur,2,14,45,6,2,14,3
dl FS L R D UL ur,2,14,45,6,2,16,4
dl FS L R UL D ur,2,14,45,6,2,16,4
dl FS R D L UL ur,2,14,45,6,2,12,3
dl FS R L D UL ur,2,14,45,6,2,16,4
dl FS R L UL D ur,2,14,45,6,2,14,4
dl L FS R D UL ur,2,14,45,6,2,14,3
dl L FS R UL D ur,2,14,45,6,2,14,3
dl L R FS D UL ur,2,14,45,6,2,16,4
dl L R FS UL D ur,2,14,45,6,2,16,4
dl L R UL FS D ur,2,14,45,6,2,16,4
dl R D FS UL L ur,2,14,45,6,2,10,3
dl R D UL FS L ur,2,14,45,6,2,12,3
dl R FS D L UL ur,2,14,45,6,2,10,2
dl R FS L D UL ur,2,14,45,6,2,12,3
dl R FS L UL D ur,2,14,45,6,2,10,3
dl R L FS D UL ur,2,14,45,6,2,14,4
dl R L FS UL D ur,2,14,45,6,2,14,4
dl R L UL FS D ur,2,14,45,6,2,12,4
dl R UL D FS L ur,2,14,45,6,2,12,3
dl R UL L FS D ur,2,14,45,6,2,10,3
FS dl L R D UL ur,2,14,45,6,2,17,4
FS dl L R UL D ur,2,14,45,6,2,17,4
FS dl R D L UL ur,2,14,45,6,2,11,3
FS dl R L D UL ur,2,14,45,6,2,15,4
FS dl R L UL D ur,2,14,45,6,2,13,4
FS L dl R D UL ur,2,14,45,6,2,13,3
FS L dl R UL D ur,2,14,45,6,2,13,3
FS L R D dl UL ur,2,14,45,6,2,15,4
FS L R D UL dl ur,2,14,45,6,2,15,4
FS L R dl D UL ur,2,14,45,6,2,15,4
FS L R dl UL D ur,2,14,45,6,2,13,4
FS L R UL D dl ur,2,14,45,6,2,17,4
FS L R UL dl D ur,2,14,45,6,2,15,4
FS L UL R D dl ur,2,14,45,6,2,13,3
FS L UL R dl D ur,2,14,45,6,2,11,3
FS R D dl L UL ur,2,14,45,6,2,13,3
FS R D L dl UL ur,2,14,45,6,2,13,3
FS R D L UL dl ur,2,14,45,6,2,11,2
FS R dl D L UL ur,2,14,45,6,2,11,3
FS R dl L D UL ur,2,14,45,6,2,13,3
FS R dl L UL D ur,2,14,45,6,2,11,3
FS R L D dl UL ur,2,14,45,6,2,15,4
FS R L D UL dl ur,2,14,45,6,2,15,4
FS R L dl D UL ur,2,14,45,6,2,17,4
FS R L dl UL D ur,2,14,45,6,2,15,4
FS R L UL D dl ur,2,14,45,6,2,15,4
FS R L UL dl D ur,2,14,45,6,2,13,4
L dl FS R D UL ur,2,14,45,6,2,15,3
L dl FS R UL D ur,2,14,45,6,2,15,3
L dl R FS D UL ur,2,14,45,6,2,13,3
L dl R FS UL D ur,2,14,45,6,2,13,3
L dl R UL FS D ur,2,14,45,6,2,13,3
L FS dl R D UL ur,2,14,45,6,2,13,3
L FS dl R UL D ur,2,14,45,6,2,13,3
L FS R D dl UL ur,2,14,45,6,2,13,3
L FS R D UL dl ur,2,14,45,6,2,13,3
L FS R dl D UL ur,2,14,45,6,2,13,3
L FS R dl UL D ur,2,14,45,6,2,11,3
L FS R UL D dl ur,2,14,45,6,2,15,3
L FS R UL dl D ur,2,14,45,6,2,13,3
L FS UL R D dl ur,2,14,45,6,2,15,3
L FS UL R dl D ur,2,14,45,6,2,13,3
L R dl FS D UL ur,2,14,45,6,2,15,4
L R dl FS UL D ur,2,14,45,6,2,15,4
L R dl UL FS D ur,2,14,45,6,2,13,4
L R FS D dl UL ur,2,14,45,6,2,15,4
L R FS D UL dl ur,2,14,45,6,2,15,4
L R FS dl D UL ur,2,14,45,6,2,17,4
L R FS dl UL D ur,2,14,45,6,2,15,4
L R FS UL D dl ur,2,14,45,6,2,17,4
L R FS UL dl D ur,2,14,45,6,2,15,4
R D dl FS UL L ur,2,14,45,6,2,13,3
R D dl UL FS L ur,2,14,45,6,2,13,3
R D FS dl UL L ur,2,14,45,6,2,11,3
R dl D FS UL L ur,2,14,45,6,2,11,3
R dl D UL FS L ur,2,14,45,6,2,13,3
R dl FS D L UL ur,2,14,45,6,2,11,3
R dl FS L D UL ur,2,14,45,6,2,13,3
R dl FS L UL D ur,2,14,45,6,2,11,3
R dl L FS D UL ur,2,14,45,6,2,13,3
R dl L FS UL D ur,2,14,45,6,2,13,3
R dl L UL FS D ur,2,14,45,6,2,11,3
R dl UL D FS L ur,2,14,45,6,2,11,3
R dl UL L FS D ur,2,14,45,6,2,9,2
R FS D dl L UL ur,2,14,45,6,2,13,3
R FS D L dl UL ur,2,14,45,6,2,13,3
R FS D L UL dl ur,2,14,45,6,2,11,2
R FS dl D L UL ur,2,14,45,6,2,13,3
R FS dl L D UL ur,2,14,45,6,2,15,3
R FS dl L UL D ur,2,14,45,6,2,13,3
R FS L D dl UL ur,2,14,45,6,2,13,3
R FS L D UL dl ur,2,14,45,6,2,13,3
R FS L dl D UL ur,2,14,45,6,2,15,3
R FS L dl UL D ur,2,14,45,6,2,13,3
R FS L UL D dl ur,2,14,45,6,2,13,3
R FS L UL dl D ur,2,14,45,6,2,11,3
R L dl FS D UL ur,2,14,45,6,2,17,4
R L dl FS UL D ur,2,14,45,6,2,17,4
R L dl UL FS D ur,2,14,45,6,2,15,4
R L FS D dl UL ur,2,14,45,6,2,15,4
R L FS D UL dl ur,2,14,45,6,2,15,4
R L FS dl D UL ur,2,14,45,6,2,17,4
R L FS dl UL D ur,2,14,45,6,2,15,4
R L FS UL D dl ur,2,14,45,6,2,17,4
R L FS UL dl D ur,2,14,45,6,2,15,4
FS UL L ur D R dl,5,14,46,5,2,9,3
FS UL ur L D R dl,5,14,46,5,2,11,3
FS ur UL L D R dl,5,14,46,5,2,11,3
UL FS L ur D R dl,5,14,46,5,2,10,3
UL FS ur L D R dl,5,14,46,5,2,12,3
UL ur FS L D R dl,5,14,46,5,2,12,3
ur FS UL L D R dl,5,14,46,5,2,12,3
ur UL FS L D R dl,5,14,46,5,2,12,3
FS R D UL L ur dl,2,14,48,6,2,11,3
FS R D UL ur L dl,2,14,48,6,2,13,3
FS R D ur UL L dl,2,14,48,6,2,11,3
FS R UL D L ur dl,2,14,48,6,2,13,3
FS R UL D ur L dl,2,14,48,6,2,13,3
FS R UL L D ur dl,2,14,48,6,2,11,3
FS R UL L ur D dl,2,14,48,6,2,11,3
FS R UL ur D L dl,2,14,48,6,2,13,3
FS R UL ur L D dl,2,14,48,6,2,13,3
FS R ur D UL L dl,2,14,48,6,2,13,3
FS R ur UL D L dl,2,14,48,6,2,15,3
FS R ur UL L D dl,2,14,48,6,2,13,3
FS UL L R D ur dl,2,14,48,6,2,13,4
FS UL L R ur D dl,2,14,48,6,2,15,4
FS UL L ur R D dl,2,14,48,6,2,13,3
FS UL R D L ur dl,2,14,48,6,2,13,3
FS UL R D ur L dl,2,14,48,6,2,13,3
FS UL R L D ur dl,2,14,48,6,2,15,4
FS UL R L ur D dl,2,14,48,6,2,15,4
FS UL R ur D L dl,2,14,48,6,2,15,3
FS UL R ur L D dl,2,14,48,6,2,15,3
FS UL ur L R D dl,2,14,48,6,2,15,4
FS UL ur R D L dl,2,14,48,6,2,15,3
FS UL ur R L D dl,2,14,48,6,2,17,4
FS ur R D UL L dl,2,14,48,6,2,15,3
FS ur R UL D L dl,2,14,48,6,2,17,3
FS ur R UL L D dl,2,14,48,6,2,15,3
FS ur UL L R D dl,2,14,48,6,2,15,4
FS ur UL R D L dl,2,14,48,6,2,15,3
FS ur UL R L D dl,2,14,48,6,2,17,4
R FS D UL L ur dl,2,14,48,6,2,11,3
R FS D UL ur L dl,2,14,48,6,2,13,3
R FS D ur UL L dl,2,14,48,6,2,11,3
R FS UL D L ur dl,2,14,48,6,2,13,3
R FS UL D ur L dl,2,14,48,6,2,13,3
R FS UL L D ur dl,2,14,48,6,2,11,3
R FS UL L ur D dl,2,14,48,6,2,11,3
R FS UL ur D L dl,2,14,48,6,2,13,3
R FS UL ur L D dl,2,14,48,6,2,13,3
R FS ur D UL L dl,2,14,48,6,2,13,3
R FS ur UL D L dl,2,14,48,6,2,15,3
R FS ur UL L D dl,2,14,48,6,2,13,3
R UL FS D L ur dl,2,14,48,6,2,13,3
R UL FS D ur L dl,2,14,48,6,2,13,3
R UL FS L D ur dl,2,14,48,6,2,13,3
R UL FS L ur D dl,2,14,48,6,2,13,3
R UL FS ur D L dl,2,14,48,6,2,15,3
R UL FS ur L D dl,2,14,48,6,2,15,3
R UL ur FS D L dl,2,14,48,6,2,15,3
R UL ur FS L D dl,2,14,48,6,2,15,3
R ur FS D UL L dl,2,14,48,6,2,15,3
R ur FS UL D L dl,2,14,48,6,2,17,3
R ur FS UL L D dl,2,14,48,6,2,15,3
R ur UL FS D L dl,2,14,48,6,2,15,3
R ur UL FS L D dl,2,14,48,6,2,15,3
UL FS L R D ur dl,2,14,48,6,2,14,4
UL FS L R ur D dl,2,14,48,6,2,16,4
UL FS L ur R D dl,2,14,48,6,2,14,3
UL FS R D L ur dl,2,14,48,6,2,12,3
UL FS R D ur L dl,2,14,48,6,2,12,3
UL FS R L D ur dl,2,14,48,6,2,14,4
UL FS R L ur D dl,2,14,48,6,2,14,4
UL FS R ur D L dl,2,14,48,6,2,14,3
UL FS R ur L D dl,2,14,48,6,2,14,3
UL FS ur L R D dl,2,14,48,6,2,16,4
UL FS ur R D L dl,2,14,48,6,2,16,3
UL FS ur R L D dl,2,14,48,6,2,18,4
UL R FS D L ur dl,2,14,48,6,2,12,3
UL R FS D ur L dl,2,14,48,6,2,12,3
UL R FS L D ur dl,2,14,48,6,2,12,3
UL R FS L ur D dl,2,14,48,6,2,12,3
UL R FS ur D L dl,2,14,48,6,2,14,3
UL R FS ur L D dl,2,14,48,6,2,14,3
UL R ur FS D L dl,2,14,48,6,2,16,3
UL R ur FS L D dl,2,14,48,6,2,16,3
UL ur FS L R D dl,2,14,48,6,2,16,4
UL ur FS R D L dl,2,14,48,6,2,14,3
UL ur FS R L D dl,2,14,48,6,2,16,4
UL ur R FS D L dl,2,14,48,6,2,14,3
UL ur R FS L D dl,2,14,48,6,2,14,3
ur FS R D UL L dl,2,14,48,6,2,14,3
ur FS R UL D L dl,2,14,48,6,2,16,3
ur FS R UL L D dl,2,14,48,6,2,14,3
ur FS UL L R D dl,2,14,48,6,2,16,4
ur FS UL R D L dl,2,14,48,6,2,16,3
ur FS UL R L D dl,2,14,48,6,2,18,4
ur R FS D UL L dl,2,14,48,6,2,14,3
ur R FS UL D L dl,2,14,48,6,2,16,3
ur R FS UL L D dl,2,14,48,6,2,14,3
ur R UL FS D L dl,2,14,48,6,2,16,3
ur R UL FS L D dl,2,14,48,6,2,16,3
ur UL FS L R D dl,2,14,48,6,2,16,4
ur UL FS R D L dl,2,14,48,6,2,14,3
ur UL FS R L D dl,2,14,48,6,2,16,4
ur UL R FS D L dl,2,14,48,6,2,14,3
ur UL R FS L D dl,2,14,48,6,2,14,3
FS L UL ur D R dl,5,14,50,5,2,9,2
FS L ur UL D R dl,5,14,50,5,2,11,3
FS ur L UL D R dl,5,14,50,5,2,11,3
L FS UL ur D R dl,5,14,50,5,2,11,3
L FS ur UL D R dl,5,14,50,5,2,13,3
L ur FS UL D R dl,5,14,50,5,2,13,3
ur FS L UL D R dl,5,14,50,5,2,12,3
ur L FS UL D R dl,5,14,50,5,2,12,3
FS L R D UL ur dl,2,14,52,6,2,15,4
FS L R D ur UL dl,2,14,52,6,2,13,4
FS L R UL D ur dl,2,14,52,6,2,15,4
FS L R UL ur D dl,2,14,52,6,2,15,4
FS L R ur D UL dl,2,14,52,6,2,15,4
FS L R ur UL D dl,2,14,52,6,2,17,4
FS L UL R D ur dl,2,14,52,6,2,11,3
FS L UL R ur D dl,2,14,52,6,2,13,3
FS L UL ur R D dl,2,14,52,6,2,13,3
FS L ur R D UL dl,2,14,52,6,2,13,3
FS L ur R UL D dl,2,14,52,6,2,15,3
FS L ur UL R D dl,2,14,52,6,2,13,3
FS R D L UL ur dl,2,14,52,6,2,11,2
FS R D L ur UL dl,2,14,52,6,2,11,2
FS R D ur L UL dl,2,14,52,6,2,9,2
FS R L D UL ur dl,2,14,52,6,2,15,4
FS R L D ur UL dl,2,14,52,6,2,13,4
FS R L UL D ur dl,2,14,52,6,2,13,4
FS R L UL ur D dl,2,14,52,6,2,13,4
FS R L ur D UL dl,2,14,52,6,2,13,4
FS R L ur UL D dl,2,14,52,6,2,15,4
FS R ur D L UL dl,2,14,52,6,2,11,3
FS R ur L D UL dl,2,14,52,6,2,13,3
FS R ur L UL D dl,2,14,52,6,2,13,3
FS ur L R D UL dl,2,14,52,6,2,15,4
FS ur L R UL D dl,2,14,52,6,2,17,4
FS ur L UL R D dl,2,14,52,6,2,13,3
FS ur R D L UL dl,2,14,52,6,2,13,3
FS ur R L D UL dl,2,14,52,6,2,17,4
FS ur R L UL D dl,2,14,52,6,2,17,4
L FS R D UL ur dl,2,14,52,6,2,13,3
L FS R D ur UL dl,2,14,52,6,2,11,2
L FS R UL D ur dl,2,14,52,6,2,13,3
L FS R UL ur D dl,2,14,52,6,2,13,3
L FS R ur D UL dl,2,14,52,6,2,13,3
L FS R ur UL D dl,2,14,52,6,2,15,3
L FS UL R D ur dl,2,14,52,6,2,13,3
L FS UL R ur D dl,2,14,52,6,2,15,3
L FS UL ur R D dl,2,14,52,6,2,15,3
L FS ur R D UL dl,2,14,52,6,2,15,3
L FS ur R UL D dl,2,14,52,6,2,17,3
L FS ur UL R D dl,2,14,52,6,2,15,3
L R FS D UL ur dl,2,14,52,6,2,15,4
L R FS D ur UL dl,2,14,52,6,2,13,4
L R FS UL D ur dl,2,14,52,6,2,15,4
L R FS UL ur D dl,2,14,52,6,2,15,4
L R FS ur D UL dl,2,14,52,6,2,15,4
L R FS ur UL D dl,2,14,52,6,2,17,4
L R ur FS D UL dl,2,14,52,6,2,17,4
L R ur FS UL D dl,2,14,52,6,2,19,4
L ur FS R D UL dl,2,14,52,6,2,13,3
L ur FS R UL D dl,2,14,52,6,2,15,3
L ur FS UL R D dl,2,14,52,6,2,15,3
L ur R FS D UL dl,2,14,52,6,2,13,3
L ur R FS UL D dl,2,14,52,6,2,15,3
R FS D L UL ur dl,2,14,52,6,2,11,2
R FS D L ur UL dl,2,14,52,6,2,11,2
R FS D ur L UL dl,2,14,52,6,2,9,2
R FS L D UL ur dl,2,14,52,6,2,13,3
R FS L D ur UL dl,2,14,52,6,2,11,2
R FS L UL D ur dl,2,14,52,6,2,11,3
R FS L UL ur D dl,2,14,52,6,2,11,3
R FS L ur D UL dl,2,14,52,6,2,11,3
R FS L ur UL D dl,2,14,52,6,2,13,3
R FS ur D L UL dl,2,14,52,6,2,11,3
R FS ur L D UL dl,2,14,52,6,2,13,3
R FS ur L UL D dl,2,14,52,6,2,13,3
R L FS D UL ur dl,2,14,52,6,2,15,4
R L FS D ur UL dl,2,14,52,6,2,13,4
R L FS UL D ur dl,2,14,52,6,2,15,4
R L FS UL ur D dl,2,14,52,6,2,15,4
R L FS ur D UL dl,2,14,52,6,2,15,4
R L FS ur UL D dl,2,14,52,6,2,17,4
R L ur FS D UL dl,2,14,52,6,2,15,4
R L ur FS UL D dl,2,14,52,6,2,17,4
R ur FS D L UL dl,2,14,52,6,2,13,3
R ur FS L D UL dl,2,14,52,6,2,15,3
R ur FS L UL D dl,2,14,52,6,2,15,3
R ur L FS D UL dl,2,14,52,6,2,13,3
R ur L FS UL D dl,2,14,52,6,2,15,3
ur FS L R D UL dl,2,14,52,6,2,16,4
ur FS L R UL D dl,2,14,52,6,2,18,4
ur FS L UL R D dl,2,14,52,6,2,14,3
ur FS R D L UL dl,2,14,52,6,2,12,3
ur FS R L D UL dl,2,14,52,6,2,16,4
ur FS R L UL D dl,2,14,52,6,2,16,4
ur L FS R D UL dl,2,14,52,6,2,12,3
ur L FS R UL D dl,2,14,52,6,2,14,3
ur L FS UL R D dl,2,14,52,6,2,14,3
ur L R FS D UL dl,2,14,52,6,2,14,4
ur L R FS UL D dl,2,14,52,6,2,16,4
ur R FS D L UL dl,2,14,52,6,2,12,3
ur R FS L D UL dl,2,14,52,6,2,14,3
ur R FS L UL D dl,2,14,52,6,2,14,3
ur R L FS D UL dl,2,14,52,6,2,16,4
ur R L FS UL D dl,2,14,52,6,2,18,4
D dl FS UL L R ur,2,14,53,6,2,17,4
D dl FS UL R L ur,2,14,53,6,2,17,4
D dl R UL ur L FS,2,14,53,6,2,12,3
D dl R ur UL L FS,2,14,53,6,2,12,3
D dl UL FS L R ur,2,14,53,6,2,17,4
D dl UL FS R L ur,2,14,53,6,2,15,4
D dl UL R FS L ur,2,14,53,6,2,13,3
D dl ur R UL L FS,2,14,53,6,2,14,3
D FS dl UL L R ur,2,14,53,6,2,15,4
D FS dl UL R L ur,2,14,53,6,2,15,4
D FS R UL dl L ur,2,14,53,6,2,13,3
D FS R UL L dl ur,2,14,53,6,2,13,3
D FS UL dl L R ur,2,14,53,6,2,17,4
D FS UL dl R L ur,2,14,53,6,2,13,4
D FS UL L dl R ur,2,14,53,6,2,13,3
D FS UL L R dl ur,2,14,53,6,2,13,4
D FS UL R dl L ur,2,14,53,6,2,13,3
D FS UL R L dl ur,2,14,53,6,2,17,4
D R dl UL ur L FS,2,14,53,6,2,10,2
D R dl ur UL L FS,2,14,53,6,2,10,2
D R ur dl UL L FS,2,14,53,6,2,12,3
D UL dl FS L R ur,2,14,53,6,2,17,4
D UL dl FS R L ur,2,14,53,6,2,15,4
D UL dl R FS L ur,2,14,53,6,2,11,3
D UL FS dl L R ur,2,14,53,6,2,19,4
D UL FS dl R L ur,2,14,53,6,2,15,4
D UL FS L dl R ur,2,14,53,6,2,15,3
D UL FS L R dl ur,2,14,53,6,2,15,4
D UL FS R dl L ur,2,14,53,6,2,13,3
D UL FS R L dl ur,2,14,53,6,2,17,4
D ur dl R UL L FS,2,14,53,6,2,10,3
D ur R dl UL L FS,2,14,53,6,2,10,3
dl D FS UL L R ur,2,14,53,6,2,16,4
dl D FS UL R L ur,2,14,53,6,2,16,4
dl D R UL ur L FS,2,14,53,6,2,13,3
dl D R ur UL L FS,2,14,53,6,2,13,3
dl D UL FS L R ur,2,14,53,6,2,18,4
dl D UL FS R L ur,2,14,53,6,2,16,4
dl D UL R FS L ur,2,14,53,6,2,14,3
dl D ur R UL L FS,2,14,53,6,2,13,3
dl FS D UL L R ur,2,14,53,6,2,16,4
dl FS D UL R L ur,2,14,53,6,2,16,4
dl FS UL D L R ur,2,14,53,6,2,18,4
dl FS UL D R L ur,2,14,53,6,2,16,4
dl FS UL L D R ur,2,14,53,6,2,14,3
dl L R UL ur D FS,2,14,53,6,2,15,4
dl L R ur UL D FS,2,14,53,6,2,17,4
dl L UL FS R D ur,2,14,53,6,2,12,3
dl L UL R FS D ur,2,14,53,6,2,12,3
dl L ur R UL D FS,2,14,53,6,2,15,3
dl R D UL ur L FS,2,14,53,6,2,11,3
dl R D ur UL L FS,2,14,53,6,2,9,2
dl R L UL ur D FS,2,14,53,6,2,11,4
dl R L ur UL D FS,2,14,53,6,2,13,4
dl R UL D ur L FS,2,14,53,6,2,11,3
dl R UL L ur D FS,2,14,53,6,2,9,3
dl R UL ur D L FS,2,14,53,6,2,11,3
dl R UL ur L D FS,2,14,53,6,2,11,3
dl R ur D UL L FS,2,14,53,6,2,11,3
dl R ur L UL D FS,2,14,53,6,2,11,3
dl R ur UL D L FS,2,14,53,6,2,13,3
dl R ur UL L D FS,2,14,53,6,2,11,3
dl UL D FS L R ur,2,14,53,6,2,16,4
dl UL D FS R L ur,2,14,53,6,2,14,4
dl UL D R FS L ur,2,14,53,6,2,12,3
dl UL FS D L R ur,2,14,53,6,2,16,4
dl UL FS D R L ur,2,14,53,6,2,14,4
dl UL FS L D R ur,2,14,53,6,2,14,3
dl UL L FS R D ur,2,14,53,6,2,10,2
dl UL L R FS D ur,2,14,53,6,2,12,4
dl UL R D FS L ur,2,14,53,6,2,12,3
dl UL R L FS D ur,2,14,53,6,2,14,4
dl ur D R UL L FS,2,14,53,6,2,11,3
dl ur L R UL D FS,2,14,53,6,2,15,4
dl ur R D UL L FS,2,14,53,6,2,13,3
dl ur R L UL D FS,2,14,53,6,2,15,4
dl ur R UL D L FS,2,14,53,6,2,15,3
dl ur R UL L D FS,2,14,53,6,2,13,3
FS D dl UL L R ur,2,14,53,6,2,15,4
FS D dl UL R L ur,2,14,53,6,2,15,4
FS D R UL dl L ur,2,14,53,6,2,13,3
FS D R UL L dl ur,2,14,53,6,2,13,3
FS D UL dl L R ur,2,14,53,6,2,17,4
FS D UL dl R L ur,2,14,53,6,2,13,4
FS D UL L dl R ur,2,14,53,6,2,13,3
FS D UL L R dl ur,2,14,53,6,2,13,4
FS D UL R dl L ur,2,14,53,6,2,13,3
FS D UL R L dl ur,2,14,53,6,2,17,4
FS dl D UL L R ur,2,14,53,6,2,17,4
FS dl D UL R L ur,2,14,53,6,2,17,4
FS dl UL D L R ur,2,14,53,6,2,17,4
FS dl UL D R L ur,2,14,53,6,2,15,4
FS dl UL L D R ur,2,14,53,6,2,13,3
FS UL D dl L R ur,2,14,53,6,2,19,4
FS UL D dl R L ur,2,14,53,6,2,15,4
FS UL D L dl R ur,2,14,53,6,2,15,3
FS UL D L R dl ur,2,14,53,6,2,15,4
FS UL D R dl L ur,2,14,53,6,2,13,3
FS UL D R L dl ur,2,14,53,6,2,17,4
FS UL dl D L R ur,2,14,53,6,2,17,4
FS UL dl D R L ur,2,14,53,6,2,15,4
FS UL dl L D R ur,2,14,53,6,2,15,3
FS UL L D dl R ur,2,14,53,6,2,13,3
FS UL L D R dl ur,2,14,53,6,2,11,3
FS UL L dl D R ur,2,14,53,6,2,15,3
L dl R UL ur D FS,2,14,53,6,2,12,3
L dl R ur UL D FS,2,14,53,6,2,14,3
L dl UL FS R D ur,2,14,53,6,2,13,3
L dl UL R FS D ur,2,14,53,6,2,13,3
L dl ur R UL D FS,2,14,53,6,2,16,3
L R dl UL ur D FS,2,14,53,6,2,12,4
L R dl ur UL D FS,2,14,53,6,2,14,4
L R ur dl UL D FS,2,14,53,6,2,16,4
L UL dl FS R D ur,2,14,53,6,2,11,3
L UL dl R FS D ur,2,14,53,6,2,9,2
L UL FS dl R D ur,2,14,53,6,2,11,3
L ur dl R UL D FS,2,14,53,6,2,12,3
L ur R dl UL D FS,2,14,53,6,2,12,3
R D dl UL ur L FS,2,14,53,6,2,12,3
R D dl ur UL L FS,2,14,53,6,2,12,3
R D ur dl UL L FS,2,14,53,6,2,10,2
R dl D UL ur L FS,2,14,53,6,2,12,3
R dl D ur UL L FS,2,14,53,6,2,10,3
R dl L UL ur D FS,2,14,53,6,2,10,3
R dl L ur UL D FS,2,14,53,6,2,12,3
R dl UL D ur L FS,2,14,53,6,2,10,3
R dl UL L ur D FS,2,14,53,6,2,8,2
R dl UL ur D L FS,2,14,53,6,2,10,2
R dl UL ur L D FS,2,14,53,6,2,10,2
R dl ur D UL L FS,2,14,53,6,2,10,3
R dl ur L UL D FS,2,14,53,6,2,10,3
R dl ur UL D L FS,2,14,53,6,2,12,3
R dl ur UL L D FS,2,14,53,6,2,10,2
R L dl UL ur D FS,2,14,53,6,2,14,4
R L dl ur UL D FS,2,14,53,6,2,16,4
R L ur dl UL D FS,2,14,53,6,2,14,4
R ur D dl UL L FS,2,14,53,6,2,12,3
R ur dl D UL L FS,2,14,53,6,2,14,3
R ur dl L UL D FS,2,14,53,6,2,14,3
R ur dl UL D L FS,2,14,53,6,2,14,3
R ur dl UL L D FS,2,14,53,6,2,12,3
R ur L dl UL D FS,2,14,53,6,2,14,3
UL D dl FS L R ur,2,14,53,6,2,18,4
UL D dl FS R L ur,2,14,53,6,2,16,4
UL D dl R FS L ur,2,14,53,6,2,12,3
UL D FS dl L R ur,2,14,53,6,2,18,4
UL D FS dl R L ur,2,14,53,6,2,14,4
UL D FS L dl R ur,2,14,53,6,2,14,3
UL D FS L R dl ur,2,14,53,6,2,14,4
UL D FS R dl L ur,2,14,53,6,2,12,3
UL D FS R L dl ur,2,14,53,6,2,16,4
UL dl D FS L R ur,2,14,53,6,2,16,4
UL dl D FS R L ur,2,14,53,6,2,14,4
UL dl D R FS L ur,2,14,53,6,2,12,3
UL dl FS D L R ur,2,14,53,6,2,16,4
UL dl FS D R L ur,2,14,53,6,2,14,4
UL dl FS L D R ur,2,14,53,6,2,14,3
UL dl L FS R D ur,2,14,53,6,2,12,3
UL dl L R FS D ur,2,14,53,6,2,14,4
UL dl R D FS L ur,2,14,53,6,2,10,2
UL dl R L FS D ur,2,14,53,6,2,12,4
UL FS D dl L R ur,2,14,53,6,2,18,4
UL FS D dl R L ur,2,14,53,6,2,14,4
UL FS D L dl R ur,2,14,53,6,2,14,3
UL FS D L R dl ur,2,14,53,6,2,14,4
UL FS D R dl L ur,2,14,53,6,2,12,3
UL FS D R L dl ur,2,14,53,6,2,16,4
UL FS dl D L R ur,2,14,53,6,2,18,4
UL FS dl D R L ur,2,14,53,6,2,16,4
UL FS dl L D R ur,2,14,53,6,2,16,3
UL FS L D dl R ur,2,14,53,6,2,14,3
UL FS L D R dl ur,2,14,53,6,2,12,3
UL FS L dl D R ur,2,14,53,6,2,16,3
UL L dl FS R D ur,2,14,53,6,2,12,3
UL L dl R FS D ur,2,14,53,6,2,10,3
UL L FS dl R D ur,2,14,53,6,2,10,3
ur D dl R UL L FS,2,14,53,6,2,11,3
ur D R dl UL L FS,2,14,53,6,2,9,2
ur dl D R UL L FS,2,14,53,6,2,13,3
ur dl L R UL D FS,2,14,53,6,2,17,4
ur dl R D UL L FS,2,14,53,6,2,11,3
ur dl R L UL D FS,2,14,53,6,2,13,4
ur dl R UL D L FS,2,14,53,6,2,13,3
ur dl R UL L D FS,2,14,53,6,2,11,3
ur L dl R UL D FS,2,14,53,6,2,13,3
ur L R dl UL D FS,2,14,53,6,2,13,4
ur R D dl UL L FS,2,14,53,6,2,13,3
ur R dl D UL L FS,2,14,53,6,2,13,3
ur R dl L UL D FS,2,14,53,6,2,13,3
ur R dl UL D L FS,2,14,53,6,2,13,3
ur R dl UL L D FS,2,14,53,6,2,11,3
ur R L dl UL D FS,2,14,53,6,2,17,4
dl FS R D UL ur L,2,14,53,7,2,13,3
dl FS R D ur UL L,2,14,53,7,2,11,3
dl FS R UL D ur L,2,14,53,7,2,13,3
dl FS R UL L ur D,2,14,53,7,2,11,3
dl FS R UL ur D L,2,14,53,7,2,13,3
dl FS R UL ur L D,2,14,53,7,2,13,3
dl FS R ur D UL L,2,14,53,7,2,13,3
dl FS R ur UL D L,2,14,53,7,2,15,3
dl FS R ur UL L D,2,14,53,7,2,13,3
dl FS ur R D UL L,2,14,53,7,2,15,3
dl FS ur R UL D L,2,14,53,7,2,17,3
dl FS ur R UL L D,2,14,53,7,2,15,3
dl R FS D UL ur L,2,14,53,7,2,11,3
dl R FS D ur UL L,2,14,53,7,2,9,2
dl R FS UL D ur L,2,14,53,7,2,11,3
dl R FS UL L ur D,2,14,53,7,2,9,3
dl R FS UL ur D L,2,14,53,7,2,11,3
dl R FS UL ur L D,2,14,53,7,2,11,3
dl R FS ur D UL L,2,14,53,7,2,11,3
dl R FS ur UL D L,2,14,53,7,2,13,3
dl R FS ur UL L D,2,14,53,7,2,11,3
dl R UL FS D ur L,2,14,53,7,2,11,3
dl R UL FS L ur D,2,14,53,7,2,11,3
dl R UL FS ur D L,2,14,53,7,2,13,3
dl R UL FS ur L D,2,14,53,7,2,13,3
dl R UL ur FS D L,2,14,53,7,2,13,3
dl R UL ur FS L D,2,14,53,7,2,13,3
dl R ur FS D UL L,2,14,53,7,2,13,3
dl R ur FS UL D L,2,14,53,7,2,15,3
dl R ur FS UL L D,2,14,53,7,2,13,3
dl R ur UL FS D L,2,14,53,7,2,13,3
dl R ur UL FS L D,2,14,53,7,2,13,3
dl ur FS R D UL L,2,14,53,7,2,13,3
dl ur FS R UL D L,2,14,53,7,2,15,3
dl ur FS R UL L D,2,14,53,7,2,13,3
dl ur R FS D UL L,2,14,53,7,2,13,3
dl ur R FS UL D L,2,14,53,7,2,15,3
dl ur R FS UL L D,2,14,53,7,2,13,3
dl ur R UL FS D L,2,14,53,7,2,15,3
dl ur R UL FS L D,2,14,53,7,2,15,3
FS dl R D UL ur L,2,14,53,7,2,12,3
FS dl R D ur UL L,2,14,53,7,2,10,3
FS dl R UL D ur L,2,14,53,7,2,12,3
FS dl R UL L ur D,2,14,53,7,2,10,3
FS dl R UL ur D L,2,14,53,7,2,12,3
FS dl R UL ur L D,2,14,53,7,2,12,3
FS dl R ur D UL L,2,14,53,7,2,12,3
FS dl R ur UL D L,2,14,53,7,2,14,3
FS dl R ur UL L D,2,14,53,7,2,12,3
FS dl ur R D UL L,2,14,53,7,2,14,3
FS dl ur R UL D L,2,14,53,7,2,16,3
FS dl ur R UL L D,2,14,53,7,2,14,3
FS R D dl UL ur L,2,14,53,7,2,12,3
FS R D dl ur UL L,2,14,53,7,2,12,3
FS R D ur dl UL L,2,14,53,7,2,10,2
FS R dl D UL ur L,2,14,53,7,2,12,3
FS R dl D ur UL L,2,14,53,7,2,10,3
FS R dl UL D ur L,2,14,53,7,2,10,3
FS R dl UL L ur D,2,14,53,7,2,8,2
FS R dl UL ur D L,2,14,53,7,2,10,2
FS R dl UL ur L D,2,14,53,7,2,10,2
FS R dl ur D UL L,2,14,53,7,2,10,3
FS R dl ur UL D L,2,14,53,7,2,12,3
FS R dl ur UL L D,2,14,53,7,2,10,2
FS R ur D dl UL L,2,14,53,7,2,12,3
FS R ur dl D UL L,2,14,53,7,2,14,3
FS R ur dl UL D L,2,14,53,7,2,14,3
FS R ur dl UL L D,2,14,53,7,2,12,3
FS ur dl R D UL L,2,14,53,7,2,12,3
FS ur dl R UL D L,2,14,53,7,2,14,3
FS ur dl R UL L D,2,14,53,7,2,12,3
FS ur R D dl UL L,2,14,53,7,2,14,3
FS ur R dl D UL L,2,14,53,7,2,14,3
FS ur R dl UL D L,2,14,53,7,2,14,3
FS ur R dl UL L D,2,14,53,7,2,12,3
R dl FS D UL ur L,2,14,53,7,2,12,3
R dl FS D ur UL L,2,14,53,7,2,10,3
R dl FS UL D ur L,2,14,53,7,2,12,3
R dl FS UL L ur D,2,14,53,7,2,10,3
R dl FS UL ur D L,2,14,53,7,2,12,3
R dl FS UL ur L D,2,14,53,7,2,12,3
R dl FS ur D UL L,2,14,53,7,2,12,3
R dl FS ur UL D L,2,14,53,7,2,14,3
R dl FS ur UL L D,2,14,53,7,2,12,3
R dl UL FS D ur L,2,14,53,7,2,10,3
R dl UL FS L ur D,2,14,53,7,2,10,3
R dl UL FS ur D L,2,14,53,7,2,12,3
R dl UL FS ur L D,2,14,53,7,2,12,3
R dl UL ur FS D L,2,14,53,7,2,12,3
R dl UL ur FS L D,2,14,53,7,2,12,3
R dl ur FS D UL L,2,14,53,7,2,12,3
R dl ur FS UL D L,2,14,53,7,2,14,3
R dl ur FS UL L D,2,14,53,7,2,12,3
R dl ur UL FS D L,2,14,53,7,2,12,3
R dl ur UL FS L D,2,14,53,7,2,12,3
R FS D dl UL ur L,2,14,53,7,2,12,3
R FS D dl ur UL L,2,14,53,7,2,12,3
R FS D ur dl UL L,2,14,53,7,2,10,2
R FS dl D UL ur L,2,14,53,7,2,14,3
R FS dl D ur UL L,2,14,53,7,2,12,3
R FS dl UL D ur L,2,14,53,7,2,12,3
R FS dl UL L ur D,2,14,53,7,2,10,3
R FS dl UL ur D L,2,14,53,7,2,12,3
R FS dl UL ur L D,2,14,53,7,2,12,3
R FS dl ur D UL L,2,14,53,7,2,12,3
R FS dl ur UL D L,2,14,53,7,2,14,3
R FS dl ur UL L D,2,14,53,7,2,12,3
R FS ur D dl UL L,2,14,53,7,2,12,3
R FS ur dl D UL L,2,14,53,7,2,14,3
R FS ur dl UL D L,2,14,53,7,2,14,3
R FS ur dl UL L D,2,14,53,7,2,12,3
R ur dl FS D UL L,2,14,53,7,2,14,3
R ur dl FS UL D L,2,14,53,7,2,16,3
R ur dl FS UL L D,2,14,53,7,2,14,3
R ur dl UL FS D L,2,14,53,7,2,14,3
R ur dl UL FS L D,2,14,53,7,2,14,3
R ur FS D dl UL L,2,14,53,7,2,14,3
R ur FS dl D UL L,2,14,53,7,2,16,3
R ur FS dl UL D L,2,14,53,7,2,16,3
R ur FS dl UL L D,2,14,53,7,2,14,3
ur dl FS R D UL L,2,14,53,7,2,13,3
ur dl FS R UL D L,2,14,53,7,2,15,3
ur dl FS R UL L D,2,14,53,7,2,13,3
ur dl R FS D UL L,2,14,53,7,2,11,3
ur dl R FS UL D L,2,14,53,7,2,13,3
ur dl R FS UL L D,2,14,53,7,2,11,3
ur dl R UL FS D L,2,14,53,7,2,13,3
ur dl R UL FS L D,2,14,53,7,2,13,3
ur FS dl R D UL L,2,14,53,7,2,13,3
ur FS dl R UL D L,2,14,53,7,2,15,3
ur FS dl R UL L D,2,14,53,7,2,13,3
ur FS R D dl UL L,2,14,53,7,2,13,3
ur FS R dl D UL L,2,14,53,7,2,13,3
ur FS R dl UL D L,2,14,53,7,2,13,3
ur FS R dl UL L D,2,14,53,7,2,11,3
ur R dl FS D UL L,2,14,53,7,2,13,3
ur R dl FS UL D L,2,14,53,7,2,15,3
ur R dl FS UL L D,2,14,53,7,2,13,3
ur R dl UL FS D L,2,14,53,7,2,13,3
ur R dl UL FS L D,2,14,53,7,2,13,3
ur R FS D dl UL L,2,14,53,7,2,13,3
ur R FS dl D UL L,2,14,53,7,2,15,3
ur R FS dl UL D L,2,14,53,7,2,15,3
ur R FS dl UL L D,2,14,53,7,2,13,3
D R FS UL dl L ur,2,14,55,7,2,13,3
D R FS UL L dl ur,2,14,55,7,2,13,3
D R UL dl FS L ur,2,14,55,7,2,13,3
D R UL FS dl L ur,2,14,55,7,2,15,3
D R UL FS L dl ur,2,14,55,7,2,15,3
D UL R dl FS L ur,2,14,55,7,2,13,3
D UL R FS dl L ur,2,14,55,7,2,15,3
D UL R FS L dl ur,2,14,55,7,2,15,3
L R UL dl FS D ur,2,14,55,7,2,15,4
L R UL FS D dl ur,2,14,55,7,2,17,4
L R UL FS dl D ur,2,14,55,7,2,17,4
L UL FS R D dl ur,2,14,55,7,2,13,3
L UL FS R dl D ur,2,14,55,7,2,11,3
L UL R dl FS D ur,2,14,55,7,2,11,3
L UL R FS D dl ur,2,14,55,7,2,13,3
L UL R FS dl D ur,2,14,55,7,2,13,3
R D FS UL dl L ur,2,14,55,7,2,13,3
R D FS UL L dl ur,2,14,55,7,2,13,3
R D UL dl FS L ur,2,14,55,7,2,13,3
R D UL FS dl L ur,2,14,55,7,2,15,3
R D UL FS L dl ur,2,14,55,7,2,15,3
R L UL dl FS D ur,2,14,55,7,2,13,4
R L UL FS D dl ur,2,14,55,7,2,15,4
R L UL FS dl D ur,2,14,55,7,2,15,4
R UL D dl FS L ur,2,14,55,7,2,15,3
R UL D FS dl L ur,2,14,55,7,2,15,3
R UL D FS L dl ur,2,14,55,7,2,15,3
R UL dl D FS L ur,2,14,55,7,2,13,3
R UL dl L FS D ur,2,14,55,7,2,13,3
R UL L dl FS D ur,2,14,55,7,2,13,3
R UL L FS D dl ur,2,14,55,7,2,13,3
R UL L FS dl D ur,2,14,55,7,2,13,3
UL D R dl FS L ur,2,14,55,7,2,12,3
UL D R FS dl L ur,2,14,55,7,2,14,3
UL D R FS L dl ur,2,14,55,7,2,14,3
UL L FS R D dl ur,2,14,55,7,2,12,3
UL L FS R dl D ur,2,14,55,7,2,10,3
UL L R dl FS D ur,2,14,55,7,2,12,4
UL L R FS D dl ur,2,14,55,7,2,14,4
UL L R FS dl D ur,2,14,55,7,2,14,4
UL R D dl FS L ur,2,14,55,7,2,14,3
UL R D FS dl L ur,2,14,55,7,2,14,3
UL R D FS L dl ur,2,14,55,7,2,14,3
UL R dl D FS L ur,2,14,55,7,2,12,3
UL R dl L FS D ur,2,14,55,7,2,12,3
UL R L dl FS D ur,2,14,55,7,2,16,4
UL R L FS D dl ur,2,14,55,7,2,16,4
UL R L FS dl D ur,2,14,55,7,2,16,4
D dl FS L R UL ur,2,14,57,6,2,17,4
D dl FS L UL R ur,2,14,57,6,2,15,3
D dl FS R L UL ur,2,14,57,6,2,15,4
D dl L FS R UL ur,2,14,57,6,2,15,3
D dl L FS UL R ur,2,14,57,6,2,17,3
D FS dl L R UL ur,2,14,57,6,2,17,4
D FS dl L UL R ur,2,14,57,6,2,15,3
D FS dl R L UL ur,2,14,57,6,2,13,4
D FS L dl R UL ur,2,14,57,6,2,13,3
D FS L dl UL R ur,2,14,57,6,2,15,3
D FS L R dl UL ur,2,14,57,6,2,13,4
D FS L R UL dl ur,2,14,57,6,2,15,4
D FS L UL dl R ur,2,14,57,6,2,11,3
D FS L UL R dl ur,2,14,57,6,2,11,3
D FS R dl L UL ur,2,14,57,6,2,11,3
D FS R L dl UL ur,2,14,57,6,2,15,4
D FS R L UL dl ur,2,14,57,6,2,13,4
D L dl FS R UL ur,2,14,57,6,2,15,3
D L dl FS UL R ur,2,14,57,6,2,17,3
D L FS dl R UL ur,2,14,57,6,2,13,3
D L FS dl UL R ur,2,14,57,6,2,15,3
D L FS R dl UL ur,2,14,57,6,2,11,2
D L FS R UL dl ur,2,14,57,6,2,13,3
D L FS UL dl R ur,2,14,57,6,2,13,3
D L FS UL R dl ur,2,14,57,6,2,13,3
dl D FS L R UL ur,2,14,57,6,2,16,4
dl D FS L UL R ur,2,14,57,6,2,14,3
dl D FS R L UL ur,2,14,57,6,2,14,4
dl D L FS R UL ur,2,14,57,6,2,14,3
dl D L FS UL R ur,2,14,57,6,2,16,3
dl FS D L R UL ur,2,14,57,6,2,16,4
dl FS D L UL R ur,2,14,57,6,2,14,3
dl FS D R L UL ur,2,14,57,6,2,14,4
dl FS L D R UL ur,2,14,57,6,2,14,3
dl FS L D UL R ur,2,14,57,6,2,16,3
dl FS L UL D R ur,2,14,57,6,2,14,3
dl L D FS R UL ur,2,14,57,6,2,14,3
dl L D FS UL R ur,2,14,57,6,2,16,3
dl L FS D R UL ur,2,14,57,6,2,14,3
dl L FS D UL R ur,2,14,57,6,2,16,3
dl L FS UL D R ur,2,14,57,6,2,16,3
FS D dl L R UL ur,2,14,57,6,2,17,4
FS D dl L UL R ur,2,14,57,6,2,15,3
FS D dl R L UL ur,2,14,57,6,2,13,4
FS D L dl R UL ur,2,14,57,6,2,13,3
FS D L dl UL R ur,2,14,57,6,2,15,3
FS D L R dl UL ur,2,14,57,6,2,13,4
FS D L R UL dl ur,2,14,57,6,2,15,4
FS D L UL dl R ur,2,14,57,6,2,11,3
FS D L UL R dl ur,2,14,57,6,2,11,3
FS D R dl L UL ur,2,14,57,6,2,11,3
FS D R L dl UL ur,2,14,57,6,2,15,4
FS D R L UL dl ur,2,14,57,6,2,13,4
FS dl D L R UL ur,2,14,57,6,2,17,4
FS dl D L UL R ur,2,14,57,6,2,15,3
FS dl D R L UL ur,2,14,57,6,2,15,4
FS dl L D R UL ur,2,14,57,6,2,15,3
FS dl L D UL R ur,2,14,57,6,2,17,3
FS dl L UL D R ur,2,14,57,6,2,15,3
FS L D dl R UL ur,2,14,57,6,2,13,3
FS L D dl UL R ur,2,14,57,6,2,15,3
FS L D R dl UL ur,2,14,57,6,2,11,2
FS L D R UL dl ur,2,14,57,6,2,13,3
FS L D UL dl R ur,2,14,57,6,2,13,3
FS L D UL R dl ur,2,14,57,6,2,13,3
FS L dl D R UL ur,2,14,57,6,2,15,3
FS L dl D UL R ur,2,14,57,6,2,17,3
FS L dl UL D R ur,2,14,57,6,2,15,3
FS L UL D dl R ur,2,14,57,6,2,13,3
FS L UL D R dl ur,2,14,57,6,2,11,3
FS L UL dl D R ur,2,14,57,6,2,13,3
L D dl FS R UL ur,2,14,57,6,2,15,3
L D dl FS UL R ur,2,14,57,6,2,17,3
L D FS dl R UL ur,2,14,57,6,2,13,3
L D FS dl UL R ur,2,14,57,6,2,15,3
L D FS R dl UL ur,2,14,57,6,2,11,2
L D FS R UL dl ur,2,14,57,6,2,13,3
L D FS UL dl R ur,2,14,57,6,2,13,3
L D FS UL R dl ur,2,14,57,6,2,13,3
L dl D FS R UL ur,2,14,57,6,2,15,3
L dl D FS UL R ur,2,14,57,6,2,17,3
L dl FS D R UL ur,2,14,57,6,2,15,3
L dl FS D UL R ur,2,14,57,6,2,17,3
L dl FS UL D R ur,2,14,57,6,2,17,3
L FS D dl R UL ur,2,14,57,6,2,13,3
L FS D dl UL R ur,2,14,57,6,2,15,3
L FS D R dl UL ur,2,14,57,6,2,11,2
L FS D R UL dl ur,2,14,57,6,2,13,3
L FS D UL dl R ur,2,14,57,6,2,13,3
L FS D UL R dl ur,2,14,57,6,2,13,3
L FS dl D R UL ur,2,14,57,6,2,15,3
L FS dl D UL R ur,2,14,57,6,2,17,3
L FS dl UL D R ur,2,14,57,6,2,15,3
L FS UL D dl R ur,2,14,57,6,2,15,3
L FS UL D R dl ur,2,14,57,6,2,13,3
L FS UL dl D R ur,2,14,57,6,2,15,3
D dl L R FS UL ur,2,14,59,7,2,17,4
D dl L R UL FS ur,2,14,59,7,2,19,4
D dl R FS L UL ur,2,14,59,7,2,11,3
D dl R L FS UL ur,2,14,59,7,2,15,4
D dl R L UL FS ur,2,14,59,7,2,15,4
D dl R UL L FS ur,2,14,59,7,2,13,3
D L dl R FS UL ur,2,14,59,7,2,13,3
D L dl R UL FS ur,2,14,59,7,2,15,3
D L R dl FS UL ur,2,14,59,7,2,15,4
D L R dl UL FS ur,2,14,59,7,2,15,4
D L R FS dl UL ur,2,14,59,7,2,15,4
D L R FS UL dl ur,2,14,59,7,2,15,4
D R dl FS L UL ur,2,14,59,7,2,11,3
D R dl L FS UL ur,2,14,59,7,2,13,3
D R dl L UL FS ur,2,14,59,7,2,13,3
D R dl UL L FS ur,2,14,59,7,2,11,3
D R FS dl L UL ur,2,14,59,7,2,13,3
D R FS L dl UL ur,2,14,59,7,2,13,3
D R FS L UL dl ur,2,14,59,7,2,11,2
D R L dl FS UL ur,2,14,59,7,2,17,4
D R L dl UL FS ur,2,14,59,7,2,17,4
D R L FS dl UL ur,2,14,59,7,2,15,4
D R L FS UL dl ur,2,14,59,7,2,15,4
dl D L R FS UL ur,2,14,59,7,2,16,4
dl D L R UL FS ur,2,14,59,7,2,18,4
dl D R FS L UL ur,2,14,59,7,2,12,3
dl D R L FS UL ur,2,14,59,7,2,16,4
dl D R L UL FS ur,2,14,59,7,2,16,4
dl D R UL L FS ur,2,14,59,7,2,14,3
dl L D R FS UL ur,2,14,59,7,2,14,3
dl L D R UL FS ur,2,14,59,7,2,16,3
dl L R D FS UL ur,2,14,59,7,2,16,4
dl L R D UL FS ur,2,14,59,7,2,18,4
dl L R UL D FS ur,2,14,59,7,2,18,4
dl R D FS L UL ur,2,14,59,7,2,10,2
dl R D L FS UL ur,2,14,59,7,2,12,3
dl R D L UL FS ur,2,14,59,7,2,12,3
dl R D UL L FS ur,2,14,59,7,2,12,3
dl R L D FS UL ur,2,14,59,7,2,14,4
dl R L D UL FS ur,2,14,59,7,2,16,4
dl R L UL D FS ur,2,14,59,7,2,14,4
dl R UL D L FS ur,2,14,59,7,2,14,3
dl R UL L D FS ur,2,14,59,7,2,12,3
L D dl R FS UL ur,2,14,59,7,2,13,3
L D dl R UL FS ur,2,14,59,7,2,15,3
L D R dl FS UL ur,2,14,59,7,2,13,3
L D R dl UL FS ur,2,14,59,7,2,13,3
L D R FS dl UL ur,2,14,59,7,2,13,3
L D R FS UL dl ur,2,14,59,7,2,13,3
L dl D R FS UL ur,2,14,59,7,2,15,3
L dl D R UL FS ur,2,14,59,7,2,17,3
L dl R D FS UL ur,2,14,59,7,2,13,3
L dl R D UL FS ur,2,14,59,7,2,15,3
L dl R UL D FS ur,2,14,59,7,2,15,3
L R D dl FS UL ur,2,14,59,7,2,17,4
L R D dl UL FS ur,2,14,59,7,2,17,4
L R D FS dl UL ur,2,14,59,7,2,15,4
L R D FS UL dl ur,2,14,59,7,2,15,4
L R dl D FS UL ur,2,14,59,7,2,15,4
L R dl D UL FS ur,2,14,59,7,2,17,4
L R dl UL D FS ur,2,14,59,7,2,15,4
R D dl FS L UL ur,2,14,59,7,2,13,3
R D dl L FS UL ur,2,14,59,7,2,15,3
R D dl L UL FS ur,2,14,59,7,2,15,3
R D dl UL L FS ur,2,14,59,7,2,13,3
R D FS dl L UL ur,2,14,59,7,2,13,3
R D FS L dl UL ur,2,14,59,7,2,13,3
R D FS L UL dl ur,2,14,59,7,2,11,2
R D L dl FS UL ur,2,14,59,7,2,15,3
R D L dl UL FS ur,2,14,59,7,2,15,3
R D L FS dl UL ur,2,14,59,7,2,13,3
R D L FS UL dl ur,2,14,59,7,2,13,3
R dl D FS L UL ur,2,14,59,7,2,11,3
R dl D L FS UL ur,2,14,59,7,2,13,3
R dl D L UL FS ur,2,14,59,7,2,13,3
R dl D UL L FS ur,2,14,59,7,2,13,3
R dl L D FS UL ur,2,14,59,7,2,13,3
R dl L D UL FS ur,2,14,59,7,2,15,3
R dl L UL D FS ur,2,14,59,7,2,13,3
R dl UL D L FS ur,2,14,59,7,2,13,3
R dl UL L D FS ur,2,14,59,7,2,11,3
R L D dl FS UL ur,2,14,59,7,2,17,4
R L D dl UL FS ur,2,14,59,7,2,17,4
R L D FS dl UL ur,2,14,59,7,2,15,4
R L D FS UL dl ur,2,14,59,7,2,15,4
R L dl D FS UL ur,2,14,59,7,2,17,4
R L dl D UL FS ur,2,14,59,7,2,19,4
R L dl UL D FS ur,2,14,59,7,2,17,4
D FS R UL L ur dl,5,14,60,6,2,11,3
D FS R UL ur L dl,5,14,60,6,2,13,3
D FS R ur UL L dl,5,14,60,6,2,13,3
D FS UL L R ur dl,5,14,60,6,2,15,4
D FS UL L ur R dl,5,14,60,6,2,11,3
D FS UL R L ur dl,5,14,60,6,2,15,4
D FS UL R ur L dl,5,14,60,6,2,15,3
D FS UL ur L R dl,5,14,60,6,2,13,4
D FS UL ur R L dl,5,14,60,6,2,17,4
D FS ur R UL L dl,5,14,60,6,2,15,3
D FS ur UL L R dl,5,14,60,6,2,13,4
D FS ur UL R L dl,5,14,60,6,2,17,4
D UL FS L R ur dl,5,14,60,6,2,17,4
D UL FS L ur R dl,5,14,60,6,2,13,3
D UL FS R L ur dl,5,14,60,6,2,15,4
D UL FS R ur L dl,5,14,60,6,2,15,3
D UL FS ur L R dl,5,14,60,6,2,15,4
D UL FS ur R L dl,5,14,60,6,2,19,4
D UL ur FS L R dl,5,14,60,6,2,15,4
D UL ur FS R L dl,5,14,60,6,2,17,4
D UL ur L FS R dl,5,14,60,6,2,11,3
D ur FS R UL L dl,5,14,60,6,2,13,3
D ur FS UL L R dl,5,14,60,6,2,13,4
D ur FS UL R L dl,5,14,60,6,2,17,4
D ur UL FS L R dl,5,14,60,6,2,13,4
D ur UL FS R L dl,5,14,60,6,2,15,4
D ur UL L FS R dl,5,14,60,6,2,9,2
FS D R UL L ur dl,5,14,60,6,2,11,3
FS D R UL ur L dl,5,14,60,6,2,13,3
FS D R ur UL L dl,5,14,60,6,2,13,3
FS D UL L R ur dl,5,14,60,6,2,15,4
FS D UL L ur R dl,5,14,60,6,2,11,3
FS D UL R L ur dl,5,14,60,6,2,15,4
FS D UL R ur L dl,5,14,60,6,2,15,3
FS D UL ur L R dl,5,14,60,6,2,13,4
FS D UL ur R L dl,5,14,60,6,2,17,4
FS D ur R UL L dl,5,14,60,6,2,13,3
FS D ur UL L R dl,5,14,60,6,2,11,4
FS D ur UL R L dl,5,14,60,6,2,15,4
FS UL D L R ur dl,5,14,60,6,2,17,4
FS UL D L ur R dl,5,14,60,6,2,13,3
FS UL D R L ur dl,5,14,60,6,2,15,4
FS UL D R ur L dl,5,14,60,6,2,15,3
FS UL D ur L R dl,5,14,60,6,2,13,4
FS UL D ur R L dl,5,14,60,6,2,17,4
FS UL L D R ur dl,5,14,60,6,2,13,3
FS UL L D ur R dl,5,14,60,6,2,11,3
FS UL ur D L R dl,5,14,60,6,2,13,4
FS UL ur D R L dl,5,14,60,6,2,15,4
FS ur D R UL L dl,5,14,60,6,2,13,3
FS ur D UL L R dl,5,14,60,6,2,13,4
FS ur D UL R L dl,5,14,60,6,2,17,4
FS ur UL D L R dl,5,14,60,6,2,15,4
FS ur UL D R L dl,5,14,60,6,2,17,4
L UL FS ur D R dl,5,14,60,6,2,11,3
L UL ur D FS R dl,5,14,60,6,2,9,2
L UL ur FS D R dl,5,14,60,6,2,11,3
L ur UL D FS R dl,5,14,60,6,2,11,3
L ur UL FS D R dl,5,14,60,6,2,11,3
UL D FS L R ur dl,5,14,60,6,2,16,4
UL D FS L ur R dl,5,14,60,6,2,12,3
UL D FS R L ur dl,5,14,60,6,2,14,4
UL D FS R ur L dl,5,14,60,6,2,14,3
UL D FS ur L R dl,5,14,60,6,2,14,4
UL D FS ur R L dl,5,14,60,6,2,18,4
UL D ur FS L R dl,5,14,60,6,2,14,4
UL D ur FS R L dl,5,14,60,6,2,16,4
UL D ur L FS R dl,5,14,60,6,2,10,3
UL FS D L R ur dl,5,14,60,6,2,16,4
UL FS D L ur R dl,5,14,60,6,2,12,3
UL FS D R L ur dl,5,14,60,6,2,14,4
UL FS D R ur L dl,5,14,60,6,2,14,3
UL FS D ur L R dl,5,14,60,6,2,12,4
UL FS D ur R L dl,5,14,60,6,2,16,4
UL FS L D R ur dl,5,14,60,6,2,14,3
UL FS L D ur R dl,5,14,60,6,2,12,3
UL FS ur D L R dl,5,14,60,6,2,14,4
UL FS ur D R L dl,5,14,60,6,2,16,4
UL L FS ur D R dl,5,14,60,6,2,10,3
UL L ur D FS R dl,5,14,60,6,2,8,2
UL L ur FS D R dl,5,14,60,6,2,10,3
UL ur D FS L R dl,5,14,60,6,2,12,4
UL ur D FS R L dl,5,14,60,6,2,14,4
UL ur D L FS R dl,5,14,60,6,2,10,2
UL ur FS D L R dl,5,14,60,6,2,14,4
UL ur FS D R L dl,5,14,60,6,2,16,4
UL ur L D FS R dl,5,14,60,6,2,10,2
UL ur L FS D R dl,5,14,60,6,2,10,2
ur D FS R UL L dl,5,14,60,6,2,12,3
ur D FS UL L R dl,5,14,60,6,2,12,4
ur D FS UL R L dl,5,14,60,6,2,16,4
ur D UL FS L R dl,5,14,60,6,2,14,4
ur D UL FS R L dl,5,14,60,6,2,16,4
ur D UL L FS R dl,5,14,60,6,2,10,3
ur FS D R UL L dl,5,14,60,6,2,14,3
ur FS D UL L R dl,5,14,60,6,2,14,4
ur FS D UL R L dl,5,14,60,6,2,18,4
ur FS UL D L R dl,5,14,60,6,2,16,4
ur FS UL D R L dl,5,14,60,6,2,18,4
ur L UL D FS R dl,5,14,60,6,2,10,3
ur L UL FS D R dl,5,14,60,6,2,10,3
ur UL D FS L R dl,5,14,60,6,2,14,4
ur UL D FS R L dl,5,14,60,6,2,16,4
ur UL D L FS R dl,5,14,60,6,2,12,3
ur UL FS D L R dl,5,14,60,6,2,14,4
ur UL FS D R L dl,5,14,60,6,2,16,4
ur UL L D FS R dl,5,14,60,6,2,10,2
ur UL L FS D R dl,5,14,60,6,2,10,2
D dl UL R ur L FS,2,14,61,6,2,14,3
D dl UL ur L R FS,2,14,61,6,2,14,4
D dl UL ur R L FS,2,14,61,6,2,16,4
D dl ur UL L R FS,2,14,61,6,2,14,4
D dl ur UL R L FS,2,14,61,6,2,16,4
D UL dl R ur L FS,2,14,61,6,2,12,3
D UL dl ur L R FS,2,14,61,6,2,14,4
D UL dl ur R L FS,2,14,61,6,2,16,4
D UL ur dl L R FS,2,14,61,6,2,16,4
D UL ur dl R L FS,2,14,61,6,2,14,4
D UL ur L dl R FS,2,14,61,6,2,12,3
D ur dl UL L R FS,2,14,61,6,2,12,4
D ur dl UL R L FS,2,14,61,6,2,14,4
D ur UL dl L R FS,2,14,61,6,2,14,4
D ur UL dl R L FS,2,14,61,6,2,12,4
D ur UL L dl R FS,2,14,61,6,2,10,3
dl D UL R ur L FS,2,14,61,6,2,15,3
dl D UL ur L R FS,2,14,61,6,2,15,4
dl D UL ur R L FS,2,14,61,6,2,17,4
dl D ur UL L R FS,2,14,61,6,2,13,4
dl D ur UL R L FS,2,14,61,6,2,15,4
dl L UL R ur D FS,2,14,61,6,2,13,3
dl L UL ur D R FS,2,14,61,6,2,11,3
dl L UL ur R D FS,2,14,61,6,2,13,3
dl L ur UL D R FS,2,14,61,6,2,13,3
dl L ur UL R D FS,2,14,61,6,2,13,3
dl UL D R ur L FS,2,14,61,6,2,13,3
dl UL D ur L R FS,2,14,61,6,2,13,4
dl UL D ur R L FS,2,14,61,6,2,15,4
dl UL L R ur D FS,2,14,61,6,2,13,4
dl UL L ur D R FS,2,14,61,6,2,9,2
dl UL L ur R D FS,2,14,61,6,2,11,3
dl UL R D ur L FS,2,14,61,6,2,11,3
dl UL R L ur D FS,2,14,61,6,2,13,4
dl UL R ur D L FS,2,14,61,6,2,13,3
dl UL R ur L D FS,2,14,61,6,2,13,3
dl UL ur D L R FS,2,14,61,6,2,13,4
dl UL ur D R L FS,2,14,61,6,2,13,4
dl UL ur L D R FS,2,14,61,6,2,11,2
dl UL ur L R D FS,2,14,61,6,2,13,4
dl UL ur R D L FS,2,14,61,6,2,13,3
dl UL ur R L D FS,2,14,61,6,2,15,4
dl ur D UL L R FS,2,14,61,6,2,13,4
dl ur D UL R L FS,2,14,61,6,2,15,4
dl ur L UL D R FS,2,14,61,6,2,11,3
dl ur L UL R D FS,2,14,61,6,2,11,3
dl ur UL D L R FS,2,14,61,6,2,15,4
dl ur UL D R L FS,2,14,61,6,2,15,4
dl ur UL L D R FS,2,14,61,6,2,11,2
dl ur UL L R D FS,2,14,61,6,2,13,4
dl ur UL R D L FS,2,14,61,6,2,13,3
dl ur UL R L D FS,2,14,61,6,2,15,4
L dl UL R ur D FS,2,14,61,6,2,14,3
L dl UL ur D R FS,2,14,61,6,2,12,3
L dl UL ur R D FS,2,14,61,6,2,14,3
L dl ur UL D R FS,2,14,61,6,2,14,3
L dl ur UL R D FS,2,14,61,6,2,14,3
L UL dl R ur D FS,2,14,61,6,2,10,3
L UL dl ur D R FS,2,14,61,6,2,10,2
L UL dl ur R D FS,2,14,61,6,2,12,3
L UL ur D dl R FS,2,14,61,6,2,10,3
L UL ur dl D R FS,2,14,61,6,2,12,3
L UL ur dl R D FS,2,14,61,6,2,10,2
L ur dl UL D R FS,2,14,61,6,2,12,3
L ur dl UL R D FS,2,14,61,6,2,12,3
L ur UL D dl R FS,2,14,61,6,2,12,3
L ur UL dl D R FS,2,14,61,6,2,12,3
L ur UL dl R D FS,2,14,61,6,2,10,2
UL D dl R ur L FS,2,14,61,6,2,13,3
UL D dl ur L R FS,2,14,61,6,2,15,4
UL D dl ur R L FS,2,14,61,6,2,17,4
UL D ur dl L R FS,2,14,61,6,2,15,4
UL D ur dl R L FS,2,14,61,6,2,13,4
UL D ur L dl R FS,2,14,61,6,2,11,3
UL dl D R ur L FS,2,14,61,6,2,13,3
UL dl D ur L R FS,2,14,61,6,2,13,4
UL dl D ur R L FS,2,14,61,6,2,15,4
UL dl L R ur D FS,2,14,61,6,2,15,4
UL dl L ur D R FS,2,14,61,6,2,11,3
UL dl L ur R D FS,2,14,61,6,2,13,3
UL dl R D ur L FS,2,14,61,6,2,9,2
UL dl R L ur D FS,2,14,61,6,2,11,4
UL dl R ur D L FS,2,14,61,6,2,11,3
UL dl R ur L D FS,2,14,61,6,2,11,3
UL dl ur D L R FS,2,14,61,6,2,13,4
UL dl ur D R L FS,2,14,61,6,2,13,4
UL dl ur L D R FS,2,14,61,6,2,11,2
UL dl ur L R D FS,2,14,61,6,2,13,4
UL dl ur R D L FS,2,14,61,6,2,13,3
UL dl ur R L D FS,2,14,61,6,2,15,4
UL L dl R ur D FS,2,14,61,6,2,11,3
UL L dl ur D R FS,2,14,61,6,2,11,3
UL L dl ur R D FS,2,14,61,6,2,13,3
UL L ur D dl R FS,2,14,61,6,2,9,3
UL L ur dl D R FS,2,14,61,6,2,11,3
UL L ur dl R D FS,2,14,61,6,2,9,2
UL ur D dl L R FS,2,14,61,6,2,15,4
UL ur D dl R L FS,2,14,61,6,2,13,4
UL ur D L dl R FS,2,14,61,6,2,11,3
UL ur dl D L R FS,2,14,61,6,2,15,4
UL ur dl D R L FS,2,14,61,6,2,15,4
UL ur dl L D R FS,2,14,61,6,2,13,3
UL ur dl L R D FS,2,14,61,6,2,15,4
UL ur dl R D L FS,2,14,61,6,2,11,2
UL ur dl R L D FS,2,14,61,6,2,13,4
UL ur L D dl R FS,2,14,61,6,2,11,3
UL ur L dl D R FS,2,14,61,6,2,13,3
UL ur L dl R D FS,2,14,61,6,2,11,3
ur D dl UL L R FS,2,14,61,6,2,13,4
ur D dl UL R L FS,2,14,61,6,2,15,4
ur D UL dl L R FS,2,14,61,6,2,15,4
ur D UL dl R L FS,2,14,61,6,2,13,4
ur D UL L dl R FS,2,14,61,6,2,11,3
ur dl D UL L R FS,2,14,61,6,2,15,4
ur dl D UL R L FS,2,14,61,6,2,17,4
ur dl L UL D R FS,2,14,61,6,2,13,3
ur dl L UL R D FS,2,14,61,6,2,13,3
ur dl UL D L R FS,2,14,61,6,2,15,4
ur dl UL D R L FS,2,14,61,6,2,15,4
ur dl UL L D R FS,2,14,61,6,2,11,2
ur dl UL L R D FS,2,14,61,6,2,13,4
ur dl UL R D L FS,2,14,61,6,2,13,3
ur dl UL R L D FS,2,14,61,6,2,15,4
ur L dl UL D R FS,2,14,61,6,2,13,3
ur L dl UL R D FS,2,14,61,6,2,13,3
ur L UL D dl R FS,2,14,61,6,2,11,3
ur L UL dl D R FS,2,14,61,6,2,11,3
ur L UL dl R D FS,2,14,61,6,2,9,2
ur UL D dl L R FS,2,14,61,6,2,17,4
ur UL D dl R L FS,2,14,61,6,2,15,4
ur UL D L dl R FS,2,14,61,6,2,13,3
ur UL dl D L R FS,2,14,61,6,2,15,4
ur UL dl D R L FS,2,14,61,6,2,15,4
ur UL dl L D R FS,2,14,61,6,2,13,3
ur UL dl L R D FS,2,14,61,6,2,15,4
ur UL dl R D L FS,2,14,61,6,2,11,2
ur UL dl R L D FS,2,14,61,6,2,13,4
ur UL L D dl R FS,2,14,61,6,2,11,3
ur UL L dl D R FS,2,14,61,6,2,13,3
ur UL L dl R D FS,2,14,61,6,2,11,3
dl FS UL L R ur D,2,14,61,7,2,15,4
dl FS UL L ur D R,2,14,61,7,2,11,3
dl FS UL L ur R D,2,14,61,7,2,13,3
dl FS UL R D ur L,2,14,61,7,2,13,3
dl FS UL R L ur D,2,14,61,7,2,15,4
dl FS UL R ur D L,2,14,61,7,2,15,3
dl FS UL R ur L D,2,14,61,7,2,15,3
dl FS UL ur L D R,2,14,61,7,2,13,3
dl FS UL ur L R D,2,14,61,7,2,15,4
dl FS UL ur R D L,2,14,61,7,2,15,3
dl FS UL ur R L D,2,14,61,7,2,17,4
dl FS ur UL L D R,2,14,61,7,2,13,3
dl FS ur UL L R D,2,14,61,7,2,15,4
dl FS ur UL R D L,2,14,61,7,2,15,3
dl FS ur UL R L D,2,14,61,7,2,17,4
dl UL FS L R ur D,2,14,61,7,2,15,4
dl UL FS L ur D R,2,14,61,7,2,11,3
dl UL FS L ur R D,2,14,61,7,2,13,3
dl UL FS R D ur L,2,14,61,7,2,11,3
dl UL FS R L ur D,2,14,61,7,2,13,4
dl UL FS R ur D L,2,14,61,7,2,13,3
dl UL FS R ur L D,2,14,61,7,2,13,3
dl UL FS ur L D R,2,14,61,7,2,13,3
dl UL FS ur L R D,2,14,61,7,2,15,4
dl UL FS ur R D L,2,14,61,7,2,15,3
dl UL FS ur R L D,2,14,61,7,2,17,4
dl UL R FS D ur L,2,14,61,7,2,11,3
dl UL R FS L ur D,2,14,61,7,2,11,3
dl UL R FS ur D L,2,14,61,7,2,13,3
dl UL R FS ur L D,2,14,61,7,2,13,3
dl UL R ur FS D L,2,14,61,7,2,15,3
dl UL R ur FS L D,2,14,61,7,2,15,3
dl UL ur FS L D R,2,14,61,7,2,13,3
dl UL ur FS L R D,2,14,61,7,2,15,4
dl UL ur FS R D L,2,14,61,7,2,13,3
dl UL ur FS R L D,2,14,61,7,2,15,4
dl UL ur R FS D L,2,14,61,7,2,13,3
dl UL ur R FS L D,2,14,61,7,2,13,3
dl ur FS UL L D R,2,14,61,7,2,13,3
dl ur FS UL L R D,2,14,61,7,2,15,4
dl ur FS UL R D L,2,14,61,7,2,15,3
dl ur FS UL R L D,2,14,61,7,2,17,4
dl ur UL FS L D R,2,14,61,7,2,13,3
dl ur UL FS L R D,2,14,61,7,2,15,4
dl ur UL FS R D L,2,14,61,7,2,13,3
dl ur UL FS R L D,2,14,61,7,2,15,4
dl ur UL R FS D L,2,14,61,7,2,13,3
dl ur UL R FS L D,2,14,61,7,2,13,3
FS dl UL L R ur D,2,14,61,7,2,14,4
FS dl UL L ur D R,2,14,61,7,2,10,3
FS dl UL L ur R D,2,14,61,7,2,12,3
FS dl UL R D ur L,2,14,61,7,2,12,3
FS dl UL R L ur D,2,14,61,7,2,14,4
FS dl UL R ur D L,2,14,61,7,2,14,3
FS dl UL R ur L D,2,14,61,7,2,14,3
FS dl UL ur L D R,2,14,61,7,2,12,3
FS dl UL ur L R D,2,14,61,7,2,14,4
FS dl UL ur R D L,2,14,61,7,2,14,3
FS dl UL ur R L D,2,14,61,7,2,16,4
FS dl ur UL L D R,2,14,61,7,2,12,3
FS dl ur UL L R D,2,14,61,7,2,14,4
FS dl ur UL R D L,2,14,61,7,2,14,3
FS dl ur UL R L D,2,14,61,7,2,16,4
FS UL dl L R ur D,2,14,61,7,2,16,4
FS UL dl L ur D R,2,14,61,7,2,12,3
FS UL dl L ur R D,2,14,61,7,2,14,3
FS UL dl R D ur L,2,14,61,7,2,10,3
FS UL dl R L ur D,2,14,61,7,2,12,4
FS UL dl R ur D L,2,14,61,7,2,12,3
FS UL dl R ur L D,2,14,61,7,2,12,3
FS UL dl ur L D R,2,14,61,7,2,12,3
FS UL dl ur L R D,2,14,61,7,2,14,4
FS UL dl ur R D L,2,14,61,7,2,14,3
FS UL dl ur R L D,2,14,61,7,2,16,4
FS UL L dl R ur D,2,14,61,7,2,12,3
FS UL L dl ur D R,2,14,61,7,2,12,3
FS UL L dl ur R D,2,14,61,7,2,14,3
FS UL L ur D dl R,2,14,61,7,2,10,3
FS UL L ur dl D R,2,14,61,7,2,12,3
FS UL L ur dl R D,2,14,61,7,2,10,3
FS UL ur dl L D R,2,14,61,7,2,14,3
FS UL ur dl L R D,2,14,61,7,2,16,4
FS UL ur dl R D L,2,14,61,7,2,12,3
FS UL ur dl R L D,2,14,61,7,2,14,4
FS UL ur L D dl R,2,14,61,7,2,12,3
FS UL ur L dl D R,2,14,61,7,2,14,3
FS UL ur L dl R D,2,14,61,7,2,12,3
FS ur dl UL L D R,2,14,61,7,2,12,3
FS ur dl UL L R D,2,14,61,7,2,14,4
FS ur dl UL R D L,2,14,61,7,2,14,3
FS ur dl UL R L D,2,14,61,7,2,16,4
FS ur UL dl L D R,2,14,61,7,2,14,3
FS ur UL dl L R D,2,14,61,7,2,16,4
FS ur UL dl R D L,2,14,61,7,2,12,3
FS ur UL dl R L D,2,14,61,7,2,14,4
FS ur UL L D dl R,2,14,61,7,2,12,3
FS ur UL L dl D R,2,14,61,7,2,14,3
FS ur UL L dl R D,2,14,61,7,2,12,3
UL dl FS L R ur D,2,14,61,7,2,15,4
UL dl FS L ur D R,2,14,61,7,2,11,3
UL dl FS L ur R D,2,14,61,7,2,13,3
UL dl FS R D ur L,2,14,61,7,2,11,3
UL dl FS R L ur D,2,14,61,7,2,13,4
UL dl FS R ur D L,2,14,61,7,2,13,3
UL dl FS R ur L D,2,14,61,7,2,13,3
UL dl FS ur L D R,2,14,61,7,2,13,3
UL dl FS ur L R D,2,14,61,7,2,15,4
UL dl FS ur R D L,2,14,61,7,2,15,3
UL dl FS ur R L D,2,14,61,7,2,17,4
UL dl R FS D ur L,2,14,61,7,2,9,2
UL dl R FS L ur D,2,14,61,7,2,9,2
UL dl R FS ur D L,2,14,61,7,2,11,3
UL dl R FS ur L D,2,14,61,7,2,11,3
UL dl R ur FS D L,2,14,61,7,2,13,3
UL dl R ur FS L D,2,14,61,7,2,13,3
UL dl ur FS L D R,2,14,61,7,2,13,3
UL dl ur FS L R D,2,14,61,7,2,15,4
UL dl ur FS R D L,2,14,61,7,2,13,3
UL dl ur FS R L D,2,14,61,7,2,15,4
UL dl ur R FS D L,2,14,61,7,2,13,3
UL dl ur R FS L D,2,14,61,7,2,13,3
UL FS dl L R ur D,2,14,61,7,2,17,4
UL FS dl L ur D R,2,14,61,7,2,13,3
UL FS dl L ur R D,2,14,61,7,2,15,3
UL FS dl R D ur L,2,14,61,7,2,11,3
UL FS dl R L ur D,2,14,61,7,2,13,4
UL FS dl R ur D L,2,14,61,7,2,13,3
UL FS dl R ur L D,2,14,61,7,2,13,3
UL FS dl ur L D R,2,14,61,7,2,13,3
UL FS dl ur L R D,2,14,61,7,2,15,4
UL FS dl ur R D L,2,14,61,7,2,15,3
UL FS dl ur R L D,2,14,61,7,2,17,4
UL FS L dl R ur D,2,14,61,7,2,13,3
UL FS L dl ur D R,2,14,61,7,2,13,3
UL FS L dl ur R D,2,14,61,7,2,15,3
UL FS L ur D dl R,2,14,61,7,2,11,3
UL FS L ur dl D R,2,14,61,7,2,13,3
UL FS L ur dl R D,2,14,61,7,2,11,3
UL FS ur dl L D R,2,14,61,7,2,15,3
UL FS ur dl L R D,2,14,61,7,2,17,4
UL FS ur dl R D L,2,14,61,7,2,13,3
UL FS ur dl R L D,2,14,61,7,2,15,4
UL FS ur L D dl R,2,14,61,7,2,13,3
UL FS ur L dl D R,2,14,61,7,2,15,3
UL FS ur L dl R D,2,14,61,7,2,13,3
UL ur dl FS L D R,2,14,61,7,2,13,3
UL ur dl FS L R D,2,14,61,7,2,15,4
UL ur dl FS R D L,2,14,61,7,2,13,3
UL ur dl FS R L D,2,14,61,7,2,15,4
UL ur dl R FS D L,2,14,61,7,2,11,2
UL ur dl R FS L D,2,14,61,7,2,11,2
UL ur FS dl L D R,2,14,61,7,2,15,3
UL ur FS dl L R D,2,14,61,7,2,17,4
UL ur FS dl R D L,2,14,61,7,2,13,3
UL ur FS dl R L D,2,14,61,7,2,15,4
UL ur FS L D dl R,2,14,61,7,2,13,3
UL ur FS L dl D R,2,14,61,7,2,15,3
UL ur FS L dl R D,2,14,61,7,2,13,3
ur dl FS UL L D R,2,14,61,7,2,13,3
ur dl FS UL L R D,2,14,61,7,2,15,4
ur dl FS UL R D L,2,14,61,7,2,15,3
ur dl FS UL R L D,2,14,61,7,2,17,4
ur dl UL FS L D R,2,14,61,7,2,13,3
ur dl UL FS L R D,2,14,61,7,2,15,4
ur dl UL FS R D L,2,14,61,7,2,13,3
ur dl UL FS R L D,2,14,61,7,2,15,4
ur dl UL R FS D L,2,14,61,7,2,13,3
ur dl UL R FS L D,2,14,61,7,2,13,3
ur FS dl UL L D R,2,14,61,7,2,13,3
ur FS dl UL L R D,2,14,61,7,2,15,4
ur FS dl UL R D L,2,14,61,7,2,15,3
ur FS dl UL R L D,2,14,61,7,2,17,4
ur FS UL dl L D R,2,14,61,7,2,15,3
ur FS UL dl L R D,2,14,61,7,2,17,4
ur FS UL dl R D L,2,14,61,7,2,13,3
ur FS UL dl R L D,2,14,61,7,2,15,4
ur FS UL L D dl R,2,14,61,7,2,13,3
ur FS UL L dl D R,2,14,61,7,2,15,3
ur FS UL L dl R D,2,14,61,7,2,13,3
ur UL dl FS L D R,2,14,61,7,2,13,3
ur UL dl FS L R D,2,14,61,7,2,15,4
ur UL dl FS R D L,2,14,61,7,2,13,3
ur UL dl FS R L D,2,14,61,7,2,15,4
ur UL dl R FS D L,2,14,61,7,2,11,2
ur UL dl R FS L D,2,14,61,7,2,11,2
ur UL FS dl L D R,2,14,61,7,2,15,3
ur UL FS dl L R D,2,14,61,7,2,17,4
ur UL FS dl R D L,2,14,61,7,2,13,3
ur UL FS dl R L D,2,14,61,7,2,15,4
ur UL FS L D dl R,2,14,61,7,2,13,3
ur UL FS L dl D R,2,14,61,7,2,15,3
ur UL FS L dl R D,2,14,61,7,2,13,3
D R FS UL L ur dl,2,14,62,7,2,11,3
D R FS UL ur L dl,2,14,62,7,2,13,3
D R FS ur UL L dl,2,14,62,7,2,13,3
D R UL FS L ur dl,2,14,62,7,2,13,3
D R UL FS ur L dl,2,14,62,7,2,15,3
D R UL ur FS L dl,2,14,62,7,2,15,3
D R UL ur L FS dl,2,14,62,7,2,13,3
D R ur FS UL L dl,2,14,62,7,2,15,3
D R ur UL FS L dl,2,14,62,7,2,15,3
D R ur UL L FS dl,2,14,62,7,2,13,3
D UL R FS L ur dl,2,14,62,7,2,13,3
D UL R FS ur L dl,2,14,62,7,2,15,3
D UL R ur FS L dl,2,14,62,7,2,17,3
D UL R ur L FS dl,2,14,62,7,2,15,3
D UL ur L R FS dl,2,14,62,7,2,15,4
D UL ur R FS L dl,2,14,62,7,2,15,3
D UL ur R L FS dl,2,14,62,7,2,17,4
D ur R FS UL L dl,2,14,62,7,2,13,3
D ur R UL FS L dl,2,14,62,7,2,15,3
D ur R UL L FS dl,2,14,62,7,2,13,3
D ur UL L R FS dl,2,14,62,7,2,13,4
D ur UL R FS L dl,2,14,62,7,2,13,3
D ur UL R L FS dl,2,14,62,7,2,15,4
L R UL FS D ur dl,2,14,62,7,2,15,4
L R UL FS ur D dl,2,14,62,7,2,17,4
L R UL ur D FS dl,2,14,62,7,2,15,4
L R UL ur FS D dl,2,14,62,7,2,17,4
L R ur UL D FS dl,2,14,62,7,2,17,4
L R ur UL FS D dl,2,14,62,7,2,17,4
L UL FS R D ur dl,2,14,62,7,2,11,3
L UL FS R ur D dl,2,14,62,7,2,13,3
L UL FS ur R D dl,2,14,62,7,2,15,3
L UL R FS D ur dl,2,14,62,7,2,11,3
L UL R FS ur D dl,2,14,62,7,2,13,3
L UL R ur D FS dl,2,14,62,7,2,13,3
L UL R ur FS D dl,2,14,62,7,2,15,3
L UL ur D R FS dl,2,14,62,7,2,11,3
L UL ur FS R D dl,2,14,62,7,2,13,3
L UL ur R D FS dl,2,14,62,7,2,13,3
L UL ur R FS D dl,2,14,62,7,2,13,3
L ur R UL D FS dl,2,14,62,7,2,15,3
L ur R UL FS D dl,2,14,62,7,2,15,3
L ur UL D R FS dl,2,14,62,7,2,13,3
L ur UL FS R D dl,2,14,62,7,2,13,3
L ur UL R D FS dl,2,14,62,7,2,13,3
L ur UL R FS D dl,2,14,62,7,2,13,3
R D FS UL L ur dl,2,14,62,7,2,11,3
R D FS UL ur L dl,2,14,62,7,2,13,3
R D FS ur UL L dl,2,14,62,7,2,13,3
R D UL FS L ur dl,2,14,62,7,2,13,3
R D UL FS ur L dl,2,14,62,7,2,15,3
R D UL ur FS L dl,2,14,62,7,2,15,3
R D UL ur L FS dl,2,14,62,7,2,13,3
R D ur FS UL L dl,2,14,62,7,2,13,3
R D ur UL FS L dl,2,14,62,7,2,13,3
R D ur UL L FS dl,2,14,62,7,2,11,3
R L UL FS D ur dl,2,14,62,7,2,13,4
R L UL FS ur D dl,2,14,62,7,2,15,4
R L UL ur D FS dl,2,14,62,7,2,13,4
R L UL ur FS D dl,2,14,62,7,2,15,4
R L ur UL D FS dl,2,14,62,7,2,15,4
R L ur UL FS D dl,2,14,62,7,2,15,4
R UL D FS L ur dl,2,14,62,7,2,13,3
R UL D FS ur L dl,2,14,62,7,2,15,3
R UL D ur FS L dl,2,14,62,7,2,15,3
R UL D ur L FS dl,2,14,62,7,2,13,3
R UL L FS D ur dl,2,14,62,7,2,11,3
R UL L FS ur D dl,2,14,62,7,2,13,3
R UL L ur D FS dl,2,14,62,7,2,11,3
R UL L ur FS D dl,2,14,62,7,2,13,3
R UL ur D FS L dl,2,14,62,7,2,13,3
R UL ur D L FS dl,2,14,62,7,2,13,3
R UL ur L D FS dl,2,14,62,7,2,13,3
R UL ur L FS D dl,2,14,62,7,2,13,3
R ur D FS UL L dl,2,14,62,7,2,13,3
R ur D UL FS L dl,2,14,62,7,2,15,3
R ur D UL L FS dl,2,14,62,7,2,13,3
R ur L UL D FS dl,2,14,62,7,2,13,3
R ur L UL FS D dl,2,14,62,7,2,13,3
R ur UL D FS L dl,2,14,62,7,2,15,3
R ur UL D L FS dl,2,14,62,7,2,15,3
R ur UL L D FS dl,2,14,62,7,2,13,3
R ur UL L FS D dl,2,14,62,7,2,13,3
UL D R FS L ur dl,2,14,62,7,2,12,3
UL D R FS ur L dl,2,14,62,7,2,14,3
UL D R ur FS L dl,2,14,62,7,2,16,3
UL D R ur L FS dl,2,14,62,7,2,14,3
UL D ur L R FS dl,2,14,62,7,2,14,4
UL D ur R FS L dl,2,14,62,7,2,14,3
UL D ur R L FS dl,2,14,62,7,2,16,4
UL L FS R D ur dl,2,14,62,7,2,10,2
UL L FS R ur D dl,2,14,62,7,2,12,3
UL L FS ur R D dl,2,14,62,7,2,14,3
UL L R FS D ur dl,2,14,62,7,2,12,4
UL L R FS ur D dl,2,14,62,7,2,14,4
UL L R ur D FS dl,2,14,62,7,2,14,4
UL L R ur FS D dl,2,14,62,7,2,16,4
UL L ur D R FS dl,2,14,62,7,2,10,3
UL L ur FS R D dl,2,14,62,7,2,12,3
UL L ur R D FS dl,2,14,62,7,2,12,3
UL L ur R FS D dl,2,14,62,7,2,12,3
UL R D FS L ur dl,2,14,62,7,2,12,3
UL R D FS ur L dl,2,14,62,7,2,14,3
UL R D ur FS L dl,2,14,62,7,2,14,3
UL R D ur L FS dl,2,14,62,7,2,12,3
UL R L FS D ur dl,2,14,62,7,2,14,4
UL R L FS ur D dl,2,14,62,7,2,16,4
UL R L ur D FS dl,2,14,62,7,2,14,4
UL R L ur FS D dl,2,14,62,7,2,16,4
UL R ur D FS L dl,2,14,62,7,2,14,3
UL R ur D L FS dl,2,14,62,7,2,14,3
UL R ur L D FS dl,2,14,62,7,2,14,3
UL R ur L FS D dl,2,14,62,7,2,14,3
UL ur D L R FS dl,2,14,62,7,2,14,4
UL ur D R FS L dl,2,14,62,7,2,12,3
UL ur D R L FS dl,2,14,62,7,2,14,4
UL ur L D R FS dl,2,14,62,7,2,12,3
UL ur L FS R D dl,2,14,62,7,2,12,3
UL ur L R D FS dl,2,14,62,7,2,14,4
UL ur L R FS D dl,2,14,62,7,2,14,4
UL ur R D FS L dl,2,14,62,7,2,14,3
UL ur R D L FS dl,2,14,62,7,2,14,3
UL ur R L D FS dl,2,14,62,7,2,16,4
UL ur R L FS D dl,2,14,62,7,2,16,4
ur D R FS UL L dl,2,14,62,7,2,12,3
ur D R UL FS L dl,2,14,62,7,2,14,3
ur D R UL L FS dl,2,14,62,7,2,12,3
ur D UL L R FS dl,2,14,62,7,2,14,4
ur D UL R FS L dl,2,14,62,7,2,14,3
ur D UL R L FS dl,2,14,62,7,2,16,4
ur L R UL D FS dl,2,14,62,7,2,16,4
ur L R UL FS D dl,2,14,62,7,2,16,4
ur L UL D R FS dl,2,14,62,7,2,12,3
ur L UL FS R D dl,2,14,62,7,2,12,3
ur L UL R D FS dl,2,14,62,7,2,12,3
ur L UL R FS D dl,2,14,62,7,2,12,3
ur R D FS UL L dl,2,14,62,7,2,14,3
ur R D UL FS L dl,2,14,62,7,2,16,3
ur R D UL L FS dl,2,14,62,7,2,14,3
ur R L UL D FS dl,2,14,62,7,2,16,4
ur R L UL FS D dl,2,14,62,7,2,16,4
ur R UL D FS L dl,2,14,62,7,2,16,3
ur R UL D L FS dl,2,14,62,7,2,16,3
ur R UL L D FS dl,2,14,62,7,2,14,3
ur R UL L FS D dl,2,14,62,7,2,14,3
ur UL D L R FS dl,2,14,62,7,2,16,4
ur UL D R FS L dl,2,14,62,7,2,14,3
ur UL D R L FS dl,2,14,62,7,2,16,4
ur UL L D R FS dl,2,14,62,7,2,12,3
ur UL L FS R D dl,2,14,62,7,2,12,3
ur UL L R D FS dl,2,14,62,7,2,14,4
ur UL L R FS D dl,2,14,62,7,2,14,4
ur UL R D FS L dl,2,14,62,7,2,14,3
ur UL R D L FS dl,2,14,62,7,2,14,3
ur UL R L D FS dl,2,14,62,7,2,16,4
ur UL R L FS D dl,2,14,62,7,2,16,4
D R UL dl ur L FS,2,14,63,7,2,12,3
D R UL ur dl L FS,2,14,63,7,2,14,3
D R UL ur L dl FS,2,14,63,7,2,14,3
D R ur UL dl L FS,2,14,63,7,2,14,3
D R ur UL L dl FS,2,14,63,7,2,14,3
D UL R dl ur L FS,2,14,63,7,2,12,3
D UL R ur dl L FS,2,14,63,7,2,16,3
D UL R ur L dl FS,2,14,63,7,2,16,3
D UL ur L R dl FS,2,14,63,7,2,14,4
D UL ur R dl L FS,2,14,63,7,2,14,3
D UL ur R L dl FS,2,14,63,7,2,18,4
D ur R UL dl L FS,2,14,63,7,2,14,3
D ur R UL L dl FS,2,14,63,7,2,14,3
D ur UL L R dl FS,2,14,63,7,2,12,4
D ur UL R dl L FS,2,14,63,7,2,12,3
D ur UL R L dl FS,2,14,63,7,2,16,4
L R UL dl ur D FS,2,14,63,7,2,14,4
L R UL ur D dl FS,2,14,63,7,2,16,4
L R UL ur dl D FS,2,14,63,7,2,16,4
L R ur UL D dl FS,2,14,63,7,2,18,4
L R ur UL dl D FS,2,14,63,7,2,16,4
L UL R dl ur D FS,2,14,63,7,2,10,3
L UL R ur D dl FS,2,14,63,7,2,14,3
L UL R ur dl D FS,2,14,63,7,2,14,3
L UL ur D R dl FS,2,14,63,7,2,10,3
L UL ur R D dl FS,2,14,63,7,2,14,3
L UL ur R dl D FS,2,14,63,7,2,12,3
L ur R UL D dl FS,2,14,63,7,2,16,3
L ur R UL dl D FS,2,14,63,7,2,14,3
L ur UL D R dl FS,2,14,63,7,2,12,3
L ur UL R D dl FS,2,14,63,7,2,14,3
L ur UL R dl D FS,2,14,63,7,2,12,3
R D UL dl ur L FS,2,14,63,7,2,12,3
R D UL ur dl L FS,2,14,63,7,2,14,3
R D UL ur L dl FS,2,14,63,7,2,14,3
R D ur UL dl L FS,2,14,63,7,2,12,3
R D ur UL L dl FS,2,14,63,7,2,12,3
R L UL dl ur D FS,2,14,63,7,2,12,4
R L UL ur D dl FS,2,14,63,7,2,14,4
R L UL ur dl D FS,2,14,63,7,2,14,4
R L ur UL D dl FS,2,14,63,7,2,16,4
R L ur UL dl D FS,2,14,63,7,2,14,4
R UL D dl ur L FS,2,14,63,7,2,14,3
R UL D ur dl L FS,2,14,63,7,2,14,3
R UL D ur L dl FS,2,14,63,7,2,14,3
R UL dl D ur L FS,2,14,63,7,2,12,3
R UL dl L ur D FS,2,14,63,7,2,12,3
R UL dl ur D L FS,2,14,63,7,2,12,3
R UL dl ur L D FS,2,14,63,7,2,12,3
R UL L dl ur D FS,2,14,63,7,2,12,3
R UL L ur D dl FS,2,14,63,7,2,12,3
R UL L ur dl D FS,2,14,63,7,2,12,3
R UL ur D dl L FS,2,14,63,7,2,14,3
R UL ur D L dl FS,2,14,63,7,2,14,3
R UL ur dl D L FS,2,14,63,7,2,14,3
R UL ur dl L D FS,2,14,63,7,2,14,3
R UL ur L D dl FS,2,14,63,7,2,14,3
R UL ur L dl D FS,2,14,63,7,2,14,3
R ur D UL dl L FS,2,14,63,7,2,14,3
R ur D UL L dl FS,2,14,63,7,2,14,3
R ur L UL D dl FS,2,14,63,7,2,14,3
R ur L UL dl D FS,2,14,63,7,2,12,3
R ur UL D dl L FS,2,14,63,7,2,16,3
R ur UL D L dl FS,2,14,63,7,2,16,3
R ur UL dl D L FS,2,14,63,7,2,14,3
R ur UL dl L D FS,2,14,63,7,2,14,3
R ur UL L D dl FS,2,14,63,7,2,14,3
R ur UL L dl D FS,2,14,63,7,2,14,3
UL D R dl ur L FS,2,14,63,7,2,11,3
UL D R ur dl L FS,2,14,63,7,2,15,3
UL D R ur L dl FS,2,14,63,7,2,15,3
UL D ur L R dl FS,2,14,63,7,2,13,4
UL D ur R dl L FS,2,14,63,7,2,13,3
UL D ur R L dl FS,2,14,63,7,2,17,4
UL L R dl ur D FS,2,14,63,7,2,11,4
UL L R ur D dl FS,2,14,63,7,2,15,4
UL L R ur dl D FS,2,14,63,7,2,15,4
UL L ur D R dl FS,2,14,63,7,2,9,3
UL L ur R D dl FS,2,14,63,7,2,13,3
UL L ur R dl D FS,2,14,63,7,2,11,3
UL R D dl ur L FS,2,14,63,7,2,13,3
UL R D ur dl L FS,2,14,63,7,2,13,3
UL R D ur L dl FS,2,14,63,7,2,13,3
UL R dl D ur L FS,2,14,63,7,2,11,3
UL R dl L ur D FS,2,14,63,7,2,11,3
UL R dl ur D L FS,2,14,63,7,2,11,3
UL R dl ur L D FS,2,14,63,7,2,11,3
UL R L dl ur D FS,2,14,63,7,2,15,4
UL R L ur D dl FS,2,14,63,7,2,15,4
UL R L ur dl D FS,2,14,63,7,2,15,4
UL R ur D dl L FS,2,14,63,7,2,15,3
UL R ur D L dl FS,2,14,63,7,2,15,3
UL R ur dl D L FS,2,14,63,7,2,15,3
UL R ur dl L D FS,2,14,63,7,2,15,3
UL R ur L D dl FS,2,14,63,7,2,15,3
UL R ur L dl D FS,2,14,63,7,2,15,3
UL ur D L R dl FS,2,14,63,7,2,13,4
UL ur D R dl L FS,2,14,63,7,2,11,3
UL ur D R L dl FS,2,14,63,7,2,15,4
UL ur L D R dl FS,2,14,63,7,2,11,3
UL ur L R D dl FS,2,14,63,7,2,15,4
UL ur L R dl D FS,2,14,63,7,2,13,4
UL ur R D dl L FS,2,14,63,7,2,15,3
UL ur R D L dl FS,2,14,63,7,2,15,3
UL ur R dl D L FS,2,14,63,7,2,13,3
UL ur R dl L D FS,2,14,63,7,2,13,3
UL ur R L D dl FS,2,14,63,7,2,17,4
UL ur R L dl D FS,2,14,63,7,2,17,4
ur D R UL dl L FS,2,14,63,7,2,13,3
ur D R UL L dl FS,2,14,63,7,2,13,3
ur D UL L R dl FS,2,14,63,7,2,13,4
ur D UL R dl L FS,2,14,63,7,2,13,3
ur D UL R L dl FS,2,14,63,7,2,17,4
ur L R UL D dl FS,2,14,63,7,2,17,4
ur L R UL dl D FS,2,14,63,7,2,15,4
ur L UL D R dl FS,2,14,63,7,2,11,3
ur L UL R D dl FS,2,14,63,7,2,13,3
ur L UL R dl D FS,2,14,63,7,2,11,3
ur R D UL dl L FS,2,14,63,7,2,15,3
ur R D UL L dl FS,2,14,63,7,2,15,3
ur R L UL D dl FS,2,14,63,7,2,17,4
ur R L UL dl D FS,2,14,63,7,2,15,4
ur R UL D dl L FS,2,14,63,7,2,17,3
ur R UL D L dl FS,2,14,63,7,2,17,3
ur R UL dl D L FS,2,14,63,7,2,15,3
ur R UL dl L D FS,2,14,63,7,2,15,3
ur R UL L D dl FS,2,14,63,7,2,15,3
ur R UL L dl D FS,2,14,63,7,2,15,3
ur UL D L R dl FS,2,14,63,7,2,15,4
ur UL D R dl L FS,2,14,63,7,2,13,3
ur UL D R L dl FS,2,14,63,7,2,17,4
ur UL L D R dl FS,2,14,63,7,2,11,3
ur UL L R D dl FS,2,14,63,7,2,15,4
ur UL L R dl D FS,2,14,63,7,2,13,4
ur UL R D dl L FS,2,14,63,7,2,15,3
ur UL R D L dl FS,2,14,63,7,2,15,3
ur UL R dl D L FS,2,14,63,7,2,13,3
ur UL R dl L D FS,2,14,63,7,2,13,3
ur UL R L D dl FS,2,14,63,7,2,17,4
ur UL R L dl D FS,2,14,63,7,2,17,4
FS R D UL dl ur L,2,14,63,8,2,12,3
FS R D UL ur dl L,2,14,63,8,2,14,3
FS R D ur UL dl L,2,14,63,8,2,12,3
FS R UL D dl ur L,2,14,63,8,2,14,3
FS R UL D ur dl L,2,14,63,8,2,14,3
FS R UL dl D ur L,2,14,63,8,2,12,3
FS R UL dl L ur D,2,14,63,8,2,12,3
FS R UL dl ur D L,2,14,63,8,2,12,3
FS R UL dl ur L D,2,14,63,8,2,12,3
FS R UL L dl ur D,2,14,63,8,2,12,3
FS R UL L ur dl D,2,14,63,8,2,12,3
FS R UL ur D dl L,2,14,63,8,2,14,3
FS R UL ur dl D L,2,14,63,8,2,14,3
FS R UL ur dl L D,2,14,63,8,2,14,3
FS R UL ur L dl D,2,14,63,8,2,14,3
FS R ur D UL dl L,2,14,63,8,2,14,3
FS R ur UL D dl L,2,14,63,8,2,16,3
FS R ur UL dl D L,2,14,63,8,2,14,3
FS R ur UL dl L D,2,14,63,8,2,14,3
FS R ur UL L dl D,2,14,63,8,2,14,3
FS UL L R dl ur D,2,14,63,8,2,12,4
FS UL L R ur dl D,2,14,63,8,2,16,4
FS UL L ur R dl D,2,14,63,8,2,12,3
FS UL R D dl ur L,2,14,63,8,2,14,3
FS UL R D ur dl L,2,14,63,8,2,14,3
FS UL R dl D ur L,2,14,63,8,2,12,3
FS UL R dl L ur D,2,14,63,8,2,12,3
FS UL R dl ur D L,2,14,63,8,2,12,3
FS UL R dl ur L D,2,14,63,8,2,12,3
FS UL R L dl ur D,2,14,63,8,2,16,4
FS UL R L ur dl D,2,14,63,8,2,16,4
FS UL R ur D dl L,2,14,63,8,2,16,3
FS UL R ur dl D L,2,14,63,8,2,16,3
FS UL R ur dl L D,2,14,63,8,2,16,3
FS UL R ur L dl D,2,14,63,8,2,16,3
FS UL ur L R dl D,2,14,63,8,2,14,4
FS UL ur R D dl L,2,14,63,8,2,16,3
FS UL ur R dl D L,2,14,63,8,2,14,3
FS UL ur R dl L D,2,14,63,8,2,14,3
FS UL ur R L dl D,2,14,63,8,2,18,4
FS ur R D UL dl L,2,14,63,8,2,16,3
FS ur R UL D dl L,2,14,63,8,2,18,3
FS ur R UL dl D L,2,14,63,8,2,16,3
FS ur R UL dl L D,2,14,63,8,2,16,3
FS ur R UL L dl D,2,14,63,8,2,16,3
FS ur UL L R dl D,2,14,63,8,2,14,4
FS ur UL R D dl L,2,14,63,8,2,16,3
FS ur UL R dl D L,2,14,63,8,2,14,3
FS ur UL R dl L D,2,14,63,8,2,14,3
FS ur UL R L dl D,2,14,63,8,2,18,4
R FS D UL dl ur L,2,14,63,8,2,12,3
R FS D UL ur dl L,2,14,63,8,2,14,3
R FS D ur UL dl L,2,14,63,8,2,12,3
R FS UL D dl ur L,2,14,63,8,2,14,3
R FS UL D ur dl L,2,14,63,8,2,14,3
R FS UL dl D ur L,2,14,63,8,2,12,3
R FS UL dl L ur D,2,14,63,8,2,12,3
R FS UL dl ur D L,2,14,63,8,2,12,3
R FS UL dl ur L D,2,14,63,8,2,12,3
R FS UL L dl ur D,2,14,63,8,2,12,3
R FS UL L ur dl D,2,14,63,8,2,12,3
R FS UL ur D dl L,2,14,63,8,2,14,3
R FS UL ur dl D L,2,14,63,8,2,14,3
R FS UL ur dl L D,2,14,63,8,2,14,3
R FS UL ur L dl D,2,14,63,8,2,14,3
R FS ur D UL dl L,2,14,63,8,2,14,3
R FS ur UL D dl L,2,14,63,8,2,16,3
R FS ur UL dl D L,2,14,63,8,2,14,3
R FS ur UL dl L D,2,14,63,8,2,14,3
R FS ur UL L dl D,2,14,63,8,2,14,3
R UL dl FS D ur L,2,14,63,8,2,12,3
R UL dl FS L ur D,2,14,63,8,2,12,3
R UL dl FS ur D L,2,14,63,8,2,14,3
R UL dl FS ur L D,2,14,63,8,2,14,3
R UL dl ur FS D L,2,14,63,8,2,14,3
R UL dl ur FS L D,2,14,63,8,2,14,3
R UL FS D dl ur L,2,14,63,8,2,14,3
R UL FS D ur dl L,2,14,63,8,2,14,3
R UL FS dl D ur L,2,14,63,8,2,14,3
R UL FS dl L ur D,2,14,63,8,2,14,3
R UL FS dl ur D L,2,14,63,8,2,14,3
R UL FS dl ur L D,2,14,63,8,2,14,3
R UL FS L dl ur D,2,14,63,8,2,14,3
R UL FS L ur dl D,2,14,63,8,2,14,3
R UL FS ur D dl L,2,14,63,8,2,16,3
R UL FS ur dl D L,2,14,63,8,2,16,3
R UL FS ur dl L D,2,14,63,8,2,16,3
R UL FS ur L dl D,2,14,63,8,2,16,3
R UL ur dl FS D L,2,14,63,8,2,14,3
R UL ur dl FS L D,2,14,63,8,2,14,3
R UL ur FS D dl L,2,14,63,8,2,16,3
R UL ur FS dl D L,2,14,63,8,2,16,3
R UL ur FS dl L D,2,14,63,8,2,16,3
R UL ur FS L dl D,2,14,63,8,2,16,3
R ur FS D UL dl L,2,14,63,8,2,16,3
R ur FS UL D dl L,2,14,63,8,2,18,3
R ur FS UL dl D L,2,14,63,8,2,16,3
R ur FS UL dl L D,2,14,63,8,2,16,3
R ur FS UL L dl D,2,14,63,8,2,16,3
R ur UL dl FS D L,2,14,63,8,2,14,3
R ur UL dl FS L D,2,14,63,8,2,14,3
R ur UL FS D dl L,2,14,63,8,2,16,3
R ur UL FS dl D L,2,14,63,8,2,16,3
R ur UL FS dl L D,2,14,63,8,2,16,3
R ur UL FS L dl D,2,14,63,8,2,16,3
UL FS L R dl ur D,2,14,63,8,2,13,4
UL FS L R ur dl D,2,14,63,8,2,17,4
UL FS L ur R dl D,2,14,63,8,2,13,3
UL FS R D dl ur L,2,14,63,8,2,13,3
UL FS R D ur dl L,2,14,63,8,2,13,3
UL FS R dl D ur L,2,14,63,8,2,11,3
UL FS R dl L ur D,2,14,63,8,2,11,3
UL FS R dl ur D L,2,14,63,8,2,11,3
UL FS R dl ur L D,2,14,63,8,2,11,3
UL FS R L dl ur D,2,14,63,8,2,15,4
UL FS R L ur dl D,2,14,63,8,2,15,4
UL FS R ur D dl L,2,14,63,8,2,15,3
UL FS R ur dl D L,2,14,63,8,2,15,3
UL FS R ur dl L D,2,14,63,8,2,15,3
UL FS R ur L dl D,2,14,63,8,2,15,3
UL FS ur L R dl D,2,14,63,8,2,15,4
UL FS ur R D dl L,2,14,63,8,2,17,3
UL FS ur R dl D L,2,14,63,8,2,15,3
UL FS ur R dl L D,2,14,63,8,2,15,3
UL FS ur R L dl D,2,14,63,8,2,19,4
UL R dl FS D ur L,2,14,63,8,2,11,3
UL R dl FS L ur D,2,14,63,8,2,11,3
UL R dl FS ur D L,2,14,63,8,2,13,3
UL R dl FS ur L D,2,14,63,8,2,13,3
UL R dl ur FS D L,2,14,63,8,2,13,3
UL R dl ur FS L D,2,14,63,8,2,13,3
UL R FS D dl ur L,2,14,63,8,2,13,3
UL R FS D ur dl L,2,14,63,8,2,13,3
UL R FS dl D ur L,2,14,63,8,2,13,3
UL R FS dl L ur D,2,14,63,8,2,13,3
UL R FS dl ur D L,2,14,63,8,2,13,3
UL R FS dl ur L D,2,14,63,8,2,13,3
UL R FS L dl ur D,2,14,63,8,2,13,3
UL R FS L ur dl D,2,14,63,8,2,13,3
UL R FS ur D dl L,2,14,63,8,2,15,3
UL R FS ur dl D L,2,14,63,8,2,15,3
UL R FS ur dl L D,2,14,63,8,2,15,3
UL R FS ur L dl D,2,14,63,8,2,15,3
UL R ur dl FS D L,2,14,63,8,2,15,3
UL R ur dl FS L D,2,14,63,8,2,15,3
UL R ur FS D dl L,2,14,63,8,2,17,3
UL R ur FS dl D L,2,14,63,8,2,17,3
UL R ur FS dl L D,2,14,63,8,2,17,3
UL R ur FS L dl D,2,14,63,8,2,17,3
UL ur FS L R dl D,2,14,63,8,2,15,4
UL ur FS R D dl L,2,14,63,8,2,15,3
UL ur FS R dl D L,2,14,63,8,2,13,3
UL ur FS R dl L D,2,14,63,8,2,13,3
UL ur FS R L dl D,2,14,63,8,2,17,4
UL ur R dl FS D L,2,14,63,8,2,13,3
UL ur R dl FS L D,2,14,63,8,2,13,3
UL ur R FS D dl L,2,14,63,8,2,15,3
UL ur R FS dl D L,2,14,63,8,2,15,3
UL ur R FS dl L D,2,14,63,8,2,15,3
UL ur R FS L dl D,2,14,63,8,2,15,3
ur FS R D UL dl L,2,14,63,8,2,15,3
ur FS R UL D dl L,2,14,63,8,2,17,3
ur FS R UL dl D L,2,14,63,8,2,15,3
ur FS R UL dl L D,2,14,63,8,2,15,3
ur FS R UL L dl D,2,14,63,8,2,15,3
ur FS UL L R dl D,2,14,63,8,2,15,4
ur FS UL R D dl L,2,14,63,8,2,17,3
ur FS UL R dl D L,2,14,63,8,2,15,3
ur FS UL R dl L D,2,14,63,8,2,15,3
ur FS UL R L dl D,2,14,63,8,2,19,4
ur R FS D UL dl L,2,14,63,8,2,15,3
ur R FS UL D dl L,2,14,63,8,2,17,3
ur R FS UL dl D L,2,14,63,8,2,15,3
ur R FS UL dl L D,2,14,63,8,2,15,3
ur R FS UL L dl D,2,14,63,8,2,15,3
ur R UL dl FS D L,2,14,63,8,2,15,3
ur R UL dl FS L D,2,14,63,8,2,15,3
ur R UL FS D dl L,2,14,63,8,2,17,3
ur R UL FS dl D L,2,14,63,8,2,17,3
ur R UL FS dl L D,2,14,63,8,2,17,3
ur R UL FS L dl D,2,14,63,8,2,17,3
ur UL FS L R dl D,2,14,63,8,2,15,4
ur UL FS R D dl L,2,14,63,8,2,15,3
ur UL FS R dl D L,2,14,63,8,2,13,3
ur UL FS R dl L D,2,14,63,8,2,13,3
ur UL FS R L dl D,2,14,63,8,2,17,4
ur UL R dl FS D L,2,14,63,8,2,13,3
ur UL R dl FS L D,2,14,63,8,2,13,3
ur UL R FS D dl L,2,14,63,8,2,15,3
ur UL R FS dl D L,2,14,63,8,2,15,3
ur UL R FS dl L D,2,14,63,8,2,15,3
ur UL R FS L dl D,2,14,63,8,2,15,3
D FS L R UL ur dl,5,14,64,6,2,15,4
D FS L R ur UL dl,5,14,64,6,2,15,4
D FS L UL R ur dl,5,14,64,6,2,13,3
D FS L UL ur R dl,5,14,64,6,2,11,3
D FS L ur R UL dl,5,14,64,6,2,13,3
D FS L ur UL R dl,5,14,64,6,2,11,3
D FS R L UL ur dl,5,14,64,6,2,13,4
D FS R L ur UL dl,5,14,64,6,2,13,4
D FS R ur L UL dl,5,14,64,6,2,11,3
D FS ur L R UL dl,5,14,64,6,2,15,4
D FS ur L UL R dl,5,14,64,6,2,11,3
D FS ur R L UL dl,5,14,64,6,2,15,4
D L FS R UL ur dl,5,14,64,6,2,13,3
D L FS R ur UL dl,5,14,64,6,2,13,3
D L FS UL R ur dl,5,14,64,6,2,15,3
D L FS UL ur R dl,5,14,64,6,2,13,3
D L FS ur R UL dl,5,14,64,6,2,15,3
D L FS ur UL R dl,5,14,64,6,2,13,3
D L ur FS R UL dl,5,14,64,6,2,13,3
D L ur FS UL R dl,5,14,64,6,2,13,3
D L ur UL FS R dl,5,14,64,6,2,11,3
D ur FS L R UL dl,5,14,64,6,2,15,4
D ur FS L UL R dl,5,14,64,6,2,11,3
D ur FS R L UL dl,5,14,64,6,2,13,4
D ur L FS R UL dl,5,14,64,6,2,11,3
D ur L FS UL R dl,5,14,64,6,2,11,3
D ur L UL FS R dl,5,14,64,6,2,9,3
FS D L R UL ur dl,5,14,64,6,2,15,4
FS D L R ur UL dl,5,14,64,6,2,15,4
FS D L UL R ur dl,5,14,64,6,2,13,3
FS D L UL ur R dl,5,14,64,6,2,11,3
FS D L ur R UL dl,5,14,64,6,2,13,3
FS D L ur UL R dl,5,14,64,6,2,11,3
FS D R L UL ur dl,5,14,64,6,2,13,4
FS D R L ur UL dl,5,14,64,6,2,13,4
FS D R ur L UL dl,5,14,64,6,2,11,3
FS D ur L R UL dl,5,14,64,6,2,13,4
FS D ur L UL R dl,5,14,64,6,2,9,3
FS D ur R L UL dl,5,14,64,6,2,13,4
FS L D R UL ur dl,5,14,64,6,2,13,3
FS L D R ur UL dl,5,14,64,6,2,13,3
FS L D UL R ur dl,5,14,64,6,2,15,3
FS L D UL ur R dl,5,14,64,6,2,13,3
FS L D ur R UL dl,5,14,64,6,2,13,3
FS L D ur UL R dl,5,14,64,6,2,11,3
FS L UL D R ur dl,5,14,64,6,2,13,3
FS L UL D ur R dl,5,14,64,6,2,11,3
FS L ur D R UL dl,5,14,64,6,2,11,3
FS L ur D UL R dl,5,14,64,6,2,11,3
FS ur D L R UL dl,5,14,64,6,2,15,4
FS ur D L UL R dl,5,14,64,6,2,11,3
FS ur D R L UL dl,5,14,64,6,2,13,4
FS ur L D R UL dl,5,14,64,6,2,13,3
FS ur L D UL R dl,5,14,64,6,2,13,3
L D FS R UL ur dl,5,14,64,6,2,13,3
L D FS R ur UL dl,5,14,64,6,2,13,3
L D FS UL R ur dl,5,14,64,6,2,15,3
L D FS UL ur R dl,5,14,64,6,2,13,3
L D FS ur R UL dl,5,14,64,6,2,15,3
L D FS ur UL R dl,5,14,64,6,2,13,3
L D ur FS R UL dl,5,14,64,6,2,13,3
L D ur FS UL R dl,5,14,64,6,2,13,3
L D ur UL FS R dl,5,14,64,6,2,11,3
L FS D R UL ur dl,5,14,64,6,2,13,3
L FS D R ur UL dl,5,14,64,6,2,13,3
L FS D UL R ur dl,5,14,64,6,2,15,3
L FS D UL ur R dl,5,14,64,6,2,13,3
L FS D ur R UL dl,5,14,64,6,2,13,3
L FS D ur UL R dl,5,14,64,6,2,11,3
L FS UL D R ur dl,5,14,64,6,2,15,3
L FS UL D ur R dl,5,14,64,6,2,13,3
L FS ur D R UL dl,5,14,64,6,2,13,3
L FS ur D UL R dl,5,14,64,6,2,13,3
L ur D FS R UL dl,5,14,64,6,2,11,3
L ur D FS UL R dl,5,14,64,6,2,11,3
L ur D UL FS R dl,5,14,64,6,2,11,3
L ur FS D R UL dl,5,14,64,6,2,13,3
L ur FS D UL R dl,5,14,64,6,2,13,3
ur D FS L R UL dl,5,14,64,6,2,14,4
ur D FS L UL R dl,5,14,64,6,2,10,3
ur D FS R L UL dl,5,14,64,6,2,12,4
ur D L FS R UL dl,5,14,64,6,2,12,3
ur D L FS UL R dl,5,14,64,6,2,12,3
ur D L UL FS R dl,5,14,64,6,2,10,3
ur FS D L R UL dl,5,14,64,6,2,16,4
ur FS D L UL R dl,5,14,64,6,2,12,3
ur FS D R L UL dl,5,14,64,6,2,14,4
ur FS L D R UL dl,5,14,64,6,2,14,3
ur FS L D UL R dl,5,14,64,6,2,14,3
ur L D FS R UL dl,5,14,64,6,2,12,3
ur L D FS UL R dl,5,14,64,6,2,12,3
ur L D UL FS R dl,5,14,64,6,2,12,3
ur L FS D R UL dl,5,14,64,6,2,12,3
ur L FS D UL R dl,5,14,64,6,2,12,3
D dl L ur UL R FS,2,14,65,6,2,14,3
D dl ur L UL R FS,2,14,65,6,2,12,3
D L dl ur UL R FS,2,14,65,6,2,14,3
D L ur dl UL R FS,2,14,65,6,2,12,3
D L ur UL dl R FS,2,14,65,6,2,10,2
D ur dl L UL R FS,2,14,65,6,2,12,3
D ur L dl UL R FS,2,14,65,6,2,12,3
D ur L UL dl R FS,2,14,65,6,2,8,2
dl D L ur UL R FS,2,14,65,6,2,13,3
dl D ur L UL R FS,2,14,65,6,2,11,3
dl L D ur UL R FS,2,14,65,6,2,13,3
dl L ur D UL R FS,2,14,65,6,2,13,3
dl ur D L UL R FS,2,14,65,6,2,11,3
dl ur L D UL R FS,2,14,65,6,2,13,3
L D dl ur UL R FS,2,14,65,6,2,14,3
L D ur dl UL R FS,2,14,65,6,2,12,3
L D ur UL dl R FS,2,14,65,6,2,10,2
L dl D ur UL R FS,2,14,65,6,2,14,3
L dl ur D UL R FS,2,14,65,6,2,14,3
L ur D dl UL R FS,2,14,65,6,2,12,3
L ur D UL dl R FS,2,14,65,6,2,10,3
L ur dl D UL R FS,2,14,65,6,2,14,3
ur D dl L UL R FS,2,14,65,6,2,13,3
ur D L dl UL R FS,2,14,65,6,2,13,3
ur D L UL dl R FS,2,14,65,6,2,9,2
ur dl D L UL R FS,2,14,65,6,2,13,3
ur dl L D UL R FS,2,14,65,6,2,15,3
ur L D dl UL R FS,2,14,65,6,2,13,3
ur L D UL dl R FS,2,14,65,6,2,11,3
ur L dl D UL R FS,2,14,65,6,2,15,3
D dl FS R UL ur L,2,14,65,7,2,14,3
D dl FS R ur UL L,2,14,65,7,2,14,3
D dl FS ur R UL L,2,14,65,7,2,16,3
D dl ur FS R UL L,2,14,65,7,2,14,3
D FS dl R UL ur L,2,14,65,7,2,12,3
D FS dl R ur UL L,2,14,65,7,2,12,3
D FS dl ur R UL L,2,14,65,7,2,14,3
D FS R dl UL ur L,2,14,65,7,2,10,2
D FS R dl ur UL L,2,14,65,7,2,10,2
D FS R ur dl UL L,2,14,65,7,2,12,3
D FS ur dl R UL L,2,14,65,7,2,12,3
D FS ur R dl UL L,2,14,65,7,2,12,3
D ur dl FS R UL L,2,14,65,7,2,12,3
D ur FS dl R UL L,2,14,65,7,2,12,3
D ur FS R dl UL L,2,14,65,7,2,10,3
dl D FS R UL ur L,2,14,65,7,2,13,3
dl D FS R ur UL L,2,14,65,7,2,13,3
dl D FS ur R UL L,2,14,65,7,2,15,3
dl D ur FS R UL L,2,14,65,7,2,13,3
dl FS D R UL ur L,2,14,65,7,2,13,3
dl FS D R ur UL L,2,14,65,7,2,13,3
dl FS D ur R UL L,2,14,65,7,2,13,3
dl FS L UL R ur D,2,14,65,7,2,13,3
dl FS L UL ur D R,2,14,65,7,2,11,3
dl FS L UL ur R D,2,14,65,7,2,13,3
dl FS L ur UL D R,2,14,65,7,2,13,3
dl FS L ur UL R D,2,14,65,7,2,13,3
dl FS ur D R UL L,2,14,65,7,2,13,3
dl FS ur L UL D R,2,14,65,7,2,13,3
dl FS ur L UL R D,2,14,65,7,2,13,3
dl L FS UL R ur D,2,14,65,7,2,15,3
dl L FS UL ur D R,2,14,65,7,2,13,3
dl L FS UL ur R D,2,14,65,7,2,15,3
dl L FS ur UL D R,2,14,65,7,2,15,3
dl L FS ur UL R D,2,14,65,7,2,15,3
dl L ur FS UL D R,2,14,65,7,2,15,3
dl L ur FS UL R D,2,14,65,7,2,15,3
dl ur D FS R UL L,2,14,65,7,2,11,3
dl ur FS D R UL L,2,14,65,7,2,13,3
dl ur FS L UL D R,2,14,65,7,2,13,3
dl ur FS L UL R D,2,14,65,7,2,13,3
dl ur L FS UL D R,2,14,65,7,2,13,3
dl ur L FS UL R D,2,14,65,7,2,13,3
FS D dl R UL ur L,2,14,65,7,2,12,3
FS D dl R ur UL L,2,14,65,7,2,12,3
FS D dl ur R UL L,2,14,65,7,2,14,3
FS D R dl UL ur L,2,14,65,7,2,10,2
FS D R dl ur UL L,2,14,65,7,2,10,2
FS D R ur dl UL L,2,14,65,7,2,12,3
FS D ur dl R UL L,2,14,65,7,2,10,3
FS D ur R dl UL L,2,14,65,7,2,10,3
FS dl D R UL ur L,2,14,65,7,2,14,3
FS dl D R ur UL L,2,14,65,7,2,14,3
FS dl D ur R UL L,2,14,65,7,2,14,3
FS dl L UL R ur D,2,14,65,7,2,14,3
FS dl L UL ur D R,2,14,65,7,2,12,3
FS dl L UL ur R D,2,14,65,7,2,14,3
FS dl L ur UL D R,2,14,65,7,2,14,3
FS dl L ur UL R D,2,14,65,7,2,14,3
FS dl ur D R UL L,2,14,65,7,2,12,3
FS dl ur L UL D R,2,14,65,7,2,12,3
FS dl ur L UL R D,2,14,65,7,2,12,3
FS L dl UL R ur D,2,14,65,7,2,14,3
FS L dl UL ur D R,2,14,65,7,2,12,3
FS L dl UL ur R D,2,14,65,7,2,14,3
FS L dl ur UL D R,2,14,65,7,2,14,3
FS L dl ur UL R D,2,14,65,7,2,14,3
FS L UL dl R ur D,2,14,65,7,2,10,3
FS L UL dl ur D R,2,14,65,7,2,10,2
FS L UL dl ur R D,2,14,65,7,2,12,3
FS L UL ur D dl R,2,14,65,7,2,10,3
FS L UL ur dl D R,2,14,65,7,2,12,3
FS L UL ur dl R D,2,14,65,7,2,10,2
FS L ur dl UL D R,2,14,65,7,2,12,3
FS L ur dl UL R D,2,14,65,7,2,12,3
FS L ur UL D dl R,2,14,65,7,2,12,3
FS L ur UL dl D R,2,14,65,7,2,12,3
FS L ur UL dl R D,2,14,65,7,2,10,2
FS ur D dl R UL L,2,14,65,7,2,12,3
FS ur D R dl UL L,2,14,65,7,2,10,3
FS ur dl D R UL L,2,14,65,7,2,14,3
FS ur dl L UL D R,2,14,65,7,2,14,3
FS ur dl L UL R D,2,14,65,7,2,14,3
FS ur L dl UL D R,2,14,65,7,2,14,3
FS ur L dl UL R D,2,14,65,7,2,14,3
FS ur L UL D dl R,2,14,65,7,2,12,3
FS ur L UL dl D R,2,14,65,7,2,12,3
FS ur L UL dl R D,2,14,65,7,2,10,3
L dl FS UL R ur D,2,14,65,7,2,16,3
L dl FS UL ur D R,2,14,65,7,2,14,3
L dl FS UL ur R D,2,14,65,7,2,16,3
L dl FS ur UL D R,2,14,65,7,2,16,3
L dl FS ur UL R D,2,14,65,7,2,16,3
L dl ur FS UL D R,2,14,65,7,2,16,3
L dl ur FS UL R D,2,14,65,7,2,16,3
L FS dl UL R ur D,2,14,65,7,2,14,3
L FS dl UL ur D R,2,14,65,7,2,12,3
L FS dl UL ur R D,2,14,65,7,2,14,3
L FS dl ur UL D R,2,14,65,7,2,14,3
L FS dl ur UL R D,2,14,65,7,2,14,3
L FS UL dl R ur D,2,14,65,7,2,12,3
L FS UL dl ur D R,2,14,65,7,2,12,3
L FS UL dl ur R D,2,14,65,7,2,14,3
L FS UL ur D dl R,2,14,65,7,2,12,3
L FS UL ur dl D R,2,14,65,7,2,14,3
L FS UL ur dl R D,2,14,65,7,2,12,3
L FS ur dl UL D R,2,14,65,7,2,14,3
L FS ur dl UL R D,2,14,65,7,2,14,3
L FS ur UL D dl R,2,14,65,7,2,14,3
L FS ur UL dl D R,2,14,65,7,2,14,3
L FS ur UL dl R D,2,14,65,7,2,12,3
L ur dl FS UL D R,2,14,65,7,2,14,3
L ur dl FS UL R D,2,14,65,7,2,14,3
L ur FS dl UL D R,2,14,65,7,2,14,3
L ur FS dl UL R D,2,14,65,7,2,14,3
L ur FS UL D dl R,2,14,65,7,2,14,3
L ur FS UL dl D R,2,14,65,7,2,14,3
L ur FS UL dl R D,2,14,65,7,2,12,3
ur D dl FS R UL L,2,14,65,7,2,13,3
ur D FS dl R UL L,2,14,65,7,2,11,3
ur D FS R dl UL L,2,14,65,7,2,9,2
ur dl D FS R UL L,2,14,65,7,2,13,3
ur dl FS D R UL L,2,14,65,7,2,13,3
ur dl FS L UL D R,2,14,65,7,2,13,3
ur dl FS L UL R D,2,14,65,7,2,13,3
ur dl L FS UL D R,2,14,65,7,2,15,3
ur dl L FS UL R D,2,14,65,7,2,15,3
ur FS D dl R UL L,2,14,65,7,2,13,3
ur FS D R dl UL L,2,14,65,7,2,11,3
ur FS dl D R UL L,2,14,65,7,2,15,3
ur FS dl L UL D R,2,14,65,7,2,15,3
ur FS dl L UL R D,2,14,65,7,2,15,3
ur FS L dl UL D R,2,14,65,7,2,15,3
ur FS L dl UL R D,2,14,65,7,2,15,3
ur FS L UL D dl R,2,14,65,7,2,13,3
ur FS L UL dl D R,2,14,65,7,2,13,3
ur FS L UL dl R D,2,14,65,7,2,11,3
ur L dl FS UL D R,2,14,65,7,2,15,3
ur L dl FS UL R D,2,14,65,7,2,15,3
ur L FS dl UL D R,2,14,65,7,2,13,3
ur L FS dl UL R D,2,14,65,7,2,13,3
ur L FS UL D dl R,2,14,65,7,2,13,3
ur L FS UL dl D R,2,14,65,7,2,13,3
ur L FS UL dl R D,2,14,65,7,2,11,3
D L R FS UL ur dl,2,14,66,7,2,15,4
D L R FS ur UL dl,2,14,66,7,2,15,4
D L R ur FS UL dl,2,14,66,7,2,17,4
D L R ur UL FS dl,2,14,66,7,2,17,4
D L ur R FS UL dl,2,14,66,7,2,13,3
D L ur R UL FS dl,2,14,66,7,2,15,3
D L ur UL R FS dl,2,14,66,7,2,13,3
D R FS L UL ur dl,2,14,66,7,2,11,2
D R FS L ur UL dl,2,14,66,7,2,11,2
D R FS ur L UL dl,2,14,66,7,2,11,3
D R L FS UL ur dl,2,14,66,7,2,15,4
D R L FS ur UL dl,2,14,66,7,2,15,4
D R L ur FS UL dl,2,14,66,7,2,15,4
D R L ur UL FS dl,2,14,66,7,2,15,4
D R ur FS L UL dl,2,14,66,7,2,13,3
D R ur L FS UL dl,2,14,66,7,2,13,3
D R ur L UL FS dl,2,14,66,7,2,13,3
D ur L R FS UL dl,2,14,66,7,2,13,4
D ur L R UL FS dl,2,14,66,7,2,15,4
D ur L UL R FS dl,2,14,66,7,2,11,3
D ur R FS L UL dl,2,14,66,7,2,11,3
D ur R L FS UL dl,2,14,66,7,2,15,4
D ur R L UL FS dl,2,14,66,7,2,15,4
L D R FS UL ur dl,2,14,66,7,2,13,3
L D R FS ur UL dl,2,14,66,7,2,13,3
L D R ur FS UL dl,2,14,66,7,2,15,3
L D R ur UL FS dl,2,14,66,7,2,15,3
L D ur R FS UL dl,2,14,66,7,2,13,3
L D ur R UL FS dl,2,14,66,7,2,15,3
L D ur UL R FS dl,2,14,66,7,2,13,3
L R D FS UL ur dl,2,14,66,7,2,15,4
L R D FS ur UL dl,2,14,66,7,2,15,4
L R D ur FS UL dl,2,14,66,7,2,15,4
L R D ur UL FS dl,2,14,66,7,2,15,4
L R ur D FS UL dl,2,14,66,7,2,15,4
L R ur D UL FS dl,2,14,66,7,2,17,4
L ur D R FS UL dl,2,14,66,7,2,11,3
L ur D R UL FS dl,2,14,66,7,2,13,3
L ur D UL R FS dl,2,14,66,7,2,13,3
L ur R D FS UL dl,2,14,66,7,2,13,3
L ur R D UL FS dl,2,14,66,7,2,15,3
R D FS L UL ur dl,2,14,66,7,2,11,2
R D FS L ur UL dl,2,14,66,7,2,11,2
R D FS ur L UL dl,2,14,66,7,2,11,3
R D L FS UL ur dl,2,14,66,7,2,13,3
R D L FS ur UL dl,2,14,66,7,2,13,3
R D L ur FS UL dl,2,14,66,7,2,13,3
R D L ur UL FS dl,2,14,66,7,2,13,3
R D ur FS L UL dl,2,14,66,7,2,11,3
R D ur L FS UL dl,2,14,66,7,2,11,3
R D ur L UL FS dl,2,14,66,7,2,11,3
R L D FS UL ur dl,2,14,66,7,2,15,4
R L D FS ur UL dl,2,14,66,7,2,15,4
R L D ur FS UL dl,2,14,66,7,2,15,4
R L D ur UL FS dl,2,14,66,7,2,15,4
R L ur D FS UL dl,2,14,66,7,2,13,4
R L ur D UL FS dl,2,14,66,7,2,15,4
R ur D FS L UL dl,2,14,66,7,2,11,3
R ur D L FS UL dl,2,14,66,7,2,13,3
R ur D L UL FS dl,2,14,66,7,2,13,3
R ur L D FS UL dl,2,14,66,7,2,13,3
R ur L D UL FS dl,2,14,66,7,2,15,3
ur D L R FS UL dl,2,14,66,7,2,14,4
ur D L R UL FS dl,2,14,66,7,2,16,4
ur D L UL R FS dl,2,14,66,7,2,12,3
ur D R FS L UL dl,2,14,66,7,2,10,2
ur D R L FS UL dl,2,14,66,7,2,14,4
ur D R L UL FS dl,2,14,66,7,2,14,4
ur L D R FS UL dl,2,14,66,7,2,12,3
ur L D R UL FS dl,2,14,66,7,2,14,3
ur L D UL R FS dl,2,14,66,7,2,14,3
ur L R D FS UL dl,2,14,66,7,2,14,4
ur L R D UL FS dl,2,14,66,7,2,16,4
ur R D FS L UL dl,2,14,66,7,2,12,3
ur R D L FS UL dl,2,14,66,7,2,14,3
ur R D L UL FS dl,2,14,66,7,2,14,3
ur R L D FS UL dl,2,14,66,7,2,16,4
ur R L D UL FS dl,2,14,66,7,2,18,4
D dl L R UL ur FS,2,14,67,7,2,18,4
D dl L R ur UL FS,2,14,67,7,2,18,4
D dl L UL FS R ur,2,14,67,7,2,15,3
D dl L UL R FS ur,2,14,67,7,2,15,3
D dl L ur R UL FS,2,14,67,7,2,16,3
D dl R L UL ur FS,2,14,67,7,2,14,4
D dl R L ur UL FS,2,14,67,7,2,14,4
D dl R UL L ur FS,2,14,67,7,2,12,3
D dl R ur L UL FS,2,14,67,7,2,12,3
D dl UL L FS R ur,2,14,67,7,2,13,3
D dl UL L R FS ur,2,14,67,7,2,15,4
D dl UL R L FS ur,2,14,67,7,2,17,4
D dl ur L R UL FS,2,14,67,7,2,16,4
D dl ur R L UL FS,2,14,67,7,2,16,4
D L dl R UL ur FS,2,14,67,7,2,14,3
D L dl R ur UL FS,2,14,67,7,2,14,3
D L dl UL FS R ur,2,14,67,7,2,15,3
D L dl UL R FS ur,2,14,67,7,2,15,3
D L dl ur R UL FS,2,14,67,7,2,16,3
D L R dl UL ur FS,2,14,67,7,2,14,4
D L R dl ur UL FS,2,14,67,7,2,14,4
D L R ur dl UL FS,2,14,67,7,2,16,4
D L R ur UL dl FS,2,14,67,7,2,16,4
D L UL dl FS R ur,2,14,67,7,2,13,3
D L UL dl R FS ur,2,14,67,7,2,11,3
D L UL FS dl R ur,2,14,67,7,2,13,3
D L UL FS R dl ur,2,14,67,7,2,11,3
D L ur dl R UL FS,2,14,67,7,2,12,3
D L ur R dl UL FS,2,14,67,7,2,12,3
D L ur R UL dl FS,2,14,67,7,2,14,3
D L ur UL R dl FS,2,14,67,7,2,12,3
D R dl L UL ur FS,2,14,67,7,2,12,3
D R dl L ur UL FS,2,14,67,7,2,12,3
D R dl UL L ur FS,2,14,67,7,2,10,3
D R dl ur L UL FS,2,14,67,7,2,10,3
D R L dl UL ur FS,2,14,67,7,2,16,4
D R L dl ur UL FS,2,14,67,7,2,16,4
D R L ur dl UL FS,2,14,67,7,2,14,4
D R L ur UL dl FS,2,14,67,7,2,14,4
D R ur dl L UL FS,2,14,67,7,2,14,3
D R ur L dl UL FS,2,14,67,7,2,14,3
D R ur L UL dl FS,2,14,67,7,2,12,3
D UL dl L FS R ur,2,14,67,7,2,15,3
D UL dl L R FS ur,2,14,67,7,2,17,4
D UL dl R L FS ur,2,14,67,7,2,15,4
D UL L dl FS R ur,2,14,67,7,2,15,3
D UL L dl R FS ur,2,14,67,7,2,13,3
D UL L FS dl R ur,2,14,67,7,2,13,3
D UL L FS R dl ur,2,14,67,7,2,11,3
D ur dl L R UL FS,2,14,67,7,2,16,4
D ur dl R L UL FS,2,14,67,7,2,12,4
D ur L dl R UL FS,2,14,67,7,2,12,3
D ur L R dl UL FS,2,14,67,7,2,12,4
D ur L R UL dl FS,2,14,67,7,2,14,4
D ur L UL R dl FS,2,14,67,7,2,10,3
D ur R dl L UL FS,2,14,67,7,2,12,3
D ur R L dl UL FS,2,14,67,7,2,16,4
D ur R L UL dl FS,2,14,67,7,2,14,4
dl D L R UL ur FS,2,14,67,7,2,17,4
dl D L R ur UL FS,2,14,67,7,2,17,4
dl D L UL FS R ur,2,14,67,7,2,14,3
dl D L UL R FS ur,2,14,67,7,2,14,3
dl D L ur R UL FS,2,14,67,7,2,15,3
dl D R L UL ur FS,2,14,67,7,2,15,4
dl D R L ur UL FS,2,14,67,7,2,15,4
dl D R UL L ur FS,2,14,67,7,2,13,3
dl D R ur L UL FS,2,14,67,7,2,13,3
dl D UL L FS R ur,2,14,67,7,2,14,3
dl D UL L R FS ur,2,14,67,7,2,16,4
dl D UL R L FS ur,2,14,67,7,2,18,4
dl D ur L R UL FS,2,14,67,7,2,15,4
dl D ur R L UL FS,2,14,67,7,2,15,4
dl L D R UL ur FS,2,14,67,7,2,15,3
dl L D R ur UL FS,2,14,67,7,2,15,3
dl L D UL FS R ur,2,14,67,7,2,16,3
dl L D UL R FS ur,2,14,67,7,2,16,3
dl L D ur R UL FS,2,14,67,7,2,15,3
dl L R D UL ur FS,2,14,67,7,2,17,4
dl L R D ur UL FS,2,14,67,7,2,15,4
dl L R UL D ur FS,2,14,67,7,2,17,4
dl L R ur D UL FS,2,14,67,7,2,17,4
dl L UL D FS R ur,2,14,67,7,2,14,3
dl L UL D R FS ur,2,14,67,7,2,14,3
dl L UL FS D R ur,2,14,67,7,2,14,3
dl L UL R D FS ur,2,14,67,7,2,14,3
dl L ur D R UL FS,2,14,67,7,2,13,3
dl L ur R D UL FS,2,14,67,7,2,15,3
dl R D L UL ur FS,2,14,67,7,2,11,3
dl R D L ur UL FS,2,14,67,7,2,11,3
dl R D UL L ur FS,2,14,67,7,2,11,3
dl R D ur L UL FS,2,14,67,7,2,9,3
dl R L D UL ur FS,2,14,67,7,2,15,4
dl R L D ur UL FS,2,14,67,7,2,13,4
dl R L UL D ur FS,2,14,67,7,2,13,4
dl R L ur D UL FS,2,14,67,7,2,13,4
dl R UL D L ur FS,2,14,67,7,2,13,3
dl R UL L D ur FS,2,14,67,7,2,11,3
dl R ur D L UL FS,2,14,67,7,2,11,3
dl R ur L D UL FS,2,14,67,7,2,13,3
dl UL D L FS R ur,2,14,67,7,2,14,3
dl UL D L R FS ur,2,14,67,7,2,16,4
dl UL D R L FS ur,2,14,67,7,2,16,4
dl UL L D FS R ur,2,14,67,7,2,12,3
dl UL L D R FS ur,2,14,67,7,2,12,3
dl UL L FS D R ur,2,14,67,7,2,12,3
dl UL L R D FS ur,2,14,67,7,2,14,4
dl UL R D L FS ur,2,14,67,7,2,14,3
dl UL R L D FS ur,2,14,67,7,2,16,4
dl ur D L R UL FS,2,14,67,7,2,15,4
dl ur D R L UL FS,2,14,67,7,2,13,4
dl ur L D R UL FS,2,14,67,7,2,13,3
dl ur L R D UL FS,2,14,67,7,2,15,4
dl ur R D L UL FS,2,14,67,7,2,13,3
dl ur R L D UL FS,2,14,67,7,2,17,4
L D dl R UL ur FS,2,14,67,7,2,14,3
L D dl R ur UL FS,2,14,67,7,2,14,3
L D dl UL FS R ur,2,14,67,7,2,15,3
L D dl UL R FS ur,2,14,67,7,2,15,3
L D dl ur R UL FS,2,14,67,7,2,16,3
L D R dl UL ur FS,2,14,67,7,2,12,3
L D R dl ur UL FS,2,14,67,7,2,12,3
L D R ur dl UL FS,2,14,67,7,2,14,3
L D R ur UL dl FS,2,14,67,7,2,14,3
L D UL dl FS R ur,2,14,67,7,2,15,3
L D UL dl R FS ur,2,14,67,7,2,13,3
L D UL FS dl R ur,2,14,67,7,2,15,3
L D UL FS R dl ur,2,14,67,7,2,13,3
L D ur dl R UL FS,2,14,67,7,2,12,3
L D ur R dl UL FS,2,14,67,7,2,12,3
L D ur R UL dl FS,2,14,67,7,2,14,3
L D ur UL R dl FS,2,14,67,7,2,12,3
L dl D R UL ur FS,2,14,67,7,2,16,3
L dl D R ur UL FS,2,14,67,7,2,16,3
L dl D UL FS R ur,2,14,67,7,2,17,3
L dl D UL R FS ur,2,14,67,7,2,17,3
L dl D ur R UL FS,2,14,67,7,2,16,3
L dl R D UL ur FS,2,14,67,7,2,14,3
L dl R D ur UL FS,2,14,67,7,2,12,3
L dl R UL D ur FS,2,14,67,7,2,14,3
L dl R ur D UL FS,2,14,67,7,2,14,3
L dl UL D FS R ur,2,14,67,7,2,15,3
L dl UL D R FS ur,2,14,67,7,2,15,3
L dl UL FS D R ur,2,14,67,7,2,15,3
L dl UL R D FS ur,2,14,67,7,2,15,3
L dl ur D R UL FS,2,14,67,7,2,14,3
L dl ur R D UL FS,2,14,67,7,2,16,3
L R D dl UL ur FS,2,14,67,7,2,16,4
L R D dl ur UL FS,2,14,67,7,2,16,4
L R D ur dl UL FS,2,14,67,7,2,14,4
L R D ur UL dl FS,2,14,67,7,2,14,4
L R dl D UL ur FS,2,14,67,7,2,16,4
L R dl D ur UL FS,2,14,67,7,2,14,4
L R dl UL D ur FS,2,14,67,7,2,14,4
L R dl ur D UL FS,2,14,67,7,2,14,4
L R ur D dl UL FS,2,14,67,7,2,16,4
L R ur D UL dl FS,2,14,67,7,2,16,4
L R ur dl D UL FS,2,14,67,7,2,18,4
L UL D dl FS R ur,2,14,67,7,2,15,3
L UL D dl R FS ur,2,14,67,7,2,13,3
L UL D FS dl R ur,2,14,67,7,2,13,3
L UL D FS R dl ur,2,14,67,7,2,11,3
L UL dl D FS R ur,2,14,67,7,2,13,3
L UL dl D R FS ur,2,14,67,7,2,13,3
L UL dl FS D R ur,2,14,67,7,2,13,3
L UL dl R D FS ur,2,14,67,7,2,11,3
L UL FS D dl R ur,2,14,67,7,2,13,3
L UL FS D R dl ur,2,14,67,7,2,11,3
L UL FS dl D R ur,2,14,67,7,2,15,3
L ur D dl R UL FS,2,14,67,7,2,12,3
L ur D R dl UL FS,2,14,67,7,2,10,3
L ur D R UL dl FS,2,14,67,7,2,12,3
L ur D UL R dl FS,2,14,67,7,2,12,3
L ur dl D R UL FS,2,14,67,7,2,14,3
L ur dl R D UL FS,2,14,67,7,2,12,3
L ur R D dl UL FS,2,14,67,7,2,14,3
L ur R D UL dl FS,2,14,67,7,2,14,3
L ur R dl D UL FS,2,14,67,7,2,14,3
R D dl L UL ur FS,2,14,67,7,2,14,3
R D dl L ur UL FS,2,14,67,7,2,14,3
R D dl UL L ur FS,2,14,67,7,2,12,3
R D dl ur L UL FS,2,14,67,7,2,12,3
R D L dl UL ur FS,2,14,67,7,2,14,3
R D L dl ur UL FS,2,14,67,7,2,14,3
R D L ur dl UL FS,2,14,67,7,2,12,3
R D L ur UL dl FS,2,14,67,7,2,12,3
R D ur dl L UL FS,2,14,67,7,2,12,3
R D ur L dl UL FS,2,14,67,7,2,12,3
R D ur L UL dl FS,2,14,67,7,2,10,3
R dl D L UL ur FS,2,14,67,7,2,12,3
R dl D L ur UL FS,2,14,67,7,2,12,3
R dl D UL L ur FS,2,14,67,7,2,12,3
R dl D ur L UL FS,2,14,67,7,2,10,3
R dl L D UL ur FS,2,14,67,7,2,14,3
R dl L D ur UL FS,2,14,67,7,2,12,3
R dl L UL D ur FS,2,14,67,7,2,12,3
R dl L ur D UL FS,2,14,67,7,2,12,3
R dl UL D L ur FS,2,14,67,7,2,12,3
R dl UL L D ur FS,2,14,67,7,2,10,3
R dl ur D L UL FS,2,14,67,7,2,10,3
R dl ur L D UL FS,2,14,67,7,2,12,3
R L D dl UL ur FS,2,14,67,7,2,16,4
R L D dl ur UL FS,2,14,67,7,2,16,4
R L D ur dl UL FS,2,14,67,7,2,14,4
R L D ur UL dl FS,2,14,67,7,2,14,4
R L dl D UL ur FS,2,14,67,7,2,18,4
R L dl D ur UL FS,2,14,67,7,2,16,4
R L dl UL D ur FS,2,14,67,7,2,16,4
R L dl ur D UL FS,2,14,67,7,2,16,4
R L ur D dl UL FS,2,14,67,7,2,14,4
R L ur D UL dl FS,2,14,67,7,2,14,4
R L ur dl D UL FS,2,14,67,7,2,16,4
R ur D dl L UL FS,2,14,67,7,2,14,3
R ur D L dl UL FS,2,14,67,7,2,14,3
R ur D L UL dl FS,2,14,67,7,2,12,3
R ur dl D L UL FS,2,14,67,7,2,14,3
R ur dl L D UL FS,2,14,67,7,2,16,3
R ur L D dl UL FS,2,14,67,7,2,14,3
R ur L D UL dl FS,2,14,67,7,2,14,3
R ur L dl D UL FS,2,14,67,7,2,16,3
UL D dl L FS R ur,2,14,67,7,2,16,3
UL D dl L R FS ur,2,14,67,7,2,18,4
UL D dl R L FS ur,2,14,67,7,2,16,4
UL D L dl FS R ur,2,14,67,7,2,16,3
UL D L dl R FS ur,2,14,67,7,2,14,3
UL D L FS dl R ur,2,14,67,7,2,14,3
UL D L FS R dl ur,2,14,67,7,2,12,3
UL dl D L FS R ur,2,14,67,7,2,14,3
UL dl D L R FS ur,2,14,67,7,2,16,4
UL dl D R L FS ur,2,14,67,7,2,16,4
UL dl L D FS R ur,2,14,67,7,2,14,3
UL dl L D R FS ur,2,14,67,7,2,14,3
UL dl L FS D R ur,2,14,67,7,2,14,3
UL dl L R D FS ur,2,14,67,7,2,16,4
UL dl R D L FS ur,2,14,67,7,2,12,3
UL dl R L D FS ur,2,14,67,7,2,14,4
UL L D dl FS R ur,2,14,67,7,2,14,3
UL L D dl R FS ur,2,14,67,7,2,12,3
UL L D FS dl R ur,2,14,67,7,2,12,3
UL L D FS R dl ur,2,14,67,7,2,10,2
UL L dl D FS R ur,2,14,67,7,2,14,3
UL L dl D R FS ur,2,14,67,7,2,14,3
UL L dl FS D R ur,2,14,67,7,2,14,3
UL L dl R D FS ur,2,14,67,7,2,12,3
UL L FS D dl R ur,2,14,67,7,2,12,3
UL L FS D R dl ur,2,14,67,7,2,10,2
UL L FS dl D R ur,2,14,67,7,2,14,3
ur D dl L R UL FS,2,14,67,7,2,17,4
ur D dl R L UL FS,2,14,67,7,2,13,4
ur D L dl R UL FS,2,14,67,7,2,13,3
ur D L R dl UL FS,2,14,67,7,2,13,4
ur D L R UL dl FS,2,14,67,7,2,15,4
ur D L UL R dl FS,2,14,67,7,2,11,3
ur D R dl L UL FS,2,14,67,7,2,11,3
ur D R L dl UL FS,2,14,67,7,2,15,4
ur D R L UL dl FS,2,14,67,7,2,13,4
ur dl D L R UL FS,2,14,67,7,2,17,4
ur dl D R L UL FS,2,14,67,7,2,15,4
ur dl L D R UL FS,2,14,67,7,2,15,3
ur dl L R D UL FS,2,14,67,7,2,17,4
ur dl R D L UL FS,2,14,67,7,2,11,3
ur dl R L D UL FS,2,14,67,7,2,15,4
ur L D dl R UL FS,2,14,67,7,2,13,3
ur L D R dl UL FS,2,14,67,7,2,11,3
ur L D R UL dl FS,2,14,67,7,2,13,3
ur L D UL R dl FS,2,14,67,7,2,13,3
ur L dl D R UL FS,2,14,67,7,2,15,3
ur L dl R D UL FS,2,14,67,7,2,13,3
ur L R D dl UL FS,2,14,67,7,2,15,4
ur L R D UL dl FS,2,14,67,7,2,15,4
ur L R dl D UL FS,2,14,67,7,2,15,4
ur R D dl L UL FS,2,14,67,7,2,15,3
ur R D L dl UL FS,2,14,67,7,2,15,3
ur R D L UL dl FS,2,14,67,7,2,13,3
ur R dl D L UL FS,2,14,67,7,2,13,3
ur R dl L D UL FS,2,14,67,7,2,15,3
ur R L D dl UL FS,2,14,67,7,2,17,4
ur R L D UL dl FS,2,14,67,7,2,17,4
ur R L dl D UL FS,2,14,67,7,2,19,4
D dl R FS UL ur L,2,14,67,8,2,12,3
D dl R FS ur UL L,2,14,67,8,2,12,3
D dl R UL FS ur L,2,14,67,8,2,14,3
D dl R UL ur FS L,2,14,67,8,2,14,3
D dl R ur FS UL L,2,14,67,8,2,14,3
D dl R ur UL FS L,2,14,67,8,2,14,3
D dl ur R FS UL L,2,14,67,8,2,14,3
D dl ur R UL FS L,2,14,67,8,2,16,3
D R dl FS UL ur L,2,14,67,8,2,12,3
D R dl FS ur UL L,2,14,67,8,2,12,3
D R dl UL FS ur L,2,14,67,8,2,12,3
D R dl UL ur FS L,2,14,67,8,2,12,3
D R dl ur FS UL L,2,14,67,8,2,12,3
D R dl ur UL FS L,2,14,67,8,2,12,3
D R FS dl UL ur L,2,14,67,8,2,12,3
D R FS dl ur UL L,2,14,67,8,2,12,3
D R FS ur dl UL L,2,14,67,8,2,12,3
D R ur dl FS UL L,2,14,67,8,2,14,3
D R ur dl UL FS L,2,14,67,8,2,14,3
D R ur FS dl UL L,2,14,67,8,2,14,3
D ur dl R FS UL L,2,14,67,8,2,10,3
D ur dl R UL FS L,2,14,67,8,2,12,3
D ur R dl FS UL L,2,14,67,8,2,12,3
D ur R dl UL FS L,2,14,67,8,2,12,3
D ur R FS dl UL L,2,14,67,8,2,12,3
dl D R FS UL ur L,2,14,67,8,2,13,3
dl D R FS ur UL L,2,14,67,8,2,13,3
dl D R UL FS ur L,2,14,67,8,2,15,3
dl D R UL ur FS L,2,14,67,8,2,15,3
dl D R ur FS UL L,2,14,67,8,2,15,3
dl D R ur UL FS L,2,14,67,8,2,15,3
dl D ur R FS UL L,2,14,67,8,2,13,3
dl D ur R UL FS L,2,14,67,8,2,15,3
dl FS L R D ur UL,2,14,67,8,2,14,4
dl FS L R UL ur D,2,14,67,8,2,15,4
dl FS L R ur D UL,2,14,67,8,2,16,4
dl FS L R ur UL D,2,14,67,8,2,17,4
dl FS L ur R D UL,2,14,67,8,2,14,3
dl FS L ur R UL D,2,14,67,8,2,15,3
dl FS R D L ur UL,2,14,67,8,2,12,3
dl FS R D ur L UL,2,14,67,8,2,10,3
dl FS R L D ur UL,2,14,67,8,2,14,4
dl FS R L UL ur D,2,14,67,8,2,13,4
dl FS R L ur D UL,2,14,67,8,2,14,4
dl FS R L ur UL D,2,14,67,8,2,15,4
dl FS R ur D L UL,2,14,67,8,2,12,3
dl FS R ur L D UL,2,14,67,8,2,14,3
dl FS R ur L UL D,2,14,67,8,2,13,3
dl FS ur L R D UL,2,14,67,8,2,16,4
dl FS ur L R UL D,2,14,67,8,2,17,4
dl FS ur R D L UL,2,14,67,8,2,14,3
dl FS ur R L D UL,2,14,67,8,2,18,4
dl FS ur R L UL D,2,14,67,8,2,17,4
dl L FS R D ur UL,2,14,67,8,2,12,3
dl L FS R UL ur D,2,14,67,8,2,13,3
dl L FS R ur D UL,2,14,67,8,2,14,3
dl L FS R ur UL D,2,14,67,8,2,15,3
dl L FS ur R D UL,2,14,67,8,2,16,3
dl L FS ur R UL D,2,14,67,8,2,17,3
dl L R FS D ur UL,2,14,67,8,2,14,4
dl L R FS UL ur D,2,14,67,8,2,15,4
dl L R FS ur D UL,2,14,67,8,2,16,4
dl L R FS ur UL D,2,14,67,8,2,17,4
dl L R UL FS ur D,2,14,67,8,2,17,4
dl L R UL ur FS D,2,14,67,8,2,17,4
dl L R ur FS D UL,2,14,67,8,2,18,4
dl L R ur FS UL D,2,14,67,8,2,19,4
dl L R ur UL FS D,2,14,67,8,2,17,4
dl L ur FS R D UL,2,14,67,8,2,14,3
dl L ur FS R UL D,2,14,67,8,2,15,3
dl L ur R FS D UL,2,14,67,8,2,14,3
dl L ur R FS UL D,2,14,67,8,2,15,3
dl L ur R UL FS D,2,14,67,8,2,15,3
dl R D FS UL ur L,2,14,67,8,2,11,3
dl R D FS ur UL L,2,14,67,8,2,11,3
dl R D UL FS ur L,2,14,67,8,2,13,3
dl R D UL ur FS L,2,14,67,8,2,13,3
dl R D ur FS UL L,2,14,67,8,2,11,3
dl R D ur UL FS L,2,14,67,8,2,11,3
dl R FS D L ur UL,2,14,67,8,2,10,2
dl R FS D ur L UL,2,14,67,8,2,8,2
dl R FS L D ur UL,2,14,67,8,2,10,2
dl R FS L UL ur D,2,14,67,8,2,9,2
dl R FS L ur D UL,2,14,67,8,2,10,3
dl R FS L ur UL D,2,14,67,8,2,11,3
dl R FS ur D L UL,2,14,67,8,2,10,3
dl R FS ur L D UL,2,14,67,8,2,12,3
dl R FS ur L UL D,2,14,67,8,2,11,3
dl R L FS D ur UL,2,14,67,8,2,12,4
dl R L FS UL ur D,2,14,67,8,2,13,4
dl R L FS ur D UL,2,14,67,8,2,14,4
dl R L FS ur UL D,2,14,67,8,2,15,4
dl R L UL FS ur D,2,14,67,8,2,13,4
dl R L UL ur FS D,2,14,67,8,2,13,4
dl R L ur FS D UL,2,14,67,8,2,14,4
dl R L ur FS UL D,2,14,67,8,2,15,4
dl R L ur UL FS D,2,14,67,8,2,13,4
dl R UL D FS ur L,2,14,67,8,2,13,3
dl R UL D ur FS L,2,14,67,8,2,13,3
dl R UL L FS ur D,2,14,67,8,2,11,3
dl R UL L ur FS D,2,14,67,8,2,11,3
dl R UL ur D FS L,2,14,67,8,2,11,3
dl R UL ur L FS D,2,14,67,8,2,11,3
dl R ur D FS UL L,2,14,67,8,2,11,3
dl R ur D UL FS L,2,14,67,8,2,13,3
dl R ur FS D L UL,2,14,67,8,2,12,3
dl R ur FS L D UL,2,14,67,8,2,14,3
dl R ur FS L UL D,2,14,67,8,2,13,3
dl R ur L FS D UL,2,14,67,8,2,12,3
dl R ur L FS UL D,2,14,67,8,2,13,3
dl R ur L UL FS D,2,14,67,8,2,11,3
dl R ur UL D FS L,2,14,67,8,2,13,3
dl R ur UL L FS D,2,14,67,8,2,11,3
dl ur D R FS UL L,2,14,67,8,2,11,3
dl ur D R UL FS L,2,14,67,8,2,13,3
dl ur FS L R D UL,2,14,67,8,2,16,4
dl ur FS L R UL D,2,14,67,8,2,17,4
dl ur FS R D L UL,2,14,67,8,2,12,3
dl ur FS R L D UL,2,14,67,8,2,16,4
dl ur FS R L UL D,2,14,67,8,2,15,4
dl ur L FS R D UL,2,14,67,8,2,12,3
dl ur L FS R UL D,2,14,67,8,2,13,3
dl ur L R FS D UL,2,14,67,8,2,14,4
dl ur L R FS UL D,2,14,67,8,2,15,4
dl ur L R UL FS D,2,14,67,8,2,15,4
dl ur R D FS UL L,2,14,67,8,2,13,3
dl ur R D UL FS L,2,14,67,8,2,15,3
dl ur R FS D L UL,2,14,67,8,2,12,3
dl ur R FS L D UL,2,14,67,8,2,14,3
dl ur R FS L UL D,2,14,67,8,2,13,3
dl ur R L FS D UL,2,14,67,8,2,16,4
dl ur R L FS UL D,2,14,67,8,2,17,4
dl ur R L UL FS D,2,14,67,8,2,15,4
dl ur R UL D FS L,2,14,67,8,2,15,3
dl ur R UL L FS D,2,14,67,8,2,13,3
FS dl L R D ur UL,2,14,67,8,2,15,4
FS dl L R UL ur D,2,14,67,8,2,16,4
FS dl L R ur D UL,2,14,67,8,2,17,4
FS dl L R ur UL D,2,14,67,8,2,18,4
FS dl L ur R D UL,2,14,67,8,2,15,3
FS dl L ur R UL D,2,14,67,8,2,16,3
FS dl R D L ur UL,2,14,67,8,2,11,3
FS dl R D ur L UL,2,14,67,8,2,9,3
FS dl R L D ur UL,2,14,67,8,2,13,4
FS dl R L UL ur D,2,14,67,8,2,12,4
FS dl R L ur D UL,2,14,67,8,2,13,4
FS dl R L ur UL D,2,14,67,8,2,14,4
FS dl R ur D L UL,2,14,67,8,2,11,3
FS dl R ur L D UL,2,14,67,8,2,13,3
FS dl R ur L UL D,2,14,67,8,2,12,3
FS dl ur L R D UL,2,14,67,8,2,15,4
FS dl ur L R UL D,2,14,67,8,2,16,4
FS dl ur R D L UL,2,14,67,8,2,13,3
FS dl ur R L D UL,2,14,67,8,2,17,4
FS dl ur R L UL D,2,14,67,8,2,16,4
FS L dl R D ur UL,2,14,67,8,2,11,3
FS L dl R UL ur D,2,14,67,8,2,12,3
FS L dl R ur D UL,2,14,67,8,2,13,3
FS L dl R ur UL D,2,14,67,8,2,14,3
FS L dl ur R D UL,2,14,67,8,2,15,3
FS L dl ur R UL D,2,14,67,8,2,16,3
FS L R D dl ur UL,2,14,67,8,2,15,4
FS L R D ur dl UL,2,14,67,8,2,13,4
FS L R dl D ur UL,2,14,67,8,2,13,4
FS L R dl UL ur D,2,14,67,8,2,12,4
FS L R dl ur D UL,2,14,67,8,2,13,4
FS L R dl ur UL D,2,14,67,8,2,14,4
FS L R UL dl ur D,2,14,67,8,2,14,4
FS L R UL ur dl D,2,14,67,8,2,16,4
FS L R ur D dl UL,2,14,67,8,2,15,4
FS L R ur dl D UL,2,14,67,8,2,17,4
FS L R ur dl UL D,2,14,67,8,2,16,4
FS L R ur UL dl D,2,14,67,8,2,16,4
FS L UL R dl ur D,2,14,67,8,2,10,3
FS L UL R ur dl D,2,14,67,8,2,14,3
FS L UL ur R dl D,2,14,67,8,2,12,3
FS L ur dl R D UL,2,14,67,8,2,11,3
FS L ur dl R UL D,2,14,67,8,2,12,3
FS L ur R D dl UL,2,14,67,8,2,13,3
FS L ur R dl D UL,2,14,67,8,2,13,3
FS L ur R dl UL D,2,14,67,8,2,12,3
FS L ur R UL dl D,2,14,67,8,2,14,3
FS L ur UL R dl D,2,14,67,8,2,12,3
FS R D dl L ur UL,2,14,67,8,2,13,3
FS R D dl ur L UL,2,14,67,8,2,11,3
FS R D L dl ur UL,2,14,67,8,2,13,3
FS R D L ur dl UL,2,14,67,8,2,11,2
FS R D ur dl L UL,2,14,67,8,2,11,3
FS R D ur L dl UL,2,14,67,8,2,11,3
FS R dl D L ur UL,2,14,67,8,2,11,3
FS R dl D ur L UL,2,14,67,8,2,9,3
FS R dl L D ur UL,2,14,67,8,2,11,3
FS R dl L UL ur D,2,14,67,8,2,10,3
FS R dl L ur D UL,2,14,67,8,2,11,3
FS R dl L ur UL D,2,14,67,8,2,12,3
FS R dl ur D L UL,2,14,67,8,2,9,2
FS R dl ur L D UL,2,14,67,8,2,11,3
FS R dl ur L UL D,2,14,67,8,2,10,3
FS R L D dl ur UL,2,14,67,8,2,15,4
FS R L D ur dl UL,2,14,67,8,2,13,4
FS R L dl D ur UL,2,14,67,8,2,15,4
FS R L dl UL ur D,2,14,67,8,2,14,4
FS R L dl ur D UL,2,14,67,8,2,15,4
FS R L dl ur UL D,2,14,67,8,2,16,4
FS R L UL dl ur D,2,14,67,8,2,12,4
FS R L UL ur dl D,2,14,67,8,2,14,4
FS R L ur D dl UL,2,14,67,8,2,13,4
FS R L ur dl D UL,2,14,67,8,2,15,4
FS R L ur dl UL D,2,14,67,8,2,14,4
FS R L ur UL dl D,2,14,67,8,2,14,4
FS R ur D dl L UL,2,14,67,8,2,13,3
FS R ur D L dl UL,2,14,67,8,2,13,3
FS R ur dl D L UL,2,14,67,8,2,13,3
FS R ur dl L D UL,2,14,67,8,2,15,3
FS R ur dl L UL D,2,14,67,8,2,14,3
FS R ur L D dl UL,2,14,67,8,2,13,3
FS R ur L dl D UL,2,14,67,8,2,15,3
FS R ur L dl UL D,2,14,67,8,2,14,3
FS R ur L UL dl D,2,14,67,8,2,12,3
FS ur dl L R D UL,2,14,67,8,2,17,4
FS ur dl L R UL D,2,14,67,8,2,18,4
FS ur dl R D L UL,2,14,67,8,2,11,3
FS ur dl R L D UL,2,14,67,8,2,15,4
FS ur dl R L UL D,2,14,67,8,2,14,4
FS ur L dl R D UL,2,14,67,8,2,13,3
FS ur L dl R UL D,2,14,67,8,2,14,3
FS ur L R D dl UL,2,14,67,8,2,15,4
FS ur L R dl D UL,2,14,67,8,2,15,4
FS ur L R dl UL D,2,14,67,8,2,14,4
FS ur L R UL dl D,2,14,67,8,2,16,4
FS ur L UL R dl D,2,14,67,8,2,12,3
FS ur R D dl L UL,2,14,67,8,2,15,3
FS ur R D L dl UL,2,14,67,8,2,15,3
FS ur R dl D L UL,2,14,67,8,2,13,3
FS ur R dl L D UL,2,14,67,8,2,15,3
FS ur R dl L UL D,2,14,67,8,2,14,3
FS ur R L D dl UL,2,14,67,8,2,17,4
FS ur R L dl D UL,2,14,67,8,2,19,4
FS ur R L dl UL D,2,14,67,8,2,18,4
FS ur R L UL dl D,2,14,67,8,2,16,4
L dl FS R D ur UL,2,14,67,8,2,13,3
L dl FS R UL ur D,2,14,67,8,2,14,3
L dl FS R ur D UL,2,14,67,8,2,15,3
L dl FS R ur UL D,2,14,67,8,2,16,3
L dl FS ur R D UL,2,14,67,8,2,17,3
L dl FS ur R UL D,2,14,67,8,2,18,3
L dl R FS D ur UL,2,14,67,8,2,11,3
L dl R FS UL ur D,2,14,67,8,2,12,3
L dl R FS ur D UL,2,14,67,8,2,13,3
L dl R FS ur UL D,2,14,67,8,2,14,3
L dl R UL FS ur D,2,14,67,8,2,14,3
L dl R UL ur FS D,2,14,67,8,2,14,3
L dl R ur FS D UL,2,14,67,8,2,15,3
L dl R ur FS UL D,2,14,67,8,2,16,3
L dl R ur UL FS D,2,14,67,8,2,14,3
L dl ur FS R D UL,2,14,67,8,2,15,3
L dl ur FS R UL D,2,14,67,8,2,16,3
L dl ur R FS D UL,2,14,67,8,2,15,3
L dl ur R FS UL D,2,14,67,8,2,16,3
L dl ur R UL FS D,2,14,67,8,2,16,3
L FS dl R D ur UL,2,14,67,8,2,11,3
L FS dl R UL ur D,2,14,67,8,2,12,3
L FS dl R ur D UL,2,14,67,8,2,13,3
L FS dl R ur UL D,2,14,67,8,2,14,3
L FS dl ur R D UL,2,14,67,8,2,15,3
L FS dl ur R UL D,2,14,67,8,2,16,3
L FS R D dl ur UL,2,14,67,8,2,13,3
L FS R D ur dl UL,2,14,67,8,2,11,2
L FS R dl D ur UL,2,14,67,8,2,11,3
L FS R dl UL ur D,2,14,67,8,2,10,2
L FS R dl ur D UL,2,14,67,8,2,11,3
L FS R dl ur UL D,2,14,67,8,2,12,3
L FS R UL dl ur D,2,14,67,8,2,12,3
L FS R UL ur dl D,2,14,67,8,2,14,3
L FS R ur D dl UL,2,14,67,8,2,13,3
L FS R ur dl D UL,2,14,67,8,2,15,3
L FS R ur dl UL D,2,14,67,8,2,14,3
L FS R ur UL dl D,2,14,67,8,2,14,3
L FS UL R dl ur D,2,14,67,8,2,12,3
L FS UL R ur dl D,2,14,67,8,2,16,3
L FS UL ur R dl D,2,14,67,8,2,14,3
L FS ur dl R D UL,2,14,67,8,2,13,3
L FS ur dl R UL D,2,14,67,8,2,14,3
L FS ur R D dl UL,2,14,67,8,2,15,3
L FS ur R dl D UL,2,14,67,8,2,15,3
L FS ur R dl UL D,2,14,67,8,2,14,3
L FS ur R UL dl D,2,14,67,8,2,16,3
L FS ur UL R dl D,2,14,67,8,2,14,3
L R dl FS D ur UL,2,14,67,8,2,13,4
L R dl FS UL ur D,2,14,67,8,2,14,4
L R dl FS ur D UL,2,14,67,8,2,15,4
L R dl FS ur UL D,2,14,67,8,2,16,4
L R dl UL FS ur D,2,14,67,8,2,14,4
L R dl UL ur FS D,2,14,67,8,2,14,4
L R dl ur FS D UL,2,14,67,8,2,15,4
L R dl ur FS UL D,2,14,67,8,2,16,4
L R dl ur UL FS D,2,14,67,8,2,14,4
L R FS D dl ur UL,2,14,67,8,2,15,4
L R FS D ur dl UL,2,14,67,8,2,13,4
L R FS dl D ur UL,2,14,67,8,2,15,4
L R FS dl UL ur D,2,14,67,8,2,14,4
L R FS dl ur D UL,2,14,67,8,2,15,4
L R FS dl ur UL D,2,14,67,8,2,16,4
L R FS UL dl ur D,2,14,67,8,2,14,4
L R FS UL ur dl D,2,14,67,8,2,16,4
L R FS ur D dl UL,2,14,67,8,2,15,4
L R FS ur dl D UL,2,14,67,8,2,17,4
L R FS ur dl UL D,2,14,67,8,2,16,4
L R FS ur UL dl D,2,14,67,8,2,16,4
L R ur dl FS D UL,2,14,67,8,2,17,4
L R ur dl FS UL D,2,14,67,8,2,18,4
L R ur dl UL FS D,2,14,67,8,2,16,4
L R ur FS D dl UL,2,14,67,8,2,17,4
L R ur FS dl D UL,2,14,67,8,2,19,4
L R ur FS dl UL D,2,14,67,8,2,18,4
L R ur FS UL dl D,2,14,67,8,2,18,4
L ur dl FS R D UL,2,14,67,8,2,13,3
L ur dl FS R UL D,2,14,67,8,2,14,3
L ur dl R FS D UL,2,14,67,8,2,11,3
L ur dl R FS UL D,2,14,67,8,2,12,3
L ur dl R UL FS D,2,14,67,8,2,12,3
L ur FS dl R D UL,2,14,67,8,2,13,3
L ur FS dl R UL D,2,14,67,8,2,14,3
L ur FS R D dl UL,2,14,67,8,2,13,3
L ur FS R dl D UL,2,14,67,8,2,13,3
L ur FS R dl UL D,2,14,67,8,2,12,3
L ur FS R UL dl D,2,14,67,8,2,14,3
L ur FS UL R dl D,2,14,67,8,2,14,3
L ur R dl FS D UL,2,14,67,8,2,13,3
L ur R dl FS UL D,2,14,67,8,2,14,3
L ur R dl UL FS D,2,14,67,8,2,12,3
L ur R FS D dl UL,2,14,67,8,2,13,3
L ur R FS dl D UL,2,14,67,8,2,15,3
L ur R FS dl UL D,2,14,67,8,2,14,3
L ur R FS UL dl D,2,14,67,8,2,14,3
R D dl FS UL ur L,2,14,67,8,2,14,3
R D dl FS ur UL L,2,14,67,8,2,14,3
R D dl UL FS ur L,2,14,67,8,2,14,3
R D dl UL ur FS L,2,14,67,8,2,14,3
R D dl ur FS UL L,2,14,67,8,2,14,3
R D dl ur UL FS L,2,14,67,8,2,14,3
R D FS dl UL ur L,2,14,67,8,2,12,3
R D FS dl ur UL L,2,14,67,8,2,12,3
R D FS ur dl UL L,2,14,67,8,2,12,3
R D ur dl FS UL L,2,14,67,8,2,12,3
R D ur dl UL FS L,2,14,67,8,2,12,3
R D ur FS dl UL L,2,14,67,8,2,12,3
R dl D FS UL ur L,2,14,67,8,2,12,3
R dl D FS ur UL L,2,14,67,8,2,12,3
R dl D UL FS ur L,2,14,67,8,2,14,3
R dl D UL ur FS L,2,14,67,8,2,14,3
R dl D ur FS UL L,2,14,67,8,2,12,3
R dl D ur UL FS L,2,14,67,8,2,12,3
R dl FS D L ur UL,2,14,67,8,2,11,3
R dl FS D ur L UL,2,14,67,8,2,9,3
R dl FS L D ur UL,2,14,67,8,2,11,3
R dl FS L UL ur D,2,14,67,8,2,10,3
R dl FS L ur D UL,2,14,67,8,2,11,3
R dl FS L ur UL D,2,14,67,8,2,12,3
R dl FS ur D L UL,2,14,67,8,2,11,3
R dl FS ur L D UL,2,14,67,8,2,13,3
R dl FS ur L UL D,2,14,67,8,2,12,3
R dl L FS D ur UL,2,14,67,8,2,11,3
R dl L FS UL ur D,2,14,67,8,2,12,3
R dl L FS ur D UL,2,14,67,8,2,13,3
R dl L FS ur UL D,2,14,67,8,2,14,3
R dl L UL FS ur D,2,14,67,8,2,12,3
R dl L UL ur FS D,2,14,67,8,2,12,3
R dl L ur FS D UL,2,14,67,8,2,13,3
R dl L ur FS UL D,2,14,67,8,2,14,3
R dl L ur UL FS D,2,14,67,8,2,12,3
R dl UL D FS ur L,2,14,67,8,2,12,3
R dl UL D ur FS L,2,14,67,8,2,12,3
R dl UL L FS ur D,2,14,67,8,2,10,3
R dl UL L ur FS D,2,14,67,8,2,10,3
R dl UL ur D FS L,2,14,67,8,2,10,2
R dl UL ur L FS D,2,14,67,8,2,10,2
R dl ur D FS UL L,2,14,67,8,2,10,3
R dl ur D UL FS L,2,14,67,8,2,12,3
R dl ur FS D L UL,2,14,67,8,2,11,3
R dl ur FS L D UL,2,14,67,8,2,13,3
R dl ur FS L UL D,2,14,67,8,2,12,3
R dl ur L FS D UL,2,14,67,8,2,11,3
R dl ur L FS UL D,2,14,67,8,2,12,3
R dl ur L UL FS D,2,14,67,8,2,10,3
R dl ur UL D FS L,2,14,67,8,2,12,3
R dl ur UL L FS D,2,14,67,8,2,10,2
R FS D dl L ur UL,2,14,67,8,2,13,3
R FS D dl ur L UL,2,14,67,8,2,11,3
R FS D L dl ur UL,2,14,67,8,2,13,3
R FS D L ur dl UL,2,14,67,8,2,11,2
R FS D ur dl L UL,2,14,67,8,2,11,3
R FS D ur L dl UL,2,14,67,8,2,11,3
R FS dl D L ur UL,2,14,67,8,2,13,3
R FS dl D ur L UL,2,14,67,8,2,11,3
R FS dl L D ur UL,2,14,67,8,2,13,3
R FS dl L UL ur D,2,14,67,8,2,12,3
R FS dl L ur D UL,2,14,67,8,2,13,3
R FS dl L ur UL D,2,14,67,8,2,14,3
R FS dl ur D L UL,2,14,67,8,2,11,3
R FS dl ur L D UL,2,14,67,8,2,13,3
R FS dl ur L UL D,2,14,67,8,2,12,3
R FS L D dl ur UL,2,14,67,8,2,13,3
R FS L D ur dl UL,2,14,67,8,2,11,2
R FS L dl D ur UL,2,14,67,8,2,13,3
R FS L dl UL ur D,2,14,67,8,2,12,3
R FS L dl ur D UL,2,14,67,8,2,13,3
R FS L dl ur UL D,2,14,67,8,2,14,3
R FS L UL dl ur D,2,14,67,8,2,10,2
R FS L UL ur dl D,2,14,67,8,2,12,3
R FS L ur D dl UL,2,14,67,8,2,11,3
R FS L ur dl D UL,2,14,67,8,2,13,3
R FS L ur dl UL D,2,14,67,8,2,12,3
R FS L ur UL dl D,2,14,67,8,2,12,3
R FS ur D dl L UL,2,14,67,8,2,13,3
R FS ur D L dl UL,2,14,67,8,2,13,3
R FS ur dl D L UL,2,14,67,8,2,13,3
R FS ur dl L D UL,2,14,67,8,2,15,3
R FS ur dl L UL D,2,14,67,8,2,14,3
R FS ur L D dl UL,2,14,67,8,2,13,3
R FS ur L dl D UL,2,14,67,8,2,15,3
R FS ur L dl UL D,2,14,67,8,2,14,3
R FS ur L UL dl D,2,14,67,8,2,12,3
R L dl FS D ur UL,2,14,67,8,2,15,4
R L dl FS UL ur D,2,14,67,8,2,16,4
R L dl FS ur D UL,2,14,67,8,2,17,4
R L dl FS ur UL D,2,14,67,8,2,18,4
R L dl UL FS ur D,2,14,67,8,2,16,4
R L dl UL ur FS D,2,14,67,8,2,16,4
R L dl ur FS D UL,2,14,67,8,2,17,4
R L dl ur FS UL D,2,14,67,8,2,18,4
R L dl ur UL FS D,2,14,67,8,2,16,4
R L FS D dl ur UL,2,14,67,8,2,15,4
R L FS D ur dl UL,2,14,67,8,2,13,4
R L FS dl D ur UL,2,14,67,8,2,15,4
R L FS dl UL ur D,2,14,67,8,2,14,4
R L FS dl ur D UL,2,14,67,8,2,15,4
R L FS dl ur UL D,2,14,67,8,2,16,4
R L FS UL dl ur D,2,14,67,8,2,14,4
R L FS UL ur dl D,2,14,67,8,2,16,4
R L FS ur D dl UL,2,14,67,8,2,15,4
R L FS ur dl D UL,2,14,67,8,2,17,4
R L FS ur dl UL D,2,14,67,8,2,16,4
R L FS ur UL dl D,2,14,67,8,2,16,4
R L ur dl FS D UL,2,14,67,8,2,15,4
R L ur dl FS UL D,2,14,67,8,2,16,4
R L ur dl UL FS D,2,14,67,8,2,14,4
R L ur FS D dl UL,2,14,67,8,2,15,4
R L ur FS dl D UL,2,14,67,8,2,17,4
R L ur FS dl UL D,2,14,67,8,2,16,4
R L ur FS UL dl D,2,14,67,8,2,16,4
R ur D dl FS UL L,2,14,67,8,2,14,3
R ur D dl UL FS L,2,14,67,8,2,14,3
R ur D FS dl UL L,2,14,67,8,2,12,3
R ur dl D FS UL L,2,14,67,8,2,14,3
R ur dl D UL FS L,2,14,67,8,2,16,3
R ur dl FS D L UL,2,14,67,8,2,13,3
R ur dl FS L D UL,2,14,67,8,2,15,3
R ur dl FS L UL D,2,14,67,8,2,14,3
R ur dl L FS D UL,2,14,67,8,2,15,3
R ur dl L FS UL D,2,14,67,8,2,16,3
R ur dl L UL FS D,2,14,67,8,2,14,3
R ur dl UL D FS L,2,14,67,8,2,14,3
R ur dl UL L FS D,2,14,67,8,2,12,3
R ur FS D dl L UL,2,14,67,8,2,15,3
R ur FS D L dl UL,2,14,67,8,2,15,3
R ur FS dl D L UL,2,14,67,8,2,15,3
R ur FS dl L D UL,2,14,67,8,2,17,3
R ur FS dl L UL D,2,14,67,8,2,16,3
R ur FS L D dl UL,2,14,67,8,2,15,3
R ur FS L dl D UL,2,14,67,8,2,17,3
R ur FS L dl UL D,2,14,67,8,2,16,3
R ur FS L UL dl D,2,14,67,8,2,14,3
R ur L dl FS D UL,2,14,67,8,2,15,3
R ur L dl FS UL D,2,14,67,8,2,16,3
R ur L dl UL FS D,2,14,67,8,2,14,3
R ur L FS D dl UL,2,14,67,8,2,13,3
R ur L FS dl D UL,2,14,67,8,2,15,3
R ur L FS dl UL D,2,14,67,8,2,14,3
R ur L FS UL dl D,2,14,67,8,2,14,3
ur D dl R FS UL L,2,14,67,8,2,11,3
ur D dl R UL FS L,2,14,67,8,2,13,3
ur D R dl FS UL L,2,14,67,8,2,11,3
ur D R dl UL FS L,2,14,67,8,2,11,3
ur D R FS dl UL L,2,14,67,8,2,11,3
ur dl D R FS UL L,2,14,67,8,2,13,3
ur dl D R UL FS L,2,14,67,8,2,15,3
ur dl FS L R D UL,2,14,67,8,2,16,4
ur dl FS L R UL D,2,14,67,8,2,17,4
ur dl FS R D L UL,2,14,67,8,2,12,3
ur dl FS R L D UL,2,14,67,8,2,16,4
ur dl FS R L UL D,2,14,67,8,2,15,4
ur dl L FS R D UL,2,14,67,8,2,14,3
ur dl L FS R UL D,2,14,67,8,2,15,3
ur dl L R FS D UL,2,14,67,8,2,16,4
ur dl L R FS UL D,2,14,67,8,2,17,4
ur dl L R UL FS D,2,14,67,8,2,17,4
ur dl R D FS UL L,2,14,67,8,2,11,3
ur dl R D UL FS L,2,14,67,8,2,13,3
ur dl R FS D L UL,2,14,67,8,2,10,2
ur dl R FS L D UL,2,14,67,8,2,12,3
ur dl R FS L UL D,2,14,67,8,2,11,3
ur dl R L FS D UL,2,14,67,8,2,14,4
ur dl R L FS UL D,2,14,67,8,2,15,4
ur dl R L UL FS D,2,14,67,8,2,13,4
ur dl R UL D FS L,2,14,67,8,2,13,3
ur dl R UL L FS D,2,14,67,8,2,11,3
ur FS dl L R D UL,2,14,67,8,2,18,4
ur FS dl L R UL D,2,14,67,8,2,19,4
ur FS dl R D L UL,2,14,67,8,2,12,3
ur FS dl R L D UL,2,14,67,8,2,16,4
ur FS dl R L UL D,2,14,67,8,2,15,4
ur FS L dl R D UL,2,14,67,8,2,14,3
ur FS L dl R UL D,2,14,67,8,2,15,3
ur FS L R D dl UL,2,14,67,8,2,16,4
ur FS L R dl D UL,2,14,67,8,2,16,4
ur FS L R dl UL D,2,14,67,8,2,15,4
ur FS L R UL dl D,2,14,67,8,2,17,4
ur FS L UL R dl D,2,14,67,8,2,13,3
ur FS R D dl L UL,2,14,67,8,2,14,3
ur FS R D L dl UL,2,14,67,8,2,14,3
ur FS R dl D L UL,2,14,67,8,2,12,3
ur FS R dl L D UL,2,14,67,8,2,14,3
ur FS R dl L UL D,2,14,67,8,2,13,3
ur FS R L D dl UL,2,14,67,8,2,16,4
ur FS R L dl D UL,2,14,67,8,2,18,4
ur FS R L dl UL D,2,14,67,8,2,17,4
ur FS R L UL dl D,2,14,67,8,2,15,4
ur L dl FS R D UL,2,14,67,8,2,14,3
ur L dl FS R UL D,2,14,67,8,2,15,3
ur L dl R FS D UL,2,14,67,8,2,12,3
ur L dl R FS UL D,2,14,67,8,2,13,3
ur L dl R UL FS D,2,14,67,8,2,13,3
ur L FS dl R D UL,2,14,67,8,2,12,3
ur L FS dl R UL D,2,14,67,8,2,13,3
ur L FS R D dl UL,2,14,67,8,2,12,3
ur L FS R dl D UL,2,14,67,8,2,12,3
ur L FS R dl UL D,2,14,67,8,2,11,3
ur L FS R UL dl D,2,14,67,8,2,13,3
ur L FS UL R dl D,2,14,67,8,2,13,3
ur L R dl FS D UL,2,14,67,8,2,14,4
ur L R dl FS UL D,2,14,67,8,2,15,4
ur L R dl UL FS D,2,14,67,8,2,13,4
ur L R FS D dl UL,2,14,67,8,2,14,4
ur L R FS dl D UL,2,14,67,8,2,16,4
ur L R FS dl UL D,2,14,67,8,2,15,4
ur L R FS UL dl D,2,14,67,8,2,15,4
ur R D dl FS UL L,2,14,67,8,2,15,3
ur R D dl UL FS L,2,14,67,8,2,15,3
ur R D FS dl UL L,2,14,67,8,2,13,3
ur R dl D FS UL L,2,14,67,8,2,13,3
ur R dl D UL FS L,2,14,67,8,2,15,3
ur R dl FS D L UL,2,14,67,8,2,12,3
ur R dl FS L D UL,2,14,67,8,2,14,3
ur R dl FS L UL D,2,14,67,8,2,13,3
ur R dl L FS D UL,2,14,67,8,2,14,3
ur R dl L FS UL D,2,14,67,8,2,15,3
ur R dl L UL FS D,2,14,67,8,2,13,3
ur R dl UL D FS L,2,14,67,8,2,13,3
ur R dl UL L FS D,2,14,67,8,2,11,3
ur R FS D dl L UL,2,14,67,8,2,14,3
ur R FS D L dl UL,2,14,67,8,2,14,3
ur R FS dl D L UL,2,14,67,8,2,14,3
ur R FS dl L D UL,2,14,67,8,2,16,3
ur R FS dl L UL D,2,14,67,8,2,15,3
ur R FS L D dl UL,2,14,67,8,2,14,3
ur R FS L dl D UL,2,14,67,8,2,16,3
ur R FS L dl UL D,2,14,67,8,2,15,3
ur R FS L UL dl D,2,14,67,8,2,13,3
ur R L dl FS D UL,2,14,67,8,2,18,4
ur R L dl FS UL D,2,14,67,8,2,19,4
ur R L dl UL FS D,2,14,67,8,2,17,4
ur R L FS D dl UL,2,14,67,8,2,16,4
ur R L FS dl D UL,2,14,67,8,2,18,4
ur R L FS dl UL D,2,14,67,8,2,17,4
ur R L FS UL dl D,2,14,67,8,2,17,4
D L R UL dl FS ur,2,14,69,8,2,17,4
D L R UL FS dl ur,2,14,69,8,2,17,4
D L UL R dl FS ur,2,14,69,8,2,13,3
D L UL R FS dl ur,2,14,69,8,2,13,3
D R L UL dl FS ur,2,14,69,8,2,15,4
D R L UL FS dl ur,2,14,69,8,2,15,4
D R UL dl L FS ur,2,14,69,8,2,15,3
D R UL L dl FS ur,2,14,69,8,2,15,3
D R UL L FS dl ur,2,14,69,8,2,13,3
D UL L R dl FS ur,2,14,69,8,2,15,4
D UL L R FS dl ur,2,14,69,8,2,15,4
D UL R dl L FS ur,2,14,69,8,2,15,3
D UL R L dl FS ur,2,14,69,8,2,19,4
D UL R L FS dl ur,2,14,69,8,2,17,4
L D R UL dl FS ur,2,14,69,8,2,15,3
L D R UL FS dl ur,2,14,69,8,2,15,3
L D UL R dl FS ur,2,14,69,8,2,15,3
L D UL R FS dl ur,2,14,69,8,2,15,3
L R D UL dl FS ur,2,14,69,8,2,17,4
L R D UL FS dl ur,2,14,69,8,2,17,4
L R UL D dl FS ur,2,14,69,8,2,19,4
L R UL D FS dl ur,2,14,69,8,2,17,4
L R UL dl D FS ur,2,14,69,8,2,17,4
L UL D R dl FS ur,2,14,69,8,2,13,3
L UL D R FS dl ur,2,14,69,8,2,13,3
L UL R D dl FS ur,2,14,69,8,2,15,3
L UL R D FS dl ur,2,14,69,8,2,13,3
L UL R dl D FS ur,2,14,69,8,2,13,3
R D L UL dl FS ur,2,14,69,8,2,13,3
R D L UL FS dl ur,2,14,69,8,2,13,3
R D UL dl L FS ur,2,14,69,8,2,15,3
R D UL L dl FS ur,2,14,69,8,2,15,3
R D UL L FS dl ur,2,14,69,8,2,13,3
R L D UL dl FS ur,2,14,69,8,2,17,4
R L D UL FS dl ur,2,14,69,8,2,17,4
R L UL D dl FS ur,2,14,69,8,2,17,4
R L UL D FS dl ur,2,14,69,8,2,15,4
R L UL dl D FS ur,2,14,69,8,2,15,4
R UL D dl L FS ur,2,14,69,8,2,17,3
R UL D L dl FS ur,2,14,69,8,2,17,3
R UL D L FS dl ur,2,14,69,8,2,15,3
R UL dl D L FS ur,2,14,69,8,2,15,3
R UL dl L D FS ur,2,14,69,8,2,15,3
R UL L D dl FS ur,2,14,69,8,2,15,3
R UL L D FS dl ur,2,14,69,8,2,13,3
R UL L dl D FS ur,2,14,69,8,2,15,3
UL D L R dl FS ur,2,14,69,8,2,16,4
UL D L R FS dl ur,2,14,69,8,2,16,4
UL D R dl L FS ur,2,14,69,8,2,14,3
UL D R L dl FS ur,2,14,69,8,2,18,4
UL D R L FS dl ur,2,14,69,8,2,16,4
UL L D R dl FS ur,2,14,69,8,2,12,3
UL L D R FS dl ur,2,14,69,8,2,12,3
UL L R D dl FS ur,2,14,69,8,2,16,4
UL L R D FS dl ur,2,14,69,8,2,14,4
UL L R dl D FS ur,2,14,69,8,2,14,4
UL R D dl L FS ur,2,14,69,8,2,16,3
UL R D L dl FS ur,2,14,69,8,2,16,3
UL R D L FS dl ur,2,14,69,8,2,14,3
UL R dl D L FS ur,2,14,69,8,2,14,3
UL R dl L D FS ur,2,14,69,8,2,14,3
UL R L D dl FS ur,2,14,69,8,2,18,4
UL R L D FS dl ur,2,14,69,8,2,16,4
UL R L dl D FS ur,2,14,69,8,2,18,4
D L UL FS R ur dl,5,14,74,7,2,13,3
D L UL FS ur R dl,5,14,74,7,2,13,3
D L UL ur FS R dl,5,14,74,7,2,11,3
D UL L FS R ur dl,5,14,74,7,2,13,3
D UL L FS ur R dl,5,14,74,7,2,13,3
D UL L ur FS R dl,5,14,74,7,2,11,3
L D UL FS R ur dl,5,14,74,7,2,15,3
L D UL FS ur R dl,5,14,74,7,2,15,3
L D UL ur FS R dl,5,14,74,7,2,13,3
L UL D FS R ur dl,5,14,74,7,2,13,3
L UL D FS ur R dl,5,14,74,7,2,13,3
L UL D ur FS R dl,5,14,74,7,2,11,3
L UL FS D R ur dl,5,14,74,7,2,13,3
L UL FS D ur R dl,5,14,74,7,2,11,3
UL D L FS R ur dl,5,14,74,7,2,14,3
UL D L FS ur R dl,5,14,74,7,2,14,3
UL D L ur FS R dl,5,14,74,7,2,12,3
UL L D FS R ur dl,5,14,74,7,2,12,3
UL L D FS ur R dl,5,14,74,7,2,12,3
UL L D ur FS R dl,5,14,74,7,2,10,3
UL L FS D R ur dl,5,14,74,7,2,12,3
UL L FS D ur R dl,5,14,74,7,2,10,3
D dl L UL R ur FS,2,14,75,7,2,16,3
D dl L UL ur R FS,2,14,75,7,2,14,3
D dl UL L R ur FS,2,14,75,7,2,16,4
D dl UL L ur R FS,2,14,75,7,2,12,3
D dl UL R L ur FS,2,14,75,7,2,16,4
D L dl UL R ur FS,2,14,75,7,2,16,3
D L dl UL ur R FS,2,14,75,7,2,14,3
D L UL dl R ur FS,2,14,75,7,2,12,3
D L UL dl ur R FS,2,14,75,7,2,12,3
D L UL ur dl R FS,2,14,75,7,2,10,2
D UL dl L R ur FS,2,14,75,7,2,18,4
D UL dl L ur R FS,2,14,75,7,2,14,3
D UL dl R L ur FS,2,14,75,7,2,14,4
D UL L dl R ur FS,2,14,75,7,2,14,3
D UL L dl ur R FS,2,14,75,7,2,14,3
D UL L ur dl R FS,2,14,75,7,2,10,3
dl D L UL R ur FS,2,14,75,7,2,15,3
dl D L UL ur R FS,2,14,75,7,2,13,3
dl D UL L R ur FS,2,14,75,7,2,17,4
dl D UL L ur R FS,2,14,75,7,2,13,3
dl D UL R L ur FS,2,14,75,7,2,17,4
dl L D UL R ur FS,2,14,75,7,2,17,3
dl L D UL ur R FS,2,14,75,7,2,15,3
dl L UL D R ur FS,2,14,75,7,2,15,3
dl L UL D ur R FS,2,14,75,7,2,13,3
dl L UL R D ur FS,2,14,75,7,2,13,3
dl UL D L R ur FS,2,14,75,7,2,17,4
dl UL D L ur R FS,2,14,75,7,2,13,3
dl UL D R L ur FS,2,14,75,7,2,15,4
dl UL L D R ur FS,2,14,75,7,2,13,3
dl UL L D ur R FS,2,14,75,7,2,11,3
dl UL L R D ur FS,2,14,75,7,2,13,4
dl UL R D L ur FS,2,14,75,7,2,13,3
dl UL R L D ur FS,2,14,75,7,2,15,4
L D dl UL R ur FS,2,14,75,7,2,16,3
L D dl UL ur R FS,2,14,75,7,2,14,3
L D UL dl R ur FS,2,14,75,7,2,14,3
L D UL dl ur R FS,2,14,75,7,2,14,3
L D UL ur dl R FS,2,14,75,7,2,12,3
L dl D UL R ur FS,2,14,75,7,2,18,3
L dl D UL ur R FS,2,14,75,7,2,16,3
L dl UL D R ur FS,2,14,75,7,2,16,3
L dl UL D ur R FS,2,14,75,7,2,14,3
L dl UL R D ur FS,2,14,75,7,2,14,3
L UL D dl R ur FS,2,14,75,7,2,14,3
L UL D dl ur R FS,2,14,75,7,2,14,3
L UL D ur dl R FS,2,14,75,7,2,10,3
L UL dl D R ur FS,2,14,75,7,2,14,3
L UL dl D ur R FS,2,14,75,7,2,12,3
L UL dl R D ur FS,2,14,75,7,2,10,3
UL D dl L R ur FS,2,14,75,7,2,19,4
UL D dl L ur R FS,2,14,75,7,2,15,3
UL D dl R L ur FS,2,14,75,7,2,15,4
UL D L dl R ur FS,2,14,75,7,2,15,3
UL D L dl ur R FS,2,14,75,7,2,15,3
UL D L ur dl R FS,2,14,75,7,2,11,3
UL dl D L R ur FS,2,14,75,7,2,17,4
UL dl D L ur R FS,2,14,75,7,2,13,3
UL dl D R L ur FS,2,14,75,7,2,15,4
UL dl L D R ur FS,2,14,75,7,2,15,3
UL dl L D ur R FS,2,14,75,7,2,13,3
UL dl L R D ur FS,2,14,75,7,2,15,4
UL dl R D L ur FS,2,14,75,7,2,11,3
UL dl R L D ur FS,2,14,75,7,2,13,4
UL L D dl R ur FS,2,14,75,7,2,13,3
UL L D dl ur R FS,2,14,75,7,2,13,3
UL L D ur dl R FS,2,14,75,7,2,9,2
UL L dl D R ur FS,2,14,75,7,2,15,3
UL L dl D ur R FS,2,14,75,7,2,13,3
UL L dl R D ur FS,2,14,75,7,2,11,3
D dl FS UL L ur R,2,14,75,8,2,14,3
D dl FS UL R ur L,2,14,75,8,2,16,3
D dl FS UL ur L R,2,14,75,8,2,16,4
D dl FS UL ur R L,2,14,75,8,2,18,4
D dl FS ur UL L R,2,14,75,8,2,16,4
D dl FS ur UL R L,2,14,75,8,2,18,4
D dl UL FS L ur R,2,14,75,8,2,14,3
D dl UL FS R ur L,2,14,75,8,2,14,3
D dl UL FS ur L R,2,14,75,8,2,16,4
D dl UL FS ur R L,2,14,75,8,2,18,4
D dl UL R FS ur L,2,14,75,8,2,14,3
D dl UL R ur FS L,2,14,75,8,2,16,3
D dl UL ur FS L R,2,14,75,8,2,16,4
D dl UL ur FS R L,2,14,75,8,2,16,4
D dl UL ur L FS R,2,14,75,8,2,12,3
D dl UL ur R FS L,2,14,75,8,2,14,3
D dl ur FS UL L R,2,14,75,8,2,16,4
D dl ur FS UL R L,2,14,75,8,2,18,4
D dl ur UL FS L R,2,14,75,8,2,16,4
D dl ur UL FS R L,2,14,75,8,2,16,4
D dl ur UL L FS R,2,14,75,8,2,12,3
D dl ur UL R FS L,2,14,75,8,2,14,3
D FS dl UL L ur R,2,14,75,8,2,12,3
D FS dl UL R ur L,2,14,75,8,2,14,3
D FS dl UL ur L R,2,14,75,8,2,14,4
D FS dl UL ur R L,2,14,75,8,2,16,4
D FS dl ur UL L R,2,14,75,8,2,14,4
D FS dl ur UL R L,2,14,75,8,2,16,4
D FS R UL dl ur L,2,14,75,8,2,12,3
D FS R UL ur dl L,2,14,75,8,2,14,3
D FS R ur UL dl L,2,14,75,8,2,14,3
D FS UL dl L ur R,2,14,75,8,2,14,3
D FS UL dl R ur L,2,14,75,8,2,12,3
D FS UL dl ur L R,2,14,75,8,2,14,4
D FS UL dl ur R L,2,14,75,8,2,16,4
D FS UL L dl ur R,2,14,75,8,2,14,3
D FS UL L ur dl R,2,14,75,8,2,10,3
D FS UL R dl ur L,2,14,75,8,2,12,3
D FS UL R ur dl L,2,14,75,8,2,16,3
D FS UL ur dl L R,2,14,75,8,2,16,4
D FS UL ur dl R L,2,14,75,8,2,14,4
D FS UL ur L dl R,2,14,75,8,2,12,3
D FS UL ur R dl L,2,14,75,8,2,14,3
D FS ur dl UL L R,2,14,75,8,2,14,4
D FS ur dl UL R L,2,14,75,8,2,16,4
D FS ur R UL dl L,2,14,75,8,2,16,3
D FS ur UL dl L R,2,14,75,8,2,16,4
D FS ur UL dl R L,2,14,75,8,2,14,4
D FS ur UL L dl R,2,14,75,8,2,12,3
D FS ur UL R dl L,2,14,75,8,2,14,3
D UL dl FS L ur R,2,14,75,8,2,14,3
D UL dl FS R ur L,2,14,75,8,2,14,3
D UL dl FS ur L R,2,14,75,8,2,16,4
D UL dl FS ur R L,2,14,75,8,2,18,4
D UL dl R FS ur L,2,14,75,8,2,12,3
D UL dl R ur FS L,2,14,75,8,2,14,3
D UL dl ur FS L R,2,14,75,8,2,16,4
D UL dl ur FS R L,2,14,75,8,2,16,4
D UL dl ur L FS R,2,14,75,8,2,12,3
D UL dl ur R FS L,2,14,75,8,2,14,3
D UL FS dl L ur R,2,14,75,8,2,16,3
D UL FS dl R ur L,2,14,75,8,2,14,3
D UL FS dl ur L R,2,14,75,8,2,16,4
D UL FS dl ur R L,2,14,75,8,2,18,4
D UL FS L dl ur R,2,14,75,8,2,16,3
D UL FS L ur dl R,2,14,75,8,2,12,3
D UL FS R dl ur L,2,14,75,8,2,12,3
D UL FS R ur dl L,2,14,75,8,2,16,3
D UL FS ur dl L R,2,14,75,8,2,18,4
D UL FS ur dl R L,2,14,75,8,2,16,4
D UL FS ur L dl R,2,14,75,8,2,14,3
D UL FS ur R dl L,2,14,75,8,2,16,3
D UL ur dl FS L R,2,14,75,8,2,16,4
D UL ur dl FS R L,2,14,75,8,2,16,4
D UL ur dl L FS R,2,14,75,8,2,14,3
D UL ur dl R FS L,2,14,75,8,2,12,3
D UL ur FS dl L R,2,14,75,8,2,18,4
D UL ur FS dl R L,2,14,75,8,2,16,4
D UL ur FS L dl R,2,14,75,8,2,14,3
D UL ur FS R dl L,2,14,75,8,2,14,3
D UL ur L dl FS R,2,14,75,8,2,14,3
D UL ur L FS dl R,2,14,75,8,2,12,3
D ur dl FS UL L R,2,14,75,8,2,14,4
D ur dl FS UL R L,2,14,75,8,2,16,4
D ur dl UL FS L R,2,14,75,8,2,14,4
D ur dl UL FS R L,2,14,75,8,2,14,4
D ur dl UL L FS R,2,14,75,8,2,10,2
D ur dl UL R FS L,2,14,75,8,2,12,3
D ur FS dl UL L R,2,14,75,8,2,14,4
D ur FS dl UL R L,2,14,75,8,2,16,4
D ur FS R UL dl L,2,14,75,8,2,14,3
D ur FS UL dl L R,2,14,75,8,2,16,4
D ur FS UL dl R L,2,14,75,8,2,14,4
D ur FS UL L dl R,2,14,75,8,2,12,3
D ur FS UL R dl L,2,14,75,8,2,14,3
D ur UL dl FS L R,2,14,75,8,2,14,4
D ur UL dl FS R L,2,14,75,8,2,14,4
D ur UL dl L FS R,2,14,75,8,2,12,3
D ur UL dl R FS L,2,14,75,8,2,10,2
D ur UL FS dl L R,2,14,75,8,2,16,4
D ur UL FS dl R L,2,14,75,8,2,14,4
D ur UL FS L dl R,2,14,75,8,2,12,3
D ur UL FS R dl L,2,14,75,8,2,12,3
D ur UL L dl FS R,2,14,75,8,2,12,3
D ur UL L FS dl R,2,14,75,8,2,10,3
dl D FS UL L ur R,2,14,75,8,2,13,3
dl D FS UL R ur L,2,14,75,8,2,15,3
dl D FS UL ur L R,2,14,75,8,2,15,4
dl D FS UL ur R L,2,14,75,8,2,17,4
dl D FS ur UL L R,2,14,75,8,2,15,4
dl D FS ur UL R L,2,14,75,8,2,17,4
dl D UL FS L ur R,2,14,75,8,2,15,3
dl D UL FS R ur L,2,14,75,8,2,15,3
dl D UL FS ur L R,2,14,75,8,2,17,4
dl D UL FS ur R L,2,14,75,8,2,19,4
dl D UL R FS ur L,2,14,75,8,2,15,3
dl D UL R ur FS L,2,14,75,8,2,17,3
dl D UL ur FS L R,2,14,75,8,2,17,4
dl D UL ur FS R L,2,14,75,8,2,17,4
dl D UL ur L FS R,2,14,75,8,2,13,3
dl D UL ur R FS L,2,14,75,8,2,15,3
dl D ur FS UL L R,2,14,75,8,2,15,4
dl D ur FS UL R L,2,14,75,8,2,17,4
dl D ur UL FS L R,2,14,75,8,2,15,4
dl D ur UL FS R L,2,14,75,8,2,15,4
dl D ur UL L FS R,2,14,75,8,2,11,3
dl D ur UL R FS L,2,14,75,8,2,13,3
dl FS D UL L ur R,2,14,75,8,2,13,3
dl FS D UL R ur L,2,14,75,8,2,15,3
dl FS D UL ur L R,2,14,75,8,2,15,4
dl FS D UL ur R L,2,14,75,8,2,17,4
dl FS D ur UL L R,2,14,75,8,2,13,4
dl FS D ur UL R L,2,14,75,8,2,15,4
dl FS UL D L ur R,2,14,75,8,2,15,3
dl FS UL D R ur L,2,14,75,8,2,15,3
dl FS UL D ur L R,2,14,75,8,2,15,4
dl FS UL D ur R L,2,14,75,8,2,17,4
dl FS UL L D ur R,2,14,75,8,2,13,3
dl FS UL ur D L R,2,14,75,8,2,15,4
dl FS UL ur D R L,2,14,75,8,2,15,4
dl FS ur D UL L R,2,14,75,8,2,15,4
dl FS ur D UL R L,2,14,75,8,2,17,4
dl FS ur UL D L R,2,14,75,8,2,17,4
dl FS ur UL D R L,2,14,75,8,2,17,4
dl L UL FS R ur D,2,14,75,8,2,13,3
dl L UL FS ur D R,2,14,75,8,2,13,3
dl L UL FS ur R D,2,14,75,8,2,15,3
dl L UL R FS ur D,2,14,75,8,2,13,3
dl L UL R ur FS D,2,14,75,8,2,15,3
dl L UL ur D FS R,2,14,75,8,2,11,3
dl L UL ur FS D R,2,14,75,8,2,13,3
dl L UL ur FS R D,2,14,75,8,2,13,3
dl L UL ur R FS D,2,14,75,8,2,13,3
dl L ur UL D FS R,2,14,75,8,2,13,3
dl L ur UL FS D R,2,14,75,8,2,13,3
dl L ur UL FS R D,2,14,75,8,2,13,3
dl L ur UL R FS D,2,14,75,8,2,13,3
dl UL D FS L ur R,2,14,75,8,2,13,3
dl UL D FS R ur L,2,14,75,8,2,13,3
dl UL D FS ur L R,2,14,75,8,2,15,4
dl UL D FS ur R L,2,14,75,8,2,17,4
dl UL D R FS ur L,2,14,75,8,2,13,3
dl UL D R ur FS L,2,14,75,8,2,15,3
dl UL D ur FS L R,2,14,75,8,2,15,4
dl UL D ur FS R L,2,14,75,8,2,15,4
dl UL D ur L FS R,2,14,75,8,2,11,3
dl UL D ur R FS L,2,14,75,8,2,13,3
dl UL FS D L ur R,2,14,75,8,2,13,3
dl UL FS D R ur L,2,14,75,8,2,13,3
dl UL FS D ur L R,2,14,75,8,2,13,4
dl UL FS D ur R L,2,14,75,8,2,15,4
dl UL FS L D ur R,2,14,75,8,2,13,3
dl UL FS ur D L R,2,14,75,8,2,15,4
dl UL FS ur D R L,2,14,75,8,2,15,4
dl UL L FS R ur D,2,14,75,8,2,11,3
dl UL L FS ur D R,2,14,75,8,2,11,3
dl UL L FS ur R D,2,14,75,8,2,13,3
dl UL L R FS ur D,2,14,75,8,2,13,4
dl UL L R ur FS D,2,14,75,8,2,15,4
dl UL L ur D FS R,2,14,75,8,2,9,2
dl UL L ur FS D R,2,14,75,8,2,11,3
dl UL L ur FS R D,2,14,75,8,2,11,3
dl UL L ur R FS D,2,14,75,8,2,11,3
dl UL R D FS ur L,2,14,75,8,2,13,3
dl UL R D ur FS L,2,14,75,8,2,13,3
dl UL R L FS ur D,2,14,75,8,2,15,4
dl UL R L ur FS D,2,14,75,8,2,15,4
dl UL R ur D FS L,2,14,75,8,2,13,3
dl UL R ur L FS D,2,14,75,8,2,13,3
dl UL ur D FS L R,2,14,75,8,2,13,4
dl UL ur D FS R L,2,14,75,8,2,13,4
dl UL ur D L FS R,2,14,75,8,2,11,2
dl UL ur D R FS L,2,14,75,8,2,11,2
dl UL ur FS D L R,2,14,75,8,2,15,4
dl UL ur FS D R L,2,14,75,8,2,15,4
dl UL ur L D FS R,2,14,75,8,2,11,2
dl UL ur L FS D R,2,14,75,8,2,11,2
dl UL ur L FS R D,2,14,75,8,2,11,2
dl UL ur L R FS D,2,14,75,8,2,13,4
dl UL ur R D FS L,2,14,75,8,2,13,3
dl UL ur R L FS D,2,14,75,8,2,15,4
dl ur D FS UL L R,2,14,75,8,2,13,4
dl ur D FS UL R L,2,14,75,8,2,15,4
dl ur D UL FS L R,2,14,75,8,2,15,4
dl ur D UL FS R L,2,14,75,8,2,15,4
dl ur D UL L FS R,2,14,75,8,2,11,3
dl ur D UL R FS L,2,14,75,8,2,13,3
dl ur FS D UL L R,2,14,75,8,2,15,4
dl ur FS D UL R L,2,14,75,8,2,17,4
dl ur FS UL D L R,2,14,75,8,2,17,4
dl ur FS UL D R L,2,14,75,8,2,17,4
dl ur L UL D FS R,2,14,75,8,2,11,3
dl ur L UL FS D R,2,14,75,8,2,11,3
dl ur L UL FS R D,2,14,75,8,2,11,3
dl ur L UL R FS D,2,14,75,8,2,11,3
dl ur UL D FS L R,2,14,75,8,2,15,4
dl ur UL D FS R L,2,14,75,8,2,15,4
dl ur UL D L FS R,2,14,75,8,2,13,3
dl ur UL D R FS L,2,14,75,8,2,13,3
dl ur UL FS D L R,2,14,75,8,2,15,4
dl ur UL FS D R L,2,14,75,8,2,15,4
dl ur UL L D FS R,2,14,75,8,2,11,2
dl ur UL L FS D R,2,14,75,8,2,11,2
dl ur UL L FS R D,2,14,75,8,2,11,2
dl ur UL L R FS D,2,14,75,8,2,13,4
dl ur UL R D FS L,2,14,75,8,2,13,3
dl ur UL R L FS D,2,14,75,8,2,15,4
FS D dl UL L ur R,2,14,75,8,2,12,3
FS D dl UL R ur L,2,14,75,8,2,14,3
FS D dl UL ur L R,2,14,75,8,2,14,4
FS D dl UL ur R L,2,14,75,8,2,16,4
FS D dl ur UL L R,2,14,75,8,2,14,4
FS D dl ur UL R L,2,14,75,8,2,16,4
FS D R UL dl ur L,2,14,75,8,2,12,3
FS D R UL ur dl L,2,14,75,8,2,14,3
FS D R ur UL dl L,2,14,75,8,2,14,3
FS D UL dl L ur R,2,14,75,8,2,14,3
FS D UL dl R ur L,2,14,75,8,2,12,3
FS D UL dl ur L R,2,14,75,8,2,14,4
FS D UL dl ur R L,2,14,75,8,2,16,4
FS D UL L dl ur R,2,14,75,8,2,14,3
FS D UL L ur dl R,2,14,75,8,2,10,3
FS D UL R dl ur L,2,14,75,8,2,12,3
FS D UL R ur dl L,2,14,75,8,2,16,3
FS D UL ur dl L R,2,14,75,8,2,16,4
FS D UL ur dl R L,2,14,75,8,2,14,4
FS D UL ur L dl R,2,14,75,8,2,12,3
FS D UL ur R dl L,2,14,75,8,2,14,3
FS D ur dl UL L R,2,14,75,8,2,12,4
FS D ur dl UL R L,2,14,75,8,2,14,4
FS D ur R UL dl L,2,14,75,8,2,14,3
FS D ur UL dl L R,2,14,75,8,2,14,4
FS D ur UL dl R L,2,14,75,8,2,12,4
FS D ur UL L dl R,2,14,75,8,2,10,3
FS D ur UL R dl L,2,14,75,8,2,12,3
FS dl D UL L ur R,2,14,75,8,2,14,3
FS dl D UL R ur L,2,14,75,8,2,16,3
FS dl D UL ur L R,2,14,75,8,2,16,4
FS dl D UL ur R L,2,14,75,8,2,18,4
FS dl D ur UL L R,2,14,75,8,2,14,4
FS dl D ur UL R L,2,14,75,8,2,16,4
FS dl UL D L ur R,2,14,75,8,2,14,3
FS dl UL D R ur L,2,14,75,8,2,14,3
FS dl UL D ur L R,2,14,75,8,2,14,4
FS dl UL D ur R L,2,14,75,8,2,16,4
FS dl UL L D ur R,2,14,75,8,2,12,3
FS dl UL ur D L R,2,14,75,8,2,14,4
FS dl UL ur D R L,2,14,75,8,2,14,4
FS dl ur D UL L R,2,14,75,8,2,14,4
FS dl ur D UL R L,2,14,75,8,2,16,4
FS dl ur UL D L R,2,14,75,8,2,16,4
FS dl ur UL D R L,2,14,75,8,2,16,4
FS UL D dl L ur R,2,14,75,8,2,16,3
FS UL D dl R ur L,2,14,75,8,2,14,3
FS UL D dl ur L R,2,14,75,8,2,16,4
FS UL D dl ur R L,2,14,75,8,2,18,4
FS UL D L dl ur R,2,14,75,8,2,16,3
FS UL D L ur dl R,2,14,75,8,2,12,3
FS UL D R dl ur L,2,14,75,8,2,12,3
FS UL D R ur dl L,2,14,75,8,2,16,3
FS UL D ur dl L R,2,14,75,8,2,16,4
FS UL D ur dl R L,2,14,75,8,2,14,4
FS UL D ur L dl R,2,14,75,8,2,12,3
FS UL D ur R dl L,2,14,75,8,2,14,3
FS UL dl D L ur R,2,14,75,8,2,14,3
FS UL dl D R ur L,2,14,75,8,2,14,3
FS UL dl D ur L R,2,14,75,8,2,14,4
FS UL dl D ur R L,2,14,75,8,2,16,4
FS UL dl L D ur R,2,14,75,8,2,14,3
FS UL dl ur D L R,2,14,75,8,2,14,4
FS UL dl ur D R L,2,14,75,8,2,14,4
FS UL L D dl ur R,2,14,75,8,2,14,3
FS UL L D ur dl R,2,14,75,8,2,10,3
FS UL L dl D ur R,2,14,75,8,2,14,3
FS UL ur D dl L R,2,14,75,8,2,16,4
FS UL ur D dl R L,2,14,75,8,2,14,4
FS UL ur D L dl R,2,14,75,8,2,12,3
FS UL ur D R dl L,2,14,75,8,2,12,3
FS UL ur dl D L R,2,14,75,8,2,16,4
FS UL ur dl D R L,2,14,75,8,2,16,4
FS ur D dl UL L R,2,14,75,8,2,14,4
FS ur D dl UL R L,2,14,75,8,2,16,4
FS ur D R UL dl L,2,14,75,8,2,14,3
FS ur D UL dl L R,2,14,75,8,2,16,4
FS ur D UL dl R L,2,14,75,8,2,14,4
FS ur D UL L dl R,2,14,75,8,2,12,3
FS ur D UL R dl L,2,14,75,8,2,14,3
FS ur dl D UL L R,2,14,75,8,2,16,4
FS ur dl D UL R L,2,14,75,8,2,18,4
FS ur dl UL D L R,2,14,75,8,2,16,4
FS ur dl UL D R L,2,14,75,8,2,16,4
FS ur UL D dl L R,2,14,75,8,2,18,4
FS ur UL D dl R L,2,14,75,8,2,16,4
FS ur UL D L dl R,2,14,75,8,2,14,3
FS ur UL D R dl L,2,14,75,8,2,14,3
FS ur UL dl D L R,2,14,75,8,2,16,4
FS ur UL dl D R L,2,14,75,8,2,16,4
L dl UL FS R ur D,2,14,75,8,2,14,3
L dl UL FS ur D R,2,14,75,8,2,14,3
L dl UL FS ur R D,2,14,75,8,2,16,3
L dl UL R FS ur D,2,14,75,8,2,14,3
L dl UL R ur FS D,2,14,75,8,2,16,3
L dl UL ur D FS R,2,14,75,8,2,12,3
L dl UL ur FS D R,2,14,75,8,2,14,3
L dl UL ur FS R D,2,14,75,8,2,14,3
L dl UL ur R FS D,2,14,75,8,2,14,3
L dl ur UL D FS R,2,14,75,8,2,14,3
L dl ur UL FS D R,2,14,75,8,2,14,3
L dl ur UL FS R D,2,14,75,8,2,14,3
L dl ur UL R FS D,2,14,75,8,2,14,3
L UL dl FS R ur D,2,14,75,8,2,12,3
L UL dl FS ur D R,2,14,75,8,2,12,3
L UL dl FS ur R D,2,14,75,8,2,14,3
L UL dl R FS ur D,2,14,75,8,2,10,3
L UL dl R ur FS D,2,14,75,8,2,12,3
L UL dl ur D FS R,2,14,75,8,2,10,2
L UL dl ur FS D R,2,14,75,8,2,12,3
L UL dl ur FS R D,2,14,75,8,2,12,3
L UL dl ur R FS D,2,14,75,8,2,12,3
L UL FS dl R ur D,2,14,75,8,2,12,3
L UL FS dl ur D R,2,14,75,8,2,12,3
L UL FS dl ur R D,2,14,75,8,2,14,3
L UL FS ur D dl R,2,14,75,8,2,12,3
L UL FS ur dl D R,2,14,75,8,2,14,3
L UL FS ur dl R D,2,14,75,8,2,12,3
L UL ur D dl FS R,2,14,75,8,2,12,3
L UL ur D FS dl R,2,14,75,8,2,10,3
L UL ur dl D FS R,2,14,75,8,2,12,3
L UL ur dl FS D R,2,14,75,8,2,12,3
L UL ur dl FS R D,2,14,75,8,2,12,3
L UL ur dl R FS D,2,14,75,8,2,10,2
L UL ur FS D dl R,2,14,75,8,2,12,3
L UL ur FS dl D R,2,14,75,8,2,14,3
L UL ur FS dl R D,2,14,75,8,2,12,3
L ur dl UL D FS R,2,14,75,8,2,12,3
L ur dl UL FS D R,2,14,75,8,2,12,3
L ur dl UL FS R D,2,14,75,8,2,12,3
L ur dl UL R FS D,2,14,75,8,2,12,3
L ur UL D dl FS R,2,14,75,8,2,14,3
L ur UL D FS dl R,2,14,75,8,2,12,3
L ur UL dl D FS R,2,14,75,8,2,12,3
L ur UL dl FS D R,2,14,75,8,2,12,3
L ur UL dl FS R D,2,14,75,8,2,12,3
L ur UL dl R FS D,2,14,75,8,2,10,2
L ur UL FS D dl R,2,14,75,8,2,12,3
L ur UL FS dl D R,2,14,75,8,2,14,3
L ur UL FS dl R D,2,14,75,8,2,12,3
UL D dl FS L ur R,2,14,75,8,2,15,3
UL D dl FS R ur L,2,14,75,8,2,15,3
UL D dl FS ur L R,2,14,75,8,2,17,4
UL D dl FS ur R L,2,14,75,8,2,19,4
UL D dl R FS ur L,2,14,75,8,2,13,3
UL D dl R ur FS L,2,14,75,8,2,15,3
UL D dl ur FS L R,2,14,75,8,2,17,4
UL D dl ur FS R L,2,14,75,8,2,17,4
UL D dl ur L FS R,2,14,75,8,2,13,3
UL D dl ur R FS L,2,14,75,8,2,15,3
UL D FS dl L ur R,2,14,75,8,2,15,3
UL D FS dl R ur L,2,14,75,8,2,13,3
UL D FS dl ur L R,2,14,75,8,2,15,4
UL D FS dl ur R L,2,14,75,8,2,17,4
UL D FS L dl ur R,2,14,75,8,2,15,3
UL D FS L ur dl R,2,14,75,8,2,11,3
UL D FS R dl ur L,2,14,75,8,2,11,3
UL D FS R ur dl L,2,14,75,8,2,15,3
UL D FS ur dl L R,2,14,75,8,2,17,4
UL D FS ur dl R L,2,14,75,8,2,15,4
UL D FS ur L dl R,2,14,75,8,2,13,3
UL D FS ur R dl L,2,14,75,8,2,15,3
UL D ur dl FS L R,2,14,75,8,2,15,4
UL D ur dl FS R L,2,14,75,8,2,15,4
UL D ur dl L FS R,2,14,75,8,2,13,3
UL D ur dl R FS L,2,14,75,8,2,11,3
UL D ur FS dl L R,2,14,75,8,2,17,4
UL D ur FS dl R L,2,14,75,8,2,15,4
UL D ur FS L dl R,2,14,75,8,2,13,3
UL D ur FS R dl L,2,14,75,8,2,13,3
UL D ur L dl FS R,2,14,75,8,2,13,3
UL D ur L FS dl R,2,14,75,8,2,11,3
UL dl D FS L ur R,2,14,75,8,2,13,3
UL dl D FS R ur L,2,14,75,8,2,13,3
UL dl D FS ur L R,2,14,75,8,2,15,4
UL dl D FS ur R L,2,14,75,8,2,17,4
UL dl D R FS ur L,2,14,75,8,2,13,3
UL dl D R ur FS L,2,14,75,8,2,15,3
UL dl D ur FS L R,2,14,75,8,2,15,4
UL dl D ur FS R L,2,14,75,8,2,15,4
UL dl D ur L FS R,2,14,75,8,2,11,3
UL dl D ur R FS L,2,14,75,8,2,13,3
UL dl FS D L ur R,2,14,75,8,2,13,3
UL dl FS D R ur L,2,14,75,8,2,13,3
UL dl FS D ur L R,2,14,75,8,2,13,4
UL dl FS D ur R L,2,14,75,8,2,15,4
UL dl FS L D ur R,2,14,75,8,2,13,3
UL dl FS ur D L R,2,14,75,8,2,15,4
UL dl FS ur D R L,2,14,75,8,2,15,4
UL dl L FS R ur D,2,14,75,8,2,13,3
UL dl L FS ur D R,2,14,75,8,2,13,3
UL dl L FS ur R D,2,14,75,8,2,15,3
UL dl L R FS ur D,2,14,75,8,2,15,4
UL dl L R ur FS D,2,14,75,8,2,17,4
UL dl L ur D FS R,2,14,75,8,2,11,3
UL dl L ur FS D R,2,14,75,8,2,13,3
UL dl L ur FS R D,2,14,75,8,2,13,3
UL dl L ur R FS D,2,14,75,8,2,13,3
UL dl R D FS ur L,2,14,75,8,2,11,3
UL dl R D ur FS L,2,14,75,8,2,11,3
UL dl R L FS ur D,2,14,75,8,2,13,4
UL dl R L ur FS D,2,14,75,8,2,13,4
UL dl R ur D FS L,2,14,75,8,2,11,3
UL dl R ur L FS D,2,14,75,8,2,11,3
UL dl ur D FS L R,2,14,75,8,2,13,4
UL dl ur D FS R L,2,14,75,8,2,13,4
UL dl ur D L FS R,2,14,75,8,2,11,2
UL dl ur D R FS L,2,14,75,8,2,11,2
UL dl ur FS D L R,2,14,75,8,2,15,4
UL dl ur FS D R L,2,14,75,8,2,15,4
UL dl ur L D FS R,2,14,75,8,2,11,2
UL dl ur L FS D R,2,14,75,8,2,11,2
UL dl ur L FS R D,2,14,75,8,2,11,2
UL dl ur L R FS D,2,14,75,8,2,13,4
UL dl ur R D FS L,2,14,75,8,2,13,3
UL dl ur R L FS D,2,14,75,8,2,15,4
UL FS D dl L ur R,2,14,75,8,2,15,3
UL FS D dl R ur L,2,14,75,8,2,13,3
UL FS D dl ur L R,2,14,75,8,2,15,4
UL FS D dl ur R L,2,14,75,8,2,17,4
UL FS D L dl ur R,2,14,75,8,2,15,3
UL FS D L ur dl R,2,14,75,8,2,11,3
UL FS D R dl ur L,2,14,75,8,2,11,3
UL FS D R ur dl L,2,14,75,8,2,15,3
UL FS D ur dl L R,2,14,75,8,2,15,4
UL FS D ur dl R L,2,14,75,8,2,13,4
UL FS D ur L dl R,2,14,75,8,2,11,3
UL FS D ur R dl L,2,14,75,8,2,13,3
UL FS dl D L ur R,2,14,75,8,2,15,3
UL FS dl D R ur L,2,14,75,8,2,15,3
UL FS dl D ur L R,2,14,75,8,2,15,4
UL FS dl D ur R L,2,14,75,8,2,17,4
UL FS dl L D ur R,2,14,75,8,2,15,3
UL FS dl ur D L R,2,14,75,8,2,15,4
UL FS dl ur D R L,2,14,75,8,2,15,4
UL FS L D dl ur R,2,14,75,8,2,15,3
UL FS L D ur dl R,2,14,75,8,2,11,3
UL FS L dl D ur R,2,14,75,8,2,15,3
UL FS ur D dl L R,2,14,75,8,2,17,4
UL FS ur D dl R L,2,14,75,8,2,15,4
UL FS ur D L dl R,2,14,75,8,2,13,3
UL FS ur D R dl L,2,14,75,8,2,13,3
UL FS ur dl D L R,2,14,75,8,2,17,4
UL FS ur dl D R L,2,14,75,8,2,17,4
UL L dl FS R ur D,2,14,75,8,2,13,3
UL L dl FS ur D R,2,14,75,8,2,13,3
UL L dl FS ur R D,2,14,75,8,2,15,3
UL L dl R FS ur D,2,14,75,8,2,11,3
UL L dl R ur FS D,2,14,75,8,2,13,3
UL L dl ur D FS R,2,14,75,8,2,11,3
UL L dl ur FS D R,2,14,75,8,2,13,3
UL L dl ur FS R D,2,14,75,8,2,13,3
UL L dl ur R FS D,2,14,75,8,2,13,3
UL L FS dl R ur D,2,14,75,8,2,11,3
UL L FS dl ur D R,2,14,75,8,2,11,3
UL L FS dl ur R D,2,14,75,8,2,13,3
UL L FS ur D dl R,2,14,75,8,2,11,3
UL L FS ur dl D R,2,14,75,8,2,13,3
UL L FS ur dl R D,2,14,75,8,2,11,3
UL L ur D dl FS R,2,14,75,8,2,11,3
UL L ur D FS dl R,2,14,75,8,2,9,3
UL L ur dl D FS R,2,14,75,8,2,11,3
UL L ur dl FS D R,2,14,75,8,2,11,3
UL L ur dl FS R D,2,14,75,8,2,11,3
UL L ur dl R FS D,2,14,75,8,2,9,2
UL L ur FS D dl R,2,14,75,8,2,11,3
UL L ur FS dl D R,2,14,75,8,2,13,3
UL L ur FS dl R D,2,14,75,8,2,11,3
UL ur D dl FS L R,2,14,75,8,2,15,4
UL ur D dl FS R L,2,14,75,8,2,15,4
UL ur D dl L FS R,2,14,75,8,2,13,3
UL ur D dl R FS L,2,14,75,8,2,11,3
UL ur D FS dl L R,2,14,75,8,2,15,4
UL ur D FS dl R L,2,14,75,8,2,13,4
UL ur D FS L dl R,2,14,75,8,2,11,3
UL ur D FS R dl L,2,14,75,8,2,11,3
UL ur D L dl FS R,2,14,75,8,2,13,3
UL ur D L FS dl R,2,14,75,8,2,11,3
UL ur dl D FS L R,2,14,75,8,2,15,4
UL ur dl D FS R L,2,14,75,8,2,15,4
UL ur dl D L FS R,2,14,75,8,2,13,3
UL ur dl D R FS L,2,14,75,8,2,13,3
UL ur dl FS D L R,2,14,75,8,2,15,4
UL ur dl FS D R L,2,14,75,8,2,15,4
UL ur dl L D FS R,2,14,75,8,2,13,3
UL ur dl L FS D R,2,14,75,8,2,13,3
UL ur dl L FS R D,2,14,75,8,2,13,3
UL ur dl L R FS D,2,14,75,8,2,15,4
UL ur dl R D FS L,2,14,75,8,2,11,2
UL ur dl R L FS D,2,14,75,8,2,13,4
UL ur FS D dl L R,2,14,75,8,2,17,4
UL ur FS D dl R L,2,14,75,8,2,15,4
UL ur FS D L dl R,2,14,75,8,2,13,3
UL ur FS D R dl L,2,14,75,8,2,13,3
UL ur FS dl D L R,2,14,75,8,2,17,4
UL ur FS dl D R L,2,14,75,8,2,17,4
UL ur L D dl FS R,2,14,75,8,2,13,3
UL ur L D FS dl R,2,14,75,8,2,11,3
UL ur L dl D FS R,2,14,75,8,2,13,3
UL ur L dl FS D R,2,14,75,8,2,13,3
UL ur L dl FS R D,2,14,75,8,2,13,3
UL ur L dl R FS D,2,14,75,8,2,11,3
UL ur L FS D dl R,2,14,75,8,2,11,3
UL ur L FS dl D R,2,14,75,8,2,13,3
UL ur L FS dl R D,2,14,75,8,2,11,3
ur D dl FS UL L R,2,14,75,8,2,15,4
ur D dl FS UL R L,2,14,75,8,2,17,4
ur D dl UL FS L R,2,14,75,8,2,15,4
ur D dl UL FS R L,2,14,75,8,2,15,4
ur D dl UL L FS R,2,14,75,8,2,11,3
ur D dl UL R FS L,2,14,75,8,2,13,3
ur D FS dl UL L R,2,14,75,8,2,13,4
ur D FS dl UL R L,2,14,75,8,2,15,4
ur D FS R UL dl L,2,14,75,8,2,13,3
ur D FS UL dl L R,2,14,75,8,2,15,4
ur D FS UL dl R L,2,14,75,8,2,13,4
ur D FS UL L dl R,2,14,75,8,2,11,3
ur D FS UL R dl L,2,14,75,8,2,13,3
ur D UL dl FS L R,2,14,75,8,2,15,4
ur D UL dl FS R L,2,14,75,8,2,15,4
ur D UL dl L FS R,2,14,75,8,2,13,3
ur D UL dl R FS L,2,14,75,8,2,11,3
ur D UL FS dl L R,2,14,75,8,2,17,4
ur D UL FS dl R L,2,14,75,8,2,15,4
ur D UL FS L dl R,2,14,75,8,2,13,3
ur D UL FS R dl L,2,14,75,8,2,13,3
ur D UL L dl FS R,2,14,75,8,2,13,3
ur D UL L FS dl R,2,14,75,8,2,11,3
ur dl D FS UL L R,2,14,75,8,2,15,4
ur dl D FS UL R L,2,14,75,8,2,17,4
ur dl D UL FS L R,2,14,75,8,2,17,4
ur dl D UL FS R L,2,14,75,8,2,17,4
ur dl D UL L FS R,2,14,75,8,2,13,3
ur dl D UL R FS L,2,14,75,8,2,15,3
ur dl FS D UL L R,2,14,75,8,2,15,4
ur dl FS D UL R L,2,14,75,8,2,17,4
ur dl FS UL D L R,2,14,75,8,2,17,4
ur dl FS UL D R L,2,14,75,8,2,17,4
ur dl L UL D FS R,2,14,75,8,2,13,3
ur dl L UL FS D R,2,14,75,8,2,13,3
ur dl L UL FS R D,2,14,75,8,2,13,3
ur dl L UL R FS D,2,14,75,8,2,13,3
ur dl UL D FS L R,2,14,75,8,2,15,4
ur dl UL D FS R L,2,14,75,8,2,15,4
ur dl UL D L FS R,2,14,75,8,2,13,3
ur dl UL D R FS L,2,14,75,8,2,13,3
ur dl UL FS D L R,2,14,75,8,2,15,4
ur dl UL FS D R L,2,14,75,8,2,15,4
ur dl UL L D FS R,2,14,75,8,2,11,2
ur dl UL L FS D R,2,14,75,8,2,11,2
ur dl UL L FS R D,2,14,75,8,2,11,2
ur dl UL L R FS D,2,14,75,8,2,13,4
ur dl UL R D FS L,2,14,75,8,2,13,3
ur dl UL R L FS D,2,14,75,8,2,15,4
ur FS D dl UL L R,2,14,75,8,2,15,4
ur FS D dl UL R L,2,14,75,8,2,17,4
ur FS D R UL dl L,2,14,75,8,2,15,3
ur FS D UL dl L R,2,14,75,8,2,17,4
ur FS D UL dl R L,2,14,75,8,2,15,4
ur FS D UL L dl R,2,14,75,8,2,13,3
ur FS D UL R dl L,2,14,75,8,2,15,3
ur FS dl D UL L R,2,14,75,8,2,17,4
ur FS dl D UL R L,2,14,75,8,2,19,4
ur FS dl UL D L R,2,14,75,8,2,17,4
ur FS dl UL D R L,2,14,75,8,2,17,4
ur FS UL D dl L R,2,14,75,8,2,19,4
ur FS UL D dl R L,2,14,75,8,2,17,4
ur FS UL D L dl R,2,14,75,8,2,15,3
ur FS UL D R dl L,2,14,75,8,2,15,3
ur FS UL dl D L R,2,14,75,8,2,17,4
ur FS UL dl D R L,2,14,75,8,2,17,4
ur L dl UL D FS R,2,14,75,8,2,13,3
ur L dl UL FS D R,2,14,75,8,2,13,3
ur L dl UL FS R D,2,14,75,8,2,13,3
ur L dl UL R FS D,2,14,75,8,2,13,3
ur L UL D dl FS R,2,14,75,8,2,13,3
ur L UL D FS dl R,2,14,75,8,2,11,3
ur L UL dl D FS R,2,14,75,8,2,11,3
ur L UL dl FS D R,2,14,75,8,2,11,3
ur L UL dl FS R D,2,14,75,8,2,11,3
ur L UL dl R FS D,2,14,75,8,2,9,2
ur L UL FS D dl R,2,14,75,8,2,11,3
ur L UL FS dl D R,2,14,75,8,2,13,3
ur L UL FS dl R D,2,14,75,8,2,11,3
ur UL D dl FS L R,2,14,75,8,2,17,4
ur UL D dl FS R L,2,14,75,8,2,17,4
ur UL D dl L FS R,2,14,75,8,2,15,3
ur UL D dl R FS L,2,14,75,8,2,13,3
ur UL D FS dl L R,2,14,75,8,2,17,4
ur UL D FS dl R L,2,14,75,8,2,15,4
ur UL D FS L dl R,2,14,75,8,2,13,3
ur UL D FS R dl L,2,14,75,8,2,13,3
ur UL D L dl FS R,2,14,75,8,2,15,3
ur UL D L FS dl R,2,14,75,8,2,13,3
ur UL dl D FS L R,2,14,75,8,2,15,4
ur UL dl D FS R L,2,14,75,8,2,15,4
ur UL dl D L FS R,2,14,75,8,2,13,3
ur UL dl D R FS L,2,14,75,8,2,13,3
ur UL dl FS D L R,2,14,75,8,2,15,4
ur UL dl FS D R L,2,14,75,8,2,15,4
ur UL dl L D FS R,2,14,75,8,2,13,3
ur UL dl L FS D R,2,14,75,8,2,13,3
ur UL dl L FS R D,2,14,75,8,2,13,3
ur UL dl L R FS D,2,14,75,8,2,15,4
ur UL dl R D FS L,2,14,75,8,2,11,2
ur UL dl R L FS D,2,14,75,8,2,13,4
ur UL FS D dl L R,2,14,75,8,2,17,4
ur UL FS D dl R L,2,14,75,8,2,15,4
ur UL FS D L dl R,2,14,75,8,2,13,3
ur UL FS D R dl L,2,14,75,8,2,13,3
ur UL FS dl D L R,2,14,75,8,2,17,4
ur UL FS dl D R L,2,14,75,8,2,17,4
ur UL L D dl FS R,2,14,75,8,2,13,3
ur UL L D FS dl R,2,14,75,8,2,11,3
ur UL L dl D FS R,2,14,75,8,2,13,3
ur UL L dl FS D R,2,14,75,8,2,13,3
ur UL L dl FS R D,2,14,75,8,2,13,3
ur UL L dl R FS D,2,14,75,8,2,11,3
ur UL L FS D dl R,2,14,75,8,2,11,3
ur UL L FS dl D R,2,14,75,8,2,13,3
ur UL L FS dl R D,2,14,75,8,2,11,3
D L R UL FS ur dl,2,14,76,8,2,17,4
D L R UL ur FS dl,2,14,76,8,2,17,4
D L UL R FS ur dl,2,14,76,8,2,13,3
D L UL R ur FS dl,2,14,76,8,2,15,3
D L UL ur R FS dl,2,14,76,8,2,13,3
D R L UL FS ur dl,2,14,76,8,2,15,4
D R L UL ur FS dl,2,14,76,8,2,15,4
D R UL L FS ur dl,2,14,76,8,2,13,3
D R UL L ur FS dl,2,14,76,8,2,13,3
D UL L R FS ur dl,2,14,76,8,2,15,4
D UL L R ur FS dl,2,14,76,8,2,17,4
D UL L ur R FS dl,2,14,76,8,2,13,3
D UL R L FS ur dl,2,14,76,8,2,17,4
D UL R L ur FS dl,2,14,76,8,2,17,4
L D R UL FS ur dl,2,14,76,8,2,15,3
L D R UL ur FS dl,2,14,76,8,2,15,3
L D UL R FS ur dl,2,14,76,8,2,15,3
L D UL R ur FS dl,2,14,76,8,2,17,3
L D UL ur R FS dl,2,14,76,8,2,15,3
L R D UL FS ur dl,2,14,76,8,2,17,4
L R D UL ur FS dl,2,14,76,8,2,17,4
L R UL D FS ur dl,2,14,76,8,2,17,4
L R UL D ur FS dl,2,14,76,8,2,17,4
L UL D R FS ur dl,2,14,76,8,2,13,3
L UL D R ur FS dl,2,14,76,8,2,15,3
L UL D ur R FS dl,2,14,76,8,2,13,3
L UL R D FS ur dl,2,14,76,8,2,13,3
L UL R D ur FS dl,2,14,76,8,2,13,3
R D L UL FS ur dl,2,14,76,8,2,13,3
R D L UL ur FS dl,2,14,76,8,2,13,3
R D UL L FS ur dl,2,14,76,8,2,13,3
R D UL L ur FS dl,2,14,76,8,2,13,3
R L D UL FS ur dl,2,14,76,8,2,17,4
R L D UL ur FS dl,2,14,76,8,2,17,4
R L UL D FS ur dl,2,14,76,8,2,15,4
R L UL D ur FS dl,2,14,76,8,2,15,4
R UL D L FS ur dl,2,14,76,8,2,15,3
R UL D L ur FS dl,2,14,76,8,2,15,3
R UL L D FS ur dl,2,14,76,8,2,13,3
R UL L D ur FS dl,2,14,76,8,2,13,3
UL D L R FS ur dl,2,14,76,8,2,16,4
UL D L R ur FS dl,2,14,76,8,2,18,4
UL D L ur R FS dl,2,14,76,8,2,14,3
UL D R L FS ur dl,2,14,76,8,2,16,4
UL D R L ur FS dl,2,14,76,8,2,16,4
UL L D R FS ur dl,2,14,76,8,2,12,3
UL L D R ur FS dl,2,14,76,8,2,14,3
UL L D ur R FS dl,2,14,76,8,2,12,3
UL L R D FS ur dl,2,14,76,8,2,14,4
UL L R D ur FS dl,2,14,76,8,2,14,4
UL R D L FS ur dl,2,14,76,8,2,14,3
UL R D L ur FS dl,2,14,76,8,2,14,3
UL R L D FS ur dl,2,14,76,8,2,16,4
UL R L D ur FS dl,2,14,76,8,2,16,4
D L R UL dl ur FS,2,14,77,8,2,16,4
D L R UL ur dl FS,2,14,77,8,2,16,4
D L UL R dl ur FS,2,14,77,8,2,12,3
D L UL R ur dl FS,2,14,77,8,2,14,3
D L UL ur R dl FS,2,14,77,8,2,12,3
D R L UL dl ur FS,2,14,77,8,2,14,4
D R L UL ur dl FS,2,14,77,8,2,14,4
D R UL dl L ur FS,2,14,77,8,2,14,3
D R UL L dl ur FS,2,14,77,8,2,14,3
D R UL L ur dl FS,2,14,77,8,2,12,3
D UL L R dl ur FS,2,14,77,8,2,14,4
D UL L R ur dl FS,2,14,77,8,2,16,4
D UL L ur R dl FS,2,14,77,8,2,12,3
D UL R dl L ur FS,2,14,77,8,2,14,3
D UL R L dl ur FS,2,14,77,8,2,18,4
D UL R L ur dl FS,2,14,77,8,2,16,4
L D R UL dl ur FS,2,14,77,8,2,14,3
L D R UL ur dl FS,2,14,77,8,2,14,3
L D UL R dl ur FS,2,14,77,8,2,14,3
L D UL R ur dl FS,2,14,77,8,2,16,3
L D UL ur R dl FS,2,14,77,8,2,14,3
L R D UL dl ur FS,2,14,77,8,2,16,4
L R D UL ur dl FS,2,14,77,8,2,16,4
L R UL D dl ur FS,2,14,77,8,2,18,4
L R UL D ur dl FS,2,14,77,8,2,16,4
L R UL dl D ur FS,2,14,77,8,2,16,4
L UL D R dl ur FS,2,14,77,8,2,12,3
L UL D R ur dl FS,2,14,77,8,2,14,3
L UL D ur R dl FS,2,14,77,8,2,12,3
L UL R D dl ur FS,2,14,77,8,2,14,3
L UL R D ur dl FS,2,14,77,8,2,12,3
L UL R dl D ur FS,2,14,77,8,2,12,3
R D L UL dl ur FS,2,14,77,8,2,12,3
R D L UL ur dl FS,2,14,77,8,2,12,3
R D UL dl L ur FS,2,14,77,8,2,14,3
R D UL L dl ur FS,2,14,77,8,2,14,3
R D UL L ur dl FS,2,14,77,8,2,12,3
R L D UL dl ur FS,2,14,77,8,2,16,4
R L D UL ur dl FS,2,14,77,8,2,16,4
R L UL D dl ur FS,2,14,77,8,2,16,4
R L UL D ur dl FS,2,14,77,8,2,14,4
R L UL dl D ur FS,2,14,77,8,2,14,4
R UL D dl L ur FS,2,14,77,8,2,16,3
R UL D L dl ur FS,2,14,77,8,2,16,3
R UL D L ur dl FS,2,14,77,8,2,14,3
R UL dl D L ur FS,2,14,77,8,2,14,3
R UL dl L D ur FS,2,14,77,8,2,14,3
R UL L D dl ur FS,2,14,77,8,2,14,3
R UL L D ur dl FS,2,14,77,8,2,12,3
R UL L dl D ur FS,2,14,77,8,2,14,3
UL D L R dl ur FS,2,14,77,8,2,15,4
UL D L R ur dl FS,2,14,77,8,2,17,4
UL D L ur R dl FS,2,14,77,8,2,13,3
UL D R dl L ur FS,2,14,77,8,2,13,3
UL D R L dl ur FS,2,14,77,8,2,17,4
UL D R L ur dl FS,2,14,77,8,2,15,4
UL L D R dl ur FS,2,14,77,8,2,11,3
UL L D R ur dl FS,2,14,77,8,2,13,3
UL L D ur R dl FS,2,14,77,8,2,11,3
UL L R D dl ur FS,2,14,77,8,2,15,4
UL L R D ur dl FS,2,14,77,8,2,13,4
UL L R dl D ur FS,2,14,77,8,2,13,4
UL R D dl L ur FS,2,14,77,8,2,15,3
UL R D L dl ur FS,2,14,77,8,2,15,3
UL R D L ur dl FS,2,14,77,8,2,13,3
UL R dl D L ur FS,2,14,77,8,2,13,3
UL R dl L D ur FS,2,14,77,8,2,13,3
UL R L D dl ur FS,2,14,77,8,2,17,4
UL R L D ur dl FS,2,14,77,8,2,15,4
UL R L dl D ur FS,2,14,77,8,2,17,4
D R FS UL dl ur L,2,14,77,9,2,12,3
D R FS UL ur dl L,2,14,77,9,2,14,3
D R FS ur UL dl L,2,14,77,9,2,14,3
D R UL dl FS ur L,2,14,77,9,2,14,3
D R UL dl ur FS L,2,14,77,9,2,14,3
D R UL FS dl ur L,2,14,77,9,2,14,3
D R UL FS ur dl L,2,14,77,9,2,16,3
D R UL ur dl FS L,2,14,77,9,2,14,3
D R UL ur FS dl L,2,14,77,9,2,16,3
D R ur FS UL dl L,2,14,77,9,2,16,3
D R ur UL dl FS L,2,14,77,9,2,14,3
D R ur UL FS dl L,2,14,77,9,2,16,3
D UL R dl FS ur L,2,14,77,9,2,14,3
D UL R dl ur FS L,2,14,77,9,2,14,3
D UL R FS dl ur L,2,14,77,9,2,14,3
D UL R FS ur dl L,2,14,77,9,2,16,3
D UL R ur dl FS L,2,14,77,9,2,16,3
D UL R ur FS dl L,2,14,77,9,2,18,3
D UL ur R dl FS L,2,14,77,9,2,14,3
D UL ur R FS dl L,2,14,77,9,2,16,3
D ur R FS UL dl L,2,14,77,9,2,14,3
D ur R UL dl FS L,2,14,77,9,2,14,3
D ur R UL FS dl L,2,14,77,9,2,16,3
D ur UL R dl FS L,2,14,77,9,2,12,3
D ur UL R FS dl L,2,14,77,9,2,14,3
L R UL dl FS ur D,2,14,77,9,2,16,4
L R UL dl ur FS D,2,14,77,9,2,16,4
L R UL FS dl ur D,2,14,77,9,2,16,4
L R UL FS ur dl D,2,14,77,9,2,18,4
L R UL ur dl FS D,2,14,77,9,2,16,4
L R UL ur FS dl D,2,14,77,9,2,18,4
L R ur UL dl FS D,2,14,77,9,2,16,4
L R ur UL FS dl D,2,14,77,9,2,18,4
L UL FS R dl ur D,2,14,77,9,2,10,3
L UL FS R ur dl D,2,14,77,9,2,14,3
L UL FS ur R dl D,2,14,77,9,2,14,3
L UL R dl FS ur D,2,14,77,9,2,12,3
L UL R dl ur FS D,2,14,77,9,2,12,3
L UL R FS dl ur D,2,14,77,9,2,12,3
L UL R FS ur dl D,2,14,77,9,2,14,3
L UL R ur dl FS D,2,14,77,9,2,14,3
L UL R ur FS dl D,2,14,77,9,2,16,3
L UL ur FS R dl D,2,14,77,9,2,12,3
L UL ur R dl FS D,2,14,77,9,2,12,3
L UL ur R FS dl D,2,14,77,9,2,14,3
L ur R UL dl FS D,2,14,77,9,2,14,3
L ur R UL FS dl D,2,14,77,9,2,16,3
L ur UL FS R dl D,2,14,77,9,2,12,3
L ur UL R dl FS D,2,14,77,9,2,12,3
L ur UL R FS dl D,2,14,77,9,2,14,3
R D FS UL dl ur L,2,14,77,9,2,12,3
R D FS UL ur dl L,2,14,77,9,2,14,3
R D FS ur UL dl L,2,14,77,9,2,14,3
R D UL dl FS ur L,2,14,77,9,2,14,3
R D UL dl ur FS L,2,14,77,9,2,14,3
R D UL FS dl ur L,2,14,77,9,2,14,3
R D UL FS ur dl L,2,14,77,9,2,16,3
R D UL ur dl FS L,2,14,77,9,2,14,3
R D UL ur FS dl L,2,14,77,9,2,16,3
R D ur FS UL dl L,2,14,77,9,2,14,3
R D ur UL dl FS L,2,14,77,9,2,12,3
R D ur UL FS dl L,2,14,77,9,2,14,3
R L UL dl FS ur D,2,14,77,9,2,14,4
R L UL dl ur FS D,2,14,77,9,2,14,4
R L UL FS dl ur D,2,14,77,9,2,14,4
R L UL FS ur dl D,2,14,77,9,2,16,4
R L UL ur dl FS D,2,14,77,9,2,14,4
R L UL ur FS dl D,2,14,77,9,2,16,4
R L ur UL dl FS D,2,14,77,9,2,14,4
R L ur UL FS dl D,2,14,77,9,2,16,4
R UL D dl FS ur L,2,14,77,9,2,16,3
R UL D dl ur FS L,2,14,77,9,2,16,3
R UL D FS dl ur L,2,14,77,9,2,14,3
R UL D FS ur dl L,2,14,77,9,2,16,3
R UL D ur dl FS L,2,14,77,9,2,14,3
R UL D ur FS dl L,2,14,77,9,2,16,3
R UL dl D FS ur L,2,14,77,9,2,14,3
R UL dl D ur FS L,2,14,77,9,2,14,3
R UL dl L FS ur D,2,14,77,9,2,14,3
R UL dl L ur FS D,2,14,77,9,2,14,3
R UL dl ur D FS L,2,14,77,9,2,12,3
R UL dl ur L FS D,2,14,77,9,2,12,3
R UL L dl FS ur D,2,14,77,9,2,14,3
R UL L dl ur FS D,2,14,77,9,2,14,3
R UL L FS dl ur D,2,14,77,9,2,12,3
R UL L FS ur dl D,2,14,77,9,2,14,3
R UL L ur dl FS D,2,14,77,9,2,12,3
R UL L ur FS dl D,2,14,77,9,2,14,3
R UL ur D dl FS L,2,14,77,9,2,14,3
R UL ur D FS dl L,2,14,77,9,2,14,3
R UL ur dl D FS L,2,14,77,9,2,14,3
R UL ur dl L FS D,2,14,77,9,2,14,3
R UL ur L dl FS D,2,14,77,9,2,14,3
R UL ur L FS dl D,2,14,77,9,2,14,3
R ur D FS UL dl L,2,14,77,9,2,14,3
R ur D UL dl FS L,2,14,77,9,2,14,3
R ur D UL FS dl L,2,14,77,9,2,16,3
R ur L UL dl FS D,2,14,77,9,2,12,3
R ur L UL FS dl D,2,14,77,9,2,14,3
R ur UL D dl FS L,2,14,77,9,2,16,3
R ur UL D FS dl L,2,14,77,9,2,16,3
R ur UL dl D FS L,2,14,77,9,2,14,3
R ur UL dl L FS D,2,14,77,9,2,14,3
R ur UL L dl FS D,2,14,77,9,2,14,3
R ur UL L FS dl D,2,14,77,9,2,14,3
UL D R dl FS ur L,2,14,77,9,2,13,3
UL D R dl ur FS L,2,14,77,9,2,13,3
UL D R FS dl ur L,2,14,77,9,2,13,3
UL D R FS ur dl L,2,14,77,9,2,15,3
UL D R ur dl FS L,2,14,77,9,2,15,3
UL D R ur FS dl L,2,14,77,9,2,17,3
UL D ur R dl FS L,2,14,77,9,2,13,3
UL D ur R FS dl L,2,14,77,9,2,15,3
UL L FS R dl ur D,2,14,77,9,2,9,2
UL L FS R ur dl D,2,14,77,9,2,13,3
UL L FS ur R dl D,2,14,77,9,2,13,3
UL L R dl FS ur D,2,14,77,9,2,13,4
UL L R dl ur FS D,2,14,77,9,2,13,4
UL L R FS dl ur D,2,14,77,9,2,13,4
UL L R FS ur dl D,2,14,77,9,2,15,4
UL L R ur dl FS D,2,14,77,9,2,15,4
UL L R ur FS dl D,2,14,77,9,2,17,4
UL L ur FS R dl D,2,14,77,9,2,11,3
UL L ur R dl FS D,2,14,77,9,2,11,3
UL L ur R FS dl D,2,14,77,9,2,13,3
UL R D dl FS ur L,2,14,77,9,2,15,3
UL R D dl ur FS L,2,14,77,9,2,15,3
UL R D FS dl ur L,2,14,77,9,2,13,3
UL R D FS ur dl L,2,14,77,9,2,15,3
UL R D ur dl FS L,2,14,77,9,2,13,3
UL R D ur FS dl L,2,14,77,9,2,15,3
UL R dl D FS ur L,2,14,77,9,2,13,3
UL R dl D ur FS L,2,14,77,9,2,13,3
UL R dl L FS ur D,2,14,77,9,2,13,3
UL R dl L ur FS D,2,14,77,9,2,13,3
UL R dl ur D FS L,2,14,77,9,2,11,3
UL R dl ur L FS D,2,14,77,9,2,11,3
UL R L dl FS ur D,2,14,77,9,2,17,4
UL R L dl ur FS D,2,14,77,9,2,17,4
UL R L FS dl ur D,2,14,77,9,2,15,4
UL R L FS ur dl D,2,14,77,9,2,17,4
UL R L ur dl FS D,2,14,77,9,2,15,4
UL R L ur FS dl D,2,14,77,9,2,17,4
UL R ur D dl FS L,2,14,77,9,2,15,3
UL R ur D FS dl L,2,14,77,9,2,15,3
UL R ur dl D FS L,2,14,77,9,2,15,3
UL R ur dl L FS D,2,14,77,9,2,15,3
UL R ur L dl FS D,2,14,77,9,2,15,3
UL R ur L FS dl D,2,14,77,9,2,15,3
UL ur D R dl FS L,2,14,77,9,2,11,3
UL ur D R FS dl L,2,14,77,9,2,13,3
UL ur L FS R dl D,2,14,77,9,2,11,3
UL ur L R dl FS D,2,14,77,9,2,13,4
UL ur L R FS dl D,2,14,77,9,2,15,4
UL ur R D dl FS L,2,14,77,9,2,15,3
UL ur R D FS dl L,2,14,77,9,2,15,3
UL ur R dl D FS L,2,14,77,9,2,13,3
UL ur R dl L FS D,2,14,77,9,2,13,3
UL ur R L dl FS D,2,14,77,9,2,17,4
UL ur R L FS dl D,2,14,77,9,2,17,4
ur D R FS UL dl L,2,14,77,9,2,13,3
ur D R UL dl FS L,2,14,77,9,2,13,3
ur D R UL FS dl L,2,14,77,9,2,15,3
ur D UL R dl FS L,2,14,77,9,2,13,3
ur D UL R FS dl L,2,14,77,9,2,15,3
ur L R UL dl FS D,2,14,77,9,2,15,4
ur L R UL FS dl D,2,14,77,9,2,17,4
ur L UL FS R dl D,2,14,77,9,2,11,3
ur L UL R dl FS D,2,14,77,9,2,11,3
ur L UL R FS dl D,2,14,77,9,2,13,3
ur R D FS UL dl L,2,14,77,9,2,15,3
ur R D UL dl FS L,2,14,77,9,2,15,3
ur R D UL FS dl L,2,14,77,9,2,17,3
ur R L UL dl FS D,2,14,77,9,2,15,4
ur R L UL FS dl D,2,14,77,9,2,17,4
ur R UL D dl FS L,2,14,77,9,2,17,3
ur R UL D FS dl L,2,14,77,9,2,17,3
ur R UL dl D FS L,2,14,77,9,2,15,3
ur R UL dl L FS D,2,14,77,9,2,15,3
ur R UL L dl FS D,2,14,77,9,2,15,3
ur R UL L FS dl D,2,14,77,9,2,15,3
ur UL D R dl FS L,2,14,77,9,2,13,3
ur UL D R FS dl L,2,14,77,9,2,15,3
ur UL L FS R dl D,2,14,77,9,2,11,3
ur UL L R dl FS D,2,14,77,9,2,13,4
ur UL L R FS dl D,2,14,77,9,2,15,4
ur UL R D dl FS L,2,14,77,9,2,15,3
ur UL R D FS dl L,2,14,77,9,2,15,3
ur UL R dl D FS L,2,14,77,9,2,13,3
ur UL R dl L FS D,2,14,77,9,2,13,3
ur UL R L dl FS D,2,14,77,9,2,17,4
ur UL R L FS dl D,2,14,77,9,2,17,4
D dl FS L R ur UL,2,14,79,8,2,17,4
D dl FS L UL ur R,2,14,79,8,2,14,3
D dl FS L ur R UL,2,14,79,8,2,15,3
D dl FS L ur UL R,2,14,79,8,2,14,3
D dl FS R L ur UL,2,14,79,8,2,15,4
D dl FS R ur L UL,2,14,79,8,2,13,3
D dl FS ur L R UL,2,14,79,8,2,17,4
D dl FS ur L UL R,2,14,79,8,2,14,3
D dl FS ur R L UL,2,14,79,8,2,17,4
D dl L FS R ur UL,2,14,79,8,2,15,3
D dl L FS UL ur R,2,14,79,8,2,16,3
D dl L FS ur R UL,2,14,79,8,2,17,3
D dl L FS ur UL R,2,14,79,8,2,16,3
D dl L ur FS R UL,2,14,79,8,2,15,3
D dl L ur FS UL R,2,14,79,8,2,16,3
D dl L ur UL FS R,2,14,79,8,2,14,3
D dl ur FS L R UL,2,14,79,8,2,17,4
D dl ur FS L UL R,2,14,79,8,2,14,3
D dl ur FS R L UL,2,14,79,8,2,15,4
D dl ur L FS R UL,2,14,79,8,2,13,3
D dl ur L FS UL R,2,14,79,8,2,14,3
D dl ur L UL FS R,2,14,79,8,2,12,3
D FS dl L R ur UL,2,14,79,8,2,17,4
D FS dl L UL ur R,2,14,79,8,2,14,3
D FS dl L ur R UL,2,14,79,8,2,15,3
D FS dl L ur UL R,2,14,79,8,2,14,3
D FS dl R L ur UL,2,14,79,8,2,13,4
D FS dl R ur L UL,2,14,79,8,2,11,3
D FS dl ur L R UL,2,14,79,8,2,15,4
D FS dl ur L UL R,2,14,79,8,2,12,3
D FS dl ur R L UL,2,14,79,8,2,15,4
D FS L dl R ur UL,2,14,79,8,2,13,3
D FS L dl UL ur R,2,14,79,8,2,14,3
D FS L dl ur R UL,2,14,79,8,2,15,3
D FS L dl ur UL R,2,14,79,8,2,14,3
D FS L R dl ur UL,2,14,79,8,2,13,4
D FS L R ur dl UL,2,14,79,8,2,15,4
D FS L UL dl ur R,2,14,79,8,2,12,3
D FS L UL ur dl R,2,14,79,8,2,10,2
D FS L ur dl R UL,2,14,79,8,2,11,3
D FS L ur dl UL R,2,14,79,8,2,12,3
D FS L ur R dl UL,2,14,79,8,2,11,3
D FS L ur UL dl R,2,14,79,8,2,10,2
D FS R dl L ur UL,2,14,79,8,2,11,3
D FS R dl ur L UL,2,14,79,8,2,9,2
D FS R L dl ur UL,2,14,79,8,2,15,4
D FS R L ur dl UL,2,14,79,8,2,13,4
D FS R ur dl L UL,2,14,79,8,2,13,3
D FS R ur L dl UL,2,14,79,8,2,13,3
D FS ur dl L R UL,2,14,79,8,2,17,4
D FS ur dl L UL R,2,14,79,8,2,14,3
D FS ur dl R L UL,2,14,79,8,2,13,4
D FS ur L dl R UL,2,14,79,8,2,13,3
D FS ur L dl UL R,2,14,79,8,2,14,3
D FS ur L R dl UL,2,14,79,8,2,13,4
D FS ur L UL dl R,2,14,79,8,2,10,3
D FS ur R dl L UL,2,14,79,8,2,13,3
D FS ur R L dl UL,2,14,79,8,2,17,4
D L dl FS R ur UL,2,14,79,8,2,15,3
D L dl FS UL ur R,2,14,79,8,2,16,3
D L dl FS ur R UL,2,14,79,8,2,17,3
D L dl FS ur UL R,2,14,79,8,2,16,3
D L dl ur FS R UL,2,14,79,8,2,15,3
D L dl ur FS UL R,2,14,79,8,2,16,3
D L dl ur UL FS R,2,14,79,8,2,14,3
D L FS dl R ur UL,2,14,79,8,2,13,3
D L FS dl UL ur R,2,14,79,8,2,14,3
D L FS dl ur R UL,2,14,79,8,2,15,3
D L FS dl ur UL R,2,14,79,8,2,14,3
D L FS R dl ur UL,2,14,79,8,2,11,2
D L FS R ur dl UL,2,14,79,8,2,13,3
D L FS UL dl ur R,2,14,79,8,2,14,3
D L FS UL ur dl R,2,14,79,8,2,12,3
D L FS ur dl R UL,2,14,79,8,2,13,3
D L FS ur dl UL R,2,14,79,8,2,14,3
D L FS ur R dl UL,2,14,79,8,2,13,3
D L FS ur UL dl R,2,14,79,8,2,12,3
D L ur dl FS R UL,2,14,79,8,2,13,3
D L ur dl FS UL R,2,14,79,8,2,14,3
D L ur dl UL FS R,2,14,79,8,2,12,3
D L ur FS dl R UL,2,14,79,8,2,13,3
D L ur FS dl UL R,2,14,79,8,2,14,3
D L ur FS R dl UL,2,14,79,8,2,11,3
D L ur FS UL dl R,2,14,79,8,2,12,3
D L ur UL dl FS R,2,14,79,8,2,12,3
D L ur UL FS dl R,2,14,79,8,2,12,3
D ur dl FS L R UL,2,14,79,8,2,15,4
D ur dl FS L UL R,2,14,79,8,2,12,3
D ur dl FS R L UL,2,14,79,8,2,13,4
D ur dl L FS R UL,2,14,79,8,2,13,3
D ur dl L FS UL R,2,14,79,8,2,14,3
D ur dl L UL FS R,2,14,79,8,2,12,3
D ur FS dl L R UL,2,14,79,8,2,17,4
D ur FS dl L UL R,2,14,79,8,2,14,3
D ur FS dl R L UL,2,14,79,8,2,13,4
D ur FS L dl R UL,2,14,79,8,2,13,3
D ur FS L dl UL R,2,14,79,8,2,14,3
D ur FS L R dl UL,2,14,79,8,2,13,4
D ur FS L UL dl R,2,14,79,8,2,10,3
D ur FS R dl L UL,2,14,79,8,2,11,3
D ur FS R L dl UL,2,14,79,8,2,15,4
D ur L dl FS R UL,2,14,79,8,2,13,3
D ur L dl FS UL R,2,14,79,8,2,14,3
D ur L dl UL FS R,2,14,79,8,2,12,3
D ur L FS dl R UL,2,14,79,8,2,11,3
D ur L FS dl UL R,2,14,79,8,2,12,3
D ur L FS R dl UL,2,14,79,8,2,9,2
D ur L FS UL dl R,2,14,79,8,2,10,3
D ur L UL dl FS R,2,14,79,8,2,10,3
D ur L UL FS dl R,2,14,79,8,2,10,3
dl D FS L R ur UL,2,14,79,8,2,16,4
dl D FS L UL ur R,2,14,79,8,2,13,3
dl D FS L ur R UL,2,14,79,8,2,14,3
dl D FS L ur UL R,2,14,79,8,2,13,3
dl D FS R L ur UL,2,14,79,8,2,14,4
dl D FS R ur L UL,2,14,79,8,2,12,3
dl D FS ur L R UL,2,14,79,8,2,16,4
dl D FS ur L UL R,2,14,79,8,2,13,3
dl D FS ur R L UL,2,14,79,8,2,16,4
dl D L FS R ur UL,2,14,79,8,2,14,3
dl D L FS UL ur R,2,14,79,8,2,15,3
dl D L FS ur R UL,2,14,79,8,2,16,3
dl D L FS ur UL R,2,14,79,8,2,15,3
dl D L ur FS R UL,2,14,79,8,2,14,3
dl D L ur FS UL R,2,14,79,8,2,15,3
dl D L ur UL FS R,2,14,79,8,2,13,3
dl D ur FS L R UL,2,14,79,8,2,16,4
dl D ur FS L UL R,2,14,79,8,2,13,3
dl D ur FS R L UL,2,14,79,8,2,14,4
dl D ur L FS R UL,2,14,79,8,2,12,3
dl D ur L FS UL R,2,14,79,8,2,13,3
dl D ur L UL FS R,2,14,79,8,2,11,3
dl FS D L R ur UL,2,14,79,8,2,16,4
dl FS D L UL ur R,2,14,79,8,2,13,3
dl FS D L ur R UL,2,14,79,8,2,14,3
dl FS D L ur UL R,2,14,79,8,2,13,3
dl FS D R L ur UL,2,14,79,8,2,14,4
dl FS D R ur L UL,2,14,79,8,2,12,3
dl FS D ur L R UL,2,14,79,8,2,14,4
dl FS D ur L UL R,2,14,79,8,2,11,3
dl FS D ur R L UL,2,14,79,8,2,14,4
dl FS L D R ur UL,2,14,79,8,2,14,3
dl FS L D UL ur R,2,14,79,8,2,15,3
dl FS L D ur R UL,2,14,79,8,2,14,3
dl FS L D ur UL R,2,14,79,8,2,13,3
dl FS L UL D ur R,2,14,79,8,2,13,3
dl FS L ur D R UL,2,14,79,8,2,12,3
dl FS L ur D UL R,2,14,79,8,2,13,3
dl FS ur D L R UL,2,14,79,8,2,16,4
dl FS ur D L UL R,2,14,79,8,2,13,3
dl FS ur D R L UL,2,14,79,8,2,14,4
dl FS ur L D R UL,2,14,79,8,2,14,3
dl FS ur L D UL R,2,14,79,8,2,15,3
dl L D FS R ur UL,2,14,79,8,2,14,3
dl L D FS UL ur R,2,14,79,8,2,15,3
dl L D FS ur R UL,2,14,79,8,2,16,3
dl L D FS ur UL R,2,14,79,8,2,15,3
dl L D ur FS R UL,2,14,79,8,2,14,3
dl L D ur FS UL R,2,14,79,8,2,15,3
dl L D ur UL FS R,2,14,79,8,2,13,3
dl L FS D R ur UL,2,14,79,8,2,14,3
dl L FS D UL ur R,2,14,79,8,2,15,3
dl L FS D ur R UL,2,14,79,8,2,14,3
dl L FS D ur UL R,2,14,79,8,2,13,3
dl L FS UL D ur R,2,14,79,8,2,15,3
dl L FS ur D R UL,2,14,79,8,2,14,3
dl L FS ur D UL R,2,14,79,8,2,15,3
dl L ur D FS R UL,2,14,79,8,2,12,3
dl L ur D FS UL R,2,14,79,8,2,13,3
dl L ur D UL FS R,2,14,79,8,2,13,3
dl L ur FS D R UL,2,14,79,8,2,14,3
dl L ur FS D UL R,2,14,79,8,2,15,3
dl ur D FS L R UL,2,14,79,8,2,14,4
dl ur D FS L UL R,2,14,79,8,2,11,3
dl ur D FS R L UL,2,14,79,8,2,12,4
dl ur D L FS R UL,2,14,79,8,2,12,3
dl ur D L FS UL R,2,14,79,8,2,13,3
dl ur D L UL FS R,2,14,79,8,2,11,3
dl ur FS D L R UL,2,14,79,8,2,16,4
dl ur FS D L UL R,2,14,79,8,2,13,3
dl ur FS D R L UL,2,14,79,8,2,14,4
dl ur FS L D R UL,2,14,79,8,2,14,3
dl ur FS L D UL R,2,14,79,8,2,15,3
dl ur L D FS R UL,2,14,79,8,2,12,3
dl ur L D FS UL R,2,14,79,8,2,13,3
dl ur L D UL FS R,2,14,79,8,2,13,3
dl ur L FS D R UL,2,14,79,8,2,12,3
dl ur L FS D UL R,2,14,79,8,2,13,3
FS D dl L R ur UL,2,14,79,8,2,17,4
FS D dl L UL ur R,2,14,79,8,2,14,3
FS D dl L ur R UL,2,14,79,8,2,15,3
FS D dl L ur UL R,2,14,79,8,2,14,3
FS D dl R L ur UL,2,14,79,8,2,13,4
FS D dl R ur L UL,2,14,79,8,2,11,3
FS D dl ur L R UL,2,14,79,8,2,15,4
FS D dl ur L UL R,2,14,79,8,2,12,3
FS D dl ur R L UL,2,14,79,8,2,15,4
FS D L dl R ur UL,2,14,79,8,2,13,3
FS D L dl UL ur R,2,14,79,8,2,14,3
FS D L dl ur R UL,2,14,79,8,2,15,3
FS D L dl ur UL R,2,14,79,8,2,14,3
FS D L R dl ur UL,2,14,79,8,2,13,4
FS D L R ur dl UL,2,14,79,8,2,15,4
FS D L UL dl ur R,2,14,79,8,2,12,3
FS D L UL ur dl R,2,14,79,8,2,10,2
FS D L ur dl R UL,2,14,79,8,2,11,3
FS D L ur dl UL R,2,14,79,8,2,12,3
FS D L ur R dl UL,2,14,79,8,2,11,3
FS D L ur UL dl R,2,14,79,8,2,10,2
FS D R dl L ur UL,2,14,79,8,2,11,3
FS D R dl ur L UL,2,14,79,8,2,9,2
FS D R L dl ur UL,2,14,79,8,2,15,4
FS D R L ur dl UL,2,14,79,8,2,13,4
FS D R ur dl L UL,2,14,79,8,2,13,3
FS D R ur L dl UL,2,14,79,8,2,13,3
FS D ur dl L R UL,2,14,79,8,2,15,4
FS D ur dl L UL R,2,14,79,8,2,12,3
FS D ur dl R L UL,2,14,79,8,2,11,4
FS D ur L dl R UL,2,14,79,8,2,11,3
FS D ur L dl UL R,2,14,79,8,2,12,3
FS D ur L R dl UL,2,14,79,8,2,11,4
FS D ur L UL dl R,2,14,79,8,2,8,2
FS D ur R dl L UL,2,14,79,8,2,11,3
FS D ur R L dl UL,2,14,79,8,2,15,4
FS dl D L R ur UL,2,14,79,8,2,17,4
FS dl D L UL ur R,2,14,79,8,2,14,3
FS dl D L ur R UL,2,14,79,8,2,15,3
FS dl D L ur UL R,2,14,79,8,2,14,3
FS dl D R L ur UL,2,14,79,8,2,15,4
FS dl D R ur L UL,2,14,79,8,2,13,3
FS dl D ur L R UL,2,14,79,8,2,15,4
FS dl D ur L UL R,2,14,79,8,2,12,3
FS dl D ur R L UL,2,14,79,8,2,15,4
FS dl L D R ur UL,2,14,79,8,2,15,3
FS dl L D UL ur R,2,14,79,8,2,16,3
FS dl L D ur R UL,2,14,79,8,2,15,3
FS dl L D ur UL R,2,14,79,8,2,14,3
FS dl L UL D ur R,2,14,79,8,2,14,3
FS dl L ur D R UL,2,14,79,8,2,13,3
FS dl L ur D UL R,2,14,79,8,2,14,3
FS dl ur D L R UL,2,14,79,8,2,15,4
FS dl ur D L UL R,2,14,79,8,2,12,3
FS dl ur D R L UL,2,14,79,8,2,13,4
FS dl ur L D R UL,2,14,79,8,2,13,3
FS dl ur L D UL R,2,14,79,8,2,14,3
FS L D dl R ur UL,2,14,79,8,2,13,3
FS L D dl UL ur R,2,14,79,8,2,14,3
FS L D dl ur R UL,2,14,79,8,2,15,3
FS L D dl ur UL R,2,14,79,8,2,14,3
FS L D R dl ur UL,2,14,79,8,2,11,2
FS L D R ur dl UL,2,14,79,8,2,13,3
FS L D UL dl ur R,2,14,79,8,2,14,3
FS L D UL ur dl R,2,14,79,8,2,12,3
FS L D ur dl R UL,2,14,79,8,2,11,3
FS L D ur dl UL R,2,14,79,8,2,12,3
FS L D ur R dl UL,2,14,79,8,2,11,3
FS L D ur UL dl R,2,14,79,8,2,10,2
FS L dl D R ur UL,2,14,79,8,2,15,3
FS L dl D UL ur R,2,14,79,8,2,16,3
FS L dl D ur R UL,2,14,79,8,2,15,3
FS L dl D ur UL R,2,14,79,8,2,14,3
FS L dl UL D ur R,2,14,79,8,2,14,3
FS L dl ur D R UL,2,14,79,8,2,13,3
FS L dl ur D UL R,2,14,79,8,2,14,3
FS L UL D dl ur R,2,14,79,8,2,14,3
FS L UL D ur dl R,2,14,79,8,2,10,3
FS L UL dl D ur R,2,14,79,8,2,12,3
FS L ur D dl R UL,2,14,79,8,2,11,3
FS L ur D dl UL R,2,14,79,8,2,12,3
FS L ur D R dl UL,2,14,79,8,2,9,2
FS L ur D UL dl R,2,14,79,8,2,10,3
FS L ur dl D R UL,2,14,79,8,2,13,3
FS L ur dl D UL R,2,14,79,8,2,14,3
FS ur D dl L R UL,2,14,79,8,2,17,4
FS ur D dl L UL R,2,14,79,8,2,14,3
FS ur D dl R L UL,2,14,79,8,2,13,4
FS ur D L dl R UL,2,14,79,8,2,13,3
FS ur D L dl UL R,2,14,79,8,2,14,3
FS ur D L R dl UL,2,14,79,8,2,13,4
FS ur D L UL dl R,2,14,79,8,2,10,3
FS ur D R dl L UL,2,14,79,8,2,11,3
FS ur D R L dl UL,2,14,79,8,2,15,4
FS ur dl D L R UL,2,14,79,8,2,17,4
FS ur dl D L UL R,2,14,79,8,2,14,3
FS ur dl D R L UL,2,14,79,8,2,15,4
FS ur dl L D R UL,2,14,79,8,2,15,3
FS ur dl L D UL R,2,14,79,8,2,16,3
FS ur L D dl R UL,2,14,79,8,2,13,3
FS ur L D dl UL R,2,14,79,8,2,14,3
FS ur L D R dl UL,2,14,79,8,2,11,3
FS ur L D UL dl R,2,14,79,8,2,12,3
FS ur L dl D R UL,2,14,79,8,2,15,3
FS ur L dl D UL R,2,14,79,8,2,16,3
L D dl FS R ur UL,2,14,79,8,2,15,3
L D dl FS UL ur R,2,14,79,8,2,16,3
L D dl FS ur R UL,2,14,79,8,2,17,3
L D dl FS ur UL R,2,14,79,8,2,16,3
L D dl ur FS R UL,2,14,79,8,2,15,3
L D dl ur FS UL R,2,14,79,8,2,16,3
L D dl ur UL FS R,2,14,79,8,2,14,3
L D FS dl R ur UL,2,14,79,8,2,13,3
L D FS dl UL ur R,2,14,79,8,2,14,3
L D FS dl ur R UL,2,14,79,8,2,15,3
L D FS dl ur UL R,2,14,79,8,2,14,3
L D FS R dl ur UL,2,14,79,8,2,11,2
L D FS R ur dl UL,2,14,79,8,2,13,3
L D FS UL dl ur R,2,14,79,8,2,14,3
L D FS UL ur dl R,2,14,79,8,2,12,3
L D FS ur dl R UL,2,14,79,8,2,13,3
L D FS ur dl UL R,2,14,79,8,2,14,3
L D FS ur R dl UL,2,14,79,8,2,13,3
L D FS ur UL dl R,2,14,79,8,2,12,3
L D ur dl FS R UL,2,14,79,8,2,13,3
L D ur dl FS UL R,2,14,79,8,2,14,3
L D ur dl UL FS R,2,14,79,8,2,12,3
L D ur FS dl R UL,2,14,79,8,2,13,3
L D ur FS dl UL R,2,14,79,8,2,14,3
L D ur FS R dl UL,2,14,79,8,2,11,3
L D ur FS UL dl R,2,14,79,8,2,12,3
L D ur UL dl FS R,2,14,79,8,2,12,3
L D ur UL FS dl R,2,14,79,8,2,12,3
L dl D FS R ur UL,2,14,79,8,2,15,3
L dl D FS UL ur R,2,14,79,8,2,16,3
L dl D FS ur R UL,2,14,79,8,2,17,3
L dl D FS ur UL R,2,14,79,8,2,16,3
L dl D ur FS R UL,2,14,79,8,2,15,3
L dl D ur FS UL R,2,14,79,8,2,16,3
L dl D ur UL FS R,2,14,79,8,2,14,3
L dl FS D R ur UL,2,14,79,8,2,15,3
L dl FS D UL ur R,2,14,79,8,2,16,3
L dl FS D ur R UL,2,14,79,8,2,15,3
L dl FS D ur UL R,2,14,79,8,2,14,3
L dl FS UL D ur R,2,14,79,8,2,16,3
L dl FS ur D R UL,2,14,79,8,2,15,3
L dl FS ur D UL R,2,14,79,8,2,16,3
L dl ur D FS R UL,2,14,79,8,2,13,3
L dl ur D FS UL R,2,14,79,8,2,14,3
L dl ur D UL FS R,2,14,79,8,2,14,3
L dl ur FS D R UL,2,14,79,8,2,15,3
L dl ur FS D UL R,2,14,79,8,2,16,3
L FS D dl R ur UL,2,14,79,8,2,13,3
L FS D dl UL ur R,2,14,79,8,2,14,3
L FS D dl ur R UL,2,14,79,8,2,15,3
L FS D dl ur UL R,2,14,79,8,2,14,3
L FS D R dl ur UL,2,14,79,8,2,11,2
L FS D R ur dl UL,2,14,79,8,2,13,3
L FS D UL dl ur R,2,14,79,8,2,14,3
L FS D UL ur dl R,2,14,79,8,2,12,3
L FS D ur dl R UL,2,14,79,8,2,11,3
L FS D ur dl UL R,2,14,79,8,2,12,3
L FS D ur R dl UL,2,14,79,8,2,11,3
L FS D ur UL dl R,2,14,79,8,2,10,2
L FS dl D R ur UL,2,14,79,8,2,15,3
L FS dl D UL ur R,2,14,79,8,2,16,3
L FS dl D ur R UL,2,14,79,8,2,15,3
L FS dl D ur UL R,2,14,79,8,2,14,3
L FS dl UL D ur R,2,14,79,8,2,14,3
L FS dl ur D R UL,2,14,79,8,2,13,3
L FS dl ur D UL R,2,14,79,8,2,14,3
L FS UL D dl ur R,2,14,79,8,2,16,3
L FS UL D ur dl R,2,14,79,8,2,12,3
L FS UL dl D ur R,2,14,79,8,2,14,3
L FS ur D dl R UL,2,14,79,8,2,13,3
L FS ur D dl UL R,2,14,79,8,2,14,3
L FS ur D R dl UL,2,14,79,8,2,11,3
L FS ur D UL dl R,2,14,79,8,2,12,3
L FS ur dl D R UL,2,14,79,8,2,15,3
L FS ur dl D UL R,2,14,79,8,2,16,3
L ur D dl FS R UL,2,14,79,8,2,13,3
L ur D dl FS UL R,2,14,79,8,2,14,3
L ur D dl UL FS R,2,14,79,8,2,12,3
L ur D FS dl R UL,2,14,79,8,2,11,3
L ur D FS dl UL R,2,14,79,8,2,12,3
L ur D FS R dl UL,2,14,79,8,2,9,2
L ur D FS UL dl R,2,14,79,8,2,10,3
L ur D UL dl FS R,2,14,79,8,2,12,3
L ur D UL FS dl R,2,14,79,8,2,12,3
L ur dl D FS R UL,2,14,79,8,2,13,3
L ur dl D FS UL R,2,14,79,8,2,14,3
L ur dl D UL FS R,2,14,79,8,2,14,3
L ur dl FS D R UL,2,14,79,8,2,13,3
L ur dl FS D UL R,2,14,79,8,2,14,3
L ur FS D dl R UL,2,14,79,8,2,13,3
L ur FS D dl UL R,2,14,79,8,2,14,3
L ur FS D R dl UL,2,14,79,8,2,11,3
L ur FS D UL dl R,2,14,79,8,2,12,3
L ur FS dl D R UL,2,14,79,8,2,15,3
L ur FS dl D UL R,2,14,79,8,2,16,3
ur D dl FS L R UL,2,14,79,8,2,16,4
ur D dl FS L UL R,2,14,79,8,2,13,3
ur D dl FS R L UL,2,14,79,8,2,14,4
ur D dl L FS R UL,2,14,79,8,2,14,3
ur D dl L FS UL R,2,14,79,8,2,15,3
ur D dl L UL FS R,2,14,79,8,2,13,3
ur D FS dl L R UL,2,14,79,8,2,16,4
ur D FS dl L UL R,2,14,79,8,2,13,3
ur D FS dl R L UL,2,14,79,8,2,12,4
ur D FS L dl R UL,2,14,79,8,2,12,3
ur D FS L dl UL R,2,14,79,8,2,13,3
ur D FS L R dl UL,2,14,79,8,2,12,4
ur D FS L UL dl R,2,14,79,8,2,9,2
ur D FS R dl L UL,2,14,79,8,2,10,3
ur D FS R L dl UL,2,14,79,8,2,14,4
ur D L dl FS R UL,2,14,79,8,2,14,3
ur D L dl FS UL R,2,14,79,8,2,15,3
ur D L dl UL FS R,2,14,79,8,2,13,3
ur D L FS dl R UL,2,14,79,8,2,12,3
ur D L FS dl UL R,2,14,79,8,2,13,3
ur D L FS R dl UL,2,14,79,8,2,10,2
ur D L FS UL dl R,2,14,79,8,2,11,3
ur D L UL dl FS R,2,14,79,8,2,11,3
ur D L UL FS dl R,2,14,79,8,2,11,3
ur dl D FS L R UL,2,14,79,8,2,16,4
ur dl D FS L UL R,2,14,79,8,2,13,3
ur dl D FS R L UL,2,14,79,8,2,14,4
ur dl D L FS R UL,2,14,79,8,2,14,3
ur dl D L FS UL R,2,14,79,8,2,15,3
ur dl D L UL FS R,2,14,79,8,2,13,3
ur dl FS D L R UL,2,14,79,8,2,16,4
ur dl FS D L UL R,2,14,79,8,2,13,3
ur dl FS D R L UL,2,14,79,8,2,14,4
ur dl FS L D R UL,2,14,79,8,2,14,3
ur dl FS L D UL R,2,14,79,8,2,15,3
ur dl L D FS R UL,2,14,79,8,2,14,3
ur dl L D FS UL R,2,14,79,8,2,15,3
ur dl L D UL FS R,2,14,79,8,2,15,3
ur dl L FS D R UL,2,14,79,8,2,14,3
ur dl L FS D UL R,2,14,79,8,2,15,3
ur FS D dl L R UL,2,14,79,8,2,18,4
ur FS D dl L UL R,2,14,79,8,2,15,3
ur FS D dl R L UL,2,14,79,8,2,14,4
ur FS D L dl R UL,2,14,79,8,2,14,3
ur FS D L dl UL R,2,14,79,8,2,15,3
ur FS D L R dl UL,2,14,79,8,2,14,4
ur FS D L UL dl R,2,14,79,8,2,11,3
ur FS D R dl L UL,2,14,79,8,2,12,3
ur FS D R L dl UL,2,14,79,8,2,16,4
ur FS dl D L R UL,2,14,79,8,2,18,4
ur FS dl D L UL R,2,14,79,8,2,15,3
ur FS dl D R L UL,2,14,79,8,2,16,4
ur FS dl L D R UL,2,14,79,8,2,16,3
ur FS dl L D UL R,2,14,79,8,2,17,3
ur FS L D dl R UL,2,14,79,8,2,14,3
ur FS L D dl UL R,2,14,79,8,2,15,3
ur FS L D R dl UL,2,14,79,8,2,12,3
ur FS L D UL dl R,2,14,79,8,2,13,3
ur FS L dl D R UL,2,14,79,8,2,16,3
ur FS L dl D UL R,2,14,79,8,2,17,3
ur L D dl FS R UL,2,14,79,8,2,14,3
ur L D dl FS UL R,2,14,79,8,2,15,3
ur L D dl UL FS R,2,14,79,8,2,13,3
ur L D FS dl R UL,2,14,79,8,2,12,3
ur L D FS dl UL R,2,14,79,8,2,13,3
ur L D FS R dl UL,2,14,79,8,2,10,2
ur L D FS UL dl R,2,14,79,8,2,11,3
ur L D UL dl FS R,2,14,79,8,2,13,3
ur L D UL FS dl R,2,14,79,8,2,13,3
ur L dl D FS R UL,2,14,79,8,2,14,3
ur L dl D FS UL R,2,14,79,8,2,15,3
ur L dl D UL FS R,2,14,79,8,2,15,3
ur L dl FS D R UL,2,14,79,8,2,14,3
ur L dl FS D UL R,2,14,79,8,2,15,3
ur L FS D dl R UL,2,14,79,8,2,12,3
ur L FS D dl UL R,2,14,79,8,2,13,3
ur L FS D R dl UL,2,14,79,8,2,10,2
ur L FS D UL dl R,2,14,79,8,2,11,3
ur L FS dl D R UL,2,14,79,8,2,14,3
ur L FS dl D UL R,2,14,79,8,2,15,3
D dl L R FS ur UL,2,14,81,9,2,17,4
D dl L R ur FS UL,2,14,81,9,2,19,4
D dl L ur R FS UL,2,14,81,9,2,15,3
D dl R FS L ur UL,2,14,81,9,2,11,3
D dl R FS ur L UL,2,14,81,9,2,11,3
D dl R L FS ur UL,2,14,81,9,2,15,4
D dl R L ur FS UL,2,14,81,9,2,15,4
D dl R ur FS L UL,2,14,81,9,2,13,3
D dl R ur L FS UL,2,14,81,9,2,13,3
D dl ur L R FS UL,2,14,81,9,2,15,4
D dl ur R FS L UL,2,14,81,9,2,13,3
D dl ur R L FS UL,2,14,81,9,2,17,4
D L dl R FS ur UL,2,14,81,9,2,13,3
D L dl R ur FS UL,2,14,81,9,2,15,3
D L dl ur R FS UL,2,14,81,9,2,15,3
D L R dl FS ur UL,2,14,81,9,2,15,4
D L R dl ur FS UL,2,14,81,9,2,15,4
D L R FS dl ur UL,2,14,81,9,2,15,4
D L R FS ur dl UL,2,14,81,9,2,15,4
D L R ur dl FS UL,2,14,81,9,2,17,4
D L R ur FS dl UL,2,14,81,9,2,17,4
D L ur dl R FS UL,2,14,81,9,2,11,3
D L ur R dl FS UL,2,14,81,9,2,13,3
D L ur R FS dl UL,2,14,81,9,2,13,3
D R dl FS L ur UL,2,14,81,9,2,11,3
D R dl FS ur L UL,2,14,81,9,2,11,3
D R dl L FS ur UL,2,14,81,9,2,13,3
D R dl L ur FS UL,2,14,81,9,2,13,3
D R dl ur FS L UL,2,14,81,9,2,11,3
D R dl ur L FS UL,2,14,81,9,2,11,3
D R FS dl L ur UL,2,14,81,9,2,13,3
D R FS dl ur L UL,2,14,81,9,2,11,3
D R FS L dl ur UL,2,14,81,9,2,13,3
D R FS L ur dl UL,2,14,81,9,2,11,2
D R FS ur dl L UL,2,14,81,9,2,13,3
D R FS ur L dl UL,2,14,81,9,2,13,3
D R L dl FS ur UL,2,14,81,9,2,17,4
D R L dl ur FS UL,2,14,81,9,2,17,4
D R L FS dl ur UL,2,14,81,9,2,15,4
D R L FS ur dl UL,2,14,81,9,2,15,4
D R L ur dl FS UL,2,14,81,9,2,15,4
D R L ur FS dl UL,2,14,81,9,2,15,4
D R ur dl FS L UL,2,14,81,9,2,13,3
D R ur dl L FS UL,2,14,81,9,2,15,3
D R ur FS dl L UL,2,14,81,9,2,15,3
D R ur FS L dl UL,2,14,81,9,2,15,3
D R ur L dl FS UL,2,14,81,9,2,15,3
D R ur L FS dl UL,2,14,81,9,2,13,3
D ur dl L R FS UL,2,14,81,9,2,15,4
D ur dl R FS L UL,2,14,81,9,2,9,2
D ur dl R L FS UL,2,14,81,9,2,13,4
D ur L dl R FS UL,2,14,81,9,2,11,3
D ur L R dl FS UL,2,14,81,9,2,13,4
D ur L R FS dl UL,2,14,81,9,2,13,4
D ur R dl FS L UL,2,14,81,9,2,11,3
D ur R dl L FS UL,2,14,81,9,2,13,3
D ur R FS dl L UL,2,14,81,9,2,13,3
D ur R FS L dl UL,2,14,81,9,2,13,3
D ur R L dl FS UL,2,14,81,9,2,17,4
D ur R L FS dl UL,2,14,81,9,2,15,4
dl D L R FS ur UL,2,14,81,9,2,16,4
dl D L R ur FS UL,2,14,81,9,2,18,4
dl D L ur R FS UL,2,14,81,9,2,14,3
dl D R FS L ur UL,2,14,81,9,2,12,3
dl D R FS ur L UL,2,14,81,9,2,12,3
dl D R L FS ur UL,2,14,81,9,2,16,4
dl D R L ur FS UL,2,14,81,9,2,16,4
dl D R ur FS L UL,2,14,81,9,2,14,3
dl D R ur L FS UL,2,14,81,9,2,14,3
dl D ur L R FS UL,2,14,81,9,2,14,4
dl D ur R FS L UL,2,14,81,9,2,12,3
dl D ur R L FS UL,2,14,81,9,2,16,4
dl L D R FS ur UL,2,14,81,9,2,14,3
dl L D R ur FS UL,2,14,81,9,2,16,3
dl L D ur R FS UL,2,14,81,9,2,14,3
dl L R D FS ur UL,2,14,81,9,2,16,4
dl L R D ur FS UL,2,14,81,9,2,16,4
dl L R ur D FS UL,2,14,81,9,2,16,4
dl L ur D R FS UL,2,14,81,9,2,12,3
dl L ur R D FS UL,2,14,81,9,2,14,3
dl R D FS L ur UL,2,14,81,9,2,10,2
dl R D FS ur L UL,2,14,81,9,2,10,3
dl R D L FS ur UL,2,14,81,9,2,12,3
dl R D L ur FS UL,2,14,81,9,2,12,3
dl R D ur FS L UL,2,14,81,9,2,10,3
dl R D ur L FS UL,2,14,81,9,2,10,3
dl R L D FS ur UL,2,14,81,9,2,14,4
dl R L D ur FS UL,2,14,81,9,2,14,4
dl R L ur D FS UL,2,14,81,9,2,12,4
dl R ur D FS L UL,2,14,81,9,2,10,3
dl R ur D L FS UL,2,14,81,9,2,12,3
dl R ur L D FS UL,2,14,81,9,2,12,3
dl ur D L R FS UL,2,14,81,9,2,14,4
dl ur D R FS L UL,2,14,81,9,2,10,2
dl ur D R L FS UL,2,14,81,9,2,14,4
dl ur L D R FS UL,2,14,81,9,2,12,3
dl ur L R D FS UL,2,14,81,9,2,14,4
dl ur R D FS L UL,2,14,81,9,2,12,3
dl ur R D L FS UL,2,14,81,9,2,14,3
dl ur R L D FS UL,2,14,81,9,2,16,4
L D dl R FS ur UL,2,14,81,9,2,13,3
L D dl R ur FS UL,2,14,81,9,2,15,3
L D dl ur R FS UL,2,14,81,9,2,15,3
L D R dl FS ur UL,2,14,81,9,2,13,3
L D R dl ur FS UL,2,14,81,9,2,13,3
L D R FS dl ur UL,2,14,81,9,2,13,3
L D R FS ur dl UL,2,14,81,9,2,13,3
L D R ur dl FS UL,2,14,81,9,2,15,3
L D R ur FS dl UL,2,14,81,9,2,15,3
L D ur dl R FS UL,2,14,81,9,2,11,3
L D ur R dl FS UL,2,14,81,9,2,13,3
L D ur R FS dl UL,2,14,81,9,2,13,3
L dl D R FS ur UL,2,14,81,9,2,15,3
L dl D R ur FS UL,2,14,81,9,2,17,3
L dl D ur R FS UL,2,14,81,9,2,15,3
L dl R D FS ur UL,2,14,81,9,2,13,3
L dl R D ur FS UL,2,14,81,9,2,13,3
L dl R ur D FS UL,2,14,81,9,2,13,3
L dl ur D R FS UL,2,14,81,9,2,13,3
L dl ur R D FS UL,2,14,81,9,2,15,3
L R D dl FS ur UL,2,14,81,9,2,17,4
L R D dl ur FS UL,2,14,81,9,2,17,4
L R D FS dl ur UL,2,14,81,9,2,15,4
L R D FS ur dl UL,2,14,81,9,2,15,4
L R D ur dl FS UL,2,14,81,9,2,15,4
L R D ur FS dl UL,2,14,81,9,2,15,4
L R dl D FS ur UL,2,14,81,9,2,15,4
L R dl D ur FS UL,2,14,81,9,2,15,4
L R dl ur D FS UL,2,14,81,9,2,13,4
L R ur D dl FS UL,2,14,81,9,2,17,4
L R ur D FS dl UL,2,14,81,9,2,15,4
L R ur dl D FS UL,2,14,81,9,2,17,4
L ur D dl R FS UL,2,14,81,9,2,11,3
L ur D R dl FS UL,2,14,81,9,2,11,3
L ur D R FS dl UL,2,14,81,9,2,11,3
L ur dl D R FS UL,2,14,81,9,2,13,3
L ur dl R D FS UL,2,14,81,9,2,11,3
L ur R D dl FS UL,2,14,81,9,2,15,3
L ur R D FS dl UL,2,14,81,9,2,13,3
L ur R dl D FS UL,2,14,81,9,2,13,3
R D dl FS L ur UL,2,14,81,9,2,13,3
R D dl FS ur L UL,2,14,81,9,2,13,3
R D dl L FS ur UL,2,14,81,9,2,15,3
R D dl L ur FS UL,2,14,81,9,2,15,3
R D dl ur FS L UL,2,14,81,9,2,13,3
R D dl ur L FS UL,2,14,81,9,2,13,3
R D FS dl L ur UL,2,14,81,9,2,13,3
R D FS dl ur L UL,2,14,81,9,2,11,3
R D FS L dl ur UL,2,14,81,9,2,13,3
R D FS L ur dl UL,2,14,81,9,2,11,2
R D FS ur dl L UL,2,14,81,9,2,13,3
R D FS ur L dl UL,2,14,81,9,2,13,3
R D L dl FS ur UL,2,14,81,9,2,15,3
R D L dl ur FS UL,2,14,81,9,2,15,3
R D L FS dl ur UL,2,14,81,9,2,13,3
R D L FS ur dl UL,2,14,81,9,2,13,3
R D L ur dl FS UL,2,14,81,9,2,13,3
R D L ur FS dl UL,2,14,81,9,2,13,3
R D ur dl FS L UL,2,14,81,9,2,11,3
R D ur dl L FS UL,2,14,81,9,2,13,3
R D ur FS dl L UL,2,14,81,9,2,13,3
R D ur FS L dl UL,2,14,81,9,2,13,3
R D ur L dl FS UL,2,14,81,9,2,13,3
R D ur L FS dl UL,2,14,81,9,2,11,3
R dl D FS L ur UL,2,14,81,9,2,11,3
R dl D FS ur L UL,2,14,81,9,2,11,3
R dl D L FS ur UL,2,14,81,9,2,13,3
R dl D L ur FS UL,2,14,81,9,2,13,3
R dl D ur FS L UL,2,14,81,9,2,11,3
R dl D ur L FS UL,2,14,81,9,2,11,3
R dl L D FS ur UL,2,14,81,9,2,13,3
R dl L D ur FS UL,2,14,81,9,2,13,3
R dl L ur D FS UL,2,14,81,9,2,11,3
R dl ur D FS L UL,2,14,81,9,2,9,2
R dl ur D L FS UL,2,14,81,9,2,11,3
R dl ur L D FS UL,2,14,81,9,2,11,3
R L D dl FS ur UL,2,14,81,9,2,17,4
R L D dl ur FS UL,2,14,81,9,2,17,4
R L D FS dl ur UL,2,14,81,9,2,15,4
R L D FS ur dl UL,2,14,81,9,2,15,4
R L D ur dl FS UL,2,14,81,9,2,15,4
R L D ur FS dl UL,2,14,81,9,2,15,4
R L dl D FS ur UL,2,14,81,9,2,17,4
R L dl D ur FS UL,2,14,81,9,2,17,4
R L dl ur D FS UL,2,14,81,9,2,15,4
R L ur D dl FS UL,2,14,81,9,2,15,4
R L ur D FS dl UL,2,14,81,9,2,13,4
R L ur dl D FS UL,2,14,81,9,2,15,4
R ur D dl FS L UL,2,14,81,9,2,13,3
R ur D dl L FS UL,2,14,81,9,2,15,3
R ur D FS dl L UL,2,14,81,9,2,13,3
R ur D FS L dl UL,2,14,81,9,2,13,3
R ur D L dl FS UL,2,14,81,9,2,15,3
R ur D L FS dl UL,2,14,81,9,2,13,3
R ur dl D FS L UL,2,14,81,9,2,13,3
R ur dl D L FS UL,2,14,81,9,2,15,3
R ur dl L D FS UL,2,14,81,9,2,15,3
R ur L D dl FS UL,2,14,81,9,2,15,3
R ur L D FS dl UL,2,14,81,9,2,13,3
R ur L dl D FS UL,2,14,81,9,2,15,3
ur D dl L R FS UL,2,14,81,9,2,16,4
ur D dl R FS L UL,2,14,81,9,2,10,3
ur D dl R L FS UL,2,14,81,9,2,14,4
ur D L dl R FS UL,2,14,81,9,2,12,3
ur D L R dl FS UL,2,14,81,9,2,14,4
ur D L R FS dl UL,2,14,81,9,2,14,4
ur D R dl FS L UL,2,14,81,9,2,10,3
ur D R dl L FS UL,2,14,81,9,2,12,3
ur D R FS dl L UL,2,14,81,9,2,12,3
ur D R FS L dl UL,2,14,81,9,2,12,3
ur D R L dl FS UL,2,14,81,9,2,16,4
ur D R L FS dl UL,2,14,81,9,2,14,4
ur dl D L R FS UL,2,14,81,9,2,16,4
ur dl D R FS L UL,2,14,81,9,2,12,3
ur dl D R L FS UL,2,14,81,9,2,16,4
ur dl L D R FS UL,2,14,81,9,2,14,3
ur dl L R D FS UL,2,14,81,9,2,16,4
ur dl R D FS L UL,2,14,81,9,2,10,2
ur dl R D L FS UL,2,14,81,9,2,12,3
ur dl R L D FS UL,2,14,81,9,2,14,4
ur L D dl R FS UL,2,14,81,9,2,12,3
ur L D R dl FS UL,2,14,81,9,2,12,3
ur L D R FS dl UL,2,14,81,9,2,12,3
ur L dl D R FS UL,2,14,81,9,2,14,3
ur L dl R D FS UL,2,14,81,9,2,12,3
ur L R D dl FS UL,2,14,81,9,2,16,4
ur L R D FS dl UL,2,14,81,9,2,14,4
ur L R dl D FS UL,2,14,81,9,2,14,4
ur R D dl FS L UL,2,14,81,9,2,14,3
ur R D dl L FS UL,2,14,81,9,2,16,3
ur R D FS dl L UL,2,14,81,9,2,14,3
ur R D FS L dl UL,2,14,81,9,2,14,3
ur R D L dl FS UL,2,14,81,9,2,16,3
ur R D L FS dl UL,2,14,81,9,2,14,3
ur R dl D FS L UL,2,14,81,9,2,12,3
ur R dl D L FS UL,2,14,81,9,2,14,3
ur R dl L D FS UL,2,14,81,9,2,14,3
ur R L D dl FS UL,2,14,81,9,2,18,4
ur R L D FS dl UL,2,14,81,9,2,16,4
ur R L dl D FS UL,2,14,81,9,2,18,4
D dl L UL FS ur R,2,14,89,9,2,16,3
D dl L UL ur FS R,2,14,89,9,2,14,3
D dl UL L FS ur R,2,14,89,9,2,14,3
D dl UL L ur FS R,2,14,89,9,2,12,3
D L dl UL FS ur R,2,14,89,9,2,16,3
D L dl UL ur FS R,2,14,89,9,2,14,3
D L UL dl FS ur R,2,14,89,9,2,14,3
D L UL dl ur FS R,2,14,89,9,2,12,3
D L UL FS dl ur R,2,14,89,9,2,14,3
D L UL FS ur dl R,2,14,89,9,2,12,3
D L UL ur dl FS R,2,14,89,9,2,12,3
D L UL ur FS dl R,2,14,89,9,2,12,3
D UL dl L FS ur R,2,14,89,9,2,16,3
D UL dl L ur FS R,2,14,89,9,2,14,3
D UL L dl FS ur R,2,14,89,9,2,16,3
D UL L dl ur FS R,2,14,89,9,2,14,3
D UL L FS dl ur R,2,14,89,9,2,14,3
D UL L FS ur dl R,2,14,89,9,2,12,3
D UL L ur dl FS R,2,14,89,9,2,12,3
D UL L ur FS dl R,2,14,89,9,2,12,3
dl D L UL FS ur R,2,14,89,9,2,15,3
dl D L UL ur FS R,2,14,89,9,2,13,3
dl D UL L FS ur R,2,14,89,9,2,15,3
dl D UL L ur FS R,2,14,89,9,2,13,3
dl L D UL FS ur R,2,14,89,9,2,17,3
dl L D UL ur FS R,2,14,89,9,2,15,3
dl L UL D FS ur R,2,14,89,9,2,15,3
dl L UL D ur FS R,2,14,89,9,2,13,3
dl L UL FS D ur R,2,14,89,9,2,13,3
dl UL D L FS ur R,2,14,89,9,2,15,3
dl UL D L ur FS R,2,14,89,9,2,13,3
dl UL L D FS ur R,2,14,89,9,2,13,3
dl UL L D ur FS R,2,14,89,9,2,11,3
dl UL L FS D ur R,2,14,89,9,2,11,3
L D dl UL FS ur R,2,14,89,9,2,16,3
L D dl UL ur FS R,2,14,89,9,2,14,3
L D UL dl FS ur R,2,14,89,9,2,16,3
L D UL dl ur FS R,2,14,89,9,2,14,3
L D UL FS dl ur R,2,14,89,9,2,16,3
L D UL FS ur dl R,2,14,89,9,2,14,3
L D UL ur dl FS R,2,14,89,9,2,14,3
L D UL ur FS dl R,2,14,89,9,2,14,3
L dl D UL FS ur R,2,14,89,9,2,18,3
L dl D UL ur FS R,2,14,89,9,2,16,3
L dl UL D FS ur R,2,14,89,9,2,16,3
L dl UL D ur FS R,2,14,89,9,2,14,3
L dl UL FS D ur R,2,14,89,9,2,14,3
L UL D dl FS ur R,2,14,89,9,2,16,3
L UL D dl ur FS R,2,14,89,9,2,14,3
L UL D FS dl ur R,2,14,89,9,2,14,3
L UL D FS ur dl R,2,14,89,9,2,12,3
L UL D ur dl FS R,2,14,89,9,2,12,3
L UL D ur FS dl R,2,14,89,9,2,12,3
L UL dl D FS ur R,2,14,89,9,2,14,3
L UL dl D ur FS R,2,14,89,9,2,12,3
L UL dl FS D ur R,2,14,89,9,2,12,3
L UL FS D dl ur R,2,14,89,9,2,14,3
L UL FS D ur dl R,2,14,89,9,2,10,3
L UL FS dl D ur R,2,14,89,9,2,14,3
UL D dl L FS ur R,2,14,89,9,2,17,3
UL D dl L ur FS R,2,14,89,9,2,15,3
UL D L dl FS ur R,2,14,89,9,2,17,3
UL D L dl ur FS R,2,14,89,9,2,15,3
UL D L FS dl ur R,2,14,89,9,2,15,3
UL D L FS ur dl R,2,14,89,9,2,13,3
UL D L ur dl FS R,2,14,89,9,2,13,3
UL D L ur FS dl R,2,14,89,9,2,13,3
UL dl D L FS ur R,2,14,89,9,2,15,3
UL dl D L ur FS R,2,14,89,9,2,13,3
UL dl L D FS ur R,2,14,89,9,2,15,3
UL dl L D ur FS R,2,14,89,9,2,13,3
UL dl L FS D ur R,2,14,89,9,2,13,3
UL L D dl FS ur R,2,14,89,9,2,15,3
UL L D dl ur FS R,2,14,89,9,2,13,3
UL L D FS dl ur R,2,14,89,9,2,13,3
UL L D FS ur dl R,2,14,89,9,2,11,3
UL L D ur dl FS R,2,14,89,9,2,11,3
UL L D ur FS dl R,2,14,89,9,2,11,3
UL L dl D FS ur R,2,14,89,9,2,15,3
UL L dl D ur FS R,2,14,89,9,2,13,3
UL L dl FS D ur R,2,14,89,9,2,13,3
UL L FS D dl ur R,2,14,89,9,2,13,3
UL L FS D ur dl R,2,14,89,9,2,9,2
UL L FS dl D ur R,2,14,89,9,2,13,3
