order,min_memo,max_memo,sum_memo,memorized,d_moves,pin_changes,max_pin_changes
dr FS R D UL L ur,2,12,34,5,2,10,3
dr FS R UL D L ur,2,12,34,5,2,12,3
dr FS R UL L D ur,2,12,34,5,2,10,3
dr R FS D UL L ur,2,12,34,5,2,12,3
dr R FS UL D L ur,2,12,34,5,2,14,3
dr R FS UL L D ur,2,12,34,5,2,12,3
dr R UL FS D L ur,2,12,34,5,2,14,3
dr R UL FS L D ur,2,12,34,5,2,14,3
FS dr R D UL L ur,2,12,34,5,2,11,3
FS dr R UL D L ur,2,12,34,5,2,13,3
FS dr R UL L D ur,2,12,34,5,2,11,3
FS R D dr UL L ur,2,12,34,5,2,11,3
FS R D UL dr L ur,2,12,34,5,2,11,3
FS R dr D UL L ur,2,12,34,5,2,13,3
FS R dr UL D L ur,2,12,34,5,2,13,3
FS R dr UL L D ur,2,12,34,5,2,11,3
FS R UL D dr L ur,2,12,34,5,2,13,3
FS R UL dr D L ur,2,12,34,5,2,13,3
FS R UL dr L D ur,2,12,34,5,2,11,3
R dr FS D UL L ur,2,12,34,5,2,11,3
R dr FS UL D L ur,2,12,34,5,2,13,3
R dr FS UL L D ur,2,12,34,5,2,11,3
R dr UL FS D L ur,2,12,34,5,2,13,3
R dr UL FS L D ur,2,12,34,5,2,13,3
R FS D dr UL L ur,2,12,34,5,2,11,3
R FS D UL dr L ur,2,12,34,5,2,11,3
R FS dr D UL L ur,2,12,34,5,2,11,3
R FS dr UL D L ur,2,12,34,5,2,11,3
R FS dr UL L D ur,2,12,34,5,2,9,2
R FS UL D dr L ur,2,12,34,5,2,13,3
R FS UL dr D L ur,2,12,34,5,2,13,3
R FS UL dr L D ur,2,12,34,5,2,11,3
R UL dr FS D L ur,2,12,34,5,2,11,3
R UL dr FS L D ur,2,12,34,5,2,11,3
R UL FS D dr L ur,2,12,34,5,2,13,3
R UL FS dr D L ur,2,12,34,5,2,13,3
R UL FS dr L D ur,2,12,34,5,2,11,3
FS R D UL ur L dr,2,11,38,5,2,11,3
FS R D ur UL L dr,2,11,38,5,2,9,2
FS R UL D ur L dr,2,11,38,5,2,11,3
FS R UL ur D L dr,2,11,38,5,2,11,3
FS R ur D UL L dr,2,11,38,5,2,11,3
FS R ur UL D L dr,2,11,38,5,2,13,3
FS ur R D UL L dr,2,11,38,5,2,13,3
FS ur R UL D L dr,2,11,38,5,2,15,3
R FS D UL ur L dr,2,11,38,5,2,11,3
R FS D ur UL L dr,2,11,38,5,2,9,2
R FS UL D ur L dr,2,11,38,5,2,11,3
R FS UL ur D L dr,2,11,38,5,2,11,3
R FS ur D UL L dr,2,11,38,5,2,11,3
R FS ur UL D L dr,2,11,38,5,2,13,3
R UL FS D ur L dr,2,11,38,5,2,11,3
R UL FS ur D L dr,2,11,38,5,2,13,3
R UL ur FS D L dr,2,11,38,5,2,13,3
R ur FS D UL L dr,2,11,38,5,2,13,3
R ur FS UL D L dr,2,11,38,5,2,15,3
R ur UL FS D L dr,2,11,38,5,2,13,3
ur FS R D UL L dr,2,11,38,5,2,12,3
ur FS R UL D L dr,2,11,38,5,2,14,3
ur R FS D UL L dr,2,11,38,5,2,12,3
ur R FS UL D L dr,2,11,38,5,2,14,3
ur R UL FS D L dr,2,11,38,5,2,14,3
dr FS UL L R D ur,2,12,38,5,2,12,4
dr FS UL R D L ur,2,12,38,5,2,12,3
dr FS UL R L D ur,2,12,38,5,2,14,4
dr UL FS L R D ur,2,12,38,5,2,14,4
dr UL FS R D L ur,2,12,38,5,2,12,3
dr UL FS R L D ur,2,12,38,5,2,14,4
dr UL R FS D L ur,2,12,38,5,2,12,3
dr UL R FS L D ur,2,12,38,5,2,12,3
FS dr UL L R D ur,2,12,38,5,2,11,4
FS dr UL R D L ur,2,12,38,5,2,11,3
FS dr UL R L D ur,2,12,38,5,2,13,4
FS UL dr L R D ur,2,12,38,5,2,13,4
FS UL dr R D L ur,2,12,38,5,2,13,3
FS UL dr R L D ur,2,12,38,5,2,15,4
FS UL R D dr L ur,2,12,38,5,2,13,3
FS UL R dr D L ur,2,12,38,5,2,15,3
FS UL R dr L D ur,2,12,38,5,2,13,3
UL dr FS L R D ur,2,12,38,5,2,12,4
UL dr FS R D L ur,2,12,38,5,2,10,2
UL dr FS R L D ur,2,12,38,5,2,12,4
UL dr R FS D L ur,2,12,38,5,2,12,3
UL dr R FS L D ur,2,12,38,5,2,12,3
UL FS dr L R D ur,2,12,38,5,2,12,4
UL FS dr R D L ur,2,12,38,5,2,12,3
UL FS dr R L D ur,2,12,38,5,2,14,4
UL FS R D dr L ur,2,12,38,5,2,12,3
UL FS R dr D L ur,2,12,38,5,2,14,3
UL FS R dr L D ur,2,12,38,5,2,12,3
UL R dr FS D L ur,2,12,38,5,2,12,3
UL R dr FS L D ur,2,12,38,5,2,12,3
UL R FS D dr L ur,2,12,38,5,2,12,3
UL R FS dr D L ur,2,12,38,5,2,12,3
UL R FS dr L D ur,2,12,38,5,2,10,3
dr FS L UL R D ur,2,12,41,5,2,10,3
dr L FS UL R D ur,2,12,41,5,2,12,3
FS dr L UL R D ur,2,12,41,5,2,9,3
FS L dr UL R D ur,2,12,41,5,2,11,3
L dr FS UL R D ur,2,12,41,5,2,11,3
L FS dr UL R D ur,2,12,41,5,2,11,3
FS UL R D ur L dr,6,11,42,5,2,11,3
FS UL R ur D L dr,6,11,42,5,2,13,3
FS UL ur R D L dr,6,11,42,5,2,13,3
FS ur UL R D L dr,6,11,42,5,2,13,3
UL FS R D ur L dr,6,11,42,5,2,10,3
UL FS R ur D L dr,6,11,42,5,2,12,3
UL FS ur R D L dr,6,11,42,5,2,14,3
UL R FS D ur L dr,6,11,42,5,2,10,3
UL R FS ur D L dr,6,11,42,5,2,12,3
UL R ur FS D L dr,6,11,42,5,2,14,3
UL ur FS R D L dr,6,11,42,5,2,12,3
UL ur R FS D L dr,6,11,42,5,2,12,3
ur FS UL R D L dr,6,11,42,5,2,14,3
ur UL FS R D L dr,6,11,42,5,2,12,3
ur UL R FS D L dr,6,11,42,5,2,12,3
dr FS L R D UL ur,2,12,43,6,2,14,4
dr FS L R UL D ur,2,12,43,6,2,14,4
dr FS R D L UL ur,2,12,43,6,2,10,2
dr FS R L D UL ur,2,12,43,6,2,14,4
dr FS R L UL D ur,2,12,43,6,2,12,4
dr L FS R D UL ur,2,12,43,6,2,12,3
dr L FS R UL D ur,2,12,43,6,2,12,3
dr L R FS D UL ur,2,12,43,6,2,14,4
dr L R FS UL D ur,2,12,43,6,2,14,4
dr L R UL FS D ur,2,12,43,6,2,14,4
dr L R UL ur D FS,2,12,43,6,2,13,4
dr L R ur UL D FS,2,12,43,6,2,15,4
dr L ur R UL D FS,2,12,43,6,2,13,3
dr R FS D L UL ur,2,12,43,6,2,12,3
dr R FS L D UL ur,2,12,43,6,2,14,3
dr R FS L UL D ur,2,12,43,6,2,12,3
dr R L FS D UL ur,2,12,43,6,2,16,4
dr R L FS UL D ur,2,12,43,6,2,16,4
dr R L UL FS D ur,2,12,43,6,2,14,4
dr R L UL ur D FS,2,12,43,6,2,13,4
dr R L ur UL D FS,2,12,43,6,2,15,4
dr R UL L FS D ur,2,12,43,6,2,12,3
dr R UL L ur D FS,2,12,43,6,2,11,3
dr R UL ur L D FS,2,12,43,6,2,13,3
dr R ur L UL D FS,2,12,43,6,2,13,3
dr R ur UL L D FS,2,12,43,6,2,13,3
dr ur L R UL D FS,2,12,43,6,2,15,4
dr ur R L UL D FS,2,12,43,6,2,15,4
dr ur R UL L D FS,2,12,43,6,2,13,3
FS dr L R D UL ur,2,12,43,6,2,13,4
FS dr L R UL D ur,2,12,43,6,2,13,4
FS dr R D L UL ur,2,12,43,6,2,11,3
FS dr R L D UL ur,2,12,43,6,2,15,4
FS dr R L UL D ur,2,12,43,6,2,13,4
FS L dr R D UL ur,2,12,43,6,2,13,3
FS L dr R UL D ur,2,12,43,6,2,13,3
FS L R D dr UL ur,2,12,43,6,2,15,4
FS L R D UL dr ur,2,12,43,6,2,15,4
FS L R dr D UL ur,2,12,43,6,2,17,4
FS L R dr UL D ur,2,12,43,6,2,15,4
FS L R UL D dr ur,2,12,43,6,2,17,4
FS L R UL dr D ur,2,12,43,6,2,15,4
FS R D dr L UL ur,2,12,43,6,2,11,3
FS R D L dr UL ur,2,12,43,6,2,11,2
FS R D L UL dr ur,2,12,43,6,2,11,2
FS R D UL L dr ur,2,12,43,6,2,11,3
FS R dr D L UL ur,2,12,43,6,2,13,3
FS R dr L D UL ur,2,12,43,6,2,13,3
FS R dr L UL D ur,2,12,43,6,2,11,3
FS R L D dr UL ur,2,12,43,6,2,15,4
FS R L D UL dr ur,2,12,43,6,2,15,4
FS R L dr D UL ur,2,12,43,6,2,15,4
FS R L dr UL D ur,2,12,43,6,2,13,4
FS R L UL D dr ur,2,12,43,6,2,15,4
FS R L UL dr D ur,2,12,43,6,2,13,4
FS R UL D L dr ur,2,12,43,6,2,13,3
FS R UL L D dr ur,2,12,43,6,2,13,3
FS R UL L dr D ur,2,12,43,6,2,11,3
L dr FS R D UL ur,2,12,43,6,2,11,3
L dr FS R UL D ur,2,12,43,6,2,11,3
L dr R FS D UL ur,2,12,43,6,2,13,3
L dr R FS UL D ur,2,12,43,6,2,13,3
L dr R UL FS D ur,2,12,43,6,2,13,3
L dr R UL ur D FS,2,12,43,6,2,12,3
L dr R ur UL D FS,2,12,43,6,2,14,3
L dr ur R UL D FS,2,12,43,6,2,14,3
L FS dr R D UL ur,2,12,43,6,2,13,3
L FS dr R UL D ur,2,12,43,6,2,13,3
L FS R D dr UL ur,2,12,43,6,2,13,3
L FS R D UL dr ur,2,12,43,6,2,13,3
L FS R dr D UL ur,2,12,43,6,2,15,3
L FS R dr UL D ur,2,12,43,6,2,13,3
L FS R UL D dr ur,2,12,43,6,2,15,3
L FS R UL dr D ur,2,12,43,6,2,13,3
L R dr FS D UL ur,2,12,43,6,2,15,4
L R dr FS UL D ur,2,12,43,6,2,15,4
L R dr UL FS D ur,2,12,43,6,2,15,4
L R dr UL ur D FS,2,12,43,6,2,14,4
L R dr ur UL D FS,2,12,43,6,2,16,4
L R FS D dr UL ur,2,12,43,6,2,15,4
L R FS D UL dr ur,2,12,43,6,2,15,4
L R FS dr D UL ur,2,12,43,6,2,15,4
L R FS dr UL D ur,2,12,43,6,2,13,4
L R FS UL D dr ur,2,12,43,6,2,17,4
L R FS UL dr D ur,2,12,43,6,2,15,4
L R UL dr FS D ur,2,12,43,6,2,13,4
L R UL dr ur D FS,2,12,43,6,2,14,4
L R UL FS D dr ur,2,12,43,6,2,17,4
L R UL FS dr D ur,2,12,43,6,2,15,4
L R UL ur D dr FS,2,12,43,6,2,14,4
L R UL ur dr D FS,2,12,43,6,2,16,4
L R ur dr UL D FS,2,12,43,6,2,16,4
L R ur UL D dr FS,2,12,43,6,2,16,4
L R ur UL dr D FS,2,12,43,6,2,16,4
L ur dr R UL D FS,2,12,43,6,2,14,3
L ur R dr UL D FS,2,12,43,6,2,14,3
L ur R UL D dr FS,2,12,43,6,2,14,3
L ur R UL dr D FS,2,12,43,6,2,14,3
R dr FS D L UL ur,2,12,43,6,2,11,3
R dr FS L D UL ur,2,12,43,6,2,13,3
R dr FS L UL D ur,2,12,43,6,2,11,3
R dr L FS D UL ur,2,12,43,6,2,13,3
R dr L FS UL D ur,2,12,43,6,2,13,3
R dr L UL FS D ur,2,12,43,6,2,11,3
R dr L UL ur D FS,2,12,43,6,2,10,3
R dr L ur UL D FS,2,12,43,6,2,12,3
R dr UL L FS D ur,2,12,43,6,2,11,3
R dr UL L ur D FS,2,12,43,6,2,10,3
R dr UL ur L D FS,2,12,43,6,2,12,3
R dr ur L UL D FS,2,12,43,6,2,12,3
R dr ur UL L D FS,2,12,43,6,2,12,3
R FS D dr L UL ur,2,12,43,6,2,11,3
R FS D L dr UL ur,2,12,43,6,2,11,2
R FS D L UL dr ur,2,12,43,6,2,11,2
R FS D UL L dr ur,2,12,43,6,2,11,3
R FS dr D L UL ur,2,12,43,6,2,11,3
R FS dr L D UL ur,2,12,43,6,2,11,3
R FS dr L UL D ur,2,12,43,6,2,9,3
R FS L D dr UL ur,2,12,43,6,2,13,3
R FS L D UL dr ur,2,12,43,6,2,13,3
R FS L dr D UL ur,2,12,43,6,2,13,3
R FS L dr UL D ur,2,12,43,6,2,11,3
R FS L UL D dr ur,2,12,43,6,2,13,3
R FS L UL dr D ur,2,12,43,6,2,11,3
R FS UL D L dr ur,2,12,43,6,2,13,3
R FS UL L D dr ur,2,12,43,6,2,13,3
R FS UL L dr D ur,2,12,43,6,2,11,3
R L dr FS D UL ur,2,12,43,6,2,13,4
R L dr FS UL D ur,2,12,43,6,2,13,4
R L dr UL FS D ur,2,12,43,6,2,13,4
R L dr UL ur D FS,2,12,43,6,2,12,4
R L dr ur UL D FS,2,12,43,6,2,14,4
R L FS D dr UL ur,2,12,43,6,2,15,4
R L FS D UL dr ur,2,12,43,6,2,15,4
R L FS dr D UL ur,2,12,43,6,2,15,4
R L FS dr UL D ur,2,12,43,6,2,13,4
R L FS UL D dr ur,2,12,43,6,2,17,4
R L FS UL dr D ur,2,12,43,6,2,15,4
R L UL dr FS D ur,2,12,43,6,2,11,4
R L UL dr ur D FS,2,12,43,6,2,12,4
R L UL FS D dr ur,2,12,43,6,2,15,4
R L UL FS dr D ur,2,12,43,6,2,13,4
R L UL ur D dr FS,2,12,43,6,2,12,4
R L UL ur dr D FS,2,12,43,6,2,14,4
R L ur dr UL D FS,2,12,43,6,2,14,4
R L ur UL D dr FS,2,12,43,6,2,14,4
R L ur UL dr D FS,2,12,43,6,2,14,4
R UL dr L FS D ur,2,12,43,6,2,11,3
R UL dr L ur D FS,2,12,43,6,2,10,3
R UL dr ur L D FS,2,12,43,6,2,12,3
R UL FS D L dr ur,2,12,43,6,2,13,3
R UL FS L D dr ur,2,12,43,6,2,15,3
R UL FS L dr D ur,2,12,43,6,2,13,3
R UL L dr FS D ur,2,12,43,6,2,9,3
R UL L dr ur D FS,2,12,43,6,2,10,3
R UL L FS D dr ur,2,12,43,6,2,13,3
R UL L FS dr D ur,2,12,43,6,2,11,3
R UL L ur D dr FS,2,12,43,6,2,10,3
R UL L ur dr D FS,2,12,43,6,2,12,3
R UL ur dr L D FS,2,12,43,6,2,12,3
R UL ur L D dr FS,2,12,43,6,2,12,3
R UL ur L dr D FS,2,12,43,6,2,12,3
R ur dr L UL D FS,2,12,43,6,2,12,3
R ur dr UL L D FS,2,12,43,6,2,12,3
R ur L dr UL D FS,2,12,43,6,2,12,3
R ur L UL D dr FS,2,12,43,6,2,12,3
R ur L UL dr D FS,2,12,43,6,2,12,3
R ur UL dr L D FS,2,12,43,6,2,12,3
R ur UL L D dr FS,2,12,43,6,2,12,3
R ur UL L dr D FS,2,12,43,6,2,12,3
ur dr L R UL D FS,2,12,43,6,2,15,4
ur dr R L UL D FS,2,12,43,6,2,15,4
ur dr R UL L D FS,2,12,43,6,2,13,3
ur L dr R UL D FS,2,12,43,6,2,13,3
ur L R dr UL D FS,2,12,43,6,2,15,4
ur L R UL D dr FS,2,12,43,6,2,15,4
ur L R UL dr D FS,2,12,43,6,2,15,4
ur R dr L UL D FS,2,12,43,6,2,13,3
ur R dr UL L D FS,2,12,43,6,2,13,3
ur R L dr UL D FS,2,12,43,6,2,15,4
ur R L UL D dr FS,2,12,43,6,2,15,4
ur R L UL dr D FS,2,12,43,6,2,15,4
ur R UL dr L D FS,2,12,43,6,2,13,3
ur R UL L D dr FS,2,12,43,6,2,13,3
ur R UL L dr D FS,2,12,43,6,2,13,3
D dr FS R UL L ur,2,12,44,5,2,11,3
D FS dr R UL L ur,2,12,44,5,2,11,3
D FS R dr UL L ur,2,12,44,5,2,11,3
D FS R UL dr L ur,2,12,44,5,2,11,3
dr D FS R UL L ur,2,12,44,5,2,12,3
dr FS D R UL L ur,2,12,44,5,2,10,3
FS D dr R UL L ur,2,12,44,5,2,13,3
FS D R dr UL L ur,2,12,44,5,2,11,3
FS D R UL dr L ur,2,12,44,5,2,11,3
FS dr D R UL L ur,2,12,44,5,2,11,3
D dr R FS UL L ur,2,12,46,6,2,13,3
D dr R UL FS L ur,2,12,46,6,2,15,3
D dr R UL ur L FS,2,12,46,6,2,14,3
D dr R ur UL L FS,2,12,46,6,2,14,3
D dr ur R UL L FS,2,12,46,6,2,14,3
D R dr FS UL L ur,2,12,46,6,2,11,3
D R dr UL FS L ur,2,12,46,6,2,13,3
D R dr UL ur L FS,2,12,46,6,2,12,3
D R dr ur UL L FS,2,12,46,6,2,12,3
D R FS dr UL L ur,2,12,46,6,2,9,2
D R FS UL dr L ur,2,12,46,6,2,11,3
D R UL dr FS L ur,2,12,46,6,2,11,3
D R UL dr ur L FS,2,12,46,6,2,12,3
D R UL FS dr L ur,2,12,46,6,2,11,3
D R UL ur dr L FS,2,12,46,6,2,12,3
D R UL ur L dr FS,2,12,46,6,2,10,3
D R ur dr UL L FS,2,12,46,6,2,12,3
D R ur UL dr L FS,2,12,46,6,2,12,3
D R ur UL L dr FS,2,12,46,6,2,10,3
D ur dr R UL L FS,2,12,46,6,2,12,3
D ur R dr UL L FS,2,12,46,6,2,12,3
D ur R UL dr L FS,2,12,46,6,2,12,3
D ur R UL L dr FS,2,12,46,6,2,10,3
dr D R FS UL L ur,2,12,46,6,2,12,3
dr D R UL FS L ur,2,12,46,6,2,14,3
dr D R UL ur L FS,2,12,46,6,2,13,3
dr D R ur UL L FS,2,12,46,6,2,13,3
dr D ur R UL L FS,2,12,46,6,2,13,3
dr R D FS UL L ur,2,12,46,6,2,12,3
dr R D UL FS L ur,2,12,46,6,2,14,3
dr R D UL ur L FS,2,12,46,6,2,13,3
dr R D ur UL L FS,2,12,46,6,2,11,3
dr R UL D FS L ur,2,12,46,6,2,14,3
dr R UL D ur L FS,2,12,46,6,2,13,3
dr R UL ur D L FS,2,12,46,6,2,13,3
dr R ur D UL L FS,2,12,46,6,2,13,3
dr R ur UL D L FS,2,12,46,6,2,15,3
dr ur D R UL L FS,2,12,46,6,2,11,3
dr ur R D UL L FS,2,12,46,6,2,13,3
dr ur R UL D L FS,2,12,46,6,2,15,3
R D dr FS UL L ur,2,12,46,6,2,11,3
R D dr UL FS L ur,2,12,46,6,2,13,3
R D dr UL ur L FS,2,12,46,6,2,12,3
R D dr ur UL L FS,2,12,46,6,2,12,3
R D FS dr UL L ur,2,12,46,6,2,9,2
R D FS UL dr L ur,2,12,46,6,2,11,3
R D UL dr FS L ur,2,12,46,6,2,11,3
R D UL dr ur L FS,2,12,46,6,2,12,3
R D UL FS dr L ur,2,12,46,6,2,11,3
R D UL ur dr L FS,2,12,46,6,2,12,3
R D UL ur L dr FS,2,12,46,6,2,10,3
R D ur dr UL L FS,2,12,46,6,2,10,2
R D ur UL dr L FS,2,12,46,6,2,10,2
R D ur UL L dr FS,2,12,46,6,2,8,2
R dr D FS UL L ur,2,12,46,6,2,13,3
R dr D UL FS L ur,2,12,46,6,2,15,3
R dr D UL ur L FS,2,12,46,6,2,14,3
R dr D ur UL L FS,2,12,46,6,2,12,3
R dr UL D FS L ur,2,12,46,6,2,13,3
R dr UL D ur L FS,2,12,46,6,2,12,3
R dr UL ur D L FS,2,12,46,6,2,12,3
R dr ur D UL L FS,2,12,46,6,2,12,3
R dr ur UL D L FS,2,12,46,6,2,14,3
R UL D dr FS L ur,2,12,46,6,2,13,3
R UL D dr ur L FS,2,12,46,6,2,14,3
R UL D FS dr L ur,2,12,46,6,2,11,3
R UL D ur dr L FS,2,12,46,6,2,12,3
R UL D ur L dr FS,2,12,46,6,2,10,3
R UL dr D FS L ur,2,12,46,6,2,13,3
R UL dr D ur L FS,2,12,46,6,2,12,3
R UL dr ur D L FS,2,12,46,6,2,12,3
R UL ur D dr L FS,2,12,46,6,2,12,3
R UL ur D L dr FS,2,12,46,6,2,10,3
R UL ur dr D L FS,2,12,46,6,2,14,3
R ur D dr UL L FS,2,12,46,6,2,12,3
R ur D UL dr L FS,2,12,46,6,2,12,3
R ur D UL L dr FS,2,12,46,6,2,10,3
R ur dr D UL L FS,2,12,46,6,2,14,3
R ur dr UL D L FS,2,12,46,6,2,14,3
R ur UL D dr L FS,2,12,46,6,2,14,3
R ur UL D L dr FS,2,12,46,6,2,12,3
R ur UL dr D L FS,2,12,46,6,2,14,3
ur D dr R UL L FS,2,12,46,6,2,13,3
ur D R dr UL L FS,2,12,46,6,2,11,3
ur D R UL dr L FS,2,12,46,6,2,11,3
ur D R UL L dr FS,2,12,46,6,2,9,3
ur dr D R UL L FS,2,12,46,6,2,13,3
ur dr R D UL L FS,2,12,46,6,2,13,3
ur dr R UL D L FS,2,12,46,6,2,15,3
ur R D dr UL L FS,2,12,46,6,2,13,3
ur R D UL dr L FS,2,12,46,6,2,13,3
ur R D UL L dr FS,2,12,46,6,2,11,3
ur R dr D UL L FS,2,12,46,6,2,15,3
ur R dr UL D L FS,2,12,46,6,2,15,3
ur R UL D dr L FS,2,12,46,6,2,15,3
ur R UL D L dr FS,2,12,46,6,2,13,3
ur R UL dr D L FS,2,12,46,6,2,15,3
FS L R D UL ur dr,2,11,47,6,2,15,4
FS L R D ur UL dr,2,11,47,6,2,13,4
FS L R UL D ur dr,2,11,47,6,2,15,4
FS L R UL ur D dr,2,11,47,6,2,15,4
FS L R ur D UL dr,2,11,47,6,2,15,4
FS L R ur UL D dr,2,11,47,6,2,17,4
FS L ur R D UL dr,2,11,47,6,2,13,3
FS L ur R UL D dr,2,11,47,6,2,15,3
FS R D L UL ur dr,2,11,47,6,2,11,2
FS R D L ur UL dr,2,11,47,6,2,11,2
FS R D UL L ur dr,2,11,47,6,2,11,3
FS R D ur L UL dr,2,11,47,6,2,9,2
FS R L D UL ur dr,2,11,47,6,2,15,4
FS R L D ur UL dr,2,11,47,6,2,13,4
FS R L UL D ur dr,2,11,47,6,2,13,4
FS R L UL ur D dr,2,11,47,6,2,13,4
FS R L ur D UL dr,2,11,47,6,2,13,4
FS R L ur UL D dr,2,11,47,6,2,15,4
FS R UL D L ur dr,2,11,47,6,2,13,3
FS R UL L D ur dr,2,11,47,6,2,11,3
FS R UL L ur D dr,2,11,47,6,2,11,3
FS R UL ur L D dr,2,11,47,6,2,13,3
FS R ur D L UL dr,2,11,47,6,2,11,3
FS R ur L D UL dr,2,11,47,6,2,13,3
FS R ur L UL D dr,2,11,47,6,2,13,3
FS R ur UL L D dr,2,11,47,6,2,13,3
FS ur L R D UL dr,2,11,47,6,2,15,4
FS ur L R UL D dr,2,11,47,6,2,17,4
FS ur R D L UL dr,2,11,47,6,2,13,3
FS ur R L D UL dr,2,11,47,6,2,17,4
FS ur R L UL D dr,2,11,47,6,2,17,4
FS ur R UL L D dr,2,11,47,6,2,15,3
L FS R D UL ur dr,2,11,47,6,2,13,3
L FS R D ur UL dr,2,11,47,6,2,11,2
L FS R UL D ur dr,2,11,47,6,2,13,3
L FS R UL ur D dr,2,11,47,6,2,13,3
L FS R ur D UL dr,2,11,47,6,2,13,3
L FS R ur UL D dr,2,11,47,6,2,15,3
L FS ur R D UL dr,2,11,47,6,2,15,3
L FS ur R UL D dr,2,11,47,6,2,17,3
L R FS D UL ur dr,2,11,47,6,2,15,4
L R FS D ur UL dr,2,11,47,6,2,13,4
L R FS UL D ur dr,2,11,47,6,2,15,4
L R FS UL ur D dr,2,11,47,6,2,15,4
L R FS ur D UL dr,2,11,47,6,2,15,4
L R FS ur UL D dr,2,11,47,6,2,17,4
L R UL FS D ur dr,2,11,47,6,2,15,4
L R UL FS ur D dr,2,11,47,6,2,17,4
L R UL ur D FS dr,2,11,47,6,2,13,4
L R UL ur FS D dr,2,11,47,6,2,17,4
L R ur FS D UL dr,2,11,47,6,2,17,4
L R ur FS UL D dr,2,11,47,6,2,19,4
L R ur UL D FS dr,2,11,47,6,2,15,4
L R ur UL FS D dr,2,11,47,6,2,17,4
L ur FS R D UL dr,2,11,47,6,2,13,3
L ur FS R UL D dr,2,11,47,6,2,15,3
L ur R FS D UL dr,2,11,47,6,2,13,3
L ur R FS UL D dr,2,11,47,6,2,15,3
L ur R UL D FS dr,2,11,47,6,2,13,3
L ur R UL FS D dr,2,11,47,6,2,15,3
R FS D L UL ur dr,2,11,47,6,2,11,2
R FS D L ur UL dr,2,11,47,6,2,11,2
R FS D UL L ur dr,2,11,47,6,2,11,3
R FS D ur L UL dr,2,11,47,6,2,9,2
R FS L D UL ur dr,2,11,47,6,2,13,3
R FS L D ur UL dr,2,11,47,6,2,11,2
R FS L UL D ur dr,2,11,47,6,2,11,3
R FS L UL ur D dr,2,11,47,6,2,11,3
R FS L ur D UL dr,2,11,47,6,2,11,3
R FS L ur UL D dr,2,11,47,6,2,13,3
R FS UL D L ur dr,2,11,47,6,2,13,3
R FS UL L D ur dr,2,11,47,6,2,11,3
R FS UL L ur D dr,2,11,47,6,2,11,3
R FS UL ur L D dr,2,11,47,6,2,13,3
R FS ur D L UL dr,2,11,47,6,2,11,3
R FS ur L D UL dr,2,11,47,6,2,13,3
R FS ur L UL D dr,2,11,47,6,2,13,3
R FS ur UL L D dr,2,11,47,6,2,13,3
R L FS D UL ur dr,2,11,47,6,2,15,4
R L FS D ur UL dr,2,11,47,6,2,13,4
R L FS UL D ur dr,2,11,47,6,2,15,4
R L FS UL ur D dr,2,11,47,6,2,15,4
R L FS ur D UL dr,2,11,47,6,2,15,4
R L FS ur UL D dr,2,11,47,6,2,17,4
R L UL FS D ur dr,2,11,47,6,2,13,4
R L UL FS ur D dr,2,11,47,6,2,15,4
R L UL ur D FS dr,2,11,47,6,2,11,4
R L UL ur FS D dr,2,11,47,6,2,15,4
R L ur FS D UL dr,2,11,47,6,2,15,4
R L ur FS UL D dr,2,11,47,6,2,17,4
R L ur UL D FS dr,2,11,47,6,2,13,4
R L ur UL FS D dr,2,11,47,6,2,15,4
R UL FS D L ur dr,2,11,47,6,2,13,3
R UL FS L D ur dr,2,11,47,6,2,13,3
R UL FS L ur D dr,2,11,47,6,2,13,3
R UL FS ur L D dr,2,11,47,6,2,15,3
R UL L FS D ur dr,2,11,47,6,2,11,3
R UL L FS ur D dr,2,11,47,6,2,13,3
R UL L ur D FS dr,2,11,47,6,2,9,3
R UL L ur FS D dr,2,11,47,6,2,13,3
R UL ur FS L D dr,2,11,47,6,2,15,3
R UL ur L D FS dr,2,11,47,6,2,11,3
R UL ur L FS D dr,2,11,47,6,2,13,3
R ur FS D L UL dr,2,11,47,6,2,13,3
R ur FS L D UL dr,2,11,47,6,2,15,3
R ur FS L UL D dr,2,11,47,6,2,15,3
R ur FS UL L D dr,2,11,47,6,2,15,3
R ur L FS D UL dr,2,11,47,6,2,13,3
R ur L FS UL D dr,2,11,47,6,2,15,3
R ur L UL D FS dr,2,11,47,6,2,11,3
R ur L UL FS D dr,2,11,47,6,2,13,3
R ur UL FS L D dr,2,11,47,6,2,15,3
R ur UL L D FS dr,2,11,47,6,2,11,3
R ur UL L FS D dr,2,11,47,6,2,13,3
ur FS L R D UL dr,2,11,47,6,2,16,4
ur FS L R UL D dr,2,11,47,6,2,18,4
ur FS R D L UL dr,2,11,47,6,2,12,3
ur FS R L D UL dr,2,11,47,6,2,16,4
ur FS R L UL D dr,2,11,47,6,2,16,4
ur FS R UL L D dr,2,11,47,6,2,14,3
ur L FS R D UL dr,2,11,47,6,2,12,3
ur L FS R UL D dr,2,11,47,6,2,14,3
ur L R FS D UL dr,2,11,47,6,2,14,4
ur L R FS UL D dr,2,11,47,6,2,16,4
ur L R UL D FS dr,2,11,47,6,2,14,4
ur L R UL FS D dr,2,11,47,6,2,16,4
ur R FS D L UL dr,2,11,47,6,2,12,3
ur R FS L D UL dr,2,11,47,6,2,14,3
ur R FS L UL D dr,2,11,47,6,2,14,3
ur R FS UL L D dr,2,11,47,6,2,14,3
ur R L FS D UL dr,2,11,47,6,2,16,4
ur R L FS UL D dr,2,11,47,6,2,18,4
ur R L UL D FS dr,2,11,47,6,2,14,4
ur R L UL FS D dr,2,11,47,6,2,16,4
ur R UL FS L D dr,2,11,47,6,2,16,3
ur R UL L D FS dr,2,11,47,6,2,12,3
ur R UL L FS D dr,2,11,47,6,2,14,3
dr L UL FS R D ur,2,12,47,6,2,10,3
dr L UL R FS D ur,2,12,47,6,2,10,3
dr L UL R ur D FS,2,12,47,6,2,11,3
dr L UL ur D R FS,2,12,47,6,2,9,2
dr L UL ur R D FS,2,12,47,6,2,11,3
dr L ur UL D R FS,2,12,47,6,2,11,3
dr L ur UL R D FS,2,12,47,6,2,11,3
dr UL L FS R D ur,2,12,47,6,2,10,2
dr UL L R FS D ur,2,12,47,6,2,12,4
dr UL L R ur D FS,2,12,47,6,2,13,4
dr UL L ur D R FS,2,12,47,6,2,9,2
dr UL L ur R D FS,2,12,47,6,2,11,3
dr UL R L FS D ur,2,12,47,6,2,14,4
dr UL R L ur D FS,2,12,47,6,2,13,4
dr UL R ur L D FS,2,12,47,6,2,13,3
dr UL ur L D R FS,2,12,47,6,2,11,2
dr UL ur L R D FS,2,12,47,6,2,13,4
dr UL ur R L D FS,2,12,47,6,2,15,4
dr ur L UL D R FS,2,12,47,6,2,11,3
dr ur L UL R D FS,2,12,47,6,2,11,3
dr ur UL L D R FS,2,12,47,6,2,11,2
dr ur UL L R D FS,2,12,47,6,2,13,4
dr ur UL R L D FS,2,12,47,6,2,15,4
FS L UL dr R D ur,2,12,47,6,2,11,3
FS L UL R D dr ur,2,12,47,6,2,13,3
FS L UL R dr D ur,2,12,47,6,2,13,3
FS UL L dr R D ur,2,12,47,6,2,11,3
FS UL L R D dr ur,2,12,47,6,2,15,4
FS UL L R dr D ur,2,12,47,6,2,15,4
FS UL R D L dr ur,2,12,47,6,2,13,3
FS UL R L D dr ur,2,12,47,6,2,17,4
FS UL R L dr D ur,2,12,47,6,2,15,4
L dr UL FS R D ur,2,12,47,6,2,11,3
L dr UL R FS D ur,2,12,47,6,2,11,3
L dr UL R ur D FS,2,12,47,6,2,12,3
L dr UL ur D R FS,2,12,47,6,2,10,2
L dr UL ur R D FS,2,12,47,6,2,12,3
L dr ur UL D R FS,2,12,47,6,2,12,3
L dr ur UL R D FS,2,12,47,6,2,12,3
L FS UL dr R D ur,2,12,47,6,2,13,3
L FS UL R D dr ur,2,12,47,6,2,15,3
L FS UL R dr D ur,2,12,47,6,2,15,3
L UL dr FS R D ur,2,12,47,6,2,9,2
L UL dr R FS D ur,2,12,47,6,2,11,3
L UL dr R ur D FS,2,12,47,6,2,12,3
L UL dr ur D R FS,2,12,47,6,2,10,2
L UL dr ur R D FS,2,12,47,6,2,12,3
L UL FS dr R D ur,2,12,47,6,2,11,3
L UL FS R D dr ur,2,12,47,6,2,13,3
L UL FS R dr D ur,2,12,47,6,2,13,3
L UL R dr FS D ur,2,12,47,6,2,11,3
L UL R dr ur D FS,2,12,47,6,2,12,3
L UL R FS D dr ur,2,12,47,6,2,13,3
L UL R FS dr D ur,2,12,47,6,2,11,3
L UL R ur D dr FS,2,12,47,6,2,12,3
L UL R ur dr D FS,2,12,47,6,2,14,3
L UL ur D dr R FS,2,12,47,6,2,12,3
L UL ur D R dr FS,2,12,47,6,2,10,3
L UL ur dr D R FS,2,12,47,6,2,12,3
L UL ur dr R D FS,2,12,47,6,2,12,3
L UL ur R D dr FS,2,12,47,6,2,12,3
L UL ur R dr D FS,2,12,47,6,2,14,3
L ur dr UL D R FS,2,12,47,6,2,12,3
L ur dr UL R D FS,2,12,47,6,2,12,3
L ur UL D dr R FS,2,12,47,6,2,14,3
L ur UL D R dr FS,2,12,47,6,2,12,3
L ur UL dr D R FS,2,12,47,6,2,12,3
L ur UL dr R D FS,2,12,47,6,2,12,3
L ur UL R D dr FS,2,12,47,6,2,12,3
L ur UL R dr D FS,2,12,47,6,2,14,3
UL dr L FS R D ur,2,12,47,6,2,10,2
UL dr L R FS D ur,2,12,47,6,2,12,4
UL dr L R ur D FS,2,12,47,6,2,13,4
UL dr L ur D R FS,2,12,47,6,2,9,2
UL dr L ur R D FS,2,12,47,6,2,11,3
UL dr R L FS D ur,2,12,47,6,2,14,4
UL dr R L ur D FS,2,12,47,6,2,13,4
UL dr R ur L D FS,2,12,47,6,2,13,3
UL dr ur L D R FS,2,12,47,6,2,11,2
UL dr ur L R D FS,2,12,47,6,2,13,4
UL dr ur R L D FS,2,12,47,6,2,15,4
UL FS L dr R D ur,2,12,47,6,2,12,3
UL FS L R D dr ur,2,12,47,6,2,16,4
UL FS L R dr D ur,2,12,47,6,2,16,4
UL FS R D L dr ur,2,12,47,6,2,12,3
UL FS R L D dr ur,2,12,47,6,2,16,4
UL FS R L dr D ur,2,12,47,6,2,14,4
UL L dr FS R D ur,2,12,47,6,2,8,2
UL L dr R FS D ur,2,12,47,6,2,10,3
UL L dr R ur D FS,2,12,47,6,2,11,3
UL L dr ur D R FS,2,12,47,6,2,9,2
UL L dr ur R D FS,2,12,47,6,2,11,3
UL L FS dr R D ur,2,12,47,6,2,10,3
UL L FS R D dr ur,2,12,47,6,2,12,3
UL L FS R dr D ur,2,12,47,6,2,12,3
UL L R dr FS D ur,2,12,47,6,2,12,4
UL L R dr ur D FS,2,12,47,6,2,13,4
UL L R FS D dr ur,2,12,47,6,2,14,4
UL L R FS dr D ur,2,12,47,6,2,12,4
UL L R ur D dr FS,2,12,47,6,2,13,4
UL L R ur dr D FS,2,12,47,6,2,15,4
UL L ur D dr R FS,2,12,47,6,2,11,3
UL L ur D R dr FS,2,12,47,6,2,9,3
UL L ur dr D R FS,2,12,47,6,2,11,3
UL L ur dr R D FS,2,12,47,6,2,11,3
UL L ur R D dr FS,2,12,47,6,2,11,3
UL L ur R dr D FS,2,12,47,6,2,13,3
UL R dr L FS D ur,2,12,47,6,2,12,3
UL R dr L ur D FS,2,12,47,6,2,11,3
UL R dr ur L D FS,2,12,47,6,2,13,3
UL R FS D L dr ur,2,12,47,6,2,12,3
UL R FS L D dr ur,2,12,47,6,2,14,3
UL R FS L dr D ur,2,12,47,6,2,12,3
UL R L dr FS D ur,2,12,47,6,2,12,4
UL R L dr ur D FS,2,12,47,6,2,13,4
UL R L FS D dr ur,2,12,47,6,2,16,4
UL R L FS dr D ur,2,12,47,6,2,14,4
UL R L ur D dr FS,2,12,47,6,2,13,4
UL R L ur dr D FS,2,12,47,6,2,15,4
UL R ur dr L D FS,2,12,47,6,2,13,3
UL R ur L D dr FS,2,12,47,6,2,13,3
UL R ur L dr D FS,2,12,47,6,2,13,3
UL ur dr L D R FS,2,12,47,6,2,11,2
UL ur dr L R D FS,2,12,47,6,2,13,4
UL ur dr R L D FS,2,12,47,6,2,15,4
UL ur L D dr R FS,2,12,47,6,2,13,3
UL ur L D R dr FS,2,12,47,6,2,11,3
UL ur L dr D R FS,2,12,47,6,2,11,3
UL ur L dr R D FS,2,12,47,6,2,11,3
UL ur L R D dr FS,2,12,47,6,2,13,4
UL ur L R dr D FS,2,12,47,6,2,15,4
UL ur R dr L D FS,2,12,47,6,2,13,3
UL ur R L D dr FS,2,12,47,6,2,15,4
UL ur R L dr D FS,2,12,47,6,2,15,4
ur dr L UL D R FS,2,12,47,6,2,11,3
ur dr L UL R D FS,2,12,47,6,2,11,3
ur dr UL L D R FS,2,12,47,6,2,11,2
ur dr UL L R D FS,2,12,47,6,2,13,4
ur dr UL R L D FS,2,12,47,6,2,15,4
ur L dr UL D R FS,2,12,47,6,2,11,3
ur L dr UL R D FS,2,12,47,6,2,11,3
ur L UL D dr R FS,2,12,47,6,2,13,3
ur L UL D R dr FS,2,12,47,6,2,11,3
ur L UL dr D R FS,2,12,47,6,2,11,3
ur L UL dr R D FS,2,12,47,6,2,11,3
ur L UL R D dr FS,2,12,47,6,2,11,3
ur L UL R dr D FS,2,12,47,6,2,13,3
ur UL dr L D R FS,2,12,47,6,2,11,2
ur UL dr L R D FS,2,12,47,6,2,13,4
ur UL dr R L D FS,2,12,47,6,2,15,4
ur UL L D dr R FS,2,12,47,6,2,13,3
ur UL L D R dr FS,2,12,47,6,2,11,3
ur UL L dr D R FS,2,12,47,6,2,11,3
ur UL L dr R D FS,2,12,47,6,2,11,3
ur UL L R D dr FS,2,12,47,6,2,13,4
ur UL L R dr D FS,2,12,47,6,2,15,4
ur UL R dr L D FS,2,12,47,6,2,13,3
ur UL R L D dr FS,2,12,47,6,2,15,4
ur UL R L dr D FS,2,12,47,6,2,15,4
D FS R UL ur L dr,7,12,48,5,2,11,3
D FS R ur UL L dr,7,12,48,5,2,11,3
D FS ur R UL L dr,7,12,48,5,2,13,3
D ur FS R UL L dr,7,12,48,5,2,11,3
FS D R UL ur L dr,7,12,48,5,2,11,3
FS D R ur UL L dr,7,12,48,5,2,11,3
FS D ur R UL L dr,7,12,48,5,2,11,3
FS ur D R UL L dr,7,12,48,5,2,11,3
ur D FS R UL L dr,7,12,48,5,2,10,3
ur FS D R UL L dr,7,12,48,5,2,12,3
D dr FS UL L R ur,2,12,50,6,2,15,4
D dr FS UL R L ur,2,12,50,6,2,15,4
D dr UL FS L R ur,2,12,50,6,2,17,4
D dr UL FS R L ur,2,12,50,6,2,15,4
D dr UL R FS L ur,2,12,50,6,2,13,3
D dr UL R ur L FS,2,12,50,6,2,14,3
D dr UL ur L R FS,2,12,50,6,2,14,4
D dr UL ur R L FS,2,12,50,6,2,16,4
D dr ur UL L R FS,2,12,50,6,2,14,4
D dr ur UL R L FS,2,12,50,6,2,16,4
D FS dr UL L R ur,2,12,50,6,2,13,4
D FS dr UL R L ur,2,12,50,6,2,13,4
D FS UL dr L R ur,2,12,50,6,2,15,4
D FS UL dr R L ur,2,12,50,6,2,15,4
D FS UL R dr L ur,2,12,50,6,2,13,3
D R FS UL ur L dr,2,12,50,6,2,11,3
D R FS ur UL L dr,2,12,50,6,2,11,3
D R UL FS ur L dr,2,12,50,6,2,13,3
D R UL ur FS L dr,2,12,50,6,2,13,3
D R UL ur L FS dr,2,12,50,6,2,11,3
D R ur FS UL L dr,2,12,50,6,2,13,3
D R ur UL FS L dr,2,12,50,6,2,13,3
D R ur UL L FS dr,2,12,50,6,2,11,3
D UL dr FS L R ur,2,12,50,6,2,15,4
D UL dr FS R L ur,2,12,50,6,2,13,4
D UL dr R FS L ur,2,12,50,6,2,13,3
D UL dr R ur L FS,2,12,50,6,2,14,3
D UL dr ur L R FS,2,12,50,6,2,14,4
D UL dr ur R L FS,2,12,50,6,2,16,4
D UL FS dr L R ur,2,12,50,6,2,15,4
D UL FS dr R L ur,2,12,50,6,2,15,4
D UL FS R dr L ur,2,12,50,6,2,13,3
D UL R dr FS L ur,2,12,50,6,2,13,3
D UL R dr ur L FS,2,12,50,6,2,14,3
D UL R FS dr L ur,2,12,50,6,2,11,3
D UL R ur dr L FS,2,12,50,6,2,14,3
D UL R ur L dr FS,2,12,50,6,2,12,3
D UL ur dr L R FS,2,12,50,6,2,14,4
D UL ur dr R L FS,2,12,50,6,2,16,4
D UL ur L dr R FS,2,12,50,6,2,12,3
D UL ur L R dr FS,2,12,50,6,2,14,4
D UL ur R dr L FS,2,12,50,6,2,14,3
D UL ur R L dr FS,2,12,50,6,2,14,4
D ur dr UL L R FS,2,12,50,6,2,12,4
D ur dr UL R L FS,2,12,50,6,2,14,4
D ur R FS UL L dr,2,12,50,6,2,11,3
D ur R UL FS L dr,2,12,50,6,2,13,3
D ur R UL L FS dr,2,12,50,6,2,11,3
D ur UL dr L R FS,2,12,50,6,2,12,4
D ur UL dr R L FS,2,12,50,6,2,14,4
D ur UL L dr R FS,2,12,50,6,2,10,3
D ur UL L R dr FS,2,12,50,6,2,12,4
D ur UL R dr L FS,2,12,50,6,2,12,3
D ur UL R L dr FS,2,12,50,6,2,12,4
dr D FS UL L R ur,2,12,50,6,2,16,4
dr D FS UL R L ur,2,12,50,6,2,16,4
dr D UL FS L R ur,2,12,50,6,2,18,4
dr D UL FS R L ur,2,12,50,6,2,16,4
dr D UL R FS L ur,2,12,50,6,2,14,3
dr D UL R ur L FS,2,12,50,6,2,15,3
dr D UL ur L R FS,2,12,50,6,2,15,4
dr D UL ur R L FS,2,12,50,6,2,17,4
dr D ur UL L R FS,2,12,50,6,2,13,4
dr D ur UL R L FS,2,12,50,6,2,15,4
dr FS D UL L R ur,2,12,50,6,2,14,4
dr FS D UL R L ur,2,12,50,6,2,14,4
dr FS UL D L R ur,2,12,50,6,2,16,4
dr FS UL D R L ur,2,12,50,6,2,14,4
dr FS UL L D R ur,2,12,50,6,2,12,3
dr UL D FS L R ur,2,12,50,6,2,16,4
dr UL D FS R L ur,2,12,50,6,2,14,4
dr UL D R FS L ur,2,12,50,6,2,12,3
dr UL D R ur L FS,2,12,50,6,2,13,3
dr UL D ur L R FS,2,12,50,6,2,13,4
dr UL D ur R L FS,2,12,50,6,2,15,4
dr UL FS D L R ur,2,12,50,6,2,16,4
dr UL FS D R L ur,2,12,50,6,2,14,4
dr UL FS L D R ur,2,12,50,6,2,14,3
dr UL R D FS L ur,2,12,50,6,2,12,3
dr UL R D ur L FS,2,12,50,6,2,11,3
dr UL R ur D L FS,2,12,50,6,2,13,3
dr UL ur D L R FS,2,12,50,6,2,13,4
dr UL ur D R L FS,2,12,50,6,2,13,4
dr UL ur R D L FS,2,12,50,6,2,13,3
dr ur D UL L R FS,2,12,50,6,2,13,4
dr ur D UL R L FS,2,12,50,6,2,15,4
dr ur UL D L R FS,2,12,50,6,2,15,4
dr ur UL D R L FS,2,12,50,6,2,15,4
dr ur UL R D L FS,2,12,50,6,2,13,3
FS D dr UL L R ur,2,12,50,6,2,15,4
FS D dr UL R L ur,2,12,50,6,2,15,4
FS D UL dr L R ur,2,12,50,6,2,15,4
FS D UL dr R L ur,2,12,50,6,2,15,4
FS D UL R dr L ur,2,12,50,6,2,13,3
FS dr D UL L R ur,2,12,50,6,2,15,4
FS dr D UL R L ur,2,12,50,6,2,15,4
FS dr UL D L R ur,2,12,50,6,2,15,4
FS dr UL D R L ur,2,12,50,6,2,13,4
FS dr UL L D R ur,2,12,50,6,2,11,3
FS UL D dr L R ur,2,12,50,6,2,17,4
FS UL D dr R L ur,2,12,50,6,2,17,4
FS UL D R dr L ur,2,12,50,6,2,13,3
FS UL dr D L R ur,2,12,50,6,2,17,4
FS UL dr D R L ur,2,12,50,6,2,15,4
FS UL dr L D R ur,2,12,50,6,2,13,3
R D FS UL ur L dr,2,12,50,6,2,11,3
R D FS ur UL L dr,2,12,50,6,2,11,3
R D UL FS ur L dr,2,12,50,6,2,13,3
R D UL ur FS L dr,2,12,50,6,2,13,3
R D UL ur L FS dr,2,12,50,6,2,11,3
R D ur FS UL L dr,2,12,50,6,2,11,3
R D ur UL FS L dr,2,12,50,6,2,11,3
R D ur UL L FS dr,2,12,50,6,2,9,2
R UL D FS ur L dr,2,12,50,6,2,13,3
R UL D ur FS L dr,2,12,50,6,2,13,3
R UL D ur L FS dr,2,12,50,6,2,11,3
R UL ur D FS L dr,2,12,50,6,2,11,3
R UL ur D L FS dr,2,12,50,6,2,11,3
R ur D FS UL L dr,2,12,50,6,2,11,3
R ur D UL FS L dr,2,12,50,6,2,13,3
R ur D UL L FS dr,2,12,50,6,2,11,3
R ur UL D FS L dr,2,12,50,6,2,13,3
R ur UL D L FS dr,2,12,50,6,2,13,3
UL D dr FS L R ur,2,12,50,6,2,16,4
UL D dr FS R L ur,2,12,50,6,2,14,4
UL D dr R FS L ur,2,12,50,6,2,14,3
UL D dr R ur L FS,2,12,50,6,2,15,3
UL D dr ur L R FS,2,12,50,6,2,15,4
UL D dr ur R L FS,2,12,50,6,2,17,4
UL D FS dr L R ur,2,12,50,6,2,14,4
UL D FS dr R L ur,2,12,50,6,2,14,4
UL D FS R dr L ur,2,12,50,6,2,12,3
UL D R dr FS L ur,2,12,50,6,2,12,3
UL D R dr ur L FS,2,12,50,6,2,13,3
UL D R FS dr L ur,2,12,50,6,2,10,3
UL D R ur dr L FS,2,12,50,6,2,13,3
UL D R ur L dr FS,2,12,50,6,2,11,3
UL D ur dr L R FS,2,12,50,6,2,13,4
UL D ur dr R L FS,2,12,50,6,2,15,4
UL D ur L dr R FS,2,12,50,6,2,11,3
UL D ur L R dr FS,2,12,50,6,2,13,4
UL D ur R dr L FS,2,12,50,6,2,13,3
UL D ur R L dr FS,2,12,50,6,2,13,4
UL dr D FS L R ur,2,12,50,6,2,16,4
UL dr D FS R L ur,2,12,50,6,2,14,4
UL dr D R FS L ur,2,12,50,6,2,12,3
UL dr D R ur L FS,2,12,50,6,2,13,3
UL dr D ur L R FS,2,12,50,6,2,13,4
UL dr D ur R L FS,2,12,50,6,2,15,4
UL dr FS D L R ur,2,12,50,6,2,14,4
UL dr FS D R L ur,2,12,50,6,2,12,4
UL dr FS L D R ur,2,12,50,6,2,12,3
UL dr R D FS L ur,2,12,50,6,2,12,3
UL dr R D ur L FS,2,12,50,6,2,11,3
UL dr R ur D L FS,2,12,50,6,2,13,3
UL dr ur D L R FS,2,12,50,6,2,13,4
UL dr ur D R L FS,2,12,50,6,2,13,4
UL dr ur R D L FS,2,12,50,6,2,13,3
UL FS D dr L R ur,2,12,50,6,2,16,4
UL FS D dr R L ur,2,12,50,6,2,16,4
UL FS D R dr L ur,2,12,50,6,2,12,3
UL FS dr D L R ur,2,12,50,6,2,16,4
UL FS dr D R L ur,2,12,50,6,2,14,4
UL FS dr L D R ur,2,12,50,6,2,12,3
UL R D dr FS L ur,2,12,50,6,2,12,3
UL R D dr ur L FS,2,12,50,6,2,13,3
UL R D FS dr L ur,2,12,50,6,2,10,3
UL R D ur dr L FS,2,12,50,6,2,11,3
UL R D ur L dr FS,2,12,50,6,2,9,3
UL R dr D FS L ur,2,12,50,6,2,14,3
UL R dr D ur L FS,2,12,50,6,2,13,3
UL R dr ur D L FS,2,12,50,6,2,13,3
UL R ur D dr L FS,2,12,50,6,2,13,3
UL R ur D L dr FS,2,12,50,6,2,11,3
UL R ur dr D L FS,2,12,50,6,2,15,3
UL ur D dr L R FS,2,12,50,6,2,13,4
UL ur D dr R L FS,2,12,50,6,2,15,4
UL ur D L dr R FS,2,12,50,6,2,11,3
UL ur D L R dr FS,2,12,50,6,2,13,4
UL ur D R dr L FS,2,12,50,6,2,11,3
UL ur D R L dr FS,2,12,50,6,2,11,4
UL ur dr D L R FS,2,12,50,6,2,15,4
UL ur dr D R L FS,2,12,50,6,2,15,4
UL ur dr R D L FS,2,12,50,6,2,13,3
UL ur R D dr L FS,2,12,50,6,2,13,3
UL ur R D L dr FS,2,12,50,6,2,11,3
UL ur R dr D L FS,2,12,50,6,2,15,3
ur D dr UL L R FS,2,12,50,6,2,13,4
ur D dr UL R L FS,2,12,50,6,2,15,4
ur D R FS UL L dr,2,12,50,6,2,10,3
ur D R UL FS L dr,2,12,50,6,2,12,3
ur D R UL L FS dr,2,12,50,6,2,10,3
ur D UL dr L R FS,2,12,50,6,2,13,4
ur D UL dr R L FS,2,12,50,6,2,15,4
ur D UL L dr R FS,2,12,50,6,2,11,3
ur D UL L R dr FS,2,12,50,6,2,13,4
ur D UL R dr L FS,2,12,50,6,2,13,3
ur D UL R L dr FS,2,12,50,6,2,13,4
ur dr D UL L R FS,2,12,50,6,2,15,4
ur dr D UL R L FS,2,12,50,6,2,17,4
ur dr UL D L R FS,2,12,50,6,2,15,4
ur dr UL D R L FS,2,12,50,6,2,15,4
ur dr UL R D L FS,2,12,50,6,2,13,3
ur R D FS UL L dr,2,12,50,6,2,12,3
ur R D UL FS L dr,2,12,50,6,2,14,3
ur R D UL L FS dr,2,12,50,6,2,12,3
ur R UL D FS L dr,2,12,50,6,2,14,3
ur R UL D L FS dr,2,12,50,6,2,14,3
ur UL D dr L R FS,2,12,50,6,2,15,4
ur UL D dr R L FS,2,12,50,6,2,17,4
ur UL D L dr R FS,2,12,50,6,2,13,3
ur UL D L R dr FS,2,12,50,6,2,15,4
ur UL D R dr L FS,2,12,50,6,2,13,3
ur UL D R L dr FS,2,12,50,6,2,13,4
ur UL dr D L R FS,2,12,50,6,2,15,4
ur UL dr D R L FS,2,12,50,6,2,15,4
ur UL dr R D L FS,2,12,50,6,2,13,3
ur UL R D dr L FS,2,12,50,6,2,13,3
ur UL R D L dr FS,2,12,50,6,2,11,3
ur UL R dr D L FS,2,12,50,6,2,15,3
FS L UL R D ur dr,6,11,51,6,2,11,3
FS L UL R ur D dr,6,11,51,6,2,13,3
FS L UL ur D R dr,6,11,51,6,2,11,3
FS L UL ur R D dr,6,11,51,6,2,13,3
FS L ur UL D R dr,6,11,51,6,2,13,3
FS L ur UL R D dr,6,11,51,6,2,13,3
FS UL L R D ur dr,6,11,51,6,2,13,4
FS UL L R ur D dr,6,11,51,6,2,15,4
FS UL L ur D R dr,6,11,51,6,2,11,3
FS UL L ur R D dr,6,11,51,6,2,13,3
FS UL R D L ur dr,6,11,51,6,2,13,3
FS UL R L D ur dr,6,11,51,6,2,15,4
FS UL R L ur D dr,6,11,51,6,2,15,4
FS UL R ur L D dr,6,11,51,6,2,15,3
FS UL ur L D R dr,6,11,51,6,2,13,3
FS UL ur L R D dr,6,11,51,6,2,15,4
FS UL ur R L D dr,6,11,51,6,2,17,4
FS ur L UL D R dr,6,11,51,6,2,13,3
FS ur L UL R D dr,6,11,51,6,2,13,3
FS ur UL L D R dr,6,11,51,6,2,13,3
FS ur UL L R D dr,6,11,51,6,2,15,4
FS ur UL R L D dr,6,11,51,6,2,17,4
L FS UL R D ur dr,6,11,51,6,2,13,3
L FS UL R ur D dr,6,11,51,6,2,15,3
L FS UL ur D R dr,6,11,51,6,2,13,3
L FS UL ur R D dr,6,11,51,6,2,15,3
L FS ur UL D R dr,6,11,51,6,2,15,3
L FS ur UL R D dr,6,11,51,6,2,15,3
L UL FS R D ur dr,6,11,51,6,2,11,3
L UL FS R ur D dr,6,11,51,6,2,13,3
L UL FS ur D R dr,6,11,51,6,2,13,3
L UL FS ur R D dr,6,11,51,6,2,15,3
L UL R FS D ur dr,6,11,51,6,2,11,3
L UL R FS ur D dr,6,11,51,6,2,13,3
L UL R ur D FS dr,6,11,51,6,2,11,3
L UL R ur FS D dr,6,11,51,6,2,15,3
L UL ur D FS R dr,6,11,51,6,2,11,3
L UL ur D R FS dr,6,11,51,6,2,9,2
L UL ur FS D R dr,6,11,51,6,2,13,3
L UL ur FS R D dr,6,11,51,6,2,13,3
L UL ur R D FS dr,6,11,51,6,2,11,3
L UL ur R FS D dr,6,11,51,6,2,13,3
L ur FS UL D R dr,6,11,51,6,2,15,3
L ur FS UL R D dr,6,11,51,6,2,15,3
L ur UL D FS R dr,6,11,51,6,2,13,3
L ur UL D R FS dr,6,11,51,6,2,11,3
L ur UL FS D R dr,6,11,51,6,2,13,3
L ur UL FS R D dr,6,11,51,6,2,13,3
L ur UL R D FS dr,6,11,51,6,2,11,3
L ur UL R FS D dr,6,11,51,6,2,13,3
UL FS L R D ur dr,6,11,51,6,2,14,4
UL FS L R ur D dr,6,11,51,6,2,16,4
UL FS L ur D R dr,6,11,51,6,2,12,3
UL FS L ur R D dr,6,11,51,6,2,14,3
UL FS R D L ur dr,6,11,51,6,2,12,3
UL FS R L D ur dr,6,11,51,6,2,14,4
UL FS R L ur D dr,6,11,51,6,2,14,4
UL FS R ur L D dr,6,11,51,6,2,14,3
UL FS ur L D R dr,6,11,51,6,2,14,3
UL FS ur L R D dr,6,11,51,6,2,16,4
UL FS ur R L D dr,6,11,51,6,2,18,4
UL L FS R D ur dr,6,11,51,6,2,10,2
UL L FS R ur D dr,6,11,51,6,2,12,3
UL L FS ur D R dr,6,11,51,6,2,12,3
UL L FS ur R D dr,6,11,51,6,2,14,3
UL L R FS D ur dr,6,11,51,6,2,12,4
UL L R FS ur D dr,6,11,51,6,2,14,4
UL L R ur D FS dr,6,11,51,6,2,12,4
UL L R ur FS D dr,6,11,51,6,2,16,4
UL L ur D FS R dr,6,11,51,6,2,10,3
UL L ur D R FS dr,6,11,51,6,2,8,2
UL L ur FS D R dr,6,11,51,6,2,12,3
UL L ur FS R D dr,6,11,51,6,2,12,3
UL L ur R D FS dr,6,11,51,6,2,10,3
UL L ur R FS D dr,6,11,51,6,2,12,3
UL R FS D L ur dr,6,11,51,6,2,12,3
UL R FS L D ur dr,6,11,51,6,2,12,3
UL R FS L ur D dr,6,11,51,6,2,12,3
UL R FS ur L D dr,6,11,51,6,2,14,3
UL R L FS D ur dr,6,11,51,6,2,14,4
UL R L FS ur D dr,6,11,51,6,2,16,4
UL R L ur D FS dr,6,11,51,6,2,12,4
UL R L ur FS D dr,6,11,51,6,2,16,4
UL R ur FS L D dr,6,11,51,6,2,16,3
UL R ur L D FS dr,6,11,51,6,2,12,3
UL R ur L FS D dr,6,11,51,6,2,14,3
UL ur FS L D R dr,6,11,51,6,2,14,3
UL ur FS L R D dr,6,11,51,6,2,16,4
UL ur FS R L D dr,6,11,51,6,2,16,4
UL ur L D FS R dr,6,11,51,6,2,12,3
UL ur L D R FS dr,6,11,51,6,2,10,2
UL ur L FS D R dr,6,11,51,6,2,12,3
UL ur L FS R D dr,6,11,51,6,2,12,3
UL ur L R D FS dr,6,11,51,6,2,12,4
UL ur L R FS D dr,6,11,51,6,2,14,4
UL ur R FS L D dr,6,11,51,6,2,14,3
UL ur R L D FS dr,6,11,51,6,2,14,4
UL ur R L FS D dr,6,11,51,6,2,16,4
ur FS L UL D R dr,6,11,51,6,2,14,3
ur FS L UL R D dr,6,11,51,6,2,14,3
ur FS UL L D R dr,6,11,51,6,2,14,3
ur FS UL L R D dr,6,11,51,6,2,16,4
ur FS UL R L D dr,6,11,51,6,2,18,4
ur L FS UL D R dr,6,11,51,6,2,14,3
ur L FS UL R D dr,6,11,51,6,2,14,3
ur L UL D FS R dr,6,11,51,6,2,12,3
ur L UL D R FS dr,6,11,51,6,2,10,3
ur L UL FS D R dr,6,11,51,6,2,12,3
ur L UL FS R D dr,6,11,51,6,2,12,3
ur L UL R D FS dr,6,11,51,6,2,10,3
ur L UL R FS D dr,6,11,51,6,2,12,3
ur UL FS L D R dr,6,11,51,6,2,14,3
ur UL FS L R D dr,6,11,51,6,2,16,4
ur UL FS R L D dr,6,11,51,6,2,16,4
ur UL L D FS R dr,6,11,51,6,2,12,3
ur UL L D R FS dr,6,11,51,6,2,10,2
ur UL L FS D R dr,6,11,51,6,2,12,3
ur UL L FS R D dr,6,11,51,6,2,12,3
ur UL L R D FS dr,6,11,51,6,2,12,4
ur UL L R FS D dr,6,11,51,6,2,14,4
ur UL R FS L D dr,6,11,51,6,2,14,3
ur UL R L D FS dr,6,11,51,6,2,14,4
ur UL R L FS D dr,6,11,51,6,2,16,4
dr FS R D UL ur L,2,12,52,7,2,11,3
dr FS R D ur UL L,2,12,52,7,2,9,2
dr FS R UL D ur L,2,12,52,7,2,11,3
dr FS R UL L ur D,2,12,52,7,2,9,3
dr FS R UL ur D L,2,12,52,7,2,11,3
dr FS R UL ur L D,2,12,52,7,2,11,3
dr FS R ur D UL L,2,12,52,7,2,11,3
dr FS R ur UL D L,2,12,52,7,2,13,3
dr FS R ur UL L D,2,12,52,7,2,11,3
dr FS ur R D UL L,2,12,52,7,2,13,3
dr FS ur R UL D L,2,12,52,7,2,15,3
dr FS ur R UL L D,2,12,52,7,2,13,3
dr R FS D UL ur L,2,12,52,7,2,13,3
dr R FS D ur UL L,2,12,52,7,2,11,3
dr R FS UL D ur L,2,12,52,7,2,13,3
dr R FS UL L ur D,2,12,52,7,2,11,3
dr R FS UL ur D L,2,12,52,7,2,13,3
dr R FS UL ur L D,2,12,52,7,2,13,3
dr R FS ur D UL L,2,12,52,7,2,13,3
dr R FS ur UL D L,2,12,52,7,2,15,3
dr R FS ur UL L D,2,12,52,7,2,13,3
dr R UL FS D ur L,2,12,52,7,2,13,3
dr R UL FS L ur D,2,12,52,7,2,13,3
dr R UL FS ur D L,2,12,52,7,2,15,3
dr R UL FS ur L D,2,12,52,7,2,15,3
dr R UL ur FS D L,2,12,52,7,2,15,3
dr R UL ur FS L D,2,12,52,7,2,15,3
dr R ur FS D UL L,2,12,52,7,2,15,3
dr R ur FS UL D L,2,12,52,7,2,17,3
dr R ur FS UL L D,2,12,52,7,2,15,3
dr R ur UL FS D L,2,12,52,7,2,15,3
dr R ur UL FS L D,2,12,52,7,2,15,3
dr ur FS R D UL L,2,12,52,7,2,13,3
dr ur FS R UL D L,2,12,52,7,2,15,3
dr ur FS R UL L D,2,12,52,7,2,13,3
dr ur R FS D UL L,2,12,52,7,2,13,3
dr ur R FS UL D L,2,12,52,7,2,15,3
dr ur R FS UL L D,2,12,52,7,2,13,3
dr ur R UL FS D L,2,12,52,7,2,15,3
dr ur R UL FS L D,2,12,52,7,2,15,3
FS dr R D UL ur L,2,12,52,7,2,12,3
FS dr R D ur UL L,2,12,52,7,2,10,3
FS dr R UL D ur L,2,12,52,7,2,12,3
FS dr R UL L ur D,2,12,52,7,2,10,3
FS dr R UL ur D L,2,12,52,7,2,12,3
FS dr R UL ur L D,2,12,52,7,2,12,3
FS dr R ur D UL L,2,12,52,7,2,12,3
FS dr R ur UL D L,2,12,52,7,2,14,3
FS dr R ur UL L D,2,12,52,7,2,12,3
FS dr ur R D UL L,2,12,52,7,2,12,3
FS dr ur R UL D L,2,12,52,7,2,14,3
FS dr ur R UL L D,2,12,52,7,2,12,3
FS R D dr UL ur L,2,12,52,7,2,12,3
FS R D dr ur UL L,2,12,52,7,2,12,3
FS R D UL dr ur L,2,12,52,7,2,12,3
FS R D UL ur dr L,2,12,52,7,2,12,3
FS R D ur dr UL L,2,12,52,7,2,10,2
FS R D ur UL dr L,2,12,52,7,2,10,2
FS R dr D UL ur L,2,12,52,7,2,14,3
FS R dr D ur UL L,2,12,52,7,2,12,3
FS R dr UL D ur L,2,12,52,7,2,12,3
FS R dr UL L ur D,2,12,52,7,2,10,3
FS R dr UL ur D L,2,12,52,7,2,12,3
FS R dr UL ur L D,2,12,52,7,2,12,3
FS R dr ur D UL L,2,12,52,7,2,12,3
FS R dr ur UL D L,2,12,52,7,2,14,3
FS R dr ur UL L D,2,12,52,7,2,12,3
FS R UL D dr ur L,2,12,52,7,2,14,3
FS R UL D ur dr L,2,12,52,7,2,12,3
FS R UL dr D ur L,2,12,52,7,2,12,3
FS R UL dr L ur D,2,12,52,7,2,10,3
FS R UL dr ur D L,2,12,52,7,2,12,3
FS R UL dr ur L D,2,12,52,7,2,12,3
FS R UL ur D dr L,2,12,52,7,2,12,3
FS R UL ur dr D L,2,12,52,7,2,14,3
FS R UL ur dr L D,2,12,52,7,2,12,3
FS R ur D dr UL L,2,12,52,7,2,12,3
FS R ur D UL dr L,2,12,52,7,2,12,3
FS R ur dr D UL L,2,12,52,7,2,14,3
FS R ur dr UL D L,2,12,52,7,2,14,3
FS R ur dr UL L D,2,12,52,7,2,12,3
FS R ur UL D dr L,2,12,52,7,2,14,3
FS R ur UL dr D L,2,12,52,7,2,14,3
FS R ur UL dr L D,2,12,52,7,2,12,3
FS ur dr R D UL L,2,12,52,7,2,14,3
FS ur dr R UL D L,2,12,52,7,2,16,3
FS ur dr R UL L D,2,12,52,7,2,14,3
FS ur R D dr UL L,2,12,52,7,2,14,3
FS ur R D UL dr L,2,12,52,7,2,14,3
FS ur R dr D UL L,2,12,52,7,2,16,3
FS ur R dr UL D L,2,12,52,7,2,16,3
FS ur R dr UL L D,2,12,52,7,2,14,3
FS ur R UL D dr L,2,12,52,7,2,16,3
FS ur R UL dr D L,2,12,52,7,2,16,3
FS ur R UL dr L D,2,12,52,7,2,14,3
R dr FS D UL ur L,2,12,52,7,2,12,3
R dr FS D ur UL L,2,12,52,7,2,10,3
R dr FS UL D ur L,2,12,52,7,2,12,3
R dr FS UL L ur D,2,12,52,7,2,10,3
R dr FS UL ur D L,2,12,52,7,2,12,3
R dr FS UL ur L D,2,12,52,7,2,12,3
R dr FS ur D UL L,2,12,52,7,2,12,3
R dr FS ur UL D L,2,12,52,7,2,14,3
R dr FS ur UL L D,2,12,52,7,2,12,3
R dr UL FS D ur L,2,12,52,7,2,12,3
R dr UL FS L ur D,2,12,52,7,2,12,3
R dr UL FS ur D L,2,12,52,7,2,14,3
R dr UL FS ur L D,2,12,52,7,2,14,3
R dr UL ur FS D L,2,12,52,7,2,14,3
R dr UL ur FS L D,2,12,52,7,2,14,3
R dr ur FS D UL L,2,12,52,7,2,14,3
R dr ur FS UL D L,2,12,52,7,2,16,3
R dr ur FS UL L D,2,12,52,7,2,14,3
R dr ur UL FS D L,2,12,52,7,2,14,3
R dr ur UL FS L D,2,12,52,7,2,14,3
R FS D dr UL ur L,2,12,52,7,2,12,3
R FS D dr ur UL L,2,12,52,7,2,12,3
R FS D UL dr ur L,2,12,52,7,2,12,3
R FS D UL ur dr L,2,12,52,7,2,12,3
R FS D ur dr UL L,2,12,52,7,2,10,2
R FS D ur UL dr L,2,12,52,7,2,10,2
R FS dr D UL ur L,2,12,52,7,2,12,3
R FS dr D ur UL L,2,12,52,7,2,10,3
R FS dr UL D ur L,2,12,52,7,2,10,3
R FS dr UL L ur D,2,12,52,7,2,8,2
R FS dr UL ur D L,2,12,52,7,2,10,2
R FS dr UL ur L D,2,12,52,7,2,10,2
R FS dr ur D UL L,2,12,52,7,2,10,3
R FS dr ur UL D L,2,12,52,7,2,12,3
R FS dr ur UL L D,2,12,52,7,2,10,2
R FS UL D dr ur L,2,12,52,7,2,14,3
R FS UL D ur dr L,2,12,52,7,2,12,3
R FS UL dr D ur L,2,12,52,7,2,12,3
R FS UL dr L ur D,2,12,52,7,2,10,3
R FS UL dr ur D L,2,12,52,7,2,12,3
R FS UL dr ur L D,2,12,52,7,2,12,3
R FS UL ur D dr L,2,12,52,7,2,12,3
R FS UL ur dr D L,2,12,52,7,2,14,3
R FS UL ur dr L D,2,12,52,7,2,12,3
R FS ur D dr UL L,2,12,52,7,2,12,3
R FS ur D UL dr L,2,12,52,7,2,12,3
R FS ur dr D UL L,2,12,52,7,2,14,3
R FS ur dr UL D L,2,12,52,7,2,14,3
R FS ur dr UL L D,2,12,52,7,2,12,3
R FS ur UL D dr L,2,12,52,7,2,14,3
R FS ur UL dr D L,2,12,52,7,2,14,3
R FS ur UL dr L D,2,12,52,7,2,12,3
R UL dr FS D ur L,2,12,52,7,2,10,3
R UL dr FS L ur D,2,12,52,7,2,10,3
R UL dr FS ur D L,2,12,52,7,2,12,3
R UL dr FS ur L D,2,12,52,7,2,12,3
R UL dr ur FS D L,2,12,52,7,2,14,3
R UL dr ur FS L D,2,12,52,7,2,14,3
R UL FS D dr ur L,2,12,52,7,2,14,3
R UL FS D ur dr L,2,12,52,7,2,12,3
R UL FS dr D ur L,2,12,52,7,2,12,3
R UL FS dr L ur D,2,12,52,7,2,10,3
R UL FS dr ur D L,2,12,52,7,2,12,3
R UL FS dr ur L D,2,12,52,7,2,12,3
R UL FS ur D dr L,2,12,52,7,2,14,3
R UL FS ur dr D L,2,12,52,7,2,16,3
R UL FS ur dr L D,2,12,52,7,2,14,3
R UL ur dr FS D L,2,12,52,7,2,12,3
R UL ur dr FS L D,2,12,52,7,2,12,3
R UL ur FS D dr L,2,12,52,7,2,14,3
R UL ur FS dr D L,2,12,52,7,2,14,3
R UL ur FS dr L D,2,12,52,7,2,12,3
R ur dr FS D UL L,2,12,52,7,2,12,3
R ur dr FS UL D L,2,12,52,7,2,14,3
R ur dr FS UL L D,2,12,52,7,2,12,3
R ur dr UL FS D L,2,12,52,7,2,14,3
R ur dr UL FS L D,2,12,52,7,2,14,3
R ur FS D dr UL L,2,12,52,7,2,14,3
R ur FS D UL dr L,2,12,52,7,2,14,3
R ur FS dr D UL L,2,12,52,7,2,14,3
R ur FS dr UL D L,2,12,52,7,2,14,3
R ur FS dr UL L D,2,12,52,7,2,12,3
R ur FS UL D dr L,2,12,52,7,2,16,3
R ur FS UL dr D L,2,12,52,7,2,16,3
R ur FS UL dr L D,2,12,52,7,2,14,3
R ur UL dr FS D L,2,12,52,7,2,12,3
R ur UL dr FS L D,2,12,52,7,2,12,3
R ur UL FS D dr L,2,12,52,7,2,14,3
R ur UL FS dr D L,2,12,52,7,2,14,3
R ur UL FS dr L D,2,12,52,7,2,12,3
ur dr FS R D UL L,2,12,52,7,2,11,3
ur dr FS R UL D L,2,12,52,7,2,13,3
ur dr FS R UL L D,2,12,52,7,2,11,3
ur dr R FS D UL L,2,12,52,7,2,13,3
ur dr R FS UL D L,2,12,52,7,2,15,3
ur dr R FS UL L D,2,12,52,7,2,13,3
ur dr R UL FS D L,2,12,52,7,2,15,3
ur dr R UL FS L D,2,12,52,7,2,15,3
ur FS dr R D UL L,2,12,52,7,2,13,3
ur FS dr R UL D L,2,12,52,7,2,15,3
ur FS dr R UL L D,2,12,52,7,2,13,3
ur FS R D dr UL L,2,12,52,7,2,13,3
ur FS R D UL dr L,2,12,52,7,2,13,3
ur FS R dr D UL L,2,12,52,7,2,15,3
ur FS R dr UL D L,2,12,52,7,2,15,3
ur FS R dr UL L D,2,12,52,7,2,13,3
ur FS R UL D dr L,2,12,52,7,2,15,3
ur FS R UL dr D L,2,12,52,7,2,15,3
ur FS R UL dr L D,2,12,52,7,2,13,3
ur R dr FS D UL L,2,12,52,7,2,13,3
ur R dr FS UL D L,2,12,52,7,2,15,3
ur R dr FS UL L D,2,12,52,7,2,13,3
ur R dr UL FS D L,2,12,52,7,2,15,3
ur R dr UL FS L D,2,12,52,7,2,15,3
ur R FS D dr UL L,2,12,52,7,2,13,3
ur R FS D UL dr L,2,12,52,7,2,13,3
ur R FS dr D UL L,2,12,52,7,2,13,3
ur R FS dr UL D L,2,12,52,7,2,13,3
ur R FS dr UL L D,2,12,52,7,2,11,3
ur R FS UL D dr L,2,12,52,7,2,15,3
ur R FS UL dr D L,2,12,52,7,2,15,3
ur R FS UL dr L D,2,12,52,7,2,13,3
ur R UL dr FS D L,2,12,52,7,2,13,3
ur R UL dr FS L D,2,12,52,7,2,13,3
ur R UL FS D dr L,2,12,52,7,2,15,3
ur R UL FS dr D L,2,12,52,7,2,15,3
ur R UL FS dr L D,2,12,52,7,2,13,3
D dr FS L R UL ur,2,12,53,6,2,15,4
D dr FS L UL R ur,2,12,53,6,2,13,3
D dr FS R L UL ur,2,12,53,6,2,13,4
D dr L FS R UL ur,2,12,53,6,2,13,3
D dr L FS UL R ur,2,12,53,6,2,15,3
D dr L ur UL R FS,2,12,53,6,2,12,3
D dr ur L UL R FS,2,12,53,6,2,12,3
D FS dr L R UL ur,2,12,53,6,2,13,4
D FS dr L UL R ur,2,12,53,6,2,11,3
D FS dr R L UL ur,2,12,53,6,2,13,4
D FS L dr R UL ur,2,12,53,6,2,13,3
D FS L dr UL R ur,2,12,53,6,2,13,3
D FS L R dr UL ur,2,12,53,6,2,15,4
D FS L R UL dr ur,2,12,53,6,2,15,4
D FS R dr L UL ur,2,12,53,6,2,11,3
D FS R L dr UL ur,2,12,53,6,2,13,4
D FS R L UL dr ur,2,12,53,6,2,13,4
D FS R UL L dr ur,2,12,53,6,2,11,3
D L dr FS R UL ur,2,12,53,6,2,11,3
D L dr FS UL R ur,2,12,53,6,2,13,3
D L dr ur UL R FS,2,12,53,6,2,12,3
D L FS dr R UL ur,2,12,53,6,2,13,3
D L FS dr UL R ur,2,12,53,6,2,13,3
D L FS R dr UL ur,2,12,53,6,2,13,3
D L FS R UL dr ur,2,12,53,6,2,13,3
D L ur dr UL R FS,2,12,53,6,2,12,3
D L ur UL dr R FS,2,12,53,6,2,12,3
D L ur UL R dr FS,2,12,53,6,2,12,3
D ur dr L UL R FS,2,12,53,6,2,10,3
D ur L dr UL R FS,2,12,53,6,2,10,3
D ur L UL dr R FS,2,12,53,6,2,10,3
D ur L UL R dr FS,2,12,53,6,2,10,3
dr D FS L R UL ur,2,12,53,6,2,16,4
dr D FS L UL R ur,2,12,53,6,2,14,3
dr D FS R L UL ur,2,12,53,6,2,14,4
dr D L FS R UL ur,2,12,53,6,2,14,3
dr D L FS UL R ur,2,12,53,6,2,16,3
dr D L ur UL R FS,2,12,53,6,2,13,3
dr D ur L UL R FS,2,12,53,6,2,11,3
dr FS D L R UL ur,2,12,53,6,2,14,4
dr FS D L UL R ur,2,12,53,6,2,12,3
dr FS D R L UL ur,2,12,53,6,2,12,4
dr FS L D R UL ur,2,12,53,6,2,12,3
dr FS L D UL R ur,2,12,53,6,2,14,3
dr FS L UL D R ur,2,12,53,6,2,12,3
dr L D FS R UL ur,2,12,53,6,2,12,3
dr L D FS UL R ur,2,12,53,6,2,14,3
dr L D ur UL R FS,2,12,53,6,2,11,3
dr L FS D R UL ur,2,12,53,6,2,12,3
dr L FS D UL R ur,2,12,53,6,2,14,3
dr L FS UL D R ur,2,12,53,6,2,14,3
dr L ur D UL R FS,2,12,53,6,2,11,3
dr ur D L UL R FS,2,12,53,6,2,11,3
dr ur L D UL R FS,2,12,53,6,2,13,3
FS D dr L R UL ur,2,12,53,6,2,15,4
FS D dr L UL R ur,2,12,53,6,2,13,3
FS D dr R L UL ur,2,12,53,6,2,15,4
FS D L dr R UL ur,2,12,53,6,2,13,3
FS D L dr UL R ur,2,12,53,6,2,13,3
FS D L R dr UL ur,2,12,53,6,2,15,4
FS D L R UL dr ur,2,12,53,6,2,15,4
FS D R dr L UL ur,2,12,53,6,2,11,3
FS D R L dr UL ur,2,12,53,6,2,13,4
FS D R L UL dr ur,2,12,53,6,2,13,4
FS D R UL L dr ur,2,12,53,6,2,11,3
FS dr D L R UL ur,2,12,53,6,2,15,4
FS dr D L UL R ur,2,12,53,6,2,13,3
FS dr D R L UL ur,2,12,53,6,2,13,4
FS dr L D R UL ur,2,12,53,6,2,11,3
FS dr L D UL R ur,2,12,53,6,2,13,3
FS dr L UL D R ur,2,12,53,6,2,11,3
FS L D dr R UL ur,2,12,53,6,2,15,3
FS L D dr UL R ur,2,12,53,6,2,15,3
FS L D R dr UL ur,2,12,53,6,2,13,3
FS L D R UL dr ur,2,12,53,6,2,13,3
FS L dr D R UL ur,2,12,53,6,2,13,3
FS L dr D UL R ur,2,12,53,6,2,15,3
FS L dr UL D R ur,2,12,53,6,2,13,3
L D dr FS R UL ur,2,12,53,6,2,13,3
L D dr FS UL R ur,2,12,53,6,2,15,3
L D dr ur UL R FS,2,12,53,6,2,14,3
L D FS dr R UL ur,2,12,53,6,2,13,3
L D FS dr UL R ur,2,12,53,6,2,13,3
L D FS R dr UL ur,2,12,53,6,2,13,3
L D FS R UL dr ur,2,12,53,6,2,13,3
L D ur dr UL R FS,2,12,53,6,2,12,3
L D ur UL dr R FS,2,12,53,6,2,12,3
L D ur UL R dr FS,2,12,53,6,2,12,3
L dr D FS R UL ur,2,12,53,6,2,13,3
L dr D FS UL R ur,2,12,53,6,2,15,3
L dr D ur UL R FS,2,12,53,6,2,12,3
L dr FS D R UL ur,2,12,53,6,2,11,3
L dr FS D UL R ur,2,12,53,6,2,13,3
L dr FS UL D R ur,2,12,53,6,2,13,3
L dr ur D UL R FS,2,12,53,6,2,12,3
L FS D dr R UL ur,2,12,53,6,2,15,3
L FS D dr UL R ur,2,12,53,6,2,15,3
L FS D R dr UL ur,2,12,53,6,2,13,3
L FS D R UL dr ur,2,12,53,6,2,13,3
L FS dr D R UL ur,2,12,53,6,2,13,3
L FS dr D UL R ur,2,12,53,6,2,15,3
L FS dr UL D R ur,2,12,53,6,2,13,3
L ur D dr UL R FS,2,12,53,6,2,12,3
L ur D UL dr R FS,2,12,53,6,2,12,3
L ur D UL R dr FS,2,12,53,6,2,12,3
L ur dr D UL R FS,2,12,53,6,2,14,3
ur D dr L UL R FS,2,12,53,6,2,11,3
ur D L dr UL R FS,2,12,53,6,2,11,3
ur D L UL dr R FS,2,12,53,6,2,11,3
ur D L UL R dr FS,2,12,53,6,2,11,3
ur dr D L UL R FS,2,12,53,6,2,13,3
ur dr L D UL R FS,2,12,53,6,2,13,3
ur L D dr UL R FS,2,12,53,6,2,13,3
ur L D UL dr R FS,2,12,53,6,2,13,3
ur L D UL R dr FS,2,12,53,6,2,13,3
ur L dr D UL R FS,2,12,53,6,2,13,3
D FS UL R ur L dr,6,12,54,6,2,13,3
D FS UL ur L R dr,6,12,54,6,2,15,4
D FS UL ur R L dr,6,12,54,6,2,15,4
D FS ur UL L R dr,6,12,54,6,2,15,4
D FS ur UL R L dr,6,12,54,6,2,15,4
D UL FS R ur L dr,6,12,54,6,2,13,3
D UL FS ur L R dr,6,12,54,6,2,17,4
D UL FS ur R L dr,6,12,54,6,2,17,4
D UL R FS ur L dr,6,12,54,6,2,13,3
D UL R ur FS L dr,6,12,54,6,2,15,3
D UL R ur L FS dr,6,12,54,6,2,13,3
D UL ur FS L R dr,6,12,54,6,2,17,4
D UL ur FS R L dr,6,12,54,6,2,15,4
D UL ur L FS R dr,6,12,54,6,2,13,3
D UL ur L R FS dr,6,12,54,6,2,13,4
D UL ur R FS L dr,6,12,54,6,2,13,3
D UL ur R L FS dr,6,12,54,6,2,15,4
D ur FS UL L R dr,6,12,54,6,2,15,4
D ur FS UL R L dr,6,12,54,6,2,15,4
D ur UL FS L R dr,6,12,54,6,2,15,4
D ur UL FS R L dr,6,12,54,6,2,13,4
D ur UL L FS R dr,6,12,54,6,2,11,3
D ur UL L R FS dr,6,12,54,6,2,11,4
D ur UL R FS L dr,6,12,54,6,2,11,3
D ur UL R L FS dr,6,12,54,6,2,13,4
FS D UL R ur L dr,6,12,54,6,2,13,3
FS D UL ur L R dr,6,12,54,6,2,15,4
FS D UL ur R L dr,6,12,54,6,2,15,4
FS D ur UL L R dr,6,12,54,6,2,13,4
FS D ur UL R L dr,6,12,54,6,2,13,4
FS UL D R ur L dr,6,12,54,6,2,13,3
FS UL D ur L R dr,6,12,54,6,2,15,4
FS UL D ur R L dr,6,12,54,6,2,15,4
FS UL ur D L R dr,6,12,54,6,2,15,4
FS UL ur D R L dr,6,12,54,6,2,13,4
FS ur D UL L R dr,6,12,54,6,2,15,4
FS ur D UL R L dr,6,12,54,6,2,15,4
FS ur UL D L R dr,6,12,54,6,2,17,4
FS ur UL D R L dr,6,12,54,6,2,15,4
UL D FS R ur L dr,6,12,54,6,2,12,3
UL D FS ur L R dr,6,12,54,6,2,16,4
UL D FS ur R L dr,6,12,54,6,2,16,4
UL D R FS ur L dr,6,12,54,6,2,12,3
UL D R ur FS L dr,6,12,54,6,2,14,3
UL D R ur L FS dr,6,12,54,6,2,12,3
UL D ur FS L R dr,6,12,54,6,2,16,4
UL D ur FS R L dr,6,12,54,6,2,14,4
UL D ur L FS R dr,6,12,54,6,2,12,3
UL D ur L R FS dr,6,12,54,6,2,12,4
UL D ur R FS L dr,6,12,54,6,2,12,3
UL D ur R L FS dr,6,12,54,6,2,14,4
UL FS D R ur L dr,6,12,54,6,2,12,3
UL FS D ur L R dr,6,12,54,6,2,14,4
UL FS D ur R L dr,6,12,54,6,2,14,4
UL FS ur D L R dr,6,12,54,6,2,16,4
UL FS ur D R L dr,6,12,54,6,2,14,4
UL R D FS ur L dr,6,12,54,6,2,12,3
UL R D ur FS L dr,6,12,54,6,2,12,3
UL R D ur L FS dr,6,12,54,6,2,10,3
UL R ur D FS L dr,6,12,54,6,2,12,3
UL R ur D L FS dr,6,12,54,6,2,12,3
UL ur D FS L R dr,6,12,54,6,2,14,4
UL ur D FS R L dr,6,12,54,6,2,12,4
UL ur D L FS R dr,6,12,54,6,2,12,3
UL ur D L R FS dr,6,12,54,6,2,12,4
UL ur D R FS L dr,6,12,54,6,2,10,2
UL ur D R L FS dr,6,12,54,6,2,12,4
UL ur FS D L R dr,6,12,54,6,2,16,4
UL ur FS D R L dr,6,12,54,6,2,14,4
UL ur R D FS L dr,6,12,54,6,2,12,3
UL ur R D L FS dr,6,12,54,6,2,12,3
ur D FS UL L R dr,6,12,54,6,2,14,4
ur D FS UL R L dr,6,12,54,6,2,14,4
ur D UL FS L R dr,6,12,54,6,2,16,4
ur D UL FS R L dr,6,12,54,6,2,14,4
ur D UL L FS R dr,6,12,54,6,2,12,3
ur D UL L R FS dr,6,12,54,6,2,12,4
ur D UL R FS L dr,6,12,54,6,2,12,3
ur D UL R L FS dr,6,12,54,6,2,14,4
ur FS D UL L R dr,6,12,54,6,2,16,4
ur FS D UL R L dr,6,12,54,6,2,16,4
ur FS UL D L R dr,6,12,54,6,2,18,4
ur FS UL D R L dr,6,12,54,6,2,16,4
ur UL D FS L R dr,6,12,54,6,2,16,4
ur UL D FS R L dr,6,12,54,6,2,14,4
ur UL D L FS R dr,6,12,54,6,2,14,3
ur UL D L R FS dr,6,12,54,6,2,14,4
ur UL D R FS L dr,6,12,54,6,2,12,3
ur UL D R L FS dr,6,12,54,6,2,14,4
ur UL FS D L R dr,6,12,54,6,2,16,4
ur UL FS D R L dr,6,12,54,6,2,14,4
ur UL R D FS L dr,6,12,54,6,2,12,3
ur UL R D L FS dr,6,12,54,6,2,12,3
D dr L R FS UL ur,2,12,55,7,2,15,4
D dr L R UL FS ur,2,12,55,7,2,17,4
D dr L R UL ur FS,2,12,55,7,2,16,4
D dr L R ur UL FS,2,12,55,7,2,16,4
D dr L ur R UL FS,2,12,55,7,2,14,3
D dr R FS L UL ur,2,12,55,7,2,13,3
D dr R L FS UL ur,2,12,55,7,2,17,4
D dr R L UL FS ur,2,12,55,7,2,17,4
D dr R L UL ur FS,2,12,55,7,2,16,4
D dr R L ur UL FS,2,12,55,7,2,16,4
D dr R UL L FS ur,2,12,55,7,2,15,3
D dr R UL L ur FS,2,12,55,7,2,14,3
D dr R ur L UL FS,2,12,55,7,2,14,3
D dr ur L R UL FS,2,12,55,7,2,16,4
D dr ur R L UL FS,2,12,55,7,2,16,4
D L dr R FS UL ur,2,12,55,7,2,13,3
D L dr R UL FS ur,2,12,55,7,2,15,3
D L dr R UL ur FS,2,12,55,7,2,14,3
D L dr R ur UL FS,2,12,55,7,2,14,3
D L dr ur R UL FS,2,12,55,7,2,14,3
D L R dr FS UL ur,2,12,55,7,2,15,4
D L R dr UL FS ur,2,12,55,7,2,17,4
D L R dr UL ur FS,2,12,55,7,2,16,4
D L R dr ur UL FS,2,12,55,7,2,16,4
D L R FS dr UL ur,2,12,55,7,2,13,4
D L R FS UL dr ur,2,12,55,7,2,15,4
D L R UL dr FS ur,2,12,55,7,2,15,4
D L R UL dr ur FS,2,12,55,7,2,16,4
D L R UL FS dr ur,2,12,55,7,2,15,4
D L R UL ur dr FS,2,12,55,7,2,14,4
D L R ur dr UL FS,2,12,55,7,2,16,4
D L R ur UL dr FS,2,12,55,7,2,14,4
D L ur dr R UL FS,2,12,55,7,2,14,3
D L ur R dr UL FS,2,12,55,7,2,14,3
D L ur R UL dr FS,2,12,55,7,2,12,3
D R dr FS L UL ur,2,12,55,7,2,11,3
D R dr L FS UL ur,2,12,55,7,2,13,3
D R dr L UL FS ur,2,12,55,7,2,13,3
D R dr L UL ur FS,2,12,55,7,2,12,3
D R dr L ur UL FS,2,12,55,7,2,12,3
D R dr UL L FS ur,2,12,55,7,2,13,3
D R dr UL L ur FS,2,12,55,7,2,12,3
D R dr ur L UL FS,2,12,55,7,2,12,3
D R FS dr L UL ur,2,12,55,7,2,9,2
D R FS L dr UL ur,2,12,55,7,2,11,2
D R FS L UL dr ur,2,12,55,7,2,11,2
D R FS UL L dr ur,2,12,55,7,2,11,3
D R L dr FS UL ur,2,12,55,7,2,13,4
D R L dr UL FS ur,2,12,55,7,2,15,4
D R L dr UL ur FS,2,12,55,7,2,14,4
D R L dr ur UL FS,2,12,55,7,2,14,4
D R L FS dr UL ur,2,12,55,7,2,13,4
D R L FS UL dr ur,2,12,55,7,2,15,4
D R L UL dr FS ur,2,12,55,7,2,13,4
D R L UL dr ur FS,2,12,55,7,2,14,4
D R L UL FS dr ur,2,12,55,7,2,13,4
D R L UL ur dr FS,2,12,55,7,2,12,4
D R L ur dr UL FS,2,12,55,7,2,14,4
D R L ur UL dr FS,2,12,55,7,2,12,4
D R UL dr L FS ur,2,12,55,7,2,13,3
D R UL dr L ur FS,2,12,55,7,2,12,3
D R UL FS L dr ur,2,12,55,7,2,13,3
D R UL L dr FS ur,2,12,55,7,2,11,3
D R UL L dr ur FS,2,12,55,7,2,12,3
D R UL L FS dr ur,2,12,55,7,2,11,3
D R UL L ur dr FS,2,12,55,7,2,10,3
D R ur dr L UL FS,2,12,55,7,2,12,3
D R ur L dr UL FS,2,12,55,7,2,12,3
D R ur L UL dr FS,2,12,55,7,2,10,3
D ur dr L R UL FS,2,12,55,7,2,14,4
D ur dr R L UL FS,2,12,55,7,2,14,4
D ur L dr R UL FS,2,12,55,7,2,12,3
D ur L R dr UL FS,2,12,55,7,2,14,4
D ur L R UL dr FS,2,12,55,7,2,12,4
D ur R dr L UL FS,2,12,55,7,2,12,3
D ur R L dr UL FS,2,12,55,7,2,14,4
D ur R L UL dr FS,2,12,55,7,2,12,4
dr D L R FS UL ur,2,12,55,7,2,16,4
dr D L R UL FS ur,2,12,55,7,2,18,4
dr D L R UL ur FS,2,12,55,7,2,17,4
dr D L R ur UL FS,2,12,55,7,2,17,4
dr D L ur R UL FS,2,12,55,7,2,15,3
dr D R FS L UL ur,2,12,55,7,2,12,3
dr D R L FS UL ur,2,12,55,7,2,16,4
dr D R L UL FS ur,2,12,55,7,2,16,4
dr D R L UL ur FS,2,12,55,7,2,15,4
dr D R L ur UL FS,2,12,55,7,2,15,4
dr D R UL L FS ur,2,12,55,7,2,14,3
dr D R UL L ur FS,2,12,55,7,2,13,3
dr D R ur L UL FS,2,12,55,7,2,13,3
dr D ur L R UL FS,2,12,55,7,2,15,4
dr D ur R L UL FS,2,12,55,7,2,15,4
dr L D R FS UL ur,2,12,55,7,2,12,3
dr L D R UL FS ur,2,12,55,7,2,14,3
dr L D R UL ur FS,2,12,55,7,2,13,3
dr L D R ur UL FS,2,12,55,7,2,13,3
dr L D ur R UL FS,2,12,55,7,2,13,3
dr L R D FS UL ur,2,12,55,7,2,14,4
dr L R D UL FS ur,2,12,55,7,2,16,4
dr L R D UL ur FS,2,12,55,7,2,15,4
dr L R D ur UL FS,2,12,55,7,2,13,4
dr L R UL D FS ur,2,12,55,7,2,16,4
dr L R UL D ur FS,2,12,55,7,2,15,4
dr L R ur D UL FS,2,12,55,7,2,15,4
dr L ur D R UL FS,2,12,55,7,2,11,3
dr L ur R D UL FS,2,12,55,7,2,13,3
dr R D FS L UL ur,2,12,55,7,2,12,3
dr R D L FS UL ur,2,12,55,7,2,14,3
dr R D L UL FS ur,2,12,55,7,2,14,3
dr R D L UL ur FS,2,12,55,7,2,13,3
dr R D L ur UL FS,2,12,55,7,2,13,3
dr R D UL L FS ur,2,12,55,7,2,14,3
dr R D UL L ur FS,2,12,55,7,2,13,3
dr R D ur L UL FS,2,12,55,7,2,11,3
dr R L D FS UL ur,2,12,55,7,2,16,4
dr R L D UL FS ur,2,12,55,7,2,18,4
dr R L D UL ur FS,2,12,55,7,2,17,4
dr R L D ur UL FS,2,12,55,7,2,15,4
dr R L UL D FS ur,2,12,55,7,2,16,4
dr R L UL D ur FS,2,12,55,7,2,15,4
dr R L ur D UL FS,2,12,55,7,2,15,4
dr R UL D L FS ur,2,12,55,7,2,16,3
dr R UL D L ur FS,2,12,55,7,2,15,3
dr R UL L D FS ur,2,12,55,7,2,14,3
dr R UL L D ur FS,2,12,55,7,2,13,3
dr R ur D L UL FS,2,12,55,7,2,13,3
dr R ur L D UL FS,2,12,55,7,2,15,3
dr ur D L R UL FS,2,12,55,7,2,15,4
dr ur D R L UL FS,2,12,55,7,2,13,4
dr ur L D R UL FS,2,12,55,7,2,13,3
dr ur L R D UL FS,2,12,55,7,2,15,4
dr ur R D L UL FS,2,12,55,7,2,13,3
dr ur R L D UL FS,2,12,55,7,2,17,4
L D dr R FS UL ur,2,12,55,7,2,15,3
L D dr R UL FS ur,2,12,55,7,2,17,3
L D dr R UL ur FS,2,12,55,7,2,16,3
L D dr R ur UL FS,2,12,55,7,2,16,3
L D dr ur R UL FS,2,12,55,7,2,16,3
L D R dr FS UL ur,2,12,55,7,2,13,3
L D R dr UL FS ur,2,12,55,7,2,15,3
L D R dr UL ur FS,2,12,55,7,2,14,3
L D R dr ur UL FS,2,12,55,7,2,14,3
L D R FS dr UL ur,2,12,55,7,2,11,2
L D R FS UL dr ur,2,12,55,7,2,13,3
L D R UL dr FS ur,2,12,55,7,2,13,3
L D R UL dr ur FS,2,12,55,7,2,14,3
L D R UL FS dr ur,2,12,55,7,2,13,3
L D R UL ur dr FS,2,12,55,7,2,12,3
L D R ur dr UL FS,2,12,55,7,2,14,3
L D R ur UL dr FS,2,12,55,7,2,12,3
L D ur dr R UL FS,2,12,55,7,2,14,3
L D ur R dr UL FS,2,12,55,7,2,14,3
L D ur R UL dr FS,2,12,55,7,2,12,3
L dr D R FS UL ur,2,12,55,7,2,13,3
L dr D R UL FS ur,2,12,55,7,2,15,3
L dr D R UL ur FS,2,12,55,7,2,14,3
L dr D R ur UL FS,2,12,55,7,2,14,3
L dr D ur R UL FS,2,12,55,7,2,14,3
L dr R D FS UL ur,2,12,55,7,2,13,3
L dr R D UL FS ur,2,12,55,7,2,15,3
L dr R D UL ur FS,2,12,55,7,2,14,3
L dr R D ur UL FS,2,12,55,7,2,12,3
L dr R UL D FS ur,2,12,55,7,2,15,3
L dr R UL D ur FS,2,12,55,7,2,14,3
L dr R ur D UL FS,2,12,55,7,2,14,3
L dr ur D R UL FS,2,12,55,7,2,12,3
L dr ur R D UL FS,2,12,55,7,2,14,3
L R D dr FS UL ur,2,12,55,7,2,15,4
L R D dr UL FS ur,2,12,55,7,2,17,4
L R D dr UL ur FS,2,12,55,7,2,16,4
L R D dr ur UL FS,2,12,55,7,2,16,4
L R D FS dr UL ur,2,12,55,7,2,13,4
L R D FS UL dr ur,2,12,55,7,2,15,4
L R D UL dr FS ur,2,12,55,7,2,15,4
L R D UL dr ur FS,2,12,55,7,2,16,4
L R D UL FS dr ur,2,12,55,7,2,15,4
L R D UL ur dr FS,2,12,55,7,2,14,4
L R D ur dr UL FS,2,12,55,7,2,14,4
L R D ur UL dr FS,2,12,55,7,2,12,4
L R dr D FS UL ur,2,12,55,7,2,17,4
L R dr D UL FS ur,2,12,55,7,2,19,4
L R dr D UL ur FS,2,12,55,7,2,18,4
L R dr D ur UL FS,2,12,55,7,2,16,4
L R dr UL D FS ur,2,12,55,7,2,17,4
L R dr UL D ur FS,2,12,55,7,2,16,4
L R dr ur D UL FS,2,12,55,7,2,16,4
L R UL D dr FS ur,2,12,55,7,2,17,4
L R UL D dr ur FS,2,12,55,7,2,18,4
L R UL D FS dr ur,2,12,55,7,2,15,4
L R UL D ur dr FS,2,12,55,7,2,14,4
L R UL dr D FS ur,2,12,55,7,2,17,4
L R UL dr D ur FS,2,12,55,7,2,16,4
L R ur D dr UL FS,2,12,55,7,2,16,4
L R ur D UL dr FS,2,12,55,7,2,14,4
L R ur dr D UL FS,2,12,55,7,2,18,4
L ur D dr R UL FS,2,12,55,7,2,14,3
L ur D R dr UL FS,2,12,55,7,2,12,3
L ur D R UL dr FS,2,12,55,7,2,10,3
L ur dr D R UL FS,2,12,55,7,2,14,3
L ur dr R D UL FS,2,12,55,7,2,14,3
L ur R D dr UL FS,2,12,55,7,2,14,3
L ur R D UL dr FS,2,12,55,7,2,12,3
L ur R dr D UL FS,2,12,55,7,2,16,3
R D dr FS L UL ur,2,12,55,7,2,11,3
R D dr L FS UL ur,2,12,55,7,2,13,3
R D dr L UL FS ur,2,12,55,7,2,13,3
R D dr L UL ur FS,2,12,55,7,2,12,3
R D dr L ur UL FS,2,12,55,7,2,12,3
R D dr UL L FS ur,2,12,55,7,2,13,3
R D dr UL L ur FS,2,12,55,7,2,12,3
R D dr ur L UL FS,2,12,55,7,2,12,3
R D FS dr L UL ur,2,12,55,7,2,9,2
R D FS L dr UL ur,2,12,55,7,2,11,2
R D FS L UL dr ur,2,12,55,7,2,11,2
R D FS UL L dr ur,2,12,55,7,2,11,3
R D L dr FS UL ur,2,12,55,7,2,11,3
R D L dr UL FS ur,2,12,55,7,2,13,3
R D L dr UL ur FS,2,12,55,7,2,12,3
R D L dr ur UL FS,2,12,55,7,2,12,3
R D L FS dr UL ur,2,12,55,7,2,11,2
R D L FS UL dr ur,2,12,55,7,2,13,3
R D L UL dr FS ur,2,12,55,7,2,11,3
R D L UL dr ur FS,2,12,55,7,2,12,3
R D L UL FS dr ur,2,12,55,7,2,11,3
R D L UL ur dr FS,2,12,55,7,2,10,2
R D L ur dr UL FS,2,12,55,7,2,12,3
R D L ur UL dr FS,2,12,55,7,2,10,2
R D UL dr L FS ur,2,12,55,7,2,13,3
R D UL dr L ur FS,2,12,55,7,2,12,3
R D UL FS L dr ur,2,12,55,7,2,13,3
R D UL L dr FS ur,2,12,55,7,2,11,3
R D UL L dr ur FS,2,12,55,7,2,12,3
R D UL L FS dr ur,2,12,55,7,2,11,3
R D UL L ur dr FS,2,12,55,7,2,10,3
R D ur dr L UL FS,2,12,55,7,2,10,3
R D ur L dr UL FS,2,12,55,7,2,10,3
R D ur L UL dr FS,2,12,55,7,2,8,2
R dr D FS L UL ur,2,12,55,7,2,13,3
R dr D L FS UL ur,2,12,55,7,2,15,3
R dr D L UL FS ur,2,12,55,7,2,15,3
R dr D L UL ur FS,2,12,55,7,2,14,3
R dr D L ur UL FS,2,12,55,7,2,14,3
R dr D UL L FS ur,2,12,55,7,2,15,3
R dr D UL L ur FS,2,12,55,7,2,14,3
R dr D ur L UL FS,2,12,55,7,2,12,3
R dr L D FS UL ur,2,12,55,7,2,13,3
R dr L D UL FS ur,2,12,55,7,2,15,3
R dr L D UL ur FS,2,12,55,7,2,14,3
R dr L D ur UL FS,2,12,55,7,2,12,3
R dr L UL D FS ur,2,12,55,7,2,13,3
R dr L UL D ur FS,2,12,55,7,2,12,3
R dr L ur D UL FS,2,12,55,7,2,12,3
R dr UL D L FS ur,2,12,55,7,2,15,3
R dr UL D L ur FS,2,12,55,7,2,14,3
R dr UL L D FS ur,2,12,55,7,2,13,3
R dr UL L D ur FS,2,12,55,7,2,12,3
R dr ur D L UL FS,2,12,55,7,2,12,3
R dr ur L D UL FS,2,12,55,7,2,14,3
R L D dr FS UL ur,2,12,55,7,2,15,4
R L D dr UL FS ur,2,12,55,7,2,17,4
R L D dr UL ur FS,2,12,55,7,2,16,4
R L D dr ur UL FS,2,12,55,7,2,16,4
R L D FS dr UL ur,2,12,55,7,2,13,4
R L D FS UL dr ur,2,12,55,7,2,15,4
R L D UL dr FS ur,2,12,55,7,2,15,4
R L D UL dr ur FS,2,12,55,7,2,16,4
R L D UL FS dr ur,2,12,55,7,2,15,4
R L D UL ur dr FS,2,12,55,7,2,14,4
R L D ur dr UL FS,2,12,55,7,2,14,4
R L D ur UL dr FS,2,12,55,7,2,12,4
R L dr D FS UL ur,2,12,55,7,2,15,4
R L dr D UL FS ur,2,12,55,7,2,17,4
R L dr D UL ur FS,2,12,55,7,2,16,4
R L dr D ur UL FS,2,12,55,7,2,14,4
R L dr UL D FS ur,2,12,55,7,2,15,4
R L dr UL D ur FS,2,12,55,7,2,14,4
R L dr ur D UL FS,2,12,55,7,2,14,4
R L UL D dr FS ur,2,12,55,7,2,15,4
R L UL D dr ur FS,2,12,55,7,2,16,4
R L UL D FS dr ur,2,12,55,7,2,13,4
R L UL D ur dr FS,2,12,55,7,2,12,4
R L UL dr D FS ur,2,12,55,7,2,15,4
R L UL dr D ur FS,2,12,55,7,2,14,4
R L ur D dr UL FS,2,12,55,7,2,14,4
R L ur D UL dr FS,2,12,55,7,2,12,4
R L ur dr D UL FS,2,12,55,7,2,16,4
R UL D dr L FS ur,2,12,55,7,2,15,3
R UL D dr L ur FS,2,12,55,7,2,14,3
R UL D FS L dr ur,2,12,55,7,2,13,3
R UL D L dr FS ur,2,12,55,7,2,13,3
R UL D L dr ur FS,2,12,55,7,2,14,3
R UL D L FS dr ur,2,12,55,7,2,13,3
R UL D L ur dr FS,2,12,55,7,2,12,3
R UL dr D L FS ur,2,12,55,7,2,15,3
R UL dr D L ur FS,2,12,55,7,2,14,3
R UL dr L D FS ur,2,12,55,7,2,13,3
R UL dr L D ur FS,2,12,55,7,2,12,3
R UL L D dr FS ur,2,12,55,7,2,13,3
R UL L D dr ur FS,2,12,55,7,2,14,3
R UL L D FS dr ur,2,12,55,7,2,11,3
R UL L D ur dr FS,2,12,55,7,2,10,3
R UL L dr D FS ur,2,12,55,7,2,13,3
R UL L dr D ur FS,2,12,55,7,2,12,3
R ur D dr L UL FS,2,12,55,7,2,12,3
R ur D L dr UL FS,2,12,55,7,2,12,3
R ur D L UL dr FS,2,12,55,7,2,10,3
R ur dr D L UL FS,2,12,55,7,2,14,3
R ur dr L D UL FS,2,12,55,7,2,14,3
R ur L D dr UL FS,2,12,55,7,2,14,3
R ur L D UL dr FS,2,12,55,7,2,12,3
R ur L dr D UL FS,2,12,55,7,2,14,3
ur D dr L R UL FS,2,12,55,7,2,15,4
ur D dr R L UL FS,2,12,55,7,2,15,4
ur D L dr R UL FS,2,12,55,7,2,13,3
ur D L R dr UL FS,2,12,55,7,2,15,4
ur D L R UL dr FS,2,12,55,7,2,13,4
ur D R dr L UL FS,2,12,55,7,2,11,3
ur D R L dr UL FS,2,12,55,7,2,13,4
ur D R L UL dr FS,2,12,55,7,2,11,4
ur dr D L R UL FS,2,12,55,7,2,17,4
ur dr D R L UL FS,2,12,55,7,2,15,4
ur dr L D R UL FS,2,12,55,7,2,13,3
ur dr L R D UL FS,2,12,55,7,2,15,4
ur dr R D L UL FS,2,12,55,7,2,13,3
ur dr R L D UL FS,2,12,55,7,2,17,4
ur L D dr R UL FS,2,12,55,7,2,15,3
ur L D R dr UL FS,2,12,55,7,2,13,3
ur L D R UL dr FS,2,12,55,7,2,11,3
ur L dr D R UL FS,2,12,55,7,2,13,3
ur L dr R D UL FS,2,12,55,7,2,13,3
ur L R D dr UL FS,2,12,55,7,2,15,4
ur L R D UL dr FS,2,12,55,7,2,13,4
ur L R dr D UL FS,2,12,55,7,2,17,4
ur R D dr L UL FS,2,12,55,7,2,13,3
ur R D L dr UL FS,2,12,55,7,2,13,3
ur R D L UL dr FS,2,12,55,7,2,11,3
ur R dr D L UL FS,2,12,55,7,2,15,3
ur R dr L D UL FS,2,12,55,7,2,15,3
ur R L D dr UL FS,2,12,55,7,2,17,4
ur R L D UL dr FS,2,12,55,7,2,15,4
ur R L dr D UL FS,2,12,55,7,2,17,4
dr FS UL L R ur D,2,12,56,7,2,13,4
dr FS UL L ur D R,2,12,56,7,2,9,3
dr FS UL L ur R D,2,12,56,7,2,11,3
dr FS UL R D ur L,2,12,56,7,2,11,3
dr FS UL R L ur D,2,12,56,7,2,13,4
dr FS UL R ur D L,2,12,56,7,2,13,3
dr FS UL R ur L D,2,12,56,7,2,13,3
dr FS UL ur L D R,2,12,56,7,2,11,3
dr FS UL ur L R D,2,12,56,7,2,13,4
dr FS UL ur R D L,2,12,56,7,2,13,3
dr FS UL ur R L D,2,12,56,7,2,15,4
dr FS ur UL L D R,2,12,56,7,2,11,3
dr FS ur UL L R D,2,12,56,7,2,13,4
dr FS ur UL R D L,2,12,56,7,2,13,3
dr FS ur UL R L D,2,12,56,7,2,15,4
dr UL FS L R ur D,2,12,56,7,2,15,4
dr UL FS L ur D R,2,12,56,7,2,11,3
dr UL FS L ur R D,2,12,56,7,2,13,3
dr UL FS R D ur L,2,12,56,7,2,11,3
dr UL FS R L ur D,2,12,56,7,2,13,4
dr UL FS R ur D L,2,12,56,7,2,13,3
dr UL FS R ur L D,2,12,56,7,2,13,3
dr UL FS ur L D R,2,12,56,7,2,13,3
dr UL FS ur L R D,2,12,56,7,2,15,4
dr UL FS ur R D L,2,12,56,7,2,15,3
dr UL FS ur R L D,2,12,56,7,2,17,4
dr UL R FS D ur L,2,12,56,7,2,11,3
dr UL R FS L ur D,2,12,56,7,2,11,3
dr UL R FS ur D L,2,12,56,7,2,13,3
dr UL R FS ur L D,2,12,56,7,2,13,3
dr UL R ur FS D L,2,12,56,7,2,15,3
dr UL R ur FS L D,2,12,56,7,2,15,3
dr UL ur FS L D R,2,12,56,7,2,13,3
dr UL ur FS L R D,2,12,56,7,2,15,4
dr UL ur FS R D L,2,12,56,7,2,13,3
dr UL ur FS R L D,2,12,56,7,2,15,4
dr UL ur R FS D L,2,12,56,7,2,13,3
dr UL ur R FS L D,2,12,56,7,2,13,3
dr ur FS UL L D R,2,12,56,7,2,13,3
dr ur FS UL L R D,2,12,56,7,2,15,4
dr ur FS UL R D L,2,12,56,7,2,15,3
dr ur FS UL R L D,2,12,56,7,2,17,4
dr ur UL FS L D R,2,12,56,7,2,13,3
dr ur UL FS L R D,2,12,56,7,2,15,4
dr ur UL FS R D L,2,12,56,7,2,13,3
dr ur UL FS R L D,2,12,56,7,2,15,4
dr ur UL R FS D L,2,12,56,7,2,13,3
dr ur UL R FS L D,2,12,56,7,2,13,3
FS dr UL L R ur D,2,12,56,7,2,12,4
FS dr UL L ur D R,2,12,56,7,2,8,2
FS dr UL L ur R D,2,12,56,7,2,10,3
FS dr UL R D ur L,2,12,56,7,2,10,3
FS dr UL R L ur D,2,12,56,7,2,12,4
FS dr UL R ur D L,2,12,56,7,2,12,3
FS dr UL R ur L D,2,12,56,7,2,12,3
FS dr UL ur L D R,2,12,56,7,2,10,2
FS dr UL ur L R D,2,12,56,7,2,12,4
FS dr UL ur R D L,2,12,56,7,2,12,3
FS dr UL ur R L D,2,12,56,7,2,14,4
FS dr ur UL L D R,2,12,56,7,2,10,2
FS dr ur UL L R D,2,12,56,7,2,12,4
FS dr ur UL R D L,2,12,56,7,2,12,3
FS dr ur UL R L D,2,12,56,7,2,14,4
FS UL dr L R ur D,2,12,56,7,2,14,4
FS UL dr L ur D R,2,12,56,7,2,10,3
FS UL dr L ur R D,2,12,56,7,2,12,3
FS UL dr R D ur L,2,12,56,7,2,12,3
FS UL dr R L ur D,2,12,56,7,2,14,4
FS UL dr R ur D L,2,12,56,7,2,14,3
FS UL dr R ur L D,2,12,56,7,2,14,3
FS UL dr ur L D R,2,12,56,7,2,12,3
FS UL dr ur L R D,2,12,56,7,2,14,4
FS UL dr ur R D L,2,12,56,7,2,14,3
FS UL dr ur R L D,2,12,56,7,2,16,4
FS UL R D dr ur L,2,12,56,7,2,14,3
FS UL R D ur dr L,2,12,56,7,2,12,3
FS UL R dr D ur L,2,12,56,7,2,14,3
FS UL R dr L ur D,2,12,56,7,2,12,3
FS UL R dr ur D L,2,12,56,7,2,14,3
FS UL R dr ur L D,2,12,56,7,2,14,3
FS UL R ur D dr L,2,12,56,7,2,14,3
FS UL R ur dr D L,2,12,56,7,2,16,3
FS UL R ur dr L D,2,12,56,7,2,14,3
FS UL ur dr L D R,2,12,56,7,2,12,3
FS UL ur dr L R D,2,12,56,7,2,14,4
FS UL ur dr R D L,2,12,56,7,2,14,3
FS UL ur dr R L D,2,12,56,7,2,16,4
FS UL ur R D dr L,2,12,56,7,2,14,3
FS UL ur R dr D L,2,12,56,7,2,16,3
FS UL ur R dr L D,2,12,56,7,2,14,3
FS ur dr UL L D R,2,12,56,7,2,12,3
FS ur dr UL L R D,2,12,56,7,2,14,4
FS ur dr UL R D L,2,12,56,7,2,14,3
FS ur dr UL R L D,2,12,56,7,2,16,4
FS ur UL dr L D R,2,12,56,7,2,12,3
FS ur UL dr L R D,2,12,56,7,2,14,4
FS ur UL dr R D L,2,12,56,7,2,14,3
FS ur UL dr R L D,2,12,56,7,2,16,4
FS ur UL R D dr L,2,12,56,7,2,14,3
FS ur UL R dr D L,2,12,56,7,2,16,3
FS ur UL R dr L D,2,12,56,7,2,14,3
UL dr FS L R ur D,2,12,56,7,2,13,4
UL dr FS L ur D R,2,12,56,7,2,9,2
UL dr FS L ur R D,2,12,56,7,2,11,3
UL dr FS R D ur L,2,12,56,7,2,9,2
UL dr FS R L ur D,2,12,56,7,2,11,4
UL dr FS R ur D L,2,12,56,7,2,11,3
UL dr FS R ur L D,2,12,56,7,2,11,3
UL dr FS ur L D R,2,12,56,7,2,11,3
UL dr FS ur L R D,2,12,56,7,2,13,4
UL dr FS ur R D L,2,12,56,7,2,13,3
UL dr FS ur R L D,2,12,56,7,2,15,4
UL dr R FS D ur L,2,12,56,7,2,11,3
UL dr R FS L ur D,2,12,56,7,2,11,3
UL dr R FS ur D L,2,12,56,7,2,13,3
UL dr R FS ur L D,2,12,56,7,2,13,3
UL dr R ur FS D L,2,12,56,7,2,15,3
UL dr R ur FS L D,2,12,56,7,2,15,3
UL dr ur FS L D R,2,12,56,7,2,13,3
UL dr ur FS L R D,2,12,56,7,2,15,4
UL dr ur FS R D L,2,12,56,7,2,13,3
UL dr ur FS R L D,2,12,56,7,2,15,4
UL dr ur R FS D L,2,12,56,7,2,13,3
UL dr ur R FS L D,2,12,56,7,2,13,3
UL FS dr L R ur D,2,12,56,7,2,13,4
UL FS dr L ur D R,2,12,56,7,2,9,3
UL FS dr L ur R D,2,12,56,7,2,11,3
UL FS dr R D ur L,2,12,56,7,2,11,3
UL FS dr R L ur D,2,12,56,7,2,13,4
UL FS dr R ur D L,2,12,56,7,2,13,3
UL FS dr R ur L D,2,12,56,7,2,13,3
UL FS dr ur L D R,2,12,56,7,2,11,3
UL FS dr ur L R D,2,12,56,7,2,13,4
UL FS dr ur R D L,2,12,56,7,2,13,3
UL FS dr ur R L D,2,12,56,7,2,15,4
UL FS R D dr ur L,2,12,56,7,2,13,3
UL FS R D ur dr L,2,12,56,7,2,11,3
UL FS R dr D ur L,2,12,56,7,2,13,3
UL FS R dr L ur D,2,12,56,7,2,11,3
UL FS R dr ur D L,2,12,56,7,2,13,3
UL FS R dr ur L D,2,12,56,7,2,13,3
UL FS R ur D dr L,2,12,56,7,2,13,3
UL FS R ur dr D L,2,12,56,7,2,15,3
UL FS R ur dr L D,2,12,56,7,2,13,3
UL FS ur dr L D R,2,12,56,7,2,13,3
UL FS ur dr L R D,2,12,56,7,2,15,4
UL FS ur dr R D L,2,12,56,7,2,15,3
UL FS ur dr R L D,2,12,56,7,2,17,4
UL FS ur R D dr L,2,12,56,7,2,15,3
UL FS ur R dr D L,2,12,56,7,2,17,3
UL FS ur R dr L D,2,12,56,7,2,15,3
UL R dr FS D ur L,2,12,56,7,2,11,3
UL R dr FS L ur D,2,12,56,7,2,11,3
UL R dr FS ur D L,2,12,56,7,2,13,3
UL R dr FS ur L D,2,12,56,7,2,13,3
UL R dr ur FS D L,2,12,56,7,2,15,3
UL R dr ur FS L D,2,12,56,7,2,15,3
UL R FS D dr ur L,2,12,56,7,2,13,3
UL R FS D ur dr L,2,12,56,7,2,11,3
UL R FS dr D ur L,2,12,56,7,2,11,3
UL R FS dr L ur D,2,12,56,7,2,9,3
UL R FS dr ur D L,2,12,56,7,2,11,3
UL R FS dr ur L D,2,12,56,7,2,11,3
UL R FS ur D dr L,2,12,56,7,2,13,3
UL R FS ur dr D L,2,12,56,7,2,15,3
UL R FS ur dr L D,2,12,56,7,2,13,3
UL R ur dr FS D L,2,12,56,7,2,13,3
UL R ur dr FS L D,2,12,56,7,2,13,3
UL R ur FS D dr L,2,12,56,7,2,15,3
UL R ur FS dr D L,2,12,56,7,2,15,3
UL R ur FS dr L D,2,12,56,7,2,13,3
UL ur dr FS L D R,2,12,56,7,2,11,2
UL ur dr FS L R D,2,12,56,7,2,13,4
UL ur dr FS R D L,2,12,56,7,2,11,2
UL ur dr FS R L D,2,12,56,7,2,13,4
UL ur dr R FS D L,2,12,56,7,2,13,3
UL ur dr R FS L D,2,12,56,7,2,13,3
UL ur FS dr L D R,2,12,56,7,2,11,3
UL ur FS dr L R D,2,12,56,7,2,13,4
UL ur FS dr R D L,2,12,56,7,2,13,3
UL ur FS dr R L D,2,12,56,7,2,15,4
UL ur FS R D dr L,2,12,56,7,2,13,3
UL ur FS R dr D L,2,12,56,7,2,15,3
UL ur FS R dr L D,2,12,56,7,2,13,3
UL ur R dr FS D L,2,12,56,7,2,13,3
UL ur R dr FS L D,2,12,56,7,2,13,3
UL ur R FS D dr L,2,12,56,7,2,13,3
UL ur R FS dr D L,2,12,56,7,2,13,3
UL ur R FS dr L D,2,12,56,7,2,11,3
ur dr FS UL L D R,2,12,56,7,2,11,3
ur dr FS UL L R D,2,12,56,7,2,13,4
ur dr FS UL R D L,2,12,56,7,2,13,3
ur dr FS UL R L D,2,12,56,7,2,15,4
ur dr UL FS L D R,2,12,56,7,2,13,3
ur dr UL FS L R D,2,12,56,7,2,15,4
ur dr UL FS R D L,2,12,56,7,2,13,3
ur dr UL FS R L D,2,12,56,7,2,15,4
ur dr UL R FS D L,2,12,56,7,2,13,3
ur dr UL R FS L D,2,12,56,7,2,13,3
ur FS dr UL L D R,2,12,56,7,2,11,3
ur FS dr UL L R D,2,12,56,7,2,13,4
ur FS dr UL R D L,2,12,56,7,2,13,3
ur FS dr UL R L D,2,12,56,7,2,15,4
ur FS UL dr L D R,2,12,56,7,2,13,3
ur FS UL dr L R D,2,12,56,7,2,15,4
ur FS UL dr R D L,2,12,56,7,2,15,3
ur FS UL dr R L D,2,12,56,7,2,17,4
ur FS UL R D dr L,2,12,56,7,2,15,3
ur FS UL R dr D L,2,12,56,7,2,17,3
ur FS UL R dr L D,2,12,56,7,2,15,3
ur UL dr FS L D R,2,12,56,7,2,11,2
ur UL dr FS L R D,2,12,56,7,2,13,4
ur UL dr FS R D L,2,12,56,7,2,11,2
ur UL dr FS R L D,2,12,56,7,2,13,4
ur UL dr R FS D L,2,12,56,7,2,13,3
ur UL dr R FS L D,2,12,56,7,2,13,3
ur UL FS dr L D R,2,12,56,7,2,11,3
ur UL FS dr L R D,2,12,56,7,2,13,4
ur UL FS dr R D L,2,12,56,7,2,13,3
ur UL FS dr R L D,2,12,56,7,2,15,4
ur UL FS R D dr L,2,12,56,7,2,13,3
ur UL FS R dr D L,2,12,56,7,2,15,3
ur UL FS R dr L D,2,12,56,7,2,13,3
ur UL R dr FS D L,2,12,56,7,2,13,3
ur UL R dr FS L D,2,12,56,7,2,13,3
ur UL R FS D dr L,2,12,56,7,2,13,3
ur UL R FS dr D L,2,12,56,7,2,13,3
ur UL R FS dr L D,2,12,56,7,2,11,3
D FS L R UL ur dr,7,12,57,6,2,15,4
D FS L R ur UL dr,7,12,57,6,2,15,4
D FS L ur R UL dr,7,12,57,6,2,13,3
D FS L ur UL R dr,7,12,57,6,2,13,3
D FS R L UL ur dr,7,12,57,6,2,13,4
D FS R L ur UL dr,7,12,57,6,2,13,4
D FS R UL L ur dr,7,12,57,6,2,11,3
D FS R ur L UL dr,7,12,57,6,2,11,3
D FS ur L R UL dr,7,12,57,6,2,15,4
D FS ur L UL R dr,7,12,57,6,2,13,3
D FS ur R L UL dr,7,12,57,6,2,15,4
D L FS R UL ur dr,7,12,57,6,2,13,3
D L FS R ur UL dr,7,12,57,6,2,13,3
D L FS ur R UL dr,7,12,57,6,2,15,3
D L FS ur UL R dr,7,12,57,6,2,15,3
D L ur FS R UL dr,7,12,57,6,2,13,3
D L ur FS UL R dr,7,12,57,6,2,15,3
D L ur UL FS R dr,7,12,57,6,2,13,3
D L ur UL R FS dr,7,12,57,6,2,11,3
D ur FS L R UL dr,7,12,57,6,2,15,4
D ur FS L UL R dr,7,12,57,6,2,13,3
D ur FS R L UL dr,7,12,57,6,2,13,4
D ur L FS R UL dr,7,12,57,6,2,11,3
D ur L FS UL R dr,7,12,57,6,2,13,3
D ur L UL FS R dr,7,12,57,6,2,11,3
D ur L UL R FS dr,7,12,57,6,2,9,3
FS D L R UL ur dr,7,12,57,6,2,15,4
FS D L R ur UL dr,7,12,57,6,2,15,4
FS D L ur R UL dr,7,12,57,6,2,13,3
FS D L ur UL R dr,7,12,57,6,2,13,3
FS D R L UL ur dr,7,12,57,6,2,13,4
FS D R L ur UL dr,7,12,57,6,2,13,4
FS D R UL L ur dr,7,12,57,6,2,11,3
FS D R ur L UL dr,7,12,57,6,2,11,3
FS D ur L R UL dr,7,12,57,6,2,13,4
FS D ur L UL R dr,7,12,57,6,2,11,3
FS D ur R L UL dr,7,12,57,6,2,13,4
FS L D R UL ur dr,7,12,57,6,2,13,3
FS L D R ur UL dr,7,12,57,6,2,13,3
FS L D ur R UL dr,7,12,57,6,2,13,3
FS L D ur UL R dr,7,12,57,6,2,13,3
FS L ur D R UL dr,7,12,57,6,2,11,3
FS L ur D UL R dr,7,12,57,6,2,13,3
FS ur D L R UL dr,7,12,57,6,2,15,4
FS ur D L UL R dr,7,12,57,6,2,13,3
FS ur D R L UL dr,7,12,57,6,2,13,4
FS ur L D R UL dr,7,12,57,6,2,13,3
FS ur L D UL R dr,7,12,57,6,2,15,3
L D FS R UL ur dr,7,12,57,6,2,13,3
L D FS R ur UL dr,7,12,57,6,2,13,3
L D FS ur R UL dr,7,12,57,6,2,15,3
L D FS ur UL R dr,7,12,57,6,2,15,3
L D ur FS R UL dr,7,12,57,6,2,13,3
L D ur FS UL R dr,7,12,57,6,2,15,3
L D ur UL FS R dr,7,12,57,6,2,13,3
L D ur UL R FS dr,7,12,57,6,2,11,3
L FS D R UL ur dr,7,12,57,6,2,13,3
L FS D R ur UL dr,7,12,57,6,2,13,3
L FS D ur R UL dr,7,12,57,6,2,13,3
L FS D ur UL R dr,7,12,57,6,2,13,3
L FS ur D R UL dr,7,12,57,6,2,13,3
L FS ur D UL R dr,7,12,57,6,2,15,3
L ur D FS R UL dr,7,12,57,6,2,11,3
L ur D FS UL R dr,7,12,57,6,2,13,3
L ur D UL FS R dr,7,12,57,6,2,13,3
L ur D UL R FS dr,7,12,57,6,2,11,3
L ur FS D R UL dr,7,12,57,6,2,13,3
L ur FS D UL R dr,7,12,57,6,2,15,3
ur D FS L R UL dr,7,12,57,6,2,14,4
ur D FS L UL R dr,7,12,57,6,2,12,3
ur D FS R L UL dr,7,12,57,6,2,12,4
ur D L FS R UL dr,7,12,57,6,2,12,3
ur D L FS UL R dr,7,12,57,6,2,14,3
ur D L UL FS R dr,7,12,57,6,2,12,3
ur D L UL R FS dr,7,12,57,6,2,10,3
ur FS D L R UL dr,7,12,57,6,2,16,4
ur FS D L UL R dr,7,12,57,6,2,14,3
ur FS D R L UL dr,7,12,57,6,2,14,4
ur FS L D R UL dr,7,12,57,6,2,14,3
ur FS L D UL R dr,7,12,57,6,2,16,3
ur L D FS R UL dr,7,12,57,6,2,12,3
ur L D FS UL R dr,7,12,57,6,2,14,3
ur L D UL FS R dr,7,12,57,6,2,14,3
ur L D UL R FS dr,7,12,57,6,2,12,3
ur L FS D R UL dr,7,12,57,6,2,12,3
ur L FS D UL R dr,7,12,57,6,2,14,3
D dr L UL FS R ur,2,12,59,7,2,13,3
D dr L UL R FS ur,2,12,59,7,2,13,3
D dr L UL R ur FS,2,12,59,7,2,14,3
D dr L UL ur R FS,2,12,59,7,2,12,3
D dr UL L FS R ur,2,12,59,7,2,13,3
D dr UL L R FS ur,2,12,59,7,2,15,4
D dr UL L R ur FS,2,12,59,7,2,16,4
D dr UL L ur R FS,2,12,59,7,2,12,3
D dr UL R L FS ur,2,12,59,7,2,17,4
D dr UL R L ur FS,2,12,59,7,2,16,4
D FS L UL dr R ur,2,12,59,7,2,13,3
D FS L UL R dr ur,2,12,59,7,2,13,3
D FS UL L dr R ur,2,12,59,7,2,13,3
D FS UL L R dr ur,2,12,59,7,2,15,4
D FS UL R L dr ur,2,12,59,7,2,15,4
D L dr UL FS R ur,2,12,59,7,2,13,3
D L dr UL R FS ur,2,12,59,7,2,13,3
D L dr UL R ur FS,2,12,59,7,2,14,3
D L dr UL ur R FS,2,12,59,7,2,12,3
D L FS UL dr R ur,2,12,59,7,2,15,3
D L FS UL R dr ur,2,12,59,7,2,15,3
D L R FS UL ur dr,2,12,59,7,2,15,4
D L R FS ur UL dr,2,12,59,7,2,15,4
D L R UL FS ur dr,2,12,59,7,2,17,4
D L R UL ur FS dr,2,12,59,7,2,15,4
D L R ur FS UL dr,2,12,59,7,2,17,4
D L R ur UL FS dr,2,12,59,7,2,15,4
D L UL dr FS R ur,2,12,59,7,2,11,3
D L UL dr R FS ur,2,12,59,7,2,13,3
D L UL dr R ur FS,2,12,59,7,2,14,3
D L UL dr ur R FS,2,12,59,7,2,12,3
D L UL FS dr R ur,2,12,59,7,2,13,3
D L UL FS R dr ur,2,12,59,7,2,13,3
D L UL R dr FS ur,2,12,59,7,2,13,3
D L UL R dr ur FS,2,12,59,7,2,14,3
D L UL R FS dr ur,2,12,59,7,2,11,3
D L UL R ur dr FS,2,12,59,7,2,12,3
D L UL ur dr R FS,2,12,59,7,2,12,3
D L UL ur R dr FS,2,12,59,7,2,12,3
D L ur R FS UL dr,2,12,59,7,2,13,3
D L ur R UL FS dr,2,12,59,7,2,13,3
D R FS L UL ur dr,2,12,59,7,2,11,2
D R FS L ur UL dr,2,12,59,7,2,11,2
D R FS UL L ur dr,2,12,59,7,2,11,3
D R FS ur L UL dr,2,12,59,7,2,11,3
D R L FS UL ur dr,2,12,59,7,2,15,4
D R L FS ur UL dr,2,12,59,7,2,15,4
D R L UL FS ur dr,2,12,59,7,2,15,4
D R L UL ur FS dr,2,12,59,7,2,13,4
D R L ur FS UL dr,2,12,59,7,2,15,4
D R L ur UL FS dr,2,12,59,7,2,13,4
D R UL FS L ur dr,2,12,59,7,2,13,3
D R UL L FS ur dr,2,12,59,7,2,13,3
D R UL L ur FS dr,2,12,59,7,2,11,3
D R ur FS L UL dr,2,12,59,7,2,13,3
D R ur L FS UL dr,2,12,59,7,2,13,3
D R ur L UL FS dr,2,12,59,7,2,11,3
D UL dr L FS R ur,2,12,59,7,2,13,3
D UL dr L R FS ur,2,12,59,7,2,15,4
D UL dr L R ur FS,2,12,59,7,2,16,4
D UL dr L ur R FS,2,12,59,7,2,12,3
D UL dr R L FS ur,2,12,59,7,2,17,4
D UL dr R L ur FS,2,12,59,7,2,16,4
D UL FS L dr R ur,2,12,59,7,2,15,3
D UL FS L R dr ur,2,12,59,7,2,17,4
D UL FS R L dr ur,2,12,59,7,2,15,4
D UL L dr FS R ur,2,12,59,7,2,11,3
D UL L dr R FS ur,2,12,59,7,2,13,3
D UL L dr R ur FS,2,12,59,7,2,14,3
D UL L dr ur R FS,2,12,59,7,2,12,3
D UL L FS dr R ur,2,12,59,7,2,13,3
D UL L FS R dr ur,2,12,59,7,2,13,3
D UL L R dr FS ur,2,12,59,7,2,15,4
D UL L R dr ur FS,2,12,59,7,2,16,4
D UL L R FS dr ur,2,12,59,7,2,13,4
D UL L R ur dr FS,2,12,59,7,2,14,4
D UL L ur dr R FS,2,12,59,7,2,12,3
D UL L ur R dr FS,2,12,59,7,2,12,3
D UL R dr L FS ur,2,12,59,7,2,15,3
D UL R dr L ur FS,2,12,59,7,2,14,3
D UL R FS L dr ur,2,12,59,7,2,13,3
D UL R L dr FS ur,2,12,59,7,2,15,4
D UL R L dr ur FS,2,12,59,7,2,16,4
D UL R L FS dr ur,2,12,59,7,2,15,4
D UL R L ur dr FS,2,12,59,7,2,14,4
D ur L R FS UL dr,2,12,59,7,2,13,4
D ur L R UL FS dr,2,12,59,7,2,13,4
D ur R FS L UL dr,2,12,59,7,2,11,3
D ur R L FS UL dr,2,12,59,7,2,15,4
D ur R L UL FS dr,2,12,59,7,2,13,4
dr D L UL FS R ur,2,12,59,7,2,14,3
dr D L UL R FS ur,2,12,59,7,2,14,3
dr D L UL R ur FS,2,12,59,7,2,15,3
dr D L UL ur R FS,2,12,59,7,2,13,3
dr D UL L FS R ur,2,12,59,7,2,14,3
dr D UL L R FS ur,2,12,59,7,2,16,4
dr D UL L R ur FS,2,12,59,7,2,17,4
dr D UL L ur R FS,2,12,59,7,2,13,3
dr D UL R L FS ur,2,12,59,7,2,18,4
dr D UL R L ur FS,2,12,59,7,2,17,4
dr FS L UL R ur D,2,12,59,7,2,11,3
dr FS L UL ur D R,2,12,59,7,2,9,2
dr FS L UL ur R D,2,12,59,7,2,11,3
dr FS L ur UL D R,2,12,59,7,2,11,3
dr FS L ur UL R D,2,12,59,7,2,11,3
dr FS ur L UL D R,2,12,59,7,2,11,3
dr FS ur L UL R D,2,12,59,7,2,11,3
dr L D UL FS R ur,2,12,59,7,2,14,3
dr L D UL R FS ur,2,12,59,7,2,14,3
dr L D UL R ur FS,2,12,59,7,2,15,3
dr L D UL ur R FS,2,12,59,7,2,13,3
dr L FS UL R ur D,2,12,59,7,2,13,3
dr L FS UL ur D R,2,12,59,7,2,11,3
dr L FS UL ur R D,2,12,59,7,2,13,3
dr L FS ur UL D R,2,12,59,7,2,13,3
dr L FS ur UL R D,2,12,59,7,2,13,3
dr L UL D FS R ur,2,12,59,7,2,12,3
dr L UL D R FS ur,2,12,59,7,2,12,3
dr L UL D R ur FS,2,12,59,7,2,13,3
dr L UL D ur R FS,2,12,59,7,2,11,3
dr L UL FS D R ur,2,12,59,7,2,12,3
dr L UL R D FS ur,2,12,59,7,2,12,3
dr L UL R D ur FS,2,12,59,7,2,11,3
dr L ur FS UL D R,2,12,59,7,2,13,3
dr L ur FS UL R D,2,12,59,7,2,13,3
dr UL D L FS R ur,2,12,59,7,2,14,3
dr UL D L R FS ur,2,12,59,7,2,16,4
dr UL D L R ur FS,2,12,59,7,2,17,4
dr UL D L ur R FS,2,12,59,7,2,13,3
dr UL D R L FS ur,2,12,59,7,2,16,4
dr UL D R L ur FS,2,12,59,7,2,15,4
dr UL L D FS R ur,2,12,59,7,2,12,3
dr UL L D R FS ur,2,12,59,7,2,12,3
dr UL L D R ur FS,2,12,59,7,2,13,3
dr UL L D ur R FS,2,12,59,7,2,11,3
dr UL L FS D R ur,2,12,59,7,2,12,3
dr UL L R D FS ur,2,12,59,7,2,14,4
dr UL L R D ur FS,2,12,59,7,2,13,4
dr UL R D L FS ur,2,12,59,7,2,14,3
dr UL R D L ur FS,2,12,59,7,2,13,3
dr UL R L D FS ur,2,12,59,7,2,16,4
dr UL R L D ur FS,2,12,59,7,2,15,4
dr ur FS L UL D R,2,12,59,7,2,13,3
dr ur FS L UL R D,2,12,59,7,2,13,3
dr ur L FS UL D R,2,12,59,7,2,13,3
dr ur L FS UL R D,2,12,59,7,2,13,3
FS D L UL dr R ur,2,12,59,7,2,13,3
FS D L UL R dr ur,2,12,59,7,2,13,3
FS D UL L dr R ur,2,12,59,7,2,13,3
FS D UL L R dr ur,2,12,59,7,2,15,4
FS D UL R L dr ur,2,12,59,7,2,15,4
FS dr L UL R ur D,2,12,59,7,2,10,3
FS dr L UL ur D R,2,12,59,7,2,8,2
FS dr L UL ur R D,2,12,59,7,2,10,3
FS dr L ur UL D R,2,12,59,7,2,10,3
FS dr L ur UL R D,2,12,59,7,2,10,3
FS dr ur L UL D R,2,12,59,7,2,10,3
FS dr ur L UL R D,2,12,59,7,2,10,3
FS L D UL dr R ur,2,12,59,7,2,15,3
FS L D UL R dr ur,2,12,59,7,2,15,3
FS L dr UL R ur D,2,12,59,7,2,12,3
FS L dr UL ur D R,2,12,59,7,2,10,2
FS L dr UL ur R D,2,12,59,7,2,12,3
FS L dr ur UL D R,2,12,59,7,2,12,3
FS L dr ur UL R D,2,12,59,7,2,12,3
FS L UL D dr R ur,2,12,59,7,2,15,3
FS L UL D R dr ur,2,12,59,7,2,13,3
FS L UL dr D R ur,2,12,59,7,2,13,3
FS L ur dr UL D R,2,12,59,7,2,12,3
FS L ur dr UL R D,2,12,59,7,2,12,3
FS UL D L dr R ur,2,12,59,7,2,15,3
FS UL D L R dr ur,2,12,59,7,2,17,4
FS UL D R L dr ur,2,12,59,7,2,15,4
FS UL L D dr R ur,2,12,59,7,2,15,3
FS UL L D R dr ur,2,12,59,7,2,13,3
FS UL L dr D R ur,2,12,59,7,2,13,3
FS ur dr L UL D R,2,12,59,7,2,12,3
FS ur dr L UL R D,2,12,59,7,2,12,3
FS ur L dr UL D R,2,12,59,7,2,12,3
FS ur L dr UL R D,2,12,59,7,2,12,3
L D dr UL FS R ur,2,12,59,7,2,15,3
L D dr UL R FS ur,2,12,59,7,2,15,3
L D dr UL R ur FS,2,12,59,7,2,16,3
L D dr UL ur R FS,2,12,59,7,2,14,3
L D FS UL dr R ur,2,12,59,7,2,15,3
L D FS UL R dr ur,2,12,59,7,2,15,3
L D R FS UL ur dr,2,12,59,7,2,13,3
L D R FS ur UL dr,2,12,59,7,2,13,3
L D R UL FS ur dr,2,12,59,7,2,15,3
L D R UL ur FS dr,2,12,59,7,2,13,3
L D R ur FS UL dr,2,12,59,7,2,15,3
L D R ur UL FS dr,2,12,59,7,2,13,3
L D UL dr FS R ur,2,12,59,7,2,13,3
L D UL dr R FS ur,2,12,59,7,2,15,3
L D UL dr R ur FS,2,12,59,7,2,16,3
L D UL dr ur R FS,2,12,59,7,2,14,3
L D UL FS dr R ur,2,12,59,7,2,15,3
L D UL FS R dr ur,2,12,59,7,2,15,3
L D UL R dr FS ur,2,12,59,7,2,15,3
L D UL R dr ur FS,2,12,59,7,2,16,3
L D UL R FS dr ur,2,12,59,7,2,13,3
L D UL R ur dr FS,2,12,59,7,2,14,3
L D UL ur dr R FS,2,12,59,7,2,14,3
L D UL ur R dr FS,2,12,59,7,2,14,3
L D ur R FS UL dr,2,12,59,7,2,13,3
L D ur R UL FS dr,2,12,59,7,2,13,3
L dr D UL FS R ur,2,12,59,7,2,15,3
L dr D UL R FS ur,2,12,59,7,2,15,3
L dr D UL R ur FS,2,12,59,7,2,16,3
L dr D UL ur R FS,2,12,59,7,2,14,3
L dr FS UL R ur D,2,12,59,7,2,12,3
L dr FS UL ur D R,2,12,59,7,2,10,3
L dr FS UL ur R D,2,12,59,7,2,12,3
L dr FS ur UL D R,2,12,59,7,2,12,3
L dr FS ur UL R D,2,12,59,7,2,12,3
L dr UL D FS R ur,2,12,59,7,2,13,3
L dr UL D R FS ur,2,12,59,7,2,13,3
L dr UL D R ur FS,2,12,59,7,2,14,3
L dr UL D ur R FS,2,12,59,7,2,12,3
L dr UL FS D R ur,2,12,59,7,2,13,3
L dr UL R D FS ur,2,12,59,7,2,13,3
L dr UL R D ur FS,2,12,59,7,2,12,3
L dr ur FS UL D R,2,12,59,7,2,14,3
L dr ur FS UL R D,2,12,59,7,2,14,3
L FS D UL dr R ur,2,12,59,7,2,15,3
L FS D UL R dr ur,2,12,59,7,2,15,3
L FS dr UL R ur D,2,12,59,7,2,12,3
L FS dr UL ur D R,2,12,59,7,2,10,2
L FS dr UL ur R D,2,12,59,7,2,12,3
L FS dr ur UL D R,2,12,59,7,2,12,3
L FS dr ur UL R D,2,12,59,7,2,12,3
L FS UL D dr R ur,2,12,59,7,2,17,3
L FS UL D R dr ur,2,12,59,7,2,15,3
L FS UL dr D R ur,2,12,59,7,2,15,3
L FS ur dr UL D R,2,12,59,7,2,14,3
L FS ur dr UL R D,2,12,59,7,2,14,3
L R D FS UL ur dr,2,12,59,7,2,15,4
L R D FS ur UL dr,2,12,59,7,2,15,4
L R D UL FS ur dr,2,12,59,7,2,17,4
L R D UL ur FS dr,2,12,59,7,2,15,4
L R D ur FS UL dr,2,12,59,7,2,15,4
L R D ur UL FS dr,2,12,59,7,2,13,4
L R UL D FS ur dr,2,12,59,7,2,17,4
L R UL D ur FS dr,2,12,59,7,2,15,4
L R ur D FS UL dr,2,12,59,7,2,15,4
L R ur D UL FS dr,2,12,59,7,2,15,4
L UL D dr FS R ur,2,12,59,7,2,13,3
L UL D dr R FS ur,2,12,59,7,2,15,3
L UL D dr R ur FS,2,12,59,7,2,16,3
L UL D dr ur R FS,2,12,59,7,2,14,3
L UL D FS dr R ur,2,12,59,7,2,13,3
L UL D FS R dr ur,2,12,59,7,2,13,3
L UL D R dr FS ur,2,12,59,7,2,13,3
L UL D R dr ur FS,2,12,59,7,2,14,3
L UL D R FS dr ur,2,12,59,7,2,11,3
L UL D R ur dr FS,2,12,59,7,2,12,3
L UL D ur dr R FS,2,12,59,7,2,12,3
L UL D ur R dr FS,2,12,59,7,2,12,3
L UL dr D FS R ur,2,12,59,7,2,13,3
L UL dr D R FS ur,2,12,59,7,2,13,3
L UL dr D R ur FS,2,12,59,7,2,14,3
L UL dr D ur R FS,2,12,59,7,2,12,3
L UL dr FS D R ur,2,12,59,7,2,11,3
L UL dr R D FS ur,2,12,59,7,2,13,3
L UL dr R D ur FS,2,12,59,7,2,12,3
L UL FS D dr R ur,2,12,59,7,2,15,3
L UL FS D R dr ur,2,12,59,7,2,13,3
L UL FS dr D R ur,2,12,59,7,2,13,3
L UL R D dr FS ur,2,12,59,7,2,13,3
L UL R D dr ur FS,2,12,59,7,2,14,3
L UL R D FS dr ur,2,12,59,7,2,11,3
L UL R D ur dr FS,2,12,59,7,2,10,3
L UL R dr D FS ur,2,12,59,7,2,15,3
L UL R dr D ur FS,2,12,59,7,2,14,3
L ur D R FS UL dr,2,12,59,7,2,11,3
L ur D R UL FS dr,2,12,59,7,2,11,3
L ur dr FS UL D R,2,12,59,7,2,12,3
L ur dr FS UL R D,2,12,59,7,2,12,3
L ur FS dr UL D R,2,12,59,7,2,12,3
L ur FS dr UL R D,2,12,59,7,2,12,3
L ur R D FS UL dr,2,12,59,7,2,13,3
L ur R D UL FS dr,2,12,59,7,2,13,3
R D FS L UL ur dr,2,12,59,7,2,11,2
R D FS L ur UL dr,2,12,59,7,2,11,2
R D FS UL L ur dr,2,12,59,7,2,11,3
R D FS ur L UL dr,2,12,59,7,2,11,3
R D L FS UL ur dr,2,12,59,7,2,13,3
R D L FS ur UL dr,2,12,59,7,2,13,3
R D L UL FS ur dr,2,12,59,7,2,13,3
R D L UL ur FS dr,2,12,59,7,2,11,3
R D L ur FS UL dr,2,12,59,7,2,13,3
R D L ur UL FS dr,2,12,59,7,2,11,3
R D UL FS L ur dr,2,12,59,7,2,13,3
R D UL L FS ur dr,2,12,59,7,2,13,3
R D UL L ur FS dr,2,12,59,7,2,11,3
R D ur FS L UL dr,2,12,59,7,2,11,3
R D ur L FS UL dr,2,12,59,7,2,11,3
R D ur L UL FS dr,2,12,59,7,2,9,3
R L D FS UL ur dr,2,12,59,7,2,15,4
R L D FS ur UL dr,2,12,59,7,2,15,4
R L D UL FS ur dr,2,12,59,7,2,17,4
R L D UL ur FS dr,2,12,59,7,2,15,4
R L D ur FS UL dr,2,12,59,7,2,15,4
R L D ur UL FS dr,2,12,59,7,2,13,4
R L UL D FS ur dr,2,12,59,7,2,15,4
R L UL D ur FS dr,2,12,59,7,2,13,4
R L ur D FS UL dr,2,12,59,7,2,13,4
R L ur D UL FS dr,2,12,59,7,2,13,4
R UL D FS L ur dr,2,12,59,7,2,13,3
R UL D L FS ur dr,2,12,59,7,2,15,3
R UL D L ur FS dr,2,12,59,7,2,13,3
R UL L D FS ur dr,2,12,59,7,2,13,3
R UL L D ur FS dr,2,12,59,7,2,11,3
R ur D FS L UL dr,2,12,59,7,2,11,3
R ur D L FS UL dr,2,12,59,7,2,13,3
R ur D L UL FS dr,2,12,59,7,2,11,3
R ur L D FS UL dr,2,12,59,7,2,13,3
R ur L D UL FS dr,2,12,59,7,2,13,3
UL D dr L FS R ur,2,12,59,7,2,14,3
UL D dr L R FS ur,2,12,59,7,2,16,4
UL D dr L R ur FS,2,12,59,7,2,17,4
UL D dr L ur R FS,2,12,59,7,2,13,3
UL D dr R L FS ur,2,12,59,7,2,18,4
UL D dr R L ur FS,2,12,59,7,2,17,4
UL D FS L dr R ur,2,12,59,7,2,14,3
UL D FS L R dr ur,2,12,59,7,2,16,4
UL D FS R L dr ur,2,12,59,7,2,14,4
UL D L dr FS R ur,2,12,59,7,2,12,3
UL D L dr R FS ur,2,12,59,7,2,14,3
UL D L dr R ur FS,2,12,59,7,2,15,3
UL D L dr ur R FS,2,12,59,7,2,13,3
UL D L FS dr R ur,2,12,59,7,2,14,3
UL D L FS R dr ur,2,12,59,7,2,14,3
UL D L R dr FS ur,2,12,59,7,2,16,4
UL D L R dr ur FS,2,12,59,7,2,17,4
UL D L R FS dr ur,2,12,59,7,2,14,4
UL D L R ur dr FS,2,12,59,7,2,15,4
UL D L ur dr R FS,2,12,59,7,2,13,3
UL D L ur R dr FS,2,12,59,7,2,13,3
UL D R dr L FS ur,2,12,59,7,2,14,3
UL D R dr L ur FS,2,12,59,7,2,13,3
UL D R FS L dr ur,2,12,59,7,2,12,3
UL D R L dr FS ur,2,12,59,7,2,14,4
UL D R L dr ur FS,2,12,59,7,2,15,4
UL D R L FS dr ur,2,12,59,7,2,14,4
UL D R L ur dr FS,2,12,59,7,2,13,4
UL dr D L FS R ur,2,12,59,7,2,14,3
UL dr D L R FS ur,2,12,59,7,2,16,4
UL dr D L R ur FS,2,12,59,7,2,17,4
UL dr D L ur R FS,2,12,59,7,2,13,3
UL dr D R L FS ur,2,12,59,7,2,16,4
UL dr D R L ur FS,2,12,59,7,2,15,4
UL dr L D FS R ur,2,12,59,7,2,12,3
UL dr L D R FS ur,2,12,59,7,2,12,3
UL dr L D R ur FS,2,12,59,7,2,13,3
UL dr L D ur R FS,2,12,59,7,2,11,3
UL dr L FS D R ur,2,12,59,7,2,12,3
UL dr L R D FS ur,2,12,59,7,2,14,4
UL dr L R D ur FS,2,12,59,7,2,13,4
UL dr R D L FS ur,2,12,59,7,2,14,3
UL dr R D L ur FS,2,12,59,7,2,13,3
UL dr R L D FS ur,2,12,59,7,2,16,4
UL dr R L D ur FS,2,12,59,7,2,15,4
UL FS D L dr R ur,2,12,59,7,2,14,3
UL FS D L R dr ur,2,12,59,7,2,16,4
UL FS D R L dr ur,2,12,59,7,2,14,4
UL FS L D dr R ur,2,12,59,7,2,16,3
UL FS L D R dr ur,2,12,59,7,2,14,3
UL FS L dr D R ur,2,12,59,7,2,14,3
UL L D dr FS R ur,2,12,59,7,2,12,3
UL L D dr R FS ur,2,12,59,7,2,14,3
UL L D dr R ur FS,2,12,59,7,2,15,3
UL L D dr ur R FS,2,12,59,7,2,13,3
UL L D FS dr R ur,2,12,59,7,2,12,3
UL L D FS R dr ur,2,12,59,7,2,12,3
UL L D R dr FS ur,2,12,59,7,2,12,3
UL L D R dr ur FS,2,12,59,7,2,13,3
UL L D R FS dr ur,2,12,59,7,2,10,2
UL L D R ur dr FS,2,12,59,7,2,11,3
UL L D ur dr R FS,2,12,59,7,2,11,3
UL L D ur R dr FS,2,12,59,7,2,11,3
UL L dr D FS R ur,2,12,59,7,2,12,3
UL L dr D R FS ur,2,12,59,7,2,12,3
UL L dr D R ur FS,2,12,59,7,2,13,3
UL L dr D ur R FS,2,12,59,7,2,11,3
UL L dr FS D R ur,2,12,59,7,2,10,3
UL L dr R D FS ur,2,12,59,7,2,12,3
UL L dr R D ur FS,2,12,59,7,2,11,3
UL L FS D dr R ur,2,12,59,7,2,14,3
UL L FS D R dr ur,2,12,59,7,2,12,3
UL L FS dr D R ur,2,12,59,7,2,12,3
UL L R D dr FS ur,2,12,59,7,2,14,4
UL L R D dr ur FS,2,12,59,7,2,15,4
UL L R D FS dr ur,2,12,59,7,2,12,4
UL L R D ur dr FS,2,12,59,7,2,11,4
UL L R dr D FS ur,2,12,59,7,2,16,4
UL L R dr D ur FS,2,12,59,7,2,15,4
UL R D dr L FS ur,2,12,59,7,2,14,3
UL R D dr L ur FS,2,12,59,7,2,13,3
UL R D FS L dr ur,2,12,59,7,2,12,3
UL R D L dr FS ur,2,12,59,7,2,12,3
UL R D L dr ur FS,2,12,59,7,2,13,3
UL R D L FS dr ur,2,12,59,7,2,12,3
UL R D L ur dr FS,2,12,59,7,2,11,3
UL R dr D L FS ur,2,12,59,7,2,16,3
UL R dr D L ur FS,2,12,59,7,2,15,3
UL R dr L D FS ur,2,12,59,7,2,14,3
UL R dr L D ur FS,2,12,59,7,2,13,3
UL R L D dr FS ur,2,12,59,7,2,16,4
UL R L D dr ur FS,2,12,59,7,2,17,4
UL R L D FS dr ur,2,12,59,7,2,14,4
UL R L D ur dr FS,2,12,59,7,2,13,4
UL R L dr D FS ur,2,12,59,7,2,16,4
UL R L dr D ur FS,2,12,59,7,2,15,4
ur D L R FS UL dr,2,12,59,7,2,14,4
ur D L R UL FS dr,2,12,59,7,2,14,4
ur D R FS L UL dr,2,12,59,7,2,10,2
ur D R L FS UL dr,2,12,59,7,2,14,4
ur D R L UL FS dr,2,12,59,7,2,12,4
ur dr FS L UL D R,2,12,59,7,2,11,3
ur dr FS L UL R D,2,12,59,7,2,11,3
ur dr L FS UL D R,2,12,59,7,2,13,3
ur dr L FS UL R D,2,12,59,7,2,13,3
ur FS dr L UL D R,2,12,59,7,2,11,3
ur FS dr L UL R D,2,12,59,7,2,11,3
ur FS L dr UL D R,2,12,59,7,2,13,3
ur FS L dr UL R D,2,12,59,7,2,13,3
ur L D R FS UL dr,2,12,59,7,2,12,3
ur L D R UL FS dr,2,12,59,7,2,12,3
ur L dr FS UL D R,2,12,59,7,2,11,3
ur L dr FS UL R D,2,12,59,7,2,11,3
ur L FS dr UL D R,2,12,59,7,2,11,3
ur L FS dr UL R D,2,12,59,7,2,11,3
ur L R D FS UL dr,2,12,59,7,2,14,4
ur L R D UL FS dr,2,12,59,7,2,14,4
ur R D FS L UL dr,2,12,59,7,2,12,3
ur R D L FS UL dr,2,12,59,7,2,14,3
ur R D L UL FS dr,2,12,59,7,2,12,3
ur R L D FS UL dr,2,12,59,7,2,16,4
ur R L D UL FS dr,2,12,59,7,2,16,4
dr FS L R D ur UL,2,12,61,8,2,12,4
dr FS L R UL ur D,2,12,61,8,2,13,4
dr FS L R ur D UL,2,12,61,8,2,14,4
dr FS L R ur UL D,2,12,61,8,2,15,4
dr FS L ur R D UL,2,12,61,8,2,12,3
dr FS L ur R UL D,2,12,61,8,2,13,3
dr FS R D L ur UL,2,12,61,8,2,10,2
dr FS R D ur L UL,2,12,61,8,2,8,2
dr FS R L D ur UL,2,12,61,8,2,12,4
dr FS R L UL ur D,2,12,61,8,2,11,4
dr FS R L ur D UL,2,12,61,8,2,12,4
dr FS R L ur UL D,2,12,61,8,2,13,4
dr FS R ur D L UL,2,12,61,8,2,10,3
dr FS R ur L D UL,2,12,61,8,2,12,3
dr FS R ur L UL D,2,12,61,8,2,11,3
dr FS ur L R D UL,2,12,61,8,2,14,4
dr FS ur L R UL D,2,12,61,8,2,15,4
dr FS ur R D L UL,2,12,61,8,2,12,3
dr FS ur R L D UL,2,12,61,8,2,16,4
dr FS ur R L UL D,2,12,61,8,2,15,4
dr L FS R D ur UL,2,12,61,8,2,10,2
dr L FS R UL ur D,2,12,61,8,2,11,3
dr L FS R ur D UL,2,12,61,8,2,12,3
dr L FS R ur UL D,2,12,61,8,2,13,3
dr L FS ur R D UL,2,12,61,8,2,14,3
dr L FS ur R UL D,2,12,61,8,2,15,3
dr L R FS D ur UL,2,12,61,8,2,12,4
dr L R FS UL ur D,2,12,61,8,2,13,4
dr L R FS ur D UL,2,12,61,8,2,14,4
dr L R FS ur UL D,2,12,61,8,2,15,4
dr L R UL FS ur D,2,12,61,8,2,15,4
dr L R UL ur FS D,2,12,61,8,2,15,4
dr L R ur FS D UL,2,12,61,8,2,16,4
dr L R ur FS UL D,2,12,61,8,2,17,4
dr L R ur UL FS D,2,12,61,8,2,15,4
dr L ur FS R D UL,2,12,61,8,2,12,3
dr L ur FS R UL D,2,12,61,8,2,13,3
dr L ur R FS D UL,2,12,61,8,2,12,3
dr L ur R FS UL D,2,12,61,8,2,13,3
dr L ur R UL FS D,2,12,61,8,2,13,3
dr R FS D L ur UL,2,12,61,8,2,12,3
dr R FS D ur L UL,2,12,61,8,2,10,3
dr R FS L D ur UL,2,12,61,8,2,12,3
dr R FS L UL ur D,2,12,61,8,2,11,3
dr R FS L ur D UL,2,12,61,8,2,12,3
dr R FS L ur UL D,2,12,61,8,2,13,3
dr R FS ur D L UL,2,12,61,8,2,12,3
dr R FS ur L D UL,2,12,61,8,2,14,3
dr R FS ur L UL D,2,12,61,8,2,13,3
dr R L FS D ur UL,2,12,61,8,2,14,4
dr R L FS UL ur D,2,12,61,8,2,15,4
dr R L FS ur D UL,2,12,61,8,2,16,4
dr R L FS ur UL D,2,12,61,8,2,17,4
dr R L UL FS ur D,2,12,61,8,2,15,4
dr R L UL ur FS D,2,12,61,8,2,15,4
dr R L ur FS D UL,2,12,61,8,2,16,4
dr R L ur FS UL D,2,12,61,8,2,17,4
dr R L ur UL FS D,2,12,61,8,2,15,4
dr R UL L FS ur D,2,12,61,8,2,13,3
dr R UL L ur FS D,2,12,61,8,2,13,3
dr R UL ur L FS D,2,12,61,8,2,13,3
dr R ur FS D L UL,2,12,61,8,2,14,3
dr R ur FS L D UL,2,12,61,8,2,16,3
dr R ur FS L UL D,2,12,61,8,2,15,3
dr R ur L FS D UL,2,12,61,8,2,14,3
dr R ur L FS UL D,2,12,61,8,2,15,3
dr R ur L UL FS D,2,12,61,8,2,13,3
dr R ur UL L FS D,2,12,61,8,2,13,3
dr ur FS L R D UL,2,12,61,8,2,16,4
dr ur FS L R UL D,2,12,61,8,2,17,4
dr ur FS R D L UL,2,12,61,8,2,12,3
dr ur FS R L D UL,2,12,61,8,2,16,4
dr ur FS R L UL D,2,12,61,8,2,15,4
dr ur L FS R D UL,2,12,61,8,2,12,3
dr ur L FS R UL D,2,12,61,8,2,13,3
dr ur L R FS D UL,2,12,61,8,2,14,4
dr ur L R FS UL D,2,12,61,8,2,15,4
dr ur L R UL FS D,2,12,61,8,2,15,4
dr ur R FS D L UL,2,12,61,8,2,12,3
dr ur R FS L D UL,2,12,61,8,2,14,3
dr ur R FS L UL D,2,12,61,8,2,13,3
dr ur R L FS D UL,2,12,61,8,2,16,4
dr ur R L FS UL D,2,12,61,8,2,17,4
dr ur R L UL FS D,2,12,61,8,2,15,4
dr ur R UL L FS D,2,12,61,8,2,13,3
FS dr L R D ur UL,2,12,61,8,2,11,4
FS dr L R UL ur D,2,12,61,8,2,12,4
FS dr L R ur D UL,2,12,61,8,2,13,4
FS dr L R ur UL D,2,12,61,8,2,14,4
FS dr L ur R D UL,2,12,61,8,2,11,3
FS dr L ur R UL D,2,12,61,8,2,12,3
FS dr R D L ur UL,2,12,61,8,2,11,3
FS dr R D ur L UL,2,12,61,8,2,9,3
FS dr R L D ur UL,2,12,61,8,2,13,4
FS dr R L UL ur D,2,12,61,8,2,12,4
FS dr R L ur D UL,2,12,61,8,2,13,4
FS dr R L ur UL D,2,12,61,8,2,14,4
FS dr R ur D L UL,2,12,61,8,2,11,3
FS dr R ur L D UL,2,12,61,8,2,13,3
FS dr R ur L UL D,2,12,61,8,2,12,3
FS dr ur L R D UL,2,12,61,8,2,13,4
FS dr ur L R UL D,2,12,61,8,2,14,4
FS dr ur R D L UL,2,12,61,8,2,11,3
FS dr ur R L D UL,2,12,61,8,2,15,4
FS dr ur R L UL D,2,12,61,8,2,14,4
FS L dr R D ur UL,2,12,61,8,2,11,3
FS L dr R UL ur D,2,12,61,8,2,12,3
FS L dr R ur D UL,2,12,61,8,2,13,3
FS L dr R ur UL D,2,12,61,8,2,14,3
FS L dr ur R D UL,2,12,61,8,2,13,3
FS L dr ur R UL D,2,12,61,8,2,14,3
FS L R D dr ur UL,2,12,61,8,2,15,4
FS L R D ur dr UL,2,12,61,8,2,13,4
FS L R dr D ur UL,2,12,61,8,2,15,4
FS L R dr UL ur D,2,12,61,8,2,14,4
FS L R dr ur D UL,2,12,61,8,2,15,4
FS L R dr ur UL D,2,12,61,8,2,16,4
FS L R UL dr ur D,2,12,61,8,2,14,4
FS L R UL ur dr D,2,12,61,8,2,16,4
FS L R ur D dr UL,2,12,61,8,2,15,4
FS L R ur dr D UL,2,12,61,8,2,17,4
FS L R ur dr UL D,2,12,61,8,2,16,4
FS L R ur UL dr D,2,12,61,8,2,16,4
FS L ur dr R D UL,2,12,61,8,2,13,3
FS L ur dr R UL D,2,12,61,8,2,14,3
FS L ur R D dr UL,2,12,61,8,2,13,3
FS L ur R dr D UL,2,12,61,8,2,15,3
FS L ur R dr UL D,2,12,61,8,2,14,3
FS L ur R UL dr D,2,12,61,8,2,14,3
FS R D dr L ur UL,2,12,61,8,2,11,3
FS R D dr ur L UL,2,12,61,8,2,11,3
FS R D L dr ur UL,2,12,61,8,2,11,2
FS R D L ur dr UL,2,12,61,8,2,11,2
FS R D ur dr L UL,2,12,61,8,2,9,2
FS R D ur L dr UL,2,12,61,8,2,9,2
FS R dr D L ur UL,2,12,61,8,2,13,3
FS R dr D ur L UL,2,12,61,8,2,11,3
FS R dr L D ur UL,2,12,61,8,2,11,3
FS R dr L UL ur D,2,12,61,8,2,10,3
FS R dr L ur D UL,2,12,61,8,2,11,3
FS R dr L ur UL D,2,12,61,8,2,12,3
FS R dr ur D L UL,2,12,61,8,2,11,3
FS R dr ur L D UL,2,12,61,8,2,13,3
FS R dr ur L UL D,2,12,61,8,2,12,3
FS R L D dr ur UL,2,12,61,8,2,15,4
FS R L D ur dr UL,2,12,61,8,2,13,4
FS R L dr D ur UL,2,12,61,8,2,13,4
FS R L dr UL ur D,2,12,61,8,2,12,4
FS R L dr ur D UL,2,12,61,8,2,13,4
FS R L dr ur UL D,2,12,61,8,2,14,4
FS R L UL dr ur D,2,12,61,8,2,12,4
FS R L UL ur dr D,2,12,61,8,2,14,4
FS R L ur D dr UL,2,12,61,8,2,13,4
FS R L ur dr D UL,2,12,61,8,2,15,4
FS R L ur dr UL D,2,12,61,8,2,14,4
FS R L ur UL dr D,2,12,61,8,2,14,4
FS R UL L dr ur D,2,12,61,8,2,10,3
FS R UL L ur dr D,2,12,61,8,2,12,3
FS R UL ur L dr D,2,12,61,8,2,12,3
FS R ur D dr L UL,2,12,61,8,2,11,3
FS R ur D L dr UL,2,12,61,8,2,11,3
FS R ur dr D L UL,2,12,61,8,2,13,3
FS R ur dr L D UL,2,12,61,8,2,13,3
FS R ur dr L UL D,2,12,61,8,2,12,3
FS R ur L D dr UL,2,12,61,8,2,13,3
FS R ur L dr D UL,2,12,61,8,2,13,3
FS R ur L dr UL D,2,12,61,8,2,12,3
FS R ur L UL dr D,2,12,61,8,2,12,3
FS R ur UL L dr D,2,12,61,8,2,12,3
FS ur dr L R D UL,2,12,61,8,2,15,4
FS ur dr L R UL D,2,12,61,8,2,16,4
FS ur dr R D L UL,2,12,61,8,2,13,3
FS ur dr R L D UL,2,12,61,8,2,17,4
FS ur dr R L UL D,2,12,61,8,2,16,4
FS ur L dr R D UL,2,12,61,8,2,13,3
FS ur L dr R UL D,2,12,61,8,2,14,3
FS ur L R D dr UL,2,12,61,8,2,15,4
FS ur L R dr D UL,2,12,61,8,2,17,4
FS ur L R dr UL D,2,12,61,8,2,16,4
FS ur L R UL dr D,2,12,61,8,2,16,4
FS ur R D dr L UL,2,12,61,8,2,13,3
FS ur R D L dr UL,2,12,61,8,2,13,3
FS ur R dr D L UL,2,12,61,8,2,15,3
FS ur R dr L D UL,2,12,61,8,2,15,3
FS ur R dr L UL D,2,12,61,8,2,14,3
FS ur R L D dr UL,2,12,61,8,2,17,4
FS ur R L dr D UL,2,12,61,8,2,17,4
FS ur R L dr UL D,2,12,61,8,2,16,4
FS ur R L UL dr D,2,12,61,8,2,16,4
FS ur R UL L dr D,2,12,61,8,2,14,3
L dr FS R D ur UL,2,12,61,8,2,9,2
L dr FS R UL ur D,2,12,61,8,2,10,3
L dr FS R ur D UL,2,12,61,8,2,11,3
L dr FS R ur UL D,2,12,61,8,2,12,3
L dr FS ur R D UL,2,12,61,8,2,13,3
L dr FS ur R UL D,2,12,61,8,2,14,3
L dr R FS D ur UL,2,12,61,8,2,11,3
L dr R FS UL ur D,2,12,61,8,2,12,3
L dr R FS ur D UL,2,12,61,8,2,13,3
L dr R FS ur UL D,2,12,61,8,2,14,3
L dr R UL FS ur D,2,12,61,8,2,14,3
L dr R UL ur FS D,2,12,61,8,2,14,3
L dr R ur FS D UL,2,12,61,8,2,15,3
L dr R ur FS UL D,2,12,61,8,2,16,3
L dr R ur UL FS D,2,12,61,8,2,14,3
L dr ur FS R D UL,2,12,61,8,2,13,3
L dr ur FS R UL D,2,12,61,8,2,14,3
L dr ur R FS D UL,2,12,61,8,2,13,3
L dr ur R FS UL D,2,12,61,8,2,14,3
L dr ur R UL FS D,2,12,61,8,2,14,3
L FS dr R D ur UL,2,12,61,8,2,11,3
L FS dr R UL ur D,2,12,61,8,2,12,3
L FS dr R ur D UL,2,12,61,8,2,13,3
L FS dr R ur UL D,2,12,61,8,2,14,3
L FS dr ur R D UL,2,12,61,8,2,13,3
L FS dr ur R UL D,2,12,61,8,2,14,3
L FS R D dr ur UL,2,12,61,8,2,13,3
L FS R D ur dr UL,2,12,61,8,2,11,2
L FS R dr D ur UL,2,12,61,8,2,13,3
L FS R dr UL ur D,2,12,61,8,2,12,3
L FS R dr ur D UL,2,12,61,8,2,13,3
L FS R dr ur UL D,2,12,61,8,2,14,3
L FS R UL dr ur D,2,12,61,8,2,12,3
L FS R UL ur dr D,2,12,61,8,2,14,3
L FS R ur D dr UL,2,12,61,8,2,13,3
L FS R ur dr D UL,2,12,61,8,2,15,3
L FS R ur dr UL D,2,12,61,8,2,14,3
L FS R ur UL dr D,2,12,61,8,2,14,3
L FS ur dr R D UL,2,12,61,8,2,15,3
L FS ur dr R UL D,2,12,61,8,2,16,3
L FS ur R D dr UL,2,12,61,8,2,15,3
L FS ur R dr D UL,2,12,61,8,2,17,3
L FS ur R dr UL D,2,12,61,8,2,16,3
L FS ur R UL dr D,2,12,61,8,2,16,3
L R dr FS D ur UL,2,12,61,8,2,13,4
L R dr FS UL ur D,2,12,61,8,2,14,4
L R dr FS ur D UL,2,12,61,8,2,15,4
L R dr FS ur UL D,2,12,61,8,2,16,4
L R dr UL FS ur D,2,12,61,8,2,16,4
L R dr UL ur FS D,2,12,61,8,2,16,4
L R dr ur FS D UL,2,12,61,8,2,17,4
L R dr ur FS UL D,2,12,61,8,2,18,4
L R dr ur UL FS D,2,12,61,8,2,16,4
L R FS D dr ur UL,2,12,61,8,2,15,4
L R FS D ur dr UL,2,12,61,8,2,13,4
L R FS dr D ur UL,2,12,61,8,2,13,4
L R FS dr UL ur D,2,12,61,8,2,12,4
L R FS dr ur D UL,2,12,61,8,2,13,4
L R FS dr ur UL D,2,12,61,8,2,14,4
L R FS UL dr ur D,2,12,61,8,2,14,4
L R FS UL ur dr D,2,12,61,8,2,16,4
L R FS ur D dr UL,2,12,61,8,2,15,4
L R FS ur dr D UL,2,12,61,8,2,17,4
L R FS ur dr UL D,2,12,61,8,2,16,4
L R FS ur UL dr D,2,12,61,8,2,16,4
L R UL dr FS ur D,2,12,61,8,2,14,4
L R UL dr ur FS D,2,12,61,8,2,16,4
L R UL FS dr ur D,2,12,61,8,2,14,4
L R UL FS ur dr D,2,12,61,8,2,18,4
L R UL ur dr FS D,2,12,61,8,2,14,4
L R UL ur FS dr D,2,12,61,8,2,16,4
L R ur dr FS D UL,2,12,61,8,2,15,4
L R ur dr FS UL D,2,12,61,8,2,16,4
L R ur dr UL FS D,2,12,61,8,2,16,4
L R ur FS D dr UL,2,12,61,8,2,17,4
L R ur FS dr D UL,2,12,61,8,2,17,4
L R ur FS dr UL D,2,12,61,8,2,16,4
L R ur FS UL dr D,2,12,61,8,2,18,4
L R ur UL dr FS D,2,12,61,8,2,14,4
L R ur UL FS dr D,2,12,61,8,2,16,4
L ur dr FS R D UL,2,12,61,8,2,11,3
L ur dr FS R UL D,2,12,61,8,2,12,3
L ur dr R FS D UL,2,12,61,8,2,13,3
L ur dr R FS UL D,2,12,61,8,2,14,3
L ur dr R UL FS D,2,12,61,8,2,14,3
L ur FS dr R D UL,2,12,61,8,2,13,3
L ur FS dr R UL D,2,12,61,8,2,14,3
L ur FS R D dr UL,2,12,61,8,2,13,3
L ur FS R dr D UL,2,12,61,8,2,15,3
L ur FS R dr UL D,2,12,61,8,2,14,3
L ur FS R UL dr D,2,12,61,8,2,14,3
L ur R dr FS D UL,2,12,61,8,2,13,3
L ur R dr FS UL D,2,12,61,8,2,14,3
L ur R dr UL FS D,2,12,61,8,2,14,3
L ur R FS D dr UL,2,12,61,8,2,13,3
L ur R FS dr D UL,2,12,61,8,2,13,3
L ur R FS dr UL D,2,12,61,8,2,12,3
L ur R FS UL dr D,2,12,61,8,2,14,3
L ur R UL dr FS D,2,12,61,8,2,12,3
L ur R UL FS dr D,2,12,61,8,2,14,3
R dr FS D L ur UL,2,12,61,8,2,11,3
R dr FS D ur L UL,2,12,61,8,2,9,3
R dr FS L D ur UL,2,12,61,8,2,11,3
R dr FS L UL ur D,2,12,61,8,2,10,3
R dr FS L ur D UL,2,12,61,8,2,11,3
R dr FS L ur UL D,2,12,61,8,2,12,3
R dr FS ur D L UL,2,12,61,8,2,11,3
R dr FS ur L D UL,2,12,61,8,2,13,3
R dr FS ur L UL D,2,12,61,8,2,12,3
R dr L FS D ur UL,2,12,61,8,2,11,3
R dr L FS UL ur D,2,12,61,8,2,12,3
R dr L FS ur D UL,2,12,61,8,2,13,3
R dr L FS ur UL D,2,12,61,8,2,14,3
R dr L UL FS ur D,2,12,61,8,2,12,3
R dr L UL ur FS D,2,12,61,8,2,12,3
R dr L ur FS D UL,2,12,61,8,2,13,3
R dr L ur FS UL D,2,12,61,8,2,14,3
R dr L ur UL FS D,2,12,61,8,2,12,3
R dr UL L FS ur D,2,12,61,8,2,12,3
R dr UL L ur FS D,2,12,61,8,2,12,3
R dr UL ur L FS D,2,12,61,8,2,12,3
R dr ur FS D L UL,2,12,61,8,2,13,3
R dr ur FS L D UL,2,12,61,8,2,15,3
R dr ur FS L UL D,2,12,61,8,2,14,3
R dr ur L FS D UL,2,12,61,8,2,13,3
R dr ur L FS UL D,2,12,61,8,2,14,3
R dr ur L UL FS D,2,12,61,8,2,12,3
R dr ur UL L FS D,2,12,61,8,2,12,3
R FS D dr L ur UL,2,12,61,8,2,11,3
R FS D dr ur L UL,2,12,61,8,2,11,3
R FS D L dr ur UL,2,12,61,8,2,11,2
R FS D L ur dr UL,2,12,61,8,2,11,2
R FS D ur dr L UL,2,12,61,8,2,9,2
R FS D ur L dr UL,2,12,61,8,2,9,2
R FS dr D L ur UL,2,12,61,8,2,11,3
R FS dr D ur L UL,2,12,61,8,2,9,3
R FS dr L D ur UL,2,12,61,8,2,9,2
R FS dr L UL ur D,2,12,61,8,2,8,2
R FS dr L ur D UL,2,12,61,8,2,9,3
R FS dr L ur UL D,2,12,61,8,2,10,3
R FS dr ur D L UL,2,12,61,8,2,9,2
R FS dr ur L D UL,2,12,61,8,2,11,3
R FS dr ur L UL D,2,12,61,8,2,10,3
R FS L D dr ur UL,2,12,61,8,2,13,3
R FS L D ur dr UL,2,12,61,8,2,11,2
R FS L dr D ur UL,2,12,61,8,2,11,3
R FS L dr UL ur D,2,12,61,8,2,10,2
R FS L dr ur D UL,2,12,61,8,2,11,3
R FS L dr ur UL D,2,12,61,8,2,12,3
R FS L UL dr ur D,2,12,61,8,2,10,2
R FS L UL ur dr D,2,12,61,8,2,12,3
R FS L ur D dr UL,2,12,61,8,2,11,3
R FS L ur dr D UL,2,12,61,8,2,13,3
R FS L ur dr UL D,2,12,61,8,2,12,3
R FS L ur UL dr D,2,12,61,8,2,12,3
R FS UL L dr ur D,2,12,61,8,2,10,3
R FS UL L ur dr D,2,12,61,8,2,12,3
R FS UL ur L dr D,2,12,61,8,2,12,3
R FS ur D dr L UL,2,12,61,8,2,11,3
R FS ur D L dr UL,2,12,61,8,2,11,3
R FS ur dr D L UL,2,12,61,8,2,13,3
R FS ur dr L D UL,2,12,61,8,2,13,3
R FS ur dr L UL D,2,12,61,8,2,12,3
R FS ur L D dr UL,2,12,61,8,2,13,3
R FS ur L dr D UL,2,12,61,8,2,13,3
R FS ur L dr UL D,2,12,61,8,2,12,3
R FS ur L UL dr D,2,12,61,8,2,12,3
R FS ur UL L dr D,2,12,61,8,2,12,3
R L dr FS D ur UL,2,12,61,8,2,11,4
R L dr FS UL ur D,2,12,61,8,2,12,4
R L dr FS ur D UL,2,12,61,8,2,13,4
R L dr FS ur UL D,2,12,61,8,2,14,4
R L dr UL FS ur D,2,12,61,8,2,14,4
R L dr UL ur FS D,2,12,61,8,2,14,4
R L dr ur FS D UL,2,12,61,8,2,15,4
R L dr ur FS UL D,2,12,61,8,2,16,4
R L dr ur UL FS D,2,12,61,8,2,14,4
R L FS D dr ur UL,2,12,61,8,2,15,4
R L FS D ur dr UL,2,12,61,8,2,13,4
R L FS dr D ur UL,2,12,61,8,2,13,4
R L FS dr UL ur D,2,12,61,8,2,12,4
R L FS dr ur D UL,2,12,61,8,2,13,4
R L FS dr ur UL D,2,12,61,8,2,14,4
R L FS UL dr ur D,2,12,61,8,2,14,4
R L FS UL ur dr D,2,12,61,8,2,16,4
R L FS ur D dr UL,2,12,61,8,2,15,4
R L FS ur dr D UL,2,12,61,8,2,17,4
R L FS ur dr UL D,2,12,61,8,2,16,4
R L FS ur UL dr D,2,12,61,8,2,16,4
R L UL dr FS ur D,2,12,61,8,2,12,4
R L UL dr ur FS D,2,12,61,8,2,14,4
R L UL FS dr ur D,2,12,61,8,2,12,4
R L UL FS ur dr D,2,12,61,8,2,16,4
R L UL ur dr FS D,2,12,61,8,2,12,4
R L UL ur FS dr D,2,12,61,8,2,14,4
R L ur dr FS D UL,2,12,61,8,2,13,4
R L ur dr FS UL D,2,12,61,8,2,14,4
R L ur dr UL FS D,2,12,61,8,2,14,4
R L ur FS D dr UL,2,12,61,8,2,15,4
R L ur FS dr D UL,2,12,61,8,2,15,4
R L ur FS dr UL D,2,12,61,8,2,14,4
R L ur FS UL dr D,2,12,61,8,2,16,4
R L ur UL dr FS D,2,12,61,8,2,12,4
R L ur UL FS dr D,2,12,61,8,2,14,4
R UL dr L FS ur D,2,12,61,8,2,12,3
R UL dr L ur FS D,2,12,61,8,2,12,3
R UL dr ur L FS D,2,12,61,8,2,12,3
R UL FS L dr ur D,2,12,61,8,2,12,3
R UL FS L ur dr D,2,12,61,8,2,14,3
R UL FS ur L dr D,2,12,61,8,2,14,3
R UL L dr FS ur D,2,12,61,8,2,10,3
R UL L dr ur FS D,2,12,61,8,2,12,3
R UL L FS dr ur D,2,12,61,8,2,10,3
R UL L FS ur dr D,2,12,61,8,2,14,3
R UL L ur dr FS D,2,12,61,8,2,10,3
R UL L ur FS dr D,2,12,61,8,2,12,3
R UL ur dr L FS D,2,12,61,8,2,12,3
R UL ur FS L dr D,2,12,61,8,2,14,3
R UL ur L dr FS D,2,12,61,8,2,10,3
R UL ur L FS dr D,2,12,61,8,2,12,3
R ur dr FS D L UL,2,12,61,8,2,11,3
R ur dr FS L D UL,2,12,61,8,2,13,3
R ur dr FS L UL D,2,12,61,8,2,12,3
R ur dr L FS D UL,2,12,61,8,2,13,3
R ur dr L FS UL D,2,12,61,8,2,14,3
R ur dr L UL FS D,2,12,61,8,2,12,3
R ur dr UL L FS D,2,12,61,8,2,12,3
R ur FS D dr L UL,2,12,61,8,2,13,3
R ur FS D L dr UL,2,12,61,8,2,13,3
R ur FS dr D L UL,2,12,61,8,2,13,3
R ur FS dr L D UL,2,12,61,8,2,13,3
R ur FS dr L UL D,2,12,61,8,2,12,3
R ur FS L D dr UL,2,12,61,8,2,15,3
R ur FS L dr D UL,2,12,61,8,2,15,3
R ur FS L dr UL D,2,12,61,8,2,14,3
R ur FS L UL dr D,2,12,61,8,2,14,3
R ur FS UL L dr D,2,12,61,8,2,14,3
R ur L dr FS D UL,2,12,61,8,2,11,3
R ur L dr FS UL D,2,12,61,8,2,12,3
R ur L dr UL FS D,2,12,61,8,2,12,3
R ur L FS D dr UL,2,12,61,8,2,13,3
R ur L FS dr D UL,2,12,61,8,2,13,3
R ur L FS dr UL D,2,12,61,8,2,12,3
R ur L FS UL dr D,2,12,61,8,2,14,3
R ur L UL dr FS D,2,12,61,8,2,10,3
R ur L UL FS dr D,2,12,61,8,2,12,3
R ur UL dr L FS D,2,12,61,8,2,12,3
R ur UL FS L dr D,2,12,61,8,2,14,3
R ur UL L dr FS D,2,12,61,8,2,10,3
R ur UL L FS dr D,2,12,61,8,2,12,3
ur dr FS L R D UL,2,12,61,8,2,14,4
ur dr FS L R UL D,2,12,61,8,2,15,4
ur dr FS R D L UL,2,12,61,8,2,10,2
ur dr FS R L D UL,2,12,61,8,2,14,4
ur dr FS R L UL D,2,12,61,8,2,13,4
ur dr L FS R D UL,2,12,61,8,2,12,3
ur dr L FS R UL D,2,12,61,8,2,13,3
ur dr L R FS D UL,2,12,61,8,2,14,4
ur dr L R FS UL D,2,12,61,8,2,15,4
ur dr L R UL FS D,2,12,61,8,2,15,4
ur dr R FS D L UL,2,12,61,8,2,12,3
ur dr R FS L D UL,2,12,61,8,2,14,3
ur dr R FS L UL D,2,12,61,8,2,13,3
ur dr R L FS D UL,2,12,61,8,2,16,4
ur dr R L FS UL D,2,12,61,8,2,17,4
ur dr R L UL FS D,2,12,61,8,2,15,4
ur dr R UL L FS D,2,12,61,8,2,13,3
ur FS dr L R D UL,2,12,61,8,2,14,4
ur FS dr L R UL D,2,12,61,8,2,15,4
ur FS dr R D L UL,2,12,61,8,2,12,3
ur FS dr R L D UL,2,12,61,8,2,16,4
ur FS dr R L UL D,2,12,61,8,2,15,4
ur FS L dr R D UL,2,12,61,8,2,14,3
ur FS L dr R UL D,2,12,61,8,2,15,3
ur FS L R D dr UL,2,12,61,8,2,16,4
ur FS L R dr D UL,2,12,61,8,2,18,4
ur FS L R dr UL D,2,12,61,8,2,17,4
ur FS L R UL dr D,2,12,61,8,2,17,4
ur FS R D dr L UL,2,12,61,8,2,12,3
ur FS R D L dr UL,2,12,61,8,2,12,3
ur FS R dr D L UL,2,12,61,8,2,14,3
ur FS R dr L D UL,2,12,61,8,2,14,3
ur FS R dr L UL D,2,12,61,8,2,13,3
ur FS R L D dr UL,2,12,61,8,2,16,4
ur FS R L dr D UL,2,12,61,8,2,16,4
ur FS R L dr UL D,2,12,61,8,2,15,4
ur FS R L UL dr D,2,12,61,8,2,15,4
ur FS R UL L dr D,2,12,61,8,2,13,3
ur L dr FS R D UL,2,12,61,8,2,10,3
ur L dr FS R UL D,2,12,61,8,2,11,3
ur L dr R FS D UL,2,12,61,8,2,12,3
ur L dr R FS UL D,2,12,61,8,2,13,3
ur L dr R UL FS D,2,12,61,8,2,13,3
ur L FS dr R D UL,2,12,61,8,2,12,3
ur L FS dr R UL D,2,12,61,8,2,13,3
ur L FS R D dr UL,2,12,61,8,2,12,3
ur L FS R dr D UL,2,12,61,8,2,14,3
ur L FS R dr UL D,2,12,61,8,2,13,3
ur L FS R UL dr D,2,12,61,8,2,13,3
ur L R dr FS D UL,2,12,61,8,2,14,4
ur L R dr FS UL D,2,12,61,8,2,15,4
ur L R dr UL FS D,2,12,61,8,2,15,4
ur L R FS D dr UL,2,12,61,8,2,14,4
ur L R FS dr D UL,2,12,61,8,2,14,4
ur L R FS dr UL D,2,12,61,8,2,13,4
ur L R FS UL dr D,2,12,61,8,2,15,4
ur L R UL dr FS D,2,12,61,8,2,13,4
ur L R UL FS dr D,2,12,61,8,2,15,4
ur R dr FS D L UL,2,12,61,8,2,12,3
ur R dr FS L D UL,2,12,61,8,2,14,3
ur R dr FS L UL D,2,12,61,8,2,13,3
ur R dr L FS D UL,2,12,61,8,2,14,3
ur R dr L FS UL D,2,12,61,8,2,15,3
ur R dr L UL FS D,2,12,61,8,2,13,3
ur R dr UL L FS D,2,12,61,8,2,13,3
ur R FS D dr L UL,2,12,61,8,2,12,3
ur R FS D L dr UL,2,12,61,8,2,12,3
ur R FS dr D L UL,2,12,61,8,2,12,3
ur R FS dr L D UL,2,12,61,8,2,12,3
ur R FS dr L UL D,2,12,61,8,2,11,3
ur R FS L D dr UL,2,12,61,8,2,14,3
ur R FS L dr D UL,2,12,61,8,2,14,3
ur R FS L dr UL D,2,12,61,8,2,13,3
ur R FS L UL dr D,2,12,61,8,2,13,3
ur R FS UL L dr D,2,12,61,8,2,13,3
ur R L dr FS D UL,2,12,61,8,2,14,4
ur R L dr FS UL D,2,12,61,8,2,15,4
ur R L dr UL FS D,2,12,61,8,2,15,4
ur R L FS D dr UL,2,12,61,8,2,16,4
ur R L FS dr D UL,2,12,61,8,2,16,4
ur R L FS dr UL D,2,12,61,8,2,15,4
ur R L FS UL dr D,2,12,61,8,2,17,4
ur R L UL dr FS D,2,12,61,8,2,13,4
ur R L UL FS dr D,2,12,61,8,2,15,4
ur R UL dr L FS D,2,12,61,8,2,13,3
ur R UL FS L dr D,2,12,61,8,2,15,3
ur R UL L dr FS D,2,12,61,8,2,11,3
ur R UL L FS dr D,2,12,61,8,2,13,3
D dr FS R UL ur L,2,12,62,7,2,12,3
D dr FS R ur UL L,2,12,62,7,2,12,3
D dr FS ur R UL L,2,12,62,7,2,14,3
D dr ur FS R UL L,2,12,62,7,2,14,3
D FS dr R UL ur L,2,12,62,7,2,12,3
D FS dr R ur UL L,2,12,62,7,2,12,3
D FS dr ur R UL L,2,12,62,7,2,12,3
D FS R dr UL ur L,2,12,62,7,2,12,3
D FS R dr ur UL L,2,12,62,7,2,12,3
D FS R UL dr ur L,2,12,62,7,2,12,3
D FS R UL ur dr L,2,12,62,7,2,12,3
D FS R ur dr UL L,2,12,62,7,2,12,3
D FS R ur UL dr L,2,12,62,7,2,12,3
D FS ur dr R UL L,2,12,62,7,2,14,3
D FS ur R dr UL L,2,12,62,7,2,14,3
D FS ur R UL dr L,2,12,62,7,2,14,3
D ur dr FS R UL L,2,12,62,7,2,10,3
D ur FS dr R UL L,2,12,62,7,2,12,3
D ur FS R dr UL L,2,12,62,7,2,12,3
D ur FS R UL dr L,2,12,62,7,2,12,3
dr D FS R UL ur L,2,12,62,7,2,13,3
dr D FS R ur UL L,2,12,62,7,2,13,3
dr D FS ur R UL L,2,12,62,7,2,15,3
dr D ur FS R UL L,2,12,62,7,2,13,3
dr FS D R UL ur L,2,12,62,7,2,11,3
dr FS D R ur UL L,2,12,62,7,2,11,3
dr FS D ur R UL L,2,12,62,7,2,11,3
dr FS ur D R UL L,2,12,62,7,2,11,3
dr ur D FS R UL L,2,12,62,7,2,11,3
dr ur FS D R UL L,2,12,62,7,2,13,3
FS D dr R UL ur L,2,12,62,7,2,14,3
FS D dr R ur UL L,2,12,62,7,2,14,3
FS D dr ur R UL L,2,12,62,7,2,14,3
FS D R dr UL ur L,2,12,62,7,2,12,3
FS D R dr ur UL L,2,12,62,7,2,12,3
FS D R UL dr ur L,2,12,62,7,2,12,3
FS D R UL ur dr L,2,12,62,7,2,12,3
FS D R ur dr UL L,2,12,62,7,2,12,3
FS D R ur UL dr L,2,12,62,7,2,12,3
FS D ur dr R UL L,2,12,62,7,2,12,3
FS D ur R dr UL L,2,12,62,7,2,12,3
FS D ur R UL dr L,2,12,62,7,2,12,3
FS dr D R UL ur L,2,12,62,7,2,12,3
FS dr D R ur UL L,2,12,62,7,2,12,3
FS dr D ur R UL L,2,12,62,7,2,12,3
FS dr ur D R UL L,2,12,62,7,2,10,3
FS ur D dr R UL L,2,12,62,7,2,14,3
FS ur D R dr UL L,2,12,62,7,2,12,3
FS ur D R UL dr L,2,12,62,7,2,12,3
FS ur dr D R UL L,2,12,62,7,2,14,3
ur D dr FS R UL L,2,12,62,7,2,11,3
ur D FS dr R UL L,2,12,62,7,2,11,3
ur D FS R dr UL L,2,12,62,7,2,11,3
ur D FS R UL dr L,2,12,62,7,2,11,3
ur dr D FS R UL L,2,12,62,7,2,13,3
ur dr FS D R UL L,2,12,62,7,2,11,3
ur FS D dr R UL L,2,12,62,7,2,15,3
ur FS D R dr UL L,2,12,62,7,2,13,3
ur FS D R UL dr L,2,12,62,7,2,13,3
ur FS dr D R UL L,2,12,62,7,2,13,3
D FS L UL R ur dr,6,12,63,7,2,13,3
D FS L UL ur R dr,6,12,63,7,2,13,3
D FS UL L R ur dr,6,12,63,7,2,15,4
D FS UL L ur R dr,6,12,63,7,2,13,3
D FS UL R L ur dr,6,12,63,7,2,15,4
D L FS UL R ur dr,6,12,63,7,2,15,3
D L FS UL ur R dr,6,12,63,7,2,15,3
D L UL FS R ur dr,6,12,63,7,2,13,3
D L UL FS ur R dr,6,12,63,7,2,15,3
D L UL R FS ur dr,6,12,63,7,2,13,3
D L UL R ur FS dr,6,12,63,7,2,13,3
D L UL ur FS R dr,6,12,63,7,2,13,3
D L UL ur R FS dr,6,12,63,7,2,11,3
D UL FS L R ur dr,6,12,63,7,2,17,4
D UL FS L ur R dr,6,12,63,7,2,15,3
D UL FS R L ur dr,6,12,63,7,2,15,4
D UL L FS R ur dr,6,12,63,7,2,13,3
D UL L FS ur R dr,6,12,63,7,2,15,3
D UL L R FS ur dr,6,12,63,7,2,15,4
D UL L R ur FS dr,6,12,63,7,2,15,4
D UL L ur FS R dr,6,12,63,7,2,13,3
D UL L ur R FS dr,6,12,63,7,2,11,3
D UL R FS L ur dr,6,12,63,7,2,13,3
D UL R L FS ur dr,6,12,63,7,2,17,4
D UL R L ur FS dr,6,12,63,7,2,15,4
FS D L UL R ur dr,6,12,63,7,2,13,3
FS D L UL ur R dr,6,12,63,7,2,13,3
FS D UL L R ur dr,6,12,63,7,2,15,4
FS D UL L ur R dr,6,12,63,7,2,13,3
FS D UL R L ur dr,6,12,63,7,2,15,4
FS L D UL R ur dr,6,12,63,7,2,15,3
FS L D UL ur R dr,6,12,63,7,2,15,3
FS L UL D R ur dr,6,12,63,7,2,13,3
FS L UL D ur R dr,6,12,63,7,2,13,3
FS UL D L R ur dr,6,12,63,7,2,17,4
FS UL D L ur R dr,6,12,63,7,2,15,3
FS UL D R L ur dr,6,12,63,7,2,15,4
FS UL L D R ur dr,6,12,63,7,2,13,3
FS UL L D ur R dr,6,12,63,7,2,13,3
L D FS UL R ur dr,6,12,63,7,2,15,3
L D FS UL ur R dr,6,12,63,7,2,15,3
L D UL FS R ur dr,6,12,63,7,2,15,3
L D UL FS ur R dr,6,12,63,7,2,17,3
L D UL R FS ur dr,6,12,63,7,2,15,3
L D UL R ur FS dr,6,12,63,7,2,15,3
L D UL ur FS R dr,6,12,63,7,2,15,3
L D UL ur R FS dr,6,12,63,7,2,13,3
L FS D UL R ur dr,6,12,63,7,2,15,3
L FS D UL ur R dr,6,12,63,7,2,15,3
L FS UL D R ur dr,6,12,63,7,2,15,3
L FS UL D ur R dr,6,12,63,7,2,15,3
L UL D FS R ur dr,6,12,63,7,2,13,3
L UL D FS ur R dr,6,12,63,7,2,15,3
L UL D R FS ur dr,6,12,63,7,2,13,3
L UL D R ur FS dr,6,12,63,7,2,13,3
L UL D ur FS R dr,6,12,63,7,2,13,3
L UL D ur R FS dr,6,12,63,7,2,11,3
L UL FS D R ur dr,6,12,63,7,2,13,3
L UL FS D ur R dr,6,12,63,7,2,13,3
L UL R D FS ur dr,6,12,63,7,2,13,3
L UL R D ur FS dr,6,12,63,7,2,11,3
UL D FS L R ur dr,6,12,63,7,2,16,4
UL D FS L ur R dr,6,12,63,7,2,14,3
UL D FS R L ur dr,6,12,63,7,2,14,4
UL D L FS R ur dr,6,12,63,7,2,14,3
UL D L FS ur R dr,6,12,63,7,2,16,3
UL D L R FS ur dr,6,12,63,7,2,16,4
UL D L R ur FS dr,6,12,63,7,2,16,4
UL D L ur FS R dr,6,12,63,7,2,14,3
UL D L ur R FS dr,6,12,63,7,2,12,3
UL D R FS L ur dr,6,12,63,7,2,12,3
UL D R L FS ur dr,6,12,63,7,2,16,4
UL D R L ur FS dr,6,12,63,7,2,14,4
UL FS D L R ur dr,6,12,63,7,2,16,4
UL FS D L ur R dr,6,12,63,7,2,14,3
UL FS D R L ur dr,6,12,63,7,2,14,4
UL FS L D R ur dr,6,12,63,7,2,14,3
UL FS L D ur R dr,6,12,63,7,2,14,3
UL L D FS R ur dr,6,12,63,7,2,12,3
UL L D FS ur R dr,6,12,63,7,2,14,3
UL L D R FS ur dr,6,12,63,7,2,12,3
UL L D R ur FS dr,6,12,63,7,2,12,3
UL L D ur FS R dr,6,12,63,7,2,12,3
UL L D ur R FS dr,6,12,63,7,2,10,3
UL L FS D R ur dr,6,12,63,7,2,12,3
UL L FS D ur R dr,6,12,63,7,2,12,3
UL L R D FS ur dr,6,12,63,7,2,14,4
UL L R D ur FS dr,6,12,63,7,2,12,4
UL R D FS L ur dr,6,12,63,7,2,12,3
UL R D L FS ur dr,6,12,63,7,2,14,3
UL R D L ur FS dr,6,12,63,7,2,12,3
UL R L D FS ur dr,6,12,63,7,2,16,4
UL R L D ur FS dr,6,12,63,7,2,14,4
D dr R FS UL ur L,2,12,64,8,2,14,3
D dr R FS ur UL L,2,12,64,8,2,14,3
D dr R UL FS ur L,2,12,64,8,2,16,3
D dr R UL ur FS L,2,12,64,8,2,16,3
D dr R ur FS UL L,2,12,64,8,2,16,3
D dr R ur UL FS L,2,12,64,8,2,16,3
D dr ur R FS UL L,2,12,64,8,2,14,3
D dr ur R UL FS L,2,12,64,8,2,16,3
D R dr FS UL ur L,2,12,64,8,2,12,3
D R dr FS ur UL L,2,12,64,8,2,12,3
D R dr UL FS ur L,2,12,64,8,2,14,3
D R dr UL ur FS L,2,12,64,8,2,14,3
D R dr ur FS UL L,2,12,64,8,2,14,3
D R dr ur UL FS L,2,12,64,8,2,14,3
D R FS dr UL ur L,2,12,64,8,2,10,2
D R FS dr ur UL L,2,12,64,8,2,10,2
D R FS UL dr ur L,2,12,64,8,2,12,3
D R FS UL ur dr L,2,12,64,8,2,12,3
D R FS ur dr UL L,2,12,64,8,2,12,3
D R FS ur UL dr L,2,12,64,8,2,12,3
D R UL dr FS ur L,2,12,64,8,2,12,3
D R UL dr ur FS L,2,12,64,8,2,14,3
D R UL FS dr ur L,2,12,64,8,2,12,3
D R UL FS ur dr L,2,12,64,8,2,14,3
D R UL ur dr FS L,2,12,64,8,2,12,3
D R UL ur FS dr L,2,12,64,8,2,12,3
D R ur dr FS UL L,2,12,64,8,2,12,3
D R ur dr UL FS L,2,12,64,8,2,14,3
D R ur FS dr UL L,2,12,64,8,2,12,3
D R ur FS UL dr L,2,12,64,8,2,14,3
D R ur UL dr FS L,2,12,64,8,2,12,3
D R ur UL FS dr L,2,12,64,8,2,12,3
D ur dr R FS UL L,2,12,64,8,2,12,3
D ur dr R UL FS L,2,12,64,8,2,14,3
D ur R dr FS UL L,2,12,64,8,2,12,3
D ur R dr UL FS L,2,12,64,8,2,14,3
D ur R FS dr UL L,2,12,64,8,2,10,3
D ur R FS UL dr L,2,12,64,8,2,12,3
D ur R UL dr FS L,2,12,64,8,2,12,3
D ur R UL FS dr L,2,12,64,8,2,12,3
dr D R FS UL ur L,2,12,64,8,2,13,3
dr D R FS ur UL L,2,12,64,8,2,13,3
dr D R UL FS ur L,2,12,64,8,2,15,3
dr D R UL ur FS L,2,12,64,8,2,15,3
dr D R ur FS UL L,2,12,64,8,2,15,3
dr D R ur UL FS L,2,12,64,8,2,15,3
dr D ur R FS UL L,2,12,64,8,2,13,3
dr D ur R UL FS L,2,12,64,8,2,15,3
dr R D FS UL ur L,2,12,64,8,2,13,3
dr R D FS ur UL L,2,12,64,8,2,13,3
dr R D UL FS ur L,2,12,64,8,2,15,3
dr R D UL ur FS L,2,12,64,8,2,15,3
dr R D ur FS UL L,2,12,64,8,2,13,3
dr R D ur UL FS L,2,12,64,8,2,13,3
dr R UL D FS ur L,2,12,64,8,2,15,3
dr R UL D ur FS L,2,12,64,8,2,15,3
dr R UL ur D FS L,2,12,64,8,2,13,3
dr R ur D FS UL L,2,12,64,8,2,13,3
dr R ur D UL FS L,2,12,64,8,2,15,3
dr R ur UL D FS L,2,12,64,8,2,15,3
dr ur D R FS UL L,2,12,64,8,2,11,3
dr ur D R UL FS L,2,12,64,8,2,13,3
dr ur R D FS UL L,2,12,64,8,2,13,3
dr ur R D UL FS L,2,12,64,8,2,15,3
dr ur R UL D FS L,2,12,64,8,2,15,3
R D dr FS UL ur L,2,12,64,8,2,12,3
R D dr FS ur UL L,2,12,64,8,2,12,3
R D dr UL FS ur L,2,12,64,8,2,14,3
R D dr UL ur FS L,2,12,64,8,2,14,3
R D dr ur FS UL L,2,12,64,8,2,14,3
R D dr ur UL FS L,2,12,64,8,2,14,3
R D FS dr UL ur L,2,12,64,8,2,10,2
R D FS dr ur UL L,2,12,64,8,2,10,2
R D FS UL dr ur L,2,12,64,8,2,12,3
R D FS UL ur dr L,2,12,64,8,2,12,3
R D FS ur dr UL L,2,12,64,8,2,12,3
R D FS ur UL dr L,2,12,64,8,2,12,3
R D UL dr FS ur L,2,12,64,8,2,12,3
R D UL dr ur FS L,2,12,64,8,2,14,3
R D UL FS dr ur L,2,12,64,8,2,12,3
R D UL FS ur dr L,2,12,64,8,2,14,3
R D UL ur dr FS L,2,12,64,8,2,12,3
R D UL ur FS dr L,2,12,64,8,2,12,3
R D ur dr FS UL L,2,12,64,8,2,10,3
R D ur dr UL FS L,2,12,64,8,2,12,3
R D ur FS dr UL L,2,12,64,8,2,10,3
R D ur FS UL dr L,2,12,64,8,2,12,3
R D ur UL dr FS L,2,12,64,8,2,10,2
R D ur UL FS dr L,2,12,64,8,2,10,3
R dr D FS UL ur L,2,12,64,8,2,14,3
R dr D FS ur UL L,2,12,64,8,2,14,3
R dr D UL FS ur L,2,12,64,8,2,16,3
R dr D UL ur FS L,2,12,64,8,2,16,3
R dr D ur FS UL L,2,12,64,8,2,14,3
R dr D ur UL FS L,2,12,64,8,2,14,3
R dr UL D FS ur L,2,12,64,8,2,14,3
R dr UL D ur FS L,2,12,64,8,2,14,3
R dr UL ur D FS L,2,12,64,8,2,12,3
R dr ur D FS UL L,2,12,64,8,2,12,3
R dr ur D UL FS L,2,12,64,8,2,14,3
R dr ur UL D FS L,2,12,64,8,2,14,3
R UL D dr FS ur L,2,12,64,8,2,14,3
R UL D dr ur FS L,2,12,64,8,2,16,3
R UL D FS dr ur L,2,12,64,8,2,12,3
R UL D FS ur dr L,2,12,64,8,2,14,3
R UL D ur dr FS L,2,12,64,8,2,12,3
R UL D ur FS dr L,2,12,64,8,2,12,3
R UL dr D FS ur L,2,12,64,8,2,14,3
R UL dr D ur FS L,2,12,64,8,2,14,3
R UL dr ur D FS L,2,12,64,8,2,12,3
R UL ur D dr FS L,2,12,64,8,2,12,3
R UL ur D FS dr L,2,12,64,8,2,10,3
R UL ur dr D FS L,2,12,64,8,2,14,3
R ur D dr FS UL L,2,12,64,8,2,12,3
R ur D dr UL FS L,2,12,64,8,2,14,3
R ur D FS dr UL L,2,12,64,8,2,10,3
R ur D FS UL dr L,2,12,64,8,2,12,3
R ur D UL dr FS L,2,12,64,8,2,12,3
R ur D UL FS dr L,2,12,64,8,2,12,3
R ur dr D FS UL L,2,12,64,8,2,14,3
R ur dr D UL FS L,2,12,64,8,2,16,3
R ur dr UL D FS L,2,12,64,8,2,14,3
R ur UL D dr FS L,2,12,64,8,2,14,3
R ur UL D FS dr L,2,12,64,8,2,12,3
R ur UL dr D FS L,2,12,64,8,2,14,3
ur D dr R FS UL L,2,12,64,8,2,13,3
ur D dr R UL FS L,2,12,64,8,2,15,3
ur D R dr FS UL L,2,12,64,8,2,11,3
ur D R dr UL FS L,2,12,64,8,2,13,3
ur D R FS dr UL L,2,12,64,8,2,9,2
ur D R FS UL dr L,2,12,64,8,2,11,3
ur D R UL dr FS L,2,12,64,8,2,11,3
ur D R UL FS dr L,2,12,64,8,2,11,3
ur dr D R FS UL L,2,12,64,8,2,13,3
ur dr D R UL FS L,2,12,64,8,2,15,3
ur dr R D FS UL L,2,12,64,8,2,13,3
ur dr R D UL FS L,2,12,64,8,2,15,3
ur dr R UL D FS L,2,12,64,8,2,15,3
ur R D dr FS UL L,2,12,64,8,2,13,3
ur R D dr UL FS L,2,12,64,8,2,15,3
ur R D FS dr UL L,2,12,64,8,2,11,3
ur R D FS UL dr L,2,12,64,8,2,13,3
ur R D UL dr FS L,2,12,64,8,2,13,3
ur R D UL FS dr L,2,12,64,8,2,13,3
ur R dr D FS UL L,2,12,64,8,2,15,3
ur R dr D UL FS L,2,12,64,8,2,17,3
ur R dr UL D FS L,2,12,64,8,2,15,3
ur R UL D dr FS L,2,12,64,8,2,15,3
ur R UL D FS dr L,2,12,64,8,2,13,3
ur R UL dr D FS L,2,12,64,8,2,15,3
dr L UL FS R ur D,2,12,65,8,2,11,3
dr L UL FS ur D R,2,12,65,8,2,11,3
dr L UL FS ur R D,2,12,65,8,2,13,3
dr L UL R FS ur D,2,12,65,8,2,11,3
dr L UL R ur FS D,2,12,65,8,2,13,3
dr L UL ur D FS R,2,12,65,8,2,9,2
dr L UL ur FS D R,2,12,65,8,2,11,3
dr L UL ur FS R D,2,12,65,8,2,11,3
dr L UL ur R FS D,2,12,65,8,2,11,3
dr L ur UL D FS R,2,12,65,8,2,11,3
dr L ur UL FS D R,2,12,65,8,2,11,3
dr L ur UL FS R D,2,12,65,8,2,11,3
dr L ur UL R FS D,2,12,65,8,2,11,3
dr UL L FS R ur D,2,12,65,8,2,11,3
dr UL L FS ur D R,2,12,65,8,2,11,3
dr UL L FS ur R D,2,12,65,8,2,13,3
dr UL L R FS ur D,2,12,65,8,2,13,4
dr UL L R ur FS D,2,12,65,8,2,15,4
dr UL L ur D FS R,2,12,65,8,2,9,2
dr UL L ur FS D R,2,12,65,8,2,11,3
dr UL L ur FS R D,2,12,65,8,2,11,3
dr UL L ur R FS D,2,12,65,8,2,11,3
dr UL R L FS ur D,2,12,65,8,2,15,4
dr UL R L ur FS D,2,12,65,8,2,15,4
dr UL R ur L FS D,2,12,65,8,2,13,3
dr UL ur L D FS R,2,12,65,8,2,11,2
dr UL ur L FS D R,2,12,65,8,2,11,2
dr UL ur L FS R D,2,12,65,8,2,11,2
dr UL ur L R FS D,2,12,65,8,2,13,4
dr UL ur R L FS D,2,12,65,8,2,15,4
dr ur L UL D FS R,2,12,65,8,2,11,3
dr ur L UL FS D R,2,12,65,8,2,11,3
dr ur L UL FS R D,2,12,65,8,2,11,3
dr ur L UL R FS D,2,12,65,8,2,11,3
dr ur UL L D FS R,2,12,65,8,2,11,2
dr ur UL L FS D R,2,12,65,8,2,11,2
dr ur UL L FS R D,2,12,65,8,2,11,2
dr ur UL L R FS D,2,12,65,8,2,13,4
dr ur UL R L FS D,2,12,65,8,2,15,4
FS L UL dr R ur D,2,12,65,8,2,12,3
FS L UL dr ur D R,2,12,65,8,2,10,2
FS L UL dr ur R D,2,12,65,8,2,12,3
FS L UL R dr ur D,2,12,65,8,2,12,3
FS L UL R ur dr D,2,12,65,8,2,14,3
FS L UL ur D dr R,2,12,65,8,2,12,3
FS L UL ur dr D R,2,12,65,8,2,12,3
FS L UL ur dr R D,2,12,65,8,2,12,3
FS L UL ur R dr D,2,12,65,8,2,14,3
FS L ur UL D dr R,2,12,65,8,2,14,3
FS L ur UL dr D R,2,12,65,8,2,12,3
FS L ur UL dr R D,2,12,65,8,2,12,3
FS L ur UL R dr D,2,12,65,8,2,14,3
FS UL L dr R ur D,2,12,65,8,2,12,3
FS UL L dr ur D R,2,12,65,8,2,10,3
FS UL L dr ur R D,2,12,65,8,2,12,3
FS UL L R dr ur D,2,12,65,8,2,14,4
FS UL L R ur dr D,2,12,65,8,2,16,4
FS UL L ur D dr R,2,12,65,8,2,12,3
FS UL L ur dr D R,2,12,65,8,2,12,3
FS UL L ur dr R D,2,12,65,8,2,12,3
FS UL L ur R dr D,2,12,65,8,2,14,3
FS UL R L dr ur D,2,12,65,8,2,14,4
FS UL R L ur dr D,2,12,65,8,2,16,4
FS UL R ur L dr D,2,12,65,8,2,14,3
FS UL ur L D dr R,2,12,65,8,2,14,3
FS UL ur L dr D R,2,12,65,8,2,12,3
FS UL ur L dr R D,2,12,65,8,2,12,3
FS UL ur L R dr D,2,12,65,8,2,16,4
FS UL ur R L dr D,2,12,65,8,2,16,4
FS ur L UL D dr R,2,12,65,8,2,14,3
FS ur L UL dr D R,2,12,65,8,2,12,3
FS ur L UL dr R D,2,12,65,8,2,12,3
FS ur L UL R dr D,2,12,65,8,2,14,3
FS ur UL L D dr R,2,12,65,8,2,14,3
FS ur UL L dr D R,2,12,65,8,2,12,3
FS ur UL L dr R D,2,12,65,8,2,12,3
FS ur UL L R dr D,2,12,65,8,2,16,4
FS ur UL R L dr D,2,12,65,8,2,16,4
L dr UL FS R ur D,2,12,65,8,2,12,3
L dr UL FS ur D R,2,12,65,8,2,12,3
L dr UL FS ur R D,2,12,65,8,2,14,3
L dr UL R FS ur D,2,12,65,8,2,12,3
L dr UL R ur FS D,2,12,65,8,2,14,3
L dr UL ur D FS R,2,12,65,8,2,10,2
L dr UL ur FS D R,2,12,65,8,2,12,3
L dr UL ur FS R D,2,12,65,8,2,12,3
L dr UL ur R FS D,2,12,65,8,2,12,3
L dr ur UL D FS R,2,12,65,8,2,12,3
L dr ur UL FS D R,2,12,65,8,2,12,3
L dr ur UL FS R D,2,12,65,8,2,12,3
L dr ur UL R FS D,2,12,65,8,2,12,3
L FS UL dr R ur D,2,12,65,8,2,14,3
L FS UL dr ur D R,2,12,65,8,2,12,3
L FS UL dr ur R D,2,12,65,8,2,14,3
L FS UL R dr ur D,2,12,65,8,2,14,3
L FS UL R ur dr D,2,12,65,8,2,16,3
L FS UL ur D dr R,2,12,65,8,2,14,3
L FS UL ur dr D R,2,12,65,8,2,14,3
L FS UL ur dr R D,2,12,65,8,2,14,3
L FS UL ur R dr D,2,12,65,8,2,16,3
L FS ur UL D dr R,2,12,65,8,2,16,3
L FS ur UL dr D R,2,12,65,8,2,14,3
L FS ur UL dr R D,2,12,65,8,2,14,3
L FS ur UL R dr D,2,12,65,8,2,16,3
L UL dr FS R ur D,2,12,65,8,2,10,3
L UL dr FS ur D R,2,12,65,8,2,10,3
L UL dr FS ur R D,2,12,65,8,2,12,3
L UL dr R FS ur D,2,12,65,8,2,12,3
L UL dr R ur FS D,2,12,65,8,2,14,3
L UL dr ur D FS R,2,12,65,8,2,10,2
L UL dr ur FS D R,2,12,65,8,2,12,3
L UL dr ur FS R D,2,12,65,8,2,12,3
L UL dr ur R FS D,2,12,65,8,2,12,3
L UL FS dr R ur D,2,12,65,8,2,12,3
L UL FS dr ur D R,2,12,65,8,2,10,3
L UL FS dr ur R D,2,12,65,8,2,12,3
L UL FS R dr ur D,2,12,65,8,2,12,3
L UL FS R ur dr D,2,12,65,8,2,14,3
L UL FS ur D dr R,2,12,65,8,2,14,3
L UL FS ur dr D R,2,12,65,8,2,14,3
L UL FS ur dr R D,2,12,65,8,2,14,3
L UL FS ur R dr D,2,12,65,8,2,16,3
L UL R dr FS ur D,2,12,65,8,2,12,3
L UL R dr ur FS D,2,12,65,8,2,14,3
L UL R FS dr ur D,2,12,65,8,2,10,3
L UL R FS ur dr D,2,12,65,8,2,14,3
L UL R ur dr FS D,2,12,65,8,2,12,3
L UL R ur FS dr D,2,12,65,8,2,14,3
L UL ur D dr FS R,2,12,65,8,2,10,3
L UL ur D FS dr R,2,12,65,8,2,10,3
L UL ur dr D FS R,2,12,65,8,2,12,3
L UL ur dr FS D R,2,12,65,8,2,10,2
L UL ur dr FS R D,2,12,65,8,2,10,2
L UL ur dr R FS D,2,12,65,8,2,12,3
L UL ur FS D dr R,2,12,65,8,2,14,3
L UL ur FS dr D R,2,12,65,8,2,12,3
L UL ur FS dr R D,2,12,65,8,2,12,3
L UL ur FS R dr D,2,12,65,8,2,14,3
L UL ur R dr FS D,2,12,65,8,2,12,3
L UL ur R FS dr D,2,12,65,8,2,12,3
L ur dr UL D FS R,2,12,65,8,2,12,3
L ur dr UL FS D R,2,12,65,8,2,12,3
L ur dr UL FS R D,2,12,65,8,2,12,3
L ur dr UL R FS D,2,12,65,8,2,12,3
L ur FS UL D dr R,2,12,65,8,2,16,3
L ur FS UL dr D R,2,12,65,8,2,14,3
L ur FS UL dr R D,2,12,65,8,2,14,3
L ur FS UL R dr D,2,12,65,8,2,16,3
L ur UL D dr FS R,2,12,65,8,2,12,3
L ur UL D FS dr R,2,12,65,8,2,12,3
L ur UL dr D FS R,2,12,65,8,2,12,3
L ur UL dr FS D R,2,12,65,8,2,10,2
L ur UL dr FS R D,2,12,65,8,2,10,2
L ur UL dr R FS D,2,12,65,8,2,12,3
L ur UL FS D dr R,2,12,65,8,2,14,3
L ur UL FS dr D R,2,12,65,8,2,12,3
L ur UL FS dr R D,2,12,65,8,2,12,3
L ur UL FS R dr D,2,12,65,8,2,14,3
L ur UL R dr FS D,2,12,65,8,2,12,3
L ur UL R FS dr D,2,12,65,8,2,12,3
UL dr L FS R ur D,2,12,65,8,2,11,3
UL dr L FS ur D R,2,12,65,8,2,11,3
UL dr L FS ur R D,2,12,65,8,2,13,3
UL dr L R FS ur D,2,12,65,8,2,13,4
UL dr L R ur FS D,2,12,65,8,2,15,4
UL dr L ur D FS R,2,12,65,8,2,9,2
UL dr L ur FS D R,2,12,65,8,2,11,3
UL dr L ur FS R D,2,12,65,8,2,11,3
UL dr L ur R FS D,2,12,65,8,2,11,3
UL dr R L FS ur D,2,12,65,8,2,15,4
UL dr R L ur FS D,2,12,65,8,2,15,4
UL dr R ur L FS D,2,12,65,8,2,13,3
UL dr ur L D FS R,2,12,65,8,2,11,2
UL dr ur L FS D R,2,12,65,8,2,11,2
UL dr ur L FS R D,2,12,65,8,2,11,2
UL dr ur L R FS D,2,12,65,8,2,13,4
UL dr ur R L FS D,2,12,65,8,2,15,4
UL FS L dr R ur D,2,12,65,8,2,13,3
UL FS L dr ur D R,2,12,65,8,2,11,3
UL FS L dr ur R D,2,12,65,8,2,13,3
UL FS L R dr ur D,2,12,65,8,2,15,4
UL FS L R ur dr D,2,12,65,8,2,17,4
UL FS L ur D dr R,2,12,65,8,2,13,3
UL FS L ur dr D R,2,12,65,8,2,13,3
UL FS L ur dr R D,2,12,65,8,2,13,3
UL FS L ur R dr D,2,12,65,8,2,15,3
UL FS R L dr ur D,2,12,65,8,2,13,4
UL FS R L ur dr D,2,12,65,8,2,15,4
UL FS R ur L dr D,2,12,65,8,2,13,3
UL FS ur L D dr R,2,12,65,8,2,15,3
UL FS ur L dr D R,2,12,65,8,2,13,3
UL FS ur L dr R D,2,12,65,8,2,13,3
UL FS ur L R dr D,2,12,65,8,2,17,4
UL FS ur R L dr D,2,12,65,8,2,17,4
UL L dr FS R ur D,2,12,65,8,2,9,3
UL L dr FS ur D R,2,12,65,8,2,9,3
UL L dr FS ur R D,2,12,65,8,2,11,3
UL L dr R FS ur D,2,12,65,8,2,11,3
UL L dr R ur FS D,2,12,65,8,2,13,3
UL L dr ur D FS R,2,12,65,8,2,9,2
UL L dr ur FS D R,2,12,65,8,2,11,3
UL L dr ur FS R D,2,12,65,8,2,11,3
UL L dr ur R FS D,2,12,65,8,2,11,3
UL L FS dr R ur D,2,12,65,8,2,11,3
UL L FS dr ur D R,2,12,65,8,2,9,2
UL L FS dr ur R D,2,12,65,8,2,11,3
UL L FS R dr ur D,2,12,65,8,2,11,3
UL L FS R ur dr D,2,12,65,8,2,13,3
UL L FS ur D dr R,2,12,65,8,2,13,3
UL L FS ur dr D R,2,12,65,8,2,13,3
UL L FS ur dr R D,2,12,65,8,2,13,3
UL L FS ur R dr D,2,12,65,8,2,15,3
UL L R dr FS ur D,2,12,65,8,2,13,4
UL L R dr ur FS D,2,12,65,8,2,15,4
UL L R FS dr ur D,2,12,65,8,2,11,4
UL L R FS ur dr D,2,12,65,8,2,15,4
UL L R ur dr FS D,2,12,65,8,2,13,4
UL L R ur FS dr D,2,12,65,8,2,15,4
UL L ur D dr FS R,2,12,65,8,2,9,3
UL L ur D FS dr R,2,12,65,8,2,9,3
UL L ur dr D FS R,2,12,65,8,2,11,3
UL L ur dr FS D R,2,12,65,8,2,9,2
UL L ur dr FS R D,2,12,65,8,2,9,2
UL L ur dr R FS D,2,12,65,8,2,11,3
UL L ur FS D dr R,2,12,65,8,2,13,3
UL L ur FS dr D R,2,12,65,8,2,11,3
UL L ur FS dr R D,2,12,65,8,2,11,3
UL L ur FS R dr D,2,12,65,8,2,13,3
UL L ur R dr FS D,2,12,65,8,2,11,3
UL L ur R FS dr D,2,12,65,8,2,11,3
UL R dr L FS ur D,2,12,65,8,2,13,3
UL R dr L ur FS D,2,12,65,8,2,13,3
UL R dr ur L FS D,2,12,65,8,2,13,3
UL R FS L dr ur D,2,12,65,8,2,11,3
UL R FS L ur dr D,2,12,65,8,2,13,3
UL R FS ur L dr D,2,12,65,8,2,13,3
UL R L dr FS ur D,2,12,65,8,2,13,4
UL R L dr ur FS D,2,12,65,8,2,15,4
UL R L FS dr ur D,2,12,65,8,2,13,4
UL R L FS ur dr D,2,12,65,8,2,17,4
UL R L ur dr FS D,2,12,65,8,2,13,4
UL R L ur FS dr D,2,12,65,8,2,15,4
UL R ur dr L FS D,2,12,65,8,2,13,3
UL R ur FS L dr D,2,12,65,8,2,15,3
UL R ur L dr FS D,2,12,65,8,2,11,3
UL R ur L FS dr D,2,12,65,8,2,13,3
UL ur dr L D FS R,2,12,65,8,2,11,2
UL ur dr L FS D R,2,12,65,8,2,11,2
UL ur dr L FS R D,2,12,65,8,2,11,2
UL ur dr L R FS D,2,12,65,8,2,13,4
UL ur dr R L FS D,2,12,65,8,2,15,4
UL ur FS L D dr R,2,12,65,8,2,15,3
UL ur FS L dr D R,2,12,65,8,2,13,3
UL ur FS L dr R D,2,12,65,8,2,13,3
UL ur FS L R dr D,2,12,65,8,2,17,4
UL ur FS R L dr D,2,12,65,8,2,15,4
UL ur L D dr FS R,2,12,65,8,2,11,3
UL ur L D FS dr R,2,12,65,8,2,11,3
UL ur L dr D FS R,2,12,65,8,2,11,3
UL ur L dr FS D R,2,12,65,8,2,9,2
UL ur L dr FS R D,2,12,65,8,2,9,2
UL ur L dr R FS D,2,12,65,8,2,11,3
UL ur L FS D dr R,2,12,65,8,2,13,3
UL ur L FS dr D R,2,12,65,8,2,11,3
UL ur L FS dr R D,2,12,65,8,2,11,3
UL ur L FS R dr D,2,12,65,8,2,13,3
UL ur L R dr FS D,2,12,65,8,2,13,4
UL ur L R FS dr D,2,12,65,8,2,13,4
UL ur R dr L FS D,2,12,65,8,2,13,3
UL ur R FS L dr D,2,12,65,8,2,13,3
UL ur R L dr FS D,2,12,65,8,2,13,4
UL ur R L FS dr D,2,12,65,8,2,15,4
ur dr L UL D FS R,2,12,65,8,2,11,3
ur dr L UL FS D R,2,12,65,8,2,11,3
ur dr L UL FS R D,2,12,65,8,2,11,3
ur dr L UL R FS D,2,12,65,8,2,11,3
ur dr UL L D FS R,2,12,65,8,2,11,2
ur dr UL L FS D R,2,12,65,8,2,11,2
ur dr UL L FS R D,2,12,65,8,2,11,2
ur dr UL L R FS D,2,12,65,8,2,13,4
ur dr UL R L FS D,2,12,65,8,2,15,4
ur FS L UL D dr R,2,12,65,8,2,15,3
ur FS L UL dr D R,2,12,65,8,2,13,3
ur FS L UL dr R D,2,12,65,8,2,13,3
ur FS L UL R dr D,2,12,65,8,2,15,3
ur FS UL L D dr R,2,12,65,8,2,15,3
ur FS UL L dr D R,2,12,65,8,2,13,3
ur FS UL L dr R D,2,12,65,8,2,13,3
ur FS UL L R dr D,2,12,65,8,2,17,4
ur FS UL R L dr D,2,12,65,8,2,17,4
ur L dr UL D FS R,2,12,65,8,2,11,3
ur L dr UL FS D R,2,12,65,8,2,11,3
ur L dr UL FS R D,2,12,65,8,2,11,3
ur L dr UL R FS D,2,12,65,8,2,11,3
ur L FS UL D dr R,2,12,65,8,2,15,3
ur L FS UL dr D R,2,12,65,8,2,13,3
ur L FS UL dr R D,2,12,65,8,2,13,3
ur L FS UL R dr D,2,12,65,8,2,15,3
ur L UL D dr FS R,2,12,65,8,2,11,3
ur L UL D FS dr R,2,12,65,8,2,11,3
ur L UL dr D FS R,2,12,65,8,2,11,3
ur L UL dr FS D R,2,12,65,8,2,9,2
ur L UL dr FS R D,2,12,65,8,2,9,2
ur L UL dr R FS D,2,12,65,8,2,11,3
ur L UL FS D dr R,2,12,65,8,2,13,3
ur L UL FS dr D R,2,12,65,8,2,11,3
ur L UL FS dr R D,2,12,65,8,2,11,3
ur L UL FS R dr D,2,12,65,8,2,13,3
ur L UL R dr FS D,2,12,65,8,2,11,3
ur L UL R FS dr D,2,12,65,8,2,11,3
ur UL dr L D FS R,2,12,65,8,2,11,2
ur UL dr L FS D R,2,12,65,8,2,11,2
ur UL dr L FS R D,2,12,65,8,2,11,2
ur UL dr L R FS D,2,12,65,8,2,13,4
ur UL dr R L FS D,2,12,65,8,2,15,4
ur UL FS L D dr R,2,12,65,8,2,15,3
ur UL FS L dr D R,2,12,65,8,2,13,3
ur UL FS L dr R D,2,12,65,8,2,13,3
ur UL FS L R dr D,2,12,65,8,2,17,4
ur UL FS R L dr D,2,12,65,8,2,15,4
ur UL L D dr FS R,2,12,65,8,2,11,3
ur UL L D FS dr R,2,12,65,8,2,11,3
ur UL L dr D FS R,2,12,65,8,2,11,3
ur UL L dr FS D R,2,12,65,8,2,9,2
ur UL L dr FS R D,2,12,65,8,2,9,2
ur UL L dr R FS D,2,12,65,8,2,11,3
ur UL L FS D dr R,2,12,65,8,2,13,3
ur UL L FS dr D R,2,12,65,8,2,11,3
ur UL L FS dr R D,2,12,65,8,2,11,3
ur UL L FS R dr D,2,12,65,8,2,13,3
ur UL L R dr FS D,2,12,65,8,2,13,4
ur UL L R FS dr D,2,12,65,8,2,13,4
ur UL R dr L FS D,2,12,65,8,2,13,3
ur UL R FS L dr D,2,12,65,8,2,13,3
ur UL R L dr FS D,2,12,65,8,2,13,4
ur UL R L FS dr D,2,12,65,8,2,15,4
D dr FS UL L ur R,2,12,68,8,2,12,3
D dr FS UL R ur L,2,12,68,8,2,14,3
D dr FS UL ur L R,2,12,68,8,2,14,4
D dr FS UL ur R L,2,12,68,8,2,16,4
D dr FS ur UL L R,2,12,68,8,2,14,4
D dr FS ur UL R L,2,12,68,8,2,16,4
D dr UL FS L ur R,2,12,68,8,2,14,3
D dr UL FS R ur L,2,12,68,8,2,14,3
D dr UL FS ur L R,2,12,68,8,2,16,4
D dr UL FS ur R L,2,12,68,8,2,18,4
D dr UL R FS ur L,2,12,68,8,2,14,3
D dr UL R ur FS L,2,12,68,8,2,16,3
D dr UL ur FS L R,2,12,68,8,2,16,4
D dr UL ur FS R L,2,12,68,8,2,16,4
D dr UL ur L FS R,2,12,68,8,2,12,3
D dr UL ur R FS L,2,12,68,8,2,14,3
D dr ur FS UL L R,2,12,68,8,2,16,4
D dr ur FS UL R L,2,12,68,8,2,18,4
D dr ur UL FS L R,2,12,68,8,2,16,4
D dr ur UL FS R L,2,12,68,8,2,16,4
D dr ur UL L FS R,2,12,68,8,2,12,3
D dr ur UL R FS L,2,12,68,8,2,14,3
D FS dr UL L ur R,2,12,68,8,2,10,3
D FS dr UL R ur L,2,12,68,8,2,12,3
D FS dr UL ur L R,2,12,68,8,2,12,4
D FS dr UL ur R L,2,12,68,8,2,14,4
D FS dr ur UL L R,2,12,68,8,2,12,4
D FS dr ur UL R L,2,12,68,8,2,14,4
D FS UL dr L ur R,2,12,68,8,2,12,3
D FS UL dr R ur L,2,12,68,8,2,14,3
D FS UL dr ur L R,2,12,68,8,2,14,4
D FS UL dr ur R L,2,12,68,8,2,16,4
D FS UL R dr ur L,2,12,68,8,2,14,3
D FS UL R ur dr L,2,12,68,8,2,14,3
D FS UL ur dr L R,2,12,68,8,2,14,4
D FS UL ur dr R L,2,12,68,8,2,16,4
D FS UL ur L dr R,2,12,68,8,2,12,3
D FS UL ur R dr L,2,12,68,8,2,14,3
D FS ur dr UL L R,2,12,68,8,2,14,4
D FS ur dr UL R L,2,12,68,8,2,16,4
D FS ur UL dr L R,2,12,68,8,2,14,4
D FS ur UL dr R L,2,12,68,8,2,16,4
D FS ur UL L dr R,2,12,68,8,2,12,3
D FS ur UL R dr L,2,12,68,8,2,14,3
D UL dr FS L ur R,2,12,68,8,2,12,3
D UL dr FS R ur L,2,12,68,8,2,12,3
D UL dr FS ur L R,2,12,68,8,2,14,4
D UL dr FS ur R L,2,12,68,8,2,16,4
D UL dr R FS ur L,2,12,68,8,2,14,3
D UL dr R ur FS L,2,12,68,8,2,16,3
D UL dr ur FS L R,2,12,68,8,2,16,4
D UL dr ur FS R L,2,12,68,8,2,16,4
D UL dr ur L FS R,2,12,68,8,2,12,3
D UL dr ur R FS L,2,12,68,8,2,14,3
D UL FS dr L ur R,2,12,68,8,2,12,3
D UL FS dr R ur L,2,12,68,8,2,14,3
D UL FS dr ur L R,2,12,68,8,2,14,4
D UL FS dr ur R L,2,12,68,8,2,16,4
D UL FS R dr ur L,2,12,68,8,2,14,3
D UL FS R ur dr L,2,12,68,8,2,14,3
D UL FS ur dr L R,2,12,68,8,2,16,4
D UL FS ur dr R L,2,12,68,8,2,18,4
D UL FS ur L dr R,2,12,68,8,2,14,3
D UL FS ur R dr L,2,12,68,8,2,16,3
D UL R dr FS ur L,2,12,68,8,2,14,3
D UL R dr ur FS L,2,12,68,8,2,16,3
D UL R FS dr ur L,2,12,68,8,2,12,3
D UL R FS ur dr L,2,12,68,8,2,14,3
D UL R ur dr FS L,2,12,68,8,2,14,3
D UL R ur FS dr L,2,12,68,8,2,14,3
D UL ur dr FS L R,2,12,68,8,2,14,4
D UL ur dr FS R L,2,12,68,8,2,14,4
D UL ur dr L FS R,2,12,68,8,2,12,3
D UL ur dr R FS L,2,12,68,8,2,14,3
D UL ur FS dr L R,2,12,68,8,2,14,4
D UL ur FS dr R L,2,12,68,8,2,16,4
D UL ur FS L dr R,2,12,68,8,2,14,3
D UL ur FS R dr L,2,12,68,8,2,14,3
D UL ur L dr FS R,2,12,68,8,2,10,3
D UL ur L FS dr R,2,12,68,8,2,12,3
D UL ur R dr FS L,2,12,68,8,2,14,3
D UL ur R FS dr L,2,12,68,8,2,12,3
D ur dr FS UL L R,2,12,68,8,2,12,4
D ur dr FS UL R L,2,12,68,8,2,14,4
D ur dr UL FS L R,2,12,68,8,2,14,4
D ur dr UL FS R L,2,12,68,8,2,14,4
D ur dr UL L FS R,2,12,68,8,2,10,2
D ur dr UL R FS L,2,12,68,8,2,12,3
D ur FS dr UL L R,2,12,68,8,2,12,4
D ur FS dr UL R L,2,12,68,8,2,14,4
D ur FS UL dr L R,2,12,68,8,2,14,4
D ur FS UL dr R L,2,12,68,8,2,16,4
D ur FS UL L dr R,2,12,68,8,2,12,3
D ur FS UL R dr L,2,12,68,8,2,14,3
D ur UL dr FS L R,2,12,68,8,2,12,4
D ur UL dr FS R L,2,12,68,8,2,12,4
D ur UL dr L FS R,2,12,68,8,2,10,2
D ur UL dr R FS L,2,12,68,8,2,12,3
D ur UL FS dr L R,2,12,68,8,2,12,4
D ur UL FS dr R L,2,12,68,8,2,14,4
D ur UL FS L dr R,2,12,68,8,2,12,3
D ur UL FS R dr L,2,12,68,8,2,12,3
D ur UL L dr FS R,2,12,68,8,2,8,2
D ur UL L FS dr R,2,12,68,8,2,10,3
D ur UL R dr FS L,2,12,68,8,2,12,3
D ur UL R FS dr L,2,12,68,8,2,10,3
dr D FS UL L ur R,2,12,68,8,2,13,3
dr D FS UL R ur L,2,12,68,8,2,15,3
dr D FS UL ur L R,2,12,68,8,2,15,4
dr D FS UL ur R L,2,12,68,8,2,17,4
dr D FS ur UL L R,2,12,68,8,2,15,4
dr D FS ur UL R L,2,12,68,8,2,17,4
dr D UL FS L ur R,2,12,68,8,2,15,3
dr D UL FS R ur L,2,12,68,8,2,15,3
dr D UL FS ur L R,2,12,68,8,2,17,4
dr D UL FS ur R L,2,12,68,8,2,19,4
dr D UL R FS ur L,2,12,68,8,2,15,3
dr D UL R ur FS L,2,12,68,8,2,17,3
dr D UL ur FS L R,2,12,68,8,2,17,4
dr D UL ur FS R L,2,12,68,8,2,17,4
dr D UL ur L FS R,2,12,68,8,2,13,3
dr D UL ur R FS L,2,12,68,8,2,15,3
dr D ur FS UL L R,2,12,68,8,2,15,4
dr D ur FS UL R L,2,12,68,8,2,17,4
dr D ur UL FS L R,2,12,68,8,2,15,4
dr D ur UL FS R L,2,12,68,8,2,15,4
dr D ur UL L FS R,2,12,68,8,2,11,3
dr D ur UL R FS L,2,12,68,8,2,13,3
dr FS D UL L ur R,2,12,68,8,2,11,3
dr FS D UL R ur L,2,12,68,8,2,13,3
dr FS D UL ur L R,2,12,68,8,2,13,4
dr FS D UL ur R L,2,12,68,8,2,15,4
dr FS D ur UL L R,2,12,68,8,2,11,4
dr FS D ur UL R L,2,12,68,8,2,13,4
dr FS UL D L ur R,2,12,68,8,2,13,3
dr FS UL D R ur L,2,12,68,8,2,13,3
dr FS UL D ur L R,2,12,68,8,2,13,4
dr FS UL D ur R L,2,12,68,8,2,15,4
dr FS UL L D ur R,2,12,68,8,2,11,3
dr FS UL ur D L R,2,12,68,8,2,13,4
dr FS UL ur D R L,2,12,68,8,2,13,4
dr FS ur D UL L R,2,12,68,8,2,13,4
dr FS ur D UL R L,2,12,68,8,2,15,4
dr FS ur UL D L R,2,12,68,8,2,15,4
dr FS ur UL D R L,2,12,68,8,2,15,4
dr UL D FS L ur R,2,12,68,8,2,13,3
dr UL D FS R ur L,2,12,68,8,2,13,3
dr UL D FS ur L R,2,12,68,8,2,15,4
dr UL D FS ur R L,2,12,68,8,2,17,4
dr UL D R FS ur L,2,12,68,8,2,13,3
dr UL D R ur FS L,2,12,68,8,2,15,3
dr UL D ur FS L R,2,12,68,8,2,15,4
dr UL D ur FS R L,2,12,68,8,2,15,4
dr UL D ur L FS R,2,12,68,8,2,11,3
dr UL D ur R FS L,2,12,68,8,2,13,3
dr UL FS D L ur R,2,12,68,8,2,13,3
dr UL FS D R ur L,2,12,68,8,2,13,3
dr UL FS D ur L R,2,12,68,8,2,13,4
dr UL FS D ur R L,2,12,68,8,2,15,4
dr UL FS L D ur R,2,12,68,8,2,13,3
dr UL FS ur D L R,2,12,68,8,2,15,4
dr UL FS ur D R L,2,12,68,8,2,15,4
dr UL R D FS ur L,2,12,68,8,2,13,3
dr UL R D ur FS L,2,12,68,8,2,13,3
dr UL R ur D FS L,2,12,68,8,2,13,3
dr UL ur D FS L R,2,12,68,8,2,13,4
dr UL ur D FS R L,2,12,68,8,2,13,4
dr UL ur D L FS R,2,12,68,8,2,11,2
dr UL ur D R FS L,2,12,68,8,2,11,2
dr UL ur FS D L R,2,12,68,8,2,15,4
dr UL ur FS D R L,2,12,68,8,2,15,4
dr UL ur R D FS L,2,12,68,8,2,13,3
dr ur D FS UL L R,2,12,68,8,2,13,4
dr ur D FS UL R L,2,12,68,8,2,15,4
dr ur D UL FS L R,2,12,68,8,2,15,4
dr ur D UL FS R L,2,12,68,8,2,15,4
dr ur D UL L FS R,2,12,68,8,2,11,3
dr ur D UL R FS L,2,12,68,8,2,13,3
dr ur FS D UL L R,2,12,68,8,2,15,4
dr ur FS D UL R L,2,12,68,8,2,17,4
dr ur FS UL D L R,2,12,68,8,2,17,4
dr ur FS UL D R L,2,12,68,8,2,17,4
dr ur UL D FS L R,2,12,68,8,2,15,4
dr ur UL D FS R L,2,12,68,8,2,15,4
dr ur UL D L FS R,2,12,68,8,2,13,3
dr ur UL D R FS L,2,12,68,8,2,13,3
dr ur UL FS D L R,2,12,68,8,2,15,4
dr ur UL FS D R L,2,12,68,8,2,15,4
dr ur UL R D FS L,2,12,68,8,2,13,3
FS D dr UL L ur R,2,12,68,8,2,12,3
FS D dr UL R ur L,2,12,68,8,2,14,3
FS D dr UL ur L R,2,12,68,8,2,14,4
FS D dr UL ur R L,2,12,68,8,2,16,4
FS D dr ur UL L R,2,12,68,8,2,14,4
FS D dr ur UL R L,2,12,68,8,2,16,4
FS D UL dr L ur R,2,12,68,8,2,12,3
FS D UL dr R ur L,2,12,68,8,2,14,3
FS D UL dr ur L R,2,12,68,8,2,14,4
FS D UL dr ur R L,2,12,68,8,2,16,4
FS D UL R dr ur L,2,12,68,8,2,14,3
FS D UL R ur dr L,2,12,68,8,2,14,3
FS D UL ur dr L R,2,12,68,8,2,14,4
FS D UL ur dr R L,2,12,68,8,2,16,4
FS D UL ur L dr R,2,12,68,8,2,12,3
FS D UL ur R dr L,2,12,68,8,2,14,3
FS D ur dr UL L R,2,12,68,8,2,12,4
FS D ur dr UL R L,2,12,68,8,2,14,4
FS D ur UL dr L R,2,12,68,8,2,12,4
FS D ur UL dr R L,2,12,68,8,2,14,4
FS D ur UL L dr R,2,12,68,8,2,10,3
FS D ur UL R dr L,2,12,68,8,2,12,3
FS dr D UL L ur R,2,12,68,8,2,12,3
FS dr D UL R ur L,2,12,68,8,2,14,3
FS dr D UL ur L R,2,12,68,8,2,14,4
FS dr D UL ur R L,2,12,68,8,2,16,4
FS dr D ur UL L R,2,12,68,8,2,12,4
FS dr D ur UL R L,2,12,68,8,2,14,4
FS dr UL D L ur R,2,12,68,8,2,12,3
FS dr UL D R ur L,2,12,68,8,2,12,3
FS dr UL D ur L R,2,12,68,8,2,12,4
FS dr UL D ur R L,2,12,68,8,2,14,4
FS dr UL L D ur R,2,12,68,8,2,10,3
FS dr UL ur D L R,2,12,68,8,2,12,4
FS dr UL ur D R L,2,12,68,8,2,12,4
FS dr ur D UL L R,2,12,68,8,2,12,4
FS dr ur D UL R L,2,12,68,8,2,14,4
FS dr ur UL D L R,2,12,68,8,2,14,4
FS dr ur UL D R L,2,12,68,8,2,14,4
FS UL D dr L ur R,2,12,68,8,2,14,3
FS UL D dr R ur L,2,12,68,8,2,16,3
FS UL D dr ur L R,2,12,68,8,2,16,4
FS UL D dr ur R L,2,12,68,8,2,18,4
FS UL D R dr ur L,2,12,68,8,2,14,3
FS UL D R ur dr L,2,12,68,8,2,14,3
FS UL D ur dr L R,2,12,68,8,2,14,4
FS UL D ur dr R L,2,12,68,8,2,16,4
FS UL D ur L dr R,2,12,68,8,2,12,3
FS UL D ur R dr L,2,12,68,8,2,14,3
FS UL dr D L ur R,2,12,68,8,2,14,3
FS UL dr D R ur L,2,12,68,8,2,14,3
FS UL dr D ur L R,2,12,68,8,2,14,4
FS UL dr D ur R L,2,12,68,8,2,16,4
FS UL dr L D ur R,2,12,68,8,2,12,3
FS UL dr ur D L R,2,12,68,8,2,14,4
FS UL dr ur D R L,2,12,68,8,2,14,4
FS UL ur D dr L R,2,12,68,8,2,14,4
FS UL ur D dr R L,2,12,68,8,2,16,4
FS UL ur D L dr R,2,12,68,8,2,12,3
FS UL ur D R dr L,2,12,68,8,2,12,3
FS UL ur dr D L R,2,12,68,8,2,16,4
FS UL ur dr D R L,2,12,68,8,2,16,4
FS ur D dr UL L R,2,12,68,8,2,14,4
FS ur D dr UL R L,2,12,68,8,2,16,4
FS ur D UL dr L R,2,12,68,8,2,14,4
FS ur D UL dr R L,2,12,68,8,2,16,4
FS ur D UL L dr R,2,12,68,8,2,12,3
FS ur D UL R dr L,2,12,68,8,2,14,3
FS ur dr D UL L R,2,12,68,8,2,16,4
FS ur dr D UL R L,2,12,68,8,2,18,4
FS ur dr UL D L R,2,12,68,8,2,16,4
FS ur dr UL D R L,2,12,68,8,2,16,4
FS ur UL D dr L R,2,12,68,8,2,16,4
FS ur UL D dr R L,2,12,68,8,2,18,4
FS ur UL D L dr R,2,12,68,8,2,14,3
FS ur UL D R dr L,2,12,68,8,2,14,3
FS ur UL dr D L R,2,12,68,8,2,16,4
FS ur UL dr D R L,2,12,68,8,2,16,4
UL D dr FS L ur R,2,12,68,8,2,13,3
UL D dr FS R ur L,2,12,68,8,2,13,3
UL D dr FS ur L R,2,12,68,8,2,15,4
UL D dr FS ur R L,2,12,68,8,2,17,4
UL D dr R FS ur L,2,12,68,8,2,15,3
UL D dr R ur FS L,2,12,68,8,2,17,3
UL D dr ur FS L R,2,12,68,8,2,17,4
UL D dr ur FS R L,2,12,68,8,2,17,4
UL D dr ur L FS R,2,12,68,8,2,13,3
UL D dr ur R FS L,2,12,68,8,2,15,3
UL D FS dr L ur R,2,12,68,8,2,11,3
UL D FS dr R ur L,2,12,68,8,2,13,3
UL D FS dr ur L R,2,12,68,8,2,13,4
UL D FS dr ur R L,2,12,68,8,2,15,4
UL D FS R dr ur L,2,12,68,8,2,13,3
UL D FS R ur dr L,2,12,68,8,2,13,3
UL D FS ur dr L R,2,12,68,8,2,15,4
UL D FS ur dr R L,2,12,68,8,2,17,4
UL D FS ur L dr R,2,12,68,8,2,13,3
UL D FS ur R dr L,2,12,68,8,2,15,3
UL D R dr FS ur L,2,12,68,8,2,13,3
UL D R dr ur FS L,2,12,68,8,2,15,3
UL D R FS dr ur L,2,12,68,8,2,11,3
UL D R FS ur dr L,2,12,68,8,2,13,3
UL D R ur dr FS L,2,12,68,8,2,13,3
UL D R ur FS dr L,2,12,68,8,2,13,3
UL D ur dr FS L R,2,12,68,8,2,13,4
UL D ur dr FS R L,2,12,68,8,2,13,4
UL D ur dr L FS R,2,12,68,8,2,11,3
UL D ur dr R FS L,2,12,68,8,2,13,3
UL D ur FS dr L R,2,12,68,8,2,13,4
UL D ur FS dr R L,2,12,68,8,2,15,4
UL D ur FS L dr R,2,12,68,8,2,13,3
UL D ur FS R dr L,2,12,68,8,2,13,3
UL D ur L dr FS R,2,12,68,8,2,9,3
UL D ur L FS dr R,2,12,68,8,2,11,3
UL D ur R dr FS L,2,12,68,8,2,13,3
UL D ur R FS dr L,2,12,68,8,2,11,3
UL dr D FS L ur R,2,12,68,8,2,13,3
UL dr D FS R ur L,2,12,68,8,2,13,3
UL dr D FS ur L R,2,12,68,8,2,15,4
UL dr D FS ur R L,2,12,68,8,2,17,4
UL dr D R FS ur L,2,12,68,8,2,13,3
UL dr D R ur FS L,2,12,68,8,2,15,3
UL dr D ur FS L R,2,12,68,8,2,15,4
UL dr D ur FS R L,2,12,68,8,2,15,4
UL dr D ur L FS R,2,12,68,8,2,11,3
UL dr D ur R FS L,2,12,68,8,2,13,3
UL dr FS D L ur R,2,12,68,8,2,11,3
UL dr FS D R ur L,2,12,68,8,2,11,3
UL dr FS D ur L R,2,12,68,8,2,11,4
UL dr FS D ur R L,2,12,68,8,2,13,4
UL dr FS L D ur R,2,12,68,8,2,11,3
UL dr FS ur D L R,2,12,68,8,2,13,4
UL dr FS ur D R L,2,12,68,8,2,13,4
UL dr R D FS ur L,2,12,68,8,2,13,3
UL dr R D ur FS L,2,12,68,8,2,13,3
UL dr R ur D FS L,2,12,68,8,2,13,3
UL dr ur D FS L R,2,12,68,8,2,13,4
UL dr ur D FS R L,2,12,68,8,2,13,4
UL dr ur D L FS R,2,12,68,8,2,11,2
UL dr ur D R FS L,2,12,68,8,2,11,2
UL dr ur FS D L R,2,12,68,8,2,15,4
UL dr ur FS D R L,2,12,68,8,2,15,4
UL dr ur R D FS L,2,12,68,8,2,13,3
UL FS D dr L ur R,2,12,68,8,2,13,3
UL FS D dr R ur L,2,12,68,8,2,15,3
UL FS D dr ur L R,2,12,68,8,2,15,4
UL FS D dr ur R L,2,12,68,8,2,17,4
UL FS D R dr ur L,2,12,68,8,2,13,3
UL FS D R ur dr L,2,12,68,8,2,13,3
UL FS D ur dr L R,2,12,68,8,2,13,4
UL FS D ur dr R L,2,12,68,8,2,15,4
UL FS D ur L dr R,2,12,68,8,2,11,3
UL FS D ur R dr L,2,12,68,8,2,13,3
UL FS dr D L ur R,2,12,68,8,2,13,3
UL FS dr D R ur L,2,12,68,8,2,13,3
UL FS dr D ur L R,2,12,68,8,2,13,4
UL FS dr D ur R L,2,12,68,8,2,15,4
UL FS dr L D ur R,2,12,68,8,2,11,3
UL FS dr ur D L R,2,12,68,8,2,13,4
UL FS dr ur D R L,2,12,68,8,2,13,4
UL FS ur D dr L R,2,12,68,8,2,15,4
UL FS ur D dr R L,2,12,68,8,2,17,4
UL FS ur D L dr R,2,12,68,8,2,13,3
UL FS ur D R dr L,2,12,68,8,2,13,3
UL FS ur dr D L R,2,12,68,8,2,17,4
UL FS ur dr D R L,2,12,68,8,2,17,4
UL R D dr FS ur L,2,12,68,8,2,13,3
UL R D dr ur FS L,2,12,68,8,2,15,3
UL R D FS dr ur L,2,12,68,8,2,11,3
UL R D FS ur dr L,2,12,68,8,2,13,3
UL R D ur dr FS L,2,12,68,8,2,11,3
UL R D ur FS dr L,2,12,68,8,2,11,3
UL R dr D FS ur L,2,12,68,8,2,15,3
UL R dr D ur FS L,2,12,68,8,2,15,3
UL R dr ur D FS L,2,12,68,8,2,13,3
UL R ur D dr FS L,2,12,68,8,2,13,3
UL R ur D FS dr L,2,12,68,8,2,11,3
UL R ur dr D FS L,2,12,68,8,2,15,3
UL ur D dr FS L R,2,12,68,8,2,13,4
UL ur D dr FS R L,2,12,68,8,2,13,4
UL ur D dr L FS R,2,12,68,8,2,11,3
UL ur D dr R FS L,2,12,68,8,2,13,3
UL ur D FS dr L R,2,12,68,8,2,11,4
UL ur D FS dr R L,2,12,68,8,2,13,4
UL ur D FS L dr R,2,12,68,8,2,11,3
UL ur D FS R dr L,2,12,68,8,2,11,3
UL ur D L dr FS R,2,12,68,8,2,9,2
UL ur D L FS dr R,2,12,68,8,2,11,3
UL ur D R dr FS L,2,12,68,8,2,11,3
UL ur D R FS dr L,2,12,68,8,2,9,2
UL ur dr D FS L R,2,12,68,8,2,15,4
UL ur dr D FS R L,2,12,68,8,2,15,4
UL ur dr D L FS R,2,12,68,8,2,13,3
UL ur dr D R FS L,2,12,68,8,2,13,3
UL ur dr FS D L R,2,12,68,8,2,13,4
UL ur dr FS D R L,2,12,68,8,2,13,4
UL ur dr R D FS L,2,12,68,8,2,13,3
UL ur FS D dr L R,2,12,68,8,2,15,4
UL ur FS D dr R L,2,12,68,8,2,17,4
UL ur FS D L dr R,2,12,68,8,2,13,3
UL ur FS D R dr L,2,12,68,8,2,13,3
UL ur FS dr D L R,2,12,68,8,2,15,4
UL ur FS dr D R L,2,12,68,8,2,15,4
UL ur R D dr FS L,2,12,68,8,2,13,3
UL ur R D FS dr L,2,12,68,8,2,11,3
UL ur R dr D FS L,2,12,68,8,2,15,3
ur D dr FS UL L R,2,12,68,8,2,13,4
ur D dr FS UL R L,2,12,68,8,2,15,4
ur D dr UL FS L R,2,12,68,8,2,15,4
ur D dr UL FS R L,2,12,68,8,2,15,4
ur D dr UL L FS R,2,12,68,8,2,11,3
ur D dr UL R FS L,2,12,68,8,2,13,3
ur D FS dr UL L R,2,12,68,8,2,11,4
ur D FS dr UL R L,2,12,68,8,2,13,4
ur D FS UL dr L R,2,12,68,8,2,13,4
ur D FS UL dr R L,2,12,68,8,2,15,4
ur D FS UL L dr R,2,12,68,8,2,11,3
ur D FS UL R dr L,2,12,68,8,2,13,3
ur D UL dr FS L R,2,12,68,8,2,13,4
ur D UL dr FS R L,2,12,68,8,2,13,4
ur D UL dr L FS R,2,12,68,8,2,11,3
ur D UL dr R FS L,2,12,68,8,2,13,3
ur D UL FS dr L R,2,12,68,8,2,13,4
ur D UL FS dr R L,2,12,68,8,2,15,4
ur D UL FS L dr R,2,12,68,8,2,13,3
ur D UL FS R dr L,2,12,68,8,2,13,3
ur D UL L dr FS R,2,12,68,8,2,9,3
ur D UL L FS dr R,2,12,68,8,2,11,3
ur D UL R dr FS L,2,12,68,8,2,13,3
ur D UL R FS dr L,2,12,68,8,2,11,3
ur dr D FS UL L R,2,12,68,8,2,15,4
ur dr D FS UL R L,2,12,68,8,2,17,4
ur dr D UL FS L R,2,12,68,8,2,17,4
ur dr D UL FS R L,2,12,68,8,2,17,4
ur dr D UL L FS R,2,12,68,8,2,13,3
ur dr D UL R FS L,2,12,68,8,2,15,3
ur dr FS D UL L R,2,12,68,8,2,13,4
ur dr FS D UL R L,2,12,68,8,2,15,4
ur dr FS UL D L R,2,12,68,8,2,15,4
ur dr FS UL D R L,2,12,68,8,2,15,4
ur dr UL D FS L R,2,12,68,8,2,15,4
ur dr UL D FS R L,2,12,68,8,2,15,4
ur dr UL D L FS R,2,12,68,8,2,13,3
ur dr UL D R FS L,2,12,68,8,2,13,3
ur dr UL FS D L R,2,12,68,8,2,15,4
ur dr UL FS D R L,2,12,68,8,2,15,4
ur dr UL R D FS L,2,12,68,8,2,13,3
ur FS D dr UL L R,2,12,68,8,2,15,4
ur FS D dr UL R L,2,12,68,8,2,17,4
ur FS D UL dr L R,2,12,68,8,2,15,4
ur FS D UL dr R L,2,12,68,8,2,17,4
ur FS D UL L dr R,2,12,68,8,2,13,3
ur FS D UL R dr L,2,12,68,8,2,15,3
ur FS dr D UL L R,2,12,68,8,2,15,4
ur FS dr D UL R L,2,12,68,8,2,17,4
ur FS dr UL D L R,2,12,68,8,2,15,4
ur FS dr UL D R L,2,12,68,8,2,15,4
ur FS UL D dr L R,2,12,68,8,2,17,4
ur FS UL D dr R L,2,12,68,8,2,19,4
ur FS UL D L dr R,2,12,68,8,2,15,3
ur FS UL D R dr L,2,12,68,8,2,15,3
ur FS UL dr D L R,2,12,68,8,2,17,4
ur FS UL dr D R L,2,12,68,8,2,17,4
ur UL D dr FS L R,2,12,68,8,2,15,4
ur UL D dr FS R L,2,12,68,8,2,15,4
ur UL D dr L FS R,2,12,68,8,2,13,3
ur UL D dr R FS L,2,12,68,8,2,15,3
ur UL D FS dr L R,2,12,68,8,2,13,4
ur UL D FS dr R L,2,12,68,8,2,15,4
ur UL D FS L dr R,2,12,68,8,2,13,3
ur UL D FS R dr L,2,12,68,8,2,13,3
ur UL D L dr FS R,2,12,68,8,2,11,3
ur UL D L FS dr R,2,12,68,8,2,13,3
ur UL D R dr FS L,2,12,68,8,2,13,3
ur UL D R FS dr L,2,12,68,8,2,11,3
ur UL dr D FS L R,2,12,68,8,2,15,4
ur UL dr D FS R L,2,12,68,8,2,15,4
ur UL dr D L FS R,2,12,68,8,2,13,3
ur UL dr D R FS L,2,12,68,8,2,13,3
ur UL dr FS D L R,2,12,68,8,2,13,4
ur UL dr FS D R L,2,12,68,8,2,13,4
ur UL dr R D FS L,2,12,68,8,2,13,3
ur UL FS D dr L R,2,12,68,8,2,15,4
ur UL FS D dr R L,2,12,68,8,2,17,4
ur UL FS D L dr R,2,12,68,8,2,13,3
ur UL FS D R dr L,2,12,68,8,2,13,3
ur UL FS dr D L R,2,12,68,8,2,15,4
ur UL FS dr D R L,2,12,68,8,2,15,4
ur UL R D dr FS L,2,12,68,8,2,13,3
ur UL R D FS dr L,2,12,68,8,2,11,3
ur UL R dr D FS L,2,12,68,8,2,15,3
D dr FS L R ur UL,2,12,71,8,2,15,4
D dr FS L UL ur R,2,12,71,8,2,12,3
D dr FS L ur R UL,2,12,71,8,2,13,3
D dr FS L ur UL R,2,12,71,8,2,12,3
D dr FS R L ur UL,2,12,71,8,2,13,4
D dr FS R ur L UL,2,12,71,8,2,11,3
D dr FS ur L R UL,2,12,71,8,2,15,4
D dr FS ur L UL R,2,12,71,8,2,12,3
D dr FS ur R L UL,2,12,71,8,2,15,4
D dr L FS R ur UL,2,12,71,8,2,13,3
D dr L FS UL ur R,2,12,71,8,2,14,3
D dr L FS ur R UL,2,12,71,8,2,15,3
D dr L FS ur UL R,2,12,71,8,2,14,3
D dr L ur FS R UL,2,12,71,8,2,13,3
D dr L ur FS UL R,2,12,71,8,2,14,3
D dr L ur UL FS R,2,12,71,8,2,12,3
D dr ur FS L R UL,2,12,71,8,2,17,4
D dr ur FS L UL R,2,12,71,8,2,14,3
D dr ur FS R L UL,2,12,71,8,2,15,4
D dr ur L FS R UL,2,12,71,8,2,13,3
D dr ur L FS UL R,2,12,71,8,2,14,3
D dr ur L UL FS R,2,12,71,8,2,12,3
D FS dr L R ur UL,2,12,71,8,2,13,4
D FS dr L UL ur R,2,12,71,8,2,10,3
D FS dr L ur R UL,2,12,71,8,2,11,3
D FS dr L ur UL R,2,12,71,8,2,10,3
D FS dr R L ur UL,2,12,71,8,2,13,4
D FS dr R ur L UL,2,12,71,8,2,11,3
D FS dr ur L R UL,2,12,71,8,2,13,4
D FS dr ur L UL R,2,12,71,8,2,10,3
D FS dr ur R L UL,2,12,71,8,2,13,4
D FS L dr R ur UL,2,12,71,8,2,13,3
D FS L dr UL ur R,2,12,71,8,2,12,3
D FS L dr ur R UL,2,12,71,8,2,13,3
D FS L dr ur UL R,2,12,71,8,2,12,3
D FS L R dr ur UL,2,12,71,8,2,15,4
D FS L R ur dr UL,2,12,71,8,2,15,4
D FS L ur dr R UL,2,12,71,8,2,13,3
D FS L ur dr UL R,2,12,71,8,2,12,3
D FS L ur R dr UL,2,12,71,8,2,13,3
D FS L ur UL dr R,2,12,71,8,2,12,3
D FS R dr L ur UL,2,12,71,8,2,11,3
D FS R dr ur L UL,2,12,71,8,2,11,3
D FS R L dr ur UL,2,12,71,8,2,13,4
D FS R L ur dr UL,2,12,71,8,2,13,4
D FS R ur dr L UL,2,12,71,8,2,11,3
D FS R ur L dr UL,2,12,71,8,2,11,3
D FS ur dr L R UL,2,12,71,8,2,15,4
D FS ur dr L UL R,2,12,71,8,2,12,3
D FS ur dr R L UL,2,12,71,8,2,15,4
D FS ur L dr R UL,2,12,71,8,2,13,3
D FS ur L dr UL R,2,12,71,8,2,12,3
D FS ur L R dr UL,2,12,71,8,2,15,4
D FS ur L UL dr R,2,12,71,8,2,12,3
D FS ur R dr L UL,2,12,71,8,2,13,3
D FS ur R L dr UL,2,12,71,8,2,15,4
D L dr FS R ur UL,2,12,71,8,2,11,3
D L dr FS UL ur R,2,12,71,8,2,12,3
D L dr FS ur R UL,2,12,71,8,2,13,3
D L dr FS ur UL R,2,12,71,8,2,12,3
D L dr ur FS R UL,2,12,71,8,2,13,3
D L dr ur FS UL R,2,12,71,8,2,14,3
D L dr ur UL FS R,2,12,71,8,2,12,3
D L FS dr R ur UL,2,12,71,8,2,13,3
D L FS dr UL ur R,2,12,71,8,2,12,3
D L FS dr ur R UL,2,12,71,8,2,13,3
D L FS dr ur UL R,2,12,71,8,2,12,3
D L FS R dr ur UL,2,12,71,8,2,13,3
D L FS R ur dr UL,2,12,71,8,2,13,3
D L FS ur dr R UL,2,12,71,8,2,15,3
D L FS ur dr UL R,2,12,71,8,2,14,3
D L FS ur R dr UL,2,12,71,8,2,15,3
D L FS ur UL dr R,2,12,71,8,2,14,3
D L ur dr FS R UL,2,12,71,8,2,11,3
D L ur dr FS UL R,2,12,71,8,2,12,3
D L ur dr UL FS R,2,12,71,8,2,12,3
D L ur FS dr R UL,2,12,71,8,2,13,3
D L ur FS dr UL R,2,12,71,8,2,12,3
D L ur FS R dr UL,2,12,71,8,2,13,3
D L ur FS UL dr R,2,12,71,8,2,14,3
D L ur UL dr FS R,2,12,71,8,2,10,2
D L ur UL FS dr R,2,12,71,8,2,12,3
D ur dr FS L R UL,2,12,71,8,2,13,4
D ur dr FS L UL R,2,12,71,8,2,10,3
D ur dr FS R L UL,2,12,71,8,2,11,4
D ur dr L FS R UL,2,12,71,8,2,11,3
D ur dr L FS UL R,2,12,71,8,2,12,3
D ur dr L UL FS R,2,12,71,8,2,10,3
D ur FS dr L R UL,2,12,71,8,2,13,4
D ur FS dr L UL R,2,12,71,8,2,10,3
D ur FS dr R L UL,2,12,71,8,2,13,4
D ur FS L dr R UL,2,12,71,8,2,13,3
D ur FS L dr UL R,2,12,71,8,2,12,3
D ur FS L R dr UL,2,12,71,8,2,15,4
D ur FS L UL dr R,2,12,71,8,2,12,3
D ur FS R dr L UL,2,12,71,8,2,11,3
D ur FS R L dr UL,2,12,71,8,2,13,4
D ur L dr FS R UL,2,12,71,8,2,9,3
D ur L dr FS UL R,2,12,71,8,2,10,3
D ur L dr UL FS R,2,12,71,8,2,10,3
D ur L FS dr R UL,2,12,71,8,2,11,3
D ur L FS dr UL R,2,12,71,8,2,10,3
D ur L FS R dr UL,2,12,71,8,2,11,3
D ur L FS UL dr R,2,12,71,8,2,12,3
D ur L UL dr FS R,2,12,71,8,2,8,2
D ur L UL FS dr R,2,12,71,8,2,10,3
dr D FS L R ur UL,2,12,71,8,2,16,4
dr D FS L UL ur R,2,12,71,8,2,13,3
dr D FS L ur R UL,2,12,71,8,2,14,3
dr D FS L ur UL R,2,12,71,8,2,13,3
dr D FS R L ur UL,2,12,71,8,2,14,4
dr D FS R ur L UL,2,12,71,8,2,12,3
dr D FS ur L R UL,2,12,71,8,2,16,4
dr D FS ur L UL R,2,12,71,8,2,13,3
dr D FS ur R L UL,2,12,71,8,2,16,4
dr D L FS R ur UL,2,12,71,8,2,14,3
dr D L FS UL ur R,2,12,71,8,2,15,3
dr D L FS ur R UL,2,12,71,8,2,16,3
dr D L FS ur UL R,2,12,71,8,2,15,3
dr D L ur FS R UL,2,12,71,8,2,14,3
dr D L ur FS UL R,2,12,71,8,2,15,3
dr D L ur UL FS R,2,12,71,8,2,13,3
dr D ur FS L R UL,2,12,71,8,2,16,4
dr D ur FS L UL R,2,12,71,8,2,13,3
dr D ur FS R L UL,2,12,71,8,2,14,4
dr D ur L FS R UL,2,12,71,8,2,12,3
dr D ur L FS UL R,2,12,71,8,2,13,3
dr D ur L UL FS R,2,12,71,8,2,11,3
dr FS D L R ur UL,2,12,71,8,2,14,4
dr FS D L UL ur R,2,12,71,8,2,11,3
dr FS D L ur R UL,2,12,71,8,2,12,3
dr FS D L ur UL R,2,12,71,8,2,11,3
dr FS D R L ur UL,2,12,71,8,2,12,4
dr FS D R ur L UL,2,12,71,8,2,10,3
dr FS D ur L R UL,2,12,71,8,2,12,4
dr FS D ur L UL R,2,12,71,8,2,9,3
dr FS D ur R L UL,2,12,71,8,2,12,4
dr FS L D R ur UL,2,12,71,8,2,12,3
dr FS L D UL ur R,2,12,71,8,2,13,3
dr FS L D ur R UL,2,12,71,8,2,12,3
dr FS L D ur UL R,2,12,71,8,2,11,3
dr FS L UL D ur R,2,12,71,8,2,11,3
dr FS L ur D R UL,2,12,71,8,2,10,3
dr FS L ur D UL R,2,12,71,8,2,11,3
dr FS ur D L R UL,2,12,71,8,2,14,4
dr FS ur D L UL R,2,12,71,8,2,11,3
dr FS ur D R L UL,2,12,71,8,2,12,4
dr FS ur L D R UL,2,12,71,8,2,12,3
dr FS ur L D UL R,2,12,71,8,2,13,3
dr L D FS R ur UL,2,12,71,8,2,12,3
dr L D FS UL ur R,2,12,71,8,2,13,3
dr L D FS ur R UL,2,12,71,8,2,14,3
dr L D FS ur UL R,2,12,71,8,2,13,3
dr L D ur FS R UL,2,12,71,8,2,12,3
dr L D ur FS UL R,2,12,71,8,2,13,3
dr L D ur UL FS R,2,12,71,8,2,11,3
dr L FS D R ur UL,2,12,71,8,2,12,3
dr L FS D UL ur R,2,12,71,8,2,13,3
dr L FS D ur R UL,2,12,71,8,2,12,3
dr L FS D ur UL R,2,12,71,8,2,11,3
dr L FS UL D ur R,2,12,71,8,2,13,3
dr L FS ur D R UL,2,12,71,8,2,12,3
dr L FS ur D UL R,2,12,71,8,2,13,3
dr L ur D FS R UL,2,12,71,8,2,10,3
dr L ur D FS UL R,2,12,71,8,2,11,3
dr L ur D UL FS R,2,12,71,8,2,11,3
dr L ur FS D R UL,2,12,71,8,2,12,3
dr L ur FS D UL R,2,12,71,8,2,13,3
dr ur D FS L R UL,2,12,71,8,2,14,4
dr ur D FS L UL R,2,12,71,8,2,11,3
dr ur D FS R L UL,2,12,71,8,2,12,4
dr ur D L FS R UL,2,12,71,8,2,12,3
dr ur D L FS UL R,2,12,71,8,2,13,3
dr ur D L UL FS R,2,12,71,8,2,11,3
dr ur FS D L R UL,2,12,71,8,2,16,4
dr ur FS D L UL R,2,12,71,8,2,13,3
dr ur FS D R L UL,2,12,71,8,2,14,4
dr ur FS L D R UL,2,12,71,8,2,14,3
dr ur FS L D UL R,2,12,71,8,2,15,3
dr ur L D FS R UL,2,12,71,8,2,12,3
dr ur L D FS UL R,2,12,71,8,2,13,3
dr ur L D UL FS R,2,12,71,8,2,13,3
dr ur L FS D R UL,2,12,71,8,2,12,3
dr ur L FS D UL R,2,12,71,8,2,13,3
FS D dr L R ur UL,2,12,71,8,2,15,4
FS D dr L UL ur R,2,12,71,8,2,12,3
FS D dr L ur R UL,2,12,71,8,2,13,3
FS D dr L ur UL R,2,12,71,8,2,12,3
FS D dr R L ur UL,2,12,71,8,2,15,4
FS D dr R ur L UL,2,12,71,8,2,13,3
FS D dr ur L R UL,2,12,71,8,2,15,4
FS D dr ur L UL R,2,12,71,8,2,12,3
FS D dr ur R L UL,2,12,71,8,2,15,4
FS D L dr R ur UL,2,12,71,8,2,13,3
FS D L dr UL ur R,2,12,71,8,2,12,3
FS D L dr ur R UL,2,12,71,8,2,13,3
FS D L dr ur UL R,2,12,71,8,2,12,3
FS D L R dr ur UL,2,12,71,8,2,15,4
FS D L R ur dr UL,2,12,71,8,2,15,4
FS D L ur dr R UL,2,12,71,8,2,13,3
FS D L ur dr UL R,2,12,71,8,2,12,3
FS D L ur R dr UL,2,12,71,8,2,13,3
FS D L ur UL dr R,2,12,71,8,2,12,3
FS D R dr L ur UL,2,12,71,8,2,11,3
FS D R dr ur L UL,2,12,71,8,2,11,3
FS D R L dr ur UL,2,12,71,8,2,13,4
FS D R L ur dr UL,2,12,71,8,2,13,4
FS D R ur dr L UL,2,12,71,8,2,11,3
FS D R ur L dr UL,2,12,71,8,2,11,3
FS D ur dr L R UL,2,12,71,8,2,13,4
FS D ur dr L UL R,2,12,71,8,2,10,3
FS D ur dr R L UL,2,12,71,8,2,13,4
FS D ur L dr R UL,2,12,71,8,2,11,3
FS D ur L dr UL R,2,12,71,8,2,10,3
FS D ur L R dr UL,2,12,71,8,2,13,4
FS D ur L UL dr R,2,12,71,8,2,10,3
FS D ur R dr L UL,2,12,71,8,2,11,3
FS D ur R L dr UL,2,12,71,8,2,13,4
FS dr D L R ur UL,2,12,71,8,2,15,4
FS dr D L UL ur R,2,12,71,8,2,12,3
FS dr D L ur R UL,2,12,71,8,2,13,3
FS dr D L ur UL R,2,12,71,8,2,12,3
FS dr D R L ur UL,2,12,71,8,2,13,4
FS dr D R ur L UL,2,12,71,8,2,11,3
FS dr D ur L R UL,2,12,71,8,2,13,4
FS dr D ur L UL R,2,12,71,8,2,10,3
FS dr D ur R L UL,2,12,71,8,2,13,4
FS dr L D R ur UL,2,12,71,8,2,11,3
FS dr L D UL ur R,2,12,71,8,2,12,3
FS dr L D ur R UL,2,12,71,8,2,11,3
FS dr L D ur UL R,2,12,71,8,2,10,3
FS dr L UL D ur R,2,12,71,8,2,10,3
FS dr L ur D R UL,2,12,71,8,2,9,3
FS dr L ur D UL R,2,12,71,8,2,10,3
FS dr ur D L R UL,2,12,71,8,2,13,4
FS dr ur D L UL R,2,12,71,8,2,10,3
FS dr ur D R L UL,2,12,71,8,2,11,4
FS dr ur L D R UL,2,12,71,8,2,11,3
FS dr ur L D UL R,2,12,71,8,2,12,3
FS L D dr R ur UL,2,12,71,8,2,15,3
FS L D dr UL ur R,2,12,71,8,2,14,3
FS L D dr ur R UL,2,12,71,8,2,15,3
FS L D dr ur UL R,2,12,71,8,2,14,3
FS L D R dr ur UL,2,12,71,8,2,13,3
FS L D R ur dr UL,2,12,71,8,2,13,3
FS L D ur dr R UL,2,12,71,8,2,13,3
FS L D ur dr UL R,2,12,71,8,2,12,3
FS L D ur R dr UL,2,12,71,8,2,13,3
FS L D ur UL dr R,2,12,71,8,2,12,3
FS L dr D R ur UL,2,12,71,8,2,13,3
FS L dr D UL ur R,2,12,71,8,2,14,3
FS L dr D ur R UL,2,12,71,8,2,13,3
FS L dr D ur UL R,2,12,71,8,2,12,3
FS L dr UL D ur R,2,12,71,8,2,12,3
FS L dr ur D R UL,2,12,71,8,2,11,3
FS L dr ur D UL R,2,12,71,8,2,12,3
FS L ur D dr R UL,2,12,71,8,2,13,3
FS L ur D dr UL R,2,12,71,8,2,12,3
FS L ur D R dr UL,2,12,71,8,2,11,3
FS L ur D UL dr R,2,12,71,8,2,12,3
FS L ur dr D R UL,2,12,71,8,2,13,3
FS L ur dr D UL R,2,12,71,8,2,14,3
FS ur D dr L R UL,2,12,71,8,2,15,4
FS ur D dr L UL R,2,12,71,8,2,12,3
FS ur D dr R L UL,2,12,71,8,2,15,4
FS ur D L dr R UL,2,12,71,8,2,13,3
FS ur D L dr UL R,2,12,71,8,2,12,3
FS ur D L R dr UL,2,12,71,8,2,15,4
FS ur D L UL dr R,2,12,71,8,2,12,3
FS ur D R dr L UL,2,12,71,8,2,11,3
FS ur D R L dr UL,2,12,71,8,2,13,4
FS ur dr D L R UL,2,12,71,8,2,17,4
FS ur dr D L UL R,2,12,71,8,2,14,3
FS ur dr D R L UL,2,12,71,8,2,15,4
FS ur dr L D R UL,2,12,71,8,2,13,3
FS ur dr L D UL R,2,12,71,8,2,14,3
FS ur L D dr R UL,2,12,71,8,2,15,3
FS ur L D dr UL R,2,12,71,8,2,14,3
FS ur L D R dr UL,2,12,71,8,2,13,3
FS ur L D UL dr R,2,12,71,8,2,14,3
FS ur L dr D R UL,2,12,71,8,2,13,3
FS ur L dr D UL R,2,12,71,8,2,14,3
L D dr FS R ur UL,2,12,71,8,2,13,3
L D dr FS UL ur R,2,12,71,8,2,14,3
L D dr FS ur R UL,2,12,71,8,2,15,3
L D dr FS ur UL R,2,12,71,8,2,14,3
L D dr ur FS R UL,2,12,71,8,2,15,3
L D dr ur FS UL R,2,12,71,8,2,16,3
L D dr ur UL FS R,2,12,71,8,2,14,3
L D FS dr R ur UL,2,12,71,8,2,13,3
L D FS dr UL ur R,2,12,71,8,2,12,3
L D FS dr ur R UL,2,12,71,8,2,13,3
L D FS dr ur UL R,2,12,71,8,2,12,3
L D FS R dr ur UL,2,12,71,8,2,13,3
L D FS R ur dr UL,2,12,71,8,2,13,3
L D FS ur dr R UL,2,12,71,8,2,15,3
L D FS ur dr UL R,2,12,71,8,2,14,3
L D FS ur R dr UL,2,12,71,8,2,15,3
L D FS ur UL dr R,2,12,71,8,2,14,3
L D ur dr FS R UL,2,12,71,8,2,11,3
L D ur dr FS UL R,2,12,71,8,2,12,3
L D ur dr UL FS R,2,12,71,8,2,12,3
L D ur FS dr R UL,2,12,71,8,2,13,3
L D ur FS dr UL R,2,12,71,8,2,12,3
L D ur FS R dr UL,2,12,71,8,2,13,3
L D ur FS UL dr R,2,12,71,8,2,14,3
L D ur UL dr FS R,2,12,71,8,2,10,2
L D ur UL FS dr R,2,12,71,8,2,12,3
L dr D FS R ur UL,2,12,71,8,2,13,3
L dr D FS UL ur R,2,12,71,8,2,14,3
L dr D FS ur R UL,2,12,71,8,2,15,3
L dr D FS ur UL R,2,12,71,8,2,14,3
L dr D ur FS R UL,2,12,71,8,2,13,3
L dr D ur FS UL R,2,12,71,8,2,14,3
L dr D ur UL FS R,2,12,71,8,2,12,3
L dr FS D R ur UL,2,12,71,8,2,11,3
L dr FS D UL ur R,2,12,71,8,2,12,3
L dr FS D ur R UL,2,12,71,8,2,11,3
L dr FS D ur UL R,2,12,71,8,2,10,3
L dr FS UL D ur R,2,12,71,8,2,12,3
L dr FS ur D R UL,2,12,71,8,2,11,3
L dr FS ur D UL R,2,12,71,8,2,12,3
L dr ur D FS R UL,2,12,71,8,2,11,3
L dr ur D FS UL R,2,12,71,8,2,12,3
L dr ur D UL FS R,2,12,71,8,2,12,3
L dr ur FS D R UL,2,12,71,8,2,13,3
L dr ur FS D UL R,2,12,71,8,2,14,3
L FS D dr R ur UL,2,12,71,8,2,15,3
L FS D dr UL ur R,2,12,71,8,2,14,3
L FS D dr ur R UL,2,12,71,8,2,15,3
L FS D dr ur UL R,2,12,71,8,2,14,3
L FS D R dr ur UL,2,12,71,8,2,13,3
L FS D R ur dr UL,2,12,71,8,2,13,3
L FS D ur dr R UL,2,12,71,8,2,13,3
L FS D ur dr UL R,2,12,71,8,2,12,3
L FS D ur R dr UL,2,12,71,8,2,13,3
L FS D ur UL dr R,2,12,71,8,2,12,3
L FS dr D R ur UL,2,12,71,8,2,13,3
L FS dr D UL ur R,2,12,71,8,2,14,3
L FS dr D ur R UL,2,12,71,8,2,13,3
L FS dr D ur UL R,2,12,71,8,2,12,3
L FS dr UL D ur R,2,12,71,8,2,12,3
L FS dr ur D R UL,2,12,71,8,2,11,3
L FS dr ur D UL R,2,12,71,8,2,12,3
L FS ur D dr R UL,2,12,71,8,2,15,3
L FS ur D dr UL R,2,12,71,8,2,14,3
L FS ur D R dr UL,2,12,71,8,2,13,3
L FS ur D UL dr R,2,12,71,8,2,14,3
L FS ur dr D R UL,2,12,71,8,2,15,3
L FS ur dr D UL R,2,12,71,8,2,16,3
L ur D dr FS R UL,2,12,71,8,2,11,3
L ur D dr FS UL R,2,12,71,8,2,12,3
L ur D dr UL FS R,2,12,71,8,2,12,3
L ur D FS dr R UL,2,12,71,8,2,11,3
L ur D FS dr UL R,2,12,71,8,2,10,3
L ur D FS R dr UL,2,12,71,8,2,11,3
L ur D FS UL dr R,2,12,71,8,2,12,3
L ur D UL dr FS R,2,12,71,8,2,10,3
L ur D UL FS dr R,2,12,71,8,2,12,3
L ur dr D FS R UL,2,12,71,8,2,13,3
L ur dr D FS UL R,2,12,71,8,2,14,3
L ur dr D UL FS R,2,12,71,8,2,14,3
L ur dr FS D R UL,2,12,71,8,2,11,3
L ur dr FS D UL R,2,12,71,8,2,12,3
L ur FS D dr R UL,2,12,71,8,2,15,3
L ur FS D dr UL R,2,12,71,8,2,14,3
L ur FS D R dr UL,2,12,71,8,2,13,3
L ur FS D UL dr R,2,12,71,8,2,14,3
L ur FS dr D R UL,2,12,71,8,2,13,3
L ur FS dr D UL R,2,12,71,8,2,14,3
ur D dr FS L R UL,2,12,71,8,2,14,4
ur D dr FS L UL R,2,12,71,8,2,11,3
ur D dr FS R L UL,2,12,71,8,2,12,4
ur D dr L FS R UL,2,12,71,8,2,12,3
ur D dr L FS UL R,2,12,71,8,2,13,3
ur D dr L UL FS R,2,12,71,8,2,11,3
ur D FS dr L R UL,2,12,71,8,2,12,4
ur D FS dr L UL R,2,12,71,8,2,9,3
ur D FS dr R L UL,2,12,71,8,2,12,4
ur D FS L dr R UL,2,12,71,8,2,12,3
ur D FS L dr UL R,2,12,71,8,2,11,3
ur D FS L R dr UL,2,12,71,8,2,14,4
ur D FS L UL dr R,2,12,71,8,2,11,3
ur D FS R dr L UL,2,12,71,8,2,10,3
ur D FS R L dr UL,2,12,71,8,2,12,4
ur D L dr FS R UL,2,12,71,8,2,10,3
ur D L dr FS UL R,2,12,71,8,2,11,3
ur D L dr UL FS R,2,12,71,8,2,11,3
ur D L FS dr R UL,2,12,71,8,2,12,3
ur D L FS dr UL R,2,12,71,8,2,11,3
ur D L FS R dr UL,2,12,71,8,2,12,3
ur D L FS UL dr R,2,12,71,8,2,13,3
ur D L UL dr FS R,2,12,71,8,2,9,2
ur D L UL FS dr R,2,12,71,8,2,11,3
ur dr D FS L R UL,2,12,71,8,2,16,4
ur dr D FS L UL R,2,12,71,8,2,13,3
ur dr D FS R L UL,2,12,71,8,2,14,4
ur dr D L FS R UL,2,12,71,8,2,14,3
ur dr D L FS UL R,2,12,71,8,2,15,3
ur dr D L UL FS R,2,12,71,8,2,13,3
ur dr FS D L R UL,2,12,71,8,2,14,4
ur dr FS D L UL R,2,12,71,8,2,11,3
ur dr FS D R L UL,2,12,71,8,2,12,4
ur dr FS L D R UL,2,12,71,8,2,12,3
ur dr FS L D UL R,2,12,71,8,2,13,3
ur dr L D FS R UL,2,12,71,8,2,12,3
ur dr L D FS UL R,2,12,71,8,2,13,3
ur dr L D UL FS R,2,12,71,8,2,13,3
ur dr L FS D R UL,2,12,71,8,2,12,3
ur dr L FS D UL R,2,12,71,8,2,13,3
ur FS D dr L R UL,2,12,71,8,2,16,4
ur FS D dr L UL R,2,12,71,8,2,13,3
ur FS D dr R L UL,2,12,71,8,2,16,4
ur FS D L dr R UL,2,12,71,8,2,14,3
ur FS D L dr UL R,2,12,71,8,2,13,3
ur FS D L R dr UL,2,12,71,8,2,16,4
ur FS D L UL dr R,2,12,71,8,2,13,3
ur FS D R dr L UL,2,12,71,8,2,12,3
ur FS D R L dr UL,2,12,71,8,2,14,4
ur FS dr D L R UL,2,12,71,8,2,16,4
ur FS dr D L UL R,2,12,71,8,2,13,3
ur FS dr D R L UL,2,12,71,8,2,14,4
ur FS dr L D R UL,2,12,71,8,2,12,3
ur FS dr L D UL R,2,12,71,8,2,13,3
ur FS L D dr R UL,2,12,71,8,2,16,3
ur FS L D dr UL R,2,12,71,8,2,15,3
ur FS L D R dr UL,2,12,71,8,2,14,3
ur FS L D UL dr R,2,12,71,8,2,15,3
ur FS L dr D R UL,2,12,71,8,2,14,3
ur FS L dr D UL R,2,12,71,8,2,15,3
ur L D dr FS R UL,2,12,71,8,2,12,3
ur L D dr FS UL R,2,12,71,8,2,13,3
ur L D dr UL FS R,2,12,71,8,2,13,3
ur L D FS dr R UL,2,12,71,8,2,12,3
ur L D FS dr UL R,2,12,71,8,2,11,3
ur L D FS R dr UL,2,12,71,8,2,12,3
ur L D FS UL dr R,2,12,71,8,2,13,3
ur L D UL dr FS R,2,12,71,8,2,11,3
ur L D UL FS dr R,2,12,71,8,2,13,3
ur L dr D FS R UL,2,12,71,8,2,12,3
ur L dr D FS UL R,2,12,71,8,2,13,3
ur L dr D UL FS R,2,12,71,8,2,13,3
ur L dr FS D R UL,2,12,71,8,2,10,3
ur L dr FS D UL R,2,12,71,8,2,11,3
ur L FS D dr R UL,2,12,71,8,2,14,3
ur L FS D dr UL R,2,12,71,8,2,13,3
ur L FS D R dr UL,2,12,71,8,2,12,3
ur L FS D UL dr R,2,12,71,8,2,13,3
ur L FS dr D R UL,2,12,71,8,2,12,3
ur L FS dr D UL R,2,12,71,8,2,13,3
D dr L R FS ur UL,2,12,73,9,2,15,4
D dr L R ur FS UL,2,12,73,9,2,17,4
D dr L ur R FS UL,2,12,73,9,2,13,3
D dr R FS L ur UL,2,12,73,9,2,13,3
D dr R FS ur L UL,2,12,73,9,2,13,3
D dr R L FS ur UL,2,12,73,9,2,17,4
D dr R L ur FS UL,2,12,73,9,2,17,4
D dr R ur FS L UL,2,12,73,9,2,15,3
D dr R ur L FS UL,2,12,73,9,2,15,3
D dr ur L R FS UL,2,12,73,9,2,15,4
D dr ur R FS L UL,2,12,73,9,2,13,3
D dr ur R L FS UL,2,12,73,9,2,17,4
D L dr R FS ur UL,2,12,73,9,2,13,3
D L dr R ur FS UL,2,12,73,9,2,15,3
D L dr ur R FS UL,2,12,73,9,2,13,3
D L R dr FS ur UL,2,12,73,9,2,15,4
D L R dr ur FS UL,2,12,73,9,2,17,4
D L R FS dr ur UL,2,12,73,9,2,13,4
D L R FS ur dr UL,2,12,73,9,2,15,4
D L R ur dr FS UL,2,12,73,9,2,15,4
D L R ur FS dr UL,2,12,73,9,2,15,4
D L ur dr R FS UL,2,12,73,9,2,13,3
D L ur R dr FS UL,2,12,73,9,2,13,3
D L ur R FS dr UL,2,12,73,9,2,11,3
D R dr FS L ur UL,2,12,73,9,2,11,3
D R dr FS ur L UL,2,12,73,9,2,11,3
D R dr L FS ur UL,2,12,73,9,2,13,3
D R dr L ur FS UL,2,12,73,9,2,13,3
D R dr ur FS L UL,2,12,73,9,2,13,3
D R dr ur L FS UL,2,12,73,9,2,13,3
D R FS dr L ur UL,2,12,73,9,2,9,2
D R FS dr ur L UL,2,12,73,9,2,9,2
D R FS L dr ur UL,2,12,73,9,2,11,2
D R FS L ur dr UL,2,12,73,9,2,11,2
D R FS ur dr L UL,2,12,73,9,2,11,3
D R FS ur L dr UL,2,12,73,9,2,11,3
D R L dr FS ur UL,2,12,73,9,2,13,4
D R L dr ur FS UL,2,12,73,9,2,15,4
D R L FS dr ur UL,2,12,73,9,2,13,4
D R L FS ur dr UL,2,12,73,9,2,15,4
D R L ur dr FS UL,2,12,73,9,2,13,4
D R L ur FS dr UL,2,12,73,9,2,13,4
D R ur dr FS L UL,2,12,73,9,2,11,3
D R ur dr L FS UL,2,12,73,9,2,13,3
D R ur FS dr L UL,2,12,73,9,2,11,3
D R ur FS L dr UL,2,12,73,9,2,13,3
D R ur L dr FS UL,2,12,73,9,2,11,3
D R ur L FS dr UL,2,12,73,9,2,11,3
D ur dr L R FS UL,2,12,73,9,2,13,4
D ur dr R FS L UL,2,12,73,9,2,11,3
D ur dr R L FS UL,2,12,73,9,2,15,4
D ur L dr R FS UL,2,12,73,9,2,11,3
D ur L R dr FS UL,2,12,73,9,2,13,4
D ur L R FS dr UL,2,12,73,9,2,11,4
D ur R dr FS L UL,2,12,73,9,2,11,3
D ur R dr L FS UL,2,12,73,9,2,13,3
D ur R FS dr L UL,2,12,73,9,2,9,3
D ur R FS L dr UL,2,12,73,9,2,11,3
D ur R L dr FS UL,2,12,73,9,2,13,4
D ur R L FS dr UL,2,12,73,9,2,13,4
dr D L R FS ur UL,2,12,73,9,2,16,4
dr D L R ur FS UL,2,12,73,9,2,18,4
dr D L ur R FS UL,2,12,73,9,2,14,3
dr D R FS L ur UL,2,12,73,9,2,12,3
dr D R FS ur L UL,2,12,73,9,2,12,3
dr D R L FS ur UL,2,12,73,9,2,16,4
dr D R L ur FS UL,2,12,73,9,2,16,4
dr D R ur FS L UL,2,12,73,9,2,14,3
dr D R ur L FS UL,2,12,73,9,2,14,3
dr D ur L R FS UL,2,12,73,9,2,14,4
dr D ur R FS L UL,2,12,73,9,2,12,3
dr D ur R L FS UL,2,12,73,9,2,16,4
dr L D R FS ur UL,2,12,73,9,2,12,3
dr L D R ur FS UL,2,12,73,9,2,14,3
dr L D ur R FS UL,2,12,73,9,2,12,3
dr L R D FS ur UL,2,12,73,9,2,14,4
dr L R D ur FS UL,2,12,73,9,2,14,4
dr L R ur D FS UL,2,12,73,9,2,14,4
dr L ur D R FS UL,2,12,73,9,2,10,3
dr L ur R D FS UL,2,12,73,9,2,12,3
dr R D FS L ur UL,2,12,73,9,2,12,3
dr R D FS ur L UL,2,12,73,9,2,12,3
dr R D L FS ur UL,2,12,73,9,2,14,3
dr R D L ur FS UL,2,12,73,9,2,14,3
dr R D ur FS L UL,2,12,73,9,2,12,3
dr R D ur L FS UL,2,12,73,9,2,12,3
dr R L D FS ur UL,2,12,73,9,2,16,4
dr R L D ur FS UL,2,12,73,9,2,16,4
dr R L ur D FS UL,2,12,73,9,2,14,4
dr R ur D FS L UL,2,12,73,9,2,12,3
dr R ur D L FS UL,2,12,73,9,2,14,3
dr R ur L D FS UL,2,12,73,9,2,14,3
dr ur D L R FS UL,2,12,73,9,2,14,4
dr ur D R FS L UL,2,12,73,9,2,10,2
dr ur D R L FS UL,2,12,73,9,2,14,4
dr ur L D R FS UL,2,12,73,9,2,12,3
dr ur L R D FS UL,2,12,73,9,2,14,4
dr ur R D FS L UL,2,12,73,9,2,12,3
dr ur R D L FS UL,2,12,73,9,2,14,3
dr ur R L D FS UL,2,12,73,9,2,16,4
L D dr R FS ur UL,2,12,73,9,2,15,3
L D dr R ur FS UL,2,12,73,9,2,17,3
L D dr ur R FS UL,2,12,73,9,2,15,3
L D R dr FS ur UL,2,12,73,9,2,13,3
L D R dr ur FS UL,2,12,73,9,2,15,3
L D R FS dr ur UL,2,12,73,9,2,11,2
L D R FS ur dr UL,2,12,73,9,2,13,3
L D R ur dr FS UL,2,12,73,9,2,13,3
L D R ur FS dr UL,2,12,73,9,2,13,3
L D ur dr R FS UL,2,12,73,9,2,13,3
L D ur R dr FS UL,2,12,73,9,2,13,3
L D ur R FS dr UL,2,12,73,9,2,11,3
L dr D R FS ur UL,2,12,73,9,2,13,3
L dr D R ur FS UL,2,12,73,9,2,15,3
L dr D ur R FS UL,2,12,73,9,2,13,3
L dr R D FS ur UL,2,12,73,9,2,13,3
L dr R D ur FS UL,2,12,73,9,2,13,3
L dr R ur D FS UL,2,12,73,9,2,13,3
L dr ur D R FS UL,2,12,73,9,2,11,3
L dr ur R D FS UL,2,12,73,9,2,13,3
L R D dr FS ur UL,2,12,73,9,2,15,4
L R D dr ur FS UL,2,12,73,9,2,17,4
L R D FS dr ur UL,2,12,73,9,2,13,4
L R D FS ur dr UL,2,12,73,9,2,15,4
L R D ur dr FS UL,2,12,73,9,2,13,4
L R D ur FS dr UL,2,12,73,9,2,13,4
L R dr D FS ur UL,2,12,73,9,2,17,4
L R dr D ur FS UL,2,12,73,9,2,17,4
L R dr ur D FS UL,2,12,73,9,2,15,4
L R ur D dr FS UL,2,12,73,9,2,15,4
L R ur D FS dr UL,2,12,73,9,2,13,4
L R ur dr D FS UL,2,12,73,9,2,17,4
L ur D dr R FS UL,2,12,73,9,2,13,3
L ur D R dr FS UL,2,12,73,9,2,11,3
L ur D R FS dr UL,2,12,73,9,2,9,2
L ur dr D R FS UL,2,12,73,9,2,13,3
L ur dr R D FS UL,2,12,73,9,2,13,3
L ur R D dr FS UL,2,12,73,9,2,13,3
L ur R D FS dr UL,2,12,73,9,2,11,3
L ur R dr D FS UL,2,12,73,9,2,15,3
R D dr FS L ur UL,2,12,73,9,2,11,3
R D dr FS ur L UL,2,12,73,9,2,11,3
R D dr L FS ur UL,2,12,73,9,2,13,3
R D dr L ur FS UL,2,12,73,9,2,13,3
R D dr ur FS L UL,2,12,73,9,2,13,3
R D dr ur L FS UL,2,12,73,9,2,13,3
R D FS dr L ur UL,2,12,73,9,2,9,2
R D FS dr ur L UL,2,12,73,9,2,9,2
R D FS L dr ur UL,2,12,73,9,2,11,2
R D FS L ur dr UL,2,12,73,9,2,11,2
R D FS ur dr L UL,2,12,73,9,2,11,3
R D FS ur L dr UL,2,12,73,9,2,11,3
R D L dr FS ur UL,2,12,73,9,2,11,3
R D L dr ur FS UL,2,12,73,9,2,13,3
R D L FS dr ur UL,2,12,73,9,2,11,2
R D L FS ur dr UL,2,12,73,9,2,13,3
R D L ur dr FS UL,2,12,73,9,2,11,3
R D L ur FS dr UL,2,12,73,9,2,11,3
R D ur dr FS L UL,2,12,73,9,2,9,2
R D ur dr L FS UL,2,12,73,9,2,11,3
R D ur FS dr L UL,2,12,73,9,2,9,3
R D ur FS L dr UL,2,12,73,9,2,11,3
R D ur L dr FS UL,2,12,73,9,2,9,3
R D ur L FS dr UL,2,12,73,9,2,9,2
R dr D FS L ur UL,2,12,73,9,2,13,3
R dr D FS ur L UL,2,12,73,9,2,13,3
R dr D L FS ur UL,2,12,73,9,2,15,3
R dr D L ur FS UL,2,12,73,9,2,15,3
R dr D ur FS L UL,2,12,73,9,2,13,3
R dr D ur L FS UL,2,12,73,9,2,13,3
R dr L D FS ur UL,2,12,73,9,2,13,3
R dr L D ur FS UL,2,12,73,9,2,13,3
R dr L ur D FS UL,2,12,73,9,2,11,3
R dr ur D FS L UL,2,12,73,9,2,11,3
R dr ur D L FS UL,2,12,73,9,2,13,3
R dr ur L D FS UL,2,12,73,9,2,13,3
R L D dr FS ur UL,2,12,73,9,2,15,4
R L D dr ur FS UL,2,12,73,9,2,17,4
R L D FS dr ur UL,2,12,73,9,2,13,4
R L D FS ur dr UL,2,12,73,9,2,15,4
R L D ur dr FS UL,2,12,73,9,2,13,4
R L D ur FS dr UL,2,12,73,9,2,13,4
R L dr D FS ur UL,2,12,73,9,2,15,4
R L dr D ur FS UL,2,12,73,9,2,15,4
R L dr ur D FS UL,2,12,73,9,2,13,4
R L ur D dr FS UL,2,12,73,9,2,13,4
R L ur D FS dr UL,2,12,73,9,2,11,4
R L ur dr D FS UL,2,12,73,9,2,15,4
R ur D dr FS L UL,2,12,73,9,2,11,3
R ur D dr L FS UL,2,12,73,9,2,13,3
R ur D FS dr L UL,2,12,73,9,2,9,3
R ur D FS L dr UL,2,12,73,9,2,11,3
R ur D L dr FS UL,2,12,73,9,2,11,3
R ur D L FS dr UL,2,12,73,9,2,11,3
R ur dr D FS L UL,2,12,73,9,2,13,3
R ur dr D L FS UL,2,12,73,9,2,15,3
R ur dr L D FS UL,2,12,73,9,2,13,3
R ur L D dr FS UL,2,12,73,9,2,13,3
R ur L D FS dr UL,2,12,73,9,2,11,3
R ur L dr D FS UL,2,12,73,9,2,13,3
ur D dr L R FS UL,2,12,73,9,2,14,4
ur D dr R FS L UL,2,12,73,9,2,12,3
ur D dr R L FS UL,2,12,73,9,2,16,4
ur D L dr R FS UL,2,12,73,9,2,12,3
ur D L R dr FS UL,2,12,73,9,2,14,4
ur D L R FS dr UL,2,12,73,9,2,12,4
ur D R dr FS L UL,2,12,73,9,2,10,3
ur D R dr L FS UL,2,12,73,9,2,12,3
ur D R FS dr L UL,2,12,73,9,2,8,2
ur D R FS L dr UL,2,12,73,9,2,10,2
ur D R L dr FS UL,2,12,73,9,2,12,4
ur D R L FS dr UL,2,12,73,9,2,12,4
ur dr D L R FS UL,2,12,73,9,2,16,4
ur dr D R FS L UL,2,12,73,9,2,12,3
ur dr D R L FS UL,2,12,73,9,2,16,4
ur dr L D R FS UL,2,12,73,9,2,12,3
ur dr L R D FS UL,2,12,73,9,2,14,4
ur dr R D FS L UL,2,12,73,9,2,12,3
ur dr R D L FS UL,2,12,73,9,2,14,3
ur dr R L D FS UL,2,12,73,9,2,16,4
ur L D dr R FS UL,2,12,73,9,2,14,3
ur L D R dr FS UL,2,12,73,9,2,12,3
ur L D R FS dr UL,2,12,73,9,2,10,2
ur L dr D R FS UL,2,12,73,9,2,12,3
ur L dr R D FS UL,2,12,73,9,2,12,3
ur L R D dr FS UL,2,12,73,9,2,14,4
ur L R D FS dr UL,2,12,73,9,2,12,4
ur L R dr D FS UL,2,12,73,9,2,16,4
ur R D dr FS L UL,2,12,73,9,2,12,3
ur R D dr L FS UL,2,12,73,9,2,14,3
ur R D FS dr L UL,2,12,73,9,2,10,3
ur R D FS L dr UL,2,12,73,9,2,12,3
ur R D L dr FS UL,2,12,73,9,2,12,3
ur R D L FS dr UL,2,12,73,9,2,12,3
ur R dr D FS L UL,2,12,73,9,2,14,3
ur R dr D L FS UL,2,12,73,9,2,16,3
ur R dr L D FS UL,2,12,73,9,2,14,3
ur R L D dr FS UL,2,12,73,9,2,16,4
ur R L D FS dr UL,2,12,73,9,2,14,4
ur R L dr D FS UL,2,12,73,9,2,16,4
D dr L UL FS ur R,2,12,77,9,2,14,3
D dr L UL ur FS R,2,12,77,9,2,12,3
D dr UL L FS ur R,2,12,77,9,2,14,3
D dr UL L ur FS R,2,12,77,9,2,12,3
D FS L UL dr ur R,2,12,77,9,2,12,3
D FS L UL ur dr R,2,12,77,9,2,12,3
D FS UL L dr ur R,2,12,77,9,2,12,3
D FS UL L ur dr R,2,12,77,9,2,12,3
D L dr UL FS ur R,2,12,77,9,2,14,3
D L dr UL ur FS R,2,12,77,9,2,12,3
D L FS UL dr ur R,2,12,77,9,2,14,3
D L FS UL ur dr R,2,12,77,9,2,14,3
D L UL dr FS ur R,2,12,77,9,2,12,3
D L UL dr ur FS R,2,12,77,9,2,12,3
D L UL FS dr ur R,2,12,77,9,2,12,3
D L UL FS ur dr R,2,12,77,9,2,14,3
D L UL ur dr FS R,2,12,77,9,2,10,2
D L UL ur FS dr R,2,12,77,9,2,12,3
D UL dr L FS ur R,2,12,77,9,2,14,3
D UL dr L ur FS R,2,12,77,9,2,12,3
D UL FS L dr ur R,2,12,77,9,2,14,3
D UL FS L ur dr R,2,12,77,9,2,14,3
D UL L dr FS ur R,2,12,77,9,2,12,3
D UL L dr ur FS R,2,12,77,9,2,12,3
D UL L FS dr ur R,2,12,77,9,2,12,3
D UL L FS ur dr R,2,12,77,9,2,14,3
D UL L ur dr FS R,2,12,77,9,2,10,3
D UL L ur FS dr R,2,12,77,9,2,12,3
dr D L UL FS ur R,2,12,77,9,2,15,3
dr D L UL ur FS R,2,12,77,9,2,13,3
dr D UL L FS ur R,2,12,77,9,2,15,3
dr D UL L ur FS R,2,12,77,9,2,13,3
dr L D UL FS ur R,2,12,77,9,2,15,3
dr L D UL ur FS R,2,12,77,9,2,13,3
dr L UL D FS ur R,2,12,77,9,2,13,3
dr L UL D ur FS R,2,12,77,9,2,11,3
dr L UL FS D ur R,2,12,77,9,2,11,3
dr UL D L FS ur R,2,12,77,9,2,15,3
dr UL D L ur FS R,2,12,77,9,2,13,3
dr UL L D FS ur R,2,12,77,9,2,13,3
dr UL L D ur FS R,2,12,77,9,2,11,3
dr UL L FS D ur R,2,12,77,9,2,11,3
FS D L UL dr ur R,2,12,77,9,2,12,3
FS D L UL ur dr R,2,12,77,9,2,12,3
FS D UL L dr ur R,2,12,77,9,2,12,3
FS D UL L ur dr R,2,12,77,9,2,12,3
FS L D UL dr ur R,2,12,77,9,2,14,3
FS L D UL ur dr R,2,12,77,9,2,14,3
FS L UL D dr ur R,2,12,77,9,2,14,3
FS L UL D ur dr R,2,12,77,9,2,12,3
FS L UL dr D ur R,2,12,77,9,2,12,3
FS UL D L dr ur R,2,12,77,9,2,14,3
FS UL D L ur dr R,2,12,77,9,2,14,3
FS UL L D dr ur R,2,12,77,9,2,14,3
FS UL L D ur dr R,2,12,77,9,2,12,3
FS UL L dr D ur R,2,12,77,9,2,12,3
L D dr UL FS ur R,2,12,77,9,2,16,3
L D dr UL ur FS R,2,12,77,9,2,14,3
L D FS UL dr ur R,2,12,77,9,2,14,3
L D FS UL ur dr R,2,12,77,9,2,14,3
L D UL dr FS ur R,2,12,77,9,2,14,3
L D UL dr ur FS R,2,12,77,9,2,14,3
L D UL FS dr ur R,2,12,77,9,2,14,3
L D UL FS ur dr R,2,12,77,9,2,16,3
L D UL ur dr FS R,2,12,77,9,2,12,3
L D UL ur FS dr R,2,12,77,9,2,14,3
L dr D UL FS ur R,2,12,77,9,2,16,3
L dr D UL ur FS R,2,12,77,9,2,14,3
L dr UL D FS ur R,2,12,77,9,2,14,3
L dr UL D ur FS R,2,12,77,9,2,12,3
L dr UL FS D ur R,2,12,77,9,2,12,3
L FS D UL dr ur R,2,12,77,9,2,14,3
L FS D UL ur dr R,2,12,77,9,2,14,3
L FS UL D dr ur R,2,12,77,9,2,16,3
L FS UL D ur dr R,2,12,77,9,2,14,3
L FS UL dr D ur R,2,12,77,9,2,14,3
L UL D dr FS ur R,2,12,77,9,2,14,3
L UL D dr ur FS R,2,12,77,9,2,14,3
L UL D FS dr ur R,2,12,77,9,2,12,3
L UL D FS ur dr R,2,12,77,9,2,14,3
L UL D ur dr FS R,2,12,77,9,2,10,3
L UL D ur FS dr R,2,12,77,9,2,12,3
L UL dr D FS ur R,2,12,77,9,2,14,3
L UL dr D ur FS R,2,12,77,9,2,12,3
L UL dr FS D ur R,2,12,77,9,2,10,3
L UL FS D dr ur R,2,12,77,9,2,14,3
L UL FS D ur dr R,2,12,77,9,2,12,3
L UL FS dr D ur R,2,12,77,9,2,12,3
UL D dr L FS ur R,2,12,77,9,2,15,3
UL D dr L ur FS R,2,12,77,9,2,13,3
UL D FS L dr ur R,2,12,77,9,2,13,3
UL D FS L ur dr R,2,12,77,9,2,13,3
UL D L dr FS ur R,2,12,77,9,2,13,3
UL D L dr ur FS R,2,12,77,9,2,13,3
UL D L FS dr ur R,2,12,77,9,2,13,3
UL D L FS ur dr R,2,12,77,9,2,15,3
UL D L ur dr FS R,2,12,77,9,2,11,3
UL D L ur FS dr R,2,12,77,9,2,13,3
UL dr D L FS ur R,2,12,77,9,2,15,3
UL dr D L ur FS R,2,12,77,9,2,13,3
UL dr L D FS ur R,2,12,77,9,2,13,3
UL dr L D ur FS R,2,12,77,9,2,11,3
UL dr L FS D ur R,2,12,77,9,2,11,3
UL FS D L dr ur R,2,12,77,9,2,13,3
UL FS D L ur dr R,2,12,77,9,2,13,3
UL FS L D dr ur R,2,12,77,9,2,15,3
UL FS L D ur dr R,2,12,77,9,2,13,3
UL FS L dr D ur R,2,12,77,9,2,13,3
UL L D dr FS ur R,2,12,77,9,2,13,3
UL L D dr ur FS R,2,12,77,9,2,13,3
UL L D FS dr ur R,2,12,77,9,2,11,3
UL L D FS ur dr R,2,12,77,9,2,13,3
UL L D ur dr FS R,2,12,77,9,2,9,2
UL L D ur FS dr R,2,12,77,9,2,11,3
UL L dr D FS ur R,2,12,77,9,2,13,3
UL L dr D ur FS R,2,12,77,9,2,11,3
UL L dr FS D ur R,2,12,77,9,2,9,3
UL L FS D dr ur R,2,12,77,9,2,13,3
UL L FS D ur dr R,2,12,77,9,2,11,3
UL L FS dr D ur R,2,12,77,9,2,11,3
