order,min_memo,max_memo,sum_memo,memorized,d_moves,pin_changes,max_pin_changes
dr FS R D U L ur,2,11,38,5,3,12,4
dr FS R U D L ur,2,11,38,5,3,12,4
dr FS R U L D ur,2,11,38,5,3,10,2
dr R FS D U L ur,2,11,38,5,3,14,4
dr R FS U D L ur,2,11,38,5,3,14,4
dr R FS U L D ur,2,11,38,5,3,12,3
dr R U FS D L ur,2,11,38,5,3,12,3
dr R U FS L D ur,2,11,38,5,3,12,3
FS dr R D U L ur,2,11,38,5,3,13,4
FS dr R U D L ur,2,11,38,5,3,13,4
FS dr R U L D ur,2,11,38,5,3,11,3
FS R D dr U L ur,2,11,38,5,3,11,3
FS R D U dr L ur,2,11,38,5,3,11,4
FS R D U ur L dr,2,11,38,5,3,13,4
FS R D ur L U dr,2,11,38,5,3,9,2
FS R D ur U L dr,2,11,38,5,3,11,3
FS R dr D U L ur,2,11,38,5,3,15,4
FS R dr U D L ur,2,11,38,5,3,13,4
FS R dr U L D ur,2,11,38,5,3,11,3
FS R U D dr L ur,2,11,38,5,3,13,4
FS R U D ur L dr,2,11,38,5,3,11,4
FS R U dr D L ur,2,11,38,5,3,11,3
FS R U dr L D ur,2,11,38,5,3,9,2
FS R U ur D L dr,2,11,38,5,3,11,3
FS R ur D L U dr,2,11,38,5,3,11,3
FS R ur D U L dr,2,11,38,5,3,13,4
FS R ur U D L dr,2,11,38,5,3,15,4
FS ur R D L U dr,2,11,38,5,3,13,3
FS ur R D U L dr,2,11,38,5,3,15,4
FS ur R U D L dr,2,11,38,5,3,15,4
R dr FS D U L ur,2,11,38,5,3,13,4
R dr FS U D L ur,2,11,38,5,3,13,4
R dr FS U L D ur,2,11,38,5,3,11,3
R dr U FS D L ur,2,11,38,5,3,11,3
R dr U FS L D ur,2,11,38,5,3,11,3
R FS D dr U L ur,2,11,38,5,3,11,3
R FS D U dr L ur,2,11,38,5,3,11,4
R FS D U ur L dr,2,11,38,5,3,13,4
R FS D ur L U dr,2,11,38,5,3,9,2
R FS D ur U L dr,2,11,38,5,3,11,3
R FS dr D U L ur,2,11,38,5,3,13,4
R FS dr U D L ur,2,11,38,5,3,11,4
R FS dr U L D ur,2,11,38,5,3,9,2
R FS U D dr L ur,2,11,38,5,3,13,4
R FS U D ur L dr,2,11,38,5,3,11,4
R FS U dr D L ur,2,11,38,5,3,11,3
R FS U dr L D ur,2,11,38,5,3,9,2
R FS U ur D L dr,2,11,38,5,3,11,3
R FS ur D L U dr,2,11,38,5,3,11,3
R FS ur D U L dr,2,11,38,5,3,13,4
R FS ur U D L dr,2,11,38,5,3,15,4
R U dr FS D L ur,2,11,38,5,3,9,2
R U dr FS L D ur,2,11,38,5,3,9,2
R U FS D dr L ur,2,11,38,5,3,11,3
R U FS D ur L dr,2,11,38,5,3,9,2
R U FS dr D L ur,2,11,38,5,3,11,3
R U FS dr L D ur,2,11,38,5,3,9,2
R U FS ur D L dr,2,11,38,5,3,11,3
R U ur FS D L dr,2,11,38,5,3,13,3
R ur FS D L U dr,2,11,38,5,3,13,3
R ur FS D U L dr,2,11,38,5,3,15,4
R ur FS U D L dr,2,11,38,5,3,15,4
R ur U FS D L dr,2,11,38,5,3,13,3
ur FS R D L U dr,2,11,38,5,3,12,3
ur FS R D U L dr,2,11,38,5,3,14,4
ur FS R U D L dr,2,11,38,5,3,14,4
ur R FS D L U dr,2,11,38,5,3,12,3
ur R FS D U L dr,2,11,38,5,3,14,4
ur R FS U D L dr,2,11,38,5,3,14,4
ur R U FS D L dr,2,11,38,5,3,12,3
dr FS L U R D ur,6,11,42,5,3,10,2
dr FS U L R D ur,6,11,42,5,3,12,4
dr FS U R D L ur,6,11,42,5,3,10,2
dr FS U R L D ur,6,11,42,5,3,12,4
dr L FS U R D ur,6,11,42,5,3,10,2
dr U FS L R D ur,6,11,42,5,3,12,4
dr U FS R D L ur,6,11,42,5,3,10,2
dr U FS R L D ur,6,11,42,5,3,12,4
dr U R FS D L ur,6,11,42,5,3,10,2
dr U R FS L D ur,6,11,42,5,3,10,2
FS dr L U R D ur,6,11,42,5,3,9,2
FS dr U L R D ur,6,11,42,5,3,11,4
FS dr U R D L ur,6,11,42,5,3,9,2
FS dr U R L D ur,6,11,42,5,3,11,4
FS L dr U R D ur,6,11,42,5,3,9,2
FS L ur D R U dr,6,11,42,5,3,9,2
FS U dr L R D ur,6,11,42,5,3,11,4
FS U dr R D L ur,6,11,42,5,3,11,3
FS U dr R L D ur,6,11,42,5,3,13,4
FS U R D dr L ur,6,11,42,5,3,11,3
FS U R D ur L dr,6,11,42,5,3,9,2
FS U R dr D L ur,6,11,42,5,3,13,3
FS U R dr L D ur,6,11,42,5,3,11,3
FS U R ur D L dr,6,11,42,5,3,11,3
FS U ur R D L dr,6,11,42,5,3,13,3
FS ur L D R U dr,6,11,42,5,3,11,3
FS ur U R D L dr,6,11,42,5,3,13,3
L dr FS U R D ur,6,11,42,5,3,9,2
L FS dr U R D ur,6,11,42,5,3,9,2
L FS ur D R U dr,6,11,42,5,3,11,3
L ur D FS R U dr,6,11,42,5,3,9,2
L ur FS D R U dr,6,11,42,5,3,11,3
U dr FS L R D ur,6,11,42,5,3,11,4
U dr FS R D L ur,6,11,42,5,3,9,2
U dr FS R L D ur,6,11,42,5,3,11,4
U dr R FS D L ur,6,11,42,5,3,11,3
U dr R FS L D ur,6,11,42,5,3,11,3
U FS dr L R D ur,6,11,42,5,3,11,4
U FS dr R D L ur,6,11,42,5,3,11,3
U FS dr R L D ur,6,11,42,5,3,13,4
U FS R D dr L ur,6,11,42,5,3,11,3
U FS R D ur L dr,6,11,42,5,3,9,2
U FS R dr D L ur,6,11,42,5,3,13,3
U FS R dr L D ur,6,11,42,5,3,11,3
U FS R ur D L dr,6,11,42,5,3,11,3
U FS ur R D L dr,6,11,42,5,3,13,3
U R dr FS D L ur,6,11,42,5,3,11,3
U R dr FS L D ur,6,11,42,5,3,11,3
U R FS D dr L ur,6,11,42,5,3,11,3
U R FS D ur L dr,6,11,42,5,3,9,2
U R FS dr D L ur,6,11,42,5,3,11,3
U R FS dr L D ur,6,11,42,5,3,9,2
U R FS ur D L dr,6,11,42,5,3,11,3
U R ur FS D L dr,6,11,42,5,3,13,3
U ur FS R D L dr,6,11,42,5,3,13,3
U ur R FS D L dr,6,11,42,5,3,13,3
ur FS L D R U dr,6,11,42,5,3,12,3
ur FS U R D L dr,6,11,42,5,3,12,3
ur L D FS R U dr,6,11,42,5,3,10,2
ur L FS D R U dr,6,11,42,5,3,10,2
ur U FS R D L dr,6,11,42,5,3,12,3
ur U R FS D L dr,6,11,42,5,3,12,3
dr FS L R D U ur,2,11,44,6,3,16,4
dr FS L R U D ur,2,11,44,6,3,14,4
dr FS R D L U ur,2,11,44,6,3,12,3
dr FS R L D U ur,2,11,44,6,3,16,4
dr FS R L U D ur,2,11,44,6,3,14,4
dr L FS R D U ur,2,11,44,6,3,14,4
dr L FS R U D ur,2,11,44,6,3,12,4
dr L R FS D U ur,2,11,44,6,3,16,4
dr L R FS U D ur,2,11,44,6,3,14,4
dr L R U FS D ur,2,11,44,6,3,12,4
dr L R U ur D FS,2,11,44,6,3,13,4
dr L R ur D U FS,2,11,44,6,3,15,4
dr L R ur U D FS,2,11,44,6,3,17,4
dr L ur D R U FS,2,11,44,6,3,9,2
dr L ur R D U FS,2,11,44,6,3,13,4
dr L ur R U D FS,2,11,44,6,3,13,4
dr R FS D L U ur,2,11,44,6,3,14,3
dr R FS L D U ur,2,11,44,6,3,16,4
dr R FS L U D ur,2,11,44,6,3,14,4
dr R L FS D U ur,2,11,44,6,3,18,4
dr R L FS U D ur,2,11,44,6,3,16,4
dr R L U FS D ur,2,11,44,6,3,14,4
dr R L U ur D FS,2,11,44,6,3,15,4
dr R L ur D U FS,2,11,44,6,3,15,4
dr R L ur U D FS,2,11,44,6,3,17,4
dr R U L FS D ur,2,11,44,6,3,12,3
dr R U L ur D FS,2,11,44,6,3,11,3
dr R U ur L D FS,2,11,44,6,3,13,3
dr R ur L D U FS,2,11,44,6,3,15,4
dr R ur L U D FS,2,11,44,6,3,15,4
dr R ur U L D FS,2,11,44,6,3,15,3
dr ur L D R U FS,2,11,44,6,3,11,2
dr ur L R D U FS,2,11,44,6,3,15,4
dr ur L R U D FS,2,11,44,6,3,15,4
dr ur R L D U FS,2,11,44,6,3,17,4
dr ur R L U D FS,2,11,44,6,3,17,4
dr ur R U L D FS,2,11,44,6,3,13,3
FS dr L R D U ur,2,11,44,6,3,15,4
FS dr L R U D ur,2,11,44,6,3,13,4
FS dr R D L U ur,2,11,44,6,3,13,3
FS dr R L D U ur,2,11,44,6,3,17,4
FS dr R L U D ur,2,11,44,6,3,15,4
FS L dr R D U ur,2,11,44,6,3,15,4
FS L dr R U D ur,2,11,44,6,3,13,4
FS L R D dr U ur,2,11,44,6,3,15,4
FS L R D U dr ur,2,11,44,6,3,15,4
FS L R D U ur dr,2,11,44,6,3,17,4
FS L R D ur U dr,2,11,44,6,3,13,4
FS L R dr D U ur,2,11,44,6,3,19,4
FS L R dr U D ur,2,11,44,6,3,15,4
FS L R U D dr ur,2,11,44,6,3,17,4
FS L R U D ur dr,2,11,44,6,3,15,4
FS L R U dr D ur,2,11,44,6,3,13,4
FS L R U ur D dr,2,11,44,6,3,15,4
FS L R ur D U dr,2,11,44,6,3,15,4
FS L R ur U D dr,2,11,44,6,3,19,4
FS L ur R D U dr,2,11,44,6,3,13,4
FS L ur R U D dr,2,11,44,6,3,15,4
FS R D dr L U ur,2,11,44,6,3,13,3
FS R D L dr U ur,2,11,44,6,3,11,3
FS R D L U dr ur,2,11,44,6,3,11,2
FS R D L U ur dr,2,11,44,6,3,13,3
FS R D L ur U dr,2,11,44,6,3,11,3
FS R D U L dr ur,2,11,44,6,3,13,4
FS R D U L ur dr,2,11,44,6,3,13,4
FS R dr D L U ur,2,11,44,6,3,15,3
FS R dr L D U ur,2,11,44,6,3,15,4
FS R dr L U D ur,2,11,44,6,3,13,4
FS R L D dr U ur,2,11,44,6,3,15,4
FS R L D U dr ur,2,11,44,6,3,15,4
FS R L D U ur dr,2,11,44,6,3,17,4
FS R L D ur U dr,2,11,44,6,3,13,4
FS R L dr D U ur,2,11,44,6,3,17,4
FS R L dr U D ur,2,11,44,6,3,13,4
FS R L U D dr ur,2,11,44,6,3,17,4
FS R L U D ur dr,2,11,44,6,3,15,4
FS R L U dr D ur,2,11,44,6,3,13,4
FS R L U ur D dr,2,11,44,6,3,15,4
FS R L ur D U dr,2,11,44,6,3,13,4
FS R L ur U D dr,2,11,44,6,3,17,4
FS R U D L dr ur,2,11,44,6,3,13,4
FS R U D L ur dr,2,11,44,6,3,13,4
FS R U L D dr ur,2,11,44,6,3,13,3
FS R U L D ur dr,2,11,44,6,3,11,2
FS R U L dr D ur,2,11,44,6,3,11,3
FS R U L ur D dr,2,11,44,6,3,11,3
FS R U ur L D dr,2,11,44,6,3,13,3
FS R ur L D U dr,2,11,44,6,3,13,4
FS R ur L U D dr,2,11,44,6,3,15,4
FS R ur U L D dr,2,11,44,6,3,15,3
FS ur L R D U dr,2,11,44,6,3,15,4
FS ur L R U D dr,2,11,44,6,3,17,4
FS ur R L D U dr,2,11,44,6,3,17,4
FS ur R L U D dr,2,11,44,6,3,19,4
FS ur R U L D dr,2,11,44,6,3,15,3
L dr FS R D U ur,2,11,44,6,3,13,4
L dr FS R U D ur,2,11,44,6,3,11,4
L dr R FS D U ur,2,11,44,6,3,15,4
L dr R FS U D ur,2,11,44,6,3,13,4
L dr R U FS D ur,2,11,44,6,3,11,3
L dr R U ur D FS,2,11,44,6,3,12,3
L dr R ur D U FS,2,11,44,6,3,14,4
L dr R ur U D FS,2,11,44,6,3,16,4
L dr ur D R U FS,2,11,44,6,3,10,2
L dr ur R D U FS,2,11,44,6,3,14,4
L dr ur R U D FS,2,11,44,6,3,14,4
L FS dr R D U ur,2,11,44,6,3,15,4
L FS dr R U D ur,2,11,44,6,3,13,4
L FS R D dr U ur,2,11,44,6,3,13,3
L FS R D U dr ur,2,11,44,6,3,13,4
L FS R D U ur dr,2,11,44,6,3,15,4
L FS R D ur U dr,2,11,44,6,3,11,3
L FS R dr D U ur,2,11,44,6,3,17,4
L FS R dr U D ur,2,11,44,6,3,13,4
L FS R U D dr ur,2,11,44,6,3,15,4
L FS R U D ur dr,2,11,44,6,3,13,4
L FS R U dr D ur,2,11,44,6,3,11,3
L FS R U ur D dr,2,11,44,6,3,13,3
L FS R ur D U dr,2,11,44,6,3,13,4
L FS R ur U D dr,2,11,44,6,3,17,4
L FS ur R D U dr,2,11,44,6,3,15,4
L FS ur R U D dr,2,11,44,6,3,17,4
L R dr FS D U ur,2,11,44,6,3,17,4
L R dr FS U D ur,2,11,44,6,3,15,4
L R dr U FS D ur,2,11,44,6,3,13,4
L R dr U ur D FS,2,11,44,6,3,14,4
L R dr ur D U FS,2,11,44,6,3,16,4
L R dr ur U D FS,2,11,44,6,3,18,4
L R FS D dr U ur,2,11,44,6,3,15,4
L R FS D U dr ur,2,11,44,6,3,15,4
L R FS D U ur dr,2,11,44,6,3,17,4
L R FS D ur U dr,2,11,44,6,3,13,4
L R FS dr D U ur,2,11,44,6,3,17,4
L R FS dr U D ur,2,11,44,6,3,13,4
L R FS U D dr ur,2,11,44,6,3,17,4
L R FS U D ur dr,2,11,44,6,3,15,4
L R FS U dr D ur,2,11,44,6,3,13,4
L R FS U ur D dr,2,11,44,6,3,15,4
L R FS ur D U dr,2,11,44,6,3,15,4
L R FS ur U D dr,2,11,44,6,3,19,4
L R U dr FS D ur,2,11,44,6,3,11,4
L R U dr ur D FS,2,11,44,6,3,12,4
L R U FS D dr ur,2,11,44,6,3,15,4
L R U FS D ur dr,2,11,44,6,3,13,4
L R U FS dr D ur,2,11,44,6,3,13,4
L R U FS ur D dr,2,11,44,6,3,15,4
L R U ur D dr FS,2,11,44,6,3,14,4
L R U ur D FS dr,2,11,44,6,3,13,4
L R U ur dr D FS,2,11,44,6,3,16,4
L R U ur FS D dr,2,11,44,6,3,17,4
L R ur D dr U FS,2,11,44,6,3,14,4
L R ur D FS U dr,2,11,44,6,3,13,4
L R ur D U dr FS,2,11,44,6,3,14,4
L R ur D U FS dr,2,11,44,6,3,15,4
L R ur dr D U FS,2,11,44,6,3,18,4
L R ur dr U D FS,2,11,44,6,3,16,4
L R ur FS D U dr,2,11,44,6,3,17,4
L R ur FS U D dr,2,11,44,6,3,19,4
L R ur U D dr FS,2,11,44,6,3,18,4
L R ur U D FS dr,2,11,44,6,3,17,4
L R ur U dr D FS,2,11,44,6,3,16,4
L R ur U FS D dr,2,11,44,6,3,17,4
L ur D dr R U FS,2,11,44,6,3,12,3
L ur D R dr U FS,2,11,44,6,3,10,3
L ur D R FS U dr,2,11,44,6,3,9,2
L ur D R U dr FS,2,11,44,6,3,8,2
L ur D R U FS dr,2,11,44,6,3,9,2
L ur dr D R U FS,2,11,44,6,3,12,3
L ur dr R D U FS,2,11,44,6,3,14,4
L ur dr R U D FS,2,11,44,6,3,14,4
L ur FS R D U dr,2,11,44,6,3,13,4
L ur FS R U D dr,2,11,44,6,3,15,4
L ur R D dr U FS,2,11,44,6,3,12,3
L ur R D FS U dr,2,11,44,6,3,11,3
L ur R D U dr FS,2,11,44,6,3,12,4
L ur R D U FS dr,2,11,44,6,3,13,4
L ur R dr D U FS,2,11,44,6,3,16,4
L ur R dr U D FS,2,11,44,6,3,14,4
L ur R FS D U dr,2,11,44,6,3,13,4
L ur R FS U D dr,2,11,44,6,3,15,4
L ur R U D dr FS,2,11,44,6,3,14,4
L ur R U D FS dr,2,11,44,6,3,13,4
L ur R U dr D FS,2,11,44,6,3,12,3
L ur R U FS D dr,2,11,44,6,3,13,3
R dr FS D L U ur,2,11,44,6,3,13,3
R dr FS L D U ur,2,11,44,6,3,15,4
R dr FS L U D ur,2,11,44,6,3,13,4
R dr L FS D U ur,2,11,44,6,3,15,4
R dr L FS U D ur,2,11,44,6,3,13,4
R dr L U FS D ur,2,11,44,6,3,11,3
R dr L U ur D FS,2,11,44,6,3,12,3
R dr L ur D U FS,2,11,44,6,3,12,4
R dr L ur U D FS,2,11,44,6,3,14,4
R dr U L FS D ur,2,11,44,6,3,11,3
R dr U L ur D FS,2,11,44,6,3,10,3
R dr U ur L D FS,2,11,44,6,3,12,3
R dr ur L D U FS,2,11,44,6,3,14,4
R dr ur L U D FS,2,11,44,6,3,14,4
R dr ur U L D FS,2,11,44,6,3,14,3
R FS D dr L U ur,2,11,44,6,3,13,3
R FS D L dr U ur,2,11,44,6,3,11,3
R FS D L U dr ur,2,11,44,6,3,11,2
R FS D L U ur dr,2,11,44,6,3,13,3
R FS D L ur U dr,2,11,44,6,3,11,3
R FS D U L dr ur,2,11,44,6,3,13,4
R FS D U L ur dr,2,11,44,6,3,13,4
R FS dr D L U ur,2,11,44,6,3,13,3
R FS dr L D U ur,2,11,44,6,3,13,4
R FS dr L U D ur,2,11,44,6,3,11,4
R FS L D dr U ur,2,11,44,6,3,13,3
R FS L D U dr ur,2,11,44,6,3,13,4
R FS L D U ur dr,2,11,44,6,3,15,4
R FS L D ur U dr,2,11,44,6,3,11,3
R FS L dr D U ur,2,11,44,6,3,15,4
R FS L dr U D ur,2,11,44,6,3,11,4
R FS L U D dr ur,2,11,44,6,3,15,4
R FS L U D ur dr,2,11,44,6,3,13,4
R FS L U dr D ur,2,11,44,6,3,11,3
R FS L U ur D dr,2,11,44,6,3,13,3
R FS L ur D U dr,2,11,44,6,3,11,4
R FS L ur U D dr,2,11,44,6,3,15,4
R FS U D L dr ur,2,11,44,6,3,13,4
R FS U D L ur dr,2,11,44,6,3,13,4
R FS U L D dr ur,2,11,44,6,3,13,3
R FS U L D ur dr,2,11,44,6,3,11,2
R FS U L dr D ur,2,11,44,6,3,11,3
R FS U L ur D dr,2,11,44,6,3,11,3
R FS U ur L D dr,2,11,44,6,3,13,3
R FS ur L D U dr,2,11,44,6,3,13,4
R FS ur L U D dr,2,11,44,6,3,15,4
R FS ur U L D dr,2,11,44,6,3,15,3
R L dr FS D U ur,2,11,44,6,3,15,4
R L dr FS U D ur,2,11,44,6,3,13,4
R L dr U FS D ur,2,11,44,6,3,11,4
R L dr U ur D FS,2,11,44,6,3,12,4
R L dr ur D U FS,2,11,44,6,3,14,4
R L dr ur U D FS,2,11,44,6,3,16,4
R L FS D dr U ur,2,11,44,6,3,15,4
R L FS D U dr ur,2,11,44,6,3,15,4
R L FS D U ur dr,2,11,44,6,3,17,4
R L FS D ur U dr,2,11,44,6,3,13,4
R L FS dr D U ur,2,11,44,6,3,17,4
R L FS dr U D ur,2,11,44,6,3,13,4
R L FS U D dr ur,2,11,44,6,3,17,4
R L FS U D ur dr,2,11,44,6,3,15,4
R L FS U dr D ur,2,11,44,6,3,13,4
R L FS U ur D dr,2,11,44,6,3,15,4
R L FS ur D U dr,2,11,44,6,3,15,4
R L FS ur U D dr,2,11,44,6,3,19,4
R L U dr FS D ur,2,11,44,6,3,11,4
R L U dr ur D FS,2,11,44,6,3,12,4
R L U FS D dr ur,2,11,44,6,3,15,4
R L U FS D ur dr,2,11,44,6,3,13,4
R L U FS dr D ur,2,11,44,6,3,13,4
R L U FS ur D dr,2,11,44,6,3,15,4
R L U ur D dr FS,2,11,44,6,3,14,4
R L U ur D FS dr,2,11,44,6,3,13,4
R L U ur dr D FS,2,11,44,6,3,16,4
R L U ur FS D dr,2,11,44,6,3,17,4
R L ur D dr U FS,2,11,44,6,3,12,4
R L ur D FS U dr,2,11,44,6,3,11,4
R L ur D U dr FS,2,11,44,6,3,12,4
R L ur D U FS dr,2,11,44,6,3,13,4
R L ur dr D U FS,2,11,44,6,3,16,4
R L ur dr U D FS,2,11,44,6,3,14,4
R L ur FS D U dr,2,11,44,6,3,15,4
R L ur FS U D dr,2,11,44,6,3,17,4
R L ur U D dr FS,2,11,44,6,3,16,4
R L ur U D FS dr,2,11,44,6,3,15,4
R L ur U dr D FS,2,11,44,6,3,14,4
R L ur U FS D dr,2,11,44,6,3,15,4
R U dr L FS D ur,2,11,44,6,3,9,2
R U dr L ur D FS,2,11,44,6,3,8,2
R U dr ur L D FS,2,11,44,6,3,10,2
R U FS D L dr ur,2,11,44,6,3,11,2
R U FS D L ur dr,2,11,44,6,3,11,2
R U FS L D dr ur,2,11,44,6,3,13,3
R U FS L D ur dr,2,11,44,6,3,11,2
R U FS L dr D ur,2,11,44,6,3,11,3
R U FS L ur D dr,2,11,44,6,3,11,3
R U FS ur L D dr,2,11,44,6,3,13,3
R U L dr FS D ur,2,11,44,6,3,9,2
R U L dr ur D FS,2,11,44,6,3,10,2
R U L FS D dr ur,2,11,44,6,3,13,3
R U L FS D ur dr,2,11,44,6,3,11,2
R U L FS dr D ur,2,11,44,6,3,11,3
R U L FS ur D dr,2,11,44,6,3,13,3
R U L ur D dr FS,2,11,44,6,3,10,3
R U L ur D FS dr,2,11,44,6,3,9,2
R U L ur dr D FS,2,11,44,6,3,12,3
R U L ur FS D dr,2,11,44,6,3,13,3
R U ur dr L D FS,2,11,44,6,3,12,3
R U ur FS L D dr,2,11,44,6,3,15,3
R U ur L D dr FS,2,11,44,6,3,12,3
R U ur L D FS dr,2,11,44,6,3,11,3
R U ur L dr D FS,2,11,44,6,3,12,3
R U ur L FS D dr,2,11,44,6,3,13,3
R ur dr L D U FS,2,11,44,6,3,14,4
R ur dr L U D FS,2,11,44,6,3,14,4
R ur dr U L D FS,2,11,44,6,3,12,3
R ur FS L D U dr,2,11,44,6,3,15,4
R ur FS L U D dr,2,11,44,6,3,17,4
R ur FS U L D dr,2,11,44,6,3,15,3
R ur L D dr U FS,2,11,44,6,3,12,3
R ur L D FS U dr,2,11,44,6,3,11,3
R ur L D U dr FS,2,11,44,6,3,12,4
R ur L D U FS dr,2,11,44,6,3,13,4
R ur L dr D U FS,2,11,44,6,3,14,4
R ur L dr U D FS,2,11,44,6,3,12,4
R ur L FS D U dr,2,11,44,6,3,13,4
R ur L FS U D dr,2,11,44,6,3,15,4
R ur L U D dr FS,2,11,44,6,3,14,4
R ur L U D FS dr,2,11,44,6,3,13,4
R ur L U dr D FS,2,11,44,6,3,12,3
R ur L U FS D dr,2,11,44,6,3,13,3
R ur U dr L D FS,2,11,44,6,3,12,3
R ur U FS L D dr,2,11,44,6,3,15,3
R ur U L D dr FS,2,11,44,6,3,14,3
R ur U L D FS dr,2,11,44,6,3,13,3
R ur U L dr D FS,2,11,44,6,3,14,3
R ur U L FS D dr,2,11,44,6,3,15,3
ur dr L D R U FS,2,11,44,6,3,11,2
ur dr L R D U FS,2,11,44,6,3,15,4
ur dr L R U D FS,2,11,44,6,3,15,4
ur dr R L D U FS,2,11,44,6,3,17,4
ur dr R L U D FS,2,11,44,6,3,17,4
ur dr R U L D FS,2,11,44,6,3,13,3
ur FS L R D U dr,2,11,44,6,3,16,4
ur FS L R U D dr,2,11,44,6,3,18,4
ur FS R L D U dr,2,11,44,6,3,16,4
ur FS R L U D dr,2,11,44,6,3,18,4
ur FS R U L D dr,2,11,44,6,3,14,3
ur L D dr R U FS,2,11,44,6,3,13,3
ur L D R dr U FS,2,11,44,6,3,11,3
ur L D R FS U dr,2,11,44,6,3,10,2
ur L D R U dr FS,2,11,44,6,3,9,2
ur L D R U FS dr,2,11,44,6,3,10,2
ur L dr D R U FS,2,11,44,6,3,11,3
ur L dr R D U FS,2,11,44,6,3,13,4
ur L dr R U D FS,2,11,44,6,3,13,4
ur L FS R D U dr,2,11,44,6,3,12,4
ur L FS R U D dr,2,11,44,6,3,14,4
ur L R D dr U FS,2,11,44,6,3,13,4
ur L R D FS U dr,2,11,44,6,3,12,4
ur L R D U dr FS,2,11,44,6,3,13,4
ur L R D U FS dr,2,11,44,6,3,14,4
ur L R dr D U FS,2,11,44,6,3,17,4
ur L R dr U D FS,2,11,44,6,3,15,4
ur L R FS D U dr,2,11,44,6,3,14,4
ur L R FS U D dr,2,11,44,6,3,16,4
ur L R U D dr FS,2,11,44,6,3,15,4
ur L R U D FS dr,2,11,44,6,3,14,4
ur L R U dr D FS,2,11,44,6,3,13,4
ur L R U FS D dr,2,11,44,6,3,14,4
ur R dr L D U FS,2,11,44,6,3,15,4
ur R dr L U D FS,2,11,44,6,3,15,4
ur R dr U L D FS,2,11,44,6,3,13,3
ur R FS L D U dr,2,11,44,6,3,14,4
ur R FS L U D dr,2,11,44,6,3,16,4
ur R FS U L D dr,2,11,44,6,3,14,3
ur R L D dr U FS,2,11,44,6,3,15,4
ur R L D FS U dr,2,11,44,6,3,14,4
ur R L D U dr FS,2,11,44,6,3,15,4
ur R L D U FS dr,2,11,44,6,3,16,4
ur R L dr D U FS,2,11,44,6,3,17,4
ur R L dr U D FS,2,11,44,6,3,15,4
ur R L FS D U dr,2,11,44,6,3,16,4
ur R L FS U D dr,2,11,44,6,3,18,4
ur R L U D dr FS,2,11,44,6,3,17,4
ur R L U D FS dr,2,11,44,6,3,16,4
ur R L U dr D FS,2,11,44,6,3,15,4
ur R L U FS D dr,2,11,44,6,3,16,4
ur R U dr L D FS,2,11,44,6,3,11,3
ur R U FS L D dr,2,11,44,6,3,14,3
ur R U L D dr FS,2,11,44,6,3,13,3
ur R U L D FS dr,2,11,44,6,3,12,3
ur R U L dr D FS,2,11,44,6,3,13,3
ur R U L FS D dr,2,11,44,6,3,14,3
D dr FS R U L ur,7,12,48,5,3,11,3
D FS dr R U L ur,7,12,48,5,3,11,3
D FS R dr U L ur,7,12,48,5,3,11,3
D FS R U dr L ur,7,12,48,5,3,9,2
D FS R U ur L dr,7,12,48,5,3,11,3
D FS R ur L U dr,7,12,48,5,3,11,3
D FS R ur U L dr,7,12,48,5,3,13,3
D FS ur L R U dr,7,12,48,5,3,13,4
D FS ur R L U dr,7,12,48,5,3,15,4
D FS ur R U L dr,7,12,48,5,3,13,3
D ur FS L R U dr,7,12,48,5,3,13,4
D ur FS R L U dr,7,12,48,5,3,13,4
D ur FS R U L dr,7,12,48,5,3,11,3
D ur L FS R U dr,7,12,48,5,3,9,2
dr D FS R U L ur,7,12,48,5,3,12,3
dr FS D R U L ur,7,12,48,5,3,10,2
FS D dr R U L ur,7,12,48,5,3,13,3
FS D R dr U L ur,7,12,48,5,3,11,3
FS D R U dr L ur,7,12,48,5,3,9,2
FS D R U ur L dr,7,12,48,5,3,11,3
FS D R ur L U dr,7,12,48,5,3,11,3
FS D R ur U L dr,7,12,48,5,3,13,3
FS D ur L R U dr,7,12,48,5,3,11,4
FS D ur R L U dr,7,12,48,5,3,13,4
FS D ur R U L dr,7,12,48,5,3,11,3
FS dr D R U L ur,7,12,48,5,3,11,3
FS ur D L R U dr,7,12,48,5,3,13,4
FS ur D R L U dr,7,12,48,5,3,13,4
FS ur D R U L dr,7,12,48,5,3,11,3
ur D FS L R U dr,7,12,48,5,3,12,4
ur D FS R L U dr,7,12,48,5,3,12,4
ur D FS R U L dr,7,12,48,5,3,10,2
ur D L FS R U dr,7,12,48,5,3,10,2
ur FS D L R U dr,7,12,48,5,3,14,4
ur FS D R L U dr,7,12,48,5,3,14,4
ur FS D R U L dr,7,12,48,5,3,12,3
dr L U FS R D ur,6,11,48,6,3,10,2
dr L U R FS D ur,6,11,48,6,3,10,2
dr L U R ur D FS,6,11,48,6,3,11,3
dr L U ur D R FS,6,11,48,6,3,11,3
dr L U ur R D FS,6,11,48,6,3,13,3
dr L ur D U R FS,6,11,48,6,3,11,4
dr L ur U D R FS,6,11,48,6,3,13,4
dr L ur U R D FS,6,11,48,6,3,11,3
dr U L FS R D ur,6,11,48,6,3,10,2
dr U L R FS D ur,6,11,48,6,3,12,4
dr U L R ur D FS,6,11,48,6,3,13,4
dr U L ur D R FS,6,11,48,6,3,9,2
dr U L ur R D FS,6,11,48,6,3,11,3
dr U R L FS D ur,6,11,48,6,3,12,4
dr U R L ur D FS,6,11,48,6,3,11,4
dr U R ur L D FS,6,11,48,6,3,11,3
dr U ur L D R FS,6,11,48,6,3,11,3
dr U ur L R D FS,6,11,48,6,3,13,4
dr U ur R L D FS,6,11,48,6,3,15,4
dr ur L D U R FS,6,11,48,6,3,13,4
dr ur L U D R FS,6,11,48,6,3,13,4
dr ur L U R D FS,6,11,48,6,3,11,2
dr ur U L D R FS,6,11,48,6,3,13,3
dr ur U L R D FS,6,11,48,6,3,15,4
dr ur U R L D FS,6,11,48,6,3,15,4
FS L U dr R D ur,6,11,48,6,3,11,3
FS L U R D dr ur,6,11,48,6,3,13,3
FS L U R D ur dr,6,11,48,6,3,11,2
FS L U R dr D ur,6,11,48,6,3,13,3
FS L U R ur D dr,6,11,48,6,3,13,3
FS L U ur D R dr,6,11,48,6,3,13,3
FS L U ur R D dr,6,11,48,6,3,15,3
FS L ur D U R dr,6,11,48,6,3,13,4
FS L ur U D R dr,6,11,48,6,3,15,4
FS L ur U R D dr,6,11,48,6,3,13,3
FS U L dr R D ur,6,11,48,6,3,11,3
FS U L R D dr ur,6,11,48,6,3,15,4
FS U L R D ur dr,6,11,48,6,3,13,4
FS U L R dr D ur,6,11,48,6,3,15,4
FS U L R ur D dr,6,11,48,6,3,15,4
FS U L ur D R dr,6,11,48,6,3,11,3
FS U L ur R D dr,6,11,48,6,3,13,3
FS U R D L dr ur,6,11,48,6,3,11,2
FS U R D L ur dr,6,11,48,6,3,11,2
FS U R L D dr ur,6,11,48,6,3,15,4
FS U R L D ur dr,6,11,48,6,3,13,4
FS U R L dr D ur,6,11,48,6,3,13,4
FS U R L ur D dr,6,11,48,6,3,13,4
FS U R ur L D dr,6,11,48,6,3,13,3
FS U ur L D R dr,6,11,48,6,3,13,3
FS U ur L R D dr,6,11,48,6,3,15,4
FS U ur R L D dr,6,11,48,6,3,17,4
FS ur L D U R dr,6,11,48,6,3,15,4
FS ur L U D R dr,6,11,48,6,3,15,4
FS ur L U R D dr,6,11,48,6,3,13,3
FS ur U L D R dr,6,11,48,6,3,15,3
FS ur U L R D dr,6,11,48,6,3,17,4
FS ur U R L D dr,6,11,48,6,3,17,4
L dr U FS R D ur,6,11,48,6,3,9,2
L dr U R FS D ur,6,11,48,6,3,9,2
L dr U R ur D FS,6,11,48,6,3,10,3
L dr U ur D R FS,6,11,48,6,3,10,3
L dr U ur R D FS,6,11,48,6,3,12,3
L dr ur D U R FS,6,11,48,6,3,12,4
L dr ur U D R FS,6,11,48,6,3,14,4
L dr ur U R D FS,6,11,48,6,3,12,3
L FS U dr R D ur,6,11,48,6,3,11,3
L FS U R D dr ur,6,11,48,6,3,13,3
L FS U R D ur dr,6,11,48,6,3,11,2
L FS U R dr D ur,6,11,48,6,3,13,3
L FS U R ur D dr,6,11,48,6,3,13,3
L FS U ur D R dr,6,11,48,6,3,13,3
L FS U ur R D dr,6,11,48,6,3,15,3
L FS ur D U R dr,6,11,48,6,3,15,4
L FS ur U D R dr,6,11,48,6,3,17,4
L FS ur U R D dr,6,11,48,6,3,15,3
L U dr FS R D ur,6,11,48,6,3,9,2
L U dr R FS D ur,6,11,48,6,3,11,3
L U dr R ur D FS,6,11,48,6,3,12,3
L U dr ur D R FS,6,11,48,6,3,10,2
L U dr ur R D FS,6,11,48,6,3,12,3
L U FS dr R D ur,6,11,48,6,3,11,3
L U FS R D dr ur,6,11,48,6,3,13,3
L U FS R D ur dr,6,11,48,6,3,11,2
L U FS R dr D ur,6,11,48,6,3,13,3
L U FS R ur D dr,6,11,48,6,3,13,3
L U FS ur D R dr,6,11,48,6,3,13,3
L U FS ur R D dr,6,11,48,6,3,15,3
L U R dr FS D ur,6,11,48,6,3,11,3
L U R dr ur D FS,6,11,48,6,3,12,3
L U R FS D dr ur,6,11,48,6,3,13,3
L U R FS D ur dr,6,11,48,6,3,11,2
L U R FS dr D ur,6,11,48,6,3,11,3
L U R FS ur D dr,6,11,48,6,3,13,3
L U R ur D dr FS,6,11,48,6,3,12,3
L U R ur D FS dr,6,11,48,6,3,11,3
L U R ur dr D FS,6,11,48,6,3,14,3
L U R ur FS D dr,6,11,48,6,3,15,3
L U ur D dr R FS,6,11,48,6,3,14,3
L U ur D FS R dr,6,11,48,6,3,13,3
L U ur D R dr FS,6,11,48,6,3,12,3
L U ur D R FS dr,6,11,48,6,3,11,3
L U ur dr D R FS,6,11,48,6,3,14,3
L U ur dr R D FS,6,11,48,6,3,14,3
L U ur FS D R dr,6,11,48,6,3,15,3
L U ur FS R D dr,6,11,48,6,3,15,3
L U ur R D dr FS,6,11,48,6,3,14,3
L U ur R D FS dr,6,11,48,6,3,13,3
L U ur R dr D FS,6,11,48,6,3,16,3
L U ur R FS D dr,6,11,48,6,3,15,3
L ur D dr U R FS,6,11,48,6,3,10,3
L ur D FS U R dr,6,11,48,6,3,11,3
L ur D U dr R FS,6,11,48,6,3,12,4
L ur D U FS R dr,6,11,48,6,3,13,4
L ur D U R dr FS,6,11,48,6,3,12,4
L ur D U R FS dr,6,11,48,6,3,11,4
L ur dr D U R FS,6,11,48,6,3,14,4
L ur dr U D R FS,6,11,48,6,3,12,4
L ur dr U R D FS,6,11,48,6,3,10,2
L ur FS D U R dr,6,11,48,6,3,15,4
L ur FS U D R dr,6,11,48,6,3,15,4
L ur FS U R D dr,6,11,48,6,3,13,3
L ur U D dr R FS,6,11,48,6,3,16,4
L ur U D FS R dr,6,11,48,6,3,15,4
L ur U D R dr FS,6,11,48,6,3,14,4
L ur U D R FS dr,6,11,48,6,3,13,4
L ur U dr D R FS,6,11,48,6,3,12,3
L ur U dr R D FS,6,11,48,6,3,12,3
L ur U FS D R dr,6,11,48,6,3,13,3
L ur U FS R D dr,6,11,48,6,3,13,3
L ur U R D dr FS,6,11,48,6,3,12,3
L ur U R D FS dr,6,11,48,6,3,11,3
L ur U R dr D FS,6,11,48,6,3,14,3
L ur U R FS D dr,6,11,48,6,3,13,3
U dr L FS R D ur,6,11,48,6,3,9,2
U dr L R FS D ur,6,11,48,6,3,11,4
U dr L R ur D FS,6,11,48,6,3,12,4
U dr L ur D R FS,6,11,48,6,3,8,2
U dr L ur R D FS,6,11,48,6,3,10,3
U dr R L FS D ur,6,11,48,6,3,13,4
U dr R L ur D FS,6,11,48,6,3,12,4
U dr R ur L D FS,6,11,48,6,3,12,3
U dr ur L D R FS,6,11,48,6,3,10,2
U dr ur L R D FS,6,11,48,6,3,12,4
U dr ur R L D FS,6,11,48,6,3,14,4
U FS L dr R D ur,6,11,48,6,3,11,3
U FS L R D dr ur,6,11,48,6,3,15,4
U FS L R D ur dr,6,11,48,6,3,13,4
U FS L R dr D ur,6,11,48,6,3,15,4
U FS L R ur D dr,6,11,48,6,3,15,4
U FS L ur D R dr,6,11,48,6,3,11,3
U FS L ur R D dr,6,11,48,6,3,13,3
U FS R D L dr ur,6,11,48,6,3,11,2
U FS R D L ur dr,6,11,48,6,3,11,2
U FS R L D dr ur,6,11,48,6,3,15,4
U FS R L D ur dr,6,11,48,6,3,13,4
U FS R L dr D ur,6,11,48,6,3,13,4
U FS R L ur D dr,6,11,48,6,3,13,4
U FS R ur L D dr,6,11,48,6,3,13,3
U FS ur L D R dr,6,11,48,6,3,13,3
U FS ur L R D dr,6,11,48,6,3,15,4
U FS ur R L D dr,6,11,48,6,3,17,4
U L dr FS R D ur,6,11,48,6,3,9,2
U L dr R FS D ur,6,11,48,6,3,11,3
U L dr R ur D FS,6,11,48,6,3,12,3
U L dr ur D R FS,6,11,48,6,3,10,2
U L dr ur R D FS,6,11,48,6,3,12,3
U L FS dr R D ur,6,11,48,6,3,11,3
U L FS R D dr ur,6,11,48,6,3,13,3
U L FS R D ur dr,6,11,48,6,3,11,2
U L FS R dr D ur,6,11,48,6,3,13,3
U L FS R ur D dr,6,11,48,6,3,13,3
U L FS ur D R dr,6,11,48,6,3,13,3
U L FS ur R D dr,6,11,48,6,3,15,3
U L R dr FS D ur,6,11,48,6,3,13,4
U L R dr ur D FS,6,11,48,6,3,14,4
U L R FS D dr ur,6,11,48,6,3,15,4
U L R FS D ur dr,6,11,48,6,3,13,4
U L R FS dr D ur,6,11,48,6,3,13,4
U L R FS ur D dr,6,11,48,6,3,15,4
U L R ur D dr FS,6,11,48,6,3,14,4
U L R ur D FS dr,6,11,48,6,3,13,4
U L R ur dr D FS,6,11,48,6,3,16,4
U L R ur FS D dr,6,11,48,6,3,17,4
U L ur D dr R FS,6,11,48,6,3,12,3
U L ur D FS R dr,6,11,48,6,3,11,3
U L ur D R dr FS,6,11,48,6,3,10,3
U L ur D R FS dr,6,11,48,6,3,9,2
U L ur dr D R FS,6,11,48,6,3,12,3
U L ur dr R D FS,6,11,48,6,3,12,3
U L ur FS D R dr,6,11,48,6,3,13,3
U L ur FS R D dr,6,11,48,6,3,13,3
U L ur R D dr FS,6,11,48,6,3,12,3
U L ur R D FS dr,6,11,48,6,3,11,3
U L ur R dr D FS,6,11,48,6,3,14,3
U L ur R FS D dr,6,11,48,6,3,13,3
U R dr L FS D ur,6,11,48,6,3,11,3
U R dr L ur D FS,6,11,48,6,3,10,3
U R dr ur L D FS,6,11,48,6,3,12,3
U R FS D L dr ur,6,11,48,6,3,11,2
U R FS D L ur dr,6,11,48,6,3,11,2
U R FS L D dr ur,6,11,48,6,3,13,3
U R FS L D ur dr,6,11,48,6,3,11,2
U R FS L dr D ur,6,11,48,6,3,11,3
U R FS L ur D dr,6,11,48,6,3,11,3
U R FS ur L D dr,6,11,48,6,3,13,3
U R L dr FS D ur,6,11,48,6,3,11,4
U R L dr ur D FS,6,11,48,6,3,12,4
U R L FS D dr ur,6,11,48,6,3,15,4
U R L FS D ur dr,6,11,48,6,3,13,4
U R L FS dr D ur,6,11,48,6,3,13,4
U R L FS ur D dr,6,11,48,6,3,15,4
U R L ur D dr FS,6,11,48,6,3,12,4
U R L ur D FS dr,6,11,48,6,3,11,4
U R L ur dr D FS,6,11,48,6,3,14,4
U R L ur FS D dr,6,11,48,6,3,15,4
U R ur dr L D FS,6,11,48,6,3,12,3
U R ur FS L D dr,6,11,48,6,3,15,3
U R ur L D dr FS,6,11,48,6,3,12,3
U R ur L D FS dr,6,11,48,6,3,11,3
U R ur L dr D FS,6,11,48,6,3,12,3
U R ur L FS D dr,6,11,48,6,3,13,3
U ur dr L D R FS,6,11,48,6,3,12,3
U ur dr L R D FS,6,11,48,6,3,14,4
U ur dr R L D FS,6,11,48,6,3,16,4
U ur FS L D R dr,6,11,48,6,3,15,3
U ur FS L R D dr,6,11,48,6,3,17,4
U ur FS R L D dr,6,11,48,6,3,17,4
U ur L D dr R FS,6,11,48,6,3,14,3
U ur L D FS R dr,6,11,48,6,3,13,3
U ur L D R dr FS,6,11,48,6,3,12,3
U ur L D R FS dr,6,11,48,6,3,11,3
U ur L dr D R FS,6,11,48,6,3,12,3
U ur L dr R D FS,6,11,48,6,3,12,3
U ur L FS D R dr,6,11,48,6,3,13,3
U ur L FS R D dr,6,11,48,6,3,13,3
U ur L R D dr FS,6,11,48,6,3,14,4
U ur L R D FS dr,6,11,48,6,3,13,4
U ur L R dr D FS,6,11,48,6,3,16,4
U ur L R FS D dr,6,11,48,6,3,15,4
U ur R dr L D FS,6,11,48,6,3,14,3
U ur R FS L D dr,6,11,48,6,3,15,3
U ur R L D dr FS,6,11,48,6,3,16,4
U ur R L D FS dr,6,11,48,6,3,15,4
U ur R L dr D FS,6,11,48,6,3,16,4
U ur R L FS D dr,6,11,48,6,3,17,4
ur dr L D U R FS,6,11,48,6,3,13,4
ur dr L U D R FS,6,11,48,6,3,13,4
ur dr L U R D FS,6,11,48,6,3,11,2
ur dr U L D R FS,6,11,48,6,3,11,2
ur dr U L R D FS,6,11,48,6,3,13,4
ur dr U R L D FS,6,11,48,6,3,13,4
ur FS L D U R dr,6,11,48,6,3,16,4
ur FS L U D R dr,6,11,48,6,3,16,4
ur FS L U R D dr,6,11,48,6,3,14,3
ur FS U L D R dr,6,11,48,6,3,14,3
ur FS U L R D dr,6,11,48,6,3,16,4
ur FS U R L D dr,6,11,48,6,3,16,4
ur L D dr U R FS,6,11,48,6,3,11,3
ur L D FS U R dr,6,11,48,6,3,12,3
ur L D U dr R FS,6,11,48,6,3,13,4
ur L D U FS R dr,6,11,48,6,3,14,4
ur L D U R dr FS,6,11,48,6,3,13,4
ur L D U R FS dr,6,11,48,6,3,12,4
ur L dr D U R FS,6,11,48,6,3,13,4
ur L dr U D R FS,6,11,48,6,3,11,4
ur L dr U R D FS,6,11,48,6,3,9,2
ur L FS D U R dr,6,11,48,6,3,14,4
ur L FS U D R dr,6,11,48,6,3,14,4
ur L FS U R D dr,6,11,48,6,3,12,3
ur L U D dr R FS,6,11,48,6,3,15,4
ur L U D FS R dr,6,11,48,6,3,14,4
ur L U D R dr FS,6,11,48,6,3,13,4
ur L U D R FS dr,6,11,48,6,3,12,4
ur L U dr D R FS,6,11,48,6,3,11,3
ur L U dr R D FS,6,11,48,6,3,11,3
ur L U FS D R dr,6,11,48,6,3,12,3
ur L U FS R D dr,6,11,48,6,3,12,3
ur L U R D dr FS,6,11,48,6,3,11,3
ur L U R D FS dr,6,11,48,6,3,10,2
ur L U R dr D FS,6,11,48,6,3,13,3
ur L U R FS D dr,6,11,48,6,3,12,3
ur U dr L D R FS,6,11,48,6,3,11,3
ur U dr L R D FS,6,11,48,6,3,13,4
ur U dr R L D FS,6,11,48,6,3,15,4
ur U FS L D R dr,6,11,48,6,3,14,3
ur U FS L R D dr,6,11,48,6,3,16,4
ur U FS R L D dr,6,11,48,6,3,16,4
ur U L D dr R FS,6,11,48,6,3,15,3
ur U L D FS R dr,6,11,48,6,3,14,3
ur U L D R dr FS,6,11,48,6,3,13,3
ur U L D R FS dr,6,11,48,6,3,12,3
ur U L dr D R FS,6,11,48,6,3,13,3
ur U L dr R D FS,6,11,48,6,3,13,3
ur U L FS D R dr,6,11,48,6,3,14,3
ur U L FS R D dr,6,11,48,6,3,14,3
ur U L R D dr FS,6,11,48,6,3,15,4
ur U L R D FS dr,6,11,48,6,3,14,4
ur U L R dr D FS,6,11,48,6,3,17,4
ur U L R FS D dr,6,11,48,6,3,16,4
ur U R dr L D FS,6,11,48,6,3,13,3
ur U R FS L D dr,6,11,48,6,3,14,3
ur U R L D dr FS,6,11,48,6,3,15,4
ur U R L D FS dr,6,11,48,6,3,14,4
ur U R L dr D FS,6,11,48,6,3,15,4
ur U R L FS D dr,6,11,48,6,3,16,4
D dr R FS U L ur,2,12,50,6,3,13,3
D dr R U FS L ur,2,12,50,6,3,13,3
D dr R U ur L FS,2,12,50,6,3,14,3
D dr R ur L U FS,2,12,50,6,3,14,3
D dr R ur U L FS,2,12,50,6,3,16,3
D dr ur L R U FS,2,12,50,6,3,14,4
D dr ur R L U FS,2,12,50,6,3,16,4
D dr ur R U L FS,2,12,50,6,3,14,3
D R dr FS U L ur,2,12,50,6,3,11,3
D R dr U FS L ur,2,12,50,6,3,11,3
D R dr U ur L FS,2,12,50,6,3,12,3
D R dr ur L U FS,2,12,50,6,3,12,3
D R dr ur U L FS,2,12,50,6,3,14,3
D R FS dr U L ur,2,12,50,6,3,9,2
D R FS U dr L ur,2,12,50,6,3,9,2
D R FS U ur L dr,2,12,50,6,3,11,3
D R FS ur L U dr,2,12,50,6,3,11,3
D R FS ur U L dr,2,12,50,6,3,13,3
D R U dr FS L ur,2,12,50,6,3,9,2
D R U dr ur L FS,2,12,50,6,3,10,2
D R U FS dr L ur,2,12,50,6,3,9,2
D R U FS ur L dr,2,12,50,6,3,11,3
D R U ur dr L FS,2,12,50,6,3,12,3
D R U ur FS L dr,2,12,50,6,3,13,3
D R U ur L dr FS,2,12,50,6,3,10,3
D R U ur L FS dr,2,12,50,6,3,11,3
D R ur dr L U FS,2,12,50,6,3,12,3
D R ur dr U L FS,2,12,50,6,3,12,3
D R ur FS L U dr,2,12,50,6,3,13,3
D R ur FS U L dr,2,12,50,6,3,13,3
D R ur L dr U FS,2,12,50,6,3,10,3
D R ur L FS U dr,2,12,50,6,3,11,3
D R ur L U dr FS,2,12,50,6,3,10,3
D R ur L U FS dr,2,12,50,6,3,11,3
D R ur U dr L FS,2,12,50,6,3,12,3
D R ur U FS L dr,2,12,50,6,3,13,3
D R ur U L dr FS,2,12,50,6,3,12,3
D R ur U L FS dr,2,12,50,6,3,13,3
D ur dr L R U FS,2,12,50,6,3,12,4
D ur dr R L U FS,2,12,50,6,3,14,4
D ur dr R U L FS,2,12,50,6,3,12,3
D ur L dr R U FS,2,12,50,6,3,10,3
D ur L R dr U FS,2,12,50,6,3,12,4
D ur L R FS U dr,2,12,50,6,3,11,4
D ur L R U dr FS,2,12,50,6,3,10,4
D ur L R U FS dr,2,12,50,6,3,11,4
D ur R dr L U FS,2,12,50,6,3,12,3
D ur R dr U L FS,2,12,50,6,3,12,3
D ur R FS L U dr,2,12,50,6,3,11,3
D ur R FS U L dr,2,12,50,6,3,11,3
D ur R L dr U FS,2,12,50,6,3,12,4
D ur R L FS U dr,2,12,50,6,3,13,4
D ur R L U dr FS,2,12,50,6,3,12,4
D ur R L U FS dr,2,12,50,6,3,13,4
D ur R U dr L FS,2,12,50,6,3,10,3
D ur R U FS L dr,2,12,50,6,3,11,3
D ur R U L dr FS,2,12,50,6,3,10,3
D ur R U L FS dr,2,12,50,6,3,11,3
dr D R FS U L ur,2,12,50,6,3,12,3
dr D R U FS L ur,2,12,50,6,3,12,3
dr D R U ur L FS,2,12,50,6,3,13,3
dr D R ur L U FS,2,12,50,6,3,13,3
dr D R ur U L FS,2,12,50,6,3,15,3
dr D ur L R U FS,2,12,50,6,3,13,4
dr D ur R L U FS,2,12,50,6,3,15,4
dr D ur R U L FS,2,12,50,6,3,13,3
dr R D FS U L ur,2,12,50,6,3,12,3
dr R D U FS L ur,2,12,50,6,3,14,4
dr R D U ur L FS,2,12,50,6,3,15,4
dr R D ur L U FS,2,12,50,6,3,11,3
dr R D ur U L FS,2,12,50,6,3,13,3
dr R U D FS L ur,2,12,50,6,3,14,4
dr R U D ur L FS,2,12,50,6,3,13,4
dr R U ur D L FS,2,12,50,6,3,13,3
dr R ur D L U FS,2,12,50,6,3,13,3
dr R ur D U L FS,2,12,50,6,3,15,4
dr R ur U D L FS,2,12,50,6,3,17,4
dr ur D L R U FS,2,12,50,6,3,13,4
dr ur D R L U FS,2,12,50,6,3,13,4
dr ur D R U L FS,2,12,50,6,3,11,2
dr ur R D L U FS,2,12,50,6,3,13,3
dr ur R D U L FS,2,12,50,6,3,15,4
dr ur R U D L FS,2,12,50,6,3,15,4
R D dr FS U L ur,2,12,50,6,3,11,3
R D dr U FS L ur,2,12,50,6,3,11,3
R D dr U ur L FS,2,12,50,6,3,12,3
R D dr ur L U FS,2,12,50,6,3,12,3
R D dr ur U L FS,2,12,50,6,3,14,3
R D FS dr U L ur,2,12,50,6,3,9,2
R D FS U dr L ur,2,12,50,6,3,9,2
R D FS U ur L dr,2,12,50,6,3,11,3
R D FS ur L U dr,2,12,50,6,3,11,3
R D FS ur U L dr,2,12,50,6,3,13,3
R D U dr FS L ur,2,12,50,6,3,11,4
R D U dr ur L FS,2,12,50,6,3,12,4
R D U FS dr L ur,2,12,50,6,3,11,4
R D U FS ur L dr,2,12,50,6,3,13,4
R D U ur dr L FS,2,12,50,6,3,14,4
R D U ur FS L dr,2,12,50,6,3,15,4
R D U ur L dr FS,2,12,50,6,3,12,4
R D U ur L FS dr,2,12,50,6,3,13,4
R D ur dr L U FS,2,12,50,6,3,10,2
R D ur dr U L FS,2,12,50,6,3,10,2
R D ur FS L U dr,2,12,50,6,3,11,3
R D ur FS U L dr,2,12,50,6,3,11,3
R D ur L dr U FS,2,12,50,6,3,8,2
R D ur L FS U dr,2,12,50,6,3,9,2
R D ur L U dr FS,2,12,50,6,3,8,2
R D ur L U FS dr,2,12,50,6,3,9,2
R D ur U dr L FS,2,12,50,6,3,10,3
R D ur U FS L dr,2,12,50,6,3,11,3
R D ur U L dr FS,2,12,50,6,3,10,3
R D ur U L FS dr,2,12,50,6,3,11,3
R dr D FS U L ur,2,12,50,6,3,13,3
R dr D U FS L ur,2,12,50,6,3,15,4
R dr D U ur L FS,2,12,50,6,3,16,4
R dr D ur L U FS,2,12,50,6,3,12,3
R dr D ur U L FS,2,12,50,6,3,14,3
R dr U D FS L ur,2,12,50,6,3,13,4
R dr U D ur L FS,2,12,50,6,3,12,4
R dr U ur D L FS,2,12,50,6,3,12,3
R dr ur D L U FS,2,12,50,6,3,12,3
R dr ur D U L FS,2,12,50,6,3,14,4
R dr ur U D L FS,2,12,50,6,3,16,4
R U D dr FS L ur,2,12,50,6,3,13,4
R U D dr ur L FS,2,12,50,6,3,14,4
R U D FS dr L ur,2,12,50,6,3,11,4
R U D FS ur L dr,2,12,50,6,3,13,4
R U D ur dr L FS,2,12,50,6,3,12,4
R U D ur FS L dr,2,12,50,6,3,13,4
R U D ur L dr FS,2,12,50,6,3,10,4
R U D ur L FS dr,2,12,50,6,3,11,4
R U dr D FS L ur,2,12,50,6,3,11,3
R U dr D ur L FS,2,12,50,6,3,10,3
R U dr ur D L FS,2,12,50,6,3,10,2
R U ur D dr L FS,2,12,50,6,3,12,3
R U ur D FS L dr,2,12,50,6,3,11,3
R U ur D L dr FS,2,12,50,6,3,10,3
R U ur D L FS dr,2,12,50,6,3,11,3
R U ur dr D L FS,2,12,50,6,3,14,3
R ur D dr L U FS,2,12,50,6,3,12,3
R ur D dr U L FS,2,12,50,6,3,12,3
R ur D FS L U dr,2,12,50,6,3,11,3
R ur D FS U L dr,2,12,50,6,3,11,3
R ur D L dr U FS,2,12,50,6,3,10,3
R ur D L FS U dr,2,12,50,6,3,11,3
R ur D L U dr FS,2,12,50,6,3,10,3
R ur D L U FS dr,2,12,50,6,3,11,3
R ur D U dr L FS,2,12,50,6,3,12,4
R ur D U FS L dr,2,12,50,6,3,13,4
R ur D U L dr FS,2,12,50,6,3,12,4
R ur D U L FS dr,2,12,50,6,3,13,4
R ur dr D L U FS,2,12,50,6,3,14,3
R ur dr D U L FS,2,12,50,6,3,16,4
R ur dr U D L FS,2,12,50,6,3,14,4
R ur U D dr L FS,2,12,50,6,3,16,4
R ur U D FS L dr,2,12,50,6,3,15,4
R ur U D L dr FS,2,12,50,6,3,14,4
R ur U D L FS dr,2,12,50,6,3,15,4
R ur U dr D L FS,2,12,50,6,3,14,3
ur D dr L R U FS,2,12,50,6,3,13,4
ur D dr R L U FS,2,12,50,6,3,15,4
ur D dr R U L FS,2,12,50,6,3,13,3
ur D L dr R U FS,2,12,50,6,3,11,3
ur D L R dr U FS,2,12,50,6,3,13,4
ur D L R FS U dr,2,12,50,6,3,12,4
ur D L R U dr FS,2,12,50,6,3,11,4
ur D L R U FS dr,2,12,50,6,3,12,4
ur D R dr L U FS,2,12,50,6,3,11,3
ur D R dr U L FS,2,12,50,6,3,11,3
ur D R FS L U dr,2,12,50,6,3,10,2
ur D R FS U L dr,2,12,50,6,3,10,2
ur D R L dr U FS,2,12,50,6,3,11,4
ur D R L FS U dr,2,12,50,6,3,12,4
ur D R L U dr FS,2,12,50,6,3,11,4
ur D R L U FS dr,2,12,50,6,3,12,4
ur D R U dr L FS,2,12,50,6,3,9,2
ur D R U FS L dr,2,12,50,6,3,10,2
ur D R U L dr FS,2,12,50,6,3,9,2
ur D R U L FS dr,2,12,50,6,3,10,2
ur dr D L R U FS,2,12,50,6,3,15,4
ur dr D R L U FS,2,12,50,6,3,15,4
ur dr D R U L FS,2,12,50,6,3,13,3
ur dr R D L U FS,2,12,50,6,3,13,3
ur dr R D U L FS,2,12,50,6,3,15,4
ur dr R U D L FS,2,12,50,6,3,15,4
ur R D dr L U FS,2,12,50,6,3,13,3
ur R D dr U L FS,2,12,50,6,3,13,3
ur R D FS L U dr,2,12,50,6,3,12,3
ur R D FS U L dr,2,12,50,6,3,12,3
ur R D L dr U FS,2,12,50,6,3,11,3
ur R D L FS U dr,2,12,50,6,3,12,3
ur R D L U dr FS,2,12,50,6,3,11,3
ur R D L U FS dr,2,12,50,6,3,12,3
ur R D U dr L FS,2,12,50,6,3,13,4
ur R D U FS L dr,2,12,50,6,3,14,4
ur R D U L dr FS,2,12,50,6,3,13,4
ur R D U L FS dr,2,12,50,6,3,14,4
ur R dr D L U FS,2,12,50,6,3,15,3
ur R dr D U L FS,2,12,50,6,3,17,4
ur R dr U D L FS,2,12,50,6,3,15,4
ur R U D dr L FS,2,12,50,6,3,15,4
ur R U D FS L dr,2,12,50,6,3,14,4
ur R U D L dr FS,2,12,50,6,3,13,4
ur R U D L FS dr,2,12,50,6,3,14,4
ur R U dr D L FS,2,12,50,6,3,13,3
D dr FS L R U ur,6,12,54,6,3,15,4
D dr FS L U R ur,6,12,54,6,3,13,3
D dr FS R L U ur,6,12,54,6,3,15,4
D dr FS U L R ur,6,12,54,6,3,15,4
D dr FS U R L ur,6,12,54,6,3,13,4
D dr L FS R U ur,6,12,54,6,3,13,3
D dr L FS U R ur,6,12,54,6,3,13,3
D dr U FS L R ur,6,12,54,6,3,15,4
D dr U FS R L ur,6,12,54,6,3,13,4
D dr U R FS L ur,6,12,54,6,3,11,3
D dr U R ur L FS,6,12,54,6,3,12,3
D dr U ur L R FS,6,12,54,6,3,14,4
D dr U ur R L FS,6,12,54,6,3,16,4
D dr ur L U R FS,6,12,54,6,3,12,3
D dr ur U L R FS,6,12,54,6,3,16,4
D dr ur U R L FS,6,12,54,6,3,16,4
D FS dr L R U ur,6,12,54,6,3,13,4
D FS dr L U R ur,6,12,54,6,3,11,3
D FS dr R L U ur,6,12,54,6,3,15,4
D FS dr U L R ur,6,12,54,6,3,13,4
D FS dr U R L ur,6,12,54,6,3,11,4
D FS L dr R U ur,6,12,54,6,3,13,3
D FS L dr U R ur,6,12,54,6,3,11,3
D FS L R dr U ur,6,12,54,6,3,15,4
D FS L R U dr ur,6,12,54,6,3,13,4
D FS L R U ur dr,6,12,54,6,3,15,4
D FS L R ur U dr,6,12,54,6,3,15,4
D FS L ur R U dr,6,12,54,6,3,11,3
D FS R dr L U ur,6,12,54,6,3,13,3
D FS R L dr U ur,6,12,54,6,3,13,4
D FS R L U dr ur,6,12,54,6,3,13,4
D FS R L U ur dr,6,12,54,6,3,15,4
D FS R L ur U dr,6,12,54,6,3,13,4
D FS R U L dr ur,6,12,54,6,3,11,2
D FS R U L ur dr,6,12,54,6,3,11,2
D FS U dr L R ur,6,12,54,6,3,13,4
D FS U dr R L ur,6,12,54,6,3,13,4
D FS U R dr L ur,6,12,54,6,3,11,3
D FS U R ur L dr,6,12,54,6,3,11,3
D FS U ur L R dr,6,12,54,6,3,15,4
D FS U ur R L dr,6,12,54,6,3,15,4
D FS ur L U R dr,6,12,54,6,3,13,3
D FS ur U L R dr,6,12,54,6,3,17,4
D FS ur U R L dr,6,12,54,6,3,15,4
D L dr FS R U ur,6,12,54,6,3,11,3
D L dr FS U R ur,6,12,54,6,3,11,3
D L FS dr R U ur,6,12,54,6,3,13,3
D L FS dr U R ur,6,12,54,6,3,11,3
D L FS R dr U ur,6,12,54,6,3,13,3
D L FS R U dr ur,6,12,54,6,3,11,2
D L FS R U ur dr,6,12,54,6,3,13,3
D L FS R ur U dr,6,12,54,6,3,13,3
D L FS ur R U dr,6,12,54,6,3,13,3
D L ur FS R U dr,6,12,54,6,3,11,3
D U dr FS L R ur,6,12,54,6,3,15,4
D U dr FS R L ur,6,12,54,6,3,13,4
D U dr R FS L ur,6,12,54,6,3,13,4
D U dr R ur L FS,6,12,54,6,3,14,4
D U dr ur L R FS,6,12,54,6,3,14,4
D U dr ur R L FS,6,12,54,6,3,16,4
D U FS dr L R ur,6,12,54,6,3,15,4
D U FS dr R L ur,6,12,54,6,3,15,4
D U FS R dr L ur,6,12,54,6,3,13,4
D U FS R ur L dr,6,12,54,6,3,13,4
D U FS ur L R dr,6,12,54,6,3,17,4
D U FS ur R L dr,6,12,54,6,3,17,4
D U R dr FS L ur,6,12,54,6,3,13,4
D U R dr ur L FS,6,12,54,6,3,14,4
D U R FS dr L ur,6,12,54,6,3,11,4
D U R FS ur L dr,6,12,54,6,3,13,4
D U R ur dr L FS,6,12,54,6,3,14,4
D U R ur FS L dr,6,12,54,6,3,15,4
D U R ur L dr FS,6,12,54,6,3,12,4
D U R ur L FS dr,6,12,54,6,3,13,4
D U ur dr L R FS,6,12,54,6,3,16,4
D U ur dr R L FS,6,12,54,6,3,18,4
D U ur FS L R dr,6,12,54,6,3,19,4
D U ur FS R L dr,6,12,54,6,3,17,4
D U ur L dr R FS,6,12,54,6,3,14,4
D U ur L FS R dr,6,12,54,6,3,15,4
D U ur L R dr FS,6,12,54,6,3,16,4
D U ur L R FS dr,6,12,54,6,3,15,4
D U ur R dr L FS,6,12,54,6,3,16,4
D U ur R FS L dr,6,12,54,6,3,15,4
D U ur R L dr FS,6,12,54,6,3,16,4
D U ur R L FS dr,6,12,54,6,3,17,4
D ur dr L U R FS,6,12,54,6,3,10,2
D ur dr U L R FS,6,12,54,6,3,12,4
D ur dr U R L FS,6,12,54,6,3,12,4
D ur FS L U R dr,6,12,54,6,3,13,3
D ur FS U L R dr,6,12,54,6,3,15,4
D ur FS U R L dr,6,12,54,6,3,13,4
D ur L dr U R FS,6,12,54,6,3,8,2
D ur L FS U R dr,6,12,54,6,3,11,3
D ur L U dr R FS,6,12,54,6,3,10,3
D ur L U FS R dr,6,12,54,6,3,11,3
D ur L U R dr FS,6,12,54,6,3,10,3
D ur L U R FS dr,6,12,54,6,3,9,2
D ur U dr L R FS,6,12,54,6,3,12,4
D ur U dr R L FS,6,12,54,6,3,14,4
D ur U FS L R dr,6,12,54,6,3,15,4
D ur U FS R L dr,6,12,54,6,3,13,4
D ur U L dr R FS,6,12,54,6,3,12,3
D ur U L FS R dr,6,12,54,6,3,13,3
D ur U L R dr FS,6,12,54,6,3,14,4
D ur U L R FS dr,6,12,54,6,3,13,4
D ur U R dr L FS,6,12,54,6,3,12,3
D ur U R FS L dr,6,12,54,6,3,11,3
D ur U R L dr FS,6,12,54,6,3,12,4
D ur U R L FS dr,6,12,54,6,3,13,4
dr D FS L R U ur,6,12,54,6,3,16,4
dr D FS L U R ur,6,12,54,6,3,14,3
dr D FS R L U ur,6,12,54,6,3,16,4
dr D FS U L R ur,6,12,54,6,3,16,4
dr D FS U R L ur,6,12,54,6,3,14,4
dr D L FS R U ur,6,12,54,6,3,14,3
dr D L FS U R ur,6,12,54,6,3,14,3
dr D U FS L R ur,6,12,54,6,3,18,4
dr D U FS R L ur,6,12,54,6,3,16,4
dr D U R FS L ur,6,12,54,6,3,14,4
dr D U R ur L FS,6,12,54,6,3,15,4
dr D U ur L R FS,6,12,54,6,3,17,4
dr D U ur R L FS,6,12,54,6,3,19,4
dr D ur L U R FS,6,12,54,6,3,11,3
dr D ur U L R FS,6,12,54,6,3,15,4
dr D ur U R L FS,6,12,54,6,3,15,4
dr FS D L R U ur,6,12,54,6,3,14,4
dr FS D L U R ur,6,12,54,6,3,12,3
dr FS D R L U ur,6,12,54,6,3,14,4
dr FS D U L R ur,6,12,54,6,3,16,4
dr FS D U R L ur,6,12,54,6,3,14,4
dr FS L D R U ur,6,12,54,6,3,12,3
dr FS L D U R ur,6,12,54,6,3,14,4
dr FS L U D R ur,6,12,54,6,3,14,4
dr FS U D L R ur,6,12,54,6,3,16,4
dr FS U D R L ur,6,12,54,6,3,14,4
dr FS U L D R ur,6,12,54,6,3,12,3
dr L D FS R U ur,6,12,54,6,3,12,3
dr L D FS U R ur,6,12,54,6,3,12,3
dr L FS D R U ur,6,12,54,6,3,12,3
dr L FS D U R ur,6,12,54,6,3,14,4
dr L FS U D R ur,6,12,54,6,3,14,4
dr U D FS L R ur,6,12,54,6,3,16,4
dr U D FS R L ur,6,12,54,6,3,14,4
dr U D R FS L ur,6,12,54,6,3,12,4
dr U D R ur L FS,6,12,54,6,3,13,4
dr U D ur L R FS,6,12,54,6,3,13,4
dr U D ur R L FS,6,12,54,6,3,15,4
dr U FS D L R ur,6,12,54,6,3,14,4
dr U FS D R L ur,6,12,54,6,3,12,4
dr U FS L D R ur,6,12,54,6,3,12,3
dr U R D FS L ur,6,12,54,6,3,10,2
dr U R D ur L FS,6,12,54,6,3,9,2
dr U R ur D L FS,6,12,54,6,3,11,3
dr U ur D L R FS,6,12,54,6,3,13,4
dr U ur D R L FS,6,12,54,6,3,13,4
dr U ur R D L FS,6,12,54,6,3,13,3
dr ur D L U R FS,6,12,54,6,3,11,2
dr ur D U L R FS,6,12,54,6,3,15,4
dr ur D U R L FS,6,12,54,6,3,15,4
dr ur U D L R FS,6,12,54,6,3,17,4
dr ur U D R L FS,6,12,54,6,3,17,4
dr ur U R D L FS,6,12,54,6,3,13,3
FS D dr L R U ur,6,12,54,6,3,15,4
FS D dr L U R ur,6,12,54,6,3,13,3
FS D dr R L U ur,6,12,54,6,3,17,4
FS D dr U L R ur,6,12,54,6,3,15,4
FS D dr U R L ur,6,12,54,6,3,13,4
FS D L dr R U ur,6,12,54,6,3,13,3
FS D L dr U R ur,6,12,54,6,3,11,3
FS D L R dr U ur,6,12,54,6,3,15,4
FS D L R U dr ur,6,12,54,6,3,13,4
FS D L R U ur dr,6,12,54,6,3,15,4
FS D L R ur U dr,6,12,54,6,3,15,4
FS D L ur R U dr,6,12,54,6,3,11,3
FS D R dr L U ur,6,12,54,6,3,13,3
FS D R L dr U ur,6,12,54,6,3,13,4
FS D R L U dr ur,6,12,54,6,3,13,4
FS D R L U ur dr,6,12,54,6,3,15,4
FS D R L ur U dr,6,12,54,6,3,13,4
FS D R U L dr ur,6,12,54,6,3,11,2
FS D R U L ur dr,6,12,54,6,3,11,2
FS D U dr L R ur,6,12,54,6,3,15,4
FS D U dr R L ur,6,12,54,6,3,15,4
FS D U R dr L ur,6,12,54,6,3,13,4
FS D U R ur L dr,6,12,54,6,3,13,4
FS D U ur L R dr,6,12,54,6,3,17,4
FS D U ur R L dr,6,12,54,6,3,17,4
FS D ur L U R dr,6,12,54,6,3,11,3
FS D ur U L R dr,6,12,54,6,3,15,4
FS D ur U R L dr,6,12,54,6,3,13,4
FS dr D L R U ur,6,12,54,6,3,15,4
FS dr D L U R ur,6,12,54,6,3,13,3
FS dr D R L U ur,6,12,54,6,3,15,4
FS dr D U L R ur,6,12,54,6,3,17,4
FS dr D U R L ur,6,12,54,6,3,15,4
FS dr L D R U ur,6,12,54,6,3,11,3
FS dr L D U R ur,6,12,54,6,3,13,4
FS dr L U D R ur,6,12,54,6,3,13,4
FS dr U D L R ur,6,12,54,6,3,15,4
FS dr U D R L ur,6,12,54,6,3,13,4
FS dr U L D R ur,6,12,54,6,3,11,3
FS L D dr R U ur,6,12,54,6,3,15,3
FS L D dr U R ur,6,12,54,6,3,13,3
FS L D R dr U ur,6,12,54,6,3,13,3
FS L D R U dr ur,6,12,54,6,3,11,2
FS L D R U ur dr,6,12,54,6,3,13,3
FS L D R ur U dr,6,12,54,6,3,13,3
FS L D ur R U dr,6,12,54,6,3,11,3
FS L dr D R U ur,6,12,54,6,3,13,3
FS L dr D U R ur,6,12,54,6,3,15,4
FS L dr U D R ur,6,12,54,6,3,13,4
FS U D dr L R ur,6,12,54,6,3,17,4
FS U D dr R L ur,6,12,54,6,3,17,4
FS U D R dr L ur,6,12,54,6,3,13,4
FS U D R ur L dr,6,12,54,6,3,13,4
FS U D ur L R dr,6,12,54,6,3,15,4
FS U D ur R L dr,6,12,54,6,3,15,4
FS U dr D L R ur,6,12,54,6,3,15,4
FS U dr D R L ur,6,12,54,6,3,13,4
FS U dr L D R ur,6,12,54,6,3,11,3
FS U ur D L R dr,6,12,54,6,3,15,4
FS U ur D R L dr,6,12,54,6,3,13,4
FS ur D L U R dr,6,12,54,6,3,13,3
FS ur D U L R dr,6,12,54,6,3,17,4
FS ur D U R L dr,6,12,54,6,3,15,4
FS ur U D L R dr,6,12,54,6,3,19,4
FS ur U D R L dr,6,12,54,6,3,17,4
L D dr FS R U ur,6,12,54,6,3,13,3
L D dr FS U R ur,6,12,54,6,3,13,3
L D FS dr R U ur,6,12,54,6,3,13,3
L D FS dr U R ur,6,12,54,6,3,11,3
L D FS R dr U ur,6,12,54,6,3,13,3
L D FS R U dr ur,6,12,54,6,3,11,2
L D FS R U ur dr,6,12,54,6,3,13,3
L D FS R ur U dr,6,12,54,6,3,13,3
L D FS ur R U dr,6,12,54,6,3,13,3
L D ur FS R U dr,6,12,54,6,3,11,3
L dr D FS R U ur,6,12,54,6,3,13,3
L dr D FS U R ur,6,12,54,6,3,13,3
L dr FS D R U ur,6,12,54,6,3,11,3
L dr FS D U R ur,6,12,54,6,3,13,4
L dr FS U D R ur,6,12,54,6,3,13,4
L FS D dr R U ur,6,12,54,6,3,15,3
L FS D dr U R ur,6,12,54,6,3,13,3
L FS D R dr U ur,6,12,54,6,3,13,3
L FS D R U dr ur,6,12,54,6,3,11,2
L FS D R U ur dr,6,12,54,6,3,13,3
L FS D R ur U dr,6,12,54,6,3,13,3
L FS D ur R U dr,6,12,54,6,3,11,3
L FS dr D R U ur,6,12,54,6,3,13,3
L FS dr D U R ur,6,12,54,6,3,15,4
L FS dr U D R ur,6,12,54,6,3,13,4
U D dr FS L R ur,6,12,54,6,3,17,4
U D dr FS R L ur,6,12,54,6,3,15,4
U D dr R FS L ur,6,12,54,6,3,15,4
U D dr R ur L FS,6,12,54,6,3,16,4
U D dr ur L R FS,6,12,54,6,3,16,4
U D dr ur R L FS,6,12,54,6,3,18,4
U D FS dr L R ur,6,12,54,6,3,15,4
U D FS dr R L ur,6,12,54,6,3,15,4
U D FS R dr L ur,6,12,54,6,3,13,4
U D FS R ur L dr,6,12,54,6,3,13,4
U D FS ur L R dr,6,12,54,6,3,17,4
U D FS ur R L dr,6,12,54,6,3,17,4
U D R dr FS L ur,6,12,54,6,3,13,4
U D R dr ur L FS,6,12,54,6,3,14,4
U D R FS dr L ur,6,12,54,6,3,11,4
U D R FS ur L dr,6,12,54,6,3,13,4
U D R ur dr L FS,6,12,54,6,3,14,4
U D R ur FS L dr,6,12,54,6,3,15,4
U D R ur L dr FS,6,12,54,6,3,12,4
U D R ur L FS dr,6,12,54,6,3,13,4
U D ur dr L R FS,6,12,54,6,3,14,4
U D ur dr R L FS,6,12,54,6,3,16,4
U D ur FS L R dr,6,12,54,6,3,17,4
U D ur FS R L dr,6,12,54,6,3,15,4
U D ur L dr R FS,6,12,54,6,3,12,4
U D ur L FS R dr,6,12,54,6,3,13,4
U D ur L R dr FS,6,12,54,6,3,14,4
U D ur L R FS dr,6,12,54,6,3,13,4
U D ur R dr L FS,6,12,54,6,3,14,4
U D ur R FS L dr,6,12,54,6,3,13,4
U D ur R L dr FS,6,12,54,6,3,14,4
U D ur R L FS dr,6,12,54,6,3,15,4
U dr D FS L R ur,6,12,54,6,3,15,4
U dr D FS R L ur,6,12,54,6,3,13,4
U dr D R FS L ur,6,12,54,6,3,11,3
U dr D R ur L FS,6,12,54,6,3,12,3
U dr D ur L R FS,6,12,54,6,3,12,4
U dr D ur R L FS,6,12,54,6,3,14,4
U dr FS D L R ur,6,12,54,6,3,13,4
U dr FS D R L ur,6,12,54,6,3,11,4
U dr FS L D R ur,6,12,54,6,3,11,3
U dr R D FS L ur,6,12,54,6,3,11,3
U dr R D ur L FS,6,12,54,6,3,10,3
U dr R ur D L FS,6,12,54,6,3,12,3
U dr ur D L R FS,6,12,54,6,3,12,4
U dr ur D R L FS,6,12,54,6,3,12,4
U dr ur R D L FS,6,12,54,6,3,12,3
U FS D dr L R ur,6,12,54,6,3,15,4
U FS D dr R L ur,6,12,54,6,3,15,4
U FS D R dr L ur,6,12,54,6,3,11,3
U FS D R ur L dr,6,12,54,6,3,11,3
U FS D ur L R dr,6,12,54,6,3,13,4
U FS D ur R L dr,6,12,54,6,3,13,4
U FS dr D L R ur,6,12,54,6,3,15,4
U FS dr D R L ur,6,12,54,6,3,13,4
U FS dr L D R ur,6,12,54,6,3,11,3
U FS ur D L R dr,6,12,54,6,3,15,4
U FS ur D R L dr,6,12,54,6,3,13,4
U R D dr FS L ur,6,12,54,6,3,11,3
U R D dr ur L FS,6,12,54,6,3,12,3
U R D FS dr L ur,6,12,54,6,3,9,2
U R D FS ur L dr,6,12,54,6,3,11,3
U R D ur dr L FS,6,12,54,6,3,10,2
U R D ur FS L dr,6,12,54,6,3,11,3
U R D ur L dr FS,6,12,54,6,3,8,2
U R D ur L FS dr,6,12,54,6,3,9,2
U R dr D FS L ur,6,12,54,6,3,13,3
U R dr D ur L FS,6,12,54,6,3,12,3
U R dr ur D L FS,6,12,54,6,3,12,3
U R ur D dr L FS,6,12,54,6,3,12,3
U R ur D FS L dr,6,12,54,6,3,11,3
U R ur D L dr FS,6,12,54,6,3,10,3
U R ur D L FS dr,6,12,54,6,3,11,3
U R ur dr D L FS,6,12,54,6,3,14,3
U ur D dr L R FS,6,12,54,6,3,14,4
U ur D dr R L FS,6,12,54,6,3,16,4
U ur D FS L R dr,6,12,54,6,3,15,4
U ur D FS R L dr,6,12,54,6,3,13,4
U ur D L dr R FS,6,12,54,6,3,12,3
U ur D L FS R dr,6,12,54,6,3,13,3
U ur D L R dr FS,6,12,54,6,3,14,4
U ur D L R FS dr,6,12,54,6,3,13,4
U ur D R dr L FS,6,12,54,6,3,12,3
U ur D R FS L dr,6,12,54,6,3,11,3
U ur D R L dr FS,6,12,54,6,3,12,4
U ur D R L FS dr,6,12,54,6,3,13,4
U ur dr D L R FS,6,12,54,6,3,16,4
U ur dr D R L FS,6,12,54,6,3,16,4
U ur dr R D L FS,6,12,54,6,3,14,3
U ur FS D L R dr,6,12,54,6,3,17,4
U ur FS D R L dr,6,12,54,6,3,15,4
U ur R D dr L FS,6,12,54,6,3,14,3
U ur R D FS L dr,6,12,54,6,3,13,3
U ur R D L dr FS,6,12,54,6,3,12,3
U ur R D L FS dr,6,12,54,6,3,13,3
U ur R dr D L FS,6,12,54,6,3,16,3
ur D dr L U R FS,6,12,54,6,3,11,3
ur D dr U L R FS,6,12,54,6,3,13,4
ur D dr U R L FS,6,12,54,6,3,13,4
ur D FS L U R dr,6,12,54,6,3,12,3
ur D FS U L R dr,6,12,54,6,3,14,4
ur D FS U R L dr,6,12,54,6,3,12,4
ur D L dr U R FS,6,12,54,6,3,9,2
ur D L FS U R dr,6,12,54,6,3,12,3
ur D L U dr R FS,6,12,54,6,3,11,3
ur D L U FS R dr,6,12,54,6,3,12,3
ur D L U R dr FS,6,12,54,6,3,11,3
ur D L U R FS dr,6,12,54,6,3,10,2
ur D U dr L R FS,6,12,54,6,3,13,4
ur D U dr R L FS,6,12,54,6,3,15,4
ur D U FS L R dr,6,12,54,6,3,16,4
ur D U FS R L dr,6,12,54,6,3,14,4
ur D U L dr R FS,6,12,54,6,3,13,4
ur D U L FS R dr,6,12,54,6,3,14,4
ur D U L R dr FS,6,12,54,6,3,15,4
ur D U L R FS dr,6,12,54,6,3,14,4
ur D U R dr L FS,6,12,54,6,3,13,4
ur D U R FS L dr,6,12,54,6,3,12,4
ur D U R L dr FS,6,12,54,6,3,13,4
ur D U R L FS dr,6,12,54,6,3,14,4
ur dr D L U R FS,6,12,54,6,3,13,3
ur dr D U L R FS,6,12,54,6,3,17,4
ur dr D U R L FS,6,12,54,6,3,17,4
ur dr U D L R FS,6,12,54,6,3,15,4
ur dr U D R L FS,6,12,54,6,3,15,4
ur dr U R D L FS,6,12,54,6,3,11,2
ur FS D L U R dr,6,12,54,6,3,14,3
ur FS D U L R dr,6,12,54,6,3,18,4
ur FS D U R L dr,6,12,54,6,3,16,4
ur FS U D L R dr,6,12,54,6,3,18,4
ur FS U D R L dr,6,12,54,6,3,16,4
ur U D dr L R FS,6,12,54,6,3,17,4
ur U D dr R L FS,6,12,54,6,3,19,4
ur U D FS L R dr,6,12,54,6,3,18,4
ur U D FS R L dr,6,12,54,6,3,16,4
ur U D L dr R FS,6,12,54,6,3,15,4
ur U D L FS R dr,6,12,54,6,3,16,4
ur U D L R dr FS,6,12,54,6,3,17,4
ur U D L R FS dr,6,12,54,6,3,16,4
ur U D R dr L FS,6,12,54,6,3,15,4
ur U D R FS L dr,6,12,54,6,3,14,4
ur U D R L dr FS,6,12,54,6,3,15,4
ur U D R L FS dr,6,12,54,6,3,16,4
ur U dr D L R FS,6,12,54,6,3,15,4
ur U dr D R L FS,6,12,54,6,3,15,4
ur U dr R D L FS,6,12,54,6,3,13,3
ur U FS D L R dr,6,12,54,6,3,16,4
ur U FS D R L dr,6,12,54,6,3,14,4
ur U R D dr L FS,6,12,54,6,3,13,3
ur U R D FS L dr,6,12,54,6,3,12,3
ur U R D L dr FS,6,12,54,6,3,11,3
ur U R D L FS dr,6,12,54,6,3,12,3
ur U R dr D L FS,6,12,54,6,3,15,3
dr FS R D U ur L,2,11,56,7,3,13,4
dr FS R D ur L U,2,11,56,7,3,9,2
dr FS R D ur U L,2,11,56,7,3,11,3
dr FS R U D ur L,2,11,56,7,3,11,4
dr FS R U L ur D,2,11,56,7,3,9,2
dr FS R U ur D L,2,11,56,7,3,11,3
dr FS R U ur L D,2,11,56,7,3,11,3
dr FS R ur D L U,2,11,56,7,3,11,3
dr FS R ur D U L,2,11,56,7,3,13,4
dr FS R ur U D L,2,11,56,7,3,15,4
dr FS R ur U L D,2,11,56,7,3,13,3
dr FS ur R D L U,2,11,56,7,3,13,3
dr FS ur R D U L,2,11,56,7,3,15,4
dr FS ur R U D L,2,11,56,7,3,15,4
dr FS ur R U L D,2,11,56,7,3,13,3
dr R FS D U ur L,2,11,56,7,3,15,4
dr R FS D ur L U,2,11,56,7,3,11,3
dr R FS D ur U L,2,11,56,7,3,13,3
dr R FS U D ur L,2,11,56,7,3,13,4
dr R FS U L ur D,2,11,56,7,3,11,3
dr R FS U ur D L,2,11,56,7,3,13,3
dr R FS U ur L D,2,11,56,7,3,13,3
dr R FS ur D L U,2,11,56,7,3,13,3
dr R FS ur D U L,2,11,56,7,3,15,4
dr R FS ur U D L,2,11,56,7,3,17,4
dr R FS ur U L D,2,11,56,7,3,15,3
dr R U FS D ur L,2,11,56,7,3,11,3
dr R U FS L ur D,2,11,56,7,3,11,3
dr R U FS ur D L,2,11,56,7,3,13,3
dr R U FS ur L D,2,11,56,7,3,13,3
dr R U ur FS D L,2,11,56,7,3,15,3
dr R U ur FS L D,2,11,56,7,3,15,3
dr R ur FS D L U,2,11,56,7,3,15,3
dr R ur FS D U L,2,11,56,7,3,17,4
dr R ur FS U D L,2,11,56,7,3,17,4
dr R ur FS U L D,2,11,56,7,3,15,3
dr R ur U FS D L,2,11,56,7,3,15,3
dr R ur U FS L D,2,11,56,7,3,15,3
dr ur FS R D L U,2,11,56,7,3,13,3
dr ur FS R D U L,2,11,56,7,3,15,4
dr ur FS R U D L,2,11,56,7,3,15,4
dr ur FS R U L D,2,11,56,7,3,13,3
dr ur R FS D L U,2,11,56,7,3,13,3
dr ur R FS D U L,2,11,56,7,3,15,4
dr ur R FS U D L,2,11,56,7,3,15,4
dr ur R FS U L D,2,11,56,7,3,13,3
dr ur R U FS D L,2,11,56,7,3,13,3
dr ur R U FS L D,2,11,56,7,3,13,3
FS dr R D U ur L,2,11,56,7,3,14,4
FS dr R D ur L U,2,11,56,7,3,10,3
FS dr R D ur U L,2,11,56,7,3,12,3
FS dr R U D ur L,2,11,56,7,3,12,4
FS dr R U L ur D,2,11,56,7,3,10,3
FS dr R U ur D L,2,11,56,7,3,12,3
FS dr R U ur L D,2,11,56,7,3,12,3
FS dr R ur D L U,2,11,56,7,3,12,3
FS dr R ur D U L,2,11,56,7,3,14,4
FS dr R ur U D L,2,11,56,7,3,16,4
FS dr R ur U L D,2,11,56,7,3,14,3
FS dr ur R D L U,2,11,56,7,3,12,3
FS dr ur R D U L,2,11,56,7,3,14,4
FS dr ur R U D L,2,11,56,7,3,14,4
FS dr ur R U L D,2,11,56,7,3,12,3
FS R D dr U ur L,2,11,56,7,3,12,3
FS R D dr ur L U,2,11,56,7,3,12,3
FS R D dr ur U L,2,11,56,7,3,14,3
FS R D U dr ur L,2,11,56,7,3,12,4
FS R D U ur dr L,2,11,56,7,3,14,4
FS R D ur dr L U,2,11,56,7,3,10,2
FS R D ur dr U L,2,11,56,7,3,10,2
FS R D ur L dr U,2,11,56,7,3,8,2
FS R D ur U dr L,2,11,56,7,3,10,3
FS R dr D U ur L,2,11,56,7,3,16,4
FS R dr D ur L U,2,11,56,7,3,12,3
FS R dr D ur U L,2,11,56,7,3,14,3
FS R dr U D ur L,2,11,56,7,3,12,4
FS R dr U L ur D,2,11,56,7,3,10,3
FS R dr U ur D L,2,11,56,7,3,12,3
FS R dr U ur L D,2,11,56,7,3,12,3
FS R dr ur D L U,2,11,56,7,3,12,3
FS R dr ur D U L,2,11,56,7,3,14,4
FS R dr ur U D L,2,11,56,7,3,16,4
FS R dr ur U L D,2,11,56,7,3,14,3
FS R U D dr ur L,2,11,56,7,3,14,4
FS R U D ur dr L,2,11,56,7,3,12,4
FS R U dr D ur L,2,11,56,7,3,10,3
FS R U dr L ur D,2,11,56,7,3,8,2
FS R U dr ur D L,2,11,56,7,3,10,2
FS R U dr ur L D,2,11,56,7,3,10,2
FS R U ur D dr L,2,11,56,7,3,12,3
FS R U ur dr D L,2,11,56,7,3,14,3
FS R U ur dr L D,2,11,56,7,3,12,3
FS R ur D dr L U,2,11,56,7,3,12,3
FS R ur D dr U L,2,11,56,7,3,12,3
FS R ur D L dr U,2,11,56,7,3,10,3
FS R ur D U dr L,2,11,56,7,3,12,4
FS R ur dr D L U,2,11,56,7,3,14,3
FS R ur dr D U L,2,11,56,7,3,16,4
FS R ur dr U D L,2,11,56,7,3,14,4
FS R ur dr U L D,2,11,56,7,3,12,3
FS R ur U D dr L,2,11,56,7,3,16,4
FS R ur U dr D L,2,11,56,7,3,14,3
FS R ur U dr L D,2,11,56,7,3,12,3
FS ur dr R D L U,2,11,56,7,3,14,3
FS ur dr R D U L,2,11,56,7,3,16,4
FS ur dr R U D L,2,11,56,7,3,16,4
FS ur dr R U L D,2,11,56,7,3,14,3
FS ur R D dr L U,2,11,56,7,3,14,3
FS ur R D dr U L,2,11,56,7,3,14,3
FS ur R D L dr U,2,11,56,7,3,12,3
FS ur R D U dr L,2,11,56,7,3,14,4
FS ur R dr D L U,2,11,56,7,3,16,3
FS ur R dr D U L,2,11,56,7,3,18,4
FS ur R dr U D L,2,11,56,7,3,16,4
FS ur R dr U L D,2,11,56,7,3,14,3
FS ur R U D dr L,2,11,56,7,3,16,4
FS ur R U dr D L,2,11,56,7,3,14,3
FS ur R U dr L D,2,11,56,7,3,12,3
R dr FS D U ur L,2,11,56,7,3,14,4
R dr FS D ur L U,2,11,56,7,3,10,3
R dr FS D ur U L,2,11,56,7,3,12,3
R dr FS U D ur L,2,11,56,7,3,12,4
R dr FS U L ur D,2,11,56,7,3,10,3
R dr FS U ur D L,2,11,56,7,3,12,3
R dr FS U ur L D,2,11,56,7,3,12,3
R dr FS ur D L U,2,11,56,7,3,12,3
R dr FS ur D U L,2,11,56,7,3,14,4
R dr FS ur U D L,2,11,56,7,3,16,4
R dr FS ur U L D,2,11,56,7,3,14,3
R dr U FS D ur L,2,11,56,7,3,10,3
R dr U FS L ur D,2,11,56,7,3,10,3
R dr U FS ur D L,2,11,56,7,3,12,3
R dr U FS ur L D,2,11,56,7,3,12,3
R dr U ur FS D L,2,11,56,7,3,14,3
R dr U ur FS L D,2,11,56,7,3,14,3
R dr ur FS D L U,2,11,56,7,3,14,3
R dr ur FS D U L,2,11,56,7,3,16,4
R dr ur FS U D L,2,11,56,7,3,16,4
R dr ur FS U L D,2,11,56,7,3,14,3
R dr ur U FS D L,2,11,56,7,3,14,3
R dr ur U FS L D,2,11,56,7,3,14,3
R FS D dr U ur L,2,11,56,7,3,12,3
R FS D dr ur L U,2,11,56,7,3,12,3
R FS D dr ur U L,2,11,56,7,3,14,3
R FS D U dr ur L,2,11,56,7,3,12,4
R FS D U ur dr L,2,11,56,7,3,14,4
R FS D ur dr L U,2,11,56,7,3,10,2
R FS D ur dr U L,2,11,56,7,3,10,2
R FS D ur L dr U,2,11,56,7,3,8,2
R FS D ur U dr L,2,11,56,7,3,10,3
R FS dr D U ur L,2,11,56,7,3,14,4
R FS dr D ur L U,2,11,56,7,3,10,3
R FS dr D ur U L,2,11,56,7,3,12,3
R FS dr U D ur L,2,11,56,7,3,10,4
R FS dr U L ur D,2,11,56,7,3,8,2
R FS dr U ur D L,2,11,56,7,3,10,3
R FS dr U ur L D,2,11,56,7,3,10,3
R FS dr ur D L U,2,11,56,7,3,10,2
R FS dr ur D U L,2,11,56,7,3,12,4
R FS dr ur U D L,2,11,56,7,3,14,4
R FS dr ur U L D,2,11,56,7,3,12,3
R FS U D dr ur L,2,11,56,7,3,14,4
R FS U D ur dr L,2,11,56,7,3,12,4
R FS U dr D ur L,2,11,56,7,3,10,3
R FS U dr L ur D,2,11,56,7,3,8,2
R FS U dr ur D L,2,11,56,7,3,10,2
R FS U dr ur L D,2,11,56,7,3,10,2
R FS U ur D dr L,2,11,56,7,3,12,3
R FS U ur dr D L,2,11,56,7,3,14,3
R FS U ur dr L D,2,11,56,7,3,12,3
R FS ur D dr L U,2,11,56,7,3,12,3
R FS ur D dr U L,2,11,56,7,3,12,3
R FS ur D L dr U,2,11,56,7,3,10,3
R FS ur D U dr L,2,11,56,7,3,12,4
R FS ur dr D L U,2,11,56,7,3,14,3
R FS ur dr D U L,2,11,56,7,3,16,4
R FS ur dr U D L,2,11,56,7,3,14,4
R FS ur dr U L D,2,11,56,7,3,12,3
R FS ur U D dr L,2,11,56,7,3,16,4
R FS ur U dr D L,2,11,56,7,3,14,3
R FS ur U dr L D,2,11,56,7,3,12,3
R U dr FS D ur L,2,11,56,7,3,8,2
R U dr FS L ur D,2,11,56,7,3,8,2
R U dr FS ur D L,2,11,56,7,3,10,3
R U dr FS ur L D,2,11,56,7,3,10,3
R U dr ur FS D L,2,11,56,7,3,12,3
R U dr ur FS L D,2,11,56,7,3,12,3
R U FS D dr ur L,2,11,56,7,3,12,3
R U FS D ur dr L,2,11,56,7,3,10,2
R U FS dr D ur L,2,11,56,7,3,10,3
R U FS dr L ur D,2,11,56,7,3,8,2
R U FS dr ur D L,2,11,56,7,3,10,2
R U FS dr ur L D,2,11,56,7,3,10,2
R U FS ur D dr L,2,11,56,7,3,12,3
R U FS ur dr D L,2,11,56,7,3,14,3
R U FS ur dr L D,2,11,56,7,3,12,3
R U ur dr FS D L,2,11,56,7,3,12,3
R U ur dr FS L D,2,11,56,7,3,12,3
R U ur FS D dr L,2,11,56,7,3,14,3
R U ur FS dr D L,2,11,56,7,3,14,3
R U ur FS dr L D,2,11,56,7,3,12,3
R ur dr FS D L U,2,11,56,7,3,12,3
R ur dr FS D U L,2,11,56,7,3,14,4
R ur dr FS U D L,2,11,56,7,3,14,4
R ur dr FS U L D,2,11,56,7,3,12,3
R ur dr U FS D L,2,11,56,7,3,12,3
R ur dr U FS L D,2,11,56,7,3,12,3
R ur FS D dr L U,2,11,56,7,3,14,3
R ur FS D dr U L,2,11,56,7,3,14,3
R ur FS D L dr U,2,11,56,7,3,12,3
R ur FS D U dr L,2,11,56,7,3,14,4
R ur FS dr D L U,2,11,56,7,3,14,3
R ur FS dr D U L,2,11,56,7,3,16,4
R ur FS dr U D L,2,11,56,7,3,14,4
R ur FS dr U L D,2,11,56,7,3,12,3
R ur FS U D dr L,2,11,56,7,3,16,4
R ur FS U dr D L,2,11,56,7,3,14,3
R ur FS U dr L D,2,11,56,7,3,12,3
R ur U dr FS D L,2,11,56,7,3,12,3
R ur U dr FS L D,2,11,56,7,3,12,3
R ur U FS D dr L,2,11,56,7,3,14,3
R ur U FS dr D L,2,11,56,7,3,14,3
R ur U FS dr L D,2,11,56,7,3,12,3
ur dr FS R D L U,2,11,56,7,3,11,2
ur dr FS R D U L,2,11,56,7,3,13,4
ur dr FS R U D L,2,11,56,7,3,13,4
ur dr FS R U L D,2,11,56,7,3,11,2
ur dr R FS D L U,2,11,56,7,3,13,3
ur dr R FS D U L,2,11,56,7,3,15,4
ur dr R FS U D L,2,11,56,7,3,15,4
ur dr R FS U L D,2,11,56,7,3,13,3
ur dr R U FS D L,2,11,56,7,3,13,3
ur dr R U FS L D,2,11,56,7,3,13,3
ur FS dr R D L U,2,11,56,7,3,13,3
ur FS dr R D U L,2,11,56,7,3,15,4
ur FS dr R U D L,2,11,56,7,3,15,4
ur FS dr R U L D,2,11,56,7,3,13,3
ur FS R D dr L U,2,11,56,7,3,13,3
ur FS R D dr U L,2,11,56,7,3,13,3
ur FS R D L dr U,2,11,56,7,3,11,3
ur FS R D U dr L,2,11,56,7,3,13,4
ur FS R dr D L U,2,11,56,7,3,15,3
ur FS R dr D U L,2,11,56,7,3,17,4
ur FS R dr U D L,2,11,56,7,3,15,4
ur FS R dr U L D,2,11,56,7,3,13,3
ur FS R U D dr L,2,11,56,7,3,15,4
ur FS R U dr D L,2,11,56,7,3,13,3
ur FS R U dr L D,2,11,56,7,3,11,3
ur R dr FS D L U,2,11,56,7,3,13,3
ur R dr FS D U L,2,11,56,7,3,15,4
ur R dr FS U D L,2,11,56,7,3,15,4
ur R dr FS U L D,2,11,56,7,3,13,3
ur R dr U FS D L,2,11,56,7,3,13,3
ur R dr U FS L D,2,11,56,7,3,13,3
ur R FS D dr L U,2,11,56,7,3,13,3
ur R FS D dr U L,2,11,56,7,3,13,3
ur R FS D L dr U,2,11,56,7,3,11,3
ur R FS D U dr L,2,11,56,7,3,13,4
ur R FS dr D L U,2,11,56,7,3,13,3
ur R FS dr D U L,2,11,56,7,3,15,4
ur R FS dr U D L,2,11,56,7,3,13,4
ur R FS dr U L D,2,11,56,7,3,11,3
ur R FS U D dr L,2,11,56,7,3,15,4
ur R FS U dr D L,2,11,56,7,3,13,3
ur R FS U dr L D,2,11,56,7,3,11,3
ur R U dr FS D L,2,11,56,7,3,11,3
ur R U dr FS L D,2,11,56,7,3,11,3
ur R U FS D dr L,2,11,56,7,3,13,3
ur R U FS dr D L,2,11,56,7,3,13,3
ur R U FS dr L D,2,11,56,7,3,11,3
D dr L R FS U ur,2,12,56,7,3,15,4
D dr L R U FS ur,2,12,56,7,3,15,4
D dr L R U ur FS,2,12,56,7,3,16,4
D dr L R ur U FS,2,12,56,7,3,16,4
D dr L ur R U FS,2,12,56,7,3,12,3
D dr R FS L U ur,2,12,56,7,3,15,3
D dr R L FS U ur,2,12,56,7,3,17,4
D dr R L U FS ur,2,12,56,7,3,17,4
D dr R L U ur FS,2,12,56,7,3,18,4
D dr R L ur U FS,2,12,56,7,3,16,4
D dr R U L FS ur,2,12,56,7,3,15,3
D dr R U L ur FS,2,12,56,7,3,14,3
D L dr R FS U ur,2,12,56,7,3,13,3
D L dr R U FS ur,2,12,56,7,3,13,3
D L dr R U ur FS,2,12,56,7,3,14,3
D L dr R ur U FS,2,12,56,7,3,14,3
D L dr ur R U FS,2,12,56,7,3,12,3
D L R dr FS U ur,2,12,56,7,3,15,4
D L R dr U FS ur,2,12,56,7,3,15,4
D L R dr U ur FS,2,12,56,7,3,16,4
D L R dr ur U FS,2,12,56,7,3,16,4
D L R FS dr U ur,2,12,56,7,3,13,4
D L R FS U dr ur,2,12,56,7,3,13,4
D L R FS U ur dr,2,12,56,7,3,15,4
D L R FS ur U dr,2,12,56,7,3,15,4
D L R U dr FS ur,2,12,56,7,3,13,4
D L R U dr ur FS,2,12,56,7,3,14,4
D L R U FS dr ur,2,12,56,7,3,13,4
D L R U FS ur dr,2,12,56,7,3,15,4
D L R U ur dr FS,2,12,56,7,3,14,4
D L R U ur FS dr,2,12,56,7,3,15,4
D L R ur dr U FS,2,12,56,7,3,14,4
D L R ur FS U dr,2,12,56,7,3,15,4
D L R ur U dr FS,2,12,56,7,3,14,4
D L R ur U FS dr,2,12,56,7,3,15,4
D L ur dr R U FS,2,12,56,7,3,12,3
D L ur R dr U FS,2,12,56,7,3,12,3
D L ur R FS U dr,2,12,56,7,3,11,3
D L ur R U dr FS,2,12,56,7,3,10,3
D L ur R U FS dr,2,12,56,7,3,11,3
D R dr FS L U ur,2,12,56,7,3,13,3
D R dr L FS U ur,2,12,56,7,3,13,3
D R dr L U FS ur,2,12,56,7,3,13,3
D R dr L U ur FS,2,12,56,7,3,14,3
D R dr L ur U FS,2,12,56,7,3,12,3
D R dr U L FS ur,2,12,56,7,3,13,3
D R dr U L ur FS,2,12,56,7,3,12,3
D R FS dr L U ur,2,12,56,7,3,11,3
D R FS L dr U ur,2,12,56,7,3,11,3
D R FS L U dr ur,2,12,56,7,3,11,2
D R FS L U ur dr,2,12,56,7,3,13,3
D R FS L ur U dr,2,12,56,7,3,11,3
D R FS U L dr ur,2,12,56,7,3,11,2
D R FS U L ur dr,2,12,56,7,3,11,2
D R L dr FS U ur,2,12,56,7,3,13,4
D R L dr U FS ur,2,12,56,7,3,13,4
D R L dr U ur FS,2,12,56,7,3,14,4
D R L dr ur U FS,2,12,56,7,3,14,4
D R L FS dr U ur,2,12,56,7,3,13,4
D R L FS U dr ur,2,12,56,7,3,13,4
D R L FS U ur dr,2,12,56,7,3,15,4
D R L FS ur U dr,2,12,56,7,3,15,4
D R L U dr FS ur,2,12,56,7,3,13,4
D R L U dr ur FS,2,12,56,7,3,14,4
D R L U FS dr ur,2,12,56,7,3,13,4
D R L U FS ur dr,2,12,56,7,3,15,4
D R L U ur dr FS,2,12,56,7,3,14,4
D R L U ur FS dr,2,12,56,7,3,15,4
D R L ur dr U FS,2,12,56,7,3,12,4
D R L ur FS U dr,2,12,56,7,3,13,4
D R L ur U dr FS,2,12,56,7,3,12,4
D R L ur U FS dr,2,12,56,7,3,13,4
D R U dr L FS ur,2,12,56,7,3,11,3
D R U dr L ur FS,2,12,56,7,3,10,3
D R U FS L dr ur,2,12,56,7,3,11,2
D R U FS L ur dr,2,12,56,7,3,11,2
D R U L dr FS ur,2,12,56,7,3,11,3
D R U L dr ur FS,2,12,56,7,3,12,3
D R U L FS dr ur,2,12,56,7,3,11,2
D R U L FS ur dr,2,12,56,7,3,13,3
D R U L ur dr FS,2,12,56,7,3,10,2
D R U L ur FS dr,2,12,56,7,3,11,3
dr D L R FS U ur,2,12,56,7,3,16,4
dr D L R U FS ur,2,12,56,7,3,16,4
dr D L R U ur FS,2,12,56,7,3,17,4
dr D L R ur U FS,2,12,56,7,3,17,4
dr D L ur R U FS,2,12,56,7,3,13,3
dr D R FS L U ur,2,12,56,7,3,14,3
dr D R L FS U ur,2,12,56,7,3,16,4
dr D R L U FS ur,2,12,56,7,3,16,4
dr D R L U ur FS,2,12,56,7,3,17,4
dr D R L ur U FS,2,12,56,7,3,15,4
dr D R U L FS ur,2,12,56,7,3,14,3
dr D R U L ur FS,2,12,56,7,3,13,3
dr L D R FS U ur,2,12,56,7,3,12,3
dr L D R U FS ur,2,12,56,7,3,12,3
dr L D R U ur FS,2,12,56,7,3,13,3
dr L D R ur U FS,2,12,56,7,3,13,3
dr L D ur R U FS,2,12,56,7,3,11,3
dr L R D FS U ur,2,12,56,7,3,14,4
dr L R D U FS ur,2,12,56,7,3,16,4
dr L R D U ur FS,2,12,56,7,3,17,4
dr L R D ur U FS,2,12,56,7,3,13,4
dr L R U D FS ur,2,12,56,7,3,16,4
dr L R U D ur FS,2,12,56,7,3,15,4
dr R D FS L U ur,2,12,56,7,3,14,3
dr R D L FS U ur,2,12,56,7,3,14,3
dr R D L U FS ur,2,12,56,7,3,14,3
dr R D L U ur FS,2,12,56,7,3,15,3
dr R D L ur U FS,2,12,56,7,3,13,3
dr R D U L FS ur,2,12,56,7,3,16,4
dr R D U L ur FS,2,12,56,7,3,15,4
dr R L D FS U ur,2,12,56,7,3,16,4
dr R L D U FS ur,2,12,56,7,3,18,4
dr R L D U ur FS,2,12,56,7,3,19,4
dr R L D ur U FS,2,12,56,7,3,15,4
dr R L U D FS ur,2,12,56,7,3,18,4
dr R L U D ur FS,2,12,56,7,3,17,4
dr R U D L FS ur,2,12,56,7,3,16,4
dr R U D L ur FS,2,12,56,7,3,15,4
dr R U L D FS ur,2,12,56,7,3,14,3
dr R U L D ur FS,2,12,56,7,3,13,3
L D dr R FS U ur,2,12,56,7,3,15,3
L D dr R U FS ur,2,12,56,7,3,15,3
L D dr R U ur FS,2,12,56,7,3,16,3
L D dr R ur U FS,2,12,56,7,3,16,3
L D dr ur R U FS,2,12,56,7,3,14,3
L D R dr FS U ur,2,12,56,7,3,13,3
L D R dr U FS ur,2,12,56,7,3,13,3
L D R dr U ur FS,2,12,56,7,3,14,3
L D R dr ur U FS,2,12,56,7,3,14,3
L D R FS dr U ur,2,12,56,7,3,11,3
L D R FS U dr ur,2,12,56,7,3,11,2
L D R FS U ur dr,2,12,56,7,3,13,3
L D R FS ur U dr,2,12,56,7,3,13,3
L D R U dr FS ur,2,12,56,7,3,11,3
L D R U dr ur FS,2,12,56,7,3,12,3
L D R U FS dr ur,2,12,56,7,3,11,2
L D R U FS ur dr,2,12,56,7,3,13,3
L D R U ur dr FS,2,12,56,7,3,12,3
L D R U ur FS dr,2,12,56,7,3,13,3
L D R ur dr U FS,2,12,56,7,3,12,3
L D R ur FS U dr,2,12,56,7,3,13,3
L D R ur U dr FS,2,12,56,7,3,12,3
L D R ur U FS dr,2,12,56,7,3,13,3
L D ur dr R U FS,2,12,56,7,3,12,3
L D ur R dr U FS,2,12,56,7,3,12,3
L D ur R FS U dr,2,12,56,7,3,11,3
L D ur R U dr FS,2,12,56,7,3,10,3
L D ur R U FS dr,2,12,56,7,3,11,3
L dr D R FS U ur,2,12,56,7,3,13,3
L dr D R U FS ur,2,12,56,7,3,13,3
L dr D R U ur FS,2,12,56,7,3,14,3
L dr D R ur U FS,2,12,56,7,3,14,3
L dr D ur R U FS,2,12,56,7,3,12,3
L dr R D FS U ur,2,12,56,7,3,13,3
L dr R D U FS ur,2,12,56,7,3,15,4
L dr R D U ur FS,2,12,56,7,3,16,4
L dr R D ur U FS,2,12,56,7,3,12,3
L dr R U D FS ur,2,12,56,7,3,15,4
L dr R U D ur FS,2,12,56,7,3,14,4
L R D dr FS U ur,2,12,56,7,3,15,4
L R D dr U FS ur,2,12,56,7,3,15,4
L R D dr U ur FS,2,12,56,7,3,16,4
L R D dr ur U FS,2,12,56,7,3,16,4
L R D FS dr U ur,2,12,56,7,3,13,4
L R D FS U dr ur,2,12,56,7,3,13,4
L R D FS U ur dr,2,12,56,7,3,15,4
L R D FS ur U dr,2,12,56,7,3,15,4
L R D U dr FS ur,2,12,56,7,3,15,4
L R D U dr ur FS,2,12,56,7,3,16,4
L R D U FS dr ur,2,12,56,7,3,15,4
L R D U FS ur dr,2,12,56,7,3,17,4
L R D U ur dr FS,2,12,56,7,3,16,4
L R D U ur FS dr,2,12,56,7,3,17,4
L R D ur dr U FS,2,12,56,7,3,12,4
L R D ur FS U dr,2,12,56,7,3,13,4
L R D ur U dr FS,2,12,56,7,3,12,4
L R D ur U FS dr,2,12,56,7,3,13,4
L R dr D FS U ur,2,12,56,7,3,17,4
L R dr D U FS ur,2,12,56,7,3,19,4
L R dr D U ur FS,2,12,56,7,3,20,4
L R dr D ur U FS,2,12,56,7,3,16,4
L R dr U D FS ur,2,12,56,7,3,17,4
L R dr U D ur FS,2,12,56,7,3,16,4
L R U D dr FS ur,2,12,56,7,3,17,4
L R U D dr ur FS,2,12,56,7,3,18,4
L R U D FS dr ur,2,12,56,7,3,15,4
L R U D FS ur dr,2,12,56,7,3,17,4
L R U D ur dr FS,2,12,56,7,3,14,4
L R U D ur FS dr,2,12,56,7,3,15,4
L R U dr D FS ur,2,12,56,7,3,15,4
L R U dr D ur FS,2,12,56,7,3,14,4
R D dr FS L U ur,2,12,56,7,3,13,3
R D dr L FS U ur,2,12,56,7,3,13,3
R D dr L U FS ur,2,12,56,7,3,13,3
R D dr L U ur FS,2,12,56,7,3,14,3
R D dr L ur U FS,2,12,56,7,3,12,3
R D dr U L FS ur,2,12,56,7,3,13,3
R D dr U L ur FS,2,12,56,7,3,12,3
R D FS dr L U ur,2,12,56,7,3,11,3
R D FS L dr U ur,2,12,56,7,3,11,3
R D FS L U dr ur,2,12,56,7,3,11,2
R D FS L U ur dr,2,12,56,7,3,13,3
R D FS L ur U dr,2,12,56,7,3,11,3
R D FS U L dr ur,2,12,56,7,3,11,2
R D FS U L ur dr,2,12,56,7,3,11,2
R D L dr FS U ur,2,12,56,7,3,11,3
R D L dr U FS ur,2,12,56,7,3,11,3
R D L dr U ur FS,2,12,56,7,3,12,3
R D L dr ur U FS,2,12,56,7,3,12,3
R D L FS dr U ur,2,12,56,7,3,11,3
R D L FS U dr ur,2,12,56,7,3,11,2
R D L FS U ur dr,2,12,56,7,3,13,3
R D L FS ur U dr,2,12,56,7,3,13,3
R D L U dr FS ur,2,12,56,7,3,11,3
R D L U dr ur FS,2,12,56,7,3,12,3
R D L U FS dr ur,2,12,56,7,3,11,2
R D L U FS ur dr,2,12,56,7,3,13,3
R D L U ur dr FS,2,12,56,7,3,12,3
R D L U ur FS dr,2,12,56,7,3,13,3
R D L ur dr U FS,2,12,56,7,3,10,2
R D L ur FS U dr,2,12,56,7,3,11,3
R D L ur U dr FS,2,12,56,7,3,10,3
R D L ur U FS dr,2,12,56,7,3,11,3
R D U dr L FS ur,2,12,56,7,3,13,4
R D U dr L ur FS,2,12,56,7,3,12,4
R D U FS L dr ur,2,12,56,7,3,13,4
R D U FS L ur dr,2,12,56,7,3,13,4
R D U L dr FS ur,2,12,56,7,3,13,4
R D U L dr ur FS,2,12,56,7,3,14,4
R D U L FS dr ur,2,12,56,7,3,13,4
R D U L FS ur dr,2,12,56,7,3,15,4
R D U L ur dr FS,2,12,56,7,3,12,4
R D U L ur FS dr,2,12,56,7,3,13,4
R dr D FS L U ur,2,12,56,7,3,15,3
R dr D L FS U ur,2,12,56,7,3,15,3
R dr D L U FS ur,2,12,56,7,3,15,3
R dr D L U ur FS,2,12,56,7,3,16,3
R dr D L ur U FS,2,12,56,7,3,14,3
R dr D U L FS ur,2,12,56,7,3,17,4
R dr D U L ur FS,2,12,56,7,3,16,4
R dr L D FS U ur,2,12,56,7,3,13,3
R dr L D U FS ur,2,12,56,7,3,15,4
R dr L D U ur FS,2,12,56,7,3,16,4
R dr L D ur U FS,2,12,56,7,3,12,3
R dr L U D FS ur,2,12,56,7,3,15,4
R dr L U D ur FS,2,12,56,7,3,14,4
R dr U D L FS ur,2,12,56,7,3,15,4
R dr U D L ur FS,2,12,56,7,3,14,4
R dr U L D FS ur,2,12,56,7,3,13,3
R dr U L D ur FS,2,12,56,7,3,12,3
R L D dr FS U ur,2,12,56,7,3,15,4
R L D dr U FS ur,2,12,56,7,3,15,4
R L D dr U ur FS,2,12,56,7,3,16,4
R L D dr ur U FS,2,12,56,7,3,16,4
R L D FS dr U ur,2,12,56,7,3,13,4
R L D FS U dr ur,2,12,56,7,3,13,4
R L D FS U ur dr,2,12,56,7,3,15,4
R L D FS ur U dr,2,12,56,7,3,15,4
R L D U dr FS ur,2,12,56,7,3,15,4
R L D U dr ur FS,2,12,56,7,3,16,4
R L D U FS dr ur,2,12,56,7,3,15,4
R L D U FS ur dr,2,12,56,7,3,17,4
R L D U ur dr FS,2,12,56,7,3,16,4
R L D U ur FS dr,2,12,56,7,3,17,4
R L D ur dr U FS,2,12,56,7,3,12,4
R L D ur FS U dr,2,12,56,7,3,13,4
R L D ur U dr FS,2,12,56,7,3,12,4
R L D ur U FS dr,2,12,56,7,3,13,4
R L dr D FS U ur,2,12,56,7,3,15,4
R L dr D U FS ur,2,12,56,7,3,17,4
R L dr D U ur FS,2,12,56,7,3,18,4
R L dr D ur U FS,2,12,56,7,3,14,4
R L dr U D FS ur,2,12,56,7,3,15,4
R L dr U D ur FS,2,12,56,7,3,14,4
R L U D dr FS ur,2,12,56,7,3,17,4
R L U D dr ur FS,2,12,56,7,3,18,4
R L U D FS dr ur,2,12,56,7,3,15,4
R L U D FS ur dr,2,12,56,7,3,17,4
R L U D ur dr FS,2,12,56,7,3,14,4
R L U D ur FS dr,2,12,56,7,3,15,4
R L U dr D FS ur,2,12,56,7,3,15,4
R L U dr D ur FS,2,12,56,7,3,14,4
R U D dr L FS ur,2,12,56,7,3,15,4
R U D dr L ur FS,2,12,56,7,3,14,4
R U D FS L dr ur,2,12,56,7,3,13,4
R U D FS L ur dr,2,12,56,7,3,13,4
R U D L dr FS ur,2,12,56,7,3,13,4
R U D L dr ur FS,2,12,56,7,3,14,4
R U D L FS dr ur,2,12,56,7,3,13,4
R U D L FS ur dr,2,12,56,7,3,15,4
R U D L ur dr FS,2,12,56,7,3,12,4
R U D L ur FS dr,2,12,56,7,3,13,4
R U dr D L FS ur,2,12,56,7,3,13,3
R U dr D L ur FS,2,12,56,7,3,12,3
R U dr L D FS ur,2,12,56,7,3,11,3
R U dr L D ur FS,2,12,56,7,3,10,3
R U L D dr FS ur,2,12,56,7,3,13,3
R U L D dr ur FS,2,12,56,7,3,14,3
R U L D FS dr ur,2,12,56,7,3,11,2
R U L D FS ur dr,2,12,56,7,3,13,3
R U L D ur dr FS,2,12,56,7,3,10,2
R U L D ur FS dr,2,12,56,7,3,11,3
R U L dr D FS ur,2,12,56,7,3,13,3
R U L dr D ur FS,2,12,56,7,3,12,3
dr FS L U R ur D,6,11,60,7,3,11,3
dr FS L U ur D R,6,11,60,7,3,11,3
dr FS L U ur R D,6,11,60,7,3,13,3
dr FS L ur D R U,6,11,60,7,3,9,2
dr FS L ur D U R,6,11,60,7,3,11,4
dr FS L ur U D R,6,11,60,7,3,13,4
dr FS L ur U R D,6,11,60,7,3,11,3
dr FS U L R ur D,6,11,60,7,3,13,4
dr FS U L ur D R,6,11,60,7,3,9,2
dr FS U L ur R D,6,11,60,7,3,11,3
dr FS U R D ur L,6,11,60,7,3,9,2
dr FS U R L ur D,6,11,60,7,3,11,4
dr FS U R ur D L,6,11,60,7,3,11,3
dr FS U R ur L D,6,11,60,7,3,11,3
dr FS U ur L D R,6,11,60,7,3,11,3
dr FS U ur L R D,6,11,60,7,3,13,4
dr FS U ur R D L,6,11,60,7,3,13,3
dr FS U ur R L D,6,11,60,7,3,15,4
dr FS ur L D R U,6,11,60,7,3,11,3
dr FS ur L D U R,6,11,60,7,3,13,4
dr FS ur L U D R,6,11,60,7,3,13,4
dr FS ur L U R D,6,11,60,7,3,11,3
dr FS ur U L D R,6,11,60,7,3,13,3
dr FS ur U L R D,6,11,60,7,3,15,4
dr FS ur U R D L,6,11,60,7,3,13,3
dr FS ur U R L D,6,11,60,7,3,15,4
dr L FS U R ur D,6,11,60,7,3,11,3
dr L FS U ur D R,6,11,60,7,3,11,3
dr L FS U ur R D,6,11,60,7,3,13,3
dr L FS ur D R U,6,11,60,7,3,11,3
dr L FS ur D U R,6,11,60,7,3,13,4
dr L FS ur U D R,6,11,60,7,3,15,4
dr L FS ur U R D,6,11,60,7,3,13,3
dr L ur D FS R U,6,11,60,7,3,9,2
dr L ur D FS U R,6,11,60,7,3,9,2
dr L ur FS D R U,6,11,60,7,3,11,3
dr L ur FS D U R,6,11,60,7,3,13,4
dr L ur FS U D R,6,11,60,7,3,13,4
dr L ur FS U R D,6,11,60,7,3,11,3
dr U FS L R ur D,6,11,60,7,3,13,4
dr U FS L ur D R,6,11,60,7,3,9,2
dr U FS L ur R D,6,11,60,7,3,11,3
dr U FS R D ur L,6,11,60,7,3,9,2
dr U FS R L ur D,6,11,60,7,3,11,4
dr U FS R ur D L,6,11,60,7,3,11,3
dr U FS R ur L D,6,11,60,7,3,11,3
dr U FS ur L D R,6,11,60,7,3,11,3
dr U FS ur L R D,6,11,60,7,3,13,4
dr U FS ur R D L,6,11,60,7,3,13,3
dr U FS ur R L D,6,11,60,7,3,15,4
dr U R FS D ur L,6,11,60,7,3,9,2
dr U R FS L ur D,6,11,60,7,3,9,2
dr U R FS ur D L,6,11,60,7,3,11,3
dr U R FS ur L D,6,11,60,7,3,11,3
dr U R ur FS D L,6,11,60,7,3,13,3
dr U R ur FS L D,6,11,60,7,3,13,3
dr U ur FS L D R,6,11,60,7,3,13,3
dr U ur FS L R D,6,11,60,7,3,15,4
dr U ur FS R D L,6,11,60,7,3,13,3
dr U ur FS R L D,6,11,60,7,3,15,4
dr U ur R FS D L,6,11,60,7,3,13,3
dr U ur R FS L D,6,11,60,7,3,13,3
dr ur FS L D R U,6,11,60,7,3,13,3
dr ur FS L D U R,6,11,60,7,3,15,4
dr ur FS L U D R,6,11,60,7,3,15,4
dr ur FS L U R D,6,11,60,7,3,13,3
dr ur FS U L D R,6,11,60,7,3,13,3
dr ur FS U L R D,6,11,60,7,3,15,4
dr ur FS U R D L,6,11,60,7,3,13,3
dr ur FS U R L D,6,11,60,7,3,15,4
dr ur L D FS R U,6,11,60,7,3,11,2
dr ur L D FS U R,6,11,60,7,3,11,2
dr ur L FS D R U,6,11,60,7,3,11,2
dr ur L FS D U R,6,11,60,7,3,13,4
dr ur L FS U D R,6,11,60,7,3,13,4
dr ur L FS U R D,6,11,60,7,3,11,2
dr ur U FS L D R,6,11,60,7,3,13,3
dr ur U FS L R D,6,11,60,7,3,15,4
dr ur U FS R D L,6,11,60,7,3,13,3
dr ur U FS R L D,6,11,60,7,3,15,4
dr ur U R FS D L,6,11,60,7,3,13,3
dr ur U R FS L D,6,11,60,7,3,13,3
FS dr L U R ur D,6,11,60,7,3,10,3
FS dr L U ur D R,6,11,60,7,3,10,3
FS dr L U ur R D,6,11,60,7,3,12,3
FS dr L ur D R U,6,11,60,7,3,8,2
FS dr L ur D U R,6,11,60,7,3,10,4
FS dr L ur U D R,6,11,60,7,3,12,4
FS dr L ur U R D,6,11,60,7,3,10,3
FS dr U L R ur D,6,11,60,7,3,12,4
FS dr U L ur D R,6,11,60,7,3,8,2
FS dr U L ur R D,6,11,60,7,3,10,3
FS dr U R D ur L,6,11,60,7,3,8,2
FS dr U R L ur D,6,11,60,7,3,10,4
FS dr U R ur D L,6,11,60,7,3,10,3
FS dr U R ur L D,6,11,60,7,3,10,3
FS dr U ur L D R,6,11,60,7,3,10,3
FS dr U ur L R D,6,11,60,7,3,12,4
FS dr U ur R D L,6,11,60,7,3,12,3
FS dr U ur R L D,6,11,60,7,3,14,4
FS dr ur L D R U,6,11,60,7,3,10,2
FS dr ur L D U R,6,11,60,7,3,12,4
FS dr ur L U D R,6,11,60,7,3,12,4
FS dr ur L U R D,6,11,60,7,3,10,2
FS dr ur U L D R,6,11,60,7,3,12,3
FS dr ur U L R D,6,11,60,7,3,14,4
FS dr ur U R D L,6,11,60,7,3,12,3
FS dr ur U R L D,6,11,60,7,3,14,4
FS L dr U R ur D,6,11,60,7,3,10,3
FS L dr U ur D R,6,11,60,7,3,10,3
FS L dr U ur R D,6,11,60,7,3,12,3
FS L dr ur D R U,6,11,60,7,3,10,2
FS L dr ur D U R,6,11,60,7,3,12,4
FS L dr ur U D R,6,11,60,7,3,14,4
FS L dr ur U R D,6,11,60,7,3,12,3
FS L ur D dr R U,6,11,60,7,3,12,3
FS L ur D dr U R,6,11,60,7,3,10,3
FS L ur D R dr U,6,11,60,7,3,10,3
FS L ur dr D R U,6,11,60,7,3,12,3
FS L ur dr D U R,6,11,60,7,3,14,4
FS L ur dr U D R,6,11,60,7,3,12,4
FS L ur dr U R D,6,11,60,7,3,10,2
FS U dr L R ur D,6,11,60,7,3,12,4
FS U dr L ur D R,6,11,60,7,3,8,2
FS U dr L ur R D,6,11,60,7,3,10,3
FS U dr R D ur L,6,11,60,7,3,10,3
FS U dr R L ur D,6,11,60,7,3,12,4
FS U dr R ur D L,6,11,60,7,3,12,3
FS U dr R ur L D,6,11,60,7,3,12,3
FS U dr ur L D R,6,11,60,7,3,10,2
FS U dr ur L R D,6,11,60,7,3,12,4
FS U dr ur R D L,6,11,60,7,3,12,3
FS U dr ur R L D,6,11,60,7,3,14,4
FS U R D dr ur L,6,11,60,7,3,12,3
FS U R D ur dr L,6,11,60,7,3,10,2
FS U R dr D ur L,6,11,60,7,3,12,3
FS U R dr L ur D,6,11,60,7,3,10,3
FS U R dr ur D L,6,11,60,7,3,12,3
FS U R dr ur L D,6,11,60,7,3,12,3
FS U R ur D dr L,6,11,60,7,3,12,3
FS U R ur dr D L,6,11,60,7,3,14,3
FS U R ur dr L D,6,11,60,7,3,12,3
FS U ur dr L D R,6,11,60,7,3,12,3
FS U ur dr L R D,6,11,60,7,3,14,4
FS U ur dr R D L,6,11,60,7,3,14,3
FS U ur dr R L D,6,11,60,7,3,16,4
FS U ur R D dr L,6,11,60,7,3,14,3
FS U ur R dr D L,6,11,60,7,3,16,3
FS U ur R dr L D,6,11,60,7,3,14,3
FS ur dr L D R U,6,11,60,7,3,12,3
FS ur dr L D U R,6,11,60,7,3,14,4
FS ur dr L U D R,6,11,60,7,3,14,4
FS ur dr L U R D,6,11,60,7,3,12,3
FS ur dr U L D R,6,11,60,7,3,12,3
FS ur dr U L R D,6,11,60,7,3,14,4
FS ur dr U R D L,6,11,60,7,3,12,3
FS ur dr U R L D,6,11,60,7,3,14,4
FS ur L D dr R U,6,11,60,7,3,14,3
FS ur L D dr U R,6,11,60,7,3,12,3
FS ur L D R dr U,6,11,60,7,3,12,3
FS ur L dr D R U,6,11,60,7,3,12,3
FS ur L dr D U R,6,11,60,7,3,14,4
FS ur L dr U D R,6,11,60,7,3,12,4
FS ur L dr U R D,6,11,60,7,3,10,3
FS ur U dr L D R,6,11,60,7,3,12,3
FS ur U dr L R D,6,11,60,7,3,14,4
FS ur U dr R D L,6,11,60,7,3,14,3
FS ur U dr R L D,6,11,60,7,3,16,4
FS ur U R D dr L,6,11,60,7,3,14,3
FS ur U R dr D L,6,11,60,7,3,16,3
FS ur U R dr L D,6,11,60,7,3,14,3
L dr FS U R ur D,6,11,60,7,3,10,3
L dr FS U ur D R,6,11,60,7,3,10,3
L dr FS U ur R D,6,11,60,7,3,12,3
L dr FS ur D R U,6,11,60,7,3,10,3
L dr FS ur D U R,6,11,60,7,3,12,4
L dr FS ur U D R,6,11,60,7,3,14,4
L dr FS ur U R D,6,11,60,7,3,12,3
L dr ur D FS R U,6,11,60,7,3,10,2
L dr ur D FS U R,6,11,60,7,3,10,2
L dr ur FS D R U,6,11,60,7,3,12,3
L dr ur FS D U R,6,11,60,7,3,14,4
L dr ur FS U D R,6,11,60,7,3,14,4
L dr ur FS U R D,6,11,60,7,3,12,3
L FS dr U R ur D,6,11,60,7,3,10,3
L FS dr U ur D R,6,11,60,7,3,10,3
L FS dr U ur R D,6,11,60,7,3,12,3
L FS dr ur D R U,6,11,60,7,3,10,2
L FS dr ur D U R,6,11,60,7,3,12,4
L FS dr ur U D R,6,11,60,7,3,14,4
L FS dr ur U R D,6,11,60,7,3,12,3
L FS ur D dr R U,6,11,60,7,3,14,3
L FS ur D dr U R,6,11,60,7,3,12,3
L FS ur D R dr U,6,11,60,7,3,12,3
L FS ur dr D R U,6,11,60,7,3,14,3
L FS ur dr D U R,6,11,60,7,3,16,4
L FS ur dr U D R,6,11,60,7,3,14,4
L FS ur dr U R D,6,11,60,7,3,12,3
L ur D dr FS R U,6,11,60,7,3,10,3
L ur D dr FS U R,6,11,60,7,3,10,3
L ur D FS dr R U,6,11,60,7,3,10,3
L ur D FS dr U R,6,11,60,7,3,8,2
L ur D FS R dr U,6,11,60,7,3,10,3
L ur dr D FS R U,6,11,60,7,3,12,3
L ur dr D FS U R,6,11,60,7,3,12,3
L ur dr FS D R U,6,11,60,7,3,10,2
L ur dr FS D U R,6,11,60,7,3,12,4
L ur dr FS U D R,6,11,60,7,3,12,4
L ur dr FS U R D,6,11,60,7,3,10,2
L ur FS D dr R U,6,11,60,7,3,14,3
L ur FS D dr U R,6,11,60,7,3,12,3
L ur FS D R dr U,6,11,60,7,3,12,3
L ur FS dr D R U,6,11,60,7,3,12,3
L ur FS dr D U R,6,11,60,7,3,14,4
L ur FS dr U D R,6,11,60,7,3,12,4
L ur FS dr U R D,6,11,60,7,3,10,3
U dr FS L R ur D,6,11,60,7,3,12,4
U dr FS L ur D R,6,11,60,7,3,8,2
U dr FS L ur R D,6,11,60,7,3,10,3
U dr FS R D ur L,6,11,60,7,3,8,2
U dr FS R L ur D,6,11,60,7,3,10,4
U dr FS R ur D L,6,11,60,7,3,10,3
U dr FS R ur L D,6,11,60,7,3,10,3
U dr FS ur L D R,6,11,60,7,3,10,3
U dr FS ur L R D,6,11,60,7,3,12,4
U dr FS ur R D L,6,11,60,7,3,12,3
U dr FS ur R L D,6,11,60,7,3,14,4
U dr R FS D ur L,6,11,60,7,3,10,3
U dr R FS L ur D,6,11,60,7,3,10,3
U dr R FS ur D L,6,11,60,7,3,12,3
U dr R FS ur L D,6,11,60,7,3,12,3
U dr R ur FS D L,6,11,60,7,3,14,3
U dr R ur FS L D,6,11,60,7,3,14,3
U dr ur FS L D R,6,11,60,7,3,12,3
U dr ur FS L R D,6,11,60,7,3,14,4
U dr ur FS R D L,6,11,60,7,3,12,3
U dr ur FS R L D,6,11,60,7,3,14,4
U dr ur R FS D L,6,11,60,7,3,12,3
U dr ur R FS L D,6,11,60,7,3,12,3
U FS dr L R ur D,6,11,60,7,3,12,4
U FS dr L ur D R,6,11,60,7,3,8,2
U FS dr L ur R D,6,11,60,7,3,10,3
U FS dr R D ur L,6,11,60,7,3,10,3
U FS dr R L ur D,6,11,60,7,3,12,4
U FS dr R ur D L,6,11,60,7,3,12,3
U FS dr R ur L D,6,11,60,7,3,12,3
U FS dr ur L D R,6,11,60,7,3,10,2
U FS dr ur L R D,6,11,60,7,3,12,4
U FS dr ur R D L,6,11,60,7,3,12,3
U FS dr ur R L D,6,11,60,7,3,14,4
U FS R D dr ur L,6,11,60,7,3,12,3
U FS R D ur dr L,6,11,60,7,3,10,2
U FS R dr D ur L,6,11,60,7,3,12,3
U FS R dr L ur D,6,11,60,7,3,10,3
U FS R dr ur D L,6,11,60,7,3,12,3
U FS R dr ur L D,6,11,60,7,3,12,3
U FS R ur D dr L,6,11,60,7,3,12,3
U FS R ur dr D L,6,11,60,7,3,14,3
U FS R ur dr L D,6,11,60,7,3,12,3
U FS ur dr L D R,6,11,60,7,3,12,3
U FS ur dr L R D,6,11,60,7,3,14,4
U FS ur dr R D L,6,11,60,7,3,14,3
U FS ur dr R L D,6,11,60,7,3,16,4
U FS ur R D dr L,6,11,60,7,3,14,3
U FS ur R dr D L,6,11,60,7,3,16,3
U FS ur R dr L D,6,11,60,7,3,14,3
U R dr FS D ur L,6,11,60,7,3,10,3
U R dr FS L ur D,6,11,60,7,3,10,3
U R dr FS ur D L,6,11,60,7,3,12,3
U R dr FS ur L D,6,11,60,7,3,12,3
U R dr ur FS D L,6,11,60,7,3,14,3
U R dr ur FS L D,6,11,60,7,3,14,3
U R FS D dr ur L,6,11,60,7,3,12,3
U R FS D ur dr L,6,11,60,7,3,10,2
U R FS dr D ur L,6,11,60,7,3,10,3
U R FS dr L ur D,6,11,60,7,3,8,2
U R FS dr ur D L,6,11,60,7,3,10,2
U R FS dr ur L D,6,11,60,7,3,10,2
U R FS ur D dr L,6,11,60,7,3,12,3
U R FS ur dr D L,6,11,60,7,3,14,3
U R FS ur dr L D,6,11,60,7,3,12,3
U R ur dr FS D L,6,11,60,7,3,12,3
U R ur dr FS L D,6,11,60,7,3,12,3
U R ur FS D dr L,6,11,60,7,3,14,3
U R ur FS dr D L,6,11,60,7,3,14,3
U R ur FS dr L D,6,11,60,7,3,12,3
U ur dr FS L D R,6,11,60,7,3,12,3
U ur dr FS L R D,6,11,60,7,3,14,4
U ur dr FS R D L,6,11,60,7,3,12,3
U ur dr FS R L D,6,11,60,7,3,14,4
U ur dr R FS D L,6,11,60,7,3,14,3
U ur dr R FS L D,6,11,60,7,3,14,3
U ur FS dr L D R,6,11,60,7,3,12,3
U ur FS dr L R D,6,11,60,7,3,14,4
U ur FS dr R D L,6,11,60,7,3,14,3
U ur FS dr R L D,6,11,60,7,3,16,4
U ur FS R D dr L,6,11,60,7,3,14,3
U ur FS R dr D L,6,11,60,7,3,16,3
U ur FS R dr L D,6,11,60,7,3,14,3
U ur R dr FS D L,6,11,60,7,3,14,3
U ur R dr FS L D,6,11,60,7,3,14,3
U ur R FS D dr L,6,11,60,7,3,14,3
U ur R FS dr D L,6,11,60,7,3,14,3
U ur R FS dr L D,6,11,60,7,3,12,3
ur dr FS L D R U,6,11,60,7,3,11,2
ur dr FS L D U R,6,11,60,7,3,13,4
ur dr FS L U D R,6,11,60,7,3,13,4
ur dr FS L U R D,6,11,60,7,3,11,2
ur dr FS U L D R,6,11,60,7,3,11,2
ur dr FS U L R D,6,11,60,7,3,13,4
ur dr FS U R D L,6,11,60,7,3,11,2
ur dr FS U R L D,6,11,60,7,3,13,4
ur dr L D FS R U,6,11,60,7,3,11,2
ur dr L D FS U R,6,11,60,7,3,11,2
ur dr L FS D R U,6,11,60,7,3,11,2
ur dr L FS D U R,6,11,60,7,3,13,4
ur dr L FS U D R,6,11,60,7,3,13,4
ur dr L FS U R D,6,11,60,7,3,11,2
ur dr U FS L D R,6,11,60,7,3,11,2
ur dr U FS L R D,6,11,60,7,3,13,4
ur dr U FS R D L,6,11,60,7,3,11,2
ur dr U FS R L D,6,11,60,7,3,13,4
ur dr U R FS D L,6,11,60,7,3,11,2
ur dr U R FS L D,6,11,60,7,3,11,2
ur FS dr L D R U,6,11,60,7,3,11,3
ur FS dr L D U R,6,11,60,7,3,13,4
ur FS dr L U D R,6,11,60,7,3,13,4
ur FS dr L U R D,6,11,60,7,3,11,3
ur FS dr U L D R,6,11,60,7,3,11,3
ur FS dr U L R D,6,11,60,7,3,13,4
ur FS dr U R D L,6,11,60,7,3,11,3
ur FS dr U R L D,6,11,60,7,3,13,4
ur FS L D dr R U,6,11,60,7,3,15,3
ur FS L D dr U R,6,11,60,7,3,13,3
ur FS L D R dr U,6,11,60,7,3,13,3
ur FS L dr D R U,6,11,60,7,3,13,3
ur FS L dr D U R,6,11,60,7,3,15,4
ur FS L dr U D R,6,11,60,7,3,13,4
ur FS L dr U R D,6,11,60,7,3,11,3
ur FS U dr L D R,6,11,60,7,3,11,3
ur FS U dr L R D,6,11,60,7,3,13,4
ur FS U dr R D L,6,11,60,7,3,13,3
ur FS U dr R L D,6,11,60,7,3,15,4
ur FS U R D dr L,6,11,60,7,3,13,3
ur FS U R dr D L,6,11,60,7,3,15,3
ur FS U R dr L D,6,11,60,7,3,13,3
ur L D dr FS R U,6,11,60,7,3,11,3
ur L D dr FS U R,6,11,60,7,3,11,3
ur L D FS dr R U,6,11,60,7,3,11,3
ur L D FS dr U R,6,11,60,7,3,9,2
ur L D FS R dr U,6,11,60,7,3,11,3
ur L dr D FS R U,6,11,60,7,3,11,3
ur L dr D FS U R,6,11,60,7,3,11,3
ur L dr FS D R U,6,11,60,7,3,9,2
ur L dr FS D U R,6,11,60,7,3,11,4
ur L dr FS U D R,6,11,60,7,3,11,4
ur L dr FS U R D,6,11,60,7,3,9,2
ur L FS D dr R U,6,11,60,7,3,13,3
ur L FS D dr U R,6,11,60,7,3,11,3
ur L FS D R dr U,6,11,60,7,3,11,3
ur L FS dr D R U,6,11,60,7,3,11,3
ur L FS dr D U R,6,11,60,7,3,13,4
ur L FS dr U D R,6,11,60,7,3,11,4
ur L FS dr U R D,6,11,60,7,3,9,2
ur U dr FS L D R,6,11,60,7,3,11,3
ur U dr FS L R D,6,11,60,7,3,13,4
ur U dr FS R D L,6,11,60,7,3,11,3
ur U dr FS R L D,6,11,60,7,3,13,4
ur U dr R FS D L,6,11,60,7,3,13,3
ur U dr R FS L D,6,11,60,7,3,13,3
ur U FS dr L D R,6,11,60,7,3,11,3
ur U FS dr L R D,6,11,60,7,3,13,4
ur U FS dr R D L,6,11,60,7,3,13,3
ur U FS dr R L D,6,11,60,7,3,15,4
ur U FS R D dr L,6,11,60,7,3,13,3
ur U FS R dr D L,6,11,60,7,3,15,3
ur U FS R dr L D,6,11,60,7,3,13,3
ur U R dr FS D L,6,11,60,7,3,13,3
ur U R dr FS L D,6,11,60,7,3,13,3
ur U R FS D dr L,6,11,60,7,3,13,3
ur U R FS dr D L,6,11,60,7,3,13,3
ur U R FS dr L D,6,11,60,7,3,11,3
D dr L U FS R ur,6,12,60,7,3,13,3
D dr L U R FS ur,6,12,60,7,3,13,3
D dr L U R ur FS,6,12,60,7,3,14,3
D dr L U ur R FS,6,12,60,7,3,14,3
D dr L ur U R FS,6,12,60,7,3,12,3
D dr U L FS R ur,6,12,60,7,3,13,3
D dr U L R FS ur,6,12,60,7,3,15,4
D dr U L R ur FS,6,12,60,7,3,16,4
D dr U L ur R FS,6,12,60,7,3,12,3
D dr U R L FS ur,6,12,60,7,3,15,4
D dr U R L ur FS,6,12,60,7,3,14,4
D FS L U dr R ur,6,12,60,7,3,13,3
D FS L U R dr ur,6,12,60,7,3,13,3
D FS L U R ur dr,6,12,60,7,3,13,3
D FS L U ur R dr,6,12,60,7,3,15,3
D FS L ur U R dr,6,12,60,7,3,13,3
D FS U L dr R ur,6,12,60,7,3,13,3
D FS U L R dr ur,6,12,60,7,3,15,4
D FS U L R ur dr,6,12,60,7,3,15,4
D FS U L ur R dr,6,12,60,7,3,13,3
D FS U R L dr ur,6,12,60,7,3,13,4
D FS U R L ur dr,6,12,60,7,3,13,4
D L dr U FS R ur,6,12,60,7,3,11,3
D L dr U R FS ur,6,12,60,7,3,11,3
D L dr U R ur FS,6,12,60,7,3,12,3
D L dr U ur R FS,6,12,60,7,3,12,3
D L dr ur U R FS,6,12,60,7,3,12,3
D L FS U dr R ur,6,12,60,7,3,13,3
D L FS U R dr ur,6,12,60,7,3,13,3
D L FS U R ur dr,6,12,60,7,3,13,3
D L FS U ur R dr,6,12,60,7,3,15,3
D L FS ur U R dr,6,12,60,7,3,15,3
D L U dr FS R ur,6,12,60,7,3,11,3
D L U dr R FS ur,6,12,60,7,3,13,3
D L U dr R ur FS,6,12,60,7,3,14,3
D L U dr ur R FS,6,12,60,7,3,12,3
D L U FS dr R ur,6,12,60,7,3,13,3
D L U FS R dr ur,6,12,60,7,3,13,3
D L U FS R ur dr,6,12,60,7,3,13,3
D L U FS ur R dr,6,12,60,7,3,15,3
D L U R dr FS ur,6,12,60,7,3,13,3
D L U R dr ur FS,6,12,60,7,3,14,3
D L U R FS dr ur,6,12,60,7,3,11,2
D L U R FS ur dr,6,12,60,7,3,13,3
D L U R ur dr FS,6,12,60,7,3,12,3
D L U R ur FS dr,6,12,60,7,3,13,3
D L U ur dr R FS,6,12,60,7,3,14,3
D L U ur FS R dr,6,12,60,7,3,15,3
D L U ur R dr FS,6,12,60,7,3,14,3
D L U ur R FS dr,6,12,60,7,3,13,3
D L ur dr U R FS,6,12,60,7,3,10,2
D L ur FS U R dr,6,12,60,7,3,13,3
D L ur U dr R FS,6,12,60,7,3,12,3
D L ur U FS R dr,6,12,60,7,3,13,3
D L ur U R dr FS,6,12,60,7,3,12,3
D L ur U R FS dr,6,12,60,7,3,11,3
D U dr L FS R ur,6,12,60,7,3,13,4
D U dr L R FS ur,6,12,60,7,3,15,4
D U dr L R ur FS,6,12,60,7,3,16,4
D U dr L ur R FS,6,12,60,7,3,12,4
D U dr R L FS ur,6,12,60,7,3,17,4
D U dr R L ur FS,6,12,60,7,3,16,4
D U FS L dr R ur,6,12,60,7,3,15,4
D U FS L R dr ur,6,12,60,7,3,17,4
D U FS L R ur dr,6,12,60,7,3,17,4
D U FS L ur R dr,6,12,60,7,3,15,4
D U FS R L dr ur,6,12,60,7,3,15,4
D U FS R L ur dr,6,12,60,7,3,15,4
D U L dr FS R ur,6,12,60,7,3,13,4
D U L dr R FS ur,6,12,60,7,3,15,4
D U L dr R ur FS,6,12,60,7,3,16,4
D U L dr ur R FS,6,12,60,7,3,14,4
D U L FS dr R ur,6,12,60,7,3,15,4
D U L FS R dr ur,6,12,60,7,3,15,4
D U L FS R ur dr,6,12,60,7,3,15,4
D U L FS ur R dr,6,12,60,7,3,17,4
D U L R dr FS ur,6,12,60,7,3,17,4
D U L R dr ur FS,6,12,60,7,3,18,4
D U L R FS dr ur,6,12,60,7,3,15,4
D U L R FS ur dr,6,12,60,7,3,17,4
D U L R ur dr FS,6,12,60,7,3,16,4
D U L R ur FS dr,6,12,60,7,3,17,4
D U L ur dr R FS,6,12,60,7,3,14,4
D U L ur FS R dr,6,12,60,7,3,15,4
D U L ur R dr FS,6,12,60,7,3,14,4
D U L ur R FS dr,6,12,60,7,3,13,4
D U R dr L FS ur,6,12,60,7,3,15,4
D U R dr L ur FS,6,12,60,7,3,14,4
D U R FS L dr ur,6,12,60,7,3,13,4
D U R FS L ur dr,6,12,60,7,3,13,4
D U R L dr FS ur,6,12,60,7,3,15,4
D U R L dr ur FS,6,12,60,7,3,16,4
D U R L FS dr ur,6,12,60,7,3,15,4
D U R L FS ur dr,6,12,60,7,3,17,4
D U R L ur dr FS,6,12,60,7,3,14,4
D U R L ur FS dr,6,12,60,7,3,15,4
dr D L U FS R ur,6,12,60,7,3,14,3
dr D L U R FS ur,6,12,60,7,3,14,3
dr D L U R ur FS,6,12,60,7,3,15,3
dr D L U ur R FS,6,12,60,7,3,15,3
dr D L ur U R FS,6,12,60,7,3,13,3
dr D U L FS R ur,6,12,60,7,3,16,4
dr D U L R FS ur,6,12,60,7,3,18,4
dr D U L R ur FS,6,12,60,7,3,19,4
dr D U L ur R FS,6,12,60,7,3,15,4
dr D U R L FS ur,6,12,60,7,3,18,4
dr D U R L ur FS,6,12,60,7,3,17,4
dr L D U FS R ur,6,12,60,7,3,14,4
dr L D U R FS ur,6,12,60,7,3,14,4
dr L D U R ur FS,6,12,60,7,3,15,4
dr L D U ur R FS,6,12,60,7,3,15,4
dr L D ur U R FS,6,12,60,7,3,11,3
dr L U D FS R ur,6,12,60,7,3,14,4
dr L U D R FS ur,6,12,60,7,3,14,4
dr L U D R ur FS,6,12,60,7,3,15,4
dr L U D ur R FS,6,12,60,7,3,13,4
dr L U FS D R ur,6,12,60,7,3,12,3
dr L U R D FS ur,6,12,60,7,3,12,3
dr L U R D ur FS,6,12,60,7,3,11,3
dr U D L FS R ur,6,12,60,7,3,14,4
dr U D L R FS ur,6,12,60,7,3,16,4
dr U D L R ur FS,6,12,60,7,3,17,4
dr U D L ur R FS,6,12,60,7,3,13,4
dr U D R L FS ur,6,12,60,7,3,16,4
dr U D R L ur FS,6,12,60,7,3,15,4
dr U L D FS R ur,6,12,60,7,3,12,3
dr U L D R FS ur,6,12,60,7,3,12,3
dr U L D R ur FS,6,12,60,7,3,13,3
dr U L D ur R FS,6,12,60,7,3,11,3
dr U L FS D R ur,6,12,60,7,3,12,3
dr U L R D FS ur,6,12,60,7,3,14,4
dr U L R D ur FS,6,12,60,7,3,13,4
dr U R D L FS ur,6,12,60,7,3,12,3
dr U R D L ur FS,6,12,60,7,3,11,3
dr U R L D FS ur,6,12,60,7,3,14,4
dr U R L D ur FS,6,12,60,7,3,13,4
FS D L U dr R ur,6,12,60,7,3,13,3
FS D L U R dr ur,6,12,60,7,3,13,3
FS D L U R ur dr,6,12,60,7,3,13,3
FS D L U ur R dr,6,12,60,7,3,15,3
FS D L ur U R dr,6,12,60,7,3,13,3
FS D U L dr R ur,6,12,60,7,3,15,4
FS D U L R dr ur,6,12,60,7,3,17,4
FS D U L R ur dr,6,12,60,7,3,17,4
FS D U L ur R dr,6,12,60,7,3,15,4
FS D U R L dr ur,6,12,60,7,3,15,4
FS D U R L ur dr,6,12,60,7,3,15,4
FS L D U dr R ur,6,12,60,7,3,15,4
FS L D U R dr ur,6,12,60,7,3,15,4
FS L D U R ur dr,6,12,60,7,3,15,4
FS L D U ur R dr,6,12,60,7,3,17,4
FS L D ur U R dr,6,12,60,7,3,13,3
FS L U D dr R ur,6,12,60,7,3,17,4
FS L U D R dr ur,6,12,60,7,3,15,4
FS L U D R ur dr,6,12,60,7,3,15,4
FS L U D ur R dr,6,12,60,7,3,15,4
FS L U dr D R ur,6,12,60,7,3,13,3
FS U D L dr R ur,6,12,60,7,3,15,4
FS U D L R dr ur,6,12,60,7,3,17,4
FS U D L R ur dr,6,12,60,7,3,17,4
FS U D L ur R dr,6,12,60,7,3,15,4
FS U D R L dr ur,6,12,60,7,3,15,4
FS U D R L ur dr,6,12,60,7,3,15,4
FS U L D dr R ur,6,12,60,7,3,15,3
FS U L D R dr ur,6,12,60,7,3,13,3
FS U L D R ur dr,6,12,60,7,3,13,3
FS U L D ur R dr,6,12,60,7,3,13,3
FS U L dr D R ur,6,12,60,7,3,13,3
L D dr U FS R ur,6,12,60,7,3,13,3
L D dr U R FS ur,6,12,60,7,3,13,3
L D dr U R ur FS,6,12,60,7,3,14,3
L D dr U ur R FS,6,12,60,7,3,14,3
L D dr ur U R FS,6,12,60,7,3,14,3
L D FS U dr R ur,6,12,60,7,3,13,3
L D FS U R dr ur,6,12,60,7,3,13,3
L D FS U R ur dr,6,12,60,7,3,13,3
L D FS U ur R dr,6,12,60,7,3,15,3
L D FS ur U R dr,6,12,60,7,3,15,3
L D U dr FS R ur,6,12,60,7,3,13,4
L D U dr R FS ur,6,12,60,7,3,15,4
L D U dr R ur FS,6,12,60,7,3,16,4
L D U dr ur R FS,6,12,60,7,3,14,4
L D U FS dr R ur,6,12,60,7,3,15,4
L D U FS R dr ur,6,12,60,7,3,15,4
L D U FS R ur dr,6,12,60,7,3,15,4
L D U FS ur R dr,6,12,60,7,3,17,4
L D U R dr FS ur,6,12,60,7,3,15,4
L D U R dr ur FS,6,12,60,7,3,16,4
L D U R FS dr ur,6,12,60,7,3,13,4
L D U R FS ur dr,6,12,60,7,3,15,4
L D U R ur dr FS,6,12,60,7,3,14,4
L D U R ur FS dr,6,12,60,7,3,15,4
L D U ur dr R FS,6,12,60,7,3,16,4
L D U ur FS R dr,6,12,60,7,3,17,4
L D U ur R dr FS,6,12,60,7,3,16,4
L D U ur R FS dr,6,12,60,7,3,15,4
L D ur dr U R FS,6,12,60,7,3,10,2
L D ur FS U R dr,6,12,60,7,3,13,3
L D ur U dr R FS,6,12,60,7,3,12,3
L D ur U FS R dr,6,12,60,7,3,13,3
L D ur U R dr FS,6,12,60,7,3,12,3
L D ur U R FS dr,6,12,60,7,3,11,3
L dr D U FS R ur,6,12,60,7,3,15,4
L dr D U R FS ur,6,12,60,7,3,15,4
L dr D U R ur FS,6,12,60,7,3,16,4
L dr D U ur R FS,6,12,60,7,3,16,4
L dr D ur U R FS,6,12,60,7,3,12,3
L dr U D FS R ur,6,12,60,7,3,13,4
L dr U D R FS ur,6,12,60,7,3,13,4
L dr U D R ur FS,6,12,60,7,3,14,4
L dr U D ur R FS,6,12,60,7,3,12,4
L dr U FS D R ur,6,12,60,7,3,11,3
L dr U R D FS ur,6,12,60,7,3,11,3
L dr U R D ur FS,6,12,60,7,3,10,3
L FS D U dr R ur,6,12,60,7,3,15,4
L FS D U R dr ur,6,12,60,7,3,15,4
L FS D U R ur dr,6,12,60,7,3,15,4
L FS D U ur R dr,6,12,60,7,3,17,4
L FS D ur U R dr,6,12,60,7,3,13,3
L FS U D dr R ur,6,12,60,7,3,17,4
L FS U D R dr ur,6,12,60,7,3,15,4
L FS U D R ur dr,6,12,60,7,3,15,4
L FS U D ur R dr,6,12,60,7,3,15,4
L FS U dr D R ur,6,12,60,7,3,13,3
L U D dr FS R ur,6,12,60,7,3,15,4
L U D dr R FS ur,6,12,60,7,3,17,4
L U D dr R ur FS,6,12,60,7,3,18,4
L U D dr ur R FS,6,12,60,7,3,16,4
L U D FS dr R ur,6,12,60,7,3,15,4
L U D FS R dr ur,6,12,60,7,3,15,4
L U D FS R ur dr,6,12,60,7,3,15,4
L U D FS ur R dr,6,12,60,7,3,17,4
L U D R dr FS ur,6,12,60,7,3,15,4
L U D R dr ur FS,6,12,60,7,3,16,4
L U D R FS dr ur,6,12,60,7,3,13,4
L U D R FS ur dr,6,12,60,7,3,15,4
L U D R ur dr FS,6,12,60,7,3,14,4
L U D R ur FS dr,6,12,60,7,3,15,4
L U D ur dr R FS,6,12,60,7,3,14,4
L U D ur FS R dr,6,12,60,7,3,15,4
L U D ur R dr FS,6,12,60,7,3,14,4
L U D ur R FS dr,6,12,60,7,3,13,4
L U dr D FS R ur,6,12,60,7,3,13,3
L U dr D R FS ur,6,12,60,7,3,13,3
L U dr D R ur FS,6,12,60,7,3,14,3
L U dr D ur R FS,6,12,60,7,3,12,3
L U dr FS D R ur,6,12,60,7,3,11,3
L U dr R D FS ur,6,12,60,7,3,13,3
L U dr R D ur FS,6,12,60,7,3,12,3
L U FS D dr R ur,6,12,60,7,3,15,3
L U FS D R dr ur,6,12,60,7,3,13,3
L U FS D R ur dr,6,12,60,7,3,13,3
L U FS D ur R dr,6,12,60,7,3,13,3
L U FS dr D R ur,6,12,60,7,3,13,3
L U R D dr FS ur,6,12,60,7,3,13,3
L U R D dr ur FS,6,12,60,7,3,14,3
L U R D FS dr ur,6,12,60,7,3,11,2
L U R D FS ur dr,6,12,60,7,3,13,3
L U R D ur dr FS,6,12,60,7,3,10,2
L U R D ur FS dr,6,12,60,7,3,11,3
L U R dr D FS ur,6,12,60,7,3,15,3
L U R dr D ur FS,6,12,60,7,3,14,3
U D dr L FS R ur,6,12,60,7,3,15,4
U D dr L R FS ur,6,12,60,7,3,17,4
U D dr L R ur FS,6,12,60,7,3,18,4
U D dr L ur R FS,6,12,60,7,3,14,4
U D dr R L FS ur,6,12,60,7,3,19,4
U D dr R L ur FS,6,12,60,7,3,18,4
U D FS L dr R ur,6,12,60,7,3,15,4
U D FS L R dr ur,6,12,60,7,3,17,4
U D FS L R ur dr,6,12,60,7,3,17,4
U D FS L ur R dr,6,12,60,7,3,15,4
U D FS R L dr ur,6,12,60,7,3,15,4
U D FS R L ur dr,6,12,60,7,3,15,4
U D L dr FS R ur,6,12,60,7,3,13,4
U D L dr R FS ur,6,12,60,7,3,15,4
U D L dr R ur FS,6,12,60,7,3,16,4
U D L dr ur R FS,6,12,60,7,3,14,4
U D L FS dr R ur,6,12,60,7,3,15,4
U D L FS R dr ur,6,12,60,7,3,15,4
U D L FS R ur dr,6,12,60,7,3,15,4
U D L FS ur R dr,6,12,60,7,3,17,4
U D L R dr FS ur,6,12,60,7,3,17,4
U D L R dr ur FS,6,12,60,7,3,18,4
U D L R FS dr ur,6,12,60,7,3,15,4
U D L R FS ur dr,6,12,60,7,3,17,4
U D L R ur dr FS,6,12,60,7,3,16,4
U D L R ur FS dr,6,12,60,7,3,17,4
U D L ur dr R FS,6,12,60,7,3,14,4
U D L ur FS R dr,6,12,60,7,3,15,4
U D L ur R dr FS,6,12,60,7,3,14,4
U D L ur R FS dr,6,12,60,7,3,13,4
U D R dr L FS ur,6,12,60,7,3,15,4
U D R dr L ur FS,6,12,60,7,3,14,4
U D R FS L dr ur,6,12,60,7,3,13,4
U D R FS L ur dr,6,12,60,7,3,13,4
U D R L dr FS ur,6,12,60,7,3,15,4
U D R L dr ur FS,6,12,60,7,3,16,4
U D R L FS dr ur,6,12,60,7,3,15,4
U D R L FS ur dr,6,12,60,7,3,17,4
U D R L ur dr FS,6,12,60,7,3,14,4
U D R L ur FS dr,6,12,60,7,3,15,4
U dr D L FS R ur,6,12,60,7,3,13,3
U dr D L R FS ur,6,12,60,7,3,15,4
U dr D L R ur FS,6,12,60,7,3,16,4
U dr D L ur R FS,6,12,60,7,3,12,3
U dr D R L FS ur,6,12,60,7,3,15,4
U dr D R L ur FS,6,12,60,7,3,14,4
U dr L D FS R ur,6,12,60,7,3,11,3
U dr L D R FS ur,6,12,60,7,3,11,3
U dr L D R ur FS,6,12,60,7,3,12,3
U dr L D ur R FS,6,12,60,7,3,10,3
U dr L FS D R ur,6,12,60,7,3,11,3
U dr L R D FS ur,6,12,60,7,3,13,4
U dr L R D ur FS,6,12,60,7,3,12,4
U dr R D L FS ur,6,12,60,7,3,13,3
U dr R D L ur FS,6,12,60,7,3,12,3
U dr R L D FS ur,6,12,60,7,3,15,4
U dr R L D ur FS,6,12,60,7,3,14,4
U FS D L dr R ur,6,12,60,7,3,13,3
U FS D L R dr ur,6,12,60,7,3,15,4
U FS D L R ur dr,6,12,60,7,3,15,4
U FS D L ur R dr,6,12,60,7,3,13,3
U FS D R L dr ur,6,12,60,7,3,13,4
U FS D R L ur dr,6,12,60,7,3,13,4
U FS L D dr R ur,6,12,60,7,3,15,3
U FS L D R dr ur,6,12,60,7,3,13,3
U FS L D R ur dr,6,12,60,7,3,13,3
U FS L D ur R dr,6,12,60,7,3,13,3
U FS L dr D R ur,6,12,60,7,3,13,3
U L D dr FS R ur,6,12,60,7,3,13,3
U L D dr R FS ur,6,12,60,7,3,15,3
U L D dr R ur FS,6,12,60,7,3,16,3
U L D dr ur R FS,6,12,60,7,3,14,3
U L D FS dr R ur,6,12,60,7,3,13,3
U L D FS R dr ur,6,12,60,7,3,13,3
U L D FS R ur dr,6,12,60,7,3,13,3
U L D FS ur R dr,6,12,60,7,3,15,3
U L D R dr FS ur,6,12,60,7,3,13,3
U L D R dr ur FS,6,12,60,7,3,14,3
U L D R FS dr ur,6,12,60,7,3,11,2
U L D R FS ur dr,6,12,60,7,3,13,3
U L D R ur dr FS,6,12,60,7,3,12,3
U L D R ur FS dr,6,12,60,7,3,13,3
U L D ur dr R FS,6,12,60,7,3,12,3
U L D ur FS R dr,6,12,60,7,3,13,3
U L D ur R dr FS,6,12,60,7,3,12,3
U L D ur R FS dr,6,12,60,7,3,11,3
U L dr D FS R ur,6,12,60,7,3,13,3
U L dr D R FS ur,6,12,60,7,3,13,3
U L dr D R ur FS,6,12,60,7,3,14,3
U L dr D ur R FS,6,12,60,7,3,12,3
U L dr FS D R ur,6,12,60,7,3,11,3
U L dr R D FS ur,6,12,60,7,3,13,3
U L dr R D ur FS,6,12,60,7,3,12,3
U L FS D dr R ur,6,12,60,7,3,15,3
U L FS D R dr ur,6,12,60,7,3,13,3
U L FS D R ur dr,6,12,60,7,3,13,3
U L FS D ur R dr,6,12,60,7,3,13,3
U L FS dr D R ur,6,12,60,7,3,13,3
U L R D dr FS ur,6,12,60,7,3,15,4
U L R D dr ur FS,6,12,60,7,3,16,4
U L R D FS dr ur,6,12,60,7,3,13,4
U L R D FS ur dr,6,12,60,7,3,15,4
U L R D ur dr FS,6,12,60,7,3,12,4
U L R D ur FS dr,6,12,60,7,3,13,4
U L R dr D FS ur,6,12,60,7,3,17,4
U L R dr D ur FS,6,12,60,7,3,16,4
U R D dr L FS ur,6,12,60,7,3,13,3
U R D dr L ur FS,6,12,60,7,3,12,3
U R D FS L dr ur,6,12,60,7,3,11,2
U R D FS L ur dr,6,12,60,7,3,11,2
U R D L dr FS ur,6,12,60,7,3,11,3
U R D L dr ur FS,6,12,60,7,3,12,3
U R D L FS dr ur,6,12,60,7,3,11,2
U R D L FS ur dr,6,12,60,7,3,13,3
U R D L ur dr FS,6,12,60,7,3,10,2
U R D L ur FS dr,6,12,60,7,3,11,3
U R dr D L FS ur,6,12,60,7,3,15,3
U R dr D L ur FS,6,12,60,7,3,14,3
U R dr L D FS ur,6,12,60,7,3,13,3
U R dr L D ur FS,6,12,60,7,3,12,3
U R L D dr FS ur,6,12,60,7,3,15,4
U R L D dr ur FS,6,12,60,7,3,16,4
U R L D FS dr ur,6,12,60,7,3,13,4
U R L D FS ur dr,6,12,60,7,3,15,4
U R L D ur dr FS,6,12,60,7,3,12,4
U R L D ur FS dr,6,12,60,7,3,13,4
U R L dr D FS ur,6,12,60,7,3,15,4
U R L dr D ur FS,6,12,60,7,3,14,4
dr FS L R D ur U,2,11,62,8,3,13,4
dr FS L R U ur D,2,11,62,8,3,13,4
dr FS L R ur D U,2,11,62,8,3,15,4
dr FS L R ur U D,2,11,62,8,3,17,4
dr FS L ur R D U,2,11,62,8,3,13,4
dr FS L ur R U D,2,11,62,8,3,13,4
dr FS R D L ur U,2,11,62,8,3,11,3
dr FS R L D ur U,2,11,62,8,3,13,4
dr FS R L U ur D,2,11,62,8,3,13,4
dr FS R L ur D U,2,11,62,8,3,13,4
dr FS R L ur U D,2,11,62,8,3,15,4
dr FS R ur L D U,2,11,62,8,3,13,4
dr FS R ur L U D,2,11,62,8,3,13,4
dr FS ur L R D U,2,11,62,8,3,15,4
dr FS ur L R U D,2,11,62,8,3,15,4
dr FS ur R L D U,2,11,62,8,3,17,4
dr FS ur R L U D,2,11,62,8,3,17,4
dr L FS R D ur U,2,11,62,8,3,11,3
dr L FS R U ur D,2,11,62,8,3,11,3
dr L FS R ur D U,2,11,62,8,3,13,4
dr L FS R ur U D,2,11,62,8,3,15,4
dr L FS ur R D U,2,11,62,8,3,15,4
dr L FS ur R U D,2,11,62,8,3,15,4
dr L R FS D ur U,2,11,62,8,3,13,4
dr L R FS U ur D,2,11,62,8,3,13,4
dr L R FS ur D U,2,11,62,8,3,15,4
dr L R FS ur U D,2,11,62,8,3,17,4
dr L R U FS ur D,2,11,62,8,3,13,4
dr L R U ur FS D,2,11,62,8,3,15,4
dr L R ur D FS U,2,11,62,8,3,13,4
dr L R ur FS D U,2,11,62,8,3,17,4
dr L R ur FS U D,2,11,62,8,3,17,4
dr L R ur U FS D,2,11,62,8,3,15,4
dr L ur D R FS U,2,11,62,8,3,9,2
dr L ur FS R D U,2,11,62,8,3,13,4
dr L ur FS R U D,2,11,62,8,3,13,4
dr L ur R D FS U,2,11,62,8,3,11,3
dr L ur R FS D U,2,11,62,8,3,13,4
dr L ur R FS U D,2,11,62,8,3,13,4
dr L ur R U FS D,2,11,62,8,3,11,3
dr R FS D L ur U,2,11,62,8,3,13,3
dr R FS L D ur U,2,11,62,8,3,13,3
dr R FS L U ur D,2,11,62,8,3,13,3
dr R FS L ur D U,2,11,62,8,3,13,4
dr R FS L ur U D,2,11,62,8,3,15,4
dr R FS ur L D U,2,11,62,8,3,15,4
dr R FS ur L U D,2,11,62,8,3,15,4
dr R L FS D ur U,2,11,62,8,3,15,4
dr R L FS U ur D,2,11,62,8,3,15,4
dr R L FS ur D U,2,11,62,8,3,17,4
dr R L FS ur U D,2,11,62,8,3,19,4
dr R L U FS ur D,2,11,62,8,3,15,4
dr R L U ur FS D,2,11,62,8,3,17,4
dr R L ur D FS U,2,11,62,8,3,13,4
dr R L ur FS D U,2,11,62,8,3,17,4
dr R L ur FS U D,2,11,62,8,3,17,4
dr R L ur U FS D,2,11,62,8,3,15,4
dr R U L FS ur D,2,11,62,8,3,13,3
dr R U L ur FS D,2,11,62,8,3,13,3
dr R U ur L FS D,2,11,62,8,3,13,3
dr R ur FS L D U,2,11,62,8,3,17,4
dr R ur FS L U D,2,11,62,8,3,17,4
dr R ur L D FS U,2,11,62,8,3,13,3
dr R ur L FS D U,2,11,62,8,3,15,4
dr R ur L FS U D,2,11,62,8,3,15,4
dr R ur L U FS D,2,11,62,8,3,13,3
dr R ur U L FS D,2,11,62,8,3,15,3
dr ur FS L R D U,2,11,62,8,3,17,4
dr ur FS L R U D,2,11,62,8,3,17,4
dr ur FS R L D U,2,11,62,8,3,17,4
dr ur FS R L U D,2,11,62,8,3,17,4
dr ur L D R FS U,2,11,62,8,3,11,2
dr ur L FS R D U,2,11,62,8,3,13,4
dr ur L FS R U D,2,11,62,8,3,13,4
dr ur L R D FS U,2,11,62,8,3,13,4
dr ur L R FS D U,2,11,62,8,3,15,4
dr ur L R FS U D,2,11,62,8,3,15,4
dr ur L R U FS D,2,11,62,8,3,13,4
dr ur R FS L D U,2,11,62,8,3,15,4
dr ur R FS L U D,2,11,62,8,3,15,4
dr ur R L D FS U,2,11,62,8,3,15,4
dr ur R L FS D U,2,11,62,8,3,17,4
dr ur R L FS U D,2,11,62,8,3,17,4
dr ur R L U FS D,2,11,62,8,3,15,4
dr ur R U L FS D,2,11,62,8,3,13,3
FS dr L R D ur U,2,11,62,8,3,12,4
FS dr L R U ur D,2,11,62,8,3,12,4
FS dr L R ur D U,2,11,62,8,3,14,4
FS dr L R ur U D,2,11,62,8,3,16,4
FS dr L ur R D U,2,11,62,8,3,12,4
FS dr L ur R U D,2,11,62,8,3,12,4
FS dr R D L ur U,2,11,62,8,3,12,3
FS dr R L D ur U,2,11,62,8,3,14,4
FS dr R L U ur D,2,11,62,8,3,14,4
FS dr R L ur D U,2,11,62,8,3,14,4
FS dr R L ur U D,2,11,62,8,3,16,4
FS dr R ur L D U,2,11,62,8,3,14,4
FS dr R ur L U D,2,11,62,8,3,14,4
FS dr ur L R D U,2,11,62,8,3,14,4
FS dr ur L R U D,2,11,62,8,3,14,4
FS dr ur R L D U,2,11,62,8,3,16,4
FS dr ur R L U D,2,11,62,8,3,16,4
FS L dr R D ur U,2,11,62,8,3,12,3
FS L dr R U ur D,2,11,62,8,3,12,3
FS L dr R ur D U,2,11,62,8,3,14,4
FS L dr R ur U D,2,11,62,8,3,16,4
FS L dr ur R D U,2,11,62,8,3,14,4
FS L dr ur R U D,2,11,62,8,3,14,4
FS L R D dr ur U,2,11,62,8,3,16,4
FS L R D ur dr U,2,11,62,8,3,12,4
FS L R dr D ur U,2,11,62,8,3,16,4
FS L R dr U ur D,2,11,62,8,3,14,4
FS L R dr ur D U,2,11,62,8,3,16,4
FS L R dr ur U D,2,11,62,8,3,18,4
FS L R U dr ur D,2,11,62,8,3,12,4
FS L R U ur dr D,2,11,62,8,3,16,4
FS L R ur D dr U,2,11,62,8,3,14,4
FS L R ur dr D U,2,11,62,8,3,18,4
FS L R ur dr U D,2,11,62,8,3,16,4
FS L R ur U dr D,2,11,62,8,3,16,4
FS L ur dr R D U,2,11,62,8,3,14,4
FS L ur dr R U D,2,11,62,8,3,14,4
FS L ur R D dr U,2,11,62,8,3,12,3
FS L ur R dr D U,2,11,62,8,3,16,4
FS L ur R dr U D,2,11,62,8,3,14,4
FS L ur R U dr D,2,11,62,8,3,12,3
FS R D dr L ur U,2,11,62,8,3,12,3
FS R D L dr ur U,2,11,62,8,3,12,3
FS R D L ur dr U,2,11,62,8,3,10,2
FS R dr D L ur U,2,11,62,8,3,14,3
FS R dr L D ur U,2,11,62,8,3,12,3
FS R dr L U ur D,2,11,62,8,3,12,3
FS R dr L ur D U,2,11,62,8,3,12,4
FS R dr L ur U D,2,11,62,8,3,14,4
FS R dr ur L D U,2,11,62,8,3,14,4
FS R dr ur L U D,2,11,62,8,3,14,4
FS R L D dr ur U,2,11,62,8,3,16,4
FS R L D ur dr U,2,11,62,8,3,12,4
FS R L dr D ur U,2,11,62,8,3,14,4
FS R L dr U ur D,2,11,62,8,3,12,4
FS R L dr ur D U,2,11,62,8,3,14,4
FS R L dr ur U D,2,11,62,8,3,16,4
FS R L U dr ur D,2,11,62,8,3,12,4
FS R L U ur dr D,2,11,62,8,3,16,4
FS R L ur D dr U,2,11,62,8,3,12,4
FS R L ur dr D U,2,11,62,8,3,16,4
FS R L ur dr U D,2,11,62,8,3,14,4
FS R L ur U dr D,2,11,62,8,3,14,4
FS R U L dr ur D,2,11,62,8,3,10,2
FS R U L ur dr D,2,11,62,8,3,12,3
FS R U ur L dr D,2,11,62,8,3,12,3
FS R ur dr L D U,2,11,62,8,3,14,4
FS R ur dr L U D,2,11,62,8,3,14,4
FS R ur L D dr U,2,11,62,8,3,12,3
FS R ur L dr D U,2,11,62,8,3,14,4
FS R ur L dr U D,2,11,62,8,3,12,4
FS R ur L U dr D,2,11,62,8,3,12,3
FS R ur U L dr D,2,11,62,8,3,14,3
FS ur dr L R D U,2,11,62,8,3,16,4
FS ur dr L R U D,2,11,62,8,3,16,4
FS ur dr R L D U,2,11,62,8,3,18,4
FS ur dr R L U D,2,11,62,8,3,18,4
FS ur L dr R D U,2,11,62,8,3,14,4
FS ur L dr R U D,2,11,62,8,3,14,4
FS ur L R D dr U,2,11,62,8,3,14,4
FS ur L R dr D U,2,11,62,8,3,18,4
FS ur L R dr U D,2,11,62,8,3,16,4
FS ur L R U dr D,2,11,62,8,3,14,4
FS ur R dr L D U,2,11,62,8,3,16,4
FS ur R dr L U D,2,11,62,8,3,16,4
FS ur R L D dr U,2,11,62,8,3,16,4
FS ur R L dr D U,2,11,62,8,3,18,4
FS ur R L dr U D,2,11,62,8,3,16,4
FS ur R L U dr D,2,11,62,8,3,16,4
FS ur R U L dr D,2,11,62,8,3,14,3
L dr FS R D ur U,2,11,62,8,3,10,3
L dr FS R U ur D,2,11,62,8,3,10,3
L dr FS R ur D U,2,11,62,8,3,12,4
L dr FS R ur U D,2,11,62,8,3,14,4
L dr FS ur R D U,2,11,62,8,3,14,4
L dr FS ur R U D,2,11,62,8,3,14,4
L dr R FS D ur U,2,11,62,8,3,12,3
L dr R FS U ur D,2,11,62,8,3,12,3
L dr R FS ur D U,2,11,62,8,3,14,4
L dr R FS ur U D,2,11,62,8,3,16,4
L dr R U FS ur D,2,11,62,8,3,12,3
L dr R U ur FS D,2,11,62,8,3,14,3
L dr R ur D FS U,2,11,62,8,3,12,3
L dr R ur FS D U,2,11,62,8,3,16,4
L dr R ur FS U D,2,11,62,8,3,16,4
L dr R ur U FS D,2,11,62,8,3,14,3
L dr ur D R FS U,2,11,62,8,3,10,2
L dr ur FS R D U,2,11,62,8,3,14,4
L dr ur FS R U D,2,11,62,8,3,14,4
L dr ur R D FS U,2,11,62,8,3,12,3
L dr ur R FS D U,2,11,62,8,3,14,4
L dr ur R FS U D,2,11,62,8,3,14,4
L dr ur R U FS D,2,11,62,8,3,12,3
L FS dr R D ur U,2,11,62,8,3,12,3
L FS dr R U ur D,2,11,62,8,3,12,3
L FS dr R ur D U,2,11,62,8,3,14,4
L FS dr R ur U D,2,11,62,8,3,16,4
L FS dr ur R D U,2,11,62,8,3,14,4
L FS dr ur R U D,2,11,62,8,3,14,4
L FS R D dr ur U,2,11,62,8,3,14,3
L FS R D ur dr U,2,11,62,8,3,10,2
L FS R dr D ur U,2,11,62,8,3,14,3
L FS R dr U ur D,2,11,62,8,3,12,3
L FS R dr ur D U,2,11,62,8,3,14,4
L FS R dr ur U D,2,11,62,8,3,16,4
L FS R U dr ur D,2,11,62,8,3,10,2
L FS R U ur dr D,2,11,62,8,3,14,3
L FS R ur D dr U,2,11,62,8,3,12,3
L FS R ur dr D U,2,11,62,8,3,16,4
L FS R ur dr U D,2,11,62,8,3,14,4
L FS R ur U dr D,2,11,62,8,3,14,3
L FS ur dr R D U,2,11,62,8,3,16,4
L FS ur dr R U D,2,11,62,8,3,16,4
L FS ur R D dr U,2,11,62,8,3,14,3
L FS ur R dr D U,2,11,62,8,3,18,4
L FS ur R dr U D,2,11,62,8,3,16,4
L FS ur R U dr D,2,11,62,8,3,14,3
L R dr FS D ur U,2,11,62,8,3,14,4
L R dr FS U ur D,2,11,62,8,3,14,4
L R dr FS ur D U,2,11,62,8,3,16,4
L R dr FS ur U D,2,11,62,8,3,18,4
L R dr U FS ur D,2,11,62,8,3,14,4
L R dr U ur FS D,2,11,62,8,3,16,4
L R dr ur D FS U,2,11,62,8,3,14,4
L R dr ur FS D U,2,11,62,8,3,18,4
L R dr ur FS U D,2,11,62,8,3,18,4
L R dr ur U FS D,2,11,62,8,3,16,4
L R FS D dr ur U,2,11,62,8,3,16,4
L R FS D ur dr U,2,11,62,8,3,12,4
L R FS dr D ur U,2,11,62,8,3,14,4
L R FS dr U ur D,2,11,62,8,3,12,4
L R FS dr ur D U,2,11,62,8,3,14,4
L R FS dr ur U D,2,11,62,8,3,16,4
L R FS U dr ur D,2,11,62,8,3,12,4
L R FS U ur dr D,2,11,62,8,3,16,4
L R FS ur D dr U,2,11,62,8,3,14,4
L R FS ur dr D U,2,11,62,8,3,18,4
L R FS ur dr U D,2,11,62,8,3,16,4
L R FS ur U dr D,2,11,62,8,3,16,4
L R U dr FS ur D,2,11,62,8,3,12,4
L R U dr ur FS D,2,11,62,8,3,14,4
L R U FS dr ur D,2,11,62,8,3,12,4
L R U FS ur dr D,2,11,62,8,3,16,4
L R U ur dr FS D,2,11,62,8,3,14,4
L R U ur FS dr D,2,11,62,8,3,16,4
L R ur D dr FS U,2,11,62,8,3,14,4
L R ur D FS dr U,2,11,62,8,3,12,4
L R ur dr D FS U,2,11,62,8,3,16,4
L R ur dr FS D U,2,11,62,8,3,16,4
L R ur dr FS U D,2,11,62,8,3,16,4
L R ur dr U FS D,2,11,62,8,3,14,4
L R ur FS D dr U,2,11,62,8,3,16,4
L R ur FS dr D U,2,11,62,8,3,18,4
L R ur FS dr U D,2,11,62,8,3,16,4
L R ur FS U dr D,2,11,62,8,3,16,4
L R ur U dr FS D,2,11,62,8,3,14,4
L R ur U FS dr D,2,11,62,8,3,16,4
L ur D dr R FS U,2,11,62,8,3,12,3
L ur D R dr FS U,2,11,62,8,3,10,3
L ur D R FS dr U,2,11,62,8,3,8,2
L ur dr D R FS U,2,11,62,8,3,12,3
L ur dr FS R D U,2,11,62,8,3,12,4
L ur dr FS R U D,2,11,62,8,3,12,4
L ur dr R D FS U,2,11,62,8,3,12,3
L ur dr R FS D U,2,11,62,8,3,14,4
L ur dr R FS U D,2,11,62,8,3,14,4
L ur dr R U FS D,2,11,62,8,3,12,3
L ur FS dr R D U,2,11,62,8,3,14,4
L ur FS dr R U D,2,11,62,8,3,14,4
L ur FS R D dr U,2,11,62,8,3,12,3
L ur FS R dr D U,2,11,62,8,3,16,4
L ur FS R dr U D,2,11,62,8,3,14,4
L ur FS R U dr D,2,11,62,8,3,12,3
L ur R D dr FS U,2,11,62,8,3,12,3
L ur R D FS dr U,2,11,62,8,3,10,3
L ur R dr D FS U,2,11,62,8,3,14,3
L ur R dr FS D U,2,11,62,8,3,14,4
L ur R dr FS U D,2,11,62,8,3,14,4
L ur R dr U FS D,2,11,62,8,3,12,3
L ur R FS D dr U,2,11,62,8,3,12,3
L ur R FS dr D U,2,11,62,8,3,14,4
L ur R FS dr U D,2,11,62,8,3,12,4
L ur R FS U dr D,2,11,62,8,3,12,3
L ur R U dr FS D,2,11,62,8,3,10,3
L ur R U FS dr D,2,11,62,8,3,12,3
R dr FS D L ur U,2,11,62,8,3,12,3
R dr FS L D ur U,2,11,62,8,3,12,3
R dr FS L U ur D,2,11,62,8,3,12,3
R dr FS L ur D U,2,11,62,8,3,12,4
R dr FS L ur U D,2,11,62,8,3,14,4
R dr FS ur L D U,2,11,62,8,3,14,4
R dr FS ur L U D,2,11,62,8,3,14,4
R dr L FS D ur U,2,11,62,8,3,12,3
R dr L FS U ur D,2,11,62,8,3,12,3
R dr L FS ur D U,2,11,62,8,3,14,4
R dr L FS ur U D,2,11,62,8,3,16,4
R dr L U FS ur D,2,11,62,8,3,12,3
R dr L U ur FS D,2,11,62,8,3,14,3
R dr L ur D FS U,2,11,62,8,3,10,3
R dr L ur FS D U,2,11,62,8,3,14,4
R dr L ur FS U D,2,11,62,8,3,14,4
R dr L ur U FS D,2,11,62,8,3,12,3
R dr U L FS ur D,2,11,62,8,3,12,3
R dr U L ur FS D,2,11,62,8,3,12,3
R dr U ur L FS D,2,11,62,8,3,12,3
R dr ur FS L D U,2,11,62,8,3,16,4
R dr ur FS L U D,2,11,62,8,3,16,4
R dr ur L D FS U,2,11,62,8,3,12,3
R dr ur L FS D U,2,11,62,8,3,14,4
R dr ur L FS U D,2,11,62,8,3,14,4
R dr ur L U FS D,2,11,62,8,3,12,3
R dr ur U L FS D,2,11,62,8,3,14,3
R FS D dr L ur U,2,11,62,8,3,12,3
R FS D L dr ur U,2,11,62,8,3,12,3
R FS D L ur dr U,2,11,62,8,3,10,2
R FS dr D L ur U,2,11,62,8,3,12,3
R FS dr L D ur U,2,11,62,8,3,10,3
R FS dr L U ur D,2,11,62,8,3,10,3
R FS dr L ur D U,2,11,62,8,3,10,4
R FS dr L ur U D,2,11,62,8,3,12,4
R FS dr ur L D U,2,11,62,8,3,12,4
R FS dr ur L U D,2,11,62,8,3,12,4
R FS L D dr ur U,2,11,62,8,3,14,3
R FS L D ur dr U,2,11,62,8,3,10,2
R FS L dr D ur U,2,11,62,8,3,12,3
R FS L dr U ur D,2,11,62,8,3,10,3
R FS L dr ur D U,2,11,62,8,3,12,4
R FS L dr ur U D,2,11,62,8,3,14,4
R FS L U dr ur D,2,11,62,8,3,10,2
R FS L U ur dr D,2,11,62,8,3,14,3
R FS L ur D dr U,2,11,62,8,3,10,3
R FS L ur dr D U,2,11,62,8,3,14,4
R FS L ur dr U D,2,11,62,8,3,12,4
R FS L ur U dr D,2,11,62,8,3,12,3
R FS U L dr ur D,2,11,62,8,3,10,2
R FS U L ur dr D,2,11,62,8,3,12,3
R FS U ur L dr D,2,11,62,8,3,12,3
R FS ur dr L D U,2,11,62,8,3,14,4
R FS ur dr L U D,2,11,62,8,3,14,4
R FS ur L D dr U,2,11,62,8,3,12,3
R FS ur L dr D U,2,11,62,8,3,14,4
R FS ur L dr U D,2,11,62,8,3,12,4
R FS ur L U dr D,2,11,62,8,3,12,3
R FS ur U L dr D,2,11,62,8,3,14,3
R L dr FS D ur U,2,11,62,8,3,12,4
R L dr FS U ur D,2,11,62,8,3,12,4
R L dr FS ur D U,2,11,62,8,3,14,4
R L dr FS ur U D,2,11,62,8,3,16,4
R L dr U FS ur D,2,11,62,8,3,12,4
R L dr U ur FS D,2,11,62,8,3,14,4
R L dr ur D FS U,2,11,62,8,3,12,4
R L dr ur FS D U,2,11,62,8,3,16,4
R L dr ur FS U D,2,11,62,8,3,16,4
R L dr ur U FS D,2,11,62,8,3,14,4
R L FS D dr ur U,2,11,62,8,3,16,4
R L FS D ur dr U,2,11,62,8,3,12,4
R L FS dr D ur U,2,11,62,8,3,14,4
R L FS dr U ur D,2,11,62,8,3,12,4
R L FS dr ur D U,2,11,62,8,3,14,4
R L FS dr ur U D,2,11,62,8,3,16,4
R L FS U dr ur D,2,11,62,8,3,12,4
R L FS U ur dr D,2,11,62,8,3,16,4
R L FS ur D dr U,2,11,62,8,3,14,4
R L FS ur dr D U,2,11,62,8,3,18,4
R L FS ur dr U D,2,11,62,8,3,16,4
R L FS ur U dr D,2,11,62,8,3,16,4
R L U dr FS ur D,2,11,62,8,3,12,4
R L U dr ur FS D,2,11,62,8,3,14,4
R L U FS dr ur D,2,11,62,8,3,12,4
R L U FS ur dr D,2,11,62,8,3,16,4
R L U ur dr FS D,2,11,62,8,3,14,4
R L U ur FS dr D,2,11,62,8,3,16,4
R L ur D dr FS U,2,11,62,8,3,12,4
R L ur D FS dr U,2,11,62,8,3,10,4
R L ur dr D FS U,2,11,62,8,3,14,4
R L ur dr FS D U,2,11,62,8,3,14,4
R L ur dr FS U D,2,11,62,8,3,14,4
R L ur dr U FS D,2,11,62,8,3,12,4
R L ur FS D dr U,2,11,62,8,3,14,4
R L ur FS dr D U,2,11,62,8,3,16,4
R L ur FS dr U D,2,11,62,8,3,14,4
R L ur FS U dr D,2,11,62,8,3,14,4
R L ur U dr FS D,2,11,62,8,3,12,4
R L ur U FS dr D,2,11,62,8,3,14,4
R U dr L FS ur D,2,11,62,8,3,10,3
R U dr L ur FS D,2,11,62,8,3,10,3
R U dr ur L FS D,2,11,62,8,3,10,2
R U FS L dr ur D,2,11,62,8,3,10,2
R U FS L ur dr D,2,11,62,8,3,12,3
R U FS ur L dr D,2,11,62,8,3,12,3
R U L dr FS ur D,2,11,62,8,3,10,3
R U L dr ur FS D,2,11,62,8,3,12,3
R U L FS dr ur D,2,11,62,8,3,10,2
R U L FS ur dr D,2,11,62,8,3,14,3
R U L ur dr FS D,2,11,62,8,3,10,2
R U L ur FS dr D,2,11,62,8,3,12,3
R U ur dr L FS D,2,11,62,8,3,12,3
R U ur FS L dr D,2,11,62,8,3,14,3
R U ur L dr FS D,2,11,62,8,3,10,3
R U ur L FS dr D,2,11,62,8,3,12,3
R ur dr FS L D U,2,11,62,8,3,14,4
R ur dr FS L U D,2,11,62,8,3,14,4
R ur dr L D FS U,2,11,62,8,3,12,3
R ur dr L FS D U,2,11,62,8,3,14,4
R ur dr L FS U D,2,11,62,8,3,14,4
R ur dr L U FS D,2,11,62,8,3,12,3
R ur dr U L FS D,2,11,62,8,3,12,3
R ur FS dr L D U,2,11,62,8,3,14,4
R ur FS dr L U D,2,11,62,8,3,14,4
R ur FS L D dr U,2,11,62,8,3,14,3
R ur FS L dr D U,2,11,62,8,3,16,4
R ur FS L dr U D,2,11,62,8,3,14,4
R ur FS L U dr D,2,11,62,8,3,14,3
R ur FS U L dr D,2,11,62,8,3,14,3
R ur L D dr FS U,2,11,62,8,3,12,3
R ur L D FS dr U,2,11,62,8,3,10,3
R ur L dr D FS U,2,11,62,8,3,12,3
R ur L dr FS D U,2,11,62,8,3,12,4
R ur L dr FS U D,2,11,62,8,3,12,4
R ur L dr U FS D,2,11,62,8,3,10,3
R ur L FS D dr U,2,11,62,8,3,12,3
R ur L FS dr D U,2,11,62,8,3,14,4
R ur L FS dr U D,2,11,62,8,3,12,4
R ur L FS U dr D,2,11,62,8,3,12,3
R ur L U dr FS D,2,11,62,8,3,10,3
R ur L U FS dr D,2,11,62,8,3,12,3
R ur U dr L FS D,2,11,62,8,3,12,3
R ur U FS L dr D,2,11,62,8,3,14,3
R ur U L dr FS D,2,11,62,8,3,12,3
R ur U L FS dr D,2,11,62,8,3,14,3
ur dr FS L R D U,2,11,62,8,3,15,4
ur dr FS L R U D,2,11,62,8,3,15,4
ur dr FS R L D U,2,11,62,8,3,15,4
ur dr FS R L U D,2,11,62,8,3,15,4
ur dr L D R FS U,2,11,62,8,3,11,2
ur dr L FS R D U,2,11,62,8,3,13,4
ur dr L FS R U D,2,11,62,8,3,13,4
ur dr L R D FS U,2,11,62,8,3,13,4
ur dr L R FS D U,2,11,62,8,3,15,4
ur dr L R FS U D,2,11,62,8,3,15,4
ur dr L R U FS D,2,11,62,8,3,13,4
ur dr R FS L D U,2,11,62,8,3,15,4
ur dr R FS L U D,2,11,62,8,3,15,4
ur dr R L D FS U,2,11,62,8,3,15,4
ur dr R L FS D U,2,11,62,8,3,17,4
ur dr R L FS U D,2,11,62,8,3,17,4
ur dr R L U FS D,2,11,62,8,3,15,4
ur dr R U L FS D,2,11,62,8,3,13,3
ur FS dr L R D U,2,11,62,8,3,15,4
ur FS dr L R U D,2,11,62,8,3,15,4
ur FS dr R L D U,2,11,62,8,3,17,4
ur FS dr R L U D,2,11,62,8,3,17,4
ur FS L dr R D U,2,11,62,8,3,15,4
ur FS L dr R U D,2,11,62,8,3,15,4
ur FS L R D dr U,2,11,62,8,3,15,4
ur FS L R dr D U,2,11,62,8,3,19,4
ur FS L R dr U D,2,11,62,8,3,17,4
ur FS L R U dr D,2,11,62,8,3,15,4
ur FS R dr L D U,2,11,62,8,3,15,4
ur FS R dr L U D,2,11,62,8,3,15,4
ur FS R L D dr U,2,11,62,8,3,15,4
ur FS R L dr D U,2,11,62,8,3,17,4
ur FS R L dr U D,2,11,62,8,3,15,4
ur FS R L U dr D,2,11,62,8,3,15,4
ur FS R U L dr D,2,11,62,8,3,13,3
ur L D dr R FS U,2,11,62,8,3,13,3
ur L D R dr FS U,2,11,62,8,3,11,3
ur L D R FS dr U,2,11,62,8,3,9,2
ur L dr D R FS U,2,11,62,8,3,11,3
ur L dr FS R D U,2,11,62,8,3,11,4
ur L dr FS R U D,2,11,62,8,3,11,4
ur L dr R D FS U,2,11,62,8,3,11,3
ur L dr R FS D U,2,11,62,8,3,13,4
ur L dr R FS U D,2,11,62,8,3,13,4
ur L dr R U FS D,2,11,62,8,3,11,3
ur L FS dr R D U,2,11,62,8,3,13,4
ur L FS dr R U D,2,11,62,8,3,13,4
ur L FS R D dr U,2,11,62,8,3,11,3
ur L FS R dr D U,2,11,62,8,3,15,4
ur L FS R dr U D,2,11,62,8,3,13,4
ur L FS R U dr D,2,11,62,8,3,11,3
ur L R D dr FS U,2,11,62,8,3,13,4
ur L R D FS dr U,2,11,62,8,3,11,4
ur L R dr D FS U,2,11,62,8,3,15,4
ur L R dr FS D U,2,11,62,8,3,15,4
ur L R dr FS U D,2,11,62,8,3,15,4
ur L R dr U FS D,2,11,62,8,3,13,4
ur L R FS D dr U,2,11,62,8,3,13,4
ur L R FS dr D U,2,11,62,8,3,15,4
ur L R FS dr U D,2,11,62,8,3,13,4
ur L R FS U dr D,2,11,62,8,3,13,4
ur L R U dr FS D,2,11,62,8,3,11,4
ur L R U FS dr D,2,11,62,8,3,13,4
ur R dr FS L D U,2,11,62,8,3,15,4
ur R dr FS L U D,2,11,62,8,3,15,4
ur R dr L D FS U,2,11,62,8,3,13,3
ur R dr L FS D U,2,11,62,8,3,15,4
ur R dr L FS U D,2,11,62,8,3,15,4
ur R dr L U FS D,2,11,62,8,3,13,3
ur R dr U L FS D,2,11,62,8,3,13,3
ur R FS dr L D U,2,11,62,8,3,13,4
ur R FS dr L U D,2,11,62,8,3,13,4
ur R FS L D dr U,2,11,62,8,3,13,3
ur R FS L dr D U,2,11,62,8,3,15,4
ur R FS L dr U D,2,11,62,8,3,13,4
ur R FS L U dr D,2,11,62,8,3,13,3
ur R FS U L dr D,2,11,62,8,3,13,3
ur R L D dr FS U,2,11,62,8,3,15,4
ur R L D FS dr U,2,11,62,8,3,13,4
ur R L dr D FS U,2,11,62,8,3,15,4
ur R L dr FS D U,2,11,62,8,3,15,4
ur R L dr FS U D,2,11,62,8,3,15,4
ur R L dr U FS D,2,11,62,8,3,13,4
ur R L FS D dr U,2,11,62,8,3,15,4
ur R L FS dr D U,2,11,62,8,3,17,4
ur R L FS dr U D,2,11,62,8,3,15,4
ur R L FS U dr D,2,11,62,8,3,15,4
ur R L U dr FS D,2,11,62,8,3,13,4
ur R L U FS dr D,2,11,62,8,3,15,4
ur R U dr L FS D,2,11,62,8,3,11,3
ur R U FS L dr D,2,11,62,8,3,13,3
ur R U L dr FS D,2,11,62,8,3,11,3
ur R U L FS dr D,2,11,62,8,3,13,3
D dr FS R U ur L,7,12,66,7,3,12,3
D dr FS R ur L U,7,12,66,7,3,12,3
D dr FS R ur U L,7,12,66,7,3,14,3
D dr FS ur L R U,7,12,66,7,3,14,4
D dr FS ur L U R,7,12,66,7,3,12,3
D dr FS ur R L U,7,12,66,7,3,16,4
D dr FS ur R U L,7,12,66,7,3,14,3
D dr ur FS L R U,7,12,66,7,3,16,4
D dr ur FS L U R,7,12,66,7,3,14,3
D dr ur FS R L U,7,12,66,7,3,16,4
D dr ur FS R U L,7,12,66,7,3,14,3
D dr ur L FS R U,7,12,66,7,3,12,3
D dr ur L FS U R,7,12,66,7,3,12,3
D FS dr R U ur L,7,12,66,7,3,12,3
D FS dr R ur L U,7,12,66,7,3,12,3
D FS dr R ur U L,7,12,66,7,3,14,3
D FS dr ur L R U,7,12,66,7,3,12,4
D FS dr ur L U R,7,12,66,7,3,10,2
D FS dr ur R L U,7,12,66,7,3,14,4
D FS dr ur R U L,7,12,66,7,3,12,3
D FS R dr U ur L,7,12,66,7,3,12,3
D FS R dr ur L U,7,12,66,7,3,12,3
D FS R dr ur U L,7,12,66,7,3,14,3
D FS R U dr ur L,7,12,66,7,3,10,2
D FS R U ur dr L,7,12,66,7,3,12,3
D FS R ur dr L U,7,12,66,7,3,12,3
D FS R ur dr U L,7,12,66,7,3,12,3
D FS R ur L dr U,7,12,66,7,3,10,3
D FS R ur U dr L,7,12,66,7,3,12,3
D FS ur dr L R U,7,12,66,7,3,14,4
D FS ur dr L U R,7,12,66,7,3,12,3
D FS ur dr R L U,7,12,66,7,3,16,4
D FS ur dr R U L,7,12,66,7,3,14,3
D FS ur L dr R U,7,12,66,7,3,12,3
D FS ur L dr U R,7,12,66,7,3,10,3
D FS ur L R dr U,7,12,66,7,3,14,4
D FS ur R dr L U,7,12,66,7,3,14,3
D FS ur R dr U L,7,12,66,7,3,14,3
D FS ur R L dr U,7,12,66,7,3,14,4
D FS ur R U dr L,7,12,66,7,3,12,3
D ur dr FS L R U,7,12,66,7,3,12,4
D ur dr FS L U R,7,12,66,7,3,10,2
D ur dr FS R L U,7,12,66,7,3,12,4
D ur dr FS R U L,7,12,66,7,3,10,2
D ur dr L FS R U,7,12,66,7,3,10,2
D ur dr L FS U R,7,12,66,7,3,10,2
D ur FS dr L R U,7,12,66,7,3,12,4
D ur FS dr L U R,7,12,66,7,3,10,3
D ur FS dr R L U,7,12,66,7,3,14,4
D ur FS dr R U L,7,12,66,7,3,12,3
D ur FS L dr R U,7,12,66,7,3,12,3
D ur FS L dr U R,7,12,66,7,3,10,3
D ur FS L R dr U,7,12,66,7,3,14,4
D ur FS R dr L U,7,12,66,7,3,12,3
D ur FS R dr U L,7,12,66,7,3,12,3
D ur FS R L dr U,7,12,66,7,3,12,4
D ur FS R U dr L,7,12,66,7,3,10,3
D ur L dr FS R U,7,12,66,7,3,8,2
D ur L dr FS U R,7,12,66,7,3,8,2
D ur L FS dr R U,7,12,66,7,3,10,3
D ur L FS dr U R,7,12,66,7,3,8,2
D ur L FS R dr U,7,12,66,7,3,10,3
dr D FS R U ur L,7,12,66,7,3,13,3
dr D FS R ur L U,7,12,66,7,3,13,3
dr D FS R ur U L,7,12,66,7,3,15,3
dr D FS ur L R U,7,12,66,7,3,15,4
dr D FS ur L U R,7,12,66,7,3,13,3
dr D FS ur R L U,7,12,66,7,3,17,4
dr D FS ur R U L,7,12,66,7,3,15,3
dr D ur FS L R U,7,12,66,7,3,15,4
dr D ur FS L U R,7,12,66,7,3,13,3
dr D ur FS R L U,7,12,66,7,3,15,4
dr D ur FS R U L,7,12,66,7,3,13,3
dr D ur L FS R U,7,12,66,7,3,11,3
dr D ur L FS U R,7,12,66,7,3,11,3
dr FS D R U ur L,7,12,66,7,3,11,3
dr FS D R ur L U,7,12,66,7,3,11,3
dr FS D R ur U L,7,12,66,7,3,13,3
dr FS D ur L R U,7,12,66,7,3,11,4
dr FS D ur L U R,7,12,66,7,3,9,2
dr FS D ur R L U,7,12,66,7,3,13,4
dr FS D ur R U L,7,12,66,7,3,11,3
dr FS ur D L R U,7,12,66,7,3,13,4
dr FS ur D L U R,7,12,66,7,3,11,3
dr FS ur D R L U,7,12,66,7,3,13,4
dr FS ur D R U L,7,12,66,7,3,11,3
dr ur D FS L R U,7,12,66,7,3,13,4
dr ur D FS L U R,7,12,66,7,3,11,2
dr ur D FS R L U,7,12,66,7,3,13,4
dr ur D FS R U L,7,12,66,7,3,11,2
dr ur D L FS R U,7,12,66,7,3,11,2
dr ur D L FS U R,7,12,66,7,3,11,2
dr ur FS D L R U,7,12,66,7,3,15,4
dr ur FS D L U R,7,12,66,7,3,13,3
dr ur FS D R L U,7,12,66,7,3,15,4
dr ur FS D R U L,7,12,66,7,3,13,3
FS D dr R U ur L,7,12,66,7,3,14,3
FS D dr R ur L U,7,12,66,7,3,14,3
FS D dr R ur U L,7,12,66,7,3,16,3
FS D dr ur L R U,7,12,66,7,3,14,4
FS D dr ur L U R,7,12,66,7,3,12,3
FS D dr ur R L U,7,12,66,7,3,16,4
FS D dr ur R U L,7,12,66,7,3,14,3
FS D R dr U ur L,7,12,66,7,3,12,3
FS D R dr ur L U,7,12,66,7,3,12,3
FS D R dr ur U L,7,12,66,7,3,14,3
FS D R U dr ur L,7,12,66,7,3,10,2
FS D R U ur dr L,7,12,66,7,3,12,3
FS D R ur dr L U,7,12,66,7,3,12,3
FS D R ur dr U L,7,12,66,7,3,12,3
FS D R ur L dr U,7,12,66,7,3,10,3
FS D R ur U dr L,7,12,66,7,3,12,3
FS D ur dr L R U,7,12,66,7,3,12,4
FS D ur dr L U R,7,12,66,7,3,10,2
FS D ur dr R L U,7,12,66,7,3,14,4
FS D ur dr R U L,7,12,66,7,3,12,3
FS D ur L dr R U,7,12,66,7,3,10,3
FS D ur L dr U R,7,12,66,7,3,8,2
FS D ur L R dr U,7,12,66,7,3,12,4
FS D ur R dr L U,7,12,66,7,3,12,3
FS D ur R dr U L,7,12,66,7,3,12,3
FS D ur R L dr U,7,12,66,7,3,12,4
FS D ur R U dr L,7,12,66,7,3,10,3
FS dr D R U ur L,7,12,66,7,3,12,3
FS dr D R ur L U,7,12,66,7,3,12,3
FS dr D R ur U L,7,12,66,7,3,14,3
FS dr D ur L R U,7,12,66,7,3,12,4
FS dr D ur L U R,7,12,66,7,3,10,3
FS dr D ur R L U,7,12,66,7,3,14,4
FS dr D ur R U L,7,12,66,7,3,12,3
FS dr ur D L R U,7,12,66,7,3,12,4
FS dr ur D L U R,7,12,66,7,3,10,2
FS dr ur D R L U,7,12,66,7,3,12,4
FS dr ur D R U L,7,12,66,7,3,10,2
FS ur D dr L R U,7,12,66,7,3,14,4
FS ur D dr L U R,7,12,66,7,3,12,3
FS ur D dr R L U,7,12,66,7,3,16,4
FS ur D dr R U L,7,12,66,7,3,14,3
FS ur D L dr R U,7,12,66,7,3,12,3
FS ur D L dr U R,7,12,66,7,3,10,3
FS ur D L R dr U,7,12,66,7,3,14,4
FS ur D R dr L U,7,12,66,7,3,12,3
FS ur D R dr U L,7,12,66,7,3,12,3
FS ur D R L dr U,7,12,66,7,3,12,4
FS ur D R U dr L,7,12,66,7,3,10,3
FS ur dr D L R U,7,12,66,7,3,16,4
FS ur dr D L U R,7,12,66,7,3,14,3
FS ur dr D R L U,7,12,66,7,3,16,4
FS ur dr D R U L,7,12,66,7,3,14,3
ur D dr FS L R U,7,12,66,7,3,13,4
ur D dr FS L U R,7,12,66,7,3,11,3
ur D dr FS R L U,7,12,66,7,3,13,4
ur D dr FS R U L,7,12,66,7,3,11,3
ur D dr L FS R U,7,12,66,7,3,11,3
ur D dr L FS U R,7,12,66,7,3,11,3
ur D FS dr L R U,7,12,66,7,3,11,4
ur D FS dr L U R,7,12,66,7,3,9,2
ur D FS dr R L U,7,12,66,7,3,13,4
ur D FS dr R U L,7,12,66,7,3,11,3
ur D FS L dr R U,7,12,66,7,3,11,3
ur D FS L dr U R,7,12,66,7,3,9,2
ur D FS L R dr U,7,12,66,7,3,13,4
ur D FS R dr L U,7,12,66,7,3,11,3
ur D FS R dr U L,7,12,66,7,3,11,3
ur D FS R L dr U,7,12,66,7,3,11,4
ur D FS R U dr L,7,12,66,7,3,9,2
ur D L dr FS R U,7,12,66,7,3,9,2
ur D L dr FS U R,7,12,66,7,3,9,2
ur D L FS dr R U,7,12,66,7,3,11,3
ur D L FS dr U R,7,12,66,7,3,9,2
ur D L FS R dr U,7,12,66,7,3,11,3
ur dr D FS L R U,7,12,66,7,3,15,4
ur dr D FS L U R,7,12,66,7,3,13,3
ur dr D FS R L U,7,12,66,7,3,15,4
ur dr D FS R U L,7,12,66,7,3,13,3
ur dr D L FS R U,7,12,66,7,3,13,3
ur dr D L FS U R,7,12,66,7,3,13,3
ur dr FS D L R U,7,12,66,7,3,13,4
ur dr FS D L U R,7,12,66,7,3,11,2
ur dr FS D R L U,7,12,66,7,3,13,4
ur dr FS D R U L,7,12,66,7,3,11,2
ur FS D dr L R U,7,12,66,7,3,15,4
ur FS D dr L U R,7,12,66,7,3,13,3
ur FS D dr R L U,7,12,66,7,3,17,4
ur FS D dr R U L,7,12,66,7,3,15,3
ur FS D L dr R U,7,12,66,7,3,13,3
ur FS D L dr U R,7,12,66,7,3,11,3
ur FS D L R dr U,7,12,66,7,3,15,4
ur FS D R dr L U,7,12,66,7,3,13,3
ur FS D R dr U L,7,12,66,7,3,13,3
ur FS D R L dr U,7,12,66,7,3,13,4
ur FS D R U dr L,7,12,66,7,3,11,3
ur FS dr D L R U,7,12,66,7,3,15,4
ur FS dr D L U R,7,12,66,7,3,13,3
ur FS dr D R L U,7,12,66,7,3,15,4
ur FS dr D R U L,7,12,66,7,3,13,3
dr L U FS R ur D,6,11,66,8,3,11,3
dr L U FS ur D R,6,11,66,8,3,11,3
dr L U FS ur R D,6,11,66,8,3,13,3
dr L U R FS ur D,6,11,66,8,3,11,3
dr L U R ur FS D,6,11,66,8,3,13,3
dr L U ur D FS R,6,11,66,8,3,11,3
dr L U ur FS D R,6,11,66,8,3,13,3
dr L U ur FS R D,6,11,66,8,3,13,3
dr L U ur R FS D,6,11,66,8,3,13,3
dr L ur D U FS R,6,11,66,8,3,11,4
dr L ur U D FS R,6,11,66,8,3,13,4
dr L ur U FS D R,6,11,66,8,3,11,3
dr L ur U FS R D,6,11,66,8,3,11,3
dr L ur U R FS D,6,11,66,8,3,11,3
dr U L FS R ur D,6,11,66,8,3,11,3
dr U L FS ur D R,6,11,66,8,3,11,3
dr U L FS ur R D,6,11,66,8,3,13,3
dr U L R FS ur D,6,11,66,8,3,13,4
dr U L R ur FS D,6,11,66,8,3,15,4
dr U L ur D FS R,6,11,66,8,3,9,2
dr U L ur FS D R,6,11,66,8,3,11,3
dr U L ur FS R D,6,11,66,8,3,11,3
dr U L ur R FS D,6,11,66,8,3,11,3
dr U R L FS ur D,6,11,66,8,3,13,4
dr U R L ur FS D,6,11,66,8,3,13,4
dr U R ur L FS D,6,11,66,8,3,11,3
dr U ur L D FS R,6,11,66,8,3,11,3
dr U ur L FS D R,6,11,66,8,3,11,3
dr U ur L FS R D,6,11,66,8,3,11,3
dr U ur L R FS D,6,11,66,8,3,13,4
dr U ur R L FS D,6,11,66,8,3,15,4
dr ur L D U FS R,6,11,66,8,3,13,4
dr ur L U D FS R,6,11,66,8,3,13,4
dr ur L U FS D R,6,11,66,8,3,11,2
dr ur L U FS R D,6,11,66,8,3,11,2
dr ur L U R FS D,6,11,66,8,3,11,2
dr ur U L D FS R,6,11,66,8,3,13,3
dr ur U L FS D R,6,11,66,8,3,13,3
dr ur U L FS R D,6,11,66,8,3,13,3
dr ur U L R FS D,6,11,66,8,3,15,4
dr ur U R L FS D,6,11,66,8,3,15,4
FS L U dr R ur D,6,11,66,8,3,12,3
FS L U dr ur D R,6,11,66,8,3,10,2
FS L U dr ur R D,6,11,66,8,3,12,3
FS L U R dr ur D,6,11,66,8,3,12,3
FS L U R ur dr D,6,11,66,8,3,14,3
FS L U ur D dr R,6,11,66,8,3,14,3
FS L U ur dr D R,6,11,66,8,3,14,3
FS L U ur dr R D,6,11,66,8,3,14,3
FS L U ur R dr D,6,11,66,8,3,16,3
FS L ur D U dr R,6,11,66,8,3,12,4
FS L ur U D dr R,6,11,66,8,3,16,4
FS L ur U dr D R,6,11,66,8,3,12,3
FS L ur U dr R D,6,11,66,8,3,12,3
FS L ur U R dr D,6,11,66,8,3,14,3
FS U L dr R ur D,6,11,66,8,3,12,3
FS U L dr ur D R,6,11,66,8,3,10,2
FS U L dr ur R D,6,11,66,8,3,12,3
FS U L R dr ur D,6,11,66,8,3,14,4
FS U L R ur dr D,6,11,66,8,3,16,4
FS U L ur D dr R,6,11,66,8,3,12,3
FS U L ur dr D R,6,11,66,8,3,12,3
FS U L ur dr R D,6,11,66,8,3,12,3
FS U L ur R dr D,6,11,66,8,3,14,3
FS U R L dr ur D,6,11,66,8,3,12,4
FS U R L ur dr D,6,11,66,8,3,14,4
FS U R ur L dr D,6,11,66,8,3,12,3
FS U ur L D dr R,6,11,66,8,3,14,3
FS U ur L dr D R,6,11,66,8,3,12,3
FS U ur L dr R D,6,11,66,8,3,12,3
FS U ur L R dr D,6,11,66,8,3,16,4
FS U ur R L dr D,6,11,66,8,3,16,4
FS ur L D U dr R,6,11,66,8,3,14,4
FS ur L U D dr R,6,11,66,8,3,16,4
FS ur L U dr D R,6,11,66,8,3,12,3
FS ur L U dr R D,6,11,66,8,3,12,3
FS ur L U R dr D,6,11,66,8,3,14,3
FS ur U L D dr R,6,11,66,8,3,16,3
FS ur U L dr D R,6,11,66,8,3,14,3
FS ur U L dr R D,6,11,66,8,3,14,3
FS ur U L R dr D,6,11,66,8,3,18,4
FS ur U R L dr D,6,11,66,8,3,16,4
L dr U FS R ur D,6,11,66,8,3,10,3
L dr U FS ur D R,6,11,66,8,3,10,3
L dr U FS ur R D,6,11,66,8,3,12,3
L dr U R FS ur D,6,11,66,8,3,10,3
L dr U R ur FS D,6,11,66,8,3,12,3
L dr U ur D FS R,6,11,66,8,3,10,3
L dr U ur FS D R,6,11,66,8,3,12,3
L dr U ur FS R D,6,11,66,8,3,12,3
L dr U ur R FS D,6,11,66,8,3,12,3
L dr ur D U FS R,6,11,66,8,3,12,4
L dr ur U D FS R,6,11,66,8,3,14,4
L dr ur U FS D R,6,11,66,8,3,12,3
L dr ur U FS R D,6,11,66,8,3,12,3
L dr ur U R FS D,6,11,66,8,3,12,3
L FS U dr R ur D,6,11,66,8,3,12,3
L FS U dr ur D R,6,11,66,8,3,10,2
L FS U dr ur R D,6,11,66,8,3,12,3
L FS U R dr ur D,6,11,66,8,3,12,3
L FS U R ur dr D,6,11,66,8,3,14,3
L FS U ur D dr R,6,11,66,8,3,14,3
L FS U ur dr D R,6,11,66,8,3,14,3
L FS U ur dr R D,6,11,66,8,3,14,3
L FS U ur R dr D,6,11,66,8,3,16,3
L FS ur D U dr R,6,11,66,8,3,14,4
L FS ur U D dr R,6,11,66,8,3,18,4
L FS ur U dr D R,6,11,66,8,3,14,3
L FS ur U dr R D,6,11,66,8,3,14,3
L FS ur U R dr D,6,11,66,8,3,16,3
L U dr FS R ur D,6,11,66,8,3,10,3
L U dr FS ur D R,6,11,66,8,3,10,3
L U dr FS ur R D,6,11,66,8,3,12,3
L U dr R FS ur D,6,11,66,8,3,12,3
L U dr R ur FS D,6,11,66,8,3,14,3
L U dr ur D FS R,6,11,66,8,3,10,2
L U dr ur FS D R,6,11,66,8,3,12,3
L U dr ur FS R D,6,11,66,8,3,12,3
L U dr ur R FS D,6,11,66,8,3,12,3
L U FS dr R ur D,6,11,66,8,3,12,3
L U FS dr ur D R,6,11,66,8,3,10,2
L U FS dr ur R D,6,11,66,8,3,12,3
L U FS R dr ur D,6,11,66,8,3,12,3
L U FS R ur dr D,6,11,66,8,3,14,3
L U FS ur D dr R,6,11,66,8,3,14,3
L U FS ur dr D R,6,11,66,8,3,14,3
L U FS ur dr R D,6,11,66,8,3,14,3
L U FS ur R dr D,6,11,66,8,3,16,3
L U R dr FS ur D,6,11,66,8,3,12,3
L U R dr ur FS D,6,11,66,8,3,14,3
L U R FS dr ur D,6,11,66,8,3,10,2
L U R FS ur dr D,6,11,66,8,3,14,3
L U R ur dr FS D,6,11,66,8,3,12,3
L U R ur FS dr D,6,11,66,8,3,14,3
L U ur D dr FS R,6,11,66,8,3,12,3
L U ur D FS dr R,6,11,66,8,3,12,3
L U ur dr D FS R,6,11,66,8,3,14,3
L U ur dr FS D R,6,11,66,8,3,12,3
L U ur dr FS R D,6,11,66,8,3,12,3
L U ur dr R FS D,6,11,66,8,3,14,3
L U ur FS D dr R,6,11,66,8,3,16,3
L U ur FS dr D R,6,11,66,8,3,14,3
L U ur FS dr R D,6,11,66,8,3,14,3
L U ur FS R dr D,6,11,66,8,3,16,3
L U ur R dr FS D,6,11,66,8,3,14,3
L U ur R FS dr D,6,11,66,8,3,14,3
L ur D dr U FS R,6,11,66,8,3,10,3
L ur D FS U dr R,6,11,66,8,3,10,3
L ur D U dr FS R,6,11,66,8,3,10,4
L ur D U FS dr R,6,11,66,8,3,12,4
L ur dr D U FS R,6,11,66,8,3,14,4
L ur dr U D FS R,6,11,66,8,3,12,4
L ur dr U FS D R,6,11,66,8,3,10,2
L ur dr U FS R D,6,11,66,8,3,10,2
L ur dr U R FS D,6,11,66,8,3,10,2
L ur FS D U dr R,6,11,66,8,3,14,4
L ur FS U D dr R,6,11,66,8,3,16,4
L ur FS U dr D R,6,11,66,8,3,12,3
L ur FS U dr R D,6,11,66,8,3,12,3
L ur FS U R dr D,6,11,66,8,3,14,3
L ur U D dr FS R,6,11,66,8,3,14,4
L ur U D FS dr R,6,11,66,8,3,14,4
L ur U dr D FS R,6,11,66,8,3,12,3
L ur U dr FS D R,6,11,66,8,3,10,3
L ur U dr FS R D,6,11,66,8,3,10,3
L ur U dr R FS D,6,11,66,8,3,12,3
L ur U FS D dr R,6,11,66,8,3,14,3
L ur U FS dr D R,6,11,66,8,3,12,3
L ur U FS dr R D,6,11,66,8,3,12,3
L ur U FS R dr D,6,11,66,8,3,14,3
L ur U R dr FS D,6,11,66,8,3,12,3
L ur U R FS dr D,6,11,66,8,3,12,3
U dr L FS R ur D,6,11,66,8,3,10,3
U dr L FS ur D R,6,11,66,8,3,10,3
U dr L FS ur R D,6,11,66,8,3,12,3
U dr L R FS ur D,6,11,66,8,3,12,4
U dr L R ur FS D,6,11,66,8,3,14,4
U dr L ur D FS R,6,11,66,8,3,8,2
U dr L ur FS D R,6,11,66,8,3,10,3
U dr L ur FS R D,6,11,66,8,3,10,3
U dr L ur R FS D,6,11,66,8,3,10,3
U dr R L FS ur D,6,11,66,8,3,14,4
U dr R L ur FS D,6,11,66,8,3,14,4
U dr R ur L FS D,6,11,66,8,3,12,3
U dr ur L D FS R,6,11,66,8,3,10,2
U dr ur L FS D R,6,11,66,8,3,10,2
U dr ur L FS R D,6,11,66,8,3,10,2
U dr ur L R FS D,6,11,66,8,3,12,4
U dr ur R L FS D,6,11,66,8,3,14,4
U FS L dr R ur D,6,11,66,8,3,12,3
U FS L dr ur D R,6,11,66,8,3,10,2
U FS L dr ur R D,6,11,66,8,3,12,3
U FS L R dr ur D,6,11,66,8,3,14,4
U FS L R ur dr D,6,11,66,8,3,16,4
U FS L ur D dr R,6,11,66,8,3,12,3
U FS L ur dr D R,6,11,66,8,3,12,3
U FS L ur dr R D,6,11,66,8,3,12,3
U FS L ur R dr D,6,11,66,8,3,14,3
U FS R L dr ur D,6,11,66,8,3,12,4
U FS R L ur dr D,6,11,66,8,3,14,4
U FS R ur L dr D,6,11,66,8,3,12,3
U FS ur L D dr R,6,11,66,8,3,14,3
U FS ur L dr D R,6,11,66,8,3,12,3
U FS ur L dr R D,6,11,66,8,3,12,3
U FS ur L R dr D,6,11,66,8,3,16,4
U FS ur R L dr D,6,11,66,8,3,16,4
U L dr FS R ur D,6,11,66,8,3,10,3
U L dr FS ur D R,6,11,66,8,3,10,3
U L dr FS ur R D,6,11,66,8,3,12,3
U L dr R FS ur D,6,11,66,8,3,12,3
U L dr R ur FS D,6,11,66,8,3,14,3
U L dr ur D FS R,6,11,66,8,3,10,2
U L dr ur FS D R,6,11,66,8,3,12,3
U L dr ur FS R D,6,11,66,8,3,12,3
U L dr ur R FS D,6,11,66,8,3,12,3
U L FS dr R ur D,6,11,66,8,3,12,3
U L FS dr ur D R,6,11,66,8,3,10,2
U L FS dr ur R D,6,11,66,8,3,12,3
U L FS R dr ur D,6,11,66,8,3,12,3
U L FS R ur dr D,6,11,66,8,3,14,3
U L FS ur D dr R,6,11,66,8,3,14,3
U L FS ur dr D R,6,11,66,8,3,14,3
U L FS ur dr R D,6,11,66,8,3,14,3
U L FS ur R dr D,6,11,66,8,3,16,3
U L R dr FS ur D,6,11,66,8,3,14,4
U L R dr ur FS D,6,11,66,8,3,16,4
U L R FS dr ur D,6,11,66,8,3,12,4
U L R FS ur dr D,6,11,66,8,3,16,4
U L R ur dr FS D,6,11,66,8,3,14,4
U L R ur FS dr D,6,11,66,8,3,16,4
U L ur D dr FS R,6,11,66,8,3,10,3
U L ur D FS dr R,6,11,66,8,3,10,3
U L ur dr D FS R,6,11,66,8,3,12,3
U L ur dr FS D R,6,11,66,8,3,10,2
U L ur dr FS R D,6,11,66,8,3,10,2
U L ur dr R FS D,6,11,66,8,3,12,3
U L ur FS D dr R,6,11,66,8,3,14,3
U L ur FS dr D R,6,11,66,8,3,12,3
U L ur FS dr R D,6,11,66,8,3,12,3
U L ur FS R dr D,6,11,66,8,3,14,3
U L ur R dr FS D,6,11,66,8,3,12,3
U L ur R FS dr D,6,11,66,8,3,12,3
U R dr L FS ur D,6,11,66,8,3,12,3
U R dr L ur FS D,6,11,66,8,3,12,3
U R dr ur L FS D,6,11,66,8,3,12,3
U R FS L dr ur D,6,11,66,8,3,10,2
U R FS L ur dr D,6,11,66,8,3,12,3
U R FS ur L dr D,6,11,66,8,3,12,3
U R L dr FS ur D,6,11,66,8,3,12,4
U R L dr ur FS D,6,11,66,8,3,14,4
U R L FS dr ur D,6,11,66,8,3,12,4
U R L FS ur dr D,6,11,66,8,3,16,4
U R L ur dr FS D,6,11,66,8,3,12,4
U R L ur FS dr D,6,11,66,8,3,14,4
U R ur dr L FS D,6,11,66,8,3,12,3
U R ur FS L dr D,6,11,66,8,3,14,3
U R ur L dr FS D,6,11,66,8,3,10,3
U R ur L FS dr D,6,11,66,8,3,12,3
U ur dr L D FS R,6,11,66,8,3,12,3
U ur dr L FS D R,6,11,66,8,3,12,3
U ur dr L FS R D,6,11,66,8,3,12,3
U ur dr L R FS D,6,11,66,8,3,14,4
U ur dr R L FS D,6,11,66,8,3,16,4
U ur FS L D dr R,6,11,66,8,3,16,3
U ur FS L dr D R,6,11,66,8,3,14,3
U ur FS L dr R D,6,11,66,8,3,14,3
U ur FS L R dr D,6,11,66,8,3,18,4
U ur FS R L dr D,6,11,66,8,3,16,4
U ur L D dr FS R,6,11,66,8,3,12,3
U ur L D FS dr R,6,11,66,8,3,12,3
U ur L dr D FS R,6,11,66,8,3,12,3
U ur L dr FS D R,6,11,66,8,3,10,3
U ur L dr FS R D,6,11,66,8,3,10,3
U ur L dr R FS D,6,11,66,8,3,12,3
U ur L FS D dr R,6,11,66,8,3,14,3
U ur L FS dr D R,6,11,66,8,3,12,3
U ur L FS dr R D,6,11,66,8,3,12,3
U ur L FS R dr D,6,11,66,8,3,14,3
U ur L R dr FS D,6,11,66,8,3,14,4
U ur L R FS dr D,6,11,66,8,3,14,4
U ur R dr L FS D,6,11,66,8,3,14,3
U ur R FS L dr D,6,11,66,8,3,14,3
U ur R L dr FS D,6,11,66,8,3,14,4
U ur R L FS dr D,6,11,66,8,3,16,4
ur dr L D U FS R,6,11,66,8,3,13,4
ur dr L U D FS R,6,11,66,8,3,13,4
ur dr L U FS D R,6,11,66,8,3,11,2
ur dr L U FS R D,6,11,66,8,3,11,2
ur dr L U R FS D,6,11,66,8,3,11,2
ur dr U L D FS R,6,11,66,8,3,11,2
ur dr U L FS D R,6,11,66,8,3,11,2
ur dr U L FS R D,6,11,66,8,3,11,2
ur dr U L R FS D,6,11,66,8,3,13,4
ur dr U R L FS D,6,11,66,8,3,13,4
ur FS L D U dr R,6,11,66,8,3,15,4
ur FS L U D dr R,6,11,66,8,3,17,4
ur FS L U dr D R,6,11,66,8,3,13,3
ur FS L U dr R D,6,11,66,8,3,13,3
ur FS L U R dr D,6,11,66,8,3,15,3
ur FS U L D dr R,6,11,66,8,3,15,3
ur FS U L dr D R,6,11,66,8,3,13,3
ur FS U L dr R D,6,11,66,8,3,13,3
ur FS U L R dr D,6,11,66,8,3,17,4
ur FS U R L dr D,6,11,66,8,3,15,4
ur L D dr U FS R,6,11,66,8,3,11,3
ur L D FS U dr R,6,11,66,8,3,11,3
ur L D U dr FS R,6,11,66,8,3,11,4
ur L D U FS dr R,6,11,66,8,3,13,4
ur L dr D U FS R,6,11,66,8,3,13,4
ur L dr U D FS R,6,11,66,8,3,11,4
ur L dr U FS D R,6,11,66,8,3,9,2
ur L dr U FS R D,6,11,66,8,3,9,2
ur L dr U R FS D,6,11,66,8,3,9,2
ur L FS D U dr R,6,11,66,8,3,13,4
ur L FS U D dr R,6,11,66,8,3,15,4
ur L FS U dr D R,6,11,66,8,3,11,3
ur L FS U dr R D,6,11,66,8,3,11,3
ur L FS U R dr D,6,11,66,8,3,13,3
ur L U D dr FS R,6,11,66,8,3,13,4
ur L U D FS dr R,6,11,66,8,3,13,4
ur L U dr D FS R,6,11,66,8,3,11,3
ur L U dr FS D R,6,11,66,8,3,9,2
ur L U dr FS R D,6,11,66,8,3,9,2
ur L U dr R FS D,6,11,66,8,3,11,3
ur L U FS D dr R,6,11,66,8,3,13,3
ur L U FS dr D R,6,11,66,8,3,11,3
ur L U FS dr R D,6,11,66,8,3,11,3
ur L U FS R dr D,6,11,66,8,3,13,3
ur L U R dr FS D,6,11,66,8,3,11,3
ur L U R FS dr D,6,11,66,8,3,11,3
ur U dr L D FS R,6,11,66,8,3,11,3
ur U dr L FS D R,6,11,66,8,3,11,3
ur U dr L FS R D,6,11,66,8,3,11,3
ur U dr L R FS D,6,11,66,8,3,13,4
ur U dr R L FS D,6,11,66,8,3,15,4
ur U FS L D dr R,6,11,66,8,3,15,3
ur U FS L dr D R,6,11,66,8,3,13,3
ur U FS L dr R D,6,11,66,8,3,13,3
ur U FS L R dr D,6,11,66,8,3,17,4
ur U FS R L dr D,6,11,66,8,3,15,4
ur U L D dr FS R,6,11,66,8,3,13,3
ur U L D FS dr R,6,11,66,8,3,13,3
ur U L dr D FS R,6,11,66,8,3,13,3
ur U L dr FS D R,6,11,66,8,3,11,3
ur U L dr FS R D,6,11,66,8,3,11,3
ur U L dr R FS D,6,11,66,8,3,13,3
ur U L FS D dr R,6,11,66,8,3,15,3
ur U L FS dr D R,6,11,66,8,3,13,3
ur U L FS dr R D,6,11,66,8,3,13,3
ur U L FS R dr D,6,11,66,8,3,15,3
ur U L R dr FS D,6,11,66,8,3,15,4
ur U L R FS dr D,6,11,66,8,3,15,4
ur U R dr L FS D,6,11,66,8,3,13,3
ur U R FS L dr D,6,11,66,8,3,13,3
ur U R L dr FS D,6,11,66,8,3,13,4
ur U R L FS dr D,6,11,66,8,3,15,4
D dr R FS U ur L,2,12,68,8,3,14,3
D dr R FS ur L U,2,12,68,8,3,14,3
D dr R FS ur U L,2,12,68,8,3,16,3
D dr R U FS ur L,2,12,68,8,3,14,3
D dr R U ur FS L,2,12,68,8,3,16,3
D dr R ur FS L U,2,12,68,8,3,16,3
D dr R ur FS U L,2,12,68,8,3,16,3
D dr R ur L FS U,2,12,68,8,3,14,3
D dr R ur U FS L,2,12,68,8,3,16,3
D dr ur L R FS U,2,12,68,8,3,14,4
D dr ur R FS L U,2,12,68,8,3,14,3
D dr ur R FS U L,2,12,68,8,3,14,3
D dr ur R L FS U,2,12,68,8,3,16,4
D dr ur R U FS L,2,12,68,8,3,14,3
D R dr FS U ur L,2,12,68,8,3,12,3
D R dr FS ur L U,2,12,68,8,3,12,3
D R dr FS ur U L,2,12,68,8,3,14,3
D R dr U FS ur L,2,12,68,8,3,12,3
D R dr U ur FS L,2,12,68,8,3,14,3
D R dr ur FS L U,2,12,68,8,3,14,3
D R dr ur FS U L,2,12,68,8,3,14,3
D R dr ur L FS U,2,12,68,8,3,12,3
D R dr ur U FS L,2,12,68,8,3,14,3
D R FS dr U ur L,2,12,68,8,3,10,3
D R FS dr ur L U,2,12,68,8,3,10,2
D R FS dr ur U L,2,12,68,8,3,12,3
D R FS U dr ur L,2,12,68,8,3,10,2
D R FS U ur dr L,2,12,68,8,3,12,3
D R FS ur dr L U,2,12,68,8,3,12,3
D R FS ur dr U L,2,12,68,8,3,12,3
D R FS ur L dr U,2,12,68,8,3,10,3
D R FS ur U dr L,2,12,68,8,3,12,3
D R U dr FS ur L,2,12,68,8,3,10,3
D R U dr ur FS L,2,12,68,8,3,12,3
D R U FS dr ur L,2,12,68,8,3,10,2
D R U FS ur dr L,2,12,68,8,3,12,3
D R U ur dr FS L,2,12,68,8,3,12,3
D R U ur FS dr L,2,12,68,8,3,12,3
D R ur dr FS L U,2,12,68,8,3,12,3
D R ur dr FS U L,2,12,68,8,3,12,3
D R ur dr L FS U,2,12,68,8,3,12,3
D R ur dr U FS L,2,12,68,8,3,12,3
D R ur FS dr L U,2,12,68,8,3,12,3
D R ur FS dr U L,2,12,68,8,3,12,3
D R ur FS L dr U,2,12,68,8,3,12,3
D R ur FS U dr L,2,12,68,8,3,12,3
D R ur L dr FS U,2,12,68,8,3,10,3
D R ur L FS dr U,2,12,68,8,3,10,3
D R ur U dr FS L,2,12,68,8,3,12,3
D R ur U FS dr L,2,12,68,8,3,12,3
D ur dr L R FS U,2,12,68,8,3,12,4
D ur dr R FS L U,2,12,68,8,3,12,3
D ur dr R FS U L,2,12,68,8,3,12,3
D ur dr R L FS U,2,12,68,8,3,14,4
D ur dr R U FS L,2,12,68,8,3,12,3
D ur L dr R FS U,2,12,68,8,3,10,3
D ur L R dr FS U,2,12,68,8,3,12,4
D ur L R FS dr U,2,12,68,8,3,10,4
D ur R dr FS L U,2,12,68,8,3,12,3
D ur R dr FS U L,2,12,68,8,3,12,3
D ur R dr L FS U,2,12,68,8,3,12,3
D ur R dr U FS L,2,12,68,8,3,12,3
D ur R FS dr L U,2,12,68,8,3,10,3
D ur R FS dr U L,2,12,68,8,3,10,3
D ur R FS L dr U,2,12,68,8,3,10,3
D ur R FS U dr L,2,12,68,8,3,10,3
D ur R L dr FS U,2,12,68,8,3,12,4
D ur R L FS dr U,2,12,68,8,3,12,4
D ur R U dr FS L,2,12,68,8,3,10,3
D ur R U FS dr L,2,12,68,8,3,10,3
dr D R FS U ur L,2,12,68,8,3,13,3
dr D R FS ur L U,2,12,68,8,3,13,3
dr D R FS ur U L,2,12,68,8,3,15,3
dr D R U FS ur L,2,12,68,8,3,13,3
dr D R U ur FS L,2,12,68,8,3,15,3
dr D R ur FS L U,2,12,68,8,3,15,3
dr D R ur FS U L,2,12,68,8,3,15,3
dr D R ur L FS U,2,12,68,8,3,13,3
dr D R ur U FS L,2,12,68,8,3,15,3
dr D ur L R FS U,2,12,68,8,3,13,4
dr D ur R FS L U,2,12,68,8,3,13,3
dr D ur R FS U L,2,12,68,8,3,13,3
dr D ur R L FS U,2,12,68,8,3,15,4
dr D ur R U FS L,2,12,68,8,3,13,3
dr R D FS U ur L,2,12,68,8,3,13,3
dr R D FS ur L U,2,12,68,8,3,13,3
dr R D FS ur U L,2,12,68,8,3,15,3
dr R D U FS ur L,2,12,68,8,3,15,4
dr R D U ur FS L,2,12,68,8,3,17,4
dr R D ur FS L U,2,12,68,8,3,13,3
dr R D ur FS U L,2,12,68,8,3,13,3
dr R D ur L FS U,2,12,68,8,3,11,3
dr R D ur U FS L,2,12,68,8,3,13,3
dr R U D FS ur L,2,12,68,8,3,15,4
dr R U D ur FS L,2,12,68,8,3,15,4
dr R U ur D FS L,2,12,68,8,3,13,3
dr R ur D FS L U,2,12,68,8,3,13,3
dr R ur D FS U L,2,12,68,8,3,13,3
dr R ur D L FS U,2,12,68,8,3,13,3
dr R ur D U FS L,2,12,68,8,3,15,4
dr R ur U D FS L,2,12,68,8,3,17,4
dr ur D L R FS U,2,12,68,8,3,13,4
dr ur D R FS L U,2,12,68,8,3,11,2
dr ur D R FS U L,2,12,68,8,3,11,2
dr ur D R L FS U,2,12,68,8,3,13,4
dr ur D R U FS L,2,12,68,8,3,11,2
dr ur R D FS L U,2,12,68,8,3,13,3
dr ur R D FS U L,2,12,68,8,3,13,3
dr ur R D L FS U,2,12,68,8,3,13,3
dr ur R D U FS L,2,12,68,8,3,15,4
dr ur R U D FS L,2,12,68,8,3,15,4
R D dr FS U ur L,2,12,68,8,3,12,3
R D dr FS ur L U,2,12,68,8,3,12,3
R D dr FS ur U L,2,12,68,8,3,14,3
R D dr U FS ur L,2,12,68,8,3,12,3
R D dr U ur FS L,2,12,68,8,3,14,3
R D dr ur FS L U,2,12,68,8,3,14,3
R D dr ur FS U L,2,12,68,8,3,14,3
R D dr ur L FS U,2,12,68,8,3,12,3
R D dr ur U FS L,2,12,68,8,3,14,3
R D FS dr U ur L,2,12,68,8,3,10,3
R D FS dr ur L U,2,12,68,8,3,10,2
R D FS dr ur U L,2,12,68,8,3,12,3
R D FS U dr ur L,2,12,68,8,3,10,2
R D FS U ur dr L,2,12,68,8,3,12,3
R D FS ur dr L U,2,12,68,8,3,12,3
R D FS ur dr U L,2,12,68,8,3,12,3
R D FS ur L dr U,2,12,68,8,3,10,3
R D FS ur U dr L,2,12,68,8,3,12,3
R D U dr FS ur L,2,12,68,8,3,12,4
R D U dr ur FS L,2,12,68,8,3,14,4
R D U FS dr ur L,2,12,68,8,3,12,4
R D U FS ur dr L,2,12,68,8,3,14,4
R D U ur dr FS L,2,12,68,8,3,14,4
R D U ur FS dr L,2,12,68,8,3,14,4
R D ur dr FS L U,2,12,68,8,3,10,2
R D ur dr FS U L,2,12,68,8,3,10,2
R D ur dr L FS U,2,12,68,8,3,10,2
R D ur dr U FS L,2,12,68,8,3,10,2
R D ur FS dr L U,2,12,68,8,3,10,3
R D ur FS dr U L,2,12,68,8,3,10,3
R D ur FS L dr U,2,12,68,8,3,10,3
R D ur FS U dr L,2,12,68,8,3,10,3
R D ur L dr FS U,2,12,68,8,3,8,2
R D ur L FS dr U,2,12,68,8,3,8,2
R D ur U dr FS L,2,12,68,8,3,10,3
R D ur U FS dr L,2,12,68,8,3,10,3
R dr D FS U ur L,2,12,68,8,3,14,3
R dr D FS ur L U,2,12,68,8,3,14,3
R dr D FS ur U L,2,12,68,8,3,16,3
R dr D U FS ur L,2,12,68,8,3,16,4
R dr D U ur FS L,2,12,68,8,3,18,4
R dr D ur FS L U,2,12,68,8,3,14,3
R dr D ur FS U L,2,12,68,8,3,14,3
R dr D ur L FS U,2,12,68,8,3,12,3
R dr D ur U FS L,2,12,68,8,3,14,3
R dr U D FS ur L,2,12,68,8,3,14,4
R dr U D ur FS L,2,12,68,8,3,14,4
R dr U ur D FS L,2,12,68,8,3,12,3
R dr ur D FS L U,2,12,68,8,3,12,3
R dr ur D FS U L,2,12,68,8,3,12,3
R dr ur D L FS U,2,12,68,8,3,12,3
R dr ur D U FS L,2,12,68,8,3,14,4
R dr ur U D FS L,2,12,68,8,3,16,4
R U D dr FS ur L,2,12,68,8,3,14,4
R U D dr ur FS L,2,12,68,8,3,16,4
R U D FS dr ur L,2,12,68,8,3,12,4
R U D FS ur dr L,2,12,68,8,3,14,4
R U D ur dr FS L,2,12,68,8,3,12,4
R U D ur FS dr L,2,12,68,8,3,12,4
R U dr D FS ur L,2,12,68,8,3,12,3
R U dr D ur FS L,2,12,68,8,3,12,3
R U dr ur D FS L,2,12,68,8,3,10,2
R U ur D dr FS L,2,12,68,8,3,12,3
R U ur D FS dr L,2,12,68,8,3,10,3
R U ur dr D FS L,2,12,68,8,3,14,3
R ur D dr FS L U,2,12,68,8,3,12,3
R ur D dr FS U L,2,12,68,8,3,12,3
R ur D dr L FS U,2,12,68,8,3,12,3
R ur D dr U FS L,2,12,68,8,3,12,3
R ur D FS dr L U,2,12,68,8,3,10,3
R ur D FS dr U L,2,12,68,8,3,10,3
R ur D FS L dr U,2,12,68,8,3,10,3
R ur D FS U dr L,2,12,68,8,3,10,3
R ur D L dr FS U,2,12,68,8,3,10,3
R ur D L FS dr U,2,12,68,8,3,10,3
R ur D U dr FS L,2,12,68,8,3,12,4
R ur D U FS dr L,2,12,68,8,3,12,4
R ur dr D FS L U,2,12,68,8,3,14,3
R ur dr D FS U L,2,12,68,8,3,14,3
R ur dr D L FS U,2,12,68,8,3,14,3
R ur dr D U FS L,2,12,68,8,3,16,4
R ur dr U D FS L,2,12,68,8,3,14,4
R ur U D dr FS L,2,12,68,8,3,16,4
R ur U D FS dr L,2,12,68,8,3,14,4
R ur U dr D FS L,2,12,68,8,3,14,3
ur D dr L R FS U,2,12,68,8,3,13,4
ur D dr R FS L U,2,12,68,8,3,13,3
ur D dr R FS U L,2,12,68,8,3,13,3
ur D dr R L FS U,2,12,68,8,3,15,4
ur D dr R U FS L,2,12,68,8,3,13,3
ur D L dr R FS U,2,12,68,8,3,11,3
ur D L R dr FS U,2,12,68,8,3,13,4
ur D L R FS dr U,2,12,68,8,3,11,4
ur D R dr FS L U,2,12,68,8,3,11,3
ur D R dr FS U L,2,12,68,8,3,11,3
ur D R dr L FS U,2,12,68,8,3,11,3
ur D R dr U FS L,2,12,68,8,3,11,3
ur D R FS dr L U,2,12,68,8,3,9,2
ur D R FS dr U L,2,12,68,8,3,9,2
ur D R FS L dr U,2,12,68,8,3,9,2
ur D R FS U dr L,2,12,68,8,3,9,2
ur D R L dr FS U,2,12,68,8,3,11,4
ur D R L FS dr U,2,12,68,8,3,11,4
ur D R U dr FS L,2,12,68,8,3,9,2
ur D R U FS dr L,2,12,68,8,3,9,2
ur dr D L R FS U,2,12,68,8,3,15,4
ur dr D R FS L U,2,12,68,8,3,13,3
ur dr D R FS U L,2,12,68,8,3,13,3
ur dr D R L FS U,2,12,68,8,3,15,4
ur dr D R U FS L,2,12,68,8,3,13,3
ur dr R D FS L U,2,12,68,8,3,13,3
ur dr R D FS U L,2,12,68,8,3,13,3
ur dr R D L FS U,2,12,68,8,3,13,3
ur dr R D U FS L,2,12,68,8,3,15,4
ur dr R U D FS L,2,12,68,8,3,15,4
ur R D dr FS L U,2,12,68,8,3,13,3
ur R D dr FS U L,2,12,68,8,3,13,3
ur R D dr L FS U,2,12,68,8,3,13,3
ur R D dr U FS L,2,12,68,8,3,13,3
ur R D FS dr L U,2,12,68,8,3,11,3
ur R D FS dr U L,2,12,68,8,3,11,3
ur R D FS L dr U,2,12,68,8,3,11,3
ur R D FS U dr L,2,12,68,8,3,11,3
ur R D L dr FS U,2,12,68,8,3,11,3
ur R D L FS dr U,2,12,68,8,3,11,3
ur R D U dr FS L,2,12,68,8,3,13,4
ur R D U FS dr L,2,12,68,8,3,13,4
ur R dr D FS L U,2,12,68,8,3,15,3
ur R dr D FS U L,2,12,68,8,3,15,3
ur R dr D L FS U,2,12,68,8,3,15,3
ur R dr D U FS L,2,12,68,8,3,17,4
ur R dr U D FS L,2,12,68,8,3,15,4
ur R U D dr FS L,2,12,68,8,3,15,4
ur R U D FS dr L,2,12,68,8,3,13,4
ur R U dr D FS L,2,12,68,8,3,13,3
D dr FS L R ur U,6,12,72,8,3,16,4
D dr FS L U ur R,6,12,72,8,3,14,3
D dr FS L ur R U,6,12,72,8,3,12,3
D dr FS L ur U R,6,12,72,8,3,12,3
D dr FS R L ur U,6,12,72,8,3,14,4
D dr FS U L ur R,6,12,72,8,3,12,3
D dr FS U R ur L,6,12,72,8,3,12,3
D dr FS U ur L R,6,12,72,8,3,14,4
D dr FS U ur R L,6,12,72,8,3,16,4
D dr FS ur U L R,6,12,72,8,3,16,4
D dr FS ur U R L,6,12,72,8,3,16,4
D dr L FS R ur U,6,12,72,8,3,14,3
D dr L FS U ur R,6,12,72,8,3,14,3
D dr L FS ur R U,6,12,72,8,3,14,3
D dr L FS ur U R,6,12,72,8,3,14,3
D dr L ur FS R U,6,12,72,8,3,12,3
D dr L ur FS U R,6,12,72,8,3,12,3
D dr U FS L ur R,6,12,72,8,3,12,3
D dr U FS R ur L,6,12,72,8,3,12,3
D dr U FS ur L R,6,12,72,8,3,14,4
D dr U FS ur R L,6,12,72,8,3,16,4
D dr U R FS ur L,6,12,72,8,3,12,3
D dr U R ur FS L,6,12,72,8,3,14,3
D dr U ur FS L R,6,12,72,8,3,16,4
D dr U ur FS R L,6,12,72,8,3,16,4
D dr U ur L FS R,6,12,72,8,3,12,3
D dr U ur R FS L,6,12,72,8,3,14,3
D dr ur FS U L R,6,12,72,8,3,16,4
D dr ur FS U R L,6,12,72,8,3,16,4
D dr ur L U FS R,6,12,72,8,3,12,3
D dr ur U FS L R,6,12,72,8,3,16,4
D dr ur U FS R L,6,12,72,8,3,16,4
D dr ur U L FS R,6,12,72,8,3,14,3
D dr ur U R FS L,6,12,72,8,3,14,3
D FS dr L R ur U,6,12,72,8,3,14,4
D FS dr L U ur R,6,12,72,8,3,12,3
D FS dr L ur R U,6,12,72,8,3,10,3
D FS dr L ur U R,6,12,72,8,3,10,3
D FS dr R L ur U,6,12,72,8,3,14,4
D FS dr U L ur R,6,12,72,8,3,10,3
D FS dr U R ur L,6,12,72,8,3,10,3
D FS dr U ur L R,6,12,72,8,3,12,4
D FS dr U ur R L,6,12,72,8,3,14,4
D FS dr ur U L R,6,12,72,8,3,14,4
D FS dr ur U R L,6,12,72,8,3,14,4
D FS L dr R ur U,6,12,72,8,3,14,3
D FS L dr U ur R,6,12,72,8,3,12,3
D FS L dr ur R U,6,12,72,8,3,12,3
D FS L dr ur U R,6,12,72,8,3,12,3
D FS L R dr ur U,6,12,72,8,3,16,4
D FS L R ur dr U,6,12,72,8,3,14,4
D FS L ur dr R U,6,12,72,8,3,12,3
D FS L ur dr U R,6,12,72,8,3,10,2
D FS L ur R dr U,6,12,72,8,3,12,3
D FS R dr L ur U,6,12,72,8,3,12,3
D FS R L dr ur U,6,12,72,8,3,14,4
D FS R L ur dr U,6,12,72,8,3,12,4
D FS U dr L ur R,6,12,72,8,3,10,3
D FS U dr R ur L,6,12,72,8,3,12,3
D FS U dr ur L R,6,12,72,8,3,12,4
D FS U dr ur R L,6,12,72,8,3,14,4
D FS U R dr ur L,6,12,72,8,3,12,3
D FS U R ur dr L,6,12,72,8,3,12,3
D FS U ur dr L R,6,12,72,8,3,14,4
D FS U ur dr R L,6,12,72,8,3,16,4
D FS U ur L dr R,6,12,72,8,3,12,3
D FS U ur R dr L,6,12,72,8,3,14,3
D FS ur dr U L R,6,12,72,8,3,14,4
D FS ur dr U R L,6,12,72,8,3,14,4
D FS ur L U dr R,6,12,72,8,3,12,3
D FS ur U dr L R,6,12,72,8,3,14,4
D FS ur U dr R L,6,12,72,8,3,16,4
D FS ur U L dr R,6,12,72,8,3,14,3
D FS ur U R dr L,6,12,72,8,3,14,3
D L dr FS R ur U,6,12,72,8,3,12,3
D L dr FS U ur R,6,12,72,8,3,12,3
D L dr FS ur R U,6,12,72,8,3,12,3
D L dr FS ur U R,6,12,72,8,3,12,3
D L dr ur FS R U,6,12,72,8,3,12,3
D L dr ur FS U R,6,12,72,8,3,12,3
D L FS dr R ur U,6,12,72,8,3,14,3
D L FS dr U ur R,6,12,72,8,3,12,3
D L FS dr ur R U,6,12,72,8,3,12,3
D L FS dr ur U R,6,12,72,8,3,12,3
D L FS R dr ur U,6,12,72,8,3,14,3
D L FS R ur dr U,6,12,72,8,3,12,3
D L FS ur dr R U,6,12,72,8,3,14,3
D L FS ur dr U R,6,12,72,8,3,12,3
D L FS ur R dr U,6,12,72,8,3,14,3
D L ur dr FS R U,6,12,72,8,3,10,2
D L ur dr FS U R,6,12,72,8,3,10,2
D L ur FS dr R U,6,12,72,8,3,12,3
D L ur FS dr U R,6,12,72,8,3,10,3
D L ur FS R dr U,6,12,72,8,3,12,3
D U dr FS L ur R,6,12,72,8,3,12,4
D U dr FS R ur L,6,12,72,8,3,12,4
D U dr FS ur L R,6,12,72,8,3,14,4
D U dr FS ur R L,6,12,72,8,3,16,4
D U dr R FS ur L,6,12,72,8,3,14,4
D U dr R ur FS L,6,12,72,8,3,16,4
D U dr ur FS L R,6,12,72,8,3,16,4
D U dr ur FS R L,6,12,72,8,3,16,4
D U dr ur L FS R,6,12,72,8,3,12,4
D U dr ur R FS L,6,12,72,8,3,14,4
D U FS dr L ur R,6,12,72,8,3,12,4
D U FS dr R ur L,6,12,72,8,3,14,4
D U FS dr ur L R,6,12,72,8,3,14,4
D U FS dr ur R L,6,12,72,8,3,16,4
D U FS R dr ur L,6,12,72,8,3,14,4
D U FS R ur dr L,6,12,72,8,3,14,4
D U FS ur dr L R,6,12,72,8,3,16,4
D U FS ur dr R L,6,12,72,8,3,18,4
D U FS ur L dr R,6,12,72,8,3,14,4
D U FS ur R dr L,6,12,72,8,3,16,4
D U R dr FS ur L,6,12,72,8,3,14,4
D U R dr ur FS L,6,12,72,8,3,16,4
D U R FS dr ur L,6,12,72,8,3,12,4
D U R FS ur dr L,6,12,72,8,3,14,4
D U R ur dr FS L,6,12,72,8,3,14,4
D U R ur FS dr L,6,12,72,8,3,14,4
D U ur dr FS L R,6,12,72,8,3,16,4
D U ur dr FS R L,6,12,72,8,3,16,4
D U ur dr L FS R,6,12,72,8,3,14,4
D U ur dr R FS L,6,12,72,8,3,16,4
D U ur FS dr L R,6,12,72,8,3,16,4
D U ur FS dr R L,6,12,72,8,3,18,4
D U ur FS L dr R,6,12,72,8,3,16,4
D U ur FS R dr L,6,12,72,8,3,16,4
D U ur L dr FS R,6,12,72,8,3,12,4
D U ur L FS dr R,6,12,72,8,3,14,4
D U ur R dr FS L,6,12,72,8,3,16,4
D U ur R FS dr L,6,12,72,8,3,14,4
D ur dr FS U L R,6,12,72,8,3,12,4
D ur dr FS U R L,6,12,72,8,3,12,4
D ur dr L U FS R,6,12,72,8,3,10,2
D ur dr U FS L R,6,12,72,8,3,12,4
D ur dr U FS R L,6,12,72,8,3,12,4
D ur dr U L FS R,6,12,72,8,3,10,2
D ur dr U R FS L,6,12,72,8,3,10,2
D ur FS dr U L R,6,12,72,8,3,12,4
D ur FS dr U R L,6,12,72,8,3,12,4
D ur FS L U dr R,6,12,72,8,3,12,3
D ur FS U dr L R,6,12,72,8,3,12,4
D ur FS U dr R L,6,12,72,8,3,14,4
D ur FS U L dr R,6,12,72,8,3,12,3
D ur FS U R dr L,6,12,72,8,3,12,3
D ur L dr U FS R,6,12,72,8,3,8,2
D ur L FS U dr R,6,12,72,8,3,10,3
D ur L U dr FS R,6,12,72,8,3,8,2
D ur L U FS dr R,6,12,72,8,3,10,3
D ur U dr FS L R,6,12,72,8,3,12,4
D ur U dr FS R L,6,12,72,8,3,12,4
D ur U dr L FS R,6,12,72,8,3,10,3
D ur U dr R FS L,6,12,72,8,3,12,3
D ur U FS dr L R,6,12,72,8,3,12,4
D ur U FS dr R L,6,12,72,8,3,14,4
D ur U FS L dr R,6,12,72,8,3,12,3
D ur U FS R dr L,6,12,72,8,3,12,3
D ur U L dr FS R,6,12,72,8,3,10,3
D ur U L FS dr R,6,12,72,8,3,12,3
D ur U R dr FS L,6,12,72,8,3,12,3
D ur U R FS dr L,6,12,72,8,3,10,3
dr D FS L R ur U,6,12,72,8,3,17,4
dr D FS L U ur R,6,12,72,8,3,15,3
dr D FS L ur R U,6,12,72,8,3,13,3
dr D FS L ur U R,6,12,72,8,3,13,3
dr D FS R L ur U,6,12,72,8,3,15,4
dr D FS U L ur R,6,12,72,8,3,13,3
dr D FS U R ur L,6,12,72,8,3,13,3
dr D FS U ur L R,6,12,72,8,3,15,4
dr D FS U ur R L,6,12,72,8,3,17,4
dr D FS ur U L R,6,12,72,8,3,17,4
dr D FS ur U R L,6,12,72,8,3,17,4
dr D L FS R ur U,6,12,72,8,3,15,3
dr D L FS U ur R,6,12,72,8,3,15,3
dr D L FS ur R U,6,12,72,8,3,15,3
dr D L FS ur U R,6,12,72,8,3,15,3
dr D L ur FS R U,6,12,72,8,3,13,3
dr D L ur FS U R,6,12,72,8,3,13,3
dr D U FS L ur R,6,12,72,8,3,15,4
dr D U FS R ur L,6,12,72,8,3,15,4
dr D U FS ur L R,6,12,72,8,3,17,4
dr D U FS ur R L,6,12,72,8,3,19,4
dr D U R FS ur L,6,12,72,8,3,15,4
dr D U R ur FS L,6,12,72,8,3,17,4
dr D U ur FS L R,6,12,72,8,3,19,4
dr D U ur FS R L,6,12,72,8,3,19,4
dr D U ur L FS R,6,12,72,8,3,15,4
dr D U ur R FS L,6,12,72,8,3,17,4
dr D ur FS U L R,6,12,72,8,3,15,4
dr D ur FS U R L,6,12,72,8,3,15,4
dr D ur L U FS R,6,12,72,8,3,11,3
dr D ur U FS L R,6,12,72,8,3,15,4
dr D ur U FS R L,6,12,72,8,3,15,4
dr D ur U L FS R,6,12,72,8,3,13,3
dr D ur U R FS L,6,12,72,8,3,13,3
dr FS D L R ur U,6,12,72,8,3,15,4
dr FS D L U ur R,6,12,72,8,3,13,3
dr FS D L ur R U,6,12,72,8,3,11,3
dr FS D L ur U R,6,12,72,8,3,11,3
dr FS D R L ur U,6,12,72,8,3,13,4
dr FS D U L ur R,6,12,72,8,3,13,4
dr FS D U R ur L,6,12,72,8,3,13,4
dr FS D U ur L R,6,12,72,8,3,15,4
dr FS D U ur R L,6,12,72,8,3,17,4
dr FS D ur U L R,6,12,72,8,3,13,4
dr FS D ur U R L,6,12,72,8,3,13,4
dr FS L D R ur U,6,12,72,8,3,13,3
dr FS L D U ur R,6,12,72,8,3,15,4
dr FS L D ur R U,6,12,72,8,3,11,3
dr FS L D ur U R,6,12,72,8,3,11,3
dr FS L U D ur R,6,12,72,8,3,13,4
dr FS U D L ur R,6,12,72,8,3,13,4
dr FS U D R ur L,6,12,72,8,3,13,4
dr FS U D ur L R,6,12,72,8,3,13,4
dr FS U D ur R L,6,12,72,8,3,15,4
dr FS U L D ur R,6,12,72,8,3,11,3
dr FS U ur D L R,6,12,72,8,3,13,4
dr FS U ur D R L,6,12,72,8,3,13,4
dr FS ur D U L R,6,12,72,8,3,15,4
dr FS ur D U R L,6,12,72,8,3,15,4
dr FS ur U D L R,6,12,72,8,3,17,4
dr FS ur U D R L,6,12,72,8,3,17,4
dr L D FS R ur U,6,12,72,8,3,13,3
dr L D FS U ur R,6,12,72,8,3,13,3
dr L D FS ur R U,6,12,72,8,3,13,3
dr L D FS ur U R,6,12,72,8,3,13,3
dr L D ur FS R U,6,12,72,8,3,11,3
dr L D ur FS U R,6,12,72,8,3,11,3
dr L FS D R ur U,6,12,72,8,3,13,3
dr L FS D U ur R,6,12,72,8,3,15,4
dr L FS D ur R U,6,12,72,8,3,11,3
dr L FS D ur U R,6,12,72,8,3,11,3
dr L FS U D ur R,6,12,72,8,3,13,4
dr U D FS L ur R,6,12,72,8,3,13,4
dr U D FS R ur L,6,12,72,8,3,13,4
dr U D FS ur L R,6,12,72,8,3,15,4
dr U D FS ur R L,6,12,72,8,3,17,4
dr U D R FS ur L,6,12,72,8,3,13,4
dr U D R ur FS L,6,12,72,8,3,15,4
dr U D ur FS L R,6,12,72,8,3,15,4
dr U D ur FS R L,6,12,72,8,3,15,4
dr U D ur L FS R,6,12,72,8,3,11,4
dr U D ur R FS L,6,12,72,8,3,13,4
dr U FS D L ur R,6,12,72,8,3,11,3
dr U FS D R ur L,6,12,72,8,3,11,3
dr U FS D ur L R,6,12,72,8,3,11,4
dr U FS D ur R L,6,12,72,8,3,13,4
dr U FS L D ur R,6,12,72,8,3,11,3
dr U FS ur D L R,6,12,72,8,3,13,4
dr U FS ur D R L,6,12,72,8,3,13,4
dr U R D FS ur L,6,12,72,8,3,11,3
dr U R D ur FS L,6,12,72,8,3,11,3
dr U R ur D FS L,6,12,72,8,3,11,3
dr U ur D FS L R,6,12,72,8,3,13,4
dr U ur D FS R L,6,12,72,8,3,13,4
dr U ur D L FS R,6,12,72,8,3,11,3
dr U ur D R FS L,6,12,72,8,3,11,3
dr U ur FS D L R,6,12,72,8,3,15,4
dr U ur FS D R L,6,12,72,8,3,15,4
dr U ur R D FS L,6,12,72,8,3,13,3
dr ur D FS U L R,6,12,72,8,3,13,4
dr ur D FS U R L,6,12,72,8,3,13,4
dr ur D L U FS R,6,12,72,8,3,11,2
dr ur D U FS L R,6,12,72,8,3,15,4
dr ur D U FS R L,6,12,72,8,3,15,4
dr ur D U L FS R,6,12,72,8,3,13,4
dr ur D U R FS L,6,12,72,8,3,13,4
dr ur FS D U L R,6,12,72,8,3,17,4
dr ur FS D U R L,6,12,72,8,3,17,4
dr ur FS U D L R,6,12,72,8,3,17,4
dr ur FS U D R L,6,12,72,8,3,17,4
dr ur U D FS L R,6,12,72,8,3,17,4
dr ur U D FS R L,6,12,72,8,3,17,4
dr ur U D L FS R,6,12,72,8,3,15,4
dr ur U D R FS L,6,12,72,8,3,15,4
dr ur U FS D L R,6,12,72,8,3,15,4
dr ur U FS D R L,6,12,72,8,3,15,4
dr ur U R D FS L,6,12,72,8,3,13,3
FS D dr L R ur U,6,12,72,8,3,16,4
FS D dr L U ur R,6,12,72,8,3,14,3
FS D dr L ur R U,6,12,72,8,3,12,3
FS D dr L ur U R,6,12,72,8,3,12,3
FS D dr R L ur U,6,12,72,8,3,16,4
FS D dr U L ur R,6,12,72,8,3,12,3
FS D dr U R ur L,6,12,72,8,3,12,3
FS D dr U ur L R,6,12,72,8,3,14,4
FS D dr U ur R L,6,12,72,8,3,16,4
FS D dr ur U L R,6,12,72,8,3,16,4
FS D dr ur U R L,6,12,72,8,3,16,4
FS D L dr R ur U,6,12,72,8,3,14,3
FS D L dr U ur R,6,12,72,8,3,12,3
FS D L dr ur R U,6,12,72,8,3,12,3
FS D L dr ur U R,6,12,72,8,3,12,3
FS D L R dr ur U,6,12,72,8,3,16,4
FS D L R ur dr U,6,12,72,8,3,14,4
FS D L ur dr R U,6,12,72,8,3,12,3
FS D L ur dr U R,6,12,72,8,3,10,2
FS D L ur R dr U,6,12,72,8,3,12,3
FS D R dr L ur U,6,12,72,8,3,12,3
FS D R L dr ur U,6,12,72,8,3,14,4
FS D R L ur dr U,6,12,72,8,3,12,4
FS D U dr L ur R,6,12,72,8,3,12,4
FS D U dr R ur L,6,12,72,8,3,14,4
FS D U dr ur L R,6,12,72,8,3,14,4
FS D U dr ur R L,6,12,72,8,3,16,4
FS D U R dr ur L,6,12,72,8,3,14,4
FS D U R ur dr L,6,12,72,8,3,14,4
FS D U ur dr L R,6,12,72,8,3,16,4
FS D U ur dr R L,6,12,72,8,3,18,4
FS D U ur L dr R,6,12,72,8,3,14,4
FS D U ur R dr L,6,12,72,8,3,16,4
FS D ur dr U L R,6,12,72,8,3,12,4
FS D ur dr U R L,6,12,72,8,3,12,4
FS D ur L U dr R,6,12,72,8,3,10,3
FS D ur U dr L R,6,12,72,8,3,12,4
FS D ur U dr R L,6,12,72,8,3,14,4
FS D ur U L dr R,6,12,72,8,3,12,3
FS D ur U R dr L,6,12,72,8,3,12,3
FS dr D L R ur U,6,12,72,8,3,16,4
FS dr D L U ur R,6,12,72,8,3,14,3
FS dr D L ur R U,6,12,72,8,3,12,3
FS dr D L ur U R,6,12,72,8,3,12,3
FS dr D R L ur U,6,12,72,8,3,14,4
FS dr D U L ur R,6,12,72,8,3,14,4
FS dr D U R ur L,6,12,72,8,3,14,4
FS dr D U ur L R,6,12,72,8,3,16,4
FS dr D U ur R L,6,12,72,8,3,18,4
FS dr D ur U L R,6,12,72,8,3,14,4
FS dr D ur U R L,6,12,72,8,3,14,4
FS dr L D R ur U,6,12,72,8,3,12,3
FS dr L D U ur R,6,12,72,8,3,14,4
FS dr L D ur R U,6,12,72,8,3,10,3
FS dr L D ur U R,6,12,72,8,3,10,3
FS dr L U D ur R,6,12,72,8,3,12,4
FS dr U D L ur R,6,12,72,8,3,12,4
FS dr U D R ur L,6,12,72,8,3,12,4
FS dr U D ur L R,6,12,72,8,3,12,4
FS dr U D ur R L,6,12,72,8,3,14,4
FS dr U L D ur R,6,12,72,8,3,10,3
FS dr U ur D L R,6,12,72,8,3,12,4
FS dr U ur D R L,6,12,72,8,3,12,4
FS dr ur D U L R,6,12,72,8,3,14,4
FS dr ur D U R L,6,12,72,8,3,14,4
FS dr ur U D L R,6,12,72,8,3,16,4
FS dr ur U D R L,6,12,72,8,3,16,4
FS L D dr R ur U,6,12,72,8,3,16,3
FS L D dr U ur R,6,12,72,8,3,14,3
FS L D dr ur R U,6,12,72,8,3,14,3
FS L D dr ur U R,6,12,72,8,3,14,3
FS L D R dr ur U,6,12,72,8,3,14,3
FS L D R ur dr U,6,12,72,8,3,12,3
FS L D ur dr R U,6,12,72,8,3,12,3
FS L D ur dr U R,6,12,72,8,3,10,2
FS L D ur R dr U,6,12,72,8,3,12,3
FS L dr D R ur U,6,12,72,8,3,14,3
FS L dr D U ur R,6,12,72,8,3,16,4
FS L dr D ur R U,6,12,72,8,3,12,3
FS L dr D ur U R,6,12,72,8,3,12,3
FS L dr U D ur R,6,12,72,8,3,12,4
FS U D dr L ur R,6,12,72,8,3,14,4
FS U D dr R ur L,6,12,72,8,3,16,4
FS U D dr ur L R,6,12,72,8,3,16,4
FS U D dr ur R L,6,12,72,8,3,18,4
FS U D R dr ur L,6,12,72,8,3,14,4
FS U D R ur dr L,6,12,72,8,3,14,4
FS U D ur dr L R,6,12,72,8,3,14,4
FS U D ur dr R L,6,12,72,8,3,16,4
FS U D ur L dr R,6,12,72,8,3,12,4
FS U D ur R dr L,6,12,72,8,3,14,4
FS U dr D L ur R,6,12,72,8,3,12,3
FS U dr D R ur L,6,12,72,8,3,12,3
FS U dr D ur L R,6,12,72,8,3,12,4
FS U dr D ur R L,6,12,72,8,3,14,4
FS U dr L D ur R,6,12,72,8,3,10,3
FS U dr ur D L R,6,12,72,8,3,12,4
FS U dr ur D R L,6,12,72,8,3,12,4
FS U ur D dr L R,6,12,72,8,3,14,4
FS U ur D dr R L,6,12,72,8,3,16,4
FS U ur D L dr R,6,12,72,8,3,12,3
FS U ur D R dr L,6,12,72,8,3,12,3
FS U ur dr D L R,6,12,72,8,3,16,4
FS U ur dr D R L,6,12,72,8,3,16,4
FS ur D dr U L R,6,12,72,8,3,14,4
FS ur D dr U R L,6,12,72,8,3,14,4
FS ur D L U dr R,6,12,72,8,3,12,3
FS ur D U dr L R,6,12,72,8,3,14,4
FS ur D U dr R L,6,12,72,8,3,16,4
FS ur D U L dr R,6,12,72,8,3,14,4
FS ur D U R dr L,6,12,72,8,3,14,4
FS ur dr D U L R,6,12,72,8,3,18,4
FS ur dr D U R L,6,12,72,8,3,18,4
FS ur dr U D L R,6,12,72,8,3,16,4
FS ur dr U D R L,6,12,72,8,3,16,4
FS ur U D dr L R,6,12,72,8,3,18,4
FS ur U D dr R L,6,12,72,8,3,20,4
FS ur U D L dr R,6,12,72,8,3,16,4
FS ur U D R dr L,6,12,72,8,3,16,4
FS ur U dr D L R,6,12,72,8,3,16,4
FS ur U dr D R L,6,12,72,8,3,16,4
L D dr FS R ur U,6,12,72,8,3,14,3
L D dr FS U ur R,6,12,72,8,3,14,3
L D dr FS ur R U,6,12,72,8,3,14,3
L D dr FS ur U R,6,12,72,8,3,14,3
L D dr ur FS R U,6,12,72,8,3,14,3
L D dr ur FS U R,6,12,72,8,3,14,3
L D FS dr R ur U,6,12,72,8,3,14,3
L D FS dr U ur R,6,12,72,8,3,12,3
L D FS dr ur R U,6,12,72,8,3,12,3
L D FS dr ur U R,6,12,72,8,3,12,3
L D FS R dr ur U,6,12,72,8,3,14,3
L D FS R ur dr U,6,12,72,8,3,12,3
L D FS ur dr R U,6,12,72,8,3,14,3
L D FS ur dr U R,6,12,72,8,3,12,3
L D FS ur R dr U,6,12,72,8,3,14,3
L D ur dr FS R U,6,12,72,8,3,10,2
L D ur dr FS U R,6,12,72,8,3,10,2
L D ur FS dr R U,6,12,72,8,3,12,3
L D ur FS dr U R,6,12,72,8,3,10,3
L D ur FS R dr U,6,12,72,8,3,12,3
L dr D FS R ur U,6,12,72,8,3,14,3
L dr D FS U ur R,6,12,72,8,3,14,3
L dr D FS ur R U,6,12,72,8,3,14,3
L dr D FS ur U R,6,12,72,8,3,14,3
L dr D ur FS R U,6,12,72,8,3,12,3
L dr D ur FS U R,6,12,72,8,3,12,3
L dr FS D R ur U,6,12,72,8,3,12,3
L dr FS D U ur R,6,12,72,8,3,14,4
L dr FS D ur R U,6,12,72,8,3,10,3
L dr FS D ur U R,6,12,72,8,3,10,3
L dr FS U D ur R,6,12,72,8,3,12,4
L FS D dr R ur U,6,12,72,8,3,16,3
L FS D dr U ur R,6,12,72,8,3,14,3
L FS D dr ur R U,6,12,72,8,3,14,3
L FS D dr ur U R,6,12,72,8,3,14,3
L FS D R dr ur U,6,12,72,8,3,14,3
L FS D R ur dr U,6,12,72,8,3,12,3
L FS D ur dr R U,6,12,72,8,3,12,3
L FS D ur dr U R,6,12,72,8,3,10,2
L FS D ur R dr U,6,12,72,8,3,12,3
L FS dr D R ur U,6,12,72,8,3,14,3
L FS dr D U ur R,6,12,72,8,3,16,4
L FS dr D ur R U,6,12,72,8,3,12,3
L FS dr D ur U R,6,12,72,8,3,12,3
L FS dr U D ur R,6,12,72,8,3,12,4
U D dr FS L ur R,6,12,72,8,3,14,4
U D dr FS R ur L,6,12,72,8,3,14,4
U D dr FS ur L R,6,12,72,8,3,16,4
U D dr FS ur R L,6,12,72,8,3,18,4
U D dr R FS ur L,6,12,72,8,3,16,4
U D dr R ur FS L,6,12,72,8,3,18,4
U D dr ur FS L R,6,12,72,8,3,18,4
U D dr ur FS R L,6,12,72,8,3,18,4
U D dr ur L FS R,6,12,72,8,3,14,4
U D dr ur R FS L,6,12,72,8,3,16,4
U D FS dr L ur R,6,12,72,8,3,12,4
U D FS dr R ur L,6,12,72,8,3,14,4
U D FS dr ur L R,6,12,72,8,3,14,4
U D FS dr ur R L,6,12,72,8,3,16,4
U D FS R dr ur L,6,12,72,8,3,14,4
U D FS R ur dr L,6,12,72,8,3,14,4
U D FS ur dr L R,6,12,72,8,3,16,4
U D FS ur dr R L,6,12,72,8,3,18,4
U D FS ur L dr R,6,12,72,8,3,14,4
U D FS ur R dr L,6,12,72,8,3,16,4
U D R dr FS ur L,6,12,72,8,3,14,4
U D R dr ur FS L,6,12,72,8,3,16,4
U D R FS dr ur L,6,12,72,8,3,12,4
U D R FS ur dr L,6,12,72,8,3,14,4
U D R ur dr FS L,6,12,72,8,3,14,4
U D R ur FS dr L,6,12,72,8,3,14,4
U D ur dr FS L R,6,12,72,8,3,14,4
U D ur dr FS R L,6,12,72,8,3,14,4
U D ur dr L FS R,6,12,72,8,3,12,4
U D ur dr R FS L,6,12,72,8,3,14,4
U D ur FS dr L R,6,12,72,8,3,14,4
U D ur FS dr R L,6,12,72,8,3,16,4
U D ur FS L dr R,6,12,72,8,3,14,4
U D ur FS R dr L,6,12,72,8,3,14,4
U D ur L dr FS R,6,12,72,8,3,10,4
U D ur L FS dr R,6,12,72,8,3,12,4
U D ur R dr FS L,6,12,72,8,3,14,4
U D ur R FS dr L,6,12,72,8,3,12,4
U dr D FS L ur R,6,12,72,8,3,12,3
U dr D FS R ur L,6,12,72,8,3,12,3
U dr D FS ur L R,6,12,72,8,3,14,4
U dr D FS ur R L,6,12,72,8,3,16,4
U dr D R FS ur L,6,12,72,8,3,12,3
U dr D R ur FS L,6,12,72,8,3,14,3
U dr D ur FS L R,6,12,72,8,3,14,4
U dr D ur FS R L,6,12,72,8,3,14,4
U dr D ur L FS R,6,12,72,8,3,10,3
U dr D ur R FS L,6,12,72,8,3,12,3
U dr FS D L ur R,6,12,72,8,3,10,3
U dr FS D R ur L,6,12,72,8,3,10,3
U dr FS D ur L R,6,12,72,8,3,10,4
U dr FS D ur R L,6,12,72,8,3,12,4
U dr FS L D ur R,6,12,72,8,3,10,3
U dr FS ur D L R,6,12,72,8,3,12,4
U dr FS ur D R L,6,12,72,8,3,12,4
U dr R D FS ur L,6,12,72,8,3,12,3
U dr R D ur FS L,6,12,72,8,3,12,3
U dr R ur D FS L,6,12,72,8,3,12,3
U dr ur D FS L R,6,12,72,8,3,12,4
U dr ur D FS R L,6,12,72,8,3,12,4
U dr ur D L FS R,6,12,72,8,3,10,2
U dr ur D R FS L,6,12,72,8,3,10,2
U dr ur FS D L R,6,12,72,8,3,14,4
U dr ur FS D R L,6,12,72,8,3,14,4
U dr ur R D FS L,6,12,72,8,3,12,3
U FS D dr L ur R,6,12,72,8,3,12,3
U FS D dr R ur L,6,12,72,8,3,14,3
U FS D dr ur L R,6,12,72,8,3,14,4
U FS D dr ur R L,6,12,72,8,3,16,4
U FS D R dr ur L,6,12,72,8,3,12,3
U FS D R ur dr L,6,12,72,8,3,12,3
U FS D ur dr L R,6,12,72,8,3,12,4
U FS D ur dr R L,6,12,72,8,3,14,4
U FS D ur L dr R,6,12,72,8,3,10,3
U FS D ur R dr L,6,12,72,8,3,12,3
U FS dr D L ur R,6,12,72,8,3,12,3
U FS dr D R ur L,6,12,72,8,3,12,3
U FS dr D ur L R,6,12,72,8,3,12,4
U FS dr D ur R L,6,12,72,8,3,14,4
U FS dr L D ur R,6,12,72,8,3,10,3
U FS dr ur D L R,6,12,72,8,3,12,4
U FS dr ur D R L,6,12,72,8,3,12,4
U FS ur D dr L R,6,12,72,8,3,14,4
U FS ur D dr R L,6,12,72,8,3,16,4
U FS ur D L dr R,6,12,72,8,3,12,3
U FS ur D R dr L,6,12,72,8,3,12,3
U FS ur dr D L R,6,12,72,8,3,16,4
U FS ur dr D R L,6,12,72,8,3,16,4
U R D dr FS ur L,6,12,72,8,3,12,3
U R D dr ur FS L,6,12,72,8,3,14,3
U R D FS dr ur L,6,12,72,8,3,10,2
U R D FS ur dr L,6,12,72,8,3,12,3
U R D ur dr FS L,6,12,72,8,3,10,2
U R D ur FS dr L,6,12,72,8,3,10,3
U R dr D FS ur L,6,12,72,8,3,14,3
U R dr D ur FS L,6,12,72,8,3,14,3
U R dr ur D FS L,6,12,72,8,3,12,3
U R ur D dr FS L,6,12,72,8,3,12,3
U R ur D FS dr L,6,12,72,8,3,10,3
U R ur dr D FS L,6,12,72,8,3,14,3
U ur D dr FS L R,6,12,72,8,3,14,4
U ur D dr FS R L,6,12,72,8,3,14,4
U ur D dr L FS R,6,12,72,8,3,12,3
U ur D dr R FS L,6,12,72,8,3,14,3
U ur D FS dr L R,6,12,72,8,3,12,4
U ur D FS dr R L,6,12,72,8,3,14,4
U ur D FS L dr R,6,12,72,8,3,12,3
U ur D FS R dr L,6,12,72,8,3,12,3
U ur D L dr FS R,6,12,72,8,3,10,3
U ur D L FS dr R,6,12,72,8,3,12,3
U ur D R dr FS L,6,12,72,8,3,12,3
U ur D R FS dr L,6,12,72,8,3,10,3
U ur dr D FS L R,6,12,72,8,3,16,4
U ur dr D FS R L,6,12,72,8,3,16,4
U ur dr D L FS R,6,12,72,8,3,14,3
U ur dr D R FS L,6,12,72,8,3,14,3
U ur dr FS D L R,6,12,72,8,3,14,4
U ur dr FS D R L,6,12,72,8,3,14,4
U ur dr R D FS L,6,12,72,8,3,14,3
U ur FS D dr L R,6,12,72,8,3,16,4
U ur FS D dr R L,6,12,72,8,3,18,4
U ur FS D L dr R,6,12,72,8,3,14,3
U ur FS D R dr L,6,12,72,8,3,14,3
U ur FS dr D L R,6,12,72,8,3,16,4
U ur FS dr D R L,6,12,72,8,3,16,4
U ur R D dr FS L,6,12,72,8,3,14,3
U ur R D FS dr L,6,12,72,8,3,12,3
U ur R dr D FS L,6,12,72,8,3,16,3
ur D dr FS U L R,6,12,72,8,3,13,4
ur D dr FS U R L,6,12,72,8,3,13,4
ur D dr L U FS R,6,12,72,8,3,11,3
ur D dr U FS L R,6,12,72,8,3,13,4
ur D dr U FS R L,6,12,72,8,3,13,4
ur D dr U L FS R,6,12,72,8,3,11,3
ur D dr U R FS L,6,12,72,8,3,11,3
ur D FS dr U L R,6,12,72,8,3,11,4
ur D FS dr U R L,6,12,72,8,3,11,4
ur D FS L U dr R,6,12,72,8,3,11,3
ur D FS U dr L R,6,12,72,8,3,11,4
ur D FS U dr R L,6,12,72,8,3,13,4
ur D FS U L dr R,6,12,72,8,3,11,3
ur D FS U R dr L,6,12,72,8,3,11,3
ur D L dr U FS R,6,12,72,8,3,9,2
ur D L FS U dr R,6,12,72,8,3,11,3
ur D L U dr FS R,6,12,72,8,3,9,2
ur D L U FS dr R,6,12,72,8,3,11,3
ur D U dr FS L R,6,12,72,8,3,13,4
ur D U dr FS R L,6,12,72,8,3,13,4
ur D U dr L FS R,6,12,72,8,3,11,4
ur D U dr R FS L,6,12,72,8,3,13,4
ur D U FS dr L R,6,12,72,8,3,13,4
ur D U FS dr R L,6,12,72,8,3,15,4
ur D U FS L dr R,6,12,72,8,3,13,4
ur D U FS R dr L,6,12,72,8,3,13,4
ur D U L dr FS R,6,12,72,8,3,11,4
ur D U L FS dr R,6,12,72,8,3,13,4
ur D U R dr FS L,6,12,72,8,3,13,4
ur D U R FS dr L,6,12,72,8,3,11,4
ur dr D FS U L R,6,12,72,8,3,15,4
ur dr D FS U R L,6,12,72,8,3,15,4
ur dr D L U FS R,6,12,72,8,3,13,3
ur dr D U FS L R,6,12,72,8,3,17,4
ur dr D U FS R L,6,12,72,8,3,17,4
ur dr D U L FS R,6,12,72,8,3,15,4
ur dr D U R FS L,6,12,72,8,3,15,4
ur dr FS D U L R,6,12,72,8,3,15,4
ur dr FS D U R L,6,12,72,8,3,15,4
ur dr FS U D L R,6,12,72,8,3,15,4
ur dr FS U D R L,6,12,72,8,3,15,4
ur dr U D FS L R,6,12,72,8,3,15,4
ur dr U D FS R L,6,12,72,8,3,15,4
ur dr U D L FS R,6,12,72,8,3,13,4
ur dr U D R FS L,6,12,72,8,3,13,4
ur dr U FS D L R,6,12,72,8,3,13,4
ur dr U FS D R L,6,12,72,8,3,13,4
ur dr U R D FS L,6,12,72,8,3,11,2
ur FS D dr U L R,6,12,72,8,3,15,4
ur FS D dr U R L,6,12,72,8,3,15,4
ur FS D L U dr R,6,12,72,8,3,13,3
ur FS D U dr L R,6,12,72,8,3,15,4
ur FS D U dr R L,6,12,72,8,3,17,4
ur FS D U L dr R,6,12,72,8,3,15,4
ur FS D U R dr L,6,12,72,8,3,15,4
ur FS dr D U L R,6,12,72,8,3,17,4
ur FS dr D U R L,6,12,72,8,3,17,4
ur FS dr U D L R,6,12,72,8,3,15,4
ur FS dr U D R L,6,12,72,8,3,15,4
ur FS U D dr L R,6,12,72,8,3,17,4
ur FS U D dr R L,6,12,72,8,3,19,4
ur FS U D L dr R,6,12,72,8,3,15,4
ur FS U D R dr L,6,12,72,8,3,15,4
ur FS U dr D L R,6,12,72,8,3,15,4
ur FS U dr D R L,6,12,72,8,3,15,4
ur U D dr FS L R,6,12,72,8,3,17,4
ur U D dr FS R L,6,12,72,8,3,17,4
ur U D dr L FS R,6,12,72,8,3,15,4
ur U D dr R FS L,6,12,72,8,3,17,4
ur U D FS dr L R,6,12,72,8,3,15,4
ur U D FS dr R L,6,12,72,8,3,17,4
ur U D FS L dr R,6,12,72,8,3,15,4
ur U D FS R dr L,6,12,72,8,3,15,4
ur U D L dr FS R,6,12,72,8,3,13,4
ur U D L FS dr R,6,12,72,8,3,15,4
ur U D R dr FS L,6,12,72,8,3,15,4
ur U D R FS dr L,6,12,72,8,3,13,4
ur U dr D FS L R,6,12,72,8,3,15,4
ur U dr D FS R L,6,12,72,8,3,15,4
ur U dr D L FS R,6,12,72,8,3,13,3
ur U dr D R FS L,6,12,72,8,3,13,3
ur U dr FS D L R,6,12,72,8,3,13,4
ur U dr FS D R L,6,12,72,8,3,13,4
ur U dr R D FS L,6,12,72,8,3,13,3
ur U FS D dr L R,6,12,72,8,3,15,4
ur U FS D dr R L,6,12,72,8,3,17,4
ur U FS D L dr R,6,12,72,8,3,13,3
ur U FS D R dr L,6,12,72,8,3,13,3
ur U FS dr D L R,6,12,72,8,3,15,4
ur U FS dr D R L,6,12,72,8,3,15,4
ur U R D dr FS L,6,12,72,8,3,13,3
ur U R D FS dr L,6,12,72,8,3,11,3
ur U R dr D FS L,6,12,72,8,3,15,3
D dr L R FS ur U,2,12,74,9,3,16,4
D dr L R ur FS U,2,12,74,9,3,16,4
D dr L ur R FS U,2,12,74,9,3,12,3
D dr R FS L ur U,2,12,74,9,3,14,3
D dr R L FS ur U,2,12,74,9,3,18,4
D dr R L ur FS U,2,12,74,9,3,16,4
D L dr R FS ur U,2,12,74,9,3,14,3
D L dr R ur FS U,2,12,74,9,3,14,3
D L dr ur R FS U,2,12,74,9,3,12,3
D L R dr FS ur U,2,12,74,9,3,16,4
D L R dr ur FS U,2,12,74,9,3,16,4
D L R FS dr ur U,2,12,74,9,3,14,4
D L R FS ur dr U,2,12,74,9,3,14,4
D L R ur dr FS U,2,12,74,9,3,14,4
D L R ur FS dr U,2,12,74,9,3,14,4
D L ur dr R FS U,2,12,74,9,3,12,3
D L ur R dr FS U,2,12,74,9,3,12,3
D L ur R FS dr U,2,12,74,9,3,10,3
D R dr FS L ur U,2,12,74,9,3,12,3
D R dr L FS ur U,2,12,74,9,3,14,3
D R dr L ur FS U,2,12,74,9,3,12,3
D R FS dr L ur U,2,12,74,9,3,10,3
D R FS L dr ur U,2,12,74,9,3,12,3
D R FS L ur dr U,2,12,74,9,3,10,2
D R L dr FS ur U,2,12,74,9,3,14,4
D R L dr ur FS U,2,12,74,9,3,14,4
D R L FS dr ur U,2,12,74,9,3,14,4
D R L FS ur dr U,2,12,74,9,3,14,4
D R L ur dr FS U,2,12,74,9,3,12,4
D R L ur FS dr U,2,12,74,9,3,12,4
dr D L R FS ur U,2,12,74,9,3,17,4
dr D L R ur FS U,2,12,74,9,3,17,4
dr D L ur R FS U,2,12,74,9,3,13,3
dr D R FS L ur U,2,12,74,9,3,13,3
dr D R L FS ur U,2,12,74,9,3,17,4
dr D R L ur FS U,2,12,74,9,3,15,4
dr L D R FS ur U,2,12,74,9,3,13,3
dr L D R ur FS U,2,12,74,9,3,13,3
dr L D ur R FS U,2,12,74,9,3,11,3
dr L R D FS ur U,2,12,74,9,3,15,4
dr L R D ur FS U,2,12,74,9,3,13,4
dr R D FS L ur U,2,12,74,9,3,13,3
dr R D L FS ur U,2,12,74,9,3,15,3
dr R D L ur FS U,2,12,74,9,3,13,3
dr R L D FS ur U,2,12,74,9,3,17,4
dr R L D ur FS U,2,12,74,9,3,15,4
L D dr R FS ur U,2,12,74,9,3,16,3
L D dr R ur FS U,2,12,74,9,3,16,3
L D dr ur R FS U,2,12,74,9,3,14,3
L D R dr FS ur U,2,12,74,9,3,14,3
L D R dr ur FS U,2,12,74,9,3,14,3
L D R FS dr ur U,2,12,74,9,3,12,3
L D R FS ur dr U,2,12,74,9,3,12,3
L D R ur dr FS U,2,12,74,9,3,12,3
L D R ur FS dr U,2,12,74,9,3,12,3
L D ur dr R FS U,2,12,74,9,3,12,3
L D ur R dr FS U,2,12,74,9,3,12,3
L D ur R FS dr U,2,12,74,9,3,10,3
L dr D R FS ur U,2,12,74,9,3,14,3
L dr D R ur FS U,2,12,74,9,3,14,3
L dr D ur R FS U,2,12,74,9,3,12,3
L dr R D FS ur U,2,12,74,9,3,14,3
L dr R D ur FS U,2,12,74,9,3,12,3
L R D dr FS ur U,2,12,74,9,3,16,4
L R D dr ur FS U,2,12,74,9,3,16,4
L R D FS dr ur U,2,12,74,9,3,14,4
L R D FS ur dr U,2,12,74,9,3,14,4
L R D ur dr FS U,2,12,74,9,3,12,4
L R D ur FS dr U,2,12,74,9,3,12,4
L R dr D FS ur U,2,12,74,9,3,18,4
L R dr D ur FS U,2,12,74,9,3,16,4
R D dr FS L ur U,2,12,74,9,3,12,3
R D dr L FS ur U,2,12,74,9,3,14,3
R D dr L ur FS U,2,12,74,9,3,12,3
R D FS dr L ur U,2,12,74,9,3,10,3
R D FS L dr ur U,2,12,74,9,3,12,3
R D FS L ur dr U,2,12,74,9,3,10,2
R D L dr FS ur U,2,12,74,9,3,12,3
R D L dr ur FS U,2,12,74,9,3,12,3
R D L FS dr ur U,2,12,74,9,3,12,3
R D L FS ur dr U,2,12,74,9,3,12,3
R D L ur dr FS U,2,12,74,9,3,10,2
R D L ur FS dr U,2,12,74,9,3,10,3
R dr D FS L ur U,2,12,74,9,3,14,3
R dr D L FS ur U,2,12,74,9,3,16,3
R dr D L ur FS U,2,12,74,9,3,14,3
R dr L D FS ur U,2,12,74,9,3,14,3
R dr L D ur FS U,2,12,74,9,3,12,3
R L D dr FS ur U,2,12,74,9,3,16,4
R L D dr ur FS U,2,12,74,9,3,16,4
R L D FS dr ur U,2,12,74,9,3,14,4
R L D FS ur dr U,2,12,74,9,3,14,4
R L D ur dr FS U,2,12,74,9,3,12,4
R L D ur FS dr U,2,12,74,9,3,12,4
R L dr D FS ur U,2,12,74,9,3,16,4
R L dr D ur FS U,2,12,74,9,3,14,4
D dr L U FS ur R,6,12,78,9,3,14,3
D dr L U ur FS R,6,12,78,9,3,14,3
D dr L ur U FS R,6,12,78,9,3,12,3
D dr U L FS ur R,6,12,78,9,3,14,3
D dr U L ur FS R,6,12,78,9,3,12,3
D FS L U dr ur R,6,12,78,9,3,12,3
D FS L U ur dr R,6,12,78,9,3,14,3
D FS L ur U dr R,6,12,78,9,3,12,3
D FS U L dr ur R,6,12,78,9,3,12,3
D FS U L ur dr R,6,12,78,9,3,12,3
D L dr U FS ur R,6,12,78,9,3,12,3
D L dr U ur FS R,6,12,78,9,3,12,3
D L dr ur U FS R,6,12,78,9,3,12,3
D L FS U dr ur R,6,12,78,9,3,12,3
D L FS U ur dr R,6,12,78,9,3,14,3
D L FS ur U dr R,6,12,78,9,3,14,3
D L U dr FS ur R,6,12,78,9,3,12,3
D L U dr ur FS R,6,12,78,9,3,12,3
D L U FS dr ur R,6,12,78,9,3,12,3
D L U FS ur dr R,6,12,78,9,3,14,3
D L U ur dr FS R,6,12,78,9,3,12,3
D L U ur FS dr R,6,12,78,9,3,14,3
D L ur dr U FS R,6,12,78,9,3,10,2
D L ur FS U dr R,6,12,78,9,3,12,3
D L ur U dr FS R,6,12,78,9,3,10,3
D L ur U FS dr R,6,12,78,9,3,12,3
D U dr L FS ur R,6,12,78,9,3,14,4
D U dr L ur FS R,6,12,78,9,3,12,4
D U FS L dr ur R,6,12,78,9,3,14,4
D U FS L ur dr R,6,12,78,9,3,14,4
D U L dr FS ur R,6,12,78,9,3,14,4
D U L dr ur FS R,6,12,78,9,3,14,4
D U L FS dr ur R,6,12,78,9,3,14,4
D U L FS ur dr R,6,12,78,9,3,16,4
D U L ur dr FS R,6,12,78,9,3,12,4
D U L ur FS dr R,6,12,78,9,3,14,4
dr D L U FS ur R,6,12,78,9,3,15,3
dr D L U ur FS R,6,12,78,9,3,15,3
dr D L ur U FS R,6,12,78,9,3,13,3
dr D U L FS ur R,6,12,78,9,3,17,4
dr D U L ur FS R,6,12,78,9,3,15,4
dr L D U FS ur R,6,12,78,9,3,15,4
dr L D U ur FS R,6,12,78,9,3,15,4
dr L D ur U FS R,6,12,78,9,3,11,3
dr L U D FS ur R,6,12,78,9,3,15,4
dr L U D ur FS R,6,12,78,9,3,13,4
dr L U FS D ur R,6,12,78,9,3,11,3
dr U D L FS ur R,6,12,78,9,3,15,4
dr U D L ur FS R,6,12,78,9,3,13,4
dr U L D FS ur R,6,12,78,9,3,13,3
dr U L D ur FS R,6,12,78,9,3,11,3
dr U L FS D ur R,6,12,78,9,3,11,3
FS D L U dr ur R,6,12,78,9,3,12,3
FS D L U ur dr R,6,12,78,9,3,14,3
FS D L ur U dr R,6,12,78,9,3,12,3
FS D U L dr ur R,6,12,78,9,3,14,4
FS D U L ur dr R,6,12,78,9,3,14,4
FS L D U dr ur R,6,12,78,9,3,14,4
FS L D U ur dr R,6,12,78,9,3,16,4
FS L D ur U dr R,6,12,78,9,3,12,3
FS L U D dr ur R,6,12,78,9,3,16,4
FS L U D ur dr R,6,12,78,9,3,14,4
FS L U dr D ur R,6,12,78,9,3,12,3
FS U D L dr ur R,6,12,78,9,3,14,4
FS U D L ur dr R,6,12,78,9,3,14,4
FS U L D dr ur R,6,12,78,9,3,14,3
FS U L D ur dr R,6,12,78,9,3,12,3
FS U L dr D ur R,6,12,78,9,3,12,3
L D dr U FS ur R,6,12,78,9,3,14,3
L D dr U ur FS R,6,12,78,9,3,14,3
L D dr ur U FS R,6,12,78,9,3,14,3
L D FS U dr ur R,6,12,78,9,3,12,3
L D FS U ur dr R,6,12,78,9,3,14,3
L D FS ur U dr R,6,12,78,9,3,14,3
L D U dr FS ur R,6,12,78,9,3,14,4
L D U dr ur FS R,6,12,78,9,3,14,4
L D U FS dr ur R,6,12,78,9,3,14,4
L D U FS ur dr R,6,12,78,9,3,16,4
L D U ur dr FS R,6,12,78,9,3,14,4
L D U ur FS dr R,6,12,78,9,3,16,4
L D ur dr U FS R,6,12,78,9,3,10,2
L D ur FS U dr R,6,12,78,9,3,12,3
L D ur U dr FS R,6,12,78,9,3,10,3
L D ur U FS dr R,6,12,78,9,3,12,3
L dr D U FS ur R,6,12,78,9,3,16,4
L dr D U ur FS R,6,12,78,9,3,16,4
L dr D ur U FS R,6,12,78,9,3,12,3
L dr U D FS ur R,6,12,78,9,3,14,4
L dr U D ur FS R,6,12,78,9,3,12,4
L dr U FS D ur R,6,12,78,9,3,10,3
L FS D U dr ur R,6,12,78,9,3,14,4
L FS D U ur dr R,6,12,78,9,3,16,4
L FS D ur U dr R,6,12,78,9,3,12,3
L FS U D dr ur R,6,12,78,9,3,16,4
L FS U D ur dr R,6,12,78,9,3,14,4
L FS U dr D ur R,6,12,78,9,3,12,3
L U D dr FS ur R,6,12,78,9,3,16,4
L U D dr ur FS R,6,12,78,9,3,16,4
L U D FS dr ur R,6,12,78,9,3,14,4
L U D FS ur dr R,6,12,78,9,3,16,4
L U D ur dr FS R,6,12,78,9,3,12,4
L U D ur FS dr R,6,12,78,9,3,14,4
L U dr D FS ur R,6,12,78,9,3,14,3
L U dr D ur FS R,6,12,78,9,3,12,3
L U dr FS D ur R,6,12,78,9,3,10,3
L U FS D dr ur R,6,12,78,9,3,14,3
L U FS D ur dr R,6,12,78,9,3,12,3
L U FS dr D ur R,6,12,78,9,3,12,3
U D dr L FS ur R,6,12,78,9,3,16,4
U D dr L ur FS R,6,12,78,9,3,14,4
U D FS L dr ur R,6,12,78,9,3,14,4
U D FS L ur dr R,6,12,78,9,3,14,4
U D L dr FS ur R,6,12,78,9,3,14,4
U D L dr ur FS R,6,12,78,9,3,14,4
U D L FS dr ur R,6,12,78,9,3,14,4
U D L FS ur dr R,6,12,78,9,3,16,4
U D L ur dr FS R,6,12,78,9,3,12,4
U D L ur FS dr R,6,12,78,9,3,14,4
U dr D L FS ur R,6,12,78,9,3,14,3
U dr D L ur FS R,6,12,78,9,3,12,3
U dr L D FS ur R,6,12,78,9,3,12,3
U dr L D ur FS R,6,12,78,9,3,10,3
U dr L FS D ur R,6,12,78,9,3,10,3
U FS D L dr ur R,6,12,78,9,3,12,3
U FS D L ur dr R,6,12,78,9,3,12,3
U FS L D dr ur R,6,12,78,9,3,14,3
U FS L D ur dr R,6,12,78,9,3,12,3
U FS L dr D ur R,6,12,78,9,3,12,3
U L D dr FS ur R,6,12,78,9,3,14,3
U L D dr ur FS R,6,12,78,9,3,14,3
U L D FS dr ur R,6,12,78,9,3,12,3
U L D FS ur dr R,6,12,78,9,3,14,3
U L D ur dr FS R,6,12,78,9,3,10,2
U L D ur FS dr R,6,12,78,9,3,12,3
U L dr D FS ur R,6,12,78,9,3,14,3
U L dr D ur FS R,6,12,78,9,3,12,3
U L dr FS D ur R,6,12,78,9,3,10,3
U L FS D dr ur R,6,12,78,9,3,14,3
U L FS D ur dr R,6,12,78,9,3,12,3
U L FS dr D ur R,6,12,78,9,3,12,3
