order,min_memo,max_memo,sum_memo,memorized,d_moves,pin_changes,max_pin_changes
FS U L R ul D ur,2,11,38,5,2,11,4
FS U L R ur D ul,2,11,38,5,2,13,4
FS U L ul R D ur,2,11,38,5,2,11,3
FS U L ur D R ul,2,11,38,5,2,9,2
FS U L ur R D ul,2,11,38,5,2,11,3
FS U R L ul D ur,2,11,38,5,2,13,4
FS U R L ur D ul,2,11,38,5,2,11,4
FS U R ul D L ur,2,11,38,5,2,9,2
FS U R ul L D ur,2,11,38,5,2,11,3
FS U R ur L D ul,2,11,38,5,2,11,3
FS U ul L R D ur,2,11,38,5,2,15,4
FS U ul R D L ur,2,11,38,5,2,11,3
FS U ul R L D ur,2,11,38,5,2,13,4
FS U ur L D R ul,2,11,38,5,2,11,3
FS U ur L R D ul,2,11,38,5,2,13,4
FS U ur R L D ul,2,11,38,5,2,15,4
FS ul U L R D ur,2,11,38,5,2,13,4
FS ul U R D L ur,2,11,38,5,2,11,3
FS ul U R L D ur,2,11,38,5,2,13,4
FS ur U L D R ul,2,11,38,5,2,13,3
FS ur U L R D ul,2,11,38,5,2,15,4
FS ur U R L D ul,2,11,38,5,2,15,4
U FS L R ul D ur,2,11,38,5,2,11,4
U FS L R ur D ul,2,11,38,5,2,13,4
U FS L ul R D ur,2,11,38,5,2,11,3
U FS L ur D R ul,2,11,38,5,2,9,2
U FS L ur R D ul,2,11,38,5,2,11,3
U FS R L ul D ur,2,11,38,5,2,13,4
U FS R L ur D ul,2,11,38,5,2,11,4
U FS R ul D L ur,2,11,38,5,2,9,2
U FS R ul L D ur,2,11,38,5,2,11,3
U FS R ur L D ul,2,11,38,5,2,11,3
U FS ul L R D ur,2,11,38,5,2,13,4
U FS ul R D L ur,2,11,38,5,2,9,2
U FS ul R L D ur,2,11,38,5,2,11,4
U FS ur L D R ul,2,11,38,5,2,11,3
U FS ur L R D ul,2,11,38,5,2,13,4
U FS ur R L D ul,2,11,38,5,2,15,4
U R FS L ul D ur,2,11,38,5,2,11,3
U R FS L ur D ul,2,11,38,5,2,9,2
U R FS ul D L ur,2,11,38,5,2,9,2
U R FS ul L D ur,2,11,38,5,2,11,3
U R FS ur L D ul,2,11,38,5,2,11,3
U R ul FS D L ur,2,11,38,5,2,9,2
U R ul FS L D ur,2,11,38,5,2,9,2
U R ur FS L D ul,2,11,38,5,2,13,3
U ul FS L R D ur,2,11,38,5,2,13,4
U ul FS R D L ur,2,11,38,5,2,11,3
U ul FS R L D ur,2,11,38,5,2,13,4
U ul R FS D L ur,2,11,38,5,2,11,3
U ul R FS L D ur,2,11,38,5,2,11,3
U ur FS L D R ul,2,11,38,5,2,13,3
U ur FS L R D ul,2,11,38,5,2,15,4
U ur FS R L D ul,2,11,38,5,2,15,4
U ur R FS L D ul,2,11,38,5,2,13,3
ul FS U L R D ur,2,11,38,5,2,12,4
ul FS U R D L ur,2,11,38,5,2,10,2
ul FS U R L D ur,2,11,38,5,2,12,4
ul U FS L R D ur,2,11,38,5,2,14,4
ul U FS R D L ur,2,11,38,5,2,12,3
ul U FS R L D ur,2,11,38,5,2,14,4
ul U R FS D L ur,2,11,38,5,2,12,3
ul U R FS L D ur,2,11,38,5,2,12,3
ur FS U L D R ul,2,11,38,5,2,12,3
ur FS U L R D ul,2,11,38,5,2,14,4
ur FS U R L D ul,2,11,38,5,2,14,4
ur U FS L D R ul,2,11,38,5,2,12,3
ur U FS L R D ul,2,11,38,5,2,14,4
ur U FS R L D ul,2,11,38,5,2,14,4
ur U R FS L D ul,2,11,38,5,2,12,3
D FS ul R U L ur,6,11,42,5,2,9,2
D FS ur L U R ul,6,11,42,5,2,11,3
D ul FS R U L ur,6,11,42,5,2,9,2
D ur FS L U R ul,6,11,42,5,2,11,3
D ur L FS U R ul,6,11,42,5,2,9,2
FS D ul R U L ur,6,11,42,5,2,9,2
FS D ur L U R ul,6,11,42,5,2,9,2
FS R U L ul D ur,6,11,42,5,2,11,3
FS R U L ur D ul,6,11,42,5,2,9,2
FS R U ul D L ur,6,11,42,5,2,11,3
FS R U ul L D ur,6,11,42,5,2,13,3
FS R U ur L D ul,6,11,42,5,2,11,3
FS R ul D U L ur,6,11,42,5,2,11,4
FS R ul U D L ur,6,11,42,5,2,13,4
FS R ul U L D ur,6,11,42,5,2,11,3
FS R ur U L D ul,6,11,42,5,2,13,3
FS ul D R U L ur,6,11,42,5,2,9,2
FS ul R D U L ur,6,11,42,5,2,11,4
FS ul R U D L ur,6,11,42,5,2,11,4
FS ul R U L D ur,6,11,42,5,2,9,2
FS ur D L U R ul,6,11,42,5,2,11,3
FS ur R U L D ul,6,11,42,5,2,13,3
R FS U L ul D ur,6,11,42,5,2,11,3
R FS U L ur D ul,6,11,42,5,2,9,2
R FS U ul D L ur,6,11,42,5,2,11,3
R FS U ul L D ur,6,11,42,5,2,13,3
R FS U ur L D ul,6,11,42,5,2,11,3
R FS ul D U L ur,6,11,42,5,2,11,4
R FS ul U D L ur,6,11,42,5,2,13,4
R FS ul U L D ur,6,11,42,5,2,11,3
R FS ur U L D ul,6,11,42,5,2,13,3
R U FS L ul D ur,6,11,42,5,2,11,3
R U FS L ur D ul,6,11,42,5,2,9,2
R U FS ul D L ur,6,11,42,5,2,9,2
R U FS ul L D ur,6,11,42,5,2,11,3
R U FS ur L D ul,6,11,42,5,2,11,3
R U ul FS D L ur,6,11,42,5,2,11,3
R U ul FS L D ur,6,11,42,5,2,11,3
R U ur FS L D ul,6,11,42,5,2,13,3
R ul FS D U L ur,6,11,42,5,2,11,4
R ul FS U D L ur,6,11,42,5,2,11,4
R ul FS U L D ur,6,11,42,5,2,9,2
R ul U FS D L ur,6,11,42,5,2,11,3
R ul U FS L D ur,6,11,42,5,2,11,3
R ur FS U L D ul,6,11,42,5,2,13,3
R ur U FS L D ul,6,11,42,5,2,13,3
ul D FS R U L ur,6,11,42,5,2,10,2
ul FS D R U L ur,6,11,42,5,2,10,2
ul FS R D U L ur,6,11,42,5,2,12,4
ul FS R U D L ur,6,11,42,5,2,12,4
ul FS R U L D ur,6,11,42,5,2,10,2
ul R FS D U L ur,6,11,42,5,2,12,4
ul R FS U D L ur,6,11,42,5,2,12,4
ul R FS U L D ur,6,11,42,5,2,10,2
ul R U FS D L ur,6,11,42,5,2,10,2
ul R U FS L D ur,6,11,42,5,2,10,2
ur D FS L U R ul,6,11,42,5,2,10,2
ur D L FS U R ul,6,11,42,5,2,10,2
ur FS D L U R ul,6,11,42,5,2,12,3
ur FS R U L D ul,6,11,42,5,2,12,3
ur R FS U L D ul,6,11,42,5,2,12,3
ur R U FS L D ul,6,11,42,5,2,12,3
D FS U L R ul ur,2,11,44,6,2,13,4
D FS U L R ur ul,2,11,44,6,2,15,4
D FS U L ul R ur,2,11,44,6,2,13,3
D FS U L ur R ul,2,11,44,6,2,11,3
D FS U R L ul ur,2,11,44,6,2,15,4
D FS U R L ur ul,2,11,44,6,2,13,4
D FS U R ul L ur,2,11,44,6,2,11,3
D FS U R ur L ul,2,11,44,6,2,13,3
D FS U ul L R ur,2,11,44,6,2,17,4
D FS U ul R L ur,2,11,44,6,2,13,4
D FS U ur L R ul,2,11,44,6,2,13,4
D FS U ur R L ul,2,11,44,6,2,17,4
D FS ul U L R ur,2,11,44,6,2,15,4
D FS ul U R L ur,2,11,44,6,2,13,4
D FS ur U L R ul,2,11,44,6,2,15,4
D FS ur U R L ul,2,11,44,6,2,17,4
D U FS L R ul ur,2,11,44,6,2,15,4
D U FS L R ur ul,2,11,44,6,2,17,4
D U FS L ul R ur,2,11,44,6,2,15,4
D U FS L ur R ul,2,11,44,6,2,13,4
D U FS R L ul ur,2,11,44,6,2,17,4
D U FS R L ur ul,2,11,44,6,2,15,4
D U FS R ul L ur,2,11,44,6,2,13,4
D U FS R ur L ul,2,11,44,6,2,15,4
D U FS ul L R ur,2,11,44,6,2,17,4
D U FS ul R L ur,2,11,44,6,2,13,4
D U FS ur L R ul,2,11,44,6,2,15,4
D U FS ur R L ul,2,11,44,6,2,19,4
D U R FS L ul ur,2,11,44,6,2,15,4
D U R FS L ur ul,2,11,44,6,2,13,4
D U R FS ul L ur,2,11,44,6,2,13,4
D U R FS ur L ul,2,11,44,6,2,15,4
D U R ul FS L ur,2,11,44,6,2,11,4
D U R ul ur L FS,2,11,44,6,2,12,4
D U R ur FS L ul,2,11,44,6,2,17,4
D U R ur L FS ul,2,11,44,6,2,13,4
D U R ur L ul FS,2,11,44,6,2,14,4
D U R ur ul L FS,2,11,44,6,2,16,4
D U ul FS L R ur,2,11,44,6,2,17,4
D U ul FS R L ur,2,11,44,6,2,15,4
D U ul R FS L ur,2,11,44,6,2,13,4
D U ul R ur L FS,2,11,44,6,2,14,4
D U ul ur L R FS,2,11,44,6,2,16,4
D U ul ur R L FS,2,11,44,6,2,18,4
D U ur FS L R ul,2,11,44,6,2,17,4
D U ur FS R L ul,2,11,44,6,2,19,4
D U ur L FS R ul,2,11,44,6,2,13,4
D U ur L R FS ul,2,11,44,6,2,15,4
D U ur L R ul FS,2,11,44,6,2,14,4
D U ur L ul R FS,2,11,44,6,2,14,4
D U ur R FS L ul,2,11,44,6,2,17,4
D U ur R L FS ul,2,11,44,6,2,17,4
D U ur R L ul FS,2,11,44,6,2,18,4
D U ur R ul L FS,2,11,44,6,2,16,4
D U ur ul L R FS,2,11,44,6,2,18,4
D U ur ul R L FS,2,11,44,6,2,16,4
D ul FS U L R ur,2,11,44,6,2,13,4
D ul FS U R L ur,2,11,44,6,2,11,4
D ul U FS L R ur,2,11,44,6,2,15,4
D ul U FS R L ur,2,11,44,6,2,13,4
D ul U R FS L ur,2,11,44,6,2,11,3
D ul U R ur L FS,2,11,44,6,2,12,3
D ul U ur L R FS,2,11,44,6,2,14,4
D ul U ur R L FS,2,11,44,6,2,16,4
D ul ur L U R FS,2,11,44,6,2,10,2
D ul ur U L R FS,2,11,44,6,2,14,4
D ul ur U R L FS,2,11,44,6,2,14,4
D ur FS U L R ul,2,11,44,6,2,13,4
D ur FS U R L ul,2,11,44,6,2,15,4
D ur L U FS R ul,2,11,44,6,2,9,2
D ur L U R FS ul,2,11,44,6,2,9,2
D ur L U R ul FS,2,11,44,6,2,8,2
D ur L U ul R FS,2,11,44,6,2,10,3
D ur L ul U R FS,2,11,44,6,2,12,3
D ur U FS L R ul,2,11,44,6,2,13,4
D ur U FS R L ul,2,11,44,6,2,15,4
D ur U L FS R ul,2,11,44,6,2,11,3
D ur U L R FS ul,2,11,44,6,2,13,4
D ur U L R ul FS,2,11,44,6,2,12,4
D ur U L ul R FS,2,11,44,6,2,12,3
D ur U R FS L ul,2,11,44,6,2,13,3
D ur U R L FS ul,2,11,44,6,2,13,4
D ur U R L ul FS,2,11,44,6,2,14,4
D ur U R ul L FS,2,11,44,6,2,12,3
D ur U ul L R FS,2,11,44,6,2,16,4
D ur U ul R L FS,2,11,44,6,2,14,4
D ur ul L U R FS,2,11,44,6,2,12,3
D ur ul U L R FS,2,11,44,6,2,14,4
D ur ul U R L FS,2,11,44,6,2,14,4
FS D U L R ul ur,2,11,44,6,2,15,4
FS D U L R ur ul,2,11,44,6,2,17,4
FS D U L ul R ur,2,11,44,6,2,15,4
FS D U L ur R ul,2,11,44,6,2,13,4
FS D U R L ul ur,2,11,44,6,2,17,4
FS D U R L ur ul,2,11,44,6,2,15,4
FS D U R ul L ur,2,11,44,6,2,13,4
FS D U R ur L ul,2,11,44,6,2,15,4
FS D U ul L R ur,2,11,44,6,2,19,4
FS D U ul R L ur,2,11,44,6,2,15,4
FS D U ur L R ul,2,11,44,6,2,15,4
FS D U ur R L ul,2,11,44,6,2,19,4
FS D ul U L R ur,2,11,44,6,2,15,4
FS D ul U R L ur,2,11,44,6,2,13,4
FS D ur U L R ul,2,11,44,6,2,13,4
FS D ur U R L ul,2,11,44,6,2,15,4
FS U D L R ul ur,2,11,44,6,2,15,4
FS U D L R ur ul,2,11,44,6,2,17,4
FS U D L ul R ur,2,11,44,6,2,15,4
FS U D L ur R ul,2,11,44,6,2,13,4
FS U D R L ul ur,2,11,44,6,2,17,4
FS U D R L ur ul,2,11,44,6,2,15,4
FS U D R ul L ur,2,11,44,6,2,13,4
FS U D R ur L ul,2,11,44,6,2,15,4
FS U D ul L R ur,2,11,44,6,2,17,4
FS U D ul R L ur,2,11,44,6,2,13,4
FS U D ur L R ul,2,11,44,6,2,13,4
FS U D ur R L ul,2,11,44,6,2,17,4
FS U L D R ul ur,2,11,44,6,2,11,2
FS U L D R ur ul,2,11,44,6,2,13,3
FS U L D ul R ur,2,11,44,6,2,11,3
FS U L D ur R ul,2,11,44,6,2,11,3
FS U L R D ul ur,2,11,44,6,2,13,4
FS U L R D ur ul,2,11,44,6,2,13,4
FS U L ul D R ur,2,11,44,6,2,13,3
FS U R D L ul ur,2,11,44,6,2,13,3
FS U R D L ur ul,2,11,44,6,2,11,2
FS U R D ul L ur,2,11,44,6,2,11,3
FS U R D ur L ul,2,11,44,6,2,11,3
FS U R L D ul ur,2,11,44,6,2,13,4
FS U R L D ur ul,2,11,44,6,2,13,4
FS U R ur D L ul,2,11,44,6,2,13,3
FS U ul D L R ur,2,11,44,6,2,15,4
FS U ul D R L ur,2,11,44,6,2,13,4
FS U ul L D R ur,2,11,44,6,2,15,3
FS U ur D L R ul,2,11,44,6,2,13,4
FS U ur D R L ul,2,11,44,6,2,15,4
FS U ur R D L ul,2,11,44,6,2,15,3
FS ul D U L R ur,2,11,44,6,2,15,4
FS ul D U R L ur,2,11,44,6,2,13,4
FS ul U D L R ur,2,11,44,6,2,17,4
FS ul U D R L ur,2,11,44,6,2,15,4
FS ul U L D R ur,2,11,44,6,2,13,3
FS ur D U L R ul,2,11,44,6,2,15,4
FS ur D U R L ul,2,11,44,6,2,17,4
FS ur U D L R ul,2,11,44,6,2,17,4
FS ur U D R L ul,2,11,44,6,2,19,4
FS ur U R D L ul,2,11,44,6,2,15,3
U D FS L R ul ur,2,11,44,6,2,15,4
U D FS L R ur ul,2,11,44,6,2,17,4
U D FS L ul R ur,2,11,44,6,2,15,4
U D FS L ur R ul,2,11,44,6,2,13,4
U D FS R L ul ur,2,11,44,6,2,17,4
U D FS R L ur ul,2,11,44,6,2,15,4
U D FS R ul L ur,2,11,44,6,2,13,4
U D FS R ur L ul,2,11,44,6,2,15,4
U D FS ul L R ur,2,11,44,6,2,17,4
U D FS ul R L ur,2,11,44,6,2,13,4
U D FS ur L R ul,2,11,44,6,2,15,4
U D FS ur R L ul,2,11,44,6,2,19,4
U D R FS L ul ur,2,11,44,6,2,15,4
U D R FS L ur ul,2,11,44,6,2,13,4
U D R FS ul L ur,2,11,44,6,2,13,4
U D R FS ur L ul,2,11,44,6,2,15,4
U D R ul FS L ur,2,11,44,6,2,11,4
U D R ul ur L FS,2,11,44,6,2,12,4
U D R ur FS L ul,2,11,44,6,2,17,4
U D R ur L FS ul,2,11,44,6,2,13,4
U D R ur L ul FS,2,11,44,6,2,14,4
U D R ur ul L FS,2,11,44,6,2,16,4
U D ul FS L R ur,2,11,44,6,2,15,4
U D ul FS R L ur,2,11,44,6,2,13,4
U D ul R FS L ur,2,11,44,6,2,11,4
U D ul R ur L FS,2,11,44,6,2,12,4
U D ul ur L R FS,2,11,44,6,2,14,4
U D ul ur R L FS,2,11,44,6,2,16,4
U D ur FS L R ul,2,11,44,6,2,15,4
U D ur FS R L ul,2,11,44,6,2,17,4
U D ur L FS R ul,2,11,44,6,2,11,4
U D ur L R FS ul,2,11,44,6,2,13,4
U D ur L R ul FS,2,11,44,6,2,12,4
U D ur L ul R FS,2,11,44,6,2,12,4
U D ur R FS L ul,2,11,44,6,2,15,4
U D ur R L FS ul,2,11,44,6,2,15,4
U D ur R L ul FS,2,11,44,6,2,16,4
U D ur R ul L FS,2,11,44,6,2,14,4
U D ur ul L R FS,2,11,44,6,2,16,4
U D ur ul R L FS,2,11,44,6,2,14,4
U FS D L R ul ur,2,11,44,6,2,13,4
U FS D L R ur ul,2,11,44,6,2,15,4
U FS D L ul R ur,2,11,44,6,2,13,3
U FS D L ur R ul,2,11,44,6,2,11,3
U FS D R L ul ur,2,11,44,6,2,15,4
U FS D R L ur ul,2,11,44,6,2,13,4
U FS D R ul L ur,2,11,44,6,2,11,3
U FS D R ur L ul,2,11,44,6,2,13,3
U FS D ul L R ur,2,11,44,6,2,15,4
U FS D ul R L ur,2,11,44,6,2,11,4
U FS D ur L R ul,2,11,44,6,2,11,4
U FS D ur R L ul,2,11,44,6,2,15,4
U FS L D R ul ur,2,11,44,6,2,11,2
U FS L D R ur ul,2,11,44,6,2,13,3
U FS L D ul R ur,2,11,44,6,2,11,3
U FS L D ur R ul,2,11,44,6,2,11,3
U FS L R D ul ur,2,11,44,6,2,13,4
U FS L R D ur ul,2,11,44,6,2,13,4
U FS L ul D R ur,2,11,44,6,2,13,3
U FS R D L ul ur,2,11,44,6,2,13,3
U FS R D L ur ul,2,11,44,6,2,11,2
U FS R D ul L ur,2,11,44,6,2,11,3
U FS R D ur L ul,2,11,44,6,2,11,3
U FS R L D ul ur,2,11,44,6,2,13,4
U FS R L D ur ul,2,11,44,6,2,13,4
U FS R ur D L ul,2,11,44,6,2,13,3
U FS ul D L R ur,2,11,44,6,2,13,4
U FS ul D R L ur,2,11,44,6,2,11,4
U FS ul L D R ur,2,11,44,6,2,13,3
U FS ur D L R ul,2,11,44,6,2,13,4
U FS ur D R L ul,2,11,44,6,2,15,4
U FS ur R D L ul,2,11,44,6,2,15,3
U R D FS L ul ur,2,11,44,6,2,13,3
U R D FS L ur ul,2,11,44,6,2,11,2
U R D FS ul L ur,2,11,44,6,2,11,3
U R D FS ur L ul,2,11,44,6,2,13,3
U R D ul FS L ur,2,11,44,6,2,9,2
U R D ul ur L FS,2,11,44,6,2,10,2
U R D ur FS L ul,2,11,44,6,2,13,3
U R D ur L FS ul,2,11,44,6,2,9,2
U R D ur L ul FS,2,11,44,6,2,10,3
U R D ur ul L FS,2,11,44,6,2,12,3
U R FS D L ul ur,2,11,44,6,2,13,3
U R FS D L ur ul,2,11,44,6,2,11,2
U R FS D ul L ur,2,11,44,6,2,11,3
U R FS D ur L ul,2,11,44,6,2,11,3
U R FS L D ul ur,2,11,44,6,2,11,2
U R FS L D ur ul,2,11,44,6,2,11,2
U R FS ur D L ul,2,11,44,6,2,13,3
U R ul D FS L ur,2,11,44,6,2,9,2
U R ul D ur L FS,2,11,44,6,2,8,2
U R ul ur D L FS,2,11,44,6,2,10,2
U R ur D FS L ul,2,11,44,6,2,13,3
U R ur D L FS ul,2,11,44,6,2,11,3
U R ur D L ul FS,2,11,44,6,2,12,3
U R ur D ul L FS,2,11,44,6,2,12,3
U R ur FS D L ul,2,11,44,6,2,15,3
U R ur ul D L FS,2,11,44,6,2,12,3
U ul D FS L R ur,2,11,44,6,2,15,4
U ul D FS R L ur,2,11,44,6,2,13,4
U ul D R FS L ur,2,11,44,6,2,11,3
U ul D R ur L FS,2,11,44,6,2,12,3
U ul D ur L R FS,2,11,44,6,2,12,4
U ul D ur R L FS,2,11,44,6,2,14,4
U ul FS D L R ur,2,11,44,6,2,15,4
U ul FS D R L ur,2,11,44,6,2,13,4
U ul FS L D R ur,2,11,44,6,2,13,3
U ul R D FS L ur,2,11,44,6,2,11,3
U ul R D ur L FS,2,11,44,6,2,10,3
U ul R ur D L FS,2,11,44,6,2,12,3
U ul ur D L R FS,2,11,44,6,2,14,4
U ul ur D R L FS,2,11,44,6,2,14,4
U ul ur R D L FS,2,11,44,6,2,14,3
U ur D FS L R ul,2,11,44,6,2,13,4
U ur D FS R L ul,2,11,44,6,2,15,4
U ur D L FS R ul,2,11,44,6,2,11,3
U ur D L R FS ul,2,11,44,6,2,13,4
U ur D L R ul FS,2,11,44,6,2,12,4
U ur D L ul R FS,2,11,44,6,2,12,3
U ur D R FS L ul,2,11,44,6,2,13,3
U ur D R L FS ul,2,11,44,6,2,13,4
U ur D R L ul FS,2,11,44,6,2,14,4
U ur D R ul L FS,2,11,44,6,2,12,3
U ur D ul L R FS,2,11,44,6,2,14,4
U ur D ul R L FS,2,11,44,6,2,12,4
U ur FS D L R ul,2,11,44,6,2,15,4
U ur FS D R L ul,2,11,44,6,2,17,4
U ur FS R D L ul,2,11,44,6,2,15,3
U ur R D FS L ul,2,11,44,6,2,15,3
U ur R D L FS ul,2,11,44,6,2,13,3
U ur R D L ul FS,2,11,44,6,2,14,3
U ur R D ul L FS,2,11,44,6,2,14,3
U ur R FS D L ul,2,11,44,6,2,15,3
U ur R ul D L FS,2,11,44,6,2,12,3
U ur ul D L R FS,2,11,44,6,2,14,4
U ur ul D R L FS,2,11,44,6,2,14,4
U ur ul R D L FS,2,11,44,6,2,12,3
ul D FS U L R ur,2,11,44,6,2,14,4
ul D FS U R L ur,2,11,44,6,2,12,4
ul D U FS L R ur,2,11,44,6,2,16,4
ul D U FS R L ur,2,11,44,6,2,14,4
ul D U R FS L ur,2,11,44,6,2,12,4
ul D U R ur L FS,2,11,44,6,2,13,4
ul D U ur L R FS,2,11,44,6,2,15,4
ul D U ur R L FS,2,11,44,6,2,17,4
ul D ur L U R FS,2,11,44,6,2,9,2
ul D ur U L R FS,2,11,44,6,2,13,4
ul D ur U R L FS,2,11,44,6,2,13,4
ul FS D U L R ur,2,11,44,6,2,16,4
ul FS D U R L ur,2,11,44,6,2,14,4
ul FS U D L R ur,2,11,44,6,2,16,4
ul FS U D R L ur,2,11,44,6,2,14,4
ul FS U L D R ur,2,11,44,6,2,12,3
ul U D FS L R ur,2,11,44,6,2,18,4
ul U D FS R L ur,2,11,44,6,2,16,4
ul U D R FS L ur,2,11,44,6,2,14,4
ul U D R ur L FS,2,11,44,6,2,15,4
ul U D ur L R FS,2,11,44,6,2,15,4
ul U D ur R L FS,2,11,44,6,2,17,4
ul U FS D L R ur,2,11,44,6,2,16,4
ul U FS D R L ur,2,11,44,6,2,14,4
ul U FS L D R ur,2,11,44,6,2,14,3
ul U R D FS L ur,2,11,44,6,2,12,3
ul U R D ur L FS,2,11,44,6,2,11,3
ul U R ur D L FS,2,11,44,6,2,13,3
ul U ur D L R FS,2,11,44,6,2,15,4
ul U ur D R L FS,2,11,44,6,2,15,4
ul U ur R D L FS,2,11,44,6,2,15,3
ul ur D L U R FS,2,11,44,6,2,11,2
ul ur D U L R FS,2,11,44,6,2,15,4
ul ur D U R L FS,2,11,44,6,2,15,4
ul ur U D L R FS,2,11,44,6,2,17,4
ul ur U D R L FS,2,11,44,6,2,17,4
ul ur U R D L FS,2,11,44,6,2,13,3
ur D FS U L R ul,2,11,44,6,2,12,4
ur D FS U R L ul,2,11,44,6,2,14,4
ur D L U FS R ul,2,11,44,6,2,10,2
ur D L U R FS ul,2,11,44,6,2,10,2
ur D L U R ul FS,2,11,44,6,2,9,2
ur D L U ul R FS,2,11,44,6,2,11,3
ur D L ul U R FS,2,11,44,6,2,13,3
ur D U FS L R ul,2,11,44,6,2,14,4
ur D U FS R L ul,2,11,44,6,2,16,4
ur D U L FS R ul,2,11,44,6,2,12,4
ur D U L R FS ul,2,11,44,6,2,14,4
ur D U L R ul FS,2,11,44,6,2,13,4
ur D U L ul R FS,2,11,44,6,2,13,4
ur D U R FS L ul,2,11,44,6,2,14,4
ur D U R L FS ul,2,11,44,6,2,14,4
ur D U R L ul FS,2,11,44,6,2,15,4
ur D U R ul L FS,2,11,44,6,2,13,4
ur D U ul L R FS,2,11,44,6,2,17,4
ur D U ul R L FS,2,11,44,6,2,15,4
ur D ul L U R FS,2,11,44,6,2,11,3
ur D ul U L R FS,2,11,44,6,2,13,4
ur D ul U R L FS,2,11,44,6,2,13,4
ur FS D U L R ul,2,11,44,6,2,16,4
ur FS D U R L ul,2,11,44,6,2,18,4
ur FS U D L R ul,2,11,44,6,2,16,4
ur FS U D R L ul,2,11,44,6,2,18,4
ur FS U R D L ul,2,11,44,6,2,14,3
ur U D FS L R ul,2,11,44,6,2,16,4
ur U D FS R L ul,2,11,44,6,2,18,4
ur U D L FS R ul,2,11,44,6,2,14,4
ur U D L R FS ul,2,11,44,6,2,16,4
ur U D L R ul FS,2,11,44,6,2,15,4
ur U D L ul R FS,2,11,44,6,2,15,4
ur U D R FS L ul,2,11,44,6,2,16,4
ur U D R L FS ul,2,11,44,6,2,16,4
ur U D R L ul FS,2,11,44,6,2,17,4
ur U D R ul L FS,2,11,44,6,2,15,4
ur U D ul L R FS,2,11,44,6,2,17,4
ur U D ul R L FS,2,11,44,6,2,15,4
ur U FS D L R ul,2,11,44,6,2,14,4
ur U FS D R L ul,2,11,44,6,2,16,4
ur U FS R D L ul,2,11,44,6,2,14,3
ur U R D FS L ul,2,11,44,6,2,14,3
ur U R D L FS ul,2,11,44,6,2,12,3
ur U R D L ul FS,2,11,44,6,2,13,3
ur U R D ul L FS,2,11,44,6,2,13,3
ur U R FS D L ul,2,11,44,6,2,14,3
ur U R ul D L FS,2,11,44,6,2,11,3
ur U ul D L R FS,2,11,44,6,2,15,4
ur U ul D R L FS,2,11,44,6,2,15,4
ur U ul R D L FS,2,11,44,6,2,13,3
ur ul D L U R FS,2,11,44,6,2,11,2
ur ul D U L R FS,2,11,44,6,2,15,4
ur ul D U R L FS,2,11,44,6,2,15,4
ur ul U D L R FS,2,11,44,6,2,17,4
ur ul U D R L FS,2,11,44,6,2,17,4
ur ul U R D L FS,2,11,44,6,2,13,3
FS L U R ul D ur,7,12,48,5,2,9,2
FS L U R ur D ul,7,12,48,5,2,11,3
FS L U ul R D ur,7,12,48,5,2,11,3
FS L U ur D R ul,7,12,48,5,2,11,3
FS L U ur R D ul,7,12,48,5,2,13,3
FS L ul U R D ur,7,12,48,5,2,13,3
FS L ur D U R ul,7,12,48,5,2,11,4
FS L ur U D R ul,7,12,48,5,2,13,4
FS L ur U R D ul,7,12,48,5,2,11,3
FS ul L U R D ur,7,12,48,5,2,11,3
FS ur L D U R ul,7,12,48,5,2,13,4
FS ur L U D R ul,7,12,48,5,2,13,4
FS ur L U R D ul,7,12,48,5,2,11,3
L FS U R ul D ur,7,12,48,5,2,9,2
L FS U R ur D ul,7,12,48,5,2,11,3
L FS U ul R D ur,7,12,48,5,2,11,3
L FS U ur D R ul,7,12,48,5,2,11,3
L FS U ur R D ul,7,12,48,5,2,13,3
L FS ul U R D ur,7,12,48,5,2,11,3
L FS ur D U R ul,7,12,48,5,2,13,4
L FS ur U D R ul,7,12,48,5,2,15,4
L FS ur U R D ul,7,12,48,5,2,13,3
L ul FS U R D ur,7,12,48,5,2,11,3
L ur D FS U R ul,7,12,48,5,2,9,2
L ur FS D U R ul,7,12,48,5,2,13,4
L ur FS U D R ul,7,12,48,5,2,13,4
L ur FS U R D ul,7,12,48,5,2,11,3
ul FS L U R D ur,7,12,48,5,2,10,2
ul L FS U R D ur,7,12,48,5,2,12,3
ur FS L D U R ul,7,12,48,5,2,14,4
ur FS L U D R ul,7,12,48,5,2,14,4
ur FS L U R D ul,7,12,48,5,2,12,3
ur L D FS U R ul,7,12,48,5,2,10,2
ur L FS D U R ul,7,12,48,5,2,12,4
ur L FS U D R ul,7,12,48,5,2,12,4
ur L FS U R D ul,7,12,48,5,2,10,2
D FS R U L ul ur,6,11,48,6,2,13,3
D FS R U L ur ul,6,11,48,6,2,11,2
D FS R U ul L ur,6,11,48,6,2,13,3
D FS R U ur L ul,6,11,48,6,2,13,3
D FS R ul U L ur,6,11,48,6,2,11,3
D FS R ur L U ul,6,11,48,6,2,13,3
D FS R ur U L ul,6,11,48,6,2,15,3
D FS ur L R U ul,6,11,48,6,2,15,4
D FS ur R L U ul,6,11,48,6,2,17,4
D FS ur R U L ul,6,11,48,6,2,15,3
D R FS U L ul ur,6,11,48,6,2,13,3
D R FS U L ur ul,6,11,48,6,2,11,2
D R FS U ul L ur,6,11,48,6,2,13,3
D R FS U ur L ul,6,11,48,6,2,13,3
D R FS ul U L ur,6,11,48,6,2,11,3
D R FS ur L U ul,6,11,48,6,2,13,3
D R FS ur U L ul,6,11,48,6,2,15,3
D R U FS L ul ur,6,11,48,6,2,13,3
D R U FS L ur ul,6,11,48,6,2,11,2
D R U FS ul L ur,6,11,48,6,2,11,3
D R U FS ur L ul,6,11,48,6,2,13,3
D R U ul FS L ur,6,11,48,6,2,11,3
D R U ul ur L FS,6,11,48,6,2,12,3
D R U ur FS L ul,6,11,48,6,2,15,3
D R U ur L FS ul,6,11,48,6,2,11,3
D R U ur L ul FS,6,11,48,6,2,12,3
D R U ur ul L FS,6,11,48,6,2,14,3
D R ul FS U L ur,6,11,48,6,2,9,2
D R ul U FS L ur,6,11,48,6,2,11,3
D R ul U ur L FS,6,11,48,6,2,12,3
D R ul ur L U FS,6,11,48,6,2,10,2
D R ul ur U L FS,6,11,48,6,2,12,3
D R ur FS L U ul,6,11,48,6,2,15,3
D R ur FS U L ul,6,11,48,6,2,15,3
D R ur L FS U ul,6,11,48,6,2,13,3
D R ur L U FS ul,6,11,48,6,2,11,3
D R ur L U ul FS,6,11,48,6,2,12,3
D R ur L ul U FS,6,11,48,6,2,14,3
D R ur U FS L ul,6,11,48,6,2,15,3
D R ur U L FS ul,6,11,48,6,2,13,3
D R ur U L ul FS,6,11,48,6,2,14,3
D R ur U ul L FS,6,11,48,6,2,16,3
D R ur ul L U FS,6,11,48,6,2,14,3
D R ur ul U L FS,6,11,48,6,2,14,3
D ul R FS U L ur,6,11,48,6,2,9,2
D ul R U FS L ur,6,11,48,6,2,9,2
D ul R U ur L FS,6,11,48,6,2,10,3
D ul R ur L U FS,6,11,48,6,2,10,3
D ul R ur U L FS,6,11,48,6,2,12,3
D ul ur L R U FS,6,11,48,6,2,12,4
D ul ur R L U FS,6,11,48,6,2,14,4
D ul ur R U L FS,6,11,48,6,2,12,3
D ur FS L R U ul,6,11,48,6,2,15,4
D ur FS R L U ul,6,11,48,6,2,15,4
D ur FS R U L ul,6,11,48,6,2,13,3
D ur L FS R U ul,6,11,48,6,2,11,3
D ur L R FS U ul,6,11,48,6,2,13,4
D ur L R U FS ul,6,11,48,6,2,11,4
D ur L R U ul FS,6,11,48,6,2,12,4
D ur L R ul U FS,6,11,48,6,2,12,4
D ur L ul R U FS,6,11,48,6,2,10,3
D ur R FS L U ul,6,11,48,6,2,13,3
D ur R FS U L ul,6,11,48,6,2,13,3
D ur R L FS U ul,6,11,48,6,2,15,4
D ur R L U FS ul,6,11,48,6,2,13,4
D ur R L U ul FS,6,11,48,6,2,14,4
D ur R L ul U FS,6,11,48,6,2,16,4
D ur R U FS L ul,6,11,48,6,2,13,3
D ur R U L FS ul,6,11,48,6,2,11,3
D ur R U L ul FS,6,11,48,6,2,12,3
D ur R U ul L FS,6,11,48,6,2,14,3
D ur R ul L U FS,6,11,48,6,2,12,3
D ur R ul U L FS,6,11,48,6,2,12,3
D ur ul L R U FS,6,11,48,6,2,14,4
D ur ul R L U FS,6,11,48,6,2,12,4
D ur ul R U L FS,6,11,48,6,2,10,2
FS D R U L ul ur,6,11,48,6,2,13,3
FS D R U L ur ul,6,11,48,6,2,11,2
FS D R U ul L ur,6,11,48,6,2,13,3
FS D R U ur L ul,6,11,48,6,2,13,3
FS D R ul U L ur,6,11,48,6,2,11,3
FS D R ur L U ul,6,11,48,6,2,13,3
FS D R ur U L ul,6,11,48,6,2,15,3
FS D ur L R U ul,6,11,48,6,2,13,4
FS D ur R L U ul,6,11,48,6,2,15,4
FS D ur R U L ul,6,11,48,6,2,13,3
FS R D U L ul ur,6,11,48,6,2,15,4
FS R D U L ur ul,6,11,48,6,2,13,4
FS R D U ul L ur,6,11,48,6,2,15,4
FS R D U ur L ul,6,11,48,6,2,15,4
FS R D ul U L ur,6,11,48,6,2,11,3
FS R D ur L U ul,6,11,48,6,2,11,3
FS R D ur U L ul,6,11,48,6,2,13,3
FS R U D L ul ur,6,11,48,6,2,15,4
FS R U D L ur ul,6,11,48,6,2,13,4
FS R U D ul L ur,6,11,48,6,2,13,4
FS R U D ur L ul,6,11,48,6,2,13,4
FS R U L D ul ur,6,11,48,6,2,11,2
FS R U L D ur ul,6,11,48,6,2,11,2
FS R U ur D L ul,6,11,48,6,2,13,3
FS R ur D L U ul,6,11,48,6,2,13,3
FS R ur D U L ul,6,11,48,6,2,15,4
FS R ur U D L ul,6,11,48,6,2,17,4
FS ur D L R U ul,6,11,48,6,2,15,4
FS ur D R L U ul,6,11,48,6,2,15,4
FS ur D R U L ul,6,11,48,6,2,13,3
FS ur R D L U ul,6,11,48,6,2,15,3
FS ur R D U L ul,6,11,48,6,2,17,4
FS ur R U D L ul,6,11,48,6,2,17,4
R D FS U L ul ur,6,11,48,6,2,13,3
R D FS U L ur ul,6,11,48,6,2,11,2
R D FS U ul L ur,6,11,48,6,2,13,3
R D FS U ur L ul,6,11,48,6,2,13,3
R D FS ul U L ur,6,11,48,6,2,11,3
R D FS ur L U ul,6,11,48,6,2,13,3
R D FS ur U L ul,6,11,48,6,2,15,3
R D U FS L ul ur,6,11,48,6,2,15,4
R D U FS L ur ul,6,11,48,6,2,13,4
R D U FS ul L ur,6,11,48,6,2,13,4
R D U FS ur L ul,6,11,48,6,2,15,4
R D U ul FS L ur,6,11,48,6,2,13,4
R D U ul ur L FS,6,11,48,6,2,14,4
R D U ur FS L ul,6,11,48,6,2,17,4
R D U ur L FS ul,6,11,48,6,2,13,4
R D U ur L ul FS,6,11,48,6,2,14,4
R D U ur ul L FS,6,11,48,6,2,16,4
R D ul FS U L ur,6,11,48,6,2,9,2
R D ul U FS L ur,6,11,48,6,2,11,3
R D ul U ur L FS,6,11,48,6,2,12,3
R D ul ur L U FS,6,11,48,6,2,10,2
R D ul ur U L FS,6,11,48,6,2,12,3
R D ur FS L U ul,6,11,48,6,2,13,3
R D ur FS U L ul,6,11,48,6,2,13,3
R D ur L FS U ul,6,11,48,6,2,11,3
R D ur L U FS ul,6,11,48,6,2,9,2
R D ur L U ul FS,6,11,48,6,2,10,3
R D ur L ul U FS,6,11,48,6,2,12,3
R D ur U FS L ul,6,11,48,6,2,13,3
R D ur U L FS ul,6,11,48,6,2,11,3
R D ur U L ul FS,6,11,48,6,2,12,3
R D ur U ul L FS,6,11,48,6,2,14,3
R D ur ul L U FS,6,11,48,6,2,12,3
R D ur ul U L FS,6,11,48,6,2,12,3
R FS D U L ul ur,6,11,48,6,2,15,4
R FS D U L ur ul,6,11,48,6,2,13,4
R FS D U ul L ur,6,11,48,6,2,15,4
R FS D U ur L ul,6,11,48,6,2,15,4
R FS D ul U L ur,6,11,48,6,2,11,3
R FS D ur L U ul,6,11,48,6,2,11,3
R FS D ur U L ul,6,11,48,6,2,13,3
R FS U D L ul ur,6,11,48,6,2,15,4
R FS U D L ur ul,6,11,48,6,2,13,4
R FS U D ul L ur,6,11,48,6,2,13,4
R FS U D ur L ul,6,11,48,6,2,13,4
R FS U L D ul ur,6,11,48,6,2,11,2
R FS U L D ur ul,6,11,48,6,2,11,2
R FS U ur D L ul,6,11,48,6,2,13,3
R FS ur D L U ul,6,11,48,6,2,13,3
R FS ur D U L ul,6,11,48,6,2,15,4
R FS ur U D L ul,6,11,48,6,2,17,4
R U D FS L ul ur,6,11,48,6,2,15,4
R U D FS L ur ul,6,11,48,6,2,13,4
R U D FS ul L ur,6,11,48,6,2,13,4
R U D FS ur L ul,6,11,48,6,2,15,4
R U D ul FS L ur,6,11,48,6,2,11,4
R U D ul ur L FS,6,11,48,6,2,12,4
R U D ur FS L ul,6,11,48,6,2,15,4
R U D ur L FS ul,6,11,48,6,2,11,4
R U D ur L ul FS,6,11,48,6,2,12,4
R U D ur ul L FS,6,11,48,6,2,14,4
R U FS D L ul ur,6,11,48,6,2,13,3
R U FS D L ur ul,6,11,48,6,2,11,2
R U FS D ul L ur,6,11,48,6,2,11,3
R U FS D ur L ul,6,11,48,6,2,11,3
R U FS L D ul ur,6,11,48,6,2,11,2
R U FS L D ur ul,6,11,48,6,2,11,2
R U FS ur D L ul,6,11,48,6,2,13,3
R U ul D FS L ur,6,11,48,6,2,11,3
R U ul D ur L FS,6,11,48,6,2,10,3
R U ul ur D L FS,6,11,48,6,2,12,3
R U ur D FS L ul,6,11,48,6,2,13,3
R U ur D L FS ul,6,11,48,6,2,11,3
R U ur D L ul FS,6,11,48,6,2,12,3
R U ur D ul L FS,6,11,48,6,2,12,3
R U ur FS D L ul,6,11,48,6,2,15,3
R U ur ul D L FS,6,11,48,6,2,12,3
R ul D FS U L ur,6,11,48,6,2,9,2
R ul D U FS L ur,6,11,48,6,2,11,4
R ul D U ur L FS,6,11,48,6,2,12,4
R ul D ur L U FS,6,11,48,6,2,8,2
R ul D ur U L FS,6,11,48,6,2,10,3
R ul U D FS L ur,6,11,48,6,2,13,4
R ul U D ur L FS,6,11,48,6,2,12,4
R ul U ur D L FS,6,11,48,6,2,12,3
R ul ur D L U FS,6,11,48,6,2,10,2
R ul ur D U L FS,6,11,48,6,2,12,4
R ul ur U D L FS,6,11,48,6,2,14,4
R ur D FS L U ul,6,11,48,6,2,13,3
R ur D FS U L ul,6,11,48,6,2,13,3
R ur D L FS U ul,6,11,48,6,2,13,3
R ur D L U FS ul,6,11,48,6,2,11,3
R ur D L U ul FS,6,11,48,6,2,12,3
R ur D L ul U FS,6,11,48,6,2,14,3
R ur D U FS L ul,6,11,48,6,2,15,4
R ur D U L FS ul,6,11,48,6,2,13,4
R ur D U L ul FS,6,11,48,6,2,14,4
R ur D U ul L FS,6,11,48,6,2,16,4
R ur D ul L U FS,6,11,48,6,2,12,3
R ur D ul U L FS,6,11,48,6,2,12,3
R ur FS D L U ul,6,11,48,6,2,15,3
R ur FS D U L ul,6,11,48,6,2,17,4
R ur FS U D L ul,6,11,48,6,2,17,4
R ur U D FS L ul,6,11,48,6,2,17,4
R ur U D L FS ul,6,11,48,6,2,15,4
R ur U D L ul FS,6,11,48,6,2,16,4
R ur U D ul L FS,6,11,48,6,2,16,4
R ur U FS D L ul,6,11,48,6,2,15,3
R ur U ul D L FS,6,11,48,6,2,14,3
R ur ul D L U FS,6,11,48,6,2,12,3
R ur ul D U L FS,6,11,48,6,2,14,4
R ur ul U D L FS,6,11,48,6,2,16,4
ul D R FS U L ur,6,11,48,6,2,10,2
ul D R U FS L ur,6,11,48,6,2,10,2
ul D R U ur L FS,6,11,48,6,2,11,3
ul D R ur L U FS,6,11,48,6,2,11,3
ul D R ur U L FS,6,11,48,6,2,13,3
ul D ur L R U FS,6,11,48,6,2,11,4
ul D ur R L U FS,6,11,48,6,2,13,4
ul D ur R U L FS,6,11,48,6,2,11,3
ul R D FS U L ur,6,11,48,6,2,10,2
ul R D U FS L ur,6,11,48,6,2,12,4
ul R D U ur L FS,6,11,48,6,2,13,4
ul R D ur L U FS,6,11,48,6,2,9,2
ul R D ur U L FS,6,11,48,6,2,11,3
ul R U D FS L ur,6,11,48,6,2,12,4
ul R U D ur L FS,6,11,48,6,2,11,4
ul R U ur D L FS,6,11,48,6,2,11,3
ul R ur D L U FS,6,11,48,6,2,11,3
ul R ur D U L FS,6,11,48,6,2,13,4
ul R ur U D L FS,6,11,48,6,2,15,4
ul ur D L R U FS,6,11,48,6,2,13,4
ul ur D R L U FS,6,11,48,6,2,13,4
ul ur D R U L FS,6,11,48,6,2,11,2
ul ur R D L U FS,6,11,48,6,2,13,3
ul ur R D U L FS,6,11,48,6,2,15,4
ul ur R U D L FS,6,11,48,6,2,15,4
ur D FS L R U ul,6,11,48,6,2,14,4
ur D FS R L U ul,6,11,48,6,2,14,4
ur D FS R U L ul,6,11,48,6,2,12,3
ur D L FS R U ul,6,11,48,6,2,12,3
ur D L R FS U ul,6,11,48,6,2,14,4
ur D L R U FS ul,6,11,48,6,2,12,4
ur D L R U ul FS,6,11,48,6,2,13,4
ur D L R ul U FS,6,11,48,6,2,13,4
ur D L ul R U FS,6,11,48,6,2,11,3
ur D R FS L U ul,6,11,48,6,2,12,3
ur D R FS U L ul,6,11,48,6,2,12,3
ur D R L FS U ul,6,11,48,6,2,14,4
ur D R L U FS ul,6,11,48,6,2,12,4
ur D R L U ul FS,6,11,48,6,2,13,4
ur D R L ul U FS,6,11,48,6,2,15,4
ur D R U FS L ul,6,11,48,6,2,12,3
ur D R U L FS ul,6,11,48,6,2,10,2
ur D R U L ul FS,6,11,48,6,2,11,3
ur D R U ul L FS,6,11,48,6,2,13,3
ur D R ul L U FS,6,11,48,6,2,11,3
ur D R ul U L FS,6,11,48,6,2,11,3
ur D ul L R U FS,6,11,48,6,2,13,4
ur D ul R L U FS,6,11,48,6,2,11,4
ur D ul R U L FS,6,11,48,6,2,9,2
ur FS D L R U ul,6,11,48,6,2,16,4
ur FS D R L U ul,6,11,48,6,2,16,4
ur FS D R U L ul,6,11,48,6,2,14,3
ur FS R D L U ul,6,11,48,6,2,14,3
ur FS R D U L ul,6,11,48,6,2,16,4
ur FS R U D L ul,6,11,48,6,2,16,4
ur R D FS L U ul,6,11,48,6,2,14,3
ur R D FS U L ul,6,11,48,6,2,14,3
ur R D L FS U ul,6,11,48,6,2,14,3
ur R D L U FS ul,6,11,48,6,2,12,3
ur R D L U ul FS,6,11,48,6,2,13,3
ur R D L ul U FS,6,11,48,6,2,15,3
ur R D U FS L ul,6,11,48,6,2,16,4
ur R D U L FS ul,6,11,48,6,2,14,4
ur R D U L ul FS,6,11,48,6,2,15,4
ur R D U ul L FS,6,11,48,6,2,17,4
ur R D ul L U FS,6,11,48,6,2,13,3
ur R D ul U L FS,6,11,48,6,2,13,3
ur R FS D L U ul,6,11,48,6,2,14,3
ur R FS D U L ul,6,11,48,6,2,16,4
ur R FS U D L ul,6,11,48,6,2,16,4
ur R U D FS L ul,6,11,48,6,2,16,4
ur R U D L FS ul,6,11,48,6,2,14,4
ur R U D L ul FS,6,11,48,6,2,15,4
ur R U D ul L FS,6,11,48,6,2,15,4
ur R U FS D L ul,6,11,48,6,2,14,3
ur R U ul D L FS,6,11,48,6,2,13,3
ur R ul D L U FS,6,11,48,6,2,11,3
ur R ul D U L FS,6,11,48,6,2,13,4
ur R ul U D L FS,6,11,48,6,2,15,4
ur ul D L R U FS,6,11,48,6,2,13,4
ur ul D R L U FS,6,11,48,6,2,13,4
ur ul D R U L FS,6,11,48,6,2,11,2
ur ul R D L U FS,6,11,48,6,2,11,2
ur ul R D U L FS,6,11,48,6,2,13,4
ur ul R U D L FS,6,11,48,6,2,13,4
L U FS R ul D ur,2,12,50,6,2,9,2
L U FS R ur D ul,2,12,50,6,2,11,3
L U FS ul R D ur,2,12,50,6,2,9,2
L U FS ur D R ul,2,12,50,6,2,11,3
L U FS ur R D ul,2,12,50,6,2,13,3
L U R FS ul D ur,2,12,50,6,2,9,2
L U R FS ur D ul,2,12,50,6,2,11,3
L U R ul FS D ur,2,12,50,6,2,9,2
L U R ul ur D FS,2,12,50,6,2,10,2
L U R ur D FS ul,2,12,50,6,2,11,3
L U R ur D ul FS,2,12,50,6,2,10,3
L U R ur FS D ul,2,12,50,6,2,13,3
L U R ur ul D FS,2,12,50,6,2,12,3
L U ul FS R D ur,2,12,50,6,2,11,3
L U ul R FS D ur,2,12,50,6,2,11,3
L U ul R ur D FS,2,12,50,6,2,12,3
L U ul ur D R FS,2,12,50,6,2,12,3
L U ul ur R D FS,2,12,50,6,2,14,3
L U ur D FS R ul,2,12,50,6,2,11,3
L U ur D R FS ul,2,12,50,6,2,11,3
L U ur D R ul FS,2,12,50,6,2,10,3
L U ur D ul R FS,2,12,50,6,2,10,3
L U ur FS D R ul,2,12,50,6,2,13,3
L U ur FS R D ul,2,12,50,6,2,13,3
L U ur R D FS ul,2,12,50,6,2,13,3
L U ur R D ul FS,2,12,50,6,2,12,3
L U ur R FS D ul,2,12,50,6,2,13,3
L U ur R ul D FS,2,12,50,6,2,12,3
L U ur ul D R FS,2,12,50,6,2,12,3
L U ur ul R D FS,2,12,50,6,2,12,3
L ul U FS R D ur,2,12,50,6,2,13,3
L ul U R FS D ur,2,12,50,6,2,13,3
L ul U R ur D FS,2,12,50,6,2,14,3
L ul U ur D R FS,2,12,50,6,2,14,3
L ul U ur R D FS,2,12,50,6,2,16,3
L ul ur D U R FS,2,12,50,6,2,14,4
L ul ur U D R FS,2,12,50,6,2,16,4
L ul ur U R D FS,2,12,50,6,2,14,3
L ur D U FS R ul,2,12,50,6,2,11,4
L ur D U R FS ul,2,12,50,6,2,11,4
L ur D U R ul FS,2,12,50,6,2,10,4
L ur D U ul R FS,2,12,50,6,2,12,4
L ur D ul U R FS,2,12,50,6,2,10,3
L ur U D FS R ul,2,12,50,6,2,13,4
L ur U D R FS ul,2,12,50,6,2,13,4
L ur U D R ul FS,2,12,50,6,2,12,4
L ur U D ul R FS,2,12,50,6,2,12,4
L ur U FS D R ul,2,12,50,6,2,11,3
L ur U FS R D ul,2,12,50,6,2,11,3
L ur U R D FS ul,2,12,50,6,2,11,3
L ur U R D ul FS,2,12,50,6,2,10,3
L ur U R FS D ul,2,12,50,6,2,11,3
L ur U R ul D FS,2,12,50,6,2,10,3
L ur U ul D R FS,2,12,50,6,2,12,3
L ur U ul R D FS,2,12,50,6,2,12,3
L ur ul D U R FS,2,12,50,6,2,12,4
L ur ul U D R FS,2,12,50,6,2,14,4
L ur ul U R D FS,2,12,50,6,2,12,3
U L FS R ul D ur,2,12,50,6,2,9,2
U L FS R ur D ul,2,12,50,6,2,11,3
U L FS ul R D ur,2,12,50,6,2,9,2
U L FS ur D R ul,2,12,50,6,2,11,3
U L FS ur R D ul,2,12,50,6,2,13,3
U L R FS ul D ur,2,12,50,6,2,11,4
U L R FS ur D ul,2,12,50,6,2,13,4
U L R ul FS D ur,2,12,50,6,2,11,4
U L R ul ur D FS,2,12,50,6,2,12,4
U L R ur D FS ul,2,12,50,6,2,13,4
U L R ur D ul FS,2,12,50,6,2,12,4
U L R ur FS D ul,2,12,50,6,2,15,4
U L R ur ul D FS,2,12,50,6,2,14,4
U L ul FS R D ur,2,12,50,6,2,11,3
U L ul R FS D ur,2,12,50,6,2,11,3
U L ul R ur D FS,2,12,50,6,2,12,3
U L ul ur D R FS,2,12,50,6,2,12,3
U L ul ur R D FS,2,12,50,6,2,14,3
U L ur D FS R ul,2,12,50,6,2,9,2
U L ur D R FS ul,2,12,50,6,2,9,2
U L ur D R ul FS,2,12,50,6,2,8,2
U L ur D ul R FS,2,12,50,6,2,8,2
U L ur FS D R ul,2,12,50,6,2,11,3
U L ur FS R D ul,2,12,50,6,2,11,3
U L ur R D FS ul,2,12,50,6,2,11,3
U L ur R D ul FS,2,12,50,6,2,10,3
U L ur R FS D ul,2,12,50,6,2,11,3
U L ur R ul D FS,2,12,50,6,2,10,3
U L ur ul D R FS,2,12,50,6,2,10,2
U L ur ul R D FS,2,12,50,6,2,10,2
U R L FS ul D ur,2,12,50,6,2,11,4
U R L FS ur D ul,2,12,50,6,2,13,4
U R L ul FS D ur,2,12,50,6,2,13,4
U R L ul ur D FS,2,12,50,6,2,14,4
U R L ur D FS ul,2,12,50,6,2,11,4
U R L ur D ul FS,2,12,50,6,2,10,4
U R L ur FS D ul,2,12,50,6,2,13,4
U R L ur ul D FS,2,12,50,6,2,12,4
U R ul L FS D ur,2,12,50,6,2,11,3
U R ul L ur D FS,2,12,50,6,2,10,3
U R ul ur L D FS,2,12,50,6,2,10,2
U R ur L D FS ul,2,12,50,6,2,11,3
U R ur L D ul FS,2,12,50,6,2,10,3
U R ur L FS D ul,2,12,50,6,2,11,3
U R ur L ul D FS,2,12,50,6,2,12,3
U R ur ul L D FS,2,12,50,6,2,14,3
U ul L FS R D ur,2,12,50,6,2,13,3
U ul L R FS D ur,2,12,50,6,2,15,4
U ul L R ur D FS,2,12,50,6,2,16,4
U ul L ur D R FS,2,12,50,6,2,12,3
U ul L ur R D FS,2,12,50,6,2,14,3
U ul R L FS D ur,2,12,50,6,2,13,4
U ul R L ur D FS,2,12,50,6,2,12,4
U ul R ur L D FS,2,12,50,6,2,12,3
U ul ur L D R FS,2,12,50,6,2,12,3
U ul ur L R D FS,2,12,50,6,2,14,4
U ul ur R L D FS,2,12,50,6,2,16,4
U ur L D FS R ul,2,12,50,6,2,11,3
U ur L D R FS ul,2,12,50,6,2,11,3
U ur L D R ul FS,2,12,50,6,2,10,3
U ur L D ul R FS,2,12,50,6,2,10,3
U ur L FS D R ul,2,12,50,6,2,11,3
U ur L FS R D ul,2,12,50,6,2,11,3
U ur L R D FS ul,2,12,50,6,2,13,4
U ur L R D ul FS,2,12,50,6,2,12,4
U ur L R FS D ul,2,12,50,6,2,13,4
U ur L R ul D FS,2,12,50,6,2,12,4
U ur L ul D R FS,2,12,50,6,2,12,3
U ur L ul R D FS,2,12,50,6,2,12,3
U ur R L D FS ul,2,12,50,6,2,15,4
U ur R L D ul FS,2,12,50,6,2,14,4
U ur R L FS D ul,2,12,50,6,2,15,4
U ur R L ul D FS,2,12,50,6,2,16,4
U ur R ul L D FS,2,12,50,6,2,14,3
U ur ul L D R FS,2,12,50,6,2,14,3
U ur ul L R D FS,2,12,50,6,2,16,4
U ur ul R L D FS,2,12,50,6,2,14,4
ul L U FS R D ur,2,12,50,6,2,12,3
ul L U R FS D ur,2,12,50,6,2,12,3
ul L U R ur D FS,2,12,50,6,2,13,3
ul L U ur D R FS,2,12,50,6,2,13,3
ul L U ur R D FS,2,12,50,6,2,15,3
ul L ur D U R FS,2,12,50,6,2,13,4
ul L ur U D R FS,2,12,50,6,2,15,4
ul L ur U R D FS,2,12,50,6,2,13,3
ul U L FS R D ur,2,12,50,6,2,12,3
ul U L R FS D ur,2,12,50,6,2,14,4
ul U L R ur D FS,2,12,50,6,2,15,4
ul U L ur D R FS,2,12,50,6,2,11,3
ul U L ur R D FS,2,12,50,6,2,13,3
ul U R L FS D ur,2,12,50,6,2,14,4
ul U R L ur D FS,2,12,50,6,2,13,4
ul U R ur L D FS,2,12,50,6,2,13,3
ul U ur L D R FS,2,12,50,6,2,13,3
ul U ur L R D FS,2,12,50,6,2,15,4
ul U ur R L D FS,2,12,50,6,2,17,4
ul ur L D U R FS,2,12,50,6,2,13,4
ul ur L U D R FS,2,12,50,6,2,13,4
ul ur L U R D FS,2,12,50,6,2,11,2
ul ur U L D R FS,2,12,50,6,2,13,3
ul ur U L R D FS,2,12,50,6,2,15,4
ul ur U R L D FS,2,12,50,6,2,15,4
ur L D U FS R ul,2,12,50,6,2,12,4
ur L D U R FS ul,2,12,50,6,2,12,4
ur L D U R ul FS,2,12,50,6,2,11,4
ur L D U ul R FS,2,12,50,6,2,13,4
ur L D ul U R FS,2,12,50,6,2,11,3
ur L U D FS R ul,2,12,50,6,2,12,4
ur L U D R FS ul,2,12,50,6,2,12,4
ur L U D R ul FS,2,12,50,6,2,11,4
ur L U D ul R FS,2,12,50,6,2,11,4
ur L U FS D R ul,2,12,50,6,2,10,2
ur L U FS R D ul,2,12,50,6,2,10,2
ur L U R D FS ul,2,12,50,6,2,10,2
ur L U R D ul FS,2,12,50,6,2,9,2
ur L U R FS D ul,2,12,50,6,2,10,2
ur L U R ul D FS,2,12,50,6,2,9,2
ur L U ul D R FS,2,12,50,6,2,11,3
ur L U ul R D FS,2,12,50,6,2,11,3
ur L ul D U R FS,2,12,50,6,2,13,4
ur L ul U D R FS,2,12,50,6,2,15,4
ur L ul U R D FS,2,12,50,6,2,13,3
ur U L D FS R ul,2,12,50,6,2,12,3
ur U L D R FS ul,2,12,50,6,2,12,3
ur U L D R ul FS,2,12,50,6,2,11,3
ur U L D ul R FS,2,12,50,6,2,11,3
ur U L FS D R ul,2,12,50,6,2,12,3
ur U L FS R D ul,2,12,50,6,2,12,3
ur U L R D FS ul,2,12,50,6,2,14,4
ur U L R D ul FS,2,12,50,6,2,13,4
ur U L R FS D ul,2,12,50,6,2,14,4
ur U L R ul D FS,2,12,50,6,2,13,4
ur U L ul D R FS,2,12,50,6,2,13,3
ur U L ul R D FS,2,12,50,6,2,13,3
ur U R L D FS ul,2,12,50,6,2,14,4
ur U R L D ul FS,2,12,50,6,2,13,4
ur U R L FS D ul,2,12,50,6,2,14,4
ur U R L ul D FS,2,12,50,6,2,15,4
ur U R ul L D FS,2,12,50,6,2,13,3
ur U ul L D R FS,2,12,50,6,2,15,3
ur U ul L R D FS,2,12,50,6,2,17,4
ur U ul R L D FS,2,12,50,6,2,15,4
ur ul L D U R FS,2,12,50,6,2,15,4
ur ul L U D R FS,2,12,50,6,2,15,4
ur ul L U R D FS,2,12,50,6,2,13,3
ur ul U L D R FS,2,12,50,6,2,13,3
ur ul U L R D FS,2,12,50,6,2,15,4
ur ul U R L D FS,2,12,50,6,2,15,4
D FS L U R ul ur,6,12,54,6,2,11,2
D FS L U R ur ul,6,12,54,6,2,13,3
D FS L U ul R ur,6,12,54,6,2,13,3
D FS L U ur R ul,6,12,54,6,2,13,3
D FS L ul R U ur,6,12,54,6,2,13,3
D FS L ul U R ur,6,12,54,6,2,15,3
D FS L ur U R ul,6,12,54,6,2,11,3
D FS ul L R U ur,6,12,54,6,2,15,4
D FS ul L U R ur,6,12,54,6,2,13,3
D FS ul R L U ur,6,12,54,6,2,13,4
D L FS U R ul ur,6,12,54,6,2,11,2
D L FS U R ur ul,6,12,54,6,2,13,3
D L FS U ul R ur,6,12,54,6,2,13,3
D L FS U ur R ul,6,12,54,6,2,13,3
D L FS ul R U ur,6,12,54,6,2,11,3
D L FS ul U R ur,6,12,54,6,2,13,3
D L FS ur U R ul,6,12,54,6,2,13,3
D L ul FS R U ur,6,12,54,6,2,13,3
D L ul FS U R ur,6,12,54,6,2,13,3
D L ur FS U R ul,6,12,54,6,2,11,3
D ul FS L R U ur,6,12,54,6,2,13,4
D ul FS L U R ur,6,12,54,6,2,11,3
D ul FS R L U ur,6,12,54,6,2,13,4
D ul L FS R U ur,6,12,54,6,2,13,3
D ul L FS U R ur,6,12,54,6,2,13,3
FS D L U R ul ur,6,12,54,6,2,11,2
FS D L U R ur ul,6,12,54,6,2,13,3
FS D L U ul R ur,6,12,54,6,2,13,3
FS D L U ur R ul,6,12,54,6,2,13,3
FS D L ul R U ur,6,12,54,6,2,13,3
FS D L ul U R ur,6,12,54,6,2,15,3
FS D L ur U R ul,6,12,54,6,2,11,3
FS D ul L R U ur,6,12,54,6,2,15,4
FS D ul L U R ur,6,12,54,6,2,13,3
FS D ul R L U ur,6,12,54,6,2,13,4
FS L D U R ul ur,6,12,54,6,2,13,4
FS L D U R ur ul,6,12,54,6,2,15,4
FS L D U ul R ur,6,12,54,6,2,15,4
FS L D U ur R ul,6,12,54,6,2,15,4
FS L D ul R U ur,6,12,54,6,2,11,3
FS L D ul U R ur,6,12,54,6,2,13,3
FS L D ur U R ul,6,12,54,6,2,11,3
FS L R U ul D ur,6,12,54,6,2,13,4
FS L R U ur D ul,6,12,54,6,2,13,4
FS L R ul D U ur,6,12,54,6,2,15,4
FS L R ul U D ur,6,12,54,6,2,15,4
FS L R ur D U ul,6,12,54,6,2,17,4
FS L R ur U D ul,6,12,54,6,2,17,4
FS L U D R ul ur,6,12,54,6,2,13,4
FS L U D R ur ul,6,12,54,6,2,15,4
FS L U D ul R ur,6,12,54,6,2,13,4
FS L U D ur R ul,6,12,54,6,2,13,4
FS L U R D ul ur,6,12,54,6,2,11,2
FS L U R D ur ul,6,12,54,6,2,11,2
FS L U ul D R ur,6,12,54,6,2,13,3
FS L ul D R U ur,6,12,54,6,2,13,3
FS L ul D U R ur,6,12,54,6,2,15,4
FS L ul R D U ur,6,12,54,6,2,15,4
FS L ul R U D ur,6,12,54,6,2,13,4
FS L ul U D R ur,6,12,54,6,2,17,4
FS L ur D R U ul,6,12,54,6,2,11,3
FS L ur R D U ul,6,12,54,6,2,15,4
FS L ur R U D ul,6,12,54,6,2,13,4
FS R L U ul D ur,6,12,54,6,2,13,4
FS R L U ur D ul,6,12,54,6,2,13,4
FS R L ul D U ur,6,12,54,6,2,17,4
FS R L ul U D ur,6,12,54,6,2,17,4
FS R L ur D U ul,6,12,54,6,2,15,4
FS R L ur U D ul,6,12,54,6,2,15,4
FS R ul D L U ur,6,12,54,6,2,11,3
FS R ul L D U ur,6,12,54,6,2,15,4
FS R ul L U D ur,6,12,54,6,2,13,4
FS R ur L D U ul,6,12,54,6,2,15,4
FS R ur L U D ul,6,12,54,6,2,13,4
FS ul D L R U ur,6,12,54,6,2,13,4
FS ul D L U R ur,6,12,54,6,2,11,3
FS ul D R L U ur,6,12,54,6,2,13,4
FS ul L D R U ur,6,12,54,6,2,13,3
FS ul L D U R ur,6,12,54,6,2,15,4
FS ul L R D U ur,6,12,54,6,2,17,4
FS ul L R U D ur,6,12,54,6,2,15,4
FS ul L U D R ur,6,12,54,6,2,15,4
FS ul R D L U ur,6,12,54,6,2,11,3
FS ul R L D U ur,6,12,54,6,2,15,4
FS ul R L U D ur,6,12,54,6,2,13,4
FS ur L D R U ul,6,12,54,6,2,13,3
FS ur L R D U ul,6,12,54,6,2,17,4
FS ur L R U D ul,6,12,54,6,2,15,4
FS ur R L D U ul,6,12,54,6,2,19,4
FS ur R L U D ul,6,12,54,6,2,17,4
L D FS U R ul ur,6,12,54,6,2,11,2
L D FS U R ur ul,6,12,54,6,2,13,3
L D FS U ul R ur,6,12,54,6,2,13,3
L D FS U ur R ul,6,12,54,6,2,13,3
L D FS ul R U ur,6,12,54,6,2,11,3
L D FS ul U R ur,6,12,54,6,2,13,3
L D FS ur U R ul,6,12,54,6,2,13,3
L D ul FS R U ur,6,12,54,6,2,11,3
L D ul FS U R ur,6,12,54,6,2,11,3
L D ur FS U R ul,6,12,54,6,2,11,3
L FS D U R ul ur,6,12,54,6,2,13,4
L FS D U R ur ul,6,12,54,6,2,15,4
L FS D U ul R ur,6,12,54,6,2,15,4
L FS D U ur R ul,6,12,54,6,2,15,4
L FS D ul R U ur,6,12,54,6,2,11,3
L FS D ul U R ur,6,12,54,6,2,13,3
L FS D ur U R ul,6,12,54,6,2,11,3
L FS R U ul D ur,6,12,54,6,2,11,3
L FS R U ur D ul,6,12,54,6,2,11,3
L FS R ul D U ur,6,12,54,6,2,13,4
L FS R ul U D ur,6,12,54,6,2,13,4
L FS R ur D U ul,6,12,54,6,2,15,4
L FS R ur U D ul,6,12,54,6,2,15,4
L FS U D R ul ur,6,12,54,6,2,13,4
L FS U D R ur ul,6,12,54,6,2,15,4
L FS U D ul R ur,6,12,54,6,2,13,4
L FS U D ur R ul,6,12,54,6,2,13,4
L FS U R D ul ur,6,12,54,6,2,11,2
L FS U R D ur ul,6,12,54,6,2,11,2
L FS U ul D R ur,6,12,54,6,2,13,3
L FS ul D R U ur,6,12,54,6,2,11,3
L FS ul D U R ur,6,12,54,6,2,13,4
L FS ul R D U ur,6,12,54,6,2,13,4
L FS ul R U D ur,6,12,54,6,2,11,4
L FS ul U D R ur,6,12,54,6,2,15,4
L FS ur D R U ul,6,12,54,6,2,13,3
L FS ur R D U ul,6,12,54,6,2,17,4
L FS ur R U D ul,6,12,54,6,2,15,4
L R FS U ul D ur,6,12,54,6,2,13,4
L R FS U ur D ul,6,12,54,6,2,13,4
L R FS ul D U ur,6,12,54,6,2,15,4
L R FS ul U D ur,6,12,54,6,2,15,4
L R FS ur D U ul,6,12,54,6,2,17,4
L R FS ur U D ul,6,12,54,6,2,17,4
L R U FS ul D ur,6,12,54,6,2,11,4
L R U FS ur D ul,6,12,54,6,2,13,4
L R U ul FS D ur,6,12,54,6,2,13,4
L R U ul ur D FS,6,12,54,6,2,14,4
L R U ur D FS ul,6,12,54,6,2,13,4
L R U ur D ul FS,6,12,54,6,2,12,4
L R U ur FS D ul,6,12,54,6,2,15,4
L R U ur ul D FS,6,12,54,6,2,14,4
L R ul FS D U ur,6,12,54,6,2,15,4
L R ul FS U D ur,6,12,54,6,2,13,4
L R ul U FS D ur,6,12,54,6,2,13,4
L R ul U ur D FS,6,12,54,6,2,14,4
L R ul ur D U FS,6,12,54,6,2,14,4
L R ul ur U D FS,6,12,54,6,2,16,4
L R ur D FS U ul,6,12,54,6,2,15,4
L R ur D U FS ul,6,12,54,6,2,15,4
L R ur D U ul FS,6,12,54,6,2,16,4
L R ur D ul U FS,6,12,54,6,2,14,4
L R ur FS D U ul,6,12,54,6,2,19,4
L R ur FS U D ul,6,12,54,6,2,17,4
L R ur U D FS ul,6,12,54,6,2,17,4
L R ur U D ul FS,6,12,54,6,2,16,4
L R ur U FS D ul,6,12,54,6,2,15,4
L R ur U ul D FS,6,12,54,6,2,16,4
L R ur ul D U FS,6,12,54,6,2,16,4
L R ur ul U D FS,6,12,54,6,2,18,4
L ul D FS R U ur,6,12,54,6,2,13,3
L ul D FS U R ur,6,12,54,6,2,13,3
L ul FS D R U ur,6,12,54,6,2,13,3
L ul FS D U R ur,6,12,54,6,2,15,4
L ul FS R D U ur,6,12,54,6,2,15,4
L ul FS R U D ur,6,12,54,6,2,13,4
L ul FS U D R ur,6,12,54,6,2,15,4
L ul R FS D U ur,6,12,54,6,2,15,4
L ul R FS U D ur,6,12,54,6,2,13,4
L ul R U FS D ur,6,12,54,6,2,11,3
L ul R U ur D FS,6,12,54,6,2,12,3
L ul R ur D U FS,6,12,54,6,2,14,4
L ul R ur U D FS,6,12,54,6,2,16,4
L ul ur D R U FS,6,12,54,6,2,12,3
L ul ur R D U FS,6,12,54,6,2,16,4
L ul ur R U D FS,6,12,54,6,2,16,4
L ur D FS R U ul,6,12,54,6,2,11,3
L ur D R FS U ul,6,12,54,6,2,11,3
L ur D R U FS ul,6,12,54,6,2,9,2
L ur D R U ul FS,6,12,54,6,2,10,3
L ur D R ul U FS,6,12,54,6,2,10,3
L ur D ul R U FS,6,12,54,6,2,8,2
L ur FS D R U ul,6,12,54,6,2,13,3
L ur FS R D U ul,6,12,54,6,2,15,4
L ur FS R U D ul,6,12,54,6,2,13,4
L ur R D FS U ul,6,12,54,6,2,13,3
L ur R D U FS ul,6,12,54,6,2,13,4
L ur R D U ul FS,6,12,54,6,2,14,4
L ur R D ul U FS,6,12,54,6,2,12,3
L ur R FS D U ul,6,12,54,6,2,15,4
L ur R FS U D ul,6,12,54,6,2,13,4
L ur R U D FS ul,6,12,54,6,2,13,4
L ur R U D ul FS,6,12,54,6,2,12,4
L ur R U FS D ul,6,12,54,6,2,11,3
L ur R U ul D FS,6,12,54,6,2,12,3
L ur R ul D U FS,6,12,54,6,2,12,4
L ur R ul U D FS,6,12,54,6,2,14,4
L ur ul D R U FS,6,12,54,6,2,10,2
L ur ul R D U FS,6,12,54,6,2,12,4
L ur ul R U D FS,6,12,54,6,2,12,4
R FS L U ul D ur,6,12,54,6,2,11,3
R FS L U ur D ul,6,12,54,6,2,11,3
R FS L ul D U ur,6,12,54,6,2,15,4
R FS L ul U D ur,6,12,54,6,2,15,4
R FS L ur D U ul,6,12,54,6,2,13,4
R FS L ur U D ul,6,12,54,6,2,13,4
R FS ul D L U ur,6,12,54,6,2,11,3
R FS ul L D U ur,6,12,54,6,2,15,4
R FS ul L U D ur,6,12,54,6,2,13,4
R FS ur L D U ul,6,12,54,6,2,15,4
R FS ur L U D ul,6,12,54,6,2,13,4
R L FS U ul D ur,6,12,54,6,2,13,4
R L FS U ur D ul,6,12,54,6,2,13,4
R L FS ul D U ur,6,12,54,6,2,15,4
R L FS ul U D ur,6,12,54,6,2,15,4
R L FS ur D U ul,6,12,54,6,2,17,4
R L FS ur U D ul,6,12,54,6,2,17,4
R L U FS ul D ur,6,12,54,6,2,11,4
R L U FS ur D ul,6,12,54,6,2,13,4
R L U ul FS D ur,6,12,54,6,2,13,4
R L U ul ur D FS,6,12,54,6,2,14,4
R L U ur D FS ul,6,12,54,6,2,13,4
R L U ur D ul FS,6,12,54,6,2,12,4
R L U ur FS D ul,6,12,54,6,2,15,4
R L U ur ul D FS,6,12,54,6,2,14,4
R L ul FS D U ur,6,12,54,6,2,17,4
R L ul FS U D ur,6,12,54,6,2,15,4
R L ul U FS D ur,6,12,54,6,2,15,4
R L ul U ur D FS,6,12,54,6,2,16,4
R L ul ur D U FS,6,12,54,6,2,16,4
R L ul ur U D FS,6,12,54,6,2,18,4
R L ur D FS U ul,6,12,54,6,2,13,4
R L ur D U FS ul,6,12,54,6,2,13,4
R L ur D U ul FS,6,12,54,6,2,14,4
R L ur D ul U FS,6,12,54,6,2,12,4
R L ur FS D U ul,6,12,54,6,2,17,4
R L ur FS U D ul,6,12,54,6,2,15,4
R L ur U D FS ul,6,12,54,6,2,15,4
R L ur U D ul FS,6,12,54,6,2,14,4
R L ur U FS D ul,6,12,54,6,2,13,4
R L ur U ul D FS,6,12,54,6,2,14,4
R L ur ul D U FS,6,12,54,6,2,14,4
R L ur ul U D FS,6,12,54,6,2,16,4
R U L FS ul D ur,6,12,54,6,2,9,2
R U L FS ur D ul,6,12,54,6,2,11,3
R U L ul FS D ur,6,12,54,6,2,11,3
R U L ul ur D FS,6,12,54,6,2,12,3
R U L ur D FS ul,6,12,54,6,2,9,2
R U L ur D ul FS,6,12,54,6,2,8,2
R U L ur FS D ul,6,12,54,6,2,11,3
R U L ur ul D FS,6,12,54,6,2,10,2
R U ul L FS D ur,6,12,54,6,2,13,3
R U ul L ur D FS,6,12,54,6,2,12,3
R U ul ur L D FS,6,12,54,6,2,12,3
R U ur L D FS ul,6,12,54,6,2,11,3
R U ur L D ul FS,6,12,54,6,2,10,3
R U ur L FS D ul,6,12,54,6,2,11,3
R U ur L ul D FS,6,12,54,6,2,12,3
R U ur ul L D FS,6,12,54,6,2,14,3
R ul FS D L U ur,6,12,54,6,2,11,3
R ul FS L D U ur,6,12,54,6,2,13,4
R ul FS L U D ur,6,12,54,6,2,11,4
R ul L FS D U ur,6,12,54,6,2,15,4
R ul L FS U D ur,6,12,54,6,2,13,4
R ul L U FS D ur,6,12,54,6,2,11,3
R ul L U ur D FS,6,12,54,6,2,12,3
R ul L ur D U FS,6,12,54,6,2,12,4
R ul L ur U D FS,6,12,54,6,2,14,4
R ul U L FS D ur,6,12,54,6,2,11,3
R ul U L ur D FS,6,12,54,6,2,10,3
R ul U ur L D FS,6,12,54,6,2,12,3
R ul ur L D U FS,6,12,54,6,2,12,4
R ul ur L U D FS,6,12,54,6,2,12,4
R ul ur U L D FS,6,12,54,6,2,12,3
R ur FS L D U ul,6,12,54,6,2,17,4
R ur FS L U D ul,6,12,54,6,2,15,4
R ur L D FS U ul,6,12,54,6,2,13,3
R ur L D U FS ul,6,12,54,6,2,13,4
R ur L D U ul FS,6,12,54,6,2,14,4
R ur L D ul U FS,6,12,54,6,2,12,3
R ur L FS D U ul,6,12,54,6,2,15,4
R ur L FS U D ul,6,12,54,6,2,13,4
R ur L U D FS ul,6,12,54,6,2,13,4
R ur L U D ul FS,6,12,54,6,2,12,4
R ur L U FS D ul,6,12,54,6,2,11,3
R ur L U ul D FS,6,12,54,6,2,12,3
R ur L ul D U FS,6,12,54,6,2,14,4
R ur L ul U D FS,6,12,54,6,2,16,4
R ur U L D FS ul,6,12,54,6,2,13,3
R ur U L D ul FS,6,12,54,6,2,12,3
R ur U L FS D ul,6,12,54,6,2,13,3
R ur U L ul D FS,6,12,54,6,2,14,3
R ur U ul L D FS,6,12,54,6,2,16,3
R ur ul L D U FS,6,12,54,6,2,16,4
R ur ul L U D FS,6,12,54,6,2,16,4
R ur ul U L D FS,6,12,54,6,2,14,3
ul D FS L R U ur,6,12,54,6,2,14,4
ul D FS L U R ur,6,12,54,6,2,12,3
ul D FS R L U ur,6,12,54,6,2,14,4
ul D L FS R U ur,6,12,54,6,2,12,3
ul D L FS U R ur,6,12,54,6,2,12,3
ul FS D L R U ur,6,12,54,6,2,14,4
ul FS D L U R ur,6,12,54,6,2,12,3
ul FS D R L U ur,6,12,54,6,2,14,4
ul FS L D R U ur,6,12,54,6,2,12,3
ul FS L D U R ur,6,12,54,6,2,14,4
ul FS L R D U ur,6,12,54,6,2,16,4
ul FS L R U D ur,6,12,54,6,2,14,4
ul FS L U D R ur,6,12,54,6,2,14,4
ul FS R D L U ur,6,12,54,6,2,12,3
ul FS R L D U ur,6,12,54,6,2,16,4
ul FS R L U D ur,6,12,54,6,2,14,4
ul L D FS R U ur,6,12,54,6,2,14,3
ul L D FS U R ur,6,12,54,6,2,14,3
ul L FS D R U ur,6,12,54,6,2,14,3
ul L FS D U R ur,6,12,54,6,2,16,4
ul L FS R D U ur,6,12,54,6,2,16,4
ul L FS R U D ur,6,12,54,6,2,14,4
ul L FS U D R ur,6,12,54,6,2,16,4
ul L R FS D U ur,6,12,54,6,2,18,4
ul L R FS U D ur,6,12,54,6,2,16,4
ul L R U FS D ur,6,12,54,6,2,14,4
ul L R U ur D FS,6,12,54,6,2,15,4
ul L R ur D U FS,6,12,54,6,2,17,4
ul L R ur U D FS,6,12,54,6,2,19,4
ul L ur D R U FS,6,12,54,6,2,11,3
ul L ur R D U FS,6,12,54,6,2,15,4
ul L ur R U D FS,6,12,54,6,2,15,4
ul R FS D L U ur,6,12,54,6,2,12,3
ul R FS L D U ur,6,12,54,6,2,14,4
ul R FS L U D ur,6,12,54,6,2,12,4
ul R L FS D U ur,6,12,54,6,2,16,4
ul R L FS U D ur,6,12,54,6,2,14,4
ul R L U FS D ur,6,12,54,6,2,12,4
ul R L U ur D FS,6,12,54,6,2,13,4
ul R L ur D U FS,6,12,54,6,2,13,4
ul R L ur U D FS,6,12,54,6,2,15,4
ul R U L FS D ur,6,12,54,6,2,10,2
ul R U L ur D FS,6,12,54,6,2,9,2
ul R U ur L D FS,6,12,54,6,2,11,3
ul R ur L D U FS,6,12,54,6,2,13,4
ul R ur L U D FS,6,12,54,6,2,13,4
ul R ur U L D FS,6,12,54,6,2,13,3
ul ur L D R U FS,6,12,54,6,2,11,2
ul ur L R D U FS,6,12,54,6,2,15,4
ul ur L R U D FS,6,12,54,6,2,15,4
ul ur R L D U FS,6,12,54,6,2,17,4
ul ur R L U D FS,6,12,54,6,2,17,4
ul ur R U L D FS,6,12,54,6,2,13,3
ur FS L D R U ul,6,12,54,6,2,14,3
ur FS L R D U ul,6,12,54,6,2,18,4
ur FS L R U D ul,6,12,54,6,2,16,4
ur FS R L D U ul,6,12,54,6,2,18,4
ur FS R L U D ul,6,12,54,6,2,16,4
ur L D FS R U ul,6,12,54,6,2,12,3
ur L D R FS U ul,6,12,54,6,2,12,3
ur L D R U FS ul,6,12,54,6,2,10,2
ur L D R U ul FS,6,12,54,6,2,11,3
ur L D R ul U FS,6,12,54,6,2,11,3
ur L D ul R U FS,6,12,54,6,2,9,2
ur L FS D R U ul,6,12,54,6,2,12,3
ur L FS R D U ul,6,12,54,6,2,14,4
ur L FS R U D ul,6,12,54,6,2,12,4
ur L R D FS U ul,6,12,54,6,2,14,4
ur L R D U FS ul,6,12,54,6,2,14,4
ur L R D U ul FS,6,12,54,6,2,15,4
ur L R D ul U FS,6,12,54,6,2,13,4
ur L R FS D U ul,6,12,54,6,2,16,4
ur L R FS U D ul,6,12,54,6,2,14,4
ur L R U D FS ul,6,12,54,6,2,14,4
ur L R U D ul FS,6,12,54,6,2,13,4
ur L R U FS D ul,6,12,54,6,2,12,4
ur L R U ul D FS,6,12,54,6,2,13,4
ur L R ul D U FS,6,12,54,6,2,13,4
ur L R ul U D FS,6,12,54,6,2,15,4
ur L ul D R U FS,6,12,54,6,2,11,3
ur L ul R D U FS,6,12,54,6,2,13,4
ur L ul R U D FS,6,12,54,6,2,13,4
ur R FS L D U ul,6,12,54,6,2,16,4
ur R FS L U D ul,6,12,54,6,2,14,4
ur R L D FS U ul,6,12,54,6,2,16,4
ur R L D U FS ul,6,12,54,6,2,16,4
ur R L D U ul FS,6,12,54,6,2,17,4
ur R L D ul U FS,6,12,54,6,2,15,4
ur R L FS D U ul,6,12,54,6,2,18,4
ur R L FS U D ul,6,12,54,6,2,16,4
ur R L U D FS ul,6,12,54,6,2,16,4
ur R L U D ul FS,6,12,54,6,2,15,4
ur R L U FS D ul,6,12,54,6,2,14,4
ur R L U ul D FS,6,12,54,6,2,15,4
ur R L ul D U FS,6,12,54,6,2,17,4
ur R L ul U D FS,6,12,54,6,2,19,4
ur R U L D FS ul,6,12,54,6,2,12,3
ur R U L D ul FS,6,12,54,6,2,11,3
ur R U L FS D ul,6,12,54,6,2,12,3
ur R U L ul D FS,6,12,54,6,2,13,3
ur R U ul L D FS,6,12,54,6,2,15,3
ur R ul L D U FS,6,12,54,6,2,15,4
ur R ul L U D FS,6,12,54,6,2,15,4
ur R ul U L D FS,6,12,54,6,2,13,3
ur ul L D R U FS,6,12,54,6,2,13,3
ur ul L R D U FS,6,12,54,6,2,17,4
ur ul L R U D FS,6,12,54,6,2,17,4
ur ul R L D U FS,6,12,54,6,2,15,4
ur ul R L U D FS,6,12,54,6,2,15,4
ur ul R U L D FS,6,12,54,6,2,11,2
FS U L R ul ur D,2,11,56,7,2,12,4
FS U L R ur ul D,2,11,56,7,2,14,4
FS U L ul R ur D,2,11,56,7,2,12,3
FS U L ul ur D R,2,11,56,7,2,12,3
FS U L ul ur R D,2,11,56,7,2,14,3
FS U L ur D ul R,2,11,56,7,2,8,2
FS U L ur R ul D,2,11,56,7,2,10,3
FS U L ur ul D R,2,11,56,7,2,10,2
FS U L ur ul R D,2,11,56,7,2,10,2
FS U R L ul ur D,2,11,56,7,2,14,4
FS U R L ur ul D,2,11,56,7,2,12,4
FS U R ul D ur L,2,11,56,7,2,8,2
FS U R ul L ur D,2,11,56,7,2,10,3
FS U R ul ur D L,2,11,56,7,2,10,2
FS U R ul ur L D,2,11,56,7,2,10,2
FS U R ur L ul D,2,11,56,7,2,12,3
FS U R ur ul D L,2,11,56,7,2,12,3
FS U R ur ul L D,2,11,56,7,2,14,3
FS U ul L R ur D,2,11,56,7,2,16,4
FS U ul L ur D R,2,11,56,7,2,12,3
FS U ul L ur R D,2,11,56,7,2,14,3
FS U ul R D ur L,2,11,56,7,2,10,3
FS U ul R L ur D,2,11,56,7,2,12,4
FS U ul R ur D L,2,11,56,7,2,12,3
FS U ul R ur L D,2,11,56,7,2,12,3
FS U ul ur L D R,2,11,56,7,2,12,3
FS U ul ur L R D,2,11,56,7,2,14,4
FS U ul ur R D L,2,11,56,7,2,14,3
FS U ul ur R L D,2,11,56,7,2,16,4
FS U ur L D ul R,2,11,56,7,2,10,3
FS U ur L R ul D,2,11,56,7,2,12,4
FS U ur L ul D R,2,11,56,7,2,12,3
FS U ur L ul R D,2,11,56,7,2,12,3
FS U ur R L ul D,2,11,56,7,2,16,4
FS U ur R ul D L,2,11,56,7,2,12,3
FS U ur R ul L D,2,11,56,7,2,14,3
FS U ur ul L D R,2,11,56,7,2,14,3
FS U ur ul L R D,2,11,56,7,2,16,4
FS U ur ul R D L,2,11,56,7,2,12,3
FS U ur ul R L D,2,11,56,7,2,14,4
FS ul U L R ur D,2,11,56,7,2,14,4
FS ul U L ur D R,2,11,56,7,2,10,3
FS ul U L ur R D,2,11,56,7,2,12,3
FS ul U R D ur L,2,11,56,7,2,10,3
FS ul U R L ur D,2,11,56,7,2,12,4
FS ul U R ur D L,2,11,56,7,2,12,3
FS ul U R ur L D,2,11,56,7,2,12,3
FS ul U ur L D R,2,11,56,7,2,12,3
FS ul U ur L R D,2,11,56,7,2,14,4
FS ul U ur R D L,2,11,56,7,2,14,3
FS ul U ur R L D,2,11,56,7,2,16,4
FS ul ur U L D R,2,11,56,7,2,12,3
FS ul ur U L R D,2,11,56,7,2,14,4
FS ul ur U R D L,2,11,56,7,2,12,3
FS ul ur U R L D,2,11,56,7,2,14,4
FS ur U L D ul R,2,11,56,7,2,12,3
FS ur U L R ul D,2,11,56,7,2,14,4
FS ur U L ul D R,2,11,56,7,2,14,3
FS ur U L ul R D,2,11,56,7,2,14,3
FS ur U R L ul D,2,11,56,7,2,16,4
FS ur U R ul D L,2,11,56,7,2,12,3
FS ur U R ul L D,2,11,56,7,2,14,3
FS ur U ul L D R,2,11,56,7,2,16,3
FS ur U ul L R D,2,11,56,7,2,18,4
FS ur U ul R D L,2,11,56,7,2,14,3
FS ur U ul R L D,2,11,56,7,2,16,4
FS ur ul U L D R,2,11,56,7,2,14,3
FS ur ul U L R D,2,11,56,7,2,16,4
FS ur ul U R D L,2,11,56,7,2,14,3
FS ur ul U R L D,2,11,56,7,2,16,4
U FS L R ul ur D,2,11,56,7,2,12,4
U FS L R ur ul D,2,11,56,7,2,14,4
U FS L ul R ur D,2,11,56,7,2,12,3
U FS L ul ur D R,2,11,56,7,2,12,3
U FS L ul ur R D,2,11,56,7,2,14,3
U FS L ur D ul R,2,11,56,7,2,8,2
U FS L ur R ul D,2,11,56,7,2,10,3
U FS L ur ul D R,2,11,56,7,2,10,2
U FS L ur ul R D,2,11,56,7,2,10,2
U FS R L ul ur D,2,11,56,7,2,14,4
U FS R L ur ul D,2,11,56,7,2,12,4
U FS R ul D ur L,2,11,56,7,2,8,2
U FS R ul L ur D,2,11,56,7,2,10,3
U FS R ul ur D L,2,11,56,7,2,10,2
U FS R ul ur L D,2,11,56,7,2,10,2
U FS R ur L ul D,2,11,56,7,2,12,3
U FS R ur ul D L,2,11,56,7,2,12,3
U FS R ur ul L D,2,11,56,7,2,14,3
U FS ul L R ur D,2,11,56,7,2,14,4
U FS ul L ur D R,2,11,56,7,2,10,3
U FS ul L ur R D,2,11,56,7,2,12,3
U FS ul R D ur L,2,11,56,7,2,8,2
U FS ul R L ur D,2,11,56,7,2,10,4
U FS ul R ur D L,2,11,56,7,2,10,3
U FS ul R ur L D,2,11,56,7,2,10,3
U FS ul ur L D R,2,11,56,7,2,10,2
U FS ul ur L R D,2,11,56,7,2,12,4
U FS ul ur R D L,2,11,56,7,2,12,3
U FS ul ur R L D,2,11,56,7,2,14,4
U FS ur L D ul R,2,11,56,7,2,10,3
U FS ur L R ul D,2,11,56,7,2,12,4
U FS ur L ul D R,2,11,56,7,2,12,3
U FS ur L ul R D,2,11,56,7,2,12,3
U FS ur R L ul D,2,11,56,7,2,16,4
U FS ur R ul D L,2,11,56,7,2,12,3
U FS ur R ul L D,2,11,56,7,2,14,3
U FS ur ul L D R,2,11,56,7,2,14,3
U FS ur ul L R D,2,11,56,7,2,16,4
U FS ur ul R D L,2,11,56,7,2,12,3
U FS ur ul R L D,2,11,56,7,2,14,4
U R FS L ul ur D,2,11,56,7,2,12,3
U R FS L ur ul D,2,11,56,7,2,10,2
U R FS ul D ur L,2,11,56,7,2,8,2
U R FS ul L ur D,2,11,56,7,2,10,3
U R FS ul ur D L,2,11,56,7,2,10,2
U R FS ul ur L D,2,11,56,7,2,10,2
U R FS ur L ul D,2,11,56,7,2,12,3
U R FS ur ul D L,2,11,56,7,2,12,3
U R FS ur ul L D,2,11,56,7,2,14,3
U R ul FS D ur L,2,11,56,7,2,8,2
U R ul FS L ur D,2,11,56,7,2,8,2
U R ul FS ur D L,2,11,56,7,2,10,3
U R ul FS ur L D,2,11,56,7,2,10,3
U R ul ur FS D L,2,11,56,7,2,12,3
U R ul ur FS L D,2,11,56,7,2,12,3
U R ur FS L ul D,2,11,56,7,2,14,3
U R ur FS ul D L,2,11,56,7,2,12,3
U R ur FS ul L D,2,11,56,7,2,14,3
U R ur ul FS D L,2,11,56,7,2,12,3
U R ur ul FS L D,2,11,56,7,2,12,3
U ul FS L R ur D,2,11,56,7,2,14,4
U ul FS L ur D R,2,11,56,7,2,10,3
U ul FS L ur R D,2,11,56,7,2,12,3
U ul FS R D ur L,2,11,56,7,2,10,3
U ul FS R L ur D,2,11,56,7,2,12,4
U ul FS R ur D L,2,11,56,7,2,12,3
U ul FS R ur L D,2,11,56,7,2,12,3
U ul FS ur L D R,2,11,56,7,2,12,3
U ul FS ur L R D,2,11,56,7,2,14,4
U ul FS ur R D L,2,11,56,7,2,14,3
U ul FS ur R L D,2,11,56,7,2,16,4
U ul R FS D ur L,2,11,56,7,2,10,3
U ul R FS L ur D,2,11,56,7,2,10,3
U ul R FS ur D L,2,11,56,7,2,12,3
U ul R FS ur L D,2,11,56,7,2,12,3
U ul R ur FS D L,2,11,56,7,2,14,3
U ul R ur FS L D,2,11,56,7,2,14,3
U ul ur FS L D R,2,11,56,7,2,14,3
U ul ur FS L R D,2,11,56,7,2,16,4
U ul ur FS R D L,2,11,56,7,2,14,3
U ul ur FS R L D,2,11,56,7,2,16,4
U ul ur R FS D L,2,11,56,7,2,14,3
U ul ur R FS L D,2,11,56,7,2,14,3
U ur FS L D ul R,2,11,56,7,2,12,3
U ur FS L R ul D,2,11,56,7,2,14,4
U ur FS L ul D R,2,11,56,7,2,14,3
U ur FS L ul R D,2,11,56,7,2,14,3
U ur FS R L ul D,2,11,56,7,2,16,4
U ur FS R ul D L,2,11,56,7,2,12,3
U ur FS R ul L D,2,11,56,7,2,14,3
U ur FS ul L D R,2,11,56,7,2,14,3
U ur FS ul L R D,2,11,56,7,2,16,4
U ur FS ul R D L,2,11,56,7,2,12,3
U ur FS ul R L D,2,11,56,7,2,14,4
U ur R FS L ul D,2,11,56,7,2,14,3
U ur R FS ul D L,2,11,56,7,2,12,3
U ur R FS ul L D,2,11,56,7,2,14,3
U ur R ul FS D L,2,11,56,7,2,12,3
U ur R ul FS L D,2,11,56,7,2,12,3
U ur ul FS L D R,2,11,56,7,2,12,3
U ur ul FS L R D,2,11,56,7,2,14,4
U ur ul FS R D L,2,11,56,7,2,12,3
U ur ul FS R L D,2,11,56,7,2,14,4
U ur ul R FS D L,2,11,56,7,2,12,3
U ur ul R FS L D,2,11,56,7,2,12,3
ul FS U L R ur D,2,11,56,7,2,13,4
ul FS U L ur D R,2,11,56,7,2,9,2
ul FS U L ur R D,2,11,56,7,2,11,3
ul FS U R D ur L,2,11,56,7,2,9,2
ul FS U R L ur D,2,11,56,7,2,11,4
ul FS U R ur D L,2,11,56,7,2,11,3
ul FS U R ur L D,2,11,56,7,2,11,3
ul FS U ur L D R,2,11,56,7,2,11,3
ul FS U ur L R D,2,11,56,7,2,13,4
ul FS U ur R D L,2,11,56,7,2,13,3
ul FS U ur R L D,2,11,56,7,2,15,4
ul FS ur U L D R,2,11,56,7,2,13,3
ul FS ur U L R D,2,11,56,7,2,15,4
ul FS ur U R D L,2,11,56,7,2,13,3
ul FS ur U R L D,2,11,56,7,2,15,4
ul U FS L R ur D,2,11,56,7,2,15,4
ul U FS L ur D R,2,11,56,7,2,11,3
ul U FS L ur R D,2,11,56,7,2,13,3
ul U FS R D ur L,2,11,56,7,2,11,3
ul U FS R L ur D,2,11,56,7,2,13,4
ul U FS R ur D L,2,11,56,7,2,13,3
ul U FS R ur L D,2,11,56,7,2,13,3
ul U FS ur L D R,2,11,56,7,2,13,3
ul U FS ur L R D,2,11,56,7,2,15,4
ul U FS ur R D L,2,11,56,7,2,15,3
ul U FS ur R L D,2,11,56,7,2,17,4
ul U R FS D ur L,2,11,56,7,2,11,3
ul U R FS L ur D,2,11,56,7,2,11,3
ul U R FS ur D L,2,11,56,7,2,13,3
ul U R FS ur L D,2,11,56,7,2,13,3
ul U R ur FS D L,2,11,56,7,2,15,3
ul U R ur FS L D,2,11,56,7,2,15,3
ul U ur FS L D R,2,11,56,7,2,15,3
ul U ur FS L R D,2,11,56,7,2,17,4
ul U ur FS R D L,2,11,56,7,2,15,3
ul U ur FS R L D,2,11,56,7,2,17,4
ul U ur R FS D L,2,11,56,7,2,15,3
ul U ur R FS L D,2,11,56,7,2,15,3
ul ur FS U L D R,2,11,56,7,2,13,3
ul ur FS U L R D,2,11,56,7,2,15,4
ul ur FS U R D L,2,11,56,7,2,13,3
ul ur FS U R L D,2,11,56,7,2,15,4
ul ur U FS L D R,2,11,56,7,2,13,3
ul ur U FS L R D,2,11,56,7,2,15,4
ul ur U FS R D L,2,11,56,7,2,13,3
ul ur U FS R L D,2,11,56,7,2,15,4
ul ur U R FS D L,2,11,56,7,2,13,3
ul ur U R FS L D,2,11,56,7,2,13,3
ur FS U L D ul R,2,11,56,7,2,11,3
ur FS U L R ul D,2,11,56,7,2,13,4
ur FS U L ul D R,2,11,56,7,2,13,3
ur FS U L ul R D,2,11,56,7,2,13,3
ur FS U R L ul D,2,11,56,7,2,15,4
ur FS U R ul D L,2,11,56,7,2,11,3
ur FS U R ul L D,2,11,56,7,2,13,3
ur FS U ul L D R,2,11,56,7,2,15,3
ur FS U ul L R D,2,11,56,7,2,17,4
ur FS U ul R D L,2,11,56,7,2,13,3
ur FS U ul R L D,2,11,56,7,2,15,4
ur FS ul U L D R,2,11,56,7,2,13,3
ur FS ul U L R D,2,11,56,7,2,15,4
ur FS ul U R D L,2,11,56,7,2,13,3
ur FS ul U R L D,2,11,56,7,2,15,4
ur U FS L D ul R,2,11,56,7,2,11,3
ur U FS L R ul D,2,11,56,7,2,13,4
ur U FS L ul D R,2,11,56,7,2,13,3
ur U FS L ul R D,2,11,56,7,2,13,3
ur U FS R L ul D,2,11,56,7,2,15,4
ur U FS R ul D L,2,11,56,7,2,11,3
ur U FS R ul L D,2,11,56,7,2,13,3
ur U FS ul L D R,2,11,56,7,2,13,3
ur U FS ul L R D,2,11,56,7,2,15,4
ur U FS ul R D L,2,11,56,7,2,11,3
ur U FS ul R L D,2,11,56,7,2,13,4
ur U R FS L ul D,2,11,56,7,2,13,3
ur U R FS ul D L,2,11,56,7,2,11,3
ur U R FS ul L D,2,11,56,7,2,13,3
ur U R ul FS D L,2,11,56,7,2,11,3
ur U R ul FS L D,2,11,56,7,2,11,3
ur U ul FS L D R,2,11,56,7,2,13,3
ur U ul FS L R D,2,11,56,7,2,15,4
ur U ul FS R D L,2,11,56,7,2,13,3
ur U ul FS R L D,2,11,56,7,2,15,4
ur U ul R FS D L,2,11,56,7,2,13,3
ur U ul R FS L D,2,11,56,7,2,13,3
ur ul FS U L D R,2,11,56,7,2,11,2
ur ul FS U L R D,2,11,56,7,2,13,4
ur ul FS U R D L,2,11,56,7,2,11,2
ur ul FS U R L D,2,11,56,7,2,13,4
ur ul U FS L D R,2,11,56,7,2,13,3
ur ul U FS L R D,2,11,56,7,2,15,4
ur ul U FS R D L,2,11,56,7,2,13,3
ur ul U FS R L D,2,11,56,7,2,15,4
ur ul U R FS D L,2,11,56,7,2,13,3
ur ul U R FS L D,2,11,56,7,2,13,3
D L U FS R ul ur,2,12,56,7,2,11,2
D L U FS R ur ul,2,12,56,7,2,13,3
D L U FS ul R ur,2,12,56,7,2,11,3
D L U FS ur R ul,2,12,56,7,2,13,3
D L U R FS ul ur,2,12,56,7,2,11,2
D L U R FS ur ul,2,12,56,7,2,13,3
D L U R ul FS ur,2,12,56,7,2,11,3
D L U R ul ur FS,2,12,56,7,2,12,3
D L U R ur FS ul,2,12,56,7,2,13,3
D L U R ur ul FS,2,12,56,7,2,12,3
D L U ul FS R ur,2,12,56,7,2,13,3
D L U ul R FS ur,2,12,56,7,2,13,3
D L U ul R ur FS,2,12,56,7,2,14,3
D L U ul ur R FS,2,12,56,7,2,14,3
D L U ur FS R ul,2,12,56,7,2,13,3
D L U ur R FS ul,2,12,56,7,2,13,3
D L U ur R ul FS,2,12,56,7,2,12,3
D L U ur ul R FS,2,12,56,7,2,12,3
D L ul U FS R ur,2,12,56,7,2,15,3
D L ul U R FS ur,2,12,56,7,2,15,3
D L ul U R ur FS,2,12,56,7,2,16,3
D L ul U ur R FS,2,12,56,7,2,16,3
D L ul ur U R FS,2,12,56,7,2,14,3
D L ur U FS R ul,2,12,56,7,2,11,3
D L ur U R FS ul,2,12,56,7,2,11,3
D L ur U R ul FS,2,12,56,7,2,10,3
D L ur U ul R FS,2,12,56,7,2,12,3
D L ur ul U R FS,2,12,56,7,2,12,3
D U L FS R ul ur,2,12,56,7,2,13,4
D U L FS R ur ul,2,12,56,7,2,15,4
D U L FS ul R ur,2,12,56,7,2,13,4
D U L FS ur R ul,2,12,56,7,2,15,4
D U L R FS ul ur,2,12,56,7,2,15,4
D U L R FS ur ul,2,12,56,7,2,17,4
D U L R ul FS ur,2,12,56,7,2,15,4
D U L R ul ur FS,2,12,56,7,2,16,4
D U L R ur FS ul,2,12,56,7,2,17,4
D U L R ur ul FS,2,12,56,7,2,16,4
D U L ul FS R ur,2,12,56,7,2,15,4
D U L ul R FS ur,2,12,56,7,2,15,4
D U L ul R ur FS,2,12,56,7,2,16,4
D U L ul ur R FS,2,12,56,7,2,16,4
D U L ur FS R ul,2,12,56,7,2,13,4
D U L ur R FS ul,2,12,56,7,2,13,4
D U L ur R ul FS,2,12,56,7,2,12,4
D U L ur ul R FS,2,12,56,7,2,12,4
D U R L FS ul ur,2,12,56,7,2,15,4
D U R L FS ur ul,2,12,56,7,2,17,4
D U R L ul FS ur,2,12,56,7,2,17,4
D U R L ul ur FS,2,12,56,7,2,18,4
D U R L ur FS ul,2,12,56,7,2,15,4
D U R L ur ul FS,2,12,56,7,2,14,4
D U R ul L FS ur,2,12,56,7,2,15,4
D U R ul L ur FS,2,12,56,7,2,14,4
D U ul L FS R ur,2,12,56,7,2,17,4
D U ul L R FS ur,2,12,56,7,2,19,4
D U ul L R ur FS,2,12,56,7,2,20,4
D U ul L ur R FS,2,12,56,7,2,16,4
D U ul R L FS ur,2,12,56,7,2,17,4
D U ul R L ur FS,2,12,56,7,2,16,4
D ul L U FS R ur,2,12,56,7,2,13,3
D ul L U R FS ur,2,12,56,7,2,13,3
D ul L U R ur FS,2,12,56,7,2,14,3
D ul L U ur R FS,2,12,56,7,2,14,3
D ul L ur U R FS,2,12,56,7,2,12,3
D ul U L FS R ur,2,12,56,7,2,13,3
D ul U L R FS ur,2,12,56,7,2,15,4
D ul U L R ur FS,2,12,56,7,2,16,4
D ul U L ur R FS,2,12,56,7,2,12,3
D ul U R L FS ur,2,12,56,7,2,15,4
D ul U R L ur FS,2,12,56,7,2,14,4
L D U FS R ul ur,2,12,56,7,2,13,4
L D U FS R ur ul,2,12,56,7,2,15,4
L D U FS ul R ur,2,12,56,7,2,13,4
L D U FS ur R ul,2,12,56,7,2,15,4
L D U R FS ul ur,2,12,56,7,2,13,4
L D U R FS ur ul,2,12,56,7,2,15,4
L D U R ul FS ur,2,12,56,7,2,13,4
L D U R ul ur FS,2,12,56,7,2,14,4
L D U R ur FS ul,2,12,56,7,2,15,4
L D U R ur ul FS,2,12,56,7,2,14,4
L D U ul FS R ur,2,12,56,7,2,15,4
L D U ul R FS ur,2,12,56,7,2,15,4
L D U ul R ur FS,2,12,56,7,2,16,4
L D U ul ur R FS,2,12,56,7,2,16,4
L D U ur FS R ul,2,12,56,7,2,15,4
L D U ur R FS ul,2,12,56,7,2,15,4
L D U ur R ul FS,2,12,56,7,2,14,4
L D U ur ul R FS,2,12,56,7,2,14,4
L D ul U FS R ur,2,12,56,7,2,13,3
L D ul U R FS ur,2,12,56,7,2,13,3
L D ul U R ur FS,2,12,56,7,2,14,3
L D ul U ur R FS,2,12,56,7,2,14,3
L D ul ur U R FS,2,12,56,7,2,12,3
L D ur U FS R ul,2,12,56,7,2,11,3
L D ur U R FS ul,2,12,56,7,2,11,3
L D ur U R ul FS,2,12,56,7,2,10,3
L D ur U ul R FS,2,12,56,7,2,12,3
L D ur ul U R FS,2,12,56,7,2,12,3
L U D FS R ul ur,2,12,56,7,2,13,4
L U D FS R ur ul,2,12,56,7,2,15,4
L U D FS ul R ur,2,12,56,7,2,13,4
L U D FS ur R ul,2,12,56,7,2,15,4
L U D R FS ul ur,2,12,56,7,2,13,4
L U D R FS ur ul,2,12,56,7,2,15,4
L U D R ul FS ur,2,12,56,7,2,13,4
L U D R ul ur FS,2,12,56,7,2,14,4
L U D R ur FS ul,2,12,56,7,2,15,4
L U D R ur ul FS,2,12,56,7,2,14,4
L U D ul FS R ur,2,12,56,7,2,13,4
L U D ul R FS ur,2,12,56,7,2,13,4
L U D ul R ur FS,2,12,56,7,2,14,4
L U D ul ur R FS,2,12,56,7,2,14,4
L U D ur FS R ul,2,12,56,7,2,13,4
L U D ur R FS ul,2,12,56,7,2,13,4
L U D ur R ul FS,2,12,56,7,2,12,4
L U D ur ul R FS,2,12,56,7,2,12,4
L U FS D R ul ur,2,12,56,7,2,11,2
L U FS D R ur ul,2,12,56,7,2,13,3
L U FS D ul R ur,2,12,56,7,2,11,3
L U FS D ur R ul,2,12,56,7,2,11,3
L U FS R D ul ur,2,12,56,7,2,11,2
L U FS R D ur ul,2,12,56,7,2,11,2
L U FS ul D R ur,2,12,56,7,2,11,3
L U R D FS ul ur,2,12,56,7,2,11,2
L U R D FS ur ul,2,12,56,7,2,13,3
L U R D ul FS ur,2,12,56,7,2,11,3
L U R D ul ur FS,2,12,56,7,2,12,3
L U R D ur FS ul,2,12,56,7,2,11,3
L U R D ur ul FS,2,12,56,7,2,10,2
L U R FS D ul ur,2,12,56,7,2,11,2
L U R FS D ur ul,2,12,56,7,2,11,2
L U R ul D FS ur,2,12,56,7,2,11,3
L U R ul D ur FS,2,12,56,7,2,10,3
L U ul D FS R ur,2,12,56,7,2,13,3
L U ul D R FS ur,2,12,56,7,2,13,3
L U ul D R ur FS,2,12,56,7,2,14,3
L U ul D ur R FS,2,12,56,7,2,12,3
L U ul FS D R ur,2,12,56,7,2,13,3
L U ul R D FS ur,2,12,56,7,2,13,3
L U ul R D ur FS,2,12,56,7,2,12,3
L ul D U FS R ur,2,12,56,7,2,15,4
L ul D U R FS ur,2,12,56,7,2,15,4
L ul D U R ur FS,2,12,56,7,2,16,4
L ul D U ur R FS,2,12,56,7,2,16,4
L ul D ur U R FS,2,12,56,7,2,12,3
L ul U D FS R ur,2,12,56,7,2,17,4
L ul U D R FS ur,2,12,56,7,2,17,4
L ul U D R ur FS,2,12,56,7,2,18,4
L ul U D ur R FS,2,12,56,7,2,16,4
L ul U FS D R ur,2,12,56,7,2,15,3
L ul U R D FS ur,2,12,56,7,2,15,3
L ul U R D ur FS,2,12,56,7,2,14,3
U D L FS R ul ur,2,12,56,7,2,13,4
U D L FS R ur ul,2,12,56,7,2,15,4
U D L FS ul R ur,2,12,56,7,2,13,4
U D L FS ur R ul,2,12,56,7,2,15,4
U D L R FS ul ur,2,12,56,7,2,15,4
U D L R FS ur ul,2,12,56,7,2,17,4
U D L R ul FS ur,2,12,56,7,2,15,4
U D L R ul ur FS,2,12,56,7,2,16,4
U D L R ur FS ul,2,12,56,7,2,17,4
U D L R ur ul FS,2,12,56,7,2,16,4
U D L ul FS R ur,2,12,56,7,2,15,4
U D L ul R FS ur,2,12,56,7,2,15,4
U D L ul R ur FS,2,12,56,7,2,16,4
U D L ul ur R FS,2,12,56,7,2,16,4
U D L ur FS R ul,2,12,56,7,2,13,4
U D L ur R FS ul,2,12,56,7,2,13,4
U D L ur R ul FS,2,12,56,7,2,12,4
U D L ur ul R FS,2,12,56,7,2,12,4
U D R L FS ul ur,2,12,56,7,2,15,4
U D R L FS ur ul,2,12,56,7,2,17,4
U D R L ul FS ur,2,12,56,7,2,17,4
U D R L ul ur FS,2,12,56,7,2,18,4
U D R L ur FS ul,2,12,56,7,2,15,4
U D R L ur ul FS,2,12,56,7,2,14,4
U D R ul L FS ur,2,12,56,7,2,15,4
U D R ul L ur FS,2,12,56,7,2,14,4
U D ul L FS R ur,2,12,56,7,2,15,4
U D ul L R FS ur,2,12,56,7,2,17,4
U D ul L R ur FS,2,12,56,7,2,18,4
U D ul L ur R FS,2,12,56,7,2,14,4
U D ul R L FS ur,2,12,56,7,2,15,4
U D ul R L ur FS,2,12,56,7,2,14,4
U L D FS R ul ur,2,12,56,7,2,11,2
U L D FS R ur ul,2,12,56,7,2,13,3
U L D FS ul R ur,2,12,56,7,2,11,3
U L D FS ur R ul,2,12,56,7,2,13,3
U L D R FS ul ur,2,12,56,7,2,11,2
U L D R FS ur ul,2,12,56,7,2,13,3
U L D R ul FS ur,2,12,56,7,2,11,3
U L D R ul ur FS,2,12,56,7,2,12,3
U L D R ur FS ul,2,12,56,7,2,13,3
U L D R ur ul FS,2,12,56,7,2,12,3
U L D ul FS R ur,2,12,56,7,2,11,3
U L D ul R FS ur,2,12,56,7,2,11,3
U L D ul R ur FS,2,12,56,7,2,12,3
U L D ul ur R FS,2,12,56,7,2,12,3
U L D ur FS R ul,2,12,56,7,2,11,3
U L D ur R FS ul,2,12,56,7,2,11,3
U L D ur R ul FS,2,12,56,7,2,10,3
U L D ur ul R FS,2,12,56,7,2,10,2
U L FS D R ul ur,2,12,56,7,2,11,2
U L FS D R ur ul,2,12,56,7,2,13,3
U L FS D ul R ur,2,12,56,7,2,11,3
U L FS D ur R ul,2,12,56,7,2,11,3
U L FS R D ul ur,2,12,56,7,2,11,2
U L FS R D ur ul,2,12,56,7,2,11,2
U L FS ul D R ur,2,12,56,7,2,11,3
U L R D FS ul ur,2,12,56,7,2,13,4
U L R D FS ur ul,2,12,56,7,2,15,4
U L R D ul FS ur,2,12,56,7,2,13,4
U L R D ul ur FS,2,12,56,7,2,14,4
U L R D ur FS ul,2,12,56,7,2,13,4
U L R D ur ul FS,2,12,56,7,2,12,4
U L R FS D ul ur,2,12,56,7,2,13,4
U L R FS D ur ul,2,12,56,7,2,13,4
U L R ul D FS ur,2,12,56,7,2,13,4
U L R ul D ur FS,2,12,56,7,2,12,4
U L ul D FS R ur,2,12,56,7,2,13,3
U L ul D R FS ur,2,12,56,7,2,13,3
U L ul D R ur FS,2,12,56,7,2,14,3
U L ul D ur R FS,2,12,56,7,2,12,3
U L ul FS D R ur,2,12,56,7,2,13,3
U L ul R D FS ur,2,12,56,7,2,13,3
U L ul R D ur FS,2,12,56,7,2,12,3
U R D L FS ul ur,2,12,56,7,2,11,2
U R D L FS ur ul,2,12,56,7,2,13,3
U R D L ul FS ur,2,12,56,7,2,13,3
U R D L ul ur FS,2,12,56,7,2,14,3
U R D L ur FS ul,2,12,56,7,2,11,3
U R D L ur ul FS,2,12,56,7,2,10,2
U R D ul L FS ur,2,12,56,7,2,13,3
U R D ul L ur FS,2,12,56,7,2,12,3
U R L D FS ul ur,2,12,56,7,2,13,4
U R L D FS ur ul,2,12,56,7,2,15,4
U R L D ul FS ur,2,12,56,7,2,13,4
U R L D ul ur FS,2,12,56,7,2,14,4
U R L D ur FS ul,2,12,56,7,2,13,4
U R L D ur ul FS,2,12,56,7,2,12,4
U R L FS D ul ur,2,12,56,7,2,13,4
U R L FS D ur ul,2,12,56,7,2,13,4
U R L ul D FS ur,2,12,56,7,2,15,4
U R L ul D ur FS,2,12,56,7,2,14,4
U R ul D L FS ur,2,12,56,7,2,11,3
U R ul D L ur FS,2,12,56,7,2,10,3
U R ul L D FS ur,2,12,56,7,2,13,3
U R ul L D ur FS,2,12,56,7,2,12,3
U ul D L FS R ur,2,12,56,7,2,13,3
U ul D L R FS ur,2,12,56,7,2,15,4
U ul D L R ur FS,2,12,56,7,2,16,4
U ul D L ur R FS,2,12,56,7,2,12,3
U ul D R L FS ur,2,12,56,7,2,15,4
U ul D R L ur FS,2,12,56,7,2,14,4
U ul L D FS R ur,2,12,56,7,2,15,3
U ul L D R FS ur,2,12,56,7,2,15,3
U ul L D R ur FS,2,12,56,7,2,16,3
U ul L D ur R FS,2,12,56,7,2,14,3
U ul L FS D R ur,2,12,56,7,2,15,3
U ul L R D FS ur,2,12,56,7,2,17,4
U ul L R D ur FS,2,12,56,7,2,16,4
U ul R D L FS ur,2,12,56,7,2,13,3
U ul R D L ur FS,2,12,56,7,2,12,3
U ul R L D FS ur,2,12,56,7,2,15,4
U ul R L D ur FS,2,12,56,7,2,14,4
ul D L U FS R ur,2,12,56,7,2,12,3
ul D L U R FS ur,2,12,56,7,2,12,3
ul D L U R ur FS,2,12,56,7,2,13,3
ul D L U ur R FS,2,12,56,7,2,13,3
ul D L ur U R FS,2,12,56,7,2,11,3
ul D U L FS R ur,2,12,56,7,2,14,4
ul D U L R FS ur,2,12,56,7,2,16,4
ul D U L R ur FS,2,12,56,7,2,17,4
ul D U L ur R FS,2,12,56,7,2,13,4
ul D U R L FS ur,2,12,56,7,2,16,4
ul D U R L ur FS,2,12,56,7,2,15,4
ul L D U FS R ur,2,12,56,7,2,16,4
ul L D U R FS ur,2,12,56,7,2,16,4
ul L D U R ur FS,2,12,56,7,2,17,4
ul L D U ur R FS,2,12,56,7,2,17,4
ul L D ur U R FS,2,12,56,7,2,13,3
ul L U D FS R ur,2,12,56,7,2,16,4
ul L U D R FS ur,2,12,56,7,2,16,4
ul L U D R ur FS,2,12,56,7,2,17,4
ul L U D ur R FS,2,12,56,7,2,15,4
ul L U FS D R ur,2,12,56,7,2,14,3
ul L U R D FS ur,2,12,56,7,2,14,3
ul L U R D ur FS,2,12,56,7,2,13,3
ul U D L FS R ur,2,12,56,7,2,16,4
ul U D L R FS ur,2,12,56,7,2,18,4
ul U D L R ur FS,2,12,56,7,2,19,4
ul U D L ur R FS,2,12,56,7,2,15,4
ul U D R L FS ur,2,12,56,7,2,18,4
ul U D R L ur FS,2,12,56,7,2,17,4
ul U L D FS R ur,2,12,56,7,2,14,3
ul U L D R FS ur,2,12,56,7,2,14,3
ul U L D R ur FS,2,12,56,7,2,15,3
ul U L D ur R FS,2,12,56,7,2,13,3
ul U L FS D R ur,2,12,56,7,2,14,3
ul U L R D FS ur,2,12,56,7,2,16,4
ul U L R D ur FS,2,12,56,7,2,15,4
ul U R D L FS ur,2,12,56,7,2,14,3
ul U R D L ur FS,2,12,56,7,2,13,3
ul U R L D FS ur,2,12,56,7,2,16,4
ul U R L D ur FS,2,12,56,7,2,15,4
D FS ul R U ur L,6,11,60,7,2,10,3
D FS ul R ur L U,6,11,60,7,2,10,3
D FS ul R ur U L,6,11,60,7,2,12,3
D FS ul ur L R U,6,11,60,7,2,12,4
D FS ul ur L U R,6,11,60,7,2,10,2
D FS ul ur R L U,6,11,60,7,2,14,4
D FS ul ur R U L,6,11,60,7,2,12,3
D FS ur L U ul R,6,11,60,7,2,12,3
D FS ur L ul R U,6,11,60,7,2,12,3
D FS ur L ul U R,6,11,60,7,2,14,3
D FS ur ul L R U,6,11,60,7,2,16,4
D FS ur ul L U R,6,11,60,7,2,14,3
D FS ur ul R L U,6,11,60,7,2,14,4
D FS ur ul R U L,6,11,60,7,2,12,3
D ul FS R U ur L,6,11,60,7,2,10,3
D ul FS R ur L U,6,11,60,7,2,10,3
D ul FS R ur U L,6,11,60,7,2,12,3
D ul FS ur L R U,6,11,60,7,2,12,4
D ul FS ur L U R,6,11,60,7,2,10,3
D ul FS ur R L U,6,11,60,7,2,14,4
D ul FS ur R U L,6,11,60,7,2,12,3
D ul ur FS L R U,6,11,60,7,2,14,4
D ul ur FS L U R,6,11,60,7,2,12,3
D ul ur FS R L U,6,11,60,7,2,14,4
D ul ur FS R U L,6,11,60,7,2,12,3
D ul ur L FS R U,6,11,60,7,2,10,2
D ul ur L FS U R,6,11,60,7,2,10,2
D ur FS L U ul R,6,11,60,7,2,12,3
D ur FS L ul R U,6,11,60,7,2,12,3
D ur FS L ul U R,6,11,60,7,2,14,3
D ur FS ul L R U,6,11,60,7,2,14,4
D ur FS ul L U R,6,11,60,7,2,12,3
D ur FS ul R L U,6,11,60,7,2,12,4
D ur FS ul R U L,6,11,60,7,2,10,3
D ur L FS U ul R,6,11,60,7,2,10,3
D ur L FS ul R U,6,11,60,7,2,8,2
D ur L FS ul U R,6,11,60,7,2,10,3
D ur L ul FS R U,6,11,60,7,2,10,3
D ur L ul FS U R,6,11,60,7,2,10,3
D ur ul FS L R U,6,11,60,7,2,12,4
D ur ul FS L U R,6,11,60,7,2,10,2
D ur ul FS R L U,6,11,60,7,2,12,4
D ur ul FS R U L,6,11,60,7,2,10,2
D ur ul L FS R U,6,11,60,7,2,12,3
D ur ul L FS U R,6,11,60,7,2,12,3
FS D ul R U ur L,6,11,60,7,2,10,3
FS D ul R ur L U,6,11,60,7,2,10,3
FS D ul R ur U L,6,11,60,7,2,12,3
FS D ul ur L R U,6,11,60,7,2,12,4
FS D ul ur L U R,6,11,60,7,2,10,2
FS D ul ur R L U,6,11,60,7,2,14,4
FS D ul ur R U L,6,11,60,7,2,12,3
FS D ur L U ul R,6,11,60,7,2,10,3
FS D ur L ul R U,6,11,60,7,2,10,3
FS D ur L ul U R,6,11,60,7,2,12,3
FS D ur ul L R U,6,11,60,7,2,14,4
FS D ur ul L U R,6,11,60,7,2,12,3
FS D ur ul R L U,6,11,60,7,2,12,4
FS D ur ul R U L,6,11,60,7,2,10,2
FS R U L ul ur D,6,11,60,7,2,12,3
FS R U L ur ul D,6,11,60,7,2,10,2
FS R U ul D ur L,6,11,60,7,2,10,3
FS R U ul L ur D,6,11,60,7,2,12,3
FS R U ul ur D L,6,11,60,7,2,12,3
FS R U ul ur L D,6,11,60,7,2,12,3
FS R U ur L ul D,6,11,60,7,2,12,3
FS R U ur ul D L,6,11,60,7,2,12,3
FS R U ur ul L D,6,11,60,7,2,14,3
FS R ul D U ur L,6,11,60,7,2,12,4
FS R ul D ur L U,6,11,60,7,2,8,2
FS R ul D ur U L,6,11,60,7,2,10,3
FS R ul U D ur L,6,11,60,7,2,12,4
FS R ul U L ur D,6,11,60,7,2,10,3
FS R ul U ur D L,6,11,60,7,2,12,3
FS R ul U ur L D,6,11,60,7,2,12,3
FS R ul ur D L U,6,11,60,7,2,10,2
FS R ul ur D U L,6,11,60,7,2,12,4
FS R ul ur U D L,6,11,60,7,2,14,4
FS R ul ur U L D,6,11,60,7,2,12,3
FS R ur U L ul D,6,11,60,7,2,14,3
FS R ur U ul D L,6,11,60,7,2,14,3
FS R ur U ul L D,6,11,60,7,2,16,3
FS R ur ul D L U,6,11,60,7,2,12,3
FS R ur ul D U L,6,11,60,7,2,14,4
FS R ur ul U D L,6,11,60,7,2,16,4
FS R ur ul U L D,6,11,60,7,2,14,3
FS ul D R U ur L,6,11,60,7,2,10,3
FS ul D R ur L U,6,11,60,7,2,10,3
FS ul D R ur U L,6,11,60,7,2,12,3
FS ul D ur L R U,6,11,60,7,2,10,4
FS ul D ur L U R,6,11,60,7,2,8,2
FS ul D ur R L U,6,11,60,7,2,12,4
FS ul D ur R U L,6,11,60,7,2,10,3
FS ul R D U ur L,6,11,60,7,2,12,4
FS ul R D ur L U,6,11,60,7,2,8,2
FS ul R D ur U L,6,11,60,7,2,10,3
FS ul R U D ur L,6,11,60,7,2,10,4
FS ul R U L ur D,6,11,60,7,2,8,2
FS ul R U ur D L,6,11,60,7,2,10,3
FS ul R U ur L D,6,11,60,7,2,10,3
FS ul R ur D L U,6,11,60,7,2,10,3
FS ul R ur D U L,6,11,60,7,2,12,4
FS ul R ur U D L,6,11,60,7,2,14,4
FS ul R ur U L D,6,11,60,7,2,12,3
FS ul ur D L R U,6,11,60,7,2,12,4
FS ul ur D L U R,6,11,60,7,2,10,2
FS ul ur D R L U,6,11,60,7,2,12,4
FS ul ur D R U L,6,11,60,7,2,10,2
FS ul ur R D L U,6,11,60,7,2,12,3
FS ul ur R D U L,6,11,60,7,2,14,4
FS ul ur R U D L,6,11,60,7,2,14,4
FS ul ur R U L D,6,11,60,7,2,12,3
FS ur D L U ul R,6,11,60,7,2,12,3
FS ur D L ul R U,6,11,60,7,2,12,3
FS ur D L ul U R,6,11,60,7,2,14,3
FS ur D ul L R U,6,11,60,7,2,14,4
FS ur D ul L U R,6,11,60,7,2,12,3
FS ur D ul R L U,6,11,60,7,2,12,4
FS ur D ul R U L,6,11,60,7,2,10,3
FS ur R U L ul D,6,11,60,7,2,14,3
FS ur R U ul D L,6,11,60,7,2,14,3
FS ur R U ul L D,6,11,60,7,2,16,3
FS ur R ul D L U,6,11,60,7,2,12,3
FS ur R ul D U L,6,11,60,7,2,14,4
FS ur R ul U D L,6,11,60,7,2,16,4
FS ur R ul U L D,6,11,60,7,2,14,3
FS ur ul D L R U,6,11,60,7,2,14,4
FS ur ul D L U R,6,11,60,7,2,12,3
FS ur ul D R L U,6,11,60,7,2,14,4
FS ur ul D R U L,6,11,60,7,2,12,3
FS ur ul R D L U,6,11,60,7,2,12,3
FS ur ul R D U L,6,11,60,7,2,14,4
FS ur ul R U D L,6,11,60,7,2,14,4
FS ur ul R U L D,6,11,60,7,2,12,3
R FS U L ul ur D,6,11,60,7,2,12,3
R FS U L ur ul D,6,11,60,7,2,10,2
R FS U ul D ur L,6,11,60,7,2,10,3
R FS U ul L ur D,6,11,60,7,2,12,3
R FS U ul ur D L,6,11,60,7,2,12,3
R FS U ul ur L D,6,11,60,7,2,12,3
R FS U ur L ul D,6,11,60,7,2,12,3
R FS U ur ul D L,6,11,60,7,2,12,3
R FS U ur ul L D,6,11,60,7,2,14,3
R FS ul D U ur L,6,11,60,7,2,12,4
R FS ul D ur L U,6,11,60,7,2,8,2
R FS ul D ur U L,6,11,60,7,2,10,3
R FS ul U D ur L,6,11,60,7,2,12,4
R FS ul U L ur D,6,11,60,7,2,10,3
R FS ul U ur D L,6,11,60,7,2,12,3
R FS ul U ur L D,6,11,60,7,2,12,3
R FS ul ur D L U,6,11,60,7,2,10,2
R FS ul ur D U L,6,11,60,7,2,12,4
R FS ul ur U D L,6,11,60,7,2,14,4
R FS ul ur U L D,6,11,60,7,2,12,3
R FS ur U L ul D,6,11,60,7,2,14,3
R FS ur U ul D L,6,11,60,7,2,14,3
R FS ur U ul L D,6,11,60,7,2,16,3
R FS ur ul D L U,6,11,60,7,2,12,3
R FS ur ul D U L,6,11,60,7,2,14,4
R FS ur ul U D L,6,11,60,7,2,16,4
R FS ur ul U L D,6,11,60,7,2,14,3
R U FS L ul ur D,6,11,60,7,2,12,3
R U FS L ur ul D,6,11,60,7,2,10,2
R U FS ul D ur L,6,11,60,7,2,8,2
R U FS ul L ur D,6,11,60,7,2,10,3
R U FS ul ur D L,6,11,60,7,2,10,2
R U FS ul ur L D,6,11,60,7,2,10,2
R U FS ur L ul D,6,11,60,7,2,12,3
R U FS ur ul D L,6,11,60,7,2,12,3
R U FS ur ul L D,6,11,60,7,2,14,3
R U ul FS D ur L,6,11,60,7,2,10,3
R U ul FS L ur D,6,11,60,7,2,10,3
R U ul FS ur D L,6,11,60,7,2,12,3
R U ul FS ur L D,6,11,60,7,2,12,3
R U ul ur FS D L,6,11,60,7,2,14,3
R U ul ur FS L D,6,11,60,7,2,14,3
R U ur FS L ul D,6,11,60,7,2,14,3
R U ur FS ul D L,6,11,60,7,2,12,3
R U ur FS ul L D,6,11,60,7,2,14,3
R U ur ul FS D L,6,11,60,7,2,12,3
R U ur ul FS L D,6,11,60,7,2,12,3
R ul FS D U ur L,6,11,60,7,2,12,4
R ul FS D ur L U,6,11,60,7,2,8,2
R ul FS D ur U L,6,11,60,7,2,10,3
R ul FS U D ur L,6,11,60,7,2,10,4
R ul FS U L ur D,6,11,60,7,2,8,2
R ul FS U ur D L,6,11,60,7,2,10,3
R ul FS U ur L D,6,11,60,7,2,10,3
R ul FS ur D L U,6,11,60,7,2,10,3
R ul FS ur D U L,6,11,60,7,2,12,4
R ul FS ur U D L,6,11,60,7,2,14,4
R ul FS ur U L D,6,11,60,7,2,12,3
R ul U FS D ur L,6,11,60,7,2,10,3
R ul U FS L ur D,6,11,60,7,2,10,3
R ul U FS ur D L,6,11,60,7,2,12,3
R ul U FS ur L D,6,11,60,7,2,12,3
R ul U ur FS D L,6,11,60,7,2,14,3
R ul U ur FS L D,6,11,60,7,2,14,3
R ul ur FS D L U,6,11,60,7,2,12,3
R ul ur FS D U L,6,11,60,7,2,14,4
R ul ur FS U D L,6,11,60,7,2,14,4
R ul ur FS U L D,6,11,60,7,2,12,3
R ul ur U FS D L,6,11,60,7,2,12,3
R ul ur U FS L D,6,11,60,7,2,12,3
R ur FS U L ul D,6,11,60,7,2,14,3
R ur FS U ul D L,6,11,60,7,2,14,3
R ur FS U ul L D,6,11,60,7,2,16,3
R ur FS ul D L U,6,11,60,7,2,12,3
R ur FS ul D U L,6,11,60,7,2,14,4
R ur FS ul U D L,6,11,60,7,2,16,4
R ur FS ul U L D,6,11,60,7,2,14,3
R ur U FS L ul D,6,11,60,7,2,14,3
R ur U FS ul D L,6,11,60,7,2,12,3
R ur U FS ul L D,6,11,60,7,2,14,3
R ur U ul FS D L,6,11,60,7,2,14,3
R ur U ul FS L D,6,11,60,7,2,14,3
R ur ul FS D L U,6,11,60,7,2,12,3
R ur ul FS D U L,6,11,60,7,2,14,4
R ur ul FS U D L,6,11,60,7,2,14,4
R ur ul FS U L D,6,11,60,7,2,12,3
R ur ul U FS D L,6,11,60,7,2,14,3
R ur ul U FS L D,6,11,60,7,2,14,3
ul D FS R U ur L,6,11,60,7,2,11,3
ul D FS R ur L U,6,11,60,7,2,11,3
ul D FS R ur U L,6,11,60,7,2,13,3
ul D FS ur L R U,6,11,60,7,2,13,4
ul D FS ur L U R,6,11,60,7,2,11,3
ul D FS ur R L U,6,11,60,7,2,15,4
ul D FS ur R U L,6,11,60,7,2,13,3
ul D ur FS L R U,6,11,60,7,2,13,4
ul D ur FS L U R,6,11,60,7,2,11,3
ul D ur FS R L U,6,11,60,7,2,13,4
ul D ur FS R U L,6,11,60,7,2,11,3
ul D ur L FS R U,6,11,60,7,2,9,2
ul D ur L FS U R,6,11,60,7,2,9,2
ul FS D R U ur L,6,11,60,7,2,11,3
ul FS D R ur L U,6,11,60,7,2,11,3
ul FS D R ur U L,6,11,60,7,2,13,3
ul FS D ur L R U,6,11,60,7,2,11,4
ul FS D ur L U R,6,11,60,7,2,9,2
ul FS D ur R L U,6,11,60,7,2,13,4
ul FS D ur R U L,6,11,60,7,2,11,3
ul FS R D U ur L,6,11,60,7,2,13,4
ul FS R D ur L U,6,11,60,7,2,9,2
ul FS R D ur U L,6,11,60,7,2,11,3
ul FS R U D ur L,6,11,60,7,2,11,4
ul FS R U L ur D,6,11,60,7,2,9,2
ul FS R U ur D L,6,11,60,7,2,11,3
ul FS R U ur L D,6,11,60,7,2,11,3
ul FS R ur D L U,6,11,60,7,2,11,3
ul FS R ur D U L,6,11,60,7,2,13,4
ul FS R ur U D L,6,11,60,7,2,15,4
ul FS R ur U L D,6,11,60,7,2,13,3
ul FS ur D L R U,6,11,60,7,2,13,4
ul FS ur D L U R,6,11,60,7,2,11,3
ul FS ur D R L U,6,11,60,7,2,13,4
ul FS ur D R U L,6,11,60,7,2,11,3
ul FS ur R D L U,6,11,60,7,2,13,3
ul FS ur R D U L,6,11,60,7,2,15,4
ul FS ur R U D L,6,11,60,7,2,15,4
ul FS ur R U L D,6,11,60,7,2,13,3
ul R FS D U ur L,6,11,60,7,2,13,4
ul R FS D ur L U,6,11,60,7,2,9,2
ul R FS D ur U L,6,11,60,7,2,11,3
ul R FS U D ur L,6,11,60,7,2,11,4
ul R FS U L ur D,6,11,60,7,2,9,2
ul R FS U ur D L,6,11,60,7,2,11,3
ul R FS U ur L D,6,11,60,7,2,11,3
ul R FS ur D L U,6,11,60,7,2,11,3
ul R FS ur D U L,6,11,60,7,2,13,4
ul R FS ur U D L,6,11,60,7,2,15,4
ul R FS ur U L D,6,11,60,7,2,13,3
ul R U FS D ur L,6,11,60,7,2,9,2
ul R U FS L ur D,6,11,60,7,2,9,2
ul R U FS ur D L,6,11,60,7,2,11,3
ul R U FS ur L D,6,11,60,7,2,11,3
ul R U ur FS D L,6,11,60,7,2,13,3
ul R U ur FS L D,6,11,60,7,2,13,3
ul R ur FS D L U,6,11,60,7,2,13,3
ul R ur FS D U L,6,11,60,7,2,15,4
ul R ur FS U D L,6,11,60,7,2,15,4
ul R ur FS U L D,6,11,60,7,2,13,3
ul R ur U FS D L,6,11,60,7,2,13,3
ul R ur U FS L D,6,11,60,7,2,13,3
ul ur D FS L R U,6,11,60,7,2,13,4
ul ur D FS L U R,6,11,60,7,2,11,2
ul ur D FS R L U,6,11,60,7,2,13,4
ul ur D FS R U L,6,11,60,7,2,11,2
ul ur D L FS R U,6,11,60,7,2,11,2
ul ur D L FS U R,6,11,60,7,2,11,2
ul ur FS D L R U,6,11,60,7,2,15,4
ul ur FS D L U R,6,11,60,7,2,13,3
ul ur FS D R L U,6,11,60,7,2,15,4
ul ur FS D R U L,6,11,60,7,2,13,3
ul ur FS R D L U,6,11,60,7,2,13,3
ul ur FS R D U L,6,11,60,7,2,15,4
ul ur FS R U D L,6,11,60,7,2,15,4
ul ur FS R U L D,6,11,60,7,2,13,3
ul ur R FS D L U,6,11,60,7,2,13,3
ul ur R FS D U L,6,11,60,7,2,15,4
ul ur R FS U D L,6,11,60,7,2,15,4
ul ur R FS U L D,6,11,60,7,2,13,3
ul ur R U FS D L,6,11,60,7,2,13,3
ul ur R U FS L D,6,11,60,7,2,13,3
ur D FS L U ul R,6,11,60,7,2,11,3
ur D FS L ul R U,6,11,60,7,2,11,3
ur D FS L ul U R,6,11,60,7,2,13,3
ur D FS ul L R U,6,11,60,7,2,13,4
ur D FS ul L U R,6,11,60,7,2,11,3
ur D FS ul R L U,6,11,60,7,2,11,4
ur D FS ul R U L,6,11,60,7,2,9,2
ur D L FS U ul R,6,11,60,7,2,11,3
ur D L FS ul R U,6,11,60,7,2,9,2
ur D L FS ul U R,6,11,60,7,2,11,3
ur D L ul FS R U,6,11,60,7,2,11,3
ur D L ul FS U R,6,11,60,7,2,11,3
ur D ul FS L R U,6,11,60,7,2,11,4
ur D ul FS L U R,6,11,60,7,2,9,2
ur D ul FS R L U,6,11,60,7,2,11,4
ur D ul FS R U L,6,11,60,7,2,9,2
ur D ul L FS R U,6,11,60,7,2,11,3
ur D ul L FS U R,6,11,60,7,2,11,3
ur FS D L U ul R,6,11,60,7,2,13,3
ur FS D L ul R U,6,11,60,7,2,13,3
ur FS D L ul U R,6,11,60,7,2,15,3
ur FS D ul L R U,6,11,60,7,2,15,4
ur FS D ul L U R,6,11,60,7,2,13,3
ur FS D ul R L U,6,11,60,7,2,13,4
ur FS D ul R U L,6,11,60,7,2,11,3
ur FS R U L ul D,6,11,60,7,2,13,3
ur FS R U ul D L,6,11,60,7,2,13,3
ur FS R U ul L D,6,11,60,7,2,15,3
ur FS R ul D L U,6,11,60,7,2,11,3
ur FS R ul D U L,6,11,60,7,2,13,4
ur FS R ul U D L,6,11,60,7,2,15,4
ur FS R ul U L D,6,11,60,7,2,13,3
ur FS ul D L R U,6,11,60,7,2,13,4
ur FS ul D L U R,6,11,60,7,2,11,3
ur FS ul D R L U,6,11,60,7,2,13,4
ur FS ul D R U L,6,11,60,7,2,11,3
ur FS ul R D L U,6,11,60,7,2,11,3
ur FS ul R D U L,6,11,60,7,2,13,4
ur FS ul R U D L,6,11,60,7,2,13,4
ur FS ul R U L D,6,11,60,7,2,11,3
ur R FS U L ul D,6,11,60,7,2,13,3
ur R FS U ul D L,6,11,60,7,2,13,3
ur R FS U ul L D,6,11,60,7,2,15,3
ur R FS ul D L U,6,11,60,7,2,11,3
ur R FS ul D U L,6,11,60,7,2,13,4
ur R FS ul U D L,6,11,60,7,2,15,4
ur R FS ul U L D,6,11,60,7,2,13,3
ur R U FS L ul D,6,11,60,7,2,13,3
ur R U FS ul D L,6,11,60,7,2,11,3
ur R U FS ul L D,6,11,60,7,2,13,3
ur R U ul FS D L,6,11,60,7,2,13,3
ur R U ul FS L D,6,11,60,7,2,13,3
ur R ul FS D L U,6,11,60,7,2,11,3
ur R ul FS D U L,6,11,60,7,2,13,4
ur R ul FS U D L,6,11,60,7,2,13,4
ur R ul FS U L D,6,11,60,7,2,11,3
ur R ul U FS D L,6,11,60,7,2,13,3
ur R ul U FS L D,6,11,60,7,2,13,3
ur ul D FS L R U,6,11,60,7,2,13,4
ur ul D FS L U R,6,11,60,7,2,11,2
ur ul D FS R L U,6,11,60,7,2,13,4
ur ul D FS R U L,6,11,60,7,2,11,2
ur ul D L FS R U,6,11,60,7,2,11,2
ur ul D L FS U R,6,11,60,7,2,11,2
ur ul FS D L R U,6,11,60,7,2,13,4
ur ul FS D L U R,6,11,60,7,2,11,2
ur ul FS D R L U,6,11,60,7,2,13,4
ur ul FS D R U L,6,11,60,7,2,11,2
ur ul FS R D L U,6,11,60,7,2,11,2
ur ul FS R D U L,6,11,60,7,2,13,4
ur ul FS R U D L,6,11,60,7,2,13,4
ur ul FS R U L D,6,11,60,7,2,11,2
ur ul R FS D L U,6,11,60,7,2,11,2
ur ul R FS D U L,6,11,60,7,2,13,4
ur ul R FS U D L,6,11,60,7,2,13,4
ur ul R FS U L D,6,11,60,7,2,11,2
ur ul R U FS D L,6,11,60,7,2,11,2
ur ul R U FS L D,6,11,60,7,2,11,2
D FS L R U ul ur,6,12,60,7,2,15,4
D FS L R U ur ul,6,12,60,7,2,15,4
D FS L R ul U ur,6,12,60,7,2,15,4
D FS L R ur U ul,6,12,60,7,2,17,4
D FS L ur R U ul,6,12,60,7,2,13,3
D FS R L U ul ur,6,12,60,7,2,15,4
D FS R L U ur ul,6,12,60,7,2,15,4
D FS R L ul U ur,6,12,60,7,2,17,4
D FS R L ur U ul,6,12,60,7,2,15,4
D FS R ul L U ur,6,12,60,7,2,13,3
D L FS R U ul ur,6,12,60,7,2,13,3
D L FS R U ur ul,6,12,60,7,2,13,3
D L FS R ul U ur,6,12,60,7,2,13,3
D L FS R ur U ul,6,12,60,7,2,15,3
D L FS ur R U ul,6,12,60,7,2,15,3
D L R FS U ul ur,6,12,60,7,2,15,4
D L R FS U ur ul,6,12,60,7,2,15,4
D L R FS ul U ur,6,12,60,7,2,15,4
D L R FS ur U ul,6,12,60,7,2,17,4
D L R U FS ul ur,6,12,60,7,2,13,4
D L R U FS ur ul,6,12,60,7,2,15,4
D L R U ul FS ur,6,12,60,7,2,15,4
D L R U ul ur FS,6,12,60,7,2,16,4
D L R U ur FS ul,6,12,60,7,2,15,4
D L R U ur ul FS,6,12,60,7,2,14,4
D L R ul FS U ur,6,12,60,7,2,13,4
D L R ul U FS ur,6,12,60,7,2,15,4
D L R ul U ur FS,6,12,60,7,2,16,4
D L R ul ur U FS,6,12,60,7,2,14,4
D L R ur FS U ul,6,12,60,7,2,17,4
D L R ur U FS ul,6,12,60,7,2,15,4
D L R ur U ul FS,6,12,60,7,2,16,4
D L R ur ul U FS,6,12,60,7,2,16,4
D L ul R FS U ur,6,12,60,7,2,13,3
D L ul R U FS ur,6,12,60,7,2,13,3
D L ul R U ur FS,6,12,60,7,2,14,3
D L ul R ur U FS,6,12,60,7,2,14,3
D L ul ur R U FS,6,12,60,7,2,14,3
D L ur FS R U ul,6,12,60,7,2,13,3
D L ur R FS U ul,6,12,60,7,2,13,3
D L ur R U FS ul,6,12,60,7,2,11,3
D L ur R U ul FS,6,12,60,7,2,12,3
D L ur R ul U FS,6,12,60,7,2,12,3
D L ur ul R U FS,6,12,60,7,2,10,2
D R FS L U ul ur,6,12,60,7,2,13,3
D R FS L U ur ul,6,12,60,7,2,13,3
D R FS L ul U ur,6,12,60,7,2,15,3
D R FS L ur U ul,6,12,60,7,2,13,3
D R FS ul L U ur,6,12,60,7,2,13,3
D R L FS U ul ur,6,12,60,7,2,15,4
D R L FS U ur ul,6,12,60,7,2,15,4
D R L FS ul U ur,6,12,60,7,2,15,4
D R L FS ur U ul,6,12,60,7,2,17,4
D R L U FS ul ur,6,12,60,7,2,13,4
D R L U FS ur ul,6,12,60,7,2,15,4
D R L U ul FS ur,6,12,60,7,2,15,4
D R L U ul ur FS,6,12,60,7,2,16,4
D R L U ur FS ul,6,12,60,7,2,15,4
D R L U ur ul FS,6,12,60,7,2,14,4
D R L ul FS U ur,6,12,60,7,2,15,4
D R L ul U FS ur,6,12,60,7,2,17,4
D R L ul U ur FS,6,12,60,7,2,18,4
D R L ul ur U FS,6,12,60,7,2,16,4
D R L ur FS U ul,6,12,60,7,2,15,4
D R L ur U FS ul,6,12,60,7,2,13,4
D R L ur U ul FS,6,12,60,7,2,14,4
D R L ur ul U FS,6,12,60,7,2,14,4
D R U L FS ul ur,6,12,60,7,2,11,2
D R U L FS ur ul,6,12,60,7,2,13,3
D R U L ul FS ur,6,12,60,7,2,13,3
D R U L ul ur FS,6,12,60,7,2,14,3
D R U L ur FS ul,6,12,60,7,2,11,3
D R U L ur ul FS,6,12,60,7,2,10,2
D R U ul L FS ur,6,12,60,7,2,15,3
D R U ul L ur FS,6,12,60,7,2,14,3
D R ul FS L U ur,6,12,60,7,2,11,3
D R ul L FS U ur,6,12,60,7,2,13,3
D R ul L U FS ur,6,12,60,7,2,13,3
D R ul L U ur FS,6,12,60,7,2,14,3
D R ul L ur U FS,6,12,60,7,2,12,3
D R ul U L FS ur,6,12,60,7,2,13,3
D R ul U L ur FS,6,12,60,7,2,12,3
D ul L R FS U ur,6,12,60,7,2,15,4
D ul L R U FS ur,6,12,60,7,2,15,4
D ul L R U ur FS,6,12,60,7,2,16,4
D ul L R ur U FS,6,12,60,7,2,16,4
D ul L ur R U FS,6,12,60,7,2,12,3
D ul R FS L U ur,6,12,60,7,2,11,3
D ul R L FS U ur,6,12,60,7,2,13,4
D ul R L U FS ur,6,12,60,7,2,13,4
D ul R L U ur FS,6,12,60,7,2,14,4
D ul R L ur U FS,6,12,60,7,2,12,4
D ul R U L FS ur,6,12,60,7,2,11,3
D ul R U L ur FS,6,12,60,7,2,10,3
FS D L R U ul ur,6,12,60,7,2,15,4
FS D L R U ur ul,6,12,60,7,2,15,4
FS D L R ul U ur,6,12,60,7,2,15,4
FS D L R ur U ul,6,12,60,7,2,17,4
FS D L ur R U ul,6,12,60,7,2,13,3
FS D R L U ul ur,6,12,60,7,2,15,4
FS D R L U ur ul,6,12,60,7,2,15,4
FS D R L ul U ur,6,12,60,7,2,17,4
FS D R L ur U ul,6,12,60,7,2,15,4
FS D R ul L U ur,6,12,60,7,2,13,3
FS L D R U ul ur,6,12,60,7,2,13,3
FS L D R U ur ul,6,12,60,7,2,13,3
FS L D R ul U ur,6,12,60,7,2,13,3
FS L D R ur U ul,6,12,60,7,2,15,3
FS L D ur R U ul,6,12,60,7,2,13,3
FS L R D U ul ur,6,12,60,7,2,17,4
FS L R D U ur ul,6,12,60,7,2,17,4
FS L R D ul U ur,6,12,60,7,2,15,4
FS L R D ur U ul,6,12,60,7,2,15,4
FS L R U D ul ur,6,12,60,7,2,15,4
FS L R U D ur ul,6,12,60,7,2,15,4
FS R D L U ul ur,6,12,60,7,2,13,3
FS R D L U ur ul,6,12,60,7,2,13,3
FS R D L ul U ur,6,12,60,7,2,15,3
FS R D L ur U ul,6,12,60,7,2,13,3
FS R D ul L U ur,6,12,60,7,2,13,3
FS R L D U ul ur,6,12,60,7,2,17,4
FS R L D U ur ul,6,12,60,7,2,17,4
FS R L D ul U ur,6,12,60,7,2,15,4
FS R L D ur U ul,6,12,60,7,2,15,4
FS R L U D ul ur,6,12,60,7,2,15,4
FS R L U D ur ul,6,12,60,7,2,15,4
L D FS R U ul ur,6,12,60,7,2,13,3
L D FS R U ur ul,6,12,60,7,2,13,3
L D FS R ul U ur,6,12,60,7,2,13,3
L D FS R ur U ul,6,12,60,7,2,15,3
L D FS ur R U ul,6,12,60,7,2,15,3
L D R FS U ul ur,6,12,60,7,2,13,3
L D R FS U ur ul,6,12,60,7,2,13,3
L D R FS ul U ur,6,12,60,7,2,13,3
L D R FS ur U ul,6,12,60,7,2,15,3
L D R U FS ul ur,6,12,60,7,2,11,2
L D R U FS ur ul,6,12,60,7,2,13,3
L D R U ul FS ur,6,12,60,7,2,13,3
L D R U ul ur FS,6,12,60,7,2,14,3
L D R U ur FS ul,6,12,60,7,2,13,3
L D R U ur ul FS,6,12,60,7,2,12,3
L D R ul FS U ur,6,12,60,7,2,11,3
L D R ul U FS ur,6,12,60,7,2,13,3
L D R ul U ur FS,6,12,60,7,2,14,3
L D R ul ur U FS,6,12,60,7,2,12,3
L D R ur FS U ul,6,12,60,7,2,15,3
L D R ur U FS ul,6,12,60,7,2,13,3
L D R ur U ul FS,6,12,60,7,2,14,3
L D R ur ul U FS,6,12,60,7,2,14,3
L D ul R FS U ur,6,12,60,7,2,11,3
L D ul R U FS ur,6,12,60,7,2,11,3
L D ul R U ur FS,6,12,60,7,2,12,3
L D ul R ur U FS,6,12,60,7,2,12,3
L D ul ur R U FS,6,12,60,7,2,12,3
L D ur FS R U ul,6,12,60,7,2,13,3
L D ur R FS U ul,6,12,60,7,2,13,3
L D ur R U FS ul,6,12,60,7,2,11,3
L D ur R U ul FS,6,12,60,7,2,12,3
L D ur R ul U FS,6,12,60,7,2,12,3
L D ur ul R U FS,6,12,60,7,2,10,2
L FS D R U ul ur,6,12,60,7,2,13,3
L FS D R U ur ul,6,12,60,7,2,13,3
L FS D R ul U ur,6,12,60,7,2,13,3
L FS D R ur U ul,6,12,60,7,2,15,3
L FS D ur R U ul,6,12,60,7,2,13,3
L FS R D U ul ur,6,12,60,7,2,15,4
L FS R D U ur ul,6,12,60,7,2,15,4
L FS R D ul U ur,6,12,60,7,2,13,3
L FS R D ur U ul,6,12,60,7,2,13,3
L FS R U D ul ur,6,12,60,7,2,13,4
L FS R U D ur ul,6,12,60,7,2,13,4
L R D FS U ul ur,6,12,60,7,2,15,4
L R D FS U ur ul,6,12,60,7,2,15,4
L R D FS ul U ur,6,12,60,7,2,15,4
L R D FS ur U ul,6,12,60,7,2,17,4
L R D U FS ul ur,6,12,60,7,2,15,4
L R D U FS ur ul,6,12,60,7,2,17,4
L R D U ul FS ur,6,12,60,7,2,17,4
L R D U ul ur FS,6,12,60,7,2,18,4
L R D U ur FS ul,6,12,60,7,2,17,4
L R D U ur ul FS,6,12,60,7,2,16,4
L R D ul FS U ur,6,12,60,7,2,13,4
L R D ul U FS ur,6,12,60,7,2,15,4
L R D ul U ur FS,6,12,60,7,2,16,4
L R D ul ur U FS,6,12,60,7,2,14,4
L R D ur FS U ul,6,12,60,7,2,15,4
L R D ur U FS ul,6,12,60,7,2,13,4
L R D ur U ul FS,6,12,60,7,2,14,4
L R D ur ul U FS,6,12,60,7,2,14,4
L R FS D U ul ur,6,12,60,7,2,17,4
L R FS D U ur ul,6,12,60,7,2,17,4
L R FS D ul U ur,6,12,60,7,2,15,4
L R FS D ur U ul,6,12,60,7,2,15,4
L R FS U D ul ur,6,12,60,7,2,15,4
L R FS U D ur ul,6,12,60,7,2,15,4
L R U D FS ul ur,6,12,60,7,2,15,4
L R U D FS ur ul,6,12,60,7,2,17,4
L R U D ul FS ur,6,12,60,7,2,15,4
L R U D ul ur FS,6,12,60,7,2,16,4
L R U D ur FS ul,6,12,60,7,2,15,4
L R U D ur ul FS,6,12,60,7,2,14,4
L R U FS D ul ur,6,12,60,7,2,13,4
L R U FS D ur ul,6,12,60,7,2,13,4
L R U ul D FS ur,6,12,60,7,2,15,4
L R U ul D ur FS,6,12,60,7,2,14,4
L R ul D FS U ur,6,12,60,7,2,13,4
L R ul D U FS ur,6,12,60,7,2,15,4
L R ul D U ur FS,6,12,60,7,2,16,4
L R ul D ur U FS,6,12,60,7,2,12,4
L R ul U D FS ur,6,12,60,7,2,17,4
L R ul U D ur FS,6,12,60,7,2,16,4
L ul D R FS U ur,6,12,60,7,2,13,3
L ul D R U FS ur,6,12,60,7,2,13,3
L ul D R U ur FS,6,12,60,7,2,14,3
L ul D R ur U FS,6,12,60,7,2,14,3
L ul D ur R U FS,6,12,60,7,2,12,3
L ul R D FS U ur,6,12,60,7,2,13,3
L ul R D U FS ur,6,12,60,7,2,15,4
L ul R D U ur FS,6,12,60,7,2,16,4
L ul R D ur U FS,6,12,60,7,2,12,3
L ul R U D FS ur,6,12,60,7,2,15,4
L ul R U D ur FS,6,12,60,7,2,14,4
R D FS L U ul ur,6,12,60,7,2,13,3
R D FS L U ur ul,6,12,60,7,2,13,3
R D FS L ul U ur,6,12,60,7,2,15,3
R D FS L ur U ul,6,12,60,7,2,13,3
R D FS ul L U ur,6,12,60,7,2,13,3
R D L FS U ul ur,6,12,60,7,2,13,3
R D L FS U ur ul,6,12,60,7,2,13,3
R D L FS ul U ur,6,12,60,7,2,13,3
R D L FS ur U ul,6,12,60,7,2,15,3
R D L U FS ul ur,6,12,60,7,2,11,2
R D L U FS ur ul,6,12,60,7,2,13,3
R D L U ul FS ur,6,12,60,7,2,13,3
R D L U ul ur FS,6,12,60,7,2,14,3
R D L U ur FS ul,6,12,60,7,2,13,3
R D L U ur ul FS,6,12,60,7,2,12,3
R D L ul FS U ur,6,12,60,7,2,13,3
R D L ul U FS ur,6,12,60,7,2,15,3
R D L ul U ur FS,6,12,60,7,2,16,3
R D L ul ur U FS,6,12,60,7,2,14,3
R D L ur FS U ul,6,12,60,7,2,13,3
R D L ur U FS ul,6,12,60,7,2,11,3
R D L ur U ul FS,6,12,60,7,2,12,3
R D L ur ul U FS,6,12,60,7,2,12,3
R D U L FS ul ur,6,12,60,7,2,13,4
R D U L FS ur ul,6,12,60,7,2,15,4
R D U L ul FS ur,6,12,60,7,2,15,4
R D U L ul ur FS,6,12,60,7,2,16,4
R D U L ur FS ul,6,12,60,7,2,13,4
R D U L ur ul FS,6,12,60,7,2,12,4
R D U ul L FS ur,6,12,60,7,2,17,4
R D U ul L ur FS,6,12,60,7,2,16,4
R D ul FS L U ur,6,12,60,7,2,11,3
R D ul L FS U ur,6,12,60,7,2,13,3
R D ul L U FS ur,6,12,60,7,2,13,3
R D ul L U ur FS,6,12,60,7,2,14,3
R D ul L ur U FS,6,12,60,7,2,12,3
R D ul U L FS ur,6,12,60,7,2,13,3
R D ul U L ur FS,6,12,60,7,2,12,3
R FS D L U ul ur,6,12,60,7,2,13,3
R FS D L U ur ul,6,12,60,7,2,13,3
R FS D L ul U ur,6,12,60,7,2,15,3
R FS D L ur U ul,6,12,60,7,2,13,3
R FS D ul L U ur,6,12,60,7,2,13,3
R FS L D U ul ur,6,12,60,7,2,15,4
R FS L D U ur ul,6,12,60,7,2,15,4
R FS L D ul U ur,6,12,60,7,2,13,3
R FS L D ur U ul,6,12,60,7,2,13,3
R FS L U D ul ur,6,12,60,7,2,13,4
R FS L U D ur ul,6,12,60,7,2,13,4
R L D FS U ul ur,6,12,60,7,2,15,4
R L D FS U ur ul,6,12,60,7,2,15,4
R L D FS ul U ur,6,12,60,7,2,15,4
R L D FS ur U ul,6,12,60,7,2,17,4
R L D U FS ul ur,6,12,60,7,2,15,4
R L D U FS ur ul,6,12,60,7,2,17,4
R L D U ul FS ur,6,12,60,7,2,17,4
R L D U ul ur FS,6,12,60,7,2,18,4
R L D U ur FS ul,6,12,60,7,2,17,4
R L D U ur ul FS,6,12,60,7,2,16,4
R L D ul FS U ur,6,12,60,7,2,13,4
R L D ul U FS ur,6,12,60,7,2,15,4
R L D ul U ur FS,6,12,60,7,2,16,4
R L D ul ur U FS,6,12,60,7,2,14,4
R L D ur FS U ul,6,12,60,7,2,15,4
R L D ur U FS ul,6,12,60,7,2,13,4
R L D ur U ul FS,6,12,60,7,2,14,4
R L D ur ul U FS,6,12,60,7,2,14,4
R L FS D U ul ur,6,12,60,7,2,17,4
R L FS D U ur ul,6,12,60,7,2,17,4
R L FS D ul U ur,6,12,60,7,2,15,4
R L FS D ur U ul,6,12,60,7,2,15,4
R L FS U D ul ur,6,12,60,7,2,15,4
R L FS U D ur ul,6,12,60,7,2,15,4
R L U D FS ul ur,6,12,60,7,2,15,4
R L U D FS ur ul,6,12,60,7,2,17,4
R L U D ul FS ur,6,12,60,7,2,15,4
R L U D ul ur FS,6,12,60,7,2,16,4
R L U D ur FS ul,6,12,60,7,2,15,4
R L U D ur ul FS,6,12,60,7,2,14,4
R L U FS D ul ur,6,12,60,7,2,13,4
R L U FS D ur ul,6,12,60,7,2,13,4
R L U ul D FS ur,6,12,60,7,2,15,4
R L U ul D ur FS,6,12,60,7,2,14,4
R L ul D FS U ur,6,12,60,7,2,15,4
R L ul D U FS ur,6,12,60,7,2,17,4
R L ul D U ur FS,6,12,60,7,2,18,4
R L ul D ur U FS,6,12,60,7,2,14,4
R L ul U D FS ur,6,12,60,7,2,19,4
R L ul U D ur FS,6,12,60,7,2,18,4
R U D L FS ul ur,6,12,60,7,2,13,4
R U D L FS ur ul,6,12,60,7,2,15,4
R U D L ul FS ur,6,12,60,7,2,15,4
R U D L ul ur FS,6,12,60,7,2,16,4
R U D L ur FS ul,6,12,60,7,2,13,4
R U D L ur ul FS,6,12,60,7,2,12,4
R U D ul L FS ur,6,12,60,7,2,15,4
R U D ul L ur FS,6,12,60,7,2,14,4
R U L D FS ul ur,6,12,60,7,2,11,2
R U L D FS ur ul,6,12,60,7,2,13,3
R U L D ul FS ur,6,12,60,7,2,11,3
R U L D ul ur FS,6,12,60,7,2,12,3
R U L D ur FS ul,6,12,60,7,2,11,3
R U L D ur ul FS,6,12,60,7,2,10,2
R U L FS D ul ur,6,12,60,7,2,11,2
R U L FS D ur ul,6,12,60,7,2,11,2
R U L ul D FS ur,6,12,60,7,2,13,3
R U L ul D ur FS,6,12,60,7,2,12,3
R U ul D L FS ur,6,12,60,7,2,13,3
R U ul D L ur FS,6,12,60,7,2,12,3
R U ul L D FS ur,6,12,60,7,2,15,3
R U ul L D ur FS,6,12,60,7,2,14,3
R ul D FS L U ur,6,12,60,7,2,11,3
R ul D L FS U ur,6,12,60,7,2,11,3
R ul D L U FS ur,6,12,60,7,2,11,3
R ul D L U ur FS,6,12,60,7,2,12,3
R ul D L ur U FS,6,12,60,7,2,10,3
R ul D U L FS ur,6,12,60,7,2,13,4
R ul D U L ur FS,6,12,60,7,2,12,4
R ul L D FS U ur,6,12,60,7,2,13,3
R ul L D U FS ur,6,12,60,7,2,15,4
R ul L D U ur FS,6,12,60,7,2,16,4
R ul L D ur U FS,6,12,60,7,2,12,3
R ul L U D FS ur,6,12,60,7,2,15,4
R ul L U D ur FS,6,12,60,7,2,14,4
R ul U D L FS ur,6,12,60,7,2,15,4
R ul U D L ur FS,6,12,60,7,2,14,4
R ul U L D FS ur,6,12,60,7,2,13,3
R ul U L D ur FS,6,12,60,7,2,12,3
ul D L R FS U ur,6,12,60,7,2,14,4
ul D L R U FS ur,6,12,60,7,2,14,4
ul D L R U ur FS,6,12,60,7,2,15,4
ul D L R ur U FS,6,12,60,7,2,15,4
ul D L ur R U FS,6,12,60,7,2,11,3
ul D R FS L U ur,6,12,60,7,2,12,3
ul D R L FS U ur,6,12,60,7,2,14,4
ul D R L U FS ur,6,12,60,7,2,14,4
ul D R L U ur FS,6,12,60,7,2,15,4
ul D R L ur U FS,6,12,60,7,2,13,4
ul D R U L FS ur,6,12,60,7,2,12,3
ul D R U L ur FS,6,12,60,7,2,11,3
ul L D R FS U ur,6,12,60,7,2,14,3
ul L D R U FS ur,6,12,60,7,2,14,3
ul L D R U ur FS,6,12,60,7,2,15,3
ul L D R ur U FS,6,12,60,7,2,15,3
ul L D ur R U FS,6,12,60,7,2,13,3
ul L R D FS U ur,6,12,60,7,2,16,4
ul L R D U FS ur,6,12,60,7,2,18,4
ul L R D U ur FS,6,12,60,7,2,19,4
ul L R D ur U FS,6,12,60,7,2,15,4
ul L R U D FS ur,6,12,60,7,2,18,4
ul L R U D ur FS,6,12,60,7,2,17,4
ul R D FS L U ur,6,12,60,7,2,12,3
ul R D L FS U ur,6,12,60,7,2,12,3
ul R D L U FS ur,6,12,60,7,2,12,3
ul R D L U ur FS,6,12,60,7,2,13,3
ul R D L ur U FS,6,12,60,7,2,11,3
ul R D U L FS ur,6,12,60,7,2,14,4
ul R D U L ur FS,6,12,60,7,2,13,4
ul R L D FS U ur,6,12,60,7,2,14,4
ul R L D U FS ur,6,12,60,7,2,16,4
ul R L D U ur FS,6,12,60,7,2,17,4
ul R L D ur U FS,6,12,60,7,2,13,4
ul R L U D FS ur,6,12,60,7,2,16,4
ul R L U D ur FS,6,12,60,7,2,15,4
ul R U D L FS ur,6,12,60,7,2,14,4
ul R U D L ur FS,6,12,60,7,2,13,4
ul R U L D FS ur,6,12,60,7,2,12,3
ul R U L D ur FS,6,12,60,7,2,11,3
D FS U L ul ur R,2,11,62,8,2,14,3
D FS U L ur ul R,2,11,62,8,2,10,2
D FS U R ul ur L,2,11,62,8,2,10,2
D FS U R ur ul L,2,11,62,8,2,14,3
D FS U ul L ur R,2,11,62,8,2,14,3
D FS U ul R ur L,2,11,62,8,2,12,3
D FS U ul ur L R,2,11,62,8,2,14,4
D FS U ul ur R L,2,11,62,8,2,16,4
D FS U ur L ul R,2,11,62,8,2,12,3
D FS U ur R ul L,2,11,62,8,2,14,3
D FS U ur ul L R,2,11,62,8,2,16,4
D FS U ur ul R L,2,11,62,8,2,14,4
D FS ul U L ur R,2,11,62,8,2,12,3
D FS ul U R ur L,2,11,62,8,2,12,3
D FS ul U ur L R,2,11,62,8,2,14,4
D FS ul U ur R L,2,11,62,8,2,16,4
D FS ul ur U L R,2,11,62,8,2,14,4
D FS ul ur U R L,2,11,62,8,2,14,4
D FS ur U L ul R,2,11,62,8,2,14,3
D FS ur U R ul L,2,11,62,8,2,14,3
D FS ur U ul L R,2,11,62,8,2,18,4
D FS ur U ul R L,2,11,62,8,2,16,4
D FS ur ul U L R,2,11,62,8,2,16,4
D FS ur ul U R L,2,11,62,8,2,16,4
D U FS L ul ur R,2,11,62,8,2,16,4
D U FS L ur ul R,2,11,62,8,2,12,4
D U FS R ul ur L,2,11,62,8,2,12,4
D U FS R ur ul L,2,11,62,8,2,16,4
D U FS ul L ur R,2,11,62,8,2,14,4
D U FS ul R ur L,2,11,62,8,2,12,4
D U FS ul ur L R,2,11,62,8,2,14,4
D U FS ul ur R L,2,11,62,8,2,16,4
D U FS ur L ul R,2,11,62,8,2,14,4
D U FS ur R ul L,2,11,62,8,2,16,4
D U FS ur ul L R,2,11,62,8,2,18,4
D U FS ur ul R L,2,11,62,8,2,16,4
D U R FS ul ur L,2,11,62,8,2,12,4
D U R FS ur ul L,2,11,62,8,2,16,4
D U R ul FS ur L,2,11,62,8,2,12,4
D U R ul ur FS L,2,11,62,8,2,14,4
D U R ur FS ul L,2,11,62,8,2,16,4
D U R ur ul FS L,2,11,62,8,2,14,4
D U ul FS L ur R,2,11,62,8,2,14,4
D U ul FS R ur L,2,11,62,8,2,14,4
D U ul FS ur L R,2,11,62,8,2,16,4
D U ul FS ur R L,2,11,62,8,2,18,4
D U ul R FS ur L,2,11,62,8,2,14,4
D U ul R ur FS L,2,11,62,8,2,16,4
D U ul ur FS L R,2,11,62,8,2,18,4
D U ul ur FS R L,2,11,62,8,2,18,4
D U ul ur L FS R,2,11,62,8,2,14,4
D U ul ur R FS L,2,11,62,8,2,16,4
D U ur FS L ul R,2,11,62,8,2,16,4
D U ur FS R ul L,2,11,62,8,2,16,4
D U ur FS ul L R,2,11,62,8,2,18,4
D U ur FS ul R L,2,11,62,8,2,16,4
D U ur L FS ul R,2,11,62,8,2,12,4
D U ur L ul FS R,2,11,62,8,2,14,4
D U ur R FS ul L,2,11,62,8,2,16,4
D U ur R ul FS L,2,11,62,8,2,14,4
D U ur ul FS L R,2,11,62,8,2,16,4
D U ur ul FS R L,2,11,62,8,2,16,4
D U ur ul L FS R,2,11,62,8,2,16,4
D U ur ul R FS L,2,11,62,8,2,14,4
D ul FS U L ur R,2,11,62,8,2,10,3
D ul FS U R ur L,2,11,62,8,2,10,3
D ul FS U ur L R,2,11,62,8,2,12,4
D ul FS U ur R L,2,11,62,8,2,14,4
D ul FS ur U L R,2,11,62,8,2,14,4
D ul FS ur U R L,2,11,62,8,2,14,4
D ul U FS L ur R,2,11,62,8,2,12,3
D ul U FS R ur L,2,11,62,8,2,12,3
D ul U FS ur L R,2,11,62,8,2,14,4
D ul U FS ur R L,2,11,62,8,2,16,4
D ul U R FS ur L,2,11,62,8,2,12,3
D ul U R ur FS L,2,11,62,8,2,14,3
D ul U ur FS L R,2,11,62,8,2,16,4
D ul U ur FS R L,2,11,62,8,2,16,4
D ul U ur L FS R,2,11,62,8,2,12,3
D ul U ur R FS L,2,11,62,8,2,14,3
D ul ur FS U L R,2,11,62,8,2,14,4
D ul ur FS U R L,2,11,62,8,2,14,4
D ul ur L U FS R,2,11,62,8,2,10,2
D ul ur U FS L R,2,11,62,8,2,14,4
D ul ur U FS R L,2,11,62,8,2,14,4
D ul ur U L FS R,2,11,62,8,2,12,3
D ul ur U R FS L,2,11,62,8,2,12,3
D ur FS U L ul R,2,11,62,8,2,12,3
D ur FS U R ul L,2,11,62,8,2,12,3
D ur FS U ul L R,2,11,62,8,2,16,4
D ur FS U ul R L,2,11,62,8,2,14,4
D ur FS ul U L R,2,11,62,8,2,14,4
D ur FS ul U R L,2,11,62,8,2,14,4
D ur L U FS ul R,2,11,62,8,2,8,2
D ur L U ul FS R,2,11,62,8,2,10,3
D ur L ul U FS R,2,11,62,8,2,12,3
D ur U FS L ul R,2,11,62,8,2,12,3
D ur U FS R ul L,2,11,62,8,2,12,3
D ur U FS ul L R,2,11,62,8,2,14,4
D ur U FS ul R L,2,11,62,8,2,12,4
D ur U L FS ul R,2,11,62,8,2,10,3
D ur U L ul FS R,2,11,62,8,2,12,3
D ur U R FS ul L,2,11,62,8,2,12,3
D ur U R ul FS L,2,11,62,8,2,10,3
D ur U ul FS L R,2,11,62,8,2,14,4
D ur U ul FS R L,2,11,62,8,2,14,4
D ur U ul L FS R,2,11,62,8,2,14,3
D ur U ul R FS L,2,11,62,8,2,12,3
D ur ul FS U L R,2,11,62,8,2,12,4
D ur ul FS U R L,2,11,62,8,2,12,4
D ur ul L U FS R,2,11,62,8,2,12,3
D ur ul U FS L R,2,11,62,8,2,14,4
D ur ul U FS R L,2,11,62,8,2,14,4
D ur ul U L FS R,2,11,62,8,2,12,3
D ur ul U R FS L,2,11,62,8,2,12,3
FS D U L ul ur R,2,11,62,8,2,16,4
FS D U L ur ul R,2,11,62,8,2,12,4
FS D U R ul ur L,2,11,62,8,2,12,4
FS D U R ur ul L,2,11,62,8,2,16,4
FS D U ul L ur R,2,11,62,8,2,16,4
FS D U ul R ur L,2,11,62,8,2,14,4
FS D U ul ur L R,2,11,62,8,2,16,4
FS D U ul ur R L,2,11,62,8,2,18,4
FS D U ur L ul R,2,11,62,8,2,14,4
FS D U ur R ul L,2,11,62,8,2,16,4
FS D U ur ul L R,2,11,62,8,2,18,4
FS D U ur ul R L,2,11,62,8,2,16,4
FS D ul U L ur R,2,11,62,8,2,12,3
FS D ul U R ur L,2,11,62,8,2,12,3
FS D ul U ur L R,2,11,62,8,2,14,4
FS D ul U ur R L,2,11,62,8,2,16,4
FS D ul ur U L R,2,11,62,8,2,14,4
FS D ul ur U R L,2,11,62,8,2,14,4
FS D ur U L ul R,2,11,62,8,2,12,3
FS D ur U R ul L,2,11,62,8,2,12,3
FS D ur U ul L R,2,11,62,8,2,16,4
FS D ur U ul R L,2,11,62,8,2,14,4
FS D ur ul U L R,2,11,62,8,2,14,4
FS D ur ul U R L,2,11,62,8,2,14,4
FS U D L ul ur R,2,11,62,8,2,16,4
FS U D L ur ul R,2,11,62,8,2,12,4
FS U D R ul ur L,2,11,62,8,2,12,4
FS U D R ur ul L,2,11,62,8,2,16,4
FS U D ul L ur R,2,11,62,8,2,14,4
FS U D ul R ur L,2,11,62,8,2,12,4
FS U D ul ur L R,2,11,62,8,2,14,4
FS U D ul ur R L,2,11,62,8,2,16,4
FS U D ur L ul R,2,11,62,8,2,12,4
FS U D ur R ul L,2,11,62,8,2,14,4
FS U D ur ul L R,2,11,62,8,2,16,4
FS U D ur ul R L,2,11,62,8,2,14,4
FS U L D ul ur R,2,11,62,8,2,12,3
FS U L D ur ul R,2,11,62,8,2,10,2
FS U L ul D ur R,2,11,62,8,2,12,3
FS U R D ul ur L,2,11,62,8,2,10,2
FS U R D ur ul L,2,11,62,8,2,12,3
FS U R ur D ul L,2,11,62,8,2,12,3
FS U ul D L ur R,2,11,62,8,2,12,3
FS U ul D R ur L,2,11,62,8,2,12,3
FS U ul D ur L R,2,11,62,8,2,12,4
FS U ul D ur R L,2,11,62,8,2,14,4
FS U ul L D ur R,2,11,62,8,2,14,3
FS U ul ur D L R,2,11,62,8,2,14,4
FS U ul ur D R L,2,11,62,8,2,14,4
FS U ur D L ul R,2,11,62,8,2,12,3
FS U ur D R ul L,2,11,62,8,2,12,3
FS U ur D ul L R,2,11,62,8,2,14,4
FS U ur D ul R L,2,11,62,8,2,12,4
FS U ur R D ul L,2,11,62,8,2,14,3
FS U ur ul D L R,2,11,62,8,2,14,4
FS U ur ul D R L,2,11,62,8,2,14,4
FS ul D U L ur R,2,11,62,8,2,12,4
FS ul D U R ur L,2,11,62,8,2,12,4
FS ul D U ur L R,2,11,62,8,2,14,4
FS ul D U ur R L,2,11,62,8,2,16,4
FS ul D ur U L R,2,11,62,8,2,12,4
FS ul D ur U R L,2,11,62,8,2,12,4
FS ul U D L ur R,2,11,62,8,2,14,4
FS ul U D R ur L,2,11,62,8,2,14,4
FS ul U D ur L R,2,11,62,8,2,14,4
FS ul U D ur R L,2,11,62,8,2,16,4
FS ul U L D ur R,2,11,62,8,2,12,3
FS ul U ur D L R,2,11,62,8,2,14,4
FS ul U ur D R L,2,11,62,8,2,14,4
FS ul ur D U L R,2,11,62,8,2,14,4
FS ul ur D U R L,2,11,62,8,2,14,4
FS ul ur U D L R,2,11,62,8,2,16,4
FS ul ur U D R L,2,11,62,8,2,16,4
FS ur D U L ul R,2,11,62,8,2,14,4
FS ur D U R ul L,2,11,62,8,2,14,4
FS ur D U ul L R,2,11,62,8,2,18,4
FS ur D U ul R L,2,11,62,8,2,16,4
FS ur D ul U L R,2,11,62,8,2,14,4
FS ur D ul U R L,2,11,62,8,2,14,4
FS ur U D L ul R,2,11,62,8,2,16,4
FS ur U D R ul L,2,11,62,8,2,16,4
FS ur U D ul L R,2,11,62,8,2,18,4
FS ur U D ul R L,2,11,62,8,2,16,4
FS ur U R D ul L,2,11,62,8,2,14,3
FS ur U ul D L R,2,11,62,8,2,16,4
FS ur U ul D R L,2,11,62,8,2,16,4
FS ur ul D U L R,2,11,62,8,2,16,4
FS ur ul D U R L,2,11,62,8,2,16,4
FS ur ul U D L R,2,11,62,8,2,18,4
FS ur ul U D R L,2,11,62,8,2,18,4
U D FS L ul ur R,2,11,62,8,2,16,4
U D FS L ur ul R,2,11,62,8,2,12,4
U D FS R ul ur L,2,11,62,8,2,12,4
U D FS R ur ul L,2,11,62,8,2,16,4
U D FS ul L ur R,2,11,62,8,2,14,4
U D FS ul R ur L,2,11,62,8,2,12,4
U D FS ul ur L R,2,11,62,8,2,14,4
U D FS ul ur R L,2,11,62,8,2,16,4
U D FS ur L ul R,2,11,62,8,2,14,4
U D FS ur R ul L,2,11,62,8,2,16,4
U D FS ur ul L R,2,11,62,8,2,18,4
U D FS ur ul R L,2,11,62,8,2,16,4
U D R FS ul ur L,2,11,62,8,2,12,4
U D R FS ur ul L,2,11,62,8,2,16,4
U D R ul FS ur L,2,11,62,8,2,12,4
U D R ul ur FS L,2,11,62,8,2,14,4
U D R ur FS ul L,2,11,62,8,2,16,4
U D R ur ul FS L,2,11,62,8,2,14,4
U D ul FS L ur R,2,11,62,8,2,12,4
U D ul FS R ur L,2,11,62,8,2,12,4
U D ul FS ur L R,2,11,62,8,2,14,4
U D ul FS ur R L,2,11,62,8,2,16,4
U D ul R FS ur L,2,11,62,8,2,12,4
U D ul R ur FS L,2,11,62,8,2,14,4
U D ul ur FS L R,2,11,62,8,2,16,4
U D ul ur FS R L,2,11,62,8,2,16,4
U D ul ur L FS R,2,11,62,8,2,12,4
U D ul ur R FS L,2,11,62,8,2,14,4
U D ur FS L ul R,2,11,62,8,2,14,4
U D ur FS R ul L,2,11,62,8,2,14,4
U D ur FS ul L R,2,11,62,8,2,16,4
U D ur FS ul R L,2,11,62,8,2,14,4
U D ur L FS ul R,2,11,62,8,2,10,4
U D ur L ul FS R,2,11,62,8,2,12,4
U D ur R FS ul L,2,11,62,8,2,14,4
U D ur R ul FS L,2,11,62,8,2,12,4
U D ur ul FS L R,2,11,62,8,2,14,4
U D ur ul FS R L,2,11,62,8,2,14,4
U D ur ul L FS R,2,11,62,8,2,14,4
U D ur ul R FS L,2,11,62,8,2,12,4
U FS D L ul ur R,2,11,62,8,2,14,3
U FS D L ur ul R,2,11,62,8,2,10,2
U FS D R ul ur L,2,11,62,8,2,10,2
U FS D R ur ul L,2,11,62,8,2,14,3
U FS D ul L ur R,2,11,62,8,2,12,3
U FS D ul R ur L,2,11,62,8,2,10,3
U FS D ul ur L R,2,11,62,8,2,12,4
U FS D ul ur R L,2,11,62,8,2,14,4
U FS D ur L ul R,2,11,62,8,2,10,3
U FS D ur R ul L,2,11,62,8,2,12,3
U FS D ur ul L R,2,11,62,8,2,14,4
U FS D ur ul R L,2,11,62,8,2,12,4
U FS L D ul ur R,2,11,62,8,2,12,3
U FS L D ur ul R,2,11,62,8,2,10,2
U FS L ul D ur R,2,11,62,8,2,12,3
U FS R D ul ur L,2,11,62,8,2,10,2
U FS R D ur ul L,2,11,62,8,2,12,3
U FS R ur D ul L,2,11,62,8,2,12,3
U FS ul D L ur R,2,11,62,8,2,10,3
U FS ul D R ur L,2,11,62,8,2,10,3
U FS ul D ur L R,2,11,62,8,2,10,4
U FS ul D ur R L,2,11,62,8,2,12,4
U FS ul L D ur R,2,11,62,8,2,12,3
U FS ul ur D L R,2,11,62,8,2,12,4
U FS ul ur D R L,2,11,62,8,2,12,4
U FS ur D L ul R,2,11,62,8,2,12,3
U FS ur D R ul L,2,11,62,8,2,12,3
U FS ur D ul L R,2,11,62,8,2,14,4
U FS ur D ul R L,2,11,62,8,2,12,4
U FS ur R D ul L,2,11,62,8,2,14,3
U FS ur ul D L R,2,11,62,8,2,14,4
U FS ur ul D R L,2,11,62,8,2,14,4
U R D FS ul ur L,2,11,62,8,2,10,2
U R D FS ur ul L,2,11,62,8,2,14,3
U R D ul FS ur L,2,11,62,8,2,10,3
U R D ul ur FS L,2,11,62,8,2,12,3
U R D ur FS ul L,2,11,62,8,2,12,3
U R D ur ul FS L,2,11,62,8,2,10,2
U R FS D ul ur L,2,11,62,8,2,10,2
U R FS D ur ul L,2,11,62,8,2,12,3
U R FS ur D ul L,2,11,62,8,2,12,3
U R ul D FS ur L,2,11,62,8,2,10,3
U R ul D ur FS L,2,11,62,8,2,10,3
U R ul ur D FS L,2,11,62,8,2,10,2
U R ur D FS ul L,2,11,62,8,2,12,3
U R ur D ul FS L,2,11,62,8,2,10,3
U R ur FS D ul L,2,11,62,8,2,14,3
U R ur ul D FS L,2,11,62,8,2,12,3
U ul D FS L ur R,2,11,62,8,2,12,3
U ul D FS R ur L,2,11,62,8,2,12,3
U ul D FS ur L R,2,11,62,8,2,14,4
U ul D FS ur R L,2,11,62,8,2,16,4
U ul D R FS ur L,2,11,62,8,2,12,3
U ul D R ur FS L,2,11,62,8,2,14,3
U ul D ur FS L R,2,11,62,8,2,14,4
U ul D ur FS R L,2,11,62,8,2,14,4
U ul D ur L FS R,2,11,62,8,2,10,3
U ul D ur R FS L,2,11,62,8,2,12,3
U ul FS D L ur R,2,11,62,8,2,12,3
U ul FS D R ur L,2,11,62,8,2,12,3
U ul FS D ur L R,2,11,62,8,2,12,4
U ul FS D ur R L,2,11,62,8,2,14,4
U ul FS L D ur R,2,11,62,8,2,12,3
U ul FS ur D L R,2,11,62,8,2,14,4
U ul FS ur D R L,2,11,62,8,2,14,4
U ul R D FS ur L,2,11,62,8,2,12,3
U ul R D ur FS L,2,11,62,8,2,12,3
U ul R ur D FS L,2,11,62,8,2,12,3
U ul ur D FS L R,2,11,62,8,2,14,4
U ul ur D FS R L,2,11,62,8,2,14,4
U ul ur D L FS R,2,11,62,8,2,12,3
U ul ur D R FS L,2,11,62,8,2,12,3
U ul ur FS D L R,2,11,62,8,2,16,4
U ul ur FS D R L,2,11,62,8,2,16,4
U ul ur R D FS L,2,11,62,8,2,14,3
U ur D FS L ul R,2,11,62,8,2,12,3
U ur D FS R ul L,2,11,62,8,2,12,3
U ur D FS ul L R,2,11,62,8,2,14,4
U ur D FS ul R L,2,11,62,8,2,12,4
U ur D L FS ul R,2,11,62,8,2,10,3
U ur D L ul FS R,2,11,62,8,2,12,3
U ur D R FS ul L,2,11,62,8,2,12,3
U ur D R ul FS L,2,11,62,8,2,10,3
U ur D ul FS L R,2,11,62,8,2,12,4
U ur D ul FS R L,2,11,62,8,2,12,4
U ur D ul L FS R,2,11,62,8,2,12,3
U ur D ul R FS L,2,11,62,8,2,10,3
U ur FS D L ul R,2,11,62,8,2,14,3
U ur FS D R ul L,2,11,62,8,2,14,3
U ur FS D ul L R,2,11,62,8,2,16,4
U ur FS D ul R L,2,11,62,8,2,14,4
U ur FS R D ul L,2,11,62,8,2,14,3
U ur FS ul D L R,2,11,62,8,2,14,4
U ur FS ul D R L,2,11,62,8,2,14,4
U ur R D FS ul L,2,11,62,8,2,14,3
U ur R D ul FS L,2,11,62,8,2,12,3
U ur R FS D ul L,2,11,62,8,2,14,3
U ur R ul D FS L,2,11,62,8,2,12,3
U ur ul D FS L R,2,11,62,8,2,14,4
U ur ul D FS R L,2,11,62,8,2,14,4
U ur ul D L FS R,2,11,62,8,2,12,3
U ur ul D R FS L,2,11,62,8,2,12,3
U ur ul FS D L R,2,11,62,8,2,14,4
U ur ul FS D R L,2,11,62,8,2,14,4
U ur ul R D FS L,2,11,62,8,2,12,3
ul D FS U L ur R,2,11,62,8,2,11,3
ul D FS U R ur L,2,11,62,8,2,11,3
ul D FS U ur L R,2,11,62,8,2,13,4
ul D FS U ur R L,2,11,62,8,2,15,4
ul D FS ur U L R,2,11,62,8,2,15,4
ul D FS ur U R L,2,11,62,8,2,15,4
ul D U FS L ur R,2,11,62,8,2,13,4
ul D U FS R ur L,2,11,62,8,2,13,4
ul D U FS ur L R,2,11,62,8,2,15,4
ul D U FS ur R L,2,11,62,8,2,17,4
ul D U R FS ur L,2,11,62,8,2,13,4
ul D U R ur FS L,2,11,62,8,2,15,4
ul D U ur FS L R,2,11,62,8,2,17,4
ul D U ur FS R L,2,11,62,8,2,17,4
ul D U ur L FS R,2,11,62,8,2,13,4
ul D U ur R FS L,2,11,62,8,2,15,4
ul D ur FS U L R,2,11,62,8,2,13,4
ul D ur FS U R L,2,11,62,8,2,13,4
ul D ur L U FS R,2,11,62,8,2,9,2
ul D ur U FS L R,2,11,62,8,2,13,4
ul D ur U FS R L,2,11,62,8,2,13,4
ul D ur U L FS R,2,11,62,8,2,11,3
ul D ur U R FS L,2,11,62,8,2,11,3
ul FS D U L ur R,2,11,62,8,2,13,4
ul FS D U R ur L,2,11,62,8,2,13,4
ul FS D U ur L R,2,11,62,8,2,15,4
ul FS D U ur R L,2,11,62,8,2,17,4
ul FS D ur U L R,2,11,62,8,2,13,4
ul FS D ur U R L,2,11,62,8,2,13,4
ul FS U D L ur R,2,11,62,8,2,13,4
ul FS U D R ur L,2,11,62,8,2,13,4
ul FS U D ur L R,2,11,62,8,2,13,4
ul FS U D ur R L,2,11,62,8,2,15,4
ul FS U L D ur R,2,11,62,8,2,11,3
ul FS U ur D L R,2,11,62,8,2,13,4
ul FS U ur D R L,2,11,62,8,2,13,4
ul FS ur D U L R,2,11,62,8,2,15,4
ul FS ur D U R L,2,11,62,8,2,15,4
ul FS ur U D L R,2,11,62,8,2,17,4
ul FS ur U D R L,2,11,62,8,2,17,4
ul U D FS L ur R,2,11,62,8,2,15,4
ul U D FS R ur L,2,11,62,8,2,15,4
ul U D FS ur L R,2,11,62,8,2,17,4
ul U D FS ur R L,2,11,62,8,2,19,4
ul U D R FS ur L,2,11,62,8,2,15,4
ul U D R ur FS L,2,11,62,8,2,17,4
ul U D ur FS L R,2,11,62,8,2,17,4
ul U D ur FS R L,2,11,62,8,2,17,4
ul U D ur L FS R,2,11,62,8,2,13,4
ul U D ur R FS L,2,11,62,8,2,15,4
ul U FS D L ur R,2,11,62,8,2,13,3
ul U FS D R ur L,2,11,62,8,2,13,3
ul U FS D ur L R,2,11,62,8,2,13,4
ul U FS D ur R L,2,11,62,8,2,15,4
ul U FS L D ur R,2,11,62,8,2,13,3
ul U FS ur D L R,2,11,62,8,2,15,4
ul U FS ur D R L,2,11,62,8,2,15,4
ul U R D FS ur L,2,11,62,8,2,13,3
ul U R D ur FS L,2,11,62,8,2,13,3
ul U R ur D FS L,2,11,62,8,2,13,3
ul U ur D FS L R,2,11,62,8,2,15,4
ul U ur D FS R L,2,11,62,8,2,15,4
ul U ur D L FS R,2,11,62,8,2,13,3
ul U ur D R FS L,2,11,62,8,2,13,3
ul U ur FS D L R,2,11,62,8,2,17,4
ul U ur FS D R L,2,11,62,8,2,17,4
ul U ur R D FS L,2,11,62,8,2,15,3
ul ur D FS U L R,2,11,62,8,2,13,4
ul ur D FS U R L,2,11,62,8,2,13,4
ul ur D L U FS R,2,11,62,8,2,11,2
ul ur D U FS L R,2,11,62,8,2,15,4
ul ur D U FS R L,2,11,62,8,2,15,4
ul ur D U L FS R,2,11,62,8,2,13,4
ul ur D U R FS L,2,11,62,8,2,13,4
ul ur FS D U L R,2,11,62,8,2,17,4
ul ur FS D U R L,2,11,62,8,2,17,4
ul ur FS U D L R,2,11,62,8,2,17,4
ul ur FS U D R L,2,11,62,8,2,17,4
ul ur U D FS L R,2,11,62,8,2,17,4
ul ur U D FS R L,2,11,62,8,2,17,4
ul ur U D L FS R,2,11,62,8,2,15,4
ul ur U D R FS L,2,11,62,8,2,15,4
ul ur U FS D L R,2,11,62,8,2,15,4
ul ur U FS D R L,2,11,62,8,2,15,4
ul ur U R D FS L,2,11,62,8,2,13,3
ur D FS U L ul R,2,11,62,8,2,11,3
ur D FS U R ul L,2,11,62,8,2,11,3
ur D FS U ul L R,2,11,62,8,2,15,4
ur D FS U ul R L,2,11,62,8,2,13,4
ur D FS ul U L R,2,11,62,8,2,13,4
ur D FS ul U R L,2,11,62,8,2,13,4
ur D L U FS ul R,2,11,62,8,2,9,2
ur D L U ul FS R,2,11,62,8,2,11,3
ur D L ul U FS R,2,11,62,8,2,13,3
ur D U FS L ul R,2,11,62,8,2,13,4
ur D U FS R ul L,2,11,62,8,2,13,4
ur D U FS ul L R,2,11,62,8,2,15,4
ur D U FS ul R L,2,11,62,8,2,13,4
ur D U L FS ul R,2,11,62,8,2,11,4
ur D U L ul FS R,2,11,62,8,2,13,4
ur D U R FS ul L,2,11,62,8,2,13,4
ur D U R ul FS L,2,11,62,8,2,11,4
ur D U ul FS L R,2,11,62,8,2,15,4
ur D U ul FS R L,2,11,62,8,2,15,4
ur D U ul L FS R,2,11,62,8,2,15,4
ur D U ul R FS L,2,11,62,8,2,13,4
ur D ul FS U L R,2,11,62,8,2,11,4
ur D ul FS U R L,2,11,62,8,2,11,4
ur D ul L U FS R,2,11,62,8,2,11,3
ur D ul U FS L R,2,11,62,8,2,13,4
ur D ul U FS R L,2,11,62,8,2,13,4
ur D ul U L FS R,2,11,62,8,2,11,3
ur D ul U R FS L,2,11,62,8,2,11,3
ur FS D U L ul R,2,11,62,8,2,15,4
ur FS D U R ul L,2,11,62,8,2,15,4
ur FS D U ul L R,2,11,62,8,2,19,4
ur FS D U ul R L,2,11,62,8,2,17,4
ur FS D ul U L R,2,11,62,8,2,15,4
ur FS D ul U R L,2,11,62,8,2,15,4
ur FS U D L ul R,2,11,62,8,2,15,4
ur FS U D R ul L,2,11,62,8,2,15,4
ur FS U D ul L R,2,11,62,8,2,17,4
ur FS U D ul R L,2,11,62,8,2,15,4
ur FS U R D ul L,2,11,62,8,2,13,3
ur FS U ul D L R,2,11,62,8,2,15,4
ur FS U ul D R L,2,11,62,8,2,15,4
ur FS ul D U L R,2,11,62,8,2,15,4
ur FS ul D U R L,2,11,62,8,2,15,4
ur FS ul U D L R,2,11,62,8,2,17,4
ur FS ul U D R L,2,11,62,8,2,17,4
ur U D FS L ul R,2,11,62,8,2,15,4
ur U D FS R ul L,2,11,62,8,2,15,4
ur U D FS ul L R,2,11,62,8,2,17,4
ur U D FS ul R L,2,11,62,8,2,15,4
ur U D L FS ul R,2,11,62,8,2,13,4
ur U D L ul FS R,2,11,62,8,2,15,4
ur U D R FS ul L,2,11,62,8,2,15,4
ur U D R ul FS L,2,11,62,8,2,13,4
ur U D ul FS L R,2,11,62,8,2,15,4
ur U D ul FS R L,2,11,62,8,2,15,4
ur U D ul L FS R,2,11,62,8,2,15,4
ur U D ul R FS L,2,11,62,8,2,13,4
ur U FS D L ul R,2,11,62,8,2,13,3
ur U FS D R ul L,2,11,62,8,2,13,3
ur U FS D ul L R,2,11,62,8,2,15,4
ur U FS D ul R L,2,11,62,8,2,13,4
ur U FS R D ul L,2,11,62,8,2,13,3
ur U FS ul D L R,2,11,62,8,2,13,4
ur U FS ul D R L,2,11,62,8,2,13,4
ur U R D FS ul L,2,11,62,8,2,13,3
ur U R D ul FS L,2,11,62,8,2,11,3
ur U R FS D ul L,2,11,62,8,2,13,3
ur U R ul D FS L,2,11,62,8,2,11,3
ur U ul D FS L R,2,11,62,8,2,15,4
ur U ul D FS R L,2,11,62,8,2,15,4
ur U ul D L FS R,2,11,62,8,2,13,3
ur U ul D R FS L,2,11,62,8,2,13,3
ur U ul FS D L R,2,11,62,8,2,15,4
ur U ul FS D R L,2,11,62,8,2,15,4
ur U ul R D FS L,2,11,62,8,2,13,3
ur ul D FS U L R,2,11,62,8,2,13,4
ur ul D FS U R L,2,11,62,8,2,13,4
ur ul D L U FS R,2,11,62,8,2,11,2
ur ul D U FS L R,2,11,62,8,2,15,4
ur ul D U FS R L,2,11,62,8,2,15,4
ur ul D U L FS R,2,11,62,8,2,13,4
ur ul D U R FS L,2,11,62,8,2,13,4
ur ul FS D U L R,2,11,62,8,2,15,4
ur ul FS D U R L,2,11,62,8,2,15,4
ur ul FS U D L R,2,11,62,8,2,15,4
ur ul FS U D R L,2,11,62,8,2,15,4
ur ul U D FS L R,2,11,62,8,2,17,4
ur ul U D FS R L,2,11,62,8,2,17,4
ur ul U D L FS R,2,11,62,8,2,15,4
ur ul U D R FS L,2,11,62,8,2,15,4
ur ul U FS D L R,2,11,62,8,2,15,4
ur ul U FS D R L,2,11,62,8,2,15,4
ur ul U R D FS L,2,11,62,8,2,13,3
FS L U R ul ur D,7,12,66,7,2,10,2
FS L U R ur ul D,7,12,66,7,2,12,3
FS L U ul R ur D,7,12,66,7,2,12,3
FS L U ul ur D R,7,12,66,7,2,12,3
FS L U ul ur R D,7,12,66,7,2,14,3
FS L U ur D ul R,7,12,66,7,2,10,3
FS L U ur R ul D,7,12,66,7,2,12,3
FS L U ur ul D R,7,12,66,7,2,12,3
FS L U ur ul R D,7,12,66,7,2,12,3
FS L ul U R ur D,7,12,66,7,2,14,3
FS L ul U ur D R,7,12,66,7,2,14,3
FS L ul U ur R D,7,12,66,7,2,16,3
FS L ul ur D R U,7,12,66,7,2,12,3
FS L ul ur D U R,7,12,66,7,2,14,4
FS L ul ur U D R,7,12,66,7,2,16,4
FS L ul ur U R D,7,12,66,7,2,14,3
FS L ur D U ul R,7,12,66,7,2,12,4
FS L ur D ul R U,7,12,66,7,2,8,2
FS L ur D ul U R,7,12,66,7,2,10,3
FS L ur U D ul R,7,12,66,7,2,12,4
FS L ur U R ul D,7,12,66,7,2,10,3
FS L ur U ul D R,7,12,66,7,2,12,3
FS L ur U ul R D,7,12,66,7,2,12,3
FS L ur ul D R U,7,12,66,7,2,10,2
FS L ur ul D U R,7,12,66,7,2,12,4
FS L ur ul U D R,7,12,66,7,2,14,4
FS L ur ul U R D,7,12,66,7,2,12,3
FS ul L U R ur D,7,12,66,7,2,12,3
FS ul L U ur D R,7,12,66,7,2,12,3
FS ul L U ur R D,7,12,66,7,2,14,3
FS ul L ur D R U,7,12,66,7,2,10,3
FS ul L ur D U R,7,12,66,7,2,12,4
FS ul L ur U D R,7,12,66,7,2,14,4
FS ul L ur U R D,7,12,66,7,2,12,3
FS ul ur L D R U,7,12,66,7,2,10,2
FS ul ur L D U R,7,12,66,7,2,12,4
FS ul ur L U D R,7,12,66,7,2,12,4
FS ul ur L U R D,7,12,66,7,2,10,2
FS ur L D U ul R,7,12,66,7,2,14,4
FS ur L D ul R U,7,12,66,7,2,10,3
FS ur L D ul U R,7,12,66,7,2,12,3
FS ur L U D ul R,7,12,66,7,2,12,4
FS ur L U R ul D,7,12,66,7,2,10,3
FS ur L U ul D R,7,12,66,7,2,12,3
FS ur L U ul R D,7,12,66,7,2,12,3
FS ur L ul D R U,7,12,66,7,2,12,3
FS ur L ul D U R,7,12,66,7,2,14,4
FS ur L ul U D R,7,12,66,7,2,16,4
FS ur L ul U R D,7,12,66,7,2,14,3
FS ur ul L D R U,7,12,66,7,2,14,3
FS ur ul L D U R,7,12,66,7,2,16,4
FS ur ul L U D R,7,12,66,7,2,16,4
FS ur ul L U R D,7,12,66,7,2,14,3
L FS U R ul ur D,7,12,66,7,2,10,2
L FS U R ur ul D,7,12,66,7,2,12,3
L FS U ul R ur D,7,12,66,7,2,12,3
L FS U ul ur D R,7,12,66,7,2,12,3
L FS U ul ur R D,7,12,66,7,2,14,3
L FS U ur D ul R,7,12,66,7,2,10,3
L FS U ur R ul D,7,12,66,7,2,12,3
L FS U ur ul D R,7,12,66,7,2,12,3
L FS U ur ul R D,7,12,66,7,2,12,3
L FS ul U R ur D,7,12,66,7,2,12,3
L FS ul U ur D R,7,12,66,7,2,12,3
L FS ul U ur R D,7,12,66,7,2,14,3
L FS ul ur D R U,7,12,66,7,2,10,2
L FS ul ur D U R,7,12,66,7,2,12,4
L FS ul ur U D R,7,12,66,7,2,14,4
L FS ul ur U R D,7,12,66,7,2,12,3
L FS ur D U ul R,7,12,66,7,2,14,4
L FS ur D ul R U,7,12,66,7,2,10,3
L FS ur D ul U R,7,12,66,7,2,12,3
L FS ur U D ul R,7,12,66,7,2,14,4
L FS ur U R ul D,7,12,66,7,2,12,3
L FS ur U ul D R,7,12,66,7,2,14,3
L FS ur U ul R D,7,12,66,7,2,14,3
L FS ur ul D R U,7,12,66,7,2,12,3
L FS ur ul D U R,7,12,66,7,2,14,4
L FS ur ul U D R,7,12,66,7,2,16,4
L FS ur ul U R D,7,12,66,7,2,14,3
L ul FS U R ur D,7,12,66,7,2,12,3
L ul FS U ur D R,7,12,66,7,2,12,3
L ul FS U ur R D,7,12,66,7,2,14,3
L ul FS ur D R U,7,12,66,7,2,12,3
L ul FS ur D U R,7,12,66,7,2,14,4
L ul FS ur U D R,7,12,66,7,2,16,4
L ul FS ur U R D,7,12,66,7,2,14,3
L ul ur D FS R U,7,12,66,7,2,12,3
L ul ur D FS U R,7,12,66,7,2,12,3
L ul ur FS D R U,7,12,66,7,2,14,3
L ul ur FS D U R,7,12,66,7,2,16,4
L ul ur FS U D R,7,12,66,7,2,16,4
L ul ur FS U R D,7,12,66,7,2,14,3
L ur D FS U ul R,7,12,66,7,2,10,3
L ur D FS ul R U,7,12,66,7,2,8,2
L ur D FS ul U R,7,12,66,7,2,10,3
L ur D ul FS R U,7,12,66,7,2,8,2
L ur D ul FS U R,7,12,66,7,2,8,2
L ur FS D U ul R,7,12,66,7,2,14,4
L ur FS D ul R U,7,12,66,7,2,10,3
L ur FS D ul U R,7,12,66,7,2,12,3
L ur FS U D ul R,7,12,66,7,2,12,4
L ur FS U R ul D,7,12,66,7,2,10,3
L ur FS U ul D R,7,12,66,7,2,12,3
L ur FS U ul R D,7,12,66,7,2,12,3
L ur FS ul D R U,7,12,66,7,2,10,3
L ur FS ul D U R,7,12,66,7,2,12,4
L ur FS ul U D R,7,12,66,7,2,14,4
L ur FS ul U R D,7,12,66,7,2,12,3
L ur ul D FS R U,7,12,66,7,2,10,2
L ur ul D FS U R,7,12,66,7,2,10,2
L ur ul FS D R U,7,12,66,7,2,10,2
L ur ul FS D U R,7,12,66,7,2,12,4
L ur ul FS U D R,7,12,66,7,2,12,4
L ur ul FS U R D,7,12,66,7,2,10,2
ul FS L U R ur D,7,12,66,7,2,11,3
ul FS L U ur D R,7,12,66,7,2,11,3
ul FS L U ur R D,7,12,66,7,2,13,3
ul FS L ur D R U,7,12,66,7,2,9,2
ul FS L ur D U R,7,12,66,7,2,11,4
ul FS L ur U D R,7,12,66,7,2,13,4
ul FS L ur U R D,7,12,66,7,2,11,3
ul FS ur L D R U,7,12,66,7,2,11,3
ul FS ur L D U R,7,12,66,7,2,13,4
ul FS ur L U D R,7,12,66,7,2,13,4
ul FS ur L U R D,7,12,66,7,2,11,3
ul L FS U R ur D,7,12,66,7,2,13,3
ul L FS U ur D R,7,12,66,7,2,13,3
ul L FS U ur R D,7,12,66,7,2,15,3
ul L FS ur D R U,7,12,66,7,2,13,3
ul L FS ur D U R,7,12,66,7,2,15,4
ul L FS ur U D R,7,12,66,7,2,17,4
ul L FS ur U R D,7,12,66,7,2,15,3
ul L ur D FS R U,7,12,66,7,2,11,3
ul L ur D FS U R,7,12,66,7,2,11,3
ul L ur FS D R U,7,12,66,7,2,13,3
ul L ur FS D U R,7,12,66,7,2,15,4
ul L ur FS U D R,7,12,66,7,2,15,4
ul L ur FS U R D,7,12,66,7,2,13,3
ul ur FS L D R U,7,12,66,7,2,13,3
ul ur FS L D U R,7,12,66,7,2,15,4
ul ur FS L U D R,7,12,66,7,2,15,4
ul ur FS L U R D,7,12,66,7,2,13,3
ul ur L D FS R U,7,12,66,7,2,11,2
ul ur L D FS U R,7,12,66,7,2,11,2
ul ur L FS D R U,7,12,66,7,2,11,2
ul ur L FS D U R,7,12,66,7,2,13,4
ul ur L FS U D R,7,12,66,7,2,13,4
ul ur L FS U R D,7,12,66,7,2,11,2
ur FS L D U ul R,7,12,66,7,2,15,4
ur FS L D ul R U,7,12,66,7,2,11,3
ur FS L D ul U R,7,12,66,7,2,13,3
ur FS L U D ul R,7,12,66,7,2,13,4
ur FS L U R ul D,7,12,66,7,2,11,3
ur FS L U ul D R,7,12,66,7,2,13,3
ur FS L U ul R D,7,12,66,7,2,13,3
ur FS L ul D R U,7,12,66,7,2,13,3
ur FS L ul D U R,7,12,66,7,2,15,4
ur FS L ul U D R,7,12,66,7,2,17,4
ur FS L ul U R D,7,12,66,7,2,15,3
ur FS ul L D R U,7,12,66,7,2,13,3
ur FS ul L D U R,7,12,66,7,2,15,4
ur FS ul L U D R,7,12,66,7,2,15,4
ur FS ul L U R D,7,12,66,7,2,13,3
ur L D FS U ul R,7,12,66,7,2,11,3
ur L D FS ul R U,7,12,66,7,2,9,2
ur L D FS ul U R,7,12,66,7,2,11,3
ur L D ul FS R U,7,12,66,7,2,9,2
ur L D ul FS U R,7,12,66,7,2,9,2
ur L FS D U ul R,7,12,66,7,2,13,4
ur L FS D ul R U,7,12,66,7,2,9,2
ur L FS D ul U R,7,12,66,7,2,11,3
ur L FS U D ul R,7,12,66,7,2,11,4
ur L FS U R ul D,7,12,66,7,2,9,2
ur L FS U ul D R,7,12,66,7,2,11,3
ur L FS U ul R D,7,12,66,7,2,11,3
ur L FS ul D R U,7,12,66,7,2,9,2
ur L FS ul D U R,7,12,66,7,2,11,4
ur L FS ul U D R,7,12,66,7,2,13,4
ur L FS ul U R D,7,12,66,7,2,11,3
ur L ul D FS R U,7,12,66,7,2,11,3
ur L ul D FS U R,7,12,66,7,2,11,3
ur L ul FS D R U,7,12,66,7,2,11,3
ur L ul FS D U R,7,12,66,7,2,13,4
ur L ul FS U D R,7,12,66,7,2,13,4
ur L ul FS U R D,7,12,66,7,2,11,3
ur ul FS L D R U,7,12,66,7,2,11,2
ur ul FS L D U R,7,12,66,7,2,13,4
ur ul FS L U D R,7,12,66,7,2,13,4
ur ul FS L U R D,7,12,66,7,2,11,2
ur ul L D FS R U,7,12,66,7,2,13,3
ur ul L D FS U R,7,12,66,7,2,13,3
ur ul L FS D R U,7,12,66,7,2,13,3
ur ul L FS D U R,7,12,66,7,2,15,4
ur ul L FS U D R,7,12,66,7,2,15,4
ur ul L FS U R D,7,12,66,7,2,13,3
D FS R U ul ur L,6,11,66,8,2,12,3
D FS R U ur ul L,6,11,66,8,2,14,3
D FS R ul U ur L,6,11,66,8,2,12,3
D FS R ul ur L U,6,11,66,8,2,10,2
D FS R ul ur U L,6,11,66,8,2,12,3
D FS R ur L ul U,6,11,66,8,2,14,3
D FS R ur U ul L,6,11,66,8,2,16,3
D FS R ur ul L U,6,11,66,8,2,14,3
D FS R ur ul U L,6,11,66,8,2,14,3
D FS ur L R ul U,6,11,66,8,2,14,4
D FS ur R L ul U,6,11,66,8,2,18,4
D FS ur R U ul L,6,11,66,8,2,16,3
D FS ur R ul L U,6,11,66,8,2,14,3
D FS ur R ul U L,6,11,66,8,2,14,3
D R FS U ul ur L,6,11,66,8,2,12,3
D R FS U ur ul L,6,11,66,8,2,14,3
D R FS ul U ur L,6,11,66,8,2,12,3
D R FS ul ur L U,6,11,66,8,2,10,2
D R FS ul ur U L,6,11,66,8,2,12,3
D R FS ur L ul U,6,11,66,8,2,14,3
D R FS ur U ul L,6,11,66,8,2,16,3
D R FS ur ul L U,6,11,66,8,2,14,3
D R FS ur ul U L,6,11,66,8,2,14,3
D R U FS ul ur L,6,11,66,8,2,10,2
D R U FS ur ul L,6,11,66,8,2,14,3
D R U ul FS ur L,6,11,66,8,2,12,3
D R U ul ur FS L,6,11,66,8,2,14,3
D R U ur FS ul L,6,11,66,8,2,14,3
D R U ur ul FS L,6,11,66,8,2,12,3
D R ul FS U ur L,6,11,66,8,2,10,3
D R ul FS ur L U,6,11,66,8,2,10,3
D R ul FS ur U L,6,11,66,8,2,12,3
D R ul U FS ur L,6,11,66,8,2,12,3
D R ul U ur FS L,6,11,66,8,2,14,3
D R ul ur FS L U,6,11,66,8,2,12,3
D R ul ur FS U L,6,11,66,8,2,12,3
D R ul ur L FS U,6,11,66,8,2,10,2
D R ul ur U FS L,6,11,66,8,2,12,3
D R ur FS L ul U,6,11,66,8,2,16,3
D R ur FS U ul L,6,11,66,8,2,16,3
D R ur FS ul L U,6,11,66,8,2,14,3
D R ur FS ul U L,6,11,66,8,2,14,3
D R ur L FS ul U,6,11,66,8,2,12,3
D R ur L ul FS U,6,11,66,8,2,12,3
D R ur U FS ul L,6,11,66,8,2,14,3
D R ur U ul FS L,6,11,66,8,2,14,3
D R ur ul FS L U,6,11,66,8,2,12,3
D R ur ul FS U L,6,11,66,8,2,12,3
D R ur ul L FS U,6,11,66,8,2,14,3
D R ur ul U FS L,6,11,66,8,2,14,3
D ul R FS U ur L,6,11,66,8,2,10,3
D ul R FS ur L U,6,11,66,8,2,10,3
D ul R FS ur U L,6,11,66,8,2,12,3
D ul R U FS ur L,6,11,66,8,2,10,3
D ul R U ur FS L,6,11,66,8,2,12,3
D ul R ur FS L U,6,11,66,8,2,12,3
D ul R ur FS U L,6,11,66,8,2,12,3
D ul R ur L FS U,6,11,66,8,2,10,3
D ul R ur U FS L,6,11,66,8,2,12,3
D ul ur L R FS U,6,11,66,8,2,12,4
D ul ur R FS L U,6,11,66,8,2,12,3
D ul ur R FS U L,6,11,66,8,2,12,3
D ul ur R L FS U,6,11,66,8,2,14,4
D ul ur R U FS L,6,11,66,8,2,12,3
D ur FS L R ul U,6,11,66,8,2,14,4
D ur FS R L ul U,6,11,66,8,2,16,4
D ur FS R U ul L,6,11,66,8,2,14,3
D ur FS R ul L U,6,11,66,8,2,12,3
D ur FS R ul U L,6,11,66,8,2,12,3
D ur L FS R ul U,6,11,66,8,2,10,3
D ur L R FS ul U,6,11,66,8,2,12,4
D ur L R ul FS U,6,11,66,8,2,10,4
D ur L ul R FS U,6,11,66,8,2,10,3
D ur R FS L ul U,6,11,66,8,2,14,3
D ur R FS U ul L,6,11,66,8,2,14,3
D ur R FS ul L U,6,11,66,8,2,12,3
D ur R FS ul U L,6,11,66,8,2,12,3
D ur R L FS ul U,6,11,66,8,2,14,4
D ur R L ul FS U,6,11,66,8,2,14,4
D ur R U FS ul L,6,11,66,8,2,12,3
D ur R U ul FS L,6,11,66,8,2,12,3
D ur R ul FS L U,6,11,66,8,2,10,3
D ur R ul FS U L,6,11,66,8,2,10,3
D ur R ul L FS U,6,11,66,8,2,12,3
D ur R ul U FS L,6,11,66,8,2,12,3
D ur ul L R FS U,6,11,66,8,2,14,4
D ur ul R FS L U,6,11,66,8,2,10,2
D ur ul R FS U L,6,11,66,8,2,10,2
D ur ul R L FS U,6,11,66,8,2,12,4
D ur ul R U FS L,6,11,66,8,2,10,2
FS D R U ul ur L,6,11,66,8,2,12,3
FS D R U ur ul L,6,11,66,8,2,14,3
FS D R ul U ur L,6,11,66,8,2,12,3
FS D R ul ur L U,6,11,66,8,2,10,2
FS D R ul ur U L,6,11,66,8,2,12,3
FS D R ur L ul U,6,11,66,8,2,14,3
FS D R ur U ul L,6,11,66,8,2,16,3
FS D R ur ul L U,6,11,66,8,2,14,3
FS D R ur ul U L,6,11,66,8,2,14,3
FS D ur L R ul U,6,11,66,8,2,12,4
FS D ur R L ul U,6,11,66,8,2,16,4
FS D ur R U ul L,6,11,66,8,2,14,3
FS D ur R ul L U,6,11,66,8,2,12,3
FS D ur R ul U L,6,11,66,8,2,12,3
FS R D U ul ur L,6,11,66,8,2,14,4
FS R D U ur ul L,6,11,66,8,2,16,4
FS R D ul U ur L,6,11,66,8,2,12,3
FS R D ul ur L U,6,11,66,8,2,10,2
FS R D ul ur U L,6,11,66,8,2,12,3
FS R D ur L ul U,6,11,66,8,2,12,3
FS R D ur U ul L,6,11,66,8,2,14,3
FS R D ur ul L U,6,11,66,8,2,12,3
FS R D ur ul U L,6,11,66,8,2,12,3
FS R U D ul ur L,6,11,66,8,2,12,4
FS R U D ur ul L,6,11,66,8,2,14,4
FS R U ur D ul L,6,11,66,8,2,12,3
FS R ur D L ul U,6,11,66,8,2,14,3
FS R ur D U ul L,6,11,66,8,2,16,4
FS R ur D ul L U,6,11,66,8,2,12,3
FS R ur D ul U L,6,11,66,8,2,12,3
FS R ur U D ul L,6,11,66,8,2,16,4
FS ur D L R ul U,6,11,66,8,2,14,4
FS ur D R L ul U,6,11,66,8,2,16,4
FS ur D R U ul L,6,11,66,8,2,14,3
FS ur D R ul L U,6,11,66,8,2,12,3
FS ur D R ul U L,6,11,66,8,2,12,3
FS ur R D L ul U,6,11,66,8,2,16,3
FS ur R D U ul L,6,11,66,8,2,18,4
FS ur R D ul L U,6,11,66,8,2,14,3
FS ur R D ul U L,6,11,66,8,2,14,3
FS ur R U D ul L,6,11,66,8,2,16,4
R D FS U ul ur L,6,11,66,8,2,12,3
R D FS U ur ul L,6,11,66,8,2,14,3
R D FS ul U ur L,6,11,66,8,2,12,3
R D FS ul ur L U,6,11,66,8,2,10,2
R D FS ul ur U L,6,11,66,8,2,12,3
R D FS ur L ul U,6,11,66,8,2,14,3
R D FS ur U ul L,6,11,66,8,2,16,3
R D FS ur ul L U,6,11,66,8,2,14,3
R D FS ur ul U L,6,11,66,8,2,14,3
R D U FS ul ur L,6,11,66,8,2,12,4
R D U FS ur ul L,6,11,66,8,2,16,4
R D U ul FS ur L,6,11,66,8,2,14,4
R D U ul ur FS L,6,11,66,8,2,16,4
R D U ur FS ul L,6,11,66,8,2,16,4
R D U ur ul FS L,6,11,66,8,2,14,4
R D ul FS U ur L,6,11,66,8,2,10,3
R D ul FS ur L U,6,11,66,8,2,10,3
R D ul FS ur U L,6,11,66,8,2,12,3
R D ul U FS ur L,6,11,66,8,2,12,3
R D ul U ur FS L,6,11,66,8,2,14,3
R D ul ur FS L U,6,11,66,8,2,12,3
R D ul ur FS U L,6,11,66,8,2,12,3
R D ul ur L FS U,6,11,66,8,2,10,2
R D ul ur U FS L,6,11,66,8,2,12,3
R D ur FS L ul U,6,11,66,8,2,14,3
R D ur FS U ul L,6,11,66,8,2,14,3
R D ur FS ul L U,6,11,66,8,2,12,3
R D ur FS ul U L,6,11,66,8,2,12,3
R D ur L FS ul U,6,11,66,8,2,10,3
R D ur L ul FS U,6,11,66,8,2,10,3
R D ur U FS ul L,6,11,66,8,2,12,3
R D ur U ul FS L,6,11,66,8,2,12,3
R D ur ul FS L U,6,11,66,8,2,10,2
R D ur ul FS U L,6,11,66,8,2,10,2
R D ur ul L FS U,6,11,66,8,2,12,3
R D ur ul U FS L,6,11,66,8,2,12,3
R FS D U ul ur L,6,11,66,8,2,14,4
R FS D U ur ul L,6,11,66,8,2,16,4
R FS D ul U ur L,6,11,66,8,2,12,3
R FS D ul ur L U,6,11,66,8,2,10,2
R FS D ul ur U L,6,11,66,8,2,12,3
R FS D ur L ul U,6,11,66,8,2,12,3
R FS D ur U ul L,6,11,66,8,2,14,3
R FS D ur ul L U,6,11,66,8,2,12,3
R FS D ur ul U L,6,11,66,8,2,12,3
R FS U D ul ur L,6,11,66,8,2,12,4
R FS U D ur ul L,6,11,66,8,2,14,4
R FS U ur D ul L,6,11,66,8,2,12,3
R FS ur D L ul U,6,11,66,8,2,14,3
R FS ur D U ul L,6,11,66,8,2,16,4
R FS ur D ul L U,6,11,66,8,2,12,3
R FS ur D ul U L,6,11,66,8,2,12,3
R FS ur U D ul L,6,11,66,8,2,16,4
R U D FS ul ur L,6,11,66,8,2,12,4
R U D FS ur ul L,6,11,66,8,2,16,4
R U D ul FS ur L,6,11,66,8,2,12,4
R U D ul ur FS L,6,11,66,8,2,14,4
R U D ur FS ul L,6,11,66,8,2,14,4
R U D ur ul FS L,6,11,66,8,2,12,4
R U FS D ul ur L,6,11,66,8,2,10,2
R U FS D ur ul L,6,11,66,8,2,12,3
R U FS ur D ul L,6,11,66,8,2,12,3
R U ul D FS ur L,6,11,66,8,2,12,3
R U ul D ur FS L,6,11,66,8,2,12,3
R U ul ur D FS L,6,11,66,8,2,12,3
R U ur D FS ul L,6,11,66,8,2,12,3
R U ur D ul FS L,6,11,66,8,2,10,3
R U ur FS D ul L,6,11,66,8,2,14,3
R U ur ul D FS L,6,11,66,8,2,12,3
R ul D FS U ur L,6,11,66,8,2,10,3
R ul D FS ur L U,6,11,66,8,2,10,3
R ul D FS ur U L,6,11,66,8,2,12,3
R ul D U FS ur L,6,11,66,8,2,12,4
R ul D U ur FS L,6,11,66,8,2,14,4
R ul D ur FS L U,6,11,66,8,2,10,3
R ul D ur FS U L,6,11,66,8,2,10,3
R ul D ur L FS U,6,11,66,8,2,8,2
R ul D ur U FS L,6,11,66,8,2,10,3
R ul U D FS ur L,6,11,66,8,2,14,4
R ul U D ur FS L,6,11,66,8,2,14,4
R ul U ur D FS L,6,11,66,8,2,12,3
R ul ur D FS L U,6,11,66,8,2,10,2
R ul ur D FS U L,6,11,66,8,2,10,2
R ul ur D L FS U,6,11,66,8,2,10,2
R ul ur D U FS L,6,11,66,8,2,12,4
R ul ur U D FS L,6,11,66,8,2,14,4
R ur D FS L ul U,6,11,66,8,2,14,3
R ur D FS U ul L,6,11,66,8,2,14,3
R ur D FS ul L U,6,11,66,8,2,12,3
R ur D FS ul U L,6,11,66,8,2,12,3
R ur D L FS ul U,6,11,66,8,2,12,3
R ur D L ul FS U,6,11,66,8,2,12,3
R ur D U FS ul L,6,11,66,8,2,14,4
R ur D U ul FS L,6,11,66,8,2,14,4
R ur D ul FS L U,6,11,66,8,2,10,3
R ur D ul FS U L,6,11,66,8,2,10,3
R ur D ul L FS U,6,11,66,8,2,12,3
R ur D ul U FS L,6,11,66,8,2,12,3
R ur FS D L ul U,6,11,66,8,2,16,3
R ur FS D U ul L,6,11,66,8,2,18,4
R ur FS D ul L U,6,11,66,8,2,14,3
R ur FS D ul U L,6,11,66,8,2,14,3
R ur FS U D ul L,6,11,66,8,2,16,4
R ur U D FS ul L,6,11,66,8,2,16,4
R ur U D ul FS L,6,11,66,8,2,14,4
R ur U FS D ul L,6,11,66,8,2,14,3
R ur U ul D FS L,6,11,66,8,2,14,3
R ur ul D FS L U,6,11,66,8,2,12,3
R ur ul D FS U L,6,11,66,8,2,12,3
R ur ul D L FS U,6,11,66,8,2,12,3
R ur ul D U FS L,6,11,66,8,2,14,4
R ur ul U D FS L,6,11,66,8,2,16,4
ul D R FS U ur L,6,11,66,8,2,11,3
ul D R FS ur L U,6,11,66,8,2,11,3
ul D R FS ur U L,6,11,66,8,2,13,3
ul D R U FS ur L,6,11,66,8,2,11,3
ul D R U ur FS L,6,11,66,8,2,13,3
ul D R ur FS L U,6,11,66,8,2,13,3
ul D R ur FS U L,6,11,66,8,2,13,3
ul D R ur L FS U,6,11,66,8,2,11,3
ul D R ur U FS L,6,11,66,8,2,13,3
ul D ur L R FS U,6,11,66,8,2,11,4
ul D ur R FS L U,6,11,66,8,2,11,3
ul D ur R FS U L,6,11,66,8,2,11,3
ul D ur R L FS U,6,11,66,8,2,13,4
ul D ur R U FS L,6,11,66,8,2,11,3
ul R D FS U ur L,6,11,66,8,2,11,3
ul R D FS ur L U,6,11,66,8,2,11,3
ul R D FS ur U L,6,11,66,8,2,13,3
ul R D U FS ur L,6,11,66,8,2,13,4
ul R D U ur FS L,6,11,66,8,2,15,4
ul R D ur FS L U,6,11,66,8,2,11,3
ul R D ur FS U L,6,11,66,8,2,11,3
ul R D ur L FS U,6,11,66,8,2,9,2
ul R D ur U FS L,6,11,66,8,2,11,3
ul R U D FS ur L,6,11,66,8,2,13,4
ul R U D ur FS L,6,11,66,8,2,13,4
ul R U ur D FS L,6,11,66,8,2,11,3
ul R ur D FS L U,6,11,66,8,2,11,3
ul R ur D FS U L,6,11,66,8,2,11,3
ul R ur D L FS U,6,11,66,8,2,11,3
ul R ur D U FS L,6,11,66,8,2,13,4
ul R ur U D FS L,6,11,66,8,2,15,4
ul ur D L R FS U,6,11,66,8,2,13,4
ul ur D R FS L U,6,11,66,8,2,11,2
ul ur D R FS U L,6,11,66,8,2,11,2
ul ur D R L FS U,6,11,66,8,2,13,4
ul ur D R U FS L,6,11,66,8,2,11,2
ul ur R D FS L U,6,11,66,8,2,13,3
ul ur R D FS U L,6,11,66,8,2,13,3
ul ur R D L FS U,6,11,66,8,2,13,3
ul ur R D U FS L,6,11,66,8,2,15,4
ul ur R U D FS L,6,11,66,8,2,15,4
ur D FS L R ul U,6,11,66,8,2,13,4
ur D FS R L ul U,6,11,66,8,2,15,4
ur D FS R U ul L,6,11,66,8,2,13,3
ur D FS R ul L U,6,11,66,8,2,11,3
ur D FS R ul U L,6,11,66,8,2,11,3
ur D L FS R ul U,6,11,66,8,2,11,3
ur D L R FS ul U,6,11,66,8,2,13,4
ur D L R ul FS U,6,11,66,8,2,11,4
ur D L ul R FS U,6,11,66,8,2,11,3
ur D R FS L ul U,6,11,66,8,2,13,3
ur D R FS U ul L,6,11,66,8,2,13,3
ur D R FS ul L U,6,11,66,8,2,11,3
ur D R FS ul U L,6,11,66,8,2,11,3
ur D R L FS ul U,6,11,66,8,2,13,4
ur D R L ul FS U,6,11,66,8,2,13,4
ur D R U FS ul L,6,11,66,8,2,11,3
ur D R U ul FS L,6,11,66,8,2,11,3
ur D R ul FS L U,6,11,66,8,2,9,2
ur D R ul FS U L,6,11,66,8,2,9,2
ur D R ul L FS U,6,11,66,8,2,11,3
ur D R ul U FS L,6,11,66,8,2,11,3
ur D ul L R FS U,6,11,66,8,2,13,4
ur D ul R FS L U,6,11,66,8,2,9,2
ur D ul R FS U L,6,11,66,8,2,9,2
ur D ul R L FS U,6,11,66,8,2,11,4
ur D ul R U FS L,6,11,66,8,2,9,2
ur FS D L R ul U,6,11,66,8,2,15,4
ur FS D R L ul U,6,11,66,8,2,17,4
ur FS D R U ul L,6,11,66,8,2,15,3
ur FS D R ul L U,6,11,66,8,2,13,3
ur FS D R ul U L,6,11,66,8,2,13,3
ur FS R D L ul U,6,11,66,8,2,15,3
ur FS R D U ul L,6,11,66,8,2,17,4
ur FS R D ul L U,6,11,66,8,2,13,3
ur FS R D ul U L,6,11,66,8,2,13,3
ur FS R U D ul L,6,11,66,8,2,15,4
ur R D FS L ul U,6,11,66,8,2,15,3
ur R D FS U ul L,6,11,66,8,2,15,3
ur R D FS ul L U,6,11,66,8,2,13,3
ur R D FS ul U L,6,11,66,8,2,13,3
ur R D L FS ul U,6,11,66,8,2,13,3
ur R D L ul FS U,6,11,66,8,2,13,3
ur R D U FS ul L,6,11,66,8,2,15,4
ur R D U ul FS L,6,11,66,8,2,15,4
ur R D ul FS L U,6,11,66,8,2,11,3
ur R D ul FS U L,6,11,66,8,2,11,3
ur R D ul L FS U,6,11,66,8,2,13,3
ur R D ul U FS L,6,11,66,8,2,13,3
ur R FS D L ul U,6,11,66,8,2,15,3
ur R FS D U ul L,6,11,66,8,2,17,4
ur R FS D ul L U,6,11,66,8,2,13,3
ur R FS D ul U L,6,11,66,8,2,13,3
ur R FS U D ul L,6,11,66,8,2,15,4
ur R U D FS ul L,6,11,66,8,2,15,4
ur R U D ul FS L,6,11,66,8,2,13,4
ur R U FS D ul L,6,11,66,8,2,13,3
ur R U ul D FS L,6,11,66,8,2,13,3
ur R ul D FS L U,6,11,66,8,2,11,3
ur R ul D FS U L,6,11,66,8,2,11,3
ur R ul D L FS U,6,11,66,8,2,11,3
ur R ul D U FS L,6,11,66,8,2,13,4
ur R ul U D FS L,6,11,66,8,2,15,4
ur ul D L R FS U,6,11,66,8,2,13,4
ur ul D R FS L U,6,11,66,8,2,11,2
ur ul D R FS U L,6,11,66,8,2,11,2
ur ul D R L FS U,6,11,66,8,2,13,4
ur ul D R U FS L,6,11,66,8,2,11,2
ur ul R D FS L U,6,11,66,8,2,11,2
ur ul R D FS U L,6,11,66,8,2,11,2
ur ul R D L FS U,6,11,66,8,2,11,2
ur ul R D U FS L,6,11,66,8,2,13,4
ur ul R U D FS L,6,11,66,8,2,13,4
L U FS R ul ur D,2,12,68,8,2,10,2
L U FS R ur ul D,2,12,68,8,2,12,3
L U FS ul R ur D,2,12,68,8,2,10,3
L U FS ul ur D R,2,12,68,8,2,10,2
L U FS ul ur R D,2,12,68,8,2,12,3
L U FS ur D ul R,2,12,68,8,2,10,3
L U FS ur R ul D,2,12,68,8,2,12,3
L U FS ur ul D R,2,12,68,8,2,12,3
L U FS ur ul R D,2,12,68,8,2,12,3
L U R FS ul ur D,2,12,68,8,2,10,2
L U R FS ur ul D,2,12,68,8,2,12,3
L U R ul FS ur D,2,12,68,8,2,10,3
L U R ul ur FS D,2,12,68,8,2,12,3
L U R ur FS ul D,2,12,68,8,2,12,3
L U R ur ul FS D,2,12,68,8,2,12,3
L U ul FS R ur D,2,12,68,8,2,12,3
L U ul FS ur D R,2,12,68,8,2,12,3
L U ul FS ur R D,2,12,68,8,2,14,3
L U ul R FS ur D,2,12,68,8,2,12,3
L U ul R ur FS D,2,12,68,8,2,14,3
L U ul ur D FS R,2,12,68,8,2,12,3
L U ul ur FS D R,2,12,68,8,2,14,3
L U ul ur FS R D,2,12,68,8,2,14,3
L U ul ur R FS D,2,12,68,8,2,14,3
L U ur D FS ul R,2,12,68,8,2,10,3
L U ur D ul FS R,2,12,68,8,2,10,3
L U ur FS D ul R,2,12,68,8,2,12,3
L U ur FS R ul D,2,12,68,8,2,12,3
L U ur FS ul D R,2,12,68,8,2,12,3
L U ur FS ul R D,2,12,68,8,2,12,3
L U ur R FS ul D,2,12,68,8,2,12,3
L U ur R ul FS D,2,12,68,8,2,12,3
L U ur ul D FS R,2,12,68,8,2,12,3
L U ur ul FS D R,2,12,68,8,2,12,3
L U ur ul FS R D,2,12,68,8,2,12,3
L U ur ul R FS D,2,12,68,8,2,12,3
L ul U FS R ur D,2,12,68,8,2,14,3
L ul U FS ur D R,2,12,68,8,2,14,3
L ul U FS ur R D,2,12,68,8,2,16,3
L ul U R FS ur D,2,12,68,8,2,14,3
L ul U R ur FS D,2,12,68,8,2,16,3
L ul U ur D FS R,2,12,68,8,2,14,3
L ul U ur FS D R,2,12,68,8,2,16,3
L ul U ur FS R D,2,12,68,8,2,16,3
L ul U ur R FS D,2,12,68,8,2,16,3
L ul ur D U FS R,2,12,68,8,2,14,4
L ul ur U D FS R,2,12,68,8,2,16,4
L ul ur U FS D R,2,12,68,8,2,14,3
L ul ur U FS R D,2,12,68,8,2,14,3
L ul ur U R FS D,2,12,68,8,2,14,3
L ur D U FS ul R,2,12,68,8,2,10,4
L ur D U ul FS R,2,12,68,8,2,12,4
L ur D ul U FS R,2,12,68,8,2,10,3
L ur U D FS ul R,2,12,68,8,2,12,4
L ur U D ul FS R,2,12,68,8,2,12,4
L ur U FS D ul R,2,12,68,8,2,10,3
L ur U FS R ul D,2,12,68,8,2,10,3
L ur U FS ul D R,2,12,68,8,2,10,3
L ur U FS ul R D,2,12,68,8,2,10,3
L ur U R FS ul D,2,12,68,8,2,10,3
L ur U R ul FS D,2,12,68,8,2,10,3
L ur U ul D FS R,2,12,68,8,2,12,3
L ur U ul FS D R,2,12,68,8,2,12,3
L ur U ul FS R D,2,12,68,8,2,12,3
L ur U ul R FS D,2,12,68,8,2,12,3
L ur ul D U FS R,2,12,68,8,2,12,4
L ur ul U D FS R,2,12,68,8,2,14,4
L ur ul U FS D R,2,12,68,8,2,12,3
L ur ul U FS R D,2,12,68,8,2,12,3
L ur ul U R FS D,2,12,68,8,2,12,3
U L FS R ul ur D,2,12,68,8,2,10,2
U L FS R ur ul D,2,12,68,8,2,12,3
U L FS ul R ur D,2,12,68,8,2,10,3
U L FS ul ur D R,2,12,68,8,2,10,2
U L FS ul ur R D,2,12,68,8,2,12,3
U L FS ur D ul R,2,12,68,8,2,10,3
U L FS ur R ul D,2,12,68,8,2,12,3
U L FS ur ul D R,2,12,68,8,2,12,3
U L FS ur ul R D,2,12,68,8,2,12,3
U L R FS ul ur D,2,12,68,8,2,12,4
U L R FS ur ul D,2,12,68,8,2,14,4
U L R ul FS ur D,2,12,68,8,2,12,4
U L R ul ur FS D,2,12,68,8,2,14,4
U L R ur FS ul D,2,12,68,8,2,14,4
U L R ur ul FS D,2,12,68,8,2,14,4
U L ul FS R ur D,2,12,68,8,2,12,3
U L ul FS ur D R,2,12,68,8,2,12,3
U L ul FS ur R D,2,12,68,8,2,14,3
U L ul R FS ur D,2,12,68,8,2,12,3
U L ul R ur FS D,2,12,68,8,2,14,3
U L ul ur D FS R,2,12,68,8,2,12,3
U L ul ur FS D R,2,12,68,8,2,14,3
U L ul ur FS R D,2,12,68,8,2,14,3
U L ul ur R FS D,2,12,68,8,2,14,3
U L ur D FS ul R,2,12,68,8,2,8,2
U L ur D ul FS R,2,12,68,8,2,8,2
U L ur FS D ul R,2,12,68,8,2,10,3
U L ur FS R ul D,2,12,68,8,2,10,3
U L ur FS ul D R,2,12,68,8,2,10,3
U L ur FS ul R D,2,12,68,8,2,10,3
U L ur R FS ul D,2,12,68,8,2,10,3
U L ur R ul FS D,2,12,68,8,2,10,3
U L ur ul D FS R,2,12,68,8,2,10,2
U L ur ul FS D R,2,12,68,8,2,10,2
U L ur ul FS R D,2,12,68,8,2,10,2
U L ur ul R FS D,2,12,68,8,2,10,2
U R L FS ul ur D,2,12,68,8,2,12,4
U R L FS ur ul D,2,12,68,8,2,14,4
U R L ul FS ur D,2,12,68,8,2,14,4
U R L ul ur FS D,2,12,68,8,2,16,4
U R L ur FS ul D,2,12,68,8,2,12,4
U R L ur ul FS D,2,12,68,8,2,12,4
U R ul L FS ur D,2,12,68,8,2,12,3
U R ul L ur FS D,2,12,68,8,2,12,3
U R ul ur L FS D,2,12,68,8,2,10,2
U R ur L FS ul D,2,12,68,8,2,10,3
U R ur L ul FS D,2,12,68,8,2,12,3
U R ur ul L FS D,2,12,68,8,2,14,3
U ul L FS R ur D,2,12,68,8,2,14,3
U ul L FS ur D R,2,12,68,8,2,14,3
U ul L FS ur R D,2,12,68,8,2,16,3
U ul L R FS ur D,2,12,68,8,2,16,4
U ul L R ur FS D,2,12,68,8,2,18,4
U ul L ur D FS R,2,12,68,8,2,12,3
U ul L ur FS D R,2,12,68,8,2,14,3
U ul L ur FS R D,2,12,68,8,2,14,3
U ul L ur R FS D,2,12,68,8,2,14,3
U ul R L FS ur D,2,12,68,8,2,14,4
U ul R L ur FS D,2,12,68,8,2,14,4
U ul R ur L FS D,2,12,68,8,2,12,3
U ul ur L D FS R,2,12,68,8,2,12,3
U ul ur L FS D R,2,12,68,8,2,12,3
U ul ur L FS R D,2,12,68,8,2,12,3
U ul ur L R FS D,2,12,68,8,2,14,4
U ul ur R L FS D,2,12,68,8,2,16,4
U ur L D FS ul R,2,12,68,8,2,10,3
U ur L D ul FS R,2,12,68,8,2,10,3
U ur L FS D ul R,2,12,68,8,2,10,3
U ur L FS R ul D,2,12,68,8,2,10,3
U ur L FS ul D R,2,12,68,8,2,10,3
U ur L FS ul R D,2,12,68,8,2,10,3
U ur L R FS ul D,2,12,68,8,2,12,4
U ur L R ul FS D,2,12,68,8,2,12,4
U ur L ul D FS R,2,12,68,8,2,12,3
U ur L ul FS D R,2,12,68,8,2,12,3
U ur L ul FS R D,2,12,68,8,2,12,3
U ur L ul R FS D,2,12,68,8,2,12,3
U ur R L FS ul D,2,12,68,8,2,14,4
U ur R L ul FS D,2,12,68,8,2,16,4
U ur R ul L FS D,2,12,68,8,2,14,3
U ur ul L D FS R,2,12,68,8,2,14,3
U ur ul L FS D R,2,12,68,8,2,14,3
U ur ul L FS R D,2,12,68,8,2,14,3
U ur ul L R FS D,2,12,68,8,2,16,4
U ur ul R L FS D,2,12,68,8,2,14,4
ul L U FS R ur D,2,12,68,8,2,13,3
ul L U FS ur D R,2,12,68,8,2,13,3
ul L U FS ur R D,2,12,68,8,2,15,3
ul L U R FS ur D,2,12,68,8,2,13,3
ul L U R ur FS D,2,12,68,8,2,15,3
ul L U ur D FS R,2,12,68,8,2,13,3
ul L U ur FS D R,2,12,68,8,2,15,3
ul L U ur FS R D,2,12,68,8,2,15,3
ul L U ur R FS D,2,12,68,8,2,15,3
ul L ur D U FS R,2,12,68,8,2,13,4
ul L ur U D FS R,2,12,68,8,2,15,4
ul L ur U FS D R,2,12,68,8,2,13,3
ul L ur U FS R D,2,12,68,8,2,13,3
ul L ur U R FS D,2,12,68,8,2,13,3
ul U L FS R ur D,2,12,68,8,2,13,3
ul U L FS ur D R,2,12,68,8,2,13,3
ul U L FS ur R D,2,12,68,8,2,15,3
ul U L R FS ur D,2,12,68,8,2,15,4
ul U L R ur FS D,2,12,68,8,2,17,4
ul U L ur D FS R,2,12,68,8,2,11,3
ul U L ur FS D R,2,12,68,8,2,13,3
ul U L ur FS R D,2,12,68,8,2,13,3
ul U L ur R FS D,2,12,68,8,2,13,3
ul U R L FS ur D,2,12,68,8,2,15,4
ul U R L ur FS D,2,12,68,8,2,15,4
ul U R ur L FS D,2,12,68,8,2,13,3
ul U ur L D FS R,2,12,68,8,2,13,3
ul U ur L FS D R,2,12,68,8,2,13,3
ul U ur L FS R D,2,12,68,8,2,13,3
ul U ur L R FS D,2,12,68,8,2,15,4
ul U ur R L FS D,2,12,68,8,2,17,4
ul ur L D U FS R,2,12,68,8,2,13,4
ul ur L U D FS R,2,12,68,8,2,13,4
ul ur L U FS D R,2,12,68,8,2,11,2
ul ur L U FS R D,2,12,68,8,2,11,2
ul ur L U R FS D,2,12,68,8,2,11,2
ul ur U L D FS R,2,12,68,8,2,13,3
ul ur U L FS D R,2,12,68,8,2,13,3
ul ur U L FS R D,2,12,68,8,2,13,3
ul ur U L R FS D,2,12,68,8,2,15,4
ul ur U R L FS D,2,12,68,8,2,15,4
ur L D U FS ul R,2,12,68,8,2,11,4
ur L D U ul FS R,2,12,68,8,2,13,4
ur L D ul U FS R,2,12,68,8,2,11,3
ur L U D FS ul R,2,12,68,8,2,11,4
ur L U D ul FS R,2,12,68,8,2,11,4
ur L U FS D ul R,2,12,68,8,2,9,2
ur L U FS R ul D,2,12,68,8,2,9,2
ur L U FS ul D R,2,12,68,8,2,9,2
ur L U FS ul R D,2,12,68,8,2,9,2
ur L U R FS ul D,2,12,68,8,2,9,2
ur L U R ul FS D,2,12,68,8,2,9,2
ur L U ul D FS R,2,12,68,8,2,11,3
ur L U ul FS D R,2,12,68,8,2,11,3
ur L U ul FS R D,2,12,68,8,2,11,3
ur L U ul R FS D,2,12,68,8,2,11,3
ur L ul D U FS R,2,12,68,8,2,13,4
ur L ul U D FS R,2,12,68,8,2,15,4
ur L ul U FS D R,2,12,68,8,2,13,3
ur L ul U FS R D,2,12,68,8,2,13,3
ur L ul U R FS D,2,12,68,8,2,13,3
ur U L D FS ul R,2,12,68,8,2,11,3
ur U L D ul FS R,2,12,68,8,2,11,3
ur U L FS D ul R,2,12,68,8,2,11,3
ur U L FS R ul D,2,12,68,8,2,11,3
ur U L FS ul D R,2,12,68,8,2,11,3
ur U L FS ul R D,2,12,68,8,2,11,3
ur U L R FS ul D,2,12,68,8,2,13,4
ur U L R ul FS D,2,12,68,8,2,13,4
ur U L ul D FS R,2,12,68,8,2,13,3
ur U L ul FS D R,2,12,68,8,2,13,3
ur U L ul FS R D,2,12,68,8,2,13,3
ur U L ul R FS D,2,12,68,8,2,13,3
ur U R L FS ul D,2,12,68,8,2,13,4
ur U R L ul FS D,2,12,68,8,2,15,4
ur U R ul L FS D,2,12,68,8,2,13,3
ur U ul L D FS R,2,12,68,8,2,15,3
ur U ul L FS D R,2,12,68,8,2,15,3
ur U ul L FS R D,2,12,68,8,2,15,3
ur U ul L R FS D,2,12,68,8,2,17,4
ur U ul R L FS D,2,12,68,8,2,15,4
ur ul L D U FS R,2,12,68,8,2,15,4
ur ul L U D FS R,2,12,68,8,2,15,4
ur ul L U FS D R,2,12,68,8,2,13,3
ur ul L U FS R D,2,12,68,8,2,13,3
ur ul L U R FS D,2,12,68,8,2,13,3
ur ul U L D FS R,2,12,68,8,2,13,3
ur ul U L FS D R,2,12,68,8,2,13,3
ur ul U L FS R D,2,12,68,8,2,13,3
ur ul U L R FS D,2,12,68,8,2,15,4
ur ul U R L FS D,2,12,68,8,2,15,4
D FS L U ul ur R,6,12,72,8,2,14,3
D FS L U ur ul R,6,12,72,8,2,12,3
D FS L ul R ur U,6,12,72,8,2,14,3
D FS L ul U ur R,6,12,72,8,2,16,3
D FS L ul ur R U,6,12,72,8,2,14,3
D FS L ul ur U R,6,12,72,8,2,14,3
D FS L ur U ul R,6,12,72,8,2,12,3
D FS L ur ul R U,6,12,72,8,2,10,2
D FS L ur ul U R,6,12,72,8,2,12,3
D FS ul L R ur U,6,12,72,8,2,16,4
D FS ul L U ur R,6,12,72,8,2,14,3
D FS ul L ur R U,6,12,72,8,2,12,3
D FS ul L ur U R,6,12,72,8,2,12,3
D FS ul R L ur U,6,12,72,8,2,12,4
D L FS U ul ur R,6,12,72,8,2,14,3
D L FS U ur ul R,6,12,72,8,2,12,3
D L FS ul R ur U,6,12,72,8,2,12,3
D L FS ul U ur R,6,12,72,8,2,14,3
D L FS ul ur R U,6,12,72,8,2,12,3
D L FS ul ur U R,6,12,72,8,2,12,3
D L FS ur U ul R,6,12,72,8,2,14,3
D L FS ur ul R U,6,12,72,8,2,12,3
D L FS ur ul U R,6,12,72,8,2,14,3
D L ul FS R ur U,6,12,72,8,2,14,3
D L ul FS U ur R,6,12,72,8,2,14,3
D L ul FS ur R U,6,12,72,8,2,14,3
D L ul FS ur U R,6,12,72,8,2,14,3
D L ul ur FS R U,6,12,72,8,2,14,3
D L ul ur FS U R,6,12,72,8,2,14,3
D L ur FS U ul R,6,12,72,8,2,12,3
D L ur FS ul R U,6,12,72,8,2,10,3
D L ur FS ul U R,6,12,72,8,2,12,3
D L ur ul FS R U,6,12,72,8,2,10,2
D L ur ul FS U R,6,12,72,8,2,10,2
D ul FS L R ur U,6,12,72,8,2,14,4
D ul FS L U ur R,6,12,72,8,2,12,3
D ul FS L ur R U,6,12,72,8,2,10,3
D ul FS L ur U R,6,12,72,8,2,10,3
D ul FS R L ur U,6,12,72,8,2,12,4
D ul L FS R ur U,6,12,72,8,2,14,3
D ul L FS U ur R,6,12,72,8,2,14,3
D ul L FS ur R U,6,12,72,8,2,14,3
D ul L FS ur U R,6,12,72,8,2,14,3
D ul L ur FS R U,6,12,72,8,2,12,3
D ul L ur FS U R,6,12,72,8,2,12,3
FS D L U ul ur R,6,12,72,8,2,14,3
FS D L U ur ul R,6,12,72,8,2,12,3
FS D L ul R ur U,6,12,72,8,2,14,3
FS D L ul U ur R,6,12,72,8,2,16,3
FS D L ul ur R U,6,12,72,8,2,14,3
FS D L ul ur U R,6,12,72,8,2,14,3
FS D L ur U ul R,6,12,72,8,2,12,3
FS D L ur ul R U,6,12,72,8,2,10,2
FS D L ur ul U R,6,12,72,8,2,12,3
FS D ul L R ur U,6,12,72,8,2,16,4
FS D ul L U ur R,6,12,72,8,2,14,3
FS D ul L ur R U,6,12,72,8,2,12,3
FS D ul L ur U R,6,12,72,8,2,12,3
FS D ul R L ur U,6,12,72,8,2,12,4
FS L D U ul ur R,6,12,72,8,2,16,4
FS L D U ur ul R,6,12,72,8,2,14,4
FS L D ul R ur U,6,12,72,8,2,12,3
FS L D ul U ur R,6,12,72,8,2,14,3
FS L D ul ur R U,6,12,72,8,2,12,3
FS L D ul ur U R,6,12,72,8,2,12,3
FS L D ur U ul R,6,12,72,8,2,12,3
FS L D ur ul R U,6,12,72,8,2,10,2
FS L D ur ul U R,6,12,72,8,2,12,3
FS L R U ul ur D,6,12,72,8,2,14,4
FS L R U ur ul D,6,12,72,8,2,14,4
FS L R ul D ur U,6,12,72,8,2,12,4
FS L R ul U ur D,6,12,72,8,2,14,4
FS L R ul ur D U,6,12,72,8,2,14,4
FS L R ul ur U D,6,12,72,8,2,16,4
FS L R ur D ul U,6,12,72,8,2,14,4
FS L R ur U ul D,6,12,72,8,2,16,4
FS L R ur ul D U,6,12,72,8,2,16,4
FS L R ur ul U D,6,12,72,8,2,18,4
FS L U D ul ur R,6,12,72,8,2,14,4
FS L U D ur ul R,6,12,72,8,2,12,4
FS L U ul D ur R,6,12,72,8,2,12,3
FS L ul D R ur U,6,12,72,8,2,14,3
FS L ul D U ur R,6,12,72,8,2,16,4
FS L ul D ur R U,6,12,72,8,2,12,3
FS L ul D ur U R,6,12,72,8,2,12,3
FS L ul R D ur U,6,12,72,8,2,12,3
FS L ul R U ur D,6,12,72,8,2,12,3
FS L ul R ur D U,6,12,72,8,2,14,4
FS L ul R ur U D,6,12,72,8,2,16,4
FS L ul U D ur R,6,12,72,8,2,16,4
FS L ul ur R D U,6,12,72,8,2,16,4
FS L ul ur R U D,6,12,72,8,2,16,4
FS L ur D R ul U,6,12,72,8,2,10,3
FS L ur R D ul U,6,12,72,8,2,12,3
FS L ur R U ul D,6,12,72,8,2,12,3
FS L ur R ul D U,6,12,72,8,2,12,4
FS L ur R ul U D,6,12,72,8,2,14,4
FS L ur ul R D U,6,12,72,8,2,12,4
FS L ur ul R U D,6,12,72,8,2,12,4
FS R L U ul ur D,6,12,72,8,2,14,4
FS R L U ur ul D,6,12,72,8,2,14,4
FS R L ul D ur U,6,12,72,8,2,14,4
FS R L ul U ur D,6,12,72,8,2,16,4
FS R L ul ur D U,6,12,72,8,2,16,4
FS R L ul ur U D,6,12,72,8,2,18,4
FS R L ur D ul U,6,12,72,8,2,12,4
FS R L ur U ul D,6,12,72,8,2,14,4
FS R L ur ul D U,6,12,72,8,2,14,4
FS R L ur ul U D,6,12,72,8,2,16,4
FS R ul D L ur U,6,12,72,8,2,10,3
FS R ul L D ur U,6,12,72,8,2,12,3
FS R ul L U ur D,6,12,72,8,2,12,3
FS R ul L ur D U,6,12,72,8,2,12,4
FS R ul L ur U D,6,12,72,8,2,14,4
FS R ul ur L D U,6,12,72,8,2,12,4
FS R ul ur L U D,6,12,72,8,2,12,4
FS R ur L D ul U,6,12,72,8,2,12,3
FS R ur L U ul D,6,12,72,8,2,12,3
FS R ur L ul D U,6,12,72,8,2,14,4
FS R ur L ul U D,6,12,72,8,2,16,4
FS R ur ul L D U,6,12,72,8,2,16,4
FS R ur ul L U D,6,12,72,8,2,16,4
FS ul D L R ur U,6,12,72,8,2,14,4
FS ul D L U ur R,6,12,72,8,2,12,3
FS ul D L ur R U,6,12,72,8,2,10,3
FS ul D L ur U R,6,12,72,8,2,10,3
FS ul D R L ur U,6,12,72,8,2,12,4
FS ul L D R ur U,6,12,72,8,2,14,3
FS ul L D U ur R,6,12,72,8,2,16,4
FS ul L D ur R U,6,12,72,8,2,12,3
FS ul L D ur U R,6,12,72,8,2,12,3
FS ul L R D ur U,6,12,72,8,2,14,4
FS ul L R U ur D,6,12,72,8,2,14,4
FS ul L R ur D U,6,12,72,8,2,16,4
FS ul L R ur U D,6,12,72,8,2,18,4
FS ul L U D ur R,6,12,72,8,2,14,4
FS ul L ur R D U,6,12,72,8,2,14,4
FS ul L ur R U D,6,12,72,8,2,14,4
FS ul R D L ur U,6,12,72,8,2,10,3
FS ul R L D ur U,6,12,72,8,2,12,4
FS ul R L U ur D,6,12,72,8,2,12,4
FS ul R L ur D U,6,12,72,8,2,12,4
FS ul R L ur U D,6,12,72,8,2,14,4
FS ul R ur L D U,6,12,72,8,2,12,4
FS ul R ur L U D,6,12,72,8,2,12,4
FS ul ur L R D U,6,12,72,8,2,14,4
FS ul ur L R U D,6,12,72,8,2,14,4
FS ul ur R L D U,6,12,72,8,2,16,4
FS ul ur R L U D,6,12,72,8,2,16,4
FS ur L D R ul U,6,12,72,8,2,12,3
FS ur L R D ul U,6,12,72,8,2,14,4
FS ur L R U ul D,6,12,72,8,2,14,4
FS ur L R ul D U,6,12,72,8,2,14,4
FS ur L R ul U D,6,12,72,8,2,16,4
FS ur L ul R D U,6,12,72,8,2,14,4
FS ur L ul R U D,6,12,72,8,2,14,4
FS ur R L D ul U,6,12,72,8,2,16,4
FS ur R L U ul D,6,12,72,8,2,16,4
FS ur R L ul D U,6,12,72,8,2,18,4
FS ur R L ul U D,6,12,72,8,2,20,4
FS ur R ul L D U,6,12,72,8,2,16,4
FS ur R ul L U D,6,12,72,8,2,16,4
FS ur ul L R D U,6,12,72,8,2,18,4
FS ur ul L R U D,6,12,72,8,2,18,4
FS ur ul R L D U,6,12,72,8,2,16,4
FS ur ul R L U D,6,12,72,8,2,16,4
L D FS U ul ur R,6,12,72,8,2,14,3
L D FS U ur ul R,6,12,72,8,2,12,3
L D FS ul R ur U,6,12,72,8,2,12,3
L D FS ul U ur R,6,12,72,8,2,14,3
L D FS ul ur R U,6,12,72,8,2,12,3
L D FS ul ur U R,6,12,72,8,2,12,3
L D FS ur U ul R,6,12,72,8,2,14,3
L D FS ur ul R U,6,12,72,8,2,12,3
L D FS ur ul U R,6,12,72,8,2,14,3
L D ul FS R ur U,6,12,72,8,2,12,3
L D ul FS U ur R,6,12,72,8,2,12,3
L D ul FS ur R U,6,12,72,8,2,12,3
L D ul FS ur U R,6,12,72,8,2,12,3
L D ul ur FS R U,6,12,72,8,2,12,3
L D ul ur FS U R,6,12,72,8,2,12,3
L D ur FS U ul R,6,12,72,8,2,12,3
L D ur FS ul R U,6,12,72,8,2,10,3
L D ur FS ul U R,6,12,72,8,2,12,3
L D ur ul FS R U,6,12,72,8,2,10,2
L D ur ul FS U R,6,12,72,8,2,10,2
L FS D U ul ur R,6,12,72,8,2,16,4
L FS D U ur ul R,6,12,72,8,2,14,4
L FS D ul R ur U,6,12,72,8,2,12,3
L FS D ul U ur R,6,12,72,8,2,14,3
L FS D ul ur R U,6,12,72,8,2,12,3
L FS D ul ur U R,6,12,72,8,2,12,3
L FS D ur U ul R,6,12,72,8,2,12,3
L FS D ur ul R U,6,12,72,8,2,10,2
L FS D ur ul U R,6,12,72,8,2,12,3
L FS R U ul ur D,6,12,72,8,2,12,3
L FS R U ur ul D,6,12,72,8,2,12,3
L FS R ul D ur U,6,12,72,8,2,10,3
L FS R ul U ur D,6,12,72,8,2,12,3
L FS R ul ur D U,6,12,72,8,2,12,4
L FS R ul ur U D,6,12,72,8,2,14,4
L FS R ur D ul U,6,12,72,8,2,12,3
L FS R ur U ul D,6,12,72,8,2,14,3
L FS R ur ul D U,6,12,72,8,2,14,4
L FS R ur ul U D,6,12,72,8,2,16,4
L FS U D ul ur R,6,12,72,8,2,14,4
L FS U D ur ul R,6,12,72,8,2,12,4
L FS U ul D ur R,6,12,72,8,2,12,3
L FS ul D R ur U,6,12,72,8,2,12,3
L FS ul D U ur R,6,12,72,8,2,14,4
L FS ul D ur R U,6,12,72,8,2,10,3
L FS ul D ur U R,6,12,72,8,2,10,3
L FS ul R D ur U,6,12,72,8,2,10,3
L FS ul R U ur D,6,12,72,8,2,10,3
L FS ul R ur D U,6,12,72,8,2,12,4
L FS ul R ur U D,6,12,72,8,2,14,4
L FS ul U D ur R,6,12,72,8,2,14,4
L FS ul ur R D U,6,12,72,8,2,14,4
L FS ul ur R U D,6,12,72,8,2,14,4
L FS ur D R ul U,6,12,72,8,2,12,3
L FS ur R D ul U,6,12,72,8,2,14,3
L FS ur R U ul D,6,12,72,8,2,14,3
L FS ur R ul D U,6,12,72,8,2,14,4
L FS ur R ul U D,6,12,72,8,2,16,4
L FS ur ul R D U,6,12,72,8,2,14,4
L FS ur ul R U D,6,12,72,8,2,14,4
L R FS U ul ur D,6,12,72,8,2,14,4
L R FS U ur ul D,6,12,72,8,2,14,4
L R FS ul D ur U,6,12,72,8,2,12,4
L R FS ul U ur D,6,12,72,8,2,14,4
L R FS ul ur D U,6,12,72,8,2,14,4
L R FS ul ur U D,6,12,72,8,2,16,4
L R FS ur D ul U,6,12,72,8,2,14,4
L R FS ur U ul D,6,12,72,8,2,16,4
L R FS ur ul D U,6,12,72,8,2,16,4
L R FS ur ul U D,6,12,72,8,2,18,4
L R U FS ul ur D,6,12,72,8,2,12,4
L R U FS ur ul D,6,12,72,8,2,14,4
L R U ul FS ur D,6,12,72,8,2,14,4
L R U ul ur FS D,6,12,72,8,2,16,4
L R U ur FS ul D,6,12,72,8,2,14,4
L R U ur ul FS D,6,12,72,8,2,14,4
L R ul FS D ur U,6,12,72,8,2,12,4
L R ul FS U ur D,6,12,72,8,2,12,4
L R ul FS ur D U,6,12,72,8,2,14,4
L R ul FS ur U D,6,12,72,8,2,16,4
L R ul U FS ur D,6,12,72,8,2,14,4
L R ul U ur FS D,6,12,72,8,2,16,4
L R ul ur D FS U,6,12,72,8,2,12,4
L R ul ur FS D U,6,12,72,8,2,16,4
L R ul ur FS U D,6,12,72,8,2,16,4
L R ul ur U FS D,6,12,72,8,2,14,4
L R ur D FS ul U,6,12,72,8,2,14,4
L R ur D ul FS U,6,12,72,8,2,12,4
L R ur FS D ul U,6,12,72,8,2,16,4
L R ur FS U ul D,6,12,72,8,2,16,4
L R ur FS ul D U,6,12,72,8,2,16,4
L R ur FS ul U D,6,12,72,8,2,18,4
L R ur U FS ul D,6,12,72,8,2,14,4
L R ur U ul FS D,6,12,72,8,2,16,4
L R ur ul D FS U,6,12,72,8,2,14,4
L R ur ul FS D U,6,12,72,8,2,16,4
L R ur ul FS U D,6,12,72,8,2,16,4
L R ur ul U FS D,6,12,72,8,2,16,4
L ul D FS R ur U,6,12,72,8,2,14,3
L ul D FS U ur R,6,12,72,8,2,14,3
L ul D FS ur R U,6,12,72,8,2,14,3
L ul D FS ur U R,6,12,72,8,2,14,3
L ul D ur FS R U,6,12,72,8,2,12,3
L ul D ur FS U R,6,12,72,8,2,12,3
L ul FS D R ur U,6,12,72,8,2,14,3
L ul FS D U ur R,6,12,72,8,2,16,4
L ul FS D ur R U,6,12,72,8,2,12,3
L ul FS D ur U R,6,12,72,8,2,12,3
L ul FS R D ur U,6,12,72,8,2,12,3
L ul FS R U ur D,6,12,72,8,2,12,3
L ul FS R ur D U,6,12,72,8,2,14,4
L ul FS R ur U D,6,12,72,8,2,16,4
L ul FS U D ur R,6,12,72,8,2,14,4
L ul FS ur R D U,6,12,72,8,2,16,4
L ul FS ur R U D,6,12,72,8,2,16,4
L ul R FS D ur U,6,12,72,8,2,12,3
L ul R FS U ur D,6,12,72,8,2,12,3
L ul R FS ur D U,6,12,72,8,2,14,4
L ul R FS ur U D,6,12,72,8,2,16,4
L ul R U FS ur D,6,12,72,8,2,12,3
L ul R U ur FS D,6,12,72,8,2,14,3
L ul R ur D FS U,6,12,72,8,2,12,3
L ul R ur FS D U,6,12,72,8,2,16,4
L ul R ur FS U D,6,12,72,8,2,16,4
L ul R ur U FS D,6,12,72,8,2,14,3
L ul ur D R FS U,6,12,72,8,2,12,3
L ul ur FS R D U,6,12,72,8,2,16,4
L ul ur FS R U D,6,12,72,8,2,16,4
L ul ur R D FS U,6,12,72,8,2,14,3
L ul ur R FS D U,6,12,72,8,2,16,4
L ul ur R FS U D,6,12,72,8,2,16,4
L ul ur R U FS D,6,12,72,8,2,14,3
L ur D FS R ul U,6,12,72,8,2,10,3
L ur D R FS ul U,6,12,72,8,2,10,3
L ur D R ul FS U,6,12,72,8,2,8,2
L ur D ul R FS U,6,12,72,8,2,8,2
L ur FS D R ul U,6,12,72,8,2,12,3
L ur FS R D ul U,6,12,72,8,2,12,3
L ur FS R U ul D,6,12,72,8,2,12,3
L ur FS R ul D U,6,12,72,8,2,12,4
L ur FS R ul U D,6,12,72,8,2,14,4
L ur FS ul R D U,6,12,72,8,2,12,4
L ur FS ul R U D,6,12,72,8,2,12,4
L ur R D FS ul U,6,12,72,8,2,12,3
L ur R D ul FS U,6,12,72,8,2,10,3
L ur R FS D ul U,6,12,72,8,2,12,3
L ur R FS U ul D,6,12,72,8,2,12,3
L ur R FS ul D U,6,12,72,8,2,12,4
L ur R FS ul U D,6,12,72,8,2,14,4
L ur R U FS ul D,6,12,72,8,2,10,3
L ur R U ul FS D,6,12,72,8,2,12,3
L ur R ul D FS U,6,12,72,8,2,10,3
L ur R ul FS D U,6,12,72,8,2,12,4
L ur R ul FS U D,6,12,72,8,2,12,4
L ur R ul U FS D,6,12,72,8,2,12,3
L ur ul D R FS U,6,12,72,8,2,10,2
L ur ul FS R D U,6,12,72,8,2,12,4
L ur ul FS R U D,6,12,72,8,2,12,4
L ur ul R D FS U,6,12,72,8,2,10,2
L ur ul R FS D U,6,12,72,8,2,12,4
L ur ul R FS U D,6,12,72,8,2,12,4
L ur ul R U FS D,6,12,72,8,2,10,2
R FS L U ul ur D,6,12,72,8,2,12,3
R FS L U ur ul D,6,12,72,8,2,12,3
R FS L ul D ur U,6,12,72,8,2,12,3
R FS L ul U ur D,6,12,72,8,2,14,3
R FS L ul ur D U,6,12,72,8,2,14,4
R FS L ul ur U D,6,12,72,8,2,16,4
R FS L ur D ul U,6,12,72,8,2,10,3
R FS L ur U ul D,6,12,72,8,2,12,3
R FS L ur ul D U,6,12,72,8,2,12,4
R FS L ur ul U D,6,12,72,8,2,14,4
R FS ul D L ur U,6,12,72,8,2,10,3
R FS ul L D ur U,6,12,72,8,2,12,3
R FS ul L U ur D,6,12,72,8,2,12,3
R FS ul L ur D U,6,12,72,8,2,12,4
R FS ul L ur U D,6,12,72,8,2,14,4
R FS ul ur L D U,6,12,72,8,2,12,4
R FS ul ur L U D,6,12,72,8,2,12,4
R FS ur L D ul U,6,12,72,8,2,12,3
R FS ur L U ul D,6,12,72,8,2,12,3
R FS ur L ul D U,6,12,72,8,2,14,4
R FS ur L ul U D,6,12,72,8,2,16,4
R FS ur ul L D U,6,12,72,8,2,16,4
R FS ur ul L U D,6,12,72,8,2,16,4
R L FS U ul ur D,6,12,72,8,2,14,4
R L FS U ur ul D,6,12,72,8,2,14,4
R L FS ul D ur U,6,12,72,8,2,12,4
R L FS ul U ur D,6,12,72,8,2,14,4
R L FS ul ur D U,6,12,72,8,2,14,4
R L FS ul ur U D,6,12,72,8,2,16,4
R L FS ur D ul U,6,12,72,8,2,14,4
R L FS ur U ul D,6,12,72,8,2,16,4
R L FS ur ul D U,6,12,72,8,2,16,4
R L FS ur ul U D,6,12,72,8,2,18,4
R L U FS ul ur D,6,12,72,8,2,12,4
R L U FS ur ul D,6,12,72,8,2,14,4
R L U ul FS ur D,6,12,72,8,2,14,4
R L U ul ur FS D,6,12,72,8,2,16,4
R L U ur FS ul D,6,12,72,8,2,14,4
R L U ur ul FS D,6,12,72,8,2,14,4
R L ul FS D ur U,6,12,72,8,2,14,4
R L ul FS U ur D,6,12,72,8,2,14,4
R L ul FS ur D U,6,12,72,8,2,16,4
R L ul FS ur U D,6,12,72,8,2,18,4
R L ul U FS ur D,6,12,72,8,2,16,4
R L ul U ur FS D,6,12,72,8,2,18,4
R L ul ur D FS U,6,12,72,8,2,14,4
R L ul ur FS D U,6,12,72,8,2,18,4
R L ul ur FS U D,6,12,72,8,2,18,4
R L ul ur U FS D,6,12,72,8,2,16,4
R L ur D FS ul U,6,12,72,8,2,12,4
R L ur D ul FS U,6,12,72,8,2,10,4
R L ur FS D ul U,6,12,72,8,2,14,4
R L ur FS U ul D,6,12,72,8,2,14,4
R L ur FS ul D U,6,12,72,8,2,14,4
R L ur FS ul U D,6,12,72,8,2,16,4
R L ur U FS ul D,6,12,72,8,2,12,4
R L ur U ul FS D,6,12,72,8,2,14,4
R L ur ul D FS U,6,12,72,8,2,12,4
R L ur ul FS D U,6,12,72,8,2,14,4
R L ur ul FS U D,6,12,72,8,2,14,4
R L ur ul U FS D,6,12,72,8,2,14,4
R U L FS ul ur D,6,12,72,8,2,10,2
R U L FS ur ul D,6,12,72,8,2,12,3
R U L ul FS ur D,6,12,72,8,2,12,3
R U L ul ur FS D,6,12,72,8,2,14,3
R U L ur FS ul D,6,12,72,8,2,10,3
R U L ur ul FS D,6,12,72,8,2,10,2
R U ul L FS ur D,6,12,72,8,2,14,3
R U ul L ur FS D,6,12,72,8,2,14,3
R U ul ur L FS D,6,12,72,8,2,12,3
R U ur L FS ul D,6,12,72,8,2,10,3
R U ur L ul FS D,6,12,72,8,2,12,3
R U ur ul L FS D,6,12,72,8,2,14,3
R ul FS D L ur U,6,12,72,8,2,10,3
R ul FS L D ur U,6,12,72,8,2,10,3
R ul FS L U ur D,6,12,72,8,2,10,3
R ul FS L ur D U,6,12,72,8,2,10,4
R ul FS L ur U D,6,12,72,8,2,12,4
R ul FS ur L D U,6,12,72,8,2,12,4
R ul FS ur L U D,6,12,72,8,2,12,4
R ul L FS D ur U,6,12,72,8,2,12,3
R ul L FS U ur D,6,12,72,8,2,12,3
R ul L FS ur D U,6,12,72,8,2,14,4
R ul L FS ur U D,6,12,72,8,2,16,4
R ul L U FS ur D,6,12,72,8,2,12,3
R ul L U ur FS D,6,12,72,8,2,14,3
R ul L ur D FS U,6,12,72,8,2,10,3
R ul L ur FS D U,6,12,72,8,2,14,4
R ul L ur FS U D,6,12,72,8,2,14,4
R ul L ur U FS D,6,12,72,8,2,12,3
R ul U L FS ur D,6,12,72,8,2,12,3
R ul U L ur FS D,6,12,72,8,2,12,3
R ul U ur L FS D,6,12,72,8,2,12,3
R ul ur FS L D U,6,12,72,8,2,14,4
R ul ur FS L U D,6,12,72,8,2,14,4
R ul ur L D FS U,6,12,72,8,2,10,2
R ul ur L FS D U,6,12,72,8,2,12,4
R ul ur L FS U D,6,12,72,8,2,12,4
R ul ur L U FS D,6,12,72,8,2,10,2
R ul ur U L FS D,6,12,72,8,2,12,3
R ur FS L D ul U,6,12,72,8,2,14,3
R ur FS L U ul D,6,12,72,8,2,14,3
R ur FS L ul D U,6,12,72,8,2,16,4
R ur FS L ul U D,6,12,72,8,2,18,4
R ur FS ul L D U,6,12,72,8,2,16,4
R ur FS ul L U D,6,12,72,8,2,16,4
R ur L D FS ul U,6,12,72,8,2,12,3
R ur L D ul FS U,6,12,72,8,2,10,3
R ur L FS D ul U,6,12,72,8,2,12,3
R ur L FS U ul D,6,12,72,8,2,12,3
R ur L FS ul D U,6,12,72,8,2,12,4
R ur L FS ul U D,6,12,72,8,2,14,4
R ur L U FS ul D,6,12,72,8,2,10,3
R ur L U ul FS D,6,12,72,8,2,12,3
R ur L ul D FS U,6,12,72,8,2,12,3
R ur L ul FS D U,6,12,72,8,2,14,4
R ur L ul FS U D,6,12,72,8,2,14,4
R ur L ul U FS D,6,12,72,8,2,14,3
R ur U L FS ul D,6,12,72,8,2,12,3
R ur U L ul FS D,6,12,72,8,2,14,3
R ur U ul L FS D,6,12,72,8,2,16,3
R ur ul FS L D U,6,12,72,8,2,14,4
R ur ul FS L U D,6,12,72,8,2,14,4
R ur ul L D FS U,6,12,72,8,2,14,3
R ur ul L FS D U,6,12,72,8,2,16,4
R ur ul L FS U D,6,12,72,8,2,16,4
R ur ul L U FS D,6,12,72,8,2,14,3
R ur ul U L FS D,6,12,72,8,2,14,3
ul D FS L R ur U,6,12,72,8,2,15,4
ul D FS L U ur R,6,12,72,8,2,13,3
ul D FS L ur R U,6,12,72,8,2,11,3
ul D FS L ur U R,6,12,72,8,2,11,3
ul D FS R L ur U,6,12,72,8,2,13,4
ul D L FS R ur U,6,12,72,8,2,13,3
ul D L FS U ur R,6,12,72,8,2,13,3
ul D L FS ur R U,6,12,72,8,2,13,3
ul D L FS ur U R,6,12,72,8,2,13,3
ul D L ur FS R U,6,12,72,8,2,11,3
ul D L ur FS U R,6,12,72,8,2,11,3
ul FS D L R ur U,6,12,72,8,2,15,4
ul FS D L U ur R,6,12,72,8,2,13,3
ul FS D L ur R U,6,12,72,8,2,11,3
ul FS D L ur U R,6,12,72,8,2,11,3
ul FS D R L ur U,6,12,72,8,2,13,4
ul FS L D R ur U,6,12,72,8,2,13,3
ul FS L D U ur R,6,12,72,8,2,15,4
ul FS L D ur R U,6,12,72,8,2,11,3
ul FS L D ur U R,6,12,72,8,2,11,3
ul FS L R D ur U,6,12,72,8,2,13,4
ul FS L R U ur D,6,12,72,8,2,13,4
ul FS L R ur D U,6,12,72,8,2,15,4
ul FS L R ur U D,6,12,72,8,2,17,4
ul FS L U D ur R,6,12,72,8,2,13,4
ul FS L ur R D U,6,12,72,8,2,13,4
ul FS L ur R U D,6,12,72,8,2,13,4
ul FS R D L ur U,6,12,72,8,2,11,3
ul FS R L D ur U,6,12,72,8,2,13,4
ul FS R L U ur D,6,12,72,8,2,13,4
ul FS R L ur D U,6,12,72,8,2,13,4
ul FS R L ur U D,6,12,72,8,2,15,4
ul FS R ur L D U,6,12,72,8,2,13,4
ul FS R ur L U D,6,12,72,8,2,13,4
ul FS ur L R D U,6,12,72,8,2,15,4
ul FS ur L R U D,6,12,72,8,2,15,4
ul FS ur R L D U,6,12,72,8,2,17,4
ul FS ur R L U D,6,12,72,8,2,17,4
ul L D FS R ur U,6,12,72,8,2,15,3
ul L D FS U ur R,6,12,72,8,2,15,3
ul L D FS ur R U,6,12,72,8,2,15,3
ul L D FS ur U R,6,12,72,8,2,15,3
ul L D ur FS R U,6,12,72,8,2,13,3
ul L D ur FS U R,6,12,72,8,2,13,3
ul L FS D R ur U,6,12,72,8,2,15,3
ul L FS D U ur R,6,12,72,8,2,17,4
ul L FS D ur R U,6,12,72,8,2,13,3
ul L FS D ur U R,6,12,72,8,2,13,3
ul L FS R D ur U,6,12,72,8,2,13,3
ul L FS R U ur D,6,12,72,8,2,13,3
ul L FS R ur D U,6,12,72,8,2,15,4
ul L FS R ur U D,6,12,72,8,2,17,4
ul L FS U D ur R,6,12,72,8,2,15,4
ul L FS ur R D U,6,12,72,8,2,17,4
ul L FS ur R U D,6,12,72,8,2,17,4
ul L R FS D ur U,6,12,72,8,2,15,4
ul L R FS U ur D,6,12,72,8,2,15,4
ul L R FS ur D U,6,12,72,8,2,17,4
ul L R FS ur U D,6,12,72,8,2,19,4
ul L R U FS ur D,6,12,72,8,2,15,4
ul L R U ur FS D,6,12,72,8,2,17,4
ul L R ur D FS U,6,12,72,8,2,15,4
ul L R ur FS D U,6,12,72,8,2,19,4
ul L R ur FS U D,6,12,72,8,2,19,4
ul L R ur U FS D,6,12,72,8,2,17,4
ul L ur D R FS U,6,12,72,8,2,11,3
ul L ur FS R D U,6,12,72,8,2,15,4
ul L ur FS R U D,6,12,72,8,2,15,4
ul L ur R D FS U,6,12,72,8,2,13,3
ul L ur R FS D U,6,12,72,8,2,15,4
ul L ur R FS U D,6,12,72,8,2,15,4
ul L ur R U FS D,6,12,72,8,2,13,3
ul R FS D L ur U,6,12,72,8,2,11,3
ul R FS L D ur U,6,12,72,8,2,11,3
ul R FS L U ur D,6,12,72,8,2,11,3
ul R FS L ur D U,6,12,72,8,2,11,4
ul R FS L ur U D,6,12,72,8,2,13,4
ul R FS ur L D U,6,12,72,8,2,13,4
ul R FS ur L U D,6,12,72,8,2,13,4
ul R L FS D ur U,6,12,72,8,2,13,4
ul R L FS U ur D,6,12,72,8,2,13,4
ul R L FS ur D U,6,12,72,8,2,15,4
ul R L FS ur U D,6,12,72,8,2,17,4
ul R L U FS ur D,6,12,72,8,2,13,4
ul R L U ur FS D,6,12,72,8,2,15,4
ul R L ur D FS U,6,12,72,8,2,11,4
ul R L ur FS D U,6,12,72,8,2,15,4
ul R L ur FS U D,6,12,72,8,2,15,4
ul R L ur U FS D,6,12,72,8,2,13,4
ul R U L FS ur D,6,12,72,8,2,11,3
ul R U L ur FS D,6,12,72,8,2,11,3
ul R U ur L FS D,6,12,72,8,2,11,3
ul R ur FS L D U,6,12,72,8,2,15,4
ul R ur FS L U D,6,12,72,8,2,15,4
ul R ur L D FS U,6,12,72,8,2,11,3
ul R ur L FS D U,6,12,72,8,2,13,4
ul R ur L FS U D,6,12,72,8,2,13,4
ul R ur L U FS D,6,12,72,8,2,11,3
ul R ur U L FS D,6,12,72,8,2,13,3
ul ur FS L R D U,6,12,72,8,2,17,4
ul ur FS L R U D,6,12,72,8,2,17,4
ul ur FS R L D U,6,12,72,8,2,17,4
ul ur FS R L U D,6,12,72,8,2,17,4
ul ur L D R FS U,6,12,72,8,2,11,2
ul ur L FS R D U,6,12,72,8,2,13,4
ul ur L FS R U D,6,12,72,8,2,13,4
ul ur L R D FS U,6,12,72,8,2,13,4
ul ur L R FS D U,6,12,72,8,2,15,4
ul ur L R FS U D,6,12,72,8,2,15,4
ul ur L R U FS D,6,12,72,8,2,13,4
ul ur R FS L D U,6,12,72,8,2,15,4
ul ur R FS L U D,6,12,72,8,2,15,4
ul ur R L D FS U,6,12,72,8,2,15,4
ul ur R L FS D U,6,12,72,8,2,17,4
ul ur R L FS U D,6,12,72,8,2,17,4
ul ur R L U FS D,6,12,72,8,2,15,4
ul ur R U L FS D,6,12,72,8,2,13,3
ur FS L D R ul U,6,12,72,8,2,13,3
ur FS L R D ul U,6,12,72,8,2,15,4
ur FS L R U ul D,6,12,72,8,2,15,4
ur FS L R ul D U,6,12,72,8,2,15,4
ur FS L R ul U D,6,12,72,8,2,17,4
ur FS L ul R D U,6,12,72,8,2,15,4
ur FS L ul R U D,6,12,72,8,2,15,4
ur FS R L D ul U,6,12,72,8,2,15,4
ur FS R L U ul D,6,12,72,8,2,15,4
ur FS R L ul D U,6,12,72,8,2,17,4
ur FS R L ul U D,6,12,72,8,2,19,4
ur FS R ul L D U,6,12,72,8,2,15,4
ur FS R ul L U D,6,12,72,8,2,15,4
ur FS ul L R D U,6,12,72,8,2,17,4
ur FS ul L R U D,6,12,72,8,2,17,4
ur FS ul R L D U,6,12,72,8,2,15,4
ur FS ul R L U D,6,12,72,8,2,15,4
ur L D FS R ul U,6,12,72,8,2,11,3
ur L D R FS ul U,6,12,72,8,2,11,3
ur L D R ul FS U,6,12,72,8,2,9,2
ur L D ul R FS U,6,12,72,8,2,9,2
ur L FS D R ul U,6,12,72,8,2,11,3
ur L FS R D ul U,6,12,72,8,2,11,3
ur L FS R U ul D,6,12,72,8,2,11,3
ur L FS R ul D U,6,12,72,8,2,11,4
ur L FS R ul U D,6,12,72,8,2,13,4
ur L FS ul R D U,6,12,72,8,2,11,4
ur L FS ul R U D,6,12,72,8,2,11,4
ur L R D FS ul U,6,12,72,8,2,13,4
ur L R D ul FS U,6,12,72,8,2,11,4
ur L R FS D ul U,6,12,72,8,2,13,4
ur L R FS U ul D,6,12,72,8,2,13,4
ur L R FS ul D U,6,12,72,8,2,13,4
ur L R FS ul U D,6,12,72,8,2,15,4
ur L R U FS ul D,6,12,72,8,2,11,4
ur L R U ul FS D,6,12,72,8,2,13,4
ur L R ul D FS U,6,12,72,8,2,11,4
ur L R ul FS D U,6,12,72,8,2,13,4
ur L R ul FS U D,6,12,72,8,2,13,4
ur L R ul U FS D,6,12,72,8,2,13,4
ur L ul D R FS U,6,12,72,8,2,11,3
ur L ul FS R D U,6,12,72,8,2,13,4
ur L ul FS R U D,6,12,72,8,2,13,4
ur L ul R D FS U,6,12,72,8,2,11,3
ur L ul R FS D U,6,12,72,8,2,13,4
ur L ul R FS U D,6,12,72,8,2,13,4
ur L ul R U FS D,6,12,72,8,2,11,3
ur R FS L D ul U,6,12,72,8,2,13,3
ur R FS L U ul D,6,12,72,8,2,13,3
ur R FS L ul D U,6,12,72,8,2,15,4
ur R FS L ul U D,6,12,72,8,2,17,4
ur R FS ul L D U,6,12,72,8,2,15,4
ur R FS ul L U D,6,12,72,8,2,15,4
ur R L D FS ul U,6,12,72,8,2,15,4
ur R L D ul FS U,6,12,72,8,2,13,4
ur R L FS D ul U,6,12,72,8,2,15,4
ur R L FS U ul D,6,12,72,8,2,15,4
ur R L FS ul D U,6,12,72,8,2,15,4
ur R L FS ul U D,6,12,72,8,2,17,4
ur R L U FS ul D,6,12,72,8,2,13,4
ur R L U ul FS D,6,12,72,8,2,15,4
ur R L ul D FS U,6,12,72,8,2,15,4
ur R L ul FS D U,6,12,72,8,2,17,4
ur R L ul FS U D,6,12,72,8,2,17,4
ur R L ul U FS D,6,12,72,8,2,17,4
ur R U L FS ul D,6,12,72,8,2,11,3
ur R U L ul FS D,6,12,72,8,2,13,3
ur R U ul L FS D,6,12,72,8,2,15,3
ur R ul FS L D U,6,12,72,8,2,13,4
ur R ul FS L U D,6,12,72,8,2,13,4
ur R ul L D FS U,6,12,72,8,2,13,3
ur R ul L FS D U,6,12,72,8,2,15,4
ur R ul L FS U D,6,12,72,8,2,15,4
ur R ul L U FS D,6,12,72,8,2,13,3
ur R ul U L FS D,6,12,72,8,2,13,3
ur ul FS L R D U,6,12,72,8,2,15,4
ur ul FS L R U D,6,12,72,8,2,15,4
ur ul FS R L D U,6,12,72,8,2,15,4
ur ul FS R L U D,6,12,72,8,2,15,4
ur ul L D R FS U,6,12,72,8,2,13,3
ur ul L FS R D U,6,12,72,8,2,15,4
ur ul L FS R U D,6,12,72,8,2,15,4
ur ul L R D FS U,6,12,72,8,2,15,4
ur ul L R FS D U,6,12,72,8,2,17,4
ur ul L R FS U D,6,12,72,8,2,17,4
ur ul L R U FS D,6,12,72,8,2,15,4
ur ul R FS L D U,6,12,72,8,2,13,4
ur ul R FS L U D,6,12,72,8,2,13,4
ur ul R L D FS U,6,12,72,8,2,13,4
ur ul R L FS D U,6,12,72,8,2,15,4
ur ul R L FS U D,6,12,72,8,2,15,4
ur ul R L U FS D,6,12,72,8,2,13,4
ur ul R U L FS D,6,12,72,8,2,11,2
D L U FS ul ur R,2,12,74,9,2,12,3
D L U FS ur ul R,2,12,74,9,2,12,3
D L U ul FS ur R,2,12,74,9,2,14,3
D L U ul ur FS R,2,12,74,9,2,14,3
D L U ur FS ul R,2,12,74,9,2,12,3
D L U ur ul FS R,2,12,74,9,2,12,3
D L ul U FS ur R,2,12,74,9,2,16,3
D L ul U ur FS R,2,12,74,9,2,16,3
D L ul ur U FS R,2,12,74,9,2,14,3
D L ur U FS ul R,2,12,74,9,2,10,3
D L ur U ul FS R,2,12,74,9,2,12,3
D L ur ul U FS R,2,12,74,9,2,12,3
D U L FS ul ur R,2,12,74,9,2,14,4
D U L FS ur ul R,2,12,74,9,2,14,4
D U L ul FS ur R,2,12,74,9,2,16,4
D U L ul ur FS R,2,12,74,9,2,16,4
D U L ur FS ul R,2,12,74,9,2,12,4
D U L ur ul FS R,2,12,74,9,2,12,4
D U ul L FS ur R,2,12,74,9,2,18,4
D U ul L ur FS R,2,12,74,9,2,16,4
D ul L U FS ur R,2,12,74,9,2,14,3
D ul L U ur FS R,2,12,74,9,2,14,3
D ul L ur U FS R,2,12,74,9,2,12,3
D ul U L FS ur R,2,12,74,9,2,14,3
D ul U L ur FS R,2,12,74,9,2,12,3
L D U FS ul ur R,2,12,74,9,2,14,4
L D U FS ur ul R,2,12,74,9,2,14,4
L D U ul FS ur R,2,12,74,9,2,16,4
L D U ul ur FS R,2,12,74,9,2,16,4
L D U ur FS ul R,2,12,74,9,2,14,4
L D U ur ul FS R,2,12,74,9,2,14,4
L D ul U FS ur R,2,12,74,9,2,14,3
L D ul U ur FS R,2,12,74,9,2,14,3
L D ul ur U FS R,2,12,74,9,2,12,3
L D ur U FS ul R,2,12,74,9,2,10,3
L D ur U ul FS R,2,12,74,9,2,12,3
L D ur ul U FS R,2,12,74,9,2,12,3
L U D FS ul ur R,2,12,74,9,2,14,4
L U D FS ur ul R,2,12,74,9,2,14,4
L U D ul FS ur R,2,12,74,9,2,14,4
L U D ul ur FS R,2,12,74,9,2,14,4
L U D ur FS ul R,2,12,74,9,2,12,4
L U D ur ul FS R,2,12,74,9,2,12,4
L U FS D ul ur R,2,12,74,9,2,12,3
L U FS D ur ul R,2,12,74,9,2,10,2
L U FS ul D ur R,2,12,74,9,2,10,3
L U ul D FS ur R,2,12,74,9,2,14,3
L U ul D ur FS R,2,12,74,9,2,12,3
L U ul FS D ur R,2,12,74,9,2,12,3
L ul D U FS ur R,2,12,74,9,2,16,4
L ul D U ur FS R,2,12,74,9,2,16,4
L ul D ur U FS R,2,12,74,9,2,12,3
L ul U D FS ur R,2,12,74,9,2,18,4
L ul U D ur FS R,2,12,74,9,2,16,4
L ul U FS D ur R,2,12,74,9,2,14,3
U D L FS ul ur R,2,12,74,9,2,14,4
U D L FS ur ul R,2,12,74,9,2,14,4
U D L ul FS ur R,2,12,74,9,2,16,4
U D L ul ur FS R,2,12,74,9,2,16,4
U D L ur FS ul R,2,12,74,9,2,12,4
U D L ur ul FS R,2,12,74,9,2,12,4
U D ul L FS ur R,2,12,74,9,2,16,4
U D ul L ur FS R,2,12,74,9,2,14,4
U L D FS ul ur R,2,12,74,9,2,12,3
U L D FS ur ul R,2,12,74,9,2,12,3
U L D ul FS ur R,2,12,74,9,2,12,3
U L D ul ur FS R,2,12,74,9,2,12,3
U L D ur FS ul R,2,12,74,9,2,10,3
U L D ur ul FS R,2,12,74,9,2,10,2
U L FS D ul ur R,2,12,74,9,2,12,3
U L FS D ur ul R,2,12,74,9,2,10,2
U L FS ul D ur R,2,12,74,9,2,10,3
U L ul D FS ur R,2,12,74,9,2,14,3
U L ul D ur FS R,2,12,74,9,2,12,3
U L ul FS D ur R,2,12,74,9,2,12,3
U ul D L FS ur R,2,12,74,9,2,14,3
U ul D L ur FS R,2,12,74,9,2,12,3
U ul L D FS ur R,2,12,74,9,2,16,3
U ul L D ur FS R,2,12,74,9,2,14,3
U ul L FS D ur R,2,12,74,9,2,14,3
ul D L U FS ur R,2,12,74,9,2,13,3
ul D L U ur FS R,2,12,74,9,2,13,3
ul D L ur U FS R,2,12,74,9,2,11,3
ul D U L FS ur R,2,12,74,9,2,15,4
ul D U L ur FS R,2,12,74,9,2,13,4
ul L D U FS ur R,2,12,74,9,2,17,4
ul L D U ur FS R,2,12,74,9,2,17,4
ul L D ur U FS R,2,12,74,9,2,13,3
ul L U D FS ur R,2,12,74,9,2,17,4
ul L U D ur FS R,2,12,74,9,2,15,4
ul L U FS D ur R,2,12,74,9,2,13,3
ul U D L FS ur R,2,12,74,9,2,17,4
ul U D L ur FS R,2,12,74,9,2,15,4
ul U L D FS ur R,2,12,74,9,2,15,3
ul U L D ur FS R,2,12,74,9,2,13,3
ul U L FS D ur R,2,12,74,9,2,13,3
D FS L R ul ur U,6,12,78,9,2,14,4
D FS L R ur ul U,6,12,78,9,2,16,4
D FS L ur R ul U,6,12,78,9,2,12,3
D FS R L ul ur U,6,12,78,9,2,16,4
D FS R L ur ul U,6,12,78,9,2,14,4
D FS R ul L ur U,6,12,78,9,2,12,3
D L FS R ul ur U,6,12,78,9,2,12,3
D L FS R ur ul U,6,12,78,9,2,14,3
D L FS ur R ul U,6,12,78,9,2,14,3
D L R FS ul ur U,6,12,78,9,2,14,4
D L R FS ur ul U,6,12,78,9,2,16,4
D L R ul FS ur U,6,12,78,9,2,14,4
D L R ul ur FS U,6,12,78,9,2,14,4
D L R ur FS ul U,6,12,78,9,2,16,4
D L R ur ul FS U,6,12,78,9,2,14,4
D L ul R FS ur U,6,12,78,9,2,14,3
D L ul R ur FS U,6,12,78,9,2,14,3
D L ul ur R FS U,6,12,78,9,2,14,3
D L ur FS R ul U,6,12,78,9,2,12,3
D L ur R FS ul U,6,12,78,9,2,12,3
D L ur R ul FS U,6,12,78,9,2,10,3
D L ur ul R FS U,6,12,78,9,2,10,2
D R FS L ul ur U,6,12,78,9,2,14,3
D R FS L ur ul U,6,12,78,9,2,12,3
D R FS ul L ur U,6,12,78,9,2,12,3
D R L FS ul ur U,6,12,78,9,2,14,4
D R L FS ur ul U,6,12,78,9,2,16,4
D R L ul FS ur U,6,12,78,9,2,16,4
D R L ul ur FS U,6,12,78,9,2,16,4
D R L ur FS ul U,6,12,78,9,2,14,4
D R L ur ul FS U,6,12,78,9,2,12,4
D R ul FS L ur U,6,12,78,9,2,10,3
D R ul L FS ur U,6,12,78,9,2,14,3
D R ul L ur FS U,6,12,78,9,2,12,3
D ul L R FS ur U,6,12,78,9,2,16,4
D ul L R ur FS U,6,12,78,9,2,16,4
D ul L ur R FS U,6,12,78,9,2,12,3
D ul R FS L ur U,6,12,78,9,2,10,3
D ul R L FS ur U,6,12,78,9,2,14,4
D ul R L ur FS U,6,12,78,9,2,12,4
FS D L R ul ur U,6,12,78,9,2,14,4
FS D L R ur ul U,6,12,78,9,2,16,4
FS D L ur R ul U,6,12,78,9,2,12,3
FS D R L ul ur U,6,12,78,9,2,16,4
FS D R L ur ul U,6,12,78,9,2,14,4
FS D R ul L ur U,6,12,78,9,2,12,3
FS L D R ul ur U,6,12,78,9,2,12,3
FS L D R ur ul U,6,12,78,9,2,14,3
FS L D ur R ul U,6,12,78,9,2,12,3
FS L R D ul ur U,6,12,78,9,2,14,4
FS L R D ur ul U,6,12,78,9,2,14,4
FS R D L ul ur U,6,12,78,9,2,14,3
FS R D L ur ul U,6,12,78,9,2,12,3
FS R D ul L ur U,6,12,78,9,2,12,3
FS R L D ul ur U,6,12,78,9,2,14,4
FS R L D ur ul U,6,12,78,9,2,14,4
L D FS R ul ur U,6,12,78,9,2,12,3
L D FS R ur ul U,6,12,78,9,2,14,3
L D FS ur R ul U,6,12,78,9,2,14,3
L D R FS ul ur U,6,12,78,9,2,12,3
L D R FS ur ul U,6,12,78,9,2,14,3
L D R ul FS ur U,6,12,78,9,2,12,3
L D R ul ur FS U,6,12,78,9,2,12,3
L D R ur FS ul U,6,12,78,9,2,14,3
L D R ur ul FS U,6,12,78,9,2,12,3
L D ul R FS ur U,6,12,78,9,2,12,3
L D ul R ur FS U,6,12,78,9,2,12,3
L D ul ur R FS U,6,12,78,9,2,12,3
L D ur FS R ul U,6,12,78,9,2,12,3
L D ur R FS ul U,6,12,78,9,2,12,3
L D ur R ul FS U,6,12,78,9,2,10,3
L D ur ul R FS U,6,12,78,9,2,10,2
L FS D R ul ur U,6,12,78,9,2,12,3
L FS D R ur ul U,6,12,78,9,2,14,3
L FS D ur R ul U,6,12,78,9,2,12,3
L FS R D ul ur U,6,12,78,9,2,12,3
L FS R D ur ul U,6,12,78,9,2,12,3
L R D FS ul ur U,6,12,78,9,2,14,4
L R D FS ur ul U,6,12,78,9,2,16,4
L R D ul FS ur U,6,12,78,9,2,14,4
L R D ul ur FS U,6,12,78,9,2,14,4
L R D ur FS ul U,6,12,78,9,2,14,4
L R D ur ul FS U,6,12,78,9,2,12,4
L R FS D ul ur U,6,12,78,9,2,14,4
L R FS D ur ul U,6,12,78,9,2,14,4
L R ul D FS ur U,6,12,78,9,2,14,4
L R ul D ur FS U,6,12,78,9,2,12,4
L ul D R FS ur U,6,12,78,9,2,14,3
L ul D R ur FS U,6,12,78,9,2,14,3
L ul D ur R FS U,6,12,78,9,2,12,3
L ul R D FS ur U,6,12,78,9,2,14,3
L ul R D ur FS U,6,12,78,9,2,12,3
R D FS L ul ur U,6,12,78,9,2,14,3
R D FS L ur ul U,6,12,78,9,2,12,3
R D FS ul L ur U,6,12,78,9,2,12,3
R D L FS ul ur U,6,12,78,9,2,12,3
R D L FS ur ul U,6,12,78,9,2,14,3
R D L ul FS ur U,6,12,78,9,2,14,3
R D L ul ur FS U,6,12,78,9,2,14,3
R D L ur FS ul U,6,12,78,9,2,12,3
R D L ur ul FS U,6,12,78,9,2,10,2
R D ul FS L ur U,6,12,78,9,2,10,3
R D ul L FS ur U,6,12,78,9,2,14,3
R D ul L ur FS U,6,12,78,9,2,12,3
R FS D L ul ur U,6,12,78,9,2,14,3
R FS D L ur ul U,6,12,78,9,2,12,3
R FS D ul L ur U,6,12,78,9,2,12,3
R FS L D ul ur U,6,12,78,9,2,12,3
R FS L D ur ul U,6,12,78,9,2,12,3
R L D FS ul ur U,6,12,78,9,2,14,4
R L D FS ur ul U,6,12,78,9,2,16,4
R L D ul FS ur U,6,12,78,9,2,14,4
R L D ul ur FS U,6,12,78,9,2,14,4
R L D ur FS ul U,6,12,78,9,2,14,4
R L D ur ul FS U,6,12,78,9,2,12,4
R L FS D ul ur U,6,12,78,9,2,14,4
R L FS D ur ul U,6,12,78,9,2,14,4
R L ul D FS ur U,6,12,78,9,2,16,4
R L ul D ur FS U,6,12,78,9,2,14,4
R ul D FS L ur U,6,12,78,9,2,10,3
R ul D L FS ur U,6,12,78,9,2,12,3
R ul D L ur FS U,6,12,78,9,2,10,3
R ul L D FS ur U,6,12,78,9,2,14,3
R ul L D ur FS U,6,12,78,9,2,12,3
ul D L R FS ur U,6,12,78,9,2,15,4
ul D L R ur FS U,6,12,78,9,2,15,4
ul D L ur R FS U,6,12,78,9,2,11,3
ul D R FS L ur U,6,12,78,9,2,11,3
ul D R L FS ur U,6,12,78,9,2,15,4
ul D R L ur FS U,6,12,78,9,2,13,4
ul L D R FS ur U,6,12,78,9,2,15,3
ul L D R ur FS U,6,12,78,9,2,15,3
ul L D ur R FS U,6,12,78,9,2,13,3
ul L R D FS ur U,6,12,78,9,2,17,4
ul L R D ur FS U,6,12,78,9,2,15,4
ul R D FS L ur U,6,12,78,9,2,11,3
ul R D L FS ur U,6,12,78,9,2,13,3
ul R D L ur FS U,6,12,78,9,2,11,3
ul R L D FS ur U,6,12,78,9,2,15,4
ul R L D ur FS U,6,12,78,9,2,13,4
